timestamp,frame_type,frame_subtype,source_mac,destination_mac,receiver_mac,transmitter_mac,bssid,ssid,rssi,channel,frequency,is_protected,retry
1778943449.2121987,management,beacon,d8:d7:75:45:81:24,ff:ff:ff:ff:ff:ff,ff:ff:ff:ff:ff:ff,d8:d7:75:45:81:24,d8:d7:75:45:81:24,FunBox2-8124,-48,1,2412,False,False
1778943449.3152971,management,beacon,d8:d7:75:45:81:24,ff:ff:ff:ff:ff:ff,ff:ff:ff:ff:ff:ff,d8:d7:75:45:81:24,d8:d7:75:45:81:24,FunBox2-8124,-48,1,2412,False,False
1778943449.4176598,management,beacon,d8:d7:75:45:81:24,ff:ff:ff:ff:ff:ff,ff:ff:ff:ff:ff:ff,d8:d7:75:45:81:24,d8:d7:75:45:81:24,FunBox2-8124,-48,1,2412,False,False
1778943449.5199654,management,beacon,d8:d7:75:45:81:24,ff:ff:ff:ff:ff:ff,ff:ff:ff:ff:ff:ff,d8:d7:75:45:81:24,d8:d7:75:45:81:24,FunBox2-8124,-40,1,2412,False,False
1778943449.6142457,data,null_data,50:02:91:e8:18:ec,d8:d7:75:45:81:24,d8:d7:75:45:81:24,50:02:91:e8:18:ec,d8:d7:75:45:81:24,,-81,1,2412,False,False
1778943449.614783,data,null_data,50:02:91:e8:18:ec,d8:d7:75:45:81:24,d8:d7:75:45:81:24,50:02:91:e8:18:ec,d8:d7:75:45:81:24,,-81,1,2412,False,True
1778943449.615308,data,null_data,50:02:91:e8:18:ec,d8:d7:75:45:81:24,d8:d7:75:45:81:24,50:02:91:e8:18:ec,d8:d7:75:45:81:24,,-82,1,2412,False,True
1778943449.6153138,control,ack,,50:02:91:e8:18:ec,50:02:91:e8:18:ec,,,,-43,1,2412,False,False
1778943449.7242413,management,beacon,d8:d7:75:45:81:24,ff:ff:ff:ff:ff:ff,ff:ff:ff:ff:ff:ff,d8:d7:75:45:81:24,d8:d7:75:45:81:24,FunBox2-8124,-49,1,2412,False,False
1778943449.7764328,data,null_data,50:02:91:e8:18:ec,d8:d7:75:45:81:24,d8:d7:75:45:81:24,50:02:91:e8:18:ec,d8:d7:75:45:81:24,,-82,1,2412,False,True
1778943449.7764456,control,ack,,50:02:91:e8:18:ec,50:02:91:e8:18:ec,,,,-52,1,2412,False,False
1778943449.827012,management,beacon,d8:d7:75:45:81:24,ff:ff:ff:ff:ff:ff,ff:ff:ff:ff:ff:ff,d8:d7:75:45:81:24,d8:d7:75:45:81:24,FunBox2-8124,-43,1,2412,False,False
1778943449.929307,management,beacon,d8:d7:75:45:81:24,ff:ff:ff:ff:ff:ff,ff:ff:ff:ff:ff:ff,d8:d7:75:45:81:24,d8:d7:75:45:81:24,FunBox2-8124,-48,1,2412,False,False
1778943450.0316398,management,beacon,d8:d7:75:45:81:24,ff:ff:ff:ff:ff:ff,ff:ff:ff:ff:ff:ff,d8:d7:75:45:81:24,d8:d7:75:45:81:24,FunBox2-8124,-41,1,2412,False,False
1778943450.1349926,data,data,d8:d7:75:45:81:24,01:00:5e:00:00:01,01:00:5e:00:00:01,d8:d7:75:45:81:24,d8:d7:75:45:81:24,,-47,1,2412,True,False
1778943450.135307,control,ack,,d8:d7:75:45:81:24,d8:d7:75:45:81:24,,,,-83,1,2412,False,False
1778943450.135484,control,ack,,50:02:91:e8:18:ec,50:02:91:e8:18:ec,,,,-52,1,2412,False,False
1778943450.2363317,management,beacon,d8:d7:75:45:81:24,ff:ff:ff:ff:ff:ff,ff:ff:ff:ff:ff:ff,d8:d7:75:45:81:24,d8:d7:75:45:81:24,FunBox2-8124,-41,1,2412,False,False
1778943450.2969353,data,null_data,50:02:91:e8:18:ec,d8:d7:75:45:81:24,d8:d7:75:45:81:24,50:02:91:e8:18:ec,d8:d7:75:45:81:24,,-81,1,2412,False,False
1778943450.296942,control,ack,,50:02:91:e8:18:ec,50:02:91:e8:18:ec,,,,-44,1,2412,False,False
1778943450.3386865,management,beacon,d8:d7:75:45:81:24,ff:ff:ff:ff:ff:ff,ff:ff:ff:ff:ff:ff,d8:d7:75:45:81:24,d8:d7:75:45:81:24,FunBox2-8124,-41,1,2412,False,False
1778943450.4410372,management,beacon,d8:d7:75:45:81:24,ff:ff:ff:ff:ff:ff,ff:ff:ff:ff:ff:ff,d8:d7:75:45:81:24,d8:d7:75:45:81:24,FunBox2-8124,-43,1,2412,False,False
1778943450.481765,data,null_data,b0:72:bf:fa:5a:d5,70:0b:01:45:f0:90,70:0b:01:45:f0:90,b0:72:bf:fa:5a:d5,70:0b:01:45:f0:90,,-88,1,2412,False,True
1778943450.484146,data,null_data,b0:72:bf:fa:5a:d5,70:0b:01:45:f0:90,70:0b:01:45:f0:90,b0:72:bf:fa:5a:d5,70:0b:01:45:f0:90,,-91,1,2412,False,True
1778943450.4892795,control,ack,,70:0b:01:45:f0:90,70:0b:01:45:f0:90,,,,-91,1,2412,False,False
1778943450.54343,management,beacon,d8:d7:75:45:81:24,ff:ff:ff:ff:ff:ff,ff:ff:ff:ff:ff:ff,d8:d7:75:45:81:24,d8:d7:75:45:81:24,FunBox2-8124,-42,1,2412,False,False
1778943450.6464696,management,beacon,d8:d7:75:45:81:24,ff:ff:ff:ff:ff:ff,ff:ff:ff:ff:ff:ff,d8:d7:75:45:81:24,d8:d7:75:45:81:24,FunBox2-8124,-42,1,2412,False,False
1778943450.7482827,management,beacon,d8:d7:75:45:81:24,ff:ff:ff:ff:ff:ff,ff:ff:ff:ff:ff:ff,d8:d7:75:45:81:24,d8:d7:75:45:81:24,FunBox2-8124,-40,1,2412,False,False
1778943450.8506415,management,beacon,d8:d7:75:45:81:24,ff:ff:ff:ff:ff:ff,ff:ff:ff:ff:ff:ff,d8:d7:75:45:81:24,d8:d7:75:45:81:24,FunBox2-8124,-41,1,2412,False,False
1778943450.9530547,management,beacon,d8:d7:75:45:81:24,ff:ff:ff:ff:ff:ff,ff:ff:ff:ff:ff:ff,d8:d7:75:45:81:24,d8:d7:75:45:81:24,FunBox2-8124,-41,1,2412,False,False
1778943451.0554495,management,beacon,d8:d7:75:45:81:24,ff:ff:ff:ff:ff:ff,ff:ff:ff:ff:ff:ff,d8:d7:75:45:81:24,d8:d7:75:45:81:24,FunBox2-8124,-50,1,2412,False,False
1778943451.1578276,management,beacon,d8:d7:75:45:81:24,ff:ff:ff:ff:ff:ff,ff:ff:ff:ff:ff:ff,d8:d7:75:45:81:24,d8:d7:75:45:81:24,FunBox2-8124,-40,1,2412,False,False
1778943451.2602975,management,beacon,d8:d7:75:45:81:24,ff:ff:ff:ff:ff:ff,ff:ff:ff:ff:ff:ff,d8:d7:75:45:81:24,d8:d7:75:45:81:24,FunBox2-8124,-41,1,2412,False,False
1778943451.3627071,management,beacon,d8:d7:75:45:81:24,ff:ff:ff:ff:ff:ff,ff:ff:ff:ff:ff:ff,d8:d7:75:45:81:24,d8:d7:75:45:81:24,FunBox2-8124,-40,1,2412,False,False
1778943451.46507,management,beacon,d8:d7:75:45:81:24,ff:ff:ff:ff:ff:ff,ff:ff:ff:ff:ff:ff,d8:d7:75:45:81:24,d8:d7:75:45:81:24,FunBox2-8124,-41,1,2412,False,False
1778943451.5674548,management,beacon,d8:d7:75:45:81:24,ff:ff:ff:ff:ff:ff,ff:ff:ff:ff:ff:ff,d8:d7:75:45:81:24,d8:d7:75:45:81:24,FunBox2-8124,-42,1,2412,False,False
1778943451.772264,management,beacon,d8:d7:75:45:81:24,ff:ff:ff:ff:ff:ff,ff:ff:ff:ff:ff:ff,d8:d7:75:45:81:24,d8:d7:75:45:81:24,FunBox2-8124,-48,1,2412,False,False
1778943451.8746629,management,beacon,d8:d7:75:45:81:24,ff:ff:ff:ff:ff:ff,ff:ff:ff:ff:ff:ff,d8:d7:75:45:81:24,d8:d7:75:45:81:24,FunBox2-8124,-41,1,2412,False,False
1778943451.9770937,management,beacon,d8:d7:75:45:81:24,ff:ff:ff:ff:ff:ff,ff:ff:ff:ff:ff:ff,d8:d7:75:45:81:24,d8:d7:75:45:81:24,FunBox2-8124,-43,1,2412,False,False
1778943452.079472,management,beacon,d8:d7:75:45:81:24,ff:ff:ff:ff:ff:ff,ff:ff:ff:ff:ff:ff,d8:d7:75:45:81:24,d8:d7:75:45:81:24,FunBox2-8124,-48,1,2412,False,False
1778943452.286591,management,beacon,d8:d7:75:45:81:24,ff:ff:ff:ff:ff:ff,ff:ff:ff:ff:ff:ff,d8:d7:75:45:81:24,d8:d7:75:45:81:24,FunBox2-8124,-43,1,2412,False,False
1778943452.2877889,data,null_data,50:02:91:e8:18:ec,d8:d7:75:45:81:24,d8:d7:75:45:81:24,50:02:91:e8:18:ec,d8:d7:75:45:81:24,,-82,1,2412,False,False
1778943452.2877955,control,ack,,50:02:91:e8:18:ec,50:02:91:e8:18:ec,,,,-43,1,2412,False,False
1778943452.3866856,management,beacon,d8:d7:75:45:81:24,ff:ff:ff:ff:ff:ff,ff:ff:ff:ff:ff:ff,d8:d7:75:45:81:24,d8:d7:75:45:81:24,FunBox2-8124,-43,1,2412,False,False
1778943452.4488235,data,null_data,50:02:91:e8:18:ec,d8:d7:75:45:81:24,d8:d7:75:45:81:24,50:02:91:e8:18:ec,d8:d7:75:45:81:24,,-81,1,2412,False,False
1778943452.44884,data,null_data,50:02:91:e8:18:ec,d8:d7:75:45:81:24,d8:d7:75:45:81:24,50:02:91:e8:18:ec,d8:d7:75:45:81:24,,-81,1,2412,False,True
1778943452.448843,control,ack,,50:02:91:e8:18:ec,50:02:91:e8:18:ec,,,,-52,1,2412,False,False
1778943452.4491916,data,null_data,50:02:91:e8:18:ec,d8:d7:75:45:81:24,d8:d7:75:45:81:24,50:02:91:e8:18:ec,d8:d7:75:45:81:24,,-83,1,2412,False,True
1778943452.4491959,control,ack,,50:02:91:e8:18:ec,50:02:91:e8:18:ec,,,,-49,1,2412,False,False
1778943452.4599254,management,probe_request,be:37:d8:1b:5f:21,ff:ff:ff:ff:ff:ff,ff:ff:ff:ff:ff:ff,be:37:d8:1b:5f:21,ff:ff:ff:ff:ff:ff,<hidden>,-30,1,2412,False,False
1778943452.4631765,management,probe_response,d8:d7:75:45:81:24,be:37:d8:1b:5f:21,be:37:d8:1b:5f:21,d8:d7:75:45:81:24,d8:d7:75:45:81:24,FunBox2-8124,-50,1,2412,False,False
1778943452.4634867,control,ack,,d8:d7:75:45:81:24,d8:d7:75:45:81:24,,,,-30,1,2412,False,False
1778943452.4890938,management,beacon,d8:d7:75:45:81:24,ff:ff:ff:ff:ff:ff,ff:ff:ff:ff:ff:ff,d8:d7:75:45:81:24,d8:d7:75:45:81:24,FunBox2-8124,-47,1,2412,False,False
1778943452.5279315,management,probe_request,be:37:d8:1b:5f:21,ff:ff:ff:ff:ff:ff,ff:ff:ff:ff:ff:ff,be:37:d8:1b:5f:21,ff:ff:ff:ff:ff:ff,<hidden>,-31,1,2412,False,False
1778943452.5915167,management,beacon,d8:d7:75:45:81:24,ff:ff:ff:ff:ff:ff,ff:ff:ff:ff:ff:ff,d8:d7:75:45:81:24,d8:d7:75:45:81:24,FunBox2-8124,-41,1,2412,False,False
1778943452.5925226,data,data,d8:d7:75:45:81:24,ff:ff:ff:ff:ff:ff,ff:ff:ff:ff:ff:ff,d8:d7:75:45:81:24,d8:d7:75:45:81:24,,-42,1,2412,True,False
1778943452.5932071,control,ack,,50:02:91:e8:18:ec,50:02:91:e8:18:ec,,,,-44,1,2412,False,False
1778943452.5932095,data,null_data,50:02:91:e8:18:ec,d8:d7:75:45:81:24,d8:d7:75:45:81:24,50:02:91:e8:18:ec,d8:d7:75:45:81:24,,-81,1,2412,False,True
1778943452.5932107,control,ack,,50:02:91:e8:18:ec,50:02:91:e8:18:ec,,,,-51,1,2412,False,False
1778943452.593854,control,ack,,50:02:91:e8:18:ec,50:02:91:e8:18:ec,,,,-52,1,2412,False,False
1778943452.5955625,control,rts,50:02:91:e8:18:ec,d8:d7:75:45:81:24,d8:d7:75:45:81:24,50:02:91:e8:18:ec,,,-80,1,2412,False,False
1778943452.595564,control,cts,,50:02:91:e8:18:ec,50:02:91:e8:18:ec,,,,-51,1,2412,False,False
1778943452.5961792,control,rts,50:02:91:e8:18:ec,d8:d7:75:45:81:24,d8:d7:75:45:81:24,50:02:91:e8:18:ec,,,-81,1,2412,False,False
1778943452.59618,control,cts,,50:02:91:e8:18:ec,50:02:91:e8:18:ec,,,,-51,1,2412,False,False
1778943452.5961812,data,data,50:02:91:e8:18:ec,d8:d7:75:45:81:24,d8:d7:75:45:81:24,50:02:91:e8:18:ec,d8:d7:75:45:81:24,,-83,1,2412,True,True
1778943452.596182,control,ack,,50:02:91:e8:18:ec,50:02:91:e8:18:ec,,,,-51,1,2412,False,False
1778943452.6590738,management,probe_response,d8:d7:75:45:81:24,be:37:d8:1b:5f:21,be:37:d8:1b:5f:21,d8:d7:75:45:81:24,d8:d7:75:45:81:24,FunBox2-8124,-48,1,2412,False,False
1778943452.662799,management,probe_response,d8:d7:75:45:81:24,be:37:d8:1b:5f:21,be:37:d8:1b:5f:21,d8:d7:75:45:81:24,d8:d7:75:45:81:24,FunBox2-8124,-47,1,2412,False,True
1778943452.6669068,management,probe_response,d8:d7:75:45:81:24,be:37:d8:1b:5f:21,be:37:d8:1b:5f:21,d8:d7:75:45:81:24,d8:d7:75:45:81:24,FunBox2-8124,-47,1,2412,False,True
1778943452.6705513,management,probe_response,d8:d7:75:45:81:24,be:37:d8:1b:5f:21,be:37:d8:1b:5f:21,d8:d7:75:45:81:24,d8:d7:75:45:81:24,FunBox2-8124,-46,1,2412,False,True
1778943452.6938913,management,beacon,d8:d7:75:45:81:24,ff:ff:ff:ff:ff:ff,ff:ff:ff:ff:ff:ff,d8:d7:75:45:81:24,d8:d7:75:45:81:24,FunBox2-8124,-48,1,2412,False,False
1778943452.757231,data,null_data,50:02:91:e8:18:ec,d8:d7:75:45:81:24,d8:d7:75:45:81:24,50:02:91:e8:18:ec,d8:d7:75:45:81:24,,-82,1,2412,False,False
1778943452.757239,control,ack,,50:02:91:e8:18:ec,50:02:91:e8:18:ec,,,,-48,1,2412,False,False
1778943452.7963011,management,beacon,d8:d7:75:45:81:24,ff:ff:ff:ff:ff:ff,ff:ff:ff:ff:ff:ff,d8:d7:75:45:81:24,d8:d7:75:45:81:24,FunBox2-8124,-42,1,2412,False,False
1778943452.8173256,management,probe_request,ce:15:12:f9:3d:93,ff:ff:ff:ff:ff:ff,ff:ff:ff:ff:ff:ff,ce:15:12:f9:3d:93,ff:ff:ff:ff:ff:ff,<hidden>,-45,1,2412,False,False
1778943452.8205538,management,probe_response,d8:d7:75:45:81:24,ce:15:12:f9:3d:93,ce:15:12:f9:3d:93,d8:d7:75:45:81:24,d8:d7:75:45:81:24,FunBox2-8124,-44,1,2412,False,False
1778943452.820868,control,ack,,d8:d7:75:45:81:24,d8:d7:75:45:81:24,,,,-43,1,2412,False,False
1778943452.8409677,management,probe_response,d8:d7:75:45:81:24,ce:15:12:f9:3d:93,ce:15:12:f9:3d:93,d8:d7:75:45:81:24,d8:d7:75:45:81:24,FunBox2-8124,-41,1,2412,False,False
1778943452.841213,control,ack,,d8:d7:75:45:81:24,d8:d7:75:45:81:24,,,,-49,1,2412,False,False
1778943452.8506014,management,probe_request,be:37:d8:1b:5f:21,ff:ff:ff:ff:ff:ff,ff:ff:ff:ff:ff:ff,be:37:d8:1b:5f:21,ff:ff:ff:ff:ff:ff,<hidden>,-78,1,2412,False,False
1778943452.898717,management,beacon,d8:d7:75:45:81:24,ff:ff:ff:ff:ff:ff,ff:ff:ff:ff:ff:ff,d8:d7:75:45:81:24,d8:d7:75:45:81:24,FunBox2-8124,-44,1,2412,False,False
1778943453.001152,management,beacon,d8:d7:75:45:81:24,ff:ff:ff:ff:ff:ff,ff:ff:ff:ff:ff:ff,d8:d7:75:45:81:24,d8:d7:75:45:81:24,FunBox2-8124,-41,1,2412,False,False
1778943453.0628283,data,qos_null,d8:d7:75:45:81:24,54:35:30:cf:ee:1e,54:35:30:cf:ee:1e,d8:d7:75:45:81:24,d8:d7:75:45:81:24,,-41,1,2412,False,False
1778943453.0631042,control,ack,,d8:d7:75:45:81:24,d8:d7:75:45:81:24,,,,-51,1,2412,False,False
1778943453.1034985,management,beacon,d8:d7:75:45:81:24,ff:ff:ff:ff:ff:ff,ff:ff:ff:ff:ff:ff,d8:d7:75:45:81:24,d8:d7:75:45:81:24,FunBox2-8124,-40,1,2412,False,False
1778943453.2059176,management,beacon,d8:d7:75:45:81:24,ff:ff:ff:ff:ff:ff,ff:ff:ff:ff:ff:ff,d8:d7:75:45:81:24,d8:d7:75:45:81:24,FunBox2-8124,-42,1,2412,False,False
1778943453.207541,data,data,d8:d7:75:45:81:24,01:00:5e:00:00:fb,01:00:5e:00:00:fb,d8:d7:75:45:81:24,e6:12:a8:93:5a:78,,-41,1,2412,True,False
1778943453.2080162,control,ack,,d8:d7:75:45:81:24,d8:d7:75:45:81:24,,,,-83,1,2412,False,False
1778943453.2080193,data,null_data,50:02:91:e8:18:ec,d8:d7:75:45:81:24,d8:d7:75:45:81:24,50:02:91:e8:18:ec,d8:d7:75:45:81:24,,-80,1,2412,False,False
1778943453.208021,control,ack,,50:02:91:e8:18:ec,50:02:91:e8:18:ec,,,,-50,1,2412,False,False
1778943453.2097526,data,data,d8:d7:75:45:81:24,33:33:00:00:00:fb,33:33:00:00:00:fb,d8:d7:75:45:81:24,e6:12:a8:93:5a:78,,-46,1,2412,True,False
1778943453.2100542,control,ack,,d8:d7:75:45:81:24,d8:d7:75:45:81:24,,,,-80,1,2412,False,False
1778943453.3083794,management,beacon,d8:d7:75:45:81:24,ff:ff:ff:ff:ff:ff,ff:ff:ff:ff:ff:ff,d8:d7:75:45:81:24,d8:d7:75:45:81:24,FunBox2-8124,-49,1,2412,False,False
1778943453.370505,data,null_data,50:02:91:e8:18:ec,d8:d7:75:45:81:24,d8:d7:75:45:81:24,50:02:91:e8:18:ec,d8:d7:75:45:81:24,,-81,1,2412,False,False
1778943453.3705163,control,ack,,50:02:91:e8:18:ec,50:02:91:e8:18:ec,,,,-49,1,2412,False,False
1778943453.4107215,management,beacon,d8:d7:75:45:81:24,ff:ff:ff:ff:ff:ff,ff:ff:ff:ff:ff:ff,d8:d7:75:45:81:24,d8:d7:75:45:81:24,FunBox2-8124,-40,1,2412,False,False
1778943453.5131679,management,beacon,d8:d7:75:45:81:24,ff:ff:ff:ff:ff:ff,ff:ff:ff:ff:ff:ff,d8:d7:75:45:81:24,d8:d7:75:45:81:24,FunBox2-8124,-45,1,2412,False,False
1778943453.615553,management,beacon,d8:d7:75:45:81:24,ff:ff:ff:ff:ff:ff,ff:ff:ff:ff:ff:ff,d8:d7:75:45:81:24,d8:d7:75:45:81:24,FunBox2-8124,-41,1,2412,False,False
1778943453.7179463,management,beacon,d8:d7:75:45:81:24,ff:ff:ff:ff:ff:ff,ff:ff:ff:ff:ff:ff,d8:d7:75:45:81:24,d8:d7:75:45:81:24,FunBox2-8124,-41,1,2412,False,False
1778943453.820347,management,beacon,d8:d7:75:45:81:24,ff:ff:ff:ff:ff:ff,ff:ff:ff:ff:ff:ff,d8:d7:75:45:81:24,d8:d7:75:45:81:24,FunBox2-8124,-40,1,2412,False,False
1778943453.9227548,management,beacon,d8:d7:75:45:81:24,ff:ff:ff:ff:ff:ff,ff:ff:ff:ff:ff:ff,d8:d7:75:45:81:24,d8:d7:75:45:81:24,FunBox2-8124,-42,1,2412,False,False
1778943454.0251606,management,beacon,d8:d7:75:45:81:24,ff:ff:ff:ff:ff:ff,ff:ff:ff:ff:ff:ff,d8:d7:75:45:81:24,d8:d7:75:45:81:24,FunBox2-8124,-45,1,2412,False,False
1778943454.127605,management,beacon,d8:d7:75:45:81:24,ff:ff:ff:ff:ff:ff,ff:ff:ff:ff:ff:ff,d8:d7:75:45:81:24,d8:d7:75:45:81:24,FunBox2-8124,-42,1,2412,False,False
1778943454.2299852,management,beacon,d8:d7:75:45:81:24,ff:ff:ff:ff:ff:ff,ff:ff:ff:ff:ff:ff,d8:d7:75:45:81:24,d8:d7:75:45:81:24,FunBox2-8124,-44,1,2412,False,False
1778943454.3323476,management,beacon,d8:d7:75:45:81:24,ff:ff:ff:ff:ff:ff,ff:ff:ff:ff:ff:ff,d8:d7:75:45:81:24,d8:d7:75:45:81:24,FunBox2-8124,-44,1,2412,False,False
1778943454.43477,management,beacon,d8:d7:75:45:81:24,ff:ff:ff:ff:ff:ff,ff:ff:ff:ff:ff:ff,d8:d7:75:45:81:24,d8:d7:75:45:81:24,FunBox2-8124,-45,1,2412,False,False
1778943454.5371597,management,beacon,d8:d7:75:45:81:24,ff:ff:ff:ff:ff:ff,ff:ff:ff:ff:ff:ff,d8:d7:75:45:81:24,d8:d7:75:45:81:24,FunBox2-8124,-41,1,2412,False,False
1778943454.639578,management,beacon,d8:d7:75:45:81:24,ff:ff:ff:ff:ff:ff,ff:ff:ff:ff:ff:ff,d8:d7:75:45:81:24,d8:d7:75:45:81:24,FunBox2-8124,-44,1,2412,False,False
1778943454.7419834,management,beacon,d8:d7:75:45:81:24,ff:ff:ff:ff:ff:ff,ff:ff:ff:ff:ff:ff,d8:d7:75:45:81:24,d8:d7:75:45:81:24,FunBox2-8124,-48,1,2412,False,False
1778943454.844421,management,beacon,d8:d7:75:45:81:24,ff:ff:ff:ff:ff:ff,ff:ff:ff:ff:ff:ff,d8:d7:75:45:81:24,d8:d7:75:45:81:24,FunBox2-8124,-41,1,2412,False,False
1778943454.946809,management,beacon,d8:d7:75:45:81:24,ff:ff:ff:ff:ff:ff,ff:ff:ff:ff:ff:ff,d8:d7:75:45:81:24,d8:d7:75:45:81:24,FunBox2-8124,-42,1,2412,False,False
1778943455.050366,data,null_data,50:02:91:e8:18:ec,d8:d7:75:45:81:24,d8:d7:75:45:81:24,50:02:91:e8:18:ec,d8:d7:75:45:81:24,,-81,1,2412,False,False
1778943455.050377,control,ack,,50:02:91:e8:18:ec,50:02:91:e8:18:ec,,,,-44,1,2412,False,False
1778943455.1515756,management,beacon,d8:d7:75:45:81:24,ff:ff:ff:ff:ff:ff,ff:ff:ff:ff:ff:ff,d8:d7:75:45:81:24,d8:d7:75:45:81:24,FunBox2-8124,-46,1,2412,False,False
1778943455.2112193,data,null_data,50:02:91:e8:18:ec,d8:d7:75:45:81:24,d8:d7:75:45:81:24,50:02:91:e8:18:ec,d8:d7:75:45:81:24,,-82,1,2412,False,False
1778943455.2112281,control,ack,,50:02:91:e8:18:ec,50:02:91:e8:18:ec,,,,-51,1,2412,False,False
1778943455.2540154,management,beacon,d8:d7:75:45:81:24,ff:ff:ff:ff:ff:ff,ff:ff:ff:ff:ff:ff,d8:d7:75:45:81:24,d8:d7:75:45:81:24,FunBox2-8124,-42,1,2412,False,False
1778943455.3564188,management,beacon,d8:d7:75:45:81:24,ff:ff:ff:ff:ff:ff,ff:ff:ff:ff:ff:ff,d8:d7:75:45:81:24,d8:d7:75:45:81:24,FunBox2-8124,-40,1,2412,False,False
1778943455.458837,management,beacon,d8:d7:75:45:81:24,ff:ff:ff:ff:ff:ff,ff:ff:ff:ff:ff:ff,d8:d7:75:45:81:24,d8:d7:75:45:81:24,FunBox2-8124,-41,1,2412,False,False
1778943455.663633,management,beacon,d8:d7:75:45:81:24,ff:ff:ff:ff:ff:ff,ff:ff:ff:ff:ff:ff,d8:d7:75:45:81:24,d8:d7:75:45:81:24,FunBox2-8124,-41,1,2412,False,False
1778943455.7660284,management,beacon,d8:d7:75:45:81:24,ff:ff:ff:ff:ff:ff,ff:ff:ff:ff:ff:ff,d8:d7:75:45:81:24,d8:d7:75:45:81:24,FunBox2-8124,-46,1,2412,False,False
1778943455.8684764,management,beacon,d8:d7:75:45:81:24,ff:ff:ff:ff:ff:ff,ff:ff:ff:ff:ff:ff,d8:d7:75:45:81:24,d8:d7:75:45:81:24,FunBox2-8124,-48,1,2412,False,False
1778943455.9708457,management,beacon,d8:d7:75:45:81:24,ff:ff:ff:ff:ff:ff,ff:ff:ff:ff:ff:ff,d8:d7:75:45:81:24,d8:d7:75:45:81:24,FunBox2-8124,-46,1,2412,False,False
1778943456.1756577,management,beacon,d8:d7:75:45:81:24,ff:ff:ff:ff:ff:ff,ff:ff:ff:ff:ff:ff,d8:d7:75:45:81:24,d8:d7:75:45:81:24,FunBox2-8124,-40,1,2412,False,False
1778943456.2780495,management,beacon,d8:d7:75:45:81:24,ff:ff:ff:ff:ff:ff,ff:ff:ff:ff:ff:ff,d8:d7:75:45:81:24,d8:d7:75:45:81:24,FunBox2-8124,-43,1,2412,False,False
1778943456.3804479,management,beacon,d8:d7:75:45:81:24,ff:ff:ff:ff:ff:ff,ff:ff:ff:ff:ff:ff,d8:d7:75:45:81:24,d8:d7:75:45:81:24,FunBox2-8124,-47,1,2412,False,False
1778943456.4828908,management,beacon,d8:d7:75:45:81:24,ff:ff:ff:ff:ff:ff,ff:ff:ff:ff:ff:ff,d8:d7:75:45:81:24,d8:d7:75:45:81:24,FunBox2-8124,-41,1,2412,False,False
1778943456.586545,data,null_data,50:02:91:e8:18:ec,d8:d7:75:45:81:24,d8:d7:75:45:81:24,50:02:91:e8:18:ec,d8:d7:75:45:81:24,,-83,1,2412,False,False
1778943456.5865595,control,ack,,50:02:91:e8:18:ec,50:02:91:e8:18:ec,,,,-43,1,2412,False,False
1778943456.6876929,management,beacon,d8:d7:75:45:81:24,ff:ff:ff:ff:ff:ff,ff:ff:ff:ff:ff:ff,d8:d7:75:45:81:24,d8:d7:75:45:81:24,FunBox2-8124,-44,1,2412,False,False
1778943456.7474113,data,null_data,50:02:91:e8:18:ec,d8:d7:75:45:81:24,d8:d7:75:45:81:24,50:02:91:e8:18:ec,d8:d7:75:45:81:24,,-81,1,2412,False,False
1778943456.7474263,control,ack,,50:02:91:e8:18:ec,50:02:91:e8:18:ec,,,,-44,1,2412,False,False
1778943456.7900653,management,beacon,d8:d7:75:45:81:24,ff:ff:ff:ff:ff:ff,ff:ff:ff:ff:ff:ff,d8:d7:75:45:81:24,d8:d7:75:45:81:24,FunBox2-8124,-41,1,2412,False,False
1778943456.8925045,management,beacon,d8:d7:75:45:81:24,ff:ff:ff:ff:ff:ff,ff:ff:ff:ff:ff:ff,d8:d7:75:45:81:24,d8:d7:75:45:81:24,FunBox2-8124,-41,1,2412,False,False
1778943456.9949162,management,beacon,d8:d7:75:45:81:24,ff:ff:ff:ff:ff:ff,ff:ff:ff:ff:ff:ff,d8:d7:75:45:81:24,d8:d7:75:45:81:24,FunBox2-8124,-41,1,2412,False,False
1778943457.199668,management,beacon,d8:d7:75:45:81:24,ff:ff:ff:ff:ff:ff,ff:ff:ff:ff:ff:ff,d8:d7:75:45:81:24,d8:d7:75:45:81:24,FunBox2-8124,-43,1,2412,False,False
1778943457.3021345,management,beacon,d8:d7:75:45:81:24,ff:ff:ff:ff:ff:ff,ff:ff:ff:ff:ff:ff,d8:d7:75:45:81:24,d8:d7:75:45:81:24,FunBox2-8124,-43,1,2412,False,False
1778943457.4044878,management,beacon,d8:d7:75:45:81:24,ff:ff:ff:ff:ff:ff,ff:ff:ff:ff:ff:ff,d8:d7:75:45:81:24,d8:d7:75:45:81:24,FunBox2-8124,-46,1,2412,False,False
1778943457.5068896,management,beacon,d8:d7:75:45:81:24,ff:ff:ff:ff:ff:ff,ff:ff:ff:ff:ff:ff,d8:d7:75:45:81:24,d8:d7:75:45:81:24,FunBox2-8124,-41,1,2412,False,False
1778943457.7117016,management,beacon,d8:d7:75:45:81:24,ff:ff:ff:ff:ff:ff,ff:ff:ff:ff:ff:ff,d8:d7:75:45:81:24,d8:d7:75:45:81:24,FunBox2-8124,-41,1,2412,False,False
1778943457.8141057,management,beacon,d8:d7:75:45:81:24,ff:ff:ff:ff:ff:ff,ff:ff:ff:ff:ff:ff,d8:d7:75:45:81:24,d8:d7:75:45:81:24,FunBox2-8124,-41,1,2412,False,False
1778943457.9165237,management,beacon,d8:d7:75:45:81:24,ff:ff:ff:ff:ff:ff,ff:ff:ff:ff:ff:ff,d8:d7:75:45:81:24,d8:d7:75:45:81:24,FunBox2-8124,-41,1,2412,False,False
1778943458.018945,management,beacon,d8:d7:75:45:81:24,ff:ff:ff:ff:ff:ff,ff:ff:ff:ff:ff:ff,d8:d7:75:45:81:24,d8:d7:75:45:81:24,FunBox2-8124,-45,1,2412,False,False
1778943458.1225767,data,null_data,50:02:91:e8:18:ec,d8:d7:75:45:81:24,d8:d7:75:45:81:24,50:02:91:e8:18:ec,d8:d7:75:45:81:24,,-81,1,2412,False,False
1778943458.1225843,control,ack,,50:02:91:e8:18:ec,50:02:91:e8:18:ec,,,,-48,1,2412,False,False
1778943458.2237544,management,beacon,d8:d7:75:45:81:24,ff:ff:ff:ff:ff:ff,ff:ff:ff:ff:ff:ff,d8:d7:75:45:81:24,d8:d7:75:45:81:24,FunBox2-8124,-42,1,2412,False,False
1778943458.2834723,data,null_data,50:02:91:e8:18:ec,d8:d7:75:45:81:24,d8:d7:75:45:81:24,50:02:91:e8:18:ec,d8:d7:75:45:81:24,,-81,1,2412,False,False
1778943458.2834883,control,ack,,50:02:91:e8:18:ec,50:02:91:e8:18:ec,,,,-44,1,2412,False,False
1778943458.3261268,management,beacon,d8:d7:75:45:81:24,ff:ff:ff:ff:ff:ff,ff:ff:ff:ff:ff:ff,d8:d7:75:45:81:24,d8:d7:75:45:81:24,FunBox2-8124,-42,1,2412,False,False
1778943458.4302545,management,beacon,d8:d7:75:45:81:24,ff:ff:ff:ff:ff:ff,ff:ff:ff:ff:ff:ff,d8:d7:75:45:81:24,d8:d7:75:45:81:24,FunBox2-8124,-42,1,2412,False,False
1778943458.5309236,management,beacon,d8:d7:75:45:81:24,ff:ff:ff:ff:ff:ff,ff:ff:ff:ff:ff:ff,d8:d7:75:45:81:24,d8:d7:75:45:81:24,FunBox2-8124,-44,1,2412,False,False
1778943458.7357397,management,beacon,d8:d7:75:45:81:24,ff:ff:ff:ff:ff:ff,ff:ff:ff:ff:ff:ff,d8:d7:75:45:81:24,d8:d7:75:45:81:24,FunBox2-8124,-44,1,2412,False,False
1778943458.8381395,management,beacon,d8:d7:75:45:81:24,ff:ff:ff:ff:ff:ff,ff:ff:ff:ff:ff:ff,d8:d7:75:45:81:24,d8:d7:75:45:81:24,FunBox2-8124,-49,1,2412,False,False
1778943458.940537,management,beacon,d8:d7:75:45:81:24,ff:ff:ff:ff:ff:ff,ff:ff:ff:ff:ff:ff,d8:d7:75:45:81:24,d8:d7:75:45:81:24,FunBox2-8124,-47,1,2412,False,False
1778943459.0429375,management,beacon,d8:d7:75:45:81:24,ff:ff:ff:ff:ff:ff,ff:ff:ff:ff:ff:ff,d8:d7:75:45:81:24,d8:d7:75:45:81:24,FunBox2-8124,-41,1,2412,False,False
1778943459.1453557,management,beacon,d8:d7:75:45:81:24,ff:ff:ff:ff:ff:ff,ff:ff:ff:ff:ff:ff,d8:d7:75:45:81:24,d8:d7:75:45:81:24,FunBox2-8124,-40,1,2412,False,False
1778943459.2477665,management,beacon,d8:d7:75:45:81:24,ff:ff:ff:ff:ff:ff,ff:ff:ff:ff:ff:ff,d8:d7:75:45:81:24,d8:d7:75:45:81:24,FunBox2-8124,-40,1,2412,False,False
1778943459.350149,management,beacon,d8:d7:75:45:81:24,ff:ff:ff:ff:ff:ff,ff:ff:ff:ff:ff:ff,d8:d7:75:45:81:24,d8:d7:75:45:81:24,FunBox2-8124,-40,1,2412,False,False
1778943459.4525776,management,beacon,d8:d7:75:45:81:24,ff:ff:ff:ff:ff:ff,ff:ff:ff:ff:ff:ff,d8:d7:75:45:81:24,d8:d7:75:45:81:24,FunBox2-8124,-40,1,2412,False,False
1778943459.4679334,management,probe_request,be:37:d8:1b:5f:21,ff:ff:ff:ff:ff:ff,ff:ff:ff:ff:ff:ff,be:37:d8:1b:5f:21,ff:ff:ff:ff:ff:ff,<hidden>,-31,1,2412,False,False
1778943459.4711683,management,probe_response,d8:d7:75:45:81:24,be:37:d8:1b:5f:21,be:37:d8:1b:5f:21,d8:d7:75:45:81:24,d8:d7:75:45:81:24,FunBox2-8124,-46,1,2412,False,False
1778943459.47147,control,ack,,d8:d7:75:45:81:24,d8:d7:75:45:81:24,,,,-34,1,2412,False,False
1778943459.5318248,management,probe_request,be:37:d8:1b:5f:21,ff:ff:ff:ff:ff:ff,ff:ff:ff:ff:ff:ff,be:37:d8:1b:5f:21,ff:ff:ff:ff:ff:ff,<hidden>,-31,1,2412,False,False
1778943459.555005,management,beacon,d8:d7:75:45:81:24,ff:ff:ff:ff:ff:ff,ff:ff:ff:ff:ff:ff,d8:d7:75:45:81:24,d8:d7:75:45:81:24,FunBox2-8124,-41,1,2412,False,False
1778943459.658609,data,null_data,50:02:91:e8:18:ec,d8:d7:75:45:81:24,d8:d7:75:45:81:24,50:02:91:e8:18:ec,d8:d7:75:45:81:24,,-81,1,2412,False,False
1778943459.6586452,control,ack,,50:02:91:e8:18:ec,50:02:91:e8:18:ec,,,,-43,1,2412,False,False
1778943459.6630685,management,probe_response,d8:d7:75:45:81:24,be:37:d8:1b:5f:21,be:37:d8:1b:5f:21,d8:d7:75:45:81:24,d8:d7:75:45:81:24,FunBox2-8124,-49,1,2412,False,False
1778943459.6669068,management,probe_response,d8:d7:75:45:81:24,be:37:d8:1b:5f:21,be:37:d8:1b:5f:21,d8:d7:75:45:81:24,d8:d7:75:45:81:24,FunBox2-8124,-48,1,2412,False,True
1778943459.671239,management,probe_response,d8:d7:75:45:81:24,be:37:d8:1b:5f:21,be:37:d8:1b:5f:21,d8:d7:75:45:81:24,d8:d7:75:45:81:24,FunBox2-8124,-46,1,2412,False,True
1778943459.6763344,management,probe_response,d8:d7:75:45:81:24,be:37:d8:1b:5f:21,be:37:d8:1b:5f:21,d8:d7:75:45:81:24,d8:d7:75:45:81:24,FunBox2-8124,-46,1,2412,False,True
1778943459.680419,management,probe_response,d8:d7:75:45:81:24,be:37:d8:1b:5f:21,be:37:d8:1b:5f:21,d8:d7:75:45:81:24,d8:d7:75:45:81:24,FunBox2-8124,-46,1,2412,False,True
1778943459.759813,management,beacon,d8:d7:75:45:81:24,ff:ff:ff:ff:ff:ff,ff:ff:ff:ff:ff:ff,d8:d7:75:45:81:24,d8:d7:75:45:81:24,FunBox2-8124,-40,1,2412,False,False
1778943459.819492,data,null_data,50:02:91:e8:18:ec,d8:d7:75:45:81:24,d8:d7:75:45:81:24,50:02:91:e8:18:ec,d8:d7:75:45:81:24,,-82,1,2412,False,False
1778943459.8195066,control,ack,,50:02:91:e8:18:ec,50:02:91:e8:18:ec,,,,-44,1,2412,False,False
1778943459.8621426,management,beacon,d8:d7:75:45:81:24,ff:ff:ff:ff:ff:ff,ff:ff:ff:ff:ff:ff,d8:d7:75:45:81:24,d8:d7:75:45:81:24,FunBox2-8124,-41,1,2412,False,False
1778943459.922588,control,rts,54:35:30:cf:ee:1e,d8:d7:75:45:81:24,d8:d7:75:45:81:24,54:35:30:cf:ee:1e,,,-53,1,2412,False,False
1778943459.9225972,control,cts,,54:35:30:cf:ee:1e,54:35:30:cf:ee:1e,,,,-50,1,2412,False,False
1778943459.9225998,data,qos_data,54:35:30:cf:ee:1e,d8:d7:75:45:81:24,d8:d7:75:45:81:24,54:35:30:cf:ee:1e,01:00:5e:7f:ff:fa,,-54,1,2412,True,False
1778943459.9226024,control,block_ack,d8:d7:75:45:81:24,54:35:30:cf:ee:1e,54:35:30:cf:ee:1e,d8:d7:75:45:81:24,,,-50,1,2412,False,False
1778943459.9646258,management,beacon,d8:d7:75:45:81:24,ff:ff:ff:ff:ff:ff,ff:ff:ff:ff:ff:ff,d8:d7:75:45:81:24,d8:d7:75:45:81:24,FunBox2-8124,-41,1,2412,False,False
1778943459.9658923,data,data,d8:d7:75:45:81:24,01:00:5e:7f:ff:fa,01:00:5e:7f:ff:fa,d8:d7:75:45:81:24,54:35:30:cf:ee:1e,,-41,1,2412,True,False
1778943459.9663978,control,ack,,d8:d7:75:45:81:24,d8:d7:75:45:81:24,,,,-83,1,2412,False,False
1778943459.9663997,data,null_data,50:02:91:e8:18:ec,d8:d7:75:45:81:24,d8:d7:75:45:81:24,50:02:91:e8:18:ec,d8:d7:75:45:81:24,,-80,1,2412,False,False
1778943459.9664004,control,ack,,50:02:91:e8:18:ec,50:02:91:e8:18:ec,,,,-49,1,2412,False,False
1778943459.9672458,data,data,d8:d7:75:45:81:24,ff:ff:ff:ff:ff:ff,ff:ff:ff:ff:ff:ff,d8:d7:75:45:81:24,d8:d7:75:45:81:24,,-46,1,2412,True,False
1778943459.9675648,control,ack,,d8:d7:75:45:81:24,d8:d7:75:45:81:24,,,,-83,1,2412,False,False
1778943459.9687476,data,data,d8:d7:75:45:81:24,ff:ff:ff:ff:ff:ff,ff:ff:ff:ff:ff:ff,d8:d7:75:45:81:24,d8:d7:75:45:81:24,,-47,1,2412,True,False
1778943459.969066,control,ack,,d8:d7:75:45:81:24,d8:d7:75:45:81:24,,,,-81,1,2412,False,False
1778943460.0669863,management,beacon,d8:d7:75:45:81:24,ff:ff:ff:ff:ff:ff,ff:ff:ff:ff:ff:ff,d8:d7:75:45:81:24,d8:d7:75:45:81:24,FunBox2-8124,-42,1,2412,False,False
1778943460.129521,control,ack,,50:02:91:e8:18:ec,50:02:91:e8:18:ec,,,,-51,1,2412,False,False
1778943460.169417,management,beacon,d8:d7:75:45:81:24,ff:ff:ff:ff:ff:ff,ff:ff:ff:ff:ff:ff,d8:d7:75:45:81:24,d8:d7:75:45:81:24,FunBox2-8124,-46,1,2412,False,False
1778943460.2718205,management,beacon,d8:d7:75:45:81:24,ff:ff:ff:ff:ff:ff,ff:ff:ff:ff:ff:ff,d8:d7:75:45:81:24,d8:d7:75:45:81:24,FunBox2-8124,-46,1,2412,False,False
1778943460.3742173,management,beacon,d8:d7:75:45:81:24,ff:ff:ff:ff:ff:ff,ff:ff:ff:ff:ff:ff,d8:d7:75:45:81:24,d8:d7:75:45:81:24,FunBox2-8124,-41,1,2412,False,False
1778943460.4766185,management,beacon,d8:d7:75:45:81:24,ff:ff:ff:ff:ff:ff,ff:ff:ff:ff:ff:ff,d8:d7:75:45:81:24,d8:d7:75:45:81:24,FunBox2-8124,-46,1,2412,False,False
1778943460.5790334,management,beacon,d8:d7:75:45:81:24,ff:ff:ff:ff:ff:ff,ff:ff:ff:ff:ff:ff,d8:d7:75:45:81:24,d8:d7:75:45:81:24,FunBox2-8124,-43,1,2412,False,False
1778943460.6813962,management,beacon,d8:d7:75:45:81:24,ff:ff:ff:ff:ff:ff,ff:ff:ff:ff:ff:ff,d8:d7:75:45:81:24,d8:d7:75:45:81:24,FunBox2-8124,-46,1,2412,False,False
1778943460.7838027,management,beacon,d8:d7:75:45:81:24,ff:ff:ff:ff:ff:ff,ff:ff:ff:ff:ff:ff,d8:d7:75:45:81:24,d8:d7:75:45:81:24,FunBox2-8124,-46,1,2412,False,False
1778943460.8862233,management,beacon,d8:d7:75:45:81:24,ff:ff:ff:ff:ff:ff,ff:ff:ff:ff:ff:ff,d8:d7:75:45:81:24,d8:d7:75:45:81:24,FunBox2-8124,-46,1,2412,False,False
1778943460.9886284,management,beacon,d8:d7:75:45:81:24,ff:ff:ff:ff:ff:ff,ff:ff:ff:ff:ff:ff,d8:d7:75:45:81:24,d8:d7:75:45:81:24,FunBox2-8124,-41,1,2412,False,False
1778943461.0910554,management,beacon,d8:d7:75:45:81:24,ff:ff:ff:ff:ff:ff,ff:ff:ff:ff:ff:ff,d8:d7:75:45:81:24,d8:d7:75:45:81:24,FunBox2-8124,-41,1,2412,False,False
1778943461.1934476,management,beacon,d8:d7:75:45:81:24,ff:ff:ff:ff:ff:ff,ff:ff:ff:ff:ff:ff,d8:d7:75:45:81:24,d8:d7:75:45:81:24,FunBox2-8124,-43,1,2412,False,False
1778943461.2958395,management,beacon,d8:d7:75:45:81:24,ff:ff:ff:ff:ff:ff,ff:ff:ff:ff:ff:ff,d8:d7:75:45:81:24,d8:d7:75:45:81:24,FunBox2-8124,-41,1,2412,False,False
1778943461.3982513,management,beacon,d8:d7:75:45:81:24,ff:ff:ff:ff:ff:ff,ff:ff:ff:ff:ff:ff,d8:d7:75:45:81:24,d8:d7:75:45:81:24,FunBox2-8124,-41,1,2412,False,False
1778943461.5006366,management,beacon,d8:d7:75:45:81:24,ff:ff:ff:ff:ff:ff,ff:ff:ff:ff:ff:ff,d8:d7:75:45:81:24,d8:d7:75:45:81:24,FunBox2-8124,-41,1,2412,False,False
1778943461.6030555,management,beacon,d8:d7:75:45:81:24,ff:ff:ff:ff:ff:ff,ff:ff:ff:ff:ff:ff,d8:d7:75:45:81:24,d8:d7:75:45:81:24,FunBox2-8124,-41,1,2412,False,False
1778943461.7054987,management,beacon,d8:d7:75:45:81:24,ff:ff:ff:ff:ff:ff,ff:ff:ff:ff:ff:ff,d8:d7:75:45:81:24,d8:d7:75:45:81:24,FunBox2-8124,-41,1,2412,False,False
1778943461.807871,management,beacon,d8:d7:75:45:81:24,ff:ff:ff:ff:ff:ff,ff:ff:ff:ff:ff:ff,d8:d7:75:45:81:24,d8:d7:75:45:81:24,FunBox2-8124,-41,1,2412,False,False
1778943461.8090591,data,null_data,50:02:91:e8:18:ec,d8:d7:75:45:81:24,d8:d7:75:45:81:24,50:02:91:e8:18:ec,d8:d7:75:45:81:24,,-80,1,2412,False,False
1778943461.809063,control,ack,,50:02:91:e8:18:ec,50:02:91:e8:18:ec,,,,-45,1,2412,False,False
1778943461.9102545,management,beacon,d8:d7:75:45:81:24,ff:ff:ff:ff:ff:ff,ff:ff:ff:ff:ff:ff,d8:d7:75:45:81:24,d8:d7:75:45:81:24,FunBox2-8124,-42,1,2412,False,False
1778943461.9700723,data,null_data,50:02:91:e8:18:ec,d8:d7:75:45:81:24,d8:d7:75:45:81:24,50:02:91:e8:18:ec,d8:d7:75:45:81:24,,-80,1,2412,False,True
1778943461.9703665,data,null_data,50:02:91:e8:18:ec,d8:d7:75:45:81:24,d8:d7:75:45:81:24,50:02:91:e8:18:ec,d8:d7:75:45:81:24,,-82,1,2412,False,True
1778943461.9706793,data,null_data,50:02:91:e8:18:ec,d8:d7:75:45:81:24,d8:d7:75:45:81:24,50:02:91:e8:18:ec,d8:d7:75:45:81:24,,-83,1,2412,False,True
1778943461.971233,data,null_data,50:02:91:e8:18:ec,d8:d7:75:45:81:24,d8:d7:75:45:81:24,50:02:91:e8:18:ec,d8:d7:75:45:81:24,,-83,1,2412,False,True
1778943461.9717994,data,null_data,50:02:91:e8:18:ec,d8:d7:75:45:81:24,d8:d7:75:45:81:24,50:02:91:e8:18:ec,d8:d7:75:45:81:24,,-83,1,2412,False,True
1778943461.972115,control,ack,,50:02:91:e8:18:ec,50:02:91:e8:18:ec,,,,-44,1,2412,False,False
1778943462.0126534,management,beacon,d8:d7:75:45:81:24,ff:ff:ff:ff:ff:ff,ff:ff:ff:ff:ff:ff,d8:d7:75:45:81:24,d8:d7:75:45:81:24,FunBox2-8124,-42,1,2412,False,False
1778943462.1151001,management,beacon,d8:d7:75:45:81:24,ff:ff:ff:ff:ff:ff,ff:ff:ff:ff:ff:ff,d8:d7:75:45:81:24,d8:d7:75:45:81:24,FunBox2-8124,-44,1,2412,False,False
1778943462.2174401,management,beacon,d8:d7:75:45:81:24,ff:ff:ff:ff:ff:ff,ff:ff:ff:ff:ff:ff,d8:d7:75:45:81:24,d8:d7:75:45:81:24,FunBox2-8124,-46,1,2412,False,False
1778943462.319901,management,beacon,d8:d7:75:45:81:24,ff:ff:ff:ff:ff:ff,ff:ff:ff:ff:ff:ff,d8:d7:75:45:81:24,d8:d7:75:45:81:24,FunBox2-8124,-41,1,2412,False,False
1778943462.422416,management,beacon,d8:d7:75:45:81:24,ff:ff:ff:ff:ff:ff,ff:ff:ff:ff:ff:ff,d8:d7:75:45:81:24,d8:d7:75:45:81:24,FunBox2-8124,-40,1,2412,False,False
1778943462.4244456,data,data,d8:d7:75:45:81:24,33:33:00:00:00:01,33:33:00:00:00:01,d8:d7:75:45:81:24,d8:d7:75:45:81:24,,-41,1,2412,True,False
1778943462.424883,control,ack,,d8:d7:75:45:81:24,d8:d7:75:45:81:24,,,,-83,1,2412,False,False
1778943462.4248855,data,null_data,50:02:91:e8:18:ec,d8:d7:75:45:81:24,d8:d7:75:45:81:24,50:02:91:e8:18:ec,d8:d7:75:45:81:24,,-82,1,2412,False,False
1778943462.4251406,data,null_data,50:02:91:e8:18:ec,d8:d7:75:45:81:24,d8:d7:75:45:81:24,50:02:91:e8:18:ec,d8:d7:75:45:81:24,,-80,1,2412,False,True
1778943462.4251425,control,ack,,50:02:91:e8:18:ec,50:02:91:e8:18:ec,,,,-50,1,2412,False,False
1778943462.4274304,control,ack,,d8:d7:75:45:81:24,d8:d7:75:45:81:24,,,,-83,1,2412,False,False
1778943462.5246952,management,beacon,d8:d7:75:45:81:24,ff:ff:ff:ff:ff:ff,ff:ff:ff:ff:ff:ff,d8:d7:75:45:81:24,d8:d7:75:45:81:24,FunBox2-8124,-40,1,2412,False,False
1778943462.5878737,data,null_data,50:02:91:e8:18:ec,d8:d7:75:45:81:24,d8:d7:75:45:81:24,50:02:91:e8:18:ec,d8:d7:75:45:81:24,,-79,1,2412,False,False
1778943462.587892,control,ack,,50:02:91:e8:18:ec,50:02:91:e8:18:ec,,,,-49,1,2412,False,False
1778943462.6270716,management,beacon,d8:d7:75:45:81:24,ff:ff:ff:ff:ff:ff,ff:ff:ff:ff:ff:ff,d8:d7:75:45:81:24,d8:d7:75:45:81:24,FunBox2-8124,-49,1,2412,False,False
1778943462.7317095,control,ack,,d8:d7:75:45:81:24,d8:d7:75:45:81:24,,,,-83,1,2412,False,False
1778943462.7317188,data,null_data,50:02:91:e8:18:ec,d8:d7:75:45:81:24,d8:d7:75:45:81:24,50:02:91:e8:18:ec,d8:d7:75:45:81:24,,-82,1,2412,False,False
1778943462.7317207,control,ack,,50:02:91:e8:18:ec,50:02:91:e8:18:ec,,,,-50,1,2412,False,False
1778943462.831925,management,beacon,d8:d7:75:45:81:24,ff:ff:ff:ff:ff:ff,ff:ff:ff:ff:ff:ff,d8:d7:75:45:81:24,d8:d7:75:45:81:24,FunBox2-8124,-40,1,2412,False,False
1778943462.89262,data,null_data,50:02:91:e8:18:ec,d8:d7:75:45:81:24,d8:d7:75:45:81:24,50:02:91:e8:18:ec,d8:d7:75:45:81:24,,-82,1,2412,False,False
1778943462.8926382,control,ack,,50:02:91:e8:18:ec,50:02:91:e8:18:ec,,,,-43,1,2412,False,False
1778943462.9343245,management,beacon,d8:d7:75:45:81:24,ff:ff:ff:ff:ff:ff,ff:ff:ff:ff:ff:ff,d8:d7:75:45:81:24,d8:d7:75:45:81:24,FunBox2-8124,-41,1,2412,False,False
1778943463.0367103,management,beacon,d8:d7:75:45:81:24,ff:ff:ff:ff:ff:ff,ff:ff:ff:ff:ff:ff,d8:d7:75:45:81:24,d8:d7:75:45:81:24,FunBox2-8124,-44,1,2412,False,False
1778943463.1390896,management,beacon,d8:d7:75:45:81:24,ff:ff:ff:ff:ff:ff,ff:ff:ff:ff:ff:ff,d8:d7:75:45:81:24,d8:d7:75:45:81:24,FunBox2-8124,-41,1,2412,False,False
1778943463.2414792,management,beacon,d8:d7:75:45:81:24,ff:ff:ff:ff:ff:ff,ff:ff:ff:ff:ff:ff,d8:d7:75:45:81:24,d8:d7:75:45:81:24,FunBox2-8124,-41,1,2412,False,False
1778943463.3439522,management,beacon,d8:d7:75:45:81:24,ff:ff:ff:ff:ff:ff,ff:ff:ff:ff:ff:ff,d8:d7:75:45:81:24,d8:d7:75:45:81:24,FunBox2-8124,-48,1,2412,False,False
1778943463.4463317,management,beacon,d8:d7:75:45:81:24,ff:ff:ff:ff:ff:ff,ff:ff:ff:ff:ff:ff,d8:d7:75:45:81:24,d8:d7:75:45:81:24,FunBox2-8124,-41,1,2412,False,False
1778943463.5487568,management,beacon,d8:d7:75:45:81:24,ff:ff:ff:ff:ff:ff,ff:ff:ff:ff:ff:ff,d8:d7:75:45:81:24,d8:d7:75:45:81:24,FunBox2-8124,-40,1,2412,False,False
1778943463.6511188,management,beacon,d8:d7:75:45:81:24,ff:ff:ff:ff:ff:ff,ff:ff:ff:ff:ff:ff,d8:d7:75:45:81:24,d8:d7:75:45:81:24,FunBox2-8124,-40,1,2412,False,False
1778943463.7535152,management,beacon,d8:d7:75:45:81:24,ff:ff:ff:ff:ff:ff,ff:ff:ff:ff:ff:ff,d8:d7:75:45:81:24,d8:d7:75:45:81:24,FunBox2-8124,-42,1,2412,False,False
1778943463.8559496,management,beacon,d8:d7:75:45:81:24,ff:ff:ff:ff:ff:ff,ff:ff:ff:ff:ff:ff,d8:d7:75:45:81:24,d8:d7:75:45:81:24,FunBox2-8124,-48,1,2412,False,False
1778943463.9583817,management,beacon,d8:d7:75:45:81:24,ff:ff:ff:ff:ff:ff,ff:ff:ff:ff:ff:ff,d8:d7:75:45:81:24,d8:d7:75:45:81:24,FunBox2-8124,-47,1,2412,False,False
1778943463.9600623,data,data,d8:d7:75:45:81:24,33:33:00:00:00:01,33:33:00:00:00:01,d8:d7:75:45:81:24,d8:d7:75:45:81:24,,-47,1,2412,True,False
1778943463.960536,control,ack,,d8:d7:75:45:81:24,d8:d7:75:45:81:24,,,,-82,1,2412,False,False
1778943463.960539,data,null_data,50:02:91:e8:18:ec,d8:d7:75:45:81:24,d8:d7:75:45:81:24,50:02:91:e8:18:ec,d8:d7:75:45:81:24,,-80,1,2412,False,False
1778943463.9605408,control,ack,,50:02:91:e8:18:ec,50:02:91:e8:18:ec,,,,-50,1,2412,False,False
1778943463.9623427,data,data,d8:d7:75:45:81:24,33:33:00:00:00:01,33:33:00:00:00:01,d8:d7:75:45:81:24,d8:d7:75:45:81:24,,-47,1,2412,True,False
1778943463.9626575,control,ack,,d8:d7:75:45:81:24,d8:d7:75:45:81:24,,,,-82,1,2412,False,False
1778943464.0607588,management,beacon,d8:d7:75:45:81:24,ff:ff:ff:ff:ff:ff,ff:ff:ff:ff:ff:ff,d8:d7:75:45:81:24,d8:d7:75:45:81:24,FunBox2-8124,-41,1,2412,False,False
1778943464.1231158,data,null_data,50:02:91:e8:18:ec,d8:d7:75:45:81:24,d8:d7:75:45:81:24,50:02:91:e8:18:ec,d8:d7:75:45:81:24,,-82,1,2412,False,False
1778943464.12313,control,ack,,50:02:91:e8:18:ec,50:02:91:e8:18:ec,,,,-44,1,2412,False,False
1778943464.163161,management,beacon,d8:d7:75:45:81:24,ff:ff:ff:ff:ff:ff,ff:ff:ff:ff:ff:ff,d8:d7:75:45:81:24,d8:d7:75:45:81:24,FunBox2-8124,-41,1,2412,False,False
1778943464.2655501,management,beacon,d8:d7:75:45:81:24,ff:ff:ff:ff:ff:ff,ff:ff:ff:ff:ff:ff,d8:d7:75:45:81:24,d8:d7:75:45:81:24,FunBox2-8124,-41,1,2412,False,False
1778943464.3679419,management,beacon,d8:d7:75:45:81:24,ff:ff:ff:ff:ff:ff,ff:ff:ff:ff:ff:ff,d8:d7:75:45:81:24,d8:d7:75:45:81:24,FunBox2-8124,-47,1,2412,False,False
1778943464.4703681,management,beacon,d8:d7:75:45:81:24,ff:ff:ff:ff:ff:ff,ff:ff:ff:ff:ff:ff,d8:d7:75:45:81:24,d8:d7:75:45:81:24,FunBox2-8124,-43,1,2412,False,False
1778943464.5727866,management,beacon,d8:d7:75:45:81:24,ff:ff:ff:ff:ff:ff,ff:ff:ff:ff:ff:ff,d8:d7:75:45:81:24,d8:d7:75:45:81:24,FunBox2-8124,-40,1,2412,False,False
1778943464.675158,management,beacon,d8:d7:75:45:81:24,ff:ff:ff:ff:ff:ff,ff:ff:ff:ff:ff:ff,d8:d7:75:45:81:24,d8:d7:75:45:81:24,FunBox2-8124,-41,1,2412,False,False
1778943464.7779114,management,beacon,d8:d7:75:45:81:24,ff:ff:ff:ff:ff:ff,ff:ff:ff:ff:ff:ff,d8:d7:75:45:81:24,d8:d7:75:45:81:24,FunBox2-8124,-42,1,2412,False,False
1778943464.8799825,management,beacon,d8:d7:75:45:81:24,ff:ff:ff:ff:ff:ff,ff:ff:ff:ff:ff:ff,d8:d7:75:45:81:24,d8:d7:75:45:81:24,FunBox2-8124,-47,1,2412,False,False
1778943464.9823592,management,beacon,d8:d7:75:45:81:24,ff:ff:ff:ff:ff:ff,ff:ff:ff:ff:ff:ff,d8:d7:75:45:81:24,d8:d7:75:45:81:24,FunBox2-8124,-49,1,2412,False,False
1778943465.0847626,management,beacon,d8:d7:75:45:81:24,ff:ff:ff:ff:ff:ff,ff:ff:ff:ff:ff:ff,d8:d7:75:45:81:24,d8:d7:75:45:81:24,FunBox2-8124,-43,1,2412,False,False
1778943465.1872287,management,beacon,d8:d7:75:45:81:24,ff:ff:ff:ff:ff:ff,ff:ff:ff:ff:ff:ff,d8:d7:75:45:81:24,d8:d7:75:45:81:24,FunBox2-8124,-40,1,2412,False,False
1778943465.289609,management,beacon,d8:d7:75:45:81:24,ff:ff:ff:ff:ff:ff,ff:ff:ff:ff:ff:ff,d8:d7:75:45:81:24,d8:d7:75:45:81:24,FunBox2-8124,-41,1,2412,False,False
1778943465.3919775,management,beacon,d8:d7:75:45:81:24,ff:ff:ff:ff:ff:ff,ff:ff:ff:ff:ff:ff,d8:d7:75:45:81:24,d8:d7:75:45:81:24,FunBox2-8124,-41,1,2412,False,False
1778943465.4943852,management,beacon,d8:d7:75:45:81:24,ff:ff:ff:ff:ff:ff,ff:ff:ff:ff:ff:ff,d8:d7:75:45:81:24,d8:d7:75:45:81:24,FunBox2-8124,-42,1,2412,False,False
1778943465.5967703,management,beacon,d8:d7:75:45:81:24,ff:ff:ff:ff:ff:ff,ff:ff:ff:ff:ff:ff,d8:d7:75:45:81:24,d8:d7:75:45:81:24,FunBox2-8124,-47,1,2412,False,False
1778943465.6992028,management,beacon,d8:d7:75:45:81:24,ff:ff:ff:ff:ff:ff,ff:ff:ff:ff:ff:ff,d8:d7:75:45:81:24,d8:d7:75:45:81:24,FunBox2-8124,-47,1,2412,False,False
1778943465.801647,management,beacon,d8:d7:75:45:81:24,ff:ff:ff:ff:ff:ff,ff:ff:ff:ff:ff:ff,d8:d7:75:45:81:24,d8:d7:75:45:81:24,FunBox2-8124,-48,1,2412,False,False
1778943465.802829,control,ack,,50:02:91:e8:18:ec,50:02:91:e8:18:ec,,,,-51,1,2412,False,False
1778943465.9040358,management,beacon,d8:d7:75:45:81:24,ff:ff:ff:ff:ff:ff,ff:ff:ff:ff:ff:ff,d8:d7:75:45:81:24,d8:d7:75:45:81:24,FunBox2-8124,-40,1,2412,False,False
1778943465.9636927,data,null_data,50:02:91:e8:18:ec,d8:d7:75:45:81:24,d8:d7:75:45:81:24,50:02:91:e8:18:ec,d8:d7:75:45:81:24,,-80,1,2412,False,False
1778943465.963701,control,ack,,50:02:91:e8:18:ec,50:02:91:e8:18:ec,,,,-44,1,2412,False,False
1778943466.0063963,management,beacon,d8:d7:75:45:81:24,ff:ff:ff:ff:ff:ff,ff:ff:ff:ff:ff:ff,d8:d7:75:45:81:24,d8:d7:75:45:81:24,FunBox2-8124,-40,1,2412,False,False
1778943466.1088,management,beacon,d8:d7:75:45:81:24,ff:ff:ff:ff:ff:ff,ff:ff:ff:ff:ff:ff,d8:d7:75:45:81:24,d8:d7:75:45:81:24,FunBox2-8124,-40,1,2412,False,False
1778943466.211252,management,beacon,d8:d7:75:45:81:24,ff:ff:ff:ff:ff:ff,ff:ff:ff:ff:ff:ff,d8:d7:75:45:81:24,d8:d7:75:45:81:24,FunBox2-8124,-47,1,2412,False,False
1778943466.313626,management,beacon,d8:d7:75:45:81:24,ff:ff:ff:ff:ff:ff,ff:ff:ff:ff:ff:ff,d8:d7:75:45:81:24,d8:d7:75:45:81:24,FunBox2-8124,-46,1,2412,False,False
1778943466.41606,management,beacon,d8:d7:75:45:81:24,ff:ff:ff:ff:ff:ff,ff:ff:ff:ff:ff:ff,d8:d7:75:45:81:24,d8:d7:75:45:81:24,FunBox2-8124,-41,1,2412,False,False
1778943466.5184035,management,beacon,d8:d7:75:45:81:24,ff:ff:ff:ff:ff:ff,ff:ff:ff:ff:ff:ff,d8:d7:75:45:81:24,d8:d7:75:45:81:24,FunBox2-8124,-43,1,2412,False,False
1778943466.6208866,management,beacon,d8:d7:75:45:81:24,ff:ff:ff:ff:ff:ff,ff:ff:ff:ff:ff:ff,d8:d7:75:45:81:24,d8:d7:75:45:81:24,FunBox2-8124,-42,1,2412,False,False
1778943466.7232711,management,beacon,d8:d7:75:45:81:24,ff:ff:ff:ff:ff:ff,ff:ff:ff:ff:ff:ff,d8:d7:75:45:81:24,d8:d7:75:45:81:24,FunBox2-8124,-44,1,2412,False,False
1778943466.8256645,management,beacon,d8:d7:75:45:81:24,ff:ff:ff:ff:ff:ff,ff:ff:ff:ff:ff:ff,d8:d7:75:45:81:24,d8:d7:75:45:81:24,FunBox2-8124,-41,1,2412,False,False
1778943466.9280534,management,beacon,d8:d7:75:45:81:24,ff:ff:ff:ff:ff:ff,ff:ff:ff:ff:ff:ff,d8:d7:75:45:81:24,d8:d7:75:45:81:24,FunBox2-8124,-47,1,2412,False,False
1778943467.0304794,management,beacon,d8:d7:75:45:81:24,ff:ff:ff:ff:ff:ff,ff:ff:ff:ff:ff:ff,d8:d7:75:45:81:24,d8:d7:75:45:81:24,FunBox2-8124,-42,1,2412,False,False
1778943467.1328437,management,beacon,d8:d7:75:45:81:24,ff:ff:ff:ff:ff:ff,ff:ff:ff:ff:ff:ff,d8:d7:75:45:81:24,d8:d7:75:45:81:24,FunBox2-8124,-41,1,2412,False,False
1778943467.2352777,management,beacon,d8:d7:75:45:81:24,ff:ff:ff:ff:ff:ff,ff:ff:ff:ff:ff:ff,d8:d7:75:45:81:24,d8:d7:75:45:81:24,FunBox2-8124,-42,1,2412,False,False
1778943467.3376894,management,beacon,d8:d7:75:45:81:24,ff:ff:ff:ff:ff:ff,ff:ff:ff:ff:ff:ff,d8:d7:75:45:81:24,d8:d7:75:45:81:24,FunBox2-8124,-43,1,2412,False,False
1778943467.338892,data,null_data,50:02:91:e8:18:ec,d8:d7:75:45:81:24,d8:d7:75:45:81:24,50:02:91:e8:18:ec,d8:d7:75:45:81:24,,-81,1,2412,False,False
1778943467.3388958,control,ack,,50:02:91:e8:18:ec,50:02:91:e8:18:ec,,,,-43,1,2412,False,False
1778943467.4997633,data,null_data,50:02:91:e8:18:ec,d8:d7:75:45:81:24,d8:d7:75:45:81:24,50:02:91:e8:18:ec,d8:d7:75:45:81:24,,-80,1,2412,False,False
1778943467.4997718,control,ack,,50:02:91:e8:18:ec,50:02:91:e8:18:ec,,,,-51,1,2412,False,False
1778943467.542449,management,beacon,d8:d7:75:45:81:24,ff:ff:ff:ff:ff:ff,ff:ff:ff:ff:ff:ff,d8:d7:75:45:81:24,d8:d7:75:45:81:24,FunBox2-8124,-42,1,2412,False,False
1778943467.6449208,management,beacon,d8:d7:75:45:81:24,ff:ff:ff:ff:ff:ff,ff:ff:ff:ff:ff:ff,d8:d7:75:45:81:24,d8:d7:75:45:81:24,FunBox2-8124,-41,1,2412,False,False
1778943467.7473145,management,beacon,d8:d7:75:45:81:24,ff:ff:ff:ff:ff:ff,ff:ff:ff:ff:ff:ff,d8:d7:75:45:81:24,d8:d7:75:45:81:24,FunBox2-8124,-48,1,2412,False,False
1778943467.8497193,management,beacon,d8:d7:75:45:81:24,ff:ff:ff:ff:ff:ff,ff:ff:ff:ff:ff:ff,d8:d7:75:45:81:24,d8:d7:75:45:81:24,FunBox2-8124,-48,1,2412,False,False
1778943468.0544631,management,beacon,d8:d7:75:45:81:24,ff:ff:ff:ff:ff:ff,ff:ff:ff:ff:ff:ff,d8:d7:75:45:81:24,d8:d7:75:45:81:24,FunBox2-8124,-41,1,2412,False,False
1778943468.1568797,management,beacon,d8:d7:75:45:81:24,ff:ff:ff:ff:ff:ff,ff:ff:ff:ff:ff:ff,d8:d7:75:45:81:24,d8:d7:75:45:81:24,FunBox2-8124,-41,1,2412,False,False
1778943468.2593124,management,beacon,d8:d7:75:45:81:24,ff:ff:ff:ff:ff:ff,ff:ff:ff:ff:ff:ff,d8:d7:75:45:81:24,d8:d7:75:45:81:24,FunBox2-8124,-44,1,2412,False,False
1778943468.3616931,management,beacon,d8:d7:75:45:81:24,ff:ff:ff:ff:ff:ff,ff:ff:ff:ff:ff:ff,d8:d7:75:45:81:24,d8:d7:75:45:81:24,FunBox2-8124,-41,1,2412,False,False
1778943468.5665107,management,beacon,d8:d7:75:45:81:24,ff:ff:ff:ff:ff:ff,ff:ff:ff:ff:ff:ff,d8:d7:75:45:81:24,d8:d7:75:45:81:24,FunBox2-8124,-41,1,2412,False,False
1778943468.6689267,management,beacon,d8:d7:75:45:81:24,ff:ff:ff:ff:ff:ff,ff:ff:ff:ff:ff:ff,d8:d7:75:45:81:24,d8:d7:75:45:81:24,FunBox2-8124,-41,1,2412,False,False
1778943468.771284,management,beacon,d8:d7:75:45:81:24,ff:ff:ff:ff:ff:ff,ff:ff:ff:ff:ff:ff,d8:d7:75:45:81:24,d8:d7:75:45:81:24,FunBox2-8124,-43,1,2412,False,False
1778943468.8737228,management,beacon,d8:d7:75:45:81:24,ff:ff:ff:ff:ff:ff,ff:ff:ff:ff:ff:ff,d8:d7:75:45:81:24,d8:d7:75:45:81:24,FunBox2-8124,-41,1,2412,False,False
1778943468.875054,data,data,d8:d7:75:45:81:24,33:33:00:00:00:01,33:33:00:00:00:01,d8:d7:75:45:81:24,d8:d7:75:45:81:24,,-42,1,2412,True,False
1778943468.8754146,data,null_data,50:02:91:e8:18:ec,d8:d7:75:45:81:24,d8:d7:75:45:81:24,50:02:91:e8:18:ec,d8:d7:75:45:81:24,,-81,1,2412,False,False
1778943468.875417,control,ack,,50:02:91:e8:18:ec,50:02:91:e8:18:ec,,,,-43,1,2412,False,False
1778943468.8756473,data,null_data,50:02:91:e8:18:ec,d8:d7:75:45:81:24,d8:d7:75:45:81:24,50:02:91:e8:18:ec,d8:d7:75:45:81:24,,-82,1,2412,False,True
1778943468.8756502,control,ack,,50:02:91:e8:18:ec,50:02:91:e8:18:ec,,,,-49,1,2412,False,False
1778943469.0365396,data,null_data,50:02:91:e8:18:ec,d8:d7:75:45:81:24,d8:d7:75:45:81:24,50:02:91:e8:18:ec,d8:d7:75:45:81:24,,-81,1,2412,False,False
1778943469.0365465,control,ack,,50:02:91:e8:18:ec,50:02:91:e8:18:ec,,,,-44,1,2412,False,False
1778943469.0785692,management,beacon,d8:d7:75:45:81:24,ff:ff:ff:ff:ff:ff,ff:ff:ff:ff:ff:ff,d8:d7:75:45:81:24,d8:d7:75:45:81:24,FunBox2-8124,-45,1,2412,False,False
1778943469.2833672,management,beacon,d8:d7:75:45:81:24,ff:ff:ff:ff:ff:ff,ff:ff:ff:ff:ff:ff,d8:d7:75:45:81:24,d8:d7:75:45:81:24,FunBox2-8124,-42,1,2412,False,False
1778943469.3857758,management,beacon,d8:d7:75:45:81:24,ff:ff:ff:ff:ff:ff,ff:ff:ff:ff:ff:ff,d8:d7:75:45:81:24,d8:d7:75:45:81:24,FunBox2-8124,-46,1,2412,False,False
1778943469.4517787,management,probe_request,be:37:d8:1b:5f:21,ff:ff:ff:ff:ff:ff,ff:ff:ff:ff:ff:ff,be:37:d8:1b:5f:21,ff:ff:ff:ff:ff:ff,<hidden>,-29,1,2412,False,False
1778943469.4553018,control,ack,,d8:d7:75:45:81:24,d8:d7:75:45:81:24,,,,-29,1,2412,False,False
1778943469.5162168,management,probe_request,be:37:d8:1b:5f:21,ff:ff:ff:ff:ff:ff,ff:ff:ff:ff:ff:ff,be:37:d8:1b:5f:21,ff:ff:ff:ff:ff:ff,<hidden>,-30,1,2412,False,False
1778943469.5970707,management,beacon,d8:d7:75:45:81:24,ff:ff:ff:ff:ff:ff,ff:ff:ff:ff:ff:ff,d8:d7:75:45:81:24,d8:d7:75:45:81:24,FunBox2-8124,-42,1,2412,False,False
1778943469.6152506,data,null_data,50:02:91:e8:18:ec,d8:d7:75:45:81:24,d8:d7:75:45:81:24,50:02:91:e8:18:ec,d8:d7:75:45:81:24,,-82,1,2412,False,False
1778943469.6157205,data,null_data,50:02:91:e8:18:ec,d8:d7:75:45:81:24,d8:d7:75:45:81:24,50:02:91:e8:18:ec,d8:d7:75:45:81:24,,-81,1,2412,False,True
1778943469.615725,control,ack,,50:02:91:e8:18:ec,50:02:91:e8:18:ec,,,,-45,1,2412,False,False
1778943469.6161017,data,null_data,50:02:91:e8:18:ec,d8:d7:75:45:81:24,d8:d7:75:45:81:24,50:02:91:e8:18:ec,d8:d7:75:45:81:24,,-83,1,2412,False,True
1778943469.6161056,control,ack,,50:02:91:e8:18:ec,50:02:91:e8:18:ec,,,,-47,1,2412,False,False
1778943469.692969,management,beacon,d8:d7:75:45:81:24,ff:ff:ff:ff:ff:ff,ff:ff:ff:ff:ff:ff,d8:d7:75:45:81:24,d8:d7:75:45:81:24,FunBox2-8124,-41,1,2412,False,False
1778943469.777019,data,null_data,50:02:91:e8:18:ec,d8:d7:75:45:81:24,d8:d7:75:45:81:24,50:02:91:e8:18:ec,d8:d7:75:45:81:24,,-82,1,2412,False,False
1778943469.7770293,control,ack,,50:02:91:e8:18:ec,50:02:91:e8:18:ec,,,,-51,1,2412,False,False
1778943469.7953913,management,beacon,d8:d7:75:45:81:24,ff:ff:ff:ff:ff:ff,ff:ff:ff:ff:ff:ff,d8:d7:75:45:81:24,d8:d7:75:45:81:24,FunBox2-8124,-46,1,2412,False,False
1778943469.8977935,management,beacon,d8:d7:75:45:81:24,ff:ff:ff:ff:ff:ff,ff:ff:ff:ff:ff:ff,d8:d7:75:45:81:24,d8:d7:75:45:81:24,FunBox2-8124,-43,1,2412,False,False
1778943470.0013084,management,beacon,d8:d7:75:45:81:24,ff:ff:ff:ff:ff:ff,ff:ff:ff:ff:ff:ff,d8:d7:75:45:81:24,d8:d7:75:45:81:24,FunBox2-8124,-48,1,2412,False,False
1778943470.1025734,management,beacon,d8:d7:75:45:81:24,ff:ff:ff:ff:ff:ff,ff:ff:ff:ff:ff:ff,d8:d7:75:45:81:24,d8:d7:75:45:81:24,FunBox2-8124,-42,1,2412,False,False
1778943470.2049437,management,beacon,d8:d7:75:45:81:24,ff:ff:ff:ff:ff:ff,ff:ff:ff:ff:ff:ff,d8:d7:75:45:81:24,d8:d7:75:45:81:24,FunBox2-8124,-49,1,2412,False,False
1778943470.3073723,management,beacon,d8:d7:75:45:81:24,ff:ff:ff:ff:ff:ff,ff:ff:ff:ff:ff:ff,d8:d7:75:45:81:24,d8:d7:75:45:81:24,FunBox2-8124,-48,1,2412,False,False
1778943470.4097977,management,beacon,d8:d7:75:45:81:24,ff:ff:ff:ff:ff:ff,ff:ff:ff:ff:ff:ff,d8:d7:75:45:81:24,d8:d7:75:45:81:24,FunBox2-8124,-49,1,2412,False,False
1778943470.59479,data,qos_null,aa:23:4f:4d:00:cf,74:ea:3a:a1:53:a6,74:ea:3a:a1:53:a6,aa:23:4f:4d:00:cf,74:ea:3a:a1:53:a6,,-88,1,2412,False,False
1778943470.614549,management,beacon,d8:d7:75:45:81:24,ff:ff:ff:ff:ff:ff,ff:ff:ff:ff:ff:ff,d8:d7:75:45:81:24,d8:d7:75:45:81:24,FunBox2-8124,-43,1,2412,False,False
1778943470.7169647,management,beacon,d8:d7:75:45:81:24,ff:ff:ff:ff:ff:ff,ff:ff:ff:ff:ff:ff,d8:d7:75:45:81:24,d8:d7:75:45:81:24,FunBox2-8124,-48,1,2412,False,False
1778943470.7659264,data,qos_null,aa:23:4f:4d:00:cf,74:ea:3a:a1:53:a6,74:ea:3a:a1:53:a6,aa:23:4f:4d:00:cf,74:ea:3a:a1:53:a6,,-94,1,2412,False,False
1778943470.81944,management,beacon,d8:d7:75:45:81:24,ff:ff:ff:ff:ff:ff,ff:ff:ff:ff:ff:ff,d8:d7:75:45:81:24,d8:d7:75:45:81:24,FunBox2-8124,-43,1,2412,False,False
1778943470.8206375,data,null_data,50:02:91:e8:18:ec,d8:d7:75:45:81:24,d8:d7:75:45:81:24,50:02:91:e8:18:ec,d8:d7:75:45:81:24,,-81,1,2412,False,False
1778943470.820644,control,ack,,50:02:91:e8:18:ec,50:02:91:e8:18:ec,,,,-44,1,2412,False,False
1778943470.9217908,management,beacon,d8:d7:75:45:81:24,ff:ff:ff:ff:ff:ff,ff:ff:ff:ff:ff:ff,d8:d7:75:45:81:24,d8:d7:75:45:81:24,FunBox2-8124,-52,1,2412,False,False
1778943470.9815054,data,null_data,50:02:91:e8:18:ec,d8:d7:75:45:81:24,d8:d7:75:45:81:24,50:02:91:e8:18:ec,d8:d7:75:45:81:24,,-80,1,2412,False,False
1778943470.9815183,control,ack,,50:02:91:e8:18:ec,50:02:91:e8:18:ec,,,,-43,1,2412,False,False
1778943471.1266575,management,beacon,d8:d7:75:45:81:24,ff:ff:ff:ff:ff:ff,ff:ff:ff:ff:ff:ff,d8:d7:75:45:81:24,d8:d7:75:45:81:24,FunBox2-8124,-42,1,2412,False,False
1778943471.229027,management,beacon,d8:d7:75:45:81:24,ff:ff:ff:ff:ff:ff,ff:ff:ff:ff:ff:ff,d8:d7:75:45:81:24,d8:d7:75:45:81:24,FunBox2-8124,-42,1,2412,False,False
1778943471.3314588,management,beacon,d8:d7:75:45:81:24,ff:ff:ff:ff:ff:ff,ff:ff:ff:ff:ff:ff,d8:d7:75:45:81:24,d8:d7:75:45:81:24,FunBox2-8124,-50,1,2412,False,False
1778943471.433785,management,beacon,d8:d7:75:45:81:24,ff:ff:ff:ff:ff:ff,ff:ff:ff:ff:ff:ff,d8:d7:75:45:81:24,d8:d7:75:45:81:24,FunBox2-8124,-48,1,2412,False,False
1778943471.6387463,management,beacon,d8:d7:75:45:81:24,ff:ff:ff:ff:ff:ff,ff:ff:ff:ff:ff:ff,d8:d7:75:45:81:24,d8:d7:75:45:81:24,FunBox2-8124,-49,1,2412,False,False
1778943471.7410276,management,beacon,d8:d7:75:45:81:24,ff:ff:ff:ff:ff:ff,ff:ff:ff:ff:ff:ff,d8:d7:75:45:81:24,d8:d7:75:45:81:24,FunBox2-8124,-50,1,2412,False,False
1778943471.8434565,management,beacon,d8:d7:75:45:81:24,ff:ff:ff:ff:ff:ff,ff:ff:ff:ff:ff:ff,d8:d7:75:45:81:24,d8:d7:75:45:81:24,FunBox2-8124,-43,1,2412,False,False
1778943471.9459996,management,beacon,d8:d7:75:45:81:24,ff:ff:ff:ff:ff:ff,ff:ff:ff:ff:ff:ff,d8:d7:75:45:81:24,d8:d7:75:45:81:24,FunBox2-8124,-49,1,2412,False,False
1778943472.1506867,management,beacon,d8:d7:75:45:81:24,ff:ff:ff:ff:ff:ff,ff:ff:ff:ff:ff:ff,d8:d7:75:45:81:24,d8:d7:75:45:81:24,FunBox2-8124,-48,1,2412,False,False
1778943472.2542603,management,beacon,d8:d7:75:45:81:24,ff:ff:ff:ff:ff:ff,ff:ff:ff:ff:ff:ff,d8:d7:75:45:81:24,d8:d7:75:45:81:24,FunBox2-8124,-48,1,2412,False,False
1778943472.2554748,data,null_data,50:02:91:e8:18:ec,d8:d7:75:45:81:24,d8:d7:75:45:81:24,50:02:91:e8:18:ec,d8:d7:75:45:81:24,,-80,1,2412,False,False
1778943472.2554789,control,ack,,50:02:91:e8:18:ec,50:02:91:e8:18:ec,,,,-45,1,2412,False,False
1778943472.2559273,data,null_data,50:02:91:e8:18:ec,d8:d7:75:45:81:24,d8:d7:75:45:81:24,50:02:91:e8:18:ec,d8:d7:75:45:81:24,,-81,1,2412,False,True
1778943472.2564163,data,null_data,50:02:91:e8:18:ec,d8:d7:75:45:81:24,d8:d7:75:45:81:24,50:02:91:e8:18:ec,d8:d7:75:45:81:24,,-84,1,2412,False,True
1778943472.2564194,control,ack,,50:02:91:e8:18:ec,50:02:91:e8:18:ec,,,,-50,1,2412,False,False
1778943472.3558614,management,beacon,d8:d7:75:45:81:24,ff:ff:ff:ff:ff:ff,ff:ff:ff:ff:ff:ff,d8:d7:75:45:81:24,d8:d7:75:45:81:24,FunBox2-8124,-48,1,2412,False,False
1778943472.4175017,data,null_data,50:02:91:e8:18:ec,d8:d7:75:45:81:24,d8:d7:75:45:81:24,50:02:91:e8:18:ec,d8:d7:75:45:81:24,,-81,1,2412,False,False
1778943472.4175122,control,ack,,50:02:91:e8:18:ec,50:02:91:e8:18:ec,,,,-50,1,2412,False,False
1778943472.4589722,management,beacon,d8:d7:75:45:81:24,ff:ff:ff:ff:ff:ff,ff:ff:ff:ff:ff:ff,d8:d7:75:45:81:24,d8:d7:75:45:81:24,FunBox2-8124,-42,1,2412,False,False
1778943472.6631112,management,beacon,d8:d7:75:45:81:24,ff:ff:ff:ff:ff:ff,ff:ff:ff:ff:ff:ff,d8:d7:75:45:81:24,d8:d7:75:45:81:24,FunBox2-8124,-42,1,2412,False,False
1778943472.7650917,management,beacon,d8:d7:75:45:81:24,ff:ff:ff:ff:ff:ff,ff:ff:ff:ff:ff:ff,d8:d7:75:45:81:24,d8:d7:75:45:81:24,FunBox2-8124,-41,1,2412,False,False
1778943472.781169,data,qos_null,aa:23:4f:4d:00:cf,74:ea:3a:a1:53:a6,74:ea:3a:a1:53:a6,aa:23:4f:4d:00:cf,74:ea:3a:a1:53:a6,,-88,1,2412,False,False
1778943472.8675017,management,beacon,d8:d7:75:45:81:24,ff:ff:ff:ff:ff:ff,ff:ff:ff:ff:ff:ff,d8:d7:75:45:81:24,d8:d7:75:45:81:24,FunBox2-8124,-43,1,2412,False,False
1778943472.9699144,management,beacon,d8:d7:75:45:81:24,ff:ff:ff:ff:ff:ff,ff:ff:ff:ff:ff:ff,d8:d7:75:45:81:24,d8:d7:75:45:81:24,FunBox2-8124,-41,1,2412,False,False
1778943472.9815698,data,qos_null,aa:23:4f:4d:00:cf,74:ea:3a:a1:53:a6,74:ea:3a:a1:53:a6,aa:23:4f:4d:00:cf,74:ea:3a:a1:53:a6,,-92,1,2412,False,False
1778943473.1746867,management,beacon,d8:d7:75:45:81:24,ff:ff:ff:ff:ff:ff,ff:ff:ff:ff:ff:ff,d8:d7:75:45:81:24,d8:d7:75:45:81:24,FunBox2-8124,-41,1,2412,False,False
1778943473.176741,data,data,d8:d7:75:45:81:24,01:00:5e:00:00:fb,01:00:5e:00:00:fb,d8:d7:75:45:81:24,e6:12:a8:93:5a:78,,-41,1,2412,True,False
1778943473.176748,data,null_data,50:02:91:e8:18:ec,d8:d7:75:45:81:24,d8:d7:75:45:81:24,50:02:91:e8:18:ec,d8:d7:75:45:81:24,,-81,1,2412,False,False
1778943473.176749,control,ack,,50:02:91:e8:18:ec,50:02:91:e8:18:ec,,,,-45,1,2412,False,False
1778943473.17675,data,null_data,50:02:91:e8:18:ec,d8:d7:75:45:81:24,d8:d7:75:45:81:24,50:02:91:e8:18:ec,d8:d7:75:45:81:24,,-81,1,2412,False,True
1778943473.176751,control,ack,,50:02:91:e8:18:ec,50:02:91:e8:18:ec,,,,-52,1,2412,False,False
1778943473.1783512,data,data,d8:d7:75:45:81:24,33:33:00:00:00:fb,33:33:00:00:00:fb,d8:d7:75:45:81:24,e6:12:a8:93:5a:78,,-47,1,2412,True,False
1778943473.1786702,control,ack,,d8:d7:75:45:81:24,d8:d7:75:45:81:24,,,,-84,1,2412,False,False
1778943473.2771058,management,beacon,d8:d7:75:45:81:24,ff:ff:ff:ff:ff:ff,ff:ff:ff:ff:ff:ff,d8:d7:75:45:81:24,d8:d7:75:45:81:24,FunBox2-8124,-43,1,2412,False,False
1778943473.3391125,data,null_data,50:02:91:e8:18:ec,d8:d7:75:45:81:24,d8:d7:75:45:81:24,50:02:91:e8:18:ec,d8:d7:75:45:81:24,,-83,1,2412,False,False
1778943473.3391213,control,ack,,50:02:91:e8:18:ec,50:02:91:e8:18:ec,,,,-45,1,2412,False,False
1778943473.3794928,management,beacon,d8:d7:75:45:81:24,ff:ff:ff:ff:ff:ff,ff:ff:ff:ff:ff:ff,d8:d7:75:45:81:24,d8:d7:75:45:81:24,FunBox2-8124,-48,1,2412,False,False
1778943473.4818902,management,beacon,d8:d7:75:45:81:24,ff:ff:ff:ff:ff:ff,ff:ff:ff:ff:ff:ff,d8:d7:75:45:81:24,d8:d7:75:45:81:24,FunBox2-8124,-44,1,2412,False,False
1778943473.5842881,management,beacon,d8:d7:75:45:81:24,ff:ff:ff:ff:ff:ff,ff:ff:ff:ff:ff:ff,d8:d7:75:45:81:24,d8:d7:75:45:81:24,FunBox2-8124,-43,1,2412,False,False
1778943473.686704,management,beacon,d8:d7:75:45:81:24,ff:ff:ff:ff:ff:ff,ff:ff:ff:ff:ff:ff,d8:d7:75:45:81:24,d8:d7:75:45:81:24,FunBox2-8124,-41,1,2412,False,False
1778943473.7890713,management,beacon,d8:d7:75:45:81:24,ff:ff:ff:ff:ff:ff,ff:ff:ff:ff:ff:ff,d8:d7:75:45:81:24,d8:d7:75:45:81:24,FunBox2-8124,-42,1,2412,False,False
1778943473.891794,management,beacon,d8:d7:75:45:81:24,ff:ff:ff:ff:ff:ff,ff:ff:ff:ff:ff:ff,d8:d7:75:45:81:24,d8:d7:75:45:81:24,FunBox2-8124,-42,1,2412,False,False
1778943473.9939046,management,beacon,d8:d7:75:45:81:24,ff:ff:ff:ff:ff:ff,ff:ff:ff:ff:ff:ff,d8:d7:75:45:81:24,d8:d7:75:45:81:24,FunBox2-8124,-42,1,2412,False,False
1778943474.0963652,management,beacon,d8:d7:75:45:81:24,ff:ff:ff:ff:ff:ff,ff:ff:ff:ff:ff:ff,d8:d7:75:45:81:24,d8:d7:75:45:81:24,FunBox2-8124,-41,1,2412,False,False
1778943474.198756,management,beacon,d8:d7:75:45:81:24,ff:ff:ff:ff:ff:ff,ff:ff:ff:ff:ff:ff,d8:d7:75:45:81:24,d8:d7:75:45:81:24,FunBox2-8124,-43,1,2412,False,False
1778943474.3011243,management,beacon,d8:d7:75:45:81:24,ff:ff:ff:ff:ff:ff,ff:ff:ff:ff:ff:ff,d8:d7:75:45:81:24,d8:d7:75:45:81:24,FunBox2-8124,-53,1,2412,False,False
1778943474.4035208,management,beacon,d8:d7:75:45:81:24,ff:ff:ff:ff:ff:ff,ff:ff:ff:ff:ff:ff,d8:d7:75:45:81:24,d8:d7:75:45:81:24,FunBox2-8124,-41,1,2412,False,False
1778943474.5059083,management,beacon,d8:d7:75:45:81:24,ff:ff:ff:ff:ff:ff,ff:ff:ff:ff:ff:ff,d8:d7:75:45:81:24,d8:d7:75:45:81:24,FunBox2-8124,-43,1,2412,False,False
1778943474.6083117,management,beacon,d8:d7:75:45:81:24,ff:ff:ff:ff:ff:ff,ff:ff:ff:ff:ff:ff,d8:d7:75:45:81:24,d8:d7:75:45:81:24,FunBox2-8124,-42,1,2412,False,False
1778943474.6691422,control,cts,,54:35:30:cf:ee:1e,54:35:30:cf:ee:1e,,,,-53,1,2412,False,False
1778943474.713013,management,beacon,d8:d7:75:45:81:24,ff:ff:ff:ff:ff:ff,ff:ff:ff:ff:ff:ff,d8:d7:75:45:81:24,d8:d7:75:45:81:24,FunBox2-8124,-44,1,2412,False,False
1778943474.8131325,management,beacon,d8:d7:75:45:81:24,ff:ff:ff:ff:ff:ff,ff:ff:ff:ff:ff:ff,d8:d7:75:45:81:24,d8:d7:75:45:81:24,FunBox2-8124,-44,1,2412,False,False
1778943474.9155335,management,beacon,d8:d7:75:45:81:24,ff:ff:ff:ff:ff:ff,ff:ff:ff:ff:ff:ff,d8:d7:75:45:81:24,d8:d7:75:45:81:24,FunBox2-8124,-43,1,2412,False,False
1778943475.017921,management,beacon,d8:d7:75:45:81:24,ff:ff:ff:ff:ff:ff,ff:ff:ff:ff:ff:ff,d8:d7:75:45:81:24,d8:d7:75:45:81:24,FunBox2-8124,-49,1,2412,False,False
1778943475.1203337,management,beacon,d8:d7:75:45:81:24,ff:ff:ff:ff:ff:ff,ff:ff:ff:ff:ff:ff,d8:d7:75:45:81:24,d8:d7:75:45:81:24,FunBox2-8124,-43,1,2412,False,False
1778943475.2227676,management,beacon,d8:d7:75:45:81:24,ff:ff:ff:ff:ff:ff,ff:ff:ff:ff:ff:ff,d8:d7:75:45:81:24,d8:d7:75:45:81:24,FunBox2-8124,-49,1,2412,False,False
1778943475.3252,management,beacon,d8:d7:75:45:81:24,ff:ff:ff:ff:ff:ff,ff:ff:ff:ff:ff:ff,d8:d7:75:45:81:24,d8:d7:75:45:81:24,FunBox2-8124,-46,1,2412,False,False
1778943475.3263524,data,null_data,50:02:91:e8:18:ec,d8:d7:75:45:81:24,d8:d7:75:45:81:24,50:02:91:e8:18:ec,d8:d7:75:45:81:24,,-83,1,2412,False,False
1778943475.3263562,control,ack,,50:02:91:e8:18:ec,50:02:91:e8:18:ec,,,,-50,1,2412,False,False
1778943475.4275906,management,beacon,d8:d7:75:45:81:24,ff:ff:ff:ff:ff:ff,ff:ff:ff:ff:ff:ff,d8:d7:75:45:81:24,d8:d7:75:45:81:24,FunBox2-8124,-48,1,2412,False,False
1778943475.4872262,data,null_data,50:02:91:e8:18:ec,d8:d7:75:45:81:24,d8:d7:75:45:81:24,50:02:91:e8:18:ec,d8:d7:75:45:81:24,,-81,1,2412,False,False
1778943475.487238,control,ack,,50:02:91:e8:18:ec,50:02:91:e8:18:ec,,,,-49,1,2412,False,False
1778943475.5299501,management,beacon,d8:d7:75:45:81:24,ff:ff:ff:ff:ff:ff,ff:ff:ff:ff:ff:ff,d8:d7:75:45:81:24,d8:d7:75:45:81:24,FunBox2-8124,-46,1,2412,False,False
1778943475.7347977,management,beacon,d8:d7:75:45:81:24,ff:ff:ff:ff:ff:ff,ff:ff:ff:ff:ff:ff,d8:d7:75:45:81:24,d8:d7:75:45:81:24,FunBox2-8124,-46,1,2412,False,False
1778943475.8172994,data,qos_null,aa:23:4f:4d:00:cf,74:ea:3a:a1:53:a6,74:ea:3a:a1:53:a6,aa:23:4f:4d:00:cf,74:ea:3a:a1:53:a6,,-90,1,2412,False,False
1778943475.8371747,management,beacon,d8:d7:75:45:81:24,ff:ff:ff:ff:ff:ff,ff:ff:ff:ff:ff:ff,d8:d7:75:45:81:24,d8:d7:75:45:81:24,FunBox2-8124,-45,1,2412,False,False
1778943475.9395678,management,beacon,d8:d7:75:45:81:24,ff:ff:ff:ff:ff:ff,ff:ff:ff:ff:ff:ff,d8:d7:75:45:81:24,d8:d7:75:45:81:24,FunBox2-8124,-44,1,2412,False,False
1778943476.0419986,management,beacon,d8:d7:75:45:81:24,ff:ff:ff:ff:ff:ff,ff:ff:ff:ff:ff:ff,d8:d7:75:45:81:24,d8:d7:75:45:81:24,FunBox2-8124,-47,1,2412,False,False
1778943476.1444275,management,beacon,d8:d7:75:45:81:24,ff:ff:ff:ff:ff:ff,ff:ff:ff:ff:ff:ff,d8:d7:75:45:81:24,d8:d7:75:45:81:24,FunBox2-8124,-44,1,2412,False,False
1778943476.246815,management,beacon,d8:d7:75:45:81:24,ff:ff:ff:ff:ff:ff,ff:ff:ff:ff:ff:ff,d8:d7:75:45:81:24,d8:d7:75:45:81:24,FunBox2-8124,-44,1,2412,False,False
1778943476.3491826,management,beacon,d8:d7:75:45:81:24,ff:ff:ff:ff:ff:ff,ff:ff:ff:ff:ff:ff,d8:d7:75:45:81:24,d8:d7:75:45:81:24,FunBox2-8124,-47,1,2412,False,False
1778943476.451611,management,beacon,d8:d7:75:45:81:24,ff:ff:ff:ff:ff:ff,ff:ff:ff:ff:ff:ff,d8:d7:75:45:81:24,d8:d7:75:45:81:24,FunBox2-8124,-44,1,2412,False,False
1778943476.5551417,management,beacon,d8:d7:75:45:81:24,ff:ff:ff:ff:ff:ff,ff:ff:ff:ff:ff:ff,d8:d7:75:45:81:24,d8:d7:75:45:81:24,FunBox2-8124,-44,1,2412,False,False
1778943476.656449,management,beacon,d8:d7:75:45:81:24,ff:ff:ff:ff:ff:ff,ff:ff:ff:ff:ff:ff,d8:d7:75:45:81:24,d8:d7:75:45:81:24,FunBox2-8124,-44,1,2412,False,False
1778943476.7587957,management,beacon,d8:d7:75:45:81:24,ff:ff:ff:ff:ff:ff,ff:ff:ff:ff:ff:ff,d8:d7:75:45:81:24,d8:d7:75:45:81:24,FunBox2-8124,-44,1,2412,False,False
1778943476.8612137,management,beacon,d8:d7:75:45:81:24,ff:ff:ff:ff:ff:ff,ff:ff:ff:ff:ff:ff,d8:d7:75:45:81:24,d8:d7:75:45:81:24,FunBox2-8124,-45,1,2412,False,False
1778943476.8624182,control,ack,,50:02:91:e8:18:ec,50:02:91:e8:18:ec,,,,-46,1,2412,False,False
1778943476.9636135,management,beacon,d8:d7:75:45:81:24,ff:ff:ff:ff:ff:ff,ff:ff:ff:ff:ff:ff,d8:d7:75:45:81:24,d8:d7:75:45:81:24,FunBox2-8124,-45,1,2412,False,False
1778943477.023283,data,null_data,50:02:91:e8:18:ec,d8:d7:75:45:81:24,d8:d7:75:45:81:24,50:02:91:e8:18:ec,d8:d7:75:45:81:24,,-82,1,2412,False,False
1778943477.023294,control,ack,,50:02:91:e8:18:ec,50:02:91:e8:18:ec,,,,-47,1,2412,False,False
1778943477.068056,management,beacon,d8:d7:75:45:81:24,ff:ff:ff:ff:ff:ff,ff:ff:ff:ff:ff:ff,d8:d7:75:45:81:24,d8:d7:75:45:81:24,FunBox2-8124,-43,1,2412,False,False
1778943477.168402,management,beacon,d8:d7:75:45:81:24,ff:ff:ff:ff:ff:ff,ff:ff:ff:ff:ff:ff,d8:d7:75:45:81:24,d8:d7:75:45:81:24,FunBox2-8124,-43,1,2412,False,False
1778943477.2708502,management,beacon,d8:d7:75:45:81:24,ff:ff:ff:ff:ff:ff,ff:ff:ff:ff:ff:ff,d8:d7:75:45:81:24,d8:d7:75:45:81:24,FunBox2-8124,-44,1,2412,False,False
1778943477.3735666,management,beacon,d8:d7:75:45:81:24,ff:ff:ff:ff:ff:ff,ff:ff:ff:ff:ff:ff,d8:d7:75:45:81:24,d8:d7:75:45:81:24,FunBox2-8124,-43,1,2412,False,False
1778943477.4756486,management,beacon,d8:d7:75:45:81:24,ff:ff:ff:ff:ff:ff,ff:ff:ff:ff:ff:ff,d8:d7:75:45:81:24,d8:d7:75:45:81:24,FunBox2-8124,-47,1,2412,False,False
1778943477.5780585,management,beacon,d8:d7:75:45:81:24,ff:ff:ff:ff:ff:ff,ff:ff:ff:ff:ff:ff,d8:d7:75:45:81:24,d8:d7:75:45:81:24,FunBox2-8124,-43,1,2412,False,False
1778943477.6804454,management,beacon,d8:d7:75:45:81:24,ff:ff:ff:ff:ff:ff,ff:ff:ff:ff:ff:ff,d8:d7:75:45:81:24,d8:d7:75:45:81:24,FunBox2-8124,-43,1,2412,False,False
1778943477.7828305,management,beacon,d8:d7:75:45:81:24,ff:ff:ff:ff:ff:ff,ff:ff:ff:ff:ff:ff,d8:d7:75:45:81:24,d8:d7:75:45:81:24,FunBox2-8124,-44,1,2412,False,False
1778943477.8858342,management,beacon,d8:d7:75:45:81:24,ff:ff:ff:ff:ff:ff,ff:ff:ff:ff:ff:ff,d8:d7:75:45:81:24,d8:d7:75:45:81:24,FunBox2-8124,-44,1,2412,False,False
1778943477.987664,management,beacon,d8:d7:75:45:81:24,ff:ff:ff:ff:ff:ff,ff:ff:ff:ff:ff:ff,d8:d7:75:45:81:24,d8:d7:75:45:81:24,FunBox2-8124,-44,1,2412,False,False
1778943478.0900872,management,beacon,d8:d7:75:45:81:24,ff:ff:ff:ff:ff:ff,ff:ff:ff:ff:ff:ff,d8:d7:75:45:81:24,d8:d7:75:45:81:24,FunBox2-8124,-44,1,2412,False,False
1778943478.1924725,management,beacon,d8:d7:75:45:81:24,ff:ff:ff:ff:ff:ff,ff:ff:ff:ff:ff:ff,d8:d7:75:45:81:24,d8:d7:75:45:81:24,FunBox2-8124,-45,1,2412,False,False
1778943478.2948866,management,beacon,d8:d7:75:45:81:24,ff:ff:ff:ff:ff:ff,ff:ff:ff:ff:ff:ff,d8:d7:75:45:81:24,d8:d7:75:45:81:24,FunBox2-8124,-45,1,2412,False,False
1778943478.3972542,management,beacon,d8:d7:75:45:81:24,ff:ff:ff:ff:ff:ff,ff:ff:ff:ff:ff:ff,d8:d7:75:45:81:24,d8:d7:75:45:81:24,FunBox2-8124,-45,1,2412,False,False
1778943478.4996705,management,beacon,d8:d7:75:45:81:24,ff:ff:ff:ff:ff:ff,ff:ff:ff:ff:ff:ff,d8:d7:75:45:81:24,d8:d7:75:45:81:24,FunBox2-8124,-41,1,2412,False,False
1778943478.500835,data,null_data,50:02:91:e8:18:ec,d8:d7:75:45:81:24,d8:d7:75:45:81:24,50:02:91:e8:18:ec,d8:d7:75:45:81:24,,-79,1,2412,False,False
1778943478.5008392,control,ack,,50:02:91:e8:18:ec,50:02:91:e8:18:ec,,,,-45,1,2412,False,False
1778943478.60207,management,beacon,d8:d7:75:45:81:24,ff:ff:ff:ff:ff:ff,ff:ff:ff:ff:ff:ff,d8:d7:75:45:81:24,d8:d7:75:45:81:24,FunBox2-8124,-41,1,2412,False,False
1778943478.661681,data,null_data,50:02:91:e8:18:ec,d8:d7:75:45:81:24,d8:d7:75:45:81:24,50:02:91:e8:18:ec,d8:d7:75:45:81:24,,-82,1,2412,False,False
1778943478.6616938,control,ack,,50:02:91:e8:18:ec,50:02:91:e8:18:ec,,,,-48,1,2412,False,False
1778943478.7044942,management,beacon,d8:d7:75:45:81:24,ff:ff:ff:ff:ff:ff,ff:ff:ff:ff:ff:ff,d8:d7:75:45:81:24,d8:d7:75:45:81:24,FunBox2-8124,-42,1,2412,False,False
1778943478.8068597,management,beacon,d8:d7:75:45:81:24,ff:ff:ff:ff:ff:ff,ff:ff:ff:ff:ff:ff,d8:d7:75:45:81:24,d8:d7:75:45:81:24,FunBox2-8124,-43,1,2412,False,False
1778943478.9092977,management,beacon,d8:d7:75:45:81:24,ff:ff:ff:ff:ff:ff,ff:ff:ff:ff:ff:ff,d8:d7:75:45:81:24,d8:d7:75:45:81:24,FunBox2-8124,-46,1,2412,False,False
1778943479.0116997,management,beacon,d8:d7:75:45:81:24,ff:ff:ff:ff:ff:ff,ff:ff:ff:ff:ff:ff,d8:d7:75:45:81:24,d8:d7:75:45:81:24,FunBox2-8124,-41,1,2412,False,False
1778943479.114128,management,beacon,d8:d7:75:45:81:24,ff:ff:ff:ff:ff:ff,ff:ff:ff:ff:ff:ff,d8:d7:75:45:81:24,d8:d7:75:45:81:24,FunBox2-8124,-45,1,2412,False,False
1778943479.2165267,management,beacon,d8:d7:75:45:81:24,ff:ff:ff:ff:ff:ff,ff:ff:ff:ff:ff:ff,d8:d7:75:45:81:24,d8:d7:75:45:81:24,FunBox2-8124,-40,1,2412,False,False
1778943479.3189309,management,beacon,d8:d7:75:45:81:24,ff:ff:ff:ff:ff:ff,ff:ff:ff:ff:ff:ff,d8:d7:75:45:81:24,d8:d7:75:45:81:24,FunBox2-8124,-42,1,2412,False,False
1778943479.4212952,management,beacon,d8:d7:75:45:81:24,ff:ff:ff:ff:ff:ff,ff:ff:ff:ff:ff:ff,d8:d7:75:45:81:24,d8:d7:75:45:81:24,FunBox2-8124,-45,1,2412,False,False
1778943479.5237136,management,beacon,d8:d7:75:45:81:24,ff:ff:ff:ff:ff:ff,ff:ff:ff:ff:ff:ff,d8:d7:75:45:81:24,d8:d7:75:45:81:24,FunBox2-8124,-47,1,2412,False,False
1778943479.6162264,data,null_data,50:02:91:e8:18:ec,d8:d7:75:45:81:24,d8:d7:75:45:81:24,50:02:91:e8:18:ec,d8:d7:75:45:81:24,,-83,1,2412,False,True
1778943479.6162362,control,ack,,50:02:91:e8:18:ec,50:02:91:e8:18:ec,,,,-46,1,2412,False,False
1778943479.6261237,management,beacon,d8:d7:75:45:81:24,ff:ff:ff:ff:ff:ff,ff:ff:ff:ff:ff:ff,d8:d7:75:45:81:24,d8:d7:75:45:81:24,FunBox2-8124,-46,1,2412,False,False
1778943479.708576,data,data,d8:d7:75:45:81:24,01:00:5e:7f:ff:fa,01:00:5e:7f:ff:fa,d8:d7:75:45:81:24,e6:12:a8:93:5a:78,,-40,1,2412,True,False
1778943479.7088873,control,ack,,d8:d7:75:45:81:24,d8:d7:75:45:81:24,,,,-86,1,2412,False,False
1778943479.7285502,management,beacon,d8:d7:75:45:81:24,ff:ff:ff:ff:ff:ff,ff:ff:ff:ff:ff:ff,d8:d7:75:45:81:24,d8:d7:75:45:81:24,FunBox2-8124,-45,1,2412,False,False
1778943479.830953,management,beacon,d8:d7:75:45:81:24,ff:ff:ff:ff:ff:ff,ff:ff:ff:ff:ff:ff,d8:d7:75:45:81:24,d8:d7:75:45:81:24,FunBox2-8124,-41,1,2412,False,False
1778943479.8693156,data,null_data,50:02:91:e8:18:ec,d8:d7:75:45:81:24,d8:d7:75:45:81:24,50:02:91:e8:18:ec,d8:d7:75:45:81:24,,-84,1,2412,False,False
1778943479.8693266,control,ack,,50:02:91:e8:18:ec,50:02:91:e8:18:ec,,,,-43,1,2412,False,False
1778943479.9333432,management,beacon,d8:d7:75:45:81:24,ff:ff:ff:ff:ff:ff,ff:ff:ff:ff:ff:ff,d8:d7:75:45:81:24,d8:d7:75:45:81:24,FunBox2-8124,-45,1,2412,False,False
1778943480.0357394,management,beacon,d8:d7:75:45:81:24,ff:ff:ff:ff:ff:ff,ff:ff:ff:ff:ff:ff,d8:d7:75:45:81:24,d8:d7:75:45:81:24,FunBox2-8124,-47,1,2412,False,False
1778943480.138108,management,beacon,d8:d7:75:45:81:24,ff:ff:ff:ff:ff:ff,ff:ff:ff:ff:ff:ff,d8:d7:75:45:81:24,d8:d7:75:45:81:24,FunBox2-8124,-47,1,2412,False,False
1778943480.2368872,management,probe_response,d8:d7:75:45:81:24,8a:38:ed:3c:6f:b0,8a:38:ed:3c:6f:b0,d8:d7:75:45:81:24,d8:d7:75:45:81:24,FunBox2-8124,-43,1,2412,False,False
1778943480.2435753,management,beacon,d8:d7:75:45:81:24,ff:ff:ff:ff:ff:ff,ff:ff:ff:ff:ff:ff,d8:d7:75:45:81:24,d8:d7:75:45:81:24,FunBox2-8124,-43,1,2412,False,False
1778943480.248146,management,probe_response,d8:d7:75:45:81:24,8a:38:ed:3c:6f:b0,8a:38:ed:3c:6f:b0,d8:d7:75:45:81:24,d8:d7:75:45:81:24,FunBox2-8124,-45,1,2412,False,False
1778943480.3429356,management,beacon,d8:d7:75:45:81:24,ff:ff:ff:ff:ff:ff,ff:ff:ff:ff:ff:ff,d8:d7:75:45:81:24,d8:d7:75:45:81:24,FunBox2-8124,-46,1,2412,False,False
1778943480.4454005,management,beacon,d8:d7:75:45:81:24,ff:ff:ff:ff:ff:ff,ff:ff:ff:ff:ff:ff,d8:d7:75:45:81:24,d8:d7:75:45:81:24,FunBox2-8124,-39,1,2412,False,False
1778943480.5477245,management,beacon,d8:d7:75:45:81:24,ff:ff:ff:ff:ff:ff,ff:ff:ff:ff:ff:ff,d8:d7:75:45:81:24,d8:d7:75:45:81:24,FunBox2-8124,-45,1,2412,False,False
1778943480.6501951,management,beacon,d8:d7:75:45:81:24,ff:ff:ff:ff:ff:ff,ff:ff:ff:ff:ff:ff,d8:d7:75:45:81:24,d8:d7:75:45:81:24,FunBox2-8124,-40,1,2412,False,False
1778943480.7525299,management,beacon,d8:d7:75:45:81:24,ff:ff:ff:ff:ff:ff,ff:ff:ff:ff:ff:ff,d8:d7:75:45:81:24,d8:d7:75:45:81:24,FunBox2-8124,-39,1,2412,False,False
1778943480.9573948,management,beacon,d8:d7:75:45:81:24,ff:ff:ff:ff:ff:ff,ff:ff:ff:ff:ff:ff,d8:d7:75:45:81:24,d8:d7:75:45:81:24,FunBox2-8124,-39,1,2412,False,False
1778943481.0597847,management,beacon,d8:d7:75:45:81:24,ff:ff:ff:ff:ff:ff,ff:ff:ff:ff:ff:ff,d8:d7:75:45:81:24,d8:d7:75:45:81:24,FunBox2-8124,-45,1,2412,False,False
1778943481.162181,management,beacon,d8:d7:75:45:81:24,ff:ff:ff:ff:ff:ff,ff:ff:ff:ff:ff:ff,d8:d7:75:45:81:24,d8:d7:75:45:81:24,FunBox2-8124,-46,1,2412,False,False
1778943481.163378,data,null_data,50:02:91:e8:18:ec,d8:d7:75:45:81:24,d8:d7:75:45:81:24,50:02:91:e8:18:ec,d8:d7:75:45:81:24,,-83,1,2412,False,False
1778943481.1633828,control,ack,,50:02:91:e8:18:ec,50:02:91:e8:18:ec,,,,-48,1,2412,False,False
1778943481.264622,management,beacon,d8:d7:75:45:81:24,ff:ff:ff:ff:ff:ff,ff:ff:ff:ff:ff:ff,d8:d7:75:45:81:24,d8:d7:75:45:81:24,FunBox2-8124,-46,1,2412,False,False
1778943481.324278,data,null_data,50:02:91:e8:18:ec,d8:d7:75:45:81:24,d8:d7:75:45:81:24,50:02:91:e8:18:ec,d8:d7:75:45:81:24,,-83,1,2412,False,False
1778943481.3242931,control,ack,,50:02:91:e8:18:ec,50:02:91:e8:18:ec,,,,-50,1,2412,False,False
1778943481.3670256,management,beacon,d8:d7:75:45:81:24,ff:ff:ff:ff:ff:ff,ff:ff:ff:ff:ff:ff,d8:d7:75:45:81:24,d8:d7:75:45:81:24,FunBox2-8124,-40,1,2412,False,False
1778943481.4693663,management,beacon,d8:d7:75:45:81:24,ff:ff:ff:ff:ff:ff,ff:ff:ff:ff:ff:ff,d8:d7:75:45:81:24,d8:d7:75:45:81:24,FunBox2-8124,-46,1,2412,False,False
1778943481.5717928,management,beacon,d8:d7:75:45:81:24,ff:ff:ff:ff:ff:ff,ff:ff:ff:ff:ff:ff,d8:d7:75:45:81:24,d8:d7:75:45:81:24,FunBox2-8124,-45,1,2412,False,False
1778943481.6741896,management,beacon,d8:d7:75:45:81:24,ff:ff:ff:ff:ff:ff,ff:ff:ff:ff:ff:ff,d8:d7:75:45:81:24,d8:d7:75:45:81:24,FunBox2-8124,-46,1,2412,False,False
1778943481.777817,management,beacon,d8:d7:75:45:81:24,ff:ff:ff:ff:ff:ff,ff:ff:ff:ff:ff:ff,d8:d7:75:45:81:24,d8:d7:75:45:81:24,FunBox2-8124,-41,1,2412,False,False
1778943481.9825685,management,beacon,d8:d7:75:45:81:24,ff:ff:ff:ff:ff:ff,ff:ff:ff:ff:ff:ff,d8:d7:75:45:81:24,d8:d7:75:45:81:24,FunBox2-8124,-41,1,2412,False,False
1778943482.0838468,management,beacon,d8:d7:75:45:81:24,ff:ff:ff:ff:ff:ff,ff:ff:ff:ff:ff:ff,d8:d7:75:45:81:24,d8:d7:75:45:81:24,FunBox2-8124,-47,1,2412,False,False
1778943482.1862323,management,beacon,d8:d7:75:45:81:24,ff:ff:ff:ff:ff:ff,ff:ff:ff:ff:ff:ff,d8:d7:75:45:81:24,d8:d7:75:45:81:24,FunBox2-8124,-46,1,2412,False,False
1778943482.28859,management,beacon,d8:d7:75:45:81:24,ff:ff:ff:ff:ff:ff,ff:ff:ff:ff:ff:ff,d8:d7:75:45:81:24,d8:d7:75:45:81:24,FunBox2-8124,-48,1,2412,False,False
1778943482.4937358,management,beacon,d8:d7:75:45:81:24,ff:ff:ff:ff:ff:ff,ff:ff:ff:ff:ff:ff,d8:d7:75:45:81:24,d8:d7:75:45:81:24,FunBox2-8124,-44,1,2412,False,False
1778943482.595812,management,beacon,d8:d7:75:45:81:24,ff:ff:ff:ff:ff:ff,ff:ff:ff:ff:ff:ff,d8:d7:75:45:81:24,d8:d7:75:45:81:24,FunBox2-8124,-47,1,2412,False,False
1778943482.6982167,management,beacon,d8:d7:75:45:81:24,ff:ff:ff:ff:ff:ff,ff:ff:ff:ff:ff:ff,d8:d7:75:45:81:24,d8:d7:75:45:81:24,FunBox2-8124,-41,1,2412,False,False
1778943482.6995783,data,null_data,50:02:91:e8:18:ec,d8:d7:75:45:81:24,d8:d7:75:45:81:24,50:02:91:e8:18:ec,d8:d7:75:45:81:24,,-81,1,2412,False,False
1778943482.6995852,control,ack,,50:02:91:e8:18:ec,50:02:91:e8:18:ec,,,,-44,1,2412,False,False
1778943482.6995878,data,null_data,50:02:91:e8:18:ec,d8:d7:75:45:81:24,d8:d7:75:45:81:24,50:02:91:e8:18:ec,d8:d7:75:45:81:24,,-81,1,2412,False,True
1778943482.69959,control,ack,,50:02:91:e8:18:ec,50:02:91:e8:18:ec,,,,-49,1,2412,False,False
1778943482.8006084,management,beacon,d8:d7:75:45:81:24,ff:ff:ff:ff:ff:ff,ff:ff:ff:ff:ff:ff,d8:d7:75:45:81:24,d8:d7:75:45:81:24,FunBox2-8124,-43,1,2412,False,False
1778943482.8603823,data,null_data,50:02:91:e8:18:ec,d8:d7:75:45:81:24,d8:d7:75:45:81:24,50:02:91:e8:18:ec,d8:d7:75:45:81:24,,-80,1,2412,False,False
1778943482.86061,data,null_data,50:02:91:e8:18:ec,d8:d7:75:45:81:24,d8:d7:75:45:81:24,50:02:91:e8:18:ec,d8:d7:75:45:81:24,,-80,1,2412,False,True
1778943482.8606117,control,ack,,50:02:91:e8:18:ec,50:02:91:e8:18:ec,,,,-47,1,2412,False,False
1778943483.0054312,management,beacon,d8:d7:75:45:81:24,ff:ff:ff:ff:ff:ff,ff:ff:ff:ff:ff:ff,d8:d7:75:45:81:24,d8:d7:75:45:81:24,FunBox2-8124,-47,1,2412,False,False
1778943483.107839,management,beacon,d8:d7:75:45:81:24,ff:ff:ff:ff:ff:ff,ff:ff:ff:ff:ff:ff,d8:d7:75:45:81:24,d8:d7:75:45:81:24,FunBox2-8124,-48,1,2412,False,False
1778943483.2102349,management,beacon,d8:d7:75:45:81:24,ff:ff:ff:ff:ff:ff,ff:ff:ff:ff:ff:ff,d8:d7:75:45:81:24,d8:d7:75:45:81:24,FunBox2-8124,-49,1,2412,False,False
1778943483.4558196,management,probe_request,be:37:d8:1b:5f:21,ff:ff:ff:ff:ff:ff,ff:ff:ff:ff:ff:ff,be:37:d8:1b:5f:21,ff:ff:ff:ff:ff:ff,<hidden>,-27,1,2412,False,False
1778943483.4593396,control,ack,,d8:d7:75:45:81:24,d8:d7:75:45:81:24,,,,-27,1,2412,False,False
1778943483.4664958,control,ack,,ac:84:c6:41:71:22,ac:84:c6:41:71:22,,,,-27,1,2412,False,False
1778943483.5174866,management,beacon,d8:d7:75:45:81:24,ff:ff:ff:ff:ff:ff,ff:ff:ff:ff:ff:ff,d8:d7:75:45:81:24,d8:d7:75:45:81:24,FunBox2-8124,-47,1,2412,False,False
1778943483.5214398,management,probe_request,be:37:d8:1b:5f:21,ff:ff:ff:ff:ff:ff,ff:ff:ff:ff:ff:ff,be:37:d8:1b:5f:21,ff:ff:ff:ff:ff:ff,<hidden>,-29,1,2412,False,False
1778943483.6198933,management,beacon,d8:d7:75:45:81:24,ff:ff:ff:ff:ff:ff,ff:ff:ff:ff:ff:ff,d8:d7:75:45:81:24,d8:d7:75:45:81:24,FunBox2-8124,-47,1,2412,False,False
1778943483.7222428,management,beacon,d8:d7:75:45:81:24,ff:ff:ff:ff:ff:ff,ff:ff:ff:ff:ff:ff,d8:d7:75:45:81:24,d8:d7:75:45:81:24,FunBox2-8124,-50,1,2412,False,False
1778943483.7758167,management,probe_request,be:37:d8:1b:5f:21,ff:ff:ff:ff:ff:ff,ff:ff:ff:ff:ff:ff,be:37:d8:1b:5f:21,ff:ff:ff:ff:ff:ff,<hidden>,-66,1,2412,False,False
1778943483.8250449,management,beacon,d8:d7:75:45:81:24,ff:ff:ff:ff:ff:ff,ff:ff:ff:ff:ff:ff,d8:d7:75:45:81:24,d8:d7:75:45:81:24,FunBox2-8124,-50,1,2412,False,False
1778943483.8280566,control,rts,54:35:30:cf:ee:1e,d8:d7:75:45:81:24,d8:d7:75:45:81:24,54:35:30:cf:ee:1e,,,-55,1,2412,False,False
1778943483.8280613,control,cts,,54:35:30:cf:ee:1e,54:35:30:cf:ee:1e,,,,-54,1,2412,False,False
1778943483.8280637,data,qos_data,54:35:30:cf:ee:1e,d8:d7:75:45:81:24,d8:d7:75:45:81:24,54:35:30:cf:ee:1e,ff:ff:ff:ff:ff:ff,,-54,1,2412,True,False
1778943483.8280656,control,block_ack,d8:d7:75:45:81:24,54:35:30:cf:ee:1e,54:35:30:cf:ee:1e,d8:d7:75:45:81:24,,,-55,1,2412,False,False
1778943483.9283009,data,data,d8:d7:75:45:81:24,ff:ff:ff:ff:ff:ff,ff:ff:ff:ff:ff:ff,d8:d7:75:45:81:24,54:35:30:cf:ee:1e,,-50,1,2412,True,False
1778943483.9289908,control,ack,,d8:d7:75:45:81:24,d8:d7:75:45:81:24,,,,-81,1,2412,False,False
1778943483.9289956,data,null_data,50:02:91:e8:18:ec,d8:d7:75:45:81:24,d8:d7:75:45:81:24,50:02:91:e8:18:ec,d8:d7:75:45:81:24,,-80,1,2412,False,False
1778943483.928998,control,ack,,50:02:91:e8:18:ec,50:02:91:e8:18:ec,,,,-55,1,2412,False,False
1778943483.9289994,data,null_data,50:02:91:e8:18:ec,d8:d7:75:45:81:24,d8:d7:75:45:81:24,50:02:91:e8:18:ec,d8:d7:75:45:81:24,,-82,1,2412,False,True
1778943483.9290004,control,ack,,50:02:91:e8:18:ec,50:02:91:e8:18:ec,,,,-55,1,2412,False,False
1778943484.0304928,management,beacon,d8:d7:75:45:81:24,ff:ff:ff:ff:ff:ff,ff:ff:ff:ff:ff:ff,d8:d7:75:45:81:24,d8:d7:75:45:81:24,FunBox2-8124,-49,1,2412,False,False
1778943484.0900338,data,null_data,50:02:91:e8:18:ec,d8:d7:75:45:81:24,d8:d7:75:45:81:24,50:02:91:e8:18:ec,d8:d7:75:45:81:24,,-83,1,2412,False,False
1778943484.090045,control,ack,,50:02:91:e8:18:ec,50:02:91:e8:18:ec,,,,-51,1,2412,False,False
1778943484.1319127,management,beacon,d8:d7:75:45:81:24,ff:ff:ff:ff:ff:ff,ff:ff:ff:ff:ff:ff,d8:d7:75:45:81:24,d8:d7:75:45:81:24,FunBox2-8124,-56,1,2412,False,False
1778943484.1426787,control,cts,,d8:d7:75:45:81:24,d8:d7:75:45:81:24,,,,-54,1,2412,False,False
1778943484.1426911,data,qos_data,d8:d7:75:45:81:24,54:35:30:cf:ee:1e,54:35:30:cf:ee:1e,d8:d7:75:45:81:24,a0:29:42:95:01:2d,,-55,1,2412,True,False
1778943484.1426957,control,block_ack,54:35:30:cf:ee:1e,d8:d7:75:45:81:24,d8:d7:75:45:81:24,54:35:30:cf:ee:1e,,,-50,1,2412,False,False
1778943484.2342818,management,beacon,d8:d7:75:45:81:24,ff:ff:ff:ff:ff:ff,ff:ff:ff:ff:ff:ff,d8:d7:75:45:81:24,d8:d7:75:45:81:24,FunBox2-8124,-55,1,2412,False,False
1778943484.336692,management,beacon,d8:d7:75:45:81:24,ff:ff:ff:ff:ff:ff,ff:ff:ff:ff:ff:ff,d8:d7:75:45:81:24,d8:d7:75:45:81:24,FunBox2-8124,-54,1,2412,False,False
1778943484.5415316,management,beacon,d8:d7:75:45:81:24,ff:ff:ff:ff:ff:ff,ff:ff:ff:ff:ff:ff,d8:d7:75:45:81:24,d8:d7:75:45:81:24,FunBox2-8124,-48,1,2412,False,False
1778943484.6439242,management,beacon,d8:d7:75:45:81:24,ff:ff:ff:ff:ff:ff,ff:ff:ff:ff:ff:ff,d8:d7:75:45:81:24,d8:d7:75:45:81:24,FunBox2-8124,-47,1,2412,False,False
1778943484.7463048,management,beacon,d8:d7:75:45:81:24,ff:ff:ff:ff:ff:ff,ff:ff:ff:ff:ff:ff,d8:d7:75:45:81:24,d8:d7:75:45:81:24,FunBox2-8124,-47,1,2412,False,False
1778943484.8486993,management,beacon,d8:d7:75:45:81:24,ff:ff:ff:ff:ff:ff,ff:ff:ff:ff:ff:ff,d8:d7:75:45:81:24,d8:d7:75:45:81:24,FunBox2-8124,-47,1,2412,False,False
1778943485.0535078,management,beacon,d8:d7:75:45:81:24,ff:ff:ff:ff:ff:ff,ff:ff:ff:ff:ff:ff,d8:d7:75:45:81:24,d8:d7:75:45:81:24,FunBox2-8124,-47,1,2412,False,False
1778943485.1559186,management,beacon,d8:d7:75:45:81:24,ff:ff:ff:ff:ff:ff,ff:ff:ff:ff:ff:ff,d8:d7:75:45:81:24,d8:d7:75:45:81:24,FunBox2-8124,-46,1,2412,False,False
1778943485.2583325,management,beacon,d8:d7:75:45:81:24,ff:ff:ff:ff:ff:ff,ff:ff:ff:ff:ff:ff,d8:d7:75:45:81:24,d8:d7:75:45:81:24,FunBox2-8124,-54,1,2412,False,False
1778943485.3607635,management,beacon,d8:d7:75:45:81:24,ff:ff:ff:ff:ff:ff,ff:ff:ff:ff:ff:ff,d8:d7:75:45:81:24,d8:d7:75:45:81:24,FunBox2-8124,-46,1,2412,False,False
1778943485.5655313,management,beacon,d8:d7:75:45:81:24,ff:ff:ff:ff:ff:ff,ff:ff:ff:ff:ff:ff,d8:d7:75:45:81:24,d8:d7:75:45:81:24,FunBox2-8124,-47,1,2412,False,False
1778943485.6679235,management,beacon,d8:d7:75:45:81:24,ff:ff:ff:ff:ff:ff,ff:ff:ff:ff:ff:ff,d8:d7:75:45:81:24,d8:d7:75:45:81:24,FunBox2-8124,-46,1,2412,False,False
1778943485.7703466,management,beacon,d8:d7:75:45:81:24,ff:ff:ff:ff:ff:ff,ff:ff:ff:ff:ff:ff,d8:d7:75:45:81:24,d8:d7:75:45:81:24,FunBox2-8124,-46,1,2412,False,False
1778943485.7715235,data,null_data,50:02:91:e8:18:ec,d8:d7:75:45:81:24,d8:d7:75:45:81:24,50:02:91:e8:18:ec,d8:d7:75:45:81:24,,-82,1,2412,False,False
1778943485.7715278,control,ack,,50:02:91:e8:18:ec,50:02:91:e8:18:ec,,,,-47,1,2412,False,False
1778943485.8727598,management,beacon,d8:d7:75:45:81:24,ff:ff:ff:ff:ff:ff,ff:ff:ff:ff:ff:ff,d8:d7:75:45:81:24,d8:d7:75:45:81:24,FunBox2-8124,-49,1,2412,False,False
1778943485.9325042,data,null_data,50:02:91:e8:18:ec,d8:d7:75:45:81:24,d8:d7:75:45:81:24,50:02:91:e8:18:ec,d8:d7:75:45:81:24,,-80,1,2412,False,False
1778943485.932521,data,null_data,50:02:91:e8:18:ec,d8:d7:75:45:81:24,d8:d7:75:45:81:24,50:02:91:e8:18:ec,d8:d7:75:45:81:24,,-83,1,2412,False,True
1778943485.9342184,data,null_data,50:02:91:e8:18:ec,d8:d7:75:45:81:24,d8:d7:75:45:81:24,50:02:91:e8:18:ec,d8:d7:75:45:81:24,,-84,1,2412,False,True
1778943485.934754,data,null_data,50:02:91:e8:18:ec,d8:d7:75:45:81:24,d8:d7:75:45:81:24,50:02:91:e8:18:ec,d8:d7:75:45:81:24,,-87,1,2412,False,True
1778943485.935083,control,ack,,50:02:91:e8:18:ec,50:02:91:e8:18:ec,,,,-48,1,2412,False,False
1778943486.0775895,management,beacon,d8:d7:75:45:81:24,ff:ff:ff:ff:ff:ff,ff:ff:ff:ff:ff:ff,d8:d7:75:45:81:24,d8:d7:75:45:81:24,FunBox2-8124,-47,1,2412,False,False
1778943486.1799498,management,beacon,d8:d7:75:45:81:24,ff:ff:ff:ff:ff:ff,ff:ff:ff:ff:ff:ff,d8:d7:75:45:81:24,d8:d7:75:45:81:24,FunBox2-8124,-48,1,2412,False,False
1778943486.282339,management,beacon,d8:d7:75:45:81:24,ff:ff:ff:ff:ff:ff,ff:ff:ff:ff:ff:ff,d8:d7:75:45:81:24,d8:d7:75:45:81:24,FunBox2-8124,-48,1,2412,False,False
1778943486.3847709,management,beacon,d8:d7:75:45:81:24,ff:ff:ff:ff:ff:ff,ff:ff:ff:ff:ff:ff,d8:d7:75:45:81:24,d8:d7:75:45:81:24,FunBox2-8124,-48,1,2412,False,False
1778943486.487195,management,beacon,d8:d7:75:45:81:24,ff:ff:ff:ff:ff:ff,ff:ff:ff:ff:ff:ff,d8:d7:75:45:81:24,d8:d7:75:45:81:24,FunBox2-8124,-47,1,2412,False,False
1778943486.589555,management,beacon,d8:d7:75:45:81:24,ff:ff:ff:ff:ff:ff,ff:ff:ff:ff:ff:ff,d8:d7:75:45:81:24,d8:d7:75:45:81:24,FunBox2-8124,-49,1,2412,False,False
1778943486.6922913,management,beacon,d8:d7:75:45:81:24,ff:ff:ff:ff:ff:ff,ff:ff:ff:ff:ff:ff,d8:d7:75:45:81:24,d8:d7:75:45:81:24,FunBox2-8124,-47,1,2412,False,False
1778943486.794373,management,beacon,d8:d7:75:45:81:24,ff:ff:ff:ff:ff:ff,ff:ff:ff:ff:ff:ff,d8:d7:75:45:81:24,d8:d7:75:45:81:24,FunBox2-8124,-48,1,2412,False,False
1778943486.8968205,management,beacon,d8:d7:75:45:81:24,ff:ff:ff:ff:ff:ff,ff:ff:ff:ff:ff:ff,d8:d7:75:45:81:24,d8:d7:75:45:81:24,FunBox2-8124,-47,1,2412,False,False
1778943486.999234,management,beacon,d8:d7:75:45:81:24,ff:ff:ff:ff:ff:ff,ff:ff:ff:ff:ff:ff,d8:d7:75:45:81:24,d8:d7:75:45:81:24,FunBox2-8124,-47,1,2412,False,False
1778943487.1015909,management,beacon,d8:d7:75:45:81:24,ff:ff:ff:ff:ff:ff,ff:ff:ff:ff:ff:ff,d8:d7:75:45:81:24,d8:d7:75:45:81:24,FunBox2-8124,-52,1,2412,False,False
1778943487.2040355,management,beacon,d8:d7:75:45:81:24,ff:ff:ff:ff:ff:ff,ff:ff:ff:ff:ff:ff,d8:d7:75:45:81:24,d8:d7:75:45:81:24,FunBox2-8124,-47,1,2412,False,False
1778943487.3076177,data,null_data,50:02:91:e8:18:ec,d8:d7:75:45:81:24,d8:d7:75:45:81:24,50:02:91:e8:18:ec,d8:d7:75:45:81:24,,-82,1,2412,False,False
1778943487.307625,control,ack,,50:02:91:e8:18:ec,50:02:91:e8:18:ec,,,,-49,1,2412,False,False
1778943487.4088006,management,beacon,d8:d7:75:45:81:24,ff:ff:ff:ff:ff:ff,ff:ff:ff:ff:ff:ff,d8:d7:75:45:81:24,d8:d7:75:45:81:24,FunBox2-8124,-47,1,2412,False,False
1778943487.4684618,data,null_data,50:02:91:e8:18:ec,d8:d7:75:45:81:24,d8:d7:75:45:81:24,50:02:91:e8:18:ec,d8:d7:75:45:81:24,,-83,1,2412,False,False
1778943487.4684722,control,ack,,50:02:91:e8:18:ec,50:02:91:e8:18:ec,,,,-49,1,2412,False,False
1778943487.5112329,management,beacon,d8:d7:75:45:81:24,ff:ff:ff:ff:ff:ff,ff:ff:ff:ff:ff:ff,d8:d7:75:45:81:24,d8:d7:75:45:81:24,FunBox2-8124,-46,1,2412,False,False
1778943487.6136034,management,beacon,d8:d7:75:45:81:24,ff:ff:ff:ff:ff:ff,ff:ff:ff:ff:ff:ff,d8:d7:75:45:81:24,d8:d7:75:45:81:24,FunBox2-8124,-47,1,2412,False,False
1778943487.716033,management,beacon,d8:d7:75:45:81:24,ff:ff:ff:ff:ff:ff,ff:ff:ff:ff:ff:ff,d8:d7:75:45:81:24,d8:d7:75:45:81:24,FunBox2-8124,-48,1,2412,False,False
1778943487.9208376,management,beacon,d8:d7:75:45:81:24,ff:ff:ff:ff:ff:ff,ff:ff:ff:ff:ff:ff,d8:d7:75:45:81:24,d8:d7:75:45:81:24,FunBox2-8124,-48,1,2412,False,False
1778943488.0232286,management,beacon,d8:d7:75:45:81:24,ff:ff:ff:ff:ff:ff,ff:ff:ff:ff:ff:ff,d8:d7:75:45:81:24,d8:d7:75:45:81:24,FunBox2-8124,-50,1,2412,False,False
1778943488.1256309,management,beacon,d8:d7:75:45:81:24,ff:ff:ff:ff:ff:ff,ff:ff:ff:ff:ff:ff,d8:d7:75:45:81:24,d8:d7:75:45:81:24,FunBox2-8124,-47,1,2412,False,False
1778943488.228076,management,beacon,d8:d7:75:45:81:24,ff:ff:ff:ff:ff:ff,ff:ff:ff:ff:ff:ff,d8:d7:75:45:81:24,d8:d7:75:45:81:24,FunBox2-8124,-47,1,2412,False,False
1778943488.3309374,management,beacon,d8:d7:75:45:81:24,ff:ff:ff:ff:ff:ff,ff:ff:ff:ff:ff:ff,d8:d7:75:45:81:24,d8:d7:75:45:81:24,FunBox2-8124,-49,1,2412,False,False
1778943488.4328473,management,beacon,d8:d7:75:45:81:24,ff:ff:ff:ff:ff:ff,ff:ff:ff:ff:ff:ff,d8:d7:75:45:81:24,d8:d7:75:45:81:24,FunBox2-8124,-48,1,2412,False,False
1778943488.5352383,management,beacon,d8:d7:75:45:81:24,ff:ff:ff:ff:ff:ff,ff:ff:ff:ff:ff:ff,d8:d7:75:45:81:24,d8:d7:75:45:81:24,FunBox2-8124,-51,1,2412,False,False
1778943488.6376648,management,beacon,d8:d7:75:45:81:24,ff:ff:ff:ff:ff:ff,ff:ff:ff:ff:ff:ff,d8:d7:75:45:81:24,d8:d7:75:45:81:24,FunBox2-8124,-45,1,2412,False,False
1778943488.7400916,management,beacon,d8:d7:75:45:81:24,ff:ff:ff:ff:ff:ff,ff:ff:ff:ff:ff:ff,d8:d7:75:45:81:24,d8:d7:75:45:81:24,FunBox2-8124,-47,1,2412,False,False
1778943488.843751,data,null_data,50:02:91:e8:18:ec,d8:d7:75:45:81:24,d8:d7:75:45:81:24,50:02:91:e8:18:ec,d8:d7:75:45:81:24,,-81,1,2412,False,False
1778943488.8437636,control,ack,,50:02:91:e8:18:ec,50:02:91:e8:18:ec,,,,-49,1,2412,False,False
1778943488.8645158,data,null_data,8e:8e:6f:93:93:5f,70:0b:01:45:f0:90,70:0b:01:45:f0:90,8e:8e:6f:93:93:5f,70:0b:01:45:f0:90,,-88,1,2412,False,True
1778943488.8739514,data,null_data,8e:8e:6f:93:93:5f,70:0b:01:45:f0:90,70:0b:01:45:f0:90,8e:8e:6f:93:93:5f,70:0b:01:45:f0:90,,-91,1,2412,False,True
1778943488.944909,management,beacon,d8:d7:75:45:81:24,ff:ff:ff:ff:ff:ff,ff:ff:ff:ff:ff:ff,d8:d7:75:45:81:24,d8:d7:75:45:81:24,FunBox2-8124,-48,1,2412,False,False
1778943489.0046043,data,null_data,50:02:91:e8:18:ec,d8:d7:75:45:81:24,d8:d7:75:45:81:24,50:02:91:e8:18:ec,d8:d7:75:45:81:24,,-82,1,2412,False,False
1778943489.0046153,control,ack,,50:02:91:e8:18:ec,50:02:91:e8:18:ec,,,,-51,1,2412,False,False
1778943489.149708,management,beacon,d8:d7:75:45:81:24,ff:ff:ff:ff:ff:ff,ff:ff:ff:ff:ff:ff,d8:d7:75:45:81:24,d8:d7:75:45:81:24,FunBox2-8124,-48,1,2412,False,False
1778943489.2520707,management,beacon,d8:d7:75:45:81:24,ff:ff:ff:ff:ff:ff,ff:ff:ff:ff:ff:ff,d8:d7:75:45:81:24,d8:d7:75:45:81:24,FunBox2-8124,-47,1,2412,False,False
1778943489.3545096,management,beacon,d8:d7:75:45:81:24,ff:ff:ff:ff:ff:ff,ff:ff:ff:ff:ff:ff,d8:d7:75:45:81:24,d8:d7:75:45:81:24,FunBox2-8124,-48,1,2412,False,False
1778943489.458786,management,beacon,d8:d7:75:45:81:24,ff:ff:ff:ff:ff:ff,ff:ff:ff:ff:ff:ff,d8:d7:75:45:81:24,d8:d7:75:45:81:24,FunBox2-8124,-50,1,2412,False,False
1778943489.6163075,data,null_data,50:02:91:e8:18:ec,d8:d7:75:45:81:24,d8:d7:75:45:81:24,50:02:91:e8:18:ec,d8:d7:75:45:81:24,,-79,1,2412,False,False
1778943489.61632,control,ack,,50:02:91:e8:18:ec,50:02:91:e8:18:ec,,,,-53,1,2412,False,False
1778943489.6616921,management,beacon,d8:d7:75:45:81:24,ff:ff:ff:ff:ff:ff,ff:ff:ff:ff:ff:ff,d8:d7:75:45:81:24,d8:d7:75:45:81:24,FunBox2-8124,-49,1,2412,False,False
1778943489.764092,management,beacon,d8:d7:75:45:81:24,ff:ff:ff:ff:ff:ff,ff:ff:ff:ff:ff:ff,d8:d7:75:45:81:24,d8:d7:75:45:81:24,FunBox2-8124,-49,1,2412,False,False
1778943489.7776651,data,null_data,50:02:91:e8:18:ec,d8:d7:75:45:81:24,d8:d7:75:45:81:24,50:02:91:e8:18:ec,d8:d7:75:45:81:24,,-78,1,2412,False,False
1778943489.7776775,control,ack,,50:02:91:e8:18:ec,50:02:91:e8:18:ec,,,,-49,1,2412,False,False
1778943489.9689188,management,beacon,d8:d7:75:45:81:24,ff:ff:ff:ff:ff:ff,ff:ff:ff:ff:ff:ff,d8:d7:75:45:81:24,d8:d7:75:45:81:24,FunBox2-8124,-49,1,2412,False,False
1778943490.0723298,data,data,d8:d7:75:45:81:24,ff:ff:ff:ff:ff:ff,ff:ff:ff:ff:ff:ff,d8:d7:75:45:81:24,d8:d7:75:45:81:24,,-48,1,2412,True,False
1778943490.0728412,control,ack,,d8:d7:75:45:81:24,d8:d7:75:45:81:24,,,,-82,1,2412,False,False
1778943490.0728443,data,null_data,50:02:91:e8:18:ec,d8:d7:75:45:81:24,d8:d7:75:45:81:24,50:02:91:e8:18:ec,d8:d7:75:45:81:24,,-80,1,2412,False,False
1778943490.072846,control,ack,,50:02:91:e8:18:ec,50:02:91:e8:18:ec,,,,-51,1,2412,False,False
1778943490.0743961,control,ack,,d8:d7:75:45:81:24,d8:d7:75:45:81:24,,,,-81,1,2412,False,False
1778943490.0769854,data,data,d8:d7:75:45:81:24,01:00:5e:00:00:01,01:00:5e:00:00:01,d8:d7:75:45:81:24,d8:d7:75:45:81:24,,-48,1,2412,True,False
1778943490.077302,control,ack,,d8:d7:75:45:81:24,d8:d7:75:45:81:24,,,,-83,1,2412,False,False
1778943490.0779233,management,action,d8:d7:75:45:81:24,50:02:91:e8:18:ec,50:02:91:e8:18:ec,d8:d7:75:45:81:24,d8:d7:75:45:81:24,,-48,1,2412,False,False
1778943490.0782428,control,ack,,d8:d7:75:45:81:24,d8:d7:75:45:81:24,,,,-82,1,2412,False,False
1778943490.078593,management,action,50:02:91:e8:18:ec,d8:d7:75:45:81:24,d8:d7:75:45:81:24,50:02:91:e8:18:ec,d8:d7:75:45:81:24,,-80,1,2412,False,False
1778943490.0785956,control,ack,,50:02:91:e8:18:ec,50:02:91:e8:18:ec,,,,-51,1,2412,False,False
1778943490.1737335,management,beacon,d8:d7:75:45:81:24,ff:ff:ff:ff:ff:ff,ff:ff:ff:ff:ff:ff,d8:d7:75:45:81:24,d8:d7:75:45:81:24,FunBox2-8124,-47,1,2412,False,False
1778943490.239414,data,null_data,50:02:91:e8:18:ec,d8:d7:75:45:81:24,d8:d7:75:45:81:24,50:02:91:e8:18:ec,d8:d7:75:45:81:24,,-82,1,2412,False,False
1778943490.2394285,control,ack,,50:02:91:e8:18:ec,50:02:91:e8:18:ec,,,,-51,1,2412,False,False
1778943490.2760875,management,beacon,d8:d7:75:45:81:24,ff:ff:ff:ff:ff:ff,ff:ff:ff:ff:ff:ff,d8:d7:75:45:81:24,d8:d7:75:45:81:24,FunBox2-8124,-48,1,2412,False,False
1778943490.4809155,management,beacon,d8:d7:75:45:81:24,ff:ff:ff:ff:ff:ff,ff:ff:ff:ff:ff:ff,d8:d7:75:45:81:24,d8:d7:75:45:81:24,FunBox2-8124,-52,1,2412,False,False
1778943490.6857543,management,beacon,d8:d7:75:45:81:24,ff:ff:ff:ff:ff:ff,ff:ff:ff:ff:ff:ff,d8:d7:75:45:81:24,d8:d7:75:45:81:24,FunBox2-8124,-51,1,2412,False,False
1778943490.7881618,management,beacon,d8:d7:75:45:81:24,ff:ff:ff:ff:ff:ff,ff:ff:ff:ff:ff:ff,d8:d7:75:45:81:24,d8:d7:75:45:81:24,FunBox2-8124,-47,1,2412,False,False
1778943490.8905208,management,beacon,d8:d7:75:45:81:24,ff:ff:ff:ff:ff:ff,ff:ff:ff:ff:ff:ff,d8:d7:75:45:81:24,d8:d7:75:45:81:24,FunBox2-8124,-45,1,2412,False,False
1778943490.99294,management,beacon,d8:d7:75:45:81:24,ff:ff:ff:ff:ff:ff,ff:ff:ff:ff:ff:ff,d8:d7:75:45:81:24,d8:d7:75:45:81:24,FunBox2-8124,-47,1,2412,False,False
1778943491.1977215,management,beacon,d8:d7:75:45:81:24,ff:ff:ff:ff:ff:ff,ff:ff:ff:ff:ff:ff,d8:d7:75:45:81:24,d8:d7:75:45:81:24,FunBox2-8124,-41,1,2412,False,False
1778943491.300156,management,beacon,d8:d7:75:45:81:24,ff:ff:ff:ff:ff:ff,ff:ff:ff:ff:ff:ff,d8:d7:75:45:81:24,d8:d7:75:45:81:24,FunBox2-8124,-39,1,2412,False,False
1778943491.4025621,management,beacon,d8:d7:75:45:81:24,ff:ff:ff:ff:ff:ff,ff:ff:ff:ff:ff:ff,d8:d7:75:45:81:24,d8:d7:75:45:81:24,FunBox2-8124,-47,1,2412,False,False
1778943491.50493,management,beacon,d8:d7:75:45:81:24,ff:ff:ff:ff:ff:ff,ff:ff:ff:ff:ff:ff,d8:d7:75:45:81:24,d8:d7:75:45:81:24,FunBox2-8124,-48,1,2412,False,False
1778943491.57132,management,probe_request,9a:66:e8:58:b0:bd,ff:ff:ff:ff:ff:ff,ff:ff:ff:ff:ff:ff,9a:66:e8:58:b0:bd,ff:ff:ff:ff:ff:ff,<hidden>,-47,1,2412,False,False
1778943491.5910141,management,probe_response,d8:d7:75:45:81:24,9a:66:e8:58:b0:bd,9a:66:e8:58:b0:bd,d8:d7:75:45:81:24,d8:d7:75:45:81:24,FunBox2-8124,-45,1,2412,False,False
1778943491.5913086,control,ack,,d8:d7:75:45:81:24,d8:d7:75:45:81:24,,,,-48,1,2412,False,False
1778943491.5930924,management,probe_request,9a:66:e8:58:b0:bd,ff:ff:ff:ff:ff:ff,ff:ff:ff:ff:ff:ff,9a:66:e8:58:b0:bd,ff:ff:ff:ff:ff:ff,<hidden>,-47,1,2412,False,False
1778943491.5964499,management,probe_response,d8:d7:75:45:81:24,9a:66:e8:58:b0:bd,9a:66:e8:58:b0:bd,d8:d7:75:45:81:24,d8:d7:75:45:81:24,FunBox2-8124,-42,1,2412,False,False
1778943491.596751,control,ack,,d8:d7:75:45:81:24,d8:d7:75:45:81:24,,,,-48,1,2412,False,False
1778943491.709744,management,beacon,d8:d7:75:45:81:24,ff:ff:ff:ff:ff:ff,ff:ff:ff:ff:ff:ff,d8:d7:75:45:81:24,d8:d7:75:45:81:24,FunBox2-8124,-46,1,2412,False,False
1778943491.8121567,management,beacon,d8:d7:75:45:81:24,ff:ff:ff:ff:ff:ff,ff:ff:ff:ff:ff:ff,d8:d7:75:45:81:24,d8:d7:75:45:81:24,FunBox2-8124,-45,1,2412,False,False
1778943491.9145474,management,beacon,d8:d7:75:45:81:24,ff:ff:ff:ff:ff:ff,ff:ff:ff:ff:ff:ff,d8:d7:75:45:81:24,d8:d7:75:45:81:24,FunBox2-8124,-42,1,2412,False,False
1778943491.9159803,data,null_data,50:02:91:e8:18:ec,d8:d7:75:45:81:24,d8:d7:75:45:81:24,50:02:91:e8:18:ec,d8:d7:75:45:81:24,,-83,1,2412,False,False
1778943491.9159844,control,ack,,50:02:91:e8:18:ec,50:02:91:e8:18:ec,,,,-46,1,2412,False,False
1778943491.9159853,data,null_data,50:02:91:e8:18:ec,d8:d7:75:45:81:24,d8:d7:75:45:81:24,50:02:91:e8:18:ec,d8:d7:75:45:81:24,,-83,1,2412,False,True
1778943491.9159863,control,ack,,50:02:91:e8:18:ec,50:02:91:e8:18:ec,,,,-47,1,2412,False,False
1778943492.0170138,management,beacon,d8:d7:75:45:81:24,ff:ff:ff:ff:ff:ff,ff:ff:ff:ff:ff:ff,d8:d7:75:45:81:24,d8:d7:75:45:81:24,FunBox2-8124,-49,1,2412,False,False
1778943492.077819,data,null_data,50:02:91:e8:18:ec,d8:d7:75:45:81:24,d8:d7:75:45:81:24,50:02:91:e8:18:ec,d8:d7:75:45:81:24,,-83,1,2412,False,False
1778943492.077831,control,ack,,50:02:91:e8:18:ec,50:02:91:e8:18:ec,,,,-53,1,2412,False,False
1778943492.0778322,data,null_data,50:02:91:e8:18:ec,d8:d7:75:45:81:24,d8:d7:75:45:81:24,50:02:91:e8:18:ec,d8:d7:75:45:81:24,,-82,1,2412,False,True
1778943492.077833,control,ack,,50:02:91:e8:18:ec,50:02:91:e8:18:ec,,,,-52,1,2412,False,False
1778943492.2218227,management,beacon,d8:d7:75:45:81:24,ff:ff:ff:ff:ff:ff,ff:ff:ff:ff:ff:ff,d8:d7:75:45:81:24,d8:d7:75:45:81:24,FunBox2-8124,-48,1,2412,False,False
1778943492.3242412,management,beacon,d8:d7:75:45:81:24,ff:ff:ff:ff:ff:ff,ff:ff:ff:ff:ff:ff,d8:d7:75:45:81:24,d8:d7:75:45:81:24,FunBox2-8124,-44,1,2412,False,False
1778943492.426617,management,beacon,d8:d7:75:45:81:24,ff:ff:ff:ff:ff:ff,ff:ff:ff:ff:ff:ff,d8:d7:75:45:81:24,d8:d7:75:45:81:24,FunBox2-8124,-45,1,2412,False,False
1778943492.5290515,management,beacon,d8:d7:75:45:81:24,ff:ff:ff:ff:ff:ff,ff:ff:ff:ff:ff:ff,d8:d7:75:45:81:24,d8:d7:75:45:81:24,FunBox2-8124,-45,1,2412,False,False
1778943492.5968013,control,rts,54:35:30:cf:ee:1e,d8:d7:75:45:81:24,d8:d7:75:45:81:24,54:35:30:cf:ee:1e,,,-62,1,2412,False,False
1778943492.5968144,control,cts,,54:35:30:cf:ee:1e,54:35:30:cf:ee:1e,,,,-54,1,2412,False,False
1778943492.596817,data,qos_data,54:35:30:cf:ee:1e,d8:d7:75:45:81:24,d8:d7:75:45:81:24,54:35:30:cf:ee:1e,01:00:5e:7f:ff:fa,,-62,1,2412,True,False
1778943492.5968204,control,block_ack,d8:d7:75:45:81:24,54:35:30:cf:ee:1e,54:35:30:cf:ee:1e,d8:d7:75:45:81:24,,,-54,1,2412,False,False
1778943492.733819,management,beacon,d8:d7:75:45:81:24,ff:ff:ff:ff:ff:ff,ff:ff:ff:ff:ff:ff,d8:d7:75:45:81:24,d8:d7:75:45:81:24,FunBox2-8124,-51,1,2412,False,False
1778943492.8361893,management,beacon,d8:d7:75:45:81:24,ff:ff:ff:ff:ff:ff,ff:ff:ff:ff:ff:ff,d8:d7:75:45:81:24,d8:d7:75:45:81:24,FunBox2-8124,-43,1,2412,False,False
1778943492.8373277,data,data,d8:d7:75:45:81:24,01:00:5e:7f:ff:fa,01:00:5e:7f:ff:fa,d8:d7:75:45:81:24,54:35:30:cf:ee:1e,,-45,1,2412,True,False
1778943492.938597,management,beacon,d8:d7:75:45:81:24,ff:ff:ff:ff:ff:ff,ff:ff:ff:ff:ff:ff,d8:d7:75:45:81:24,d8:d7:75:45:81:24,FunBox2-8124,-44,1,2412,False,False
1778943493.0410419,management,beacon,d8:d7:75:45:81:24,ff:ff:ff:ff:ff:ff,ff:ff:ff:ff:ff:ff,d8:d7:75:45:81:24,d8:d7:75:45:81:24,FunBox2-8124,-50,1,2412,False,False
1778943493.1450453,data,data,d8:d7:75:45:81:24,01:00:5e:00:00:fb,01:00:5e:00:00:fb,d8:d7:75:45:81:24,e6:12:a8:93:5a:78,,-48,1,2412,True,False
1778943493.145458,control,ack,,d8:d7:75:45:81:24,d8:d7:75:45:81:24,,,,-85,1,2412,False,False
1778943493.1454608,data,null_data,50:02:91:e8:18:ec,d8:d7:75:45:81:24,d8:d7:75:45:81:24,50:02:91:e8:18:ec,d8:d7:75:45:81:24,,-82,1,2412,False,False
1778943493.1457074,data,null_data,50:02:91:e8:18:ec,d8:d7:75:45:81:24,d8:d7:75:45:81:24,50:02:91:e8:18:ec,d8:d7:75:45:81:24,,-84,1,2412,False,True
1778943493.1457098,control,ack,,50:02:91:e8:18:ec,50:02:91:e8:18:ec,,,,-50,1,2412,False,False
1778943493.147892,data,data,d8:d7:75:45:81:24,33:33:00:00:00:fb,33:33:00:00:00:fb,d8:d7:75:45:81:24,e6:12:a8:93:5a:78,,-47,1,2412,True,False
1778943493.148206,control,ack,,d8:d7:75:45:81:24,d8:d7:75:45:81:24,,,,-85,1,2412,False,False
1778943493.245855,management,beacon,d8:d7:75:45:81:24,ff:ff:ff:ff:ff:ff,ff:ff:ff:ff:ff:ff,d8:d7:75:45:81:24,d8:d7:75:45:81:24,FunBox2-8124,-50,1,2412,False,False
1778943493.3086216,data,null_data,50:02:91:e8:18:ec,d8:d7:75:45:81:24,d8:d7:75:45:81:24,50:02:91:e8:18:ec,d8:d7:75:45:81:24,,-82,1,2412,False,False
1778943493.3086305,control,ack,,50:02:91:e8:18:ec,50:02:91:e8:18:ec,,,,-59,1,2412,False,False
1778943493.3482769,management,beacon,d8:d7:75:45:81:24,ff:ff:ff:ff:ff:ff,ff:ff:ff:ff:ff:ff,d8:d7:75:45:81:24,d8:d7:75:45:81:24,FunBox2-8124,-55,1,2412,False,False
1778943493.4506602,management,beacon,d8:d7:75:45:81:24,ff:ff:ff:ff:ff:ff,ff:ff:ff:ff:ff:ff,d8:d7:75:45:81:24,d8:d7:75:45:81:24,FunBox2-8124,-53,1,2412,False,False
1778943493.5530555,management,beacon,d8:d7:75:45:81:24,ff:ff:ff:ff:ff:ff,ff:ff:ff:ff:ff:ff,d8:d7:75:45:81:24,d8:d7:75:45:81:24,FunBox2-8124,-45,1,2412,False,False
1778943493.7579494,management,beacon,d8:d7:75:45:81:24,ff:ff:ff:ff:ff:ff,ff:ff:ff:ff:ff:ff,d8:d7:75:45:81:24,d8:d7:75:45:81:24,FunBox2-8124,-50,1,2412,False,False
1778943493.7595022,data,data,d8:d7:75:45:81:24,33:33:00:00:00:16,33:33:00:00:00:16,d8:d7:75:45:81:24,8a:f4:af:eb:f3:fb,,-50,1,2412,True,False
1778943493.759809,control,ack,,d8:d7:75:45:81:24,d8:d7:75:45:81:24,,,,-85,1,2412,False,False
1778943493.7613704,data,data,d8:d7:75:45:81:24,33:33:00:00:00:16,33:33:00:00:00:16,d8:d7:75:45:81:24,8a:f4:af:eb:f3:fb,,-50,1,2412,True,False
1778943493.7616863,control,ack,,d8:d7:75:45:81:24,d8:d7:75:45:81:24,,,,-84,1,2412,False,False
1778943493.7633123,data,data,d8:d7:75:45:81:24,01:00:5e:00:00:fb,01:00:5e:00:00:fb,d8:d7:75:45:81:24,8a:f4:af:eb:f3:fb,,-51,1,2412,True,False
1778943493.7636292,control,ack,,d8:d7:75:45:81:24,d8:d7:75:45:81:24,,,,-83,1,2412,False,False
1778943493.765564,data,data,d8:d7:75:45:81:24,33:33:00:00:00:fb,33:33:00:00:00:fb,d8:d7:75:45:81:24,8a:f4:af:eb:f3:fb,,-50,1,2412,True,False
1778943493.765878,control,ack,,d8:d7:75:45:81:24,d8:d7:75:45:81:24,,,,-83,1,2412,False,False
1778943493.860254,management,beacon,d8:d7:75:45:81:24,ff:ff:ff:ff:ff:ff,ff:ff:ff:ff:ff:ff,d8:d7:75:45:81:24,d8:d7:75:45:81:24,FunBox2-8124,-56,1,2412,False,False
1778943493.9626608,management,beacon,d8:d7:75:45:81:24,ff:ff:ff:ff:ff:ff,ff:ff:ff:ff:ff:ff,d8:d7:75:45:81:24,d8:d7:75:45:81:24,FunBox2-8124,-56,1,2412,False,False
1778943494.0650568,management,beacon,d8:d7:75:45:81:24,ff:ff:ff:ff:ff:ff,ff:ff:ff:ff:ff:ff,d8:d7:75:45:81:24,d8:d7:75:45:81:24,FunBox2-8124,-60,1,2412,False,False
1778943494.0671093,data,data,d8:d7:75:45:81:24,33:33:00:00:00:01,33:33:00:00:00:01,d8:d7:75:45:81:24,d8:d7:75:45:81:24,,-59,1,2412,True,False
1778943494.0675905,control,ack,,50:02:91:e8:18:ec,50:02:91:e8:18:ec,,,,-55,1,2412,False,False
1778943494.0692563,data,data,d8:d7:75:45:81:24,33:33:00:00:00:16,33:33:00:00:00:16,d8:d7:75:45:81:24,a8:5e:45:c6:9f:b7,,-47,1,2412,True,False
1778943494.069558,control,ack,,d8:d7:75:45:81:24,d8:d7:75:45:81:24,,,,-83,1,2412,False,False
1778943494.2300236,data,null_data,50:02:91:e8:18:ec,d8:d7:75:45:81:24,d8:d7:75:45:81:24,50:02:91:e8:18:ec,d8:d7:75:45:81:24,,-83,1,2412,False,False
1778943494.2300317,control,ack,,50:02:91:e8:18:ec,50:02:91:e8:18:ec,,,,-56,1,2412,False,False
1778943494.3722658,management,beacon,d8:d7:75:45:81:24,ff:ff:ff:ff:ff:ff,ff:ff:ff:ff:ff:ff,d8:d7:75:45:81:24,d8:d7:75:45:81:24,FunBox2-8124,-46,1,2412,False,False
1778943494.373949,data,data,d8:d7:75:45:81:24,33:33:00:00:00:16,33:33:00:00:00:16,d8:d7:75:45:81:24,a8:5e:45:c6:9f:b7,,-46,1,2412,True,False
1778943494.3744144,control,ack,,d8:d7:75:45:81:24,d8:d7:75:45:81:24,,,,-85,1,2412,False,False
1778943494.3744173,data,null_data,50:02:91:e8:18:ec,d8:d7:75:45:81:24,d8:d7:75:45:81:24,50:02:91:e8:18:ec,d8:d7:75:45:81:24,,-81,1,2412,False,False
1778943494.3744185,control,ack,,50:02:91:e8:18:ec,50:02:91:e8:18:ec,,,,-50,1,2412,False,False
1778943494.4746954,management,beacon,d8:d7:75:45:81:24,ff:ff:ff:ff:ff:ff,ff:ff:ff:ff:ff:ff,d8:d7:75:45:81:24,d8:d7:75:45:81:24,FunBox2-8124,-52,1,2412,False,False
1778943494.5353007,data,null_data,50:02:91:e8:18:ec,d8:d7:75:45:81:24,d8:d7:75:45:81:24,50:02:91:e8:18:ec,d8:d7:75:45:81:24,,-83,1,2412,False,False
1778943494.535308,control,ack,,50:02:91:e8:18:ec,50:02:91:e8:18:ec,,,,-56,1,2412,False,False
1778943494.5770931,management,beacon,d8:d7:75:45:81:24,ff:ff:ff:ff:ff:ff,ff:ff:ff:ff:ff:ff,d8:d7:75:45:81:24,d8:d7:75:45:81:24,FunBox2-8124,-45,1,2412,False,False
1778943494.6795032,management,beacon,d8:d7:75:45:81:24,ff:ff:ff:ff:ff:ff,ff:ff:ff:ff:ff:ff,d8:d7:75:45:81:24,d8:d7:75:45:81:24,FunBox2-8124,-51,1,2412,False,False
1778943494.8842793,management,beacon,d8:d7:75:45:81:24,ff:ff:ff:ff:ff:ff,ff:ff:ff:ff:ff:ff,d8:d7:75:45:81:24,d8:d7:75:45:81:24,FunBox2-8124,-48,1,2412,False,False
1778943494.9867,management,beacon,d8:d7:75:45:81:24,ff:ff:ff:ff:ff:ff,ff:ff:ff:ff:ff:ff,d8:d7:75:45:81:24,d8:d7:75:45:81:24,FunBox2-8124,-46,1,2412,False,False
1778943494.9888194,control,ack,,d8:d7:75:45:81:24,d8:d7:75:45:81:24,,,,-82,1,2412,False,False
1778943494.9888244,data,null_data,50:02:91:e8:18:ec,d8:d7:75:45:81:24,d8:d7:75:45:81:24,50:02:91:e8:18:ec,d8:d7:75:45:81:24,,-83,1,2412,False,False
1778943494.988826,control,ack,,50:02:91:e8:18:ec,50:02:91:e8:18:ec,,,,-48,1,2412,False,False
1778943494.988827,data,null_data,50:02:91:e8:18:ec,d8:d7:75:45:81:24,d8:d7:75:45:81:24,50:02:91:e8:18:ec,d8:d7:75:45:81:24,,-82,1,2412,False,True
1778943494.9888277,control,ack,,50:02:91:e8:18:ec,50:02:91:e8:18:ec,,,,-48,1,2412,False,False
1778943494.9905558,data,data,d8:d7:75:45:81:24,33:33:00:00:00:fb,33:33:00:00:00:fb,d8:d7:75:45:81:24,8a:f4:af:eb:f3:fb,,-47,1,2412,True,False
1778943494.9908714,control,ack,,d8:d7:75:45:81:24,d8:d7:75:45:81:24,,,,-85,1,2412,False,False
1778943494.9922526,data,data,d8:d7:75:45:81:24,33:33:00:00:00:02,33:33:00:00:00:02,d8:d7:75:45:81:24,a8:5e:45:c6:9f:b7,,-45,1,2412,True,False
1778943494.9925678,control,ack,,d8:d7:75:45:81:24,d8:d7:75:45:81:24,,,,-86,1,2412,False,False
1778943495.0890956,management,beacon,d8:d7:75:45:81:24,ff:ff:ff:ff:ff:ff,ff:ff:ff:ff:ff:ff,d8:d7:75:45:81:24,d8:d7:75:45:81:24,FunBox2-8124,-48,1,2412,False,False
1778943495.1560018,control,ack,,50:02:91:e8:18:ec,50:02:91:e8:18:ec,,,,-45,1,2412,False,False
1778943495.156578,data,null_data,50:02:91:e8:18:ec,d8:d7:75:45:81:24,d8:d7:75:45:81:24,50:02:91:e8:18:ec,d8:d7:75:45:81:24,,-85,1,2412,False,True
1778943495.1568897,control,ack,,50:02:91:e8:18:ec,50:02:91:e8:18:ec,,,,-46,1,2412,False,False
1778943495.1915243,management,beacon,d8:d7:75:45:81:24,ff:ff:ff:ff:ff:ff,ff:ff:ff:ff:ff:ff,d8:d7:75:45:81:24,d8:d7:75:45:81:24,FunBox2-8124,-43,1,2412,False,False
1778943495.3963513,management,beacon,d8:d7:75:45:81:24,ff:ff:ff:ff:ff:ff,ff:ff:ff:ff:ff:ff,d8:d7:75:45:81:24,d8:d7:75:45:81:24,FunBox2-8124,-44,1,2412,False,False
1778943495.4987366,management,beacon,d8:d7:75:45:81:24,ff:ff:ff:ff:ff:ff,ff:ff:ff:ff:ff:ff,d8:d7:75:45:81:24,d8:d7:75:45:81:24,FunBox2-8124,-40,1,2412,False,False
1778943495.6011183,management,beacon,d8:d7:75:45:81:24,ff:ff:ff:ff:ff:ff,ff:ff:ff:ff:ff:ff,d8:d7:75:45:81:24,d8:d7:75:45:81:24,FunBox2-8124,-43,1,2412,False,False
1778943495.7034922,management,beacon,d8:d7:75:45:81:24,ff:ff:ff:ff:ff:ff,ff:ff:ff:ff:ff:ff,d8:d7:75:45:81:24,d8:d7:75:45:81:24,FunBox2-8124,-41,1,2412,False,False
1778943495.908303,management,beacon,d8:d7:75:45:81:24,ff:ff:ff:ff:ff:ff,ff:ff:ff:ff:ff:ff,d8:d7:75:45:81:24,d8:d7:75:45:81:24,FunBox2-8124,-46,1,2412,False,False
1778943496.1131673,management,beacon,d8:d7:75:45:81:24,ff:ff:ff:ff:ff:ff,ff:ff:ff:ff:ff:ff,d8:d7:75:45:81:24,d8:d7:75:45:81:24,FunBox2-8124,-45,1,2412,False,False
1778943496.1782978,management,beacon,ac:84:c6:41:71:22,ff:ff:ff:ff:ff:ff,ff:ff:ff:ff:ff:ff,ac:84:c6:41:71:22,ac:84:c6:41:71:22,TP-LINK_7122,-90,1,2412,False,False
1778943496.2155414,management,beacon,d8:d7:75:45:81:24,ff:ff:ff:ff:ff:ff,ff:ff:ff:ff:ff:ff,d8:d7:75:45:81:24,d8:d7:75:45:81:24,FunBox2-8124,-42,1,2412,False,False
1778943496.4203618,management,beacon,d8:d7:75:45:81:24,ff:ff:ff:ff:ff:ff,ff:ff:ff:ff:ff:ff,d8:d7:75:45:81:24,d8:d7:75:45:81:24,FunBox2-8124,-42,1,2412,False,False
1778943496.5227122,management,beacon,d8:d7:75:45:81:24,ff:ff:ff:ff:ff:ff,ff:ff:ff:ff:ff:ff,d8:d7:75:45:81:24,d8:d7:75:45:81:24,FunBox2-8124,-44,1,2412,False,False
1778943496.6251457,management,beacon,d8:d7:75:45:81:24,ff:ff:ff:ff:ff:ff,ff:ff:ff:ff:ff:ff,d8:d7:75:45:81:24,d8:d7:75:45:81:24,FunBox2-8124,-45,1,2412,False,False
1778943496.727552,management,beacon,d8:d7:75:45:81:24,ff:ff:ff:ff:ff:ff,ff:ff:ff:ff:ff:ff,d8:d7:75:45:81:24,d8:d7:75:45:81:24,FunBox2-8124,-43,1,2412,False,False
1778943496.831103,control,ack,,50:02:91:e8:18:ec,50:02:91:e8:18:ec,,,,-44,1,2412,False,False
1778943496.932395,management,beacon,d8:d7:75:45:81:24,ff:ff:ff:ff:ff:ff,ff:ff:ff:ff:ff:ff,d8:d7:75:45:81:24,d8:d7:75:45:81:24,FunBox2-8124,-43,1,2412,False,False
1778943496.9919884,data,null_data,50:02:91:e8:18:ec,d8:d7:75:45:81:24,d8:d7:75:45:81:24,50:02:91:e8:18:ec,d8:d7:75:45:81:24,,-83,1,2412,False,False
1778943496.9920037,control,ack,,50:02:91:e8:18:ec,50:02:91:e8:18:ec,,,,-44,1,2412,False,False
1778943497.034792,management,beacon,d8:d7:75:45:81:24,ff:ff:ff:ff:ff:ff,ff:ff:ff:ff:ff:ff,d8:d7:75:45:81:24,d8:d7:75:45:81:24,FunBox2-8124,-42,1,2412,False,False
1778943497.1371655,management,beacon,d8:d7:75:45:81:24,ff:ff:ff:ff:ff:ff,ff:ff:ff:ff:ff:ff,d8:d7:75:45:81:24,d8:d7:75:45:81:24,FunBox2-8124,-41,1,2412,False,False
1778943497.2395885,management,beacon,d8:d7:75:45:81:24,ff:ff:ff:ff:ff:ff,ff:ff:ff:ff:ff:ff,d8:d7:75:45:81:24,d8:d7:75:45:81:24,FunBox2-8124,-43,1,2412,False,False
1778943497.4443834,management,beacon,d8:d7:75:45:81:24,ff:ff:ff:ff:ff:ff,ff:ff:ff:ff:ff:ff,d8:d7:75:45:81:24,d8:d7:75:45:81:24,FunBox2-8124,-43,1,2412,False,False
1778943497.446296,data,data,d8:d7:75:45:81:24,33:33:00:00:00:01,33:33:00:00:00:01,d8:d7:75:45:81:24,d8:d7:75:45:81:24,,-42,1,2412,True,False
1778943497.4469876,data,null_data,50:02:91:e8:18:ec,d8:d7:75:45:81:24,d8:d7:75:45:81:24,50:02:91:e8:18:ec,d8:d7:75:45:81:24,,-84,1,2412,False,False
1778943497.4469903,control,ack,,50:02:91:e8:18:ec,50:02:91:e8:18:ec,,,,-48,1,2412,False,False
1778943497.4469914,data,null_data,50:02:91:e8:18:ec,d8:d7:75:45:81:24,d8:d7:75:45:81:24,50:02:91:e8:18:ec,d8:d7:75:45:81:24,,-83,1,2412,False,True
1778943497.4469924,control,ack,,50:02:91:e8:18:ec,50:02:91:e8:18:ec,,,,-48,1,2412,False,False
1778943497.44857,data,data,d8:d7:75:45:81:24,33:33:00:00:00:16,33:33:00:00:00:16,d8:d7:75:45:81:24,a8:5e:45:c6:9f:b7,,-47,1,2412,True,False
1778943497.5468512,management,beacon,d8:d7:75:45:81:24,ff:ff:ff:ff:ff:ff,ff:ff:ff:ff:ff:ff,d8:d7:75:45:81:24,d8:d7:75:45:81:24,FunBox2-8124,-44,1,2412,False,False
1778943497.6117973,data,null_data,50:02:91:e8:18:ec,d8:d7:75:45:81:24,d8:d7:75:45:81:24,50:02:91:e8:18:ec,d8:d7:75:45:81:24,,-87,1,2412,False,True
1778943497.6120944,control,ack,,50:02:91:e8:18:ec,50:02:91:e8:18:ec,,,,-43,1,2412,False,False
1778943497.6491928,management,beacon,d8:d7:75:45:81:24,ff:ff:ff:ff:ff:ff,ff:ff:ff:ff:ff:ff,d8:d7:75:45:81:24,d8:d7:75:45:81:24,FunBox2-8124,-45,1,2412,False,False
1778943497.713357,management,beacon,ac:84:c6:41:71:22,ff:ff:ff:ff:ff:ff,ff:ff:ff:ff:ff:ff,ac:84:c6:41:71:22,ac:84:c6:41:71:22,TP-LINK_7122,-91,1,2412,False,False
1778943497.751583,management,beacon,d8:d7:75:45:81:24,ff:ff:ff:ff:ff:ff,ff:ff:ff:ff:ff:ff,d8:d7:75:45:81:24,d8:d7:75:45:81:24,FunBox2-8124,-42,1,2412,False,False
1778943497.9564059,management,beacon,d8:d7:75:45:81:24,ff:ff:ff:ff:ff:ff,ff:ff:ff:ff:ff:ff,d8:d7:75:45:81:24,d8:d7:75:45:81:24,FunBox2-8124,-41,1,2412,False,False
1778943498.0588033,management,beacon,d8:d7:75:45:81:24,ff:ff:ff:ff:ff:ff,ff:ff:ff:ff:ff:ff,d8:d7:75:45:81:24,d8:d7:75:45:81:24,FunBox2-8124,-42,1,2412,False,False
1778943498.060475,data,data,d8:d7:75:45:81:24,01:00:5e:00:00:fb,01:00:5e:00:00:fb,d8:d7:75:45:81:24,8a:f4:af:eb:f3:fb,,-44,1,2412,True,False
1778943498.0609815,control,ack,,d8:d7:75:45:81:24,d8:d7:75:45:81:24,,,,-85,1,2412,False,False
1778943498.0609837,data,null_data,50:02:91:e8:18:ec,d8:d7:75:45:81:24,d8:d7:75:45:81:24,50:02:91:e8:18:ec,d8:d7:75:45:81:24,,-81,1,2412,False,False
1778943498.0609858,control,ack,,50:02:91:e8:18:ec,50:02:91:e8:18:ec,,,,-47,1,2412,False,False
1778943498.161196,management,beacon,d8:d7:75:45:81:24,ff:ff:ff:ff:ff:ff,ff:ff:ff:ff:ff:ff,d8:d7:75:45:81:24,d8:d7:75:45:81:24,FunBox2-8124,-42,1,2412,False,False
1778943498.2218285,data,null_data,50:02:91:e8:18:ec,d8:d7:75:45:81:24,d8:d7:75:45:81:24,50:02:91:e8:18:ec,d8:d7:75:45:81:24,,-82,1,2412,False,False
1778943498.2223575,data,null_data,50:02:91:e8:18:ec,d8:d7:75:45:81:24,d8:d7:75:45:81:24,50:02:91:e8:18:ec,d8:d7:75:45:81:24,,-85,1,2412,False,True
1778943498.222686,data,null_data,50:02:91:e8:18:ec,d8:d7:75:45:81:24,d8:d7:75:45:81:24,50:02:91:e8:18:ec,d8:d7:75:45:81:24,,-84,1,2412,False,True
1778943498.2251997,control,ack,,50:02:91:e8:18:ec,50:02:91:e8:18:ec,,,,-43,1,2412,False,False
1778943498.2635858,management,beacon,d8:d7:75:45:81:24,ff:ff:ff:ff:ff:ff,ff:ff:ff:ff:ff:ff,d8:d7:75:45:81:24,d8:d7:75:45:81:24,FunBox2-8124,-46,1,2412,False,False
1778943498.3675776,data,data,d8:d7:75:45:81:24,33:33:00:00:00:fb,33:33:00:00:00:fb,d8:d7:75:45:81:24,8a:f4:af:eb:f3:fb,,-43,1,2412,True,False
1778943498.3680649,control,ack,,50:02:91:e8:18:ec,50:02:91:e8:18:ec,,,,-46,1,2412,False,False
1778943498.4684565,management,beacon,d8:d7:75:45:81:24,ff:ff:ff:ff:ff:ff,ff:ff:ff:ff:ff:ff,d8:d7:75:45:81:24,d8:d7:75:45:81:24,FunBox2-8124,-45,1,2412,False,False
1778943498.5290635,data,null_data,50:02:91:e8:18:ec,d8:d7:75:45:81:24,d8:d7:75:45:81:24,50:02:91:e8:18:ec,d8:d7:75:45:81:24,,-83,1,2412,False,True
1778943498.5293977,data,null_data,50:02:91:e8:18:ec,d8:d7:75:45:81:24,d8:d7:75:45:81:24,50:02:91:e8:18:ec,d8:d7:75:45:81:24,,-87,1,2412,False,True
1778943498.5707905,management,beacon,d8:d7:75:45:81:24,ff:ff:ff:ff:ff:ff,ff:ff:ff:ff:ff:ff,d8:d7:75:45:81:24,d8:d7:75:45:81:24,FunBox2-8124,-45,1,2412,False,False
1778943498.673233,management,beacon,d8:d7:75:45:81:24,ff:ff:ff:ff:ff:ff,ff:ff:ff:ff:ff:ff,d8:d7:75:45:81:24,d8:d7:75:45:81:24,FunBox2-8124,-44,1,2412,False,False
1778943498.6749284,data,data,d8:d7:75:45:81:24,33:33:00:00:00:16,33:33:00:00:00:16,d8:d7:75:45:81:24,a8:5e:45:c6:9f:b7,,-42,1,2412,True,False
1778943498.675369,control,ack,,d8:d7:75:45:81:24,d8:d7:75:45:81:24,,,,-83,1,2412,False,False
1778943498.6753716,data,null_data,50:02:91:e8:18:ec,d8:d7:75:45:81:24,d8:d7:75:45:81:24,50:02:91:e8:18:ec,d8:d7:75:45:81:24,,-81,1,2412,False,False
1778943498.7756538,management,beacon,d8:d7:75:45:81:24,ff:ff:ff:ff:ff:ff,ff:ff:ff:ff:ff:ff,d8:d7:75:45:81:24,d8:d7:75:45:81:24,FunBox2-8124,-43,1,2412,False,False
1778943498.8071156,management,probe_request,7e:2d:38:d2:21:24,ff:ff:ff:ff:ff:ff,ff:ff:ff:ff:ff:ff,7e:2d:38:d2:21:24,ff:ff:ff:ff:ff:ff,<hidden>,-62,1,2412,False,False
1778943498.836271,data,null_data,50:02:91:e8:18:ec,d8:d7:75:45:81:24,d8:d7:75:45:81:24,50:02:91:e8:18:ec,d8:d7:75:45:81:24,,-82,1,2412,False,False
1778943498.8375769,control,ack,,50:02:91:e8:18:ec,50:02:91:e8:18:ec,,,,-44,1,2412,False,False
1778943498.9312713,management,probe_request,ce:75:94:60:20:e2,ff:ff:ff:ff:ff:ff,ff:ff:ff:ff:ff:ff,ce:75:94:60:20:e2,ff:ff:ff:ff:ff:ff,<hidden>,-69,1,2412,False,False
1778943498.980436,management,beacon,d8:d7:75:45:81:24,ff:ff:ff:ff:ff:ff,ff:ff:ff:ff:ff:ff,d8:d7:75:45:81:24,d8:d7:75:45:81:24,FunBox2-8124,-44,1,2412,False,False
1778943499.082862,management,beacon,d8:d7:75:45:81:24,ff:ff:ff:ff:ff:ff,ff:ff:ff:ff:ff:ff,d8:d7:75:45:81:24,d8:d7:75:45:81:24,FunBox2-8124,-44,1,2412,False,False
1778943499.1852167,management,beacon,d8:d7:75:45:81:24,ff:ff:ff:ff:ff:ff,ff:ff:ff:ff:ff:ff,d8:d7:75:45:81:24,d8:d7:75:45:81:24,FunBox2-8124,-44,1,2412,False,False
1778943499.236354,control,ack,,50:02:91:e8:18:ec,50:02:91:e8:18:ec,,,,-44,1,2412,False,False
1778943499.2369652,data,null_data,50:02:91:e8:18:ec,d8:d7:75:45:81:24,d8:d7:75:45:81:24,50:02:91:e8:18:ec,d8:d7:75:45:81:24,,-86,1,2412,False,True
1778943499.2369683,control,ack,,50:02:91:e8:18:ec,50:02:91:e8:18:ec,,,,-45,1,2412,False,False
1778943499.2374666,control,ack,,50:02:91:e8:18:ec,50:02:91:e8:18:ec,,,,-48,1,2412,False,False
1778943499.2876883,management,beacon,d8:d7:75:45:81:24,ff:ff:ff:ff:ff:ff,ff:ff:ff:ff:ff:ff,d8:d7:75:45:81:24,d8:d7:75:45:81:24,FunBox2-8124,-45,1,2412,False,False
1778943499.2878199,data,qos_data,d8:d7:75:45:81:24,50:02:91:e8:18:ec,50:02:91:e8:18:ec,d8:d7:75:45:81:24,d8:d7:75:45:81:24,,-44,1,2412,True,False
1778943499.2887185,data,qos_data,d8:d7:75:45:81:24,50:02:91:e8:18:ec,50:02:91:e8:18:ec,d8:d7:75:45:81:24,d8:d7:75:45:81:24,,-45,1,2412,True,True
1778943499.2887213,control,ack,,d8:d7:75:45:81:24,d8:d7:75:45:81:24,,,,-82,1,2412,False,False
1778943499.289277,data,qos_data,d8:d7:75:45:81:24,50:02:91:e8:18:ec,50:02:91:e8:18:ec,d8:d7:75:45:81:24,d8:d7:75:45:81:24,,-44,1,2412,True,False
1778943499.290026,data,qos_data,d8:d7:75:45:81:24,50:02:91:e8:18:ec,50:02:91:e8:18:ec,d8:d7:75:45:81:24,d8:d7:75:45:81:24,,-45,1,2412,True,True
1778943499.290569,data,qos_data,d8:d7:75:45:81:24,50:02:91:e8:18:ec,50:02:91:e8:18:ec,d8:d7:75:45:81:24,d8:d7:75:45:81:24,,-44,1,2412,True,True
1778943499.2921042,data,qos_data,d8:d7:75:45:81:24,50:02:91:e8:18:ec,50:02:91:e8:18:ec,d8:d7:75:45:81:24,d8:d7:75:45:81:24,,-45,1,2412,True,True
1778943499.2931554,data,qos_data,d8:d7:75:45:81:24,50:02:91:e8:18:ec,50:02:91:e8:18:ec,d8:d7:75:45:81:24,d8:d7:75:45:81:24,,-45,1,2412,True,True
1778943499.2945035,data,qos_data,d8:d7:75:45:81:24,50:02:91:e8:18:ec,50:02:91:e8:18:ec,d8:d7:75:45:81:24,d8:d7:75:45:81:24,,-46,1,2412,True,True
1778943499.2945068,control,ack,,d8:d7:75:45:81:24,d8:d7:75:45:81:24,,,,-82,1,2412,False,False
1778943499.326742,control,ack,,50:02:91:e8:18:ec,50:02:91:e8:18:ec,,,,-47,1,2412,False,False
1778943499.3900516,management,beacon,d8:d7:75:45:81:24,ff:ff:ff:ff:ff:ff,ff:ff:ff:ff:ff:ff,d8:d7:75:45:81:24,d8:d7:75:45:81:24,FunBox2-8124,-43,1,2412,False,False
1778943499.4876924,data,null_data,50:02:91:e8:18:ec,d8:d7:75:45:81:24,d8:d7:75:45:81:24,50:02:91:e8:18:ec,d8:d7:75:45:81:24,,-83,1,2412,False,False
1778943499.4877052,control,ack,,50:02:91:e8:18:ec,50:02:91:e8:18:ec,,,,-67,1,2412,False,False
1778943499.4924364,management,beacon,d8:d7:75:45:81:24,ff:ff:ff:ff:ff:ff,ff:ff:ff:ff:ff:ff,d8:d7:75:45:81:24,d8:d7:75:45:81:24,FunBox2-8124,-45,1,2412,False,False
1778943499.5948796,management,beacon,d8:d7:75:45:81:24,ff:ff:ff:ff:ff:ff,ff:ff:ff:ff:ff:ff,d8:d7:75:45:81:24,d8:d7:75:45:81:24,FunBox2-8124,-46,1,2412,False,False
1778943499.697242,management,beacon,d8:d7:75:45:81:24,ff:ff:ff:ff:ff:ff,ff:ff:ff:ff:ff:ff,d8:d7:75:45:81:24,d8:d7:75:45:81:24,FunBox2-8124,-41,1,2412,False,False
1778943499.7996974,management,beacon,d8:d7:75:45:81:24,ff:ff:ff:ff:ff:ff,ff:ff:ff:ff:ff:ff,d8:d7:75:45:81:24,d8:d7:75:45:81:24,FunBox2-8124,-43,1,2412,False,False
1778943499.9021018,management,beacon,d8:d7:75:45:81:24,ff:ff:ff:ff:ff:ff,ff:ff:ff:ff:ff:ff,d8:d7:75:45:81:24,d8:d7:75:45:81:24,FunBox2-8124,-40,1,2412,False,False
1778943500.0044706,management,beacon,d8:d7:75:45:81:24,ff:ff:ff:ff:ff:ff,ff:ff:ff:ff:ff:ff,d8:d7:75:45:81:24,d8:d7:75:45:81:24,FunBox2-8124,-43,1,2412,False,False
1778943500.106899,management,beacon,d8:d7:75:45:81:24,ff:ff:ff:ff:ff:ff,ff:ff:ff:ff:ff:ff,d8:d7:75:45:81:24,d8:d7:75:45:81:24,FunBox2-8124,-44,1,2412,False,False
1778943500.2092688,management,beacon,d8:d7:75:45:81:24,ff:ff:ff:ff:ff:ff,ff:ff:ff:ff:ff:ff,d8:d7:75:45:81:24,d8:d7:75:45:81:24,FunBox2-8124,-45,1,2412,False,False
1778943500.2104602,data,null_data,50:02:91:e8:18:ec,d8:d7:75:45:81:24,d8:d7:75:45:81:24,50:02:91:e8:18:ec,d8:d7:75:45:81:24,,-83,1,2412,False,False
1778943500.210466,control,ack,,50:02:91:e8:18:ec,50:02:91:e8:18:ec,,,,-48,1,2412,False,False
1778943500.3117228,management,beacon,d8:d7:75:45:81:24,ff:ff:ff:ff:ff:ff,ff:ff:ff:ff:ff:ff,d8:d7:75:45:81:24,d8:d7:75:45:81:24,FunBox2-8124,-42,1,2412,False,False
1778943500.3713074,data,null_data,50:02:91:e8:18:ec,d8:d7:75:45:81:24,d8:d7:75:45:81:24,50:02:91:e8:18:ec,d8:d7:75:45:81:24,,-83,1,2412,False,False
1778943500.3713198,control,ack,,50:02:91:e8:18:ec,50:02:91:e8:18:ec,,,,-48,1,2412,False,False
1778943500.414077,management,beacon,d8:d7:75:45:81:24,ff:ff:ff:ff:ff:ff,ff:ff:ff:ff:ff:ff,d8:d7:75:45:81:24,d8:d7:75:45:81:24,FunBox2-8124,-44,1,2412,False,False
1778943500.516537,management,beacon,d8:d7:75:45:81:24,ff:ff:ff:ff:ff:ff,ff:ff:ff:ff:ff:ff,d8:d7:75:45:81:24,d8:d7:75:45:81:24,FunBox2-8124,-43,1,2412,False,False
1778943500.618893,management,beacon,d8:d7:75:45:81:24,ff:ff:ff:ff:ff:ff,ff:ff:ff:ff:ff:ff,d8:d7:75:45:81:24,d8:d7:75:45:81:24,FunBox2-8124,-42,1,2412,False,False
1778943500.7212963,management,beacon,d8:d7:75:45:81:24,ff:ff:ff:ff:ff:ff,ff:ff:ff:ff:ff:ff,d8:d7:75:45:81:24,d8:d7:75:45:81:24,FunBox2-8124,-43,1,2412,False,False
1778943500.823766,management,beacon,d8:d7:75:45:81:24,ff:ff:ff:ff:ff:ff,ff:ff:ff:ff:ff:ff,d8:d7:75:45:81:24,d8:d7:75:45:81:24,FunBox2-8124,-44,1,2412,False,False
1778943500.9261153,management,beacon,d8:d7:75:45:81:24,ff:ff:ff:ff:ff:ff,ff:ff:ff:ff:ff:ff,d8:d7:75:45:81:24,d8:d7:75:45:81:24,FunBox2-8124,-41,1,2412,False,False
1778943501.028513,management,beacon,d8:d7:75:45:81:24,ff:ff:ff:ff:ff:ff,ff:ff:ff:ff:ff:ff,d8:d7:75:45:81:24,d8:d7:75:45:81:24,FunBox2-8124,-47,1,2412,False,False
1778943501.0905042,management,beacon,ac:84:c6:41:71:22,ff:ff:ff:ff:ff:ff,ff:ff:ff:ff:ff:ff,ac:84:c6:41:71:22,ac:84:c6:41:71:22,TP-LINK_7122,-90,1,2412,False,False
1778943501.1309228,management,beacon,d8:d7:75:45:81:24,ff:ff:ff:ff:ff:ff,ff:ff:ff:ff:ff:ff,d8:d7:75:45:81:24,d8:d7:75:45:81:24,FunBox2-8124,-42,1,2412,False,False
1778943501.233316,management,beacon,d8:d7:75:45:81:24,ff:ff:ff:ff:ff:ff,ff:ff:ff:ff:ff:ff,d8:d7:75:45:81:24,d8:d7:75:45:81:24,FunBox2-8124,-41,1,2412,False,False
1778943501.3357797,management,beacon,d8:d7:75:45:81:24,ff:ff:ff:ff:ff:ff,ff:ff:ff:ff:ff:ff,d8:d7:75:45:81:24,d8:d7:75:45:81:24,FunBox2-8124,-44,1,2412,False,False
1778943501.438111,management,beacon,d8:d7:75:45:81:24,ff:ff:ff:ff:ff:ff,ff:ff:ff:ff:ff:ff,d8:d7:75:45:81:24,d8:d7:75:45:81:24,FunBox2-8124,-45,1,2412,False,False
1778943501.5405135,management,beacon,d8:d7:75:45:81:24,ff:ff:ff:ff:ff:ff,ff:ff:ff:ff:ff:ff,d8:d7:75:45:81:24,d8:d7:75:45:81:24,FunBox2-8124,-41,1,2412,False,False
1778943501.642937,management,beacon,d8:d7:75:45:81:24,ff:ff:ff:ff:ff:ff,ff:ff:ff:ff:ff:ff,d8:d7:75:45:81:24,d8:d7:75:45:81:24,FunBox2-8124,-42,1,2412,False,False
1778943501.745358,management,beacon,d8:d7:75:45:81:24,ff:ff:ff:ff:ff:ff,ff:ff:ff:ff:ff:ff,d8:d7:75:45:81:24,d8:d7:75:45:81:24,FunBox2-8124,-45,1,2412,False,False
1778943501.7467232,data,null_data,50:02:91:e8:18:ec,d8:d7:75:45:81:24,d8:d7:75:45:81:24,50:02:91:e8:18:ec,d8:d7:75:45:81:24,,-82,1,2412,False,True
1778943501.7467284,control,ack,,50:02:91:e8:18:ec,50:02:91:e8:18:ec,,,,-45,1,2412,False,False
1778943501.84774,management,beacon,d8:d7:75:45:81:24,ff:ff:ff:ff:ff:ff,ff:ff:ff:ff:ff:ff,d8:d7:75:45:81:24,d8:d7:75:45:81:24,FunBox2-8124,-46,1,2412,False,False
1778943501.9100204,data,null_data,50:02:91:e8:18:ec,d8:d7:75:45:81:24,d8:d7:75:45:81:24,50:02:91:e8:18:ec,d8:d7:75:45:81:24,,-87,1,2412,False,True
1778943501.910306,control,ack,,50:02:91:e8:18:ec,50:02:91:e8:18:ec,,,,-43,1,2412,False,False
1778943501.9501672,management,beacon,d8:d7:75:45:81:24,ff:ff:ff:ff:ff:ff,ff:ff:ff:ff:ff:ff,d8:d7:75:45:81:24,d8:d7:75:45:81:24,FunBox2-8124,-45,1,2412,False,False
1778943502.0525286,management,beacon,d8:d7:75:45:81:24,ff:ff:ff:ff:ff:ff,ff:ff:ff:ff:ff:ff,d8:d7:75:45:81:24,d8:d7:75:45:81:24,FunBox2-8124,-42,1,2412,False,False
1778943502.1549668,management,beacon,d8:d7:75:45:81:24,ff:ff:ff:ff:ff:ff,ff:ff:ff:ff:ff:ff,d8:d7:75:45:81:24,d8:d7:75:45:81:24,FunBox2-8124,-42,1,2412,False,False
1778943502.2573483,management,beacon,d8:d7:75:45:81:24,ff:ff:ff:ff:ff:ff,ff:ff:ff:ff:ff:ff,d8:d7:75:45:81:24,d8:d7:75:45:81:24,FunBox2-8124,-41,1,2412,False,False
1778943502.3185341,management,beacon,ac:84:c6:41:71:22,ff:ff:ff:ff:ff:ff,ff:ff:ff:ff:ff:ff,ac:84:c6:41:71:22,ac:84:c6:41:71:22,TP-LINK_7122,-87,1,2412,False,False
1778943502.3598142,management,beacon,d8:d7:75:45:81:24,ff:ff:ff:ff:ff:ff,ff:ff:ff:ff:ff:ff,d8:d7:75:45:81:24,d8:d7:75:45:81:24,FunBox2-8124,-45,1,2412,False,False
1778943502.4208937,management,beacon,ac:84:c6:41:71:22,ff:ff:ff:ff:ff:ff,ff:ff:ff:ff:ff:ff,ac:84:c6:41:71:22,ac:84:c6:41:71:22,TP-LINK_7122,-88,1,2412,False,False
1778943502.4621897,management,beacon,d8:d7:75:45:81:24,ff:ff:ff:ff:ff:ff,ff:ff:ff:ff:ff:ff,d8:d7:75:45:81:24,d8:d7:75:45:81:24,FunBox2-8124,-45,1,2412,False,False
1778943502.5645971,management,beacon,d8:d7:75:45:81:24,ff:ff:ff:ff:ff:ff,ff:ff:ff:ff:ff:ff,d8:d7:75:45:81:24,d8:d7:75:45:81:24,FunBox2-8124,-44,1,2412,False,False
1778943502.6669917,management,beacon,d8:d7:75:45:81:24,ff:ff:ff:ff:ff:ff,ff:ff:ff:ff:ff:ff,d8:d7:75:45:81:24,d8:d7:75:45:81:24,FunBox2-8124,-43,1,2412,False,False
1778943502.7693887,management,beacon,d8:d7:75:45:81:24,ff:ff:ff:ff:ff:ff,ff:ff:ff:ff:ff:ff,d8:d7:75:45:81:24,d8:d7:75:45:81:24,FunBox2-8124,-44,1,2412,False,False
1778943502.8717813,management,beacon,d8:d7:75:45:81:24,ff:ff:ff:ff:ff:ff,ff:ff:ff:ff:ff:ff,d8:d7:75:45:81:24,d8:d7:75:45:81:24,FunBox2-8124,-43,1,2412,False,False
1778943502.9325826,management,beacon,ac:84:c6:41:71:22,ff:ff:ff:ff:ff:ff,ff:ff:ff:ff:ff:ff,ac:84:c6:41:71:22,ac:84:c6:41:71:22,TP-LINK_7122,-84,1,2412,False,False
1778943502.974189,management,beacon,d8:d7:75:45:81:24,ff:ff:ff:ff:ff:ff,ff:ff:ff:ff:ff:ff,d8:d7:75:45:81:24,d8:d7:75:45:81:24,FunBox2-8124,-45,1,2412,False,False
1778943503.0349247,management,beacon,ac:84:c6:41:71:22,ff:ff:ff:ff:ff:ff,ff:ff:ff:ff:ff:ff,ac:84:c6:41:71:22,ac:84:c6:41:71:22,TP-LINK_7122,-86,1,2412,False,False
1778943503.0765727,management,beacon,d8:d7:75:45:81:24,ff:ff:ff:ff:ff:ff,ff:ff:ff:ff:ff:ff,d8:d7:75:45:81:24,d8:d7:75:45:81:24,FunBox2-8124,-45,1,2412,False,False
1778943503.1789954,management,beacon,d8:d7:75:45:81:24,ff:ff:ff:ff:ff:ff,ff:ff:ff:ff:ff:ff,d8:d7:75:45:81:24,d8:d7:75:45:81:24,FunBox2-8124,-42,1,2412,False,False
1778943503.2813911,management,beacon,d8:d7:75:45:81:24,ff:ff:ff:ff:ff:ff,ff:ff:ff:ff:ff:ff,d8:d7:75:45:81:24,d8:d7:75:45:81:24,FunBox2-8124,-45,1,2412,False,False
1778943503.3838403,management,beacon,d8:d7:75:45:81:24,ff:ff:ff:ff:ff:ff,ff:ff:ff:ff:ff:ff,d8:d7:75:45:81:24,d8:d7:75:45:81:24,FunBox2-8124,-42,1,2412,False,False
1778943503.4447181,data,null_data,50:02:91:e8:18:ec,d8:d7:75:45:81:24,d8:d7:75:45:81:24,50:02:91:e8:18:ec,d8:d7:75:45:81:24,,-84,1,2412,False,True
1778943503.4447258,control,ack,,50:02:91:e8:18:ec,50:02:91:e8:18:ec,,,,-47,1,2412,False,False
1778943503.459749,management,probe_request,be:37:d8:1b:5f:21,ff:ff:ff:ff:ff:ff,ff:ff:ff:ff:ff:ff,be:37:d8:1b:5f:21,ff:ff:ff:ff:ff:ff,<hidden>,-30,1,2412,False,False
1778943503.4630015,management,probe_response,d8:d7:75:45:81:24,be:37:d8:1b:5f:21,be:37:d8:1b:5f:21,d8:d7:75:45:81:24,d8:d7:75:45:81:24,FunBox2-8124,-44,1,2412,False,False
1778943503.4632964,control,ack,,d8:d7:75:45:81:24,d8:d7:75:45:81:24,,,,-28,1,2412,False,False
1778943503.4878924,management,beacon,d8:d7:75:45:81:24,ff:ff:ff:ff:ff:ff,ff:ff:ff:ff:ff:ff,d8:d7:75:45:81:24,d8:d7:75:45:81:24,FunBox2-8124,-44,1,2412,False,False
1778943503.5240643,management,probe_request,be:37:d8:1b:5f:21,ff:ff:ff:ff:ff:ff,ff:ff:ff:ff:ff:ff,be:37:d8:1b:5f:21,ff:ff:ff:ff:ff:ff,<hidden>,-30,1,2412,False,False
1778943503.5886357,management,beacon,d8:d7:75:45:81:24,ff:ff:ff:ff:ff:ff,ff:ff:ff:ff:ff:ff,d8:d7:75:45:81:24,d8:d7:75:45:81:24,FunBox2-8124,-44,1,2412,False,False
1778943503.6910331,management,beacon,d8:d7:75:45:81:24,ff:ff:ff:ff:ff:ff,ff:ff:ff:ff:ff:ff,d8:d7:75:45:81:24,d8:d7:75:45:81:24,FunBox2-8124,-44,1,2412,False,False
1778943503.7934113,management,beacon,d8:d7:75:45:81:24,ff:ff:ff:ff:ff:ff,ff:ff:ff:ff:ff:ff,d8:d7:75:45:81:24,d8:d7:75:45:81:24,FunBox2-8124,-43,1,2412,False,False
1778943503.8958583,management,beacon,d8:d7:75:45:81:24,ff:ff:ff:ff:ff:ff,ff:ff:ff:ff:ff:ff,d8:d7:75:45:81:24,d8:d7:75:45:81:24,FunBox2-8124,-43,1,2412,False,False
1778943503.9982312,management,beacon,d8:d7:75:45:81:24,ff:ff:ff:ff:ff:ff,ff:ff:ff:ff:ff:ff,d8:d7:75:45:81:24,d8:d7:75:45:81:24,FunBox2-8124,-44,1,2412,False,False
1778943504.1006248,management,beacon,d8:d7:75:45:81:24,ff:ff:ff:ff:ff:ff,ff:ff:ff:ff:ff:ff,d8:d7:75:45:81:24,d8:d7:75:45:81:24,FunBox2-8124,-43,1,2412,False,False
1778943504.2041972,management,beacon,d8:d7:75:45:81:24,ff:ff:ff:ff:ff:ff,ff:ff:ff:ff:ff:ff,d8:d7:75:45:81:24,d8:d7:75:45:81:24,FunBox2-8124,-44,1,2412,False,False
1778943504.3054476,management,beacon,d8:d7:75:45:81:24,ff:ff:ff:ff:ff:ff,ff:ff:ff:ff:ff:ff,d8:d7:75:45:81:24,d8:d7:75:45:81:24,FunBox2-8124,-41,1,2412,False,False
1778943504.4078574,management,beacon,d8:d7:75:45:81:24,ff:ff:ff:ff:ff:ff,ff:ff:ff:ff:ff:ff,d8:d7:75:45:81:24,d8:d7:75:45:81:24,FunBox2-8124,-43,1,2412,False,False
1778943504.5102482,management,beacon,d8:d7:75:45:81:24,ff:ff:ff:ff:ff:ff,ff:ff:ff:ff:ff:ff,d8:d7:75:45:81:24,d8:d7:75:45:81:24,FunBox2-8124,-43,1,2412,False,False
1778943504.5114362,data,null_data,50:02:91:e8:18:ec,d8:d7:75:45:81:24,d8:d7:75:45:81:24,50:02:91:e8:18:ec,d8:d7:75:45:81:24,,-81,1,2412,False,False
1778943504.511443,control,ack,,50:02:91:e8:18:ec,50:02:91:e8:18:ec,,,,-45,1,2412,False,False
1778943504.5117102,data,qos_data,d8:d7:75:45:81:24,50:02:91:e8:18:ec,50:02:91:e8:18:ec,d8:d7:75:45:81:24,d8:d7:75:45:81:24,,-46,1,2412,True,False
1778943504.5117137,control,ack,,d8:d7:75:45:81:24,d8:d7:75:45:81:24,,,,-81,1,2412,False,False
1778943504.5125737,control,ack,,50:02:91:e8:18:ec,50:02:91:e8:18:ec,,,,-48,1,2412,False,False
1778943504.558815,data,data,d8:d7:75:45:81:24,33:33:00:00:00:01,33:33:00:00:00:01,d8:d7:75:45:81:24,d8:d7:75:45:81:24,,-43,1,2412,True,False
1778943504.6126194,management,beacon,d8:d7:75:45:81:24,ff:ff:ff:ff:ff:ff,ff:ff:ff:ff:ff:ff,d8:d7:75:45:81:24,d8:d7:75:45:81:24,FunBox2-8124,-42,1,2412,False,False
1778943504.672316,management,beacon,ac:84:c6:41:71:22,ff:ff:ff:ff:ff:ff,ff:ff:ff:ff:ff:ff,ac:84:c6:41:71:22,ac:84:c6:41:71:22,TP-LINK_7122,-88,1,2412,False,False
1778943504.7150478,management,beacon,d8:d7:75:45:81:24,ff:ff:ff:ff:ff:ff,ff:ff:ff:ff:ff:ff,d8:d7:75:45:81:24,d8:d7:75:45:81:24,FunBox2-8124,-44,1,2412,False,False
1778943504.7196016,data,null_data,50:02:91:e8:18:ec,d8:d7:75:45:81:24,d8:d7:75:45:81:24,50:02:91:e8:18:ec,d8:d7:75:45:81:24,,-83,1,2412,False,False
1778943504.719607,control,ack,,50:02:91:e8:18:ec,50:02:91:e8:18:ec,,,,-45,1,2412,False,False
1778943504.8174953,management,beacon,d8:d7:75:45:81:24,ff:ff:ff:ff:ff:ff,ff:ff:ff:ff:ff:ff,d8:d7:75:45:81:24,d8:d7:75:45:81:24,FunBox2-8124,-47,1,2412,False,False
1778943504.9198413,management,beacon,d8:d7:75:45:81:24,ff:ff:ff:ff:ff:ff,ff:ff:ff:ff:ff:ff,d8:d7:75:45:81:24,d8:d7:75:45:81:24,FunBox2-8124,-44,1,2412,False,False
1778943505.0222914,management,beacon,d8:d7:75:45:81:24,ff:ff:ff:ff:ff:ff,ff:ff:ff:ff:ff:ff,d8:d7:75:45:81:24,d8:d7:75:45:81:24,FunBox2-8124,-44,1,2412,False,False
1778943505.1246698,management,beacon,d8:d7:75:45:81:24,ff:ff:ff:ff:ff:ff,ff:ff:ff:ff:ff:ff,d8:d7:75:45:81:24,d8:d7:75:45:81:24,FunBox2-8124,-46,1,2412,False,False
1778943505.2271163,management,beacon,d8:d7:75:45:81:24,ff:ff:ff:ff:ff:ff,ff:ff:ff:ff:ff:ff,d8:d7:75:45:81:24,d8:d7:75:45:81:24,FunBox2-8124,-43,1,2412,False,False
1778943505.2863688,management,beacon,ac:84:c6:41:71:22,ff:ff:ff:ff:ff:ff,ff:ff:ff:ff:ff:ff,ac:84:c6:41:71:22,ac:84:c6:41:71:22,TP-LINK_7122,-85,1,2412,False,False
1778943505.329496,management,beacon,d8:d7:75:45:81:24,ff:ff:ff:ff:ff:ff,ff:ff:ff:ff:ff:ff,d8:d7:75:45:81:24,d8:d7:75:45:81:24,FunBox2-8124,-42,1,2412,False,False
1778943505.3886569,management,beacon,ac:84:c6:41:71:22,ff:ff:ff:ff:ff:ff,ff:ff:ff:ff:ff:ff,ac:84:c6:41:71:22,ac:84:c6:41:71:22,TP-LINK_7122,-87,1,2412,False,False
1778943505.4318593,management,beacon,d8:d7:75:45:81:24,ff:ff:ff:ff:ff:ff,ff:ff:ff:ff:ff:ff,d8:d7:75:45:81:24,d8:d7:75:45:81:24,FunBox2-8124,-42,1,2412,False,False
1778943505.536784,management,beacon,d8:d7:75:45:81:24,ff:ff:ff:ff:ff:ff,ff:ff:ff:ff:ff:ff,d8:d7:75:45:81:24,d8:d7:75:45:81:24,FunBox2-8124,-46,1,2412,False,False
1778943505.6366997,management,beacon,d8:d7:75:45:81:24,ff:ff:ff:ff:ff:ff,ff:ff:ff:ff:ff:ff,d8:d7:75:45:81:24,d8:d7:75:45:81:24,FunBox2-8124,-44,1,2412,False,False
1778943505.7391307,management,beacon,d8:d7:75:45:81:24,ff:ff:ff:ff:ff:ff,ff:ff:ff:ff:ff:ff,d8:d7:75:45:81:24,d8:d7:75:45:81:24,FunBox2-8124,-45,1,2412,False,False
1778943505.7980125,management,beacon,ac:84:c6:41:71:22,ff:ff:ff:ff:ff:ff,ff:ff:ff:ff:ff:ff,ac:84:c6:41:71:22,ac:84:c6:41:71:22,TP-LINK_7122,-88,1,2412,False,False
1778943505.8414676,management,beacon,d8:d7:75:45:81:24,ff:ff:ff:ff:ff:ff,ff:ff:ff:ff:ff:ff,d8:d7:75:45:81:24,d8:d7:75:45:81:24,FunBox2-8124,-42,1,2412,False,False
1778943505.8548076,data,qos_data,aa:23:4f:4d:00:cf,74:ea:3a:a1:53:a6,74:ea:3a:a1:53:a6,aa:23:4f:4d:00:cf,74:ea:3a:a1:53:a6,,-85,1,2412,False,False
1778943505.9439092,management,beacon,d8:d7:75:45:81:24,ff:ff:ff:ff:ff:ff,ff:ff:ff:ff:ff:ff,d8:d7:75:45:81:24,d8:d7:75:45:81:24,FunBox2-8124,-43,1,2412,False,False
1778943506.0463173,management,beacon,d8:d7:75:45:81:24,ff:ff:ff:ff:ff:ff,ff:ff:ff:ff:ff:ff,d8:d7:75:45:81:24,d8:d7:75:45:81:24,FunBox2-8124,-43,1,2412,False,False
1778943506.0475166,data,null_data,50:02:91:e8:18:ec,d8:d7:75:45:81:24,d8:d7:75:45:81:24,50:02:91:e8:18:ec,d8:d7:75:45:81:24,,-82,1,2412,False,False
1778943506.0475204,control,ack,,50:02:91:e8:18:ec,50:02:91:e8:18:ec,,,,-44,1,2412,False,False
1778943506.148723,management,beacon,d8:d7:75:45:81:24,ff:ff:ff:ff:ff:ff,ff:ff:ff:ff:ff:ff,d8:d7:75:45:81:24,d8:d7:75:45:81:24,FunBox2-8124,-43,1,2412,False,False
1778943506.2083635,data,null_data,50:02:91:e8:18:ec,d8:d7:75:45:81:24,d8:d7:75:45:81:24,50:02:91:e8:18:ec,d8:d7:75:45:81:24,,-81,1,2412,False,False
1778943506.208376,control,ack,,50:02:91:e8:18:ec,50:02:91:e8:18:ec,,,,-47,1,2412,False,False
1778943506.2511702,management,beacon,d8:d7:75:45:81:24,ff:ff:ff:ff:ff:ff,ff:ff:ff:ff:ff:ff,d8:d7:75:45:81:24,d8:d7:75:45:81:24,FunBox2-8124,-44,1,2412,False,False
1778943506.353513,management,beacon,d8:d7:75:45:81:24,ff:ff:ff:ff:ff:ff,ff:ff:ff:ff:ff:ff,d8:d7:75:45:81:24,d8:d7:75:45:81:24,FunBox2-8124,-44,1,2412,False,False
1778943506.4559104,management,beacon,d8:d7:75:45:81:24,ff:ff:ff:ff:ff:ff,ff:ff:ff:ff:ff:ff,d8:d7:75:45:81:24,d8:d7:75:45:81:24,FunBox2-8124,-42,1,2412,False,False
1778943506.55835,management,beacon,d8:d7:75:45:81:24,ff:ff:ff:ff:ff:ff,ff:ff:ff:ff:ff:ff,d8:d7:75:45:81:24,d8:d7:75:45:81:24,FunBox2-8124,-44,1,2412,False,False
1778943506.6607397,management,beacon,d8:d7:75:45:81:24,ff:ff:ff:ff:ff:ff,ff:ff:ff:ff:ff:ff,d8:d7:75:45:81:24,d8:d7:75:45:81:24,FunBox2-8124,-42,1,2412,False,False
1778943506.7631013,management,beacon,d8:d7:75:45:81:24,ff:ff:ff:ff:ff:ff,ff:ff:ff:ff:ff:ff,d8:d7:75:45:81:24,d8:d7:75:45:81:24,FunBox2-8124,-45,1,2412,False,False
1778943506.8213913,management,beacon,ac:84:c6:41:71:22,ff:ff:ff:ff:ff:ff,ff:ff:ff:ff:ff:ff,ac:84:c6:41:71:22,ac:84:c6:41:71:22,TP-LINK_7122,-91,1,2412,False,False
1778943506.8655417,management,beacon,d8:d7:75:45:81:24,ff:ff:ff:ff:ff:ff,ff:ff:ff:ff:ff:ff,d8:d7:75:45:81:24,d8:d7:75:45:81:24,FunBox2-8124,-42,1,2412,False,False
1778943506.9679708,management,beacon,d8:d7:75:45:81:24,ff:ff:ff:ff:ff:ff,ff:ff:ff:ff:ff:ff,d8:d7:75:45:81:24,d8:d7:75:45:81:24,FunBox2-8124,-42,1,2412,False,False
1778943507.0260906,management,beacon,ac:84:c6:41:71:22,ff:ff:ff:ff:ff:ff,ff:ff:ff:ff:ff:ff,ac:84:c6:41:71:22,ac:84:c6:41:71:22,TP-LINK_7122,-90,1,2412,False,False
1778943507.071052,management,beacon,d8:d7:75:45:81:24,ff:ff:ff:ff:ff:ff,ff:ff:ff:ff:ff:ff,d8:d7:75:45:81:24,d8:d7:75:45:81:24,FunBox2-8124,-42,1,2412,False,False
1778943507.275171,management,beacon,d8:d7:75:45:81:24,ff:ff:ff:ff:ff:ff,ff:ff:ff:ff:ff:ff,d8:d7:75:45:81:24,d8:d7:75:45:81:24,FunBox2-8124,-41,1,2412,False,False
1778943507.3775887,management,beacon,d8:d7:75:45:81:24,ff:ff:ff:ff:ff:ff,ff:ff:ff:ff:ff:ff,d8:d7:75:45:81:24,d8:d7:75:45:81:24,FunBox2-8124,-42,1,2412,False,False
1778943507.4354246,management,beacon,ac:84:c6:41:71:22,ff:ff:ff:ff:ff:ff,ff:ff:ff:ff:ff:ff,ac:84:c6:41:71:22,ac:84:c6:41:71:22,TP-LINK_7122,-89,1,2412,False,False
1778943507.4799478,management,beacon,d8:d7:75:45:81:24,ff:ff:ff:ff:ff:ff,ff:ff:ff:ff:ff:ff,d8:d7:75:45:81:24,d8:d7:75:45:81:24,FunBox2-8124,-42,1,2412,False,False
1778943507.582344,management,beacon,d8:d7:75:45:81:24,ff:ff:ff:ff:ff:ff,ff:ff:ff:ff:ff:ff,d8:d7:75:45:81:24,d8:d7:75:45:81:24,FunBox2-8124,-43,1,2412,False,False
1778943507.5835462,data,null_data,50:02:91:e8:18:ec,d8:d7:75:45:81:24,d8:d7:75:45:81:24,50:02:91:e8:18:ec,d8:d7:75:45:81:24,,-82,1,2412,False,False
1778943507.583551,control,ack,,50:02:91:e8:18:ec,50:02:91:e8:18:ec,,,,-46,1,2412,False,False
1778943507.7424407,management,beacon,ac:84:c6:41:71:22,ff:ff:ff:ff:ff:ff,ff:ff:ff:ff:ff:ff,ac:84:c6:41:71:22,ac:84:c6:41:71:22,TP-LINK_7122,-90,1,2412,False,False
1778943507.744413,data,null_data,50:02:91:e8:18:ec,d8:d7:75:45:81:24,d8:d7:75:45:81:24,50:02:91:e8:18:ec,d8:d7:75:45:81:24,,-81,1,2412,False,False
1778943507.7444198,control,ack,,50:02:91:e8:18:ec,50:02:91:e8:18:ec,,,,-44,1,2412,False,False
1778943507.7871652,management,beacon,d8:d7:75:45:81:24,ff:ff:ff:ff:ff:ff,ff:ff:ff:ff:ff:ff,d8:d7:75:45:81:24,d8:d7:75:45:81:24,FunBox2-8124,-45,1,2412,False,False
1778943507.8895454,management,beacon,d8:d7:75:45:81:24,ff:ff:ff:ff:ff:ff,ff:ff:ff:ff:ff:ff,d8:d7:75:45:81:24,d8:d7:75:45:81:24,FunBox2-8124,-41,1,2412,False,False
1778943507.991983,management,beacon,d8:d7:75:45:81:24,ff:ff:ff:ff:ff:ff,ff:ff:ff:ff:ff:ff,d8:d7:75:45:81:24,d8:d7:75:45:81:24,FunBox2-8124,-42,1,2412,False,False
1778943508.0494385,management,beacon,ac:84:c6:41:71:22,ff:ff:ff:ff:ff:ff,ff:ff:ff:ff:ff:ff,ac:84:c6:41:71:22,ac:84:c6:41:71:22,TP-LINK_7122,-88,1,2412,False,False
1778943508.0943499,management,beacon,d8:d7:75:45:81:24,ff:ff:ff:ff:ff:ff,ff:ff:ff:ff:ff:ff,d8:d7:75:45:81:24,d8:d7:75:45:81:24,FunBox2-8124,-42,1,2412,False,False
1778943508.299196,management,beacon,d8:d7:75:45:81:24,ff:ff:ff:ff:ff:ff,ff:ff:ff:ff:ff:ff,d8:d7:75:45:81:24,d8:d7:75:45:81:24,FunBox2-8124,-47,1,2412,False,False
1778943508.4587915,management,beacon,ac:84:c6:41:71:22,ff:ff:ff:ff:ff:ff,ff:ff:ff:ff:ff:ff,ac:84:c6:41:71:22,ac:84:c6:41:71:22,TP-LINK_7122,-87,1,2412,False,False
1778943508.5040338,management,beacon,d8:d7:75:45:81:24,ff:ff:ff:ff:ff:ff,ff:ff:ff:ff:ff:ff,d8:d7:75:45:81:24,d8:d7:75:45:81:24,FunBox2-8124,-44,1,2412,False,False
1778943508.6063924,management,beacon,d8:d7:75:45:81:24,ff:ff:ff:ff:ff:ff,ff:ff:ff:ff:ff:ff,d8:d7:75:45:81:24,d8:d7:75:45:81:24,FunBox2-8124,-44,1,2412,False,False
1778943508.8111982,management,beacon,d8:d7:75:45:81:24,ff:ff:ff:ff:ff:ff,ff:ff:ff:ff:ff:ff,d8:d7:75:45:81:24,d8:d7:75:45:81:24,FunBox2-8124,-47,1,2412,False,False
1778943508.9136102,management,beacon,d8:d7:75:45:81:24,ff:ff:ff:ff:ff:ff,ff:ff:ff:ff:ff:ff,d8:d7:75:45:81:24,d8:d7:75:45:81:24,FunBox2-8124,-44,1,2412,False,False
1778943509.0160694,management,beacon,d8:d7:75:45:81:24,ff:ff:ff:ff:ff:ff,ff:ff:ff:ff:ff:ff,d8:d7:75:45:81:24,d8:d7:75:45:81:24,FunBox2-8124,-43,1,2412,False,False
1778943509.1184514,management,beacon,d8:d7:75:45:81:24,ff:ff:ff:ff:ff:ff,ff:ff:ff:ff:ff:ff,d8:d7:75:45:81:24,d8:d7:75:45:81:24,FunBox2-8124,-43,1,2412,False,False
1778943509.2220147,data,null_data,50:02:91:e8:18:ec,d8:d7:75:45:81:24,d8:d7:75:45:81:24,50:02:91:e8:18:ec,d8:d7:75:45:81:24,,-82,1,2412,False,False
1778943509.2220283,control,ack,,50:02:91:e8:18:ec,50:02:91:e8:18:ec,,,,-47,1,2412,False,False
1778943509.3232162,management,beacon,d8:d7:75:45:81:24,ff:ff:ff:ff:ff:ff,ff:ff:ff:ff:ff:ff,d8:d7:75:45:81:24,d8:d7:75:45:81:24,FunBox2-8124,-44,1,2412,False,False
1778943509.4256356,management,beacon,d8:d7:75:45:81:24,ff:ff:ff:ff:ff:ff,ff:ff:ff:ff:ff:ff,d8:d7:75:45:81:24,d8:d7:75:45:81:24,FunBox2-8124,-44,1,2412,False,False
1778943509.528051,management,beacon,d8:d7:75:45:81:24,ff:ff:ff:ff:ff:ff,ff:ff:ff:ff:ff:ff,d8:d7:75:45:81:24,d8:d7:75:45:81:24,FunBox2-8124,-44,1,2412,False,False
1778943509.630468,management,beacon,d8:d7:75:45:81:24,ff:ff:ff:ff:ff:ff,ff:ff:ff:ff:ff:ff,d8:d7:75:45:81:24,d8:d7:75:45:81:24,FunBox2-8124,-44,1,2412,False,False
1778943509.835211,management,beacon,d8:d7:75:45:81:24,ff:ff:ff:ff:ff:ff,ff:ff:ff:ff:ff:ff,d8:d7:75:45:81:24,d8:d7:75:45:81:24,FunBox2-8124,-42,1,2412,False,False
1778943509.9376485,management,beacon,d8:d7:75:45:81:24,ff:ff:ff:ff:ff:ff,ff:ff:ff:ff:ff:ff,d8:d7:75:45:81:24,d8:d7:75:45:81:24,FunBox2-8124,-42,1,2412,False,False
1778943510.0400643,management,beacon,d8:d7:75:45:81:24,ff:ff:ff:ff:ff:ff,ff:ff:ff:ff:ff:ff,d8:d7:75:45:81:24,d8:d7:75:45:81:24,FunBox2-8124,-44,1,2412,False,False
1778943510.142459,management,beacon,d8:d7:75:45:81:24,ff:ff:ff:ff:ff:ff,ff:ff:ff:ff:ff:ff,d8:d7:75:45:81:24,d8:d7:75:45:81:24,FunBox2-8124,-42,1,2412,False,False
1778943510.3472803,management,beacon,d8:d7:75:45:81:24,ff:ff:ff:ff:ff:ff,ff:ff:ff:ff:ff:ff,d8:d7:75:45:81:24,d8:d7:75:45:81:24,FunBox2-8124,-43,1,2412,False,False
1778943510.4032037,management,beacon,ac:84:c6:41:71:22,ff:ff:ff:ff:ff:ff,ff:ff:ff:ff:ff:ff,ac:84:c6:41:71:22,ac:84:c6:41:71:22,TP-LINK_7122,-87,1,2412,False,False
1778943510.4496605,management,beacon,d8:d7:75:45:81:24,ff:ff:ff:ff:ff:ff,ff:ff:ff:ff:ff:ff,d8:d7:75:45:81:24,d8:d7:75:45:81:24,FunBox2-8124,-43,1,2412,False,False
1778943510.5521138,management,beacon,d8:d7:75:45:81:24,ff:ff:ff:ff:ff:ff,ff:ff:ff:ff:ff:ff,d8:d7:75:45:81:24,d8:d7:75:45:81:24,FunBox2-8124,-42,1,2412,False,False
1778943510.6544454,management,beacon,d8:d7:75:45:81:24,ff:ff:ff:ff:ff:ff,ff:ff:ff:ff:ff:ff,d8:d7:75:45:81:24,d8:d7:75:45:81:24,FunBox2-8124,-44,1,2412,False,False
1778943510.6556234,control,ack,,50:02:91:e8:18:ec,50:02:91:e8:18:ec,,,,-46,1,2412,False,False
1778943510.816888,data,null_data,50:02:91:e8:18:ec,d8:d7:75:45:81:24,d8:d7:75:45:81:24,50:02:91:e8:18:ec,d8:d7:75:45:81:24,,-81,1,2412,False,True
1778943510.8171992,data,null_data,50:02:91:e8:18:ec,d8:d7:75:45:81:24,d8:d7:75:45:81:24,50:02:91:e8:18:ec,d8:d7:75:45:81:24,,-84,1,2412,False,True
1778943510.8186643,data,null_data,50:02:91:e8:18:ec,d8:d7:75:45:81:24,d8:d7:75:45:81:24,50:02:91:e8:18:ec,d8:d7:75:45:81:24,,-84,1,2412,False,True
1778943510.8192165,data,null_data,50:02:91:e8:18:ec,d8:d7:75:45:81:24,d8:d7:75:45:81:24,50:02:91:e8:18:ec,d8:d7:75:45:81:24,,-85,1,2412,False,True
1778943510.8195307,control,ack,,50:02:91:e8:18:ec,50:02:91:e8:18:ec,,,,-44,1,2412,False,False
1778943510.8593361,management,beacon,d8:d7:75:45:81:24,ff:ff:ff:ff:ff:ff,ff:ff:ff:ff:ff:ff,d8:d7:75:45:81:24,d8:d7:75:45:81:24,FunBox2-8124,-43,1,2412,False,False
1778943510.9616652,management,beacon,d8:d7:75:45:81:24,ff:ff:ff:ff:ff:ff,ff:ff:ff:ff:ff:ff,d8:d7:75:45:81:24,d8:d7:75:45:81:24,FunBox2-8124,-43,1,2412,False,False
1778943511.0172467,management,beacon,ac:84:c6:41:71:22,ff:ff:ff:ff:ff:ff,ff:ff:ff:ff:ff:ff,ac:84:c6:41:71:22,ac:84:c6:41:71:22,TP-LINK_7122,-89,1,2412,False,False
1778943511.06414,management,beacon,d8:d7:75:45:81:24,ff:ff:ff:ff:ff:ff,ff:ff:ff:ff:ff:ff,d8:d7:75:45:81:24,d8:d7:75:45:81:24,FunBox2-8124,-43,1,2412,False,False
1778943511.1664832,management,beacon,d8:d7:75:45:81:24,ff:ff:ff:ff:ff:ff,ff:ff:ff:ff:ff:ff,d8:d7:75:45:81:24,d8:d7:75:45:81:24,FunBox2-8124,-43,1,2412,False,False
1778943511.3712764,management,beacon,d8:d7:75:45:81:24,ff:ff:ff:ff:ff:ff,ff:ff:ff:ff:ff:ff,d8:d7:75:45:81:24,d8:d7:75:45:81:24,FunBox2-8124,-44,1,2412,False,False
1778943511.4736862,management,beacon,d8:d7:75:45:81:24,ff:ff:ff:ff:ff:ff,ff:ff:ff:ff:ff:ff,d8:d7:75:45:81:24,d8:d7:75:45:81:24,FunBox2-8124,-42,1,2412,False,False
1778943511.5761304,management,beacon,d8:d7:75:45:81:24,ff:ff:ff:ff:ff:ff,ff:ff:ff:ff:ff:ff,d8:d7:75:45:81:24,d8:d7:75:45:81:24,FunBox2-8124,-44,1,2412,False,False
1778943511.6785288,management,beacon,d8:d7:75:45:81:24,ff:ff:ff:ff:ff:ff,ff:ff:ff:ff:ff:ff,d8:d7:75:45:81:24,d8:d7:75:45:81:24,FunBox2-8124,-43,1,2412,False,False
1778943511.7137237,data,qos_null,aa:23:4f:4d:00:cf,74:ea:3a:a1:53:a6,74:ea:3a:a1:53:a6,aa:23:4f:4d:00:cf,74:ea:3a:a1:53:a6,,-89,1,2412,False,False
1778943511.8359423,management,beacon,ac:84:c6:41:71:22,ff:ff:ff:ff:ff:ff,ff:ff:ff:ff:ff:ff,ac:84:c6:41:71:22,ac:84:c6:41:71:22,TP-LINK_7122,-87,1,2412,False,False
1778943511.883327,management,beacon,d8:d7:75:45:81:24,ff:ff:ff:ff:ff:ff,ff:ff:ff:ff:ff:ff,d8:d7:75:45:81:24,d8:d7:75:45:81:24,FunBox2-8124,-45,1,2412,False,False
1778943511.9856954,management,beacon,d8:d7:75:45:81:24,ff:ff:ff:ff:ff:ff,ff:ff:ff:ff:ff:ff,d8:d7:75:45:81:24,d8:d7:75:45:81:24,FunBox2-8124,-43,1,2412,False,False
1778943512.0881615,management,beacon,d8:d7:75:45:81:24,ff:ff:ff:ff:ff:ff,ff:ff:ff:ff:ff:ff,d8:d7:75:45:81:24,d8:d7:75:45:81:24,FunBox2-8124,-42,1,2412,False,False
1778943512.1905186,management,beacon,d8:d7:75:45:81:24,ff:ff:ff:ff:ff:ff,ff:ff:ff:ff:ff:ff,d8:d7:75:45:81:24,d8:d7:75:45:81:24,FunBox2-8124,-42,1,2412,False,False
1778943512.3476398,management,beacon,ac:84:c6:41:71:22,ff:ff:ff:ff:ff:ff,ff:ff:ff:ff:ff:ff,ac:84:c6:41:71:22,ac:84:c6:41:71:22,TP-LINK_7122,-85,1,2412,False,False
1778943512.3953333,management,beacon,d8:d7:75:45:81:24,ff:ff:ff:ff:ff:ff,ff:ff:ff:ff:ff:ff,d8:d7:75:45:81:24,d8:d7:75:45:81:24,FunBox2-8124,-42,1,2412,False,False
1778943512.4977782,management,beacon,d8:d7:75:45:81:24,ff:ff:ff:ff:ff:ff,ff:ff:ff:ff:ff:ff,d8:d7:75:45:81:24,d8:d7:75:45:81:24,FunBox2-8124,-44,1,2412,False,False
1778943512.6001356,management,beacon,d8:d7:75:45:81:24,ff:ff:ff:ff:ff:ff,ff:ff:ff:ff:ff:ff,d8:d7:75:45:81:24,d8:d7:75:45:81:24,FunBox2-8124,-44,1,2412,False,False
1778943512.6013172,data,null_data,50:02:91:e8:18:ec,d8:d7:75:45:81:24,d8:d7:75:45:81:24,50:02:91:e8:18:ec,d8:d7:75:45:81:24,,-82,1,2412,False,False
1778943512.6013198,control,ack,,50:02:91:e8:18:ec,50:02:91:e8:18:ec,,,,-44,1,2412,False,False
1778943512.7025735,management,beacon,d8:d7:75:45:81:24,ff:ff:ff:ff:ff:ff,ff:ff:ff:ff:ff:ff,d8:d7:75:45:81:24,d8:d7:75:45:81:24,FunBox2-8124,-42,1,2412,False,False
1778943512.7621832,data,null_data,50:02:91:e8:18:ec,d8:d7:75:45:81:24,d8:d7:75:45:81:24,50:02:91:e8:18:ec,d8:d7:75:45:81:24,,-82,1,2412,False,False
1778943512.7621937,control,ack,,50:02:91:e8:18:ec,50:02:91:e8:18:ec,,,,-44,1,2412,False,False
1778943512.8049297,management,beacon,d8:d7:75:45:81:24,ff:ff:ff:ff:ff:ff,ff:ff:ff:ff:ff:ff,d8:d7:75:45:81:24,d8:d7:75:45:81:24,FunBox2-8124,-43,1,2412,False,False
1778943512.8593116,management,beacon,ac:84:c6:41:71:22,ff:ff:ff:ff:ff:ff,ff:ff:ff:ff:ff:ff,ac:84:c6:41:71:22,ac:84:c6:41:71:22,TP-LINK_7122,-89,1,2412,False,False
1778943512.9073944,management,beacon,d8:d7:75:45:81:24,ff:ff:ff:ff:ff:ff,ff:ff:ff:ff:ff:ff,d8:d7:75:45:81:24,d8:d7:75:45:81:24,FunBox2-8124,-44,1,2412,False,False
1778943513.0097635,management,beacon,d8:d7:75:45:81:24,ff:ff:ff:ff:ff:ff,ff:ff:ff:ff:ff:ff,d8:d7:75:45:81:24,d8:d7:75:45:81:24,FunBox2-8124,-44,1,2412,False,False
1778943513.0646296,data,qos_null,d8:d7:75:45:81:24,54:35:30:cf:ee:1e,54:35:30:cf:ee:1e,d8:d7:75:45:81:24,d8:d7:75:45:81:24,,-42,1,2412,False,False
1778943513.0649118,control,ack,,d8:d7:75:45:81:24,d8:d7:75:45:81:24,,,,-55,1,2412,False,False
1778943513.1121619,management,beacon,d8:d7:75:45:81:24,ff:ff:ff:ff:ff:ff,ff:ff:ff:ff:ff:ff,d8:d7:75:45:81:24,d8:d7:75:45:81:24,FunBox2-8124,-44,1,2412,False,False
1778943513.1136723,data,data,d8:d7:75:45:81:24,01:00:5e:00:00:fb,01:00:5e:00:00:fb,d8:d7:75:45:81:24,e6:12:a8:93:5a:78,,-43,1,2412,True,False
1778943513.1139917,control,ack,,d8:d7:75:45:81:24,d8:d7:75:45:81:24,,,,-83,1,2412,False,False
1778943513.1141708,control,ack,,50:02:91:e8:18:ec,50:02:91:e8:18:ec,,,,-46,1,2412,False,False
1778943513.1159427,data,data,d8:d7:75:45:81:24,33:33:00:00:00:fb,33:33:00:00:00:fb,d8:d7:75:45:81:24,e6:12:a8:93:5a:78,,-43,1,2412,True,False
1778943513.116782,data,qos_null,d8:d7:75:45:81:24,50:02:91:e8:18:ec,50:02:91:e8:18:ec,d8:d7:75:45:81:24,d8:d7:75:45:81:24,,-44,1,2412,False,False
1778943513.1180222,data,qos_null,d8:d7:75:45:81:24,50:02:91:e8:18:ec,50:02:91:e8:18:ec,d8:d7:75:45:81:24,d8:d7:75:45:81:24,,-45,1,2412,False,True
1778943513.1183426,control,ack,,d8:d7:75:45:81:24,d8:d7:75:45:81:24,,,,-84,1,2412,False,False
1778943513.2146056,management,beacon,d8:d7:75:45:81:24,ff:ff:ff:ff:ff:ff,ff:ff:ff:ff:ff:ff,d8:d7:75:45:81:24,d8:d7:75:45:81:24,FunBox2-8124,-44,1,2412,False,False
1778943513.268661,management,beacon,ac:84:c6:41:71:22,ff:ff:ff:ff:ff:ff,ff:ff:ff:ff:ff:ff,ac:84:c6:41:71:22,ac:84:c6:41:71:22,TP-LINK_7122,-86,1,2412,False,False
1778943513.2788174,data,null_data,50:02:91:e8:18:ec,d8:d7:75:45:81:24,d8:d7:75:45:81:24,50:02:91:e8:18:ec,d8:d7:75:45:81:24,,-84,1,2412,False,False
1778943513.2788231,control,ack,,50:02:91:e8:18:ec,50:02:91:e8:18:ec,,,,-46,1,2412,False,False
1778943513.317002,management,beacon,d8:d7:75:45:81:24,ff:ff:ff:ff:ff:ff,ff:ff:ff:ff:ff:ff,d8:d7:75:45:81:24,d8:d7:75:45:81:24,FunBox2-8124,-43,1,2412,False,False
1778943513.419404,management,beacon,d8:d7:75:45:81:24,ff:ff:ff:ff:ff:ff,ff:ff:ff:ff:ff:ff,d8:d7:75:45:81:24,d8:d7:75:45:81:24,FunBox2-8124,-42,1,2412,False,False
1778943513.5218096,management,beacon,d8:d7:75:45:81:24,ff:ff:ff:ff:ff:ff,ff:ff:ff:ff:ff:ff,d8:d7:75:45:81:24,d8:d7:75:45:81:24,FunBox2-8124,-45,1,2412,False,False
1778943513.7265725,management,beacon,d8:d7:75:45:81:24,ff:ff:ff:ff:ff:ff,ff:ff:ff:ff:ff:ff,d8:d7:75:45:81:24,d8:d7:75:45:81:24,FunBox2-8124,-43,1,2412,False,False
1778943513.8289695,management,beacon,d8:d7:75:45:81:24,ff:ff:ff:ff:ff:ff,ff:ff:ff:ff:ff:ff,d8:d7:75:45:81:24,d8:d7:75:45:81:24,FunBox2-8124,-43,1,2412,False,False
1778943513.8826919,management,beacon,ac:84:c6:41:71:22,ff:ff:ff:ff:ff:ff,ff:ff:ff:ff:ff:ff,ac:84:c6:41:71:22,ac:84:c6:41:71:22,TP-LINK_7122,-90,1,2412,False,False
1778943513.9313912,management,beacon,d8:d7:75:45:81:24,ff:ff:ff:ff:ff:ff,ff:ff:ff:ff:ff:ff,d8:d7:75:45:81:24,d8:d7:75:45:81:24,FunBox2-8124,-42,1,2412,False,False
1778943514.0347486,management,beacon,d8:d7:75:45:81:24,ff:ff:ff:ff:ff:ff,ff:ff:ff:ff:ff:ff,d8:d7:75:45:81:24,d8:d7:75:45:81:24,FunBox2-8124,-42,1,2412,False,False
1778943514.1361904,management,beacon,d8:d7:75:45:81:24,ff:ff:ff:ff:ff:ff,ff:ff:ff:ff:ff:ff,d8:d7:75:45:81:24,d8:d7:75:45:81:24,FunBox2-8124,-43,1,2412,False,False
1778943514.1897204,management,beacon,ac:84:c6:41:71:22,ff:ff:ff:ff:ff:ff,ff:ff:ff:ff:ff:ff,ac:84:c6:41:71:22,ac:84:c6:41:71:22,TP-LINK_7122,-86,1,2412,False,False
1778943514.1928475,control,block_ack_request,8e:8e:6f:93:93:5f,70:0b:01:45:f0:90,70:0b:01:45:f0:90,8e:8e:6f:93:93:5f,,,-88,1,2412,False,False
1778943514.239436,management,beacon,d8:d7:75:45:81:24,ff:ff:ff:ff:ff:ff,ff:ff:ff:ff:ff:ff,d8:d7:75:45:81:24,d8:d7:75:45:81:24,FunBox2-8124,-43,1,2412,False,False
1778943514.2599335,control,block_ack_request,8e:8e:6f:93:93:5f,70:0b:01:45:f0:90,70:0b:01:45:f0:90,8e:8e:6f:93:93:5f,,,-84,1,2412,False,False
1778943514.2671733,control,block_ack_request,8e:8e:6f:93:93:5f,70:0b:01:45:f0:90,70:0b:01:45:f0:90,8e:8e:6f:93:93:5f,,,-85,1,2412,False,False
1778943514.2884107,control,block_ack_request,8e:8e:6f:93:93:5f,70:0b:01:45:f0:90,70:0b:01:45:f0:90,8e:8e:6f:93:93:5f,,,-92,1,2412,False,False
1778943514.3244865,control,block_ack_request,8e:8e:6f:93:93:5f,70:0b:01:45:f0:90,70:0b:01:45:f0:90,8e:8e:6f:93:93:5f,,,-89,1,2412,False,False
1778943514.3275645,control,block_ack_request,8e:8e:6f:93:93:5f,70:0b:01:45:f0:90,70:0b:01:45:f0:90,8e:8e:6f:93:93:5f,,,-87,1,2412,False,False
1778943514.341275,management,beacon,d8:d7:75:45:81:24,ff:ff:ff:ff:ff:ff,ff:ff:ff:ff:ff:ff,d8:d7:75:45:81:24,d8:d7:75:45:81:24,FunBox2-8124,-45,1,2412,False,False
1778943514.3884015,control,block_ack_request,8e:8e:6f:93:93:5f,70:0b:01:45:f0:90,70:0b:01:45:f0:90,8e:8e:6f:93:93:5f,,,-92,1,2412,False,False
1778943514.443428,management,beacon,d8:d7:75:45:81:24,ff:ff:ff:ff:ff:ff,ff:ff:ff:ff:ff:ff,d8:d7:75:45:81:24,d8:d7:75:45:81:24,FunBox2-8124,-44,1,2412,False,False
1778943514.5458343,management,beacon,d8:d7:75:45:81:24,ff:ff:ff:ff:ff:ff,ff:ff:ff:ff:ff:ff,d8:d7:75:45:81:24,d8:d7:75:45:81:24,FunBox2-8124,-43,1,2412,False,False
1778943514.563976,data,null_data,8e:8e:6f:93:93:5f,70:0b:01:45:f0:90,70:0b:01:45:f0:90,8e:8e:6f:93:93:5f,70:0b:01:45:f0:90,,-91,1,2412,False,True
1778943514.5671637,data,null_data,8e:8e:6f:93:93:5f,70:0b:01:45:f0:90,70:0b:01:45:f0:90,8e:8e:6f:93:93:5f,70:0b:01:45:f0:90,,-92,1,2412,False,True
1778943514.648236,management,beacon,d8:d7:75:45:81:24,ff:ff:ff:ff:ff:ff,ff:ff:ff:ff:ff:ff,d8:d7:75:45:81:24,d8:d7:75:45:81:24,FunBox2-8124,-45,1,2412,False,False
1778943514.7506065,management,beacon,d8:d7:75:45:81:24,ff:ff:ff:ff:ff:ff,ff:ff:ff:ff:ff:ff,d8:d7:75:45:81:24,d8:d7:75:45:81:24,FunBox2-8124,-44,1,2412,False,False
1778943514.853021,management,beacon,d8:d7:75:45:81:24,ff:ff:ff:ff:ff:ff,ff:ff:ff:ff:ff:ff,d8:d7:75:45:81:24,d8:d7:75:45:81:24,FunBox2-8124,-45,1,2412,False,False
1778943514.8913283,control,block_ack_request,8e:8e:6f:93:93:5f,70:0b:01:45:f0:90,70:0b:01:45:f0:90,8e:8e:6f:93:93:5f,,,-94,1,2412,False,False
1778943514.9559786,management,beacon,d8:d7:75:45:81:24,ff:ff:ff:ff:ff:ff,ff:ff:ff:ff:ff:ff,d8:d7:75:45:81:24,d8:d7:75:45:81:24,FunBox2-8124,-44,1,2412,False,False
1778943515.0578845,management,beacon,d8:d7:75:45:81:24,ff:ff:ff:ff:ff:ff,ff:ff:ff:ff:ff:ff,d8:d7:75:45:81:24,d8:d7:75:45:81:24,FunBox2-8124,-44,1,2412,False,False
1778943515.11886,data,null_data,50:02:91:e8:18:ec,d8:d7:75:45:81:24,d8:d7:75:45:81:24,50:02:91:e8:18:ec,d8:d7:75:45:81:24,,-81,1,2412,False,False
1778943515.118873,control,ack,,50:02:91:e8:18:ec,50:02:91:e8:18:ec,,,,-47,1,2412,False,False
1778943515.1235068,control,block_ack_request,8e:8e:6f:93:93:5f,70:0b:01:45:f0:90,70:0b:01:45:f0:90,8e:8e:6f:93:93:5f,,,-92,1,2412,False,False
1778943515.1469252,data,null_data,8e:8e:6f:93:93:5f,70:0b:01:45:f0:90,70:0b:01:45:f0:90,8e:8e:6f:93:93:5f,70:0b:01:45:f0:90,,-93,1,2412,False,False
1778943515.148939,data,null_data,8e:8e:6f:93:93:5f,70:0b:01:45:f0:90,70:0b:01:45:f0:90,8e:8e:6f:93:93:5f,70:0b:01:45:f0:90,,-90,1,2412,False,True
1778943515.16042,management,beacon,d8:d7:75:45:81:24,ff:ff:ff:ff:ff:ff,ff:ff:ff:ff:ff:ff,d8:d7:75:45:81:24,d8:d7:75:45:81:24,FunBox2-8124,-44,1,2412,False,False
1778943515.263083,management,beacon,d8:d7:75:45:81:24,ff:ff:ff:ff:ff:ff,ff:ff:ff:ff:ff:ff,d8:d7:75:45:81:24,d8:d7:75:45:81:24,FunBox2-8124,-43,1,2412,False,False
1778943515.3650665,management,beacon,d8:d7:75:45:81:24,ff:ff:ff:ff:ff:ff,ff:ff:ff:ff:ff:ff,d8:d7:75:45:81:24,d8:d7:75:45:81:24,FunBox2-8124,-45,1,2412,False,False
1778943515.4177566,management,beacon,ac:84:c6:41:71:22,ff:ff:ff:ff:ff:ff,ff:ff:ff:ff:ff:ff,ac:84:c6:41:71:22,ac:84:c6:41:71:22,TP-LINK_7122,-88,1,2412,False,False
1778943515.4674358,management,beacon,d8:d7:75:45:81:24,ff:ff:ff:ff:ff:ff,ff:ff:ff:ff:ff:ff,d8:d7:75:45:81:24,d8:d7:75:45:81:24,FunBox2-8124,-42,1,2412,False,False
1778943515.570965,management,beacon,d8:d7:75:45:81:24,ff:ff:ff:ff:ff:ff,ff:ff:ff:ff:ff:ff,d8:d7:75:45:81:24,d8:d7:75:45:81:24,FunBox2-8124,-42,1,2412,False,False
1778943515.6729448,management,beacon,d8:d7:75:45:81:24,ff:ff:ff:ff:ff:ff,ff:ff:ff:ff:ff:ff,d8:d7:75:45:81:24,d8:d7:75:45:81:24,FunBox2-8124,-44,1,2412,False,False
1778943515.7746818,management,beacon,d8:d7:75:45:81:24,ff:ff:ff:ff:ff:ff,ff:ff:ff:ff:ff:ff,d8:d7:75:45:81:24,d8:d7:75:45:81:24,FunBox2-8124,-45,1,2412,False,False
1778943515.8274164,management,beacon,ac:84:c6:41:71:22,ff:ff:ff:ff:ff:ff,ff:ff:ff:ff:ff:ff,ac:84:c6:41:71:22,ac:84:c6:41:71:22,TP-LINK_7122,-89,1,2412,False,False
1778943515.8770874,management,beacon,d8:d7:75:45:81:24,ff:ff:ff:ff:ff:ff,ff:ff:ff:ff:ff:ff,d8:d7:75:45:81:24,d8:d7:75:45:81:24,FunBox2-8124,-42,1,2412,False,False
1778943515.9794824,management,beacon,d8:d7:75:45:81:24,ff:ff:ff:ff:ff:ff,ff:ff:ff:ff:ff:ff,d8:d7:75:45:81:24,d8:d7:75:45:81:24,FunBox2-8124,-44,1,2412,False,False
1778943516.081918,management,beacon,d8:d7:75:45:81:24,ff:ff:ff:ff:ff:ff,ff:ff:ff:ff:ff:ff,d8:d7:75:45:81:24,d8:d7:75:45:81:24,FunBox2-8124,-42,1,2412,False,False
1778943516.1847005,management,beacon,d8:d7:75:45:81:24,ff:ff:ff:ff:ff:ff,ff:ff:ff:ff:ff:ff,d8:d7:75:45:81:24,d8:d7:75:45:81:24,FunBox2-8124,-42,1,2412,False,False
1778943516.1984127,control,block_ack_request,8e:8e:6f:93:93:5f,70:0b:01:45:f0:90,70:0b:01:45:f0:90,8e:8e:6f:93:93:5f,,,-91,1,2412,False,False
1778943516.2570107,control,block_ack_request,8e:8e:6f:93:93:5f,70:0b:01:45:f0:90,70:0b:01:45:f0:90,8e:8e:6f:93:93:5f,,,-89,1,2412,False,False
1778943516.2866476,management,beacon,d8:d7:75:45:81:24,ff:ff:ff:ff:ff:ff,ff:ff:ff:ff:ff:ff,d8:d7:75:45:81:24,d8:d7:75:45:81:24,FunBox2-8124,-43,1,2412,False,False
1778943516.299522,control,block_ack_request,8e:8e:6f:93:93:5f,70:0b:01:45:f0:90,70:0b:01:45:f0:90,8e:8e:6f:93:93:5f,,,-89,1,2412,False,False
1778943516.389075,management,beacon,d8:d7:75:45:81:24,ff:ff:ff:ff:ff:ff,ff:ff:ff:ff:ff:ff,d8:d7:75:45:81:24,d8:d7:75:45:81:24,FunBox2-8124,-43,1,2412,False,False
1778943516.4914854,management,beacon,d8:d7:75:45:81:24,ff:ff:ff:ff:ff:ff,ff:ff:ff:ff:ff:ff,d8:d7:75:45:81:24,d8:d7:75:45:81:24,FunBox2-8124,-42,1,2412,False,False
1778943516.5945334,management,beacon,d8:d7:75:45:81:24,ff:ff:ff:ff:ff:ff,ff:ff:ff:ff:ff:ff,d8:d7:75:45:81:24,d8:d7:75:45:81:24,FunBox2-8124,-47,1,2412,False,False
1778943516.6963289,management,beacon,d8:d7:75:45:81:24,ff:ff:ff:ff:ff:ff,ff:ff:ff:ff:ff:ff,d8:d7:75:45:81:24,d8:d7:75:45:81:24,FunBox2-8124,-43,1,2412,False,False
1778943516.7987566,management,beacon,d8:d7:75:45:81:24,ff:ff:ff:ff:ff:ff,ff:ff:ff:ff:ff:ff,d8:d7:75:45:81:24,d8:d7:75:45:81:24,FunBox2-8124,-45,1,2412,False,False
1778943516.901155,management,beacon,d8:d7:75:45:81:24,ff:ff:ff:ff:ff:ff,ff:ff:ff:ff:ff:ff,d8:d7:75:45:81:24,d8:d7:75:45:81:24,FunBox2-8124,-47,1,2412,False,False
1778943516.9023407,data,null_data,50:02:91:e8:18:ec,d8:d7:75:45:81:24,d8:d7:75:45:81:24,50:02:91:e8:18:ec,d8:d7:75:45:81:24,,-83,1,2412,False,False
1778943516.9023442,control,ack,,50:02:91:e8:18:ec,50:02:91:e8:18:ec,,,,-48,1,2412,False,False
1778943517.0035005,management,beacon,d8:d7:75:45:81:24,ff:ff:ff:ff:ff:ff,ff:ff:ff:ff:ff:ff,d8:d7:75:45:81:24,d8:d7:75:45:81:24,FunBox2-8124,-42,1,2412,False,False
1778943517.0633252,data,null_data,50:02:91:e8:18:ec,d8:d7:75:45:81:24,d8:d7:75:45:81:24,50:02:91:e8:18:ec,d8:d7:75:45:81:24,,-81,1,2412,False,False
1778943517.0633364,data,null_data,50:02:91:e8:18:ec,d8:d7:75:45:81:24,d8:d7:75:45:81:24,50:02:91:e8:18:ec,d8:d7:75:45:81:24,,-82,1,2412,False,True
1778943517.064839,control,ack,,50:02:91:e8:18:ec,50:02:91:e8:18:ec,,,,-45,1,2412,False,False
1778943517.106608,management,beacon,d8:d7:75:45:81:24,ff:ff:ff:ff:ff:ff,ff:ff:ff:ff:ff:ff,d8:d7:75:45:81:24,d8:d7:75:45:81:24,FunBox2-8124,-43,1,2412,False,False
1778943517.2083707,management,beacon,d8:d7:75:45:81:24,ff:ff:ff:ff:ff:ff,ff:ff:ff:ff:ff:ff,d8:d7:75:45:81:24,d8:d7:75:45:81:24,FunBox2-8124,-44,1,2412,False,False
1778943517.3107197,management,beacon,d8:d7:75:45:81:24,ff:ff:ff:ff:ff:ff,ff:ff:ff:ff:ff:ff,d8:d7:75:45:81:24,d8:d7:75:45:81:24,FunBox2-8124,-43,1,2412,False,False
1778943517.4131284,management,beacon,d8:d7:75:45:81:24,ff:ff:ff:ff:ff:ff,ff:ff:ff:ff:ff:ff,d8:d7:75:45:81:24,d8:d7:75:45:81:24,FunBox2-8124,-43,1,2412,False,False
1778943517.515539,management,beacon,d8:d7:75:45:81:24,ff:ff:ff:ff:ff:ff,ff:ff:ff:ff:ff:ff,d8:d7:75:45:81:24,d8:d7:75:45:81:24,FunBox2-8124,-43,1,2412,False,False
1778943517.5668628,management,beacon,ac:84:c6:41:71:22,ff:ff:ff:ff:ff:ff,ff:ff:ff:ff:ff:ff,ac:84:c6:41:71:22,ac:84:c6:41:71:22,TP-LINK_7122,-90,1,2412,False,False
1778943517.6179087,management,beacon,d8:d7:75:45:81:24,ff:ff:ff:ff:ff:ff,ff:ff:ff:ff:ff:ff,d8:d7:75:45:81:24,d8:d7:75:45:81:24,FunBox2-8124,-42,1,2412,False,False
1778943517.7203195,management,beacon,d8:d7:75:45:81:24,ff:ff:ff:ff:ff:ff,ff:ff:ff:ff:ff:ff,d8:d7:75:45:81:24,d8:d7:75:45:81:24,FunBox2-8124,-43,1,2412,False,False
1778943517.8227239,management,beacon,d8:d7:75:45:81:24,ff:ff:ff:ff:ff:ff,ff:ff:ff:ff:ff:ff,d8:d7:75:45:81:24,d8:d7:75:45:81:24,FunBox2-8124,-45,1,2412,False,False
1778943517.9251595,management,beacon,d8:d7:75:45:81:24,ff:ff:ff:ff:ff:ff,ff:ff:ff:ff:ff:ff,d8:d7:75:45:81:24,d8:d7:75:45:81:24,FunBox2-8124,-45,1,2412,False,False
1778943518.027564,management,beacon,d8:d7:75:45:81:24,ff:ff:ff:ff:ff:ff,ff:ff:ff:ff:ff:ff,d8:d7:75:45:81:24,d8:d7:75:45:81:24,FunBox2-8124,-42,1,2412,False,False
1778943518.1299455,management,beacon,d8:d7:75:45:81:24,ff:ff:ff:ff:ff:ff,ff:ff:ff:ff:ff:ff,d8:d7:75:45:81:24,d8:d7:75:45:81:24,FunBox2-8124,-42,1,2412,False,False
1778943518.2323794,management,beacon,d8:d7:75:45:81:24,ff:ff:ff:ff:ff:ff,ff:ff:ff:ff:ff:ff,d8:d7:75:45:81:24,d8:d7:75:45:81:24,FunBox2-8124,-44,1,2412,False,False
1778943518.3347385,management,beacon,d8:d7:75:45:81:24,ff:ff:ff:ff:ff:ff,ff:ff:ff:ff:ff:ff,d8:d7:75:45:81:24,d8:d7:75:45:81:24,FunBox2-8124,-43,1,2412,False,False
1778943518.3359125,data,null_data,50:02:91:e8:18:ec,d8:d7:75:45:81:24,d8:d7:75:45:81:24,50:02:91:e8:18:ec,d8:d7:75:45:81:24,,-83,1,2412,False,False
1778943518.3359182,control,ack,,50:02:91:e8:18:ec,50:02:91:e8:18:ec,,,,-47,1,2412,False,False
1778943518.4371507,management,beacon,d8:d7:75:45:81:24,ff:ff:ff:ff:ff:ff,ff:ff:ff:ff:ff:ff,d8:d7:75:45:81:24,d8:d7:75:45:81:24,FunBox2-8124,-43,1,2412,False,False
1778943518.4879024,management,beacon,ac:84:c6:41:71:22,ff:ff:ff:ff:ff:ff,ff:ff:ff:ff:ff:ff,ac:84:c6:41:71:22,ac:84:c6:41:71:22,TP-LINK_7122,-87,1,2412,False,False
1778943518.496738,data,null_data,50:02:91:e8:18:ec,d8:d7:75:45:81:24,d8:d7:75:45:81:24,50:02:91:e8:18:ec,d8:d7:75:45:81:24,,-83,1,2412,False,False
1778943518.4971058,data,null_data,50:02:91:e8:18:ec,d8:d7:75:45:81:24,d8:d7:75:45:81:24,50:02:91:e8:18:ec,d8:d7:75:45:81:24,,-80,1,2412,False,True
1778943518.498397,data,null_data,50:02:91:e8:18:ec,d8:d7:75:45:81:24,d8:d7:75:45:81:24,50:02:91:e8:18:ec,d8:d7:75:45:81:24,,-86,1,2412,False,True
1778943518.4989436,data,null_data,50:02:91:e8:18:ec,d8:d7:75:45:81:24,d8:d7:75:45:81:24,50:02:91:e8:18:ec,d8:d7:75:45:81:24,,-85,1,2412,False,True
1778943518.4994912,data,null_data,50:02:91:e8:18:ec,d8:d7:75:45:81:24,d8:d7:75:45:81:24,50:02:91:e8:18:ec,d8:d7:75:45:81:24,,-85,1,2412,False,True
1778943518.4998078,control,ack,,50:02:91:e8:18:ec,50:02:91:e8:18:ec,,,,-44,1,2412,False,False
1778943518.539572,management,beacon,d8:d7:75:45:81:24,ff:ff:ff:ff:ff:ff,ff:ff:ff:ff:ff:ff,d8:d7:75:45:81:24,d8:d7:75:45:81:24,FunBox2-8124,-44,1,2412,False,False
1778943518.6419754,management,beacon,d8:d7:75:45:81:24,ff:ff:ff:ff:ff:ff,ff:ff:ff:ff:ff:ff,d8:d7:75:45:81:24,d8:d7:75:45:81:24,FunBox2-8124,-42,1,2412,False,False
1778943518.7443619,management,beacon,d8:d7:75:45:81:24,ff:ff:ff:ff:ff:ff,ff:ff:ff:ff:ff:ff,d8:d7:75:45:81:24,d8:d7:75:45:81:24,FunBox2-8124,-43,1,2412,False,False
1778943518.7818463,control,rts,aa:23:4f:4d:00:cf,74:ea:3a:a1:53:a6,74:ea:3a:a1:53:a6,aa:23:4f:4d:00:cf,,,-85,1,2412,False,False
1778943518.794888,management,beacon,ac:84:c6:41:71:22,ff:ff:ff:ff:ff:ff,ff:ff:ff:ff:ff:ff,ac:84:c6:41:71:22,ac:84:c6:41:71:22,TP-LINK_7122,-87,1,2412,False,False
1778943518.8467605,management,beacon,d8:d7:75:45:81:24,ff:ff:ff:ff:ff:ff,ff:ff:ff:ff:ff:ff,d8:d7:75:45:81:24,d8:d7:75:45:81:24,FunBox2-8124,-44,1,2412,False,False
1778943518.9491878,management,beacon,d8:d7:75:45:81:24,ff:ff:ff:ff:ff:ff,ff:ff:ff:ff:ff:ff,d8:d7:75:45:81:24,d8:d7:75:45:81:24,FunBox2-8124,-44,1,2412,False,False
1778943519.0515933,management,beacon,d8:d7:75:45:81:24,ff:ff:ff:ff:ff:ff,ff:ff:ff:ff:ff:ff,d8:d7:75:45:81:24,d8:d7:75:45:81:24,FunBox2-8124,-42,1,2412,False,False
1778943519.1539872,management,beacon,d8:d7:75:45:81:24,ff:ff:ff:ff:ff:ff,ff:ff:ff:ff:ff:ff,d8:d7:75:45:81:24,d8:d7:75:45:81:24,FunBox2-8124,-44,1,2412,False,False
1778943519.204239,management,beacon,ac:84:c6:41:71:22,ff:ff:ff:ff:ff:ff,ff:ff:ff:ff:ff:ff,ac:84:c6:41:71:22,ac:84:c6:41:71:22,TP-LINK_7122,-88,1,2412,False,False
1778943519.256387,management,beacon,d8:d7:75:45:81:24,ff:ff:ff:ff:ff:ff,ff:ff:ff:ff:ff:ff,d8:d7:75:45:81:24,d8:d7:75:45:81:24,FunBox2-8124,-43,1,2412,False,False
1778943519.358772,management,beacon,d8:d7:75:45:81:24,ff:ff:ff:ff:ff:ff,ff:ff:ff:ff:ff:ff,d8:d7:75:45:81:24,d8:d7:75:45:81:24,FunBox2-8124,-42,1,2412,False,False
1778943519.4611635,management,beacon,d8:d7:75:45:81:24,ff:ff:ff:ff:ff:ff,ff:ff:ff:ff:ff:ff,d8:d7:75:45:81:24,d8:d7:75:45:81:24,FunBox2-8124,-43,1,2412,False,False
1778943519.5636315,management,beacon,d8:d7:75:45:81:24,ff:ff:ff:ff:ff:ff,ff:ff:ff:ff:ff:ff,d8:d7:75:45:81:24,d8:d7:75:45:81:24,FunBox2-8124,-42,1,2412,False,False
1778943519.6177728,data,null_data,50:02:91:e8:18:ec,d8:d7:75:45:81:24,d8:d7:75:45:81:24,50:02:91:e8:18:ec,d8:d7:75:45:81:24,,-81,1,2412,False,False
1778943519.6177807,control,ack,,50:02:91:e8:18:ec,50:02:91:e8:18:ec,,,,-46,1,2412,False,False
1778943519.6184592,control,ack,,50:02:91:e8:18:ec,50:02:91:e8:18:ec,,,,-44,1,2412,False,False
1778943519.6660326,management,beacon,d8:d7:75:45:81:24,ff:ff:ff:ff:ff:ff,ff:ff:ff:ff:ff:ff,d8:d7:75:45:81:24,d8:d7:75:45:81:24,FunBox2-8124,-44,1,2412,False,False
1778943519.7684329,management,beacon,d8:d7:75:45:81:24,ff:ff:ff:ff:ff:ff,ff:ff:ff:ff:ff:ff,d8:d7:75:45:81:24,d8:d7:75:45:81:24,FunBox2-8124,-44,1,2412,False,False
1778943519.7795558,data,null_data,50:02:91:e8:18:ec,d8:d7:75:45:81:24,d8:d7:75:45:81:24,50:02:91:e8:18:ec,d8:d7:75:45:81:24,,-83,1,2412,False,False
1778943519.7795663,control,ack,,50:02:91:e8:18:ec,50:02:91:e8:18:ec,,,,-46,1,2412,False,False
1778943519.7795672,data,null_data,50:02:91:e8:18:ec,d8:d7:75:45:81:24,d8:d7:75:45:81:24,50:02:91:e8:18:ec,d8:d7:75:45:81:24,,-82,1,2412,False,True
1778943519.779568,control,ack,,50:02:91:e8:18:ec,50:02:91:e8:18:ec,,,,-48,1,2412,False,False
1778943519.8707917,management,beacon,d8:d7:75:45:81:24,ff:ff:ff:ff:ff:ff,ff:ff:ff:ff:ff:ff,d8:d7:75:45:81:24,d8:d7:75:45:81:24,FunBox2-8124,-43,1,2412,False,False
1778943519.9732115,management,beacon,d8:d7:75:45:81:24,ff:ff:ff:ff:ff:ff,ff:ff:ff:ff:ff:ff,d8:d7:75:45:81:24,d8:d7:75:45:81:24,FunBox2-8124,-44,1,2412,False,False
1778943520.0625367,management,probe_request,3a:94:8f:f6:65:b3,ff:ff:ff:ff:ff:ff,ff:ff:ff:ff:ff:ff,3a:94:8f:f6:65:b3,ff:ff:ff:ff:ff:ff,<hidden>,-55,1,2412,False,False
1778943520.0667758,control,ack,,ac:84:c6:41:71:22,ac:84:c6:41:71:22,,,,-55,1,2412,False,False
1778943520.0756183,management,beacon,d8:d7:75:45:81:24,ff:ff:ff:ff:ff:ff,ff:ff:ff:ff:ff:ff,d8:d7:75:45:81:24,d8:d7:75:45:81:24,FunBox2-8124,-44,1,2412,False,False
1778943520.0828705,management,probe_request,3a:94:8f:f6:65:b3,ff:ff:ff:ff:ff:ff,ff:ff:ff:ff:ff:ff,3a:94:8f:f6:65:b3,ff:ff:ff:ff:ff:ff,<hidden>,-55,1,2412,False,False
1778943520.0860841,management,probe_response,d8:d7:75:45:81:24,3a:94:8f:f6:65:b3,3a:94:8f:f6:65:b3,d8:d7:75:45:81:24,d8:d7:75:45:81:24,FunBox2-8124,-44,1,2412,False,False
1778943520.0863879,control,ack,,d8:d7:75:45:81:24,d8:d7:75:45:81:24,,,,-57,1,2412,False,False
1778943520.1780674,management,beacon,d8:d7:75:45:81:24,ff:ff:ff:ff:ff:ff,ff:ff:ff:ff:ff:ff,d8:d7:75:45:81:24,d8:d7:75:45:81:24,FunBox2-8124,-43,1,2412,False,False
1778943520.1789467,data,data,d8:d7:75:45:81:24,ff:ff:ff:ff:ff:ff,ff:ff:ff:ff:ff:ff,d8:d7:75:45:81:24,d8:d7:75:45:81:24,,-43,1,2412,True,False
1778943520.179261,control,ack,,d8:d7:75:45:81:24,d8:d7:75:45:81:24,,,,-85,1,2412,False,False
1778943520.1806445,data,data,d8:d7:75:45:81:24,ff:ff:ff:ff:ff:ff,ff:ff:ff:ff:ff:ff,d8:d7:75:45:81:24,d8:d7:75:45:81:24,,-44,1,2412,True,False
1778943520.1809814,control,ack,,d8:d7:75:45:81:24,d8:d7:75:45:81:24,,,,-86,1,2412,False,False
1778943520.2804284,management,beacon,d8:d7:75:45:81:24,ff:ff:ff:ff:ff:ff,ff:ff:ff:ff:ff:ff,d8:d7:75:45:81:24,d8:d7:75:45:81:24,FunBox2-8124,-43,1,2412,False,False
1778943520.382808,management,beacon,d8:d7:75:45:81:24,ff:ff:ff:ff:ff:ff,ff:ff:ff:ff:ff:ff,d8:d7:75:45:81:24,d8:d7:75:45:81:24,FunBox2-8124,-47,1,2412,False,False
1778943520.432295,management,beacon,ac:84:c6:41:71:22,ff:ff:ff:ff:ff:ff,ff:ff:ff:ff:ff:ff,ac:84:c6:41:71:22,ac:84:c6:41:71:22,TP-LINK_7122,-88,1,2412,False,False
1778943520.4852233,management,beacon,d8:d7:75:45:81:24,ff:ff:ff:ff:ff:ff,ff:ff:ff:ff:ff:ff,d8:d7:75:45:81:24,d8:d7:75:45:81:24,FunBox2-8124,-43,1,2412,False,False
1778943520.6900454,management,beacon,d8:d7:75:45:81:24,ff:ff:ff:ff:ff:ff,ff:ff:ff:ff:ff:ff,d8:d7:75:45:81:24,d8:d7:75:45:81:24,FunBox2-8124,-45,1,2412,False,False
1778943520.7924578,management,beacon,d8:d7:75:45:81:24,ff:ff:ff:ff:ff:ff,ff:ff:ff:ff:ff:ff,d8:d7:75:45:81:24,d8:d7:75:45:81:24,FunBox2-8124,-42,1,2412,False,False
1778943520.8948667,management,beacon,d8:d7:75:45:81:24,ff:ff:ff:ff:ff:ff,ff:ff:ff:ff:ff:ff,d8:d7:75:45:81:24,d8:d7:75:45:81:24,FunBox2-8124,-44,1,2412,False,False
1778943521.1486807,management,beacon,ac:84:c6:41:71:22,ff:ff:ff:ff:ff:ff,ff:ff:ff:ff:ff:ff,ac:84:c6:41:71:22,ac:84:c6:41:71:22,TP-LINK_7122,-85,1,2412,False,False
1778943521.2020745,management,beacon,d8:d7:75:45:81:24,ff:ff:ff:ff:ff:ff,ff:ff:ff:ff:ff:ff,d8:d7:75:45:81:24,d8:d7:75:45:81:24,FunBox2-8124,-44,1,2412,False,False
1778943521.2586741,data,qos_null,aa:23:4f:4d:00:cf,74:ea:3a:a1:53:a6,74:ea:3a:a1:53:a6,aa:23:4f:4d:00:cf,74:ea:3a:a1:53:a6,,-88,1,2412,False,False
1778943521.3044956,management,beacon,d8:d7:75:45:81:24,ff:ff:ff:ff:ff:ff,ff:ff:ff:ff:ff:ff,d8:d7:75:45:81:24,d8:d7:75:45:81:24,FunBox2-8124,-43,1,2412,False,False
1778943521.3533309,management,beacon,ac:84:c6:41:71:22,ff:ff:ff:ff:ff:ff,ff:ff:ff:ff:ff:ff,ac:84:c6:41:71:22,ac:84:c6:41:71:22,TP-LINK_7122,-92,1,2412,False,False
1778943521.4069042,management,beacon,d8:d7:75:45:81:24,ff:ff:ff:ff:ff:ff,ff:ff:ff:ff:ff:ff,d8:d7:75:45:81:24,d8:d7:75:45:81:24,FunBox2-8124,-44,1,2412,False,False
1778943521.4080718,data,null_data,50:02:91:e8:18:ec,d8:d7:75:45:81:24,d8:d7:75:45:81:24,50:02:91:e8:18:ec,d8:d7:75:45:81:24,,-83,1,2412,False,False
1778943521.408075,control,ack,,50:02:91:e8:18:ec,50:02:91:e8:18:ec,,,,-46,1,2412,False,False
1778943521.509286,management,beacon,d8:d7:75:45:81:24,ff:ff:ff:ff:ff:ff,ff:ff:ff:ff:ff:ff,d8:d7:75:45:81:24,d8:d7:75:45:81:24,FunBox2-8124,-44,1,2412,False,False
1778943521.568891,data,null_data,50:02:91:e8:18:ec,d8:d7:75:45:81:24,d8:d7:75:45:81:24,50:02:91:e8:18:ec,d8:d7:75:45:81:24,,-81,1,2412,False,False
1778943521.5690687,data,null_data,50:02:91:e8:18:ec,d8:d7:75:45:81:24,d8:d7:75:45:81:24,50:02:91:e8:18:ec,d8:d7:75:45:81:24,,-82,1,2412,False,True
1778943521.570368,data,null_data,50:02:91:e8:18:ec,d8:d7:75:45:81:24,d8:d7:75:45:81:24,50:02:91:e8:18:ec,d8:d7:75:45:81:24,,-89,1,2412,False,True
1778943521.5718114,control,ack,,50:02:91:e8:18:ec,50:02:91:e8:18:ec,,,,-42,1,2412,False,False
1778943521.6603582,management,beacon,ac:84:c6:41:71:22,ff:ff:ff:ff:ff:ff,ff:ff:ff:ff:ff:ff,ac:84:c6:41:71:22,ac:84:c6:41:71:22,TP-LINK_7122,-87,1,2412,False,False
1778943521.714062,management,beacon,d8:d7:75:45:81:24,ff:ff:ff:ff:ff:ff,ff:ff:ff:ff:ff:ff,d8:d7:75:45:81:24,d8:d7:75:45:81:24,FunBox2-8124,-42,1,2412,False,False
1778943521.8164787,management,beacon,d8:d7:75:45:81:24,ff:ff:ff:ff:ff:ff,ff:ff:ff:ff:ff:ff,d8:d7:75:45:81:24,d8:d7:75:45:81:24,FunBox2-8124,-43,1,2412,False,False
1778943521.8650174,management,beacon,ac:84:c6:41:71:22,ff:ff:ff:ff:ff:ff,ff:ff:ff:ff:ff:ff,ac:84:c6:41:71:22,ac:84:c6:41:71:22,TP-LINK_7122,-88,1,2412,False,False
1778943521.9188857,management,beacon,d8:d7:75:45:81:24,ff:ff:ff:ff:ff:ff,ff:ff:ff:ff:ff:ff,d8:d7:75:45:81:24,d8:d7:75:45:81:24,FunBox2-8124,-43,1,2412,False,False
1778943521.9673803,management,beacon,ac:84:c6:41:71:22,ff:ff:ff:ff:ff:ff,ff:ff:ff:ff:ff:ff,ac:84:c6:41:71:22,ac:84:c6:41:71:22,TP-LINK_7122,-91,1,2412,False,False
1778943522.0212927,management,beacon,d8:d7:75:45:81:24,ff:ff:ff:ff:ff:ff,ff:ff:ff:ff:ff:ff,d8:d7:75:45:81:24,d8:d7:75:45:81:24,FunBox2-8124,-41,1,2412,False,False
1778943522.2261257,management,beacon,d8:d7:75:45:81:24,ff:ff:ff:ff:ff:ff,ff:ff:ff:ff:ff:ff,d8:d7:75:45:81:24,d8:d7:75:45:81:24,FunBox2-8124,-42,1,2412,False,False
1778943522.328504,management,beacon,d8:d7:75:45:81:24,ff:ff:ff:ff:ff:ff,ff:ff:ff:ff:ff:ff,d8:d7:75:45:81:24,d8:d7:75:45:81:24,FunBox2-8124,-44,1,2412,False,False
1778943522.3777432,management,beacon,ac:84:c6:41:71:22,ff:ff:ff:ff:ff:ff,ff:ff:ff:ff:ff:ff,ac:84:c6:41:71:22,ac:84:c6:41:71:22,TP-LINK_7122,-89,1,2412,False,False
1778943522.4310653,management,beacon,d8:d7:75:45:81:24,ff:ff:ff:ff:ff:ff,ff:ff:ff:ff:ff:ff,d8:d7:75:45:81:24,d8:d7:75:45:81:24,FunBox2-8124,-43,1,2412,False,False
1778943522.4790647,management,beacon,ac:84:c6:41:71:22,ff:ff:ff:ff:ff:ff,ff:ff:ff:ff:ff:ff,ac:84:c6:41:71:22,ac:84:c6:41:71:22,TP-LINK_7122,-89,1,2412,False,False
1778943522.5333495,management,beacon,d8:d7:75:45:81:24,ff:ff:ff:ff:ff:ff,ff:ff:ff:ff:ff:ff,d8:d7:75:45:81:24,d8:d7:75:45:81:24,FunBox2-8124,-45,1,2412,False,False
1778943522.5813835,management,beacon,ac:84:c6:41:71:22,ff:ff:ff:ff:ff:ff,ff:ff:ff:ff:ff:ff,ac:84:c6:41:71:22,ac:84:c6:41:71:22,TP-LINK_7122,-87,1,2412,False,False
1778943522.738159,management,beacon,d8:d7:75:45:81:24,ff:ff:ff:ff:ff:ff,ff:ff:ff:ff:ff:ff,d8:d7:75:45:81:24,d8:d7:75:45:81:24,FunBox2-8124,-45,1,2412,False,False
1778943522.8405192,management,beacon,d8:d7:75:45:81:24,ff:ff:ff:ff:ff:ff,ff:ff:ff:ff:ff:ff,d8:d7:75:45:81:24,d8:d7:75:45:81:24,FunBox2-8124,-44,1,2412,False,False
1778943522.9429302,management,beacon,d8:d7:75:45:81:24,ff:ff:ff:ff:ff:ff,ff:ff:ff:ff:ff:ff,d8:d7:75:45:81:24,d8:d7:75:45:81:24,FunBox2-8124,-42,1,2412,False,False
1778943522.944126,data,null_data,50:02:91:e8:18:ec,d8:d7:75:45:81:24,d8:d7:75:45:81:24,50:02:91:e8:18:ec,d8:d7:75:45:81:24,,-85,1,2412,False,False
1778943522.9441288,control,ack,,50:02:91:e8:18:ec,50:02:91:e8:18:ec,,,,-45,1,2412,False,False
1778943522.9907386,management,beacon,ac:84:c6:41:71:22,ff:ff:ff:ff:ff:ff,ff:ff:ff:ff:ff:ff,ac:84:c6:41:71:22,ac:84:c6:41:71:22,TP-LINK_7122,-89,1,2412,False,False
1778943523.1072779,control,ack,,50:02:91:e8:18:ec,50:02:91:e8:18:ec,,,,-42,1,2412,False,False
1778943523.2501686,management,beacon,d8:d7:75:45:81:24,ff:ff:ff:ff:ff:ff,ff:ff:ff:ff:ff:ff,d8:d7:75:45:81:24,d8:d7:75:45:81:24,FunBox2-8124,-45,1,2412,False,False
1778943523.3842998,management,beacon,d8:d7:75:45:81:24,ff:ff:ff:ff:ff:ff,ff:ff:ff:ff:ff:ff,d8:d7:75:45:81:24,d8:d7:75:45:81:24,FunBox2-8124,-45,1,2412,False,False
1778943523.4549882,management,beacon,d8:d7:75:45:81:24,ff:ff:ff:ff:ff:ff,ff:ff:ff:ff:ff:ff,d8:d7:75:45:81:24,d8:d7:75:45:81:24,FunBox2-8124,-42,1,2412,False,False
1778943523.5573754,management,beacon,d8:d7:75:45:81:24,ff:ff:ff:ff:ff:ff,ff:ff:ff:ff:ff:ff,d8:d7:75:45:81:24,d8:d7:75:45:81:24,FunBox2-8124,-42,1,2412,False,False
1778943523.762155,management,beacon,d8:d7:75:45:81:24,ff:ff:ff:ff:ff:ff,ff:ff:ff:ff:ff:ff,d8:d7:75:45:81:24,d8:d7:75:45:81:24,FunBox2-8124,-42,1,2412,False,False
1778943523.8645754,management,beacon,d8:d7:75:45:81:24,ff:ff:ff:ff:ff:ff,ff:ff:ff:ff:ff:ff,d8:d7:75:45:81:24,d8:d7:75:45:81:24,FunBox2-8124,-45,1,2412,False,False
1778943523.9669716,management,beacon,d8:d7:75:45:81:24,ff:ff:ff:ff:ff:ff,ff:ff:ff:ff:ff:ff,d8:d7:75:45:81:24,d8:d7:75:45:81:24,FunBox2-8124,-47,1,2412,False,False
1778943524.0693738,management,beacon,d8:d7:75:45:81:24,ff:ff:ff:ff:ff:ff,ff:ff:ff:ff:ff:ff,d8:d7:75:45:81:24,d8:d7:75:45:81:24,FunBox2-8124,-44,1,2412,False,False
1778943524.2741814,management,beacon,d8:d7:75:45:81:24,ff:ff:ff:ff:ff:ff,ff:ff:ff:ff:ff:ff,d8:d7:75:45:81:24,d8:d7:75:45:81:24,FunBox2-8124,-44,1,2412,False,False
1778943524.376893,management,beacon,d8:d7:75:45:81:24,ff:ff:ff:ff:ff:ff,ff:ff:ff:ff:ff:ff,d8:d7:75:45:81:24,d8:d7:75:45:81:24,FunBox2-8124,-42,1,2412,False,False
1778943524.442869,management,probe_response,d8:d7:75:45:81:24,6e:f6:bd:f6:e6:c3,6e:f6:bd:f6:e6:c3,d8:d7:75:45:81:24,d8:d7:75:45:81:24,FunBox2-8124,-44,1,2412,False,False
1778943524.4466486,management,probe_response,d8:d7:75:45:81:24,6e:f6:bd:f6:e6:c3,6e:f6:bd:f6:e6:c3,d8:d7:75:45:81:24,d8:d7:75:45:81:24,FunBox2-8124,-44,1,2412,False,True
1778943524.4635713,management,probe_response,d8:d7:75:45:81:24,6e:f6:bd:f6:e6:c3,6e:f6:bd:f6:e6:c3,d8:d7:75:45:81:24,d8:d7:75:45:81:24,FunBox2-8124,-46,1,2412,False,True
1778943524.46753,management,probe_response,d8:d7:75:45:81:24,6e:f6:bd:f6:e6:c3,6e:f6:bd:f6:e6:c3,d8:d7:75:45:81:24,d8:d7:75:45:81:24,FunBox2-8124,-43,1,2412,False,True
1778943524.4718847,management,probe_response,d8:d7:75:45:81:24,6e:f6:bd:f6:e6:c3,6e:f6:bd:f6:e6:c3,d8:d7:75:45:81:24,d8:d7:75:45:81:24,FunBox2-8124,-43,1,2412,False,True
1778943524.479896,management,beacon,d8:d7:75:45:81:24,ff:ff:ff:ff:ff:ff,ff:ff:ff:ff:ff:ff,d8:d7:75:45:81:24,d8:d7:75:45:81:24,FunBox2-8124,-46,1,2412,False,False
1778943524.481179,data,null_data,50:02:91:e8:18:ec,d8:d7:75:45:81:24,d8:d7:75:45:81:24,50:02:91:e8:18:ec,d8:d7:75:45:81:24,,-81,1,2412,False,False
1778943524.4811842,control,ack,,50:02:91:e8:18:ec,50:02:91:e8:18:ec,,,,-46,1,2412,False,False
1778943524.5813906,management,beacon,d8:d7:75:45:81:24,ff:ff:ff:ff:ff:ff,ff:ff:ff:ff:ff:ff,d8:d7:75:45:81:24,d8:d7:75:45:81:24,FunBox2-8124,-45,1,2412,False,False
1778943524.6420712,data,null_data,50:02:91:e8:18:ec,d8:d7:75:45:81:24,d8:d7:75:45:81:24,50:02:91:e8:18:ec,d8:d7:75:45:81:24,,-82,1,2412,False,False
1778943524.642085,control,ack,,50:02:91:e8:18:ec,50:02:91:e8:18:ec,,,,-48,1,2412,False,False
1778943524.7863386,management,beacon,d8:d7:75:45:81:24,ff:ff:ff:ff:ff:ff,ff:ff:ff:ff:ff:ff,d8:d7:75:45:81:24,d8:d7:75:45:81:24,FunBox2-8124,-43,1,2412,False,False
1778943524.8886502,management,beacon,d8:d7:75:45:81:24,ff:ff:ff:ff:ff:ff,ff:ff:ff:ff:ff:ff,d8:d7:75:45:81:24,d8:d7:75:45:81:24,FunBox2-8124,-44,1,2412,False,False
1778943524.935174,management,beacon,ac:84:c6:41:71:22,ff:ff:ff:ff:ff:ff,ff:ff:ff:ff:ff:ff,ac:84:c6:41:71:22,ac:84:c6:41:71:22,TP-LINK_7122,-90,1,2412,False,False
1778943524.991062,management,beacon,d8:d7:75:45:81:24,ff:ff:ff:ff:ff:ff,ff:ff:ff:ff:ff:ff,d8:d7:75:45:81:24,d8:d7:75:45:81:24,FunBox2-8124,-45,1,2412,False,False
1778943525.0933833,management,beacon,d8:d7:75:45:81:24,ff:ff:ff:ff:ff:ff,ff:ff:ff:ff:ff:ff,d8:d7:75:45:81:24,d8:d7:75:45:81:24,FunBox2-8124,-42,1,2412,False,False
1778943525.2981863,management,beacon,d8:d7:75:45:81:24,ff:ff:ff:ff:ff:ff,ff:ff:ff:ff:ff:ff,d8:d7:75:45:81:24,d8:d7:75:45:81:24,FunBox2-8124,-43,1,2412,False,False
1778943525.4005957,management,beacon,d8:d7:75:45:81:24,ff:ff:ff:ff:ff:ff,ff:ff:ff:ff:ff:ff,d8:d7:75:45:81:24,d8:d7:75:45:81:24,FunBox2-8124,-43,1,2412,False,False
1778943525.4468515,management,beacon,ac:84:c6:41:71:22,ff:ff:ff:ff:ff:ff,ff:ff:ff:ff:ff:ff,ac:84:c6:41:71:22,ac:84:c6:41:71:22,TP-LINK_7122,-88,1,2412,False,False
1778943525.50307,management,beacon,d8:d7:75:45:81:24,ff:ff:ff:ff:ff:ff,ff:ff:ff:ff:ff:ff,d8:d7:75:45:81:24,d8:d7:75:45:81:24,FunBox2-8124,-44,1,2412,False,False
1778943525.6054416,management,beacon,d8:d7:75:45:81:24,ff:ff:ff:ff:ff:ff,ff:ff:ff:ff:ff:ff,d8:d7:75:45:81:24,d8:d7:75:45:81:24,FunBox2-8124,-44,1,2412,False,False
1778943525.6515338,management,beacon,ac:84:c6:41:71:22,ff:ff:ff:ff:ff:ff,ff:ff:ff:ff:ff:ff,ac:84:c6:41:71:22,ac:84:c6:41:71:22,TP-LINK_7122,-90,1,2412,False,False
1778943525.7078693,management,beacon,d8:d7:75:45:81:24,ff:ff:ff:ff:ff:ff,ff:ff:ff:ff:ff:ff,d8:d7:75:45:81:24,d8:d7:75:45:81:24,FunBox2-8124,-43,1,2412,False,False
1778943525.810253,management,beacon,d8:d7:75:45:81:24,ff:ff:ff:ff:ff:ff,ff:ff:ff:ff:ff:ff,d8:d7:75:45:81:24,d8:d7:75:45:81:24,FunBox2-8124,-43,1,2412,False,False
1778943525.8561804,management,beacon,ac:84:c6:41:71:22,ff:ff:ff:ff:ff:ff,ff:ff:ff:ff:ff:ff,ac:84:c6:41:71:22,ac:84:c6:41:71:22,TP-LINK_7122,-91,1,2412,False,False
1778943525.9126763,management,beacon,d8:d7:75:45:81:24,ff:ff:ff:ff:ff:ff,ff:ff:ff:ff:ff:ff,d8:d7:75:45:81:24,d8:d7:75:45:81:24,FunBox2-8124,-41,1,2412,False,False
1778943526.0150428,management,beacon,d8:d7:75:45:81:24,ff:ff:ff:ff:ff:ff,ff:ff:ff:ff:ff:ff,d8:d7:75:45:81:24,d8:d7:75:45:81:24,FunBox2-8124,-44,1,2412,False,False
1778943526.0162272,data,null_data,50:02:91:e8:18:ec,d8:d7:75:45:81:24,d8:d7:75:45:81:24,50:02:91:e8:18:ec,d8:d7:75:45:81:24,,-82,1,2412,False,False
1778943526.01623,control,ack,,50:02:91:e8:18:ec,50:02:91:e8:18:ec,,,,-45,1,2412,False,False
1778943526.1174777,management,beacon,d8:d7:75:45:81:24,ff:ff:ff:ff:ff:ff,ff:ff:ff:ff:ff:ff,d8:d7:75:45:81:24,d8:d7:75:45:81:24,FunBox2-8124,-42,1,2412,False,False
1778943526.1771445,data,null_data,50:02:91:e8:18:ec,d8:d7:75:45:81:24,d8:d7:75:45:81:24,50:02:91:e8:18:ec,d8:d7:75:45:81:24,,-83,1,2412,False,False
1778943526.1771624,control,ack,,50:02:91:e8:18:ec,50:02:91:e8:18:ec,,,,-44,1,2412,False,False
1778943526.1775224,control,ack,,50:02:91:e8:18:ec,50:02:91:e8:18:ec,,,,-48,1,2412,False,False
1778943526.2198522,management,beacon,d8:d7:75:45:81:24,ff:ff:ff:ff:ff:ff,ff:ff:ff:ff:ff:ff,d8:d7:75:45:81:24,d8:d7:75:45:81:24,FunBox2-8124,-47,1,2412,False,False
1778943526.3222659,management,beacon,d8:d7:75:45:81:24,ff:ff:ff:ff:ff:ff,ff:ff:ff:ff:ff:ff,d8:d7:75:45:81:24,d8:d7:75:45:81:24,FunBox2-8124,-44,1,2412,False,False
1778943526.4246738,management,beacon,d8:d7:75:45:81:24,ff:ff:ff:ff:ff:ff,ff:ff:ff:ff:ff:ff,d8:d7:75:45:81:24,d8:d7:75:45:81:24,FunBox2-8124,-42,1,2412,False,False
1778943526.527085,management,beacon,d8:d7:75:45:81:24,ff:ff:ff:ff:ff:ff,ff:ff:ff:ff:ff:ff,d8:d7:75:45:81:24,d8:d7:75:45:81:24,FunBox2-8124,-43,1,2412,False,False
1778943526.6295207,management,beacon,d8:d7:75:45:81:24,ff:ff:ff:ff:ff:ff,ff:ff:ff:ff:ff:ff,d8:d7:75:45:81:24,d8:d7:75:45:81:24,FunBox2-8124,-43,1,2412,False,False
1778943526.674908,management,beacon,ac:84:c6:41:71:22,ff:ff:ff:ff:ff:ff,ff:ff:ff:ff:ff:ff,ac:84:c6:41:71:22,ac:84:c6:41:71:22,TP-LINK_7122,-87,1,2412,False,False
1778943526.7318602,management,beacon,d8:d7:75:45:81:24,ff:ff:ff:ff:ff:ff,ff:ff:ff:ff:ff:ff,d8:d7:75:45:81:24,d8:d7:75:45:81:24,FunBox2-8124,-42,1,2412,False,False
1778943526.83428,management,beacon,d8:d7:75:45:81:24,ff:ff:ff:ff:ff:ff,ff:ff:ff:ff:ff:ff,d8:d7:75:45:81:24,d8:d7:75:45:81:24,FunBox2-8124,-43,1,2412,False,False
1778943526.8795693,management,beacon,ac:84:c6:41:71:22,ff:ff:ff:ff:ff:ff,ff:ff:ff:ff:ff:ff,ac:84:c6:41:71:22,ac:84:c6:41:71:22,TP-LINK_7122,-90,1,2412,False,False
1778943526.9366846,management,beacon,d8:d7:75:45:81:24,ff:ff:ff:ff:ff:ff,ff:ff:ff:ff:ff:ff,d8:d7:75:45:81:24,d8:d7:75:45:81:24,FunBox2-8124,-42,1,2412,False,False
1778943526.9379933,data,data,d8:d7:75:45:81:24,33:33:ff:20:1f:1a,33:33:ff:20:1f:1a,d8:d7:75:45:81:24,d8:d7:75:45:81:24,,-42,1,2412,True,False
1778943526.9383976,data,null_data,50:02:91:e8:18:ec,d8:d7:75:45:81:24,d8:d7:75:45:81:24,50:02:91:e8:18:ec,d8:d7:75:45:81:24,,-84,1,2412,False,False
1778943526.9384005,control,ack,,50:02:91:e8:18:ec,50:02:91:e8:18:ec,,,,-44,1,2412,False,False
1778943526.9388642,data,null_data,50:02:91:e8:18:ec,d8:d7:75:45:81:24,d8:d7:75:45:81:24,50:02:91:e8:18:ec,d8:d7:75:45:81:24,,-82,1,2412,False,True
1778943526.9388669,control,ack,,50:02:91:e8:18:ec,50:02:91:e8:18:ec,,,,-47,1,2412,False,False
1778943527.03913,management,beacon,d8:d7:75:45:81:24,ff:ff:ff:ff:ff:ff,ff:ff:ff:ff:ff:ff,d8:d7:75:45:81:24,d8:d7:75:45:81:24,FunBox2-8124,-42,1,2412,False,False
1778943527.0996966,data,null_data,50:02:91:e8:18:ec,d8:d7:75:45:81:24,d8:d7:75:45:81:24,50:02:91:e8:18:ec,d8:d7:75:45:81:24,,-81,1,2412,False,False
1778943527.0998743,data,null_data,50:02:91:e8:18:ec,d8:d7:75:45:81:24,d8:d7:75:45:81:24,50:02:91:e8:18:ec,d8:d7:75:45:81:24,,-81,1,2412,False,True
1778943527.1011548,data,null_data,50:02:91:e8:18:ec,d8:d7:75:45:81:24,d8:d7:75:45:81:24,50:02:91:e8:18:ec,d8:d7:75:45:81:24,,-85,1,2412,False,True
1778943527.1014714,control,ack,,50:02:91:e8:18:ec,50:02:91:e8:18:ec,,,,-44,1,2412,False,False
1778943527.141481,management,beacon,d8:d7:75:45:81:24,ff:ff:ff:ff:ff:ff,ff:ff:ff:ff:ff:ff,d8:d7:75:45:81:24,d8:d7:75:45:81:24,FunBox2-8124,-45,1,2412,False,False
1778943527.243924,management,beacon,d8:d7:75:45:81:24,ff:ff:ff:ff:ff:ff,ff:ff:ff:ff:ff:ff,d8:d7:75:45:81:24,d8:d7:75:45:81:24,FunBox2-8124,-41,1,2412,False,False
1778943527.3462837,management,beacon,d8:d7:75:45:81:24,ff:ff:ff:ff:ff:ff,ff:ff:ff:ff:ff:ff,d8:d7:75:45:81:24,d8:d7:75:45:81:24,FunBox2-8124,-42,1,2412,False,False
1778943527.448741,management,beacon,d8:d7:75:45:81:24,ff:ff:ff:ff:ff:ff,ff:ff:ff:ff:ff:ff,d8:d7:75:45:81:24,d8:d7:75:45:81:24,FunBox2-8124,-43,1,2412,False,False
1778943527.5511107,management,beacon,d8:d7:75:45:81:24,ff:ff:ff:ff:ff:ff,ff:ff:ff:ff:ff:ff,d8:d7:75:45:81:24,d8:d7:75:45:81:24,FunBox2-8124,-45,1,2412,False,False
1778943527.5526264,data,data,d8:d7:75:45:81:24,33:33:00:00:00:16,33:33:00:00:00:16,d8:d7:75:45:81:24,a0:29:42:95:01:2d,,-43,1,2412,True,False
1778943527.5531182,control,ack,,50:02:91:e8:18:ec,50:02:91:e8:18:ec,,,,-48,1,2412,False,False
1778943527.554719,data,data,d8:d7:75:45:81:24,33:33:00:00:00:16,33:33:00:00:00:16,d8:d7:75:45:81:24,a0:29:42:95:01:2d,,-44,1,2412,True,False
1778943527.555033,control,ack,,d8:d7:75:45:81:24,d8:d7:75:45:81:24,,,,-87,1,2412,False,False
1778943527.55668,data,data,d8:d7:75:45:81:24,33:33:00:00:00:16,33:33:00:00:00:16,d8:d7:75:45:81:24,a0:29:42:95:01:2d,,-44,1,2412,True,False
1778943527.5584946,data,data,d8:d7:75:45:81:24,33:33:00:00:00:16,33:33:00:00:00:16,d8:d7:75:45:81:24,a0:29:42:95:01:2d,,-45,1,2412,True,False
1778943527.5600853,data,data,d8:d7:75:45:81:24,33:33:00:01:00:03,33:33:00:01:00:03,d8:d7:75:45:81:24,a0:29:42:95:01:2d,,-44,1,2412,True,False
1778943527.5603924,control,ack,,d8:d7:75:45:81:24,d8:d7:75:45:81:24,,,,-86,1,2412,False,False
1778943527.5618992,data,data,d8:d7:75:45:81:24,01:00:5e:00:00:fc,01:00:5e:00:00:fc,d8:d7:75:45:81:24,a0:29:42:95:01:2d,,-45,1,2412,True,False
1778943527.5622163,control,ack,,d8:d7:75:45:81:24,d8:d7:75:45:81:24,,,,-86,1,2412,False,False
1778943527.5636535,data,data,d8:d7:75:45:81:24,33:33:00:00:00:01,33:33:00:00:00:01,d8:d7:75:45:81:24,d8:d7:75:45:81:24,,-45,1,2412,True,False
1778943527.5639665,control,ack,,d8:d7:75:45:81:24,d8:d7:75:45:81:24,,,,-86,1,2412,False,False
1778943527.569009,data,data,d8:d7:75:45:81:24,33:33:00:00:00:01,33:33:00:00:00:01,d8:d7:75:45:81:24,d8:d7:75:45:81:24,,-44,1,2412,True,False
1778943527.5693235,control,ack,,d8:d7:75:45:81:24,d8:d7:75:45:81:24,,,,-87,1,2412,False,False
1778943527.571288,data,data,d8:d7:75:45:81:24,33:33:00:00:00:fb,33:33:00:00:00:fb,d8:d7:75:45:81:24,d8:d7:75:45:81:24,,-44,1,2412,True,False
1778943527.5716133,control,ack,,d8:d7:75:45:81:24,d8:d7:75:45:81:24,,,,-86,1,2412,False,False
1778943527.5734346,data,data,d8:d7:75:45:81:24,01:00:5e:00:00:fb,01:00:5e:00:00:fb,d8:d7:75:45:81:24,d8:d7:75:45:81:24,,-44,1,2412,True,False
1778943527.5737407,control,ack,,d8:d7:75:45:81:24,d8:d7:75:45:81:24,,,,-84,1,2412,False,False
1778943527.575212,data,data,d8:d7:75:45:81:24,33:33:00:00:00:16,33:33:00:00:00:16,d8:d7:75:45:81:24,a0:29:42:95:01:2d,,-44,1,2412,True,False
1778943527.5755205,control,ack,,d8:d7:75:45:81:24,d8:d7:75:45:81:24,,,,-85,1,2412,False,False
1778943527.5993328,management,probe_request,a0:29:42:95:01:2d,ff:ff:ff:ff:ff:ff,ff:ff:ff:ff:ff:ff,a0:29:42:95:01:2d,ff:ff:ff:ff:ff:ff,FunBox2-8124,-83,1,2412,False,False
1778943527.6028154,management,probe_response,d8:d7:75:45:81:24,a0:29:42:95:01:2d,a0:29:42:95:01:2d,d8:d7:75:45:81:24,d8:d7:75:45:81:24,FunBox2-8124,-45,1,2412,False,False
1778943527.603115,control,ack,,d8:d7:75:45:81:24,d8:d7:75:45:81:24,,,,-82,1,2412,False,False
1778943527.6535516,management,beacon,d8:d7:75:45:81:24,ff:ff:ff:ff:ff:ff,ff:ff:ff:ff:ff:ff,d8:d7:75:45:81:24,d8:d7:75:45:81:24,FunBox2-8124,-41,1,2412,False,False
1778943527.7247725,data,data,d8:d7:75:45:81:24,33:33:00:01:00:03,33:33:00:01:00:03,d8:d7:75:45:81:24,a0:29:42:95:01:2d,,-42,1,2412,True,False
1778943527.7264066,data,data,d8:d7:75:45:81:24,01:00:5e:00:00:fc,01:00:5e:00:00:fc,d8:d7:75:45:81:24,a0:29:42:95:01:2d,,-47,1,2412,True,False
1778943527.7267184,control,ack,,d8:d7:75:45:81:24,d8:d7:75:45:81:24,,,,-86,1,2412,False,False
1778943527.755963,management,beacon,d8:d7:75:45:81:24,ff:ff:ff:ff:ff:ff,ff:ff:ff:ff:ff:ff,d8:d7:75:45:81:24,d8:d7:75:45:81:24,FunBox2-8124,-45,1,2412,False,False
1778943527.8583076,management,beacon,d8:d7:75:45:81:24,ff:ff:ff:ff:ff:ff,ff:ff:ff:ff:ff:ff,d8:d7:75:45:81:24,d8:d7:75:45:81:24,FunBox2-8124,-44,1,2412,False,False
1778943527.8871794,data,null_data,50:02:91:e8:18:ec,d8:d7:75:45:81:24,d8:d7:75:45:81:24,50:02:91:e8:18:ec,d8:d7:75:45:81:24,,-82,1,2412,False,False
1778943527.887192,control,ack,,50:02:91:e8:18:ec,50:02:91:e8:18:ec,,,,-48,1,2412,False,False
1778943527.960708,management,beacon,d8:d7:75:45:81:24,ff:ff:ff:ff:ff:ff,ff:ff:ff:ff:ff:ff,d8:d7:75:45:81:24,d8:d7:75:45:81:24,FunBox2-8124,-45,1,2412,False,False
1778943528.063137,management,beacon,d8:d7:75:45:81:24,ff:ff:ff:ff:ff:ff,ff:ff:ff:ff:ff:ff,d8:d7:75:45:81:24,d8:d7:75:45:81:24,FunBox2-8124,-42,1,2412,False,False
1778943528.1686406,management,beacon,d8:d7:75:45:81:24,ff:ff:ff:ff:ff:ff,ff:ff:ff:ff:ff:ff,d8:d7:75:45:81:24,d8:d7:75:45:81:24,FunBox2-8124,-45,1,2412,False,False
1778943528.2679462,management,beacon,d8:d7:75:45:81:24,ff:ff:ff:ff:ff:ff,ff:ff:ff:ff:ff:ff,d8:d7:75:45:81:24,d8:d7:75:45:81:24,FunBox2-8124,-49,1,2412,False,False
1778943528.3703337,management,beacon,d8:d7:75:45:81:24,ff:ff:ff:ff:ff:ff,ff:ff:ff:ff:ff:ff,d8:d7:75:45:81:24,d8:d7:75:45:81:24,FunBox2-8124,-45,1,2412,False,False
1778943528.4727361,management,beacon,d8:d7:75:45:81:24,ff:ff:ff:ff:ff:ff,ff:ff:ff:ff:ff:ff,d8:d7:75:45:81:24,d8:d7:75:45:81:24,FunBox2-8124,-44,1,2412,False,False
1778943528.4741013,data,data,d8:d7:75:45:81:24,33:33:00:00:00:16,33:33:00:00:00:16,d8:d7:75:45:81:24,a0:29:42:95:01:2d,,-44,1,2412,True,False
1778943528.4745915,control,ack,,d8:d7:75:45:81:24,d8:d7:75:45:81:24,,,,-85,1,2412,False,False
1778943528.4745965,data,null_data,50:02:91:e8:18:ec,d8:d7:75:45:81:24,d8:d7:75:45:81:24,50:02:91:e8:18:ec,d8:d7:75:45:81:24,,-83,1,2412,False,False
1778943528.4745986,control,ack,,50:02:91:e8:18:ec,50:02:91:e8:18:ec,,,,-48,1,2412,False,False
1778943528.4761965,data,data,d8:d7:75:45:81:24,33:33:00:00:00:16,33:33:00:00:00:16,d8:d7:75:45:81:24,a0:29:42:95:01:2d,,-44,1,2412,True,False
1778943528.4779963,data,data,d8:d7:75:45:81:24,33:33:00:01:00:03,33:33:00:01:00:03,d8:d7:75:45:81:24,a0:29:42:95:01:2d,,-45,1,2412,True,False
1778943528.4792156,data,data,d8:d7:75:45:81:24,01:00:5e:00:00:fc,01:00:5e:00:00:fc,d8:d7:75:45:81:24,a0:29:42:95:01:2d,,-44,1,2412,True,False
1778943528.479536,control,ack,,d8:d7:75:45:81:24,d8:d7:75:45:81:24,,,,-86,1,2412,False,False
1778943528.4993067,data,data,d8:d7:75:45:81:24,33:33:00:00:00:fb,33:33:00:00:00:fb,d8:d7:75:45:81:24,d8:d7:75:45:81:24,,-44,1,2412,True,False
1778943528.5013251,data,data,d8:d7:75:45:81:24,01:00:5e:00:00:fb,01:00:5e:00:00:fb,d8:d7:75:45:81:24,d8:d7:75:45:81:24,,-44,1,2412,True,False
1778943528.5751145,management,beacon,d8:d7:75:45:81:24,ff:ff:ff:ff:ff:ff,ff:ff:ff:ff:ff:ff,d8:d7:75:45:81:24,d8:d7:75:45:81:24,FunBox2-8124,-44,1,2412,False,False
1778943528.6620743,data,null_data,50:02:91:e8:18:ec,d8:d7:75:45:81:24,d8:d7:75:45:81:24,50:02:91:e8:18:ec,d8:d7:75:45:81:24,,-83,1,2412,False,False
1778943528.6620877,control,ack,,50:02:91:e8:18:ec,50:02:91:e8:18:ec,,,,-44,1,2412,False,False
1778943528.677552,management,beacon,d8:d7:75:45:81:24,ff:ff:ff:ff:ff:ff,ff:ff:ff:ff:ff:ff,d8:d7:75:45:81:24,d8:d7:75:45:81:24,FunBox2-8124,-45,1,2412,False,False
1778943528.7799761,management,beacon,d8:d7:75:45:81:24,ff:ff:ff:ff:ff:ff,ff:ff:ff:ff:ff:ff,d8:d7:75:45:81:24,d8:d7:75:45:81:24,FunBox2-8124,-43,1,2412,False,False
1778943528.8823414,management,beacon,d8:d7:75:45:81:24,ff:ff:ff:ff:ff:ff,ff:ff:ff:ff:ff:ff,d8:d7:75:45:81:24,d8:d7:75:45:81:24,FunBox2-8124,-44,1,2412,False,False
1778943528.9847252,management,beacon,d8:d7:75:45:81:24,ff:ff:ff:ff:ff:ff,ff:ff:ff:ff:ff:ff,d8:d7:75:45:81:24,d8:d7:75:45:81:24,FunBox2-8124,-44,1,2412,False,False
1778943529.0871892,management,beacon,d8:d7:75:45:81:24,ff:ff:ff:ff:ff:ff,ff:ff:ff:ff:ff:ff,d8:d7:75:45:81:24,d8:d7:75:45:81:24,FunBox2-8124,-42,1,2412,False,False
1778943529.1895308,management,beacon,d8:d7:75:45:81:24,ff:ff:ff:ff:ff:ff,ff:ff:ff:ff:ff:ff,d8:d7:75:45:81:24,d8:d7:75:45:81:24,FunBox2-8124,-43,1,2412,False,False
1778943529.291998,management,beacon,d8:d7:75:45:81:24,ff:ff:ff:ff:ff:ff,ff:ff:ff:ff:ff:ff,d8:d7:75:45:81:24,d8:d7:75:45:81:24,FunBox2-8124,-41,1,2412,False,False
1778943529.3943546,management,beacon,d8:d7:75:45:81:24,ff:ff:ff:ff:ff:ff,ff:ff:ff:ff:ff:ff,d8:d7:75:45:81:24,d8:d7:75:45:81:24,FunBox2-8124,-43,1,2412,False,False
1778943529.4967673,management,beacon,d8:d7:75:45:81:24,ff:ff:ff:ff:ff:ff,ff:ff:ff:ff:ff:ff,d8:d7:75:45:81:24,d8:d7:75:45:81:24,FunBox2-8124,-44,1,2412,False,False
1778943529.599148,management,beacon,d8:d7:75:45:81:24,ff:ff:ff:ff:ff:ff,ff:ff:ff:ff:ff:ff,d8:d7:75:45:81:24,d8:d7:75:45:81:24,FunBox2-8124,-44,1,2412,False,False
1778943529.6183465,data,null_data,50:02:91:e8:18:ec,d8:d7:75:45:81:24,d8:d7:75:45:81:24,50:02:91:e8:18:ec,d8:d7:75:45:81:24,,-83,1,2412,False,False
1778943529.6183553,control,ack,,50:02:91:e8:18:ec,50:02:91:e8:18:ec,,,,-48,1,2412,False,False
1778943529.6187766,control,ack,,50:02:91:e8:18:ec,50:02:91:e8:18:ec,,,,-48,1,2412,False,False
1778943529.701589,management,beacon,d8:d7:75:45:81:24,ff:ff:ff:ff:ff:ff,ff:ff:ff:ff:ff:ff,d8:d7:75:45:81:24,d8:d7:75:45:81:24,FunBox2-8124,-43,1,2412,False,False
1778943529.745332,management,beacon,ac:84:c6:41:71:22,ff:ff:ff:ff:ff:ff,ff:ff:ff:ff:ff:ff,ac:84:c6:41:71:22,ac:84:c6:41:71:22,TP-LINK_7122,-88,1,2412,False,False
1778943529.779696,data,null_data,50:02:91:e8:18:ec,d8:d7:75:45:81:24,d8:d7:75:45:81:24,50:02:91:e8:18:ec,d8:d7:75:45:81:24,,-84,1,2412,False,False
1778943529.7797086,control,ack,,50:02:91:e8:18:ec,50:02:91:e8:18:ec,,,,-46,1,2412,False,False
1778943529.8478024,management,beacon,ac:84:c6:41:71:22,ff:ff:ff:ff:ff:ff,ff:ff:ff:ff:ff:ff,ac:84:c6:41:71:22,ac:84:c6:41:71:22,TP-LINK_7122,-88,1,2412,False,False
1778943529.9064028,management,beacon,d8:d7:75:45:81:24,ff:ff:ff:ff:ff:ff,ff:ff:ff:ff:ff:ff,d8:d7:75:45:81:24,d8:d7:75:45:81:24,FunBox2-8124,-42,1,2412,False,False
1778943529.9361093,data,null_data,8e:8e:6f:93:93:5f,70:0b:01:45:f0:90,70:0b:01:45:f0:90,8e:8e:6f:93:93:5f,70:0b:01:45:f0:90,,-89,1,2412,False,True
1778943530.0087938,management,beacon,d8:d7:75:45:81:24,ff:ff:ff:ff:ff:ff,ff:ff:ff:ff:ff:ff,d8:d7:75:45:81:24,d8:d7:75:45:81:24,FunBox2-8124,-46,1,2412,False,False
1778943530.0099792,data,data,d8:d7:75:45:81:24,01:00:5e:00:00:01,01:00:5e:00:00:01,d8:d7:75:45:81:24,d8:d7:75:45:81:24,,-42,1,2412,True,False
1778943530.010716,control,ack,,50:02:91:e8:18:ec,50:02:91:e8:18:ec,,,,-48,1,2412,False,False
1778943530.0417442,data,null_data,8e:8e:6f:93:93:5f,70:0b:01:45:f0:90,70:0b:01:45:f0:90,8e:8e:6f:93:93:5f,70:0b:01:45:f0:90,,-88,1,2412,False,True
1778943530.052039,management,beacon,ac:84:c6:41:71:22,ff:ff:ff:ff:ff:ff,ff:ff:ff:ff:ff:ff,ac:84:c6:41:71:22,ac:84:c6:41:71:22,TP-LINK_7122,-89,1,2412,False,False
1778943530.111171,management,beacon,d8:d7:75:45:81:24,ff:ff:ff:ff:ff:ff,ff:ff:ff:ff:ff:ff,d8:d7:75:45:81:24,d8:d7:75:45:81:24,FunBox2-8124,-38,1,2412,False,False
1778943530.171556,data,null_data,50:02:91:e8:18:ec,d8:d7:75:45:81:24,d8:d7:75:45:81:24,50:02:91:e8:18:ec,d8:d7:75:45:81:24,,-84,1,2412,False,False
1778943530.1717165,data,null_data,50:02:91:e8:18:ec,d8:d7:75:45:81:24,d8:d7:75:45:81:24,50:02:91:e8:18:ec,d8:d7:75:45:81:24,,-85,1,2412,False,True
1778943530.1722114,control,ack,,50:02:91:e8:18:ec,50:02:91:e8:18:ec,,,,-38,1,2412,False,False
1778943530.2136512,management,beacon,d8:d7:75:45:81:24,ff:ff:ff:ff:ff:ff,ff:ff:ff:ff:ff:ff,d8:d7:75:45:81:24,d8:d7:75:45:81:24,FunBox2-8124,-43,1,2412,False,False
1778943530.316028,management,beacon,d8:d7:75:45:81:24,ff:ff:ff:ff:ff:ff,ff:ff:ff:ff:ff:ff,d8:d7:75:45:81:24,d8:d7:75:45:81:24,FunBox2-8124,-43,1,2412,False,False
1778943530.418944,management,beacon,d8:d7:75:45:81:24,ff:ff:ff:ff:ff:ff,ff:ff:ff:ff:ff:ff,d8:d7:75:45:81:24,d8:d7:75:45:81:24,FunBox2-8124,-46,1,2412,False,False
1778943530.520864,management,beacon,d8:d7:75:45:81:24,ff:ff:ff:ff:ff:ff,ff:ff:ff:ff:ff:ff,d8:d7:75:45:81:24,d8:d7:75:45:81:24,FunBox2-8124,-45,1,2412,False,False
1778943530.625127,data,data,d8:d7:75:45:81:24,33:33:00:00:00:fb,33:33:00:00:00:fb,d8:d7:75:45:81:24,d8:d7:75:45:81:24,,-48,1,2412,True,False
1778943530.625595,control,ack,,d8:d7:75:45:81:24,d8:d7:75:45:81:24,,,,-84,1,2412,False,False
1778943530.6255975,control,ack,,50:02:91:e8:18:ec,50:02:91:e8:18:ec,,,,-47,1,2412,False,False
1778943530.6275463,data,data,d8:d7:75:45:81:24,01:00:5e:00:00:fb,01:00:5e:00:00:fb,d8:d7:75:45:81:24,d8:d7:75:45:81:24,,-45,1,2412,True,False
1778943530.6278446,control,ack,,d8:d7:75:45:81:24,d8:d7:75:45:81:24,,,,-85,1,2412,False,False
1778943530.788523,data,null_data,50:02:91:e8:18:ec,d8:d7:75:45:81:24,d8:d7:75:45:81:24,50:02:91:e8:18:ec,d8:d7:75:45:81:24,,-85,1,2412,False,True
1778943530.7885382,control,ack,,50:02:91:e8:18:ec,50:02:91:e8:18:ec,,,,-49,1,2412,False,False
1778943530.8280394,management,beacon,d8:d7:75:45:81:24,ff:ff:ff:ff:ff:ff,ff:ff:ff:ff:ff:ff,d8:d7:75:45:81:24,d8:d7:75:45:81:24,FunBox2-8124,-46,1,2412,False,False
1778943530.9304042,management,beacon,d8:d7:75:45:81:24,ff:ff:ff:ff:ff:ff,ff:ff:ff:ff:ff:ff,d8:d7:75:45:81:24,d8:d7:75:45:81:24,FunBox2-8124,-44,1,2412,False,False
1778943531.0328238,management,beacon,d8:d7:75:45:81:24,ff:ff:ff:ff:ff:ff,ff:ff:ff:ff:ff:ff,d8:d7:75:45:81:24,d8:d7:75:45:81:24,FunBox2-8124,-48,1,2412,False,False
1778943531.1352458,management,beacon,d8:d7:75:45:81:24,ff:ff:ff:ff:ff:ff,ff:ff:ff:ff:ff:ff,d8:d7:75:45:81:24,d8:d7:75:45:81:24,FunBox2-8124,-47,1,2412,False,False
1778943531.2376451,management,beacon,d8:d7:75:45:81:24,ff:ff:ff:ff:ff:ff,ff:ff:ff:ff:ff:ff,d8:d7:75:45:81:24,d8:d7:75:45:81:24,FunBox2-8124,-45,1,2412,False,False
1778943531.3400347,management,beacon,d8:d7:75:45:81:24,ff:ff:ff:ff:ff:ff,ff:ff:ff:ff:ff:ff,d8:d7:75:45:81:24,d8:d7:75:45:81:24,FunBox2-8124,-47,1,2412,False,False
1778943531.442469,management,beacon,d8:d7:75:45:81:24,ff:ff:ff:ff:ff:ff,ff:ff:ff:ff:ff:ff,d8:d7:75:45:81:24,d8:d7:75:45:81:24,FunBox2-8124,-44,1,2412,False,False
1778943531.6472387,management,beacon,d8:d7:75:45:81:24,ff:ff:ff:ff:ff:ff,ff:ff:ff:ff:ff:ff,d8:d7:75:45:81:24,d8:d7:75:45:81:24,FunBox2-8124,-46,1,2412,False,False
1778943531.7496889,management,beacon,d8:d7:75:45:81:24,ff:ff:ff:ff:ff:ff,ff:ff:ff:ff:ff:ff,d8:d7:75:45:81:24,d8:d7:75:45:81:24,FunBox2-8124,-47,1,2412,False,False
1778943531.8520825,management,beacon,d8:d7:75:45:81:24,ff:ff:ff:ff:ff:ff,ff:ff:ff:ff:ff:ff,d8:d7:75:45:81:24,d8:d7:75:45:81:24,FunBox2-8124,-48,1,2412,False,False
1778943531.8535883,data,data,d8:d7:75:45:81:24,33:33:00:00:00:01,33:33:00:00:00:01,d8:d7:75:45:81:24,d8:d7:75:45:81:24,,-46,1,2412,True,False
1778943531.8540885,control,ack,,d8:d7:75:45:81:24,d8:d7:75:45:81:24,,,,-83,1,2412,False,False
1778943531.8540914,data,null_data,50:02:91:e8:18:ec,d8:d7:75:45:81:24,d8:d7:75:45:81:24,50:02:91:e8:18:ec,d8:d7:75:45:81:24,,-81,1,2412,False,False
1778943531.8540926,control,ack,,50:02:91:e8:18:ec,50:02:91:e8:18:ec,,,,-48,1,2412,False,False
1778943531.959865,management,beacon,d8:d7:75:45:81:24,ff:ff:ff:ff:ff:ff,ff:ff:ff:ff:ff:ff,d8:d7:75:45:81:24,d8:d7:75:45:81:24,FunBox2-8124,-42,1,2412,False,False
1778943532.0149422,data,null_data,50:02:91:e8:18:ec,d8:d7:75:45:81:24,d8:d7:75:45:81:24,50:02:91:e8:18:ec,d8:d7:75:45:81:24,,-82,1,2412,False,False
1778943532.015168,data,null_data,50:02:91:e8:18:ec,d8:d7:75:45:81:24,d8:d7:75:45:81:24,50:02:91:e8:18:ec,d8:d7:75:45:81:24,,-82,1,2412,False,True
1778943532.0151706,control,ack,,50:02:91:e8:18:ec,50:02:91:e8:18:ec,,,,-46,1,2412,False,False
1778943532.056908,management,beacon,d8:d7:75:45:81:24,ff:ff:ff:ff:ff:ff,ff:ff:ff:ff:ff:ff,d8:d7:75:45:81:24,d8:d7:75:45:81:24,FunBox2-8124,-46,1,2412,False,False
1778943532.1592493,management,beacon,d8:d7:75:45:81:24,ff:ff:ff:ff:ff:ff,ff:ff:ff:ff:ff:ff,d8:d7:75:45:81:24,d8:d7:75:45:81:24,FunBox2-8124,-50,1,2412,False,False
1778943532.2616951,management,beacon,d8:d7:75:45:81:24,ff:ff:ff:ff:ff:ff,ff:ff:ff:ff:ff:ff,d8:d7:75:45:81:24,d8:d7:75:45:81:24,FunBox2-8124,-54,1,2412,False,False
1778943532.3641107,management,beacon,d8:d7:75:45:81:24,ff:ff:ff:ff:ff:ff,ff:ff:ff:ff:ff:ff,d8:d7:75:45:81:24,d8:d7:75:45:81:24,FunBox2-8124,-52,1,2412,False,False
1778943532.4557796,management,probe_request,be:37:d8:1b:5f:21,ff:ff:ff:ff:ff:ff,ff:ff:ff:ff:ff:ff,be:37:d8:1b:5f:21,ff:ff:ff:ff:ff:ff,<hidden>,-29,1,2412,False,False
1778943532.459018,management,probe_response,d8:d7:75:45:81:24,be:37:d8:1b:5f:21,be:37:d8:1b:5f:21,d8:d7:75:45:81:24,d8:d7:75:45:81:24,FunBox2-8124,-46,1,2412,False,False
1778943532.4593103,control,ack,,d8:d7:75:45:81:24,d8:d7:75:45:81:24,,,,-29,1,2412,False,False
1778943532.4756181,management,beacon,d8:d7:75:45:81:24,ff:ff:ff:ff:ff:ff,ff:ff:ff:ff:ff:ff,d8:d7:75:45:81:24,d8:d7:75:45:81:24,FunBox2-8124,-51,1,2412,False,False
1778943532.519892,management,probe_request,be:37:d8:1b:5f:21,ff:ff:ff:ff:ff:ff,ff:ff:ff:ff:ff:ff,be:37:d8:1b:5f:21,ff:ff:ff:ff:ff:ff,<hidden>,-30,1,2412,False,False
1778943532.5688965,management,beacon,d8:d7:75:45:81:24,ff:ff:ff:ff:ff:ff,ff:ff:ff:ff:ff:ff,d8:d7:75:45:81:24,d8:d7:75:45:81:24,FunBox2-8124,-50,1,2412,False,False
1778943532.671327,management,beacon,d8:d7:75:45:81:24,ff:ff:ff:ff:ff:ff,ff:ff:ff:ff:ff:ff,d8:d7:75:45:81:24,d8:d7:75:45:81:24,FunBox2-8124,-48,1,2412,False,False
1778943532.7754786,management,beacon,d8:d7:75:45:81:24,ff:ff:ff:ff:ff:ff,ff:ff:ff:ff:ff:ff,d8:d7:75:45:81:24,d8:d7:75:45:81:24,FunBox2-8124,-51,1,2412,False,False
1778943532.8155632,management,beacon,ac:84:c6:41:71:22,ff:ff:ff:ff:ff:ff,ff:ff:ff:ff:ff:ff,ac:84:c6:41:71:22,ac:84:c6:41:71:22,TP-LINK_7122,-87,1,2412,False,False
1778943532.876095,management,beacon,d8:d7:75:45:81:24,ff:ff:ff:ff:ff:ff,ff:ff:ff:ff:ff:ff,d8:d7:75:45:81:24,d8:d7:75:45:81:24,FunBox2-8124,-48,1,2412,False,False
1778943532.9798458,management,beacon,d8:d7:75:45:81:24,ff:ff:ff:ff:ff:ff,ff:ff:ff:ff:ff:ff,d8:d7:75:45:81:24,d8:d7:75:45:81:24,FunBox2-8124,-47,1,2412,False,False
1778943533.0819256,management,beacon,d8:d7:75:45:81:24,ff:ff:ff:ff:ff:ff,ff:ff:ff:ff:ff:ff,d8:d7:75:45:81:24,d8:d7:75:45:81:24,FunBox2-8124,-50,1,2412,False,False
1778943533.285751,management,beacon,d8:d7:75:45:81:24,ff:ff:ff:ff:ff:ff,ff:ff:ff:ff:ff:ff,d8:d7:75:45:81:24,d8:d7:75:45:81:24,FunBox2-8124,-48,1,2412,False,False
1778943533.38814,management,beacon,d8:d7:75:45:81:24,ff:ff:ff:ff:ff:ff,ff:ff:ff:ff:ff:ff,d8:d7:75:45:81:24,d8:d7:75:45:81:24,FunBox2-8124,-49,1,2412,False,False
1778943533.3895965,data,data,d8:d7:75:45:81:24,01:00:5e:00:00:fb,01:00:5e:00:00:fb,d8:d7:75:45:81:24,e6:12:a8:93:5a:78,,-50,1,2412,True,False
1778943533.390092,control,ack,,d8:d7:75:45:81:24,d8:d7:75:45:81:24,,,,-85,1,2412,False,False
1778943533.3900948,data,null_data,50:02:91:e8:18:ec,d8:d7:75:45:81:24,d8:d7:75:45:81:24,50:02:91:e8:18:ec,d8:d7:75:45:81:24,,-84,1,2412,False,False
1778943533.3900971,control,ack,,50:02:91:e8:18:ec,50:02:91:e8:18:ec,,,,-53,1,2412,False,False
1778943533.3917289,data,data,d8:d7:75:45:81:24,33:33:00:00:00:fb,33:33:00:00:00:fb,d8:d7:75:45:81:24,e6:12:a8:93:5a:78,,-49,1,2412,True,False
1778943533.429188,management,beacon,ac:84:c6:41:71:22,ff:ff:ff:ff:ff:ff,ff:ff:ff:ff:ff:ff,ac:84:c6:41:71:22,ac:84:c6:41:71:22,TP-LINK_7122,-87,1,2412,False,False
1778943533.552499,control,ack,,50:02:91:e8:18:ec,50:02:91:e8:18:ec,,,,-51,1,2412,False,False
1778943533.594032,management,beacon,d8:d7:75:45:81:24,ff:ff:ff:ff:ff:ff,ff:ff:ff:ff:ff:ff,d8:d7:75:45:81:24,d8:d7:75:45:81:24,FunBox2-8124,-54,1,2412,False,False
1778943533.6953306,management,beacon,d8:d7:75:45:81:24,ff:ff:ff:ff:ff:ff,ff:ff:ff:ff:ff:ff,d8:d7:75:45:81:24,d8:d7:75:45:81:24,FunBox2-8124,-50,1,2412,False,False
1778943533.7977805,management,beacon,d8:d7:75:45:81:24,ff:ff:ff:ff:ff:ff,ff:ff:ff:ff:ff:ff,d8:d7:75:45:81:24,d8:d7:75:45:81:24,FunBox2-8124,-55,1,2412,False,False
1778943533.9001591,management,beacon,d8:d7:75:45:81:24,ff:ff:ff:ff:ff:ff,ff:ff:ff:ff:ff:ff,d8:d7:75:45:81:24,d8:d7:75:45:81:24,FunBox2-8124,-47,1,2412,False,False
1778943534.0033624,management,beacon,d8:d7:75:45:81:24,ff:ff:ff:ff:ff:ff,ff:ff:ff:ff:ff:ff,d8:d7:75:45:81:24,d8:d7:75:45:81:24,FunBox2-8124,-54,1,2412,False,False
1778943534.0529218,data,qos_null,aa:23:4f:4d:00:cf,74:ea:3a:a1:53:a6,74:ea:3a:a1:53:a6,aa:23:4f:4d:00:cf,74:ea:3a:a1:53:a6,,-86,1,2412,False,False
1778943534.0718675,management,probe_request,c2:61:ad:e6:8f:65,ff:ff:ff:ff:ff:ff,ff:ff:ff:ff:ff:ff,c2:61:ad:e6:8f:65,ff:ff:ff:ff:ff:ff,<hidden>,-57,1,2412,False,False
1778943534.0921893,management,probe_request,c2:61:ad:e6:8f:65,ff:ff:ff:ff:ff:ff,ff:ff:ff:ff:ff:ff,c2:61:ad:e6:8f:65,ff:ff:ff:ff:ff:ff,<hidden>,-60,1,2412,False,False
1778943534.0954187,management,probe_response,d8:d7:75:45:81:24,c2:61:ad:e6:8f:65,c2:61:ad:e6:8f:65,d8:d7:75:45:81:24,d8:d7:75:45:81:24,FunBox2-8124,-58,1,2412,False,False
1778943534.0957096,control,ack,,d8:d7:75:45:81:24,d8:d7:75:45:81:24,,,,-60,1,2412,False,False
1778943534.1050034,management,beacon,d8:d7:75:45:81:24,ff:ff:ff:ff:ff:ff,ff:ff:ff:ff:ff:ff,d8:d7:75:45:81:24,d8:d7:75:45:81:24,FunBox2-8124,-59,1,2412,False,False
1778943534.2073824,management,beacon,d8:d7:75:45:81:24,ff:ff:ff:ff:ff:ff,ff:ff:ff:ff:ff:ff,d8:d7:75:45:81:24,d8:d7:75:45:81:24,FunBox2-8124,-51,1,2412,False,False
1778943534.2554045,control,rts,aa:23:4f:4d:00:cf,74:ea:3a:a1:53:a6,74:ea:3a:a1:53:a6,aa:23:4f:4d:00:cf,,,-89,1,2412,False,False
1778943534.3097966,management,beacon,d8:d7:75:45:81:24,ff:ff:ff:ff:ff:ff,ff:ff:ff:ff:ff:ff,d8:d7:75:45:81:24,d8:d7:75:45:81:24,FunBox2-8124,-45,1,2412,False,False
1778943534.332331,data,qos_null,aa:23:4f:4d:00:cf,74:ea:3a:a1:53:a6,74:ea:3a:a1:53:a6,aa:23:4f:4d:00:cf,74:ea:3a:a1:53:a6,,-88,1,2412,False,False
1778943534.4121602,management,beacon,d8:d7:75:45:81:24,ff:ff:ff:ff:ff:ff,ff:ff:ff:ff:ff:ff,d8:d7:75:45:81:24,d8:d7:75:45:81:24,FunBox2-8124,-55,1,2412,False,False
1778943534.422465,data,qos_null,aa:23:4f:4d:00:cf,74:ea:3a:a1:53:a6,74:ea:3a:a1:53:a6,aa:23:4f:4d:00:cf,74:ea:3a:a1:53:a6,,-91,1,2412,False,False
1778943534.5419996,data,qos_null,aa:23:4f:4d:00:cf,74:ea:3a:a1:53:a6,74:ea:3a:a1:53:a6,aa:23:4f:4d:00:cf,74:ea:3a:a1:53:a6,,-90,1,2412,False,False
1778943534.5852563,data,qos_null,aa:23:4f:4d:00:cf,74:ea:3a:a1:53:a6,74:ea:3a:a1:53:a6,aa:23:4f:4d:00:cf,74:ea:3a:a1:53:a6,,-89,1,2412,False,False
1778943534.616995,management,beacon,d8:d7:75:45:81:24,ff:ff:ff:ff:ff:ff,ff:ff:ff:ff:ff:ff,d8:d7:75:45:81:24,d8:d7:75:45:81:24,FunBox2-8124,-51,1,2412,False,False
1778943534.7045252,data,qos_null,aa:23:4f:4d:00:cf,74:ea:3a:a1:53:a6,74:ea:3a:a1:53:a6,aa:23:4f:4d:00:cf,74:ea:3a:a1:53:a6,,-86,1,2412,False,False
1778943534.71939,management,beacon,d8:d7:75:45:81:24,ff:ff:ff:ff:ff:ff,ff:ff:ff:ff:ff:ff,d8:d7:75:45:81:24,d8:d7:75:45:81:24,FunBox2-8124,-48,1,2412,False,False
1778943534.7574759,data,qos_null,aa:23:4f:4d:00:cf,74:ea:3a:a1:53:a6,74:ea:3a:a1:53:a6,aa:23:4f:4d:00:cf,74:ea:3a:a1:53:a6,,-89,1,2412,False,False
1778943534.787781,data,qos_null,aa:23:4f:4d:00:cf,74:ea:3a:a1:53:a6,74:ea:3a:a1:53:a6,aa:23:4f:4d:00:cf,74:ea:3a:a1:53:a6,,-89,1,2412,False,False
1778943534.821768,management,beacon,d8:d7:75:45:81:24,ff:ff:ff:ff:ff:ff,ff:ff:ff:ff:ff:ff,d8:d7:75:45:81:24,d8:d7:75:45:81:24,FunBox2-8124,-46,1,2412,False,False
1778943534.869633,data,qos_null,aa:23:4f:4d:00:cf,74:ea:3a:a1:53:a6,74:ea:3a:a1:53:a6,aa:23:4f:4d:00:cf,74:ea:3a:a1:53:a6,,-88,1,2412,False,False
1778943534.9241812,management,beacon,d8:d7:75:45:81:24,ff:ff:ff:ff:ff:ff,ff:ff:ff:ff:ff:ff,d8:d7:75:45:81:24,d8:d7:75:45:81:24,FunBox2-8124,-44,1,2412,False,False
1778943534.9301438,data,qos_null,aa:23:4f:4d:00:cf,74:ea:3a:a1:53:a6,74:ea:3a:a1:53:a6,aa:23:4f:4d:00:cf,74:ea:3a:a1:53:a6,,-86,1,2412,False,False
1778943535.0497837,data,qos_null,aa:23:4f:4d:00:cf,74:ea:3a:a1:53:a6,74:ea:3a:a1:53:a6,aa:23:4f:4d:00:cf,74:ea:3a:a1:53:a6,,-87,1,2412,False,False
1778943535.1191485,data,qos_null,aa:23:4f:4d:00:cf,74:ea:3a:a1:53:a6,74:ea:3a:a1:53:a6,aa:23:4f:4d:00:cf,74:ea:3a:a1:53:a6,,-90,1,2412,False,False
1778943535.1289644,management,beacon,d8:d7:75:45:81:24,ff:ff:ff:ff:ff:ff,ff:ff:ff:ff:ff:ff,d8:d7:75:45:81:24,d8:d7:75:45:81:24,FunBox2-8124,-46,1,2412,False,False
1778943535.1732736,data,qos_null,aa:23:4f:4d:00:cf,74:ea:3a:a1:53:a6,74:ea:3a:a1:53:a6,aa:23:4f:4d:00:cf,74:ea:3a:a1:53:a6,,-89,1,2412,False,False
1778943535.2313921,management,beacon,d8:d7:75:45:81:24,ff:ff:ff:ff:ff:ff,ff:ff:ff:ff:ff:ff,d8:d7:75:45:81:24,d8:d7:75:45:81:24,FunBox2-8124,-45,1,2412,False,False
1778943535.2325656,data,null_data,50:02:91:e8:18:ec,d8:d7:75:45:81:24,d8:d7:75:45:81:24,50:02:91:e8:18:ec,d8:d7:75:45:81:24,,-81,1,2412,False,False
1778943535.2325687,control,ack,,50:02:91:e8:18:ec,50:02:91:e8:18:ec,,,,-47,1,2412,False,False
1778943535.2927332,data,qos_null,aa:23:4f:4d:00:cf,74:ea:3a:a1:53:a6,74:ea:3a:a1:53:a6,aa:23:4f:4d:00:cf,74:ea:3a:a1:53:a6,,-86,1,2412,False,False
1778943535.3338225,management,beacon,d8:d7:75:45:81:24,ff:ff:ff:ff:ff:ff,ff:ff:ff:ff:ff:ff,d8:d7:75:45:81:24,d8:d7:75:45:81:24,FunBox2-8124,-45,1,2412,False,False
1778943535.352287,data,qos_null,aa:23:4f:4d:00:cf,74:ea:3a:a1:53:a6,74:ea:3a:a1:53:a6,aa:23:4f:4d:00:cf,74:ea:3a:a1:53:a6,,-91,1,2412,False,False
1778943535.3933399,data,null_data,50:02:91:e8:18:ec,d8:d7:75:45:81:24,d8:d7:75:45:81:24,50:02:91:e8:18:ec,d8:d7:75:45:81:24,,-80,1,2412,False,False
1778943535.3935425,data,null_data,50:02:91:e8:18:ec,d8:d7:75:45:81:24,d8:d7:75:45:81:24,50:02:91:e8:18:ec,d8:d7:75:45:81:24,,-82,1,2412,False,True
1778943535.3940225,data,null_data,50:02:91:e8:18:ec,d8:d7:75:45:81:24,d8:d7:75:45:81:24,50:02:91:e8:18:ec,d8:d7:75:45:81:24,,-82,1,2412,False,True
1778943535.3940248,control,ack,,50:02:91:e8:18:ec,50:02:91:e8:18:ec,,,,-43,1,2412,False,False
1778943535.414984,data,qos_null,aa:23:4f:4d:00:cf,74:ea:3a:a1:53:a6,74:ea:3a:a1:53:a6,aa:23:4f:4d:00:cf,74:ea:3a:a1:53:a6,,-89,1,2412,False,False
1778943535.436181,management,beacon,d8:d7:75:45:81:24,ff:ff:ff:ff:ff:ff,ff:ff:ff:ff:ff:ff,d8:d7:75:45:81:24,d8:d7:75:45:81:24,FunBox2-8124,-43,1,2412,False,False
1778943535.4762607,data,qos_null,aa:23:4f:4d:00:cf,74:ea:3a:a1:53:a6,74:ea:3a:a1:53:a6,aa:23:4f:4d:00:cf,74:ea:3a:a1:53:a6,,-88,1,2412,False,False
1778943535.6244993,data,qos_null,aa:23:4f:4d:00:cf,74:ea:3a:a1:53:a6,74:ea:3a:a1:53:a6,aa:23:4f:4d:00:cf,74:ea:3a:a1:53:a6,,-88,1,2412,False,False
1778943535.6410017,management,beacon,d8:d7:75:45:81:24,ff:ff:ff:ff:ff:ff,ff:ff:ff:ff:ff:ff,d8:d7:75:45:81:24,d8:d7:75:45:81:24,FunBox2-8124,-45,1,2412,False,False
1778943535.6616502,control,rts,aa:23:4f:4d:00:cf,74:ea:3a:a1:53:a6,74:ea:3a:a1:53:a6,aa:23:4f:4d:00:cf,,,-87,1,2412,False,False
1778943535.7361455,data,qos_null,aa:23:4f:4d:00:cf,74:ea:3a:a1:53:a6,74:ea:3a:a1:53:a6,aa:23:4f:4d:00:cf,74:ea:3a:a1:53:a6,,-87,1,2412,False,False
1778943535.750123,management,beacon,d8:d7:75:45:81:24,ff:ff:ff:ff:ff:ff,ff:ff:ff:ff:ff:ff,d8:d7:75:45:81:24,d8:d7:75:45:81:24,FunBox2-8124,-44,1,2412,False,False
1778943535.7990403,data,qos_null,aa:23:4f:4d:00:cf,74:ea:3a:a1:53:a6,74:ea:3a:a1:53:a6,aa:23:4f:4d:00:cf,74:ea:3a:a1:53:a6,,-87,1,2412,False,False
1778943535.856112,management,beacon,d8:d7:75:45:81:24,ff:ff:ff:ff:ff:ff,ff:ff:ff:ff:ff:ff,d8:d7:75:45:81:24,d8:d7:75:45:81:24,FunBox2-8124,-45,1,2412,False,False
1778943535.948219,management,beacon,d8:d7:75:45:81:24,ff:ff:ff:ff:ff:ff,ff:ff:ff:ff:ff:ff,d8:d7:75:45:81:24,d8:d7:75:45:81:24,FunBox2-8124,-49,1,2412,False,False
1778943535.9643214,data,qos_null,aa:23:4f:4d:00:cf,74:ea:3a:a1:53:a6,74:ea:3a:a1:53:a6,aa:23:4f:4d:00:cf,74:ea:3a:a1:53:a6,,-89,1,2412,False,False
1778943536.023021,data,qos_null,aa:23:4f:4d:00:cf,74:ea:3a:a1:53:a6,74:ea:3a:a1:53:a6,aa:23:4f:4d:00:cf,74:ea:3a:a1:53:a6,,-89,1,2412,False,False
1778943536.0492384,data,qos_null,aa:23:4f:4d:00:cf,74:ea:3a:a1:53:a6,74:ea:3a:a1:53:a6,aa:23:4f:4d:00:cf,74:ea:3a:a1:53:a6,,-89,1,2412,False,False
1778943536.0522594,management,beacon,d8:d7:75:45:81:24,ff:ff:ff:ff:ff:ff,ff:ff:ff:ff:ff:ff,d8:d7:75:45:81:24,d8:d7:75:45:81:24,FunBox2-8124,-44,1,2412,False,False
1778943536.1530466,management,beacon,d8:d7:75:45:81:24,ff:ff:ff:ff:ff:ff,ff:ff:ff:ff:ff:ff,d8:d7:75:45:81:24,d8:d7:75:45:81:24,FunBox2-8124,-45,1,2412,False,False
1778943536.1543722,data,qos_null,aa:23:4f:4d:00:cf,74:ea:3a:a1:53:a6,74:ea:3a:a1:53:a6,aa:23:4f:4d:00:cf,74:ea:3a:a1:53:a6,,-85,1,2412,False,False
1778943536.2554576,management,beacon,d8:d7:75:45:81:24,ff:ff:ff:ff:ff:ff,ff:ff:ff:ff:ff:ff,d8:d7:75:45:81:24,d8:d7:75:45:81:24,FunBox2-8124,-46,1,2412,False,False
1778943536.263905,data,qos_null,aa:23:4f:4d:00:cf,74:ea:3a:a1:53:a6,74:ea:3a:a1:53:a6,aa:23:4f:4d:00:cf,74:ea:3a:a1:53:a6,,-88,1,2412,False,False
1778943536.331064,data,qos_null,aa:23:4f:4d:00:cf,74:ea:3a:a1:53:a6,74:ea:3a:a1:53:a6,aa:23:4f:4d:00:cf,74:ea:3a:a1:53:a6,,-87,1,2412,False,False
1778943536.3578486,management,beacon,d8:d7:75:45:81:24,ff:ff:ff:ff:ff:ff,ff:ff:ff:ff:ff:ff,d8:d7:75:45:81:24,d8:d7:75:45:81:24,FunBox2-8124,-46,1,2412,False,False
1778943536.4522238,data,qos_null,aa:23:4f:4d:00:cf,74:ea:3a:a1:53:a6,74:ea:3a:a1:53:a6,aa:23:4f:4d:00:cf,74:ea:3a:a1:53:a6,,-86,1,2412,False,False
1778943536.4602308,management,beacon,d8:d7:75:45:81:24,ff:ff:ff:ff:ff:ff,ff:ff:ff:ff:ff:ff,d8:d7:75:45:81:24,d8:d7:75:45:81:24,FunBox2-8124,-46,1,2412,False,False
1778943536.512412,data,qos_null,aa:23:4f:4d:00:cf,74:ea:3a:a1:53:a6,74:ea:3a:a1:53:a6,aa:23:4f:4d:00:cf,74:ea:3a:a1:53:a6,,-85,1,2412,False,False
1778943536.6650567,management,beacon,d8:d7:75:45:81:24,ff:ff:ff:ff:ff:ff,ff:ff:ff:ff:ff:ff,d8:d7:75:45:81:24,d8:d7:75:45:81:24,FunBox2-8124,-45,1,2412,False,False
1778943536.7674782,management,beacon,d8:d7:75:45:81:24,ff:ff:ff:ff:ff:ff,ff:ff:ff:ff:ff:ff,d8:d7:75:45:81:24,d8:d7:75:45:81:24,FunBox2-8124,-47,1,2412,False,False
1778943536.7686543,data,null_data,50:02:91:e8:18:ec,d8:d7:75:45:81:24,d8:d7:75:45:81:24,50:02:91:e8:18:ec,d8:d7:75:45:81:24,,-82,1,2412,False,False
1778943536.76866,control,ack,,50:02:91:e8:18:ec,50:02:91:e8:18:ec,,,,-48,1,2412,False,False
1778943536.8698277,management,beacon,d8:d7:75:45:81:24,ff:ff:ff:ff:ff:ff,ff:ff:ff:ff:ff:ff,d8:d7:75:45:81:24,d8:d7:75:45:81:24,FunBox2-8124,-45,1,2412,False,False
1778943536.9294515,data,null_data,50:02:91:e8:18:ec,d8:d7:75:45:81:24,d8:d7:75:45:81:24,50:02:91:e8:18:ec,d8:d7:75:45:81:24,,-83,1,2412,False,False
1778943536.9445393,data,qos_null,aa:23:4f:4d:00:cf,74:ea:3a:a1:53:a6,74:ea:3a:a1:53:a6,aa:23:4f:4d:00:cf,74:ea:3a:a1:53:a6,,-86,1,2412,False,False
1778943536.9722562,management,beacon,d8:d7:75:45:81:24,ff:ff:ff:ff:ff:ff,ff:ff:ff:ff:ff:ff,d8:d7:75:45:81:24,d8:d7:75:45:81:24,FunBox2-8124,-48,1,2412,False,False
1778943536.9986358,data,qos_null,aa:23:4f:4d:00:cf,74:ea:3a:a1:53:a6,74:ea:3a:a1:53:a6,aa:23:4f:4d:00:cf,74:ea:3a:a1:53:a6,,-87,1,2412,False,False
1778943537.0459964,data,qos_null,aa:23:4f:4d:00:cf,74:ea:3a:a1:53:a6,74:ea:3a:a1:53:a6,aa:23:4f:4d:00:cf,74:ea:3a:a1:53:a6,,-86,1,2412,False,False
1778943537.1683433,data,qos_null,aa:23:4f:4d:00:cf,74:ea:3a:a1:53:a6,74:ea:3a:a1:53:a6,aa:23:4f:4d:00:cf,74:ea:3a:a1:53:a6,,-86,1,2412,False,False
1778943537.1770487,management,beacon,d8:d7:75:45:81:24,ff:ff:ff:ff:ff:ff,ff:ff:ff:ff:ff:ff,d8:d7:75:45:81:24,d8:d7:75:45:81:24,FunBox2-8124,-46,1,2412,False,False
1778943537.217723,control,rts,54:35:30:cf:ee:1e,d8:d7:75:45:81:24,d8:d7:75:45:81:24,54:35:30:cf:ee:1e,,,-59,1,2412,False,False
1778943537.2177324,control,cts,,54:35:30:cf:ee:1e,54:35:30:cf:ee:1e,,,,-53,1,2412,False,False
1778943537.2177353,data,qos_data,54:35:30:cf:ee:1e,d8:d7:75:45:81:24,d8:d7:75:45:81:24,54:35:30:cf:ee:1e,01:00:5e:7f:ff:fa,,-59,1,2412,True,False
1778943537.2177415,control,block_ack,d8:d7:75:45:81:24,54:35:30:cf:ee:1e,54:35:30:cf:ee:1e,d8:d7:75:45:81:24,,,-51,1,2412,False,False
1778943537.2286453,data,qos_null,aa:23:4f:4d:00:cf,74:ea:3a:a1:53:a6,74:ea:3a:a1:53:a6,aa:23:4f:4d:00:cf,74:ea:3a:a1:53:a6,,-86,1,2412,False,False
1778943537.2539413,data,qos_null,aa:23:4f:4d:00:cf,74:ea:3a:a1:53:a6,74:ea:3a:a1:53:a6,aa:23:4f:4d:00:cf,74:ea:3a:a1:53:a6,,-85,1,2412,False,False
1778943537.2794542,management,beacon,d8:d7:75:45:81:24,ff:ff:ff:ff:ff:ff,ff:ff:ff:ff:ff:ff,d8:d7:75:45:81:24,d8:d7:75:45:81:24,FunBox2-8124,-44,1,2412,False,False
1778943537.381894,management,beacon,d8:d7:75:45:81:24,ff:ff:ff:ff:ff:ff,ff:ff:ff:ff:ff:ff,d8:d7:75:45:81:24,d8:d7:75:45:81:24,FunBox2-8124,-45,1,2412,False,False
1778943537.3830433,data,data,d8:d7:75:45:81:24,01:00:5e:7f:ff:fa,01:00:5e:7f:ff:fa,d8:d7:75:45:81:24,54:35:30:cf:ee:1e,,-45,1,2412,True,False
1778943537.3837311,control,ack,,50:02:91:e8:18:ec,50:02:91:e8:18:ec,,,,-54,1,2412,False,False
1778943537.383733,data,null_data,50:02:91:e8:18:ec,d8:d7:75:45:81:24,d8:d7:75:45:81:24,50:02:91:e8:18:ec,d8:d7:75:45:81:24,,-85,1,2412,False,True
1778943537.3837347,control,ack,,50:02:91:e8:18:ec,50:02:91:e8:18:ec,,,,-54,1,2412,False,False
1778943537.4842916,management,beacon,d8:d7:75:45:81:24,ff:ff:ff:ff:ff:ff,ff:ff:ff:ff:ff:ff,d8:d7:75:45:81:24,d8:d7:75:45:81:24,FunBox2-8124,-45,1,2412,False,False
1778943537.5446754,data,null_data,50:02:91:e8:18:ec,d8:d7:75:45:81:24,d8:d7:75:45:81:24,50:02:91:e8:18:ec,d8:d7:75:45:81:24,,-81,1,2412,False,False
1778943537.54469,control,ack,,50:02:91:e8:18:ec,50:02:91:e8:18:ec,,,,-48,1,2412,False,False
1778943537.6890993,management,beacon,d8:d7:75:45:81:24,ff:ff:ff:ff:ff:ff,ff:ff:ff:ff:ff:ff,d8:d7:75:45:81:24,d8:d7:75:45:81:24,FunBox2-8124,-47,1,2412,False,False
1778943537.7914832,management,beacon,d8:d7:75:45:81:24,ff:ff:ff:ff:ff:ff,ff:ff:ff:ff:ff:ff,d8:d7:75:45:81:24,d8:d7:75:45:81:24,FunBox2-8124,-50,1,2412,False,False
1778943537.893857,management,beacon,d8:d7:75:45:81:24,ff:ff:ff:ff:ff:ff,ff:ff:ff:ff:ff:ff,d8:d7:75:45:81:24,d8:d7:75:45:81:24,FunBox2-8124,-47,1,2412,False,False
1778943537.9407015,data,qos_null,aa:23:4f:4d:00:cf,74:ea:3a:a1:53:a6,74:ea:3a:a1:53:a6,aa:23:4f:4d:00:cf,74:ea:3a:a1:53:a6,,-86,1,2412,False,False
1778943537.9963274,management,beacon,d8:d7:75:45:81:24,ff:ff:ff:ff:ff:ff,ff:ff:ff:ff:ff:ff,d8:d7:75:45:81:24,d8:d7:75:45:81:24,FunBox2-8124,-47,1,2412,False,False
1778943538.0007627,data,qos_null,aa:23:4f:4d:00:cf,74:ea:3a:a1:53:a6,74:ea:3a:a1:53:a6,aa:23:4f:4d:00:cf,74:ea:3a:a1:53:a6,,-89,1,2412,False,False
1778943538.1247702,data,qos_null,aa:23:4f:4d:00:cf,74:ea:3a:a1:53:a6,74:ea:3a:a1:53:a6,aa:23:4f:4d:00:cf,74:ea:3a:a1:53:a6,,-87,1,2412,False,False
1778943538.1809342,data,qos_null,aa:23:4f:4d:00:cf,74:ea:3a:a1:53:a6,74:ea:3a:a1:53:a6,aa:23:4f:4d:00:cf,74:ea:3a:a1:53:a6,,-88,1,2412,False,False
1778943538.2010767,management,beacon,d8:d7:75:45:81:24,ff:ff:ff:ff:ff:ff,ff:ff:ff:ff:ff:ff,d8:d7:75:45:81:24,d8:d7:75:45:81:24,FunBox2-8124,-47,1,2412,False,False
1778943538.2409773,data,qos_null,aa:23:4f:4d:00:cf,74:ea:3a:a1:53:a6,74:ea:3a:a1:53:a6,aa:23:4f:4d:00:cf,74:ea:3a:a1:53:a6,,-88,1,2412,False,False
1778943538.2672038,data,qos_null,aa:23:4f:4d:00:cf,74:ea:3a:a1:53:a6,74:ea:3a:a1:53:a6,aa:23:4f:4d:00:cf,74:ea:3a:a1:53:a6,,-89,1,2412,False,False
1778943538.3035035,management,beacon,d8:d7:75:45:81:24,ff:ff:ff:ff:ff:ff,ff:ff:ff:ff:ff:ff,d8:d7:75:45:81:24,d8:d7:75:45:81:24,FunBox2-8124,-53,1,2412,False,False
1778943538.4059002,management,beacon,d8:d7:75:45:81:24,ff:ff:ff:ff:ff:ff,ff:ff:ff:ff:ff:ff,d8:d7:75:45:81:24,d8:d7:75:45:81:24,FunBox2-8124,-46,1,2412,False,False
1778943538.508334,management,beacon,d8:d7:75:45:81:24,ff:ff:ff:ff:ff:ff,ff:ff:ff:ff:ff:ff,d8:d7:75:45:81:24,d8:d7:75:45:81:24,FunBox2-8124,-46,1,2412,False,False
1778943538.6564739,data,qos_null,aa:23:4f:4d:00:cf,74:ea:3a:a1:53:a6,74:ea:3a:a1:53:a6,aa:23:4f:4d:00:cf,74:ea:3a:a1:53:a6,,-90,1,2412,False,False
1778943538.7075462,data,qos_null,aa:23:4f:4d:00:cf,74:ea:3a:a1:53:a6,74:ea:3a:a1:53:a6,aa:23:4f:4d:00:cf,74:ea:3a:a1:53:a6,,-87,1,2412,False,False
1778943538.7130957,management,beacon,d8:d7:75:45:81:24,ff:ff:ff:ff:ff:ff,ff:ff:ff:ff:ff:ff,d8:d7:75:45:81:24,d8:d7:75:45:81:24,FunBox2-8124,-43,1,2412,False,False
1778943538.7931333,data,qos_null,aa:23:4f:4d:00:cf,74:ea:3a:a1:53:a6,74:ea:3a:a1:53:a6,aa:23:4f:4d:00:cf,74:ea:3a:a1:53:a6,,-89,1,2412,False,False
1778943538.81646,management,beacon,d8:d7:75:45:81:24,ff:ff:ff:ff:ff:ff,ff:ff:ff:ff:ff:ff,d8:d7:75:45:81:24,d8:d7:75:45:81:24,FunBox2-8124,-47,1,2412,False,False
1778943538.9179235,management,beacon,d8:d7:75:45:81:24,ff:ff:ff:ff:ff:ff,ff:ff:ff:ff:ff:ff,d8:d7:75:45:81:24,d8:d7:75:45:81:24,FunBox2-8124,-44,1,2412,False,False
1778943538.9859807,data,qos_null,aa:23:4f:4d:00:cf,74:ea:3a:a1:53:a6,74:ea:3a:a1:53:a6,aa:23:4f:4d:00:cf,74:ea:3a:a1:53:a6,,-88,1,2412,False,False
1778943539.0203798,management,beacon,d8:d7:75:45:81:24,ff:ff:ff:ff:ff:ff,ff:ff:ff:ff:ff:ff,d8:d7:75:45:81:24,d8:d7:75:45:81:24,FunBox2-8124,-45,1,2412,False,False
1778943539.0841043,data,qos_null,aa:23:4f:4d:00:cf,74:ea:3a:a1:53:a6,74:ea:3a:a1:53:a6,aa:23:4f:4d:00:cf,74:ea:3a:a1:53:a6,,-88,1,2412,False,False
1778943539.1227093,management,beacon,d8:d7:75:45:81:24,ff:ff:ff:ff:ff:ff,ff:ff:ff:ff:ff:ff,d8:d7:75:45:81:24,d8:d7:75:45:81:24,FunBox2-8124,-47,1,2412,False,False
1778943539.1441424,data,qos_null,aa:23:4f:4d:00:cf,74:ea:3a:a1:53:a6,74:ea:3a:a1:53:a6,aa:23:4f:4d:00:cf,74:ea:3a:a1:53:a6,,-89,1,2412,False,False
1778943539.2008762,data,qos_null,aa:23:4f:4d:00:cf,74:ea:3a:a1:53:a6,74:ea:3a:a1:53:a6,aa:23:4f:4d:00:cf,74:ea:3a:a1:53:a6,,-87,1,2412,False,False
1778943539.225125,management,beacon,d8:d7:75:45:81:24,ff:ff:ff:ff:ff:ff,ff:ff:ff:ff:ff:ff,d8:d7:75:45:81:24,d8:d7:75:45:81:24,FunBox2-8124,-46,1,2412,False,False
1778943539.2262967,control,ack,,50:02:91:e8:18:ec,50:02:91:e8:18:ec,,,,-50,1,2412,False,False
1778943539.261029,data,qos_null,aa:23:4f:4d:00:cf,74:ea:3a:a1:53:a6,74:ea:3a:a1:53:a6,aa:23:4f:4d:00:cf,74:ea:3a:a1:53:a6,,-88,1,2412,False,False
1778943539.2862532,data,qos_null,aa:23:4f:4d:00:cf,74:ea:3a:a1:53:a6,74:ea:3a:a1:53:a6,aa:23:4f:4d:00:cf,74:ea:3a:a1:53:a6,,-88,1,2412,False,False
1778943539.327559,management,beacon,d8:d7:75:45:81:24,ff:ff:ff:ff:ff:ff,ff:ff:ff:ff:ff:ff,d8:d7:75:45:81:24,d8:d7:75:45:81:24,FunBox2-8124,-47,1,2412,False,False
1778943539.3871505,control,ack,,50:02:91:e8:18:ec,50:02:91:e8:18:ec,,,,-50,1,2412,False,False
1778943539.4299135,management,beacon,d8:d7:75:45:81:24,ff:ff:ff:ff:ff:ff,ff:ff:ff:ff:ff:ff,d8:d7:75:45:81:24,d8:d7:75:45:81:24,FunBox2-8124,-47,1,2412,False,False
1778943539.5069635,data,qos_null,aa:23:4f:4d:00:cf,74:ea:3a:a1:53:a6,74:ea:3a:a1:53:a6,aa:23:4f:4d:00:cf,74:ea:3a:a1:53:a6,,-91,1,2412,False,False
1778943539.5323548,management,beacon,d8:d7:75:45:81:24,ff:ff:ff:ff:ff:ff,ff:ff:ff:ff:ff:ff,d8:d7:75:45:81:24,d8:d7:75:45:81:24,FunBox2-8124,-45,1,2412,False,False
1778943539.6187797,data,null_data,50:02:91:e8:18:ec,d8:d7:75:45:81:24,d8:d7:75:45:81:24,50:02:91:e8:18:ec,d8:d7:75:45:81:24,,-85,1,2412,False,False
1778943539.6227248,data,null_data,50:02:91:e8:18:ec,d8:d7:75:45:81:24,d8:d7:75:45:81:24,50:02:91:e8:18:ec,d8:d7:75:45:81:24,,-89,1,2412,False,True
1778943539.6232421,data,null_data,50:02:91:e8:18:ec,d8:d7:75:45:81:24,d8:d7:75:45:81:24,50:02:91:e8:18:ec,d8:d7:75:45:81:24,,-89,1,2412,False,True
1778943539.623774,data,null_data,50:02:91:e8:18:ec,d8:d7:75:45:81:24,d8:d7:75:45:81:24,50:02:91:e8:18:ec,d8:d7:75:45:81:24,,-90,1,2412,False,True
1778943539.6244867,data,null_data,50:02:91:e8:18:ec,d8:d7:75:45:81:24,d8:d7:75:45:81:24,50:02:91:e8:18:ec,d8:d7:75:45:81:24,,-82,1,2412,False,False
1778943539.6258438,data,null_data,50:02:91:e8:18:ec,d8:d7:75:45:81:24,d8:d7:75:45:81:24,50:02:91:e8:18:ec,d8:d7:75:45:81:24,,-91,1,2412,False,True
1778943539.6263876,data,null_data,50:02:91:e8:18:ec,d8:d7:75:45:81:24,d8:d7:75:45:81:24,50:02:91:e8:18:ec,d8:d7:75:45:81:24,,-88,1,2412,False,True
1778943539.6269262,data,null_data,50:02:91:e8:18:ec,d8:d7:75:45:81:24,d8:d7:75:45:81:24,50:02:91:e8:18:ec,d8:d7:75:45:81:24,,-90,1,2412,False,True
1778943539.6280193,data,null_data,50:02:91:e8:18:ec,d8:d7:75:45:81:24,d8:d7:75:45:81:24,50:02:91:e8:18:ec,d8:d7:75:45:81:24,,-91,1,2412,False,True
1778943539.6285486,data,null_data,50:02:91:e8:18:ec,d8:d7:75:45:81:24,d8:d7:75:45:81:24,50:02:91:e8:18:ec,d8:d7:75:45:81:24,,-90,1,2412,False,True
1778943539.6294036,control,ack,,50:02:91:e8:18:ec,50:02:91:e8:18:ec,,,,-47,1,2412,False,False
1778943539.6442614,management,beacon,d8:d7:75:45:81:24,ff:ff:ff:ff:ff:ff,ff:ff:ff:ff:ff:ff,d8:d7:75:45:81:24,d8:d7:75:45:81:24,FunBox2-8124,-46,1,2412,False,False
1778943539.6586838,data,qos_null,aa:23:4f:4d:00:cf,74:ea:3a:a1:53:a6,74:ea:3a:a1:53:a6,aa:23:4f:4d:00:cf,74:ea:3a:a1:53:a6,,-90,1,2412,False,True
1778943539.7158217,data,data,d8:d7:75:45:81:24,01:00:5e:7f:ff:fa,01:00:5e:7f:ff:fa,d8:d7:75:45:81:24,e6:12:a8:93:5a:78,,-46,1,2412,True,False
1778943539.7161198,control,ack,,d8:d7:75:45:81:24,d8:d7:75:45:81:24,,,,-85,1,2412,False,False
1778943539.840234,management,beacon,d8:d7:75:45:81:24,ff:ff:ff:ff:ff:ff,ff:ff:ff:ff:ff:ff,d8:d7:75:45:81:24,d8:d7:75:45:81:24,FunBox2-8124,-48,1,2412,False,False
1778943539.876731,data,null_data,50:02:91:e8:18:ec,d8:d7:75:45:81:24,d8:d7:75:45:81:24,50:02:91:e8:18:ec,d8:d7:75:45:81:24,,-84,1,2412,False,True
1778943539.8770294,data,null_data,50:02:91:e8:18:ec,d8:d7:75:45:81:24,d8:d7:75:45:81:24,50:02:91:e8:18:ec,d8:d7:75:45:81:24,,-90,1,2412,False,True
1778943539.8775568,data,null_data,50:02:91:e8:18:ec,d8:d7:75:45:81:24,d8:d7:75:45:81:24,50:02:91:e8:18:ec,d8:d7:75:45:81:24,,-90,1,2412,False,True
1778943539.8775585,control,ack,,50:02:91:e8:18:ec,50:02:91:e8:18:ec,,,,-48,1,2412,False,False
1778943539.8782496,data,null_data,50:02:91:e8:18:ec,d8:d7:75:45:81:24,d8:d7:75:45:81:24,50:02:91:e8:18:ec,d8:d7:75:45:81:24,,-87,1,2412,False,True
1778943539.8785608,control,ack,,50:02:91:e8:18:ec,50:02:91:e8:18:ec,,,,-46,1,2412,False,False
1778943539.885968,data,qos_null,aa:23:4f:4d:00:cf,74:ea:3a:a1:53:a6,74:ea:3a:a1:53:a6,aa:23:4f:4d:00:cf,74:ea:3a:a1:53:a6,,-90,1,2412,False,False
1778943539.941944,management,beacon,d8:d7:75:45:81:24,ff:ff:ff:ff:ff:ff,ff:ff:ff:ff:ff:ff,d8:d7:75:45:81:24,d8:d7:75:45:81:24,FunBox2-8124,-45,1,2412,False,False
1778943539.9659622,data,qos_null,aa:23:4f:4d:00:cf,74:ea:3a:a1:53:a6,74:ea:3a:a1:53:a6,aa:23:4f:4d:00:cf,74:ea:3a:a1:53:a6,,-91,1,2412,False,False
1778943540.0443854,management,beacon,d8:d7:75:45:81:24,ff:ff:ff:ff:ff:ff,ff:ff:ff:ff:ff:ff,d8:d7:75:45:81:24,d8:d7:75:45:81:24,FunBox2-8124,-45,1,2412,False,False
1778943540.0708342,data,qos_null,aa:23:4f:4d:00:cf,74:ea:3a:a1:53:a6,74:ea:3a:a1:53:a6,aa:23:4f:4d:00:cf,74:ea:3a:a1:53:a6,,-88,1,2412,False,False
1778943540.146789,management,beacon,d8:d7:75:45:81:24,ff:ff:ff:ff:ff:ff,ff:ff:ff:ff:ff:ff,d8:d7:75:45:81:24,d8:d7:75:45:81:24,FunBox2-8124,-45,1,2412,False,False
1778943540.156741,data,qos_null,aa:23:4f:4d:00:cf,74:ea:3a:a1:53:a6,74:ea:3a:a1:53:a6,aa:23:4f:4d:00:cf,74:ea:3a:a1:53:a6,,-89,1,2412,False,False
1778943540.251394,management,beacon,d8:d7:75:45:81:24,ff:ff:ff:ff:ff:ff,ff:ff:ff:ff:ff:ff,d8:d7:75:45:81:24,d8:d7:75:45:81:24,FunBox2-8124,-45,1,2412,False,False
1778943540.3515642,management,beacon,d8:d7:75:45:81:24,ff:ff:ff:ff:ff:ff,ff:ff:ff:ff:ff:ff,d8:d7:75:45:81:24,d8:d7:75:45:81:24,FunBox2-8124,-49,1,2412,False,False
1778943540.421484,data,qos_null,aa:23:4f:4d:00:cf,74:ea:3a:a1:53:a6,74:ea:3a:a1:53:a6,aa:23:4f:4d:00:cf,74:ea:3a:a1:53:a6,,-86,1,2412,False,False
1778943540.4539957,management,beacon,d8:d7:75:45:81:24,ff:ff:ff:ff:ff:ff,ff:ff:ff:ff:ff:ff,d8:d7:75:45:81:24,d8:d7:75:45:81:24,FunBox2-8124,-46,1,2412,False,False
1778943540.4551756,data,null_data,50:02:91:e8:18:ec,d8:d7:75:45:81:24,d8:d7:75:45:81:24,50:02:91:e8:18:ec,d8:d7:75:45:81:24,,-83,1,2412,False,False
1778943540.4551792,control,ack,,50:02:91:e8:18:ec,50:02:91:e8:18:ec,,,,-47,1,2412,False,False
1778943540.5563815,management,beacon,d8:d7:75:45:81:24,ff:ff:ff:ff:ff:ff,ff:ff:ff:ff:ff:ff,d8:d7:75:45:81:24,d8:d7:75:45:81:24,FunBox2-8124,-45,1,2412,False,False
1778943540.615985,data,null_data,50:02:91:e8:18:ec,d8:d7:75:45:81:24,d8:d7:75:45:81:24,50:02:91:e8:18:ec,d8:d7:75:45:81:24,,-84,1,2412,False,False
1778943540.6161785,data,null_data,50:02:91:e8:18:ec,d8:d7:75:45:81:24,d8:d7:75:45:81:24,50:02:91:e8:18:ec,d8:d7:75:45:81:24,,-84,1,2412,False,True
1778943540.6165211,data,null_data,50:02:91:e8:18:ec,d8:d7:75:45:81:24,d8:d7:75:45:81:24,50:02:91:e8:18:ec,d8:d7:75:45:81:24,,-87,1,2412,False,True
1778943540.6170583,data,null_data,50:02:91:e8:18:ec,d8:d7:75:45:81:24,d8:d7:75:45:81:24,50:02:91:e8:18:ec,d8:d7:75:45:81:24,,-83,1,2412,False,True
1778943540.6170604,control,ack,,50:02:91:e8:18:ec,50:02:91:e8:18:ec,,,,-47,1,2412,False,False
1778943540.6588182,management,beacon,d8:d7:75:45:81:24,ff:ff:ff:ff:ff:ff,ff:ff:ff:ff:ff:ff,d8:d7:75:45:81:24,d8:d7:75:45:81:24,FunBox2-8124,-50,1,2412,False,False
1778943540.6941369,data,qos_null,aa:23:4f:4d:00:cf,74:ea:3a:a1:53:a6,74:ea:3a:a1:53:a6,aa:23:4f:4d:00:cf,74:ea:3a:a1:53:a6,,-87,1,2412,False,False
1778943540.74224,data,null_data,50:02:91:e8:18:ec,d8:d7:75:45:81:24,d8:d7:75:45:81:24,50:02:91:e8:18:ec,d8:d7:75:45:81:24,,-80,1,2412,False,False
1778943540.7422535,control,ack,,50:02:91:e8:18:ec,50:02:91:e8:18:ec,,,,-47,1,2412,False,False
1778943540.742255,data,null_data,50:02:91:e8:18:ec,d8:d7:75:45:81:24,d8:d7:75:45:81:24,50:02:91:e8:18:ec,d8:d7:75:45:81:24,,-83,1,2412,False,True
1778943540.742256,control,ack,,50:02:91:e8:18:ec,50:02:91:e8:18:ec,,,,-53,1,2412,False,False
1778943540.7428458,control,ack,,50:02:91:e8:18:ec,50:02:91:e8:18:ec,,,,-52,1,2412,False,False
1778943540.7433193,control,ack,,50:02:91:e8:18:ec,50:02:91:e8:18:ec,,,,-53,1,2412,False,False
1778943540.7612035,management,beacon,d8:d7:75:45:81:24,ff:ff:ff:ff:ff:ff,ff:ff:ff:ff:ff:ff,d8:d7:75:45:81:24,d8:d7:75:45:81:24,FunBox2-8124,-49,1,2412,False,False
1778943540.8301532,data,qos_data,d8:d7:75:45:81:24,50:02:91:e8:18:ec,50:02:91:e8:18:ec,d8:d7:75:45:81:24,d8:d7:75:45:81:24,,-50,1,2412,True,False
1778943540.8301666,control,ack,,d8:d7:75:45:81:24,d8:d7:75:45:81:24,,,,-82,1,2412,False,False
1778943540.8636396,management,beacon,d8:d7:75:45:81:24,ff:ff:ff:ff:ff:ff,ff:ff:ff:ff:ff:ff,d8:d7:75:45:81:24,d8:d7:75:45:81:24,FunBox2-8124,-50,1,2412,False,False
1778943540.9910367,data,null_data,50:02:91:e8:18:ec,d8:d7:75:45:81:24,d8:d7:75:45:81:24,50:02:91:e8:18:ec,d8:d7:75:45:81:24,,-83,1,2412,False,True
1778943540.9913385,data,null_data,50:02:91:e8:18:ec,d8:d7:75:45:81:24,d8:d7:75:45:81:24,50:02:91:e8:18:ec,d8:d7:75:45:81:24,,-88,1,2412,False,True
1778943540.991819,data,null_data,50:02:91:e8:18:ec,d8:d7:75:45:81:24,d8:d7:75:45:81:24,50:02:91:e8:18:ec,d8:d7:75:45:81:24,,-85,1,2412,False,True
1778943540.9918227,control,ack,,50:02:91:e8:18:ec,50:02:91:e8:18:ec,,,,-50,1,2412,False,False
1778943541.0686486,management,beacon,d8:d7:75:45:81:24,ff:ff:ff:ff:ff:ff,ff:ff:ff:ff:ff:ff,d8:d7:75:45:81:24,d8:d7:75:45:81:24,FunBox2-8124,-51,1,2412,False,False
1778943541.1708145,management,beacon,d8:d7:75:45:81:24,ff:ff:ff:ff:ff:ff,ff:ff:ff:ff:ff:ff,d8:d7:75:45:81:24,d8:d7:75:45:81:24,FunBox2-8124,-44,1,2412,False,False
1778943541.2208772,data,qos_null,aa:23:4f:4d:00:cf,74:ea:3a:a1:53:a6,74:ea:3a:a1:53:a6,aa:23:4f:4d:00:cf,74:ea:3a:a1:53:a6,,-90,1,2412,False,False
1778943541.2732594,management,beacon,d8:d7:75:45:81:24,ff:ff:ff:ff:ff:ff,ff:ff:ff:ff:ff:ff,d8:d7:75:45:81:24,d8:d7:75:45:81:24,FunBox2-8124,-50,1,2412,False,False
1778943541.375593,management,beacon,d8:d7:75:45:81:24,ff:ff:ff:ff:ff:ff,ff:ff:ff:ff:ff:ff,d8:d7:75:45:81:24,d8:d7:75:45:81:24,FunBox2-8124,-50,1,2412,False,False
1778943541.3768106,control,ack,,50:02:91:e8:18:ec,50:02:91:e8:18:ec,,,,-50,1,2412,False,False
1778943541.377029,data,qos_data,d8:d7:75:45:81:24,50:02:91:e8:18:ec,50:02:91:e8:18:ec,d8:d7:75:45:81:24,d8:d7:75:45:81:24,,-48,1,2412,True,False
1778943541.3777926,data,qos_data,d8:d7:75:45:81:24,50:02:91:e8:18:ec,50:02:91:e8:18:ec,d8:d7:75:45:81:24,d8:d7:75:45:81:24,,-48,1,2412,True,True
1778943541.378855,data,qos_data,d8:d7:75:45:81:24,50:02:91:e8:18:ec,50:02:91:e8:18:ec,d8:d7:75:45:81:24,d8:d7:75:45:81:24,,-49,1,2412,True,True
1778943541.378858,control,ack,,d8:d7:75:45:81:24,d8:d7:75:45:81:24,,,,-84,1,2412,False,False
1778943541.3821836,data,qos_null,aa:23:4f:4d:00:cf,74:ea:3a:a1:53:a6,74:ea:3a:a1:53:a6,aa:23:4f:4d:00:cf,74:ea:3a:a1:53:a6,,-90,1,2412,False,False
1778943541.5398264,data,null_data,50:02:91:e8:18:ec,d8:d7:75:45:81:24,d8:d7:75:45:81:24,50:02:91:e8:18:ec,d8:d7:75:45:81:24,,-82,1,2412,False,False
1778943541.539841,control,ack,,50:02:91:e8:18:ec,50:02:91:e8:18:ec,,,,-53,1,2412,False,False
1778943541.5520012,data,qos_null,aa:23:4f:4d:00:cf,74:ea:3a:a1:53:a6,74:ea:3a:a1:53:a6,aa:23:4f:4d:00:cf,74:ea:3a:a1:53:a6,,-90,1,2412,False,False
1778943541.580445,management,beacon,d8:d7:75:45:81:24,ff:ff:ff:ff:ff:ff,ff:ff:ff:ff:ff:ff,d8:d7:75:45:81:24,d8:d7:75:45:81:24,FunBox2-8124,-50,1,2412,False,False
1778943541.5812173,data,null_data,50:02:91:e8:18:ec,d8:d7:75:45:81:24,d8:d7:75:45:81:24,50:02:91:e8:18:ec,d8:d7:75:45:81:24,,-82,1,2412,False,False
1778943541.5812197,control,ack,,50:02:91:e8:18:ec,50:02:91:e8:18:ec,,,,-53,1,2412,False,False
1778943541.581931,control,ack,,50:02:91:e8:18:ec,50:02:91:e8:18:ec,,,,-54,1,2412,False,False
1778943541.7427342,data,null_data,50:02:91:e8:18:ec,d8:d7:75:45:81:24,d8:d7:75:45:81:24,50:02:91:e8:18:ec,d8:d7:75:45:81:24,,-83,1,2412,False,False
1778943541.7427425,control,ack,,50:02:91:e8:18:ec,50:02:91:e8:18:ec,,,,-50,1,2412,False,False
1778943541.7852488,management,beacon,d8:d7:75:45:81:24,ff:ff:ff:ff:ff:ff,ff:ff:ff:ff:ff:ff,d8:d7:75:45:81:24,d8:d7:75:45:81:24,FunBox2-8124,-52,1,2412,False,False
1778943541.8326402,data,qos_null,aa:23:4f:4d:00:cf,74:ea:3a:a1:53:a6,74:ea:3a:a1:53:a6,aa:23:4f:4d:00:cf,74:ea:3a:a1:53:a6,,-90,1,2412,False,False
1778943541.887621,management,beacon,d8:d7:75:45:81:24,ff:ff:ff:ff:ff:ff,ff:ff:ff:ff:ff:ff,d8:d7:75:45:81:24,d8:d7:75:45:81:24,FunBox2-8124,-43,1,2412,False,False
1778943541.9384553,data,qos_null,aa:23:4f:4d:00:cf,74:ea:3a:a1:53:a6,74:ea:3a:a1:53:a6,aa:23:4f:4d:00:cf,74:ea:3a:a1:53:a6,,-90,1,2412,False,False
1778943541.9983182,data,qos_null,aa:23:4f:4d:00:cf,74:ea:3a:a1:53:a6,74:ea:3a:a1:53:a6,aa:23:4f:4d:00:cf,74:ea:3a:a1:53:a6,,-88,1,2412,False,False
1778943542.0924282,management,beacon,d8:d7:75:45:81:24,ff:ff:ff:ff:ff:ff,ff:ff:ff:ff:ff:ff,d8:d7:75:45:81:24,d8:d7:75:45:81:24,FunBox2-8124,-51,1,2412,False,False
1778943542.2430243,data,qos_null,aa:23:4f:4d:00:cf,74:ea:3a:a1:53:a6,74:ea:3a:a1:53:a6,aa:23:4f:4d:00:cf,74:ea:3a:a1:53:a6,,-91,1,2412,False,False
1778943542.2972555,management,beacon,d8:d7:75:45:81:24,ff:ff:ff:ff:ff:ff,ff:ff:ff:ff:ff:ff,d8:d7:75:45:81:24,d8:d7:75:45:81:24,FunBox2-8124,-51,1,2412,False,False
1778943542.3424401,data,qos_null,aa:23:4f:4d:00:cf,74:ea:3a:a1:53:a6,74:ea:3a:a1:53:a6,aa:23:4f:4d:00:cf,74:ea:3a:a1:53:a6,,-90,1,2412,False,False
1778943542.3996606,management,beacon,d8:d7:75:45:81:24,ff:ff:ff:ff:ff:ff,ff:ff:ff:ff:ff:ff,d8:d7:75:45:81:24,d8:d7:75:45:81:24,FunBox2-8124,-50,1,2412,False,False
1778943542.4278746,data,qos_null,aa:23:4f:4d:00:cf,74:ea:3a:a1:53:a6,74:ea:3a:a1:53:a6,aa:23:4f:4d:00:cf,74:ea:3a:a1:53:a6,,-89,1,2412,False,False
1778943542.604463,management,beacon,d8:d7:75:45:81:24,ff:ff:ff:ff:ff:ff,ff:ff:ff:ff:ff:ff,d8:d7:75:45:81:24,d8:d7:75:45:81:24,FunBox2-8124,-49,1,2412,False,False
1778943542.634444,data,qos_null,aa:23:4f:4d:00:cf,74:ea:3a:a1:53:a6,74:ea:3a:a1:53:a6,aa:23:4f:4d:00:cf,74:ea:3a:a1:53:a6,,-90,1,2412,False,False
1778943542.7382097,data,qos_null,aa:23:4f:4d:00:cf,74:ea:3a:a1:53:a6,74:ea:3a:a1:53:a6,aa:23:4f:4d:00:cf,74:ea:3a:a1:53:a6,,-91,1,2412,False,False
1778943542.794514,data,qos_null,aa:23:4f:4d:00:cf,74:ea:3a:a1:53:a6,74:ea:3a:a1:53:a6,aa:23:4f:4d:00:cf,74:ea:3a:a1:53:a6,,-90,1,2412,False,False
1778943542.8092432,management,beacon,d8:d7:75:45:81:24,ff:ff:ff:ff:ff:ff,ff:ff:ff:ff:ff:ff,d8:d7:75:45:81:24,d8:d7:75:45:81:24,FunBox2-8124,-50,1,2412,False,False
1778943542.893706,data,qos_null,aa:23:4f:4d:00:cf,74:ea:3a:a1:53:a6,74:ea:3a:a1:53:a6,aa:23:4f:4d:00:cf,74:ea:3a:a1:53:a6,,-91,1,2412,False,False
1778943542.9117134,management,beacon,d8:d7:75:45:81:24,ff:ff:ff:ff:ff:ff,ff:ff:ff:ff:ff:ff,d8:d7:75:45:81:24,d8:d7:75:45:81:24,FunBox2-8124,-47,1,2412,False,False
1778943542.9788136,data,qos_null,aa:23:4f:4d:00:cf,74:ea:3a:a1:53:a6,74:ea:3a:a1:53:a6,aa:23:4f:4d:00:cf,74:ea:3a:a1:53:a6,,-87,1,2412,False,False
1778943543.014087,management,beacon,d8:d7:75:45:81:24,ff:ff:ff:ff:ff:ff,ff:ff:ff:ff:ff:ff,d8:d7:75:45:81:24,d8:d7:75:45:81:24,FunBox2-8124,-46,1,2412,False,False
1778943543.1164794,management,beacon,d8:d7:75:45:81:24,ff:ff:ff:ff:ff:ff,ff:ff:ff:ff:ff:ff,d8:d7:75:45:81:24,d8:d7:75:45:81:24,FunBox2-8124,-45,1,2412,False,False
1778943543.2201552,data,data,d8:d7:75:45:81:24,33:33:00:00:00:01,33:33:00:00:00:01,d8:d7:75:45:81:24,d8:d7:75:45:81:24,,-45,1,2412,True,False
1778943543.220472,control,ack,,d8:d7:75:45:81:24,d8:d7:75:45:81:24,,,,-86,1,2412,False,False
1778943543.2221224,data,qos_null,aa:23:4f:4d:00:cf,74:ea:3a:a1:53:a6,74:ea:3a:a1:53:a6,aa:23:4f:4d:00:cf,74:ea:3a:a1:53:a6,,-91,1,2412,False,False
1778943543.3212838,management,beacon,d8:d7:75:45:81:24,ff:ff:ff:ff:ff:ff,ff:ff:ff:ff:ff:ff,d8:d7:75:45:81:24,d8:d7:75:45:81:24,FunBox2-8124,-44,1,2412,False,False
1778943543.3217444,data,qos_null,aa:23:4f:4d:00:cf,74:ea:3a:a1:53:a6,74:ea:3a:a1:53:a6,aa:23:4f:4d:00:cf,74:ea:3a:a1:53:a6,,-90,1,2412,False,False
1778943543.3224187,data,null_data,50:02:91:e8:18:ec,d8:d7:75:45:81:24,d8:d7:75:45:81:24,50:02:91:e8:18:ec,d8:d7:75:45:81:24,,-83,1,2412,False,False
1778943543.322422,control,ack,,50:02:91:e8:18:ec,50:02:91:e8:18:ec,,,,-46,1,2412,False,False
1778943543.4236817,management,beacon,d8:d7:75:45:81:24,ff:ff:ff:ff:ff:ff,ff:ff:ff:ff:ff:ff,d8:d7:75:45:81:24,d8:d7:75:45:81:24,FunBox2-8124,-45,1,2412,False,False
1778943543.4832854,data,null_data,50:02:91:e8:18:ec,d8:d7:75:45:81:24,d8:d7:75:45:81:24,50:02:91:e8:18:ec,d8:d7:75:45:81:24,,-83,1,2412,False,False
1778943543.4832966,control,ack,,50:02:91:e8:18:ec,50:02:91:e8:18:ec,,,,-47,1,2412,False,False
1778943543.497419,data,qos_null,aa:23:4f:4d:00:cf,74:ea:3a:a1:53:a6,74:ea:3a:a1:53:a6,aa:23:4f:4d:00:cf,74:ea:3a:a1:53:a6,,-86,1,2412,False,False
1778943543.628547,management,beacon,d8:d7:75:45:81:24,ff:ff:ff:ff:ff:ff,ff:ff:ff:ff:ff:ff,d8:d7:75:45:81:24,d8:d7:75:45:81:24,FunBox2-8124,-45,1,2412,False,False
1778943543.7711916,data,qos_null,aa:23:4f:4d:00:cf,74:ea:3a:a1:53:a6,74:ea:3a:a1:53:a6,aa:23:4f:4d:00:cf,74:ea:3a:a1:53:a6,,-90,1,2412,False,False
1778943543.8333178,management,beacon,d8:d7:75:45:81:24,ff:ff:ff:ff:ff:ff,ff:ff:ff:ff:ff:ff,d8:d7:75:45:81:24,d8:d7:75:45:81:24,FunBox2-8124,-46,1,2412,False,False
1778943543.833748,data,qos_null,aa:23:4f:4d:00:cf,74:ea:3a:a1:53:a6,74:ea:3a:a1:53:a6,aa:23:4f:4d:00:cf,74:ea:3a:a1:53:a6,,-90,1,2412,False,False
1778943543.9356837,management,beacon,d8:d7:75:45:81:24,ff:ff:ff:ff:ff:ff,ff:ff:ff:ff:ff:ff,d8:d7:75:45:81:24,d8:d7:75:45:81:24,FunBox2-8124,-53,1,2412,False,False
1778943543.9649787,control,rts,54:35:30:cf:ee:1e,d8:d7:75:45:81:24,d8:d7:75:45:81:24,54:35:30:cf:ee:1e,,,-52,1,2412,False,False
1778943543.9649892,control,cts,,54:35:30:cf:ee:1e,54:35:30:cf:ee:1e,,,,-56,1,2412,False,False
1778943543.9649923,data,qos_data,54:35:30:cf:ee:1e,d8:d7:75:45:81:24,d8:d7:75:45:81:24,54:35:30:cf:ee:1e,ff:ff:ff:ff:ff:ff,,-52,1,2412,True,False
1778943543.9649959,control,block_ack,d8:d7:75:45:81:24,54:35:30:cf:ee:1e,54:35:30:cf:ee:1e,d8:d7:75:45:81:24,,,-56,1,2412,False,False
1778943544.0381505,management,beacon,d8:d7:75:45:81:24,ff:ff:ff:ff:ff:ff,ff:ff:ff:ff:ff:ff,d8:d7:75:45:81:24,d8:d7:75:45:81:24,FunBox2-8124,-45,1,2412,False,False
1778943544.0462964,control,rts,d8:d7:75:45:81:24,54:35:30:cf:ee:1e,54:35:30:cf:ee:1e,d8:d7:75:45:81:24,,,-48,1,2412,False,False
1778943544.0463045,control,cts,,d8:d7:75:45:81:24,d8:d7:75:45:81:24,,,,-53,1,2412,False,False
1778943544.0463064,data,qos_data,d8:d7:75:45:81:24,54:35:30:cf:ee:1e,54:35:30:cf:ee:1e,d8:d7:75:45:81:24,a0:29:42:95:01:2d,,-49,1,2412,True,False
1778943544.046308,control,block_ack,54:35:30:cf:ee:1e,d8:d7:75:45:81:24,d8:d7:75:45:81:24,54:35:30:cf:ee:1e,,,-53,1,2412,False,False
1778943544.0849621,data,qos_null,aa:23:4f:4d:00:cf,74:ea:3a:a1:53:a6,74:ea:3a:a1:53:a6,aa:23:4f:4d:00:cf,74:ea:3a:a1:53:a6,,-89,1,2412,False,False
1778943544.1405704,management,beacon,d8:d7:75:45:81:24,ff:ff:ff:ff:ff:ff,ff:ff:ff:ff:ff:ff,d8:d7:75:45:81:24,d8:d7:75:45:81:24,FunBox2-8124,-52,1,2412,False,False
1778943544.1417713,data,data,d8:d7:75:45:81:24,ff:ff:ff:ff:ff:ff,ff:ff:ff:ff:ff:ff,d8:d7:75:45:81:24,54:35:30:cf:ee:1e,,-53,1,2412,True,False
1778943544.1422691,control,ack,,50:02:91:e8:18:ec,50:02:91:e8:18:ec,,,,-56,1,2412,False,False
1778943544.2454011,data,qos_null,aa:23:4f:4d:00:cf,74:ea:3a:a1:53:a6,74:ea:3a:a1:53:a6,aa:23:4f:4d:00:cf,74:ea:3a:a1:53:a6,,-88,1,2412,False,False
1778943544.2706802,data,qos_null,aa:23:4f:4d:00:cf,74:ea:3a:a1:53:a6,74:ea:3a:a1:53:a6,aa:23:4f:4d:00:cf,74:ea:3a:a1:53:a6,,-90,1,2412,False,False
1778943544.3031468,data,null_data,50:02:91:e8:18:ec,d8:d7:75:45:81:24,d8:d7:75:45:81:24,50:02:91:e8:18:ec,d8:d7:75:45:81:24,,-81,1,2412,False,False
1778943544.3031545,control,ack,,50:02:91:e8:18:ec,50:02:91:e8:18:ec,,,,-46,1,2412,False,False
1778943544.3453183,management,beacon,d8:d7:75:45:81:24,ff:ff:ff:ff:ff:ff,ff:ff:ff:ff:ff:ff,d8:d7:75:45:81:24,d8:d7:75:45:81:24,FunBox2-8124,-53,1,2412,False,False
1778943544.4477777,management,beacon,d8:d7:75:45:81:24,ff:ff:ff:ff:ff:ff,ff:ff:ff:ff:ff:ff,d8:d7:75:45:81:24,d8:d7:75:45:81:24,FunBox2-8124,-52,1,2412,False,False
1778943544.550121,management,beacon,d8:d7:75:45:81:24,ff:ff:ff:ff:ff:ff,ff:ff:ff:ff:ff:ff,d8:d7:75:45:81:24,d8:d7:75:45:81:24,FunBox2-8124,-46,1,2412,False,False
1778943544.6525204,management,beacon,d8:d7:75:45:81:24,ff:ff:ff:ff:ff:ff,ff:ff:ff:ff:ff:ff,d8:d7:75:45:81:24,d8:d7:75:45:81:24,FunBox2-8124,-54,1,2412,False,False
1778943544.857365,management,beacon,d8:d7:75:45:81:24,ff:ff:ff:ff:ff:ff,ff:ff:ff:ff:ff:ff,d8:d7:75:45:81:24,d8:d7:75:45:81:24,FunBox2-8124,-53,1,2412,False,False
1778943544.9597988,management,beacon,d8:d7:75:45:81:24,ff:ff:ff:ff:ff:ff,ff:ff:ff:ff:ff:ff,d8:d7:75:45:81:24,d8:d7:75:45:81:24,FunBox2-8124,-46,1,2412,False,False
1778943545.062174,management,beacon,d8:d7:75:45:81:24,ff:ff:ff:ff:ff:ff,ff:ff:ff:ff:ff:ff,d8:d7:75:45:81:24,d8:d7:75:45:81:24,FunBox2-8124,-44,1,2412,False,False
1778943545.1645582,management,beacon,d8:d7:75:45:81:24,ff:ff:ff:ff:ff:ff,ff:ff:ff:ff:ff:ff,d8:d7:75:45:81:24,d8:d7:75:45:81:24,FunBox2-8124,-44,1,2412,False,False
1778943545.287498,data,qos_null,aa:23:4f:4d:00:cf,74:ea:3a:a1:53:a6,74:ea:3a:a1:53:a6,aa:23:4f:4d:00:cf,74:ea:3a:a1:53:a6,,-91,1,2412,False,False
1778943545.369394,management,beacon,d8:d7:75:45:81:24,ff:ff:ff:ff:ff:ff,ff:ff:ff:ff:ff:ff,d8:d7:75:45:81:24,d8:d7:75:45:81:24,FunBox2-8124,-52,1,2412,False,False
1778943545.4449134,data,qos_null,aa:23:4f:4d:00:cf,74:ea:3a:a1:53:a6,74:ea:3a:a1:53:a6,aa:23:4f:4d:00:cf,74:ea:3a:a1:53:a6,,-90,1,2412,False,False
1778943545.471745,management,beacon,d8:d7:75:45:81:24,ff:ff:ff:ff:ff:ff,ff:ff:ff:ff:ff:ff,d8:d7:75:45:81:24,d8:d7:75:45:81:24,FunBox2-8124,-52,1,2412,False,False
1778943545.544501,data,qos_null,aa:23:4f:4d:00:cf,74:ea:3a:a1:53:a6,74:ea:3a:a1:53:a6,aa:23:4f:4d:00:cf,74:ea:3a:a1:53:a6,,-89,1,2412,False,False
1778943545.5741684,management,beacon,d8:d7:75:45:81:24,ff:ff:ff:ff:ff:ff,ff:ff:ff:ff:ff:ff,d8:d7:75:45:81:24,d8:d7:75:45:81:24,FunBox2-8124,-53,1,2412,False,False
1778943545.6041853,data,qos_null,aa:23:4f:4d:00:cf,74:ea:3a:a1:53:a6,74:ea:3a:a1:53:a6,aa:23:4f:4d:00:cf,74:ea:3a:a1:53:a6,,-89,1,2412,False,False
1778943545.6765597,management,beacon,d8:d7:75:45:81:24,ff:ff:ff:ff:ff:ff,ff:ff:ff:ff:ff:ff,d8:d7:75:45:81:24,d8:d7:75:45:81:24,FunBox2-8124,-44,1,2412,False,False
1778943545.8814244,management,beacon,d8:d7:75:45:81:24,ff:ff:ff:ff:ff:ff,ff:ff:ff:ff:ff:ff,d8:d7:75:45:81:24,d8:d7:75:45:81:24,FunBox2-8124,-46,1,2412,False,False
1778943545.9599612,data,qos_null,aa:23:4f:4d:00:cf,74:ea:3a:a1:53:a6,74:ea:3a:a1:53:a6,aa:23:4f:4d:00:cf,74:ea:3a:a1:53:a6,,-91,1,2412,False,False
1778943545.9837666,management,beacon,d8:d7:75:45:81:24,ff:ff:ff:ff:ff:ff,ff:ff:ff:ff:ff:ff,d8:d7:75:45:81:24,d8:d7:75:45:81:24,FunBox2-8124,-46,1,2412,False,False
1778943545.9849691,data,null_data,50:02:91:e8:18:ec,d8:d7:75:45:81:24,d8:d7:75:45:81:24,50:02:91:e8:18:ec,d8:d7:75:45:81:24,,-85,1,2412,False,False
1778943545.9849713,control,ack,,50:02:91:e8:18:ec,50:02:91:e8:18:ec,,,,-49,1,2412,False,False
1778943546.0862286,management,beacon,d8:d7:75:45:81:24,ff:ff:ff:ff:ff:ff,ff:ff:ff:ff:ff:ff,d8:d7:75:45:81:24,d8:d7:75:45:81:24,FunBox2-8124,-46,1,2412,False,False
1778943546.1196887,data,qos_null,aa:23:4f:4d:00:cf,74:ea:3a:a1:53:a6,74:ea:3a:a1:53:a6,aa:23:4f:4d:00:cf,74:ea:3a:a1:53:a6,,-89,1,2412,False,False
1778943546.1457715,data,null_data,50:02:91:e8:18:ec,d8:d7:75:45:81:24,d8:d7:75:45:81:24,50:02:91:e8:18:ec,d8:d7:75:45:81:24,,-82,1,2412,False,False
1778943546.1459832,data,null_data,50:02:91:e8:18:ec,d8:d7:75:45:81:24,d8:d7:75:45:81:24,50:02:91:e8:18:ec,d8:d7:75:45:81:24,,-84,1,2412,False,True
1778943546.1473045,data,null_data,50:02:91:e8:18:ec,d8:d7:75:45:81:24,d8:d7:75:45:81:24,50:02:91:e8:18:ec,d8:d7:75:45:81:24,,-89,1,2412,False,True
1778943546.1478267,data,null_data,50:02:91:e8:18:ec,d8:d7:75:45:81:24,d8:d7:75:45:81:24,50:02:91:e8:18:ec,d8:d7:75:45:81:24,,-92,1,2412,False,True
1778943546.1483667,data,null_data,50:02:91:e8:18:ec,d8:d7:75:45:81:24,d8:d7:75:45:81:24,50:02:91:e8:18:ec,d8:d7:75:45:81:24,,-88,1,2412,False,True
1778943546.1487007,control,ack,,50:02:91:e8:18:ec,50:02:91:e8:18:ec,,,,-47,1,2412,False,False
1778943546.2769132,data,qos_null,aa:23:4f:4d:00:cf,74:ea:3a:a1:53:a6,74:ea:3a:a1:53:a6,aa:23:4f:4d:00:cf,74:ea:3a:a1:53:a6,,-91,1,2412,False,False
1778943546.3021512,data,qos_null,aa:23:4f:4d:00:cf,74:ea:3a:a1:53:a6,74:ea:3a:a1:53:a6,aa:23:4f:4d:00:cf,74:ea:3a:a1:53:a6,,-91,1,2412,False,False
1778943546.4957802,management,beacon,d8:d7:75:45:81:24,ff:ff:ff:ff:ff:ff,ff:ff:ff:ff:ff:ff,d8:d7:75:45:81:24,d8:d7:75:45:81:24,FunBox2-8124,-47,1,2412,False,False
1778943546.5981963,management,beacon,d8:d7:75:45:81:24,ff:ff:ff:ff:ff:ff,ff:ff:ff:ff:ff:ff,d8:d7:75:45:81:24,d8:d7:75:45:81:24,FunBox2-8124,-51,1,2412,False,False
1778943546.700603,management,beacon,d8:d7:75:45:81:24,ff:ff:ff:ff:ff:ff,ff:ff:ff:ff:ff:ff,d8:d7:75:45:81:24,d8:d7:75:45:81:24,FunBox2-8124,-52,1,2412,False,False
1778943546.7745624,data,qos_null,aa:23:4f:4d:00:cf,74:ea:3a:a1:53:a6,74:ea:3a:a1:53:a6,aa:23:4f:4d:00:cf,74:ea:3a:a1:53:a6,,-90,1,2412,False,False
1778943546.8030217,management,beacon,d8:d7:75:45:81:24,ff:ff:ff:ff:ff:ff,ff:ff:ff:ff:ff:ff,d8:d7:75:45:81:24,d8:d7:75:45:81:24,FunBox2-8124,-47,1,2412,False,False
1778943546.8740451,data,qos_null,aa:23:4f:4d:00:cf,74:ea:3a:a1:53:a6,74:ea:3a:a1:53:a6,aa:23:4f:4d:00:cf,74:ea:3a:a1:53:a6,,-94,1,2412,False,False
1778943546.9341445,data,qos_null,aa:23:4f:4d:00:cf,74:ea:3a:a1:53:a6,74:ea:3a:a1:53:a6,aa:23:4f:4d:00:cf,74:ea:3a:a1:53:a6,,-91,1,2412,False,False
1778943547.0100565,management,beacon,d8:d7:75:45:81:24,ff:ff:ff:ff:ff:ff,ff:ff:ff:ff:ff:ff,d8:d7:75:45:81:24,d8:d7:75:45:81:24,FunBox2-8124,-51,1,2412,False,False
1778943547.1102538,management,beacon,d8:d7:75:45:81:24,ff:ff:ff:ff:ff:ff,ff:ff:ff:ff:ff:ff,d8:d7:75:45:81:24,d8:d7:75:45:81:24,FunBox2-8124,-52,1,2412,False,False
1778943547.3150377,management,beacon,d8:d7:75:45:81:24,ff:ff:ff:ff:ff:ff,ff:ff:ff:ff:ff:ff,d8:d7:75:45:81:24,d8:d7:75:45:81:24,FunBox2-8124,-46,1,2412,False,False
1778943547.3412821,data,qos_null,aa:23:4f:4d:00:cf,74:ea:3a:a1:53:a6,74:ea:3a:a1:53:a6,aa:23:4f:4d:00:cf,74:ea:3a:a1:53:a6,,-90,1,2412,False,False
1778943547.441167,data,qos_null,aa:23:4f:4d:00:cf,74:ea:3a:a1:53:a6,74:ea:3a:a1:53:a6,aa:23:4f:4d:00:cf,74:ea:3a:a1:53:a6,,-91,1,2412,False,False
1778943547.5013733,data,qos_null,aa:23:4f:4d:00:cf,74:ea:3a:a1:53:a6,74:ea:3a:a1:53:a6,aa:23:4f:4d:00:cf,74:ea:3a:a1:53:a6,,-89,1,2412,False,False
1778943547.519843,management,beacon,d8:d7:75:45:81:24,ff:ff:ff:ff:ff:ff,ff:ff:ff:ff:ff:ff,d8:d7:75:45:81:24,d8:d7:75:45:81:24,FunBox2-8124,-52,1,2412,False,False
1778943547.6021123,data,qos_null,aa:23:4f:4d:00:cf,74:ea:3a:a1:53:a6,74:ea:3a:a1:53:a6,aa:23:4f:4d:00:cf,74:ea:3a:a1:53:a6,,-91,1,2412,False,False
1778943547.6222425,management,beacon,d8:d7:75:45:81:24,ff:ff:ff:ff:ff:ff,ff:ff:ff:ff:ff:ff,d8:d7:75:45:81:24,d8:d7:75:45:81:24,FunBox2-8124,-45,1,2412,False,False
1778943547.6233506,data,null_data,50:02:91:e8:18:ec,d8:d7:75:45:81:24,d8:d7:75:45:81:24,50:02:91:e8:18:ec,d8:d7:75:45:81:24,,-84,1,2412,False,False
1778943547.6873837,data,qos_null,aa:23:4f:4d:00:cf,74:ea:3a:a1:53:a6,74:ea:3a:a1:53:a6,aa:23:4f:4d:00:cf,74:ea:3a:a1:53:a6,,-89,1,2412,False,False
1778943547.7247055,management,beacon,d8:d7:75:45:81:24,ff:ff:ff:ff:ff:ff,ff:ff:ff:ff:ff:ff,d8:d7:75:45:81:24,d8:d7:75:45:81:24,FunBox2-8124,-53,1,2412,False,False
1778943547.7847722,data,null_data,50:02:91:e8:18:ec,d8:d7:75:45:81:24,d8:d7:75:45:81:24,50:02:91:e8:18:ec,d8:d7:75:45:81:24,,-86,1,2412,False,True
1778943547.8270738,management,beacon,d8:d7:75:45:81:24,ff:ff:ff:ff:ff:ff,ff:ff:ff:ff:ff:ff,d8:d7:75:45:81:24,d8:d7:75:45:81:24,FunBox2-8124,-54,1,2412,False,False
1778943548.0318768,management,beacon,d8:d7:75:45:81:24,ff:ff:ff:ff:ff:ff,ff:ff:ff:ff:ff:ff,d8:d7:75:45:81:24,d8:d7:75:45:81:24,FunBox2-8124,-56,1,2412,False,False
1778943548.0760944,data,qos_null,aa:23:4f:4d:00:cf,74:ea:3a:a1:53:a6,74:ea:3a:a1:53:a6,aa:23:4f:4d:00:cf,74:ea:3a:a1:53:a6,,-93,1,2412,False,False
1778943548.134245,management,beacon,d8:d7:75:45:81:24,ff:ff:ff:ff:ff:ff,ff:ff:ff:ff:ff:ff,d8:d7:75:45:81:24,d8:d7:75:45:81:24,FunBox2-8124,-44,1,2412,False,False
1778943548.3391106,management,beacon,d8:d7:75:45:81:24,ff:ff:ff:ff:ff:ff,ff:ff:ff:ff:ff:ff,d8:d7:75:45:81:24,d8:d7:75:45:81:24,FunBox2-8124,-54,1,2412,False,False
1778943548.443705,data,data,d8:d7:75:45:81:24,33:33:00:00:00:01,33:33:00:00:00:01,d8:d7:75:45:81:24,d8:d7:75:45:81:24,,-45,1,2412,True,False
1778943548.4440176,control,ack,,d8:d7:75:45:81:24,d8:d7:75:45:81:24,,,,-87,1,2412,False,False
1778943548.4441957,control,ack,,50:02:91:e8:18:ec,50:02:91:e8:18:ec,,,,-54,1,2412,False,False
1778943548.5057373,data,qos_null,aa:23:4f:4d:00:cf,74:ea:3a:a1:53:a6,74:ea:3a:a1:53:a6,aa:23:4f:4d:00:cf,74:ea:3a:a1:53:a6,,-91,1,2412,False,False
1778943548.5439122,management,beacon,d8:d7:75:45:81:24,ff:ff:ff:ff:ff:ff,ff:ff:ff:ff:ff:ff,d8:d7:75:45:81:24,d8:d7:75:45:81:24,FunBox2-8124,-42,1,2412,False,False
1778943548.5514648,data,qos_null,aa:23:4f:4d:00:cf,74:ea:3a:a1:53:a6,74:ea:3a:a1:53:a6,aa:23:4f:4d:00:cf,74:ea:3a:a1:53:a6,,-91,1,2412,False,False
1778943548.7486897,management,beacon,d8:d7:75:45:81:24,ff:ff:ff:ff:ff:ff,ff:ff:ff:ff:ff:ff,d8:d7:75:45:81:24,d8:d7:75:45:81:24,FunBox2-8124,-41,1,2412,False,False
1778943548.8552597,management,beacon,d8:d7:75:45:81:24,ff:ff:ff:ff:ff:ff,ff:ff:ff:ff:ff:ff,d8:d7:75:45:81:24,d8:d7:75:45:81:24,FunBox2-8124,-42,1,2412,False,False
1778943549.056753,management,beacon,d8:d7:75:45:81:24,ff:ff:ff:ff:ff:ff,ff:ff:ff:ff:ff:ff,d8:d7:75:45:81:24,d8:d7:75:45:81:24,FunBox2-8124,-52,1,2412,False,False
1778943549.172047,data,qos_null,aa:23:4f:4d:00:cf,74:ea:3a:a1:53:a6,74:ea:3a:a1:53:a6,aa:23:4f:4d:00:cf,74:ea:3a:a1:53:a6,,-88,1,2412,False,False
1778943549.2607553,management,beacon,d8:d7:75:45:81:24,ff:ff:ff:ff:ff:ff,ff:ff:ff:ff:ff:ff,d8:d7:75:45:81:24,d8:d7:75:45:81:24,FunBox2-8124,-58,1,2412,False,False
1778943549.2655935,data,qos_null,aa:23:4f:4d:00:cf,74:ea:3a:a1:53:a6,74:ea:3a:a1:53:a6,aa:23:4f:4d:00:cf,74:ea:3a:a1:53:a6,,-91,1,2412,False,False
1778943549.331229,data,qos_null,aa:23:4f:4d:00:cf,74:ea:3a:a1:53:a6,74:ea:3a:a1:53:a6,aa:23:4f:4d:00:cf,74:ea:3a:a1:53:a6,,-90,1,2412,False,False
1778943549.3631015,management,beacon,d8:d7:75:45:81:24,ff:ff:ff:ff:ff:ff,ff:ff:ff:ff:ff:ff,d8:d7:75:45:81:24,d8:d7:75:45:81:24,FunBox2-8124,-41,1,2412,False,False
1778943549.365838,control,ack,,d8:d7:75:45:81:24,d8:d7:75:45:81:24,,,,-86,1,2412,False,False
1778943549.365842,data,null_data,50:02:91:e8:18:ec,d8:d7:75:45:81:24,d8:d7:75:45:81:24,50:02:91:e8:18:ec,d8:d7:75:45:81:24,,-84,1,2412,False,False
1778943549.365844,control,ack,,50:02:91:e8:18:ec,50:02:91:e8:18:ec,,,,-53,1,2412,False,False
1778943549.3658452,data,null_data,50:02:91:e8:18:ec,d8:d7:75:45:81:24,d8:d7:75:45:81:24,50:02:91:e8:18:ec,d8:d7:75:45:81:24,,-84,1,2412,False,True
1778943549.3658462,control,ack,,50:02:91:e8:18:ec,50:02:91:e8:18:ec,,,,-61,1,2412,False,False
1778943549.3673415,data,data,d8:d7:75:45:81:24,33:33:00:00:00:16,33:33:00:00:00:16,d8:d7:75:45:81:24,a8:5e:45:c6:9f:b7,,-59,1,2412,True,False
1778943549.3676472,control,ack,,d8:d7:75:45:81:24,d8:d7:75:45:81:24,,,,-88,1,2412,False,False
1778943549.436193,data,qos_null,aa:23:4f:4d:00:cf,74:ea:3a:a1:53:a6,74:ea:3a:a1:53:a6,aa:23:4f:4d:00:cf,74:ea:3a:a1:53:a6,,-90,1,2412,False,False
1778943549.4951427,data,qos_null,aa:23:4f:4d:00:cf,74:ea:3a:a1:53:a6,74:ea:3a:a1:53:a6,aa:23:4f:4d:00:cf,74:ea:3a:a1:53:a6,,-88,1,2412,False,False
1778943549.5203736,data,qos_null,aa:23:4f:4d:00:cf,74:ea:3a:a1:53:a6,74:ea:3a:a1:53:a6,aa:23:4f:4d:00:cf,74:ea:3a:a1:53:a6,,-90,1,2412,False,False
1778943549.528087,data,null_data,50:02:91:e8:18:ec,d8:d7:75:45:81:24,d8:d7:75:45:81:24,50:02:91:e8:18:ec,d8:d7:75:45:81:24,,-83,1,2412,False,False
1778943549.5281022,control,ack,,50:02:91:e8:18:ec,50:02:91:e8:18:ec,,,,-53,1,2412,False,False
1778943549.5488837,data,qos_null,aa:23:4f:4d:00:cf,74:ea:3a:a1:53:a6,74:ea:3a:a1:53:a6,aa:23:4f:4d:00:cf,74:ea:3a:a1:53:a6,,-88,1,2412,False,False
1778943549.567909,management,beacon,d8:d7:75:45:81:24,ff:ff:ff:ff:ff:ff,ff:ff:ff:ff:ff:ff,d8:d7:75:45:81:24,d8:d7:75:45:81:24,FunBox2-8124,-60,1,2412,False,False
1778943549.6614532,management,probe_request,3a:4f:39:d0:5e:28,ff:ff:ff:ff:ff:ff,ff:ff:ff:ff:ff:ff,3a:4f:39:d0:5e:28,ff:ff:ff:ff:ff:ff,<hidden>,-42,1,2412,False,False
1778943549.664658,management,probe_response,d8:d7:75:45:81:24,3a:4f:39:d0:5e:28,3a:4f:39:d0:5e:28,d8:d7:75:45:81:24,d8:d7:75:45:81:24,FunBox2-8124,-55,1,2412,False,False
1778943549.6649508,control,ack,,d8:d7:75:45:81:24,d8:d7:75:45:81:24,,,,-41,1,2412,False,False
1778943549.6816998,management,probe_request,3a:4f:39:d0:5e:28,ff:ff:ff:ff:ff:ff,ff:ff:ff:ff:ff:ff,3a:4f:39:d0:5e:28,ff:ff:ff:ff:ff:ff,<hidden>,-41,1,2412,False,False
1778943549.6849308,management,probe_response,d8:d7:75:45:81:24,3a:4f:39:d0:5e:28,3a:4f:39:d0:5e:28,d8:d7:75:45:81:24,d8:d7:75:45:81:24,FunBox2-8124,-54,1,2412,False,False
1778943549.6852157,control,ack,,d8:d7:75:45:81:24,d8:d7:75:45:81:24,,,,-41,1,2412,False,False
1778943549.7089906,data,qos_null,aa:23:4f:4d:00:cf,74:ea:3a:a1:53:a6,74:ea:3a:a1:53:a6,aa:23:4f:4d:00:cf,74:ea:3a:a1:53:a6,,-88,1,2412,False,False
1778943549.7727387,management,beacon,d8:d7:75:45:81:24,ff:ff:ff:ff:ff:ff,ff:ff:ff:ff:ff:ff,d8:d7:75:45:81:24,d8:d7:75:45:81:24,FunBox2-8124,-45,1,2412,False,False
1778943549.875153,management,beacon,d8:d7:75:45:81:24,ff:ff:ff:ff:ff:ff,ff:ff:ff:ff:ff:ff,d8:d7:75:45:81:24,d8:d7:75:45:81:24,FunBox2-8124,-43,1,2412,False,False
1778943549.8899124,data,qos_null,aa:23:4f:4d:00:cf,74:ea:3a:a1:53:a6,74:ea:3a:a1:53:a6,aa:23:4f:4d:00:cf,74:ea:3a:a1:53:a6,,-88,1,2412,False,False
1778943549.9784493,data,data,d8:d7:75:45:81:24,ff:ff:ff:ff:ff:ff,ff:ff:ff:ff:ff:ff,d8:d7:75:45:81:24,d8:d7:75:45:81:24,,-43,1,2412,True,False
1778943549.9787762,control,ack,,d8:d7:75:45:81:24,d8:d7:75:45:81:24,,,,-84,1,2412,False,False
1778943549.9790373,data,null_data,50:02:91:e8:18:ec,d8:d7:75:45:81:24,d8:d7:75:45:81:24,50:02:91:e8:18:ec,d8:d7:75:45:81:24,,-82,1,2412,False,False
1778943549.9790397,control,ack,,50:02:91:e8:18:ec,50:02:91:e8:18:ec,,,,-59,1,2412,False,False
1778943549.980196,data,data,d8:d7:75:45:81:24,ff:ff:ff:ff:ff:ff,ff:ff:ff:ff:ff:ff,d8:d7:75:45:81:24,d8:d7:75:45:81:24,,-56,1,2412,True,False
1778943550.0799615,management,beacon,d8:d7:75:45:81:24,ff:ff:ff:ff:ff:ff,ff:ff:ff:ff:ff:ff,d8:d7:75:45:81:24,d8:d7:75:45:81:24,FunBox2-8124,-58,1,2412,False,False
1778943550.1404269,data,null_data,50:02:91:e8:18:ec,d8:d7:75:45:81:24,d8:d7:75:45:81:24,50:02:91:e8:18:ec,d8:d7:75:45:81:24,,-82,1,2412,False,False
1778943550.1405954,data,null_data,50:02:91:e8:18:ec,d8:d7:75:45:81:24,d8:d7:75:45:81:24,50:02:91:e8:18:ec,d8:d7:75:45:81:24,,-82,1,2412,False,True
1778943550.1409433,data,null_data,50:02:91:e8:18:ec,d8:d7:75:45:81:24,d8:d7:75:45:81:24,50:02:91:e8:18:ec,d8:d7:75:45:81:24,,-82,1,2412,False,True
1778943550.1413033,data,null_data,50:02:91:e8:18:ec,d8:d7:75:45:81:24,d8:d7:75:45:81:24,50:02:91:e8:18:ec,d8:d7:75:45:81:24,,-84,1,2412,False,True
1778943550.141852,data,null_data,50:02:91:e8:18:ec,d8:d7:75:45:81:24,d8:d7:75:45:81:24,50:02:91:e8:18:ec,d8:d7:75:45:81:24,,-84,1,2412,False,True
1778943550.142419,data,null_data,50:02:91:e8:18:ec,d8:d7:75:45:81:24,d8:d7:75:45:81:24,50:02:91:e8:18:ec,d8:d7:75:45:81:24,,-83,1,2412,False,True
1778943550.1427364,control,ack,,50:02:91:e8:18:ec,50:02:91:e8:18:ec,,,,-55,1,2412,False,False
1778943550.1824045,management,beacon,d8:d7:75:45:81:24,ff:ff:ff:ff:ff:ff,ff:ff:ff:ff:ff:ff,d8:d7:75:45:81:24,d8:d7:75:45:81:24,FunBox2-8124,-42,1,2412,False,False
1778943550.2847793,management,beacon,d8:d7:75:45:81:24,ff:ff:ff:ff:ff:ff,ff:ff:ff:ff:ff:ff,d8:d7:75:45:81:24,d8:d7:75:45:81:24,FunBox2-8124,-43,1,2412,False,False
1778943550.286465,data,data,d8:d7:75:45:81:24,33:33:00:00:00:16,33:33:00:00:00:16,d8:d7:75:45:81:24,a8:5e:45:c6:9f:b7,,-43,1,2412,True,False
1778943550.286932,control,ack,,d8:d7:75:45:81:24,d8:d7:75:45:81:24,,,,-81,1,2412,False,False
1778943550.2869358,data,null_data,50:02:91:e8:18:ec,d8:d7:75:45:81:24,d8:d7:75:45:81:24,50:02:91:e8:18:ec,d8:d7:75:45:81:24,,-81,1,2412,False,False
1778943550.2869377,control,ack,,50:02:91:e8:18:ec,50:02:91:e8:18:ec,,,,-62,1,2412,False,False
1778943550.3871698,management,beacon,d8:d7:75:45:81:24,ff:ff:ff:ff:ff:ff,ff:ff:ff:ff:ff:ff,d8:d7:75:45:81:24,d8:d7:75:45:81:24,FunBox2-8124,-60,1,2412,False,False
1778943550.4478528,data,null_data,50:02:91:e8:18:ec,d8:d7:75:45:81:24,d8:d7:75:45:81:24,50:02:91:e8:18:ec,d8:d7:75:45:81:24,,-81,1,2412,False,False
1778943550.4478612,control,ack,,50:02:91:e8:18:ec,50:02:91:e8:18:ec,,,,-46,1,2412,False,False
1778943550.5919578,management,beacon,d8:d7:75:45:81:24,ff:ff:ff:ff:ff:ff,ff:ff:ff:ff:ff:ff,d8:d7:75:45:81:24,d8:d7:75:45:81:24,FunBox2-8124,-56,1,2412,False,False
1778943550.6943817,management,beacon,d8:d7:75:45:81:24,ff:ff:ff:ff:ff:ff,ff:ff:ff:ff:ff:ff,d8:d7:75:45:81:24,d8:d7:75:45:81:24,FunBox2-8124,-43,1,2412,False,False
1778943550.7967987,management,beacon,d8:d7:75:45:81:24,ff:ff:ff:ff:ff:ff,ff:ff:ff:ff:ff:ff,d8:d7:75:45:81:24,d8:d7:75:45:81:24,FunBox2-8124,-44,1,2412,False,False
1778943550.8991733,management,beacon,d8:d7:75:45:81:24,ff:ff:ff:ff:ff:ff,ff:ff:ff:ff:ff:ff,d8:d7:75:45:81:24,d8:d7:75:45:81:24,FunBox2-8124,-44,1,2412,False,False
1778943551.1040034,management,beacon,d8:d7:75:45:81:24,ff:ff:ff:ff:ff:ff,ff:ff:ff:ff:ff:ff,d8:d7:75:45:81:24,d8:d7:75:45:81:24,FunBox2-8124,-51,1,2412,False,False
1778943551.2064323,management,beacon,d8:d7:75:45:81:24,ff:ff:ff:ff:ff:ff,ff:ff:ff:ff:ff:ff,d8:d7:75:45:81:24,d8:d7:75:45:81:24,FunBox2-8124,-44,1,2412,False,False
1778943551.2076068,data,null_data,50:02:91:e8:18:ec,d8:d7:75:45:81:24,d8:d7:75:45:81:24,50:02:91:e8:18:ec,d8:d7:75:45:81:24,,-81,1,2412,False,False
1778943551.207612,control,ack,,50:02:91:e8:18:ec,50:02:91:e8:18:ec,,,,-47,1,2412,False,False
1778943551.20818,management,action,d8:d7:75:45:81:24,50:02:91:e8:18:ec,50:02:91:e8:18:ec,d8:d7:75:45:81:24,d8:d7:75:45:81:24,,-53,1,2412,False,False
1778943551.2084959,control,ack,,d8:d7:75:45:81:24,d8:d7:75:45:81:24,,,,-87,1,2412,False,False
1778943551.2088432,management,action,50:02:91:e8:18:ec,d8:d7:75:45:81:24,d8:d7:75:45:81:24,50:02:91:e8:18:ec,d8:d7:75:45:81:24,,-82,1,2412,False,False
1778943551.208846,control,ack,,50:02:91:e8:18:ec,50:02:91:e8:18:ec,,,,-54,1,2412,False,False
1778943551.3087783,management,beacon,d8:d7:75:45:81:24,ff:ff:ff:ff:ff:ff,ff:ff:ff:ff:ff:ff,d8:d7:75:45:81:24,d8:d7:75:45:81:24,FunBox2-8124,-43,1,2412,False,False
1778943551.3696284,data,null_data,50:02:91:e8:18:ec,d8:d7:75:45:81:24,d8:d7:75:45:81:24,50:02:91:e8:18:ec,d8:d7:75:45:81:24,,-83,1,2412,False,False
1778943551.3696408,control,ack,,50:02:91:e8:18:ec,50:02:91:e8:18:ec,,,,-54,1,2412,False,False
1778943551.4127095,management,beacon,d8:d7:75:45:81:24,ff:ff:ff:ff:ff:ff,ff:ff:ff:ff:ff:ff,d8:d7:75:45:81:24,d8:d7:75:45:81:24,FunBox2-8124,-51,1,2412,False,False
1778943551.4810116,data,qos_null,aa:23:4f:4d:00:cf,74:ea:3a:a1:53:a6,74:ea:3a:a1:53:a6,aa:23:4f:4d:00:cf,74:ea:3a:a1:53:a6,,-86,1,2412,False,False
1778943551.615983,management,beacon,d8:d7:75:45:81:24,ff:ff:ff:ff:ff:ff,ff:ff:ff:ff:ff:ff,d8:d7:75:45:81:24,d8:d7:75:45:81:24,FunBox2-8124,-44,1,2412,False,False
1778943551.6304877,data,qos_null,aa:23:4f:4d:00:cf,74:ea:3a:a1:53:a6,74:ea:3a:a1:53:a6,aa:23:4f:4d:00:cf,74:ea:3a:a1:53:a6,,-90,1,2412,False,False
1778943551.655732,data,qos_null,aa:23:4f:4d:00:cf,74:ea:3a:a1:53:a6,74:ea:3a:a1:53:a6,aa:23:4f:4d:00:cf,74:ea:3a:a1:53:a6,,-88,1,2412,False,False
1778943551.718432,management,beacon,d8:d7:75:45:81:24,ff:ff:ff:ff:ff:ff,ff:ff:ff:ff:ff:ff,d8:d7:75:45:81:24,d8:d7:75:45:81:24,FunBox2-8124,-44,1,2412,False,False
1778943551.820802,management,beacon,d8:d7:75:45:81:24,ff:ff:ff:ff:ff:ff,ff:ff:ff:ff:ff:ff,d8:d7:75:45:81:24,d8:d7:75:45:81:24,FunBox2-8124,-45,1,2412,False,False
1778943551.923254,management,beacon,d8:d7:75:45:81:24,ff:ff:ff:ff:ff:ff,ff:ff:ff:ff:ff:ff,d8:d7:75:45:81:24,d8:d7:75:45:81:24,FunBox2-8124,-50,1,2412,False,False
1778943551.93573,data,qos_null,aa:23:4f:4d:00:cf,74:ea:3a:a1:53:a6,74:ea:3a:a1:53:a6,aa:23:4f:4d:00:cf,74:ea:3a:a1:53:a6,,-90,1,2412,False,False
1778943552.0256217,management,beacon,d8:d7:75:45:81:24,ff:ff:ff:ff:ff:ff,ff:ff:ff:ff:ff:ff,d8:d7:75:45:81:24,d8:d7:75:45:81:24,FunBox2-8124,-48,1,2412,False,False
1778943552.0361166,data,qos_null,aa:23:4f:4d:00:cf,74:ea:3a:a1:53:a6,74:ea:3a:a1:53:a6,aa:23:4f:4d:00:cf,74:ea:3a:a1:53:a6,,-89,1,2412,False,False
1778943552.096377,data,qos_null,aa:23:4f:4d:00:cf,74:ea:3a:a1:53:a6,74:ea:3a:a1:53:a6,aa:23:4f:4d:00:cf,74:ea:3a:a1:53:a6,,-87,1,2412,False,False
1778943552.128718,management,beacon,d8:d7:75:45:81:24,ff:ff:ff:ff:ff:ff,ff:ff:ff:ff:ff:ff,d8:d7:75:45:81:24,d8:d7:75:45:81:24,FunBox2-8124,-51,1,2412,False,False
1778943552.1956122,data,qos_null,aa:23:4f:4d:00:cf,74:ea:3a:a1:53:a6,74:ea:3a:a1:53:a6,aa:23:4f:4d:00:cf,74:ea:3a:a1:53:a6,,-88,1,2412,False,False
1778943552.2447302,management,beacon,d8:d7:75:45:81:24,ff:ff:ff:ff:ff:ff,ff:ff:ff:ff:ff:ff,d8:d7:75:45:81:24,d8:d7:75:45:81:24,FunBox2-8124,-53,1,2412,False,False
1778943552.2553837,data,qos_null,aa:23:4f:4d:00:cf,74:ea:3a:a1:53:a6,74:ea:3a:a1:53:a6,aa:23:4f:4d:00:cf,74:ea:3a:a1:53:a6,,-91,1,2412,False,False
1778943552.2806132,data,qos_null,aa:23:4f:4d:00:cf,74:ea:3a:a1:53:a6,74:ea:3a:a1:53:a6,aa:23:4f:4d:00:cf,74:ea:3a:a1:53:a6,,-90,1,2412,False,False
1778943552.3328235,management,beacon,d8:d7:75:45:81:24,ff:ff:ff:ff:ff:ff,ff:ff:ff:ff:ff:ff,d8:d7:75:45:81:24,d8:d7:75:45:81:24,FunBox2-8124,-53,1,2412,False,False
1778943552.5431907,data,null_data,50:02:91:e8:18:ec,d8:d7:75:45:81:24,d8:d7:75:45:81:24,50:02:91:e8:18:ec,d8:d7:75:45:81:24,,-82,1,2412,False,False
1778943552.5431979,control,ack,,50:02:91:e8:18:ec,50:02:91:e8:18:ec,,,,-59,1,2412,False,False
1778943552.6407778,management,beacon,d8:d7:75:45:81:24,ff:ff:ff:ff:ff:ff,ff:ff:ff:ff:ff:ff,d8:d7:75:45:81:24,d8:d7:75:45:81:24,FunBox2-8124,-56,1,2412,False,False
1778943552.7040653,data,null_data,50:02:91:e8:18:ec,d8:d7:75:45:81:24,d8:d7:75:45:81:24,50:02:91:e8:18:ec,d8:d7:75:45:81:24,,-82,1,2412,False,False
1778943552.7040792,control,ack,,50:02:91:e8:18:ec,50:02:91:e8:18:ec,,,,-56,1,2412,False,False
1778943552.7424753,management,beacon,d8:d7:75:45:81:24,ff:ff:ff:ff:ff:ff,ff:ff:ff:ff:ff:ff,d8:d7:75:45:81:24,d8:d7:75:45:81:24,FunBox2-8124,-42,1,2412,False,False
1778943552.814261,data,qos_null,aa:23:4f:4d:00:cf,74:ea:3a:a1:53:a6,74:ea:3a:a1:53:a6,aa:23:4f:4d:00:cf,74:ea:3a:a1:53:a6,,-88,1,2412,False,False
1778943552.8448339,management,beacon,d8:d7:75:45:81:24,ff:ff:ff:ff:ff:ff,ff:ff:ff:ff:ff:ff,d8:d7:75:45:81:24,d8:d7:75:45:81:24,FunBox2-8124,-52,1,2412,False,False
1778943552.9472456,management,beacon,d8:d7:75:45:81:24,ff:ff:ff:ff:ff:ff,ff:ff:ff:ff:ff:ff,d8:d7:75:45:81:24,d8:d7:75:45:81:24,FunBox2-8124,-50,1,2412,False,False
1778943553.008639,data,qos_null,aa:23:4f:4d:00:cf,74:ea:3a:a1:53:a6,74:ea:3a:a1:53:a6,aa:23:4f:4d:00:cf,74:ea:3a:a1:53:a6,,-89,1,2412,False,False
1778943553.0496469,management,beacon,d8:d7:75:45:81:24,ff:ff:ff:ff:ff:ff,ff:ff:ff:ff:ff:ff,d8:d7:75:45:81:24,d8:d7:75:45:81:24,FunBox2-8124,-43,1,2412,False,False
1778943553.0508375,control,ack,,50:02:91:e8:18:ec,50:02:91:e8:18:ec,,,,-46,1,2412,False,False
1778943553.0687847,data,qos_null,aa:23:4f:4d:00:cf,74:ea:3a:a1:53:a6,74:ea:3a:a1:53:a6,aa:23:4f:4d:00:cf,74:ea:3a:a1:53:a6,,-88,1,2412,False,False
1778943553.0940473,data,qos_null,aa:23:4f:4d:00:cf,74:ea:3a:a1:53:a6,74:ea:3a:a1:53:a6,aa:23:4f:4d:00:cf,74:ea:3a:a1:53:a6,,-88,1,2412,False,False
1778943553.101404,data,data,d8:d7:75:45:81:24,01:00:5e:00:00:fb,01:00:5e:00:00:fb,d8:d7:75:45:81:24,e6:12:a8:93:5a:78,,-42,1,2412,True,False
1778943553.1017087,control,ack,,d8:d7:75:45:81:24,d8:d7:75:45:81:24,,,,-89,1,2412,False,False
1778943553.1033385,data,data,d8:d7:75:45:81:24,33:33:00:00:00:fb,33:33:00:00:00:fb,d8:d7:75:45:81:24,e6:12:a8:93:5a:78,,-49,1,2412,True,False
1778943553.1036522,control,ack,,d8:d7:75:45:81:24,d8:d7:75:45:81:24,,,,-89,1,2412,False,False
1778943553.1520498,management,beacon,d8:d7:75:45:81:24,ff:ff:ff:ff:ff:ff,ff:ff:ff:ff:ff:ff,d8:d7:75:45:81:24,d8:d7:75:45:81:24,FunBox2-8124,-42,1,2412,False,False
1778943553.2640817,data,null_data,50:02:91:e8:18:ec,d8:d7:75:45:81:24,d8:d7:75:45:81:24,50:02:91:e8:18:ec,d8:d7:75:45:81:24,,-82,1,2412,False,False
1778943553.2640896,control,ack,,50:02:91:e8:18:ec,50:02:91:e8:18:ec,,,,-54,1,2412,False,False
1778943553.4595413,management,beacon,d8:d7:75:45:81:24,ff:ff:ff:ff:ff:ff,ff:ff:ff:ff:ff:ff,d8:d7:75:45:81:24,d8:d7:75:45:81:24,FunBox2-8124,-48,1,2412,False,False
1778943553.6640768,management,beacon,d8:d7:75:45:81:24,ff:ff:ff:ff:ff:ff,ff:ff:ff:ff:ff:ff,d8:d7:75:45:81:24,d8:d7:75:45:81:24,FunBox2-8124,-44,1,2412,False,False
1778943553.7664902,management,beacon,d8:d7:75:45:81:24,ff:ff:ff:ff:ff:ff,ff:ff:ff:ff:ff:ff,d8:d7:75:45:81:24,d8:d7:75:45:81:24,FunBox2-8124,-48,1,2412,False,False
1778943553.8598177,data,qos_null,aa:23:4f:4d:00:cf,74:ea:3a:a1:53:a6,74:ea:3a:a1:53:a6,aa:23:4f:4d:00:cf,74:ea:3a:a1:53:a6,,-90,1,2412,False,False
1778943553.8688788,management,beacon,d8:d7:75:45:81:24,ff:ff:ff:ff:ff:ff,ff:ff:ff:ff:ff:ff,d8:d7:75:45:81:24,d8:d7:75:45:81:24,FunBox2-8124,-44,1,2412,False,False
1778943553.9581401,data,qos_null,aa:23:4f:4d:00:cf,74:ea:3a:a1:53:a6,74:ea:3a:a1:53:a6,aa:23:4f:4d:00:cf,74:ea:3a:a1:53:a6,,-90,1,2412,False,False
1778943553.971294,management,beacon,d8:d7:75:45:81:24,ff:ff:ff:ff:ff:ff,ff:ff:ff:ff:ff:ff,d8:d7:75:45:81:24,d8:d7:75:45:81:24,FunBox2-8124,-48,1,2412,False,False
1778943554.0182927,data,qos_null,aa:23:4f:4d:00:cf,74:ea:3a:a1:53:a6,74:ea:3a:a1:53:a6,aa:23:4f:4d:00:cf,74:ea:3a:a1:53:a6,,-90,1,2412,False,False
1778943554.073662,management,beacon,d8:d7:75:45:81:24,ff:ff:ff:ff:ff:ff,ff:ff:ff:ff:ff:ff,d8:d7:75:45:81:24,d8:d7:75:45:81:24,FunBox2-8124,-43,1,2412,False,False
1778943554.1760995,management,beacon,d8:d7:75:45:81:24,ff:ff:ff:ff:ff:ff,ff:ff:ff:ff:ff:ff,d8:d7:75:45:81:24,d8:d7:75:45:81:24,FunBox2-8124,-44,1,2412,False,False
1778943554.2784827,management,beacon,d8:d7:75:45:81:24,ff:ff:ff:ff:ff:ff,ff:ff:ff:ff:ff:ff,d8:d7:75:45:81:24,d8:d7:75:45:81:24,FunBox2-8124,-47,1,2412,False,False
1778943554.3808706,management,beacon,d8:d7:75:45:81:24,ff:ff:ff:ff:ff:ff,ff:ff:ff:ff:ff:ff,d8:d7:75:45:81:24,d8:d7:75:45:81:24,FunBox2-8124,-46,1,2412,False,False
1778943554.3820658,data,null_data,50:02:91:e8:18:ec,d8:d7:75:45:81:24,d8:d7:75:45:81:24,50:02:91:e8:18:ec,d8:d7:75:45:81:24,,-82,1,2412,False,False
1778943554.382071,control,ack,,50:02:91:e8:18:ec,50:02:91:e8:18:ec,,,,-46,1,2412,False,False
1778943554.4832854,management,beacon,d8:d7:75:45:81:24,ff:ff:ff:ff:ff:ff,ff:ff:ff:ff:ff:ff,d8:d7:75:45:81:24,d8:d7:75:45:81:24,FunBox2-8124,-44,1,2412,False,False
1778943554.543563,control,ack,,50:02:91:e8:18:ec,50:02:91:e8:18:ec,,,,-42,1,2412,False,False
1778943554.5857618,management,beacon,d8:d7:75:45:81:24,ff:ff:ff:ff:ff:ff,ff:ff:ff:ff:ff:ff,d8:d7:75:45:81:24,d8:d7:75:45:81:24,FunBox2-8124,-47,1,2412,False,False
1778943554.688806,management,beacon,d8:d7:75:45:81:24,ff:ff:ff:ff:ff:ff,ff:ff:ff:ff:ff:ff,d8:d7:75:45:81:24,d8:d7:75:45:81:24,FunBox2-8124,-47,1,2412,False,False
1778943554.790505,management,beacon,d8:d7:75:45:81:24,ff:ff:ff:ff:ff:ff,ff:ff:ff:ff:ff:ff,d8:d7:75:45:81:24,d8:d7:75:45:81:24,FunBox2-8124,-48,1,2412,False,False
1778943554.8929548,management,beacon,d8:d7:75:45:81:24,ff:ff:ff:ff:ff:ff,ff:ff:ff:ff:ff:ff,d8:d7:75:45:81:24,d8:d7:75:45:81:24,FunBox2-8124,-44,1,2412,False,False
1778943554.9953196,management,beacon,d8:d7:75:45:81:24,ff:ff:ff:ff:ff:ff,ff:ff:ff:ff:ff:ff,d8:d7:75:45:81:24,d8:d7:75:45:81:24,FunBox2-8124,-49,1,2412,False,False
1778943555.2001507,management,beacon,d8:d7:75:45:81:24,ff:ff:ff:ff:ff:ff,ff:ff:ff:ff:ff:ff,d8:d7:75:45:81:24,d8:d7:75:45:81:24,FunBox2-8124,-45,1,2412,False,False
1778943555.30253,management,beacon,d8:d7:75:45:81:24,ff:ff:ff:ff:ff:ff,ff:ff:ff:ff:ff:ff,d8:d7:75:45:81:24,d8:d7:75:45:81:24,FunBox2-8124,-44,1,2412,False,False
1778943555.5074105,management,beacon,d8:d7:75:45:81:24,ff:ff:ff:ff:ff:ff,ff:ff:ff:ff:ff:ff,d8:d7:75:45:81:24,d8:d7:75:45:81:24,FunBox2-8124,-45,1,2412,False,False
1778943555.609748,management,beacon,d8:d7:75:45:81:24,ff:ff:ff:ff:ff:ff,ff:ff:ff:ff:ff:ff,d8:d7:75:45:81:24,d8:d7:75:45:81:24,FunBox2-8124,-47,1,2412,False,False
1778943555.7121856,management,beacon,d8:d7:75:45:81:24,ff:ff:ff:ff:ff:ff,ff:ff:ff:ff:ff:ff,d8:d7:75:45:81:24,d8:d7:75:45:81:24,FunBox2-8124,-47,1,2412,False,False
1778943555.8145826,management,beacon,d8:d7:75:45:81:24,ff:ff:ff:ff:ff:ff,ff:ff:ff:ff:ff:ff,d8:d7:75:45:81:24,d8:d7:75:45:81:24,FunBox2-8124,-46,1,2412,False,False
1778943555.8157406,data,null_data,50:02:91:e8:18:ec,d8:d7:75:45:81:24,d8:d7:75:45:81:24,50:02:91:e8:18:ec,d8:d7:75:45:81:24,,-80,1,2412,False,False
1778943555.8587625,data,null_data,8e:8e:6f:93:93:5f,70:0b:01:45:f0:90,70:0b:01:45:f0:90,8e:8e:6f:93:93:5f,70:0b:01:45:f0:90,,-90,1,2412,False,True
1778943555.97655,data,null_data,50:02:91:e8:18:ec,d8:d7:75:45:81:24,d8:d7:75:45:81:24,50:02:91:e8:18:ec,d8:d7:75:45:81:24,,-82,1,2412,False,False
1778943555.9767966,data,null_data,50:02:91:e8:18:ec,d8:d7:75:45:81:24,d8:d7:75:45:81:24,50:02:91:e8:18:ec,d8:d7:75:45:81:24,,-81,1,2412,False,True
1778943555.9767985,control,ack,,50:02:91:e8:18:ec,50:02:91:e8:18:ec,,,,-58,1,2412,False,False
1778943556.0194173,management,beacon,d8:d7:75:45:81:24,ff:ff:ff:ff:ff:ff,ff:ff:ff:ff:ff:ff,d8:d7:75:45:81:24,d8:d7:75:45:81:24,FunBox2-8124,-48,1,2412,False,False
1778943556.1218162,management,beacon,d8:d7:75:45:81:24,ff:ff:ff:ff:ff:ff,ff:ff:ff:ff:ff:ff,d8:d7:75:45:81:24,d8:d7:75:45:81:24,FunBox2-8124,-58,1,2412,False,False
1778943556.2241511,management,beacon,d8:d7:75:45:81:24,ff:ff:ff:ff:ff:ff,ff:ff:ff:ff:ff:ff,d8:d7:75:45:81:24,d8:d7:75:45:81:24,FunBox2-8124,-45,1,2412,False,False
1778943556.3265615,management,beacon,d8:d7:75:45:81:24,ff:ff:ff:ff:ff:ff,ff:ff:ff:ff:ff:ff,d8:d7:75:45:81:24,d8:d7:75:45:81:24,FunBox2-8124,-49,1,2412,False,False
1778943556.429005,management,beacon,d8:d7:75:45:81:24,ff:ff:ff:ff:ff:ff,ff:ff:ff:ff:ff:ff,d8:d7:75:45:81:24,d8:d7:75:45:81:24,FunBox2-8124,-45,1,2412,False,False
1778943556.5313945,management,beacon,d8:d7:75:45:81:24,ff:ff:ff:ff:ff:ff,ff:ff:ff:ff:ff:ff,d8:d7:75:45:81:24,d8:d7:75:45:81:24,FunBox2-8124,-45,1,2412,False,False
1778943556.6342018,management,beacon,d8:d7:75:45:81:24,ff:ff:ff:ff:ff:ff,ff:ff:ff:ff:ff:ff,d8:d7:75:45:81:24,d8:d7:75:45:81:24,FunBox2-8124,-40,1,2412,False,False
1778943556.7362206,management,beacon,d8:d7:75:45:81:24,ff:ff:ff:ff:ff:ff,ff:ff:ff:ff:ff:ff,d8:d7:75:45:81:24,d8:d7:75:45:81:24,FunBox2-8124,-39,1,2412,False,False
1778943556.8386486,management,beacon,d8:d7:75:45:81:24,ff:ff:ff:ff:ff:ff,ff:ff:ff:ff:ff:ff,d8:d7:75:45:81:24,d8:d7:75:45:81:24,FunBox2-8124,-41,1,2412,False,False
1778943556.9410532,management,beacon,d8:d7:75:45:81:24,ff:ff:ff:ff:ff:ff,ff:ff:ff:ff:ff:ff,d8:d7:75:45:81:24,d8:d7:75:45:81:24,FunBox2-8124,-45,1,2412,False,False
1778943557.0434349,management,beacon,d8:d7:75:45:81:24,ff:ff:ff:ff:ff:ff,ff:ff:ff:ff:ff:ff,d8:d7:75:45:81:24,d8:d7:75:45:81:24,FunBox2-8124,-45,1,2412,False,False
1778943557.145805,management,beacon,d8:d7:75:45:81:24,ff:ff:ff:ff:ff:ff,ff:ff:ff:ff:ff:ff,d8:d7:75:45:81:24,d8:d7:75:45:81:24,FunBox2-8124,-45,1,2412,False,False
1778943557.2482033,management,beacon,d8:d7:75:45:81:24,ff:ff:ff:ff:ff:ff,ff:ff:ff:ff:ff:ff,d8:d7:75:45:81:24,d8:d7:75:45:81:24,FunBox2-8124,-48,1,2412,False,False
1778943557.3506215,management,beacon,d8:d7:75:45:81:24,ff:ff:ff:ff:ff:ff,ff:ff:ff:ff:ff:ff,d8:d7:75:45:81:24,d8:d7:75:45:81:24,FunBox2-8124,-38,1,2412,False,False
1778943557.3518355,data,null_data,50:02:91:e8:18:ec,d8:d7:75:45:81:24,d8:d7:75:45:81:24,50:02:91:e8:18:ec,d8:d7:75:45:81:24,,-82,1,2412,False,False
1778943557.3518417,control,ack,,50:02:91:e8:18:ec,50:02:91:e8:18:ec,,,,-41,1,2412,False,False
1778943557.512801,data,null_data,50:02:91:e8:18:ec,d8:d7:75:45:81:24,d8:d7:75:45:81:24,50:02:91:e8:18:ec,d8:d7:75:45:81:24,,-83,1,2412,False,True
1778943557.5131154,data,null_data,50:02:91:e8:18:ec,d8:d7:75:45:81:24,d8:d7:75:45:81:24,50:02:91:e8:18:ec,d8:d7:75:45:81:24,,-83,1,2412,False,True
1778943557.5134938,data,null_data,50:02:91:e8:18:ec,d8:d7:75:45:81:24,d8:d7:75:45:81:24,50:02:91:e8:18:ec,d8:d7:75:45:81:24,,-84,1,2412,False,True
1778943557.516314,data,null_data,50:02:91:e8:18:ec,d8:d7:75:45:81:24,d8:d7:75:45:81:24,50:02:91:e8:18:ec,d8:d7:75:45:81:24,,-84,1,2412,False,True
1778943557.516629,control,ack,,50:02:91:e8:18:ec,50:02:91:e8:18:ec,,,,-41,1,2412,False,False
1778943557.555414,management,beacon,d8:d7:75:45:81:24,ff:ff:ff:ff:ff:ff,ff:ff:ff:ff:ff:ff,d8:d7:75:45:81:24,d8:d7:75:45:81:24,FunBox2-8124,-48,1,2412,False,False
1778943557.6578412,management,beacon,d8:d7:75:45:81:24,ff:ff:ff:ff:ff:ff,ff:ff:ff:ff:ff:ff,d8:d7:75:45:81:24,d8:d7:75:45:81:24,FunBox2-8124,-46,1,2412,False,False
1778943557.760229,management,beacon,d8:d7:75:45:81:24,ff:ff:ff:ff:ff:ff,ff:ff:ff:ff:ff:ff,d8:d7:75:45:81:24,d8:d7:75:45:81:24,FunBox2-8124,-42,1,2412,False,False
1778943557.862616,management,beacon,d8:d7:75:45:81:24,ff:ff:ff:ff:ff:ff,ff:ff:ff:ff:ff:ff,d8:d7:75:45:81:24,d8:d7:75:45:81:24,FunBox2-8124,-43,1,2412,False,False
1778943557.965035,management,beacon,d8:d7:75:45:81:24,ff:ff:ff:ff:ff:ff,ff:ff:ff:ff:ff:ff,d8:d7:75:45:81:24,d8:d7:75:45:81:24,FunBox2-8124,-42,1,2412,False,False
1778943558.0674849,management,beacon,d8:d7:75:45:81:24,ff:ff:ff:ff:ff:ff,ff:ff:ff:ff:ff:ff,d8:d7:75:45:81:24,d8:d7:75:45:81:24,FunBox2-8124,-43,1,2412,False,False
1778943558.1698365,management,beacon,d8:d7:75:45:81:24,ff:ff:ff:ff:ff:ff,ff:ff:ff:ff:ff:ff,d8:d7:75:45:81:24,d8:d7:75:45:81:24,FunBox2-8124,-45,1,2412,False,False
1778943558.2722487,management,beacon,d8:d7:75:45:81:24,ff:ff:ff:ff:ff:ff,ff:ff:ff:ff:ff:ff,d8:d7:75:45:81:24,d8:d7:75:45:81:24,FunBox2-8124,-42,1,2412,False,False
1778943558.374627,management,beacon,d8:d7:75:45:81:24,ff:ff:ff:ff:ff:ff,ff:ff:ff:ff:ff:ff,d8:d7:75:45:81:24,d8:d7:75:45:81:24,FunBox2-8124,-45,1,2412,False,False
1778943558.4770727,management,beacon,d8:d7:75:45:81:24,ff:ff:ff:ff:ff:ff,ff:ff:ff:ff:ff:ff,d8:d7:75:45:81:24,d8:d7:75:45:81:24,FunBox2-8124,-46,1,2412,False,False
1778943558.5794795,management,beacon,d8:d7:75:45:81:24,ff:ff:ff:ff:ff:ff,ff:ff:ff:ff:ff:ff,d8:d7:75:45:81:24,d8:d7:75:45:81:24,FunBox2-8124,-45,1,2412,False,False
1778943558.6818898,management,beacon,d8:d7:75:45:81:24,ff:ff:ff:ff:ff:ff,ff:ff:ff:ff:ff:ff,d8:d7:75:45:81:24,d8:d7:75:45:81:24,FunBox2-8124,-41,1,2412,False,False
1778943558.7842574,management,beacon,d8:d7:75:45:81:24,ff:ff:ff:ff:ff:ff,ff:ff:ff:ff:ff:ff,d8:d7:75:45:81:24,d8:d7:75:45:81:24,FunBox2-8124,-44,1,2412,False,False
1778943558.886651,management,beacon,d8:d7:75:45:81:24,ff:ff:ff:ff:ff:ff,ff:ff:ff:ff:ff:ff,d8:d7:75:45:81:24,d8:d7:75:45:81:24,FunBox2-8124,-44,1,2412,False,False
1778943558.8878949,data,null_data,50:02:91:e8:18:ec,d8:d7:75:45:81:24,d8:d7:75:45:81:24,50:02:91:e8:18:ec,d8:d7:75:45:81:24,,-80,1,2412,False,False
1778943558.887901,control,ack,,50:02:91:e8:18:ec,50:02:91:e8:18:ec,,,,-48,1,2412,False,False
1778943558.989077,management,beacon,d8:d7:75:45:81:24,ff:ff:ff:ff:ff:ff,ff:ff:ff:ff:ff:ff,d8:d7:75:45:81:24,d8:d7:75:45:81:24,FunBox2-8124,-45,1,2412,False,False
1778943559.0487254,data,null_data,50:02:91:e8:18:ec,d8:d7:75:45:81:24,d8:d7:75:45:81:24,50:02:91:e8:18:ec,d8:d7:75:45:81:24,,-80,1,2412,False,False
1778943559.0489192,data,null_data,50:02:91:e8:18:ec,d8:d7:75:45:81:24,d8:d7:75:45:81:24,50:02:91:e8:18:ec,d8:d7:75:45:81:24,,-80,1,2412,False,True
1778943559.0492477,data,null_data,50:02:91:e8:18:ec,d8:d7:75:45:81:24,d8:d7:75:45:81:24,50:02:91:e8:18:ec,d8:d7:75:45:81:24,,-81,1,2412,False,True
1778943559.0501475,data,null_data,50:02:91:e8:18:ec,d8:d7:75:45:81:24,d8:d7:75:45:81:24,50:02:91:e8:18:ec,d8:d7:75:45:81:24,,-80,1,2412,False,True
1778943559.0507045,data,null_data,50:02:91:e8:18:ec,d8:d7:75:45:81:24,d8:d7:75:45:81:24,50:02:91:e8:18:ec,d8:d7:75:45:81:24,,-82,1,2412,False,True
1778943559.0512807,data,null_data,50:02:91:e8:18:ec,d8:d7:75:45:81:24,d8:d7:75:45:81:24,50:02:91:e8:18:ec,d8:d7:75:45:81:24,,-82,1,2412,False,True
1778943559.0515969,control,ack,,50:02:91:e8:18:ec,50:02:91:e8:18:ec,,,,-42,1,2412,False,False
1778943559.091482,management,beacon,d8:d7:75:45:81:24,ff:ff:ff:ff:ff:ff,ff:ff:ff:ff:ff:ff,d8:d7:75:45:81:24,d8:d7:75:45:81:24,FunBox2-8124,-46,1,2412,False,False
1778943559.1939068,management,beacon,d8:d7:75:45:81:24,ff:ff:ff:ff:ff:ff,ff:ff:ff:ff:ff:ff,d8:d7:75:45:81:24,d8:d7:75:45:81:24,FunBox2-8124,-46,1,2412,False,False
1778943559.2963026,management,beacon,d8:d7:75:45:81:24,ff:ff:ff:ff:ff:ff,ff:ff:ff:ff:ff:ff,d8:d7:75:45:81:24,d8:d7:75:45:81:24,FunBox2-8124,-43,1,2412,False,False
1778943559.398708,management,beacon,d8:d7:75:45:81:24,ff:ff:ff:ff:ff:ff,ff:ff:ff:ff:ff:ff,d8:d7:75:45:81:24,d8:d7:75:45:81:24,FunBox2-8124,-44,1,2412,False,False
1778943559.5010874,management,beacon,d8:d7:75:45:81:24,ff:ff:ff:ff:ff:ff,ff:ff:ff:ff:ff:ff,d8:d7:75:45:81:24,d8:d7:75:45:81:24,FunBox2-8124,-44,1,2412,False,False
1778943559.6034777,management,beacon,d8:d7:75:45:81:24,ff:ff:ff:ff:ff:ff,ff:ff:ff:ff:ff:ff,d8:d7:75:45:81:24,d8:d7:75:45:81:24,FunBox2-8124,-43,1,2412,False,False
1778943559.6198454,data,null_data,50:02:91:e8:18:ec,d8:d7:75:45:81:24,d8:d7:75:45:81:24,50:02:91:e8:18:ec,d8:d7:75:45:81:24,,-83,1,2412,False,False
1778943559.6198566,control,ack,,50:02:91:e8:18:ec,50:02:91:e8:18:ec,,,,-46,1,2412,False,False
1778943559.6204872,data,null_data,50:02:91:e8:18:ec,d8:d7:75:45:81:24,d8:d7:75:45:81:24,50:02:91:e8:18:ec,d8:d7:75:45:81:24,,-82,1,2412,False,True
1778943559.6204896,control,ack,,50:02:91:e8:18:ec,50:02:91:e8:18:ec,,,,-48,1,2412,False,False
1778943559.7059188,management,beacon,d8:d7:75:45:81:24,ff:ff:ff:ff:ff:ff,ff:ff:ff:ff:ff:ff,d8:d7:75:45:81:24,d8:d7:75:45:81:24,FunBox2-8124,-47,1,2412,False,False
1778943559.78185,control,ack,,50:02:91:e8:18:ec,50:02:91:e8:18:ec,,,,-48,1,2412,False,False
1778943559.9107118,management,beacon,d8:d7:75:45:81:24,ff:ff:ff:ff:ff:ff,ff:ff:ff:ff:ff:ff,d8:d7:75:45:81:24,d8:d7:75:45:81:24,FunBox2-8124,-46,1,2412,False,False
1778943560.0131638,management,beacon,d8:d7:75:45:81:24,ff:ff:ff:ff:ff:ff,ff:ff:ff:ff:ff:ff,d8:d7:75:45:81:24,d8:d7:75:45:81:24,FunBox2-8124,-49,1,2412,False,False
1778943560.115511,management,beacon,d8:d7:75:45:81:24,ff:ff:ff:ff:ff:ff,ff:ff:ff:ff:ff:ff,d8:d7:75:45:81:24,d8:d7:75:45:81:24,FunBox2-8124,-48,1,2412,False,False
1778943560.1166537,control,ack,,50:02:91:e8:18:ec,50:02:91:e8:18:ec,,,,-52,1,2412,False,False
1778943560.2179205,management,beacon,d8:d7:75:45:81:24,ff:ff:ff:ff:ff:ff,ff:ff:ff:ff:ff:ff,d8:d7:75:45:81:24,d8:d7:75:45:81:24,FunBox2-8124,-53,1,2412,False,False
1778943560.2775197,data,null_data,50:02:91:e8:18:ec,d8:d7:75:45:81:24,d8:d7:75:45:81:24,50:02:91:e8:18:ec,d8:d7:75:45:81:24,,-82,1,2412,False,False
1778943560.2775333,control,ack,,50:02:91:e8:18:ec,50:02:91:e8:18:ec,,,,-47,1,2412,False,False
1778943560.422712,management,beacon,d8:d7:75:45:81:24,ff:ff:ff:ff:ff:ff,ff:ff:ff:ff:ff:ff,d8:d7:75:45:81:24,d8:d7:75:45:81:24,FunBox2-8124,-48,1,2412,False,False
1778943560.525144,management,beacon,d8:d7:75:45:81:24,ff:ff:ff:ff:ff:ff,ff:ff:ff:ff:ff:ff,d8:d7:75:45:81:24,d8:d7:75:45:81:24,FunBox2-8124,-44,1,2412,False,False
1778943560.6275554,management,beacon,d8:d7:75:45:81:24,ff:ff:ff:ff:ff:ff,ff:ff:ff:ff:ff:ff,d8:d7:75:45:81:24,d8:d7:75:45:81:24,FunBox2-8124,-45,1,2412,False,False
1778943560.729941,management,beacon,d8:d7:75:45:81:24,ff:ff:ff:ff:ff:ff,ff:ff:ff:ff:ff:ff,d8:d7:75:45:81:24,d8:d7:75:45:81:24,FunBox2-8124,-45,1,2412,False,False
1778943560.849149,data,qos_null,aa:23:4f:4d:00:cf,74:ea:3a:a1:53:a6,74:ea:3a:a1:53:a6,aa:23:4f:4d:00:cf,74:ea:3a:a1:53:a6,,-88,1,2412,False,False
1778943560.9347625,management,beacon,d8:d7:75:45:81:24,ff:ff:ff:ff:ff:ff,ff:ff:ff:ff:ff:ff,d8:d7:75:45:81:24,d8:d7:75:45:81:24,FunBox2-8124,-43,1,2412,False,False
1778943561.0371273,management,beacon,d8:d7:75:45:81:24,ff:ff:ff:ff:ff:ff,ff:ff:ff:ff:ff:ff,d8:d7:75:45:81:24,d8:d7:75:45:81:24,FunBox2-8124,-43,1,2412,False,False
1778943561.1395597,management,beacon,d8:d7:75:45:81:24,ff:ff:ff:ff:ff:ff,ff:ff:ff:ff:ff:ff,d8:d7:75:45:81:24,d8:d7:75:45:81:24,FunBox2-8124,-45,1,2412,False,False
1778943561.242003,management,beacon,d8:d7:75:45:81:24,ff:ff:ff:ff:ff:ff,ff:ff:ff:ff:ff:ff,d8:d7:75:45:81:24,d8:d7:75:45:81:24,FunBox2-8124,-42,1,2412,False,False
1778943561.3811085,data,qos_null,aa:23:4f:4d:00:cf,74:ea:3a:a1:53:a6,74:ea:3a:a1:53:a6,aa:23:4f:4d:00:cf,74:ea:3a:a1:53:a6,,-93,1,2412,False,False
1778943561.4467664,management,beacon,d8:d7:75:45:81:24,ff:ff:ff:ff:ff:ff,ff:ff:ff:ff:ff:ff,d8:d7:75:45:81:24,d8:d7:75:45:81:24,FunBox2-8124,-42,1,2412,False,False
1778943561.5491786,management,beacon,d8:d7:75:45:81:24,ff:ff:ff:ff:ff:ff,ff:ff:ff:ff:ff:ff,d8:d7:75:45:81:24,d8:d7:75:45:81:24,FunBox2-8124,-43,1,2412,False,False
1778943561.651571,management,beacon,d8:d7:75:45:81:24,ff:ff:ff:ff:ff:ff,ff:ff:ff:ff:ff:ff,d8:d7:75:45:81:24,d8:d7:75:45:81:24,FunBox2-8124,-42,1,2412,False,False
1778943561.6527598,data,null_data,50:02:91:e8:18:ec,d8:d7:75:45:81:24,d8:d7:75:45:81:24,50:02:91:e8:18:ec,d8:d7:75:45:81:24,,-84,1,2412,False,False
1778943561.652763,control,ack,,50:02:91:e8:18:ec,50:02:91:e8:18:ec,,,,-45,1,2412,False,False
1778943561.753972,management,beacon,d8:d7:75:45:81:24,ff:ff:ff:ff:ff:ff,ff:ff:ff:ff:ff:ff,d8:d7:75:45:81:24,d8:d7:75:45:81:24,FunBox2-8124,-45,1,2412,False,False
1778943561.813618,data,null_data,50:02:91:e8:18:ec,d8:d7:75:45:81:24,d8:d7:75:45:81:24,50:02:91:e8:18:ec,d8:d7:75:45:81:24,,-84,1,2412,False,False
1778943561.8136294,control,ack,,50:02:91:e8:18:ec,50:02:91:e8:18:ec,,,,-49,1,2412,False,False
1778943561.958763,management,beacon,d8:d7:75:45:81:24,ff:ff:ff:ff:ff:ff,ff:ff:ff:ff:ff:ff,d8:d7:75:45:81:24,d8:d7:75:45:81:24,FunBox2-8124,-46,1,2412,False,False
1778943562.0611877,management,beacon,d8:d7:75:45:81:24,ff:ff:ff:ff:ff:ff,ff:ff:ff:ff:ff:ff,d8:d7:75:45:81:24,d8:d7:75:45:81:24,FunBox2-8124,-48,1,2412,False,False
1778943562.1635869,management,beacon,d8:d7:75:45:81:24,ff:ff:ff:ff:ff:ff,ff:ff:ff:ff:ff:ff,d8:d7:75:45:81:24,d8:d7:75:45:81:24,FunBox2-8124,-45,1,2412,False,False
1778943562.2660213,management,beacon,d8:d7:75:45:81:24,ff:ff:ff:ff:ff:ff,ff:ff:ff:ff:ff:ff,d8:d7:75:45:81:24,d8:d7:75:45:81:24,FunBox2-8124,-47,1,2412,False,False
1778943562.4708216,management,beacon,d8:d7:75:45:81:24,ff:ff:ff:ff:ff:ff,ff:ff:ff:ff:ff:ff,d8:d7:75:45:81:24,d8:d7:75:45:81:24,FunBox2-8124,-43,1,2412,False,False
1778943562.5732267,management,beacon,d8:d7:75:45:81:24,ff:ff:ff:ff:ff:ff,ff:ff:ff:ff:ff:ff,d8:d7:75:45:81:24,d8:d7:75:45:81:24,FunBox2-8124,-43,1,2412,False,False
1778943562.6756306,management,beacon,d8:d7:75:45:81:24,ff:ff:ff:ff:ff:ff,ff:ff:ff:ff:ff:ff,d8:d7:75:45:81:24,d8:d7:75:45:81:24,FunBox2-8124,-45,1,2412,False,False
1778943562.7780418,management,beacon,d8:d7:75:45:81:24,ff:ff:ff:ff:ff:ff,ff:ff:ff:ff:ff:ff,d8:d7:75:45:81:24,d8:d7:75:45:81:24,FunBox2-8124,-47,1,2412,False,False
1778943562.982864,management,beacon,d8:d7:75:45:81:24,ff:ff:ff:ff:ff:ff,ff:ff:ff:ff:ff:ff,d8:d7:75:45:81:24,d8:d7:75:45:81:24,FunBox2-8124,-45,1,2412,False,False
1778943563.085232,management,beacon,d8:d7:75:45:81:24,ff:ff:ff:ff:ff:ff,ff:ff:ff:ff:ff:ff,d8:d7:75:45:81:24,d8:d7:75:45:81:24,FunBox2-8124,-48,1,2412,False,False
1778943563.1876442,management,beacon,d8:d7:75:45:81:24,ff:ff:ff:ff:ff:ff,ff:ff:ff:ff:ff:ff,d8:d7:75:45:81:24,d8:d7:75:45:81:24,FunBox2-8124,-47,1,2412,False,False
1778943563.1889238,data,null_data,50:02:91:e8:18:ec,d8:d7:75:45:81:24,d8:d7:75:45:81:24,50:02:91:e8:18:ec,d8:d7:75:45:81:24,,-83,1,2412,False,False
1778943563.1889327,control,ack,,50:02:91:e8:18:ec,50:02:91:e8:18:ec,,,,-47,1,2412,False,False
1778943563.2900457,management,beacon,d8:d7:75:45:81:24,ff:ff:ff:ff:ff:ff,ff:ff:ff:ff:ff:ff,d8:d7:75:45:81:24,d8:d7:75:45:81:24,FunBox2-8124,-46,1,2412,False,False
1778943563.349771,data,null_data,50:02:91:e8:18:ec,d8:d7:75:45:81:24,d8:d7:75:45:81:24,50:02:91:e8:18:ec,d8:d7:75:45:81:24,,-82,1,2412,False,False
1778943563.3497853,control,ack,,50:02:91:e8:18:ec,50:02:91:e8:18:ec,,,,-45,1,2412,False,False
1778943563.5972698,management,beacon,d8:d7:75:45:81:24,ff:ff:ff:ff:ff:ff,ff:ff:ff:ff:ff:ff,d8:d7:75:45:81:24,d8:d7:75:45:81:24,FunBox2-8124,-45,1,2412,False,False
1778943563.6996877,management,beacon,d8:d7:75:45:81:24,ff:ff:ff:ff:ff:ff,ff:ff:ff:ff:ff:ff,d8:d7:75:45:81:24,d8:d7:75:45:81:24,FunBox2-8124,-48,1,2412,False,False
1778943563.8020692,management,beacon,d8:d7:75:45:81:24,ff:ff:ff:ff:ff:ff,ff:ff:ff:ff:ff:ff,d8:d7:75:45:81:24,d8:d7:75:45:81:24,FunBox2-8124,-47,1,2412,False,False
1778943564.0068607,management,beacon,d8:d7:75:45:81:24,ff:ff:ff:ff:ff:ff,ff:ff:ff:ff:ff:ff,d8:d7:75:45:81:24,d8:d7:75:45:81:24,FunBox2-8124,-44,1,2412,False,False
1778943564.1092575,management,beacon,d8:d7:75:45:81:24,ff:ff:ff:ff:ff:ff,ff:ff:ff:ff:ff:ff,d8:d7:75:45:81:24,d8:d7:75:45:81:24,FunBox2-8124,-44,1,2412,False,False
1778943564.211666,management,beacon,d8:d7:75:45:81:24,ff:ff:ff:ff:ff:ff,ff:ff:ff:ff:ff:ff,d8:d7:75:45:81:24,d8:d7:75:45:81:24,FunBox2-8124,-44,1,2412,False,False
1778943564.314076,management,beacon,d8:d7:75:45:81:24,ff:ff:ff:ff:ff:ff,ff:ff:ff:ff:ff:ff,d8:d7:75:45:81:24,d8:d7:75:45:81:24,FunBox2-8124,-45,1,2412,False,False
1778943564.5190215,management,beacon,d8:d7:75:45:81:24,ff:ff:ff:ff:ff:ff,ff:ff:ff:ff:ff:ff,d8:d7:75:45:81:24,d8:d7:75:45:81:24,FunBox2-8124,-44,1,2412,False,False
1778943564.6212754,management,beacon,d8:d7:75:45:81:24,ff:ff:ff:ff:ff:ff,ff:ff:ff:ff:ff:ff,d8:d7:75:45:81:24,d8:d7:75:45:81:24,FunBox2-8124,-47,1,2412,False,False
1778943564.723665,management,beacon,d8:d7:75:45:81:24,ff:ff:ff:ff:ff:ff,ff:ff:ff:ff:ff:ff,d8:d7:75:45:81:24,d8:d7:75:45:81:24,FunBox2-8124,-43,1,2412,False,False
1778943564.7248802,data,null_data,50:02:91:e8:18:ec,d8:d7:75:45:81:24,d8:d7:75:45:81:24,50:02:91:e8:18:ec,d8:d7:75:45:81:24,,-81,1,2412,False,False
1778943564.724883,control,ack,,50:02:91:e8:18:ec,50:02:91:e8:18:ec,,,,-47,1,2412,False,False
1778943564.8260868,management,beacon,d8:d7:75:45:81:24,ff:ff:ff:ff:ff:ff,ff:ff:ff:ff:ff:ff,d8:d7:75:45:81:24,d8:d7:75:45:81:24,FunBox2-8124,-42,1,2412,False,False
1778943565.0309327,management,beacon,d8:d7:75:45:81:24,ff:ff:ff:ff:ff:ff,ff:ff:ff:ff:ff:ff,d8:d7:75:45:81:24,d8:d7:75:45:81:24,FunBox2-8124,-47,1,2412,False,False
1778943565.1332917,management,beacon,d8:d7:75:45:81:24,ff:ff:ff:ff:ff:ff,ff:ff:ff:ff:ff:ff,d8:d7:75:45:81:24,d8:d7:75:45:81:24,FunBox2-8124,-43,1,2412,False,False
1778943565.2357278,management,beacon,d8:d7:75:45:81:24,ff:ff:ff:ff:ff:ff,ff:ff:ff:ff:ff:ff,d8:d7:75:45:81:24,d8:d7:75:45:81:24,FunBox2-8124,-42,1,2412,False,False
1778943565.3381011,management,beacon,d8:d7:75:45:81:24,ff:ff:ff:ff:ff:ff,ff:ff:ff:ff:ff:ff,d8:d7:75:45:81:24,d8:d7:75:45:81:24,FunBox2-8124,-46,1,2412,False,False
1778943565.4404938,management,beacon,d8:d7:75:45:81:24,ff:ff:ff:ff:ff:ff,ff:ff:ff:ff:ff:ff,d8:d7:75:45:81:24,d8:d7:75:45:81:24,FunBox2-8124,-48,1,2412,False,False
1778943565.5429318,management,beacon,d8:d7:75:45:81:24,ff:ff:ff:ff:ff:ff,ff:ff:ff:ff:ff:ff,d8:d7:75:45:81:24,d8:d7:75:45:81:24,FunBox2-8124,-43,1,2412,False,False
1778943565.6453001,management,beacon,d8:d7:75:45:81:24,ff:ff:ff:ff:ff:ff,ff:ff:ff:ff:ff:ff,d8:d7:75:45:81:24,d8:d7:75:45:81:24,FunBox2-8124,-44,1,2412,False,False
1778943565.7477603,management,beacon,d8:d7:75:45:81:24,ff:ff:ff:ff:ff:ff,ff:ff:ff:ff:ff:ff,d8:d7:75:45:81:24,d8:d7:75:45:81:24,FunBox2-8124,-47,1,2412,False,False
1778943565.8503883,management,beacon,d8:d7:75:45:81:24,ff:ff:ff:ff:ff:ff,ff:ff:ff:ff:ff:ff,d8:d7:75:45:81:24,d8:d7:75:45:81:24,FunBox2-8124,-50,1,2412,False,False
1778943566.1573346,management,beacon,d8:d7:75:45:81:24,ff:ff:ff:ff:ff:ff,ff:ff:ff:ff:ff:ff,d8:d7:75:45:81:24,d8:d7:75:45:81:24,FunBox2-8124,-47,1,2412,False,False
1778943566.2597585,management,beacon,d8:d7:75:45:81:24,ff:ff:ff:ff:ff:ff,ff:ff:ff:ff:ff:ff,d8:d7:75:45:81:24,d8:d7:75:45:81:24,FunBox2-8124,-47,1,2412,False,False
1778943566.3621333,management,beacon,d8:d7:75:45:81:24,ff:ff:ff:ff:ff:ff,ff:ff:ff:ff:ff:ff,d8:d7:75:45:81:24,d8:d7:75:45:81:24,FunBox2-8124,-44,1,2412,False,False
1778943566.3633454,data,null_data,50:02:91:e8:18:ec,d8:d7:75:45:81:24,d8:d7:75:45:81:24,50:02:91:e8:18:ec,d8:d7:75:45:81:24,,-82,1,2412,False,False
1778943566.36335,control,ack,,50:02:91:e8:18:ec,50:02:91:e8:18:ec,,,,-46,1,2412,False,False
1778943566.4645276,management,beacon,d8:d7:75:45:81:24,ff:ff:ff:ff:ff:ff,ff:ff:ff:ff:ff:ff,d8:d7:75:45:81:24,d8:d7:75:45:81:24,FunBox2-8124,-48,1,2412,False,False
1778943566.5242064,control,ack,,50:02:91:e8:18:ec,50:02:91:e8:18:ec,,,,-45,1,2412,False,False
1778943566.5669534,management,beacon,d8:d7:75:45:81:24,ff:ff:ff:ff:ff:ff,ff:ff:ff:ff:ff:ff,d8:d7:75:45:81:24,d8:d7:75:45:81:24,FunBox2-8124,-47,1,2412,False,False
1778943566.669355,management,beacon,d8:d7:75:45:81:24,ff:ff:ff:ff:ff:ff,ff:ff:ff:ff:ff:ff,d8:d7:75:45:81:24,d8:d7:75:45:81:24,FunBox2-8124,-47,1,2412,False,False
1778943566.7717617,management,beacon,d8:d7:75:45:81:24,ff:ff:ff:ff:ff:ff,ff:ff:ff:ff:ff:ff,d8:d7:75:45:81:24,d8:d7:75:45:81:24,FunBox2-8124,-45,1,2412,False,False
1778943566.8741896,management,beacon,d8:d7:75:45:81:24,ff:ff:ff:ff:ff:ff,ff:ff:ff:ff:ff:ff,d8:d7:75:45:81:24,d8:d7:75:45:81:24,FunBox2-8124,-43,1,2412,False,False
1778943566.9765697,management,beacon,d8:d7:75:45:81:24,ff:ff:ff:ff:ff:ff,ff:ff:ff:ff:ff:ff,d8:d7:75:45:81:24,d8:d7:75:45:81:24,FunBox2-8124,-43,1,2412,False,False
1778943567.0790982,management,beacon,d8:d7:75:45:81:24,ff:ff:ff:ff:ff:ff,ff:ff:ff:ff:ff:ff,d8:d7:75:45:81:24,d8:d7:75:45:81:24,FunBox2-8124,-47,1,2412,False,False
1778943567.182855,management,beacon,d8:d7:75:45:81:24,ff:ff:ff:ff:ff:ff,ff:ff:ff:ff:ff:ff,d8:d7:75:45:81:24,d8:d7:75:45:81:24,FunBox2-8124,-42,1,2412,False,False
1778943567.2905414,management,beacon,d8:d7:75:45:81:24,ff:ff:ff:ff:ff:ff,ff:ff:ff:ff:ff:ff,d8:d7:75:45:81:24,d8:d7:75:45:81:24,FunBox2-8124,-44,1,2412,False,False
1778943567.386182,management,beacon,d8:d7:75:45:81:24,ff:ff:ff:ff:ff:ff,ff:ff:ff:ff:ff:ff,d8:d7:75:45:81:24,d8:d7:75:45:81:24,FunBox2-8124,-42,1,2412,False,False
1778943567.4887147,management,beacon,d8:d7:75:45:81:24,ff:ff:ff:ff:ff:ff,ff:ff:ff:ff:ff:ff,d8:d7:75:45:81:24,d8:d7:75:45:81:24,FunBox2-8124,-44,1,2412,False,False
1778943567.591002,management,beacon,d8:d7:75:45:81:24,ff:ff:ff:ff:ff:ff,ff:ff:ff:ff:ff:ff,d8:d7:75:45:81:24,d8:d7:75:45:81:24,FunBox2-8124,-43,1,2412,False,False
1778943567.693411,management,beacon,d8:d7:75:45:81:24,ff:ff:ff:ff:ff:ff,ff:ff:ff:ff:ff:ff,d8:d7:75:45:81:24,d8:d7:75:45:81:24,FunBox2-8124,-48,1,2412,False,False
1778943567.7957866,management,beacon,d8:d7:75:45:81:24,ff:ff:ff:ff:ff:ff,ff:ff:ff:ff:ff:ff,d8:d7:75:45:81:24,d8:d7:75:45:81:24,FunBox2-8124,-44,1,2412,False,False
1778943567.7969096,data,null_data,50:02:91:e8:18:ec,d8:d7:75:45:81:24,d8:d7:75:45:81:24,50:02:91:e8:18:ec,d8:d7:75:45:81:24,,-82,1,2412,False,False
1778943567.898216,management,beacon,d8:d7:75:45:81:24,ff:ff:ff:ff:ff:ff,ff:ff:ff:ff:ff:ff,d8:d7:75:45:81:24,d8:d7:75:45:81:24,FunBox2-8124,-42,1,2412,False,False
1778943567.9587436,data,null_data,50:02:91:e8:18:ec,d8:d7:75:45:81:24,d8:d7:75:45:81:24,50:02:91:e8:18:ec,d8:d7:75:45:81:24,,-84,1,2412,False,False
1778943567.9587579,control,ack,,50:02:91:e8:18:ec,50:02:91:e8:18:ec,,,,-46,1,2412,False,False
1778943567.9600096,data,null_data,50:02:91:e8:18:ec,d8:d7:75:45:81:24,d8:d7:75:45:81:24,50:02:91:e8:18:ec,d8:d7:75:45:81:24,,-89,1,2412,False,True
1778943567.9600134,control,ack,,50:02:91:e8:18:ec,50:02:91:e8:18:ec,,,,-48,1,2412,False,False
1778943568.000628,management,beacon,d8:d7:75:45:81:24,ff:ff:ff:ff:ff:ff,ff:ff:ff:ff:ff:ff,d8:d7:75:45:81:24,d8:d7:75:45:81:24,FunBox2-8124,-44,1,2412,False,False
1778943568.1030166,management,beacon,d8:d7:75:45:81:24,ff:ff:ff:ff:ff:ff,ff:ff:ff:ff:ff:ff,d8:d7:75:45:81:24,d8:d7:75:45:81:24,FunBox2-8124,-43,1,2412,False,False
1778943568.2053907,management,beacon,d8:d7:75:45:81:24,ff:ff:ff:ff:ff:ff,ff:ff:ff:ff:ff:ff,d8:d7:75:45:81:24,d8:d7:75:45:81:24,FunBox2-8124,-47,1,2412,False,False
1778943568.3078644,management,beacon,d8:d7:75:45:81:24,ff:ff:ff:ff:ff:ff,ff:ff:ff:ff:ff:ff,d8:d7:75:45:81:24,d8:d7:75:45:81:24,FunBox2-8124,-45,1,2412,False,False
1778943568.4102654,management,beacon,d8:d7:75:45:81:24,ff:ff:ff:ff:ff:ff,ff:ff:ff:ff:ff:ff,d8:d7:75:45:81:24,d8:d7:75:45:81:24,FunBox2-8124,-45,1,2412,False,False
1778943568.5126514,management,beacon,d8:d7:75:45:81:24,ff:ff:ff:ff:ff:ff,ff:ff:ff:ff:ff:ff,d8:d7:75:45:81:24,d8:d7:75:45:81:24,FunBox2-8124,-47,1,2412,False,False
1778943568.6153998,management,beacon,d8:d7:75:45:81:24,ff:ff:ff:ff:ff:ff,ff:ff:ff:ff:ff:ff,d8:d7:75:45:81:24,d8:d7:75:45:81:24,FunBox2-8124,-43,1,2412,False,False
1778943568.7180011,management,beacon,d8:d7:75:45:81:24,ff:ff:ff:ff:ff:ff,ff:ff:ff:ff:ff:ff,d8:d7:75:45:81:24,d8:d7:75:45:81:24,FunBox2-8124,-43,1,2412,False,False
1778943568.9222522,management,beacon,d8:d7:75:45:81:24,ff:ff:ff:ff:ff:ff,ff:ff:ff:ff:ff:ff,d8:d7:75:45:81:24,d8:d7:75:45:81:24,FunBox2-8124,-43,1,2412,False,False
1778943569.0246453,management,beacon,d8:d7:75:45:81:24,ff:ff:ff:ff:ff:ff,ff:ff:ff:ff:ff:ff,d8:d7:75:45:81:24,d8:d7:75:45:81:24,FunBox2-8124,-43,1,2412,False,False
1778943569.127047,management,beacon,d8:d7:75:45:81:24,ff:ff:ff:ff:ff:ff,ff:ff:ff:ff:ff:ff,d8:d7:75:45:81:24,d8:d7:75:45:81:24,FunBox2-8124,-49,1,2412,False,False
1778943569.2294693,management,beacon,d8:d7:75:45:81:24,ff:ff:ff:ff:ff:ff,ff:ff:ff:ff:ff:ff,d8:d7:75:45:81:24,d8:d7:75:45:81:24,FunBox2-8124,-46,1,2412,False,False
1778943569.3318331,management,beacon,d8:d7:75:45:81:24,ff:ff:ff:ff:ff:ff,ff:ff:ff:ff:ff:ff,d8:d7:75:45:81:24,d8:d7:75:45:81:24,FunBox2-8124,-43,1,2412,False,False
1778943569.3330228,data,null_data,50:02:91:e8:18:ec,d8:d7:75:45:81:24,d8:d7:75:45:81:24,50:02:91:e8:18:ec,d8:d7:75:45:81:24,,-83,1,2412,False,False
1778943569.3330295,control,ack,,50:02:91:e8:18:ec,50:02:91:e8:18:ec,,,,-44,1,2412,False,False
1778943569.4342718,management,beacon,d8:d7:75:45:81:24,ff:ff:ff:ff:ff:ff,ff:ff:ff:ff:ff:ff,d8:d7:75:45:81:24,d8:d7:75:45:81:24,FunBox2-8124,-46,1,2412,False,False
1778943569.4938648,data,null_data,50:02:91:e8:18:ec,d8:d7:75:45:81:24,d8:d7:75:45:81:24,50:02:91:e8:18:ec,d8:d7:75:45:81:24,,-84,1,2412,False,False
1778943569.493882,control,ack,,50:02:91:e8:18:ec,50:02:91:e8:18:ec,,,,-49,1,2412,False,False
1778943569.5366514,management,beacon,d8:d7:75:45:81:24,ff:ff:ff:ff:ff:ff,ff:ff:ff:ff:ff:ff,d8:d7:75:45:81:24,d8:d7:75:45:81:24,FunBox2-8124,-49,1,2412,False,False
1778943569.6204052,data,null_data,50:02:91:e8:18:ec,d8:d7:75:45:81:24,d8:d7:75:45:81:24,50:02:91:e8:18:ec,d8:d7:75:45:81:24,,-82,1,2412,False,False
1778943569.6204164,control,ack,,50:02:91:e8:18:ec,50:02:91:e8:18:ec,,,,-44,1,2412,False,False
1778943569.6390615,management,beacon,d8:d7:75:45:81:24,ff:ff:ff:ff:ff:ff,ff:ff:ff:ff:ff:ff,d8:d7:75:45:81:24,d8:d7:75:45:81:24,FunBox2-8124,-58,1,2412,False,False
1778943569.7415254,management,beacon,d8:d7:75:45:81:24,ff:ff:ff:ff:ff:ff,ff:ff:ff:ff:ff:ff,d8:d7:75:45:81:24,d8:d7:75:45:81:24,FunBox2-8124,-42,1,2412,False,False
1778943569.7818778,data,null_data,50:02:91:e8:18:ec,d8:d7:75:45:81:24,d8:d7:75:45:81:24,50:02:91:e8:18:ec,d8:d7:75:45:81:24,,-80,1,2412,False,False
1778943569.7818894,data,null_data,50:02:91:e8:18:ec,d8:d7:75:45:81:24,d8:d7:75:45:81:24,50:02:91:e8:18:ec,d8:d7:75:45:81:24,,-84,1,2412,False,True
1778943569.7823853,control,ack,,50:02:91:e8:18:ec,50:02:91:e8:18:ec,,,,-44,1,2412,False,False
1778943569.8439014,management,beacon,d8:d7:75:45:81:24,ff:ff:ff:ff:ff:ff,ff:ff:ff:ff:ff:ff,d8:d7:75:45:81:24,d8:d7:75:45:81:24,FunBox2-8124,-50,1,2412,False,False
1778943569.946276,management,beacon,d8:d7:75:45:81:24,ff:ff:ff:ff:ff:ff,ff:ff:ff:ff:ff:ff,d8:d7:75:45:81:24,d8:d7:75:45:81:24,FunBox2-8124,-44,1,2412,False,False
1778943570.0486822,management,beacon,d8:d7:75:45:81:24,ff:ff:ff:ff:ff:ff,ff:ff:ff:ff:ff:ff,d8:d7:75:45:81:24,d8:d7:75:45:81:24,FunBox2-8124,-50,1,2412,False,False
1778943570.1510782,management,beacon,d8:d7:75:45:81:24,ff:ff:ff:ff:ff:ff,ff:ff:ff:ff:ff:ff,d8:d7:75:45:81:24,d8:d7:75:45:81:24,FunBox2-8124,-45,1,2412,False,False
1778943570.253528,management,beacon,d8:d7:75:45:81:24,ff:ff:ff:ff:ff:ff,ff:ff:ff:ff:ff:ff,d8:d7:75:45:81:24,d8:d7:75:45:81:24,FunBox2-8124,-44,1,2412,False,False
1778943570.2546692,data,data,d8:d7:75:45:81:24,01:00:5e:00:00:01,01:00:5e:00:00:01,d8:d7:75:45:81:24,d8:d7:75:45:81:24,,-44,1,2412,True,False
1778943570.255139,control,ack,,d8:d7:75:45:81:24,d8:d7:75:45:81:24,,,,-84,1,2412,False,False
1778943570.2551417,data,null_data,50:02:91:e8:18:ec,d8:d7:75:45:81:24,d8:d7:75:45:81:24,50:02:91:e8:18:ec,d8:d7:75:45:81:24,,-82,1,2412,False,False
1778943570.255143,control,ack,,50:02:91:e8:18:ec,50:02:91:e8:18:ec,,,,-55,1,2412,False,False
1778943570.3559005,management,beacon,d8:d7:75:45:81:24,ff:ff:ff:ff:ff:ff,ff:ff:ff:ff:ff:ff,d8:d7:75:45:81:24,d8:d7:75:45:81:24,FunBox2-8124,-45,1,2412,False,False
1778943570.4161305,data,null_data,50:02:91:e8:18:ec,d8:d7:75:45:81:24,d8:d7:75:45:81:24,50:02:91:e8:18:ec,d8:d7:75:45:81:24,,-82,1,2412,False,False
1778943570.416142,data,null_data,50:02:91:e8:18:ec,d8:d7:75:45:81:24,d8:d7:75:45:81:24,50:02:91:e8:18:ec,d8:d7:75:45:81:24,,-83,1,2412,False,True
1778943570.416417,data,null_data,50:02:91:e8:18:ec,d8:d7:75:45:81:24,d8:d7:75:45:81:24,50:02:91:e8:18:ec,d8:d7:75:45:81:24,,-82,1,2412,False,True
1778943570.416938,data,null_data,50:02:91:e8:18:ec,d8:d7:75:45:81:24,d8:d7:75:45:81:24,50:02:91:e8:18:ec,d8:d7:75:45:81:24,,-83,1,2412,False,True
1778943570.4169414,control,ack,,50:02:91:e8:18:ec,50:02:91:e8:18:ec,,,,-45,1,2412,False,False
1778943570.4583354,management,beacon,d8:d7:75:45:81:24,ff:ff:ff:ff:ff:ff,ff:ff:ff:ff:ff:ff,d8:d7:75:45:81:24,d8:d7:75:45:81:24,FunBox2-8124,-54,1,2412,False,False
1778943570.560694,management,beacon,d8:d7:75:45:81:24,ff:ff:ff:ff:ff:ff,ff:ff:ff:ff:ff:ff,d8:d7:75:45:81:24,d8:d7:75:45:81:24,FunBox2-8124,-46,1,2412,False,False
1778943570.663121,management,beacon,d8:d7:75:45:81:24,ff:ff:ff:ff:ff:ff,ff:ff:ff:ff:ff:ff,d8:d7:75:45:81:24,d8:d7:75:45:81:24,FunBox2-8124,-46,1,2412,False,False
1778943570.7655067,management,beacon,d8:d7:75:45:81:24,ff:ff:ff:ff:ff:ff,ff:ff:ff:ff:ff:ff,d8:d7:75:45:81:24,d8:d7:75:45:81:24,FunBox2-8124,-45,1,2412,False,False
1778943570.9703481,management,beacon,d8:d7:75:45:81:24,ff:ff:ff:ff:ff:ff,ff:ff:ff:ff:ff:ff,d8:d7:75:45:81:24,d8:d7:75:45:81:24,FunBox2-8124,-47,1,2412,False,False
1778943571.0727026,management,beacon,d8:d7:75:45:81:24,ff:ff:ff:ff:ff:ff,ff:ff:ff:ff:ff:ff,d8:d7:75:45:81:24,d8:d7:75:45:81:24,FunBox2-8124,-47,1,2412,False,False
1778943571.175102,management,beacon,d8:d7:75:45:81:24,ff:ff:ff:ff:ff:ff,ff:ff:ff:ff:ff:ff,d8:d7:75:45:81:24,d8:d7:75:45:81:24,FunBox2-8124,-46,1,2412,False,False
1778943571.2775776,management,beacon,d8:d7:75:45:81:24,ff:ff:ff:ff:ff:ff,ff:ff:ff:ff:ff:ff,d8:d7:75:45:81:24,d8:d7:75:45:81:24,FunBox2-8124,-46,1,2412,False,False
1778943571.4823704,management,beacon,d8:d7:75:45:81:24,ff:ff:ff:ff:ff:ff,ff:ff:ff:ff:ff:ff,d8:d7:75:45:81:24,d8:d7:75:45:81:24,FunBox2-8124,-46,1,2412,False,False
1778943571.5847204,management,beacon,d8:d7:75:45:81:24,ff:ff:ff:ff:ff:ff,ff:ff:ff:ff:ff:ff,d8:d7:75:45:81:24,d8:d7:75:45:81:24,FunBox2-8124,-48,1,2412,False,False
1778943571.687171,management,beacon,d8:d7:75:45:81:24,ff:ff:ff:ff:ff:ff,ff:ff:ff:ff:ff:ff,d8:d7:75:45:81:24,d8:d7:75:45:81:24,FunBox2-8124,-47,1,2412,False,False
1778943571.7895343,management,beacon,d8:d7:75:45:81:24,ff:ff:ff:ff:ff:ff,ff:ff:ff:ff:ff:ff,d8:d7:75:45:81:24,d8:d7:75:45:81:24,FunBox2-8124,-48,1,2412,False,False
1778943571.9943502,management,beacon,d8:d7:75:45:81:24,ff:ff:ff:ff:ff:ff,ff:ff:ff:ff:ff:ff,d8:d7:75:45:81:24,d8:d7:75:45:81:24,FunBox2-8124,-48,1,2412,False,False
1778943572.0967412,management,beacon,d8:d7:75:45:81:24,ff:ff:ff:ff:ff:ff,ff:ff:ff:ff:ff:ff,d8:d7:75:45:81:24,d8:d7:75:45:81:24,FunBox2-8124,-51,1,2412,False,False
1778943572.097931,data,null_data,50:02:91:e8:18:ec,d8:d7:75:45:81:24,d8:d7:75:45:81:24,50:02:91:e8:18:ec,d8:d7:75:45:81:24,,-82,1,2412,False,False
1778943572.097935,control,ack,,50:02:91:e8:18:ec,50:02:91:e8:18:ec,,,,-55,1,2412,False,False
1778943572.1992831,management,beacon,d8:d7:75:45:81:24,ff:ff:ff:ff:ff:ff,ff:ff:ff:ff:ff:ff,d8:d7:75:45:81:24,d8:d7:75:45:81:24,FunBox2-8124,-51,1,2412,False,False
1778943572.2588203,data,null_data,50:02:91:e8:18:ec,d8:d7:75:45:81:24,d8:d7:75:45:81:24,50:02:91:e8:18:ec,d8:d7:75:45:81:24,,-81,1,2412,False,False
1778943572.2588305,control,ack,,50:02:91:e8:18:ec,50:02:91:e8:18:ec,,,,-48,1,2412,False,False
1778943572.301592,management,beacon,d8:d7:75:45:81:24,ff:ff:ff:ff:ff:ff,ff:ff:ff:ff:ff:ff,d8:d7:75:45:81:24,d8:d7:75:45:81:24,FunBox2-8124,-53,1,2412,False,False
1778943572.4040146,management,beacon,d8:d7:75:45:81:24,ff:ff:ff:ff:ff:ff,ff:ff:ff:ff:ff:ff,d8:d7:75:45:81:24,d8:d7:75:45:81:24,FunBox2-8124,-51,1,2412,False,False
1778943572.5064092,management,beacon,d8:d7:75:45:81:24,ff:ff:ff:ff:ff:ff,ff:ff:ff:ff:ff:ff,d8:d7:75:45:81:24,d8:d7:75:45:81:24,FunBox2-8124,-53,1,2412,False,False
1778943572.6088338,management,beacon,d8:d7:75:45:81:24,ff:ff:ff:ff:ff:ff,ff:ff:ff:ff:ff:ff,d8:d7:75:45:81:24,d8:d7:75:45:81:24,FunBox2-8124,-49,1,2412,False,False
1778943572.7111804,management,beacon,d8:d7:75:45:81:24,ff:ff:ff:ff:ff:ff,ff:ff:ff:ff:ff:ff,d8:d7:75:45:81:24,d8:d7:75:45:81:24,FunBox2-8124,-47,1,2412,False,False
1778943572.813749,management,beacon,d8:d7:75:45:81:24,ff:ff:ff:ff:ff:ff,ff:ff:ff:ff:ff:ff,d8:d7:75:45:81:24,d8:d7:75:45:81:24,FunBox2-8124,-46,1,2412,False,False
1778943572.916001,management,beacon,d8:d7:75:45:81:24,ff:ff:ff:ff:ff:ff,ff:ff:ff:ff:ff:ff,d8:d7:75:45:81:24,d8:d7:75:45:81:24,FunBox2-8124,-46,1,2412,False,False
1778943573.0183885,management,beacon,d8:d7:75:45:81:24,ff:ff:ff:ff:ff:ff,ff:ff:ff:ff:ff:ff,d8:d7:75:45:81:24,d8:d7:75:45:81:24,FunBox2-8124,-50,1,2412,False,False
1778943573.0689118,data,qos_null,d8:d7:75:45:81:24,54:35:30:cf:ee:1e,54:35:30:cf:ee:1e,d8:d7:75:45:81:24,d8:d7:75:45:81:24,,-47,1,2412,False,False
1778943573.069225,control,ack,,d8:d7:75:45:81:24,d8:d7:75:45:81:24,,,,-51,1,2412,False,False
1778943573.1799195,control,cts,,d8:d7:75:45:81:24,d8:d7:75:45:81:24,,,,-49,1,2412,False,False
1778943573.3256392,management,beacon,d8:d7:75:45:81:24,ff:ff:ff:ff:ff:ff,ff:ff:ff:ff:ff:ff,d8:d7:75:45:81:24,d8:d7:75:45:81:24,FunBox2-8124,-49,1,2412,False,False
1778943573.3272479,data,data,d8:d7:75:45:81:24,01:00:5e:00:00:fb,01:00:5e:00:00:fb,d8:d7:75:45:81:24,e6:12:a8:93:5a:78,,-46,1,2412,True,False
1778943573.3277547,control,ack,,d8:d7:75:45:81:24,d8:d7:75:45:81:24,,,,-83,1,2412,False,False
1778943573.3277593,data,null_data,50:02:91:e8:18:ec,d8:d7:75:45:81:24,d8:d7:75:45:81:24,50:02:91:e8:18:ec,d8:d7:75:45:81:24,,-81,1,2412,False,False
1778943573.327761,control,ack,,50:02:91:e8:18:ec,50:02:91:e8:18:ec,,,,-55,1,2412,False,False
1778943573.3295352,data,data,d8:d7:75:45:81:24,33:33:00:00:00:fb,33:33:00:00:00:fb,d8:d7:75:45:81:24,e6:12:a8:93:5a:78,,-52,1,2412,True,False
1778943573.3298593,control,ack,,d8:d7:75:45:81:24,d8:d7:75:45:81:24,,,,-83,1,2412,False,False
1778943573.3305562,data,qos_null,d8:d7:75:45:81:24,50:02:91:e8:18:ec,50:02:91:e8:18:ec,d8:d7:75:45:81:24,d8:d7:75:45:81:24,,-51,1,2412,False,False
1778943573.3308764,control,ack,,d8:d7:75:45:81:24,d8:d7:75:45:81:24,,,,-84,1,2412,False,False
1778943573.4280431,management,beacon,d8:d7:75:45:81:24,ff:ff:ff:ff:ff:ff,ff:ff:ff:ff:ff:ff,d8:d7:75:45:81:24,d8:d7:75:45:81:24,FunBox2-8124,-50,1,2412,False,False
1778943573.4913244,data,null_data,50:02:91:e8:18:ec,d8:d7:75:45:81:24,d8:d7:75:45:81:24,50:02:91:e8:18:ec,d8:d7:75:45:81:24,,-82,1,2412,False,False
1778943573.491339,control,ack,,50:02:91:e8:18:ec,50:02:91:e8:18:ec,,,,-47,1,2412,False,False
1778943573.5259504,control,rts,54:35:30:cf:ee:1e,d8:d7:75:45:81:24,d8:d7:75:45:81:24,54:35:30:cf:ee:1e,,,-57,1,2412,False,False
1778943573.525955,control,cts,,54:35:30:cf:ee:1e,54:35:30:cf:ee:1e,,,,-54,1,2412,False,False
1778943573.5259569,data,qos_data,54:35:30:cf:ee:1e,d8:d7:75:45:81:24,d8:d7:75:45:81:24,54:35:30:cf:ee:1e,01:00:5e:7f:ff:fa,,-57,1,2412,True,False
1778943573.5259593,control,block_ack,d8:d7:75:45:81:24,54:35:30:cf:ee:1e,54:35:30:cf:ee:1e,d8:d7:75:45:81:24,,,-55,1,2412,False,False
1778943573.5304072,management,beacon,d8:d7:75:45:81:24,ff:ff:ff:ff:ff:ff,ff:ff:ff:ff:ff:ff,d8:d7:75:45:81:24,d8:d7:75:45:81:24,FunBox2-8124,-51,1,2412,False,False
1778943573.6328642,management,beacon,d8:d7:75:45:81:24,ff:ff:ff:ff:ff:ff,ff:ff:ff:ff:ff:ff,d8:d7:75:45:81:24,d8:d7:75:45:81:24,FunBox2-8124,-48,1,2412,False,False
1778943573.6348405,control,ack,,d8:d7:75:45:81:24,d8:d7:75:45:81:24,,,,-83,1,2412,False,False
1778943573.6348476,data,null_data,50:02:91:e8:18:ec,d8:d7:75:45:81:24,d8:d7:75:45:81:24,50:02:91:e8:18:ec,d8:d7:75:45:81:24,,-80,1,2412,False,False
1778943573.6348503,control,ack,,50:02:91:e8:18:ec,50:02:91:e8:18:ec,,,,-55,1,2412,False,False
1778943573.6348517,data,null_data,50:02:91:e8:18:ec,d8:d7:75:45:81:24,d8:d7:75:45:81:24,50:02:91:e8:18:ec,d8:d7:75:45:81:24,,-82,1,2412,False,True
1778943573.6348536,control,ack,,50:02:91:e8:18:ec,50:02:91:e8:18:ec,,,,-54,1,2412,False,False
1778943573.795675,data,null_data,50:02:91:e8:18:ec,d8:d7:75:45:81:24,d8:d7:75:45:81:24,50:02:91:e8:18:ec,d8:d7:75:45:81:24,,-80,1,2412,False,False
1778943573.7958877,data,null_data,50:02:91:e8:18:ec,d8:d7:75:45:81:24,d8:d7:75:45:81:24,50:02:91:e8:18:ec,d8:d7:75:45:81:24,,-82,1,2412,False,True
1778943573.7962606,data,null_data,50:02:91:e8:18:ec,d8:d7:75:45:81:24,d8:d7:75:45:81:24,50:02:91:e8:18:ec,d8:d7:75:45:81:24,,-84,1,2412,False,True
1778943573.7966359,data,null_data,50:02:91:e8:18:ec,d8:d7:75:45:81:24,d8:d7:75:45:81:24,50:02:91:e8:18:ec,d8:d7:75:45:81:24,,-84,1,2412,False,True
1778943573.797732,data,null_data,50:02:91:e8:18:ec,d8:d7:75:45:81:24,d8:d7:75:45:81:24,50:02:91:e8:18:ec,d8:d7:75:45:81:24,,-92,1,2412,False,True
1778943573.7980492,control,ack,,50:02:91:e8:18:ec,50:02:91:e8:18:ec,,,,-47,1,2412,False,False
1778943573.83761,management,beacon,d8:d7:75:45:81:24,ff:ff:ff:ff:ff:ff,ff:ff:ff:ff:ff:ff,d8:d7:75:45:81:24,d8:d7:75:45:81:24,FunBox2-8124,-51,1,2412,False,False
1778943573.9400454,management,beacon,d8:d7:75:45:81:24,ff:ff:ff:ff:ff:ff,ff:ff:ff:ff:ff:ff,d8:d7:75:45:81:24,d8:d7:75:45:81:24,FunBox2-8124,-46,1,2412,False,False
1778943574.042466,management,beacon,d8:d7:75:45:81:24,ff:ff:ff:ff:ff:ff,ff:ff:ff:ff:ff:ff,d8:d7:75:45:81:24,d8:d7:75:45:81:24,FunBox2-8124,-45,1,2412,False,False
1778943574.1448534,management,beacon,d8:d7:75:45:81:24,ff:ff:ff:ff:ff:ff,ff:ff:ff:ff:ff:ff,d8:d7:75:45:81:24,d8:d7:75:45:81:24,FunBox2-8124,-48,1,2412,False,False
1778943574.3496459,management,beacon,d8:d7:75:45:81:24,ff:ff:ff:ff:ff:ff,ff:ff:ff:ff:ff:ff,d8:d7:75:45:81:24,d8:d7:75:45:81:24,FunBox2-8124,-53,1,2412,False,False
1778943574.4520302,management,beacon,d8:d7:75:45:81:24,ff:ff:ff:ff:ff:ff,ff:ff:ff:ff:ff:ff,d8:d7:75:45:81:24,d8:d7:75:45:81:24,FunBox2-8124,-47,1,2412,False,False
1778943574.5544708,management,beacon,d8:d7:75:45:81:24,ff:ff:ff:ff:ff:ff,ff:ff:ff:ff:ff:ff,d8:d7:75:45:81:24,d8:d7:75:45:81:24,FunBox2-8124,-46,1,2412,False,False
1778943574.6568635,management,beacon,d8:d7:75:45:81:24,ff:ff:ff:ff:ff:ff,ff:ff:ff:ff:ff:ff,d8:d7:75:45:81:24,d8:d7:75:45:81:24,FunBox2-8124,-48,1,2412,False,False
1778943574.861707,management,beacon,d8:d7:75:45:81:24,ff:ff:ff:ff:ff:ff,ff:ff:ff:ff:ff:ff,d8:d7:75:45:81:24,d8:d7:75:45:81:24,FunBox2-8124,-46,1,2412,False,False
1778943574.9640913,management,beacon,d8:d7:75:45:81:24,ff:ff:ff:ff:ff:ff,ff:ff:ff:ff:ff:ff,d8:d7:75:45:81:24,d8:d7:75:45:81:24,FunBox2-8124,-52,1,2412,False,False
1778943575.066705,management,beacon,d8:d7:75:45:81:24,ff:ff:ff:ff:ff:ff,ff:ff:ff:ff:ff:ff,d8:d7:75:45:81:24,d8:d7:75:45:81:24,FunBox2-8124,-53,1,2412,False,False
1778943575.1689377,management,beacon,d8:d7:75:45:81:24,ff:ff:ff:ff:ff:ff,ff:ff:ff:ff:ff:ff,d8:d7:75:45:81:24,d8:d7:75:45:81:24,FunBox2-8124,-48,1,2412,False,False
1778943575.3737125,management,beacon,d8:d7:75:45:81:24,ff:ff:ff:ff:ff:ff,ff:ff:ff:ff:ff:ff,d8:d7:75:45:81:24,d8:d7:75:45:81:24,FunBox2-8124,-47,1,2412,False,False
1778943575.455822,management,probe_request,be:37:d8:1b:5f:21,ff:ff:ff:ff:ff:ff,ff:ff:ff:ff:ff:ff,be:37:d8:1b:5f:21,ff:ff:ff:ff:ff:ff,<hidden>,-29,1,2412,False,False
1778943575.4591076,management,probe_response,d8:d7:75:45:81:24,be:37:d8:1b:5f:21,be:37:d8:1b:5f:21,d8:d7:75:45:81:24,d8:d7:75:45:81:24,FunBox2-8124,-51,1,2412,False,False
1778943575.4594014,control,ack,,d8:d7:75:45:81:24,d8:d7:75:45:81:24,,,,-30,1,2412,False,False
1778943575.477305,management,beacon,d8:d7:75:45:81:24,ff:ff:ff:ff:ff:ff,ff:ff:ff:ff:ff:ff,d8:d7:75:45:81:24,d8:d7:75:45:81:24,FunBox2-8124,-47,1,2412,False,False
1778943575.4784791,data,null_data,50:02:91:e8:18:ec,d8:d7:75:45:81:24,d8:d7:75:45:81:24,50:02:91:e8:18:ec,d8:d7:75:45:81:24,,-81,1,2412,False,False
1778943575.4784825,control,ack,,50:02:91:e8:18:ec,50:02:91:e8:18:ec,,,,-49,1,2412,False,False
1778943575.5198743,management,probe_request,be:37:d8:1b:5f:21,ff:ff:ff:ff:ff:ff,ff:ff:ff:ff:ff:ff,be:37:d8:1b:5f:21,ff:ff:ff:ff:ff:ff,<hidden>,-32,1,2412,False,False
1778943575.520153,control,ack,,be:37:d8:1b:5f:21,be:37:d8:1b:5f:21,,,,-84,1,2412,False,False
1778943575.5784674,management,beacon,d8:d7:75:45:81:24,ff:ff:ff:ff:ff:ff,ff:ff:ff:ff:ff:ff,d8:d7:75:45:81:24,d8:d7:75:45:81:24,FunBox2-8124,-52,1,2412,False,False
1778943575.6397634,data,null_data,50:02:91:e8:18:ec,d8:d7:75:45:81:24,d8:d7:75:45:81:24,50:02:91:e8:18:ec,d8:d7:75:45:81:24,,-81,1,2412,False,False
1778943575.6399794,data,null_data,50:02:91:e8:18:ec,d8:d7:75:45:81:24,d8:d7:75:45:81:24,50:02:91:e8:18:ec,d8:d7:75:45:81:24,,-81,1,2412,False,True
1778943575.640285,data,null_data,50:02:91:e8:18:ec,d8:d7:75:45:81:24,d8:d7:75:45:81:24,50:02:91:e8:18:ec,d8:d7:75:45:81:24,,-83,1,2412,False,True
1778943575.640606,data,null_data,50:02:91:e8:18:ec,d8:d7:75:45:81:24,d8:d7:75:45:81:24,50:02:91:e8:18:ec,d8:d7:75:45:81:24,,-82,1,2412,False,True
1778943575.6411374,data,null_data,50:02:91:e8:18:ec,d8:d7:75:45:81:24,d8:d7:75:45:81:24,50:02:91:e8:18:ec,d8:d7:75:45:81:24,,-84,1,2412,False,True
1778943575.6414554,control,ack,,50:02:91:e8:18:ec,50:02:91:e8:18:ec,,,,-46,1,2412,False,False
1778943575.6510603,management,probe_response,d8:d7:75:45:81:24,be:37:d8:1b:5f:21,be:37:d8:1b:5f:21,d8:d7:75:45:81:24,d8:d7:75:45:81:24,FunBox2-8124,-50,1,2412,False,False
1778943575.6595037,management,probe_response,d8:d7:75:45:81:24,be:37:d8:1b:5f:21,be:37:d8:1b:5f:21,d8:d7:75:45:81:24,d8:d7:75:45:81:24,FunBox2-8124,-50,1,2412,False,True
1778943575.66358,management,probe_response,d8:d7:75:45:81:24,be:37:d8:1b:5f:21,be:37:d8:1b:5f:21,d8:d7:75:45:81:24,d8:d7:75:45:81:24,FunBox2-8124,-52,1,2412,False,True
1778943575.6808693,management,beacon,d8:d7:75:45:81:24,ff:ff:ff:ff:ff:ff,ff:ff:ff:ff:ff:ff,d8:d7:75:45:81:24,d8:d7:75:45:81:24,FunBox2-8124,-53,1,2412,False,False
1778943575.7119014,management,probe_request,be:37:d8:1b:5f:21,ff:ff:ff:ff:ff:ff,ff:ff:ff:ff:ff:ff,be:37:d8:1b:5f:21,ff:ff:ff:ff:ff:ff,<hidden>,-64,1,2412,False,False
1778943575.885686,management,beacon,d8:d7:75:45:81:24,ff:ff:ff:ff:ff:ff,ff:ff:ff:ff:ff:ff,d8:d7:75:45:81:24,d8:d7:75:45:81:24,FunBox2-8124,-45,1,2412,False,False
1778943575.9881263,management,beacon,d8:d7:75:45:81:24,ff:ff:ff:ff:ff:ff,ff:ff:ff:ff:ff:ff,d8:d7:75:45:81:24,d8:d7:75:45:81:24,FunBox2-8124,-53,1,2412,False,False
1778943576.0905106,management,beacon,d8:d7:75:45:81:24,ff:ff:ff:ff:ff:ff,ff:ff:ff:ff:ff:ff,d8:d7:75:45:81:24,d8:d7:75:45:81:24,FunBox2-8124,-55,1,2412,False,False
1778943576.1929228,management,beacon,d8:d7:75:45:81:24,ff:ff:ff:ff:ff:ff,ff:ff:ff:ff:ff:ff,d8:d7:75:45:81:24,d8:d7:75:45:81:24,FunBox2-8124,-48,1,2412,False,False
1778943576.3977377,management,beacon,d8:d7:75:45:81:24,ff:ff:ff:ff:ff:ff,ff:ff:ff:ff:ff:ff,d8:d7:75:45:81:24,d8:d7:75:45:81:24,FunBox2-8124,-54,1,2412,False,False
1778943576.500161,management,beacon,d8:d7:75:45:81:24,ff:ff:ff:ff:ff:ff,ff:ff:ff:ff:ff:ff,d8:d7:75:45:81:24,d8:d7:75:45:81:24,FunBox2-8124,-47,1,2412,False,False
1778943576.6025724,management,beacon,d8:d7:75:45:81:24,ff:ff:ff:ff:ff:ff,ff:ff:ff:ff:ff:ff,d8:d7:75:45:81:24,d8:d7:75:45:81:24,FunBox2-8124,-47,1,2412,False,False
1778943576.7049642,management,beacon,d8:d7:75:45:81:24,ff:ff:ff:ff:ff:ff,ff:ff:ff:ff:ff:ff,d8:d7:75:45:81:24,d8:d7:75:45:81:24,FunBox2-8124,-52,1,2412,False,False
1778943576.9097598,management,beacon,d8:d7:75:45:81:24,ff:ff:ff:ff:ff:ff,ff:ff:ff:ff:ff:ff,d8:d7:75:45:81:24,d8:d7:75:45:81:24,FunBox2-8124,-51,1,2412,False,False
1778943577.0121546,management,beacon,d8:d7:75:45:81:24,ff:ff:ff:ff:ff:ff,ff:ff:ff:ff:ff:ff,d8:d7:75:45:81:24,d8:d7:75:45:81:24,FunBox2-8124,-46,1,2412,False,False
1778943577.0133183,data,null_data,50:02:91:e8:18:ec,d8:d7:75:45:81:24,d8:d7:75:45:81:24,50:02:91:e8:18:ec,d8:d7:75:45:81:24,,-82,1,2412,False,False
1778943577.0133224,control,ack,,50:02:91:e8:18:ec,50:02:91:e8:18:ec,,,,-47,1,2412,False,False
1778943577.1145477,management,beacon,d8:d7:75:45:81:24,ff:ff:ff:ff:ff:ff,ff:ff:ff:ff:ff:ff,d8:d7:75:45:81:24,d8:d7:75:45:81:24,FunBox2-8124,-50,1,2412,False,False
1778943577.1741393,data,null_data,50:02:91:e8:18:ec,d8:d7:75:45:81:24,d8:d7:75:45:81:24,50:02:91:e8:18:ec,d8:d7:75:45:81:24,,-82,1,2412,False,False
1778943577.1743088,data,null_data,50:02:91:e8:18:ec,d8:d7:75:45:81:24,d8:d7:75:45:81:24,50:02:91:e8:18:ec,d8:d7:75:45:81:24,,-83,1,2412,False,True
1778943577.1746745,data,null_data,50:02:91:e8:18:ec,d8:d7:75:45:81:24,d8:d7:75:45:81:24,50:02:91:e8:18:ec,d8:d7:75:45:81:24,,-84,1,2412,False,True
1778943577.1755867,data,null_data,50:02:91:e8:18:ec,d8:d7:75:45:81:24,d8:d7:75:45:81:24,50:02:91:e8:18:ec,d8:d7:75:45:81:24,,-84,1,2412,False,True
1778943577.1761637,data,null_data,50:02:91:e8:18:ec,d8:d7:75:45:81:24,d8:d7:75:45:81:24,50:02:91:e8:18:ec,d8:d7:75:45:81:24,,-83,1,2412,False,True
1778943577.1767051,data,null_data,50:02:91:e8:18:ec,d8:d7:75:45:81:24,d8:d7:75:45:81:24,50:02:91:e8:18:ec,d8:d7:75:45:81:24,,-84,1,2412,False,True
1778943577.1772726,data,null_data,50:02:91:e8:18:ec,d8:d7:75:45:81:24,d8:d7:75:45:81:24,50:02:91:e8:18:ec,d8:d7:75:45:81:24,,-83,1,2412,False,True
1778943577.177588,control,ack,,50:02:91:e8:18:ec,50:02:91:e8:18:ec,,,,-46,1,2412,False,False
1778943577.2169502,management,beacon,d8:d7:75:45:81:24,ff:ff:ff:ff:ff:ff,ff:ff:ff:ff:ff:ff,d8:d7:75:45:81:24,d8:d7:75:45:81:24,FunBox2-8124,-50,1,2412,False,False
1778943577.421767,management,beacon,d8:d7:75:45:81:24,ff:ff:ff:ff:ff:ff,ff:ff:ff:ff:ff:ff,d8:d7:75:45:81:24,d8:d7:75:45:81:24,FunBox2-8124,-46,1,2412,False,False
1778943577.5241604,management,beacon,d8:d7:75:45:81:24,ff:ff:ff:ff:ff:ff,ff:ff:ff:ff:ff:ff,d8:d7:75:45:81:24,d8:d7:75:45:81:24,FunBox2-8124,-47,1,2412,False,False
1778943577.6266222,management,beacon,d8:d7:75:45:81:24,ff:ff:ff:ff:ff:ff,ff:ff:ff:ff:ff:ff,d8:d7:75:45:81:24,d8:d7:75:45:81:24,FunBox2-8124,-47,1,2412,False,False
1778943577.7290225,management,beacon,d8:d7:75:45:81:24,ff:ff:ff:ff:ff:ff,ff:ff:ff:ff:ff:ff,d8:d7:75:45:81:24,d8:d7:75:45:81:24,FunBox2-8124,-47,1,2412,False,False
1778943577.9337723,management,beacon,d8:d7:75:45:81:24,ff:ff:ff:ff:ff:ff,ff:ff:ff:ff:ff:ff,d8:d7:75:45:81:24,d8:d7:75:45:81:24,FunBox2-8124,-49,1,2412,False,False
1778943578.0362117,management,beacon,d8:d7:75:45:81:24,ff:ff:ff:ff:ff:ff,ff:ff:ff:ff:ff:ff,d8:d7:75:45:81:24,d8:d7:75:45:81:24,FunBox2-8124,-50,1,2412,False,False
1778943578.1386263,management,beacon,d8:d7:75:45:81:24,ff:ff:ff:ff:ff:ff,ff:ff:ff:ff:ff:ff,d8:d7:75:45:81:24,d8:d7:75:45:81:24,FunBox2-8124,-51,1,2412,False,False
1778943578.2410266,management,beacon,d8:d7:75:45:81:24,ff:ff:ff:ff:ff:ff,ff:ff:ff:ff:ff:ff,d8:d7:75:45:81:24,d8:d7:75:45:81:24,FunBox2-8124,-49,1,2412,False,False
1778943578.343426,management,beacon,d8:d7:75:45:81:24,ff:ff:ff:ff:ff:ff,ff:ff:ff:ff:ff:ff,d8:d7:75:45:81:24,d8:d7:75:45:81:24,FunBox2-8124,-46,1,2412,False,False
1778943578.4458082,management,beacon,d8:d7:75:45:81:24,ff:ff:ff:ff:ff:ff,ff:ff:ff:ff:ff:ff,d8:d7:75:45:81:24,d8:d7:75:45:81:24,FunBox2-8124,-45,1,2412,False,False
1778943578.5482447,management,beacon,d8:d7:75:45:81:24,ff:ff:ff:ff:ff:ff,ff:ff:ff:ff:ff:ff,d8:d7:75:45:81:24,d8:d7:75:45:81:24,FunBox2-8124,-54,1,2412,False,False
1778943578.549414,data,null_data,50:02:91:e8:18:ec,d8:d7:75:45:81:24,d8:d7:75:45:81:24,50:02:91:e8:18:ec,d8:d7:75:45:81:24,,-80,1,2412,False,False
1778943578.5494182,control,ack,,50:02:91:e8:18:ec,50:02:91:e8:18:ec,,,,-56,1,2412,False,False
1778943578.650601,management,beacon,d8:d7:75:45:81:24,ff:ff:ff:ff:ff:ff,ff:ff:ff:ff:ff:ff,d8:d7:75:45:81:24,d8:d7:75:45:81:24,FunBox2-8124,-45,1,2412,False,False
1778943578.710203,data,null_data,50:02:91:e8:18:ec,d8:d7:75:45:81:24,d8:d7:75:45:81:24,50:02:91:e8:18:ec,d8:d7:75:45:81:24,,-80,1,2412,False,False
1778943578.7104156,data,null_data,50:02:91:e8:18:ec,d8:d7:75:45:81:24,d8:d7:75:45:81:24,50:02:91:e8:18:ec,d8:d7:75:45:81:24,,-82,1,2412,False,True
1778943578.7109282,data,null_data,50:02:91:e8:18:ec,d8:d7:75:45:81:24,d8:d7:75:45:81:24,50:02:91:e8:18:ec,d8:d7:75:45:81:24,,-84,1,2412,False,True
1778943578.7109313,control,ack,,50:02:91:e8:18:ec,50:02:91:e8:18:ec,,,,-47,1,2412,False,False
1778943578.753019,management,beacon,d8:d7:75:45:81:24,ff:ff:ff:ff:ff:ff,ff:ff:ff:ff:ff:ff,d8:d7:75:45:81:24,d8:d7:75:45:81:24,FunBox2-8124,-51,1,2412,False,False
1778943578.8554287,management,beacon,d8:d7:75:45:81:24,ff:ff:ff:ff:ff:ff,ff:ff:ff:ff:ff:ff,d8:d7:75:45:81:24,d8:d7:75:45:81:24,FunBox2-8124,-53,1,2412,False,False
1778943578.9578135,management,beacon,d8:d7:75:45:81:24,ff:ff:ff:ff:ff:ff,ff:ff:ff:ff:ff:ff,d8:d7:75:45:81:24,d8:d7:75:45:81:24,FunBox2-8124,-48,1,2412,False,False
1778943579.0602424,management,beacon,d8:d7:75:45:81:24,ff:ff:ff:ff:ff:ff,ff:ff:ff:ff:ff:ff,d8:d7:75:45:81:24,d8:d7:75:45:81:24,FunBox2-8124,-48,1,2412,False,False
1778943579.1626282,management,beacon,d8:d7:75:45:81:24,ff:ff:ff:ff:ff:ff,ff:ff:ff:ff:ff:ff,d8:d7:75:45:81:24,d8:d7:75:45:81:24,FunBox2-8124,-47,1,2412,False,False
1778943579.2650828,management,beacon,d8:d7:75:45:81:24,ff:ff:ff:ff:ff:ff,ff:ff:ff:ff:ff:ff,d8:d7:75:45:81:24,d8:d7:75:45:81:24,FunBox2-8124,-46,1,2412,False,False
1778943579.3674276,management,beacon,d8:d7:75:45:81:24,ff:ff:ff:ff:ff:ff,ff:ff:ff:ff:ff:ff,d8:d7:75:45:81:24,d8:d7:75:45:81:24,FunBox2-8124,-50,1,2412,False,False
1778943579.4698231,management,beacon,d8:d7:75:45:81:24,ff:ff:ff:ff:ff:ff,ff:ff:ff:ff:ff:ff,d8:d7:75:45:81:24,d8:d7:75:45:81:24,FunBox2-8124,-48,1,2412,False,False
1778943579.572243,management,beacon,d8:d7:75:45:81:24,ff:ff:ff:ff:ff:ff,ff:ff:ff:ff:ff:ff,d8:d7:75:45:81:24,d8:d7:75:45:81:24,FunBox2-8124,-47,1,2412,False,False
1778943579.6209033,data,null_data,50:02:91:e8:18:ec,d8:d7:75:45:81:24,d8:d7:75:45:81:24,50:02:91:e8:18:ec,d8:d7:75:45:81:24,,-81,1,2412,False,False
1778943579.6209147,control,ack,,50:02:91:e8:18:ec,50:02:91:e8:18:ec,,,,-49,1,2412,False,False
1778943579.6213362,data,null_data,50:02:91:e8:18:ec,d8:d7:75:45:81:24,d8:d7:75:45:81:24,50:02:91:e8:18:ec,d8:d7:75:45:81:24,,-84,1,2412,False,True
1778943579.6213381,control,ack,,50:02:91:e8:18:ec,50:02:91:e8:18:ec,,,,-55,1,2412,False,False
1778943579.7770388,management,beacon,d8:d7:75:45:81:24,ff:ff:ff:ff:ff:ff,ff:ff:ff:ff:ff:ff,d8:d7:75:45:81:24,d8:d7:75:45:81:24,FunBox2-8124,-49,1,2412,False,False
1778943579.7822769,data,null_data,50:02:91:e8:18:ec,d8:d7:75:45:81:24,d8:d7:75:45:81:24,50:02:91:e8:18:ec,d8:d7:75:45:81:24,,-82,1,2412,False,False
1778943579.7822824,control,ack,,50:02:91:e8:18:ec,50:02:91:e8:18:ec,,,,-48,1,2412,False,False
1778943579.8479319,management,probe_request,82:e7:7c:16:f2:e7,ff:ff:ff:ff:ff:ff,ff:ff:ff:ff:ff:ff,82:e7:7c:16:f2:e7,ff:ff:ff:ff:ff:ff,<hidden>,-57,1,2412,False,False
1778943579.8514485,control,ack,,d8:d7:75:45:81:24,d8:d7:75:45:81:24,,,,-60,1,2412,False,False
1778943579.8551157,control,ack,,ac:84:c6:41:71:22,ac:84:c6:41:71:22,,,,-59,1,2412,False,False
1778943579.8694348,management,probe_request,82:e7:7c:16:f2:e7,ff:ff:ff:ff:ff:ff,ff:ff:ff:ff:ff:ff,82:e7:7c:16:f2:e7,ff:ff:ff:ff:ff:ff,<hidden>,-57,1,2412,False,False
1778943579.872677,management,probe_response,d8:d7:75:45:81:24,82:e7:7c:16:f2:e7,82:e7:7c:16:f2:e7,d8:d7:75:45:81:24,d8:d7:75:45:81:24,FunBox2-8124,-52,1,2412,False,False
1778943579.8729708,control,ack,,d8:d7:75:45:81:24,d8:d7:75:45:81:24,,,,-60,1,2412,False,False
1778943579.8766332,control,ack,,ac:84:c6:41:71:22,ac:84:c6:41:71:22,,,,-57,1,2412,False,False
1778943579.9518914,management,probe_request,82:e7:7c:16:f2:e7,ff:ff:ff:ff:ff:ff,ff:ff:ff:ff:ff:ff,82:e7:7c:16:f2:e7,ff:ff:ff:ff:ff:ff,<hidden>,-58,1,2412,False,False
1778943579.9570458,control,ack,,90:9a:4a:b8:f5:43,90:9a:4a:b8:f5:43,,,,-58,1,2412,False,False
1778943579.9818451,management,beacon,d8:d7:75:45:81:24,ff:ff:ff:ff:ff:ff,ff:ff:ff:ff:ff:ff,d8:d7:75:45:81:24,d8:d7:75:45:81:24,FunBox2-8124,-50,1,2412,False,False
1778943580.0842848,management,beacon,d8:d7:75:45:81:24,ff:ff:ff:ff:ff:ff,ff:ff:ff:ff:ff:ff,d8:d7:75:45:81:24,d8:d7:75:45:81:24,FunBox2-8124,-47,1,2412,False,False
1778943580.0850587,data,data,d8:d7:75:45:81:24,ff:ff:ff:ff:ff:ff,ff:ff:ff:ff:ff:ff,d8:d7:75:45:81:24,d8:d7:75:45:81:24,,-47,1,2412,True,False
1778943580.0853765,control,ack,,d8:d7:75:45:81:24,d8:d7:75:45:81:24,,,,-83,1,2412,False,False
1778943580.0859687,data,null_data,50:02:91:e8:18:ec,d8:d7:75:45:81:24,d8:d7:75:45:81:24,50:02:91:e8:18:ec,d8:d7:75:45:81:24,,-84,1,2412,False,False
1778943580.0859714,control,ack,,50:02:91:e8:18:ec,50:02:91:e8:18:ec,,,,-54,1,2412,False,False
1778943580.0859728,data,null_data,50:02:91:e8:18:ec,d8:d7:75:45:81:24,d8:d7:75:45:81:24,50:02:91:e8:18:ec,d8:d7:75:45:81:24,,-82,1,2412,False,True
1778943580.0859737,control,ack,,50:02:91:e8:18:ec,50:02:91:e8:18:ec,,,,-50,1,2412,False,False
1778943580.0870578,data,data,d8:d7:75:45:81:24,ff:ff:ff:ff:ff:ff,ff:ff:ff:ff:ff:ff,d8:d7:75:45:81:24,d8:d7:75:45:81:24,,-51,1,2412,True,False
1778943580.0873718,control,ack,,d8:d7:75:45:81:24,d8:d7:75:45:81:24,,,,-84,1,2412,False,False
1778943580.2477524,data,null_data,50:02:91:e8:18:ec,d8:d7:75:45:81:24,d8:d7:75:45:81:24,50:02:91:e8:18:ec,d8:d7:75:45:81:24,,-82,1,2412,False,False
1778943580.247943,data,null_data,50:02:91:e8:18:ec,d8:d7:75:45:81:24,d8:d7:75:45:81:24,50:02:91:e8:18:ec,d8:d7:75:45:81:24,,-82,1,2412,False,True
1778943580.248252,data,null_data,50:02:91:e8:18:ec,d8:d7:75:45:81:24,d8:d7:75:45:81:24,50:02:91:e8:18:ec,d8:d7:75:45:81:24,,-84,1,2412,False,True
1778943580.2491362,data,null_data,50:02:91:e8:18:ec,d8:d7:75:45:81:24,d8:d7:75:45:81:24,50:02:91:e8:18:ec,d8:d7:75:45:81:24,,-84,1,2412,False,True
1778943580.2494507,control,ack,,50:02:91:e8:18:ec,50:02:91:e8:18:ec,,,,-47,1,2412,False,False
1778943580.2890692,management,beacon,d8:d7:75:45:81:24,ff:ff:ff:ff:ff:ff,ff:ff:ff:ff:ff:ff,d8:d7:75:45:81:24,d8:d7:75:45:81:24,FunBox2-8124,-52,1,2412,False,False
1778943580.493878,management,beacon,d8:d7:75:45:81:24,ff:ff:ff:ff:ff:ff,ff:ff:ff:ff:ff:ff,d8:d7:75:45:81:24,d8:d7:75:45:81:24,FunBox2-8124,-47,1,2412,False,False
1778943580.5962703,management,beacon,d8:d7:75:45:81:24,ff:ff:ff:ff:ff:ff,ff:ff:ff:ff:ff:ff,d8:d7:75:45:81:24,d8:d7:75:45:81:24,FunBox2-8124,-53,1,2412,False,False
1778943580.6986716,management,beacon,d8:d7:75:45:81:24,ff:ff:ff:ff:ff:ff,ff:ff:ff:ff:ff:ff,d8:d7:75:45:81:24,d8:d7:75:45:81:24,FunBox2-8124,-48,1,2412,False,False
1778943580.8010595,management,beacon,d8:d7:75:45:81:24,ff:ff:ff:ff:ff:ff,ff:ff:ff:ff:ff:ff,d8:d7:75:45:81:24,d8:d7:75:45:81:24,FunBox2-8124,-48,1,2412,False,False
1778943580.9034667,management,beacon,d8:d7:75:45:81:24,ff:ff:ff:ff:ff:ff,ff:ff:ff:ff:ff:ff,d8:d7:75:45:81:24,d8:d7:75:45:81:24,FunBox2-8124,-48,1,2412,False,False
1778943581.0058672,management,beacon,d8:d7:75:45:81:24,ff:ff:ff:ff:ff:ff,ff:ff:ff:ff:ff:ff,d8:d7:75:45:81:24,d8:d7:75:45:81:24,FunBox2-8124,-51,1,2412,False,False
1778943581.1082811,management,beacon,d8:d7:75:45:81:24,ff:ff:ff:ff:ff:ff,ff:ff:ff:ff:ff:ff,d8:d7:75:45:81:24,d8:d7:75:45:81:24,FunBox2-8124,-53,1,2412,False,False
1778943581.3130932,management,beacon,d8:d7:75:45:81:24,ff:ff:ff:ff:ff:ff,ff:ff:ff:ff:ff:ff,d8:d7:75:45:81:24,d8:d7:75:45:81:24,FunBox2-8124,-52,1,2412,False,False
1778943581.5179465,management,beacon,d8:d7:75:45:81:24,ff:ff:ff:ff:ff:ff,ff:ff:ff:ff:ff:ff,d8:d7:75:45:81:24,d8:d7:75:45:81:24,FunBox2-8124,-49,1,2412,False,False
1778943581.6203158,management,beacon,d8:d7:75:45:81:24,ff:ff:ff:ff:ff:ff,ff:ff:ff:ff:ff:ff,d8:d7:75:45:81:24,d8:d7:75:45:81:24,FunBox2-8124,-48,1,2412,False,False
1778943581.8251517,management,beacon,d8:d7:75:45:81:24,ff:ff:ff:ff:ff:ff,ff:ff:ff:ff:ff:ff,d8:d7:75:45:81:24,d8:d7:75:45:81:24,FunBox2-8124,-48,1,2412,False,False
1778943581.9275053,management,beacon,d8:d7:75:45:81:24,ff:ff:ff:ff:ff:ff,ff:ff:ff:ff:ff:ff,d8:d7:75:45:81:24,d8:d7:75:45:81:24,FunBox2-8124,-48,1,2412,False,False
1778943581.9287071,data,null_data,50:02:91:e8:18:ec,d8:d7:75:45:81:24,d8:d7:75:45:81:24,50:02:91:e8:18:ec,d8:d7:75:45:81:24,,-82,1,2412,False,False
1778943581.9287114,control,ack,,50:02:91:e8:18:ec,50:02:91:e8:18:ec,,,,-50,1,2412,False,False
1778943582.0299392,management,beacon,d8:d7:75:45:81:24,ff:ff:ff:ff:ff:ff,ff:ff:ff:ff:ff:ff,d8:d7:75:45:81:24,d8:d7:75:45:81:24,FunBox2-8124,-48,1,2412,False,False
1778943582.1323345,management,beacon,d8:d7:75:45:81:24,ff:ff:ff:ff:ff:ff,ff:ff:ff:ff:ff:ff,d8:d7:75:45:81:24,d8:d7:75:45:81:24,FunBox2-8124,-51,1,2412,False,False
1778943582.2347198,management,beacon,d8:d7:75:45:81:24,ff:ff:ff:ff:ff:ff,ff:ff:ff:ff:ff:ff,d8:d7:75:45:81:24,d8:d7:75:45:81:24,FunBox2-8124,-48,1,2412,False,False
1778943582.337139,management,beacon,d8:d7:75:45:81:24,ff:ff:ff:ff:ff:ff,ff:ff:ff:ff:ff:ff,d8:d7:75:45:81:24,d8:d7:75:45:81:24,FunBox2-8124,-47,1,2412,False,False
1778943582.439524,management,beacon,d8:d7:75:45:81:24,ff:ff:ff:ff:ff:ff,ff:ff:ff:ff:ff:ff,d8:d7:75:45:81:24,d8:d7:75:45:81:24,FunBox2-8124,-48,1,2412,False,False
1778943582.5421298,management,beacon,d8:d7:75:45:81:24,ff:ff:ff:ff:ff:ff,ff:ff:ff:ff:ff:ff,d8:d7:75:45:81:24,d8:d7:75:45:81:24,FunBox2-8124,-48,1,2412,False,False
1778943582.6443524,management,beacon,d8:d7:75:45:81:24,ff:ff:ff:ff:ff:ff,ff:ff:ff:ff:ff:ff,d8:d7:75:45:81:24,d8:d7:75:45:81:24,FunBox2-8124,-52,1,2412,False,False
1778943582.7491884,management,beacon,d8:d7:75:45:81:24,ff:ff:ff:ff:ff:ff,ff:ff:ff:ff:ff:ff,d8:d7:75:45:81:24,d8:d7:75:45:81:24,FunBox2-8124,-51,1,2412,False,False
1778943582.8491569,management,beacon,d8:d7:75:45:81:24,ff:ff:ff:ff:ff:ff,ff:ff:ff:ff:ff:ff,d8:d7:75:45:81:24,d8:d7:75:45:81:24,FunBox2-8124,-48,1,2412,False,False
1778943582.9515903,management,beacon,d8:d7:75:45:81:24,ff:ff:ff:ff:ff:ff,ff:ff:ff:ff:ff:ff,d8:d7:75:45:81:24,d8:d7:75:45:81:24,FunBox2-8124,-49,1,2412,False,False
1778943583.053971,management,beacon,d8:d7:75:45:81:24,ff:ff:ff:ff:ff:ff,ff:ff:ff:ff:ff:ff,d8:d7:75:45:81:24,d8:d7:75:45:81:24,FunBox2-8124,-49,1,2412,False,False
1778943583.1564314,management,beacon,d8:d7:75:45:81:24,ff:ff:ff:ff:ff:ff,ff:ff:ff:ff:ff:ff,d8:d7:75:45:81:24,d8:d7:75:45:81:24,FunBox2-8124,-52,1,2412,False,False
1778943583.3612137,management,beacon,d8:d7:75:45:81:24,ff:ff:ff:ff:ff:ff,ff:ff:ff:ff:ff:ff,d8:d7:75:45:81:24,d8:d7:75:45:81:24,FunBox2-8124,-49,1,2412,False,False
1778943583.463598,management,beacon,d8:d7:75:45:81:24,ff:ff:ff:ff:ff:ff,ff:ff:ff:ff:ff:ff,d8:d7:75:45:81:24,d8:d7:75:45:81:24,FunBox2-8124,-48,1,2412,False,False
1778943583.464824,control,ack,,50:02:91:e8:18:ec,50:02:91:e8:18:ec,,,,-51,1,2412,False,False
1778943583.5660105,management,beacon,d8:d7:75:45:81:24,ff:ff:ff:ff:ff:ff,ff:ff:ff:ff:ff:ff,d8:d7:75:45:81:24,d8:d7:75:45:81:24,FunBox2-8124,-49,1,2412,False,False
1778943583.6257045,data,null_data,50:02:91:e8:18:ec,d8:d7:75:45:81:24,d8:d7:75:45:81:24,50:02:91:e8:18:ec,d8:d7:75:45:81:24,,-83,1,2412,False,False
1778943583.62572,control,ack,,50:02:91:e8:18:ec,50:02:91:e8:18:ec,,,,-50,1,2412,False,False
1778943583.6684194,management,beacon,d8:d7:75:45:81:24,ff:ff:ff:ff:ff:ff,ff:ff:ff:ff:ff:ff,d8:d7:75:45:81:24,d8:d7:75:45:81:24,FunBox2-8124,-48,1,2412,False,False
1778943583.7707994,management,beacon,d8:d7:75:45:81:24,ff:ff:ff:ff:ff:ff,ff:ff:ff:ff:ff:ff,d8:d7:75:45:81:24,d8:d7:75:45:81:24,FunBox2-8124,-46,1,2412,False,False
1778943583.87318,management,beacon,d8:d7:75:45:81:24,ff:ff:ff:ff:ff:ff,ff:ff:ff:ff:ff:ff,d8:d7:75:45:81:24,d8:d7:75:45:81:24,FunBox2-8124,-47,1,2412,False,False
1778943583.9756289,management,beacon,d8:d7:75:45:81:24,ff:ff:ff:ff:ff:ff,ff:ff:ff:ff:ff:ff,d8:d7:75:45:81:24,d8:d7:75:45:81:24,FunBox2-8124,-50,1,2412,False,False
1778943584.0780637,management,beacon,d8:d7:75:45:81:24,ff:ff:ff:ff:ff:ff,ff:ff:ff:ff:ff:ff,d8:d7:75:45:81:24,d8:d7:75:45:81:24,FunBox2-8124,-48,1,2412,False,False
1778943584.0796888,data,data,d8:d7:75:45:81:24,33:33:00:00:00:01,33:33:00:00:00:01,d8:d7:75:45:81:24,d8:d7:75:45:81:24,,-49,1,2412,True,False
1778943584.0814843,data,data,d8:d7:75:45:81:24,33:33:00:00:00:01,33:33:00:00:00:01,d8:d7:75:45:81:24,d8:d7:75:45:81:24,,-49,1,2412,True,False
1778943584.0819921,control,ack,,d8:d7:75:45:81:24,d8:d7:75:45:81:24,,,,-82,1,2412,False,False
1778943584.0819948,data,null_data,50:02:91:e8:18:ec,d8:d7:75:45:81:24,d8:d7:75:45:81:24,50:02:91:e8:18:ec,d8:d7:75:45:81:24,,-83,1,2412,False,False
1778943584.0819964,control,ack,,50:02:91:e8:18:ec,50:02:91:e8:18:ec,,,,-50,1,2412,False,False
1778943584.1804044,management,beacon,d8:d7:75:45:81:24,ff:ff:ff:ff:ff:ff,ff:ff:ff:ff:ff:ff,d8:d7:75:45:81:24,d8:d7:75:45:81:24,FunBox2-8124,-47,1,2412,False,False
1778943584.244333,data,null_data,50:02:91:e8:18:ec,d8:d7:75:45:81:24,d8:d7:75:45:81:24,50:02:91:e8:18:ec,d8:d7:75:45:81:24,,-84,1,2412,False,True
1778943584.3852108,management,beacon,d8:d7:75:45:81:24,ff:ff:ff:ff:ff:ff,ff:ff:ff:ff:ff:ff,d8:d7:75:45:81:24,d8:d7:75:45:81:24,FunBox2-8124,-47,1,2412,False,False
1778943584.487626,management,beacon,d8:d7:75:45:81:24,ff:ff:ff:ff:ff:ff,ff:ff:ff:ff:ff:ff,d8:d7:75:45:81:24,d8:d7:75:45:81:24,FunBox2-8124,-50,1,2412,False,False
1778943584.5900116,management,beacon,d8:d7:75:45:81:24,ff:ff:ff:ff:ff:ff,ff:ff:ff:ff:ff:ff,d8:d7:75:45:81:24,d8:d7:75:45:81:24,FunBox2-8124,-52,1,2412,False,False
1778943584.6924496,management,beacon,d8:d7:75:45:81:24,ff:ff:ff:ff:ff:ff,ff:ff:ff:ff:ff:ff,d8:d7:75:45:81:24,d8:d7:75:45:81:24,FunBox2-8124,-51,1,2412,False,False
1778943584.7948475,management,beacon,d8:d7:75:45:81:24,ff:ff:ff:ff:ff:ff,ff:ff:ff:ff:ff:ff,d8:d7:75:45:81:24,d8:d7:75:45:81:24,FunBox2-8124,-44,1,2412,False,False
1778943584.8972478,management,beacon,d8:d7:75:45:81:24,ff:ff:ff:ff:ff:ff,ff:ff:ff:ff:ff:ff,d8:d7:75:45:81:24,d8:d7:75:45:81:24,FunBox2-8124,-44,1,2412,False,False
1778943584.9996636,management,beacon,d8:d7:75:45:81:24,ff:ff:ff:ff:ff:ff,ff:ff:ff:ff:ff:ff,d8:d7:75:45:81:24,d8:d7:75:45:81:24,FunBox2-8124,-44,1,2412,False,False
1778943585.10205,management,beacon,d8:d7:75:45:81:24,ff:ff:ff:ff:ff:ff,ff:ff:ff:ff:ff:ff,d8:d7:75:45:81:24,d8:d7:75:45:81:24,FunBox2-8124,-43,1,2412,False,False
1778943585.2044883,management,beacon,d8:d7:75:45:81:24,ff:ff:ff:ff:ff:ff,ff:ff:ff:ff:ff:ff,d8:d7:75:45:81:24,d8:d7:75:45:81:24,FunBox2-8124,-50,1,2412,False,False
1778943585.3068445,management,beacon,d8:d7:75:45:81:24,ff:ff:ff:ff:ff:ff,ff:ff:ff:ff:ff:ff,d8:d7:75:45:81:24,d8:d7:75:45:81:24,FunBox2-8124,-44,1,2412,False,False
1778943585.4092607,management,beacon,d8:d7:75:45:81:24,ff:ff:ff:ff:ff:ff,ff:ff:ff:ff:ff:ff,d8:d7:75:45:81:24,d8:d7:75:45:81:24,FunBox2-8124,-49,1,2412,False,False
1778943585.5117004,management,beacon,d8:d7:75:45:81:24,ff:ff:ff:ff:ff:ff,ff:ff:ff:ff:ff:ff,d8:d7:75:45:81:24,d8:d7:75:45:81:24,FunBox2-8124,-49,1,2412,False,False
1778943585.6140962,management,beacon,d8:d7:75:45:81:24,ff:ff:ff:ff:ff:ff,ff:ff:ff:ff:ff:ff,d8:d7:75:45:81:24,d8:d7:75:45:81:24,FunBox2-8124,-49,1,2412,False,False
1778943585.7164474,management,beacon,d8:d7:75:45:81:24,ff:ff:ff:ff:ff:ff,ff:ff:ff:ff:ff:ff,d8:d7:75:45:81:24,d8:d7:75:45:81:24,FunBox2-8124,-43,1,2412,False,False
1778943585.8189144,management,beacon,d8:d7:75:45:81:24,ff:ff:ff:ff:ff:ff,ff:ff:ff:ff:ff:ff,d8:d7:75:45:81:24,d8:d7:75:45:81:24,FunBox2-8124,-49,1,2412,False,False
1778943585.9212546,management,beacon,d8:d7:75:45:81:24,ff:ff:ff:ff:ff:ff,ff:ff:ff:ff:ff:ff,d8:d7:75:45:81:24,d8:d7:75:45:81:24,FunBox2-8124,-50,1,2412,False,False
1778943586.0237052,management,beacon,d8:d7:75:45:81:24,ff:ff:ff:ff:ff:ff,ff:ff:ff:ff:ff:ff,d8:d7:75:45:81:24,d8:d7:75:45:81:24,FunBox2-8124,-43,1,2412,False,False
1778943586.2285016,management,beacon,d8:d7:75:45:81:24,ff:ff:ff:ff:ff:ff,ff:ff:ff:ff:ff:ff,d8:d7:75:45:81:24,d8:d7:75:45:81:24,FunBox2-8124,-43,1,2412,False,False
1778943586.2297008,data,null_data,50:02:91:e8:18:ec,d8:d7:75:45:81:24,d8:d7:75:45:81:24,50:02:91:e8:18:ec,d8:d7:75:45:81:24,,-84,1,2412,False,False
1778943586.2297065,control,ack,,50:02:91:e8:18:ec,50:02:91:e8:18:ec,,,,-45,1,2412,False,False
1778943586.3308976,management,beacon,d8:d7:75:45:81:24,ff:ff:ff:ff:ff:ff,ff:ff:ff:ff:ff:ff,d8:d7:75:45:81:24,d8:d7:75:45:81:24,FunBox2-8124,-41,1,2412,False,False
1778943586.3905673,data,null_data,50:02:91:e8:18:ec,d8:d7:75:45:81:24,d8:d7:75:45:81:24,50:02:91:e8:18:ec,d8:d7:75:45:81:24,,-85,1,2412,False,False
1778943586.3905742,control,ack,,50:02:91:e8:18:ec,50:02:91:e8:18:ec,,,,-45,1,2412,False,False
1778943586.433281,management,beacon,d8:d7:75:45:81:24,ff:ff:ff:ff:ff:ff,ff:ff:ff:ff:ff:ff,d8:d7:75:45:81:24,d8:d7:75:45:81:24,FunBox2-8124,-49,1,2412,False,False
1778943586.535706,management,beacon,d8:d7:75:45:81:24,ff:ff:ff:ff:ff:ff,ff:ff:ff:ff:ff:ff,d8:d7:75:45:81:24,d8:d7:75:45:81:24,FunBox2-8124,-43,1,2412,False,False
1778943586.7405303,management,beacon,d8:d7:75:45:81:24,ff:ff:ff:ff:ff:ff,ff:ff:ff:ff:ff:ff,d8:d7:75:45:81:24,d8:d7:75:45:81:24,FunBox2-8124,-42,1,2412,False,False
1778943586.844098,management,beacon,d8:d7:75:45:81:24,ff:ff:ff:ff:ff:ff,ff:ff:ff:ff:ff:ff,d8:d7:75:45:81:24,d8:d7:75:45:81:24,FunBox2-8124,-44,1,2412,False,False
1778943586.9453077,management,beacon,d8:d7:75:45:81:24,ff:ff:ff:ff:ff:ff,ff:ff:ff:ff:ff:ff,d8:d7:75:45:81:24,d8:d7:75:45:81:24,FunBox2-8124,-52,1,2412,False,False
1778943587.047717,management,beacon,d8:d7:75:45:81:24,ff:ff:ff:ff:ff:ff,ff:ff:ff:ff:ff:ff,d8:d7:75:45:81:24,d8:d7:75:45:81:24,FunBox2-8124,-53,1,2412,False,False
1778943587.252508,management,beacon,d8:d7:75:45:81:24,ff:ff:ff:ff:ff:ff,ff:ff:ff:ff:ff:ff,d8:d7:75:45:81:24,d8:d7:75:45:81:24,FunBox2-8124,-51,1,2412,False,False
1778943587.3549275,management,beacon,d8:d7:75:45:81:24,ff:ff:ff:ff:ff:ff,ff:ff:ff:ff:ff:ff,d8:d7:75:45:81:24,d8:d7:75:45:81:24,FunBox2-8124,-53,1,2412,False,False
1778943587.4573116,management,beacon,d8:d7:75:45:81:24,ff:ff:ff:ff:ff:ff,ff:ff:ff:ff:ff:ff,d8:d7:75:45:81:24,d8:d7:75:45:81:24,FunBox2-8124,-51,1,2412,False,False
1778943587.5597565,management,beacon,d8:d7:75:45:81:24,ff:ff:ff:ff:ff:ff,ff:ff:ff:ff:ff:ff,d8:d7:75:45:81:24,d8:d7:75:45:81:24,FunBox2-8124,-41,1,2412,False,False
1778943587.764546,management,beacon,d8:d7:75:45:81:24,ff:ff:ff:ff:ff:ff,ff:ff:ff:ff:ff:ff,d8:d7:75:45:81:24,d8:d7:75:45:81:24,FunBox2-8124,-41,1,2412,False,False
1778943587.76575,control,ack,,50:02:91:e8:18:ec,50:02:91:e8:18:ec,,,,-45,1,2412,False,False
1778943587.86698,management,beacon,d8:d7:75:45:81:24,ff:ff:ff:ff:ff:ff,ff:ff:ff:ff:ff:ff,d8:d7:75:45:81:24,d8:d7:75:45:81:24,FunBox2-8124,-49,1,2412,False,False
1778943587.9266095,data,null_data,50:02:91:e8:18:ec,d8:d7:75:45:81:24,d8:d7:75:45:81:24,50:02:91:e8:18:ec,d8:d7:75:45:81:24,,-82,1,2412,False,False
1778943587.9266682,control,ack,,50:02:91:e8:18:ec,50:02:91:e8:18:ec,,,,-54,1,2412,False,False
1778943587.96933,management,beacon,d8:d7:75:45:81:24,ff:ff:ff:ff:ff:ff,ff:ff:ff:ff:ff:ff,d8:d7:75:45:81:24,d8:d7:75:45:81:24,FunBox2-8124,-49,1,2412,False,False
1778943588.1753788,management,beacon,d8:d7:75:45:81:24,ff:ff:ff:ff:ff:ff,ff:ff:ff:ff:ff:ff,d8:d7:75:45:81:24,d8:d7:75:45:81:24,FunBox2-8124,-42,1,2412,False,False
1778943588.2765896,management,beacon,d8:d7:75:45:81:24,ff:ff:ff:ff:ff:ff,ff:ff:ff:ff:ff:ff,d8:d7:75:45:81:24,d8:d7:75:45:81:24,FunBox2-8124,-42,1,2412,False,False
1778943588.3790245,management,beacon,d8:d7:75:45:81:24,ff:ff:ff:ff:ff:ff,ff:ff:ff:ff:ff:ff,d8:d7:75:45:81:24,d8:d7:75:45:81:24,FunBox2-8124,-42,1,2412,False,False
1778943588.3812113,data,data,d8:d7:75:45:81:24,33:33:00:00:00:01,33:33:00:00:00:01,d8:d7:75:45:81:24,d8:d7:75:45:81:24,,-41,1,2412,True,False
1778943588.3812172,data,null_data,50:02:91:e8:18:ec,d8:d7:75:45:81:24,d8:d7:75:45:81:24,50:02:91:e8:18:ec,d8:d7:75:45:81:24,,-84,1,2412,False,False
1778943588.3812182,control,ack,,50:02:91:e8:18:ec,50:02:91:e8:18:ec,,,,-45,1,2412,False,False
1778943588.3828714,data,data,d8:d7:75:45:81:24,33:33:00:00:00:16,33:33:00:00:00:16,d8:d7:75:45:81:24,a8:5e:45:c6:9f:b7,,-51,1,2412,True,False
1778943588.3831801,control,ack,,d8:d7:75:45:81:24,d8:d7:75:45:81:24,,,,-87,1,2412,False,False
1778943588.481366,management,beacon,d8:d7:75:45:81:24,ff:ff:ff:ff:ff:ff,ff:ff:ff:ff:ff:ff,d8:d7:75:45:81:24,d8:d7:75:45:81:24,FunBox2-8124,-50,1,2412,False,False
1778943588.5436435,data,null_data,50:02:91:e8:18:ec,d8:d7:75:45:81:24,d8:d7:75:45:81:24,50:02:91:e8:18:ec,d8:d7:75:45:81:24,,-82,1,2412,False,False
1778943588.5436587,control,ack,,50:02:91:e8:18:ec,50:02:91:e8:18:ec,,,,-45,1,2412,False,False
1778943588.5837567,management,beacon,d8:d7:75:45:81:24,ff:ff:ff:ff:ff:ff,ff:ff:ff:ff:ff:ff,d8:d7:75:45:81:24,d8:d7:75:45:81:24,FunBox2-8124,-44,1,2412,False,False
1778943588.6722565,data,qos_null,aa:23:4f:4d:00:cf,74:ea:3a:a1:53:a6,74:ea:3a:a1:53:a6,aa:23:4f:4d:00:cf,74:ea:3a:a1:53:a6,,-87,1,2412,False,False
1778943588.7886188,management,beacon,d8:d7:75:45:81:24,ff:ff:ff:ff:ff:ff,ff:ff:ff:ff:ff:ff,d8:d7:75:45:81:24,d8:d7:75:45:81:24,FunBox2-8124,-43,1,2412,False,False
1778943588.8911982,management,beacon,d8:d7:75:45:81:24,ff:ff:ff:ff:ff:ff,ff:ff:ff:ff:ff:ff,d8:d7:75:45:81:24,d8:d7:75:45:81:24,FunBox2-8124,-43,1,2412,False,False
1778943588.9934413,management,beacon,d8:d7:75:45:81:24,ff:ff:ff:ff:ff:ff,ff:ff:ff:ff:ff:ff,d8:d7:75:45:81:24,d8:d7:75:45:81:24,FunBox2-8124,-42,1,2412,False,False
1778943588.9951324,data,data,d8:d7:75:45:81:24,33:33:00:00:00:16,33:33:00:00:00:16,d8:d7:75:45:81:24,a8:5e:45:c6:9f:b7,,-42,1,2412,True,False
1778943588.9958324,control,ack,,d8:d7:75:45:81:24,d8:d7:75:45:81:24,,,,-86,1,2412,False,False
1778943588.9958348,data,null_data,50:02:91:e8:18:ec,d8:d7:75:45:81:24,d8:d7:75:45:81:24,50:02:91:e8:18:ec,d8:d7:75:45:81:24,,-82,1,2412,False,False
1778943588.9958358,control,ack,,50:02:91:e8:18:ec,50:02:91:e8:18:ec,,,,-52,1,2412,False,False
1778943588.9958367,data,null_data,50:02:91:e8:18:ec,d8:d7:75:45:81:24,d8:d7:75:45:81:24,50:02:91:e8:18:ec,d8:d7:75:45:81:24,,-84,1,2412,False,True
1778943588.9958375,control,ack,,50:02:91:e8:18:ec,50:02:91:e8:18:ec,,,,-53,1,2412,False,False
1778943588.9972403,data,data,d8:d7:75:45:81:24,33:33:00:00:00:01,33:33:00:00:00:01,d8:d7:75:45:81:24,d8:d7:75:45:81:24,,-52,1,2412,True,False
1778943588.9975724,control,ack,,d8:d7:75:45:81:24,d8:d7:75:45:81:24,,,,-85,1,2412,False,False
1778943589.0010183,data,data,d8:d7:75:45:81:24,33:33:00:00:00:02,33:33:00:00:00:02,d8:d7:75:45:81:24,a8:5e:45:c6:9f:b7,,-51,1,2412,True,False
1778943589.0958295,management,beacon,d8:d7:75:45:81:24,ff:ff:ff:ff:ff:ff,ff:ff:ff:ff:ff:ff,d8:d7:75:45:81:24,d8:d7:75:45:81:24,FunBox2-8124,-42,1,2412,False,False
1778943589.1618679,data,null_data,50:02:91:e8:18:ec,d8:d7:75:45:81:24,d8:d7:75:45:81:24,50:02:91:e8:18:ec,d8:d7:75:45:81:24,,-82,1,2412,False,False
1778943589.1618812,control,ack,,50:02:91:e8:18:ec,50:02:91:e8:18:ec,,,,-44,1,2412,False,False
1778943589.3006425,management,beacon,d8:d7:75:45:81:24,ff:ff:ff:ff:ff:ff,ff:ff:ff:ff:ff:ff,d8:d7:75:45:81:24,d8:d7:75:45:81:24,FunBox2-8124,-48,1,2412,False,False
1778943589.4030366,management,beacon,d8:d7:75:45:81:24,ff:ff:ff:ff:ff:ff,ff:ff:ff:ff:ff:ff,d8:d7:75:45:81:24,d8:d7:75:45:81:24,FunBox2-8124,-48,1,2412,False,False
1778943589.5054066,management,beacon,d8:d7:75:45:81:24,ff:ff:ff:ff:ff:ff,ff:ff:ff:ff:ff:ff,d8:d7:75:45:81:24,d8:d7:75:45:81:24,FunBox2-8124,-44,1,2412,False,False
1778943589.6078498,management,beacon,d8:d7:75:45:81:24,ff:ff:ff:ff:ff:ff,ff:ff:ff:ff:ff:ff,d8:d7:75:45:81:24,d8:d7:75:45:81:24,FunBox2-8124,-41,1,2412,False,False
1778943589.6213188,data,null_data,50:02:91:e8:18:ec,d8:d7:75:45:81:24,d8:d7:75:45:81:24,50:02:91:e8:18:ec,d8:d7:75:45:81:24,,-83,1,2412,False,False
1778943589.621331,control,ack,,50:02:91:e8:18:ec,50:02:91:e8:18:ec,,,,-44,1,2412,False,False
1778943589.6219988,data,null_data,50:02:91:e8:18:ec,d8:d7:75:45:81:24,d8:d7:75:45:81:24,50:02:91:e8:18:ec,d8:d7:75:45:81:24,,-86,1,2412,False,True
1778943589.6220038,control,ack,,50:02:91:e8:18:ec,50:02:91:e8:18:ec,,,,-50,1,2412,False,False
1778943589.782872,data,null_data,50:02:91:e8:18:ec,d8:d7:75:45:81:24,d8:d7:75:45:81:24,50:02:91:e8:18:ec,d8:d7:75:45:81:24,,-84,1,2412,False,False
1778943589.7828777,control,ack,,50:02:91:e8:18:ec,50:02:91:e8:18:ec,,,,-52,1,2412,False,False
1778943589.8126307,management,beacon,d8:d7:75:45:81:24,ff:ff:ff:ff:ff:ff,ff:ff:ff:ff:ff:ff,d8:d7:75:45:81:24,d8:d7:75:45:81:24,FunBox2-8124,-51,1,2412,False,False
1778943589.9150016,management,beacon,d8:d7:75:45:81:24,ff:ff:ff:ff:ff:ff,ff:ff:ff:ff:ff:ff,d8:d7:75:45:81:24,d8:d7:75:45:81:24,FunBox2-8124,-42,1,2412,False,False
1778943590.0174186,management,beacon,d8:d7:75:45:81:24,ff:ff:ff:ff:ff:ff,ff:ff:ff:ff:ff:ff,d8:d7:75:45:81:24,d8:d7:75:45:81:24,FunBox2-8124,-42,1,2412,False,False
1778943590.1198187,management,beacon,d8:d7:75:45:81:24,ff:ff:ff:ff:ff:ff,ff:ff:ff:ff:ff:ff,d8:d7:75:45:81:24,d8:d7:75:45:81:24,FunBox2-8124,-42,1,2412,False,False
1778943590.4270313,management,beacon,d8:d7:75:45:81:24,ff:ff:ff:ff:ff:ff,ff:ff:ff:ff:ff:ff,d8:d7:75:45:81:24,d8:d7:75:45:81:24,FunBox2-8124,-43,1,2412,False,False
1778943590.5294626,management,beacon,d8:d7:75:45:81:24,ff:ff:ff:ff:ff:ff,ff:ff:ff:ff:ff:ff,d8:d7:75:45:81:24,d8:d7:75:45:81:24,FunBox2-8124,-42,1,2412,False,False
1778943590.5306747,data,null_data,50:02:91:e8:18:ec,d8:d7:75:45:81:24,d8:d7:75:45:81:24,50:02:91:e8:18:ec,d8:d7:75:45:81:24,,-84,1,2412,False,False
1778943590.5306814,control,ack,,50:02:91:e8:18:ec,50:02:91:e8:18:ec,,,,-44,1,2412,False,False
1778943590.631882,management,beacon,d8:d7:75:45:81:24,ff:ff:ff:ff:ff:ff,ff:ff:ff:ff:ff:ff,d8:d7:75:45:81:24,d8:d7:75:45:81:24,FunBox2-8124,-44,1,2412,False,False
1778943590.691505,data,null_data,50:02:91:e8:18:ec,d8:d7:75:45:81:24,d8:d7:75:45:81:24,50:02:91:e8:18:ec,d8:d7:75:45:81:24,,-84,1,2412,False,False
1778943590.6915495,control,ack,,50:02:91:e8:18:ec,50:02:91:e8:18:ec,,,,-53,1,2412,False,False
1778943590.9390657,management,beacon,d8:d7:75:45:81:24,ff:ff:ff:ff:ff:ff,ff:ff:ff:ff:ff:ff,d8:d7:75:45:81:24,d8:d7:75:45:81:24,FunBox2-8124,-42,1,2412,False,False
1778943591.0415013,management,beacon,d8:d7:75:45:81:24,ff:ff:ff:ff:ff:ff,ff:ff:ff:ff:ff:ff,d8:d7:75:45:81:24,d8:d7:75:45:81:24,FunBox2-8124,-52,1,2412,False,False
1778943591.1438363,management,beacon,d8:d7:75:45:81:24,ff:ff:ff:ff:ff:ff,ff:ff:ff:ff:ff:ff,d8:d7:75:45:81:24,d8:d7:75:45:81:24,FunBox2-8124,-43,1,2412,False,False
1778943591.2462592,management,beacon,d8:d7:75:45:81:24,ff:ff:ff:ff:ff:ff,ff:ff:ff:ff:ff:ff,d8:d7:75:45:81:24,d8:d7:75:45:81:24,FunBox2-8124,-43,1,2412,False,False
1778943591.4510932,management,beacon,d8:d7:75:45:81:24,ff:ff:ff:ff:ff:ff,ff:ff:ff:ff:ff:ff,d8:d7:75:45:81:24,d8:d7:75:45:81:24,FunBox2-8124,-42,1,2412,False,False
1778943591.4529815,data,data,d8:d7:75:45:81:24,33:33:00:00:00:01,33:33:00:00:00:01,d8:d7:75:45:81:24,d8:d7:75:45:81:24,,-42,1,2412,True,False
1778943591.4536498,control,ack,,50:02:91:e8:18:ec,50:02:91:e8:18:ec,,,,-56,1,2412,False,False
1778943591.5534613,management,beacon,d8:d7:75:45:81:24,ff:ff:ff:ff:ff:ff,ff:ff:ff:ff:ff:ff,d8:d7:75:45:81:24,d8:d7:75:45:81:24,FunBox2-8124,-42,1,2412,False,False
1778943591.6559074,management,beacon,d8:d7:75:45:81:24,ff:ff:ff:ff:ff:ff,ff:ff:ff:ff:ff:ff,d8:d7:75:45:81:24,d8:d7:75:45:81:24,FunBox2-8124,-55,1,2412,False,False
1778943591.9247925,data,null_data,50:02:91:e8:18:ec,d8:d7:75:45:81:24,d8:d7:75:45:81:24,50:02:91:e8:18:ec,d8:d7:75:45:81:24,,-84,1,2412,False,False
1778943591.9248013,control,ack,,50:02:91:e8:18:ec,50:02:91:e8:18:ec,,,,-46,1,2412,False,False
1778943591.9630775,management,beacon,d8:d7:75:45:81:24,ff:ff:ff:ff:ff:ff,ff:ff:ff:ff:ff:ff,d8:d7:75:45:81:24,d8:d7:75:45:81:24,FunBox2-8124,-42,1,2412,False,False
1778943592.0654824,management,beacon,d8:d7:75:45:81:24,ff:ff:ff:ff:ff:ff,ff:ff:ff:ff:ff:ff,d8:d7:75:45:81:24,d8:d7:75:45:81:24,FunBox2-8124,-43,1,2412,False,False
1778943592.0670526,data,data,d8:d7:75:45:81:24,33:33:00:00:00:16,33:33:00:00:00:16,d8:d7:75:45:81:24,a8:5e:45:c6:9f:b7,,-44,1,2412,True,False
1778943592.0692787,control,ack,,50:02:91:e8:18:ec,50:02:91:e8:18:ec,,,,-53,1,2412,False,False
1778943592.1678982,management,beacon,d8:d7:75:45:81:24,ff:ff:ff:ff:ff:ff,ff:ff:ff:ff:ff:ff,d8:d7:75:45:81:24,d8:d7:75:45:81:24,FunBox2-8124,-43,1,2412,False,False
1778943592.2301922,data,null_data,50:02:91:e8:18:ec,d8:d7:75:45:81:24,d8:d7:75:45:81:24,50:02:91:e8:18:ec,d8:d7:75:45:81:24,,-84,1,2412,False,False
1778943592.2302074,control,ack,,50:02:91:e8:18:ec,50:02:91:e8:18:ec,,,,-57,1,2412,False,False
1778943592.2703044,management,beacon,d8:d7:75:45:81:24,ff:ff:ff:ff:ff:ff,ff:ff:ff:ff:ff:ff,d8:d7:75:45:81:24,d8:d7:75:45:81:24,FunBox2-8124,-56,1,2412,False,False
1778943592.3727036,management,beacon,d8:d7:75:45:81:24,ff:ff:ff:ff:ff:ff,ff:ff:ff:ff:ff:ff,d8:d7:75:45:81:24,d8:d7:75:45:81:24,FunBox2-8124,-43,1,2412,False,False
1778943592.4751399,management,beacon,d8:d7:75:45:81:24,ff:ff:ff:ff:ff:ff,ff:ff:ff:ff:ff:ff,d8:d7:75:45:81:24,d8:d7:75:45:81:24,FunBox2-8124,-54,1,2412,False,False
1778943592.5775273,management,beacon,d8:d7:75:45:81:24,ff:ff:ff:ff:ff:ff,ff:ff:ff:ff:ff:ff,d8:d7:75:45:81:24,d8:d7:75:45:81:24,FunBox2-8124,-43,1,2412,False,False
1778943592.679911,management,beacon,d8:d7:75:45:81:24,ff:ff:ff:ff:ff:ff,ff:ff:ff:ff:ff:ff,d8:d7:75:45:81:24,d8:d7:75:45:81:24,FunBox2-8124,-44,1,2412,False,False
1778943592.7823627,management,beacon,d8:d7:75:45:81:24,ff:ff:ff:ff:ff:ff,ff:ff:ff:ff:ff:ff,d8:d7:75:45:81:24,d8:d7:75:45:81:24,FunBox2-8124,-51,1,2412,False,False
1778943592.8847904,management,beacon,d8:d7:75:45:81:24,ff:ff:ff:ff:ff:ff,ff:ff:ff:ff:ff:ff,d8:d7:75:45:81:24,d8:d7:75:45:81:24,FunBox2-8124,-43,1,2412,False,False
1778943592.987111,management,beacon,d8:d7:75:45:81:24,ff:ff:ff:ff:ff:ff,ff:ff:ff:ff:ff:ff,d8:d7:75:45:81:24,d8:d7:75:45:81:24,FunBox2-8124,-41,1,2412,False,False
1778943593.1919274,management,beacon,d8:d7:75:45:81:24,ff:ff:ff:ff:ff:ff,ff:ff:ff:ff:ff:ff,d8:d7:75:45:81:24,d8:d7:75:45:81:24,FunBox2-8124,-51,1,2412,False,False
1778943593.2943563,management,beacon,d8:d7:75:45:81:24,ff:ff:ff:ff:ff:ff,ff:ff:ff:ff:ff:ff,d8:d7:75:45:81:24,d8:d7:75:45:81:24,FunBox2-8124,-51,1,2412,False,False
1778943593.2956495,data,null_data,50:02:91:e8:18:ec,d8:d7:75:45:81:24,d8:d7:75:45:81:24,50:02:91:e8:18:ec,d8:d7:75:45:81:24,,-83,1,2412,False,True
1778943593.2974746,data,null_data,50:02:91:e8:18:ec,d8:d7:75:45:81:24,d8:d7:75:45:81:24,50:02:91:e8:18:ec,d8:d7:75:45:81:24,,-85,1,2412,False,True
1778943593.2977872,control,ack,,50:02:91:e8:18:ec,50:02:91:e8:18:ec,,,,-41,1,2412,False,False
1778943593.299357,data,data,d8:d7:75:45:81:24,01:00:5e:00:00:fb,01:00:5e:00:00:fb,d8:d7:75:45:81:24,e6:12:a8:93:5a:78,,-52,1,2412,True,False
1778943593.2996457,control,ack,,d8:d7:75:45:81:24,d8:d7:75:45:81:24,,,,-85,1,2412,False,False
1778943593.3013227,data,data,d8:d7:75:45:81:24,33:33:00:00:00:fb,33:33:00:00:00:fb,d8:d7:75:45:81:24,e6:12:a8:93:5a:78,,-51,1,2412,True,False
1778943593.3967333,management,beacon,d8:d7:75:45:81:24,ff:ff:ff:ff:ff:ff,ff:ff:ff:ff:ff:ff,d8:d7:75:45:81:24,d8:d7:75:45:81:24,FunBox2-8124,-53,1,2412,False,False
1778943593.4605803,data,null_data,50:02:91:e8:18:ec,d8:d7:75:45:81:24,d8:d7:75:45:81:24,50:02:91:e8:18:ec,d8:d7:75:45:81:24,,-81,1,2412,False,False
1778943593.4605892,control,ack,,50:02:91:e8:18:ec,50:02:91:e8:18:ec,,,,-54,1,2412,False,False
1778943593.4991336,management,beacon,d8:d7:75:45:81:24,ff:ff:ff:ff:ff:ff,ff:ff:ff:ff:ff:ff,d8:d7:75:45:81:24,d8:d7:75:45:81:24,FunBox2-8124,-48,1,2412,False,False
1778943593.6015599,management,beacon,d8:d7:75:45:81:24,ff:ff:ff:ff:ff:ff,ff:ff:ff:ff:ff:ff,d8:d7:75:45:81:24,d8:d7:75:45:81:24,FunBox2-8124,-43,1,2412,False,False
1778943593.704008,management,beacon,d8:d7:75:45:81:24,ff:ff:ff:ff:ff:ff,ff:ff:ff:ff:ff:ff,d8:d7:75:45:81:24,d8:d7:75:45:81:24,FunBox2-8124,-46,1,2412,False,False
1778943593.7492046,data,qos_null,aa:23:4f:4d:00:cf,74:ea:3a:a1:53:a6,74:ea:3a:a1:53:a6,aa:23:4f:4d:00:cf,74:ea:3a:a1:53:a6,,-91,1,2412,False,False
1778943593.7744434,data,qos_null,aa:23:4f:4d:00:cf,74:ea:3a:a1:53:a6,74:ea:3a:a1:53:a6,aa:23:4f:4d:00:cf,74:ea:3a:a1:53:a6,,-93,1,2412,False,False
1778943593.9088092,management,beacon,d8:d7:75:45:81:24,ff:ff:ff:ff:ff:ff,ff:ff:ff:ff:ff:ff,d8:d7:75:45:81:24,d8:d7:75:45:81:24,FunBox2-8124,-46,1,2412,False,False
1778943594.0112047,management,beacon,d8:d7:75:45:81:24,ff:ff:ff:ff:ff:ff,ff:ff:ff:ff:ff:ff,d8:d7:75:45:81:24,d8:d7:75:45:81:24,FunBox2-8124,-46,1,2412,False,False
1778943594.1136189,management,beacon,d8:d7:75:45:81:24,ff:ff:ff:ff:ff:ff,ff:ff:ff:ff:ff:ff,d8:d7:75:45:81:24,d8:d7:75:45:81:24,FunBox2-8124,-46,1,2412,False,False
1778943594.2159746,management,beacon,d8:d7:75:45:81:24,ff:ff:ff:ff:ff:ff,ff:ff:ff:ff:ff:ff,d8:d7:75:45:81:24,d8:d7:75:45:81:24,FunBox2-8124,-46,1,2412,False,False
1778943594.4208071,management,beacon,d8:d7:75:45:81:24,ff:ff:ff:ff:ff:ff,ff:ff:ff:ff:ff:ff,d8:d7:75:45:81:24,d8:d7:75:45:81:24,FunBox2-8124,-47,1,2412,False,False
1778943594.5231752,management,beacon,d8:d7:75:45:81:24,ff:ff:ff:ff:ff:ff,ff:ff:ff:ff:ff:ff,d8:d7:75:45:81:24,d8:d7:75:45:81:24,FunBox2-8124,-46,1,2412,False,False
1778943594.72799,management,beacon,d8:d7:75:45:81:24,ff:ff:ff:ff:ff:ff,ff:ff:ff:ff:ff:ff,d8:d7:75:45:81:24,d8:d7:75:45:81:24,FunBox2-8124,-48,1,2412,False,False
1778943594.8863182,control,cts,,54:35:30:cf:ee:1e,54:35:30:cf:ee:1e,,,,-57,1,2412,False,False
1778943594.9330037,management,beacon,d8:d7:75:45:81:24,ff:ff:ff:ff:ff:ff,ff:ff:ff:ff:ff:ff,d8:d7:75:45:81:24,d8:d7:75:45:81:24,FunBox2-8124,-56,1,2412,False,False
1778943595.0352778,management,beacon,d8:d7:75:45:81:24,ff:ff:ff:ff:ff:ff,ff:ff:ff:ff:ff:ff,d8:d7:75:45:81:24,d8:d7:75:45:81:24,FunBox2-8124,-49,1,2412,False,False
1778943595.1376288,management,beacon,d8:d7:75:45:81:24,ff:ff:ff:ff:ff:ff,ff:ff:ff:ff:ff:ff,d8:d7:75:45:81:24,d8:d7:75:45:81:24,FunBox2-8124,-46,1,2412,False,False
1778943595.1389298,data,null_data,50:02:91:e8:18:ec,d8:d7:75:45:81:24,d8:d7:75:45:81:24,50:02:91:e8:18:ec,d8:d7:75:45:81:24,,-82,1,2412,False,True
1778943595.1392822,data,null_data,50:02:91:e8:18:ec,d8:d7:75:45:81:24,d8:d7:75:45:81:24,50:02:91:e8:18:ec,d8:d7:75:45:81:24,,-83,1,2412,False,True
1778943595.2400422,management,beacon,d8:d7:75:45:81:24,ff:ff:ff:ff:ff:ff,ff:ff:ff:ff:ff:ff,d8:d7:75:45:81:24,d8:d7:75:45:81:24,FunBox2-8124,-46,1,2412,False,False
1778943595.3016226,control,ack,,50:02:91:e8:18:ec,50:02:91:e8:18:ec,,,,-53,1,2412,False,False
1778943595.4448323,management,beacon,d8:d7:75:45:81:24,ff:ff:ff:ff:ff:ff,ff:ff:ff:ff:ff:ff,d8:d7:75:45:81:24,d8:d7:75:45:81:24,FunBox2-8124,-48,1,2412,False,False
1778943595.547261,management,beacon,d8:d7:75:45:81:24,ff:ff:ff:ff:ff:ff,ff:ff:ff:ff:ff:ff,d8:d7:75:45:81:24,d8:d7:75:45:81:24,FunBox2-8124,-50,1,2412,False,False
1778943595.7433698,data,qos_null,aa:23:4f:4d:00:cf,74:ea:3a:a1:53:a6,74:ea:3a:a1:53:a6,aa:23:4f:4d:00:cf,74:ea:3a:a1:53:a6,,-91,1,2412,False,False
1778943595.7520442,management,beacon,d8:d7:75:45:81:24,ff:ff:ff:ff:ff:ff,ff:ff:ff:ff:ff:ff,d8:d7:75:45:81:24,d8:d7:75:45:81:24,FunBox2-8124,-46,1,2412,False,False
1778943595.8356454,data,qos_null,aa:23:4f:4d:00:cf,74:ea:3a:a1:53:a6,74:ea:3a:a1:53:a6,aa:23:4f:4d:00:cf,74:ea:3a:a1:53:a6,,-90,1,2412,False,False
1778943595.8957243,data,qos_null,aa:23:4f:4d:00:cf,74:ea:3a:a1:53:a6,74:ea:3a:a1:53:a6,aa:23:4f:4d:00:cf,74:ea:3a:a1:53:a6,,-89,1,2412,False,False
1778943595.9568338,management,beacon,d8:d7:75:45:81:24,ff:ff:ff:ff:ff:ff,ff:ff:ff:ff:ff:ff,d8:d7:75:45:81:24,d8:d7:75:45:81:24,FunBox2-8124,-46,1,2412,False,False
1778943596.0592365,management,beacon,d8:d7:75:45:81:24,ff:ff:ff:ff:ff:ff,ff:ff:ff:ff:ff:ff,d8:d7:75:45:81:24,d8:d7:75:45:81:24,FunBox2-8124,-50,1,2412,False,False
1778943596.1096225,data,qos_null,aa:23:4f:4d:00:cf,74:ea:3a:a1:53:a6,74:ea:3a:a1:53:a6,aa:23:4f:4d:00:cf,74:ea:3a:a1:53:a6,,-91,1,2412,False,False
1778943596.1616697,management,beacon,d8:d7:75:45:81:24,ff:ff:ff:ff:ff:ff,ff:ff:ff:ff:ff:ff,d8:d7:75:45:81:24,d8:d7:75:45:81:24,FunBox2-8124,-46,1,2412,False,False
1778943596.2501972,data,qos_null,aa:23:4f:4d:00:cf,74:ea:3a:a1:53:a6,74:ea:3a:a1:53:a6,aa:23:4f:4d:00:cf,74:ea:3a:a1:53:a6,,-89,1,2412,False,False
1778943596.2640417,management,beacon,d8:d7:75:45:81:24,ff:ff:ff:ff:ff:ff,ff:ff:ff:ff:ff:ff,d8:d7:75:45:81:24,d8:d7:75:45:81:24,FunBox2-8124,-44,1,2412,False,False
1778943596.4688601,management,beacon,d8:d7:75:45:81:24,ff:ff:ff:ff:ff:ff,ff:ff:ff:ff:ff:ff,d8:d7:75:45:81:24,d8:d7:75:45:81:24,FunBox2-8124,-43,1,2412,False,False
1778943596.571309,management,beacon,d8:d7:75:45:81:24,ff:ff:ff:ff:ff:ff,ff:ff:ff:ff:ff:ff,d8:d7:75:45:81:24,d8:d7:75:45:81:24,FunBox2-8124,-43,1,2412,False,False
1778943596.6736524,management,beacon,d8:d7:75:45:81:24,ff:ff:ff:ff:ff:ff,ff:ff:ff:ff:ff:ff,d8:d7:75:45:81:24,d8:d7:75:45:81:24,FunBox2-8124,-44,1,2412,False,False
1778943596.7760558,management,beacon,d8:d7:75:45:81:24,ff:ff:ff:ff:ff:ff,ff:ff:ff:ff:ff:ff,d8:d7:75:45:81:24,d8:d7:75:45:81:24,FunBox2-8124,-45,1,2412,False,False
1778943596.9808803,management,beacon,d8:d7:75:45:81:24,ff:ff:ff:ff:ff:ff,ff:ff:ff:ff:ff:ff,d8:d7:75:45:81:24,d8:d7:75:45:81:24,FunBox2-8124,-42,1,2412,False,False
1778943597.0832877,management,beacon,d8:d7:75:45:81:24,ff:ff:ff:ff:ff:ff,ff:ff:ff:ff:ff:ff,d8:d7:75:45:81:24,d8:d7:75:45:81:24,FunBox2-8124,-48,1,2412,False,False
1778943597.0846093,data,null_data,50:02:91:e8:18:ec,d8:d7:75:45:81:24,d8:d7:75:45:81:24,50:02:91:e8:18:ec,d8:d7:75:45:81:24,,-84,1,2412,False,False
1778943597.084615,data,null_data,50:02:91:e8:18:ec,d8:d7:75:45:81:24,d8:d7:75:45:81:24,50:02:91:e8:18:ec,d8:d7:75:45:81:24,,-83,1,2412,False,True
1778943597.0858614,data,null_data,50:02:91:e8:18:ec,d8:d7:75:45:81:24,d8:d7:75:45:81:24,50:02:91:e8:18:ec,d8:d7:75:45:81:24,,-84,1,2412,False,True
1778943597.0864022,data,null_data,50:02:91:e8:18:ec,d8:d7:75:45:81:24,d8:d7:75:45:81:24,50:02:91:e8:18:ec,d8:d7:75:45:81:24,,-83,1,2412,False,True
1778943597.0867147,control,ack,,50:02:91:e8:18:ec,50:02:91:e8:18:ec,,,,-43,1,2412,False,False
1778943597.1882198,management,beacon,d8:d7:75:45:81:24,ff:ff:ff:ff:ff:ff,ff:ff:ff:ff:ff:ff,d8:d7:75:45:81:24,d8:d7:75:45:81:24,FunBox2-8124,-42,1,2412,False,False
1778943597.2098086,data,data,d8:d7:75:45:81:24,33:33:00:00:00:01,33:33:00:00:00:01,d8:d7:75:45:81:24,d8:d7:75:45:81:24,,-42,1,2412,True,False
1778943597.2100983,control,ack,,d8:d7:75:45:81:24,d8:d7:75:45:81:24,,,,-84,1,2412,False,False
1778943597.2905133,management,beacon,d8:d7:75:45:81:24,ff:ff:ff:ff:ff:ff,ff:ff:ff:ff:ff:ff,d8:d7:75:45:81:24,d8:d7:75:45:81:24,FunBox2-8124,-43,1,2412,False,False
1778943597.3706582,data,null_data,50:02:91:e8:18:ec,d8:d7:75:45:81:24,d8:d7:75:45:81:24,50:02:91:e8:18:ec,d8:d7:75:45:81:24,,-83,1,2412,False,False
1778943597.3706675,control,ack,,50:02:91:e8:18:ec,50:02:91:e8:18:ec,,,,-44,1,2412,False,False
1778943597.392853,management,beacon,d8:d7:75:45:81:24,ff:ff:ff:ff:ff:ff,ff:ff:ff:ff:ff:ff,d8:d7:75:45:81:24,d8:d7:75:45:81:24,FunBox2-8124,-43,1,2412,False,False
1778943597.4952073,management,beacon,d8:d7:75:45:81:24,ff:ff:ff:ff:ff:ff,ff:ff:ff:ff:ff:ff,d8:d7:75:45:81:24,d8:d7:75:45:81:24,FunBox2-8124,-50,1,2412,False,False
1778943597.5975256,management,beacon,d8:d7:75:45:81:24,ff:ff:ff:ff:ff:ff,ff:ff:ff:ff:ff:ff,d8:d7:75:45:81:24,d8:d7:75:45:81:24,FunBox2-8124,-42,1,2412,False,False
1778943597.6354008,data,qos_null,aa:23:4f:4d:00:cf,74:ea:3a:a1:53:a6,74:ea:3a:a1:53:a6,aa:23:4f:4d:00:cf,74:ea:3a:a1:53:a6,,-89,1,2412,False,False
1778943597.699905,management,beacon,d8:d7:75:45:81:24,ff:ff:ff:ff:ff:ff,ff:ff:ff:ff:ff:ff,d8:d7:75:45:81:24,d8:d7:75:45:81:24,FunBox2-8124,-42,1,2412,False,False
1778943597.734182,data,qos_null,aa:23:4f:4d:00:cf,74:ea:3a:a1:53:a6,74:ea:3a:a1:53:a6,aa:23:4f:4d:00:cf,74:ea:3a:a1:53:a6,,-91,1,2412,False,False
1778943597.7886262,data,qos_null,aa:23:4f:4d:00:cf,74:ea:3a:a1:53:a6,74:ea:3a:a1:53:a6,aa:23:4f:4d:00:cf,74:ea:3a:a1:53:a6,,-89,1,2412,False,False
1778943597.802248,management,beacon,d8:d7:75:45:81:24,ff:ff:ff:ff:ff:ff,ff:ff:ff:ff:ff:ff,d8:d7:75:45:81:24,d8:d7:75:45:81:24,FunBox2-8124,-43,1,2412,False,False
1778943597.904543,management,beacon,d8:d7:75:45:81:24,ff:ff:ff:ff:ff:ff,ff:ff:ff:ff:ff:ff,d8:d7:75:45:81:24,d8:d7:75:45:81:24,FunBox2-8124,-43,1,2412,False,False
1778943598.0273032,data,qos_null,aa:23:4f:4d:00:cf,74:ea:3a:a1:53:a6,74:ea:3a:a1:53:a6,aa:23:4f:4d:00:cf,74:ea:3a:a1:53:a6,,-88,1,2412,False,False
1778943598.0865383,data,qos_null,aa:23:4f:4d:00:cf,74:ea:3a:a1:53:a6,74:ea:3a:a1:53:a6,aa:23:4f:4d:00:cf,74:ea:3a:a1:53:a6,,-88,1,2412,False,False
1778943598.4377744,data,qos_null,aa:23:4f:4d:00:cf,74:ea:3a:a1:53:a6,74:ea:3a:a1:53:a6,aa:23:4f:4d:00:cf,74:ea:3a:a1:53:a6,,-89,1,2412,False,False
1778943598.5186038,management,beacon,d8:d7:75:45:81:24,ff:ff:ff:ff:ff:ff,ff:ff:ff:ff:ff:ff,d8:d7:75:45:81:24,d8:d7:75:45:81:24,FunBox2-8124,-50,1,2412,False,False
1778943598.5198255,data,null_data,50:02:91:e8:18:ec,d8:d7:75:45:81:24,d8:d7:75:45:81:24,50:02:91:e8:18:ec,d8:d7:75:45:81:24,,-84,1,2412,False,False
1778943598.5198293,control,ack,,50:02:91:e8:18:ec,50:02:91:e8:18:ec,,,,-53,1,2412,False,False
1778943598.5369177,data,qos_null,aa:23:4f:4d:00:cf,74:ea:3a:a1:53:a6,74:ea:3a:a1:53:a6,aa:23:4f:4d:00:cf,74:ea:3a:a1:53:a6,,-90,1,2412,False,False
1778943598.5930278,data,qos_null,aa:23:4f:4d:00:cf,74:ea:3a:a1:53:a6,74:ea:3a:a1:53:a6,aa:23:4f:4d:00:cf,74:ea:3a:a1:53:a6,,-93,1,2412,False,False
1778943598.6209433,management,beacon,d8:d7:75:45:81:24,ff:ff:ff:ff:ff:ff,ff:ff:ff:ff:ff:ff,d8:d7:75:45:81:24,d8:d7:75:45:81:24,FunBox2-8124,-42,1,2412,False,False
1778943598.668691,data,qos_null,aa:23:4f:4d:00:cf,74:ea:3a:a1:53:a6,74:ea:3a:a1:53:a6,aa:23:4f:4d:00:cf,74:ea:3a:a1:53:a6,,-91,1,2412,False,False
1778943598.6812406,data,null_data,50:02:91:e8:18:ec,d8:d7:75:45:81:24,d8:d7:75:45:81:24,50:02:91:e8:18:ec,d8:d7:75:45:81:24,,-83,1,2412,False,False
1778943598.681251,control,ack,,50:02:91:e8:18:ec,50:02:91:e8:18:ec,,,,-45,1,2412,False,False
1778943598.7232428,management,beacon,d8:d7:75:45:81:24,ff:ff:ff:ff:ff:ff,ff:ff:ff:ff:ff:ff,d8:d7:75:45:81:24,d8:d7:75:45:81:24,FunBox2-8124,-42,1,2412,False,False
1778943598.8256006,management,beacon,d8:d7:75:45:81:24,ff:ff:ff:ff:ff:ff,ff:ff:ff:ff:ff:ff,d8:d7:75:45:81:24,d8:d7:75:45:81:24,FunBox2-8124,-49,1,2412,False,False
1778943598.8260596,data,qos_null,aa:23:4f:4d:00:cf,74:ea:3a:a1:53:a6,74:ea:3a:a1:53:a6,aa:23:4f:4d:00:cf,74:ea:3a:a1:53:a6,,-89,1,2412,False,False
1778943599.0302527,management,beacon,d8:d7:75:45:81:24,ff:ff:ff:ff:ff:ff,ff:ff:ff:ff:ff:ff,d8:d7:75:45:81:24,d8:d7:75:45:81:24,FunBox2-8124,-50,1,2412,False,False
1778943599.132636,management,beacon,d8:d7:75:45:81:24,ff:ff:ff:ff:ff:ff,ff:ff:ff:ff:ff:ff,d8:d7:75:45:81:24,d8:d7:75:45:81:24,FunBox2-8124,-42,1,2412,False,False
1778943599.2349663,management,beacon,d8:d7:75:45:81:24,ff:ff:ff:ff:ff:ff,ff:ff:ff:ff:ff:ff,d8:d7:75:45:81:24,d8:d7:75:45:81:24,FunBox2-8124,-43,1,2412,False,False
1778943599.5422933,management,beacon,d8:d7:75:45:81:24,ff:ff:ff:ff:ff:ff,ff:ff:ff:ff:ff:ff,d8:d7:75:45:81:24,d8:d7:75:45:81:24,FunBox2-8124,-43,1,2412,False,False
1778943599.6219504,control,ack,,50:02:91:e8:18:ec,50:02:91:e8:18:ec,,,,-51,1,2412,False,False
1778943599.6223521,data,null_data,50:02:91:e8:18:ec,d8:d7:75:45:81:24,d8:d7:75:45:81:24,50:02:91:e8:18:ec,d8:d7:75:45:81:24,,-83,1,2412,False,True
1778943599.622355,control,ack,,50:02:91:e8:18:ec,50:02:91:e8:18:ec,,,,-53,1,2412,False,False
1778943599.644332,management,beacon,d8:d7:75:45:81:24,ff:ff:ff:ff:ff:ff,ff:ff:ff:ff:ff:ff,d8:d7:75:45:81:24,d8:d7:75:45:81:24,FunBox2-8124,-50,1,2412,False,False
1778943599.7249815,data,data,d8:d7:75:45:81:24,01:00:5e:7f:ff:fa,01:00:5e:7f:ff:fa,d8:d7:75:45:81:24,e6:12:a8:93:5a:78,,-54,1,2412,True,False
1778943599.7252548,control,ack,,d8:d7:75:45:81:24,d8:d7:75:45:81:24,,,,-89,1,2412,False,False
1778943599.7466626,management,beacon,d8:d7:75:45:81:24,ff:ff:ff:ff:ff:ff,ff:ff:ff:ff:ff:ff,d8:d7:75:45:81:24,d8:d7:75:45:81:24,FunBox2-8124,-42,1,2412,False,False
1778943599.8857112,control,ack,,50:02:91:e8:18:ec,50:02:91:e8:18:ec,,,,-53,1,2412,False,False
1778943600.0536828,management,beacon,d8:d7:75:45:81:24,ff:ff:ff:ff:ff:ff,ff:ff:ff:ff:ff:ff,d8:d7:75:45:81:24,d8:d7:75:45:81:24,FunBox2-8124,-42,1,2412,False,False
1778943600.0695581,management,probe_request,2e:12:3e:4e:f7:c8,ff:ff:ff:ff:ff:ff,ff:ff:ff:ff:ff:ff,2e:12:3e:4e:f7:c8,ff:ff:ff:ff:ff:ff,<hidden>,-55,1,2412,False,False
1778943600.0727808,management,probe_response,d8:d7:75:45:81:24,2e:12:3e:4e:f7:c8,2e:12:3e:4e:f7:c8,d8:d7:75:45:81:24,d8:d7:75:45:81:24,FunBox2-8124,-43,1,2412,False,False
1778943600.0730798,control,ack,,d8:d7:75:45:81:24,d8:d7:75:45:81:24,,,,-55,1,2412,False,False
1778943600.0898893,management,probe_request,2e:12:3e:4e:f7:c8,ff:ff:ff:ff:ff:ff,ff:ff:ff:ff:ff:ff,2e:12:3e:4e:f7:c8,ff:ff:ff:ff:ff:ff,<hidden>,-55,1,2412,False,False
1778943600.093139,management,probe_response,d8:d7:75:45:81:24,2e:12:3e:4e:f7:c8,2e:12:3e:4e:f7:c8,d8:d7:75:45:81:24,d8:d7:75:45:81:24,FunBox2-8124,-43,1,2412,False,False
1778943600.093428,control,ack,,d8:d7:75:45:81:24,d8:d7:75:45:81:24,,,,-56,1,2412,False,False
1778943600.156024,management,beacon,d8:d7:75:45:81:24,ff:ff:ff:ff:ff:ff,ff:ff:ff:ff:ff:ff,d8:d7:75:45:81:24,d8:d7:75:45:81:24,FunBox2-8124,-42,1,2412,False,False
1778943600.2583272,management,beacon,d8:d7:75:45:81:24,ff:ff:ff:ff:ff:ff,ff:ff:ff:ff:ff:ff,d8:d7:75:45:81:24,d8:d7:75:45:81:24,FunBox2-8124,-43,1,2412,False,False
1778943600.3607118,management,beacon,d8:d7:75:45:81:24,ff:ff:ff:ff:ff:ff,ff:ff:ff:ff:ff:ff,d8:d7:75:45:81:24,d8:d7:75:45:81:24,FunBox2-8124,-44,1,2412,False,False
1778943600.463006,management,beacon,d8:d7:75:45:81:24,ff:ff:ff:ff:ff:ff,ff:ff:ff:ff:ff:ff,d8:d7:75:45:81:24,d8:d7:75:45:81:24,FunBox2-8124,-48,1,2412,False,False
1778943600.770061,management,beacon,d8:d7:75:45:81:24,ff:ff:ff:ff:ff:ff,ff:ff:ff:ff:ff:ff,d8:d7:75:45:81:24,d8:d7:75:45:81:24,FunBox2-8124,-49,1,2412,False,False
1778943600.974734,management,beacon,d8:d7:75:45:81:24,ff:ff:ff:ff:ff:ff,ff:ff:ff:ff:ff:ff,d8:d7:75:45:81:24,d8:d7:75:45:81:24,FunBox2-8124,-48,1,2412,False,False
1778943601.1794615,management,beacon,d8:d7:75:45:81:24,ff:ff:ff:ff:ff:ff,ff:ff:ff:ff:ff:ff,d8:d7:75:45:81:24,d8:d7:75:45:81:24,FunBox2-8124,-48,1,2412,False,False
1778943601.2818303,management,beacon,d8:d7:75:45:81:24,ff:ff:ff:ff:ff:ff,ff:ff:ff:ff:ff:ff,d8:d7:75:45:81:24,d8:d7:75:45:81:24,FunBox2-8124,-43,1,2412,False,False
1778943601.3842316,management,beacon,d8:d7:75:45:81:24,ff:ff:ff:ff:ff:ff,ff:ff:ff:ff:ff:ff,d8:d7:75:45:81:24,d8:d7:75:45:81:24,FunBox2-8124,-50,1,2412,False,False
1778943601.4867303,management,beacon,d8:d7:75:45:81:24,ff:ff:ff:ff:ff:ff,ff:ff:ff:ff:ff:ff,d8:d7:75:45:81:24,d8:d7:75:45:81:24,FunBox2-8124,-48,1,2412,False,False
1778943601.6931963,management,beacon,d8:d7:75:45:81:24,ff:ff:ff:ff:ff:ff,ff:ff:ff:ff:ff:ff,d8:d7:75:45:81:24,d8:d7:75:45:81:24,FunBox2-8124,-42,1,2412,False,False
1778943601.6944044,data,null_data,50:02:91:e8:18:ec,d8:d7:75:45:81:24,d8:d7:75:45:81:24,50:02:91:e8:18:ec,d8:d7:75:45:81:24,,-85,1,2412,False,False
1778943601.6944084,control,ack,,50:02:91:e8:18:ec,50:02:91:e8:18:ec,,,,-45,1,2412,False,False
1778943601.7938585,management,beacon,d8:d7:75:45:81:24,ff:ff:ff:ff:ff:ff,ff:ff:ff:ff:ff:ff,d8:d7:75:45:81:24,d8:d7:75:45:81:24,FunBox2-8124,-42,1,2412,False,False
1778943601.855259,data,null_data,50:02:91:e8:18:ec,d8:d7:75:45:81:24,d8:d7:75:45:81:24,50:02:91:e8:18:ec,d8:d7:75:45:81:24,,-83,1,2412,False,False
1778943601.8552656,control,ack,,50:02:91:e8:18:ec,50:02:91:e8:18:ec,,,,-44,1,2412,False,False
1778943601.8962574,management,beacon,d8:d7:75:45:81:24,ff:ff:ff:ff:ff:ff,ff:ff:ff:ff:ff:ff,d8:d7:75:45:81:24,d8:d7:75:45:81:24,FunBox2-8124,-44,1,2412,False,False
1778943601.9986775,management,beacon,d8:d7:75:45:81:24,ff:ff:ff:ff:ff:ff,ff:ff:ff:ff:ff:ff,d8:d7:75:45:81:24,d8:d7:75:45:81:24,FunBox2-8124,-41,1,2412,False,False
1778943602.2035234,management,beacon,d8:d7:75:45:81:24,ff:ff:ff:ff:ff:ff,ff:ff:ff:ff:ff:ff,d8:d7:75:45:81:24,d8:d7:75:45:81:24,FunBox2-8124,-44,1,2412,False,False
1778943602.3182187,management,beacon,d8:d7:75:45:81:24,ff:ff:ff:ff:ff:ff,ff:ff:ff:ff:ff:ff,d8:d7:75:45:81:24,d8:d7:75:45:81:24,FunBox2-8124,-49,1,2412,False,False
1778943602.4082708,management,beacon,d8:d7:75:45:81:24,ff:ff:ff:ff:ff:ff,ff:ff:ff:ff:ff:ff,d8:d7:75:45:81:24,d8:d7:75:45:81:24,FunBox2-8124,-49,1,2412,False,False
1778943602.5106869,management,beacon,d8:d7:75:45:81:24,ff:ff:ff:ff:ff:ff,ff:ff:ff:ff:ff:ff,d8:d7:75:45:81:24,d8:d7:75:45:81:24,FunBox2-8124,-50,1,2412,False,False
1778943602.7155263,management,beacon,d8:d7:75:45:81:24,ff:ff:ff:ff:ff:ff,ff:ff:ff:ff:ff:ff,d8:d7:75:45:81:24,d8:d7:75:45:81:24,FunBox2-8124,-50,1,2412,False,False
1778943602.9203055,management,beacon,d8:d7:75:45:81:24,ff:ff:ff:ff:ff:ff,ff:ff:ff:ff:ff:ff,d8:d7:75:45:81:24,d8:d7:75:45:81:24,FunBox2-8124,-43,1,2412,False,False
1778943602.9378102,data,qos_null,aa:23:4f:4d:00:cf,74:ea:3a:a1:53:a6,74:ea:3a:a1:53:a6,aa:23:4f:4d:00:cf,74:ea:3a:a1:53:a6,,-94,1,2412,False,False
1778943603.0227058,management,beacon,d8:d7:75:45:81:24,ff:ff:ff:ff:ff:ff,ff:ff:ff:ff:ff:ff,d8:d7:75:45:81:24,d8:d7:75:45:81:24,FunBox2-8124,-43,1,2412,False,False
1778943603.1263652,data,null_data,50:02:91:e8:18:ec,d8:d7:75:45:81:24,d8:d7:75:45:81:24,50:02:91:e8:18:ec,d8:d7:75:45:81:24,,-83,1,2412,False,False
1778943603.1263788,control,ack,,50:02:91:e8:18:ec,50:02:91:e8:18:ec,,,,-45,1,2412,False,False
1778943603.2275596,management,beacon,d8:d7:75:45:81:24,ff:ff:ff:ff:ff:ff,ff:ff:ff:ff:ff:ff,d8:d7:75:45:81:24,d8:d7:75:45:81:24,FunBox2-8124,-51,1,2412,False,False
1778943603.2871969,data,null_data,50:02:91:e8:18:ec,d8:d7:75:45:81:24,d8:d7:75:45:81:24,50:02:91:e8:18:ec,d8:d7:75:45:81:24,,-82,1,2412,False,False
1778943603.2872062,control,ack,,50:02:91:e8:18:ec,50:02:91:e8:18:ec,,,,-44,1,2412,False,False
1778943603.3004177,data,qos_null,aa:23:4f:4d:00:cf,74:ea:3a:a1:53:a6,74:ea:3a:a1:53:a6,aa:23:4f:4d:00:cf,74:ea:3a:a1:53:a6,,-91,1,2412,False,False
1778943603.3298943,management,beacon,d8:d7:75:45:81:24,ff:ff:ff:ff:ff:ff,ff:ff:ff:ff:ff:ff,d8:d7:75:45:81:24,d8:d7:75:45:81:24,FunBox2-8124,-42,1,2412,False,False
1778943603.4323628,management,beacon,d8:d7:75:45:81:24,ff:ff:ff:ff:ff:ff,ff:ff:ff:ff:ff:ff,d8:d7:75:45:81:24,d8:d7:75:45:81:24,FunBox2-8124,-49,1,2412,False,False
1778943603.5347426,management,beacon,d8:d7:75:45:81:24,ff:ff:ff:ff:ff:ff,ff:ff:ff:ff:ff:ff,d8:d7:75:45:81:24,d8:d7:75:45:81:24,FunBox2-8124,-44,1,2412,False,False
1778943603.739515,management,beacon,d8:d7:75:45:81:24,ff:ff:ff:ff:ff:ff,ff:ff:ff:ff:ff:ff,d8:d7:75:45:81:24,d8:d7:75:45:81:24,FunBox2-8124,-49,1,2412,False,False
1778943603.817105,data,qos_null,aa:23:4f:4d:00:cf,74:ea:3a:a1:53:a6,74:ea:3a:a1:53:a6,aa:23:4f:4d:00:cf,74:ea:3a:a1:53:a6,,-89,1,2412,False,False
1778943603.841963,management,beacon,d8:d7:75:45:81:24,ff:ff:ff:ff:ff:ff,ff:ff:ff:ff:ff:ff,d8:d7:75:45:81:24,d8:d7:75:45:81:24,FunBox2-8124,-42,1,2412,False,False
1778943603.944342,management,beacon,d8:d7:75:45:81:24,ff:ff:ff:ff:ff:ff,ff:ff:ff:ff:ff:ff,d8:d7:75:45:81:24,d8:d7:75:45:81:24,FunBox2-8124,-42,1,2412,False,False
1778943604.046779,management,beacon,d8:d7:75:45:81:24,ff:ff:ff:ff:ff:ff,ff:ff:ff:ff:ff:ff,d8:d7:75:45:81:24,d8:d7:75:45:81:24,FunBox2-8124,-42,1,2412,False,False
1778943604.1038504,control,rts,54:35:30:cf:ee:1e,d8:d7:75:45:81:24,d8:d7:75:45:81:24,54:35:30:cf:ee:1e,,,-57,1,2412,False,False
1778943604.103857,control,cts,,54:35:30:cf:ee:1e,54:35:30:cf:ee:1e,,,,-54,1,2412,False,False
1778943604.1038597,data,qos_data,54:35:30:cf:ee:1e,d8:d7:75:45:81:24,d8:d7:75:45:81:24,54:35:30:cf:ee:1e,ff:ff:ff:ff:ff:ff,,-57,1,2412,True,False
1778943604.1038616,control,block_ack,d8:d7:75:45:81:24,54:35:30:cf:ee:1e,54:35:30:cf:ee:1e,d8:d7:75:45:81:24,,,-53,1,2412,False,False
1778943604.1445043,management,beacon,ac:84:c6:41:71:22,ff:ff:ff:ff:ff:ff,ff:ff:ff:ff:ff:ff,ac:84:c6:41:71:22,ac:84:c6:41:71:22,TP-LINK_7122,-87,1,2412,False,False
1778943604.251535,management,beacon,d8:d7:75:45:81:24,ff:ff:ff:ff:ff:ff,ff:ff:ff:ff:ff:ff,d8:d7:75:45:81:24,d8:d7:75:45:81:24,FunBox2-8124,-51,1,2412,False,False
1778943604.2595253,control,rts,d8:d7:75:45:81:24,54:35:30:cf:ee:1e,54:35:30:cf:ee:1e,d8:d7:75:45:81:24,,,-53,1,2412,False,False
1778943604.2595317,control,cts,,d8:d7:75:45:81:24,d8:d7:75:45:81:24,,,,-56,1,2412,False,False
1778943604.259534,data,qos_data,d8:d7:75:45:81:24,54:35:30:cf:ee:1e,54:35:30:cf:ee:1e,d8:d7:75:45:81:24,a0:29:42:95:01:2d,,-47,1,2412,True,False
1778943604.259536,control,block_ack,54:35:30:cf:ee:1e,d8:d7:75:45:81:24,d8:d7:75:45:81:24,54:35:30:cf:ee:1e,,,-57,1,2412,False,False
1778943604.355018,data,data,d8:d7:75:45:81:24,ff:ff:ff:ff:ff:ff,ff:ff:ff:ff:ff:ff,d8:d7:75:45:81:24,54:35:30:cf:ee:1e,,-49,1,2412,True,False
1778943604.3554983,control,ack,,d8:d7:75:45:81:24,d8:d7:75:45:81:24,,,,-87,1,2412,False,False
1778943604.3554995,data,null_data,50:02:91:e8:18:ec,d8:d7:75:45:81:24,d8:d7:75:45:81:24,50:02:91:e8:18:ec,d8:d7:75:45:81:24,,-84,1,2412,False,False
1778943604.3555002,control,ack,,50:02:91:e8:18:ec,50:02:91:e8:18:ec,,,,-53,1,2412,False,False
1778943604.4563382,management,beacon,d8:d7:75:45:81:24,ff:ff:ff:ff:ff:ff,ff:ff:ff:ff:ff:ff,d8:d7:75:45:81:24,d8:d7:75:45:81:24,FunBox2-8124,-52,1,2412,False,False
1778943604.5164003,data,null_data,50:02:91:e8:18:ec,d8:d7:75:45:81:24,d8:d7:75:45:81:24,50:02:91:e8:18:ec,d8:d7:75:45:81:24,,-83,1,2412,False,False
1778943604.5164135,control,ack,,50:02:91:e8:18:ec,50:02:91:e8:18:ec,,,,-53,1,2412,False,False
1778943604.5588171,management,beacon,d8:d7:75:45:81:24,ff:ff:ff:ff:ff:ff,ff:ff:ff:ff:ff:ff,d8:d7:75:45:81:24,d8:d7:75:45:81:24,FunBox2-8124,-42,1,2412,False,False
1778943604.661177,management,beacon,d8:d7:75:45:81:24,ff:ff:ff:ff:ff:ff,ff:ff:ff:ff:ff:ff,d8:d7:75:45:81:24,d8:d7:75:45:81:24,FunBox2-8124,-50,1,2412,False,False
1778943604.7635972,management,beacon,d8:d7:75:45:81:24,ff:ff:ff:ff:ff:ff,ff:ff:ff:ff:ff:ff,d8:d7:75:45:81:24,d8:d7:75:45:81:24,FunBox2-8124,-51,1,2412,False,False
1778943604.968382,management,beacon,d8:d7:75:45:81:24,ff:ff:ff:ff:ff:ff,ff:ff:ff:ff:ff:ff,d8:d7:75:45:81:24,d8:d7:75:45:81:24,FunBox2-8124,-53,1,2412,False,False
1778943605.0708084,management,beacon,d8:d7:75:45:81:24,ff:ff:ff:ff:ff:ff,ff:ff:ff:ff:ff:ff,d8:d7:75:45:81:24,d8:d7:75:45:81:24,FunBox2-8124,-41,1,2412,False,False
1778943605.1732125,management,beacon,d8:d7:75:45:81:24,ff:ff:ff:ff:ff:ff,ff:ff:ff:ff:ff:ff,d8:d7:75:45:81:24,d8:d7:75:45:81:24,FunBox2-8124,-41,1,2412,False,False
1778943605.2778478,management,beacon,d8:d7:75:45:81:24,ff:ff:ff:ff:ff:ff,ff:ff:ff:ff:ff:ff,d8:d7:75:45:81:24,d8:d7:75:45:81:24,FunBox2-8124,-43,1,2412,False,False
1778943605.4825077,management,beacon,d8:d7:75:45:81:24,ff:ff:ff:ff:ff:ff,ff:ff:ff:ff:ff:ff,d8:d7:75:45:81:24,d8:d7:75:45:81:24,FunBox2-8124,-44,1,2412,False,False
1778943605.5849693,management,beacon,d8:d7:75:45:81:24,ff:ff:ff:ff:ff:ff,ff:ff:ff:ff:ff:ff,d8:d7:75:45:81:24,d8:d7:75:45:81:24,FunBox2-8124,-46,1,2412,False,False
1778943605.7895343,management,beacon,d8:d7:75:45:81:24,ff:ff:ff:ff:ff:ff,ff:ff:ff:ff:ff:ff,d8:d7:75:45:81:24,d8:d7:75:45:81:24,FunBox2-8124,-46,1,2412,False,False
1778943605.884222,management,beacon,ac:84:c6:41:71:22,ff:ff:ff:ff:ff:ff,ff:ff:ff:ff:ff:ff,ac:84:c6:41:71:22,ac:84:c6:41:71:22,TP-LINK_7122,-89,1,2412,False,False
1778943605.8918505,management,beacon,d8:d7:75:45:81:24,ff:ff:ff:ff:ff:ff,ff:ff:ff:ff:ff:ff,d8:d7:75:45:81:24,d8:d7:75:45:81:24,FunBox2-8124,-47,1,2412,False,False
1778943605.9941952,management,beacon,d8:d7:75:45:81:24,ff:ff:ff:ff:ff:ff,ff:ff:ff:ff:ff:ff,d8:d7:75:45:81:24,d8:d7:75:45:81:24,FunBox2-8124,-47,1,2412,False,False
1778943606.0965307,management,beacon,d8:d7:75:45:81:24,ff:ff:ff:ff:ff:ff,ff:ff:ff:ff:ff:ff,d8:d7:75:45:81:24,d8:d7:75:45:81:24,FunBox2-8124,-48,1,2412,False,False
1778943606.2000978,data,null_data,50:02:91:e8:18:ec,d8:d7:75:45:81:24,d8:d7:75:45:81:24,50:02:91:e8:18:ec,d8:d7:75:45:81:24,,-82,1,2412,False,False
1778943606.2001038,control,ack,,50:02:91:e8:18:ec,50:02:91:e8:18:ec,,,,-54,1,2412,False,False
1778943606.3012369,management,beacon,d8:d7:75:45:81:24,ff:ff:ff:ff:ff:ff,ff:ff:ff:ff:ff:ff,d8:d7:75:45:81:24,d8:d7:75:45:81:24,FunBox2-8124,-47,1,2412,False,False
1778943606.361467,data,null_data,50:02:91:e8:18:ec,d8:d7:75:45:81:24,d8:d7:75:45:81:24,50:02:91:e8:18:ec,d8:d7:75:45:81:24,,-82,1,2412,False,False
1778943606.3617008,data,null_data,50:02:91:e8:18:ec,d8:d7:75:45:81:24,d8:d7:75:45:81:24,50:02:91:e8:18:ec,d8:d7:75:45:81:24,,-83,1,2412,False,True
1778943606.3619986,data,null_data,50:02:91:e8:18:ec,d8:d7:75:45:81:24,d8:d7:75:45:81:24,50:02:91:e8:18:ec,d8:d7:75:45:81:24,,-85,1,2412,False,True
1778943606.3624814,data,null_data,50:02:91:e8:18:ec,d8:d7:75:45:81:24,d8:d7:75:45:81:24,50:02:91:e8:18:ec,d8:d7:75:45:81:24,,-85,1,2412,False,True
1778943606.3624837,control,ack,,50:02:91:e8:18:ec,50:02:91:e8:18:ec,,,,-47,1,2412,False,False
1778943606.5059175,management,beacon,d8:d7:75:45:81:24,ff:ff:ff:ff:ff:ff,ff:ff:ff:ff:ff:ff,d8:d7:75:45:81:24,d8:d7:75:45:81:24,FunBox2-8124,-46,1,2412,False,False
1778943606.6082485,management,beacon,d8:d7:75:45:81:24,ff:ff:ff:ff:ff:ff,ff:ff:ff:ff:ff:ff,d8:d7:75:45:81:24,d8:d7:75:45:81:24,FunBox2-8124,-48,1,2412,False,False
1778943606.8129182,management,beacon,d8:d7:75:45:81:24,ff:ff:ff:ff:ff:ff,ff:ff:ff:ff:ff:ff,d8:d7:75:45:81:24,d8:d7:75:45:81:24,FunBox2-8124,-45,1,2412,False,False
1778943606.9076626,management,beacon,ac:84:c6:41:71:22,ff:ff:ff:ff:ff:ff,ff:ff:ff:ff:ff:ff,ac:84:c6:41:71:22,ac:84:c6:41:71:22,TP-LINK_7122,-86,1,2412,False,False
1778943607.0175726,management,beacon,d8:d7:75:45:81:24,ff:ff:ff:ff:ff:ff,ff:ff:ff:ff:ff:ff,d8:d7:75:45:81:24,d8:d7:75:45:81:24,FunBox2-8124,-49,1,2412,False,False
1778943607.1199098,management,beacon,d8:d7:75:45:81:24,ff:ff:ff:ff:ff:ff,ff:ff:ff:ff:ff:ff,d8:d7:75:45:81:24,d8:d7:75:45:81:24,FunBox2-8124,-50,1,2412,False,False
1778943607.222284,management,beacon,d8:d7:75:45:81:24,ff:ff:ff:ff:ff:ff,ff:ff:ff:ff:ff:ff,d8:d7:75:45:81:24,d8:d7:75:45:81:24,FunBox2-8124,-48,1,2412,False,False
1778943607.324624,management,beacon,d8:d7:75:45:81:24,ff:ff:ff:ff:ff:ff,ff:ff:ff:ff:ff:ff,d8:d7:75:45:81:24,d8:d7:75:45:81:24,FunBox2-8124,-44,1,2412,False,False
1778943607.5292983,management,beacon,d8:d7:75:45:81:24,ff:ff:ff:ff:ff:ff,ff:ff:ff:ff:ff:ff,d8:d7:75:45:81:24,d8:d7:75:45:81:24,FunBox2-8124,-52,1,2412,False,False
1778943607.6316278,management,beacon,d8:d7:75:45:81:24,ff:ff:ff:ff:ff:ff,ff:ff:ff:ff:ff:ff,d8:d7:75:45:81:24,d8:d7:75:45:81:24,FunBox2-8124,-49,1,2412,False,False
1778943607.7262971,management,beacon,ac:84:c6:41:71:22,ff:ff:ff:ff:ff:ff,ff:ff:ff:ff:ff:ff,ac:84:c6:41:71:22,ac:84:c6:41:71:22,TP-LINK_7122,-88,1,2412,False,False
1778943607.7339523,management,beacon,d8:d7:75:45:81:24,ff:ff:ff:ff:ff:ff,ff:ff:ff:ff:ff:ff,d8:d7:75:45:81:24,d8:d7:75:45:81:24,FunBox2-8124,-40,1,2412,False,False
1778943607.836276,management,beacon,d8:d7:75:45:81:24,ff:ff:ff:ff:ff:ff,ff:ff:ff:ff:ff:ff,d8:d7:75:45:81:24,d8:d7:75:45:81:24,FunBox2-8124,-40,1,2412,False,False
1778943607.9386854,management,beacon,d8:d7:75:45:81:24,ff:ff:ff:ff:ff:ff,ff:ff:ff:ff:ff:ff,d8:d7:75:45:81:24,d8:d7:75:45:81:24,FunBox2-8124,-53,1,2412,False,False
1778943608.143313,management,beacon,d8:d7:75:45:81:24,ff:ff:ff:ff:ff:ff,ff:ff:ff:ff:ff:ff,d8:d7:75:45:81:24,d8:d7:75:45:81:24,FunBox2-8124,-40,1,2412,False,False
1778943608.1444743,data,null_data,50:02:91:e8:18:ec,d8:d7:75:45:81:24,d8:d7:75:45:81:24,50:02:91:e8:18:ec,d8:d7:75:45:81:24,,-84,1,2412,False,False
1778943608.1444798,control,ack,,50:02:91:e8:18:ec,50:02:91:e8:18:ec,,,,-42,1,2412,False,False
1778943608.2456245,management,beacon,d8:d7:75:45:81:24,ff:ff:ff:ff:ff:ff,ff:ff:ff:ff:ff:ff,d8:d7:75:45:81:24,d8:d7:75:45:81:24,FunBox2-8124,-40,1,2412,False,False
1778943608.3053386,data,null_data,50:02:91:e8:18:ec,d8:d7:75:45:81:24,d8:d7:75:45:81:24,50:02:91:e8:18:ec,d8:d7:75:45:81:24,,-81,1,2412,False,False
1778943608.3053465,control,ack,,50:02:91:e8:18:ec,50:02:91:e8:18:ec,,,,-43,1,2412,False,False
1778943608.3480036,management,beacon,d8:d7:75:45:81:24,ff:ff:ff:ff:ff:ff,ff:ff:ff:ff:ff:ff,d8:d7:75:45:81:24,d8:d7:75:45:81:24,FunBox2-8124,-42,1,2412,False,False
1778943608.4426806,management,beacon,ac:84:c6:41:71:22,ff:ff:ff:ff:ff:ff,ff:ff:ff:ff:ff:ff,ac:84:c6:41:71:22,ac:84:c6:41:71:22,TP-LINK_7122,-88,1,2412,False,False
1778943608.4502923,management,beacon,d8:d7:75:45:81:24,ff:ff:ff:ff:ff:ff,ff:ff:ff:ff:ff:ff,d8:d7:75:45:81:24,d8:d7:75:45:81:24,FunBox2-8124,-40,1,2412,False,False
1778943608.5526736,management,beacon,d8:d7:75:45:81:24,ff:ff:ff:ff:ff:ff,ff:ff:ff:ff:ff:ff,d8:d7:75:45:81:24,d8:d7:75:45:81:24,FunBox2-8124,-40,1,2412,False,False
1778943608.6549904,management,beacon,d8:d7:75:45:81:24,ff:ff:ff:ff:ff:ff,ff:ff:ff:ff:ff:ff,d8:d7:75:45:81:24,d8:d7:75:45:81:24,FunBox2-8124,-39,1,2412,False,False
1778943608.7496715,management,beacon,ac:84:c6:41:71:22,ff:ff:ff:ff:ff:ff,ff:ff:ff:ff:ff:ff,ac:84:c6:41:71:22,ac:84:c6:41:71:22,TP-LINK_7122,-88,1,2412,False,False
1778943608.7573185,management,beacon,d8:d7:75:45:81:24,ff:ff:ff:ff:ff:ff,ff:ff:ff:ff:ff:ff,d8:d7:75:45:81:24,d8:d7:75:45:81:24,FunBox2-8124,-41,1,2412,False,False
1778943608.8597243,management,beacon,d8:d7:75:45:81:24,ff:ff:ff:ff:ff:ff,ff:ff:ff:ff:ff:ff,d8:d7:75:45:81:24,d8:d7:75:45:81:24,FunBox2-8124,-40,1,2412,False,False
1778943608.9621253,management,beacon,d8:d7:75:45:81:24,ff:ff:ff:ff:ff:ff,ff:ff:ff:ff:ff:ff,d8:d7:75:45:81:24,d8:d7:75:45:81:24,FunBox2-8124,-40,1,2412,False,False
1778943609.064662,management,beacon,d8:d7:75:45:81:24,ff:ff:ff:ff:ff:ff,ff:ff:ff:ff:ff:ff,d8:d7:75:45:81:24,d8:d7:75:45:81:24,FunBox2-8124,-39,1,2412,False,False
1778943609.1669683,management,beacon,d8:d7:75:45:81:24,ff:ff:ff:ff:ff:ff,ff:ff:ff:ff:ff:ff,d8:d7:75:45:81:24,d8:d7:75:45:81:24,FunBox2-8124,-47,1,2412,False,False
1778943609.2613766,management,beacon,ac:84:c6:41:71:22,ff:ff:ff:ff:ff:ff,ff:ff:ff:ff:ff:ff,ac:84:c6:41:71:22,ac:84:c6:41:71:22,TP-LINK_7122,-89,1,2412,False,False
1778943609.2693686,management,beacon,d8:d7:75:45:81:24,ff:ff:ff:ff:ff:ff,ff:ff:ff:ff:ff:ff,d8:d7:75:45:81:24,d8:d7:75:45:81:24,FunBox2-8124,-47,1,2412,False,False
1778943609.3717256,management,beacon,d8:d7:75:45:81:24,ff:ff:ff:ff:ff:ff,ff:ff:ff:ff:ff:ff,d8:d7:75:45:81:24,d8:d7:75:45:81:24,FunBox2-8124,-39,1,2412,False,False
1778943609.4741533,management,beacon,d8:d7:75:45:81:24,ff:ff:ff:ff:ff:ff,ff:ff:ff:ff:ff:ff,d8:d7:75:45:81:24,d8:d7:75:45:81:24,FunBox2-8124,-40,1,2412,False,False
1778943609.5765882,management,beacon,d8:d7:75:45:81:24,ff:ff:ff:ff:ff:ff,ff:ff:ff:ff:ff:ff,d8:d7:75:45:81:24,d8:d7:75:45:81:24,FunBox2-8124,-38,1,2412,False,False
1778943609.5777612,data,null_data,50:02:91:e8:18:ec,d8:d7:75:45:81:24,d8:d7:75:45:81:24,50:02:91:e8:18:ec,d8:d7:75:45:81:24,,-81,1,2412,False,False
1778943609.5777671,control,ack,,50:02:91:e8:18:ec,50:02:91:e8:18:ec,,,,-42,1,2412,False,False
1778943609.6789622,management,beacon,d8:d7:75:45:81:24,ff:ff:ff:ff:ff:ff,ff:ff:ff:ff:ff:ff,d8:d7:75:45:81:24,d8:d7:75:45:81:24,FunBox2-8124,-38,1,2412,False,False
1778943609.7386088,data,null_data,50:02:91:e8:18:ec,d8:d7:75:45:81:24,d8:d7:75:45:81:24,50:02:91:e8:18:ec,d8:d7:75:45:81:24,,-82,1,2412,False,False
1778943609.7386184,control,ack,,50:02:91:e8:18:ec,50:02:91:e8:18:ec,,,,-42,1,2412,False,False
1778943609.7813933,management,beacon,d8:d7:75:45:81:24,ff:ff:ff:ff:ff:ff,ff:ff:ff:ff:ff:ff,d8:d7:75:45:81:24,d8:d7:75:45:81:24,FunBox2-8124,-39,1,2412,False,False
1778943609.8838048,management,beacon,d8:d7:75:45:81:24,ff:ff:ff:ff:ff:ff,ff:ff:ff:ff:ff:ff,d8:d7:75:45:81:24,d8:d7:75:45:81:24,FunBox2-8124,-48,1,2412,False,False
1778943609.9861863,management,beacon,d8:d7:75:45:81:24,ff:ff:ff:ff:ff:ff,ff:ff:ff:ff:ff:ff,d8:d7:75:45:81:24,d8:d7:75:45:81:24,FunBox2-8124,-41,1,2412,False,False
1778943610.1910129,management,beacon,d8:d7:75:45:81:24,ff:ff:ff:ff:ff:ff,ff:ff:ff:ff:ff:ff,d8:d7:75:45:81:24,d8:d7:75:45:81:24,FunBox2-8124,-41,1,2412,False,False
1778943610.1922088,data,data,d8:d7:75:45:81:24,01:00:5e:00:00:01,01:00:5e:00:00:01,d8:d7:75:45:81:24,d8:d7:75:45:81:24,,-39,1,2412,True,False
1778943610.193682,data,data,d8:d7:75:45:81:24,ff:ff:ff:ff:ff:ff,ff:ff:ff:ff:ff:ff,d8:d7:75:45:81:24,d8:d7:75:45:81:24,,-47,1,2412,True,False
1778943610.194001,control,ack,,d8:d7:75:45:81:24,d8:d7:75:45:81:24,,,,-82,1,2412,False,False
1778943610.1952271,data,data,d8:d7:75:45:81:24,ff:ff:ff:ff:ff:ff,ff:ff:ff:ff:ff:ff,d8:d7:75:45:81:24,d8:d7:75:45:81:24,,-47,1,2412,True,False
1778943610.1955435,control,ack,,d8:d7:75:45:81:24,d8:d7:75:45:81:24,,,,-82,1,2412,False,False
1778943610.2934196,management,beacon,d8:d7:75:45:81:24,ff:ff:ff:ff:ff:ff,ff:ff:ff:ff:ff:ff,d8:d7:75:45:81:24,d8:d7:75:45:81:24,FunBox2-8124,-48,1,2412,False,False
1778943610.3559232,data,null_data,50:02:91:e8:18:ec,d8:d7:75:45:81:24,d8:d7:75:45:81:24,50:02:91:e8:18:ec,d8:d7:75:45:81:24,,-81,1,2412,False,False
1778943610.356153,control,ack,,50:02:91:e8:18:ec,50:02:91:e8:18:ec,,,,-42,1,2412,False,False
1778943610.3573205,control,rts,54:35:30:cf:ee:1e,d8:d7:75:45:81:24,d8:d7:75:45:81:24,54:35:30:cf:ee:1e,,,-57,1,2412,False,False
1778943610.357322,control,cts,,54:35:30:cf:ee:1e,54:35:30:cf:ee:1e,,,,-50,1,2412,False,False
1778943610.3573234,data,qos_data,54:35:30:cf:ee:1e,d8:d7:75:45:81:24,d8:d7:75:45:81:24,54:35:30:cf:ee:1e,01:00:5e:7f:ff:fa,,-57,1,2412,True,False
1778943610.357325,control,block_ack,d8:d7:75:45:81:24,54:35:30:cf:ee:1e,54:35:30:cf:ee:1e,d8:d7:75:45:81:24,,,-52,1,2412,False,False
1778943610.3958118,management,beacon,d8:d7:75:45:81:24,ff:ff:ff:ff:ff:ff,ff:ff:ff:ff:ff:ff,d8:d7:75:45:81:24,d8:d7:75:45:81:24,FunBox2-8124,-47,1,2412,False,False
1778943610.4982257,management,beacon,d8:d7:75:45:81:24,ff:ff:ff:ff:ff:ff,ff:ff:ff:ff:ff:ff,d8:d7:75:45:81:24,d8:d7:75:45:81:24,FunBox2-8124,-40,1,2412,False,False
1778943610.4994662,data,data,d8:d7:75:45:81:24,01:00:5e:7f:ff:fa,01:00:5e:7f:ff:fa,d8:d7:75:45:81:24,54:35:30:cf:ee:1e,,-40,1,2412,True,False
1778943610.499978,control,ack,,d8:d7:75:45:81:24,d8:d7:75:45:81:24,,,,-82,1,2412,False,False
1778943610.4999804,data,null_data,50:02:91:e8:18:ec,d8:d7:75:45:81:24,d8:d7:75:45:81:24,50:02:91:e8:18:ec,d8:d7:75:45:81:24,,-82,1,2412,False,False
1778943610.4999819,control,ack,,50:02:91:e8:18:ec,50:02:91:e8:18:ec,,,,-51,1,2412,False,False
1778943610.6014884,management,beacon,d8:d7:75:45:81:24,ff:ff:ff:ff:ff:ff,ff:ff:ff:ff:ff:ff,d8:d7:75:45:81:24,d8:d7:75:45:81:24,FunBox2-8124,-39,1,2412,False,False
1778943610.6613724,data,null_data,50:02:91:e8:18:ec,d8:d7:75:45:81:24,d8:d7:75:45:81:24,50:02:91:e8:18:ec,d8:d7:75:45:81:24,,-82,1,2412,False,False
1778943610.6613975,data,null_data,50:02:91:e8:18:ec,d8:d7:75:45:81:24,d8:d7:75:45:81:24,50:02:91:e8:18:ec,d8:d7:75:45:81:24,,-81,1,2412,False,True
1778943610.6614,control,ack,,50:02:91:e8:18:ec,50:02:91:e8:18:ec,,,,-43,1,2412,False,False
1778943610.8053885,management,beacon,d8:d7:75:45:81:24,ff:ff:ff:ff:ff:ff,ff:ff:ff:ff:ff:ff,d8:d7:75:45:81:24,d8:d7:75:45:81:24,FunBox2-8124,-40,1,2412,False,False
1778943610.907829,management,beacon,d8:d7:75:45:81:24,ff:ff:ff:ff:ff:ff,ff:ff:ff:ff:ff:ff,d8:d7:75:45:81:24,d8:d7:75:45:81:24,FunBox2-8124,-41,1,2412,False,False
1778943611.010239,management,beacon,d8:d7:75:45:81:24,ff:ff:ff:ff:ff:ff,ff:ff:ff:ff:ff:ff,d8:d7:75:45:81:24,d8:d7:75:45:81:24,FunBox2-8124,-47,1,2412,False,False
1778943611.1125946,management,beacon,d8:d7:75:45:81:24,ff:ff:ff:ff:ff:ff,ff:ff:ff:ff:ff:ff,d8:d7:75:45:81:24,d8:d7:75:45:81:24,FunBox2-8124,-46,1,2412,False,False
1778943611.2150328,management,beacon,d8:d7:75:45:81:24,ff:ff:ff:ff:ff:ff,ff:ff:ff:ff:ff:ff,d8:d7:75:45:81:24,d8:d7:75:45:81:24,FunBox2-8124,-48,1,2412,False,False
1778943611.3174126,management,beacon,d8:d7:75:45:81:24,ff:ff:ff:ff:ff:ff,ff:ff:ff:ff:ff:ff,d8:d7:75:45:81:24,d8:d7:75:45:81:24,FunBox2-8124,-40,1,2412,False,False
1778943611.4198024,management,beacon,d8:d7:75:45:81:24,ff:ff:ff:ff:ff:ff,ff:ff:ff:ff:ff:ff,d8:d7:75:45:81:24,d8:d7:75:45:81:24,FunBox2-8124,-40,1,2412,False,False
1778943611.523953,management,beacon,d8:d7:75:45:81:24,ff:ff:ff:ff:ff:ff,ff:ff:ff:ff:ff:ff,d8:d7:75:45:81:24,d8:d7:75:45:81:24,FunBox2-8124,-43,1,2412,False,False
1778943611.6246355,management,beacon,d8:d7:75:45:81:24,ff:ff:ff:ff:ff:ff,ff:ff:ff:ff:ff:ff,d8:d7:75:45:81:24,d8:d7:75:45:81:24,FunBox2-8124,-40,1,2412,False,False
1778943611.7270122,management,beacon,d8:d7:75:45:81:24,ff:ff:ff:ff:ff:ff,ff:ff:ff:ff:ff:ff,d8:d7:75:45:81:24,d8:d7:75:45:81:24,FunBox2-8124,-48,1,2412,False,False
1778943611.82948,management,beacon,d8:d7:75:45:81:24,ff:ff:ff:ff:ff:ff,ff:ff:ff:ff:ff:ff,d8:d7:75:45:81:24,d8:d7:75:45:81:24,FunBox2-8124,-40,1,2412,False,False
1778943612.0244744,management,beacon,ac:84:c6:41:71:22,ff:ff:ff:ff:ff:ff,ff:ff:ff:ff:ff:ff,ac:84:c6:41:71:22,ac:84:c6:41:71:22,TP-LINK_7122,-88,1,2412,False,False
1778943612.0342286,management,beacon,d8:d7:75:45:81:24,ff:ff:ff:ff:ff:ff,ff:ff:ff:ff:ff:ff,d8:d7:75:45:81:24,d8:d7:75:45:81:24,FunBox2-8124,-40,1,2412,False,False
1778943612.1366708,management,beacon,d8:d7:75:45:81:24,ff:ff:ff:ff:ff:ff,ff:ff:ff:ff:ff:ff,d8:d7:75:45:81:24,d8:d7:75:45:81:24,FunBox2-8124,-39,1,2412,False,False
1778943612.2390358,management,beacon,d8:d7:75:45:81:24,ff:ff:ff:ff:ff:ff,ff:ff:ff:ff:ff:ff,d8:d7:75:45:81:24,d8:d7:75:45:81:24,FunBox2-8124,-47,1,2412,False,False
1778943612.3414824,management,beacon,d8:d7:75:45:81:24,ff:ff:ff:ff:ff:ff,ff:ff:ff:ff:ff:ff,d8:d7:75:45:81:24,d8:d7:75:45:81:24,FunBox2-8124,-49,1,2412,False,False
1778943612.4453623,data,null_data,50:02:91:e8:18:ec,d8:d7:75:45:81:24,d8:d7:75:45:81:24,50:02:91:e8:18:ec,d8:d7:75:45:81:24,,-80,1,2412,False,False
1778943612.4453745,control,ack,,50:02:91:e8:18:ec,50:02:91:e8:18:ec,,,,-52,1,2412,False,False
1778943612.4453757,data,null_data,50:02:91:e8:18:ec,d8:d7:75:45:81:24,d8:d7:75:45:81:24,50:02:91:e8:18:ec,d8:d7:75:45:81:24,,-83,1,2412,False,True
1778943612.4453766,control,ack,,50:02:91:e8:18:ec,50:02:91:e8:18:ec,,,,-53,1,2412,False,False
1778943612.4459157,management,action,d8:d7:75:45:81:24,50:02:91:e8:18:ec,50:02:91:e8:18:ec,d8:d7:75:45:81:24,d8:d7:75:45:81:24,,-47,1,2412,False,False
1778943612.4462337,control,ack,,d8:d7:75:45:81:24,d8:d7:75:45:81:24,,,,-83,1,2412,False,False
1778943612.4465399,management,action,50:02:91:e8:18:ec,d8:d7:75:45:81:24,d8:d7:75:45:81:24,50:02:91:e8:18:ec,d8:d7:75:45:81:24,,-84,1,2412,False,False
1778943612.4465413,control,ack,,50:02:91:e8:18:ec,50:02:91:e8:18:ec,,,,-52,1,2412,False,False
1778943612.5462875,management,beacon,d8:d7:75:45:81:24,ff:ff:ff:ff:ff:ff,ff:ff:ff:ff:ff:ff,d8:d7:75:45:81:24,d8:d7:75:45:81:24,FunBox2-8124,-47,1,2412,False,False
1778943612.6073115,data,null_data,50:02:91:e8:18:ec,d8:d7:75:45:81:24,d8:d7:75:45:81:24,50:02:91:e8:18:ec,d8:d7:75:45:81:24,,-82,1,2412,False,False
1778943612.6073215,control,ack,,50:02:91:e8:18:ec,50:02:91:e8:18:ec,,,,-52,1,2412,False,False
1778943612.6385045,management,beacon,ac:84:c6:41:71:22,ff:ff:ff:ff:ff:ff,ff:ff:ff:ff:ff:ff,ac:84:c6:41:71:22,ac:84:c6:41:71:22,TP-LINK_7122,-87,1,2412,False,False
1778943612.6493335,management,beacon,d8:d7:75:45:81:24,ff:ff:ff:ff:ff:ff,ff:ff:ff:ff:ff:ff,d8:d7:75:45:81:24,d8:d7:75:45:81:24,FunBox2-8124,-48,1,2412,False,False
1778943612.7510796,management,beacon,d8:d7:75:45:81:24,ff:ff:ff:ff:ff:ff,ff:ff:ff:ff:ff:ff,d8:d7:75:45:81:24,d8:d7:75:45:81:24,FunBox2-8124,-49,1,2412,False,False
1778943612.8534982,management,beacon,d8:d7:75:45:81:24,ff:ff:ff:ff:ff:ff,ff:ff:ff:ff:ff:ff,d8:d7:75:45:81:24,d8:d7:75:45:81:24,FunBox2-8124,-39,1,2412,False,False
1778943613.058277,management,beacon,d8:d7:75:45:81:24,ff:ff:ff:ff:ff:ff,ff:ff:ff:ff:ff:ff,d8:d7:75:45:81:24,d8:d7:75:45:81:24,FunBox2-8124,-40,1,2412,False,False
1778943613.1607287,management,beacon,d8:d7:75:45:81:24,ff:ff:ff:ff:ff:ff,ff:ff:ff:ff:ff:ff,d8:d7:75:45:81:24,d8:d7:75:45:81:24,FunBox2-8124,-48,1,2412,False,False
1778943613.263084,management,beacon,d8:d7:75:45:81:24,ff:ff:ff:ff:ff:ff,ff:ff:ff:ff:ff:ff,d8:d7:75:45:81:24,d8:d7:75:45:81:24,FunBox2-8124,-40,1,2412,False,False
1778943613.2645936,data,data,d8:d7:75:45:81:24,01:00:5e:00:00:fb,01:00:5e:00:00:fb,d8:d7:75:45:81:24,e6:12:a8:93:5a:78,,-40,1,2412,True,False
1778943613.2649014,control,ack,,d8:d7:75:45:81:24,d8:d7:75:45:81:24,,,,-82,1,2412,False,False
1778943613.2678194,data,data,d8:d7:75:45:81:24,33:33:00:00:00:fb,33:33:00:00:00:fb,d8:d7:75:45:81:24,e6:12:a8:93:5a:78,,-48,1,2412,True,False
1778943613.268109,control,ack,,d8:d7:75:45:81:24,d8:d7:75:45:81:24,,,,-83,1,2412,False,False
1778943613.365502,management,beacon,d8:d7:75:45:81:24,ff:ff:ff:ff:ff:ff,ff:ff:ff:ff:ff:ff,d8:d7:75:45:81:24,d8:d7:75:45:81:24,FunBox2-8124,-48,1,2412,False,False
1778943613.428563,data,null_data,50:02:91:e8:18:ec,d8:d7:75:45:81:24,d8:d7:75:45:81:24,50:02:91:e8:18:ec,d8:d7:75:45:81:24,,-83,1,2412,False,False
1778943613.4285793,control,ack,,50:02:91:e8:18:ec,50:02:91:e8:18:ec,,,,-52,1,2412,False,False
1778943613.5703392,management,beacon,d8:d7:75:45:81:24,ff:ff:ff:ff:ff:ff,ff:ff:ff:ff:ff:ff,d8:d7:75:45:81:24,d8:d7:75:45:81:24,FunBox2-8124,-39,1,2412,False,False
1778943613.661875,management,beacon,ac:84:c6:41:71:22,ff:ff:ff:ff:ff:ff,ff:ff:ff:ff:ff:ff,ac:84:c6:41:71:22,ac:84:c6:41:71:22,TP-LINK_7122,-88,1,2412,False,False
1778943613.672723,management,beacon,d8:d7:75:45:81:24,ff:ff:ff:ff:ff:ff,ff:ff:ff:ff:ff:ff,d8:d7:75:45:81:24,d8:d7:75:45:81:24,FunBox2-8124,-47,1,2412,False,False
1778943613.7751,management,beacon,d8:d7:75:45:81:24,ff:ff:ff:ff:ff:ff,ff:ff:ff:ff:ff:ff,d8:d7:75:45:81:24,d8:d7:75:45:81:24,FunBox2-8124,-48,1,2412,False,False
1778943613.8774948,management,beacon,d8:d7:75:45:81:24,ff:ff:ff:ff:ff:ff,ff:ff:ff:ff:ff:ff,d8:d7:75:45:81:24,d8:d7:75:45:81:24,FunBox2-8124,-49,1,2412,False,False
1778943613.9688864,management,beacon,ac:84:c6:41:71:22,ff:ff:ff:ff:ff:ff,ff:ff:ff:ff:ff:ff,ac:84:c6:41:71:22,ac:84:c6:41:71:22,TP-LINK_7122,-87,1,2412,False,False
1778943614.0823052,management,beacon,d8:d7:75:45:81:24,ff:ff:ff:ff:ff:ff,ff:ff:ff:ff:ff:ff,d8:d7:75:45:81:24,d8:d7:75:45:81:24,FunBox2-8124,-43,1,2412,False,False
1778943614.1847491,management,beacon,d8:d7:75:45:81:24,ff:ff:ff:ff:ff:ff,ff:ff:ff:ff:ff:ff,d8:d7:75:45:81:24,d8:d7:75:45:81:24,FunBox2-8124,-45,1,2412,False,False
1778943614.2871962,management,beacon,d8:d7:75:45:81:24,ff:ff:ff:ff:ff:ff,ff:ff:ff:ff:ff:ff,d8:d7:75:45:81:24,d8:d7:75:45:81:24,FunBox2-8124,-44,1,2412,False,False
1778943614.3895636,management,beacon,d8:d7:75:45:81:24,ff:ff:ff:ff:ff:ff,ff:ff:ff:ff:ff:ff,d8:d7:75:45:81:24,d8:d7:75:45:81:24,FunBox2-8124,-47,1,2412,False,False
1778943614.594645,management,beacon,d8:d7:75:45:81:24,ff:ff:ff:ff:ff:ff,ff:ff:ff:ff:ff:ff,d8:d7:75:45:81:24,d8:d7:75:45:81:24,FunBox2-8124,-45,1,2412,False,False
1778943614.6967244,management,beacon,d8:d7:75:45:81:24,ff:ff:ff:ff:ff:ff,ff:ff:ff:ff:ff:ff,d8:d7:75:45:81:24,d8:d7:75:45:81:24,FunBox2-8124,-47,1,2412,False,False
1778943614.7991276,management,beacon,d8:d7:75:45:81:24,ff:ff:ff:ff:ff:ff,ff:ff:ff:ff:ff:ff,d8:d7:75:45:81:24,d8:d7:75:45:81:24,FunBox2-8124,-48,1,2412,False,False
1778943614.9015849,management,beacon,d8:d7:75:45:81:24,ff:ff:ff:ff:ff:ff,ff:ff:ff:ff:ff:ff,d8:d7:75:45:81:24,d8:d7:75:45:81:24,FunBox2-8124,-56,1,2412,False,False
1778943615.10634,management,beacon,d8:d7:75:45:81:24,ff:ff:ff:ff:ff:ff,ff:ff:ff:ff:ff:ff,d8:d7:75:45:81:24,d8:d7:75:45:81:24,FunBox2-8124,-47,1,2412,False,False
1778943615.1075394,control,ack,,50:02:91:e8:18:ec,50:02:91:e8:18:ec,,,,-50,1,2412,False,False
1778943615.2088006,management,beacon,d8:d7:75:45:81:24,ff:ff:ff:ff:ff:ff,ff:ff:ff:ff:ff:ff,d8:d7:75:45:81:24,d8:d7:75:45:81:24,FunBox2-8124,-45,1,2412,False,False
1778943615.2683709,data,null_data,50:02:91:e8:18:ec,d8:d7:75:45:81:24,d8:d7:75:45:81:24,50:02:91:e8:18:ec,d8:d7:75:45:81:24,,-84,1,2412,False,False
1778943615.2683785,control,ack,,50:02:91:e8:18:ec,50:02:91:e8:18:ec,,,,-55,1,2412,False,False
1778943615.3111541,management,beacon,d8:d7:75:45:81:24,ff:ff:ff:ff:ff:ff,ff:ff:ff:ff:ff:ff,d8:d7:75:45:81:24,d8:d7:75:45:81:24,FunBox2-8124,-46,1,2412,False,False
1778943615.4135747,management,beacon,d8:d7:75:45:81:24,ff:ff:ff:ff:ff:ff,ff:ff:ff:ff:ff:ff,d8:d7:75:45:81:24,d8:d7:75:45:81:24,FunBox2-8124,-45,1,2412,False,False
1778943615.6183584,management,beacon,d8:d7:75:45:81:24,ff:ff:ff:ff:ff:ff,ff:ff:ff:ff:ff:ff,d8:d7:75:45:81:24,d8:d7:75:45:81:24,FunBox2-8124,-45,1,2412,False,False
1778943615.720768,management,beacon,d8:d7:75:45:81:24,ff:ff:ff:ff:ff:ff,ff:ff:ff:ff:ff:ff,d8:d7:75:45:81:24,d8:d7:75:45:81:24,FunBox2-8124,-43,1,2412,False,False
1778943615.8231637,management,beacon,d8:d7:75:45:81:24,ff:ff:ff:ff:ff:ff,ff:ff:ff:ff:ff:ff,d8:d7:75:45:81:24,d8:d7:75:45:81:24,FunBox2-8124,-42,1,2412,False,False
1778943615.9255881,management,beacon,d8:d7:75:45:81:24,ff:ff:ff:ff:ff:ff,ff:ff:ff:ff:ff:ff,d8:d7:75:45:81:24,d8:d7:75:45:81:24,FunBox2-8124,-49,1,2412,False,False
1778943616.1304173,management,beacon,d8:d7:75:45:81:24,ff:ff:ff:ff:ff:ff,ff:ff:ff:ff:ff:ff,d8:d7:75:45:81:24,d8:d7:75:45:81:24,FunBox2-8124,-42,1,2412,False,False
1778943616.2328303,management,beacon,d8:d7:75:45:81:24,ff:ff:ff:ff:ff:ff,ff:ff:ff:ff:ff:ff,d8:d7:75:45:81:24,d8:d7:75:45:81:24,FunBox2-8124,-44,1,2412,False,False
1778943616.335192,management,beacon,d8:d7:75:45:81:24,ff:ff:ff:ff:ff:ff,ff:ff:ff:ff:ff:ff,d8:d7:75:45:81:24,d8:d7:75:45:81:24,FunBox2-8124,-49,1,2412,False,False
1778943616.43759,management,beacon,d8:d7:75:45:81:24,ff:ff:ff:ff:ff:ff,ff:ff:ff:ff:ff:ff,d8:d7:75:45:81:24,d8:d7:75:45:81:24,FunBox2-8124,-53,1,2412,False,False
1778943616.6424496,management,beacon,d8:d7:75:45:81:24,ff:ff:ff:ff:ff:ff,ff:ff:ff:ff:ff:ff,d8:d7:75:45:81:24,d8:d7:75:45:81:24,FunBox2-8124,-44,1,2412,False,False
1778943616.74482,management,beacon,d8:d7:75:45:81:24,ff:ff:ff:ff:ff:ff,ff:ff:ff:ff:ff:ff,d8:d7:75:45:81:24,d8:d7:75:45:81:24,FunBox2-8124,-43,1,2412,False,False
1778943616.7460284,data,null_data,50:02:91:e8:18:ec,d8:d7:75:45:81:24,d8:d7:75:45:81:24,50:02:91:e8:18:ec,d8:d7:75:45:81:24,,-82,1,2412,False,False
1778943616.7460363,control,ack,,50:02:91:e8:18:ec,50:02:91:e8:18:ec,,,,-46,1,2412,False,False
1778943616.847237,management,beacon,d8:d7:75:45:81:24,ff:ff:ff:ff:ff:ff,ff:ff:ff:ff:ff:ff,d8:d7:75:45:81:24,d8:d7:75:45:81:24,FunBox2-8124,-48,1,2412,False,False
1778943616.906866,data,null_data,50:02:91:e8:18:ec,d8:d7:75:45:81:24,d8:d7:75:45:81:24,50:02:91:e8:18:ec,d8:d7:75:45:81:24,,-82,1,2412,False,False
1778943616.9068735,control,ack,,50:02:91:e8:18:ec,50:02:91:e8:18:ec,,,,-51,1,2412,False,False
1778943616.949641,management,beacon,d8:d7:75:45:81:24,ff:ff:ff:ff:ff:ff,ff:ff:ff:ff:ff:ff,d8:d7:75:45:81:24,d8:d7:75:45:81:24,FunBox2-8124,-49,1,2412,False,False
1778943617.1544378,management,beacon,d8:d7:75:45:81:24,ff:ff:ff:ff:ff:ff,ff:ff:ff:ff:ff:ff,d8:d7:75:45:81:24,d8:d7:75:45:81:24,FunBox2-8124,-46,1,2412,False,False
1778943617.2568514,management,beacon,d8:d7:75:45:81:24,ff:ff:ff:ff:ff:ff,ff:ff:ff:ff:ff:ff,d8:d7:75:45:81:24,d8:d7:75:45:81:24,FunBox2-8124,-50,1,2412,False,False
1778943617.3592618,management,beacon,d8:d7:75:45:81:24,ff:ff:ff:ff:ff:ff,ff:ff:ff:ff:ff:ff,d8:d7:75:45:81:24,d8:d7:75:45:81:24,FunBox2-8124,-43,1,2412,False,False
1778943617.4616306,management,beacon,d8:d7:75:45:81:24,ff:ff:ff:ff:ff:ff,ff:ff:ff:ff:ff:ff,d8:d7:75:45:81:24,d8:d7:75:45:81:24,FunBox2-8124,-43,1,2412,False,False
1778943617.5640335,management,beacon,d8:d7:75:45:81:24,ff:ff:ff:ff:ff:ff,ff:ff:ff:ff:ff:ff,d8:d7:75:45:81:24,d8:d7:75:45:81:24,FunBox2-8124,-45,1,2412,False,False
1778943617.5651557,data,data,d8:d7:75:45:81:24,ff:ff:ff:ff:ff:ff,ff:ff:ff:ff:ff:ff,d8:d7:75:45:81:24,d8:d7:75:45:81:24,,-43,1,2412,True,False
1778943617.5658739,control,ack,,d8:d7:75:45:81:24,d8:d7:75:45:81:24,,,,-88,1,2412,False,False
1778943617.5658755,data,null_data,50:02:91:e8:18:ec,d8:d7:75:45:81:24,d8:d7:75:45:81:24,50:02:91:e8:18:ec,d8:d7:75:45:81:24,,-82,1,2412,False,False
1778943617.5658765,control,ack,,50:02:91:e8:18:ec,50:02:91:e8:18:ec,,,,-51,1,2412,False,False
1778943617.5658774,data,null_data,50:02:91:e8:18:ec,d8:d7:75:45:81:24,d8:d7:75:45:81:24,50:02:91:e8:18:ec,d8:d7:75:45:81:24,,-83,1,2412,False,True
1778943617.5658784,control,ack,,50:02:91:e8:18:ec,50:02:91:e8:18:ec,,,,-52,1,2412,False,False
1778943617.6664834,management,beacon,d8:d7:75:45:81:24,ff:ff:ff:ff:ff:ff,ff:ff:ff:ff:ff:ff,d8:d7:75:45:81:24,d8:d7:75:45:81:24,FunBox2-8124,-42,1,2412,False,False
1778943617.7267559,control,ack,,50:02:91:e8:18:ec,50:02:91:e8:18:ec,,,,-52,1,2412,False,False
1778943617.7688422,management,beacon,d8:d7:75:45:81:24,ff:ff:ff:ff:ff:ff,ff:ff:ff:ff:ff:ff,d8:d7:75:45:81:24,d8:d7:75:45:81:24,FunBox2-8124,-50,1,2412,False,False
1778943617.8713088,management,beacon,d8:d7:75:45:81:24,ff:ff:ff:ff:ff:ff,ff:ff:ff:ff:ff:ff,d8:d7:75:45:81:24,d8:d7:75:45:81:24,FunBox2-8124,-49,1,2412,False,False
1778943617.9736683,management,beacon,d8:d7:75:45:81:24,ff:ff:ff:ff:ff:ff,ff:ff:ff:ff:ff:ff,d8:d7:75:45:81:24,d8:d7:75:45:81:24,FunBox2-8124,-51,1,2412,False,False
1778943618.0760555,management,beacon,d8:d7:75:45:81:24,ff:ff:ff:ff:ff:ff,ff:ff:ff:ff:ff:ff,d8:d7:75:45:81:24,d8:d7:75:45:81:24,FunBox2-8124,-44,1,2412,False,False
1778943618.1784596,management,beacon,d8:d7:75:45:81:24,ff:ff:ff:ff:ff:ff,ff:ff:ff:ff:ff:ff,d8:d7:75:45:81:24,d8:d7:75:45:81:24,FunBox2-8124,-48,1,2412,False,False
1778943618.2809107,management,beacon,d8:d7:75:45:81:24,ff:ff:ff:ff:ff:ff,ff:ff:ff:ff:ff:ff,d8:d7:75:45:81:24,d8:d7:75:45:81:24,FunBox2-8124,-49,1,2412,False,False
1778943618.3832676,management,beacon,d8:d7:75:45:81:24,ff:ff:ff:ff:ff:ff,ff:ff:ff:ff:ff:ff,d8:d7:75:45:81:24,d8:d7:75:45:81:24,FunBox2-8124,-48,1,2412,False,False
1778943618.485666,management,beacon,d8:d7:75:45:81:24,ff:ff:ff:ff:ff:ff,ff:ff:ff:ff:ff:ff,d8:d7:75:45:81:24,d8:d7:75:45:81:24,FunBox2-8124,-45,1,2412,False,False
1778943618.4866765,data,data,d8:d7:75:45:81:24,ff:ff:ff:ff:ff:ff,ff:ff:ff:ff:ff:ff,d8:d7:75:45:81:24,d8:d7:75:45:81:24,,-42,1,2412,True,False
1778943618.4873369,data,null_data,50:02:91:e8:18:ec,d8:d7:75:45:81:24,d8:d7:75:45:81:24,50:02:91:e8:18:ec,d8:d7:75:45:81:24,,-84,1,2412,False,False
1778943618.4873388,control,ack,,50:02:91:e8:18:ec,50:02:91:e8:18:ec,,,,-51,1,2412,False,False
1778943618.4873397,data,null_data,50:02:91:e8:18:ec,d8:d7:75:45:81:24,d8:d7:75:45:81:24,50:02:91:e8:18:ec,d8:d7:75:45:81:24,,-84,1,2412,False,True
1778943618.4873405,control,ack,,50:02:91:e8:18:ec,50:02:91:e8:18:ec,,,,-52,1,2412,False,False
1778943618.5881069,management,beacon,d8:d7:75:45:81:24,ff:ff:ff:ff:ff:ff,ff:ff:ff:ff:ff:ff,d8:d7:75:45:81:24,d8:d7:75:45:81:24,FunBox2-8124,-47,1,2412,False,False
1778943618.6482651,control,ack,,50:02:91:e8:18:ec,50:02:91:e8:18:ec,,,,-51,1,2412,False,False
1778943618.6904864,management,beacon,d8:d7:75:45:81:24,ff:ff:ff:ff:ff:ff,ff:ff:ff:ff:ff:ff,d8:d7:75:45:81:24,d8:d7:75:45:81:24,FunBox2-8124,-43,1,2412,False,False
1778943618.7928839,management,beacon,d8:d7:75:45:81:24,ff:ff:ff:ff:ff:ff,ff:ff:ff:ff:ff:ff,d8:d7:75:45:81:24,d8:d7:75:45:81:24,FunBox2-8124,-49,1,2412,False,False
1778943618.8952837,management,beacon,d8:d7:75:45:81:24,ff:ff:ff:ff:ff:ff,ff:ff:ff:ff:ff:ff,d8:d7:75:45:81:24,d8:d7:75:45:81:24,FunBox2-8124,-47,1,2412,False,False
1778943618.9976902,management,beacon,d8:d7:75:45:81:24,ff:ff:ff:ff:ff:ff,ff:ff:ff:ff:ff:ff,d8:d7:75:45:81:24,d8:d7:75:45:81:24,FunBox2-8124,-42,1,2412,False,False
1778943619.100128,management,beacon,d8:d7:75:45:81:24,ff:ff:ff:ff:ff:ff,ff:ff:ff:ff:ff:ff,d8:d7:75:45:81:24,d8:d7:75:45:81:24,FunBox2-8124,-42,1,2412,False,False
1778943619.304896,management,beacon,d8:d7:75:45:81:24,ff:ff:ff:ff:ff:ff,ff:ff:ff:ff:ff:ff,d8:d7:75:45:81:24,d8:d7:75:45:81:24,FunBox2-8124,-49,1,2412,False,False
1778943619.4073205,management,beacon,d8:d7:75:45:81:24,ff:ff:ff:ff:ff:ff,ff:ff:ff:ff:ff:ff,d8:d7:75:45:81:24,d8:d7:75:45:81:24,FunBox2-8124,-47,1,2412,False,False
1778943619.509776,management,beacon,d8:d7:75:45:81:24,ff:ff:ff:ff:ff:ff,ff:ff:ff:ff:ff:ff,d8:d7:75:45:81:24,d8:d7:75:45:81:24,FunBox2-8124,-43,1,2412,False,False
1778943619.6121697,management,beacon,d8:d7:75:45:81:24,ff:ff:ff:ff:ff:ff,ff:ff:ff:ff:ff:ff,d8:d7:75:45:81:24,d8:d7:75:45:81:24,FunBox2-8124,-43,1,2412,False,False
1778943619.6229796,data,null_data,50:02:91:e8:18:ec,d8:d7:75:45:81:24,d8:d7:75:45:81:24,50:02:91:e8:18:ec,d8:d7:75:45:81:24,,-83,1,2412,False,False
1778943619.6229885,control,ack,,50:02:91:e8:18:ec,50:02:91:e8:18:ec,,,,-44,1,2412,False,False
1778943619.6234064,data,null_data,50:02:91:e8:18:ec,d8:d7:75:45:81:24,d8:d7:75:45:81:24,50:02:91:e8:18:ec,d8:d7:75:45:81:24,,-83,1,2412,False,True
1778943619.6234083,control,ack,,50:02:91:e8:18:ec,50:02:91:e8:18:ec,,,,-48,1,2412,False,False
1778943619.714562,management,beacon,d8:d7:75:45:81:24,ff:ff:ff:ff:ff:ff,ff:ff:ff:ff:ff:ff,d8:d7:75:45:81:24,d8:d7:75:45:81:24,FunBox2-8124,-46,1,2412,False,False
1778943619.7843502,data,null_data,50:02:91:e8:18:ec,d8:d7:75:45:81:24,d8:d7:75:45:81:24,50:02:91:e8:18:ec,d8:d7:75:45:81:24,,-83,1,2412,False,False
1778943619.7843611,control,ack,,50:02:91:e8:18:ec,50:02:91:e8:18:ec,,,,-45,1,2412,False,False
1778943619.8181713,management,beacon,d8:d7:75:45:81:24,ff:ff:ff:ff:ff:ff,ff:ff:ff:ff:ff:ff,d8:d7:75:45:81:24,d8:d7:75:45:81:24,FunBox2-8124,-46,1,2412,False,False
1778943619.919365,management,beacon,d8:d7:75:45:81:24,ff:ff:ff:ff:ff:ff,ff:ff:ff:ff:ff:ff,d8:d7:75:45:81:24,d8:d7:75:45:81:24,FunBox2-8124,-43,1,2412,False,False
1778943620.0217628,management,beacon,d8:d7:75:45:81:24,ff:ff:ff:ff:ff:ff,ff:ff:ff:ff:ff:ff,d8:d7:75:45:81:24,d8:d7:75:45:81:24,FunBox2-8124,-47,1,2412,False,False
1778943620.1091561,management,beacon,ac:84:c6:41:71:22,ff:ff:ff:ff:ff:ff,ff:ff:ff:ff:ff:ff,ac:84:c6:41:71:22,ac:84:c6:41:71:22,TP-LINK_7122,-86,1,2412,False,False
1778943620.1241386,management,beacon,d8:d7:75:45:81:24,ff:ff:ff:ff:ff:ff,ff:ff:ff:ff:ff:ff,d8:d7:75:45:81:24,d8:d7:75:45:81:24,FunBox2-8124,-43,1,2412,False,False
1778943620.2265623,management,beacon,d8:d7:75:45:81:24,ff:ff:ff:ff:ff:ff,ff:ff:ff:ff:ff:ff,d8:d7:75:45:81:24,d8:d7:75:45:81:24,FunBox2-8124,-47,1,2412,False,False
1778943620.3289523,management,beacon,d8:d7:75:45:81:24,ff:ff:ff:ff:ff:ff,ff:ff:ff:ff:ff:ff,d8:d7:75:45:81:24,d8:d7:75:45:81:24,FunBox2-8124,-42,1,2412,False,False
1778943620.33014,data,null_data,50:02:91:e8:18:ec,d8:d7:75:45:81:24,d8:d7:75:45:81:24,50:02:91:e8:18:ec,d8:d7:75:45:81:24,,-82,1,2412,False,False
1778943620.3301451,control,ack,,50:02:91:e8:18:ec,50:02:91:e8:18:ec,,,,-44,1,2412,False,False
1778943620.491283,data,null_data,50:02:91:e8:18:ec,d8:d7:75:45:81:24,d8:d7:75:45:81:24,50:02:91:e8:18:ec,d8:d7:75:45:81:24,,-85,1,2412,False,True
1778943620.4918036,data,null_data,50:02:91:e8:18:ec,d8:d7:75:45:81:24,d8:d7:75:45:81:24,50:02:91:e8:18:ec,d8:d7:75:45:81:24,,-85,1,2412,False,True
1778943620.491805,control,ack,,50:02:91:e8:18:ec,50:02:91:e8:18:ec,,,,-47,1,2412,False,False
1778943620.533778,management,beacon,d8:d7:75:45:81:24,ff:ff:ff:ff:ff:ff,ff:ff:ff:ff:ff:ff,d8:d7:75:45:81:24,d8:d7:75:45:81:24,FunBox2-8124,-41,1,2412,False,False
1778943620.636159,management,beacon,d8:d7:75:45:81:24,ff:ff:ff:ff:ff:ff,ff:ff:ff:ff:ff:ff,d8:d7:75:45:81:24,d8:d7:75:45:81:24,FunBox2-8124,-46,1,2412,False,False
1778943620.7385547,management,beacon,d8:d7:75:45:81:24,ff:ff:ff:ff:ff:ff,ff:ff:ff:ff:ff:ff,d8:d7:75:45:81:24,d8:d7:75:45:81:24,FunBox2-8124,-44,1,2412,False,False
1778943620.8409786,management,beacon,d8:d7:75:45:81:24,ff:ff:ff:ff:ff:ff,ff:ff:ff:ff:ff:ff,d8:d7:75:45:81:24,d8:d7:75:45:81:24,FunBox2-8124,-46,1,2412,False,False
1778943620.943356,management,beacon,d8:d7:75:45:81:24,ff:ff:ff:ff:ff:ff,ff:ff:ff:ff:ff:ff,d8:d7:75:45:81:24,d8:d7:75:45:81:24,FunBox2-8124,-45,1,2412,False,False
1778943621.0458002,management,beacon,d8:d7:75:45:81:24,ff:ff:ff:ff:ff:ff,ff:ff:ff:ff:ff:ff,d8:d7:75:45:81:24,d8:d7:75:45:81:24,FunBox2-8124,-47,1,2412,False,False
1778943621.1481652,management,beacon,d8:d7:75:45:81:24,ff:ff:ff:ff:ff:ff,ff:ff:ff:ff:ff:ff,d8:d7:75:45:81:24,d8:d7:75:45:81:24,FunBox2-8124,-43,1,2412,False,False
1778943621.2509198,management,beacon,d8:d7:75:45:81:24,ff:ff:ff:ff:ff:ff,ff:ff:ff:ff:ff:ff,d8:d7:75:45:81:24,d8:d7:75:45:81:24,FunBox2-8124,-41,1,2412,False,False
1778943621.3529878,management,beacon,d8:d7:75:45:81:24,ff:ff:ff:ff:ff:ff,ff:ff:ff:ff:ff:ff,d8:d7:75:45:81:24,d8:d7:75:45:81:24,FunBox2-8124,-47,1,2412,False,False
1778943621.5577898,management,beacon,d8:d7:75:45:81:24,ff:ff:ff:ff:ff:ff,ff:ff:ff:ff:ff:ff,d8:d7:75:45:81:24,d8:d7:75:45:81:24,FunBox2-8124,-52,1,2412,False,False
1778943621.660179,management,beacon,d8:d7:75:45:81:24,ff:ff:ff:ff:ff:ff,ff:ff:ff:ff:ff:ff,d8:d7:75:45:81:24,d8:d7:75:45:81:24,FunBox2-8124,-42,1,2412,False,False
1778943621.7630968,management,beacon,d8:d7:75:45:81:24,ff:ff:ff:ff:ff:ff,ff:ff:ff:ff:ff:ff,d8:d7:75:45:81:24,d8:d7:75:45:81:24,FunBox2-8124,-51,1,2412,False,False
1778943621.8650024,management,beacon,d8:d7:75:45:81:24,ff:ff:ff:ff:ff:ff,ff:ff:ff:ff:ff:ff,d8:d7:75:45:81:24,d8:d7:75:45:81:24,FunBox2-8124,-43,1,2412,False,False
1778943621.8662567,data,null_data,50:02:91:e8:18:ec,d8:d7:75:45:81:24,d8:d7:75:45:81:24,50:02:91:e8:18:ec,d8:d7:75:45:81:24,,-82,1,2412,False,False
1778943621.866261,control,ack,,50:02:91:e8:18:ec,50:02:91:e8:18:ec,,,,-44,1,2412,False,False
1778943621.967441,management,beacon,d8:d7:75:45:81:24,ff:ff:ff:ff:ff:ff,ff:ff:ff:ff:ff:ff,d8:d7:75:45:81:24,d8:d7:75:45:81:24,FunBox2-8124,-42,1,2412,False,False
1778943622.0270948,data,null_data,50:02:91:e8:18:ec,d8:d7:75:45:81:24,d8:d7:75:45:81:24,50:02:91:e8:18:ec,d8:d7:75:45:81:24,,-84,1,2412,False,False
1778943622.027101,control,ack,,50:02:91:e8:18:ec,50:02:91:e8:18:ec,,,,-54,1,2412,False,False
1778943622.0698211,management,beacon,d8:d7:75:45:81:24,ff:ff:ff:ff:ff:ff,ff:ff:ff:ff:ff:ff,d8:d7:75:45:81:24,d8:d7:75:45:81:24,FunBox2-8124,-52,1,2412,False,False
1778943622.1722126,management,beacon,d8:d7:75:45:81:24,ff:ff:ff:ff:ff:ff,ff:ff:ff:ff:ff:ff,d8:d7:75:45:81:24,d8:d7:75:45:81:24,FunBox2-8124,-53,1,2412,False,False
1778943622.2582412,management,beacon,ac:84:c6:41:71:22,ff:ff:ff:ff:ff:ff,ff:ff:ff:ff:ff:ff,ac:84:c6:41:71:22,ac:84:c6:41:71:22,TP-LINK_7122,-89,1,2412,False,False
1778943622.2746506,management,beacon,d8:d7:75:45:81:24,ff:ff:ff:ff:ff:ff,ff:ff:ff:ff:ff:ff,d8:d7:75:45:81:24,d8:d7:75:45:81:24,FunBox2-8124,-54,1,2412,False,False
1778943622.377055,management,beacon,d8:d7:75:45:81:24,ff:ff:ff:ff:ff:ff,ff:ff:ff:ff:ff:ff,d8:d7:75:45:81:24,d8:d7:75:45:81:24,FunBox2-8124,-54,1,2412,False,False
1778943622.479451,management,beacon,d8:d7:75:45:81:24,ff:ff:ff:ff:ff:ff,ff:ff:ff:ff:ff:ff,d8:d7:75:45:81:24,d8:d7:75:45:81:24,FunBox2-8124,-45,1,2412,False,False
1778943622.5818248,management,beacon,d8:d7:75:45:81:24,ff:ff:ff:ff:ff:ff,ff:ff:ff:ff:ff:ff,d8:d7:75:45:81:24,d8:d7:75:45:81:24,FunBox2-8124,-43,1,2412,False,False
1778943622.6842306,management,beacon,d8:d7:75:45:81:24,ff:ff:ff:ff:ff:ff,ff:ff:ff:ff:ff:ff,d8:d7:75:45:81:24,d8:d7:75:45:81:24,FunBox2-8124,-42,1,2412,False,False
1778943622.7699413,management,beacon,ac:84:c6:41:71:22,ff:ff:ff:ff:ff:ff,ff:ff:ff:ff:ff:ff,ac:84:c6:41:71:22,ac:84:c6:41:71:22,TP-LINK_7122,-90,1,2412,False,False
1778943622.7866764,management,beacon,d8:d7:75:45:81:24,ff:ff:ff:ff:ff:ff,ff:ff:ff:ff:ff:ff,d8:d7:75:45:81:24,d8:d7:75:45:81:24,FunBox2-8124,-57,1,2412,False,False
1778943622.8890676,management,beacon,d8:d7:75:45:81:24,ff:ff:ff:ff:ff:ff,ff:ff:ff:ff:ff:ff,d8:d7:75:45:81:24,d8:d7:75:45:81:24,FunBox2-8124,-57,1,2412,False,False
1778943623.0938609,management,beacon,d8:d7:75:45:81:24,ff:ff:ff:ff:ff:ff,ff:ff:ff:ff:ff:ff,d8:d7:75:45:81:24,d8:d7:75:45:81:24,FunBox2-8124,-45,1,2412,False,False
1778943623.0949476,data,data,d8:d7:75:45:81:24,ff:ff:ff:ff:ff:ff,ff:ff:ff:ff:ff:ff,d8:d7:75:45:81:24,d8:d7:75:45:81:24,,-42,1,2412,True,False
1778943623.0954113,control,ack,,50:02:91:e8:18:ec,50:02:91:e8:18:ec,,,,-54,1,2412,False,False
1778943623.1962893,management,beacon,d8:d7:75:45:81:24,ff:ff:ff:ff:ff:ff,ff:ff:ff:ff:ff:ff,d8:d7:75:45:81:24,d8:d7:75:45:81:24,FunBox2-8124,-43,1,2412,False,False
1778943623.2562497,data,null_data,50:02:91:e8:18:ec,d8:d7:75:45:81:24,d8:d7:75:45:81:24,50:02:91:e8:18:ec,d8:d7:75:45:81:24,,-83,1,2412,False,False
1778943623.2564197,data,null_data,50:02:91:e8:18:ec,d8:d7:75:45:81:24,d8:d7:75:45:81:24,50:02:91:e8:18:ec,d8:d7:75:45:81:24,,-82,1,2412,False,True
1778943623.2986672,management,beacon,d8:d7:75:45:81:24,ff:ff:ff:ff:ff:ff,ff:ff:ff:ff:ff:ff,d8:d7:75:45:81:24,d8:d7:75:45:81:24,FunBox2-8124,-55,1,2412,False,False
1778943623.402759,management,beacon,d8:d7:75:45:81:24,ff:ff:ff:ff:ff:ff,ff:ff:ff:ff:ff:ff,d8:d7:75:45:81:24,d8:d7:75:45:81:24,FunBox2-8124,-53,1,2412,False,False
1778943623.503505,management,beacon,d8:d7:75:45:81:24,ff:ff:ff:ff:ff:ff,ff:ff:ff:ff:ff:ff,d8:d7:75:45:81:24,d8:d7:75:45:81:24,FunBox2-8124,-44,1,2412,False,False
1778943623.5886445,management,beacon,ac:84:c6:41:71:22,ff:ff:ff:ff:ff:ff,ff:ff:ff:ff:ff:ff,ac:84:c6:41:71:22,ac:84:c6:41:71:22,TP-LINK_7122,-94,1,2412,False,False
1778943623.605858,management,beacon,d8:d7:75:45:81:24,ff:ff:ff:ff:ff:ff,ff:ff:ff:ff:ff:ff,d8:d7:75:45:81:24,d8:d7:75:45:81:24,FunBox2-8124,-42,1,2412,False,False
1778943623.7083006,management,beacon,d8:d7:75:45:81:24,ff:ff:ff:ff:ff:ff,ff:ff:ff:ff:ff:ff,d8:d7:75:45:81:24,d8:d7:75:45:81:24,FunBox2-8124,-42,1,2412,False,False
1778943623.810652,management,beacon,d8:d7:75:45:81:24,ff:ff:ff:ff:ff:ff,ff:ff:ff:ff:ff:ff,d8:d7:75:45:81:24,d8:d7:75:45:81:24,FunBox2-8124,-53,1,2412,False,False
1778943623.9137905,management,beacon,d8:d7:75:45:81:24,ff:ff:ff:ff:ff:ff,ff:ff:ff:ff:ff:ff,d8:d7:75:45:81:24,d8:d7:75:45:81:24,FunBox2-8124,-43,1,2412,False,False
1778943624.0154803,management,beacon,d8:d7:75:45:81:24,ff:ff:ff:ff:ff:ff,ff:ff:ff:ff:ff:ff,d8:d7:75:45:81:24,d8:d7:75:45:81:24,FunBox2-8124,-43,1,2412,False,False
1778943624.1178842,management,beacon,d8:d7:75:45:81:24,ff:ff:ff:ff:ff:ff,ff:ff:ff:ff:ff:ff,d8:d7:75:45:81:24,d8:d7:75:45:81:24,FunBox2-8124,-43,1,2412,False,False
1778943624.2202852,management,beacon,d8:d7:75:45:81:24,ff:ff:ff:ff:ff:ff,ff:ff:ff:ff:ff:ff,d8:d7:75:45:81:24,d8:d7:75:45:81:24,FunBox2-8124,-43,1,2412,False,False
1778943624.322914,management,beacon,d8:d7:75:45:81:24,ff:ff:ff:ff:ff:ff,ff:ff:ff:ff:ff:ff,d8:d7:75:45:81:24,d8:d7:75:45:81:24,FunBox2-8124,-55,1,2412,False,False
1778943624.4250922,management,beacon,d8:d7:75:45:81:24,ff:ff:ff:ff:ff:ff,ff:ff:ff:ff:ff:ff,d8:d7:75:45:81:24,d8:d7:75:45:81:24,FunBox2-8124,-52,1,2412,False,False
1778943624.527535,management,beacon,d8:d7:75:45:81:24,ff:ff:ff:ff:ff:ff,ff:ff:ff:ff:ff:ff,d8:d7:75:45:81:24,d8:d7:75:45:81:24,FunBox2-8124,-51,1,2412,False,False
1778943624.6298966,management,beacon,d8:d7:75:45:81:24,ff:ff:ff:ff:ff:ff,ff:ff:ff:ff:ff:ff,d8:d7:75:45:81:24,d8:d7:75:45:81:24,FunBox2-8124,-54,1,2412,False,False
1778943624.732301,management,beacon,d8:d7:75:45:81:24,ff:ff:ff:ff:ff:ff,ff:ff:ff:ff:ff:ff,d8:d7:75:45:81:24,d8:d7:75:45:81:24,FunBox2-8124,-52,1,2412,False,False
1778943624.834701,management,beacon,d8:d7:75:45:81:24,ff:ff:ff:ff:ff:ff,ff:ff:ff:ff:ff:ff,d8:d7:75:45:81:24,d8:d7:75:45:81:24,FunBox2-8124,-55,1,2412,False,False
1778943624.9371166,management,beacon,d8:d7:75:45:81:24,ff:ff:ff:ff:ff:ff,ff:ff:ff:ff:ff:ff,d8:d7:75:45:81:24,d8:d7:75:45:81:24,FunBox2-8124,-48,1,2412,False,False
1778943624.9382958,data,null_data,50:02:91:e8:18:ec,d8:d7:75:45:81:24,d8:d7:75:45:81:24,50:02:91:e8:18:ec,d8:d7:75:45:81:24,,-83,1,2412,False,False
1778943624.938299,control,ack,,50:02:91:e8:18:ec,50:02:91:e8:18:ec,,,,-51,1,2412,False,False
1778943625.0395277,management,beacon,d8:d7:75:45:81:24,ff:ff:ff:ff:ff:ff,ff:ff:ff:ff:ff:ff,d8:d7:75:45:81:24,d8:d7:75:45:81:24,FunBox2-8124,-49,1,2412,False,False
1778943625.0991695,data,null_data,50:02:91:e8:18:ec,d8:d7:75:45:81:24,d8:d7:75:45:81:24,50:02:91:e8:18:ec,d8:d7:75:45:81:24,,-84,1,2412,False,False
1778943625.09918,control,ack,,50:02:91:e8:18:ec,50:02:91:e8:18:ec,,,,-51,1,2412,False,False
1778943625.1419744,management,beacon,d8:d7:75:45:81:24,ff:ff:ff:ff:ff:ff,ff:ff:ff:ff:ff:ff,d8:d7:75:45:81:24,d8:d7:75:45:81:24,FunBox2-8124,-49,1,2412,False,False
1778943625.2443671,management,beacon,d8:d7:75:45:81:24,ff:ff:ff:ff:ff:ff,ff:ff:ff:ff:ff:ff,d8:d7:75:45:81:24,d8:d7:75:45:81:24,FunBox2-8124,-53,1,2412,False,False
1778943625.4307194,management,beacon,ac:84:c6:41:71:22,ff:ff:ff:ff:ff:ff,ff:ff:ff:ff:ff:ff,ac:84:c6:41:71:22,ac:84:c6:41:71:22,TP-LINK_7122,-91,1,2412,False,False
1778943625.4491858,management,beacon,d8:d7:75:45:81:24,ff:ff:ff:ff:ff:ff,ff:ff:ff:ff:ff:ff,d8:d7:75:45:81:24,d8:d7:75:45:81:24,FunBox2-8124,-52,1,2412,False,False
1778943625.5515854,management,beacon,d8:d7:75:45:81:24,ff:ff:ff:ff:ff:ff,ff:ff:ff:ff:ff:ff,d8:d7:75:45:81:24,d8:d7:75:45:81:24,FunBox2-8124,-52,1,2412,False,False
1778943625.653928,management,beacon,d8:d7:75:45:81:24,ff:ff:ff:ff:ff:ff,ff:ff:ff:ff:ff:ff,d8:d7:75:45:81:24,d8:d7:75:45:81:24,FunBox2-8124,-51,1,2412,False,False
1778943625.7588441,management,beacon,d8:d7:75:45:81:24,ff:ff:ff:ff:ff:ff,ff:ff:ff:ff:ff:ff,d8:d7:75:45:81:24,d8:d7:75:45:81:24,FunBox2-8124,-50,1,2412,False,False
1778943625.9424129,management,beacon,ac:84:c6:41:71:22,ff:ff:ff:ff:ff:ff,ff:ff:ff:ff:ff:ff,ac:84:c6:41:71:22,ac:84:c6:41:71:22,TP-LINK_7122,-88,1,2412,False,False
1778943625.9611785,management,beacon,d8:d7:75:45:81:24,ff:ff:ff:ff:ff:ff,ff:ff:ff:ff:ff:ff,d8:d7:75:45:81:24,d8:d7:75:45:81:24,FunBox2-8124,-49,1,2412,False,False
1778943626.0635433,management,beacon,d8:d7:75:45:81:24,ff:ff:ff:ff:ff:ff,ff:ff:ff:ff:ff:ff,d8:d7:75:45:81:24,d8:d7:75:45:81:24,FunBox2-8124,-56,1,2412,False,False
1778943626.1659482,management,beacon,d8:d7:75:45:81:24,ff:ff:ff:ff:ff:ff,ff:ff:ff:ff:ff:ff,d8:d7:75:45:81:24,d8:d7:75:45:81:24,FunBox2-8124,-54,1,2412,False,False
1778943626.268401,management,beacon,d8:d7:75:45:81:24,ff:ff:ff:ff:ff:ff,ff:ff:ff:ff:ff:ff,d8:d7:75:45:81:24,d8:d7:75:45:81:24,FunBox2-8124,-48,1,2412,False,False
1778943626.4732223,management,beacon,d8:d7:75:45:81:24,ff:ff:ff:ff:ff:ff,ff:ff:ff:ff:ff:ff,d8:d7:75:45:81:24,d8:d7:75:45:81:24,FunBox2-8124,-49,1,2412,False,False
1778943626.4744227,data,null_data,50:02:91:e8:18:ec,d8:d7:75:45:81:24,d8:d7:75:45:81:24,50:02:91:e8:18:ec,d8:d7:75:45:81:24,,-82,1,2412,False,False
1778943626.4744265,control,ack,,50:02:91:e8:18:ec,50:02:91:e8:18:ec,,,,-54,1,2412,False,False
1778943626.5755718,management,beacon,d8:d7:75:45:81:24,ff:ff:ff:ff:ff:ff,ff:ff:ff:ff:ff:ff,d8:d7:75:45:81:24,d8:d7:75:45:81:24,FunBox2-8124,-49,1,2412,False,False
1778943626.6352968,data,null_data,50:02:91:e8:18:ec,d8:d7:75:45:81:24,d8:d7:75:45:81:24,50:02:91:e8:18:ec,d8:d7:75:45:81:24,,-82,1,2412,False,False
1778943626.6353116,control,ack,,50:02:91:e8:18:ec,50:02:91:e8:18:ec,,,,-53,1,2412,False,False
1778943626.6780014,management,beacon,d8:d7:75:45:81:24,ff:ff:ff:ff:ff:ff,ff:ff:ff:ff:ff:ff,d8:d7:75:45:81:24,d8:d7:75:45:81:24,FunBox2-8124,-47,1,2412,False,False
1778943626.7804544,management,beacon,d8:d7:75:45:81:24,ff:ff:ff:ff:ff:ff,ff:ff:ff:ff:ff:ff,d8:d7:75:45:81:24,d8:d7:75:45:81:24,FunBox2-8124,-48,1,2412,False,False
1778943626.985225,management,beacon,d8:d7:75:45:81:24,ff:ff:ff:ff:ff:ff,ff:ff:ff:ff:ff:ff,d8:d7:75:45:81:24,d8:d7:75:45:81:24,FunBox2-8124,-47,1,2412,False,False
1778943627.0876637,management,beacon,d8:d7:75:45:81:24,ff:ff:ff:ff:ff:ff,ff:ff:ff:ff:ff:ff,d8:d7:75:45:81:24,d8:d7:75:45:81:24,FunBox2-8124,-48,1,2412,False,False
1778943627.1900673,management,beacon,d8:d7:75:45:81:24,ff:ff:ff:ff:ff:ff,ff:ff:ff:ff:ff:ff,d8:d7:75:45:81:24,d8:d7:75:45:81:24,FunBox2-8124,-47,1,2412,False,False
1778943627.2924156,management,beacon,d8:d7:75:45:81:24,ff:ff:ff:ff:ff:ff,ff:ff:ff:ff:ff:ff,d8:d7:75:45:81:24,d8:d7:75:45:81:24,FunBox2-8124,-48,1,2412,False,False
1778943627.4068997,management,beacon,d8:d7:75:45:81:24,ff:ff:ff:ff:ff:ff,ff:ff:ff:ff:ff:ff,d8:d7:75:45:81:24,d8:d7:75:45:81:24,FunBox2-8124,-46,1,2412,False,False
1778943627.4084978,data,data,d8:d7:75:45:81:24,01:00:5e:00:00:fb,01:00:5e:00:00:fb,d8:d7:75:45:81:24,8a:f4:af:eb:f3:fb,,-48,1,2412,True,False
1778943627.4089994,control,ack,,d8:d7:75:45:81:24,d8:d7:75:45:81:24,,,,-87,1,2412,False,False
1778943627.409001,data,null_data,50:02:91:e8:18:ec,d8:d7:75:45:81:24,d8:d7:75:45:81:24,50:02:91:e8:18:ec,d8:d7:75:45:81:24,,-83,1,2412,False,False
1778943627.4090023,control,ack,,50:02:91:e8:18:ec,50:02:91:e8:18:ec,,,,-49,1,2412,False,False
1778943627.410744,data,data,d8:d7:75:45:81:24,33:33:00:00:00:fb,33:33:00:00:00:fb,d8:d7:75:45:81:24,8a:f4:af:eb:f3:fb,,-48,1,2412,True,False
1778943627.4110599,control,ack,,d8:d7:75:45:81:24,d8:d7:75:45:81:24,,,,-85,1,2412,False,False
1778943627.4125428,data,data,d8:d7:75:45:81:24,33:33:ff:bf:93:ae,33:33:ff:bf:93:ae,d8:d7:75:45:81:24,d8:d7:75:45:81:24,,-50,1,2412,True,False
1778943627.412849,control,ack,,d8:d7:75:45:81:24,d8:d7:75:45:81:24,,,,-83,1,2412,False,False
1778943627.4142892,data,data,d8:d7:75:45:81:24,01:00:5e:00:00:fb,01:00:5e:00:00:fb,d8:d7:75:45:81:24,8a:f4:af:eb:f3:fb,,-48,1,2412,True,False
1778943627.4145892,control,ack,,d8:d7:75:45:81:24,d8:d7:75:45:81:24,,,,-85,1,2412,False,False
1778943627.4164798,data,data,d8:d7:75:45:81:24,33:33:00:00:00:fb,33:33:00:00:00:fb,d8:d7:75:45:81:24,8a:f4:af:eb:f3:fb,,-48,1,2412,True,False
1778943627.4167929,control,ack,,d8:d7:75:45:81:24,d8:d7:75:45:81:24,,,,-86,1,2412,False,False
1778943627.418388,data,data,d8:d7:75:45:81:24,33:33:00:00:00:01,33:33:00:00:00:01,d8:d7:75:45:81:24,d8:d7:75:45:81:24,,-49,1,2412,True,False
1778943627.418702,control,ack,,d8:d7:75:45:81:24,d8:d7:75:45:81:24,,,,-85,1,2412,False,False
1778943627.4203176,data,data,d8:d7:75:45:81:24,33:33:ff:70:4d:af,33:33:ff:70:4d:af,d8:d7:75:45:81:24,d8:d7:75:45:81:24,,-50,1,2412,True,False
1778943627.4206338,control,ack,,d8:d7:75:45:81:24,d8:d7:75:45:81:24,,,,-86,1,2412,False,False
1778943627.4973385,management,beacon,d8:d7:75:45:81:24,ff:ff:ff:ff:ff:ff,ff:ff:ff:ff:ff:ff,d8:d7:75:45:81:24,d8:d7:75:45:81:24,FunBox2-8124,-49,1,2412,False,False
1778943627.5811093,control,ack,,50:02:91:e8:18:ec,50:02:91:e8:18:ec,,,,-49,1,2412,False,False
1778943627.581545,control,ack,,50:02:91:e8:18:ec,50:02:91:e8:18:ec,,,,-48,1,2412,False,False
1778943627.5996044,management,beacon,d8:d7:75:45:81:24,ff:ff:ff:ff:ff:ff,ff:ff:ff:ff:ff:ff,d8:d7:75:45:81:24,d8:d7:75:45:81:24,FunBox2-8124,-50,1,2412,False,False
1778943627.702044,management,beacon,d8:d7:75:45:81:24,ff:ff:ff:ff:ff:ff,ff:ff:ff:ff:ff:ff,d8:d7:75:45:81:24,d8:d7:75:45:81:24,FunBox2-8124,-50,1,2412,False,False
1778943627.703449,data,data,d8:d7:75:45:81:24,33:33:00:00:00:01,33:33:00:00:00:01,d8:d7:75:45:81:24,d8:d7:75:45:81:24,,-49,1,2412,True,False
1778943627.703758,control,ack,,d8:d7:75:45:81:24,d8:d7:75:45:81:24,,,,-84,1,2412,False,False
1778943627.8044503,management,beacon,d8:d7:75:45:81:24,ff:ff:ff:ff:ff:ff,ff:ff:ff:ff:ff:ff,d8:d7:75:45:81:24,d8:d7:75:45:81:24,FunBox2-8124,-47,1,2412,False,False
1778943627.9891374,management,beacon,ac:84:c6:41:71:22,ff:ff:ff:ff:ff:ff,ff:ff:ff:ff:ff:ff,ac:84:c6:41:71:22,ac:84:c6:41:71:22,TP-LINK_7122,-87,1,2412,False,False
1778943628.0092423,management,beacon,d8:d7:75:45:81:24,ff:ff:ff:ff:ff:ff,ff:ff:ff:ff:ff:ff,d8:d7:75:45:81:24,d8:d7:75:45:81:24,FunBox2-8124,-49,1,2412,False,False
1778943628.1116855,management,beacon,d8:d7:75:45:81:24,ff:ff:ff:ff:ff:ff,ff:ff:ff:ff:ff:ff,d8:d7:75:45:81:24,d8:d7:75:45:81:24,FunBox2-8124,-46,1,2412,False,False
1778943628.2140806,management,beacon,d8:d7:75:45:81:24,ff:ff:ff:ff:ff:ff,ff:ff:ff:ff:ff:ff,d8:d7:75:45:81:24,d8:d7:75:45:81:24,FunBox2-8124,-48,1,2412,False,False
1778943628.3164282,management,beacon,d8:d7:75:45:81:24,ff:ff:ff:ff:ff:ff,ff:ff:ff:ff:ff:ff,d8:d7:75:45:81:24,d8:d7:75:45:81:24,FunBox2-8124,-48,1,2412,False,False
1778943628.5212731,management,beacon,d8:d7:75:45:81:24,ff:ff:ff:ff:ff:ff,ff:ff:ff:ff:ff:ff,d8:d7:75:45:81:24,d8:d7:75:45:81:24,FunBox2-8124,-47,1,2412,False,False
1778943628.6236873,management,beacon,d8:d7:75:45:81:24,ff:ff:ff:ff:ff:ff,ff:ff:ff:ff:ff:ff,d8:d7:75:45:81:24,d8:d7:75:45:81:24,FunBox2-8124,-46,1,2412,False,False
1778943628.7260854,management,beacon,d8:d7:75:45:81:24,ff:ff:ff:ff:ff:ff,ff:ff:ff:ff:ff:ff,d8:d7:75:45:81:24,d8:d7:75:45:81:24,FunBox2-8124,-45,1,2412,False,False
1778943628.8284721,management,beacon,d8:d7:75:45:81:24,ff:ff:ff:ff:ff:ff,ff:ff:ff:ff:ff:ff,d8:d7:75:45:81:24,d8:d7:75:45:81:24,FunBox2-8124,-43,1,2412,False,False
1778943629.0332696,management,beacon,d8:d7:75:45:81:24,ff:ff:ff:ff:ff:ff,ff:ff:ff:ff:ff:ff,d8:d7:75:45:81:24,d8:d7:75:45:81:24,FunBox2-8124,-52,1,2412,False,False
1778943629.1356568,management,beacon,d8:d7:75:45:81:24,ff:ff:ff:ff:ff:ff,ff:ff:ff:ff:ff:ff,d8:d7:75:45:81:24,d8:d7:75:45:81:24,FunBox2-8124,-45,1,2412,False,False
1778943629.2380612,management,beacon,d8:d7:75:45:81:24,ff:ff:ff:ff:ff:ff,ff:ff:ff:ff:ff:ff,d8:d7:75:45:81:24,d8:d7:75:45:81:24,FunBox2-8124,-44,1,2412,False,False
1778943629.2392867,data,null_data,50:02:91:e8:18:ec,d8:d7:75:45:81:24,d8:d7:75:45:81:24,50:02:91:e8:18:ec,d8:d7:75:45:81:24,,-84,1,2412,False,False
1778943629.2392912,control,ack,,50:02:91:e8:18:ec,50:02:91:e8:18:ec,,,,-46,1,2412,False,False
1778943629.340521,management,beacon,d8:d7:75:45:81:24,ff:ff:ff:ff:ff:ff,ff:ff:ff:ff:ff:ff,d8:d7:75:45:81:24,d8:d7:75:45:81:24,FunBox2-8124,-51,1,2412,False,False
1778943629.4001586,data,null_data,50:02:91:e8:18:ec,d8:d7:75:45:81:24,d8:d7:75:45:81:24,50:02:91:e8:18:ec,d8:d7:75:45:81:24,,-84,1,2412,False,False
1778943629.400166,control,ack,,50:02:91:e8:18:ec,50:02:91:e8:18:ec,,,,-51,1,2412,False,False
1778943629.545297,management,beacon,d8:d7:75:45:81:24,ff:ff:ff:ff:ff:ff,ff:ff:ff:ff:ff:ff,d8:d7:75:45:81:24,d8:d7:75:45:81:24,FunBox2-8124,-44,1,2412,False,False
1778943629.6235046,data,null_data,50:02:91:e8:18:ec,d8:d7:75:45:81:24,d8:d7:75:45:81:24,50:02:91:e8:18:ec,d8:d7:75:45:81:24,,-84,1,2412,False,False
1778943629.6235156,control,ack,,50:02:91:e8:18:ec,50:02:91:e8:18:ec,,,,-47,1,2412,False,False
1778943629.623918,data,null_data,50:02:91:e8:18:ec,d8:d7:75:45:81:24,d8:d7:75:45:81:24,50:02:91:e8:18:ec,d8:d7:75:45:81:24,,-82,1,2412,False,True
1778943629.6239216,control,ack,,50:02:91:e8:18:ec,50:02:91:e8:18:ec,,,,-51,1,2412,False,False
1778943629.6476786,management,beacon,d8:d7:75:45:81:24,ff:ff:ff:ff:ff:ff,ff:ff:ff:ff:ff:ff,d8:d7:75:45:81:24,d8:d7:75:45:81:24,FunBox2-8124,-43,1,2412,False,False
1778943629.7502096,management,beacon,d8:d7:75:45:81:24,ff:ff:ff:ff:ff:ff,ff:ff:ff:ff:ff:ff,d8:d7:75:45:81:24,d8:d7:75:45:81:24,FunBox2-8124,-49,1,2412,False,False
1778943629.7848547,data,null_data,50:02:91:e8:18:ec,d8:d7:75:45:81:24,d8:d7:75:45:81:24,50:02:91:e8:18:ec,d8:d7:75:45:81:24,,-81,1,2412,False,False
1778943629.7848716,control,ack,,50:02:91:e8:18:ec,50:02:91:e8:18:ec,,,,-50,1,2412,False,False
1778943629.8525023,management,beacon,d8:d7:75:45:81:24,ff:ff:ff:ff:ff:ff,ff:ff:ff:ff:ff:ff,d8:d7:75:45:81:24,d8:d7:75:45:81:24,FunBox2-8124,-46,1,2412,False,False
1778943629.8544466,data,data,d8:d7:75:45:81:24,33:33:00:00:00:01,33:33:00:00:00:01,d8:d7:75:45:81:24,d8:d7:75:45:81:24,,-47,1,2412,True,False
1778943629.8549278,control,ack,,50:02:91:e8:18:ec,50:02:91:e8:18:ec,,,,-50,1,2412,False,False
1778943630.0158274,control,ack,,50:02:91:e8:18:ec,50:02:91:e8:18:ec,,,,-49,1,2412,False,False
1778943630.057312,management,beacon,d8:d7:75:45:81:24,ff:ff:ff:ff:ff:ff,ff:ff:ff:ff:ff:ff,d8:d7:75:45:81:24,d8:d7:75:45:81:24,FunBox2-8124,-45,1,2412,False,False
1778943630.159703,management,beacon,d8:d7:75:45:81:24,ff:ff:ff:ff:ff:ff,ff:ff:ff:ff:ff:ff,d8:d7:75:45:81:24,d8:d7:75:45:81:24,FunBox2-8124,-44,1,2412,False,False
1778943630.1614358,data,data,d8:d7:75:45:81:24,33:33:00:00:00:16,33:33:00:00:00:16,d8:d7:75:45:81:24,a8:5e:45:c6:9f:b7,,-44,1,2412,True,False
1778943630.161836,data,null_data,50:02:91:e8:18:ec,d8:d7:75:45:81:24,d8:d7:75:45:81:24,50:02:91:e8:18:ec,d8:d7:75:45:81:24,,-83,1,2412,False,False
1778943630.161838,control,ack,,50:02:91:e8:18:ec,50:02:91:e8:18:ec,,,,-47,1,2412,False,False
1778943630.161839,data,null_data,50:02:91:e8:18:ec,d8:d7:75:45:81:24,d8:d7:75:45:81:24,50:02:91:e8:18:ec,d8:d7:75:45:81:24,,-81,1,2412,False,True
1778943630.16184,control,ack,,50:02:91:e8:18:ec,50:02:91:e8:18:ec,,,,-49,1,2412,False,False
1778943630.2098622,data,data,d8:d7:75:45:81:24,01:00:5e:00:00:fb,01:00:5e:00:00:fb,d8:d7:75:45:81:24,8a:f4:af:eb:f3:fb,,-47,1,2412,True,False
1778943630.2101614,control,ack,,d8:d7:75:45:81:24,d8:d7:75:45:81:24,,,,-85,1,2412,False,False
1778943630.2621522,management,beacon,d8:d7:75:45:81:24,ff:ff:ff:ff:ff:ff,ff:ff:ff:ff:ff:ff,d8:d7:75:45:81:24,d8:d7:75:45:81:24,FunBox2-8124,-47,1,2412,False,False
1778943630.364548,management,beacon,d8:d7:75:45:81:24,ff:ff:ff:ff:ff:ff,ff:ff:ff:ff:ff:ff,d8:d7:75:45:81:24,d8:d7:75:45:81:24,FunBox2-8124,-46,1,2412,False,False
1778943630.372832,data,null_data,50:02:91:e8:18:ec,d8:d7:75:45:81:24,d8:d7:75:45:81:24,50:02:91:e8:18:ec,d8:d7:75:45:81:24,,-81,1,2412,False,False
1778943630.372841,control,ack,,50:02:91:e8:18:ec,50:02:91:e8:18:ec,,,,-48,1,2412,False,False
1778943630.5693676,management,beacon,d8:d7:75:45:81:24,ff:ff:ff:ff:ff:ff,ff:ff:ff:ff:ff:ff,d8:d7:75:45:81:24,d8:d7:75:45:81:24,FunBox2-8124,-44,1,2412,False,False
1778943630.6717508,management,beacon,d8:d7:75:45:81:24,ff:ff:ff:ff:ff:ff,ff:ff:ff:ff:ff:ff,d8:d7:75:45:81:24,d8:d7:75:45:81:24,FunBox2-8124,-44,1,2412,False,False
1778943630.7741203,management,beacon,d8:d7:75:45:81:24,ff:ff:ff:ff:ff:ff,ff:ff:ff:ff:ff:ff,d8:d7:75:45:81:24,d8:d7:75:45:81:24,FunBox2-8124,-47,1,2412,False,False
1778943630.7757728,data,data,d8:d7:75:45:81:24,33:33:00:00:00:16,33:33:00:00:00:16,d8:d7:75:45:81:24,a8:5e:45:c6:9f:b7,,-48,1,2412,True,False
1778943630.7762678,control,ack,,d8:d7:75:45:81:24,d8:d7:75:45:81:24,,,,-84,1,2412,False,False
1778943630.77627,data,null_data,50:02:91:e8:18:ec,d8:d7:75:45:81:24,d8:d7:75:45:81:24,50:02:91:e8:18:ec,d8:d7:75:45:81:24,,-82,1,2412,False,False
1778943630.7762709,control,ack,,50:02:91:e8:18:ec,50:02:91:e8:18:ec,,,,-52,1,2412,False,False
1778943630.876532,management,beacon,d8:d7:75:45:81:24,ff:ff:ff:ff:ff:ff,ff:ff:ff:ff:ff:ff,d8:d7:75:45:81:24,d8:d7:75:45:81:24,FunBox2-8124,-49,1,2412,False,False
1778943630.9371738,data,null_data,50:02:91:e8:18:ec,d8:d7:75:45:81:24,d8:d7:75:45:81:24,50:02:91:e8:18:ec,d8:d7:75:45:81:24,,-80,1,2412,False,False
1778943630.9371836,control,ack,,50:02:91:e8:18:ec,50:02:91:e8:18:ec,,,,-52,1,2412,False,False
1778943630.9789417,management,beacon,d8:d7:75:45:81:24,ff:ff:ff:ff:ff:ff,ff:ff:ff:ff:ff:ff,d8:d7:75:45:81:24,d8:d7:75:45:81:24,FunBox2-8124,-44,1,2412,False,False
1778943631.0820274,management,beacon,d8:d7:75:45:81:24,ff:ff:ff:ff:ff:ff,ff:ff:ff:ff:ff:ff,d8:d7:75:45:81:24,d8:d7:75:45:81:24,FunBox2-8124,-49,1,2412,False,False
1778943631.1851451,management,beacon,d8:d7:75:45:81:24,ff:ff:ff:ff:ff:ff,ff:ff:ff:ff:ff:ff,d8:d7:75:45:81:24,d8:d7:75:45:81:24,FunBox2-8124,-48,1,2412,False,False
1778943631.2861722,management,beacon,d8:d7:75:45:81:24,ff:ff:ff:ff:ff:ff,ff:ff:ff:ff:ff:ff,d8:d7:75:45:81:24,d8:d7:75:45:81:24,FunBox2-8124,-44,1,2412,False,False
1778943631.3885815,management,beacon,d8:d7:75:45:81:24,ff:ff:ff:ff:ff:ff,ff:ff:ff:ff:ff:ff,d8:d7:75:45:81:24,d8:d7:75:45:81:24,FunBox2-8124,-48,1,2412,False,False
1778943631.490973,management,beacon,d8:d7:75:45:81:24,ff:ff:ff:ff:ff:ff,ff:ff:ff:ff:ff:ff,d8:d7:75:45:81:24,d8:d7:75:45:81:24,FunBox2-8124,-45,1,2412,False,False
1778943631.5934002,management,beacon,d8:d7:75:45:81:24,ff:ff:ff:ff:ff:ff,ff:ff:ff:ff:ff:ff,d8:d7:75:45:81:24,d8:d7:75:45:81:24,FunBox2-8124,-47,1,2412,False,False
1778943631.6957572,management,beacon,d8:d7:75:45:81:24,ff:ff:ff:ff:ff:ff,ff:ff:ff:ff:ff:ff,d8:d7:75:45:81:24,d8:d7:75:45:81:24,FunBox2-8124,-45,1,2412,False,False
1778943631.798235,management,beacon,d8:d7:75:45:81:24,ff:ff:ff:ff:ff:ff,ff:ff:ff:ff:ff:ff,d8:d7:75:45:81:24,d8:d7:75:45:81:24,FunBox2-8124,-44,1,2412,False,False
1778943631.900557,management,beacon,d8:d7:75:45:81:24,ff:ff:ff:ff:ff:ff,ff:ff:ff:ff:ff:ff,d8:d7:75:45:81:24,d8:d7:75:45:81:24,FunBox2-8124,-51,1,2412,False,False
1778943632.0029776,management,beacon,d8:d7:75:45:81:24,ff:ff:ff:ff:ff:ff,ff:ff:ff:ff:ff:ff,d8:d7:75:45:81:24,d8:d7:75:45:81:24,FunBox2-8124,-46,1,2412,False,False
1778943632.1054053,management,beacon,d8:d7:75:45:81:24,ff:ff:ff:ff:ff:ff,ff:ff:ff:ff:ff:ff,d8:d7:75:45:81:24,d8:d7:75:45:81:24,FunBox2-8124,-46,1,2412,False,False
1778943632.2078056,management,beacon,d8:d7:75:45:81:24,ff:ff:ff:ff:ff:ff,ff:ff:ff:ff:ff:ff,d8:d7:75:45:81:24,d8:d7:75:45:81:24,FunBox2-8124,-49,1,2412,False,False
1778943632.4126155,management,beacon,d8:d7:75:45:81:24,ff:ff:ff:ff:ff:ff,ff:ff:ff:ff:ff:ff,d8:d7:75:45:81:24,d8:d7:75:45:81:24,FunBox2-8124,-49,1,2412,False,False
1778943632.5149963,management,beacon,d8:d7:75:45:81:24,ff:ff:ff:ff:ff:ff,ff:ff:ff:ff:ff:ff,d8:d7:75:45:81:24,d8:d7:75:45:81:24,FunBox2-8124,-44,1,2412,False,False
1778943632.6174219,management,beacon,d8:d7:75:45:81:24,ff:ff:ff:ff:ff:ff,ff:ff:ff:ff:ff:ff,d8:d7:75:45:81:24,d8:d7:75:45:81:24,FunBox2-8124,-45,1,2412,False,False
1778943632.6186717,data,data,d8:d7:75:45:81:24,ff:ff:ff:ff:ff:ff,ff:ff:ff:ff:ff:ff,d8:d7:75:45:81:24,d8:d7:75:45:81:24,,-48,1,2412,True,False
1778943632.6193383,control,ack,,d8:d7:75:45:81:24,d8:d7:75:45:81:24,,,,-84,1,2412,False,False
1778943632.619341,data,null_data,50:02:91:e8:18:ec,d8:d7:75:45:81:24,d8:d7:75:45:81:24,50:02:91:e8:18:ec,d8:d7:75:45:81:24,,-82,1,2412,False,False
1778943632.619342,control,ack,,50:02:91:e8:18:ec,50:02:91:e8:18:ec,,,,-51,1,2412,False,False
1778943632.619343,data,null_data,50:02:91:e8:18:ec,d8:d7:75:45:81:24,d8:d7:75:45:81:24,50:02:91:e8:18:ec,d8:d7:75:45:81:24,,-81,1,2412,False,True
1778943632.6193438,control,ack,,50:02:91:e8:18:ec,50:02:91:e8:18:ec,,,,-54,1,2412,False,False
1778943632.6199312,control,ack,,50:02:91:e8:18:ec,50:02:91:e8:18:ec,,,,-51,1,2412,False,False
1778943632.719789,management,beacon,d8:d7:75:45:81:24,ff:ff:ff:ff:ff:ff,ff:ff:ff:ff:ff:ff,d8:d7:75:45:81:24,d8:d7:75:45:81:24,FunBox2-8124,-51,1,2412,False,False
1778943632.7807112,data,null_data,50:02:91:e8:18:ec,d8:d7:75:45:81:24,d8:d7:75:45:81:24,50:02:91:e8:18:ec,d8:d7:75:45:81:24,,-82,1,2412,False,False
1778943632.7808757,data,null_data,50:02:91:e8:18:ec,d8:d7:75:45:81:24,d8:d7:75:45:81:24,50:02:91:e8:18:ec,d8:d7:75:45:81:24,,-83,1,2412,False,True
1778943632.781576,data,null_data,50:02:91:e8:18:ec,d8:d7:75:45:81:24,d8:d7:75:45:81:24,50:02:91:e8:18:ec,d8:d7:75:45:81:24,,-85,1,2412,False,True
1778943632.782114,data,null_data,50:02:91:e8:18:ec,d8:d7:75:45:81:24,d8:d7:75:45:81:24,50:02:91:e8:18:ec,d8:d7:75:45:81:24,,-84,1,2412,False,True
1778943632.782703,data,null_data,50:02:91:e8:18:ec,d8:d7:75:45:81:24,d8:d7:75:45:81:24,50:02:91:e8:18:ec,d8:d7:75:45:81:24,,-84,1,2412,False,True
1778943632.7830167,control,ack,,50:02:91:e8:18:ec,50:02:91:e8:18:ec,,,,-45,1,2412,False,False
1778943632.8224356,management,beacon,d8:d7:75:45:81:24,ff:ff:ff:ff:ff:ff,ff:ff:ff:ff:ff:ff,d8:d7:75:45:81:24,d8:d7:75:45:81:24,FunBox2-8124,-46,1,2412,False,False
1778943632.9246008,management,beacon,d8:d7:75:45:81:24,ff:ff:ff:ff:ff:ff,ff:ff:ff:ff:ff:ff,d8:d7:75:45:81:24,d8:d7:75:45:81:24,FunBox2-8124,-44,1,2412,False,False
1778943633.0270004,management,beacon,d8:d7:75:45:81:24,ff:ff:ff:ff:ff:ff,ff:ff:ff:ff:ff:ff,d8:d7:75:45:81:24,d8:d7:75:45:81:24,FunBox2-8124,-51,1,2412,False,False
1778943633.0750294,data,qos_null,d8:d7:75:45:81:24,54:35:30:cf:ee:1e,54:35:30:cf:ee:1e,d8:d7:75:45:81:24,d8:d7:75:45:81:24,,-49,1,2412,False,False
1778943633.075331,control,ack,,d8:d7:75:45:81:24,d8:d7:75:45:81:24,,,,-53,1,2412,False,False
1778943633.1294098,management,beacon,d8:d7:75:45:81:24,ff:ff:ff:ff:ff:ff,ff:ff:ff:ff:ff:ff,d8:d7:75:45:81:24,d8:d7:75:45:81:24,FunBox2-8124,-46,1,2412,False,False
1778943633.2318695,management,beacon,d8:d7:75:45:81:24,ff:ff:ff:ff:ff:ff,ff:ff:ff:ff:ff:ff,d8:d7:75:45:81:24,d8:d7:75:45:81:24,FunBox2-8124,-45,1,2412,False,False
1778943633.2329736,data,null_data,50:02:91:e8:18:ec,d8:d7:75:45:81:24,d8:d7:75:45:81:24,50:02:91:e8:18:ec,d8:d7:75:45:81:24,,-82,1,2412,False,False
1778943633.2331877,data,null_data,50:02:91:e8:18:ec,d8:d7:75:45:81:24,d8:d7:75:45:81:24,50:02:91:e8:18:ec,d8:d7:75:45:81:24,,-83,1,2412,False,True
1778943633.2335527,data,null_data,50:02:91:e8:18:ec,d8:d7:75:45:81:24,d8:d7:75:45:81:24,50:02:91:e8:18:ec,d8:d7:75:45:81:24,,-82,1,2412,False,True
1778943633.233867,data,null_data,50:02:91:e8:18:ec,d8:d7:75:45:81:24,d8:d7:75:45:81:24,50:02:91:e8:18:ec,d8:d7:75:45:81:24,,-85,1,2412,False,True
1778943633.2344086,data,null_data,50:02:91:e8:18:ec,d8:d7:75:45:81:24,d8:d7:75:45:81:24,50:02:91:e8:18:ec,d8:d7:75:45:81:24,,-84,1,2412,False,True
1778943633.234976,data,null_data,50:02:91:e8:18:ec,d8:d7:75:45:81:24,d8:d7:75:45:81:24,50:02:91:e8:18:ec,d8:d7:75:45:81:24,,-85,1,2412,False,True
1778943633.2352858,control,ack,,50:02:91:e8:18:ec,50:02:91:e8:18:ec,,,,-52,1,2412,False,False
1778943633.2372253,control,ack,,d8:d7:75:45:81:24,d8:d7:75:45:81:24,,,,-84,1,2412,False,False
1778943633.2390263,data,data,d8:d7:75:45:81:24,33:33:00:00:00:fb,33:33:00:00:00:fb,d8:d7:75:45:81:24,e6:12:a8:93:5a:78,,-49,1,2412,True,False
1778943633.239338,control,ack,,d8:d7:75:45:81:24,d8:d7:75:45:81:24,,,,-84,1,2412,False,False
1778943633.3342218,management,beacon,d8:d7:75:45:81:24,ff:ff:ff:ff:ff:ff,ff:ff:ff:ff:ff:ff,d8:d7:75:45:81:24,d8:d7:75:45:81:24,FunBox2-8124,-46,1,2412,False,False
1778943633.3998,data,null_data,50:02:91:e8:18:ec,d8:d7:75:45:81:24,d8:d7:75:45:81:24,50:02:91:e8:18:ec,d8:d7:75:45:81:24,,-83,1,2412,False,False
1778943633.3998082,control,ack,,50:02:91:e8:18:ec,50:02:91:e8:18:ec,,,,-51,1,2412,False,False
1778943633.4366312,management,beacon,d8:d7:75:45:81:24,ff:ff:ff:ff:ff:ff,ff:ff:ff:ff:ff:ff,d8:d7:75:45:81:24,d8:d7:75:45:81:24,FunBox2-8124,-44,1,2412,False,False
1778943633.539064,management,beacon,d8:d7:75:45:81:24,ff:ff:ff:ff:ff:ff,ff:ff:ff:ff:ff:ff,d8:d7:75:45:81:24,d8:d7:75:45:81:24,FunBox2-8124,-43,1,2412,False,False
1778943633.7438881,management,beacon,d8:d7:75:45:81:24,ff:ff:ff:ff:ff:ff,ff:ff:ff:ff:ff:ff,d8:d7:75:45:81:24,d8:d7:75:45:81:24,FunBox2-8124,-49,1,2412,False,False
1778943633.8462672,management,beacon,d8:d7:75:45:81:24,ff:ff:ff:ff:ff:ff,ff:ff:ff:ff:ff:ff,d8:d7:75:45:81:24,d8:d7:75:45:81:24,FunBox2-8124,-47,1,2412,False,False
1778943633.9486542,management,beacon,d8:d7:75:45:81:24,ff:ff:ff:ff:ff:ff,ff:ff:ff:ff:ff:ff,d8:d7:75:45:81:24,d8:d7:75:45:81:24,FunBox2-8124,-49,1,2412,False,False
1778943634.051057,management,beacon,d8:d7:75:45:81:24,ff:ff:ff:ff:ff:ff,ff:ff:ff:ff:ff:ff,d8:d7:75:45:81:24,d8:d7:75:45:81:24,FunBox2-8124,-44,1,2412,False,False
1778943634.1534653,management,beacon,d8:d7:75:45:81:24,ff:ff:ff:ff:ff:ff,ff:ff:ff:ff:ff:ff,d8:d7:75:45:81:24,d8:d7:75:45:81:24,FunBox2-8124,-48,1,2412,False,False
1778943634.255884,management,beacon,d8:d7:75:45:81:24,ff:ff:ff:ff:ff:ff,ff:ff:ff:ff:ff:ff,d8:d7:75:45:81:24,d8:d7:75:45:81:24,FunBox2-8124,-48,1,2412,False,False
1778943634.3582616,management,beacon,d8:d7:75:45:81:24,ff:ff:ff:ff:ff:ff,ff:ff:ff:ff:ff:ff,d8:d7:75:45:81:24,d8:d7:75:45:81:24,FunBox2-8124,-45,1,2412,False,False
1778943634.4607306,management,beacon,d8:d7:75:45:81:24,ff:ff:ff:ff:ff:ff,ff:ff:ff:ff:ff:ff,d8:d7:75:45:81:24,d8:d7:75:45:81:24,FunBox2-8124,-49,1,2412,False,False
1778943634.5630918,management,beacon,d8:d7:75:45:81:24,ff:ff:ff:ff:ff:ff,ff:ff:ff:ff:ff:ff,d8:d7:75:45:81:24,d8:d7:75:45:81:24,FunBox2-8124,-48,1,2412,False,False
1778943634.6654649,management,beacon,d8:d7:75:45:81:24,ff:ff:ff:ff:ff:ff,ff:ff:ff:ff:ff:ff,d8:d7:75:45:81:24,d8:d7:75:45:81:24,FunBox2-8124,-44,1,2412,False,False
1778943634.7679436,management,beacon,d8:d7:75:45:81:24,ff:ff:ff:ff:ff:ff,ff:ff:ff:ff:ff:ff,d8:d7:75:45:81:24,d8:d7:75:45:81:24,FunBox2-8124,-51,1,2412,False,False
1778943634.8704505,management,beacon,d8:d7:75:45:81:24,ff:ff:ff:ff:ff:ff,ff:ff:ff:ff:ff:ff,d8:d7:75:45:81:24,d8:d7:75:45:81:24,FunBox2-8124,-44,1,2412,False,False
1778943634.972729,management,beacon,d8:d7:75:45:81:24,ff:ff:ff:ff:ff:ff,ff:ff:ff:ff:ff:ff,d8:d7:75:45:81:24,d8:d7:75:45:81:24,FunBox2-8124,-50,1,2412,False,False
1778943635.177506,management,beacon,d8:d7:75:45:81:24,ff:ff:ff:ff:ff:ff,ff:ff:ff:ff:ff:ff,d8:d7:75:45:81:24,d8:d7:75:45:81:24,FunBox2-8124,-51,1,2412,False,False
1778943635.2799318,management,beacon,d8:d7:75:45:81:24,ff:ff:ff:ff:ff:ff,ff:ff:ff:ff:ff:ff,d8:d7:75:45:81:24,d8:d7:75:45:81:24,FunBox2-8124,-46,1,2412,False,False
1778943635.3395276,data,null_data,50:02:91:e8:18:ec,d8:d7:75:45:81:24,d8:d7:75:45:81:24,50:02:91:e8:18:ec,d8:d7:75:45:81:24,,-83,1,2412,False,False
1778943635.3395352,control,ack,,50:02:91:e8:18:ec,50:02:91:e8:18:ec,,,,-52,1,2412,False,False
1778943635.4847064,management,beacon,d8:d7:75:45:81:24,ff:ff:ff:ff:ff:ff,ff:ff:ff:ff:ff:ff,d8:d7:75:45:81:24,d8:d7:75:45:81:24,FunBox2-8124,-44,1,2412,False,False
1778943635.58714,management,beacon,d8:d7:75:45:81:24,ff:ff:ff:ff:ff:ff,ff:ff:ff:ff:ff:ff,d8:d7:75:45:81:24,d8:d7:75:45:81:24,FunBox2-8124,-45,1,2412,False,False
1778943635.689581,management,beacon,d8:d7:75:45:81:24,ff:ff:ff:ff:ff:ff,ff:ff:ff:ff:ff:ff,d8:d7:75:45:81:24,d8:d7:75:45:81:24,FunBox2-8124,-44,1,2412,False,False
1778943635.79191,management,beacon,d8:d7:75:45:81:24,ff:ff:ff:ff:ff:ff,ff:ff:ff:ff:ff:ff,d8:d7:75:45:81:24,d8:d7:75:45:81:24,FunBox2-8124,-49,1,2412,False,False
1778943635.8943396,management,beacon,d8:d7:75:45:81:24,ff:ff:ff:ff:ff:ff,ff:ff:ff:ff:ff:ff,d8:d7:75:45:81:24,d8:d7:75:45:81:24,FunBox2-8124,-43,1,2412,False,False
1778943635.9967542,management,beacon,d8:d7:75:45:81:24,ff:ff:ff:ff:ff:ff,ff:ff:ff:ff:ff:ff,d8:d7:75:45:81:24,d8:d7:75:45:81:24,FunBox2-8124,-45,1,2412,False,False
1778943636.0991757,management,beacon,d8:d7:75:45:81:24,ff:ff:ff:ff:ff:ff,ff:ff:ff:ff:ff:ff,d8:d7:75:45:81:24,d8:d7:75:45:81:24,FunBox2-8124,-50,1,2412,False,False
1778943636.2015452,management,beacon,d8:d7:75:45:81:24,ff:ff:ff:ff:ff:ff,ff:ff:ff:ff:ff:ff,d8:d7:75:45:81:24,d8:d7:75:45:81:24,FunBox2-8124,-45,1,2412,False,False
1778943636.3039658,management,beacon,d8:d7:75:45:81:24,ff:ff:ff:ff:ff:ff,ff:ff:ff:ff:ff:ff,d8:d7:75:45:81:24,d8:d7:75:45:81:24,FunBox2-8124,-44,1,2412,False,False
1778943636.5087357,management,beacon,d8:d7:75:45:81:24,ff:ff:ff:ff:ff:ff,ff:ff:ff:ff:ff:ff,d8:d7:75:45:81:24,d8:d7:75:45:81:24,FunBox2-8124,-48,1,2412,False,False
1778943636.611168,management,beacon,d8:d7:75:45:81:24,ff:ff:ff:ff:ff:ff,ff:ff:ff:ff:ff:ff,d8:d7:75:45:81:24,d8:d7:75:45:81:24,FunBox2-8124,-44,1,2412,False,False
1778943636.6124074,data,null_data,50:02:91:e8:18:ec,d8:d7:75:45:81:24,d8:d7:75:45:81:24,50:02:91:e8:18:ec,d8:d7:75:45:81:24,,-82,1,2412,False,False
1778943636.612411,control,ack,,50:02:91:e8:18:ec,50:02:91:e8:18:ec,,,,-45,1,2412,False,False
1778943636.7135532,management,beacon,d8:d7:75:45:81:24,ff:ff:ff:ff:ff:ff,ff:ff:ff:ff:ff:ff,d8:d7:75:45:81:24,d8:d7:75:45:81:24,FunBox2-8124,-46,1,2412,False,False
1778943636.7732682,data,null_data,50:02:91:e8:18:ec,d8:d7:75:45:81:24,d8:d7:75:45:81:24,50:02:91:e8:18:ec,d8:d7:75:45:81:24,,-85,1,2412,False,False
1778943636.7732809,control,ack,,50:02:91:e8:18:ec,50:02:91:e8:18:ec,,,,-53,1,2412,False,False
1778943636.815959,management,beacon,d8:d7:75:45:81:24,ff:ff:ff:ff:ff:ff,ff:ff:ff:ff:ff:ff,d8:d7:75:45:81:24,d8:d7:75:45:81:24,FunBox2-8124,-50,1,2412,False,False
1778943636.918411,management,beacon,d8:d7:75:45:81:24,ff:ff:ff:ff:ff:ff,ff:ff:ff:ff:ff:ff,d8:d7:75:45:81:24,d8:d7:75:45:81:24,FunBox2-8124,-44,1,2412,False,False
1778943637.0207782,management,beacon,d8:d7:75:45:81:24,ff:ff:ff:ff:ff:ff,ff:ff:ff:ff:ff:ff,d8:d7:75:45:81:24,d8:d7:75:45:81:24,FunBox2-8124,-44,1,2412,False,False
1778943637.123181,management,beacon,d8:d7:75:45:81:24,ff:ff:ff:ff:ff:ff,ff:ff:ff:ff:ff:ff,d8:d7:75:45:81:24,d8:d7:75:45:81:24,FunBox2-8124,-50,1,2412,False,False
1778943637.2256079,management,beacon,d8:d7:75:45:81:24,ff:ff:ff:ff:ff:ff,ff:ff:ff:ff:ff:ff,d8:d7:75:45:81:24,d8:d7:75:45:81:24,FunBox2-8124,-43,1,2412,False,False
1778943637.327968,management,beacon,d8:d7:75:45:81:24,ff:ff:ff:ff:ff:ff,ff:ff:ff:ff:ff:ff,d8:d7:75:45:81:24,d8:d7:75:45:81:24,FunBox2-8124,-45,1,2412,False,False
1778943637.4305067,management,beacon,d8:d7:75:45:81:24,ff:ff:ff:ff:ff:ff,ff:ff:ff:ff:ff:ff,d8:d7:75:45:81:24,d8:d7:75:45:81:24,FunBox2-8124,-49,1,2412,False,False
1778943637.5328097,management,beacon,d8:d7:75:45:81:24,ff:ff:ff:ff:ff:ff,ff:ff:ff:ff:ff:ff,d8:d7:75:45:81:24,d8:d7:75:45:81:24,FunBox2-8124,-48,1,2412,False,False
1778943637.635235,management,beacon,d8:d7:75:45:81:24,ff:ff:ff:ff:ff:ff,ff:ff:ff:ff:ff:ff,d8:d7:75:45:81:24,d8:d7:75:45:81:24,FunBox2-8124,-50,1,2412,False,False
1778943637.73759,management,beacon,d8:d7:75:45:81:24,ff:ff:ff:ff:ff:ff,ff:ff:ff:ff:ff:ff,d8:d7:75:45:81:24,d8:d7:75:45:81:24,FunBox2-8124,-44,1,2412,False,False
1778943637.8399966,management,beacon,d8:d7:75:45:81:24,ff:ff:ff:ff:ff:ff,ff:ff:ff:ff:ff:ff,d8:d7:75:45:81:24,d8:d7:75:45:81:24,FunBox2-8124,-51,1,2412,False,False
1778943637.942389,management,beacon,d8:d7:75:45:81:24,ff:ff:ff:ff:ff:ff,ff:ff:ff:ff:ff:ff,d8:d7:75:45:81:24,d8:d7:75:45:81:24,FunBox2-8124,-43,1,2412,False,False
1778943638.0448558,management,beacon,d8:d7:75:45:81:24,ff:ff:ff:ff:ff:ff,ff:ff:ff:ff:ff:ff,d8:d7:75:45:81:24,d8:d7:75:45:81:24,FunBox2-8124,-44,1,2412,False,False
1778943638.147216,management,beacon,d8:d7:75:45:81:24,ff:ff:ff:ff:ff:ff,ff:ff:ff:ff:ff:ff,d8:d7:75:45:81:24,d8:d7:75:45:81:24,FunBox2-8124,-43,1,2412,False,False
1778943638.2496207,management,beacon,d8:d7:75:45:81:24,ff:ff:ff:ff:ff:ff,ff:ff:ff:ff:ff:ff,d8:d7:75:45:81:24,d8:d7:75:45:81:24,FunBox2-8124,-46,1,2412,False,False
1778943638.3093033,data,null_data,50:02:91:e8:18:ec,d8:d7:75:45:81:24,d8:d7:75:45:81:24,50:02:91:e8:18:ec,d8:d7:75:45:81:24,,-84,1,2412,False,False
1778943638.3093083,control,ack,,50:02:91:e8:18:ec,50:02:91:e8:18:ec,,,,-46,1,2412,False,False
1778943638.3520095,management,beacon,d8:d7:75:45:81:24,ff:ff:ff:ff:ff:ff,ff:ff:ff:ff:ff:ff,d8:d7:75:45:81:24,d8:d7:75:45:81:24,FunBox2-8124,-49,1,2412,False,False
1778943638.4544492,management,beacon,d8:d7:75:45:81:24,ff:ff:ff:ff:ff:ff,ff:ff:ff:ff:ff:ff,d8:d7:75:45:81:24,d8:d7:75:45:81:24,FunBox2-8124,-43,1,2412,False,False
1778943638.5568304,management,beacon,d8:d7:75:45:81:24,ff:ff:ff:ff:ff:ff,ff:ff:ff:ff:ff:ff,d8:d7:75:45:81:24,d8:d7:75:45:81:24,FunBox2-8124,-43,1,2412,False,False
1778943638.6592789,management,beacon,d8:d7:75:45:81:24,ff:ff:ff:ff:ff:ff,ff:ff:ff:ff:ff:ff,d8:d7:75:45:81:24,d8:d7:75:45:81:24,FunBox2-8124,-43,1,2412,False,False
1778943638.864076,management,beacon,d8:d7:75:45:81:24,ff:ff:ff:ff:ff:ff,ff:ff:ff:ff:ff:ff,d8:d7:75:45:81:24,d8:d7:75:45:81:24,FunBox2-8124,-43,1,2412,False,False
1778943638.9664776,management,beacon,d8:d7:75:45:81:24,ff:ff:ff:ff:ff:ff,ff:ff:ff:ff:ff:ff,d8:d7:75:45:81:24,d8:d7:75:45:81:24,FunBox2-8124,-45,1,2412,False,False
1778943639.068833,management,beacon,d8:d7:75:45:81:24,ff:ff:ff:ff:ff:ff,ff:ff:ff:ff:ff:ff,d8:d7:75:45:81:24,d8:d7:75:45:81:24,FunBox2-8124,-43,1,2412,False,False
1778943639.1728926,management,beacon,d8:d7:75:45:81:24,ff:ff:ff:ff:ff:ff,ff:ff:ff:ff:ff:ff,d8:d7:75:45:81:24,d8:d7:75:45:81:24,FunBox2-8124,-49,1,2412,False,False
1778943639.3760536,management,beacon,d8:d7:75:45:81:24,ff:ff:ff:ff:ff:ff,ff:ff:ff:ff:ff:ff,d8:d7:75:45:81:24,d8:d7:75:45:81:24,FunBox2-8124,-49,1,2412,False,False
1778943639.4637566,management,probe_request,be:37:d8:1b:5f:21,ff:ff:ff:ff:ff:ff,ff:ff:ff:ff:ff:ff,be:37:d8:1b:5f:21,ff:ff:ff:ff:ff:ff,<hidden>,-33,1,2412,False,False
1778943639.4670439,management,probe_response,d8:d7:75:45:81:24,be:37:d8:1b:5f:21,be:37:d8:1b:5f:21,d8:d7:75:45:81:24,d8:d7:75:45:81:24,FunBox2-8124,-50,1,2412,False,False
1778943639.4673338,control,ack,,d8:d7:75:45:81:24,d8:d7:75:45:81:24,,,,-34,1,2412,False,False
1778943639.4792764,management,beacon,d8:d7:75:45:81:24,ff:ff:ff:ff:ff:ff,ff:ff:ff:ff:ff:ff,d8:d7:75:45:81:24,d8:d7:75:45:81:24,FunBox2-8124,-44,1,2412,False,False
1778943639.5278575,management,probe_request,be:37:d8:1b:5f:21,ff:ff:ff:ff:ff:ff,ff:ff:ff:ff:ff:ff,be:37:d8:1b:5f:21,ff:ff:ff:ff:ff:ff,<hidden>,-34,1,2412,False,False
1778943639.5311224,management,probe_response,d8:d7:75:45:81:24,be:37:d8:1b:5f:21,be:37:d8:1b:5f:21,d8:d7:75:45:81:24,d8:d7:75:45:81:24,FunBox2-8124,-49,1,2412,False,False
1778943639.5314143,control,ack,,d8:d7:75:45:81:24,d8:d7:75:45:81:24,,,,-34,1,2412,False,False
1778943639.5808508,management,beacon,d8:d7:75:45:81:24,ff:ff:ff:ff:ff:ff,ff:ff:ff:ff:ff:ff,d8:d7:75:45:81:24,d8:d7:75:45:81:24,FunBox2-8124,-45,1,2412,False,False
1778943639.5952642,management,probe_response,d8:d7:75:45:81:24,be:37:d8:1b:5f:21,be:37:d8:1b:5f:21,d8:d7:75:45:81:24,d8:d7:75:45:81:24,FunBox2-8124,-48,1,2412,False,False
1778943639.6129718,management,probe_response,d8:d7:75:45:81:24,be:37:d8:1b:5f:21,be:37:d8:1b:5f:21,d8:d7:75:45:81:24,d8:d7:75:45:81:24,FunBox2-8124,-44,1,2412,False,True
1778943639.6175299,management,probe_response,d8:d7:75:45:81:24,be:37:d8:1b:5f:21,be:37:d8:1b:5f:21,d8:d7:75:45:81:24,d8:d7:75:45:81:24,FunBox2-8124,-44,1,2412,False,True
1778943639.6220396,management,probe_response,d8:d7:75:45:81:24,be:37:d8:1b:5f:21,be:37:d8:1b:5f:21,d8:d7:75:45:81:24,d8:d7:75:45:81:24,FunBox2-8124,-45,1,2412,False,True
1778943639.6832836,management,beacon,d8:d7:75:45:81:24,ff:ff:ff:ff:ff:ff,ff:ff:ff:ff:ff:ff,d8:d7:75:45:81:24,d8:d7:75:45:81:24,FunBox2-8124,-50,1,2412,False,False
1778943639.786807,management,beacon,d8:d7:75:45:81:24,ff:ff:ff:ff:ff:ff,ff:ff:ff:ff:ff:ff,d8:d7:75:45:81:24,d8:d7:75:45:81:24,FunBox2-8124,-51,1,2412,False,False
1778943639.787982,data,null_data,50:02:91:e8:18:ec,d8:d7:75:45:81:24,d8:d7:75:45:81:24,50:02:91:e8:18:ec,d8:d7:75:45:81:24,,-82,1,2412,False,False
1778943639.7879846,control,ack,,50:02:91:e8:18:ec,50:02:91:e8:18:ec,,,,-53,1,2412,False,False
1778943639.8880622,management,beacon,d8:d7:75:45:81:24,ff:ff:ff:ff:ff:ff,ff:ff:ff:ff:ff:ff,d8:d7:75:45:81:24,d8:d7:75:45:81:24,FunBox2-8124,-43,1,2412,False,False
1778943639.9488544,data,null_data,50:02:91:e8:18:ec,d8:d7:75:45:81:24,d8:d7:75:45:81:24,50:02:91:e8:18:ec,d8:d7:75:45:81:24,,-82,1,2412,False,False
1778943639.9488602,control,ack,,50:02:91:e8:18:ec,50:02:91:e8:18:ec,,,,-47,1,2412,False,False
1778943639.9905956,management,beacon,d8:d7:75:45:81:24,ff:ff:ff:ff:ff:ff,ff:ff:ff:ff:ff:ff,d8:d7:75:45:81:24,d8:d7:75:45:81:24,FunBox2-8124,-54,1,2412,False,False
1778943640.092924,management,beacon,d8:d7:75:45:81:24,ff:ff:ff:ff:ff:ff,ff:ff:ff:ff:ff:ff,d8:d7:75:45:81:24,d8:d7:75:45:81:24,FunBox2-8124,-51,1,2412,False,False
1778943640.195283,management,beacon,d8:d7:75:45:81:24,ff:ff:ff:ff:ff:ff,ff:ff:ff:ff:ff:ff,d8:d7:75:45:81:24,d8:d7:75:45:81:24,FunBox2-8124,-48,1,2412,False,False
1778943640.2988389,data,data,d8:d7:75:45:81:24,ff:ff:ff:ff:ff:ff,ff:ff:ff:ff:ff:ff,d8:d7:75:45:81:24,d8:d7:75:45:81:24,,-50,1,2412,True,False
1778943640.2993345,control,ack,,d8:d7:75:45:81:24,d8:d7:75:45:81:24,,,,-86,1,2412,False,False
1778943640.2993362,data,null_data,50:02:91:e8:18:ec,d8:d7:75:45:81:24,d8:d7:75:45:81:24,50:02:91:e8:18:ec,d8:d7:75:45:81:24,,-83,1,2412,False,False
1778943640.2993371,control,ack,,50:02:91:e8:18:ec,50:02:91:e8:18:ec,,,,-50,1,2412,False,False
1778943640.3005998,data,data,d8:d7:75:45:81:24,ff:ff:ff:ff:ff:ff,ff:ff:ff:ff:ff:ff,d8:d7:75:45:81:24,d8:d7:75:45:81:24,,-51,1,2412,True,False
1778943640.3009174,control,ack,,d8:d7:75:45:81:24,d8:d7:75:45:81:24,,,,-86,1,2412,False,False
1778943640.4000766,management,beacon,d8:d7:75:45:81:24,ff:ff:ff:ff:ff:ff,ff:ff:ff:ff:ff:ff,d8:d7:75:45:81:24,d8:d7:75:45:81:24,FunBox2-8124,-48,1,2412,False,False
1778943640.4618132,data,null_data,50:02:91:e8:18:ec,d8:d7:75:45:81:24,d8:d7:75:45:81:24,50:02:91:e8:18:ec,d8:d7:75:45:81:24,,-84,1,2412,False,True
1778943640.4618237,control,ack,,50:02:91:e8:18:ec,50:02:91:e8:18:ec,,,,-53,1,2412,False,False
1778943640.5024793,management,beacon,d8:d7:75:45:81:24,ff:ff:ff:ff:ff:ff,ff:ff:ff:ff:ff:ff,d8:d7:75:45:81:24,d8:d7:75:45:81:24,FunBox2-8124,-44,1,2412,False,False
1778943640.6049254,management,beacon,d8:d7:75:45:81:24,ff:ff:ff:ff:ff:ff,ff:ff:ff:ff:ff:ff,d8:d7:75:45:81:24,d8:d7:75:45:81:24,FunBox2-8124,-44,1,2412,False,False
1778943640.7073426,management,beacon,d8:d7:75:45:81:24,ff:ff:ff:ff:ff:ff,ff:ff:ff:ff:ff:ff,d8:d7:75:45:81:24,d8:d7:75:45:81:24,FunBox2-8124,-49,1,2412,False,False
1778943640.912146,management,beacon,d8:d7:75:45:81:24,ff:ff:ff:ff:ff:ff,ff:ff:ff:ff:ff:ff,d8:d7:75:45:81:24,d8:d7:75:45:81:24,FunBox2-8124,-44,1,2412,False,False
1778943641.0145125,management,beacon,d8:d7:75:45:81:24,ff:ff:ff:ff:ff:ff,ff:ff:ff:ff:ff:ff,d8:d7:75:45:81:24,d8:d7:75:45:81:24,FunBox2-8124,-45,1,2412,False,False
1778943641.116949,management,beacon,d8:d7:75:45:81:24,ff:ff:ff:ff:ff:ff,ff:ff:ff:ff:ff:ff,d8:d7:75:45:81:24,d8:d7:75:45:81:24,FunBox2-8124,-43,1,2412,False,False
1778943641.2193682,management,beacon,d8:d7:75:45:81:24,ff:ff:ff:ff:ff:ff,ff:ff:ff:ff:ff:ff,d8:d7:75:45:81:24,d8:d7:75:45:81:24,FunBox2-8124,-46,1,2412,False,False
1778943641.424118,management,beacon,d8:d7:75:45:81:24,ff:ff:ff:ff:ff:ff,ff:ff:ff:ff:ff:ff,d8:d7:75:45:81:24,d8:d7:75:45:81:24,FunBox2-8124,-49,1,2412,False,False
1778943641.5265439,management,beacon,d8:d7:75:45:81:24,ff:ff:ff:ff:ff:ff,ff:ff:ff:ff:ff:ff,d8:d7:75:45:81:24,d8:d7:75:45:81:24,FunBox2-8124,-49,1,2412,False,False
1778943641.6289551,management,beacon,d8:d7:75:45:81:24,ff:ff:ff:ff:ff:ff,ff:ff:ff:ff:ff:ff,d8:d7:75:45:81:24,d8:d7:75:45:81:24,FunBox2-8124,-44,1,2412,False,False
1778943641.7313776,management,beacon,d8:d7:75:45:81:24,ff:ff:ff:ff:ff:ff,ff:ff:ff:ff:ff:ff,d8:d7:75:45:81:24,d8:d7:75:45:81:24,FunBox2-8124,-46,1,2412,False,False
1778943642.0385385,management,beacon,d8:d7:75:45:81:24,ff:ff:ff:ff:ff:ff,ff:ff:ff:ff:ff:ff,d8:d7:75:45:81:24,d8:d7:75:45:81:24,FunBox2-8124,-43,1,2412,False,False
1778943642.1409485,management,beacon,d8:d7:75:45:81:24,ff:ff:ff:ff:ff:ff,ff:ff:ff:ff:ff:ff,d8:d7:75:45:81:24,d8:d7:75:45:81:24,FunBox2-8124,-46,1,2412,False,False
1778943642.1421673,data,null_data,50:02:91:e8:18:ec,d8:d7:75:45:81:24,d8:d7:75:45:81:24,50:02:91:e8:18:ec,d8:d7:75:45:81:24,,-81,1,2412,False,False
1778943642.1421719,control,ack,,50:02:91:e8:18:ec,50:02:91:e8:18:ec,,,,-47,1,2412,False,False
1778943642.1426802,data,null_data,50:02:91:e8:18:ec,d8:d7:75:45:81:24,d8:d7:75:45:81:24,50:02:91:e8:18:ec,d8:d7:75:45:81:24,,-81,1,2412,False,True
1778943642.142682,control,ack,,50:02:91:e8:18:ec,50:02:91:e8:18:ec,,,,-52,1,2412,False,False
1778943642.2433915,management,beacon,d8:d7:75:45:81:24,ff:ff:ff:ff:ff:ff,ff:ff:ff:ff:ff:ff,d8:d7:75:45:81:24,d8:d7:75:45:81:24,FunBox2-8124,-50,1,2412,False,False
1778943642.3035436,data,null_data,50:02:91:e8:18:ec,d8:d7:75:45:81:24,d8:d7:75:45:81:24,50:02:91:e8:18:ec,d8:d7:75:45:81:24,,-82,1,2412,False,False
1778943642.30378,control,ack,,50:02:91:e8:18:ec,50:02:91:e8:18:ec,,,,-53,1,2412,False,False
1778943642.4481943,management,beacon,d8:d7:75:45:81:24,ff:ff:ff:ff:ff:ff,ff:ff:ff:ff:ff:ff,d8:d7:75:45:81:24,d8:d7:75:45:81:24,FunBox2-8124,-44,1,2412,False,False
1778943642.550645,management,beacon,d8:d7:75:45:81:24,ff:ff:ff:ff:ff:ff,ff:ff:ff:ff:ff:ff,d8:d7:75:45:81:24,d8:d7:75:45:81:24,FunBox2-8124,-50,1,2412,False,False
1778943642.6529832,management,beacon,d8:d7:75:45:81:24,ff:ff:ff:ff:ff:ff,ff:ff:ff:ff:ff:ff,d8:d7:75:45:81:24,d8:d7:75:45:81:24,FunBox2-8124,-48,1,2412,False,False
1778943642.755396,management,beacon,d8:d7:75:45:81:24,ff:ff:ff:ff:ff:ff,ff:ff:ff:ff:ff:ff,d8:d7:75:45:81:24,d8:d7:75:45:81:24,FunBox2-8124,-49,1,2412,False,False
1778943643.0625954,management,beacon,d8:d7:75:45:81:24,ff:ff:ff:ff:ff:ff,ff:ff:ff:ff:ff:ff,d8:d7:75:45:81:24,d8:d7:75:45:81:24,FunBox2-8124,-45,1,2412,False,False
1778943643.164978,management,beacon,d8:d7:75:45:81:24,ff:ff:ff:ff:ff:ff,ff:ff:ff:ff:ff:ff,d8:d7:75:45:81:24,d8:d7:75:45:81:24,FunBox2-8124,-43,1,2412,False,False
1778943643.2674205,management,beacon,d8:d7:75:45:81:24,ff:ff:ff:ff:ff:ff,ff:ff:ff:ff:ff:ff,d8:d7:75:45:81:24,d8:d7:75:45:81:24,FunBox2-8124,-50,1,2412,False,False
1778943643.574614,management,beacon,d8:d7:75:45:81:24,ff:ff:ff:ff:ff:ff,ff:ff:ff:ff:ff:ff,d8:d7:75:45:81:24,d8:d7:75:45:81:24,FunBox2-8124,-48,1,2412,False,False
1778943643.6770017,management,beacon,d8:d7:75:45:81:24,ff:ff:ff:ff:ff:ff,ff:ff:ff:ff:ff:ff,d8:d7:75:45:81:24,d8:d7:75:45:81:24,FunBox2-8124,-45,1,2412,False,False
1778943643.779409,management,beacon,d8:d7:75:45:81:24,ff:ff:ff:ff:ff:ff,ff:ff:ff:ff:ff:ff,d8:d7:75:45:81:24,d8:d7:75:45:81:24,FunBox2-8124,-48,1,2412,False,False
1778943643.8818412,management,beacon,d8:d7:75:45:81:24,ff:ff:ff:ff:ff:ff,ff:ff:ff:ff:ff:ff,d8:d7:75:45:81:24,d8:d7:75:45:81:24,FunBox2-8124,-45,1,2412,False,False
1778943643.9842575,management,beacon,d8:d7:75:45:81:24,ff:ff:ff:ff:ff:ff,ff:ff:ff:ff:ff:ff,d8:d7:75:45:81:24,d8:d7:75:45:81:24,FunBox2-8124,-44,1,2412,False,False
1778943643.9854977,data,null_data,50:02:91:e8:18:ec,d8:d7:75:45:81:24,d8:d7:75:45:81:24,50:02:91:e8:18:ec,d8:d7:75:45:81:24,,-82,1,2412,False,False
1778943643.985502,control,ack,,50:02:91:e8:18:ec,50:02:91:e8:18:ec,,,,-45,1,2412,False,False
1778943644.0866692,management,beacon,d8:d7:75:45:81:24,ff:ff:ff:ff:ff:ff,ff:ff:ff:ff:ff:ff,d8:d7:75:45:81:24,d8:d7:75:45:81:24,FunBox2-8124,-48,1,2412,False,False
1778943644.1465287,data,null_data,50:02:91:e8:18:ec,d8:d7:75:45:81:24,d8:d7:75:45:81:24,50:02:91:e8:18:ec,d8:d7:75:45:81:24,,-82,1,2412,False,False
1778943644.1465368,control,ack,,50:02:91:e8:18:ec,50:02:91:e8:18:ec,,,,-52,1,2412,False,False
1778943644.146538,data,null_data,50:02:91:e8:18:ec,d8:d7:75:45:81:24,d8:d7:75:45:81:24,50:02:91:e8:18:ec,d8:d7:75:45:81:24,,-82,1,2412,False,True
1778943644.146539,control,ack,,50:02:91:e8:18:ec,50:02:91:e8:18:ec,,,,-52,1,2412,False,False
1778943644.1890645,management,beacon,d8:d7:75:45:81:24,ff:ff:ff:ff:ff:ff,ff:ff:ff:ff:ff:ff,d8:d7:75:45:81:24,d8:d7:75:45:81:24,FunBox2-8124,-47,1,2412,False,False
1778943644.2914414,management,beacon,d8:d7:75:45:81:24,ff:ff:ff:ff:ff:ff,ff:ff:ff:ff:ff:ff,d8:d7:75:45:81:24,d8:d7:75:45:81:24,FunBox2-8124,-45,1,2412,False,False
1778943644.3938243,management,beacon,d8:d7:75:45:81:24,ff:ff:ff:ff:ff:ff,ff:ff:ff:ff:ff:ff,d8:d7:75:45:81:24,d8:d7:75:45:81:24,FunBox2-8124,-43,1,2412,False,False
1778943644.5987298,management,beacon,d8:d7:75:45:81:24,ff:ff:ff:ff:ff:ff,ff:ff:ff:ff:ff:ff,d8:d7:75:45:81:24,d8:d7:75:45:81:24,FunBox2-8124,-44,1,2412,False,False
1778943644.7010837,management,beacon,d8:d7:75:45:81:24,ff:ff:ff:ff:ff:ff,ff:ff:ff:ff:ff:ff,d8:d7:75:45:81:24,d8:d7:75:45:81:24,FunBox2-8124,-44,1,2412,False,False
1778943644.803503,management,beacon,d8:d7:75:45:81:24,ff:ff:ff:ff:ff:ff,ff:ff:ff:ff:ff:ff,d8:d7:75:45:81:24,d8:d7:75:45:81:24,FunBox2-8124,-48,1,2412,False,False
1778943644.9058878,management,beacon,d8:d7:75:45:81:24,ff:ff:ff:ff:ff:ff,ff:ff:ff:ff:ff:ff,d8:d7:75:45:81:24,d8:d7:75:45:81:24,FunBox2-8124,-43,1,2412,False,False
1778943645.0082662,management,beacon,d8:d7:75:45:81:24,ff:ff:ff:ff:ff:ff,ff:ff:ff:ff:ff:ff,d8:d7:75:45:81:24,d8:d7:75:45:81:24,FunBox2-8124,-48,1,2412,False,False
1778943645.1107035,management,beacon,d8:d7:75:45:81:24,ff:ff:ff:ff:ff:ff,ff:ff:ff:ff:ff:ff,d8:d7:75:45:81:24,d8:d7:75:45:81:24,FunBox2-8124,-43,1,2412,False,False
1778943645.2131073,management,beacon,d8:d7:75:45:81:24,ff:ff:ff:ff:ff:ff,ff:ff:ff:ff:ff:ff,d8:d7:75:45:81:24,d8:d7:75:45:81:24,FunBox2-8124,-46,1,2412,False,False
1778943645.3156903,management,beacon,d8:d7:75:45:81:24,ff:ff:ff:ff:ff:ff,ff:ff:ff:ff:ff:ff,d8:d7:75:45:81:24,d8:d7:75:45:81:24,FunBox2-8124,-50,1,2412,False,False
1778943645.4178867,management,beacon,d8:d7:75:45:81:24,ff:ff:ff:ff:ff:ff,ff:ff:ff:ff:ff:ff,d8:d7:75:45:81:24,d8:d7:75:45:81:24,FunBox2-8124,-44,1,2412,False,False
1778943645.5202684,management,beacon,d8:d7:75:45:81:24,ff:ff:ff:ff:ff:ff,ff:ff:ff:ff:ff:ff,d8:d7:75:45:81:24,d8:d7:75:45:81:24,FunBox2-8124,-49,1,2412,False,False
1778943645.5214796,data,null_data,50:02:91:e8:18:ec,d8:d7:75:45:81:24,d8:d7:75:45:81:24,50:02:91:e8:18:ec,d8:d7:75:45:81:24,,-82,1,2412,False,False
1778943645.521482,control,ack,,50:02:91:e8:18:ec,50:02:91:e8:18:ec,,,,-52,1,2412,False,False
1778943645.6227188,management,beacon,d8:d7:75:45:81:24,ff:ff:ff:ff:ff:ff,ff:ff:ff:ff:ff:ff,d8:d7:75:45:81:24,d8:d7:75:45:81:24,FunBox2-8124,-51,1,2412,False,False
1778943645.682502,data,null_data,50:02:91:e8:18:ec,d8:d7:75:45:81:24,d8:d7:75:45:81:24,50:02:91:e8:18:ec,d8:d7:75:45:81:24,,-83,1,2412,False,False
1778943645.6825142,control,ack,,50:02:91:e8:18:ec,50:02:91:e8:18:ec,,,,-50,1,2412,False,False
1778943645.726682,management,beacon,d8:d7:75:45:81:24,ff:ff:ff:ff:ff:ff,ff:ff:ff:ff:ff:ff,d8:d7:75:45:81:24,d8:d7:75:45:81:24,FunBox2-8124,-50,1,2412,False,False
1778943645.8275542,management,beacon,d8:d7:75:45:81:24,ff:ff:ff:ff:ff:ff,ff:ff:ff:ff:ff:ff,d8:d7:75:45:81:24,d8:d7:75:45:81:24,FunBox2-8124,-46,1,2412,False,False
1778943645.9298913,management,beacon,d8:d7:75:45:81:24,ff:ff:ff:ff:ff:ff,ff:ff:ff:ff:ff:ff,d8:d7:75:45:81:24,d8:d7:75:45:81:24,FunBox2-8124,-49,1,2412,False,False
1778943646.0323255,management,beacon,d8:d7:75:45:81:24,ff:ff:ff:ff:ff:ff,ff:ff:ff:ff:ff:ff,d8:d7:75:45:81:24,d8:d7:75:45:81:24,FunBox2-8124,-51,1,2412,False,False
1778943646.134686,management,beacon,d8:d7:75:45:81:24,ff:ff:ff:ff:ff:ff,ff:ff:ff:ff:ff:ff,d8:d7:75:45:81:24,d8:d7:75:45:81:24,FunBox2-8124,-44,1,2412,False,False
1778943646.3395607,management,beacon,d8:d7:75:45:81:24,ff:ff:ff:ff:ff:ff,ff:ff:ff:ff:ff:ff,d8:d7:75:45:81:24,d8:d7:75:45:81:24,FunBox2-8124,-48,1,2412,False,False
1778943646.4423862,management,beacon,d8:d7:75:45:81:24,ff:ff:ff:ff:ff:ff,ff:ff:ff:ff:ff:ff,d8:d7:75:45:81:24,d8:d7:75:45:81:24,FunBox2-8124,-49,1,2412,False,False
1778943646.5443265,management,beacon,d8:d7:75:45:81:24,ff:ff:ff:ff:ff:ff,ff:ff:ff:ff:ff:ff,d8:d7:75:45:81:24,d8:d7:75:45:81:24,FunBox2-8124,-44,1,2412,False,False
1778943646.6467519,management,beacon,d8:d7:75:45:81:24,ff:ff:ff:ff:ff:ff,ff:ff:ff:ff:ff:ff,d8:d7:75:45:81:24,d8:d7:75:45:81:24,FunBox2-8124,-46,1,2412,False,False
1778943646.7491672,management,beacon,d8:d7:75:45:81:24,ff:ff:ff:ff:ff:ff,ff:ff:ff:ff:ff:ff,d8:d7:75:45:81:24,d8:d7:75:45:81:24,FunBox2-8124,-50,1,2412,False,False
1778943646.8529828,management,beacon,d8:d7:75:45:81:24,ff:ff:ff:ff:ff:ff,ff:ff:ff:ff:ff:ff,d8:d7:75:45:81:24,d8:d7:75:45:81:24,FunBox2-8124,-45,1,2412,False,False
1778943647.056325,management,beacon,d8:d7:75:45:81:24,ff:ff:ff:ff:ff:ff,ff:ff:ff:ff:ff:ff,d8:d7:75:45:81:24,d8:d7:75:45:81:24,FunBox2-8124,-50,1,2412,False,False
1778943647.1589007,management,beacon,d8:d7:75:45:81:24,ff:ff:ff:ff:ff:ff,ff:ff:ff:ff:ff:ff,d8:d7:75:45:81:24,d8:d7:75:45:81:24,FunBox2-8124,-49,1,2412,False,False
1778943647.3637648,management,beacon,d8:d7:75:45:81:24,ff:ff:ff:ff:ff:ff,ff:ff:ff:ff:ff:ff,d8:d7:75:45:81:24,d8:d7:75:45:81:24,FunBox2-8124,-43,1,2412,False,False
1778943647.4672065,data,null_data,50:02:91:e8:18:ec,d8:d7:75:45:81:24,d8:d7:75:45:81:24,50:02:91:e8:18:ec,d8:d7:75:45:81:24,,-82,1,2412,False,False
1778943647.4672136,control,ack,,50:02:91:e8:18:ec,50:02:91:e8:18:ec,,,,-53,1,2412,False,False
1778943647.5683796,management,beacon,d8:d7:75:45:81:24,ff:ff:ff:ff:ff:ff,ff:ff:ff:ff:ff:ff,d8:d7:75:45:81:24,d8:d7:75:45:81:24,FunBox2-8124,-48,1,2412,False,False
1778943647.628227,data,null_data,50:02:91:e8:18:ec,d8:d7:75:45:81:24,d8:d7:75:45:81:24,50:02:91:e8:18:ec,d8:d7:75:45:81:24,,-81,1,2412,False,True
1778943647.6707435,management,beacon,d8:d7:75:45:81:24,ff:ff:ff:ff:ff:ff,ff:ff:ff:ff:ff:ff,d8:d7:75:45:81:24,d8:d7:75:45:81:24,FunBox2-8124,-47,1,2412,False,False
1778943647.7736266,management,beacon,d8:d7:75:45:81:24,ff:ff:ff:ff:ff:ff,ff:ff:ff:ff:ff:ff,d8:d7:75:45:81:24,d8:d7:75:45:81:24,FunBox2-8124,-48,1,2412,False,False
1778943647.875919,management,beacon,d8:d7:75:45:81:24,ff:ff:ff:ff:ff:ff,ff:ff:ff:ff:ff:ff,d8:d7:75:45:81:24,d8:d7:75:45:81:24,FunBox2-8124,-46,1,2412,False,False
1778943648.0804296,management,beacon,d8:d7:75:45:81:24,ff:ff:ff:ff:ff:ff,ff:ff:ff:ff:ff:ff,d8:d7:75:45:81:24,d8:d7:75:45:81:24,FunBox2-8124,-46,1,2412,False,False
1778943648.1828325,management,beacon,d8:d7:75:45:81:24,ff:ff:ff:ff:ff:ff,ff:ff:ff:ff:ff:ff,d8:d7:75:45:81:24,d8:d7:75:45:81:24,FunBox2-8124,-50,1,2412,False,False
1778943648.2905338,management,beacon,d8:d7:75:45:81:24,ff:ff:ff:ff:ff:ff,ff:ff:ff:ff:ff:ff,d8:d7:75:45:81:24,d8:d7:75:45:81:24,FunBox2-8124,-45,1,2412,False,False
1778943648.387596,management,beacon,d8:d7:75:45:81:24,ff:ff:ff:ff:ff:ff,ff:ff:ff:ff:ff:ff,d8:d7:75:45:81:24,d8:d7:75:45:81:24,FunBox2-8124,-44,1,2412,False,False
1778943648.5923882,management,beacon,d8:d7:75:45:81:24,ff:ff:ff:ff:ff:ff,ff:ff:ff:ff:ff:ff,d8:d7:75:45:81:24,d8:d7:75:45:81:24,FunBox2-8124,-44,1,2412,False,False
1778943648.694817,management,beacon,d8:d7:75:45:81:24,ff:ff:ff:ff:ff:ff,ff:ff:ff:ff:ff:ff,d8:d7:75:45:81:24,d8:d7:75:45:81:24,FunBox2-8124,-45,1,2412,False,False
1778943648.7972617,management,beacon,d8:d7:75:45:81:24,ff:ff:ff:ff:ff:ff,ff:ff:ff:ff:ff:ff,d8:d7:75:45:81:24,d8:d7:75:45:81:24,FunBox2-8124,-44,1,2412,False,False
1778943648.8996227,management,beacon,d8:d7:75:45:81:24,ff:ff:ff:ff:ff:ff,ff:ff:ff:ff:ff:ff,d8:d7:75:45:81:24,d8:d7:75:45:81:24,FunBox2-8124,-43,1,2412,False,False
1778943648.900791,control,ack,,50:02:91:e8:18:ec,50:02:91:e8:18:ec,,,,-49,1,2412,False,False
1778943649.0616102,data,null_data,50:02:91:e8:18:ec,d8:d7:75:45:81:24,d8:d7:75:45:81:24,50:02:91:e8:18:ec,d8:d7:75:45:81:24,,-84,1,2412,False,False
1778943649.0621476,data,null_data,50:02:91:e8:18:ec,d8:d7:75:45:81:24,d8:d7:75:45:81:24,50:02:91:e8:18:ec,d8:d7:75:45:81:24,,-81,1,2412,False,True
1778943649.062151,control,ack,,50:02:91:e8:18:ec,50:02:91:e8:18:ec,,,,-48,1,2412,False,False
1778943649.062426,data,null_data,50:02:91:e8:18:ec,d8:d7:75:45:81:24,d8:d7:75:45:81:24,50:02:91:e8:18:ec,d8:d7:75:45:81:24,,-83,1,2412,False,True
1778943649.0629098,data,null_data,50:02:91:e8:18:ec,d8:d7:75:45:81:24,d8:d7:75:45:81:24,50:02:91:e8:18:ec,d8:d7:75:45:81:24,,-85,1,2412,False,True
1778943649.0629132,control,ack,,50:02:91:e8:18:ec,50:02:91:e8:18:ec,,,,-41,1,2412,False,False
1778943649.1044247,management,beacon,d8:d7:75:45:81:24,ff:ff:ff:ff:ff:ff,ff:ff:ff:ff:ff:ff,d8:d7:75:45:81:24,d8:d7:75:45:81:24,FunBox2-8124,-44,1,2412,False,False
1778943649.2068453,management,beacon,d8:d7:75:45:81:24,ff:ff:ff:ff:ff:ff,ff:ff:ff:ff:ff:ff,d8:d7:75:45:81:24,d8:d7:75:45:81:24,FunBox2-8124,-47,1,2412,False,False
1778943649.4116654,management,beacon,d8:d7:75:45:81:24,ff:ff:ff:ff:ff:ff,ff:ff:ff:ff:ff:ff,d8:d7:75:45:81:24,d8:d7:75:45:81:24,FunBox2-8124,-46,1,2412,False,False
1778943649.6164916,management,beacon,d8:d7:75:45:81:24,ff:ff:ff:ff:ff:ff,ff:ff:ff:ff:ff:ff,d8:d7:75:45:81:24,d8:d7:75:45:81:24,FunBox2-8124,-44,1,2412,False,False
1778943649.6247728,data,null_data,50:02:91:e8:18:ec,d8:d7:75:45:81:24,d8:d7:75:45:81:24,50:02:91:e8:18:ec,d8:d7:75:45:81:24,,-83,1,2412,False,False
1778943649.62478,control,ack,,50:02:91:e8:18:ec,50:02:91:e8:18:ec,,,,-46,1,2412,False,False
1778943649.7188725,management,beacon,d8:d7:75:45:81:24,ff:ff:ff:ff:ff:ff,ff:ff:ff:ff:ff:ff,d8:d7:75:45:81:24,d8:d7:75:45:81:24,FunBox2-8124,-43,1,2412,False,False
1778943649.7855783,data,null_data,50:02:91:e8:18:ec,d8:d7:75:45:81:24,d8:d7:75:45:81:24,50:02:91:e8:18:ec,d8:d7:75:45:81:24,,-82,1,2412,False,False
1778943649.7857282,data,null_data,50:02:91:e8:18:ec,d8:d7:75:45:81:24,d8:d7:75:45:81:24,50:02:91:e8:18:ec,d8:d7:75:45:81:24,,-84,1,2412,False,True
1778943649.7864563,data,null_data,50:02:91:e8:18:ec,d8:d7:75:45:81:24,d8:d7:75:45:81:24,50:02:91:e8:18:ec,d8:d7:75:45:81:24,,-86,1,2412,False,True
1778943649.7870386,data,null_data,50:02:91:e8:18:ec,d8:d7:75:45:81:24,d8:d7:75:45:81:24,50:02:91:e8:18:ec,d8:d7:75:45:81:24,,-84,1,2412,False,True
1778943649.78759,data,null_data,50:02:91:e8:18:ec,d8:d7:75:45:81:24,d8:d7:75:45:81:24,50:02:91:e8:18:ec,d8:d7:75:45:81:24,,-85,1,2412,False,True
1778943649.7879038,control,ack,,50:02:91:e8:18:ec,50:02:91:e8:18:ec,,,,-46,1,2412,False,False
1778943649.8212707,management,beacon,d8:d7:75:45:81:24,ff:ff:ff:ff:ff:ff,ff:ff:ff:ff:ff:ff,d8:d7:75:45:81:24,d8:d7:75:45:81:24,FunBox2-8124,-46,1,2412,False,False
1778943649.923631,management,beacon,d8:d7:75:45:81:24,ff:ff:ff:ff:ff:ff,ff:ff:ff:ff:ff:ff,d8:d7:75:45:81:24,d8:d7:75:45:81:24,FunBox2-8124,-43,1,2412,False,False
1778943650.1284616,management,beacon,d8:d7:75:45:81:24,ff:ff:ff:ff:ff:ff,ff:ff:ff:ff:ff:ff,d8:d7:75:45:81:24,d8:d7:75:45:81:24,FunBox2-8124,-43,1,2412,False,False
1778943650.1296496,data,data,d8:d7:75:45:81:24,01:00:5e:00:00:01,01:00:5e:00:00:01,d8:d7:75:45:81:24,d8:d7:75:45:81:24,,-43,1,2412,True,False
1778943650.1301558,control,ack,,d8:d7:75:45:81:24,d8:d7:75:45:81:24,,,,-83,1,2412,False,False
1778943650.130158,data,null_data,50:02:91:e8:18:ec,d8:d7:75:45:81:24,d8:d7:75:45:81:24,50:02:91:e8:18:ec,d8:d7:75:45:81:24,,-80,1,2412,False,False
1778943650.1301591,control,ack,,50:02:91:e8:18:ec,50:02:91:e8:18:ec,,,,-44,1,2412,False,False
1778943650.2308476,management,beacon,d8:d7:75:45:81:24,ff:ff:ff:ff:ff:ff,ff:ff:ff:ff:ff:ff,d8:d7:75:45:81:24,d8:d7:75:45:81:24,FunBox2-8124,-42,1,2412,False,False
1778943650.2910483,data,null_data,50:02:91:e8:18:ec,d8:d7:75:45:81:24,d8:d7:75:45:81:24,50:02:91:e8:18:ec,d8:d7:75:45:81:24,,-82,1,2412,False,False
1778943650.2910569,control,ack,,50:02:91:e8:18:ec,50:02:91:e8:18:ec,,,,-45,1,2412,False,False
1778943650.3333156,management,beacon,d8:d7:75:45:81:24,ff:ff:ff:ff:ff:ff,ff:ff:ff:ff:ff:ff,d8:d7:75:45:81:24,d8:d7:75:45:81:24,FunBox2-8124,-42,1,2412,False,False
1778943650.4373755,management,beacon,d8:d7:75:45:81:24,ff:ff:ff:ff:ff:ff,ff:ff:ff:ff:ff:ff,d8:d7:75:45:81:24,d8:d7:75:45:81:24,FunBox2-8124,-46,1,2412,False,False
1778943650.640536,management,beacon,d8:d7:75:45:81:24,ff:ff:ff:ff:ff:ff,ff:ff:ff:ff:ff:ff,d8:d7:75:45:81:24,d8:d7:75:45:81:24,FunBox2-8124,-42,1,2412,False,False
1778943650.7428722,management,beacon,d8:d7:75:45:81:24,ff:ff:ff:ff:ff:ff,ff:ff:ff:ff:ff:ff,d8:d7:75:45:81:24,d8:d7:75:45:81:24,FunBox2-8124,-47,1,2412,False,False
1778943650.845308,management,beacon,d8:d7:75:45:81:24,ff:ff:ff:ff:ff:ff,ff:ff:ff:ff:ff:ff,d8:d7:75:45:81:24,d8:d7:75:45:81:24,FunBox2-8124,-42,1,2412,False,False
1778943650.9476678,management,beacon,d8:d7:75:45:81:24,ff:ff:ff:ff:ff:ff,ff:ff:ff:ff:ff:ff,d8:d7:75:45:81:24,d8:d7:75:45:81:24,FunBox2-8124,-44,1,2412,False,False
1778943651.1525042,management,beacon,d8:d7:75:45:81:24,ff:ff:ff:ff:ff:ff,ff:ff:ff:ff:ff:ff,d8:d7:75:45:81:24,d8:d7:75:45:81:24,FunBox2-8124,-43,1,2412,False,False
1778943651.254925,management,beacon,d8:d7:75:45:81:24,ff:ff:ff:ff:ff:ff,ff:ff:ff:ff:ff:ff,d8:d7:75:45:81:24,d8:d7:75:45:81:24,FunBox2-8124,-47,1,2412,False,False
1778943651.3576686,management,beacon,d8:d7:75:45:81:24,ff:ff:ff:ff:ff:ff,ff:ff:ff:ff:ff:ff,d8:d7:75:45:81:24,d8:d7:75:45:81:24,FunBox2-8124,-45,1,2412,False,False
1778943651.4597306,management,beacon,d8:d7:75:45:81:24,ff:ff:ff:ff:ff:ff,ff:ff:ff:ff:ff:ff,d8:d7:75:45:81:24,d8:d7:75:45:81:24,FunBox2-8124,-47,1,2412,False,False
1778943651.6659627,data,data,d8:d7:75:45:81:24,33:33:00:00:00:01,33:33:00:00:00:01,d8:d7:75:45:81:24,d8:d7:75:45:81:24,,-45,1,2412,True,False
1778943651.6666095,control,ack,,d8:d7:75:45:81:24,d8:d7:75:45:81:24,,,,-84,1,2412,False,False
1778943651.6666157,data,null_data,50:02:91:e8:18:ec,d8:d7:75:45:81:24,d8:d7:75:45:81:24,50:02:91:e8:18:ec,d8:d7:75:45:81:24,,-83,1,2412,False,False
1778943651.6666174,control,ack,,50:02:91:e8:18:ec,50:02:91:e8:18:ec,,,,-45,1,2412,False,False
1778943651.666651,data,null_data,50:02:91:e8:18:ec,d8:d7:75:45:81:24,d8:d7:75:45:81:24,50:02:91:e8:18:ec,d8:d7:75:45:81:24,,-81,1,2412,False,True
1778943651.6666522,control,ack,,50:02:91:e8:18:ec,50:02:91:e8:18:ec,,,,-46,1,2412,False,False
1778943651.7669303,management,beacon,d8:d7:75:45:81:24,ff:ff:ff:ff:ff:ff,ff:ff:ff:ff:ff:ff,d8:d7:75:45:81:24,d8:d7:75:45:81:24,FunBox2-8124,-47,1,2412,False,False
1778943651.827541,data,null_data,50:02:91:e8:18:ec,d8:d7:75:45:81:24,d8:d7:75:45:81:24,50:02:91:e8:18:ec,d8:d7:75:45:81:24,,-83,1,2412,False,False
1778943651.8275542,control,ack,,50:02:91:e8:18:ec,50:02:91:e8:18:ec,,,,-48,1,2412,False,False
1778943651.8695154,management,beacon,d8:d7:75:45:81:24,ff:ff:ff:ff:ff:ff,ff:ff:ff:ff:ff:ff,d8:d7:75:45:81:24,d8:d7:75:45:81:24,FunBox2-8124,-45,1,2412,False,False
1778943651.9728007,management,beacon,d8:d7:75:45:81:24,ff:ff:ff:ff:ff:ff,ff:ff:ff:ff:ff:ff,d8:d7:75:45:81:24,d8:d7:75:45:81:24,FunBox2-8124,-46,1,2412,False,False
1778943652.1864908,management,beacon,d8:d7:75:45:81:24,ff:ff:ff:ff:ff:ff,ff:ff:ff:ff:ff:ff,d8:d7:75:45:81:24,d8:d7:75:45:81:24,FunBox2-8124,-44,1,2412,False,False
1778943652.2830787,management,beacon,d8:d7:75:45:81:24,ff:ff:ff:ff:ff:ff,ff:ff:ff:ff:ff:ff,d8:d7:75:45:81:24,d8:d7:75:45:81:24,FunBox2-8124,-44,1,2412,False,False
1778943652.3813825,management,beacon,d8:d7:75:45:81:24,ff:ff:ff:ff:ff:ff,ff:ff:ff:ff:ff:ff,d8:d7:75:45:81:24,d8:d7:75:45:81:24,FunBox2-8124,-45,1,2412,False,False
1778943652.3952465,control,rts,54:35:30:cf:ee:1e,d8:d7:75:45:81:24,d8:d7:75:45:81:24,54:35:30:cf:ee:1e,,,-50,1,2412,False,False
1778943652.395254,control,cts,,54:35:30:cf:ee:1e,54:35:30:cf:ee:1e,,,,-46,1,2412,False,False
1778943652.395256,data,qos_data,54:35:30:cf:ee:1e,d8:d7:75:45:81:24,d8:d7:75:45:81:24,54:35:30:cf:ee:1e,01:00:5e:7f:ff:fa,,-50,1,2412,True,False
1778943652.395258,control,block_ack,d8:d7:75:45:81:24,54:35:30:cf:ee:1e,54:35:30:cf:ee:1e,d8:d7:75:45:81:24,,,-45,1,2412,False,False
1778943652.4866662,management,beacon,d8:d7:75:45:81:24,ff:ff:ff:ff:ff:ff,ff:ff:ff:ff:ff:ff,d8:d7:75:45:81:24,d8:d7:75:45:81:24,FunBox2-8124,-45,1,2412,False,False
1778943652.5861337,management,beacon,d8:d7:75:45:81:24,ff:ff:ff:ff:ff:ff,ff:ff:ff:ff:ff:ff,d8:d7:75:45:81:24,d8:d7:75:45:81:24,FunBox2-8124,-43,1,2412,False,False
1778943652.5879211,control,ack,,d8:d7:75:45:81:24,d8:d7:75:45:81:24,,,,-84,1,2412,False,False
1778943652.5879238,data,null_data,50:02:91:e8:18:ec,d8:d7:75:45:81:24,d8:d7:75:45:81:24,50:02:91:e8:18:ec,d8:d7:75:45:81:24,,-82,1,2412,False,False
1778943652.5879254,control,ack,,50:02:91:e8:18:ec,50:02:91:e8:18:ec,,,,-45,1,2412,False,False
1778943652.6922672,management,beacon,d8:d7:75:45:81:24,ff:ff:ff:ff:ff:ff,ff:ff:ff:ff:ff:ff,d8:d7:75:45:81:24,d8:d7:75:45:81:24,FunBox2-8124,-46,1,2412,False,False
1778943652.74901,data,null_data,50:02:91:e8:18:ec,d8:d7:75:45:81:24,d8:d7:75:45:81:24,50:02:91:e8:18:ec,d8:d7:75:45:81:24,,-82,1,2412,False,True
1778943652.749023,control,ack,,50:02:91:e8:18:ec,50:02:91:e8:18:ec,,,,-48,1,2412,False,False
1778943652.7909713,management,beacon,d8:d7:75:45:81:24,ff:ff:ff:ff:ff:ff,ff:ff:ff:ff:ff:ff,d8:d7:75:45:81:24,d8:d7:75:45:81:24,FunBox2-8124,-47,1,2412,False,False
1778943652.8934162,management,beacon,d8:d7:75:45:81:24,ff:ff:ff:ff:ff:ff,ff:ff:ff:ff:ff:ff,d8:d7:75:45:81:24,d8:d7:75:45:81:24,FunBox2-8124,-46,1,2412,False,False
1778943652.995761,management,beacon,d8:d7:75:45:81:24,ff:ff:ff:ff:ff:ff,ff:ff:ff:ff:ff:ff,d8:d7:75:45:81:24,d8:d7:75:45:81:24,FunBox2-8124,-45,1,2412,False,False
1778943653.0981584,management,beacon,d8:d7:75:45:81:24,ff:ff:ff:ff:ff:ff,ff:ff:ff:ff:ff:ff,d8:d7:75:45:81:24,d8:d7:75:45:81:24,FunBox2-8124,-43,1,2412,False,False
1778943653.2025814,data,data,d8:d7:75:45:81:24,01:00:5e:00:00:fb,01:00:5e:00:00:fb,d8:d7:75:45:81:24,e6:12:a8:93:5a:78,,-45,1,2412,True,False
1778943653.2025905,data,null_data,50:02:91:e8:18:ec,d8:d7:75:45:81:24,d8:d7:75:45:81:24,50:02:91:e8:18:ec,d8:d7:75:45:81:24,,-82,1,2412,False,False
1778943653.2025921,control,ack,,50:02:91:e8:18:ec,50:02:91:e8:18:ec,,,,-46,1,2412,False,False
1778943653.202593,control,ack,,50:02:91:e8:18:ec,50:02:91:e8:18:ec,,,,-46,1,2412,False,False
1778943653.2043111,data,data,d8:d7:75:45:81:24,33:33:00:00:00:fb,33:33:00:00:00:fb,d8:d7:75:45:81:24,e6:12:a8:93:5a:78,,-43,1,2412,True,False
1778943653.2046247,control,ack,,d8:d7:75:45:81:24,d8:d7:75:45:81:24,,,,-85,1,2412,False,False
1778943653.3030195,management,beacon,d8:d7:75:45:81:24,ff:ff:ff:ff:ff:ff,ff:ff:ff:ff:ff:ff,d8:d7:75:45:81:24,d8:d7:75:45:81:24,FunBox2-8124,-46,1,2412,False,False
1778943653.3651173,data,null_data,50:02:91:e8:18:ec,d8:d7:75:45:81:24,d8:d7:75:45:81:24,50:02:91:e8:18:ec,d8:d7:75:45:81:24,,-84,1,2412,False,False
1778943653.365131,control,ack,,50:02:91:e8:18:ec,50:02:91:e8:18:ec,,,,-47,1,2412,False,False
1778943653.4053895,management,beacon,d8:d7:75:45:81:24,ff:ff:ff:ff:ff:ff,ff:ff:ff:ff:ff:ff,d8:d7:75:45:81:24,d8:d7:75:45:81:24,FunBox2-8124,-48,1,2412,False,False
1778943653.507784,management,beacon,d8:d7:75:45:81:24,ff:ff:ff:ff:ff:ff,ff:ff:ff:ff:ff:ff,d8:d7:75:45:81:24,d8:d7:75:45:81:24,FunBox2-8124,-46,1,2412,False,False
1778943653.6204581,management,beacon,d8:d7:75:45:81:24,ff:ff:ff:ff:ff:ff,ff:ff:ff:ff:ff:ff,d8:d7:75:45:81:24,d8:d7:75:45:81:24,FunBox2-8124,-45,1,2412,False,False
1778943653.7502139,data,null_data,8e:8e:6f:93:93:5f,70:0b:01:45:f0:90,70:0b:01:45:f0:90,8e:8e:6f:93:93:5f,70:0b:01:45:f0:90,,-90,1,2412,False,True
1778943653.7559962,data,null_data,8e:8e:6f:93:93:5f,70:0b:01:45:f0:90,70:0b:01:45:f0:90,8e:8e:6f:93:93:5f,70:0b:01:45:f0:90,,-89,1,2412,False,True
1778943653.7652347,data,null_data,8e:8e:6f:93:93:5f,70:0b:01:45:f0:90,70:0b:01:45:f0:90,8e:8e:6f:93:93:5f,70:0b:01:45:f0:90,,-90,1,2412,False,True
1778943653.7660136,data,null_data,8e:8e:6f:93:93:5f,70:0b:01:45:f0:90,70:0b:01:45:f0:90,8e:8e:6f:93:93:5f,70:0b:01:45:f0:90,,-88,1,2412,False,True
1778943653.8149798,management,beacon,d8:d7:75:45:81:24,ff:ff:ff:ff:ff:ff,ff:ff:ff:ff:ff:ff,d8:d7:75:45:81:24,d8:d7:75:45:81:24,FunBox2-8124,-45,1,2412,False,False
1778943654.019846,management,beacon,d8:d7:75:45:81:24,ff:ff:ff:ff:ff:ff,ff:ff:ff:ff:ff:ff,d8:d7:75:45:81:24,d8:d7:75:45:81:24,FunBox2-8124,-47,1,2412,False,False
1778943654.1222203,management,beacon,d8:d7:75:45:81:24,ff:ff:ff:ff:ff:ff,ff:ff:ff:ff:ff:ff,d8:d7:75:45:81:24,d8:d7:75:45:81:24,FunBox2-8124,-47,1,2412,False,False
1778943654.1612751,data,null_data,8e:8e:6f:93:93:5f,70:0b:01:45:f0:90,70:0b:01:45:f0:90,8e:8e:6f:93:93:5f,70:0b:01:45:f0:90,,-88,1,2412,False,True
1778943654.162536,data,null_data,8e:8e:6f:93:93:5f,70:0b:01:45:f0:90,70:0b:01:45:f0:90,8e:8e:6f:93:93:5f,70:0b:01:45:f0:90,,-89,1,2412,False,True
1778943654.1651776,data,null_data,8e:8e:6f:93:93:5f,70:0b:01:45:f0:90,70:0b:01:45:f0:90,8e:8e:6f:93:93:5f,70:0b:01:45:f0:90,,-86,1,2412,False,True
1778943654.1683457,data,null_data,8e:8e:6f:93:93:5f,70:0b:01:45:f0:90,70:0b:01:45:f0:90,8e:8e:6f:93:93:5f,70:0b:01:45:f0:90,,-88,1,2412,False,True
1778943654.1695278,data,null_data,8e:8e:6f:93:93:5f,70:0b:01:45:f0:90,70:0b:01:45:f0:90,8e:8e:6f:93:93:5f,70:0b:01:45:f0:90,,-89,1,2412,False,True
1778943654.3270135,management,beacon,d8:d7:75:45:81:24,ff:ff:ff:ff:ff:ff,ff:ff:ff:ff:ff:ff,d8:d7:75:45:81:24,d8:d7:75:45:81:24,FunBox2-8124,-47,1,2412,False,False
1778943654.4294195,management,beacon,d8:d7:75:45:81:24,ff:ff:ff:ff:ff:ff,ff:ff:ff:ff:ff:ff,d8:d7:75:45:81:24,d8:d7:75:45:81:24,FunBox2-8124,-47,1,2412,False,False
1778943654.4385908,data,null_data,8e:8e:6f:93:93:5f,70:0b:01:45:f0:90,70:0b:01:45:f0:90,8e:8e:6f:93:93:5f,70:0b:01:45:f0:90,,-87,1,2412,False,True
1778943654.4393768,data,null_data,8e:8e:6f:93:93:5f,70:0b:01:45:f0:90,70:0b:01:45:f0:90,8e:8e:6f:93:93:5f,70:0b:01:45:f0:90,,-90,1,2412,False,True
1778943654.440991,data,null_data,8e:8e:6f:93:93:5f,70:0b:01:45:f0:90,70:0b:01:45:f0:90,8e:8e:6f:93:93:5f,70:0b:01:45:f0:90,,-89,1,2412,False,True
1778943654.4424973,data,qos_data,8e:8e:6f:93:93:5f,70:0b:01:45:f0:90,70:0b:01:45:f0:90,8e:8e:6f:93:93:5f,70:0b:01:45:f0:90,,-89,1,2412,True,False
1778943654.4440663,data,null_data,8e:8e:6f:93:93:5f,70:0b:01:45:f0:90,70:0b:01:45:f0:90,8e:8e:6f:93:93:5f,70:0b:01:45:f0:90,,-87,1,2412,False,True
1778943654.445692,data,qos_data,8e:8e:6f:93:93:5f,70:0b:01:45:f0:90,70:0b:01:45:f0:90,8e:8e:6f:93:93:5f,70:0b:01:45:f0:90,,-88,1,2412,True,True
1778943654.4499786,data,qos_data,8e:8e:6f:93:93:5f,70:0b:01:45:f0:90,70:0b:01:45:f0:90,8e:8e:6f:93:93:5f,70:0b:01:45:f0:90,,-89,1,2412,True,True
1778943654.4572346,data,qos_data,8e:8e:6f:93:93:5f,70:0b:01:45:f0:90,70:0b:01:45:f0:90,8e:8e:6f:93:93:5f,70:0b:01:45:f0:90,,-88,1,2412,True,True
1778943654.4696147,data,qos_data,8e:8e:6f:93:93:5f,70:0b:01:45:f0:90,70:0b:01:45:f0:90,8e:8e:6f:93:93:5f,70:0b:01:45:f0:90,,-88,1,2412,True,False
1778943654.471288,data,qos_data,8e:8e:6f:93:93:5f,70:0b:01:45:f0:90,70:0b:01:45:f0:90,8e:8e:6f:93:93:5f,70:0b:01:45:f0:90,,-88,1,2412,True,True
1778943654.4794662,data,qos_data,8e:8e:6f:93:93:5f,70:0b:01:45:f0:90,70:0b:01:45:f0:90,8e:8e:6f:93:93:5f,70:0b:01:45:f0:90,,-88,1,2412,True,True
1778943654.4822304,data,qos_data,8e:8e:6f:93:93:5f,70:0b:01:45:f0:90,70:0b:01:45:f0:90,8e:8e:6f:93:93:5f,70:0b:01:45:f0:90,,-89,1,2412,True,True
1778943654.4993296,data,qos_data,8e:8e:6f:93:93:5f,70:0b:01:45:f0:90,70:0b:01:45:f0:90,8e:8e:6f:93:93:5f,70:0b:01:45:f0:90,,-87,1,2412,True,True
1778943654.531801,management,beacon,d8:d7:75:45:81:24,ff:ff:ff:ff:ff:ff,ff:ff:ff:ff:ff:ff,d8:d7:75:45:81:24,d8:d7:75:45:81:24,FunBox2-8124,-44,1,2412,False,False
1778943654.5661228,data,null_data,8e:8e:6f:93:93:5f,70:0b:01:45:f0:90,70:0b:01:45:f0:90,8e:8e:6f:93:93:5f,70:0b:01:45:f0:90,,-86,1,2412,False,True
1778943654.5686278,data,null_data,8e:8e:6f:93:93:5f,70:0b:01:45:f0:90,70:0b:01:45:f0:90,8e:8e:6f:93:93:5f,70:0b:01:45:f0:90,,-88,1,2412,False,True
1778943654.5702088,data,null_data,8e:8e:6f:93:93:5f,70:0b:01:45:f0:90,70:0b:01:45:f0:90,8e:8e:6f:93:93:5f,70:0b:01:45:f0:90,,-89,1,2412,False,True
1778943654.5710218,data,null_data,8e:8e:6f:93:93:5f,70:0b:01:45:f0:90,70:0b:01:45:f0:90,8e:8e:6f:93:93:5f,70:0b:01:45:f0:90,,-87,1,2412,False,True
1778943654.5728307,data,null_data,8e:8e:6f:93:93:5f,70:0b:01:45:f0:90,70:0b:01:45:f0:90,8e:8e:6f:93:93:5f,70:0b:01:45:f0:90,,-89,1,2412,False,False
1778943654.5736341,data,null_data,8e:8e:6f:93:93:5f,70:0b:01:45:f0:90,70:0b:01:45:f0:90,8e:8e:6f:93:93:5f,70:0b:01:45:f0:90,,-86,1,2412,False,True
1778943654.5744064,data,null_data,8e:8e:6f:93:93:5f,70:0b:01:45:f0:90,70:0b:01:45:f0:90,8e:8e:6f:93:93:5f,70:0b:01:45:f0:90,,-89,1,2412,False,True
1778943654.5751946,data,null_data,8e:8e:6f:93:93:5f,70:0b:01:45:f0:90,70:0b:01:45:f0:90,8e:8e:6f:93:93:5f,70:0b:01:45:f0:90,,-88,1,2412,False,True
1778943654.5786777,data,null_data,8e:8e:6f:93:93:5f,70:0b:01:45:f0:90,70:0b:01:45:f0:90,8e:8e:6f:93:93:5f,70:0b:01:45:f0:90,,-87,1,2412,False,False
1778943654.5794585,data,null_data,8e:8e:6f:93:93:5f,70:0b:01:45:f0:90,70:0b:01:45:f0:90,8e:8e:6f:93:93:5f,70:0b:01:45:f0:90,,-87,1,2412,False,True
1778943654.6342638,management,beacon,d8:d7:75:45:81:24,ff:ff:ff:ff:ff:ff,ff:ff:ff:ff:ff:ff,d8:d7:75:45:81:24,d8:d7:75:45:81:24,FunBox2-8124,-44,1,2412,False,False
1778943654.8390303,management,beacon,d8:d7:75:45:81:24,ff:ff:ff:ff:ff:ff,ff:ff:ff:ff:ff:ff,d8:d7:75:45:81:24,d8:d7:75:45:81:24,FunBox2-8124,-48,1,2412,False,False
1778943654.982792,data,null_data,8e:8e:6f:93:93:5f,70:0b:01:45:f0:90,70:0b:01:45:f0:90,8e:8e:6f:93:93:5f,70:0b:01:45:f0:90,,-90,1,2412,False,True
1778943654.9858277,data,null_data,8e:8e:6f:93:93:5f,70:0b:01:45:f0:90,70:0b:01:45:f0:90,8e:8e:6f:93:93:5f,70:0b:01:45:f0:90,,-91,1,2412,False,True
1778943655.0134196,data,null_data,8e:8e:6f:93:93:5f,70:0b:01:45:f0:90,70:0b:01:45:f0:90,8e:8e:6f:93:93:5f,70:0b:01:45:f0:90,,-88,1,2412,False,True
1778943655.0180128,data,null_data,8e:8e:6f:93:93:5f,70:0b:01:45:f0:90,70:0b:01:45:f0:90,8e:8e:6f:93:93:5f,70:0b:01:45:f0:90,,-89,1,2412,False,False
1778943655.020426,data,null_data,8e:8e:6f:93:93:5f,70:0b:01:45:f0:90,70:0b:01:45:f0:90,8e:8e:6f:93:93:5f,70:0b:01:45:f0:90,,-89,1,2412,False,True
1778943655.0306804,data,null_data,8e:8e:6f:93:93:5f,70:0b:01:45:f0:90,70:0b:01:45:f0:90,8e:8e:6f:93:93:5f,70:0b:01:45:f0:90,,-88,1,2412,False,True
1778943655.0323048,data,null_data,8e:8e:6f:93:93:5f,70:0b:01:45:f0:90,70:0b:01:45:f0:90,8e:8e:6f:93:93:5f,70:0b:01:45:f0:90,,-87,1,2412,False,True
1778943655.0438666,management,beacon,d8:d7:75:45:81:24,ff:ff:ff:ff:ff:ff,ff:ff:ff:ff:ff:ff,d8:d7:75:45:81:24,d8:d7:75:45:81:24,FunBox2-8124,-47,1,2412,False,False
1778943655.0864744,data,null_data,8e:8e:6f:93:93:5f,70:0b:01:45:f0:90,70:0b:01:45:f0:90,8e:8e:6f:93:93:5f,70:0b:01:45:f0:90,,-89,1,2412,False,True
1778943655.0876606,data,null_data,8e:8e:6f:93:93:5f,70:0b:01:45:f0:90,70:0b:01:45:f0:90,8e:8e:6f:93:93:5f,70:0b:01:45:f0:90,,-88,1,2412,False,True
1778943655.095681,data,null_data,8e:8e:6f:93:93:5f,70:0b:01:45:f0:90,70:0b:01:45:f0:90,8e:8e:6f:93:93:5f,70:0b:01:45:f0:90,,-87,1,2412,False,True
1778943655.1462264,management,beacon,d8:d7:75:45:81:24,ff:ff:ff:ff:ff:ff,ff:ff:ff:ff:ff:ff,d8:d7:75:45:81:24,d8:d7:75:45:81:24,FunBox2-8124,-43,1,2412,False,False
1778943655.293954,data,null_data,8e:8e:6f:93:93:5f,70:0b:01:45:f0:90,70:0b:01:45:f0:90,8e:8e:6f:93:93:5f,70:0b:01:45:f0:90,,-90,1,2412,False,False
1778943655.2971227,data,null_data,8e:8e:6f:93:93:5f,70:0b:01:45:f0:90,70:0b:01:45:f0:90,8e:8e:6f:93:93:5f,70:0b:01:45:f0:90,,-89,1,2412,False,True
1778943655.2994072,control,rts,8e:8e:6f:93:93:5f,70:0b:01:45:f0:90,70:0b:01:45:f0:90,8e:8e:6f:93:93:5f,,,-90,1,2412,False,False
1778943655.3009136,control,rts,8e:8e:6f:93:93:5f,70:0b:01:45:f0:90,70:0b:01:45:f0:90,8e:8e:6f:93:93:5f,,,-92,1,2412,False,False
1778943655.3023582,control,rts,8e:8e:6f:93:93:5f,70:0b:01:45:f0:90,70:0b:01:45:f0:90,8e:8e:6f:93:93:5f,,,-86,1,2412,False,False
1778943655.3031216,control,rts,8e:8e:6f:93:93:5f,70:0b:01:45:f0:90,70:0b:01:45:f0:90,8e:8e:6f:93:93:5f,,,-87,1,2412,False,False
1778943655.3038874,control,rts,8e:8e:6f:93:93:5f,70:0b:01:45:f0:90,70:0b:01:45:f0:90,8e:8e:6f:93:93:5f,,,-90,1,2412,False,False
1778943655.3061478,control,rts,8e:8e:6f:93:93:5f,70:0b:01:45:f0:90,70:0b:01:45:f0:90,8e:8e:6f:93:93:5f,,,-90,1,2412,False,False
1778943655.3076324,control,rts,8e:8e:6f:93:93:5f,70:0b:01:45:f0:90,70:0b:01:45:f0:90,8e:8e:6f:93:93:5f,,,-90,1,2412,False,False
1778943655.351097,management,beacon,d8:d7:75:45:81:24,ff:ff:ff:ff:ff:ff,ff:ff:ff:ff:ff:ff,d8:d7:75:45:81:24,d8:d7:75:45:81:24,FunBox2-8124,-47,1,2412,False,False
1778943655.352277,data,null_data,50:02:91:e8:18:ec,d8:d7:75:45:81:24,d8:d7:75:45:81:24,50:02:91:e8:18:ec,d8:d7:75:45:81:24,,-84,1,2412,False,False
1778943655.3522837,control,ack,,50:02:91:e8:18:ec,50:02:91:e8:18:ec,,,,-49,1,2412,False,False
1778943655.3772216,data,null_data,8e:8e:6f:93:93:5f,70:0b:01:45:f0:90,70:0b:01:45:f0:90,8e:8e:6f:93:93:5f,70:0b:01:45:f0:90,,-86,1,2412,False,True
1778943655.3855782,data,null_data,8e:8e:6f:93:93:5f,70:0b:01:45:f0:90,70:0b:01:45:f0:90,8e:8e:6f:93:93:5f,70:0b:01:45:f0:90,,-92,1,2412,False,True
1778943655.3863542,data,null_data,8e:8e:6f:93:93:5f,70:0b:01:45:f0:90,70:0b:01:45:f0:90,8e:8e:6f:93:93:5f,70:0b:01:45:f0:90,,-91,1,2412,False,True
1778943655.454742,management,beacon,d8:d7:75:45:81:24,ff:ff:ff:ff:ff:ff,ff:ff:ff:ff:ff:ff,d8:d7:75:45:81:24,d8:d7:75:45:81:24,FunBox2-8124,-40,1,2412,False,False
1778943655.5131094,control,ack,,50:02:91:e8:18:ec,50:02:91:e8:18:ec,,,,-49,1,2412,False,False
1778943655.555864,management,beacon,d8:d7:75:45:81:24,ff:ff:ff:ff:ff:ff,ff:ff:ff:ff:ff:ff,d8:d7:75:45:81:24,d8:d7:75:45:81:24,FunBox2-8124,-47,1,2412,False,False
1778943655.6583254,management,beacon,d8:d7:75:45:81:24,ff:ff:ff:ff:ff:ff,ff:ff:ff:ff:ff:ff,d8:d7:75:45:81:24,d8:d7:75:45:81:24,FunBox2-8124,-42,1,2412,False,False
1778943655.8630943,management,beacon,d8:d7:75:45:81:24,ff:ff:ff:ff:ff:ff,ff:ff:ff:ff:ff:ff,d8:d7:75:45:81:24,d8:d7:75:45:81:24,FunBox2-8124,-43,1,2412,False,False
1778943655.927798,data,null_data,8e:8e:6f:93:93:5f,70:0b:01:45:f0:90,70:0b:01:45:f0:90,8e:8e:6f:93:93:5f,70:0b:01:45:f0:90,,-87,1,2412,False,False
1778943655.9301438,data,null_data,8e:8e:6f:93:93:5f,70:0b:01:45:f0:90,70:0b:01:45:f0:90,8e:8e:6f:93:93:5f,70:0b:01:45:f0:90,,-88,1,2412,False,True
1778943655.930944,data,null_data,8e:8e:6f:93:93:5f,70:0b:01:45:f0:90,70:0b:01:45:f0:90,8e:8e:6f:93:93:5f,70:0b:01:45:f0:90,,-89,1,2412,False,True
1778943655.933346,control,rts,8e:8e:6f:93:93:5f,70:0b:01:45:f0:90,70:0b:01:45:f0:90,8e:8e:6f:93:93:5f,,,-86,1,2412,False,False
1778943655.937073,control,rts,8e:8e:6f:93:93:5f,70:0b:01:45:f0:90,70:0b:01:45:f0:90,8e:8e:6f:93:93:5f,,,-87,1,2412,False,False
1778943655.9377947,control,rts,8e:8e:6f:93:93:5f,70:0b:01:45:f0:90,70:0b:01:45:f0:90,8e:8e:6f:93:93:5f,,,-89,1,2412,False,False
1778943655.943729,data,null_data,8e:8e:6f:93:93:5f,70:0b:01:45:f0:90,70:0b:01:45:f0:90,8e:8e:6f:93:93:5f,70:0b:01:45:f0:90,,-89,1,2412,False,False
1778943655.9482906,data,null_data,8e:8e:6f:93:93:5f,70:0b:01:45:f0:90,70:0b:01:45:f0:90,8e:8e:6f:93:93:5f,70:0b:01:45:f0:90,,-86,1,2412,False,True
1778943655.9534183,data,null_data,8e:8e:6f:93:93:5f,70:0b:01:45:f0:90,70:0b:01:45:f0:90,8e:8e:6f:93:93:5f,70:0b:01:45:f0:90,,-86,1,2412,False,False
1778943655.9599762,data,null_data,8e:8e:6f:93:93:5f,70:0b:01:45:f0:90,70:0b:01:45:f0:90,8e:8e:6f:93:93:5f,70:0b:01:45:f0:90,,-91,1,2412,False,True
1778943655.9612422,data,null_data,8e:8e:6f:93:93:5f,70:0b:01:45:f0:90,70:0b:01:45:f0:90,8e:8e:6f:93:93:5f,70:0b:01:45:f0:90,,-86,1,2412,False,True
1778943655.9655004,management,beacon,d8:d7:75:45:81:24,ff:ff:ff:ff:ff:ff,ff:ff:ff:ff:ff:ff,d8:d7:75:45:81:24,d8:d7:75:45:81:24,FunBox2-8124,-44,1,2412,False,False
1778943656.0546875,data,null_data,8e:8e:6f:93:93:5f,70:0b:01:45:f0:90,70:0b:01:45:f0:90,8e:8e:6f:93:93:5f,70:0b:01:45:f0:90,,-91,1,2412,False,True
1778943656.059635,data,null_data,8e:8e:6f:93:93:5f,70:0b:01:45:f0:90,70:0b:01:45:f0:90,8e:8e:6f:93:93:5f,70:0b:01:45:f0:90,,-90,1,2412,False,True
1778943656.1703167,management,beacon,d8:d7:75:45:81:24,ff:ff:ff:ff:ff:ff,ff:ff:ff:ff:ff:ff,d8:d7:75:45:81:24,d8:d7:75:45:81:24,FunBox2-8124,-45,1,2412,False,False
1778943656.375096,management,beacon,d8:d7:75:45:81:24,ff:ff:ff:ff:ff:ff,ff:ff:ff:ff:ff:ff,d8:d7:75:45:81:24,d8:d7:75:45:81:24,FunBox2-8124,-45,1,2412,False,False
1778943656.477514,management,beacon,d8:d7:75:45:81:24,ff:ff:ff:ff:ff:ff,ff:ff:ff:ff:ff:ff,d8:d7:75:45:81:24,d8:d7:75:45:81:24,FunBox2-8124,-45,1,2412,False,False
1778943656.5799556,management,beacon,d8:d7:75:45:81:24,ff:ff:ff:ff:ff:ff,ff:ff:ff:ff:ff:ff,d8:d7:75:45:81:24,d8:d7:75:45:81:24,FunBox2-8124,-44,1,2412,False,False
1778943656.6823163,management,beacon,d8:d7:75:45:81:24,ff:ff:ff:ff:ff:ff,ff:ff:ff:ff:ff:ff,d8:d7:75:45:81:24,d8:d7:75:45:81:24,FunBox2-8124,-44,1,2412,False,False
1778943656.7847023,management,beacon,d8:d7:75:45:81:24,ff:ff:ff:ff:ff:ff,ff:ff:ff:ff:ff:ff,d8:d7:75:45:81:24,d8:d7:75:45:81:24,FunBox2-8124,-43,1,2412,False,False
1778943656.8870993,management,beacon,d8:d7:75:45:81:24,ff:ff:ff:ff:ff:ff,ff:ff:ff:ff:ff:ff,d8:d7:75:45:81:24,d8:d7:75:45:81:24,FunBox2-8124,-41,1,2412,False,False
1778943656.888303,data,null_data,50:02:91:e8:18:ec,d8:d7:75:45:81:24,d8:d7:75:45:81:24,50:02:91:e8:18:ec,d8:d7:75:45:81:24,,-81,1,2412,False,False
1778943656.888308,control,ack,,50:02:91:e8:18:ec,50:02:91:e8:18:ec,,,,-46,1,2412,False,False
1778943656.9895236,management,beacon,d8:d7:75:45:81:24,ff:ff:ff:ff:ff:ff,ff:ff:ff:ff:ff:ff,d8:d7:75:45:81:24,d8:d7:75:45:81:24,FunBox2-8124,-44,1,2412,False,False
1778943657.0491529,data,null_data,50:02:91:e8:18:ec,d8:d7:75:45:81:24,d8:d7:75:45:81:24,50:02:91:e8:18:ec,d8:d7:75:45:81:24,,-83,1,2412,False,False
1778943657.049161,control,ack,,50:02:91:e8:18:ec,50:02:91:e8:18:ec,,,,-44,1,2412,False,False
1778943657.0919466,management,beacon,d8:d7:75:45:81:24,ff:ff:ff:ff:ff:ff,ff:ff:ff:ff:ff:ff,d8:d7:75:45:81:24,d8:d7:75:45:81:24,FunBox2-8124,-41,1,2412,False,False
1778943657.1943755,management,beacon,d8:d7:75:45:81:24,ff:ff:ff:ff:ff:ff,ff:ff:ff:ff:ff:ff,d8:d7:75:45:81:24,d8:d7:75:45:81:24,FunBox2-8124,-47,1,2412,False,False
1778943657.2967734,management,beacon,d8:d7:75:45:81:24,ff:ff:ff:ff:ff:ff,ff:ff:ff:ff:ff:ff,d8:d7:75:45:81:24,d8:d7:75:45:81:24,FunBox2-8124,-48,1,2412,False,False
1778943657.3991127,management,beacon,d8:d7:75:45:81:24,ff:ff:ff:ff:ff:ff,ff:ff:ff:ff:ff:ff,d8:d7:75:45:81:24,d8:d7:75:45:81:24,FunBox2-8124,-41,1,2412,False,False
1778943657.5015414,management,beacon,d8:d7:75:45:81:24,ff:ff:ff:ff:ff:ff,ff:ff:ff:ff:ff:ff,d8:d7:75:45:81:24,d8:d7:75:45:81:24,FunBox2-8124,-42,1,2412,False,False
1778943657.6039715,management,beacon,d8:d7:75:45:81:24,ff:ff:ff:ff:ff:ff,ff:ff:ff:ff:ff:ff,d8:d7:75:45:81:24,d8:d7:75:45:81:24,FunBox2-8124,-47,1,2412,False,False
1778943657.7063663,management,beacon,d8:d7:75:45:81:24,ff:ff:ff:ff:ff:ff,ff:ff:ff:ff:ff:ff,d8:d7:75:45:81:24,d8:d7:75:45:81:24,FunBox2-8124,-46,1,2412,False,False
1778943657.8087463,management,beacon,d8:d7:75:45:81:24,ff:ff:ff:ff:ff:ff,ff:ff:ff:ff:ff:ff,d8:d7:75:45:81:24,d8:d7:75:45:81:24,FunBox2-8124,-41,1,2412,False,False
1778943657.911174,management,beacon,d8:d7:75:45:81:24,ff:ff:ff:ff:ff:ff,ff:ff:ff:ff:ff:ff,d8:d7:75:45:81:24,d8:d7:75:45:81:24,FunBox2-8124,-43,1,2412,False,False
1778943658.0135763,management,beacon,d8:d7:75:45:81:24,ff:ff:ff:ff:ff:ff,ff:ff:ff:ff:ff:ff,d8:d7:75:45:81:24,d8:d7:75:45:81:24,FunBox2-8124,-41,1,2412,False,False
1778943658.1159642,management,beacon,d8:d7:75:45:81:24,ff:ff:ff:ff:ff:ff,ff:ff:ff:ff:ff:ff,d8:d7:75:45:81:24,d8:d7:75:45:81:24,FunBox2-8124,-41,1,2412,False,False
1778943658.2184024,management,beacon,d8:d7:75:45:81:24,ff:ff:ff:ff:ff:ff,ff:ff:ff:ff:ff:ff,d8:d7:75:45:81:24,d8:d7:75:45:81:24,FunBox2-8124,-49,1,2412,False,False
1778943658.3207703,management,beacon,d8:d7:75:45:81:24,ff:ff:ff:ff:ff:ff,ff:ff:ff:ff:ff:ff,d8:d7:75:45:81:24,d8:d7:75:45:81:24,FunBox2-8124,-43,1,2412,False,False
1778943658.4231856,management,beacon,d8:d7:75:45:81:24,ff:ff:ff:ff:ff:ff,ff:ff:ff:ff:ff:ff,d8:d7:75:45:81:24,d8:d7:75:45:81:24,FunBox2-8124,-42,1,2412,False,False
1778943658.525579,management,beacon,d8:d7:75:45:81:24,ff:ff:ff:ff:ff:ff,ff:ff:ff:ff:ff:ff,d8:d7:75:45:81:24,d8:d7:75:45:81:24,FunBox2-8124,-44,1,2412,False,False
1778943658.526767,data,null_data,50:02:91:e8:18:ec,d8:d7:75:45:81:24,d8:d7:75:45:81:24,50:02:91:e8:18:ec,d8:d7:75:45:81:24,,-85,1,2412,False,False
1778943658.526772,control,ack,,50:02:91:e8:18:ec,50:02:91:e8:18:ec,,,,-44,1,2412,False,False
1778943658.5913177,data,null_data,8e:8e:6f:93:93:5f,70:0b:01:45:f0:90,70:0b:01:45:f0:90,8e:8e:6f:93:93:5f,70:0b:01:45:f0:90,,-87,1,2412,False,False
1778943658.6212504,data,qos_data,8e:8e:6f:93:93:5f,70:0b:01:45:f0:90,70:0b:01:45:f0:90,8e:8e:6f:93:93:5f,70:0b:01:45:f0:90,,-91,1,2412,True,True
1778943658.6279557,management,beacon,d8:d7:75:45:81:24,ff:ff:ff:ff:ff:ff,ff:ff:ff:ff:ff:ff,d8:d7:75:45:81:24,d8:d7:75:45:81:24,FunBox2-8124,-43,1,2412,False,False
1778943658.6876466,data,null_data,50:02:91:e8:18:ec,d8:d7:75:45:81:24,d8:d7:75:45:81:24,50:02:91:e8:18:ec,d8:d7:75:45:81:24,,-84,1,2412,False,False
1778943658.6876614,control,ack,,50:02:91:e8:18:ec,50:02:91:e8:18:ec,,,,-45,1,2412,False,False
1778943658.7308774,management,beacon,d8:d7:75:45:81:24,ff:ff:ff:ff:ff:ff,ff:ff:ff:ff:ff:ff,d8:d7:75:45:81:24,d8:d7:75:45:81:24,FunBox2-8124,-47,1,2412,False,False
1778943658.8328245,management,beacon,d8:d7:75:45:81:24,ff:ff:ff:ff:ff:ff,ff:ff:ff:ff:ff:ff,d8:d7:75:45:81:24,d8:d7:75:45:81:24,FunBox2-8124,-46,1,2412,False,False
1778943658.9352427,management,beacon,d8:d7:75:45:81:24,ff:ff:ff:ff:ff:ff,ff:ff:ff:ff:ff:ff,d8:d7:75:45:81:24,d8:d7:75:45:81:24,FunBox2-8124,-48,1,2412,False,False
1778943659.0375977,management,beacon,d8:d7:75:45:81:24,ff:ff:ff:ff:ff:ff,ff:ff:ff:ff:ff:ff,d8:d7:75:45:81:24,d8:d7:75:45:81:24,FunBox2-8124,-48,1,2412,False,False
1778943659.1400526,management,beacon,d8:d7:75:45:81:24,ff:ff:ff:ff:ff:ff,ff:ff:ff:ff:ff:ff,d8:d7:75:45:81:24,d8:d7:75:45:81:24,FunBox2-8124,-42,1,2412,False,False
1778943659.2424252,management,beacon,d8:d7:75:45:81:24,ff:ff:ff:ff:ff:ff,ff:ff:ff:ff:ff:ff,d8:d7:75:45:81:24,d8:d7:75:45:81:24,FunBox2-8124,-43,1,2412,False,False
1778943659.3448403,management,beacon,d8:d7:75:45:81:24,ff:ff:ff:ff:ff:ff,ff:ff:ff:ff:ff:ff,d8:d7:75:45:81:24,d8:d7:75:45:81:24,FunBox2-8124,-42,1,2412,False,False
1778943659.447206,management,beacon,d8:d7:75:45:81:24,ff:ff:ff:ff:ff:ff,ff:ff:ff:ff:ff:ff,d8:d7:75:45:81:24,d8:d7:75:45:81:24,FunBox2-8124,-47,1,2412,False,False
1778943659.4915779,data,null_data,8e:8e:6f:93:93:5f,70:0b:01:45:f0:90,70:0b:01:45:f0:90,8e:8e:6f:93:93:5f,70:0b:01:45:f0:90,,-93,1,2412,False,True
1778943659.5495949,management,beacon,d8:d7:75:45:81:24,ff:ff:ff:ff:ff:ff,ff:ff:ff:ff:ff:ff,d8:d7:75:45:81:24,d8:d7:75:45:81:24,FunBox2-8124,-43,1,2412,False,False
1778943659.5881557,data,null_data,8e:8e:6f:93:93:5f,70:0b:01:45:f0:90,70:0b:01:45:f0:90,8e:8e:6f:93:93:5f,70:0b:01:45:f0:90,,-90,1,2412,False,False
1778943659.6251497,data,null_data,50:02:91:e8:18:ec,d8:d7:75:45:81:24,d8:d7:75:45:81:24,50:02:91:e8:18:ec,d8:d7:75:45:81:24,,-83,1,2412,False,False
1778943659.6251612,control,ack,,50:02:91:e8:18:ec,50:02:91:e8:18:ec,,,,-45,1,2412,False,False
1778943659.6520128,management,beacon,d8:d7:75:45:81:24,ff:ff:ff:ff:ff:ff,ff:ff:ff:ff:ff:ff,d8:d7:75:45:81:24,d8:d7:75:45:81:24,FunBox2-8124,-42,1,2412,False,False
1778943659.7202816,data,data,d8:d7:75:45:81:24,01:00:5e:7f:ff:fa,01:00:5e:7f:ff:fa,d8:d7:75:45:81:24,e6:12:a8:93:5a:78,,-42,1,2412,True,False
1778943659.7205865,control,ack,,d8:d7:75:45:81:24,d8:d7:75:45:81:24,,,,-88,1,2412,False,False
1778943659.7543952,management,beacon,d8:d7:75:45:81:24,ff:ff:ff:ff:ff:ff,ff:ff:ff:ff:ff:ff,d8:d7:75:45:81:24,d8:d7:75:45:81:24,FunBox2-8124,-45,1,2412,False,False
1778943659.8568833,management,beacon,d8:d7:75:45:81:24,ff:ff:ff:ff:ff:ff,ff:ff:ff:ff:ff:ff,d8:d7:75:45:81:24,d8:d7:75:45:81:24,FunBox2-8124,-45,1,2412,False,False
1778943659.8810818,data,null_data,50:02:91:e8:18:ec,d8:d7:75:45:81:24,d8:d7:75:45:81:24,50:02:91:e8:18:ec,d8:d7:75:45:81:24,,-84,1,2412,False,False
1778943659.8810914,control,ack,,50:02:91:e8:18:ec,50:02:91:e8:18:ec,,,,-44,1,2412,False,False
1778943659.9592545,management,beacon,d8:d7:75:45:81:24,ff:ff:ff:ff:ff:ff,ff:ff:ff:ff:ff:ff,d8:d7:75:45:81:24,d8:d7:75:45:81:24,FunBox2-8124,-43,1,2412,False,False
1778943660.0616188,management,beacon,d8:d7:75:45:81:24,ff:ff:ff:ff:ff:ff,ff:ff:ff:ff:ff:ff,d8:d7:75:45:81:24,d8:d7:75:45:81:24,FunBox2-8124,-41,1,2412,False,False
1778943660.1640112,management,beacon,d8:d7:75:45:81:24,ff:ff:ff:ff:ff:ff,ff:ff:ff:ff:ff:ff,d8:d7:75:45:81:24,d8:d7:75:45:81:24,FunBox2-8124,-47,1,2412,False,False
1778943660.2664645,management,beacon,d8:d7:75:45:81:24,ff:ff:ff:ff:ff:ff,ff:ff:ff:ff:ff:ff,d8:d7:75:45:81:24,d8:d7:75:45:81:24,FunBox2-8124,-47,1,2412,False,False
1778943660.2685378,data,data,d8:d7:75:45:81:24,33:33:00:00:00:01,33:33:00:00:00:01,d8:d7:75:45:81:24,d8:d7:75:45:81:24,,-48,1,2412,True,False
1778943660.269032,control,ack,,d8:d7:75:45:81:24,d8:d7:75:45:81:24,,,,-87,1,2412,False,False
1778943660.2690346,data,null_data,50:02:91:e8:18:ec,d8:d7:75:45:81:24,d8:d7:75:45:81:24,50:02:91:e8:18:ec,d8:d7:75:45:81:24,,-83,1,2412,False,False
1778943660.2690363,control,ack,,50:02:91:e8:18:ec,50:02:91:e8:18:ec,,,,-45,1,2412,False,False
1778943660.269263,control,ack,,50:02:91:e8:18:ec,50:02:91:e8:18:ec,,,,-45,1,2412,False,False
1778943660.271164,control,ack,,d8:d7:75:45:81:24,d8:d7:75:45:81:24,,,,-88,1,2412,False,False
1778943660.272917,data,data,d8:d7:75:45:81:24,33:33:00:00:00:16,33:33:00:00:00:16,d8:d7:75:45:81:24,a8:5e:45:c6:9f:b7,,-44,1,2412,True,False
1778943660.3688354,management,beacon,d8:d7:75:45:81:24,ff:ff:ff:ff:ff:ff,ff:ff:ff:ff:ff:ff,d8:d7:75:45:81:24,d8:d7:75:45:81:24,FunBox2-8124,-41,1,2412,False,False
1778943660.4336507,control,ack,,50:02:91:e8:18:ec,50:02:91:e8:18:ec,,,,-43,1,2412,False,False
1778943660.4712443,management,beacon,d8:d7:75:45:81:24,ff:ff:ff:ff:ff:ff,ff:ff:ff:ff:ff:ff,d8:d7:75:45:81:24,d8:d7:75:45:81:24,FunBox2-8124,-43,1,2412,False,False
1778943660.5736485,management,beacon,d8:d7:75:45:81:24,ff:ff:ff:ff:ff:ff,ff:ff:ff:ff:ff:ff,d8:d7:75:45:81:24,d8:d7:75:45:81:24,FunBox2-8124,-46,1,2412,False,False
1778943660.778437,management,beacon,d8:d7:75:45:81:24,ff:ff:ff:ff:ff:ff,ff:ff:ff:ff:ff:ff,d8:d7:75:45:81:24,d8:d7:75:45:81:24,FunBox2-8124,-43,1,2412,False,False
1778943660.8808656,management,beacon,d8:d7:75:45:81:24,ff:ff:ff:ff:ff:ff,ff:ff:ff:ff:ff:ff,d8:d7:75:45:81:24,d8:d7:75:45:81:24,FunBox2-8124,-42,1,2412,False,False
1778943660.98327,management,beacon,d8:d7:75:45:81:24,ff:ff:ff:ff:ff:ff,ff:ff:ff:ff:ff:ff,d8:d7:75:45:81:24,d8:d7:75:45:81:24,FunBox2-8124,-47,1,2412,False,False
1778943661.0857008,management,beacon,d8:d7:75:45:81:24,ff:ff:ff:ff:ff:ff,ff:ff:ff:ff:ff:ff,d8:d7:75:45:81:24,d8:d7:75:45:81:24,FunBox2-8124,-43,1,2412,False,False
1778943661.1880763,management,beacon,d8:d7:75:45:81:24,ff:ff:ff:ff:ff:ff,ff:ff:ff:ff:ff:ff,d8:d7:75:45:81:24,d8:d7:75:45:81:24,FunBox2-8124,-46,1,2412,False,False
1778943661.2905104,management,beacon,d8:d7:75:45:81:24,ff:ff:ff:ff:ff:ff,ff:ff:ff:ff:ff:ff,d8:d7:75:45:81:24,d8:d7:75:45:81:24,FunBox2-8124,-47,1,2412,False,False
1778943661.3928692,management,beacon,d8:d7:75:45:81:24,ff:ff:ff:ff:ff:ff,ff:ff:ff:ff:ff:ff,d8:d7:75:45:81:24,d8:d7:75:45:81:24,FunBox2-8124,-43,1,2412,False,False
1778943661.4952908,management,beacon,d8:d7:75:45:81:24,ff:ff:ff:ff:ff:ff,ff:ff:ff:ff:ff:ff,d8:d7:75:45:81:24,d8:d7:75:45:81:24,FunBox2-8124,-48,1,2412,False,False
1778943661.5991213,management,beacon,d8:d7:75:45:81:24,ff:ff:ff:ff:ff:ff,ff:ff:ff:ff:ff:ff,d8:d7:75:45:81:24,d8:d7:75:45:81:24,FunBox2-8124,-50,1,2412,False,False
1778943661.7000866,management,beacon,d8:d7:75:45:81:24,ff:ff:ff:ff:ff:ff,ff:ff:ff:ff:ff:ff,d8:d7:75:45:81:24,d8:d7:75:45:81:24,FunBox2-8124,-41,1,2412,False,False
1778943661.8028193,management,beacon,d8:d7:75:45:81:24,ff:ff:ff:ff:ff:ff,ff:ff:ff:ff:ff:ff,d8:d7:75:45:81:24,d8:d7:75:45:81:24,FunBox2-8124,-43,1,2412,False,False
1778943661.9053583,management,beacon,d8:d7:75:45:81:24,ff:ff:ff:ff:ff:ff,ff:ff:ff:ff:ff:ff,d8:d7:75:45:81:24,d8:d7:75:45:81:24,FunBox2-8124,-44,1,2412,False,False
1778943662.0073514,management,beacon,d8:d7:75:45:81:24,ff:ff:ff:ff:ff:ff,ff:ff:ff:ff:ff:ff,d8:d7:75:45:81:24,d8:d7:75:45:81:24,FunBox2-8124,-44,1,2412,False,False
1778943662.109733,management,beacon,d8:d7:75:45:81:24,ff:ff:ff:ff:ff:ff,ff:ff:ff:ff:ff:ff,d8:d7:75:45:81:24,d8:d7:75:45:81:24,FunBox2-8124,-46,1,2412,False,False
1778943662.1109142,data,null_data,50:02:91:e8:18:ec,d8:d7:75:45:81:24,d8:d7:75:45:81:24,50:02:91:e8:18:ec,d8:d7:75:45:81:24,,-84,1,2412,False,False
1778943662.1109176,control,ack,,50:02:91:e8:18:ec,50:02:91:e8:18:ec,,,,-49,1,2412,False,False
1778943662.2121694,management,beacon,d8:d7:75:45:81:24,ff:ff:ff:ff:ff:ff,ff:ff:ff:ff:ff:ff,d8:d7:75:45:81:24,d8:d7:75:45:81:24,FunBox2-8124,-42,1,2412,False,False
1778943662.2719448,data,null_data,50:02:91:e8:18:ec,d8:d7:75:45:81:24,d8:d7:75:45:81:24,50:02:91:e8:18:ec,d8:d7:75:45:81:24,,-83,1,2412,False,True
1778943662.2728126,control,ack,,50:02:91:e8:18:ec,50:02:91:e8:18:ec,,,,-47,1,2412,False,False
1778943662.3145387,management,beacon,d8:d7:75:45:81:24,ff:ff:ff:ff:ff:ff,ff:ff:ff:ff:ff:ff,d8:d7:75:45:81:24,d8:d7:75:45:81:24,FunBox2-8124,-41,1,2412,False,False
1778943662.4169245,management,beacon,d8:d7:75:45:81:24,ff:ff:ff:ff:ff:ff,ff:ff:ff:ff:ff:ff,d8:d7:75:45:81:24,d8:d7:75:45:81:24,FunBox2-8124,-44,1,2412,False,False
1778943662.5192974,management,beacon,d8:d7:75:45:81:24,ff:ff:ff:ff:ff:ff,ff:ff:ff:ff:ff:ff,d8:d7:75:45:81:24,d8:d7:75:45:81:24,FunBox2-8124,-41,1,2412,False,False
1778943662.6217017,management,beacon,d8:d7:75:45:81:24,ff:ff:ff:ff:ff:ff,ff:ff:ff:ff:ff:ff,d8:d7:75:45:81:24,d8:d7:75:45:81:24,FunBox2-8124,-47,1,2412,False,False
1778943662.724172,management,beacon,d8:d7:75:45:81:24,ff:ff:ff:ff:ff:ff,ff:ff:ff:ff:ff:ff,d8:d7:75:45:81:24,d8:d7:75:45:81:24,FunBox2-8124,-41,1,2412,False,False
1778943662.8265193,management,beacon,d8:d7:75:45:81:24,ff:ff:ff:ff:ff:ff,ff:ff:ff:ff:ff:ff,d8:d7:75:45:81:24,d8:d7:75:45:81:24,FunBox2-8124,-41,1,2412,False,False
1778943662.9289768,management,beacon,d8:d7:75:45:81:24,ff:ff:ff:ff:ff:ff,ff:ff:ff:ff:ff:ff,d8:d7:75:45:81:24,d8:d7:75:45:81:24,FunBox2-8124,-47,1,2412,False,False
1778943663.031347,management,beacon,d8:d7:75:45:81:24,ff:ff:ff:ff:ff:ff,ff:ff:ff:ff:ff:ff,d8:d7:75:45:81:24,d8:d7:75:45:81:24,FunBox2-8124,-41,1,2412,False,False
1778943663.032664,data,data,d8:d7:75:45:81:24,33:33:00:00:00:01,33:33:00:00:00:01,d8:d7:75:45:81:24,d8:d7:75:45:81:24,,-41,1,2412,True,False
1778943663.0331464,control,ack,,50:02:91:e8:18:ec,50:02:91:e8:18:ec,,,,-44,1,2412,False,False
1778943663.1337237,management,beacon,d8:d7:75:45:81:24,ff:ff:ff:ff:ff:ff,ff:ff:ff:ff:ff:ff,d8:d7:75:45:81:24,d8:d7:75:45:81:24,FunBox2-8124,-42,1,2412,False,False
1778943663.1940963,control,ack,,50:02:91:e8:18:ec,50:02:91:e8:18:ec,,,,-49,1,2412,False,False
1778943663.2361894,management,beacon,d8:d7:75:45:81:24,ff:ff:ff:ff:ff:ff,ff:ff:ff:ff:ff:ff,d8:d7:75:45:81:24,d8:d7:75:45:81:24,FunBox2-8124,-42,1,2412,False,False
1778943663.3385463,management,beacon,d8:d7:75:45:81:24,ff:ff:ff:ff:ff:ff,ff:ff:ff:ff:ff:ff,d8:d7:75:45:81:24,d8:d7:75:45:81:24,FunBox2-8124,-41,1,2412,False,False
1778943663.440933,management,beacon,d8:d7:75:45:81:24,ff:ff:ff:ff:ff:ff,ff:ff:ff:ff:ff:ff,d8:d7:75:45:81:24,d8:d7:75:45:81:24,FunBox2-8124,-47,1,2412,False,False
1778943663.543391,management,beacon,d8:d7:75:45:81:24,ff:ff:ff:ff:ff:ff,ff:ff:ff:ff:ff:ff,d8:d7:75:45:81:24,d8:d7:75:45:81:24,FunBox2-8124,-47,1,2412,False,False
1778943663.6458087,management,beacon,d8:d7:75:45:81:24,ff:ff:ff:ff:ff:ff,ff:ff:ff:ff:ff:ff,d8:d7:75:45:81:24,d8:d7:75:45:81:24,FunBox2-8124,-42,1,2412,False,False
1778943663.7481802,management,beacon,d8:d7:75:45:81:24,ff:ff:ff:ff:ff:ff,ff:ff:ff:ff:ff:ff,d8:d7:75:45:81:24,d8:d7:75:45:81:24,FunBox2-8124,-41,1,2412,False,False
1778943663.8553667,management,beacon,d8:d7:75:45:81:24,ff:ff:ff:ff:ff:ff,ff:ff:ff:ff:ff:ff,d8:d7:75:45:81:24,d8:d7:75:45:81:24,FunBox2-8124,-48,1,2412,False,False
1778943663.952977,management,beacon,d8:d7:75:45:81:24,ff:ff:ff:ff:ff:ff,ff:ff:ff:ff:ff:ff,d8:d7:75:45:81:24,d8:d7:75:45:81:24,FunBox2-8124,-41,1,2412,False,False
1778943664.05538,management,beacon,d8:d7:75:45:81:24,ff:ff:ff:ff:ff:ff,ff:ff:ff:ff:ff:ff,d8:d7:75:45:81:24,d8:d7:75:45:81:24,FunBox2-8124,-47,1,2412,False,False
1778943664.157825,management,beacon,d8:d7:75:45:81:24,ff:ff:ff:ff:ff:ff,ff:ff:ff:ff:ff:ff,d8:d7:75:45:81:24,d8:d7:75:45:81:24,FunBox2-8124,-48,1,2412,False,False
1778943664.2428083,control,rts,54:35:30:cf:ee:1e,d8:d7:75:45:81:24,d8:d7:75:45:81:24,54:35:30:cf:ee:1e,,,-56,1,2412,False,False
1778943664.2428212,control,cts,,54:35:30:cf:ee:1e,54:35:30:cf:ee:1e,,,,-44,1,2412,False,False
1778943664.2428257,data,qos_data,54:35:30:cf:ee:1e,d8:d7:75:45:81:24,d8:d7:75:45:81:24,54:35:30:cf:ee:1e,ff:ff:ff:ff:ff:ff,,-57,1,2412,True,False
1778943664.2428315,control,block_ack,d8:d7:75:45:81:24,54:35:30:cf:ee:1e,54:35:30:cf:ee:1e,d8:d7:75:45:81:24,,,-44,1,2412,False,False
1778943664.2602456,management,beacon,d8:d7:75:45:81:24,ff:ff:ff:ff:ff:ff,ff:ff:ff:ff:ff:ff,d8:d7:75:45:81:24,d8:d7:75:45:81:24,FunBox2-8124,-42,1,2412,False,False
1778943664.2613363,data,data,d8:d7:75:45:81:24,33:33:00:00:00:02,33:33:00:00:00:02,d8:d7:75:45:81:24,a8:5e:45:c6:9f:b7,,-42,1,2412,True,False
1778943664.2618492,control,ack,,d8:d7:75:45:81:24,d8:d7:75:45:81:24,,,,-86,1,2412,False,False
1778943664.2618515,data,null_data,50:02:91:e8:18:ec,d8:d7:75:45:81:24,d8:d7:75:45:81:24,50:02:91:e8:18:ec,d8:d7:75:45:81:24,,-85,1,2412,False,False
1778943664.2618532,control,ack,,50:02:91:e8:18:ec,50:02:91:e8:18:ec,,,,-44,1,2412,False,False
1778943664.2639546,data,data,d8:d7:75:45:81:24,33:33:00:00:00:01,33:33:00:00:00:01,d8:d7:75:45:81:24,d8:d7:75:45:81:24,,-42,1,2412,True,False
1778943664.2655766,data,data,d8:d7:75:45:81:24,33:33:00:00:00:16,33:33:00:00:00:16,d8:d7:75:45:81:24,a8:5e:45:c6:9f:b7,,-42,1,2412,True,False
1778943664.267095,data,data,d8:d7:75:45:81:24,ff:ff:ff:ff:ff:ff,ff:ff:ff:ff:ff:ff,d8:d7:75:45:81:24,54:35:30:cf:ee:1e,,-41,1,2412,True,False
1778943664.2674086,control,ack,,d8:d7:75:45:81:24,d8:d7:75:45:81:24,,,,-89,1,2412,False,False
1778943664.303587,data,null_data,8e:8e:6f:93:93:5f,70:0b:01:45:f0:90,70:0b:01:45:f0:90,8e:8e:6f:93:93:5f,70:0b:01:45:f0:90,,-89,1,2412,False,True
1778943664.3141656,data,null_data,8e:8e:6f:93:93:5f,70:0b:01:45:f0:90,70:0b:01:45:f0:90,8e:8e:6f:93:93:5f,70:0b:01:45:f0:90,,-90,1,2412,False,True
1778943664.3626509,management,beacon,d8:d7:75:45:81:24,ff:ff:ff:ff:ff:ff,ff:ff:ff:ff:ff:ff,d8:d7:75:45:81:24,d8:d7:75:45:81:24,FunBox2-8124,-49,1,2412,False,False
1778943664.4649825,management,beacon,d8:d7:75:45:81:24,ff:ff:ff:ff:ff:ff,ff:ff:ff:ff:ff:ff,d8:d7:75:45:81:24,d8:d7:75:45:81:24,FunBox2-8124,-41,1,2412,False,False
1778943664.4703083,data,null_data,50:02:91:e8:18:ec,d8:d7:75:45:81:24,d8:d7:75:45:81:24,50:02:91:e8:18:ec,d8:d7:75:45:81:24,,-83,1,2412,False,False
1778943664.470315,control,ack,,50:02:91:e8:18:ec,50:02:91:e8:18:ec,,,,-44,1,2412,False,False
1778943664.473762,control,rts,d8:d7:75:45:81:24,54:35:30:cf:ee:1e,54:35:30:cf:ee:1e,d8:d7:75:45:81:24,,,-44,1,2412,False,False
1778943664.4737651,control,cts,,d8:d7:75:45:81:24,d8:d7:75:45:81:24,,,,-56,1,2412,False,False
1778943664.4737668,data,qos_data,d8:d7:75:45:81:24,54:35:30:cf:ee:1e,54:35:30:cf:ee:1e,d8:d7:75:45:81:24,a0:29:42:95:01:2d,,-46,1,2412,True,False
1778943664.4737687,control,block_ack,54:35:30:cf:ee:1e,d8:d7:75:45:81:24,d8:d7:75:45:81:24,54:35:30:cf:ee:1e,,,-56,1,2412,False,False
1778943664.6698318,management,beacon,d8:d7:75:45:81:24,ff:ff:ff:ff:ff:ff,ff:ff:ff:ff:ff:ff,d8:d7:75:45:81:24,d8:d7:75:45:81:24,FunBox2-8124,-49,1,2412,False,False
1778943664.7114944,data,null_data,8e:8e:6f:93:93:5f,70:0b:01:45:f0:90,70:0b:01:45:f0:90,8e:8e:6f:93:93:5f,70:0b:01:45:f0:90,,-89,1,2412,False,True
1778943664.7722373,management,beacon,d8:d7:75:45:81:24,ff:ff:ff:ff:ff:ff,ff:ff:ff:ff:ff:ff,d8:d7:75:45:81:24,d8:d7:75:45:81:24,FunBox2-8124,-42,1,2412,False,False
1778943664.8746362,management,beacon,d8:d7:75:45:81:24,ff:ff:ff:ff:ff:ff,ff:ff:ff:ff:ff:ff,d8:d7:75:45:81:24,d8:d7:75:45:81:24,FunBox2-8124,-41,1,2412,False,False
1778943664.9770327,management,beacon,d8:d7:75:45:81:24,ff:ff:ff:ff:ff:ff,ff:ff:ff:ff:ff:ff,d8:d7:75:45:81:24,d8:d7:75:45:81:24,FunBox2-8124,-41,1,2412,False,False
1778943665.1818438,management,beacon,d8:d7:75:45:81:24,ff:ff:ff:ff:ff:ff,ff:ff:ff:ff:ff:ff,d8:d7:75:45:81:24,d8:d7:75:45:81:24,FunBox2-8124,-47,1,2412,False,False
1778943665.2842727,management,beacon,d8:d7:75:45:81:24,ff:ff:ff:ff:ff:ff,ff:ff:ff:ff:ff:ff,d8:d7:75:45:81:24,d8:d7:75:45:81:24,FunBox2-8124,-44,1,2412,False,False
1778943665.3865938,management,beacon,d8:d7:75:45:81:24,ff:ff:ff:ff:ff:ff,ff:ff:ff:ff:ff:ff,d8:d7:75:45:81:24,d8:d7:75:45:81:24,FunBox2-8124,-49,1,2412,False,False
1778943665.489034,management,beacon,d8:d7:75:45:81:24,ff:ff:ff:ff:ff:ff,ff:ff:ff:ff:ff:ff,d8:d7:75:45:81:24,d8:d7:75:45:81:24,FunBox2-8124,-47,1,2412,False,False
1778943665.6938546,management,beacon,d8:d7:75:45:81:24,ff:ff:ff:ff:ff:ff,ff:ff:ff:ff:ff:ff,d8:d7:75:45:81:24,d8:d7:75:45:81:24,FunBox2-8124,-47,1,2412,False,False
1778943665.89871,management,beacon,d8:d7:75:45:81:24,ff:ff:ff:ff:ff:ff,ff:ff:ff:ff:ff:ff,d8:d7:75:45:81:24,d8:d7:75:45:81:24,FunBox2-8124,-41,1,2412,False,False
1778943666.0011039,management,beacon,d8:d7:75:45:81:24,ff:ff:ff:ff:ff:ff,ff:ff:ff:ff:ff:ff,d8:d7:75:45:81:24,d8:d7:75:45:81:24,FunBox2-8124,-44,1,2412,False,False
1778943666.2058585,management,beacon,d8:d7:75:45:81:24,ff:ff:ff:ff:ff:ff,ff:ff:ff:ff:ff:ff,d8:d7:75:45:81:24,d8:d7:75:45:81:24,FunBox2-8124,-40,1,2412,False,False
1778943666.2070525,data,null_data,50:02:91:e8:18:ec,d8:d7:75:45:81:24,d8:d7:75:45:81:24,50:02:91:e8:18:ec,d8:d7:75:45:81:24,,-83,1,2412,False,False
1778943666.2070558,control,ack,,50:02:91:e8:18:ec,50:02:91:e8:18:ec,,,,-46,1,2412,False,False
1778943666.308313,management,beacon,d8:d7:75:45:81:24,ff:ff:ff:ff:ff:ff,ff:ff:ff:ff:ff:ff,d8:d7:75:45:81:24,d8:d7:75:45:81:24,FunBox2-8124,-47,1,2412,False,False
1778943666.3679016,control,ack,,50:02:91:e8:18:ec,50:02:91:e8:18:ec,,,,-45,1,2412,False,False
1778943666.410718,management,beacon,d8:d7:75:45:81:24,ff:ff:ff:ff:ff:ff,ff:ff:ff:ff:ff:ff,d8:d7:75:45:81:24,d8:d7:75:45:81:24,FunBox2-8124,-42,1,2412,False,False
1778943666.5131257,management,beacon,d8:d7:75:45:81:24,ff:ff:ff:ff:ff:ff,ff:ff:ff:ff:ff:ff,d8:d7:75:45:81:24,d8:d7:75:45:81:24,FunBox2-8124,-42,1,2412,False,False
1778943666.717948,management,beacon,d8:d7:75:45:81:24,ff:ff:ff:ff:ff:ff,ff:ff:ff:ff:ff:ff,d8:d7:75:45:81:24,d8:d7:75:45:81:24,FunBox2-8124,-43,1,2412,False,False
1778943666.8218315,management,beacon,d8:d7:75:45:81:24,ff:ff:ff:ff:ff:ff,ff:ff:ff:ff:ff:ff,d8:d7:75:45:81:24,d8:d7:75:45:81:24,FunBox2-8124,-43,1,2412,False,False
1778943666.9227278,management,beacon,d8:d7:75:45:81:24,ff:ff:ff:ff:ff:ff,ff:ff:ff:ff:ff:ff,d8:d7:75:45:81:24,d8:d7:75:45:81:24,FunBox2-8124,-46,1,2412,False,False
1778943667.2298746,management,beacon,d8:d7:75:45:81:24,ff:ff:ff:ff:ff:ff,ff:ff:ff:ff:ff:ff,d8:d7:75:45:81:24,d8:d7:75:45:81:24,FunBox2-8124,-42,1,2412,False,False
1778943667.3322861,management,beacon,d8:d7:75:45:81:24,ff:ff:ff:ff:ff:ff,ff:ff:ff:ff:ff:ff,d8:d7:75:45:81:24,d8:d7:75:45:81:24,FunBox2-8124,-47,1,2412,False,False
1778943667.434695,management,beacon,d8:d7:75:45:81:24,ff:ff:ff:ff:ff:ff,ff:ff:ff:ff:ff:ff,d8:d7:75:45:81:24,d8:d7:75:45:81:24,FunBox2-8124,-44,1,2412,False,False
1778943667.5370905,management,beacon,d8:d7:75:45:81:24,ff:ff:ff:ff:ff:ff,ff:ff:ff:ff:ff:ff,d8:d7:75:45:81:24,d8:d7:75:45:81:24,FunBox2-8124,-47,1,2412,False,False
1778943667.6407082,data,null_data,50:02:91:e8:18:ec,d8:d7:75:45:81:24,d8:d7:75:45:81:24,50:02:91:e8:18:ec,d8:d7:75:45:81:24,,-84,1,2412,False,False
1778943667.6407373,control,ack,,50:02:91:e8:18:ec,50:02:91:e8:18:ec,,,,-48,1,2412,False,False
1778943667.7419238,management,beacon,d8:d7:75:45:81:24,ff:ff:ff:ff:ff:ff,ff:ff:ff:ff:ff:ff,d8:d7:75:45:81:24,d8:d7:75:45:81:24,FunBox2-8124,-42,1,2412,False,False
1778943667.8015943,data,null_data,50:02:91:e8:18:ec,d8:d7:75:45:81:24,d8:d7:75:45:81:24,50:02:91:e8:18:ec,d8:d7:75:45:81:24,,-83,1,2412,False,False
1778943667.8016117,control,ack,,50:02:91:e8:18:ec,50:02:91:e8:18:ec,,,,-49,1,2412,False,False
1778943667.8443296,management,beacon,d8:d7:75:45:81:24,ff:ff:ff:ff:ff:ff,ff:ff:ff:ff:ff:ff,d8:d7:75:45:81:24,d8:d7:75:45:81:24,FunBox2-8124,-43,1,2412,False,False
1778943667.9467394,management,beacon,d8:d7:75:45:81:24,ff:ff:ff:ff:ff:ff,ff:ff:ff:ff:ff:ff,d8:d7:75:45:81:24,d8:d7:75:45:81:24,FunBox2-8124,-46,1,2412,False,False
1778943668.0491233,management,beacon,d8:d7:75:45:81:24,ff:ff:ff:ff:ff:ff,ff:ff:ff:ff:ff:ff,d8:d7:75:45:81:24,d8:d7:75:45:81:24,FunBox2-8124,-42,1,2412,False,False
1778943668.2539687,management,beacon,d8:d7:75:45:81:24,ff:ff:ff:ff:ff:ff,ff:ff:ff:ff:ff:ff,d8:d7:75:45:81:24,d8:d7:75:45:81:24,FunBox2-8124,-43,1,2412,False,False
1778943668.2559707,data,data,d8:d7:75:45:81:24,33:33:00:00:00:01,33:33:00:00:00:01,d8:d7:75:45:81:24,d8:d7:75:45:81:24,,-44,1,2412,True,False
1778943668.25648,control,ack,,d8:d7:75:45:81:24,d8:d7:75:45:81:24,,,,-85,1,2412,False,False
1778943668.2564826,data,null_data,50:02:91:e8:18:ec,d8:d7:75:45:81:24,d8:d7:75:45:81:24,50:02:91:e8:18:ec,d8:d7:75:45:81:24,,-84,1,2412,False,False
1778943668.256484,control,ack,,50:02:91:e8:18:ec,50:02:91:e8:18:ec,,,,-45,1,2412,False,False
1778943668.3563435,management,beacon,d8:d7:75:45:81:24,ff:ff:ff:ff:ff:ff,ff:ff:ff:ff:ff:ff,d8:d7:75:45:81:24,d8:d7:75:45:81:24,FunBox2-8124,-43,1,2412,False,False
1778943668.4173765,data,null_data,50:02:91:e8:18:ec,d8:d7:75:45:81:24,d8:d7:75:45:81:24,50:02:91:e8:18:ec,d8:d7:75:45:81:24,,-84,1,2412,False,False
1778943668.4173834,control,ack,,50:02:91:e8:18:ec,50:02:91:e8:18:ec,,,,-45,1,2412,False,False
1778943668.4587445,management,beacon,d8:d7:75:45:81:24,ff:ff:ff:ff:ff:ff,ff:ff:ff:ff:ff:ff,d8:d7:75:45:81:24,d8:d7:75:45:81:24,FunBox2-8124,-42,1,2412,False,False
1778943668.5611553,management,beacon,d8:d7:75:45:81:24,ff:ff:ff:ff:ff:ff,ff:ff:ff:ff:ff:ff,d8:d7:75:45:81:24,d8:d7:75:45:81:24,FunBox2-8124,-42,1,2412,False,False
1778943668.765967,management,beacon,d8:d7:75:45:81:24,ff:ff:ff:ff:ff:ff,ff:ff:ff:ff:ff:ff,d8:d7:75:45:81:24,d8:d7:75:45:81:24,FunBox2-8124,-46,1,2412,False,False
1778943668.868374,management,beacon,d8:d7:75:45:81:24,ff:ff:ff:ff:ff:ff,ff:ff:ff:ff:ff:ff,d8:d7:75:45:81:24,d8:d7:75:45:81:24,FunBox2-8124,-46,1,2412,False,False
1778943668.9707882,management,beacon,d8:d7:75:45:81:24,ff:ff:ff:ff:ff:ff,ff:ff:ff:ff:ff:ff,d8:d7:75:45:81:24,d8:d7:75:45:81:24,FunBox2-8124,-45,1,2412,False,False
1778943669.0731852,management,beacon,d8:d7:75:45:81:24,ff:ff:ff:ff:ff:ff,ff:ff:ff:ff:ff:ff,d8:d7:75:45:81:24,d8:d7:75:45:81:24,FunBox2-8124,-43,1,2412,False,False
1778943669.2779703,management,beacon,d8:d7:75:45:81:24,ff:ff:ff:ff:ff:ff,ff:ff:ff:ff:ff:ff,d8:d7:75:45:81:24,d8:d7:75:45:81:24,FunBox2-8124,-43,1,2412,False,False
1778943669.3803914,management,beacon,d8:d7:75:45:81:24,ff:ff:ff:ff:ff:ff,ff:ff:ff:ff:ff:ff,d8:d7:75:45:81:24,d8:d7:75:45:81:24,FunBox2-8124,-44,1,2412,False,False
1778943669.482817,management,beacon,d8:d7:75:45:81:24,ff:ff:ff:ff:ff:ff,ff:ff:ff:ff:ff:ff,d8:d7:75:45:81:24,d8:d7:75:45:81:24,FunBox2-8124,-48,1,2412,False,False
1778943669.5851877,management,beacon,d8:d7:75:45:81:24,ff:ff:ff:ff:ff:ff,ff:ff:ff:ff:ff:ff,d8:d7:75:45:81:24,d8:d7:75:45:81:24,FunBox2-8124,-47,1,2412,False,False
1778943669.625892,control,ack,,50:02:91:e8:18:ec,50:02:91:e8:18:ec,,,,-49,1,2412,False,False
1778943669.7867336,data,null_data,50:02:91:e8:18:ec,d8:d7:75:45:81:24,d8:d7:75:45:81:24,50:02:91:e8:18:ec,d8:d7:75:45:81:24,,-82,1,2412,False,False
1778943669.786744,control,ack,,50:02:91:e8:18:ec,50:02:91:e8:18:ec,,,,-49,1,2412,False,False
1778943669.790005,management,beacon,d8:d7:75:45:81:24,ff:ff:ff:ff:ff:ff,ff:ff:ff:ff:ff:ff,d8:d7:75:45:81:24,d8:d7:75:45:81:24,FunBox2-8124,-44,1,2412,False,False
1778943669.7909908,data,null_data,50:02:91:e8:18:ec,d8:d7:75:45:81:24,d8:d7:75:45:81:24,50:02:91:e8:18:ec,d8:d7:75:45:81:24,,-83,1,2412,False,False
1778943669.7909946,control,ack,,50:02:91:e8:18:ec,50:02:91:e8:18:ec,,,,-46,1,2412,False,False
1778943669.892404,management,beacon,d8:d7:75:45:81:24,ff:ff:ff:ff:ff:ff,ff:ff:ff:ff:ff:ff,d8:d7:75:45:81:24,d8:d7:75:45:81:24,FunBox2-8124,-42,1,2412,False,False
1778943669.9518034,control,ack,,50:02:91:e8:18:ec,50:02:91:e8:18:ec,,,,-46,1,2412,False,False
1778943669.9948304,management,beacon,d8:d7:75:45:81:24,ff:ff:ff:ff:ff:ff,ff:ff:ff:ff:ff:ff,d8:d7:75:45:81:24,d8:d7:75:45:81:24,FunBox2-8124,-43,1,2412,False,False
1778943670.0971804,management,beacon,d8:d7:75:45:81:24,ff:ff:ff:ff:ff:ff,ff:ff:ff:ff:ff:ff,d8:d7:75:45:81:24,d8:d7:75:45:81:24,FunBox2-8124,-47,1,2412,False,False
1778943670.098027,data,data,d8:d7:75:45:81:24,ff:ff:ff:ff:ff:ff,ff:ff:ff:ff:ff:ff,d8:d7:75:45:81:24,d8:d7:75:45:81:24,,-46,1,2412,True,False
1778943670.0983431,control,ack,,d8:d7:75:45:81:24,d8:d7:75:45:81:24,,,,-89,1,2412,False,False
1778943670.098663,data,null_data,50:02:91:e8:18:ec,d8:d7:75:45:81:24,d8:d7:75:45:81:24,50:02:91:e8:18:ec,d8:d7:75:45:81:24,,-82,1,2412,False,False
1778943670.0986657,control,ack,,50:02:91:e8:18:ec,50:02:91:e8:18:ec,,,,-46,1,2412,False,False
1778943670.1003778,data,data,d8:d7:75:45:81:24,ff:ff:ff:ff:ff:ff,ff:ff:ff:ff:ff:ff,d8:d7:75:45:81:24,d8:d7:75:45:81:24,,-43,1,2412,True,False
1778943670.1006873,control,ack,,d8:d7:75:45:81:24,d8:d7:75:45:81:24,,,,-88,1,2412,False,False
1778943670.199625,management,beacon,d8:d7:75:45:81:24,ff:ff:ff:ff:ff:ff,ff:ff:ff:ff:ff:ff,d8:d7:75:45:81:24,d8:d7:75:45:81:24,FunBox2-8124,-42,1,2412,False,False
1778943670.2611005,data,null_data,50:02:91:e8:18:ec,d8:d7:75:45:81:24,d8:d7:75:45:81:24,50:02:91:e8:18:ec,d8:d7:75:45:81:24,,-82,1,2412,False,False
1778943670.2611158,control,ack,,50:02:91:e8:18:ec,50:02:91:e8:18:ec,,,,-46,1,2412,False,False
1778943670.3020165,management,beacon,d8:d7:75:45:81:24,ff:ff:ff:ff:ff:ff,ff:ff:ff:ff:ff:ff,d8:d7:75:45:81:24,d8:d7:75:45:81:24,FunBox2-8124,-43,1,2412,False,False
1778943670.4044583,management,beacon,d8:d7:75:45:81:24,ff:ff:ff:ff:ff:ff,ff:ff:ff:ff:ff:ff,d8:d7:75:45:81:24,d8:d7:75:45:81:24,FunBox2-8124,-45,1,2412,False,False
1778943670.5068026,management,beacon,d8:d7:75:45:81:24,ff:ff:ff:ff:ff:ff,ff:ff:ff:ff:ff:ff,d8:d7:75:45:81:24,d8:d7:75:45:81:24,FunBox2-8124,-44,1,2412,False,False
1778943670.6092534,management,beacon,d8:d7:75:45:81:24,ff:ff:ff:ff:ff:ff,ff:ff:ff:ff:ff:ff,d8:d7:75:45:81:24,d8:d7:75:45:81:24,FunBox2-8124,-48,1,2412,False,False
1778943670.7116284,management,beacon,d8:d7:75:45:81:24,ff:ff:ff:ff:ff:ff,ff:ff:ff:ff:ff:ff,d8:d7:75:45:81:24,d8:d7:75:45:81:24,FunBox2-8124,-44,1,2412,False,False
1778943670.8140635,management,beacon,d8:d7:75:45:81:24,ff:ff:ff:ff:ff:ff,ff:ff:ff:ff:ff:ff,d8:d7:75:45:81:24,d8:d7:75:45:81:24,FunBox2-8124,-44,1,2412,False,False
1778943670.9164116,management,beacon,d8:d7:75:45:81:24,ff:ff:ff:ff:ff:ff,ff:ff:ff:ff:ff:ff,d8:d7:75:45:81:24,d8:d7:75:45:81:24,FunBox2-8124,-45,1,2412,False,False
1778943671.121226,management,beacon,d8:d7:75:45:81:24,ff:ff:ff:ff:ff:ff,ff:ff:ff:ff:ff:ff,d8:d7:75:45:81:24,d8:d7:75:45:81:24,FunBox2-8124,-46,1,2412,False,False
1778943671.2236838,management,beacon,d8:d7:75:45:81:24,ff:ff:ff:ff:ff:ff,ff:ff:ff:ff:ff:ff,d8:d7:75:45:81:24,d8:d7:75:45:81:24,FunBox2-8124,-47,1,2412,False,False
1778943671.3260598,management,beacon,d8:d7:75:45:81:24,ff:ff:ff:ff:ff:ff,ff:ff:ff:ff:ff:ff,d8:d7:75:45:81:24,d8:d7:75:45:81:24,FunBox2-8124,-48,1,2412,False,False
1778943671.4284823,management,beacon,d8:d7:75:45:81:24,ff:ff:ff:ff:ff:ff,ff:ff:ff:ff:ff:ff,d8:d7:75:45:81:24,d8:d7:75:45:81:24,FunBox2-8124,-45,1,2412,False,False
1778943671.5308883,management,beacon,d8:d7:75:45:81:24,ff:ff:ff:ff:ff:ff,ff:ff:ff:ff:ff:ff,d8:d7:75:45:81:24,d8:d7:75:45:81:24,FunBox2-8124,-43,1,2412,False,False
1778943671.6333013,management,beacon,d8:d7:75:45:81:24,ff:ff:ff:ff:ff:ff,ff:ff:ff:ff:ff:ff,d8:d7:75:45:81:24,d8:d7:75:45:81:24,FunBox2-8124,-48,1,2412,False,False
1778943671.735664,management,beacon,d8:d7:75:45:81:24,ff:ff:ff:ff:ff:ff,ff:ff:ff:ff:ff:ff,d8:d7:75:45:81:24,d8:d7:75:45:81:24,FunBox2-8124,-44,1,2412,False,False
1778943671.8380513,management,beacon,d8:d7:75:45:81:24,ff:ff:ff:ff:ff:ff,ff:ff:ff:ff:ff:ff,d8:d7:75:45:81:24,d8:d7:75:45:81:24,FunBox2-8124,-45,1,2412,False,False
1778943671.9405115,management,beacon,d8:d7:75:45:81:24,ff:ff:ff:ff:ff:ff,ff:ff:ff:ff:ff:ff,d8:d7:75:45:81:24,d8:d7:75:45:81:24,FunBox2-8124,-42,1,2412,False,False
1778943671.9416888,data,null_data,50:02:91:e8:18:ec,d8:d7:75:45:81:24,d8:d7:75:45:81:24,50:02:91:e8:18:ec,d8:d7:75:45:81:24,,-83,1,2412,False,False
1778943671.9416924,control,ack,,50:02:91:e8:18:ec,50:02:91:e8:18:ec,,,,-44,1,2412,False,False
1778943672.0429313,management,beacon,d8:d7:75:45:81:24,ff:ff:ff:ff:ff:ff,ff:ff:ff:ff:ff:ff,d8:d7:75:45:81:24,d8:d7:75:45:81:24,FunBox2-8124,-45,1,2412,False,False
1778943672.1025758,data,null_data,50:02:91:e8:18:ec,d8:d7:75:45:81:24,d8:d7:75:45:81:24,50:02:91:e8:18:ec,d8:d7:75:45:81:24,,-82,1,2412,False,False
1778943672.1025867,control,ack,,50:02:91:e8:18:ec,50:02:91:e8:18:ec,,,,-48,1,2412,False,False
1778943672.1453094,management,beacon,d8:d7:75:45:81:24,ff:ff:ff:ff:ff:ff,ff:ff:ff:ff:ff:ff,d8:d7:75:45:81:24,d8:d7:75:45:81:24,FunBox2-8124,-43,1,2412,False,False
1778943672.2477067,management,beacon,d8:d7:75:45:81:24,ff:ff:ff:ff:ff:ff,ff:ff:ff:ff:ff:ff,d8:d7:75:45:81:24,d8:d7:75:45:81:24,FunBox2-8124,-42,1,2412,False,False
1778943672.3500533,management,beacon,d8:d7:75:45:81:24,ff:ff:ff:ff:ff:ff,ff:ff:ff:ff:ff:ff,d8:d7:75:45:81:24,d8:d7:75:45:81:24,FunBox2-8124,-48,1,2412,False,False
1778943672.4524794,management,beacon,d8:d7:75:45:81:24,ff:ff:ff:ff:ff:ff,ff:ff:ff:ff:ff:ff,d8:d7:75:45:81:24,d8:d7:75:45:81:24,FunBox2-8124,-42,1,2412,False,False
1778943672.5548964,management,beacon,d8:d7:75:45:81:24,ff:ff:ff:ff:ff:ff,ff:ff:ff:ff:ff:ff,d8:d7:75:45:81:24,d8:d7:75:45:81:24,FunBox2-8124,-42,1,2412,False,False
1778943672.657288,management,beacon,d8:d7:75:45:81:24,ff:ff:ff:ff:ff:ff,ff:ff:ff:ff:ff:ff,d8:d7:75:45:81:24,d8:d7:75:45:81:24,FunBox2-8124,-42,1,2412,False,False
1778943672.7007723,data,null_data,8e:8e:6f:93:93:5f,70:0b:01:45:f0:90,70:0b:01:45:f0:90,8e:8e:6f:93:93:5f,70:0b:01:45:f0:90,,-92,1,2412,False,True
1778943672.7597349,management,beacon,d8:d7:75:45:81:24,ff:ff:ff:ff:ff:ff,ff:ff:ff:ff:ff:ff,d8:d7:75:45:81:24,d8:d7:75:45:81:24,FunBox2-8124,-45,1,2412,False,False
1778943672.8621104,management,beacon,d8:d7:75:45:81:24,ff:ff:ff:ff:ff:ff,ff:ff:ff:ff:ff:ff,d8:d7:75:45:81:24,d8:d7:75:45:81:24,FunBox2-8124,-46,1,2412,False,False
1778943672.9645042,management,beacon,d8:d7:75:45:81:24,ff:ff:ff:ff:ff:ff,ff:ff:ff:ff:ff:ff,d8:d7:75:45:81:24,d8:d7:75:45:81:24,FunBox2-8124,-42,1,2412,False,False
1778943673.0669477,management,beacon,d8:d7:75:45:81:24,ff:ff:ff:ff:ff:ff,ff:ff:ff:ff:ff:ff,d8:d7:75:45:81:24,d8:d7:75:45:81:24,FunBox2-8124,-45,1,2412,False,False
1778943673.1693301,management,beacon,d8:d7:75:45:81:24,ff:ff:ff:ff:ff:ff,ff:ff:ff:ff:ff:ff,d8:d7:75:45:81:24,d8:d7:75:45:81:24,FunBox2-8124,-45,1,2412,False,False
1778943673.1705446,data,null_data,50:02:91:e8:18:ec,d8:d7:75:45:81:24,d8:d7:75:45:81:24,50:02:91:e8:18:ec,d8:d7:75:45:81:24,,-83,1,2412,False,False
1778943673.1705496,control,ack,,50:02:91:e8:18:ec,50:02:91:e8:18:ec,,,,-47,1,2412,False,False
1778943673.1711047,management,action,d8:d7:75:45:81:24,50:02:91:e8:18:ec,50:02:91:e8:18:ec,d8:d7:75:45:81:24,d8:d7:75:45:81:24,,-42,1,2412,False,False
1778943673.1714158,control,ack,,d8:d7:75:45:81:24,d8:d7:75:45:81:24,,,,-85,1,2412,False,False
1778943673.171657,management,action,50:02:91:e8:18:ec,d8:d7:75:45:81:24,d8:d7:75:45:81:24,50:02:91:e8:18:ec,d8:d7:75:45:81:24,,-81,1,2412,False,False
1778943673.1718307,management,action,50:02:91:e8:18:ec,d8:d7:75:45:81:24,d8:d7:75:45:81:24,50:02:91:e8:18:ec,d8:d7:75:45:81:24,,-83,1,2412,False,True
1778943673.1722057,management,action,50:02:91:e8:18:ec,d8:d7:75:45:81:24,d8:d7:75:45:81:24,50:02:91:e8:18:ec,d8:d7:75:45:81:24,,-85,1,2412,False,True
1778943673.1727495,management,action,50:02:91:e8:18:ec,d8:d7:75:45:81:24,d8:d7:75:45:81:24,50:02:91:e8:18:ec,d8:d7:75:45:81:24,,-85,1,2412,False,True
1778943673.1727524,control,ack,,50:02:91:e8:18:ec,50:02:91:e8:18:ec,,,,-44,1,2412,False,False
1778943673.200493,data,data,d8:d7:75:45:81:24,01:00:5e:00:00:fb,01:00:5e:00:00:fb,d8:d7:75:45:81:24,e6:12:a8:93:5a:78,,-42,1,2412,True,False
1778943673.2007873,control,ack,,d8:d7:75:45:81:24,d8:d7:75:45:81:24,,,,-86,1,2412,False,False
1778943673.2024624,data,data,d8:d7:75:45:81:24,33:33:00:00:00:fb,33:33:00:00:00:fb,d8:d7:75:45:81:24,e6:12:a8:93:5a:78,,-43,1,2412,True,False
1778943673.2027853,control,ack,,d8:d7:75:45:81:24,d8:d7:75:45:81:24,,,,-85,1,2412,False,False
1778943673.2717745,management,beacon,d8:d7:75:45:81:24,ff:ff:ff:ff:ff:ff,ff:ff:ff:ff:ff:ff,d8:d7:75:45:81:24,d8:d7:75:45:81:24,FunBox2-8124,-41,1,2412,False,False
1778943673.3635402,data,null_data,50:02:91:e8:18:ec,d8:d7:75:45:81:24,d8:d7:75:45:81:24,50:02:91:e8:18:ec,d8:d7:75:45:81:24,,-84,1,2412,False,False
1778943673.3637395,data,null_data,50:02:91:e8:18:ec,d8:d7:75:45:81:24,d8:d7:75:45:81:24,50:02:91:e8:18:ec,d8:d7:75:45:81:24,,-82,1,2412,False,True
1778943673.3640695,data,null_data,50:02:91:e8:18:ec,d8:d7:75:45:81:24,d8:d7:75:45:81:24,50:02:91:e8:18:ec,d8:d7:75:45:81:24,,-86,1,2412,False,True
1778943673.3644016,data,null_data,50:02:91:e8:18:ec,d8:d7:75:45:81:24,d8:d7:75:45:81:24,50:02:91:e8:18:ec,d8:d7:75:45:81:24,,-85,1,2412,False,True
1778943673.3649733,data,null_data,50:02:91:e8:18:ec,d8:d7:75:45:81:24,d8:d7:75:45:81:24,50:02:91:e8:18:ec,d8:d7:75:45:81:24,,-86,1,2412,False,True
1778943673.366088,data,null_data,50:02:91:e8:18:ec,d8:d7:75:45:81:24,d8:d7:75:45:81:24,50:02:91:e8:18:ec,d8:d7:75:45:81:24,,-86,1,2412,False,True
1778943673.3666122,data,null_data,50:02:91:e8:18:ec,d8:d7:75:45:81:24,d8:d7:75:45:81:24,50:02:91:e8:18:ec,d8:d7:75:45:81:24,,-86,1,2412,False,True
1778943673.3741262,management,beacon,d8:d7:75:45:81:24,ff:ff:ff:ff:ff:ff,ff:ff:ff:ff:ff:ff,d8:d7:75:45:81:24,d8:d7:75:45:81:24,FunBox2-8124,-42,1,2412,False,False
1778943673.476529,management,beacon,d8:d7:75:45:81:24,ff:ff:ff:ff:ff:ff,ff:ff:ff:ff:ff:ff,d8:d7:75:45:81:24,d8:d7:75:45:81:24,FunBox2-8124,-45,1,2412,False,False
1778943673.5789206,management,beacon,d8:d7:75:45:81:24,ff:ff:ff:ff:ff:ff,ff:ff:ff:ff:ff:ff,d8:d7:75:45:81:24,d8:d7:75:45:81:24,FunBox2-8124,-44,1,2412,False,False
1778943673.6813343,management,beacon,d8:d7:75:45:81:24,ff:ff:ff:ff:ff:ff,ff:ff:ff:ff:ff:ff,d8:d7:75:45:81:24,d8:d7:75:45:81:24,FunBox2-8124,-41,1,2412,False,False
1778943673.783788,management,beacon,d8:d7:75:45:81:24,ff:ff:ff:ff:ff:ff,ff:ff:ff:ff:ff:ff,d8:d7:75:45:81:24,d8:d7:75:45:81:24,FunBox2-8124,-44,1,2412,False,False
1778943673.8861766,management,beacon,d8:d7:75:45:81:24,ff:ff:ff:ff:ff:ff,ff:ff:ff:ff:ff:ff,d8:d7:75:45:81:24,d8:d7:75:45:81:24,FunBox2-8124,-42,1,2412,False,False
1778943673.9885676,management,beacon,d8:d7:75:45:81:24,ff:ff:ff:ff:ff:ff,ff:ff:ff:ff:ff:ff,d8:d7:75:45:81:24,d8:d7:75:45:81:24,FunBox2-8124,-42,1,2412,False,False
1778943674.090979,management,beacon,d8:d7:75:45:81:24,ff:ff:ff:ff:ff:ff,ff:ff:ff:ff:ff:ff,d8:d7:75:45:81:24,d8:d7:75:45:81:24,FunBox2-8124,-42,1,2412,False,False
1778943674.1934056,management,beacon,d8:d7:75:45:81:24,ff:ff:ff:ff:ff:ff,ff:ff:ff:ff:ff:ff,d8:d7:75:45:81:24,d8:d7:75:45:81:24,FunBox2-8124,-45,1,2412,False,False
1778943674.2957954,management,beacon,d8:d7:75:45:81:24,ff:ff:ff:ff:ff:ff,ff:ff:ff:ff:ff:ff,d8:d7:75:45:81:24,d8:d7:75:45:81:24,FunBox2-8124,-46,1,2412,False,False
1778943674.3981452,management,beacon,d8:d7:75:45:81:24,ff:ff:ff:ff:ff:ff,ff:ff:ff:ff:ff:ff,d8:d7:75:45:81:24,d8:d7:75:45:81:24,FunBox2-8124,-45,1,2412,False,False
1778943674.501574,management,beacon,d8:d7:75:45:81:24,ff:ff:ff:ff:ff:ff,ff:ff:ff:ff:ff:ff,d8:d7:75:45:81:24,d8:d7:75:45:81:24,FunBox2-8124,-46,1,2412,False,False
1778943674.6029642,management,beacon,d8:d7:75:45:81:24,ff:ff:ff:ff:ff:ff,ff:ff:ff:ff:ff:ff,d8:d7:75:45:81:24,d8:d7:75:45:81:24,FunBox2-8124,-47,1,2412,False,False
1778943674.7054179,management,beacon,d8:d7:75:45:81:24,ff:ff:ff:ff:ff:ff,ff:ff:ff:ff:ff:ff,d8:d7:75:45:81:24,d8:d7:75:45:81:24,FunBox2-8124,-43,1,2412,False,False
1778943674.8077822,management,beacon,d8:d7:75:45:81:24,ff:ff:ff:ff:ff:ff,ff:ff:ff:ff:ff:ff,d8:d7:75:45:81:24,d8:d7:75:45:81:24,FunBox2-8124,-47,1,2412,False,False
1778943674.8667643,management,probe_response,d8:d7:75:45:81:24,c6:45:89:33:e4:5c,c6:45:89:33:e4:5c,d8:d7:75:45:81:24,d8:d7:75:45:81:24,FunBox2-8124,-47,1,2412,False,False
1778943674.8785975,management,probe_response,d8:d7:75:45:81:24,c6:45:89:33:e4:5c,c6:45:89:33:e4:5c,d8:d7:75:45:81:24,d8:d7:75:45:81:24,FunBox2-8124,-47,1,2412,False,True
1778943674.8822372,management,probe_response,d8:d7:75:45:81:24,c6:45:89:33:e4:5c,c6:45:89:33:e4:5c,d8:d7:75:45:81:24,d8:d7:75:45:81:24,FunBox2-8124,-47,1,2412,False,True
1778943674.9106987,management,beacon,d8:d7:75:45:81:24,ff:ff:ff:ff:ff:ff,ff:ff:ff:ff:ff:ff,d8:d7:75:45:81:24,d8:d7:75:45:81:24,FunBox2-8124,-47,1,2412,False,False
1778943675.0125828,management,beacon,d8:d7:75:45:81:24,ff:ff:ff:ff:ff:ff,ff:ff:ff:ff:ff:ff,d8:d7:75:45:81:24,d8:d7:75:45:81:24,FunBox2-8124,-44,1,2412,False,False
1778943675.0137875,data,null_data,50:02:91:e8:18:ec,d8:d7:75:45:81:24,d8:d7:75:45:81:24,50:02:91:e8:18:ec,d8:d7:75:45:81:24,,-84,1,2412,False,False
1778943675.0137916,control,ack,,50:02:91:e8:18:ec,50:02:91:e8:18:ec,,,,-45,1,2412,False,False
1778943675.1746821,control,ack,,50:02:91:e8:18:ec,50:02:91:e8:18:ec,,,,-49,1,2412,False,False
1778943675.2174292,management,beacon,d8:d7:75:45:81:24,ff:ff:ff:ff:ff:ff,ff:ff:ff:ff:ff:ff,d8:d7:75:45:81:24,d8:d7:75:45:81:24,FunBox2-8124,-44,1,2412,False,False
1778943675.3198402,management,beacon,d8:d7:75:45:81:24,ff:ff:ff:ff:ff:ff,ff:ff:ff:ff:ff:ff,d8:d7:75:45:81:24,d8:d7:75:45:81:24,FunBox2-8124,-44,1,2412,False,False
1778943675.4222217,management,beacon,d8:d7:75:45:81:24,ff:ff:ff:ff:ff:ff,ff:ff:ff:ff:ff:ff,d8:d7:75:45:81:24,d8:d7:75:45:81:24,FunBox2-8124,-46,1,2412,False,False
1778943675.5246427,management,beacon,d8:d7:75:45:81:24,ff:ff:ff:ff:ff:ff,ff:ff:ff:ff:ff:ff,d8:d7:75:45:81:24,d8:d7:75:45:81:24,FunBox2-8124,-47,1,2412,False,False
1778943675.6270216,management,beacon,d8:d7:75:45:81:24,ff:ff:ff:ff:ff:ff,ff:ff:ff:ff:ff:ff,d8:d7:75:45:81:24,d8:d7:75:45:81:24,FunBox2-8124,-43,1,2412,False,False
1778943675.7294574,management,beacon,d8:d7:75:45:81:24,ff:ff:ff:ff:ff:ff,ff:ff:ff:ff:ff:ff,d8:d7:75:45:81:24,d8:d7:75:45:81:24,FunBox2-8124,-46,1,2412,False,False
1778943675.8339734,management,beacon,d8:d7:75:45:81:24,ff:ff:ff:ff:ff:ff,ff:ff:ff:ff:ff:ff,d8:d7:75:45:81:24,d8:d7:75:45:81:24,FunBox2-8124,-47,1,2412,False,False
1778943675.9342694,management,beacon,d8:d7:75:45:81:24,ff:ff:ff:ff:ff:ff,ff:ff:ff:ff:ff:ff,d8:d7:75:45:81:24,d8:d7:75:45:81:24,FunBox2-8124,-46,1,2412,False,False
1778943676.036655,management,beacon,d8:d7:75:45:81:24,ff:ff:ff:ff:ff:ff,ff:ff:ff:ff:ff:ff,d8:d7:75:45:81:24,d8:d7:75:45:81:24,FunBox2-8124,-43,1,2412,False,False
1778943676.1390567,management,beacon,d8:d7:75:45:81:24,ff:ff:ff:ff:ff:ff,ff:ff:ff:ff:ff:ff,d8:d7:75:45:81:24,d8:d7:75:45:81:24,FunBox2-8124,-43,1,2412,False,False
1778943676.2414236,management,beacon,d8:d7:75:45:81:24,ff:ff:ff:ff:ff:ff,ff:ff:ff:ff:ff:ff,d8:d7:75:45:81:24,d8:d7:75:45:81:24,FunBox2-8124,-43,1,2412,False,False
1778943676.343878,management,beacon,d8:d7:75:45:81:24,ff:ff:ff:ff:ff:ff,ff:ff:ff:ff:ff:ff,d8:d7:75:45:81:24,d8:d7:75:45:81:24,FunBox2-8124,-46,1,2412,False,False
1778943676.4462748,management,beacon,d8:d7:75:45:81:24,ff:ff:ff:ff:ff:ff,ff:ff:ff:ff:ff:ff,d8:d7:75:45:81:24,d8:d7:75:45:81:24,FunBox2-8124,-46,1,2412,False,False
1778943676.5486753,management,beacon,d8:d7:75:45:81:24,ff:ff:ff:ff:ff:ff,ff:ff:ff:ff:ff:ff,d8:d7:75:45:81:24,d8:d7:75:45:81:24,FunBox2-8124,-44,1,2412,False,False
1778943676.5498686,data,null_data,50:02:91:e8:18:ec,d8:d7:75:45:81:24,d8:d7:75:45:81:24,50:02:91:e8:18:ec,d8:d7:75:45:81:24,,-84,1,2412,False,False
1778943676.5498736,control,ack,,50:02:91:e8:18:ec,50:02:91:e8:18:ec,,,,-48,1,2412,False,False
1778943676.6510937,management,beacon,d8:d7:75:45:81:24,ff:ff:ff:ff:ff:ff,ff:ff:ff:ff:ff:ff,d8:d7:75:45:81:24,d8:d7:75:45:81:24,FunBox2-8124,-45,1,2412,False,False
1778943676.7107549,data,null_data,50:02:91:e8:18:ec,d8:d7:75:45:81:24,d8:d7:75:45:81:24,50:02:91:e8:18:ec,d8:d7:75:45:81:24,,-85,1,2412,False,False
1778943676.7107706,control,ack,,50:02:91:e8:18:ec,50:02:91:e8:18:ec,,,,-48,1,2412,False,False
1778943676.7534473,management,beacon,d8:d7:75:45:81:24,ff:ff:ff:ff:ff:ff,ff:ff:ff:ff:ff:ff,d8:d7:75:45:81:24,d8:d7:75:45:81:24,FunBox2-8124,-44,1,2412,False,False
1778943676.855872,management,beacon,d8:d7:75:45:81:24,ff:ff:ff:ff:ff:ff,ff:ff:ff:ff:ff:ff,d8:d7:75:45:81:24,d8:d7:75:45:81:24,FunBox2-8124,-45,1,2412,False,False
1778943676.9582548,management,beacon,d8:d7:75:45:81:24,ff:ff:ff:ff:ff:ff,ff:ff:ff:ff:ff:ff,d8:d7:75:45:81:24,d8:d7:75:45:81:24,FunBox2-8124,-45,1,2412,False,False
1778943677.0606484,management,beacon,d8:d7:75:45:81:24,ff:ff:ff:ff:ff:ff,ff:ff:ff:ff:ff:ff,d8:d7:75:45:81:24,d8:d7:75:45:81:24,FunBox2-8124,-45,1,2412,False,False
1778943677.1631198,management,beacon,d8:d7:75:45:81:24,ff:ff:ff:ff:ff:ff,ff:ff:ff:ff:ff:ff,d8:d7:75:45:81:24,d8:d7:75:45:81:24,FunBox2-8124,-47,1,2412,False,False
1778943677.2654743,management,beacon,d8:d7:75:45:81:24,ff:ff:ff:ff:ff:ff,ff:ff:ff:ff:ff:ff,d8:d7:75:45:81:24,d8:d7:75:45:81:24,FunBox2-8124,-46,1,2412,False,False
1778943677.367872,management,beacon,d8:d7:75:45:81:24,ff:ff:ff:ff:ff:ff,ff:ff:ff:ff:ff:ff,d8:d7:75:45:81:24,d8:d7:75:45:81:24,FunBox2-8124,-43,1,2412,False,False
1778943677.4702985,management,beacon,d8:d7:75:45:81:24,ff:ff:ff:ff:ff:ff,ff:ff:ff:ff:ff:ff,d8:d7:75:45:81:24,d8:d7:75:45:81:24,FunBox2-8124,-46,1,2412,False,False
1778943677.572695,management,beacon,d8:d7:75:45:81:24,ff:ff:ff:ff:ff:ff,ff:ff:ff:ff:ff:ff,d8:d7:75:45:81:24,d8:d7:75:45:81:24,FunBox2-8124,-43,1,2412,False,False
1778943677.6751018,management,beacon,d8:d7:75:45:81:24,ff:ff:ff:ff:ff:ff,ff:ff:ff:ff:ff:ff,d8:d7:75:45:81:24,d8:d7:75:45:81:24,FunBox2-8124,-44,1,2412,False,False
1778943677.777504,management,beacon,d8:d7:75:45:81:24,ff:ff:ff:ff:ff:ff,ff:ff:ff:ff:ff:ff,d8:d7:75:45:81:24,d8:d7:75:45:81:24,FunBox2-8124,-43,1,2412,False,False
1778943677.8150797,data,null_data,8e:8e:6f:93:93:5f,70:0b:01:45:f0:90,70:0b:01:45:f0:90,8e:8e:6f:93:93:5f,70:0b:01:45:f0:90,,-89,1,2412,False,False
1778943677.8182487,data,null_data,8e:8e:6f:93:93:5f,70:0b:01:45:f0:90,70:0b:01:45:f0:90,8e:8e:6f:93:93:5f,70:0b:01:45:f0:90,,-88,1,2412,False,True
1778943677.8799376,management,beacon,d8:d7:75:45:81:24,ff:ff:ff:ff:ff:ff,ff:ff:ff:ff:ff:ff,d8:d7:75:45:81:24,d8:d7:75:45:81:24,FunBox2-8124,-44,1,2412,False,False
1778943677.943228,data,null_data,8e:8e:6f:93:93:5f,70:0b:01:45:f0:90,70:0b:01:45:f0:90,8e:8e:6f:93:93:5f,70:0b:01:45:f0:90,,-90,1,2412,False,True
1778943677.9548616,data,null_data,8e:8e:6f:93:93:5f,70:0b:01:45:f0:90,70:0b:01:45:f0:90,8e:8e:6f:93:93:5f,70:0b:01:45:f0:90,,-88,1,2412,False,True
1778943678.08472,management,beacon,d8:d7:75:45:81:24,ff:ff:ff:ff:ff:ff,ff:ff:ff:ff:ff:ff,d8:d7:75:45:81:24,d8:d7:75:45:81:24,FunBox2-8124,-45,1,2412,False,False
1778943678.187104,management,beacon,d8:d7:75:45:81:24,ff:ff:ff:ff:ff:ff,ff:ff:ff:ff:ff:ff,d8:d7:75:45:81:24,d8:d7:75:45:81:24,FunBox2-8124,-44,1,2412,False,False
1778943678.1884725,data,null_data,50:02:91:e8:18:ec,d8:d7:75:45:81:24,d8:d7:75:45:81:24,50:02:91:e8:18:ec,d8:d7:75:45:81:24,,-86,1,2412,False,True
1778943678.188822,data,null_data,50:02:91:e8:18:ec,d8:d7:75:45:81:24,d8:d7:75:45:81:24,50:02:91:e8:18:ec,d8:d7:75:45:81:24,,-86,1,2412,False,True
1778943678.189697,data,null_data,50:02:91:e8:18:ec,d8:d7:75:45:81:24,d8:d7:75:45:81:24,50:02:91:e8:18:ec,d8:d7:75:45:81:24,,-86,1,2412,False,True
1778943678.1911705,control,ack,,50:02:91:e8:18:ec,50:02:91:e8:18:ec,,,,-46,1,2412,False,False
1778943678.2895536,management,beacon,d8:d7:75:45:81:24,ff:ff:ff:ff:ff:ff,ff:ff:ff:ff:ff:ff,d8:d7:75:45:81:24,d8:d7:75:45:81:24,FunBox2-8124,-44,1,2412,False,False
1778943678.3522282,data,null_data,50:02:91:e8:18:ec,d8:d7:75:45:81:24,d8:d7:75:45:81:24,50:02:91:e8:18:ec,d8:d7:75:45:81:24,,-83,1,2412,False,False
1778943678.3522432,control,ack,,50:02:91:e8:18:ec,50:02:91:e8:18:ec,,,,-48,1,2412,False,False
1778943678.3919146,management,beacon,d8:d7:75:45:81:24,ff:ff:ff:ff:ff:ff,ff:ff:ff:ff:ff:ff,d8:d7:75:45:81:24,d8:d7:75:45:81:24,FunBox2-8124,-42,1,2412,False,False
1778943678.596752,management,beacon,d8:d7:75:45:81:24,ff:ff:ff:ff:ff:ff,ff:ff:ff:ff:ff:ff,d8:d7:75:45:81:24,d8:d7:75:45:81:24,FunBox2-8124,-42,1,2412,False,False
1778943678.699151,management,beacon,d8:d7:75:45:81:24,ff:ff:ff:ff:ff:ff,ff:ff:ff:ff:ff:ff,d8:d7:75:45:81:24,d8:d7:75:45:81:24,FunBox2-8124,-45,1,2412,False,False
1778943678.8015451,management,beacon,d8:d7:75:45:81:24,ff:ff:ff:ff:ff:ff,ff:ff:ff:ff:ff:ff,d8:d7:75:45:81:24,d8:d7:75:45:81:24,FunBox2-8124,-45,1,2412,False,False
1778943678.9039342,management,beacon,d8:d7:75:45:81:24,ff:ff:ff:ff:ff:ff,ff:ff:ff:ff:ff:ff,d8:d7:75:45:81:24,d8:d7:75:45:81:24,FunBox2-8124,-45,1,2412,False,False
1778943679.1087618,management,beacon,d8:d7:75:45:81:24,ff:ff:ff:ff:ff:ff,ff:ff:ff:ff:ff:ff,d8:d7:75:45:81:24,d8:d7:75:45:81:24,FunBox2-8124,-46,1,2412,False,False
1778943679.1462653,data,null_data,8e:8e:6f:93:93:5f,70:0b:01:45:f0:90,70:0b:01:45:f0:90,8e:8e:6f:93:93:5f,70:0b:01:45:f0:90,,-88,1,2412,False,False
1778943679.1470256,data,null_data,8e:8e:6f:93:93:5f,70:0b:01:45:f0:90,70:0b:01:45:f0:90,8e:8e:6f:93:93:5f,70:0b:01:45:f0:90,,-86,1,2412,False,False
1778943679.1478426,data,null_data,8e:8e:6f:93:93:5f,70:0b:01:45:f0:90,70:0b:01:45:f0:90,8e:8e:6f:93:93:5f,70:0b:01:45:f0:90,,-88,1,2412,False,True
1778943679.149432,data,null_data,8e:8e:6f:93:93:5f,70:0b:01:45:f0:90,70:0b:01:45:f0:90,8e:8e:6f:93:93:5f,70:0b:01:45:f0:90,,-86,1,2412,False,True
1778943679.1502423,data,null_data,8e:8e:6f:93:93:5f,70:0b:01:45:f0:90,70:0b:01:45:f0:90,8e:8e:6f:93:93:5f,70:0b:01:45:f0:90,,-85,1,2412,False,True
1778943679.1510565,data,null_data,8e:8e:6f:93:93:5f,70:0b:01:45:f0:90,70:0b:01:45:f0:90,8e:8e:6f:93:93:5f,70:0b:01:45:f0:90,,-87,1,2412,False,True
1778943679.1518793,data,null_data,8e:8e:6f:93:93:5f,70:0b:01:45:f0:90,70:0b:01:45:f0:90,8e:8e:6f:93:93:5f,70:0b:01:45:f0:90,,-86,1,2412,False,True
1778943679.152789,data,null_data,8e:8e:6f:93:93:5f,70:0b:01:45:f0:90,70:0b:01:45:f0:90,8e:8e:6f:93:93:5f,70:0b:01:45:f0:90,,-86,1,2412,False,True
1778943679.1540146,data,null_data,8e:8e:6f:93:93:5f,70:0b:01:45:f0:90,70:0b:01:45:f0:90,8e:8e:6f:93:93:5f,70:0b:01:45:f0:90,,-87,1,2412,False,True
1778943679.1584797,data,null_data,8e:8e:6f:93:93:5f,70:0b:01:45:f0:90,70:0b:01:45:f0:90,8e:8e:6f:93:93:5f,70:0b:01:45:f0:90,,-90,1,2412,False,True
1778943679.1600544,data,null_data,8e:8e:6f:93:93:5f,70:0b:01:45:f0:90,70:0b:01:45:f0:90,8e:8e:6f:93:93:5f,70:0b:01:45:f0:90,,-88,1,2412,False,True
1778943679.1680086,data,null_data,8e:8e:6f:93:93:5f,70:0b:01:45:f0:90,70:0b:01:45:f0:90,8e:8e:6f:93:93:5f,70:0b:01:45:f0:90,,-86,1,2412,False,True
1778943679.203604,data,null_data,8e:8e:6f:93:93:5f,70:0b:01:45:f0:90,70:0b:01:45:f0:90,8e:8e:6f:93:93:5f,70:0b:01:45:f0:90,,-88,1,2412,False,False
1778943679.2043512,data,null_data,8e:8e:6f:93:93:5f,70:0b:01:45:f0:90,70:0b:01:45:f0:90,8e:8e:6f:93:93:5f,70:0b:01:45:f0:90,,-89,1,2412,False,True
1778943679.2050989,data,null_data,8e:8e:6f:93:93:5f,70:0b:01:45:f0:90,70:0b:01:45:f0:90,8e:8e:6f:93:93:5f,70:0b:01:45:f0:90,,-88,1,2412,False,True
1778943679.2058527,data,null_data,8e:8e:6f:93:93:5f,70:0b:01:45:f0:90,70:0b:01:45:f0:90,8e:8e:6f:93:93:5f,70:0b:01:45:f0:90,,-89,1,2412,False,True
1778943679.206609,data,null_data,8e:8e:6f:93:93:5f,70:0b:01:45:f0:90,70:0b:01:45:f0:90,8e:8e:6f:93:93:5f,70:0b:01:45:f0:90,,-87,1,2412,False,True
1778943679.207368,data,null_data,8e:8e:6f:93:93:5f,70:0b:01:45:f0:90,70:0b:01:45:f0:90,8e:8e:6f:93:93:5f,70:0b:01:45:f0:90,,-87,1,2412,False,True
1778943679.2081242,data,null_data,8e:8e:6f:93:93:5f,70:0b:01:45:f0:90,70:0b:01:45:f0:90,8e:8e:6f:93:93:5f,70:0b:01:45:f0:90,,-89,1,2412,False,True
1778943679.211446,management,beacon,d8:d7:75:45:81:24,ff:ff:ff:ff:ff:ff,ff:ff:ff:ff:ff:ff,d8:d7:75:45:81:24,d8:d7:75:45:81:24,FunBox2-8124,-45,1,2412,False,False
1778943679.2697828,data,null_data,8e:8e:6f:93:93:5f,70:0b:01:45:f0:90,70:0b:01:45:f0:90,8e:8e:6f:93:93:5f,70:0b:01:45:f0:90,,-87,1,2412,False,False
1778943679.2712722,data,null_data,8e:8e:6f:93:93:5f,70:0b:01:45:f0:90,70:0b:01:45:f0:90,8e:8e:6f:93:93:5f,70:0b:01:45:f0:90,,-87,1,2412,False,True
1778943679.2720242,data,null_data,8e:8e:6f:93:93:5f,70:0b:01:45:f0:90,70:0b:01:45:f0:90,8e:8e:6f:93:93:5f,70:0b:01:45:f0:90,,-87,1,2412,False,True
1778943679.2735426,data,null_data,8e:8e:6f:93:93:5f,70:0b:01:45:f0:90,70:0b:01:45:f0:90,8e:8e:6f:93:93:5f,70:0b:01:45:f0:90,,-86,1,2412,False,True
1778943679.2743003,data,null_data,8e:8e:6f:93:93:5f,70:0b:01:45:f0:90,70:0b:01:45:f0:90,8e:8e:6f:93:93:5f,70:0b:01:45:f0:90,,-88,1,2412,False,True
1778943679.2751029,data,null_data,8e:8e:6f:93:93:5f,70:0b:01:45:f0:90,70:0b:01:45:f0:90,8e:8e:6f:93:93:5f,70:0b:01:45:f0:90,,-85,1,2412,False,False
1778943679.275867,data,null_data,8e:8e:6f:93:93:5f,70:0b:01:45:f0:90,70:0b:01:45:f0:90,8e:8e:6f:93:93:5f,70:0b:01:45:f0:90,,-85,1,2412,False,False
1778943679.27751,data,null_data,8e:8e:6f:93:93:5f,70:0b:01:45:f0:90,70:0b:01:45:f0:90,8e:8e:6f:93:93:5f,70:0b:01:45:f0:90,,-86,1,2412,False,True
1778943679.278322,data,null_data,8e:8e:6f:93:93:5f,70:0b:01:45:f0:90,70:0b:01:45:f0:90,8e:8e:6f:93:93:5f,70:0b:01:45:f0:90,,-88,1,2412,False,True
1778943679.2791023,data,null_data,8e:8e:6f:93:93:5f,70:0b:01:45:f0:90,70:0b:01:45:f0:90,8e:8e:6f:93:93:5f,70:0b:01:45:f0:90,,-87,1,2412,False,True
1778943679.2798717,data,null_data,8e:8e:6f:93:93:5f,70:0b:01:45:f0:90,70:0b:01:45:f0:90,8e:8e:6f:93:93:5f,70:0b:01:45:f0:90,,-86,1,2412,False,True
1778943679.2806559,data,null_data,8e:8e:6f:93:93:5f,70:0b:01:45:f0:90,70:0b:01:45:f0:90,8e:8e:6f:93:93:5f,70:0b:01:45:f0:90,,-86,1,2412,False,True
1778943679.282477,data,null_data,8e:8e:6f:93:93:5f,70:0b:01:45:f0:90,70:0b:01:45:f0:90,8e:8e:6f:93:93:5f,70:0b:01:45:f0:90,,-87,1,2412,False,True
1778943679.2832422,data,null_data,8e:8e:6f:93:93:5f,70:0b:01:45:f0:90,70:0b:01:45:f0:90,8e:8e:6f:93:93:5f,70:0b:01:45:f0:90,,-87,1,2412,False,True
1778943679.28403,data,null_data,8e:8e:6f:93:93:5f,70:0b:01:45:f0:90,70:0b:01:45:f0:90,8e:8e:6f:93:93:5f,70:0b:01:45:f0:90,,-84,1,2412,False,True
1778943679.286495,data,null_data,8e:8e:6f:93:93:5f,70:0b:01:45:f0:90,70:0b:01:45:f0:90,8e:8e:6f:93:93:5f,70:0b:01:45:f0:90,,-85,1,2412,False,True
1778943679.2875338,data,null_data,8e:8e:6f:93:93:5f,70:0b:01:45:f0:90,70:0b:01:45:f0:90,8e:8e:6f:93:93:5f,70:0b:01:45:f0:90,,-89,1,2412,False,False
1778943679.2883618,data,null_data,8e:8e:6f:93:93:5f,70:0b:01:45:f0:90,70:0b:01:45:f0:90,8e:8e:6f:93:93:5f,70:0b:01:45:f0:90,,-87,1,2412,False,True
1778943679.289194,data,null_data,8e:8e:6f:93:93:5f,70:0b:01:45:f0:90,70:0b:01:45:f0:90,8e:8e:6f:93:93:5f,70:0b:01:45:f0:90,,-88,1,2412,False,True
1778943679.2899756,data,null_data,8e:8e:6f:93:93:5f,70:0b:01:45:f0:90,70:0b:01:45:f0:90,8e:8e:6f:93:93:5f,70:0b:01:45:f0:90,,-91,1,2412,False,True
1778943679.2907703,data,null_data,8e:8e:6f:93:93:5f,70:0b:01:45:f0:90,70:0b:01:45:f0:90,8e:8e:6f:93:93:5f,70:0b:01:45:f0:90,,-86,1,2412,False,True
1778943679.2915392,data,null_data,8e:8e:6f:93:93:5f,70:0b:01:45:f0:90,70:0b:01:45:f0:90,8e:8e:6f:93:93:5f,70:0b:01:45:f0:90,,-86,1,2412,False,True
1778943679.3135538,management,beacon,d8:d7:75:45:81:24,ff:ff:ff:ff:ff:ff,ff:ff:ff:ff:ff:ff,d8:d7:75:45:81:24,d8:d7:75:45:81:24,FunBox2-8124,-44,1,2412,False,False
1778943679.415988,management,beacon,d8:d7:75:45:81:24,ff:ff:ff:ff:ff:ff,ff:ff:ff:ff:ff:ff,d8:d7:75:45:81:24,d8:d7:75:45:81:24,FunBox2-8124,-45,1,2412,False,False
1778943679.620736,management,beacon,d8:d7:75:45:81:24,ff:ff:ff:ff:ff:ff,ff:ff:ff:ff:ff:ff,d8:d7:75:45:81:24,d8:d7:75:45:81:24,FunBox2-8124,-46,1,2412,False,False
1778943679.622055,data,null_data,50:02:91:e8:18:ec,d8:d7:75:45:81:24,d8:d7:75:45:81:24,50:02:91:e8:18:ec,d8:d7:75:45:81:24,,-82,1,2412,False,True
1778943679.6223824,data,null_data,50:02:91:e8:18:ec,d8:d7:75:45:81:24,d8:d7:75:45:81:24,50:02:91:e8:18:ec,d8:d7:75:45:81:24,,-84,1,2412,False,True
1778943679.62271,data,null_data,50:02:91:e8:18:ec,d8:d7:75:45:81:24,d8:d7:75:45:81:24,50:02:91:e8:18:ec,d8:d7:75:45:81:24,,-84,1,2412,False,True
1778943679.6236792,data,null_data,50:02:91:e8:18:ec,d8:d7:75:45:81:24,d8:d7:75:45:81:24,50:02:91:e8:18:ec,d8:d7:75:45:81:24,,-84,1,2412,False,True
1778943679.6242619,data,null_data,50:02:91:e8:18:ec,d8:d7:75:45:81:24,d8:d7:75:45:81:24,50:02:91:e8:18:ec,d8:d7:75:45:81:24,,-85,1,2412,False,True
1778943679.6245792,control,ack,,50:02:91:e8:18:ec,50:02:91:e8:18:ec,,,,-47,1,2412,False,False
1778943679.723174,management,beacon,d8:d7:75:45:81:24,ff:ff:ff:ff:ff:ff,ff:ff:ff:ff:ff:ff,d8:d7:75:45:81:24,d8:d7:75:45:81:24,FunBox2-8124,-46,1,2412,False,False
1778943679.7855299,control,ack,,02:9a:79:86:1a:fe,02:9a:79:86:1a:fe,,,,-86,1,2412,False,False
1778943679.7888114,management,probe_response,d8:d7:75:45:81:24,02:9a:79:86:1a:fe,02:9a:79:86:1a:fe,d8:d7:75:45:81:24,d8:d7:75:45:81:24,FunBox2-8124,-43,1,2412,False,False
1778943679.7893147,control,ack,,d8:d7:75:45:81:24,d8:d7:75:45:81:24,,,,-48,1,2412,False,False
1778943679.789317,data,null_data,50:02:91:e8:18:ec,d8:d7:75:45:81:24,d8:d7:75:45:81:24,50:02:91:e8:18:ec,d8:d7:75:45:81:24,,-86,1,2412,False,True
1778943679.7893186,control,ack,,50:02:91:e8:18:ec,50:02:91:e8:18:ec,,,,-49,1,2412,False,False
1778943679.8120584,management,probe_response,d8:d7:75:45:81:24,02:9a:79:86:1a:fe,02:9a:79:86:1a:fe,d8:d7:75:45:81:24,d8:d7:75:45:81:24,FunBox2-8124,-48,1,2412,False,False
1778943679.8123574,control,ack,,d8:d7:75:45:81:24,d8:d7:75:45:81:24,,,,-49,1,2412,False,False
1778943679.825577,management,beacon,d8:d7:75:45:81:24,ff:ff:ff:ff:ff:ff,ff:ff:ff:ff:ff:ff,d8:d7:75:45:81:24,d8:d7:75:45:81:24,FunBox2-8124,-46,1,2412,False,False
1778943679.826222,data,null_data,8e:8e:6f:93:93:5f,70:0b:01:45:f0:90,70:0b:01:45:f0:90,8e:8e:6f:93:93:5f,70:0b:01:45:f0:90,,-88,1,2412,False,True
1778943679.9280062,management,beacon,d8:d7:75:45:81:24,ff:ff:ff:ff:ff:ff,ff:ff:ff:ff:ff:ff,d8:d7:75:45:81:24,d8:d7:75:45:81:24,FunBox2-8124,-46,1,2412,False,False
1778943680.1352742,management,beacon,d8:d7:75:45:81:24,ff:ff:ff:ff:ff:ff,ff:ff:ff:ff:ff:ff,d8:d7:75:45:81:24,d8:d7:75:45:81:24,FunBox2-8124,-44,1,2412,False,False
1778943680.2351873,management,beacon,d8:d7:75:45:81:24,ff:ff:ff:ff:ff:ff,ff:ff:ff:ff:ff:ff,d8:d7:75:45:81:24,d8:d7:75:45:81:24,FunBox2-8124,-49,1,2412,False,False
1778943680.3376234,management,beacon,d8:d7:75:45:81:24,ff:ff:ff:ff:ff:ff,ff:ff:ff:ff:ff:ff,d8:d7:75:45:81:24,d8:d7:75:45:81:24,FunBox2-8124,-45,1,2412,False,False
1778943680.4400039,management,beacon,d8:d7:75:45:81:24,ff:ff:ff:ff:ff:ff,ff:ff:ff:ff:ff:ff,d8:d7:75:45:81:24,d8:d7:75:45:81:24,FunBox2-8124,-44,1,2412,False,False
1778943680.6448205,management,beacon,d8:d7:75:45:81:24,ff:ff:ff:ff:ff:ff,ff:ff:ff:ff:ff:ff,d8:d7:75:45:81:24,d8:d7:75:45:81:24,FunBox2-8124,-45,1,2412,False,False
1778943680.7472324,management,beacon,d8:d7:75:45:81:24,ff:ff:ff:ff:ff:ff,ff:ff:ff:ff:ff:ff,d8:d7:75:45:81:24,d8:d7:75:45:81:24,FunBox2-8124,-44,1,2412,False,False
1778943680.8496187,management,beacon,d8:d7:75:45:81:24,ff:ff:ff:ff:ff:ff,ff:ff:ff:ff:ff:ff,d8:d7:75:45:81:24,d8:d7:75:45:81:24,FunBox2-8124,-43,1,2412,False,False
1778943680.9520261,management,beacon,d8:d7:75:45:81:24,ff:ff:ff:ff:ff:ff,ff:ff:ff:ff:ff:ff,d8:d7:75:45:81:24,d8:d7:75:45:81:24,FunBox2-8124,-46,1,2412,False,False
1778943681.1568534,management,beacon,d8:d7:75:45:81:24,ff:ff:ff:ff:ff:ff,ff:ff:ff:ff:ff:ff,d8:d7:75:45:81:24,d8:d7:75:45:81:24,FunBox2-8124,-43,1,2412,False,False
1778943681.2592475,management,beacon,d8:d7:75:45:81:24,ff:ff:ff:ff:ff:ff,ff:ff:ff:ff:ff:ff,d8:d7:75:45:81:24,d8:d7:75:45:81:24,FunBox2-8124,-46,1,2412,False,False
1778943681.361653,management,beacon,d8:d7:75:45:81:24,ff:ff:ff:ff:ff:ff,ff:ff:ff:ff:ff:ff,d8:d7:75:45:81:24,d8:d7:75:45:81:24,FunBox2-8124,-46,1,2412,False,False
1778943681.464033,management,beacon,d8:d7:75:45:81:24,ff:ff:ff:ff:ff:ff,ff:ff:ff:ff:ff:ff,d8:d7:75:45:81:24,d8:d7:75:45:81:24,FunBox2-8124,-45,1,2412,False,False
1778943681.568404,data,null_data,50:02:91:e8:18:ec,d8:d7:75:45:81:24,d8:d7:75:45:81:24,50:02:91:e8:18:ec,d8:d7:75:45:81:24,,-85,1,2412,False,True
1778943681.5689344,data,null_data,50:02:91:e8:18:ec,d8:d7:75:45:81:24,d8:d7:75:45:81:24,50:02:91:e8:18:ec,d8:d7:75:45:81:24,,-82,1,2412,False,True
1778943681.569481,data,null_data,50:02:91:e8:18:ec,d8:d7:75:45:81:24,d8:d7:75:45:81:24,50:02:91:e8:18:ec,d8:d7:75:45:81:24,,-85,1,2412,False,True
1778943681.5700564,data,null_data,50:02:91:e8:18:ec,d8:d7:75:45:81:24,d8:d7:75:45:81:24,50:02:91:e8:18:ec,d8:d7:75:45:81:24,,-83,1,2412,False,True
1778943681.570373,control,ack,,50:02:91:e8:18:ec,50:02:91:e8:18:ec,,,,-43,1,2412,False,False
1778943681.6688359,management,beacon,d8:d7:75:45:81:24,ff:ff:ff:ff:ff:ff,ff:ff:ff:ff:ff:ff,d8:d7:75:45:81:24,d8:d7:75:45:81:24,FunBox2-8124,-47,1,2412,False,False
1778943681.7314281,data,null_data,50:02:91:e8:18:ec,d8:d7:75:45:81:24,d8:d7:75:45:81:24,50:02:91:e8:18:ec,d8:d7:75:45:81:24,,-83,1,2412,False,False
1778943681.7314382,control,ack,,50:02:91:e8:18:ec,50:02:91:e8:18:ec,,,,-47,1,2412,False,False
1778943681.7712417,management,beacon,d8:d7:75:45:81:24,ff:ff:ff:ff:ff:ff,ff:ff:ff:ff:ff:ff,d8:d7:75:45:81:24,d8:d7:75:45:81:24,FunBox2-8124,-45,1,2412,False,False
1778943681.803868,data,null_data,8e:8e:6f:93:93:5f,70:0b:01:45:f0:90,70:0b:01:45:f0:90,8e:8e:6f:93:93:5f,70:0b:01:45:f0:90,,-87,1,2412,False,False
1778943681.8736596,management,beacon,d8:d7:75:45:81:24,ff:ff:ff:ff:ff:ff,ff:ff:ff:ff:ff:ff,d8:d7:75:45:81:24,d8:d7:75:45:81:24,FunBox2-8124,-43,1,2412,False,False
1778943681.9760673,management,beacon,d8:d7:75:45:81:24,ff:ff:ff:ff:ff:ff,ff:ff:ff:ff:ff:ff,d8:d7:75:45:81:24,d8:d7:75:45:81:24,FunBox2-8124,-46,1,2412,False,False
1778943682.1808298,management,beacon,d8:d7:75:45:81:24,ff:ff:ff:ff:ff:ff,ff:ff:ff:ff:ff:ff,d8:d7:75:45:81:24,d8:d7:75:45:81:24,FunBox2-8124,-44,1,2412,False,False
1778943682.283261,management,beacon,d8:d7:75:45:81:24,ff:ff:ff:ff:ff:ff,ff:ff:ff:ff:ff:ff,d8:d7:75:45:81:24,d8:d7:75:45:81:24,FunBox2-8124,-42,1,2412,False,False
1778943682.385692,management,beacon,d8:d7:75:45:81:24,ff:ff:ff:ff:ff:ff,ff:ff:ff:ff:ff:ff,d8:d7:75:45:81:24,d8:d7:75:45:81:24,FunBox2-8124,-45,1,2412,False,False
1778943682.4880593,management,beacon,d8:d7:75:45:81:24,ff:ff:ff:ff:ff:ff,ff:ff:ff:ff:ff:ff,d8:d7:75:45:81:24,d8:d7:75:45:81:24,FunBox2-8124,-44,1,2412,False,False
1778943682.6928737,management,beacon,d8:d7:75:45:81:24,ff:ff:ff:ff:ff:ff,ff:ff:ff:ff:ff:ff,d8:d7:75:45:81:24,d8:d7:75:45:81:24,FunBox2-8124,-42,1,2412,False,False
1778943682.7953289,management,beacon,d8:d7:75:45:81:24,ff:ff:ff:ff:ff:ff,ff:ff:ff:ff:ff:ff,d8:d7:75:45:81:24,d8:d7:75:45:81:24,FunBox2-8124,-45,1,2412,False,False
1778943682.897692,management,beacon,d8:d7:75:45:81:24,ff:ff:ff:ff:ff:ff,ff:ff:ff:ff:ff:ff,d8:d7:75:45:81:24,d8:d7:75:45:81:24,FunBox2-8124,-42,1,2412,False,False
1778943683.0049198,management,beacon,d8:d7:75:45:81:24,ff:ff:ff:ff:ff:ff,ff:ff:ff:ff:ff:ff,d8:d7:75:45:81:24,d8:d7:75:45:81:24,FunBox2-8124,-45,1,2412,False,False
1778943683.1025128,management,beacon,d8:d7:75:45:81:24,ff:ff:ff:ff:ff:ff,ff:ff:ff:ff:ff:ff,d8:d7:75:45:81:24,d8:d7:75:45:81:24,FunBox2-8124,-45,1,2412,False,False
1778943683.1036837,data,null_data,50:02:91:e8:18:ec,d8:d7:75:45:81:24,d8:d7:75:45:81:24,50:02:91:e8:18:ec,d8:d7:75:45:81:24,,-82,1,2412,False,False
1778943683.2075446,management,beacon,d8:d7:75:45:81:24,ff:ff:ff:ff:ff:ff,ff:ff:ff:ff:ff:ff,d8:d7:75:45:81:24,d8:d7:75:45:81:24,FunBox2-8124,-45,1,2412,False,False
1778943683.2659066,data,null_data,50:02:91:e8:18:ec,d8:d7:75:45:81:24,d8:d7:75:45:81:24,50:02:91:e8:18:ec,d8:d7:75:45:81:24,,-83,1,2412,False,False
1778943683.2659192,control,ack,,50:02:91:e8:18:ec,50:02:91:e8:18:ec,,,,-49,1,2412,False,False
1778943683.3073022,management,beacon,d8:d7:75:45:81:24,ff:ff:ff:ff:ff:ff,ff:ff:ff:ff:ff:ff,d8:d7:75:45:81:24,d8:d7:75:45:81:24,FunBox2-8124,-45,1,2412,False,False
1778943683.4097145,management,beacon,d8:d7:75:45:81:24,ff:ff:ff:ff:ff:ff,ff:ff:ff:ff:ff:ff,d8:d7:75:45:81:24,d8:d7:75:45:81:24,FunBox2-8124,-46,1,2412,False,False
1778943683.5121052,management,beacon,d8:d7:75:45:81:24,ff:ff:ff:ff:ff:ff,ff:ff:ff:ff:ff:ff,d8:d7:75:45:81:24,d8:d7:75:45:81:24,FunBox2-8124,-46,1,2412,False,False
1778943683.6145096,management,beacon,d8:d7:75:45:81:24,ff:ff:ff:ff:ff:ff,ff:ff:ff:ff:ff:ff,d8:d7:75:45:81:24,d8:d7:75:45:81:24,FunBox2-8124,-44,1,2412,False,False
1778943683.7169297,management,beacon,d8:d7:75:45:81:24,ff:ff:ff:ff:ff:ff,ff:ff:ff:ff:ff:ff,d8:d7:75:45:81:24,d8:d7:75:45:81:24,FunBox2-8124,-46,1,2412,False,False
1778943683.8193219,management,beacon,d8:d7:75:45:81:24,ff:ff:ff:ff:ff:ff,ff:ff:ff:ff:ff:ff,d8:d7:75:45:81:24,d8:d7:75:45:81:24,FunBox2-8124,-43,1,2412,False,False
1778943683.9216967,management,beacon,d8:d7:75:45:81:24,ff:ff:ff:ff:ff:ff,ff:ff:ff:ff:ff:ff,d8:d7:75:45:81:24,d8:d7:75:45:81:24,FunBox2-8124,-45,1,2412,False,False
1778943684.0243015,management,beacon,d8:d7:75:45:81:24,ff:ff:ff:ff:ff:ff,ff:ff:ff:ff:ff:ff,d8:d7:75:45:81:24,d8:d7:75:45:81:24,FunBox2-8124,-42,1,2412,False,False
1778943684.1265807,management,beacon,d8:d7:75:45:81:24,ff:ff:ff:ff:ff:ff,ff:ff:ff:ff:ff:ff,d8:d7:75:45:81:24,d8:d7:75:45:81:24,FunBox2-8124,-43,1,2412,False,False
1778943684.2289796,management,beacon,d8:d7:75:45:81:24,ff:ff:ff:ff:ff:ff,ff:ff:ff:ff:ff:ff,d8:d7:75:45:81:24,d8:d7:75:45:81:24,FunBox2-8124,-46,1,2412,False,False
1778943684.3313322,management,beacon,d8:d7:75:45:81:24,ff:ff:ff:ff:ff:ff,ff:ff:ff:ff:ff:ff,d8:d7:75:45:81:24,d8:d7:75:45:81:24,FunBox2-8124,-46,1,2412,False,False
1778943684.4337375,management,beacon,d8:d7:75:45:81:24,ff:ff:ff:ff:ff:ff,ff:ff:ff:ff:ff:ff,d8:d7:75:45:81:24,d8:d7:75:45:81:24,FunBox2-8124,-42,1,2412,False,False
1778943684.536131,management,beacon,d8:d7:75:45:81:24,ff:ff:ff:ff:ff:ff,ff:ff:ff:ff:ff:ff,d8:d7:75:45:81:24,d8:d7:75:45:81:24,FunBox2-8124,-46,1,2412,False,False
1778943684.5372636,data,null_data,50:02:91:e8:18:ec,d8:d7:75:45:81:24,d8:d7:75:45:81:24,50:02:91:e8:18:ec,d8:d7:75:45:81:24,,-83,1,2412,False,False
1778943684.5391033,data,null_data,50:02:91:e8:18:ec,d8:d7:75:45:81:24,d8:d7:75:45:81:24,50:02:91:e8:18:ec,d8:d7:75:45:81:24,,-85,1,2412,False,True
1778943684.5400035,control,ack,,50:02:91:e8:18:ec,50:02:91:e8:18:ec,,,,-46,1,2412,False,False
1778943684.6385367,management,beacon,d8:d7:75:45:81:24,ff:ff:ff:ff:ff:ff,ff:ff:ff:ff:ff:ff,d8:d7:75:45:81:24,d8:d7:75:45:81:24,FunBox2-8124,-42,1,2412,False,False
1778943684.701061,data,null_data,50:02:91:e8:18:ec,d8:d7:75:45:81:24,d8:d7:75:45:81:24,50:02:91:e8:18:ec,d8:d7:75:45:81:24,,-82,1,2412,False,False
1778943684.7010767,control,ack,,50:02:91:e8:18:ec,50:02:91:e8:18:ec,,,,-48,1,2412,False,False
1778943684.740959,management,beacon,d8:d7:75:45:81:24,ff:ff:ff:ff:ff:ff,ff:ff:ff:ff:ff:ff,d8:d7:75:45:81:24,d8:d7:75:45:81:24,FunBox2-8124,-43,1,2412,False,False
1778943684.8433833,management,beacon,d8:d7:75:45:81:24,ff:ff:ff:ff:ff:ff,ff:ff:ff:ff:ff:ff,d8:d7:75:45:81:24,d8:d7:75:45:81:24,FunBox2-8124,-47,1,2412,False,False
1778943685.0481374,management,beacon,d8:d7:75:45:81:24,ff:ff:ff:ff:ff:ff,ff:ff:ff:ff:ff:ff,d8:d7:75:45:81:24,d8:d7:75:45:81:24,FunBox2-8124,-43,1,2412,False,False
1778943685.1505494,management,beacon,d8:d7:75:45:81:24,ff:ff:ff:ff:ff:ff,ff:ff:ff:ff:ff:ff,d8:d7:75:45:81:24,d8:d7:75:45:81:24,FunBox2-8124,-45,1,2412,False,False
1778943685.2529783,management,beacon,d8:d7:75:45:81:24,ff:ff:ff:ff:ff:ff,ff:ff:ff:ff:ff:ff,d8:d7:75:45:81:24,d8:d7:75:45:81:24,FunBox2-8124,-44,1,2412,False,False
1778943685.3554068,management,beacon,d8:d7:75:45:81:24,ff:ff:ff:ff:ff:ff,ff:ff:ff:ff:ff:ff,d8:d7:75:45:81:24,d8:d7:75:45:81:24,FunBox2-8124,-45,1,2412,False,False
1778943685.4578052,management,beacon,d8:d7:75:45:81:24,ff:ff:ff:ff:ff:ff,ff:ff:ff:ff:ff:ff,d8:d7:75:45:81:24,d8:d7:75:45:81:24,FunBox2-8124,-45,1,2412,False,False
1778943685.560174,management,beacon,d8:d7:75:45:81:24,ff:ff:ff:ff:ff:ff,ff:ff:ff:ff:ff:ff,d8:d7:75:45:81:24,d8:d7:75:45:81:24,FunBox2-8124,-42,1,2412,False,False
1778943685.764982,management,beacon,d8:d7:75:45:81:24,ff:ff:ff:ff:ff:ff,ff:ff:ff:ff:ff:ff,d8:d7:75:45:81:24,d8:d7:75:45:81:24,FunBox2-8124,-44,1,2412,False,False
1778943685.8751028,management,beacon,d8:d7:75:45:81:24,ff:ff:ff:ff:ff:ff,ff:ff:ff:ff:ff:ff,d8:d7:75:45:81:24,d8:d7:75:45:81:24,FunBox2-8124,-45,1,2412,False,False
1778943685.875116,data,null_data,50:02:91:e8:18:ec,d8:d7:75:45:81:24,d8:d7:75:45:81:24,50:02:91:e8:18:ec,d8:d7:75:45:81:24,,-82,1,2412,False,False
1778943685.8751192,control,ack,,50:02:91:e8:18:ec,50:02:91:e8:18:ec,,,,-47,1,2412,False,False
1778943685.8751204,data,null_data,50:02:91:e8:18:ec,d8:d7:75:45:81:24,d8:d7:75:45:81:24,50:02:91:e8:18:ec,d8:d7:75:45:81:24,,-83,1,2412,False,True
1778943685.8751214,control,ack,,50:02:91:e8:18:ec,50:02:91:e8:18:ec,,,,-46,1,2412,False,False
1778943685.8755066,data,null_data,50:02:91:e8:18:ec,d8:d7:75:45:81:24,d8:d7:75:45:81:24,50:02:91:e8:18:ec,d8:d7:75:45:81:24,,-88,1,2412,False,True
1778943685.875509,control,ack,,50:02:91:e8:18:ec,50:02:91:e8:18:ec,,,,-44,1,2412,False,False
1778943685.9698448,management,beacon,d8:d7:75:45:81:24,ff:ff:ff:ff:ff:ff,ff:ff:ff:ff:ff:ff,d8:d7:75:45:81:24,d8:d7:75:45:81:24,FunBox2-8124,-42,1,2412,False,False
1778943686.0363953,data,null_data,50:02:91:e8:18:ec,d8:d7:75:45:81:24,d8:d7:75:45:81:24,50:02:91:e8:18:ec,d8:d7:75:45:81:24,,-84,1,2412,False,False
1778943686.0364087,control,ack,,50:02:91:e8:18:ec,50:02:91:e8:18:ec,,,,-46,1,2412,False,False
1778943686.07224,management,beacon,d8:d7:75:45:81:24,ff:ff:ff:ff:ff:ff,ff:ff:ff:ff:ff:ff,d8:d7:75:45:81:24,d8:d7:75:45:81:24,FunBox2-8124,-42,1,2412,False,False
1778943686.1113083,data,null_data,8e:8e:6f:93:93:5f,70:0b:01:45:f0:90,70:0b:01:45:f0:90,8e:8e:6f:93:93:5f,70:0b:01:45:f0:90,,-88,1,2412,False,False
1778943686.113689,data,null_data,8e:8e:6f:93:93:5f,70:0b:01:45:f0:90,70:0b:01:45:f0:90,8e:8e:6f:93:93:5f,70:0b:01:45:f0:90,,-91,1,2412,False,True
1778943686.1185784,data,null_data,8e:8e:6f:93:93:5f,70:0b:01:45:f0:90,70:0b:01:45:f0:90,8e:8e:6f:93:93:5f,70:0b:01:45:f0:90,,-88,1,2412,False,True
1778943686.1532953,data,null_data,8e:8e:6f:93:93:5f,70:0b:01:45:f0:90,70:0b:01:45:f0:90,8e:8e:6f:93:93:5f,70:0b:01:45:f0:90,,-93,1,2412,False,False
1778943686.1746132,management,beacon,d8:d7:75:45:81:24,ff:ff:ff:ff:ff:ff,ff:ff:ff:ff:ff:ff,d8:d7:75:45:81:24,d8:d7:75:45:81:24,FunBox2-8124,-45,1,2412,False,False
1778943686.2231321,management,probe_request,0e:48:b2:13:5c:28,ff:ff:ff:ff:ff:ff,ff:ff:ff:ff:ff:ff,0e:48:b2:13:5c:28,ff:ff:ff:ff:ff:ff,Blossom20,-88,1,2412,False,False
1778943686.227568,management,probe_response,d8:d7:75:45:81:24,12:05:60:48:63:28,12:05:60:48:63:28,d8:d7:75:45:81:24,d8:d7:75:45:81:24,FunBox2-8124,-44,1,2412,False,False
1778943686.2341132,control,ack,,ac:84:c6:41:71:22,ac:84:c6:41:71:22,,,,-89,1,2412,False,False
1778943686.2377589,management,probe_response,d8:d7:75:45:81:24,12:05:60:48:63:28,12:05:60:48:63:28,d8:d7:75:45:81:24,d8:d7:75:45:81:24,FunBox2-8124,-42,1,2412,False,True
1778943686.245113,management,probe_response,d8:d7:75:45:81:24,12:05:60:48:63:28,12:05:60:48:63:28,d8:d7:75:45:81:24,d8:d7:75:45:81:24,FunBox2-8124,-44,1,2412,False,True
1778943686.2492583,management,probe_response,d8:d7:75:45:81:24,12:05:60:48:63:28,12:05:60:48:63:28,d8:d7:75:45:81:24,d8:d7:75:45:81:24,FunBox2-8124,-42,1,2412,False,True
1778943686.2770083,management,beacon,d8:d7:75:45:81:24,ff:ff:ff:ff:ff:ff,ff:ff:ff:ff:ff:ff,d8:d7:75:45:81:24,d8:d7:75:45:81:24,FunBox2-8124,-46,1,2412,False,False
1778943686.3221047,data,null_data,8e:8e:6f:93:93:5f,70:0b:01:45:f0:90,70:0b:01:45:f0:90,8e:8e:6f:93:93:5f,70:0b:01:45:f0:90,,-88,1,2412,False,False
1778943686.3228853,data,null_data,8e:8e:6f:93:93:5f,70:0b:01:45:f0:90,70:0b:01:45:f0:90,8e:8e:6f:93:93:5f,70:0b:01:45:f0:90,,-87,1,2412,False,True
1778943686.323748,data,null_data,8e:8e:6f:93:93:5f,70:0b:01:45:f0:90,70:0b:01:45:f0:90,8e:8e:6f:93:93:5f,70:0b:01:45:f0:90,,-86,1,2412,False,True
1778943686.324515,data,null_data,8e:8e:6f:93:93:5f,70:0b:01:45:f0:90,70:0b:01:45:f0:90,8e:8e:6f:93:93:5f,70:0b:01:45:f0:90,,-87,1,2412,False,True
1778943686.325292,data,null_data,8e:8e:6f:93:93:5f,70:0b:01:45:f0:90,70:0b:01:45:f0:90,8e:8e:6f:93:93:5f,70:0b:01:45:f0:90,,-88,1,2412,False,True
1778943686.326091,data,null_data,8e:8e:6f:93:93:5f,70:0b:01:45:f0:90,70:0b:01:45:f0:90,8e:8e:6f:93:93:5f,70:0b:01:45:f0:90,,-86,1,2412,False,True
1778943686.326906,data,null_data,8e:8e:6f:93:93:5f,70:0b:01:45:f0:90,70:0b:01:45:f0:90,8e:8e:6f:93:93:5f,70:0b:01:45:f0:90,,-88,1,2412,False,True
1778943686.3635077,data,null_data,8e:8e:6f:93:93:5f,70:0b:01:45:f0:90,70:0b:01:45:f0:90,8e:8e:6f:93:93:5f,70:0b:01:45:f0:90,,-90,1,2412,False,False
1778943686.364256,data,null_data,8e:8e:6f:93:93:5f,70:0b:01:45:f0:90,70:0b:01:45:f0:90,8e:8e:6f:93:93:5f,70:0b:01:45:f0:90,,-88,1,2412,False,True
1778943686.3650699,data,null_data,8e:8e:6f:93:93:5f,70:0b:01:45:f0:90,70:0b:01:45:f0:90,8e:8e:6f:93:93:5f,70:0b:01:45:f0:90,,-88,1,2412,False,True
1778943686.365872,data,null_data,8e:8e:6f:93:93:5f,70:0b:01:45:f0:90,70:0b:01:45:f0:90,8e:8e:6f:93:93:5f,70:0b:01:45:f0:90,,-87,1,2412,False,True
1778943686.3666754,data,null_data,8e:8e:6f:93:93:5f,70:0b:01:45:f0:90,70:0b:01:45:f0:90,8e:8e:6f:93:93:5f,70:0b:01:45:f0:90,,-87,1,2412,False,True
1778943686.3674774,data,null_data,8e:8e:6f:93:93:5f,70:0b:01:45:f0:90,70:0b:01:45:f0:90,8e:8e:6f:93:93:5f,70:0b:01:45:f0:90,,-87,1,2412,False,True
1778943686.3794355,management,beacon,d8:d7:75:45:81:24,ff:ff:ff:ff:ff:ff,ff:ff:ff:ff:ff:ff,d8:d7:75:45:81:24,d8:d7:75:45:81:24,FunBox2-8124,-45,1,2412,False,False
1778943686.4610727,data,null_data,8e:8e:6f:93:93:5f,70:0b:01:45:f0:90,70:0b:01:45:f0:90,8e:8e:6f:93:93:5f,70:0b:01:45:f0:90,,-87,1,2412,False,False
1778943686.461974,data,null_data,8e:8e:6f:93:93:5f,70:0b:01:45:f0:90,70:0b:01:45:f0:90,8e:8e:6f:93:93:5f,70:0b:01:45:f0:90,,-89,1,2412,False,True
1778943686.462819,data,null_data,8e:8e:6f:93:93:5f,70:0b:01:45:f0:90,70:0b:01:45:f0:90,8e:8e:6f:93:93:5f,70:0b:01:45:f0:90,,-86,1,2412,False,True
1778943686.4636414,data,null_data,8e:8e:6f:93:93:5f,70:0b:01:45:f0:90,70:0b:01:45:f0:90,8e:8e:6f:93:93:5f,70:0b:01:45:f0:90,,-89,1,2412,False,True
1778943686.4652545,data,null_data,8e:8e:6f:93:93:5f,70:0b:01:45:f0:90,70:0b:01:45:f0:90,8e:8e:6f:93:93:5f,70:0b:01:45:f0:90,,-89,1,2412,False,True
1778943686.4660306,data,null_data,8e:8e:6f:93:93:5f,70:0b:01:45:f0:90,70:0b:01:45:f0:90,8e:8e:6f:93:93:5f,70:0b:01:45:f0:90,,-87,1,2412,False,True
1778943686.4818206,management,beacon,d8:d7:75:45:81:24,ff:ff:ff:ff:ff:ff,ff:ff:ff:ff:ff:ff,d8:d7:75:45:81:24,d8:d7:75:45:81:24,FunBox2-8124,-47,1,2412,False,False
1778943686.5032167,data,null_data,8e:8e:6f:93:93:5f,70:0b:01:45:f0:90,70:0b:01:45:f0:90,8e:8e:6f:93:93:5f,70:0b:01:45:f0:90,,-90,1,2412,False,False
1778943686.503978,data,null_data,8e:8e:6f:93:93:5f,70:0b:01:45:f0:90,70:0b:01:45:f0:90,8e:8e:6f:93:93:5f,70:0b:01:45:f0:90,,-90,1,2412,False,True
1778943686.5064068,data,null_data,8e:8e:6f:93:93:5f,70:0b:01:45:f0:90,70:0b:01:45:f0:90,8e:8e:6f:93:93:5f,70:0b:01:45:f0:90,,-90,1,2412,False,True
1778943686.5072255,data,null_data,8e:8e:6f:93:93:5f,70:0b:01:45:f0:90,70:0b:01:45:f0:90,8e:8e:6f:93:93:5f,70:0b:01:45:f0:90,,-88,1,2412,False,True
1778943686.5080373,data,null_data,8e:8e:6f:93:93:5f,70:0b:01:45:f0:90,70:0b:01:45:f0:90,8e:8e:6f:93:93:5f,70:0b:01:45:f0:90,,-90,1,2412,False,True
1778943686.5495749,data,null_data,8e:8e:6f:93:93:5f,70:0b:01:45:f0:90,70:0b:01:45:f0:90,8e:8e:6f:93:93:5f,70:0b:01:45:f0:90,,-90,1,2412,False,True
1778943686.5841925,management,beacon,d8:d7:75:45:81:24,ff:ff:ff:ff:ff:ff,ff:ff:ff:ff:ff:ff,d8:d7:75:45:81:24,d8:d7:75:45:81:24,FunBox2-8124,-46,1,2412,False,False
1778943686.68662,management,beacon,d8:d7:75:45:81:24,ff:ff:ff:ff:ff:ff,ff:ff:ff:ff:ff:ff,d8:d7:75:45:81:24,d8:d7:75:45:81:24,FunBox2-8124,-41,1,2412,False,False
1778943686.7890537,management,beacon,d8:d7:75:45:81:24,ff:ff:ff:ff:ff:ff,ff:ff:ff:ff:ff:ff,d8:d7:75:45:81:24,d8:d7:75:45:81:24,FunBox2-8124,-45,1,2412,False,False
1778943686.8914018,management,beacon,d8:d7:75:45:81:24,ff:ff:ff:ff:ff:ff,ff:ff:ff:ff:ff:ff,d8:d7:75:45:81:24,d8:d7:75:45:81:24,FunBox2-8124,-41,1,2412,False,False
1778943686.9938283,management,beacon,d8:d7:75:45:81:24,ff:ff:ff:ff:ff:ff,ff:ff:ff:ff:ff:ff,d8:d7:75:45:81:24,d8:d7:75:45:81:24,FunBox2-8124,-45,1,2412,False,False
1778943687.0962472,management,beacon,d8:d7:75:45:81:24,ff:ff:ff:ff:ff:ff,ff:ff:ff:ff:ff:ff,d8:d7:75:45:81:24,d8:d7:75:45:81:24,FunBox2-8124,-46,1,2412,False,False
1778943687.1986365,management,beacon,d8:d7:75:45:81:24,ff:ff:ff:ff:ff:ff,ff:ff:ff:ff:ff:ff,d8:d7:75:45:81:24,d8:d7:75:45:81:24,FunBox2-8124,-42,1,2412,False,False
1778943687.301096,management,beacon,d8:d7:75:45:81:24,ff:ff:ff:ff:ff:ff,ff:ff:ff:ff:ff:ff,d8:d7:75:45:81:24,d8:d7:75:45:81:24,FunBox2-8124,-42,1,2412,False,False
1778943687.3032842,data,data,d8:d7:75:45:81:24,01:00:5e:00:00:fb,01:00:5e:00:00:fb,d8:d7:75:45:81:24,d8:d7:75:45:81:24,,-41,1,2412,True,False
1778943687.303638,data,null_data,50:02:91:e8:18:ec,d8:d7:75:45:81:24,d8:d7:75:45:81:24,50:02:91:e8:18:ec,d8:d7:75:45:81:24,,-83,1,2412,False,False
1778943687.3036401,control,ack,,50:02:91:e8:18:ec,50:02:91:e8:18:ec,,,,-45,1,2412,False,False
1778943687.4034812,management,beacon,d8:d7:75:45:81:24,ff:ff:ff:ff:ff:ff,ff:ff:ff:ff:ff:ff,d8:d7:75:45:81:24,d8:d7:75:45:81:24,FunBox2-8124,-47,1,2412,False,False
1778943687.4647388,data,null_data,50:02:91:e8:18:ec,d8:d7:75:45:81:24,d8:d7:75:45:81:24,50:02:91:e8:18:ec,d8:d7:75:45:81:24,,-81,1,2412,False,False
1778943687.4647524,control,ack,,50:02:91:e8:18:ec,50:02:91:e8:18:ec,,,,-43,1,2412,False,False
1778943687.4647534,data,null_data,50:02:91:e8:18:ec,d8:d7:75:45:81:24,d8:d7:75:45:81:24,50:02:91:e8:18:ec,d8:d7:75:45:81:24,,-81,1,2412,False,True
1778943687.4647543,control,ack,,50:02:91:e8:18:ec,50:02:91:e8:18:ec,,,,-46,1,2412,False,False
1778943687.5058885,management,beacon,d8:d7:75:45:81:24,ff:ff:ff:ff:ff:ff,ff:ff:ff:ff:ff:ff,d8:d7:75:45:81:24,d8:d7:75:45:81:24,FunBox2-8124,-41,1,2412,False,False
1778943687.610403,management,beacon,d8:d7:75:45:81:24,ff:ff:ff:ff:ff:ff,ff:ff:ff:ff:ff:ff,d8:d7:75:45:81:24,d8:d7:75:45:81:24,FunBox2-8124,-43,1,2412,False,False
1778943687.7106748,management,beacon,d8:d7:75:45:81:24,ff:ff:ff:ff:ff:ff,ff:ff:ff:ff:ff:ff,d8:d7:75:45:81:24,d8:d7:75:45:81:24,FunBox2-8124,-42,1,2412,False,False
1778943687.813056,management,beacon,d8:d7:75:45:81:24,ff:ff:ff:ff:ff:ff,ff:ff:ff:ff:ff:ff,d8:d7:75:45:81:24,d8:d7:75:45:81:24,FunBox2-8124,-45,1,2412,False,False
1778943687.915461,management,beacon,d8:d7:75:45:81:24,ff:ff:ff:ff:ff:ff,ff:ff:ff:ff:ff:ff,d8:d7:75:45:81:24,d8:d7:75:45:81:24,FunBox2-8124,-41,1,2412,False,False
1778943688.017869,management,beacon,d8:d7:75:45:81:24,ff:ff:ff:ff:ff:ff,ff:ff:ff:ff:ff:ff,d8:d7:75:45:81:24,d8:d7:75:45:81:24,FunBox2-8124,-47,1,2412,False,False
1778943688.1202912,management,beacon,d8:d7:75:45:81:24,ff:ff:ff:ff:ff:ff,ff:ff:ff:ff:ff:ff,d8:d7:75:45:81:24,d8:d7:75:45:81:24,FunBox2-8124,-44,1,2412,False,False
1778943688.2226892,management,beacon,d8:d7:75:45:81:24,ff:ff:ff:ff:ff:ff,ff:ff:ff:ff:ff:ff,d8:d7:75:45:81:24,d8:d7:75:45:81:24,FunBox2-8124,-41,1,2412,False,False
1778943688.3250809,management,beacon,d8:d7:75:45:81:24,ff:ff:ff:ff:ff:ff,ff:ff:ff:ff:ff:ff,d8:d7:75:45:81:24,d8:d7:75:45:81:24,FunBox2-8124,-43,1,2412,False,False
1778943688.427534,management,beacon,d8:d7:75:45:81:24,ff:ff:ff:ff:ff:ff,ff:ff:ff:ff:ff:ff,d8:d7:75:45:81:24,d8:d7:75:45:81:24,FunBox2-8124,-46,1,2412,False,False
1778943688.529919,management,beacon,d8:d7:75:45:81:24,ff:ff:ff:ff:ff:ff,ff:ff:ff:ff:ff:ff,d8:d7:75:45:81:24,d8:d7:75:45:81:24,FunBox2-8124,-46,1,2412,False,False
1778943688.632268,management,beacon,d8:d7:75:45:81:24,ff:ff:ff:ff:ff:ff,ff:ff:ff:ff:ff:ff,d8:d7:75:45:81:24,d8:d7:75:45:81:24,FunBox2-8124,-45,1,2412,False,False
1778943688.734666,management,beacon,d8:d7:75:45:81:24,ff:ff:ff:ff:ff:ff,ff:ff:ff:ff:ff:ff,d8:d7:75:45:81:24,d8:d7:75:45:81:24,FunBox2-8124,-45,1,2412,False,False
1778943688.837135,management,beacon,d8:d7:75:45:81:24,ff:ff:ff:ff:ff:ff,ff:ff:ff:ff:ff:ff,d8:d7:75:45:81:24,d8:d7:75:45:81:24,FunBox2-8124,-46,1,2412,False,False
1778943688.939527,management,beacon,d8:d7:75:45:81:24,ff:ff:ff:ff:ff:ff,ff:ff:ff:ff:ff:ff,d8:d7:75:45:81:24,d8:d7:75:45:81:24,FunBox2-8124,-42,1,2412,False,False
1778943689.0418959,management,beacon,d8:d7:75:45:81:24,ff:ff:ff:ff:ff:ff,ff:ff:ff:ff:ff:ff,d8:d7:75:45:81:24,d8:d7:75:45:81:24,FunBox2-8124,-43,1,2412,False,False
1778943689.144314,management,beacon,d8:d7:75:45:81:24,ff:ff:ff:ff:ff:ff,ff:ff:ff:ff:ff:ff,d8:d7:75:45:81:24,d8:d7:75:45:81:24,FunBox2-8124,-46,1,2412,False,False
1778943689.2467341,management,beacon,d8:d7:75:45:81:24,ff:ff:ff:ff:ff:ff,ff:ff:ff:ff:ff:ff,d8:d7:75:45:81:24,d8:d7:75:45:81:24,FunBox2-8124,-46,1,2412,False,False
1778943689.253104,management,probe_response,d8:d7:75:45:81:24,b0:72:bf:fa:5a:d5,b0:72:bf:fa:5a:d5,d8:d7:75:45:81:24,d8:d7:75:45:81:24,FunBox2-8124,-41,1,2412,False,False
1778943689.349166,management,beacon,d8:d7:75:45:81:24,ff:ff:ff:ff:ff:ff,ff:ff:ff:ff:ff:ff,d8:d7:75:45:81:24,d8:d7:75:45:81:24,FunBox2-8124,-43,1,2412,False,False
1778943689.4515426,management,beacon,d8:d7:75:45:81:24,ff:ff:ff:ff:ff:ff,ff:ff:ff:ff:ff:ff,d8:d7:75:45:81:24,d8:d7:75:45:81:24,FunBox2-8124,-47,1,2412,False,False
1778943689.4526806,data,null_data,50:02:91:e8:18:ec,d8:d7:75:45:81:24,d8:d7:75:45:81:24,50:02:91:e8:18:ec,d8:d7:75:45:81:24,,-83,1,2412,False,False
1778943689.4529335,data,null_data,50:02:91:e8:18:ec,d8:d7:75:45:81:24,d8:d7:75:45:81:24,50:02:91:e8:18:ec,d8:d7:75:45:81:24,,-82,1,2412,False,True
1778943689.4529357,control,ack,,50:02:91:e8:18:ec,50:02:91:e8:18:ec,,,,-49,1,2412,False,False
1778943689.553915,management,beacon,d8:d7:75:45:81:24,ff:ff:ff:ff:ff:ff,ff:ff:ff:ff:ff:ff,d8:d7:75:45:81:24,d8:d7:75:45:81:24,FunBox2-8124,-43,1,2412,False,False
1778943689.6138024,data,null_data,50:02:91:e8:18:ec,d8:d7:75:45:81:24,d8:d7:75:45:81:24,50:02:91:e8:18:ec,d8:d7:75:45:81:24,,-83,1,2412,False,False
1778943689.6138096,control,ack,,50:02:91:e8:18:ec,50:02:91:e8:18:ec,,,,-44,1,2412,False,False
1778943689.6272085,data,null_data,50:02:91:e8:18:ec,d8:d7:75:45:81:24,d8:d7:75:45:81:24,50:02:91:e8:18:ec,d8:d7:75:45:81:24,,-81,1,2412,False,False
1778943689.6272213,control,ack,,50:02:91:e8:18:ec,50:02:91:e8:18:ec,,,,-45,1,2412,False,False
1778943689.6563225,management,beacon,d8:d7:75:45:81:24,ff:ff:ff:ff:ff:ff,ff:ff:ff:ff:ff:ff,d8:d7:75:45:81:24,d8:d7:75:45:81:24,FunBox2-8124,-42,1,2412,False,False
1778943689.7587793,management,beacon,d8:d7:75:45:81:24,ff:ff:ff:ff:ff:ff,ff:ff:ff:ff:ff:ff,d8:d7:75:45:81:24,d8:d7:75:45:81:24,FunBox2-8124,-44,1,2412,False,False
1778943689.787993,data,null_data,50:02:91:e8:18:ec,d8:d7:75:45:81:24,d8:d7:75:45:81:24,50:02:91:e8:18:ec,d8:d7:75:45:81:24,,-82,1,2412,False,False
1778943689.7881832,data,null_data,50:02:91:e8:18:ec,d8:d7:75:45:81:24,d8:d7:75:45:81:24,50:02:91:e8:18:ec,d8:d7:75:45:81:24,,-82,1,2412,False,True
1778943689.788692,control,ack,,50:02:91:e8:18:ec,50:02:91:e8:18:ec,,,,-42,1,2412,False,False
1778943689.861155,management,beacon,d8:d7:75:45:81:24,ff:ff:ff:ff:ff:ff,ff:ff:ff:ff:ff:ff,d8:d7:75:45:81:24,d8:d7:75:45:81:24,FunBox2-8124,-47,1,2412,False,False
1778943689.9635665,management,beacon,d8:d7:75:45:81:24,ff:ff:ff:ff:ff:ff,ff:ff:ff:ff:ff:ff,d8:d7:75:45:81:24,d8:d7:75:45:81:24,FunBox2-8124,-45,1,2412,False,False
1778943690.0659673,management,beacon,d8:d7:75:45:81:24,ff:ff:ff:ff:ff:ff,ff:ff:ff:ff:ff:ff,d8:d7:75:45:81:24,d8:d7:75:45:81:24,FunBox2-8124,-46,1,2412,False,False
1778943690.067106,data,data,d8:d7:75:45:81:24,01:00:5e:00:00:01,01:00:5e:00:00:01,d8:d7:75:45:81:24,d8:d7:75:45:81:24,,-46,1,2412,True,False
1778943690.067599,control,ack,,d8:d7:75:45:81:24,d8:d7:75:45:81:24,,,,-86,1,2412,False,False
1778943690.067601,data,null_data,50:02:91:e8:18:ec,d8:d7:75:45:81:24,d8:d7:75:45:81:24,50:02:91:e8:18:ec,d8:d7:75:45:81:24,,-82,1,2412,False,False
1778943690.0676022,control,ack,,50:02:91:e8:18:ec,50:02:91:e8:18:ec,,,,-45,1,2412,False,False
1778943690.1683307,management,beacon,d8:d7:75:45:81:24,ff:ff:ff:ff:ff:ff,ff:ff:ff:ff:ff:ff,d8:d7:75:45:81:24,d8:d7:75:45:81:24,FunBox2-8124,-41,1,2412,False,False
1778943690.2285151,data,null_data,50:02:91:e8:18:ec,d8:d7:75:45:81:24,d8:d7:75:45:81:24,50:02:91:e8:18:ec,d8:d7:75:45:81:24,,-83,1,2412,False,False
1778943690.2285295,control,ack,,50:02:91:e8:18:ec,50:02:91:e8:18:ec,,,,-49,1,2412,False,False
1778943690.2707405,management,beacon,d8:d7:75:45:81:24,ff:ff:ff:ff:ff:ff,ff:ff:ff:ff:ff:ff,d8:d7:75:45:81:24,d8:d7:75:45:81:24,FunBox2-8124,-42,1,2412,False,False
1778943690.3731427,management,beacon,d8:d7:75:45:81:24,ff:ff:ff:ff:ff:ff,ff:ff:ff:ff:ff:ff,d8:d7:75:45:81:24,d8:d7:75:45:81:24,FunBox2-8124,-42,1,2412,False,False
1778943690.4755652,management,beacon,d8:d7:75:45:81:24,ff:ff:ff:ff:ff:ff,ff:ff:ff:ff:ff:ff,d8:d7:75:45:81:24,d8:d7:75:45:81:24,FunBox2-8124,-41,1,2412,False,False
1778943690.5109923,control,rts,54:35:30:cf:ee:1e,d8:d7:75:45:81:24,d8:d7:75:45:81:24,54:35:30:cf:ee:1e,,,-57,1,2412,False,False
1778943690.5114071,control,rts,54:35:30:cf:ee:1e,d8:d7:75:45:81:24,d8:d7:75:45:81:24,54:35:30:cf:ee:1e,,,-57,1,2412,False,False
1778943690.5114088,control,cts,,54:35:30:cf:ee:1e,54:35:30:cf:ee:1e,,,,-44,1,2412,False,False
1778943690.5114114,data,qos_data,54:35:30:cf:ee:1e,d8:d7:75:45:81:24,d8:d7:75:45:81:24,54:35:30:cf:ee:1e,01:00:5e:7f:ff:fa,,-57,1,2412,True,False
1778943690.5114148,control,block_ack,d8:d7:75:45:81:24,54:35:30:cf:ee:1e,54:35:30:cf:ee:1e,d8:d7:75:45:81:24,,,-45,1,2412,False,False
1778943690.5779696,management,beacon,d8:d7:75:45:81:24,ff:ff:ff:ff:ff:ff,ff:ff:ff:ff:ff:ff,d8:d7:75:45:81:24,d8:d7:75:45:81:24,FunBox2-8124,-41,1,2412,False,False
1778943690.6803875,management,beacon,d8:d7:75:45:81:24,ff:ff:ff:ff:ff:ff,ff:ff:ff:ff:ff:ff,d8:d7:75:45:81:24,d8:d7:75:45:81:24,FunBox2-8124,-45,1,2412,False,False
1778943690.6816125,data,data,d8:d7:75:45:81:24,01:00:5e:7f:ff:fa,01:00:5e:7f:ff:fa,d8:d7:75:45:81:24,54:35:30:cf:ee:1e,,-46,1,2412,True,False
1778943690.6823387,control,ack,,d8:d7:75:45:81:24,d8:d7:75:45:81:24,,,,-86,1,2412,False,False
1778943690.6823432,data,null_data,50:02:91:e8:18:ec,d8:d7:75:45:81:24,d8:d7:75:45:81:24,50:02:91:e8:18:ec,d8:d7:75:45:81:24,,-82,1,2412,False,False
1778943690.682345,control,ack,,50:02:91:e8:18:ec,50:02:91:e8:18:ec,,,,-44,1,2412,False,False
1778943690.6823459,control,ack,,50:02:91:e8:18:ec,50:02:91:e8:18:ec,,,,-45,1,2412,False,False
1778943690.7839577,management,beacon,d8:d7:75:45:81:24,ff:ff:ff:ff:ff:ff,ff:ff:ff:ff:ff:ff,d8:d7:75:45:81:24,d8:d7:75:45:81:24,FunBox2-8124,-46,1,2412,False,False
1778943690.843241,data,null_data,50:02:91:e8:18:ec,d8:d7:75:45:81:24,d8:d7:75:45:81:24,50:02:91:e8:18:ec,d8:d7:75:45:81:24,,-82,1,2412,False,False
1778943690.8432517,control,ack,,50:02:91:e8:18:ec,50:02:91:e8:18:ec,,,,-44,1,2412,False,False
1778943690.885206,management,beacon,d8:d7:75:45:81:24,ff:ff:ff:ff:ff:ff,ff:ff:ff:ff:ff:ff,d8:d7:75:45:81:24,d8:d7:75:45:81:24,FunBox2-8124,-43,1,2412,False,False
1778943690.9876266,management,beacon,d8:d7:75:45:81:24,ff:ff:ff:ff:ff:ff,ff:ff:ff:ff:ff:ff,d8:d7:75:45:81:24,d8:d7:75:45:81:24,FunBox2-8124,-44,1,2412,False,False
1778943691.0899851,management,beacon,d8:d7:75:45:81:24,ff:ff:ff:ff:ff:ff,ff:ff:ff:ff:ff:ff,d8:d7:75:45:81:24,d8:d7:75:45:81:24,FunBox2-8124,-45,1,2412,False,False
1778943691.192413,management,beacon,d8:d7:75:45:81:24,ff:ff:ff:ff:ff:ff,ff:ff:ff:ff:ff:ff,d8:d7:75:45:81:24,d8:d7:75:45:81:24,FunBox2-8124,-44,1,2412,False,False
1778943691.2947733,management,beacon,d8:d7:75:45:81:24,ff:ff:ff:ff:ff:ff,ff:ff:ff:ff:ff:ff,d8:d7:75:45:81:24,d8:d7:75:45:81:24,FunBox2-8124,-47,1,2412,False,False
1778943691.4995778,management,beacon,d8:d7:75:45:81:24,ff:ff:ff:ff:ff:ff,ff:ff:ff:ff:ff:ff,d8:d7:75:45:81:24,d8:d7:75:45:81:24,FunBox2-8124,-44,1,2412,False,False
1778943691.6020439,management,beacon,d8:d7:75:45:81:24,ff:ff:ff:ff:ff:ff,ff:ff:ff:ff:ff:ff,d8:d7:75:45:81:24,d8:d7:75:45:81:24,FunBox2-8124,-44,1,2412,False,False
1778943691.7044373,management,beacon,d8:d7:75:45:81:24,ff:ff:ff:ff:ff:ff,ff:ff:ff:ff:ff:ff,d8:d7:75:45:81:24,d8:d7:75:45:81:24,FunBox2-8124,-42,1,2412,False,False
1778943691.8068323,management,beacon,d8:d7:75:45:81:24,ff:ff:ff:ff:ff:ff,ff:ff:ff:ff:ff:ff,d8:d7:75:45:81:24,d8:d7:75:45:81:24,FunBox2-8124,-44,1,2412,False,False
1778943692.0116553,management,beacon,d8:d7:75:45:81:24,ff:ff:ff:ff:ff:ff,ff:ff:ff:ff:ff:ff,d8:d7:75:45:81:24,d8:d7:75:45:81:24,FunBox2-8124,-42,1,2412,False,False
1778943692.2164197,management,beacon,d8:d7:75:45:81:24,ff:ff:ff:ff:ff:ff,ff:ff:ff:ff:ff:ff,d8:d7:75:45:81:24,d8:d7:75:45:81:24,FunBox2-8124,-43,1,2412,False,False
1778943692.3188386,management,beacon,d8:d7:75:45:81:24,ff:ff:ff:ff:ff:ff,ff:ff:ff:ff:ff:ff,d8:d7:75:45:81:24,d8:d7:75:45:81:24,FunBox2-8124,-42,1,2412,False,False
1778943692.5236552,management,beacon,d8:d7:75:45:81:24,ff:ff:ff:ff:ff:ff,ff:ff:ff:ff:ff:ff,d8:d7:75:45:81:24,d8:d7:75:45:81:24,FunBox2-8124,-44,1,2412,False,False
1778943692.6260848,management,beacon,d8:d7:75:45:81:24,ff:ff:ff:ff:ff:ff,ff:ff:ff:ff:ff:ff,d8:d7:75:45:81:24,d8:d7:75:45:81:24,FunBox2-8124,-45,1,2412,False,False
1778943692.728466,management,beacon,d8:d7:75:45:81:24,ff:ff:ff:ff:ff:ff,ff:ff:ff:ff:ff:ff,d8:d7:75:45:81:24,d8:d7:75:45:81:24,FunBox2-8124,-45,1,2412,False,False
1778943692.830843,management,beacon,d8:d7:75:45:81:24,ff:ff:ff:ff:ff:ff,ff:ff:ff:ff:ff:ff,d8:d7:75:45:81:24,d8:d7:75:45:81:24,FunBox2-8124,-43,1,2412,False,False
1778943692.8320649,control,ack,,50:02:91:e8:18:ec,50:02:91:e8:18:ec,,,,-45,1,2412,False,False
1778943692.9929173,data,null_data,50:02:91:e8:18:ec,d8:d7:75:45:81:24,d8:d7:75:45:81:24,50:02:91:e8:18:ec,d8:d7:75:45:81:24,,-82,1,2412,False,False
1778943692.9929307,control,ack,,50:02:91:e8:18:ec,50:02:91:e8:18:ec,,,,-46,1,2412,False,False
1778943693.0356803,management,beacon,d8:d7:75:45:81:24,ff:ff:ff:ff:ff:ff,ff:ff:ff:ff:ff:ff,d8:d7:75:45:81:24,d8:d7:75:45:81:24,FunBox2-8124,-44,1,2412,False,False
1778943693.1381161,management,beacon,d8:d7:75:45:81:24,ff:ff:ff:ff:ff:ff,ff:ff:ff:ff:ff:ff,d8:d7:75:45:81:24,d8:d7:75:45:81:24,FunBox2-8124,-44,1,2412,False,False
1778943693.1392817,data,null_data,50:02:91:e8:18:ec,d8:d7:75:45:81:24,d8:d7:75:45:81:24,50:02:91:e8:18:ec,d8:d7:75:45:81:24,,-82,1,2412,False,False
1778943693.1392877,control,ack,,50:02:91:e8:18:ec,50:02:91:e8:18:ec,,,,-45,1,2412,False,False
1778943693.1400757,data,qos_null,d8:d7:75:45:81:24,50:02:91:e8:18:ec,50:02:91:e8:18:ec,d8:d7:75:45:81:24,d8:d7:75:45:81:24,,-42,1,2412,False,False
1778943693.1403918,control,ack,,d8:d7:75:45:81:24,d8:d7:75:45:81:24,,,,-85,1,2412,False,False
1778943693.2059374,data,data,d8:d7:75:45:81:24,01:00:5e:00:00:fb,01:00:5e:00:00:fb,d8:d7:75:45:81:24,e6:12:a8:93:5a:78,,-43,1,2412,True,False
1778943693.20623,control,ack,,d8:d7:75:45:81:24,d8:d7:75:45:81:24,,,,-86,1,2412,False,False
1778943693.2079585,data,data,d8:d7:75:45:81:24,33:33:00:00:00:fb,33:33:00:00:00:fb,d8:d7:75:45:81:24,e6:12:a8:93:5a:78,,-42,1,2412,True,False
1778943693.2082722,control,ack,,d8:d7:75:45:81:24,d8:d7:75:45:81:24,,,,-85,1,2412,False,False
1778943693.2404923,management,beacon,d8:d7:75:45:81:24,ff:ff:ff:ff:ff:ff,ff:ff:ff:ff:ff:ff,d8:d7:75:45:81:24,d8:d7:75:45:81:24,FunBox2-8124,-44,1,2412,False,False
1778943693.2908943,data,data,d8:d7:75:45:81:24,ff:ff:ff:ff:ff:ff,ff:ff:ff:ff:ff:ff,d8:d7:75:45:81:24,d8:d7:75:45:81:24,,-42,1,2412,True,False
1778943693.2912006,control,ack,,d8:d7:75:45:81:24,d8:d7:75:45:81:24,,,,-86,1,2412,False,False
1778943693.4516726,data,null_data,50:02:91:e8:18:ec,d8:d7:75:45:81:24,d8:d7:75:45:81:24,50:02:91:e8:18:ec,d8:d7:75:45:81:24,,-82,1,2412,False,False
1778943693.451685,control,ack,,50:02:91:e8:18:ec,50:02:91:e8:18:ec,,,,-44,1,2412,False,False
1778943693.547678,management,beacon,d8:d7:75:45:81:24,ff:ff:ff:ff:ff:ff,ff:ff:ff:ff:ff:ff,d8:d7:75:45:81:24,d8:d7:75:45:81:24,FunBox2-8124,-45,1,2412,False,False
1778943693.6500964,management,beacon,d8:d7:75:45:81:24,ff:ff:ff:ff:ff:ff,ff:ff:ff:ff:ff:ff,d8:d7:75:45:81:24,d8:d7:75:45:81:24,FunBox2-8124,-45,1,2412,False,False
1778943693.7524989,management,beacon,d8:d7:75:45:81:24,ff:ff:ff:ff:ff:ff,ff:ff:ff:ff:ff:ff,d8:d7:75:45:81:24,d8:d7:75:45:81:24,FunBox2-8124,-42,1,2412,False,False
1778943693.854887,management,beacon,d8:d7:75:45:81:24,ff:ff:ff:ff:ff:ff,ff:ff:ff:ff:ff:ff,d8:d7:75:45:81:24,d8:d7:75:45:81:24,FunBox2-8124,-44,1,2412,False,False
1778943694.0597003,management,beacon,d8:d7:75:45:81:24,ff:ff:ff:ff:ff:ff,ff:ff:ff:ff:ff:ff,d8:d7:75:45:81:24,d8:d7:75:45:81:24,FunBox2-8124,-42,1,2412,False,False
1778943694.1620946,management,beacon,d8:d7:75:45:81:24,ff:ff:ff:ff:ff:ff,ff:ff:ff:ff:ff:ff,d8:d7:75:45:81:24,d8:d7:75:45:81:24,FunBox2-8124,-48,1,2412,False,False
1778943694.264502,management,beacon,d8:d7:75:45:81:24,ff:ff:ff:ff:ff:ff,ff:ff:ff:ff:ff:ff,d8:d7:75:45:81:24,d8:d7:75:45:81:24,FunBox2-8124,-46,1,2412,False,False
1778943694.3668923,management,beacon,d8:d7:75:45:81:24,ff:ff:ff:ff:ff:ff,ff:ff:ff:ff:ff:ff,d8:d7:75:45:81:24,d8:d7:75:45:81:24,FunBox2-8124,-43,1,2412,False,False
1778943694.3679373,data,data,d8:d7:75:45:81:24,ff:ff:ff:ff:ff:ff,ff:ff:ff:ff:ff:ff,d8:d7:75:45:81:24,d8:d7:75:45:81:24,,-42,1,2412,True,False
1778943694.3686082,control,ack,,d8:d7:75:45:81:24,d8:d7:75:45:81:24,,,,-87,1,2412,False,False
1778943694.3686116,data,null_data,50:02:91:e8:18:ec,d8:d7:75:45:81:24,d8:d7:75:45:81:24,50:02:91:e8:18:ec,d8:d7:75:45:81:24,,-82,1,2412,False,False
1778943694.3686137,control,ack,,50:02:91:e8:18:ec,50:02:91:e8:18:ec,,,,-46,1,2412,False,False
1778943694.3686147,control,ack,,50:02:91:e8:18:ec,50:02:91:e8:18:ec,,,,-45,1,2412,False,False
1778943694.5294707,control,ack,,50:02:91:e8:18:ec,50:02:91:e8:18:ec,,,,-48,1,2412,False,False
1778943694.5717285,management,beacon,d8:d7:75:45:81:24,ff:ff:ff:ff:ff:ff,ff:ff:ff:ff:ff:ff,d8:d7:75:45:81:24,d8:d7:75:45:81:24,FunBox2-8124,-43,1,2412,False,False
1778943694.6741662,management,beacon,d8:d7:75:45:81:24,ff:ff:ff:ff:ff:ff,ff:ff:ff:ff:ff:ff,d8:d7:75:45:81:24,d8:d7:75:45:81:24,FunBox2-8124,-43,1,2412,False,False
1778943694.7768245,management,beacon,d8:d7:75:45:81:24,ff:ff:ff:ff:ff:ff,ff:ff:ff:ff:ff:ff,d8:d7:75:45:81:24,d8:d7:75:45:81:24,FunBox2-8124,-44,1,2412,False,False
1778943694.878944,management,beacon,d8:d7:75:45:81:24,ff:ff:ff:ff:ff:ff,ff:ff:ff:ff:ff:ff,d8:d7:75:45:81:24,d8:d7:75:45:81:24,FunBox2-8124,-47,1,2412,False,False
1778943695.0841932,management,beacon,d8:d7:75:45:81:24,ff:ff:ff:ff:ff:ff,ff:ff:ff:ff:ff:ff,d8:d7:75:45:81:24,d8:d7:75:45:81:24,FunBox2-8124,-45,1,2412,False,False
1778943695.1861715,management,beacon,d8:d7:75:45:81:24,ff:ff:ff:ff:ff:ff,ff:ff:ff:ff:ff:ff,d8:d7:75:45:81:24,d8:d7:75:45:81:24,FunBox2-8124,-44,1,2412,False,False
1778943695.2885923,management,beacon,d8:d7:75:45:81:24,ff:ff:ff:ff:ff:ff,ff:ff:ff:ff:ff:ff,d8:d7:75:45:81:24,d8:d7:75:45:81:24,FunBox2-8124,-46,1,2412,False,False
1778943695.3909948,management,beacon,d8:d7:75:45:81:24,ff:ff:ff:ff:ff:ff,ff:ff:ff:ff:ff:ff,d8:d7:75:45:81:24,d8:d7:75:45:81:24,FunBox2-8124,-48,1,2412,False,False
1778943695.5957325,management,beacon,d8:d7:75:45:81:24,ff:ff:ff:ff:ff:ff,ff:ff:ff:ff:ff:ff,d8:d7:75:45:81:24,d8:d7:75:45:81:24,FunBox2-8124,-44,1,2412,False,False
1778943695.6982107,management,beacon,d8:d7:75:45:81:24,ff:ff:ff:ff:ff:ff,ff:ff:ff:ff:ff:ff,d8:d7:75:45:81:24,d8:d7:75:45:81:24,FunBox2-8124,-43,1,2412,False,False
1778943695.800555,management,beacon,d8:d7:75:45:81:24,ff:ff:ff:ff:ff:ff,ff:ff:ff:ff:ff:ff,d8:d7:75:45:81:24,d8:d7:75:45:81:24,FunBox2-8124,-42,1,2412,False,False
1778943695.9029934,management,beacon,d8:d7:75:45:81:24,ff:ff:ff:ff:ff:ff,ff:ff:ff:ff:ff:ff,d8:d7:75:45:81:24,d8:d7:75:45:81:24,FunBox2-8124,-41,1,2412,False,False
1778943696.1078005,management,beacon,d8:d7:75:45:81:24,ff:ff:ff:ff:ff:ff,ff:ff:ff:ff:ff:ff,d8:d7:75:45:81:24,d8:d7:75:45:81:24,FunBox2-8124,-42,1,2412,False,False
1778943696.2101717,management,beacon,d8:d7:75:45:81:24,ff:ff:ff:ff:ff:ff,ff:ff:ff:ff:ff:ff,d8:d7:75:45:81:24,d8:d7:75:45:81:24,FunBox2-8124,-40,1,2412,False,False
1778943696.2113752,data,null_data,50:02:91:e8:18:ec,d8:d7:75:45:81:24,d8:d7:75:45:81:24,50:02:91:e8:18:ec,d8:d7:75:45:81:24,,-82,1,2412,False,False
1778943696.211381,control,ack,,50:02:91:e8:18:ec,50:02:91:e8:18:ec,,,,-44,1,2412,False,False
1778943696.2380621,management,probe_request,be:28:75:d2:4f:e3,ff:ff:ff:ff:ff:ff,ff:ff:ff:ff:ff:ff,be:28:75:d2:4f:e3,ff:ff:ff:ff:ff:ff,<hidden>,-47,1,2412,False,False
1778943696.2383556,control,ack,,be:28:75:d2:4f:e3,be:28:75:d2:4f:e3,,,,-84,1,2412,False,False
1778943696.241993,management,probe_response,d8:d7:75:45:81:24,be:28:75:d2:4f:e3,be:28:75:d2:4f:e3,d8:d7:75:45:81:24,d8:d7:75:45:81:24,FunBox2-8124,-46,1,2412,False,False
1778943696.2422726,control,ack,,d8:d7:75:45:81:24,d8:d7:75:45:81:24,,,,-47,1,2412,False,False
1778943696.2586365,control,ack,,be:28:75:d2:4f:e3,be:28:75:d2:4f:e3,,,,-82,1,2412,False,False
1778943696.2621753,control,ack,,d8:d7:75:45:81:24,d8:d7:75:45:81:24,,,,-47,1,2412,False,False
1778943696.3125994,management,beacon,d8:d7:75:45:81:24,ff:ff:ff:ff:ff:ff,ff:ff:ff:ff:ff:ff,d8:d7:75:45:81:24,d8:d7:75:45:81:24,FunBox2-8124,-47,1,2412,False,False
1778943696.3722394,data,null_data,50:02:91:e8:18:ec,d8:d7:75:45:81:24,d8:d7:75:45:81:24,50:02:91:e8:18:ec,d8:d7:75:45:81:24,,-83,1,2412,False,False
1778943696.372253,control,ack,,50:02:91:e8:18:ec,50:02:91:e8:18:ec,,,,-48,1,2412,False,False
1778943696.4152193,management,beacon,d8:d7:75:45:81:24,ff:ff:ff:ff:ff:ff,ff:ff:ff:ff:ff:ff,d8:d7:75:45:81:24,d8:d7:75:45:81:24,FunBox2-8124,-43,1,2412,False,False
1778943696.5173829,management,beacon,d8:d7:75:45:81:24,ff:ff:ff:ff:ff:ff,ff:ff:ff:ff:ff:ff,d8:d7:75:45:81:24,d8:d7:75:45:81:24,FunBox2-8124,-47,1,2412,False,False
1778943696.5188868,data,data,d8:d7:75:45:81:24,33:33:00:00:00:01,33:33:00:00:00:01,d8:d7:75:45:81:24,d8:d7:75:45:81:24,,-45,1,2412,True,False
1778943696.5193744,control,ack,,d8:d7:75:45:81:24,d8:d7:75:45:81:24,,,,-88,1,2412,False,False
1778943696.5193772,data,null_data,50:02:91:e8:18:ec,d8:d7:75:45:81:24,d8:d7:75:45:81:24,50:02:91:e8:18:ec,d8:d7:75:45:81:24,,-81,1,2412,False,False
1778943696.5193791,control,ack,,50:02:91:e8:18:ec,50:02:91:e8:18:ec,,,,-50,1,2412,False,False
1778943696.6197836,management,beacon,d8:d7:75:45:81:24,ff:ff:ff:ff:ff:ff,ff:ff:ff:ff:ff:ff,d8:d7:75:45:81:24,d8:d7:75:45:81:24,FunBox2-8124,-43,1,2412,False,False
1778943696.6802573,control,ack,,50:02:91:e8:18:ec,50:02:91:e8:18:ec,,,,-45,1,2412,False,False
1778943696.7222288,management,beacon,d8:d7:75:45:81:24,ff:ff:ff:ff:ff:ff,ff:ff:ff:ff:ff:ff,d8:d7:75:45:81:24,d8:d7:75:45:81:24,FunBox2-8124,-49,1,2412,False,False
1778943696.8136714,data,qos_null,aa:23:4f:4d:00:cf,74:ea:3a:a1:53:a6,74:ea:3a:a1:53:a6,aa:23:4f:4d:00:cf,74:ea:3a:a1:53:a6,,-90,1,2412,False,False
1778943696.8245976,management,beacon,d8:d7:75:45:81:24,ff:ff:ff:ff:ff:ff,ff:ff:ff:ff:ff:ff,d8:d7:75:45:81:24,d8:d7:75:45:81:24,FunBox2-8124,-45,1,2412,False,False
1778943696.926987,management,beacon,d8:d7:75:45:81:24,ff:ff:ff:ff:ff:ff,ff:ff:ff:ff:ff:ff,d8:d7:75:45:81:24,d8:d7:75:45:81:24,FunBox2-8124,-42,1,2412,False,False
1778943697.029443,management,beacon,d8:d7:75:45:81:24,ff:ff:ff:ff:ff:ff,ff:ff:ff:ff:ff:ff,d8:d7:75:45:81:24,d8:d7:75:45:81:24,FunBox2-8124,-50,1,2412,False,False
1778943697.1318126,management,beacon,d8:d7:75:45:81:24,ff:ff:ff:ff:ff:ff,ff:ff:ff:ff:ff:ff,d8:d7:75:45:81:24,d8:d7:75:45:81:24,FunBox2-8124,-46,1,2412,False,False
1778943697.2341838,management,beacon,d8:d7:75:45:81:24,ff:ff:ff:ff:ff:ff,ff:ff:ff:ff:ff:ff,d8:d7:75:45:81:24,d8:d7:75:45:81:24,FunBox2-8124,-50,1,2412,False,False
1778943697.3366768,management,beacon,d8:d7:75:45:81:24,ff:ff:ff:ff:ff:ff,ff:ff:ff:ff:ff:ff,d8:d7:75:45:81:24,d8:d7:75:45:81:24,FunBox2-8124,-41,1,2412,False,False
1778943697.4390104,management,beacon,d8:d7:75:45:81:24,ff:ff:ff:ff:ff:ff,ff:ff:ff:ff:ff:ff,d8:d7:75:45:81:24,d8:d7:75:45:81:24,FunBox2-8124,-43,1,2412,False,False
1778943697.5414429,management,beacon,d8:d7:75:45:81:24,ff:ff:ff:ff:ff:ff,ff:ff:ff:ff:ff:ff,d8:d7:75:45:81:24,d8:d7:75:45:81:24,FunBox2-8124,-52,1,2412,False,False
1778943697.6438255,management,beacon,d8:d7:75:45:81:24,ff:ff:ff:ff:ff:ff,ff:ff:ff:ff:ff:ff,d8:d7:75:45:81:24,d8:d7:75:45:81:24,FunBox2-8124,-44,1,2412,False,False
1778943697.7462416,management,beacon,d8:d7:75:45:81:24,ff:ff:ff:ff:ff:ff,ff:ff:ff:ff:ff:ff,d8:d7:75:45:81:24,d8:d7:75:45:81:24,FunBox2-8124,-58,1,2412,False,False
1778943697.9510574,management,beacon,d8:d7:75:45:81:24,ff:ff:ff:ff:ff:ff,ff:ff:ff:ff:ff:ff,d8:d7:75:45:81:24,d8:d7:75:45:81:24,FunBox2-8124,-43,1,2412,False,False
1778943698.0534441,management,beacon,d8:d7:75:45:81:24,ff:ff:ff:ff:ff:ff,ff:ff:ff:ff:ff:ff,d8:d7:75:45:81:24,d8:d7:75:45:81:24,FunBox2-8124,-50,1,2412,False,False
1778943698.155862,management,beacon,d8:d7:75:45:81:24,ff:ff:ff:ff:ff:ff,ff:ff:ff:ff:ff:ff,d8:d7:75:45:81:24,d8:d7:75:45:81:24,FunBox2-8124,-42,1,2412,False,False
1778943698.2583044,management,beacon,d8:d7:75:45:81:24,ff:ff:ff:ff:ff:ff,ff:ff:ff:ff:ff:ff,d8:d7:75:45:81:24,d8:d7:75:45:81:24,FunBox2-8124,-51,1,2412,False,False
1778943698.3606944,management,beacon,d8:d7:75:45:81:24,ff:ff:ff:ff:ff:ff,ff:ff:ff:ff:ff:ff,d8:d7:75:45:81:24,d8:d7:75:45:81:24,FunBox2-8124,-43,1,2412,False,False
1778943698.3618114,data,null_data,50:02:91:e8:18:ec,d8:d7:75:45:81:24,d8:d7:75:45:81:24,50:02:91:e8:18:ec,d8:d7:75:45:81:24,,-82,1,2412,False,False
1778943698.362022,data,null_data,50:02:91:e8:18:ec,d8:d7:75:45:81:24,d8:d7:75:45:81:24,50:02:91:e8:18:ec,d8:d7:75:45:81:24,,-81,1,2412,False,True
1778943698.362348,data,null_data,50:02:91:e8:18:ec,d8:d7:75:45:81:24,d8:d7:75:45:81:24,50:02:91:e8:18:ec,d8:d7:75:45:81:24,,-79,1,2412,False,True
1778943698.3626654,data,null_data,50:02:91:e8:18:ec,d8:d7:75:45:81:24,d8:d7:75:45:81:24,50:02:91:e8:18:ec,d8:d7:75:45:81:24,,-80,1,2412,False,True
1778943698.3632271,data,null_data,50:02:91:e8:18:ec,d8:d7:75:45:81:24,d8:d7:75:45:81:24,50:02:91:e8:18:ec,d8:d7:75:45:81:24,,-80,1,2412,False,True
1778943698.3643496,data,null_data,50:02:91:e8:18:ec,d8:d7:75:45:81:24,d8:d7:75:45:81:24,50:02:91:e8:18:ec,d8:d7:75:45:81:24,,-81,1,2412,False,True
1778943698.3646545,control,ack,,50:02:91:e8:18:ec,50:02:91:e8:18:ec,,,,-40,1,2412,False,False
1778943698.4630368,management,beacon,d8:d7:75:45:81:24,ff:ff:ff:ff:ff:ff,ff:ff:ff:ff:ff:ff,d8:d7:75:45:81:24,d8:d7:75:45:81:24,FunBox2-8124,-41,1,2412,False,False
1778943698.5257244,data,null_data,50:02:91:e8:18:ec,d8:d7:75:45:81:24,d8:d7:75:45:81:24,50:02:91:e8:18:ec,d8:d7:75:45:81:24,,-80,1,2412,False,False
1778943698.5257356,control,ack,,50:02:91:e8:18:ec,50:02:91:e8:18:ec,,,,-44,1,2412,False,False
1778943698.5654469,management,beacon,d8:d7:75:45:81:24,ff:ff:ff:ff:ff:ff,ff:ff:ff:ff:ff:ff,d8:d7:75:45:81:24,d8:d7:75:45:81:24,FunBox2-8124,-53,1,2412,False,False
1778943698.667871,management,beacon,d8:d7:75:45:81:24,ff:ff:ff:ff:ff:ff,ff:ff:ff:ff:ff:ff,d8:d7:75:45:81:24,d8:d7:75:45:81:24,FunBox2-8124,-44,1,2412,False,False
1778943698.7702923,management,beacon,d8:d7:75:45:81:24,ff:ff:ff:ff:ff:ff,ff:ff:ff:ff:ff:ff,d8:d7:75:45:81:24,d8:d7:75:45:81:24,FunBox2-8124,-42,1,2412,False,False
1778943698.8726418,management,beacon,d8:d7:75:45:81:24,ff:ff:ff:ff:ff:ff,ff:ff:ff:ff:ff:ff,d8:d7:75:45:81:24,d8:d7:75:45:81:24,FunBox2-8124,-42,1,2412,False,False
1778943698.97511,management,beacon,d8:d7:75:45:81:24,ff:ff:ff:ff:ff:ff,ff:ff:ff:ff:ff:ff,d8:d7:75:45:81:24,d8:d7:75:45:81:24,FunBox2-8124,-53,1,2412,False,False
1778943699.1799326,management,beacon,d8:d7:75:45:81:24,ff:ff:ff:ff:ff:ff,ff:ff:ff:ff:ff:ff,d8:d7:75:45:81:24,d8:d7:75:45:81:24,FunBox2-8124,-46,1,2412,False,False
1778943699.2823234,management,beacon,d8:d7:75:45:81:24,ff:ff:ff:ff:ff:ff,ff:ff:ff:ff:ff:ff,d8:d7:75:45:81:24,d8:d7:75:45:81:24,FunBox2-8124,-46,1,2412,False,False
1778943699.283418,data,null_data,50:02:91:e8:18:ec,d8:d7:75:45:81:24,d8:d7:75:45:81:24,50:02:91:e8:18:ec,d8:d7:75:45:81:24,,-80,1,2412,False,False
1778943699.2836366,data,null_data,50:02:91:e8:18:ec,d8:d7:75:45:81:24,d8:d7:75:45:81:24,50:02:91:e8:18:ec,d8:d7:75:45:81:24,,-82,1,2412,False,True
1778943699.2850862,data,null_data,50:02:91:e8:18:ec,d8:d7:75:45:81:24,d8:d7:75:45:81:24,50:02:91:e8:18:ec,d8:d7:75:45:81:24,,-85,1,2412,False,True
1778943699.2856638,data,null_data,50:02:91:e8:18:ec,d8:d7:75:45:81:24,d8:d7:75:45:81:24,50:02:91:e8:18:ec,d8:d7:75:45:81:24,,-85,1,2412,False,True
1778943699.2859797,control,ack,,50:02:91:e8:18:ec,50:02:91:e8:18:ec,,,,-49,1,2412,False,False
1778943699.2877054,control,ack,,d8:d7:75:45:81:24,d8:d7:75:45:81:24,,,,-84,1,2412,False,False
1778943699.448188,data,null_data,50:02:91:e8:18:ec,d8:d7:75:45:81:24,d8:d7:75:45:81:24,50:02:91:e8:18:ec,d8:d7:75:45:81:24,,-85,1,2412,False,False
1778943699.4482017,control,ack,,50:02:91:e8:18:ec,50:02:91:e8:18:ec,,,,-51,1,2412,False,False
1778943699.4870772,management,beacon,d8:d7:75:45:81:24,ff:ff:ff:ff:ff:ff,ff:ff:ff:ff:ff:ff,d8:d7:75:45:81:24,d8:d7:75:45:81:24,FunBox2-8124,-54,1,2412,False,False
1778943699.6278157,data,null_data,50:02:91:e8:18:ec,d8:d7:75:45:81:24,d8:d7:75:45:81:24,50:02:91:e8:18:ec,d8:d7:75:45:81:24,,-83,1,2412,False,False
1778943699.6278293,control,ack,,50:02:91:e8:18:ec,50:02:91:e8:18:ec,,,,-54,1,2412,False,False
1778943699.6919005,management,beacon,d8:d7:75:45:81:24,ff:ff:ff:ff:ff:ff,ff:ff:ff:ff:ff:ff,d8:d7:75:45:81:24,d8:d7:75:45:81:24,FunBox2-8124,-54,1,2412,False,False
1778943699.7886589,data,null_data,50:02:91:e8:18:ec,d8:d7:75:45:81:24,d8:d7:75:45:81:24,50:02:91:e8:18:ec,d8:d7:75:45:81:24,,-79,1,2412,False,False
1778943699.7886682,control,ack,,50:02:91:e8:18:ec,50:02:91:e8:18:ec,,,,-53,1,2412,False,False
1778943699.7943344,management,beacon,d8:d7:75:45:81:24,ff:ff:ff:ff:ff:ff,ff:ff:ff:ff:ff:ff,d8:d7:75:45:81:24,d8:d7:75:45:81:24,FunBox2-8124,-49,1,2412,False,False
1778943699.9990907,management,beacon,d8:d7:75:45:81:24,ff:ff:ff:ff:ff:ff,ff:ff:ff:ff:ff:ff,d8:d7:75:45:81:24,d8:d7:75:45:81:24,FunBox2-8124,-55,1,2412,False,False
1778943700.203964,management,beacon,d8:d7:75:45:81:24,ff:ff:ff:ff:ff:ff,ff:ff:ff:ff:ff:ff,d8:d7:75:45:81:24,d8:d7:75:45:81:24,FunBox2-8124,-51,1,2412,False,False
1778943700.205507,data,data,d8:d7:75:45:81:24,ff:ff:ff:ff:ff:ff,ff:ff:ff:ff:ff:ff,d8:d7:75:45:81:24,d8:d7:75:45:81:24,,-51,1,2412,True,False
1778943700.2058249,control,ack,,d8:d7:75:45:81:24,d8:d7:75:45:81:24,,,,-79,1,2412,False,False
1778943700.2078817,data,data,d8:d7:75:45:81:24,ff:ff:ff:ff:ff:ff,ff:ff:ff:ff:ff:ff,d8:d7:75:45:81:24,d8:d7:75:45:81:24,,-53,1,2412,True,False
1778943700.2081845,control,ack,,d8:d7:75:45:81:24,d8:d7:75:45:81:24,,,,-79,1,2412,False,False
1778943700.306337,management,beacon,d8:d7:75:45:81:24,ff:ff:ff:ff:ff:ff,ff:ff:ff:ff:ff:ff,d8:d7:75:45:81:24,d8:d7:75:45:81:24,FunBox2-8124,-56,1,2412,False,False
1778943700.5111165,management,beacon,d8:d7:75:45:81:24,ff:ff:ff:ff:ff:ff,ff:ff:ff:ff:ff:ff,d8:d7:75:45:81:24,d8:d7:75:45:81:24,FunBox2-8124,-55,1,2412,False,False
1778943700.5593884,management,action,8e:8e:6f:93:93:5f,70:0b:01:45:f0:90,70:0b:01:45:f0:90,8e:8e:6f:93:93:5f,70:0b:01:45:f0:90,,-92,1,2412,False,False
1778943700.7266195,management,beacon,d8:d7:75:45:81:24,ff:ff:ff:ff:ff:ff,ff:ff:ff:ff:ff:ff,d8:d7:75:45:81:24,d8:d7:75:45:81:24,FunBox2-8124,-59,1,2412,False,False
1778943700.7515264,management,beacon,ac:84:c6:41:71:22,ff:ff:ff:ff:ff:ff,ff:ff:ff:ff:ff:ff,ac:84:c6:41:71:22,ac:84:c6:41:71:22,TP-LINK_7122,-89,1,2412,False,False
1778943700.8183692,management,beacon,d8:d7:75:45:81:24,ff:ff:ff:ff:ff:ff,ff:ff:ff:ff:ff:ff,d8:d7:75:45:81:24,d8:d7:75:45:81:24,FunBox2-8124,-49,1,2412,False,False
1778943700.920735,management,beacon,d8:d7:75:45:81:24,ff:ff:ff:ff:ff:ff,ff:ff:ff:ff:ff:ff,d8:d7:75:45:81:24,d8:d7:75:45:81:24,FunBox2-8124,-47,1,2412,False,False
1778943701.2313557,management,beacon,d8:d7:75:45:81:24,ff:ff:ff:ff:ff:ff,ff:ff:ff:ff:ff:ff,d8:d7:75:45:81:24,d8:d7:75:45:81:24,FunBox2-8124,-53,1,2412,False,False
1778943701.232493,data,null_data,50:02:91:e8:18:ec,d8:d7:75:45:81:24,d8:d7:75:45:81:24,50:02:91:e8:18:ec,d8:d7:75:45:81:24,,-81,1,2412,False,False
1778943701.2330546,data,null_data,50:02:91:e8:18:ec,d8:d7:75:45:81:24,d8:d7:75:45:81:24,50:02:91:e8:18:ec,d8:d7:75:45:81:24,,-85,1,2412,False,True
1778943701.2334085,data,null_data,50:02:91:e8:18:ec,d8:d7:75:45:81:24,d8:d7:75:45:81:24,50:02:91:e8:18:ec,d8:d7:75:45:81:24,,-85,1,2412,False,True
1778943701.2339365,data,null_data,50:02:91:e8:18:ec,d8:d7:75:45:81:24,d8:d7:75:45:81:24,50:02:91:e8:18:ec,d8:d7:75:45:81:24,,-85,1,2412,False,True
1778943701.2345135,data,null_data,50:02:91:e8:18:ec,d8:d7:75:45:81:24,d8:d7:75:45:81:24,50:02:91:e8:18:ec,d8:d7:75:45:81:24,,-84,1,2412,False,True
1778943701.2350366,data,null_data,50:02:91:e8:18:ec,d8:d7:75:45:81:24,d8:d7:75:45:81:24,50:02:91:e8:18:ec,d8:d7:75:45:81:24,,-84,1,2412,False,True
1778943701.2356691,data,null_data,50:02:91:e8:18:ec,d8:d7:75:45:81:24,d8:d7:75:45:81:24,50:02:91:e8:18:ec,d8:d7:75:45:81:24,,-86,1,2412,False,True
1778943701.2367609,data,null_data,50:02:91:e8:18:ec,d8:d7:75:45:81:24,d8:d7:75:45:81:24,50:02:91:e8:18:ec,d8:d7:75:45:81:24,,-86,1,2412,False,True
1778943701.2373211,data,null_data,50:02:91:e8:18:ec,d8:d7:75:45:81:24,d8:d7:75:45:81:24,50:02:91:e8:18:ec,d8:d7:75:45:81:24,,-87,1,2412,False,True
1778943701.2376335,control,ack,,50:02:91:e8:18:ec,50:02:91:e8:18:ec,,,,-52,1,2412,False,False
1778943701.3986864,data,null_data,50:02:91:e8:18:ec,d8:d7:75:45:81:24,d8:d7:75:45:81:24,50:02:91:e8:18:ec,d8:d7:75:45:81:24,,-79,1,2412,False,False
1778943701.3986952,control,ack,,50:02:91:e8:18:ec,50:02:91:e8:18:ec,,,,-55,1,2412,False,False
1778943701.4327781,management,beacon,d8:d7:75:45:81:24,ff:ff:ff:ff:ff:ff,ff:ff:ff:ff:ff:ff,d8:d7:75:45:81:24,d8:d7:75:45:81:24,FunBox2-8124,-46,1,2412,False,False
1778943701.5351856,management,beacon,d8:d7:75:45:81:24,ff:ff:ff:ff:ff:ff,ff:ff:ff:ff:ff:ff,d8:d7:75:45:81:24,d8:d7:75:45:81:24,FunBox2-8124,-58,1,2412,False,False
1778943701.7399979,management,beacon,d8:d7:75:45:81:24,ff:ff:ff:ff:ff:ff,ff:ff:ff:ff:ff:ff,d8:d7:75:45:81:24,d8:d7:75:45:81:24,FunBox2-8124,-48,1,2412,False,False
1778943701.843067,management,beacon,d8:d7:75:45:81:24,ff:ff:ff:ff:ff:ff,ff:ff:ff:ff:ff:ff,d8:d7:75:45:81:24,d8:d7:75:45:81:24,FunBox2-8124,-46,1,2412,False,False
1778943702.0472054,management,beacon,d8:d7:75:45:81:24,ff:ff:ff:ff:ff:ff,ff:ff:ff:ff:ff:ff,d8:d7:75:45:81:24,d8:d7:75:45:81:24,FunBox2-8124,-48,1,2412,False,False
1778943702.2520585,management,beacon,d8:d7:75:45:81:24,ff:ff:ff:ff:ff:ff,ff:ff:ff:ff:ff:ff,d8:d7:75:45:81:24,d8:d7:75:45:81:24,FunBox2-8124,-51,1,2412,False,False
1778943702.286282,management,beacon,ac:84:c6:41:71:22,ff:ff:ff:ff:ff:ff,ff:ff:ff:ff:ff:ff,ac:84:c6:41:71:22,ac:84:c6:41:71:22,TP-LINK_7122,-88,1,2412,False,False
1778943702.3544273,management,beacon,d8:d7:75:45:81:24,ff:ff:ff:ff:ff:ff,ff:ff:ff:ff:ff:ff,d8:d7:75:45:81:24,d8:d7:75:45:81:24,FunBox2-8124,-46,1,2412,False,False
1778943702.4568565,management,beacon,d8:d7:75:45:81:24,ff:ff:ff:ff:ff:ff,ff:ff:ff:ff:ff:ff,d8:d7:75:45:81:24,d8:d7:75:45:81:24,FunBox2-8124,-47,1,2412,False,False
1778943702.5592144,management,beacon,d8:d7:75:45:81:24,ff:ff:ff:ff:ff:ff,ff:ff:ff:ff:ff:ff,d8:d7:75:45:81:24,d8:d7:75:45:81:24,FunBox2-8124,-45,1,2412,False,False
1778943702.6630707,data,null_data,50:02:91:e8:18:ec,d8:d7:75:45:81:24,d8:d7:75:45:81:24,50:02:91:e8:18:ec,d8:d7:75:45:81:24,,-80,1,2412,False,False
1778943702.6637344,control,ack,,50:02:91:e8:18:ec,50:02:91:e8:18:ec,,,,-45,1,2412,False,False
1778943702.76401,management,beacon,d8:d7:75:45:81:24,ff:ff:ff:ff:ff:ff,ff:ff:ff:ff:ff:ff,d8:d7:75:45:81:24,d8:d7:75:45:81:24,FunBox2-8124,-46,1,2412,False,False
1778943702.8253014,data,null_data,50:02:91:e8:18:ec,d8:d7:75:45:81:24,d8:d7:75:45:81:24,50:02:91:e8:18:ec,d8:d7:75:45:81:24,,-81,1,2412,False,False
1778943702.825337,control,ack,,50:02:91:e8:18:ec,50:02:91:e8:18:ec,,,,-50,1,2412,False,False
1778943702.866442,management,beacon,d8:d7:75:45:81:24,ff:ff:ff:ff:ff:ff,ff:ff:ff:ff:ff:ff,d8:d7:75:45:81:24,d8:d7:75:45:81:24,FunBox2-8124,-46,1,2412,False,False
1778943702.9662545,data,qos_data,8e:8e:6f:93:93:5f,70:0b:01:45:f0:90,70:0b:01:45:f0:90,8e:8e:6f:93:93:5f,70:0b:01:45:f0:90,,-92,1,2412,True,True
1778943702.9692256,management,beacon,d8:d7:75:45:81:24,ff:ff:ff:ff:ff:ff,ff:ff:ff:ff:ff:ff,d8:d7:75:45:81:24,d8:d7:75:45:81:24,FunBox2-8124,-46,1,2412,False,False
1778943703.0117412,data,qos_data,8e:8e:6f:93:93:5f,70:0b:01:45:f0:90,70:0b:01:45:f0:90,8e:8e:6f:93:93:5f,70:0b:01:45:f0:90,,-86,1,2412,True,True
1778943703.0159066,data,qos_data,8e:8e:6f:93:93:5f,70:0b:01:45:f0:90,70:0b:01:45:f0:90,8e:8e:6f:93:93:5f,70:0b:01:45:f0:90,,-89,1,2412,True,True
1778943703.0436656,data,qos_data,8e:8e:6f:93:93:5f,70:0b:01:45:f0:90,70:0b:01:45:f0:90,8e:8e:6f:93:93:5f,70:0b:01:45:f0:90,,-89,1,2412,True,False
1778943703.0694764,data,qos_data,8e:8e:6f:93:93:5f,70:0b:01:45:f0:90,70:0b:01:45:f0:90,8e:8e:6f:93:93:5f,70:0b:01:45:f0:90,,-89,1,2412,True,True
1778943703.072481,management,beacon,d8:d7:75:45:81:24,ff:ff:ff:ff:ff:ff,ff:ff:ff:ff:ff:ff,d8:d7:75:45:81:24,d8:d7:75:45:81:24,FunBox2-8124,-42,1,2412,False,False
1778943703.0762641,data,qos_data,8e:8e:6f:93:93:5f,70:0b:01:45:f0:90,70:0b:01:45:f0:90,8e:8e:6f:93:93:5f,70:0b:01:45:f0:90,,-89,1,2412,True,True
1778943703.0808053,data,qos_data,8e:8e:6f:93:93:5f,70:0b:01:45:f0:90,70:0b:01:45:f0:90,8e:8e:6f:93:93:5f,70:0b:01:45:f0:90,,-88,1,2412,True,True
1778943703.0828376,data,qos_data,8e:8e:6f:93:93:5f,70:0b:01:45:f0:90,70:0b:01:45:f0:90,8e:8e:6f:93:93:5f,70:0b:01:45:f0:90,,-89,1,2412,True,True
1778943703.0850585,data,qos_data,8e:8e:6f:93:93:5f,70:0b:01:45:f0:90,70:0b:01:45:f0:90,8e:8e:6f:93:93:5f,70:0b:01:45:f0:90,,-88,1,2412,True,True
1778943703.095545,data,qos_data,8e:8e:6f:93:93:5f,70:0b:01:45:f0:90,70:0b:01:45:f0:90,8e:8e:6f:93:93:5f,70:0b:01:45:f0:90,,-89,1,2412,True,True
1778943703.2875056,management,beacon,d8:d7:75:45:81:24,ff:ff:ff:ff:ff:ff,ff:ff:ff:ff:ff:ff,d8:d7:75:45:81:24,d8:d7:75:45:81:24,FunBox2-8124,-43,1,2412,False,False
1778943703.3062015,data,null_data,8e:8e:6f:93:93:5f,70:0b:01:45:f0:90,70:0b:01:45:f0:90,8e:8e:6f:93:93:5f,70:0b:01:45:f0:90,,-90,1,2412,False,True
1778943703.3069801,data,null_data,8e:8e:6f:93:93:5f,70:0b:01:45:f0:90,70:0b:01:45:f0:90,8e:8e:6f:93:93:5f,70:0b:01:45:f0:90,,-88,1,2412,False,True
1778943703.308471,data,null_data,8e:8e:6f:93:93:5f,70:0b:01:45:f0:90,70:0b:01:45:f0:90,8e:8e:6f:93:93:5f,70:0b:01:45:f0:90,,-92,1,2412,False,True
1778943703.3092303,data,null_data,8e:8e:6f:93:93:5f,70:0b:01:45:f0:90,70:0b:01:45:f0:90,8e:8e:6f:93:93:5f,70:0b:01:45:f0:90,,-89,1,2412,False,True
1778943703.3099852,data,null_data,8e:8e:6f:93:93:5f,70:0b:01:45:f0:90,70:0b:01:45:f0:90,8e:8e:6f:93:93:5f,70:0b:01:45:f0:90,,-89,1,2412,False,True
1778943703.3162355,data,null_data,8e:8e:6f:93:93:5f,70:0b:01:45:f0:90,70:0b:01:45:f0:90,8e:8e:6f:93:93:5f,70:0b:01:45:f0:90,,-90,1,2412,False,False
1778943703.3169806,data,null_data,8e:8e:6f:93:93:5f,70:0b:01:45:f0:90,70:0b:01:45:f0:90,8e:8e:6f:93:93:5f,70:0b:01:45:f0:90,,-87,1,2412,False,True
1778943703.318505,data,null_data,8e:8e:6f:93:93:5f,70:0b:01:45:f0:90,70:0b:01:45:f0:90,8e:8e:6f:93:93:5f,70:0b:01:45:f0:90,,-88,1,2412,False,True
1778943703.3200123,data,null_data,8e:8e:6f:93:93:5f,70:0b:01:45:f0:90,70:0b:01:45:f0:90,8e:8e:6f:93:93:5f,70:0b:01:45:f0:90,,-90,1,2412,False,True
1778943703.3207676,data,null_data,8e:8e:6f:93:93:5f,70:0b:01:45:f0:90,70:0b:01:45:f0:90,8e:8e:6f:93:93:5f,70:0b:01:45:f0:90,,-90,1,2412,False,True
1778943703.3980434,management,beacon,d8:d7:75:45:81:24,ff:ff:ff:ff:ff:ff,ff:ff:ff:ff:ff:ff,d8:d7:75:45:81:24,d8:d7:75:45:81:24,FunBox2-8124,-47,1,2412,False,False
1778943703.4925556,management,beacon,d8:d7:75:45:81:24,ff:ff:ff:ff:ff:ff,ff:ff:ff:ff:ff:ff,d8:d7:75:45:81:24,d8:d7:75:45:81:24,FunBox2-8124,-46,1,2412,False,False
1778943703.6946988,management,beacon,d8:d7:75:45:81:24,ff:ff:ff:ff:ff:ff,ff:ff:ff:ff:ff:ff,d8:d7:75:45:81:24,d8:d7:75:45:81:24,FunBox2-8124,-45,1,2412,False,False
1778943703.8041928,management,beacon,d8:d7:75:45:81:24,ff:ff:ff:ff:ff:ff,ff:ff:ff:ff:ff:ff,d8:d7:75:45:81:24,d8:d7:75:45:81:24,FunBox2-8124,-47,1,2412,False,False
1778943703.8907294,management,beacon,d8:d7:75:45:81:24,ff:ff:ff:ff:ff:ff,ff:ff:ff:ff:ff:ff,d8:d7:75:45:81:24,d8:d7:75:45:81:24,FunBox2-8124,-44,1,2412,False,False
1778943703.9959152,management,beacon,d8:d7:75:45:81:24,ff:ff:ff:ff:ff:ff,ff:ff:ff:ff:ff:ff,d8:d7:75:45:81:24,d8:d7:75:45:81:24,FunBox2-8124,-45,1,2412,False,False
1778943704.2170503,management,beacon,d8:d7:75:45:81:24,ff:ff:ff:ff:ff:ff,ff:ff:ff:ff:ff:ff,d8:d7:75:45:81:24,d8:d7:75:45:81:24,FunBox2-8124,-42,1,2412,False,False
1778943704.2186668,data,data,d8:d7:75:45:81:24,33:33:00:00:00:01,33:33:00:00:00:01,d8:d7:75:45:81:24,d8:d7:75:45:81:24,,-46,1,2412,True,False
1778943704.2189393,control,ack,,d8:d7:75:45:81:24,d8:d7:75:45:81:24,,,,-83,1,2412,False,False
1778943704.313462,management,beacon,d8:d7:75:45:81:24,ff:ff:ff:ff:ff:ff,ff:ff:ff:ff:ff:ff,d8:d7:75:45:81:24,d8:d7:75:45:81:24,FunBox2-8124,-44,1,2412,False,False
1778943704.402032,control,ack,,50:02:91:e8:18:ec,50:02:91:e8:18:ec,,,,-45,1,2412,False,False
1778943704.4192176,management,beacon,d8:d7:75:45:81:24,ff:ff:ff:ff:ff:ff,ff:ff:ff:ff:ff:ff,d8:d7:75:45:81:24,d8:d7:75:45:81:24,FunBox2-8124,-45,1,2412,False,False
1778943704.511736,management,beacon,d8:d7:75:45:81:24,ff:ff:ff:ff:ff:ff,ff:ff:ff:ff:ff:ff,d8:d7:75:45:81:24,d8:d7:75:45:81:24,FunBox2-8124,-46,1,2412,False,False
1778943704.6073282,management,beacon,d8:d7:75:45:81:24,ff:ff:ff:ff:ff:ff,ff:ff:ff:ff:ff:ff,d8:d7:75:45:81:24,d8:d7:75:45:81:24,FunBox2-8124,-45,1,2412,False,False
1778943704.8209426,management,beacon,d8:d7:75:45:81:24,ff:ff:ff:ff:ff:ff,ff:ff:ff:ff:ff:ff,d8:d7:75:45:81:24,d8:d7:75:45:81:24,FunBox2-8124,-43,1,2412,False,False
1778943704.9156966,management,beacon,d8:d7:75:45:81:24,ff:ff:ff:ff:ff:ff,ff:ff:ff:ff:ff:ff,d8:d7:75:45:81:24,d8:d7:75:45:81:24,FunBox2-8124,-43,1,2412,False,False
1778943705.016923,management,beacon,d8:d7:75:45:81:24,ff:ff:ff:ff:ff:ff,ff:ff:ff:ff:ff:ff,d8:d7:75:45:81:24,d8:d7:75:45:81:24,FunBox2-8124,-46,1,2412,False,False
1778943705.1193576,management,beacon,d8:d7:75:45:81:24,ff:ff:ff:ff:ff:ff,ff:ff:ff:ff:ff:ff,d8:d7:75:45:81:24,d8:d7:75:45:81:24,FunBox2-8124,-45,1,2412,False,False
1778943705.2217326,management,beacon,d8:d7:75:45:81:24,ff:ff:ff:ff:ff:ff,ff:ff:ff:ff:ff:ff,d8:d7:75:45:81:24,d8:d7:75:45:81:24,FunBox2-8124,-45,1,2412,False,False
1778943705.4265115,management,beacon,d8:d7:75:45:81:24,ff:ff:ff:ff:ff:ff,ff:ff:ff:ff:ff:ff,d8:d7:75:45:81:24,d8:d7:75:45:81:24,FunBox2-8124,-44,1,2412,False,False
1778943705.6313589,management,beacon,d8:d7:75:45:81:24,ff:ff:ff:ff:ff:ff,ff:ff:ff:ff:ff:ff,d8:d7:75:45:81:24,d8:d7:75:45:81:24,FunBox2-8124,-45,1,2412,False,False
1778943705.9139664,data,null_data,8e:8e:6f:93:93:5f,70:0b:01:45:f0:90,70:0b:01:45:f0:90,8e:8e:6f:93:93:5f,70:0b:01:45:f0:90,,-89,1,2412,False,False
1778943705.915569,data,null_data,8e:8e:6f:93:93:5f,70:0b:01:45:f0:90,70:0b:01:45:f0:90,8e:8e:6f:93:93:5f,70:0b:01:45:f0:90,,-89,1,2412,False,True
1778943705.9171066,data,null_data,8e:8e:6f:93:93:5f,70:0b:01:45:f0:90,70:0b:01:45:f0:90,8e:8e:6f:93:93:5f,70:0b:01:45:f0:90,,-89,1,2412,False,True
1778943705.9187024,data,null_data,8e:8e:6f:93:93:5f,70:0b:01:45:f0:90,70:0b:01:45:f0:90,8e:8e:6f:93:93:5f,70:0b:01:45:f0:90,,-90,1,2412,False,True
1778943705.9385474,management,beacon,d8:d7:75:45:81:24,ff:ff:ff:ff:ff:ff,ff:ff:ff:ff:ff:ff,d8:d7:75:45:81:24,d8:d7:75:45:81:24,FunBox2-8124,-44,1,2412,False,False
1778943705.9688377,management,probe_request,8e:8e:6f:93:93:5f,ff:ff:ff:ff:ff:ff,ff:ff:ff:ff:ff:ff,8e:8e:6f:93:93:5f,ff:ff:ff:ff:ff:ff,METALLICA,-87,1,2412,False,False
1778943706.0369835,data,null_data,8e:8e:6f:93:93:5f,70:0b:01:45:f0:90,70:0b:01:45:f0:90,8e:8e:6f:93:93:5f,70:0b:01:45:f0:90,,-88,1,2412,False,False
1778943706.037765,data,null_data,8e:8e:6f:93:93:5f,70:0b:01:45:f0:90,70:0b:01:45:f0:90,8e:8e:6f:93:93:5f,70:0b:01:45:f0:90,,-88,1,2412,False,True
1778943706.0385303,data,null_data,8e:8e:6f:93:93:5f,70:0b:01:45:f0:90,70:0b:01:45:f0:90,8e:8e:6f:93:93:5f,70:0b:01:45:f0:90,,-85,1,2412,False,True
1778943706.0425017,management,beacon,d8:d7:75:45:81:24,ff:ff:ff:ff:ff:ff,ff:ff:ff:ff:ff:ff,d8:d7:75:45:81:24,d8:d7:75:45:81:24,FunBox2-8124,-45,1,2412,False,False
1778943706.0445783,data,null_data,50:02:91:e8:18:ec,d8:d7:75:45:81:24,d8:d7:75:45:81:24,50:02:91:e8:18:ec,d8:d7:75:45:81:24,,-81,1,2412,False,True
1778943706.0445807,control,ack,,50:02:91:e8:18:ec,50:02:91:e8:18:ec,,,,-43,1,2412,False,False
1778943706.045632,data,null_data,8e:8e:6f:93:93:5f,70:0b:01:45:f0:90,70:0b:01:45:f0:90,8e:8e:6f:93:93:5f,70:0b:01:45:f0:90,,-88,1,2412,False,True
1778943706.0464618,data,null_data,8e:8e:6f:93:93:5f,70:0b:01:45:f0:90,70:0b:01:45:f0:90,8e:8e:6f:93:93:5f,70:0b:01:45:f0:90,,-87,1,2412,False,True
1778943706.047262,data,null_data,8e:8e:6f:93:93:5f,70:0b:01:45:f0:90,70:0b:01:45:f0:90,8e:8e:6f:93:93:5f,70:0b:01:45:f0:90,,-85,1,2412,False,True
1778943706.048089,data,null_data,8e:8e:6f:93:93:5f,70:0b:01:45:f0:90,70:0b:01:45:f0:90,8e:8e:6f:93:93:5f,70:0b:01:45:f0:90,,-87,1,2412,False,True
1778943706.0489118,data,null_data,8e:8e:6f:93:93:5f,70:0b:01:45:f0:90,70:0b:01:45:f0:90,8e:8e:6f:93:93:5f,70:0b:01:45:f0:90,,-85,1,2412,False,True
1778943706.0497384,data,null_data,8e:8e:6f:93:93:5f,70:0b:01:45:f0:90,70:0b:01:45:f0:90,8e:8e:6f:93:93:5f,70:0b:01:45:f0:90,,-85,1,2412,False,True
1778943706.0515559,data,null_data,8e:8e:6f:93:93:5f,70:0b:01:45:f0:90,70:0b:01:45:f0:90,8e:8e:6f:93:93:5f,70:0b:01:45:f0:90,,-86,1,2412,False,True
1778943706.0523765,data,null_data,8e:8e:6f:93:93:5f,70:0b:01:45:f0:90,70:0b:01:45:f0:90,8e:8e:6f:93:93:5f,70:0b:01:45:f0:90,,-89,1,2412,False,True
1778943706.0531697,data,null_data,8e:8e:6f:93:93:5f,70:0b:01:45:f0:90,70:0b:01:45:f0:90,8e:8e:6f:93:93:5f,70:0b:01:45:f0:90,,-88,1,2412,False,True
1778943706.0539474,data,null_data,8e:8e:6f:93:93:5f,70:0b:01:45:f0:90,70:0b:01:45:f0:90,8e:8e:6f:93:93:5f,70:0b:01:45:f0:90,,-89,1,2412,False,True
1778943706.0555882,data,null_data,8e:8e:6f:93:93:5f,70:0b:01:45:f0:90,70:0b:01:45:f0:90,8e:8e:6f:93:93:5f,70:0b:01:45:f0:90,,-85,1,2412,False,True
1778943706.0759788,data,null_data,8e:8e:6f:93:93:5f,70:0b:01:45:f0:90,70:0b:01:45:f0:90,8e:8e:6f:93:93:5f,70:0b:01:45:f0:90,,-86,1,2412,False,True
1778943706.077578,data,null_data,8e:8e:6f:93:93:5f,70:0b:01:45:f0:90,70:0b:01:45:f0:90,8e:8e:6f:93:93:5f,70:0b:01:45:f0:90,,-89,1,2412,False,True
1778943706.0783744,data,null_data,8e:8e:6f:93:93:5f,70:0b:01:45:f0:90,70:0b:01:45:f0:90,8e:8e:6f:93:93:5f,70:0b:01:45:f0:90,,-86,1,2412,False,True
1778943706.0799568,data,null_data,8e:8e:6f:93:93:5f,70:0b:01:45:f0:90,70:0b:01:45:f0:90,8e:8e:6f:93:93:5f,70:0b:01:45:f0:90,,-91,1,2412,False,True
1778943706.085628,data,qos_data,8e:8e:6f:93:93:5f,70:0b:01:45:f0:90,70:0b:01:45:f0:90,8e:8e:6f:93:93:5f,70:0b:01:45:f0:90,,-89,1,2412,True,True
1778943706.0955312,data,qos_data,8e:8e:6f:93:93:5f,70:0b:01:45:f0:90,70:0b:01:45:f0:90,8e:8e:6f:93:93:5f,70:0b:01:45:f0:90,,-92,1,2412,True,True
1778943706.102057,data,qos_data,8e:8e:6f:93:93:5f,70:0b:01:45:f0:90,70:0b:01:45:f0:90,8e:8e:6f:93:93:5f,70:0b:01:45:f0:90,,-87,1,2412,True,True
1778943706.10897,data,qos_data,8e:8e:6f:93:93:5f,70:0b:01:45:f0:90,70:0b:01:45:f0:90,8e:8e:6f:93:93:5f,70:0b:01:45:f0:90,,-88,1,2412,True,True
1778943706.1105247,data,qos_data,8e:8e:6f:93:93:5f,70:0b:01:45:f0:90,70:0b:01:45:f0:90,8e:8e:6f:93:93:5f,70:0b:01:45:f0:90,,-90,1,2412,True,True
1778943706.119887,data,qos_data,8e:8e:6f:93:93:5f,70:0b:01:45:f0:90,70:0b:01:45:f0:90,8e:8e:6f:93:93:5f,70:0b:01:45:f0:90,,-87,1,2412,True,True
1778943706.1213927,data,qos_data,8e:8e:6f:93:93:5f,70:0b:01:45:f0:90,70:0b:01:45:f0:90,8e:8e:6f:93:93:5f,70:0b:01:45:f0:90,,-89,1,2412,True,False
1778943706.124501,data,qos_data,8e:8e:6f:93:93:5f,70:0b:01:45:f0:90,70:0b:01:45:f0:90,8e:8e:6f:93:93:5f,70:0b:01:45:f0:90,,-88,1,2412,True,True
1778943706.1264586,data,qos_data,8e:8e:6f:93:93:5f,70:0b:01:45:f0:90,70:0b:01:45:f0:90,8e:8e:6f:93:93:5f,70:0b:01:45:f0:90,,-90,1,2412,True,True
1778943706.1331234,data,qos_data,8e:8e:6f:93:93:5f,70:0b:01:45:f0:90,70:0b:01:45:f0:90,8e:8e:6f:93:93:5f,70:0b:01:45:f0:90,,-90,1,2412,True,True
1778943706.14029,data,qos_data,8e:8e:6f:93:93:5f,70:0b:01:45:f0:90,70:0b:01:45:f0:90,8e:8e:6f:93:93:5f,70:0b:01:45:f0:90,,-88,1,2412,True,True
1778943706.141747,data,qos_data,8e:8e:6f:93:93:5f,70:0b:01:45:f0:90,70:0b:01:45:f0:90,8e:8e:6f:93:93:5f,70:0b:01:45:f0:90,,-85,1,2412,True,False
1778943706.1431918,data,qos_data,8e:8e:6f:93:93:5f,70:0b:01:45:f0:90,70:0b:01:45:f0:90,8e:8e:6f:93:93:5f,70:0b:01:45:f0:90,,-88,1,2412,True,True
1778943706.1461675,management,beacon,d8:d7:75:45:81:24,ff:ff:ff:ff:ff:ff,ff:ff:ff:ff:ff:ff,d8:d7:75:45:81:24,d8:d7:75:45:81:24,FunBox2-8124,-45,1,2412,False,False
1778943706.1814756,data,qos_data,8e:8e:6f:93:93:5f,70:0b:01:45:f0:90,70:0b:01:45:f0:90,8e:8e:6f:93:93:5f,70:0b:01:45:f0:90,,-89,1,2412,True,True
1778943706.189071,data,qos_data,8e:8e:6f:93:93:5f,70:0b:01:45:f0:90,70:0b:01:45:f0:90,8e:8e:6f:93:93:5f,70:0b:01:45:f0:90,,-88,1,2412,True,True
1778943706.211896,data,null_data,50:02:91:e8:18:ec,d8:d7:75:45:81:24,d8:d7:75:45:81:24,50:02:91:e8:18:ec,d8:d7:75:45:81:24,,-81,1,2412,False,False
1778943706.2119062,control,ack,,50:02:91:e8:18:ec,50:02:91:e8:18:ec,,,,-47,1,2412,False,False
1778943706.2540638,management,beacon,d8:d7:75:45:81:24,ff:ff:ff:ff:ff:ff,ff:ff:ff:ff:ff:ff,d8:d7:75:45:81:24,d8:d7:75:45:81:24,FunBox2-8124,-45,1,2412,False,False
1778943706.3502135,data,null_data,8e:8e:6f:93:93:5f,70:0b:01:45:f0:90,70:0b:01:45:f0:90,8e:8e:6f:93:93:5f,70:0b:01:45:f0:90,,-84,1,2412,False,True
1778943706.3517795,data,null_data,8e:8e:6f:93:93:5f,70:0b:01:45:f0:90,70:0b:01:45:f0:90,8e:8e:6f:93:93:5f,70:0b:01:45:f0:90,,-87,1,2412,False,True
1778943706.3525429,data,null_data,8e:8e:6f:93:93:5f,70:0b:01:45:f0:90,70:0b:01:45:f0:90,8e:8e:6f:93:93:5f,70:0b:01:45:f0:90,,-88,1,2412,False,True
1778943706.3533463,data,null_data,8e:8e:6f:93:93:5f,70:0b:01:45:f0:90,70:0b:01:45:f0:90,8e:8e:6f:93:93:5f,70:0b:01:45:f0:90,,-85,1,2412,False,True
1778943706.3541758,data,null_data,8e:8e:6f:93:93:5f,70:0b:01:45:f0:90,70:0b:01:45:f0:90,8e:8e:6f:93:93:5f,70:0b:01:45:f0:90,,-87,1,2412,False,True
1778943706.355221,data,null_data,8e:8e:6f:93:93:5f,70:0b:01:45:f0:90,70:0b:01:45:f0:90,8e:8e:6f:93:93:5f,70:0b:01:45:f0:90,,-88,1,2412,False,False
1778943706.3560512,data,null_data,8e:8e:6f:93:93:5f,70:0b:01:45:f0:90,70:0b:01:45:f0:90,8e:8e:6f:93:93:5f,70:0b:01:45:f0:90,,-87,1,2412,False,True
1778943706.3576672,data,null_data,8e:8e:6f:93:93:5f,70:0b:01:45:f0:90,70:0b:01:45:f0:90,8e:8e:6f:93:93:5f,70:0b:01:45:f0:90,,-87,1,2412,False,True
1778943706.3585029,data,null_data,8e:8e:6f:93:93:5f,70:0b:01:45:f0:90,70:0b:01:45:f0:90,8e:8e:6f:93:93:5f,70:0b:01:45:f0:90,,-84,1,2412,False,True
1778943706.359313,data,null_data,8e:8e:6f:93:93:5f,70:0b:01:45:f0:90,70:0b:01:45:f0:90,8e:8e:6f:93:93:5f,70:0b:01:45:f0:90,,-86,1,2412,False,True
1778943706.360086,data,null_data,8e:8e:6f:93:93:5f,70:0b:01:45:f0:90,70:0b:01:45:f0:90,8e:8e:6f:93:93:5f,70:0b:01:45:f0:90,,-85,1,2412,False,True
1778943706.3611286,data,null_data,8e:8e:6f:93:93:5f,70:0b:01:45:f0:90,70:0b:01:45:f0:90,8e:8e:6f:93:93:5f,70:0b:01:45:f0:90,,-84,1,2412,False,False
1778943706.362714,data,null_data,8e:8e:6f:93:93:5f,70:0b:01:45:f0:90,70:0b:01:45:f0:90,8e:8e:6f:93:93:5f,70:0b:01:45:f0:90,,-87,1,2412,False,True
1778943706.3635426,data,null_data,8e:8e:6f:93:93:5f,70:0b:01:45:f0:90,70:0b:01:45:f0:90,8e:8e:6f:93:93:5f,70:0b:01:45:f0:90,,-86,1,2412,False,True
1778943706.364329,data,null_data,8e:8e:6f:93:93:5f,70:0b:01:45:f0:90,70:0b:01:45:f0:90,8e:8e:6f:93:93:5f,70:0b:01:45:f0:90,,-85,1,2412,False,True
1778943706.3651056,data,null_data,8e:8e:6f:93:93:5f,70:0b:01:45:f0:90,70:0b:01:45:f0:90,8e:8e:6f:93:93:5f,70:0b:01:45:f0:90,,-86,1,2412,False,True
1778943706.3658795,data,null_data,8e:8e:6f:93:93:5f,70:0b:01:45:f0:90,70:0b:01:45:f0:90,8e:8e:6f:93:93:5f,70:0b:01:45:f0:90,,-85,1,2412,False,True
1778943706.4506075,management,beacon,d8:d7:75:45:81:24,ff:ff:ff:ff:ff:ff,ff:ff:ff:ff:ff:ff,d8:d7:75:45:81:24,d8:d7:75:45:81:24,FunBox2-8124,-45,1,2412,False,False
1778943706.5529883,management,beacon,d8:d7:75:45:81:24,ff:ff:ff:ff:ff:ff,ff:ff:ff:ff:ff:ff,d8:d7:75:45:81:24,d8:d7:75:45:81:24,FunBox2-8124,-46,1,2412,False,False
1778943706.6554167,management,beacon,d8:d7:75:45:81:24,ff:ff:ff:ff:ff:ff,ff:ff:ff:ff:ff:ff,d8:d7:75:45:81:24,d8:d7:75:45:81:24,FunBox2-8124,-44,1,2412,False,False
1778943706.6605248,data,null_data,8e:8e:6f:93:93:5f,70:0b:01:45:f0:90,70:0b:01:45:f0:90,8e:8e:6f:93:93:5f,70:0b:01:45:f0:90,,-92,1,2412,False,True
1778943706.7578154,management,beacon,d8:d7:75:45:81:24,ff:ff:ff:ff:ff:ff,ff:ff:ff:ff:ff:ff,d8:d7:75:45:81:24,d8:d7:75:45:81:24,FunBox2-8124,-47,1,2412,False,False
1778943706.7958796,data,null_data,8e:8e:6f:93:93:5f,70:0b:01:45:f0:90,70:0b:01:45:f0:90,8e:8e:6f:93:93:5f,70:0b:01:45:f0:90,,-89,1,2412,False,True
1778943706.7966561,data,null_data,8e:8e:6f:93:93:5f,70:0b:01:45:f0:90,70:0b:01:45:f0:90,8e:8e:6f:93:93:5f,70:0b:01:45:f0:90,,-90,1,2412,False,True
1778943706.8024528,data,null_data,8e:8e:6f:93:93:5f,70:0b:01:45:f0:90,70:0b:01:45:f0:90,8e:8e:6f:93:93:5f,70:0b:01:45:f0:90,,-90,1,2412,False,True
1778943706.80508,data,null_data,8e:8e:6f:93:93:5f,70:0b:01:45:f0:90,70:0b:01:45:f0:90,8e:8e:6f:93:93:5f,70:0b:01:45:f0:90,,-88,1,2412,False,True
1778943706.8058584,data,null_data,8e:8e:6f:93:93:5f,70:0b:01:45:f0:90,70:0b:01:45:f0:90,8e:8e:6f:93:93:5f,70:0b:01:45:f0:90,,-89,1,2412,False,True
1778943706.8090336,data,null_data,8e:8e:6f:93:93:5f,70:0b:01:45:f0:90,70:0b:01:45:f0:90,8e:8e:6f:93:93:5f,70:0b:01:45:f0:90,,-90,1,2412,False,True
1778943706.861852,management,beacon,d8:d7:75:45:81:24,ff:ff:ff:ff:ff:ff,ff:ff:ff:ff:ff:ff,d8:d7:75:45:81:24,d8:d7:75:45:81:24,FunBox2-8124,-43,1,2412,False,False
1778943706.9626017,management,beacon,d8:d7:75:45:81:24,ff:ff:ff:ff:ff:ff,ff:ff:ff:ff:ff:ff,d8:d7:75:45:81:24,d8:d7:75:45:81:24,FunBox2-8124,-44,1,2412,False,False
1778943707.0649943,management,beacon,d8:d7:75:45:81:24,ff:ff:ff:ff:ff:ff,ff:ff:ff:ff:ff:ff,d8:d7:75:45:81:24,d8:d7:75:45:81:24,FunBox2-8124,-44,1,2412,False,False
1778943707.1674342,management,beacon,d8:d7:75:45:81:24,ff:ff:ff:ff:ff:ff,ff:ff:ff:ff:ff:ff,d8:d7:75:45:81:24,d8:d7:75:45:81:24,FunBox2-8124,-44,1,2412,False,False
1778943707.2012005,management,beacon,ac:84:c6:41:71:22,ff:ff:ff:ff:ff:ff,ff:ff:ff:ff:ff:ff,ac:84:c6:41:71:22,ac:84:c6:41:71:22,TP-LINK_7122,-88,1,2412,False,False
1778943707.2698262,management,beacon,d8:d7:75:45:81:24,ff:ff:ff:ff:ff:ff,ff:ff:ff:ff:ff:ff,d8:d7:75:45:81:24,d8:d7:75:45:81:24,FunBox2-8124,-43,1,2412,False,False
1778943707.4746122,management,beacon,d8:d7:75:45:81:24,ff:ff:ff:ff:ff:ff,ff:ff:ff:ff:ff:ff,d8:d7:75:45:81:24,d8:d7:75:45:81:24,FunBox2-8124,-43,1,2412,False,False
1778943707.5769718,management,beacon,d8:d7:75:45:81:24,ff:ff:ff:ff:ff:ff,ff:ff:ff:ff:ff:ff,d8:d7:75:45:81:24,d8:d7:75:45:81:24,FunBox2-8124,-44,1,2412,False,False
1778943707.679385,management,beacon,d8:d7:75:45:81:24,ff:ff:ff:ff:ff:ff,ff:ff:ff:ff:ff:ff,d8:d7:75:45:81:24,d8:d7:75:45:81:24,FunBox2-8124,-43,1,2412,False,False
1778943707.7817824,management,beacon,d8:d7:75:45:81:24,ff:ff:ff:ff:ff:ff,ff:ff:ff:ff:ff:ff,d8:d7:75:45:81:24,d8:d7:75:45:81:24,FunBox2-8124,-43,1,2412,False,False
1778943707.986627,management,beacon,d8:d7:75:45:81:24,ff:ff:ff:ff:ff:ff,ff:ff:ff:ff:ff:ff,d8:d7:75:45:81:24,d8:d7:75:45:81:24,FunBox2-8124,-46,1,2412,False,False
1778943707.99218,data,null_data,50:02:91:e8:18:ec,d8:d7:75:45:81:24,d8:d7:75:45:81:24,50:02:91:e8:18:ec,d8:d7:75:45:81:24,,-81,1,2412,False,False
1778943707.9921849,control,ack,,50:02:91:e8:18:ec,50:02:91:e8:18:ec,,,,-46,1,2412,False,False
1778943708.0890238,management,beacon,d8:d7:75:45:81:24,ff:ff:ff:ff:ff:ff,ff:ff:ff:ff:ff:ff,d8:d7:75:45:81:24,d8:d7:75:45:81:24,FunBox2-8124,-44,1,2412,False,False
1778943708.1228518,management,beacon,ac:84:c6:41:71:22,ff:ff:ff:ff:ff:ff,ff:ff:ff:ff:ff:ff,ac:84:c6:41:71:22,ac:84:c6:41:71:22,TP-LINK_7122,-89,1,2412,False,False
1778943708.1530743,data,null_data,50:02:91:e8:18:ec,d8:d7:75:45:81:24,d8:d7:75:45:81:24,50:02:91:e8:18:ec,d8:d7:75:45:81:24,,-83,1,2412,False,False
1778943708.1530838,control,ack,,50:02:91:e8:18:ec,50:02:91:e8:18:ec,,,,-48,1,2412,False,False
1778943708.1914136,management,beacon,d8:d7:75:45:81:24,ff:ff:ff:ff:ff:ff,ff:ff:ff:ff:ff:ff,d8:d7:75:45:81:24,d8:d7:75:45:81:24,FunBox2-8124,-43,1,2412,False,False
1778943708.2938914,management,beacon,d8:d7:75:45:81:24,ff:ff:ff:ff:ff:ff,ff:ff:ff:ff:ff:ff,d8:d7:75:45:81:24,d8:d7:75:45:81:24,FunBox2-8124,-46,1,2412,False,False
1778943708.4986832,management,beacon,d8:d7:75:45:81:24,ff:ff:ff:ff:ff:ff,ff:ff:ff:ff:ff:ff,d8:d7:75:45:81:24,d8:d7:75:45:81:24,FunBox2-8124,-43,1,2412,False,False
1778943708.6010323,management,beacon,d8:d7:75:45:81:24,ff:ff:ff:ff:ff:ff,ff:ff:ff:ff:ff:ff,d8:d7:75:45:81:24,d8:d7:75:45:81:24,FunBox2-8124,-43,1,2412,False,False
1778943708.7034428,management,beacon,d8:d7:75:45:81:24,ff:ff:ff:ff:ff:ff,ff:ff:ff:ff:ff:ff,d8:d7:75:45:81:24,d8:d7:75:45:81:24,FunBox2-8124,-44,1,2412,False,False
1778943708.7149322,data,qos_data,8e:8e:6f:93:93:5f,70:0b:01:45:f0:90,70:0b:01:45:f0:90,8e:8e:6f:93:93:5f,70:0b:01:45:f0:90,,-86,1,2412,True,False
1778943708.7186754,data,qos_data,8e:8e:6f:93:93:5f,70:0b:01:45:f0:90,70:0b:01:45:f0:90,8e:8e:6f:93:93:5f,70:0b:01:45:f0:90,,-86,1,2412,True,True
1778943708.7207668,data,qos_data,8e:8e:6f:93:93:5f,70:0b:01:45:f0:90,70:0b:01:45:f0:90,8e:8e:6f:93:93:5f,70:0b:01:45:f0:90,,-84,1,2412,True,True
1778943708.7228062,data,qos_data,8e:8e:6f:93:93:5f,70:0b:01:45:f0:90,70:0b:01:45:f0:90,8e:8e:6f:93:93:5f,70:0b:01:45:f0:90,,-85,1,2412,True,True
1778943708.7379503,data,qos_data,8e:8e:6f:93:93:5f,70:0b:01:45:f0:90,70:0b:01:45:f0:90,8e:8e:6f:93:93:5f,70:0b:01:45:f0:90,,-89,1,2412,True,True
1778943708.7396514,data,qos_data,8e:8e:6f:93:93:5f,70:0b:01:45:f0:90,70:0b:01:45:f0:90,8e:8e:6f:93:93:5f,70:0b:01:45:f0:90,,-88,1,2412,True,False
1778943708.7413068,data,qos_data,8e:8e:6f:93:93:5f,70:0b:01:45:f0:90,70:0b:01:45:f0:90,8e:8e:6f:93:93:5f,70:0b:01:45:f0:90,,-85,1,2412,True,True
1778943708.7431958,data,qos_data,8e:8e:6f:93:93:5f,70:0b:01:45:f0:90,70:0b:01:45:f0:90,8e:8e:6f:93:93:5f,70:0b:01:45:f0:90,,-86,1,2412,True,True
1778943708.7510931,data,qos_data,8e:8e:6f:93:93:5f,70:0b:01:45:f0:90,70:0b:01:45:f0:90,8e:8e:6f:93:93:5f,70:0b:01:45:f0:90,,-86,1,2412,True,True
1778943708.7658834,data,qos_data,8e:8e:6f:93:93:5f,70:0b:01:45:f0:90,70:0b:01:45:f0:90,8e:8e:6f:93:93:5f,70:0b:01:45:f0:90,,-86,1,2412,True,True
1778943708.767481,data,qos_data,8e:8e:6f:93:93:5f,70:0b:01:45:f0:90,70:0b:01:45:f0:90,8e:8e:6f:93:93:5f,70:0b:01:45:f0:90,,-87,1,2412,True,True
1778943708.7781026,data,qos_data,8e:8e:6f:93:93:5f,70:0b:01:45:f0:90,70:0b:01:45:f0:90,8e:8e:6f:93:93:5f,70:0b:01:45:f0:90,,-86,1,2412,True,True
1778943708.7822182,data,qos_data,8e:8e:6f:93:93:5f,70:0b:01:45:f0:90,70:0b:01:45:f0:90,8e:8e:6f:93:93:5f,70:0b:01:45:f0:90,,-87,1,2412,True,True
1778943708.7896788,data,qos_data,8e:8e:6f:93:93:5f,70:0b:01:45:f0:90,70:0b:01:45:f0:90,8e:8e:6f:93:93:5f,70:0b:01:45:f0:90,,-84,1,2412,True,True
1778943708.7915633,data,qos_data,8e:8e:6f:93:93:5f,70:0b:01:45:f0:90,70:0b:01:45:f0:90,8e:8e:6f:93:93:5f,70:0b:01:45:f0:90,,-85,1,2412,True,True
1778943708.7938051,data,qos_data,8e:8e:6f:93:93:5f,70:0b:01:45:f0:90,70:0b:01:45:f0:90,8e:8e:6f:93:93:5f,70:0b:01:45:f0:90,,-86,1,2412,True,True
1778943708.796009,data,qos_data,8e:8e:6f:93:93:5f,70:0b:01:45:f0:90,70:0b:01:45:f0:90,8e:8e:6f:93:93:5f,70:0b:01:45:f0:90,,-86,1,2412,True,True
1778943708.8072007,management,beacon,d8:d7:75:45:81:24,ff:ff:ff:ff:ff:ff,ff:ff:ff:ff:ff:ff,d8:d7:75:45:81:24,d8:d7:75:45:81:24,FunBox2-8124,-43,1,2412,False,False
1778943709.0106313,management,beacon,d8:d7:75:45:81:24,ff:ff:ff:ff:ff:ff,ff:ff:ff:ff:ff:ff,d8:d7:75:45:81:24,d8:d7:75:45:81:24,FunBox2-8124,-44,1,2412,False,False
1778943709.0405424,management,beacon,ac:84:c6:41:71:22,ff:ff:ff:ff:ff:ff,ff:ff:ff:ff:ff:ff,ac:84:c6:41:71:22,ac:84:c6:41:71:22,TP-LINK_7122,-88,1,2412,False,False
1778943709.1130757,management,beacon,d8:d7:75:45:81:24,ff:ff:ff:ff:ff:ff,ff:ff:ff:ff:ff:ff,d8:d7:75:45:81:24,d8:d7:75:45:81:24,FunBox2-8124,-44,1,2412,False,False
1778943709.1145535,data,data,d8:d7:75:45:81:24,33:33:00:00:00:01,33:33:00:00:00:01,d8:d7:75:45:81:24,d8:d7:75:45:81:24,,-45,1,2412,True,False
1778943709.115062,control,ack,,d8:d7:75:45:81:24,d8:d7:75:45:81:24,,,,-82,1,2412,False,False
1778943709.1150641,data,null_data,50:02:91:e8:18:ec,d8:d7:75:45:81:24,d8:d7:75:45:81:24,50:02:91:e8:18:ec,d8:d7:75:45:81:24,,-81,1,2412,False,False
1778943709.115066,control,ack,,50:02:91:e8:18:ec,50:02:91:e8:18:ec,,,,-45,1,2412,False,False
1778943709.2154548,management,beacon,d8:d7:75:45:81:24,ff:ff:ff:ff:ff:ff,ff:ff:ff:ff:ff:ff,d8:d7:75:45:81:24,d8:d7:75:45:81:24,FunBox2-8124,-44,1,2412,False,False
1778943709.2349732,data,null_data,8e:8e:6f:93:93:5f,70:0b:01:45:f0:90,70:0b:01:45:f0:90,8e:8e:6f:93:93:5f,70:0b:01:45:f0:90,,-85,1,2412,False,False
1778943709.2389069,data,null_data,8e:8e:6f:93:93:5f,70:0b:01:45:f0:90,70:0b:01:45:f0:90,8e:8e:6f:93:93:5f,70:0b:01:45:f0:90,,-91,1,2412,False,True
1778943709.2415059,data,null_data,8e:8e:6f:93:93:5f,70:0b:01:45:f0:90,70:0b:01:45:f0:90,8e:8e:6f:93:93:5f,70:0b:01:45:f0:90,,-88,1,2412,False,True
1778943709.2469625,data,null_data,8e:8e:6f:93:93:5f,70:0b:01:45:f0:90,70:0b:01:45:f0:90,8e:8e:6f:93:93:5f,70:0b:01:45:f0:90,,-87,1,2412,False,False
1778943709.2477865,data,null_data,8e:8e:6f:93:93:5f,70:0b:01:45:f0:90,70:0b:01:45:f0:90,8e:8e:6f:93:93:5f,70:0b:01:45:f0:90,,-86,1,2412,False,True
1778943709.249372,data,null_data,8e:8e:6f:93:93:5f,70:0b:01:45:f0:90,70:0b:01:45:f0:90,8e:8e:6f:93:93:5f,70:0b:01:45:f0:90,,-88,1,2412,False,True
1778943709.2501757,data,null_data,8e:8e:6f:93:93:5f,70:0b:01:45:f0:90,70:0b:01:45:f0:90,8e:8e:6f:93:93:5f,70:0b:01:45:f0:90,,-87,1,2412,False,True
1778943709.250942,data,null_data,8e:8e:6f:93:93:5f,70:0b:01:45:f0:90,70:0b:01:45:f0:90,8e:8e:6f:93:93:5f,70:0b:01:45:f0:90,,-88,1,2412,False,True
1778943709.2517645,data,null_data,8e:8e:6f:93:93:5f,70:0b:01:45:f0:90,70:0b:01:45:f0:90,8e:8e:6f:93:93:5f,70:0b:01:45:f0:90,,-88,1,2412,False,True
1778943709.2760167,data,null_data,50:02:91:e8:18:ec,d8:d7:75:45:81:24,d8:d7:75:45:81:24,50:02:91:e8:18:ec,d8:d7:75:45:81:24,,-82,1,2412,False,False
1778943709.2760284,control,ack,,50:02:91:e8:18:ec,50:02:91:e8:18:ec,,,,-45,1,2412,False,False
1778943709.317872,management,beacon,d8:d7:75:45:81:24,ff:ff:ff:ff:ff:ff,ff:ff:ff:ff:ff:ff,d8:d7:75:45:81:24,d8:d7:75:45:81:24,FunBox2-8124,-46,1,2412,False,False
1778943709.4202793,management,beacon,d8:d7:75:45:81:24,ff:ff:ff:ff:ff:ff,ff:ff:ff:ff:ff:ff,d8:d7:75:45:81:24,d8:d7:75:45:81:24,FunBox2-8124,-43,1,2412,False,False
1778943709.522683,management,beacon,d8:d7:75:45:81:24,ff:ff:ff:ff:ff:ff,ff:ff:ff:ff:ff:ff,d8:d7:75:45:81:24,d8:d7:75:45:81:24,FunBox2-8124,-43,1,2412,False,False
1778943709.6250591,management,beacon,d8:d7:75:45:81:24,ff:ff:ff:ff:ff:ff,ff:ff:ff:ff:ff:ff,d8:d7:75:45:81:24,d8:d7:75:45:81:24,FunBox2-8124,-45,1,2412,False,False
1778943709.6282074,data,null_data,50:02:91:e8:18:ec,d8:d7:75:45:81:24,d8:d7:75:45:81:24,50:02:91:e8:18:ec,d8:d7:75:45:81:24,,-82,1,2412,False,False
1778943709.628835,data,null_data,50:02:91:e8:18:ec,d8:d7:75:45:81:24,d8:d7:75:45:81:24,50:02:91:e8:18:ec,d8:d7:75:45:81:24,,-82,1,2412,False,True
1778943709.629692,data,null_data,50:02:91:e8:18:ec,d8:d7:75:45:81:24,d8:d7:75:45:81:24,50:02:91:e8:18:ec,d8:d7:75:45:81:24,,-82,1,2412,False,True
1778943709.6302698,data,null_data,50:02:91:e8:18:ec,d8:d7:75:45:81:24,d8:d7:75:45:81:24,50:02:91:e8:18:ec,d8:d7:75:45:81:24,,-83,1,2412,False,True
1778943709.6308022,data,null_data,50:02:91:e8:18:ec,d8:d7:75:45:81:24,d8:d7:75:45:81:24,50:02:91:e8:18:ec,d8:d7:75:45:81:24,,-82,1,2412,False,True
1778943709.6311204,control,ack,,50:02:91:e8:18:ec,50:02:91:e8:18:ec,,,,-44,1,2412,False,False
1778943709.727513,management,beacon,d8:d7:75:45:81:24,ff:ff:ff:ff:ff:ff,ff:ff:ff:ff:ff:ff,d8:d7:75:45:81:24,d8:d7:75:45:81:24,FunBox2-8124,-44,1,2412,False,False
1778943709.792158,data,null_data,50:02:91:e8:18:ec,d8:d7:75:45:81:24,d8:d7:75:45:81:24,50:02:91:e8:18:ec,d8:d7:75:45:81:24,,-80,1,2412,False,False
1778943709.7921684,control,ack,,50:02:91:e8:18:ec,50:02:91:e8:18:ec,,,,-46,1,2412,False,False
1778943709.8173053,data,null_data,8e:8e:6f:93:93:5f,70:0b:01:45:f0:90,70:0b:01:45:f0:90,8e:8e:6f:93:93:5f,70:0b:01:45:f0:90,,-85,1,2412,False,False
1778943709.8310869,data,null_data,8e:8e:6f:93:93:5f,70:0b:01:45:f0:90,70:0b:01:45:f0:90,8e:8e:6f:93:93:5f,70:0b:01:45:f0:90,,-89,1,2412,False,True
1778943709.8318517,data,null_data,8e:8e:6f:93:93:5f,70:0b:01:45:f0:90,70:0b:01:45:f0:90,8e:8e:6f:93:93:5f,70:0b:01:45:f0:90,,-86,1,2412,False,True
1778943709.833461,data,null_data,8e:8e:6f:93:93:5f,70:0b:01:45:f0:90,70:0b:01:45:f0:90,8e:8e:6f:93:93:5f,70:0b:01:45:f0:90,,-86,1,2412,False,True
1778943709.834232,data,null_data,8e:8e:6f:93:93:5f,70:0b:01:45:f0:90,70:0b:01:45:f0:90,8e:8e:6f:93:93:5f,70:0b:01:45:f0:90,,-84,1,2412,False,True
1778943709.8349977,data,null_data,8e:8e:6f:93:93:5f,70:0b:01:45:f0:90,70:0b:01:45:f0:90,8e:8e:6f:93:93:5f,70:0b:01:45:f0:90,,-84,1,2412,False,True
1778943709.9522052,management,probe_request,8e:8e:6f:93:93:5f,70:0b:01:45:f0:90,70:0b:01:45:f0:90,8e:8e:6f:93:93:5f,70:0b:01:45:f0:90,METALLICA,-88,1,2412,False,True
1778943709.9554162,management,probe_request,8e:8e:6f:93:93:5f,70:0b:01:45:f0:90,70:0b:01:45:f0:90,8e:8e:6f:93:93:5f,70:0b:01:45:f0:90,METALLICA,-87,1,2412,False,True
1778943709.9586785,management,probe_request,8e:8e:6f:93:93:5f,70:0b:01:45:f0:90,70:0b:01:45:f0:90,8e:8e:6f:93:93:5f,70:0b:01:45:f0:90,METALLICA,-86,1,2412,False,True
1778943709.9755132,data,null_data,8e:8e:6f:93:93:5f,70:0b:01:45:f0:90,70:0b:01:45:f0:90,8e:8e:6f:93:93:5f,70:0b:01:45:f0:90,,-87,1,2412,False,False
1778943709.9763217,data,null_data,8e:8e:6f:93:93:5f,70:0b:01:45:f0:90,70:0b:01:45:f0:90,8e:8e:6f:93:93:5f,70:0b:01:45:f0:90,,-86,1,2412,False,True
1778943709.9771283,data,null_data,8e:8e:6f:93:93:5f,70:0b:01:45:f0:90,70:0b:01:45:f0:90,8e:8e:6f:93:93:5f,70:0b:01:45:f0:90,,-86,1,2412,False,True
1778943709.977943,data,null_data,8e:8e:6f:93:93:5f,70:0b:01:45:f0:90,70:0b:01:45:f0:90,8e:8e:6f:93:93:5f,70:0b:01:45:f0:90,,-87,1,2412,False,True
1778943709.978708,data,null_data,8e:8e:6f:93:93:5f,70:0b:01:45:f0:90,70:0b:01:45:f0:90,8e:8e:6f:93:93:5f,70:0b:01:45:f0:90,,-86,1,2412,False,True
1778943709.9795187,data,null_data,8e:8e:6f:93:93:5f,70:0b:01:45:f0:90,70:0b:01:45:f0:90,8e:8e:6f:93:93:5f,70:0b:01:45:f0:90,,-85,1,2412,False,True
1778943709.980329,data,null_data,8e:8e:6f:93:93:5f,70:0b:01:45:f0:90,70:0b:01:45:f0:90,8e:8e:6f:93:93:5f,70:0b:01:45:f0:90,,-87,1,2412,False,True
1778943709.9813979,data,null_data,8e:8e:6f:93:93:5f,70:0b:01:45:f0:90,70:0b:01:45:f0:90,8e:8e:6f:93:93:5f,70:0b:01:45:f0:90,,-88,1,2412,False,False
1778943709.9821658,data,null_data,8e:8e:6f:93:93:5f,70:0b:01:45:f0:90,70:0b:01:45:f0:90,8e:8e:6f:93:93:5f,70:0b:01:45:f0:90,,-87,1,2412,False,True
1778943709.982997,data,null_data,8e:8e:6f:93:93:5f,70:0b:01:45:f0:90,70:0b:01:45:f0:90,8e:8e:6f:93:93:5f,70:0b:01:45:f0:90,,-88,1,2412,False,True
1778943709.9838164,data,null_data,8e:8e:6f:93:93:5f,70:0b:01:45:f0:90,70:0b:01:45:f0:90,8e:8e:6f:93:93:5f,70:0b:01:45:f0:90,,-86,1,2412,False,True
1778943709.9845853,data,null_data,8e:8e:6f:93:93:5f,70:0b:01:45:f0:90,70:0b:01:45:f0:90,8e:8e:6f:93:93:5f,70:0b:01:45:f0:90,,-87,1,2412,False,True
1778943709.9853966,data,null_data,8e:8e:6f:93:93:5f,70:0b:01:45:f0:90,70:0b:01:45:f0:90,8e:8e:6f:93:93:5f,70:0b:01:45:f0:90,,-88,1,2412,False,True
1778943709.9861684,data,null_data,8e:8e:6f:93:93:5f,70:0b:01:45:f0:90,70:0b:01:45:f0:90,8e:8e:6f:93:93:5f,70:0b:01:45:f0:90,,-87,1,2412,False,True
1778943709.987218,data,null_data,8e:8e:6f:93:93:5f,70:0b:01:45:f0:90,70:0b:01:45:f0:90,8e:8e:6f:93:93:5f,70:0b:01:45:f0:90,,-88,1,2412,False,False
1778943709.9880388,data,null_data,8e:8e:6f:93:93:5f,70:0b:01:45:f0:90,70:0b:01:45:f0:90,8e:8e:6f:93:93:5f,70:0b:01:45:f0:90,,-87,1,2412,False,True
1778943709.9895878,data,null_data,8e:8e:6f:93:93:5f,70:0b:01:45:f0:90,70:0b:01:45:f0:90,8e:8e:6f:93:93:5f,70:0b:01:45:f0:90,,-85,1,2412,False,True
1778943709.9903998,data,null_data,8e:8e:6f:93:93:5f,70:0b:01:45:f0:90,70:0b:01:45:f0:90,8e:8e:6f:93:93:5f,70:0b:01:45:f0:90,,-89,1,2412,False,True
1778943709.9912045,data,null_data,8e:8e:6f:93:93:5f,70:0b:01:45:f0:90,70:0b:01:45:f0:90,8e:8e:6f:93:93:5f,70:0b:01:45:f0:90,,-86,1,2412,False,True
1778943709.992026,data,null_data,8e:8e:6f:93:93:5f,70:0b:01:45:f0:90,70:0b:01:45:f0:90,8e:8e:6f:93:93:5f,70:0b:01:45:f0:90,,-86,1,2412,False,True
1778943710.0346754,management,beacon,d8:d7:75:45:81:24,ff:ff:ff:ff:ff:ff,ff:ff:ff:ff:ff:ff,d8:d7:75:45:81:24,d8:d7:75:45:81:24,FunBox2-8124,-44,1,2412,False,False
1778943710.1370912,management,beacon,d8:d7:75:45:81:24,ff:ff:ff:ff:ff:ff,ff:ff:ff:ff:ff:ff,d8:d7:75:45:81:24,d8:d7:75:45:81:24,FunBox2-8124,-43,1,2412,False,False
1778943710.1662586,management,beacon,ac:84:c6:41:71:22,ff:ff:ff:ff:ff:ff,ff:ff:ff:ff:ff:ff,ac:84:c6:41:71:22,ac:84:c6:41:71:22,TP-LINK_7122,-94,1,2412,False,False
1778943710.2395418,management,beacon,d8:d7:75:45:81:24,ff:ff:ff:ff:ff:ff,ff:ff:ff:ff:ff:ff,d8:d7:75:45:81:24,d8:d7:75:45:81:24,FunBox2-8124,-47,1,2412,False,False
1778943710.2713063,data,null_data,8e:8e:6f:93:93:5f,70:0b:01:45:f0:90,70:0b:01:45:f0:90,8e:8e:6f:93:93:5f,70:0b:01:45:f0:90,,-87,1,2412,False,False
1778943710.2720945,data,null_data,8e:8e:6f:93:93:5f,70:0b:01:45:f0:90,70:0b:01:45:f0:90,8e:8e:6f:93:93:5f,70:0b:01:45:f0:90,,-86,1,2412,False,True
1778943710.2728672,data,null_data,8e:8e:6f:93:93:5f,70:0b:01:45:f0:90,70:0b:01:45:f0:90,8e:8e:6f:93:93:5f,70:0b:01:45:f0:90,,-85,1,2412,False,True
1778943710.273631,data,null_data,8e:8e:6f:93:93:5f,70:0b:01:45:f0:90,70:0b:01:45:f0:90,8e:8e:6f:93:93:5f,70:0b:01:45:f0:90,,-87,1,2412,False,True
1778943710.2744246,data,null_data,8e:8e:6f:93:93:5f,70:0b:01:45:f0:90,70:0b:01:45:f0:90,8e:8e:6f:93:93:5f,70:0b:01:45:f0:90,,-87,1,2412,False,True
1778943710.275992,data,qos_data,8e:8e:6f:93:93:5f,70:0b:01:45:f0:90,70:0b:01:45:f0:90,8e:8e:6f:93:93:5f,70:0b:01:45:f0:90,,-85,1,2412,True,False
1778943710.2767663,data,null_data,8e:8e:6f:93:93:5f,70:0b:01:45:f0:90,70:0b:01:45:f0:90,8e:8e:6f:93:93:5f,70:0b:01:45:f0:90,,-88,1,2412,False,True
1778943710.2775822,data,null_data,8e:8e:6f:93:93:5f,70:0b:01:45:f0:90,70:0b:01:45:f0:90,8e:8e:6f:93:93:5f,70:0b:01:45:f0:90,,-87,1,2412,False,True
1778943710.2792165,data,qos_data,8e:8e:6f:93:93:5f,70:0b:01:45:f0:90,70:0b:01:45:f0:90,8e:8e:6f:93:93:5f,70:0b:01:45:f0:90,,-86,1,2412,True,True
1778943710.2836664,data,qos_data,8e:8e:6f:93:93:5f,70:0b:01:45:f0:90,70:0b:01:45:f0:90,8e:8e:6f:93:93:5f,70:0b:01:45:f0:90,,-87,1,2412,True,True
1778943710.2888842,data,qos_data,8e:8e:6f:93:93:5f,70:0b:01:45:f0:90,70:0b:01:45:f0:90,8e:8e:6f:93:93:5f,70:0b:01:45:f0:90,,-83,1,2412,True,True
1778943710.2962308,data,qos_data,8e:8e:6f:93:93:5f,70:0b:01:45:f0:90,70:0b:01:45:f0:90,8e:8e:6f:93:93:5f,70:0b:01:45:f0:90,,-86,1,2412,True,True
1778943710.2994204,data,qos_data,8e:8e:6f:93:93:5f,70:0b:01:45:f0:90,70:0b:01:45:f0:90,8e:8e:6f:93:93:5f,70:0b:01:45:f0:90,,-85,1,2412,True,True
1778943710.3035018,data,qos_data,8e:8e:6f:93:93:5f,70:0b:01:45:f0:90,70:0b:01:45:f0:90,8e:8e:6f:93:93:5f,70:0b:01:45:f0:90,,-86,1,2412,True,True
1778943710.3066974,data,qos_data,8e:8e:6f:93:93:5f,70:0b:01:45:f0:90,70:0b:01:45:f0:90,8e:8e:6f:93:93:5f,70:0b:01:45:f0:90,,-87,1,2412,True,True
1778943710.312638,data,qos_data,8e:8e:6f:93:93:5f,70:0b:01:45:f0:90,70:0b:01:45:f0:90,8e:8e:6f:93:93:5f,70:0b:01:45:f0:90,,-85,1,2412,True,True
1778943710.3189805,data,qos_data,8e:8e:6f:93:93:5f,70:0b:01:45:f0:90,70:0b:01:45:f0:90,8e:8e:6f:93:93:5f,70:0b:01:45:f0:90,,-85,1,2412,True,True
1778943710.3205473,data,qos_data,8e:8e:6f:93:93:5f,70:0b:01:45:f0:90,70:0b:01:45:f0:90,8e:8e:6f:93:93:5f,70:0b:01:45:f0:90,,-87,1,2412,True,False
1778943710.3220997,data,qos_data,8e:8e:6f:93:93:5f,70:0b:01:45:f0:90,70:0b:01:45:f0:90,8e:8e:6f:93:93:5f,70:0b:01:45:f0:90,,-86,1,2412,True,True
1778943710.3238742,data,qos_data,8e:8e:6f:93:93:5f,70:0b:01:45:f0:90,70:0b:01:45:f0:90,8e:8e:6f:93:93:5f,70:0b:01:45:f0:90,,-85,1,2412,True,True
1778943710.3283186,data,qos_data,8e:8e:6f:93:93:5f,70:0b:01:45:f0:90,70:0b:01:45:f0:90,8e:8e:6f:93:93:5f,70:0b:01:45:f0:90,,-88,1,2412,True,True
1778943710.3355048,data,qos_data,8e:8e:6f:93:93:5f,70:0b:01:45:f0:90,70:0b:01:45:f0:90,8e:8e:6f:93:93:5f,70:0b:01:45:f0:90,,-86,1,2412,True,True
1778943710.3370159,data,qos_data,8e:8e:6f:93:93:5f,70:0b:01:45:f0:90,70:0b:01:45:f0:90,8e:8e:6f:93:93:5f,70:0b:01:45:f0:90,,-88,1,2412,True,False
1778943710.33859,data,qos_data,8e:8e:6f:93:93:5f,70:0b:01:45:f0:90,70:0b:01:45:f0:90,8e:8e:6f:93:93:5f,70:0b:01:45:f0:90,,-87,1,2412,True,True
1778943710.3419027,management,beacon,d8:d7:75:45:81:24,ff:ff:ff:ff:ff:ff,ff:ff:ff:ff:ff:ff,d8:d7:75:45:81:24,d8:d7:75:45:81:24,FunBox2-8124,-44,1,2412,False,False
1778943710.3432157,data,qos_data,8e:8e:6f:93:93:5f,70:0b:01:45:f0:90,70:0b:01:45:f0:90,8e:8e:6f:93:93:5f,70:0b:01:45:f0:90,,-89,1,2412,True,True
1778943710.3783846,data,qos_data,8e:8e:6f:93:93:5f,70:0b:01:45:f0:90,70:0b:01:45:f0:90,8e:8e:6f:93:93:5f,70:0b:01:45:f0:90,,-88,1,2412,True,True
1778943710.3834434,data,qos_data,8e:8e:6f:93:93:5f,70:0b:01:45:f0:90,70:0b:01:45:f0:90,8e:8e:6f:93:93:5f,70:0b:01:45:f0:90,,-89,1,2412,True,True
1778943710.3908815,data,qos_data,8e:8e:6f:93:93:5f,70:0b:01:45:f0:90,70:0b:01:45:f0:90,8e:8e:6f:93:93:5f,70:0b:01:45:f0:90,,-85,1,2412,True,True
1778943710.4443054,management,beacon,d8:d7:75:45:81:24,ff:ff:ff:ff:ff:ff,ff:ff:ff:ff:ff:ff,d8:d7:75:45:81:24,d8:d7:75:45:81:24,FunBox2-8124,-44,1,2412,False,False
1778943710.4522364,data,null_data,8e:8e:6f:93:93:5f,70:0b:01:45:f0:90,70:0b:01:45:f0:90,8e:8e:6f:93:93:5f,70:0b:01:45:f0:90,,-86,1,2412,False,False
1778943710.45384,data,null_data,8e:8e:6f:93:93:5f,70:0b:01:45:f0:90,70:0b:01:45:f0:90,8e:8e:6f:93:93:5f,70:0b:01:45:f0:90,,-86,1,2412,False,True
1778943710.4546072,data,null_data,8e:8e:6f:93:93:5f,70:0b:01:45:f0:90,70:0b:01:45:f0:90,8e:8e:6f:93:93:5f,70:0b:01:45:f0:90,,-88,1,2412,False,True
1778943710.4554107,data,null_data,8e:8e:6f:93:93:5f,70:0b:01:45:f0:90,70:0b:01:45:f0:90,8e:8e:6f:93:93:5f,70:0b:01:45:f0:90,,-86,1,2412,False,True
1778943710.4562197,data,null_data,8e:8e:6f:93:93:5f,70:0b:01:45:f0:90,70:0b:01:45:f0:90,8e:8e:6f:93:93:5f,70:0b:01:45:f0:90,,-87,1,2412,False,True
1778943710.4580736,data,null_data,8e:8e:6f:93:93:5f,70:0b:01:45:f0:90,70:0b:01:45:f0:90,8e:8e:6f:93:93:5f,70:0b:01:45:f0:90,,-86,1,2412,False,False
1778943710.4588807,data,null_data,8e:8e:6f:93:93:5f,70:0b:01:45:f0:90,70:0b:01:45:f0:90,8e:8e:6f:93:93:5f,70:0b:01:45:f0:90,,-87,1,2412,False,True
1778943710.4596484,data,null_data,8e:8e:6f:93:93:5f,70:0b:01:45:f0:90,70:0b:01:45:f0:90,8e:8e:6f:93:93:5f,70:0b:01:45:f0:90,,-89,1,2412,False,True
1778943710.4604695,data,null_data,8e:8e:6f:93:93:5f,70:0b:01:45:f0:90,70:0b:01:45:f0:90,8e:8e:6f:93:93:5f,70:0b:01:45:f0:90,,-86,1,2412,False,True
1778943710.4620495,data,null_data,8e:8e:6f:93:93:5f,70:0b:01:45:f0:90,70:0b:01:45:f0:90,8e:8e:6f:93:93:5f,70:0b:01:45:f0:90,,-86,1,2412,False,True
1778943710.4628773,data,null_data,8e:8e:6f:93:93:5f,70:0b:01:45:f0:90,70:0b:01:45:f0:90,8e:8e:6f:93:93:5f,70:0b:01:45:f0:90,,-88,1,2412,False,True
1778943710.4639266,data,null_data,8e:8e:6f:93:93:5f,70:0b:01:45:f0:90,70:0b:01:45:f0:90,8e:8e:6f:93:93:5f,70:0b:01:45:f0:90,,-87,1,2412,False,False
1778943710.4647357,data,null_data,8e:8e:6f:93:93:5f,70:0b:01:45:f0:90,70:0b:01:45:f0:90,8e:8e:6f:93:93:5f,70:0b:01:45:f0:90,,-88,1,2412,False,True
1778943710.4655306,data,null_data,8e:8e:6f:93:93:5f,70:0b:01:45:f0:90,70:0b:01:45:f0:90,8e:8e:6f:93:93:5f,70:0b:01:45:f0:90,,-87,1,2412,False,True
1778943710.466352,data,null_data,8e:8e:6f:93:93:5f,70:0b:01:45:f0:90,70:0b:01:45:f0:90,8e:8e:6f:93:93:5f,70:0b:01:45:f0:90,,-86,1,2412,False,True
1778943710.4671185,data,null_data,8e:8e:6f:93:93:5f,70:0b:01:45:f0:90,70:0b:01:45:f0:90,8e:8e:6f:93:93:5f,70:0b:01:45:f0:90,,-85,1,2412,False,True
1778943710.4678924,data,null_data,8e:8e:6f:93:93:5f,70:0b:01:45:f0:90,70:0b:01:45:f0:90,8e:8e:6f:93:93:5f,70:0b:01:45:f0:90,,-85,1,2412,False,True
1778943710.4686787,data,null_data,8e:8e:6f:93:93:5f,70:0b:01:45:f0:90,70:0b:01:45:f0:90,8e:8e:6f:93:93:5f,70:0b:01:45:f0:90,,-87,1,2412,False,True
1778943710.5467405,management,beacon,d8:d7:75:45:81:24,ff:ff:ff:ff:ff:ff,ff:ff:ff:ff:ff:ff,d8:d7:75:45:81:24,d8:d7:75:45:81:24,FunBox2-8124,-45,1,2412,False,False
1778943710.649099,management,beacon,d8:d7:75:45:81:24,ff:ff:ff:ff:ff:ff,ff:ff:ff:ff:ff:ff,d8:d7:75:45:81:24,d8:d7:75:45:81:24,FunBox2-8124,-43,1,2412,False,False
1778943710.743928,data,null_data,8e:8e:6f:93:93:5f,70:0b:01:45:f0:90,70:0b:01:45:f0:90,8e:8e:6f:93:93:5f,70:0b:01:45:f0:90,,-87,1,2412,False,False
1778943710.7478197,data,null_data,8e:8e:6f:93:93:5f,70:0b:01:45:f0:90,70:0b:01:45:f0:90,8e:8e:6f:93:93:5f,70:0b:01:45:f0:90,,-87,1,2412,False,True
1778943710.748633,data,null_data,8e:8e:6f:93:93:5f,70:0b:01:45:f0:90,70:0b:01:45:f0:90,8e:8e:6f:93:93:5f,70:0b:01:45:f0:90,,-85,1,2412,False,True
1778943710.7516372,management,beacon,d8:d7:75:45:81:24,ff:ff:ff:ff:ff:ff,ff:ff:ff:ff:ff:ff,d8:d7:75:45:81:24,d8:d7:75:45:81:24,FunBox2-8124,-44,1,2412,False,False
1778943710.7529418,data,qos_data,8e:8e:6f:93:93:5f,70:0b:01:45:f0:90,70:0b:01:45:f0:90,8e:8e:6f:93:93:5f,70:0b:01:45:f0:90,,-84,1,2412,True,False
1778943710.7544358,data,qos_data,8e:8e:6f:93:93:5f,70:0b:01:45:f0:90,70:0b:01:45:f0:90,8e:8e:6f:93:93:5f,70:0b:01:45:f0:90,,-85,1,2412,True,True
1778943710.7561889,data,qos_data,8e:8e:6f:93:93:5f,70:0b:01:45:f0:90,70:0b:01:45:f0:90,8e:8e:6f:93:93:5f,70:0b:01:45:f0:90,,-86,1,2412,True,True
1778943710.7608743,data,qos_data,8e:8e:6f:93:93:5f,70:0b:01:45:f0:90,70:0b:01:45:f0:90,8e:8e:6f:93:93:5f,70:0b:01:45:f0:90,,-85,1,2412,True,True
1778943710.769373,data,qos_data,8e:8e:6f:93:93:5f,70:0b:01:45:f0:90,70:0b:01:45:f0:90,8e:8e:6f:93:93:5f,70:0b:01:45:f0:90,,-84,1,2412,True,True
1778943710.778652,data,qos_data,8e:8e:6f:93:93:5f,70:0b:01:45:f0:90,70:0b:01:45:f0:90,8e:8e:6f:93:93:5f,70:0b:01:45:f0:90,,-86,1,2412,True,True
1778943710.78563,data,qos_data,8e:8e:6f:93:93:5f,70:0b:01:45:f0:90,70:0b:01:45:f0:90,8e:8e:6f:93:93:5f,70:0b:01:45:f0:90,,-86,1,2412,True,True
1778943710.788294,data,qos_data,8e:8e:6f:93:93:5f,70:0b:01:45:f0:90,70:0b:01:45:f0:90,8e:8e:6f:93:93:5f,70:0b:01:45:f0:90,,-84,1,2412,True,True
1778943710.7969916,data,qos_data,8e:8e:6f:93:93:5f,70:0b:01:45:f0:90,70:0b:01:45:f0:90,8e:8e:6f:93:93:5f,70:0b:01:45:f0:90,,-88,1,2412,True,True
1778943710.8002703,data,qos_data,8e:8e:6f:93:93:5f,70:0b:01:45:f0:90,70:0b:01:45:f0:90,8e:8e:6f:93:93:5f,70:0b:01:45:f0:90,,-87,1,2412,True,True
1778943710.802466,data,qos_data,8e:8e:6f:93:93:5f,70:0b:01:45:f0:90,70:0b:01:45:f0:90,8e:8e:6f:93:93:5f,70:0b:01:45:f0:90,,-86,1,2412,True,True
1778943710.8047662,data,qos_data,8e:8e:6f:93:93:5f,70:0b:01:45:f0:90,70:0b:01:45:f0:90,8e:8e:6f:93:93:5f,70:0b:01:45:f0:90,,-87,1,2412,True,True
1778943710.8070452,data,qos_data,8e:8e:6f:93:93:5f,70:0b:01:45:f0:90,70:0b:01:45:f0:90,8e:8e:6f:93:93:5f,70:0b:01:45:f0:90,,-86,1,2412,True,True
1778943710.8127098,data,qos_data,8e:8e:6f:93:93:5f,70:0b:01:45:f0:90,70:0b:01:45:f0:90,8e:8e:6f:93:93:5f,70:0b:01:45:f0:90,,-87,1,2412,True,True
1778943710.8147776,data,qos_data,8e:8e:6f:93:93:5f,70:0b:01:45:f0:90,70:0b:01:45:f0:90,8e:8e:6f:93:93:5f,70:0b:01:45:f0:90,,-86,1,2412,True,True
1778943710.8164892,data,qos_data,8e:8e:6f:93:93:5f,70:0b:01:45:f0:90,70:0b:01:45:f0:90,8e:8e:6f:93:93:5f,70:0b:01:45:f0:90,,-85,1,2412,True,False
1778943710.8330863,data,qos_data,8e:8e:6f:93:93:5f,70:0b:01:45:f0:90,70:0b:01:45:f0:90,8e:8e:6f:93:93:5f,70:0b:01:45:f0:90,,-86,1,2412,True,False
1778943710.8365378,data,qos_data,8e:8e:6f:93:93:5f,70:0b:01:45:f0:90,70:0b:01:45:f0:90,8e:8e:6f:93:93:5f,70:0b:01:45:f0:90,,-85,1,2412,True,True
1778943710.8553467,management,beacon,d8:d7:75:45:81:24,ff:ff:ff:ff:ff:ff,ff:ff:ff:ff:ff:ff,d8:d7:75:45:81:24,d8:d7:75:45:81:24,FunBox2-8124,-45,1,2412,False,False
1778943710.8566208,data,qos_data,8e:8e:6f:93:93:5f,70:0b:01:45:f0:90,70:0b:01:45:f0:90,8e:8e:6f:93:93:5f,70:0b:01:45:f0:90,,-86,1,2412,True,True
1778943710.863384,data,qos_data,8e:8e:6f:93:93:5f,70:0b:01:45:f0:90,70:0b:01:45:f0:90,8e:8e:6f:93:93:5f,70:0b:01:45:f0:90,,-85,1,2412,True,True
1778943710.8677409,data,qos_data,8e:8e:6f:93:93:5f,70:0b:01:45:f0:90,70:0b:01:45:f0:90,8e:8e:6f:93:93:5f,70:0b:01:45:f0:90,,-88,1,2412,True,True
1778943710.8798947,data,qos_data,8e:8e:6f:93:93:5f,70:0b:01:45:f0:90,70:0b:01:45:f0:90,8e:8e:6f:93:93:5f,70:0b:01:45:f0:90,,-86,1,2412,True,True
1778943710.8886566,data,qos_data,8e:8e:6f:93:93:5f,70:0b:01:45:f0:90,70:0b:01:45:f0:90,8e:8e:6f:93:93:5f,70:0b:01:45:f0:90,,-88,1,2412,True,True
1778943710.8907828,data,qos_data,8e:8e:6f:93:93:5f,70:0b:01:45:f0:90,70:0b:01:45:f0:90,8e:8e:6f:93:93:5f,70:0b:01:45:f0:90,,-85,1,2412,True,True
1778943710.9563444,management,beacon,d8:d7:75:45:81:24,ff:ff:ff:ff:ff:ff,ff:ff:ff:ff:ff:ff,d8:d7:75:45:81:24,d8:d7:75:45:81:24,FunBox2-8124,-44,1,2412,False,False
1778943710.957517,data,null_data,50:02:91:e8:18:ec,d8:d7:75:45:81:24,d8:d7:75:45:81:24,50:02:91:e8:18:ec,d8:d7:75:45:81:24,,-80,1,2412,False,False
1778943710.9575198,control,ack,,50:02:91:e8:18:ec,50:02:91:e8:18:ec,,,,-46,1,2412,False,False
1778943710.9722264,data,null_data,8e:8e:6f:93:93:5f,70:0b:01:45:f0:90,70:0b:01:45:f0:90,8e:8e:6f:93:93:5f,70:0b:01:45:f0:90,,-85,1,2412,False,False
1778943710.9803338,data,null_data,8e:8e:6f:93:93:5f,70:0b:01:45:f0:90,70:0b:01:45:f0:90,8e:8e:6f:93:93:5f,70:0b:01:45:f0:90,,-88,1,2412,False,False
1778943710.9819381,data,null_data,8e:8e:6f:93:93:5f,70:0b:01:45:f0:90,70:0b:01:45:f0:90,8e:8e:6f:93:93:5f,70:0b:01:45:f0:90,,-86,1,2412,False,True
1778943710.9827614,data,null_data,8e:8e:6f:93:93:5f,70:0b:01:45:f0:90,70:0b:01:45:f0:90,8e:8e:6f:93:93:5f,70:0b:01:45:f0:90,,-87,1,2412,False,True
1778943710.996092,data,null_data,8e:8e:6f:93:93:5f,70:0b:01:45:f0:90,70:0b:01:45:f0:90,8e:8e:6f:93:93:5f,70:0b:01:45:f0:90,,-88,1,2412,False,True
1778943710.9992983,management,probe_request,8e:8e:6f:93:93:5f,70:0b:01:45:f0:90,70:0b:01:45:f0:90,8e:8e:6f:93:93:5f,70:0b:01:45:f0:90,METALLICA,-88,1,2412,False,False
1778943711.0156562,data,null_data,8e:8e:6f:93:93:5f,70:0b:01:45:f0:90,70:0b:01:45:f0:90,8e:8e:6f:93:93:5f,70:0b:01:45:f0:90,,-89,1,2412,False,True
1778943711.0171974,data,null_data,8e:8e:6f:93:93:5f,70:0b:01:45:f0:90,70:0b:01:45:f0:90,8e:8e:6f:93:93:5f,70:0b:01:45:f0:90,,-87,1,2412,False,True
1778943711.017997,data,null_data,8e:8e:6f:93:93:5f,70:0b:01:45:f0:90,70:0b:01:45:f0:90,8e:8e:6f:93:93:5f,70:0b:01:45:f0:90,,-88,1,2412,False,True
1778943711.0243628,data,null_data,8e:8e:6f:93:93:5f,70:0b:01:45:f0:90,70:0b:01:45:f0:90,8e:8e:6f:93:93:5f,70:0b:01:45:f0:90,,-89,1,2412,False,True
1778943711.0251665,data,null_data,8e:8e:6f:93:93:5f,70:0b:01:45:f0:90,70:0b:01:45:f0:90,8e:8e:6f:93:93:5f,70:0b:01:45:f0:90,,-89,1,2412,False,True
1778943711.0587058,management,beacon,d8:d7:75:45:81:24,ff:ff:ff:ff:ff:ff,ff:ff:ff:ff:ff:ff,d8:d7:75:45:81:24,d8:d7:75:45:81:24,FunBox2-8124,-44,1,2412,False,False
1778943711.1183877,data,null_data,50:02:91:e8:18:ec,d8:d7:75:45:81:24,d8:d7:75:45:81:24,50:02:91:e8:18:ec,d8:d7:75:45:81:24,,-81,1,2412,False,False
1778943711.1184022,control,ack,,50:02:91:e8:18:ec,50:02:91:e8:18:ec,,,,-48,1,2412,False,False
1778943711.1611903,management,beacon,d8:d7:75:45:81:24,ff:ff:ff:ff:ff:ff,ff:ff:ff:ff:ff:ff,d8:d7:75:45:81:24,d8:d7:75:45:81:24,FunBox2-8124,-43,1,2412,False,False
1778943711.2635312,management,beacon,d8:d7:75:45:81:24,ff:ff:ff:ff:ff:ff,ff:ff:ff:ff:ff:ff,d8:d7:75:45:81:24,d8:d7:75:45:81:24,FunBox2-8124,-45,1,2412,False,False
1778943711.291993,management,beacon,ac:84:c6:41:71:22,ff:ff:ff:ff:ff:ff,ff:ff:ff:ff:ff:ff,ac:84:c6:41:71:22,ac:84:c6:41:71:22,TP-LINK_7122,-87,1,2412,False,False
1778943711.3659484,management,beacon,d8:d7:75:45:81:24,ff:ff:ff:ff:ff:ff,ff:ff:ff:ff:ff:ff,d8:d7:75:45:81:24,d8:d7:75:45:81:24,FunBox2-8124,-44,1,2412,False,False
1778943711.3943064,management,beacon,ac:84:c6:41:71:22,ff:ff:ff:ff:ff:ff,ff:ff:ff:ff:ff:ff,ac:84:c6:41:71:22,ac:84:c6:41:71:22,TP-LINK_7122,-84,1,2412,False,False
1778943711.4683566,management,beacon,d8:d7:75:45:81:24,ff:ff:ff:ff:ff:ff,ff:ff:ff:ff:ff:ff,d8:d7:75:45:81:24,d8:d7:75:45:81:24,FunBox2-8124,-45,1,2412,False,False
1778943711.4966667,management,beacon,ac:84:c6:41:71:22,ff:ff:ff:ff:ff:ff,ff:ff:ff:ff:ff:ff,ac:84:c6:41:71:22,ac:84:c6:41:71:22,TP-LINK_7122,-88,1,2412,False,False
1778943711.570728,management,beacon,d8:d7:75:45:81:24,ff:ff:ff:ff:ff:ff,ff:ff:ff:ff:ff:ff,d8:d7:75:45:81:24,d8:d7:75:45:81:24,FunBox2-8124,-44,1,2412,False,False
1778943711.6731346,management,beacon,d8:d7:75:45:81:24,ff:ff:ff:ff:ff:ff,ff:ff:ff:ff:ff:ff,d8:d7:75:45:81:24,d8:d7:75:45:81:24,FunBox2-8124,-45,1,2412,False,False
1778943711.775542,management,beacon,d8:d7:75:45:81:24,ff:ff:ff:ff:ff:ff,ff:ff:ff:ff:ff:ff,d8:d7:75:45:81:24,d8:d7:75:45:81:24,FunBox2-8124,-45,1,2412,False,False
1778943711.8779435,management,beacon,d8:d7:75:45:81:24,ff:ff:ff:ff:ff:ff,ff:ff:ff:ff:ff:ff,d8:d7:75:45:81:24,d8:d7:75:45:81:24,FunBox2-8124,-46,1,2412,False,False
1778943711.9803789,management,beacon,d8:d7:75:45:81:24,ff:ff:ff:ff:ff:ff,ff:ff:ff:ff:ff:ff,d8:d7:75:45:81:24,d8:d7:75:45:81:24,FunBox2-8124,-49,1,2412,False,False
1778943712.008333,management,beacon,ac:84:c6:41:71:22,ff:ff:ff:ff:ff:ff,ff:ff:ff:ff:ff:ff,ac:84:c6:41:71:22,ac:84:c6:41:71:22,TP-LINK_7122,-88,1,2412,False,False
1778943712.0827467,management,beacon,d8:d7:75:45:81:24,ff:ff:ff:ff:ff:ff,ff:ff:ff:ff:ff:ff,d8:d7:75:45:81:24,d8:d7:75:45:81:24,FunBox2-8124,-44,1,2412,False,False
1778943712.1851711,management,beacon,d8:d7:75:45:81:24,ff:ff:ff:ff:ff:ff,ff:ff:ff:ff:ff:ff,d8:d7:75:45:81:24,d8:d7:75:45:81:24,FunBox2-8124,-44,1,2412,False,False
1778943712.28762,management,beacon,d8:d7:75:45:81:24,ff:ff:ff:ff:ff:ff,ff:ff:ff:ff:ff:ff,d8:d7:75:45:81:24,d8:d7:75:45:81:24,FunBox2-8124,-45,1,2412,False,False
1778943712.3017433,management,probe_request,3a:fc:43:66:89:73,ff:ff:ff:ff:ff:ff,ff:ff:ff:ff:ff:ff,3a:fc:43:66:89:73,ff:ff:ff:ff:ff:ff,<hidden>,-88,1,2412,False,False
1778943712.304985,management,probe_response,d8:d7:75:45:81:24,3a:fc:43:66:89:73,3a:fc:43:66:89:73,d8:d7:75:45:81:24,d8:d7:75:45:81:24,FunBox2-8124,-44,1,2412,False,False
1778943712.3052685,control,ack,,d8:d7:75:45:81:24,d8:d7:75:45:81:24,,,,-87,1,2412,False,False
1778943712.3899684,management,beacon,d8:d7:75:45:81:24,ff:ff:ff:ff:ff:ff,ff:ff:ff:ff:ff:ff,d8:d7:75:45:81:24,d8:d7:75:45:81:24,FunBox2-8124,-44,1,2412,False,False
1778943712.492376,management,beacon,d8:d7:75:45:81:24,ff:ff:ff:ff:ff:ff,ff:ff:ff:ff:ff:ff,d8:d7:75:45:81:24,d8:d7:75:45:81:24,FunBox2-8124,-44,1,2412,False,False
1778943712.594823,management,beacon,d8:d7:75:45:81:24,ff:ff:ff:ff:ff:ff,ff:ff:ff:ff:ff:ff,d8:d7:75:45:81:24,d8:d7:75:45:81:24,FunBox2-8124,-45,1,2412,False,False
1778943712.6555989,data,null_data,50:02:91:e8:18:ec,d8:d7:75:45:81:24,d8:d7:75:45:81:24,50:02:91:e8:18:ec,d8:d7:75:45:81:24,,-81,1,2412,False,False
1778943712.6556113,data,null_data,50:02:91:e8:18:ec,d8:d7:75:45:81:24,d8:d7:75:45:81:24,50:02:91:e8:18:ec,d8:d7:75:45:81:24,,-81,1,2412,False,True
1778943712.6556125,control,ack,,50:02:91:e8:18:ec,50:02:91:e8:18:ec,,,,-47,1,2412,False,False
1778943712.6972008,management,beacon,d8:d7:75:45:81:24,ff:ff:ff:ff:ff:ff,ff:ff:ff:ff:ff:ff,d8:d7:75:45:81:24,d8:d7:75:45:81:24,FunBox2-8124,-45,1,2412,False,False
1778943712.799573,management,beacon,d8:d7:75:45:81:24,ff:ff:ff:ff:ff:ff,ff:ff:ff:ff:ff:ff,d8:d7:75:45:81:24,d8:d7:75:45:81:24,FunBox2-8124,-45,1,2412,False,False
1778943712.9020188,management,beacon,d8:d7:75:45:81:24,ff:ff:ff:ff:ff:ff,ff:ff:ff:ff:ff:ff,d8:d7:75:45:81:24,d8:d7:75:45:81:24,FunBox2-8124,-48,1,2412,False,False
1778943712.9162838,management,probe_response,d8:d7:75:45:81:24,e6:90:59:67:6e:d1,e6:90:59:67:6e:d1,d8:d7:75:45:81:24,d8:d7:75:45:81:24,FunBox2-8124,-44,1,2412,False,False
1778943712.9165576,control,ack,,d8:d7:75:45:81:24,d8:d7:75:45:81:24,,,,-84,1,2412,False,False
1778943712.921229,control,ack,,90:9a:4a:b8:f5:43,90:9a:4a:b8:f5:43,,,,-85,1,2412,False,False
1778943713.0044134,management,beacon,d8:d7:75:45:81:24,ff:ff:ff:ff:ff:ff,ff:ff:ff:ff:ff:ff,d8:d7:75:45:81:24,d8:d7:75:45:81:24,FunBox2-8124,-43,1,2412,False,False
1778943713.1068456,management,beacon,d8:d7:75:45:81:24,ff:ff:ff:ff:ff:ff,ff:ff:ff:ff:ff:ff,d8:d7:75:45:81:24,d8:d7:75:45:81:24,FunBox2-8124,-46,1,2412,False,False
1778943713.134069,management,beacon,ac:84:c6:41:71:22,ff:ff:ff:ff:ff:ff,ff:ff:ff:ff:ff:ff,ac:84:c6:41:71:22,ac:84:c6:41:71:22,TP-LINK_7122,-85,1,2412,False,False
1778943713.2092693,management,beacon,d8:d7:75:45:81:24,ff:ff:ff:ff:ff:ff,ff:ff:ff:ff:ff:ff,d8:d7:75:45:81:24,d8:d7:75:45:81:24,FunBox2-8124,-43,1,2412,False,False
1778943713.311614,management,beacon,d8:d7:75:45:81:24,ff:ff:ff:ff:ff:ff,ff:ff:ff:ff:ff:ff,d8:d7:75:45:81:24,d8:d7:75:45:81:24,FunBox2-8124,-44,1,2412,False,False
1778943713.4140108,management,beacon,d8:d7:75:45:81:24,ff:ff:ff:ff:ff:ff,ff:ff:ff:ff:ff:ff,d8:d7:75:45:81:24,d8:d7:75:45:81:24,FunBox2-8124,-44,1,2412,False,False
1778943713.4163353,data,data,d8:d7:75:45:81:24,01:00:5e:00:00:fb,01:00:5e:00:00:fb,d8:d7:75:45:81:24,e6:12:a8:93:5a:78,,-44,1,2412,True,False
1778943713.4168124,control,ack,,d8:d7:75:45:81:24,d8:d7:75:45:81:24,,,,-82,1,2412,False,False
1778943713.416816,data,null_data,50:02:91:e8:18:ec,d8:d7:75:45:81:24,d8:d7:75:45:81:24,50:02:91:e8:18:ec,d8:d7:75:45:81:24,,-80,1,2412,False,False
1778943713.416818,control,ack,,50:02:91:e8:18:ec,50:02:91:e8:18:ec,,,,-45,1,2412,False,False
1778943713.418971,control,ack,,d8:d7:75:45:81:24,d8:d7:75:45:81:24,,,,-81,1,2412,False,False
1778943713.4205923,data,data,d8:d7:75:45:81:24,33:33:ff:bf:93:ae,33:33:ff:bf:93:ae,d8:d7:75:45:81:24,d8:d7:75:45:81:24,,-46,1,2412,True,False
1778943713.4208996,control,ack,,d8:d7:75:45:81:24,d8:d7:75:45:81:24,,,,-82,1,2412,False,False
1778943713.4222746,data,data,d8:d7:75:45:81:24,33:33:ff:70:4d:af,33:33:ff:70:4d:af,d8:d7:75:45:81:24,d8:d7:75:45:81:24,,-45,1,2412,True,False
1778943713.423997,data,data,d8:d7:75:45:81:24,33:33:00:00:00:16,33:33:00:00:00:16,d8:d7:75:45:81:24,8a:f4:af:eb:f3:fb,,-45,1,2412,True,False
1778943713.4243102,control,ack,,d8:d7:75:45:81:24,d8:d7:75:45:81:24,,,,-81,1,2412,False,False
1778943713.5164163,management,beacon,d8:d7:75:45:81:24,ff:ff:ff:ff:ff:ff,ff:ff:ff:ff:ff:ff,d8:d7:75:45:81:24,d8:d7:75:45:81:24,FunBox2-8124,-43,1,2412,False,False
1778943713.5851588,data,null_data,50:02:91:e8:18:ec,d8:d7:75:45:81:24,d8:d7:75:45:81:24,50:02:91:e8:18:ec,d8:d7:75:45:81:24,,-82,1,2412,False,False
1778943713.5851707,control,ack,,50:02:91:e8:18:ec,50:02:91:e8:18:ec,,,,-48,1,2412,False,False
1778943713.6188478,management,beacon,d8:d7:75:45:81:24,ff:ff:ff:ff:ff:ff,ff:ff:ff:ff:ff:ff,d8:d7:75:45:81:24,d8:d7:75:45:81:24,FunBox2-8124,-43,1,2412,False,False
1778943713.7212236,management,beacon,d8:d7:75:45:81:24,ff:ff:ff:ff:ff:ff,ff:ff:ff:ff:ff:ff,d8:d7:75:45:81:24,d8:d7:75:45:81:24,FunBox2-8124,-45,1,2412,False,False
1778943713.7226658,data,data,d8:d7:75:45:81:24,01:00:5e:00:00:fb,01:00:5e:00:00:fb,d8:d7:75:45:81:24,8a:f4:af:eb:f3:fb,,-44,1,2412,True,False
1778943713.7231343,control,ack,,50:02:91:e8:18:ec,50:02:91:e8:18:ec,,,,-45,1,2412,False,False
1778943713.7248187,data,data,d8:d7:75:45:81:24,33:33:00:00:00:fb,33:33:00:00:00:fb,d8:d7:75:45:81:24,8a:f4:af:eb:f3:fb,,-44,1,2412,True,False
1778943713.7261386,data,data,d8:d7:75:45:81:24,33:33:00:00:00:01,33:33:00:00:00:01,d8:d7:75:45:81:24,d8:d7:75:45:81:24,,-44,1,2412,True,False
1778943713.7264376,control,ack,,d8:d7:75:45:81:24,d8:d7:75:45:81:24,,,,-83,1,2412,False,False
1778943713.72786,data,data,d8:d7:75:45:81:24,33:33:00:00:00:01,33:33:00:00:00:01,d8:d7:75:45:81:24,d8:d7:75:45:81:24,,-44,1,2412,True,False
1778943713.7281706,control,ack,,d8:d7:75:45:81:24,d8:d7:75:45:81:24,,,,-82,1,2412,False,False
1778943713.7480707,management,beacon,ac:84:c6:41:71:22,ff:ff:ff:ff:ff:ff,ff:ff:ff:ff:ff:ff,ac:84:c6:41:71:22,ac:84:c6:41:71:22,TP-LINK_7122,-88,1,2412,False,False
1778943713.790438,management,probe_request,8a:66:b2:60:ef:7d,ff:ff:ff:ff:ff:ff,ff:ff:ff:ff:ff:ff,8a:66:b2:60:ef:7d,ff:ff:ff:ff:ff:ff,<hidden>,-63,1,2412,False,False
1778943713.7936556,management,probe_response,d8:d7:75:45:81:24,8a:66:b2:60:ef:7d,8a:66:b2:60:ef:7d,d8:d7:75:45:81:24,d8:d7:75:45:81:24,FunBox2-8124,-44,1,2412,False,False
1778943713.793959,control,ack,,d8:d7:75:45:81:24,d8:d7:75:45:81:24,,,,-59,1,2412,False,False
1778943713.797323,management,probe_response,ac:84:c6:41:71:22,8a:66:b2:60:ef:7d,8a:66:b2:60:ef:7d,ac:84:c6:41:71:22,ac:84:c6:41:71:22,TP-LINK_7122,-87,1,2412,False,False
1778943713.797637,control,ack,,ac:84:c6:41:71:22,ac:84:c6:41:71:22,,,,-59,1,2412,False,False
1778943713.8071032,control,ack,,8a:66:b2:60:ef:7d,8a:66:b2:60:ef:7d,,,,-84,1,2412,False,False
1778943713.81037,management,probe_response,d8:d7:75:45:81:24,8a:66:b2:60:ef:7d,8a:66:b2:60:ef:7d,d8:d7:75:45:81:24,d8:d7:75:45:81:24,FunBox2-8124,-46,1,2412,False,False
1778943713.8140442,management,probe_response,ac:84:c6:41:71:22,8a:66:b2:60:ef:7d,8a:66:b2:60:ef:7d,ac:84:c6:41:71:22,ac:84:c6:41:71:22,TP-LINK_7122,-87,1,2412,False,False
1778943713.827535,management,beacon,d8:d7:75:45:81:24,ff:ff:ff:ff:ff:ff,ff:ff:ff:ff:ff:ff,d8:d7:75:45:81:24,d8:d7:75:45:81:24,FunBox2-8124,-44,1,2412,False,False
1778943713.8308203,management,probe_response,d8:d7:75:45:81:24,8a:66:b2:60:ef:7d,8a:66:b2:60:ef:7d,d8:d7:75:45:81:24,d8:d7:75:45:81:24,FunBox2-8124,-44,1,2412,False,True
1778943713.8349311,management,probe_response,d8:d7:75:45:81:24,8a:66:b2:60:ef:7d,8a:66:b2:60:ef:7d,d8:d7:75:45:81:24,d8:d7:75:45:81:24,FunBox2-8124,-47,1,2412,False,True
1778943713.8435812,management,probe_response,d8:d7:75:45:81:24,8a:66:b2:60:ef:7d,8a:66:b2:60:ef:7d,d8:d7:75:45:81:24,d8:d7:75:45:81:24,FunBox2-8124,-44,1,2412,False,True
1778943713.8504107,management,beacon,ac:84:c6:41:71:22,ff:ff:ff:ff:ff:ff,ff:ff:ff:ff:ff:ff,ac:84:c6:41:71:22,ac:84:c6:41:71:22,TP-LINK_7122,-89,1,2412,False,False
1778943713.8886206,data,null_data,50:02:91:e8:18:ec,d8:d7:75:45:81:24,d8:d7:75:45:81:24,50:02:91:e8:18:ec,d8:d7:75:45:81:24,,-81,1,2412,False,False
1778943713.8886282,control,ack,,50:02:91:e8:18:ec,50:02:91:e8:18:ec,,,,-46,1,2412,False,False
1778943713.9260552,management,beacon,d8:d7:75:45:81:24,ff:ff:ff:ff:ff:ff,ff:ff:ff:ff:ff:ff,d8:d7:75:45:81:24,d8:d7:75:45:81:24,FunBox2-8124,-44,1,2412,False,False
1778943714.0284445,management,beacon,d8:d7:75:45:81:24,ff:ff:ff:ff:ff:ff,ff:ff:ff:ff:ff:ff,d8:d7:75:45:81:24,d8:d7:75:45:81:24,FunBox2-8124,-45,1,2412,False,False
1778943714.130863,management,beacon,d8:d7:75:45:81:24,ff:ff:ff:ff:ff:ff,ff:ff:ff:ff:ff:ff,d8:d7:75:45:81:24,d8:d7:75:45:81:24,FunBox2-8124,-43,1,2412,False,False
1778943714.132858,management,probe_request,52:de:43:cc:24:a1,ff:ff:ff:ff:ff:ff,ff:ff:ff:ff:ff:ff,52:de:43:cc:24:a1,ff:ff:ff:ff:ff:ff,<hidden>,-67,1,2412,False,False
1778943714.1361141,management,probe_response,d8:d7:75:45:81:24,52:de:43:cc:24:a1,52:de:43:cc:24:a1,d8:d7:75:45:81:24,d8:d7:75:45:81:24,FunBox2-8124,-45,1,2412,False,False
1778943714.140049,management,probe_response,d8:d7:75:45:81:24,52:de:43:cc:24:a1,52:de:43:cc:24:a1,d8:d7:75:45:81:24,d8:d7:75:45:81:24,FunBox2-8124,-44,1,2412,False,True
1778943714.146121,management,probe_response,d8:d7:75:45:81:24,52:de:43:cc:24:a1,52:de:43:cc:24:a1,d8:d7:75:45:81:24,d8:d7:75:45:81:24,FunBox2-8124,-43,1,2412,False,True
1778943714.1498046,management,probe_response,ac:84:c6:41:71:22,52:de:43:cc:24:a1,52:de:43:cc:24:a1,ac:84:c6:41:71:22,ac:84:c6:41:71:22,TP-LINK_7122,-92,1,2412,False,False
1778943714.1566446,management,probe_response,ac:84:c6:41:71:22,52:de:43:cc:24:a1,52:de:43:cc:24:a1,ac:84:c6:41:71:22,ac:84:c6:41:71:22,TP-LINK_7122,-89,1,2412,False,True
1778943714.1635559,management,probe_response,d8:d7:75:45:81:24,52:de:43:cc:24:a1,52:de:43:cc:24:a1,d8:d7:75:45:81:24,d8:d7:75:45:81:24,FunBox2-8124,-44,1,2412,False,True
1778943714.1691713,management,probe_response,d8:d7:75:45:81:24,52:de:43:cc:24:a1,52:de:43:cc:24:a1,d8:d7:75:45:81:24,d8:d7:75:45:81:24,FunBox2-8124,-45,1,2412,False,True
1778943714.2332306,management,beacon,d8:d7:75:45:81:24,ff:ff:ff:ff:ff:ff,ff:ff:ff:ff:ff:ff,d8:d7:75:45:81:24,d8:d7:75:45:81:24,FunBox2-8124,-44,1,2412,False,False
1778943714.2597835,management,beacon,ac:84:c6:41:71:22,ff:ff:ff:ff:ff:ff,ff:ff:ff:ff:ff:ff,ac:84:c6:41:71:22,ac:84:c6:41:71:22,TP-LINK_7122,-89,1,2412,False,False
1778943714.3356493,management,beacon,d8:d7:75:45:81:24,ff:ff:ff:ff:ff:ff,ff:ff:ff:ff:ff:ff,d8:d7:75:45:81:24,d8:d7:75:45:81:24,FunBox2-8124,-46,1,2412,False,False
1778943714.4380398,management,beacon,d8:d7:75:45:81:24,ff:ff:ff:ff:ff:ff,ff:ff:ff:ff:ff:ff,d8:d7:75:45:81:24,d8:d7:75:45:81:24,FunBox2-8124,-44,1,2412,False,False
1778943714.540476,management,beacon,d8:d7:75:45:81:24,ff:ff:ff:ff:ff:ff,ff:ff:ff:ff:ff:ff,d8:d7:75:45:81:24,d8:d7:75:45:81:24,FunBox2-8124,-44,1,2412,False,False
1778943714.6428828,management,beacon,d8:d7:75:45:81:24,ff:ff:ff:ff:ff:ff,ff:ff:ff:ff:ff:ff,d8:d7:75:45:81:24,d8:d7:75:45:81:24,FunBox2-8124,-44,1,2412,False,False
1778943714.6449833,data,data,d8:d7:75:45:81:24,01:00:5e:00:00:fb,01:00:5e:00:00:fb,d8:d7:75:45:81:24,8a:f4:af:eb:f3:fb,,-44,1,2412,True,False
1778943714.6449878,data,null_data,50:02:91:e8:18:ec,d8:d7:75:45:81:24,d8:d7:75:45:81:24,50:02:91:e8:18:ec,d8:d7:75:45:81:24,,-81,1,2412,False,False
1778943714.6449888,control,ack,,50:02:91:e8:18:ec,50:02:91:e8:18:ec,,,,-48,1,2412,False,False
1778943714.6468387,data,data,d8:d7:75:45:81:24,33:33:00:00:00:fb,33:33:00:00:00:fb,d8:d7:75:45:81:24,8a:f4:af:eb:f3:fb,,-44,1,2412,True,False
1778943714.7452903,management,beacon,d8:d7:75:45:81:24,ff:ff:ff:ff:ff:ff,ff:ff:ff:ff:ff:ff,d8:d7:75:45:81:24,d8:d7:75:45:81:24,FunBox2-8124,-45,1,2412,False,False
1778943714.8076358,data,null_data,50:02:91:e8:18:ec,d8:d7:75:45:81:24,d8:d7:75:45:81:24,50:02:91:e8:18:ec,d8:d7:75:45:81:24,,-82,1,2412,False,False
1778943714.8076499,control,ack,,50:02:91:e8:18:ec,50:02:91:e8:18:ec,,,,-46,1,2412,False,False
1778943714.8476849,management,beacon,d8:d7:75:45:81:24,ff:ff:ff:ff:ff:ff,ff:ff:ff:ff:ff:ff,d8:d7:75:45:81:24,d8:d7:75:45:81:24,FunBox2-8124,-44,1,2412,False,False
1778943714.9500935,management,beacon,d8:d7:75:45:81:24,ff:ff:ff:ff:ff:ff,ff:ff:ff:ff:ff:ff,d8:d7:75:45:81:24,d8:d7:75:45:81:24,FunBox2-8124,-44,1,2412,False,False
1778943715.0524566,management,beacon,d8:d7:75:45:81:24,ff:ff:ff:ff:ff:ff,ff:ff:ff:ff:ff:ff,d8:d7:75:45:81:24,d8:d7:75:45:81:24,FunBox2-8124,-44,1,2412,False,False
1778943715.0784757,management,beacon,ac:84:c6:41:71:22,ff:ff:ff:ff:ff:ff,ff:ff:ff:ff:ff:ff,ac:84:c6:41:71:22,ac:84:c6:41:71:22,TP-LINK_7122,-88,1,2412,False,False
1778943715.0973287,control,cts,,54:35:30:cf:ee:1e,54:35:30:cf:ee:1e,,,,-60,1,2412,False,False
1778943715.1556625,management,beacon,d8:d7:75:45:81:24,ff:ff:ff:ff:ff:ff,ff:ff:ff:ff:ff:ff,d8:d7:75:45:81:24,d8:d7:75:45:81:24,FunBox2-8124,-44,1,2412,False,False
1778943715.2035327,management,probe_request,f6:05:9f:01:62:56,ff:ff:ff:ff:ff:ff,ff:ff:ff:ff:ff:ff,f6:05:9f:01:62:56,ff:ff:ff:ff:ff:ff,Blossom20,-86,1,2412,False,False
1778943715.2083013,management,probe_response,d8:d7:75:45:81:24,32:23:b2:e1:3b:ee,32:23:b2:e1:3b:ee,d8:d7:75:45:81:24,d8:d7:75:45:81:24,FunBox2-8124,-44,1,2412,False,False
1778943715.2086024,control,ack,,d8:d7:75:45:81:24,d8:d7:75:45:81:24,,,,-85,1,2412,False,False
1778943715.25727,management,beacon,d8:d7:75:45:81:24,ff:ff:ff:ff:ff:ff,ff:ff:ff:ff:ff:ff,d8:d7:75:45:81:24,d8:d7:75:45:81:24,FunBox2-8124,-44,1,2412,False,False
1778943715.3596666,management,beacon,d8:d7:75:45:81:24,ff:ff:ff:ff:ff:ff,ff:ff:ff:ff:ff:ff,d8:d7:75:45:81:24,d8:d7:75:45:81:24,FunBox2-8124,-44,1,2412,False,False
1778943715.4621186,management,beacon,d8:d7:75:45:81:24,ff:ff:ff:ff:ff:ff,ff:ff:ff:ff:ff:ff,d8:d7:75:45:81:24,d8:d7:75:45:81:24,FunBox2-8124,-44,1,2412,False,False
1778943715.564509,management,beacon,d8:d7:75:45:81:24,ff:ff:ff:ff:ff:ff,ff:ff:ff:ff:ff:ff,d8:d7:75:45:81:24,d8:d7:75:45:81:24,FunBox2-8124,-46,1,2412,False,False
1778943715.666898,management,beacon,d8:d7:75:45:81:24,ff:ff:ff:ff:ff:ff,ff:ff:ff:ff:ff:ff,d8:d7:75:45:81:24,d8:d7:75:45:81:24,FunBox2-8124,-44,1,2412,False,False
1778943715.6724174,data,null_data,50:02:91:e8:18:ec,d8:d7:75:45:81:24,d8:d7:75:45:81:24,50:02:91:e8:18:ec,d8:d7:75:45:81:24,,-79,1,2412,False,False
1778943715.6726842,data,null_data,50:02:91:e8:18:ec,d8:d7:75:45:81:24,d8:d7:75:45:81:24,50:02:91:e8:18:ec,d8:d7:75:45:81:24,,-80,1,2412,False,True
1778943715.6726868,control,ack,,50:02:91:e8:18:ec,50:02:91:e8:18:ec,,,,-47,1,2412,False,False
1778943715.673115,data,null_data,50:02:91:e8:18:ec,d8:d7:75:45:81:24,d8:d7:75:45:81:24,50:02:91:e8:18:ec,d8:d7:75:45:81:24,,-82,1,2412,False,True
1778943715.6731179,control,ack,,50:02:91:e8:18:ec,50:02:91:e8:18:ec,,,,-45,1,2412,False,False
1778943715.7693036,management,beacon,d8:d7:75:45:81:24,ff:ff:ff:ff:ff:ff,ff:ff:ff:ff:ff:ff,d8:d7:75:45:81:24,d8:d7:75:45:81:24,FunBox2-8124,-44,1,2412,False,False
1778943715.8341658,data,null_data,50:02:91:e8:18:ec,d8:d7:75:45:81:24,d8:d7:75:45:81:24,50:02:91:e8:18:ec,d8:d7:75:45:81:24,,-82,1,2412,False,False
1778943715.8341782,control,ack,,50:02:91:e8:18:ec,50:02:91:e8:18:ec,,,,-47,1,2412,False,False
1778943715.8717322,management,beacon,d8:d7:75:45:81:24,ff:ff:ff:ff:ff:ff,ff:ff:ff:ff:ff:ff,d8:d7:75:45:81:24,d8:d7:75:45:81:24,FunBox2-8124,-44,1,2412,False,False
1778943715.8971806,management,beacon,ac:84:c6:41:71:22,ff:ff:ff:ff:ff:ff,ff:ff:ff:ff:ff:ff,ac:84:c6:41:71:22,ac:84:c6:41:71:22,TP-LINK_7122,-89,1,2412,False,False
1778943715.9741397,management,beacon,d8:d7:75:45:81:24,ff:ff:ff:ff:ff:ff,ff:ff:ff:ff:ff:ff,d8:d7:75:45:81:24,d8:d7:75:45:81:24,FunBox2-8124,-43,1,2412,False,False
1778943716.0765529,management,beacon,d8:d7:75:45:81:24,ff:ff:ff:ff:ff:ff,ff:ff:ff:ff:ff:ff,d8:d7:75:45:81:24,d8:d7:75:45:81:24,FunBox2-8124,-47,1,2412,False,False
1778943716.1025324,management,beacon,ac:84:c6:41:71:22,ff:ff:ff:ff:ff:ff,ff:ff:ff:ff:ff:ff,ac:84:c6:41:71:22,ac:84:c6:41:71:22,TP-LINK_7122,-86,1,2412,False,False
1778943716.1789467,management,beacon,d8:d7:75:45:81:24,ff:ff:ff:ff:ff:ff,ff:ff:ff:ff:ff:ff,d8:d7:75:45:81:24,d8:d7:75:45:81:24,FunBox2-8124,-44,1,2412,False,False
1778943716.2813244,management,beacon,d8:d7:75:45:81:24,ff:ff:ff:ff:ff:ff,ff:ff:ff:ff:ff:ff,d8:d7:75:45:81:24,d8:d7:75:45:81:24,FunBox2-8124,-43,1,2412,False,False
1778943716.3855104,management,beacon,d8:d7:75:45:81:24,ff:ff:ff:ff:ff:ff,ff:ff:ff:ff:ff:ff,d8:d7:75:45:81:24,d8:d7:75:45:81:24,FunBox2-8124,-44,1,2412,False,False
1778943716.4861264,management,beacon,d8:d7:75:45:81:24,ff:ff:ff:ff:ff:ff,ff:ff:ff:ff:ff:ff,d8:d7:75:45:81:24,d8:d7:75:45:81:24,FunBox2-8124,-44,1,2412,False,False
1778943716.511191,management,beacon,ac:84:c6:41:71:22,ff:ff:ff:ff:ff:ff,ff:ff:ff:ff:ff:ff,ac:84:c6:41:71:22,ac:84:c6:41:71:22,TP-LINK_7122,-89,1,2412,False,False
1778943716.5904763,management,beacon,d8:d7:75:45:81:24,ff:ff:ff:ff:ff:ff,ff:ff:ff:ff:ff:ff,d8:d7:75:45:81:24,d8:d7:75:45:81:24,FunBox2-8124,-44,1,2412,False,False
1778943716.690979,management,beacon,d8:d7:75:45:81:24,ff:ff:ff:ff:ff:ff,ff:ff:ff:ff:ff:ff,d8:d7:75:45:81:24,d8:d7:75:45:81:24,FunBox2-8124,-44,1,2412,False,False
1778943716.7933607,management,beacon,d8:d7:75:45:81:24,ff:ff:ff:ff:ff:ff,ff:ff:ff:ff:ff:ff,d8:d7:75:45:81:24,d8:d7:75:45:81:24,FunBox2-8124,-44,1,2412,False,False
1778943716.7945306,data,null_data,50:02:91:e8:18:ec,d8:d7:75:45:81:24,d8:d7:75:45:81:24,50:02:91:e8:18:ec,d8:d7:75:45:81:24,,-80,1,2412,False,False
1778943716.794534,control,ack,,50:02:91:e8:18:ec,50:02:91:e8:18:ec,,,,-45,1,2412,False,False
1778943716.8957255,management,beacon,d8:d7:75:45:81:24,ff:ff:ff:ff:ff:ff,ff:ff:ff:ff:ff:ff,d8:d7:75:45:81:24,d8:d7:75:45:81:24,FunBox2-8124,-43,1,2412,False,False
1778943716.9554148,data,null_data,50:02:91:e8:18:ec,d8:d7:75:45:81:24,d8:d7:75:45:81:24,50:02:91:e8:18:ec,d8:d7:75:45:81:24,,-78,1,2412,False,False
1778943716.9554272,control,ack,,50:02:91:e8:18:ec,50:02:91:e8:18:ec,,,,-45,1,2412,False,False
1778943716.998198,management,beacon,d8:d7:75:45:81:24,ff:ff:ff:ff:ff:ff,ff:ff:ff:ff:ff:ff,d8:d7:75:45:81:24,d8:d7:75:45:81:24,FunBox2-8124,-44,1,2412,False,False
1778943717.1005485,management,beacon,d8:d7:75:45:81:24,ff:ff:ff:ff:ff:ff,ff:ff:ff:ff:ff:ff,d8:d7:75:45:81:24,d8:d7:75:45:81:24,FunBox2-8124,-46,1,2412,False,False
1778943717.3053455,management,beacon,d8:d7:75:45:81:24,ff:ff:ff:ff:ff:ff,ff:ff:ff:ff:ff:ff,d8:d7:75:45:81:24,d8:d7:75:45:81:24,FunBox2-8124,-45,1,2412,False,False
1778943717.40779,management,beacon,d8:d7:75:45:81:24,ff:ff:ff:ff:ff:ff,ff:ff:ff:ff:ff:ff,d8:d7:75:45:81:24,d8:d7:75:45:81:24,FunBox2-8124,-44,1,2412,False,False
1778943717.432247,management,beacon,ac:84:c6:41:71:22,ff:ff:ff:ff:ff:ff,ff:ff:ff:ff:ff:ff,ac:84:c6:41:71:22,ac:84:c6:41:71:22,TP-LINK_7122,-89,1,2412,False,False
1778943717.5102057,management,beacon,d8:d7:75:45:81:24,ff:ff:ff:ff:ff:ff,ff:ff:ff:ff:ff:ff,d8:d7:75:45:81:24,d8:d7:75:45:81:24,FunBox2-8124,-43,1,2412,False,False
1778943717.612616,management,beacon,d8:d7:75:45:81:24,ff:ff:ff:ff:ff:ff,ff:ff:ff:ff:ff:ff,d8:d7:75:45:81:24,d8:d7:75:45:81:24,FunBox2-8124,-43,1,2412,False,False
1778943717.7161083,data,null_data,50:02:91:e8:18:ec,d8:d7:75:45:81:24,d8:d7:75:45:81:24,50:02:91:e8:18:ec,d8:d7:75:45:81:24,,-82,1,2412,False,False
1778943717.716311,data,null_data,50:02:91:e8:18:ec,d8:d7:75:45:81:24,d8:d7:75:45:81:24,50:02:91:e8:18:ec,d8:d7:75:45:81:24,,-81,1,2412,False,True
1778943717.71663,data,null_data,50:02:91:e8:18:ec,d8:d7:75:45:81:24,d8:d7:75:45:81:24,50:02:91:e8:18:ec,d8:d7:75:45:81:24,,-84,1,2412,False,True
1778943717.716944,data,null_data,50:02:91:e8:18:ec,d8:d7:75:45:81:24,d8:d7:75:45:81:24,50:02:91:e8:18:ec,d8:d7:75:45:81:24,,-83,1,2412,False,True
1778943717.7175035,data,null_data,50:02:91:e8:18:ec,d8:d7:75:45:81:24,d8:d7:75:45:81:24,50:02:91:e8:18:ec,d8:d7:75:45:81:24,,-82,1,2412,False,True
1778943717.7180645,data,null_data,50:02:91:e8:18:ec,d8:d7:75:45:81:24,d8:d7:75:45:81:24,50:02:91:e8:18:ec,d8:d7:75:45:81:24,,-89,1,2412,False,True
1778943717.718381,control,ack,,50:02:91:e8:18:ec,50:02:91:e8:18:ec,,,,-44,1,2412,False,False
1778943717.7198699,data,data,d8:d7:75:45:81:24,01:00:5e:00:00:fb,01:00:5e:00:00:fb,d8:d7:75:45:81:24,8a:f4:af:eb:f3:fb,,-44,1,2412,True,False
1778943717.7201796,control,ack,,d8:d7:75:45:81:24,d8:d7:75:45:81:24,,,,-83,1,2412,False,False
1778943717.7220664,data,data,d8:d7:75:45:81:24,33:33:00:00:00:fb,33:33:00:00:00:fb,d8:d7:75:45:81:24,8a:f4:af:eb:f3:fb,,-45,1,2412,True,False
1778943717.7223814,control,ack,,d8:d7:75:45:81:24,d8:d7:75:45:81:24,,,,-82,1,2412,False,False
1778943717.8173928,management,beacon,d8:d7:75:45:81:24,ff:ff:ff:ff:ff:ff,ff:ff:ff:ff:ff:ff,d8:d7:75:45:81:24,d8:d7:75:45:81:24,FunBox2-8124,-46,1,2412,False,False
1778943717.8595111,data,data,d8:d7:75:45:81:24,33:33:00:00:00:16,33:33:00:00:00:16,d8:d7:75:45:81:24,8a:f4:af:eb:f3:fb,,-44,1,2412,True,False
1778943717.8598144,control,ack,,d8:d7:75:45:81:24,d8:d7:75:45:81:24,,,,-82,1,2412,False,False
1778943717.9197786,management,beacon,d8:d7:75:45:81:24,ff:ff:ff:ff:ff:ff,ff:ff:ff:ff:ff:ff,d8:d7:75:45:81:24,d8:d7:75:45:81:24,FunBox2-8124,-44,1,2412,False,False
1778943717.9439337,management,beacon,ac:84:c6:41:71:22,ff:ff:ff:ff:ff:ff,ff:ff:ff:ff:ff:ff,ac:84:c6:41:71:22,ac:84:c6:41:71:22,TP-LINK_7122,-91,1,2412,False,False
1778943717.977266,management,probe_response,d8:d7:75:45:81:24,ea:49:04:34:03:c9,ea:49:04:34:03:c9,d8:d7:75:45:81:24,d8:d7:75:45:81:24,FunBox2-8124,-46,1,2412,False,False
1778943718.015322,management,probe_response,d8:d7:75:45:81:24,ea:49:04:34:03:c9,ea:49:04:34:03:c9,d8:d7:75:45:81:24,d8:d7:75:45:81:24,FunBox2-8124,-45,1,2412,False,True
1778943718.0194142,management,probe_response,d8:d7:75:45:81:24,ea:49:04:34:03:c9,ea:49:04:34:03:c9,d8:d7:75:45:81:24,d8:d7:75:45:81:24,FunBox2-8124,-45,1,2412,False,True
1778943718.0203288,data,null_data,50:02:91:e8:18:ec,d8:d7:75:45:81:24,d8:d7:75:45:81:24,50:02:91:e8:18:ec,d8:d7:75:45:81:24,,-81,1,2412,False,False
1778943718.0203323,control,ack,,50:02:91:e8:18:ec,50:02:91:e8:18:ec,,,,-47,1,2412,False,False
1778943718.0237865,management,probe_response,d8:d7:75:45:81:24,ea:49:04:34:03:c9,ea:49:04:34:03:c9,d8:d7:75:45:81:24,d8:d7:75:45:81:24,FunBox2-8124,-44,1,2412,False,True
1778943718.0267618,management,beacon,d8:d7:75:45:81:24,ff:ff:ff:ff:ff:ff,ff:ff:ff:ff:ff:ff,d8:d7:75:45:81:24,d8:d7:75:45:81:24,FunBox2-8124,-45,1,2412,False,False
1778943718.0462537,management,beacon,ac:84:c6:41:71:22,ff:ff:ff:ff:ff:ff,ff:ff:ff:ff:ff:ff,ac:84:c6:41:71:22,ac:84:c6:41:71:22,TP-LINK_7122,-89,1,2412,False,False
1778943718.12457,management,beacon,d8:d7:75:45:81:24,ff:ff:ff:ff:ff:ff,ff:ff:ff:ff:ff:ff,d8:d7:75:45:81:24,d8:d7:75:45:81:24,FunBox2-8124,-47,1,2412,False,False
1778943718.2325263,control,ack,,50:02:91:e8:18:ec,50:02:91:e8:18:ec,,,,-46,1,2412,False,False
1778943718.2509499,management,beacon,ac:84:c6:41:71:22,ff:ff:ff:ff:ff:ff,ff:ff:ff:ff:ff:ff,ac:84:c6:41:71:22,ac:84:c6:41:71:22,TP-LINK_7122,-90,1,2412,False,False
1778943718.3294234,management,beacon,d8:d7:75:45:81:24,ff:ff:ff:ff:ff:ff,ff:ff:ff:ff:ff:ff,d8:d7:75:45:81:24,d8:d7:75:45:81:24,FunBox2-8124,-45,1,2412,False,False
1778943718.3933554,data,null_data,50:02:91:e8:18:ec,d8:d7:75:45:81:24,d8:d7:75:45:81:24,50:02:91:e8:18:ec,d8:d7:75:45:81:24,,-82,1,2412,False,False
1778943718.3933682,control,ack,,50:02:91:e8:18:ec,50:02:91:e8:18:ec,,,,-46,1,2412,False,False
1778943718.4318092,management,beacon,d8:d7:75:45:81:24,ff:ff:ff:ff:ff:ff,ff:ff:ff:ff:ff:ff,d8:d7:75:45:81:24,d8:d7:75:45:81:24,FunBox2-8124,-45,1,2412,False,False
1778943718.4556222,management,beacon,ac:84:c6:41:71:22,ff:ff:ff:ff:ff:ff,ff:ff:ff:ff:ff:ff,ac:84:c6:41:71:22,ac:84:c6:41:71:22,TP-LINK_7122,-90,1,2412,False,False
1778943718.5341842,management,beacon,d8:d7:75:45:81:24,ff:ff:ff:ff:ff:ff,ff:ff:ff:ff:ff:ff,d8:d7:75:45:81:24,d8:d7:75:45:81:24,FunBox2-8124,-46,1,2412,False,False
1778943718.6366005,management,beacon,d8:d7:75:45:81:24,ff:ff:ff:ff:ff:ff,ff:ff:ff:ff:ff:ff,d8:d7:75:45:81:24,d8:d7:75:45:81:24,FunBox2-8124,-44,1,2412,False,False
1778943718.841463,management,beacon,d8:d7:75:45:81:24,ff:ff:ff:ff:ff:ff,ff:ff:ff:ff:ff:ff,d8:d7:75:45:81:24,d8:d7:75:45:81:24,FunBox2-8124,-44,1,2412,False,False
1778943718.9438672,management,beacon,d8:d7:75:45:81:24,ff:ff:ff:ff:ff:ff,ff:ff:ff:ff:ff:ff,d8:d7:75:45:81:24,d8:d7:75:45:81:24,FunBox2-8124,-43,1,2412,False,False
1778943719.046215,management,beacon,d8:d7:75:45:81:24,ff:ff:ff:ff:ff:ff,ff:ff:ff:ff:ff:ff,d8:d7:75:45:81:24,d8:d7:75:45:81:24,FunBox2-8124,-45,1,2412,False,False
1778943719.1486328,management,beacon,d8:d7:75:45:81:24,ff:ff:ff:ff:ff:ff,ff:ff:ff:ff:ff:ff,d8:d7:75:45:81:24,d8:d7:75:45:81:24,FunBox2-8124,-44,1,2412,False,False
1778943719.27432,management,beacon,ac:84:c6:41:71:22,ff:ff:ff:ff:ff:ff,ff:ff:ff:ff:ff:ff,ac:84:c6:41:71:22,ac:84:c6:41:71:22,TP-LINK_7122,-90,1,2412,False,False
1778943719.353427,management,beacon,d8:d7:75:45:81:24,ff:ff:ff:ff:ff:ff,ff:ff:ff:ff:ff:ff,d8:d7:75:45:81:24,d8:d7:75:45:81:24,FunBox2-8124,-43,1,2412,False,False
1778943719.3766656,management,beacon,ac:84:c6:41:71:22,ff:ff:ff:ff:ff:ff,ff:ff:ff:ff:ff:ff,ac:84:c6:41:71:22,ac:84:c6:41:71:22,TP-LINK_7122,-92,1,2412,False,False
1778943719.4558542,management,beacon,d8:d7:75:45:81:24,ff:ff:ff:ff:ff:ff,ff:ff:ff:ff:ff:ff,d8:d7:75:45:81:24,d8:d7:75:45:81:24,FunBox2-8124,-43,1,2412,False,False
1778943719.4789996,management,beacon,ac:84:c6:41:71:22,ff:ff:ff:ff:ff:ff,ff:ff:ff:ff:ff:ff,ac:84:c6:41:71:22,ac:84:c6:41:71:22,TP-LINK_7122,-91,1,2412,False,False
1778943719.5582347,management,beacon,d8:d7:75:45:81:24,ff:ff:ff:ff:ff:ff,ff:ff:ff:ff:ff:ff,d8:d7:75:45:81:24,d8:d7:75:45:81:24,FunBox2-8124,-46,1,2412,False,False
1778943719.55942,data,null_data,50:02:91:e8:18:ec,d8:d7:75:45:81:24,d8:d7:75:45:81:24,50:02:91:e8:18:ec,d8:d7:75:45:81:24,,-82,1,2412,False,False
1778943719.5594268,control,ack,,50:02:91:e8:18:ec,50:02:91:e8:18:ec,,,,-49,1,2412,False,False
1778943719.6606312,management,beacon,d8:d7:75:45:81:24,ff:ff:ff:ff:ff:ff,ff:ff:ff:ff:ff:ff,d8:d7:75:45:81:24,d8:d7:75:45:81:24,FunBox2-8124,-48,1,2412,False,False
1778943719.7202842,data,null_data,50:02:91:e8:18:ec,d8:d7:75:45:81:24,d8:d7:75:45:81:24,50:02:91:e8:18:ec,d8:d7:75:45:81:24,,-81,1,2412,False,False
1778943719.7202919,control,ack,,50:02:91:e8:18:ec,50:02:91:e8:18:ec,,,,-47,1,2412,False,False
1778943719.7211552,data,null_data,50:02:91:e8:18:ec,d8:d7:75:45:81:24,d8:d7:75:45:81:24,50:02:91:e8:18:ec,d8:d7:75:45:81:24,,-82,1,2412,False,True
1778943719.865423,management,beacon,d8:d7:75:45:81:24,ff:ff:ff:ff:ff:ff,ff:ff:ff:ff:ff:ff,d8:d7:75:45:81:24,d8:d7:75:45:81:24,FunBox2-8124,-45,1,2412,False,False
1778943719.8675885,data,data,d8:d7:75:45:81:24,01:00:5e:7f:ff:fa,01:00:5e:7f:ff:fa,d8:d7:75:45:81:24,e6:12:a8:93:5a:78,,-45,1,2412,True,False
1778943719.8678885,control,ack,,d8:d7:75:45:81:24,d8:d7:75:45:81:24,,,,-84,1,2412,False,False
1778943719.9678779,management,beacon,d8:d7:75:45:81:24,ff:ff:ff:ff:ff:ff,ff:ff:ff:ff:ff:ff,d8:d7:75:45:81:24,d8:d7:75:45:81:24,FunBox2-8124,-43,1,2412,False,False
1778943720.0702846,management,beacon,d8:d7:75:45:81:24,ff:ff:ff:ff:ff:ff,ff:ff:ff:ff:ff:ff,d8:d7:75:45:81:24,d8:d7:75:45:81:24,FunBox2-8124,-44,1,2412,False,False
1778943720.1726851,management,beacon,d8:d7:75:45:81:24,ff:ff:ff:ff:ff:ff,ff:ff:ff:ff:ff:ff,d8:d7:75:45:81:24,d8:d7:75:45:81:24,FunBox2-8124,-44,1,2412,False,False
1778943720.3774922,management,beacon,d8:d7:75:45:81:24,ff:ff:ff:ff:ff:ff,ff:ff:ff:ff:ff:ff,d8:d7:75:45:81:24,d8:d7:75:45:81:24,FunBox2-8124,-44,1,2412,False,False
1778943720.502378,management,beacon,ac:84:c6:41:71:22,ff:ff:ff:ff:ff:ff,ff:ff:ff:ff:ff:ff,ac:84:c6:41:71:22,ac:84:c6:41:71:22,TP-LINK_7122,-93,1,2412,False,False
1778943720.5822892,management,beacon,d8:d7:75:45:81:24,ff:ff:ff:ff:ff:ff,ff:ff:ff:ff:ff:ff,d8:d7:75:45:81:24,d8:d7:75:45:81:24,FunBox2-8124,-45,1,2412,False,False
1778943720.684706,management,beacon,d8:d7:75:45:81:24,ff:ff:ff:ff:ff:ff,ff:ff:ff:ff:ff:ff,d8:d7:75:45:81:24,d8:d7:75:45:81:24,FunBox2-8124,-44,1,2412,False,False
1778943720.8093708,management,beacon,ac:84:c6:41:71:22,ff:ff:ff:ff:ff:ff,ff:ff:ff:ff:ff:ff,ac:84:c6:41:71:22,ac:84:c6:41:71:22,TP-LINK_7122,-91,1,2412,False,False
1778943720.8894737,management,beacon,d8:d7:75:45:81:24,ff:ff:ff:ff:ff:ff,ff:ff:ff:ff:ff:ff,d8:d7:75:45:81:24,d8:d7:75:45:81:24,FunBox2-8124,-45,1,2412,False,False
1778943720.9919257,management,beacon,d8:d7:75:45:81:24,ff:ff:ff:ff:ff:ff,ff:ff:ff:ff:ff:ff,d8:d7:75:45:81:24,d8:d7:75:45:81:24,FunBox2-8124,-44,1,2412,False,False
1778943721.0140438,management,beacon,ac:84:c6:41:71:22,ff:ff:ff:ff:ff:ff,ff:ff:ff:ff:ff:ff,ac:84:c6:41:71:22,ac:84:c6:41:71:22,TP-LINK_7122,-90,1,2412,False,False
1778943721.0943143,management,beacon,d8:d7:75:45:81:24,ff:ff:ff:ff:ff:ff,ff:ff:ff:ff:ff:ff,d8:d7:75:45:81:24,d8:d7:75:45:81:24,FunBox2-8124,-44,1,2412,False,False
1778943721.0954287,data,null_data,50:02:91:e8:18:ec,d8:d7:75:45:81:24,d8:d7:75:45:81:24,50:02:91:e8:18:ec,d8:d7:75:45:81:24,,-79,1,2412,False,False
1778943721.0956118,data,null_data,50:02:91:e8:18:ec,d8:d7:75:45:81:24,d8:d7:75:45:81:24,50:02:91:e8:18:ec,d8:d7:75:45:81:24,,-80,1,2412,False,True
1778943721.0960896,data,null_data,50:02:91:e8:18:ec,d8:d7:75:45:81:24,d8:d7:75:45:81:24,50:02:91:e8:18:ec,d8:d7:75:45:81:24,,-83,1,2412,False,True
1778943721.0960925,control,ack,,50:02:91:e8:18:ec,50:02:91:e8:18:ec,,,,-46,1,2412,False,False
1778943721.1967034,management,beacon,d8:d7:75:45:81:24,ff:ff:ff:ff:ff:ff,ff:ff:ff:ff:ff:ff,d8:d7:75:45:81:24,d8:d7:75:45:81:24,FunBox2-8124,-44,1,2412,False,False
1778943721.2571385,data,null_data,50:02:91:e8:18:ec,d8:d7:75:45:81:24,d8:d7:75:45:81:24,50:02:91:e8:18:ec,d8:d7:75:45:81:24,,-80,1,2412,False,False
1778943721.2571566,control,ack,,50:02:91:e8:18:ec,50:02:91:e8:18:ec,,,,-46,1,2412,False,False
1778943721.4014952,management,beacon,d8:d7:75:45:81:24,ff:ff:ff:ff:ff:ff,ff:ff:ff:ff:ff:ff,d8:d7:75:45:81:24,d8:d7:75:45:81:24,FunBox2-8124,-44,1,2412,False,False
1778943721.4489098,data,null_data,50:02:91:e8:18:ec,d8:d7:75:45:81:24,d8:d7:75:45:81:24,50:02:91:e8:18:ec,d8:d7:75:45:81:24,,-81,1,2412,False,False
1778943721.4489255,control,ack,,50:02:91:e8:18:ec,50:02:91:e8:18:ec,,,,-48,1,2412,False,False
1778943721.4493487,control,ack,,50:02:91:e8:18:ec,50:02:91:e8:18:ec,,,,-47,1,2412,False,False
1778943721.4973266,data,qos_data,d8:d7:75:45:81:24,50:02:91:e8:18:ec,50:02:91:e8:18:ec,d8:d7:75:45:81:24,d8:d7:75:45:81:24,,-44,1,2412,True,False
1778943721.4973395,control,ack,,d8:d7:75:45:81:24,d8:d7:75:45:81:24,,,,-81,1,2412,False,False
1778943721.5038903,management,beacon,d8:d7:75:45:81:24,ff:ff:ff:ff:ff:ff,ff:ff:ff:ff:ff:ff,d8:d7:75:45:81:24,d8:d7:75:45:81:24,FunBox2-8124,-45,1,2412,False,False
1778943721.525733,management,beacon,ac:84:c6:41:71:22,ff:ff:ff:ff:ff:ff,ff:ff:ff:ff:ff:ff,ac:84:c6:41:71:22,ac:84:c6:41:71:22,TP-LINK_7122,-88,1,2412,False,False
1778943721.6063406,management,beacon,d8:d7:75:45:81:24,ff:ff:ff:ff:ff:ff,ff:ff:ff:ff:ff:ff,d8:d7:75:45:81:24,d8:d7:75:45:81:24,FunBox2-8124,-43,1,2412,False,False
1778943721.6370718,data,qos_data,d8:d7:75:45:81:24,50:02:91:e8:18:ec,50:02:91:e8:18:ec,d8:d7:75:45:81:24,d8:d7:75:45:81:24,,-46,1,2412,True,False
1778943721.6370842,control,ack,,d8:d7:75:45:81:24,d8:d7:75:45:81:24,,,,-80,1,2412,False,False
1778943721.638269,data,qos_data,d8:d7:75:45:81:24,50:02:91:e8:18:ec,50:02:91:e8:18:ec,d8:d7:75:45:81:24,d8:d7:75:45:81:24,,-47,1,2412,True,True
1778943721.6394887,data,qos_data,d8:d7:75:45:81:24,50:02:91:e8:18:ec,50:02:91:e8:18:ec,d8:d7:75:45:81:24,d8:d7:75:45:81:24,,-44,1,2412,True,True
1778943721.6400833,data,qos_data,d8:d7:75:45:81:24,50:02:91:e8:18:ec,50:02:91:e8:18:ec,d8:d7:75:45:81:24,d8:d7:75:45:81:24,,-46,1,2412,True,True
1778943721.6400867,control,ack,,d8:d7:75:45:81:24,d8:d7:75:45:81:24,,,,-80,1,2412,False,False
1778943721.7087505,management,beacon,d8:d7:75:45:81:24,ff:ff:ff:ff:ff:ff,ff:ff:ff:ff:ff:ff,d8:d7:75:45:81:24,d8:d7:75:45:81:24,FunBox2-8124,-45,1,2412,False,False
1778943721.8009138,data,null_data,50:02:91:e8:18:ec,d8:d7:75:45:81:24,d8:d7:75:45:81:24,50:02:91:e8:18:ec,d8:d7:75:45:81:24,,-80,1,2412,False,False
1778943721.8009257,control,ack,,50:02:91:e8:18:ec,50:02:91:e8:18:ec,,,,-48,1,2412,False,False
1778943721.8327487,management,beacon,ac:84:c6:41:71:22,ff:ff:ff:ff:ff:ff,ff:ff:ff:ff:ff:ff,ac:84:c6:41:71:22,ac:84:c6:41:71:22,TP-LINK_7122,-93,1,2412,False,False
1778943721.8376915,data,null_data,50:02:91:e8:18:ec,d8:d7:75:45:81:24,d8:d7:75:45:81:24,50:02:91:e8:18:ec,d8:d7:75:45:81:24,,-81,1,2412,False,False
1778943721.8376966,control,ack,,50:02:91:e8:18:ec,50:02:91:e8:18:ec,,,,-47,1,2412,False,False
1778943721.8383844,control,ack,,50:02:91:e8:18:ec,50:02:91:e8:18:ec,,,,-47,1,2412,False,False
1778943721.9135683,management,beacon,d8:d7:75:45:81:24,ff:ff:ff:ff:ff:ff,ff:ff:ff:ff:ff:ff,d8:d7:75:45:81:24,d8:d7:75:45:81:24,FunBox2-8124,-44,1,2412,False,False
1778943721.9993975,data,null_data,50:02:91:e8:18:ec,d8:d7:75:45:81:24,d8:d7:75:45:81:24,50:02:91:e8:18:ec,d8:d7:75:45:81:24,,-80,1,2412,False,True
1778943721.9994102,control,ack,,50:02:91:e8:18:ec,50:02:91:e8:18:ec,,,,-47,1,2412,False,False
1778943722.0159814,management,beacon,d8:d7:75:45:81:24,ff:ff:ff:ff:ff:ff,ff:ff:ff:ff:ff:ff,d8:d7:75:45:81:24,d8:d7:75:45:81:24,FunBox2-8124,-44,1,2412,False,False
1778943722.1183674,management,beacon,d8:d7:75:45:81:24,ff:ff:ff:ff:ff:ff,ff:ff:ff:ff:ff:ff,d8:d7:75:45:81:24,d8:d7:75:45:81:24,FunBox2-8124,-46,1,2412,False,False
1778943722.1780002,data,null_data,50:02:91:e8:18:ec,d8:d7:75:45:81:24,d8:d7:75:45:81:24,50:02:91:e8:18:ec,d8:d7:75:45:81:24,,-81,1,2412,False,False
1778943722.1781487,data,null_data,50:02:91:e8:18:ec,d8:d7:75:45:81:24,d8:d7:75:45:81:24,50:02:91:e8:18:ec,d8:d7:75:45:81:24,,-80,1,2412,False,True
1778943722.1786752,data,null_data,50:02:91:e8:18:ec,d8:d7:75:45:81:24,d8:d7:75:45:81:24,50:02:91:e8:18:ec,d8:d7:75:45:81:24,,-80,1,2412,False,True
1778943722.178678,control,ack,,50:02:91:e8:18:ec,50:02:91:e8:18:ec,,,,-47,1,2412,False,False
1778943722.2207756,management,beacon,d8:d7:75:45:81:24,ff:ff:ff:ff:ff:ff,ff:ff:ff:ff:ff:ff,d8:d7:75:45:81:24,d8:d7:75:45:81:24,FunBox2-8124,-43,1,2412,False,False
1778943722.4255886,management,beacon,d8:d7:75:45:81:24,ff:ff:ff:ff:ff:ff,ff:ff:ff:ff:ff:ff,d8:d7:75:45:81:24,d8:d7:75:45:81:24,FunBox2-8124,-46,1,2412,False,False
1778943722.4467723,management,beacon,ac:84:c6:41:71:22,ff:ff:ff:ff:ff:ff,ff:ff:ff:ff:ff:ff,ac:84:c6:41:71:22,ac:84:c6:41:71:22,TP-LINK_7122,-87,1,2412,False,False
1778943722.5279684,management,beacon,d8:d7:75:45:81:24,ff:ff:ff:ff:ff:ff,ff:ff:ff:ff:ff:ff,d8:d7:75:45:81:24,d8:d7:75:45:81:24,FunBox2-8124,-44,1,2412,False,False
1778943722.6303728,management,beacon,d8:d7:75:45:81:24,ff:ff:ff:ff:ff:ff,ff:ff:ff:ff:ff:ff,d8:d7:75:45:81:24,d8:d7:75:45:81:24,FunBox2-8124,-44,1,2412,False,False
1778943722.732791,management,beacon,d8:d7:75:45:81:24,ff:ff:ff:ff:ff:ff,ff:ff:ff:ff:ff:ff,d8:d7:75:45:81:24,d8:d7:75:45:81:24,FunBox2-8124,-44,1,2412,False,False
1778943722.8351555,management,beacon,d8:d7:75:45:81:24,ff:ff:ff:ff:ff:ff,ff:ff:ff:ff:ff:ff,d8:d7:75:45:81:24,d8:d7:75:45:81:24,FunBox2-8124,-44,1,2412,False,False
1778943722.8561304,management,beacon,ac:84:c6:41:71:22,ff:ff:ff:ff:ff:ff,ff:ff:ff:ff:ff:ff,ac:84:c6:41:71:22,ac:84:c6:41:71:22,TP-LINK_7122,-89,1,2412,False,False
1778943722.9376066,management,beacon,d8:d7:75:45:81:24,ff:ff:ff:ff:ff:ff,ff:ff:ff:ff:ff:ff,d8:d7:75:45:81:24,d8:d7:75:45:81:24,FunBox2-8124,-45,1,2412,False,False
1778943722.9404204,data,data,d8:d7:75:45:81:24,33:33:00:00:00:01,33:33:00:00:00:01,d8:d7:75:45:81:24,d8:d7:75:45:81:24,,-45,1,2412,True,False
1778943722.940897,control,ack,,d8:d7:75:45:81:24,d8:d7:75:45:81:24,,,,-83,1,2412,False,False
1778943722.9409,data,null_data,50:02:91:e8:18:ec,d8:d7:75:45:81:24,d8:d7:75:45:81:24,50:02:91:e8:18:ec,d8:d7:75:45:81:24,,-80,1,2412,False,False
1778943722.940902,control,ack,,50:02:91:e8:18:ec,50:02:91:e8:18:ec,,,,-45,1,2412,False,False
1778943722.9425197,data,data,d8:d7:75:45:81:24,33:33:00:00:00:16,33:33:00:00:00:16,d8:d7:75:45:81:24,a8:5e:45:c6:9f:b7,,-44,1,2412,True,False
1778943722.9428334,control,ack,,d8:d7:75:45:81:24,d8:d7:75:45:81:24,,,,-83,1,2412,False,False
1778943722.9584568,management,beacon,ac:84:c6:41:71:22,ff:ff:ff:ff:ff:ff,ff:ff:ff:ff:ff:ff,ac:84:c6:41:71:22,ac:84:c6:41:71:22,TP-LINK_7122,-87,1,2412,False,False
1778943723.0399668,management,beacon,d8:d7:75:45:81:24,ff:ff:ff:ff:ff:ff,ff:ff:ff:ff:ff:ff,d8:d7:75:45:81:24,d8:d7:75:45:81:24,FunBox2-8124,-44,1,2412,False,False
1778943723.1032832,data,null_data,50:02:91:e8:18:ec,d8:d7:75:45:81:24,d8:d7:75:45:81:24,50:02:91:e8:18:ec,d8:d7:75:45:81:24,,-80,1,2412,False,False
1778943723.1032948,control,ack,,50:02:91:e8:18:ec,50:02:91:e8:18:ec,,,,-47,1,2412,False,False
1778943723.142386,management,beacon,d8:d7:75:45:81:24,ff:ff:ff:ff:ff:ff,ff:ff:ff:ff:ff:ff,d8:d7:75:45:81:24,d8:d7:75:45:81:24,FunBox2-8124,-44,1,2412,False,False
1778943723.1631458,management,beacon,ac:84:c6:41:71:22,ff:ff:ff:ff:ff:ff,ff:ff:ff:ff:ff:ff,ac:84:c6:41:71:22,ac:84:c6:41:71:22,TP-LINK_7122,-88,1,2412,False,False
1778943723.2447984,management,beacon,d8:d7:75:45:81:24,ff:ff:ff:ff:ff:ff,ff:ff:ff:ff:ff:ff,d8:d7:75:45:81:24,d8:d7:75:45:81:24,FunBox2-8124,-44,1,2412,False,False
1778943723.3471575,management,beacon,d8:d7:75:45:81:24,ff:ff:ff:ff:ff:ff,ff:ff:ff:ff:ff:ff,d8:d7:75:45:81:24,d8:d7:75:45:81:24,FunBox2-8124,-44,1,2412,False,False
1778943723.3527775,data,null_data,50:02:91:e8:18:ec,d8:d7:75:45:81:24,d8:d7:75:45:81:24,50:02:91:e8:18:ec,d8:d7:75:45:81:24,,-81,1,2412,False,False
1778943723.3527849,control,ack,,50:02:91:e8:18:ec,50:02:91:e8:18:ec,,,,-45,1,2412,False,False
1778943723.3678212,management,beacon,ac:84:c6:41:71:22,ff:ff:ff:ff:ff:ff,ff:ff:ff:ff:ff:ff,ac:84:c6:41:71:22,ac:84:c6:41:71:22,TP-LINK_7122,-88,1,2412,False,False
1778943723.4495847,management,beacon,d8:d7:75:45:81:24,ff:ff:ff:ff:ff:ff,ff:ff:ff:ff:ff:ff,d8:d7:75:45:81:24,d8:d7:75:45:81:24,FunBox2-8124,-43,1,2412,False,False
1778943723.5135875,data,null_data,50:02:91:e8:18:ec,d8:d7:75:45:81:24,d8:d7:75:45:81:24,50:02:91:e8:18:ec,d8:d7:75:45:81:24,,-82,1,2412,False,False
1778943723.513737,data,null_data,50:02:91:e8:18:ec,d8:d7:75:45:81:24,d8:d7:75:45:81:24,50:02:91:e8:18:ec,d8:d7:75:45:81:24,,-80,1,2412,False,True
1778943723.5140827,data,null_data,50:02:91:e8:18:ec,d8:d7:75:45:81:24,d8:d7:75:45:81:24,50:02:91:e8:18:ec,d8:d7:75:45:81:24,,-84,1,2412,False,True
1778943723.5145805,data,null_data,50:02:91:e8:18:ec,d8:d7:75:45:81:24,d8:d7:75:45:81:24,50:02:91:e8:18:ec,d8:d7:75:45:81:24,,-83,1,2412,False,True
1778943723.5145826,control,ack,,50:02:91:e8:18:ec,50:02:91:e8:18:ec,,,,-44,1,2412,False,False
1778943723.5520055,management,beacon,d8:d7:75:45:81:24,ff:ff:ff:ff:ff:ff,ff:ff:ff:ff:ff:ff,d8:d7:75:45:81:24,d8:d7:75:45:81:24,FunBox2-8124,-48,1,2412,False,False
1778943723.674832,management,beacon,ac:84:c6:41:71:22,ff:ff:ff:ff:ff:ff,ff:ff:ff:ff:ff:ff,ac:84:c6:41:71:22,ac:84:c6:41:71:22,TP-LINK_7122,-89,1,2412,False,False
1778943723.7568552,management,beacon,d8:d7:75:45:81:24,ff:ff:ff:ff:ff:ff,ff:ff:ff:ff:ff:ff,d8:d7:75:45:81:24,d8:d7:75:45:81:24,FunBox2-8124,-44,1,2412,False,False
1778943723.8592186,management,beacon,d8:d7:75:45:81:24,ff:ff:ff:ff:ff:ff,ff:ff:ff:ff:ff:ff,d8:d7:75:45:81:24,d8:d7:75:45:81:24,FunBox2-8124,-44,1,2412,False,False
1778943723.8612978,control,ack,,d8:d7:75:45:81:24,d8:d7:75:45:81:24,,,,-81,1,2412,False,False
1778943723.861301,data,null_data,50:02:91:e8:18:ec,d8:d7:75:45:81:24,d8:d7:75:45:81:24,50:02:91:e8:18:ec,d8:d7:75:45:81:24,,-80,1,2412,False,False
1778943723.8613024,control,ack,,50:02:91:e8:18:ec,50:02:91:e8:18:ec,,,,-46,1,2412,False,False
1778943723.8795173,management,beacon,ac:84:c6:41:71:22,ff:ff:ff:ff:ff:ff,ff:ff:ff:ff:ff:ff,ac:84:c6:41:71:22,ac:84:c6:41:71:22,TP-LINK_7122,-84,1,2412,False,False
1778943723.9615867,management,beacon,d8:d7:75:45:81:24,ff:ff:ff:ff:ff:ff,ff:ff:ff:ff:ff:ff,d8:d7:75:45:81:24,d8:d7:75:45:81:24,FunBox2-8124,-44,1,2412,False,False
1778943724.022211,data,null_data,50:02:91:e8:18:ec,d8:d7:75:45:81:24,d8:d7:75:45:81:24,50:02:91:e8:18:ec,d8:d7:75:45:81:24,,-81,1,2412,False,False
1778943724.0222247,control,ack,,50:02:91:e8:18:ec,50:02:91:e8:18:ec,,,,-48,1,2412,False,False
1778943724.064032,management,beacon,d8:d7:75:45:81:24,ff:ff:ff:ff:ff:ff,ff:ff:ff:ff:ff:ff,d8:d7:75:45:81:24,d8:d7:75:45:81:24,FunBox2-8124,-44,1,2412,False,False
1778943724.166465,management,beacon,d8:d7:75:45:81:24,ff:ff:ff:ff:ff:ff,ff:ff:ff:ff:ff:ff,d8:d7:75:45:81:24,d8:d7:75:45:81:24,FunBox2-8124,-46,1,2412,False,False
1778943724.1865306,management,beacon,ac:84:c6:41:71:22,ff:ff:ff:ff:ff:ff,ff:ff:ff:ff:ff:ff,ac:84:c6:41:71:22,ac:84:c6:41:71:22,TP-LINK_7122,-86,1,2412,False,False
1778943724.26883,management,beacon,d8:d7:75:45:81:24,ff:ff:ff:ff:ff:ff,ff:ff:ff:ff:ff:ff,d8:d7:75:45:81:24,d8:d7:75:45:81:24,FunBox2-8124,-45,1,2412,False,False
1778943724.3712595,management,beacon,d8:d7:75:45:81:24,ff:ff:ff:ff:ff:ff,ff:ff:ff:ff:ff:ff,d8:d7:75:45:81:24,d8:d7:75:45:81:24,FunBox2-8124,-45,1,2412,False,False
1778943724.3834662,control,rts,54:35:30:cf:ee:1e,d8:d7:75:45:81:24,d8:d7:75:45:81:24,54:35:30:cf:ee:1e,,,-60,1,2412,False,False
1778943724.3834705,control,cts,,54:35:30:cf:ee:1e,54:35:30:cf:ee:1e,,,,-48,1,2412,False,False
1778943724.3834722,data,qos_data,54:35:30:cf:ee:1e,d8:d7:75:45:81:24,d8:d7:75:45:81:24,54:35:30:cf:ee:1e,ff:ff:ff:ff:ff:ff,,-60,1,2412,True,False
1778943724.383474,control,block_ack,d8:d7:75:45:81:24,54:35:30:cf:ee:1e,54:35:30:cf:ee:1e,d8:d7:75:45:81:24,,,-46,1,2412,False,False
1778943724.4736147,management,beacon,d8:d7:75:45:81:24,ff:ff:ff:ff:ff:ff,ff:ff:ff:ff:ff:ff,d8:d7:75:45:81:24,d8:d7:75:45:81:24,FunBox2-8124,-44,1,2412,False,False
1778943724.4752195,data,data,d8:d7:75:45:81:24,ff:ff:ff:ff:ff:ff,ff:ff:ff:ff:ff:ff,d8:d7:75:45:81:24,54:35:30:cf:ee:1e,,-43,1,2412,True,False
1778943724.4757197,control,ack,,d8:d7:75:45:81:24,d8:d7:75:45:81:24,,,,-82,1,2412,False,False
1778943724.4757218,data,null_data,50:02:91:e8:18:ec,d8:d7:75:45:81:24,d8:d7:75:45:81:24,50:02:91:e8:18:ec,d8:d7:75:45:81:24,,-80,1,2412,False,False
1778943724.475723,control,ack,,50:02:91:e8:18:ec,50:02:91:e8:18:ec,,,,-48,1,2412,False,False
1778943724.5760121,management,beacon,d8:d7:75:45:81:24,ff:ff:ff:ff:ff:ff,ff:ff:ff:ff:ff:ff,d8:d7:75:45:81:24,d8:d7:75:45:81:24,FunBox2-8124,-44,1,2412,False,False
1778943724.636597,data,null_data,50:02:91:e8:18:ec,d8:d7:75:45:81:24,d8:d7:75:45:81:24,50:02:91:e8:18:ec,d8:d7:75:45:81:24,,-80,1,2412,False,False
1778943724.636609,control,ack,,50:02:91:e8:18:ec,50:02:91:e8:18:ec,,,,-48,1,2412,False,False
1778943724.6784563,management,beacon,d8:d7:75:45:81:24,ff:ff:ff:ff:ff:ff,ff:ff:ff:ff:ff:ff,d8:d7:75:45:81:24,d8:d7:75:45:81:24,FunBox2-8124,-45,1,2412,False,False
1778943724.687142,control,rts,d8:d7:75:45:81:24,54:35:30:cf:ee:1e,54:35:30:cf:ee:1e,d8:d7:75:45:81:24,,,-45,1,2412,False,False
1778943724.6871471,control,cts,,d8:d7:75:45:81:24,d8:d7:75:45:81:24,,,,-60,1,2412,False,False
1778943724.687149,data,qos_data,d8:d7:75:45:81:24,54:35:30:cf:ee:1e,54:35:30:cf:ee:1e,d8:d7:75:45:81:24,a0:29:42:95:01:2d,,-47,1,2412,True,False
1778943724.6871507,control,block_ack,54:35:30:cf:ee:1e,d8:d7:75:45:81:24,d8:d7:75:45:81:24,54:35:30:cf:ee:1e,,,-60,1,2412,False,False
1778943724.7808807,management,beacon,d8:d7:75:45:81:24,ff:ff:ff:ff:ff:ff,ff:ff:ff:ff:ff:ff,d8:d7:75:45:81:24,d8:d7:75:45:81:24,FunBox2-8124,-44,1,2412,False,False
1778943724.88324,management,beacon,d8:d7:75:45:81:24,ff:ff:ff:ff:ff:ff,ff:ff:ff:ff:ff:ff,d8:d7:75:45:81:24,d8:d7:75:45:81:24,FunBox2-8124,-46,1,2412,False,False
1778943724.985652,management,beacon,d8:d7:75:45:81:24,ff:ff:ff:ff:ff:ff,ff:ff:ff:ff:ff:ff,d8:d7:75:45:81:24,d8:d7:75:45:81:24,FunBox2-8124,-44,1,2412,False,False
1778943725.0880423,management,beacon,d8:d7:75:45:81:24,ff:ff:ff:ff:ff:ff,ff:ff:ff:ff:ff:ff,d8:d7:75:45:81:24,d8:d7:75:45:81:24,FunBox2-8124,-45,1,2412,False,False
1778943725.1904328,management,beacon,d8:d7:75:45:81:24,ff:ff:ff:ff:ff:ff,ff:ff:ff:ff:ff:ff,d8:d7:75:45:81:24,d8:d7:75:45:81:24,FunBox2-8124,-45,1,2412,False,False
1778943725.2928607,management,beacon,d8:d7:75:45:81:24,ff:ff:ff:ff:ff:ff,ff:ff:ff:ff:ff:ff,d8:d7:75:45:81:24,d8:d7:75:45:81:24,FunBox2-8124,-44,1,2412,False,False
1778943725.3952549,management,beacon,d8:d7:75:45:81:24,ff:ff:ff:ff:ff:ff,ff:ff:ff:ff:ff:ff,d8:d7:75:45:81:24,d8:d7:75:45:81:24,FunBox2-8124,-44,1,2412,False,False
1778943725.4977152,management,beacon,d8:d7:75:45:81:24,ff:ff:ff:ff:ff:ff,ff:ff:ff:ff:ff:ff,d8:d7:75:45:81:24,d8:d7:75:45:81:24,FunBox2-8124,-44,1,2412,False,False
1778943725.6000466,management,beacon,d8:d7:75:45:81:24,ff:ff:ff:ff:ff:ff,ff:ff:ff:ff:ff:ff,d8:d7:75:45:81:24,d8:d7:75:45:81:24,FunBox2-8124,-46,1,2412,False,False
1778943725.7024772,management,beacon,d8:d7:75:45:81:24,ff:ff:ff:ff:ff:ff,ff:ff:ff:ff:ff:ff,d8:d7:75:45:81:24,d8:d7:75:45:81:24,FunBox2-8124,-44,1,2412,False,False
1778943725.804928,management,beacon,d8:d7:75:45:81:24,ff:ff:ff:ff:ff:ff,ff:ff:ff:ff:ff:ff,d8:d7:75:45:81:24,d8:d7:75:45:81:24,FunBox2-8124,-46,1,2412,False,False
1778943725.9072957,management,beacon,d8:d7:75:45:81:24,ff:ff:ff:ff:ff:ff,ff:ff:ff:ff:ff:ff,d8:d7:75:45:81:24,d8:d7:75:45:81:24,FunBox2-8124,-43,1,2412,False,False
1778943726.0096838,management,beacon,d8:d7:75:45:81:24,ff:ff:ff:ff:ff:ff,ff:ff:ff:ff:ff:ff,d8:d7:75:45:81:24,d8:d7:75:45:81:24,FunBox2-8124,-44,1,2412,False,False
1778943726.0286114,management,beacon,ac:84:c6:41:71:22,ff:ff:ff:ff:ff:ff,ff:ff:ff:ff:ff:ff,ac:84:c6:41:71:22,ac:84:c6:41:71:22,TP-LINK_7122,-88,1,2412,False,False
1778943726.1129391,management,beacon,d8:d7:75:45:81:24,ff:ff:ff:ff:ff:ff,ff:ff:ff:ff:ff:ff,d8:d7:75:45:81:24,d8:d7:75:45:81:24,FunBox2-8124,-45,1,2412,False,False
1778943726.2145176,management,beacon,d8:d7:75:45:81:24,ff:ff:ff:ff:ff:ff,ff:ff:ff:ff:ff:ff,d8:d7:75:45:81:24,d8:d7:75:45:81:24,FunBox2-8124,-44,1,2412,False,False
1778943726.2332633,management,beacon,ac:84:c6:41:71:22,ff:ff:ff:ff:ff:ff,ff:ff:ff:ff:ff:ff,ac:84:c6:41:71:22,ac:84:c6:41:71:22,TP-LINK_7122,-90,1,2412,False,False
1778943726.3169568,management,beacon,d8:d7:75:45:81:24,ff:ff:ff:ff:ff:ff,ff:ff:ff:ff:ff:ff,d8:d7:75:45:81:24,d8:d7:75:45:81:24,FunBox2-8124,-44,1,2412,False,False
1778943726.318107,data,null_data,50:02:91:e8:18:ec,d8:d7:75:45:81:24,d8:d7:75:45:81:24,50:02:91:e8:18:ec,d8:d7:75:45:81:24,,-80,1,2412,False,False
1778943726.3183556,data,null_data,50:02:91:e8:18:ec,d8:d7:75:45:81:24,d8:d7:75:45:81:24,50:02:91:e8:18:ec,d8:d7:75:45:81:24,,-81,1,2412,False,True
1778943726.3183594,control,ack,,50:02:91:e8:18:ec,50:02:91:e8:18:ec,,,,-48,1,2412,False,False
1778943726.31883,data,null_data,50:02:91:e8:18:ec,d8:d7:75:45:81:24,d8:d7:75:45:81:24,50:02:91:e8:18:ec,d8:d7:75:45:81:24,,-82,1,2412,False,True
1778943726.3188324,control,ack,,50:02:91:e8:18:ec,50:02:91:e8:18:ec,,,,-44,1,2412,False,False
1778943726.4193447,management,beacon,d8:d7:75:45:81:24,ff:ff:ff:ff:ff:ff,ff:ff:ff:ff:ff:ff,d8:d7:75:45:81:24,d8:d7:75:45:81:24,FunBox2-8124,-45,1,2412,False,False
1778943726.4418886,data,data,d8:d7:75:45:81:24,01:00:5e:00:00:fb,01:00:5e:00:00:fb,d8:d7:75:45:81:24,8a:f4:af:eb:f3:fb,,-46,1,2412,True,False
1778943726.4422038,control,ack,,d8:d7:75:45:81:24,d8:d7:75:45:81:24,,,,-82,1,2412,False,False
1778943726.4439023,data,data,d8:d7:75:45:81:24,33:33:00:00:00:fb,33:33:00:00:00:fb,d8:d7:75:45:81:24,8a:f4:af:eb:f3:fb,,-46,1,2412,True,False
1778943726.4442158,control,ack,,d8:d7:75:45:81:24,d8:d7:75:45:81:24,,,,-83,1,2412,False,False
1778943726.4970229,data,qos_data,d8:d7:75:45:81:24,50:02:91:e8:18:ec,50:02:91:e8:18:ec,d8:d7:75:45:81:24,d8:d7:75:45:81:24,,-47,1,2412,True,False
1778943726.4970312,control,ack,,d8:d7:75:45:81:24,d8:d7:75:45:81:24,,,,-80,1,2412,False,False
1778943726.4982176,control,ack,,50:02:91:e8:18:ec,50:02:91:e8:18:ec,,,,-46,1,2412,False,False
1778943726.5217416,management,beacon,d8:d7:75:45:81:24,ff:ff:ff:ff:ff:ff,ff:ff:ff:ff:ff:ff,d8:d7:75:45:81:24,d8:d7:75:45:81:24,FunBox2-8124,-45,1,2412,False,False
1778943726.6241183,management,beacon,d8:d7:75:45:81:24,ff:ff:ff:ff:ff:ff,ff:ff:ff:ff:ff:ff,d8:d7:75:45:81:24,d8:d7:75:45:81:24,FunBox2-8124,-45,1,2412,False,False
1778943726.6590784,data,null_data,50:02:91:e8:18:ec,d8:d7:75:45:81:24,d8:d7:75:45:81:24,50:02:91:e8:18:ec,d8:d7:75:45:81:24,,-81,1,2412,False,False
1778943726.659089,control,ack,,50:02:91:e8:18:ec,50:02:91:e8:18:ec,,,,-48,1,2412,False,False
1778943726.7264953,management,beacon,d8:d7:75:45:81:24,ff:ff:ff:ff:ff:ff,ff:ff:ff:ff:ff:ff,d8:d7:75:45:81:24,d8:d7:75:45:81:24,FunBox2-8124,-45,1,2412,False,False
1778943726.8289375,management,beacon,d8:d7:75:45:81:24,ff:ff:ff:ff:ff:ff,ff:ff:ff:ff:ff:ff,d8:d7:75:45:81:24,d8:d7:75:45:81:24,FunBox2-8124,-45,1,2412,False,False
1778943726.931357,management,beacon,d8:d7:75:45:81:24,ff:ff:ff:ff:ff:ff,ff:ff:ff:ff:ff:ff,d8:d7:75:45:81:24,d8:d7:75:45:81:24,FunBox2-8124,-44,1,2412,False,False
1778943727.0337822,management,beacon,d8:d7:75:45:81:24,ff:ff:ff:ff:ff:ff,ff:ff:ff:ff:ff:ff,d8:d7:75:45:81:24,d8:d7:75:45:81:24,FunBox2-8124,-45,1,2412,False,False
1778943727.1361387,management,beacon,d8:d7:75:45:81:24,ff:ff:ff:ff:ff:ff,ff:ff:ff:ff:ff:ff,d8:d7:75:45:81:24,d8:d7:75:45:81:24,FunBox2-8124,-44,1,2412,False,False
1778943727.2385142,management,beacon,d8:d7:75:45:81:24,ff:ff:ff:ff:ff:ff,ff:ff:ff:ff:ff:ff,d8:d7:75:45:81:24,d8:d7:75:45:81:24,FunBox2-8124,-45,1,2412,False,False
1778943727.2566683,management,beacon,ac:84:c6:41:71:22,ff:ff:ff:ff:ff:ff,ff:ff:ff:ff:ff:ff,ac:84:c6:41:71:22,ac:84:c6:41:71:22,TP-LINK_7122,-93,1,2412,False,False
1778943727.340926,management,beacon,d8:d7:75:45:81:24,ff:ff:ff:ff:ff:ff,ff:ff:ff:ff:ff:ff,d8:d7:75:45:81:24,d8:d7:75:45:81:24,FunBox2-8124,-43,1,2412,False,False
1778943727.4433217,management,beacon,d8:d7:75:45:81:24,ff:ff:ff:ff:ff:ff,ff:ff:ff:ff:ff:ff,d8:d7:75:45:81:24,d8:d7:75:45:81:24,FunBox2-8124,-44,1,2412,False,False
1778943727.5457497,management,beacon,d8:d7:75:45:81:24,ff:ff:ff:ff:ff:ff,ff:ff:ff:ff:ff:ff,d8:d7:75:45:81:24,d8:d7:75:45:81:24,FunBox2-8124,-43,1,2412,False,False
1778943727.6481678,management,beacon,d8:d7:75:45:81:24,ff:ff:ff:ff:ff:ff,ff:ff:ff:ff:ff:ff,d8:d7:75:45:81:24,d8:d7:75:45:81:24,FunBox2-8124,-43,1,2412,False,False
1778943727.6493244,data,null_data,50:02:91:e8:18:ec,d8:d7:75:45:81:24,d8:d7:75:45:81:24,50:02:91:e8:18:ec,d8:d7:75:45:81:24,,-82,1,2412,False,False
1778943727.649498,data,null_data,50:02:91:e8:18:ec,d8:d7:75:45:81:24,d8:d7:75:45:81:24,50:02:91:e8:18:ec,d8:d7:75:45:81:24,,-81,1,2412,False,True
1778943727.6498618,data,null_data,50:02:91:e8:18:ec,d8:d7:75:45:81:24,d8:d7:75:45:81:24,50:02:91:e8:18:ec,d8:d7:75:45:81:24,,-82,1,2412,False,True
1778943727.650732,data,null_data,50:02:91:e8:18:ec,d8:d7:75:45:81:24,d8:d7:75:45:81:24,50:02:91:e8:18:ec,d8:d7:75:45:81:24,,-82,1,2412,False,True
1778943727.651257,data,null_data,50:02:91:e8:18:ec,d8:d7:75:45:81:24,d8:d7:75:45:81:24,50:02:91:e8:18:ec,d8:d7:75:45:81:24,,-82,1,2412,False,True
1778943727.6517823,data,null_data,50:02:91:e8:18:ec,d8:d7:75:45:81:24,d8:d7:75:45:81:24,50:02:91:e8:18:ec,d8:d7:75:45:81:24,,-82,1,2412,False,True
1778943727.6521056,control,ack,,50:02:91:e8:18:ec,50:02:91:e8:18:ec,,,,-45,1,2412,False,False
1778943727.7505789,management,beacon,d8:d7:75:45:81:24,ff:ff:ff:ff:ff:ff,ff:ff:ff:ff:ff:ff,d8:d7:75:45:81:24,d8:d7:75:45:81:24,FunBox2-8124,-45,1,2412,False,False
1778943727.8130596,data,null_data,50:02:91:e8:18:ec,d8:d7:75:45:81:24,d8:d7:75:45:81:24,50:02:91:e8:18:ec,d8:d7:75:45:81:24,,-80,1,2412,False,False
1778943727.8132405,data,null_data,50:02:91:e8:18:ec,d8:d7:75:45:81:24,d8:d7:75:45:81:24,50:02:91:e8:18:ec,d8:d7:75:45:81:24,,-82,1,2412,False,True
1778943727.8135767,data,null_data,50:02:91:e8:18:ec,d8:d7:75:45:81:24,d8:d7:75:45:81:24,50:02:91:e8:18:ec,d8:d7:75:45:81:24,,-82,1,2412,False,True
1778943727.8139045,data,null_data,50:02:91:e8:18:ec,d8:d7:75:45:81:24,d8:d7:75:45:81:24,50:02:91:e8:18:ec,d8:d7:75:45:81:24,,-82,1,2412,False,True
1778943727.8529637,management,beacon,d8:d7:75:45:81:24,ff:ff:ff:ff:ff:ff,ff:ff:ff:ff:ff:ff,d8:d7:75:45:81:24,d8:d7:75:45:81:24,FunBox2-8124,-44,1,2412,False,False
1778943727.8706703,management,beacon,ac:84:c6:41:71:22,ff:ff:ff:ff:ff:ff,ff:ff:ff:ff:ff:ff,ac:84:c6:41:71:22,ac:84:c6:41:71:22,TP-LINK_7122,-86,1,2412,False,False
1778943727.9554029,management,beacon,d8:d7:75:45:81:24,ff:ff:ff:ff:ff:ff,ff:ff:ff:ff:ff:ff,d8:d7:75:45:81:24,d8:d7:75:45:81:24,FunBox2-8124,-44,1,2412,False,False
1778943728.0578127,management,beacon,d8:d7:75:45:81:24,ff:ff:ff:ff:ff:ff,ff:ff:ff:ff:ff:ff,d8:d7:75:45:81:24,d8:d7:75:45:81:24,FunBox2-8124,-45,1,2412,False,False
1778943728.160162,management,beacon,d8:d7:75:45:81:24,ff:ff:ff:ff:ff:ff,ff:ff:ff:ff:ff:ff,d8:d7:75:45:81:24,d8:d7:75:45:81:24,FunBox2-8124,-44,1,2412,False,False
1778943728.1776967,management,beacon,ac:84:c6:41:71:22,ff:ff:ff:ff:ff:ff,ff:ff:ff:ff:ff:ff,ac:84:c6:41:71:22,ac:84:c6:41:71:22,TP-LINK_7122,-87,1,2412,False,False
1778943728.262604,management,beacon,d8:d7:75:45:81:24,ff:ff:ff:ff:ff:ff,ff:ff:ff:ff:ff:ff,d8:d7:75:45:81:24,d8:d7:75:45:81:24,FunBox2-8124,-45,1,2412,False,False
1778943728.364961,management,beacon,d8:d7:75:45:81:24,ff:ff:ff:ff:ff:ff,ff:ff:ff:ff:ff:ff,d8:d7:75:45:81:24,d8:d7:75:45:81:24,FunBox2-8124,-44,1,2412,False,False
1778943728.4673512,management,beacon,d8:d7:75:45:81:24,ff:ff:ff:ff:ff:ff,ff:ff:ff:ff:ff:ff,d8:d7:75:45:81:24,d8:d7:75:45:81:24,FunBox2-8124,-44,1,2412,False,False
1778943728.569799,management,beacon,d8:d7:75:45:81:24,ff:ff:ff:ff:ff:ff,ff:ff:ff:ff:ff:ff,d8:d7:75:45:81:24,d8:d7:75:45:81:24,FunBox2-8124,-44,1,2412,False,False
1778943728.6722033,management,beacon,d8:d7:75:45:81:24,ff:ff:ff:ff:ff:ff,ff:ff:ff:ff:ff:ff,d8:d7:75:45:81:24,d8:d7:75:45:81:24,FunBox2-8124,-43,1,2412,False,False
1778943728.7746677,management,beacon,d8:d7:75:45:81:24,ff:ff:ff:ff:ff:ff,ff:ff:ff:ff:ff:ff,d8:d7:75:45:81:24,d8:d7:75:45:81:24,FunBox2-8124,-43,1,2412,False,False
1778943728.876986,management,beacon,d8:d7:75:45:81:24,ff:ff:ff:ff:ff:ff,ff:ff:ff:ff:ff:ff,d8:d7:75:45:81:24,d8:d7:75:45:81:24,FunBox2-8124,-47,1,2412,False,False
1778943728.9794495,management,beacon,d8:d7:75:45:81:24,ff:ff:ff:ff:ff:ff,ff:ff:ff:ff:ff:ff,d8:d7:75:45:81:24,d8:d7:75:45:81:24,FunBox2-8124,-44,1,2412,False,False
1778943729.08185,management,beacon,d8:d7:75:45:81:24,ff:ff:ff:ff:ff:ff,ff:ff:ff:ff:ff:ff,d8:d7:75:45:81:24,d8:d7:75:45:81:24,FunBox2-8124,-44,1,2412,False,False
1778943729.0833282,data,null_data,50:02:91:e8:18:ec,d8:d7:75:45:81:24,d8:d7:75:45:81:24,50:02:91:e8:18:ec,d8:d7:75:45:81:24,,-81,1,2412,False,False
1778943729.0833352,control,ack,,50:02:91:e8:18:ec,50:02:91:e8:18:ec,,,,-47,1,2412,False,False
1778943729.083337,data,null_data,50:02:91:e8:18:ec,d8:d7:75:45:81:24,d8:d7:75:45:81:24,50:02:91:e8:18:ec,d8:d7:75:45:81:24,,-80,1,2412,False,True
1778943729.0833387,control,ack,,50:02:91:e8:18:ec,50:02:91:e8:18:ec,,,,-48,1,2412,False,False
1778943729.0987322,management,beacon,ac:84:c6:41:71:22,ff:ff:ff:ff:ff:ff,ff:ff:ff:ff:ff:ff,ac:84:c6:41:71:22,ac:84:c6:41:71:22,TP-LINK_7122,-89,1,2412,False,False
1778943729.2443314,data,null_data,50:02:91:e8:18:ec,d8:d7:75:45:81:24,d8:d7:75:45:81:24,50:02:91:e8:18:ec,d8:d7:75:45:81:24,,-80,1,2412,False,False
1778943729.2443383,control,ack,,50:02:91:e8:18:ec,50:02:91:e8:18:ec,,,,-47,1,2412,False,False
1778943729.2445445,data,null_data,50:02:91:e8:18:ec,d8:d7:75:45:81:24,d8:d7:75:45:81:24,50:02:91:e8:18:ec,d8:d7:75:45:81:24,,-81,1,2412,False,True
1778943729.244548,control,ack,,50:02:91:e8:18:ec,50:02:91:e8:18:ec,,,,-46,1,2412,False,False
1778943729.2871363,management,beacon,d8:d7:75:45:81:24,ff:ff:ff:ff:ff:ff,ff:ff:ff:ff:ff:ff,d8:d7:75:45:81:24,d8:d7:75:45:81:24,FunBox2-8124,-44,1,2412,False,False
1778943729.3890338,management,beacon,d8:d7:75:45:81:24,ff:ff:ff:ff:ff:ff,ff:ff:ff:ff:ff:ff,d8:d7:75:45:81:24,d8:d7:75:45:81:24,FunBox2-8124,-43,1,2412,False,False
1778943729.4057484,management,beacon,ac:84:c6:41:71:22,ff:ff:ff:ff:ff:ff,ff:ff:ff:ff:ff:ff,ac:84:c6:41:71:22,ac:84:c6:41:71:22,TP-LINK_7122,-88,1,2412,False,False
1778943729.491415,management,beacon,d8:d7:75:45:81:24,ff:ff:ff:ff:ff:ff,ff:ff:ff:ff:ff:ff,d8:d7:75:45:81:24,d8:d7:75:45:81:24,FunBox2-8124,-45,1,2412,False,False
1778943729.5938556,management,beacon,d8:d7:75:45:81:24,ff:ff:ff:ff:ff:ff,ff:ff:ff:ff:ff:ff,d8:d7:75:45:81:24,d8:d7:75:45:81:24,FunBox2-8124,-44,1,2412,False,False
1778943729.6962466,management,beacon,d8:d7:75:45:81:24,ff:ff:ff:ff:ff:ff,ff:ff:ff:ff:ff:ff,d8:d7:75:45:81:24,d8:d7:75:45:81:24,FunBox2-8124,-44,1,2412,False,False
1778943729.7986484,management,beacon,d8:d7:75:45:81:24,ff:ff:ff:ff:ff:ff,ff:ff:ff:ff:ff:ff,d8:d7:75:45:81:24,d8:d7:75:45:81:24,FunBox2-8124,-45,1,2412,False,False
1778943729.9010155,management,beacon,d8:d7:75:45:81:24,ff:ff:ff:ff:ff:ff,ff:ff:ff:ff:ff:ff,d8:d7:75:45:81:24,d8:d7:75:45:81:24,FunBox2-8124,-43,1,2412,False,False
1778943730.0034437,management,beacon,d8:d7:75:45:81:24,ff:ff:ff:ff:ff:ff,ff:ff:ff:ff:ff:ff,d8:d7:75:45:81:24,d8:d7:75:45:81:24,FunBox2-8124,-43,1,2412,False,False
1778943730.0046716,data,data,d8:d7:75:45:81:24,01:00:5e:00:00:01,01:00:5e:00:00:01,d8:d7:75:45:81:24,d8:d7:75:45:81:24,,-44,1,2412,True,False
1778943730.0051544,control,ack,,d8:d7:75:45:81:24,d8:d7:75:45:81:24,,,,-82,1,2412,False,False
1778943730.0051568,data,null_data,50:02:91:e8:18:ec,d8:d7:75:45:81:24,d8:d7:75:45:81:24,50:02:91:e8:18:ec,d8:d7:75:45:81:24,,-80,1,2412,False,False
1778943730.005158,control,ack,,50:02:91:e8:18:ec,50:02:91:e8:18:ec,,,,-45,1,2412,False,False
1778943730.0056038,data,null_data,50:02:91:e8:18:ec,d8:d7:75:45:81:24,d8:d7:75:45:81:24,50:02:91:e8:18:ec,d8:d7:75:45:81:24,,-81,1,2412,False,True
1778943730.0056052,control,ack,,50:02:91:e8:18:ec,50:02:91:e8:18:ec,,,,-46,1,2412,False,False
1778943730.063742,data,data,d8:d7:75:45:81:24,ff:ff:ff:ff:ff:ff,ff:ff:ff:ff:ff:ff,d8:d7:75:45:81:24,d8:d7:75:45:81:24,,-46,1,2412,True,False
1778943730.064054,control,ack,,d8:d7:75:45:81:24,d8:d7:75:45:81:24,,,,-83,1,2412,False,False
1778943730.0653975,data,data,d8:d7:75:45:81:24,ff:ff:ff:ff:ff:ff,ff:ff:ff:ff:ff:ff,d8:d7:75:45:81:24,d8:d7:75:45:81:24,,-45,1,2412,True,False
1778943730.1220925,management,beacon,ac:84:c6:41:71:22,ff:ff:ff:ff:ff:ff,ff:ff:ff:ff:ff:ff,ac:84:c6:41:71:22,ac:84:c6:41:71:22,TP-LINK_7122,-90,1,2412,False,False
1778943730.2082818,management,beacon,d8:d7:75:45:81:24,ff:ff:ff:ff:ff:ff,ff:ff:ff:ff:ff:ff,d8:d7:75:45:81:24,d8:d7:75:45:81:24,FunBox2-8124,-45,1,2412,False,False
1778943730.2244966,data,null_data,50:02:91:e8:18:ec,d8:d7:75:45:81:24,d8:d7:75:45:81:24,50:02:91:e8:18:ec,d8:d7:75:45:81:24,,-81,1,2412,False,False
1778943730.2247624,data,null_data,50:02:91:e8:18:ec,d8:d7:75:45:81:24,d8:d7:75:45:81:24,50:02:91:e8:18:ec,d8:d7:75:45:81:24,,-84,1,2412,False,True
1778943730.2247639,control,ack,,50:02:91:e8:18:ec,50:02:91:e8:18:ec,,,,-46,1,2412,False,False
1778943730.225514,data,null_data,50:02:91:e8:18:ec,d8:d7:75:45:81:24,d8:d7:75:45:81:24,50:02:91:e8:18:ec,d8:d7:75:45:81:24,,-83,1,2412,False,True
1778943730.2255168,control,ack,,50:02:91:e8:18:ec,50:02:91:e8:18:ec,,,,-44,1,2412,False,False
1778943730.3106627,management,beacon,d8:d7:75:45:81:24,ff:ff:ff:ff:ff:ff,ff:ff:ff:ff:ff:ff,d8:d7:75:45:81:24,d8:d7:75:45:81:24,FunBox2-8124,-46,1,2412,False,False
1778943730.413107,management,beacon,d8:d7:75:45:81:24,ff:ff:ff:ff:ff:ff,ff:ff:ff:ff:ff:ff,d8:d7:75:45:81:24,d8:d7:75:45:81:24,FunBox2-8124,-45,1,2412,False,False
1778943730.5154686,management,beacon,d8:d7:75:45:81:24,ff:ff:ff:ff:ff:ff,ff:ff:ff:ff:ff:ff,d8:d7:75:45:81:24,d8:d7:75:45:81:24,FunBox2-8124,-45,1,2412,False,False
1778943730.5314622,management,beacon,ac:84:c6:41:71:22,ff:ff:ff:ff:ff:ff,ff:ff:ff:ff:ff:ff,ac:84:c6:41:71:22,ac:84:c6:41:71:22,TP-LINK_7122,-87,1,2412,False,False
1778943730.7202744,management,beacon,d8:d7:75:45:81:24,ff:ff:ff:ff:ff:ff,ff:ff:ff:ff:ff:ff,d8:d7:75:45:81:24,d8:d7:75:45:81:24,FunBox2-8124,-45,1,2412,False,False
1778943730.8226871,management,beacon,d8:d7:75:45:81:24,ff:ff:ff:ff:ff:ff,ff:ff:ff:ff:ff:ff,d8:d7:75:45:81:24,d8:d7:75:45:81:24,FunBox2-8124,-45,1,2412,False,False
1778943730.9250457,management,beacon,d8:d7:75:45:81:24,ff:ff:ff:ff:ff:ff,ff:ff:ff:ff:ff:ff,d8:d7:75:45:81:24,d8:d7:75:45:81:24,FunBox2-8124,-43,1,2412,False,False
1778943730.9407964,management,beacon,ac:84:c6:41:71:22,ff:ff:ff:ff:ff:ff,ff:ff:ff:ff:ff:ff,ac:84:c6:41:71:22,ac:84:c6:41:71:22,TP-LINK_7122,-90,1,2412,False,False
1778943731.0275111,management,beacon,d8:d7:75:45:81:24,ff:ff:ff:ff:ff:ff,ff:ff:ff:ff:ff:ff,d8:d7:75:45:81:24,d8:d7:75:45:81:24,FunBox2-8124,-43,1,2412,False,False
1778943731.043148,management,beacon,ac:84:c6:41:71:22,ff:ff:ff:ff:ff:ff,ff:ff:ff:ff:ff:ff,ac:84:c6:41:71:22,ac:84:c6:41:71:22,TP-LINK_7122,-91,1,2412,False,False
1778943731.2322612,management,beacon,d8:d7:75:45:81:24,ff:ff:ff:ff:ff:ff,ff:ff:ff:ff:ff:ff,d8:d7:75:45:81:24,d8:d7:75:45:81:24,FunBox2-8124,-44,1,2412,False,False
1778943731.247825,management,beacon,ac:84:c6:41:71:22,ff:ff:ff:ff:ff:ff,ff:ff:ff:ff:ff:ff,ac:84:c6:41:71:22,ac:84:c6:41:71:22,TP-LINK_7122,-90,1,2412,False,False
1778943731.3346837,management,beacon,d8:d7:75:45:81:24,ff:ff:ff:ff:ff:ff,ff:ff:ff:ff:ff:ff,d8:d7:75:45:81:24,d8:d7:75:45:81:24,FunBox2-8124,-45,1,2412,False,False
1778943731.4371371,management,beacon,d8:d7:75:45:81:24,ff:ff:ff:ff:ff:ff,ff:ff:ff:ff:ff:ff,d8:d7:75:45:81:24,d8:d7:75:45:81:24,FunBox2-8124,-46,1,2412,False,False
1778943731.452484,management,beacon,ac:84:c6:41:71:22,ff:ff:ff:ff:ff:ff,ff:ff:ff:ff:ff:ff,ac:84:c6:41:71:22,ac:84:c6:41:71:22,TP-LINK_7122,-89,1,2412,False,False
1778943731.5412748,management,beacon,d8:d7:75:45:81:24,ff:ff:ff:ff:ff:ff,ff:ff:ff:ff:ff:ff,d8:d7:75:45:81:24,d8:d7:75:45:81:24,FunBox2-8124,-44,1,2412,False,False
1778943731.5548468,management,beacon,ac:84:c6:41:71:22,ff:ff:ff:ff:ff:ff,ff:ff:ff:ff:ff:ff,ac:84:c6:41:71:22,ac:84:c6:41:71:22,TP-LINK_7122,-90,1,2412,False,False
1778943731.7443132,management,beacon,d8:d7:75:45:81:24,ff:ff:ff:ff:ff:ff,ff:ff:ff:ff:ff:ff,d8:d7:75:45:81:24,d8:d7:75:45:81:24,FunBox2-8124,-45,1,2412,False,False
1778943731.8467214,management,beacon,d8:d7:75:45:81:24,ff:ff:ff:ff:ff:ff,ff:ff:ff:ff:ff:ff,d8:d7:75:45:81:24,d8:d7:75:45:81:24,FunBox2-8124,-45,1,2412,False,False
1778943731.9491038,management,beacon,d8:d7:75:45:81:24,ff:ff:ff:ff:ff:ff,ff:ff:ff:ff:ff:ff,d8:d7:75:45:81:24,d8:d7:75:45:81:24,FunBox2-8124,-43,1,2412,False,False
1778943731.9502852,data,null_data,50:02:91:e8:18:ec,d8:d7:75:45:81:24,d8:d7:75:45:81:24,50:02:91:e8:18:ec,d8:d7:75:45:81:24,,-82,1,2412,False,False
1778943731.9502897,control,ack,,50:02:91:e8:18:ec,50:02:91:e8:18:ec,,,,-48,1,2412,False,False
1778943732.0515072,management,beacon,d8:d7:75:45:81:24,ff:ff:ff:ff:ff:ff,ff:ff:ff:ff:ff:ff,d8:d7:75:45:81:24,d8:d7:75:45:81:24,FunBox2-8124,-44,1,2412,False,False
1778943732.1111426,data,null_data,50:02:91:e8:18:ec,d8:d7:75:45:81:24,d8:d7:75:45:81:24,50:02:91:e8:18:ec,d8:d7:75:45:81:24,,-80,1,2412,False,False
1778943732.1111505,control,ack,,50:02:91:e8:18:ec,50:02:91:e8:18:ec,,,,-48,1,2412,False,False
1778943732.2563293,management,beacon,d8:d7:75:45:81:24,ff:ff:ff:ff:ff:ff,ff:ff:ff:ff:ff:ff,d8:d7:75:45:81:24,d8:d7:75:45:81:24,FunBox2-8124,-45,1,2412,False,False
1778943732.2712004,management,beacon,ac:84:c6:41:71:22,ff:ff:ff:ff:ff:ff,ff:ff:ff:ff:ff:ff,ac:84:c6:41:71:22,ac:84:c6:41:71:22,TP-LINK_7122,-89,1,2412,False,False
1778943732.3587687,management,beacon,d8:d7:75:45:81:24,ff:ff:ff:ff:ff:ff,ff:ff:ff:ff:ff:ff,d8:d7:75:45:81:24,d8:d7:75:45:81:24,FunBox2-8124,-43,1,2412,False,False
1778943732.461706,management,beacon,d8:d7:75:45:81:24,ff:ff:ff:ff:ff:ff,ff:ff:ff:ff:ff:ff,d8:d7:75:45:81:24,d8:d7:75:45:81:24,FunBox2-8124,-44,1,2412,False,False
1778943732.5635476,management,beacon,d8:d7:75:45:81:24,ff:ff:ff:ff:ff:ff,ff:ff:ff:ff:ff:ff,d8:d7:75:45:81:24,d8:d7:75:45:81:24,FunBox2-8124,-44,1,2412,False,False
1778943732.7683516,management,beacon,d8:d7:75:45:81:24,ff:ff:ff:ff:ff:ff,ff:ff:ff:ff:ff:ff,d8:d7:75:45:81:24,d8:d7:75:45:81:24,FunBox2-8124,-45,1,2412,False,False
1778943732.8707242,management,beacon,d8:d7:75:45:81:24,ff:ff:ff:ff:ff:ff,ff:ff:ff:ff:ff:ff,d8:d7:75:45:81:24,d8:d7:75:45:81:24,FunBox2-8124,-45,1,2412,False,False
1778943732.9731205,management,beacon,d8:d7:75:45:81:24,ff:ff:ff:ff:ff:ff,ff:ff:ff:ff:ff:ff,d8:d7:75:45:81:24,d8:d7:75:45:81:24,FunBox2-8124,-45,1,2412,False,False
1778943732.987545,management,beacon,ac:84:c6:41:71:22,ff:ff:ff:ff:ff:ff,ff:ff:ff:ff:ff:ff,ac:84:c6:41:71:22,ac:84:c6:41:71:22,TP-LINK_7122,-90,1,2412,False,False
1778943733.0898848,management,beacon,ac:84:c6:41:71:22,ff:ff:ff:ff:ff:ff,ff:ff:ff:ff:ff:ff,ac:84:c6:41:71:22,ac:84:c6:41:71:22,TP-LINK_7122,-91,1,2412,False,False
1778943733.2803326,management,beacon,d8:d7:75:45:81:24,ff:ff:ff:ff:ff:ff,ff:ff:ff:ff:ff:ff,d8:d7:75:45:81:24,d8:d7:75:45:81:24,FunBox2-8124,-45,1,2412,False,False
1778943733.2945797,management,beacon,ac:84:c6:41:71:22,ff:ff:ff:ff:ff:ff,ff:ff:ff:ff:ff:ff,ac:84:c6:41:71:22,ac:84:c6:41:71:22,TP-LINK_7122,-89,1,2412,False,False
1778943733.3827975,management,beacon,d8:d7:75:45:81:24,ff:ff:ff:ff:ff:ff,ff:ff:ff:ff:ff:ff,d8:d7:75:45:81:24,d8:d7:75:45:81:24,FunBox2-8124,-45,1,2412,False,False
1778943733.3844106,data,data,d8:d7:75:45:81:24,01:00:5e:00:00:fb,01:00:5e:00:00:fb,d8:d7:75:45:81:24,e6:12:a8:93:5a:78,,-44,1,2412,True,False
1778943733.3849077,control,ack,,d8:d7:75:45:81:24,d8:d7:75:45:81:24,,,,-83,1,2412,False,False
1778943733.38491,data,null_data,50:02:91:e8:18:ec,d8:d7:75:45:81:24,d8:d7:75:45:81:24,50:02:91:e8:18:ec,d8:d7:75:45:81:24,,-83,1,2412,False,False
1778943733.3849115,control,ack,,50:02:91:e8:18:ec,50:02:91:e8:18:ec,,,,-47,1,2412,False,False
1778943733.3866801,data,data,d8:d7:75:45:81:24,33:33:00:00:00:fb,33:33:00:00:00:fb,d8:d7:75:45:81:24,e6:12:a8:93:5a:78,,-45,1,2412,True,False
1778943733.3869922,control,ack,,d8:d7:75:45:81:24,d8:d7:75:45:81:24,,,,-82,1,2412,False,False
1778943733.3874013,control,ack,,50:02:91:e8:18:ec,50:02:91:e8:18:ec,,,,-48,1,2412,False,False
1778943733.4851406,management,beacon,d8:d7:75:45:81:24,ff:ff:ff:ff:ff:ff,ff:ff:ff:ff:ff:ff,d8:d7:75:45:81:24,d8:d7:75:45:81:24,FunBox2-8124,-44,1,2412,False,False
1778943733.54831,data,null_data,50:02:91:e8:18:ec,d8:d7:75:45:81:24,d8:d7:75:45:81:24,50:02:91:e8:18:ec,d8:d7:75:45:81:24,,-81,1,2412,False,False
1778943733.5483203,control,ack,,50:02:91:e8:18:ec,50:02:91:e8:18:ec,,,,-48,1,2412,False,False
1778943733.5876012,management,beacon,d8:d7:75:45:81:24,ff:ff:ff:ff:ff:ff,ff:ff:ff:ff:ff:ff,d8:d7:75:45:81:24,d8:d7:75:45:81:24,FunBox2-8124,-43,1,2412,False,False
1778943733.792374,management,beacon,d8:d7:75:45:81:24,ff:ff:ff:ff:ff:ff,ff:ff:ff:ff:ff:ff,d8:d7:75:45:81:24,d8:d7:75:45:81:24,FunBox2-8124,-44,1,2412,False,False
1778943733.8948054,management,beacon,d8:d7:75:45:81:24,ff:ff:ff:ff:ff:ff,ff:ff:ff:ff:ff:ff,d8:d7:75:45:81:24,d8:d7:75:45:81:24,FunBox2-8124,-44,1,2412,False,False
1778943733.908582,management,beacon,ac:84:c6:41:71:22,ff:ff:ff:ff:ff:ff,ff:ff:ff:ff:ff:ff,ac:84:c6:41:71:22,ac:84:c6:41:71:22,TP-LINK_7122,-87,1,2412,False,False
1778943733.9971585,management,beacon,d8:d7:75:45:81:24,ff:ff:ff:ff:ff:ff,ff:ff:ff:ff:ff:ff,d8:d7:75:45:81:24,d8:d7:75:45:81:24,FunBox2-8124,-43,1,2412,False,False
1778943734.0996103,management,beacon,d8:d7:75:45:81:24,ff:ff:ff:ff:ff:ff,ff:ff:ff:ff:ff:ff,d8:d7:75:45:81:24,d8:d7:75:45:81:24,FunBox2-8124,-44,1,2412,False,False
1778943734.113259,management,beacon,ac:84:c6:41:71:22,ff:ff:ff:ff:ff:ff,ff:ff:ff:ff:ff:ff,ac:84:c6:41:71:22,ac:84:c6:41:71:22,TP-LINK_7122,-88,1,2412,False,False
1778943734.3044357,management,beacon,d8:d7:75:45:81:24,ff:ff:ff:ff:ff:ff,ff:ff:ff:ff:ff:ff,d8:d7:75:45:81:24,d8:d7:75:45:81:24,FunBox2-8124,-44,1,2412,False,False
1778943734.305584,data,null_data,50:02:91:e8:18:ec,d8:d7:75:45:81:24,d8:d7:75:45:81:24,50:02:91:e8:18:ec,d8:d7:75:45:81:24,,-81,1,2412,False,False
1778943734.3061244,data,null_data,50:02:91:e8:18:ec,d8:d7:75:45:81:24,d8:d7:75:45:81:24,50:02:91:e8:18:ec,d8:d7:75:45:81:24,,-81,1,2412,False,True
1778943734.3061264,control,ack,,50:02:91:e8:18:ec,50:02:91:e8:18:ec,,,,-48,1,2412,False,False
1778943734.306782,management,action,d8:d7:75:45:81:24,50:02:91:e8:18:ec,50:02:91:e8:18:ec,d8:d7:75:45:81:24,d8:d7:75:45:81:24,,-44,1,2412,False,False
1778943734.3071022,control,ack,,d8:d7:75:45:81:24,d8:d7:75:45:81:24,,,,-82,1,2412,False,False
1778943734.3075092,management,action,50:02:91:e8:18:ec,d8:d7:75:45:81:24,d8:d7:75:45:81:24,50:02:91:e8:18:ec,d8:d7:75:45:81:24,,-81,1,2412,False,False
1778943734.307512,control,ack,,50:02:91:e8:18:ec,50:02:91:e8:18:ec,,,,-46,1,2412,False,False
1778943734.4068062,management,beacon,d8:d7:75:45:81:24,ff:ff:ff:ff:ff:ff,ff:ff:ff:ff:ff:ff,d8:d7:75:45:81:24,d8:d7:75:45:81:24,FunBox2-8124,-44,1,2412,False,False
1778943734.4683008,data,null_data,50:02:91:e8:18:ec,d8:d7:75:45:81:24,d8:d7:75:45:81:24,50:02:91:e8:18:ec,d8:d7:75:45:81:24,,-80,1,2412,False,False
1778943734.468313,control,ack,,50:02:91:e8:18:ec,50:02:91:e8:18:ec,,,,-48,1,2412,False,False
1778943734.4757526,management,probe_request,be:37:d8:1b:5f:21,ff:ff:ff:ff:ff:ff,ff:ff:ff:ff:ff:ff,be:37:d8:1b:5f:21,ff:ff:ff:ff:ff:ff,<hidden>,-29,1,2412,False,False
1778943734.4789863,management,probe_response,d8:d7:75:45:81:24,be:37:d8:1b:5f:21,be:37:d8:1b:5f:21,d8:d7:75:45:81:24,d8:d7:75:45:81:24,FunBox2-8124,-46,1,2412,False,False
1778943734.4793184,control,ack,,d8:d7:75:45:81:24,d8:d7:75:45:81:24,,,,-29,1,2412,False,False
1778943734.5091927,management,beacon,d8:d7:75:45:81:24,ff:ff:ff:ff:ff:ff,ff:ff:ff:ff:ff:ff,d8:d7:75:45:81:24,d8:d7:75:45:81:24,FunBox2-8124,-46,1,2412,False,False
1778943734.5419698,management,probe_request,be:37:d8:1b:5f:21,ff:ff:ff:ff:ff:ff,ff:ff:ff:ff:ff:ff,be:37:d8:1b:5f:21,ff:ff:ff:ff:ff:ff,<hidden>,-28,1,2412,False,False
1778943734.6116147,management,beacon,d8:d7:75:45:81:24,ff:ff:ff:ff:ff:ff,ff:ff:ff:ff:ff:ff,d8:d7:75:45:81:24,d8:d7:75:45:81:24,FunBox2-8124,-43,1,2412,False,False
1778943734.6710632,management,probe_response,d8:d7:75:45:81:24,be:37:d8:1b:5f:21,be:37:d8:1b:5f:21,d8:d7:75:45:81:24,d8:d7:75:45:81:24,FunBox2-8124,-44,1,2412,False,False
1778943734.6751204,management,probe_response,d8:d7:75:45:81:24,be:37:d8:1b:5f:21,be:37:d8:1b:5f:21,d8:d7:75:45:81:24,d8:d7:75:45:81:24,FunBox2-8124,-43,1,2412,False,True
1778943734.6879687,management,probe_response,d8:d7:75:45:81:24,be:37:d8:1b:5f:21,be:37:d8:1b:5f:21,d8:d7:75:45:81:24,d8:d7:75:45:81:24,FunBox2-8124,-44,1,2412,False,True
1778943734.795796,management,probe_request,be:37:d8:1b:5f:21,ff:ff:ff:ff:ff:ff,ff:ff:ff:ff:ff:ff,be:37:d8:1b:5f:21,ff:ff:ff:ff:ff:ff,<hidden>,-69,1,2412,False,False
1778943734.816432,management,beacon,d8:d7:75:45:81:24,ff:ff:ff:ff:ff:ff,ff:ff:ff:ff:ff:ff,d8:d7:75:45:81:24,d8:d7:75:45:81:24,FunBox2-8124,-46,1,2412,False,False
1778943734.9188206,management,beacon,d8:d7:75:45:81:24,ff:ff:ff:ff:ff:ff,ff:ff:ff:ff:ff:ff,d8:d7:75:45:81:24,d8:d7:75:45:81:24,FunBox2-8124,-45,1,2412,False,False
1778943735.0212176,management,beacon,d8:d7:75:45:81:24,ff:ff:ff:ff:ff:ff,ff:ff:ff:ff:ff:ff,d8:d7:75:45:81:24,d8:d7:75:45:81:24,FunBox2-8124,-44,1,2412,False,False
1778943735.1236558,management,beacon,d8:d7:75:45:81:24,ff:ff:ff:ff:ff:ff,ff:ff:ff:ff:ff:ff,d8:d7:75:45:81:24,d8:d7:75:45:81:24,FunBox2-8124,-44,1,2412,False,False
1778943735.3284752,management,beacon,d8:d7:75:45:81:24,ff:ff:ff:ff:ff:ff,ff:ff:ff:ff:ff:ff,d8:d7:75:45:81:24,d8:d7:75:45:81:24,FunBox2-8124,-47,1,2412,False,False
1778943735.430839,management,beacon,d8:d7:75:45:81:24,ff:ff:ff:ff:ff:ff,ff:ff:ff:ff:ff:ff,d8:d7:75:45:81:24,d8:d7:75:45:81:24,FunBox2-8124,-43,1,2412,False,False
1778943735.53327,management,beacon,d8:d7:75:45:81:24,ff:ff:ff:ff:ff:ff,ff:ff:ff:ff:ff:ff,d8:d7:75:45:81:24,d8:d7:75:45:81:24,FunBox2-8124,-45,1,2412,False,False
1778943735.6356785,management,beacon,d8:d7:75:45:81:24,ff:ff:ff:ff:ff:ff,ff:ff:ff:ff:ff:ff,d8:d7:75:45:81:24,d8:d7:75:45:81:24,FunBox2-8124,-45,1,2412,False,False
1778943735.738045,management,beacon,d8:d7:75:45:81:24,ff:ff:ff:ff:ff:ff,ff:ff:ff:ff:ff:ff,d8:d7:75:45:81:24,d8:d7:75:45:81:24,FunBox2-8124,-43,1,2412,False,False
1778943735.8404858,management,beacon,d8:d7:75:45:81:24,ff:ff:ff:ff:ff:ff,ff:ff:ff:ff:ff:ff,d8:d7:75:45:81:24,d8:d7:75:45:81:24,FunBox2-8124,-44,1,2412,False,False
1778943735.9428875,management,beacon,d8:d7:75:45:81:24,ff:ff:ff:ff:ff:ff,ff:ff:ff:ff:ff:ff,d8:d7:75:45:81:24,d8:d7:75:45:81:24,FunBox2-8124,-45,1,2412,False,False
1778943736.045276,management,beacon,d8:d7:75:45:81:24,ff:ff:ff:ff:ff:ff,ff:ff:ff:ff:ff:ff,d8:d7:75:45:81:24,d8:d7:75:45:81:24,FunBox2-8124,-44,1,2412,False,False
1778943736.1477115,management,beacon,d8:d7:75:45:81:24,ff:ff:ff:ff:ff:ff,ff:ff:ff:ff:ff:ff,d8:d7:75:45:81:24,d8:d7:75:45:81:24,FunBox2-8124,-44,1,2412,False,False
1778943736.2501016,management,beacon,d8:d7:75:45:81:24,ff:ff:ff:ff:ff:ff,ff:ff:ff:ff:ff:ff,d8:d7:75:45:81:24,d8:d7:75:45:81:24,FunBox2-8124,-44,1,2412,False,False
1778943736.3524616,management,beacon,d8:d7:75:45:81:24,ff:ff:ff:ff:ff:ff,ff:ff:ff:ff:ff:ff,d8:d7:75:45:81:24,d8:d7:75:45:81:24,FunBox2-8124,-45,1,2412,False,False
1778943736.4548671,management,beacon,d8:d7:75:45:81:24,ff:ff:ff:ff:ff:ff,ff:ff:ff:ff:ff:ff,d8:d7:75:45:81:24,d8:d7:75:45:81:24,FunBox2-8124,-45,1,2412,False,False
1778943736.4560614,data,null_data,50:02:91:e8:18:ec,d8:d7:75:45:81:24,d8:d7:75:45:81:24,50:02:91:e8:18:ec,d8:d7:75:45:81:24,,-80,1,2412,False,False
1778943736.45624,data,null_data,50:02:91:e8:18:ec,d8:d7:75:45:81:24,d8:d7:75:45:81:24,50:02:91:e8:18:ec,d8:d7:75:45:81:24,,-82,1,2412,False,True
1778943736.4565947,data,null_data,50:02:91:e8:18:ec,d8:d7:75:45:81:24,d8:d7:75:45:81:24,50:02:91:e8:18:ec,d8:d7:75:45:81:24,,-83,1,2412,False,True
1778943736.4569762,data,null_data,50:02:91:e8:18:ec,d8:d7:75:45:81:24,d8:d7:75:45:81:24,50:02:91:e8:18:ec,d8:d7:75:45:81:24,,-82,1,2412,False,True
1778943736.4575722,data,null_data,50:02:91:e8:18:ec,d8:d7:75:45:81:24,d8:d7:75:45:81:24,50:02:91:e8:18:ec,d8:d7:75:45:81:24,,-83,1,2412,False,True
1778943736.458141,data,null_data,50:02:91:e8:18:ec,d8:d7:75:45:81:24,d8:d7:75:45:81:24,50:02:91:e8:18:ec,d8:d7:75:45:81:24,,-83,1,2412,False,True
1778943736.4584575,control,ack,,50:02:91:e8:18:ec,50:02:91:e8:18:ec,,,,-44,1,2412,False,False
1778943736.6195037,data,null_data,50:02:91:e8:18:ec,d8:d7:75:45:81:24,d8:d7:75:45:81:24,50:02:91:e8:18:ec,d8:d7:75:45:81:24,,-80,1,2412,False,False
1778943736.619517,control,ack,,50:02:91:e8:18:ec,50:02:91:e8:18:ec,,,,-48,1,2412,False,False
1778943736.6597319,management,beacon,d8:d7:75:45:81:24,ff:ff:ff:ff:ff:ff,ff:ff:ff:ff:ff:ff,d8:d7:75:45:81:24,d8:d7:75:45:81:24,FunBox2-8124,-45,1,2412,False,False
1778943736.7621164,management,beacon,d8:d7:75:45:81:24,ff:ff:ff:ff:ff:ff,ff:ff:ff:ff:ff:ff,d8:d7:75:45:81:24,d8:d7:75:45:81:24,FunBox2-8124,-45,1,2412,False,False
1778943736.7740383,management,beacon,ac:84:c6:41:71:22,ff:ff:ff:ff:ff:ff,ff:ff:ff:ff:ff:ff,ac:84:c6:41:71:22,ac:84:c6:41:71:22,TP-LINK_7122,-90,1,2412,False,False
1778943736.8645294,management,beacon,d8:d7:75:45:81:24,ff:ff:ff:ff:ff:ff,ff:ff:ff:ff:ff:ff,d8:d7:75:45:81:24,d8:d7:75:45:81:24,FunBox2-8124,-45,1,2412,False,False
1778943736.9691143,management,beacon,d8:d7:75:45:81:24,ff:ff:ff:ff:ff:ff,ff:ff:ff:ff:ff:ff,d8:d7:75:45:81:24,d8:d7:75:45:81:24,FunBox2-8124,-44,1,2412,False,False
1778943736.9787133,management,beacon,ac:84:c6:41:71:22,ff:ff:ff:ff:ff:ff,ff:ff:ff:ff:ff:ff,ac:84:c6:41:71:22,ac:84:c6:41:71:22,TP-LINK_7122,-86,1,2412,False,False
1778943737.0692837,management,beacon,d8:d7:75:45:81:24,ff:ff:ff:ff:ff:ff,ff:ff:ff:ff:ff:ff,d8:d7:75:45:81:24,d8:d7:75:45:81:24,FunBox2-8124,-45,1,2412,False,False
1778943737.1717026,management,beacon,d8:d7:75:45:81:24,ff:ff:ff:ff:ff:ff,ff:ff:ff:ff:ff:ff,d8:d7:75:45:81:24,d8:d7:75:45:81:24,FunBox2-8124,-46,1,2412,False,False
1778943737.183413,management,beacon,ac:84:c6:41:71:22,ff:ff:ff:ff:ff:ff,ff:ff:ff:ff:ff:ff,ac:84:c6:41:71:22,ac:84:c6:41:71:22,TP-LINK_7122,-89,1,2412,False,False
1778943737.274146,management,beacon,d8:d7:75:45:81:24,ff:ff:ff:ff:ff:ff,ff:ff:ff:ff:ff:ff,d8:d7:75:45:81:24,d8:d7:75:45:81:24,FunBox2-8124,-45,1,2412,False,False
1778943737.3765426,management,beacon,d8:d7:75:45:81:24,ff:ff:ff:ff:ff:ff,ff:ff:ff:ff:ff:ff,d8:d7:75:45:81:24,d8:d7:75:45:81:24,FunBox2-8124,-44,1,2412,False,False
1778943737.4789014,management,beacon,d8:d7:75:45:81:24,ff:ff:ff:ff:ff:ff,ff:ff:ff:ff:ff:ff,d8:d7:75:45:81:24,d8:d7:75:45:81:24,FunBox2-8124,-44,1,2412,False,False
1778943737.581341,management,beacon,d8:d7:75:45:81:24,ff:ff:ff:ff:ff:ff,ff:ff:ff:ff:ff:ff,d8:d7:75:45:81:24,d8:d7:75:45:81:24,FunBox2-8124,-44,1,2412,False,False
1778943737.683792,management,beacon,d8:d7:75:45:81:24,ff:ff:ff:ff:ff:ff,ff:ff:ff:ff:ff:ff,d8:d7:75:45:81:24,d8:d7:75:45:81:24,FunBox2-8124,-44,1,2412,False,False
1778943737.7861295,management,beacon,d8:d7:75:45:81:24,ff:ff:ff:ff:ff:ff,ff:ff:ff:ff:ff:ff,d8:d7:75:45:81:24,d8:d7:75:45:81:24,FunBox2-8124,-44,1,2412,False,False
1778943737.8891523,management,beacon,d8:d7:75:45:81:24,ff:ff:ff:ff:ff:ff,ff:ff:ff:ff:ff:ff,d8:d7:75:45:81:24,d8:d7:75:45:81:24,FunBox2-8124,-43,1,2412,False,False
1778943737.9909408,management,beacon,d8:d7:75:45:81:24,ff:ff:ff:ff:ff:ff,ff:ff:ff:ff:ff:ff,d8:d7:75:45:81:24,d8:d7:75:45:81:24,FunBox2-8124,-43,1,2412,False,False
1778943737.9921308,control,ack,,50:02:91:e8:18:ec,50:02:91:e8:18:ec,,,,-46,1,2412,False,False
1778943738.0933223,management,beacon,d8:d7:75:45:81:24,ff:ff:ff:ff:ff:ff,ff:ff:ff:ff:ff:ff,d8:d7:75:45:81:24,d8:d7:75:45:81:24,FunBox2-8124,-44,1,2412,False,False
1778943738.1532817,data,null_data,50:02:91:e8:18:ec,d8:d7:75:45:81:24,d8:d7:75:45:81:24,50:02:91:e8:18:ec,d8:d7:75:45:81:24,,-81,1,2412,False,False
1778943738.1532955,control,ack,,50:02:91:e8:18:ec,50:02:91:e8:18:ec,,,,-47,1,2412,False,False
1778943738.1957366,management,beacon,d8:d7:75:45:81:24,ff:ff:ff:ff:ff:ff,ff:ff:ff:ff:ff:ff,d8:d7:75:45:81:24,d8:d7:75:45:81:24,FunBox2-8124,-44,1,2412,False,False
1778943738.2067864,management,beacon,ac:84:c6:41:71:22,ff:ff:ff:ff:ff:ff,ff:ff:ff:ff:ff:ff,ac:84:c6:41:71:22,ac:84:c6:41:71:22,TP-LINK_7122,-89,1,2412,False,False
1778943738.2981265,management,beacon,d8:d7:75:45:81:24,ff:ff:ff:ff:ff:ff,ff:ff:ff:ff:ff:ff,d8:d7:75:45:81:24,d8:d7:75:45:81:24,FunBox2-8124,-44,1,2412,False,False
1778943738.4005387,management,beacon,d8:d7:75:45:81:24,ff:ff:ff:ff:ff:ff,ff:ff:ff:ff:ff:ff,d8:d7:75:45:81:24,d8:d7:75:45:81:24,FunBox2-8124,-43,1,2412,False,False
1778943738.4114604,management,beacon,ac:84:c6:41:71:22,ff:ff:ff:ff:ff:ff,ff:ff:ff:ff:ff:ff,ac:84:c6:41:71:22,ac:84:c6:41:71:22,TP-LINK_7122,-89,1,2412,False,False
1778943738.5029607,management,beacon,d8:d7:75:45:81:24,ff:ff:ff:ff:ff:ff,ff:ff:ff:ff:ff:ff,d8:d7:75:45:81:24,d8:d7:75:45:81:24,FunBox2-8124,-44,1,2412,False,False
1778943738.6053662,management,beacon,d8:d7:75:45:81:24,ff:ff:ff:ff:ff:ff,ff:ff:ff:ff:ff:ff,d8:d7:75:45:81:24,d8:d7:75:45:81:24,FunBox2-8124,-45,1,2412,False,False
1778943738.7077558,management,beacon,d8:d7:75:45:81:24,ff:ff:ff:ff:ff:ff,ff:ff:ff:ff:ff:ff,d8:d7:75:45:81:24,d8:d7:75:45:81:24,FunBox2-8124,-48,1,2412,False,False
1778943738.7132971,data,null_data,50:02:91:e8:18:ec,d8:d7:75:45:81:24,d8:d7:75:45:81:24,50:02:91:e8:18:ec,d8:d7:75:45:81:24,,-81,1,2412,False,False
1778943738.7133048,control,ack,,50:02:91:e8:18:ec,50:02:91:e8:18:ec,,,,-46,1,2412,False,False
1778943738.810189,management,beacon,d8:d7:75:45:81:24,ff:ff:ff:ff:ff:ff,ff:ff:ff:ff:ff:ff,d8:d7:75:45:81:24,d8:d7:75:45:81:24,FunBox2-8124,-44,1,2412,False,False
1778943738.874149,data,null_data,50:02:91:e8:18:ec,d8:d7:75:45:81:24,d8:d7:75:45:81:24,50:02:91:e8:18:ec,d8:d7:75:45:81:24,,-81,1,2412,False,False
1778943738.8741572,control,ack,,50:02:91:e8:18:ec,50:02:91:e8:18:ec,,,,-48,1,2412,False,False
1778943738.9126158,management,beacon,d8:d7:75:45:81:24,ff:ff:ff:ff:ff:ff,ff:ff:ff:ff:ff:ff,d8:d7:75:45:81:24,d8:d7:75:45:81:24,FunBox2-8124,-44,1,2412,False,False
1778943739.015018,management,beacon,d8:d7:75:45:81:24,ff:ff:ff:ff:ff:ff,ff:ff:ff:ff:ff:ff,d8:d7:75:45:81:24,d8:d7:75:45:81:24,FunBox2-8124,-46,1,2412,False,False
1778943739.0254679,management,beacon,ac:84:c6:41:71:22,ff:ff:ff:ff:ff:ff,ff:ff:ff:ff:ff:ff,ac:84:c6:41:71:22,ac:84:c6:41:71:22,TP-LINK_7122,-86,1,2412,False,False
1778943739.1174223,management,beacon,d8:d7:75:45:81:24,ff:ff:ff:ff:ff:ff,ff:ff:ff:ff:ff:ff,d8:d7:75:45:81:24,d8:d7:75:45:81:24,FunBox2-8124,-46,1,2412,False,False
1778943739.127816,management,beacon,ac:84:c6:41:71:22,ff:ff:ff:ff:ff:ff,ff:ff:ff:ff:ff:ff,ac:84:c6:41:71:22,ac:84:c6:41:71:22,TP-LINK_7122,-86,1,2412,False,False
1778943739.2197938,management,beacon,d8:d7:75:45:81:24,ff:ff:ff:ff:ff:ff,ff:ff:ff:ff:ff:ff,d8:d7:75:45:81:24,d8:d7:75:45:81:24,FunBox2-8124,-46,1,2412,False,False
1778943739.322227,management,beacon,d8:d7:75:45:81:24,ff:ff:ff:ff:ff:ff,ff:ff:ff:ff:ff:ff,d8:d7:75:45:81:24,d8:d7:75:45:81:24,FunBox2-8124,-43,1,2412,False,False
1778943739.4246345,management,beacon,d8:d7:75:45:81:24,ff:ff:ff:ff:ff:ff,ff:ff:ff:ff:ff:ff,d8:d7:75:45:81:24,d8:d7:75:45:81:24,FunBox2-8124,-45,1,2412,False,False
1778943739.5269928,management,beacon,d8:d7:75:45:81:24,ff:ff:ff:ff:ff:ff,ff:ff:ff:ff:ff:ff,d8:d7:75:45:81:24,d8:d7:75:45:81:24,FunBox2-8124,-44,1,2412,False,False
1778943739.5635707,control,rts,54:35:30:cf:ee:1e,d8:d7:75:45:81:24,d8:d7:75:45:81:24,54:35:30:cf:ee:1e,,,-60,1,2412,False,False
1778943739.5635839,control,cts,,54:35:30:cf:ee:1e,54:35:30:cf:ee:1e,,,,-48,1,2412,False,False
1778943739.5635884,data,qos_data,54:35:30:cf:ee:1e,d8:d7:75:45:81:24,d8:d7:75:45:81:24,54:35:30:cf:ee:1e,01:00:5e:7f:ff:fa,,-60,1,2412,True,False
1778943739.5635939,control,block_ack,d8:d7:75:45:81:24,54:35:30:cf:ee:1e,54:35:30:cf:ee:1e,d8:d7:75:45:81:24,,,-46,1,2412,False,False
1778943739.6295745,management,beacon,d8:d7:75:45:81:24,ff:ff:ff:ff:ff:ff,ff:ff:ff:ff:ff:ff,d8:d7:75:45:81:24,d8:d7:75:45:81:24,FunBox2-8124,-43,1,2412,False,False
1778943739.6295872,data,null_data,50:02:91:e8:18:ec,d8:d7:75:45:81:24,d8:d7:75:45:81:24,50:02:91:e8:18:ec,d8:d7:75:45:81:24,,-81,1,2412,False,False
1778943739.6295903,control,ack,,50:02:91:e8:18:ec,50:02:91:e8:18:ec,,,,-48,1,2412,False,False
1778943739.6394963,management,beacon,ac:84:c6:41:71:22,ff:ff:ff:ff:ff:ff,ff:ff:ff:ff:ff:ff,ac:84:c6:41:71:22,ac:84:c6:41:71:22,TP-LINK_7122,-89,1,2412,False,False
1778943739.7318058,management,beacon,d8:d7:75:45:81:24,ff:ff:ff:ff:ff:ff,ff:ff:ff:ff:ff:ff,d8:d7:75:45:81:24,d8:d7:75:45:81:24,FunBox2-8124,-43,1,2412,False,False
1778943739.7910216,data,null_data,50:02:91:e8:18:ec,d8:d7:75:45:81:24,d8:d7:75:45:81:24,50:02:91:e8:18:ec,d8:d7:75:45:81:24,,-80,1,2412,False,False
1778943739.7910357,control,ack,,50:02:91:e8:18:ec,50:02:91:e8:18:ec,,,,-46,1,2412,False,False
1778943739.834195,management,beacon,d8:d7:75:45:81:24,ff:ff:ff:ff:ff:ff,ff:ff:ff:ff:ff:ff,d8:d7:75:45:81:24,d8:d7:75:45:81:24,FunBox2-8124,-44,1,2412,False,False
1778943739.8352652,data,data,d8:d7:75:45:81:24,01:00:5e:7f:ff:fa,01:00:5e:7f:ff:fa,d8:d7:75:45:81:24,54:35:30:cf:ee:1e,,-44,1,2412,True,False
1778943739.8357625,control,ack,,d8:d7:75:45:81:24,d8:d7:75:45:81:24,,,,-80,1,2412,False,False
1778943739.8357651,data,null_data,50:02:91:e8:18:ec,d8:d7:75:45:81:24,d8:d7:75:45:81:24,50:02:91:e8:18:ec,d8:d7:75:45:81:24,,-80,1,2412,False,False
1778943739.835768,control,ack,,50:02:91:e8:18:ec,50:02:91:e8:18:ec,,,,-47,1,2412,False,False
1778943739.8441656,management,beacon,ac:84:c6:41:71:22,ff:ff:ff:ff:ff:ff,ff:ff:ff:ff:ff:ff,ac:84:c6:41:71:22,ac:84:c6:41:71:22,TP-LINK_7122,-86,1,2412,False,False
1778943739.9366171,management,beacon,d8:d7:75:45:81:24,ff:ff:ff:ff:ff:ff,ff:ff:ff:ff:ff:ff,d8:d7:75:45:81:24,d8:d7:75:45:81:24,FunBox2-8124,-44,1,2412,False,False
1778943739.9966607,data,null_data,50:02:91:e8:18:ec,d8:d7:75:45:81:24,d8:d7:75:45:81:24,50:02:91:e8:18:ec,d8:d7:75:45:81:24,,-81,1,2412,False,False
1778943739.9966679,control,ack,,50:02:91:e8:18:ec,50:02:91:e8:18:ec,,,,-47,1,2412,False,False
1778943740.0390189,management,beacon,d8:d7:75:45:81:24,ff:ff:ff:ff:ff:ff,ff:ff:ff:ff:ff:ff,d8:d7:75:45:81:24,d8:d7:75:45:81:24,FunBox2-8124,-44,1,2412,False,False
1778943740.1414242,management,beacon,d8:d7:75:45:81:24,ff:ff:ff:ff:ff:ff,ff:ff:ff:ff:ff:ff,d8:d7:75:45:81:24,d8:d7:75:45:81:24,FunBox2-8124,-46,1,2412,False,False
1778943740.2438002,management,beacon,d8:d7:75:45:81:24,ff:ff:ff:ff:ff:ff,ff:ff:ff:ff:ff:ff,d8:d7:75:45:81:24,d8:d7:75:45:81:24,FunBox2-8124,-44,1,2412,False,False
1778943740.3462079,management,beacon,d8:d7:75:45:81:24,ff:ff:ff:ff:ff:ff,ff:ff:ff:ff:ff:ff,d8:d7:75:45:81:24,d8:d7:75:45:81:24,FunBox2-8124,-43,1,2412,False,False
1778943740.448605,management,beacon,d8:d7:75:45:81:24,ff:ff:ff:ff:ff:ff,ff:ff:ff:ff:ff:ff,d8:d7:75:45:81:24,d8:d7:75:45:81:24,FunBox2-8124,-45,1,2412,False,False
1778943740.5510268,management,beacon,d8:d7:75:45:81:24,ff:ff:ff:ff:ff:ff,ff:ff:ff:ff:ff:ff,d8:d7:75:45:81:24,d8:d7:75:45:81:24,FunBox2-8124,-43,1,2412,False,False
1778943740.560537,management,beacon,ac:84:c6:41:71:22,ff:ff:ff:ff:ff:ff,ff:ff:ff:ff:ff:ff,ac:84:c6:41:71:22,ac:84:c6:41:71:22,TP-LINK_7122,-87,1,2412,False,False
1778943740.6534698,management,beacon,d8:d7:75:45:81:24,ff:ff:ff:ff:ff:ff,ff:ff:ff:ff:ff:ff,d8:d7:75:45:81:24,d8:d7:75:45:81:24,FunBox2-8124,-46,1,2412,False,False
1778943740.7558038,management,beacon,d8:d7:75:45:81:24,ff:ff:ff:ff:ff:ff,ff:ff:ff:ff:ff:ff,d8:d7:75:45:81:24,d8:d7:75:45:81:24,FunBox2-8124,-43,1,2412,False,False
1778943740.8582325,management,beacon,d8:d7:75:45:81:24,ff:ff:ff:ff:ff:ff,ff:ff:ff:ff:ff:ff,d8:d7:75:45:81:24,d8:d7:75:45:81:24,FunBox2-8124,-43,1,2412,False,False
1778943740.867574,management,beacon,ac:84:c6:41:71:22,ff:ff:ff:ff:ff:ff,ff:ff:ff:ff:ff:ff,ac:84:c6:41:71:22,ac:84:c6:41:71:22,TP-LINK_7122,-90,1,2412,False,False
1778943740.9606304,management,beacon,d8:d7:75:45:81:24,ff:ff:ff:ff:ff:ff,ff:ff:ff:ff:ff:ff,d8:d7:75:45:81:24,d8:d7:75:45:81:24,FunBox2-8124,-44,1,2412,False,False
1778943741.063044,management,beacon,d8:d7:75:45:81:24,ff:ff:ff:ff:ff:ff,ff:ff:ff:ff:ff:ff,d8:d7:75:45:81:24,d8:d7:75:45:81:24,FunBox2-8124,-45,1,2412,False,False
1778943741.165477,management,beacon,d8:d7:75:45:81:24,ff:ff:ff:ff:ff:ff,ff:ff:ff:ff:ff:ff,d8:d7:75:45:81:24,d8:d7:75:45:81:24,FunBox2-8124,-43,1,2412,False,False
1778943741.2678332,management,beacon,d8:d7:75:45:81:24,ff:ff:ff:ff:ff:ff,ff:ff:ff:ff:ff:ff,d8:d7:75:45:81:24,d8:d7:75:45:81:24,FunBox2-8124,-45,1,2412,False,False
1778943741.2768888,management,beacon,ac:84:c6:41:71:22,ff:ff:ff:ff:ff:ff,ff:ff:ff:ff:ff:ff,ac:84:c6:41:71:22,ac:84:c6:41:71:22,TP-LINK_7122,-92,1,2412,False,False
1778943741.3702517,management,beacon,d8:d7:75:45:81:24,ff:ff:ff:ff:ff:ff,ff:ff:ff:ff:ff:ff,d8:d7:75:45:81:24,d8:d7:75:45:81:24,FunBox2-8124,-46,1,2412,False,False
1778943741.3792357,management,beacon,ac:84:c6:41:71:22,ff:ff:ff:ff:ff:ff,ff:ff:ff:ff:ff:ff,ac:84:c6:41:71:22,ac:84:c6:41:71:22,TP-LINK_7122,-87,1,2412,False,False
1778943741.4726965,management,beacon,d8:d7:75:45:81:24,ff:ff:ff:ff:ff:ff,ff:ff:ff:ff:ff:ff,d8:d7:75:45:81:24,d8:d7:75:45:81:24,FunBox2-8124,-43,1,2412,False,False
1778943741.5750782,management,beacon,d8:d7:75:45:81:24,ff:ff:ff:ff:ff:ff,ff:ff:ff:ff:ff:ff,d8:d7:75:45:81:24,d8:d7:75:45:81:24,FunBox2-8124,-44,1,2412,False,False
1778943741.5839052,management,beacon,ac:84:c6:41:71:22,ff:ff:ff:ff:ff:ff,ff:ff:ff:ff:ff:ff,ac:84:c6:41:71:22,ac:84:c6:41:71:22,TP-LINK_7122,-85,1,2412,False,False
1778943741.6774642,management,beacon,d8:d7:75:45:81:24,ff:ff:ff:ff:ff:ff,ff:ff:ff:ff:ff:ff,d8:d7:75:45:81:24,d8:d7:75:45:81:24,FunBox2-8124,-44,1,2412,False,False
1778943741.678593,data,null_data,50:02:91:e8:18:ec,d8:d7:75:45:81:24,d8:d7:75:45:81:24,50:02:91:e8:18:ec,d8:d7:75:45:81:24,,-80,1,2412,False,False
1778943741.6787786,data,null_data,50:02:91:e8:18:ec,d8:d7:75:45:81:24,d8:d7:75:45:81:24,50:02:91:e8:18:ec,d8:d7:75:45:81:24,,-78,1,2412,False,True
1778943741.6792846,data,null_data,50:02:91:e8:18:ec,d8:d7:75:45:81:24,d8:d7:75:45:81:24,50:02:91:e8:18:ec,d8:d7:75:45:81:24,,-80,1,2412,False,True
1778943741.6792874,control,ack,,50:02:91:e8:18:ec,50:02:91:e8:18:ec,,,,-44,1,2412,False,False
1778943741.6862442,management,beacon,ac:84:c6:41:71:22,ff:ff:ff:ff:ff:ff,ff:ff:ff:ff:ff:ff,ac:84:c6:41:71:22,ac:84:c6:41:71:22,TP-LINK_7122,-87,1,2412,False,False
1778943741.779861,management,beacon,d8:d7:75:45:81:24,ff:ff:ff:ff:ff:ff,ff:ff:ff:ff:ff:ff,d8:d7:75:45:81:24,d8:d7:75:45:81:24,FunBox2-8124,-44,1,2412,False,False
1778943741.8401375,data,null_data,50:02:91:e8:18:ec,d8:d7:75:45:81:24,d8:d7:75:45:81:24,50:02:91:e8:18:ec,d8:d7:75:45:81:24,,-80,1,2412,False,False
1778943741.8401494,control,ack,,50:02:91:e8:18:ec,50:02:91:e8:18:ec,,,,-46,1,2412,False,False
1778943741.8822668,management,beacon,d8:d7:75:45:81:24,ff:ff:ff:ff:ff:ff,ff:ff:ff:ff:ff:ff,d8:d7:75:45:81:24,d8:d7:75:45:81:24,FunBox2-8124,-46,1,2412,False,False
1778943741.9846592,management,beacon,d8:d7:75:45:81:24,ff:ff:ff:ff:ff:ff,ff:ff:ff:ff:ff:ff,d8:d7:75:45:81:24,d8:d7:75:45:81:24,FunBox2-8124,-44,1,2412,False,False
1778943741.9932573,management,beacon,ac:84:c6:41:71:22,ff:ff:ff:ff:ff:ff,ff:ff:ff:ff:ff:ff,ac:84:c6:41:71:22,ac:84:c6:41:71:22,TP-LINK_7122,-88,1,2412,False,False
1778943742.087102,management,beacon,d8:d7:75:45:81:24,ff:ff:ff:ff:ff:ff,ff:ff:ff:ff:ff:ff,d8:d7:75:45:81:24,d8:d7:75:45:81:24,FunBox2-8124,-46,1,2412,False,False
1778943742.1894643,management,beacon,d8:d7:75:45:81:24,ff:ff:ff:ff:ff:ff,ff:ff:ff:ff:ff:ff,d8:d7:75:45:81:24,d8:d7:75:45:81:24,FunBox2-8124,-44,1,2412,False,False
1778943742.2919085,management,beacon,d8:d7:75:45:81:24,ff:ff:ff:ff:ff:ff,ff:ff:ff:ff:ff:ff,d8:d7:75:45:81:24,d8:d7:75:45:81:24,FunBox2-8124,-45,1,2412,False,False
1778943742.3002706,management,beacon,ac:84:c6:41:71:22,ff:ff:ff:ff:ff:ff,ff:ff:ff:ff:ff:ff,ac:84:c6:41:71:22,ac:84:c6:41:71:22,TP-LINK_7122,-87,1,2412,False,False
1778943742.39434,management,beacon,d8:d7:75:45:81:24,ff:ff:ff:ff:ff:ff,ff:ff:ff:ff:ff:ff,d8:d7:75:45:81:24,d8:d7:75:45:81:24,FunBox2-8124,-44,1,2412,False,False
1778943742.4967494,management,beacon,d8:d7:75:45:81:24,ff:ff:ff:ff:ff:ff,ff:ff:ff:ff:ff:ff,d8:d7:75:45:81:24,d8:d7:75:45:81:24,FunBox2-8124,-46,1,2412,False,False
1778943742.504943,management,beacon,ac:84:c6:41:71:22,ff:ff:ff:ff:ff:ff,ff:ff:ff:ff:ff:ff,ac:84:c6:41:71:22,ac:84:c6:41:71:22,TP-LINK_7122,-85,1,2412,False,False
1778943742.599129,management,beacon,d8:d7:75:45:81:24,ff:ff:ff:ff:ff:ff,ff:ff:ff:ff:ff:ff,d8:d7:75:45:81:24,d8:d7:75:45:81:24,FunBox2-8124,-44,1,2412,False,False
1778943742.7015572,management,beacon,d8:d7:75:45:81:24,ff:ff:ff:ff:ff:ff,ff:ff:ff:ff:ff:ff,d8:d7:75:45:81:24,d8:d7:75:45:81:24,FunBox2-8124,-47,1,2412,False,False
1778943742.8039136,management,beacon,d8:d7:75:45:81:24,ff:ff:ff:ff:ff:ff,ff:ff:ff:ff:ff:ff,d8:d7:75:45:81:24,d8:d7:75:45:81:24,FunBox2-8124,-44,1,2412,False,False
1778943742.9063246,management,beacon,d8:d7:75:45:81:24,ff:ff:ff:ff:ff:ff,ff:ff:ff:ff:ff:ff,d8:d7:75:45:81:24,d8:d7:75:45:81:24,FunBox2-8124,-46,1,2412,False,False
1778943743.0087283,management,beacon,d8:d7:75:45:81:24,ff:ff:ff:ff:ff:ff,ff:ff:ff:ff:ff:ff,d8:d7:75:45:81:24,d8:d7:75:45:81:24,FunBox2-8124,-44,1,2412,False,False
1778943743.1111197,management,beacon,d8:d7:75:45:81:24,ff:ff:ff:ff:ff:ff,ff:ff:ff:ff:ff:ff,d8:d7:75:45:81:24,d8:d7:75:45:81:24,FunBox2-8124,-44,1,2412,False,False
1778943743.2135773,management,beacon,d8:d7:75:45:81:24,ff:ff:ff:ff:ff:ff,ff:ff:ff:ff:ff:ff,d8:d7:75:45:81:24,d8:d7:75:45:81:24,FunBox2-8124,-43,1,2412,False,False
1778943743.2146654,data,null_data,50:02:91:e8:18:ec,d8:d7:75:45:81:24,d8:d7:75:45:81:24,50:02:91:e8:18:ec,d8:d7:75:45:81:24,,-80,1,2412,False,False
1778943743.214859,data,null_data,50:02:91:e8:18:ec,d8:d7:75:45:81:24,d8:d7:75:45:81:24,50:02:91:e8:18:ec,d8:d7:75:45:81:24,,-79,1,2412,False,True
1778943743.2153432,data,null_data,50:02:91:e8:18:ec,d8:d7:75:45:81:24,d8:d7:75:45:81:24,50:02:91:e8:18:ec,d8:d7:75:45:81:24,,-82,1,2412,False,True
1778943743.2153459,control,ack,,50:02:91:e8:18:ec,50:02:91:e8:18:ec,,,,-46,1,2412,False,False
1778943743.2213027,management,beacon,ac:84:c6:41:71:22,ff:ff:ff:ff:ff:ff,ff:ff:ff:ff:ff:ff,ac:84:c6:41:71:22,ac:84:c6:41:71:22,TP-LINK_7122,-91,1,2412,False,False
1778943743.3159335,management,beacon,d8:d7:75:45:81:24,ff:ff:ff:ff:ff:ff,ff:ff:ff:ff:ff:ff,d8:d7:75:45:81:24,d8:d7:75:45:81:24,FunBox2-8124,-44,1,2412,False,False
1778943743.3762395,data,null_data,50:02:91:e8:18:ec,d8:d7:75:45:81:24,d8:d7:75:45:81:24,50:02:91:e8:18:ec,d8:d7:75:45:81:24,,-80,1,2412,False,False
1778943743.3762531,control,ack,,50:02:91:e8:18:ec,50:02:91:e8:18:ec,,,,-47,1,2412,False,False
1778943743.4183345,management,beacon,d8:d7:75:45:81:24,ff:ff:ff:ff:ff:ff,ff:ff:ff:ff:ff:ff,d8:d7:75:45:81:24,d8:d7:75:45:81:24,FunBox2-8124,-45,1,2412,False,False
1778943743.6231358,management,beacon,d8:d7:75:45:81:24,ff:ff:ff:ff:ff:ff,ff:ff:ff:ff:ff:ff,d8:d7:75:45:81:24,d8:d7:75:45:81:24,FunBox2-8124,-44,1,2412,False,False
1778943743.7256045,management,beacon,d8:d7:75:45:81:24,ff:ff:ff:ff:ff:ff,ff:ff:ff:ff:ff:ff,d8:d7:75:45:81:24,d8:d7:75:45:81:24,FunBox2-8124,-44,1,2412,False,False
1778943743.8279488,management,beacon,d8:d7:75:45:81:24,ff:ff:ff:ff:ff:ff,ff:ff:ff:ff:ff:ff,d8:d7:75:45:81:24,d8:d7:75:45:81:24,FunBox2-8124,-45,1,2412,False,False
1778943743.9303422,management,beacon,d8:d7:75:45:81:24,ff:ff:ff:ff:ff:ff,ff:ff:ff:ff:ff:ff,d8:d7:75:45:81:24,d8:d7:75:45:81:24,FunBox2-8124,-44,1,2412,False,False
1778943744.1351364,management,beacon,d8:d7:75:45:81:24,ff:ff:ff:ff:ff:ff,ff:ff:ff:ff:ff:ff,d8:d7:75:45:81:24,d8:d7:75:45:81:24,FunBox2-8124,-43,1,2412,False,False
1778943744.2375617,management,beacon,d8:d7:75:45:81:24,ff:ff:ff:ff:ff:ff,ff:ff:ff:ff:ff:ff,d8:d7:75:45:81:24,d8:d7:75:45:81:24,FunBox2-8124,-44,1,2412,False,False
1778943744.3399994,management,beacon,d8:d7:75:45:81:24,ff:ff:ff:ff:ff:ff,ff:ff:ff:ff:ff:ff,d8:d7:75:45:81:24,d8:d7:75:45:81:24,FunBox2-8124,-44,1,2412,False,False
1778943744.4423947,management,beacon,d8:d7:75:45:81:24,ff:ff:ff:ff:ff:ff,ff:ff:ff:ff:ff:ff,d8:d7:75:45:81:24,d8:d7:75:45:81:24,FunBox2-8124,-44,1,2412,False,False
1778943744.6471777,management,beacon,d8:d7:75:45:81:24,ff:ff:ff:ff:ff:ff,ff:ff:ff:ff:ff:ff,d8:d7:75:45:81:24,d8:d7:75:45:81:24,FunBox2-8124,-43,1,2412,False,False
1778943744.7495887,management,beacon,d8:d7:75:45:81:24,ff:ff:ff:ff:ff:ff,ff:ff:ff:ff:ff:ff,d8:d7:75:45:81:24,d8:d7:75:45:81:24,FunBox2-8124,-45,1,2412,False,False
1778943744.7507434,data,null_data,50:02:91:e8:18:ec,d8:d7:75:45:81:24,d8:d7:75:45:81:24,50:02:91:e8:18:ec,d8:d7:75:45:81:24,,-80,1,2412,False,False
1778943744.7514412,data,null_data,50:02:91:e8:18:ec,d8:d7:75:45:81:24,d8:d7:75:45:81:24,50:02:91:e8:18:ec,d8:d7:75:45:81:24,,-82,1,2412,False,True
1778943744.7514436,control,ack,,50:02:91:e8:18:ec,50:02:91:e8:18:ec,,,,-45,1,2412,False,False
1778943744.756373,management,beacon,ac:84:c6:41:71:22,ff:ff:ff:ff:ff:ff,ff:ff:ff:ff:ff:ff,ac:84:c6:41:71:22,ac:84:c6:41:71:22,TP-LINK_7122,-87,1,2412,False,False
1778943744.8520124,management,beacon,d8:d7:75:45:81:24,ff:ff:ff:ff:ff:ff,ff:ff:ff:ff:ff:ff,d8:d7:75:45:81:24,d8:d7:75:45:81:24,FunBox2-8124,-44,1,2412,False,False
1778943744.9124694,data,null_data,50:02:91:e8:18:ec,d8:d7:75:45:81:24,d8:d7:75:45:81:24,50:02:91:e8:18:ec,d8:d7:75:45:81:24,,-81,1,2412,False,False
1778943744.9124765,control,ack,,50:02:91:e8:18:ec,50:02:91:e8:18:ec,,,,-46,1,2412,False,False
1778943744.9543867,management,beacon,d8:d7:75:45:81:24,ff:ff:ff:ff:ff:ff,ff:ff:ff:ff:ff:ff,d8:d7:75:45:81:24,d8:d7:75:45:81:24,FunBox2-8124,-44,1,2412,False,False
1778943744.9574754,management,probe_request,e6:12:a8:93:5a:78,ff:ff:ff:ff:ff:ff,ff:ff:ff:ff:ff:ff,e6:12:a8:93:5a:78,ff:ff:ff:ff:ff:ff,<hidden>,-79,1,2412,False,False
1778943744.9576504,management,probe_request,e6:12:a8:93:5a:78,ff:ff:ff:ff:ff:ff,ff:ff:ff:ff:ff:ff,e6:12:a8:93:5a:78,ff:ff:ff:ff:ff:ff,<hidden>,-78,1,2412,False,False
1778943745.1592135,management,beacon,d8:d7:75:45:81:24,ff:ff:ff:ff:ff:ff,ff:ff:ff:ff:ff:ff,d8:d7:75:45:81:24,d8:d7:75:45:81:24,FunBox2-8124,-46,1,2412,False,False
1778943745.2616158,management,beacon,d8:d7:75:45:81:24,ff:ff:ff:ff:ff:ff,ff:ff:ff:ff:ff:ff,d8:d7:75:45:81:24,d8:d7:75:45:81:24,FunBox2-8124,-43,1,2412,False,False
1778943745.3640459,management,beacon,d8:d7:75:45:81:24,ff:ff:ff:ff:ff:ff,ff:ff:ff:ff:ff:ff,d8:d7:75:45:81:24,d8:d7:75:45:81:24,FunBox2-8124,-44,1,2412,False,False
1778943745.4664302,management,beacon,d8:d7:75:45:81:24,ff:ff:ff:ff:ff:ff,ff:ff:ff:ff:ff:ff,d8:d7:75:45:81:24,d8:d7:75:45:81:24,FunBox2-8124,-44,1,2412,False,False
1778943745.6712208,management,beacon,d8:d7:75:45:81:24,ff:ff:ff:ff:ff:ff,ff:ff:ff:ff:ff:ff,d8:d7:75:45:81:24,d8:d7:75:45:81:24,FunBox2-8124,-43,1,2412,False,False
1778943745.7736115,management,beacon,d8:d7:75:45:81:24,ff:ff:ff:ff:ff:ff,ff:ff:ff:ff:ff:ff,d8:d7:75:45:81:24,d8:d7:75:45:81:24,FunBox2-8124,-46,1,2412,False,False
1778943745.87603,management,beacon,d8:d7:75:45:81:24,ff:ff:ff:ff:ff:ff,ff:ff:ff:ff:ff:ff,d8:d7:75:45:81:24,d8:d7:75:45:81:24,FunBox2-8124,-43,1,2412,False,False
1778943745.9784052,management,beacon,d8:d7:75:45:81:24,ff:ff:ff:ff:ff:ff,ff:ff:ff:ff:ff:ff,d8:d7:75:45:81:24,d8:d7:75:45:81:24,FunBox2-8124,-47,1,2412,False,False
1778943746.1832345,management,beacon,d8:d7:75:45:81:24,ff:ff:ff:ff:ff:ff,ff:ff:ff:ff:ff:ff,d8:d7:75:45:81:24,d8:d7:75:45:81:24,FunBox2-8124,-44,1,2412,False,False
1778943746.285641,management,beacon,d8:d7:75:45:81:24,ff:ff:ff:ff:ff:ff,ff:ff:ff:ff:ff:ff,d8:d7:75:45:81:24,d8:d7:75:45:81:24,FunBox2-8124,-43,1,2412,False,False
1778943746.3880575,management,beacon,d8:d7:75:45:81:24,ff:ff:ff:ff:ff:ff,ff:ff:ff:ff:ff:ff,d8:d7:75:45:81:24,d8:d7:75:45:81:24,FunBox2-8124,-44,1,2412,False,False
1778943746.3943017,data,null_data,50:02:91:e8:18:ec,d8:d7:75:45:81:24,d8:d7:75:45:81:24,50:02:91:e8:18:ec,d8:d7:75:45:81:24,,-82,1,2412,False,True
1778943746.3943071,control,ack,,50:02:91:e8:18:ec,50:02:91:e8:18:ec,,,,-44,1,2412,False,False
1778943746.490433,management,beacon,d8:d7:75:45:81:24,ff:ff:ff:ff:ff:ff,ff:ff:ff:ff:ff:ff,d8:d7:75:45:81:24,d8:d7:75:45:81:24,FunBox2-8124,-45,1,2412,False,False
1778943746.5551794,data,null_data,50:02:91:e8:18:ec,d8:d7:75:45:81:24,d8:d7:75:45:81:24,50:02:91:e8:18:ec,d8:d7:75:45:81:24,,-80,1,2412,False,False
1778943746.5551944,control,ack,,50:02:91:e8:18:ec,50:02:91:e8:18:ec,,,,-46,1,2412,False,False
1778943746.6952612,management,beacon,d8:d7:75:45:81:24,ff:ff:ff:ff:ff:ff,ff:ff:ff:ff:ff:ff,d8:d7:75:45:81:24,d8:d7:75:45:81:24,FunBox2-8124,-48,1,2412,False,False
1778943746.7976596,management,beacon,d8:d7:75:45:81:24,ff:ff:ff:ff:ff:ff,ff:ff:ff:ff:ff:ff,d8:d7:75:45:81:24,d8:d7:75:45:81:24,FunBox2-8124,-45,1,2412,False,False
1778943746.9000416,management,beacon,d8:d7:75:45:81:24,ff:ff:ff:ff:ff:ff,ff:ff:ff:ff:ff:ff,d8:d7:75:45:81:24,d8:d7:75:45:81:24,FunBox2-8124,-45,1,2412,False,False
1778943747.0025196,management,beacon,d8:d7:75:45:81:24,ff:ff:ff:ff:ff:ff,ff:ff:ff:ff:ff:ff,d8:d7:75:45:81:24,d8:d7:75:45:81:24,FunBox2-8124,-45,1,2412,False,False
1778943747.1101406,management,beacon,ac:84:c6:41:71:22,ff:ff:ff:ff:ff:ff,ff:ff:ff:ff:ff:ff,ac:84:c6:41:71:22,ac:84:c6:41:71:22,TP-LINK_7122,-87,1,2412,False,False
1778943747.2072678,management,beacon,d8:d7:75:45:81:24,ff:ff:ff:ff:ff:ff,ff:ff:ff:ff:ff:ff,d8:d7:75:45:81:24,d8:d7:75:45:81:24,FunBox2-8124,-47,1,2412,False,False
1778943747.3096678,management,beacon,d8:d7:75:45:81:24,ff:ff:ff:ff:ff:ff,ff:ff:ff:ff:ff:ff,d8:d7:75:45:81:24,d8:d7:75:45:81:24,FunBox2-8124,-44,1,2412,False,False
1778943747.4121249,management,beacon,d8:d7:75:45:81:24,ff:ff:ff:ff:ff:ff,ff:ff:ff:ff:ff:ff,d8:d7:75:45:81:24,d8:d7:75:45:81:24,FunBox2-8124,-44,1,2412,False,False
1778943747.5144727,management,beacon,d8:d7:75:45:81:24,ff:ff:ff:ff:ff:ff,ff:ff:ff:ff:ff:ff,d8:d7:75:45:81:24,d8:d7:75:45:81:24,FunBox2-8124,-44,1,2412,False,False
1778943747.7193072,management,beacon,d8:d7:75:45:81:24,ff:ff:ff:ff:ff:ff,ff:ff:ff:ff:ff:ff,d8:d7:75:45:81:24,d8:d7:75:45:81:24,FunBox2-8124,-46,1,2412,False,False
1778943747.8217375,management,beacon,d8:d7:75:45:81:24,ff:ff:ff:ff:ff:ff,ff:ff:ff:ff:ff:ff,d8:d7:75:45:81:24,d8:d7:75:45:81:24,FunBox2-8124,-44,1,2412,False,False
1778943747.924112,management,beacon,d8:d7:75:45:81:24,ff:ff:ff:ff:ff:ff,ff:ff:ff:ff:ff:ff,d8:d7:75:45:81:24,d8:d7:75:45:81:24,FunBox2-8124,-42,1,2412,False,False
1778943748.0265102,management,beacon,d8:d7:75:45:81:24,ff:ff:ff:ff:ff:ff,ff:ff:ff:ff:ff:ff,d8:d7:75:45:81:24,d8:d7:75:45:81:24,FunBox2-8124,-45,1,2412,False,False
1778943748.1301446,data,null_data,50:02:91:e8:18:ec,d8:d7:75:45:81:24,d8:d7:75:45:81:24,50:02:91:e8:18:ec,d8:d7:75:45:81:24,,-83,1,2412,False,False
1778943748.1301565,control,ack,,50:02:91:e8:18:ec,50:02:91:e8:18:ec,,,,-47,1,2412,False,False
1778943748.231343,management,beacon,d8:d7:75:45:81:24,ff:ff:ff:ff:ff:ff,ff:ff:ff:ff:ff:ff,d8:d7:75:45:81:24,d8:d7:75:45:81:24,FunBox2-8124,-45,1,2412,False,False
1778943748.2909963,data,null_data,50:02:91:e8:18:ec,d8:d7:75:45:81:24,d8:d7:75:45:81:24,50:02:91:e8:18:ec,d8:d7:75:45:81:24,,-81,1,2412,False,False
1778943748.2910092,control,ack,,50:02:91:e8:18:ec,50:02:91:e8:18:ec,,,,-48,1,2412,False,False
1778943748.333719,management,beacon,d8:d7:75:45:81:24,ff:ff:ff:ff:ff:ff,ff:ff:ff:ff:ff:ff,d8:d7:75:45:81:24,d8:d7:75:45:81:24,FunBox2-8124,-44,1,2412,False,False
1778943748.4361415,management,beacon,d8:d7:75:45:81:24,ff:ff:ff:ff:ff:ff,ff:ff:ff:ff:ff:ff,d8:d7:75:45:81:24,d8:d7:75:45:81:24,FunBox2-8124,-43,1,2412,False,False
1778943748.5385273,management,beacon,d8:d7:75:45:81:24,ff:ff:ff:ff:ff:ff,ff:ff:ff:ff:ff:ff,d8:d7:75:45:81:24,d8:d7:75:45:81:24,FunBox2-8124,-43,1,2412,False,False
1778943748.6409447,management,beacon,d8:d7:75:45:81:24,ff:ff:ff:ff:ff:ff,ff:ff:ff:ff:ff:ff,d8:d7:75:45:81:24,d8:d7:75:45:81:24,FunBox2-8124,-44,1,2412,False,False
1778943748.7433186,management,beacon,d8:d7:75:45:81:24,ff:ff:ff:ff:ff:ff,ff:ff:ff:ff:ff:ff,d8:d7:75:45:81:24,d8:d7:75:45:81:24,FunBox2-8124,-43,1,2412,False,False
1778943748.8457465,management,beacon,d8:d7:75:45:81:24,ff:ff:ff:ff:ff:ff,ff:ff:ff:ff:ff:ff,d8:d7:75:45:81:24,d8:d7:75:45:81:24,FunBox2-8124,-44,1,2412,False,False
1778943748.948118,management,beacon,d8:d7:75:45:81:24,ff:ff:ff:ff:ff:ff,ff:ff:ff:ff:ff:ff,d8:d7:75:45:81:24,d8:d7:75:45:81:24,FunBox2-8124,-44,1,2412,False,False
1778943749.050584,management,beacon,d8:d7:75:45:81:24,ff:ff:ff:ff:ff:ff,ff:ff:ff:ff:ff:ff,d8:d7:75:45:81:24,d8:d7:75:45:81:24,FunBox2-8124,-45,1,2412,False,False
1778943749.1529462,management,beacon,d8:d7:75:45:81:24,ff:ff:ff:ff:ff:ff,ff:ff:ff:ff:ff:ff,d8:d7:75:45:81:24,d8:d7:75:45:81:24,FunBox2-8124,-44,1,2412,False,False
1778943749.2553725,management,beacon,d8:d7:75:45:81:24,ff:ff:ff:ff:ff:ff,ff:ff:ff:ff:ff:ff,d8:d7:75:45:81:24,d8:d7:75:45:81:24,FunBox2-8124,-45,1,2412,False,False
1778943749.357796,management,beacon,d8:d7:75:45:81:24,ff:ff:ff:ff:ff:ff,ff:ff:ff:ff:ff:ff,d8:d7:75:45:81:24,d8:d7:75:45:81:24,FunBox2-8124,-43,1,2412,False,False
1778943749.460185,management,beacon,d8:d7:75:45:81:24,ff:ff:ff:ff:ff:ff,ff:ff:ff:ff:ff:ff,d8:d7:75:45:81:24,d8:d7:75:45:81:24,FunBox2-8124,-43,1,2412,False,False
1778943749.5625465,management,beacon,d8:d7:75:45:81:24,ff:ff:ff:ff:ff:ff,ff:ff:ff:ff:ff:ff,d8:d7:75:45:81:24,d8:d7:75:45:81:24,FunBox2-8124,-44,1,2412,False,False
1778943749.630501,data,null_data,50:02:91:e8:18:ec,d8:d7:75:45:81:24,d8:d7:75:45:81:24,50:02:91:e8:18:ec,d8:d7:75:45:81:24,,-81,1,2412,False,False
1778943749.6305175,control,ack,,50:02:91:e8:18:ec,50:02:91:e8:18:ec,,,,-47,1,2412,False,False
1778943749.630519,data,null_data,50:02:91:e8:18:ec,d8:d7:75:45:81:24,d8:d7:75:45:81:24,50:02:91:e8:18:ec,d8:d7:75:45:81:24,,-79,1,2412,False,True
1778943749.6305203,control,ack,,50:02:91:e8:18:ec,50:02:91:e8:18:ec,,,,-47,1,2412,False,False
1778943749.767397,management,beacon,d8:d7:75:45:81:24,ff:ff:ff:ff:ff:ff,ff:ff:ff:ff:ff:ff,d8:d7:75:45:81:24,d8:d7:75:45:81:24,FunBox2-8124,-47,1,2412,False,False
1778943749.7913551,data,null_data,50:02:91:e8:18:ec,d8:d7:75:45:81:24,d8:d7:75:45:81:24,50:02:91:e8:18:ec,d8:d7:75:45:81:24,,-82,1,2412,False,False
1778943749.791367,control,ack,,50:02:91:e8:18:ec,50:02:91:e8:18:ec,,,,-48,1,2412,False,False
1778943749.869755,management,beacon,d8:d7:75:45:81:24,ff:ff:ff:ff:ff:ff,ff:ff:ff:ff:ff:ff,d8:d7:75:45:81:24,d8:d7:75:45:81:24,FunBox2-8124,-44,1,2412,False,False
1778943749.8708491,data,null_data,50:02:91:e8:18:ec,d8:d7:75:45:81:24,d8:d7:75:45:81:24,50:02:91:e8:18:ec,d8:d7:75:45:81:24,,-81,1,2412,False,False
1778943749.870853,control,ack,,50:02:91:e8:18:ec,50:02:91:e8:18:ec,,,,-46,1,2412,False,False
1778943749.9721766,management,beacon,d8:d7:75:45:81:24,ff:ff:ff:ff:ff:ff,ff:ff:ff:ff:ff:ff,d8:d7:75:45:81:24,d8:d7:75:45:81:24,FunBox2-8124,-43,1,2412,False,False
1778943749.9755886,management,beacon,ac:84:c6:41:71:22,ff:ff:ff:ff:ff:ff,ff:ff:ff:ff:ff:ff,ac:84:c6:41:71:22,ac:84:c6:41:71:22,TP-LINK_7122,-87,1,2412,False,False
1778943750.031681,control,ack,,50:02:91:e8:18:ec,50:02:91:e8:18:ec,,,,-45,1,2412,False,False
1778943750.0745776,management,beacon,d8:d7:75:45:81:24,ff:ff:ff:ff:ff:ff,ff:ff:ff:ff:ff:ff,d8:d7:75:45:81:24,d8:d7:75:45:81:24,FunBox2-8124,-47,1,2412,False,False
1778943750.176979,management,beacon,d8:d7:75:45:81:24,ff:ff:ff:ff:ff:ff,ff:ff:ff:ff:ff:ff,d8:d7:75:45:81:24,d8:d7:75:45:81:24,FunBox2-8124,-45,1,2412,False,False
1778943750.2794178,management,beacon,d8:d7:75:45:81:24,ff:ff:ff:ff:ff:ff,ff:ff:ff:ff:ff:ff,d8:d7:75:45:81:24,d8:d7:75:45:81:24,FunBox2-8124,-45,1,2412,False,False
1778943750.3827035,management,beacon,d8:d7:75:45:81:24,ff:ff:ff:ff:ff:ff,ff:ff:ff:ff:ff:ff,d8:d7:75:45:81:24,d8:d7:75:45:81:24,FunBox2-8124,-44,1,2412,False,False
1778943750.4842188,management,beacon,d8:d7:75:45:81:24,ff:ff:ff:ff:ff:ff,ff:ff:ff:ff:ff:ff,d8:d7:75:45:81:24,d8:d7:75:45:81:24,FunBox2-8124,-45,1,2412,False,False
1778943750.4872754,management,beacon,ac:84:c6:41:71:22,ff:ff:ff:ff:ff:ff,ff:ff:ff:ff:ff:ff,ac:84:c6:41:71:22,ac:84:c6:41:71:22,TP-LINK_7122,-87,1,2412,False,False
1778943750.5865974,management,beacon,d8:d7:75:45:81:24,ff:ff:ff:ff:ff:ff,ff:ff:ff:ff:ff:ff,d8:d7:75:45:81:24,d8:d7:75:45:81:24,FunBox2-8124,-44,1,2412,False,False
1778943750.689028,management,beacon,d8:d7:75:45:81:24,ff:ff:ff:ff:ff:ff,ff:ff:ff:ff:ff:ff,d8:d7:75:45:81:24,d8:d7:75:45:81:24,FunBox2-8124,-44,1,2412,False,False
1778943750.7927027,management,beacon,d8:d7:75:45:81:24,ff:ff:ff:ff:ff:ff,ff:ff:ff:ff:ff:ff,d8:d7:75:45:81:24,d8:d7:75:45:81:24,FunBox2-8124,-43,1,2412,False,False
1778943750.8938444,management,beacon,d8:d7:75:45:81:24,ff:ff:ff:ff:ff:ff,ff:ff:ff:ff:ff:ff,d8:d7:75:45:81:24,d8:d7:75:45:81:24,FunBox2-8124,-43,1,2412,False,False
1778943750.9962606,management,beacon,d8:d7:75:45:81:24,ff:ff:ff:ff:ff:ff,ff:ff:ff:ff:ff:ff,d8:d7:75:45:81:24,d8:d7:75:45:81:24,FunBox2-8124,-47,1,2412,False,False
