timestamp,frame_type,frame_subtype,source_mac,destination_mac,receiver_mac,transmitter_mac,bssid,ssid,rssi,channel,frequency,is_protected,retry
1778936042.757895,management,beacon,d8:d7:75:45:81:24,ff:ff:ff:ff:ff:ff,ff:ff:ff:ff:ff:ff,d8:d7:75:45:81:24,d8:d7:75:45:81:24,FunBox2-8124,-47,1,2412,False,False
1778936042.86034,management,beacon,d8:d7:75:45:81:24,ff:ff:ff:ff:ff:ff,ff:ff:ff:ff:ff:ff,d8:d7:75:45:81:24,d8:d7:75:45:81:24,FunBox2-8124,-46,1,2412,False,False
1778936042.963925,control,ack,,50:02:91:e8:18:ec,50:02:91:e8:18:ec,,,,-48,1,2412,False,False
1778936042.9648294,control,ack,,d8:d7:75:45:81:24,d8:d7:75:45:81:24,,,,-86,1,2412,False,False
1778936042.965139,control,ack,,50:02:91:e8:18:ec,50:02:91:e8:18:ec,,,,-55,1,2412,False,False
1778936043.0651085,management,beacon,d8:d7:75:45:81:24,ff:ff:ff:ff:ff:ff,ff:ff:ff:ff:ff:ff,d8:d7:75:45:81:24,d8:d7:75:45:81:24,FunBox2-8124,-46,1,2412,False,False
1778936043.125932,control,ack,,50:02:91:e8:18:ec,50:02:91:e8:18:ec,,,,-49,1,2412,False,False
1778936043.167506,management,beacon,d8:d7:75:45:81:24,ff:ff:ff:ff:ff:ff,ff:ff:ff:ff:ff:ff,d8:d7:75:45:81:24,d8:d7:75:45:81:24,FunBox2-8124,-51,1,2412,False,False
1778936043.3723195,management,beacon,d8:d7:75:45:81:24,ff:ff:ff:ff:ff:ff,ff:ff:ff:ff:ff:ff,d8:d7:75:45:81:24,d8:d7:75:45:81:24,FunBox2-8124,-50,1,2412,False,False
1778936043.5771396,management,beacon,d8:d7:75:45:81:24,ff:ff:ff:ff:ff:ff,ff:ff:ff:ff:ff:ff,d8:d7:75:45:81:24,d8:d7:75:45:81:24,FunBox2-8124,-45,1,2412,False,False
1778936043.679524,management,beacon,d8:d7:75:45:81:24,ff:ff:ff:ff:ff:ff,ff:ff:ff:ff:ff:ff,d8:d7:75:45:81:24,d8:d7:75:45:81:24,FunBox2-8124,-46,1,2412,False,False
1778936043.7819402,management,beacon,d8:d7:75:45:81:24,ff:ff:ff:ff:ff:ff,ff:ff:ff:ff:ff:ff,d8:d7:75:45:81:24,d8:d7:75:45:81:24,FunBox2-8124,-47,1,2412,False,False
1778936043.8843482,management,beacon,d8:d7:75:45:81:24,ff:ff:ff:ff:ff:ff,ff:ff:ff:ff:ff:ff,d8:d7:75:45:81:24,d8:d7:75:45:81:24,FunBox2-8124,-48,1,2412,False,False
1778936044.0891697,management,beacon,d8:d7:75:45:81:24,ff:ff:ff:ff:ff:ff,ff:ff:ff:ff:ff:ff,d8:d7:75:45:81:24,d8:d7:75:45:81:24,FunBox2-8124,-46,1,2412,False,False
1778936044.1915545,management,beacon,d8:d7:75:45:81:24,ff:ff:ff:ff:ff:ff,ff:ff:ff:ff:ff:ff,d8:d7:75:45:81:24,d8:d7:75:45:81:24,FunBox2-8124,-49,1,2412,False,False
1778936044.293956,management,beacon,d8:d7:75:45:81:24,ff:ff:ff:ff:ff:ff,ff:ff:ff:ff:ff:ff,d8:d7:75:45:81:24,d8:d7:75:45:81:24,FunBox2-8124,-47,1,2412,False,False
1778936044.396404,management,beacon,d8:d7:75:45:81:24,ff:ff:ff:ff:ff:ff,ff:ff:ff:ff:ff:ff,d8:d7:75:45:81:24,d8:d7:75:45:81:24,FunBox2-8124,-45,1,2412,False,False
1778936044.4654527,management,probe_request,46:e5:c9:b7:e2:d1,ff:ff:ff:ff:ff:ff,ff:ff:ff:ff:ff:ff,46:e5:c9:b7:e2:d1,ff:ff:ff:ff:ff:ff,<hidden>,-29,1,2412,False,False
1778936044.4687006,management,probe_response,d8:d7:75:45:81:24,46:e5:c9:b7:e2:d1,46:e5:c9:b7:e2:d1,d8:d7:75:45:81:24,d8:d7:75:45:81:24,FunBox2-8124,-48,1,2412,False,False
1778936044.4689937,control,ack,,d8:d7:75:45:81:24,d8:d7:75:45:81:24,,,,-36,1,2412,False,False
1778936044.4761353,control,ack,,ac:84:c6:41:71:22,ac:84:c6:41:71:22,,,,-36,1,2412,False,False
1778936044.5278873,management,probe_request,46:e5:c9:b7:e2:d1,ff:ff:ff:ff:ff:ff,ff:ff:ff:ff:ff:ff,46:e5:c9:b7:e2:d1,ff:ff:ff:ff:ff:ff,<hidden>,-32,1,2412,False,False
1778936044.532269,control,ack,,ec:fd:f8:3d:ea:d4,ec:fd:f8:3d:ea:d4,,,,-35,1,2412,False,False
1778936044.6011963,management,beacon,d8:d7:75:45:81:24,ff:ff:ff:ff:ff:ff,ff:ff:ff:ff:ff:ff,d8:d7:75:45:81:24,d8:d7:75:45:81:24,FunBox2-8124,-45,1,2412,False,False
1778936044.6667478,management,probe_response,d8:d7:75:45:81:24,46:e5:c9:b7:e2:d1,46:e5:c9:b7:e2:d1,d8:d7:75:45:81:24,d8:d7:75:45:81:24,FunBox2-8124,-51,1,2412,False,True
1778936044.6737955,management,probe_response,d8:d7:75:45:81:24,46:e5:c9:b7:e2:d1,46:e5:c9:b7:e2:d1,d8:d7:75:45:81:24,d8:d7:75:45:81:24,FunBox2-8124,-45,1,2412,False,True
1778936044.6782684,management,probe_response,d8:d7:75:45:81:24,46:e5:c9:b7:e2:d1,46:e5:c9:b7:e2:d1,d8:d7:75:45:81:24,d8:d7:75:45:81:24,FunBox2-8124,-46,1,2412,False,True
1778936044.6827137,management,probe_response,d8:d7:75:45:81:24,46:e5:c9:b7:e2:d1,46:e5:c9:b7:e2:d1,d8:d7:75:45:81:24,d8:d7:75:45:81:24,FunBox2-8124,-46,1,2412,False,True
1778936044.7035751,management,beacon,d8:d7:75:45:81:24,ff:ff:ff:ff:ff:ff,ff:ff:ff:ff:ff:ff,d8:d7:75:45:81:24,d8:d7:75:45:81:24,FunBox2-8124,-46,1,2412,False,False
1778936044.7311285,management,probe_response,d8:d7:75:45:81:24,46:e5:c9:b7:e2:d1,46:e5:c9:b7:e2:d1,d8:d7:75:45:81:24,d8:d7:75:45:81:24,FunBox2-8124,-50,1,2412,False,True
1778936044.7351205,management,probe_response,d8:d7:75:45:81:24,46:e5:c9:b7:e2:d1,46:e5:c9:b7:e2:d1,d8:d7:75:45:81:24,d8:d7:75:45:81:24,FunBox2-8124,-50,1,2412,False,True
1778936044.7391462,management,probe_response,d8:d7:75:45:81:24,46:e5:c9:b7:e2:d1,46:e5:c9:b7:e2:d1,d8:d7:75:45:81:24,d8:d7:75:45:81:24,FunBox2-8124,-50,1,2412,False,True
1778936044.8059716,management,beacon,d8:d7:75:45:81:24,ff:ff:ff:ff:ff:ff,ff:ff:ff:ff:ff:ff,d8:d7:75:45:81:24,d8:d7:75:45:81:24,FunBox2-8124,-46,1,2412,False,False
1778936044.8071613,control,ack,,50:02:91:e8:18:ec,50:02:91:e8:18:ec,,,,-46,1,2412,False,False
1778936044.9083848,management,beacon,d8:d7:75:45:81:24,ff:ff:ff:ff:ff:ff,ff:ff:ff:ff:ff:ff,d8:d7:75:45:81:24,d8:d7:75:45:81:24,FunBox2-8124,-45,1,2412,False,False
1778936045.0760183,data,qos_null,aa:23:4f:4d:00:cf,74:ea:3a:a1:53:a6,74:ea:3a:a1:53:a6,aa:23:4f:4d:00:cf,74:ea:3a:a1:53:a6,,-86,1,2412,False,False
1778936045.1131742,management,beacon,d8:d7:75:45:81:24,ff:ff:ff:ff:ff:ff,ff:ff:ff:ff:ff:ff,d8:d7:75:45:81:24,d8:d7:75:45:81:24,FunBox2-8124,-45,1,2412,False,False
1778936045.1627157,management,probe_request,16:fc:18:b0:8a:c2,ff:ff:ff:ff:ff:ff,ff:ff:ff:ff:ff:ff,16:fc:18:b0:8a:c2,ff:ff:ff:ff:ff:ff,<hidden>,-31,1,2412,False,False
1778936045.1629999,control,ack,,16:fc:18:b0:8a:c2,16:fc:18:b0:8a:c2,,,,-91,1,2412,False,False
1778936045.1662822,management,probe_response,d8:d7:75:45:81:24,16:fc:18:b0:8a:c2,16:fc:18:b0:8a:c2,d8:d7:75:45:81:24,d8:d7:75:45:81:24,FunBox2-8124,-52,1,2412,False,False
1778936045.166583,control,ack,,d8:d7:75:45:81:24,d8:d7:75:45:81:24,,,,-29,1,2412,False,False
1778936045.1830451,management,probe_request,16:fc:18:b0:8a:c2,ff:ff:ff:ff:ff:ff,ff:ff:ff:ff:ff:ff,16:fc:18:b0:8a:c2,ff:ff:ff:ff:ff:ff,<hidden>,-29,1,2412,False,False
1778936045.1833246,control,ack,,16:fc:18:b0:8a:c2,16:fc:18:b0:8a:c2,,,,-88,1,2412,False,False
1778936045.1868916,control,ack,,d8:d7:75:45:81:24,d8:d7:75:45:81:24,,,,-29,1,2412,False,False
1778936045.2156312,management,beacon,d8:d7:75:45:81:24,ff:ff:ff:ff:ff:ff,ff:ff:ff:ff:ff:ff,d8:d7:75:45:81:24,d8:d7:75:45:81:24,FunBox2-8124,-50,1,2412,False,False
1778936045.256322,data,qos_null,aa:23:4f:4d:00:cf,74:ea:3a:a1:53:a6,74:ea:3a:a1:53:a6,aa:23:4f:4d:00:cf,74:ea:3a:a1:53:a6,,-90,1,2412,False,False
1778936045.3153183,data,qos_null,aa:23:4f:4d:00:cf,74:ea:3a:a1:53:a6,74:ea:3a:a1:53:a6,aa:23:4f:4d:00:cf,74:ea:3a:a1:53:a6,,-90,1,2412,False,False
1778936045.3179946,management,beacon,d8:d7:75:45:81:24,ff:ff:ff:ff:ff:ff,ff:ff:ff:ff:ff:ff,d8:d7:75:45:81:24,d8:d7:75:45:81:24,FunBox2-8124,-46,1,2412,False,False
1778936045.340568,data,qos_null,aa:23:4f:4d:00:cf,74:ea:3a:a1:53:a6,74:ea:3a:a1:53:a6,aa:23:4f:4d:00:cf,74:ea:3a:a1:53:a6,,-85,1,2412,False,False
1778936045.4203813,management,beacon,d8:d7:75:45:81:24,ff:ff:ff:ff:ff:ff,ff:ff:ff:ff:ff:ff,d8:d7:75:45:81:24,d8:d7:75:45:81:24,FunBox2-8124,-47,1,2412,False,False
1778936045.61588,data,qos_null,aa:23:4f:4d:00:cf,74:ea:3a:a1:53:a6,74:ea:3a:a1:53:a6,aa:23:4f:4d:00:cf,74:ea:3a:a1:53:a6,,-89,1,2412,False,False
1778936045.6251917,management,beacon,d8:d7:75:45:81:24,ff:ff:ff:ff:ff:ff,ff:ff:ff:ff:ff:ff,d8:d7:75:45:81:24,d8:d7:75:45:81:24,FunBox2-8124,-47,1,2412,False,False
1778936045.7055283,data,qos_null,aa:23:4f:4d:00:cf,74:ea:3a:a1:53:a6,74:ea:3a:a1:53:a6,aa:23:4f:4d:00:cf,74:ea:3a:a1:53:a6,,-88,1,2412,False,False
1778936045.727637,management,beacon,d8:d7:75:45:81:24,ff:ff:ff:ff:ff:ff,ff:ff:ff:ff:ff:ff,d8:d7:75:45:81:24,d8:d7:75:45:81:24,FunBox2-8124,-45,1,2412,False,False
1778936045.7645147,data,qos_null,aa:23:4f:4d:00:cf,74:ea:3a:a1:53:a6,74:ea:3a:a1:53:a6,aa:23:4f:4d:00:cf,74:ea:3a:a1:53:a6,,-86,1,2412,False,False
1778936045.7897666,data,qos_null,aa:23:4f:4d:00:cf,74:ea:3a:a1:53:a6,74:ea:3a:a1:53:a6,aa:23:4f:4d:00:cf,74:ea:3a:a1:53:a6,,-86,1,2412,False,False
1778936045.8300076,management,beacon,d8:d7:75:45:81:24,ff:ff:ff:ff:ff:ff,ff:ff:ff:ff:ff:ff,d8:d7:75:45:81:24,d8:d7:75:45:81:24,FunBox2-8124,-46,1,2412,False,False
1778936045.9324665,management,beacon,d8:d7:75:45:81:24,ff:ff:ff:ff:ff:ff,ff:ff:ff:ff:ff:ff,d8:d7:75:45:81:24,d8:d7:75:45:81:24,FunBox2-8124,-46,1,2412,False,False
1778936045.997376,data,qos_null,aa:23:4f:4d:00:cf,74:ea:3a:a1:53:a6,74:ea:3a:a1:53:a6,aa:23:4f:4d:00:cf,74:ea:3a:a1:53:a6,,-88,1,2412,False,False
1778936046.0639963,data,qos_null,aa:23:4f:4d:00:cf,74:ea:3a:a1:53:a6,74:ea:3a:a1:53:a6,aa:23:4f:4d:00:cf,74:ea:3a:a1:53:a6,,-89,1,2412,False,False
1778936046.1372302,management,beacon,d8:d7:75:45:81:24,ff:ff:ff:ff:ff:ff,ff:ff:ff:ff:ff:ff,d8:d7:75:45:81:24,d8:d7:75:45:81:24,FunBox2-8124,-46,1,2412,False,False
1778936046.1435704,data,qos_null,aa:23:4f:4d:00:cf,74:ea:3a:a1:53:a6,74:ea:3a:a1:53:a6,aa:23:4f:4d:00:cf,74:ea:3a:a1:53:a6,,-86,1,2412,False,False
1778936046.2396383,management,beacon,d8:d7:75:45:81:24,ff:ff:ff:ff:ff:ff,ff:ff:ff:ff:ff:ff,d8:d7:75:45:81:24,d8:d7:75:45:81:24,FunBox2-8124,-46,1,2412,False,False
1778936046.342029,management,beacon,d8:d7:75:45:81:24,ff:ff:ff:ff:ff:ff,ff:ff:ff:ff:ff:ff,d8:d7:75:45:81:24,d8:d7:75:45:81:24,FunBox2-8124,-47,1,2412,False,False
1778936046.3432443,control,ack,,50:02:91:e8:18:ec,50:02:91:e8:18:ec,,,,-47,1,2412,False,False
1778936046.408905,data,qos_null,aa:23:4f:4d:00:cf,74:ea:3a:a1:53:a6,74:ea:3a:a1:53:a6,aa:23:4f:4d:00:cf,74:ea:3a:a1:53:a6,,-86,1,2412,False,False
1778936046.4444509,management,beacon,d8:d7:75:45:81:24,ff:ff:ff:ff:ff:ff,ff:ff:ff:ff:ff:ff,d8:d7:75:45:81:24,d8:d7:75:45:81:24,FunBox2-8124,-52,1,2412,False,False
1778936046.5041015,control,ack,,50:02:91:e8:18:ec,50:02:91:e8:18:ec,,,,-56,1,2412,False,False
1778936046.6492677,management,beacon,d8:d7:75:45:81:24,ff:ff:ff:ff:ff:ff,ff:ff:ff:ff:ff:ff,d8:d7:75:45:81:24,d8:d7:75:45:81:24,FunBox2-8124,-54,1,2412,False,False
1778936046.7516344,management,beacon,d8:d7:75:45:81:24,ff:ff:ff:ff:ff:ff,ff:ff:ff:ff:ff:ff,d8:d7:75:45:81:24,d8:d7:75:45:81:24,FunBox2-8124,-50,1,2412,False,False
1778936046.8540492,management,beacon,d8:d7:75:45:81:24,ff:ff:ff:ff:ff:ff,ff:ff:ff:ff:ff:ff,d8:d7:75:45:81:24,d8:d7:75:45:81:24,FunBox2-8124,-50,1,2412,False,False
1778936046.8934581,data,qos_null,aa:23:4f:4d:00:cf,74:ea:3a:a1:53:a6,74:ea:3a:a1:53:a6,aa:23:4f:4d:00:cf,74:ea:3a:a1:53:a6,,-88,1,2412,False,False
1778936046.9534888,data,qos_null,aa:23:4f:4d:00:cf,74:ea:3a:a1:53:a6,74:ea:3a:a1:53:a6,aa:23:4f:4d:00:cf,74:ea:3a:a1:53:a6,,-88,1,2412,False,False
1778936046.956437,management,beacon,d8:d7:75:45:81:24,ff:ff:ff:ff:ff:ff,ff:ff:ff:ff:ff:ff,d8:d7:75:45:81:24,d8:d7:75:45:81:24,FunBox2-8124,-51,1,2412,False,False
1778936047.064222,data,qos_null,aa:23:4f:4d:00:cf,74:ea:3a:a1:53:a6,74:ea:3a:a1:53:a6,aa:23:4f:4d:00:cf,74:ea:3a:a1:53:a6,,-86,1,2412,False,False
1778936047.1235616,data,qos_null,aa:23:4f:4d:00:cf,74:ea:3a:a1:53:a6,74:ea:3a:a1:53:a6,aa:23:4f:4d:00:cf,74:ea:3a:a1:53:a6,,-86,1,2412,False,False
1778936047.1488142,data,qos_null,aa:23:4f:4d:00:cf,74:ea:3a:a1:53:a6,74:ea:3a:a1:53:a6,aa:23:4f:4d:00:cf,74:ea:3a:a1:53:a6,,-88,1,2412,False,False
1778936047.2636807,management,beacon,d8:d7:75:45:81:24,ff:ff:ff:ff:ff:ff,ff:ff:ff:ff:ff:ff,d8:d7:75:45:81:24,d8:d7:75:45:81:24,FunBox2-8124,-49,1,2412,False,False
1778936047.331879,data,qos_null,aa:23:4f:4d:00:cf,74:ea:3a:a1:53:a6,74:ea:3a:a1:53:a6,aa:23:4f:4d:00:cf,74:ea:3a:a1:53:a6,,-88,1,2412,False,False
1778936047.3660612,management,beacon,d8:d7:75:45:81:24,ff:ff:ff:ff:ff:ff,ff:ff:ff:ff:ff:ff,d8:d7:75:45:81:24,d8:d7:75:45:81:24,FunBox2-8124,-49,1,2412,False,False
1778936047.3865578,data,qos_null,aa:23:4f:4d:00:cf,74:ea:3a:a1:53:a6,74:ea:3a:a1:53:a6,aa:23:4f:4d:00:cf,74:ea:3a:a1:53:a6,,-86,1,2412,False,False
1778936047.468477,management,beacon,d8:d7:75:45:81:24,ff:ff:ff:ff:ff:ff,ff:ff:ff:ff:ff:ff,d8:d7:75:45:81:24,d8:d7:75:45:81:24,FunBox2-8124,-51,1,2412,False,False
1778936047.499748,data,qos_null,aa:23:4f:4d:00:cf,74:ea:3a:a1:53:a6,74:ea:3a:a1:53:a6,aa:23:4f:4d:00:cf,74:ea:3a:a1:53:a6,,-87,1,2412,False,False
1778936047.5241416,data,qos_null,aa:23:4f:4d:00:cf,74:ea:3a:a1:53:a6,74:ea:3a:a1:53:a6,aa:23:4f:4d:00:cf,74:ea:3a:a1:53:a6,,-89,1,2412,False,False
1778936047.5708938,management,beacon,d8:d7:75:45:81:24,ff:ff:ff:ff:ff:ff,ff:ff:ff:ff:ff:ff,d8:d7:75:45:81:24,d8:d7:75:45:81:24,FunBox2-8124,-49,1,2412,False,False
1778936047.5716975,data,data,d8:d7:75:45:81:24,ff:ff:ff:ff:ff:ff,ff:ff:ff:ff:ff:ff,d8:d7:75:45:81:24,d8:d7:75:45:81:24,,-50,1,2412,True,False
1778936047.5719898,control,ack,,d8:d7:75:45:81:24,d8:d7:75:45:81:24,,,,-87,1,2412,False,False
1778936047.5723493,control,ack,,50:02:91:e8:18:ec,50:02:91:e8:18:ec,,,,-50,1,2412,False,False
1778936047.5735133,data,data,d8:d7:75:45:81:24,ff:ff:ff:ff:ff:ff,ff:ff:ff:ff:ff:ff,d8:d7:75:45:81:24,d8:d7:75:45:81:24,,-50,1,2412,True,False
1778936047.6963644,data,qos_null,aa:23:4f:4d:00:cf,74:ea:3a:a1:53:a6,74:ea:3a:a1:53:a6,aa:23:4f:4d:00:cf,74:ea:3a:a1:53:a6,,-91,1,2412,False,False
1778936047.7334251,control,ack,,50:02:91:e8:18:ec,50:02:91:e8:18:ec,,,,-53,1,2412,False,False
1778936047.7515914,data,qos_null,aa:23:4f:4d:00:cf,74:ea:3a:a1:53:a6,74:ea:3a:a1:53:a6,aa:23:4f:4d:00:cf,74:ea:3a:a1:53:a6,,-87,1,2412,False,False
1778936047.7756805,management,beacon,d8:d7:75:45:81:24,ff:ff:ff:ff:ff:ff,ff:ff:ff:ff:ff:ff,d8:d7:75:45:81:24,d8:d7:75:45:81:24,FunBox2-8124,-49,1,2412,False,False
1778936047.7768278,data,qos_null,aa:23:4f:4d:00:cf,74:ea:3a:a1:53:a6,74:ea:3a:a1:53:a6,aa:23:4f:4d:00:cf,74:ea:3a:a1:53:a6,,-89,1,2412,False,False
1778936047.8780782,management,beacon,d8:d7:75:45:81:24,ff:ff:ff:ff:ff:ff,ff:ff:ff:ff:ff:ff,d8:d7:75:45:81:24,d8:d7:75:45:81:24,FunBox2-8124,-49,1,2412,False,False
1778936047.8902805,data,qos_null,aa:23:4f:4d:00:cf,74:ea:3a:a1:53:a6,74:ea:3a:a1:53:a6,aa:23:4f:4d:00:cf,74:ea:3a:a1:53:a6,,-88,1,2412,False,False
1778936047.9805307,management,beacon,d8:d7:75:45:81:24,ff:ff:ff:ff:ff:ff,ff:ff:ff:ff:ff:ff,d8:d7:75:45:81:24,d8:d7:75:45:81:24,FunBox2-8124,-50,1,2412,False,False
1778936047.980971,data,qos_null,aa:23:4f:4d:00:cf,74:ea:3a:a1:53:a6,74:ea:3a:a1:53:a6,aa:23:4f:4d:00:cf,74:ea:3a:a1:53:a6,,-86,1,2412,False,False
1778936048.072947,data,qos_null,aa:23:4f:4d:00:cf,74:ea:3a:a1:53:a6,74:ea:3a:a1:53:a6,aa:23:4f:4d:00:cf,74:ea:3a:a1:53:a6,,-87,1,2412,False,False
1778936048.0828822,management,beacon,d8:d7:75:45:81:24,ff:ff:ff:ff:ff:ff,ff:ff:ff:ff:ff:ff,d8:d7:75:45:81:24,d8:d7:75:45:81:24,FunBox2-8124,-52,1,2412,False,False
1778936048.2529113,data,qos_null,aa:23:4f:4d:00:cf,74:ea:3a:a1:53:a6,74:ea:3a:a1:53:a6,aa:23:4f:4d:00:cf,74:ea:3a:a1:53:a6,,-91,1,2412,False,False
1778936048.2876916,management,beacon,d8:d7:75:45:81:24,ff:ff:ff:ff:ff:ff,ff:ff:ff:ff:ff:ff,d8:d7:75:45:81:24,d8:d7:75:45:81:24,FunBox2-8124,-50,1,2412,False,False
1778936048.3902702,management,beacon,d8:d7:75:45:81:24,ff:ff:ff:ff:ff:ff,ff:ff:ff:ff:ff:ff,d8:d7:75:45:81:24,d8:d7:75:45:81:24,FunBox2-8124,-46,1,2412,False,False
1778936048.4925182,management,beacon,d8:d7:75:45:81:24,ff:ff:ff:ff:ff:ff,ff:ff:ff:ff:ff:ff,d8:d7:75:45:81:24,d8:d7:75:45:81:24,FunBox2-8124,-46,1,2412,False,False
1778936048.5949552,management,beacon,d8:d7:75:45:81:24,ff:ff:ff:ff:ff:ff,ff:ff:ff:ff:ff:ff,d8:d7:75:45:81:24,d8:d7:75:45:81:24,FunBox2-8124,-47,1,2412,False,False
1778936048.6004925,control,ack,,50:02:91:e8:18:ec,50:02:91:e8:18:ec,,,,-48,1,2412,False,False
1778936048.7997642,management,beacon,d8:d7:75:45:81:24,ff:ff:ff:ff:ff:ff,ff:ff:ff:ff:ff:ff,d8:d7:75:45:81:24,d8:d7:75:45:81:24,FunBox2-8124,-45,1,2412,False,False
1778936048.9021194,management,beacon,d8:d7:75:45:81:24,ff:ff:ff:ff:ff:ff,ff:ff:ff:ff:ff:ff,d8:d7:75:45:81:24,d8:d7:75:45:81:24,FunBox2-8124,-45,1,2412,False,False
1778936049.0045197,management,beacon,d8:d7:75:45:81:24,ff:ff:ff:ff:ff:ff,ff:ff:ff:ff:ff:ff,d8:d7:75:45:81:24,d8:d7:75:45:81:24,FunBox2-8124,-45,1,2412,False,False
1778936049.106967,management,beacon,d8:d7:75:45:81:24,ff:ff:ff:ff:ff:ff,ff:ff:ff:ff:ff:ff,d8:d7:75:45:81:24,d8:d7:75:45:81:24,FunBox2-8124,-47,1,2412,False,False
1778936049.2182949,control,ack,,50:02:91:e8:18:ec,50:02:91:e8:18:ec,,,,-46,1,2412,False,False
1778936049.3117802,management,beacon,d8:d7:75:45:81:24,ff:ff:ff:ff:ff:ff,ff:ff:ff:ff:ff:ff,d8:d7:75:45:81:24,d8:d7:75:45:81:24,FunBox2-8124,-44,1,2412,False,False
1778936049.372281,data,qos_null,aa:23:4f:4d:00:cf,74:ea:3a:a1:53:a6,74:ea:3a:a1:53:a6,aa:23:4f:4d:00:cf,74:ea:3a:a1:53:a6,,-90,1,2412,False,False
1778936049.3791738,control,ack,,50:02:91:e8:18:ec,50:02:91:e8:18:ec,,,,-46,1,2412,False,False
1778936049.516584,management,beacon,d8:d7:75:45:81:24,ff:ff:ff:ff:ff:ff,ff:ff:ff:ff:ff:ff,d8:d7:75:45:81:24,d8:d7:75:45:81:24,FunBox2-8124,-45,1,2412,False,False
1778936049.5177553,control,ack,,50:02:91:e8:18:ec,50:02:91:e8:18:ec,,,,-46,1,2412,False,False
1778936049.6189723,management,beacon,d8:d7:75:45:81:24,ff:ff:ff:ff:ff:ff,ff:ff:ff:ff:ff:ff,d8:d7:75:45:81:24,d8:d7:75:45:81:24,FunBox2-8124,-45,1,2412,False,False
1778936049.6349492,data,qos_null,aa:23:4f:4d:00:cf,74:ea:3a:a1:53:a6,74:ea:3a:a1:53:a6,aa:23:4f:4d:00:cf,74:ea:3a:a1:53:a6,,-86,1,2412,False,False
1778936049.6709514,data,data,d8:d7:75:45:81:24,01:00:5e:00:00:01,01:00:5e:00:00:01,d8:d7:75:45:81:24,d8:d7:75:45:81:24,,-48,1,2412,True,False
1778936049.671251,control,ack,,d8:d7:75:45:81:24,d8:d7:75:45:81:24,,,,-85,1,2412,False,False
1778936049.690253,data,qos_null,aa:23:4f:4d:00:cf,74:ea:3a:a1:53:a6,74:ea:3a:a1:53:a6,aa:23:4f:4d:00:cf,74:ea:3a:a1:53:a6,,-87,1,2412,False,False
1778936049.7155147,data,qos_null,aa:23:4f:4d:00:cf,74:ea:3a:a1:53:a6,74:ea:3a:a1:53:a6,aa:23:4f:4d:00:cf,74:ea:3a:a1:53:a6,,-87,1,2412,False,False
1778936049.8237417,management,beacon,d8:d7:75:45:81:24,ff:ff:ff:ff:ff:ff,ff:ff:ff:ff:ff:ff,d8:d7:75:45:81:24,d8:d7:75:45:81:24,FunBox2-8124,-46,1,2412,False,False
1778936049.8317194,control,ack,,50:02:91:e8:18:ec,50:02:91:e8:18:ec,,,,-46,1,2412,False,False
1778936049.926208,management,beacon,d8:d7:75:45:81:24,ff:ff:ff:ff:ff:ff,ff:ff:ff:ff:ff:ff,d8:d7:75:45:81:24,d8:d7:75:45:81:24,FunBox2-8124,-45,1,2412,False,False
1778936050.0285497,management,beacon,d8:d7:75:45:81:24,ff:ff:ff:ff:ff:ff,ff:ff:ff:ff:ff:ff,d8:d7:75:45:81:24,d8:d7:75:45:81:24,FunBox2-8124,-45,1,2412,False,False
1778936050.1309695,management,beacon,d8:d7:75:45:81:24,ff:ff:ff:ff:ff:ff,ff:ff:ff:ff:ff:ff,d8:d7:75:45:81:24,d8:d7:75:45:81:24,FunBox2-8124,-45,1,2412,False,False
1778936050.2225695,data,qos_null,aa:23:4f:4d:00:cf,74:ea:3a:a1:53:a6,74:ea:3a:a1:53:a6,aa:23:4f:4d:00:cf,74:ea:3a:a1:53:a6,,-86,1,2412,False,False
1778936050.2740955,data,qos_null,aa:23:4f:4d:00:cf,74:ea:3a:a1:53:a6,74:ea:3a:a1:53:a6,aa:23:4f:4d:00:cf,74:ea:3a:a1:53:a6,,-88,1,2412,False,False
1778936050.3358161,management,beacon,d8:d7:75:45:81:24,ff:ff:ff:ff:ff:ff,ff:ff:ff:ff:ff:ff,d8:d7:75:45:81:24,d8:d7:75:45:81:24,FunBox2-8124,-44,1,2412,False,False
1778936050.438212,management,beacon,d8:d7:75:45:81:24,ff:ff:ff:ff:ff:ff,ff:ff:ff:ff:ff:ff,d8:d7:75:45:81:24,d8:d7:75:45:81:24,FunBox2-8124,-44,1,2412,False,False
1778936050.54062,management,beacon,d8:d7:75:45:81:24,ff:ff:ff:ff:ff:ff,ff:ff:ff:ff:ff:ff,d8:d7:75:45:81:24,d8:d7:75:45:81:24,FunBox2-8124,-44,1,2412,False,False
1778936050.6430092,management,beacon,d8:d7:75:45:81:24,ff:ff:ff:ff:ff:ff,ff:ff:ff:ff:ff:ff,d8:d7:75:45:81:24,d8:d7:75:45:81:24,FunBox2-8124,-46,1,2412,False,False
1778936050.64419,control,ack,,50:02:91:e8:18:ec,50:02:91:e8:18:ec,,,,-46,1,2412,False,False
1778936050.710091,data,qos_null,aa:23:4f:4d:00:cf,74:ea:3a:a1:53:a6,74:ea:3a:a1:53:a6,aa:23:4f:4d:00:cf,74:ea:3a:a1:53:a6,,-86,1,2412,False,False
1778936050.710893,data,qos_null,aa:23:4f:4d:00:cf,74:ea:3a:a1:53:a6,74:ea:3a:a1:53:a6,aa:23:4f:4d:00:cf,74:ea:3a:a1:53:a6,,-88,1,2412,False,True
1778936050.7117176,data,qos_null,aa:23:4f:4d:00:cf,74:ea:3a:a1:53:a6,74:ea:3a:a1:53:a6,aa:23:4f:4d:00:cf,74:ea:3a:a1:53:a6,,-90,1,2412,False,True
1778936050.714468,data,qos_data,aa:23:4f:4d:00:cf,74:ea:3a:a1:53:a6,74:ea:3a:a1:53:a6,aa:23:4f:4d:00:cf,d8:a7:56:15:ac:05,,-86,1,2412,False,False
1778936050.8050714,control,ack,,50:02:91:e8:18:ec,50:02:91:e8:18:ec,,,,-51,1,2412,False,False
1778936050.847817,management,beacon,d8:d7:75:45:81:24,ff:ff:ff:ff:ff:ff,ff:ff:ff:ff:ff:ff,d8:d7:75:45:81:24,d8:d7:75:45:81:24,FunBox2-8124,-51,1,2412,False,False
1778936050.9144166,data,qos_null,aa:23:4f:4d:00:cf,74:ea:3a:a1:53:a6,74:ea:3a:a1:53:a6,aa:23:4f:4d:00:cf,74:ea:3a:a1:53:a6,,-90,1,2412,False,False
1778936050.9152436,data,qos_null,aa:23:4f:4d:00:cf,74:ea:3a:a1:53:a6,74:ea:3a:a1:53:a6,aa:23:4f:4d:00:cf,74:ea:3a:a1:53:a6,,-89,1,2412,False,True
1778936050.9160237,data,qos_null,aa:23:4f:4d:00:cf,74:ea:3a:a1:53:a6,74:ea:3a:a1:53:a6,aa:23:4f:4d:00:cf,74:ea:3a:a1:53:a6,,-89,1,2412,False,True
1778936050.9168355,data,qos_null,aa:23:4f:4d:00:cf,74:ea:3a:a1:53:a6,74:ea:3a:a1:53:a6,aa:23:4f:4d:00:cf,74:ea:3a:a1:53:a6,,-88,1,2412,False,True
1778936050.9176822,data,qos_null,aa:23:4f:4d:00:cf,74:ea:3a:a1:53:a6,74:ea:3a:a1:53:a6,aa:23:4f:4d:00:cf,74:ea:3a:a1:53:a6,,-86,1,2412,False,True
1778936050.9184897,data,qos_null,aa:23:4f:4d:00:cf,74:ea:3a:a1:53:a6,74:ea:3a:a1:53:a6,aa:23:4f:4d:00:cf,74:ea:3a:a1:53:a6,,-90,1,2412,False,True
1778936050.9193025,data,qos_null,aa:23:4f:4d:00:cf,74:ea:3a:a1:53:a6,74:ea:3a:a1:53:a6,aa:23:4f:4d:00:cf,74:ea:3a:a1:53:a6,,-89,1,2412,False,True
1778936050.9218926,data,qos_null,aa:23:4f:4d:00:cf,74:ea:3a:a1:53:a6,74:ea:3a:a1:53:a6,aa:23:4f:4d:00:cf,74:ea:3a:a1:53:a6,,-87,1,2412,False,True
1778936050.92268,data,qos_null,aa:23:4f:4d:00:cf,74:ea:3a:a1:53:a6,74:ea:3a:a1:53:a6,aa:23:4f:4d:00:cf,74:ea:3a:a1:53:a6,,-89,1,2412,False,True
1778936050.9234898,data,qos_null,aa:23:4f:4d:00:cf,74:ea:3a:a1:53:a6,74:ea:3a:a1:53:a6,aa:23:4f:4d:00:cf,74:ea:3a:a1:53:a6,,-87,1,2412,False,True
1778936050.9243095,data,qos_null,aa:23:4f:4d:00:cf,74:ea:3a:a1:53:a6,74:ea:3a:a1:53:a6,aa:23:4f:4d:00:cf,74:ea:3a:a1:53:a6,,-89,1,2412,False,True
1778936050.9251509,data,qos_null,aa:23:4f:4d:00:cf,74:ea:3a:a1:53:a6,74:ea:3a:a1:53:a6,aa:23:4f:4d:00:cf,74:ea:3a:a1:53:a6,,-91,1,2412,False,True
1778936050.9259405,data,qos_null,aa:23:4f:4d:00:cf,74:ea:3a:a1:53:a6,74:ea:3a:a1:53:a6,aa:23:4f:4d:00:cf,74:ea:3a:a1:53:a6,,-88,1,2412,False,True
1778936050.9267783,data,qos_null,aa:23:4f:4d:00:cf,74:ea:3a:a1:53:a6,74:ea:3a:a1:53:a6,aa:23:4f:4d:00:cf,74:ea:3a:a1:53:a6,,-88,1,2412,False,False
1778936050.9275787,data,qos_null,aa:23:4f:4d:00:cf,74:ea:3a:a1:53:a6,74:ea:3a:a1:53:a6,aa:23:4f:4d:00:cf,74:ea:3a:a1:53:a6,,-89,1,2412,False,True
1778936050.9300451,data,qos_null,aa:23:4f:4d:00:cf,74:ea:3a:a1:53:a6,74:ea:3a:a1:53:a6,aa:23:4f:4d:00:cf,74:ea:3a:a1:53:a6,,-90,1,2412,False,True
1778936050.930872,data,qos_null,aa:23:4f:4d:00:cf,74:ea:3a:a1:53:a6,74:ea:3a:a1:53:a6,aa:23:4f:4d:00:cf,74:ea:3a:a1:53:a6,,-88,1,2412,False,True
1778936050.931683,data,qos_null,aa:23:4f:4d:00:cf,74:ea:3a:a1:53:a6,74:ea:3a:a1:53:a6,aa:23:4f:4d:00:cf,74:ea:3a:a1:53:a6,,-90,1,2412,False,True
1778936050.9324758,data,qos_null,aa:23:4f:4d:00:cf,74:ea:3a:a1:53:a6,74:ea:3a:a1:53:a6,aa:23:4f:4d:00:cf,74:ea:3a:a1:53:a6,,-89,1,2412,False,True
1778936050.9340522,data,qos_null,aa:23:4f:4d:00:cf,74:ea:3a:a1:53:a6,74:ea:3a:a1:53:a6,aa:23:4f:4d:00:cf,74:ea:3a:a1:53:a6,,-89,1,2412,False,True
1778936050.9348915,data,qos_null,aa:23:4f:4d:00:cf,74:ea:3a:a1:53:a6,74:ea:3a:a1:53:a6,aa:23:4f:4d:00:cf,74:ea:3a:a1:53:a6,,-87,1,2412,False,True
1778936050.9356756,data,qos_null,aa:23:4f:4d:00:cf,74:ea:3a:a1:53:a6,74:ea:3a:a1:53:a6,aa:23:4f:4d:00:cf,74:ea:3a:a1:53:a6,,-87,1,2412,False,True
1778936050.9364905,data,qos_null,aa:23:4f:4d:00:cf,74:ea:3a:a1:53:a6,74:ea:3a:a1:53:a6,aa:23:4f:4d:00:cf,74:ea:3a:a1:53:a6,,-91,1,2412,False,True
1778936050.9372861,data,qos_null,aa:23:4f:4d:00:cf,74:ea:3a:a1:53:a6,74:ea:3a:a1:53:a6,aa:23:4f:4d:00:cf,74:ea:3a:a1:53:a6,,-89,1,2412,False,True
1778936050.93892,data,qos_null,aa:23:4f:4d:00:cf,74:ea:3a:a1:53:a6,74:ea:3a:a1:53:a6,aa:23:4f:4d:00:cf,74:ea:3a:a1:53:a6,,-87,1,2412,False,False
1778936050.939767,data,qos_null,aa:23:4f:4d:00:cf,74:ea:3a:a1:53:a6,74:ea:3a:a1:53:a6,aa:23:4f:4d:00:cf,74:ea:3a:a1:53:a6,,-86,1,2412,False,True
1778936050.9405434,data,qos_null,aa:23:4f:4d:00:cf,74:ea:3a:a1:53:a6,74:ea:3a:a1:53:a6,aa:23:4f:4d:00:cf,74:ea:3a:a1:53:a6,,-86,1,2412,False,True
1778936050.9413364,data,qos_null,aa:23:4f:4d:00:cf,74:ea:3a:a1:53:a6,74:ea:3a:a1:53:a6,aa:23:4f:4d:00:cf,74:ea:3a:a1:53:a6,,-90,1,2412,False,True
1778936050.9421299,data,qos_null,aa:23:4f:4d:00:cf,74:ea:3a:a1:53:a6,74:ea:3a:a1:53:a6,aa:23:4f:4d:00:cf,74:ea:3a:a1:53:a6,,-88,1,2412,False,True
1778936050.9429243,data,qos_null,aa:23:4f:4d:00:cf,74:ea:3a:a1:53:a6,74:ea:3a:a1:53:a6,aa:23:4f:4d:00:cf,74:ea:3a:a1:53:a6,,-89,1,2412,False,True
1778936050.943741,data,qos_null,aa:23:4f:4d:00:cf,74:ea:3a:a1:53:a6,74:ea:3a:a1:53:a6,aa:23:4f:4d:00:cf,74:ea:3a:a1:53:a6,,-90,1,2412,False,True
1778936050.9445586,data,qos_null,aa:23:4f:4d:00:cf,74:ea:3a:a1:53:a6,74:ea:3a:a1:53:a6,aa:23:4f:4d:00:cf,74:ea:3a:a1:53:a6,,-89,1,2412,False,True
1778936050.945394,data,qos_null,aa:23:4f:4d:00:cf,74:ea:3a:a1:53:a6,74:ea:3a:a1:53:a6,aa:23:4f:4d:00:cf,74:ea:3a:a1:53:a6,,-92,1,2412,False,True
1778936050.9461777,data,qos_null,aa:23:4f:4d:00:cf,74:ea:3a:a1:53:a6,74:ea:3a:a1:53:a6,aa:23:4f:4d:00:cf,74:ea:3a:a1:53:a6,,-91,1,2412,False,True
1778936050.947004,data,qos_null,aa:23:4f:4d:00:cf,74:ea:3a:a1:53:a6,74:ea:3a:a1:53:a6,aa:23:4f:4d:00:cf,74:ea:3a:a1:53:a6,,-90,1,2412,False,True
1778936050.9515154,data,qos_null,aa:23:4f:4d:00:cf,74:ea:3a:a1:53:a6,74:ea:3a:a1:53:a6,aa:23:4f:4d:00:cf,74:ea:3a:a1:53:a6,,-89,1,2412,False,True
1778936050.9523365,data,qos_null,aa:23:4f:4d:00:cf,74:ea:3a:a1:53:a6,74:ea:3a:a1:53:a6,aa:23:4f:4d:00:cf,74:ea:3a:a1:53:a6,,-90,1,2412,False,False
1778936050.9531362,data,qos_null,aa:23:4f:4d:00:cf,74:ea:3a:a1:53:a6,74:ea:3a:a1:53:a6,aa:23:4f:4d:00:cf,74:ea:3a:a1:53:a6,,-89,1,2412,False,True
1778936050.953927,data,qos_null,aa:23:4f:4d:00:cf,74:ea:3a:a1:53:a6,74:ea:3a:a1:53:a6,aa:23:4f:4d:00:cf,74:ea:3a:a1:53:a6,,-89,1,2412,False,True
1778936050.9547477,data,qos_null,aa:23:4f:4d:00:cf,74:ea:3a:a1:53:a6,74:ea:3a:a1:53:a6,aa:23:4f:4d:00:cf,74:ea:3a:a1:53:a6,,-88,1,2412,False,True
1778936050.955561,data,qos_null,aa:23:4f:4d:00:cf,74:ea:3a:a1:53:a6,74:ea:3a:a1:53:a6,aa:23:4f:4d:00:cf,74:ea:3a:a1:53:a6,,-90,1,2412,False,True
1778936050.9563785,data,qos_null,aa:23:4f:4d:00:cf,74:ea:3a:a1:53:a6,74:ea:3a:a1:53:a6,aa:23:4f:4d:00:cf,74:ea:3a:a1:53:a6,,-88,1,2412,False,True
1778936050.9579678,data,qos_null,aa:23:4f:4d:00:cf,74:ea:3a:a1:53:a6,74:ea:3a:a1:53:a6,aa:23:4f:4d:00:cf,74:ea:3a:a1:53:a6,,-86,1,2412,False,True
1778936050.9587514,data,qos_null,aa:23:4f:4d:00:cf,74:ea:3a:a1:53:a6,74:ea:3a:a1:53:a6,aa:23:4f:4d:00:cf,74:ea:3a:a1:53:a6,,-87,1,2412,False,True
1778936050.9595585,data,qos_null,aa:23:4f:4d:00:cf,74:ea:3a:a1:53:a6,74:ea:3a:a1:53:a6,aa:23:4f:4d:00:cf,74:ea:3a:a1:53:a6,,-89,1,2412,False,True
1778936050.9603858,data,qos_null,aa:23:4f:4d:00:cf,74:ea:3a:a1:53:a6,74:ea:3a:a1:53:a6,aa:23:4f:4d:00:cf,74:ea:3a:a1:53:a6,,-87,1,2412,False,True
1778936050.961223,data,qos_null,aa:23:4f:4d:00:cf,74:ea:3a:a1:53:a6,74:ea:3a:a1:53:a6,aa:23:4f:4d:00:cf,74:ea:3a:a1:53:a6,,-89,1,2412,False,True
1778936050.9620311,data,qos_null,aa:23:4f:4d:00:cf,74:ea:3a:a1:53:a6,74:ea:3a:a1:53:a6,aa:23:4f:4d:00:cf,74:ea:3a:a1:53:a6,,-89,1,2412,False,True
1778936050.9628866,data,qos_null,aa:23:4f:4d:00:cf,74:ea:3a:a1:53:a6,74:ea:3a:a1:53:a6,aa:23:4f:4d:00:cf,74:ea:3a:a1:53:a6,,-88,1,2412,False,True
1778936050.963705,data,qos_null,aa:23:4f:4d:00:cf,74:ea:3a:a1:53:a6,74:ea:3a:a1:53:a6,aa:23:4f:4d:00:cf,74:ea:3a:a1:53:a6,,-91,1,2412,False,True
1778936051.0145848,data,qos_null,aa:23:4f:4d:00:cf,74:ea:3a:a1:53:a6,74:ea:3a:a1:53:a6,aa:23:4f:4d:00:cf,74:ea:3a:a1:53:a6,,-90,1,2412,False,False
1778936051.0154097,data,qos_null,aa:23:4f:4d:00:cf,74:ea:3a:a1:53:a6,74:ea:3a:a1:53:a6,aa:23:4f:4d:00:cf,74:ea:3a:a1:53:a6,,-88,1,2412,False,True
1778936051.0178416,data,qos_null,aa:23:4f:4d:00:cf,74:ea:3a:a1:53:a6,74:ea:3a:a1:53:a6,aa:23:4f:4d:00:cf,74:ea:3a:a1:53:a6,,-90,1,2412,False,True
1778936051.0194397,data,qos_null,aa:23:4f:4d:00:cf,74:ea:3a:a1:53:a6,74:ea:3a:a1:53:a6,aa:23:4f:4d:00:cf,74:ea:3a:a1:53:a6,,-89,1,2412,False,True
1778936051.02029,data,qos_null,aa:23:4f:4d:00:cf,74:ea:3a:a1:53:a6,74:ea:3a:a1:53:a6,aa:23:4f:4d:00:cf,74:ea:3a:a1:53:a6,,-86,1,2412,False,True
1778936051.0210755,data,qos_null,aa:23:4f:4d:00:cf,74:ea:3a:a1:53:a6,74:ea:3a:a1:53:a6,aa:23:4f:4d:00:cf,74:ea:3a:a1:53:a6,,-90,1,2412,False,True
1778936051.0227323,data,qos_null,aa:23:4f:4d:00:cf,74:ea:3a:a1:53:a6,74:ea:3a:a1:53:a6,aa:23:4f:4d:00:cf,74:ea:3a:a1:53:a6,,-90,1,2412,False,True
1778936051.0235546,data,qos_null,aa:23:4f:4d:00:cf,74:ea:3a:a1:53:a6,74:ea:3a:a1:53:a6,aa:23:4f:4d:00:cf,74:ea:3a:a1:53:a6,,-86,1,2412,False,True
1778936051.0243733,data,qos_null,aa:23:4f:4d:00:cf,74:ea:3a:a1:53:a6,74:ea:3a:a1:53:a6,aa:23:4f:4d:00:cf,74:ea:3a:a1:53:a6,,-87,1,2412,False,True
1778936051.0260217,data,qos_null,aa:23:4f:4d:00:cf,74:ea:3a:a1:53:a6,74:ea:3a:a1:53:a6,aa:23:4f:4d:00:cf,74:ea:3a:a1:53:a6,,-88,1,2412,False,True
1778936051.0268314,data,qos_null,aa:23:4f:4d:00:cf,74:ea:3a:a1:53:a6,74:ea:3a:a1:53:a6,aa:23:4f:4d:00:cf,74:ea:3a:a1:53:a6,,-86,1,2412,False,False
1778936051.027691,data,qos_null,aa:23:4f:4d:00:cf,74:ea:3a:a1:53:a6,74:ea:3a:a1:53:a6,aa:23:4f:4d:00:cf,74:ea:3a:a1:53:a6,,-89,1,2412,False,True
1778936051.0284834,data,qos_null,aa:23:4f:4d:00:cf,74:ea:3a:a1:53:a6,74:ea:3a:a1:53:a6,aa:23:4f:4d:00:cf,74:ea:3a:a1:53:a6,,-90,1,2412,False,True
1778936051.0293064,data,qos_null,aa:23:4f:4d:00:cf,74:ea:3a:a1:53:a6,74:ea:3a:a1:53:a6,aa:23:4f:4d:00:cf,74:ea:3a:a1:53:a6,,-87,1,2412,False,True
1778936051.0300863,data,qos_null,aa:23:4f:4d:00:cf,74:ea:3a:a1:53:a6,74:ea:3a:a1:53:a6,aa:23:4f:4d:00:cf,74:ea:3a:a1:53:a6,,-89,1,2412,False,True
1778936051.0308783,data,qos_null,aa:23:4f:4d:00:cf,74:ea:3a:a1:53:a6,74:ea:3a:a1:53:a6,aa:23:4f:4d:00:cf,74:ea:3a:a1:53:a6,,-87,1,2412,False,True
1778936051.031724,data,qos_null,aa:23:4f:4d:00:cf,74:ea:3a:a1:53:a6,74:ea:3a:a1:53:a6,aa:23:4f:4d:00:cf,74:ea:3a:a1:53:a6,,-91,1,2412,False,True
1778936051.0326335,data,qos_null,aa:23:4f:4d:00:cf,74:ea:3a:a1:53:a6,74:ea:3a:a1:53:a6,aa:23:4f:4d:00:cf,74:ea:3a:a1:53:a6,,-89,1,2412,False,True
1778936051.0335045,data,qos_null,aa:23:4f:4d:00:cf,74:ea:3a:a1:53:a6,74:ea:3a:a1:53:a6,aa:23:4f:4d:00:cf,74:ea:3a:a1:53:a6,,-89,1,2412,False,True
1778936051.0343313,data,qos_null,aa:23:4f:4d:00:cf,74:ea:3a:a1:53:a6,74:ea:3a:a1:53:a6,aa:23:4f:4d:00:cf,74:ea:3a:a1:53:a6,,-88,1,2412,False,True
1778936051.035131,data,qos_null,aa:23:4f:4d:00:cf,74:ea:3a:a1:53:a6,74:ea:3a:a1:53:a6,aa:23:4f:4d:00:cf,74:ea:3a:a1:53:a6,,-89,1,2412,False,True
1778936051.0359366,data,qos_null,aa:23:4f:4d:00:cf,74:ea:3a:a1:53:a6,74:ea:3a:a1:53:a6,aa:23:4f:4d:00:cf,74:ea:3a:a1:53:a6,,-87,1,2412,False,True
1778936051.036778,data,qos_null,aa:23:4f:4d:00:cf,74:ea:3a:a1:53:a6,74:ea:3a:a1:53:a6,aa:23:4f:4d:00:cf,74:ea:3a:a1:53:a6,,-88,1,2412,False,True
1778936051.0375733,data,qos_null,aa:23:4f:4d:00:cf,74:ea:3a:a1:53:a6,74:ea:3a:a1:53:a6,aa:23:4f:4d:00:cf,74:ea:3a:a1:53:a6,,-88,1,2412,False,True
1778936051.038423,data,qos_null,aa:23:4f:4d:00:cf,74:ea:3a:a1:53:a6,74:ea:3a:a1:53:a6,aa:23:4f:4d:00:cf,74:ea:3a:a1:53:a6,,-88,1,2412,False,True
1778936051.0392635,data,qos_null,aa:23:4f:4d:00:cf,74:ea:3a:a1:53:a6,74:ea:3a:a1:53:a6,aa:23:4f:4d:00:cf,74:ea:3a:a1:53:a6,,-88,1,2412,False,False
1778936051.0401216,data,qos_null,aa:23:4f:4d:00:cf,74:ea:3a:a1:53:a6,74:ea:3a:a1:53:a6,aa:23:4f:4d:00:cf,74:ea:3a:a1:53:a6,,-86,1,2412,False,True
1778936051.041762,data,qos_null,aa:23:4f:4d:00:cf,74:ea:3a:a1:53:a6,74:ea:3a:a1:53:a6,aa:23:4f:4d:00:cf,74:ea:3a:a1:53:a6,,-86,1,2412,False,True
1778936051.0425723,data,qos_null,aa:23:4f:4d:00:cf,74:ea:3a:a1:53:a6,74:ea:3a:a1:53:a6,aa:23:4f:4d:00:cf,74:ea:3a:a1:53:a6,,-85,1,2412,False,True
1778936051.0433903,data,qos_null,aa:23:4f:4d:00:cf,74:ea:3a:a1:53:a6,74:ea:3a:a1:53:a6,aa:23:4f:4d:00:cf,74:ea:3a:a1:53:a6,,-89,1,2412,False,True
1778936051.0442233,data,qos_null,aa:23:4f:4d:00:cf,74:ea:3a:a1:53:a6,74:ea:3a:a1:53:a6,aa:23:4f:4d:00:cf,74:ea:3a:a1:53:a6,,-87,1,2412,False,True
1778936051.045829,data,qos_null,aa:23:4f:4d:00:cf,74:ea:3a:a1:53:a6,74:ea:3a:a1:53:a6,aa:23:4f:4d:00:cf,74:ea:3a:a1:53:a6,,-90,1,2412,False,True
1778936051.046601,data,qos_null,aa:23:4f:4d:00:cf,74:ea:3a:a1:53:a6,74:ea:3a:a1:53:a6,aa:23:4f:4d:00:cf,74:ea:3a:a1:53:a6,,-92,1,2412,False,True
1778936051.0482082,data,qos_null,aa:23:4f:4d:00:cf,74:ea:3a:a1:53:a6,74:ea:3a:a1:53:a6,aa:23:4f:4d:00:cf,74:ea:3a:a1:53:a6,,-87,1,2412,False,True
1778936051.0498326,data,qos_null,aa:23:4f:4d:00:cf,74:ea:3a:a1:53:a6,74:ea:3a:a1:53:a6,aa:23:4f:4d:00:cf,74:ea:3a:a1:53:a6,,-86,1,2412,False,True
1778936051.0525784,management,beacon,d8:d7:75:45:81:24,ff:ff:ff:ff:ff:ff,ff:ff:ff:ff:ff:ff,d8:d7:75:45:81:24,d8:d7:75:45:81:24,FunBox2-8124,-45,1,2412,False,False
1778936051.0536735,data,qos_null,aa:23:4f:4d:00:cf,74:ea:3a:a1:53:a6,74:ea:3a:a1:53:a6,aa:23:4f:4d:00:cf,74:ea:3a:a1:53:a6,,-89,1,2412,False,True
1778936051.0545018,data,qos_null,aa:23:4f:4d:00:cf,74:ea:3a:a1:53:a6,74:ea:3a:a1:53:a6,aa:23:4f:4d:00:cf,74:ea:3a:a1:53:a6,,-87,1,2412,False,True
1778936051.055273,data,qos_null,aa:23:4f:4d:00:cf,74:ea:3a:a1:53:a6,74:ea:3a:a1:53:a6,aa:23:4f:4d:00:cf,74:ea:3a:a1:53:a6,,-88,1,2412,False,True
1778936051.056093,data,qos_null,aa:23:4f:4d:00:cf,74:ea:3a:a1:53:a6,74:ea:3a:a1:53:a6,aa:23:4f:4d:00:cf,74:ea:3a:a1:53:a6,,-92,1,2412,False,True
1778936051.0577476,data,qos_null,aa:23:4f:4d:00:cf,74:ea:3a:a1:53:a6,74:ea:3a:a1:53:a6,aa:23:4f:4d:00:cf,74:ea:3a:a1:53:a6,,-87,1,2412,False,True
1778936051.0593247,data,qos_null,aa:23:4f:4d:00:cf,74:ea:3a:a1:53:a6,74:ea:3a:a1:53:a6,aa:23:4f:4d:00:cf,74:ea:3a:a1:53:a6,,-89,1,2412,False,True
1778936051.06016,data,qos_null,aa:23:4f:4d:00:cf,74:ea:3a:a1:53:a6,74:ea:3a:a1:53:a6,aa:23:4f:4d:00:cf,74:ea:3a:a1:53:a6,,-88,1,2412,False,True
1778936051.0618236,data,qos_null,aa:23:4f:4d:00:cf,74:ea:3a:a1:53:a6,74:ea:3a:a1:53:a6,aa:23:4f:4d:00:cf,74:ea:3a:a1:53:a6,,-86,1,2412,False,True
1778936051.0626538,data,qos_null,aa:23:4f:4d:00:cf,74:ea:3a:a1:53:a6,74:ea:3a:a1:53:a6,aa:23:4f:4d:00:cf,74:ea:3a:a1:53:a6,,-88,1,2412,False,True
1778936051.0642893,data,qos_null,aa:23:4f:4d:00:cf,74:ea:3a:a1:53:a6,74:ea:3a:a1:53:a6,aa:23:4f:4d:00:cf,74:ea:3a:a1:53:a6,,-87,1,2412,False,True
1778936051.1151428,data,qos_null,aa:23:4f:4d:00:cf,74:ea:3a:a1:53:a6,74:ea:3a:a1:53:a6,aa:23:4f:4d:00:cf,74:ea:3a:a1:53:a6,,-89,1,2412,False,False
1778936051.1166968,data,qos_null,aa:23:4f:4d:00:cf,74:ea:3a:a1:53:a6,74:ea:3a:a1:53:a6,aa:23:4f:4d:00:cf,74:ea:3a:a1:53:a6,,-89,1,2412,False,True
1778936051.1175416,data,qos_null,aa:23:4f:4d:00:cf,74:ea:3a:a1:53:a6,74:ea:3a:a1:53:a6,aa:23:4f:4d:00:cf,74:ea:3a:a1:53:a6,,-87,1,2412,False,True
1778936051.1183512,data,qos_null,aa:23:4f:4d:00:cf,74:ea:3a:a1:53:a6,74:ea:3a:a1:53:a6,aa:23:4f:4d:00:cf,74:ea:3a:a1:53:a6,,-89,1,2412,False,True
1778936051.119151,data,qos_null,aa:23:4f:4d:00:cf,74:ea:3a:a1:53:a6,74:ea:3a:a1:53:a6,aa:23:4f:4d:00:cf,74:ea:3a:a1:53:a6,,-88,1,2412,False,True
1778936051.1199408,data,qos_null,aa:23:4f:4d:00:cf,74:ea:3a:a1:53:a6,74:ea:3a:a1:53:a6,aa:23:4f:4d:00:cf,74:ea:3a:a1:53:a6,,-88,1,2412,False,True
1778936051.1208012,data,qos_null,aa:23:4f:4d:00:cf,74:ea:3a:a1:53:a6,74:ea:3a:a1:53:a6,aa:23:4f:4d:00:cf,74:ea:3a:a1:53:a6,,-91,1,2412,False,True
1778936051.121637,data,qos_null,aa:23:4f:4d:00:cf,74:ea:3a:a1:53:a6,74:ea:3a:a1:53:a6,aa:23:4f:4d:00:cf,74:ea:3a:a1:53:a6,,-89,1,2412,False,True
1778936051.1224666,data,qos_null,aa:23:4f:4d:00:cf,74:ea:3a:a1:53:a6,74:ea:3a:a1:53:a6,aa:23:4f:4d:00:cf,74:ea:3a:a1:53:a6,,-90,1,2412,False,True
1778936051.1232972,data,qos_null,aa:23:4f:4d:00:cf,74:ea:3a:a1:53:a6,74:ea:3a:a1:53:a6,aa:23:4f:4d:00:cf,74:ea:3a:a1:53:a6,,-90,1,2412,False,True
1778936051.1240773,data,qos_null,aa:23:4f:4d:00:cf,74:ea:3a:a1:53:a6,74:ea:3a:a1:53:a6,aa:23:4f:4d:00:cf,74:ea:3a:a1:53:a6,,-89,1,2412,False,True
1778936051.125715,data,qos_null,aa:23:4f:4d:00:cf,74:ea:3a:a1:53:a6,74:ea:3a:a1:53:a6,aa:23:4f:4d:00:cf,74:ea:3a:a1:53:a6,,-87,1,2412,False,True
1778936051.126509,data,qos_null,aa:23:4f:4d:00:cf,74:ea:3a:a1:53:a6,74:ea:3a:a1:53:a6,aa:23:4f:4d:00:cf,74:ea:3a:a1:53:a6,,-86,1,2412,False,True
1778936051.1273115,data,qos_null,aa:23:4f:4d:00:cf,74:ea:3a:a1:53:a6,74:ea:3a:a1:53:a6,aa:23:4f:4d:00:cf,74:ea:3a:a1:53:a6,,-87,1,2412,False,False
1778936051.1281257,data,qos_null,aa:23:4f:4d:00:cf,74:ea:3a:a1:53:a6,74:ea:3a:a1:53:a6,aa:23:4f:4d:00:cf,74:ea:3a:a1:53:a6,,-86,1,2412,False,True
1778936051.1297894,data,qos_null,aa:23:4f:4d:00:cf,74:ea:3a:a1:53:a6,74:ea:3a:a1:53:a6,aa:23:4f:4d:00:cf,74:ea:3a:a1:53:a6,,-86,1,2412,False,True
1778936051.1306736,data,qos_null,aa:23:4f:4d:00:cf,74:ea:3a:a1:53:a6,74:ea:3a:a1:53:a6,aa:23:4f:4d:00:cf,74:ea:3a:a1:53:a6,,-89,1,2412,False,True
1778936051.1314561,data,qos_null,aa:23:4f:4d:00:cf,74:ea:3a:a1:53:a6,74:ea:3a:a1:53:a6,aa:23:4f:4d:00:cf,74:ea:3a:a1:53:a6,,-88,1,2412,False,True
1778936051.1322532,data,qos_null,aa:23:4f:4d:00:cf,74:ea:3a:a1:53:a6,74:ea:3a:a1:53:a6,aa:23:4f:4d:00:cf,74:ea:3a:a1:53:a6,,-90,1,2412,False,True
1778936051.133078,data,qos_null,aa:23:4f:4d:00:cf,74:ea:3a:a1:53:a6,74:ea:3a:a1:53:a6,aa:23:4f:4d:00:cf,74:ea:3a:a1:53:a6,,-88,1,2412,False,True
1778936051.133889,data,qos_null,aa:23:4f:4d:00:cf,74:ea:3a:a1:53:a6,74:ea:3a:a1:53:a6,aa:23:4f:4d:00:cf,74:ea:3a:a1:53:a6,,-91,1,2412,False,True
1778936051.1347241,data,qos_null,aa:23:4f:4d:00:cf,74:ea:3a:a1:53:a6,74:ea:3a:a1:53:a6,aa:23:4f:4d:00:cf,74:ea:3a:a1:53:a6,,-88,1,2412,False,True
1778936051.1355238,data,qos_null,aa:23:4f:4d:00:cf,74:ea:3a:a1:53:a6,74:ea:3a:a1:53:a6,aa:23:4f:4d:00:cf,74:ea:3a:a1:53:a6,,-87,1,2412,False,True
1778936051.1363766,data,qos_null,aa:23:4f:4d:00:cf,74:ea:3a:a1:53:a6,74:ea:3a:a1:53:a6,aa:23:4f:4d:00:cf,74:ea:3a:a1:53:a6,,-90,1,2412,False,True
1778936051.1380017,data,qos_null,aa:23:4f:4d:00:cf,74:ea:3a:a1:53:a6,74:ea:3a:a1:53:a6,aa:23:4f:4d:00:cf,74:ea:3a:a1:53:a6,,-86,1,2412,False,True
1778936051.1396153,data,qos_null,aa:23:4f:4d:00:cf,74:ea:3a:a1:53:a6,74:ea:3a:a1:53:a6,aa:23:4f:4d:00:cf,74:ea:3a:a1:53:a6,,-87,1,2412,False,False
1778936051.1404402,data,qos_null,aa:23:4f:4d:00:cf,74:ea:3a:a1:53:a6,74:ea:3a:a1:53:a6,aa:23:4f:4d:00:cf,74:ea:3a:a1:53:a6,,-89,1,2412,False,True
1778936051.1412878,data,qos_null,aa:23:4f:4d:00:cf,74:ea:3a:a1:53:a6,74:ea:3a:a1:53:a6,aa:23:4f:4d:00:cf,74:ea:3a:a1:53:a6,,-86,1,2412,False,True
1778936051.1421006,data,qos_null,aa:23:4f:4d:00:cf,74:ea:3a:a1:53:a6,74:ea:3a:a1:53:a6,aa:23:4f:4d:00:cf,74:ea:3a:a1:53:a6,,-89,1,2412,False,True
1778936051.1429021,data,qos_null,aa:23:4f:4d:00:cf,74:ea:3a:a1:53:a6,74:ea:3a:a1:53:a6,aa:23:4f:4d:00:cf,74:ea:3a:a1:53:a6,,-88,1,2412,False,True
1778936051.1437519,data,qos_null,aa:23:4f:4d:00:cf,74:ea:3a:a1:53:a6,74:ea:3a:a1:53:a6,aa:23:4f:4d:00:cf,74:ea:3a:a1:53:a6,,-89,1,2412,False,True
1778936051.1445577,data,qos_null,aa:23:4f:4d:00:cf,74:ea:3a:a1:53:a6,74:ea:3a:a1:53:a6,aa:23:4f:4d:00:cf,74:ea:3a:a1:53:a6,,-87,1,2412,False,True
1778936051.1453605,data,qos_null,aa:23:4f:4d:00:cf,74:ea:3a:a1:53:a6,74:ea:3a:a1:53:a6,aa:23:4f:4d:00:cf,74:ea:3a:a1:53:a6,,-87,1,2412,False,True
1778936051.146138,data,qos_null,aa:23:4f:4d:00:cf,74:ea:3a:a1:53:a6,74:ea:3a:a1:53:a6,aa:23:4f:4d:00:cf,74:ea:3a:a1:53:a6,,-88,1,2412,False,True
1778936051.1469855,data,qos_null,aa:23:4f:4d:00:cf,74:ea:3a:a1:53:a6,74:ea:3a:a1:53:a6,aa:23:4f:4d:00:cf,74:ea:3a:a1:53:a6,,-92,1,2412,False,True
1778936051.1477618,data,qos_null,aa:23:4f:4d:00:cf,74:ea:3a:a1:53:a6,74:ea:3a:a1:53:a6,aa:23:4f:4d:00:cf,74:ea:3a:a1:53:a6,,-89,1,2412,False,True
1778936051.1485794,data,qos_null,aa:23:4f:4d:00:cf,74:ea:3a:a1:53:a6,74:ea:3a:a1:53:a6,aa:23:4f:4d:00:cf,74:ea:3a:a1:53:a6,,-88,1,2412,False,True
1778936051.1493762,data,qos_null,aa:23:4f:4d:00:cf,74:ea:3a:a1:53:a6,74:ea:3a:a1:53:a6,aa:23:4f:4d:00:cf,74:ea:3a:a1:53:a6,,-90,1,2412,False,True
1778936051.1502168,data,qos_null,aa:23:4f:4d:00:cf,74:ea:3a:a1:53:a6,74:ea:3a:a1:53:a6,aa:23:4f:4d:00:cf,74:ea:3a:a1:53:a6,,-89,1,2412,False,True
1778936051.1510057,data,qos_null,aa:23:4f:4d:00:cf,74:ea:3a:a1:53:a6,74:ea:3a:a1:53:a6,aa:23:4f:4d:00:cf,74:ea:3a:a1:53:a6,,-89,1,2412,False,True
1778936051.1518147,data,qos_null,aa:23:4f:4d:00:cf,74:ea:3a:a1:53:a6,74:ea:3a:a1:53:a6,aa:23:4f:4d:00:cf,74:ea:3a:a1:53:a6,,-90,1,2412,False,False
1778936051.1550407,management,beacon,d8:d7:75:45:81:24,ff:ff:ff:ff:ff:ff,ff:ff:ff:ff:ff:ff,d8:d7:75:45:81:24,d8:d7:75:45:81:24,FunBox2-8124,-46,1,2412,False,False
1778936051.1560178,data,qos_null,aa:23:4f:4d:00:cf,74:ea:3a:a1:53:a6,74:ea:3a:a1:53:a6,aa:23:4f:4d:00:cf,74:ea:3a:a1:53:a6,,-91,1,2412,False,True
1778936051.157644,data,qos_null,aa:23:4f:4d:00:cf,74:ea:3a:a1:53:a6,74:ea:3a:a1:53:a6,aa:23:4f:4d:00:cf,74:ea:3a:a1:53:a6,,-86,1,2412,False,True
1778936051.1584725,data,qos_null,aa:23:4f:4d:00:cf,74:ea:3a:a1:53:a6,74:ea:3a:a1:53:a6,aa:23:4f:4d:00:cf,74:ea:3a:a1:53:a6,,-87,1,2412,False,True
1778936051.159288,data,qos_null,aa:23:4f:4d:00:cf,74:ea:3a:a1:53:a6,74:ea:3a:a1:53:a6,aa:23:4f:4d:00:cf,74:ea:3a:a1:53:a6,,-88,1,2412,False,True
1778936051.1600943,data,qos_null,aa:23:4f:4d:00:cf,74:ea:3a:a1:53:a6,74:ea:3a:a1:53:a6,aa:23:4f:4d:00:cf,74:ea:3a:a1:53:a6,,-87,1,2412,False,True
1778936051.1616707,data,qos_null,aa:23:4f:4d:00:cf,74:ea:3a:a1:53:a6,74:ea:3a:a1:53:a6,aa:23:4f:4d:00:cf,74:ea:3a:a1:53:a6,,-88,1,2412,False,True
1778936051.162505,data,qos_null,aa:23:4f:4d:00:cf,74:ea:3a:a1:53:a6,74:ea:3a:a1:53:a6,aa:23:4f:4d:00:cf,74:ea:3a:a1:53:a6,,-89,1,2412,False,True
1778936051.1632922,data,qos_null,aa:23:4f:4d:00:cf,74:ea:3a:a1:53:a6,74:ea:3a:a1:53:a6,aa:23:4f:4d:00:cf,74:ea:3a:a1:53:a6,,-88,1,2412,False,True
1778936051.1641273,data,qos_null,aa:23:4f:4d:00:cf,74:ea:3a:a1:53:a6,74:ea:3a:a1:53:a6,aa:23:4f:4d:00:cf,74:ea:3a:a1:53:a6,,-89,1,2412,False,True
1778936051.2150257,data,qos_null,aa:23:4f:4d:00:cf,74:ea:3a:a1:53:a6,74:ea:3a:a1:53:a6,aa:23:4f:4d:00:cf,74:ea:3a:a1:53:a6,,-86,1,2412,False,False
1778936051.2158372,data,qos_null,aa:23:4f:4d:00:cf,74:ea:3a:a1:53:a6,74:ea:3a:a1:53:a6,aa:23:4f:4d:00:cf,74:ea:3a:a1:53:a6,,-87,1,2412,False,True
1778936051.2166443,data,qos_null,aa:23:4f:4d:00:cf,74:ea:3a:a1:53:a6,74:ea:3a:a1:53:a6,aa:23:4f:4d:00:cf,74:ea:3a:a1:53:a6,,-88,1,2412,False,True
1778936051.217476,data,qos_null,aa:23:4f:4d:00:cf,74:ea:3a:a1:53:a6,74:ea:3a:a1:53:a6,aa:23:4f:4d:00:cf,74:ea:3a:a1:53:a6,,-87,1,2412,False,True
1778936051.2190797,data,qos_null,aa:23:4f:4d:00:cf,74:ea:3a:a1:53:a6,74:ea:3a:a1:53:a6,aa:23:4f:4d:00:cf,74:ea:3a:a1:53:a6,,-88,1,2412,False,True
1778936051.2199242,data,qos_null,aa:23:4f:4d:00:cf,74:ea:3a:a1:53:a6,74:ea:3a:a1:53:a6,aa:23:4f:4d:00:cf,74:ea:3a:a1:53:a6,,-89,1,2412,False,True
1778936051.2215495,data,qos_null,aa:23:4f:4d:00:cf,74:ea:3a:a1:53:a6,74:ea:3a:a1:53:a6,aa:23:4f:4d:00:cf,74:ea:3a:a1:53:a6,,-86,1,2412,False,True
1778936051.2223377,data,qos_null,aa:23:4f:4d:00:cf,74:ea:3a:a1:53:a6,74:ea:3a:a1:53:a6,aa:23:4f:4d:00:cf,74:ea:3a:a1:53:a6,,-89,1,2412,False,True
1778936051.223131,data,qos_null,aa:23:4f:4d:00:cf,74:ea:3a:a1:53:a6,74:ea:3a:a1:53:a6,aa:23:4f:4d:00:cf,74:ea:3a:a1:53:a6,,-90,1,2412,False,True
1778936051.2239127,data,qos_null,aa:23:4f:4d:00:cf,74:ea:3a:a1:53:a6,74:ea:3a:a1:53:a6,aa:23:4f:4d:00:cf,74:ea:3a:a1:53:a6,,-87,1,2412,False,True
1778936051.2246997,data,qos_null,aa:23:4f:4d:00:cf,74:ea:3a:a1:53:a6,74:ea:3a:a1:53:a6,aa:23:4f:4d:00:cf,74:ea:3a:a1:53:a6,,-88,1,2412,False,True
1778936051.2255259,data,qos_null,aa:23:4f:4d:00:cf,74:ea:3a:a1:53:a6,74:ea:3a:a1:53:a6,aa:23:4f:4d:00:cf,74:ea:3a:a1:53:a6,,-91,1,2412,False,True
1778936051.2263265,data,qos_null,aa:23:4f:4d:00:cf,74:ea:3a:a1:53:a6,74:ea:3a:a1:53:a6,aa:23:4f:4d:00:cf,74:ea:3a:a1:53:a6,,-89,1,2412,False,True
1778936051.2271745,data,qos_null,aa:23:4f:4d:00:cf,74:ea:3a:a1:53:a6,74:ea:3a:a1:53:a6,aa:23:4f:4d:00:cf,74:ea:3a:a1:53:a6,,-89,1,2412,False,False
1778936051.228007,data,qos_null,aa:23:4f:4d:00:cf,74:ea:3a:a1:53:a6,74:ea:3a:a1:53:a6,aa:23:4f:4d:00:cf,74:ea:3a:a1:53:a6,,-89,1,2412,False,True
1778936051.2287738,data,qos_null,aa:23:4f:4d:00:cf,74:ea:3a:a1:53:a6,74:ea:3a:a1:53:a6,aa:23:4f:4d:00:cf,74:ea:3a:a1:53:a6,,-89,1,2412,False,True
1778936051.229574,data,qos_null,aa:23:4f:4d:00:cf,74:ea:3a:a1:53:a6,74:ea:3a:a1:53:a6,aa:23:4f:4d:00:cf,74:ea:3a:a1:53:a6,,-88,1,2412,False,True
1778936051.2304006,data,qos_null,aa:23:4f:4d:00:cf,74:ea:3a:a1:53:a6,74:ea:3a:a1:53:a6,aa:23:4f:4d:00:cf,74:ea:3a:a1:53:a6,,-89,1,2412,False,True
1778936051.231168,data,qos_null,aa:23:4f:4d:00:cf,74:ea:3a:a1:53:a6,74:ea:3a:a1:53:a6,aa:23:4f:4d:00:cf,74:ea:3a:a1:53:a6,,-86,1,2412,False,True
1778936051.233555,data,qos_null,aa:23:4f:4d:00:cf,74:ea:3a:a1:53:a6,74:ea:3a:a1:53:a6,aa:23:4f:4d:00:cf,74:ea:3a:a1:53:a6,,-87,1,2412,False,True
1778936051.2343676,data,qos_null,aa:23:4f:4d:00:cf,74:ea:3a:a1:53:a6,74:ea:3a:a1:53:a6,aa:23:4f:4d:00:cf,74:ea:3a:a1:53:a6,,-88,1,2412,False,True
1778936051.2351494,data,qos_null,aa:23:4f:4d:00:cf,74:ea:3a:a1:53:a6,74:ea:3a:a1:53:a6,aa:23:4f:4d:00:cf,74:ea:3a:a1:53:a6,,-87,1,2412,False,True
1778936051.2359738,data,qos_null,aa:23:4f:4d:00:cf,74:ea:3a:a1:53:a6,74:ea:3a:a1:53:a6,aa:23:4f:4d:00:cf,74:ea:3a:a1:53:a6,,-91,1,2412,False,True
1778936051.2367709,data,qos_null,aa:23:4f:4d:00:cf,74:ea:3a:a1:53:a6,74:ea:3a:a1:53:a6,aa:23:4f:4d:00:cf,74:ea:3a:a1:53:a6,,-86,1,2412,False,True
1778936051.237616,data,qos_null,aa:23:4f:4d:00:cf,74:ea:3a:a1:53:a6,74:ea:3a:a1:53:a6,aa:23:4f:4d:00:cf,74:ea:3a:a1:53:a6,,-86,1,2412,False,True
1778936051.2383928,data,qos_null,aa:23:4f:4d:00:cf,74:ea:3a:a1:53:a6,74:ea:3a:a1:53:a6,aa:23:4f:4d:00:cf,74:ea:3a:a1:53:a6,,-88,1,2412,False,True
1778936051.2391915,data,qos_null,aa:23:4f:4d:00:cf,74:ea:3a:a1:53:a6,74:ea:3a:a1:53:a6,aa:23:4f:4d:00:cf,74:ea:3a:a1:53:a6,,-87,1,2412,False,False
1778936051.2400284,data,qos_null,aa:23:4f:4d:00:cf,74:ea:3a:a1:53:a6,74:ea:3a:a1:53:a6,aa:23:4f:4d:00:cf,74:ea:3a:a1:53:a6,,-85,1,2412,False,True
1778936051.2416496,data,qos_null,aa:23:4f:4d:00:cf,74:ea:3a:a1:53:a6,74:ea:3a:a1:53:a6,aa:23:4f:4d:00:cf,74:ea:3a:a1:53:a6,,-86,1,2412,False,True
1778936051.2424407,data,qos_null,aa:23:4f:4d:00:cf,74:ea:3a:a1:53:a6,74:ea:3a:a1:53:a6,aa:23:4f:4d:00:cf,74:ea:3a:a1:53:a6,,-89,1,2412,False,True
1778936051.2440805,data,qos_null,aa:23:4f:4d:00:cf,74:ea:3a:a1:53:a6,74:ea:3a:a1:53:a6,aa:23:4f:4d:00:cf,74:ea:3a:a1:53:a6,,-89,1,2412,False,True
1778936051.2449028,data,qos_null,aa:23:4f:4d:00:cf,74:ea:3a:a1:53:a6,74:ea:3a:a1:53:a6,aa:23:4f:4d:00:cf,74:ea:3a:a1:53:a6,,-88,1,2412,False,True
1778936051.245704,data,qos_null,aa:23:4f:4d:00:cf,74:ea:3a:a1:53:a6,74:ea:3a:a1:53:a6,aa:23:4f:4d:00:cf,74:ea:3a:a1:53:a6,,-88,1,2412,False,True
1778936051.2464867,data,qos_null,aa:23:4f:4d:00:cf,74:ea:3a:a1:53:a6,74:ea:3a:a1:53:a6,aa:23:4f:4d:00:cf,74:ea:3a:a1:53:a6,,-88,1,2412,False,True
1778936051.2472866,data,qos_null,aa:23:4f:4d:00:cf,74:ea:3a:a1:53:a6,74:ea:3a:a1:53:a6,aa:23:4f:4d:00:cf,74:ea:3a:a1:53:a6,,-88,1,2412,False,True
1778936051.2481425,data,qos_null,aa:23:4f:4d:00:cf,74:ea:3a:a1:53:a6,74:ea:3a:a1:53:a6,aa:23:4f:4d:00:cf,74:ea:3a:a1:53:a6,,-89,1,2412,False,True
1778936051.2497368,data,qos_null,aa:23:4f:4d:00:cf,74:ea:3a:a1:53:a6,74:ea:3a:a1:53:a6,aa:23:4f:4d:00:cf,74:ea:3a:a1:53:a6,,-87,1,2412,False,True
1778936051.2521968,data,qos_null,aa:23:4f:4d:00:cf,74:ea:3a:a1:53:a6,74:ea:3a:a1:53:a6,aa:23:4f:4d:00:cf,74:ea:3a:a1:53:a6,,-89,1,2412,False,True
1778936051.25384,data,qos_null,aa:23:4f:4d:00:cf,74:ea:3a:a1:53:a6,74:ea:3a:a1:53:a6,aa:23:4f:4d:00:cf,74:ea:3a:a1:53:a6,,-87,1,2412,False,True
1778936051.2546828,data,qos_null,aa:23:4f:4d:00:cf,74:ea:3a:a1:53:a6,74:ea:3a:a1:53:a6,aa:23:4f:4d:00:cf,74:ea:3a:a1:53:a6,,-90,1,2412,False,True
1778936051.2580905,data,qos_null,aa:23:4f:4d:00:cf,74:ea:3a:a1:53:a6,74:ea:3a:a1:53:a6,aa:23:4f:4d:00:cf,74:ea:3a:a1:53:a6,,-88,1,2412,False,True
1778936051.2589128,data,qos_null,aa:23:4f:4d:00:cf,74:ea:3a:a1:53:a6,74:ea:3a:a1:53:a6,aa:23:4f:4d:00:cf,74:ea:3a:a1:53:a6,,-85,1,2412,False,True
1778936051.2597585,data,qos_null,aa:23:4f:4d:00:cf,74:ea:3a:a1:53:a6,74:ea:3a:a1:53:a6,aa:23:4f:4d:00:cf,74:ea:3a:a1:53:a6,,-91,1,2412,False,True
1778936051.2605822,data,qos_null,aa:23:4f:4d:00:cf,74:ea:3a:a1:53:a6,74:ea:3a:a1:53:a6,aa:23:4f:4d:00:cf,74:ea:3a:a1:53:a6,,-91,1,2412,False,True
1778936051.2611427,control,rts,54:35:30:cf:ee:1e,d8:d7:75:45:81:24,d8:d7:75:45:81:24,54:35:30:cf:ee:1e,,,-52,1,2412,False,False
1778936051.2611446,data,qos_data,54:35:30:cf:ee:1e,d8:d7:75:45:81:24,d8:d7:75:45:81:24,54:35:30:cf:ee:1e,01:00:5e:7f:ff:fa,,-52,1,2412,True,False
1778936051.2622943,data,qos_null,aa:23:4f:4d:00:cf,74:ea:3a:a1:53:a6,74:ea:3a:a1:53:a6,aa:23:4f:4d:00:cf,74:ea:3a:a1:53:a6,,-91,1,2412,False,True
1778936051.2630622,data,qos_null,aa:23:4f:4d:00:cf,74:ea:3a:a1:53:a6,74:ea:3a:a1:53:a6,aa:23:4f:4d:00:cf,74:ea:3a:a1:53:a6,,-85,1,2412,False,True
1778936051.2638564,data,qos_null,aa:23:4f:4d:00:cf,74:ea:3a:a1:53:a6,74:ea:3a:a1:53:a6,aa:23:4f:4d:00:cf,74:ea:3a:a1:53:a6,,-89,1,2412,False,True
1778936051.3147743,data,qos_null,aa:23:4f:4d:00:cf,74:ea:3a:a1:53:a6,74:ea:3a:a1:53:a6,aa:23:4f:4d:00:cf,74:ea:3a:a1:53:a6,,-89,1,2412,False,False
1778936051.3155885,data,qos_null,aa:23:4f:4d:00:cf,74:ea:3a:a1:53:a6,74:ea:3a:a1:53:a6,aa:23:4f:4d:00:cf,74:ea:3a:a1:53:a6,,-89,1,2412,False,True
1778936051.316385,data,qos_null,aa:23:4f:4d:00:cf,74:ea:3a:a1:53:a6,74:ea:3a:a1:53:a6,aa:23:4f:4d:00:cf,74:ea:3a:a1:53:a6,,-86,1,2412,False,True
1778936051.3180115,data,qos_null,aa:23:4f:4d:00:cf,74:ea:3a:a1:53:a6,74:ea:3a:a1:53:a6,aa:23:4f:4d:00:cf,74:ea:3a:a1:53:a6,,-88,1,2412,False,True
1778936051.3188038,data,qos_null,aa:23:4f:4d:00:cf,74:ea:3a:a1:53:a6,74:ea:3a:a1:53:a6,aa:23:4f:4d:00:cf,74:ea:3a:a1:53:a6,,-85,1,2412,False,True
1778936051.3196423,data,qos_null,aa:23:4f:4d:00:cf,74:ea:3a:a1:53:a6,74:ea:3a:a1:53:a6,aa:23:4f:4d:00:cf,74:ea:3a:a1:53:a6,,-87,1,2412,False,True
1778936051.320449,data,qos_null,aa:23:4f:4d:00:cf,74:ea:3a:a1:53:a6,74:ea:3a:a1:53:a6,aa:23:4f:4d:00:cf,74:ea:3a:a1:53:a6,,-86,1,2412,False,True
1778936051.3221662,data,qos_null,aa:23:4f:4d:00:cf,74:ea:3a:a1:53:a6,74:ea:3a:a1:53:a6,aa:23:4f:4d:00:cf,74:ea:3a:a1:53:a6,,-86,1,2412,False,True
1778936051.3229578,data,qos_null,aa:23:4f:4d:00:cf,74:ea:3a:a1:53:a6,74:ea:3a:a1:53:a6,aa:23:4f:4d:00:cf,74:ea:3a:a1:53:a6,,-86,1,2412,False,True
1778936051.3237672,data,qos_null,aa:23:4f:4d:00:cf,74:ea:3a:a1:53:a6,74:ea:3a:a1:53:a6,aa:23:4f:4d:00:cf,74:ea:3a:a1:53:a6,,-86,1,2412,False,True
1778936051.324614,data,qos_null,aa:23:4f:4d:00:cf,74:ea:3a:a1:53:a6,74:ea:3a:a1:53:a6,aa:23:4f:4d:00:cf,74:ea:3a:a1:53:a6,,-89,1,2412,False,True
1778936051.3254223,data,qos_null,aa:23:4f:4d:00:cf,74:ea:3a:a1:53:a6,74:ea:3a:a1:53:a6,aa:23:4f:4d:00:cf,74:ea:3a:a1:53:a6,,-85,1,2412,False,True
1778936051.3262253,data,qos_null,aa:23:4f:4d:00:cf,74:ea:3a:a1:53:a6,74:ea:3a:a1:53:a6,aa:23:4f:4d:00:cf,74:ea:3a:a1:53:a6,,-88,1,2412,False,True
1778936051.3270783,data,qos_null,aa:23:4f:4d:00:cf,74:ea:3a:a1:53:a6,74:ea:3a:a1:53:a6,aa:23:4f:4d:00:cf,74:ea:3a:a1:53:a6,,-88,1,2412,False,False
1778936051.327896,data,qos_null,aa:23:4f:4d:00:cf,74:ea:3a:a1:53:a6,74:ea:3a:a1:53:a6,aa:23:4f:4d:00:cf,74:ea:3a:a1:53:a6,,-89,1,2412,False,True
1778936051.3286765,data,qos_null,aa:23:4f:4d:00:cf,74:ea:3a:a1:53:a6,74:ea:3a:a1:53:a6,aa:23:4f:4d:00:cf,74:ea:3a:a1:53:a6,,-88,1,2412,False,True
1778936051.3294837,data,qos_null,aa:23:4f:4d:00:cf,74:ea:3a:a1:53:a6,74:ea:3a:a1:53:a6,aa:23:4f:4d:00:cf,74:ea:3a:a1:53:a6,,-87,1,2412,False,True
1778936051.330286,data,qos_null,aa:23:4f:4d:00:cf,74:ea:3a:a1:53:a6,74:ea:3a:a1:53:a6,aa:23:4f:4d:00:cf,74:ea:3a:a1:53:a6,,-88,1,2412,False,True
1778936051.3310707,data,qos_null,aa:23:4f:4d:00:cf,74:ea:3a:a1:53:a6,74:ea:3a:a1:53:a6,aa:23:4f:4d:00:cf,74:ea:3a:a1:53:a6,,-87,1,2412,False,True
1778936051.3318677,data,qos_null,aa:23:4f:4d:00:cf,74:ea:3a:a1:53:a6,74:ea:3a:a1:53:a6,aa:23:4f:4d:00:cf,74:ea:3a:a1:53:a6,,-87,1,2412,False,True
1778936051.3326492,data,qos_null,aa:23:4f:4d:00:cf,74:ea:3a:a1:53:a6,74:ea:3a:a1:53:a6,aa:23:4f:4d:00:cf,74:ea:3a:a1:53:a6,,-87,1,2412,False,True
1778936051.3334439,data,qos_null,aa:23:4f:4d:00:cf,74:ea:3a:a1:53:a6,74:ea:3a:a1:53:a6,aa:23:4f:4d:00:cf,74:ea:3a:a1:53:a6,,-88,1,2412,False,True
1778936051.334254,data,qos_null,aa:23:4f:4d:00:cf,74:ea:3a:a1:53:a6,74:ea:3a:a1:53:a6,aa:23:4f:4d:00:cf,74:ea:3a:a1:53:a6,,-89,1,2412,False,True
1778936051.3358345,data,qos_null,aa:23:4f:4d:00:cf,74:ea:3a:a1:53:a6,74:ea:3a:a1:53:a6,aa:23:4f:4d:00:cf,74:ea:3a:a1:53:a6,,-90,1,2412,False,True
1778936051.3366055,data,qos_null,aa:23:4f:4d:00:cf,74:ea:3a:a1:53:a6,74:ea:3a:a1:53:a6,aa:23:4f:4d:00:cf,74:ea:3a:a1:53:a6,,-89,1,2412,False,True
1778936051.337445,data,qos_null,aa:23:4f:4d:00:cf,74:ea:3a:a1:53:a6,74:ea:3a:a1:53:a6,aa:23:4f:4d:00:cf,74:ea:3a:a1:53:a6,,-85,1,2412,False,True
1778936051.338236,data,qos_null,aa:23:4f:4d:00:cf,74:ea:3a:a1:53:a6,74:ea:3a:a1:53:a6,aa:23:4f:4d:00:cf,74:ea:3a:a1:53:a6,,-86,1,2412,False,True
1778936051.339941,data,qos_null,aa:23:4f:4d:00:cf,74:ea:3a:a1:53:a6,74:ea:3a:a1:53:a6,aa:23:4f:4d:00:cf,74:ea:3a:a1:53:a6,,-88,1,2412,False,True
1778936051.3407488,data,qos_null,aa:23:4f:4d:00:cf,74:ea:3a:a1:53:a6,74:ea:3a:a1:53:a6,aa:23:4f:4d:00:cf,74:ea:3a:a1:53:a6,,-86,1,2412,False,True
1778936051.3415377,data,qos_null,aa:23:4f:4d:00:cf,74:ea:3a:a1:53:a6,74:ea:3a:a1:53:a6,aa:23:4f:4d:00:cf,74:ea:3a:a1:53:a6,,-89,1,2412,False,True
1778936051.3423254,data,qos_null,aa:23:4f:4d:00:cf,74:ea:3a:a1:53:a6,74:ea:3a:a1:53:a6,aa:23:4f:4d:00:cf,74:ea:3a:a1:53:a6,,-86,1,2412,False,True
1778936051.3431425,data,qos_null,aa:23:4f:4d:00:cf,74:ea:3a:a1:53:a6,74:ea:3a:a1:53:a6,aa:23:4f:4d:00:cf,74:ea:3a:a1:53:a6,,-85,1,2412,False,True
1778936051.3439345,data,qos_null,aa:23:4f:4d:00:cf,74:ea:3a:a1:53:a6,74:ea:3a:a1:53:a6,aa:23:4f:4d:00:cf,74:ea:3a:a1:53:a6,,-87,1,2412,False,True
1778936051.3447068,data,qos_null,aa:23:4f:4d:00:cf,74:ea:3a:a1:53:a6,74:ea:3a:a1:53:a6,aa:23:4f:4d:00:cf,74:ea:3a:a1:53:a6,,-88,1,2412,False,True
1778936051.345489,data,qos_null,aa:23:4f:4d:00:cf,74:ea:3a:a1:53:a6,74:ea:3a:a1:53:a6,aa:23:4f:4d:00:cf,74:ea:3a:a1:53:a6,,-85,1,2412,False,True
1778936051.346268,data,qos_null,aa:23:4f:4d:00:cf,74:ea:3a:a1:53:a6,74:ea:3a:a1:53:a6,aa:23:4f:4d:00:cf,74:ea:3a:a1:53:a6,,-88,1,2412,False,True
1778936051.3471189,data,qos_null,aa:23:4f:4d:00:cf,74:ea:3a:a1:53:a6,74:ea:3a:a1:53:a6,aa:23:4f:4d:00:cf,74:ea:3a:a1:53:a6,,-91,1,2412,False,True
1778936051.3488033,data,qos_null,aa:23:4f:4d:00:cf,74:ea:3a:a1:53:a6,74:ea:3a:a1:53:a6,aa:23:4f:4d:00:cf,74:ea:3a:a1:53:a6,,-90,1,2412,False,True
1778936051.349597,data,qos_null,aa:23:4f:4d:00:cf,74:ea:3a:a1:53:a6,74:ea:3a:a1:53:a6,aa:23:4f:4d:00:cf,74:ea:3a:a1:53:a6,,-87,1,2412,False,True
1778936051.3503957,data,qos_null,aa:23:4f:4d:00:cf,74:ea:3a:a1:53:a6,74:ea:3a:a1:53:a6,aa:23:4f:4d:00:cf,74:ea:3a:a1:53:a6,,-95,1,2412,False,True
1778936051.3511817,data,qos_null,aa:23:4f:4d:00:cf,74:ea:3a:a1:53:a6,74:ea:3a:a1:53:a6,aa:23:4f:4d:00:cf,74:ea:3a:a1:53:a6,,-93,1,2412,False,False
1778936051.3519802,data,qos_null,aa:23:4f:4d:00:cf,74:ea:3a:a1:53:a6,74:ea:3a:a1:53:a6,aa:23:4f:4d:00:cf,74:ea:3a:a1:53:a6,,-87,1,2412,False,True
1778936051.35279,data,qos_null,aa:23:4f:4d:00:cf,74:ea:3a:a1:53:a6,74:ea:3a:a1:53:a6,aa:23:4f:4d:00:cf,74:ea:3a:a1:53:a6,,-89,1,2412,False,True
1778936051.3535707,data,qos_null,aa:23:4f:4d:00:cf,74:ea:3a:a1:53:a6,74:ea:3a:a1:53:a6,aa:23:4f:4d:00:cf,74:ea:3a:a1:53:a6,,-88,1,2412,False,True
1778936051.35439,data,qos_null,aa:23:4f:4d:00:cf,74:ea:3a:a1:53:a6,74:ea:3a:a1:53:a6,aa:23:4f:4d:00:cf,74:ea:3a:a1:53:a6,,-88,1,2412,False,True
1778936051.3551843,data,qos_null,aa:23:4f:4d:00:cf,74:ea:3a:a1:53:a6,74:ea:3a:a1:53:a6,aa:23:4f:4d:00:cf,74:ea:3a:a1:53:a6,,-89,1,2412,False,True
1778936051.3560128,data,qos_null,aa:23:4f:4d:00:cf,74:ea:3a:a1:53:a6,74:ea:3a:a1:53:a6,aa:23:4f:4d:00:cf,74:ea:3a:a1:53:a6,,-91,1,2412,False,True
1778936051.359797,management,beacon,d8:d7:75:45:81:24,ff:ff:ff:ff:ff:ff,ff:ff:ff:ff:ff:ff,d8:d7:75:45:81:24,d8:d7:75:45:81:24,FunBox2-8124,-49,1,2412,False,False
1778936051.3602731,data,qos_null,aa:23:4f:4d:00:cf,74:ea:3a:a1:53:a6,74:ea:3a:a1:53:a6,aa:23:4f:4d:00:cf,74:ea:3a:a1:53:a6,,-88,1,2412,False,True
1778936051.3618665,data,qos_null,aa:23:4f:4d:00:cf,74:ea:3a:a1:53:a6,74:ea:3a:a1:53:a6,aa:23:4f:4d:00:cf,74:ea:3a:a1:53:a6,,-89,1,2412,False,True
1778936051.362695,data,qos_null,aa:23:4f:4d:00:cf,74:ea:3a:a1:53:a6,74:ea:3a:a1:53:a6,aa:23:4f:4d:00:cf,74:ea:3a:a1:53:a6,,-87,1,2412,False,True
1778936051.3643553,data,qos_null,aa:23:4f:4d:00:cf,74:ea:3a:a1:53:a6,74:ea:3a:a1:53:a6,aa:23:4f:4d:00:cf,74:ea:3a:a1:53:a6,,-88,1,2412,False,True
1778936051.4160898,data,qos_null,aa:23:4f:4d:00:cf,74:ea:3a:a1:53:a6,74:ea:3a:a1:53:a6,aa:23:4f:4d:00:cf,74:ea:3a:a1:53:a6,,-87,1,2412,False,False
1778936051.417727,data,qos_null,aa:23:4f:4d:00:cf,74:ea:3a:a1:53:a6,74:ea:3a:a1:53:a6,aa:23:4f:4d:00:cf,74:ea:3a:a1:53:a6,,-87,1,2412,False,True
1778936051.4185367,data,qos_null,aa:23:4f:4d:00:cf,74:ea:3a:a1:53:a6,74:ea:3a:a1:53:a6,aa:23:4f:4d:00:cf,74:ea:3a:a1:53:a6,,-89,1,2412,False,True
1778936051.419327,data,qos_null,aa:23:4f:4d:00:cf,74:ea:3a:a1:53:a6,74:ea:3a:a1:53:a6,aa:23:4f:4d:00:cf,74:ea:3a:a1:53:a6,,-90,1,2412,False,True
1778936051.4201708,data,qos_null,aa:23:4f:4d:00:cf,74:ea:3a:a1:53:a6,74:ea:3a:a1:53:a6,aa:23:4f:4d:00:cf,74:ea:3a:a1:53:a6,,-89,1,2412,False,True
1778936051.4209528,data,qos_null,aa:23:4f:4d:00:cf,74:ea:3a:a1:53:a6,74:ea:3a:a1:53:a6,aa:23:4f:4d:00:cf,74:ea:3a:a1:53:a6,,-91,1,2412,False,True
1778936051.421765,data,qos_null,aa:23:4f:4d:00:cf,74:ea:3a:a1:53:a6,74:ea:3a:a1:53:a6,aa:23:4f:4d:00:cf,74:ea:3a:a1:53:a6,,-90,1,2412,False,True
1778936051.4225395,data,qos_null,aa:23:4f:4d:00:cf,74:ea:3a:a1:53:a6,74:ea:3a:a1:53:a6,aa:23:4f:4d:00:cf,74:ea:3a:a1:53:a6,,-87,1,2412,False,True
1778936051.4233906,data,qos_null,aa:23:4f:4d:00:cf,74:ea:3a:a1:53:a6,74:ea:3a:a1:53:a6,aa:23:4f:4d:00:cf,74:ea:3a:a1:53:a6,,-86,1,2412,False,True
1778936051.4241955,data,qos_null,aa:23:4f:4d:00:cf,74:ea:3a:a1:53:a6,74:ea:3a:a1:53:a6,aa:23:4f:4d:00:cf,74:ea:3a:a1:53:a6,,-87,1,2412,False,True
1778936051.4257972,data,qos_null,aa:23:4f:4d:00:cf,74:ea:3a:a1:53:a6,74:ea:3a:a1:53:a6,aa:23:4f:4d:00:cf,74:ea:3a:a1:53:a6,,-90,1,2412,False,True
1778936051.4265957,data,qos_null,aa:23:4f:4d:00:cf,74:ea:3a:a1:53:a6,74:ea:3a:a1:53:a6,aa:23:4f:4d:00:cf,74:ea:3a:a1:53:a6,,-90,1,2412,False,True
1778936051.4274282,data,qos_null,aa:23:4f:4d:00:cf,74:ea:3a:a1:53:a6,74:ea:3a:a1:53:a6,aa:23:4f:4d:00:cf,74:ea:3a:a1:53:a6,,-89,1,2412,False,True
1778936051.4282296,data,qos_null,aa:23:4f:4d:00:cf,74:ea:3a:a1:53:a6,74:ea:3a:a1:53:a6,aa:23:4f:4d:00:cf,74:ea:3a:a1:53:a6,,-88,1,2412,False,False
1778936051.4290648,data,qos_null,aa:23:4f:4d:00:cf,74:ea:3a:a1:53:a6,74:ea:3a:a1:53:a6,aa:23:4f:4d:00:cf,74:ea:3a:a1:53:a6,,-92,1,2412,False,True
1778936051.4355977,data,qos_null,aa:23:4f:4d:00:cf,74:ea:3a:a1:53:a6,74:ea:3a:a1:53:a6,aa:23:4f:4d:00:cf,74:ea:3a:a1:53:a6,,-89,1,2412,False,True
1778936051.4364386,data,qos_null,aa:23:4f:4d:00:cf,74:ea:3a:a1:53:a6,74:ea:3a:a1:53:a6,aa:23:4f:4d:00:cf,74:ea:3a:a1:53:a6,,-88,1,2412,False,True
1778936051.4381049,data,qos_null,aa:23:4f:4d:00:cf,74:ea:3a:a1:53:a6,74:ea:3a:a1:53:a6,aa:23:4f:4d:00:cf,74:ea:3a:a1:53:a6,,-90,1,2412,False,True
1778936051.4430313,data,qos_null,aa:23:4f:4d:00:cf,74:ea:3a:a1:53:a6,74:ea:3a:a1:53:a6,aa:23:4f:4d:00:cf,74:ea:3a:a1:53:a6,,-90,1,2412,False,True
1778936051.4528387,data,qos_null,aa:23:4f:4d:00:cf,74:ea:3a:a1:53:a6,74:ea:3a:a1:53:a6,aa:23:4f:4d:00:cf,74:ea:3a:a1:53:a6,,-87,1,2412,False,False
1778936051.4536421,data,qos_null,aa:23:4f:4d:00:cf,74:ea:3a:a1:53:a6,74:ea:3a:a1:53:a6,aa:23:4f:4d:00:cf,74:ea:3a:a1:53:a6,,-90,1,2412,False,True
1778936051.4635808,data,qos_null,aa:23:4f:4d:00:cf,74:ea:3a:a1:53:a6,74:ea:3a:a1:53:a6,aa:23:4f:4d:00:cf,74:ea:3a:a1:53:a6,,-89,1,2412,False,True
1778936051.4644282,data,qos_null,aa:23:4f:4d:00:cf,74:ea:3a:a1:53:a6,74:ea:3a:a1:53:a6,aa:23:4f:4d:00:cf,74:ea:3a:a1:53:a6,,-88,1,2412,False,True
1778936051.4660182,data,qos_null,aa:23:4f:4d:00:cf,74:ea:3a:a1:53:a6,74:ea:3a:a1:53:a6,aa:23:4f:4d:00:cf,74:ea:3a:a1:53:a6,,-90,1,2412,False,True
1778936051.5177314,data,qos_null,aa:23:4f:4d:00:cf,74:ea:3a:a1:53:a6,74:ea:3a:a1:53:a6,aa:23:4f:4d:00:cf,74:ea:3a:a1:53:a6,,-90,1,2412,False,False
1778936051.5185251,data,qos_null,aa:23:4f:4d:00:cf,74:ea:3a:a1:53:a6,74:ea:3a:a1:53:a6,aa:23:4f:4d:00:cf,74:ea:3a:a1:53:a6,,-88,1,2412,False,True
1778936051.519344,data,qos_null,aa:23:4f:4d:00:cf,74:ea:3a:a1:53:a6,74:ea:3a:a1:53:a6,aa:23:4f:4d:00:cf,74:ea:3a:a1:53:a6,,-88,1,2412,False,True
1778936051.520155,data,qos_null,aa:23:4f:4d:00:cf,74:ea:3a:a1:53:a6,74:ea:3a:a1:53:a6,aa:23:4f:4d:00:cf,74:ea:3a:a1:53:a6,,-87,1,2412,False,True
1778936051.5217605,data,qos_null,aa:23:4f:4d:00:cf,74:ea:3a:a1:53:a6,74:ea:3a:a1:53:a6,aa:23:4f:4d:00:cf,74:ea:3a:a1:53:a6,,-89,1,2412,False,True
1778936051.522522,data,qos_null,aa:23:4f:4d:00:cf,74:ea:3a:a1:53:a6,74:ea:3a:a1:53:a6,aa:23:4f:4d:00:cf,74:ea:3a:a1:53:a6,,-89,1,2412,False,True
1778936051.5233316,data,qos_null,aa:23:4f:4d:00:cf,74:ea:3a:a1:53:a6,74:ea:3a:a1:53:a6,aa:23:4f:4d:00:cf,74:ea:3a:a1:53:a6,,-89,1,2412,False,True
1778936051.5241425,data,qos_null,aa:23:4f:4d:00:cf,74:ea:3a:a1:53:a6,74:ea:3a:a1:53:a6,aa:23:4f:4d:00:cf,74:ea:3a:a1:53:a6,,-88,1,2412,False,True
1778936051.5257535,data,qos_null,aa:23:4f:4d:00:cf,74:ea:3a:a1:53:a6,74:ea:3a:a1:53:a6,aa:23:4f:4d:00:cf,74:ea:3a:a1:53:a6,,-89,1,2412,False,True
1778936051.5265453,data,qos_null,aa:23:4f:4d:00:cf,74:ea:3a:a1:53:a6,74:ea:3a:a1:53:a6,aa:23:4f:4d:00:cf,74:ea:3a:a1:53:a6,,-88,1,2412,False,True
1778936051.5273962,data,qos_null,aa:23:4f:4d:00:cf,74:ea:3a:a1:53:a6,74:ea:3a:a1:53:a6,aa:23:4f:4d:00:cf,74:ea:3a:a1:53:a6,,-89,1,2412,False,True
1778936051.5282211,data,qos_null,aa:23:4f:4d:00:cf,74:ea:3a:a1:53:a6,74:ea:3a:a1:53:a6,aa:23:4f:4d:00:cf,74:ea:3a:a1:53:a6,,-88,1,2412,False,True
1778936051.52982,data,qos_null,aa:23:4f:4d:00:cf,74:ea:3a:a1:53:a6,74:ea:3a:a1:53:a6,aa:23:4f:4d:00:cf,74:ea:3a:a1:53:a6,,-89,1,2412,False,False
1778936051.5306468,data,qos_null,aa:23:4f:4d:00:cf,74:ea:3a:a1:53:a6,74:ea:3a:a1:53:a6,aa:23:4f:4d:00:cf,74:ea:3a:a1:53:a6,,-90,1,2412,False,True
1778936051.5314631,data,qos_null,aa:23:4f:4d:00:cf,74:ea:3a:a1:53:a6,74:ea:3a:a1:53:a6,aa:23:4f:4d:00:cf,74:ea:3a:a1:53:a6,,-87,1,2412,False,True
1778936051.5377753,data,qos_null,aa:23:4f:4d:00:cf,74:ea:3a:a1:53:a6,74:ea:3a:a1:53:a6,aa:23:4f:4d:00:cf,74:ea:3a:a1:53:a6,,-89,1,2412,False,True
1778936051.5385838,data,qos_null,aa:23:4f:4d:00:cf,74:ea:3a:a1:53:a6,74:ea:3a:a1:53:a6,aa:23:4f:4d:00:cf,74:ea:3a:a1:53:a6,,-89,1,2412,False,True
1778936051.5394409,data,qos_null,aa:23:4f:4d:00:cf,74:ea:3a:a1:53:a6,74:ea:3a:a1:53:a6,aa:23:4f:4d:00:cf,74:ea:3a:a1:53:a6,,-87,1,2412,False,True
1778936051.5442772,data,qos_null,aa:23:4f:4d:00:cf,74:ea:3a:a1:53:a6,74:ea:3a:a1:53:a6,aa:23:4f:4d:00:cf,74:ea:3a:a1:53:a6,,-87,1,2412,False,True
1778936051.5459566,data,qos_null,aa:23:4f:4d:00:cf,74:ea:3a:a1:53:a6,74:ea:3a:a1:53:a6,aa:23:4f:4d:00:cf,74:ea:3a:a1:53:a6,,-87,1,2412,False,True
1778936051.5550256,data,qos_null,aa:23:4f:4d:00:cf,74:ea:3a:a1:53:a6,74:ea:3a:a1:53:a6,aa:23:4f:4d:00:cf,74:ea:3a:a1:53:a6,,-90,1,2412,False,True
1778936051.5566483,data,qos_null,aa:23:4f:4d:00:cf,74:ea:3a:a1:53:a6,74:ea:3a:a1:53:a6,aa:23:4f:4d:00:cf,74:ea:3a:a1:53:a6,,-92,1,2412,False,True
1778936051.5582733,data,qos_null,aa:23:4f:4d:00:cf,74:ea:3a:a1:53:a6,74:ea:3a:a1:53:a6,aa:23:4f:4d:00:cf,74:ea:3a:a1:53:a6,,-88,1,2412,False,True
1778936051.5657907,data,data,d8:d7:75:45:81:24,01:00:5e:7f:ff:fa,01:00:5e:7f:ff:fa,d8:d7:75:45:81:24,54:35:30:cf:ee:1e,,-45,1,2412,True,False
1778936051.6195097,data,qos_null,aa:23:4f:4d:00:cf,74:ea:3a:a1:53:a6,74:ea:3a:a1:53:a6,aa:23:4f:4d:00:cf,74:ea:3a:a1:53:a6,,-86,1,2412,False,True
1778936051.6202848,data,qos_null,aa:23:4f:4d:00:cf,74:ea:3a:a1:53:a6,74:ea:3a:a1:53:a6,aa:23:4f:4d:00:cf,74:ea:3a:a1:53:a6,,-87,1,2412,False,True
1778936051.621917,data,qos_null,aa:23:4f:4d:00:cf,74:ea:3a:a1:53:a6,74:ea:3a:a1:53:a6,aa:23:4f:4d:00:cf,74:ea:3a:a1:53:a6,,-89,1,2412,False,True
1778936051.622697,data,qos_null,aa:23:4f:4d:00:cf,74:ea:3a:a1:53:a6,74:ea:3a:a1:53:a6,aa:23:4f:4d:00:cf,74:ea:3a:a1:53:a6,,-89,1,2412,False,True
1778936051.6234937,data,qos_null,aa:23:4f:4d:00:cf,74:ea:3a:a1:53:a6,74:ea:3a:a1:53:a6,aa:23:4f:4d:00:cf,74:ea:3a:a1:53:a6,,-91,1,2412,False,True
1778936051.6242917,data,qos_null,aa:23:4f:4d:00:cf,74:ea:3a:a1:53:a6,74:ea:3a:a1:53:a6,aa:23:4f:4d:00:cf,74:ea:3a:a1:53:a6,,-89,1,2412,False,True
1778936051.625875,data,qos_null,aa:23:4f:4d:00:cf,74:ea:3a:a1:53:a6,74:ea:3a:a1:53:a6,aa:23:4f:4d:00:cf,74:ea:3a:a1:53:a6,,-87,1,2412,False,True
1778936051.6267192,data,qos_null,aa:23:4f:4d:00:cf,74:ea:3a:a1:53:a6,74:ea:3a:a1:53:a6,aa:23:4f:4d:00:cf,74:ea:3a:a1:53:a6,,-89,1,2412,False,True
1778936051.6275587,data,qos_null,aa:23:4f:4d:00:cf,74:ea:3a:a1:53:a6,74:ea:3a:a1:53:a6,aa:23:4f:4d:00:cf,74:ea:3a:a1:53:a6,,-88,1,2412,False,True
1778936051.6283472,data,qos_null,aa:23:4f:4d:00:cf,74:ea:3a:a1:53:a6,74:ea:3a:a1:53:a6,aa:23:4f:4d:00:cf,74:ea:3a:a1:53:a6,,-87,1,2412,False,True
1778936051.6291268,data,qos_null,aa:23:4f:4d:00:cf,74:ea:3a:a1:53:a6,74:ea:3a:a1:53:a6,aa:23:4f:4d:00:cf,74:ea:3a:a1:53:a6,,-87,1,2412,False,True
1778936051.6299424,data,qos_null,aa:23:4f:4d:00:cf,74:ea:3a:a1:53:a6,74:ea:3a:a1:53:a6,aa:23:4f:4d:00:cf,74:ea:3a:a1:53:a6,,-86,1,2412,False,True
1778936051.6307774,data,qos_null,aa:23:4f:4d:00:cf,74:ea:3a:a1:53:a6,74:ea:3a:a1:53:a6,aa:23:4f:4d:00:cf,74:ea:3a:a1:53:a6,,-89,1,2412,False,False
1778936051.6316254,data,qos_null,aa:23:4f:4d:00:cf,74:ea:3a:a1:53:a6,74:ea:3a:a1:53:a6,aa:23:4f:4d:00:cf,74:ea:3a:a1:53:a6,,-88,1,2412,False,True
1778936051.632433,data,qos_null,aa:23:4f:4d:00:cf,74:ea:3a:a1:53:a6,74:ea:3a:a1:53:a6,aa:23:4f:4d:00:cf,74:ea:3a:a1:53:a6,,-90,1,2412,False,True
1778936051.6340969,data,qos_null,aa:23:4f:4d:00:cf,74:ea:3a:a1:53:a6,74:ea:3a:a1:53:a6,aa:23:4f:4d:00:cf,74:ea:3a:a1:53:a6,,-87,1,2412,False,True
1778936051.6349165,data,qos_null,aa:23:4f:4d:00:cf,74:ea:3a:a1:53:a6,74:ea:3a:a1:53:a6,aa:23:4f:4d:00:cf,74:ea:3a:a1:53:a6,,-90,1,2412,False,True
1778936051.6356974,data,qos_null,aa:23:4f:4d:00:cf,74:ea:3a:a1:53:a6,74:ea:3a:a1:53:a6,aa:23:4f:4d:00:cf,74:ea:3a:a1:53:a6,,-89,1,2412,False,True
1778936051.6381054,data,qos_null,aa:23:4f:4d:00:cf,74:ea:3a:a1:53:a6,74:ea:3a:a1:53:a6,aa:23:4f:4d:00:cf,74:ea:3a:a1:53:a6,,-87,1,2412,False,True
1778936051.6405447,data,qos_null,aa:23:4f:4d:00:cf,74:ea:3a:a1:53:a6,74:ea:3a:a1:53:a6,aa:23:4f:4d:00:cf,74:ea:3a:a1:53:a6,,-88,1,2412,False,True
1778936051.6421528,data,qos_null,aa:23:4f:4d:00:cf,74:ea:3a:a1:53:a6,74:ea:3a:a1:53:a6,aa:23:4f:4d:00:cf,74:ea:3a:a1:53:a6,,-90,1,2412,False,True
1778936051.6469388,data,qos_null,aa:23:4f:4d:00:cf,74:ea:3a:a1:53:a6,74:ea:3a:a1:53:a6,aa:23:4f:4d:00:cf,74:ea:3a:a1:53:a6,,-88,1,2412,False,True
1778936051.6502395,data,qos_null,aa:23:4f:4d:00:cf,74:ea:3a:a1:53:a6,74:ea:3a:a1:53:a6,aa:23:4f:4d:00:cf,74:ea:3a:a1:53:a6,,-89,1,2412,False,True
1778936051.6599715,data,qos_null,aa:23:4f:4d:00:cf,74:ea:3a:a1:53:a6,74:ea:3a:a1:53:a6,aa:23:4f:4d:00:cf,74:ea:3a:a1:53:a6,,-88,1,2412,False,True
1778936051.661618,data,qos_null,aa:23:4f:4d:00:cf,74:ea:3a:a1:53:a6,74:ea:3a:a1:53:a6,aa:23:4f:4d:00:cf,74:ea:3a:a1:53:a6,,-89,1,2412,False,True
1778936051.662465,data,qos_null,aa:23:4f:4d:00:cf,74:ea:3a:a1:53:a6,74:ea:3a:a1:53:a6,aa:23:4f:4d:00:cf,74:ea:3a:a1:53:a6,,-87,1,2412,False,True
1778936051.6683455,data,qos_null,aa:23:4f:4d:00:cf,74:ea:3a:a1:53:a6,74:ea:3a:a1:53:a6,aa:23:4f:4d:00:cf,74:ea:3a:a1:53:a6,,-88,1,2412,False,True
1778936051.7205837,data,qos_null,aa:23:4f:4d:00:cf,74:ea:3a:a1:53:a6,74:ea:3a:a1:53:a6,aa:23:4f:4d:00:cf,74:ea:3a:a1:53:a6,,-90,1,2412,False,False
1778936051.7222366,data,qos_null,aa:23:4f:4d:00:cf,74:ea:3a:a1:53:a6,74:ea:3a:a1:53:a6,aa:23:4f:4d:00:cf,74:ea:3a:a1:53:a6,,-88,1,2412,False,True
1778936051.7230043,data,qos_null,aa:23:4f:4d:00:cf,74:ea:3a:a1:53:a6,74:ea:3a:a1:53:a6,aa:23:4f:4d:00:cf,74:ea:3a:a1:53:a6,,-89,1,2412,False,True
1778936051.72381,data,qos_null,aa:23:4f:4d:00:cf,74:ea:3a:a1:53:a6,74:ea:3a:a1:53:a6,aa:23:4f:4d:00:cf,74:ea:3a:a1:53:a6,,-91,1,2412,False,True
1778936051.7246048,data,qos_null,aa:23:4f:4d:00:cf,74:ea:3a:a1:53:a6,74:ea:3a:a1:53:a6,aa:23:4f:4d:00:cf,74:ea:3a:a1:53:a6,,-91,1,2412,False,True
1778936051.7254305,data,qos_null,aa:23:4f:4d:00:cf,74:ea:3a:a1:53:a6,74:ea:3a:a1:53:a6,aa:23:4f:4d:00:cf,74:ea:3a:a1:53:a6,,-92,1,2412,False,True
1778936051.7262185,data,qos_null,aa:23:4f:4d:00:cf,74:ea:3a:a1:53:a6,74:ea:3a:a1:53:a6,aa:23:4f:4d:00:cf,74:ea:3a:a1:53:a6,,-90,1,2412,False,True
1778936051.7271636,control,ack,,50:02:91:e8:18:ec,50:02:91:e8:18:ec,,,,-53,1,2412,False,False
1778936051.7278318,data,qos_null,aa:23:4f:4d:00:cf,74:ea:3a:a1:53:a6,74:ea:3a:a1:53:a6,aa:23:4f:4d:00:cf,74:ea:3a:a1:53:a6,,-87,1,2412,False,True
1778936051.728677,data,qos_null,aa:23:4f:4d:00:cf,74:ea:3a:a1:53:a6,74:ea:3a:a1:53:a6,aa:23:4f:4d:00:cf,74:ea:3a:a1:53:a6,,-89,1,2412,False,True
1778936051.7295356,data,qos_null,aa:23:4f:4d:00:cf,74:ea:3a:a1:53:a6,74:ea:3a:a1:53:a6,aa:23:4f:4d:00:cf,74:ea:3a:a1:53:a6,,-86,1,2412,False,True
1778936051.7311664,data,qos_null,aa:23:4f:4d:00:cf,74:ea:3a:a1:53:a6,74:ea:3a:a1:53:a6,aa:23:4f:4d:00:cf,74:ea:3a:a1:53:a6,,-90,1,2412,False,True
1778936051.7319887,data,qos_null,aa:23:4f:4d:00:cf,74:ea:3a:a1:53:a6,74:ea:3a:a1:53:a6,aa:23:4f:4d:00:cf,74:ea:3a:a1:53:a6,,-87,1,2412,False,True
1778936051.732789,data,qos_null,aa:23:4f:4d:00:cf,74:ea:3a:a1:53:a6,74:ea:3a:a1:53:a6,aa:23:4f:4d:00:cf,74:ea:3a:a1:53:a6,,-89,1,2412,False,False
1778936051.7351995,data,qos_null,aa:23:4f:4d:00:cf,74:ea:3a:a1:53:a6,74:ea:3a:a1:53:a6,aa:23:4f:4d:00:cf,74:ea:3a:a1:53:a6,,-89,1,2412,False,True
1778936051.7359955,data,qos_null,aa:23:4f:4d:00:cf,74:ea:3a:a1:53:a6,74:ea:3a:a1:53:a6,aa:23:4f:4d:00:cf,74:ea:3a:a1:53:a6,,-89,1,2412,False,True
1778936051.7368364,data,qos_null,aa:23:4f:4d:00:cf,74:ea:3a:a1:53:a6,74:ea:3a:a1:53:a6,aa:23:4f:4d:00:cf,74:ea:3a:a1:53:a6,,-90,1,2412,False,True
1778936051.737657,data,qos_null,aa:23:4f:4d:00:cf,74:ea:3a:a1:53:a6,74:ea:3a:a1:53:a6,aa:23:4f:4d:00:cf,74:ea:3a:a1:53:a6,,-88,1,2412,False,True
1778936051.7384849,data,qos_null,aa:23:4f:4d:00:cf,74:ea:3a:a1:53:a6,74:ea:3a:a1:53:a6,aa:23:4f:4d:00:cf,74:ea:3a:a1:53:a6,,-90,1,2412,False,True
1778936051.7393446,data,qos_null,aa:23:4f:4d:00:cf,74:ea:3a:a1:53:a6,74:ea:3a:a1:53:a6,aa:23:4f:4d:00:cf,74:ea:3a:a1:53:a6,,-90,1,2412,False,True
1778936051.7401524,data,qos_null,aa:23:4f:4d:00:cf,74:ea:3a:a1:53:a6,74:ea:3a:a1:53:a6,aa:23:4f:4d:00:cf,74:ea:3a:a1:53:a6,,-86,1,2412,False,True
1778936051.7507508,data,qos_null,aa:23:4f:4d:00:cf,74:ea:3a:a1:53:a6,74:ea:3a:a1:53:a6,aa:23:4f:4d:00:cf,74:ea:3a:a1:53:a6,,-90,1,2412,False,True
1778936051.7524083,data,qos_null,aa:23:4f:4d:00:cf,74:ea:3a:a1:53:a6,74:ea:3a:a1:53:a6,aa:23:4f:4d:00:cf,74:ea:3a:a1:53:a6,,-89,1,2412,False,True
1778936051.7540054,data,qos_null,aa:23:4f:4d:00:cf,74:ea:3a:a1:53:a6,74:ea:3a:a1:53:a6,aa:23:4f:4d:00:cf,74:ea:3a:a1:53:a6,,-89,1,2412,False,True
1778936051.7548146,data,qos_null,aa:23:4f:4d:00:cf,74:ea:3a:a1:53:a6,74:ea:3a:a1:53:a6,aa:23:4f:4d:00:cf,74:ea:3a:a1:53:a6,,-89,1,2412,False,True
1778936051.7621598,data,qos_null,aa:23:4f:4d:00:cf,74:ea:3a:a1:53:a6,74:ea:3a:a1:53:a6,aa:23:4f:4d:00:cf,74:ea:3a:a1:53:a6,,-90,1,2412,False,True
1778936051.7646,data,qos_null,aa:23:4f:4d:00:cf,74:ea:3a:a1:53:a6,74:ea:3a:a1:53:a6,aa:23:4f:4d:00:cf,74:ea:3a:a1:53:a6,,-86,1,2412,False,True
1778936051.7715602,data,qos_null,aa:23:4f:4d:00:cf,74:ea:3a:a1:53:a6,74:ea:3a:a1:53:a6,aa:23:4f:4d:00:cf,74:ea:3a:a1:53:a6,,-88,1,2412,False,False
1778936051.7731588,data,qos_null,aa:23:4f:4d:00:cf,74:ea:3a:a1:53:a6,74:ea:3a:a1:53:a6,aa:23:4f:4d:00:cf,74:ea:3a:a1:53:a6,,-91,1,2412,False,True
1778936051.7739313,data,qos_null,aa:23:4f:4d:00:cf,74:ea:3a:a1:53:a6,74:ea:3a:a1:53:a6,aa:23:4f:4d:00:cf,74:ea:3a:a1:53:a6,,-94,1,2412,False,True
1778936051.7821476,data,qos_null,aa:23:4f:4d:00:cf,74:ea:3a:a1:53:a6,74:ea:3a:a1:53:a6,aa:23:4f:4d:00:cf,74:ea:3a:a1:53:a6,,-90,1,2412,False,True
1778936051.8217108,data,qos_null,aa:23:4f:4d:00:cf,74:ea:3a:a1:53:a6,74:ea:3a:a1:53:a6,aa:23:4f:4d:00:cf,74:ea:3a:a1:53:a6,,-88,1,2412,False,False
1778936051.8224967,data,qos_null,aa:23:4f:4d:00:cf,74:ea:3a:a1:53:a6,74:ea:3a:a1:53:a6,aa:23:4f:4d:00:cf,74:ea:3a:a1:53:a6,,-92,1,2412,False,True
1778936051.823305,data,qos_null,aa:23:4f:4d:00:cf,74:ea:3a:a1:53:a6,74:ea:3a:a1:53:a6,aa:23:4f:4d:00:cf,74:ea:3a:a1:53:a6,,-90,1,2412,False,True
1778936051.8244786,data,qos_null,aa:23:4f:4d:00:cf,74:ea:3a:a1:53:a6,74:ea:3a:a1:53:a6,aa:23:4f:4d:00:cf,74:ea:3a:a1:53:a6,,-90,1,2412,False,True
1778936051.8261077,data,qos_null,aa:23:4f:4d:00:cf,74:ea:3a:a1:53:a6,74:ea:3a:a1:53:a6,aa:23:4f:4d:00:cf,74:ea:3a:a1:53:a6,,-85,1,2412,False,True
1778936051.8269284,data,qos_null,aa:23:4f:4d:00:cf,74:ea:3a:a1:53:a6,74:ea:3a:a1:53:a6,aa:23:4f:4d:00:cf,74:ea:3a:a1:53:a6,,-87,1,2412,False,True
1778936051.8277128,data,qos_null,aa:23:4f:4d:00:cf,74:ea:3a:a1:53:a6,74:ea:3a:a1:53:a6,aa:23:4f:4d:00:cf,74:ea:3a:a1:53:a6,,-86,1,2412,False,True
1778936051.8301225,data,qos_null,aa:23:4f:4d:00:cf,74:ea:3a:a1:53:a6,74:ea:3a:a1:53:a6,aa:23:4f:4d:00:cf,74:ea:3a:a1:53:a6,,-87,1,2412,False,True
1778936051.8317502,data,qos_null,aa:23:4f:4d:00:cf,74:ea:3a:a1:53:a6,74:ea:3a:a1:53:a6,aa:23:4f:4d:00:cf,74:ea:3a:a1:53:a6,,-86,1,2412,False,True
1778936051.8325493,data,qos_null,aa:23:4f:4d:00:cf,74:ea:3a:a1:53:a6,74:ea:3a:a1:53:a6,aa:23:4f:4d:00:cf,74:ea:3a:a1:53:a6,,-89,1,2412,False,True
1778936051.834189,data,qos_null,aa:23:4f:4d:00:cf,74:ea:3a:a1:53:a6,74:ea:3a:a1:53:a6,aa:23:4f:4d:00:cf,74:ea:3a:a1:53:a6,,-87,1,2412,False,False
1778936051.8349543,data,qos_null,aa:23:4f:4d:00:cf,74:ea:3a:a1:53:a6,74:ea:3a:a1:53:a6,aa:23:4f:4d:00:cf,74:ea:3a:a1:53:a6,,-88,1,2412,False,True
1778936051.8357527,data,qos_null,aa:23:4f:4d:00:cf,74:ea:3a:a1:53:a6,74:ea:3a:a1:53:a6,aa:23:4f:4d:00:cf,74:ea:3a:a1:53:a6,,-87,1,2412,False,True
1778936051.8365383,data,qos_null,aa:23:4f:4d:00:cf,74:ea:3a:a1:53:a6,74:ea:3a:a1:53:a6,aa:23:4f:4d:00:cf,74:ea:3a:a1:53:a6,,-89,1,2412,False,True
1778936051.8373756,data,qos_null,aa:23:4f:4d:00:cf,74:ea:3a:a1:53:a6,74:ea:3a:a1:53:a6,aa:23:4f:4d:00:cf,74:ea:3a:a1:53:a6,,-89,1,2412,False,True
1778936051.8389797,data,qos_null,aa:23:4f:4d:00:cf,74:ea:3a:a1:53:a6,74:ea:3a:a1:53:a6,aa:23:4f:4d:00:cf,74:ea:3a:a1:53:a6,,-89,1,2412,False,True
1778936051.8397794,data,qos_null,aa:23:4f:4d:00:cf,74:ea:3a:a1:53:a6,74:ea:3a:a1:53:a6,aa:23:4f:4d:00:cf,74:ea:3a:a1:53:a6,,-88,1,2412,False,True
1778936051.8447013,data,qos_null,aa:23:4f:4d:00:cf,74:ea:3a:a1:53:a6,74:ea:3a:a1:53:a6,aa:23:4f:4d:00:cf,74:ea:3a:a1:53:a6,,-89,1,2412,False,True
1778936051.8543758,data,qos_null,aa:23:4f:4d:00:cf,74:ea:3a:a1:53:a6,74:ea:3a:a1:53:a6,aa:23:4f:4d:00:cf,74:ea:3a:a1:53:a6,,-88,1,2412,False,True
1778936051.8584466,data,qos_null,aa:23:4f:4d:00:cf,74:ea:3a:a1:53:a6,74:ea:3a:a1:53:a6,aa:23:4f:4d:00:cf,74:ea:3a:a1:53:a6,,-88,1,2412,False,False
1778936051.8665884,data,qos_null,aa:23:4f:4d:00:cf,74:ea:3a:a1:53:a6,74:ea:3a:a1:53:a6,aa:23:4f:4d:00:cf,74:ea:3a:a1:53:a6,,-85,1,2412,False,True
1778936051.868265,data,qos_null,aa:23:4f:4d:00:cf,74:ea:3a:a1:53:a6,74:ea:3a:a1:53:a6,aa:23:4f:4d:00:cf,74:ea:3a:a1:53:a6,,-87,1,2412,False,True
1778936051.922895,data,qos_null,aa:23:4f:4d:00:cf,74:ea:3a:a1:53:a6,74:ea:3a:a1:53:a6,aa:23:4f:4d:00:cf,74:ea:3a:a1:53:a6,,-88,1,2412,False,False
1778936051.9236786,data,qos_null,aa:23:4f:4d:00:cf,74:ea:3a:a1:53:a6,74:ea:3a:a1:53:a6,aa:23:4f:4d:00:cf,74:ea:3a:a1:53:a6,,-86,1,2412,False,True
1778936051.9261806,data,qos_null,aa:23:4f:4d:00:cf,74:ea:3a:a1:53:a6,74:ea:3a:a1:53:a6,aa:23:4f:4d:00:cf,74:ea:3a:a1:53:a6,,-91,1,2412,False,True
1778936051.9270113,data,qos_null,aa:23:4f:4d:00:cf,74:ea:3a:a1:53:a6,74:ea:3a:a1:53:a6,aa:23:4f:4d:00:cf,74:ea:3a:a1:53:a6,,-90,1,2412,False,True
1778936051.927811,data,qos_null,aa:23:4f:4d:00:cf,74:ea:3a:a1:53:a6,74:ea:3a:a1:53:a6,aa:23:4f:4d:00:cf,74:ea:3a:a1:53:a6,,-89,1,2412,False,True
1778936051.9285998,data,qos_null,aa:23:4f:4d:00:cf,74:ea:3a:a1:53:a6,74:ea:3a:a1:53:a6,aa:23:4f:4d:00:cf,74:ea:3a:a1:53:a6,,-88,1,2412,False,True
1778936051.9295416,data,qos_null,aa:23:4f:4d:00:cf,74:ea:3a:a1:53:a6,74:ea:3a:a1:53:a6,aa:23:4f:4d:00:cf,74:ea:3a:a1:53:a6,,-91,1,2412,False,True
1778936051.9303656,data,qos_null,aa:23:4f:4d:00:cf,74:ea:3a:a1:53:a6,74:ea:3a:a1:53:a6,aa:23:4f:4d:00:cf,74:ea:3a:a1:53:a6,,-89,1,2412,False,True
1778936051.931204,data,qos_null,aa:23:4f:4d:00:cf,74:ea:3a:a1:53:a6,74:ea:3a:a1:53:a6,aa:23:4f:4d:00:cf,74:ea:3a:a1:53:a6,,-90,1,2412,False,True
1778936051.9319952,data,qos_null,aa:23:4f:4d:00:cf,74:ea:3a:a1:53:a6,74:ea:3a:a1:53:a6,aa:23:4f:4d:00:cf,74:ea:3a:a1:53:a6,,-90,1,2412,False,True
1778936051.9327834,data,qos_null,aa:23:4f:4d:00:cf,74:ea:3a:a1:53:a6,74:ea:3a:a1:53:a6,aa:23:4f:4d:00:cf,74:ea:3a:a1:53:a6,,-88,1,2412,False,True
1778936051.9335818,data,qos_null,aa:23:4f:4d:00:cf,74:ea:3a:a1:53:a6,74:ea:3a:a1:53:a6,aa:23:4f:4d:00:cf,74:ea:3a:a1:53:a6,,-86,1,2412,False,True
1778936051.9359848,data,qos_null,aa:23:4f:4d:00:cf,74:ea:3a:a1:53:a6,74:ea:3a:a1:53:a6,aa:23:4f:4d:00:cf,74:ea:3a:a1:53:a6,,-88,1,2412,False,True
1778936051.9367933,data,qos_null,aa:23:4f:4d:00:cf,74:ea:3a:a1:53:a6,74:ea:3a:a1:53:a6,aa:23:4f:4d:00:cf,74:ea:3a:a1:53:a6,,-90,1,2412,False,True
1778936051.9383833,data,qos_null,aa:23:4f:4d:00:cf,74:ea:3a:a1:53:a6,74:ea:3a:a1:53:a6,aa:23:4f:4d:00:cf,74:ea:3a:a1:53:a6,,-91,1,2412,False,True
1778936051.9400296,data,qos_null,aa:23:4f:4d:00:cf,74:ea:3a:a1:53:a6,74:ea:3a:a1:53:a6,aa:23:4f:4d:00:cf,74:ea:3a:a1:53:a6,,-89,1,2412,False,True
1778936051.9424665,data,qos_null,aa:23:4f:4d:00:cf,74:ea:3a:a1:53:a6,74:ea:3a:a1:53:a6,aa:23:4f:4d:00:cf,74:ea:3a:a1:53:a6,,-86,1,2412,False,True
1778936051.9449205,data,qos_null,aa:23:4f:4d:00:cf,74:ea:3a:a1:53:a6,74:ea:3a:a1:53:a6,aa:23:4f:4d:00:cf,74:ea:3a:a1:53:a6,,-86,1,2412,False,True
1778936051.945756,data,qos_null,aa:23:4f:4d:00:cf,74:ea:3a:a1:53:a6,74:ea:3a:a1:53:a6,aa:23:4f:4d:00:cf,74:ea:3a:a1:53:a6,,-87,1,2412,False,True
1778936051.9466066,data,qos_null,aa:23:4f:4d:00:cf,74:ea:3a:a1:53:a6,74:ea:3a:a1:53:a6,aa:23:4f:4d:00:cf,74:ea:3a:a1:53:a6,,-88,1,2412,False,True
1778936051.9639227,data,qos_null,aa:23:4f:4d:00:cf,74:ea:3a:a1:53:a6,74:ea:3a:a1:53:a6,aa:23:4f:4d:00:cf,74:ea:3a:a1:53:a6,,-86,1,2412,False,True
1778936051.9647295,data,qos_null,aa:23:4f:4d:00:cf,74:ea:3a:a1:53:a6,74:ea:3a:a1:53:a6,aa:23:4f:4d:00:cf,74:ea:3a:a1:53:a6,,-86,1,2412,False,True
1778936051.9704204,data,qos_null,aa:23:4f:4d:00:cf,74:ea:3a:a1:53:a6,74:ea:3a:a1:53:a6,aa:23:4f:4d:00:cf,74:ea:3a:a1:53:a6,,-87,1,2412,False,True
1778936051.9742212,management,beacon,d8:d7:75:45:81:24,ff:ff:ff:ff:ff:ff,ff:ff:ff:ff:ff:ff,d8:d7:75:45:81:24,d8:d7:75:45:81:24,FunBox2-8124,-44,1,2412,False,False
1778936052.0222054,data,qos_null,aa:23:4f:4d:00:cf,74:ea:3a:a1:53:a6,74:ea:3a:a1:53:a6,aa:23:4f:4d:00:cf,74:ea:3a:a1:53:a6,,-86,1,2412,False,False
1778936052.0238445,data,qos_null,aa:23:4f:4d:00:cf,74:ea:3a:a1:53:a6,74:ea:3a:a1:53:a6,aa:23:4f:4d:00:cf,74:ea:3a:a1:53:a6,,-88,1,2412,False,True
1778936052.0246823,data,qos_null,aa:23:4f:4d:00:cf,74:ea:3a:a1:53:a6,74:ea:3a:a1:53:a6,aa:23:4f:4d:00:cf,74:ea:3a:a1:53:a6,,-88,1,2412,False,True
1778936052.0280895,data,qos_null,aa:23:4f:4d:00:cf,74:ea:3a:a1:53:a6,74:ea:3a:a1:53:a6,aa:23:4f:4d:00:cf,74:ea:3a:a1:53:a6,,-86,1,2412,False,True
1778936052.0288975,data,qos_null,aa:23:4f:4d:00:cf,74:ea:3a:a1:53:a6,74:ea:3a:a1:53:a6,aa:23:4f:4d:00:cf,74:ea:3a:a1:53:a6,,-88,1,2412,False,True
1778936052.029725,data,qos_null,aa:23:4f:4d:00:cf,74:ea:3a:a1:53:a6,74:ea:3a:a1:53:a6,aa:23:4f:4d:00:cf,74:ea:3a:a1:53:a6,,-90,1,2412,False,True
1778936052.0305223,data,qos_null,aa:23:4f:4d:00:cf,74:ea:3a:a1:53:a6,74:ea:3a:a1:53:a6,aa:23:4f:4d:00:cf,74:ea:3a:a1:53:a6,,-90,1,2412,False,True
1778936052.0313172,data,qos_null,aa:23:4f:4d:00:cf,74:ea:3a:a1:53:a6,74:ea:3a:a1:53:a6,aa:23:4f:4d:00:cf,74:ea:3a:a1:53:a6,,-87,1,2412,False,True
1778936052.0329466,data,qos_null,aa:23:4f:4d:00:cf,74:ea:3a:a1:53:a6,74:ea:3a:a1:53:a6,aa:23:4f:4d:00:cf,74:ea:3a:a1:53:a6,,-89,1,2412,False,True
1778936052.0337296,data,qos_null,aa:23:4f:4d:00:cf,74:ea:3a:a1:53:a6,74:ea:3a:a1:53:a6,aa:23:4f:4d:00:cf,74:ea:3a:a1:53:a6,,-88,1,2412,False,True
1778936052.034549,data,qos_null,aa:23:4f:4d:00:cf,74:ea:3a:a1:53:a6,74:ea:3a:a1:53:a6,aa:23:4f:4d:00:cf,74:ea:3a:a1:53:a6,,-89,1,2412,False,True
1778936052.0353875,data,qos_null,aa:23:4f:4d:00:cf,74:ea:3a:a1:53:a6,74:ea:3a:a1:53:a6,aa:23:4f:4d:00:cf,74:ea:3a:a1:53:a6,,-88,1,2412,False,True
1778936052.0362253,data,qos_null,aa:23:4f:4d:00:cf,74:ea:3a:a1:53:a6,74:ea:3a:a1:53:a6,aa:23:4f:4d:00:cf,74:ea:3a:a1:53:a6,,-86,1,2412,False,True
1778936052.0387015,data,qos_null,aa:23:4f:4d:00:cf,74:ea:3a:a1:53:a6,74:ea:3a:a1:53:a6,aa:23:4f:4d:00:cf,74:ea:3a:a1:53:a6,,-89,1,2412,False,True
1778936052.039459,data,qos_null,aa:23:4f:4d:00:cf,74:ea:3a:a1:53:a6,74:ea:3a:a1:53:a6,aa:23:4f:4d:00:cf,74:ea:3a:a1:53:a6,,-88,1,2412,False,True
1778936052.0402977,data,qos_null,aa:23:4f:4d:00:cf,74:ea:3a:a1:53:a6,74:ea:3a:a1:53:a6,aa:23:4f:4d:00:cf,74:ea:3a:a1:53:a6,,-90,1,2412,False,True
1778936052.0419388,data,qos_null,aa:23:4f:4d:00:cf,74:ea:3a:a1:53:a6,74:ea:3a:a1:53:a6,aa:23:4f:4d:00:cf,74:ea:3a:a1:53:a6,,-90,1,2412,False,True
1778936052.0427277,data,qos_null,aa:23:4f:4d:00:cf,74:ea:3a:a1:53:a6,74:ea:3a:a1:53:a6,aa:23:4f:4d:00:cf,74:ea:3a:a1:53:a6,,-86,1,2412,False,True
1778936052.0542145,data,qos_null,aa:23:4f:4d:00:cf,74:ea:3a:a1:53:a6,74:ea:3a:a1:53:a6,aa:23:4f:4d:00:cf,74:ea:3a:a1:53:a6,,-88,1,2412,False,True
1778936052.0550792,data,qos_null,aa:23:4f:4d:00:cf,74:ea:3a:a1:53:a6,74:ea:3a:a1:53:a6,aa:23:4f:4d:00:cf,74:ea:3a:a1:53:a6,,-87,1,2412,False,True
1778936052.0614593,data,qos_null,aa:23:4f:4d:00:cf,74:ea:3a:a1:53:a6,74:ea:3a:a1:53:a6,aa:23:4f:4d:00:cf,74:ea:3a:a1:53:a6,,-88,1,2412,False,False
1778936052.0622685,data,qos_null,aa:23:4f:4d:00:cf,74:ea:3a:a1:53:a6,74:ea:3a:a1:53:a6,aa:23:4f:4d:00:cf,74:ea:3a:a1:53:a6,,-89,1,2412,False,True
1778936052.0712516,data,qos_null,aa:23:4f:4d:00:cf,74:ea:3a:a1:53:a6,74:ea:3a:a1:53:a6,aa:23:4f:4d:00:cf,74:ea:3a:a1:53:a6,,-88,1,2412,False,True
1778936052.0766132,management,beacon,d8:d7:75:45:81:24,ff:ff:ff:ff:ff:ff,ff:ff:ff:ff:ff:ff,d8:d7:75:45:81:24,d8:d7:75:45:81:24,FunBox2-8124,-44,1,2412,False,False
1778936052.1256466,data,qos_null,aa:23:4f:4d:00:cf,74:ea:3a:a1:53:a6,74:ea:3a:a1:53:a6,aa:23:4f:4d:00:cf,74:ea:3a:a1:53:a6,,-86,1,2412,False,False
1778936052.1264281,data,qos_null,aa:23:4f:4d:00:cf,74:ea:3a:a1:53:a6,74:ea:3a:a1:53:a6,aa:23:4f:4d:00:cf,74:ea:3a:a1:53:a6,,-90,1,2412,False,True
1778936052.1272085,data,qos_null,aa:23:4f:4d:00:cf,74:ea:3a:a1:53:a6,74:ea:3a:a1:53:a6,aa:23:4f:4d:00:cf,74:ea:3a:a1:53:a6,,-88,1,2412,False,True
1778936052.1279979,data,qos_null,aa:23:4f:4d:00:cf,74:ea:3a:a1:53:a6,74:ea:3a:a1:53:a6,aa:23:4f:4d:00:cf,74:ea:3a:a1:53:a6,,-88,1,2412,False,True
1778936052.128775,data,qos_null,aa:23:4f:4d:00:cf,74:ea:3a:a1:53:a6,74:ea:3a:a1:53:a6,aa:23:4f:4d:00:cf,74:ea:3a:a1:53:a6,,-89,1,2412,False,True
1778936052.1304424,data,qos_null,aa:23:4f:4d:00:cf,74:ea:3a:a1:53:a6,74:ea:3a:a1:53:a6,aa:23:4f:4d:00:cf,74:ea:3a:a1:53:a6,,-87,1,2412,False,True
1778936052.1312258,data,qos_null,aa:23:4f:4d:00:cf,74:ea:3a:a1:53:a6,74:ea:3a:a1:53:a6,aa:23:4f:4d:00:cf,74:ea:3a:a1:53:a6,,-87,1,2412,False,True
1778936052.1320603,data,qos_null,aa:23:4f:4d:00:cf,74:ea:3a:a1:53:a6,74:ea:3a:a1:53:a6,aa:23:4f:4d:00:cf,74:ea:3a:a1:53:a6,,-89,1,2412,False,True
1778936052.1344798,data,qos_null,aa:23:4f:4d:00:cf,74:ea:3a:a1:53:a6,74:ea:3a:a1:53:a6,aa:23:4f:4d:00:cf,74:ea:3a:a1:53:a6,,-88,1,2412,False,True
1778936052.1353047,data,qos_null,aa:23:4f:4d:00:cf,74:ea:3a:a1:53:a6,74:ea:3a:a1:53:a6,aa:23:4f:4d:00:cf,74:ea:3a:a1:53:a6,,-91,1,2412,False,True
1778936052.1368876,data,qos_null,aa:23:4f:4d:00:cf,74:ea:3a:a1:53:a6,74:ea:3a:a1:53:a6,aa:23:4f:4d:00:cf,74:ea:3a:a1:53:a6,,-87,1,2412,False,True
1778936052.1377308,data,qos_null,aa:23:4f:4d:00:cf,74:ea:3a:a1:53:a6,74:ea:3a:a1:53:a6,aa:23:4f:4d:00:cf,74:ea:3a:a1:53:a6,,-86,1,2412,False,False
1778936052.1393769,data,qos_null,aa:23:4f:4d:00:cf,74:ea:3a:a1:53:a6,74:ea:3a:a1:53:a6,aa:23:4f:4d:00:cf,74:ea:3a:a1:53:a6,,-86,1,2412,False,True
1778936052.140182,data,qos_null,aa:23:4f:4d:00:cf,74:ea:3a:a1:53:a6,74:ea:3a:a1:53:a6,aa:23:4f:4d:00:cf,74:ea:3a:a1:53:a6,,-88,1,2412,False,True
1778936052.1443632,data,qos_null,aa:23:4f:4d:00:cf,74:ea:3a:a1:53:a6,74:ea:3a:a1:53:a6,aa:23:4f:4d:00:cf,74:ea:3a:a1:53:a6,,-89,1,2412,False,True
1778936052.151534,data,qos_null,aa:23:4f:4d:00:cf,74:ea:3a:a1:53:a6,74:ea:3a:a1:53:a6,aa:23:4f:4d:00:cf,74:ea:3a:a1:53:a6,,-85,1,2412,False,True
1778936052.152342,data,qos_null,aa:23:4f:4d:00:cf,74:ea:3a:a1:53:a6,74:ea:3a:a1:53:a6,aa:23:4f:4d:00:cf,74:ea:3a:a1:53:a6,,-88,1,2412,False,True
1778936052.153961,data,qos_null,aa:23:4f:4d:00:cf,74:ea:3a:a1:53:a6,74:ea:3a:a1:53:a6,aa:23:4f:4d:00:cf,74:ea:3a:a1:53:a6,,-87,1,2412,False,True
1778936052.1547496,data,qos_null,aa:23:4f:4d:00:cf,74:ea:3a:a1:53:a6,74:ea:3a:a1:53:a6,aa:23:4f:4d:00:cf,74:ea:3a:a1:53:a6,,-91,1,2412,False,True
1778936052.1612394,data,qos_null,aa:23:4f:4d:00:cf,74:ea:3a:a1:53:a6,74:ea:3a:a1:53:a6,aa:23:4f:4d:00:cf,74:ea:3a:a1:53:a6,,-87,1,2412,False,True
1778936052.1684887,data,qos_null,aa:23:4f:4d:00:cf,74:ea:3a:a1:53:a6,74:ea:3a:a1:53:a6,aa:23:4f:4d:00:cf,74:ea:3a:a1:53:a6,,-86,1,2412,False,True
1778936052.1700742,data,qos_null,aa:23:4f:4d:00:cf,74:ea:3a:a1:53:a6,74:ea:3a:a1:53:a6,aa:23:4f:4d:00:cf,74:ea:3a:a1:53:a6,,-86,1,2412,False,True
1778936052.1732664,data,qos_null,aa:23:4f:4d:00:cf,74:ea:3a:a1:53:a6,74:ea:3a:a1:53:a6,aa:23:4f:4d:00:cf,74:ea:3a:a1:53:a6,,-87,1,2412,False,True
1778936052.1790543,management,beacon,d8:d7:75:45:81:24,ff:ff:ff:ff:ff:ff,ff:ff:ff:ff:ff:ff,d8:d7:75:45:81:24,d8:d7:75:45:81:24,FunBox2-8124,-47,1,2412,False,False
1778936052.2242448,data,qos_null,aa:23:4f:4d:00:cf,74:ea:3a:a1:53:a6,74:ea:3a:a1:53:a6,aa:23:4f:4d:00:cf,74:ea:3a:a1:53:a6,,-88,1,2412,False,False
1778936052.2258434,data,qos_null,aa:23:4f:4d:00:cf,74:ea:3a:a1:53:a6,74:ea:3a:a1:53:a6,aa:23:4f:4d:00:cf,74:ea:3a:a1:53:a6,,-88,1,2412,False,True
1778936052.2266843,data,qos_null,aa:23:4f:4d:00:cf,74:ea:3a:a1:53:a6,74:ea:3a:a1:53:a6,aa:23:4f:4d:00:cf,74:ea:3a:a1:53:a6,,-87,1,2412,False,True
1778936052.2274904,data,qos_null,aa:23:4f:4d:00:cf,74:ea:3a:a1:53:a6,74:ea:3a:a1:53:a6,aa:23:4f:4d:00:cf,74:ea:3a:a1:53:a6,,-86,1,2412,False,True
1778936052.2311304,data,qos_null,aa:23:4f:4d:00:cf,74:ea:3a:a1:53:a6,74:ea:3a:a1:53:a6,aa:23:4f:4d:00:cf,74:ea:3a:a1:53:a6,,-89,1,2412,False,True
1778936052.2319005,data,qos_null,aa:23:4f:4d:00:cf,74:ea:3a:a1:53:a6,74:ea:3a:a1:53:a6,aa:23:4f:4d:00:cf,74:ea:3a:a1:53:a6,,-88,1,2412,False,True
1778936052.2327228,data,qos_null,aa:23:4f:4d:00:cf,74:ea:3a:a1:53:a6,74:ea:3a:a1:53:a6,aa:23:4f:4d:00:cf,74:ea:3a:a1:53:a6,,-87,1,2412,False,True
1778936052.2343142,data,qos_null,aa:23:4f:4d:00:cf,74:ea:3a:a1:53:a6,74:ea:3a:a1:53:a6,aa:23:4f:4d:00:cf,74:ea:3a:a1:53:a6,,-88,1,2412,False,True
1778936052.2351296,data,qos_null,aa:23:4f:4d:00:cf,74:ea:3a:a1:53:a6,74:ea:3a:a1:53:a6,aa:23:4f:4d:00:cf,74:ea:3a:a1:53:a6,,-88,1,2412,False,True
1778936052.2367969,data,qos_null,aa:23:4f:4d:00:cf,74:ea:3a:a1:53:a6,74:ea:3a:a1:53:a6,aa:23:4f:4d:00:cf,74:ea:3a:a1:53:a6,,-87,1,2412,False,True
1778936052.2375872,data,qos_null,aa:23:4f:4d:00:cf,74:ea:3a:a1:53:a6,74:ea:3a:a1:53:a6,aa:23:4f:4d:00:cf,74:ea:3a:a1:53:a6,,-86,1,2412,False,True
1778936052.2384334,data,qos_null,aa:23:4f:4d:00:cf,74:ea:3a:a1:53:a6,74:ea:3a:a1:53:a6,aa:23:4f:4d:00:cf,74:ea:3a:a1:53:a6,,-88,1,2412,False,True
1778936052.2392497,data,qos_null,aa:23:4f:4d:00:cf,74:ea:3a:a1:53:a6,74:ea:3a:a1:53:a6,aa:23:4f:4d:00:cf,74:ea:3a:a1:53:a6,,-89,1,2412,False,False
1778936052.2400875,data,qos_null,aa:23:4f:4d:00:cf,74:ea:3a:a1:53:a6,74:ea:3a:a1:53:a6,aa:23:4f:4d:00:cf,74:ea:3a:a1:53:a6,,-87,1,2412,False,True
1778936052.240905,data,qos_null,aa:23:4f:4d:00:cf,74:ea:3a:a1:53:a6,74:ea:3a:a1:53:a6,aa:23:4f:4d:00:cf,74:ea:3a:a1:53:a6,,-86,1,2412,False,True
1778936052.2425368,data,qos_null,aa:23:4f:4d:00:cf,74:ea:3a:a1:53:a6,74:ea:3a:a1:53:a6,aa:23:4f:4d:00:cf,74:ea:3a:a1:53:a6,,-87,1,2412,False,True
1778936052.2433865,data,qos_null,aa:23:4f:4d:00:cf,74:ea:3a:a1:53:a6,74:ea:3a:a1:53:a6,aa:23:4f:4d:00:cf,74:ea:3a:a1:53:a6,,-85,1,2412,False,True
1778936052.244209,data,qos_null,aa:23:4f:4d:00:cf,74:ea:3a:a1:53:a6,74:ea:3a:a1:53:a6,aa:23:4f:4d:00:cf,74:ea:3a:a1:53:a6,,-86,1,2412,False,True
1778936052.24666,data,qos_null,aa:23:4f:4d:00:cf,74:ea:3a:a1:53:a6,74:ea:3a:a1:53:a6,aa:23:4f:4d:00:cf,74:ea:3a:a1:53:a6,,-88,1,2412,False,True
1778936052.2554708,data,qos_null,aa:23:4f:4d:00:cf,74:ea:3a:a1:53:a6,74:ea:3a:a1:53:a6,aa:23:4f:4d:00:cf,74:ea:3a:a1:53:a6,,-87,1,2412,False,True
1778936052.2570837,data,qos_null,aa:23:4f:4d:00:cf,74:ea:3a:a1:53:a6,74:ea:3a:a1:53:a6,aa:23:4f:4d:00:cf,74:ea:3a:a1:53:a6,,-87,1,2412,False,True
1778936052.257896,data,qos_null,aa:23:4f:4d:00:cf,74:ea:3a:a1:53:a6,74:ea:3a:a1:53:a6,aa:23:4f:4d:00:cf,74:ea:3a:a1:53:a6,,-87,1,2412,False,True
1778936052.2708557,data,qos_null,aa:23:4f:4d:00:cf,74:ea:3a:a1:53:a6,74:ea:3a:a1:53:a6,aa:23:4f:4d:00:cf,74:ea:3a:a1:53:a6,,-87,1,2412,False,True
1778936052.3258638,data,qos_null,aa:23:4f:4d:00:cf,74:ea:3a:a1:53:a6,74:ea:3a:a1:53:a6,aa:23:4f:4d:00:cf,74:ea:3a:a1:53:a6,,-88,1,2412,False,False
1778936052.3266644,data,qos_null,aa:23:4f:4d:00:cf,74:ea:3a:a1:53:a6,74:ea:3a:a1:53:a6,aa:23:4f:4d:00:cf,74:ea:3a:a1:53:a6,,-86,1,2412,False,True
1778936052.327497,data,qos_null,aa:23:4f:4d:00:cf,74:ea:3a:a1:53:a6,74:ea:3a:a1:53:a6,aa:23:4f:4d:00:cf,74:ea:3a:a1:53:a6,,-89,1,2412,False,True
1778936052.3283014,data,qos_null,aa:23:4f:4d:00:cf,74:ea:3a:a1:53:a6,74:ea:3a:a1:53:a6,aa:23:4f:4d:00:cf,74:ea:3a:a1:53:a6,,-88,1,2412,False,True
1778936052.3291082,data,qos_null,aa:23:4f:4d:00:cf,74:ea:3a:a1:53:a6,74:ea:3a:a1:53:a6,aa:23:4f:4d:00:cf,74:ea:3a:a1:53:a6,,-88,1,2412,False,True
1778936052.32995,data,qos_null,aa:23:4f:4d:00:cf,74:ea:3a:a1:53:a6,74:ea:3a:a1:53:a6,aa:23:4f:4d:00:cf,74:ea:3a:a1:53:a6,,-90,1,2412,False,True
1778936052.3315797,data,qos_null,aa:23:4f:4d:00:cf,74:ea:3a:a1:53:a6,74:ea:3a:a1:53:a6,aa:23:4f:4d:00:cf,74:ea:3a:a1:53:a6,,-87,1,2412,False,True
1778936052.3349335,data,qos_null,aa:23:4f:4d:00:cf,74:ea:3a:a1:53:a6,74:ea:3a:a1:53:a6,aa:23:4f:4d:00:cf,74:ea:3a:a1:53:a6,,-90,1,2412,False,True
1778936052.3365304,data,qos_null,aa:23:4f:4d:00:cf,74:ea:3a:a1:53:a6,74:ea:3a:a1:53:a6,aa:23:4f:4d:00:cf,74:ea:3a:a1:53:a6,,-88,1,2412,False,True
1778936052.3373134,data,qos_null,aa:23:4f:4d:00:cf,74:ea:3a:a1:53:a6,74:ea:3a:a1:53:a6,aa:23:4f:4d:00:cf,74:ea:3a:a1:53:a6,,-88,1,2412,False,True
1778936052.338094,data,qos_null,aa:23:4f:4d:00:cf,74:ea:3a:a1:53:a6,74:ea:3a:a1:53:a6,aa:23:4f:4d:00:cf,74:ea:3a:a1:53:a6,,-91,1,2412,False,True
1778936052.3389611,data,qos_null,aa:23:4f:4d:00:cf,74:ea:3a:a1:53:a6,74:ea:3a:a1:53:a6,aa:23:4f:4d:00:cf,74:ea:3a:a1:53:a6,,-87,1,2412,False,True
1778936052.339744,data,qos_null,aa:23:4f:4d:00:cf,74:ea:3a:a1:53:a6,74:ea:3a:a1:53:a6,aa:23:4f:4d:00:cf,74:ea:3a:a1:53:a6,,-87,1,2412,False,True
1778936052.3413913,data,qos_null,aa:23:4f:4d:00:cf,74:ea:3a:a1:53:a6,74:ea:3a:a1:53:a6,aa:23:4f:4d:00:cf,74:ea:3a:a1:53:a6,,-86,1,2412,False,True
1778936052.3421981,data,qos_null,aa:23:4f:4d:00:cf,74:ea:3a:a1:53:a6,74:ea:3a:a1:53:a6,aa:23:4f:4d:00:cf,74:ea:3a:a1:53:a6,,-88,1,2412,False,True
1778936052.343819,data,qos_null,aa:23:4f:4d:00:cf,74:ea:3a:a1:53:a6,74:ea:3a:a1:53:a6,aa:23:4f:4d:00:cf,74:ea:3a:a1:53:a6,,-87,1,2412,False,True
1778936052.3446493,data,qos_null,aa:23:4f:4d:00:cf,74:ea:3a:a1:53:a6,74:ea:3a:a1:53:a6,aa:23:4f:4d:00:cf,74:ea:3a:a1:53:a6,,-86,1,2412,False,True
1778936052.3465986,data,qos_null,aa:23:4f:4d:00:cf,74:ea:3a:a1:53:a6,74:ea:3a:a1:53:a6,aa:23:4f:4d:00:cf,74:ea:3a:a1:53:a6,,-87,1,2412,False,True
1778936052.347409,data,qos_null,aa:23:4f:4d:00:cf,74:ea:3a:a1:53:a6,74:ea:3a:a1:53:a6,aa:23:4f:4d:00:cf,74:ea:3a:a1:53:a6,,-85,1,2412,False,True
1778936052.348229,data,qos_null,aa:23:4f:4d:00:cf,74:ea:3a:a1:53:a6,74:ea:3a:a1:53:a6,aa:23:4f:4d:00:cf,74:ea:3a:a1:53:a6,,-87,1,2412,False,True
1778936052.3490374,data,qos_null,aa:23:4f:4d:00:cf,74:ea:3a:a1:53:a6,74:ea:3a:a1:53:a6,aa:23:4f:4d:00:cf,74:ea:3a:a1:53:a6,,-86,1,2412,False,True
1778936052.3580241,data,qos_null,aa:23:4f:4d:00:cf,74:ea:3a:a1:53:a6,74:ea:3a:a1:53:a6,aa:23:4f:4d:00:cf,74:ea:3a:a1:53:a6,,-87,1,2412,False,True
1778936052.3637426,data,qos_null,aa:23:4f:4d:00:cf,74:ea:3a:a1:53:a6,74:ea:3a:a1:53:a6,aa:23:4f:4d:00:cf,74:ea:3a:a1:53:a6,,-91,1,2412,False,True
1778936052.364585,data,qos_null,aa:23:4f:4d:00:cf,74:ea:3a:a1:53:a6,74:ea:3a:a1:53:a6,aa:23:4f:4d:00:cf,74:ea:3a:a1:53:a6,,-89,1,2412,False,True
1778936052.3703513,data,qos_null,aa:23:4f:4d:00:cf,74:ea:3a:a1:53:a6,74:ea:3a:a1:53:a6,aa:23:4f:4d:00:cf,74:ea:3a:a1:53:a6,,-88,1,2412,False,True
1778936052.3719654,data,qos_null,aa:23:4f:4d:00:cf,74:ea:3a:a1:53:a6,74:ea:3a:a1:53:a6,aa:23:4f:4d:00:cf,74:ea:3a:a1:53:a6,,-88,1,2412,False,True
1778936052.3727489,data,qos_null,aa:23:4f:4d:00:cf,74:ea:3a:a1:53:a6,74:ea:3a:a1:53:a6,aa:23:4f:4d:00:cf,74:ea:3a:a1:53:a6,,-89,1,2412,False,True
1778936052.3751922,data,qos_null,aa:23:4f:4d:00:cf,74:ea:3a:a1:53:a6,74:ea:3a:a1:53:a6,aa:23:4f:4d:00:cf,74:ea:3a:a1:53:a6,,-86,1,2412,False,True
1778936052.3838398,management,beacon,d8:d7:75:45:81:24,ff:ff:ff:ff:ff:ff,ff:ff:ff:ff:ff:ff,d8:d7:75:45:81:24,d8:d7:75:45:81:24,FunBox2-8124,-45,1,2412,False,False
1778936052.4277349,data,qos_null,aa:23:4f:4d:00:cf,74:ea:3a:a1:53:a6,74:ea:3a:a1:53:a6,aa:23:4f:4d:00:cf,74:ea:3a:a1:53:a6,,-88,1,2412,False,False
1778936052.4285567,data,qos_null,aa:23:4f:4d:00:cf,74:ea:3a:a1:53:a6,74:ea:3a:a1:53:a6,aa:23:4f:4d:00:cf,74:ea:3a:a1:53:a6,,-87,1,2412,False,True
1778936052.4293396,data,qos_null,aa:23:4f:4d:00:cf,74:ea:3a:a1:53:a6,74:ea:3a:a1:53:a6,aa:23:4f:4d:00:cf,74:ea:3a:a1:53:a6,,-87,1,2412,False,True
1778936052.435083,data,qos_null,aa:23:4f:4d:00:cf,74:ea:3a:a1:53:a6,74:ea:3a:a1:53:a6,aa:23:4f:4d:00:cf,74:ea:3a:a1:53:a6,,-91,1,2412,False,True
1778936052.4359052,data,qos_null,aa:23:4f:4d:00:cf,74:ea:3a:a1:53:a6,74:ea:3a:a1:53:a6,aa:23:4f:4d:00:cf,74:ea:3a:a1:53:a6,,-89,1,2412,False,True
1778936052.4366965,data,qos_null,aa:23:4f:4d:00:cf,74:ea:3a:a1:53:a6,74:ea:3a:a1:53:a6,aa:23:4f:4d:00:cf,74:ea:3a:a1:53:a6,,-88,1,2412,False,True
1778936052.4391952,data,qos_null,aa:23:4f:4d:00:cf,74:ea:3a:a1:53:a6,74:ea:3a:a1:53:a6,aa:23:4f:4d:00:cf,74:ea:3a:a1:53:a6,,-85,1,2412,False,True
1778936052.4408612,data,qos_null,aa:23:4f:4d:00:cf,74:ea:3a:a1:53:a6,74:ea:3a:a1:53:a6,aa:23:4f:4d:00:cf,74:ea:3a:a1:53:a6,,-88,1,2412,False,True
1778936052.4424748,data,qos_null,aa:23:4f:4d:00:cf,74:ea:3a:a1:53:a6,74:ea:3a:a1:53:a6,aa:23:4f:4d:00:cf,74:ea:3a:a1:53:a6,,-88,1,2412,False,False
1778936052.4432964,data,qos_null,aa:23:4f:4d:00:cf,74:ea:3a:a1:53:a6,74:ea:3a:a1:53:a6,aa:23:4f:4d:00:cf,74:ea:3a:a1:53:a6,,-90,1,2412,False,True
1778936052.4440742,data,qos_null,aa:23:4f:4d:00:cf,74:ea:3a:a1:53:a6,74:ea:3a:a1:53:a6,aa:23:4f:4d:00:cf,74:ea:3a:a1:53:a6,,-88,1,2412,False,True
1778936052.4457695,data,qos_null,aa:23:4f:4d:00:cf,74:ea:3a:a1:53:a6,74:ea:3a:a1:53:a6,aa:23:4f:4d:00:cf,74:ea:3a:a1:53:a6,,-88,1,2412,False,True
1778936052.5886707,management,beacon,d8:d7:75:45:81:24,ff:ff:ff:ff:ff:ff,ff:ff:ff:ff:ff:ff,d8:d7:75:45:81:24,d8:d7:75:45:81:24,FunBox2-8124,-45,1,2412,False,False
1778936052.6910505,management,beacon,d8:d7:75:45:81:24,ff:ff:ff:ff:ff:ff,ff:ff:ff:ff:ff:ff,d8:d7:75:45:81:24,d8:d7:75:45:81:24,FunBox2-8124,-45,1,2412,False,False
1778936052.7934654,management,beacon,d8:d7:75:45:81:24,ff:ff:ff:ff:ff:ff,ff:ff:ff:ff:ff:ff,d8:d7:75:45:81:24,d8:d7:75:45:81:24,FunBox2-8124,-45,1,2412,False,False
1778936052.895863,management,beacon,d8:d7:75:45:81:24,ff:ff:ff:ff:ff:ff,ff:ff:ff:ff:ff:ff,d8:d7:75:45:81:24,d8:d7:75:45:81:24,FunBox2-8124,-48,1,2412,False,False
1778936052.9983108,management,beacon,d8:d7:75:45:81:24,ff:ff:ff:ff:ff:ff,ff:ff:ff:ff:ff:ff,d8:d7:75:45:81:24,d8:d7:75:45:81:24,FunBox2-8124,-46,1,2412,False,False
1778936053.10072,management,beacon,d8:d7:75:45:81:24,ff:ff:ff:ff:ff:ff,ff:ff:ff:ff:ff:ff,d8:d7:75:45:81:24,d8:d7:75:45:81:24,FunBox2-8124,-46,1,2412,False,False
1778936053.203069,management,beacon,d8:d7:75:45:81:24,ff:ff:ff:ff:ff:ff,ff:ff:ff:ff:ff:ff,d8:d7:75:45:81:24,d8:d7:75:45:81:24,FunBox2-8124,-45,1,2412,False,False
1778936053.305475,management,beacon,d8:d7:75:45:81:24,ff:ff:ff:ff:ff:ff,ff:ff:ff:ff:ff:ff,d8:d7:75:45:81:24,d8:d7:75:45:81:24,FunBox2-8124,-46,1,2412,False,False
1778936053.4079487,management,beacon,d8:d7:75:45:81:24,ff:ff:ff:ff:ff:ff,ff:ff:ff:ff:ff:ff,d8:d7:75:45:81:24,d8:d7:75:45:81:24,FunBox2-8124,-48,1,2412,False,False
1778936053.409095,control,ack,,50:02:91:e8:18:ec,50:02:91:e8:18:ec,,,,-53,1,2412,False,False
1778936053.5102754,management,beacon,d8:d7:75:45:81:24,ff:ff:ff:ff:ff:ff,ff:ff:ff:ff:ff:ff,d8:d7:75:45:81:24,d8:d7:75:45:81:24,FunBox2-8124,-45,1,2412,False,False
1778936053.5699584,control,ack,,50:02:91:e8:18:ec,50:02:91:e8:18:ec,,,,-48,1,2412,False,False
1778936053.6127415,management,beacon,d8:d7:75:45:81:24,ff:ff:ff:ff:ff:ff,ff:ff:ff:ff:ff:ff,d8:d7:75:45:81:24,d8:d7:75:45:81:24,FunBox2-8124,-46,1,2412,False,False
1778936053.7151258,management,beacon,d8:d7:75:45:81:24,ff:ff:ff:ff:ff:ff,ff:ff:ff:ff:ff:ff,d8:d7:75:45:81:24,d8:d7:75:45:81:24,FunBox2-8124,-46,1,2412,False,False
1778936053.8175356,management,beacon,d8:d7:75:45:81:24,ff:ff:ff:ff:ff:ff,ff:ff:ff:ff:ff:ff,d8:d7:75:45:81:24,d8:d7:75:45:81:24,FunBox2-8124,-45,1,2412,False,False
1778936053.9199042,management,beacon,d8:d7:75:45:81:24,ff:ff:ff:ff:ff:ff,ff:ff:ff:ff:ff:ff,d8:d7:75:45:81:24,d8:d7:75:45:81:24,FunBox2-8124,-50,1,2412,False,False
1778936054.1247106,management,beacon,d8:d7:75:45:81:24,ff:ff:ff:ff:ff:ff,ff:ff:ff:ff:ff:ff,d8:d7:75:45:81:24,d8:d7:75:45:81:24,FunBox2-8124,-45,1,2412,False,False
1778936054.2271106,management,beacon,d8:d7:75:45:81:24,ff:ff:ff:ff:ff:ff,ff:ff:ff:ff:ff:ff,d8:d7:75:45:81:24,d8:d7:75:45:81:24,FunBox2-8124,-46,1,2412,False,False
1778936054.3295426,management,beacon,d8:d7:75:45:81:24,ff:ff:ff:ff:ff:ff,ff:ff:ff:ff:ff:ff,d8:d7:75:45:81:24,d8:d7:75:45:81:24,FunBox2-8124,-45,1,2412,False,False
1778936054.431914,management,beacon,d8:d7:75:45:81:24,ff:ff:ff:ff:ff:ff,ff:ff:ff:ff:ff:ff,d8:d7:75:45:81:24,d8:d7:75:45:81:24,FunBox2-8124,-51,1,2412,False,False
1778936054.534343,management,beacon,d8:d7:75:45:81:24,ff:ff:ff:ff:ff:ff,ff:ff:ff:ff:ff:ff,d8:d7:75:45:81:24,d8:d7:75:45:81:24,FunBox2-8124,-52,1,2412,False,False
1778936054.636722,management,beacon,d8:d7:75:45:81:24,ff:ff:ff:ff:ff:ff,ff:ff:ff:ff:ff:ff,d8:d7:75:45:81:24,d8:d7:75:45:81:24,FunBox2-8124,-46,1,2412,False,False
1778936054.739188,management,beacon,d8:d7:75:45:81:24,ff:ff:ff:ff:ff:ff,ff:ff:ff:ff:ff:ff,d8:d7:75:45:81:24,d8:d7:75:45:81:24,FunBox2-8124,-47,1,2412,False,False
1778936054.8415515,management,beacon,d8:d7:75:45:81:24,ff:ff:ff:ff:ff:ff,ff:ff:ff:ff:ff:ff,d8:d7:75:45:81:24,d8:d7:75:45:81:24,FunBox2-8124,-46,1,2412,False,False
1778936054.9439785,management,beacon,d8:d7:75:45:81:24,ff:ff:ff:ff:ff:ff,ff:ff:ff:ff:ff:ff,d8:d7:75:45:81:24,d8:d7:75:45:81:24,FunBox2-8124,-52,1,2412,False,False
1778936054.94516,control,ack,,50:02:91:e8:18:ec,50:02:91:e8:18:ec,,,,-56,1,2412,False,False
1778936055.046346,management,beacon,d8:d7:75:45:81:24,ff:ff:ff:ff:ff:ff,ff:ff:ff:ff:ff:ff,d8:d7:75:45:81:24,d8:d7:75:45:81:24,FunBox2-8124,-46,1,2412,False,False
1778936055.1064785,data,null_data,50:02:91:e8:18:ec,d8:d7:75:45:81:24,d8:d7:75:45:81:24,50:02:91:e8:18:ec,d8:d7:75:45:81:24,,-83,1,2412,False,True
1778936055.1067762,data,null_data,50:02:91:e8:18:ec,d8:d7:75:45:81:24,d8:d7:75:45:81:24,50:02:91:e8:18:ec,d8:d7:75:45:81:24,,-84,1,2412,False,True
1778936055.1073024,data,null_data,50:02:91:e8:18:ec,d8:d7:75:45:81:24,d8:d7:75:45:81:24,50:02:91:e8:18:ec,d8:d7:75:45:81:24,,-86,1,2412,False,True
1778936055.1078444,data,null_data,50:02:91:e8:18:ec,d8:d7:75:45:81:24,d8:d7:75:45:81:24,50:02:91:e8:18:ec,d8:d7:75:45:81:24,,-86,1,2412,False,True
1778936055.1084156,data,null_data,50:02:91:e8:18:ec,d8:d7:75:45:81:24,d8:d7:75:45:81:24,50:02:91:e8:18:ec,d8:d7:75:45:81:24,,-84,1,2412,False,True
1778936055.1087244,control,ack,,50:02:91:e8:18:ec,50:02:91:e8:18:ec,,,,-47,1,2412,False,False
1778936055.2511406,management,beacon,d8:d7:75:45:81:24,ff:ff:ff:ff:ff:ff,ff:ff:ff:ff:ff:ff,d8:d7:75:45:81:24,d8:d7:75:45:81:24,FunBox2-8124,-46,1,2412,False,False
1778936055.353592,management,beacon,d8:d7:75:45:81:24,ff:ff:ff:ff:ff:ff,ff:ff:ff:ff:ff:ff,d8:d7:75:45:81:24,d8:d7:75:45:81:24,FunBox2-8124,-48,1,2412,False,False
1778936055.455997,management,beacon,d8:d7:75:45:81:24,ff:ff:ff:ff:ff:ff,ff:ff:ff:ff:ff:ff,d8:d7:75:45:81:24,d8:d7:75:45:81:24,FunBox2-8124,-54,1,2412,False,False
1778936055.5583913,management,beacon,d8:d7:75:45:81:24,ff:ff:ff:ff:ff:ff,ff:ff:ff:ff:ff:ff,d8:d7:75:45:81:24,d8:d7:75:45:81:24,FunBox2-8124,-47,1,2412,False,False
1778936055.6607676,management,beacon,d8:d7:75:45:81:24,ff:ff:ff:ff:ff:ff,ff:ff:ff:ff:ff:ff,d8:d7:75:45:81:24,d8:d7:75:45:81:24,FunBox2-8124,-46,1,2412,False,False
1778936055.7632246,management,beacon,d8:d7:75:45:81:24,ff:ff:ff:ff:ff:ff,ff:ff:ff:ff:ff:ff,d8:d7:75:45:81:24,d8:d7:75:45:81:24,FunBox2-8124,-54,1,2412,False,False
1778936055.865616,management,beacon,d8:d7:75:45:81:24,ff:ff:ff:ff:ff:ff,ff:ff:ff:ff:ff:ff,d8:d7:75:45:81:24,d8:d7:75:45:81:24,FunBox2-8124,-55,1,2412,False,False
1778936055.953245,management,probe_request,7e:97:3c:4d:a0:f2,ff:ff:ff:ff:ff:ff,ff:ff:ff:ff:ff:ff,7e:97:3c:4d:a0:f2,ff:ff:ff:ff:ff:ff,<hidden>,-62,1,2412,False,False
1778936055.9565098,management,probe_response,d8:d7:75:45:81:24,7e:97:3c:4d:a0:f2,7e:97:3c:4d:a0:f2,d8:d7:75:45:81:24,d8:d7:75:45:81:24,FunBox2-8124,-45,1,2412,False,False
1778936055.9568005,control,ack,,d8:d7:75:45:81:24,d8:d7:75:45:81:24,,,,-65,1,2412,False,False
1778936055.9638295,control,ack,,ac:84:c6:41:71:22,ac:84:c6:41:71:22,,,,-62,1,2412,False,False
1778936055.9679906,management,beacon,d8:d7:75:45:81:24,ff:ff:ff:ff:ff:ff,ff:ff:ff:ff:ff:ff,d8:d7:75:45:81:24,d8:d7:75:45:81:24,FunBox2-8124,-46,1,2412,False,False
1778936055.9740627,management,probe_request,7e:97:3c:4d:a0:f2,ff:ff:ff:ff:ff:ff,ff:ff:ff:ff:ff:ff,7e:97:3c:4d:a0:f2,ff:ff:ff:ff:ff:ff,<hidden>,-61,1,2412,False,False
1778936055.9773116,management,probe_response,d8:d7:75:45:81:24,7e:97:3c:4d:a0:f2,7e:97:3c:4d:a0:f2,d8:d7:75:45:81:24,d8:d7:75:45:81:24,FunBox2-8124,-47,1,2412,False,False
1778936055.9775994,control,ack,,d8:d7:75:45:81:24,d8:d7:75:45:81:24,,,,-60,1,2412,False,False
1778936055.9991698,control,ack,,90:9a:4a:b8:f5:43,90:9a:4a:b8:f5:43,,,,-66,1,2412,False,False
1778936056.0046704,control,ack,,90:9a:4a:b8:f5:43,90:9a:4a:b8:f5:43,,,,-65,1,2412,False,False
1778936056.0703692,management,beacon,d8:d7:75:45:81:24,ff:ff:ff:ff:ff:ff,ff:ff:ff:ff:ff:ff,d8:d7:75:45:81:24,d8:d7:75:45:81:24,FunBox2-8124,-53,1,2412,False,False
1778936056.2807808,control,ack,,50:02:91:e8:18:ec,50:02:91:e8:18:ec,,,,-58,1,2412,False,False
1778936056.2966566,management,beacon,d8:d7:75:45:81:24,ff:ff:ff:ff:ff:ff,ff:ff:ff:ff:ff:ff,d8:d7:75:45:81:24,d8:d7:75:45:81:24,FunBox2-8124,-56,1,2412,False,False
1778936056.3775897,management,beacon,d8:d7:75:45:81:24,ff:ff:ff:ff:ff:ff,ff:ff:ff:ff:ff:ff,d8:d7:75:45:81:24,d8:d7:75:45:81:24,FunBox2-8124,-55,1,2412,False,False
1778936056.4416327,control,ack,,50:02:91:e8:18:ec,50:02:91:e8:18:ec,,,,-58,1,2412,False,False
1778936056.4805682,management,beacon,d8:d7:75:45:81:24,ff:ff:ff:ff:ff:ff,ff:ff:ff:ff:ff:ff,d8:d7:75:45:81:24,d8:d7:75:45:81:24,FunBox2-8124,-45,1,2412,False,False
1778936056.5824547,management,beacon,d8:d7:75:45:81:24,ff:ff:ff:ff:ff:ff,ff:ff:ff:ff:ff:ff,d8:d7:75:45:81:24,d8:d7:75:45:81:24,FunBox2-8124,-45,1,2412,False,False
1778936056.787255,management,beacon,d8:d7:75:45:81:24,ff:ff:ff:ff:ff:ff,ff:ff:ff:ff:ff:ff,d8:d7:75:45:81:24,d8:d7:75:45:81:24,FunBox2-8124,-55,1,2412,False,False
1778936056.8896294,management,beacon,d8:d7:75:45:81:24,ff:ff:ff:ff:ff:ff,ff:ff:ff:ff:ff:ff,d8:d7:75:45:81:24,d8:d7:75:45:81:24,FunBox2-8124,-56,1,2412,False,False
1778936056.9920156,management,beacon,d8:d7:75:45:81:24,ff:ff:ff:ff:ff:ff,ff:ff:ff:ff:ff:ff,d8:d7:75:45:81:24,d8:d7:75:45:81:24,FunBox2-8124,-56,1,2412,False,False
1778936057.0944211,management,beacon,d8:d7:75:45:81:24,ff:ff:ff:ff:ff:ff,ff:ff:ff:ff:ff:ff,d8:d7:75:45:81:24,d8:d7:75:45:81:24,FunBox2-8124,-46,1,2412,False,False
1778936057.299253,management,beacon,d8:d7:75:45:81:24,ff:ff:ff:ff:ff:ff,ff:ff:ff:ff:ff:ff,d8:d7:75:45:81:24,d8:d7:75:45:81:24,FunBox2-8124,-55,1,2412,False,False
1778936057.401631,management,beacon,d8:d7:75:45:81:24,ff:ff:ff:ff:ff:ff,ff:ff:ff:ff:ff:ff,d8:d7:75:45:81:24,d8:d7:75:45:81:24,FunBox2-8124,-54,1,2412,False,False
1778936057.5040252,management,beacon,d8:d7:75:45:81:24,ff:ff:ff:ff:ff:ff,ff:ff:ff:ff:ff:ff,d8:d7:75:45:81:24,d8:d7:75:45:81:24,FunBox2-8124,-55,1,2412,False,False
1778936057.6064348,management,beacon,d8:d7:75:45:81:24,ff:ff:ff:ff:ff:ff,ff:ff:ff:ff:ff:ff,d8:d7:75:45:81:24,d8:d7:75:45:81:24,FunBox2-8124,-47,1,2412,False,False
1778936057.8112676,management,beacon,d8:d7:75:45:81:24,ff:ff:ff:ff:ff:ff,ff:ff:ff:ff:ff:ff,d8:d7:75:45:81:24,d8:d7:75:45:81:24,FunBox2-8124,-54,1,2412,False,False
1778936057.9136403,management,beacon,d8:d7:75:45:81:24,ff:ff:ff:ff:ff:ff,ff:ff:ff:ff:ff:ff,d8:d7:75:45:81:24,d8:d7:75:45:81:24,FunBox2-8124,-53,1,2412,False,False
1778936058.0160635,management,beacon,d8:d7:75:45:81:24,ff:ff:ff:ff:ff:ff,ff:ff:ff:ff:ff:ff,d8:d7:75:45:81:24,d8:d7:75:45:81:24,FunBox2-8124,-48,1,2412,False,False
1778936058.017282,control,ack,,50:02:91:e8:18:ec,50:02:91:e8:18:ec,,,,-47,1,2412,False,False
1778936058.1184447,management,beacon,d8:d7:75:45:81:24,ff:ff:ff:ff:ff:ff,ff:ff:ff:ff:ff:ff,d8:d7:75:45:81:24,d8:d7:75:45:81:24,FunBox2-8124,-45,1,2412,False,False
1778936058.3233035,management,beacon,d8:d7:75:45:81:24,ff:ff:ff:ff:ff:ff,ff:ff:ff:ff:ff:ff,d8:d7:75:45:81:24,d8:d7:75:45:81:24,FunBox2-8124,-48,1,2412,False,False
1778936058.3246024,data,data,d8:d7:75:45:81:24,33:33:00:00:00:01,33:33:00:00:00:01,d8:d7:75:45:81:24,d8:d7:75:45:81:24,,-44,1,2412,True,False
1778936058.3249156,control,ack,,d8:d7:75:45:81:24,d8:d7:75:45:81:24,,,,-87,1,2412,False,False
1778936058.3250911,control,ack,,50:02:91:e8:18:ec,50:02:91:e8:18:ec,,,,-57,1,2412,False,False
1778936058.4256918,management,beacon,d8:d7:75:45:81:24,ff:ff:ff:ff:ff:ff,ff:ff:ff:ff:ff:ff,d8:d7:75:45:81:24,d8:d7:75:45:81:24,FunBox2-8124,-47,1,2412,False,False
1778936058.4859884,control,ack,,50:02:91:e8:18:ec,50:02:91:e8:18:ec,,,,-47,1,2412,False,False
1778936058.5281215,management,beacon,d8:d7:75:45:81:24,ff:ff:ff:ff:ff:ff,ff:ff:ff:ff:ff:ff,d8:d7:75:45:81:24,d8:d7:75:45:81:24,FunBox2-8124,-53,1,2412,False,False
1778936058.630503,management,beacon,d8:d7:75:45:81:24,ff:ff:ff:ff:ff:ff,ff:ff:ff:ff:ff:ff,d8:d7:75:45:81:24,d8:d7:75:45:81:24,FunBox2-8124,-54,1,2412,False,False
1778936058.7328773,management,beacon,d8:d7:75:45:81:24,ff:ff:ff:ff:ff:ff,ff:ff:ff:ff:ff:ff,d8:d7:75:45:81:24,d8:d7:75:45:81:24,FunBox2-8124,-45,1,2412,False,False
1778936058.8352988,management,beacon,d8:d7:75:45:81:24,ff:ff:ff:ff:ff:ff,ff:ff:ff:ff:ff:ff,d8:d7:75:45:81:24,d8:d7:75:45:81:24,FunBox2-8124,-53,1,2412,False,False
1778936058.9376826,management,beacon,d8:d7:75:45:81:24,ff:ff:ff:ff:ff:ff,ff:ff:ff:ff:ff:ff,d8:d7:75:45:81:24,d8:d7:75:45:81:24,FunBox2-8124,-54,1,2412,False,False
1778936058.9390702,data,data,d8:d7:75:45:81:24,33:33:00:00:00:16,33:33:00:00:00:16,d8:d7:75:45:81:24,8a:f4:af:eb:f3:fb,,-55,1,2412,True,False
1778936058.9395573,control,ack,,d8:d7:75:45:81:24,d8:d7:75:45:81:24,,,,-87,1,2412,False,False
1778936058.9395592,control,ack,,50:02:91:e8:18:ec,50:02:91:e8:18:ec,,,,-57,1,2412,False,False
1778936058.9414523,control,ack,,d8:d7:75:45:81:24,d8:d7:75:45:81:24,,,,-85,1,2412,False,False
1778936058.9438152,data,data,d8:d7:75:45:81:24,33:33:00:00:00:fb,33:33:00:00:00:fb,d8:d7:75:45:81:24,8a:f4:af:eb:f3:fb,,-55,1,2412,True,False
1778936058.9441047,control,ack,,d8:d7:75:45:81:24,d8:d7:75:45:81:24,,,,-86,1,2412,False,False
1778936058.9457276,data,data,d8:d7:75:45:81:24,33:33:00:00:00:01,33:33:00:00:00:01,d8:d7:75:45:81:24,d8:d7:75:45:81:24,,-55,1,2412,True,False
1778936058.9460287,control,ack,,d8:d7:75:45:81:24,d8:d7:75:45:81:24,,,,-84,1,2412,False,False
1778936059.0404973,management,beacon,d8:d7:75:45:81:24,ff:ff:ff:ff:ff:ff,ff:ff:ff:ff:ff:ff,d8:d7:75:45:81:24,d8:d7:75:45:81:24,FunBox2-8124,-55,1,2412,False,False
1778936059.1064932,control,ack,,50:02:91:e8:18:ec,50:02:91:e8:18:ec,,,,-48,1,2412,False,False
1778936059.14254,management,beacon,d8:d7:75:45:81:24,ff:ff:ff:ff:ff:ff,ff:ff:ff:ff:ff:ff,d8:d7:75:45:81:24,d8:d7:75:45:81:24,FunBox2-8124,-53,1,2412,False,False
1778936059.2188416,control,ack,,50:02:91:e8:18:ec,50:02:91:e8:18:ec,,,,-56,1,2412,False,False
1778936059.2449007,management,beacon,d8:d7:75:45:81:24,ff:ff:ff:ff:ff:ff,ff:ff:ff:ff:ff:ff,d8:d7:75:45:81:24,d8:d7:75:45:81:24,FunBox2-8124,-54,1,2412,False,False
1778936059.3473082,management,beacon,d8:d7:75:45:81:24,ff:ff:ff:ff:ff:ff,ff:ff:ff:ff:ff:ff,d8:d7:75:45:81:24,d8:d7:75:45:81:24,FunBox2-8124,-54,1,2412,False,False
1778936059.3798933,control,ack,,50:02:91:e8:18:ec,50:02:91:e8:18:ec,,,,-56,1,2412,False,False
1778936059.4497051,management,beacon,d8:d7:75:45:81:24,ff:ff:ff:ff:ff:ff,ff:ff:ff:ff:ff:ff,d8:d7:75:45:81:24,d8:d7:75:45:81:24,FunBox2-8124,-54,1,2412,False,False
1778936059.5521429,management,beacon,d8:d7:75:45:81:24,ff:ff:ff:ff:ff:ff,ff:ff:ff:ff:ff:ff,d8:d7:75:45:81:24,d8:d7:75:45:81:24,FunBox2-8124,-53,1,2412,False,False
1778936059.6545064,management,beacon,d8:d7:75:45:81:24,ff:ff:ff:ff:ff:ff,ff:ff:ff:ff:ff:ff,d8:d7:75:45:81:24,d8:d7:75:45:81:24,FunBox2-8124,-52,1,2412,False,False
1778936059.7569804,management,beacon,d8:d7:75:45:81:24,ff:ff:ff:ff:ff:ff,ff:ff:ff:ff:ff:ff,d8:d7:75:45:81:24,d8:d7:75:45:81:24,FunBox2-8124,-52,1,2412,False,False
1778936059.85989,management,beacon,d8:d7:75:45:81:24,ff:ff:ff:ff:ff:ff,ff:ff:ff:ff:ff:ff,d8:d7:75:45:81:24,d8:d7:75:45:81:24,FunBox2-8124,-52,1,2412,False,False
1778936059.9617345,management,beacon,d8:d7:75:45:81:24,ff:ff:ff:ff:ff:ff,ff:ff:ff:ff:ff:ff,d8:d7:75:45:81:24,d8:d7:75:45:81:24,FunBox2-8124,-45,1,2412,False,False
1778936060.0641236,management,beacon,d8:d7:75:45:81:24,ff:ff:ff:ff:ff:ff,ff:ff:ff:ff:ff:ff,d8:d7:75:45:81:24,d8:d7:75:45:81:24,FunBox2-8124,-45,1,2412,False,False
1778936060.1665301,management,beacon,d8:d7:75:45:81:24,ff:ff:ff:ff:ff:ff,ff:ff:ff:ff:ff:ff,d8:d7:75:45:81:24,d8:d7:75:45:81:24,FunBox2-8124,-44,1,2412,False,False
1778936060.1684933,data,data,d8:d7:75:45:81:24,01:00:5e:00:00:fb,01:00:5e:00:00:fb,d8:d7:75:45:81:24,8a:f4:af:eb:f3:fb,,-46,1,2412,True,False
1778936060.1689768,control,ack,,d8:d7:75:45:81:24,d8:d7:75:45:81:24,,,,-84,1,2412,False,False
1778936060.168978,control,ack,,50:02:91:e8:18:ec,50:02:91:e8:18:ec,,,,-56,1,2412,False,False
1778936060.26894,management,beacon,d8:d7:75:45:81:24,ff:ff:ff:ff:ff:ff,ff:ff:ff:ff:ff:ff,d8:d7:75:45:81:24,d8:d7:75:45:81:24,FunBox2-8124,-44,1,2412,False,False
1778936060.3315442,control,ack,,50:02:91:e8:18:ec,50:02:91:e8:18:ec,,,,-48,1,2412,False,False
1778936060.37138,management,beacon,d8:d7:75:45:81:24,ff:ff:ff:ff:ff:ff,ff:ff:ff:ff:ff:ff,d8:d7:75:45:81:24,d8:d7:75:45:81:24,FunBox2-8124,-54,1,2412,False,False
1778936060.473777,management,beacon,d8:d7:75:45:81:24,ff:ff:ff:ff:ff:ff,ff:ff:ff:ff:ff:ff,d8:d7:75:45:81:24,d8:d7:75:45:81:24,FunBox2-8124,-45,1,2412,False,False
1778936060.4752846,data,data,d8:d7:75:45:81:24,33:33:00:00:00:16,33:33:00:00:00:16,d8:d7:75:45:81:24,8a:f4:af:eb:f3:fb,,-44,1,2412,True,False
1778936060.475608,control,ack,,d8:d7:75:45:81:24,d8:d7:75:45:81:24,,,,-87,1,2412,False,False
1778936060.6785538,management,beacon,d8:d7:75:45:81:24,ff:ff:ff:ff:ff:ff,ff:ff:ff:ff:ff:ff,d8:d7:75:45:81:24,d8:d7:75:45:81:24,FunBox2-8124,-52,1,2412,False,False
1778936060.7809513,management,beacon,d8:d7:75:45:81:24,ff:ff:ff:ff:ff:ff,ff:ff:ff:ff:ff:ff,d8:d7:75:45:81:24,d8:d7:75:45:81:24,FunBox2-8124,-52,1,2412,False,False
1778936060.8833692,management,beacon,d8:d7:75:45:81:24,ff:ff:ff:ff:ff:ff,ff:ff:ff:ff:ff:ff,d8:d7:75:45:81:24,d8:d7:75:45:81:24,FunBox2-8124,-53,1,2412,False,False
1778936060.985787,management,beacon,d8:d7:75:45:81:24,ff:ff:ff:ff:ff:ff,ff:ff:ff:ff:ff:ff,d8:d7:75:45:81:24,d8:d7:75:45:81:24,FunBox2-8124,-52,1,2412,False,False
1778936061.190565,management,beacon,d8:d7:75:45:81:24,ff:ff:ff:ff:ff:ff,ff:ff:ff:ff:ff:ff,d8:d7:75:45:81:24,d8:d7:75:45:81:24,FunBox2-8124,-53,1,2412,False,False
1778936061.2930055,management,beacon,d8:d7:75:45:81:24,ff:ff:ff:ff:ff:ff,ff:ff:ff:ff:ff:ff,d8:d7:75:45:81:24,d8:d7:75:45:81:24,FunBox2-8124,-53,1,2412,False,False
1778936061.395384,management,beacon,d8:d7:75:45:81:24,ff:ff:ff:ff:ff:ff,ff:ff:ff:ff:ff:ff,d8:d7:75:45:81:24,d8:d7:75:45:81:24,FunBox2-8124,-55,1,2412,False,False
1778936061.497808,management,beacon,d8:d7:75:45:81:24,ff:ff:ff:ff:ff:ff,ff:ff:ff:ff:ff:ff,d8:d7:75:45:81:24,d8:d7:75:45:81:24,FunBox2-8124,-56,1,2412,False,False
1778936061.702594,management,beacon,d8:d7:75:45:81:24,ff:ff:ff:ff:ff:ff,ff:ff:ff:ff:ff:ff,d8:d7:75:45:81:24,d8:d7:75:45:81:24,FunBox2-8124,-54,1,2412,False,False
1778936061.8049836,management,beacon,d8:d7:75:45:81:24,ff:ff:ff:ff:ff:ff,ff:ff:ff:ff:ff:ff,d8:d7:75:45:81:24,d8:d7:75:45:81:24,FunBox2-8124,-55,1,2412,False,False
1778936062.0098,management,beacon,d8:d7:75:45:81:24,ff:ff:ff:ff:ff:ff,ff:ff:ff:ff:ff:ff,d8:d7:75:45:81:24,d8:d7:75:45:81:24,FunBox2-8124,-54,1,2412,False,False
1778936062.0110075,data,null_data,50:02:91:e8:18:ec,d8:d7:75:45:81:24,d8:d7:75:45:81:24,50:02:91:e8:18:ec,d8:d7:75:45:81:24,,-83,1,2412,False,False
1778936062.011012,control,ack,,50:02:91:e8:18:ec,50:02:91:e8:18:ec,,,,-58,1,2412,False,False
1778936062.1718442,control,ack,,50:02:91:e8:18:ec,50:02:91:e8:18:ec,,,,-58,1,2412,False,False
1778936062.2146788,management,beacon,d8:d7:75:45:81:24,ff:ff:ff:ff:ff:ff,ff:ff:ff:ff:ff:ff,d8:d7:75:45:81:24,d8:d7:75:45:81:24,FunBox2-8124,-54,1,2412,False,False
1778936062.3170059,management,beacon,d8:d7:75:45:81:24,ff:ff:ff:ff:ff:ff,ff:ff:ff:ff:ff:ff,d8:d7:75:45:81:24,d8:d7:75:45:81:24,FunBox2-8124,-46,1,2412,False,False
1778936062.4194174,management,beacon,d8:d7:75:45:81:24,ff:ff:ff:ff:ff:ff,ff:ff:ff:ff:ff:ff,d8:d7:75:45:81:24,d8:d7:75:45:81:24,FunBox2-8124,-44,1,2412,False,False
1778936062.7266836,management,beacon,d8:d7:75:45:81:24,ff:ff:ff:ff:ff:ff,ff:ff:ff:ff:ff:ff,d8:d7:75:45:81:24,d8:d7:75:45:81:24,FunBox2-8124,-45,1,2412,False,False
1778936062.8290763,management,beacon,d8:d7:75:45:81:24,ff:ff:ff:ff:ff:ff,ff:ff:ff:ff:ff:ff,d8:d7:75:45:81:24,d8:d7:75:45:81:24,FunBox2-8124,-45,1,2412,False,False
1778936062.9314642,management,beacon,d8:d7:75:45:81:24,ff:ff:ff:ff:ff:ff,ff:ff:ff:ff:ff:ff,d8:d7:75:45:81:24,d8:d7:75:45:81:24,FunBox2-8124,-46,1,2412,False,False
1778936062.9329538,data,data,d8:d7:75:45:81:24,01:00:5e:00:00:fb,01:00:5e:00:00:fb,d8:d7:75:45:81:24,8a:f4:af:eb:f3:fb,,-45,1,2412,True,False
1778936062.9332497,control,ack,,d8:d7:75:45:81:24,d8:d7:75:45:81:24,,,,-85,1,2412,False,False
1778936062.9350162,data,data,d8:d7:75:45:81:24,33:33:00:00:00:fb,33:33:00:00:00:fb,d8:d7:75:45:81:24,8a:f4:af:eb:f3:fb,,-53,1,2412,True,False
1778936062.9352345,control,ack,,50:02:91:e8:18:ec,50:02:91:e8:18:ec,,,,-55,1,2412,False,False
1778936063.0338414,management,beacon,d8:d7:75:45:81:24,ff:ff:ff:ff:ff:ff,ff:ff:ff:ff:ff:ff,d8:d7:75:45:81:24,d8:d7:75:45:81:24,FunBox2-8124,-47,1,2412,False,False
1778936063.0961425,control,ack,,50:02:91:e8:18:ec,50:02:91:e8:18:ec,,,,-54,1,2412,False,False
1778936063.2386901,management,beacon,d8:d7:75:45:81:24,ff:ff:ff:ff:ff:ff,ff:ff:ff:ff:ff:ff,d8:d7:75:45:81:24,d8:d7:75:45:81:24,FunBox2-8124,-50,1,2412,False,False
1778936063.3410573,management,beacon,d8:d7:75:45:81:24,ff:ff:ff:ff:ff:ff,ff:ff:ff:ff:ff:ff,d8:d7:75:45:81:24,d8:d7:75:45:81:24,FunBox2-8124,-51,1,2412,False,False
1778936063.4434512,management,beacon,d8:d7:75:45:81:24,ff:ff:ff:ff:ff:ff,ff:ff:ff:ff:ff:ff,d8:d7:75:45:81:24,d8:d7:75:45:81:24,FunBox2-8124,-52,1,2412,False,False
1778936063.5458977,management,beacon,d8:d7:75:45:81:24,ff:ff:ff:ff:ff:ff,ff:ff:ff:ff:ff:ff,d8:d7:75:45:81:24,d8:d7:75:45:81:24,FunBox2-8124,-50,1,2412,False,False
1778936063.750715,management,beacon,d8:d7:75:45:81:24,ff:ff:ff:ff:ff:ff,ff:ff:ff:ff:ff:ff,d8:d7:75:45:81:24,d8:d7:75:45:81:24,FunBox2-8124,-49,1,2412,False,False
1778936063.8531148,management,beacon,d8:d7:75:45:81:24,ff:ff:ff:ff:ff:ff,ff:ff:ff:ff:ff:ff,d8:d7:75:45:81:24,d8:d7:75:45:81:24,FunBox2-8124,-50,1,2412,False,False
1778936063.8672895,data,qos_null,aa:23:4f:4d:00:cf,74:ea:3a:a1:53:a6,74:ea:3a:a1:53:a6,aa:23:4f:4d:00:cf,74:ea:3a:a1:53:a6,,-86,1,2412,False,False
1778936063.9555206,management,beacon,d8:d7:75:45:81:24,ff:ff:ff:ff:ff:ff,ff:ff:ff:ff:ff:ff,d8:d7:75:45:81:24,d8:d7:75:45:81:24,FunBox2-8124,-53,1,2412,False,False
1778936063.9610567,control,ack,,50:02:91:e8:18:ec,50:02:91:e8:18:ec,,,,-55,1,2412,False,False
1778936064.057866,management,beacon,d8:d7:75:45:81:24,ff:ff:ff:ff:ff:ff,ff:ff:ff:ff:ff:ff,d8:d7:75:45:81:24,d8:d7:75:45:81:24,FunBox2-8124,-51,1,2412,False,False
1778936064.1221242,control,ack,,50:02:91:e8:18:ec,50:02:91:e8:18:ec,,,,-55,1,2412,False,False
1778936064.2627025,management,beacon,d8:d7:75:45:81:24,ff:ff:ff:ff:ff:ff,ff:ff:ff:ff:ff:ff,d8:d7:75:45:81:24,d8:d7:75:45:81:24,FunBox2-8124,-50,1,2412,False,False
1778936064.3650858,management,beacon,d8:d7:75:45:81:24,ff:ff:ff:ff:ff:ff,ff:ff:ff:ff:ff:ff,d8:d7:75:45:81:24,d8:d7:75:45:81:24,FunBox2-8124,-51,1,2412,False,False
1778936064.4674969,management,beacon,d8:d7:75:45:81:24,ff:ff:ff:ff:ff:ff,ff:ff:ff:ff:ff:ff,d8:d7:75:45:81:24,d8:d7:75:45:81:24,FunBox2-8124,-50,1,2412,False,False
1778936064.5699456,management,beacon,d8:d7:75:45:81:24,ff:ff:ff:ff:ff:ff,ff:ff:ff:ff:ff:ff,d8:d7:75:45:81:24,d8:d7:75:45:81:24,FunBox2-8124,-50,1,2412,False,False
1778936064.7746978,management,beacon,d8:d7:75:45:81:24,ff:ff:ff:ff:ff:ff,ff:ff:ff:ff:ff:ff,d8:d7:75:45:81:24,d8:d7:75:45:81:24,FunBox2-8124,-50,1,2412,False,False
1778936064.877121,management,beacon,d8:d7:75:45:81:24,ff:ff:ff:ff:ff:ff,ff:ff:ff:ff:ff:ff,d8:d7:75:45:81:24,d8:d7:75:45:81:24,FunBox2-8124,-45,1,2412,False,False
1778936064.9795153,management,beacon,d8:d7:75:45:81:24,ff:ff:ff:ff:ff:ff,ff:ff:ff:ff:ff:ff,d8:d7:75:45:81:24,d8:d7:75:45:81:24,FunBox2-8124,-45,1,2412,False,False
1778936065.0819373,management,beacon,d8:d7:75:45:81:24,ff:ff:ff:ff:ff:ff,ff:ff:ff:ff:ff:ff,d8:d7:75:45:81:24,d8:d7:75:45:81:24,FunBox2-8124,-44,1,2412,False,False
1778936065.0831146,control,ack,,50:02:91:e8:18:ec,50:02:91:e8:18:ec,,,,-47,1,2412,False,False
1778936065.2867594,management,beacon,d8:d7:75:45:81:24,ff:ff:ff:ff:ff:ff,ff:ff:ff:ff:ff:ff,d8:d7:75:45:81:24,d8:d7:75:45:81:24,FunBox2-8124,-51,1,2412,False,False
1778936065.3891513,management,beacon,d8:d7:75:45:81:24,ff:ff:ff:ff:ff:ff,ff:ff:ff:ff:ff:ff,d8:d7:75:45:81:24,d8:d7:75:45:81:24,FunBox2-8124,-50,1,2412,False,False
1778936065.4915338,management,beacon,d8:d7:75:45:81:24,ff:ff:ff:ff:ff:ff,ff:ff:ff:ff:ff:ff,d8:d7:75:45:81:24,d8:d7:75:45:81:24,FunBox2-8124,-46,1,2412,False,False
1778936065.593959,management,beacon,d8:d7:75:45:81:24,ff:ff:ff:ff:ff:ff,ff:ff:ff:ff:ff:ff,d8:d7:75:45:81:24,d8:d7:75:45:81:24,FunBox2-8124,-46,1,2412,False,False
1778936065.7987256,management,beacon,d8:d7:75:45:81:24,ff:ff:ff:ff:ff:ff,ff:ff:ff:ff:ff:ff,d8:d7:75:45:81:24,d8:d7:75:45:81:24,FunBox2-8124,-47,1,2412,False,False
1778936065.9011714,management,beacon,d8:d7:75:45:81:24,ff:ff:ff:ff:ff:ff,ff:ff:ff:ff:ff:ff,d8:d7:75:45:81:24,d8:d7:75:45:81:24,FunBox2-8124,-44,1,2412,False,False
1778936066.0035982,management,beacon,d8:d7:75:45:81:24,ff:ff:ff:ff:ff:ff,ff:ff:ff:ff:ff:ff,d8:d7:75:45:81:24,d8:d7:75:45:81:24,FunBox2-8124,-46,1,2412,False,False
1778936066.1060107,management,beacon,d8:d7:75:45:81:24,ff:ff:ff:ff:ff:ff,ff:ff:ff:ff:ff:ff,d8:d7:75:45:81:24,d8:d7:75:45:81:24,FunBox2-8124,-44,1,2412,False,False
1778936066.2084694,management,beacon,d8:d7:75:45:81:24,ff:ff:ff:ff:ff:ff,ff:ff:ff:ff:ff:ff,d8:d7:75:45:81:24,d8:d7:75:45:81:24,FunBox2-8124,-46,1,2412,False,False
1778936066.310817,management,beacon,d8:d7:75:45:81:24,ff:ff:ff:ff:ff:ff,ff:ff:ff:ff:ff:ff,d8:d7:75:45:81:24,d8:d7:75:45:81:24,FunBox2-8124,-44,1,2412,False,False
1778936066.4131653,management,beacon,d8:d7:75:45:81:24,ff:ff:ff:ff:ff:ff,ff:ff:ff:ff:ff:ff,d8:d7:75:45:81:24,d8:d7:75:45:81:24,FunBox2-8124,-45,1,2412,False,False
1778936066.5156047,management,beacon,d8:d7:75:45:81:24,ff:ff:ff:ff:ff:ff,ff:ff:ff:ff:ff:ff,d8:d7:75:45:81:24,d8:d7:75:45:81:24,FunBox2-8124,-46,1,2412,False,False
1778936066.6179647,management,beacon,d8:d7:75:45:81:24,ff:ff:ff:ff:ff:ff,ff:ff:ff:ff:ff:ff,d8:d7:75:45:81:24,d8:d7:75:45:81:24,FunBox2-8124,-44,1,2412,False,False
1778936066.6191921,control,ack,,50:02:91:e8:18:ec,50:02:91:e8:18:ec,,,,-47,1,2412,False,False
1778936066.7204103,management,beacon,d8:d7:75:45:81:24,ff:ff:ff:ff:ff:ff,ff:ff:ff:ff:ff:ff,d8:d7:75:45:81:24,d8:d7:75:45:81:24,FunBox2-8124,-46,1,2412,False,False
1778936066.780059,control,ack,,50:02:91:e8:18:ec,50:02:91:e8:18:ec,,,,-48,1,2412,False,False
1778936066.8227832,management,beacon,d8:d7:75:45:81:24,ff:ff:ff:ff:ff:ff,ff:ff:ff:ff:ff:ff,d8:d7:75:45:81:24,d8:d7:75:45:81:24,FunBox2-8124,-49,1,2412,False,False
1778936066.9252238,management,beacon,d8:d7:75:45:81:24,ff:ff:ff:ff:ff:ff,ff:ff:ff:ff:ff:ff,d8:d7:75:45:81:24,d8:d7:75:45:81:24,FunBox2-8124,-46,1,2412,False,False
1778936067.1300209,management,beacon,d8:d7:75:45:81:24,ff:ff:ff:ff:ff:ff,ff:ff:ff:ff:ff:ff,d8:d7:75:45:81:24,d8:d7:75:45:81:24,FunBox2-8124,-47,1,2412,False,False
1778936067.2323844,management,beacon,d8:d7:75:45:81:24,ff:ff:ff:ff:ff:ff,ff:ff:ff:ff:ff:ff,d8:d7:75:45:81:24,d8:d7:75:45:81:24,FunBox2-8124,-45,1,2412,False,False
1778936067.3347962,management,beacon,d8:d7:75:45:81:24,ff:ff:ff:ff:ff:ff,ff:ff:ff:ff:ff:ff,d8:d7:75:45:81:24,d8:d7:75:45:81:24,FunBox2-8124,-49,1,2412,False,False
1778936067.4371994,management,beacon,d8:d7:75:45:81:24,ff:ff:ff:ff:ff:ff,ff:ff:ff:ff:ff:ff,d8:d7:75:45:81:24,d8:d7:75:45:81:24,FunBox2-8124,-45,1,2412,False,False
1778936067.539656,management,beacon,d8:d7:75:45:81:24,ff:ff:ff:ff:ff:ff,ff:ff:ff:ff:ff:ff,d8:d7:75:45:81:24,d8:d7:75:45:81:24,FunBox2-8124,-44,1,2412,False,False
1778936067.6420085,management,beacon,d8:d7:75:45:81:24,ff:ff:ff:ff:ff:ff,ff:ff:ff:ff:ff:ff,d8:d7:75:45:81:24,d8:d7:75:45:81:24,FunBox2-8124,-44,1,2412,False,False
1778936067.7444153,management,beacon,d8:d7:75:45:81:24,ff:ff:ff:ff:ff:ff,ff:ff:ff:ff:ff:ff,d8:d7:75:45:81:24,d8:d7:75:45:81:24,FunBox2-8124,-46,1,2412,False,False
1778936067.8468122,management,beacon,d8:d7:75:45:81:24,ff:ff:ff:ff:ff:ff,ff:ff:ff:ff:ff:ff,d8:d7:75:45:81:24,d8:d7:75:45:81:24,FunBox2-8124,-46,1,2412,False,False
1778936067.9061239,data,qos_null,d8:d7:75:45:81:24,54:35:30:cf:ee:1e,54:35:30:cf:ee:1e,d8:d7:75:45:81:24,d8:d7:75:45:81:24,,-45,1,2412,False,False
1778936067.906412,control,ack,,d8:d7:75:45:81:24,d8:d7:75:45:81:24,,,,-48,1,2412,False,False
1778936067.9492867,management,beacon,d8:d7:75:45:81:24,ff:ff:ff:ff:ff:ff,ff:ff:ff:ff:ff:ff,d8:d7:75:45:81:24,d8:d7:75:45:81:24,FunBox2-8124,-50,1,2412,False,False
1778936068.0516996,management,beacon,d8:d7:75:45:81:24,ff:ff:ff:ff:ff:ff,ff:ff:ff:ff:ff:ff,d8:d7:75:45:81:24,d8:d7:75:45:81:24,FunBox2-8124,-46,1,2412,False,False
1778936068.15405,management,beacon,d8:d7:75:45:81:24,ff:ff:ff:ff:ff:ff,ff:ff:ff:ff:ff:ff,d8:d7:75:45:81:24,d8:d7:75:45:81:24,FunBox2-8124,-43,1,2412,False,False
1778936068.2564223,management,beacon,d8:d7:75:45:81:24,ff:ff:ff:ff:ff:ff,ff:ff:ff:ff:ff:ff,d8:d7:75:45:81:24,d8:d7:75:45:81:24,FunBox2-8124,-49,1,2412,False,False
1778936068.2576075,data,null_data,50:02:91:e8:18:ec,d8:d7:75:45:81:24,d8:d7:75:45:81:24,50:02:91:e8:18:ec,d8:d7:75:45:81:24,,-85,1,2412,False,False
1778936068.25761,control,ack,,50:02:91:e8:18:ec,50:02:91:e8:18:ec,,,,-44,1,2412,False,False
1778936068.358849,management,beacon,d8:d7:75:45:81:24,ff:ff:ff:ff:ff:ff,ff:ff:ff:ff:ff:ff,d8:d7:75:45:81:24,d8:d7:75:45:81:24,FunBox2-8124,-42,1,2412,False,False
1778936068.4189072,control,ack,,50:02:91:e8:18:ec,50:02:91:e8:18:ec,,,,-45,1,2412,False,False
1778936068.461239,management,beacon,d8:d7:75:45:81:24,ff:ff:ff:ff:ff:ff,ff:ff:ff:ff:ff:ff,d8:d7:75:45:81:24,d8:d7:75:45:81:24,FunBox2-8124,-46,1,2412,False,False
1778936068.5636795,management,beacon,d8:d7:75:45:81:24,ff:ff:ff:ff:ff:ff,ff:ff:ff:ff:ff:ff,d8:d7:75:45:81:24,d8:d7:75:45:81:24,FunBox2-8124,-43,1,2412,False,False
1778936068.6661043,management,beacon,d8:d7:75:45:81:24,ff:ff:ff:ff:ff:ff,ff:ff:ff:ff:ff:ff,d8:d7:75:45:81:24,d8:d7:75:45:81:24,FunBox2-8124,-46,1,2412,False,False
1778936068.7684476,management,beacon,d8:d7:75:45:81:24,ff:ff:ff:ff:ff:ff,ff:ff:ff:ff:ff:ff,d8:d7:75:45:81:24,d8:d7:75:45:81:24,FunBox2-8124,-45,1,2412,False,False
1778936068.8708565,management,beacon,d8:d7:75:45:81:24,ff:ff:ff:ff:ff:ff,ff:ff:ff:ff:ff:ff,d8:d7:75:45:81:24,d8:d7:75:45:81:24,FunBox2-8124,-43,1,2412,False,False
1778936068.973255,management,beacon,d8:d7:75:45:81:24,ff:ff:ff:ff:ff:ff,ff:ff:ff:ff:ff:ff,d8:d7:75:45:81:24,d8:d7:75:45:81:24,FunBox2-8124,-44,1,2412,False,False
1778936069.0756648,management,beacon,d8:d7:75:45:81:24,ff:ff:ff:ff:ff:ff,ff:ff:ff:ff:ff:ff,d8:d7:75:45:81:24,d8:d7:75:45:81:24,FunBox2-8124,-44,1,2412,False,False
1778936069.1780615,management,beacon,d8:d7:75:45:81:24,ff:ff:ff:ff:ff:ff,ff:ff:ff:ff:ff:ff,d8:d7:75:45:81:24,d8:d7:75:45:81:24,FunBox2-8124,-45,1,2412,False,False
1778936069.2192335,data,null_data,50:02:91:e8:18:ec,d8:d7:75:45:81:24,d8:d7:75:45:81:24,50:02:91:e8:18:ec,d8:d7:75:45:81:24,,-84,1,2412,False,False
1778936069.2805257,management,beacon,d8:d7:75:45:81:24,ff:ff:ff:ff:ff:ff,ff:ff:ff:ff:ff:ff,d8:d7:75:45:81:24,d8:d7:75:45:81:24,FunBox2-8124,-44,1,2412,False,False
1778936069.3801508,control,ack,,50:02:91:e8:18:ec,50:02:91:e8:18:ec,,,,-46,1,2412,False,False
1778936069.3828948,management,beacon,d8:d7:75:45:81:24,ff:ff:ff:ff:ff:ff,ff:ff:ff:ff:ff:ff,d8:d7:75:45:81:24,d8:d7:75:45:81:24,FunBox2-8124,-44,1,2412,False,False
1778936069.4852955,management,beacon,d8:d7:75:45:81:24,ff:ff:ff:ff:ff:ff,ff:ff:ff:ff:ff:ff,d8:d7:75:45:81:24,d8:d7:75:45:81:24,FunBox2-8124,-44,1,2412,False,False
1778936069.5877388,management,beacon,d8:d7:75:45:81:24,ff:ff:ff:ff:ff:ff,ff:ff:ff:ff:ff:ff,d8:d7:75:45:81:24,d8:d7:75:45:81:24,FunBox2-8124,-47,1,2412,False,False
1778936069.6900954,management,beacon,d8:d7:75:45:81:24,ff:ff:ff:ff:ff:ff,ff:ff:ff:ff:ff:ff,d8:d7:75:45:81:24,d8:d7:75:45:81:24,FunBox2-8124,-44,1,2412,False,False
1778936069.6912787,data,null_data,50:02:91:e8:18:ec,d8:d7:75:45:81:24,d8:d7:75:45:81:24,50:02:91:e8:18:ec,d8:d7:75:45:81:24,,-84,1,2412,False,False
1778936069.6912818,control,ack,,50:02:91:e8:18:ec,50:02:91:e8:18:ec,,,,-45,1,2412,False,False
1778936069.7924926,management,beacon,d8:d7:75:45:81:24,ff:ff:ff:ff:ff:ff,ff:ff:ff:ff:ff:ff,d8:d7:75:45:81:24,d8:d7:75:45:81:24,FunBox2-8124,-46,1,2412,False,False
1778936069.852142,data,null_data,50:02:91:e8:18:ec,d8:d7:75:45:81:24,d8:d7:75:45:81:24,50:02:91:e8:18:ec,d8:d7:75:45:81:24,,-83,1,2412,False,False
1778936069.852151,control,ack,,50:02:91:e8:18:ec,50:02:91:e8:18:ec,,,,-45,1,2412,False,False
1778936069.8949487,management,beacon,d8:d7:75:45:81:24,ff:ff:ff:ff:ff:ff,ff:ff:ff:ff:ff:ff,d8:d7:75:45:81:24,d8:d7:75:45:81:24,FunBox2-8124,-46,1,2412,False,False
1778936069.997291,management,beacon,d8:d7:75:45:81:24,ff:ff:ff:ff:ff:ff,ff:ff:ff:ff:ff:ff,d8:d7:75:45:81:24,d8:d7:75:45:81:24,FunBox2-8124,-48,1,2412,False,False
1778936069.9984555,data,data,d8:d7:75:45:81:24,ff:ff:ff:ff:ff:ff,ff:ff:ff:ff:ff:ff,d8:d7:75:45:81:24,d8:d7:75:45:81:24,,-45,1,2412,True,False
1778936069.9989846,control,ack,,d8:d7:75:45:81:24,d8:d7:75:45:81:24,,,,-84,1,2412,False,False
1778936069.998988,data,null_data,50:02:91:e8:18:ec,d8:d7:75:45:81:24,d8:d7:75:45:81:24,50:02:91:e8:18:ec,d8:d7:75:45:81:24,,-85,1,2412,False,False
1778936069.9989898,control,ack,,50:02:91:e8:18:ec,50:02:91:e8:18:ec,,,,-49,1,2412,False,False
1778936069.9997683,control,ack,,50:02:91:e8:18:ec,50:02:91:e8:18:ec,,,,-48,1,2412,False,False
1778936070.0997376,management,beacon,d8:d7:75:45:81:24,ff:ff:ff:ff:ff:ff,ff:ff:ff:ff:ff:ff,d8:d7:75:45:81:24,d8:d7:75:45:81:24,FunBox2-8124,-43,1,2412,False,False
1778936070.1605842,data,null_data,50:02:91:e8:18:ec,d8:d7:75:45:81:24,d8:d7:75:45:81:24,50:02:91:e8:18:ec,d8:d7:75:45:81:24,,-85,1,2412,False,False
1778936070.1605926,control,ack,,50:02:91:e8:18:ec,50:02:91:e8:18:ec,,,,-46,1,2412,False,False
1778936070.202144,management,beacon,d8:d7:75:45:81:24,ff:ff:ff:ff:ff:ff,ff:ff:ff:ff:ff:ff,d8:d7:75:45:81:24,d8:d7:75:45:81:24,FunBox2-8124,-45,1,2412,False,False
1778936070.304524,management,beacon,d8:d7:75:45:81:24,ff:ff:ff:ff:ff:ff,ff:ff:ff:ff:ff:ff,d8:d7:75:45:81:24,d8:d7:75:45:81:24,FunBox2-8124,-43,1,2412,False,False
1778936070.4069104,management,beacon,d8:d7:75:45:81:24,ff:ff:ff:ff:ff:ff,ff:ff:ff:ff:ff:ff,d8:d7:75:45:81:24,d8:d7:75:45:81:24,FunBox2-8124,-45,1,2412,False,False
1778936070.509308,management,beacon,d8:d7:75:45:81:24,ff:ff:ff:ff:ff:ff,ff:ff:ff:ff:ff:ff,d8:d7:75:45:81:24,d8:d7:75:45:81:24,FunBox2-8124,-44,1,2412,False,False
1778936070.6117496,management,beacon,d8:d7:75:45:81:24,ff:ff:ff:ff:ff:ff,ff:ff:ff:ff:ff:ff,d8:d7:75:45:81:24,d8:d7:75:45:81:24,FunBox2-8124,-42,1,2412,False,False
1778936070.714173,management,beacon,d8:d7:75:45:81:24,ff:ff:ff:ff:ff:ff,ff:ff:ff:ff:ff:ff,d8:d7:75:45:81:24,d8:d7:75:45:81:24,FunBox2-8124,-44,1,2412,False,False
1778936070.8165674,management,beacon,d8:d7:75:45:81:24,ff:ff:ff:ff:ff:ff,ff:ff:ff:ff:ff:ff,d8:d7:75:45:81:24,d8:d7:75:45:81:24,FunBox2-8124,-43,1,2412,False,False
1778936070.9189463,management,beacon,d8:d7:75:45:81:24,ff:ff:ff:ff:ff:ff,ff:ff:ff:ff:ff:ff,d8:d7:75:45:81:24,d8:d7:75:45:81:24,FunBox2-8124,-43,1,2412,False,False
1778936071.0213256,management,beacon,d8:d7:75:45:81:24,ff:ff:ff:ff:ff:ff,ff:ff:ff:ff:ff:ff,d8:d7:75:45:81:24,d8:d7:75:45:81:24,FunBox2-8124,-44,1,2412,False,False
1778936071.1238146,management,beacon,d8:d7:75:45:81:24,ff:ff:ff:ff:ff:ff,ff:ff:ff:ff:ff:ff,d8:d7:75:45:81:24,d8:d7:75:45:81:24,FunBox2-8124,-44,1,2412,False,False
1778936071.22614,management,beacon,d8:d7:75:45:81:24,ff:ff:ff:ff:ff:ff,ff:ff:ff:ff:ff:ff,d8:d7:75:45:81:24,d8:d7:75:45:81:24,FunBox2-8124,-44,1,2412,False,False
1778936071.3285847,management,beacon,d8:d7:75:45:81:24,ff:ff:ff:ff:ff:ff,ff:ff:ff:ff:ff:ff,d8:d7:75:45:81:24,d8:d7:75:45:81:24,FunBox2-8124,-44,1,2412,False,False
1778936071.430961,management,beacon,d8:d7:75:45:81:24,ff:ff:ff:ff:ff:ff,ff:ff:ff:ff:ff:ff,d8:d7:75:45:81:24,d8:d7:75:45:81:24,FunBox2-8124,-43,1,2412,False,False
1778936071.533367,management,beacon,d8:d7:75:45:81:24,ff:ff:ff:ff:ff:ff,ff:ff:ff:ff:ff:ff,d8:d7:75:45:81:24,d8:d7:75:45:81:24,FunBox2-8124,-44,1,2412,False,False
1778936071.6357446,management,beacon,d8:d7:75:45:81:24,ff:ff:ff:ff:ff:ff,ff:ff:ff:ff:ff:ff,d8:d7:75:45:81:24,d8:d7:75:45:81:24,FunBox2-8124,-44,1,2412,False,False
1778936071.6413383,control,ack,,50:02:91:e8:18:ec,50:02:91:e8:18:ec,,,,-48,1,2412,False,False
1778936071.7381582,management,beacon,d8:d7:75:45:81:24,ff:ff:ff:ff:ff:ff,ff:ff:ff:ff:ff:ff,d8:d7:75:45:81:24,d8:d7:75:45:81:24,FunBox2-8124,-45,1,2412,False,False
1778936071.8022144,data,null_data,50:02:91:e8:18:ec,d8:d7:75:45:81:24,d8:d7:75:45:81:24,50:02:91:e8:18:ec,d8:d7:75:45:81:24,,-85,1,2412,False,False
1778936071.8022218,control,ack,,50:02:91:e8:18:ec,50:02:91:e8:18:ec,,,,-46,1,2412,False,False
1778936071.8406398,management,beacon,d8:d7:75:45:81:24,ff:ff:ff:ff:ff:ff,ff:ff:ff:ff:ff:ff,d8:d7:75:45:81:24,d8:d7:75:45:81:24,FunBox2-8124,-43,1,2412,False,False
1778936071.8417783,control,ack,,50:02:91:e8:18:ec,50:02:91:e8:18:ec,,,,-47,1,2412,False,False
1778936071.943021,management,beacon,d8:d7:75:45:81:24,ff:ff:ff:ff:ff:ff,ff:ff:ff:ff:ff:ff,d8:d7:75:45:81:24,d8:d7:75:45:81:24,FunBox2-8124,-43,1,2412,False,False
1778936072.0026832,data,null_data,50:02:91:e8:18:ec,d8:d7:75:45:81:24,d8:d7:75:45:81:24,50:02:91:e8:18:ec,d8:d7:75:45:81:24,,-86,1,2412,False,False
1778936072.0026927,control,ack,,50:02:91:e8:18:ec,50:02:91:e8:18:ec,,,,-45,1,2412,False,False
1778936072.0453894,management,beacon,d8:d7:75:45:81:24,ff:ff:ff:ff:ff:ff,ff:ff:ff:ff:ff:ff,d8:d7:75:45:81:24,d8:d7:75:45:81:24,FunBox2-8124,-43,1,2412,False,False
1778936072.1477904,management,beacon,d8:d7:75:45:81:24,ff:ff:ff:ff:ff:ff,ff:ff:ff:ff:ff:ff,d8:d7:75:45:81:24,d8:d7:75:45:81:24,FunBox2-8124,-44,1,2412,False,False
1778936072.2501812,management,beacon,d8:d7:75:45:81:24,ff:ff:ff:ff:ff:ff,ff:ff:ff:ff:ff:ff,d8:d7:75:45:81:24,d8:d7:75:45:81:24,FunBox2-8124,-44,1,2412,False,False
1778936072.352631,management,beacon,d8:d7:75:45:81:24,ff:ff:ff:ff:ff:ff,ff:ff:ff:ff:ff:ff,d8:d7:75:45:81:24,d8:d7:75:45:81:24,FunBox2-8124,-45,1,2412,False,False
1778936072.4550116,management,beacon,d8:d7:75:45:81:24,ff:ff:ff:ff:ff:ff,ff:ff:ff:ff:ff:ff,d8:d7:75:45:81:24,d8:d7:75:45:81:24,FunBox2-8124,-44,1,2412,False,False
1778936072.5574405,management,beacon,d8:d7:75:45:81:24,ff:ff:ff:ff:ff:ff,ff:ff:ff:ff:ff:ff,d8:d7:75:45:81:24,d8:d7:75:45:81:24,FunBox2-8124,-45,1,2412,False,False
1778936072.659807,management,beacon,d8:d7:75:45:81:24,ff:ff:ff:ff:ff:ff,ff:ff:ff:ff:ff:ff,d8:d7:75:45:81:24,d8:d7:75:45:81:24,FunBox2-8124,-43,1,2412,False,False
1778936072.7621884,management,beacon,d8:d7:75:45:81:24,ff:ff:ff:ff:ff:ff,ff:ff:ff:ff:ff:ff,d8:d7:75:45:81:24,d8:d7:75:45:81:24,FunBox2-8124,-44,1,2412,False,False
1778936072.8646584,management,beacon,d8:d7:75:45:81:24,ff:ff:ff:ff:ff:ff,ff:ff:ff:ff:ff:ff,d8:d7:75:45:81:24,d8:d7:75:45:81:24,FunBox2-8124,-46,1,2412,False,False
1778936072.967037,management,beacon,d8:d7:75:45:81:24,ff:ff:ff:ff:ff:ff,ff:ff:ff:ff:ff:ff,d8:d7:75:45:81:24,d8:d7:75:45:81:24,FunBox2-8124,-42,1,2412,False,False
1778936073.0694392,management,beacon,d8:d7:75:45:81:24,ff:ff:ff:ff:ff:ff,ff:ff:ff:ff:ff:ff,d8:d7:75:45:81:24,d8:d7:75:45:81:24,FunBox2-8124,-45,1,2412,False,False
1778936073.1718073,management,beacon,d8:d7:75:45:81:24,ff:ff:ff:ff:ff:ff,ff:ff:ff:ff:ff:ff,d8:d7:75:45:81:24,d8:d7:75:45:81:24,FunBox2-8124,-44,1,2412,False,False
1778936073.2742047,management,beacon,d8:d7:75:45:81:24,ff:ff:ff:ff:ff:ff,ff:ff:ff:ff:ff:ff,d8:d7:75:45:81:24,d8:d7:75:45:81:24,FunBox2-8124,-44,1,2412,False,False
1778936073.3766155,management,beacon,d8:d7:75:45:81:24,ff:ff:ff:ff:ff:ff,ff:ff:ff:ff:ff:ff,d8:d7:75:45:81:24,d8:d7:75:45:81:24,FunBox2-8124,-45,1,2412,False,False
1778936073.3778152,control,ack,,50:02:91:e8:18:ec,50:02:91:e8:18:ec,,,,-47,1,2412,False,False
1778936073.4790542,management,beacon,d8:d7:75:45:81:24,ff:ff:ff:ff:ff:ff,ff:ff:ff:ff:ff:ff,d8:d7:75:45:81:24,d8:d7:75:45:81:24,FunBox2-8124,-45,1,2412,False,False
1778936073.538692,control,ack,,50:02:91:e8:18:ec,50:02:91:e8:18:ec,,,,-47,1,2412,False,False
1778936073.5814617,management,beacon,d8:d7:75:45:81:24,ff:ff:ff:ff:ff:ff,ff:ff:ff:ff:ff:ff,d8:d7:75:45:81:24,d8:d7:75:45:81:24,FunBox2-8124,-44,1,2412,False,False
1778936073.6941285,management,beacon,d8:d7:75:45:81:24,ff:ff:ff:ff:ff:ff,ff:ff:ff:ff:ff:ff,d8:d7:75:45:81:24,d8:d7:75:45:81:24,FunBox2-8124,-44,1,2412,False,False
1778936073.7862346,management,beacon,d8:d7:75:45:81:24,ff:ff:ff:ff:ff:ff,ff:ff:ff:ff:ff:ff,d8:d7:75:45:81:24,d8:d7:75:45:81:24,FunBox2-8124,-44,1,2412,False,False
1778936073.8886757,management,beacon,d8:d7:75:45:81:24,ff:ff:ff:ff:ff:ff,ff:ff:ff:ff:ff:ff,d8:d7:75:45:81:24,d8:d7:75:45:81:24,FunBox2-8124,-45,1,2412,False,False
1778936074.0934741,management,beacon,d8:d7:75:45:81:24,ff:ff:ff:ff:ff:ff,ff:ff:ff:ff:ff:ff,d8:d7:75:45:81:24,d8:d7:75:45:81:24,FunBox2-8124,-43,1,2412,False,False
1778936074.1958795,management,beacon,d8:d7:75:45:81:24,ff:ff:ff:ff:ff:ff,ff:ff:ff:ff:ff:ff,d8:d7:75:45:81:24,d8:d7:75:45:81:24,FunBox2-8124,-45,1,2412,False,False
1778936074.2982793,management,beacon,d8:d7:75:45:81:24,ff:ff:ff:ff:ff:ff,ff:ff:ff:ff:ff:ff,d8:d7:75:45:81:24,d8:d7:75:45:81:24,FunBox2-8124,-44,1,2412,False,False
1778936074.4006548,management,beacon,d8:d7:75:45:81:24,ff:ff:ff:ff:ff:ff,ff:ff:ff:ff:ff:ff,d8:d7:75:45:81:24,d8:d7:75:45:81:24,FunBox2-8124,-43,1,2412,False,False
1778936074.605469,management,beacon,d8:d7:75:45:81:24,ff:ff:ff:ff:ff:ff,ff:ff:ff:ff:ff:ff,d8:d7:75:45:81:24,d8:d7:75:45:81:24,FunBox2-8124,-47,1,2412,False,False
1778936074.8103225,management,beacon,d8:d7:75:45:81:24,ff:ff:ff:ff:ff:ff,ff:ff:ff:ff:ff:ff,d8:d7:75:45:81:24,d8:d7:75:45:81:24,FunBox2-8124,-44,1,2412,False,False
1778936074.9126747,management,beacon,d8:d7:75:45:81:24,ff:ff:ff:ff:ff:ff,ff:ff:ff:ff:ff:ff,d8:d7:75:45:81:24,d8:d7:75:45:81:24,FunBox2-8124,-44,1,2412,False,False
1778936074.9138691,data,null_data,50:02:91:e8:18:ec,d8:d7:75:45:81:24,d8:d7:75:45:81:24,50:02:91:e8:18:ec,d8:d7:75:45:81:24,,-84,1,2412,False,False
1778936074.9138722,control,ack,,50:02:91:e8:18:ec,50:02:91:e8:18:ec,,,,-45,1,2412,False,False
1778936075.075514,control,ack,,50:02:91:e8:18:ec,50:02:91:e8:18:ec,,,,-47,1,2412,False,False
1778936075.1174922,management,beacon,d8:d7:75:45:81:24,ff:ff:ff:ff:ff:ff,ff:ff:ff:ff:ff:ff,d8:d7:75:45:81:24,d8:d7:75:45:81:24,FunBox2-8124,-44,1,2412,False,False
1778936075.219897,management,beacon,d8:d7:75:45:81:24,ff:ff:ff:ff:ff:ff,ff:ff:ff:ff:ff:ff,d8:d7:75:45:81:24,d8:d7:75:45:81:24,FunBox2-8124,-45,1,2412,False,False
1778936075.3222876,management,beacon,d8:d7:75:45:81:24,ff:ff:ff:ff:ff:ff,ff:ff:ff:ff:ff:ff,d8:d7:75:45:81:24,d8:d7:75:45:81:24,FunBox2-8124,-46,1,2412,False,False
1778936075.4246917,management,beacon,d8:d7:75:45:81:24,ff:ff:ff:ff:ff:ff,ff:ff:ff:ff:ff:ff,d8:d7:75:45:81:24,d8:d7:75:45:81:24,FunBox2-8124,-43,1,2412,False,False
1778936075.6295745,management,beacon,d8:d7:75:45:81:24,ff:ff:ff:ff:ff:ff,ff:ff:ff:ff:ff:ff,d8:d7:75:45:81:24,d8:d7:75:45:81:24,FunBox2-8124,-44,1,2412,False,False
1778936075.6471431,data,qos_null,aa:23:4f:4d:00:cf,74:ea:3a:a1:53:a6,74:ea:3a:a1:53:a6,aa:23:4f:4d:00:cf,74:ea:3a:a1:53:a6,,-86,1,2412,False,False
1778936075.7331343,management,beacon,d8:d7:75:45:81:24,ff:ff:ff:ff:ff:ff,ff:ff:ff:ff:ff:ff,d8:d7:75:45:81:24,d8:d7:75:45:81:24,FunBox2-8124,-45,1,2412,False,False
1778936075.8343198,management,beacon,d8:d7:75:45:81:24,ff:ff:ff:ff:ff:ff,ff:ff:ff:ff:ff:ff,d8:d7:75:45:81:24,d8:d7:75:45:81:24,FunBox2-8124,-44,1,2412,False,False
1778936075.9367723,management,beacon,d8:d7:75:45:81:24,ff:ff:ff:ff:ff:ff,ff:ff:ff:ff:ff:ff,d8:d7:75:45:81:24,d8:d7:75:45:81:24,FunBox2-8124,-43,1,2412,False,False
1778936076.1415336,management,beacon,d8:d7:75:45:81:24,ff:ff:ff:ff:ff:ff,ff:ff:ff:ff:ff:ff,d8:d7:75:45:81:24,d8:d7:75:45:81:24,FunBox2-8124,-45,1,2412,False,False
1778936076.243926,management,beacon,d8:d7:75:45:81:24,ff:ff:ff:ff:ff:ff,ff:ff:ff:ff:ff:ff,d8:d7:75:45:81:24,d8:d7:75:45:81:24,FunBox2-8124,-43,1,2412,False,False
1778936076.346342,management,beacon,d8:d7:75:45:81:24,ff:ff:ff:ff:ff:ff,ff:ff:ff:ff:ff:ff,d8:d7:75:45:81:24,d8:d7:75:45:81:24,FunBox2-8124,-43,1,2412,False,False
1778936076.448743,management,beacon,d8:d7:75:45:81:24,ff:ff:ff:ff:ff:ff,ff:ff:ff:ff:ff:ff,d8:d7:75:45:81:24,d8:d7:75:45:81:24,FunBox2-8124,-43,1,2412,False,False
1778936076.6535654,management,beacon,d8:d7:75:45:81:24,ff:ff:ff:ff:ff:ff,ff:ff:ff:ff:ff:ff,d8:d7:75:45:81:24,d8:d7:75:45:81:24,FunBox2-8124,-43,1,2412,False,False
1778936076.7559853,management,beacon,d8:d7:75:45:81:24,ff:ff:ff:ff:ff:ff,ff:ff:ff:ff:ff:ff,d8:d7:75:45:81:24,d8:d7:75:45:81:24,FunBox2-8124,-44,1,2412,False,False
1778936076.858359,management,beacon,d8:d7:75:45:81:24,ff:ff:ff:ff:ff:ff,ff:ff:ff:ff:ff:ff,d8:d7:75:45:81:24,d8:d7:75:45:81:24,FunBox2-8124,-43,1,2412,False,False
1778936076.8595493,data,null_data,50:02:91:e8:18:ec,d8:d7:75:45:81:24,d8:d7:75:45:81:24,50:02:91:e8:18:ec,d8:d7:75:45:81:24,,-86,1,2412,False,False
1778936076.8595512,control,ack,,50:02:91:e8:18:ec,50:02:91:e8:18:ec,,,,-46,1,2412,False,False
1778936076.9607513,management,beacon,d8:d7:75:45:81:24,ff:ff:ff:ff:ff:ff,ff:ff:ff:ff:ff:ff,d8:d7:75:45:81:24,d8:d7:75:45:81:24,FunBox2-8124,-43,1,2412,False,False
1778936077.0203955,data,null_data,50:02:91:e8:18:ec,d8:d7:75:45:81:24,d8:d7:75:45:81:24,50:02:91:e8:18:ec,d8:d7:75:45:81:24,,-86,1,2412,False,False
1778936077.0204046,control,ack,,50:02:91:e8:18:ec,50:02:91:e8:18:ec,,,,-46,1,2412,False,False
1778936077.1655574,management,beacon,d8:d7:75:45:81:24,ff:ff:ff:ff:ff:ff,ff:ff:ff:ff:ff:ff,d8:d7:75:45:81:24,d8:d7:75:45:81:24,FunBox2-8124,-44,1,2412,False,False
1778936077.2680204,management,beacon,d8:d7:75:45:81:24,ff:ff:ff:ff:ff:ff,ff:ff:ff:ff:ff:ff,d8:d7:75:45:81:24,d8:d7:75:45:81:24,FunBox2-8124,-43,1,2412,False,False
1778936077.3703947,management,beacon,d8:d7:75:45:81:24,ff:ff:ff:ff:ff:ff,ff:ff:ff:ff:ff:ff,d8:d7:75:45:81:24,d8:d7:75:45:81:24,FunBox2-8124,-44,1,2412,False,False
1778936077.4727728,management,beacon,d8:d7:75:45:81:24,ff:ff:ff:ff:ff:ff,ff:ff:ff:ff:ff:ff,d8:d7:75:45:81:24,d8:d7:75:45:81:24,FunBox2-8124,-43,1,2412,False,False
1778936077.6776178,management,beacon,d8:d7:75:45:81:24,ff:ff:ff:ff:ff:ff,ff:ff:ff:ff:ff:ff,d8:d7:75:45:81:24,d8:d7:75:45:81:24,FunBox2-8124,-45,1,2412,False,False
1778936077.678408,data,data,d8:d7:75:45:81:24,ff:ff:ff:ff:ff:ff,ff:ff:ff:ff:ff:ff,d8:d7:75:45:81:24,d8:d7:75:45:81:24,,-43,1,2412,True,False
1778936077.6798587,data,data,d8:d7:75:45:81:24,ff:ff:ff:ff:ff:ff,ff:ff:ff:ff:ff:ff,d8:d7:75:45:81:24,d8:d7:75:45:81:24,,-43,1,2412,True,False
1778936077.6801624,control,ack,,d8:d7:75:45:81:24,d8:d7:75:45:81:24,,,,-86,1,2412,False,False
1778936077.6803472,control,ack,,50:02:91:e8:18:ec,50:02:91:e8:18:ec,,,,-48,1,2412,False,False
1778936077.6816998,data,data,d8:d7:75:45:81:24,33:33:00:00:00:01,33:33:00:00:00:01,d8:d7:75:45:81:24,d8:d7:75:45:81:24,,-46,1,2412,True,False
1778936077.682,control,ack,,d8:d7:75:45:81:24,d8:d7:75:45:81:24,,,,-87,1,2412,False,False
1778936077.779991,management,beacon,d8:d7:75:45:81:24,ff:ff:ff:ff:ff:ff,ff:ff:ff:ff:ff:ff,d8:d7:75:45:81:24,d8:d7:75:45:81:24,FunBox2-8124,-43,1,2412,False,False
1778936077.8424294,data,null_data,50:02:91:e8:18:ec,d8:d7:75:45:81:24,d8:d7:75:45:81:24,50:02:91:e8:18:ec,d8:d7:75:45:81:24,,-87,1,2412,False,False
1778936077.842441,control,ack,,50:02:91:e8:18:ec,50:02:91:e8:18:ec,,,,-44,1,2412,False,False
1778936077.8823793,management,beacon,d8:d7:75:45:81:24,ff:ff:ff:ff:ff:ff,ff:ff:ff:ff:ff:ff,d8:d7:75:45:81:24,d8:d7:75:45:81:24,FunBox2-8124,-45,1,2412,False,False
1778936077.9848354,management,beacon,d8:d7:75:45:81:24,ff:ff:ff:ff:ff:ff,ff:ff:ff:ff:ff:ff,d8:d7:75:45:81:24,d8:d7:75:45:81:24,FunBox2-8124,-43,1,2412,False,False
1778936078.1895967,management,beacon,d8:d7:75:45:81:24,ff:ff:ff:ff:ff:ff,ff:ff:ff:ff:ff:ff,d8:d7:75:45:81:24,d8:d7:75:45:81:24,FunBox2-8124,-45,1,2412,False,False
1778936078.292062,management,beacon,d8:d7:75:45:81:24,ff:ff:ff:ff:ff:ff,ff:ff:ff:ff:ff:ff,d8:d7:75:45:81:24,d8:d7:75:45:81:24,FunBox2-8124,-44,1,2412,False,False
1778936078.3944342,management,beacon,d8:d7:75:45:81:24,ff:ff:ff:ff:ff:ff,ff:ff:ff:ff:ff:ff,d8:d7:75:45:81:24,d8:d7:75:45:81:24,FunBox2-8124,-45,1,2412,False,False
1778936078.4968586,management,beacon,d8:d7:75:45:81:24,ff:ff:ff:ff:ff:ff,ff:ff:ff:ff:ff:ff,d8:d7:75:45:81:24,d8:d7:75:45:81:24,FunBox2-8124,-43,1,2412,False,False
1778936078.7016675,management,beacon,d8:d7:75:45:81:24,ff:ff:ff:ff:ff:ff,ff:ff:ff:ff:ff:ff,d8:d7:75:45:81:24,d8:d7:75:45:81:24,FunBox2-8124,-44,1,2412,False,False
1778936078.8040638,management,beacon,d8:d7:75:45:81:24,ff:ff:ff:ff:ff:ff,ff:ff:ff:ff:ff:ff,d8:d7:75:45:81:24,d8:d7:75:45:81:24,FunBox2-8124,-44,1,2412,False,False
1778936079.0088568,management,beacon,d8:d7:75:45:81:24,ff:ff:ff:ff:ff:ff,ff:ff:ff:ff:ff:ff,d8:d7:75:45:81:24,d8:d7:75:45:81:24,FunBox2-8124,-44,1,2412,False,False
1778936079.1112206,management,beacon,d8:d7:75:45:81:24,ff:ff:ff:ff:ff:ff,ff:ff:ff:ff:ff:ff,d8:d7:75:45:81:24,d8:d7:75:45:81:24,FunBox2-8124,-44,1,2412,False,False
1778936079.213632,management,beacon,d8:d7:75:45:81:24,ff:ff:ff:ff:ff:ff,ff:ff:ff:ff:ff:ff,d8:d7:75:45:81:24,d8:d7:75:45:81:24,FunBox2-8124,-46,1,2412,False,False
1778936079.3160756,management,beacon,d8:d7:75:45:81:24,ff:ff:ff:ff:ff:ff,ff:ff:ff:ff:ff:ff,d8:d7:75:45:81:24,d8:d7:75:45:81:24,FunBox2-8124,-44,1,2412,False,False
1778936079.4184978,management,beacon,d8:d7:75:45:81:24,ff:ff:ff:ff:ff:ff,ff:ff:ff:ff:ff:ff,d8:d7:75:45:81:24,d8:d7:75:45:81:24,FunBox2-8124,-43,1,2412,False,False
1778936079.5208488,management,beacon,d8:d7:75:45:81:24,ff:ff:ff:ff:ff:ff,ff:ff:ff:ff:ff:ff,d8:d7:75:45:81:24,d8:d7:75:45:81:24,FunBox2-8124,-44,1,2412,False,False
1778936079.5220363,control,ack,,50:02:91:e8:18:ec,50:02:91:e8:18:ec,,,,-46,1,2412,False,False
1778936079.623247,management,beacon,d8:d7:75:45:81:24,ff:ff:ff:ff:ff:ff,ff:ff:ff:ff:ff:ff,d8:d7:75:45:81:24,d8:d7:75:45:81:24,FunBox2-8124,-45,1,2412,False,False
1778936079.682905,data,null_data,50:02:91:e8:18:ec,d8:d7:75:45:81:24,d8:d7:75:45:81:24,50:02:91:e8:18:ec,d8:d7:75:45:81:24,,-86,1,2412,False,False
1778936079.6829205,control,ack,,50:02:91:e8:18:ec,50:02:91:e8:18:ec,,,,-45,1,2412,False,False
1778936079.7256427,management,beacon,d8:d7:75:45:81:24,ff:ff:ff:ff:ff:ff,ff:ff:ff:ff:ff:ff,d8:d7:75:45:81:24,d8:d7:75:45:81:24,FunBox2-8124,-44,1,2412,False,False
1778936079.8280566,management,beacon,d8:d7:75:45:81:24,ff:ff:ff:ff:ff:ff,ff:ff:ff:ff:ff:ff,d8:d7:75:45:81:24,d8:d7:75:45:81:24,FunBox2-8124,-43,1,2412,False,False
1778936079.930487,management,beacon,d8:d7:75:45:81:24,ff:ff:ff:ff:ff:ff,ff:ff:ff:ff:ff:ff,d8:d7:75:45:81:24,d8:d7:75:45:81:24,FunBox2-8124,-41,1,2412,False,False
1778936080.0328696,management,beacon,d8:d7:75:45:81:24,ff:ff:ff:ff:ff:ff,ff:ff:ff:ff:ff:ff,d8:d7:75:45:81:24,d8:d7:75:45:81:24,FunBox2-8124,-44,1,2412,False,False
1778936080.1352804,management,beacon,d8:d7:75:45:81:24,ff:ff:ff:ff:ff:ff,ff:ff:ff:ff:ff:ff,d8:d7:75:45:81:24,d8:d7:75:45:81:24,FunBox2-8124,-43,1,2412,False,False
1778936080.2377164,management,beacon,d8:d7:75:45:81:24,ff:ff:ff:ff:ff:ff,ff:ff:ff:ff:ff:ff,d8:d7:75:45:81:24,d8:d7:75:45:81:24,FunBox2-8124,-44,1,2412,False,False
1778936080.3400905,management,beacon,d8:d7:75:45:81:24,ff:ff:ff:ff:ff:ff,ff:ff:ff:ff:ff:ff,d8:d7:75:45:81:24,d8:d7:75:45:81:24,FunBox2-8124,-44,1,2412,False,False
1778936080.4425108,management,beacon,d8:d7:75:45:81:24,ff:ff:ff:ff:ff:ff,ff:ff:ff:ff:ff:ff,d8:d7:75:45:81:24,d8:d7:75:45:81:24,FunBox2-8124,-43,1,2412,False,False
1778936080.5159853,data,qos_null,aa:23:4f:4d:00:cf,74:ea:3a:a1:53:a6,74:ea:3a:a1:53:a6,aa:23:4f:4d:00:cf,74:ea:3a:a1:53:a6,,-87,1,2412,False,False
1778936080.5449219,management,beacon,d8:d7:75:45:81:24,ff:ff:ff:ff:ff:ff,ff:ff:ff:ff:ff:ff,d8:d7:75:45:81:24,d8:d7:75:45:81:24,FunBox2-8124,-45,1,2412,False,False
1778936080.5687063,data,qos_null,aa:23:4f:4d:00:cf,74:ea:3a:a1:53:a6,74:ea:3a:a1:53:a6,aa:23:4f:4d:00:cf,74:ea:3a:a1:53:a6,,-85,1,2412,False,False
1778936080.6263924,data,qos_null,aa:23:4f:4d:00:cf,74:ea:3a:a1:53:a6,74:ea:3a:a1:53:a6,aa:23:4f:4d:00:cf,74:ea:3a:a1:53:a6,,-89,1,2412,False,False
1778936080.6473262,management,beacon,d8:d7:75:45:81:24,ff:ff:ff:ff:ff:ff,ff:ff:ff:ff:ff:ff,d8:d7:75:45:81:24,d8:d7:75:45:81:24,FunBox2-8124,-47,1,2412,False,False
1778936080.7497375,management,beacon,d8:d7:75:45:81:24,ff:ff:ff:ff:ff:ff,ff:ff:ff:ff:ff:ff,d8:d7:75:45:81:24,d8:d7:75:45:81:24,FunBox2-8124,-43,1,2412,False,False
1778936080.8521078,management,beacon,d8:d7:75:45:81:24,ff:ff:ff:ff:ff:ff,ff:ff:ff:ff:ff:ff,d8:d7:75:45:81:24,d8:d7:75:45:81:24,FunBox2-8124,-43,1,2412,False,False
1778936080.9545312,management,beacon,d8:d7:75:45:81:24,ff:ff:ff:ff:ff:ff,ff:ff:ff:ff:ff:ff,d8:d7:75:45:81:24,d8:d7:75:45:81:24,FunBox2-8124,-44,1,2412,False,False
1778936081.0569506,management,beacon,d8:d7:75:45:81:24,ff:ff:ff:ff:ff:ff,ff:ff:ff:ff:ff:ff,d8:d7:75:45:81:24,d8:d7:75:45:81:24,FunBox2-8124,-43,1,2412,False,False
1778936081.0581276,control,ack,,50:02:91:e8:18:ec,50:02:91:e8:18:ec,,,,-46,1,2412,False,False
1778936081.159308,management,beacon,d8:d7:75:45:81:24,ff:ff:ff:ff:ff:ff,ff:ff:ff:ff:ff:ff,d8:d7:75:45:81:24,d8:d7:75:45:81:24,FunBox2-8124,-44,1,2412,False,False
1778936081.2189994,data,null_data,50:02:91:e8:18:ec,d8:d7:75:45:81:24,d8:d7:75:45:81:24,50:02:91:e8:18:ec,d8:d7:75:45:81:24,,-84,1,2412,False,False
1778936081.2190106,control,ack,,50:02:91:e8:18:ec,50:02:91:e8:18:ec,,,,-45,1,2412,False,False
1778936081.2617471,management,beacon,d8:d7:75:45:81:24,ff:ff:ff:ff:ff:ff,ff:ff:ff:ff:ff:ff,d8:d7:75:45:81:24,d8:d7:75:45:81:24,FunBox2-8124,-43,1,2412,False,False
1778936081.3641179,management,beacon,d8:d7:75:45:81:24,ff:ff:ff:ff:ff:ff,ff:ff:ff:ff:ff:ff,d8:d7:75:45:81:24,d8:d7:75:45:81:24,FunBox2-8124,-45,1,2412,False,False
1778936081.4665344,management,beacon,d8:d7:75:45:81:24,ff:ff:ff:ff:ff:ff,ff:ff:ff:ff:ff:ff,d8:d7:75:45:81:24,d8:d7:75:45:81:24,FunBox2-8124,-43,1,2412,False,False
1778936081.5689335,management,beacon,d8:d7:75:45:81:24,ff:ff:ff:ff:ff:ff,ff:ff:ff:ff:ff:ff,d8:d7:75:45:81:24,d8:d7:75:45:81:24,FunBox2-8124,-45,1,2412,False,False
1778936081.6713612,management,beacon,d8:d7:75:45:81:24,ff:ff:ff:ff:ff:ff,ff:ff:ff:ff:ff:ff,d8:d7:75:45:81:24,d8:d7:75:45:81:24,FunBox2-8124,-46,1,2412,False,False
1778936081.7737527,management,beacon,d8:d7:75:45:81:24,ff:ff:ff:ff:ff:ff,ff:ff:ff:ff:ff:ff,d8:d7:75:45:81:24,d8:d7:75:45:81:24,FunBox2-8124,-45,1,2412,False,False
1778936081.876163,management,beacon,d8:d7:75:45:81:24,ff:ff:ff:ff:ff:ff,ff:ff:ff:ff:ff:ff,d8:d7:75:45:81:24,d8:d7:75:45:81:24,FunBox2-8124,-43,1,2412,False,False
1778936081.9785678,management,beacon,d8:d7:75:45:81:24,ff:ff:ff:ff:ff:ff,ff:ff:ff:ff:ff:ff,d8:d7:75:45:81:24,d8:d7:75:45:81:24,FunBox2-8124,-45,1,2412,False,False
1778936082.0809278,management,beacon,d8:d7:75:45:81:24,ff:ff:ff:ff:ff:ff,ff:ff:ff:ff:ff:ff,d8:d7:75:45:81:24,d8:d7:75:45:81:24,FunBox2-8124,-46,1,2412,False,False
1778936082.1833816,management,beacon,d8:d7:75:45:81:24,ff:ff:ff:ff:ff:ff,ff:ff:ff:ff:ff:ff,d8:d7:75:45:81:24,d8:d7:75:45:81:24,FunBox2-8124,-44,1,2412,False,False
1778936082.2857695,management,beacon,d8:d7:75:45:81:24,ff:ff:ff:ff:ff:ff,ff:ff:ff:ff:ff:ff,d8:d7:75:45:81:24,d8:d7:75:45:81:24,FunBox2-8124,-44,1,2412,False,False
1778936082.388194,management,beacon,d8:d7:75:45:81:24,ff:ff:ff:ff:ff:ff,ff:ff:ff:ff:ff:ff,d8:d7:75:45:81:24,d8:d7:75:45:81:24,FunBox2-8124,-44,1,2412,False,False
1778936082.4905999,management,beacon,d8:d7:75:45:81:24,ff:ff:ff:ff:ff:ff,ff:ff:ff:ff:ff:ff,d8:d7:75:45:81:24,d8:d7:75:45:81:24,FunBox2-8124,-43,1,2412,False,False
1778936082.5929773,management,beacon,d8:d7:75:45:81:24,ff:ff:ff:ff:ff:ff,ff:ff:ff:ff:ff:ff,d8:d7:75:45:81:24,d8:d7:75:45:81:24,FunBox2-8124,-45,1,2412,False,False
1778936082.5942123,control,ack,,50:02:91:e8:18:ec,50:02:91:e8:18:ec,,,,-45,1,2412,False,False
1778936082.5949538,data,null_data,50:02:91:e8:18:ec,d8:d7:75:45:81:24,d8:d7:75:45:81:24,50:02:91:e8:18:ec,d8:d7:75:45:81:24,,-86,1,2412,False,True
1778936082.5949557,control,ack,,50:02:91:e8:18:ec,50:02:91:e8:18:ec,,,,-45,1,2412,False,False
1778936082.6954086,management,beacon,d8:d7:75:45:81:24,ff:ff:ff:ff:ff:ff,ff:ff:ff:ff:ff:ff,d8:d7:75:45:81:24,d8:d7:75:45:81:24,FunBox2-8124,-45,1,2412,False,False
1778936082.7559903,control,ack,,50:02:91:e8:18:ec,50:02:91:e8:18:ec,,,,-44,1,2412,False,False
1778936082.797766,management,beacon,d8:d7:75:45:81:24,ff:ff:ff:ff:ff:ff,ff:ff:ff:ff:ff:ff,d8:d7:75:45:81:24,d8:d7:75:45:81:24,FunBox2-8124,-47,1,2412,False,False
1778936082.900673,management,beacon,d8:d7:75:45:81:24,ff:ff:ff:ff:ff:ff,ff:ff:ff:ff:ff:ff,d8:d7:75:45:81:24,d8:d7:75:45:81:24,FunBox2-8124,-43,1,2412,False,False
1778936083.002599,management,beacon,d8:d7:75:45:81:24,ff:ff:ff:ff:ff:ff,ff:ff:ff:ff:ff:ff,d8:d7:75:45:81:24,d8:d7:75:45:81:24,FunBox2-8124,-45,1,2412,False,False
1778936083.1050322,management,beacon,d8:d7:75:45:81:24,ff:ff:ff:ff:ff:ff,ff:ff:ff:ff:ff:ff,d8:d7:75:45:81:24,d8:d7:75:45:81:24,FunBox2-8124,-44,1,2412,False,False
1778936083.2073667,management,beacon,d8:d7:75:45:81:24,ff:ff:ff:ff:ff:ff,ff:ff:ff:ff:ff:ff,d8:d7:75:45:81:24,d8:d7:75:45:81:24,FunBox2-8124,-43,1,2412,False,False
1778936083.3104093,management,beacon,d8:d7:75:45:81:24,ff:ff:ff:ff:ff:ff,ff:ff:ff:ff:ff:ff,d8:d7:75:45:81:24,d8:d7:75:45:81:24,FunBox2-8124,-43,1,2412,False,False
1778936083.4121993,management,beacon,d8:d7:75:45:81:24,ff:ff:ff:ff:ff:ff,ff:ff:ff:ff:ff:ff,d8:d7:75:45:81:24,d8:d7:75:45:81:24,FunBox2-8124,-44,1,2412,False,False
1778936083.5146043,management,beacon,d8:d7:75:45:81:24,ff:ff:ff:ff:ff:ff,ff:ff:ff:ff:ff:ff,d8:d7:75:45:81:24,d8:d7:75:45:81:24,FunBox2-8124,-44,1,2412,False,False
1778936083.6170452,management,beacon,d8:d7:75:45:81:24,ff:ff:ff:ff:ff:ff,ff:ff:ff:ff:ff:ff,d8:d7:75:45:81:24,d8:d7:75:45:81:24,FunBox2-8124,-47,1,2412,False,False
1778936083.719428,management,beacon,d8:d7:75:45:81:24,ff:ff:ff:ff:ff:ff,ff:ff:ff:ff:ff:ff,d8:d7:75:45:81:24,d8:d7:75:45:81:24,FunBox2-8124,-44,1,2412,False,False
1778936083.8218503,management,beacon,d8:d7:75:45:81:24,ff:ff:ff:ff:ff:ff,ff:ff:ff:ff:ff:ff,d8:d7:75:45:81:24,d8:d7:75:45:81:24,FunBox2-8124,-43,1,2412,False,False
1778936083.9242554,management,beacon,d8:d7:75:45:81:24,ff:ff:ff:ff:ff:ff,ff:ff:ff:ff:ff:ff,d8:d7:75:45:81:24,d8:d7:75:45:81:24,FunBox2-8124,-45,1,2412,False,False
1778936084.0266607,management,beacon,d8:d7:75:45:81:24,ff:ff:ff:ff:ff:ff,ff:ff:ff:ff:ff:ff,d8:d7:75:45:81:24,d8:d7:75:45:81:24,FunBox2-8124,-44,1,2412,False,False
1778936084.1290302,management,beacon,d8:d7:75:45:81:24,ff:ff:ff:ff:ff:ff,ff:ff:ff:ff:ff:ff,d8:d7:75:45:81:24,d8:d7:75:45:81:24,FunBox2-8124,-44,1,2412,False,False
1778936084.2314293,management,beacon,d8:d7:75:45:81:24,ff:ff:ff:ff:ff:ff,ff:ff:ff:ff:ff:ff,d8:d7:75:45:81:24,d8:d7:75:45:81:24,FunBox2-8124,-43,1,2412,False,False
1778936084.3338666,management,beacon,d8:d7:75:45:81:24,ff:ff:ff:ff:ff:ff,ff:ff:ff:ff:ff:ff,d8:d7:75:45:81:24,d8:d7:75:45:81:24,FunBox2-8124,-46,1,2412,False,False
1778936084.4362605,management,beacon,d8:d7:75:45:81:24,ff:ff:ff:ff:ff:ff,ff:ff:ff:ff:ff:ff,d8:d7:75:45:81:24,d8:d7:75:45:81:24,FunBox2-8124,-44,1,2412,False,False
1778936084.5386803,management,beacon,d8:d7:75:45:81:24,ff:ff:ff:ff:ff:ff,ff:ff:ff:ff:ff:ff,d8:d7:75:45:81:24,d8:d7:75:45:81:24,FunBox2-8124,-43,1,2412,False,False
1778936084.5398314,control,ack,,50:02:91:e8:18:ec,50:02:91:e8:18:ec,,,,-49,1,2412,False,False
1778936084.6410387,management,beacon,d8:d7:75:45:81:24,ff:ff:ff:ff:ff:ff,ff:ff:ff:ff:ff:ff,d8:d7:75:45:81:24,d8:d7:75:45:81:24,FunBox2-8124,-43,1,2412,False,False
1778936084.7006881,control,ack,,50:02:91:e8:18:ec,50:02:91:e8:18:ec,,,,-44,1,2412,False,False
1778936084.7434275,management,beacon,d8:d7:75:45:81:24,ff:ff:ff:ff:ff:ff,ff:ff:ff:ff:ff:ff,d8:d7:75:45:81:24,d8:d7:75:45:81:24,FunBox2-8124,-45,1,2412,False,False
1778936084.8458881,management,beacon,d8:d7:75:45:81:24,ff:ff:ff:ff:ff:ff,ff:ff:ff:ff:ff:ff,d8:d7:75:45:81:24,d8:d7:75:45:81:24,FunBox2-8124,-43,1,2412,False,False
1778936084.9482324,management,beacon,d8:d7:75:45:81:24,ff:ff:ff:ff:ff:ff,ff:ff:ff:ff:ff:ff,d8:d7:75:45:81:24,d8:d7:75:45:81:24,FunBox2-8124,-44,1,2412,False,False
1778936085.0506773,management,beacon,d8:d7:75:45:81:24,ff:ff:ff:ff:ff:ff,ff:ff:ff:ff:ff:ff,d8:d7:75:45:81:24,d8:d7:75:45:81:24,FunBox2-8124,-44,1,2412,False,False
1778936085.1530633,management,beacon,d8:d7:75:45:81:24,ff:ff:ff:ff:ff:ff,ff:ff:ff:ff:ff:ff,d8:d7:75:45:81:24,d8:d7:75:45:81:24,FunBox2-8124,-46,1,2412,False,False
1778936085.2554893,management,beacon,d8:d7:75:45:81:24,ff:ff:ff:ff:ff:ff,ff:ff:ff:ff:ff:ff,d8:d7:75:45:81:24,d8:d7:75:45:81:24,FunBox2-8124,-45,1,2412,False,False
1778936085.3578541,management,beacon,d8:d7:75:45:81:24,ff:ff:ff:ff:ff:ff,ff:ff:ff:ff:ff:ff,d8:d7:75:45:81:24,d8:d7:75:45:81:24,FunBox2-8124,-43,1,2412,False,False
1778936085.46026,management,beacon,d8:d7:75:45:81:24,ff:ff:ff:ff:ff:ff,ff:ff:ff:ff:ff:ff,d8:d7:75:45:81:24,d8:d7:75:45:81:24,FunBox2-8124,-46,1,2412,False,False
1778936085.5626829,management,beacon,d8:d7:75:45:81:24,ff:ff:ff:ff:ff:ff,ff:ff:ff:ff:ff:ff,d8:d7:75:45:81:24,d8:d7:75:45:81:24,FunBox2-8124,-44,1,2412,False,False
1778936085.6651092,management,beacon,d8:d7:75:45:81:24,ff:ff:ff:ff:ff:ff,ff:ff:ff:ff:ff:ff,d8:d7:75:45:81:24,d8:d7:75:45:81:24,FunBox2-8124,-45,1,2412,False,False
1778936085.7675228,management,beacon,d8:d7:75:45:81:24,ff:ff:ff:ff:ff:ff,ff:ff:ff:ff:ff:ff,d8:d7:75:45:81:24,d8:d7:75:45:81:24,FunBox2-8124,-44,1,2412,False,False
1778936085.869869,management,beacon,d8:d7:75:45:81:24,ff:ff:ff:ff:ff:ff,ff:ff:ff:ff:ff:ff,d8:d7:75:45:81:24,d8:d7:75:45:81:24,FunBox2-8124,-46,1,2412,False,False
1778936085.9722683,management,beacon,d8:d7:75:45:81:24,ff:ff:ff:ff:ff:ff,ff:ff:ff:ff:ff:ff,d8:d7:75:45:81:24,d8:d7:75:45:81:24,FunBox2-8124,-44,1,2412,False,False
1778936085.9734943,data,null_data,50:02:91:e8:18:ec,d8:d7:75:45:81:24,d8:d7:75:45:81:24,50:02:91:e8:18:ec,d8:d7:75:45:81:24,,-86,1,2412,False,False
1778936085.9734964,control,ack,,50:02:91:e8:18:ec,50:02:91:e8:18:ec,,,,-45,1,2412,False,False
1778936086.0746975,management,beacon,d8:d7:75:45:81:24,ff:ff:ff:ff:ff:ff,ff:ff:ff:ff:ff:ff,d8:d7:75:45:81:24,d8:d7:75:45:81:24,FunBox2-8124,-44,1,2412,False,False
1778936086.134836,control,ack,,50:02:91:e8:18:ec,50:02:91:e8:18:ec,,,,-46,1,2412,False,False
1778936086.177131,management,beacon,d8:d7:75:45:81:24,ff:ff:ff:ff:ff:ff,ff:ff:ff:ff:ff:ff,d8:d7:75:45:81:24,d8:d7:75:45:81:24,FunBox2-8124,-43,1,2412,False,False
1778936086.2795255,management,beacon,d8:d7:75:45:81:24,ff:ff:ff:ff:ff:ff,ff:ff:ff:ff:ff:ff,d8:d7:75:45:81:24,d8:d7:75:45:81:24,FunBox2-8124,-44,1,2412,False,False
1778936086.3818862,management,beacon,d8:d7:75:45:81:24,ff:ff:ff:ff:ff:ff,ff:ff:ff:ff:ff:ff,d8:d7:75:45:81:24,d8:d7:75:45:81:24,FunBox2-8124,-45,1,2412,False,False
1778936086.4842935,management,beacon,d8:d7:75:45:81:24,ff:ff:ff:ff:ff:ff,ff:ff:ff:ff:ff:ff,d8:d7:75:45:81:24,d8:d7:75:45:81:24,FunBox2-8124,-45,1,2412,False,False
1778936086.5867007,management,beacon,d8:d7:75:45:81:24,ff:ff:ff:ff:ff:ff,ff:ff:ff:ff:ff:ff,d8:d7:75:45:81:24,d8:d7:75:45:81:24,FunBox2-8124,-46,1,2412,False,False
1778936086.6891296,management,beacon,d8:d7:75:45:81:24,ff:ff:ff:ff:ff:ff,ff:ff:ff:ff:ff:ff,d8:d7:75:45:81:24,d8:d7:75:45:81:24,FunBox2-8124,-45,1,2412,False,False
1778936086.7915347,management,beacon,d8:d7:75:45:81:24,ff:ff:ff:ff:ff:ff,ff:ff:ff:ff:ff:ff,d8:d7:75:45:81:24,d8:d7:75:45:81:24,FunBox2-8124,-44,1,2412,False,False
1778936086.9963906,management,beacon,d8:d7:75:45:81:24,ff:ff:ff:ff:ff:ff,ff:ff:ff:ff:ff:ff,d8:d7:75:45:81:24,d8:d7:75:45:81:24,FunBox2-8124,-44,1,2412,False,False
1778936087.0987673,management,beacon,d8:d7:75:45:81:24,ff:ff:ff:ff:ff:ff,ff:ff:ff:ff:ff:ff,d8:d7:75:45:81:24,d8:d7:75:45:81:24,FunBox2-8124,-45,1,2412,False,False
1778936087.1048179,data,qos_null,aa:23:4f:4d:00:cf,74:ea:3a:a1:53:a6,74:ea:3a:a1:53:a6,aa:23:4f:4d:00:cf,74:ea:3a:a1:53:a6,,-87,1,2412,False,True
1778936087.105637,data,qos_null,aa:23:4f:4d:00:cf,74:ea:3a:a1:53:a6,74:ea:3a:a1:53:a6,aa:23:4f:4d:00:cf,74:ea:3a:a1:53:a6,,-89,1,2412,False,True
1778936087.1072454,data,qos_null,aa:23:4f:4d:00:cf,74:ea:3a:a1:53:a6,74:ea:3a:a1:53:a6,aa:23:4f:4d:00:cf,74:ea:3a:a1:53:a6,,-88,1,2412,False,True
1778936087.1096768,data,qos_null,aa:23:4f:4d:00:cf,74:ea:3a:a1:53:a6,74:ea:3a:a1:53:a6,aa:23:4f:4d:00:cf,74:ea:3a:a1:53:a6,,-88,1,2412,False,True
1778936087.1121488,data,qos_null,aa:23:4f:4d:00:cf,74:ea:3a:a1:53:a6,74:ea:3a:a1:53:a6,aa:23:4f:4d:00:cf,74:ea:3a:a1:53:a6,,-90,1,2412,False,True
1778936087.1129668,data,qos_null,aa:23:4f:4d:00:cf,74:ea:3a:a1:53:a6,74:ea:3a:a1:53:a6,aa:23:4f:4d:00:cf,74:ea:3a:a1:53:a6,,-88,1,2412,False,True
1778936087.2011585,management,beacon,d8:d7:75:45:81:24,ff:ff:ff:ff:ff:ff,ff:ff:ff:ff:ff:ff,d8:d7:75:45:81:24,d8:d7:75:45:81:24,FunBox2-8124,-44,1,2412,False,False
1778936087.3035576,management,beacon,d8:d7:75:45:81:24,ff:ff:ff:ff:ff:ff,ff:ff:ff:ff:ff:ff,d8:d7:75:45:81:24,d8:d7:75:45:81:24,FunBox2-8124,-44,1,2412,False,False
1778936087.4877768,management,probe_request,46:e5:c9:b7:e2:d1,ff:ff:ff:ff:ff:ff,ff:ff:ff:ff:ff:ff,46:e5:c9:b7:e2:d1,ff:ff:ff:ff:ff:ff,<hidden>,-30,1,2412,False,False
1778936087.491037,management,probe_response,d8:d7:75:45:81:24,46:e5:c9:b7:e2:d1,46:e5:c9:b7:e2:d1,d8:d7:75:45:81:24,d8:d7:75:45:81:24,FunBox2-8124,-44,1,2412,False,False
1778936087.4913318,control,ack,,d8:d7:75:45:81:24,d8:d7:75:45:81:24,,,,-30,1,2412,False,False
1778936087.508329,management,beacon,d8:d7:75:45:81:24,ff:ff:ff:ff:ff:ff,ff:ff:ff:ff:ff:ff,d8:d7:75:45:81:24,d8:d7:75:45:81:24,FunBox2-8124,-44,1,2412,False,False
1778936087.551839,management,probe_request,46:e5:c9:b7:e2:d1,ff:ff:ff:ff:ff:ff,ff:ff:ff:ff:ff:ff,46:e5:c9:b7:e2:d1,ff:ff:ff:ff:ff:ff,<hidden>,-30,1,2412,False,False
1778936087.6107688,management,beacon,d8:d7:75:45:81:24,ff:ff:ff:ff:ff:ff,ff:ff:ff:ff:ff:ff,d8:d7:75:45:81:24,d8:d7:75:45:81:24,FunBox2-8124,-43,1,2412,False,False
1778936087.6830463,management,probe_response,d8:d7:75:45:81:24,46:e5:c9:b7:e2:d1,46:e5:c9:b7:e2:d1,d8:d7:75:45:81:24,d8:d7:75:45:81:24,FunBox2-8124,-44,1,2412,False,False
1778936087.6867125,management,probe_response,d8:d7:75:45:81:24,46:e5:c9:b7:e2:d1,46:e5:c9:b7:e2:d1,d8:d7:75:45:81:24,d8:d7:75:45:81:24,FunBox2-8124,-44,1,2412,False,True
1778936087.6907253,management,probe_response,d8:d7:75:45:81:24,46:e5:c9:b7:e2:d1,46:e5:c9:b7:e2:d1,d8:d7:75:45:81:24,d8:d7:75:45:81:24,FunBox2-8124,-44,1,2412,False,True
1778936087.6955218,management,probe_response,d8:d7:75:45:81:24,46:e5:c9:b7:e2:d1,46:e5:c9:b7:e2:d1,d8:d7:75:45:81:24,d8:d7:75:45:81:24,FunBox2-8124,-44,1,2412,False,True
1778936087.7001033,management,probe_response,d8:d7:75:45:81:24,46:e5:c9:b7:e2:d1,46:e5:c9:b7:e2:d1,d8:d7:75:45:81:24,d8:d7:75:45:81:24,FunBox2-8124,-43,1,2412,False,True
1778936087.7131436,management,beacon,d8:d7:75:45:81:24,ff:ff:ff:ff:ff:ff,ff:ff:ff:ff:ff:ff,d8:d7:75:45:81:24,d8:d7:75:45:81:24,FunBox2-8124,-46,1,2412,False,False
1778936087.8103797,management,probe_request,46:e5:c9:b7:e2:d1,ff:ff:ff:ff:ff:ff,ff:ff:ff:ff:ff:ff,46:e5:c9:b7:e2:d1,ff:ff:ff:ff:ff:ff,<hidden>,-70,1,2412,False,False
1778936087.8155496,management,beacon,d8:d7:75:45:81:24,ff:ff:ff:ff:ff:ff,ff:ff:ff:ff:ff:ff,d8:d7:75:45:81:24,d8:d7:75:45:81:24,FunBox2-8124,-44,1,2412,False,False
1778936087.9192233,data,null_data,50:02:91:e8:18:ec,d8:d7:75:45:81:24,d8:d7:75:45:81:24,50:02:91:e8:18:ec,d8:d7:75:45:81:24,,-85,1,2412,False,False
1778936087.9192364,control,ack,,50:02:91:e8:18:ec,50:02:91:e8:18:ec,,,,-46,1,2412,False,False
1778936088.020393,management,beacon,d8:d7:75:45:81:24,ff:ff:ff:ff:ff:ff,ff:ff:ff:ff:ff:ff,d8:d7:75:45:81:24,d8:d7:75:45:81:24,FunBox2-8124,-46,1,2412,False,False
1778936088.080061,data,null_data,50:02:91:e8:18:ec,d8:d7:75:45:81:24,d8:d7:75:45:81:24,50:02:91:e8:18:ec,d8:d7:75:45:81:24,,-86,1,2412,False,False
1778936088.0800712,control,ack,,50:02:91:e8:18:ec,50:02:91:e8:18:ec,,,,-47,1,2412,False,False
1778936088.1228166,management,beacon,d8:d7:75:45:81:24,ff:ff:ff:ff:ff:ff,ff:ff:ff:ff:ff:ff,d8:d7:75:45:81:24,d8:d7:75:45:81:24,FunBox2-8124,-45,1,2412,False,False
1778936088.2251587,management,beacon,d8:d7:75:45:81:24,ff:ff:ff:ff:ff:ff,ff:ff:ff:ff:ff:ff,d8:d7:75:45:81:24,d8:d7:75:45:81:24,FunBox2-8124,-44,1,2412,False,False
1778936088.3275712,management,beacon,d8:d7:75:45:81:24,ff:ff:ff:ff:ff:ff,ff:ff:ff:ff:ff:ff,d8:d7:75:45:81:24,d8:d7:75:45:81:24,FunBox2-8124,-44,1,2412,False,False
1778936088.431394,data,data,d8:d7:75:45:81:24,33:33:00:00:00:01,33:33:00:00:00:01,d8:d7:75:45:81:24,d8:d7:75:45:81:24,,-44,1,2412,True,False
1778936088.431701,control,ack,,d8:d7:75:45:81:24,d8:d7:75:45:81:24,,,,-83,1,2412,False,False
1778936088.4318922,control,ack,,50:02:91:e8:18:ec,50:02:91:e8:18:ec,,,,-48,1,2412,False,False
1778936088.5323696,management,beacon,d8:d7:75:45:81:24,ff:ff:ff:ff:ff:ff,ff:ff:ff:ff:ff:ff,d8:d7:75:45:81:24,d8:d7:75:45:81:24,FunBox2-8124,-44,1,2412,False,False
1778936088.5928142,data,null_data,50:02:91:e8:18:ec,d8:d7:75:45:81:24,d8:d7:75:45:81:24,50:02:91:e8:18:ec,d8:d7:75:45:81:24,,-83,1,2412,False,False
1778936088.5928316,control,ack,,50:02:91:e8:18:ec,50:02:91:e8:18:ec,,,,-44,1,2412,False,False
1778936088.6347744,management,beacon,d8:d7:75:45:81:24,ff:ff:ff:ff:ff:ff,ff:ff:ff:ff:ff:ff,d8:d7:75:45:81:24,d8:d7:75:45:81:24,FunBox2-8124,-44,1,2412,False,False
1778936088.7371755,management,beacon,d8:d7:75:45:81:24,ff:ff:ff:ff:ff:ff,ff:ff:ff:ff:ff:ff,d8:d7:75:45:81:24,d8:d7:75:45:81:24,FunBox2-8124,-41,1,2412,False,False
1778936088.8398561,management,beacon,d8:d7:75:45:81:24,ff:ff:ff:ff:ff:ff,ff:ff:ff:ff:ff:ff,d8:d7:75:45:81:24,d8:d7:75:45:81:24,FunBox2-8124,-42,1,2412,False,False
1778936089.0465596,management,beacon,d8:d7:75:45:81:24,ff:ff:ff:ff:ff:ff,ff:ff:ff:ff:ff:ff,d8:d7:75:45:81:24,d8:d7:75:45:81:24,FunBox2-8124,-42,1,2412,False,False
1778936089.147932,management,beacon,d8:d7:75:45:81:24,ff:ff:ff:ff:ff:ff,ff:ff:ff:ff:ff:ff,d8:d7:75:45:81:24,d8:d7:75:45:81:24,FunBox2-8124,-44,1,2412,False,False
1778936089.2202475,data,null_data,50:02:91:e8:18:ec,d8:d7:75:45:81:24,d8:d7:75:45:81:24,50:02:91:e8:18:ec,d8:d7:75:45:81:24,,-82,1,2412,False,False
1778936089.220449,data,null_data,50:02:91:e8:18:ec,d8:d7:75:45:81:24,d8:d7:75:45:81:24,50:02:91:e8:18:ec,d8:d7:75:45:81:24,,-81,1,2412,False,True
1778936089.2209792,data,null_data,50:02:91:e8:18:ec,d8:d7:75:45:81:24,d8:d7:75:45:81:24,50:02:91:e8:18:ec,d8:d7:75:45:81:24,,-80,1,2412,False,True
1778936089.2209823,control,ack,,50:02:91:e8:18:ec,50:02:91:e8:18:ec,,,,-43,1,2412,False,False
1778936089.250427,management,beacon,d8:d7:75:45:81:24,ff:ff:ff:ff:ff:ff,ff:ff:ff:ff:ff:ff,d8:d7:75:45:81:24,d8:d7:75:45:81:24,FunBox2-8124,-43,1,2412,False,False
1778936089.3516722,management,beacon,d8:d7:75:45:81:24,ff:ff:ff:ff:ff:ff,ff:ff:ff:ff:ff:ff,d8:d7:75:45:81:24,d8:d7:75:45:81:24,FunBox2-8124,-49,1,2412,False,False
1778936089.3819888,data,null_data,50:02:91:e8:18:ec,d8:d7:75:45:81:24,d8:d7:75:45:81:24,50:02:91:e8:18:ec,d8:d7:75:45:81:24,,-80,1,2412,False,False
1778936089.3820078,data,null_data,50:02:91:e8:18:ec,d8:d7:75:45:81:24,d8:d7:75:45:81:24,50:02:91:e8:18:ec,d8:d7:75:45:81:24,,-82,1,2412,False,True
1778936089.382302,data,null_data,50:02:91:e8:18:ec,d8:d7:75:45:81:24,d8:d7:75:45:81:24,50:02:91:e8:18:ec,d8:d7:75:45:81:24,,-81,1,2412,False,True
1778936089.3826566,data,null_data,50:02:91:e8:18:ec,d8:d7:75:45:81:24,d8:d7:75:45:81:24,50:02:91:e8:18:ec,d8:d7:75:45:81:24,,-80,1,2412,False,True
1778936089.3831592,data,null_data,50:02:91:e8:18:ec,d8:d7:75:45:81:24,d8:d7:75:45:81:24,50:02:91:e8:18:ec,d8:d7:75:45:81:24,,-80,1,2412,False,True
1778936089.383481,control,ack,,50:02:91:e8:18:ec,50:02:91:e8:18:ec,,,,-43,1,2412,False,False
1778936089.5581484,management,beacon,d8:d7:75:45:81:24,ff:ff:ff:ff:ff:ff,ff:ff:ff:ff:ff:ff,d8:d7:75:45:81:24,d8:d7:75:45:81:24,FunBox2-8124,-42,1,2412,False,False
1778936089.6588488,management,beacon,d8:d7:75:45:81:24,ff:ff:ff:ff:ff:ff,ff:ff:ff:ff:ff:ff,d8:d7:75:45:81:24,d8:d7:75:45:81:24,FunBox2-8124,-45,1,2412,False,False
1778936089.764992,management,beacon,d8:d7:75:45:81:24,ff:ff:ff:ff:ff:ff,ff:ff:ff:ff:ff:ff,d8:d7:75:45:81:24,d8:d7:75:45:81:24,FunBox2-8124,-44,1,2412,False,False
1778936089.8636203,management,beacon,d8:d7:75:45:81:24,ff:ff:ff:ff:ff:ff,ff:ff:ff:ff:ff:ff,d8:d7:75:45:81:24,d8:d7:75:45:81:24,FunBox2-8124,-45,1,2412,False,False
1778936089.968565,data,data,d8:d7:75:45:81:24,33:33:00:00:00:01,33:33:00:00:00:01,d8:d7:75:45:81:24,d8:d7:75:45:81:24,,-46,1,2412,True,False
1778936089.9690695,control,ack,,d8:d7:75:45:81:24,d8:d7:75:45:81:24,,,,-81,1,2412,False,False
1778936089.9690723,data,null_data,50:02:91:e8:18:ec,d8:d7:75:45:81:24,d8:d7:75:45:81:24,50:02:91:e8:18:ec,d8:d7:75:45:81:24,,-82,1,2412,False,False
1778936089.9690738,control,ack,,50:02:91:e8:18:ec,50:02:91:e8:18:ec,,,,-50,1,2412,False,False
1778936089.970688,data,data,d8:d7:75:45:81:24,33:33:00:00:00:16,33:33:00:00:00:16,d8:d7:75:45:81:24,a8:5e:45:c6:9f:b7,,-45,1,2412,True,False
1778936089.9709895,control,ack,,d8:d7:75:45:81:24,d8:d7:75:45:81:24,,,,-81,1,2412,False,False
1778936089.9722383,data,data,d8:d7:75:45:81:24,01:00:5e:00:00:01,01:00:5e:00:00:01,d8:d7:75:45:81:24,d8:d7:75:45:81:24,,-47,1,2412,True,False
1778936089.9725556,control,ack,,d8:d7:75:45:81:24,d8:d7:75:45:81:24,,,,-80,1,2412,False,False
1778936090.0684888,management,beacon,d8:d7:75:45:81:24,ff:ff:ff:ff:ff:ff,ff:ff:ff:ff:ff:ff,d8:d7:75:45:81:24,d8:d7:75:45:81:24,FunBox2-8124,-44,1,2412,False,False
1778936090.1329508,data,null_data,50:02:91:e8:18:ec,d8:d7:75:45:81:24,d8:d7:75:45:81:24,50:02:91:e8:18:ec,d8:d7:75:45:81:24,,-81,1,2412,False,False
1778936090.133159,data,null_data,50:02:91:e8:18:ec,d8:d7:75:45:81:24,d8:d7:75:45:81:24,50:02:91:e8:18:ec,d8:d7:75:45:81:24,,-81,1,2412,False,True
1778936090.1335213,data,null_data,50:02:91:e8:18:ec,d8:d7:75:45:81:24,d8:d7:75:45:81:24,50:02:91:e8:18:ec,d8:d7:75:45:81:24,,-82,1,2412,False,True
1778936090.1338553,data,null_data,50:02:91:e8:18:ec,d8:d7:75:45:81:24,d8:d7:75:45:81:24,50:02:91:e8:18:ec,d8:d7:75:45:81:24,,-83,1,2412,False,True
1778936090.1348174,data,null_data,50:02:91:e8:18:ec,d8:d7:75:45:81:24,d8:d7:75:45:81:24,50:02:91:e8:18:ec,d8:d7:75:45:81:24,,-81,1,2412,False,True
1778936090.1353602,data,null_data,50:02:91:e8:18:ec,d8:d7:75:45:81:24,d8:d7:75:45:81:24,50:02:91:e8:18:ec,d8:d7:75:45:81:24,,-85,1,2412,False,True
1778936090.1356711,control,ack,,50:02:91:e8:18:ec,50:02:91:e8:18:ec,,,,-44,1,2412,False,False
1778936090.170861,management,beacon,d8:d7:75:45:81:24,ff:ff:ff:ff:ff:ff,ff:ff:ff:ff:ff:ff,d8:d7:75:45:81:24,d8:d7:75:45:81:24,FunBox2-8124,-44,1,2412,False,False
1778936090.2733464,management,beacon,d8:d7:75:45:81:24,ff:ff:ff:ff:ff:ff,ff:ff:ff:ff:ff:ff,d8:d7:75:45:81:24,d8:d7:75:45:81:24,FunBox2-8124,-46,1,2412,False,False
1778936090.3756425,management,beacon,d8:d7:75:45:81:24,ff:ff:ff:ff:ff:ff,ff:ff:ff:ff:ff:ff,d8:d7:75:45:81:24,d8:d7:75:45:81:24,FunBox2-8124,-44,1,2412,False,False
1778936090.5804696,management,beacon,d8:d7:75:45:81:24,ff:ff:ff:ff:ff:ff,ff:ff:ff:ff:ff:ff,d8:d7:75:45:81:24,d8:d7:75:45:81:24,FunBox2-8124,-43,1,2412,False,False
1778936090.58159,data,null_data,50:02:91:e8:18:ec,d8:d7:75:45:81:24,d8:d7:75:45:81:24,50:02:91:e8:18:ec,d8:d7:75:45:81:24,,-82,1,2412,False,False
1778936090.5817678,data,null_data,50:02:91:e8:18:ec,d8:d7:75:45:81:24,d8:d7:75:45:81:24,50:02:91:e8:18:ec,d8:d7:75:45:81:24,,-80,1,2412,False,True
1778936090.5821226,data,null_data,50:02:91:e8:18:ec,d8:d7:75:45:81:24,d8:d7:75:45:81:24,50:02:91:e8:18:ec,d8:d7:75:45:81:24,,-81,1,2412,False,True
1778936090.5824864,data,null_data,50:02:91:e8:18:ec,d8:d7:75:45:81:24,d8:d7:75:45:81:24,50:02:91:e8:18:ec,d8:d7:75:45:81:24,,-81,1,2412,False,True
1778936090.583048,data,null_data,50:02:91:e8:18:ec,d8:d7:75:45:81:24,d8:d7:75:45:81:24,50:02:91:e8:18:ec,d8:d7:75:45:81:24,,-81,1,2412,False,True
1778936090.5835645,data,null_data,50:02:91:e8:18:ec,d8:d7:75:45:81:24,d8:d7:75:45:81:24,50:02:91:e8:18:ec,d8:d7:75:45:81:24,,-82,1,2412,False,True
1778936090.5838804,control,ack,,50:02:91:e8:18:ec,50:02:91:e8:18:ec,,,,-45,1,2412,False,False
1778936090.5855255,data,data,d8:d7:75:45:81:24,33:33:00:00:00:16,33:33:00:00:00:16,d8:d7:75:45:81:24,a8:5e:45:c6:9f:b7,,-45,1,2412,True,False
1778936090.5858414,control,ack,,d8:d7:75:45:81:24,d8:d7:75:45:81:24,,,,-80,1,2412,False,False
1778936090.6828508,management,beacon,d8:d7:75:45:81:24,ff:ff:ff:ff:ff:ff,ff:ff:ff:ff:ff:ff,d8:d7:75:45:81:24,d8:d7:75:45:81:24,FunBox2-8124,-44,1,2412,False,False
1778936090.746195,data,null_data,50:02:91:e8:18:ec,d8:d7:75:45:81:24,d8:d7:75:45:81:24,50:02:91:e8:18:ec,d8:d7:75:45:81:24,,-80,1,2412,False,False
1778936090.7463884,data,null_data,50:02:91:e8:18:ec,d8:d7:75:45:81:24,d8:d7:75:45:81:24,50:02:91:e8:18:ec,d8:d7:75:45:81:24,,-80,1,2412,False,True
1778936090.746752,data,null_data,50:02:91:e8:18:ec,d8:d7:75:45:81:24,d8:d7:75:45:81:24,50:02:91:e8:18:ec,d8:d7:75:45:81:24,,-81,1,2412,False,True
1778936090.747233,data,null_data,50:02:91:e8:18:ec,d8:d7:75:45:81:24,d8:d7:75:45:81:24,50:02:91:e8:18:ec,d8:d7:75:45:81:24,,-82,1,2412,False,True
1778936090.7472348,control,ack,,50:02:91:e8:18:ec,50:02:91:e8:18:ec,,,,-44,1,2412,False,False
1778936090.7852497,management,beacon,d8:d7:75:45:81:24,ff:ff:ff:ff:ff:ff,ff:ff:ff:ff:ff:ff,d8:d7:75:45:81:24,d8:d7:75:45:81:24,FunBox2-8124,-44,1,2412,False,False
1778936090.887717,management,beacon,d8:d7:75:45:81:24,ff:ff:ff:ff:ff:ff,ff:ff:ff:ff:ff:ff,d8:d7:75:45:81:24,d8:d7:75:45:81:24,FunBox2-8124,-46,1,2412,False,False
1778936091.0436502,control,rts,54:35:30:cf:ee:1e,d8:d7:75:45:81:24,d8:d7:75:45:81:24,54:35:30:cf:ee:1e,,,-51,1,2412,False,False
1778936091.0436575,control,cts,,54:35:30:cf:ee:1e,54:35:30:cf:ee:1e,,,,-49,1,2412,False,False
1778936091.0436594,data,qos_data,54:35:30:cf:ee:1e,d8:d7:75:45:81:24,d8:d7:75:45:81:24,54:35:30:cf:ee:1e,ff:ff:ff:ff:ff:ff,,-51,1,2412,True,False
1778936091.043661,control,block_ack,d8:d7:75:45:81:24,54:35:30:cf:ee:1e,54:35:30:cf:ee:1e,d8:d7:75:45:81:24,,,-50,1,2412,False,False
1778936091.0924757,management,beacon,d8:d7:75:45:81:24,ff:ff:ff:ff:ff:ff,ff:ff:ff:ff:ff:ff,d8:d7:75:45:81:24,d8:d7:75:45:81:24,FunBox2-8124,-46,1,2412,False,False
1778936091.1948683,management,beacon,d8:d7:75:45:81:24,ff:ff:ff:ff:ff:ff,ff:ff:ff:ff:ff:ff,d8:d7:75:45:81:24,d8:d7:75:45:81:24,FunBox2-8124,-44,1,2412,False,False
1778936091.1961029,data,data,d8:d7:75:45:81:24,ff:ff:ff:ff:ff:ff,ff:ff:ff:ff:ff:ff,d8:d7:75:45:81:24,54:35:30:cf:ee:1e,,-43,1,2412,True,False
1778936091.196417,control,ack,,d8:d7:75:45:81:24,d8:d7:75:45:81:24,,,,-80,1,2412,False,False
1778936091.2973003,management,beacon,d8:d7:75:45:81:24,ff:ff:ff:ff:ff:ff,ff:ff:ff:ff:ff:ff,d8:d7:75:45:81:24,d8:d7:75:45:81:24,FunBox2-8124,-44,1,2412,False,False
1778936091.3996778,management,beacon,d8:d7:75:45:81:24,ff:ff:ff:ff:ff:ff,ff:ff:ff:ff:ff:ff,d8:d7:75:45:81:24,d8:d7:75:45:81:24,FunBox2-8124,-44,1,2412,False,False
1778936091.6045008,management,beacon,d8:d7:75:45:81:24,ff:ff:ff:ff:ff:ff,ff:ff:ff:ff:ff:ff,d8:d7:75:45:81:24,d8:d7:75:45:81:24,FunBox2-8124,-45,1,2412,False,False
1778936091.7069316,management,beacon,d8:d7:75:45:81:24,ff:ff:ff:ff:ff:ff,ff:ff:ff:ff:ff:ff,d8:d7:75:45:81:24,d8:d7:75:45:81:24,FunBox2-8124,-45,1,2412,False,False
1778936091.8093567,management,beacon,d8:d7:75:45:81:24,ff:ff:ff:ff:ff:ff,ff:ff:ff:ff:ff:ff,d8:d7:75:45:81:24,d8:d7:75:45:81:24,FunBox2-8124,-49,1,2412,False,False
1778936091.9137187,management,beacon,d8:d7:75:45:81:24,ff:ff:ff:ff:ff:ff,ff:ff:ff:ff:ff:ff,d8:d7:75:45:81:24,d8:d7:75:45:81:24,FunBox2-8124,-45,1,2412,False,False
1778936092.014118,management,beacon,d8:d7:75:45:81:24,ff:ff:ff:ff:ff:ff,ff:ff:ff:ff:ff:ff,d8:d7:75:45:81:24,d8:d7:75:45:81:24,FunBox2-8124,-45,1,2412,False,False
1778936092.1165245,management,beacon,d8:d7:75:45:81:24,ff:ff:ff:ff:ff:ff,ff:ff:ff:ff:ff:ff,d8:d7:75:45:81:24,d8:d7:75:45:81:24,FunBox2-8124,-48,1,2412,False,False
1778936092.2189062,management,beacon,d8:d7:75:45:81:24,ff:ff:ff:ff:ff:ff,ff:ff:ff:ff:ff:ff,d8:d7:75:45:81:24,d8:d7:75:45:81:24,FunBox2-8124,-45,1,2412,False,False
1778936092.321302,management,beacon,d8:d7:75:45:81:24,ff:ff:ff:ff:ff:ff,ff:ff:ff:ff:ff:ff,d8:d7:75:45:81:24,d8:d7:75:45:81:24,FunBox2-8124,-44,1,2412,False,False
1778936092.4237256,management,beacon,d8:d7:75:45:81:24,ff:ff:ff:ff:ff:ff,ff:ff:ff:ff:ff:ff,d8:d7:75:45:81:24,d8:d7:75:45:81:24,FunBox2-8124,-50,1,2412,False,False
1778936092.424925,data,null_data,50:02:91:e8:18:ec,d8:d7:75:45:81:24,d8:d7:75:45:81:24,50:02:91:e8:18:ec,d8:d7:75:45:81:24,,-82,1,2412,False,False
1778936092.424927,control,ack,,50:02:91:e8:18:ec,50:02:91:e8:18:ec,,,,-51,1,2412,False,False
1778936092.5261154,management,beacon,d8:d7:75:45:81:24,ff:ff:ff:ff:ff:ff,ff:ff:ff:ff:ff:ff,d8:d7:75:45:81:24,d8:d7:75:45:81:24,FunBox2-8124,-53,1,2412,False,False
1778936092.5857418,data,null_data,50:02:91:e8:18:ec,d8:d7:75:45:81:24,d8:d7:75:45:81:24,50:02:91:e8:18:ec,d8:d7:75:45:81:24,,-84,1,2412,False,False
1778936092.5859635,data,null_data,50:02:91:e8:18:ec,d8:d7:75:45:81:24,d8:d7:75:45:81:24,50:02:91:e8:18:ec,d8:d7:75:45:81:24,,-83,1,2412,False,True
1778936092.585965,control,ack,,50:02:91:e8:18:ec,50:02:91:e8:18:ec,,,,-47,1,2412,False,False
1778936092.6285791,management,beacon,d8:d7:75:45:81:24,ff:ff:ff:ff:ff:ff,ff:ff:ff:ff:ff:ff,d8:d7:75:45:81:24,d8:d7:75:45:81:24,FunBox2-8124,-46,1,2412,False,False
1778936092.7309473,management,beacon,d8:d7:75:45:81:24,ff:ff:ff:ff:ff:ff,ff:ff:ff:ff:ff:ff,d8:d7:75:45:81:24,d8:d7:75:45:81:24,FunBox2-8124,-49,1,2412,False,False
1778936092.8333702,management,beacon,d8:d7:75:45:81:24,ff:ff:ff:ff:ff:ff,ff:ff:ff:ff:ff:ff,d8:d7:75:45:81:24,d8:d7:75:45:81:24,FunBox2-8124,-47,1,2412,False,False
1778936092.8446362,control,cts,,ce:d0:54:70:b1:b3,ce:d0:54:70:b1:b3,,,,-85,1,2412,False,False
1778936092.9409676,management,beacon,d8:d7:75:45:81:24,ff:ff:ff:ff:ff:ff,ff:ff:ff:ff:ff:ff,d8:d7:75:45:81:24,d8:d7:75:45:81:24,FunBox2-8124,-47,1,2412,False,False
1778936093.038561,management,beacon,d8:d7:75:45:81:24,ff:ff:ff:ff:ff:ff,ff:ff:ff:ff:ff:ff,d8:d7:75:45:81:24,d8:d7:75:45:81:24,FunBox2-8124,-46,1,2412,False,False
1778936093.047271,control,rts,54:35:30:cf:ee:1e,d8:d7:75:45:81:24,d8:d7:75:45:81:24,54:35:30:cf:ee:1e,,,-55,1,2412,False,False
1778936093.0472753,control,cts,,54:35:30:cf:ee:1e,54:35:30:cf:ee:1e,,,,-49,1,2412,False,False
1778936093.047277,data,qos_data,54:35:30:cf:ee:1e,d8:d7:75:45:81:24,d8:d7:75:45:81:24,54:35:30:cf:ee:1e,01:00:5e:7f:ff:fa,,-56,1,2412,True,False
1778936093.047279,control,block_ack,d8:d7:75:45:81:24,54:35:30:cf:ee:1e,54:35:30:cf:ee:1e,d8:d7:75:45:81:24,,,-49,1,2412,False,False
1778936093.0772614,management,beacon,ac:84:c6:41:71:22,ff:ff:ff:ff:ff:ff,ff:ff:ff:ff:ff:ff,ac:84:c6:41:71:22,ac:84:c6:41:71:22,TP-LINK_7122,-85,1,2412,False,False
1778936093.1405406,management,beacon,d8:d7:75:45:81:24,ff:ff:ff:ff:ff:ff,ff:ff:ff:ff:ff:ff,d8:d7:75:45:81:24,d8:d7:75:45:81:24,FunBox2-8124,-46,1,2412,False,False
1778936093.1783009,management,beacon,ac:84:c6:41:71:22,ff:ff:ff:ff:ff:ff,ff:ff:ff:ff:ff:ff,ac:84:c6:41:71:22,ac:84:c6:41:71:22,TP-LINK_7122,-86,1,2412,False,False
1778936093.2211025,control,cts,,ce:d0:54:70:b1:b3,ce:d0:54:70:b1:b3,,,,-84,1,2412,False,False
1778936093.243506,management,beacon,d8:d7:75:45:81:24,ff:ff:ff:ff:ff:ff,ff:ff:ff:ff:ff:ff,d8:d7:75:45:81:24,d8:d7:75:45:81:24,FunBox2-8124,-42,1,2412,False,False
1778936093.3220215,control,cts,,ce:d0:54:70:b1:b3,ce:d0:54:70:b1:b3,,,,-85,1,2412,False,False
1778936093.345347,management,beacon,d8:d7:75:45:81:24,ff:ff:ff:ff:ff:ff,ff:ff:ff:ff:ff:ff,d8:d7:75:45:81:24,d8:d7:75:45:81:24,FunBox2-8124,-42,1,2412,False,False
1778936093.3464584,data,data,d8:d7:75:45:81:24,01:00:5e:7f:ff:fa,01:00:5e:7f:ff:fa,d8:d7:75:45:81:24,54:35:30:cf:ee:1e,,-43,1,2412,True,False
1778936093.3469877,control,ack,,d8:d7:75:45:81:24,d8:d7:75:45:81:24,,,,-83,1,2412,False,False
1778936093.3469903,data,null_data,50:02:91:e8:18:ec,d8:d7:75:45:81:24,d8:d7:75:45:81:24,50:02:91:e8:18:ec,d8:d7:75:45:81:24,,-81,1,2412,False,False
1778936093.3469915,control,ack,,50:02:91:e8:18:ec,50:02:91:e8:18:ec,,,,-44,1,2412,False,False
1778936093.3529687,control,cts,,ce:d0:54:70:b1:b3,ce:d0:54:70:b1:b3,,,,-87,1,2412,False,False
1778936093.3547065,control,cts,,ce:d0:54:70:b1:b3,ce:d0:54:70:b1:b3,,,,-89,1,2412,False,False
1778936093.3556876,control,cts,,ce:d0:54:70:b1:b3,ce:d0:54:70:b1:b3,,,,-88,1,2412,False,False
1778936093.3826132,management,beacon,ac:84:c6:41:71:22,ff:ff:ff:ff:ff:ff,ff:ff:ff:ff:ff:ff,ac:84:c6:41:71:22,ac:84:c6:41:71:22,TP-LINK_7122,-86,1,2412,False,False
1778936093.4477637,management,beacon,d8:d7:75:45:81:24,ff:ff:ff:ff:ff:ff,ff:ff:ff:ff:ff:ff,d8:d7:75:45:81:24,d8:d7:75:45:81:24,FunBox2-8124,-44,1,2412,False,False
1778936093.5077975,data,null_data,50:02:91:e8:18:ec,d8:d7:75:45:81:24,d8:d7:75:45:81:24,50:02:91:e8:18:ec,d8:d7:75:45:81:24,,-81,1,2412,False,False
1778936093.5080216,data,null_data,50:02:91:e8:18:ec,d8:d7:75:45:81:24,d8:d7:75:45:81:24,50:02:91:e8:18:ec,d8:d7:75:45:81:24,,-83,1,2412,False,True
1778936093.508024,control,ack,,50:02:91:e8:18:ec,50:02:91:e8:18:ec,,,,-43,1,2412,False,False
1778936093.55017,management,beacon,d8:d7:75:45:81:24,ff:ff:ff:ff:ff:ff,ff:ff:ff:ff:ff:ff,d8:d7:75:45:81:24,d8:d7:75:45:81:24,FunBox2-8124,-44,1,2412,False,False
1778936093.6525998,management,beacon,d8:d7:75:45:81:24,ff:ff:ff:ff:ff:ff,ff:ff:ff:ff:ff:ff,d8:d7:75:45:81:24,d8:d7:75:45:81:24,FunBox2-8124,-43,1,2412,False,False
1778936093.7549875,management,beacon,d8:d7:75:45:81:24,ff:ff:ff:ff:ff:ff,ff:ff:ff:ff:ff:ff,d8:d7:75:45:81:24,d8:d7:75:45:81:24,FunBox2-8124,-47,1,2412,False,False
1778936093.8574088,management,beacon,d8:d7:75:45:81:24,ff:ff:ff:ff:ff:ff,ff:ff:ff:ff:ff:ff,d8:d7:75:45:81:24,d8:d7:75:45:81:24,FunBox2-8124,-46,1,2412,False,False
1778936093.9597685,management,beacon,d8:d7:75:45:81:24,ff:ff:ff:ff:ff:ff,ff:ff:ff:ff:ff:ff,d8:d7:75:45:81:24,d8:d7:75:45:81:24,FunBox2-8124,-45,1,2412,False,False
1778936094.164617,management,beacon,d8:d7:75:45:81:24,ff:ff:ff:ff:ff:ff,ff:ff:ff:ff:ff:ff,d8:d7:75:45:81:24,d8:d7:75:45:81:24,FunBox2-8124,-45,1,2412,False,False
1778936094.2722185,management,beacon,d8:d7:75:45:81:24,ff:ff:ff:ff:ff:ff,ff:ff:ff:ff:ff:ff,d8:d7:75:45:81:24,d8:d7:75:45:81:24,FunBox2-8124,-46,1,2412,False,False
1778936094.3237567,control,cts,,ce:d0:54:70:b1:b3,ce:d0:54:70:b1:b3,,,,-88,1,2412,False,False
1778936094.3693957,management,beacon,d8:d7:75:45:81:24,ff:ff:ff:ff:ff:ff,ff:ff:ff:ff:ff:ff,d8:d7:75:45:81:24,d8:d7:75:45:81:24,FunBox2-8124,-47,1,2412,False,False
1778936094.471834,management,beacon,d8:d7:75:45:81:24,ff:ff:ff:ff:ff:ff,ff:ff:ff:ff:ff:ff,d8:d7:75:45:81:24,d8:d7:75:45:81:24,FunBox2-8124,-44,1,2412,False,False
1778936094.6765985,management,beacon,d8:d7:75:45:81:24,ff:ff:ff:ff:ff:ff,ff:ff:ff:ff:ff:ff,d8:d7:75:45:81:24,d8:d7:75:45:81:24,FunBox2-8124,-47,1,2412,False,False
1778936094.6950262,data,qos_null,aa:23:4f:4d:00:cf,74:ea:3a:a1:53:a6,74:ea:3a:a1:53:a6,aa:23:4f:4d:00:cf,74:ea:3a:a1:53:a6,,-90,1,2412,False,False
1778936094.7790418,management,beacon,d8:d7:75:45:81:24,ff:ff:ff:ff:ff:ff,ff:ff:ff:ff:ff:ff,d8:d7:75:45:81:24,d8:d7:75:45:81:24,FunBox2-8124,-51,1,2412,False,False
1778936094.9848497,management,beacon,d8:d7:75:45:81:24,ff:ff:ff:ff:ff:ff,ff:ff:ff:ff:ff:ff,d8:d7:75:45:81:24,d8:d7:75:45:81:24,FunBox2-8124,-50,1,2412,False,False
1778936095.0264158,control,cts,,ce:d0:54:70:b1:b3,ce:d0:54:70:b1:b3,,,,-88,1,2412,False,False
1778936095.188623,management,beacon,d8:d7:75:45:81:24,ff:ff:ff:ff:ff:ff,ff:ff:ff:ff:ff:ff,d8:d7:75:45:81:24,d8:d7:75:45:81:24,FunBox2-8124,-51,1,2412,False,False
1778936095.189823,data,null_data,50:02:91:e8:18:ec,d8:d7:75:45:81:24,d8:d7:75:45:81:24,50:02:91:e8:18:ec,d8:d7:75:45:81:24,,-85,1,2412,False,False
1778936095.1898258,control,ack,,50:02:91:e8:18:ec,50:02:91:e8:18:ec,,,,-55,1,2412,False,False
1778936095.2910657,management,beacon,d8:d7:75:45:81:24,ff:ff:ff:ff:ff:ff,ff:ff:ff:ff:ff:ff,d8:d7:75:45:81:24,d8:d7:75:45:81:24,FunBox2-8124,-48,1,2412,False,False
1778936095.3507023,control,ack,,50:02:91:e8:18:ec,50:02:91:e8:18:ec,,,,-48,1,2412,False,False
1778936095.4543166,control,cts,,ce:d0:54:70:b1:b3,ce:d0:54:70:b1:b3,,,,-86,1,2412,False,False
1778936095.4958375,management,beacon,d8:d7:75:45:81:24,ff:ff:ff:ff:ff:ff,ff:ff:ff:ff:ff:ff,d8:d7:75:45:81:24,d8:d7:75:45:81:24,FunBox2-8124,-48,1,2412,False,False
1778936095.51685,control,cts,,ce:d0:54:70:b1:b3,ce:d0:54:70:b1:b3,,,,-86,1,2412,False,False
1778936095.6929057,control,cts,,ce:d0:54:70:b1:b3,ce:d0:54:70:b1:b3,,,,-85,1,2412,False,False
1778936095.7006476,management,beacon,d8:d7:75:45:81:24,ff:ff:ff:ff:ff:ff,ff:ff:ff:ff:ff:ff,d8:d7:75:45:81:24,d8:d7:75:45:81:24,FunBox2-8124,-49,1,2412,False,False
1778936095.8030615,management,beacon,d8:d7:75:45:81:24,ff:ff:ff:ff:ff:ff,ff:ff:ff:ff:ff:ff,d8:d7:75:45:81:24,d8:d7:75:45:81:24,FunBox2-8124,-50,1,2412,False,False
1778936095.8983338,control,cts,,ce:d0:54:70:b1:b3,ce:d0:54:70:b1:b3,,,,-87,1,2412,False,False
1778936095.917718,control,cts,,ce:d0:54:70:b1:b3,ce:d0:54:70:b1:b3,,,,-86,1,2412,False,False
1778936096.0078871,management,beacon,d8:d7:75:45:81:24,ff:ff:ff:ff:ff:ff,ff:ff:ff:ff:ff:ff,d8:d7:75:45:81:24,d8:d7:75:45:81:24,FunBox2-8124,-47,1,2412,False,False
1778936096.2126472,management,beacon,d8:d7:75:45:81:24,ff:ff:ff:ff:ff:ff,ff:ff:ff:ff:ff:ff,d8:d7:75:45:81:24,d8:d7:75:45:81:24,FunBox2-8124,-50,1,2412,False,False
1778936096.3150778,management,beacon,d8:d7:75:45:81:24,ff:ff:ff:ff:ff:ff,ff:ff:ff:ff:ff:ff,d8:d7:75:45:81:24,d8:d7:75:45:81:24,FunBox2-8124,-54,1,2412,False,False
1778936096.519901,management,beacon,d8:d7:75:45:81:24,ff:ff:ff:ff:ff:ff,ff:ff:ff:ff:ff:ff,d8:d7:75:45:81:24,d8:d7:75:45:81:24,FunBox2-8124,-55,1,2412,False,False
1778936096.7246716,management,beacon,d8:d7:75:45:81:24,ff:ff:ff:ff:ff:ff,ff:ff:ff:ff:ff:ff,d8:d7:75:45:81:24,d8:d7:75:45:81:24,FunBox2-8124,-58,1,2412,False,False
1778936096.7258725,data,null_data,50:02:91:e8:18:ec,d8:d7:75:45:81:24,d8:d7:75:45:81:24,50:02:91:e8:18:ec,d8:d7:75:45:81:24,,-83,1,2412,False,False
1778936096.7258766,control,ack,,50:02:91:e8:18:ec,50:02:91:e8:18:ec,,,,-58,1,2412,False,False
1778936096.8270764,management,beacon,d8:d7:75:45:81:24,ff:ff:ff:ff:ff:ff,ff:ff:ff:ff:ff:ff,d8:d7:75:45:81:24,d8:d7:75:45:81:24,FunBox2-8124,-56,1,2412,False,False
1778936096.8870146,control,ack,,50:02:91:e8:18:ec,50:02:91:e8:18:ec,,,,-58,1,2412,False,False
1778936097.0319033,management,beacon,d8:d7:75:45:81:24,ff:ff:ff:ff:ff:ff,ff:ff:ff:ff:ff:ff,d8:d7:75:45:81:24,d8:d7:75:45:81:24,FunBox2-8124,-52,1,2412,False,False
1778936097.236714,management,beacon,d8:d7:75:45:81:24,ff:ff:ff:ff:ff:ff,ff:ff:ff:ff:ff:ff,d8:d7:75:45:81:24,d8:d7:75:45:81:24,FunBox2-8124,-53,1,2412,False,False
1778936097.3391209,management,beacon,d8:d7:75:45:81:24,ff:ff:ff:ff:ff:ff,ff:ff:ff:ff:ff:ff,d8:d7:75:45:81:24,d8:d7:75:45:81:24,FunBox2-8124,-52,1,2412,False,False
1778936097.5439372,management,beacon,d8:d7:75:45:81:24,ff:ff:ff:ff:ff:ff,ff:ff:ff:ff:ff:ff,d8:d7:75:45:81:24,d8:d7:75:45:81:24,FunBox2-8124,-57,1,2412,False,False
1778936097.7488933,management,beacon,d8:d7:75:45:81:24,ff:ff:ff:ff:ff:ff,ff:ff:ff:ff:ff:ff,d8:d7:75:45:81:24,d8:d7:75:45:81:24,FunBox2-8124,-48,1,2412,False,False
1778936097.861331,management,beacon,d8:d7:75:45:81:24,ff:ff:ff:ff:ff:ff,ff:ff:ff:ff:ff:ff,d8:d7:75:45:81:24,d8:d7:75:45:81:24,FunBox2-8124,-51,1,2412,False,False
1778936097.8679128,control,cts,,ce:d0:54:70:b1:b3,ce:d0:54:70:b1:b3,,,,-90,1,2412,False,False
1778936098.0559466,management,beacon,d8:d7:75:45:81:24,ff:ff:ff:ff:ff:ff,ff:ff:ff:ff:ff:ff,d8:d7:75:45:81:24,d8:d7:75:45:81:24,FunBox2-8124,-54,1,2412,False,False
1778936098.161338,management,beacon,d8:d7:75:45:81:24,ff:ff:ff:ff:ff:ff,ff:ff:ff:ff:ff:ff,d8:d7:75:45:81:24,d8:d7:75:45:81:24,FunBox2-8124,-51,1,2412,False,False
1778936098.2632935,management,beacon,d8:d7:75:45:81:24,ff:ff:ff:ff:ff:ff,ff:ff:ff:ff:ff:ff,d8:d7:75:45:81:24,d8:d7:75:45:81:24,FunBox2-8124,-54,1,2412,False,False
1778936098.2659264,data,null_data,50:02:91:e8:18:ec,d8:d7:75:45:81:24,d8:d7:75:45:81:24,50:02:91:e8:18:ec,d8:d7:75:45:81:24,,-87,1,2412,False,True
1778936098.2664587,data,null_data,50:02:91:e8:18:ec,d8:d7:75:45:81:24,d8:d7:75:45:81:24,50:02:91:e8:18:ec,d8:d7:75:45:81:24,,-84,1,2412,False,True
1778936098.2667778,control,ack,,50:02:91:e8:18:ec,50:02:91:e8:18:ec,,,,-53,1,2412,False,False
1778936098.3590133,control,cts,,ce:d0:54:70:b1:b3,ce:d0:54:70:b1:b3,,,,-88,1,2412,False,False
1778936098.363125,management,beacon,d8:d7:75:45:81:24,ff:ff:ff:ff:ff:ff,ff:ff:ff:ff:ff:ff,d8:d7:75:45:81:24,d8:d7:75:45:81:24,FunBox2-8124,-50,1,2412,False,False
1778936098.3638997,control,cts,,ce:d0:54:70:b1:b3,ce:d0:54:70:b1:b3,,,,-88,1,2412,False,False
1778936098.4279773,data,null_data,50:02:91:e8:18:ec,d8:d7:75:45:81:24,d8:d7:75:45:81:24,50:02:91:e8:18:ec,d8:d7:75:45:81:24,,-85,1,2412,False,True
1778936098.4286773,data,null_data,50:02:91:e8:18:ec,d8:d7:75:45:81:24,d8:d7:75:45:81:24,50:02:91:e8:18:ec,d8:d7:75:45:81:24,,-85,1,2412,False,True
1778936098.4292526,data,null_data,50:02:91:e8:18:ec,d8:d7:75:45:81:24,d8:d7:75:45:81:24,50:02:91:e8:18:ec,d8:d7:75:45:81:24,,-83,1,2412,False,True
1778936098.429792,data,null_data,50:02:91:e8:18:ec,d8:d7:75:45:81:24,d8:d7:75:45:81:24,50:02:91:e8:18:ec,d8:d7:75:45:81:24,,-86,1,2412,False,True
1778936098.43011,control,ack,,50:02:91:e8:18:ec,50:02:91:e8:18:ec,,,,-47,1,2412,False,False
1778936098.4683058,management,beacon,d8:d7:75:45:81:24,ff:ff:ff:ff:ff:ff,ff:ff:ff:ff:ff:ff,d8:d7:75:45:81:24,d8:d7:75:45:81:24,FunBox2-8124,-44,1,2412,False,False
1778936098.5679896,management,beacon,d8:d7:75:45:81:24,ff:ff:ff:ff:ff:ff,ff:ff:ff:ff:ff:ff,d8:d7:75:45:81:24,d8:d7:75:45:81:24,FunBox2-8124,-48,1,2412,False,False
1778936098.7727504,management,beacon,d8:d7:75:45:81:24,ff:ff:ff:ff:ff:ff,ff:ff:ff:ff:ff:ff,d8:d7:75:45:81:24,d8:d7:75:45:81:24,FunBox2-8124,-50,1,2412,False,False
1778936098.875193,management,beacon,d8:d7:75:45:81:24,ff:ff:ff:ff:ff:ff,ff:ff:ff:ff:ff:ff,d8:d7:75:45:81:24,d8:d7:75:45:81:24,FunBox2-8124,-49,1,2412,False,False
1778936098.899241,control,cts,,ce:d0:54:70:b1:b3,ce:d0:54:70:b1:b3,,,,-91,1,2412,False,False
1778936098.9775743,management,beacon,d8:d7:75:45:81:24,ff:ff:ff:ff:ff:ff,ff:ff:ff:ff:ff:ff,d8:d7:75:45:81:24,d8:d7:75:45:81:24,FunBox2-8124,-54,1,2412,False,False
1778936099.0799913,management,beacon,d8:d7:75:45:81:24,ff:ff:ff:ff:ff:ff,ff:ff:ff:ff:ff:ff,d8:d7:75:45:81:24,d8:d7:75:45:81:24,FunBox2-8124,-51,1,2412,False,False
1778936099.1163006,control,cts,,ce:d0:54:70:b1:b3,ce:d0:54:70:b1:b3,,,,-88,1,2412,False,False
1778936099.118123,control,cts,,ce:d0:54:70:b1:b3,ce:d0:54:70:b1:b3,,,,-89,1,2412,False,False
1778936099.222211,data,null_data,50:02:91:e8:18:ec,d8:d7:75:45:81:24,d8:d7:75:45:81:24,50:02:91:e8:18:ec,d8:d7:75:45:81:24,,-84,1,2412,False,True
1778936099.2225225,control,ack,,50:02:91:e8:18:ec,50:02:91:e8:18:ec,,,,-49,1,2412,False,False
1778936099.2847917,management,beacon,d8:d7:75:45:81:24,ff:ff:ff:ff:ff:ff,ff:ff:ff:ff:ff:ff,d8:d7:75:45:81:24,d8:d7:75:45:81:24,FunBox2-8124,-50,1,2412,False,False
1778936099.3833988,data,null_data,50:02:91:e8:18:ec,d8:d7:75:45:81:24,d8:d7:75:45:81:24,50:02:91:e8:18:ec,d8:d7:75:45:81:24,,-85,1,2412,False,False
1778936099.3834069,control,ack,,50:02:91:e8:18:ec,50:02:91:e8:18:ec,,,,-50,1,2412,False,False
1778936099.3871694,management,beacon,d8:d7:75:45:81:24,ff:ff:ff:ff:ff:ff,ff:ff:ff:ff:ff:ff,d8:d7:75:45:81:24,d8:d7:75:45:81:24,FunBox2-8124,-46,1,2412,False,False
1778936099.5588243,data,qos_null,aa:23:4f:4d:00:cf,74:ea:3a:a1:53:a6,74:ea:3a:a1:53:a6,aa:23:4f:4d:00:cf,74:ea:3a:a1:53:a6,,-86,1,2412,False,False
1778936099.5950649,management,beacon,d8:d7:75:45:81:24,ff:ff:ff:ff:ff:ff,ff:ff:ff:ff:ff:ff,d8:d7:75:45:81:24,d8:d7:75:45:81:24,FunBox2-8124,-50,1,2412,False,False
1778936099.6291337,management,beacon,ac:84:c6:41:71:22,ff:ff:ff:ff:ff:ff,ff:ff:ff:ff:ff:ff,ac:84:c6:41:71:22,ac:84:c6:41:71:22,TP-LINK_7122,-85,1,2412,False,False
1778936099.656485,data,null_data,50:02:91:e8:18:ec,d8:d7:75:45:81:24,d8:d7:75:45:81:24,50:02:91:e8:18:ec,d8:d7:75:45:81:24,,-83,1,2412,False,False
1778936099.656494,control,ack,,50:02:91:e8:18:ec,50:02:91:e8:18:ec,,,,-50,1,2412,False,False
1778936099.8489294,control,cts,,ce:d0:54:70:b1:b3,ce:d0:54:70:b1:b3,,,,-88,1,2412,False,False
1778936099.8992045,management,beacon,d8:d7:75:45:81:24,ff:ff:ff:ff:ff:ff,ff:ff:ff:ff:ff:ff,d8:d7:75:45:81:24,d8:d7:75:45:81:24,FunBox2-8124,-51,1,2412,False,False
1778936100.0016115,management,beacon,d8:d7:75:45:81:24,ff:ff:ff:ff:ff:ff,ff:ff:ff:ff:ff:ff,d8:d7:75:45:81:24,d8:d7:75:45:81:24,FunBox2-8124,-49,1,2412,False,False
1778936100.0041764,control,cts,,ce:d0:54:70:b1:b3,ce:d0:54:70:b1:b3,,,,-86,1,2412,False,False
1778936100.0130417,control,rts,d8:d7:75:45:81:24,54:35:30:cf:ee:1e,54:35:30:cf:ee:1e,d8:d7:75:45:81:24,,,-50,1,2412,False,False
1778936100.0130465,control,cts,,d8:d7:75:45:81:24,d8:d7:75:45:81:24,,,,-55,1,2412,False,False
1778936100.0130494,data,qos_data,d8:d7:75:45:81:24,54:35:30:cf:ee:1e,54:35:30:cf:ee:1e,d8:d7:75:45:81:24,d8:d7:75:45:81:24,,-47,1,2412,True,False
1778936100.0130525,control,block_ack,54:35:30:cf:ee:1e,d8:d7:75:45:81:24,d8:d7:75:45:81:24,54:35:30:cf:ee:1e,,,-55,1,2412,False,False
1778936100.0157452,control,cts,,ce:d0:54:70:b1:b3,ce:d0:54:70:b1:b3,,,,-85,1,2412,False,False
1778936100.0183616,control,rts,d8:d7:75:45:81:24,54:35:30:cf:ee:1e,54:35:30:cf:ee:1e,d8:d7:75:45:81:24,,,-49,1,2412,False,False
1778936100.0185697,control,block_ack,54:35:30:cf:ee:1e,d8:d7:75:45:81:24,d8:d7:75:45:81:24,54:35:30:cf:ee:1e,,,-55,1,2412,False,False
1778936100.0240304,control,rts,d8:d7:75:45:81:24,54:35:30:cf:ee:1e,54:35:30:cf:ee:1e,d8:d7:75:45:81:24,,,-50,1,2412,False,False
1778936100.0240364,control,cts,,d8:d7:75:45:81:24,d8:d7:75:45:81:24,,,,-55,1,2412,False,False
1778936100.0240395,data,qos_data,d8:d7:75:45:81:24,54:35:30:cf:ee:1e,54:35:30:cf:ee:1e,d8:d7:75:45:81:24,d8:d7:75:45:81:24,,-48,1,2412,True,False
1778936100.024042,control,block_ack,54:35:30:cf:ee:1e,d8:d7:75:45:81:24,d8:d7:75:45:81:24,54:35:30:cf:ee:1e,,,-55,1,2412,False,False
1778936100.02618,control,cts,,ce:d0:54:70:b1:b3,ce:d0:54:70:b1:b3,,,,-88,1,2412,False,False
1778936100.0282116,control,cts,,ce:d0:54:70:b1:b3,ce:d0:54:70:b1:b3,,,,-86,1,2412,False,False
1778936100.0292044,control,rts,d8:d7:75:45:81:24,54:35:30:cf:ee:1e,54:35:30:cf:ee:1e,d8:d7:75:45:81:24,,,-50,1,2412,False,False
1778936100.029207,control,cts,,d8:d7:75:45:81:24,d8:d7:75:45:81:24,,,,-55,1,2412,False,False
1778936100.0292096,data,qos_data,d8:d7:75:45:81:24,54:35:30:cf:ee:1e,54:35:30:cf:ee:1e,d8:d7:75:45:81:24,d8:d7:75:45:81:24,,-48,1,2412,True,False
1778936100.0292118,control,block_ack,54:35:30:cf:ee:1e,d8:d7:75:45:81:24,d8:d7:75:45:81:24,54:35:30:cf:ee:1e,,,-54,1,2412,False,False
1778936100.042813,control,rts,d8:d7:75:45:81:24,54:35:30:cf:ee:1e,54:35:30:cf:ee:1e,d8:d7:75:45:81:24,,,-53,1,2412,False,False
1778936100.042818,control,cts,,d8:d7:75:45:81:24,d8:d7:75:45:81:24,,,,-57,1,2412,False,False
1778936100.042819,control,block_ack,54:35:30:cf:ee:1e,d8:d7:75:45:81:24,d8:d7:75:45:81:24,54:35:30:cf:ee:1e,,,-55,1,2412,False,False
1778936100.0463533,control,rts,d8:d7:75:45:81:24,54:35:30:cf:ee:1e,54:35:30:cf:ee:1e,d8:d7:75:45:81:24,,,-50,1,2412,False,False
1778936100.0463567,control,cts,,d8:d7:75:45:81:24,d8:d7:75:45:81:24,,,,-55,1,2412,False,False
1778936100.046359,data,qos_data,d8:d7:75:45:81:24,54:35:30:cf:ee:1e,54:35:30:cf:ee:1e,d8:d7:75:45:81:24,d8:d7:75:45:81:24,,-48,1,2412,True,False
1778936100.0463612,control,block_ack,54:35:30:cf:ee:1e,d8:d7:75:45:81:24,d8:d7:75:45:81:24,54:35:30:cf:ee:1e,,,-55,1,2412,False,False
1778936100.0514677,control,rts,d8:d7:75:45:81:24,54:35:30:cf:ee:1e,54:35:30:cf:ee:1e,d8:d7:75:45:81:24,,,-49,1,2412,False,False
1778936100.0514727,control,cts,,d8:d7:75:45:81:24,d8:d7:75:45:81:24,,,,-54,1,2412,False,False
1778936100.0514746,data,qos_data,d8:d7:75:45:81:24,54:35:30:cf:ee:1e,54:35:30:cf:ee:1e,d8:d7:75:45:81:24,d8:d7:75:45:81:24,,-47,1,2412,True,False
1778936100.057429,control,rts,d8:d7:75:45:81:24,54:35:30:cf:ee:1e,54:35:30:cf:ee:1e,d8:d7:75:45:81:24,,,-47,1,2412,False,False
1778936100.0574327,control,cts,,d8:d7:75:45:81:24,d8:d7:75:45:81:24,,,,-50,1,2412,False,False
1778936100.0574343,data,qos_data,d8:d7:75:45:81:24,54:35:30:cf:ee:1e,54:35:30:cf:ee:1e,d8:d7:75:45:81:24,d8:d7:75:45:81:24,,-48,1,2412,True,False
1778936100.0574365,control,block_ack,54:35:30:cf:ee:1e,d8:d7:75:45:81:24,d8:d7:75:45:81:24,54:35:30:cf:ee:1e,,,-54,1,2412,False,False
1778936100.0634005,control,rts,d8:d7:75:45:81:24,54:35:30:cf:ee:1e,54:35:30:cf:ee:1e,d8:d7:75:45:81:24,,,-49,1,2412,False,False
1778936100.063405,control,cts,,d8:d7:75:45:81:24,d8:d7:75:45:81:24,,,,-55,1,2412,False,False
1778936100.063408,data,qos_data,d8:d7:75:45:81:24,54:35:30:cf:ee:1e,54:35:30:cf:ee:1e,d8:d7:75:45:81:24,d8:d7:75:45:81:24,,-48,1,2412,True,False
1778936100.06341,control,block_ack,54:35:30:cf:ee:1e,d8:d7:75:45:81:24,d8:d7:75:45:81:24,54:35:30:cf:ee:1e,,,-55,1,2412,False,False
1778936100.104006,management,beacon,d8:d7:75:45:81:24,ff:ff:ff:ff:ff:ff,ff:ff:ff:ff:ff:ff,d8:d7:75:45:81:24,d8:d7:75:45:81:24,FunBox2-8124,-48,1,2412,False,False
1778936100.1052132,data,null_data,50:02:91:e8:18:ec,d8:d7:75:45:81:24,d8:d7:75:45:81:24,50:02:91:e8:18:ec,d8:d7:75:45:81:24,,-82,1,2412,False,False
1778936100.1057627,data,null_data,50:02:91:e8:18:ec,d8:d7:75:45:81:24,d8:d7:75:45:81:24,50:02:91:e8:18:ec,d8:d7:75:45:81:24,,-83,1,2412,False,True
1778936100.1060777,data,null_data,50:02:91:e8:18:ec,d8:d7:75:45:81:24,d8:d7:75:45:81:24,50:02:91:e8:18:ec,d8:d7:75:45:81:24,,-84,1,2412,False,True
1778936100.1072042,data,null_data,50:02:91:e8:18:ec,d8:d7:75:45:81:24,d8:d7:75:45:81:24,50:02:91:e8:18:ec,d8:d7:75:45:81:24,,-84,1,2412,False,True
1778936100.1075108,control,ack,,50:02:91:e8:18:ec,50:02:91:e8:18:ec,,,,-51,1,2412,False,False
1778936100.111734,data,data,d8:d7:75:45:81:24,01:00:5e:7f:ff:fa,01:00:5e:7f:ff:fa,d8:d7:75:45:81:24,d8:d7:75:45:81:24,,-43,1,2412,True,False
1778936100.112032,control,ack,,d8:d7:75:45:81:24,d8:d7:75:45:81:24,,,,-83,1,2412,False,False
1778936100.1212325,data,data,d8:d7:75:45:81:24,01:00:5e:7f:ff:fa,01:00:5e:7f:ff:fa,d8:d7:75:45:81:24,d8:d7:75:45:81:24,,-45,1,2412,True,False
1778936100.1215372,control,ack,,d8:d7:75:45:81:24,d8:d7:75:45:81:24,,,,-83,1,2412,False,False
1778936100.1274295,data,data,d8:d7:75:45:81:24,01:00:5e:7f:ff:fa,01:00:5e:7f:ff:fa,d8:d7:75:45:81:24,d8:d7:75:45:81:24,,-43,1,2412,True,False
1778936100.127723,control,ack,,d8:d7:75:45:81:24,d8:d7:75:45:81:24,,,,-82,1,2412,False,False
1778936100.1324246,data,data,d8:d7:75:45:81:24,01:00:5e:7f:ff:fa,01:00:5e:7f:ff:fa,d8:d7:75:45:81:24,d8:d7:75:45:81:24,,-44,1,2412,True,False
1778936100.1327152,control,ack,,d8:d7:75:45:81:24,d8:d7:75:45:81:24,,,,-82,1,2412,False,False
1778936100.137784,data,data,d8:d7:75:45:81:24,01:00:5e:7f:ff:fa,01:00:5e:7f:ff:fa,d8:d7:75:45:81:24,d8:d7:75:45:81:24,,-44,1,2412,True,False
1778936100.142148,data,data,d8:d7:75:45:81:24,01:00:5e:7f:ff:fa,01:00:5e:7f:ff:fa,d8:d7:75:45:81:24,d8:d7:75:45:81:24,,-44,1,2412,True,False
1778936100.147589,control,ack,,d8:d7:75:45:81:24,d8:d7:75:45:81:24,,,,-81,1,2412,False,False
1778936100.152335,data,data,d8:d7:75:45:81:24,01:00:5e:7f:ff:fa,01:00:5e:7f:ff:fa,d8:d7:75:45:81:24,d8:d7:75:45:81:24,,-44,1,2412,True,False
1778936100.1526217,control,ack,,d8:d7:75:45:81:24,d8:d7:75:45:81:24,,,,-83,1,2412,False,False
1778936100.1575797,data,data,d8:d7:75:45:81:24,01:00:5e:7f:ff:fa,01:00:5e:7f:ff:fa,d8:d7:75:45:81:24,d8:d7:75:45:81:24,,-44,1,2412,True,False
1778936100.1619406,data,data,d8:d7:75:45:81:24,01:00:5e:7f:ff:fa,01:00:5e:7f:ff:fa,d8:d7:75:45:81:24,d8:d7:75:45:81:24,,-44,1,2412,True,False
1778936100.1622415,control,ack,,d8:d7:75:45:81:24,d8:d7:75:45:81:24,,,,-82,1,2412,False,False
1778936100.1795607,control,ack,,d8:d7:75:45:81:24,d8:d7:75:45:81:24,,,,-82,1,2412,False,False
1778936100.1843147,data,data,d8:d7:75:45:81:24,01:00:5e:7f:ff:fa,01:00:5e:7f:ff:fa,d8:d7:75:45:81:24,d8:d7:75:45:81:24,,-45,1,2412,True,False
1778936100.184616,control,ack,,d8:d7:75:45:81:24,d8:d7:75:45:81:24,,,,-82,1,2412,False,False
1778936100.1891506,data,data,d8:d7:75:45:81:24,01:00:5e:7f:ff:fa,01:00:5e:7f:ff:fa,d8:d7:75:45:81:24,d8:d7:75:45:81:24,,-45,1,2412,True,False
1778936100.1894622,control,ack,,d8:d7:75:45:81:24,d8:d7:75:45:81:24,,,,-85,1,2412,False,False
1778936100.1940932,data,data,d8:d7:75:45:81:24,01:00:5e:7f:ff:fa,01:00:5e:7f:ff:fa,d8:d7:75:45:81:24,d8:d7:75:45:81:24,,-46,1,2412,True,False
1778936100.1943848,control,ack,,d8:d7:75:45:81:24,d8:d7:75:45:81:24,,,,-84,1,2412,False,False
1778936100.1994019,data,data,d8:d7:75:45:81:24,01:00:5e:7f:ff:fa,01:00:5e:7f:ff:fa,d8:d7:75:45:81:24,d8:d7:75:45:81:24,,-45,1,2412,True,False
1778936100.1996946,control,ack,,d8:d7:75:45:81:24,d8:d7:75:45:81:24,,,,-85,1,2412,False,False
1778936100.2040455,data,data,d8:d7:75:45:81:24,01:00:5e:7f:ff:fa,01:00:5e:7f:ff:fa,d8:d7:75:45:81:24,d8:d7:75:45:81:24,,-45,1,2412,True,False
1778936100.2043326,control,ack,,d8:d7:75:45:81:24,d8:d7:75:45:81:24,,,,-82,1,2412,False,False
1778936100.2122974,control,ack,,d8:d7:75:45:81:24,d8:d7:75:45:81:24,,,,-83,1,2412,False,False
1778936100.2170975,data,data,d8:d7:75:45:81:24,01:00:5e:7f:ff:fa,01:00:5e:7f:ff:fa,d8:d7:75:45:81:24,d8:d7:75:45:81:24,,-46,1,2412,True,False
1778936100.2220695,data,data,d8:d7:75:45:81:24,01:00:5e:7f:ff:fa,01:00:5e:7f:ff:fa,d8:d7:75:45:81:24,d8:d7:75:45:81:24,,-44,1,2412,True,False
1778936100.2223423,control,ack,,d8:d7:75:45:81:24,d8:d7:75:45:81:24,,,,-85,1,2412,False,False
1778936100.2227767,data,qos_data,d8:d7:75:45:81:24,50:02:91:e8:18:ec,50:02:91:e8:18:ec,d8:d7:75:45:81:24,d8:d7:75:45:81:24,,-48,1,2412,True,False
1778936100.2236543,data,qos_data,d8:d7:75:45:81:24,50:02:91:e8:18:ec,50:02:91:e8:18:ec,d8:d7:75:45:81:24,d8:d7:75:45:81:24,,-49,1,2412,True,True
1778936100.2236586,control,ack,,d8:d7:75:45:81:24,d8:d7:75:45:81:24,,,,-83,1,2412,False,False
1778936100.2241223,data,qos_data,d8:d7:75:45:81:24,50:02:91:e8:18:ec,50:02:91:e8:18:ec,d8:d7:75:45:81:24,d8:d7:75:45:81:24,,-48,1,2412,True,False
1778936100.22797,data,qos_data,d8:d7:75:45:81:24,50:02:91:e8:18:ec,50:02:91:e8:18:ec,d8:d7:75:45:81:24,d8:d7:75:45:81:24,,-46,1,2412,True,True
1778936100.2279782,control,ack,,d8:d7:75:45:81:24,d8:d7:75:45:81:24,,,,-83,1,2412,False,False
1778936100.2285028,data,qos_data,d8:d7:75:45:81:24,50:02:91:e8:18:ec,50:02:91:e8:18:ec,d8:d7:75:45:81:24,d8:d7:75:45:81:24,,-48,1,2412,True,False
1778936100.2352622,control,ack,,d8:d7:75:45:81:24,d8:d7:75:45:81:24,,,,-83,1,2412,False,False
1778936100.2357004,data,qos_data,d8:d7:75:45:81:24,50:02:91:e8:18:ec,50:02:91:e8:18:ec,d8:d7:75:45:81:24,d8:d7:75:45:81:24,,-48,1,2412,True,True
1778936100.241398,data,qos_data,d8:d7:75:45:81:24,50:02:91:e8:18:ec,50:02:91:e8:18:ec,d8:d7:75:45:81:24,d8:d7:75:45:81:24,,-47,1,2412,True,True
1778936100.243447,data,qos_data,d8:d7:75:45:81:24,50:02:91:e8:18:ec,50:02:91:e8:18:ec,d8:d7:75:45:81:24,d8:d7:75:45:81:24,,-48,1,2412,True,False
1778936100.2434528,control,ack,,d8:d7:75:45:81:24,d8:d7:75:45:81:24,,,,-85,1,2412,False,False
1778936100.2439477,data,qos_data,d8:d7:75:45:81:24,50:02:91:e8:18:ec,50:02:91:e8:18:ec,d8:d7:75:45:81:24,d8:d7:75:45:81:24,,-48,1,2412,True,True
1778936100.24527,data,qos_data,d8:d7:75:45:81:24,50:02:91:e8:18:ec,50:02:91:e8:18:ec,d8:d7:75:45:81:24,d8:d7:75:45:81:24,,-47,1,2412,True,True
1778936100.245272,control,ack,,d8:d7:75:45:81:24,d8:d7:75:45:81:24,,,,-85,1,2412,False,False
1778936100.250242,data,qos_data,d8:d7:75:45:81:24,50:02:91:e8:18:ec,50:02:91:e8:18:ec,d8:d7:75:45:81:24,d8:d7:75:45:81:24,,-45,1,2412,True,False
1778936100.2502503,control,ack,,d8:d7:75:45:81:24,d8:d7:75:45:81:24,,,,-83,1,2412,False,False
1778936100.2526355,data,qos_data,d8:d7:75:45:81:24,50:02:91:e8:18:ec,50:02:91:e8:18:ec,d8:d7:75:45:81:24,d8:d7:75:45:81:24,,-46,1,2412,True,True
1778936100.2542586,data,qos_data,d8:d7:75:45:81:24,50:02:91:e8:18:ec,50:02:91:e8:18:ec,d8:d7:75:45:81:24,d8:d7:75:45:81:24,,-48,1,2412,True,True
1778936100.2542617,control,ack,,d8:d7:75:45:81:24,d8:d7:75:45:81:24,,,,-83,1,2412,False,False
1778936100.256066,data,qos_data,d8:d7:75:45:81:24,50:02:91:e8:18:ec,50:02:91:e8:18:ec,d8:d7:75:45:81:24,d8:d7:75:45:81:24,,-47,1,2412,True,False
1778936100.2560723,control,ack,,d8:d7:75:45:81:24,d8:d7:75:45:81:24,,,,-83,1,2412,False,False
1778936100.2568045,data,qos_data,d8:d7:75:45:81:24,50:02:91:e8:18:ec,50:02:91:e8:18:ec,d8:d7:75:45:81:24,d8:d7:75:45:81:24,,-47,1,2412,True,True
1778936100.2568061,control,ack,,d8:d7:75:45:81:24,d8:d7:75:45:81:24,,,,-83,1,2412,False,False
1778936100.2572293,data,qos_data,d8:d7:75:45:81:24,50:02:91:e8:18:ec,50:02:91:e8:18:ec,d8:d7:75:45:81:24,d8:d7:75:45:81:24,,-46,1,2412,True,False
1778936100.2572308,control,ack,,d8:d7:75:45:81:24,d8:d7:75:45:81:24,,,,-83,1,2412,False,False
1778936100.257689,data,qos_data,d8:d7:75:45:81:24,50:02:91:e8:18:ec,50:02:91:e8:18:ec,d8:d7:75:45:81:24,d8:d7:75:45:81:24,,-47,1,2412,True,False
1778936100.258314,data,qos_data,d8:d7:75:45:81:24,50:02:91:e8:18:ec,50:02:91:e8:18:ec,d8:d7:75:45:81:24,d8:d7:75:45:81:24,,-47,1,2412,True,True
1778936100.258316,control,ack,,d8:d7:75:45:81:24,d8:d7:75:45:81:24,,,,-84,1,2412,False,False
1778936100.259588,data,qos_data,d8:d7:75:45:81:24,50:02:91:e8:18:ec,50:02:91:e8:18:ec,d8:d7:75:45:81:24,d8:d7:75:45:81:24,,-46,1,2412,True,True
1778936100.25959,control,ack,,d8:d7:75:45:81:24,d8:d7:75:45:81:24,,,,-84,1,2412,False,False
1778936100.2607024,data,qos_data,d8:d7:75:45:81:24,50:02:91:e8:18:ec,50:02:91:e8:18:ec,d8:d7:75:45:81:24,d8:d7:75:45:81:24,,-47,1,2412,True,False
1778936100.2607043,control,ack,,d8:d7:75:45:81:24,d8:d7:75:45:81:24,,,,-84,1,2412,False,False
1778936100.260705,control,rts,d8:d7:75:45:81:24,54:35:30:cf:ee:1e,54:35:30:cf:ee:1e,d8:d7:75:45:81:24,,,-47,1,2412,False,False
1778936100.2607055,control,cts,,d8:d7:75:45:81:24,d8:d7:75:45:81:24,,,,-55,1,2412,False,False
1778936100.2607064,data,qos_data,d8:d7:75:45:81:24,54:35:30:cf:ee:1e,54:35:30:cf:ee:1e,d8:d7:75:45:81:24,d8:d7:75:45:81:24,,-47,1,2412,True,False
1778936100.2607071,control,block_ack,54:35:30:cf:ee:1e,d8:d7:75:45:81:24,d8:d7:75:45:81:24,54:35:30:cf:ee:1e,,,-55,1,2412,False,False
1778936100.2613833,data,qos_data,d8:d7:75:45:81:24,50:02:91:e8:18:ec,50:02:91:e8:18:ec,d8:d7:75:45:81:24,d8:d7:75:45:81:24,,-47,1,2412,True,False
1778936100.2613854,control,ack,,d8:d7:75:45:81:24,d8:d7:75:45:81:24,,,,-83,1,2412,False,False
1778936100.261989,control,ack,,d8:d7:75:45:81:24,d8:d7:75:45:81:24,,,,-82,1,2412,False,False
1778936100.262812,data,qos_data,d8:d7:75:45:81:24,50:02:91:e8:18:ec,50:02:91:e8:18:ec,d8:d7:75:45:81:24,d8:d7:75:45:81:24,,-48,1,2412,True,True
1778936100.2628143,control,ack,,d8:d7:75:45:81:24,d8:d7:75:45:81:24,,,,-82,1,2412,False,False
1778936100.2637777,data,qos_data,d8:d7:75:45:81:24,50:02:91:e8:18:ec,50:02:91:e8:18:ec,d8:d7:75:45:81:24,d8:d7:75:45:81:24,,-48,1,2412,True,True
1778936100.265454,data,qos_data,d8:d7:75:45:81:24,50:02:91:e8:18:ec,50:02:91:e8:18:ec,d8:d7:75:45:81:24,d8:d7:75:45:81:24,,-46,1,2412,True,True
1778936100.265459,control,ack,,d8:d7:75:45:81:24,d8:d7:75:45:81:24,,,,-82,1,2412,False,False
1778936100.266136,data,qos_data,d8:d7:75:45:81:24,50:02:91:e8:18:ec,50:02:91:e8:18:ec,d8:d7:75:45:81:24,d8:d7:75:45:81:24,,-47,1,2412,True,False
1778936100.266993,data,qos_data,d8:d7:75:45:81:24,50:02:91:e8:18:ec,50:02:91:e8:18:ec,d8:d7:75:45:81:24,d8:d7:75:45:81:24,,-45,1,2412,True,True
1778936100.2680466,data,qos_data,d8:d7:75:45:81:24,50:02:91:e8:18:ec,50:02:91:e8:18:ec,d8:d7:75:45:81:24,d8:d7:75:45:81:24,,-47,1,2412,True,True
1778936100.2680478,control,ack,,d8:d7:75:45:81:24,d8:d7:75:45:81:24,,,,-83,1,2412,False,False
1778936100.269879,data,qos_data,d8:d7:75:45:81:24,50:02:91:e8:18:ec,50:02:91:e8:18:ec,d8:d7:75:45:81:24,d8:d7:75:45:81:24,,-47,1,2412,True,True
1778936100.2698805,control,ack,,d8:d7:75:45:81:24,d8:d7:75:45:81:24,,,,-83,1,2412,False,False
1778936100.2717047,data,qos_data,d8:d7:75:45:81:24,50:02:91:e8:18:ec,50:02:91:e8:18:ec,d8:d7:75:45:81:24,d8:d7:75:45:81:24,,-47,1,2412,True,True
1778936100.2717128,control,ack,,d8:d7:75:45:81:24,d8:d7:75:45:81:24,,,,-82,1,2412,False,False
1778936100.2738328,data,qos_data,d8:d7:75:45:81:24,50:02:91:e8:18:ec,50:02:91:e8:18:ec,d8:d7:75:45:81:24,d8:d7:75:45:81:24,,-47,1,2412,True,True
1778936100.2738385,control,ack,,d8:d7:75:45:81:24,d8:d7:75:45:81:24,,,,-81,1,2412,False,False
1778936100.2744553,data,qos_data,d8:d7:75:45:81:24,50:02:91:e8:18:ec,50:02:91:e8:18:ec,d8:d7:75:45:81:24,d8:d7:75:45:81:24,,-45,1,2412,True,False
1778936100.2744586,control,ack,,d8:d7:75:45:81:24,d8:d7:75:45:81:24,,,,-82,1,2412,False,False
1778936100.274939,data,qos_data,d8:d7:75:45:81:24,50:02:91:e8:18:ec,50:02:91:e8:18:ec,d8:d7:75:45:81:24,d8:d7:75:45:81:24,,-46,1,2412,True,False
1778936100.2760031,data,qos_data,d8:d7:75:45:81:24,50:02:91:e8:18:ec,50:02:91:e8:18:ec,d8:d7:75:45:81:24,d8:d7:75:45:81:24,,-47,1,2412,True,True
1778936100.2760086,control,ack,,d8:d7:75:45:81:24,d8:d7:75:45:81:24,,,,-83,1,2412,False,False
1778936100.2764323,data,qos_data,d8:d7:75:45:81:24,50:02:91:e8:18:ec,50:02:91:e8:18:ec,d8:d7:75:45:81:24,d8:d7:75:45:81:24,,-47,1,2412,True,False
1778936100.2773225,data,qos_data,d8:d7:75:45:81:24,50:02:91:e8:18:ec,50:02:91:e8:18:ec,d8:d7:75:45:81:24,d8:d7:75:45:81:24,,-47,1,2412,True,True
1778936100.2773259,control,ack,,d8:d7:75:45:81:24,d8:d7:75:45:81:24,,,,-84,1,2412,False,False
1778936100.2779884,data,qos_data,d8:d7:75:45:81:24,50:02:91:e8:18:ec,50:02:91:e8:18:ec,d8:d7:75:45:81:24,d8:d7:75:45:81:24,,-46,1,2412,True,False
1778936100.2779906,control,ack,,d8:d7:75:45:81:24,d8:d7:75:45:81:24,,,,-84,1,2412,False,False
1778936100.2786763,data,qos_data,d8:d7:75:45:81:24,50:02:91:e8:18:ec,50:02:91:e8:18:ec,d8:d7:75:45:81:24,d8:d7:75:45:81:24,,-46,1,2412,True,False
1778936100.2786787,control,ack,,d8:d7:75:45:81:24,d8:d7:75:45:81:24,,,,-84,1,2412,False,False
1778936100.2793767,data,qos_data,d8:d7:75:45:81:24,50:02:91:e8:18:ec,50:02:91:e8:18:ec,d8:d7:75:45:81:24,d8:d7:75:45:81:24,,-47,1,2412,True,False
1778936100.2793798,control,ack,,d8:d7:75:45:81:24,d8:d7:75:45:81:24,,,,-82,1,2412,False,False
1778936100.280396,data,qos_data,d8:d7:75:45:81:24,50:02:91:e8:18:ec,50:02:91:e8:18:ec,d8:d7:75:45:81:24,d8:d7:75:45:81:24,,-47,1,2412,True,False
1778936100.2803981,control,ack,,d8:d7:75:45:81:24,d8:d7:75:45:81:24,,,,-85,1,2412,False,False
1778936100.280923,data,qos_data,d8:d7:75:45:81:24,50:02:91:e8:18:ec,50:02:91:e8:18:ec,d8:d7:75:45:81:24,d8:d7:75:45:81:24,,-47,1,2412,True,True
1778936100.2818015,data,qos_data,d8:d7:75:45:81:24,50:02:91:e8:18:ec,50:02:91:e8:18:ec,d8:d7:75:45:81:24,d8:d7:75:45:81:24,,-45,1,2412,True,True
1778936100.2845287,data,qos_data,d8:d7:75:45:81:24,50:02:91:e8:18:ec,50:02:91:e8:18:ec,d8:d7:75:45:81:24,d8:d7:75:45:81:24,,-47,1,2412,True,True
1778936100.284536,control,ack,,d8:d7:75:45:81:24,d8:d7:75:45:81:24,,,,-82,1,2412,False,False
1778936100.2852263,control,rts,d8:d7:75:45:81:24,54:35:30:cf:ee:1e,54:35:30:cf:ee:1e,d8:d7:75:45:81:24,,,-44,1,2412,False,False
1778936100.285229,control,cts,,d8:d7:75:45:81:24,d8:d7:75:45:81:24,,,,-54,1,2412,False,False
1778936100.2852309,data,qos_data,d8:d7:75:45:81:24,54:35:30:cf:ee:1e,54:35:30:cf:ee:1e,d8:d7:75:45:81:24,d8:d7:75:45:81:24,,,1,2412,True,False
1778936100.2852325,data,qos_data,d8:d7:75:45:81:24,54:35:30:cf:ee:1e,54:35:30:cf:ee:1e,d8:d7:75:45:81:24,d8:d7:75:45:81:24,,,1,2412,True,False
1778936100.285234,data,qos_data,d8:d7:75:45:81:24,54:35:30:cf:ee:1e,54:35:30:cf:ee:1e,d8:d7:75:45:81:24,d8:d7:75:45:81:24,,,1,2412,True,False
1778936100.2852352,data,qos_data,d8:d7:75:45:81:24,54:35:30:cf:ee:1e,54:35:30:cf:ee:1e,d8:d7:75:45:81:24,d8:d7:75:45:81:24,,,1,2412,True,False
1778936100.2852364,data,qos_data,d8:d7:75:45:81:24,54:35:30:cf:ee:1e,54:35:30:cf:ee:1e,d8:d7:75:45:81:24,d8:d7:75:45:81:24,,,1,2412,True,False
1778936100.2852376,data,qos_data,d8:d7:75:45:81:24,54:35:30:cf:ee:1e,54:35:30:cf:ee:1e,d8:d7:75:45:81:24,d8:d7:75:45:81:24,,,1,2412,True,False
1778936100.2852387,data,qos_data,d8:d7:75:45:81:24,54:35:30:cf:ee:1e,54:35:30:cf:ee:1e,d8:d7:75:45:81:24,d8:d7:75:45:81:24,,,1,2412,True,False
1778936100.2852395,data,qos_data,d8:d7:75:45:81:24,54:35:30:cf:ee:1e,54:35:30:cf:ee:1e,d8:d7:75:45:81:24,d8:d7:75:45:81:24,,-47,1,2412,True,False
1778936100.2854214,control,block_ack,54:35:30:cf:ee:1e,d8:d7:75:45:81:24,d8:d7:75:45:81:24,54:35:30:cf:ee:1e,,,-55,1,2412,False,False
1778936100.286055,control,rts,d8:d7:75:45:81:24,54:35:30:cf:ee:1e,54:35:30:cf:ee:1e,d8:d7:75:45:81:24,,,-47,1,2412,False,False
1778936100.2860568,control,cts,,d8:d7:75:45:81:24,d8:d7:75:45:81:24,,,,-50,1,2412,False,False
1778936100.2860587,data,qos_data,d8:d7:75:45:81:24,54:35:30:cf:ee:1e,54:35:30:cf:ee:1e,d8:d7:75:45:81:24,d8:d7:75:45:81:24,,-46,1,2412,True,False
1778936100.28606,control,block_ack,54:35:30:cf:ee:1e,d8:d7:75:45:81:24,d8:d7:75:45:81:24,54:35:30:cf:ee:1e,,,-54,1,2412,False,False
1778936100.4112267,management,beacon,d8:d7:75:45:81:24,ff:ff:ff:ff:ff:ff,ff:ff:ff:ff:ff:ff,d8:d7:75:45:81:24,d8:d7:75:45:81:24,FunBox2-8124,-52,1,2412,False,False
1778936100.4452531,data,null_data,50:02:91:e8:18:ec,d8:d7:75:45:81:24,d8:d7:75:45:81:24,50:02:91:e8:18:ec,d8:d7:75:45:81:24,,-84,1,2412,False,False
1778936100.4452581,control,ack,,50:02:91:e8:18:ec,50:02:91:e8:18:ec,,,,-49,1,2412,False,False
1778936100.5136352,management,beacon,d8:d7:75:45:81:24,ff:ff:ff:ff:ff:ff,ff:ff:ff:ff:ff:ff,d8:d7:75:45:81:24,d8:d7:75:45:81:24,FunBox2-8124,-43,1,2412,False,False
1778936100.5934556,control,cts,,ce:d0:54:70:b1:b3,ce:d0:54:70:b1:b3,,,,-91,1,2412,False,False
1778936100.6160333,management,beacon,d8:d7:75:45:81:24,ff:ff:ff:ff:ff:ff,ff:ff:ff:ff:ff:ff,d8:d7:75:45:81:24,d8:d7:75:45:81:24,FunBox2-8124,-48,1,2412,False,False
1778936100.718477,management,beacon,d8:d7:75:45:81:24,ff:ff:ff:ff:ff:ff,ff:ff:ff:ff:ff:ff,d8:d7:75:45:81:24,d8:d7:75:45:81:24,FunBox2-8124,-49,1,2412,False,False
1778936100.8127928,control,cts,,54:35:30:cf:ee:1e,54:35:30:cf:ee:1e,,,,-54,1,2412,False,False
1778936100.825482,management,beacon,d8:d7:75:45:81:24,ff:ff:ff:ff:ff:ff,ff:ff:ff:ff:ff:ff,d8:d7:75:45:81:24,d8:d7:75:45:81:24,FunBox2-8124,-44,1,2412,False,False
1778936100.923235,management,beacon,d8:d7:75:45:81:24,ff:ff:ff:ff:ff:ff,ff:ff:ff:ff:ff:ff,d8:d7:75:45:81:24,d8:d7:75:45:81:24,FunBox2-8124,-48,1,2412,False,False
1778936101.0256665,management,beacon,d8:d7:75:45:81:24,ff:ff:ff:ff:ff:ff,ff:ff:ff:ff:ff:ff,d8:d7:75:45:81:24,d8:d7:75:45:81:24,FunBox2-8124,-48,1,2412,False,False
1778936101.1280932,management,beacon,d8:d7:75:45:81:24,ff:ff:ff:ff:ff:ff,ff:ff:ff:ff:ff:ff,d8:d7:75:45:81:24,d8:d7:75:45:81:24,FunBox2-8124,-48,1,2412,False,False
1778936101.23046,management,beacon,d8:d7:75:45:81:24,ff:ff:ff:ff:ff:ff,ff:ff:ff:ff:ff:ff,d8:d7:75:45:81:24,d8:d7:75:45:81:24,FunBox2-8124,-47,1,2412,False,False
1778936101.435295,management,beacon,d8:d7:75:45:81:24,ff:ff:ff:ff:ff:ff,ff:ff:ff:ff:ff:ff,d8:d7:75:45:81:24,d8:d7:75:45:81:24,FunBox2-8124,-48,1,2412,False,False
1778936101.6400514,management,beacon,d8:d7:75:45:81:24,ff:ff:ff:ff:ff:ff,ff:ff:ff:ff:ff:ff,d8:d7:75:45:81:24,d8:d7:75:45:81:24,FunBox2-8124,-51,1,2412,False,False
1778936101.6411984,data,null_data,50:02:91:e8:18:ec,d8:d7:75:45:81:24,d8:d7:75:45:81:24,50:02:91:e8:18:ec,d8:d7:75:45:81:24,,-82,1,2412,False,False
1778936101.6413972,data,null_data,50:02:91:e8:18:ec,d8:d7:75:45:81:24,d8:d7:75:45:81:24,50:02:91:e8:18:ec,d8:d7:75:45:81:24,,-81,1,2412,False,True
1778936101.641892,data,null_data,50:02:91:e8:18:ec,d8:d7:75:45:81:24,d8:d7:75:45:81:24,50:02:91:e8:18:ec,d8:d7:75:45:81:24,,-84,1,2412,False,True
1778936101.6418936,control,ack,,50:02:91:e8:18:ec,50:02:91:e8:18:ec,,,,-49,1,2412,False,False
1778936101.7424858,management,beacon,d8:d7:75:45:81:24,ff:ff:ff:ff:ff:ff,ff:ff:ff:ff:ff:ff,d8:d7:75:45:81:24,d8:d7:75:45:81:24,FunBox2-8124,-45,1,2412,False,False
1778936101.8029404,control,ack,,50:02:91:e8:18:ec,50:02:91:e8:18:ec,,,,-48,1,2412,False,False
1778936101.9472578,management,beacon,d8:d7:75:45:81:24,ff:ff:ff:ff:ff:ff,ff:ff:ff:ff:ff:ff,d8:d7:75:45:81:24,d8:d7:75:45:81:24,FunBox2-8124,-48,1,2412,False,False
1778936102.0497332,management,beacon,d8:d7:75:45:81:24,ff:ff:ff:ff:ff:ff,ff:ff:ff:ff:ff:ff,d8:d7:75:45:81:24,d8:d7:75:45:81:24,FunBox2-8124,-48,1,2412,False,False
1778936102.1521182,management,beacon,d8:d7:75:45:81:24,ff:ff:ff:ff:ff:ff,ff:ff:ff:ff:ff:ff,d8:d7:75:45:81:24,d8:d7:75:45:81:24,FunBox2-8124,-47,1,2412,False,False
1778936102.25451,management,beacon,d8:d7:75:45:81:24,ff:ff:ff:ff:ff:ff,ff:ff:ff:ff:ff:ff,d8:d7:75:45:81:24,d8:d7:75:45:81:24,FunBox2-8124,-48,1,2412,False,False
1778936102.4593048,management,beacon,d8:d7:75:45:81:24,ff:ff:ff:ff:ff:ff,ff:ff:ff:ff:ff:ff,d8:d7:75:45:81:24,d8:d7:75:45:81:24,FunBox2-8124,-48,1,2412,False,False
1778936102.5616918,management,beacon,d8:d7:75:45:81:24,ff:ff:ff:ff:ff:ff,ff:ff:ff:ff:ff:ff,d8:d7:75:45:81:24,d8:d7:75:45:81:24,FunBox2-8124,-47,1,2412,False,False
1778936102.6641424,management,beacon,d8:d7:75:45:81:24,ff:ff:ff:ff:ff:ff,ff:ff:ff:ff:ff:ff,d8:d7:75:45:81:24,d8:d7:75:45:81:24,FunBox2-8124,-48,1,2412,False,False
1778936102.9713411,management,beacon,d8:d7:75:45:81:24,ff:ff:ff:ff:ff:ff,ff:ff:ff:ff:ff:ff,d8:d7:75:45:81:24,d8:d7:75:45:81:24,FunBox2-8124,-43,1,2412,False,False
1778936103.0737174,management,beacon,d8:d7:75:45:81:24,ff:ff:ff:ff:ff:ff,ff:ff:ff:ff:ff:ff,d8:d7:75:45:81:24,d8:d7:75:45:81:24,FunBox2-8124,-46,1,2412,False,False
1778936103.1761339,management,beacon,d8:d7:75:45:81:24,ff:ff:ff:ff:ff:ff,ff:ff:ff:ff:ff:ff,d8:d7:75:45:81:24,d8:d7:75:45:81:24,FunBox2-8124,-49,1,2412,False,False
1778936103.278525,management,beacon,d8:d7:75:45:81:24,ff:ff:ff:ff:ff:ff,ff:ff:ff:ff:ff:ff,d8:d7:75:45:81:24,d8:d7:75:45:81:24,FunBox2-8124,-48,1,2412,False,False
1778936103.279739,control,ack,,50:02:91:e8:18:ec,50:02:91:e8:18:ec,,,,-48,1,2412,False,False
1778936103.4406097,control,ack,,50:02:91:e8:18:ec,50:02:91:e8:18:ec,,,,-48,1,2412,False,False
1778936103.4833586,management,beacon,d8:d7:75:45:81:24,ff:ff:ff:ff:ff:ff,ff:ff:ff:ff:ff:ff,d8:d7:75:45:81:24,d8:d7:75:45:81:24,FunBox2-8124,-44,1,2412,False,False
1778936103.5857298,management,beacon,d8:d7:75:45:81:24,ff:ff:ff:ff:ff:ff,ff:ff:ff:ff:ff:ff,d8:d7:75:45:81:24,d8:d7:75:45:81:24,FunBox2-8124,-44,1,2412,False,False
1778936103.688136,management,beacon,d8:d7:75:45:81:24,ff:ff:ff:ff:ff:ff,ff:ff:ff:ff:ff:ff,d8:d7:75:45:81:24,d8:d7:75:45:81:24,FunBox2-8124,-42,1,2412,False,False
1778936103.790528,management,beacon,d8:d7:75:45:81:24,ff:ff:ff:ff:ff:ff,ff:ff:ff:ff:ff:ff,d8:d7:75:45:81:24,d8:d7:75:45:81:24,FunBox2-8124,-48,1,2412,False,False
1778936103.9953437,management,beacon,d8:d7:75:45:81:24,ff:ff:ff:ff:ff:ff,ff:ff:ff:ff:ff:ff,d8:d7:75:45:81:24,d8:d7:75:45:81:24,FunBox2-8124,-47,1,2412,False,False
1778936104.097772,management,beacon,d8:d7:75:45:81:24,ff:ff:ff:ff:ff:ff,ff:ff:ff:ff:ff:ff,d8:d7:75:45:81:24,d8:d7:75:45:81:24,FunBox2-8124,-46,1,2412,False,False
1778936104.0989537,data,null_data,50:02:91:e8:18:ec,d8:d7:75:45:81:24,d8:d7:75:45:81:24,50:02:91:e8:18:ec,d8:d7:75:45:81:24,,-84,1,2412,False,False
1778936104.0989594,control,ack,,50:02:91:e8:18:ec,50:02:91:e8:18:ec,,,,-47,1,2412,False,False
1778936104.0995216,management,action,d8:d7:75:45:81:24,50:02:91:e8:18:ec,50:02:91:e8:18:ec,d8:d7:75:45:81:24,d8:d7:75:45:81:24,,-44,1,2412,False,False
1778936104.099838,control,ack,,d8:d7:75:45:81:24,d8:d7:75:45:81:24,,,,-84,1,2412,False,False
1778936104.1001523,management,action,50:02:91:e8:18:ec,d8:d7:75:45:81:24,d8:d7:75:45:81:24,50:02:91:e8:18:ec,d8:d7:75:45:81:24,,-84,1,2412,False,False
1778936104.100154,control,ack,,50:02:91:e8:18:ec,50:02:91:e8:18:ec,,,,-47,1,2412,False,False
1778936104.20017,management,beacon,d8:d7:75:45:81:24,ff:ff:ff:ff:ff:ff,ff:ff:ff:ff:ff:ff,d8:d7:75:45:81:24,d8:d7:75:45:81:24,FunBox2-8124,-44,1,2412,False,False
1778936104.260943,data,null_data,50:02:91:e8:18:ec,d8:d7:75:45:81:24,d8:d7:75:45:81:24,50:02:91:e8:18:ec,d8:d7:75:45:81:24,,-84,1,2412,False,False
1778936104.2609532,control,ack,,50:02:91:e8:18:ec,50:02:91:e8:18:ec,,,,-47,1,2412,False,False
1778936104.32191,management,beacon,d8:d7:75:45:81:24,ff:ff:ff:ff:ff:ff,ff:ff:ff:ff:ff:ff,d8:d7:75:45:81:24,d8:d7:75:45:81:24,FunBox2-8124,-47,1,2412,False,False
1778936104.5106966,management,beacon,d8:d7:75:45:81:24,ff:ff:ff:ff:ff:ff,ff:ff:ff:ff:ff:ff,d8:d7:75:45:81:24,d8:d7:75:45:81:24,FunBox2-8124,-46,1,2412,False,False
1778936104.609793,management,beacon,d8:d7:75:45:81:24,ff:ff:ff:ff:ff:ff,ff:ff:ff:ff:ff:ff,d8:d7:75:45:81:24,d8:d7:75:45:81:24,FunBox2-8124,-47,1,2412,False,False
1778936104.712183,management,beacon,d8:d7:75:45:81:24,ff:ff:ff:ff:ff:ff,ff:ff:ff:ff:ff:ff,d8:d7:75:45:81:24,d8:d7:75:45:81:24,FunBox2-8124,-43,1,2412,False,False
1778936104.814694,management,beacon,d8:d7:75:45:81:24,ff:ff:ff:ff:ff:ff,ff:ff:ff:ff:ff:ff,d8:d7:75:45:81:24,d8:d7:75:45:81:24,FunBox2-8124,-42,1,2412,False,False
1778936105.0193717,management,beacon,d8:d7:75:45:81:24,ff:ff:ff:ff:ff:ff,ff:ff:ff:ff:ff:ff,d8:d7:75:45:81:24,d8:d7:75:45:81:24,FunBox2-8124,-43,1,2412,False,False
1778936105.224215,management,beacon,d8:d7:75:45:81:24,ff:ff:ff:ff:ff:ff,ff:ff:ff:ff:ff:ff,d8:d7:75:45:81:24,d8:d7:75:45:81:24,FunBox2-8124,-48,1,2412,False,False
1778936105.3271642,management,beacon,d8:d7:75:45:81:24,ff:ff:ff:ff:ff:ff,ff:ff:ff:ff:ff:ff,d8:d7:75:45:81:24,d8:d7:75:45:81:24,FunBox2-8124,-42,1,2412,False,False
1778936105.4290218,management,beacon,d8:d7:75:45:81:24,ff:ff:ff:ff:ff:ff,ff:ff:ff:ff:ff:ff,d8:d7:75:45:81:24,d8:d7:75:45:81:24,FunBox2-8124,-50,1,2412,False,False
1778936105.5314016,management,beacon,d8:d7:75:45:81:24,ff:ff:ff:ff:ff:ff,ff:ff:ff:ff:ff:ff,d8:d7:75:45:81:24,d8:d7:75:45:81:24,FunBox2-8124,-59,1,2412,False,False
1778936105.7361994,management,beacon,d8:d7:75:45:81:24,ff:ff:ff:ff:ff:ff,ff:ff:ff:ff:ff:ff,d8:d7:75:45:81:24,d8:d7:75:45:81:24,FunBox2-8124,-52,1,2412,False,False
1778936105.8386846,management,beacon,d8:d7:75:45:81:24,ff:ff:ff:ff:ff:ff,ff:ff:ff:ff:ff:ff,d8:d7:75:45:81:24,d8:d7:75:45:81:24,FunBox2-8124,-51,1,2412,False,False
1778936105.8691092,management,beacon,ac:84:c6:41:71:22,ff:ff:ff:ff:ff:ff,ff:ff:ff:ff:ff:ff,ac:84:c6:41:71:22,ac:84:c6:41:71:22,TP-LINK_7122,-87,1,2412,False,False
1778936105.941048,management,beacon,d8:d7:75:45:81:24,ff:ff:ff:ff:ff:ff,ff:ff:ff:ff:ff:ff,d8:d7:75:45:81:24,d8:d7:75:45:81:24,FunBox2-8124,-50,1,2412,False,False
1778936105.9421804,data,null_data,50:02:91:e8:18:ec,d8:d7:75:45:81:24,d8:d7:75:45:81:24,50:02:91:e8:18:ec,d8:d7:75:45:81:24,,-84,1,2412,False,False
1778936105.9423954,data,null_data,50:02:91:e8:18:ec,d8:d7:75:45:81:24,d8:d7:75:45:81:24,50:02:91:e8:18:ec,d8:d7:75:45:81:24,,-82,1,2412,False,True
1778936105.9428747,data,null_data,50:02:91:e8:18:ec,d8:d7:75:45:81:24,d8:d7:75:45:81:24,50:02:91:e8:18:ec,d8:d7:75:45:81:24,,-84,1,2412,False,True
1778936105.9428768,control,ack,,50:02:91:e8:18:ec,50:02:91:e8:18:ec,,,,-51,1,2412,False,False
1778936106.0434225,management,beacon,d8:d7:75:45:81:24,ff:ff:ff:ff:ff:ff,ff:ff:ff:ff:ff:ff,d8:d7:75:45:81:24,d8:d7:75:45:81:24,FunBox2-8124,-47,1,2412,False,False
1778936106.103814,data,null_data,50:02:91:e8:18:ec,d8:d7:75:45:81:24,d8:d7:75:45:81:24,50:02:91:e8:18:ec,d8:d7:75:45:81:24,,-83,1,2412,False,False
1778936106.1040413,data,null_data,50:02:91:e8:18:ec,d8:d7:75:45:81:24,d8:d7:75:45:81:24,50:02:91:e8:18:ec,d8:d7:75:45:81:24,,-84,1,2412,False,True
1778936106.104043,control,ack,,50:02:91:e8:18:ec,50:02:91:e8:18:ec,,,,-47,1,2412,False,False
1778936106.1458588,management,beacon,d8:d7:75:45:81:24,ff:ff:ff:ff:ff:ff,ff:ff:ff:ff:ff:ff,d8:d7:75:45:81:24,d8:d7:75:45:81:24,FunBox2-8124,-50,1,2412,False,False
1778936106.2482238,management,beacon,d8:d7:75:45:81:24,ff:ff:ff:ff:ff:ff,ff:ff:ff:ff:ff:ff,d8:d7:75:45:81:24,d8:d7:75:45:81:24,FunBox2-8124,-42,1,2412,False,False
1778936106.350716,management,beacon,d8:d7:75:45:81:24,ff:ff:ff:ff:ff:ff,ff:ff:ff:ff:ff:ff,d8:d7:75:45:81:24,d8:d7:75:45:81:24,FunBox2-8124,-42,1,2412,False,False
1778936106.3902636,control,rts,ac:84:c6:41:71:22,ce:d0:54:70:b1:b3,ce:d0:54:70:b1:b3,ac:84:c6:41:71:22,,,-87,1,2412,False,False
1778936106.392515,control,rts,ac:84:c6:41:71:22,ce:d0:54:70:b1:b3,ce:d0:54:70:b1:b3,ac:84:c6:41:71:22,,,-89,1,2412,False,False
1778936106.3945007,control,rts,ac:84:c6:41:71:22,ce:d0:54:70:b1:b3,ce:d0:54:70:b1:b3,ac:84:c6:41:71:22,,,-86,1,2412,False,False
1778936106.4114525,control,rts,ac:84:c6:41:71:22,ce:d0:54:70:b1:b3,ce:d0:54:70:b1:b3,ac:84:c6:41:71:22,,,-88,1,2412,False,False
1778936106.4170742,control,rts,ac:84:c6:41:71:22,ce:d0:54:70:b1:b3,ce:d0:54:70:b1:b3,ac:84:c6:41:71:22,,,-91,1,2412,False,False
1778936106.417499,control,rts,ac:84:c6:41:71:22,ce:d0:54:70:b1:b3,ce:d0:54:70:b1:b3,ac:84:c6:41:71:22,,,-90,1,2412,False,False
1778936106.419911,control,rts,ac:84:c6:41:71:22,ce:d0:54:70:b1:b3,ce:d0:54:70:b1:b3,ac:84:c6:41:71:22,,,-87,1,2412,False,False
1778936106.4214132,control,rts,ac:84:c6:41:71:22,ce:d0:54:70:b1:b3,ce:d0:54:70:b1:b3,ac:84:c6:41:71:22,,,-87,1,2412,False,False
1778936106.4228694,control,rts,ac:84:c6:41:71:22,ce:d0:54:70:b1:b3,ce:d0:54:70:b1:b3,ac:84:c6:41:71:22,,,-88,1,2412,False,False
1778936106.4248528,control,rts,ac:84:c6:41:71:22,ce:d0:54:70:b1:b3,ce:d0:54:70:b1:b3,ac:84:c6:41:71:22,,,-87,1,2412,False,False
1778936106.4268305,control,rts,ac:84:c6:41:71:22,ce:d0:54:70:b1:b3,ce:d0:54:70:b1:b3,ac:84:c6:41:71:22,,,-86,1,2412,False,False
1778936106.4277909,control,rts,ac:84:c6:41:71:22,ce:d0:54:70:b1:b3,ce:d0:54:70:b1:b3,ac:84:c6:41:71:22,,,-89,1,2412,False,False
1778936106.4349258,control,rts,ac:84:c6:41:71:22,ce:d0:54:70:b1:b3,ce:d0:54:70:b1:b3,ac:84:c6:41:71:22,,,-86,1,2412,False,False
1778936106.44878,control,rts,ac:84:c6:41:71:22,ce:d0:54:70:b1:b3,ce:d0:54:70:b1:b3,ac:84:c6:41:71:22,,,-89,1,2412,False,False
1778936106.4635124,management,beacon,d8:d7:75:45:81:24,ff:ff:ff:ff:ff:ff,ff:ff:ff:ff:ff:ff,d8:d7:75:45:81:24,d8:d7:75:45:81:24,FunBox2-8124,-41,1,2412,False,False
1778936106.4639008,control,rts,ac:84:c6:41:71:22,ce:d0:54:70:b1:b3,ce:d0:54:70:b1:b3,ac:84:c6:41:71:22,,,-91,1,2412,False,False
1778936106.5667896,control,rts,ac:84:c6:41:71:22,ce:d0:54:70:b1:b3,ce:d0:54:70:b1:b3,ac:84:c6:41:71:22,,,-88,1,2412,False,False
1778936106.581586,management,beacon,d8:d7:75:45:81:24,ff:ff:ff:ff:ff:ff,ff:ff:ff:ff:ff:ff,d8:d7:75:45:81:24,d8:d7:75:45:81:24,FunBox2-8124,-44,1,2412,False,False
1778936106.6017737,control,cts,,ce:d0:54:70:b1:b3,ce:d0:54:70:b1:b3,,,,-87,1,2412,False,False
1778936106.6426785,control,rts,ac:84:c6:41:71:22,ce:d0:54:70:b1:b3,ce:d0:54:70:b1:b3,ac:84:c6:41:71:22,,,-90,1,2412,False,False
1778936106.661113,management,beacon,d8:d7:75:45:81:24,ff:ff:ff:ff:ff:ff,ff:ff:ff:ff:ff:ff,d8:d7:75:45:81:24,d8:d7:75:45:81:24,FunBox2-8124,-42,1,2412,False,False
1778936106.705027,control,rts,ac:84:c6:41:71:22,ce:d0:54:70:b1:b3,ce:d0:54:70:b1:b3,ac:84:c6:41:71:22,,,-92,1,2412,False,False
1778936106.7615833,management,beacon,d8:d7:75:45:81:24,ff:ff:ff:ff:ff:ff,ff:ff:ff:ff:ff:ff,d8:d7:75:45:81:24,d8:d7:75:45:81:24,FunBox2-8124,-44,1,2412,False,False
1778936106.862688,management,beacon,d8:d7:75:45:81:24,ff:ff:ff:ff:ff:ff,ff:ff:ff:ff:ff:ff,d8:d7:75:45:81:24,d8:d7:75:45:81:24,FunBox2-8124,-47,1,2412,False,False
1778936106.9650514,management,beacon,d8:d7:75:45:81:24,ff:ff:ff:ff:ff:ff,ff:ff:ff:ff:ff:ff,d8:d7:75:45:81:24,d8:d7:75:45:81:24,FunBox2-8124,-46,1,2412,False,False
1778936107.0674887,management,beacon,d8:d7:75:45:81:24,ff:ff:ff:ff:ff:ff,ff:ff:ff:ff:ff:ff,d8:d7:75:45:81:24,d8:d7:75:45:81:24,FunBox2-8124,-47,1,2412,False,False
1778936107.096002,control,ack,,ce:d0:54:70:b1:b3,ce:d0:54:70:b1:b3,,,,-89,1,2412,False,False
1778936107.1698906,management,beacon,d8:d7:75:45:81:24,ff:ff:ff:ff:ff:ff,ff:ff:ff:ff:ff:ff,d8:d7:75:45:81:24,d8:d7:75:45:81:24,FunBox2-8124,-44,1,2412,False,False
1778936107.1975493,management,beacon,ac:84:c6:41:71:22,ff:ff:ff:ff:ff:ff,ff:ff:ff:ff:ff:ff,ac:84:c6:41:71:22,ac:84:c6:41:71:22,TP-LINK_7122,-88,1,2412,False,False
1778936107.2722683,management,beacon,d8:d7:75:45:81:24,ff:ff:ff:ff:ff:ff,ff:ff:ff:ff:ff:ff,d8:d7:75:45:81:24,d8:d7:75:45:81:24,FunBox2-8124,-46,1,2412,False,False
1778936107.3747017,management,beacon,d8:d7:75:45:81:24,ff:ff:ff:ff:ff:ff,ff:ff:ff:ff:ff:ff,d8:d7:75:45:81:24,d8:d7:75:45:81:24,FunBox2-8124,-48,1,2412,False,False
1778936107.4772933,management,beacon,d8:d7:75:45:81:24,ff:ff:ff:ff:ff:ff,ff:ff:ff:ff:ff:ff,d8:d7:75:45:81:24,d8:d7:75:45:81:24,FunBox2-8124,-46,1,2412,False,False
1778936107.47861,control,ack,,d8:d7:75:45:81:24,d8:d7:75:45:81:24,,,,-88,1,2412,False,False
1778936107.4797544,data,data,d8:d7:75:45:81:24,ff:ff:ff:ff:ff:ff,ff:ff:ff:ff:ff:ff,d8:d7:75:45:81:24,d8:d7:75:45:81:24,,-45,1,2412,True,False
1778936107.4800527,control,ack,,d8:d7:75:45:81:24,d8:d7:75:45:81:24,,,,-86,1,2412,False,False
1778936107.5795186,management,beacon,d8:d7:75:45:81:24,ff:ff:ff:ff:ff:ff,ff:ff:ff:ff:ff:ff,d8:d7:75:45:81:24,d8:d7:75:45:81:24,FunBox2-8124,-49,1,2412,False,False
1778936107.5806425,data,null_data,50:02:91:e8:18:ec,d8:d7:75:45:81:24,d8:d7:75:45:81:24,50:02:91:e8:18:ec,d8:d7:75:45:81:24,,-84,1,2412,False,False
1778936107.580645,control,ack,,50:02:91:e8:18:ec,50:02:91:e8:18:ec,,,,-48,1,2412,False,False
1778936107.6819158,management,beacon,d8:d7:75:45:81:24,ff:ff:ff:ff:ff:ff,ff:ff:ff:ff:ff:ff,d8:d7:75:45:81:24,d8:d7:75:45:81:24,FunBox2-8124,-49,1,2412,False,False
1778936107.7414834,data,null_data,50:02:91:e8:18:ec,d8:d7:75:45:81:24,d8:d7:75:45:81:24,50:02:91:e8:18:ec,d8:d7:75:45:81:24,,-84,1,2412,False,False
1778936107.7414894,control,ack,,50:02:91:e8:18:ec,50:02:91:e8:18:ec,,,,-48,1,2412,False,False
1778936107.7843158,management,beacon,d8:d7:75:45:81:24,ff:ff:ff:ff:ff:ff,ff:ff:ff:ff:ff:ff,d8:d7:75:45:81:24,d8:d7:75:45:81:24,FunBox2-8124,-47,1,2412,False,False
1778936107.8866868,management,beacon,d8:d7:75:45:81:24,ff:ff:ff:ff:ff:ff,ff:ff:ff:ff:ff:ff,d8:d7:75:45:81:24,d8:d7:75:45:81:24,FunBox2-8124,-50,1,2412,False,False
1778936107.9891365,management,beacon,d8:d7:75:45:81:24,ff:ff:ff:ff:ff:ff,ff:ff:ff:ff:ff:ff,d8:d7:75:45:81:24,d8:d7:75:45:81:24,FunBox2-8124,-46,1,2412,False,False
1778936108.0915067,management,beacon,d8:d7:75:45:81:24,ff:ff:ff:ff:ff:ff,ff:ff:ff:ff:ff:ff,d8:d7:75:45:81:24,d8:d7:75:45:81:24,FunBox2-8124,-48,1,2412,False,False
1778936108.1939375,management,beacon,d8:d7:75:45:81:24,ff:ff:ff:ff:ff:ff,ff:ff:ff:ff:ff:ff,d8:d7:75:45:81:24,d8:d7:75:45:81:24,FunBox2-8124,-45,1,2412,False,False
1778936108.2963135,management,beacon,d8:d7:75:45:81:24,ff:ff:ff:ff:ff:ff,ff:ff:ff:ff:ff:ff,d8:d7:75:45:81:24,d8:d7:75:45:81:24,FunBox2-8124,-46,1,2412,False,False
1778936108.325427,management,probe_request,4a:46:98:95:19:c0,ff:ff:ff:ff:ff:ff,ff:ff:ff:ff:ff:ff,4a:46:98:95:19:c0,ff:ff:ff:ff:ff:ff,<hidden>,-30,1,2412,False,False
1778936108.3286955,management,probe_response,d8:d7:75:45:81:24,4a:46:98:95:19:c0,4a:46:98:95:19:c0,d8:d7:75:45:81:24,d8:d7:75:45:81:24,FunBox2-8124,-47,1,2412,False,False
1778936108.3289769,control,ack,,d8:d7:75:45:81:24,d8:d7:75:45:81:24,,,,-30,1,2412,False,False
1778936108.3326912,control,ack,,ac:84:c6:41:71:22,ac:84:c6:41:71:22,,,,-31,1,2412,False,False
1778936108.347076,management,probe_request,4a:46:98:95:19:c0,ff:ff:ff:ff:ff:ff,ff:ff:ff:ff:ff:ff,4a:46:98:95:19:c0,ff:ff:ff:ff:ff:ff,<hidden>,-31,1,2412,False,False
1778936108.3503995,management,probe_response,d8:d7:75:45:81:24,4a:46:98:95:19:c0,4a:46:98:95:19:c0,d8:d7:75:45:81:24,d8:d7:75:45:81:24,FunBox2-8124,-46,1,2412,False,False
1778936108.3507142,control,ack,,d8:d7:75:45:81:24,d8:d7:75:45:81:24,,,,-30,1,2412,False,False
1778936108.3987427,management,beacon,d8:d7:75:45:81:24,ff:ff:ff:ff:ff:ff,ff:ff:ff:ff:ff:ff,d8:d7:75:45:81:24,d8:d7:75:45:81:24,FunBox2-8124,-46,1,2412,False,False
1778936108.5011415,management,beacon,d8:d7:75:45:81:24,ff:ff:ff:ff:ff:ff,ff:ff:ff:ff:ff:ff,d8:d7:75:45:81:24,d8:d7:75:45:81:24,FunBox2-8124,-47,1,2412,False,False
1778936108.6035547,management,beacon,d8:d7:75:45:81:24,ff:ff:ff:ff:ff:ff,ff:ff:ff:ff:ff:ff,d8:d7:75:45:81:24,d8:d7:75:45:81:24,FunBox2-8124,-48,1,2412,False,False
1778936108.705968,management,beacon,d8:d7:75:45:81:24,ff:ff:ff:ff:ff:ff,ff:ff:ff:ff:ff:ff,d8:d7:75:45:81:24,d8:d7:75:45:81:24,FunBox2-8124,-48,1,2412,False,False
1778936108.7326398,management,beacon,ac:84:c6:41:71:22,ff:ff:ff:ff:ff:ff,ff:ff:ff:ff:ff:ff,ac:84:c6:41:71:22,ac:84:c6:41:71:22,TP-LINK_7122,-91,1,2412,False,False
1778936108.756088,control,cts,,ce:d0:54:70:b1:b3,ce:d0:54:70:b1:b3,,,,-92,1,2412,False,False
1778936108.7573485,control,cts,,ce:d0:54:70:b1:b3,ce:d0:54:70:b1:b3,,,,-94,1,2412,False,False
1778936108.8083274,management,beacon,d8:d7:75:45:81:24,ff:ff:ff:ff:ff:ff,ff:ff:ff:ff:ff:ff,d8:d7:75:45:81:24,d8:d7:75:45:81:24,FunBox2-8124,-48,1,2412,False,False
1778936108.9107869,management,beacon,d8:d7:75:45:81:24,ff:ff:ff:ff:ff:ff,ff:ff:ff:ff:ff:ff,d8:d7:75:45:81:24,d8:d7:75:45:81:24,FunBox2-8124,-45,1,2412,False,False
1778936109.0131176,management,beacon,d8:d7:75:45:81:24,ff:ff:ff:ff:ff:ff,ff:ff:ff:ff:ff:ff,d8:d7:75:45:81:24,d8:d7:75:45:81:24,FunBox2-8124,-47,1,2412,False,False
1778936109.014334,data,null_data,50:02:91:e8:18:ec,d8:d7:75:45:81:24,d8:d7:75:45:81:24,50:02:91:e8:18:ec,d8:d7:75:45:81:24,,-82,1,2412,False,False
1778936109.0143363,control,ack,,50:02:91:e8:18:ec,50:02:91:e8:18:ec,,,,-47,1,2412,False,False
1778936109.1155598,management,beacon,d8:d7:75:45:81:24,ff:ff:ff:ff:ff:ff,ff:ff:ff:ff:ff:ff,d8:d7:75:45:81:24,d8:d7:75:45:81:24,FunBox2-8124,-45,1,2412,False,False
1778936109.1756096,data,null_data,50:02:91:e8:18:ec,d8:d7:75:45:81:24,d8:d7:75:45:81:24,50:02:91:e8:18:ec,d8:d7:75:45:81:24,,-84,1,2412,False,False
1778936109.1756234,control,ack,,50:02:91:e8:18:ec,50:02:91:e8:18:ec,,,,-48,1,2412,False,False
1778936109.2179577,management,beacon,d8:d7:75:45:81:24,ff:ff:ff:ff:ff:ff,ff:ff:ff:ff:ff:ff,d8:d7:75:45:81:24,d8:d7:75:45:81:24,FunBox2-8124,-43,1,2412,False,False
1778936109.2213664,data,null_data,50:02:91:e8:18:ec,d8:d7:75:45:81:24,d8:d7:75:45:81:24,50:02:91:e8:18:ec,d8:d7:75:45:81:24,,-83,1,2412,False,False
1778936109.22137,control,ack,,50:02:91:e8:18:ec,50:02:91:e8:18:ec,,,,-47,1,2412,False,False
1778936109.3203425,management,beacon,d8:d7:75:45:81:24,ff:ff:ff:ff:ff:ff,ff:ff:ff:ff:ff:ff,d8:d7:75:45:81:24,d8:d7:75:45:81:24,FunBox2-8124,-45,1,2412,False,False
1778936109.3822227,data,null_data,50:02:91:e8:18:ec,d8:d7:75:45:81:24,d8:d7:75:45:81:24,50:02:91:e8:18:ec,d8:d7:75:45:81:24,,-82,1,2412,False,False
1778936109.3822408,control,ack,,50:02:91:e8:18:ec,50:02:91:e8:18:ec,,,,-44,1,2412,False,False
1778936109.4227662,management,beacon,d8:d7:75:45:81:24,ff:ff:ff:ff:ff:ff,ff:ff:ff:ff:ff:ff,d8:d7:75:45:81:24,d8:d7:75:45:81:24,FunBox2-8124,-45,1,2412,False,False
1778936109.5251646,management,beacon,d8:d7:75:45:81:24,ff:ff:ff:ff:ff:ff,ff:ff:ff:ff:ff:ff,d8:d7:75:45:81:24,d8:d7:75:45:81:24,FunBox2-8124,-44,1,2412,False,False
1778936109.6275537,management,beacon,d8:d7:75:45:81:24,ff:ff:ff:ff:ff:ff,ff:ff:ff:ff:ff:ff,d8:d7:75:45:81:24,d8:d7:75:45:81:24,FunBox2-8124,-41,1,2412,False,False
1778936109.693728,control,cts,,ce:d0:54:70:b1:b3,ce:d0:54:70:b1:b3,,,,-90,1,2412,False,False
1778936109.7299492,management,beacon,d8:d7:75:45:81:24,ff:ff:ff:ff:ff:ff,ff:ff:ff:ff:ff:ff,d8:d7:75:45:81:24,d8:d7:75:45:81:24,FunBox2-8124,-42,1,2412,False,False
1778936109.9348288,management,beacon,d8:d7:75:45:81:24,ff:ff:ff:ff:ff:ff,ff:ff:ff:ff:ff:ff,d8:d7:75:45:81:24,d8:d7:75:45:81:24,FunBox2-8124,-45,1,2412,False,False
1778936110.0372121,management,beacon,d8:d7:75:45:81:24,ff:ff:ff:ff:ff:ff,ff:ff:ff:ff:ff:ff,d8:d7:75:45:81:24,d8:d7:75:45:81:24,FunBox2-8124,-50,1,2412,False,False
1778936110.042751,control,ack,,50:02:91:e8:18:ec,50:02:91:e8:18:ec,,,,-48,1,2412,False,False
1778936110.139606,management,beacon,d8:d7:75:45:81:24,ff:ff:ff:ff:ff:ff,ff:ff:ff:ff:ff:ff,d8:d7:75:45:81:24,d8:d7:75:45:81:24,FunBox2-8124,-47,1,2412,False,False
1778936110.2036667,control,ack,,50:02:91:e8:18:ec,50:02:91:e8:18:ec,,,,-51,1,2412,False,False
1778936110.2420146,management,beacon,d8:d7:75:45:81:24,ff:ff:ff:ff:ff:ff,ff:ff:ff:ff:ff:ff,d8:d7:75:45:81:24,d8:d7:75:45:81:24,FunBox2-8124,-54,1,2412,False,False
1778936110.44678,management,beacon,d8:d7:75:45:81:24,ff:ff:ff:ff:ff:ff,ff:ff:ff:ff:ff:ff,d8:d7:75:45:81:24,d8:d7:75:45:81:24,FunBox2-8124,-51,1,2412,False,False
1778936110.549227,management,beacon,d8:d7:75:45:81:24,ff:ff:ff:ff:ff:ff,ff:ff:ff:ff:ff:ff,d8:d7:75:45:81:24,d8:d7:75:45:81:24,FunBox2-8124,-55,1,2412,False,False
1778936110.651579,management,beacon,d8:d7:75:45:81:24,ff:ff:ff:ff:ff:ff,ff:ff:ff:ff:ff:ff,d8:d7:75:45:81:24,d8:d7:75:45:81:24,FunBox2-8124,-53,1,2412,False,False
1778936110.7540283,management,beacon,d8:d7:75:45:81:24,ff:ff:ff:ff:ff:ff,ff:ff:ff:ff:ff:ff,d8:d7:75:45:81:24,d8:d7:75:45:81:24,FunBox2-8124,-49,1,2412,False,False
1778936110.8563943,management,beacon,d8:d7:75:45:81:24,ff:ff:ff:ff:ff:ff,ff:ff:ff:ff:ff:ff,d8:d7:75:45:81:24,d8:d7:75:45:81:24,FunBox2-8124,-48,1,2412,False,False
1778936110.9588416,management,beacon,d8:d7:75:45:81:24,ff:ff:ff:ff:ff:ff,ff:ff:ff:ff:ff:ff,d8:d7:75:45:81:24,d8:d7:75:45:81:24,FunBox2-8124,-52,1,2412,False,False
1778936110.9599884,data,null_data,50:02:91:e8:18:ec,d8:d7:75:45:81:24,d8:d7:75:45:81:24,50:02:91:e8:18:ec,d8:d7:75:45:81:24,,-83,1,2412,False,False
1778936110.9606476,data,null_data,50:02:91:e8:18:ec,d8:d7:75:45:81:24,d8:d7:75:45:81:24,50:02:91:e8:18:ec,d8:d7:75:45:81:24,,-85,1,2412,False,True
1778936110.96065,control,ack,,50:02:91:e8:18:ec,50:02:91:e8:18:ec,,,,-54,1,2412,False,False
1778936111.0444841,data,data,d8:d7:75:45:81:24,33:33:00:00:00:fb,33:33:00:00:00:fb,d8:d7:75:45:81:24,d8:d7:75:45:81:24,,-55,1,2412,True,False
1778936111.0447795,control,ack,,d8:d7:75:45:81:24,d8:d7:75:45:81:24,,,,-85,1,2412,False,False
1778936111.0462334,data,data,d8:d7:75:45:81:24,01:00:5e:00:00:fb,01:00:5e:00:00:fb,d8:d7:75:45:81:24,d8:d7:75:45:81:24,,-48,1,2412,True,False
1778936111.0465465,control,ack,,d8:d7:75:45:81:24,d8:d7:75:45:81:24,,,,-85,1,2412,False,False
1778936111.0611928,management,beacon,d8:d7:75:45:81:24,ff:ff:ff:ff:ff:ff,ff:ff:ff:ff:ff:ff,d8:d7:75:45:81:24,d8:d7:75:45:81:24,FunBox2-8124,-47,1,2412,False,False
1778936111.1636655,management,beacon,d8:d7:75:45:81:24,ff:ff:ff:ff:ff:ff,ff:ff:ff:ff:ff:ff,d8:d7:75:45:81:24,d8:d7:75:45:81:24,FunBox2-8124,-57,1,2412,False,False
1778936111.2070174,control,ack,,50:02:91:e8:18:ec,50:02:91:e8:18:ec,,,,-54,1,2412,False,False
1778936111.26605,management,beacon,d8:d7:75:45:81:24,ff:ff:ff:ff:ff:ff,ff:ff:ff:ff:ff:ff,d8:d7:75:45:81:24,d8:d7:75:45:81:24,FunBox2-8124,-47,1,2412,False,False
1778936111.4708204,management,beacon,d8:d7:75:45:81:24,ff:ff:ff:ff:ff:ff,ff:ff:ff:ff:ff:ff,d8:d7:75:45:81:24,d8:d7:75:45:81:24,FunBox2-8124,-52,1,2412,False,False
1778936111.5732434,management,beacon,d8:d7:75:45:81:24,ff:ff:ff:ff:ff:ff,ff:ff:ff:ff:ff:ff,d8:d7:75:45:81:24,d8:d7:75:45:81:24,FunBox2-8124,-50,1,2412,False,False
1778936111.675667,management,beacon,d8:d7:75:45:81:24,ff:ff:ff:ff:ff:ff,ff:ff:ff:ff:ff:ff,d8:d7:75:45:81:24,d8:d7:75:45:81:24,FunBox2-8124,-55,1,2412,False,False
1778936111.778071,management,beacon,d8:d7:75:45:81:24,ff:ff:ff:ff:ff:ff,ff:ff:ff:ff:ff:ff,d8:d7:75:45:81:24,d8:d7:75:45:81:24,FunBox2-8124,-55,1,2412,False,False
1778936111.8804765,management,beacon,d8:d7:75:45:81:24,ff:ff:ff:ff:ff:ff,ff:ff:ff:ff:ff:ff,d8:d7:75:45:81:24,d8:d7:75:45:81:24,FunBox2-8124,-57,1,2412,False,False
1778936111.9828625,management,beacon,d8:d7:75:45:81:24,ff:ff:ff:ff:ff:ff,ff:ff:ff:ff:ff:ff,d8:d7:75:45:81:24,d8:d7:75:45:81:24,FunBox2-8124,-50,1,2412,False,False
1778936112.085261,management,beacon,d8:d7:75:45:81:24,ff:ff:ff:ff:ff:ff,ff:ff:ff:ff:ff:ff,d8:d7:75:45:81:24,d8:d7:75:45:81:24,FunBox2-8124,-50,1,2412,False,False
1778936112.1876829,management,beacon,d8:d7:75:45:81:24,ff:ff:ff:ff:ff:ff,ff:ff:ff:ff:ff:ff,d8:d7:75:45:81:24,d8:d7:75:45:81:24,FunBox2-8124,-47,1,2412,False,False
1778936112.2900784,management,beacon,d8:d7:75:45:81:24,ff:ff:ff:ff:ff:ff,ff:ff:ff:ff:ff:ff,d8:d7:75:45:81:24,d8:d7:75:45:81:24,FunBox2-8124,-54,1,2412,False,False
1778936112.3924809,management,beacon,d8:d7:75:45:81:24,ff:ff:ff:ff:ff:ff,ff:ff:ff:ff:ff:ff,d8:d7:75:45:81:24,d8:d7:75:45:81:24,FunBox2-8124,-52,1,2412,False,False
1778936112.3935964,data,null_data,50:02:91:e8:18:ec,d8:d7:75:45:81:24,d8:d7:75:45:81:24,50:02:91:e8:18:ec,d8:d7:75:45:81:24,,-81,1,2412,False,False
1778936112.3937547,data,null_data,50:02:91:e8:18:ec,d8:d7:75:45:81:24,d8:d7:75:45:81:24,50:02:91:e8:18:ec,d8:d7:75:45:81:24,,-83,1,2412,False,True
1778936112.394129,data,null_data,50:02:91:e8:18:ec,d8:d7:75:45:81:24,d8:d7:75:45:81:24,50:02:91:e8:18:ec,d8:d7:75:45:81:24,,-82,1,2412,False,True
1778936112.394481,data,null_data,50:02:91:e8:18:ec,d8:d7:75:45:81:24,d8:d7:75:45:81:24,50:02:91:e8:18:ec,d8:d7:75:45:81:24,,-85,1,2412,False,True
1778936112.39571,data,null_data,50:02:91:e8:18:ec,d8:d7:75:45:81:24,d8:d7:75:45:81:24,50:02:91:e8:18:ec,d8:d7:75:45:81:24,,-84,1,2412,False,True
1778936112.3962522,data,null_data,50:02:91:e8:18:ec,d8:d7:75:45:81:24,d8:d7:75:45:81:24,50:02:91:e8:18:ec,d8:d7:75:45:81:24,,-83,1,2412,False,True
1778936112.3968072,data,null_data,50:02:91:e8:18:ec,d8:d7:75:45:81:24,d8:d7:75:45:81:24,50:02:91:e8:18:ec,d8:d7:75:45:81:24,,-83,1,2412,False,True
1778936112.397122,control,ack,,50:02:91:e8:18:ec,50:02:91:e8:18:ec,,,,-54,1,2412,False,False
1778936112.4018424,control,cts,,ce:d0:54:70:b1:b3,ce:d0:54:70:b1:b3,,,,-89,1,2412,False,False
1778936112.4948492,management,beacon,d8:d7:75:45:81:24,ff:ff:ff:ff:ff:ff,ff:ff:ff:ff:ff:ff,d8:d7:75:45:81:24,d8:d7:75:45:81:24,FunBox2-8124,-58,1,2412,False,False
1778936112.5973103,management,beacon,d8:d7:75:45:81:24,ff:ff:ff:ff:ff:ff,ff:ff:ff:ff:ff:ff,d8:d7:75:45:81:24,d8:d7:75:45:81:24,FunBox2-8124,-57,1,2412,False,False
1778936112.723784,management,beacon,ac:84:c6:41:71:22,ff:ff:ff:ff:ff:ff,ff:ff:ff:ff:ff:ff,ac:84:c6:41:71:22,ac:84:c6:41:71:22,TP-LINK_7122,-87,1,2412,False,False
1778936112.8020673,management,beacon,d8:d7:75:45:81:24,ff:ff:ff:ff:ff:ff,ff:ff:ff:ff:ff:ff,d8:d7:75:45:81:24,d8:d7:75:45:81:24,FunBox2-8124,-44,1,2412,False,False
1778936112.9044724,management,beacon,d8:d7:75:45:81:24,ff:ff:ff:ff:ff:ff,ff:ff:ff:ff:ff:ff,d8:d7:75:45:81:24,d8:d7:75:45:81:24,FunBox2-8124,-42,1,2412,False,False
1778936113.0068932,management,beacon,d8:d7:75:45:81:24,ff:ff:ff:ff:ff:ff,ff:ff:ff:ff:ff:ff,d8:d7:75:45:81:24,d8:d7:75:45:81:24,FunBox2-8124,-44,1,2412,False,False
1778936113.1093388,management,beacon,d8:d7:75:45:81:24,ff:ff:ff:ff:ff:ff,ff:ff:ff:ff:ff:ff,d8:d7:75:45:81:24,d8:d7:75:45:81:24,FunBox2-8124,-44,1,2412,False,False
1778936113.1105042,data,qos_null,aa:23:4f:4d:00:cf,74:ea:3a:a1:53:a6,74:ea:3a:a1:53:a6,aa:23:4f:4d:00:cf,74:ea:3a:a1:53:a6,,-90,1,2412,False,False
1778936113.3141441,management,beacon,d8:d7:75:45:81:24,ff:ff:ff:ff:ff:ff,ff:ff:ff:ff:ff:ff,d8:d7:75:45:81:24,d8:d7:75:45:81:24,FunBox2-8124,-45,1,2412,False,False
1778936113.4165208,management,beacon,d8:d7:75:45:81:24,ff:ff:ff:ff:ff:ff,ff:ff:ff:ff:ff:ff,d8:d7:75:45:81:24,d8:d7:75:45:81:24,FunBox2-8124,-50,1,2412,False,False
1778936113.5188935,management,beacon,d8:d7:75:45:81:24,ff:ff:ff:ff:ff:ff,ff:ff:ff:ff:ff:ff,d8:d7:75:45:81:24,d8:d7:75:45:81:24,FunBox2-8124,-43,1,2412,False,False
1778936113.6212974,management,beacon,d8:d7:75:45:81:24,ff:ff:ff:ff:ff:ff,ff:ff:ff:ff:ff:ff,d8:d7:75:45:81:24,d8:d7:75:45:81:24,FunBox2-8124,-47,1,2412,False,False
1778936113.7471707,management,beacon,ac:84:c6:41:71:22,ff:ff:ff:ff:ff:ff,ff:ff:ff:ff:ff:ff,ac:84:c6:41:71:22,ac:84:c6:41:71:22,TP-LINK_7122,-89,1,2412,False,False
1778936113.8261063,management,beacon,d8:d7:75:45:81:24,ff:ff:ff:ff:ff:ff,ff:ff:ff:ff:ff:ff,d8:d7:75:45:81:24,d8:d7:75:45:81:24,FunBox2-8124,-48,1,2412,False,False
1778936113.849506,management,beacon,ac:84:c6:41:71:22,ff:ff:ff:ff:ff:ff,ff:ff:ff:ff:ff:ff,ac:84:c6:41:71:22,ac:84:c6:41:71:22,TP-LINK_7122,-88,1,2412,False,False
1778936113.9285445,management,beacon,d8:d7:75:45:81:24,ff:ff:ff:ff:ff:ff,ff:ff:ff:ff:ff:ff,d8:d7:75:45:81:24,d8:d7:75:45:81:24,FunBox2-8124,-48,1,2412,False,False
1778936113.9521043,management,beacon,ac:84:c6:41:71:22,ff:ff:ff:ff:ff:ff,ff:ff:ff:ff:ff:ff,ac:84:c6:41:71:22,ac:84:c6:41:71:22,TP-LINK_7122,-91,1,2412,False,False
1778936114.030951,management,beacon,d8:d7:75:45:81:24,ff:ff:ff:ff:ff:ff,ff:ff:ff:ff:ff:ff,d8:d7:75:45:81:24,d8:d7:75:45:81:24,FunBox2-8124,-47,1,2412,False,False
1778936114.0906043,data,null_data,50:02:91:e8:18:ec,d8:d7:75:45:81:24,d8:d7:75:45:81:24,50:02:91:e8:18:ec,d8:d7:75:45:81:24,,-84,1,2412,False,False
1778936114.0906546,control,ack,,50:02:91:e8:18:ec,50:02:91:e8:18:ec,,,,-48,1,2412,False,False
1778936114.1333513,management,beacon,d8:d7:75:45:81:24,ff:ff:ff:ff:ff:ff,ff:ff:ff:ff:ff:ff,d8:d7:75:45:81:24,d8:d7:75:45:81:24,FunBox2-8124,-43,1,2412,False,False
1778936114.135283,control,cts,,ce:d0:54:70:b1:b3,ce:d0:54:70:b1:b3,,,,-89,1,2412,False,False
1778936114.3381405,management,beacon,d8:d7:75:45:81:24,ff:ff:ff:ff:ff:ff,ff:ff:ff:ff:ff:ff,d8:d7:75:45:81:24,d8:d7:75:45:81:24,FunBox2-8124,-49,1,2412,False,False
1778936114.361196,management,beacon,ac:84:c6:41:71:22,ff:ff:ff:ff:ff:ff,ff:ff:ff:ff:ff:ff,ac:84:c6:41:71:22,ac:84:c6:41:71:22,TP-LINK_7122,-92,1,2412,False,False
1778936114.4286048,control,ack,,ce:d0:54:70:b1:b3,ce:d0:54:70:b1:b3,,,,-87,1,2412,False,False
1778936114.4405546,management,beacon,d8:d7:75:45:81:24,ff:ff:ff:ff:ff:ff,ff:ff:ff:ff:ff:ff,d8:d7:75:45:81:24,d8:d7:75:45:81:24,FunBox2-8124,-48,1,2412,False,False
1778936114.5429313,management,beacon,d8:d7:75:45:81:24,ff:ff:ff:ff:ff:ff,ff:ff:ff:ff:ff:ff,d8:d7:75:45:81:24,d8:d7:75:45:81:24,FunBox2-8124,-48,1,2412,False,False
1778936114.565872,management,beacon,ac:84:c6:41:71:22,ff:ff:ff:ff:ff:ff,ff:ff:ff:ff:ff:ff,ac:84:c6:41:71:22,ac:84:c6:41:71:22,TP-LINK_7122,-89,1,2412,False,False
1778936114.6453457,management,beacon,d8:d7:75:45:81:24,ff:ff:ff:ff:ff:ff,ff:ff:ff:ff:ff:ff,d8:d7:75:45:81:24,d8:d7:75:45:81:24,FunBox2-8124,-48,1,2412,False,False
1778936114.8501854,management,beacon,d8:d7:75:45:81:24,ff:ff:ff:ff:ff:ff,ff:ff:ff:ff:ff:ff,d8:d7:75:45:81:24,d8:d7:75:45:81:24,FunBox2-8124,-47,1,2412,False,False
1778936114.8728852,management,beacon,ac:84:c6:41:71:22,ff:ff:ff:ff:ff:ff,ff:ff:ff:ff:ff:ff,ac:84:c6:41:71:22,ac:84:c6:41:71:22,TP-LINK_7122,-87,1,2412,False,False
1778936114.952538,management,beacon,d8:d7:75:45:81:24,ff:ff:ff:ff:ff:ff,ff:ff:ff:ff:ff:ff,d8:d7:75:45:81:24,d8:d7:75:45:81:24,FunBox2-8124,-50,1,2412,False,False
1778936114.975251,management,beacon,ac:84:c6:41:71:22,ff:ff:ff:ff:ff:ff,ff:ff:ff:ff:ff:ff,ac:84:c6:41:71:22,ac:84:c6:41:71:22,TP-LINK_7122,-87,1,2412,False,False
1778936115.0549731,management,beacon,d8:d7:75:45:81:24,ff:ff:ff:ff:ff:ff,ff:ff:ff:ff:ff:ff,d8:d7:75:45:81:24,d8:d7:75:45:81:24,FunBox2-8124,-49,1,2412,False,False
1778936115.282238,management,beacon,ac:84:c6:41:71:22,ff:ff:ff:ff:ff:ff,ff:ff:ff:ff:ff:ff,ac:84:c6:41:71:22,ac:84:c6:41:71:22,TP-LINK_7122,-89,1,2412,False,False
1778936115.3622339,management,beacon,d8:d7:75:45:81:24,ff:ff:ff:ff:ff:ff,ff:ff:ff:ff:ff:ff,d8:d7:75:45:81:24,d8:d7:75:45:81:24,FunBox2-8124,-46,1,2412,False,False
1778936115.464567,management,beacon,d8:d7:75:45:81:24,ff:ff:ff:ff:ff:ff,ff:ff:ff:ff:ff:ff,d8:d7:75:45:81:24,d8:d7:75:45:81:24,FunBox2-8124,-50,1,2412,False,False
1778936115.4657843,data,null_data,50:02:91:e8:18:ec,d8:d7:75:45:81:24,d8:d7:75:45:81:24,50:02:91:e8:18:ec,d8:d7:75:45:81:24,,-83,1,2412,False,False
1778936115.4657872,control,ack,,50:02:91:e8:18:ec,50:02:91:e8:18:ec,,,,-49,1,2412,False,False
1778936115.486908,management,beacon,ac:84:c6:41:71:22,ff:ff:ff:ff:ff:ff,ff:ff:ff:ff:ff:ff,ac:84:c6:41:71:22,ac:84:c6:41:71:22,TP-LINK_7122,-89,1,2412,False,False
1778936115.542115,data,qos_null,aa:23:4f:4d:00:cf,74:ea:3a:a1:53:a6,74:ea:3a:a1:53:a6,aa:23:4f:4d:00:cf,74:ea:3a:a1:53:a6,,-87,1,2412,False,False
1778936115.567012,management,beacon,d8:d7:75:45:81:24,ff:ff:ff:ff:ff:ff,ff:ff:ff:ff:ff:ff,d8:d7:75:45:81:24,d8:d7:75:45:81:24,FunBox2-8124,-46,1,2412,False,False
1778936115.6268616,data,null_data,50:02:91:e8:18:ec,d8:d7:75:45:81:24,d8:d7:75:45:81:24,50:02:91:e8:18:ec,d8:d7:75:45:81:24,,-84,1,2412,False,True
1778936115.6268723,control,ack,,50:02:91:e8:18:ec,50:02:91:e8:18:ec,,,,-48,1,2412,False,False
1778936115.6693785,management,beacon,d8:d7:75:45:81:24,ff:ff:ff:ff:ff:ff,ff:ff:ff:ff:ff:ff,d8:d7:75:45:81:24,d8:d7:75:45:81:24,FunBox2-8124,-57,1,2412,False,False
1778936115.874185,management,beacon,d8:d7:75:45:81:24,ff:ff:ff:ff:ff:ff,ff:ff:ff:ff:ff:ff,d8:d7:75:45:81:24,d8:d7:75:45:81:24,FunBox2-8124,-47,1,2412,False,False
1778936115.9765818,management,beacon,d8:d7:75:45:81:24,ff:ff:ff:ff:ff:ff,ff:ff:ff:ff:ff:ff,d8:d7:75:45:81:24,d8:d7:75:45:81:24,FunBox2-8124,-43,1,2412,False,False
1778936116.0790126,management,beacon,d8:d7:75:45:81:24,ff:ff:ff:ff:ff:ff,ff:ff:ff:ff:ff:ff,d8:d7:75:45:81:24,d8:d7:75:45:81:24,FunBox2-8124,-46,1,2412,False,False
1778936116.1814466,management,beacon,d8:d7:75:45:81:24,ff:ff:ff:ff:ff:ff,ff:ff:ff:ff:ff:ff,d8:d7:75:45:81:24,d8:d7:75:45:81:24,FunBox2-8124,-48,1,2412,False,False
1778936116.3862138,management,beacon,d8:d7:75:45:81:24,ff:ff:ff:ff:ff:ff,ff:ff:ff:ff:ff:ff,d8:d7:75:45:81:24,d8:d7:75:45:81:24,FunBox2-8124,-46,1,2412,False,False
1778936116.4885926,management,beacon,d8:d7:75:45:81:24,ff:ff:ff:ff:ff:ff,ff:ff:ff:ff:ff:ff,d8:d7:75:45:81:24,d8:d7:75:45:81:24,FunBox2-8124,-45,1,2412,False,False
1778936116.5910287,management,beacon,d8:d7:75:45:81:24,ff:ff:ff:ff:ff:ff,ff:ff:ff:ff:ff:ff,d8:d7:75:45:81:24,d8:d7:75:45:81:24,FunBox2-8124,-47,1,2412,False,False
1778936116.6934624,management,beacon,d8:d7:75:45:81:24,ff:ff:ff:ff:ff:ff,ff:ff:ff:ff:ff:ff,d8:d7:75:45:81:24,d8:d7:75:45:81:24,FunBox2-8124,-44,1,2412,False,False
1778936116.830926,control,ack,,ce:d0:54:70:b1:b3,ce:d0:54:70:b1:b3,,,,-88,1,2412,False,False
1778936116.8337572,control,cts,,ce:d0:54:70:b1:b3,ce:d0:54:70:b1:b3,,,,-88,1,2412,False,False
1778936116.8348646,control,cts,,ce:d0:54:70:b1:b3,ce:d0:54:70:b1:b3,,,,-88,1,2412,False,False
1778936116.8982673,management,beacon,d8:d7:75:45:81:24,ff:ff:ff:ff:ff:ff,ff:ff:ff:ff:ff:ff,d8:d7:75:45:81:24,d8:d7:75:45:81:24,FunBox2-8124,-43,1,2412,False,False
1778936117.0006294,management,beacon,d8:d7:75:45:81:24,ff:ff:ff:ff:ff:ff,ff:ff:ff:ff:ff:ff,d8:d7:75:45:81:24,d8:d7:75:45:81:24,FunBox2-8124,-43,1,2412,False,False
1778936117.0018575,data,null_data,50:02:91:e8:18:ec,d8:d7:75:45:81:24,d8:d7:75:45:81:24,50:02:91:e8:18:ec,d8:d7:75:45:81:24,,-81,1,2412,False,False
1778936117.00186,control,ack,,50:02:91:e8:18:ec,50:02:91:e8:18:ec,,,,-45,1,2412,False,False
1778936117.1030407,management,beacon,d8:d7:75:45:81:24,ff:ff:ff:ff:ff:ff,ff:ff:ff:ff:ff:ff,d8:d7:75:45:81:24,d8:d7:75:45:81:24,FunBox2-8124,-45,1,2412,False,False
1778936117.162713,data,null_data,50:02:91:e8:18:ec,d8:d7:75:45:81:24,d8:d7:75:45:81:24,50:02:91:e8:18:ec,d8:d7:75:45:81:24,,-84,1,2412,False,False
1778936117.1627247,control,ack,,50:02:91:e8:18:ec,50:02:91:e8:18:ec,,,,-45,1,2412,False,False
1778936117.2054513,management,beacon,d8:d7:75:45:81:24,ff:ff:ff:ff:ff:ff,ff:ff:ff:ff:ff:ff,d8:d7:75:45:81:24,d8:d7:75:45:81:24,FunBox2-8124,-51,1,2412,False,False
1778936117.4102757,management,beacon,d8:d7:75:45:81:24,ff:ff:ff:ff:ff:ff,ff:ff:ff:ff:ff:ff,d8:d7:75:45:81:24,d8:d7:75:45:81:24,FunBox2-8124,-45,1,2412,False,False
1778936117.4313333,management,beacon,ac:84:c6:41:71:22,ff:ff:ff:ff:ff:ff,ff:ff:ff:ff:ff:ff,ac:84:c6:41:71:22,ac:84:c6:41:71:22,TP-LINK_7122,-92,1,2412,False,False
1778936117.5126848,management,beacon,d8:d7:75:45:81:24,ff:ff:ff:ff:ff:ff,ff:ff:ff:ff:ff:ff,d8:d7:75:45:81:24,d8:d7:75:45:81:24,FunBox2-8124,-49,1,2412,False,False
1778936117.6150596,management,beacon,d8:d7:75:45:81:24,ff:ff:ff:ff:ff:ff,ff:ff:ff:ff:ff:ff,d8:d7:75:45:81:24,d8:d7:75:45:81:24,FunBox2-8124,-52,1,2412,False,False
1778936117.696095,control,cts,,ce:d0:54:70:b1:b3,ce:d0:54:70:b1:b3,,,,-87,1,2412,False,False
1778936117.7174404,management,beacon,d8:d7:75:45:81:24,ff:ff:ff:ff:ff:ff,ff:ff:ff:ff:ff:ff,d8:d7:75:45:81:24,d8:d7:75:45:81:24,FunBox2-8124,-51,1,2412,False,False
1778936117.8026006,control,cts,,ce:d0:54:70:b1:b3,ce:d0:54:70:b1:b3,,,,-88,1,2412,False,False
1778936117.8409913,management,beacon,ac:84:c6:41:71:22,ff:ff:ff:ff:ff:ff,ff:ff:ff:ff:ff:ff,ac:84:c6:41:71:22,ac:84:c6:41:71:22,TP-LINK_7122,-90,1,2412,False,False
1778936117.896136,control,cts,,ce:d0:54:70:b1:b3,ce:d0:54:70:b1:b3,,,,-89,1,2412,False,False
1778936117.9077828,control,cts,,ce:d0:54:70:b1:b3,ce:d0:54:70:b1:b3,,,,-87,1,2412,False,False
1778936117.9089615,control,cts,,ce:d0:54:70:b1:b3,ce:d0:54:70:b1:b3,,,,-87,1,2412,False,False
1778936117.9227374,management,beacon,d8:d7:75:45:81:24,ff:ff:ff:ff:ff:ff,ff:ff:ff:ff:ff:ff,d8:d7:75:45:81:24,d8:d7:75:45:81:24,FunBox2-8124,-51,1,2412,False,False
1778936118.0246563,management,beacon,d8:d7:75:45:81:24,ff:ff:ff:ff:ff:ff,ff:ff:ff:ff:ff:ff,d8:d7:75:45:81:24,d8:d7:75:45:81:24,FunBox2-8124,-51,1,2412,False,False
1778936118.1270614,management,beacon,d8:d7:75:45:81:24,ff:ff:ff:ff:ff:ff,ff:ff:ff:ff:ff:ff,d8:d7:75:45:81:24,d8:d7:75:45:81:24,FunBox2-8124,-48,1,2412,False,False
1778936118.229507,management,beacon,d8:d7:75:45:81:24,ff:ff:ff:ff:ff:ff,ff:ff:ff:ff:ff:ff,d8:d7:75:45:81:24,d8:d7:75:45:81:24,FunBox2-8124,-47,1,2412,False,False
1778936118.3319361,management,beacon,d8:d7:75:45:81:24,ff:ff:ff:ff:ff:ff,ff:ff:ff:ff:ff:ff,d8:d7:75:45:81:24,d8:d7:75:45:81:24,FunBox2-8124,-48,1,2412,False,False
1778936118.4343371,management,beacon,d8:d7:75:45:81:24,ff:ff:ff:ff:ff:ff,ff:ff:ff:ff:ff:ff,d8:d7:75:45:81:24,d8:d7:75:45:81:24,FunBox2-8124,-55,1,2412,False,False
1778936118.537243,management,beacon,d8:d7:75:45:81:24,ff:ff:ff:ff:ff:ff,ff:ff:ff:ff:ff:ff,d8:d7:75:45:81:24,d8:d7:75:45:81:24,FunBox2-8124,-53,1,2412,False,False
1778936118.640796,management,beacon,d8:d7:75:45:81:24,ff:ff:ff:ff:ff:ff,ff:ff:ff:ff:ff:ff,d8:d7:75:45:81:24,d8:d7:75:45:81:24,FunBox2-8124,-56,1,2412,False,False
1778936118.6425223,data,null_data,50:02:91:e8:18:ec,d8:d7:75:45:81:24,d8:d7:75:45:81:24,50:02:91:e8:18:ec,d8:d7:75:45:81:24,,-86,1,2412,False,True
1778936118.64345,data,null_data,50:02:91:e8:18:ec,d8:d7:75:45:81:24,d8:d7:75:45:81:24,50:02:91:e8:18:ec,d8:d7:75:45:81:24,,-82,1,2412,False,True
1778936118.6439834,data,null_data,50:02:91:e8:18:ec,d8:d7:75:45:81:24,d8:d7:75:45:81:24,50:02:91:e8:18:ec,d8:d7:75:45:81:24,,-88,1,2412,False,True
1778936118.6442978,control,ack,,50:02:91:e8:18:ec,50:02:91:e8:18:ec,,,,-57,1,2412,False,False
1778936118.741906,management,beacon,d8:d7:75:45:81:24,ff:ff:ff:ff:ff:ff,ff:ff:ff:ff:ff:ff,d8:d7:75:45:81:24,d8:d7:75:45:81:24,FunBox2-8124,-59,1,2412,False,False
1778936118.8058093,data,null_data,50:02:91:e8:18:ec,d8:d7:75:45:81:24,d8:d7:75:45:81:24,50:02:91:e8:18:ec,d8:d7:75:45:81:24,,-82,1,2412,False,True
1778936118.8061645,data,null_data,50:02:91:e8:18:ec,d8:d7:75:45:81:24,d8:d7:75:45:81:24,50:02:91:e8:18:ec,d8:d7:75:45:81:24,,-84,1,2412,False,True
1778936118.806729,data,null_data,50:02:91:e8:18:ec,d8:d7:75:45:81:24,d8:d7:75:45:81:24,50:02:91:e8:18:ec,d8:d7:75:45:81:24,,-83,1,2412,False,True
1778936118.8072891,data,null_data,50:02:91:e8:18:ec,d8:d7:75:45:81:24,d8:d7:75:45:81:24,50:02:91:e8:18:ec,d8:d7:75:45:81:24,,-84,1,2412,False,True
1778936118.8078377,data,null_data,50:02:91:e8:18:ec,d8:d7:75:45:81:24,d8:d7:75:45:81:24,50:02:91:e8:18:ec,d8:d7:75:45:81:24,,-84,1,2412,False,True
1778936118.852206,management,beacon,d8:d7:75:45:81:24,ff:ff:ff:ff:ff:ff,ff:ff:ff:ff:ff:ff,d8:d7:75:45:81:24,d8:d7:75:45:81:24,FunBox2-8124,-59,1,2412,False,False
1778936118.864042,management,beacon,ac:84:c6:41:71:22,ff:ff:ff:ff:ff:ff,ff:ff:ff:ff:ff:ff,ac:84:c6:41:71:22,ac:84:c6:41:71:22,TP-LINK_7122,-86,1,2412,False,False
1778936118.9503174,management,beacon,d8:d7:75:45:81:24,ff:ff:ff:ff:ff:ff,ff:ff:ff:ff:ff:ff,d8:d7:75:45:81:24,d8:d7:75:45:81:24,FunBox2-8124,-59,1,2412,False,False
1778936119.0571077,management,beacon,d8:d7:75:45:81:24,ff:ff:ff:ff:ff:ff,ff:ff:ff:ff:ff:ff,d8:d7:75:45:81:24,d8:d7:75:45:81:24,FunBox2-8124,-60,1,2412,False,False
1778936119.1516325,management,beacon,d8:d7:75:45:81:24,ff:ff:ff:ff:ff:ff,ff:ff:ff:ff:ff:ff,d8:d7:75:45:81:24,d8:d7:75:45:81:24,FunBox2-8124,-58,1,2412,False,False
1778936119.2219036,data,null_data,50:02:91:e8:18:ec,d8:d7:75:45:81:24,d8:d7:75:45:81:24,50:02:91:e8:18:ec,d8:d7:75:45:81:24,,-83,1,2412,False,False
1778936119.2219243,control,ack,,50:02:91:e8:18:ec,50:02:91:e8:18:ec,,,,-55,1,2412,False,False
1778936119.2535064,management,beacon,d8:d7:75:45:81:24,ff:ff:ff:ff:ff:ff,ff:ff:ff:ff:ff:ff,d8:d7:75:45:81:24,d8:d7:75:45:81:24,FunBox2-8124,-45,1,2412,False,False
1778936119.3559158,management,beacon,d8:d7:75:45:81:24,ff:ff:ff:ff:ff:ff,ff:ff:ff:ff:ff:ff,d8:d7:75:45:81:24,d8:d7:75:45:81:24,FunBox2-8124,-57,1,2412,False,False
1778936119.3827667,data,null_data,50:02:91:e8:18:ec,d8:d7:75:45:81:24,d8:d7:75:45:81:24,50:02:91:e8:18:ec,d8:d7:75:45:81:24,,-84,1,2412,False,False
1778936119.382777,control,ack,,50:02:91:e8:18:ec,50:02:91:e8:18:ec,,,,-53,1,2412,False,False
1778936119.4583614,management,beacon,d8:d7:75:45:81:24,ff:ff:ff:ff:ff:ff,ff:ff:ff:ff:ff:ff,d8:d7:75:45:81:24,d8:d7:75:45:81:24,FunBox2-8124,-43,1,2412,False,False
1778936119.560716,management,beacon,d8:d7:75:45:81:24,ff:ff:ff:ff:ff:ff,ff:ff:ff:ff:ff:ff,d8:d7:75:45:81:24,d8:d7:75:45:81:24,FunBox2-8124,-49,1,2412,False,False
1778936119.6631086,management,beacon,d8:d7:75:45:81:24,ff:ff:ff:ff:ff:ff,ff:ff:ff:ff:ff:ff,d8:d7:75:45:81:24,d8:d7:75:45:81:24,FunBox2-8124,-44,1,2412,False,False
1778936119.7656152,management,beacon,d8:d7:75:45:81:24,ff:ff:ff:ff:ff:ff,ff:ff:ff:ff:ff:ff,d8:d7:75:45:81:24,d8:d7:75:45:81:24,FunBox2-8124,-49,1,2412,False,False
1778936119.7667434,data,null_data,50:02:91:e8:18:ec,d8:d7:75:45:81:24,d8:d7:75:45:81:24,50:02:91:e8:18:ec,d8:d7:75:45:81:24,,-84,1,2412,False,False
1778936119.7667463,control,ack,,50:02:91:e8:18:ec,50:02:91:e8:18:ec,,,,-50,1,2412,False,False
1778936119.8679898,management,beacon,d8:d7:75:45:81:24,ff:ff:ff:ff:ff:ff,ff:ff:ff:ff:ff:ff,d8:d7:75:45:81:24,d8:d7:75:45:81:24,FunBox2-8124,-48,1,2412,False,False
1778936119.927747,data,null_data,50:02:91:e8:18:ec,d8:d7:75:45:81:24,d8:d7:75:45:81:24,50:02:91:e8:18:ec,d8:d7:75:45:81:24,,-83,1,2412,False,False
1778936119.9277647,data,null_data,50:02:91:e8:18:ec,d8:d7:75:45:81:24,d8:d7:75:45:81:24,50:02:91:e8:18:ec,d8:d7:75:45:81:24,,-82,1,2412,False,True
1778936119.9282174,data,null_data,50:02:91:e8:18:ec,d8:d7:75:45:81:24,d8:d7:75:45:81:24,50:02:91:e8:18:ec,d8:d7:75:45:81:24,,-84,1,2412,False,True
1778936119.928221,control,ack,,50:02:91:e8:18:ec,50:02:91:e8:18:ec,,,,-47,1,2412,False,False
1778936119.9703848,management,beacon,d8:d7:75:45:81:24,ff:ff:ff:ff:ff:ff,ff:ff:ff:ff:ff:ff,d8:d7:75:45:81:24,d8:d7:75:45:81:24,FunBox2-8124,-47,1,2412,False,False
1778936120.072735,management,beacon,d8:d7:75:45:81:24,ff:ff:ff:ff:ff:ff,ff:ff:ff:ff:ff:ff,d8:d7:75:45:81:24,d8:d7:75:45:81:24,FunBox2-8124,-46,1,2412,False,False
1778936120.1751385,management,beacon,d8:d7:75:45:81:24,ff:ff:ff:ff:ff:ff,ff:ff:ff:ff:ff:ff,d8:d7:75:45:81:24,d8:d7:75:45:81:24,FunBox2-8124,-46,1,2412,False,False
1778936120.2775433,management,beacon,d8:d7:75:45:81:24,ff:ff:ff:ff:ff:ff,ff:ff:ff:ff:ff:ff,d8:d7:75:45:81:24,d8:d7:75:45:81:24,FunBox2-8124,-48,1,2412,False,False
1778936120.3799825,management,beacon,d8:d7:75:45:81:24,ff:ff:ff:ff:ff:ff,ff:ff:ff:ff:ff:ff,d8:d7:75:45:81:24,d8:d7:75:45:81:24,FunBox2-8124,-45,1,2412,False,False
1778936120.482372,management,beacon,d8:d7:75:45:81:24,ff:ff:ff:ff:ff:ff,ff:ff:ff:ff:ff:ff,d8:d7:75:45:81:24,d8:d7:75:45:81:24,FunBox2-8124,-47,1,2412,False,False
1778936120.584751,management,beacon,d8:d7:75:45:81:24,ff:ff:ff:ff:ff:ff,ff:ff:ff:ff:ff:ff,d8:d7:75:45:81:24,d8:d7:75:45:81:24,FunBox2-8124,-47,1,2412,False,False
1778936120.6872156,management,beacon,d8:d7:75:45:81:24,ff:ff:ff:ff:ff:ff,ff:ff:ff:ff:ff:ff,d8:d7:75:45:81:24,d8:d7:75:45:81:24,FunBox2-8124,-46,1,2412,False,False
1778936120.7895625,management,beacon,d8:d7:75:45:81:24,ff:ff:ff:ff:ff:ff,ff:ff:ff:ff:ff:ff,d8:d7:75:45:81:24,d8:d7:75:45:81:24,FunBox2-8124,-44,1,2412,False,False
1778936120.9943702,management,beacon,d8:d7:75:45:81:24,ff:ff:ff:ff:ff:ff,ff:ff:ff:ff:ff:ff,d8:d7:75:45:81:24,d8:d7:75:45:81:24,FunBox2-8124,-43,1,2412,False,False
1778936121.0967822,management,beacon,d8:d7:75:45:81:24,ff:ff:ff:ff:ff:ff,ff:ff:ff:ff:ff:ff,d8:d7:75:45:81:24,d8:d7:75:45:81:24,FunBox2-8124,-48,1,2412,False,False
1778936121.199221,management,beacon,d8:d7:75:45:81:24,ff:ff:ff:ff:ff:ff,ff:ff:ff:ff:ff:ff,d8:d7:75:45:81:24,d8:d7:75:45:81:24,FunBox2-8124,-44,1,2412,False,False
1778936121.3016028,management,beacon,d8:d7:75:45:81:24,ff:ff:ff:ff:ff:ff,ff:ff:ff:ff:ff:ff,d8:d7:75:45:81:24,d8:d7:75:45:81:24,FunBox2-8124,-48,1,2412,False,False
1778936121.3027716,data,null_data,50:02:91:e8:18:ec,d8:d7:75:45:81:24,d8:d7:75:45:81:24,50:02:91:e8:18:ec,d8:d7:75:45:81:24,,-82,1,2412,False,False
1778936121.3027744,control,ack,,50:02:91:e8:18:ec,50:02:91:e8:18:ec,,,,-48,1,2412,False,False
1778936121.4039993,management,beacon,d8:d7:75:45:81:24,ff:ff:ff:ff:ff:ff,ff:ff:ff:ff:ff:ff,d8:d7:75:45:81:24,d8:d7:75:45:81:24,FunBox2-8124,-45,1,2412,False,False
1778936121.4636445,data,null_data,50:02:91:e8:18:ec,d8:d7:75:45:81:24,d8:d7:75:45:81:24,50:02:91:e8:18:ec,d8:d7:75:45:81:24,,-83,1,2412,False,False
1778936121.463663,control,ack,,50:02:91:e8:18:ec,50:02:91:e8:18:ec,,,,-47,1,2412,False,False
1778936121.506439,management,beacon,d8:d7:75:45:81:24,ff:ff:ff:ff:ff:ff,ff:ff:ff:ff:ff:ff,d8:d7:75:45:81:24,d8:d7:75:45:81:24,FunBox2-8124,-45,1,2412,False,False
1778936121.5248334,management,beacon,ac:84:c6:41:71:22,ff:ff:ff:ff:ff:ff,ff:ff:ff:ff:ff:ff,ac:84:c6:41:71:22,ac:84:c6:41:71:22,TP-LINK_7122,-88,1,2412,False,False
1778936121.608833,management,beacon,d8:d7:75:45:81:24,ff:ff:ff:ff:ff:ff,ff:ff:ff:ff:ff:ff,d8:d7:75:45:81:24,d8:d7:75:45:81:24,FunBox2-8124,-43,1,2412,False,False
1778936121.711194,management,beacon,d8:d7:75:45:81:24,ff:ff:ff:ff:ff:ff,ff:ff:ff:ff:ff:ff,d8:d7:75:45:81:24,d8:d7:75:45:81:24,FunBox2-8124,-47,1,2412,False,False
1778936121.813601,management,beacon,d8:d7:75:45:81:24,ff:ff:ff:ff:ff:ff,ff:ff:ff:ff:ff:ff,d8:d7:75:45:81:24,d8:d7:75:45:81:24,FunBox2-8124,-44,1,2412,False,False
1778936121.9159977,management,beacon,d8:d7:75:45:81:24,ff:ff:ff:ff:ff:ff,ff:ff:ff:ff:ff:ff,d8:d7:75:45:81:24,d8:d7:75:45:81:24,FunBox2-8124,-46,1,2412,False,False
1778936122.01843,management,beacon,d8:d7:75:45:81:24,ff:ff:ff:ff:ff:ff,ff:ff:ff:ff:ff:ff,d8:d7:75:45:81:24,d8:d7:75:45:81:24,FunBox2-8124,-45,1,2412,False,False
1778936122.1208715,management,beacon,d8:d7:75:45:81:24,ff:ff:ff:ff:ff:ff,ff:ff:ff:ff:ff:ff,d8:d7:75:45:81:24,d8:d7:75:45:81:24,FunBox2-8124,-47,1,2412,False,False
1778936122.2232149,management,beacon,d8:d7:75:45:81:24,ff:ff:ff:ff:ff:ff,ff:ff:ff:ff:ff:ff,d8:d7:75:45:81:24,d8:d7:75:45:81:24,FunBox2-8124,-45,1,2412,False,False
1778936122.325614,management,beacon,d8:d7:75:45:81:24,ff:ff:ff:ff:ff:ff,ff:ff:ff:ff:ff:ff,d8:d7:75:45:81:24,d8:d7:75:45:81:24,FunBox2-8124,-45,1,2412,False,False
1778936122.530444,management,beacon,d8:d7:75:45:81:24,ff:ff:ff:ff:ff:ff,ff:ff:ff:ff:ff:ff,d8:d7:75:45:81:24,d8:d7:75:45:81:24,FunBox2-8124,-48,1,2412,False,False
1778936122.5938842,data,qos_null,aa:23:4f:4d:00:cf,74:ea:3a:a1:53:a6,74:ea:3a:a1:53:a6,aa:23:4f:4d:00:cf,74:ea:3a:a1:53:a6,,-84,1,2412,False,True
1778936122.606934,data,qos_null,aa:23:4f:4d:00:cf,74:ea:3a:a1:53:a6,74:ea:3a:a1:53:a6,aa:23:4f:4d:00:cf,74:ea:3a:a1:53:a6,,-87,1,2412,False,True
1778936122.607752,data,qos_null,aa:23:4f:4d:00:cf,74:ea:3a:a1:53:a6,74:ea:3a:a1:53:a6,aa:23:4f:4d:00:cf,74:ea:3a:a1:53:a6,,-86,1,2412,False,True
1778936122.6538782,management,beacon,d8:d7:75:45:81:24,ff:ff:ff:ff:ff:ff,ff:ff:ff:ff:ff:ff,d8:d7:75:45:81:24,d8:d7:75:45:81:24,FunBox2-8124,-47,1,2412,False,False
1778936122.682107,data,qos_null,aa:23:4f:4d:00:cf,74:ea:3a:a1:53:a6,74:ea:3a:a1:53:a6,aa:23:4f:4d:00:cf,74:ea:3a:a1:53:a6,,-87,1,2412,False,True
1778936122.686999,data,qos_null,aa:23:4f:4d:00:cf,74:ea:3a:a1:53:a6,74:ea:3a:a1:53:a6,aa:23:4f:4d:00:cf,74:ea:3a:a1:53:a6,,-84,1,2412,False,True
1778936122.7061028,control,cts,,ce:d0:54:70:b1:b3,ce:d0:54:70:b1:b3,,,,-85,1,2412,False,False
1778936122.7089188,data,qos_null,aa:23:4f:4d:00:cf,74:ea:3a:a1:53:a6,74:ea:3a:a1:53:a6,aa:23:4f:4d:00:cf,74:ea:3a:a1:53:a6,,-87,1,2412,False,True
1778936122.711337,data,qos_null,aa:23:4f:4d:00:cf,74:ea:3a:a1:53:a6,74:ea:3a:a1:53:a6,aa:23:4f:4d:00:cf,74:ea:3a:a1:53:a6,,-89,1,2412,False,True
1778936122.7123811,data,qos_null,aa:23:4f:4d:00:cf,74:ea:3a:a1:53:a6,74:ea:3a:a1:53:a6,aa:23:4f:4d:00:cf,74:ea:3a:a1:53:a6,,-87,1,2412,False,True
1778936122.7156148,data,qos_null,aa:23:4f:4d:00:cf,74:ea:3a:a1:53:a6,74:ea:3a:a1:53:a6,aa:23:4f:4d:00:cf,74:ea:3a:a1:53:a6,,-88,1,2412,False,True
1778936122.7188447,data,qos_null,aa:23:4f:4d:00:cf,74:ea:3a:a1:53:a6,74:ea:3a:a1:53:a6,aa:23:4f:4d:00:cf,74:ea:3a:a1:53:a6,,-87,1,2412,False,True
1778936122.7384284,management,beacon,d8:d7:75:45:81:24,ff:ff:ff:ff:ff:ff,ff:ff:ff:ff:ff:ff,d8:d7:75:45:81:24,d8:d7:75:45:81:24,FunBox2-8124,-46,1,2412,False,False
1778936122.752884,management,beacon,ac:84:c6:41:71:22,ff:ff:ff:ff:ff:ff,ff:ff:ff:ff:ff:ff,ac:84:c6:41:71:22,ac:84:c6:41:71:22,TP-LINK_7122,-87,1,2412,False,False
1778936122.7698634,data,qos_null,aa:23:4f:4d:00:cf,74:ea:3a:a1:53:a6,74:ea:3a:a1:53:a6,aa:23:4f:4d:00:cf,74:ea:3a:a1:53:a6,,-86,1,2412,False,False
1778936122.7714572,data,qos_null,aa:23:4f:4d:00:cf,74:ea:3a:a1:53:a6,74:ea:3a:a1:53:a6,aa:23:4f:4d:00:cf,74:ea:3a:a1:53:a6,,-88,1,2412,False,True
1778936122.7722359,data,qos_null,aa:23:4f:4d:00:cf,74:ea:3a:a1:53:a6,74:ea:3a:a1:53:a6,aa:23:4f:4d:00:cf,74:ea:3a:a1:53:a6,,-85,1,2412,False,True
1778936122.7730658,data,qos_null,aa:23:4f:4d:00:cf,74:ea:3a:a1:53:a6,74:ea:3a:a1:53:a6,aa:23:4f:4d:00:cf,74:ea:3a:a1:53:a6,,-85,1,2412,False,True
1778936122.7755337,data,qos_null,aa:23:4f:4d:00:cf,74:ea:3a:a1:53:a6,74:ea:3a:a1:53:a6,aa:23:4f:4d:00:cf,74:ea:3a:a1:53:a6,,-88,1,2412,False,True
1778936122.7803984,data,qos_null,aa:23:4f:4d:00:cf,74:ea:3a:a1:53:a6,74:ea:3a:a1:53:a6,aa:23:4f:4d:00:cf,74:ea:3a:a1:53:a6,,-87,1,2412,False,True
1778936122.7812243,data,qos_null,aa:23:4f:4d:00:cf,74:ea:3a:a1:53:a6,74:ea:3a:a1:53:a6,aa:23:4f:4d:00:cf,74:ea:3a:a1:53:a6,,-87,1,2412,False,True
1778936122.782841,data,qos_null,aa:23:4f:4d:00:cf,74:ea:3a:a1:53:a6,74:ea:3a:a1:53:a6,aa:23:4f:4d:00:cf,74:ea:3a:a1:53:a6,,-85,1,2412,False,True
1778936122.7844713,data,qos_null,aa:23:4f:4d:00:cf,74:ea:3a:a1:53:a6,74:ea:3a:a1:53:a6,aa:23:4f:4d:00:cf,74:ea:3a:a1:53:a6,,-89,1,2412,False,True
1778936122.7852752,data,qos_null,aa:23:4f:4d:00:cf,74:ea:3a:a1:53:a6,74:ea:3a:a1:53:a6,aa:23:4f:4d:00:cf,74:ea:3a:a1:53:a6,,-89,1,2412,False,True
1778936122.786059,data,qos_null,aa:23:4f:4d:00:cf,74:ea:3a:a1:53:a6,74:ea:3a:a1:53:a6,aa:23:4f:4d:00:cf,74:ea:3a:a1:53:a6,,-84,1,2412,False,True
1778936122.79317,data,qos_null,aa:23:4f:4d:00:cf,74:ea:3a:a1:53:a6,74:ea:3a:a1:53:a6,aa:23:4f:4d:00:cf,74:ea:3a:a1:53:a6,,-86,1,2412,False,True
1778936122.796367,data,qos_null,aa:23:4f:4d:00:cf,74:ea:3a:a1:53:a6,74:ea:3a:a1:53:a6,aa:23:4f:4d:00:cf,74:ea:3a:a1:53:a6,,-84,1,2412,False,False
1778936122.7971601,data,qos_null,aa:23:4f:4d:00:cf,74:ea:3a:a1:53:a6,74:ea:3a:a1:53:a6,aa:23:4f:4d:00:cf,74:ea:3a:a1:53:a6,,-86,1,2412,False,True
1778936122.797985,data,qos_null,aa:23:4f:4d:00:cf,74:ea:3a:a1:53:a6,74:ea:3a:a1:53:a6,aa:23:4f:4d:00:cf,74:ea:3a:a1:53:a6,,-85,1,2412,False,True
1778936122.7989,data,qos_null,aa:23:4f:4d:00:cf,74:ea:3a:a1:53:a6,74:ea:3a:a1:53:a6,aa:23:4f:4d:00:cf,74:ea:3a:a1:53:a6,,-86,1,2412,False,True
1778936122.8088598,data,qos_null,aa:23:4f:4d:00:cf,74:ea:3a:a1:53:a6,74:ea:3a:a1:53:a6,aa:23:4f:4d:00:cf,74:ea:3a:a1:53:a6,,-84,1,2412,False,False
1778936122.8096821,data,qos_null,aa:23:4f:4d:00:cf,74:ea:3a:a1:53:a6,74:ea:3a:a1:53:a6,aa:23:4f:4d:00:cf,74:ea:3a:a1:53:a6,,-87,1,2412,False,True
1778936122.8162322,data,qos_null,aa:23:4f:4d:00:cf,74:ea:3a:a1:53:a6,74:ea:3a:a1:53:a6,aa:23:4f:4d:00:cf,74:ea:3a:a1:53:a6,,-90,1,2412,False,True
1778936122.8178391,data,qos_null,aa:23:4f:4d:00:cf,74:ea:3a:a1:53:a6,74:ea:3a:a1:53:a6,aa:23:4f:4d:00:cf,74:ea:3a:a1:53:a6,,-86,1,2412,False,True
1778936122.8392973,management,beacon,d8:d7:75:45:81:24,ff:ff:ff:ff:ff:ff,ff:ff:ff:ff:ff:ff,d8:d7:75:45:81:24,d8:d7:75:45:81:24,FunBox2-8124,-46,1,2412,False,False
1778936122.8406544,data,null_data,50:02:91:e8:18:ec,d8:d7:75:45:81:24,d8:d7:75:45:81:24,50:02:91:e8:18:ec,d8:d7:75:45:81:24,,-84,1,2412,False,True
1778936122.8418753,data,null_data,50:02:91:e8:18:ec,d8:d7:75:45:81:24,d8:d7:75:45:81:24,50:02:91:e8:18:ec,d8:d7:75:45:81:24,,-83,1,2412,False,True
1778936122.8421881,control,ack,,50:02:91:e8:18:ec,50:02:91:e8:18:ec,,,,-46,1,2412,False,False
1778936122.8526256,data,qos_null,aa:23:4f:4d:00:cf,74:ea:3a:a1:53:a6,74:ea:3a:a1:53:a6,aa:23:4f:4d:00:cf,74:ea:3a:a1:53:a6,,-86,1,2412,False,True
1778936122.8711548,data,qos_null,aa:23:4f:4d:00:cf,74:ea:3a:a1:53:a6,74:ea:3a:a1:53:a6,aa:23:4f:4d:00:cf,74:ea:3a:a1:53:a6,,-87,1,2412,False,False
1778936122.8735795,data,qos_null,aa:23:4f:4d:00:cf,74:ea:3a:a1:53:a6,74:ea:3a:a1:53:a6,aa:23:4f:4d:00:cf,74:ea:3a:a1:53:a6,,-86,1,2412,False,True
1778936122.8760467,data,qos_null,aa:23:4f:4d:00:cf,74:ea:3a:a1:53:a6,74:ea:3a:a1:53:a6,aa:23:4f:4d:00:cf,74:ea:3a:a1:53:a6,,-86,1,2412,False,True
1778936122.8768506,data,qos_null,aa:23:4f:4d:00:cf,74:ea:3a:a1:53:a6,74:ea:3a:a1:53:a6,aa:23:4f:4d:00:cf,74:ea:3a:a1:53:a6,,-89,1,2412,False,True
1778936122.8771625,control,ack,,aa:23:4f:4d:00:cf,aa:23:4f:4d:00:cf,,,,-86,1,2412,False,False
1778936122.87765,data,qos_null,aa:23:4f:4d:00:cf,74:ea:3a:a1:53:a6,74:ea:3a:a1:53:a6,aa:23:4f:4d:00:cf,74:ea:3a:a1:53:a6,,-89,1,2412,False,True
1778936122.8800611,data,qos_null,aa:23:4f:4d:00:cf,74:ea:3a:a1:53:a6,74:ea:3a:a1:53:a6,aa:23:4f:4d:00:cf,74:ea:3a:a1:53:a6,,-87,1,2412,False,True
1778936122.8808641,data,qos_null,aa:23:4f:4d:00:cf,74:ea:3a:a1:53:a6,74:ea:3a:a1:53:a6,aa:23:4f:4d:00:cf,74:ea:3a:a1:53:a6,,-86,1,2412,False,True
1778936122.8881917,data,qos_null,aa:23:4f:4d:00:cf,74:ea:3a:a1:53:a6,74:ea:3a:a1:53:a6,aa:23:4f:4d:00:cf,74:ea:3a:a1:53:a6,,-87,1,2412,False,True
1778936122.888978,data,qos_null,aa:23:4f:4d:00:cf,74:ea:3a:a1:53:a6,74:ea:3a:a1:53:a6,aa:23:4f:4d:00:cf,74:ea:3a:a1:53:a6,,-86,1,2412,False,True
1778936122.889766,data,qos_null,aa:23:4f:4d:00:cf,74:ea:3a:a1:53:a6,74:ea:3a:a1:53:a6,aa:23:4f:4d:00:cf,74:ea:3a:a1:53:a6,,-85,1,2412,False,True
1778936122.8939106,data,qos_null,aa:23:4f:4d:00:cf,74:ea:3a:a1:53:a6,74:ea:3a:a1:53:a6,aa:23:4f:4d:00:cf,74:ea:3a:a1:53:a6,,-87,1,2412,False,True
1778936122.894197,control,ack,,aa:23:4f:4d:00:cf,aa:23:4f:4d:00:cf,,,,-84,1,2412,False,False
1778936122.8955214,data,qos_null,aa:23:4f:4d:00:cf,74:ea:3a:a1:53:a6,74:ea:3a:a1:53:a6,aa:23:4f:4d:00:cf,74:ea:3a:a1:53:a6,,-85,1,2412,False,True
1778936122.8963444,data,qos_null,aa:23:4f:4d:00:cf,74:ea:3a:a1:53:a6,74:ea:3a:a1:53:a6,aa:23:4f:4d:00:cf,74:ea:3a:a1:53:a6,,-88,1,2412,False,True
1778936122.8979692,data,qos_null,aa:23:4f:4d:00:cf,74:ea:3a:a1:53:a6,74:ea:3a:a1:53:a6,aa:23:4f:4d:00:cf,74:ea:3a:a1:53:a6,,-86,1,2412,False,False
1778936122.8996167,data,qos_null,aa:23:4f:4d:00:cf,74:ea:3a:a1:53:a6,74:ea:3a:a1:53:a6,aa:23:4f:4d:00:cf,74:ea:3a:a1:53:a6,,-87,1,2412,False,True
1778936122.9019701,data,qos_null,aa:23:4f:4d:00:cf,74:ea:3a:a1:53:a6,74:ea:3a:a1:53:a6,aa:23:4f:4d:00:cf,74:ea:3a:a1:53:a6,,-85,1,2412,False,True
1778936122.9036226,data,qos_null,aa:23:4f:4d:00:cf,74:ea:3a:a1:53:a6,74:ea:3a:a1:53:a6,aa:23:4f:4d:00:cf,74:ea:3a:a1:53:a6,,-87,1,2412,False,True
1778936122.906103,data,qos_null,aa:23:4f:4d:00:cf,74:ea:3a:a1:53:a6,74:ea:3a:a1:53:a6,aa:23:4f:4d:00:cf,74:ea:3a:a1:53:a6,,-86,1,2412,False,True
1778936122.9069107,data,qos_null,aa:23:4f:4d:00:cf,74:ea:3a:a1:53:a6,74:ea:3a:a1:53:a6,aa:23:4f:4d:00:cf,74:ea:3a:a1:53:a6,,-86,1,2412,False,True
1778936122.9077196,data,qos_null,aa:23:4f:4d:00:cf,74:ea:3a:a1:53:a6,74:ea:3a:a1:53:a6,aa:23:4f:4d:00:cf,74:ea:3a:a1:53:a6,,-89,1,2412,False,True
1778936122.9085174,data,qos_null,aa:23:4f:4d:00:cf,74:ea:3a:a1:53:a6,74:ea:3a:a1:53:a6,aa:23:4f:4d:00:cf,74:ea:3a:a1:53:a6,,-86,1,2412,False,True
1778936122.912607,data,qos_null,aa:23:4f:4d:00:cf,74:ea:3a:a1:53:a6,74:ea:3a:a1:53:a6,aa:23:4f:4d:00:cf,74:ea:3a:a1:53:a6,,-88,1,2412,False,True
1778936122.9142172,data,qos_null,aa:23:4f:4d:00:cf,74:ea:3a:a1:53:a6,74:ea:3a:a1:53:a6,aa:23:4f:4d:00:cf,74:ea:3a:a1:53:a6,,-89,1,2412,False,True
1778936122.9166515,data,qos_null,aa:23:4f:4d:00:cf,74:ea:3a:a1:53:a6,74:ea:3a:a1:53:a6,aa:23:4f:4d:00:cf,74:ea:3a:a1:53:a6,,-86,1,2412,False,True
1778936122.9174347,data,qos_null,aa:23:4f:4d:00:cf,74:ea:3a:a1:53:a6,74:ea:3a:a1:53:a6,aa:23:4f:4d:00:cf,74:ea:3a:a1:53:a6,,-87,1,2412,False,True
1778936122.9198728,data,qos_null,aa:23:4f:4d:00:cf,74:ea:3a:a1:53:a6,74:ea:3a:a1:53:a6,aa:23:4f:4d:00:cf,74:ea:3a:a1:53:a6,,-86,1,2412,False,True
1778936122.940043,management,beacon,d8:d7:75:45:81:24,ff:ff:ff:ff:ff:ff,ff:ff:ff:ff:ff:ff,d8:d7:75:45:81:24,d8:d7:75:45:81:24,FunBox2-8124,-46,1,2412,False,False
1778936122.9723744,data,qos_null,aa:23:4f:4d:00:cf,74:ea:3a:a1:53:a6,74:ea:3a:a1:53:a6,aa:23:4f:4d:00:cf,74:ea:3a:a1:53:a6,,-88,1,2412,False,False
1778936122.9731908,data,qos_null,aa:23:4f:4d:00:cf,74:ea:3a:a1:53:a6,74:ea:3a:a1:53:a6,aa:23:4f:4d:00:cf,74:ea:3a:a1:53:a6,,-90,1,2412,False,True
1778936122.97402,data,qos_null,aa:23:4f:4d:00:cf,74:ea:3a:a1:53:a6,74:ea:3a:a1:53:a6,aa:23:4f:4d:00:cf,74:ea:3a:a1:53:a6,,-90,1,2412,False,True
1778936122.9799447,data,qos_null,aa:23:4f:4d:00:cf,74:ea:3a:a1:53:a6,74:ea:3a:a1:53:a6,aa:23:4f:4d:00:cf,74:ea:3a:a1:53:a6,,-86,1,2412,False,True
1778936122.9815662,data,qos_null,aa:23:4f:4d:00:cf,74:ea:3a:a1:53:a6,74:ea:3a:a1:53:a6,aa:23:4f:4d:00:cf,74:ea:3a:a1:53:a6,,-87,1,2412,False,True
1778936122.999463,data,qos_null,aa:23:4f:4d:00:cf,74:ea:3a:a1:53:a6,74:ea:3a:a1:53:a6,aa:23:4f:4d:00:cf,74:ea:3a:a1:53:a6,,-88,1,2412,False,False
1778936123.0002422,data,qos_null,aa:23:4f:4d:00:cf,74:ea:3a:a1:53:a6,74:ea:3a:a1:53:a6,aa:23:4f:4d:00:cf,74:ea:3a:a1:53:a6,,-90,1,2412,False,True
1778936123.0031993,data,null_data,50:02:91:e8:18:ec,d8:d7:75:45:81:24,d8:d7:75:45:81:24,50:02:91:e8:18:ec,d8:d7:75:45:81:24,,-85,1,2412,False,False
1778936123.0032077,control,ack,,50:02:91:e8:18:ec,50:02:91:e8:18:ec,,,,-48,1,2412,False,False
1778936123.0036428,data,qos_null,aa:23:4f:4d:00:cf,74:ea:3a:a1:53:a6,74:ea:3a:a1:53:a6,aa:23:4f:4d:00:cf,74:ea:3a:a1:53:a6,,-87,1,2412,False,True
1778936123.0060372,data,qos_null,aa:23:4f:4d:00:cf,74:ea:3a:a1:53:a6,74:ea:3a:a1:53:a6,aa:23:4f:4d:00:cf,74:ea:3a:a1:53:a6,,-87,1,2412,False,True
1778936123.0085223,data,qos_null,aa:23:4f:4d:00:cf,74:ea:3a:a1:53:a6,74:ea:3a:a1:53:a6,aa:23:4f:4d:00:cf,74:ea:3a:a1:53:a6,,-86,1,2412,False,True
1778936123.0093133,data,qos_null,aa:23:4f:4d:00:cf,74:ea:3a:a1:53:a6,74:ea:3a:a1:53:a6,aa:23:4f:4d:00:cf,74:ea:3a:a1:53:a6,,-89,1,2412,False,True
1778936123.0101557,data,qos_null,aa:23:4f:4d:00:cf,74:ea:3a:a1:53:a6,74:ea:3a:a1:53:a6,aa:23:4f:4d:00:cf,74:ea:3a:a1:53:a6,,-89,1,2412,False,True
1778936123.0118287,data,qos_null,aa:23:4f:4d:00:cf,74:ea:3a:a1:53:a6,74:ea:3a:a1:53:a6,aa:23:4f:4d:00:cf,74:ea:3a:a1:53:a6,,-89,1,2412,False,False
1778936123.0142426,data,qos_null,aa:23:4f:4d:00:cf,74:ea:3a:a1:53:a6,74:ea:3a:a1:53:a6,aa:23:4f:4d:00:cf,74:ea:3a:a1:53:a6,,-89,1,2412,False,True
1778936123.0166762,data,qos_null,aa:23:4f:4d:00:cf,74:ea:3a:a1:53:a6,74:ea:3a:a1:53:a6,aa:23:4f:4d:00:cf,74:ea:3a:a1:53:a6,,-85,1,2412,False,True
1778936123.0174804,data,qos_null,aa:23:4f:4d:00:cf,74:ea:3a:a1:53:a6,74:ea:3a:a1:53:a6,aa:23:4f:4d:00:cf,74:ea:3a:a1:53:a6,,-88,1,2412,False,True
1778936123.0191534,data,qos_null,aa:23:4f:4d:00:cf,74:ea:3a:a1:53:a6,74:ea:3a:a1:53:a6,aa:23:4f:4d:00:cf,74:ea:3a:a1:53:a6,,-89,1,2412,False,True
1778936123.0200207,data,qos_null,aa:23:4f:4d:00:cf,74:ea:3a:a1:53:a6,74:ea:3a:a1:53:a6,aa:23:4f:4d:00:cf,74:ea:3a:a1:53:a6,,-90,1,2412,False,True
1778936123.0208528,data,qos_null,aa:23:4f:4d:00:cf,74:ea:3a:a1:53:a6,74:ea:3a:a1:53:a6,aa:23:4f:4d:00:cf,74:ea:3a:a1:53:a6,,-86,1,2412,False,True
1778936123.021683,data,qos_null,aa:23:4f:4d:00:cf,74:ea:3a:a1:53:a6,74:ea:3a:a1:53:a6,aa:23:4f:4d:00:cf,74:ea:3a:a1:53:a6,,-87,1,2412,False,True
1778936123.0233538,data,qos_null,aa:23:4f:4d:00:cf,74:ea:3a:a1:53:a6,74:ea:3a:a1:53:a6,aa:23:4f:4d:00:cf,74:ea:3a:a1:53:a6,,-86,1,2412,False,True
1778936123.0426824,management,beacon,d8:d7:75:45:81:24,ff:ff:ff:ff:ff:ff,ff:ff:ff:ff:ff:ff,d8:d7:75:45:81:24,d8:d7:75:45:81:24,FunBox2-8124,-45,1,2412,False,False
1778936123.0758123,data,qos_null,aa:23:4f:4d:00:cf,74:ea:3a:a1:53:a6,74:ea:3a:a1:53:a6,aa:23:4f:4d:00:cf,74:ea:3a:a1:53:a6,,-92,1,2412,False,True
1778936123.076606,data,qos_null,aa:23:4f:4d:00:cf,74:ea:3a:a1:53:a6,74:ea:3a:a1:53:a6,aa:23:4f:4d:00:cf,74:ea:3a:a1:53:a6,,-89,1,2412,False,True
1778936123.077406,data,qos_null,aa:23:4f:4d:00:cf,74:ea:3a:a1:53:a6,74:ea:3a:a1:53:a6,aa:23:4f:4d:00:cf,74:ea:3a:a1:53:a6,,-88,1,2412,False,True
1778936123.0782075,data,qos_null,aa:23:4f:4d:00:cf,74:ea:3a:a1:53:a6,74:ea:3a:a1:53:a6,aa:23:4f:4d:00:cf,74:ea:3a:a1:53:a6,,-87,1,2412,False,True
1778936123.0799236,data,qos_null,aa:23:4f:4d:00:cf,74:ea:3a:a1:53:a6,74:ea:3a:a1:53:a6,aa:23:4f:4d:00:cf,74:ea:3a:a1:53:a6,,-86,1,2412,False,True
1778936123.0822895,data,qos_null,aa:23:4f:4d:00:cf,74:ea:3a:a1:53:a6,74:ea:3a:a1:53:a6,aa:23:4f:4d:00:cf,74:ea:3a:a1:53:a6,,-89,1,2412,False,True
1778936123.0831215,data,qos_null,aa:23:4f:4d:00:cf,74:ea:3a:a1:53:a6,74:ea:3a:a1:53:a6,aa:23:4f:4d:00:cf,74:ea:3a:a1:53:a6,,-91,1,2412,False,True
1778936123.0863113,data,qos_null,aa:23:4f:4d:00:cf,74:ea:3a:a1:53:a6,74:ea:3a:a1:53:a6,aa:23:4f:4d:00:cf,74:ea:3a:a1:53:a6,,-88,1,2412,False,False
1778936123.0887704,data,qos_null,aa:23:4f:4d:00:cf,74:ea:3a:a1:53:a6,74:ea:3a:a1:53:a6,aa:23:4f:4d:00:cf,74:ea:3a:a1:53:a6,,-87,1,2412,False,True
1778936123.089561,data,qos_null,aa:23:4f:4d:00:cf,74:ea:3a:a1:53:a6,74:ea:3a:a1:53:a6,aa:23:4f:4d:00:cf,74:ea:3a:a1:53:a6,,-89,1,2412,False,True
1778936123.09039,data,qos_null,aa:23:4f:4d:00:cf,74:ea:3a:a1:53:a6,74:ea:3a:a1:53:a6,aa:23:4f:4d:00:cf,74:ea:3a:a1:53:a6,,-91,1,2412,False,True
1778936123.092778,data,qos_null,aa:23:4f:4d:00:cf,74:ea:3a:a1:53:a6,74:ea:3a:a1:53:a6,aa:23:4f:4d:00:cf,74:ea:3a:a1:53:a6,,-88,1,2412,False,True
1778936123.0935514,data,qos_null,aa:23:4f:4d:00:cf,74:ea:3a:a1:53:a6,74:ea:3a:a1:53:a6,aa:23:4f:4d:00:cf,74:ea:3a:a1:53:a6,,-87,1,2412,False,True
1778936123.0977051,data,qos_null,aa:23:4f:4d:00:cf,74:ea:3a:a1:53:a6,74:ea:3a:a1:53:a6,aa:23:4f:4d:00:cf,74:ea:3a:a1:53:a6,,-88,1,2412,False,True
1778936123.1001728,data,qos_null,aa:23:4f:4d:00:cf,74:ea:3a:a1:53:a6,74:ea:3a:a1:53:a6,aa:23:4f:4d:00:cf,74:ea:3a:a1:53:a6,,-88,1,2412,False,True
1778936123.14484,management,beacon,d8:d7:75:45:81:24,ff:ff:ff:ff:ff:ff,ff:ff:ff:ff:ff:ff,d8:d7:75:45:81:24,d8:d7:75:45:81:24,FunBox2-8124,-45,1,2412,False,False
1778936123.201631,data,qos_null,aa:23:4f:4d:00:cf,74:ea:3a:a1:53:a6,74:ea:3a:a1:53:a6,aa:23:4f:4d:00:cf,74:ea:3a:a1:53:a6,,-89,1,2412,False,False
1778936123.2473054,management,beacon,d8:d7:75:45:81:24,ff:ff:ff:ff:ff:ff,ff:ff:ff:ff:ff:ff,d8:d7:75:45:81:24,d8:d7:75:45:81:24,FunBox2-8124,-44,1,2412,False,False
1778936123.2712915,control,ack,,ce:d0:54:70:b1:b3,ce:d0:54:70:b1:b3,,,,-88,1,2412,False,False
1778936123.2958615,control,cts,,ce:d0:54:70:b1:b3,ce:d0:54:70:b1:b3,,,,-91,1,2412,False,False
1778936123.379675,management,beacon,d8:d7:75:45:81:24,ff:ff:ff:ff:ff:ff,ff:ff:ff:ff:ff:ff,d8:d7:75:45:81:24,d8:d7:75:45:81:24,FunBox2-8124,-46,1,2412,False,False
1778936123.4520712,management,beacon,d8:d7:75:45:81:24,ff:ff:ff:ff:ff:ff,ff:ff:ff:ff:ff:ff,d8:d7:75:45:81:24,d8:d7:75:45:81:24,FunBox2-8124,-44,1,2412,False,False
1778936123.4692378,management,beacon,ac:84:c6:41:71:22,ff:ff:ff:ff:ff:ff,ff:ff:ff:ff:ff:ff,ac:84:c6:41:71:22,ac:84:c6:41:71:22,TP-LINK_7122,-85,1,2412,False,False
1778936123.554508,management,beacon,d8:d7:75:45:81:24,ff:ff:ff:ff:ff:ff,ff:ff:ff:ff:ff:ff,d8:d7:75:45:81:24,d8:d7:75:45:81:24,FunBox2-8124,-45,1,2412,False,False
1778936123.6475787,control,cts,,ce:d0:54:70:b1:b3,ce:d0:54:70:b1:b3,,,,-85,1,2412,False,False
1778936123.6574233,management,beacon,d8:d7:75:45:81:24,ff:ff:ff:ff:ff:ff,ff:ff:ff:ff:ff:ff,d8:d7:75:45:81:24,d8:d7:75:45:81:24,FunBox2-8124,-47,1,2412,False,False
1778936123.6776323,control,cts,,ce:d0:54:70:b1:b3,ce:d0:54:70:b1:b3,,,,-85,1,2412,False,False
1778936123.6854608,control,cts,,ce:d0:54:70:b1:b3,ce:d0:54:70:b1:b3,,,,-87,1,2412,False,False
1778936123.712038,control,cts,,ce:d0:54:70:b1:b3,ce:d0:54:70:b1:b3,,,,-85,1,2412,False,False
1778936123.7598298,management,beacon,d8:d7:75:45:81:24,ff:ff:ff:ff:ff:ff,ff:ff:ff:ff:ff:ff,d8:d7:75:45:81:24,d8:d7:75:45:81:24,FunBox2-8124,-44,1,2412,False,False
1778936123.7609444,control,cts,,ce:d0:54:70:b1:b3,ce:d0:54:70:b1:b3,,,,-87,1,2412,False,False
1778936123.8620641,management,beacon,d8:d7:75:45:81:24,ff:ff:ff:ff:ff:ff,ff:ff:ff:ff:ff:ff,d8:d7:75:45:81:24,d8:d7:75:45:81:24,FunBox2-8124,-48,1,2412,False,False
1778936123.9641342,management,beacon,d8:d7:75:45:81:24,ff:ff:ff:ff:ff:ff,ff:ff:ff:ff:ff:ff,d8:d7:75:45:81:24,d8:d7:75:45:81:24,FunBox2-8124,-47,1,2412,False,False
1778936123.971808,control,cts,,ce:d0:54:70:b1:b3,ce:d0:54:70:b1:b3,,,,-88,1,2412,False,False
1778936124.0665,management,beacon,d8:d7:75:45:81:24,ff:ff:ff:ff:ff:ff,ff:ff:ff:ff:ff:ff,d8:d7:75:45:81:24,d8:d7:75:45:81:24,FunBox2-8124,-46,1,2412,False,False
1778936124.0685883,data,data,d8:d7:75:45:81:24,33:33:00:00:00:01,33:33:00:00:00:01,d8:d7:75:45:81:24,d8:d7:75:45:81:24,,-46,1,2412,True,False
1778936124.0690818,control,ack,,d8:d7:75:45:81:24,d8:d7:75:45:81:24,,,,-84,1,2412,False,False
1778936124.0690832,data,null_data,50:02:91:e8:18:ec,d8:d7:75:45:81:24,d8:d7:75:45:81:24,50:02:91:e8:18:ec,d8:d7:75:45:81:24,,-84,1,2412,False,False
1778936124.0690842,control,ack,,50:02:91:e8:18:ec,50:02:91:e8:18:ec,,,,-47,1,2412,False,False
1778936124.070686,data,data,d8:d7:75:45:81:24,33:33:00:00:00:16,33:33:00:00:00:16,d8:d7:75:45:81:24,a8:5e:45:c6:9f:b7,,-45,1,2412,True,False
1778936124.072432,data,data,d8:d7:75:45:81:24,33:33:00:00:00:02,33:33:00:00:00:02,d8:d7:75:45:81:24,a8:5e:45:c6:9f:b7,,-44,1,2412,True,False
1778936124.0727355,control,ack,,d8:d7:75:45:81:24,d8:d7:75:45:81:24,,,,-81,1,2412,False,False
1778936124.1689088,management,beacon,d8:d7:75:45:81:24,ff:ff:ff:ff:ff:ff,ff:ff:ff:ff:ff:ff,d8:d7:75:45:81:24,d8:d7:75:45:81:24,FunBox2-8124,-48,1,2412,False,False
1778936124.2331948,data,null_data,50:02:91:e8:18:ec,d8:d7:75:45:81:24,d8:d7:75:45:81:24,50:02:91:e8:18:ec,d8:d7:75:45:81:24,,-83,1,2412,False,False
1778936124.2332125,control,ack,,50:02:91:e8:18:ec,50:02:91:e8:18:ec,,,,-48,1,2412,False,False
1778936124.2713196,management,beacon,d8:d7:75:45:81:24,ff:ff:ff:ff:ff:ff,ff:ff:ff:ff:ff:ff,d8:d7:75:45:81:24,d8:d7:75:45:81:24,FunBox2-8124,-48,1,2412,False,False
1778936124.3737397,management,beacon,d8:d7:75:45:81:24,ff:ff:ff:ff:ff:ff,ff:ff:ff:ff:ff:ff,d8:d7:75:45:81:24,d8:d7:75:45:81:24,FunBox2-8124,-47,1,2412,False,False
1778936124.47614,management,beacon,d8:d7:75:45:81:24,ff:ff:ff:ff:ff:ff,ff:ff:ff:ff:ff:ff,d8:d7:75:45:81:24,d8:d7:75:45:81:24,FunBox2-8124,-47,1,2412,False,False
1778936124.578489,management,beacon,d8:d7:75:45:81:24,ff:ff:ff:ff:ff:ff,ff:ff:ff:ff:ff:ff,d8:d7:75:45:81:24,d8:d7:75:45:81:24,FunBox2-8124,-48,1,2412,False,False
1778936124.6277049,control,cts,,ce:d0:54:70:b1:b3,ce:d0:54:70:b1:b3,,,,-88,1,2412,False,False
1778936124.6289103,control,cts,,ce:d0:54:70:b1:b3,ce:d0:54:70:b1:b3,,,,-87,1,2412,False,False
1778936124.6831858,management,beacon,d8:d7:75:45:81:24,ff:ff:ff:ff:ff:ff,ff:ff:ff:ff:ff:ff,d8:d7:75:45:81:24,d8:d7:75:45:81:24,FunBox2-8124,-46,1,2412,False,False
1778936124.685223,control,ack,,d8:d7:75:45:81:24,d8:d7:75:45:81:24,,,,-84,1,2412,False,False
1778936124.6860344,data,null_data,50:02:91:e8:18:ec,d8:d7:75:45:81:24,d8:d7:75:45:81:24,50:02:91:e8:18:ec,d8:d7:75:45:81:24,,-82,1,2412,False,True
1778936124.686036,control,ack,,50:02:91:e8:18:ec,50:02:91:e8:18:ec,,,,-45,1,2412,False,False
1778936124.7850933,management,beacon,d8:d7:75:45:81:24,ff:ff:ff:ff:ff:ff,ff:ff:ff:ff:ff:ff,d8:d7:75:45:81:24,d8:d7:75:45:81:24,FunBox2-8124,-45,1,2412,False,False
1778936124.8468606,data,null_data,50:02:91:e8:18:ec,d8:d7:75:45:81:24,d8:d7:75:45:81:24,50:02:91:e8:18:ec,d8:d7:75:45:81:24,,-84,1,2412,False,False
1778936124.8470907,data,null_data,50:02:91:e8:18:ec,d8:d7:75:45:81:24,d8:d7:75:45:81:24,50:02:91:e8:18:ec,d8:d7:75:45:81:24,,-84,1,2412,False,True
1778936124.8470929,control,ack,,50:02:91:e8:18:ec,50:02:91:e8:18:ec,,,,-48,1,2412,False,False
1778936124.880876,control,cts,,ce:d0:54:70:b1:b3,ce:d0:54:70:b1:b3,,,,-87,1,2412,False,False
1778936124.8857267,management,beacon,d8:d7:75:45:81:24,ff:ff:ff:ff:ff:ff,ff:ff:ff:ff:ff:ff,d8:d7:75:45:81:24,d8:d7:75:45:81:24,FunBox2-8124,-47,1,2412,False,False
1778936124.9886055,management,beacon,d8:d7:75:45:81:24,ff:ff:ff:ff:ff:ff,ff:ff:ff:ff:ff:ff,d8:d7:75:45:81:24,d8:d7:75:45:81:24,FunBox2-8124,-44,1,2412,False,False
1778936125.09093,management,beacon,d8:d7:75:45:81:24,ff:ff:ff:ff:ff:ff,ff:ff:ff:ff:ff:ff,d8:d7:75:45:81:24,d8:d7:75:45:81:24,FunBox2-8124,-48,1,2412,False,False
1778936125.0984473,control,cts,,ce:d0:54:70:b1:b3,ce:d0:54:70:b1:b3,,,,-88,1,2412,False,False
1778936125.1170175,control,cts,,ce:d0:54:70:b1:b3,ce:d0:54:70:b1:b3,,,,-87,1,2412,False,False
1778936125.1929247,management,beacon,d8:d7:75:45:81:24,ff:ff:ff:ff:ff:ff,ff:ff:ff:ff:ff:ff,d8:d7:75:45:81:24,d8:d7:75:45:81:24,FunBox2-8124,-45,1,2412,False,False
1778936125.2953744,management,beacon,d8:d7:75:45:81:24,ff:ff:ff:ff:ff:ff,ff:ff:ff:ff:ff:ff,d8:d7:75:45:81:24,d8:d7:75:45:81:24,FunBox2-8124,-47,1,2412,False,False
1778936125.3977656,management,beacon,d8:d7:75:45:81:24,ff:ff:ff:ff:ff:ff,ff:ff:ff:ff:ff:ff,d8:d7:75:45:81:24,d8:d7:75:45:81:24,FunBox2-8124,-44,1,2412,False,False
1778936125.413647,management,beacon,ac:84:c6:41:71:22,ff:ff:ff:ff:ff:ff,ff:ff:ff:ff:ff:ff,ac:84:c6:41:71:22,ac:84:c6:41:71:22,TP-LINK_7122,-91,1,2412,False,False
1778936125.5001452,management,beacon,d8:d7:75:45:81:24,ff:ff:ff:ff:ff:ff,ff:ff:ff:ff:ff:ff,d8:d7:75:45:81:24,d8:d7:75:45:81:24,FunBox2-8124,-46,1,2412,False,False
1778936125.5333683,control,cts,,ce:d0:54:70:b1:b3,ce:d0:54:70:b1:b3,,,,-88,1,2412,False,False
1778936125.5351045,control,cts,,ce:d0:54:70:b1:b3,ce:d0:54:70:b1:b3,,,,-88,1,2412,False,False
1778936125.6025782,management,beacon,d8:d7:75:45:81:24,ff:ff:ff:ff:ff:ff,ff:ff:ff:ff:ff:ff,d8:d7:75:45:81:24,d8:d7:75:45:81:24,FunBox2-8124,-44,1,2412,False,False
1778936125.6545122,control,cts,,ce:d0:54:70:b1:b3,ce:d0:54:70:b1:b3,,,,-89,1,2412,False,False
1778936125.7049627,management,beacon,d8:d7:75:45:81:24,ff:ff:ff:ff:ff:ff,ff:ff:ff:ff:ff:ff,d8:d7:75:45:81:24,d8:d7:75:45:81:24,FunBox2-8124,-47,1,2412,False,False
1778936125.8021226,control,cts,,ce:d0:54:70:b1:b3,ce:d0:54:70:b1:b3,,,,-88,1,2412,False,False
1778936125.807358,management,beacon,d8:d7:75:45:81:24,ff:ff:ff:ff:ff:ff,ff:ff:ff:ff:ff:ff,d8:d7:75:45:81:24,d8:d7:75:45:81:24,FunBox2-8124,-48,1,2412,False,False
1778936126.0122352,management,beacon,d8:d7:75:45:81:24,ff:ff:ff:ff:ff:ff,ff:ff:ff:ff:ff:ff,d8:d7:75:45:81:24,d8:d7:75:45:81:24,FunBox2-8124,-47,1,2412,False,False
1778936126.1158066,management,beacon,d8:d7:75:45:81:24,ff:ff:ff:ff:ff:ff,ff:ff:ff:ff:ff:ff,d8:d7:75:45:81:24,d8:d7:75:45:81:24,FunBox2-8124,-47,1,2412,False,False
1778936126.2169857,management,beacon,d8:d7:75:45:81:24,ff:ff:ff:ff:ff:ff,ff:ff:ff:ff:ff:ff,d8:d7:75:45:81:24,d8:d7:75:45:81:24,FunBox2-8124,-46,1,2412,False,False
1778936126.3194273,management,beacon,d8:d7:75:45:81:24,ff:ff:ff:ff:ff:ff,ff:ff:ff:ff:ff:ff,d8:d7:75:45:81:24,d8:d7:75:45:81:24,FunBox2-8124,-48,1,2412,False,False
1778936126.3473449,control,cts,,ce:d0:54:70:b1:b3,ce:d0:54:70:b1:b3,,,,-93,1,2412,False,False
1778936126.4222436,management,beacon,d8:d7:75:45:81:24,ff:ff:ff:ff:ff:ff,ff:ff:ff:ff:ff:ff,d8:d7:75:45:81:24,d8:d7:75:45:81:24,FunBox2-8124,-46,1,2412,False,False
1778936126.4534478,control,cts,,ce:d0:54:70:b1:b3,ce:d0:54:70:b1:b3,,,,-89,1,2412,False,False
1778936126.524217,management,beacon,d8:d7:75:45:81:24,ff:ff:ff:ff:ff:ff,ff:ff:ff:ff:ff:ff,d8:d7:75:45:81:24,d8:d7:75:45:81:24,FunBox2-8124,-46,1,2412,False,False
1778936126.5255861,data,null_data,50:02:91:e8:18:ec,d8:d7:75:45:81:24,d8:d7:75:45:81:24,50:02:91:e8:18:ec,d8:d7:75:45:81:24,,-84,1,2412,False,False
1778936126.5255945,control,ack,,50:02:91:e8:18:ec,50:02:91:e8:18:ec,,,,-47,1,2412,False,False
1778936126.5255954,data,null_data,50:02:91:e8:18:ec,d8:d7:75:45:81:24,d8:d7:75:45:81:24,50:02:91:e8:18:ec,d8:d7:75:45:81:24,,-82,1,2412,False,True
1778936126.526103,data,null_data,50:02:91:e8:18:ec,d8:d7:75:45:81:24,d8:d7:75:45:81:24,50:02:91:e8:18:ec,d8:d7:75:45:81:24,,-84,1,2412,False,True
1778936126.526106,control,ack,,50:02:91:e8:18:ec,50:02:91:e8:18:ec,,,,-44,1,2412,False,False
1778936126.687115,data,null_data,50:02:91:e8:18:ec,d8:d7:75:45:81:24,d8:d7:75:45:81:24,50:02:91:e8:18:ec,d8:d7:75:45:81:24,,-83,1,2412,False,False
1778936126.6871312,control,ack,,50:02:91:e8:18:ec,50:02:91:e8:18:ec,,,,-46,1,2412,False,False
1778936126.7289715,management,beacon,d8:d7:75:45:81:24,ff:ff:ff:ff:ff:ff,ff:ff:ff:ff:ff:ff,d8:d7:75:45:81:24,d8:d7:75:45:81:24,FunBox2-8124,-46,1,2412,False,False
1778936126.831399,management,beacon,d8:d7:75:45:81:24,ff:ff:ff:ff:ff:ff,ff:ff:ff:ff:ff:ff,d8:d7:75:45:81:24,d8:d7:75:45:81:24,FunBox2-8124,-46,1,2412,False,False
1778936126.933833,management,beacon,d8:d7:75:45:81:24,ff:ff:ff:ff:ff:ff,ff:ff:ff:ff:ff:ff,d8:d7:75:45:81:24,d8:d7:75:45:81:24,FunBox2-8124,-46,1,2412,False,False
1778936127.036198,management,beacon,d8:d7:75:45:81:24,ff:ff:ff:ff:ff:ff,ff:ff:ff:ff:ff:ff,d8:d7:75:45:81:24,d8:d7:75:45:81:24,FunBox2-8124,-46,1,2412,False,False
1778936127.2409956,management,beacon,d8:d7:75:45:81:24,ff:ff:ff:ff:ff:ff,ff:ff:ff:ff:ff:ff,d8:d7:75:45:81:24,d8:d7:75:45:81:24,FunBox2-8124,-46,1,2412,False,False
1778936127.3438256,management,beacon,d8:d7:75:45:81:24,ff:ff:ff:ff:ff:ff,ff:ff:ff:ff:ff:ff,d8:d7:75:45:81:24,d8:d7:75:45:81:24,FunBox2-8124,-47,1,2412,False,False
1778936127.4457982,management,beacon,d8:d7:75:45:81:24,ff:ff:ff:ff:ff:ff,ff:ff:ff:ff:ff:ff,d8:d7:75:45:81:24,d8:d7:75:45:81:24,FunBox2-8124,-48,1,2412,False,False
1778936127.4479253,data,data,d8:d7:75:45:81:24,33:33:00:00:00:01,33:33:00:00:00:01,d8:d7:75:45:81:24,d8:d7:75:45:81:24,,-46,1,2412,True,False
1778936127.4486678,control,ack,,d8:d7:75:45:81:24,d8:d7:75:45:81:24,,,,-83,1,2412,False,False
1778936127.4486735,data,null_data,50:02:91:e8:18:ec,d8:d7:75:45:81:24,d8:d7:75:45:81:24,50:02:91:e8:18:ec,d8:d7:75:45:81:24,,-83,1,2412,False,False
1778936127.4486759,control,ack,,50:02:91:e8:18:ec,50:02:91:e8:18:ec,,,,-47,1,2412,False,False
1778936127.4486768,data,null_data,50:02:91:e8:18:ec,d8:d7:75:45:81:24,d8:d7:75:45:81:24,50:02:91:e8:18:ec,d8:d7:75:45:81:24,,-82,1,2412,False,True
1778936127.4486775,control,ack,,50:02:91:e8:18:ec,50:02:91:e8:18:ec,,,,-47,1,2412,False,False
1778936127.4503834,data,data,d8:d7:75:45:81:24,33:33:00:00:00:16,33:33:00:00:00:16,d8:d7:75:45:81:24,a8:5e:45:c6:9f:b7,,-47,1,2412,True,False
1778936127.4507062,control,ack,,d8:d7:75:45:81:24,d8:d7:75:45:81:24,,,,-83,1,2412,False,False
1778936127.4524338,data,data,d8:d7:75:45:81:24,33:33:00:00:00:16,33:33:00:00:00:16,d8:d7:75:45:81:24,a8:5e:45:c6:9f:b7,,-45,1,2412,True,False
1778936127.4527476,control,ack,,d8:d7:75:45:81:24,d8:d7:75:45:81:24,,,,-82,1,2412,False,False
1778936127.5482411,management,beacon,d8:d7:75:45:81:24,ff:ff:ff:ff:ff:ff,ff:ff:ff:ff:ff:ff,d8:d7:75:45:81:24,d8:d7:75:45:81:24,FunBox2-8124,-47,1,2412,False,False
1778936127.6132305,data,null_data,50:02:91:e8:18:ec,d8:d7:75:45:81:24,d8:d7:75:45:81:24,50:02:91:e8:18:ec,d8:d7:75:45:81:24,,-85,1,2412,False,False
1778936127.6132383,control,ack,,50:02:91:e8:18:ec,50:02:91:e8:18:ec,,,,-47,1,2412,False,False
1778936127.7530394,management,beacon,d8:d7:75:45:81:24,ff:ff:ff:ff:ff:ff,ff:ff:ff:ff:ff:ff,d8:d7:75:45:81:24,d8:d7:75:45:81:24,FunBox2-8124,-47,1,2412,False,False
1778936127.8554397,management,beacon,d8:d7:75:45:81:24,ff:ff:ff:ff:ff:ff,ff:ff:ff:ff:ff:ff,d8:d7:75:45:81:24,d8:d7:75:45:81:24,FunBox2-8124,-47,1,2412,False,False
1778936127.9084508,data,qos_null,d8:d7:75:45:81:24,54:35:30:cf:ee:1e,54:35:30:cf:ee:1e,d8:d7:75:45:81:24,d8:d7:75:45:81:24,,-48,1,2412,False,False
1778936127.9087353,control,ack,,d8:d7:75:45:81:24,d8:d7:75:45:81:24,,,,-50,1,2412,False,False
1778936127.9237509,control,cts,,ce:d0:54:70:b1:b3,ce:d0:54:70:b1:b3,,,,-90,1,2412,False,False
1778936127.9578278,management,beacon,d8:d7:75:45:81:24,ff:ff:ff:ff:ff:ff,ff:ff:ff:ff:ff:ff,d8:d7:75:45:81:24,d8:d7:75:45:81:24,FunBox2-8124,-47,1,2412,False,False
1778936128.0602343,management,beacon,d8:d7:75:45:81:24,ff:ff:ff:ff:ff:ff,ff:ff:ff:ff:ff:ff,d8:d7:75:45:81:24,d8:d7:75:45:81:24,FunBox2-8124,-48,1,2412,False,False
1778936128.0616524,data,data,d8:d7:75:45:81:24,33:33:00:00:00:01,33:33:00:00:00:01,d8:d7:75:45:81:24,d8:d7:75:45:81:24,,-47,1,2412,True,False
1778936128.0621495,control,ack,,d8:d7:75:45:81:24,d8:d7:75:45:81:24,,,,-84,1,2412,False,False
1778936128.0621521,data,null_data,50:02:91:e8:18:ec,d8:d7:75:45:81:24,d8:d7:75:45:81:24,50:02:91:e8:18:ec,d8:d7:75:45:81:24,,-85,1,2412,False,False
1778936128.0621536,control,ack,,50:02:91:e8:18:ec,50:02:91:e8:18:ec,,,,-47,1,2412,False,False
1778936128.0626738,data,qos_null,d8:d7:75:45:81:24,50:02:91:e8:18:ec,50:02:91:e8:18:ec,d8:d7:75:45:81:24,d8:d7:75:45:81:24,,-45,1,2412,False,False
1778936128.0629973,control,ack,,d8:d7:75:45:81:24,d8:d7:75:45:81:24,,,,-83,1,2412,False,False
1778936128.1767733,management,beacon,ac:84:c6:41:71:22,ff:ff:ff:ff:ff:ff,ff:ff:ff:ff:ff:ff,ac:84:c6:41:71:22,ac:84:c6:41:71:22,TP-LINK_7122,-87,1,2412,False,False
1778936128.223453,data,null_data,50:02:91:e8:18:ec,d8:d7:75:45:81:24,d8:d7:75:45:81:24,50:02:91:e8:18:ec,d8:d7:75:45:81:24,,-84,1,2412,False,False
1778936128.2234602,control,ack,,50:02:91:e8:18:ec,50:02:91:e8:18:ec,,,,-48,1,2412,False,False
1778936128.265027,management,beacon,d8:d7:75:45:81:24,ff:ff:ff:ff:ff:ff,ff:ff:ff:ff:ff:ff,d8:d7:75:45:81:24,d8:d7:75:45:81:24,FunBox2-8124,-48,1,2412,False,False
1778936128.367433,management,beacon,d8:d7:75:45:81:24,ff:ff:ff:ff:ff:ff,ff:ff:ff:ff:ff:ff,d8:d7:75:45:81:24,d8:d7:75:45:81:24,FunBox2-8124,-46,1,2412,False,False
1778936128.4698896,management,beacon,d8:d7:75:45:81:24,ff:ff:ff:ff:ff:ff,ff:ff:ff:ff:ff:ff,d8:d7:75:45:81:24,d8:d7:75:45:81:24,FunBox2-8124,-46,1,2412,False,False
1778936128.5722399,management,beacon,d8:d7:75:45:81:24,ff:ff:ff:ff:ff:ff,ff:ff:ff:ff:ff:ff,d8:d7:75:45:81:24,d8:d7:75:45:81:24,FunBox2-8124,-48,1,2412,False,False
1778936128.7770574,management,beacon,d8:d7:75:45:81:24,ff:ff:ff:ff:ff:ff,ff:ff:ff:ff:ff:ff,d8:d7:75:45:81:24,d8:d7:75:45:81:24,FunBox2-8124,-46,1,2412,False,False
1778936128.879518,management,beacon,d8:d7:75:45:81:24,ff:ff:ff:ff:ff:ff,ff:ff:ff:ff:ff:ff,d8:d7:75:45:81:24,d8:d7:75:45:81:24,FunBox2-8124,-46,1,2412,False,False
1778936128.8931386,management,beacon,ac:84:c6:41:71:22,ff:ff:ff:ff:ff:ff,ff:ff:ff:ff:ff:ff,ac:84:c6:41:71:22,ac:84:c6:41:71:22,TP-LINK_7122,-85,1,2412,False,False
1778936128.9819145,management,beacon,d8:d7:75:45:81:24,ff:ff:ff:ff:ff:ff,ff:ff:ff:ff:ff:ff,d8:d7:75:45:81:24,d8:d7:75:45:81:24,FunBox2-8124,-46,1,2412,False,False
1778936128.9965792,management,beacon,ac:84:c6:41:71:22,ff:ff:ff:ff:ff:ff,ff:ff:ff:ff:ff:ff,ac:84:c6:41:71:22,ac:84:c6:41:71:22,TP-LINK_7122,-86,1,2412,False,False
1778936129.0843122,management,beacon,d8:d7:75:45:81:24,ff:ff:ff:ff:ff:ff,ff:ff:ff:ff:ff:ff,d8:d7:75:45:81:24,d8:d7:75:45:81:24,FunBox2-8124,-45,1,2412,False,False
1778936129.1485357,control,cts,,ce:d0:54:70:b1:b3,ce:d0:54:70:b1:b3,,,,-87,1,2412,False,False
1778936129.1511211,control,cts,,ce:d0:54:70:b1:b3,ce:d0:54:70:b1:b3,,,,-86,1,2412,False,False
1778936129.2224255,data,null_data,50:02:91:e8:18:ec,d8:d7:75:45:81:24,d8:d7:75:45:81:24,50:02:91:e8:18:ec,d8:d7:75:45:81:24,,-82,1,2412,False,False
1778936129.222447,control,ack,,50:02:91:e8:18:ec,50:02:91:e8:18:ec,,,,-48,1,2412,False,False
1778936129.2890992,management,beacon,d8:d7:75:45:81:24,ff:ff:ff:ff:ff:ff,ff:ff:ff:ff:ff:ff,d8:d7:75:45:81:24,d8:d7:75:45:81:24,FunBox2-8124,-48,1,2412,False,False
1778936129.38329,data,null_data,50:02:91:e8:18:ec,d8:d7:75:45:81:24,d8:d7:75:45:81:24,50:02:91:e8:18:ec,d8:d7:75:45:81:24,,-83,1,2412,False,False
1778936129.383301,control,ack,,50:02:91:e8:18:ec,50:02:91:e8:18:ec,,,,-47,1,2412,False,False
1778936129.3994563,management,beacon,d8:d7:75:45:81:24,ff:ff:ff:ff:ff:ff,ff:ff:ff:ff:ff:ff,d8:d7:75:45:81:24,d8:d7:75:45:81:24,FunBox2-8124,-46,1,2412,False,False
1778936129.4048316,management,beacon,ac:84:c6:41:71:22,ff:ff:ff:ff:ff:ff,ff:ff:ff:ff:ff:ff,ac:84:c6:41:71:22,ac:84:c6:41:71:22,TP-LINK_7122,-86,1,2412,False,False
1778936129.4938865,management,beacon,d8:d7:75:45:81:24,ff:ff:ff:ff:ff:ff,ff:ff:ff:ff:ff:ff,d8:d7:75:45:81:24,d8:d7:75:45:81:24,FunBox2-8124,-48,1,2412,False,False
1778936129.596279,management,beacon,d8:d7:75:45:81:24,ff:ff:ff:ff:ff:ff,ff:ff:ff:ff:ff:ff,d8:d7:75:45:81:24,d8:d7:75:45:81:24,FunBox2-8124,-48,1,2412,False,False
1778936129.801106,management,beacon,d8:d7:75:45:81:24,ff:ff:ff:ff:ff:ff,ff:ff:ff:ff:ff:ff,d8:d7:75:45:81:24,d8:d7:75:45:81:24,FunBox2-8124,-46,1,2412,False,False
1778936129.814643,management,beacon,ac:84:c6:41:71:22,ff:ff:ff:ff:ff:ff,ff:ff:ff:ff:ff:ff,ac:84:c6:41:71:22,ac:84:c6:41:71:22,TP-LINK_7122,-86,1,2412,False,False
1778936129.903541,management,beacon,d8:d7:75:45:81:24,ff:ff:ff:ff:ff:ff,ff:ff:ff:ff:ff:ff,d8:d7:75:45:81:24,d8:d7:75:45:81:24,FunBox2-8124,-47,1,2412,False,False
1778936129.904791,data,data,d8:d7:75:45:81:24,01:00:5e:00:00:01,01:00:5e:00:00:01,d8:d7:75:45:81:24,d8:d7:75:45:81:24,,-46,1,2412,True,False
1778936129.905268,control,ack,,d8:d7:75:45:81:24,d8:d7:75:45:81:24,,,,-82,1,2412,False,False
1778936129.90527,data,null_data,50:02:91:e8:18:ec,d8:d7:75:45:81:24,d8:d7:75:45:81:24,50:02:91:e8:18:ec,d8:d7:75:45:81:24,,-81,1,2412,False,False
1778936129.9052713,control,ack,,50:02:91:e8:18:ec,50:02:91:e8:18:ec,,,,-48,1,2412,False,False
1778936129.9166183,management,beacon,ac:84:c6:41:71:22,ff:ff:ff:ff:ff:ff,ff:ff:ff:ff:ff:ff,ac:84:c6:41:71:22,ac:84:c6:41:71:22,TP-LINK_7122,-88,1,2412,False,False
1778936130.0058978,management,beacon,d8:d7:75:45:81:24,ff:ff:ff:ff:ff:ff,ff:ff:ff:ff:ff:ff,d8:d7:75:45:81:24,d8:d7:75:45:81:24,FunBox2-8124,-46,1,2412,False,False
1778936130.06612,data,null_data,50:02:91:e8:18:ec,d8:d7:75:45:81:24,d8:d7:75:45:81:24,50:02:91:e8:18:ec,d8:d7:75:45:81:24,,-83,1,2412,False,False
1778936130.1083593,management,beacon,d8:d7:75:45:81:24,ff:ff:ff:ff:ff:ff,ff:ff:ff:ff:ff:ff,d8:d7:75:45:81:24,d8:d7:75:45:81:24,FunBox2-8124,-46,1,2412,False,False
1778936130.3141894,management,beacon,d8:d7:75:45:81:24,ff:ff:ff:ff:ff:ff,ff:ff:ff:ff:ff:ff,d8:d7:75:45:81:24,d8:d7:75:45:81:24,FunBox2-8124,-44,1,2412,False,False
1778936130.3215613,control,cts,,ce:d0:54:70:b1:b3,ce:d0:54:70:b1:b3,,,,-87,1,2412,False,False
1778936130.347457,control,cts,,ce:d0:54:70:b1:b3,ce:d0:54:70:b1:b3,,,,-86,1,2412,False,False
1778936130.4155352,management,beacon,d8:d7:75:45:81:24,ff:ff:ff:ff:ff:ff,ff:ff:ff:ff:ff:ff,d8:d7:75:45:81:24,d8:d7:75:45:81:24,FunBox2-8124,-48,1,2412,False,False
1778936130.5179603,management,beacon,d8:d7:75:45:81:24,ff:ff:ff:ff:ff:ff,ff:ff:ff:ff:ff:ff,d8:d7:75:45:81:24,d8:d7:75:45:81:24,FunBox2-8124,-47,1,2412,False,False
1778936130.620378,management,beacon,d8:d7:75:45:81:24,ff:ff:ff:ff:ff:ff,ff:ff:ff:ff:ff:ff,d8:d7:75:45:81:24,d8:d7:75:45:81:24,FunBox2-8124,-47,1,2412,False,False
1778936130.825151,management,beacon,d8:d7:75:45:81:24,ff:ff:ff:ff:ff:ff,ff:ff:ff:ff:ff:ff,d8:d7:75:45:81:24,d8:d7:75:45:81:24,FunBox2-8124,-47,1,2412,False,False
1778936130.9275427,management,beacon,d8:d7:75:45:81:24,ff:ff:ff:ff:ff:ff,ff:ff:ff:ff:ff:ff,d8:d7:75:45:81:24,d8:d7:75:45:81:24,FunBox2-8124,-47,1,2412,False,False
1778936130.9346797,control,cts,,ce:d0:54:70:b1:b3,ce:d0:54:70:b1:b3,,,,-88,1,2412,False,False
1778936131.0299354,management,beacon,d8:d7:75:45:81:24,ff:ff:ff:ff:ff:ff,ff:ff:ff:ff:ff:ff,d8:d7:75:45:81:24,d8:d7:75:45:81:24,FunBox2-8124,-46,1,2412,False,False
1778936131.042225,management,beacon,ac:84:c6:41:71:22,ff:ff:ff:ff:ff:ff,ff:ff:ff:ff:ff:ff,ac:84:c6:41:71:22,ac:84:c6:41:71:22,TP-LINK_7122,-88,1,2412,False,False
1778936131.132345,management,beacon,d8:d7:75:45:81:24,ff:ff:ff:ff:ff:ff,ff:ff:ff:ff:ff:ff,d8:d7:75:45:81:24,d8:d7:75:45:81:24,FunBox2-8124,-45,1,2412,False,False
1778936131.3371968,management,beacon,d8:d7:75:45:81:24,ff:ff:ff:ff:ff:ff,ff:ff:ff:ff:ff:ff,d8:d7:75:45:81:24,d8:d7:75:45:81:24,FunBox2-8124,-44,1,2412,False,False
1778936131.4395604,management,beacon,d8:d7:75:45:81:24,ff:ff:ff:ff:ff:ff,ff:ff:ff:ff:ff:ff,d8:d7:75:45:81:24,d8:d7:75:45:81:24,FunBox2-8124,-46,1,2412,False,False
1778936131.5424373,management,beacon,d8:d7:75:45:81:24,ff:ff:ff:ff:ff:ff,ff:ff:ff:ff:ff:ff,d8:d7:75:45:81:24,d8:d7:75:45:81:24,FunBox2-8124,-44,1,2412,False,False
1778936131.6444168,management,beacon,d8:d7:75:45:81:24,ff:ff:ff:ff:ff:ff,ff:ff:ff:ff:ff:ff,d8:d7:75:45:81:24,d8:d7:75:45:81:24,FunBox2-8124,-46,1,2412,False,False
1778936131.7468271,management,beacon,d8:d7:75:45:81:24,ff:ff:ff:ff:ff:ff,ff:ff:ff:ff:ff:ff,d8:d7:75:45:81:24,d8:d7:75:45:81:24,FunBox2-8124,-47,1,2412,False,False
1778936131.7479928,data,null_data,50:02:91:e8:18:ec,d8:d7:75:45:81:24,d8:d7:75:45:81:24,50:02:91:e8:18:ec,d8:d7:75:45:81:24,,-83,1,2412,False,False
1778936131.747995,control,ack,,50:02:91:e8:18:ec,50:02:91:e8:18:ec,,,,-46,1,2412,False,False
1778936131.7585785,management,beacon,ac:84:c6:41:71:22,ff:ff:ff:ff:ff:ff,ff:ff:ff:ff:ff:ff,ac:84:c6:41:71:22,ac:84:c6:41:71:22,TP-LINK_7122,-85,1,2412,False,False
1778936131.8491793,management,beacon,d8:d7:75:45:81:24,ff:ff:ff:ff:ff:ff,ff:ff:ff:ff:ff:ff,d8:d7:75:45:81:24,d8:d7:75:45:81:24,FunBox2-8124,-45,1,2412,False,False
1778936131.9088848,data,null_data,50:02:91:e8:18:ec,d8:d7:75:45:81:24,d8:d7:75:45:81:24,50:02:91:e8:18:ec,d8:d7:75:45:81:24,,-82,1,2412,False,False
1778936131.9088926,control,ack,,50:02:91:e8:18:ec,50:02:91:e8:18:ec,,,,-47,1,2412,False,False
1778936131.9515946,management,beacon,d8:d7:75:45:81:24,ff:ff:ff:ff:ff:ff,ff:ff:ff:ff:ff:ff,d8:d7:75:45:81:24,d8:d7:75:45:81:24,FunBox2-8124,-44,1,2412,False,False
1778936132.0208168,control,ack,,ce:d0:54:70:b1:b3,ce:d0:54:70:b1:b3,,,,-85,1,2412,False,False
1778936132.046716,control,ack,,ce:d0:54:70:b1:b3,ce:d0:54:70:b1:b3,,,,-89,1,2412,False,False
1778936132.0539885,management,beacon,d8:d7:75:45:81:24,ff:ff:ff:ff:ff:ff,ff:ff:ff:ff:ff:ff,d8:d7:75:45:81:24,d8:d7:75:45:81:24,FunBox2-8124,-47,1,2412,False,False
1778936132.1563928,management,beacon,d8:d7:75:45:81:24,ff:ff:ff:ff:ff:ff,ff:ff:ff:ff:ff:ff,d8:d7:75:45:81:24,d8:d7:75:45:81:24,FunBox2-8124,-48,1,2412,False,False
1778936132.258793,management,beacon,d8:d7:75:45:81:24,ff:ff:ff:ff:ff:ff,ff:ff:ff:ff:ff:ff,d8:d7:75:45:81:24,d8:d7:75:45:81:24,FunBox2-8124,-46,1,2412,False,False
1778936132.3612025,management,beacon,d8:d7:75:45:81:24,ff:ff:ff:ff:ff:ff,ff:ff:ff:ff:ff:ff,d8:d7:75:45:81:24,d8:d7:75:45:81:24,FunBox2-8124,-46,1,2412,False,False
1778936132.4636269,management,beacon,d8:d7:75:45:81:24,ff:ff:ff:ff:ff:ff,ff:ff:ff:ff:ff:ff,d8:d7:75:45:81:24,d8:d7:75:45:81:24,FunBox2-8124,-47,1,2412,False,False
1778936132.5659893,management,beacon,d8:d7:75:45:81:24,ff:ff:ff:ff:ff:ff,ff:ff:ff:ff:ff:ff,d8:d7:75:45:81:24,d8:d7:75:45:81:24,FunBox2-8124,-47,1,2412,False,False
1778936132.6684356,management,beacon,d8:d7:75:45:81:24,ff:ff:ff:ff:ff:ff,ff:ff:ff:ff:ff:ff,d8:d7:75:45:81:24,d8:d7:75:45:81:24,FunBox2-8124,-47,1,2412,False,False
1778936132.7707946,management,beacon,d8:d7:75:45:81:24,ff:ff:ff:ff:ff:ff,ff:ff:ff:ff:ff:ff,d8:d7:75:45:81:24,d8:d7:75:45:81:24,FunBox2-8124,-47,1,2412,False,False
1778936132.8732533,management,beacon,d8:d7:75:45:81:24,ff:ff:ff:ff:ff:ff,ff:ff:ff:ff:ff:ff,d8:d7:75:45:81:24,d8:d7:75:45:81:24,FunBox2-8124,-45,1,2412,False,False
1778936132.9756582,management,beacon,d8:d7:75:45:81:24,ff:ff:ff:ff:ff:ff,ff:ff:ff:ff:ff:ff,d8:d7:75:45:81:24,d8:d7:75:45:81:24,FunBox2-8124,-48,1,2412,False,False
1778936133.0407634,control,ack,,ce:d0:54:70:b1:b3,ce:d0:54:70:b1:b3,,,,-86,1,2412,False,False
1778936133.0664284,control,ack,,ce:d0:54:70:b1:b3,ce:d0:54:70:b1:b3,,,,-85,1,2412,False,False
1778936133.0780723,management,beacon,d8:d7:75:45:81:24,ff:ff:ff:ff:ff:ff,ff:ff:ff:ff:ff:ff,d8:d7:75:45:81:24,d8:d7:75:45:81:24,FunBox2-8124,-46,1,2412,False,False
1778936133.1804671,management,beacon,d8:d7:75:45:81:24,ff:ff:ff:ff:ff:ff,ff:ff:ff:ff:ff:ff,d8:d7:75:45:81:24,d8:d7:75:45:81:24,FunBox2-8124,-46,1,2412,False,False
1778936133.1913037,management,beacon,ac:84:c6:41:71:22,ff:ff:ff:ff:ff:ff,ff:ff:ff:ff:ff:ff,ac:84:c6:41:71:22,ac:84:c6:41:71:22,TP-LINK_7122,-85,1,2412,False,False
1778936133.2067382,control,ack,,ce:d0:54:70:b1:b3,ce:d0:54:70:b1:b3,,,,-84,1,2412,False,False
1778936133.2828197,management,beacon,d8:d7:75:45:81:24,ff:ff:ff:ff:ff:ff,ff:ff:ff:ff:ff:ff,d8:d7:75:45:81:24,d8:d7:75:45:81:24,FunBox2-8124,-45,1,2412,False,False
1778936133.2847824,control,ack,,d8:d7:75:45:81:24,d8:d7:75:45:81:24,,,,-82,1,2412,False,False
1778936133.2847881,data,null_data,50:02:91:e8:18:ec,d8:d7:75:45:81:24,d8:d7:75:45:81:24,50:02:91:e8:18:ec,d8:d7:75:45:81:24,,-83,1,2412,False,False
1778936133.2847896,control,ack,,50:02:91:e8:18:ec,50:02:91:e8:18:ec,,,,-49,1,2412,False,False
1778936133.3852527,management,beacon,d8:d7:75:45:81:24,ff:ff:ff:ff:ff:ff,ff:ff:ff:ff:ff:ff,d8:d7:75:45:81:24,d8:d7:75:45:81:24,FunBox2-8124,-47,1,2412,False,False
1778936133.4457138,data,null_data,50:02:91:e8:18:ec,d8:d7:75:45:81:24,d8:d7:75:45:81:24,50:02:91:e8:18:ec,d8:d7:75:45:81:24,,-81,1,2412,False,False
1778936133.4457293,control,ack,,50:02:91:e8:18:ec,50:02:91:e8:18:ec,,,,-46,1,2412,False,False
1778936133.462975,control,ack,,ce:d0:54:70:b1:b3,ce:d0:54:70:b1:b3,,,,-86,1,2412,False,False
1778936133.4876819,management,beacon,d8:d7:75:45:81:24,ff:ff:ff:ff:ff:ff,ff:ff:ff:ff:ff:ff,d8:d7:75:45:81:24,d8:d7:75:45:81:24,FunBox2-8124,-44,1,2412,False,False
1778936133.5900536,management,beacon,d8:d7:75:45:81:24,ff:ff:ff:ff:ff:ff,ff:ff:ff:ff:ff:ff,d8:d7:75:45:81:24,d8:d7:75:45:81:24,FunBox2-8124,-45,1,2412,False,False
1778936133.6634316,control,ack,,ce:d0:54:70:b1:b3,ce:d0:54:70:b1:b3,,,,-86,1,2412,False,False
1778936133.692439,management,beacon,d8:d7:75:45:81:24,ff:ff:ff:ff:ff:ff,ff:ff:ff:ff:ff:ff,d8:d7:75:45:81:24,d8:d7:75:45:81:24,FunBox2-8124,-47,1,2412,False,False
1778936133.7948418,management,beacon,d8:d7:75:45:81:24,ff:ff:ff:ff:ff:ff,ff:ff:ff:ff:ff:ff,d8:d7:75:45:81:24,d8:d7:75:45:81:24,FunBox2-8124,-48,1,2412,False,False
1778936133.8972714,management,beacon,d8:d7:75:45:81:24,ff:ff:ff:ff:ff:ff,ff:ff:ff:ff:ff:ff,d8:d7:75:45:81:24,d8:d7:75:45:81:24,FunBox2-8124,-46,1,2412,False,False
1778936133.9679768,control,ack,,ce:d0:54:70:b1:b3,ce:d0:54:70:b1:b3,,,,-88,1,2412,False,False
1778936133.9996946,management,beacon,d8:d7:75:45:81:24,ff:ff:ff:ff:ff:ff,ff:ff:ff:ff:ff:ff,d8:d7:75:45:81:24,d8:d7:75:45:81:24,FunBox2-8124,-46,1,2412,False,False
1778936134.102107,management,beacon,d8:d7:75:45:81:24,ff:ff:ff:ff:ff:ff,ff:ff:ff:ff:ff:ff,d8:d7:75:45:81:24,d8:d7:75:45:81:24,FunBox2-8124,-46,1,2412,False,False
1778936134.2044537,management,beacon,d8:d7:75:45:81:24,ff:ff:ff:ff:ff:ff,ff:ff:ff:ff:ff:ff,d8:d7:75:45:81:24,d8:d7:75:45:81:24,FunBox2-8124,-48,1,2412,False,False
1778936134.3068767,management,beacon,d8:d7:75:45:81:24,ff:ff:ff:ff:ff:ff,ff:ff:ff:ff:ff:ff,d8:d7:75:45:81:24,d8:d7:75:45:81:24,FunBox2-8124,-46,1,2412,False,False
1778936134.3290343,control,ack,,ce:d0:54:70:b1:b3,ce:d0:54:70:b1:b3,,,,-87,1,2412,False,False
1778936134.4092863,management,beacon,d8:d7:75:45:81:24,ff:ff:ff:ff:ff:ff,ff:ff:ff:ff:ff:ff,d8:d7:75:45:81:24,d8:d7:75:45:81:24,FunBox2-8124,-49,1,2412,False,False
1778936134.5116575,management,beacon,d8:d7:75:45:81:24,ff:ff:ff:ff:ff:ff,ff:ff:ff:ff:ff:ff,d8:d7:75:45:81:24,d8:d7:75:45:81:24,FunBox2-8124,-47,1,2412,False,False
1778936134.5522192,control,ack,,ce:d0:54:70:b1:b3,ce:d0:54:70:b1:b3,,,,-87,1,2412,False,False
1778936134.614128,management,beacon,d8:d7:75:45:81:24,ff:ff:ff:ff:ff:ff,ff:ff:ff:ff:ff:ff,d8:d7:75:45:81:24,d8:d7:75:45:81:24,FunBox2-8124,-46,1,2412,False,False
1778936134.7164776,management,beacon,d8:d7:75:45:81:24,ff:ff:ff:ff:ff:ff,ff:ff:ff:ff:ff:ff,d8:d7:75:45:81:24,d8:d7:75:45:81:24,FunBox2-8124,-46,1,2412,False,False
1778936134.818894,management,beacon,d8:d7:75:45:81:24,ff:ff:ff:ff:ff:ff,ff:ff:ff:ff:ff:ff,d8:d7:75:45:81:24,d8:d7:75:45:81:24,FunBox2-8124,-45,1,2412,False,False
1778936134.9213066,management,beacon,d8:d7:75:45:81:24,ff:ff:ff:ff:ff:ff,ff:ff:ff:ff:ff:ff,d8:d7:75:45:81:24,d8:d7:75:45:81:24,FunBox2-8124,-46,1,2412,False,False
1778936134.9520879,control,ack,,ce:d0:54:70:b1:b3,ce:d0:54:70:b1:b3,,,,-86,1,2412,False,False
1778936135.0236788,management,beacon,d8:d7:75:45:81:24,ff:ff:ff:ff:ff:ff,ff:ff:ff:ff:ff:ff,d8:d7:75:45:81:24,d8:d7:75:45:81:24,FunBox2-8124,-47,1,2412,False,False
1778936135.126132,management,beacon,d8:d7:75:45:81:24,ff:ff:ff:ff:ff:ff,ff:ff:ff:ff:ff:ff,d8:d7:75:45:81:24,d8:d7:75:45:81:24,FunBox2-8124,-47,1,2412,False,False
1778936135.1273315,data,null_data,50:02:91:e8:18:ec,d8:d7:75:45:81:24,d8:d7:75:45:81:24,50:02:91:e8:18:ec,d8:d7:75:45:81:24,,-83,1,2412,False,False
1778936135.1273394,control,ack,,50:02:91:e8:18:ec,50:02:91:e8:18:ec,,,,-47,1,2412,False,False
1778936135.2077453,control,ack,,ce:d0:54:70:b1:b3,ce:d0:54:70:b1:b3,,,,-87,1,2412,False,False
1778936135.2285397,management,beacon,d8:d7:75:45:81:24,ff:ff:ff:ff:ff:ff,ff:ff:ff:ff:ff:ff,d8:d7:75:45:81:24,d8:d7:75:45:81:24,FunBox2-8124,-47,1,2412,False,False
1778936135.2881787,data,null_data,50:02:91:e8:18:ec,d8:d7:75:45:81:24,d8:d7:75:45:81:24,50:02:91:e8:18:ec,d8:d7:75:45:81:24,,-84,1,2412,False,False
1778936135.2881927,control,ack,,50:02:91:e8:18:ec,50:02:91:e8:18:ec,,,,-49,1,2412,False,False
1778936135.3309443,management,beacon,d8:d7:75:45:81:24,ff:ff:ff:ff:ff:ff,ff:ff:ff:ff:ff:ff,d8:d7:75:45:81:24,d8:d7:75:45:81:24,FunBox2-8124,-46,1,2412,False,False
1778936135.433301,management,beacon,d8:d7:75:45:81:24,ff:ff:ff:ff:ff:ff,ff:ff:ff:ff:ff:ff,d8:d7:75:45:81:24,d8:d7:75:45:81:24,FunBox2-8124,-47,1,2412,False,False
1778936135.5357203,management,beacon,d8:d7:75:45:81:24,ff:ff:ff:ff:ff:ff,ff:ff:ff:ff:ff:ff,d8:d7:75:45:81:24,d8:d7:75:45:81:24,FunBox2-8124,-46,1,2412,False,False
1778936135.609525,control,ack,,ce:d0:54:70:b1:b3,ce:d0:54:70:b1:b3,,,,-86,1,2412,False,False
1778936135.6381567,management,beacon,d8:d7:75:45:81:24,ff:ff:ff:ff:ff:ff,ff:ff:ff:ff:ff:ff,d8:d7:75:45:81:24,d8:d7:75:45:81:24,FunBox2-8124,-47,1,2412,False,False
1778936135.705033,control,rts,54:35:30:cf:ee:1e,d8:d7:75:45:81:24,d8:d7:75:45:81:24,54:35:30:cf:ee:1e,,,-54,1,2412,False,False
1778936135.7050505,control,cts,,54:35:30:cf:ee:1e,54:35:30:cf:ee:1e,,,,-48,1,2412,False,False
1778936135.7050521,data,qos_data,54:35:30:cf:ee:1e,d8:d7:75:45:81:24,d8:d7:75:45:81:24,54:35:30:cf:ee:1e,01:00:5e:7f:ff:fa,,-54,1,2412,True,False
1778936135.705054,control,block_ack,d8:d7:75:45:81:24,54:35:30:cf:ee:1e,54:35:30:cf:ee:1e,d8:d7:75:45:81:24,,,-46,1,2412,False,False
1778936135.7405565,management,beacon,d8:d7:75:45:81:24,ff:ff:ff:ff:ff:ff,ff:ff:ff:ff:ff:ff,d8:d7:75:45:81:24,d8:d7:75:45:81:24,FunBox2-8124,-44,1,2412,False,False
1778936135.7418783,data,data,d8:d7:75:45:81:24,01:00:5e:7f:ff:fa,01:00:5e:7f:ff:fa,d8:d7:75:45:81:24,54:35:30:cf:ee:1e,,-44,1,2412,True,False
1778936135.7423549,control,ack,,d8:d7:75:45:81:24,d8:d7:75:45:81:24,,,,-83,1,2412,False,False
1778936135.7423573,data,null_data,50:02:91:e8:18:ec,d8:d7:75:45:81:24,d8:d7:75:45:81:24,50:02:91:e8:18:ec,d8:d7:75:45:81:24,,-85,1,2412,False,False
1778936135.742358,control,ack,,50:02:91:e8:18:ec,50:02:91:e8:18:ec,,,,-49,1,2412,False,False
1778936135.842926,management,beacon,d8:d7:75:45:81:24,ff:ff:ff:ff:ff:ff,ff:ff:ff:ff:ff:ff,d8:d7:75:45:81:24,d8:d7:75:45:81:24,FunBox2-8124,-46,1,2412,False,False
1778936135.903265,data,null_data,50:02:91:e8:18:ec,d8:d7:75:45:81:24,d8:d7:75:45:81:24,50:02:91:e8:18:ec,d8:d7:75:45:81:24,,-83,1,2412,False,False
1778936135.9032815,control,ack,,50:02:91:e8:18:ec,50:02:91:e8:18:ec,,,,-47,1,2412,False,False
1778936135.9453318,management,beacon,d8:d7:75:45:81:24,ff:ff:ff:ff:ff:ff,ff:ff:ff:ff:ff:ff,d8:d7:75:45:81:24,d8:d7:75:45:81:24,FunBox2-8124,-46,1,2412,False,False
1778936136.0477126,management,beacon,d8:d7:75:45:81:24,ff:ff:ff:ff:ff:ff,ff:ff:ff:ff:ff:ff,d8:d7:75:45:81:24,d8:d7:75:45:81:24,FunBox2-8124,-46,1,2412,False,False
1778936136.1501396,management,beacon,d8:d7:75:45:81:24,ff:ff:ff:ff:ff:ff,ff:ff:ff:ff:ff:ff,d8:d7:75:45:81:24,d8:d7:75:45:81:24,FunBox2-8124,-46,1,2412,False,False
1778936136.2525227,management,beacon,d8:d7:75:45:81:24,ff:ff:ff:ff:ff:ff,ff:ff:ff:ff:ff:ff,d8:d7:75:45:81:24,d8:d7:75:45:81:24,FunBox2-8124,-46,1,2412,False,False
1778936136.3554652,management,beacon,d8:d7:75:45:81:24,ff:ff:ff:ff:ff:ff,ff:ff:ff:ff:ff:ff,d8:d7:75:45:81:24,d8:d7:75:45:81:24,FunBox2-8124,-45,1,2412,False,False
1778936136.4573872,management,beacon,d8:d7:75:45:81:24,ff:ff:ff:ff:ff:ff,ff:ff:ff:ff:ff:ff,d8:d7:75:45:81:24,d8:d7:75:45:81:24,FunBox2-8124,-46,1,2412,False,False
1778936136.5202796,data,null_data,50:02:91:e8:18:ec,d8:d7:75:45:81:24,d8:d7:75:45:81:24,50:02:91:e8:18:ec,d8:d7:75:45:81:24,,-82,1,2412,False,False
1778936136.520291,control,ack,,50:02:91:e8:18:ec,50:02:91:e8:18:ec,,,,-46,1,2412,False,False
1778936136.5212333,control,ack,,50:02:91:e8:18:ec,50:02:91:e8:18:ec,,,,-48,1,2412,False,False
1778936136.5597498,management,beacon,d8:d7:75:45:81:24,ff:ff:ff:ff:ff:ff,ff:ff:ff:ff:ff:ff,d8:d7:75:45:81:24,d8:d7:75:45:81:24,FunBox2-8124,-46,1,2412,False,False
1778936136.5609994,control,ack,,ce:d0:54:70:b1:b3,ce:d0:54:70:b1:b3,,,,-85,1,2412,False,False
1778936136.569437,data,qos_data,d8:d7:75:45:81:24,50:02:91:e8:18:ec,50:02:91:e8:18:ec,d8:d7:75:45:81:24,d8:d7:75:45:81:24,,-48,1,2412,True,False
1778936136.5694454,control,ack,,d8:d7:75:45:81:24,d8:d7:75:45:81:24,,,,-82,1,2412,False,False
1778936136.6621644,management,beacon,d8:d7:75:45:81:24,ff:ff:ff:ff:ff:ff,ff:ff:ff:ff:ff:ff,d8:d7:75:45:81:24,d8:d7:75:45:81:24,FunBox2-8124,-46,1,2412,False,False
1778936136.7301135,data,null_data,50:02:91:e8:18:ec,d8:d7:75:45:81:24,d8:d7:75:45:81:24,50:02:91:e8:18:ec,d8:d7:75:45:81:24,,-83,1,2412,False,False
1778936136.7301238,control,ack,,50:02:91:e8:18:ec,50:02:91:e8:18:ec,,,,-47,1,2412,False,False
1778936136.7645836,management,beacon,d8:d7:75:45:81:24,ff:ff:ff:ff:ff:ff,ff:ff:ff:ff:ff:ff,d8:d7:75:45:81:24,d8:d7:75:45:81:24,FunBox2-8124,-44,1,2412,False,False
1778936136.7731252,management,beacon,ac:84:c6:41:71:22,ff:ff:ff:ff:ff:ff,ff:ff:ff:ff:ff:ff,ac:84:c6:41:71:22,ac:84:c6:41:71:22,TP-LINK_7122,-89,1,2412,False,False
1778936136.8669612,management,beacon,d8:d7:75:45:81:24,ff:ff:ff:ff:ff:ff,ff:ff:ff:ff:ff:ff,d8:d7:75:45:81:24,d8:d7:75:45:81:24,FunBox2-8124,-47,1,2412,False,False
1778936136.9693537,management,beacon,d8:d7:75:45:81:24,ff:ff:ff:ff:ff:ff,ff:ff:ff:ff:ff:ff,d8:d7:75:45:81:24,d8:d7:75:45:81:24,FunBox2-8124,-48,1,2412,False,False
1778936136.970596,data,null_data,50:02:91:e8:18:ec,d8:d7:75:45:81:24,d8:d7:75:45:81:24,50:02:91:e8:18:ec,d8:d7:75:45:81:24,,-83,1,2412,False,False
1778936136.9705985,control,ack,,50:02:91:e8:18:ec,50:02:91:e8:18:ec,,,,-47,1,2412,False,False
1778936136.971051,data,qos_data,d8:d7:75:45:81:24,50:02:91:e8:18:ec,50:02:91:e8:18:ec,d8:d7:75:45:81:24,d8:d7:75:45:81:24,,-48,1,2412,True,False
1778936136.971053,control,ack,,d8:d7:75:45:81:24,d8:d7:75:45:81:24,,,,-81,1,2412,False,False
1778936137.037097,control,ack,,50:02:91:e8:18:ec,50:02:91:e8:18:ec,,,,-47,1,2412,False,False
1778936137.0373251,control,ack,,50:02:91:e8:18:ec,50:02:91:e8:18:ec,,,,-48,1,2412,False,False
1778936137.0718017,management,beacon,d8:d7:75:45:81:24,ff:ff:ff:ff:ff:ff,ff:ff:ff:ff:ff:ff,d8:d7:75:45:81:24,d8:d7:75:45:81:24,FunBox2-8124,-47,1,2412,False,False
1778936137.1741693,management,beacon,d8:d7:75:45:81:24,ff:ff:ff:ff:ff:ff,ff:ff:ff:ff:ff:ff,d8:d7:75:45:81:24,d8:d7:75:45:81:24,FunBox2-8124,-43,1,2412,False,False
1778936137.1982057,data,null_data,50:02:91:e8:18:ec,d8:d7:75:45:81:24,d8:d7:75:45:81:24,50:02:91:e8:18:ec,d8:d7:75:45:81:24,,-83,1,2412,False,False
1778936137.1982172,control,ack,,50:02:91:e8:18:ec,50:02:91:e8:18:ec,,,,-48,1,2412,False,False
1778936137.276608,management,beacon,d8:d7:75:45:81:24,ff:ff:ff:ff:ff:ff,ff:ff:ff:ff:ff:ff,d8:d7:75:45:81:24,d8:d7:75:45:81:24,FunBox2-8124,-44,1,2412,False,False
1778936137.3789704,management,beacon,d8:d7:75:45:81:24,ff:ff:ff:ff:ff:ff,ff:ff:ff:ff:ff:ff,d8:d7:75:45:81:24,d8:d7:75:45:81:24,FunBox2-8124,-47,1,2412,False,False
1778936137.3966134,control,ack,,ce:d0:54:70:b1:b3,ce:d0:54:70:b1:b3,,,,-89,1,2412,False,False
1778936137.4533453,control,ack,,ce:d0:54:70:b1:b3,ce:d0:54:70:b1:b3,,,,-89,1,2412,False,False
1778936137.4813838,management,beacon,d8:d7:75:45:81:24,ff:ff:ff:ff:ff:ff,ff:ff:ff:ff:ff:ff,d8:d7:75:45:81:24,d8:d7:75:45:81:24,FunBox2-8124,-47,1,2412,False,False
1778936137.5837677,management,beacon,d8:d7:75:45:81:24,ff:ff:ff:ff:ff:ff,ff:ff:ff:ff:ff:ff,d8:d7:75:45:81:24,d8:d7:75:45:81:24,FunBox2-8124,-45,1,2412,False,False
1778936137.5845532,data,data,d8:d7:75:45:81:24,ff:ff:ff:ff:ff:ff,ff:ff:ff:ff:ff:ff,d8:d7:75:45:81:24,d8:d7:75:45:81:24,,-46,1,2412,True,False
1778936137.5848715,control,ack,,d8:d7:75:45:81:24,d8:d7:75:45:81:24,,,,-84,1,2412,False,False
1778936137.5859954,data,data,d8:d7:75:45:81:24,ff:ff:ff:ff:ff:ff,ff:ff:ff:ff:ff:ff,d8:d7:75:45:81:24,d8:d7:75:45:81:24,,-44,1,2412,True,False
1778936137.5864794,control,ack,,d8:d7:75:45:81:24,d8:d7:75:45:81:24,,,,-85,1,2412,False,False
1778936137.5864813,data,null_data,50:02:91:e8:18:ec,d8:d7:75:45:81:24,d8:d7:75:45:81:24,50:02:91:e8:18:ec,d8:d7:75:45:81:24,,-83,1,2412,False,False
1778936137.5864825,control,ack,,50:02:91:e8:18:ec,50:02:91:e8:18:ec,,,,-48,1,2412,False,False
1778936137.6793807,data,qos_null,aa:23:4f:4d:00:cf,74:ea:3a:a1:53:a6,74:ea:3a:a1:53:a6,aa:23:4f:4d:00:cf,74:ea:3a:a1:53:a6,,-90,1,2412,False,False
1778936137.6861792,management,beacon,d8:d7:75:45:81:24,ff:ff:ff:ff:ff:ff,ff:ff:ff:ff:ff:ff,d8:d7:75:45:81:24,d8:d7:75:45:81:24,FunBox2-8124,-47,1,2412,False,False
1778936137.7473688,data,null_data,50:02:91:e8:18:ec,d8:d7:75:45:81:24,d8:d7:75:45:81:24,50:02:91:e8:18:ec,d8:d7:75:45:81:24,,-84,1,2412,False,False
1778936137.7473838,control,ack,,50:02:91:e8:18:ec,50:02:91:e8:18:ec,,,,-47,1,2412,False,False
1778936137.7886434,management,beacon,d8:d7:75:45:81:24,ff:ff:ff:ff:ff:ff,ff:ff:ff:ff:ff:ff,d8:d7:75:45:81:24,d8:d7:75:45:81:24,FunBox2-8124,-47,1,2412,False,False
1778936137.891032,management,beacon,d8:d7:75:45:81:24,ff:ff:ff:ff:ff:ff,ff:ff:ff:ff:ff:ff,d8:d7:75:45:81:24,d8:d7:75:45:81:24,FunBox2-8124,-46,1,2412,False,False
1778936137.9935834,management,beacon,d8:d7:75:45:81:24,ff:ff:ff:ff:ff:ff,ff:ff:ff:ff:ff:ff,d8:d7:75:45:81:24,d8:d7:75:45:81:24,FunBox2-8124,-46,1,2412,False,False
1778936138.0958202,management,beacon,d8:d7:75:45:81:24,ff:ff:ff:ff:ff:ff,ff:ff:ff:ff:ff:ff,d8:d7:75:45:81:24,d8:d7:75:45:81:24,FunBox2-8124,-45,1,2412,False,False
1778936138.1982517,management,beacon,d8:d7:75:45:81:24,ff:ff:ff:ff:ff:ff,ff:ff:ff:ff:ff:ff,d8:d7:75:45:81:24,d8:d7:75:45:81:24,FunBox2-8124,-45,1,2412,False,False
1778936138.2153025,control,ack,,ce:d0:54:70:b1:b3,ce:d0:54:70:b1:b3,,,,-87,1,2412,False,False
1778936138.3006647,management,beacon,d8:d7:75:45:81:24,ff:ff:ff:ff:ff:ff,ff:ff:ff:ff:ff:ff,d8:d7:75:45:81:24,d8:d7:75:45:81:24,FunBox2-8124,-46,1,2412,False,False
1778936138.4030223,management,beacon,d8:d7:75:45:81:24,ff:ff:ff:ff:ff:ff,ff:ff:ff:ff:ff:ff,d8:d7:75:45:81:24,d8:d7:75:45:81:24,FunBox2-8124,-48,1,2412,False,False
1778936138.451521,control,cts,,ce:d0:54:70:b1:b3,ce:d0:54:70:b1:b3,,,,-90,1,2412,False,False
1778936138.4529161,control,cts,,ce:d0:54:70:b1:b3,ce:d0:54:70:b1:b3,,,,-89,1,2412,False,False
1778936138.5054288,management,beacon,d8:d7:75:45:81:24,ff:ff:ff:ff:ff:ff,ff:ff:ff:ff:ff:ff,d8:d7:75:45:81:24,d8:d7:75:45:81:24,FunBox2-8124,-47,1,2412,False,False
1778936138.6078417,management,beacon,d8:d7:75:45:81:24,ff:ff:ff:ff:ff:ff,ff:ff:ff:ff:ff:ff,d8:d7:75:45:81:24,d8:d7:75:45:81:24,FunBox2-8124,-45,1,2412,False,False
1778936138.710213,management,beacon,d8:d7:75:45:81:24,ff:ff:ff:ff:ff:ff,ff:ff:ff:ff:ff:ff,d8:d7:75:45:81:24,d8:d7:75:45:81:24,FunBox2-8124,-46,1,2412,False,False
1778936138.8050878,control,cts,,ce:d0:54:70:b1:b3,ce:d0:54:70:b1:b3,,,,-89,1,2412,False,False
1778936138.812637,management,beacon,d8:d7:75:45:81:24,ff:ff:ff:ff:ff:ff,ff:ff:ff:ff:ff:ff,d8:d7:75:45:81:24,d8:d7:75:45:81:24,FunBox2-8124,-47,1,2412,False,False
1778936138.9150777,management,beacon,d8:d7:75:45:81:24,ff:ff:ff:ff:ff:ff,ff:ff:ff:ff:ff:ff,d8:d7:75:45:81:24,d8:d7:75:45:81:24,FunBox2-8124,-47,1,2412,False,False
1778936138.922209,management,beacon,ac:84:c6:41:71:22,ff:ff:ff:ff:ff:ff,ff:ff:ff:ff:ff:ff,ac:84:c6:41:71:22,ac:84:c6:41:71:22,TP-LINK_7122,-91,1,2412,False,False
1778936139.0174575,management,beacon,d8:d7:75:45:81:24,ff:ff:ff:ff:ff:ff,ff:ff:ff:ff:ff:ff,d8:d7:75:45:81:24,d8:d7:75:45:81:24,FunBox2-8124,-48,1,2412,False,False
1778936139.1198273,management,beacon,d8:d7:75:45:81:24,ff:ff:ff:ff:ff:ff,ff:ff:ff:ff:ff:ff,d8:d7:75:45:81:24,d8:d7:75:45:81:24,FunBox2-8124,-45,1,2412,False,False
1778936139.222236,management,beacon,d8:d7:75:45:81:24,ff:ff:ff:ff:ff:ff,ff:ff:ff:ff:ff:ff,d8:d7:75:45:81:24,d8:d7:75:45:81:24,FunBox2-8124,-48,1,2412,False,False
1778936139.3246963,management,beacon,d8:d7:75:45:81:24,ff:ff:ff:ff:ff:ff,ff:ff:ff:ff:ff:ff,d8:d7:75:45:81:24,d8:d7:75:45:81:24,FunBox2-8124,-45,1,2412,False,False
1778936139.4270754,management,beacon,d8:d7:75:45:81:24,ff:ff:ff:ff:ff:ff,ff:ff:ff:ff:ff:ff,d8:d7:75:45:81:24,d8:d7:75:45:81:24,FunBox2-8124,-48,1,2412,False,False
1778936139.428248,data,null_data,50:02:91:e8:18:ec,d8:d7:75:45:81:24,d8:d7:75:45:81:24,50:02:91:e8:18:ec,d8:d7:75:45:81:24,,-82,1,2412,False,False
1778936139.4282508,control,ack,,50:02:91:e8:18:ec,50:02:91:e8:18:ec,,,,-47,1,2412,False,False
1778936139.5891125,data,null_data,50:02:91:e8:18:ec,d8:d7:75:45:81:24,d8:d7:75:45:81:24,50:02:91:e8:18:ec,d8:d7:75:45:81:24,,-82,1,2412,False,False
1778936139.5891213,control,ack,,50:02:91:e8:18:ec,50:02:91:e8:18:ec,,,,-47,1,2412,False,False
1778936139.63187,management,beacon,d8:d7:75:45:81:24,ff:ff:ff:ff:ff:ff,ff:ff:ff:ff:ff:ff,d8:d7:75:45:81:24,d8:d7:75:45:81:24,FunBox2-8124,-45,1,2412,False,False
1778936139.7105634,control,cts,,ce:d0:54:70:b1:b3,ce:d0:54:70:b1:b3,,,,-87,1,2412,False,False
1778936139.7343013,management,beacon,d8:d7:75:45:81:24,ff:ff:ff:ff:ff:ff,ff:ff:ff:ff:ff:ff,d8:d7:75:45:81:24,d8:d7:75:45:81:24,FunBox2-8124,-46,1,2412,False,False
1778936139.836694,management,beacon,d8:d7:75:45:81:24,ff:ff:ff:ff:ff:ff,ff:ff:ff:ff:ff:ff,d8:d7:75:45:81:24,d8:d7:75:45:81:24,FunBox2-8124,-47,1,2412,False,False
1778936139.9390674,management,beacon,d8:d7:75:45:81:24,ff:ff:ff:ff:ff:ff,ff:ff:ff:ff:ff:ff,d8:d7:75:45:81:24,d8:d7:75:45:81:24,FunBox2-8124,-47,1,2412,False,False
1778936140.1439083,management,beacon,d8:d7:75:45:81:24,ff:ff:ff:ff:ff:ff,ff:ff:ff:ff:ff:ff,d8:d7:75:45:81:24,d8:d7:75:45:81:24,FunBox2-8124,-49,1,2412,False,False
1778936140.2462769,management,beacon,d8:d7:75:45:81:24,ff:ff:ff:ff:ff:ff,ff:ff:ff:ff:ff:ff,d8:d7:75:45:81:24,d8:d7:75:45:81:24,FunBox2-8124,-44,1,2412,False,False
1778936140.348714,management,beacon,d8:d7:75:45:81:24,ff:ff:ff:ff:ff:ff,ff:ff:ff:ff:ff:ff,d8:d7:75:45:81:24,d8:d7:75:45:81:24,FunBox2-8124,-46,1,2412,False,False
1778936140.451079,management,beacon,d8:d7:75:45:81:24,ff:ff:ff:ff:ff:ff,ff:ff:ff:ff:ff:ff,d8:d7:75:45:81:24,d8:d7:75:45:81:24,FunBox2-8124,-45,1,2412,False,False
1778936140.65592,management,beacon,d8:d7:75:45:81:24,ff:ff:ff:ff:ff:ff,ff:ff:ff:ff:ff:ff,d8:d7:75:45:81:24,d8:d7:75:45:81:24,FunBox2-8124,-46,1,2412,False,False
1778936140.7583213,management,beacon,d8:d7:75:45:81:24,ff:ff:ff:ff:ff:ff,ff:ff:ff:ff:ff:ff,d8:d7:75:45:81:24,d8:d7:75:45:81:24,FunBox2-8124,-49,1,2412,False,False
1778936140.860761,management,beacon,d8:d7:75:45:81:24,ff:ff:ff:ff:ff:ff,ff:ff:ff:ff:ff:ff,d8:d7:75:45:81:24,d8:d7:75:45:81:24,FunBox2-8124,-48,1,2412,False,False
1778936140.9631472,management,beacon,d8:d7:75:45:81:24,ff:ff:ff:ff:ff:ff,ff:ff:ff:ff:ff:ff,d8:d7:75:45:81:24,d8:d7:75:45:81:24,FunBox2-8124,-48,1,2412,False,False
1778936140.9643276,data,null_data,50:02:91:e8:18:ec,d8:d7:75:45:81:24,d8:d7:75:45:81:24,50:02:91:e8:18:ec,d8:d7:75:45:81:24,,-84,1,2412,False,False
1778936140.964334,control,ack,,50:02:91:e8:18:ec,50:02:91:e8:18:ec,,,,-50,1,2412,False,False
1778936141.1251917,data,null_data,50:02:91:e8:18:ec,d8:d7:75:45:81:24,d8:d7:75:45:81:24,50:02:91:e8:18:ec,d8:d7:75:45:81:24,,-84,1,2412,False,False
1778936141.125211,control,ack,,50:02:91:e8:18:ec,50:02:91:e8:18:ec,,,,-52,1,2412,False,False
1778936141.1679046,management,beacon,d8:d7:75:45:81:24,ff:ff:ff:ff:ff:ff,ff:ff:ff:ff:ff:ff,d8:d7:75:45:81:24,d8:d7:75:45:81:24,FunBox2-8124,-52,1,2412,False,False
1778936141.2703605,management,beacon,d8:d7:75:45:81:24,ff:ff:ff:ff:ff:ff,ff:ff:ff:ff:ff:ff,d8:d7:75:45:81:24,d8:d7:75:45:81:24,FunBox2-8124,-46,1,2412,False,False
1778936141.3727107,management,beacon,d8:d7:75:45:81:24,ff:ff:ff:ff:ff:ff,ff:ff:ff:ff:ff:ff,d8:d7:75:45:81:24,d8:d7:75:45:81:24,FunBox2-8124,-49,1,2412,False,False
1778936141.4751413,management,beacon,d8:d7:75:45:81:24,ff:ff:ff:ff:ff:ff,ff:ff:ff:ff:ff:ff,d8:d7:75:45:81:24,d8:d7:75:45:81:24,FunBox2-8124,-49,1,2412,False,False
1778936141.5793357,data,data,d8:d7:75:45:81:24,33:33:00:00:00:01,33:33:00:00:00:01,d8:d7:75:45:81:24,d8:d7:75:45:81:24,,-49,1,2412,True,False
1778936141.5796266,control,ack,,d8:d7:75:45:81:24,d8:d7:75:45:81:24,,,,-80,1,2412,False,False
1778936141.581196,data,data,d8:d7:75:45:81:24,33:33:00:00:00:01,33:33:00:00:00:01,d8:d7:75:45:81:24,d8:d7:75:45:81:24,,-49,1,2412,True,False
1778936141.5815094,control,ack,,d8:d7:75:45:81:24,d8:d7:75:45:81:24,,,,-80,1,2412,False,False
1778936141.679984,management,beacon,d8:d7:75:45:81:24,ff:ff:ff:ff:ff:ff,ff:ff:ff:ff:ff:ff,d8:d7:75:45:81:24,d8:d7:75:45:81:24,FunBox2-8124,-54,1,2412,False,False
1778936141.6811197,data,null_data,50:02:91:e8:18:ec,d8:d7:75:45:81:24,d8:d7:75:45:81:24,50:02:91:e8:18:ec,d8:d7:75:45:81:24,,-86,1,2412,False,False
1778936141.6811223,control,ack,,50:02:91:e8:18:ec,50:02:91:e8:18:ec,,,,-57,1,2412,False,False
1778936141.6814685,data,qos_data,d8:d7:75:45:81:24,50:02:91:e8:18:ec,50:02:91:e8:18:ec,d8:d7:75:45:81:24,d8:d7:75:45:81:24,,-56,1,2412,True,False
1778936141.6814704,control,ack,,d8:d7:75:45:81:24,d8:d7:75:45:81:24,,,,-84,1,2412,False,False
1778936141.6823747,control,ack,,50:02:91:e8:18:ec,50:02:91:e8:18:ec,,,,-58,1,2412,False,False
1778936141.8432171,data,null_data,50:02:91:e8:18:ec,d8:d7:75:45:81:24,d8:d7:75:45:81:24,50:02:91:e8:18:ec,d8:d7:75:45:81:24,,-86,1,2412,False,False
1778936141.8432264,control,ack,,50:02:91:e8:18:ec,50:02:91:e8:18:ec,,,,-50,1,2412,False,False
1778936141.8847795,management,beacon,d8:d7:75:45:81:24,ff:ff:ff:ff:ff:ff,ff:ff:ff:ff:ff:ff,d8:d7:75:45:81:24,d8:d7:75:45:81:24,FunBox2-8124,-59,1,2412,False,False
1778936141.9871342,management,beacon,d8:d7:75:45:81:24,ff:ff:ff:ff:ff:ff,ff:ff:ff:ff:ff:ff,d8:d7:75:45:81:24,d8:d7:75:45:81:24,FunBox2-8124,-53,1,2412,False,False
1778936142.1919978,management,beacon,d8:d7:75:45:81:24,ff:ff:ff:ff:ff:ff,ff:ff:ff:ff:ff:ff,d8:d7:75:45:81:24,d8:d7:75:45:81:24,FunBox2-8124,-48,1,2412,False,False
1778936142.2943714,management,beacon,d8:d7:75:45:81:24,ff:ff:ff:ff:ff:ff,ff:ff:ff:ff:ff:ff,d8:d7:75:45:81:24,d8:d7:75:45:81:24,FunBox2-8124,-48,1,2412,False,False
1778936142.3967586,management,beacon,d8:d7:75:45:81:24,ff:ff:ff:ff:ff:ff,ff:ff:ff:ff:ff:ff,d8:d7:75:45:81:24,d8:d7:75:45:81:24,FunBox2-8124,-55,1,2412,False,False
1778936142.4991934,management,beacon,d8:d7:75:45:81:24,ff:ff:ff:ff:ff:ff,ff:ff:ff:ff:ff:ff,d8:d7:75:45:81:24,d8:d7:75:45:81:24,FunBox2-8124,-53,1,2412,False,False
1778936142.706471,management,beacon,d8:d7:75:45:81:24,ff:ff:ff:ff:ff:ff,ff:ff:ff:ff:ff:ff,d8:d7:75:45:81:24,d8:d7:75:45:81:24,FunBox2-8124,-47,1,2412,False,False
1778936142.8065207,management,beacon,d8:d7:75:45:81:24,ff:ff:ff:ff:ff:ff,ff:ff:ff:ff:ff:ff,d8:d7:75:45:81:24,d8:d7:75:45:81:24,FunBox2-8124,-45,1,2412,False,False
1778936142.807993,data,data,d8:d7:75:45:81:24,33:33:ff:7d:78:01,33:33:ff:7d:78:01,d8:d7:75:45:81:24,d8:d7:75:45:81:24,,-46,1,2412,True,False
1778936142.8084655,control,ack,,d8:d7:75:45:81:24,d8:d7:75:45:81:24,,,,-82,1,2412,False,False
1778936142.8084679,data,null_data,50:02:91:e8:18:ec,d8:d7:75:45:81:24,d8:d7:75:45:81:24,50:02:91:e8:18:ec,d8:d7:75:45:81:24,,-81,1,2412,False,False
1778936142.808469,control,ack,,50:02:91:e8:18:ec,50:02:91:e8:18:ec,,,,-50,1,2412,False,False
1778936142.8123507,data,data,d8:d7:75:45:81:24,33:33:00:00:00:01,33:33:00:00:00:01,d8:d7:75:45:81:24,d8:d7:75:45:81:24,,-52,1,2412,True,False
1778936142.8126452,control,ack,,d8:d7:75:45:81:24,d8:d7:75:45:81:24,,,,-82,1,2412,False,False
1778936142.9730964,control,ack,,50:02:91:e8:18:ec,50:02:91:e8:18:ec,,,,-54,1,2412,False,False
1778936143.0111918,management,beacon,d8:d7:75:45:81:24,ff:ff:ff:ff:ff:ff,ff:ff:ff:ff:ff:ff,d8:d7:75:45:81:24,d8:d7:75:45:81:24,FunBox2-8124,-55,1,2412,False,False
1778936143.2191055,management,beacon,d8:d7:75:45:81:24,ff:ff:ff:ff:ff:ff,ff:ff:ff:ff:ff:ff,d8:d7:75:45:81:24,d8:d7:75:45:81:24,FunBox2-8124,-59,1,2412,False,False
1778936143.3870084,control,cts,,ce:d0:54:70:b1:b3,ce:d0:54:70:b1:b3,,,,-88,1,2412,False,False
1778936143.4208136,management,beacon,d8:d7:75:45:81:24,ff:ff:ff:ff:ff:ff,ff:ff:ff:ff:ff:ff,d8:d7:75:45:81:24,d8:d7:75:45:81:24,FunBox2-8124,-59,1,2412,False,False
1778936143.4226906,management,probe_request,0a:e3:1b:36:22:ce,ff:ff:ff:ff:ff:ff,ff:ff:ff:ff:ff:ff,0a:e3:1b:36:22:ce,ff:ff:ff:ff:ff:ff,<hidden>,-39,1,2412,False,False
1778936143.4414427,management,probe_request,0a:e3:1b:36:22:ce,ff:ff:ff:ff:ff:ff,ff:ff:ff:ff:ff:ff,0a:e3:1b:36:22:ce,ff:ff:ff:ff:ff:ff,<hidden>,-50,1,2412,False,False
1778936143.5231984,management,beacon,d8:d7:75:45:81:24,ff:ff:ff:ff:ff:ff,ff:ff:ff:ff:ff:ff,d8:d7:75:45:81:24,d8:d7:75:45:81:24,FunBox2-8124,-59,1,2412,False,False
1778936143.727997,management,beacon,d8:d7:75:45:81:24,ff:ff:ff:ff:ff:ff,ff:ff:ff:ff:ff:ff,d8:d7:75:45:81:24,d8:d7:75:45:81:24,FunBox2-8124,-52,1,2412,False,False
1778936143.7320728,management,beacon,ac:84:c6:41:71:22,ff:ff:ff:ff:ff:ff,ff:ff:ff:ff:ff:ff,ac:84:c6:41:71:22,ac:84:c6:41:71:22,TP-LINK_7122,-88,1,2412,False,False
1778936143.808951,control,block_ack,dc:a9:71:95:8d:5a,98:42:65:a1:04:0a,98:42:65:a1:04:0a,dc:a9:71:95:8d:5a,,,-90,1,2412,False,False
1778936143.8280153,control,ack,,ce:d0:54:70:b1:b3,ce:d0:54:70:b1:b3,,,,-88,1,2412,False,False
1778936143.8307047,management,beacon,d8:d7:75:45:81:24,ff:ff:ff:ff:ff:ff,ff:ff:ff:ff:ff:ff,d8:d7:75:45:81:24,d8:d7:75:45:81:24,FunBox2-8124,-48,1,2412,False,False
1778936143.932833,management,beacon,d8:d7:75:45:81:24,ff:ff:ff:ff:ff:ff,ff:ff:ff:ff:ff:ff,d8:d7:75:45:81:24,d8:d7:75:45:81:24,FunBox2-8124,-50,1,2412,False,False
1778936144.0352702,management,beacon,d8:d7:75:45:81:24,ff:ff:ff:ff:ff:ff,ff:ff:ff:ff:ff:ff,d8:d7:75:45:81:24,d8:d7:75:45:81:24,FunBox2-8124,-48,1,2412,False,False
1778936144.1302345,control,ack,,ce:d0:54:70:b1:b3,ce:d0:54:70:b1:b3,,,,-90,1,2412,False,False
1778936144.1414354,management,beacon,ac:84:c6:41:71:22,ff:ff:ff:ff:ff:ff,ff:ff:ff:ff:ff:ff,ac:84:c6:41:71:22,ac:84:c6:41:71:22,TP-LINK_7122,-91,1,2412,False,False
1778936144.2400594,management,beacon,d8:d7:75:45:81:24,ff:ff:ff:ff:ff:ff,ff:ff:ff:ff:ff:ff,d8:d7:75:45:81:24,d8:d7:75:45:81:24,FunBox2-8124,-51,1,2412,False,False
1778936144.3424308,management,beacon,d8:d7:75:45:81:24,ff:ff:ff:ff:ff:ff,ff:ff:ff:ff:ff:ff,d8:d7:75:45:81:24,d8:d7:75:45:81:24,FunBox2-8124,-52,1,2412,False,False
1778936144.343914,data,data,d8:d7:75:45:81:24,01:00:5e:00:00:fb,01:00:5e:00:00:fb,d8:d7:75:45:81:24,8a:f4:af:eb:f3:fb,,-52,1,2412,True,False
1778936144.3442087,control,ack,,d8:d7:75:45:81:24,d8:d7:75:45:81:24,,,,-88,1,2412,False,False
1778936144.348243,data,data,d8:d7:75:45:81:24,33:33:00:00:00:fb,33:33:00:00:00:fb,d8:d7:75:45:81:24,8a:f4:af:eb:f3:fb,,-59,1,2412,True,False
1778936144.3485327,control,ack,,d8:d7:75:45:81:24,d8:d7:75:45:81:24,,,,-87,1,2412,False,False
1778936144.3817225,control,ack,,ce:d0:54:70:b1:b3,ce:d0:54:70:b1:b3,,,,-91,1,2412,False,False
1778936144.4069211,control,ack,,ce:d0:54:70:b1:b3,ce:d0:54:70:b1:b3,,,,-87,1,2412,False,False
1778936144.444865,management,beacon,d8:d7:75:45:81:24,ff:ff:ff:ff:ff:ff,ff:ff:ff:ff:ff:ff,d8:d7:75:45:81:24,d8:d7:75:45:81:24,FunBox2-8124,-53,1,2412,False,False
1778936144.4484506,management,beacon,ac:84:c6:41:71:22,ff:ff:ff:ff:ff:ff,ff:ff:ff:ff:ff:ff,ac:84:c6:41:71:22,ac:84:c6:41:71:22,TP-LINK_7122,-89,1,2412,False,False
1778936144.5089817,control,ack,,50:02:91:e8:18:ec,50:02:91:e8:18:ec,,,,-49,1,2412,False,False
1778936144.5472875,management,beacon,d8:d7:75:45:81:24,ff:ff:ff:ff:ff:ff,ff:ff:ff:ff:ff:ff,d8:d7:75:45:81:24,d8:d7:75:45:81:24,FunBox2-8124,-52,1,2412,False,False
1778936144.6496506,management,beacon,d8:d7:75:45:81:24,ff:ff:ff:ff:ff:ff,ff:ff:ff:ff:ff:ff,d8:d7:75:45:81:24,d8:d7:75:45:81:24,FunBox2-8124,-43,1,2412,False,False
1778936144.7520826,management,beacon,d8:d7:75:45:81:24,ff:ff:ff:ff:ff:ff,ff:ff:ff:ff:ff:ff,d8:d7:75:45:81:24,d8:d7:75:45:81:24,FunBox2-8124,-43,1,2412,False,False
1778936144.8544507,management,beacon,d8:d7:75:45:81:24,ff:ff:ff:ff:ff:ff,ff:ff:ff:ff:ff:ff,d8:d7:75:45:81:24,d8:d7:75:45:81:24,FunBox2-8124,-44,1,2412,False,False
1778936144.9568782,management,beacon,d8:d7:75:45:81:24,ff:ff:ff:ff:ff:ff,ff:ff:ff:ff:ff:ff,d8:d7:75:45:81:24,d8:d7:75:45:81:24,FunBox2-8124,-48,1,2412,False,False
1778936145.059295,management,beacon,d8:d7:75:45:81:24,ff:ff:ff:ff:ff:ff,ff:ff:ff:ff:ff:ff,d8:d7:75:45:81:24,d8:d7:75:45:81:24,FunBox2-8124,-47,1,2412,False,False
1778936145.1175532,data,qos_null,aa:23:4f:4d:00:cf,74:ea:3a:a1:53:a6,74:ea:3a:a1:53:a6,aa:23:4f:4d:00:cf,74:ea:3a:a1:53:a6,,-88,1,2412,False,False
1778936145.161668,management,beacon,d8:d7:75:45:81:24,ff:ff:ff:ff:ff:ff,ff:ff:ff:ff:ff:ff,d8:d7:75:45:81:24,d8:d7:75:45:81:24,FunBox2-8124,-43,1,2412,False,False
1778936145.1932566,control,ack,,ce:d0:54:70:b1:b3,ce:d0:54:70:b1:b3,,,,-87,1,2412,False,False
1778936145.2640696,management,beacon,d8:d7:75:45:81:24,ff:ff:ff:ff:ff:ff,ff:ff:ff:ff:ff:ff,d8:d7:75:45:81:24,d8:d7:75:45:81:24,FunBox2-8124,-47,1,2412,False,False
1778936145.366475,management,beacon,d8:d7:75:45:81:24,ff:ff:ff:ff:ff:ff,ff:ff:ff:ff:ff:ff,d8:d7:75:45:81:24,d8:d7:75:45:81:24,FunBox2-8124,-53,1,2412,False,False
1778936145.5712998,management,beacon,d8:d7:75:45:81:24,ff:ff:ff:ff:ff:ff,ff:ff:ff:ff:ff:ff,d8:d7:75:45:81:24,d8:d7:75:45:81:24,FunBox2-8124,-45,1,2412,False,False
1778936145.5728302,data,data,d8:d7:75:45:81:24,01:00:5e:00:00:fb,01:00:5e:00:00:fb,d8:d7:75:45:81:24,8a:f4:af:eb:f3:fb,,-44,1,2412,True,False
1778936145.5734806,control,ack,,d8:d7:75:45:81:24,d8:d7:75:45:81:24,,,,-83,1,2412,False,False
1778936145.5734842,data,null_data,50:02:91:e8:18:ec,d8:d7:75:45:81:24,d8:d7:75:45:81:24,50:02:91:e8:18:ec,d8:d7:75:45:81:24,,-86,1,2412,False,True
1778936145.5734856,control,ack,,50:02:91:e8:18:ec,50:02:91:e8:18:ec,,,,-45,1,2412,False,False
1778936145.5771885,data,data,d8:d7:75:45:81:24,33:33:00:00:00:fb,33:33:00:00:00:fb,d8:d7:75:45:81:24,8a:f4:af:eb:f3:fb,,-44,1,2412,True,False
1778936145.673682,management,beacon,d8:d7:75:45:81:24,ff:ff:ff:ff:ff:ff,ff:ff:ff:ff:ff:ff,d8:d7:75:45:81:24,d8:d7:75:45:81:24,FunBox2-8124,-48,1,2412,False,False
1778936145.7343574,data,null_data,50:02:91:e8:18:ec,d8:d7:75:45:81:24,d8:d7:75:45:81:24,50:02:91:e8:18:ec,d8:d7:75:45:81:24,,-81,1,2412,False,False
1778936145.7760699,management,beacon,d8:d7:75:45:81:24,ff:ff:ff:ff:ff:ff,ff:ff:ff:ff:ff:ff,d8:d7:75:45:81:24,d8:d7:75:45:81:24,FunBox2-8124,-47,1,2412,False,False
1778936145.878521,management,beacon,d8:d7:75:45:81:24,ff:ff:ff:ff:ff:ff,ff:ff:ff:ff:ff:ff,d8:d7:75:45:81:24,d8:d7:75:45:81:24,FunBox2-8124,-48,1,2412,False,False
1778936145.9809456,management,beacon,d8:d7:75:45:81:24,ff:ff:ff:ff:ff:ff,ff:ff:ff:ff:ff:ff,d8:d7:75:45:81:24,d8:d7:75:45:81:24,FunBox2-8124,-45,1,2412,False,False
1778936146.0012095,management,probe_request,5a:42:57:22:63:89,ff:ff:ff:ff:ff:ff,ff:ff:ff:ff:ff:ff,5a:42:57:22:63:89,ff:ff:ff:ff:ff:ff,<hidden>,-47,1,2412,False,False
1778936146.0044494,management,probe_response,d8:d7:75:45:81:24,5a:42:57:22:63:89,5a:42:57:22:63:89,d8:d7:75:45:81:24,d8:d7:75:45:81:24,FunBox2-8124,-45,1,2412,False,False
1778936146.0047462,control,ack,,d8:d7:75:45:81:24,d8:d7:75:45:81:24,,,,-45,1,2412,False,False
1778936146.0124412,management,probe_request,5a:42:57:22:63:89,ff:ff:ff:ff:ff:ff,ff:ff:ff:ff:ff:ff,5a:42:57:22:63:89,ff:ff:ff:ff:ff:ff,<hidden>,-48,1,2412,False,False
1778936146.0156767,management,probe_response,d8:d7:75:45:81:24,5a:42:57:22:63:89,5a:42:57:22:63:89,d8:d7:75:45:81:24,d8:d7:75:45:81:24,FunBox2-8124,-47,1,2412,False,False
1778936146.0159557,control,ack,,d8:d7:75:45:81:24,d8:d7:75:45:81:24,,,,-46,1,2412,False,False
1778936146.035603,management,probe_response,d8:d7:75:45:81:24,66:dc:cc:91:8b:63,66:dc:cc:91:8b:63,d8:d7:75:45:81:24,d8:d7:75:45:81:24,FunBox2-8124,-47,1,2412,False,False
1778936146.0391552,management,probe_response,d8:d7:75:45:81:24,66:dc:cc:91:8b:63,66:dc:cc:91:8b:63,d8:d7:75:45:81:24,d8:d7:75:45:81:24,FunBox2-8124,-47,1,2412,False,True
1778936146.0433621,management,probe_response,d8:d7:75:45:81:24,66:dc:cc:91:8b:63,66:dc:cc:91:8b:63,d8:d7:75:45:81:24,d8:d7:75:45:81:24,FunBox2-8124,-46,1,2412,False,True
1778936146.049135,management,probe_response,d8:d7:75:45:81:24,66:dc:cc:91:8b:63,66:dc:cc:91:8b:63,d8:d7:75:45:81:24,d8:d7:75:45:81:24,FunBox2-8124,-47,1,2412,False,True
1778936146.0530086,management,probe_response,d8:d7:75:45:81:24,66:dc:cc:91:8b:63,66:dc:cc:91:8b:63,d8:d7:75:45:81:24,d8:d7:75:45:81:24,FunBox2-8124,-47,1,2412,False,True
1778936146.0832872,management,beacon,d8:d7:75:45:81:24,ff:ff:ff:ff:ff:ff,ff:ff:ff:ff:ff:ff,d8:d7:75:45:81:24,d8:d7:75:45:81:24,FunBox2-8124,-49,1,2412,False,False
1778936146.1857483,management,beacon,d8:d7:75:45:81:24,ff:ff:ff:ff:ff:ff,ff:ff:ff:ff:ff:ff,d8:d7:75:45:81:24,d8:d7:75:45:81:24,FunBox2-8124,-47,1,2412,False,False
1778936146.2880905,management,beacon,d8:d7:75:45:81:24,ff:ff:ff:ff:ff:ff,ff:ff:ff:ff:ff:ff,d8:d7:75:45:81:24,d8:d7:75:45:81:24,FunBox2-8124,-50,1,2412,False,False
1778936146.2905593,management,beacon,ac:84:c6:41:71:22,ff:ff:ff:ff:ff:ff,ff:ff:ff:ff:ff:ff,ac:84:c6:41:71:22,ac:84:c6:41:71:22,TP-LINK_7122,-89,1,2412,False,False
1778936146.3412902,management,probe_request,56:1a:60:c2:5f:5c,ff:ff:ff:ff:ff:ff,ff:ff:ff:ff:ff:ff,56:1a:60:c2:5f:5c,ff:ff:ff:ff:ff:ff,<hidden>,-45,1,2412,False,False
1778936146.352543,management,probe_request,56:1a:60:c2:5f:5c,ff:ff:ff:ff:ff:ff,ff:ff:ff:ff:ff:ff,56:1a:60:c2:5f:5c,ff:ff:ff:ff:ff:ff,<hidden>,-46,1,2412,False,False
1778936146.3557732,management,probe_response,d8:d7:75:45:81:24,56:1a:60:c2:5f:5c,56:1a:60:c2:5f:5c,d8:d7:75:45:81:24,d8:d7:75:45:81:24,FunBox2-8124,-47,1,2412,False,False
1778936146.3599613,management,probe_response,d8:d7:75:45:81:24,56:1a:60:c2:5f:5c,56:1a:60:c2:5f:5c,d8:d7:75:45:81:24,d8:d7:75:45:81:24,FunBox2-8124,-49,1,2412,False,True
1778936146.3680809,management,probe_response,d8:d7:75:45:81:24,56:1a:60:c2:5f:5c,56:1a:60:c2:5f:5c,d8:d7:75:45:81:24,d8:d7:75:45:81:24,FunBox2-8124,-47,1,2412,False,True
1778936146.3719804,management,probe_response,d8:d7:75:45:81:24,56:1a:60:c2:5f:5c,56:1a:60:c2:5f:5c,d8:d7:75:45:81:24,d8:d7:75:45:81:24,FunBox2-8124,-47,1,2412,False,True
1778936146.3904953,management,beacon,d8:d7:75:45:81:24,ff:ff:ff:ff:ff:ff,ff:ff:ff:ff:ff:ff,d8:d7:75:45:81:24,d8:d7:75:45:81:24,FunBox2-8124,-49,1,2412,False,False
1778936146.4154584,control,cts,,ce:d0:54:70:b1:b3,ce:d0:54:70:b1:b3,,,,-90,1,2412,False,False
1778936146.495961,data,null_data,50:02:91:e8:18:ec,d8:d7:75:45:81:24,d8:d7:75:45:81:24,50:02:91:e8:18:ec,d8:d7:75:45:81:24,,-86,1,2412,False,True
1778936146.4962752,control,ack,,50:02:91:e8:18:ec,50:02:91:e8:18:ec,,,,-50,1,2412,False,False
1778936146.4975867,data,data,d8:d7:75:45:81:24,33:33:00:00:00:01,33:33:00:00:00:01,d8:d7:75:45:81:24,d8:d7:75:45:81:24,,-47,1,2412,True,False
1778936146.4978986,control,ack,,d8:d7:75:45:81:24,d8:d7:75:45:81:24,,,,-86,1,2412,False,False
1778936146.4983795,data,null_data,50:02:91:e8:18:ec,d8:d7:75:45:81:24,d8:d7:75:45:81:24,50:02:91:e8:18:ec,d8:d7:75:45:81:24,,-84,1,2412,False,True
1778936146.4986892,control,ack,,50:02:91:e8:18:ec,50:02:91:e8:18:ec,,,,-48,1,2412,False,False
1778936146.595306,management,beacon,d8:d7:75:45:81:24,ff:ff:ff:ff:ff:ff,ff:ff:ff:ff:ff:ff,d8:d7:75:45:81:24,d8:d7:75:45:81:24,FunBox2-8124,-49,1,2412,False,False
1778936146.597772,management,beacon,ac:84:c6:41:71:22,ff:ff:ff:ff:ff:ff,ff:ff:ff:ff:ff:ff,ac:84:c6:41:71:22,ac:84:c6:41:71:22,TP-LINK_7122,-88,1,2412,False,False
1778936146.6598084,data,null_data,50:02:91:e8:18:ec,d8:d7:75:45:81:24,d8:d7:75:45:81:24,50:02:91:e8:18:ec,d8:d7:75:45:81:24,,-84,1,2412,False,False
1778936146.659826,control,ack,,50:02:91:e8:18:ec,50:02:91:e8:18:ec,,,,-49,1,2412,False,False
1778936146.6935098,control,cts,,ce:d0:54:70:b1:b3,ce:d0:54:70:b1:b3,,,,-89,1,2412,False,False
1778936146.6986794,management,beacon,d8:d7:75:45:81:24,ff:ff:ff:ff:ff:ff,ff:ff:ff:ff:ff:ff,d8:d7:75:45:81:24,d8:d7:75:45:81:24,FunBox2-8124,-50,1,2412,False,False
1778936146.7087634,control,cts,,ce:d0:54:70:b1:b3,ce:d0:54:70:b1:b3,,,,-89,1,2412,False,False
1778936146.713726,control,cts,,ce:d0:54:70:b1:b3,ce:d0:54:70:b1:b3,,,,-91,1,2412,False,False
1778936146.7682266,control,cts,,ce:d0:54:70:b1:b3,ce:d0:54:70:b1:b3,,,,-87,1,2412,False,False
1778936146.800143,management,beacon,d8:d7:75:45:81:24,ff:ff:ff:ff:ff:ff,ff:ff:ff:ff:ff:ff,d8:d7:75:45:81:24,d8:d7:75:45:81:24,FunBox2-8124,-49,1,2412,False,False
1778936146.8278093,control,cts,,ce:d0:54:70:b1:b3,ce:d0:54:70:b1:b3,,,,-87,1,2412,False,False
1778936146.8294194,control,cts,,ce:d0:54:70:b1:b3,ce:d0:54:70:b1:b3,,,,-89,1,2412,False,False
1778936147.1073308,management,beacon,d8:d7:75:45:81:24,ff:ff:ff:ff:ff:ff,ff:ff:ff:ff:ff:ff,d8:d7:75:45:81:24,d8:d7:75:45:81:24,FunBox2-8124,-50,1,2412,False,False
1778936147.2590888,control,ack,,ce:d0:54:70:b1:b3,ce:d0:54:70:b1:b3,,,,-85,1,2412,False,False
1778936147.3966277,control,cts,,ce:d0:54:70:b1:b3,ce:d0:54:70:b1:b3,,,,-86,1,2412,False,False
1778936147.4145422,management,beacon,d8:d7:75:45:81:24,ff:ff:ff:ff:ff:ff,ff:ff:ff:ff:ff:ff,d8:d7:75:45:81:24,d8:d7:75:45:81:24,FunBox2-8124,-48,1,2412,False,False
1778936147.5169885,management,beacon,d8:d7:75:45:81:24,ff:ff:ff:ff:ff:ff,ff:ff:ff:ff:ff:ff,d8:d7:75:45:81:24,d8:d7:75:45:81:24,FunBox2-8124,-47,1,2412,False,False
1778936147.5194306,management,beacon,ac:84:c6:41:71:22,ff:ff:ff:ff:ff:ff,ff:ff:ff:ff:ff:ff,ac:84:c6:41:71:22,ac:84:c6:41:71:22,TP-LINK_7122,-87,1,2412,False,False
1778936147.619356,management,beacon,d8:d7:75:45:81:24,ff:ff:ff:ff:ff:ff,ff:ff:ff:ff:ff:ff,d8:d7:75:45:81:24,d8:d7:75:45:81:24,FunBox2-8124,-48,1,2412,False,False
1778936147.750347,control,ack,,ce:d0:54:70:b1:b3,ce:d0:54:70:b1:b3,,,,-88,1,2412,False,False
1778936147.824172,management,beacon,d8:d7:75:45:81:24,ff:ff:ff:ff:ff:ff,ff:ff:ff:ff:ff:ff,d8:d7:75:45:81:24,d8:d7:75:45:81:24,FunBox2-8124,-49,1,2412,False,False
1778936147.8266497,management,beacon,ac:84:c6:41:71:22,ff:ff:ff:ff:ff:ff,ff:ff:ff:ff:ff:ff,ac:84:c6:41:71:22,ac:84:c6:41:71:22,TP-LINK_7122,-88,1,2412,False,False
1778936147.834838,control,ack,,ce:d0:54:70:b1:b3,ce:d0:54:70:b1:b3,,,,-88,1,2412,False,False
1778936148.0552917,control,cts,,ce:d0:54:70:b1:b3,ce:d0:54:70:b1:b3,,,,-86,1,2412,False,False
1778936148.131389,management,beacon,d8:d7:75:45:81:24,ff:ff:ff:ff:ff:ff,ff:ff:ff:ff:ff:ff,d8:d7:75:45:81:24,d8:d7:75:45:81:24,FunBox2-8124,-51,1,2412,False,False
1778936148.33883,management,beacon,d8:d7:75:45:81:24,ff:ff:ff:ff:ff:ff,ff:ff:ff:ff:ff:ff,d8:d7:75:45:81:24,d8:d7:75:45:81:24,FunBox2-8124,-50,1,2412,False,False
1778936148.3404453,data,data,d8:d7:75:45:81:24,01:00:5e:00:00:fb,01:00:5e:00:00:fb,d8:d7:75:45:81:24,8a:f4:af:eb:f3:fb,,-49,1,2412,True,False
1778936148.3407357,control,ack,,d8:d7:75:45:81:24,d8:d7:75:45:81:24,,,,-81,1,2412,False,False
1778936148.3425708,data,data,d8:d7:75:45:81:24,33:33:00:00:00:fb,33:33:00:00:00:fb,d8:d7:75:45:81:24,8a:f4:af:eb:f3:fb,,-48,1,2412,True,False
1778936148.3428652,control,ack,,d8:d7:75:45:81:24,d8:d7:75:45:81:24,,,,-82,1,2412,False,False
1778936148.4441938,data,null_data,50:02:91:e8:18:ec,d8:d7:75:45:81:24,d8:d7:75:45:81:24,50:02:91:e8:18:ec,d8:d7:75:45:81:24,,-85,1,2412,False,False
1778936148.4442062,control,ack,,50:02:91:e8:18:ec,50:02:91:e8:18:ec,,,,-50,1,2412,False,False
1778936148.4581828,control,cts,,ce:d0:54:70:b1:b3,ce:d0:54:70:b1:b3,,,,-85,1,2412,False,False
1778936148.4610467,control,cts,,ce:d0:54:70:b1:b3,ce:d0:54:70:b1:b3,,,,-87,1,2412,False,False
1778936148.6050348,data,null_data,50:02:91:e8:18:ec,d8:d7:75:45:81:24,d8:d7:75:45:81:24,50:02:91:e8:18:ec,d8:d7:75:45:81:24,,-84,1,2412,False,False
1778936148.6050541,control,ack,,50:02:91:e8:18:ec,50:02:91:e8:18:ec,,,,-51,1,2412,False,False
1778936148.643411,management,beacon,d8:d7:75:45:81:24,ff:ff:ff:ff:ff:ff,ff:ff:ff:ff:ff:ff,d8:d7:75:45:81:24,d8:d7:75:45:81:24,FunBox2-8124,-50,1,2412,False,False
1778936148.8482163,management,beacon,d8:d7:75:45:81:24,ff:ff:ff:ff:ff:ff,ff:ff:ff:ff:ff:ff,d8:d7:75:45:81:24,d8:d7:75:45:81:24,FunBox2-8124,-50,1,2412,False,False
1778936148.9506042,management,beacon,d8:d7:75:45:81:24,ff:ff:ff:ff:ff:ff,ff:ff:ff:ff:ff:ff,d8:d7:75:45:81:24,d8:d7:75:45:81:24,FunBox2-8124,-49,1,2412,False,False
1778936149.155435,management,beacon,d8:d7:75:45:81:24,ff:ff:ff:ff:ff:ff,ff:ff:ff:ff:ff:ff,d8:d7:75:45:81:24,d8:d7:75:45:81:24,FunBox2-8124,-45,1,2412,False,False
1778936149.360214,management,beacon,d8:d7:75:45:81:24,ff:ff:ff:ff:ff:ff,ff:ff:ff:ff:ff:ff,d8:d7:75:45:81:24,d8:d7:75:45:81:24,FunBox2-8124,-46,1,2412,False,False
1778936149.4249349,control,cts,,ce:d0:54:70:b1:b3,ce:d0:54:70:b1:b3,,,,-87,1,2412,False,False
1778936149.565023,management,beacon,d8:d7:75:45:81:24,ff:ff:ff:ff:ff:ff,ff:ff:ff:ff:ff:ff,d8:d7:75:45:81:24,d8:d7:75:45:81:24,FunBox2-8124,-44,1,2412,False,False
1778936149.6674864,management,beacon,d8:d7:75:45:81:24,ff:ff:ff:ff:ff:ff,ff:ff:ff:ff:ff:ff,d8:d7:75:45:81:24,d8:d7:75:45:81:24,FunBox2-8124,-50,1,2412,False,False
1778936149.872278,management,beacon,d8:d7:75:45:81:24,ff:ff:ff:ff:ff:ff,ff:ff:ff:ff:ff:ff,d8:d7:75:45:81:24,d8:d7:75:45:81:24,FunBox2-8124,-45,1,2412,False,False
1778936150.1564007,control,cts,,ce:d0:54:70:b1:b3,ce:d0:54:70:b1:b3,,,,-92,1,2412,False,False
1778936150.158925,control,cts,,ce:d0:54:70:b1:b3,ce:d0:54:70:b1:b3,,,,-86,1,2412,False,False
1778936150.1794822,management,beacon,d8:d7:75:45:81:24,ff:ff:ff:ff:ff:ff,ff:ff:ff:ff:ff:ff,d8:d7:75:45:81:24,d8:d7:75:45:81:24,FunBox2-8124,-48,1,2412,False,False
1778936150.1806333,data,null_data,50:02:91:e8:18:ec,d8:d7:75:45:81:24,d8:d7:75:45:81:24,50:02:91:e8:18:ec,d8:d7:75:45:81:24,,-83,1,2412,False,False
1778936150.1815383,data,null_data,50:02:91:e8:18:ec,d8:d7:75:45:81:24,d8:d7:75:45:81:24,50:02:91:e8:18:ec,d8:d7:75:45:81:24,,-84,1,2412,False,True
1778936150.1820982,data,null_data,50:02:91:e8:18:ec,d8:d7:75:45:81:24,d8:d7:75:45:81:24,50:02:91:e8:18:ec,d8:d7:75:45:81:24,,-84,1,2412,False,True
1778936150.182665,data,null_data,50:02:91:e8:18:ec,d8:d7:75:45:81:24,d8:d7:75:45:81:24,50:02:91:e8:18:ec,d8:d7:75:45:81:24,,-86,1,2412,False,True
1778936150.1829777,control,ack,,50:02:91:e8:18:ec,50:02:91:e8:18:ec,,,,-57,1,2412,False,False
1778936150.3266668,data,qos_null,aa:23:4f:4d:00:cf,74:ea:3a:a1:53:a6,74:ea:3a:a1:53:a6,aa:23:4f:4d:00:cf,74:ea:3a:a1:53:a6,,-87,1,2412,False,False
1778936150.3444548,data,null_data,50:02:91:e8:18:ec,d8:d7:75:45:81:24,d8:d7:75:45:81:24,50:02:91:e8:18:ec,d8:d7:75:45:81:24,,-88,1,2412,False,True
1778936150.3449662,control,ack,,50:02:91:e8:18:ec,50:02:91:e8:18:ec,,,,-60,1,2412,False,False
1778936150.3940666,management,beacon,d8:d7:75:45:81:24,ff:ff:ff:ff:ff:ff,ff:ff:ff:ff:ff:ff,d8:d7:75:45:81:24,d8:d7:75:45:81:24,FunBox2-8124,-48,1,2412,False,False
1778936150.4882033,management,beacon,d8:d7:75:45:81:24,ff:ff:ff:ff:ff:ff,ff:ff:ff:ff:ff:ff,d8:d7:75:45:81:24,d8:d7:75:45:81:24,FunBox2-8124,-49,1,2412,False,False
1778936150.5928478,management,beacon,d8:d7:75:45:81:24,ff:ff:ff:ff:ff:ff,ff:ff:ff:ff:ff:ff,d8:d7:75:45:81:24,d8:d7:75:45:81:24,FunBox2-8124,-48,1,2412,False,False
1778936150.693713,management,beacon,d8:d7:75:45:81:24,ff:ff:ff:ff:ff:ff,ff:ff:ff:ff:ff:ff,d8:d7:75:45:81:24,d8:d7:75:45:81:24,FunBox2-8124,-52,1,2412,False,False
1778936150.7963655,management,beacon,d8:d7:75:45:81:24,ff:ff:ff:ff:ff:ff,ff:ff:ff:ff:ff:ff,d8:d7:75:45:81:24,d8:d7:75:45:81:24,FunBox2-8124,-48,1,2412,False,False
1778936151.1826143,control,rts,54:35:30:cf:ee:1e,d8:d7:75:45:81:24,d8:d7:75:45:81:24,54:35:30:cf:ee:1e,,,-56,1,2412,False,False
1778936151.182648,control,cts,,54:35:30:cf:ee:1e,54:35:30:cf:ee:1e,,,,-48,1,2412,False,False
1778936151.1826506,data,qos_data,54:35:30:cf:ee:1e,d8:d7:75:45:81:24,d8:d7:75:45:81:24,54:35:30:cf:ee:1e,ff:ff:ff:ff:ff:ff,,-55,1,2412,True,False
1778936151.1826525,control,block_ack,d8:d7:75:45:81:24,54:35:30:cf:ee:1e,54:35:30:cf:ee:1e,d8:d7:75:45:81:24,,,-48,1,2412,False,False
1778936151.205448,management,beacon,d8:d7:75:45:81:24,ff:ff:ff:ff:ff:ff,ff:ff:ff:ff:ff:ff,d8:d7:75:45:81:24,d8:d7:75:45:81:24,FunBox2-8124,-48,1,2412,False,False
1778936151.4101193,management,beacon,d8:d7:75:45:81:24,ff:ff:ff:ff:ff:ff,ff:ff:ff:ff:ff:ff,d8:d7:75:45:81:24,d8:d7:75:45:81:24,FunBox2-8124,-51,1,2412,False,False
1778936151.4114125,data,data,d8:d7:75:45:81:24,ff:ff:ff:ff:ff:ff,ff:ff:ff:ff:ff:ff,d8:d7:75:45:81:24,54:35:30:cf:ee:1e,,-50,1,2412,True,False
1778936151.4118936,control,ack,,d8:d7:75:45:81:24,d8:d7:75:45:81:24,,,,-83,1,2412,False,False
1778936151.4118953,data,null_data,50:02:91:e8:18:ec,d8:d7:75:45:81:24,d8:d7:75:45:81:24,50:02:91:e8:18:ec,d8:d7:75:45:81:24,,-83,1,2412,False,False
1778936151.4118967,control,ack,,50:02:91:e8:18:ec,50:02:91:e8:18:ec,,,,-47,1,2412,False,False
1778936151.4717677,management,probe_request,46:e5:c9:b7:e2:d1,ff:ff:ff:ff:ff:ff,ff:ff:ff:ff:ff:ff,46:e5:c9:b7:e2:d1,ff:ff:ff:ff:ff:ff,<hidden>,-21,1,2412,False,False
1778936151.4721024,control,ack,,46:e5:c9:b7:e2:d1,46:e5:c9:b7:e2:d1,,,,-82,1,2412,False,False
1778936151.4753685,management,probe_response,d8:d7:75:45:81:24,46:e5:c9:b7:e2:d1,46:e5:c9:b7:e2:d1,d8:d7:75:45:81:24,d8:d7:75:45:81:24,FunBox2-8124,-44,1,2412,False,False
1778936151.4834507,control,ack,,d8:d7:75:45:81:24,d8:d7:75:45:81:24,,,,-32,1,2412,False,False
1778936151.5124512,management,beacon,d8:d7:75:45:81:24,ff:ff:ff:ff:ff:ff,ff:ff:ff:ff:ff:ff,d8:d7:75:45:81:24,d8:d7:75:45:81:24,FunBox2-8124,-58,1,2412,False,False
1778936151.5358486,management,probe_request,46:e5:c9:b7:e2:d1,ff:ff:ff:ff:ff:ff,ff:ff:ff:ff:ff:ff,46:e5:c9:b7:e2:d1,ff:ff:ff:ff:ff:ff,<hidden>,-32,1,2412,False,False
1778936151.5361364,control,ack,,46:e5:c9:b7:e2:d1,46:e5:c9:b7:e2:d1,,,,-83,1,2412,False,False
1778936151.5393858,management,probe_response,d8:d7:75:45:81:24,46:e5:c9:b7:e2:d1,46:e5:c9:b7:e2:d1,d8:d7:75:45:81:24,d8:d7:75:45:81:24,FunBox2-8124,-44,1,2412,False,False
1778936151.5396998,control,ack,,d8:d7:75:45:81:24,d8:d7:75:45:81:24,,,,-30,1,2412,False,False
1778936151.5727868,data,null_data,50:02:91:e8:18:ec,d8:d7:75:45:81:24,d8:d7:75:45:81:24,50:02:91:e8:18:ec,d8:d7:75:45:81:24,,-86,1,2412,False,False
1778936151.572796,control,ack,,50:02:91:e8:18:ec,50:02:91:e8:18:ec,,,,-54,1,2412,False,False
1778936151.6671135,management,probe_response,d8:d7:75:45:81:24,46:e5:c9:b7:e2:d1,46:e5:c9:b7:e2:d1,d8:d7:75:45:81:24,d8:d7:75:45:81:24,FunBox2-8124,-52,1,2412,False,False
1778936151.6711745,management,probe_response,d8:d7:75:45:81:24,46:e5:c9:b7:e2:d1,46:e5:c9:b7:e2:d1,d8:d7:75:45:81:24,d8:d7:75:45:81:24,FunBox2-8124,-51,1,2412,False,True
1778936151.6750853,management,probe_response,d8:d7:75:45:81:24,46:e5:c9:b7:e2:d1,46:e5:c9:b7:e2:d1,d8:d7:75:45:81:24,d8:d7:75:45:81:24,FunBox2-8124,-51,1,2412,False,True
1778936151.6800253,management,probe_response,d8:d7:75:45:81:24,46:e5:c9:b7:e2:d1,46:e5:c9:b7:e2:d1,d8:d7:75:45:81:24,d8:d7:75:45:81:24,FunBox2-8124,-45,1,2412,False,True
1778936151.685499,management,probe_response,d8:d7:75:45:81:24,46:e5:c9:b7:e2:d1,46:e5:c9:b7:e2:d1,d8:d7:75:45:81:24,d8:d7:75:45:81:24,FunBox2-8124,-43,1,2412,False,True
1778936151.717128,management,beacon,d8:d7:75:45:81:24,ff:ff:ff:ff:ff:ff,ff:ff:ff:ff:ff:ff,d8:d7:75:45:81:24,d8:d7:75:45:81:24,FunBox2-8124,-42,1,2412,False,False
1778936151.7917976,management,probe_request,46:e5:c9:b7:e2:d1,ff:ff:ff:ff:ff:ff,ff:ff:ff:ff:ff:ff,46:e5:c9:b7:e2:d1,ff:ff:ff:ff:ff:ff,<hidden>,-70,1,2412,False,False
1778936151.817901,management,beacon,d8:d7:75:45:81:24,ff:ff:ff:ff:ff:ff,ff:ff:ff:ff:ff:ff,d8:d7:75:45:81:24,d8:d7:75:45:81:24,FunBox2-8124,-43,1,2412,False,False
1778936151.823509,data,null_data,50:02:91:e8:18:ec,d8:d7:75:45:81:24,d8:d7:75:45:81:24,50:02:91:e8:18:ec,d8:d7:75:45:81:24,,-83,1,2412,False,False
1778936151.8235145,control,ack,,50:02:91:e8:18:ec,50:02:91:e8:18:ec,,,,-46,1,2412,False,False
1778936151.9217682,management,beacon,d8:d7:75:45:81:24,ff:ff:ff:ff:ff:ff,ff:ff:ff:ff:ff:ff,d8:d7:75:45:81:24,d8:d7:75:45:81:24,FunBox2-8124,-43,1,2412,False,False
1778936151.9843645,data,null_data,50:02:91:e8:18:ec,d8:d7:75:45:81:24,d8:d7:75:45:81:24,50:02:91:e8:18:ec,d8:d7:75:45:81:24,,-82,1,2412,False,False
1778936151.9843757,control,ack,,50:02:91:e8:18:ec,50:02:91:e8:18:ec,,,,-47,1,2412,False,False
1778936152.0241077,management,beacon,d8:d7:75:45:81:24,ff:ff:ff:ff:ff:ff,ff:ff:ff:ff:ff:ff,d8:d7:75:45:81:24,d8:d7:75:45:81:24,FunBox2-8124,-48,1,2412,False,False
1778936152.2288096,management,beacon,d8:d7:75:45:81:24,ff:ff:ff:ff:ff:ff,ff:ff:ff:ff:ff:ff,d8:d7:75:45:81:24,d8:d7:75:45:81:24,FunBox2-8124,-49,1,2412,False,False
1778936152.4359872,management,beacon,d8:d7:75:45:81:24,ff:ff:ff:ff:ff:ff,ff:ff:ff:ff:ff:ff,d8:d7:75:45:81:24,d8:d7:75:45:81:24,FunBox2-8124,-42,1,2412,False,False
1778936152.5357833,management,beacon,d8:d7:75:45:81:24,ff:ff:ff:ff:ff:ff,ff:ff:ff:ff:ff:ff,d8:d7:75:45:81:24,d8:d7:75:45:81:24,FunBox2-8124,-48,1,2412,False,False
1778936152.6381326,management,beacon,d8:d7:75:45:81:24,ff:ff:ff:ff:ff:ff,ff:ff:ff:ff:ff:ff,d8:d7:75:45:81:24,d8:d7:75:45:81:24,FunBox2-8124,-46,1,2412,False,False
1778936152.7405176,management,beacon,d8:d7:75:45:81:24,ff:ff:ff:ff:ff:ff,ff:ff:ff:ff:ff:ff,d8:d7:75:45:81:24,d8:d7:75:45:81:24,FunBox2-8124,-48,1,2412,False,False
1778936152.945128,management,beacon,d8:d7:75:45:81:24,ff:ff:ff:ff:ff:ff,ff:ff:ff:ff:ff:ff,d8:d7:75:45:81:24,d8:d7:75:45:81:24,FunBox2-8124,-46,1,2412,False,False
1778936153.0474818,management,beacon,d8:d7:75:45:81:24,ff:ff:ff:ff:ff:ff,ff:ff:ff:ff:ff:ff,d8:d7:75:45:81:24,d8:d7:75:45:81:24,FunBox2-8124,-49,1,2412,False,False
1778936153.1498108,management,beacon,d8:d7:75:45:81:24,ff:ff:ff:ff:ff:ff,ff:ff:ff:ff:ff:ff,d8:d7:75:45:81:24,d8:d7:75:45:81:24,FunBox2-8124,-49,1,2412,False,False
1778936153.2521958,management,beacon,d8:d7:75:45:81:24,ff:ff:ff:ff:ff:ff,ff:ff:ff:ff:ff:ff,d8:d7:75:45:81:24,d8:d7:75:45:81:24,FunBox2-8124,-48,1,2412,False,False
1778936153.2533438,data,null_data,50:02:91:e8:18:ec,d8:d7:75:45:81:24,d8:d7:75:45:81:24,50:02:91:e8:18:ec,d8:d7:75:45:81:24,,-83,1,2412,False,False
1778936153.2533464,control,ack,,50:02:91:e8:18:ec,50:02:91:e8:18:ec,,,,-48,1,2412,False,False
1778936153.4142346,data,null_data,50:02:91:e8:18:ec,d8:d7:75:45:81:24,d8:d7:75:45:81:24,50:02:91:e8:18:ec,d8:d7:75:45:81:24,,-86,1,2412,False,False
1778936153.414252,control,ack,,50:02:91:e8:18:ec,50:02:91:e8:18:ec,,,,-49,1,2412,False,False
1778936153.5564885,management,beacon,ac:84:c6:41:71:22,ff:ff:ff:ff:ff:ff,ff:ff:ff:ff:ff:ff,ac:84:c6:41:71:22,ac:84:c6:41:71:22,TP-LINK_7122,-88,1,2412,False,False
1778936153.5595596,management,beacon,d8:d7:75:45:81:24,ff:ff:ff:ff:ff:ff,ff:ff:ff:ff:ff:ff,d8:d7:75:45:81:24,d8:d7:75:45:81:24,FunBox2-8124,-44,1,2412,False,False
1778936153.6615477,management,beacon,d8:d7:75:45:81:24,ff:ff:ff:ff:ff:ff,ff:ff:ff:ff:ff:ff,d8:d7:75:45:81:24,d8:d7:75:45:81:24,FunBox2-8124,-48,1,2412,False,False
1778936153.7638369,management,beacon,d8:d7:75:45:81:24,ff:ff:ff:ff:ff:ff,ff:ff:ff:ff:ff:ff,d8:d7:75:45:81:24,d8:d7:75:45:81:24,FunBox2-8124,-48,1,2412,False,False
1778936153.8662322,management,beacon,d8:d7:75:45:81:24,ff:ff:ff:ff:ff:ff,ff:ff:ff:ff:ff:ff,d8:d7:75:45:81:24,d8:d7:75:45:81:24,FunBox2-8124,-48,1,2412,False,False
1778936154.070886,management,beacon,d8:d7:75:45:81:24,ff:ff:ff:ff:ff:ff,ff:ff:ff:ff:ff:ff,d8:d7:75:45:81:24,d8:d7:75:45:81:24,FunBox2-8124,-48,1,2412,False,False
1778936154.189622,data,qos_null,aa:23:4f:4d:00:cf,74:ea:3a:a1:53:a6,74:ea:3a:a1:53:a6,aa:23:4f:4d:00:cf,74:ea:3a:a1:53:a6,,-87,1,2412,False,False
1778936154.2758024,management,beacon,d8:d7:75:45:81:24,ff:ff:ff:ff:ff:ff,ff:ff:ff:ff:ff:ff,d8:d7:75:45:81:24,d8:d7:75:45:81:24,FunBox2-8124,-47,1,2412,False,False
1778936154.3919725,management,beacon,d8:d7:75:45:81:24,ff:ff:ff:ff:ff:ff,ff:ff:ff:ff:ff:ff,d8:d7:75:45:81:24,d8:d7:75:45:81:24,FunBox2-8124,-49,1,2412,False,False
1778936154.4544687,data,qos_null,aa:23:4f:4d:00:cf,74:ea:3a:a1:53:a6,74:ea:3a:a1:53:a6,aa:23:4f:4d:00:cf,74:ea:3a:a1:53:a6,,-88,1,2412,False,False
1778936154.6556616,data,qos_null,aa:23:4f:4d:00:cf,74:ea:3a:a1:53:a6,74:ea:3a:a1:53:a6,aa:23:4f:4d:00:cf,74:ea:3a:a1:53:a6,,-91,1,2412,False,False
1778936154.7101495,data,qos_null,aa:23:4f:4d:00:cf,74:ea:3a:a1:53:a6,74:ea:3a:a1:53:a6,aa:23:4f:4d:00:cf,74:ea:3a:a1:53:a6,,-87,1,2412,False,False
1778936154.7876227,management,beacon,d8:d7:75:45:81:24,ff:ff:ff:ff:ff:ff,ff:ff:ff:ff:ff:ff,d8:d7:75:45:81:24,d8:d7:75:45:81:24,FunBox2-8124,-47,1,2412,False,False
1778936154.788831,data,null_data,50:02:91:e8:18:ec,d8:d7:75:45:81:24,d8:d7:75:45:81:24,50:02:91:e8:18:ec,d8:d7:75:45:81:24,,-86,1,2412,False,False
1778936154.7888374,control,ack,,50:02:91:e8:18:ec,50:02:91:e8:18:ec,,,,-49,1,2412,False,False
1778936154.8900328,management,beacon,d8:d7:75:45:81:24,ff:ff:ff:ff:ff:ff,ff:ff:ff:ff:ff:ff,d8:d7:75:45:81:24,d8:d7:75:45:81:24,FunBox2-8124,-50,1,2412,False,False
1778936154.9496615,data,null_data,50:02:91:e8:18:ec,d8:d7:75:45:81:24,d8:d7:75:45:81:24,50:02:91:e8:18:ec,d8:d7:75:45:81:24,,-84,1,2412,False,False
1778936154.9496799,control,ack,,50:02:91:e8:18:ec,50:02:91:e8:18:ec,,,,-49,1,2412,False,False
1778936155.0948784,management,beacon,d8:d7:75:45:81:24,ff:ff:ff:ff:ff:ff,ff:ff:ff:ff:ff:ff,d8:d7:75:45:81:24,d8:d7:75:45:81:24,FunBox2-8124,-49,1,2412,False,False
1778936155.299678,management,beacon,d8:d7:75:45:81:24,ff:ff:ff:ff:ff:ff,ff:ff:ff:ff:ff:ff,d8:d7:75:45:81:24,d8:d7:75:45:81:24,FunBox2-8124,-49,1,2412,False,False
1778936155.4020495,management,beacon,d8:d7:75:45:81:24,ff:ff:ff:ff:ff:ff,ff:ff:ff:ff:ff:ff,d8:d7:75:45:81:24,d8:d7:75:45:81:24,FunBox2-8124,-47,1,2412,False,False
1778936155.607253,management,beacon,d8:d7:75:45:81:24,ff:ff:ff:ff:ff:ff,ff:ff:ff:ff:ff:ff,d8:d7:75:45:81:24,d8:d7:75:45:81:24,FunBox2-8124,-48,1,2412,False,False
1778936155.7093222,management,beacon,d8:d7:75:45:81:24,ff:ff:ff:ff:ff:ff,ff:ff:ff:ff:ff:ff,d8:d7:75:45:81:24,d8:d7:75:45:81:24,FunBox2-8124,-50,1,2412,False,False
1778936156.1188705,management,beacon,d8:d7:75:45:81:24,ff:ff:ff:ff:ff:ff,ff:ff:ff:ff:ff:ff,d8:d7:75:45:81:24,d8:d7:75:45:81:24,FunBox2-8124,-48,1,2412,False,False
1778936156.3237114,management,beacon,d8:d7:75:45:81:24,ff:ff:ff:ff:ff:ff,ff:ff:ff:ff:ff:ff,d8:d7:75:45:81:24,d8:d7:75:45:81:24,FunBox2-8124,-49,1,2412,False,False
1778936156.3248866,data,null_data,50:02:91:e8:18:ec,d8:d7:75:45:81:24,d8:d7:75:45:81:24,50:02:91:e8:18:ec,d8:d7:75:45:81:24,,-84,1,2412,False,False
1778936156.324889,control,ack,,50:02:91:e8:18:ec,50:02:91:e8:18:ec,,,,-48,1,2412,False,False
1778936156.426072,management,beacon,d8:d7:75:45:81:24,ff:ff:ff:ff:ff:ff,ff:ff:ff:ff:ff:ff,d8:d7:75:45:81:24,d8:d7:75:45:81:24,FunBox2-8124,-48,1,2412,False,False
1778936156.4857383,data,null_data,50:02:91:e8:18:ec,d8:d7:75:45:81:24,d8:d7:75:45:81:24,50:02:91:e8:18:ec,d8:d7:75:45:81:24,,-85,1,2412,False,False
1778936156.4857476,control,ack,,50:02:91:e8:18:ec,50:02:91:e8:18:ec,,,,-49,1,2412,False,False
1778936156.6308923,management,beacon,d8:d7:75:45:81:24,ff:ff:ff:ff:ff:ff,ff:ff:ff:ff:ff:ff,d8:d7:75:45:81:24,d8:d7:75:45:81:24,FunBox2-8124,-48,1,2412,False,False
1778936156.8357286,management,beacon,d8:d7:75:45:81:24,ff:ff:ff:ff:ff:ff,ff:ff:ff:ff:ff:ff,d8:d7:75:45:81:24,d8:d7:75:45:81:24,FunBox2-8124,-49,1,2412,False,False
1778936156.938096,management,beacon,d8:d7:75:45:81:24,ff:ff:ff:ff:ff:ff,ff:ff:ff:ff:ff:ff,d8:d7:75:45:81:24,d8:d7:75:45:81:24,FunBox2-8124,-48,1,2412,False,False
1778936157.1428995,management,beacon,d8:d7:75:45:81:24,ff:ff:ff:ff:ff:ff,ff:ff:ff:ff:ff:ff,d8:d7:75:45:81:24,d8:d7:75:45:81:24,FunBox2-8124,-49,1,2412,False,False
1778936157.347726,management,beacon,d8:d7:75:45:81:24,ff:ff:ff:ff:ff:ff,ff:ff:ff:ff:ff:ff,d8:d7:75:45:81:24,d8:d7:75:45:81:24,FunBox2-8124,-48,1,2412,False,False
1778936157.655209,management,beacon,d8:d7:75:45:81:24,ff:ff:ff:ff:ff:ff,ff:ff:ff:ff:ff:ff,d8:d7:75:45:81:24,d8:d7:75:45:81:24,FunBox2-8124,-44,1,2412,False,False
1778936157.7573211,management,beacon,d8:d7:75:45:81:24,ff:ff:ff:ff:ff:ff,ff:ff:ff:ff:ff:ff,d8:d7:75:45:81:24,d8:d7:75:45:81:24,FunBox2-8124,-49,1,2412,False,False
1778936157.8597252,management,beacon,d8:d7:75:45:81:24,ff:ff:ff:ff:ff:ff,ff:ff:ff:ff:ff:ff,d8:d7:75:45:81:24,d8:d7:75:45:81:24,FunBox2-8124,-44,1,2412,False,False
1778936157.860901,control,ack,,50:02:91:e8:18:ec,50:02:91:e8:18:ec,,,,-49,1,2412,False,False
1778936157.9636755,management,beacon,d8:d7:75:45:81:24,ff:ff:ff:ff:ff:ff,ff:ff:ff:ff:ff:ff,d8:d7:75:45:81:24,d8:d7:75:45:81:24,FunBox2-8124,-47,1,2412,False,False
1778936158.0217643,data,null_data,50:02:91:e8:18:ec,d8:d7:75:45:81:24,d8:d7:75:45:81:24,50:02:91:e8:18:ec,d8:d7:75:45:81:24,,-84,1,2412,False,False
1778936158.0217853,control,ack,,50:02:91:e8:18:ec,50:02:91:e8:18:ec,,,,-48,1,2412,False,False
1778936158.0645356,management,beacon,d8:d7:75:45:81:24,ff:ff:ff:ff:ff:ff,ff:ff:ff:ff:ff:ff,d8:d7:75:45:81:24,d8:d7:75:45:81:24,FunBox2-8124,-49,1,2412,False,False
1778936158.1669424,management,beacon,d8:d7:75:45:81:24,ff:ff:ff:ff:ff:ff,ff:ff:ff:ff:ff:ff,d8:d7:75:45:81:24,d8:d7:75:45:81:24,FunBox2-8124,-48,1,2412,False,False
1778936158.3740199,management,beacon,d8:d7:75:45:81:24,ff:ff:ff:ff:ff:ff,ff:ff:ff:ff:ff:ff,d8:d7:75:45:81:24,d8:d7:75:45:81:24,FunBox2-8124,-50,1,2412,False,False
1778936158.6810405,management,beacon,d8:d7:75:45:81:24,ff:ff:ff:ff:ff:ff,ff:ff:ff:ff:ff:ff,d8:d7:75:45:81:24,d8:d7:75:45:81:24,FunBox2-8124,-48,1,2412,False,False
1778936158.8857863,management,beacon,d8:d7:75:45:81:24,ff:ff:ff:ff:ff:ff,ff:ff:ff:ff:ff:ff,d8:d7:75:45:81:24,d8:d7:75:45:81:24,FunBox2-8124,-49,1,2412,False,False
1778936158.9881954,management,beacon,d8:d7:75:45:81:24,ff:ff:ff:ff:ff:ff,ff:ff:ff:ff:ff:ff,d8:d7:75:45:81:24,d8:d7:75:45:81:24,FunBox2-8124,-50,1,2412,False,False
1778936159.084152,control,ack,,ce:d0:54:70:b1:b3,ce:d0:54:70:b1:b3,,,,-88,1,2412,False,False
1778936159.0885844,management,beacon,d8:d7:75:45:81:24,ff:ff:ff:ff:ff:ff,ff:ff:ff:ff:ff:ff,d8:d7:75:45:81:24,d8:d7:75:45:81:24,FunBox2-8124,-44,1,2412,False,False
1778936159.1094265,control,ack,,ce:d0:54:70:b1:b3,ce:d0:54:70:b1:b3,,,,-88,1,2412,False,False
1778936159.1929994,management,beacon,d8:d7:75:45:81:24,ff:ff:ff:ff:ff:ff,ff:ff:ff:ff:ff:ff,d8:d7:75:45:81:24,d8:d7:75:45:81:24,FunBox2-8124,-48,1,2412,False,False
1778936159.2238994,data,null_data,50:02:91:e8:18:ec,d8:d7:75:45:81:24,d8:d7:75:45:81:24,50:02:91:e8:18:ec,d8:d7:75:45:81:24,,-82,1,2412,False,False
1778936159.2239075,control,ack,,50:02:91:e8:18:ec,50:02:91:e8:18:ec,,,,-49,1,2412,False,False
1778936159.293375,management,beacon,d8:d7:75:45:81:24,ff:ff:ff:ff:ff:ff,ff:ff:ff:ff:ff:ff,d8:d7:75:45:81:24,d8:d7:75:45:81:24,FunBox2-8124,-48,1,2412,False,False
1778936159.3657596,data,qos_null,aa:23:4f:4d:00:cf,74:ea:3a:a1:53:a6,74:ea:3a:a1:53:a6,aa:23:4f:4d:00:cf,74:ea:3a:a1:53:a6,,-89,1,2412,False,False
1778936159.384886,data,null_data,50:02:91:e8:18:ec,d8:d7:75:45:81:24,d8:d7:75:45:81:24,50:02:91:e8:18:ec,d8:d7:75:45:81:24,,-83,1,2412,False,False
1778936159.3849056,data,null_data,50:02:91:e8:18:ec,d8:d7:75:45:81:24,d8:d7:75:45:81:24,50:02:91:e8:18:ec,d8:d7:75:45:81:24,,-83,1,2412,False,True
1778936159.3853827,data,null_data,50:02:91:e8:18:ec,d8:d7:75:45:81:24,d8:d7:75:45:81:24,50:02:91:e8:18:ec,d8:d7:75:45:81:24,,-84,1,2412,False,True
1778936159.3853843,control,ack,,50:02:91:e8:18:ec,50:02:91:e8:18:ec,,,,-44,1,2412,False,False
1778936159.3978372,management,beacon,d8:d7:75:45:81:24,ff:ff:ff:ff:ff:ff,ff:ff:ff:ff:ff:ff,d8:d7:75:45:81:24,d8:d7:75:45:81:24,FunBox2-8124,-49,1,2412,False,False
1778936159.500232,management,beacon,d8:d7:75:45:81:24,ff:ff:ff:ff:ff:ff,ff:ff:ff:ff:ff:ff,d8:d7:75:45:81:24,d8:d7:75:45:81:24,FunBox2-8124,-49,1,2412,False,False
1778936160.0122688,management,beacon,d8:d7:75:45:81:24,ff:ff:ff:ff:ff:ff,ff:ff:ff:ff:ff:ff,d8:d7:75:45:81:24,d8:d7:75:45:81:24,FunBox2-8124,-48,1,2412,False,False
1778936160.2094295,management,beacon,ac:84:c6:41:71:22,ff:ff:ff:ff:ff:ff,ff:ff:ff:ff:ff:ff,ac:84:c6:41:71:22,ac:84:c6:41:71:22,TP-LINK_7122,-91,1,2412,False,False
1778936160.217118,management,beacon,d8:d7:75:45:81:24,ff:ff:ff:ff:ff:ff,ff:ff:ff:ff:ff:ff,d8:d7:75:45:81:24,d8:d7:75:45:81:24,FunBox2-8124,-47,1,2412,False,False
1778936160.421913,management,beacon,d8:d7:75:45:81:24,ff:ff:ff:ff:ff:ff,ff:ff:ff:ff:ff:ff,d8:d7:75:45:81:24,d8:d7:75:45:81:24,FunBox2-8124,-48,1,2412,False,False
1778936160.5243232,management,beacon,d8:d7:75:45:81:24,ff:ff:ff:ff:ff:ff,ff:ff:ff:ff:ff:ff,d8:d7:75:45:81:24,d8:d7:75:45:81:24,FunBox2-8124,-50,1,2412,False,False
1778936160.7290828,management,beacon,d8:d7:75:45:81:24,ff:ff:ff:ff:ff:ff,ff:ff:ff:ff:ff:ff,d8:d7:75:45:81:24,d8:d7:75:45:81:24,FunBox2-8124,-44,1,2412,False,False
1778936160.8315141,management,beacon,d8:d7:75:45:81:24,ff:ff:ff:ff:ff:ff,ff:ff:ff:ff:ff:ff,d8:d7:75:45:81:24,d8:d7:75:45:81:24,FunBox2-8124,-49,1,2412,False,False
1778936160.9351242,data,null_data,50:02:91:e8:18:ec,d8:d7:75:45:81:24,d8:d7:75:45:81:24,50:02:91:e8:18:ec,d8:d7:75:45:81:24,,-82,1,2412,False,False
1778936160.9351306,control,ack,,50:02:91:e8:18:ec,50:02:91:e8:18:ec,,,,-48,1,2412,False,False
1778936161.0324676,control,ack,,ce:d0:54:70:b1:b3,ce:d0:54:70:b1:b3,,,,-87,1,2412,False,False
1778936161.0362852,management,beacon,d8:d7:75:45:81:24,ff:ff:ff:ff:ff:ff,ff:ff:ff:ff:ff:ff,d8:d7:75:45:81:24,d8:d7:75:45:81:24,FunBox2-8124,-48,1,2412,False,False
1778936161.0959878,data,null_data,50:02:91:e8:18:ec,d8:d7:75:45:81:24,d8:d7:75:45:81:24,50:02:91:e8:18:ec,d8:d7:75:45:81:24,,-86,1,2412,False,False
1778936161.0959978,control,ack,,50:02:91:e8:18:ec,50:02:91:e8:18:ec,,,,-49,1,2412,False,False
1778936161.2390568,management,beacon,d8:d7:75:45:81:24,ff:ff:ff:ff:ff:ff,ff:ff:ff:ff:ff:ff,d8:d7:75:45:81:24,d8:d7:75:45:81:24,FunBox2-8124,-49,1,2412,False,False
1778936161.3435373,management,beacon,d8:d7:75:45:81:24,ff:ff:ff:ff:ff:ff,ff:ff:ff:ff:ff:ff,d8:d7:75:45:81:24,d8:d7:75:45:81:24,FunBox2-8124,-45,1,2412,False,False
1778936161.3726096,control,ack,,ce:d0:54:70:b1:b3,ce:d0:54:70:b1:b3,,,,-86,1,2412,False,False
1778936161.4459383,management,beacon,d8:d7:75:45:81:24,ff:ff:ff:ff:ff:ff,ff:ff:ff:ff:ff:ff,d8:d7:75:45:81:24,d8:d7:75:45:81:24,FunBox2-8124,-49,1,2412,False,False
1778936161.5462615,management,beacon,d8:d7:75:45:81:24,ff:ff:ff:ff:ff:ff,ff:ff:ff:ff:ff:ff,d8:d7:75:45:81:24,d8:d7:75:45:81:24,FunBox2-8124,-49,1,2412,False,False
1778936161.7531772,management,beacon,d8:d7:75:45:81:24,ff:ff:ff:ff:ff:ff,ff:ff:ff:ff:ff:ff,d8:d7:75:45:81:24,d8:d7:75:45:81:24,FunBox2-8124,-49,1,2412,False,False
1778936161.8479233,management,beacon,ac:84:c6:41:71:22,ff:ff:ff:ff:ff:ff,ff:ff:ff:ff:ff:ff,ac:84:c6:41:71:22,ac:84:c6:41:71:22,TP-LINK_7122,-87,1,2412,False,False
1778936161.9333878,control,ack,,ce:d0:54:70:b1:b3,ce:d0:54:70:b1:b3,,,,-85,1,2412,False,False
1778936162.060386,management,beacon,d8:d7:75:45:81:24,ff:ff:ff:ff:ff:ff,ff:ff:ff:ff:ff:ff,d8:d7:75:45:81:24,d8:d7:75:45:81:24,FunBox2-8124,-48,1,2412,False,False
1778936162.265166,management,beacon,d8:d7:75:45:81:24,ff:ff:ff:ff:ff:ff,ff:ff:ff:ff:ff:ff,d8:d7:75:45:81:24,d8:d7:75:45:81:24,FunBox2-8124,-48,1,2412,False,False
1778936162.3675842,management,beacon,d8:d7:75:45:81:24,ff:ff:ff:ff:ff:ff,ff:ff:ff:ff:ff:ff,d8:d7:75:45:81:24,d8:d7:75:45:81:24,FunBox2-8124,-47,1,2412,False,False
1778936162.4700108,management,beacon,d8:d7:75:45:81:24,ff:ff:ff:ff:ff:ff,ff:ff:ff:ff:ff:ff,d8:d7:75:45:81:24,d8:d7:75:45:81:24,FunBox2-8124,-48,1,2412,False,False
1778936162.4712481,data,null_data,50:02:91:e8:18:ec,d8:d7:75:45:81:24,d8:d7:75:45:81:24,50:02:91:e8:18:ec,d8:d7:75:45:81:24,,-84,1,2412,False,False
1778936162.4712524,control,ack,,50:02:91:e8:18:ec,50:02:91:e8:18:ec,,,,-47,1,2412,False,False
1778936162.5724359,management,beacon,d8:d7:75:45:81:24,ff:ff:ff:ff:ff:ff,ff:ff:ff:ff:ff:ff,d8:d7:75:45:81:24,d8:d7:75:45:81:24,FunBox2-8124,-49,1,2412,False,False
1778936162.6321557,data,null_data,50:02:91:e8:18:ec,d8:d7:75:45:81:24,d8:d7:75:45:81:24,50:02:91:e8:18:ec,d8:d7:75:45:81:24,,-82,1,2412,False,False
1778936162.6321735,control,ack,,50:02:91:e8:18:ec,50:02:91:e8:18:ec,,,,-49,1,2412,False,False
1778936162.7772088,management,beacon,d8:d7:75:45:81:24,ff:ff:ff:ff:ff:ff,ff:ff:ff:ff:ff:ff,d8:d7:75:45:81:24,d8:d7:75:45:81:24,FunBox2-8124,-48,1,2412,False,False
1778936163.0844245,management,beacon,d8:d7:75:45:81:24,ff:ff:ff:ff:ff:ff,ff:ff:ff:ff:ff:ff,d8:d7:75:45:81:24,d8:d7:75:45:81:24,FunBox2-8124,-49,1,2412,False,False
1778936163.18475,management,beacon,d8:d7:75:45:81:24,ff:ff:ff:ff:ff:ff,ff:ff:ff:ff:ff:ff,d8:d7:75:45:81:24,d8:d7:75:45:81:24,FunBox2-8124,-49,1,2412,False,False
1778936163.2892857,management,beacon,d8:d7:75:45:81:24,ff:ff:ff:ff:ff:ff,ff:ff:ff:ff:ff:ff,d8:d7:75:45:81:24,d8:d7:75:45:81:24,FunBox2-8124,-51,1,2412,False,False
1778936163.3916402,management,beacon,d8:d7:75:45:81:24,ff:ff:ff:ff:ff:ff,ff:ff:ff:ff:ff:ff,d8:d7:75:45:81:24,d8:d7:75:45:81:24,FunBox2-8124,-49,1,2412,False,False
1778936163.6988635,management,beacon,d8:d7:75:45:81:24,ff:ff:ff:ff:ff:ff,ff:ff:ff:ff:ff:ff,d8:d7:75:45:81:24,d8:d7:75:45:81:24,FunBox2-8124,-45,1,2412,False,False
1778936163.8013234,management,beacon,d8:d7:75:45:81:24,ff:ff:ff:ff:ff:ff,ff:ff:ff:ff:ff:ff,d8:d7:75:45:81:24,d8:d7:75:45:81:24,FunBox2-8124,-50,1,2412,False,False
1778936163.907504,management,beacon,d8:d7:75:45:81:24,ff:ff:ff:ff:ff:ff,ff:ff:ff:ff:ff:ff,d8:d7:75:45:81:24,d8:d7:75:45:81:24,FunBox2-8124,-50,1,2412,False,False
1778936164.0070896,control,ack,,50:02:91:e8:18:ec,50:02:91:e8:18:ec,,,,-49,1,2412,False,False
1778936164.0070987,data,null_data,50:02:91:e8:18:ec,d8:d7:75:45:81:24,d8:d7:75:45:81:24,50:02:91:e8:18:ec,d8:d7:75:45:81:24,,-86,1,2412,False,True
1778936164.0071013,control,ack,,50:02:91:e8:18:ec,50:02:91:e8:18:ec,,,,-47,1,2412,False,False
1778936164.109642,management,beacon,d8:d7:75:45:81:24,ff:ff:ff:ff:ff:ff,ff:ff:ff:ff:ff:ff,d8:d7:75:45:81:24,d8:d7:75:45:81:24,FunBox2-8124,-50,1,2412,False,False
1778936164.1679425,data,null_data,50:02:91:e8:18:ec,d8:d7:75:45:81:24,d8:d7:75:45:81:24,50:02:91:e8:18:ec,d8:d7:75:45:81:24,,-83,1,2412,False,False
1778936164.1679504,control,ack,,50:02:91:e8:18:ec,50:02:91:e8:18:ec,,,,-47,1,2412,False,False
1778936164.2087836,management,beacon,d8:d7:75:45:81:24,ff:ff:ff:ff:ff:ff,ff:ff:ff:ff:ff:ff,d8:d7:75:45:81:24,d8:d7:75:45:81:24,FunBox2-8124,-45,1,2412,False,False
1778936164.3111522,management,beacon,d8:d7:75:45:81:24,ff:ff:ff:ff:ff:ff,ff:ff:ff:ff:ff:ff,d8:d7:75:45:81:24,d8:d7:75:45:81:24,FunBox2-8124,-45,1,2412,False,False
1778936164.6183643,management,beacon,d8:d7:75:45:81:24,ff:ff:ff:ff:ff:ff,ff:ff:ff:ff:ff:ff,d8:d7:75:45:81:24,d8:d7:75:45:81:24,FunBox2-8124,-49,1,2412,False,False
1778936164.7208567,management,beacon,d8:d7:75:45:81:24,ff:ff:ff:ff:ff:ff,ff:ff:ff:ff:ff:ff,d8:d7:75:45:81:24,d8:d7:75:45:81:24,FunBox2-8124,-52,1,2412,False,False
1778936164.823177,management,beacon,d8:d7:75:45:81:24,ff:ff:ff:ff:ff:ff,ff:ff:ff:ff:ff:ff,d8:d7:75:45:81:24,d8:d7:75:45:81:24,FunBox2-8124,-50,1,2412,False,False
1778936164.9258685,management,beacon,d8:d7:75:45:81:24,ff:ff:ff:ff:ff:ff,ff:ff:ff:ff:ff:ff,d8:d7:75:45:81:24,d8:d7:75:45:81:24,FunBox2-8124,-44,1,2412,False,False
1778936164.9271054,control,ack,,50:02:91:e8:18:ec,50:02:91:e8:18:ec,,,,-48,1,2412,False,False
1778936164.9277008,management,action,d8:d7:75:45:81:24,50:02:91:e8:18:ec,50:02:91:e8:18:ec,d8:d7:75:45:81:24,d8:d7:75:45:81:24,,-45,1,2412,False,False
1778936164.9280195,control,ack,,d8:d7:75:45:81:24,d8:d7:75:45:81:24,,,,-83,1,2412,False,False
1778936164.9283519,management,action,50:02:91:e8:18:ec,d8:d7:75:45:81:24,d8:d7:75:45:81:24,50:02:91:e8:18:ec,d8:d7:75:45:81:24,,-84,1,2412,False,False
1778936164.9283543,control,ack,,50:02:91:e8:18:ec,50:02:91:e8:18:ec,,,,-48,1,2412,False,False
1778936165.0280864,management,beacon,d8:d7:75:45:81:24,ff:ff:ff:ff:ff:ff,ff:ff:ff:ff:ff:ff,d8:d7:75:45:81:24,d8:d7:75:45:81:24,FunBox2-8124,-50,1,2412,False,False
1778936165.0892138,data,null_data,50:02:91:e8:18:ec,d8:d7:75:45:81:24,d8:d7:75:45:81:24,50:02:91:e8:18:ec,d8:d7:75:45:81:24,,-81,1,2412,False,False
1778936165.0892227,data,null_data,50:02:91:e8:18:ec,d8:d7:75:45:81:24,d8:d7:75:45:81:24,50:02:91:e8:18:ec,d8:d7:75:45:81:24,,-82,1,2412,False,True
1778936165.0897062,data,null_data,50:02:91:e8:18:ec,d8:d7:75:45:81:24,d8:d7:75:45:81:24,50:02:91:e8:18:ec,d8:d7:75:45:81:24,,-82,1,2412,False,True
1778936165.089708,control,ack,,50:02:91:e8:18:ec,50:02:91:e8:18:ec,,,,-44,1,2412,False,False
1778936165.130408,management,beacon,d8:d7:75:45:81:24,ff:ff:ff:ff:ff:ff,ff:ff:ff:ff:ff:ff,d8:d7:75:45:81:24,d8:d7:75:45:81:24,FunBox2-8124,-53,1,2412,False,False
1778936165.2328472,management,beacon,d8:d7:75:45:81:24,ff:ff:ff:ff:ff:ff,ff:ff:ff:ff:ff:ff,d8:d7:75:45:81:24,d8:d7:75:45:81:24,FunBox2-8124,-55,1,2412,False,False
1778936165.2490976,management,probe_request,8a:fa:66:a7:84:1e,ff:ff:ff:ff:ff:ff,ff:ff:ff:ff:ff:ff,8a:fa:66:a7:84:1e,ff:ff:ff:ff:ff:ff,<hidden>,-51,1,2412,False,False
1778936165.2523673,management,probe_response,d8:d7:75:45:81:24,8a:fa:66:a7:84:1e,8a:fa:66:a7:84:1e,d8:d7:75:45:81:24,d8:d7:75:45:81:24,FunBox2-8124,-44,1,2412,False,False
1778936165.2659335,control,ack,,ac:84:c6:41:71:22,ac:84:c6:41:71:22,,,,-57,1,2412,False,False
1778936165.2698195,control,ack,,ac:84:c6:41:71:22,ac:84:c6:41:71:22,,,,-59,1,2412,False,False
1778936165.271603,management,probe_request,8a:fa:66:a7:84:1e,ff:ff:ff:ff:ff:ff,ff:ff:ff:ff:ff:ff,8a:fa:66:a7:84:1e,ff:ff:ff:ff:ff:ff,<hidden>,-59,1,2412,False,False
1778936165.27485,management,probe_response,d8:d7:75:45:81:24,8a:fa:66:a7:84:1e,8a:fa:66:a7:84:1e,d8:d7:75:45:81:24,d8:d7:75:45:81:24,FunBox2-8124,-44,1,2412,False,False
1778936165.275142,control,ack,,d8:d7:75:45:81:24,d8:d7:75:45:81:24,,,,-64,1,2412,False,False
1778936165.5400553,management,beacon,d8:d7:75:45:81:24,ff:ff:ff:ff:ff:ff,ff:ff:ff:ff:ff:ff,d8:d7:75:45:81:24,d8:d7:75:45:81:24,FunBox2-8124,-44,1,2412,False,False
1778936165.6424136,management,beacon,d8:d7:75:45:81:24,ff:ff:ff:ff:ff:ff,ff:ff:ff:ff:ff:ff,d8:d7:75:45:81:24,d8:d7:75:45:81:24,FunBox2-8124,-56,1,2412,False,False
1778936165.7448559,management,beacon,d8:d7:75:45:81:24,ff:ff:ff:ff:ff:ff,ff:ff:ff:ff:ff:ff,d8:d7:75:45:81:24,d8:d7:75:45:81:24,FunBox2-8124,-54,1,2412,False,False
1778936165.9496696,management,beacon,d8:d7:75:45:81:24,ff:ff:ff:ff:ff:ff,ff:ff:ff:ff:ff:ff,d8:d7:75:45:81:24,d8:d7:75:45:81:24,FunBox2-8124,-50,1,2412,False,False
1778936166.052029,management,beacon,d8:d7:75:45:81:24,ff:ff:ff:ff:ff:ff,ff:ff:ff:ff:ff:ff,d8:d7:75:45:81:24,d8:d7:75:45:81:24,FunBox2-8124,-51,1,2412,False,False
1778936166.1544406,management,beacon,d8:d7:75:45:81:24,ff:ff:ff:ff:ff:ff,ff:ff:ff:ff:ff:ff,d8:d7:75:45:81:24,d8:d7:75:45:81:24,FunBox2-8124,-51,1,2412,False,False
1778936166.2568333,management,beacon,d8:d7:75:45:81:24,ff:ff:ff:ff:ff:ff,ff:ff:ff:ff:ff:ff,d8:d7:75:45:81:24,d8:d7:75:45:81:24,FunBox2-8124,-47,1,2412,False,False
1778936166.4659014,management,beacon,d8:d7:75:45:81:24,ff:ff:ff:ff:ff:ff,ff:ff:ff:ff:ff:ff,d8:d7:75:45:81:24,d8:d7:75:45:81:24,FunBox2-8124,-50,1,2412,False,False
1778936166.5640452,management,beacon,d8:d7:75:45:81:24,ff:ff:ff:ff:ff:ff,ff:ff:ff:ff:ff:ff,d8:d7:75:45:81:24,d8:d7:75:45:81:24,FunBox2-8124,-44,1,2412,False,False
1778936166.666473,management,beacon,d8:d7:75:45:81:24,ff:ff:ff:ff:ff:ff,ff:ff:ff:ff:ff:ff,d8:d7:75:45:81:24,d8:d7:75:45:81:24,FunBox2-8124,-47,1,2412,False,False
1778936166.7688477,management,beacon,d8:d7:75:45:81:24,ff:ff:ff:ff:ff:ff,ff:ff:ff:ff:ff:ff,d8:d7:75:45:81:24,d8:d7:75:45:81:24,FunBox2-8124,-41,1,2412,False,False
1778936166.9308932,data,null_data,50:02:91:e8:18:ec,d8:d7:75:45:81:24,d8:d7:75:45:81:24,50:02:91:e8:18:ec,d8:d7:75:45:81:24,,-84,1,2412,False,False
1778936166.9309003,control,ack,,50:02:91:e8:18:ec,50:02:91:e8:18:ec,,,,-44,1,2412,False,False
1778936166.9736798,management,beacon,d8:d7:75:45:81:24,ff:ff:ff:ff:ff:ff,ff:ff:ff:ff:ff:ff,d8:d7:75:45:81:24,d8:d7:75:45:81:24,FunBox2-8124,-44,1,2412,False,False
1778936167.076059,management,beacon,d8:d7:75:45:81:24,ff:ff:ff:ff:ff:ff,ff:ff:ff:ff:ff:ff,d8:d7:75:45:81:24,d8:d7:75:45:81:24,FunBox2-8124,-41,1,2412,False,False
1778936167.17852,management,beacon,d8:d7:75:45:81:24,ff:ff:ff:ff:ff:ff,ff:ff:ff:ff:ff:ff,d8:d7:75:45:81:24,d8:d7:75:45:81:24,FunBox2-8124,-41,1,2412,False,False
1778936167.4856963,management,beacon,d8:d7:75:45:81:24,ff:ff:ff:ff:ff:ff,ff:ff:ff:ff:ff:ff,d8:d7:75:45:81:24,d8:d7:75:45:81:24,FunBox2-8124,-45,1,2412,False,False
1778936167.5880778,management,beacon,d8:d7:75:45:81:24,ff:ff:ff:ff:ff:ff,ff:ff:ff:ff:ff:ff,d8:d7:75:45:81:24,d8:d7:75:45:81:24,FunBox2-8124,-47,1,2412,False,False
1778936167.6905432,management,beacon,d8:d7:75:45:81:24,ff:ff:ff:ff:ff:ff,ff:ff:ff:ff:ff:ff,d8:d7:75:45:81:24,d8:d7:75:45:81:24,FunBox2-8124,-45,1,2412,False,False
1778936167.691333,data,data,d8:d7:75:45:81:24,ff:ff:ff:ff:ff:ff,ff:ff:ff:ff:ff:ff,d8:d7:75:45:81:24,d8:d7:75:45:81:24,,-44,1,2412,True,False
1778936167.6916637,control,ack,,d8:d7:75:45:81:24,d8:d7:75:45:81:24,,,,-84,1,2412,False,False
1778936167.6919696,control,ack,,50:02:91:e8:18:ec,50:02:91:e8:18:ec,,,,-51,1,2412,False,False
1778936167.7928927,management,beacon,d8:d7:75:45:81:24,ff:ff:ff:ff:ff:ff,ff:ff:ff:ff:ff:ff,d8:d7:75:45:81:24,d8:d7:75:45:81:24,FunBox2-8124,-45,1,2412,False,False
1778936167.8538268,data,null_data,50:02:91:e8:18:ec,d8:d7:75:45:81:24,d8:d7:75:45:81:24,50:02:91:e8:18:ec,d8:d7:75:45:81:24,,-86,1,2412,False,False
1778936167.8538425,control,ack,,50:02:91:e8:18:ec,50:02:91:e8:18:ec,,,,-49,1,2412,False,False
1778936167.9554656,control,ack,,ce:d0:54:70:b1:b3,ce:d0:54:70:b1:b3,,,,-87,1,2412,False,False
1778936167.9977136,management,beacon,d8:d7:75:45:81:24,ff:ff:ff:ff:ff:ff,ff:ff:ff:ff:ff:ff,d8:d7:75:45:81:24,d8:d7:75:45:81:24,FunBox2-8124,-45,1,2412,False,False
1778936168.100133,management,beacon,d8:d7:75:45:81:24,ff:ff:ff:ff:ff:ff,ff:ff:ff:ff:ff:ff,d8:d7:75:45:81:24,d8:d7:75:45:81:24,FunBox2-8124,-47,1,2412,False,False
1778936168.2025018,management,beacon,d8:d7:75:45:81:24,ff:ff:ff:ff:ff:ff,ff:ff:ff:ff:ff:ff,d8:d7:75:45:81:24,d8:d7:75:45:81:24,FunBox2-8124,-46,1,2412,False,False
1778936168.293116,management,beacon,ac:84:c6:41:71:22,ff:ff:ff:ff:ff:ff,ff:ff:ff:ff:ff:ff,ac:84:c6:41:71:22,ac:84:c6:41:71:22,TP-LINK_7122,-87,1,2412,False,False
1778936168.3049538,management,beacon,d8:d7:75:45:81:24,ff:ff:ff:ff:ff:ff,ff:ff:ff:ff:ff:ff,d8:d7:75:45:81:24,d8:d7:75:45:81:24,FunBox2-8124,-53,1,2412,False,False
1778936168.313221,control,cts,,ce:d0:54:70:b1:b3,ce:d0:54:70:b1:b3,,,,-85,1,2412,False,False
1778936168.3143227,control,cts,,ce:d0:54:70:b1:b3,ce:d0:54:70:b1:b3,,,,-85,1,2412,False,False
1778936168.4160964,control,cts,,ce:d0:54:70:b1:b3,ce:d0:54:70:b1:b3,,,,-88,1,2412,False,False
1778936168.5097435,management,beacon,d8:d7:75:45:81:24,ff:ff:ff:ff:ff:ff,ff:ff:ff:ff:ff:ff,d8:d7:75:45:81:24,d8:d7:75:45:81:24,FunBox2-8124,-44,1,2412,False,False
1778936168.6121526,management,beacon,d8:d7:75:45:81:24,ff:ff:ff:ff:ff:ff,ff:ff:ff:ff:ff:ff,d8:d7:75:45:81:24,d8:d7:75:45:81:24,FunBox2-8124,-55,1,2412,False,False
1778936168.7145445,management,beacon,d8:d7:75:45:81:24,ff:ff:ff:ff:ff:ff,ff:ff:ff:ff:ff:ff,d8:d7:75:45:81:24,d8:d7:75:45:81:24,FunBox2-8124,-43,1,2412,False,False
1778936168.7279155,data,qos_null,aa:23:4f:4d:00:cf,74:ea:3a:a1:53:a6,74:ea:3a:a1:53:a6,aa:23:4f:4d:00:cf,74:ea:3a:a1:53:a6,,-86,1,2412,False,False
1778936168.7797472,data,qos_null,aa:23:4f:4d:00:cf,74:ea:3a:a1:53:a6,74:ea:3a:a1:53:a6,aa:23:4f:4d:00:cf,74:ea:3a:a1:53:a6,,-87,1,2412,False,False
1778936169.1246464,management,beacon,d8:d7:75:45:81:24,ff:ff:ff:ff:ff:ff,ff:ff:ff:ff:ff:ff,d8:d7:75:45:81:24,d8:d7:75:45:81:24,FunBox2-8124,-45,1,2412,False,False
1778936169.2224576,data,null_data,50:02:91:e8:18:ec,d8:d7:75:45:81:24,d8:d7:75:45:81:24,50:02:91:e8:18:ec,d8:d7:75:45:81:24,,-83,1,2412,False,False
1778936169.2224689,control,ack,,50:02:91:e8:18:ec,50:02:91:e8:18:ec,,,,-46,1,2412,False,False
1778936169.226583,management,beacon,d8:d7:75:45:81:24,ff:ff:ff:ff:ff:ff,ff:ff:ff:ff:ff:ff,d8:d7:75:45:81:24,d8:d7:75:45:81:24,FunBox2-8124,-44,1,2412,False,False
1778936169.3289425,management,beacon,d8:d7:75:45:81:24,ff:ff:ff:ff:ff:ff,ff:ff:ff:ff:ff:ff,d8:d7:75:45:81:24,d8:d7:75:45:81:24,FunBox2-8124,-49,1,2412,False,False
1778936169.3832803,data,null_data,50:02:91:e8:18:ec,d8:d7:75:45:81:24,d8:d7:75:45:81:24,50:02:91:e8:18:ec,d8:d7:75:45:81:24,,-83,1,2412,False,False
1778936169.3832924,control,ack,,50:02:91:e8:18:ec,50:02:91:e8:18:ec,,,,-55,1,2412,False,False
1778936169.5338137,management,beacon,d8:d7:75:45:81:24,ff:ff:ff:ff:ff:ff,ff:ff:ff:ff:ff:ff,d8:d7:75:45:81:24,d8:d7:75:45:81:24,FunBox2-8124,-54,1,2412,False,False
1778936169.6361928,management,beacon,d8:d7:75:45:81:24,ff:ff:ff:ff:ff:ff,ff:ff:ff:ff:ff:ff,d8:d7:75:45:81:24,d8:d7:75:45:81:24,FunBox2-8124,-54,1,2412,False,False
1778936169.7386098,management,beacon,d8:d7:75:45:81:24,ff:ff:ff:ff:ff:ff,ff:ff:ff:ff:ff:ff,d8:d7:75:45:81:24,d8:d7:75:45:81:24,FunBox2-8124,-56,1,2412,False,False
1778936169.840967,management,beacon,d8:d7:75:45:81:24,ff:ff:ff:ff:ff:ff,ff:ff:ff:ff:ff:ff,d8:d7:75:45:81:24,d8:d7:75:45:81:24,FunBox2-8124,-53,1,2412,False,False
1778936169.8420143,data,data,d8:d7:75:45:81:24,01:00:5e:00:00:01,01:00:5e:00:00:01,d8:d7:75:45:81:24,d8:d7:75:45:81:24,,-54,1,2412,True,False
1778936169.8424835,control,ack,,d8:d7:75:45:81:24,d8:d7:75:45:81:24,,,,-82,1,2412,False,False
1778936169.8424861,data,null_data,50:02:91:e8:18:ec,d8:d7:75:45:81:24,d8:d7:75:45:81:24,50:02:91:e8:18:ec,d8:d7:75:45:81:24,,-83,1,2412,False,False
1778936169.842488,control,ack,,50:02:91:e8:18:ec,50:02:91:e8:18:ec,,,,-46,1,2412,False,False
1778936170.0033832,data,null_data,50:02:91:e8:18:ec,d8:d7:75:45:81:24,d8:d7:75:45:81:24,50:02:91:e8:18:ec,d8:d7:75:45:81:24,,-84,1,2412,False,False
1778936170.0034022,control,ack,,50:02:91:e8:18:ec,50:02:91:e8:18:ec,,,,-52,1,2412,False,False
1778936170.148881,management,beacon,d8:d7:75:45:81:24,ff:ff:ff:ff:ff:ff,ff:ff:ff:ff:ff:ff,d8:d7:75:45:81:24,d8:d7:75:45:81:24,FunBox2-8124,-54,1,2412,False,False
1778936170.2506657,management,beacon,d8:d7:75:45:81:24,ff:ff:ff:ff:ff:ff,ff:ff:ff:ff:ff:ff,d8:d7:75:45:81:24,d8:d7:75:45:81:24,FunBox2-8124,-53,1,2412,False,False
1778936170.3529847,management,beacon,d8:d7:75:45:81:24,ff:ff:ff:ff:ff:ff,ff:ff:ff:ff:ff:ff,d8:d7:75:45:81:24,d8:d7:75:45:81:24,FunBox2-8124,-53,1,2412,False,False
1778936170.5577953,management,beacon,d8:d7:75:45:81:24,ff:ff:ff:ff:ff:ff,ff:ff:ff:ff:ff:ff,d8:d7:75:45:81:24,d8:d7:75:45:81:24,FunBox2-8124,-52,1,2412,False,False
1778936170.6601877,management,beacon,d8:d7:75:45:81:24,ff:ff:ff:ff:ff:ff,ff:ff:ff:ff:ff:ff,d8:d7:75:45:81:24,d8:d7:75:45:81:24,FunBox2-8124,-53,1,2412,False,False
1778936170.762669,management,beacon,d8:d7:75:45:81:24,ff:ff:ff:ff:ff:ff,ff:ff:ff:ff:ff:ff,d8:d7:75:45:81:24,d8:d7:75:45:81:24,FunBox2-8124,-53,1,2412,False,False
1778936170.8650217,management,beacon,d8:d7:75:45:81:24,ff:ff:ff:ff:ff:ff,ff:ff:ff:ff:ff:ff,d8:d7:75:45:81:24,d8:d7:75:45:81:24,FunBox2-8124,-54,1,2412,False,False
1778936170.9674067,management,beacon,d8:d7:75:45:81:24,ff:ff:ff:ff:ff:ff,ff:ff:ff:ff:ff:ff,d8:d7:75:45:81:24,d8:d7:75:45:81:24,FunBox2-8124,-43,1,2412,False,False
1778936171.0698655,management,beacon,d8:d7:75:45:81:24,ff:ff:ff:ff:ff:ff,ff:ff:ff:ff:ff:ff,d8:d7:75:45:81:24,d8:d7:75:45:81:24,FunBox2-8124,-44,1,2412,False,False
1778936171.1722758,management,beacon,d8:d7:75:45:81:24,ff:ff:ff:ff:ff:ff,ff:ff:ff:ff:ff:ff,d8:d7:75:45:81:24,d8:d7:75:45:81:24,FunBox2-8124,-53,1,2412,False,False
1778936171.274667,management,beacon,d8:d7:75:45:81:24,ff:ff:ff:ff:ff:ff,ff:ff:ff:ff:ff:ff,d8:d7:75:45:81:24,d8:d7:75:45:81:24,FunBox2-8124,-53,1,2412,False,False
1778936171.3770733,management,beacon,d8:d7:75:45:81:24,ff:ff:ff:ff:ff:ff,ff:ff:ff:ff:ff:ff,d8:d7:75:45:81:24,d8:d7:75:45:81:24,FunBox2-8124,-46,1,2412,False,False
1778936171.4794347,management,beacon,d8:d7:75:45:81:24,ff:ff:ff:ff:ff:ff,ff:ff:ff:ff:ff:ff,d8:d7:75:45:81:24,d8:d7:75:45:81:24,FunBox2-8124,-53,1,2412,False,False
1778936171.581834,management,beacon,d8:d7:75:45:81:24,ff:ff:ff:ff:ff:ff,ff:ff:ff:ff:ff:ff,d8:d7:75:45:81:24,d8:d7:75:45:81:24,FunBox2-8124,-51,1,2412,False,False
1778936171.6842418,management,beacon,d8:d7:75:45:81:24,ff:ff:ff:ff:ff:ff,ff:ff:ff:ff:ff:ff,d8:d7:75:45:81:24,d8:d7:75:45:81:24,FunBox2-8124,-44,1,2412,False,False
1778936171.685417,control,ack,,50:02:91:e8:18:ec,50:02:91:e8:18:ec,,,,-47,1,2412,False,False
1778936171.846299,data,null_data,50:02:91:e8:18:ec,d8:d7:75:45:81:24,d8:d7:75:45:81:24,50:02:91:e8:18:ec,d8:d7:75:45:81:24,,-83,1,2412,False,False
1778936171.8463066,control,ack,,50:02:91:e8:18:ec,50:02:91:e8:18:ec,,,,-50,1,2412,False,False
1778936171.8890913,management,beacon,d8:d7:75:45:81:24,ff:ff:ff:ff:ff:ff,ff:ff:ff:ff:ff:ff,d8:d7:75:45:81:24,d8:d7:75:45:81:24,FunBox2-8124,-42,1,2412,False,False
1778936171.9914844,management,beacon,d8:d7:75:45:81:24,ff:ff:ff:ff:ff:ff,ff:ff:ff:ff:ff:ff,d8:d7:75:45:81:24,d8:d7:75:45:81:24,FunBox2-8124,-43,1,2412,False,False
1778936172.0939236,management,beacon,d8:d7:75:45:81:24,ff:ff:ff:ff:ff:ff,ff:ff:ff:ff:ff:ff,d8:d7:75:45:81:24,d8:d7:75:45:81:24,FunBox2-8124,-50,1,2412,False,False
1778936172.19626,management,beacon,d8:d7:75:45:81:24,ff:ff:ff:ff:ff:ff,ff:ff:ff:ff:ff:ff,d8:d7:75:45:81:24,d8:d7:75:45:81:24,FunBox2-8124,-50,1,2412,False,False
1778936172.2987125,management,beacon,d8:d7:75:45:81:24,ff:ff:ff:ff:ff:ff,ff:ff:ff:ff:ff:ff,d8:d7:75:45:81:24,d8:d7:75:45:81:24,FunBox2-8124,-46,1,2412,False,False
1778936172.4010928,management,beacon,d8:d7:75:45:81:24,ff:ff:ff:ff:ff:ff,ff:ff:ff:ff:ff:ff,d8:d7:75:45:81:24,d8:d7:75:45:81:24,FunBox2-8124,-45,1,2412,False,False
1778936172.5041702,management,beacon,d8:d7:75:45:81:24,ff:ff:ff:ff:ff:ff,ff:ff:ff:ff:ff:ff,d8:d7:75:45:81:24,d8:d7:75:45:81:24,FunBox2-8124,-51,1,2412,False,False
1778936172.5303478,data,qos_null,aa:23:4f:4d:00:cf,74:ea:3a:a1:53:a6,74:ea:3a:a1:53:a6,aa:23:4f:4d:00:cf,74:ea:3a:a1:53:a6,,-85,1,2412,False,False
1778936172.5813959,data,qos_null,aa:23:4f:4d:00:cf,74:ea:3a:a1:53:a6,74:ea:3a:a1:53:a6,aa:23:4f:4d:00:cf,74:ea:3a:a1:53:a6,,-86,1,2412,False,False
1778936172.605876,management,beacon,d8:d7:75:45:81:24,ff:ff:ff:ff:ff:ff,ff:ff:ff:ff:ff:ff,d8:d7:75:45:81:24,d8:d7:75:45:81:24,FunBox2-8124,-50,1,2412,False,False
1778936172.7083004,management,beacon,d8:d7:75:45:81:24,ff:ff:ff:ff:ff:ff,ff:ff:ff:ff:ff:ff,d8:d7:75:45:81:24,d8:d7:75:45:81:24,FunBox2-8124,-44,1,2412,False,False
1778936172.835004,data,qos_null,aa:23:4f:4d:00:cf,74:ea:3a:a1:53:a6,74:ea:3a:a1:53:a6,aa:23:4f:4d:00:cf,74:ea:3a:a1:53:a6,,-91,1,2412,False,False
1778936172.913095,management,beacon,d8:d7:75:45:81:24,ff:ff:ff:ff:ff:ff,ff:ff:ff:ff:ff:ff,d8:d7:75:45:81:24,d8:d7:75:45:81:24,FunBox2-8124,-44,1,2412,False,False
1778936172.950277,data,qos_null,aa:23:4f:4d:00:cf,74:ea:3a:a1:53:a6,74:ea:3a:a1:53:a6,aa:23:4f:4d:00:cf,74:ea:3a:a1:53:a6,,-84,1,2412,False,False
1778936173.0094936,data,qos_null,aa:23:4f:4d:00:cf,74:ea:3a:a1:53:a6,74:ea:3a:a1:53:a6,aa:23:4f:4d:00:cf,74:ea:3a:a1:53:a6,,-88,1,2412,False,False
1778936173.01602,management,beacon,d8:d7:75:45:81:24,ff:ff:ff:ff:ff:ff,ff:ff:ff:ff:ff:ff,d8:d7:75:45:81:24,d8:d7:75:45:81:24,FunBox2-8124,-43,1,2412,False,False
1778936173.0316749,control,ack,,ce:d0:54:70:b1:b3,ce:d0:54:70:b1:b3,,,,-90,1,2412,False,False
1778936173.0978568,data,qos_null,aa:23:4f:4d:00:cf,74:ea:3a:a1:53:a6,74:ea:3a:a1:53:a6,aa:23:4f:4d:00:cf,74:ea:3a:a1:53:a6,,-89,1,2412,False,False
1778936173.117901,management,beacon,d8:d7:75:45:81:24,ff:ff:ff:ff:ff:ff,ff:ff:ff:ff:ff:ff,d8:d7:75:45:81:24,d8:d7:75:45:81:24,FunBox2-8124,-50,1,2412,False,False
1778936173.2203228,management,beacon,d8:d7:75:45:81:24,ff:ff:ff:ff:ff:ff,ff:ff:ff:ff:ff:ff,d8:d7:75:45:81:24,d8:d7:75:45:81:24,FunBox2-8124,-44,1,2412,False,False
1778936173.2215793,data,null_data,50:02:91:e8:18:ec,d8:d7:75:45:81:24,d8:d7:75:45:81:24,50:02:91:e8:18:ec,d8:d7:75:45:81:24,,-87,1,2412,False,False
1778936173.2215815,control,ack,,50:02:91:e8:18:ec,50:02:91:e8:18:ec,,,,-48,1,2412,False,False
1778936173.3161626,data,qos_null,aa:23:4f:4d:00:cf,74:ea:3a:a1:53:a6,74:ea:3a:a1:53:a6,aa:23:4f:4d:00:cf,74:ea:3a:a1:53:a6,,-89,1,2412,False,False
1778936173.322684,management,beacon,d8:d7:75:45:81:24,ff:ff:ff:ff:ff:ff,ff:ff:ff:ff:ff:ff,d8:d7:75:45:81:24,d8:d7:75:45:81:24,FunBox2-8124,-43,1,2412,False,False
1778936173.3824153,data,null_data,50:02:91:e8:18:ec,d8:d7:75:45:81:24,d8:d7:75:45:81:24,50:02:91:e8:18:ec,d8:d7:75:45:81:24,,-82,1,2412,False,False
1778936173.3824246,control,ack,,50:02:91:e8:18:ec,50:02:91:e8:18:ec,,,,-47,1,2412,False,False
1778936173.5275407,management,beacon,d8:d7:75:45:81:24,ff:ff:ff:ff:ff:ff,ff:ff:ff:ff:ff:ff,d8:d7:75:45:81:24,d8:d7:75:45:81:24,FunBox2-8124,-48,1,2412,False,False
1778936173.6299322,management,beacon,d8:d7:75:45:81:24,ff:ff:ff:ff:ff:ff,ff:ff:ff:ff:ff:ff,d8:d7:75:45:81:24,d8:d7:75:45:81:24,FunBox2-8124,-43,1,2412,False,False
1778936173.6355515,data,qos_data,aa:23:4f:4d:00:cf,74:ea:3a:a1:53:a6,74:ea:3a:a1:53:a6,aa:23:4f:4d:00:cf,d8:a7:56:15:ac:05,,-85,1,2412,False,False
1778936173.7323043,management,beacon,d8:d7:75:45:81:24,ff:ff:ff:ff:ff:ff,ff:ff:ff:ff:ff:ff,d8:d7:75:45:81:24,d8:d7:75:45:81:24,FunBox2-8124,-44,1,2412,False,False
1778936173.8347104,management,beacon,d8:d7:75:45:81:24,ff:ff:ff:ff:ff:ff,ff:ff:ff:ff:ff:ff,d8:d7:75:45:81:24,d8:d7:75:45:81:24,FunBox2-8124,-44,1,2412,False,False
1778936173.9371152,management,beacon,d8:d7:75:45:81:24,ff:ff:ff:ff:ff:ff,ff:ff:ff:ff:ff:ff,d8:d7:75:45:81:24,d8:d7:75:45:81:24,FunBox2-8124,-44,1,2412,False,False
1778936173.992394,data,qos_null,aa:23:4f:4d:00:cf,74:ea:3a:a1:53:a6,74:ea:3a:a1:53:a6,aa:23:4f:4d:00:cf,74:ea:3a:a1:53:a6,,-91,1,2412,False,False
1778936174.0395591,management,beacon,d8:d7:75:45:81:24,ff:ff:ff:ff:ff:ff,ff:ff:ff:ff:ff:ff,d8:d7:75:45:81:24,d8:d7:75:45:81:24,FunBox2-8124,-45,1,2412,False,False
1778936174.0505195,data,qos_null,aa:23:4f:4d:00:cf,74:ea:3a:a1:53:a6,74:ea:3a:a1:53:a6,aa:23:4f:4d:00:cf,74:ea:3a:a1:53:a6,,-86,1,2412,False,False
1778936174.141966,management,beacon,d8:d7:75:45:81:24,ff:ff:ff:ff:ff:ff,ff:ff:ff:ff:ff:ff,d8:d7:75:45:81:24,d8:d7:75:45:81:24,FunBox2-8124,-42,1,2412,False,False
1778936174.185776,control,cts,,ce:d0:54:70:b1:b3,ce:d0:54:70:b1:b3,,,,-86,1,2412,False,False
1778936174.2443547,management,beacon,d8:d7:75:45:81:24,ff:ff:ff:ff:ff:ff,ff:ff:ff:ff:ff:ff,d8:d7:75:45:81:24,d8:d7:75:45:81:24,FunBox2-8124,-48,1,2412,False,False
1778936174.3506987,management,beacon,d8:d7:75:45:81:24,ff:ff:ff:ff:ff:ff,ff:ff:ff:ff:ff:ff,d8:d7:75:45:81:24,d8:d7:75:45:81:24,FunBox2-8124,-48,1,2412,False,False
1778936174.4496913,management,beacon,d8:d7:75:45:81:24,ff:ff:ff:ff:ff:ff,ff:ff:ff:ff:ff:ff,d8:d7:75:45:81:24,d8:d7:75:45:81:24,FunBox2-8124,-47,1,2412,False,False
1778936174.5515387,management,beacon,d8:d7:75:45:81:24,ff:ff:ff:ff:ff:ff,ff:ff:ff:ff:ff:ff,d8:d7:75:45:81:24,d8:d7:75:45:81:24,FunBox2-8124,-47,1,2412,False,False
1778936174.756357,management,beacon,d8:d7:75:45:81:24,ff:ff:ff:ff:ff:ff,ff:ff:ff:ff:ff:ff,d8:d7:75:45:81:24,d8:d7:75:45:81:24,FunBox2-8124,-45,1,2412,False,False
1778936174.7575996,data,null_data,50:02:91:e8:18:ec,d8:d7:75:45:81:24,d8:d7:75:45:81:24,50:02:91:e8:18:ec,d8:d7:75:45:81:24,,-83,1,2412,False,False
1778936174.7576067,control,ack,,50:02:91:e8:18:ec,50:02:91:e8:18:ec,,,,-47,1,2412,False,False
1778936174.9190195,data,null_data,50:02:91:e8:18:ec,d8:d7:75:45:81:24,d8:d7:75:45:81:24,50:02:91:e8:18:ec,d8:d7:75:45:81:24,,-83,1,2412,False,False
1778936174.919034,control,ack,,50:02:91:e8:18:ec,50:02:91:e8:18:ec,,,,-48,1,2412,False,False
1778936174.961153,management,beacon,d8:d7:75:45:81:24,ff:ff:ff:ff:ff:ff,ff:ff:ff:ff:ff:ff,d8:d7:75:45:81:24,d8:d7:75:45:81:24,FunBox2-8124,-43,1,2412,False,False
1778936175.0635774,management,beacon,d8:d7:75:45:81:24,ff:ff:ff:ff:ff:ff,ff:ff:ff:ff:ff:ff,d8:d7:75:45:81:24,d8:d7:75:45:81:24,FunBox2-8124,-44,1,2412,False,False
1778936175.0889697,data,qos_null,aa:23:4f:4d:00:cf,74:ea:3a:a1:53:a6,74:ea:3a:a1:53:a6,aa:23:4f:4d:00:cf,74:ea:3a:a1:53:a6,,-88,1,2412,False,False
1778936175.1442118,data,qos_null,aa:23:4f:4d:00:cf,74:ea:3a:a1:53:a6,74:ea:3a:a1:53:a6,aa:23:4f:4d:00:cf,74:ea:3a:a1:53:a6,,-86,1,2412,False,False
1778936175.1694934,data,qos_null,aa:23:4f:4d:00:cf,74:ea:3a:a1:53:a6,74:ea:3a:a1:53:a6,aa:23:4f:4d:00:cf,74:ea:3a:a1:53:a6,,-90,1,2412,False,False
1778936175.2688515,management,beacon,d8:d7:75:45:81:24,ff:ff:ff:ff:ff:ff,ff:ff:ff:ff:ff:ff,d8:d7:75:45:81:24,d8:d7:75:45:81:24,FunBox2-8124,-47,1,2412,False,False
1778936175.3708336,management,beacon,d8:d7:75:45:81:24,ff:ff:ff:ff:ff:ff,ff:ff:ff:ff:ff:ff,d8:d7:75:45:81:24,d8:d7:75:45:81:24,FunBox2-8124,-45,1,2412,False,False
1778936175.4731636,management,beacon,d8:d7:75:45:81:24,ff:ff:ff:ff:ff:ff,ff:ff:ff:ff:ff:ff,d8:d7:75:45:81:24,d8:d7:75:45:81:24,FunBox2-8124,-42,1,2412,False,False
1778936175.6779766,management,beacon,d8:d7:75:45:81:24,ff:ff:ff:ff:ff:ff,ff:ff:ff:ff:ff:ff,d8:d7:75:45:81:24,d8:d7:75:45:81:24,FunBox2-8124,-47,1,2412,False,False
1778936175.9851856,management,beacon,d8:d7:75:45:81:24,ff:ff:ff:ff:ff:ff,ff:ff:ff:ff:ff:ff,d8:d7:75:45:81:24,d8:d7:75:45:81:24,FunBox2-8124,-46,1,2412,False,False
1778936176.0875912,management,beacon,d8:d7:75:45:81:24,ff:ff:ff:ff:ff:ff,ff:ff:ff:ff:ff:ff,d8:d7:75:45:81:24,d8:d7:75:45:81:24,FunBox2-8124,-42,1,2412,False,False
1778936176.1900134,management,beacon,d8:d7:75:45:81:24,ff:ff:ff:ff:ff:ff,ff:ff:ff:ff:ff:ff,d8:d7:75:45:81:24,d8:d7:75:45:81:24,FunBox2-8124,-44,1,2412,False,False
1778936176.2924047,management,beacon,d8:d7:75:45:81:24,ff:ff:ff:ff:ff:ff,ff:ff:ff:ff:ff:ff,d8:d7:75:45:81:24,d8:d7:75:45:81:24,FunBox2-8124,-44,1,2412,False,False
1778936176.3777812,management,beacon,ac:84:c6:41:71:22,ff:ff:ff:ff:ff:ff,ff:ff:ff:ff:ff:ff,ac:84:c6:41:71:22,ac:84:c6:41:71:22,TP-LINK_7122,-87,1,2412,False,False
1778936176.394797,management,beacon,d8:d7:75:45:81:24,ff:ff:ff:ff:ff:ff,ff:ff:ff:ff:ff:ff,d8:d7:75:45:81:24,d8:d7:75:45:81:24,FunBox2-8124,-44,1,2412,False,False
1778936176.5003173,management,beacon,d8:d7:75:45:81:24,ff:ff:ff:ff:ff:ff,ff:ff:ff:ff:ff:ff,d8:d7:75:45:81:24,d8:d7:75:45:81:24,FunBox2-8124,-46,1,2412,False,False
1778936176.599646,management,beacon,d8:d7:75:45:81:24,ff:ff:ff:ff:ff:ff,ff:ff:ff:ff:ff:ff,d8:d7:75:45:81:24,d8:d7:75:45:81:24,FunBox2-8124,-46,1,2412,False,False
1778936176.703351,data,null_data,50:02:91:e8:18:ec,d8:d7:75:45:81:24,d8:d7:75:45:81:24,50:02:91:e8:18:ec,d8:d7:75:45:81:24,,-83,1,2412,False,False
1778936176.703359,control,ack,,50:02:91:e8:18:ec,50:02:91:e8:18:ec,,,,-49,1,2412,False,False
1778936176.7035675,data,null_data,50:02:91:e8:18:ec,d8:d7:75:45:81:24,d8:d7:75:45:81:24,50:02:91:e8:18:ec,d8:d7:75:45:81:24,,-83,1,2412,False,True
1778936176.7035692,control,ack,,50:02:91:e8:18:ec,50:02:91:e8:18:ec,,,,-45,1,2412,False,False
1778936176.736254,data,data,d8:d7:75:45:81:24,33:33:00:00:00:01,33:33:00:00:00:01,d8:d7:75:45:81:24,d8:d7:75:45:81:24,,-44,1,2412,True,False
1778936176.7365513,control,ack,,d8:d7:75:45:81:24,d8:d7:75:45:81:24,,,,-83,1,2412,False,False
1778936176.7453787,data,data,d8:d7:75:45:81:24,33:33:00:00:00:16,33:33:00:00:00:16,d8:d7:75:45:81:24,a8:5e:45:c6:9f:b7,,-44,1,2412,True,False
1778936176.7456796,control,ack,,d8:d7:75:45:81:24,d8:d7:75:45:81:24,,,,-83,1,2412,False,False
1778936176.8044727,management,beacon,d8:d7:75:45:81:24,ff:ff:ff:ff:ff:ff,ff:ff:ff:ff:ff:ff,d8:d7:75:45:81:24,d8:d7:75:45:81:24,FunBox2-8124,-49,1,2412,False,False
1778936176.8908079,control,rts,54:35:30:cf:ee:1e,d8:d7:75:45:81:24,d8:d7:75:45:81:24,54:35:30:cf:ee:1e,,,-57,1,2412,False,False
1778936176.8908157,control,block_ack,d8:d7:75:45:81:24,54:35:30:cf:ee:1e,54:35:30:cf:ee:1e,d8:d7:75:45:81:24,,,-47,1,2412,False,False
1778936176.8924692,data,data,d8:d7:75:45:81:24,01:00:5e:7f:ff:fa,01:00:5e:7f:ff:fa,d8:d7:75:45:81:24,54:35:30:cf:ee:1e,,-46,1,2412,True,False
1778936176.8927853,control,ack,,d8:d7:75:45:81:24,d8:d7:75:45:81:24,,,,-84,1,2412,False,False
1778936176.894471,data,data,d8:d7:75:45:81:24,33:33:00:00:00:16,33:33:00:00:00:16,d8:d7:75:45:81:24,a8:5e:45:c6:9f:b7,,-42,1,2412,True,False
1778936176.8947887,control,ack,,d8:d7:75:45:81:24,d8:d7:75:45:81:24,,,,-84,1,2412,False,False
1778936176.9068294,management,beacon,d8:d7:75:45:81:24,ff:ff:ff:ff:ff:ff,ff:ff:ff:ff:ff:ff,d8:d7:75:45:81:24,d8:d7:75:45:81:24,FunBox2-8124,-42,1,2412,False,False
1778936177.0092726,management,beacon,d8:d7:75:45:81:24,ff:ff:ff:ff:ff:ff,ff:ff:ff:ff:ff:ff,d8:d7:75:45:81:24,d8:d7:75:45:81:24,FunBox2-8124,-47,1,2412,False,False
1778936177.055246,control,ack,,50:02:91:e8:18:ec,50:02:91:e8:18:ec,,,,-50,1,2412,False,False
1778936177.1116402,management,beacon,d8:d7:75:45:81:24,ff:ff:ff:ff:ff:ff,ff:ff:ff:ff:ff:ff,d8:d7:75:45:81:24,d8:d7:75:45:81:24,FunBox2-8124,-44,1,2412,False,False
1778936177.2140672,management,beacon,d8:d7:75:45:81:24,ff:ff:ff:ff:ff:ff,ff:ff:ff:ff:ff:ff,d8:d7:75:45:81:24,d8:d7:75:45:81:24,FunBox2-8124,-57,1,2412,False,False
1778936177.3164446,management,beacon,d8:d7:75:45:81:24,ff:ff:ff:ff:ff:ff,ff:ff:ff:ff:ff:ff,d8:d7:75:45:81:24,d8:d7:75:45:81:24,FunBox2-8124,-56,1,2412,False,False
1778936177.418872,management,beacon,d8:d7:75:45:81:24,ff:ff:ff:ff:ff:ff,ff:ff:ff:ff:ff:ff,d8:d7:75:45:81:24,d8:d7:75:45:81:24,FunBox2-8124,-42,1,2412,False,False
1778936177.4370184,data,qos_null,aa:23:4f:4d:00:cf,74:ea:3a:a1:53:a6,74:ea:3a:a1:53:a6,aa:23:4f:4d:00:cf,74:ea:3a:a1:53:a6,,-87,1,2412,False,False
1778936177.5080092,data,qos_null,aa:23:4f:4d:00:cf,74:ea:3a:a1:53:a6,74:ea:3a:a1:53:a6,aa:23:4f:4d:00:cf,74:ea:3a:a1:53:a6,,-87,1,2412,False,False
1778936177.5212846,management,beacon,d8:d7:75:45:81:24,ff:ff:ff:ff:ff:ff,ff:ff:ff:ff:ff:ff,d8:d7:75:45:81:24,d8:d7:75:45:81:24,FunBox2-8124,-56,1,2412,False,False
1778936177.5828812,data,qos_null,aa:23:4f:4d:00:cf,74:ea:3a:a1:53:a6,74:ea:3a:a1:53:a6,aa:23:4f:4d:00:cf,74:ea:3a:a1:53:a6,,-84,1,2412,False,False
1778936177.6546988,data,qos_null,aa:23:4f:4d:00:cf,74:ea:3a:a1:53:a6,74:ea:3a:a1:53:a6,aa:23:4f:4d:00:cf,74:ea:3a:a1:53:a6,,-87,1,2412,False,False
1778936177.8284652,management,beacon,d8:d7:75:45:81:24,ff:ff:ff:ff:ff:ff,ff:ff:ff:ff:ff:ff,d8:d7:75:45:81:24,d8:d7:75:45:81:24,FunBox2-8124,-46,1,2412,False,False
1778936177.930857,management,beacon,d8:d7:75:45:81:24,ff:ff:ff:ff:ff:ff,ff:ff:ff:ff:ff:ff,d8:d7:75:45:81:24,d8:d7:75:45:81:24,FunBox2-8124,-45,1,2412,False,False
1778936177.990592,data,null_data,50:02:91:e8:18:ec,d8:d7:75:45:81:24,d8:d7:75:45:81:24,50:02:91:e8:18:ec,d8:d7:75:45:81:24,,-84,1,2412,False,False
1778936177.9906015,control,ack,,50:02:91:e8:18:ec,50:02:91:e8:18:ec,,,,-48,1,2412,False,False
1778936178.033377,management,beacon,d8:d7:75:45:81:24,ff:ff:ff:ff:ff:ff,ff:ff:ff:ff:ff:ff,d8:d7:75:45:81:24,d8:d7:75:45:81:24,FunBox2-8124,-46,1,2412,False,False
1778936178.1356866,management,beacon,d8:d7:75:45:81:24,ff:ff:ff:ff:ff:ff,ff:ff:ff:ff:ff:ff,d8:d7:75:45:81:24,d8:d7:75:45:81:24,FunBox2-8124,-52,1,2412,False,False
1778936178.2384946,management,beacon,d8:d7:75:45:81:24,ff:ff:ff:ff:ff:ff,ff:ff:ff:ff:ff:ff,d8:d7:75:45:81:24,d8:d7:75:45:81:24,FunBox2-8124,-52,1,2412,False,False
1778936178.3405218,management,beacon,d8:d7:75:45:81:24,ff:ff:ff:ff:ff:ff,ff:ff:ff:ff:ff:ff,d8:d7:75:45:81:24,d8:d7:75:45:81:24,FunBox2-8124,-51,1,2412,False,False
1778936178.4428794,management,beacon,d8:d7:75:45:81:24,ff:ff:ff:ff:ff:ff,ff:ff:ff:ff:ff:ff,d8:d7:75:45:81:24,d8:d7:75:45:81:24,FunBox2-8124,-46,1,2412,False,False
1778936178.5453324,management,beacon,d8:d7:75:45:81:24,ff:ff:ff:ff:ff:ff,ff:ff:ff:ff:ff:ff,d8:d7:75:45:81:24,d8:d7:75:45:81:24,FunBox2-8124,-44,1,2412,False,False
1778936178.647687,management,beacon,d8:d7:75:45:81:24,ff:ff:ff:ff:ff:ff,ff:ff:ff:ff:ff:ff,d8:d7:75:45:81:24,d8:d7:75:45:81:24,FunBox2-8124,-46,1,2412,False,False
1778936178.8525374,management,beacon,d8:d7:75:45:81:24,ff:ff:ff:ff:ff:ff,ff:ff:ff:ff:ff:ff,d8:d7:75:45:81:24,d8:d7:75:45:81:24,FunBox2-8124,-44,1,2412,False,False
1778936178.9548924,management,beacon,d8:d7:75:45:81:24,ff:ff:ff:ff:ff:ff,ff:ff:ff:ff:ff:ff,d8:d7:75:45:81:24,d8:d7:75:45:81:24,FunBox2-8124,-46,1,2412,False,False
1778936179.0573683,management,beacon,d8:d7:75:45:81:24,ff:ff:ff:ff:ff:ff,ff:ff:ff:ff:ff:ff,d8:d7:75:45:81:24,d8:d7:75:45:81:24,FunBox2-8124,-47,1,2412,False,False
1778936179.0806437,control,cts,,ce:d0:54:70:b1:b3,ce:d0:54:70:b1:b3,,,,-87,1,2412,False,False
1778936179.159746,management,beacon,d8:d7:75:45:81:24,ff:ff:ff:ff:ff:ff,ff:ff:ff:ff:ff:ff,d8:d7:75:45:81:24,d8:d7:75:45:81:24,FunBox2-8124,-44,1,2412,False,False
1778936179.2250428,data,null_data,50:02:91:e8:18:ec,d8:d7:75:45:81:24,d8:d7:75:45:81:24,50:02:91:e8:18:ec,d8:d7:75:45:81:24,,-80,1,2412,False,False
1778936179.2250528,control,ack,,50:02:91:e8:18:ec,50:02:91:e8:18:ec,,,,-47,1,2412,False,False
1778936179.3645139,management,beacon,d8:d7:75:45:81:24,ff:ff:ff:ff:ff:ff,ff:ff:ff:ff:ff:ff,d8:d7:75:45:81:24,d8:d7:75:45:81:24,FunBox2-8124,-55,1,2412,False,False
1778936179.3858902,data,null_data,50:02:91:e8:18:ec,d8:d7:75:45:81:24,d8:d7:75:45:81:24,50:02:91:e8:18:ec,d8:d7:75:45:81:24,,-81,1,2412,False,False
1778936179.3858974,control,ack,,50:02:91:e8:18:ec,50:02:91:e8:18:ec,,,,-52,1,2412,False,False
1778936179.466933,management,beacon,d8:d7:75:45:81:24,ff:ff:ff:ff:ff:ff,ff:ff:ff:ff:ff:ff,d8:d7:75:45:81:24,d8:d7:75:45:81:24,FunBox2-8124,-51,1,2412,False,False
1778936179.5018675,data,qos_null,aa:23:4f:4d:00:cf,74:ea:3a:a1:53:a6,74:ea:3a:a1:53:a6,aa:23:4f:4d:00:cf,74:ea:3a:a1:53:a6,,-88,1,2412,False,False
1778936179.5693643,management,beacon,d8:d7:75:45:81:24,ff:ff:ff:ff:ff:ff,ff:ff:ff:ff:ff:ff,d8:d7:75:45:81:24,d8:d7:75:45:81:24,FunBox2-8124,-43,1,2412,False,False
1778936179.671746,management,beacon,d8:d7:75:45:81:24,ff:ff:ff:ff:ff:ff,ff:ff:ff:ff:ff:ff,d8:d7:75:45:81:24,d8:d7:75:45:81:24,FunBox2-8124,-48,1,2412,False,False
1778936179.8765497,management,beacon,d8:d7:75:45:81:24,ff:ff:ff:ff:ff:ff,ff:ff:ff:ff:ff:ff,d8:d7:75:45:81:24,d8:d7:75:45:81:24,FunBox2-8124,-43,1,2412,False,False
1778936179.9789464,management,beacon,d8:d7:75:45:81:24,ff:ff:ff:ff:ff:ff,ff:ff:ff:ff:ff:ff,d8:d7:75:45:81:24,d8:d7:75:45:81:24,FunBox2-8124,-51,1,2412,False,False
1778936180.0813537,management,beacon,d8:d7:75:45:81:24,ff:ff:ff:ff:ff:ff,ff:ff:ff:ff:ff:ff,d8:d7:75:45:81:24,d8:d7:75:45:81:24,FunBox2-8124,-51,1,2412,False,False
1778936180.1837912,management,beacon,d8:d7:75:45:81:24,ff:ff:ff:ff:ff:ff,ff:ff:ff:ff:ff:ff,d8:d7:75:45:81:24,d8:d7:75:45:81:24,FunBox2-8124,-49,1,2412,False,False
1778936180.3885744,management,beacon,d8:d7:75:45:81:24,ff:ff:ff:ff:ff:ff,ff:ff:ff:ff:ff:ff,d8:d7:75:45:81:24,d8:d7:75:45:81:24,FunBox2-8124,-50,1,2412,False,False
1778936180.5934038,management,beacon,d8:d7:75:45:81:24,ff:ff:ff:ff:ff:ff,ff:ff:ff:ff:ff:ff,d8:d7:75:45:81:24,d8:d7:75:45:81:24,FunBox2-8124,-49,1,2412,False,False
1778936180.6957805,management,beacon,d8:d7:75:45:81:24,ff:ff:ff:ff:ff:ff,ff:ff:ff:ff:ff:ff,d8:d7:75:45:81:24,d8:d7:75:45:81:24,FunBox2-8124,-45,1,2412,False,False
1778936180.9006026,management,beacon,d8:d7:75:45:81:24,ff:ff:ff:ff:ff:ff,ff:ff:ff:ff:ff:ff,d8:d7:75:45:81:24,d8:d7:75:45:81:24,FunBox2-8124,-48,1,2412,False,False
1778936180.9018848,data,null_data,50:02:91:e8:18:ec,d8:d7:75:45:81:24,d8:d7:75:45:81:24,50:02:91:e8:18:ec,d8:d7:75:45:81:24,,-81,1,2412,False,False
1778936180.9018872,control,ack,,50:02:91:e8:18:ec,50:02:91:e8:18:ec,,,,-50,1,2412,False,False
1778936181.0244722,control,ack,,98:42:65:a1:04:0a,98:42:65:a1:04:0a,,,,-89,1,2412,False,False
1778936181.0626965,data,null_data,50:02:91:e8:18:ec,d8:d7:75:45:81:24,d8:d7:75:45:81:24,50:02:91:e8:18:ec,d8:d7:75:45:81:24,,-83,1,2412,False,False
1778936181.0628924,data,null_data,50:02:91:e8:18:ec,d8:d7:75:45:81:24,d8:d7:75:45:81:24,50:02:91:e8:18:ec,d8:d7:75:45:81:24,,-83,1,2412,False,True
1778936181.0631921,data,null_data,50:02:91:e8:18:ec,d8:d7:75:45:81:24,d8:d7:75:45:81:24,50:02:91:e8:18:ec,d8:d7:75:45:81:24,,-85,1,2412,False,True
1778936181.0636957,data,null_data,50:02:91:e8:18:ec,d8:d7:75:45:81:24,d8:d7:75:45:81:24,50:02:91:e8:18:ec,d8:d7:75:45:81:24,,-87,1,2412,False,True
1778936181.0636988,control,ack,,50:02:91:e8:18:ec,50:02:91:e8:18:ec,,,,-51,1,2412,False,False
1778936181.1054113,management,beacon,d8:d7:75:45:81:24,ff:ff:ff:ff:ff:ff,ff:ff:ff:ff:ff:ff,d8:d7:75:45:81:24,d8:d7:75:45:81:24,FunBox2-8124,-52,1,2412,False,False
1778936181.2110987,management,beacon,d8:d7:75:45:81:24,ff:ff:ff:ff:ff:ff,ff:ff:ff:ff:ff:ff,d8:d7:75:45:81:24,d8:d7:75:45:81:24,FunBox2-8124,-52,1,2412,False,False
1778936181.412648,management,beacon,d8:d7:75:45:81:24,ff:ff:ff:ff:ff:ff,ff:ff:ff:ff:ff:ff,d8:d7:75:45:81:24,d8:d7:75:45:81:24,FunBox2-8124,-48,1,2412,False,False
1778936181.5150325,management,beacon,d8:d7:75:45:81:24,ff:ff:ff:ff:ff:ff,ff:ff:ff:ff:ff:ff,d8:d7:75:45:81:24,d8:d7:75:45:81:24,FunBox2-8124,-42,1,2412,False,False
1778936181.7198482,management,beacon,d8:d7:75:45:81:24,ff:ff:ff:ff:ff:ff,ff:ff:ff:ff:ff:ff,d8:d7:75:45:81:24,d8:d7:75:45:81:24,FunBox2-8124,-54,1,2412,False,False
1778936181.9253244,management,beacon,d8:d7:75:45:81:24,ff:ff:ff:ff:ff:ff,ff:ff:ff:ff:ff:ff,d8:d7:75:45:81:24,d8:d7:75:45:81:24,FunBox2-8124,-46,1,2412,False,False
1778936182.1294727,management,beacon,d8:d7:75:45:81:24,ff:ff:ff:ff:ff:ff,ff:ff:ff:ff:ff:ff,d8:d7:75:45:81:24,d8:d7:75:45:81:24,FunBox2-8124,-47,1,2412,False,False
1778936182.4366465,management,beacon,d8:d7:75:45:81:24,ff:ff:ff:ff:ff:ff,ff:ff:ff:ff:ff:ff,d8:d7:75:45:81:24,d8:d7:75:45:81:24,FunBox2-8124,-47,1,2412,False,False
1778936182.4378395,control,ack,,50:02:91:e8:18:ec,50:02:91:e8:18:ec,,,,-48,1,2412,False,False
1778936182.599279,data,null_data,50:02:91:e8:18:ec,d8:d7:75:45:81:24,d8:d7:75:45:81:24,50:02:91:e8:18:ec,d8:d7:75:45:81:24,,-82,1,2412,False,False
1778936182.5992887,control,ack,,50:02:91:e8:18:ec,50:02:91:e8:18:ec,,,,-57,1,2412,False,False
1778936182.6414757,management,beacon,d8:d7:75:45:81:24,ff:ff:ff:ff:ff:ff,ff:ff:ff:ff:ff:ff,d8:d7:75:45:81:24,d8:d7:75:45:81:24,FunBox2-8124,-49,1,2412,False,False
1778936182.7438524,management,beacon,d8:d7:75:45:81:24,ff:ff:ff:ff:ff:ff,ff:ff:ff:ff:ff:ff,d8:d7:75:45:81:24,d8:d7:75:45:81:24,FunBox2-8124,-60,1,2412,False,False
1778936182.7652738,data,qos_null,aa:23:4f:4d:00:cf,74:ea:3a:a1:53:a6,74:ea:3a:a1:53:a6,aa:23:4f:4d:00:cf,74:ea:3a:a1:53:a6,,-87,1,2412,False,False
1778936182.8177207,data,qos_null,aa:23:4f:4d:00:cf,74:ea:3a:a1:53:a6,74:ea:3a:a1:53:a6,aa:23:4f:4d:00:cf,74:ea:3a:a1:53:a6,,-88,1,2412,False,False
1778936182.949578,management,beacon,d8:d7:75:45:81:24,ff:ff:ff:ff:ff:ff,ff:ff:ff:ff:ff:ff,d8:d7:75:45:81:24,d8:d7:75:45:81:24,FunBox2-8124,-53,1,2412,False,False
1778936183.0510798,management,beacon,d8:d7:75:45:81:24,ff:ff:ff:ff:ff:ff,ff:ff:ff:ff:ff:ff,d8:d7:75:45:81:24,d8:d7:75:45:81:24,FunBox2-8124,-53,1,2412,False,False
1778936183.1534626,management,beacon,d8:d7:75:45:81:24,ff:ff:ff:ff:ff:ff,ff:ff:ff:ff:ff:ff,d8:d7:75:45:81:24,d8:d7:75:45:81:24,FunBox2-8124,-58,1,2412,False,False
1778936183.2558901,management,beacon,d8:d7:75:45:81:24,ff:ff:ff:ff:ff:ff,ff:ff:ff:ff:ff:ff,d8:d7:75:45:81:24,d8:d7:75:45:81:24,FunBox2-8124,-53,1,2412,False,False
1778936183.4606683,management,beacon,d8:d7:75:45:81:24,ff:ff:ff:ff:ff:ff,ff:ff:ff:ff:ff:ff,d8:d7:75:45:81:24,d8:d7:75:45:81:24,FunBox2-8124,-49,1,2412,False,False
1778936183.5630815,management,beacon,d8:d7:75:45:81:24,ff:ff:ff:ff:ff:ff,ff:ff:ff:ff:ff:ff,d8:d7:75:45:81:24,d8:d7:75:45:81:24,FunBox2-8124,-58,1,2412,False,False
1778936183.6655211,management,beacon,d8:d7:75:45:81:24,ff:ff:ff:ff:ff:ff,ff:ff:ff:ff:ff:ff,d8:d7:75:45:81:24,d8:d7:75:45:81:24,FunBox2-8124,-53,1,2412,False,False
1778936183.870284,management,beacon,d8:d7:75:45:81:24,ff:ff:ff:ff:ff:ff,ff:ff:ff:ff:ff:ff,d8:d7:75:45:81:24,d8:d7:75:45:81:24,FunBox2-8124,-53,1,2412,False,False
1778936183.97269,management,beacon,d8:d7:75:45:81:24,ff:ff:ff:ff:ff:ff,ff:ff:ff:ff:ff:ff,d8:d7:75:45:81:24,d8:d7:75:45:81:24,FunBox2-8124,-54,1,2412,False,False
1778936184.0630815,control,ack,,ce:d0:54:70:b1:b3,ce:d0:54:70:b1:b3,,,,-88,1,2412,False,False
1778936184.179946,management,beacon,d8:d7:75:45:81:24,ff:ff:ff:ff:ff:ff,ff:ff:ff:ff:ff:ff,d8:d7:75:45:81:24,d8:d7:75:45:81:24,FunBox2-8124,-54,1,2412,False,False
1778936184.2799592,management,beacon,d8:d7:75:45:81:24,ff:ff:ff:ff:ff:ff,ff:ff:ff:ff:ff:ff,d8:d7:75:45:81:24,d8:d7:75:45:81:24,FunBox2-8124,-58,1,2412,False,False
1778936184.3823428,management,beacon,d8:d7:75:45:81:24,ff:ff:ff:ff:ff:ff,ff:ff:ff:ff:ff:ff,d8:d7:75:45:81:24,d8:d7:75:45:81:24,FunBox2-8124,-56,1,2412,False,False
1778936184.3835077,data,null_data,50:02:91:e8:18:ec,d8:d7:75:45:81:24,d8:d7:75:45:81:24,50:02:91:e8:18:ec,d8:d7:75:45:81:24,,-83,1,2412,False,False
1778936184.3835104,control,ack,,50:02:91:e8:18:ec,50:02:91:e8:18:ec,,,,-51,1,2412,False,False
1778936184.4140303,control,ack,,ce:d0:54:70:b1:b3,ce:d0:54:70:b1:b3,,,,-89,1,2412,False,False
1778936184.4874997,management,beacon,d8:d7:75:45:81:24,ff:ff:ff:ff:ff:ff,ff:ff:ff:ff:ff:ff,d8:d7:75:45:81:24,d8:d7:75:45:81:24,FunBox2-8124,-51,1,2412,False,False
1778936184.5445397,data,null_data,50:02:91:e8:18:ec,d8:d7:75:45:81:24,d8:d7:75:45:81:24,50:02:91:e8:18:ec,d8:d7:75:45:81:24,,-84,1,2412,False,False
1778936184.5445518,control,ack,,50:02:91:e8:18:ec,50:02:91:e8:18:ec,,,,-52,1,2412,False,False
1778936184.5871215,management,beacon,d8:d7:75:45:81:24,ff:ff:ff:ff:ff:ff,ff:ff:ff:ff:ff:ff,d8:d7:75:45:81:24,d8:d7:75:45:81:24,FunBox2-8124,-51,1,2412,False,False
1778936184.7919576,management,beacon,d8:d7:75:45:81:24,ff:ff:ff:ff:ff:ff,ff:ff:ff:ff:ff:ff,d8:d7:75:45:81:24,d8:d7:75:45:81:24,FunBox2-8124,-45,1,2412,False,False
1778936184.894341,management,beacon,d8:d7:75:45:81:24,ff:ff:ff:ff:ff:ff,ff:ff:ff:ff:ff:ff,d8:d7:75:45:81:24,d8:d7:75:45:81:24,FunBox2-8124,-54,1,2412,False,False
1778936185.2015705,management,beacon,d8:d7:75:45:81:24,ff:ff:ff:ff:ff:ff,ff:ff:ff:ff:ff:ff,d8:d7:75:45:81:24,d8:d7:75:45:81:24,FunBox2-8124,-44,1,2412,False,False
1778936185.304017,management,beacon,d8:d7:75:45:81:24,ff:ff:ff:ff:ff:ff,ff:ff:ff:ff:ff:ff,d8:d7:75:45:81:24,d8:d7:75:45:81:24,FunBox2-8124,-45,1,2412,False,False
1778936185.4063425,management,beacon,d8:d7:75:45:81:24,ff:ff:ff:ff:ff:ff,ff:ff:ff:ff:ff:ff,d8:d7:75:45:81:24,d8:d7:75:45:81:24,FunBox2-8124,-53,1,2412,False,False
1778936185.508755,management,beacon,d8:d7:75:45:81:24,ff:ff:ff:ff:ff:ff,ff:ff:ff:ff:ff:ff,d8:d7:75:45:81:24,d8:d7:75:45:81:24,FunBox2-8124,-54,1,2412,False,False
1778936185.532843,data,qos_null,aa:23:4f:4d:00:cf,74:ea:3a:a1:53:a6,74:ea:3a:a1:53:a6,aa:23:4f:4d:00:cf,74:ea:3a:a1:53:a6,,-88,1,2412,False,False
1778936185.5830803,data,qos_null,aa:23:4f:4d:00:cf,74:ea:3a:a1:53:a6,74:ea:3a:a1:53:a6,aa:23:4f:4d:00:cf,74:ea:3a:a1:53:a6,,-88,1,2412,False,False
1778936185.6111789,management,beacon,d8:d7:75:45:81:24,ff:ff:ff:ff:ff:ff,ff:ff:ff:ff:ff:ff,d8:d7:75:45:81:24,d8:d7:75:45:81:24,FunBox2-8124,-54,1,2412,False,False
1778936185.8159602,management,beacon,d8:d7:75:45:81:24,ff:ff:ff:ff:ff:ff,ff:ff:ff:ff:ff:ff,d8:d7:75:45:81:24,d8:d7:75:45:81:24,FunBox2-8124,-53,1,2412,False,False
1778936185.817132,control,ack,,50:02:91:e8:18:ec,50:02:91:e8:18:ec,,,,-54,1,2412,False,False
1778936185.918411,management,beacon,d8:d7:75:45:81:24,ff:ff:ff:ff:ff:ff,ff:ff:ff:ff:ff:ff,d8:d7:75:45:81:24,d8:d7:75:45:81:24,FunBox2-8124,-44,1,2412,False,False
1778936185.9780152,data,null_data,50:02:91:e8:18:ec,d8:d7:75:45:81:24,d8:d7:75:45:81:24,50:02:91:e8:18:ec,d8:d7:75:45:81:24,,-83,1,2412,False,False
1778936185.9780233,control,ack,,50:02:91:e8:18:ec,50:02:91:e8:18:ec,,,,-53,1,2412,False,False
1778936185.9784179,data,null_data,50:02:91:e8:18:ec,d8:d7:75:45:81:24,d8:d7:75:45:81:24,50:02:91:e8:18:ec,d8:d7:75:45:81:24,,-84,1,2412,False,True
1778936185.9784207,control,ack,,50:02:91:e8:18:ec,50:02:91:e8:18:ec,,,,-48,1,2412,False,False
1778936186.0507066,management,beacon,d8:d7:75:45:81:24,ff:ff:ff:ff:ff:ff,ff:ff:ff:ff:ff:ff,d8:d7:75:45:81:24,d8:d7:75:45:81:24,FunBox2-8124,-44,1,2412,False,False
1778936186.1231866,management,beacon,d8:d7:75:45:81:24,ff:ff:ff:ff:ff:ff,ff:ff:ff:ff:ff:ff,d8:d7:75:45:81:24,d8:d7:75:45:81:24,FunBox2-8124,-56,1,2412,False,False
1778936186.327971,management,beacon,d8:d7:75:45:81:24,ff:ff:ff:ff:ff:ff,ff:ff:ff:ff:ff:ff,d8:d7:75:45:81:24,d8:d7:75:45:81:24,FunBox2-8124,-43,1,2412,False,False
1778936186.4068587,management,beacon,ac:84:c6:41:71:22,ff:ff:ff:ff:ff:ff,ff:ff:ff:ff:ff:ff,ac:84:c6:41:71:22,ac:84:c6:41:71:22,TP-LINK_7122,-89,1,2412,False,False
1778936186.4304166,management,beacon,d8:d7:75:45:81:24,ff:ff:ff:ff:ff:ff,ff:ff:ff:ff:ff:ff,d8:d7:75:45:81:24,d8:d7:75:45:81:24,FunBox2-8124,-54,1,2412,False,False
1778936186.5328228,management,beacon,d8:d7:75:45:81:24,ff:ff:ff:ff:ff:ff,ff:ff:ff:ff:ff:ff,d8:d7:75:45:81:24,d8:d7:75:45:81:24,FunBox2-8124,-43,1,2412,False,False
1778936186.6351922,management,beacon,d8:d7:75:45:81:24,ff:ff:ff:ff:ff:ff,ff:ff:ff:ff:ff:ff,d8:d7:75:45:81:24,d8:d7:75:45:81:24,FunBox2-8124,-54,1,2412,False,False
1778936186.8400657,management,beacon,d8:d7:75:45:81:24,ff:ff:ff:ff:ff:ff,ff:ff:ff:ff:ff:ff,d8:d7:75:45:81:24,d8:d7:75:45:81:24,FunBox2-8124,-53,1,2412,False,False
1778936186.942432,management,beacon,d8:d7:75:45:81:24,ff:ff:ff:ff:ff:ff,ff:ff:ff:ff:ff:ff,d8:d7:75:45:81:24,d8:d7:75:45:81:24,FunBox2-8124,-54,1,2412,False,False
1778936186.974428,control,cts,,ce:d0:54:70:b1:b3,ce:d0:54:70:b1:b3,,,,-91,1,2412,False,False
1778936187.044847,management,beacon,d8:d7:75:45:81:24,ff:ff:ff:ff:ff:ff,ff:ff:ff:ff:ff:ff,d8:d7:75:45:81:24,d8:d7:75:45:81:24,FunBox2-8124,-53,1,2412,False,False
1778936187.1471982,management,beacon,d8:d7:75:45:81:24,ff:ff:ff:ff:ff:ff,ff:ff:ff:ff:ff:ff,d8:d7:75:45:81:24,d8:d7:75:45:81:24,FunBox2-8124,-43,1,2412,False,False
1778936187.3521047,management,beacon,d8:d7:75:45:81:24,ff:ff:ff:ff:ff:ff,ff:ff:ff:ff:ff:ff,d8:d7:75:45:81:24,d8:d7:75:45:81:24,FunBox2-8124,-43,1,2412,False,False
1778936187.376368,management,probe_response,d8:d7:75:45:81:24,dc:a9:71:95:8d:5a,dc:a9:71:95:8d:5a,d8:d7:75:45:81:24,d8:d7:75:45:81:24,FunBox2-8124,-43,1,2412,False,False
1778936187.3810425,management,probe_response,d8:d7:75:45:81:24,dc:a9:71:95:8d:5a,dc:a9:71:95:8d:5a,d8:d7:75:45:81:24,d8:d7:75:45:81:24,FunBox2-8124,-44,1,2412,False,True
1778936187.385924,management,probe_response,d8:d7:75:45:81:24,dc:a9:71:95:8d:5a,dc:a9:71:95:8d:5a,d8:d7:75:45:81:24,d8:d7:75:45:81:24,FunBox2-8124,-44,1,2412,False,True
1778936187.3909712,management,probe_response,d8:d7:75:45:81:24,dc:a9:71:95:8d:5a,dc:a9:71:95:8d:5a,d8:d7:75:45:81:24,d8:d7:75:45:81:24,FunBox2-8124,-42,1,2412,False,True
1778936187.3955352,management,probe_response,d8:d7:75:45:81:24,dc:a9:71:95:8d:5a,dc:a9:71:95:8d:5a,d8:d7:75:45:81:24,d8:d7:75:45:81:24,FunBox2-8124,-45,1,2412,False,True
1778936187.5568182,management,beacon,d8:d7:75:45:81:24,ff:ff:ff:ff:ff:ff,ff:ff:ff:ff:ff:ff,d8:d7:75:45:81:24,d8:d7:75:45:81:24,FunBox2-8124,-42,1,2412,False,False
1778936187.659228,management,beacon,d8:d7:75:45:81:24,ff:ff:ff:ff:ff:ff,ff:ff:ff:ff:ff:ff,d8:d7:75:45:81:24,d8:d7:75:45:81:24,FunBox2-8124,-46,1,2412,False,False
1778936187.7628849,data,null_data,50:02:91:e8:18:ec,d8:d7:75:45:81:24,d8:d7:75:45:81:24,50:02:91:e8:18:ec,d8:d7:75:45:81:24,,-84,1,2412,False,False
1778936187.7628949,control,ack,,50:02:91:e8:18:ec,50:02:91:e8:18:ec,,,,-51,1,2412,False,False
1778936187.8640413,management,beacon,d8:d7:75:45:81:24,ff:ff:ff:ff:ff:ff,ff:ff:ff:ff:ff:ff,d8:d7:75:45:81:24,d8:d7:75:45:81:24,FunBox2-8124,-49,1,2412,False,False
1778936187.9107013,data,qos_null,d8:d7:75:45:81:24,54:35:30:cf:ee:1e,54:35:30:cf:ee:1e,d8:d7:75:45:81:24,d8:d7:75:45:81:24,,-43,1,2412,False,False
1778936187.9109628,control,ack,,d8:d7:75:45:81:24,d8:d7:75:45:81:24,,,,-54,1,2412,False,False
1778936187.9116588,data,qos_null,d8:d7:75:45:81:24,50:02:91:e8:18:ec,50:02:91:e8:18:ec,d8:d7:75:45:81:24,d8:d7:75:45:81:24,,-46,1,2412,False,False
1778936187.9119735,control,ack,,d8:d7:75:45:81:24,d8:d7:75:45:81:24,,,,-84,1,2412,False,False
1778936187.9664385,management,beacon,d8:d7:75:45:81:24,ff:ff:ff:ff:ff:ff,ff:ff:ff:ff:ff:ff,d8:d7:75:45:81:24,d8:d7:75:45:81:24,FunBox2-8124,-51,1,2412,False,False
1778936188.0688784,management,beacon,d8:d7:75:45:81:24,ff:ff:ff:ff:ff:ff,ff:ff:ff:ff:ff:ff,d8:d7:75:45:81:24,d8:d7:75:45:81:24,FunBox2-8124,-52,1,2412,False,False
1778936188.0724928,data,null_data,50:02:91:e8:18:ec,d8:d7:75:45:81:24,d8:d7:75:45:81:24,50:02:91:e8:18:ec,d8:d7:75:45:81:24,,-88,1,2412,False,False
1778936188.0724964,data,null_data,50:02:91:e8:18:ec,d8:d7:75:45:81:24,d8:d7:75:45:81:24,50:02:91:e8:18:ec,d8:d7:75:45:81:24,,-84,1,2412,False,True
1778936188.072999,data,null_data,50:02:91:e8:18:ec,d8:d7:75:45:81:24,d8:d7:75:45:81:24,50:02:91:e8:18:ec,d8:d7:75:45:81:24,,-85,1,2412,False,True
1778936188.0730014,control,ack,,50:02:91:e8:18:ec,50:02:91:e8:18:ec,,,,-42,1,2412,False,False
1778936188.1712873,management,beacon,d8:d7:75:45:81:24,ff:ff:ff:ff:ff:ff,ff:ff:ff:ff:ff:ff,d8:d7:75:45:81:24,d8:d7:75:45:81:24,FunBox2-8124,-44,1,2412,False,False
1778936188.4784737,management,beacon,d8:d7:75:45:81:24,ff:ff:ff:ff:ff:ff,ff:ff:ff:ff:ff:ff,d8:d7:75:45:81:24,d8:d7:75:45:81:24,FunBox2-8124,-50,1,2412,False,False
1778936188.5808702,management,beacon,d8:d7:75:45:81:24,ff:ff:ff:ff:ff:ff,ff:ff:ff:ff:ff:ff,d8:d7:75:45:81:24,d8:d7:75:45:81:24,FunBox2-8124,-42,1,2412,False,False
1778936188.6832755,management,beacon,d8:d7:75:45:81:24,ff:ff:ff:ff:ff:ff,ff:ff:ff:ff:ff:ff,d8:d7:75:45:81:24,d8:d7:75:45:81:24,FunBox2-8124,-50,1,2412,False,False
1778936188.8880806,management,beacon,d8:d7:75:45:81:24,ff:ff:ff:ff:ff:ff,ff:ff:ff:ff:ff:ff,d8:d7:75:45:81:24,d8:d7:75:45:81:24,FunBox2-8124,-50,1,2412,False,False
1778936188.8893013,data,null_data,50:02:91:e8:18:ec,d8:d7:75:45:81:24,d8:d7:75:45:81:24,50:02:91:e8:18:ec,d8:d7:75:45:81:24,,-81,1,2412,False,False
1778936188.889304,control,ack,,50:02:91:e8:18:ec,50:02:91:e8:18:ec,,,,-50,1,2412,False,False
1778936189.010572,management,beacon,d8:d7:75:45:81:24,ff:ff:ff:ff:ff:ff,ff:ff:ff:ff:ff:ff,d8:d7:75:45:81:24,d8:d7:75:45:81:24,FunBox2-8124,-45,1,2412,False,False
1778936189.0501876,data,null_data,50:02:91:e8:18:ec,d8:d7:75:45:81:24,d8:d7:75:45:81:24,50:02:91:e8:18:ec,d8:d7:75:45:81:24,,-81,1,2412,False,False
1778936189.050196,control,ack,,50:02:91:e8:18:ec,50:02:91:e8:18:ec,,,,-47,1,2412,False,False
1778936189.092882,management,beacon,d8:d7:75:45:81:24,ff:ff:ff:ff:ff:ff,ff:ff:ff:ff:ff:ff,d8:d7:75:45:81:24,d8:d7:75:45:81:24,FunBox2-8124,-43,1,2412,False,False
1778936189.1954486,management,beacon,d8:d7:75:45:81:24,ff:ff:ff:ff:ff:ff,ff:ff:ff:ff:ff:ff,d8:d7:75:45:81:24,d8:d7:75:45:81:24,FunBox2-8124,-43,1,2412,False,False
1778936189.2255824,data,null_data,50:02:91:e8:18:ec,d8:d7:75:45:81:24,d8:d7:75:45:81:24,50:02:91:e8:18:ec,d8:d7:75:45:81:24,,-83,1,2412,False,False
1778936189.2256026,control,ack,,50:02:91:e8:18:ec,50:02:91:e8:18:ec,,,,-48,1,2412,False,False
1778936189.2976797,management,beacon,d8:d7:75:45:81:24,ff:ff:ff:ff:ff:ff,ff:ff:ff:ff:ff:ff,d8:d7:75:45:81:24,d8:d7:75:45:81:24,FunBox2-8124,-43,1,2412,False,False
1778936189.3864324,data,null_data,50:02:91:e8:18:ec,d8:d7:75:45:81:24,d8:d7:75:45:81:24,50:02:91:e8:18:ec,d8:d7:75:45:81:24,,-83,1,2412,False,False
1778936189.3864486,control,ack,,50:02:91:e8:18:ec,50:02:91:e8:18:ec,,,,-49,1,2412,False,False
1778936189.4000914,management,beacon,d8:d7:75:45:81:24,ff:ff:ff:ff:ff:ff,ff:ff:ff:ff:ff:ff,d8:d7:75:45:81:24,d8:d7:75:45:81:24,FunBox2-8124,-46,1,2412,False,False
1778936189.502478,management,beacon,d8:d7:75:45:81:24,ff:ff:ff:ff:ff:ff,ff:ff:ff:ff:ff:ff,d8:d7:75:45:81:24,d8:d7:75:45:81:24,FunBox2-8124,-48,1,2412,False,False
1778936189.6049232,management,beacon,d8:d7:75:45:81:24,ff:ff:ff:ff:ff:ff,ff:ff:ff:ff:ff:ff,d8:d7:75:45:81:24,d8:d7:75:45:81:24,FunBox2-8124,-48,1,2412,False,False
1778936189.7072923,management,beacon,d8:d7:75:45:81:24,ff:ff:ff:ff:ff:ff,ff:ff:ff:ff:ff:ff,d8:d7:75:45:81:24,d8:d7:75:45:81:24,FunBox2-8124,-44,1,2412,False,False
1778936189.8097372,management,beacon,d8:d7:75:45:81:24,ff:ff:ff:ff:ff:ff,ff:ff:ff:ff:ff:ff,d8:d7:75:45:81:24,d8:d7:75:45:81:24,FunBox2-8124,-49,1,2412,False,False
1778936190.01451,management,beacon,d8:d7:75:45:81:24,ff:ff:ff:ff:ff:ff,ff:ff:ff:ff:ff:ff,d8:d7:75:45:81:24,d8:d7:75:45:81:24,FunBox2-8124,-47,1,2412,False,False
1778936190.1169293,management,beacon,d8:d7:75:45:81:24,ff:ff:ff:ff:ff:ff,ff:ff:ff:ff:ff:ff,d8:d7:75:45:81:24,d8:d7:75:45:81:24,FunBox2-8124,-47,1,2412,False,False
1778936190.1181216,data,null_data,50:02:91:e8:18:ec,d8:d7:75:45:81:24,d8:d7:75:45:81:24,50:02:91:e8:18:ec,d8:d7:75:45:81:24,,-85,1,2412,False,False
1778936190.1181235,control,ack,,50:02:91:e8:18:ec,50:02:91:e8:18:ec,,,,-48,1,2412,False,False
1778936190.1186619,control,ack,,50:02:91:e8:18:ec,50:02:91:e8:18:ec,,,,-47,1,2412,False,False
1778936190.2795503,data,null_data,50:02:91:e8:18:ec,d8:d7:75:45:81:24,d8:d7:75:45:81:24,50:02:91:e8:18:ec,d8:d7:75:45:81:24,,-85,1,2412,False,False
1778936190.2795682,control,ack,,50:02:91:e8:18:ec,50:02:91:e8:18:ec,,,,-48,1,2412,False,False
1778936190.3217146,management,beacon,d8:d7:75:45:81:24,ff:ff:ff:ff:ff:ff,ff:ff:ff:ff:ff:ff,d8:d7:75:45:81:24,d8:d7:75:45:81:24,FunBox2-8124,-43,1,2412,False,False
1778936190.4241312,management,beacon,d8:d7:75:45:81:24,ff:ff:ff:ff:ff:ff,ff:ff:ff:ff:ff:ff,d8:d7:75:45:81:24,d8:d7:75:45:81:24,FunBox2-8124,-48,1,2412,False,False
1778936190.5265381,management,beacon,d8:d7:75:45:81:24,ff:ff:ff:ff:ff:ff,ff:ff:ff:ff:ff:ff,d8:d7:75:45:81:24,d8:d7:75:45:81:24,FunBox2-8124,-48,1,2412,False,False
1778936190.628938,management,beacon,d8:d7:75:45:81:24,ff:ff:ff:ff:ff:ff,ff:ff:ff:ff:ff:ff,d8:d7:75:45:81:24,d8:d7:75:45:81:24,FunBox2-8124,-47,1,2412,False,False
1778936190.7313528,management,beacon,d8:d7:75:45:81:24,ff:ff:ff:ff:ff:ff,ff:ff:ff:ff:ff:ff,d8:d7:75:45:81:24,d8:d7:75:45:81:24,FunBox2-8124,-47,1,2412,False,False
1778936190.833767,management,beacon,d8:d7:75:45:81:24,ff:ff:ff:ff:ff:ff,ff:ff:ff:ff:ff:ff,d8:d7:75:45:81:24,d8:d7:75:45:81:24,FunBox2-8124,-46,1,2412,False,False
1778936190.9361947,management,beacon,d8:d7:75:45:81:24,ff:ff:ff:ff:ff:ff,ff:ff:ff:ff:ff:ff,d8:d7:75:45:81:24,d8:d7:75:45:81:24,FunBox2-8124,-47,1,2412,False,False
1778936191.0385501,management,beacon,d8:d7:75:45:81:24,ff:ff:ff:ff:ff:ff,ff:ff:ff:ff:ff:ff,d8:d7:75:45:81:24,d8:d7:75:45:81:24,FunBox2-8124,-47,1,2412,False,False
1778936191.1409512,management,beacon,d8:d7:75:45:81:24,ff:ff:ff:ff:ff:ff,ff:ff:ff:ff:ff:ff,d8:d7:75:45:81:24,d8:d7:75:45:81:24,FunBox2-8124,-45,1,2412,False,False
1778936191.2434132,management,beacon,d8:d7:75:45:81:24,ff:ff:ff:ff:ff:ff,ff:ff:ff:ff:ff:ff,d8:d7:75:45:81:24,d8:d7:75:45:81:24,FunBox2-8124,-46,1,2412,False,False
1778936191.3457599,management,beacon,d8:d7:75:45:81:24,ff:ff:ff:ff:ff:ff,ff:ff:ff:ff:ff:ff,d8:d7:75:45:81:24,d8:d7:75:45:81:24,FunBox2-8124,-45,1,2412,False,False
1778936191.5506666,management,beacon,d8:d7:75:45:81:24,ff:ff:ff:ff:ff:ff,ff:ff:ff:ff:ff:ff,d8:d7:75:45:81:24,d8:d7:75:45:81:24,FunBox2-8124,-46,1,2412,False,False
1778936191.7554123,management,beacon,d8:d7:75:45:81:24,ff:ff:ff:ff:ff:ff,ff:ff:ff:ff:ff:ff,d8:d7:75:45:81:24,d8:d7:75:45:81:24,FunBox2-8124,-46,1,2412,False,False
1778936191.7700543,data,qos_null,aa:23:4f:4d:00:cf,74:ea:3a:a1:53:a6,74:ea:3a:a1:53:a6,aa:23:4f:4d:00:cf,74:ea:3a:a1:53:a6,,-88,1,2412,False,False
1778936191.9264781,data,qos_null,aa:23:4f:4d:00:cf,74:ea:3a:a1:53:a6,74:ea:3a:a1:53:a6,aa:23:4f:4d:00:cf,74:ea:3a:a1:53:a6,,-88,1,2412,False,False
1778936191.9602125,management,beacon,d8:d7:75:45:81:24,ff:ff:ff:ff:ff:ff,ff:ff:ff:ff:ff:ff,d8:d7:75:45:81:24,d8:d7:75:45:81:24,FunBox2-8124,-47,1,2412,False,False
1778936191.9871962,data,qos_null,aa:23:4f:4d:00:cf,74:ea:3a:a1:53:a6,74:ea:3a:a1:53:a6,aa:23:4f:4d:00:cf,74:ea:3a:a1:53:a6,,-89,1,2412,False,False
1778936192.012513,data,qos_null,aa:23:4f:4d:00:cf,74:ea:3a:a1:53:a6,74:ea:3a:a1:53:a6,aa:23:4f:4d:00:cf,74:ea:3a:a1:53:a6,,-87,1,2412,False,False
1778936192.062651,management,beacon,d8:d7:75:45:81:24,ff:ff:ff:ff:ff:ff,ff:ff:ff:ff:ff:ff,d8:d7:75:45:81:24,d8:d7:75:45:81:24,FunBox2-8124,-44,1,2412,False,False
1778936192.0639915,data,null_data,50:02:91:e8:18:ec,d8:d7:75:45:81:24,d8:d7:75:45:81:24,50:02:91:e8:18:ec,d8:d7:75:45:81:24,,-84,1,2412,False,False
1778936192.0640006,control,ack,,50:02:91:e8:18:ec,50:02:91:e8:18:ec,,,,-46,1,2412,False,False
1778936192.224863,data,null_data,50:02:91:e8:18:ec,d8:d7:75:45:81:24,d8:d7:75:45:81:24,50:02:91:e8:18:ec,d8:d7:75:45:81:24,,-82,1,2412,False,False
1778936192.22488,control,ack,,50:02:91:e8:18:ec,50:02:91:e8:18:ec,,,,-47,1,2412,False,False
1778936192.2676158,management,beacon,d8:d7:75:45:81:24,ff:ff:ff:ff:ff:ff,ff:ff:ff:ff:ff:ff,d8:d7:75:45:81:24,d8:d7:75:45:81:24,FunBox2-8124,-44,1,2412,False,False
1778936192.3698492,management,beacon,d8:d7:75:45:81:24,ff:ff:ff:ff:ff:ff,ff:ff:ff:ff:ff:ff,d8:d7:75:45:81:24,d8:d7:75:45:81:24,FunBox2-8124,-46,1,2412,False,False
1778936192.4721892,management,beacon,d8:d7:75:45:81:24,ff:ff:ff:ff:ff:ff,ff:ff:ff:ff:ff:ff,d8:d7:75:45:81:24,d8:d7:75:45:81:24,FunBox2-8124,-45,1,2412,False,False
1778936192.5746753,management,beacon,d8:d7:75:45:81:24,ff:ff:ff:ff:ff:ff,ff:ff:ff:ff:ff:ff,d8:d7:75:45:81:24,d8:d7:75:45:81:24,FunBox2-8124,-48,1,2412,False,False
1778936192.6778004,management,beacon,d8:d7:75:45:81:24,ff:ff:ff:ff:ff:ff,ff:ff:ff:ff:ff:ff,d8:d7:75:45:81:24,d8:d7:75:45:81:24,FunBox2-8124,-53,1,2412,False,False
1778936192.7819397,management,beacon,d8:d7:75:45:81:24,ff:ff:ff:ff:ff:ff,ff:ff:ff:ff:ff:ff,d8:d7:75:45:81:24,d8:d7:75:45:81:24,FunBox2-8124,-48,1,2412,False,False
1778936192.882015,management,beacon,d8:d7:75:45:81:24,ff:ff:ff:ff:ff:ff,ff:ff:ff:ff:ff:ff,d8:d7:75:45:81:24,d8:d7:75:45:81:24,FunBox2-8124,-43,1,2412,False,False
1778936192.9842877,management,beacon,d8:d7:75:45:81:24,ff:ff:ff:ff:ff:ff,ff:ff:ff:ff:ff:ff,d8:d7:75:45:81:24,d8:d7:75:45:81:24,FunBox2-8124,-49,1,2412,False,False
1778936193.003877,management,probe_request,ca:2e:6d:fa:f8:69,ff:ff:ff:ff:ff:ff,ff:ff:ff:ff:ff:ff,ca:2e:6d:fa:f8:69,ff:ff:ff:ff:ff:ff,<hidden>,-52,1,2412,False,False
1778936193.007095,management,probe_response,d8:d7:75:45:81:24,ca:2e:6d:fa:f8:69,ca:2e:6d:fa:f8:69,d8:d7:75:45:81:24,d8:d7:75:45:81:24,FunBox2-8124,-45,1,2412,False,False
1778936193.0073817,control,ack,,d8:d7:75:45:81:24,d8:d7:75:45:81:24,,,,-52,1,2412,False,False
1778936193.0241902,management,probe_request,ca:2e:6d:fa:f8:69,ff:ff:ff:ff:ff:ff,ff:ff:ff:ff:ff:ff,ca:2e:6d:fa:f8:69,ff:ff:ff:ff:ff:ff,<hidden>,-55,1,2412,False,False
1778936193.0277045,control,ack,,d8:d7:75:45:81:24,d8:d7:75:45:81:24,,,,-56,1,2412,False,False
1778936193.0573084,data,qos_null,aa:23:4f:4d:00:cf,74:ea:3a:a1:53:a6,74:ea:3a:a1:53:a6,aa:23:4f:4d:00:cf,74:ea:3a:a1:53:a6,,-86,1,2412,False,False
1778936193.0891757,management,beacon,d8:d7:75:45:81:24,ff:ff:ff:ff:ff:ff,ff:ff:ff:ff:ff:ff,d8:d7:75:45:81:24,d8:d7:75:45:81:24,FunBox2-8124,-55,1,2412,False,False
1778936193.161145,management,beacon,ac:84:c6:41:71:22,ff:ff:ff:ff:ff:ff,ff:ff:ff:ff:ff:ff,ac:84:c6:41:71:22,ac:84:c6:41:71:22,TP-LINK_7122,-88,1,2412,False,False
1778936193.2088816,control,ack,,ce:d0:54:70:b1:b3,ce:d0:54:70:b1:b3,,,,-89,1,2412,False,False
1778936193.2095833,control,cts,,ce:d0:54:70:b1:b3,ce:d0:54:70:b1:b3,,,,-88,1,2412,False,False
1778936193.2548037,data,qos_null,aa:23:4f:4d:00:cf,74:ea:3a:a1:53:a6,74:ea:3a:a1:53:a6,aa:23:4f:4d:00:cf,74:ea:3a:a1:53:a6,,-89,1,2412,False,False
1778936193.291915,management,beacon,d8:d7:75:45:81:24,ff:ff:ff:ff:ff:ff,ff:ff:ff:ff:ff:ff,d8:d7:75:45:81:24,d8:d7:75:45:81:24,FunBox2-8124,-53,1,2412,False,False
1778936193.305577,data,qos_null,aa:23:4f:4d:00:cf,74:ea:3a:a1:53:a6,74:ea:3a:a1:53:a6,aa:23:4f:4d:00:cf,74:ea:3a:a1:53:a6,,-85,1,2412,False,False
1778936193.3568933,data,qos_null,aa:23:4f:4d:00:cf,74:ea:3a:a1:53:a6,74:ea:3a:a1:53:a6,aa:23:4f:4d:00:cf,74:ea:3a:a1:53:a6,,-86,1,2412,False,False
1778936193.4962778,management,beacon,d8:d7:75:45:81:24,ff:ff:ff:ff:ff:ff,ff:ff:ff:ff:ff:ff,d8:d7:75:45:81:24,d8:d7:75:45:81:24,FunBox2-8124,-52,1,2412,False,False
1778936193.4973881,data,null_data,50:02:91:e8:18:ec,d8:d7:75:45:81:24,d8:d7:75:45:81:24,50:02:91:e8:18:ec,d8:d7:75:45:81:24,,-83,1,2412,False,False
1778936193.497939,data,null_data,50:02:91:e8:18:ec,d8:d7:75:45:81:24,d8:d7:75:45:81:24,50:02:91:e8:18:ec,d8:d7:75:45:81:24,,-81,1,2412,False,True
1778936193.4985259,data,null_data,50:02:91:e8:18:ec,d8:d7:75:45:81:24,d8:d7:75:45:81:24,50:02:91:e8:18:ec,d8:d7:75:45:81:24,,-83,1,2412,False,True
1778936193.499048,data,null_data,50:02:91:e8:18:ec,d8:d7:75:45:81:24,d8:d7:75:45:81:24,50:02:91:e8:18:ec,d8:d7:75:45:81:24,,-84,1,2412,False,True
1778936193.5994596,management,beacon,d8:d7:75:45:81:24,ff:ff:ff:ff:ff:ff,ff:ff:ff:ff:ff:ff,d8:d7:75:45:81:24,d8:d7:75:45:81:24,FunBox2-8124,-59,1,2412,False,False
1778936193.6609874,data,null_data,50:02:91:e8:18:ec,d8:d7:75:45:81:24,d8:d7:75:45:81:24,50:02:91:e8:18:ec,d8:d7:75:45:81:24,,-82,1,2412,False,False
1778936193.6609979,control,ack,,50:02:91:e8:18:ec,50:02:91:e8:18:ec,,,,-55,1,2412,False,False
1778936193.6668684,data,qos_null,aa:23:4f:4d:00:cf,74:ea:3a:a1:53:a6,74:ea:3a:a1:53:a6,aa:23:4f:4d:00:cf,74:ea:3a:a1:53:a6,,-88,1,2412,False,False
1778936193.8034432,management,beacon,d8:d7:75:45:81:24,ff:ff:ff:ff:ff:ff,ff:ff:ff:ff:ff:ff,d8:d7:75:45:81:24,d8:d7:75:45:81:24,FunBox2-8124,-48,1,2412,False,False
1778936193.9065976,management,beacon,d8:d7:75:45:81:24,ff:ff:ff:ff:ff:ff,ff:ff:ff:ff:ff:ff,d8:d7:75:45:81:24,d8:d7:75:45:81:24,FunBox2-8124,-47,1,2412,False,False
1778936194.0111048,management,beacon,d8:d7:75:45:81:24,ff:ff:ff:ff:ff:ff,ff:ff:ff:ff:ff:ff,d8:d7:75:45:81:24,d8:d7:75:45:81:24,FunBox2-8124,-45,1,2412,False,False
1778936194.110681,management,beacon,d8:d7:75:45:81:24,ff:ff:ff:ff:ff:ff,ff:ff:ff:ff:ff:ff,d8:d7:75:45:81:24,d8:d7:75:45:81:24,FunBox2-8124,-45,1,2412,False,False
1778936194.3183196,management,beacon,d8:d7:75:45:81:24,ff:ff:ff:ff:ff:ff,ff:ff:ff:ff:ff:ff,d8:d7:75:45:81:24,d8:d7:75:45:81:24,FunBox2-8124,-47,1,2412,False,False
1778936194.4178946,management,beacon,d8:d7:75:45:81:24,ff:ff:ff:ff:ff:ff,ff:ff:ff:ff:ff:ff,d8:d7:75:45:81:24,d8:d7:75:45:81:24,FunBox2-8124,-48,1,2412,False,False
1778936194.5207675,management,beacon,d8:d7:75:45:81:24,ff:ff:ff:ff:ff:ff,ff:ff:ff:ff:ff:ff,d8:d7:75:45:81:24,d8:d7:75:45:81:24,FunBox2-8124,-47,1,2412,False,False
1778936194.6232624,management,beacon,d8:d7:75:45:81:24,ff:ff:ff:ff:ff:ff,ff:ff:ff:ff:ff:ff,d8:d7:75:45:81:24,d8:d7:75:45:81:24,FunBox2-8124,-46,1,2412,False,False
1778936194.8287554,management,beacon,d8:d7:75:45:81:24,ff:ff:ff:ff:ff:ff,ff:ff:ff:ff:ff:ff,d8:d7:75:45:81:24,d8:d7:75:45:81:24,FunBox2-8124,-49,1,2412,False,False
1778936195.0323234,management,beacon,d8:d7:75:45:81:24,ff:ff:ff:ff:ff:ff,ff:ff:ff:ff:ff:ff,d8:d7:75:45:81:24,d8:d7:75:45:81:24,FunBox2-8124,-58,1,2412,False,False
1778936195.0482097,data,qos_null,aa:23:4f:4d:00:cf,74:ea:3a:a1:53:a6,74:ea:3a:a1:53:a6,aa:23:4f:4d:00:cf,74:ea:3a:a1:53:a6,,-88,1,2412,False,False
1778936195.1354418,management,beacon,d8:d7:75:45:81:24,ff:ff:ff:ff:ff:ff,ff:ff:ff:ff:ff:ff,d8:d7:75:45:81:24,d8:d7:75:45:81:24,FunBox2-8124,-54,1,2412,False,False
1778936195.2048855,data,qos_null,aa:23:4f:4d:00:cf,74:ea:3a:a1:53:a6,74:ea:3a:a1:53:a6,aa:23:4f:4d:00:cf,74:ea:3a:a1:53:a6,,-86,1,2412,False,False
1778936195.2310512,data,qos_null,aa:23:4f:4d:00:cf,74:ea:3a:a1:53:a6,74:ea:3a:a1:53:a6,aa:23:4f:4d:00:cf,74:ea:3a:a1:53:a6,,-86,1,2412,False,False
1778936195.340009,management,beacon,d8:d7:75:45:81:24,ff:ff:ff:ff:ff:ff,ff:ff:ff:ff:ff:ff,d8:d7:75:45:81:24,d8:d7:75:45:81:24,FunBox2-8124,-56,1,2412,False,False
1778936195.4431055,data,null_data,50:02:91:e8:18:ec,d8:d7:75:45:81:24,d8:d7:75:45:81:24,50:02:91:e8:18:ec,d8:d7:75:45:81:24,,-83,1,2412,False,False
1778936195.5471153,management,beacon,d8:d7:75:45:81:24,ff:ff:ff:ff:ff:ff,ff:ff:ff:ff:ff:ff,d8:d7:75:45:81:24,d8:d7:75:45:81:24,FunBox2-8124,-51,1,2412,False,False
1778936195.6047244,data,null_data,50:02:91:e8:18:ec,d8:d7:75:45:81:24,d8:d7:75:45:81:24,50:02:91:e8:18:ec,d8:d7:75:45:81:24,,-84,1,2412,False,False
1778936195.6047444,control,ack,,50:02:91:e8:18:ec,50:02:91:e8:18:ec,,,,-53,1,2412,False,False
1778936195.6467197,management,beacon,d8:d7:75:45:81:24,ff:ff:ff:ff:ff:ff,ff:ff:ff:ff:ff:ff,d8:d7:75:45:81:24,d8:d7:75:45:81:24,FunBox2-8124,-44,1,2412,False,False
1778936195.8540592,management,beacon,d8:d7:75:45:81:24,ff:ff:ff:ff:ff:ff,ff:ff:ff:ff:ff:ff,d8:d7:75:45:81:24,d8:d7:75:45:81:24,FunBox2-8124,-49,1,2412,False,False
1778936195.9539192,management,beacon,d8:d7:75:45:81:24,ff:ff:ff:ff:ff:ff,ff:ff:ff:ff:ff:ff,d8:d7:75:45:81:24,d8:d7:75:45:81:24,FunBox2-8124,-49,1,2412,False,False
1778936196.0568545,management,beacon,d8:d7:75:45:81:24,ff:ff:ff:ff:ff:ff,ff:ff:ff:ff:ff:ff,d8:d7:75:45:81:24,d8:d7:75:45:81:24,FunBox2-8124,-53,1,2412,False,False
1778936196.1589153,management,beacon,d8:d7:75:45:81:24,ff:ff:ff:ff:ff:ff,ff:ff:ff:ff:ff:ff,d8:d7:75:45:81:24,d8:d7:75:45:81:24,FunBox2-8124,-52,1,2412,False,False
1778936196.3641212,management,beacon,d8:d7:75:45:81:24,ff:ff:ff:ff:ff:ff,ff:ff:ff:ff:ff:ff,d8:d7:75:45:81:24,d8:d7:75:45:81:24,FunBox2-8124,-53,1,2412,False,False
1778936196.4685657,management,beacon,d8:d7:75:45:81:24,ff:ff:ff:ff:ff:ff,ff:ff:ff:ff:ff:ff,d8:d7:75:45:81:24,d8:d7:75:45:81:24,FunBox2-8124,-54,1,2412,False,False
1778936196.5683517,management,beacon,d8:d7:75:45:81:24,ff:ff:ff:ff:ff:ff,ff:ff:ff:ff:ff:ff,d8:d7:75:45:81:24,d8:d7:75:45:81:24,FunBox2-8124,-52,1,2412,False,False
1778936196.6713245,management,beacon,d8:d7:75:45:81:24,ff:ff:ff:ff:ff:ff,ff:ff:ff:ff:ff:ff,d8:d7:75:45:81:24,d8:d7:75:45:81:24,FunBox2-8124,-52,1,2412,False,False
1778936196.7796504,management,beacon,d8:d7:75:45:81:24,ff:ff:ff:ff:ff:ff,ff:ff:ff:ff:ff:ff,d8:d7:75:45:81:24,d8:d7:75:45:81:24,FunBox2-8124,-53,1,2412,False,False
1778936196.8008187,data,qos_null,aa:23:4f:4d:00:cf,74:ea:3a:a1:53:a6,74:ea:3a:a1:53:a6,aa:23:4f:4d:00:cf,74:ea:3a:a1:53:a6,,-86,1,2412,False,False
1778936196.8758683,management,beacon,d8:d7:75:45:81:24,ff:ff:ff:ff:ff:ff,ff:ff:ff:ff:ff:ff,d8:d7:75:45:81:24,d8:d7:75:45:81:24,FunBox2-8124,-45,1,2412,False,False
1778936196.8770952,control,ack,,50:02:91:e8:18:ec,50:02:91:e8:18:ec,,,,-46,1,2412,False,False
1778936196.9080222,data,qos_null,aa:23:4f:4d:00:cf,74:ea:3a:a1:53:a6,74:ea:3a:a1:53:a6,aa:23:4f:4d:00:cf,74:ea:3a:a1:53:a6,,-87,1,2412,False,False
1778936196.978239,management,beacon,d8:d7:75:45:81:24,ff:ff:ff:ff:ff:ff,ff:ff:ff:ff:ff:ff,d8:d7:75:45:81:24,d8:d7:75:45:81:24,FunBox2-8124,-42,1,2412,False,False
1778936197.0379603,data,null_data,50:02:91:e8:18:ec,d8:d7:75:45:81:24,d8:d7:75:45:81:24,50:02:91:e8:18:ec,d8:d7:75:45:81:24,,-83,1,2412,False,False
1778936197.0379796,control,ack,,50:02:91:e8:18:ec,50:02:91:e8:18:ec,,,,-47,1,2412,False,False
1778936197.0657625,data,qos_null,aa:23:4f:4d:00:cf,74:ea:3a:a1:53:a6,74:ea:3a:a1:53:a6,aa:23:4f:4d:00:cf,74:ea:3a:a1:53:a6,,-86,1,2412,False,False
1778936197.0829601,management,beacon,d8:d7:75:45:81:24,ff:ff:ff:ff:ff:ff,ff:ff:ff:ff:ff:ff,d8:d7:75:45:81:24,d8:d7:75:45:81:24,FunBox2-8124,-48,1,2412,False,False
1778936197.126093,data,qos_null,aa:23:4f:4d:00:cf,74:ea:3a:a1:53:a6,74:ea:3a:a1:53:a6,aa:23:4f:4d:00:cf,74:ea:3a:a1:53:a6,,-88,1,2412,False,False
1778936197.1272626,data,qos_null,aa:23:4f:4d:00:cf,74:ea:3a:a1:53:a6,74:ea:3a:a1:53:a6,aa:23:4f:4d:00:cf,74:ea:3a:a1:53:a6,,-85,1,2412,False,True
1778936197.152989,data,qos_null,aa:23:4f:4d:00:cf,74:ea:3a:a1:53:a6,74:ea:3a:a1:53:a6,aa:23:4f:4d:00:cf,74:ea:3a:a1:53:a6,,-87,1,2412,False,False
1778936197.1827862,management,beacon,d8:d7:75:45:81:24,ff:ff:ff:ff:ff:ff,ff:ff:ff:ff:ff:ff,d8:d7:75:45:81:24,d8:d7:75:45:81:24,FunBox2-8124,-46,1,2412,False,False
1778936197.3876207,management,beacon,d8:d7:75:45:81:24,ff:ff:ff:ff:ff:ff,ff:ff:ff:ff:ff:ff,d8:d7:75:45:81:24,d8:d7:75:45:81:24,FunBox2-8124,-45,1,2412,False,False
1778936197.4956648,data,null_data,50:02:91:e8:18:ec,d8:d7:75:45:81:24,d8:d7:75:45:81:24,50:02:91:e8:18:ec,d8:d7:75:45:81:24,,-85,1,2412,False,False
1778936197.4959042,data,null_data,50:02:91:e8:18:ec,d8:d7:75:45:81:24,d8:d7:75:45:81:24,50:02:91:e8:18:ec,d8:d7:75:45:81:24,,-86,1,2412,False,True
1778936197.495906,control,ack,,50:02:91:e8:18:ec,50:02:91:e8:18:ec,,,,-49,1,2412,False,False
1778936197.4976084,data,data,d8:d7:75:45:81:24,ff:ff:ff:ff:ff:ff,ff:ff:ff:ff:ff:ff,d8:d7:75:45:81:24,d8:d7:75:45:81:24,,-47,1,2412,True,False
1778936197.497895,control,ack,,d8:d7:75:45:81:24,d8:d7:75:45:81:24,,,,-84,1,2412,False,False
1778936197.500844,data,data,d8:d7:75:45:81:24,ff:ff:ff:ff:ff:ff,ff:ff:ff:ff:ff:ff,d8:d7:75:45:81:24,d8:d7:75:45:81:24,,-47,1,2412,True,False
1778936197.5011475,control,ack,,d8:d7:75:45:81:24,d8:d7:75:45:81:24,,,,-87,1,2412,False,False
1778936197.661779,data,null_data,50:02:91:e8:18:ec,d8:d7:75:45:81:24,d8:d7:75:45:81:24,50:02:91:e8:18:ec,d8:d7:75:45:81:24,,-84,1,2412,False,True
1778936197.6621172,data,null_data,50:02:91:e8:18:ec,d8:d7:75:45:81:24,d8:d7:75:45:81:24,50:02:91:e8:18:ec,d8:d7:75:45:81:24,,-86,1,2412,False,True
1778936197.6629958,data,null_data,50:02:91:e8:18:ec,d8:d7:75:45:81:24,d8:d7:75:45:81:24,50:02:91:e8:18:ec,d8:d7:75:45:81:24,,-86,1,2412,False,True
1778936197.6635942,data,null_data,50:02:91:e8:18:ec,d8:d7:75:45:81:24,d8:d7:75:45:81:24,50:02:91:e8:18:ec,d8:d7:75:45:81:24,,-87,1,2412,False,True
1778936197.664164,data,null_data,50:02:91:e8:18:ec,d8:d7:75:45:81:24,d8:d7:75:45:81:24,50:02:91:e8:18:ec,d8:d7:75:45:81:24,,-88,1,2412,False,True
1778936197.6647203,data,null_data,50:02:91:e8:18:ec,d8:d7:75:45:81:24,d8:d7:75:45:81:24,50:02:91:e8:18:ec,d8:d7:75:45:81:24,,-88,1,2412,False,True
1778936197.6650283,control,ack,,50:02:91:e8:18:ec,50:02:91:e8:18:ec,,,,-52,1,2412,False,False
1778936197.9001048,management,beacon,d8:d7:75:45:81:24,ff:ff:ff:ff:ff:ff,ff:ff:ff:ff:ff:ff,d8:d7:75:45:81:24,d8:d7:75:45:81:24,FunBox2-8124,-54,1,2412,False,False
1778936197.9426637,control,ack,,ce:d0:54:70:b1:b3,ce:d0:54:70:b1:b3,,,,-86,1,2412,False,False
1778936197.9678798,control,ack,,ce:d0:54:70:b1:b3,ce:d0:54:70:b1:b3,,,,-83,1,2412,False,False
1778936198.0046024,management,beacon,d8:d7:75:45:81:24,ff:ff:ff:ff:ff:ff,ff:ff:ff:ff:ff:ff,d8:d7:75:45:81:24,d8:d7:75:45:81:24,FunBox2-8124,-54,1,2412,False,False
1778936198.1698585,control,rts,74:ea:3a:a1:53:a6,66:d8:9b:3d:81:e4,66:d8:9b:3d:81:e4,74:ea:3a:a1:53:a6,,,-87,1,2412,False,False
1778936198.309301,management,beacon,d8:d7:75:45:81:24,ff:ff:ff:ff:ff:ff,ff:ff:ff:ff:ff:ff,d8:d7:75:45:81:24,d8:d7:75:45:81:24,FunBox2-8124,-50,1,2412,False,False
1778936198.365209,data,qos_null,aa:23:4f:4d:00:cf,74:ea:3a:a1:53:a6,74:ea:3a:a1:53:a6,aa:23:4f:4d:00:cf,74:ea:3a:a1:53:a6,,-88,1,2412,False,False
1778936198.4119387,management,beacon,d8:d7:75:45:81:24,ff:ff:ff:ff:ff:ff,ff:ff:ff:ff:ff:ff,d8:d7:75:45:81:24,d8:d7:75:45:81:24,FunBox2-8124,-45,1,2412,False,False
1778936198.4286864,data,qos_null,aa:23:4f:4d:00:cf,74:ea:3a:a1:53:a6,74:ea:3a:a1:53:a6,aa:23:4f:4d:00:cf,74:ea:3a:a1:53:a6,,-88,1,2412,False,False
1778936198.4449692,control,ack,,ce:d0:54:70:b1:b3,ce:d0:54:70:b1:b3,,,,-87,1,2412,False,False
1778936198.4545257,data,qos_null,aa:23:4f:4d:00:cf,74:ea:3a:a1:53:a6,74:ea:3a:a1:53:a6,aa:23:4f:4d:00:cf,74:ea:3a:a1:53:a6,,-89,1,2412,False,False
1778936198.5140364,management,beacon,d8:d7:75:45:81:24,ff:ff:ff:ff:ff:ff,ff:ff:ff:ff:ff:ff,d8:d7:75:45:81:24,d8:d7:75:45:81:24,FunBox2-8124,-51,1,2412,False,False
1778936198.6190448,management,beacon,d8:d7:75:45:81:24,ff:ff:ff:ff:ff:ff,ff:ff:ff:ff:ff:ff,d8:d7:75:45:81:24,d8:d7:75:45:81:24,FunBox2-8124,-49,1,2412,False,False
1778936198.7191174,management,beacon,d8:d7:75:45:81:24,ff:ff:ff:ff:ff:ff,ff:ff:ff:ff:ff:ff,d8:d7:75:45:81:24,d8:d7:75:45:81:24,FunBox2-8124,-46,1,2412,False,False
1778936198.821798,management,beacon,d8:d7:75:45:81:24,ff:ff:ff:ff:ff:ff,ff:ff:ff:ff:ff:ff,d8:d7:75:45:81:24,d8:d7:75:45:81:24,FunBox2-8124,-52,1,2412,False,False
1778936198.874133,control,rts,74:ea:3a:a1:53:a6,66:d8:9b:3d:81:e4,66:d8:9b:3d:81:e4,74:ea:3a:a1:53:a6,,,-87,1,2412,False,False
1778936198.9262462,management,beacon,d8:d7:75:45:81:24,ff:ff:ff:ff:ff:ff,ff:ff:ff:ff:ff:ff,d8:d7:75:45:81:24,d8:d7:75:45:81:24,FunBox2-8124,-48,1,2412,False,False
1778936199.2261074,data,null_data,50:02:91:e8:18:ec,d8:d7:75:45:81:24,d8:d7:75:45:81:24,50:02:91:e8:18:ec,d8:d7:75:45:81:24,,-82,1,2412,False,False
1778936199.226123,control,ack,,50:02:91:e8:18:ec,50:02:91:e8:18:ec,,,,-51,1,2412,False,False
1778936199.2308264,management,beacon,d8:d7:75:45:81:24,ff:ff:ff:ff:ff:ff,ff:ff:ff:ff:ff:ff,d8:d7:75:45:81:24,d8:d7:75:45:81:24,FunBox2-8124,-43,1,2412,False,False
1778936199.315065,control,ack,,ce:d0:54:70:b1:b3,ce:d0:54:70:b1:b3,,,,-91,1,2412,False,False
1778936199.3332822,management,beacon,d8:d7:75:45:81:24,ff:ff:ff:ff:ff:ff,ff:ff:ff:ff:ff:ff,d8:d7:75:45:81:24,d8:d7:75:45:81:24,FunBox2-8124,-56,1,2412,False,False
1778936199.3869581,data,null_data,50:02:91:e8:18:ec,d8:d7:75:45:81:24,d8:d7:75:45:81:24,50:02:91:e8:18:ec,d8:d7:75:45:81:24,,-83,1,2412,False,False
1778936199.3869674,control,ack,,50:02:91:e8:18:ec,50:02:91:e8:18:ec,,,,-51,1,2412,False,False
1778936199.4362128,management,beacon,d8:d7:75:45:81:24,ff:ff:ff:ff:ff:ff,ff:ff:ff:ff:ff:ff,d8:d7:75:45:81:24,d8:d7:75:45:81:24,FunBox2-8124,-44,1,2412,False,False
1778936199.5380917,management,beacon,d8:d7:75:45:81:24,ff:ff:ff:ff:ff:ff,ff:ff:ff:ff:ff:ff,d8:d7:75:45:81:24,d8:d7:75:45:81:24,FunBox2-8124,-53,1,2412,False,False
1778936199.589756,control,cts,,ce:d0:54:70:b1:b3,ce:d0:54:70:b1:b3,,,,-89,1,2412,False,False
1778936199.743422,management,beacon,d8:d7:75:45:81:24,ff:ff:ff:ff:ff:ff,ff:ff:ff:ff:ff:ff,d8:d7:75:45:81:24,d8:d7:75:45:81:24,FunBox2-8124,-54,1,2412,False,False
1778936199.8130782,management,beacon,ac:84:c6:41:71:22,ff:ff:ff:ff:ff:ff,ff:ff:ff:ff:ff:ff,ac:84:c6:41:71:22,ac:84:c6:41:71:22,TP-LINK_7122,-87,1,2412,False,False
1778936199.8725388,control,ack,,ce:d0:54:70:b1:b3,ce:d0:54:70:b1:b3,,,,-88,1,2412,False,False
1778936199.9477415,management,beacon,d8:d7:75:45:81:24,ff:ff:ff:ff:ff:ff,ff:ff:ff:ff:ff:ff,d8:d7:75:45:81:24,d8:d7:75:45:81:24,FunBox2-8124,-44,1,2412,False,False
1778936200.0506668,management,beacon,d8:d7:75:45:81:24,ff:ff:ff:ff:ff:ff,ff:ff:ff:ff:ff:ff,d8:d7:75:45:81:24,d8:d7:75:45:81:24,FunBox2-8124,-55,1,2412,False,False
1778936200.2548985,management,beacon,d8:d7:75:45:81:24,ff:ff:ff:ff:ff:ff,ff:ff:ff:ff:ff:ff,d8:d7:75:45:81:24,d8:d7:75:45:81:24,FunBox2-8124,-44,1,2412,False,False
1778936200.3578496,management,beacon,d8:d7:75:45:81:24,ff:ff:ff:ff:ff:ff,ff:ff:ff:ff:ff:ff,d8:d7:75:45:81:24,d8:d7:75:45:81:24,FunBox2-8124,-55,1,2412,False,False
1778936200.459686,management,beacon,d8:d7:75:45:81:24,ff:ff:ff:ff:ff:ff,ff:ff:ff:ff:ff:ff,d8:d7:75:45:81:24,d8:d7:75:45:81:24,FunBox2-8124,-55,1,2412,False,False
1778936200.4909196,control,cts,,ce:d0:54:70:b1:b3,ce:d0:54:70:b1:b3,,,,-89,1,2412,False,False
1778936200.5620928,management,beacon,d8:d7:75:45:81:24,ff:ff:ff:ff:ff:ff,ff:ff:ff:ff:ff:ff,d8:d7:75:45:81:24,d8:d7:75:45:81:24,FunBox2-8124,-52,1,2412,False,False
1778936200.7307935,data,qos_null,aa:23:4f:4d:00:cf,74:ea:3a:a1:53:a6,74:ea:3a:a1:53:a6,aa:23:4f:4d:00:cf,74:ea:3a:a1:53:a6,,-88,1,2412,False,False
1778936200.7694957,management,beacon,d8:d7:75:45:81:24,ff:ff:ff:ff:ff:ff,ff:ff:ff:ff:ff:ff,d8:d7:75:45:81:24,d8:d7:75:45:81:24,FunBox2-8124,-55,1,2412,False,False
1778936200.8709059,data,null_data,50:02:91:e8:18:ec,d8:d7:75:45:81:24,d8:d7:75:45:81:24,50:02:91:e8:18:ec,d8:d7:75:45:81:24,,-81,1,2412,False,False
1778936200.8710916,data,null_data,50:02:91:e8:18:ec,d8:d7:75:45:81:24,d8:d7:75:45:81:24,50:02:91:e8:18:ec,d8:d7:75:45:81:24,,-82,1,2412,False,True
1778936200.9722629,management,beacon,d8:d7:75:45:81:24,ff:ff:ff:ff:ff:ff,ff:ff:ff:ff:ff:ff,d8:d7:75:45:81:24,d8:d7:75:45:81:24,FunBox2-8124,-53,1,2412,False,False
1778936201.0324237,data,null_data,50:02:91:e8:18:ec,d8:d7:75:45:81:24,d8:d7:75:45:81:24,50:02:91:e8:18:ec,d8:d7:75:45:81:24,,-83,1,2412,False,False
1778936201.0324337,control,ack,,50:02:91:e8:18:ec,50:02:91:e8:18:ec,,,,-52,1,2412,False,False
1778936201.0741088,management,beacon,d8:d7:75:45:81:24,ff:ff:ff:ff:ff:ff,ff:ff:ff:ff:ff:ff,d8:d7:75:45:81:24,d8:d7:75:45:81:24,FunBox2-8124,-53,1,2412,False,False
1778936201.1083686,data,qos_null,aa:23:4f:4d:00:cf,74:ea:3a:a1:53:a6,74:ea:3a:a1:53:a6,aa:23:4f:4d:00:cf,74:ea:3a:a1:53:a6,,-90,1,2412,False,False
1778936201.1919765,data,qos_null,aa:23:4f:4d:00:cf,74:ea:3a:a1:53:a6,74:ea:3a:a1:53:a6,aa:23:4f:4d:00:cf,74:ea:3a:a1:53:a6,,-88,1,2412,False,False
1778936201.251234,data,qos_null,aa:23:4f:4d:00:cf,74:ea:3a:a1:53:a6,74:ea:3a:a1:53:a6,aa:23:4f:4d:00:cf,74:ea:3a:a1:53:a6,,-86,1,2412,False,False
1778936201.4837284,management,beacon,d8:d7:75:45:81:24,ff:ff:ff:ff:ff:ff,ff:ff:ff:ff:ff:ff,d8:d7:75:45:81:24,d8:d7:75:45:81:24,FunBox2-8124,-53,1,2412,False,False
1778936201.5867598,management,beacon,d8:d7:75:45:81:24,ff:ff:ff:ff:ff:ff,ff:ff:ff:ff:ff:ff,d8:d7:75:45:81:24,d8:d7:75:45:81:24,FunBox2-8124,-52,1,2412,False,False
1778936201.6911747,management,beacon,d8:d7:75:45:81:24,ff:ff:ff:ff:ff:ff,ff:ff:ff:ff:ff:ff,d8:d7:75:45:81:24,d8:d7:75:45:81:24,FunBox2-8124,-53,1,2412,False,False
1778936201.7909603,management,beacon,d8:d7:75:45:81:24,ff:ff:ff:ff:ff:ff,ff:ff:ff:ff:ff:ff,d8:d7:75:45:81:24,d8:d7:75:45:81:24,FunBox2-8124,-43,1,2412,False,False
1778936201.9957483,management,beacon,d8:d7:75:45:81:24,ff:ff:ff:ff:ff:ff,ff:ff:ff:ff:ff:ff,d8:d7:75:45:81:24,d8:d7:75:45:81:24,FunBox2-8124,-45,1,2412,False,False
1778936202.0981605,management,beacon,d8:d7:75:45:81:24,ff:ff:ff:ff:ff:ff,ff:ff:ff:ff:ff:ff,d8:d7:75:45:81:24,d8:d7:75:45:81:24,FunBox2-8124,-51,1,2412,False,False
1778936202.3055944,management,beacon,d8:d7:75:45:81:24,ff:ff:ff:ff:ff:ff,ff:ff:ff:ff:ff:ff,d8:d7:75:45:81:24,d8:d7:75:45:81:24,FunBox2-8124,-50,1,2412,False,False
1778936202.371516,management,beacon,ac:84:c6:41:71:22,ff:ff:ff:ff:ff:ff,ff:ff:ff:ff:ff:ff,ac:84:c6:41:71:22,ac:84:c6:41:71:22,TP-LINK_7122,-87,1,2412,False,False
1778936202.4064872,data,null_data,50:02:91:e8:18:ec,d8:d7:75:45:81:24,d8:d7:75:45:81:24,50:02:91:e8:18:ec,d8:d7:75:45:81:24,,-85,1,2412,False,False
1778936202.4067125,data,null_data,50:02:91:e8:18:ec,d8:d7:75:45:81:24,d8:d7:75:45:81:24,50:02:91:e8:18:ec,d8:d7:75:45:81:24,,-82,1,2412,False,True
1778936202.4070199,data,null_data,50:02:91:e8:18:ec,d8:d7:75:45:81:24,d8:d7:75:45:81:24,50:02:91:e8:18:ec,d8:d7:75:45:81:24,,-82,1,2412,False,True
1778936202.407547,data,null_data,50:02:91:e8:18:ec,d8:d7:75:45:81:24,d8:d7:75:45:81:24,50:02:91:e8:18:ec,d8:d7:75:45:81:24,,-83,1,2412,False,True
1778936202.4075487,control,ack,,50:02:91:e8:18:ec,50:02:91:e8:18:ec,,,,-42,1,2412,False,False
1778936202.5078232,management,beacon,d8:d7:75:45:81:24,ff:ff:ff:ff:ff:ff,ff:ff:ff:ff:ff:ff,d8:d7:75:45:81:24,d8:d7:75:45:81:24,FunBox2-8124,-50,1,2412,False,False
1778936202.568601,data,null_data,50:02:91:e8:18:ec,d8:d7:75:45:81:24,d8:d7:75:45:81:24,50:02:91:e8:18:ec,d8:d7:75:45:81:24,,-83,1,2412,False,False
1778936202.5686162,control,ack,,50:02:91:e8:18:ec,50:02:91:e8:18:ec,,,,-50,1,2412,False,False
1778936202.610197,management,beacon,d8:d7:75:45:81:24,ff:ff:ff:ff:ff:ff,ff:ff:ff:ff:ff:ff,d8:d7:75:45:81:24,d8:d7:75:45:81:24,FunBox2-8124,-49,1,2412,False,False
1778936202.8155622,management,beacon,d8:d7:75:45:81:24,ff:ff:ff:ff:ff:ff,ff:ff:ff:ff:ff:ff,d8:d7:75:45:81:24,d8:d7:75:45:81:24,FunBox2-8124,-43,1,2412,False,False
1778936202.841814,control,ack,,ce:d0:54:70:b1:b3,ce:d0:54:70:b1:b3,,,,-87,1,2412,False,False
1778936202.9200215,management,beacon,d8:d7:75:45:81:24,ff:ff:ff:ff:ff:ff,ff:ff:ff:ff:ff:ff,d8:d7:75:45:81:24,d8:d7:75:45:81:24,FunBox2-8124,-51,1,2412,False,False
1778936203.020164,management,beacon,d8:d7:75:45:81:24,ff:ff:ff:ff:ff:ff,ff:ff:ff:ff:ff:ff,d8:d7:75:45:81:24,d8:d7:75:45:81:24,FunBox2-8124,-45,1,2412,False,False
1778936203.087903,management,beacon,ac:84:c6:41:71:22,ff:ff:ff:ff:ff:ff,ff:ff:ff:ff:ff:ff,ac:84:c6:41:71:22,ac:84:c6:41:71:22,TP-LINK_7122,-90,1,2412,False,False
1778936203.1227295,management,beacon,d8:d7:75:45:81:24,ff:ff:ff:ff:ff:ff,ff:ff:ff:ff:ff:ff,d8:d7:75:45:81:24,d8:d7:75:45:81:24,FunBox2-8124,-51,1,2412,False,False
1778936203.326993,management,beacon,d8:d7:75:45:81:24,ff:ff:ff:ff:ff:ff,ff:ff:ff:ff:ff:ff,d8:d7:75:45:81:24,d8:d7:75:45:81:24,FunBox2-8124,-50,1,2412,False,False
1778936203.6342282,management,beacon,d8:d7:75:45:81:24,ff:ff:ff:ff:ff:ff,ff:ff:ff:ff:ff:ff,d8:d7:75:45:81:24,d8:d7:75:45:81:24,FunBox2-8124,-49,1,2412,False,False
1778936203.7372146,management,beacon,d8:d7:75:45:81:24,ff:ff:ff:ff:ff:ff,ff:ff:ff:ff:ff:ff,d8:d7:75:45:81:24,d8:d7:75:45:81:24,FunBox2-8124,-49,1,2412,False,False
1778936203.8390217,management,beacon,d8:d7:75:45:81:24,ff:ff:ff:ff:ff:ff,ff:ff:ff:ff:ff:ff,d8:d7:75:45:81:24,d8:d7:75:45:81:24,FunBox2-8124,-49,1,2412,False,False
1778936203.9435234,data,null_data,50:02:91:e8:18:ec,d8:d7:75:45:81:24,d8:d7:75:45:81:24,50:02:91:e8:18:ec,d8:d7:75:45:81:24,,-82,1,2412,False,True
1778936203.9446135,data,null_data,50:02:91:e8:18:ec,d8:d7:75:45:81:24,d8:d7:75:45:81:24,50:02:91:e8:18:ec,d8:d7:75:45:81:24,,-82,1,2412,False,True
1778936204.0444262,management,beacon,d8:d7:75:45:81:24,ff:ff:ff:ff:ff:ff,ff:ff:ff:ff:ff:ff,d8:d7:75:45:81:24,d8:d7:75:45:81:24,FunBox2-8124,-48,1,2412,False,False
1778936204.1064847,data,null_data,50:02:91:e8:18:ec,d8:d7:75:45:81:24,d8:d7:75:45:81:24,50:02:91:e8:18:ec,d8:d7:75:45:81:24,,-82,1,2412,False,False
1778936204.1064925,control,ack,,50:02:91:e8:18:ec,50:02:91:e8:18:ec,,,,-48,1,2412,False,False
1778936204.1462312,management,beacon,d8:d7:75:45:81:24,ff:ff:ff:ff:ff:ff,ff:ff:ff:ff:ff:ff,d8:d7:75:45:81:24,d8:d7:75:45:81:24,FunBox2-8124,-43,1,2412,False,False
1778936204.213603,management,beacon,ac:84:c6:41:71:22,ff:ff:ff:ff:ff:ff,ff:ff:ff:ff:ff:ff,ac:84:c6:41:71:22,ac:84:c6:41:71:22,TP-LINK_7122,-88,1,2412,False,False
1778936204.2486534,management,beacon,d8:d7:75:45:81:24,ff:ff:ff:ff:ff:ff,ff:ff:ff:ff:ff:ff,d8:d7:75:45:81:24,d8:d7:75:45:81:24,FunBox2-8124,-48,1,2412,False,False
1778936204.351638,management,beacon,d8:d7:75:45:81:24,ff:ff:ff:ff:ff:ff,ff:ff:ff:ff:ff:ff,d8:d7:75:45:81:24,d8:d7:75:45:81:24,FunBox2-8124,-47,1,2412,False,False
1778936204.659109,management,beacon,d8:d7:75:45:81:24,ff:ff:ff:ff:ff:ff,ff:ff:ff:ff:ff:ff,d8:d7:75:45:81:24,d8:d7:75:45:81:24,FunBox2-8124,-48,1,2412,False,False
1778936204.7606535,management,beacon,d8:d7:75:45:81:24,ff:ff:ff:ff:ff:ff,ff:ff:ff:ff:ff:ff,d8:d7:75:45:81:24,d8:d7:75:45:81:24,FunBox2-8124,-44,1,2412,False,False
1778936204.8630965,management,beacon,d8:d7:75:45:81:24,ff:ff:ff:ff:ff:ff,ff:ff:ff:ff:ff:ff,d8:d7:75:45:81:24,d8:d7:75:45:81:24,FunBox2-8124,-45,1,2412,False,False
1778936205.0708144,management,beacon,d8:d7:75:45:81:24,ff:ff:ff:ff:ff:ff,ff:ff:ff:ff:ff:ff,d8:d7:75:45:81:24,d8:d7:75:45:81:24,FunBox2-8124,-47,1,2412,False,False
1778936205.1702595,management,beacon,d8:d7:75:45:81:24,ff:ff:ff:ff:ff:ff,ff:ff:ff:ff:ff:ff,d8:d7:75:45:81:24,d8:d7:75:45:81:24,FunBox2-8124,-46,1,2412,False,False
1778936205.2732549,management,beacon,d8:d7:75:45:81:24,ff:ff:ff:ff:ff:ff,ff:ff:ff:ff:ff:ff,d8:d7:75:45:81:24,d8:d7:75:45:81:24,FunBox2-8124,-46,1,2412,False,False
1778936205.3750718,management,beacon,d8:d7:75:45:81:24,ff:ff:ff:ff:ff:ff,ff:ff:ff:ff:ff:ff,d8:d7:75:45:81:24,d8:d7:75:45:81:24,FunBox2-8124,-42,1,2412,False,False
1778936205.477527,management,beacon,d8:d7:75:45:81:24,ff:ff:ff:ff:ff:ff,ff:ff:ff:ff:ff:ff,d8:d7:75:45:81:24,d8:d7:75:45:81:24,FunBox2-8124,-47,1,2412,False,False
1778936205.4807599,data,null_data,50:02:91:e8:18:ec,d8:d7:75:45:81:24,d8:d7:75:45:81:24,50:02:91:e8:18:ec,d8:d7:75:45:81:24,,-83,1,2412,False,True
1778936205.4810593,control,ack,,50:02:91:e8:18:ec,50:02:91:e8:18:ec,,,,-46,1,2412,False,False
1778936205.5807016,management,beacon,d8:d7:75:45:81:24,ff:ff:ff:ff:ff:ff,ff:ff:ff:ff:ff:ff,d8:d7:75:45:81:24,d8:d7:75:45:81:24,FunBox2-8124,-46,1,2412,False,False
1778936205.6421442,data,null_data,50:02:91:e8:18:ec,d8:d7:75:45:81:24,d8:d7:75:45:81:24,50:02:91:e8:18:ec,d8:d7:75:45:81:24,,-83,1,2412,False,False
1778936205.6421616,control,ack,,50:02:91:e8:18:ec,50:02:91:e8:18:ec,,,,-46,1,2412,False,False
1778936205.6823223,management,beacon,d8:d7:75:45:81:24,ff:ff:ff:ff:ff:ff,ff:ff:ff:ff:ff:ff,d8:d7:75:45:81:24,d8:d7:75:45:81:24,FunBox2-8124,-43,1,2412,False,False
1778936205.7847104,management,beacon,d8:d7:75:45:81:24,ff:ff:ff:ff:ff:ff,ff:ff:ff:ff:ff:ff,d8:d7:75:45:81:24,d8:d7:75:45:81:24,FunBox2-8124,-43,1,2412,False,False
1778936205.8876402,management,beacon,d8:d7:75:45:81:24,ff:ff:ff:ff:ff:ff,ff:ff:ff:ff:ff:ff,d8:d7:75:45:81:24,d8:d7:75:45:81:24,FunBox2-8124,-47,1,2412,False,False
1778936205.9895017,management,beacon,d8:d7:75:45:81:24,ff:ff:ff:ff:ff:ff,ff:ff:ff:ff:ff:ff,d8:d7:75:45:81:24,d8:d7:75:45:81:24,FunBox2-8124,-44,1,2412,False,False
1778936206.1949332,management,beacon,d8:d7:75:45:81:24,ff:ff:ff:ff:ff:ff,ff:ff:ff:ff:ff:ff,d8:d7:75:45:81:24,d8:d7:75:45:81:24,FunBox2-8124,-48,1,2412,False,False
1778936206.296762,management,beacon,d8:d7:75:45:81:24,ff:ff:ff:ff:ff:ff,ff:ff:ff:ff:ff:ff,d8:d7:75:45:81:24,d8:d7:75:45:81:24,FunBox2-8124,-46,1,2412,False,False
1778936206.399155,management,beacon,d8:d7:75:45:81:24,ff:ff:ff:ff:ff:ff,ff:ff:ff:ff:ff:ff,d8:d7:75:45:81:24,d8:d7:75:45:81:24,FunBox2-8124,-44,1,2412,False,False
1778936206.5015535,management,beacon,d8:d7:75:45:81:24,ff:ff:ff:ff:ff:ff,ff:ff:ff:ff:ff:ff,d8:d7:75:45:81:24,d8:d7:75:45:81:24,FunBox2-8124,-47,1,2412,False,False
1778936206.6065807,management,beacon,d8:d7:75:45:81:24,ff:ff:ff:ff:ff:ff,ff:ff:ff:ff:ff:ff,d8:d7:75:45:81:24,d8:d7:75:45:81:24,FunBox2-8124,-46,1,2412,False,False
1778936206.70634,management,beacon,d8:d7:75:45:81:24,ff:ff:ff:ff:ff:ff,ff:ff:ff:ff:ff:ff,d8:d7:75:45:81:24,d8:d7:75:45:81:24,FunBox2-8124,-46,1,2412,False,False
1778936206.7722065,management,beacon,ac:84:c6:41:71:22,ff:ff:ff:ff:ff:ff,ff:ff:ff:ff:ff:ff,ac:84:c6:41:71:22,ac:84:c6:41:71:22,TP-LINK_7122,-88,1,2412,False,False
1778936206.8093483,management,beacon,d8:d7:75:45:81:24,ff:ff:ff:ff:ff:ff,ff:ff:ff:ff:ff:ff,d8:d7:75:45:81:24,d8:d7:75:45:81:24,FunBox2-8124,-46,1,2412,False,False
1778936206.874373,management,beacon,ac:84:c6:41:71:22,ff:ff:ff:ff:ff:ff,ff:ff:ff:ff:ff:ff,ac:84:c6:41:71:22,ac:84:c6:41:71:22,TP-LINK_7122,-89,1,2412,False,False
1778936207.013549,management,beacon,d8:d7:75:45:81:24,ff:ff:ff:ff:ff:ff,ff:ff:ff:ff:ff:ff,d8:d7:75:45:81:24,d8:d7:75:45:81:24,FunBox2-8124,-44,1,2412,False,False
1778936207.218382,management,beacon,d8:d7:75:45:81:24,ff:ff:ff:ff:ff:ff,ff:ff:ff:ff:ff:ff,d8:d7:75:45:81:24,d8:d7:75:45:81:24,FunBox2-8124,-43,1,2412,False,False
1778936207.320759,management,beacon,d8:d7:75:45:81:24,ff:ff:ff:ff:ff:ff,ff:ff:ff:ff:ff:ff,d8:d7:75:45:81:24,d8:d7:75:45:81:24,FunBox2-8124,-45,1,2412,False,False
1778936207.4237487,management,beacon,d8:d7:75:45:81:24,ff:ff:ff:ff:ff:ff,ff:ff:ff:ff:ff:ff,d8:d7:75:45:81:24,d8:d7:75:45:81:24,FunBox2-8124,-46,1,2412,False,False
1778936207.424943,data,null_data,50:02:91:e8:18:ec,d8:d7:75:45:81:24,d8:d7:75:45:81:24,50:02:91:e8:18:ec,d8:d7:75:45:81:24,,-83,1,2412,False,False
1778936207.4249501,control,ack,,50:02:91:e8:18:ec,50:02:91:e8:18:ec,,,,-47,1,2412,False,False
1778936207.4883957,management,beacon,ac:84:c6:41:71:22,ff:ff:ff:ff:ff:ff,ff:ff:ff:ff:ff:ff,ac:84:c6:41:71:22,ac:84:c6:41:71:22,TP-LINK_7122,-88,1,2412,False,False
1778936207.5858083,data,null_data,50:02:91:e8:18:ec,d8:d7:75:45:81:24,d8:d7:75:45:81:24,50:02:91:e8:18:ec,d8:d7:75:45:81:24,,-82,1,2412,False,False
1778936207.5858185,control,ack,,50:02:91:e8:18:ec,50:02:91:e8:18:ec,,,,-47,1,2412,False,False
1778936207.731279,management,beacon,d8:d7:75:45:81:24,ff:ff:ff:ff:ff:ff,ff:ff:ff:ff:ff:ff,d8:d7:75:45:81:24,d8:d7:75:45:81:24,FunBox2-8124,-47,1,2412,False,False
1778936207.9356272,management,beacon,d8:d7:75:45:81:24,ff:ff:ff:ff:ff:ff,ff:ff:ff:ff:ff:ff,d8:d7:75:45:81:24,d8:d7:75:45:81:24,FunBox2-8124,-44,1,2412,False,False
1778936208.0382073,management,beacon,d8:d7:75:45:81:24,ff:ff:ff:ff:ff:ff,ff:ff:ff:ff:ff:ff,d8:d7:75:45:81:24,d8:d7:75:45:81:24,FunBox2-8124,-46,1,2412,False,False
1778936208.242387,management,beacon,d8:d7:75:45:81:24,ff:ff:ff:ff:ff:ff,ff:ff:ff:ff:ff:ff,d8:d7:75:45:81:24,d8:d7:75:45:81:24,FunBox2-8124,-46,1,2412,False,False
1778936208.243662,data,null_data,50:02:91:e8:18:ec,d8:d7:75:45:81:24,d8:d7:75:45:81:24,50:02:91:e8:18:ec,d8:d7:75:45:81:24,,-84,1,2412,False,False
1778936208.2436652,data,null_data,50:02:91:e8:18:ec,d8:d7:75:45:81:24,d8:d7:75:45:81:24,50:02:91:e8:18:ec,d8:d7:75:45:81:24,,-83,1,2412,False,True
1778936208.244023,data,null_data,50:02:91:e8:18:ec,d8:d7:75:45:81:24,d8:d7:75:45:81:24,50:02:91:e8:18:ec,d8:d7:75:45:81:24,,-81,1,2412,False,True
1778936208.24439,data,null_data,50:02:91:e8:18:ec,d8:d7:75:45:81:24,d8:d7:75:45:81:24,50:02:91:e8:18:ec,d8:d7:75:45:81:24,,-83,1,2412,False,True
1778936208.2454615,data,null_data,50:02:91:e8:18:ec,d8:d7:75:45:81:24,d8:d7:75:45:81:24,50:02:91:e8:18:ec,d8:d7:75:45:81:24,,-85,1,2412,False,True
1778936208.2459807,data,null_data,50:02:91:e8:18:ec,d8:d7:75:45:81:24,d8:d7:75:45:81:24,50:02:91:e8:18:ec,d8:d7:75:45:81:24,,-83,1,2412,False,True
1778936208.2462945,control,ack,,50:02:91:e8:18:ec,50:02:91:e8:18:ec,,,,-48,1,2412,False,False
1778936208.247755,data,data,d8:d7:75:45:81:24,33:33:00:00:00:01,33:33:00:00:00:01,d8:d7:75:45:81:24,d8:d7:75:45:81:24,,-44,1,2412,True,False
1778936208.2480636,control,ack,,d8:d7:75:45:81:24,d8:d7:75:45:81:24,,,,-82,1,2412,False,False
1778936208.4084501,data,null_data,50:02:91:e8:18:ec,d8:d7:75:45:81:24,d8:d7:75:45:81:24,50:02:91:e8:18:ec,d8:d7:75:45:81:24,,-83,1,2412,False,False
1778936208.4086485,data,null_data,50:02:91:e8:18:ec,d8:d7:75:45:81:24,d8:d7:75:45:81:24,50:02:91:e8:18:ec,d8:d7:75:45:81:24,,-81,1,2412,False,True
1778936208.4089808,data,null_data,50:02:91:e8:18:ec,d8:d7:75:45:81:24,d8:d7:75:45:81:24,50:02:91:e8:18:ec,d8:d7:75:45:81:24,,-82,1,2412,False,True
1778936208.4093294,data,null_data,50:02:91:e8:18:ec,d8:d7:75:45:81:24,d8:d7:75:45:81:24,50:02:91:e8:18:ec,d8:d7:75:45:81:24,,-82,1,2412,False,True
1778936208.4099076,data,null_data,50:02:91:e8:18:ec,d8:d7:75:45:81:24,d8:d7:75:45:81:24,50:02:91:e8:18:ec,d8:d7:75:45:81:24,,-82,1,2412,False,True
1778936208.4102132,control,ack,,50:02:91:e8:18:ec,50:02:91:e8:18:ec,,,,-47,1,2412,False,False
1778936208.4472234,management,beacon,d8:d7:75:45:81:24,ff:ff:ff:ff:ff:ff,ff:ff:ff:ff:ff:ff,d8:d7:75:45:81:24,d8:d7:75:45:81:24,FunBox2-8124,-46,1,2412,False,False
1778936208.4630759,data,qos_null,aa:23:4f:4d:00:cf,74:ea:3a:a1:53:a6,74:ea:3a:a1:53:a6,aa:23:4f:4d:00:cf,74:ea:3a:a1:53:a6,,-87,1,2412,False,False
1778936208.5496235,management,beacon,d8:d7:75:45:81:24,ff:ff:ff:ff:ff:ff,ff:ff:ff:ff:ff:ff,d8:d7:75:45:81:24,d8:d7:75:45:81:24,FunBox2-8124,-49,1,2412,False,False
1778936208.614122,management,beacon,ac:84:c6:41:71:22,ff:ff:ff:ff:ff:ff,ff:ff:ff:ff:ff:ff,ac:84:c6:41:71:22,ac:84:c6:41:71:22,TP-LINK_7122,-88,1,2412,False,False
1778936208.6557837,management,beacon,d8:d7:75:45:81:24,ff:ff:ff:ff:ff:ff,ff:ff:ff:ff:ff:ff,d8:d7:75:45:81:24,d8:d7:75:45:81:24,FunBox2-8124,-43,1,2412,False,False
1778936208.74641,data,qos_null,aa:23:4f:4d:00:cf,74:ea:3a:a1:53:a6,74:ea:3a:a1:53:a6,aa:23:4f:4d:00:cf,74:ea:3a:a1:53:a6,,-86,1,2412,False,False
1778936208.7488537,data,qos_null,aa:23:4f:4d:00:cf,74:ea:3a:a1:53:a6,74:ea:3a:a1:53:a6,aa:23:4f:4d:00:cf,74:ea:3a:a1:53:a6,,-86,1,2412,False,False
1778936208.7544324,management,beacon,d8:d7:75:45:81:24,ff:ff:ff:ff:ff:ff,ff:ff:ff:ff:ff:ff,d8:d7:75:45:81:24,d8:d7:75:45:81:24,FunBox2-8124,-46,1,2412,False,False
1778936208.8587599,data,data,d8:d7:75:45:81:24,33:33:00:00:00:01,33:33:00:00:00:01,d8:d7:75:45:81:24,d8:d7:75:45:81:24,,-49,1,2412,True,False
1778936208.8592284,data,null_data,50:02:91:e8:18:ec,d8:d7:75:45:81:24,d8:d7:75:45:81:24,50:02:91:e8:18:ec,d8:d7:75:45:81:24,,-82,1,2412,False,True
1778936208.8612323,data,qos_null,aa:23:4f:4d:00:cf,74:ea:3a:a1:53:a6,74:ea:3a:a1:53:a6,aa:23:4f:4d:00:cf,74:ea:3a:a1:53:a6,,-88,1,2412,False,False
1778936208.8632362,data,data,d8:d7:75:45:81:24,33:33:00:00:00:16,33:33:00:00:00:16,d8:d7:75:45:81:24,a8:5e:45:c6:9f:b7,,-48,1,2412,True,False
1778936208.8635445,control,ack,,d8:d7:75:45:81:24,d8:d7:75:45:81:24,,,,-83,1,2412,False,False
1778936208.8640127,control,ack,,aa:23:4f:4d:00:cf,aa:23:4f:4d:00:cf,,,,-88,1,2412,False,False
1778936208.8655918,data,data,d8:d7:75:45:81:24,33:33:00:00:00:16,33:33:00:00:00:16,d8:d7:75:45:81:24,a8:5e:45:c6:9f:b7,,-45,1,2412,True,False
1778936208.8659198,control,ack,,d8:d7:75:45:81:24,d8:d7:75:45:81:24,,,,-84,1,2412,False,False
1778936208.9487936,data,data,d8:d7:75:45:81:24,33:33:00:00:00:02,33:33:00:00:00:02,d8:d7:75:45:81:24,a8:5e:45:c6:9f:b7,,-50,1,2412,True,False
1778936208.9490998,control,ack,,d8:d7:75:45:81:24,d8:d7:75:45:81:24,,,,-82,1,2412,False,False
1778936208.9511483,data,qos_null,aa:23:4f:4d:00:cf,74:ea:3a:a1:53:a6,74:ea:3a:a1:53:a6,aa:23:4f:4d:00:cf,74:ea:3a:a1:53:a6,,-86,1,2412,False,False
1778936208.9597805,management,beacon,d8:d7:75:45:81:24,ff:ff:ff:ff:ff:ff,ff:ff:ff:ff:ff:ff,d8:d7:75:45:81:24,d8:d7:75:45:81:24,FunBox2-8124,-48,1,2412,False,False
1778936209.0104508,data,qos_null,aa:23:4f:4d:00:cf,74:ea:3a:a1:53:a6,74:ea:3a:a1:53:a6,aa:23:4f:4d:00:cf,74:ea:3a:a1:53:a6,,-88,1,2412,False,False
1778936209.0616398,management,beacon,d8:d7:75:45:81:24,ff:ff:ff:ff:ff:ff,ff:ff:ff:ff:ff:ff,d8:d7:75:45:81:24,d8:d7:75:45:81:24,FunBox2-8124,-48,1,2412,False,False
1778936209.109576,data,null_data,50:02:91:e8:18:ec,d8:d7:75:45:81:24,d8:d7:75:45:81:24,50:02:91:e8:18:ec,d8:d7:75:45:81:24,,-86,1,2412,False,False
1778936209.1095917,control,ack,,50:02:91:e8:18:ec,50:02:91:e8:18:ec,,,,-48,1,2412,False,False
1778936209.2267463,data,null_data,50:02:91:e8:18:ec,d8:d7:75:45:81:24,d8:d7:75:45:81:24,50:02:91:e8:18:ec,d8:d7:75:45:81:24,,-82,1,2412,False,True
1778936209.2274125,data,null_data,50:02:91:e8:18:ec,d8:d7:75:45:81:24,d8:d7:75:45:81:24,50:02:91:e8:18:ec,d8:d7:75:45:81:24,,-82,1,2412,False,True
1778936209.227951,data,null_data,50:02:91:e8:18:ec,d8:d7:75:45:81:24,d8:d7:75:45:81:24,50:02:91:e8:18:ec,d8:d7:75:45:81:24,,-84,1,2412,False,True
1778936209.2285,data,null_data,50:02:91:e8:18:ec,d8:d7:75:45:81:24,d8:d7:75:45:81:24,50:02:91:e8:18:ec,d8:d7:75:45:81:24,,-84,1,2412,False,True
1778936209.228818,control,ack,,50:02:91:e8:18:ec,50:02:91:e8:18:ec,,,,-48,1,2412,False,False
1778936209.2670572,management,beacon,d8:d7:75:45:81:24,ff:ff:ff:ff:ff:ff,ff:ff:ff:ff:ff:ff,d8:d7:75:45:81:24,d8:d7:75:45:81:24,FunBox2-8124,-50,1,2412,False,False
1778936209.3898559,data,null_data,50:02:91:e8:18:ec,d8:d7:75:45:81:24,d8:d7:75:45:81:24,50:02:91:e8:18:ec,d8:d7:75:45:81:24,,-83,1,2412,False,False
1778936209.3898745,control,ack,,50:02:91:e8:18:ec,50:02:91:e8:18:ec,,,,-49,1,2412,False,False
1778936209.471238,management,beacon,d8:d7:75:45:81:24,ff:ff:ff:ff:ff:ff,ff:ff:ff:ff:ff:ff,d8:d7:75:45:81:24,d8:d7:75:45:81:24,FunBox2-8124,-48,1,2412,False,False
1778936209.5743315,management,beacon,d8:d7:75:45:81:24,ff:ff:ff:ff:ff:ff,ff:ff:ff:ff:ff:ff,d8:d7:75:45:81:24,d8:d7:75:45:81:24,FunBox2-8124,-48,1,2412,False,False
1778936209.7784467,management,beacon,d8:d7:75:45:81:24,ff:ff:ff:ff:ff:ff,ff:ff:ff:ff:ff:ff,d8:d7:75:45:81:24,d8:d7:75:45:81:24,FunBox2-8124,-44,1,2412,False,False
1778936209.779884,data,data,d8:d7:75:45:81:24,01:00:5e:00:00:01,01:00:5e:00:00:01,d8:d7:75:45:81:24,d8:d7:75:45:81:24,,-44,1,2412,True,False
1778936209.7800708,data,null_data,50:02:91:e8:18:ec,d8:d7:75:45:81:24,d8:d7:75:45:81:24,50:02:91:e8:18:ec,d8:d7:75:45:81:24,,-83,1,2412,False,False
1778936209.7803247,data,null_data,50:02:91:e8:18:ec,d8:d7:75:45:81:24,d8:d7:75:45:81:24,50:02:91:e8:18:ec,d8:d7:75:45:81:24,,-83,1,2412,False,True
1778936209.780327,control,ack,,50:02:91:e8:18:ec,50:02:91:e8:18:ec,,,,-48,1,2412,False,False
1778936209.9412515,data,null_data,50:02:91:e8:18:ec,d8:d7:75:45:81:24,d8:d7:75:45:81:24,50:02:91:e8:18:ec,d8:d7:75:45:81:24,,-82,1,2412,False,False
1778936209.9412603,control,ack,,50:02:91:e8:18:ec,50:02:91:e8:18:ec,,,,-47,1,2412,False,False
1778936209.983242,management,beacon,d8:d7:75:45:81:24,ff:ff:ff:ff:ff:ff,ff:ff:ff:ff:ff:ff,d8:d7:75:45:81:24,d8:d7:75:45:81:24,FunBox2-8124,-48,1,2412,False,False
1778936210.0857081,management,beacon,d8:d7:75:45:81:24,ff:ff:ff:ff:ff:ff,ff:ff:ff:ff:ff:ff,d8:d7:75:45:81:24,d8:d7:75:45:81:24,FunBox2-8124,-49,1,2412,False,False
1778936210.2930841,management,beacon,d8:d7:75:45:81:24,ff:ff:ff:ff:ff:ff,ff:ff:ff:ff:ff:ff,d8:d7:75:45:81:24,d8:d7:75:45:81:24,FunBox2-8124,-48,1,2412,False,False
1778936210.3928843,management,beacon,d8:d7:75:45:81:24,ff:ff:ff:ff:ff:ff,ff:ff:ff:ff:ff:ff,d8:d7:75:45:81:24,d8:d7:75:45:81:24,FunBox2-8124,-45,1,2412,False,False
1778936210.4956617,management,beacon,d8:d7:75:45:81:24,ff:ff:ff:ff:ff:ff,ff:ff:ff:ff:ff:ff,d8:d7:75:45:81:24,d8:d7:75:45:81:24,FunBox2-8124,-48,1,2412,False,False
1778936210.5214608,control,ack,,ce:d0:54:70:b1:b3,ce:d0:54:70:b1:b3,,,,-88,1,2412,False,False
1778936210.5976713,management,beacon,d8:d7:75:45:81:24,ff:ff:ff:ff:ff:ff,ff:ff:ff:ff:ff:ff,d8:d7:75:45:81:24,d8:d7:75:45:81:24,FunBox2-8124,-48,1,2412,False,False
1778936210.7000594,management,beacon,d8:d7:75:45:81:24,ff:ff:ff:ff:ff:ff,ff:ff:ff:ff:ff:ff,d8:d7:75:45:81:24,d8:d7:75:45:81:24,FunBox2-8124,-50,1,2412,False,False
1778936210.803114,management,beacon,d8:d7:75:45:81:24,ff:ff:ff:ff:ff:ff,ff:ff:ff:ff:ff:ff,d8:d7:75:45:81:24,d8:d7:75:45:81:24,FunBox2-8124,-49,1,2412,False,False
1778936211.0072827,management,beacon,d8:d7:75:45:81:24,ff:ff:ff:ff:ff:ff,ff:ff:ff:ff:ff:ff,d8:d7:75:45:81:24,d8:d7:75:45:81:24,FunBox2-8124,-48,1,2412,False,False
1778936211.109684,management,beacon,d8:d7:75:45:81:24,ff:ff:ff:ff:ff:ff,ff:ff:ff:ff:ff:ff,d8:d7:75:45:81:24,d8:d7:75:45:81:24,FunBox2-8124,-49,1,2412,False,False
1778936211.2120905,management,beacon,d8:d7:75:45:81:24,ff:ff:ff:ff:ff:ff,ff:ff:ff:ff:ff:ff,d8:d7:75:45:81:24,d8:d7:75:45:81:24,FunBox2-8124,-49,1,2412,False,False
1778936211.3145406,management,beacon,d8:d7:75:45:81:24,ff:ff:ff:ff:ff:ff,ff:ff:ff:ff:ff:ff,d8:d7:75:45:81:24,d8:d7:75:45:81:24,FunBox2-8124,-44,1,2412,False,False
1778936211.3234591,control,rts,54:35:30:cf:ee:1e,d8:d7:75:45:81:24,d8:d7:75:45:81:24,54:35:30:cf:ee:1e,,,-56,1,2412,False,False
1778936211.3234642,control,cts,,54:35:30:cf:ee:1e,54:35:30:cf:ee:1e,,,,-48,1,2412,False,False
1778936211.3234656,data,qos_data,54:35:30:cf:ee:1e,d8:d7:75:45:81:24,d8:d7:75:45:81:24,54:35:30:cf:ee:1e,ff:ff:ff:ff:ff:ff,,-56,1,2412,True,False
1778936211.3234673,control,block_ack,d8:d7:75:45:81:24,54:35:30:cf:ee:1e,54:35:30:cf:ee:1e,d8:d7:75:45:81:24,,,-48,1,2412,False,False
1778936211.5198324,management,beacon,d8:d7:75:45:81:24,ff:ff:ff:ff:ff:ff,ff:ff:ff:ff:ff:ff,d8:d7:75:45:81:24,d8:d7:75:45:81:24,FunBox2-8124,-46,1,2412,False,False
1778936211.6217191,management,beacon,d8:d7:75:45:81:24,ff:ff:ff:ff:ff:ff,ff:ff:ff:ff:ff:ff,d8:d7:75:45:81:24,d8:d7:75:45:81:24,FunBox2-8124,-48,1,2412,False,False
1778936211.6228693,data,data,d8:d7:75:45:81:24,ff:ff:ff:ff:ff:ff,ff:ff:ff:ff:ff:ff,d8:d7:75:45:81:24,54:35:30:cf:ee:1e,,-49,1,2412,True,False
1778936211.62317,control,ack,,d8:d7:75:45:81:24,d8:d7:75:45:81:24,,,,-82,1,2412,False,False
1778936211.623507,data,null_data,50:02:91:e8:18:ec,d8:d7:75:45:81:24,d8:d7:75:45:81:24,50:02:91:e8:18:ec,d8:d7:75:45:81:24,,-84,1,2412,False,True
1778936211.7247667,management,beacon,d8:d7:75:45:81:24,ff:ff:ff:ff:ff:ff,ff:ff:ff:ff:ff:ff,d8:d7:75:45:81:24,d8:d7:75:45:81:24,FunBox2-8124,-50,1,2412,False,False
1778936211.7845955,data,null_data,50:02:91:e8:18:ec,d8:d7:75:45:81:24,d8:d7:75:45:81:24,50:02:91:e8:18:ec,d8:d7:75:45:81:24,,-84,1,2412,False,True
1778936211.8265283,management,beacon,d8:d7:75:45:81:24,ff:ff:ff:ff:ff:ff,ff:ff:ff:ff:ff:ff,d8:d7:75:45:81:24,d8:d7:75:45:81:24,FunBox2-8124,-49,1,2412,False,False
1778936211.883259,control,ack,,ce:d0:54:70:b1:b3,ce:d0:54:70:b1:b3,,,,-90,1,2412,False,False
1778936211.9289103,management,beacon,d8:d7:75:45:81:24,ff:ff:ff:ff:ff:ff,ff:ff:ff:ff:ff:ff,d8:d7:75:45:81:24,d8:d7:75:45:81:24,FunBox2-8124,-49,1,2412,False,False
1778936211.9308343,data,data,d8:d7:75:45:81:24,33:33:00:00:00:01,33:33:00:00:00:01,d8:d7:75:45:81:24,d8:d7:75:45:81:24,,-49,1,2412,True,False
1778936211.9313476,control,ack,,d8:d7:75:45:81:24,d8:d7:75:45:81:24,,,,-83,1,2412,False,False
1778936211.9313512,data,null_data,50:02:91:e8:18:ec,d8:d7:75:45:81:24,d8:d7:75:45:81:24,50:02:91:e8:18:ec,d8:d7:75:45:81:24,,-83,1,2412,False,False
1778936211.9313529,control,ack,,50:02:91:e8:18:ec,50:02:91:e8:18:ec,,,,-48,1,2412,False,False
1778936212.031943,management,beacon,d8:d7:75:45:81:24,ff:ff:ff:ff:ff:ff,ff:ff:ff:ff:ff:ff,d8:d7:75:45:81:24,d8:d7:75:45:81:24,FunBox2-8124,-50,1,2412,False,False
1778936212.071859,data,qos_null,aa:23:4f:4d:00:cf,74:ea:3a:a1:53:a6,74:ea:3a:a1:53:a6,aa:23:4f:4d:00:cf,74:ea:3a:a1:53:a6,,-88,1,2412,False,False
1778936212.09359,data,null_data,50:02:91:e8:18:ec,d8:d7:75:45:81:24,d8:d7:75:45:81:24,50:02:91:e8:18:ec,d8:d7:75:45:81:24,,-84,1,2412,False,False
1778936212.09384,data,null_data,50:02:91:e8:18:ec,d8:d7:75:45:81:24,d8:d7:75:45:81:24,50:02:91:e8:18:ec,d8:d7:75:45:81:24,,-83,1,2412,False,True
1778936212.0938418,control,ack,,50:02:91:e8:18:ec,50:02:91:e8:18:ec,,,,-49,1,2412,False,False
1778936212.1337142,management,beacon,d8:d7:75:45:81:24,ff:ff:ff:ff:ff:ff,ff:ff:ff:ff:ff:ff,d8:d7:75:45:81:24,d8:d7:75:45:81:24,FunBox2-8124,-44,1,2412,False,False
1778936212.2361279,management,beacon,d8:d7:75:45:81:24,ff:ff:ff:ff:ff:ff,ff:ff:ff:ff:ff:ff,d8:d7:75:45:81:24,d8:d7:75:45:81:24,FunBox2-8124,-49,1,2412,False,False
1778936212.3391836,management,beacon,d8:d7:75:45:81:24,ff:ff:ff:ff:ff:ff,ff:ff:ff:ff:ff:ff,d8:d7:75:45:81:24,d8:d7:75:45:81:24,FunBox2-8124,-49,1,2412,False,False
1778936212.4409463,management,beacon,d8:d7:75:45:81:24,ff:ff:ff:ff:ff:ff,ff:ff:ff:ff:ff:ff,d8:d7:75:45:81:24,d8:d7:75:45:81:24,FunBox2-8124,-44,1,2412,False,False
1778936212.5433362,management,beacon,d8:d7:75:45:81:24,ff:ff:ff:ff:ff:ff,ff:ff:ff:ff:ff:ff,d8:d7:75:45:81:24,d8:d7:75:45:81:24,FunBox2-8124,-48,1,2412,False,False
1778936212.6463892,management,beacon,d8:d7:75:45:81:24,ff:ff:ff:ff:ff:ff,ff:ff:ff:ff:ff:ff,d8:d7:75:45:81:24,d8:d7:75:45:81:24,FunBox2-8124,-49,1,2412,False,False
1778936212.7481616,management,beacon,d8:d7:75:45:81:24,ff:ff:ff:ff:ff:ff,ff:ff:ff:ff:ff:ff,d8:d7:75:45:81:24,d8:d7:75:45:81:24,FunBox2-8124,-49,1,2412,False,False
1778936212.851124,management,beacon,d8:d7:75:45:81:24,ff:ff:ff:ff:ff:ff,ff:ff:ff:ff:ff:ff,d8:d7:75:45:81:24,d8:d7:75:45:81:24,FunBox2-8124,-48,1,2412,False,False
1778936212.8522902,data,null_data,50:02:91:e8:18:ec,d8:d7:75:45:81:24,d8:d7:75:45:81:24,50:02:91:e8:18:ec,d8:d7:75:45:81:24,,-83,1,2412,False,False
1778936212.8531446,data,null_data,50:02:91:e8:18:ec,d8:d7:75:45:81:24,d8:d7:75:45:81:24,50:02:91:e8:18:ec,d8:d7:75:45:81:24,,-83,1,2412,False,True
1778936212.8542156,data,null_data,50:02:91:e8:18:ec,d8:d7:75:45:81:24,d8:d7:75:45:81:24,50:02:91:e8:18:ec,d8:d7:75:45:81:24,,-84,1,2412,False,True
1778936212.854529,control,ack,,50:02:91:e8:18:ec,50:02:91:e8:18:ec,,,,-49,1,2412,False,False
1778936212.8562586,data,data,d8:d7:75:45:81:24,33:33:00:00:00:16,33:33:00:00:00:16,d8:d7:75:45:81:24,a8:5e:45:c6:9f:b7,,-43,1,2412,True,False
1778936212.8565683,control,ack,,d8:d7:75:45:81:24,d8:d7:75:45:81:24,,,,-85,1,2412,False,False
1778936212.9123068,management,beacon,ac:84:c6:41:71:22,ff:ff:ff:ff:ff:ff,ff:ff:ff:ff:ff:ff,ac:84:c6:41:71:22,ac:84:c6:41:71:22,TP-LINK_7122,-92,1,2412,False,False
1778936213.017037,data,null_data,50:02:91:e8:18:ec,d8:d7:75:45:81:24,d8:d7:75:45:81:24,50:02:91:e8:18:ec,d8:d7:75:45:81:24,,-83,1,2412,False,False
1778936213.0170543,control,ack,,50:02:91:e8:18:ec,50:02:91:e8:18:ec,,,,-49,1,2412,False,False
1778936213.05536,management,beacon,d8:d7:75:45:81:24,ff:ff:ff:ff:ff:ff,ff:ff:ff:ff:ff:ff,d8:d7:75:45:81:24,d8:d7:75:45:81:24,FunBox2-8124,-44,1,2412,False,False
1778936213.116965,management,beacon,ac:84:c6:41:71:22,ff:ff:ff:ff:ff:ff,ff:ff:ff:ff:ff:ff,ac:84:c6:41:71:22,ac:84:c6:41:71:22,TP-LINK_7122,-88,1,2412,False,False
1778936213.1583529,management,beacon,d8:d7:75:45:81:24,ff:ff:ff:ff:ff:ff,ff:ff:ff:ff:ff:ff,d8:d7:75:45:81:24,d8:d7:75:45:81:24,FunBox2-8124,-45,1,2412,False,False
1778936213.3625598,management,beacon,d8:d7:75:45:81:24,ff:ff:ff:ff:ff:ff,ff:ff:ff:ff:ff:ff,d8:d7:75:45:81:24,d8:d7:75:45:81:24,FunBox2-8124,-49,1,2412,False,False
1778936213.4650176,management,beacon,d8:d7:75:45:81:24,ff:ff:ff:ff:ff:ff,ff:ff:ff:ff:ff:ff,d8:d7:75:45:81:24,d8:d7:75:45:81:24,FunBox2-8124,-44,1,2412,False,False
1778936213.56847,data,qos_null,aa:23:4f:4d:00:cf,74:ea:3a:a1:53:a6,74:ea:3a:a1:53:a6,aa:23:4f:4d:00:cf,74:ea:3a:a1:53:a6,,-86,1,2412,False,False
1778936213.6698325,management,beacon,d8:d7:75:45:81:24,ff:ff:ff:ff:ff:ff,ff:ff:ff:ff:ff:ff,d8:d7:75:45:81:24,d8:d7:75:45:81:24,FunBox2-8124,-49,1,2412,False,False
1778936213.7721853,management,beacon,d8:d7:75:45:81:24,ff:ff:ff:ff:ff:ff,ff:ff:ff:ff:ff:ff,d8:d7:75:45:81:24,d8:d7:75:45:81:24,FunBox2-8124,-49,1,2412,False,False
1778936213.8752353,management,beacon,d8:d7:75:45:81:24,ff:ff:ff:ff:ff:ff,ff:ff:ff:ff:ff:ff,d8:d7:75:45:81:24,d8:d7:75:45:81:24,FunBox2-8124,-49,1,2412,False,False
1778936213.9769907,management,beacon,d8:d7:75:45:81:24,ff:ff:ff:ff:ff:ff,ff:ff:ff:ff:ff:ff,d8:d7:75:45:81:24,d8:d7:75:45:81:24,FunBox2-8124,-51,1,2412,False,False
1778936214.1828096,management,beacon,d8:d7:75:45:81:24,ff:ff:ff:ff:ff:ff,ff:ff:ff:ff:ff:ff,d8:d7:75:45:81:24,d8:d7:75:45:81:24,FunBox2-8124,-44,1,2412,False,False
1778936214.2842286,management,beacon,d8:d7:75:45:81:24,ff:ff:ff:ff:ff:ff,ff:ff:ff:ff:ff:ff,d8:d7:75:45:81:24,d8:d7:75:45:81:24,FunBox2-8124,-47,1,2412,False,False
1778936214.3285987,control,ack,,ce:d0:54:70:b1:b3,ce:d0:54:70:b1:b3,,,,-87,1,2412,False,False
1778936214.3836708,data,qos_null,aa:23:4f:4d:00:cf,74:ea:3a:a1:53:a6,74:ea:3a:a1:53:a6,aa:23:4f:4d:00:cf,74:ea:3a:a1:53:a6,,-86,1,2412,False,False
1778936214.3867095,management,beacon,d8:d7:75:45:81:24,ff:ff:ff:ff:ff:ff,ff:ff:ff:ff:ff:ff,d8:d7:75:45:81:24,d8:d7:75:45:81:24,FunBox2-8124,-48,1,2412,False,False
1778936214.3874693,control,ack,,ce:d0:54:70:b1:b3,ce:d0:54:70:b1:b3,,,,-86,1,2412,False,False
1778936214.4679325,data,qos_null,aa:23:4f:4d:00:cf,74:ea:3a:a1:53:a6,74:ea:3a:a1:53:a6,aa:23:4f:4d:00:cf,74:ea:3a:a1:53:a6,,-86,1,2412,False,False
1778936214.4890263,management,beacon,d8:d7:75:45:81:24,ff:ff:ff:ff:ff:ff,ff:ff:ff:ff:ff:ff,d8:d7:75:45:81:24,d8:d7:75:45:81:24,FunBox2-8124,-53,1,2412,False,False
1778936214.5914152,management,beacon,d8:d7:75:45:81:24,ff:ff:ff:ff:ff:ff,ff:ff:ff:ff:ff:ff,d8:d7:75:45:81:24,d8:d7:75:45:81:24,FunBox2-8124,-48,1,2412,False,False
1778936214.6938326,management,beacon,d8:d7:75:45:81:24,ff:ff:ff:ff:ff:ff,ff:ff:ff:ff:ff:ff,d8:d7:75:45:81:24,d8:d7:75:45:81:24,FunBox2-8124,-49,1,2412,False,False
1778936214.8558109,data,null_data,50:02:91:e8:18:ec,d8:d7:75:45:81:24,d8:d7:75:45:81:24,50:02:91:e8:18:ec,d8:d7:75:45:81:24,,-86,1,2412,False,False
1778936214.857209,data,null_data,50:02:91:e8:18:ec,d8:d7:75:45:81:24,d8:d7:75:45:81:24,50:02:91:e8:18:ec,d8:d7:75:45:81:24,,-84,1,2412,False,True
1778936214.8575075,control,ack,,50:02:91:e8:18:ec,50:02:91:e8:18:ec,,,,-50,1,2412,False,False
1778936214.898668,management,beacon,d8:d7:75:45:81:24,ff:ff:ff:ff:ff:ff,ff:ff:ff:ff:ff:ff,d8:d7:75:45:81:24,d8:d7:75:45:81:24,FunBox2-8124,-44,1,2412,False,False
1778936215.001075,management,beacon,d8:d7:75:45:81:24,ff:ff:ff:ff:ff:ff,ff:ff:ff:ff:ff:ff,d8:d7:75:45:81:24,d8:d7:75:45:81:24,FunBox2-8124,-49,1,2412,False,False
1778936215.205897,management,beacon,d8:d7:75:45:81:24,ff:ff:ff:ff:ff:ff,ff:ff:ff:ff:ff:ff,d8:d7:75:45:81:24,d8:d7:75:45:81:24,FunBox2-8124,-51,1,2412,False,False
1778936215.226404,data,qos_null,aa:23:4f:4d:00:cf,74:ea:3a:a1:53:a6,74:ea:3a:a1:53:a6,aa:23:4f:4d:00:cf,74:ea:3a:a1:53:a6,,-88,1,2412,False,False
1778936215.2857091,data,qos_null,aa:23:4f:4d:00:cf,74:ea:3a:a1:53:a6,74:ea:3a:a1:53:a6,aa:23:4f:4d:00:cf,74:ea:3a:a1:53:a6,,-88,1,2412,False,False
1778936215.3082879,management,beacon,d8:d7:75:45:81:24,ff:ff:ff:ff:ff:ff,ff:ff:ff:ff:ff:ff,d8:d7:75:45:81:24,d8:d7:75:45:81:24,FunBox2-8124,-48,1,2412,False,False
1778936215.513679,management,beacon,d8:d7:75:45:81:24,ff:ff:ff:ff:ff:ff,ff:ff:ff:ff:ff:ff,d8:d7:75:45:81:24,d8:d7:75:45:81:24,FunBox2-8124,-45,1,2412,False,False
1778936215.7178538,management,beacon,d8:d7:75:45:81:24,ff:ff:ff:ff:ff:ff,ff:ff:ff:ff:ff:ff,d8:d7:75:45:81:24,d8:d7:75:45:81:24,FunBox2-8124,-49,1,2412,False,False
1778936215.820248,management,beacon,d8:d7:75:45:81:24,ff:ff:ff:ff:ff:ff,ff:ff:ff:ff:ff:ff,d8:d7:75:45:81:24,d8:d7:75:45:81:24,FunBox2-8124,-49,1,2412,False,False
1778936215.9227057,management,beacon,d8:d7:75:45:81:24,ff:ff:ff:ff:ff:ff,ff:ff:ff:ff:ff:ff,d8:d7:75:45:81:24,d8:d7:75:45:81:24,FunBox2-8124,-50,1,2412,False,False
1778936215.9824443,management,beacon,ac:84:c6:41:71:22,ff:ff:ff:ff:ff:ff,ff:ff:ff:ff:ff:ff,ac:84:c6:41:71:22,ac:84:c6:41:71:22,TP-LINK_7122,-91,1,2412,False,False
1778936216.1166608,control,rts,54:35:30:cf:ee:1e,d8:d7:75:45:81:24,d8:d7:75:45:81:24,54:35:30:cf:ee:1e,,,-57,1,2412,False,False
1778936216.1166723,control,cts,,54:35:30:cf:ee:1e,54:35:30:cf:ee:1e,,,,-48,1,2412,False,False
1778936216.1166742,data,qos_data,54:35:30:cf:ee:1e,d8:d7:75:45:81:24,d8:d7:75:45:81:24,54:35:30:cf:ee:1e,01:00:5e:7f:ff:fa,,-56,1,2412,True,False
1778936216.116677,control,block_ack,d8:d7:75:45:81:24,54:35:30:cf:ee:1e,54:35:30:cf:ee:1e,d8:d7:75:45:81:24,,,-48,1,2412,False,False
1778936216.1275172,management,beacon,d8:d7:75:45:81:24,ff:ff:ff:ff:ff:ff,ff:ff:ff:ff:ff:ff,d8:d7:75:45:81:24,d8:d7:75:45:81:24,FunBox2-8124,-44,1,2412,False,False
1778936216.2298956,management,beacon,d8:d7:75:45:81:24,ff:ff:ff:ff:ff:ff,ff:ff:ff:ff:ff:ff,d8:d7:75:45:81:24,d8:d7:75:45:81:24,FunBox2-8124,-48,1,2412,False,False
1778936216.231193,data,data,d8:d7:75:45:81:24,01:00:5e:7f:ff:fa,01:00:5e:7f:ff:fa,d8:d7:75:45:81:24,54:35:30:cf:ee:1e,,-48,1,2412,True,False
1778936216.3926,data,null_data,50:02:91:e8:18:ec,d8:d7:75:45:81:24,d8:d7:75:45:81:24,50:02:91:e8:18:ec,d8:d7:75:45:81:24,,-85,1,2412,False,False
1778936216.3926167,control,ack,,50:02:91:e8:18:ec,50:02:91:e8:18:ec,,,,-50,1,2412,False,False
1778936216.4347162,management,beacon,d8:d7:75:45:81:24,ff:ff:ff:ff:ff:ff,ff:ff:ff:ff:ff:ff,d8:d7:75:45:81:24,d8:d7:75:45:81:24,FunBox2-8124,-43,1,2412,False,False
1778936216.5001528,data,qos_null,aa:23:4f:4d:00:cf,74:ea:3a:a1:53:a6,74:ea:3a:a1:53:a6,aa:23:4f:4d:00:cf,74:ea:3a:a1:53:a6,,-88,1,2412,False,False
1778936216.5370898,management,beacon,d8:d7:75:45:81:24,ff:ff:ff:ff:ff:ff,ff:ff:ff:ff:ff:ff,d8:d7:75:45:81:24,d8:d7:75:45:81:24,FunBox2-8124,-52,1,2412,False,False
1778936216.5592177,data,qos_null,aa:23:4f:4d:00:cf,74:ea:3a:a1:53:a6,74:ea:3a:a1:53:a6,aa:23:4f:4d:00:cf,74:ea:3a:a1:53:a6,,-87,1,2412,False,False
1778936216.584418,data,qos_null,aa:23:4f:4d:00:cf,74:ea:3a:a1:53:a6,74:ea:3a:a1:53:a6,aa:23:4f:4d:00:cf,74:ea:3a:a1:53:a6,,-86,1,2412,False,False
1778936216.6394913,management,beacon,d8:d7:75:45:81:24,ff:ff:ff:ff:ff:ff,ff:ff:ff:ff:ff:ff,d8:d7:75:45:81:24,d8:d7:75:45:81:24,FunBox2-8124,-48,1,2412,False,False
1778936216.741962,management,beacon,d8:d7:75:45:81:24,ff:ff:ff:ff:ff:ff,ff:ff:ff:ff:ff:ff,d8:d7:75:45:81:24,d8:d7:75:45:81:24,FunBox2-8124,-48,1,2412,False,False
1778936216.8443406,management,beacon,d8:d7:75:45:81:24,ff:ff:ff:ff:ff:ff,ff:ff:ff:ff:ff:ff,d8:d7:75:45:81:24,d8:d7:75:45:81:24,FunBox2-8124,-48,1,2412,False,False
1778936216.946697,management,beacon,d8:d7:75:45:81:24,ff:ff:ff:ff:ff:ff,ff:ff:ff:ff:ff:ff,d8:d7:75:45:81:24,d8:d7:75:45:81:24,FunBox2-8124,-50,1,2412,False,False
1778936217.0491366,management,beacon,d8:d7:75:45:81:24,ff:ff:ff:ff:ff:ff,ff:ff:ff:ff:ff:ff,d8:d7:75:45:81:24,d8:d7:75:45:81:24,FunBox2-8124,-49,1,2412,False,False
1778936217.1515179,management,beacon,d8:d7:75:45:81:24,ff:ff:ff:ff:ff:ff,ff:ff:ff:ff:ff:ff,d8:d7:75:45:81:24,d8:d7:75:45:81:24,FunBox2-8124,-49,1,2412,False,False
1778936217.171753,data,qos_null,aa:23:4f:4d:00:cf,74:ea:3a:a1:53:a6,74:ea:3a:a1:53:a6,aa:23:4f:4d:00:cf,74:ea:3a:a1:53:a6,,-87,1,2412,False,False
1778936217.174197,data,qos_data,aa:23:4f:4d:00:cf,74:ea:3a:a1:53:a6,74:ea:3a:a1:53:a6,aa:23:4f:4d:00:cf,d8:a7:56:15:ac:05,,-88,1,2412,False,False
1778936217.2539172,management,beacon,d8:d7:75:45:81:24,ff:ff:ff:ff:ff:ff,ff:ff:ff:ff:ff:ff,d8:d7:75:45:81:24,d8:d7:75:45:81:24,FunBox2-8124,-48,1,2412,False,False
1778936217.3563278,management,beacon,d8:d7:75:45:81:24,ff:ff:ff:ff:ff:ff,ff:ff:ff:ff:ff:ff,d8:d7:75:45:81:24,d8:d7:75:45:81:24,FunBox2-8124,-46,1,2412,False,False
1778936217.37419,data,qos_null,aa:23:4f:4d:00:cf,74:ea:3a:a1:53:a6,74:ea:3a:a1:53:a6,aa:23:4f:4d:00:cf,74:ea:3a:a1:53:a6,,-86,1,2412,False,False
1778936217.4332666,data,qos_null,aa:23:4f:4d:00:cf,74:ea:3a:a1:53:a6,74:ea:3a:a1:53:a6,aa:23:4f:4d:00:cf,74:ea:3a:a1:53:a6,,-87,1,2412,False,False
1778936217.4587157,management,beacon,d8:d7:75:45:81:24,ff:ff:ff:ff:ff:ff,ff:ff:ff:ff:ff:ff,d8:d7:75:45:81:24,d8:d7:75:45:81:24,FunBox2-8124,-53,1,2412,False,False
1778936217.46171,data,qos_null,aa:23:4f:4d:00:cf,74:ea:3a:a1:53:a6,74:ea:3a:a1:53:a6,aa:23:4f:4d:00:cf,74:ea:3a:a1:53:a6,,-86,1,2412,False,False
1778936217.5611234,management,beacon,d8:d7:75:45:81:24,ff:ff:ff:ff:ff:ff,ff:ff:ff:ff:ff:ff,d8:d7:75:45:81:24,d8:d7:75:45:81:24,FunBox2-8124,-52,1,2412,False,False
1778936217.6635342,management,beacon,d8:d7:75:45:81:24,ff:ff:ff:ff:ff:ff,ff:ff:ff:ff:ff:ff,d8:d7:75:45:81:24,d8:d7:75:45:81:24,FunBox2-8124,-50,1,2412,False,False
1778936217.7659614,management,beacon,d8:d7:75:45:81:24,ff:ff:ff:ff:ff:ff,ff:ff:ff:ff:ff:ff,d8:d7:75:45:81:24,d8:d7:75:45:81:24,FunBox2-8124,-50,1,2412,False,False
1778936217.868387,management,beacon,d8:d7:75:45:81:24,ff:ff:ff:ff:ff:ff,ff:ff:ff:ff:ff:ff,d8:d7:75:45:81:24,d8:d7:75:45:81:24,FunBox2-8124,-49,1,2412,False,False
1778936217.8780873,data,qos_null,aa:23:4f:4d:00:cf,74:ea:3a:a1:53:a6,74:ea:3a:a1:53:a6,aa:23:4f:4d:00:cf,74:ea:3a:a1:53:a6,,-86,1,2412,False,False
1778936218.019586,data,qos_null,aa:23:4f:4d:00:cf,74:ea:3a:a1:53:a6,74:ea:3a:a1:53:a6,aa:23:4f:4d:00:cf,74:ea:3a:a1:53:a6,,-83,1,2412,False,False
1778936218.0731382,management,beacon,d8:d7:75:45:81:24,ff:ff:ff:ff:ff:ff,ff:ff:ff:ff:ff:ff,d8:d7:75:45:81:24,d8:d7:75:45:81:24,FunBox2-8124,-55,1,2412,False,False
1778936218.074318,data,null_data,50:02:91:e8:18:ec,d8:d7:75:45:81:24,d8:d7:75:45:81:24,50:02:91:e8:18:ec,d8:d7:75:45:81:24,,-84,1,2412,False,False
1778936218.0743203,control,ack,,50:02:91:e8:18:ec,50:02:91:e8:18:ec,,,,-55,1,2412,False,False
1778936218.1698031,data,qos_null,aa:23:4f:4d:00:cf,74:ea:3a:a1:53:a6,74:ea:3a:a1:53:a6,aa:23:4f:4d:00:cf,74:ea:3a:a1:53:a6,,-87,1,2412,False,False
1778936218.1755612,management,beacon,d8:d7:75:45:81:24,ff:ff:ff:ff:ff:ff,ff:ff:ff:ff:ff:ff,d8:d7:75:45:81:24,d8:d7:75:45:81:24,FunBox2-8124,-58,1,2412,False,False
1778936218.2352066,data,null_data,50:02:91:e8:18:ec,d8:d7:75:45:81:24,d8:d7:75:45:81:24,50:02:91:e8:18:ec,d8:d7:75:45:81:24,,-86,1,2412,False,False
1778936218.235224,control,ack,,50:02:91:e8:18:ec,50:02:91:e8:18:ec,,,,-53,1,2412,False,False
1778936218.2541091,data,qos_null,aa:23:4f:4d:00:cf,74:ea:3a:a1:53:a6,74:ea:3a:a1:53:a6,aa:23:4f:4d:00:cf,74:ea:3a:a1:53:a6,,-86,1,2412,False,False
1778936218.2779534,management,beacon,d8:d7:75:45:81:24,ff:ff:ff:ff:ff:ff,ff:ff:ff:ff:ff:ff,d8:d7:75:45:81:24,d8:d7:75:45:81:24,FunBox2-8124,-55,1,2412,False,False
1778936218.380382,management,beacon,d8:d7:75:45:81:24,ff:ff:ff:ff:ff:ff,ff:ff:ff:ff:ff:ff,d8:d7:75:45:81:24,d8:d7:75:45:81:24,FunBox2-8124,-52,1,2412,False,False
1778936218.687555,management,beacon,d8:d7:75:45:81:24,ff:ff:ff:ff:ff:ff,ff:ff:ff:ff:ff:ff,d8:d7:75:45:81:24,d8:d7:75:45:81:24,FunBox2-8124,-59,1,2412,False,False
1778936218.7155948,management,probe_request,d2:0a:c7:fa:1c:3a,ff:ff:ff:ff:ff:ff,ff:ff:ff:ff:ff:ff,d2:0a:c7:fa:1c:3a,ff:ff:ff:ff:ff:ff,<hidden>,-59,1,2412,False,False
1778936218.7190945,control,ack,,d8:d7:75:45:81:24,d8:d7:75:45:81:24,,,,-53,1,2412,False,False
1778936218.7227721,control,ack,,ac:84:c6:41:71:22,ac:84:c6:41:71:22,,,,-53,1,2412,False,False
1778936218.7358835,management,probe_request,d2:0a:c7:fa:1c:3a,ff:ff:ff:ff:ff:ff,ff:ff:ff:ff:ff:ff,d2:0a:c7:fa:1c:3a,ff:ff:ff:ff:ff:ff,<hidden>,-51,1,2412,False,False
1778936218.7393997,control,ack,,d8:d7:75:45:81:24,d8:d7:75:45:81:24,,,,-51,1,2412,False,False
1778936218.769334,control,ack,,ce:d0:54:70:b1:b3,ce:d0:54:70:b1:b3,,,,-91,1,2412,False,False
1778936218.7900255,management,beacon,d8:d7:75:45:81:24,ff:ff:ff:ff:ff:ff,ff:ff:ff:ff:ff:ff,d8:d7:75:45:81:24,d8:d7:75:45:81:24,FunBox2-8124,-49,1,2412,False,False
1778936218.8923917,management,beacon,d8:d7:75:45:81:24,ff:ff:ff:ff:ff:ff,ff:ff:ff:ff:ff:ff,d8:d7:75:45:81:24,d8:d7:75:45:81:24,FunBox2-8124,-49,1,2412,False,False
1778936219.2271707,data,null_data,50:02:91:e8:18:ec,d8:d7:75:45:81:24,d8:d7:75:45:81:24,50:02:91:e8:18:ec,d8:d7:75:45:81:24,,-85,1,2412,False,False
1778936219.227183,control,ack,,50:02:91:e8:18:ec,50:02:91:e8:18:ec,,,,-47,1,2412,False,False
1778936219.2672927,data,qos_null,aa:23:4f:4d:00:cf,74:ea:3a:a1:53:a6,74:ea:3a:a1:53:a6,aa:23:4f:4d:00:cf,74:ea:3a:a1:53:a6,,-86,1,2412,False,False
1778936219.2679634,data,qos_null,aa:23:4f:4d:00:cf,74:ea:3a:a1:53:a6,74:ea:3a:a1:53:a6,aa:23:4f:4d:00:cf,74:ea:3a:a1:53:a6,,-85,1,2412,False,True
1778936219.3020077,management,beacon,d8:d7:75:45:81:24,ff:ff:ff:ff:ff:ff,ff:ff:ff:ff:ff:ff,d8:d7:75:45:81:24,d8:d7:75:45:81:24,FunBox2-8124,-46,1,2412,False,False
1778936219.388027,data,null_data,50:02:91:e8:18:ec,d8:d7:75:45:81:24,d8:d7:75:45:81:24,50:02:91:e8:18:ec,d8:d7:75:45:81:24,,-84,1,2412,False,False
1778936219.3880348,control,ack,,50:02:91:e8:18:ec,50:02:91:e8:18:ec,,,,-47,1,2412,False,False
1778936219.4044166,management,beacon,d8:d7:75:45:81:24,ff:ff:ff:ff:ff:ff,ff:ff:ff:ff:ff:ff,d8:d7:75:45:81:24,d8:d7:75:45:81:24,FunBox2-8124,-42,1,2412,False,False
1778936219.6092193,management,beacon,d8:d7:75:45:81:24,ff:ff:ff:ff:ff:ff,ff:ff:ff:ff:ff:ff,d8:d7:75:45:81:24,d8:d7:75:45:81:24,FunBox2-8124,-55,1,2412,False,False
1778936219.6104023,control,ack,,50:02:91:e8:18:ec,50:02:91:e8:18:ec,,,,-53,1,2412,False,False
1778936219.7712328,data,null_data,50:02:91:e8:18:ec,d8:d7:75:45:81:24,d8:d7:75:45:81:24,50:02:91:e8:18:ec,d8:d7:75:45:81:24,,-82,1,2412,False,False
1778936219.7712414,control,ack,,50:02:91:e8:18:ec,50:02:91:e8:18:ec,,,,-52,1,2412,False,False
1778936219.8140407,management,beacon,d8:d7:75:45:81:24,ff:ff:ff:ff:ff:ff,ff:ff:ff:ff:ff:ff,d8:d7:75:45:81:24,d8:d7:75:45:81:24,FunBox2-8124,-43,1,2412,False,False
1778936219.9184513,management,beacon,d8:d7:75:45:81:24,ff:ff:ff:ff:ff:ff,ff:ff:ff:ff:ff:ff,d8:d7:75:45:81:24,d8:d7:75:45:81:24,FunBox2-8124,-58,1,2412,False,False
1778936219.9735959,management,beacon,ac:84:c6:41:71:22,ff:ff:ff:ff:ff:ff,ff:ff:ff:ff:ff:ff,ac:84:c6:41:71:22,ac:84:c6:41:71:22,TP-LINK_7122,-85,1,2412,False,False
1778936220.1212223,management,beacon,d8:d7:75:45:81:24,ff:ff:ff:ff:ff:ff,ff:ff:ff:ff:ff:ff,d8:d7:75:45:81:24,d8:d7:75:45:81:24,FunBox2-8124,-57,1,2412,False,False
1778936220.2236686,management,beacon,d8:d7:75:45:81:24,ff:ff:ff:ff:ff:ff,ff:ff:ff:ff:ff:ff,d8:d7:75:45:81:24,d8:d7:75:45:81:24,FunBox2-8124,-53,1,2412,False,False
1778936220.2246351,data,data,d8:d7:75:45:81:24,ff:ff:ff:ff:ff:ff,ff:ff:ff:ff:ff:ff,d8:d7:75:45:81:24,d8:d7:75:45:81:24,,-54,1,2412,True,False
1778936220.2251453,control,ack,,d8:d7:75:45:81:24,d8:d7:75:45:81:24,,,,-86,1,2412,False,False
1778936220.2251475,data,null_data,50:02:91:e8:18:ec,d8:d7:75:45:81:24,d8:d7:75:45:81:24,50:02:91:e8:18:ec,d8:d7:75:45:81:24,,-83,1,2412,False,False
1778936220.2251492,control,ack,,50:02:91:e8:18:ec,50:02:91:e8:18:ec,,,,-44,1,2412,False,False
1778936220.227786,control,rts,50:02:91:e8:18:ec,d8:d7:75:45:81:24,d8:d7:75:45:81:24,50:02:91:e8:18:ec,,,-84,1,2412,False,False
1778936220.227788,control,cts,,50:02:91:e8:18:ec,50:02:91:e8:18:ec,,,,-45,1,2412,False,False
1778936220.2285492,control,rts,50:02:91:e8:18:ec,d8:d7:75:45:81:24,d8:d7:75:45:81:24,50:02:91:e8:18:ec,,,-85,1,2412,False,False
1778936220.2285511,control,cts,,50:02:91:e8:18:ec,50:02:91:e8:18:ec,,,,-44,1,2412,False,False
1778936220.2285523,data,data,50:02:91:e8:18:ec,d8:d7:75:45:81:24,d8:d7:75:45:81:24,50:02:91:e8:18:ec,d8:d7:75:45:81:24,,-86,1,2412,True,True
1778936220.2285535,control,ack,,50:02:91:e8:18:ec,50:02:91:e8:18:ec,,,,-44,1,2412,False,False
1778936220.3895743,data,null_data,50:02:91:e8:18:ec,d8:d7:75:45:81:24,d8:d7:75:45:81:24,50:02:91:e8:18:ec,d8:d7:75:45:81:24,,-83,1,2412,False,False
1778936220.3895838,control,ack,,50:02:91:e8:18:ec,50:02:91:e8:18:ec,,,,-44,1,2412,False,False
1778936220.4284623,management,beacon,d8:d7:75:45:81:24,ff:ff:ff:ff:ff:ff,ff:ff:ff:ff:ff:ff,d8:d7:75:45:81:24,d8:d7:75:45:81:24,FunBox2-8124,-44,1,2412,False,False
1778936220.7356484,management,beacon,d8:d7:75:45:81:24,ff:ff:ff:ff:ff:ff,ff:ff:ff:ff:ff:ff,d8:d7:75:45:81:24,d8:d7:75:45:81:24,FunBox2-8124,-42,1,2412,False,False
1778936220.7922966,management,beacon,ac:84:c6:41:71:22,ff:ff:ff:ff:ff:ff,ff:ff:ff:ff:ff:ff,ac:84:c6:41:71:22,ac:84:c6:41:71:22,TP-LINK_7122,-83,1,2412,False,False
1778936220.8380833,management,beacon,d8:d7:75:45:81:24,ff:ff:ff:ff:ff:ff,ff:ff:ff:ff:ff:ff,d8:d7:75:45:81:24,d8:d7:75:45:81:24,FunBox2-8124,-41,1,2412,False,False
1778936220.9404562,management,beacon,d8:d7:75:45:81:24,ff:ff:ff:ff:ff:ff,ff:ff:ff:ff:ff:ff,d8:d7:75:45:81:24,d8:d7:75:45:81:24,FunBox2-8124,-42,1,2412,False,False
1778936220.996971,management,beacon,ac:84:c6:41:71:22,ff:ff:ff:ff:ff:ff,ff:ff:ff:ff:ff:ff,ac:84:c6:41:71:22,ac:84:c6:41:71:22,TP-LINK_7122,-85,1,2412,False,False
1778936221.0730286,control,cts,,54:35:30:cf:ee:1e,54:35:30:cf:ee:1e,,,,-55,1,2412,False,False
1778936221.1459723,management,beacon,d8:d7:75:45:81:24,ff:ff:ff:ff:ff:ff,ff:ff:ff:ff:ff:ff,d8:d7:75:45:81:24,d8:d7:75:45:81:24,FunBox2-8124,-43,1,2412,False,False
1778936221.2476492,management,beacon,d8:d7:75:45:81:24,ff:ff:ff:ff:ff:ff,ff:ff:ff:ff:ff:ff,d8:d7:75:45:81:24,d8:d7:75:45:81:24,FunBox2-8124,-43,1,2412,False,False
1778936221.3039784,management,beacon,ac:84:c6:41:71:22,ff:ff:ff:ff:ff:ff,ff:ff:ff:ff:ff:ff,ac:84:c6:41:71:22,ac:84:c6:41:71:22,TP-LINK_7122,-85,1,2412,False,False
1778936221.3500655,management,beacon,d8:d7:75:45:81:24,ff:ff:ff:ff:ff:ff,ff:ff:ff:ff:ff:ff,d8:d7:75:45:81:24,d8:d7:75:45:81:24,FunBox2-8124,-43,1,2412,False,False
1778936221.4525254,management,beacon,d8:d7:75:45:81:24,ff:ff:ff:ff:ff:ff,ff:ff:ff:ff:ff:ff,d8:d7:75:45:81:24,d8:d7:75:45:81:24,FunBox2-8124,-43,1,2412,False,False
1778936221.6573105,management,beacon,d8:d7:75:45:81:24,ff:ff:ff:ff:ff:ff,ff:ff:ff:ff:ff:ff,d8:d7:75:45:81:24,d8:d7:75:45:81:24,FunBox2-8124,-45,1,2412,False,False
1778936221.7597396,management,beacon,d8:d7:75:45:81:24,ff:ff:ff:ff:ff:ff,ff:ff:ff:ff:ff:ff,d8:d7:75:45:81:24,d8:d7:75:45:81:24,FunBox2-8124,-45,1,2412,False,False
1778936221.815662,management,beacon,ac:84:c6:41:71:22,ff:ff:ff:ff:ff:ff,ff:ff:ff:ff:ff:ff,ac:84:c6:41:71:22,ac:84:c6:41:71:22,TP-LINK_7122,-86,1,2412,False,False
1778936221.8620834,management,beacon,d8:d7:75:45:81:24,ff:ff:ff:ff:ff:ff,ff:ff:ff:ff:ff:ff,d8:d7:75:45:81:24,d8:d7:75:45:81:24,FunBox2-8124,-43,1,2412,False,False
1778936221.8829918,data,qos_null,aa:23:4f:4d:00:cf,74:ea:3a:a1:53:a6,74:ea:3a:a1:53:a6,aa:23:4f:4d:00:cf,74:ea:3a:a1:53:a6,,-86,1,2412,False,False
1778936221.9180028,management,beacon,ac:84:c6:41:71:22,ff:ff:ff:ff:ff:ff,ff:ff:ff:ff:ff:ff,ac:84:c6:41:71:22,ac:84:c6:41:71:22,TP-LINK_7122,-90,1,2412,False,False
1778936221.9645343,management,beacon,d8:d7:75:45:81:24,ff:ff:ff:ff:ff:ff,ff:ff:ff:ff:ff:ff,d8:d7:75:45:81:24,d8:d7:75:45:81:24,FunBox2-8124,-45,1,2412,False,False
1778936222.008938,control,ack,,74:ea:3a:a1:53:a6,74:ea:3a:a1:53:a6,,,,-86,1,2412,False,False
1778936222.0262845,management,probe_request,aa:23:4f:4d:00:cf,ff:ff:ff:ff:ff:ff,ff:ff:ff:ff:ff:ff,aa:23:4f:4d:00:cf,ff:ff:ff:ff:ff:ff,<hidden>,-86,1,2412,False,False
1778936222.0681362,control,ack,,50:02:91:e8:18:ec,50:02:91:e8:18:ec,,,,-46,1,2412,False,False
1778936222.1164408,data,qos_null,aa:23:4f:4d:00:cf,74:ea:3a:a1:53:a6,74:ea:3a:a1:53:a6,aa:23:4f:4d:00:cf,74:ea:3a:a1:53:a6,,-87,1,2412,False,False
1778936222.165671,data,qos_null,aa:23:4f:4d:00:cf,74:ea:3a:a1:53:a6,74:ea:3a:a1:53:a6,aa:23:4f:4d:00:cf,74:ea:3a:a1:53:a6,,-86,1,2412,False,False
1778936222.169349,management,beacon,d8:d7:75:45:81:24,ff:ff:ff:ff:ff:ff,ff:ff:ff:ff:ff:ff,d8:d7:75:45:81:24,d8:d7:75:45:81:24,FunBox2-8124,-44,1,2412,False,False
1778936222.2250211,management,beacon,ac:84:c6:41:71:22,ff:ff:ff:ff:ff:ff,ff:ff:ff:ff:ff:ff,ac:84:c6:41:71:22,ac:84:c6:41:71:22,TP-LINK_7122,-88,1,2412,False,False
1778936222.2289867,data,null_data,50:02:91:e8:18:ec,d8:d7:75:45:81:24,d8:d7:75:45:81:24,50:02:91:e8:18:ec,d8:d7:75:45:81:24,,-84,1,2412,False,False
1778936222.2289932,control,ack,,50:02:91:e8:18:ec,50:02:91:e8:18:ec,,,,-47,1,2412,False,False
1778936222.2626643,data,qos_null,aa:23:4f:4d:00:cf,74:ea:3a:a1:53:a6,74:ea:3a:a1:53:a6,aa:23:4f:4d:00:cf,74:ea:3a:a1:53:a6,,-86,1,2412,False,False
1778936222.263464,data,qos_null,aa:23:4f:4d:00:cf,74:ea:3a:a1:53:a6,74:ea:3a:a1:53:a6,aa:23:4f:4d:00:cf,74:ea:3a:a1:53:a6,,-86,1,2412,False,True
1778936222.2717016,management,beacon,d8:d7:75:45:81:24,ff:ff:ff:ff:ff:ff,ff:ff:ff:ff:ff:ff,d8:d7:75:45:81:24,d8:d7:75:45:81:24,FunBox2-8124,-45,1,2412,False,False
1778936222.2858915,control,ack,,ce:d0:54:70:b1:b3,ce:d0:54:70:b1:b3,,,,-91,1,2412,False,False
1778936222.2878444,control,cts,,ce:d0:54:70:b1:b3,ce:d0:54:70:b1:b3,,,,-88,1,2412,False,False
1778936222.2977636,control,cts,,ce:d0:54:70:b1:b3,ce:d0:54:70:b1:b3,,,,-89,1,2412,False,False
1778936222.3337831,data,qos_null,aa:23:4f:4d:00:cf,74:ea:3a:a1:53:a6,74:ea:3a:a1:53:a6,aa:23:4f:4d:00:cf,74:ea:3a:a1:53:a6,,-88,1,2412,False,False
1778936222.3353844,data,qos_null,aa:23:4f:4d:00:cf,74:ea:3a:a1:53:a6,74:ea:3a:a1:53:a6,aa:23:4f:4d:00:cf,74:ea:3a:a1:53:a6,,-87,1,2412,False,True
1778936222.3361971,data,qos_null,aa:23:4f:4d:00:cf,74:ea:3a:a1:53:a6,74:ea:3a:a1:53:a6,aa:23:4f:4d:00:cf,74:ea:3a:a1:53:a6,,-90,1,2412,False,True
1778936222.3369954,data,qos_null,aa:23:4f:4d:00:cf,74:ea:3a:a1:53:a6,74:ea:3a:a1:53:a6,aa:23:4f:4d:00:cf,74:ea:3a:a1:53:a6,,-88,1,2412,False,True
1778936222.337817,data,qos_null,aa:23:4f:4d:00:cf,74:ea:3a:a1:53:a6,74:ea:3a:a1:53:a6,aa:23:4f:4d:00:cf,74:ea:3a:a1:53:a6,,-86,1,2412,False,True
1778936222.3394396,data,qos_null,aa:23:4f:4d:00:cf,74:ea:3a:a1:53:a6,74:ea:3a:a1:53:a6,aa:23:4f:4d:00:cf,74:ea:3a:a1:53:a6,,-88,1,2412,False,True
1778936222.3487885,control,cts,,ce:d0:54:70:b1:b3,ce:d0:54:70:b1:b3,,,,-91,1,2412,False,False
1778936222.3579066,control,cts,,ce:d0:54:70:b1:b3,ce:d0:54:70:b1:b3,,,,-90,1,2412,False,False
1778936222.3682623,control,cts,,ce:d0:54:70:b1:b3,ce:d0:54:70:b1:b3,,,,-89,1,2412,False,False
1778936222.3698974,data,qos_null,aa:23:4f:4d:00:cf,74:ea:3a:a1:53:a6,74:ea:3a:a1:53:a6,aa:23:4f:4d:00:cf,74:ea:3a:a1:53:a6,,-89,1,2412,False,True
1778936222.3715494,data,qos_null,aa:23:4f:4d:00:cf,74:ea:3a:a1:53:a6,74:ea:3a:a1:53:a6,aa:23:4f:4d:00:cf,74:ea:3a:a1:53:a6,,-87,1,2412,False,True
1778936222.3749692,management,beacon,d8:d7:75:45:81:24,ff:ff:ff:ff:ff:ff,ff:ff:ff:ff:ff:ff,d8:d7:75:45:81:24,d8:d7:75:45:81:24,FunBox2-8124,-53,1,2412,False,False
1778936222.3754215,data,qos_null,aa:23:4f:4d:00:cf,74:ea:3a:a1:53:a6,74:ea:3a:a1:53:a6,aa:23:4f:4d:00:cf,74:ea:3a:a1:53:a6,,-88,1,2412,False,True
1778936222.3757236,control,cts,,ce:d0:54:70:b1:b3,ce:d0:54:70:b1:b3,,,,-86,1,2412,False,False
1778936222.379647,data,qos_null,aa:23:4f:4d:00:cf,74:ea:3a:a1:53:a6,74:ea:3a:a1:53:a6,aa:23:4f:4d:00:cf,74:ea:3a:a1:53:a6,,-87,1,2412,False,True
1778936222.380399,data,qos_null,aa:23:4f:4d:00:cf,74:ea:3a:a1:53:a6,74:ea:3a:a1:53:a6,aa:23:4f:4d:00:cf,74:ea:3a:a1:53:a6,,-83,1,2412,False,True
1778936222.3812149,data,qos_null,aa:23:4f:4d:00:cf,74:ea:3a:a1:53:a6,74:ea:3a:a1:53:a6,aa:23:4f:4d:00:cf,74:ea:3a:a1:53:a6,,-87,1,2412,False,True
1778936222.3819978,data,qos_null,aa:23:4f:4d:00:cf,74:ea:3a:a1:53:a6,74:ea:3a:a1:53:a6,aa:23:4f:4d:00:cf,74:ea:3a:a1:53:a6,,-88,1,2412,False,True
1778936222.3836155,data,qos_null,aa:23:4f:4d:00:cf,74:ea:3a:a1:53:a6,74:ea:3a:a1:53:a6,aa:23:4f:4d:00:cf,74:ea:3a:a1:53:a6,,-88,1,2412,False,False
1778936222.3844116,data,qos_null,aa:23:4f:4d:00:cf,74:ea:3a:a1:53:a6,74:ea:3a:a1:53:a6,aa:23:4f:4d:00:cf,74:ea:3a:a1:53:a6,,-88,1,2412,False,True
1778936222.385266,data,qos_null,aa:23:4f:4d:00:cf,74:ea:3a:a1:53:a6,74:ea:3a:a1:53:a6,aa:23:4f:4d:00:cf,74:ea:3a:a1:53:a6,,-89,1,2412,False,True
1778936222.3860652,data,qos_null,aa:23:4f:4d:00:cf,74:ea:3a:a1:53:a6,74:ea:3a:a1:53:a6,aa:23:4f:4d:00:cf,74:ea:3a:a1:53:a6,,-87,1,2412,False,True
1778936222.387706,data,qos_null,aa:23:4f:4d:00:cf,74:ea:3a:a1:53:a6,74:ea:3a:a1:53:a6,aa:23:4f:4d:00:cf,74:ea:3a:a1:53:a6,,-86,1,2412,False,True
1778936222.3885136,data,qos_null,aa:23:4f:4d:00:cf,74:ea:3a:a1:53:a6,74:ea:3a:a1:53:a6,aa:23:4f:4d:00:cf,74:ea:3a:a1:53:a6,,-87,1,2412,False,True
1778936222.3893027,data,qos_null,aa:23:4f:4d:00:cf,74:ea:3a:a1:53:a6,74:ea:3a:a1:53:a6,aa:23:4f:4d:00:cf,74:ea:3a:a1:53:a6,,-87,1,2412,False,True
1778936222.3901033,data,qos_null,aa:23:4f:4d:00:cf,74:ea:3a:a1:53:a6,74:ea:3a:a1:53:a6,aa:23:4f:4d:00:cf,74:ea:3a:a1:53:a6,,-90,1,2412,False,True
1778936222.3909464,data,qos_null,aa:23:4f:4d:00:cf,74:ea:3a:a1:53:a6,74:ea:3a:a1:53:a6,aa:23:4f:4d:00:cf,74:ea:3a:a1:53:a6,,-89,1,2412,False,True
1778936222.3917885,data,qos_null,aa:23:4f:4d:00:cf,74:ea:3a:a1:53:a6,74:ea:3a:a1:53:a6,aa:23:4f:4d:00:cf,74:ea:3a:a1:53:a6,,-87,1,2412,False,True
1778936222.392591,data,qos_null,aa:23:4f:4d:00:cf,74:ea:3a:a1:53:a6,74:ea:3a:a1:53:a6,aa:23:4f:4d:00:cf,74:ea:3a:a1:53:a6,,-89,1,2412,False,True
1778936222.3934045,data,qos_null,aa:23:4f:4d:00:cf,74:ea:3a:a1:53:a6,74:ea:3a:a1:53:a6,aa:23:4f:4d:00:cf,74:ea:3a:a1:53:a6,,-86,1,2412,False,True
1778936222.3942463,data,qos_null,aa:23:4f:4d:00:cf,74:ea:3a:a1:53:a6,74:ea:3a:a1:53:a6,aa:23:4f:4d:00:cf,74:ea:3a:a1:53:a6,,-94,1,2412,False,True
1778936222.440698,data,qos_null,aa:23:4f:4d:00:cf,74:ea:3a:a1:53:a6,74:ea:3a:a1:53:a6,aa:23:4f:4d:00:cf,74:ea:3a:a1:53:a6,,-86,1,2412,False,False
1778936222.4415197,data,qos_null,aa:23:4f:4d:00:cf,74:ea:3a:a1:53:a6,74:ea:3a:a1:53:a6,aa:23:4f:4d:00:cf,74:ea:3a:a1:53:a6,,-89,1,2412,False,True
1778936222.4423852,data,qos_null,aa:23:4f:4d:00:cf,74:ea:3a:a1:53:a6,74:ea:3a:a1:53:a6,aa:23:4f:4d:00:cf,74:ea:3a:a1:53:a6,,-89,1,2412,False,True
1778936222.4432,data,qos_null,aa:23:4f:4d:00:cf,74:ea:3a:a1:53:a6,74:ea:3a:a1:53:a6,aa:23:4f:4d:00:cf,74:ea:3a:a1:53:a6,,-89,1,2412,False,True
1778936222.4440494,data,qos_null,aa:23:4f:4d:00:cf,74:ea:3a:a1:53:a6,74:ea:3a:a1:53:a6,aa:23:4f:4d:00:cf,74:ea:3a:a1:53:a6,,-86,1,2412,False,True
1778936222.4456658,data,qos_null,aa:23:4f:4d:00:cf,74:ea:3a:a1:53:a6,74:ea:3a:a1:53:a6,aa:23:4f:4d:00:cf,74:ea:3a:a1:53:a6,,-85,1,2412,False,True
1778936222.4464781,data,qos_null,aa:23:4f:4d:00:cf,74:ea:3a:a1:53:a6,74:ea:3a:a1:53:a6,aa:23:4f:4d:00:cf,74:ea:3a:a1:53:a6,,-88,1,2412,False,True
1778936222.4473064,data,qos_null,aa:23:4f:4d:00:cf,74:ea:3a:a1:53:a6,74:ea:3a:a1:53:a6,aa:23:4f:4d:00:cf,74:ea:3a:a1:53:a6,,-88,1,2412,False,True
1778936222.448155,data,qos_null,aa:23:4f:4d:00:cf,74:ea:3a:a1:53:a6,74:ea:3a:a1:53:a6,aa:23:4f:4d:00:cf,74:ea:3a:a1:53:a6,,-85,1,2412,False,True
1778936222.4490025,data,qos_null,aa:23:4f:4d:00:cf,74:ea:3a:a1:53:a6,74:ea:3a:a1:53:a6,aa:23:4f:4d:00:cf,74:ea:3a:a1:53:a6,,-86,1,2412,False,True
1778936222.449798,data,qos_null,aa:23:4f:4d:00:cf,74:ea:3a:a1:53:a6,74:ea:3a:a1:53:a6,aa:23:4f:4d:00:cf,74:ea:3a:a1:53:a6,,-85,1,2412,False,True
1778936222.4513965,data,qos_null,aa:23:4f:4d:00:cf,74:ea:3a:a1:53:a6,74:ea:3a:a1:53:a6,aa:23:4f:4d:00:cf,74:ea:3a:a1:53:a6,,-89,1,2412,False,True
1778936222.4522107,data,qos_null,aa:23:4f:4d:00:cf,74:ea:3a:a1:53:a6,74:ea:3a:a1:53:a6,aa:23:4f:4d:00:cf,74:ea:3a:a1:53:a6,,-89,1,2412,False,True
1778936222.4529312,control,cts,,aa:23:4f:4d:00:cf,aa:23:4f:4d:00:cf,,,,-87,1,2412,False,False
1778936222.4722679,data,qos_null,aa:23:4f:4d:00:cf,74:ea:3a:a1:53:a6,74:ea:3a:a1:53:a6,aa:23:4f:4d:00:cf,74:ea:3a:a1:53:a6,,-87,1,2412,False,False
1778936222.4730012,control,cf_end,aa:23:4f:4d:00:cf,ff:ff:ff:ff:ff:ff,ff:ff:ff:ff:ff:ff,aa:23:4f:4d:00:cf,,,-84,1,2412,False,False
1778936222.4765062,management,beacon,d8:d7:75:45:81:24,ff:ff:ff:ff:ff:ff,ff:ff:ff:ff:ff:ff,d8:d7:75:45:81:24,d8:d7:75:45:81:24,FunBox2-8124,-51,1,2412,False,False
1778936222.4796605,data,qos_null,aa:23:4f:4d:00:cf,74:ea:3a:a1:53:a6,74:ea:3a:a1:53:a6,aa:23:4f:4d:00:cf,74:ea:3a:a1:53:a6,,-87,1,2412,False,True
1778936222.4812443,data,qos_null,aa:23:4f:4d:00:cf,74:ea:3a:a1:53:a6,74:ea:3a:a1:53:a6,aa:23:4f:4d:00:cf,74:ea:3a:a1:53:a6,,-85,1,2412,False,True
1778936222.4820192,data,qos_null,aa:23:4f:4d:00:cf,74:ea:3a:a1:53:a6,74:ea:3a:a1:53:a6,aa:23:4f:4d:00:cf,74:ea:3a:a1:53:a6,,-88,1,2412,False,True
1778936222.4996471,control,cts,,ce:d0:54:70:b1:b3,ce:d0:54:70:b1:b3,,,,-88,1,2412,False,False
1778936222.5762868,data,qos_null,aa:23:4f:4d:00:cf,74:ea:3a:a1:53:a6,74:ea:3a:a1:53:a6,aa:23:4f:4d:00:cf,74:ea:3a:a1:53:a6,,-88,1,2412,False,False
1778936222.5796373,data,qos_null,aa:23:4f:4d:00:cf,74:ea:3a:a1:53:a6,74:ea:3a:a1:53:a6,aa:23:4f:4d:00:cf,74:ea:3a:a1:53:a6,,-91,1,2412,False,True
1778936222.6399207,data,qos_null,aa:23:4f:4d:00:cf,74:ea:3a:a1:53:a6,74:ea:3a:a1:53:a6,aa:23:4f:4d:00:cf,74:ea:3a:a1:53:a6,,-86,1,2412,False,True
1778936222.640763,data,qos_null,aa:23:4f:4d:00:cf,74:ea:3a:a1:53:a6,74:ea:3a:a1:53:a6,aa:23:4f:4d:00:cf,74:ea:3a:a1:53:a6,,-88,1,2412,False,True
1778936222.6415722,data,qos_null,aa:23:4f:4d:00:cf,74:ea:3a:a1:53:a6,74:ea:3a:a1:53:a6,aa:23:4f:4d:00:cf,74:ea:3a:a1:53:a6,,-88,1,2412,False,True
1778936222.642413,data,qos_null,aa:23:4f:4d:00:cf,74:ea:3a:a1:53:a6,74:ea:3a:a1:53:a6,aa:23:4f:4d:00:cf,74:ea:3a:a1:53:a6,,-86,1,2412,False,True
1778936222.6448672,data,qos_null,aa:23:4f:4d:00:cf,74:ea:3a:a1:53:a6,74:ea:3a:a1:53:a6,aa:23:4f:4d:00:cf,74:ea:3a:a1:53:a6,,-89,1,2412,False,True
1778936222.6456993,data,qos_null,aa:23:4f:4d:00:cf,74:ea:3a:a1:53:a6,74:ea:3a:a1:53:a6,aa:23:4f:4d:00:cf,74:ea:3a:a1:53:a6,,-87,1,2412,False,True
1778936222.6465156,data,qos_null,aa:23:4f:4d:00:cf,74:ea:3a:a1:53:a6,74:ea:3a:a1:53:a6,aa:23:4f:4d:00:cf,74:ea:3a:a1:53:a6,,-88,1,2412,False,True
1778936222.647316,data,qos_null,aa:23:4f:4d:00:cf,74:ea:3a:a1:53:a6,74:ea:3a:a1:53:a6,aa:23:4f:4d:00:cf,74:ea:3a:a1:53:a6,,-89,1,2412,False,True
1778936222.6481478,data,qos_null,aa:23:4f:4d:00:cf,74:ea:3a:a1:53:a6,74:ea:3a:a1:53:a6,aa:23:4f:4d:00:cf,74:ea:3a:a1:53:a6,,-85,1,2412,False,True
1778936222.6489275,data,qos_null,aa:23:4f:4d:00:cf,74:ea:3a:a1:53:a6,74:ea:3a:a1:53:a6,aa:23:4f:4d:00:cf,74:ea:3a:a1:53:a6,,-86,1,2412,False,True
1778936222.6497288,data,qos_null,aa:23:4f:4d:00:cf,74:ea:3a:a1:53:a6,74:ea:3a:a1:53:a6,aa:23:4f:4d:00:cf,74:ea:3a:a1:53:a6,,-87,1,2412,False,True
1778936222.6505196,data,qos_null,aa:23:4f:4d:00:cf,74:ea:3a:a1:53:a6,74:ea:3a:a1:53:a6,aa:23:4f:4d:00:cf,74:ea:3a:a1:53:a6,,-86,1,2412,False,False
1778936222.651536,data,qos_null,aa:23:4f:4d:00:cf,74:ea:3a:a1:53:a6,74:ea:3a:a1:53:a6,aa:23:4f:4d:00:cf,74:ea:3a:a1:53:a6,,-87,1,2412,False,True
1778936222.6813204,management,beacon,d8:d7:75:45:81:24,ff:ff:ff:ff:ff:ff,ff:ff:ff:ff:ff:ff,d8:d7:75:45:81:24,d8:d7:75:45:81:24,FunBox2-8124,-55,1,2412,False,False
1778936222.6902845,data,qos_null,aa:23:4f:4d:00:cf,74:ea:3a:a1:53:a6,74:ea:3a:a1:53:a6,aa:23:4f:4d:00:cf,74:ea:3a:a1:53:a6,,-89,1,2412,False,False
1778936222.6918898,data,qos_null,aa:23:4f:4d:00:cf,74:ea:3a:a1:53:a6,74:ea:3a:a1:53:a6,aa:23:4f:4d:00:cf,74:ea:3a:a1:53:a6,,-86,1,2412,False,True
1778936222.6951604,data,qos_null,aa:23:4f:4d:00:cf,74:ea:3a:a1:53:a6,74:ea:3a:a1:53:a6,aa:23:4f:4d:00:cf,74:ea:3a:a1:53:a6,,-89,1,2412,False,True
1778936222.6959562,data,qos_null,aa:23:4f:4d:00:cf,74:ea:3a:a1:53:a6,74:ea:3a:a1:53:a6,aa:23:4f:4d:00:cf,74:ea:3a:a1:53:a6,,-87,1,2412,False,True
1778936222.6967654,data,qos_null,aa:23:4f:4d:00:cf,74:ea:3a:a1:53:a6,74:ea:3a:a1:53:a6,aa:23:4f:4d:00:cf,74:ea:3a:a1:53:a6,,-87,1,2412,False,True
1778936222.6975415,data,qos_null,aa:23:4f:4d:00:cf,74:ea:3a:a1:53:a6,74:ea:3a:a1:53:a6,aa:23:4f:4d:00:cf,74:ea:3a:a1:53:a6,,-89,1,2412,False,True
1778936222.6983898,data,qos_null,aa:23:4f:4d:00:cf,74:ea:3a:a1:53:a6,74:ea:3a:a1:53:a6,aa:23:4f:4d:00:cf,74:ea:3a:a1:53:a6,,-90,1,2412,False,True
1778936222.6997912,data,qos_null,aa:23:4f:4d:00:cf,74:ea:3a:a1:53:a6,74:ea:3a:a1:53:a6,aa:23:4f:4d:00:cf,74:ea:3a:a1:53:a6,,-87,1,2412,False,True
1778936222.7016783,data,qos_null,aa:23:4f:4d:00:cf,74:ea:3a:a1:53:a6,74:ea:3a:a1:53:a6,aa:23:4f:4d:00:cf,74:ea:3a:a1:53:a6,,-88,1,2412,False,True
1778936222.7025282,data,qos_null,aa:23:4f:4d:00:cf,74:ea:3a:a1:53:a6,74:ea:3a:a1:53:a6,aa:23:4f:4d:00:cf,74:ea:3a:a1:53:a6,,-88,1,2412,False,True
1778936222.7494974,data,qos_null,aa:23:4f:4d:00:cf,74:ea:3a:a1:53:a6,74:ea:3a:a1:53:a6,aa:23:4f:4d:00:cf,74:ea:3a:a1:53:a6,,-86,1,2412,False,True
1778936222.753443,data,qos_null,aa:23:4f:4d:00:cf,74:ea:3a:a1:53:a6,74:ea:3a:a1:53:a6,aa:23:4f:4d:00:cf,74:ea:3a:a1:53:a6,,-87,1,2412,False,True
1778936222.754267,data,qos_null,aa:23:4f:4d:00:cf,74:ea:3a:a1:53:a6,74:ea:3a:a1:53:a6,aa:23:4f:4d:00:cf,74:ea:3a:a1:53:a6,,-86,1,2412,False,True
1778936222.7558935,data,qos_null,aa:23:4f:4d:00:cf,74:ea:3a:a1:53:a6,74:ea:3a:a1:53:a6,aa:23:4f:4d:00:cf,74:ea:3a:a1:53:a6,,-87,1,2412,False,True
1778936222.756718,data,qos_null,aa:23:4f:4d:00:cf,74:ea:3a:a1:53:a6,74:ea:3a:a1:53:a6,aa:23:4f:4d:00:cf,74:ea:3a:a1:53:a6,,-86,1,2412,False,True
1778936222.7575192,data,qos_null,aa:23:4f:4d:00:cf,74:ea:3a:a1:53:a6,74:ea:3a:a1:53:a6,aa:23:4f:4d:00:cf,74:ea:3a:a1:53:a6,,-86,1,2412,False,True
1778936222.7583404,data,qos_null,aa:23:4f:4d:00:cf,74:ea:3a:a1:53:a6,74:ea:3a:a1:53:a6,aa:23:4f:4d:00:cf,74:ea:3a:a1:53:a6,,-86,1,2412,False,True
1778936222.7591426,data,qos_null,aa:23:4f:4d:00:cf,74:ea:3a:a1:53:a6,74:ea:3a:a1:53:a6,aa:23:4f:4d:00:cf,74:ea:3a:a1:53:a6,,-87,1,2412,False,True
1778936222.759928,data,qos_null,aa:23:4f:4d:00:cf,74:ea:3a:a1:53:a6,74:ea:3a:a1:53:a6,aa:23:4f:4d:00:cf,74:ea:3a:a1:53:a6,,-86,1,2412,False,True
1778936222.7607284,data,qos_null,aa:23:4f:4d:00:cf,74:ea:3a:a1:53:a6,74:ea:3a:a1:53:a6,aa:23:4f:4d:00:cf,74:ea:3a:a1:53:a6,,-89,1,2412,False,False
1778936222.7615368,data,qos_null,aa:23:4f:4d:00:cf,74:ea:3a:a1:53:a6,74:ea:3a:a1:53:a6,aa:23:4f:4d:00:cf,74:ea:3a:a1:53:a6,,-87,1,2412,False,True
1778936222.7623224,data,qos_null,aa:23:4f:4d:00:cf,74:ea:3a:a1:53:a6,74:ea:3a:a1:53:a6,aa:23:4f:4d:00:cf,74:ea:3a:a1:53:a6,,-90,1,2412,False,True
1778936222.7639277,data,qos_null,aa:23:4f:4d:00:cf,74:ea:3a:a1:53:a6,74:ea:3a:a1:53:a6,aa:23:4f:4d:00:cf,74:ea:3a:a1:53:a6,,-88,1,2412,False,True
1778936222.764813,data,qos_null,aa:23:4f:4d:00:cf,74:ea:3a:a1:53:a6,74:ea:3a:a1:53:a6,aa:23:4f:4d:00:cf,74:ea:3a:a1:53:a6,,-90,1,2412,False,True
1778936222.7664127,data,qos_null,aa:23:4f:4d:00:cf,74:ea:3a:a1:53:a6,74:ea:3a:a1:53:a6,aa:23:4f:4d:00:cf,74:ea:3a:a1:53:a6,,-88,1,2412,False,True
1778936222.7680352,data,qos_null,aa:23:4f:4d:00:cf,74:ea:3a:a1:53:a6,74:ea:3a:a1:53:a6,aa:23:4f:4d:00:cf,74:ea:3a:a1:53:a6,,-90,1,2412,False,True
1778936222.7692754,data,qos_null,aa:23:4f:4d:00:cf,74:ea:3a:a1:53:a6,74:ea:3a:a1:53:a6,aa:23:4f:4d:00:cf,74:ea:3a:a1:53:a6,,-88,1,2412,False,True
1778936222.7718322,data,qos_null,aa:23:4f:4d:00:cf,74:ea:3a:a1:53:a6,74:ea:3a:a1:53:a6,aa:23:4f:4d:00:cf,74:ea:3a:a1:53:a6,,-86,1,2412,False,True
1778936222.783753,management,beacon,d8:d7:75:45:81:24,ff:ff:ff:ff:ff:ff,ff:ff:ff:ff:ff:ff,d8:d7:75:45:81:24,d8:d7:75:45:81:24,FunBox2-8124,-57,1,2412,False,False
1778936222.8026776,control,ack,,ce:d0:54:70:b1:b3,ce:d0:54:70:b1:b3,,,,-87,1,2412,False,False
1778936222.845306,data,qos_null,aa:23:4f:4d:00:cf,74:ea:3a:a1:53:a6,74:ea:3a:a1:53:a6,aa:23:4f:4d:00:cf,74:ea:3a:a1:53:a6,,-91,1,2412,False,False
1778936222.8460832,data,qos_null,aa:23:4f:4d:00:cf,74:ea:3a:a1:53:a6,74:ea:3a:a1:53:a6,aa:23:4f:4d:00:cf,74:ea:3a:a1:53:a6,,-87,1,2412,False,True
1778936222.84769,data,qos_null,aa:23:4f:4d:00:cf,74:ea:3a:a1:53:a6,74:ea:3a:a1:53:a6,aa:23:4f:4d:00:cf,74:ea:3a:a1:53:a6,,-86,1,2412,False,True
1778936222.8493326,data,qos_null,aa:23:4f:4d:00:cf,74:ea:3a:a1:53:a6,74:ea:3a:a1:53:a6,aa:23:4f:4d:00:cf,74:ea:3a:a1:53:a6,,-88,1,2412,False,True
1778936222.8501406,data,qos_null,aa:23:4f:4d:00:cf,74:ea:3a:a1:53:a6,74:ea:3a:a1:53:a6,aa:23:4f:4d:00:cf,74:ea:3a:a1:53:a6,,-86,1,2412,False,True
1778936222.8517914,data,qos_null,aa:23:4f:4d:00:cf,74:ea:3a:a1:53:a6,74:ea:3a:a1:53:a6,aa:23:4f:4d:00:cf,74:ea:3a:a1:53:a6,,-86,1,2412,False,True
1778936222.8526106,data,qos_null,aa:23:4f:4d:00:cf,74:ea:3a:a1:53:a6,74:ea:3a:a1:53:a6,aa:23:4f:4d:00:cf,74:ea:3a:a1:53:a6,,-87,1,2412,False,True
1778936222.854205,data,qos_null,aa:23:4f:4d:00:cf,74:ea:3a:a1:53:a6,74:ea:3a:a1:53:a6,aa:23:4f:4d:00:cf,74:ea:3a:a1:53:a6,,-88,1,2412,False,True
1778936222.8549776,data,qos_null,aa:23:4f:4d:00:cf,74:ea:3a:a1:53:a6,74:ea:3a:a1:53:a6,aa:23:4f:4d:00:cf,74:ea:3a:a1:53:a6,,-88,1,2412,False,True
1778936222.8566241,data,qos_null,aa:23:4f:4d:00:cf,74:ea:3a:a1:53:a6,74:ea:3a:a1:53:a6,aa:23:4f:4d:00:cf,74:ea:3a:a1:53:a6,,-86,1,2412,False,True
1778936222.8572793,control,cts,,aa:23:4f:4d:00:cf,aa:23:4f:4d:00:cf,,,,-87,1,2412,False,False
1778936222.8813012,data,qos_null,aa:23:4f:4d:00:cf,74:ea:3a:a1:53:a6,74:ea:3a:a1:53:a6,aa:23:4f:4d:00:cf,74:ea:3a:a1:53:a6,,-86,1,2412,False,False
1778936222.882046,control,cf_end,aa:23:4f:4d:00:cf,ff:ff:ff:ff:ff:ff,ff:ff:ff:ff:ff:ff,aa:23:4f:4d:00:cf,,,-87,1,2412,False,False
1778936222.8826745,data,qos_null,aa:23:4f:4d:00:cf,74:ea:3a:a1:53:a6,74:ea:3a:a1:53:a6,aa:23:4f:4d:00:cf,74:ea:3a:a1:53:a6,,-88,1,2412,False,True
1778936222.8861136,management,beacon,d8:d7:75:45:81:24,ff:ff:ff:ff:ff:ff,ff:ff:ff:ff:ff:ff,d8:d7:75:45:81:24,d8:d7:75:45:81:24,FunBox2-8124,-55,1,2412,False,False
1778936222.8882482,data,qos_null,aa:23:4f:4d:00:cf,74:ea:3a:a1:53:a6,74:ea:3a:a1:53:a6,aa:23:4f:4d:00:cf,74:ea:3a:a1:53:a6,,-87,1,2412,False,True
1778936222.8898942,data,qos_null,aa:23:4f:4d:00:cf,74:ea:3a:a1:53:a6,74:ea:3a:a1:53:a6,aa:23:4f:4d:00:cf,74:ea:3a:a1:53:a6,,-88,1,2412,False,True
1778936222.890721,data,qos_null,aa:23:4f:4d:00:cf,74:ea:3a:a1:53:a6,74:ea:3a:a1:53:a6,aa:23:4f:4d:00:cf,74:ea:3a:a1:53:a6,,-86,1,2412,False,True
1778936222.891538,data,qos_null,aa:23:4f:4d:00:cf,74:ea:3a:a1:53:a6,74:ea:3a:a1:53:a6,aa:23:4f:4d:00:cf,74:ea:3a:a1:53:a6,,-88,1,2412,False,True
1778936222.8923118,data,qos_null,aa:23:4f:4d:00:cf,74:ea:3a:a1:53:a6,74:ea:3a:a1:53:a6,aa:23:4f:4d:00:cf,74:ea:3a:a1:53:a6,,-88,1,2412,False,True
1778936222.8930874,data,qos_null,aa:23:4f:4d:00:cf,74:ea:3a:a1:53:a6,74:ea:3a:a1:53:a6,aa:23:4f:4d:00:cf,74:ea:3a:a1:53:a6,,-89,1,2412,False,True
1778936222.8938951,data,qos_null,aa:23:4f:4d:00:cf,74:ea:3a:a1:53:a6,74:ea:3a:a1:53:a6,aa:23:4f:4d:00:cf,74:ea:3a:a1:53:a6,,-87,1,2412,False,True
1778936222.8946729,data,qos_null,aa:23:4f:4d:00:cf,74:ea:3a:a1:53:a6,74:ea:3a:a1:53:a6,aa:23:4f:4d:00:cf,74:ea:3a:a1:53:a6,,-88,1,2412,False,True
1778936222.8954892,data,qos_null,aa:23:4f:4d:00:cf,74:ea:3a:a1:53:a6,74:ea:3a:a1:53:a6,aa:23:4f:4d:00:cf,74:ea:3a:a1:53:a6,,-91,1,2412,False,True
1778936222.8962781,data,qos_null,aa:23:4f:4d:00:cf,74:ea:3a:a1:53:a6,74:ea:3a:a1:53:a6,aa:23:4f:4d:00:cf,74:ea:3a:a1:53:a6,,-87,1,2412,False,True
1778936222.941385,management,beacon,ac:84:c6:41:71:22,ff:ff:ff:ff:ff:ff,ff:ff:ff:ff:ff:ff,ac:84:c6:41:71:22,ac:84:c6:41:71:22,TP-LINK_7122,-89,1,2412,False,False
1778936222.952712,data,qos_null,aa:23:4f:4d:00:cf,74:ea:3a:a1:53:a6,74:ea:3a:a1:53:a6,aa:23:4f:4d:00:cf,74:ea:3a:a1:53:a6,,-87,1,2412,False,False
1778936222.9534953,data,qos_null,aa:23:4f:4d:00:cf,74:ea:3a:a1:53:a6,74:ea:3a:a1:53:a6,aa:23:4f:4d:00:cf,74:ea:3a:a1:53:a6,,-86,1,2412,False,True
1778936222.9543297,data,qos_null,aa:23:4f:4d:00:cf,74:ea:3a:a1:53:a6,74:ea:3a:a1:53:a6,aa:23:4f:4d:00:cf,74:ea:3a:a1:53:a6,,-87,1,2412,False,True
1778936222.9559617,data,qos_null,aa:23:4f:4d:00:cf,74:ea:3a:a1:53:a6,74:ea:3a:a1:53:a6,aa:23:4f:4d:00:cf,74:ea:3a:a1:53:a6,,-86,1,2412,False,True
1778936222.956799,data,qos_null,aa:23:4f:4d:00:cf,74:ea:3a:a1:53:a6,74:ea:3a:a1:53:a6,aa:23:4f:4d:00:cf,74:ea:3a:a1:53:a6,,-85,1,2412,False,True
1778936222.9576125,data,qos_null,aa:23:4f:4d:00:cf,74:ea:3a:a1:53:a6,74:ea:3a:a1:53:a6,aa:23:4f:4d:00:cf,74:ea:3a:a1:53:a6,,-87,1,2412,False,True
1778936222.9584522,data,qos_null,aa:23:4f:4d:00:cf,74:ea:3a:a1:53:a6,74:ea:3a:a1:53:a6,aa:23:4f:4d:00:cf,74:ea:3a:a1:53:a6,,-88,1,2412,False,True
1778936222.9592507,data,qos_null,aa:23:4f:4d:00:cf,74:ea:3a:a1:53:a6,74:ea:3a:a1:53:a6,aa:23:4f:4d:00:cf,74:ea:3a:a1:53:a6,,-84,1,2412,False,True
1778936222.9600759,data,qos_null,aa:23:4f:4d:00:cf,74:ea:3a:a1:53:a6,74:ea:3a:a1:53:a6,aa:23:4f:4d:00:cf,74:ea:3a:a1:53:a6,,-84,1,2412,False,True
1778936222.9609034,data,qos_null,aa:23:4f:4d:00:cf,74:ea:3a:a1:53:a6,74:ea:3a:a1:53:a6,aa:23:4f:4d:00:cf,74:ea:3a:a1:53:a6,,-84,1,2412,False,True
1778936222.9616783,data,qos_null,aa:23:4f:4d:00:cf,74:ea:3a:a1:53:a6,74:ea:3a:a1:53:a6,aa:23:4f:4d:00:cf,74:ea:3a:a1:53:a6,,-86,1,2412,False,True
1778936222.962529,data,qos_null,aa:23:4f:4d:00:cf,74:ea:3a:a1:53:a6,74:ea:3a:a1:53:a6,aa:23:4f:4d:00:cf,74:ea:3a:a1:53:a6,,-87,1,2412,False,True
1778936222.9633558,data,qos_null,aa:23:4f:4d:00:cf,74:ea:3a:a1:53:a6,74:ea:3a:a1:53:a6,aa:23:4f:4d:00:cf,74:ea:3a:a1:53:a6,,-86,1,2412,False,True
1778936222.9642987,data,qos_null,aa:23:4f:4d:00:cf,74:ea:3a:a1:53:a6,74:ea:3a:a1:53:a6,aa:23:4f:4d:00:cf,74:ea:3a:a1:53:a6,,-87,1,2412,False,True
1778936222.9649582,control,cts,,aa:23:4f:4d:00:cf,aa:23:4f:4d:00:cf,,,,-86,1,2412,False,False
1778936222.9841726,data,qos_null,aa:23:4f:4d:00:cf,74:ea:3a:a1:53:a6,74:ea:3a:a1:53:a6,aa:23:4f:4d:00:cf,74:ea:3a:a1:53:a6,,-87,1,2412,False,False
1778936222.984859,control,cf_end,aa:23:4f:4d:00:cf,ff:ff:ff:ff:ff:ff,ff:ff:ff:ff:ff:ff,aa:23:4f:4d:00:cf,,,-90,1,2412,False,False
1778936222.9853568,data,qos_null,aa:23:4f:4d:00:cf,74:ea:3a:a1:53:a6,74:ea:3a:a1:53:a6,aa:23:4f:4d:00:cf,74:ea:3a:a1:53:a6,,-86,1,2412,False,True
1778936222.9861846,data,qos_null,aa:23:4f:4d:00:cf,74:ea:3a:a1:53:a6,74:ea:3a:a1:53:a6,aa:23:4f:4d:00:cf,74:ea:3a:a1:53:a6,,-87,1,2412,False,True
1778936222.9892228,management,beacon,d8:d7:75:45:81:24,ff:ff:ff:ff:ff:ff,ff:ff:ff:ff:ff:ff,d8:d7:75:45:81:24,d8:d7:75:45:81:24,FunBox2-8124,-48,1,2412,False,False
1778936222.9914544,data,qos_null,aa:23:4f:4d:00:cf,74:ea:3a:a1:53:a6,74:ea:3a:a1:53:a6,aa:23:4f:4d:00:cf,74:ea:3a:a1:53:a6,,-89,1,2412,False,True
1778936222.9930627,data,qos_null,aa:23:4f:4d:00:cf,74:ea:3a:a1:53:a6,74:ea:3a:a1:53:a6,aa:23:4f:4d:00:cf,74:ea:3a:a1:53:a6,,-87,1,2412,False,True
1778936222.9938753,data,qos_null,aa:23:4f:4d:00:cf,74:ea:3a:a1:53:a6,74:ea:3a:a1:53:a6,aa:23:4f:4d:00:cf,74:ea:3a:a1:53:a6,,-90,1,2412,False,True
1778936222.9957469,data,qos_null,aa:23:4f:4d:00:cf,74:ea:3a:a1:53:a6,74:ea:3a:a1:53:a6,aa:23:4f:4d:00:cf,74:ea:3a:a1:53:a6,,-89,1,2412,False,True
1778936222.996551,data,qos_null,aa:23:4f:4d:00:cf,74:ea:3a:a1:53:a6,74:ea:3a:a1:53:a6,aa:23:4f:4d:00:cf,74:ea:3a:a1:53:a6,,-86,1,2412,False,True
1778936222.9972582,data,qos_null,aa:23:4f:4d:00:cf,74:ea:3a:a1:53:a6,74:ea:3a:a1:53:a6,aa:23:4f:4d:00:cf,74:ea:3a:a1:53:a6,,-87,1,2412,False,True
1778936222.9980767,data,qos_null,aa:23:4f:4d:00:cf,74:ea:3a:a1:53:a6,74:ea:3a:a1:53:a6,aa:23:4f:4d:00:cf,74:ea:3a:a1:53:a6,,-86,1,2412,False,True
1778936222.998868,data,qos_null,aa:23:4f:4d:00:cf,74:ea:3a:a1:53:a6,74:ea:3a:a1:53:a6,aa:23:4f:4d:00:cf,74:ea:3a:a1:53:a6,,-87,1,2412,False,True
1778936222.9996724,data,qos_null,aa:23:4f:4d:00:cf,74:ea:3a:a1:53:a6,74:ea:3a:a1:53:a6,aa:23:4f:4d:00:cf,74:ea:3a:a1:53:a6,,-85,1,2412,False,False
1778936223.0004811,data,qos_null,aa:23:4f:4d:00:cf,74:ea:3a:a1:53:a6,74:ea:3a:a1:53:a6,aa:23:4f:4d:00:cf,74:ea:3a:a1:53:a6,,-85,1,2412,False,True
1778936223.001317,data,qos_null,aa:23:4f:4d:00:cf,74:ea:3a:a1:53:a6,74:ea:3a:a1:53:a6,aa:23:4f:4d:00:cf,74:ea:3a:a1:53:a6,,-86,1,2412,False,True
1778936223.0043173,data,qos_null,aa:23:4f:4d:00:cf,74:ea:3a:a1:53:a6,74:ea:3a:a1:53:a6,aa:23:4f:4d:00:cf,74:ea:3a:a1:53:a6,,-90,1,2412,False,True
1778936223.0050972,data,qos_null,aa:23:4f:4d:00:cf,74:ea:3a:a1:53:a6,74:ea:3a:a1:53:a6,aa:23:4f:4d:00:cf,74:ea:3a:a1:53:a6,,-87,1,2412,False,True
1778936223.00594,data,qos_null,aa:23:4f:4d:00:cf,74:ea:3a:a1:53:a6,74:ea:3a:a1:53:a6,aa:23:4f:4d:00:cf,74:ea:3a:a1:53:a6,,-87,1,2412,False,True
1778936223.0067248,data,qos_null,aa:23:4f:4d:00:cf,74:ea:3a:a1:53:a6,74:ea:3a:a1:53:a6,aa:23:4f:4d:00:cf,74:ea:3a:a1:53:a6,,-86,1,2412,False,True
1778936223.0083234,data,qos_null,aa:23:4f:4d:00:cf,74:ea:3a:a1:53:a6,74:ea:3a:a1:53:a6,aa:23:4f:4d:00:cf,74:ea:3a:a1:53:a6,,-89,1,2412,False,True
1778936223.0092802,data,qos_null,aa:23:4f:4d:00:cf,74:ea:3a:a1:53:a6,74:ea:3a:a1:53:a6,aa:23:4f:4d:00:cf,74:ea:3a:a1:53:a6,,-86,1,2412,False,True
1778936223.0100663,data,qos_null,aa:23:4f:4d:00:cf,74:ea:3a:a1:53:a6,74:ea:3a:a1:53:a6,aa:23:4f:4d:00:cf,74:ea:3a:a1:53:a6,,-89,1,2412,False,True
1778936223.011745,data,qos_null,aa:23:4f:4d:00:cf,74:ea:3a:a1:53:a6,74:ea:3a:a1:53:a6,aa:23:4f:4d:00:cf,74:ea:3a:a1:53:a6,,-88,1,2412,False,True
1778936223.0125244,data,qos_null,aa:23:4f:4d:00:cf,74:ea:3a:a1:53:a6,74:ea:3a:a1:53:a6,aa:23:4f:4d:00:cf,74:ea:3a:a1:53:a6,,-91,1,2412,False,True
1778936223.0570705,control,cts,,ce:d0:54:70:b1:b3,ce:d0:54:70:b1:b3,,,,-84,1,2412,False,False
1778936223.058823,control,ack,,ce:d0:54:70:b1:b3,ce:d0:54:70:b1:b3,,,,-87,1,2412,False,False
1778936223.0999284,data,qos_null,aa:23:4f:4d:00:cf,74:ea:3a:a1:53:a6,74:ea:3a:a1:53:a6,aa:23:4f:4d:00:cf,74:ea:3a:a1:53:a6,,-86,1,2412,False,False
1778936223.1007328,data,qos_null,aa:23:4f:4d:00:cf,74:ea:3a:a1:53:a6,74:ea:3a:a1:53:a6,aa:23:4f:4d:00:cf,74:ea:3a:a1:53:a6,,-85,1,2412,False,True
1778936223.1015518,data,qos_null,aa:23:4f:4d:00:cf,74:ea:3a:a1:53:a6,74:ea:3a:a1:53:a6,aa:23:4f:4d:00:cf,74:ea:3a:a1:53:a6,,-86,1,2412,False,True
1778936223.1023366,data,qos_null,aa:23:4f:4d:00:cf,74:ea:3a:a1:53:a6,74:ea:3a:a1:53:a6,aa:23:4f:4d:00:cf,74:ea:3a:a1:53:a6,,-86,1,2412,False,True
1778936223.1040392,data,qos_null,aa:23:4f:4d:00:cf,74:ea:3a:a1:53:a6,74:ea:3a:a1:53:a6,aa:23:4f:4d:00:cf,74:ea:3a:a1:53:a6,,-85,1,2412,False,True
1778936223.1048472,data,qos_null,aa:23:4f:4d:00:cf,74:ea:3a:a1:53:a6,74:ea:3a:a1:53:a6,aa:23:4f:4d:00:cf,74:ea:3a:a1:53:a6,,-85,1,2412,False,True
1778936223.1064677,data,qos_null,aa:23:4f:4d:00:cf,74:ea:3a:a1:53:a6,74:ea:3a:a1:53:a6,aa:23:4f:4d:00:cf,74:ea:3a:a1:53:a6,,-86,1,2412,False,True
1778936223.108079,data,qos_null,aa:23:4f:4d:00:cf,74:ea:3a:a1:53:a6,74:ea:3a:a1:53:a6,aa:23:4f:4d:00:cf,74:ea:3a:a1:53:a6,,-86,1,2412,False,True
1778936223.1089125,data,qos_null,aa:23:4f:4d:00:cf,74:ea:3a:a1:53:a6,74:ea:3a:a1:53:a6,aa:23:4f:4d:00:cf,74:ea:3a:a1:53:a6,,-87,1,2412,False,True
1778936223.10969,data,qos_null,aa:23:4f:4d:00:cf,74:ea:3a:a1:53:a6,74:ea:3a:a1:53:a6,aa:23:4f:4d:00:cf,74:ea:3a:a1:53:a6,,-87,1,2412,False,True
1778936223.1104963,data,qos_null,aa:23:4f:4d:00:cf,74:ea:3a:a1:53:a6,74:ea:3a:a1:53:a6,aa:23:4f:4d:00:cf,74:ea:3a:a1:53:a6,,-85,1,2412,False,True
1778936223.1112976,data,qos_null,aa:23:4f:4d:00:cf,74:ea:3a:a1:53:a6,74:ea:3a:a1:53:a6,aa:23:4f:4d:00:cf,74:ea:3a:a1:53:a6,,-87,1,2412,False,True
1778936223.1120002,control,cts,,aa:23:4f:4d:00:cf,aa:23:4f:4d:00:cf,,,,-86,1,2412,False,False
1778936223.1460588,management,beacon,ac:84:c6:41:71:22,ff:ff:ff:ff:ff:ff,ff:ff:ff:ff:ff:ff,ac:84:c6:41:71:22,ac:84:c6:41:71:22,TP-LINK_7122,-86,1,2412,False,False
1778936223.1584876,data,qos_null,aa:23:4f:4d:00:cf,74:ea:3a:a1:53:a6,74:ea:3a:a1:53:a6,aa:23:4f:4d:00:cf,74:ea:3a:a1:53:a6,,-86,1,2412,False,False
1778936223.1592073,control,cf_end,aa:23:4f:4d:00:cf,ff:ff:ff:ff:ff:ff,ff:ff:ff:ff:ff:ff,aa:23:4f:4d:00:cf,,,-89,1,2412,False,False
1778936223.1599874,data,qos_null,aa:23:4f:4d:00:cf,74:ea:3a:a1:53:a6,74:ea:3a:a1:53:a6,aa:23:4f:4d:00:cf,74:ea:3a:a1:53:a6,,-86,1,2412,False,True
1778936223.1607895,data,qos_null,aa:23:4f:4d:00:cf,74:ea:3a:a1:53:a6,74:ea:3a:a1:53:a6,aa:23:4f:4d:00:cf,74:ea:3a:a1:53:a6,,-86,1,2412,False,True
1778936223.1616135,data,qos_null,aa:23:4f:4d:00:cf,74:ea:3a:a1:53:a6,74:ea:3a:a1:53:a6,aa:23:4f:4d:00:cf,74:ea:3a:a1:53:a6,,-89,1,2412,False,True
1778936223.1621923,data,qos_null,aa:23:4f:4d:00:cf,74:ea:3a:a1:53:a6,74:ea:3a:a1:53:a6,aa:23:4f:4d:00:cf,74:ea:3a:a1:53:a6,,-88,1,2412,False,True
1778936223.163804,data,qos_null,aa:23:4f:4d:00:cf,74:ea:3a:a1:53:a6,74:ea:3a:a1:53:a6,aa:23:4f:4d:00:cf,74:ea:3a:a1:53:a6,,-86,1,2412,False,True
1778936223.1646395,data,qos_null,aa:23:4f:4d:00:cf,74:ea:3a:a1:53:a6,74:ea:3a:a1:53:a6,aa:23:4f:4d:00:cf,74:ea:3a:a1:53:a6,,-85,1,2412,False,True
1778936223.1654472,data,qos_null,aa:23:4f:4d:00:cf,74:ea:3a:a1:53:a6,74:ea:3a:a1:53:a6,aa:23:4f:4d:00:cf,74:ea:3a:a1:53:a6,,-87,1,2412,False,True
1778936223.1662858,data,qos_null,aa:23:4f:4d:00:cf,74:ea:3a:a1:53:a6,74:ea:3a:a1:53:a6,aa:23:4f:4d:00:cf,74:ea:3a:a1:53:a6,,-85,1,2412,False,True
1778936223.1681833,data,qos_null,aa:23:4f:4d:00:cf,74:ea:3a:a1:53:a6,74:ea:3a:a1:53:a6,aa:23:4f:4d:00:cf,74:ea:3a:a1:53:a6,,-84,1,2412,False,True
1778936223.169791,data,qos_null,aa:23:4f:4d:00:cf,74:ea:3a:a1:53:a6,74:ea:3a:a1:53:a6,aa:23:4f:4d:00:cf,74:ea:3a:a1:53:a6,,-87,1,2412,False,True
1778936223.1708992,data,qos_null,aa:23:4f:4d:00:cf,74:ea:3a:a1:53:a6,74:ea:3a:a1:53:a6,aa:23:4f:4d:00:cf,74:ea:3a:a1:53:a6,,-86,1,2412,False,True
1778936223.1717348,data,qos_null,aa:23:4f:4d:00:cf,74:ea:3a:a1:53:a6,74:ea:3a:a1:53:a6,aa:23:4f:4d:00:cf,74:ea:3a:a1:53:a6,,-86,1,2412,False,False
1778936223.1725266,data,qos_null,aa:23:4f:4d:00:cf,74:ea:3a:a1:53:a6,74:ea:3a:a1:53:a6,aa:23:4f:4d:00:cf,74:ea:3a:a1:53:a6,,-87,1,2412,False,True
1778936223.174204,data,qos_null,aa:23:4f:4d:00:cf,74:ea:3a:a1:53:a6,74:ea:3a:a1:53:a6,aa:23:4f:4d:00:cf,74:ea:3a:a1:53:a6,,-86,1,2412,False,True
1778936223.1761057,data,qos_null,aa:23:4f:4d:00:cf,74:ea:3a:a1:53:a6,74:ea:3a:a1:53:a6,aa:23:4f:4d:00:cf,74:ea:3a:a1:53:a6,,-89,1,2412,False,True
1778936223.17688,data,qos_null,aa:23:4f:4d:00:cf,74:ea:3a:a1:53:a6,74:ea:3a:a1:53:a6,aa:23:4f:4d:00:cf,74:ea:3a:a1:53:a6,,-87,1,2412,False,True
1778936223.177846,data,qos_null,aa:23:4f:4d:00:cf,74:ea:3a:a1:53:a6,74:ea:3a:a1:53:a6,aa:23:4f:4d:00:cf,74:ea:3a:a1:53:a6,,-86,1,2412,False,True
1778936223.1786647,data,qos_null,aa:23:4f:4d:00:cf,74:ea:3a:a1:53:a6,74:ea:3a:a1:53:a6,aa:23:4f:4d:00:cf,74:ea:3a:a1:53:a6,,-85,1,2412,False,True
1778936223.1802604,data,qos_null,aa:23:4f:4d:00:cf,74:ea:3a:a1:53:a6,74:ea:3a:a1:53:a6,aa:23:4f:4d:00:cf,74:ea:3a:a1:53:a6,,-85,1,2412,False,True
1778936223.1810527,data,qos_null,aa:23:4f:4d:00:cf,74:ea:3a:a1:53:a6,74:ea:3a:a1:53:a6,aa:23:4f:4d:00:cf,74:ea:3a:a1:53:a6,,-83,1,2412,False,True
1778936223.1818604,data,qos_null,aa:23:4f:4d:00:cf,74:ea:3a:a1:53:a6,74:ea:3a:a1:53:a6,aa:23:4f:4d:00:cf,74:ea:3a:a1:53:a6,,-87,1,2412,False,True
1778936223.182669,data,qos_null,aa:23:4f:4d:00:cf,74:ea:3a:a1:53:a6,74:ea:3a:a1:53:a6,aa:23:4f:4d:00:cf,74:ea:3a:a1:53:a6,,-89,1,2412,False,True
1778936223.1933627,management,beacon,d8:d7:75:45:81:24,ff:ff:ff:ff:ff:ff,ff:ff:ff:ff:ff:ff,d8:d7:75:45:81:24,d8:d7:75:45:81:24,FunBox2-8124,-54,1,2412,False,False
1778936223.2549686,data,qos_null,aa:23:4f:4d:00:cf,74:ea:3a:a1:53:a6,74:ea:3a:a1:53:a6,aa:23:4f:4d:00:cf,74:ea:3a:a1:53:a6,,-89,1,2412,False,False
1778936223.255757,data,qos_null,aa:23:4f:4d:00:cf,74:ea:3a:a1:53:a6,74:ea:3a:a1:53:a6,aa:23:4f:4d:00:cf,74:ea:3a:a1:53:a6,,-89,1,2412,False,True
1778936223.256556,data,qos_null,aa:23:4f:4d:00:cf,74:ea:3a:a1:53:a6,74:ea:3a:a1:53:a6,aa:23:4f:4d:00:cf,74:ea:3a:a1:53:a6,,-88,1,2412,False,True
1778936223.258139,data,qos_null,aa:23:4f:4d:00:cf,74:ea:3a:a1:53:a6,74:ea:3a:a1:53:a6,aa:23:4f:4d:00:cf,74:ea:3a:a1:53:a6,,-87,1,2412,False,True
1778936223.2589273,data,qos_null,aa:23:4f:4d:00:cf,74:ea:3a:a1:53:a6,74:ea:3a:a1:53:a6,aa:23:4f:4d:00:cf,74:ea:3a:a1:53:a6,,-86,1,2412,False,True
1778936223.2597485,data,qos_null,aa:23:4f:4d:00:cf,74:ea:3a:a1:53:a6,74:ea:3a:a1:53:a6,aa:23:4f:4d:00:cf,74:ea:3a:a1:53:a6,,-87,1,2412,False,True
1778936223.2605925,data,qos_null,aa:23:4f:4d:00:cf,74:ea:3a:a1:53:a6,74:ea:3a:a1:53:a6,aa:23:4f:4d:00:cf,74:ea:3a:a1:53:a6,,-86,1,2412,False,True
1778936223.2614202,data,qos_null,aa:23:4f:4d:00:cf,74:ea:3a:a1:53:a6,74:ea:3a:a1:53:a6,aa:23:4f:4d:00:cf,74:ea:3a:a1:53:a6,,-89,1,2412,False,True
1778936223.262223,data,qos_null,aa:23:4f:4d:00:cf,74:ea:3a:a1:53:a6,74:ea:3a:a1:53:a6,aa:23:4f:4d:00:cf,74:ea:3a:a1:53:a6,,-88,1,2412,False,True
1778936223.2638636,data,qos_null,aa:23:4f:4d:00:cf,74:ea:3a:a1:53:a6,74:ea:3a:a1:53:a6,aa:23:4f:4d:00:cf,74:ea:3a:a1:53:a6,,-89,1,2412,False,True
1778936223.2646692,data,qos_null,aa:23:4f:4d:00:cf,74:ea:3a:a1:53:a6,74:ea:3a:a1:53:a6,aa:23:4f:4d:00:cf,74:ea:3a:a1:53:a6,,-89,1,2412,False,True
1778936223.2654483,data,qos_null,aa:23:4f:4d:00:cf,74:ea:3a:a1:53:a6,74:ea:3a:a1:53:a6,aa:23:4f:4d:00:cf,74:ea:3a:a1:53:a6,,-89,1,2412,False,True
1778936223.266274,data,qos_null,aa:23:4f:4d:00:cf,74:ea:3a:a1:53:a6,74:ea:3a:a1:53:a6,aa:23:4f:4d:00:cf,74:ea:3a:a1:53:a6,,-87,1,2412,False,True
1778936223.2669358,control,cts,,aa:23:4f:4d:00:cf,aa:23:4f:4d:00:cf,,,,-88,1,2412,False,False
1778936223.2907484,data,qos_null,aa:23:4f:4d:00:cf,74:ea:3a:a1:53:a6,74:ea:3a:a1:53:a6,aa:23:4f:4d:00:cf,74:ea:3a:a1:53:a6,,-87,1,2412,False,False
1778936223.2914903,control,cf_end,aa:23:4f:4d:00:cf,ff:ff:ff:ff:ff:ff,ff:ff:ff:ff:ff:ff,aa:23:4f:4d:00:cf,,,-89,1,2412,False,False
1778936223.2919912,data,qos_null,aa:23:4f:4d:00:cf,74:ea:3a:a1:53:a6,74:ea:3a:a1:53:a6,aa:23:4f:4d:00:cf,74:ea:3a:a1:53:a6,,-89,1,2412,False,True
1778936223.2927964,data,qos_null,aa:23:4f:4d:00:cf,74:ea:3a:a1:53:a6,74:ea:3a:a1:53:a6,aa:23:4f:4d:00:cf,74:ea:3a:a1:53:a6,,-88,1,2412,False,True
1778936223.2958314,management,beacon,d8:d7:75:45:81:24,ff:ff:ff:ff:ff:ff,ff:ff:ff:ff:ff:ff,d8:d7:75:45:81:24,d8:d7:75:45:81:24,FunBox2-8124,-43,1,2412,False,False
1778936223.3507197,management,beacon,ac:84:c6:41:71:22,ff:ff:ff:ff:ff:ff,ff:ff:ff:ff:ff:ff,ac:84:c6:41:71:22,ac:84:c6:41:71:22,TP-LINK_7122,-86,1,2412,False,False
1778936223.4585352,data,qos_null,aa:23:4f:4d:00:cf,74:ea:3a:a1:53:a6,74:ea:3a:a1:53:a6,aa:23:4f:4d:00:cf,74:ea:3a:a1:53:a6,,-86,1,2412,False,False
1778936223.5005877,management,beacon,d8:d7:75:45:81:24,ff:ff:ff:ff:ff:ff,ff:ff:ff:ff:ff:ff,d8:d7:75:45:81:24,d8:d7:75:45:81:24,FunBox2-8124,-56,1,2412,False,False
1778936223.5027046,control,ack,,ce:d0:54:70:b1:b3,ce:d0:54:70:b1:b3,,,,-90,1,2412,False,False
1778936223.5989504,data,qos_null,aa:23:4f:4d:00:cf,74:ea:3a:a1:53:a6,74:ea:3a:a1:53:a6,aa:23:4f:4d:00:cf,74:ea:3a:a1:53:a6,,-87,1,2412,False,False
1778936223.6029642,management,beacon,d8:d7:75:45:81:24,ff:ff:ff:ff:ff:ff,ff:ff:ff:ff:ff:ff,d8:d7:75:45:81:24,d8:d7:75:45:81:24,FunBox2-8124,-43,1,2412,False,False
1778936223.6041484,control,ack,,50:02:91:e8:18:ec,50:02:91:e8:18:ec,,,,-46,1,2412,False,False
1778936223.7650018,control,ack,,50:02:91:e8:18:ec,50:02:91:e8:18:ec,,,,-53,1,2412,False,False
1778936223.7678332,data,qos_null,aa:23:4f:4d:00:cf,74:ea:3a:a1:53:a6,74:ea:3a:a1:53:a6,aa:23:4f:4d:00:cf,74:ea:3a:a1:53:a6,,-88,1,2412,False,False
1778936223.807781,management,beacon,d8:d7:75:45:81:24,ff:ff:ff:ff:ff:ff,ff:ff:ff:ff:ff:ff,d8:d7:75:45:81:24,d8:d7:75:45:81:24,FunBox2-8124,-42,1,2412,False,False
1778936223.8634055,data,qos_null,aa:23:4f:4d:00:cf,74:ea:3a:a1:53:a6,74:ea:3a:a1:53:a6,aa:23:4f:4d:00:cf,74:ea:3a:a1:53:a6,,-88,1,2412,False,False
1778936223.8640244,data,qos_null,aa:23:4f:4d:00:cf,74:ea:3a:a1:53:a6,74:ea:3a:a1:53:a6,aa:23:4f:4d:00:cf,74:ea:3a:a1:53:a6,,-92,1,2412,False,True
1778936223.9101589,management,beacon,d8:d7:75:45:81:24,ff:ff:ff:ff:ff:ff,ff:ff:ff:ff:ff:ff,d8:d7:75:45:81:24,d8:d7:75:45:81:24,FunBox2-8124,-51,1,2412,False,False
1778936224.012617,management,beacon,d8:d7:75:45:81:24,ff:ff:ff:ff:ff:ff,ff:ff:ff:ff:ff:ff,d8:d7:75:45:81:24,d8:d7:75:45:81:24,FunBox2-8124,-54,1,2412,False,False
1778936224.0215976,data,qos_null,aa:23:4f:4d:00:cf,74:ea:3a:a1:53:a6,74:ea:3a:a1:53:a6,aa:23:4f:4d:00:cf,74:ea:3a:a1:53:a6,,-90,1,2412,False,False
1778936224.0774863,data,qos_null,aa:23:4f:4d:00:cf,74:ea:3a:a1:53:a6,74:ea:3a:a1:53:a6,aa:23:4f:4d:00:cf,74:ea:3a:a1:53:a6,,-86,1,2412,False,False
1778936224.114962,management,beacon,d8:d7:75:45:81:24,ff:ff:ff:ff:ff:ff,ff:ff:ff:ff:ff:ff,d8:d7:75:45:81:24,d8:d7:75:45:81:24,FunBox2-8124,-55,1,2412,False,False
1778936224.2173676,management,beacon,d8:d7:75:45:81:24,ff:ff:ff:ff:ff:ff,ff:ff:ff:ff:ff:ff,d8:d7:75:45:81:24,d8:d7:75:45:81:24,FunBox2-8124,-54,1,2412,False,False
1778936224.3207414,control,ack,,ce:d0:54:70:b1:b3,ce:d0:54:70:b1:b3,,,,-86,1,2412,False,False
1778936224.3893938,data,qos_null,aa:23:4f:4d:00:cf,74:ea:3a:a1:53:a6,74:ea:3a:a1:53:a6,aa:23:4f:4d:00:cf,74:ea:3a:a1:53:a6,,-86,1,2412,False,False
1778936224.4222312,management,beacon,d8:d7:75:45:81:24,ff:ff:ff:ff:ff:ff,ff:ff:ff:ff:ff:ff,d8:d7:75:45:81:24,d8:d7:75:45:81:24,FunBox2-8124,-50,1,2412,False,False
1778936224.5245779,management,beacon,d8:d7:75:45:81:24,ff:ff:ff:ff:ff:ff,ff:ff:ff:ff:ff:ff,d8:d7:75:45:81:24,d8:d7:75:45:81:24,FunBox2-8124,-51,1,2412,False,False
1778936224.5916257,control,cts,,ce:d0:54:70:b1:b3,ce:d0:54:70:b1:b3,,,,-92,1,2412,False,False
1778936224.6359293,control,cts,,aa:23:4f:4d:00:cf,aa:23:4f:4d:00:cf,,,,-86,1,2412,False,False
1778936224.6811213,management,beacon,ac:84:c6:41:71:22,ff:ff:ff:ff:ff:ff,ff:ff:ff:ff:ff:ff,ac:84:c6:41:71:22,ac:84:c6:41:71:22,TP-LINK_7122,-85,1,2412,False,False
1778936224.7293885,management,beacon,d8:d7:75:45:81:24,ff:ff:ff:ff:ff:ff,ff:ff:ff:ff:ff:ff,d8:d7:75:45:81:24,d8:d7:75:45:81:24,FunBox2-8124,-40,1,2412,False,False
1778936224.7834563,management,beacon,ac:84:c6:41:71:22,ff:ff:ff:ff:ff:ff,ff:ff:ff:ff:ff:ff,ac:84:c6:41:71:22,ac:84:c6:41:71:22,TP-LINK_7122,-86,1,2412,False,False
1778936224.8318322,management,beacon,d8:d7:75:45:81:24,ff:ff:ff:ff:ff:ff,ff:ff:ff:ff:ff:ff,d8:d7:75:45:81:24,d8:d7:75:45:81:24,FunBox2-8124,-53,1,2412,False,False
1778936225.0366366,management,beacon,d8:d7:75:45:81:24,ff:ff:ff:ff:ff:ff,ff:ff:ff:ff:ff:ff,d8:d7:75:45:81:24,d8:d7:75:45:81:24,FunBox2-8124,-56,1,2412,False,False
1778936225.1390376,management,beacon,d8:d7:75:45:81:24,ff:ff:ff:ff:ff:ff,ff:ff:ff:ff:ff:ff,d8:d7:75:45:81:24,d8:d7:75:45:81:24,FunBox2-8124,-55,1,2412,False,False
1778936225.1402109,control,ack,,50:02:91:e8:18:ec,50:02:91:e8:18:ec,,,,-54,1,2412,False,False
1778936225.1928093,management,beacon,ac:84:c6:41:71:22,ff:ff:ff:ff:ff:ff,ff:ff:ff:ff:ff:ff,ac:84:c6:41:71:22,ac:84:c6:41:71:22,TP-LINK_7122,-86,1,2412,False,False
1778936225.301679,data,null_data,50:02:91:e8:18:ec,d8:d7:75:45:81:24,d8:d7:75:45:81:24,50:02:91:e8:18:ec,d8:d7:75:45:81:24,,-82,1,2412,False,False
1778936225.301697,control,ack,,50:02:91:e8:18:ec,50:02:91:e8:18:ec,,,,-54,1,2412,False,False
1778936225.3438108,management,beacon,d8:d7:75:45:81:24,ff:ff:ff:ff:ff:ff,ff:ff:ff:ff:ff:ff,d8:d7:75:45:81:24,d8:d7:75:45:81:24,FunBox2-8124,-43,1,2412,False,False
1778936225.5486178,management,beacon,d8:d7:75:45:81:24,ff:ff:ff:ff:ff:ff,ff:ff:ff:ff:ff:ff,d8:d7:75:45:81:24,d8:d7:75:45:81:24,FunBox2-8124,-52,1,2412,False,False
1778936225.6510344,management,beacon,d8:d7:75:45:81:24,ff:ff:ff:ff:ff:ff,ff:ff:ff:ff:ff:ff,d8:d7:75:45:81:24,d8:d7:75:45:81:24,FunBox2-8124,-43,1,2412,False,False
1778936225.7534506,management,beacon,d8:d7:75:45:81:24,ff:ff:ff:ff:ff:ff,ff:ff:ff:ff:ff:ff,d8:d7:75:45:81:24,d8:d7:75:45:81:24,FunBox2-8124,-42,1,2412,False,False
1778936225.8563757,management,beacon,d8:d7:75:45:81:24,ff:ff:ff:ff:ff:ff,ff:ff:ff:ff:ff:ff,d8:d7:75:45:81:24,d8:d7:75:45:81:24,FunBox2-8124,-55,1,2412,False,False
1778936225.8642535,control,cts,,ce:d0:54:70:b1:b3,ce:d0:54:70:b1:b3,,,,-85,1,2412,False,False
1778936225.8720791,control,cts,,ce:d0:54:70:b1:b3,ce:d0:54:70:b1:b3,,,,-90,1,2412,False,False
1778936225.9524353,control,cts,,ce:d0:54:70:b1:b3,ce:d0:54:70:b1:b3,,,,-89,1,2412,False,False
1778936226.0606515,management,beacon,d8:d7:75:45:81:24,ff:ff:ff:ff:ff:ff,ff:ff:ff:ff:ff:ff,d8:d7:75:45:81:24,d8:d7:75:45:81:24,FunBox2-8124,-41,1,2412,False,False
1778936226.163095,management,beacon,d8:d7:75:45:81:24,ff:ff:ff:ff:ff:ff,ff:ff:ff:ff:ff:ff,d8:d7:75:45:81:24,d8:d7:75:45:81:24,FunBox2-8124,-42,1,2412,False,False
1778936226.1642642,data,null_data,50:02:91:e8:18:ec,d8:d7:75:45:81:24,d8:d7:75:45:81:24,50:02:91:e8:18:ec,d8:d7:75:45:81:24,,-83,1,2412,False,False
1778936226.164266,control,ack,,50:02:91:e8:18:ec,50:02:91:e8:18:ec,,,,-45,1,2412,False,False
1778936226.165164,control,ack,,d8:d7:75:45:81:24,d8:d7:75:45:81:24,,,,-72,1,2412,False,False
1778936226.1654582,management,action,50:02:91:e8:18:ec,d8:d7:75:45:81:24,d8:d7:75:45:81:24,50:02:91:e8:18:ec,d8:d7:75:45:81:24,,-85,1,2412,False,False
1778936226.1654596,control,ack,,50:02:91:e8:18:ec,50:02:91:e8:18:ec,,,,-45,1,2412,False,False
1778936226.2654815,management,beacon,d8:d7:75:45:81:24,ff:ff:ff:ff:ff:ff,ff:ff:ff:ff:ff:ff,d8:d7:75:45:81:24,d8:d7:75:45:81:24,FunBox2-8124,-55,1,2412,False,False
1778936226.326189,data,null_data,50:02:91:e8:18:ec,d8:d7:75:45:81:24,d8:d7:75:45:81:24,50:02:91:e8:18:ec,d8:d7:75:45:81:24,,-82,1,2412,False,False
1778936226.3263612,data,null_data,50:02:91:e8:18:ec,d8:d7:75:45:81:24,d8:d7:75:45:81:24,50:02:91:e8:18:ec,d8:d7:75:45:81:24,,-83,1,2412,False,True
1778936226.326732,data,null_data,50:02:91:e8:18:ec,d8:d7:75:45:81:24,d8:d7:75:45:81:24,50:02:91:e8:18:ec,d8:d7:75:45:81:24,,-87,1,2412,False,True
1778936226.3270562,data,null_data,50:02:91:e8:18:ec,d8:d7:75:45:81:24,d8:d7:75:45:81:24,50:02:91:e8:18:ec,d8:d7:75:45:81:24,,-84,1,2412,False,True
1778936226.3276167,data,null_data,50:02:91:e8:18:ec,d8:d7:75:45:81:24,d8:d7:75:45:81:24,50:02:91:e8:18:ec,d8:d7:75:45:81:24,,-83,1,2412,False,True
1778936226.3279312,control,ack,,50:02:91:e8:18:ec,50:02:91:e8:18:ec,,,,-56,1,2412,False,False
1778936226.3678613,management,beacon,d8:d7:75:45:81:24,ff:ff:ff:ff:ff:ff,ff:ff:ff:ff:ff:ff,d8:d7:75:45:81:24,d8:d7:75:45:81:24,FunBox2-8124,-45,1,2412,False,False
1778936226.3692756,data,data,d8:d7:75:45:81:24,33:33:00:00:00:16,33:33:00:00:00:16,d8:d7:75:45:81:24,8a:f4:af:eb:f3:fb,,-43,1,2412,True,False
1778936226.3697622,control,ack,,d8:d7:75:45:81:24,d8:d7:75:45:81:24,,,,-85,1,2412,False,False
1778936226.3697655,data,null_data,50:02:91:e8:18:ec,d8:d7:75:45:81:24,d8:d7:75:45:81:24,50:02:91:e8:18:ec,d8:d7:75:45:81:24,,-82,1,2412,False,False
1778936226.369767,control,ack,,50:02:91:e8:18:ec,50:02:91:e8:18:ec,,,,-44,1,2412,False,False
1778936226.3712778,data,data,d8:d7:75:45:81:24,01:00:5e:00:00:fb,01:00:5e:00:00:fb,d8:d7:75:45:81:24,8a:f4:af:eb:f3:fb,,-42,1,2412,True,False
1778936226.3715816,control,ack,,d8:d7:75:45:81:24,d8:d7:75:45:81:24,,,,-82,1,2412,False,False
1778936226.3734794,data,data,d8:d7:75:45:81:24,33:33:00:00:00:fb,33:33:00:00:00:fb,d8:d7:75:45:81:24,8a:f4:af:eb:f3:fb,,-43,1,2412,True,False
1778936226.3737588,control,ack,,d8:d7:75:45:81:24,d8:d7:75:45:81:24,,,,-84,1,2412,False,False
1778936226.3752859,data,data,d8:d7:75:45:81:24,33:33:ff:bf:93:ae,33:33:ff:bf:93:ae,d8:d7:75:45:81:24,d8:d7:75:45:81:24,,-42,1,2412,True,False
1778936226.3755906,control,ack,,d8:d7:75:45:81:24,d8:d7:75:45:81:24,,,,-83,1,2412,False,False
1778936226.3769157,data,data,d8:d7:75:45:81:24,33:33:00:00:00:01,33:33:00:00:00:01,d8:d7:75:45:81:24,d8:d7:75:45:81:24,,-41,1,2412,True,False
1778936226.3772185,control,ack,,d8:d7:75:45:81:24,d8:d7:75:45:81:24,,,,-85,1,2412,False,False
1778936226.5376914,data,null_data,50:02:91:e8:18:ec,d8:d7:75:45:81:24,d8:d7:75:45:81:24,50:02:91:e8:18:ec,d8:d7:75:45:81:24,,-82,1,2412,False,False
1778936226.5377016,control,ack,,50:02:91:e8:18:ec,50:02:91:e8:18:ec,,,,-56,1,2412,False,False
1778936226.5727122,management,beacon,d8:d7:75:45:81:24,ff:ff:ff:ff:ff:ff,ff:ff:ff:ff:ff:ff,d8:d7:75:45:81:24,d8:d7:75:45:81:24,FunBox2-8124,-45,1,2412,False,False
1778936226.6750507,management,beacon,d8:d7:75:45:81:24,ff:ff:ff:ff:ff:ff,ff:ff:ff:ff:ff:ff,d8:d7:75:45:81:24,d8:d7:75:45:81:24,FunBox2-8124,-42,1,2412,False,False
1778936226.879875,management,beacon,d8:d7:75:45:81:24,ff:ff:ff:ff:ff:ff,ff:ff:ff:ff:ff:ff,d8:d7:75:45:81:24,d8:d7:75:45:81:24,FunBox2-8124,-41,1,2412,False,False
1778936227.084704,management,beacon,d8:d7:75:45:81:24,ff:ff:ff:ff:ff:ff,ff:ff:ff:ff:ff:ff,d8:d7:75:45:81:24,d8:d7:75:45:81:24,FunBox2-8124,-55,1,2412,False,False
1778936227.1871173,management,beacon,d8:d7:75:45:81:24,ff:ff:ff:ff:ff:ff,ff:ff:ff:ff:ff:ff,d8:d7:75:45:81:24,d8:d7:75:45:81:24,FunBox2-8124,-56,1,2412,False,False
1778936227.289535,management,beacon,d8:d7:75:45:81:24,ff:ff:ff:ff:ff:ff,ff:ff:ff:ff:ff:ff,d8:d7:75:45:81:24,d8:d7:75:45:81:24,FunBox2-8124,-42,1,2412,False,False
1778936227.2914505,data,null_data,50:02:91:e8:18:ec,d8:d7:75:45:81:24,d8:d7:75:45:81:24,50:02:91:e8:18:ec,d8:d7:75:45:81:24,,-82,1,2412,False,False
1778936227.291455,control,ack,,50:02:91:e8:18:ec,50:02:91:e8:18:ec,,,,-44,1,2412,False,False
1778936227.2931678,data,data,d8:d7:75:45:81:24,33:33:00:00:00:fb,33:33:00:00:00:fb,d8:d7:75:45:81:24,8a:f4:af:eb:f3:fb,,-42,1,2412,True,False
1778936227.2934787,control,ack,,d8:d7:75:45:81:24,d8:d7:75:45:81:24,,,,-83,1,2412,False,False
1778936227.447734,data,data,d8:d7:75:45:81:24,33:33:00:00:00:16,33:33:00:00:00:16,d8:d7:75:45:81:24,8a:f4:af:eb:f3:fb,,-54,1,2412,True,False
1778936227.4480374,control,ack,,d8:d7:75:45:81:24,d8:d7:75:45:81:24,,,,-85,1,2412,False,False
1778936227.4673843,data,data,d8:d7:75:45:81:24,ff:ff:ff:ff:ff:ff,ff:ff:ff:ff:ff:ff,d8:d7:75:45:81:24,d8:d7:75:45:81:24,,-53,1,2412,True,False
1778936227.4676878,control,ack,,d8:d7:75:45:81:24,d8:d7:75:45:81:24,,,,-85,1,2412,False,False
1778936227.468852,data,data,d8:d7:75:45:81:24,ff:ff:ff:ff:ff:ff,ff:ff:ff:ff:ff:ff,d8:d7:75:45:81:24,d8:d7:75:45:81:24,,-44,1,2412,True,False
1778936227.4691684,control,ack,,d8:d7:75:45:81:24,d8:d7:75:45:81:24,,,,-84,1,2412,False,False
1778936227.4951012,management,beacon,d8:d7:75:45:81:24,ff:ff:ff:ff:ff:ff,ff:ff:ff:ff:ff:ff,d8:d7:75:45:81:24,d8:d7:75:45:81:24,FunBox2-8124,-44,1,2412,False,False
1778936227.596701,management,beacon,d8:d7:75:45:81:24,ff:ff:ff:ff:ff:ff,ff:ff:ff:ff:ff:ff,d8:d7:75:45:81:24,d8:d7:75:45:81:24,FunBox2-8124,-50,1,2412,False,False
1778936227.6298378,data,null_data,50:02:91:e8:18:ec,d8:d7:75:45:81:24,d8:d7:75:45:81:24,50:02:91:e8:18:ec,d8:d7:75:45:81:24,,-84,1,2412,False,False
1778936227.6298451,control,ack,,50:02:91:e8:18:ec,50:02:91:e8:18:ec,,,,-51,1,2412,False,False
1778936227.629846,data,null_data,50:02:91:e8:18:ec,d8:d7:75:45:81:24,d8:d7:75:45:81:24,50:02:91:e8:18:ec,d8:d7:75:45:81:24,,-83,1,2412,False,True
1778936227.629847,control,ack,,50:02:91:e8:18:ec,50:02:91:e8:18:ec,,,,-49,1,2412,False,False
1778936227.8015542,management,beacon,d8:d7:75:45:81:24,ff:ff:ff:ff:ff:ff,ff:ff:ff:ff:ff:ff,d8:d7:75:45:81:24,d8:d7:75:45:81:24,FunBox2-8124,-57,1,2412,False,False
1778936227.9039552,management,beacon,d8:d7:75:45:81:24,ff:ff:ff:ff:ff:ff,ff:ff:ff:ff:ff:ff,d8:d7:75:45:81:24,d8:d7:75:45:81:24,FunBox2-8124,-53,1,2412,False,False
1778936228.1087666,management,beacon,d8:d7:75:45:81:24,ff:ff:ff:ff:ff:ff,ff:ff:ff:ff:ff:ff,d8:d7:75:45:81:24,d8:d7:75:45:81:24,FunBox2-8124,-49,1,2412,False,False
1778936228.211951,management,beacon,d8:d7:75:45:81:24,ff:ff:ff:ff:ff:ff,ff:ff:ff:ff:ff:ff,d8:d7:75:45:81:24,d8:d7:75:45:81:24,FunBox2-8124,-48,1,2412,False,False
1778936228.416789,management,beacon,d8:d7:75:45:81:24,ff:ff:ff:ff:ff:ff,ff:ff:ff:ff:ff:ff,d8:d7:75:45:81:24,d8:d7:75:45:81:24,FunBox2-8124,-48,1,2412,False,False
1778936228.549465,data,qos_null,aa:23:4f:4d:00:cf,74:ea:3a:a1:53:a6,74:ea:3a:a1:53:a6,aa:23:4f:4d:00:cf,74:ea:3a:a1:53:a6,,-86,1,2412,False,False
1778936228.55469,data,qos_null,aa:23:4f:4d:00:cf,74:ea:3a:a1:53:a6,74:ea:3a:a1:53:a6,aa:23:4f:4d:00:cf,74:ea:3a:a1:53:a6,,-85,1,2412,False,False
1778936228.6208217,management,beacon,d8:d7:75:45:81:24,ff:ff:ff:ff:ff:ff,ff:ff:ff:ff:ff:ff,d8:d7:75:45:81:24,d8:d7:75:45:81:24,FunBox2-8124,-44,1,2412,False,False
1778936228.723144,management,beacon,d8:d7:75:45:81:24,ff:ff:ff:ff:ff:ff,ff:ff:ff:ff:ff:ff,d8:d7:75:45:81:24,d8:d7:75:45:81:24,FunBox2-8124,-48,1,2412,False,False
1778936228.8113904,data,qos_null,aa:23:4f:4d:00:cf,74:ea:3a:a1:53:a6,74:ea:3a:a1:53:a6,aa:23:4f:4d:00:cf,74:ea:3a:a1:53:a6,,-86,1,2412,False,False
1778936228.8129084,data,qos_null,aa:23:4f:4d:00:cf,74:ea:3a:a1:53:a6,74:ea:3a:a1:53:a6,aa:23:4f:4d:00:cf,74:ea:3a:a1:53:a6,,-86,1,2412,False,False
1778936228.8264148,management,beacon,d8:d7:75:45:81:24,ff:ff:ff:ff:ff:ff,ff:ff:ff:ff:ff:ff,d8:d7:75:45:81:24,d8:d7:75:45:81:24,FunBox2-8124,-49,1,2412,False,False
1778936228.988448,data,null_data,50:02:91:e8:18:ec,d8:d7:75:45:81:24,d8:d7:75:45:81:24,50:02:91:e8:18:ec,d8:d7:75:45:81:24,,-82,1,2412,False,False
1778936228.9884627,control,ack,,50:02:91:e8:18:ec,50:02:91:e8:18:ec,,,,-47,1,2412,False,False
1778936228.988627,control,ack,,50:02:91:e8:18:ec,50:02:91:e8:18:ec,,,,-50,1,2412,False,False
1778936229.0303996,management,beacon,d8:d7:75:45:81:24,ff:ff:ff:ff:ff:ff,ff:ff:ff:ff:ff:ff,d8:d7:75:45:81:24,d8:d7:75:45:81:24,FunBox2-8124,-47,1,2412,False,False
1778936229.0696106,data,qos_null,aa:23:4f:4d:00:cf,74:ea:3a:a1:53:a6,74:ea:3a:a1:53:a6,aa:23:4f:4d:00:cf,74:ea:3a:a1:53:a6,,-90,1,2412,False,False
1778936229.073337,data,qos_null,aa:23:4f:4d:00:cf,74:ea:3a:a1:53:a6,74:ea:3a:a1:53:a6,aa:23:4f:4d:00:cf,74:ea:3a:a1:53:a6,,-89,1,2412,False,False
1778936229.1327543,management,beacon,d8:d7:75:45:81:24,ff:ff:ff:ff:ff:ff,ff:ff:ff:ff:ff:ff,d8:d7:75:45:81:24,d8:d7:75:45:81:24,FunBox2-8124,-48,1,2412,False,False
1778936229.235205,management,beacon,d8:d7:75:45:81:24,ff:ff:ff:ff:ff:ff,ff:ff:ff:ff:ff:ff,d8:d7:75:45:81:24,d8:d7:75:45:81:24,FunBox2-8124,-54,1,2412,False,False
1778936229.3301332,data,qos_null,aa:23:4f:4d:00:cf,74:ea:3a:a1:53:a6,74:ea:3a:a1:53:a6,aa:23:4f:4d:00:cf,74:ea:3a:a1:53:a6,,-88,1,2412,False,False
1778936229.3325412,data,qos_null,aa:23:4f:4d:00:cf,74:ea:3a:a1:53:a6,74:ea:3a:a1:53:a6,aa:23:4f:4d:00:cf,74:ea:3a:a1:53:a6,,-85,1,2412,False,False
1778936229.3376064,management,beacon,d8:d7:75:45:81:24,ff:ff:ff:ff:ff:ff,ff:ff:ff:ff:ff:ff,d8:d7:75:45:81:24,d8:d7:75:45:81:24,FunBox2-8124,-46,1,2412,False,False
1778936229.4399624,management,beacon,d8:d7:75:45:81:24,ff:ff:ff:ff:ff:ff,ff:ff:ff:ff:ff:ff,d8:d7:75:45:81:24,d8:d7:75:45:81:24,FunBox2-8124,-51,1,2412,False,False
1778936229.5423927,management,beacon,d8:d7:75:45:81:24,ff:ff:ff:ff:ff:ff,ff:ff:ff:ff:ff:ff,d8:d7:75:45:81:24,d8:d7:75:45:81:24,FunBox2-8124,-45,1,2412,False,False
1778936229.6456177,management,beacon,d8:d7:75:45:81:24,ff:ff:ff:ff:ff:ff,ff:ff:ff:ff:ff:ff,d8:d7:75:45:81:24,d8:d7:75:45:81:24,FunBox2-8124,-47,1,2412,False,False
1778936229.7471673,management,beacon,d8:d7:75:45:81:24,ff:ff:ff:ff:ff:ff,ff:ff:ff:ff:ff:ff,d8:d7:75:45:81:24,d8:d7:75:45:81:24,FunBox2-8124,-49,1,2412,False,False
1778936229.8495722,management,beacon,d8:d7:75:45:81:24,ff:ff:ff:ff:ff:ff,ff:ff:ff:ff:ff:ff,d8:d7:75:45:81:24,d8:d7:75:45:81:24,FunBox2-8124,-45,1,2412,False,False
1778936229.9520197,management,beacon,d8:d7:75:45:81:24,ff:ff:ff:ff:ff:ff,ff:ff:ff:ff:ff:ff,d8:d7:75:45:81:24,d8:d7:75:45:81:24,FunBox2-8124,-49,1,2412,False,False
1778936230.0544143,management,beacon,d8:d7:75:45:81:24,ff:ff:ff:ff:ff:ff,ff:ff:ff:ff:ff:ff,d8:d7:75:45:81:24,d8:d7:75:45:81:24,FunBox2-8124,-47,1,2412,False,False
1778936230.1249166,data,qos_null,aa:23:4f:4d:00:cf,74:ea:3a:a1:53:a6,74:ea:3a:a1:53:a6,aa:23:4f:4d:00:cf,74:ea:3a:a1:53:a6,,-85,1,2412,False,False
1778936230.156821,management,beacon,d8:d7:75:45:81:24,ff:ff:ff:ff:ff:ff,ff:ff:ff:ff:ff:ff,d8:d7:75:45:81:24,d8:d7:75:45:81:24,FunBox2-8124,-46,1,2412,False,False
1778936230.2591805,management,beacon,d8:d7:75:45:81:24,ff:ff:ff:ff:ff:ff,ff:ff:ff:ff:ff:ff,d8:d7:75:45:81:24,d8:d7:75:45:81:24,FunBox2-8124,-47,1,2412,False,False
1778936230.361628,management,beacon,d8:d7:75:45:81:24,ff:ff:ff:ff:ff:ff,ff:ff:ff:ff:ff:ff,d8:d7:75:45:81:24,d8:d7:75:45:81:24,FunBox2-8124,-47,1,2412,False,False
1778936230.3631184,data,data,d8:d7:75:45:81:24,01:00:5e:00:00:fb,01:00:5e:00:00:fb,d8:d7:75:45:81:24,8a:f4:af:eb:f3:fb,,-46,1,2412,True,False
1778936230.3634338,control,ack,,d8:d7:75:45:81:24,d8:d7:75:45:81:24,,,,-83,1,2412,False,False
1778936230.3653555,control,ack,,d8:d7:75:45:81:24,d8:d7:75:45:81:24,,,,-84,1,2412,False,False
1778936230.4639883,management,beacon,d8:d7:75:45:81:24,ff:ff:ff:ff:ff:ff,ff:ff:ff:ff:ff:ff,d8:d7:75:45:81:24,d8:d7:75:45:81:24,FunBox2-8124,-45,1,2412,False,False
1778936230.4651546,data,null_data,50:02:91:e8:18:ec,d8:d7:75:45:81:24,d8:d7:75:45:81:24,50:02:91:e8:18:ec,d8:d7:75:45:81:24,,-83,1,2412,False,False
1778936230.46516,control,ack,,50:02:91:e8:18:ec,50:02:91:e8:18:ec,,,,-48,1,2412,False,False
1778936230.5664208,management,beacon,d8:d7:75:45:81:24,ff:ff:ff:ff:ff:ff,ff:ff:ff:ff:ff:ff,d8:d7:75:45:81:24,d8:d7:75:45:81:24,FunBox2-8124,-44,1,2412,False,False
1778936230.6259918,control,ack,,50:02:91:e8:18:ec,50:02:91:e8:18:ec,,,,-45,1,2412,False,False
1778936230.6688418,management,beacon,d8:d7:75:45:81:24,ff:ff:ff:ff:ff:ff,ff:ff:ff:ff:ff:ff,d8:d7:75:45:81:24,d8:d7:75:45:81:24,FunBox2-8124,-44,1,2412,False,False
1778936230.7712388,management,beacon,d8:d7:75:45:81:24,ff:ff:ff:ff:ff:ff,ff:ff:ff:ff:ff:ff,d8:d7:75:45:81:24,d8:d7:75:45:81:24,FunBox2-8124,-45,1,2412,False,False
1778936230.9760194,management,beacon,d8:d7:75:45:81:24,ff:ff:ff:ff:ff:ff,ff:ff:ff:ff:ff:ff,d8:d7:75:45:81:24,d8:d7:75:45:81:24,FunBox2-8124,-45,1,2412,False,False
1778936231.0784492,management,beacon,d8:d7:75:45:81:24,ff:ff:ff:ff:ff:ff,ff:ff:ff:ff:ff:ff,d8:d7:75:45:81:24,d8:d7:75:45:81:24,FunBox2-8124,-45,1,2412,False,False
1778936231.1808267,management,beacon,d8:d7:75:45:81:24,ff:ff:ff:ff:ff:ff,ff:ff:ff:ff:ff:ff,d8:d7:75:45:81:24,d8:d7:75:45:81:24,FunBox2-8124,-45,1,2412,False,False
1778936231.2832642,management,beacon,d8:d7:75:45:81:24,ff:ff:ff:ff:ff:ff,ff:ff:ff:ff:ff:ff,d8:d7:75:45:81:24,d8:d7:75:45:81:24,FunBox2-8124,-45,1,2412,False,False
1778936231.4880645,management,beacon,d8:d7:75:45:81:24,ff:ff:ff:ff:ff:ff,ff:ff:ff:ff:ff:ff,d8:d7:75:45:81:24,d8:d7:75:45:81:24,FunBox2-8124,-45,1,2412,False,False
1778936231.5904596,management,beacon,d8:d7:75:45:81:24,ff:ff:ff:ff:ff:ff,ff:ff:ff:ff:ff:ff,d8:d7:75:45:81:24,d8:d7:75:45:81:24,FunBox2-8124,-45,1,2412,False,False
1778936231.6928926,management,beacon,d8:d7:75:45:81:24,ff:ff:ff:ff:ff:ff,ff:ff:ff:ff:ff:ff,d8:d7:75:45:81:24,d8:d7:75:45:81:24,FunBox2-8124,-46,1,2412,False,False
1778936231.7953002,management,beacon,d8:d7:75:45:81:24,ff:ff:ff:ff:ff:ff,ff:ff:ff:ff:ff:ff,d8:d7:75:45:81:24,d8:d7:75:45:81:24,FunBox2-8124,-44,1,2412,False,False
1778936231.8988318,data,null_data,50:02:91:e8:18:ec,d8:d7:75:45:81:24,d8:d7:75:45:81:24,50:02:91:e8:18:ec,d8:d7:75:45:81:24,,-83,1,2412,False,False
1778936231.8988411,control,ack,,50:02:91:e8:18:ec,50:02:91:e8:18:ec,,,,-45,1,2412,False,False
1778936232.0009449,management,beacon,d8:d7:75:45:81:24,ff:ff:ff:ff:ff:ff,ff:ff:ff:ff:ff:ff,d8:d7:75:45:81:24,d8:d7:75:45:81:24,FunBox2-8124,-44,1,2412,False,False
1778936232.059692,data,null_data,50:02:91:e8:18:ec,d8:d7:75:45:81:24,d8:d7:75:45:81:24,50:02:91:e8:18:ec,d8:d7:75:45:81:24,,-82,1,2412,False,False
1778936232.0597095,control,ack,,50:02:91:e8:18:ec,50:02:91:e8:18:ec,,,,-45,1,2412,False,False
1778936232.0603783,data,null_data,50:02:91:e8:18:ec,d8:d7:75:45:81:24,d8:d7:75:45:81:24,50:02:91:e8:18:ec,d8:d7:75:45:81:24,,-81,1,2412,False,True
1778936232.0603805,control,ack,,50:02:91:e8:18:ec,50:02:91:e8:18:ec,,,,-43,1,2412,False,False
1778936232.1024735,management,beacon,d8:d7:75:45:81:24,ff:ff:ff:ff:ff:ff,ff:ff:ff:ff:ff:ff,d8:d7:75:45:81:24,d8:d7:75:45:81:24,FunBox2-8124,-42,1,2412,False,False
1778936232.2048538,management,beacon,d8:d7:75:45:81:24,ff:ff:ff:ff:ff:ff,ff:ff:ff:ff:ff:ff,d8:d7:75:45:81:24,d8:d7:75:45:81:24,FunBox2-8124,-43,1,2412,False,False
1778936232.3072946,management,beacon,d8:d7:75:45:81:24,ff:ff:ff:ff:ff:ff,ff:ff:ff:ff:ff:ff,d8:d7:75:45:81:24,d8:d7:75:45:81:24,FunBox2-8124,-46,1,2412,False,False
1778936232.5120893,management,beacon,d8:d7:75:45:81:24,ff:ff:ff:ff:ff:ff,ff:ff:ff:ff:ff:ff,d8:d7:75:45:81:24,d8:d7:75:45:81:24,FunBox2-8124,-44,1,2412,False,False
1778936232.6243505,management,beacon,d8:d7:75:45:81:24,ff:ff:ff:ff:ff:ff,ff:ff:ff:ff:ff:ff,d8:d7:75:45:81:24,d8:d7:75:45:81:24,FunBox2-8124,-43,1,2412,False,False
1778936232.7174509,management,beacon,d8:d7:75:45:81:24,ff:ff:ff:ff:ff:ff,ff:ff:ff:ff:ff:ff,d8:d7:75:45:81:24,d8:d7:75:45:81:24,FunBox2-8124,-43,1,2412,False,False
1778936232.819295,management,beacon,d8:d7:75:45:81:24,ff:ff:ff:ff:ff:ff,ff:ff:ff:ff:ff:ff,d8:d7:75:45:81:24,d8:d7:75:45:81:24,FunBox2-8124,-45,1,2412,False,False
1778936233.126486,management,beacon,d8:d7:75:45:81:24,ff:ff:ff:ff:ff:ff,ff:ff:ff:ff:ff:ff,d8:d7:75:45:81:24,d8:d7:75:45:81:24,FunBox2-8124,-42,1,2412,False,False
1778936233.2289402,management,beacon,d8:d7:75:45:81:24,ff:ff:ff:ff:ff:ff,ff:ff:ff:ff:ff:ff,d8:d7:75:45:81:24,d8:d7:75:45:81:24,FunBox2-8124,-43,1,2412,False,False
1778936233.331316,management,beacon,d8:d7:75:45:81:24,ff:ff:ff:ff:ff:ff,ff:ff:ff:ff:ff:ff,d8:d7:75:45:81:24,d8:d7:75:45:81:24,FunBox2-8124,-42,1,2412,False,False
1778936233.5361352,management,beacon,d8:d7:75:45:81:24,ff:ff:ff:ff:ff:ff,ff:ff:ff:ff:ff:ff,d8:d7:75:45:81:24,d8:d7:75:45:81:24,FunBox2-8124,-42,1,2412,False,False
1778936233.638558,management,beacon,d8:d7:75:45:81:24,ff:ff:ff:ff:ff:ff,ff:ff:ff:ff:ff:ff,d8:d7:75:45:81:24,d8:d7:75:45:81:24,FunBox2-8124,-43,1,2412,False,False
1778936233.7409456,management,beacon,d8:d7:75:45:81:24,ff:ff:ff:ff:ff:ff,ff:ff:ff:ff:ff:ff,d8:d7:75:45:81:24,d8:d7:75:45:81:24,FunBox2-8124,-44,1,2412,False,False
1778936233.8433552,management,beacon,d8:d7:75:45:81:24,ff:ff:ff:ff:ff:ff,ff:ff:ff:ff:ff:ff,d8:d7:75:45:81:24,d8:d7:75:45:81:24,FunBox2-8124,-43,1,2412,False,False
1778936233.8445637,data,null_data,50:02:91:e8:18:ec,d8:d7:75:45:81:24,d8:d7:75:45:81:24,50:02:91:e8:18:ec,d8:d7:75:45:81:24,,-82,1,2412,False,False
1778936233.84457,control,ack,,50:02:91:e8:18:ec,50:02:91:e8:18:ec,,,,-44,1,2412,False,False
1778936234.0053856,data,null_data,50:02:91:e8:18:ec,d8:d7:75:45:81:24,d8:d7:75:45:81:24,50:02:91:e8:18:ec,d8:d7:75:45:81:24,,-81,1,2412,False,False
1778936234.0053952,control,ack,,50:02:91:e8:18:ec,50:02:91:e8:18:ec,,,,-43,1,2412,False,False
1778936234.0481758,management,beacon,d8:d7:75:45:81:24,ff:ff:ff:ff:ff:ff,ff:ff:ff:ff:ff:ff,d8:d7:75:45:81:24,d8:d7:75:45:81:24,FunBox2-8124,-44,1,2412,False,False
1778936234.15058,management,beacon,d8:d7:75:45:81:24,ff:ff:ff:ff:ff:ff,ff:ff:ff:ff:ff:ff,d8:d7:75:45:81:24,d8:d7:75:45:81:24,FunBox2-8124,-47,1,2412,False,False
1778936234.252975,management,beacon,d8:d7:75:45:81:24,ff:ff:ff:ff:ff:ff,ff:ff:ff:ff:ff:ff,d8:d7:75:45:81:24,d8:d7:75:45:81:24,FunBox2-8124,-45,1,2412,False,False
1778936234.3306727,data,qos_null,aa:23:4f:4d:00:cf,74:ea:3a:a1:53:a6,74:ea:3a:a1:53:a6,aa:23:4f:4d:00:cf,74:ea:3a:a1:53:a6,,-87,1,2412,False,False
1778936234.3553326,management,beacon,d8:d7:75:45:81:24,ff:ff:ff:ff:ff:ff,ff:ff:ff:ff:ff:ff,d8:d7:75:45:81:24,d8:d7:75:45:81:24,FunBox2-8124,-45,1,2412,False,False
1778936234.5601525,management,beacon,d8:d7:75:45:81:24,ff:ff:ff:ff:ff:ff,ff:ff:ff:ff:ff:ff,d8:d7:75:45:81:24,d8:d7:75:45:81:24,FunBox2-8124,-46,1,2412,False,False
1778936234.589951,data,qos_null,aa:23:4f:4d:00:cf,74:ea:3a:a1:53:a6,74:ea:3a:a1:53:a6,aa:23:4f:4d:00:cf,74:ea:3a:a1:53:a6,,-88,1,2412,False,False
1778936234.6625457,management,beacon,d8:d7:75:45:81:24,ff:ff:ff:ff:ff:ff,ff:ff:ff:ff:ff:ff,d8:d7:75:45:81:24,d8:d7:75:45:81:24,FunBox2-8124,-45,1,2412,False,False
1778936234.6691623,data,qos_null,aa:23:4f:4d:00:cf,74:ea:3a:a1:53:a6,74:ea:3a:a1:53:a6,aa:23:4f:4d:00:cf,74:ea:3a:a1:53:a6,,-87,1,2412,False,False
1778936234.7649648,management,beacon,d8:d7:75:45:81:24,ff:ff:ff:ff:ff:ff,ff:ff:ff:ff:ff:ff,d8:d7:75:45:81:24,d8:d7:75:45:81:24,FunBox2-8124,-44,1,2412,False,False
1778936234.8353517,data,qos_null,aa:23:4f:4d:00:cf,74:ea:3a:a1:53:a6,74:ea:3a:a1:53:a6,aa:23:4f:4d:00:cf,74:ea:3a:a1:53:a6,,-89,1,2412,False,False
1778936234.8673527,management,beacon,d8:d7:75:45:81:24,ff:ff:ff:ff:ff:ff,ff:ff:ff:ff:ff:ff,d8:d7:75:45:81:24,d8:d7:75:45:81:24,FunBox2-8124,-44,1,2412,False,False
1778936234.9237359,data,qos_null,aa:23:4f:4d:00:cf,74:ea:3a:a1:53:a6,74:ea:3a:a1:53:a6,aa:23:4f:4d:00:cf,74:ea:3a:a1:53:a6,,-91,1,2412,False,False
1778936235.005101,data,qos_null,aa:23:4f:4d:00:cf,74:ea:3a:a1:53:a6,74:ea:3a:a1:53:a6,aa:23:4f:4d:00:cf,74:ea:3a:a1:53:a6,,-84,1,2412,False,False
1778936235.0722122,management,beacon,d8:d7:75:45:81:24,ff:ff:ff:ff:ff:ff,ff:ff:ff:ff:ff:ff,d8:d7:75:45:81:24,d8:d7:75:45:81:24,FunBox2-8124,-44,1,2412,False,False
1778936235.0904968,data,qos_null,aa:23:4f:4d:00:cf,74:ea:3a:a1:53:a6,74:ea:3a:a1:53:a6,aa:23:4f:4d:00:cf,74:ea:3a:a1:53:a6,,-85,1,2412,False,False
1778936235.1745846,management,beacon,d8:d7:75:45:81:24,ff:ff:ff:ff:ff:ff,ff:ff:ff:ff:ff:ff,d8:d7:75:45:81:24,d8:d7:75:45:81:24,FunBox2-8124,-45,1,2412,False,False
1778936235.2769938,management,beacon,d8:d7:75:45:81:24,ff:ff:ff:ff:ff:ff,ff:ff:ff:ff:ff:ff,d8:d7:75:45:81:24,d8:d7:75:45:81:24,FunBox2-8124,-43,1,2412,False,False
1778936235.2781804,data,null_data,50:02:91:e8:18:ec,d8:d7:75:45:81:24,d8:d7:75:45:81:24,50:02:91:e8:18:ec,d8:d7:75:45:81:24,,-82,1,2412,False,False
1778936235.2781854,control,ack,,50:02:91:e8:18:ec,50:02:91:e8:18:ec,,,,-46,1,2412,False,False
1778936235.37937,management,beacon,d8:d7:75:45:81:24,ff:ff:ff:ff:ff:ff,ff:ff:ff:ff:ff:ff,d8:d7:75:45:81:24,d8:d7:75:45:81:24,FunBox2-8124,-43,1,2412,False,False
1778936235.4390264,control,ack,,50:02:91:e8:18:ec,50:02:91:e8:18:ec,,,,-47,1,2412,False,False
1778936235.5254443,data,qos_null,aa:23:4f:4d:00:cf,74:ea:3a:a1:53:a6,74:ea:3a:a1:53:a6,aa:23:4f:4d:00:cf,74:ea:3a:a1:53:a6,,-87,1,2412,False,False
1778936235.5841777,management,beacon,d8:d7:75:45:81:24,ff:ff:ff:ff:ff:ff,ff:ff:ff:ff:ff:ff,d8:d7:75:45:81:24,d8:d7:75:45:81:24,FunBox2-8124,-45,1,2412,False,False
1778936235.6240175,data,qos_null,aa:23:4f:4d:00:cf,74:ea:3a:a1:53:a6,74:ea:3a:a1:53:a6,aa:23:4f:4d:00:cf,74:ea:3a:a1:53:a6,,-90,1,2412,False,False
1778936235.6866055,management,beacon,d8:d7:75:45:81:24,ff:ff:ff:ff:ff:ff,ff:ff:ff:ff:ff:ff,d8:d7:75:45:81:24,d8:d7:75:45:81:24,FunBox2-8124,-44,1,2412,False,False
1778936235.6969123,data,qos_null,aa:23:4f:4d:00:cf,74:ea:3a:a1:53:a6,74:ea:3a:a1:53:a6,aa:23:4f:4d:00:cf,74:ea:3a:a1:53:a6,,-89,1,2412,False,False
1778936235.7471504,data,qos_null,aa:23:4f:4d:00:cf,74:ea:3a:a1:53:a6,74:ea:3a:a1:53:a6,aa:23:4f:4d:00:cf,74:ea:3a:a1:53:a6,,-89,1,2412,False,False
1778936235.7862167,data,qos_null,aa:23:4f:4d:00:cf,74:ea:3a:a1:53:a6,74:ea:3a:a1:53:a6,aa:23:4f:4d:00:cf,74:ea:3a:a1:53:a6,,-88,1,2412,False,False
1778936235.7889946,management,beacon,d8:d7:75:45:81:24,ff:ff:ff:ff:ff:ff,ff:ff:ff:ff:ff:ff,d8:d7:75:45:81:24,d8:d7:75:45:81:24,FunBox2-8124,-45,1,2412,False,False
1778936235.866729,data,qos_null,aa:23:4f:4d:00:cf,74:ea:3a:a1:53:a6,74:ea:3a:a1:53:a6,aa:23:4f:4d:00:cf,74:ea:3a:a1:53:a6,,-89,1,2412,False,False
1778936235.8914425,management,beacon,d8:d7:75:45:81:24,ff:ff:ff:ff:ff:ff,ff:ff:ff:ff:ff:ff,d8:d7:75:45:81:24,d8:d7:75:45:81:24,FunBox2-8124,-45,1,2412,False,False
1778936235.9473443,data,qos_null,aa:23:4f:4d:00:cf,74:ea:3a:a1:53:a6,74:ea:3a:a1:53:a6,aa:23:4f:4d:00:cf,74:ea:3a:a1:53:a6,,-87,1,2412,False,False
1778936236.0962427,management,beacon,d8:d7:75:45:81:24,ff:ff:ff:ff:ff:ff,ff:ff:ff:ff:ff:ff,d8:d7:75:45:81:24,d8:d7:75:45:81:24,FunBox2-8124,-45,1,2412,False,False
1778936236.1261804,data,qos_null,aa:23:4f:4d:00:cf,74:ea:3a:a1:53:a6,74:ea:3a:a1:53:a6,aa:23:4f:4d:00:cf,74:ea:3a:a1:53:a6,,-89,1,2412,False,False
1778936236.198614,management,beacon,d8:d7:75:45:81:24,ff:ff:ff:ff:ff:ff,ff:ff:ff:ff:ff:ff,d8:d7:75:45:81:24,d8:d7:75:45:81:24,FunBox2-8124,-45,1,2412,False,False
1778936236.3010104,management,beacon,d8:d7:75:45:81:24,ff:ff:ff:ff:ff:ff,ff:ff:ff:ff:ff:ff,d8:d7:75:45:81:24,d8:d7:75:45:81:24,FunBox2-8124,-46,1,2412,False,False
1778936236.4034333,management,beacon,d8:d7:75:45:81:24,ff:ff:ff:ff:ff:ff,ff:ff:ff:ff:ff:ff,d8:d7:75:45:81:24,d8:d7:75:45:81:24,FunBox2-8124,-46,1,2412,False,False
1778936236.5058503,management,beacon,d8:d7:75:45:81:24,ff:ff:ff:ff:ff:ff,ff:ff:ff:ff:ff:ff,d8:d7:75:45:81:24,d8:d7:75:45:81:24,FunBox2-8124,-44,1,2412,False,False
1778936236.6082654,management,beacon,d8:d7:75:45:81:24,ff:ff:ff:ff:ff:ff,ff:ff:ff:ff:ff:ff,d8:d7:75:45:81:24,d8:d7:75:45:81:24,FunBox2-8124,-45,1,2412,False,False
1778936236.7106833,management,beacon,d8:d7:75:45:81:24,ff:ff:ff:ff:ff:ff,ff:ff:ff:ff:ff:ff,d8:d7:75:45:81:24,d8:d7:75:45:81:24,FunBox2-8124,-46,1,2412,False,False
1778936236.8130808,management,beacon,d8:d7:75:45:81:24,ff:ff:ff:ff:ff:ff,ff:ff:ff:ff:ff:ff,d8:d7:75:45:81:24,d8:d7:75:45:81:24,FunBox2-8124,-48,1,2412,False,False
1778936236.8142736,data,null_data,50:02:91:e8:18:ec,d8:d7:75:45:81:24,d8:d7:75:45:81:24,50:02:91:e8:18:ec,d8:d7:75:45:81:24,,-80,1,2412,False,False
1778936236.8142767,control,ack,,50:02:91:e8:18:ec,50:02:91:e8:18:ec,,,,-47,1,2412,False,False
1778936236.8924365,data,qos_null,aa:23:4f:4d:00:cf,74:ea:3a:a1:53:a6,74:ea:3a:a1:53:a6,aa:23:4f:4d:00:cf,74:ea:3a:a1:53:a6,,-90,1,2412,False,True
1778936236.8940773,data,qos_null,aa:23:4f:4d:00:cf,74:ea:3a:a1:53:a6,74:ea:3a:a1:53:a6,aa:23:4f:4d:00:cf,74:ea:3a:a1:53:a6,,-92,1,2412,False,True
1778936236.896555,data,qos_null,aa:23:4f:4d:00:cf,74:ea:3a:a1:53:a6,74:ea:3a:a1:53:a6,aa:23:4f:4d:00:cf,74:ea:3a:a1:53:a6,,-89,1,2412,False,True
1778936236.915458,management,beacon,d8:d7:75:45:81:24,ff:ff:ff:ff:ff:ff,ff:ff:ff:ff:ff:ff,d8:d7:75:45:81:24,d8:d7:75:45:81:24,FunBox2-8124,-45,1,2412,False,False
1778936236.9741542,data,qos_null,aa:23:4f:4d:00:cf,74:ea:3a:a1:53:a6,74:ea:3a:a1:53:a6,aa:23:4f:4d:00:cf,74:ea:3a:a1:53:a6,,-91,1,2412,False,True
1778936236.9751399,data,null_data,50:02:91:e8:18:ec,d8:d7:75:45:81:24,d8:d7:75:45:81:24,50:02:91:e8:18:ec,d8:d7:75:45:81:24,,-80,1,2412,False,False
1778936236.9751434,control,ack,,50:02:91:e8:18:ec,50:02:91:e8:18:ec,,,,-48,1,2412,False,False
1778936236.9846478,data,qos_null,aa:23:4f:4d:00:cf,74:ea:3a:a1:53:a6,74:ea:3a:a1:53:a6,aa:23:4f:4d:00:cf,74:ea:3a:a1:53:a6,,-86,1,2412,False,True
1778936237.0178573,management,beacon,d8:d7:75:45:81:24,ff:ff:ff:ff:ff:ff,ff:ff:ff:ff:ff:ff,d8:d7:75:45:81:24,d8:d7:75:45:81:24,FunBox2-8124,-46,1,2412,False,False
1778936237.0709903,data,qos_null,aa:23:4f:4d:00:cf,74:ea:3a:a1:53:a6,74:ea:3a:a1:53:a6,aa:23:4f:4d:00:cf,74:ea:3a:a1:53:a6,,-87,1,2412,False,False
1778936237.0758927,data,qos_null,aa:23:4f:4d:00:cf,74:ea:3a:a1:53:a6,74:ea:3a:a1:53:a6,aa:23:4f:4d:00:cf,74:ea:3a:a1:53:a6,,-89,1,2412,False,True
1778936237.0782392,data,qos_null,aa:23:4f:4d:00:cf,74:ea:3a:a1:53:a6,74:ea:3a:a1:53:a6,aa:23:4f:4d:00:cf,74:ea:3a:a1:53:a6,,-89,1,2412,False,True
1778936237.085536,data,qos_null,aa:23:4f:4d:00:cf,74:ea:3a:a1:53:a6,74:ea:3a:a1:53:a6,aa:23:4f:4d:00:cf,74:ea:3a:a1:53:a6,,-88,1,2412,False,True
1778936237.0863671,data,qos_null,aa:23:4f:4d:00:cf,74:ea:3a:a1:53:a6,74:ea:3a:a1:53:a6,aa:23:4f:4d:00:cf,74:ea:3a:a1:53:a6,,-87,1,2412,False,True
1778936237.087147,data,qos_null,aa:23:4f:4d:00:cf,74:ea:3a:a1:53:a6,74:ea:3a:a1:53:a6,aa:23:4f:4d:00:cf,74:ea:3a:a1:53:a6,,-91,1,2412,False,True
1778936237.1202483,management,beacon,d8:d7:75:45:81:24,ff:ff:ff:ff:ff:ff,ff:ff:ff:ff:ff:ff,d8:d7:75:45:81:24,d8:d7:75:45:81:24,FunBox2-8124,-46,1,2412,False,False
1778936237.1487849,data,qos_null,aa:23:4f:4d:00:cf,74:ea:3a:a1:53:a6,74:ea:3a:a1:53:a6,aa:23:4f:4d:00:cf,74:ea:3a:a1:53:a6,,-86,1,2412,False,True
1778936237.2307565,data,qos_null,aa:23:4f:4d:00:cf,74:ea:3a:a1:53:a6,74:ea:3a:a1:53:a6,aa:23:4f:4d:00:cf,74:ea:3a:a1:53:a6,,-86,1,2412,False,False
1778936237.2323942,data,qos_null,aa:23:4f:4d:00:cf,74:ea:3a:a1:53:a6,74:ea:3a:a1:53:a6,aa:23:4f:4d:00:cf,74:ea:3a:a1:53:a6,,-91,1,2412,False,True
1778936237.2331767,data,qos_null,aa:23:4f:4d:00:cf,74:ea:3a:a1:53:a6,74:ea:3a:a1:53:a6,aa:23:4f:4d:00:cf,74:ea:3a:a1:53:a6,,-86,1,2412,False,True
1778936237.2356856,data,qos_null,aa:23:4f:4d:00:cf,74:ea:3a:a1:53:a6,74:ea:3a:a1:53:a6,aa:23:4f:4d:00:cf,74:ea:3a:a1:53:a6,,-87,1,2412,False,True
1778936237.2364788,data,qos_null,aa:23:4f:4d:00:cf,74:ea:3a:a1:53:a6,74:ea:3a:a1:53:a6,aa:23:4f:4d:00:cf,74:ea:3a:a1:53:a6,,-89,1,2412,False,True
1778936237.238907,data,qos_null,aa:23:4f:4d:00:cf,74:ea:3a:a1:53:a6,74:ea:3a:a1:53:a6,aa:23:4f:4d:00:cf,74:ea:3a:a1:53:a6,,-86,1,2412,False,True
1778936237.2407577,data,qos_null,aa:23:4f:4d:00:cf,74:ea:3a:a1:53:a6,74:ea:3a:a1:53:a6,aa:23:4f:4d:00:cf,74:ea:3a:a1:53:a6,,-87,1,2412,False,True
1778936237.2437332,data,qos_null,aa:23:4f:4d:00:cf,74:ea:3a:a1:53:a6,74:ea:3a:a1:53:a6,aa:23:4f:4d:00:cf,74:ea:3a:a1:53:a6,,-88,1,2412,False,False
1778936237.2445288,data,qos_null,aa:23:4f:4d:00:cf,74:ea:3a:a1:53:a6,74:ea:3a:a1:53:a6,aa:23:4f:4d:00:cf,74:ea:3a:a1:53:a6,,-90,1,2412,False,True
1778936237.2453628,data,qos_null,aa:23:4f:4d:00:cf,74:ea:3a:a1:53:a6,74:ea:3a:a1:53:a6,aa:23:4f:4d:00:cf,74:ea:3a:a1:53:a6,,-89,1,2412,False,True
1778936237.2518828,data,qos_null,aa:23:4f:4d:00:cf,74:ea:3a:a1:53:a6,74:ea:3a:a1:53:a6,aa:23:4f:4d:00:cf,74:ea:3a:a1:53:a6,,-88,1,2412,False,True
1778936237.256718,data,qos_null,aa:23:4f:4d:00:cf,74:ea:3a:a1:53:a6,74:ea:3a:a1:53:a6,aa:23:4f:4d:00:cf,74:ea:3a:a1:53:a6,,-85,1,2412,False,True
1778936237.2599063,data,qos_null,aa:23:4f:4d:00:cf,74:ea:3a:a1:53:a6,74:ea:3a:a1:53:a6,aa:23:4f:4d:00:cf,74:ea:3a:a1:53:a6,,-89,1,2412,False,True
1778936237.2615347,data,qos_null,aa:23:4f:4d:00:cf,74:ea:3a:a1:53:a6,74:ea:3a:a1:53:a6,aa:23:4f:4d:00:cf,74:ea:3a:a1:53:a6,,-88,1,2412,False,True
1778936237.2647634,data,qos_null,aa:23:4f:4d:00:cf,74:ea:3a:a1:53:a6,74:ea:3a:a1:53:a6,aa:23:4f:4d:00:cf,74:ea:3a:a1:53:a6,,-85,1,2412,False,True
1778936237.2712393,data,qos_null,aa:23:4f:4d:00:cf,74:ea:3a:a1:53:a6,74:ea:3a:a1:53:a6,aa:23:4f:4d:00:cf,74:ea:3a:a1:53:a6,,-86,1,2412,False,True
1778936237.2761633,data,qos_null,aa:23:4f:4d:00:cf,74:ea:3a:a1:53:a6,74:ea:3a:a1:53:a6,aa:23:4f:4d:00:cf,74:ea:3a:a1:53:a6,,-88,1,2412,False,True
1778936237.3303907,data,qos_null,aa:23:4f:4d:00:cf,74:ea:3a:a1:53:a6,74:ea:3a:a1:53:a6,aa:23:4f:4d:00:cf,74:ea:3a:a1:53:a6,,-88,1,2412,False,False
1778936237.3376708,data,qos_null,aa:23:4f:4d:00:cf,74:ea:3a:a1:53:a6,74:ea:3a:a1:53:a6,aa:23:4f:4d:00:cf,74:ea:3a:a1:53:a6,,-88,1,2412,False,True
1778936237.340918,data,qos_null,aa:23:4f:4d:00:cf,74:ea:3a:a1:53:a6,74:ea:3a:a1:53:a6,aa:23:4f:4d:00:cf,74:ea:3a:a1:53:a6,,-89,1,2412,False,True
1778936237.3417428,data,qos_null,aa:23:4f:4d:00:cf,74:ea:3a:a1:53:a6,74:ea:3a:a1:53:a6,aa:23:4f:4d:00:cf,74:ea:3a:a1:53:a6,,-88,1,2412,False,True
1778936237.3526127,data,qos_null,aa:23:4f:4d:00:cf,74:ea:3a:a1:53:a6,74:ea:3a:a1:53:a6,aa:23:4f:4d:00:cf,74:ea:3a:a1:53:a6,,-91,1,2412,False,True
1778936237.3566682,data,qos_null,aa:23:4f:4d:00:cf,74:ea:3a:a1:53:a6,74:ea:3a:a1:53:a6,aa:23:4f:4d:00:cf,74:ea:3a:a1:53:a6,,-91,1,2412,False,True
1778936237.3574922,data,qos_null,aa:23:4f:4d:00:cf,74:ea:3a:a1:53:a6,74:ea:3a:a1:53:a6,aa:23:4f:4d:00:cf,74:ea:3a:a1:53:a6,,-89,1,2412,False,True
1778936237.3659923,data,qos_null,aa:23:4f:4d:00:cf,74:ea:3a:a1:53:a6,74:ea:3a:a1:53:a6,aa:23:4f:4d:00:cf,74:ea:3a:a1:53:a6,,-91,1,2412,False,True
1778936237.3741643,data,qos_null,aa:23:4f:4d:00:cf,74:ea:3a:a1:53:a6,74:ea:3a:a1:53:a6,aa:23:4f:4d:00:cf,74:ea:3a:a1:53:a6,,-87,1,2412,False,True
1778936237.3749459,data,qos_null,aa:23:4f:4d:00:cf,74:ea:3a:a1:53:a6,74:ea:3a:a1:53:a6,aa:23:4f:4d:00:cf,74:ea:3a:a1:53:a6,,-89,1,2412,False,True
1778936237.3782153,data,qos_null,aa:23:4f:4d:00:cf,74:ea:3a:a1:53:a6,74:ea:3a:a1:53:a6,aa:23:4f:4d:00:cf,74:ea:3a:a1:53:a6,,-85,1,2412,False,True
1778936237.3790283,data,qos_null,aa:23:4f:4d:00:cf,74:ea:3a:a1:53:a6,74:ea:3a:a1:53:a6,aa:23:4f:4d:00:cf,74:ea:3a:a1:53:a6,,-89,1,2412,False,True
1778936237.4274876,management,beacon,d8:d7:75:45:81:24,ff:ff:ff:ff:ff:ff,ff:ff:ff:ff:ff:ff,d8:d7:75:45:81:24,d8:d7:75:45:81:24,FunBox2-8124,-45,1,2412,False,False
1778936237.4937725,data,qos_null,aa:23:4f:4d:00:cf,74:ea:3a:a1:53:a6,74:ea:3a:a1:53:a6,aa:23:4f:4d:00:cf,74:ea:3a:a1:53:a6,,-88,1,2412,False,False
1778936237.5298722,management,beacon,d8:d7:75:45:81:24,ff:ff:ff:ff:ff:ff,ff:ff:ff:ff:ff:ff,d8:d7:75:45:81:24,d8:d7:75:45:81:24,FunBox2-8124,-46,1,2412,False,False
1778936237.5543063,data,qos_null,aa:23:4f:4d:00:cf,74:ea:3a:a1:53:a6,74:ea:3a:a1:53:a6,aa:23:4f:4d:00:cf,74:ea:3a:a1:53:a6,,-91,1,2412,False,False
1778936237.6322873,management,beacon,d8:d7:75:45:81:24,ff:ff:ff:ff:ff:ff,ff:ff:ff:ff:ff:ff,d8:d7:75:45:81:24,d8:d7:75:45:81:24,FunBox2-8124,-45,1,2412,False,False
1778936237.7346933,management,beacon,d8:d7:75:45:81:24,ff:ff:ff:ff:ff:ff,ff:ff:ff:ff:ff:ff,d8:d7:75:45:81:24,d8:d7:75:45:81:24,FunBox2-8124,-46,1,2412,False,False
1778936237.8370779,management,beacon,d8:d7:75:45:81:24,ff:ff:ff:ff:ff:ff,ff:ff:ff:ff:ff:ff,d8:d7:75:45:81:24,d8:d7:75:45:81:24,FunBox2-8124,-46,1,2412,False,False
1778936237.9395251,management,beacon,d8:d7:75:45:81:24,ff:ff:ff:ff:ff:ff,ff:ff:ff:ff:ff:ff,d8:d7:75:45:81:24,d8:d7:75:45:81:24,FunBox2-8124,-45,1,2412,False,False
1778936238.0418649,management,beacon,d8:d7:75:45:81:24,ff:ff:ff:ff:ff:ff,ff:ff:ff:ff:ff:ff,d8:d7:75:45:81:24,d8:d7:75:45:81:24,FunBox2-8124,-45,1,2412,False,False
1778936238.2466798,management,beacon,d8:d7:75:45:81:24,ff:ff:ff:ff:ff:ff,ff:ff:ff:ff:ff:ff,d8:d7:75:45:81:24,d8:d7:75:45:81:24,FunBox2-8124,-45,1,2412,False,False
1778936238.3491337,management,beacon,d8:d7:75:45:81:24,ff:ff:ff:ff:ff:ff,ff:ff:ff:ff:ff:ff,d8:d7:75:45:81:24,d8:d7:75:45:81:24,FunBox2-8124,-47,1,2412,False,False
1778936238.3503509,data,null_data,50:02:91:e8:18:ec,d8:d7:75:45:81:24,d8:d7:75:45:81:24,50:02:91:e8:18:ec,d8:d7:75:45:81:24,,-80,1,2412,False,False
1778936238.3503537,control,ack,,50:02:91:e8:18:ec,50:02:91:e8:18:ec,,,,-47,1,2412,False,False
1778936238.451541,management,beacon,d8:d7:75:45:81:24,ff:ff:ff:ff:ff:ff,ff:ff:ff:ff:ff:ff,d8:d7:75:45:81:24,d8:d7:75:45:81:24,FunBox2-8124,-46,1,2412,False,False
1778936238.5112252,data,null_data,50:02:91:e8:18:ec,d8:d7:75:45:81:24,d8:d7:75:45:81:24,50:02:91:e8:18:ec,d8:d7:75:45:81:24,,-81,1,2412,False,False
1778936238.511234,control,ack,,50:02:91:e8:18:ec,50:02:91:e8:18:ec,,,,-47,1,2412,False,False
1778936238.5538964,management,beacon,d8:d7:75:45:81:24,ff:ff:ff:ff:ff:ff,ff:ff:ff:ff:ff:ff,d8:d7:75:45:81:24,d8:d7:75:45:81:24,FunBox2-8124,-46,1,2412,False,False
1778936238.656299,management,beacon,d8:d7:75:45:81:24,ff:ff:ff:ff:ff:ff,ff:ff:ff:ff:ff:ff,d8:d7:75:45:81:24,d8:d7:75:45:81:24,FunBox2-8124,-45,1,2412,False,False
1778936238.7587214,management,beacon,d8:d7:75:45:81:24,ff:ff:ff:ff:ff:ff,ff:ff:ff:ff:ff:ff,d8:d7:75:45:81:24,d8:d7:75:45:81:24,FunBox2-8124,-45,1,2412,False,False
1778936238.8611197,management,beacon,d8:d7:75:45:81:24,ff:ff:ff:ff:ff:ff,ff:ff:ff:ff:ff:ff,d8:d7:75:45:81:24,d8:d7:75:45:81:24,FunBox2-8124,-45,1,2412,False,False
1778936238.96352,management,beacon,d8:d7:75:45:81:24,ff:ff:ff:ff:ff:ff,ff:ff:ff:ff:ff:ff,d8:d7:75:45:81:24,d8:d7:75:45:81:24,FunBox2-8124,-47,1,2412,False,False
1778936239.0669966,management,beacon,d8:d7:75:45:81:24,ff:ff:ff:ff:ff:ff,ff:ff:ff:ff:ff:ff,d8:d7:75:45:81:24,d8:d7:75:45:81:24,FunBox2-8124,-46,1,2412,False,False
1778936239.1683247,management,beacon,d8:d7:75:45:81:24,ff:ff:ff:ff:ff:ff,ff:ff:ff:ff:ff:ff,d8:d7:75:45:81:24,d8:d7:75:45:81:24,FunBox2-8124,-46,1,2412,False,False
1778936239.2281525,data,null_data,50:02:91:e8:18:ec,d8:d7:75:45:81:24,d8:d7:75:45:81:24,50:02:91:e8:18:ec,d8:d7:75:45:81:24,,-80,1,2412,False,False
1778936239.2281733,control,ack,,50:02:91:e8:18:ec,50:02:91:e8:18:ec,,,,-47,1,2412,False,False
1778936239.2707183,management,beacon,d8:d7:75:45:81:24,ff:ff:ff:ff:ff:ff,ff:ff:ff:ff:ff:ff,d8:d7:75:45:81:24,d8:d7:75:45:81:24,FunBox2-8124,-45,1,2412,False,False
1778936239.3739393,management,beacon,d8:d7:75:45:81:24,ff:ff:ff:ff:ff:ff,ff:ff:ff:ff:ff:ff,d8:d7:75:45:81:24,d8:d7:75:45:81:24,FunBox2-8124,-45,1,2412,False,False
1778936239.3889706,data,null_data,50:02:91:e8:18:ec,d8:d7:75:45:81:24,d8:d7:75:45:81:24,50:02:91:e8:18:ec,d8:d7:75:45:81:24,,-80,1,2412,False,False
1778936239.388977,control,ack,,50:02:91:e8:18:ec,50:02:91:e8:18:ec,,,,-47,1,2412,False,False
1778936239.4755614,management,beacon,d8:d7:75:45:81:24,ff:ff:ff:ff:ff:ff,ff:ff:ff:ff:ff:ff,d8:d7:75:45:81:24,d8:d7:75:45:81:24,FunBox2-8124,-47,1,2412,False,False
1778936239.5779948,management,beacon,d8:d7:75:45:81:24,ff:ff:ff:ff:ff:ff,ff:ff:ff:ff:ff:ff,d8:d7:75:45:81:24,d8:d7:75:45:81:24,FunBox2-8124,-46,1,2412,False,False
1778936239.579146,data,null_data,50:02:91:e8:18:ec,d8:d7:75:45:81:24,d8:d7:75:45:81:24,50:02:91:e8:18:ec,d8:d7:75:45:81:24,,-82,1,2412,False,False
1778936239.5791492,control,ack,,50:02:91:e8:18:ec,50:02:91:e8:18:ec,,,,-48,1,2412,False,False
1778936239.680324,management,beacon,d8:d7:75:45:81:24,ff:ff:ff:ff:ff:ff,ff:ff:ff:ff:ff:ff,d8:d7:75:45:81:24,d8:d7:75:45:81:24,FunBox2-8124,-46,1,2412,False,False
1778936239.740052,data,null_data,50:02:91:e8:18:ec,d8:d7:75:45:81:24,d8:d7:75:45:81:24,50:02:91:e8:18:ec,d8:d7:75:45:81:24,,-81,1,2412,False,False
1778936239.7400708,control,ack,,50:02:91:e8:18:ec,50:02:91:e8:18:ec,,,,-48,1,2412,False,False
1778936239.740445,data,null_data,50:02:91:e8:18:ec,d8:d7:75:45:81:24,d8:d7:75:45:81:24,50:02:91:e8:18:ec,d8:d7:75:45:81:24,,-81,1,2412,False,True
1778936239.7404468,control,ack,,50:02:91:e8:18:ec,50:02:91:e8:18:ec,,,,-47,1,2412,False,False
1778936239.782736,management,beacon,d8:d7:75:45:81:24,ff:ff:ff:ff:ff:ff,ff:ff:ff:ff:ff:ff,d8:d7:75:45:81:24,d8:d7:75:45:81:24,FunBox2-8124,-47,1,2412,False,False
1778936239.8851812,management,beacon,d8:d7:75:45:81:24,ff:ff:ff:ff:ff:ff,ff:ff:ff:ff:ff:ff,d8:d7:75:45:81:24,d8:d7:75:45:81:24,FunBox2-8124,-47,1,2412,False,False
1778936239.9875727,management,beacon,d8:d7:75:45:81:24,ff:ff:ff:ff:ff:ff,ff:ff:ff:ff:ff:ff,d8:d7:75:45:81:24,d8:d7:75:45:81:24,FunBox2-8124,-46,1,2412,False,False
1778936240.0899467,management,beacon,d8:d7:75:45:81:24,ff:ff:ff:ff:ff:ff,ff:ff:ff:ff:ff:ff,d8:d7:75:45:81:24,d8:d7:75:45:81:24,FunBox2-8124,-49,1,2412,False,False
1778936240.1924076,management,beacon,d8:d7:75:45:81:24,ff:ff:ff:ff:ff:ff,ff:ff:ff:ff:ff:ff,d8:d7:75:45:81:24,d8:d7:75:45:81:24,FunBox2-8124,-47,1,2412,False,False
1778936240.2947984,management,beacon,d8:d7:75:45:81:24,ff:ff:ff:ff:ff:ff,ff:ff:ff:ff:ff:ff,d8:d7:75:45:81:24,d8:d7:75:45:81:24,FunBox2-8124,-46,1,2412,False,False
1778936240.4995944,management,beacon,d8:d7:75:45:81:24,ff:ff:ff:ff:ff:ff,ff:ff:ff:ff:ff:ff,d8:d7:75:45:81:24,d8:d7:75:45:81:24,FunBox2-8124,-46,1,2412,False,False
1778936240.7044168,management,beacon,d8:d7:75:45:81:24,ff:ff:ff:ff:ff:ff,ff:ff:ff:ff:ff:ff,d8:d7:75:45:81:24,d8:d7:75:45:81:24,FunBox2-8124,-46,1,2412,False,False
1778936240.70742,data,qos_null,aa:23:4f:4d:00:cf,74:ea:3a:a1:53:a6,74:ea:3a:a1:53:a6,aa:23:4f:4d:00:cf,74:ea:3a:a1:53:a6,,-89,1,2412,False,False
1778936240.8067682,management,beacon,d8:d7:75:45:81:24,ff:ff:ff:ff:ff:ff,ff:ff:ff:ff:ff:ff,d8:d7:75:45:81:24,d8:d7:75:45:81:24,FunBox2-8124,-47,1,2412,False,False
1778936240.9092324,management,beacon,d8:d7:75:45:81:24,ff:ff:ff:ff:ff:ff,ff:ff:ff:ff:ff:ff,d8:d7:75:45:81:24,d8:d7:75:45:81:24,FunBox2-8124,-47,1,2412,False,False
1778936241.011588,management,beacon,d8:d7:75:45:81:24,ff:ff:ff:ff:ff:ff,ff:ff:ff:ff:ff:ff,d8:d7:75:45:81:24,d8:d7:75:45:81:24,FunBox2-8124,-46,1,2412,False,False
1778936241.1139936,management,beacon,d8:d7:75:45:81:24,ff:ff:ff:ff:ff:ff,ff:ff:ff:ff:ff:ff,d8:d7:75:45:81:24,d8:d7:75:45:81:24,FunBox2-8124,-45,1,2412,False,False
1778936241.2164311,management,beacon,d8:d7:75:45:81:24,ff:ff:ff:ff:ff:ff,ff:ff:ff:ff:ff:ff,d8:d7:75:45:81:24,d8:d7:75:45:81:24,FunBox2-8124,-47,1,2412,False,False
1778936241.3188195,management,beacon,d8:d7:75:45:81:24,ff:ff:ff:ff:ff:ff,ff:ff:ff:ff:ff:ff,d8:d7:75:45:81:24,d8:d7:75:45:81:24,FunBox2-8124,-45,1,2412,False,False
1778936241.4211926,management,beacon,d8:d7:75:45:81:24,ff:ff:ff:ff:ff:ff,ff:ff:ff:ff:ff:ff,d8:d7:75:45:81:24,d8:d7:75:45:81:24,FunBox2-8124,-48,1,2412,False,False
1778936241.5235987,management,beacon,d8:d7:75:45:81:24,ff:ff:ff:ff:ff:ff,ff:ff:ff:ff:ff:ff,d8:d7:75:45:81:24,d8:d7:75:45:81:24,FunBox2-8124,-46,1,2412,False,False
1778936241.5248113,data,null_data,50:02:91:e8:18:ec,d8:d7:75:45:81:24,d8:d7:75:45:81:24,50:02:91:e8:18:ec,d8:d7:75:45:81:24,,-81,1,2412,False,False
1778936241.5248165,control,ack,,50:02:91:e8:18:ec,50:02:91:e8:18:ec,,,,-47,1,2412,False,False
1778936241.6260335,management,beacon,d8:d7:75:45:81:24,ff:ff:ff:ff:ff:ff,ff:ff:ff:ff:ff:ff,d8:d7:75:45:81:24,d8:d7:75:45:81:24,FunBox2-8124,-46,1,2412,False,False
1778936241.6856823,data,null_data,50:02:91:e8:18:ec,d8:d7:75:45:81:24,d8:d7:75:45:81:24,50:02:91:e8:18:ec,d8:d7:75:45:81:24,,-80,1,2412,False,False
1778936241.685692,control,ack,,50:02:91:e8:18:ec,50:02:91:e8:18:ec,,,,-48,1,2412,False,False
1778936241.7295213,management,beacon,d8:d7:75:45:81:24,ff:ff:ff:ff:ff:ff,ff:ff:ff:ff:ff:ff,d8:d7:75:45:81:24,d8:d7:75:45:81:24,FunBox2-8124,-49,1,2412,False,False
1778936241.830823,management,beacon,d8:d7:75:45:81:24,ff:ff:ff:ff:ff:ff,ff:ff:ff:ff:ff:ff,d8:d7:75:45:81:24,d8:d7:75:45:81:24,FunBox2-8124,-45,1,2412,False,False
1778936241.9332395,management,beacon,d8:d7:75:45:81:24,ff:ff:ff:ff:ff:ff,ff:ff:ff:ff:ff:ff,d8:d7:75:45:81:24,d8:d7:75:45:81:24,FunBox2-8124,-46,1,2412,False,False
1778936242.036777,management,beacon,d8:d7:75:45:81:24,ff:ff:ff:ff:ff:ff,ff:ff:ff:ff:ff:ff,d8:d7:75:45:81:24,d8:d7:75:45:81:24,FunBox2-8124,-46,1,2412,False,False
1778936242.138058,management,beacon,d8:d7:75:45:81:24,ff:ff:ff:ff:ff:ff,ff:ff:ff:ff:ff:ff,d8:d7:75:45:81:24,d8:d7:75:45:81:24,FunBox2-8124,-45,1,2412,False,False
1778936242.2404501,management,beacon,d8:d7:75:45:81:24,ff:ff:ff:ff:ff:ff,ff:ff:ff:ff:ff:ff,d8:d7:75:45:81:24,d8:d7:75:45:81:24,FunBox2-8124,-45,1,2412,False,False
1778936242.3428366,management,beacon,d8:d7:75:45:81:24,ff:ff:ff:ff:ff:ff,ff:ff:ff:ff:ff:ff,d8:d7:75:45:81:24,d8:d7:75:45:81:24,FunBox2-8124,-45,1,2412,False,False
1778936242.4463913,management,beacon,d8:d7:75:45:81:24,ff:ff:ff:ff:ff:ff,ff:ff:ff:ff:ff:ff,d8:d7:75:45:81:24,d8:d7:75:45:81:24,FunBox2-8124,-46,1,2412,False,False
1778936242.5476475,management,beacon,d8:d7:75:45:81:24,ff:ff:ff:ff:ff:ff,ff:ff:ff:ff:ff:ff,d8:d7:75:45:81:24,d8:d7:75:45:81:24,FunBox2-8124,-45,1,2412,False,False
1778936242.7535489,management,beacon,d8:d7:75:45:81:24,ff:ff:ff:ff:ff:ff,ff:ff:ff:ff:ff:ff,d8:d7:75:45:81:24,d8:d7:75:45:81:24,FunBox2-8124,-48,1,2412,False,False
1778936242.809083,control,rts,aa:23:4f:4d:00:cf,74:ea:3a:a1:53:a6,74:ea:3a:a1:53:a6,aa:23:4f:4d:00:cf,,,-87,1,2412,False,False
1778936242.8560321,management,beacon,d8:d7:75:45:81:24,ff:ff:ff:ff:ff:ff,ff:ff:ff:ff:ff:ff,d8:d7:75:45:81:24,d8:d7:75:45:81:24,FunBox2-8124,-45,1,2412,False,False
1778936242.9572835,management,beacon,d8:d7:75:45:81:24,ff:ff:ff:ff:ff:ff,ff:ff:ff:ff:ff:ff,d8:d7:75:45:81:24,d8:d7:75:45:81:24,FunBox2-8124,-46,1,2412,False,False
1778936242.9584646,data,null_data,50:02:91:e8:18:ec,d8:d7:75:45:81:24,d8:d7:75:45:81:24,50:02:91:e8:18:ec,d8:d7:75:45:81:24,,-79,1,2412,False,False
1778936242.958469,control,ack,,50:02:91:e8:18:ec,50:02:91:e8:18:ec,,,,-48,1,2412,False,False
1778936243.0476155,data,qos_null,aa:23:4f:4d:00:cf,74:ea:3a:a1:53:a6,74:ea:3a:a1:53:a6,aa:23:4f:4d:00:cf,74:ea:3a:a1:53:a6,,-86,1,2412,False,False
1778936243.0596833,management,beacon,d8:d7:75:45:81:24,ff:ff:ff:ff:ff:ff,ff:ff:ff:ff:ff:ff,d8:d7:75:45:81:24,d8:d7:75:45:81:24,FunBox2-8124,-46,1,2412,False,False
1778936243.1193058,data,null_data,50:02:91:e8:18:ec,d8:d7:75:45:81:24,d8:d7:75:45:81:24,50:02:91:e8:18:ec,d8:d7:75:45:81:24,,-80,1,2412,False,False
1778936243.1193159,control,ack,,50:02:91:e8:18:ec,50:02:91:e8:18:ec,,,,-47,1,2412,False,False
1778936243.1620615,management,beacon,d8:d7:75:45:81:24,ff:ff:ff:ff:ff:ff,ff:ff:ff:ff:ff:ff,d8:d7:75:45:81:24,d8:d7:75:45:81:24,FunBox2-8124,-45,1,2412,False,False
1778936243.2656014,management,beacon,d8:d7:75:45:81:24,ff:ff:ff:ff:ff:ff,ff:ff:ff:ff:ff:ff,d8:d7:75:45:81:24,d8:d7:75:45:81:24,FunBox2-8124,-46,1,2412,False,False
1778936243.3668728,management,beacon,d8:d7:75:45:81:24,ff:ff:ff:ff:ff:ff,ff:ff:ff:ff:ff:ff,d8:d7:75:45:81:24,d8:d7:75:45:81:24,FunBox2-8124,-46,1,2412,False,False
1778936243.4693086,management,beacon,d8:d7:75:45:81:24,ff:ff:ff:ff:ff:ff,ff:ff:ff:ff:ff:ff,d8:d7:75:45:81:24,d8:d7:75:45:81:24,FunBox2-8124,-47,1,2412,False,False
1778936243.5722046,control,rts,aa:23:4f:4d:00:cf,74:ea:3a:a1:53:a6,74:ea:3a:a1:53:a6,aa:23:4f:4d:00:cf,,,-86,1,2412,False,False
1778936243.6752539,management,beacon,d8:d7:75:45:81:24,ff:ff:ff:ff:ff:ff,ff:ff:ff:ff:ff:ff,d8:d7:75:45:81:24,d8:d7:75:45:81:24,FunBox2-8124,-49,1,2412,False,False
1778936243.7765143,management,beacon,d8:d7:75:45:81:24,ff:ff:ff:ff:ff:ff,ff:ff:ff:ff:ff:ff,d8:d7:75:45:81:24,d8:d7:75:45:81:24,FunBox2-8124,-46,1,2412,False,False
1778936243.8788855,management,beacon,d8:d7:75:45:81:24,ff:ff:ff:ff:ff:ff,ff:ff:ff:ff:ff:ff,d8:d7:75:45:81:24,d8:d7:75:45:81:24,FunBox2-8124,-47,1,2412,False,False
1778936243.9821723,management,beacon,d8:d7:75:45:81:24,ff:ff:ff:ff:ff:ff,ff:ff:ff:ff:ff:ff,d8:d7:75:45:81:24,d8:d7:75:45:81:24,FunBox2-8124,-48,1,2412,False,False
1778936244.0837204,management,beacon,d8:d7:75:45:81:24,ff:ff:ff:ff:ff:ff,ff:ff:ff:ff:ff:ff,d8:d7:75:45:81:24,d8:d7:75:45:81:24,FunBox2-8124,-46,1,2412,False,False
1778936244.1861472,management,beacon,d8:d7:75:45:81:24,ff:ff:ff:ff:ff:ff,ff:ff:ff:ff:ff:ff,d8:d7:75:45:81:24,d8:d7:75:45:81:24,FunBox2-8124,-45,1,2412,False,False
1778936244.3909075,management,beacon,d8:d7:75:45:81:24,ff:ff:ff:ff:ff:ff,ff:ff:ff:ff:ff:ff,d8:d7:75:45:81:24,d8:d7:75:45:81:24,FunBox2-8124,-45,1,2412,False,False
1778936244.493308,management,beacon,d8:d7:75:45:81:24,ff:ff:ff:ff:ff:ff,ff:ff:ff:ff:ff:ff,d8:d7:75:45:81:24,d8:d7:75:45:81:24,FunBox2-8124,-46,1,2412,False,False
1778936244.494473,data,null_data,50:02:91:e8:18:ec,d8:d7:75:45:81:24,d8:d7:75:45:81:24,50:02:91:e8:18:ec,d8:d7:75:45:81:24,,-80,1,2412,False,False
1778936244.4944775,control,ack,,50:02:91:e8:18:ec,50:02:91:e8:18:ec,,,,-47,1,2412,False,False
1778936244.5957065,management,beacon,d8:d7:75:45:81:24,ff:ff:ff:ff:ff:ff,ff:ff:ff:ff:ff:ff,d8:d7:75:45:81:24,d8:d7:75:45:81:24,FunBox2-8124,-47,1,2412,False,False
1778936244.655256,data,null_data,50:02:91:e8:18:ec,d8:d7:75:45:81:24,d8:d7:75:45:81:24,50:02:91:e8:18:ec,d8:d7:75:45:81:24,,-80,1,2412,False,False
1778936244.6554685,data,null_data,50:02:91:e8:18:ec,d8:d7:75:45:81:24,d8:d7:75:45:81:24,50:02:91:e8:18:ec,d8:d7:75:45:81:24,,-81,1,2412,False,True
1778936244.6558328,data,null_data,50:02:91:e8:18:ec,d8:d7:75:45:81:24,d8:d7:75:45:81:24,50:02:91:e8:18:ec,d8:d7:75:45:81:24,,-80,1,2412,False,True
1778936244.6561644,data,null_data,50:02:91:e8:18:ec,d8:d7:75:45:81:24,d8:d7:75:45:81:24,50:02:91:e8:18:ec,d8:d7:75:45:81:24,,-81,1,2412,False,True
1778936244.6566901,data,null_data,50:02:91:e8:18:ec,d8:d7:75:45:81:24,d8:d7:75:45:81:24,50:02:91:e8:18:ec,d8:d7:75:45:81:24,,-81,1,2412,False,True
1778936244.6572776,data,null_data,50:02:91:e8:18:ec,d8:d7:75:45:81:24,d8:d7:75:45:81:24,50:02:91:e8:18:ec,d8:d7:75:45:81:24,,-81,1,2412,False,True
1778936244.65759,control,ack,,50:02:91:e8:18:ec,50:02:91:e8:18:ec,,,,-46,1,2412,False,False
1778936244.6981726,management,beacon,d8:d7:75:45:81:24,ff:ff:ff:ff:ff:ff,ff:ff:ff:ff:ff:ff,d8:d7:75:45:81:24,d8:d7:75:45:81:24,FunBox2-8124,-46,1,2412,False,False
1778936244.9041061,management,beacon,d8:d7:75:45:81:24,ff:ff:ff:ff:ff:ff,ff:ff:ff:ff:ff:ff,d8:d7:75:45:81:24,d8:d7:75:45:81:24,FunBox2-8124,-46,1,2412,False,False
1778936245.0053682,management,beacon,d8:d7:75:45:81:24,ff:ff:ff:ff:ff:ff,ff:ff:ff:ff:ff:ff,d8:d7:75:45:81:24,d8:d7:75:45:81:24,FunBox2-8124,-47,1,2412,False,False
1778936245.1077585,management,beacon,d8:d7:75:45:81:24,ff:ff:ff:ff:ff:ff,ff:ff:ff:ff:ff:ff,d8:d7:75:45:81:24,d8:d7:75:45:81:24,FunBox2-8124,-47,1,2412,False,False
1778936245.4149678,management,beacon,d8:d7:75:45:81:24,ff:ff:ff:ff:ff:ff,ff:ff:ff:ff:ff:ff,d8:d7:75:45:81:24,d8:d7:75:45:81:24,FunBox2-8124,-48,1,2412,False,False
1778936245.5173407,management,beacon,d8:d7:75:45:81:24,ff:ff:ff:ff:ff:ff,ff:ff:ff:ff:ff:ff,d8:d7:75:45:81:24,d8:d7:75:45:81:24,FunBox2-8124,-47,1,2412,False,False
1778936245.619803,management,beacon,d8:d7:75:45:81:24,ff:ff:ff:ff:ff:ff,ff:ff:ff:ff:ff:ff,d8:d7:75:45:81:24,d8:d7:75:45:81:24,FunBox2-8124,-47,1,2412,False,False
1778936245.722172,management,beacon,d8:d7:75:45:81:24,ff:ff:ff:ff:ff:ff,ff:ff:ff:ff:ff:ff,d8:d7:75:45:81:24,d8:d7:75:45:81:24,FunBox2-8124,-46,1,2412,False,False
1778936245.9269617,management,beacon,d8:d7:75:45:81:24,ff:ff:ff:ff:ff:ff,ff:ff:ff:ff:ff:ff,d8:d7:75:45:81:24,d8:d7:75:45:81:24,FunBox2-8124,-45,1,2412,False,False
1778936246.029383,management,beacon,d8:d7:75:45:81:24,ff:ff:ff:ff:ff:ff,ff:ff:ff:ff:ff:ff,d8:d7:75:45:81:24,d8:d7:75:45:81:24,FunBox2-8124,-49,1,2412,False,False
1778936246.03071,data,null_data,50:02:91:e8:18:ec,d8:d7:75:45:81:24,d8:d7:75:45:81:24,50:02:91:e8:18:ec,d8:d7:75:45:81:24,,-80,1,2412,False,False
1778936246.0307188,control,ack,,50:02:91:e8:18:ec,50:02:91:e8:18:ec,,,,-47,1,2412,False,False
1778936246.131816,management,beacon,d8:d7:75:45:81:24,ff:ff:ff:ff:ff:ff,ff:ff:ff:ff:ff:ff,d8:d7:75:45:81:24,d8:d7:75:45:81:24,FunBox2-8124,-45,1,2412,False,False
1778936246.1915302,data,null_data,50:02:91:e8:18:ec,d8:d7:75:45:81:24,d8:d7:75:45:81:24,50:02:91:e8:18:ec,d8:d7:75:45:81:24,,-80,1,2412,False,False
1778936246.1915429,control,ack,,50:02:91:e8:18:ec,50:02:91:e8:18:ec,,,,-48,1,2412,False,False
1778936246.2342498,management,beacon,d8:d7:75:45:81:24,ff:ff:ff:ff:ff:ff,ff:ff:ff:ff:ff:ff,d8:d7:75:45:81:24,d8:d7:75:45:81:24,FunBox2-8124,-44,1,2412,False,False
1778936246.4398909,management,beacon,d8:d7:75:45:81:24,ff:ff:ff:ff:ff:ff,ff:ff:ff:ff:ff:ff,d8:d7:75:45:81:24,d8:d7:75:45:81:24,FunBox2-8124,-45,1,2412,False,False
1778936246.4757996,management,probe_request,46:e5:c9:b7:e2:d1,ff:ff:ff:ff:ff:ff,ff:ff:ff:ff:ff:ff,46:e5:c9:b7:e2:d1,ff:ff:ff:ff:ff:ff,<hidden>,-33,1,2412,False,False
1778936246.4790359,management,probe_response,d8:d7:75:45:81:24,46:e5:c9:b7:e2:d1,46:e5:c9:b7:e2:d1,d8:d7:75:45:81:24,d8:d7:75:45:81:24,FunBox2-8124,-45,1,2412,False,False
1778936246.4793444,control,ack,,d8:d7:75:45:81:24,d8:d7:75:45:81:24,,,,-32,1,2412,False,False
1778936246.541424,management,beacon,d8:d7:75:45:81:24,ff:ff:ff:ff:ff:ff,ff:ff:ff:ff:ff:ff,d8:d7:75:45:81:24,d8:d7:75:45:81:24,FunBox2-8124,-46,1,2412,False,False
1778936246.5422847,management,probe_request,46:e5:c9:b7:e2:d1,ff:ff:ff:ff:ff:ff,ff:ff:ff:ff:ff:ff,46:e5:c9:b7:e2:d1,ff:ff:ff:ff:ff:ff,<hidden>,-33,1,2412,False,False
1778936246.6438081,management,beacon,d8:d7:75:45:81:24,ff:ff:ff:ff:ff:ff,ff:ff:ff:ff:ff:ff,d8:d7:75:45:81:24,d8:d7:75:45:81:24,FunBox2-8124,-44,1,2412,False,False
1778936246.7350566,management,probe_response,d8:d7:75:45:81:24,46:e5:c9:b7:e2:d1,46:e5:c9:b7:e2:d1,d8:d7:75:45:81:24,d8:d7:75:45:81:24,FunBox2-8124,-46,1,2412,False,False
1778936246.7388992,management,probe_response,d8:d7:75:45:81:24,46:e5:c9:b7:e2:d1,46:e5:c9:b7:e2:d1,d8:d7:75:45:81:24,d8:d7:75:45:81:24,FunBox2-8124,-46,1,2412,False,True
1778936246.7431238,management,probe_response,d8:d7:75:45:81:24,46:e5:c9:b7:e2:d1,46:e5:c9:b7:e2:d1,d8:d7:75:45:81:24,d8:d7:75:45:81:24,FunBox2-8124,-46,1,2412,False,True
1778936246.7500448,management,beacon,d8:d7:75:45:81:24,ff:ff:ff:ff:ff:ff,ff:ff:ff:ff:ff:ff,d8:d7:75:45:81:24,d8:d7:75:45:81:24,FunBox2-8124,-49,1,2412,False,False
1778936246.9510238,management,beacon,d8:d7:75:45:81:24,ff:ff:ff:ff:ff:ff,ff:ff:ff:ff:ff:ff,d8:d7:75:45:81:24,d8:d7:75:45:81:24,FunBox2-8124,-47,1,2412,False,False
1778936247.0534198,management,beacon,d8:d7:75:45:81:24,ff:ff:ff:ff:ff:ff,ff:ff:ff:ff:ff:ff,d8:d7:75:45:81:24,d8:d7:75:45:81:24,FunBox2-8124,-48,1,2412,False,False
1778936247.1558506,management,beacon,d8:d7:75:45:81:24,ff:ff:ff:ff:ff:ff,ff:ff:ff:ff:ff:ff,d8:d7:75:45:81:24,d8:d7:75:45:81:24,FunBox2-8124,-48,1,2412,False,False
1778936247.2582314,management,beacon,d8:d7:75:45:81:24,ff:ff:ff:ff:ff:ff,ff:ff:ff:ff:ff:ff,d8:d7:75:45:81:24,d8:d7:75:45:81:24,FunBox2-8124,-48,1,2412,False,False
1778936247.4630728,management,beacon,d8:d7:75:45:81:24,ff:ff:ff:ff:ff:ff,ff:ff:ff:ff:ff:ff,d8:d7:75:45:81:24,d8:d7:75:45:81:24,FunBox2-8124,-46,1,2412,False,False
1778936247.566206,management,beacon,d8:d7:75:45:81:24,ff:ff:ff:ff:ff:ff,ff:ff:ff:ff:ff:ff,d8:d7:75:45:81:24,d8:d7:75:45:81:24,FunBox2-8124,-42,1,2412,False,False
1778936247.5673914,data,null_data,50:02:91:e8:18:ec,d8:d7:75:45:81:24,d8:d7:75:45:81:24,50:02:91:e8:18:ec,d8:d7:75:45:81:24,,-80,1,2412,False,False
1778936247.5673947,control,ack,,50:02:91:e8:18:ec,50:02:91:e8:18:ec,,,,-45,1,2412,False,False
1778936247.6678698,management,beacon,d8:d7:75:45:81:24,ff:ff:ff:ff:ff:ff,ff:ff:ff:ff:ff:ff,d8:d7:75:45:81:24,d8:d7:75:45:81:24,FunBox2-8124,-46,1,2412,False,False
1778936247.728265,data,null_data,50:02:91:e8:18:ec,d8:d7:75:45:81:24,d8:d7:75:45:81:24,50:02:91:e8:18:ec,d8:d7:75:45:81:24,,-78,1,2412,False,False
1778936247.7282743,control,ack,,50:02:91:e8:18:ec,50:02:91:e8:18:ec,,,,-48,1,2412,False,False
1778936247.7702558,management,beacon,d8:d7:75:45:81:24,ff:ff:ff:ff:ff:ff,ff:ff:ff:ff:ff:ff,d8:d7:75:45:81:24,d8:d7:75:45:81:24,FunBox2-8124,-42,1,2412,False,False
1778936247.7997062,data,qos_null,aa:23:4f:4d:00:cf,74:ea:3a:a1:53:a6,74:ea:3a:a1:53:a6,aa:23:4f:4d:00:cf,74:ea:3a:a1:53:a6,,-86,1,2412,False,False
1778936247.8007703,data,qos_data,aa:23:4f:4d:00:cf,74:ea:3a:a1:53:a6,74:ea:3a:a1:53:a6,aa:23:4f:4d:00:cf,d8:a7:56:15:ac:05,,-86,1,2412,False,False
1778936247.8822138,management,probe_request,ce:fd:ea:2b:a3:43,ff:ff:ff:ff:ff:ff,ff:ff:ff:ff:ff:ff,ce:fd:ea:2b:a3:43,ff:ff:ff:ff:ff:ff,<hidden>,-50,1,2412,False,False
1778936247.8854675,management,probe_response,d8:d7:75:45:81:24,ce:fd:ea:2b:a3:43,ce:fd:ea:2b:a3:43,d8:d7:75:45:81:24,d8:d7:75:45:81:24,FunBox2-8124,-43,1,2412,False,False
1778936247.885749,control,ack,,d8:d7:75:45:81:24,d8:d7:75:45:81:24,,,,-50,1,2412,False,False
1778936247.8894186,control,ack,,ac:84:c6:41:71:22,ac:84:c6:41:71:22,,,,-50,1,2412,False,False
1778936247.902932,management,probe_request,ce:fd:ea:2b:a3:43,ff:ff:ff:ff:ff:ff,ff:ff:ff:ff:ff:ff,ce:fd:ea:2b:a3:43,ff:ff:ff:ff:ff:ff,<hidden>,-50,1,2412,False,False
1778936247.9237447,data,qos_null,d8:d7:75:45:81:24,54:35:30:cf:ee:1e,54:35:30:cf:ee:1e,d8:d7:75:45:81:24,d8:d7:75:45:81:24,,-51,1,2412,False,False
1778936247.924035,control,ack,,d8:d7:75:45:81:24,d8:d7:75:45:81:24,,,,-53,1,2412,False,False
1778936247.9762447,management,beacon,d8:d7:75:45:81:24,ff:ff:ff:ff:ff:ff,ff:ff:ff:ff:ff:ff,d8:d7:75:45:81:24,d8:d7:75:45:81:24,FunBox2-8124,-46,1,2412,False,False
1778936248.0007915,data,qos_null,aa:23:4f:4d:00:cf,74:ea:3a:a1:53:a6,74:ea:3a:a1:53:a6,aa:23:4f:4d:00:cf,74:ea:3a:a1:53:a6,,-86,1,2412,False,False
1778936248.0611298,data,qos_null,aa:23:4f:4d:00:cf,74:ea:3a:a1:53:a6,74:ea:3a:a1:53:a6,aa:23:4f:4d:00:cf,74:ea:3a:a1:53:a6,,-87,1,2412,False,False
1778936248.0774796,management,beacon,d8:d7:75:45:81:24,ff:ff:ff:ff:ff:ff,ff:ff:ff:ff:ff:ff,d8:d7:75:45:81:24,d8:d7:75:45:81:24,FunBox2-8124,-50,1,2412,False,False
1778936248.0863802,data,qos_null,aa:23:4f:4d:00:cf,74:ea:3a:a1:53:a6,74:ea:3a:a1:53:a6,aa:23:4f:4d:00:cf,74:ea:3a:a1:53:a6,,-88,1,2412,False,False
1778936248.1798737,management,beacon,d8:d7:75:45:81:24,ff:ff:ff:ff:ff:ff,ff:ff:ff:ff:ff:ff,d8:d7:75:45:81:24,d8:d7:75:45:81:24,FunBox2-8124,-47,1,2412,False,False
1778936248.1810672,data,null_data,50:02:91:e8:18:ec,d8:d7:75:45:81:24,d8:d7:75:45:81:24,50:02:91:e8:18:ec,d8:d7:75:45:81:24,,-81,1,2412,False,False
1778936248.1810699,control,ack,,50:02:91:e8:18:ec,50:02:91:e8:18:ec,,,,-48,1,2412,False,False
1778936248.181767,data,qos_null,d8:d7:75:45:81:24,50:02:91:e8:18:ec,50:02:91:e8:18:ec,d8:d7:75:45:81:24,d8:d7:75:45:81:24,,-46,1,2412,False,False
1778936248.1820881,control,ack,,d8:d7:75:45:81:24,d8:d7:75:45:81:24,,,,-84,1,2412,False,False
1778936248.3425853,data,null_data,50:02:91:e8:18:ec,d8:d7:75:45:81:24,d8:d7:75:45:81:24,50:02:91:e8:18:ec,d8:d7:75:45:81:24,,-80,1,2412,False,False
1778936248.3425963,control,ack,,50:02:91:e8:18:ec,50:02:91:e8:18:ec,,,,-44,1,2412,False,False
1778936248.487069,management,beacon,d8:d7:75:45:81:24,ff:ff:ff:ff:ff:ff,ff:ff:ff:ff:ff:ff,d8:d7:75:45:81:24,d8:d7:75:45:81:24,FunBox2-8124,-48,1,2412,False,False
1778936248.525777,management,beacon,ac:84:c6:41:71:22,ff:ff:ff:ff:ff:ff,ff:ff:ff:ff:ff:ff,ac:84:c6:41:71:22,ac:84:c6:41:71:22,TP-LINK_7122,-84,1,2412,False,False
1778936248.5894732,management,beacon,d8:d7:75:45:81:24,ff:ff:ff:ff:ff:ff,ff:ff:ff:ff:ff:ff,d8:d7:75:45:81:24,d8:d7:75:45:81:24,FunBox2-8124,-47,1,2412,False,False
1778936248.692694,management,beacon,d8:d7:75:45:81:24,ff:ff:ff:ff:ff:ff,ff:ff:ff:ff:ff:ff,d8:d7:75:45:81:24,d8:d7:75:45:81:24,FunBox2-8124,-47,1,2412,False,False
1778936248.6934636,control,cts,,ce:d0:54:70:b1:b3,ce:d0:54:70:b1:b3,,,,-82,1,2412,False,False
1778936248.7942865,management,beacon,d8:d7:75:45:81:24,ff:ff:ff:ff:ff:ff,ff:ff:ff:ff:ff:ff,d8:d7:75:45:81:24,d8:d7:75:45:81:24,FunBox2-8124,-46,1,2412,False,False
1778936248.9863687,control,ack,,ce:d0:54:70:b1:b3,ce:d0:54:70:b1:b3,,,,-86,1,2412,False,False
1778936248.9990819,management,beacon,d8:d7:75:45:81:24,ff:ff:ff:ff:ff:ff,ff:ff:ff:ff:ff:ff,d8:d7:75:45:81:24,d8:d7:75:45:81:24,FunBox2-8124,-49,1,2412,False,False
1778936249.1014779,management,beacon,d8:d7:75:45:81:24,ff:ff:ff:ff:ff:ff,ff:ff:ff:ff:ff:ff,d8:d7:75:45:81:24,d8:d7:75:45:81:24,FunBox2-8124,-45,1,2412,False,False
1778936249.2038937,management,beacon,d8:d7:75:45:81:24,ff:ff:ff:ff:ff:ff,ff:ff:ff:ff:ff:ff,d8:d7:75:45:81:24,d8:d7:75:45:81:24,FunBox2-8124,-60,1,2412,False,False
1778936249.228656,data,null_data,50:02:91:e8:18:ec,d8:d7:75:45:81:24,d8:d7:75:45:81:24,50:02:91:e8:18:ec,d8:d7:75:45:81:24,,-84,1,2412,False,False
1778936249.2286708,control,ack,,50:02:91:e8:18:ec,50:02:91:e8:18:ec,,,,-55,1,2412,False,False
1778936249.306295,management,beacon,d8:d7:75:45:81:24,ff:ff:ff:ff:ff:ff,ff:ff:ff:ff:ff:ff,d8:d7:75:45:81:24,d8:d7:75:45:81:24,FunBox2-8124,-46,1,2412,False,False
1778936249.389493,data,null_data,50:02:91:e8:18:ec,d8:d7:75:45:81:24,d8:d7:75:45:81:24,50:02:91:e8:18:ec,d8:d7:75:45:81:24,,-83,1,2412,False,False
1778936249.3895037,control,ack,,50:02:91:e8:18:ec,50:02:91:e8:18:ec,,,,-56,1,2412,False,False
1778936249.4086893,management,beacon,d8:d7:75:45:81:24,ff:ff:ff:ff:ff:ff,ff:ff:ff:ff:ff:ff,d8:d7:75:45:81:24,d8:d7:75:45:81:24,FunBox2-8124,-45,1,2412,False,False
1778936249.511096,management,beacon,d8:d7:75:45:81:24,ff:ff:ff:ff:ff:ff,ff:ff:ff:ff:ff:ff,d8:d7:75:45:81:24,d8:d7:75:45:81:24,FunBox2-8124,-55,1,2412,False,False
1778936249.6135037,management,beacon,d8:d7:75:45:81:24,ff:ff:ff:ff:ff:ff,ff:ff:ff:ff:ff:ff,d8:d7:75:45:81:24,d8:d7:75:45:81:24,FunBox2-8124,-56,1,2412,False,False
1778936249.6514974,management,beacon,ac:84:c6:41:71:22,ff:ff:ff:ff:ff:ff,ff:ff:ff:ff:ff:ff,ac:84:c6:41:71:22,ac:84:c6:41:71:22,TP-LINK_7122,-89,1,2412,False,False
1778936249.7171361,management,beacon,d8:d7:75:45:81:24,ff:ff:ff:ff:ff:ff,ff:ff:ff:ff:ff:ff,d8:d7:75:45:81:24,d8:d7:75:45:81:24,FunBox2-8124,-47,1,2412,False,False
1778936249.7183309,data,data,d8:d7:75:45:81:24,01:00:5e:00:00:01,01:00:5e:00:00:01,d8:d7:75:45:81:24,d8:d7:75:45:81:24,,-48,1,2412,True,False
1778936249.7188199,control,ack,,d8:d7:75:45:81:24,d8:d7:75:45:81:24,,,,-83,1,2412,False,False
1778936249.7188222,data,null_data,50:02:91:e8:18:ec,d8:d7:75:45:81:24,d8:d7:75:45:81:24,50:02:91:e8:18:ec,d8:d7:75:45:81:24,,-83,1,2412,False,False
1778936249.7188234,control,ack,,50:02:91:e8:18:ec,50:02:91:e8:18:ec,,,,-49,1,2412,False,False
1778936249.8183184,management,beacon,d8:d7:75:45:81:24,ff:ff:ff:ff:ff:ff,ff:ff:ff:ff:ff:ff,d8:d7:75:45:81:24,d8:d7:75:45:81:24,FunBox2-8124,-49,1,2412,False,False
1778936249.879722,data,null_data,50:02:91:e8:18:ec,d8:d7:75:45:81:24,d8:d7:75:45:81:24,50:02:91:e8:18:ec,d8:d7:75:45:81:24,,-79,1,2412,False,False
1778936249.8797379,control,ack,,50:02:91:e8:18:ec,50:02:91:e8:18:ec,,,,-53,1,2412,False,False
1778936249.9207082,management,beacon,d8:d7:75:45:81:24,ff:ff:ff:ff:ff:ff,ff:ff:ff:ff:ff:ff,d8:d7:75:45:81:24,d8:d7:75:45:81:24,FunBox2-8124,-46,1,2412,False,False
1778936250.023142,management,beacon,d8:d7:75:45:81:24,ff:ff:ff:ff:ff:ff,ff:ff:ff:ff:ff:ff,d8:d7:75:45:81:24,d8:d7:75:45:81:24,FunBox2-8124,-47,1,2412,False,False
1778936250.1268017,management,beacon,d8:d7:75:45:81:24,ff:ff:ff:ff:ff:ff,ff:ff:ff:ff:ff:ff,d8:d7:75:45:81:24,d8:d7:75:45:81:24,FunBox2-8124,-48,1,2412,False,False
1778936250.2279208,management,beacon,d8:d7:75:45:81:24,ff:ff:ff:ff:ff:ff,ff:ff:ff:ff:ff:ff,d8:d7:75:45:81:24,d8:d7:75:45:81:24,FunBox2-8124,-45,1,2412,False,False
1778936250.3303604,management,beacon,d8:d7:75:45:81:24,ff:ff:ff:ff:ff:ff,ff:ff:ff:ff:ff:ff,d8:d7:75:45:81:24,d8:d7:75:45:81:24,FunBox2-8124,-50,1,2412,False,False
1778936250.5351362,management,beacon,d8:d7:75:45:81:24,ff:ff:ff:ff:ff:ff,ff:ff:ff:ff:ff:ff,d8:d7:75:45:81:24,d8:d7:75:45:81:24,FunBox2-8124,-49,1,2412,False,False
1778936250.560331,control,rts,54:35:30:cf:ee:1e,d8:d7:75:45:81:24,d8:d7:75:45:81:24,54:35:30:cf:ee:1e,,,-55,1,2412,False,False
1778936250.5603416,control,cts,,54:35:30:cf:ee:1e,54:35:30:cf:ee:1e,,,,-45,1,2412,False,False
1778936250.5603435,data,qos_data,54:35:30:cf:ee:1e,d8:d7:75:45:81:24,d8:d7:75:45:81:24,54:35:30:cf:ee:1e,01:00:5e:7f:ff:fa,,-56,1,2412,True,False
1778936250.5603456,control,block_ack,d8:d7:75:45:81:24,54:35:30:cf:ee:1e,54:35:30:cf:ee:1e,d8:d7:75:45:81:24,,,-45,1,2412,False,False
1778936250.6375525,management,beacon,d8:d7:75:45:81:24,ff:ff:ff:ff:ff:ff,ff:ff:ff:ff:ff:ff,d8:d7:75:45:81:24,d8:d7:75:45:81:24,FunBox2-8124,-47,1,2412,False,False
1778936250.638758,data,data,d8:d7:75:45:81:24,01:00:5e:7f:ff:fa,01:00:5e:7f:ff:fa,d8:d7:75:45:81:24,54:35:30:cf:ee:1e,,-48,1,2412,True,False
1778936250.6392295,control,ack,,d8:d7:75:45:81:24,d8:d7:75:45:81:24,,,,-81,1,2412,False,False
1778936250.6392314,data,null_data,50:02:91:e8:18:ec,d8:d7:75:45:81:24,d8:d7:75:45:81:24,50:02:91:e8:18:ec,d8:d7:75:45:81:24,,-80,1,2412,False,False
1778936250.6392324,control,ack,,50:02:91:e8:18:ec,50:02:91:e8:18:ec,,,,-45,1,2412,False,False
1778936250.7399507,management,beacon,d8:d7:75:45:81:24,ff:ff:ff:ff:ff:ff,ff:ff:ff:ff:ff:ff,d8:d7:75:45:81:24,d8:d7:75:45:81:24,FunBox2-8124,-46,1,2412,False,False
1778936250.800128,control,ack,,50:02:91:e8:18:ec,50:02:91:e8:18:ec,,,,-49,1,2412,False,False
1778936250.8008263,data,null_data,50:02:91:e8:18:ec,d8:d7:75:45:81:24,d8:d7:75:45:81:24,50:02:91:e8:18:ec,d8:d7:75:45:81:24,,-84,1,2412,False,True
1778936250.8008287,control,ack,,50:02:91:e8:18:ec,50:02:91:e8:18:ec,,,,-41,1,2412,False,False
1778936250.8423736,management,beacon,d8:d7:75:45:81:24,ff:ff:ff:ff:ff:ff,ff:ff:ff:ff:ff:ff,d8:d7:75:45:81:24,d8:d7:75:45:81:24,FunBox2-8124,-42,1,2412,False,False
1778936250.94481,management,beacon,d8:d7:75:45:81:24,ff:ff:ff:ff:ff:ff,ff:ff:ff:ff:ff:ff,d8:d7:75:45:81:24,d8:d7:75:45:81:24,FunBox2-8124,-43,1,2412,False,False
1778936251.0471487,management,beacon,d8:d7:75:45:81:24,ff:ff:ff:ff:ff:ff,ff:ff:ff:ff:ff:ff,d8:d7:75:45:81:24,d8:d7:75:45:81:24,FunBox2-8124,-42,1,2412,False,False
1778936251.1495507,management,beacon,d8:d7:75:45:81:24,ff:ff:ff:ff:ff:ff,ff:ff:ff:ff:ff:ff,d8:d7:75:45:81:24,d8:d7:75:45:81:24,FunBox2-8124,-48,1,2412,False,False
1778936251.2532692,management,beacon,d8:d7:75:45:81:24,ff:ff:ff:ff:ff:ff,ff:ff:ff:ff:ff:ff,d8:d7:75:45:81:24,d8:d7:75:45:81:24,FunBox2-8124,-42,1,2412,False,False
1778936251.354407,management,beacon,d8:d7:75:45:81:24,ff:ff:ff:ff:ff:ff,ff:ff:ff:ff:ff:ff,d8:d7:75:45:81:24,d8:d7:75:45:81:24,FunBox2-8124,-49,1,2412,False,False
1778936251.4568205,management,beacon,d8:d7:75:45:81:24,ff:ff:ff:ff:ff:ff,ff:ff:ff:ff:ff:ff,d8:d7:75:45:81:24,d8:d7:75:45:81:24,FunBox2-8124,-41,1,2412,False,False
1778936251.5592458,management,beacon,d8:d7:75:45:81:24,ff:ff:ff:ff:ff:ff,ff:ff:ff:ff:ff:ff,d8:d7:75:45:81:24,d8:d7:75:45:81:24,FunBox2-8124,-42,1,2412,False,False
1778936251.6615705,management,beacon,d8:d7:75:45:81:24,ff:ff:ff:ff:ff:ff,ff:ff:ff:ff:ff:ff,d8:d7:75:45:81:24,d8:d7:75:45:81:24,FunBox2-8124,-51,1,2412,False,False
1778936251.7652779,management,beacon,d8:d7:75:45:81:24,ff:ff:ff:ff:ff:ff,ff:ff:ff:ff:ff:ff,d8:d7:75:45:81:24,d8:d7:75:45:81:24,FunBox2-8124,-42,1,2412,False,False
1778936251.866427,management,beacon,d8:d7:75:45:81:24,ff:ff:ff:ff:ff:ff,ff:ff:ff:ff:ff:ff,d8:d7:75:45:81:24,d8:d7:75:45:81:24,FunBox2-8124,-47,1,2412,False,False
1778936252.0712073,management,beacon,d8:d7:75:45:81:24,ff:ff:ff:ff:ff:ff,ff:ff:ff:ff:ff:ff,d8:d7:75:45:81:24,d8:d7:75:45:81:24,FunBox2-8124,-42,1,2412,False,False
1778936252.1735945,management,beacon,d8:d7:75:45:81:24,ff:ff:ff:ff:ff:ff,ff:ff:ff:ff:ff:ff,d8:d7:75:45:81:24,d8:d7:75:45:81:24,FunBox2-8124,-44,1,2412,False,False
1778936252.276029,management,beacon,d8:d7:75:45:81:24,ff:ff:ff:ff:ff:ff,ff:ff:ff:ff:ff:ff,d8:d7:75:45:81:24,d8:d7:75:45:81:24,FunBox2-8124,-45,1,2412,False,False
1778936252.3783953,management,beacon,d8:d7:75:45:81:24,ff:ff:ff:ff:ff:ff,ff:ff:ff:ff:ff:ff,d8:d7:75:45:81:24,d8:d7:75:45:81:24,FunBox2-8124,-47,1,2412,False,False
1778936252.5832462,management,beacon,d8:d7:75:45:81:24,ff:ff:ff:ff:ff:ff,ff:ff:ff:ff:ff:ff,d8:d7:75:45:81:24,d8:d7:75:45:81:24,FunBox2-8124,-43,1,2412,False,False
1778936252.5846283,data,null_data,50:02:91:e8:18:ec,d8:d7:75:45:81:24,d8:d7:75:45:81:24,50:02:91:e8:18:ec,d8:d7:75:45:81:24,,-81,1,2412,False,False
1778936252.5846312,control,ack,,50:02:91:e8:18:ec,50:02:91:e8:18:ec,,,,-48,1,2412,False,False
1778936252.5846322,data,null_data,50:02:91:e8:18:ec,d8:d7:75:45:81:24,d8:d7:75:45:81:24,50:02:91:e8:18:ec,d8:d7:75:45:81:24,,-81,1,2412,False,True
1778936252.5851314,data,null_data,50:02:91:e8:18:ec,d8:d7:75:45:81:24,d8:d7:75:45:81:24,50:02:91:e8:18:ec,d8:d7:75:45:81:24,,-80,1,2412,False,True
1778936252.585133,control,ack,,50:02:91:e8:18:ec,50:02:91:e8:18:ec,,,,-45,1,2412,False,False
1778936252.6856315,management,beacon,d8:d7:75:45:81:24,ff:ff:ff:ff:ff:ff,ff:ff:ff:ff:ff:ff,d8:d7:75:45:81:24,d8:d7:75:45:81:24,FunBox2-8124,-47,1,2412,False,False
1778936252.7216165,management,beacon,ac:84:c6:41:71:22,ff:ff:ff:ff:ff:ff,ff:ff:ff:ff:ff:ff,ac:84:c6:41:71:22,ac:84:c6:41:71:22,TP-LINK_7122,-89,1,2412,False,False
1778936252.7459977,data,null_data,50:02:91:e8:18:ec,d8:d7:75:45:81:24,d8:d7:75:45:81:24,50:02:91:e8:18:ec,d8:d7:75:45:81:24,,-80,1,2412,False,False
1778936252.7460098,control,ack,,50:02:91:e8:18:ec,50:02:91:e8:18:ec,,,,-53,1,2412,False,False
1778936252.789295,management,beacon,d8:d7:75:45:81:24,ff:ff:ff:ff:ff:ff,ff:ff:ff:ff:ff:ff,d8:d7:75:45:81:24,d8:d7:75:45:81:24,FunBox2-8124,-43,1,2412,False,False
1778936253.0952702,management,beacon,d8:d7:75:45:81:24,ff:ff:ff:ff:ff:ff,ff:ff:ff:ff:ff:ff,d8:d7:75:45:81:24,d8:d7:75:45:81:24,FunBox2-8124,-53,1,2412,False,False
1778936253.1977131,management,beacon,d8:d7:75:45:81:24,ff:ff:ff:ff:ff:ff,ff:ff:ff:ff:ff:ff,d8:d7:75:45:81:24,d8:d7:75:45:81:24,FunBox2-8124,-41,1,2412,False,False
1778936253.4024537,management,beacon,d8:d7:75:45:81:24,ff:ff:ff:ff:ff:ff,ff:ff:ff:ff:ff:ff,d8:d7:75:45:81:24,d8:d7:75:45:81:24,FunBox2-8124,-42,1,2412,False,False
1778936253.607245,management,beacon,d8:d7:75:45:81:24,ff:ff:ff:ff:ff:ff,ff:ff:ff:ff:ff:ff,d8:d7:75:45:81:24,d8:d7:75:45:81:24,FunBox2-8124,-49,1,2412,False,False
1778936253.7096646,management,beacon,d8:d7:75:45:81:24,ff:ff:ff:ff:ff:ff,ff:ff:ff:ff:ff:ff,d8:d7:75:45:81:24,d8:d7:75:45:81:24,FunBox2-8124,-51,1,2412,False,False
1778936254.0180924,control,ack,,50:02:91:e8:18:ec,50:02:91:e8:18:ec,,,,-55,1,2412,False,False
1778936254.119266,management,beacon,d8:d7:75:45:81:24,ff:ff:ff:ff:ff:ff,ff:ff:ff:ff:ff:ff,d8:d7:75:45:81:24,d8:d7:75:45:81:24,FunBox2-8124,-55,1,2412,False,False
1778936254.1789792,data,null_data,50:02:91:e8:18:ec,d8:d7:75:45:81:24,d8:d7:75:45:81:24,50:02:91:e8:18:ec,d8:d7:75:45:81:24,,-82,1,2412,False,False
1778936254.178992,control,ack,,50:02:91:e8:18:ec,50:02:91:e8:18:ec,,,,-43,1,2412,False,False
1778936254.2217035,management,beacon,d8:d7:75:45:81:24,ff:ff:ff:ff:ff:ff,ff:ff:ff:ff:ff:ff,d8:d7:75:45:81:24,d8:d7:75:45:81:24,FunBox2-8124,-44,1,2412,False,False
1778936254.426515,management,beacon,d8:d7:75:45:81:24,ff:ff:ff:ff:ff:ff,ff:ff:ff:ff:ff:ff,d8:d7:75:45:81:24,d8:d7:75:45:81:24,FunBox2-8124,-54,1,2412,False,False
1778936254.6312802,management,beacon,d8:d7:75:45:81:24,ff:ff:ff:ff:ff:ff,ff:ff:ff:ff:ff:ff,d8:d7:75:45:81:24,d8:d7:75:45:81:24,FunBox2-8124,-56,1,2412,False,False
1778936254.7362347,management,beacon,d8:d7:75:45:81:24,ff:ff:ff:ff:ff:ff,ff:ff:ff:ff:ff:ff,d8:d7:75:45:81:24,d8:d7:75:45:81:24,FunBox2-8124,-57,1,2412,False,False
1778936254.9353864,control,ack,,ce:d0:54:70:b1:b3,ce:d0:54:70:b1:b3,,,,-90,1,2412,False,False
1778936254.9384985,management,beacon,d8:d7:75:45:81:24,ff:ff:ff:ff:ff:ff,ff:ff:ff:ff:ff:ff,d8:d7:75:45:81:24,d8:d7:75:45:81:24,FunBox2-8124,-55,1,2412,False,False
1778936255.0753822,management,beacon,ac:84:c6:41:71:22,ff:ff:ff:ff:ff:ff,ff:ff:ff:ff:ff:ff,ac:84:c6:41:71:22,ac:84:c6:41:71:22,TP-LINK_7122,-85,1,2412,False,False
1778936255.1433213,management,beacon,d8:d7:75:45:81:24,ff:ff:ff:ff:ff:ff,ff:ff:ff:ff:ff:ff,d8:d7:75:45:81:24,d8:d7:75:45:81:24,FunBox2-8124,-54,1,2412,False,False
1778936255.245727,management,beacon,d8:d7:75:45:81:24,ff:ff:ff:ff:ff:ff,ff:ff:ff:ff:ff:ff,d8:d7:75:45:81:24,d8:d7:75:45:81:24,FunBox2-8124,-55,1,2412,False,False
1778936255.3481493,management,beacon,d8:d7:75:45:81:24,ff:ff:ff:ff:ff:ff,ff:ff:ff:ff:ff:ff,d8:d7:75:45:81:24,d8:d7:75:45:81:24,FunBox2-8124,-47,1,2412,False,False
1778936255.4505656,management,beacon,d8:d7:75:45:81:24,ff:ff:ff:ff:ff:ff,ff:ff:ff:ff:ff:ff,d8:d7:75:45:81:24,d8:d7:75:45:81:24,FunBox2-8124,-54,1,2412,False,False
1778936255.5541072,data,null_data,50:02:91:e8:18:ec,d8:d7:75:45:81:24,d8:d7:75:45:81:24,50:02:91:e8:18:ec,d8:d7:75:45:81:24,,-80,1,2412,False,False
1778936255.554123,control,ack,,50:02:91:e8:18:ec,50:02:91:e8:18:ec,,,,-52,1,2412,False,False
1778936255.6566598,management,beacon,d8:d7:75:45:81:24,ff:ff:ff:ff:ff:ff,ff:ff:ff:ff:ff:ff,d8:d7:75:45:81:24,d8:d7:75:45:81:24,FunBox2-8124,-43,1,2412,False,False
1778936255.714963,data,null_data,50:02:91:e8:18:ec,d8:d7:75:45:81:24,d8:d7:75:45:81:24,50:02:91:e8:18:ec,d8:d7:75:45:81:24,,-80,1,2412,False,False
1778936255.714971,control,ack,,50:02:91:e8:18:ec,50:02:91:e8:18:ec,,,,-53,1,2412,False,False
1778936255.757779,management,beacon,d8:d7:75:45:81:24,ff:ff:ff:ff:ff:ff,ff:ff:ff:ff:ff:ff,d8:d7:75:45:81:24,d8:d7:75:45:81:24,FunBox2-8124,-53,1,2412,False,False
1778936255.9625518,management,beacon,d8:d7:75:45:81:24,ff:ff:ff:ff:ff:ff,ff:ff:ff:ff:ff:ff,d8:d7:75:45:81:24,d8:d7:75:45:81:24,FunBox2-8124,-54,1,2412,False,False
1778936256.1673586,management,beacon,d8:d7:75:45:81:24,ff:ff:ff:ff:ff:ff,ff:ff:ff:ff:ff:ff,d8:d7:75:45:81:24,d8:d7:75:45:81:24,FunBox2-8124,-50,1,2412,False,False
1778936256.269791,management,beacon,d8:d7:75:45:81:24,ff:ff:ff:ff:ff:ff,ff:ff:ff:ff:ff:ff,d8:d7:75:45:81:24,d8:d7:75:45:81:24,FunBox2-8124,-50,1,2412,False,False
1778936256.372181,management,beacon,d8:d7:75:45:81:24,ff:ff:ff:ff:ff:ff,ff:ff:ff:ff:ff:ff,d8:d7:75:45:81:24,d8:d7:75:45:81:24,FunBox2-8124,-51,1,2412,False,False
1778936256.4759583,management,beacon,d8:d7:75:45:81:24,ff:ff:ff:ff:ff:ff,ff:ff:ff:ff:ff:ff,d8:d7:75:45:81:24,d8:d7:75:45:81:24,FunBox2-8124,-46,1,2412,False,False
1778936256.6793973,management,beacon,d8:d7:75:45:81:24,ff:ff:ff:ff:ff:ff,ff:ff:ff:ff:ff:ff,d8:d7:75:45:81:24,d8:d7:75:45:81:24,FunBox2-8124,-53,1,2412,False,False
1778936256.781808,management,beacon,d8:d7:75:45:81:24,ff:ff:ff:ff:ff:ff,ff:ff:ff:ff:ff:ff,d8:d7:75:45:81:24,d8:d7:75:45:81:24,FunBox2-8124,-57,1,2412,False,False
1778936256.88418,management,beacon,d8:d7:75:45:81:24,ff:ff:ff:ff:ff:ff,ff:ff:ff:ff:ff:ff,d8:d7:75:45:81:24,d8:d7:75:45:81:24,FunBox2-8124,-53,1,2412,False,False
1778936256.9865718,management,beacon,d8:d7:75:45:81:24,ff:ff:ff:ff:ff:ff,ff:ff:ff:ff:ff:ff,d8:d7:75:45:81:24,d8:d7:75:45:81:24,FunBox2-8124,-52,1,2412,False,False
1778936257.0963922,management,beacon,d8:d7:75:45:81:24,ff:ff:ff:ff:ff:ff,ff:ff:ff:ff:ff:ff,d8:d7:75:45:81:24,d8:d7:75:45:81:24,FunBox2-8124,-51,1,2412,False,False
1778936257.0975485,data,null_data,50:02:91:e8:18:ec,d8:d7:75:45:81:24,d8:d7:75:45:81:24,50:02:91:e8:18:ec,d8:d7:75:45:81:24,,-82,1,2412,False,False
1778936257.0975513,control,ack,,50:02:91:e8:18:ec,50:02:91:e8:18:ec,,,,-54,1,2412,False,False
1778936257.1990755,management,beacon,d8:d7:75:45:81:24,ff:ff:ff:ff:ff:ff,ff:ff:ff:ff:ff:ff,d8:d7:75:45:81:24,d8:d7:75:45:81:24,FunBox2-8124,-56,1,2412,False,False
1778936257.258393,data,null_data,50:02:91:e8:18:ec,d8:d7:75:45:81:24,d8:d7:75:45:81:24,50:02:91:e8:18:ec,d8:d7:75:45:81:24,,-80,1,2412,False,False
1778936257.2584035,control,ack,,50:02:91:e8:18:ec,50:02:91:e8:18:ec,,,,-57,1,2412,False,False
1778936257.2938385,management,beacon,d8:d7:75:45:81:24,ff:ff:ff:ff:ff:ff,ff:ff:ff:ff:ff:ff,d8:d7:75:45:81:24,d8:d7:75:45:81:24,FunBox2-8124,-58,1,2412,False,False
1778936257.396217,management,beacon,d8:d7:75:45:81:24,ff:ff:ff:ff:ff:ff,ff:ff:ff:ff:ff:ff,d8:d7:75:45:81:24,d8:d7:75:45:81:24,FunBox2-8124,-52,1,2412,False,False
1778936257.4986086,management,beacon,d8:d7:75:45:81:24,ff:ff:ff:ff:ff:ff,ff:ff:ff:ff:ff:ff,d8:d7:75:45:81:24,d8:d7:75:45:81:24,FunBox2-8124,-52,1,2412,False,False
1778936257.600995,management,beacon,d8:d7:75:45:81:24,ff:ff:ff:ff:ff:ff,ff:ff:ff:ff:ff:ff,d8:d7:75:45:81:24,d8:d7:75:45:81:24,FunBox2-8124,-53,1,2412,False,False
1778936257.704387,data,data,d8:d7:75:45:81:24,ff:ff:ff:ff:ff:ff,ff:ff:ff:ff:ff:ff,d8:d7:75:45:81:24,d8:d7:75:45:81:24,,-47,1,2412,True,False
1778936257.7048793,control,ack,,d8:d7:75:45:81:24,d8:d7:75:45:81:24,,,,-83,1,2412,False,False
1778936257.7048817,data,null_data,50:02:91:e8:18:ec,d8:d7:75:45:81:24,d8:d7:75:45:81:24,50:02:91:e8:18:ec,d8:d7:75:45:81:24,,-83,1,2412,False,False
1778936257.7048829,control,ack,,50:02:91:e8:18:ec,50:02:91:e8:18:ec,,,,-48,1,2412,False,False
1778936257.7061856,data,data,d8:d7:75:45:81:24,ff:ff:ff:ff:ff:ff,ff:ff:ff:ff:ff:ff,d8:d7:75:45:81:24,d8:d7:75:45:81:24,,-44,1,2412,True,False
1778936257.7064934,control,ack,,d8:d7:75:45:81:24,d8:d7:75:45:81:24,,,,-83,1,2412,False,False
1778936257.8058014,management,beacon,d8:d7:75:45:81:24,ff:ff:ff:ff:ff:ff,ff:ff:ff:ff:ff:ff,d8:d7:75:45:81:24,d8:d7:75:45:81:24,FunBox2-8124,-48,1,2412,False,False
1778936257.866915,data,null_data,50:02:91:e8:18:ec,d8:d7:75:45:81:24,d8:d7:75:45:81:24,50:02:91:e8:18:ec,d8:d7:75:45:81:24,,-83,1,2412,False,False
1778936257.8669264,control,ack,,50:02:91:e8:18:ec,50:02:91:e8:18:ec,,,,-48,1,2412,False,False
1778936257.908234,management,beacon,d8:d7:75:45:81:24,ff:ff:ff:ff:ff:ff,ff:ff:ff:ff:ff:ff,d8:d7:75:45:81:24,d8:d7:75:45:81:24,FunBox2-8124,-43,1,2412,False,False
1778936258.0106826,management,beacon,d8:d7:75:45:81:24,ff:ff:ff:ff:ff:ff,ff:ff:ff:ff:ff:ff,d8:d7:75:45:81:24,d8:d7:75:45:81:24,FunBox2-8124,-51,1,2412,False,False
1778936258.113016,management,beacon,d8:d7:75:45:81:24,ff:ff:ff:ff:ff:ff,ff:ff:ff:ff:ff:ff,d8:d7:75:45:81:24,d8:d7:75:45:81:24,FunBox2-8124,-48,1,2412,False,False
1778936258.3178167,management,beacon,d8:d7:75:45:81:24,ff:ff:ff:ff:ff:ff,ff:ff:ff:ff:ff:ff,d8:d7:75:45:81:24,d8:d7:75:45:81:24,FunBox2-8124,-43,1,2412,False,False
1778936258.414831,data,qos_null,aa:23:4f:4d:00:cf,74:ea:3a:a1:53:a6,74:ea:3a:a1:53:a6,aa:23:4f:4d:00:cf,74:ea:3a:a1:53:a6,,-88,1,2412,False,False
1778936258.4202278,management,beacon,d8:d7:75:45:81:24,ff:ff:ff:ff:ff:ff,ff:ff:ff:ff:ff:ff,d8:d7:75:45:81:24,d8:d7:75:45:81:24,FunBox2-8124,-45,1,2412,False,False
1778936258.5226467,management,beacon,d8:d7:75:45:81:24,ff:ff:ff:ff:ff:ff,ff:ff:ff:ff:ff:ff,d8:d7:75:45:81:24,d8:d7:75:45:81:24,FunBox2-8124,-44,1,2412,False,False
1778936258.5953948,data,qos_null,aa:23:4f:4d:00:cf,74:ea:3a:a1:53:a6,74:ea:3a:a1:53:a6,aa:23:4f:4d:00:cf,74:ea:3a:a1:53:a6,,-86,1,2412,False,False
1778936258.6250525,management,beacon,d8:d7:75:45:81:24,ff:ff:ff:ff:ff:ff,ff:ff:ff:ff:ff:ff,d8:d7:75:45:81:24,d8:d7:75:45:81:24,FunBox2-8124,-46,1,2412,False,False
1778936258.8298419,management,beacon,d8:d7:75:45:81:24,ff:ff:ff:ff:ff:ff,ff:ff:ff:ff:ff:ff,d8:d7:75:45:81:24,d8:d7:75:45:81:24,FunBox2-8124,-51,1,2412,False,False
1778936259.0346992,management,beacon,d8:d7:75:45:81:24,ff:ff:ff:ff:ff:ff,ff:ff:ff:ff:ff:ff,d8:d7:75:45:81:24,d8:d7:75:45:81:24,FunBox2-8124,-45,1,2412,False,False
1778936259.137103,management,beacon,d8:d7:75:45:81:24,ff:ff:ff:ff:ff:ff,ff:ff:ff:ff:ff:ff,d8:d7:75:45:81:24,d8:d7:75:45:81:24,FunBox2-8124,-50,1,2412,False,False
1778936259.2292104,data,null_data,50:02:91:e8:18:ec,d8:d7:75:45:81:24,d8:d7:75:45:81:24,50:02:91:e8:18:ec,d8:d7:75:45:81:24,,-82,1,2412,False,False
1778936259.2292285,control,ack,,50:02:91:e8:18:ec,50:02:91:e8:18:ec,,,,-48,1,2412,False,False
1778936259.3419185,management,beacon,d8:d7:75:45:81:24,ff:ff:ff:ff:ff:ff,ff:ff:ff:ff:ff:ff,d8:d7:75:45:81:24,d8:d7:75:45:81:24,FunBox2-8124,-47,1,2412,False,False
1778936259.4443026,management,beacon,d8:d7:75:45:81:24,ff:ff:ff:ff:ff:ff,ff:ff:ff:ff:ff:ff,d8:d7:75:45:81:24,d8:d7:75:45:81:24,FunBox2-8124,-45,1,2412,False,False
1778936259.5467167,management,beacon,d8:d7:75:45:81:24,ff:ff:ff:ff:ff:ff,ff:ff:ff:ff:ff:ff,d8:d7:75:45:81:24,d8:d7:75:45:81:24,FunBox2-8124,-45,1,2412,False,False
1778936259.547873,data,null_data,50:02:91:e8:18:ec,d8:d7:75:45:81:24,d8:d7:75:45:81:24,50:02:91:e8:18:ec,d8:d7:75:45:81:24,,-82,1,2412,False,False
1778936259.5478768,control,ack,,50:02:91:e8:18:ec,50:02:91:e8:18:ec,,,,-49,1,2412,False,False
1778936259.6788762,management,probe_request,2a:86:6b:6f:e9:36,ff:ff:ff:ff:ff:ff,ff:ff:ff:ff:ff:ff,2a:86:6b:6f:e9:36,ff:ff:ff:ff:ff:ff,<hidden>,-39,1,2412,False,False
1778936259.679178,control,ack,,2a:86:6b:6f:e9:36,2a:86:6b:6f:e9:36,,,,-84,1,2412,False,False
1778936259.688276,control,ack,,d8:d7:75:45:81:24,d8:d7:75:45:81:24,,,,-39,1,2412,False,False
1778936259.6995277,control,ack,,2a:86:6b:6f:e9:36,2a:86:6b:6f:e9:36,,,,-85,1,2412,False,False
1778936259.7087126,data,null_data,50:02:91:e8:18:ec,d8:d7:75:45:81:24,d8:d7:75:45:81:24,50:02:91:e8:18:ec,d8:d7:75:45:81:24,,-82,1,2412,False,False
1778936259.7087302,control,ack,,50:02:91:e8:18:ec,50:02:91:e8:18:ec,,,,-49,1,2412,False,False
1778936259.853881,management,beacon,d8:d7:75:45:81:24,ff:ff:ff:ff:ff:ff,ff:ff:ff:ff:ff:ff,d8:d7:75:45:81:24,d8:d7:75:45:81:24,FunBox2-8124,-46,1,2412,False,False
1778936259.885261,management,beacon,ac:84:c6:41:71:22,ff:ff:ff:ff:ff:ff,ff:ff:ff:ff:ff:ff,ac:84:c6:41:71:22,ac:84:c6:41:71:22,TP-LINK_7122,-86,1,2412,False,False
1778936259.9577248,management,beacon,d8:d7:75:45:81:24,ff:ff:ff:ff:ff:ff,ff:ff:ff:ff:ff:ff,d8:d7:75:45:81:24,d8:d7:75:45:81:24,FunBox2-8124,-44,1,2412,False,False
1778936260.0586905,management,beacon,d8:d7:75:45:81:24,ff:ff:ff:ff:ff:ff,ff:ff:ff:ff:ff:ff,d8:d7:75:45:81:24,d8:d7:75:45:81:24,FunBox2-8124,-48,1,2412,False,False
1778936260.366147,management,beacon,d8:d7:75:45:81:24,ff:ff:ff:ff:ff:ff,ff:ff:ff:ff:ff:ff,d8:d7:75:45:81:24,d8:d7:75:45:81:24,FunBox2-8124,-44,1,2412,False,False
1778936260.4682968,management,beacon,d8:d7:75:45:81:24,ff:ff:ff:ff:ff:ff,ff:ff:ff:ff:ff:ff,d8:d7:75:45:81:24,d8:d7:75:45:81:24,FunBox2-8124,-43,1,2412,False,False
1778936260.6731582,management,beacon,d8:d7:75:45:81:24,ff:ff:ff:ff:ff:ff,ff:ff:ff:ff:ff:ff,d8:d7:75:45:81:24,d8:d7:75:45:81:24,FunBox2-8124,-43,1,2412,False,False
1778936260.8779101,management,beacon,d8:d7:75:45:81:24,ff:ff:ff:ff:ff:ff,ff:ff:ff:ff:ff:ff,d8:d7:75:45:81:24,d8:d7:75:45:81:24,FunBox2-8124,-43,1,2412,False,False
1778936260.908628,management,beacon,ac:84:c6:41:71:22,ff:ff:ff:ff:ff:ff,ff:ff:ff:ff:ff:ff,ac:84:c6:41:71:22,ac:84:c6:41:71:22,TP-LINK_7122,-85,1,2412,False,False
1778936260.9817762,management,beacon,d8:d7:75:45:81:24,ff:ff:ff:ff:ff:ff,ff:ff:ff:ff:ff:ff,d8:d7:75:45:81:24,d8:d7:75:45:81:24,FunBox2-8124,-45,1,2412,False,False
1778936261.0827215,management,beacon,d8:d7:75:45:81:24,ff:ff:ff:ff:ff:ff,ff:ff:ff:ff:ff:ff,d8:d7:75:45:81:24,d8:d7:75:45:81:24,FunBox2-8124,-44,1,2412,False,False
1778936261.1851244,management,beacon,d8:d7:75:45:81:24,ff:ff:ff:ff:ff:ff,ff:ff:ff:ff:ff:ff,d8:d7:75:45:81:24,d8:d7:75:45:81:24,FunBox2-8124,-44,1,2412,False,False
1778936261.1863532,data,null_data,50:02:91:e8:18:ec,d8:d7:75:45:81:24,d8:d7:75:45:81:24,50:02:91:e8:18:ec,d8:d7:75:45:81:24,,-85,1,2412,False,False
1778936261.1863577,control,ack,,50:02:91:e8:18:ec,50:02:91:e8:18:ec,,,,-47,1,2412,False,False
1778936261.3451643,data,data,d8:d7:75:45:81:24,33:33:00:00:00:01,33:33:00:00:00:01,d8:d7:75:45:81:24,d8:d7:75:45:81:24,,-43,1,2412,True,False
1778936261.345448,control,ack,,d8:d7:75:45:81:24,d8:d7:75:45:81:24,,,,-85,1,2412,False,False
1778936261.347067,data,data,d8:d7:75:45:81:24,33:33:00:00:00:01,33:33:00:00:00:01,d8:d7:75:45:81:24,d8:d7:75:45:81:24,,-45,1,2412,True,False
1778936261.3473692,control,ack,,d8:d7:75:45:81:24,d8:d7:75:45:81:24,,,,-83,1,2412,False,False
1778936261.389932,management,beacon,d8:d7:75:45:81:24,ff:ff:ff:ff:ff:ff,ff:ff:ff:ff:ff:ff,d8:d7:75:45:81:24,d8:d7:75:45:81:24,FunBox2-8124,-43,1,2412,False,False
1778936261.4923553,management,beacon,d8:d7:75:45:81:24,ff:ff:ff:ff:ff:ff,ff:ff:ff:ff:ff:ff,d8:d7:75:45:81:24,d8:d7:75:45:81:24,FunBox2-8124,-46,1,2412,False,False
1778936261.5078115,data,null_data,50:02:91:e8:18:ec,d8:d7:75:45:81:24,d8:d7:75:45:81:24,50:02:91:e8:18:ec,d8:d7:75:45:81:24,,-81,1,2412,False,False
1778936261.5078197,control,ack,,50:02:91:e8:18:ec,50:02:91:e8:18:ec,,,,-47,1,2412,False,False
1778936261.594732,management,beacon,d8:d7:75:45:81:24,ff:ff:ff:ff:ff:ff,ff:ff:ff:ff:ff:ff,d8:d7:75:45:81:24,d8:d7:75:45:81:24,FunBox2-8124,-44,1,2412,False,False
1778936261.6971848,management,beacon,d8:d7:75:45:81:24,ff:ff:ff:ff:ff:ff,ff:ff:ff:ff:ff:ff,d8:d7:75:45:81:24,d8:d7:75:45:81:24,FunBox2-8124,-45,1,2412,False,False
1778936261.9019551,management,beacon,d8:d7:75:45:81:24,ff:ff:ff:ff:ff:ff,ff:ff:ff:ff:ff:ff,d8:d7:75:45:81:24,d8:d7:75:45:81:24,FunBox2-8124,-46,1,2412,False,False
1778936262.0043879,management,beacon,d8:d7:75:45:81:24,ff:ff:ff:ff:ff:ff,ff:ff:ff:ff:ff:ff,d8:d7:75:45:81:24,d8:d7:75:45:81:24,FunBox2-8124,-42,1,2412,False,False
1778936262.1077557,management,beacon,d8:d7:75:45:81:24,ff:ff:ff:ff:ff:ff,ff:ff:ff:ff:ff:ff,d8:d7:75:45:81:24,d8:d7:75:45:81:24,FunBox2-8124,-46,1,2412,False,False
1778936262.2091894,management,beacon,d8:d7:75:45:81:24,ff:ff:ff:ff:ff:ff,ff:ff:ff:ff:ff:ff,d8:d7:75:45:81:24,d8:d7:75:45:81:24,FunBox2-8124,-43,1,2412,False,False
1778936262.3127918,data,null_data,50:02:91:e8:18:ec,d8:d7:75:45:81:24,d8:d7:75:45:81:24,50:02:91:e8:18:ec,d8:d7:75:45:81:24,,-79,1,2412,False,False
1778936262.3128016,control,ack,,50:02:91:e8:18:ec,50:02:91:e8:18:ec,,,,-45,1,2412,False,False
1778936262.4140263,management,beacon,d8:d7:75:45:81:24,ff:ff:ff:ff:ff:ff,ff:ff:ff:ff:ff:ff,d8:d7:75:45:81:24,d8:d7:75:45:81:24,FunBox2-8124,-42,1,2412,False,False
1778936262.47364,data,null_data,50:02:91:e8:18:ec,d8:d7:75:45:81:24,d8:d7:75:45:81:24,50:02:91:e8:18:ec,d8:d7:75:45:81:24,,-80,1,2412,False,False
1778936262.47365,control,ack,,50:02:91:e8:18:ec,50:02:91:e8:18:ec,,,,-44,1,2412,False,False
1778936262.516381,management,beacon,d8:d7:75:45:81:24,ff:ff:ff:ff:ff:ff,ff:ff:ff:ff:ff:ff,d8:d7:75:45:81:24,d8:d7:75:45:81:24,FunBox2-8124,-46,1,2412,False,False
1778936262.6202848,management,beacon,d8:d7:75:45:81:24,ff:ff:ff:ff:ff:ff,ff:ff:ff:ff:ff:ff,d8:d7:75:45:81:24,d8:d7:75:45:81:24,FunBox2-8124,-46,1,2412,False,False
1778936262.7211828,management,beacon,d8:d7:75:45:81:24,ff:ff:ff:ff:ff:ff,ff:ff:ff:ff:ff:ff,d8:d7:75:45:81:24,d8:d7:75:45:81:24,FunBox2-8124,-47,1,2412,False,False
1778936262.8235862,management,beacon,d8:d7:75:45:81:24,ff:ff:ff:ff:ff:ff,ff:ff:ff:ff:ff:ff,d8:d7:75:45:81:24,d8:d7:75:45:81:24,FunBox2-8124,-49,1,2412,False,False
1778936262.9260008,management,beacon,d8:d7:75:45:81:24,ff:ff:ff:ff:ff:ff,ff:ff:ff:ff:ff:ff,d8:d7:75:45:81:24,d8:d7:75:45:81:24,FunBox2-8124,-47,1,2412,False,False
1778936263.1308188,management,beacon,d8:d7:75:45:81:24,ff:ff:ff:ff:ff:ff,ff:ff:ff:ff:ff:ff,d8:d7:75:45:81:24,d8:d7:75:45:81:24,FunBox2-8124,-50,1,2412,False,False
1778936263.2332287,management,beacon,d8:d7:75:45:81:24,ff:ff:ff:ff:ff:ff,ff:ff:ff:ff:ff:ff,d8:d7:75:45:81:24,d8:d7:75:45:81:24,FunBox2-8124,-55,1,2412,False,False
1778936263.3356478,management,beacon,d8:d7:75:45:81:24,ff:ff:ff:ff:ff:ff,ff:ff:ff:ff:ff:ff,d8:d7:75:45:81:24,d8:d7:75:45:81:24,FunBox2-8124,-53,1,2412,False,False
1778936263.4380062,management,beacon,d8:d7:75:45:81:24,ff:ff:ff:ff:ff:ff,ff:ff:ff:ff:ff:ff,d8:d7:75:45:81:24,d8:d7:75:45:81:24,FunBox2-8124,-54,1,2412,False,False
1778936263.6443324,management,beacon,d8:d7:75:45:81:24,ff:ff:ff:ff:ff:ff,ff:ff:ff:ff:ff:ff,d8:d7:75:45:81:24,d8:d7:75:45:81:24,FunBox2-8124,-46,1,2412,False,False
1778936263.7452343,management,beacon,d8:d7:75:45:81:24,ff:ff:ff:ff:ff:ff,ff:ff:ff:ff:ff:ff,d8:d7:75:45:81:24,d8:d7:75:45:81:24,FunBox2-8124,-44,1,2412,False,False
1778936263.8503237,data,null_data,50:02:91:e8:18:ec,d8:d7:75:45:81:24,d8:d7:75:45:81:24,50:02:91:e8:18:ec,d8:d7:75:45:81:24,,-82,1,2412,False,False
1778936263.8503382,control,ack,,50:02:91:e8:18:ec,50:02:91:e8:18:ec,,,,-43,1,2412,False,False
1778936263.95017,management,beacon,d8:d7:75:45:81:24,ff:ff:ff:ff:ff:ff,ff:ff:ff:ff:ff:ff,d8:d7:75:45:81:24,d8:d7:75:45:81:24,FunBox2-8124,-49,1,2412,False,False
1778936264.0111747,data,null_data,50:02:91:e8:18:ec,d8:d7:75:45:81:24,d8:d7:75:45:81:24,50:02:91:e8:18:ec,d8:d7:75:45:81:24,,-83,1,2412,False,False
1778936264.0111897,control,ack,,50:02:91:e8:18:ec,50:02:91:e8:18:ec,,,,-49,1,2412,False,False
1778936264.0524836,management,beacon,d8:d7:75:45:81:24,ff:ff:ff:ff:ff:ff,ff:ff:ff:ff:ff:ff,d8:d7:75:45:81:24,d8:d7:75:45:81:24,FunBox2-8124,-44,1,2412,False,False
1778936264.2572963,management,beacon,d8:d7:75:45:81:24,ff:ff:ff:ff:ff:ff,ff:ff:ff:ff:ff:ff,d8:d7:75:45:81:24,d8:d7:75:45:81:24,FunBox2-8124,-57,1,2412,False,False
1778936264.3596432,management,beacon,d8:d7:75:45:81:24,ff:ff:ff:ff:ff:ff,ff:ff:ff:ff:ff:ff,d8:d7:75:45:81:24,d8:d7:75:45:81:24,FunBox2-8124,-49,1,2412,False,False
1778936264.4620469,management,beacon,d8:d7:75:45:81:24,ff:ff:ff:ff:ff:ff,ff:ff:ff:ff:ff:ff,d8:d7:75:45:81:24,d8:d7:75:45:81:24,FunBox2-8124,-58,1,2412,False,False
1778936264.5644577,management,beacon,d8:d7:75:45:81:24,ff:ff:ff:ff:ff:ff,ff:ff:ff:ff:ff:ff,d8:d7:75:45:81:24,d8:d7:75:45:81:24,FunBox2-8124,-60,1,2412,False,False
1778936264.7716494,management,beacon,d8:d7:75:45:81:24,ff:ff:ff:ff:ff:ff,ff:ff:ff:ff:ff:ff,d8:d7:75:45:81:24,d8:d7:75:45:81:24,FunBox2-8124,-49,1,2412,False,False
1778936264.8717215,management,beacon,d8:d7:75:45:81:24,ff:ff:ff:ff:ff:ff,ff:ff:ff:ff:ff:ff,d8:d7:75:45:81:24,d8:d7:75:45:81:24,FunBox2-8124,-53,1,2412,False,False
1778936264.9741113,management,beacon,d8:d7:75:45:81:24,ff:ff:ff:ff:ff:ff,ff:ff:ff:ff:ff:ff,d8:d7:75:45:81:24,d8:d7:75:45:81:24,FunBox2-8124,-60,1,2412,False,False
1778936265.0764868,management,beacon,d8:d7:75:45:81:24,ff:ff:ff:ff:ff:ff,ff:ff:ff:ff:ff:ff,d8:d7:75:45:81:24,d8:d7:75:45:81:24,FunBox2-8124,-56,1,2412,False,False
1778936265.2813172,management,beacon,d8:d7:75:45:81:24,ff:ff:ff:ff:ff:ff,ff:ff:ff:ff:ff:ff,d8:d7:75:45:81:24,d8:d7:75:45:81:24,FunBox2-8124,-56,1,2412,False,False
1778936265.3836977,management,beacon,d8:d7:75:45:81:24,ff:ff:ff:ff:ff:ff,ff:ff:ff:ff:ff:ff,d8:d7:75:45:81:24,d8:d7:75:45:81:24,FunBox2-8124,-58,1,2412,False,False
1778936265.3848877,control,ack,,50:02:91:e8:18:ec,50:02:91:e8:18:ec,,,,-54,1,2412,False,False
1778936265.5457504,data,null_data,50:02:91:e8:18:ec,d8:d7:75:45:81:24,d8:d7:75:45:81:24,50:02:91:e8:18:ec,d8:d7:75:45:81:24,,-82,1,2412,False,False
1778936265.545757,control,ack,,50:02:91:e8:18:ec,50:02:91:e8:18:ec,,,,-46,1,2412,False,False
1778936265.5884771,management,beacon,d8:d7:75:45:81:24,ff:ff:ff:ff:ff:ff,ff:ff:ff:ff:ff:ff,d8:d7:75:45:81:24,d8:d7:75:45:81:24,FunBox2-8124,-40,1,2412,False,False
1778936265.6909456,management,beacon,d8:d7:75:45:81:24,ff:ff:ff:ff:ff:ff,ff:ff:ff:ff:ff:ff,d8:d7:75:45:81:24,d8:d7:75:45:81:24,FunBox2-8124,-41,1,2412,False,False
1778936265.7933106,management,beacon,d8:d7:75:45:81:24,ff:ff:ff:ff:ff:ff,ff:ff:ff:ff:ff:ff,d8:d7:75:45:81:24,d8:d7:75:45:81:24,FunBox2-8124,-42,1,2412,False,False
1778936265.89573,management,beacon,d8:d7:75:45:81:24,ff:ff:ff:ff:ff:ff,ff:ff:ff:ff:ff:ff,d8:d7:75:45:81:24,d8:d7:75:45:81:24,FunBox2-8124,-56,1,2412,False,False
1778936265.9981213,management,beacon,d8:d7:75:45:81:24,ff:ff:ff:ff:ff:ff,ff:ff:ff:ff:ff:ff,d8:d7:75:45:81:24,d8:d7:75:45:81:24,FunBox2-8124,-54,1,2412,False,False
1778936266.000078,data,data,d8:d7:75:45:81:24,33:33:00:00:00:01,33:33:00:00:00:01,d8:d7:75:45:81:24,d8:d7:75:45:81:24,,-53,1,2412,True,False
1778936266.000392,control,ack,,d8:d7:75:45:81:24,d8:d7:75:45:81:24,,,,-83,1,2412,False,False
1778936266.000567,control,ack,,50:02:91:e8:18:ec,50:02:91:e8:18:ec,,,,-44,1,2412,False,False
1778936266.0020957,data,data,d8:d7:75:45:81:24,33:33:00:00:00:16,33:33:00:00:00:16,d8:d7:75:45:81:24,a8:5e:45:c6:9f:b7,,-43,1,2412,True,False
1778936266.1020346,management,beacon,d8:d7:75:45:81:24,ff:ff:ff:ff:ff:ff,ff:ff:ff:ff:ff:ff,d8:d7:75:45:81:24,d8:d7:75:45:81:24,FunBox2-8124,-45,1,2412,False,False
1778936266.1616356,control,ack,,50:02:91:e8:18:ec,50:02:91:e8:18:ec,,,,-45,1,2412,False,False
1778936266.2029164,management,beacon,d8:d7:75:45:81:24,ff:ff:ff:ff:ff:ff,ff:ff:ff:ff:ff:ff,d8:d7:75:45:81:24,d8:d7:75:45:81:24,FunBox2-8124,-44,1,2412,False,False
1778936266.3053513,management,beacon,d8:d7:75:45:81:24,ff:ff:ff:ff:ff:ff,ff:ff:ff:ff:ff:ff,d8:d7:75:45:81:24,d8:d7:75:45:81:24,FunBox2-8124,-52,1,2412,False,False
1778936266.5101182,management,beacon,d8:d7:75:45:81:24,ff:ff:ff:ff:ff:ff,ff:ff:ff:ff:ff:ff,d8:d7:75:45:81:24,d8:d7:75:45:81:24,FunBox2-8124,-41,1,2412,False,False
1778936266.6141047,management,beacon,d8:d7:75:45:81:24,ff:ff:ff:ff:ff:ff,ff:ff:ff:ff:ff:ff,d8:d7:75:45:81:24,d8:d7:75:45:81:24,FunBox2-8124,-41,1,2412,False,False
1778936266.6155696,data,data,d8:d7:75:45:81:24,33:33:00:00:00:16,33:33:00:00:00:16,d8:d7:75:45:81:24,a8:5e:45:c6:9f:b7,,-41,1,2412,True,False
1778936266.6160517,control,ack,,d8:d7:75:45:81:24,d8:d7:75:45:81:24,,,,-82,1,2412,False,False
1778936266.6160536,data,null_data,50:02:91:e8:18:ec,d8:d7:75:45:81:24,d8:d7:75:45:81:24,50:02:91:e8:18:ec,d8:d7:75:45:81:24,,-82,1,2412,False,False
1778936266.6160548,control,ack,,50:02:91:e8:18:ec,50:02:91:e8:18:ec,,,,-45,1,2412,False,False
1778936266.6176395,data,data,d8:d7:75:45:81:24,33:33:00:00:00:01,33:33:00:00:00:01,d8:d7:75:45:81:24,d8:d7:75:45:81:24,,-41,1,2412,True,False
1778936266.617956,control,ack,,d8:d7:75:45:81:24,d8:d7:75:45:81:24,,,,-84,1,2412,False,False
1778936266.753034,control,cts,,ce:d0:54:70:b1:b3,ce:d0:54:70:b1:b3,,,,-87,1,2412,False,False
1778936266.77839,data,null_data,50:02:91:e8:18:ec,d8:d7:75:45:81:24,d8:d7:75:45:81:24,50:02:91:e8:18:ec,d8:d7:75:45:81:24,,-83,1,2412,False,False
1778936266.7784,control,ack,,50:02:91:e8:18:ec,50:02:91:e8:18:ec,,,,-51,1,2412,False,False
1778936266.8173552,management,beacon,d8:d7:75:45:81:24,ff:ff:ff:ff:ff:ff,ff:ff:ff:ff:ff:ff,d8:d7:75:45:81:24,d8:d7:75:45:81:24,FunBox2-8124,-41,1,2412,False,False
1778936266.9197838,management,beacon,d8:d7:75:45:81:24,ff:ff:ff:ff:ff:ff,ff:ff:ff:ff:ff:ff,d8:d7:75:45:81:24,d8:d7:75:45:81:24,FunBox2-8124,-52,1,2412,False,False
1778936267.0221448,management,beacon,d8:d7:75:45:81:24,ff:ff:ff:ff:ff:ff,ff:ff:ff:ff:ff:ff,d8:d7:75:45:81:24,d8:d7:75:45:81:24,FunBox2-8124,-53,1,2412,False,False
1778936267.1245918,management,beacon,d8:d7:75:45:81:24,ff:ff:ff:ff:ff:ff,ff:ff:ff:ff:ff:ff,d8:d7:75:45:81:24,d8:d7:75:45:81:24,FunBox2-8124,-53,1,2412,False,False
1778936267.4333234,management,beacon,d8:d7:75:45:81:24,ff:ff:ff:ff:ff:ff,ff:ff:ff:ff:ff:ff,d8:d7:75:45:81:24,d8:d7:75:45:81:24,FunBox2-8124,-42,1,2412,False,False
1778936267.5341537,management,beacon,d8:d7:75:45:81:24,ff:ff:ff:ff:ff:ff,ff:ff:ff:ff:ff:ff,d8:d7:75:45:81:24,d8:d7:75:45:81:24,FunBox2-8124,-52,1,2412,False,False
1778936267.6629055,management,beacon,ac:84:c6:41:71:22,ff:ff:ff:ff:ff:ff,ff:ff:ff:ff:ff:ff,ac:84:c6:41:71:22,ac:84:c6:41:71:22,TP-LINK_7122,-88,1,2412,False,False
1778936267.8414288,management,beacon,d8:d7:75:45:81:24,ff:ff:ff:ff:ff:ff,ff:ff:ff:ff:ff:ff,d8:d7:75:45:81:24,d8:d7:75:45:81:24,FunBox2-8124,-54,1,2412,False,False
1778936267.9453878,management,beacon,d8:d7:75:45:81:24,ff:ff:ff:ff:ff:ff,ff:ff:ff:ff:ff:ff,d8:d7:75:45:81:24,d8:d7:75:45:81:24,FunBox2-8124,-42,1,2412,False,False
1778936268.0461724,management,beacon,d8:d7:75:45:81:24,ff:ff:ff:ff:ff:ff,ff:ff:ff:ff:ff:ff,d8:d7:75:45:81:24,d8:d7:75:45:81:24,FunBox2-8124,-53,1,2412,False,False
1778936268.1501484,management,beacon,d8:d7:75:45:81:24,ff:ff:ff:ff:ff:ff,ff:ff:ff:ff:ff:ff,d8:d7:75:45:81:24,d8:d7:75:45:81:24,FunBox2-8124,-43,1,2412,False,False
1778936268.1819866,control,ack,,ce:d0:54:70:b1:b3,ce:d0:54:70:b1:b3,,,,-87,1,2412,False,False
1778936268.3534033,management,beacon,d8:d7:75:45:81:24,ff:ff:ff:ff:ff:ff,ff:ff:ff:ff:ff:ff,d8:d7:75:45:81:24,d8:d7:75:45:81:24,FunBox2-8124,-51,1,2412,False,False
1778936268.4558506,management,beacon,d8:d7:75:45:81:24,ff:ff:ff:ff:ff:ff,ff:ff:ff:ff:ff:ff,d8:d7:75:45:81:24,d8:d7:75:45:81:24,FunBox2-8124,-52,1,2412,False,False
1778936268.4570308,control,ack,,50:02:91:e8:18:ec,50:02:91:e8:18:ec,,,,-51,1,2412,False,False
1778936268.558198,management,beacon,d8:d7:75:45:81:24,ff:ff:ff:ff:ff:ff,ff:ff:ff:ff:ff:ff,d8:d7:75:45:81:24,d8:d7:75:45:81:24,FunBox2-8124,-53,1,2412,False,False
1778936268.6178792,data,null_data,50:02:91:e8:18:ec,d8:d7:75:45:81:24,d8:d7:75:45:81:24,50:02:91:e8:18:ec,d8:d7:75:45:81:24,,-82,1,2412,False,False
1778936268.6178956,control,ack,,50:02:91:e8:18:ec,50:02:91:e8:18:ec,,,,-49,1,2412,False,False
1778936268.6180396,control,ack,,50:02:91:e8:18:ec,50:02:91:e8:18:ec,,,,-46,1,2412,False,False
1778936268.662217,management,beacon,d8:d7:75:45:81:24,ff:ff:ff:ff:ff:ff,ff:ff:ff:ff:ff:ff,d8:d7:75:45:81:24,d8:d7:75:45:81:24,FunBox2-8124,-42,1,2412,False,False
1778936268.7969217,control,ack,,ce:d0:54:70:b1:b3,ce:d0:54:70:b1:b3,,,,-90,1,2412,False,False
1778936268.8654294,management,beacon,d8:d7:75:45:81:24,ff:ff:ff:ff:ff:ff,ff:ff:ff:ff:ff:ff,d8:d7:75:45:81:24,d8:d7:75:45:81:24,FunBox2-8124,-55,1,2412,False,False
1778936268.9678135,management,beacon,d8:d7:75:45:81:24,ff:ff:ff:ff:ff:ff,ff:ff:ff:ff:ff:ff,d8:d7:75:45:81:24,d8:d7:75:45:81:24,FunBox2-8124,-43,1,2412,False,False
1778936269.070272,management,beacon,d8:d7:75:45:81:24,ff:ff:ff:ff:ff:ff,ff:ff:ff:ff:ff:ff,d8:d7:75:45:81:24,d8:d7:75:45:81:24,FunBox2-8124,-55,1,2412,False,False
1778936269.1726627,management,beacon,d8:d7:75:45:81:24,ff:ff:ff:ff:ff:ff,ff:ff:ff:ff:ff:ff,d8:d7:75:45:81:24,d8:d7:75:45:81:24,FunBox2-8124,-43,1,2412,False,False
1778936269.229732,data,null_data,50:02:91:e8:18:ec,d8:d7:75:45:81:24,d8:d7:75:45:81:24,50:02:91:e8:18:ec,d8:d7:75:45:81:24,,-82,1,2412,False,False
1778936269.2297404,control,ack,,50:02:91:e8:18:ec,50:02:91:e8:18:ec,,,,-53,1,2412,False,False
1778936269.2766116,management,beacon,d8:d7:75:45:81:24,ff:ff:ff:ff:ff:ff,ff:ff:ff:ff:ff:ff,d8:d7:75:45:81:24,d8:d7:75:45:81:24,FunBox2-8124,-43,1,2412,False,False
1778936269.3774347,management,beacon,d8:d7:75:45:81:24,ff:ff:ff:ff:ff:ff,ff:ff:ff:ff:ff:ff,d8:d7:75:45:81:24,d8:d7:75:45:81:24,FunBox2-8124,-57,1,2412,False,False
1778936269.3905783,data,null_data,50:02:91:e8:18:ec,d8:d7:75:45:81:24,d8:d7:75:45:81:24,50:02:91:e8:18:ec,d8:d7:75:45:81:24,,-83,1,2412,False,False
1778936269.3905852,control,ack,,50:02:91:e8:18:ec,50:02:91:e8:18:ec,,,,-54,1,2412,False,False
1778936269.481467,management,beacon,d8:d7:75:45:81:24,ff:ff:ff:ff:ff:ff,ff:ff:ff:ff:ff:ff,d8:d7:75:45:81:24,d8:d7:75:45:81:24,FunBox2-8124,-45,1,2412,False,False
1778936269.5822403,management,beacon,d8:d7:75:45:81:24,ff:ff:ff:ff:ff:ff,ff:ff:ff:ff:ff:ff,d8:d7:75:45:81:24,d8:d7:75:45:81:24,FunBox2-8124,-58,1,2412,False,False
1778936269.684677,management,beacon,d8:d7:75:45:81:24,ff:ff:ff:ff:ff:ff,ff:ff:ff:ff:ff:ff,d8:d7:75:45:81:24,d8:d7:75:45:81:24,FunBox2-8124,-59,1,2412,False,False
1778936269.7870517,management,beacon,d8:d7:75:45:81:24,ff:ff:ff:ff:ff:ff,ff:ff:ff:ff:ff:ff,d8:d7:75:45:81:24,d8:d7:75:45:81:24,FunBox2-8124,-59,1,2412,False,False
1778936269.8467727,data,null_data,50:02:91:e8:18:ec,d8:d7:75:45:81:24,d8:d7:75:45:81:24,50:02:91:e8:18:ec,d8:d7:75:45:81:24,,-80,1,2412,False,False
1778936269.8467803,control,ack,,50:02:91:e8:18:ec,50:02:91:e8:18:ec,,,,-45,1,2412,False,False
1778936269.8894958,management,beacon,d8:d7:75:45:81:24,ff:ff:ff:ff:ff:ff,ff:ff:ff:ff:ff:ff,d8:d7:75:45:81:24,d8:d7:75:45:81:24,FunBox2-8124,-43,1,2412,False,False
1778936269.8960447,control,ack,,d8:d7:75:45:81:24,d8:d7:75:45:81:24,,,,-65,1,2412,False,False
1778936269.9128253,management,probe_request,4a:a2:74:e7:b0:e4,ff:ff:ff:ff:ff:ff,ff:ff:ff:ff:ff:ff,4a:a2:74:e7:b0:e4,ff:ff:ff:ff:ff:ff,<hidden>,-65,1,2412,False,False
1778936269.9189508,control,ack,,ac:84:c6:41:71:22,ac:84:c6:41:71:22,,,,-67,1,2412,False,False
1778936269.9918618,management,beacon,d8:d7:75:45:81:24,ff:ff:ff:ff:ff:ff,ff:ff:ff:ff:ff:ff,d8:d7:75:45:81:24,d8:d7:75:45:81:24,FunBox2-8124,-58,1,2412,False,False
1778936270.0942838,management,beacon,d8:d7:75:45:81:24,ff:ff:ff:ff:ff:ff,ff:ff:ff:ff:ff:ff,d8:d7:75:45:81:24,d8:d7:75:45:81:24,FunBox2-8124,-58,1,2412,False,False
1778936270.1190088,management,beacon,ac:84:c6:41:71:22,ff:ff:ff:ff:ff:ff,ff:ff:ff:ff:ff:ff,ac:84:c6:41:71:22,ac:84:c6:41:71:22,TP-LINK_7122,-85,1,2412,False,False
1778936270.1966596,management,beacon,d8:d7:75:45:81:24,ff:ff:ff:ff:ff:ff,ff:ff:ff:ff:ff:ff,d8:d7:75:45:81:24,d8:d7:75:45:81:24,FunBox2-8124,-57,1,2412,False,False
1778936270.300711,management,beacon,d8:d7:75:45:81:24,ff:ff:ff:ff:ff:ff,ff:ff:ff:ff:ff:ff,d8:d7:75:45:81:24,d8:d7:75:45:81:24,FunBox2-8124,-42,1,2412,False,False
1778936270.4030695,management,beacon,d8:d7:75:45:81:24,ff:ff:ff:ff:ff:ff,ff:ff:ff:ff:ff:ff,d8:d7:75:45:81:24,d8:d7:75:45:81:24,FunBox2-8124,-44,1,2412,False,False
1778936270.5038702,management,beacon,d8:d7:75:45:81:24,ff:ff:ff:ff:ff:ff,ff:ff:ff:ff:ff:ff,d8:d7:75:45:81:24,d8:d7:75:45:81:24,FunBox2-8124,-54,1,2412,False,False
1778936270.6079,management,beacon,d8:d7:75:45:81:24,ff:ff:ff:ff:ff:ff,ff:ff:ff:ff:ff:ff,d8:d7:75:45:81:24,d8:d7:75:45:81:24,FunBox2-8124,-42,1,2412,False,False
1778936270.708667,management,beacon,d8:d7:75:45:81:24,ff:ff:ff:ff:ff:ff,ff:ff:ff:ff:ff:ff,d8:d7:75:45:81:24,d8:d7:75:45:81:24,FunBox2-8124,-42,1,2412,False,False
1778936270.7474923,control,cts,,ce:d0:54:70:b1:b3,ce:d0:54:70:b1:b3,,,,-87,1,2412,False,False
1778936270.8110778,management,beacon,d8:d7:75:45:81:24,ff:ff:ff:ff:ff:ff,ff:ff:ff:ff:ff:ff,d8:d7:75:45:81:24,d8:d7:75:45:81:24,FunBox2-8124,-54,1,2412,False,False
1778936271.0159388,management,beacon,d8:d7:75:45:81:24,ff:ff:ff:ff:ff:ff,ff:ff:ff:ff:ff:ff,d8:d7:75:45:81:24,d8:d7:75:45:81:24,FunBox2-8124,-51,1,2412,False,False
1778936271.2207181,management,beacon,d8:d7:75:45:81:24,ff:ff:ff:ff:ff:ff,ff:ff:ff:ff:ff:ff,d8:d7:75:45:81:24,d8:d7:75:45:81:24,FunBox2-8124,-51,1,2412,False,False
1778936271.3231475,management,beacon,d8:d7:75:45:81:24,ff:ff:ff:ff:ff:ff,ff:ff:ff:ff:ff:ff,d8:d7:75:45:81:24,d8:d7:75:45:81:24,FunBox2-8124,-53,1,2412,False,False
1778936271.383351,data,null_data,50:02:91:e8:18:ec,d8:d7:75:45:81:24,d8:d7:75:45:81:24,50:02:91:e8:18:ec,d8:d7:75:45:81:24,,-82,1,2412,False,False
1778936271.3833642,control,ack,,50:02:91:e8:18:ec,50:02:91:e8:18:ec,,,,-45,1,2412,False,False
1778936271.4255655,management,beacon,d8:d7:75:45:81:24,ff:ff:ff:ff:ff:ff,ff:ff:ff:ff:ff:ff,d8:d7:75:45:81:24,d8:d7:75:45:81:24,FunBox2-8124,-43,1,2412,False,False
1778936271.4601252,control,rts,54:35:30:cf:ee:1e,d8:d7:75:45:81:24,d8:d7:75:45:81:24,54:35:30:cf:ee:1e,,,-56,1,2412,False,False
1778936271.4601364,control,cts,,54:35:30:cf:ee:1e,54:35:30:cf:ee:1e,,,,-47,1,2412,False,False
1778936271.460138,data,qos_data,54:35:30:cf:ee:1e,d8:d7:75:45:81:24,d8:d7:75:45:81:24,54:35:30:cf:ee:1e,ff:ff:ff:ff:ff:ff,,-52,1,2412,True,False
1778936271.46014,control,block_ack,d8:d7:75:45:81:24,54:35:30:cf:ee:1e,54:35:30:cf:ee:1e,d8:d7:75:45:81:24,,,-45,1,2412,False,False
1778936271.5279045,management,beacon,d8:d7:75:45:81:24,ff:ff:ff:ff:ff:ff,ff:ff:ff:ff:ff:ff,d8:d7:75:45:81:24,d8:d7:75:45:81:24,FunBox2-8124,-44,1,2412,False,False
1778936271.5292156,data,data,d8:d7:75:45:81:24,ff:ff:ff:ff:ff:ff,ff:ff:ff:ff:ff:ff,d8:d7:75:45:81:24,54:35:30:cf:ee:1e,,-44,1,2412,True,False
1778936271.529728,control,ack,,d8:d7:75:45:81:24,d8:d7:75:45:81:24,,,,-82,1,2412,False,False
1778936271.5297298,data,null_data,50:02:91:e8:18:ec,d8:d7:75:45:81:24,d8:d7:75:45:81:24,50:02:91:e8:18:ec,d8:d7:75:45:81:24,,-82,1,2412,False,False
1778936271.5297315,control,ack,,50:02:91:e8:18:ec,50:02:91:e8:18:ec,,,,-47,1,2412,False,False
1778936271.6906154,data,null_data,50:02:91:e8:18:ec,d8:d7:75:45:81:24,d8:d7:75:45:81:24,50:02:91:e8:18:ec,d8:d7:75:45:81:24,,-83,1,2412,False,False
1778936271.6906273,control,ack,,50:02:91:e8:18:ec,50:02:91:e8:18:ec,,,,-45,1,2412,False,False
1778936271.7327166,management,beacon,d8:d7:75:45:81:24,ff:ff:ff:ff:ff:ff,ff:ff:ff:ff:ff:ff,d8:d7:75:45:81:24,d8:d7:75:45:81:24,FunBox2-8124,-54,1,2412,False,False
1778936271.83615,management,beacon,d8:d7:75:45:81:24,ff:ff:ff:ff:ff:ff,ff:ff:ff:ff:ff:ff,d8:d7:75:45:81:24,d8:d7:75:45:81:24,FunBox2-8124,-43,1,2412,False,False
1778936271.9473994,management,beacon,d8:d7:75:45:81:24,ff:ff:ff:ff:ff:ff,ff:ff:ff:ff:ff:ff,d8:d7:75:45:81:24,d8:d7:75:45:81:24,FunBox2-8124,-52,1,2412,False,False
1778936272.0404005,management,beacon,d8:d7:75:45:81:24,ff:ff:ff:ff:ff:ff,ff:ff:ff:ff:ff:ff,d8:d7:75:45:81:24,d8:d7:75:45:81:24,FunBox2-8124,-43,1,2412,False,False
1778936272.2447417,management,beacon,d8:d7:75:45:81:24,ff:ff:ff:ff:ff:ff,ff:ff:ff:ff:ff:ff,d8:d7:75:45:81:24,d8:d7:75:45:81:24,FunBox2-8124,-55,1,2412,False,False
1778936272.3471532,management,beacon,d8:d7:75:45:81:24,ff:ff:ff:ff:ff:ff,ff:ff:ff:ff:ff:ff,d8:d7:75:45:81:24,d8:d7:75:45:81:24,FunBox2-8124,-53,1,2412,False,False
1778936272.4495385,management,beacon,d8:d7:75:45:81:24,ff:ff:ff:ff:ff:ff,ff:ff:ff:ff:ff:ff,d8:d7:75:45:81:24,d8:d7:75:45:81:24,FunBox2-8124,-43,1,2412,False,False
1778936272.5519726,management,beacon,d8:d7:75:45:81:24,ff:ff:ff:ff:ff:ff,ff:ff:ff:ff:ff:ff,d8:d7:75:45:81:24,d8:d7:75:45:81:24,FunBox2-8124,-44,1,2412,False,False
1778936272.7567537,management,beacon,d8:d7:75:45:81:24,ff:ff:ff:ff:ff:ff,ff:ff:ff:ff:ff:ff,d8:d7:75:45:81:24,d8:d7:75:45:81:24,FunBox2-8124,-51,1,2412,False,False
1778936272.8591647,management,beacon,d8:d7:75:45:81:24,ff:ff:ff:ff:ff:ff,ff:ff:ff:ff:ff:ff,d8:d7:75:45:81:24,d8:d7:75:45:81:24,FunBox2-8124,-52,1,2412,False,False
1778936272.961606,management,beacon,d8:d7:75:45:81:24,ff:ff:ff:ff:ff:ff,ff:ff:ff:ff:ff:ff,d8:d7:75:45:81:24,d8:d7:75:45:81:24,FunBox2-8124,-50,1,2412,False,False
1778936273.0656319,management,beacon,d8:d7:75:45:81:24,ff:ff:ff:ff:ff:ff,ff:ff:ff:ff:ff:ff,d8:d7:75:45:81:24,d8:d7:75:45:81:24,FunBox2-8124,-42,1,2412,False,False
1778936273.1680872,management,beacon,d8:d7:75:45:81:24,ff:ff:ff:ff:ff:ff,ff:ff:ff:ff:ff:ff,d8:d7:75:45:81:24,d8:d7:75:45:81:24,FunBox2-8124,-42,1,2412,False,False
1778936273.2687664,management,beacon,d8:d7:75:45:81:24,ff:ff:ff:ff:ff:ff,ff:ff:ff:ff:ff:ff,d8:d7:75:45:81:24,d8:d7:75:45:81:24,FunBox2-8124,-49,1,2412,False,False
1778936273.3728325,management,beacon,d8:d7:75:45:81:24,ff:ff:ff:ff:ff:ff,ff:ff:ff:ff:ff:ff,d8:d7:75:45:81:24,d8:d7:75:45:81:24,FunBox2-8124,-43,1,2412,False,False
1778936273.3740773,data,null_data,50:02:91:e8:18:ec,d8:d7:75:45:81:24,d8:d7:75:45:81:24,50:02:91:e8:18:ec,d8:d7:75:45:81:24,,-84,1,2412,False,False
1778936273.3740807,control,ack,,50:02:91:e8:18:ec,50:02:91:e8:18:ec,,,,-47,1,2412,False,False
1778936273.4752662,management,beacon,d8:d7:75:45:81:24,ff:ff:ff:ff:ff:ff,ff:ff:ff:ff:ff:ff,d8:d7:75:45:81:24,d8:d7:75:45:81:24,FunBox2-8124,-42,1,2412,False,False
1778936273.5349417,data,null_data,50:02:91:e8:18:ec,d8:d7:75:45:81:24,d8:d7:75:45:81:24,50:02:91:e8:18:ec,d8:d7:75:45:81:24,,-85,1,2412,False,False
1778936273.534952,control,ack,,50:02:91:e8:18:ec,50:02:91:e8:18:ec,,,,-50,1,2412,False,False
1778936273.5760047,management,beacon,d8:d7:75:45:81:24,ff:ff:ff:ff:ff:ff,ff:ff:ff:ff:ff:ff,d8:d7:75:45:81:24,d8:d7:75:45:81:24,FunBox2-8124,-42,1,2412,False,False
1778936273.6142967,data,qos_null,aa:23:4f:4d:00:cf,74:ea:3a:a1:53:a6,74:ea:3a:a1:53:a6,aa:23:4f:4d:00:cf,74:ea:3a:a1:53:a6,,-91,1,2412,False,False
1778936273.7828577,management,beacon,d8:d7:75:45:81:24,ff:ff:ff:ff:ff:ff,ff:ff:ff:ff:ff:ff,d8:d7:75:45:81:24,d8:d7:75:45:81:24,FunBox2-8124,-49,1,2412,False,False
1778936273.883717,management,beacon,d8:d7:75:45:81:24,ff:ff:ff:ff:ff:ff,ff:ff:ff:ff:ff:ff,d8:d7:75:45:81:24,d8:d7:75:45:81:24,FunBox2-8124,-51,1,2412,False,False
1778936273.985608,management,beacon,d8:d7:75:45:81:24,ff:ff:ff:ff:ff:ff,ff:ff:ff:ff:ff:ff,d8:d7:75:45:81:24,d8:d7:75:45:81:24,FunBox2-8124,-49,1,2412,False,False
1778936274.0880044,management,beacon,d8:d7:75:45:81:24,ff:ff:ff:ff:ff:ff,ff:ff:ff:ff:ff:ff,d8:d7:75:45:81:24,d8:d7:75:45:81:24,FunBox2-8124,-49,1,2412,False,False
1778936274.2928615,management,beacon,d8:d7:75:45:81:24,ff:ff:ff:ff:ff:ff,ff:ff:ff:ff:ff:ff,d8:d7:75:45:81:24,d8:d7:75:45:81:24,FunBox2-8124,-48,1,2412,False,False
1778936274.3952386,management,beacon,d8:d7:75:45:81:24,ff:ff:ff:ff:ff:ff,ff:ff:ff:ff:ff:ff,d8:d7:75:45:81:24,d8:d7:75:45:81:24,FunBox2-8124,-48,1,2412,False,False
1778936274.4976218,management,beacon,d8:d7:75:45:81:24,ff:ff:ff:ff:ff:ff,ff:ff:ff:ff:ff:ff,d8:d7:75:45:81:24,d8:d7:75:45:81:24,FunBox2-8124,-46,1,2412,False,False
1778936274.6017253,management,beacon,d8:d7:75:45:81:24,ff:ff:ff:ff:ff:ff,ff:ff:ff:ff:ff:ff,d8:d7:75:45:81:24,d8:d7:75:45:81:24,FunBox2-8124,-44,1,2412,False,False
1778936274.7080274,data,null_data,50:02:91:e8:18:ec,d8:d7:75:45:81:24,d8:d7:75:45:81:24,50:02:91:e8:18:ec,d8:d7:75:45:81:24,,-85,1,2412,False,False
1778936274.708042,control,ack,,50:02:91:e8:18:ec,50:02:91:e8:18:ec,,,,-45,1,2412,False,False
1778936274.8048246,management,beacon,d8:d7:75:45:81:24,ff:ff:ff:ff:ff:ff,ff:ff:ff:ff:ff:ff,d8:d7:75:45:81:24,d8:d7:75:45:81:24,FunBox2-8124,-42,1,2412,False,False
1778936274.8688843,data,null_data,50:02:91:e8:18:ec,d8:d7:75:45:81:24,d8:d7:75:45:81:24,50:02:91:e8:18:ec,d8:d7:75:45:81:24,,-84,1,2412,False,False
1778936274.8689,control,ack,,50:02:91:e8:18:ec,50:02:91:e8:18:ec,,,,-46,1,2412,False,False
1778936274.907256,management,beacon,d8:d7:75:45:81:24,ff:ff:ff:ff:ff:ff,ff:ff:ff:ff:ff:ff,d8:d7:75:45:81:24,d8:d7:75:45:81:24,FunBox2-8124,-47,1,2412,False,False
1778936274.908444,control,ack,,50:02:91:e8:18:ec,50:02:91:e8:18:ec,,,,-47,1,2412,False,False
1778936275.0113354,management,beacon,d8:d7:75:45:81:24,ff:ff:ff:ff:ff:ff,ff:ff:ff:ff:ff:ff,d8:d7:75:45:81:24,d8:d7:75:45:81:24,FunBox2-8124,-46,1,2412,False,False
1778936275.0693076,data,null_data,50:02:91:e8:18:ec,d8:d7:75:45:81:24,d8:d7:75:45:81:24,50:02:91:e8:18:ec,d8:d7:75:45:81:24,,-81,1,2412,False,False
1778936275.0693226,control,ack,,50:02:91:e8:18:ec,50:02:91:e8:18:ec,,,,-46,1,2412,False,False
1778936275.11205,management,beacon,d8:d7:75:45:81:24,ff:ff:ff:ff:ff:ff,ff:ff:ff:ff:ff:ff,d8:d7:75:45:81:24,d8:d7:75:45:81:24,FunBox2-8124,-42,1,2412,False,False
1778936275.4192739,management,beacon,d8:d7:75:45:81:24,ff:ff:ff:ff:ff:ff,ff:ff:ff:ff:ff:ff,d8:d7:75:45:81:24,d8:d7:75:45:81:24,FunBox2-8124,-47,1,2412,False,False
1778936275.521683,management,beacon,d8:d7:75:45:81:24,ff:ff:ff:ff:ff:ff,ff:ff:ff:ff:ff:ff,d8:d7:75:45:81:24,d8:d7:75:45:81:24,FunBox2-8124,-42,1,2412,False,False
1778936275.6240883,management,beacon,d8:d7:75:45:81:24,ff:ff:ff:ff:ff:ff,ff:ff:ff:ff:ff:ff,d8:d7:75:45:81:24,d8:d7:75:45:81:24,FunBox2-8124,-45,1,2412,False,False
1778936275.7264786,management,beacon,d8:d7:75:45:81:24,ff:ff:ff:ff:ff:ff,ff:ff:ff:ff:ff:ff,d8:d7:75:45:81:24,d8:d7:75:45:81:24,FunBox2-8124,-42,1,2412,False,False
1778936275.8289168,management,beacon,d8:d7:75:45:81:24,ff:ff:ff:ff:ff:ff,ff:ff:ff:ff:ff:ff,d8:d7:75:45:81:24,d8:d7:75:45:81:24,FunBox2-8124,-42,1,2412,False,False
1778936275.9313262,management,beacon,d8:d7:75:45:81:24,ff:ff:ff:ff:ff:ff,ff:ff:ff:ff:ff:ff,d8:d7:75:45:81:24,d8:d7:75:45:81:24,FunBox2-8124,-41,1,2412,False,False
1778936276.0336776,management,beacon,d8:d7:75:45:81:24,ff:ff:ff:ff:ff:ff,ff:ff:ff:ff:ff:ff,d8:d7:75:45:81:24,d8:d7:75:45:81:24,FunBox2-8124,-44,1,2412,False,False
1778936276.1244745,control,ack,,ce:d0:54:70:b1:b3,ce:d0:54:70:b1:b3,,,,-87,1,2412,False,False
1778936276.1360734,management,beacon,d8:d7:75:45:81:24,ff:ff:ff:ff:ff:ff,ff:ff:ff:ff:ff:ff,d8:d7:75:45:81:24,d8:d7:75:45:81:24,FunBox2-8124,-45,1,2412,False,False
1778936276.3408835,management,beacon,d8:d7:75:45:81:24,ff:ff:ff:ff:ff:ff,ff:ff:ff:ff:ff:ff,d8:d7:75:45:81:24,d8:d7:75:45:81:24,FunBox2-8124,-46,1,2412,False,False
1778936276.345187,control,cts,,ce:d0:54:70:b1:b3,ce:d0:54:70:b1:b3,,,,-89,1,2412,False,False
1778936276.346267,control,cts,,ce:d0:54:70:b1:b3,ce:d0:54:70:b1:b3,,,,-86,1,2412,False,False
1778936276.3977578,control,cts,,ce:d0:54:70:b1:b3,ce:d0:54:70:b1:b3,,,,-87,1,2412,False,False
1778936276.4327106,control,cts,,ce:d0:54:70:b1:b3,ce:d0:54:70:b1:b3,,,,-90,1,2412,False,False
1778936276.4433246,management,beacon,d8:d7:75:45:81:24,ff:ff:ff:ff:ff:ff,ff:ff:ff:ff:ff:ff,d8:d7:75:45:81:24,d8:d7:75:45:81:24,FunBox2-8124,-44,1,2412,False,False
1778936276.547413,management,beacon,d8:d7:75:45:81:24,ff:ff:ff:ff:ff:ff,ff:ff:ff:ff:ff:ff,d8:d7:75:45:81:24,d8:d7:75:45:81:24,FunBox2-8124,-45,1,2412,False,False
1778936276.5486352,data,null_data,50:02:91:e8:18:ec,d8:d7:75:45:81:24,d8:d7:75:45:81:24,50:02:91:e8:18:ec,d8:d7:75:45:81:24,,-83,1,2412,False,False
1778936276.5486407,control,ack,,50:02:91:e8:18:ec,50:02:91:e8:18:ec,,,,-47,1,2412,False,False
1778936276.6481118,management,beacon,d8:d7:75:45:81:24,ff:ff:ff:ff:ff:ff,ff:ff:ff:ff:ff:ff,d8:d7:75:45:81:24,d8:d7:75:45:81:24,FunBox2-8124,-48,1,2412,False,False
1778936276.709431,data,null_data,50:02:91:e8:18:ec,d8:d7:75:45:81:24,d8:d7:75:45:81:24,50:02:91:e8:18:ec,d8:d7:75:45:81:24,,-82,1,2412,False,False
1778936276.7097106,data,null_data,50:02:91:e8:18:ec,d8:d7:75:45:81:24,d8:d7:75:45:81:24,50:02:91:e8:18:ec,d8:d7:75:45:81:24,,-83,1,2412,False,True
1778936276.7097132,control,ack,,50:02:91:e8:18:ec,50:02:91:e8:18:ec,,,,-47,1,2412,False,False
1778936276.7505586,management,beacon,d8:d7:75:45:81:24,ff:ff:ff:ff:ff:ff,ff:ff:ff:ff:ff:ff,d8:d7:75:45:81:24,d8:d7:75:45:81:24,FunBox2-8124,-43,1,2412,False,False
1778936276.8529196,management,beacon,d8:d7:75:45:81:24,ff:ff:ff:ff:ff:ff,ff:ff:ff:ff:ff:ff,d8:d7:75:45:81:24,d8:d7:75:45:81:24,FunBox2-8124,-45,1,2412,False,False
1778936276.9553547,management,beacon,d8:d7:75:45:81:24,ff:ff:ff:ff:ff:ff,ff:ff:ff:ff:ff:ff,d8:d7:75:45:81:24,d8:d7:75:45:81:24,FunBox2-8124,-45,1,2412,False,False
1778936277.1618955,management,beacon,d8:d7:75:45:81:24,ff:ff:ff:ff:ff:ff,ff:ff:ff:ff:ff:ff,d8:d7:75:45:81:24,d8:d7:75:45:81:24,FunBox2-8124,-43,1,2412,False,False
1778936277.180305,management,beacon,ac:84:c6:41:71:22,ff:ff:ff:ff:ff:ff,ff:ff:ff:ff:ff:ff,ac:84:c6:41:71:22,ac:84:c6:41:71:22,TP-LINK_7122,-88,1,2412,False,False
1778936277.2625477,management,beacon,d8:d7:75:45:81:24,ff:ff:ff:ff:ff:ff,ff:ff:ff:ff:ff:ff,d8:d7:75:45:81:24,d8:d7:75:45:81:24,FunBox2-8124,-46,1,2412,False,False
1778936277.3649616,management,beacon,d8:d7:75:45:81:24,ff:ff:ff:ff:ff:ff,ff:ff:ff:ff:ff:ff,d8:d7:75:45:81:24,d8:d7:75:45:81:24,FunBox2-8124,-44,1,2412,False,False
1778936277.4673717,management,beacon,d8:d7:75:45:81:24,ff:ff:ff:ff:ff:ff,ff:ff:ff:ff:ff:ff,d8:d7:75:45:81:24,d8:d7:75:45:81:24,FunBox2-8124,-46,1,2412,False,False
1778936277.5697591,management,beacon,d8:d7:75:45:81:24,ff:ff:ff:ff:ff:ff,ff:ff:ff:ff:ff:ff,d8:d7:75:45:81:24,d8:d7:75:45:81:24,FunBox2-8124,-47,1,2412,False,False
1778936277.6721601,management,beacon,d8:d7:75:45:81:24,ff:ff:ff:ff:ff:ff,ff:ff:ff:ff:ff:ff,d8:d7:75:45:81:24,d8:d7:75:45:81:24,FunBox2-8124,-46,1,2412,False,False
1778936277.8769672,management,beacon,d8:d7:75:45:81:24,ff:ff:ff:ff:ff:ff,ff:ff:ff:ff:ff:ff,d8:d7:75:45:81:24,d8:d7:75:45:81:24,FunBox2-8124,-47,1,2412,False,False
1778936277.979381,management,beacon,d8:d7:75:45:81:24,ff:ff:ff:ff:ff:ff,ff:ff:ff:ff:ff:ff,d8:d7:75:45:81:24,d8:d7:75:45:81:24,FunBox2-8124,-47,1,2412,False,False
1778936277.980608,data,null_data,50:02:91:e8:18:ec,d8:d7:75:45:81:24,d8:d7:75:45:81:24,50:02:91:e8:18:ec,d8:d7:75:45:81:24,,-83,1,2412,False,False
1778936277.9806128,control,ack,,50:02:91:e8:18:ec,50:02:91:e8:18:ec,,,,-48,1,2412,False,False
1778936278.1415699,control,ack,,50:02:91:e8:18:ec,50:02:91:e8:18:ec,,,,-49,1,2412,False,False
1778936278.1420314,data,null_data,50:02:91:e8:18:ec,d8:d7:75:45:81:24,d8:d7:75:45:81:24,50:02:91:e8:18:ec,d8:d7:75:45:81:24,,-83,1,2412,False,True
1778936278.1420343,control,ack,,50:02:91:e8:18:ec,50:02:91:e8:18:ec,,,,-46,1,2412,False,False
1778936278.1841595,management,beacon,d8:d7:75:45:81:24,ff:ff:ff:ff:ff:ff,ff:ff:ff:ff:ff:ff,d8:d7:75:45:81:24,d8:d7:75:45:81:24,FunBox2-8124,-42,1,2412,False,False
1778936278.3889515,management,beacon,d8:d7:75:45:81:24,ff:ff:ff:ff:ff:ff,ff:ff:ff:ff:ff:ff,d8:d7:75:45:81:24,d8:d7:75:45:81:24,FunBox2-8124,-43,1,2412,False,False
1778936278.4914284,management,beacon,d8:d7:75:45:81:24,ff:ff:ff:ff:ff:ff,ff:ff:ff:ff:ff:ff,d8:d7:75:45:81:24,d8:d7:75:45:81:24,FunBox2-8124,-48,1,2412,False,False
1778936278.5148027,data,qos_null,aa:23:4f:4d:00:cf,74:ea:3a:a1:53:a6,74:ea:3a:a1:53:a6,aa:23:4f:4d:00:cf,74:ea:3a:a1:53:a6,,-86,1,2412,False,False
1778936278.5313015,data,qos_null,aa:23:4f:4d:00:cf,74:ea:3a:a1:53:a6,74:ea:3a:a1:53:a6,aa:23:4f:4d:00:cf,74:ea:3a:a1:53:a6,,-84,1,2412,False,False
1778936278.6294417,data,qos_null,aa:23:4f:4d:00:cf,74:ea:3a:a1:53:a6,74:ea:3a:a1:53:a6,aa:23:4f:4d:00:cf,74:ea:3a:a1:53:a6,,-86,1,2412,False,False
1778936278.6894758,data,qos_null,aa:23:4f:4d:00:cf,74:ea:3a:a1:53:a6,74:ea:3a:a1:53:a6,aa:23:4f:4d:00:cf,74:ea:3a:a1:53:a6,,-85,1,2412,False,False
1778936278.6961656,management,beacon,d8:d7:75:45:81:24,ff:ff:ff:ff:ff:ff,ff:ff:ff:ff:ff:ff,d8:d7:75:45:81:24,d8:d7:75:45:81:24,FunBox2-8124,-51,1,2412,False,False
1778936278.7455654,data,qos_null,aa:23:4f:4d:00:cf,74:ea:3a:a1:53:a6,74:ea:3a:a1:53:a6,aa:23:4f:4d:00:cf,74:ea:3a:a1:53:a6,,-88,1,2412,False,False
1778936278.7761045,data,qos_null,aa:23:4f:4d:00:cf,74:ea:3a:a1:53:a6,74:ea:3a:a1:53:a6,aa:23:4f:4d:00:cf,74:ea:3a:a1:53:a6,,-84,1,2412,False,False
1778936278.7985985,management,beacon,d8:d7:75:45:81:24,ff:ff:ff:ff:ff:ff,ff:ff:ff:ff:ff:ff,d8:d7:75:45:81:24,d8:d7:75:45:81:24,FunBox2-8124,-49,1,2412,False,False
1778936278.9009728,management,beacon,d8:d7:75:45:81:24,ff:ff:ff:ff:ff:ff,ff:ff:ff:ff:ff:ff,d8:d7:75:45:81:24,d8:d7:75:45:81:24,FunBox2-8124,-49,1,2412,False,False
1778936279.0395203,data,qos_null,aa:23:4f:4d:00:cf,74:ea:3a:a1:53:a6,74:ea:3a:a1:53:a6,aa:23:4f:4d:00:cf,74:ea:3a:a1:53:a6,,-86,1,2412,False,False
1778936279.1001236,data,qos_null,aa:23:4f:4d:00:cf,74:ea:3a:a1:53:a6,74:ea:3a:a1:53:a6,aa:23:4f:4d:00:cf,74:ea:3a:a1:53:a6,,-84,1,2412,False,False
1778936279.1261396,data,qos_null,aa:23:4f:4d:00:cf,74:ea:3a:a1:53:a6,74:ea:3a:a1:53:a6,aa:23:4f:4d:00:cf,74:ea:3a:a1:53:a6,,-84,1,2412,False,False
1778936279.2082517,management,beacon,d8:d7:75:45:81:24,ff:ff:ff:ff:ff:ff,ff:ff:ff:ff:ff:ff,d8:d7:75:45:81:24,d8:d7:75:45:81:24,FunBox2-8124,-50,1,2412,False,False
1778936279.230271,data,null_data,50:02:91:e8:18:ec,d8:d7:75:45:81:24,d8:d7:75:45:81:24,50:02:91:e8:18:ec,d8:d7:75:45:81:24,,-85,1,2412,False,False
1778936279.2302806,control,ack,,50:02:91:e8:18:ec,50:02:91:e8:18:ec,,,,-51,1,2412,False,False
1778936279.3106651,management,beacon,d8:d7:75:45:81:24,ff:ff:ff:ff:ff:ff,ff:ff:ff:ff:ff:ff,d8:d7:75:45:81:24,d8:d7:75:45:81:24,FunBox2-8124,-47,1,2412,False,False
1778936279.3435946,control,ack,,ce:d0:54:70:b1:b3,ce:d0:54:70:b1:b3,,,,-85,1,2412,False,False
1778936279.3911622,data,null_data,50:02:91:e8:18:ec,d8:d7:75:45:81:24,d8:d7:75:45:81:24,50:02:91:e8:18:ec,d8:d7:75:45:81:24,,-84,1,2412,False,False
1778936279.391173,control,ack,,50:02:91:e8:18:ec,50:02:91:e8:18:ec,,,,-52,1,2412,False,False
1778936279.4130223,management,beacon,d8:d7:75:45:81:24,ff:ff:ff:ff:ff:ff,ff:ff:ff:ff:ff:ff,d8:d7:75:45:81:24,d8:d7:75:45:81:24,FunBox2-8124,-43,1,2412,False,False
1778936279.5153944,management,beacon,d8:d7:75:45:81:24,ff:ff:ff:ff:ff:ff,ff:ff:ff:ff:ff:ff,d8:d7:75:45:81:24,d8:d7:75:45:81:24,FunBox2-8124,-51,1,2412,False,False
1778936279.5166152,control,ack,,50:02:91:e8:18:ec,50:02:91:e8:18:ec,,,,-53,1,2412,False,False
1778936279.677487,data,null_data,50:02:91:e8:18:ec,d8:d7:75:45:81:24,d8:d7:75:45:81:24,50:02:91:e8:18:ec,d8:d7:75:45:81:24,,-84,1,2412,False,False
1778936279.6774976,control,ack,,50:02:91:e8:18:ec,50:02:91:e8:18:ec,,,,-52,1,2412,False,False
1778936279.7202003,management,beacon,d8:d7:75:45:81:24,ff:ff:ff:ff:ff:ff,ff:ff:ff:ff:ff:ff,d8:d7:75:45:81:24,d8:d7:75:45:81:24,FunBox2-8124,-43,1,2412,False,False
1778936279.8226614,management,beacon,d8:d7:75:45:81:24,ff:ff:ff:ff:ff:ff,ff:ff:ff:ff:ff:ff,d8:d7:75:45:81:24,d8:d7:75:45:81:24,FunBox2-8124,-51,1,2412,False,False
1778936279.925014,management,beacon,d8:d7:75:45:81:24,ff:ff:ff:ff:ff:ff,ff:ff:ff:ff:ff:ff,d8:d7:75:45:81:24,d8:d7:75:45:81:24,FunBox2-8124,-51,1,2412,False,False
1778936280.027417,management,beacon,d8:d7:75:45:81:24,ff:ff:ff:ff:ff:ff,ff:ff:ff:ff:ff:ff,d8:d7:75:45:81:24,d8:d7:75:45:81:24,FunBox2-8124,-46,1,2412,False,False
1778936280.2322512,management,beacon,d8:d7:75:45:81:24,ff:ff:ff:ff:ff:ff,ff:ff:ff:ff:ff:ff,d8:d7:75:45:81:24,d8:d7:75:45:81:24,FunBox2-8124,-51,1,2412,False,False
1778936280.334667,management,beacon,d8:d7:75:45:81:24,ff:ff:ff:ff:ff:ff,ff:ff:ff:ff:ff:ff,d8:d7:75:45:81:24,d8:d7:75:45:81:24,FunBox2-8124,-53,1,2412,False,False
1778936280.4370492,management,beacon,d8:d7:75:45:81:24,ff:ff:ff:ff:ff:ff,ff:ff:ff:ff:ff:ff,d8:d7:75:45:81:24,d8:d7:75:45:81:24,FunBox2-8124,-54,1,2412,False,False
1778936280.4386446,data,data,d8:d7:75:45:81:24,01:00:5e:00:00:fb,01:00:5e:00:00:fb,d8:d7:75:45:81:24,8a:f4:af:eb:f3:fb,,-52,1,2412,True,False
1778936280.4390895,control,ack,,d8:d7:75:45:81:24,d8:d7:75:45:81:24,,,,-85,1,2412,False,False
1778936280.4390924,data,null_data,50:02:91:e8:18:ec,d8:d7:75:45:81:24,d8:d7:75:45:81:24,50:02:91:e8:18:ec,d8:d7:75:45:81:24,,-84,1,2412,False,False
1778936280.4390934,control,ack,,50:02:91:e8:18:ec,50:02:91:e8:18:ec,,,,-45,1,2412,False,False
1778936280.4409437,data,data,d8:d7:75:45:81:24,33:33:00:00:00:fb,33:33:00:00:00:fb,d8:d7:75:45:81:24,8a:f4:af:eb:f3:fb,,-43,1,2412,True,False
1778936280.4412556,control,ack,,d8:d7:75:45:81:24,d8:d7:75:45:81:24,,,,-83,1,2412,False,False
1778936280.4551067,management,beacon,ac:84:c6:41:71:22,ff:ff:ff:ff:ff:ff,ff:ff:ff:ff:ff:ff,ac:84:c6:41:71:22,ac:84:c6:41:71:22,TP-LINK_7122,-86,1,2412,False,False
1778936280.5412455,management,beacon,d8:d7:75:45:81:24,ff:ff:ff:ff:ff:ff,ff:ff:ff:ff:ff:ff,d8:d7:75:45:81:24,d8:d7:75:45:81:24,FunBox2-8124,-44,1,2412,False,False
1778936280.602161,data,null_data,50:02:91:e8:18:ec,d8:d7:75:45:81:24,d8:d7:75:45:81:24,50:02:91:e8:18:ec,d8:d7:75:45:81:24,,-84,1,2412,False,False
1778936280.6021707,control,ack,,50:02:91:e8:18:ec,50:02:91:e8:18:ec,,,,-52,1,2412,False,False
1778936280.641893,management,beacon,d8:d7:75:45:81:24,ff:ff:ff:ff:ff:ff,ff:ff:ff:ff:ff:ff,d8:d7:75:45:81:24,d8:d7:75:45:81:24,FunBox2-8124,-45,1,2412,False,False
1778936280.744263,management,beacon,d8:d7:75:45:81:24,ff:ff:ff:ff:ff:ff,ff:ff:ff:ff:ff:ff,d8:d7:75:45:81:24,d8:d7:75:45:81:24,FunBox2-8124,-52,1,2412,False,False
1778936280.847732,management,beacon,d8:d7:75:45:81:24,ff:ff:ff:ff:ff:ff,ff:ff:ff:ff:ff:ff,d8:d7:75:45:81:24,d8:d7:75:45:81:24,FunBox2-8124,-51,1,2412,False,False
1778936280.9490838,management,beacon,d8:d7:75:45:81:24,ff:ff:ff:ff:ff:ff,ff:ff:ff:ff:ff:ff,d8:d7:75:45:81:24,d8:d7:75:45:81:24,FunBox2-8124,-43,1,2412,False,False
1778936281.0514522,management,beacon,d8:d7:75:45:81:24,ff:ff:ff:ff:ff:ff,ff:ff:ff:ff:ff:ff,d8:d7:75:45:81:24,d8:d7:75:45:81:24,FunBox2-8124,-52,1,2412,False,False
1778936281.2564294,management,beacon,d8:d7:75:45:81:24,ff:ff:ff:ff:ff:ff,ff:ff:ff:ff:ff:ff,d8:d7:75:45:81:24,d8:d7:75:45:81:24,FunBox2-8124,-52,1,2412,False,False
1778936281.3586812,management,beacon,d8:d7:75:45:81:24,ff:ff:ff:ff:ff:ff,ff:ff:ff:ff:ff:ff,d8:d7:75:45:81:24,d8:d7:75:45:81:24,FunBox2-8124,-52,1,2412,False,False
1778936281.3602808,data,data,d8:d7:75:45:81:24,01:00:5e:00:00:fb,01:00:5e:00:00:fb,d8:d7:75:45:81:24,8a:f4:af:eb:f3:fb,,-53,1,2412,True,False
1778936281.3610325,control,ack,,d8:d7:75:45:81:24,d8:d7:75:45:81:24,,,,-85,1,2412,False,False
1778936281.361035,data,null_data,50:02:91:e8:18:ec,d8:d7:75:45:81:24,d8:d7:75:45:81:24,50:02:91:e8:18:ec,d8:d7:75:45:81:24,,-84,1,2412,False,False
1778936281.3610365,control,ack,,50:02:91:e8:18:ec,50:02:91:e8:18:ec,,,,-48,1,2412,False,False
1778936281.3610375,data,null_data,50:02:91:e8:18:ec,d8:d7:75:45:81:24,d8:d7:75:45:81:24,50:02:91:e8:18:ec,d8:d7:75:45:81:24,,-84,1,2412,False,True
1778936281.3610382,control,ack,,50:02:91:e8:18:ec,50:02:91:e8:18:ec,,,,-47,1,2412,False,False
1778936281.522282,data,null_data,50:02:91:e8:18:ec,d8:d7:75:45:81:24,d8:d7:75:45:81:24,50:02:91:e8:18:ec,d8:d7:75:45:81:24,,-85,1,2412,False,False
1778936281.5222917,control,ack,,50:02:91:e8:18:ec,50:02:91:e8:18:ec,,,,-52,1,2412,False,False
1778936281.5634723,management,beacon,d8:d7:75:45:81:24,ff:ff:ff:ff:ff:ff,ff:ff:ff:ff:ff:ff,d8:d7:75:45:81:24,d8:d7:75:45:81:24,FunBox2-8124,-46,1,2412,False,False
1778936281.768304,management,beacon,d8:d7:75:45:81:24,ff:ff:ff:ff:ff:ff,ff:ff:ff:ff:ff:ff,d8:d7:75:45:81:24,d8:d7:75:45:81:24,FunBox2-8124,-52,1,2412,False,False
1778936281.870682,management,beacon,d8:d7:75:45:81:24,ff:ff:ff:ff:ff:ff,ff:ff:ff:ff:ff:ff,d8:d7:75:45:81:24,d8:d7:75:45:81:24,FunBox2-8124,-52,1,2412,False,False
1778936281.9730859,management,beacon,d8:d7:75:45:81:24,ff:ff:ff:ff:ff:ff,ff:ff:ff:ff:ff:ff,d8:d7:75:45:81:24,d8:d7:75:45:81:24,FunBox2-8124,-51,1,2412,False,False
1778936282.0126123,management,probe_request,7a:1a:c0:6a:9e:06,ff:ff:ff:ff:ff:ff,ff:ff:ff:ff:ff:ff,7a:1a:c0:6a:9e:06,ff:ff:ff:ff:ff:ff,<hidden>,-84,1,2412,False,False
1778936282.0158293,management,probe_response,d8:d7:75:45:81:24,7a:1a:c0:6a:9e:06,7a:1a:c0:6a:9e:06,d8:d7:75:45:81:24,d8:d7:75:45:81:24,FunBox2-8124,-53,1,2412,False,False
1778936282.0199099,control,ack,,d8:d7:75:45:81:24,d8:d7:75:45:81:24,,,,-82,1,2412,False,False
1778936282.0234492,management,probe_request,7a:1a:c0:6a:9e:06,ff:ff:ff:ff:ff:ff,ff:ff:ff:ff:ff:ff,7a:1a:c0:6a:9e:06,ff:ff:ff:ff:ff:ff,<hidden>,-83,1,2412,False,False
1778936282.02674,management,probe_response,d8:d7:75:45:81:24,7a:1a:c0:6a:9e:06,7a:1a:c0:6a:9e:06,d8:d7:75:45:81:24,d8:d7:75:45:81:24,FunBox2-8124,-52,1,2412,False,False
1778936282.0270095,control,ack,,d8:d7:75:45:81:24,d8:d7:75:45:81:24,,,,-84,1,2412,False,False
1778936282.0755465,management,beacon,d8:d7:75:45:81:24,ff:ff:ff:ff:ff:ff,ff:ff:ff:ff:ff:ff,d8:d7:75:45:81:24,d8:d7:75:45:81:24,FunBox2-8124,-54,1,2412,False,False
1778936282.1049693,management,probe_request,e2:ba:9a:61:7b:a6,ff:ff:ff:ff:ff:ff,ff:ff:ff:ff:ff:ff,e2:ba:9a:61:7b:a6,ff:ff:ff:ff:ff:ff,<hidden>,-83,1,2412,False,False
1778936282.1185927,management,probe_response,d8:d7:75:45:81:24,e2:ba:9a:61:7b:a6,e2:ba:9a:61:7b:a6,d8:d7:75:45:81:24,d8:d7:75:45:81:24,FunBox2-8124,-52,1,2412,False,False
1778936282.1227844,management,probe_response,d8:d7:75:45:81:24,e2:ba:9a:61:7b:a6,e2:ba:9a:61:7b:a6,d8:d7:75:45:81:24,d8:d7:75:45:81:24,FunBox2-8124,-50,1,2412,False,True
1778936282.1274614,management,probe_response,d8:d7:75:45:81:24,e2:ba:9a:61:7b:a6,e2:ba:9a:61:7b:a6,d8:d7:75:45:81:24,d8:d7:75:45:81:24,FunBox2-8124,-53,1,2412,False,True
1778936282.1359103,management,probe_response,d8:d7:75:45:81:24,e2:ba:9a:61:7b:a6,e2:ba:9a:61:7b:a6,d8:d7:75:45:81:24,d8:d7:75:45:81:24,FunBox2-8124,-51,1,2412,False,True
1778936282.280335,management,beacon,d8:d7:75:45:81:24,ff:ff:ff:ff:ff:ff,ff:ff:ff:ff:ff:ff,d8:d7:75:45:81:24,d8:d7:75:45:81:24,FunBox2-8124,-53,1,2412,False,False
1778936282.48511,management,beacon,d8:d7:75:45:81:24,ff:ff:ff:ff:ff:ff,ff:ff:ff:ff:ff:ff,d8:d7:75:45:81:24,d8:d7:75:45:81:24,FunBox2-8124,-53,1,2412,False,False
1778936282.5875142,management,beacon,d8:d7:75:45:81:24,ff:ff:ff:ff:ff:ff,ff:ff:ff:ff:ff:ff,d8:d7:75:45:81:24,d8:d7:75:45:81:24,FunBox2-8124,-53,1,2412,False,False
1778936282.6899705,management,beacon,d8:d7:75:45:81:24,ff:ff:ff:ff:ff:ff,ff:ff:ff:ff:ff:ff,d8:d7:75:45:81:24,d8:d7:75:45:81:24,FunBox2-8124,-53,1,2412,False,False
1778936282.7923281,management,beacon,d8:d7:75:45:81:24,ff:ff:ff:ff:ff:ff,ff:ff:ff:ff:ff:ff,d8:d7:75:45:81:24,d8:d7:75:45:81:24,FunBox2-8124,-52,1,2412,False,False
1778936282.894735,management,beacon,d8:d7:75:45:81:24,ff:ff:ff:ff:ff:ff,ff:ff:ff:ff:ff:ff,d8:d7:75:45:81:24,d8:d7:75:45:81:24,FunBox2-8124,-53,1,2412,False,False
1778936282.9971302,management,beacon,d8:d7:75:45:81:24,ff:ff:ff:ff:ff:ff,ff:ff:ff:ff:ff:ff,d8:d7:75:45:81:24,d8:d7:75:45:81:24,FunBox2-8124,-45,1,2412,False,False
1778936283.0995631,management,beacon,d8:d7:75:45:81:24,ff:ff:ff:ff:ff:ff,ff:ff:ff:ff:ff:ff,d8:d7:75:45:81:24,d8:d7:75:45:81:24,FunBox2-8124,-53,1,2412,False,False
1778936283.2019515,management,beacon,d8:d7:75:45:81:24,ff:ff:ff:ff:ff:ff,ff:ff:ff:ff:ff:ff,d8:d7:75:45:81:24,d8:d7:75:45:81:24,FunBox2-8124,-54,1,2412,False,False
1778936283.3043401,management,beacon,d8:d7:75:45:81:24,ff:ff:ff:ff:ff:ff,ff:ff:ff:ff:ff:ff,d8:d7:75:45:81:24,d8:d7:75:45:81:24,FunBox2-8124,-52,1,2412,False,False
1778936283.3055224,data,null_data,50:02:91:e8:18:ec,d8:d7:75:45:81:24,d8:d7:75:45:81:24,50:02:91:e8:18:ec,d8:d7:75:45:81:24,,-83,1,2412,False,False
1778936283.3055263,control,ack,,50:02:91:e8:18:ec,50:02:91:e8:18:ec,,,,-52,1,2412,False,False
1778936283.4067361,management,beacon,d8:d7:75:45:81:24,ff:ff:ff:ff:ff:ff,ff:ff:ff:ff:ff:ff,d8:d7:75:45:81:24,d8:d7:75:45:81:24,FunBox2-8124,-44,1,2412,False,False
1778936283.4663765,data,null_data,50:02:91:e8:18:ec,d8:d7:75:45:81:24,d8:d7:75:45:81:24,50:02:91:e8:18:ec,d8:d7:75:45:81:24,,-84,1,2412,False,False
1778936283.4664097,control,ack,,50:02:91:e8:18:ec,50:02:91:e8:18:ec,,,,-52,1,2412,False,False
1778936283.5092015,management,beacon,d8:d7:75:45:81:24,ff:ff:ff:ff:ff:ff,ff:ff:ff:ff:ff:ff,d8:d7:75:45:81:24,d8:d7:75:45:81:24,FunBox2-8124,-44,1,2412,False,False
1778936283.5331137,data,qos_null,aa:23:4f:4d:00:cf,74:ea:3a:a1:53:a6,74:ea:3a:a1:53:a6,aa:23:4f:4d:00:cf,74:ea:3a:a1:53:a6,,-86,1,2412,False,False
1778936283.5345428,data,qos_data,aa:23:4f:4d:00:cf,74:ea:3a:a1:53:a6,74:ea:3a:a1:53:a6,aa:23:4f:4d:00:cf,d8:a7:56:15:ac:05,,-87,1,2412,False,False
1778936283.6115727,management,beacon,d8:d7:75:45:81:24,ff:ff:ff:ff:ff:ff,ff:ff:ff:ff:ff:ff,d8:d7:75:45:81:24,d8:d7:75:45:81:24,FunBox2-8124,-54,1,2412,False,False
1778936283.7139559,management,beacon,d8:d7:75:45:81:24,ff:ff:ff:ff:ff:ff,ff:ff:ff:ff:ff:ff,d8:d7:75:45:81:24,d8:d7:75:45:81:24,FunBox2-8124,-52,1,2412,False,False
1778936283.8163686,management,beacon,d8:d7:75:45:81:24,ff:ff:ff:ff:ff:ff,ff:ff:ff:ff:ff:ff,d8:d7:75:45:81:24,d8:d7:75:45:81:24,FunBox2-8124,-51,1,2412,False,False
1778936283.83225,management,beacon,ac:84:c6:41:71:22,ff:ff:ff:ff:ff:ff,ff:ff:ff:ff:ff:ff,ac:84:c6:41:71:22,ac:84:c6:41:71:22,TP-LINK_7122,-88,1,2412,False,False
1778936284.1254356,management,beacon,d8:d7:75:45:81:24,ff:ff:ff:ff:ff:ff,ff:ff:ff:ff:ff:ff,d8:d7:75:45:81:24,d8:d7:75:45:81:24,FunBox2-8124,-47,1,2412,False,False
1778936284.2260082,management,beacon,d8:d7:75:45:81:24,ff:ff:ff:ff:ff:ff,ff:ff:ff:ff:ff:ff,d8:d7:75:45:81:24,d8:d7:75:45:81:24,FunBox2-8124,-44,1,2412,False,False
1778936284.328389,management,beacon,d8:d7:75:45:81:24,ff:ff:ff:ff:ff:ff,ff:ff:ff:ff:ff:ff,d8:d7:75:45:81:24,d8:d7:75:45:81:24,FunBox2-8124,-51,1,2412,False,False
1778936284.4308403,management,beacon,d8:d7:75:45:81:24,ff:ff:ff:ff:ff:ff,ff:ff:ff:ff:ff:ff,d8:d7:75:45:81:24,d8:d7:75:45:81:24,FunBox2-8124,-51,1,2412,False,False
1778936284.4328434,control,ack,,d8:d7:75:45:81:24,d8:d7:75:45:81:24,,,,-83,1,2412,False,False
1778936284.4328458,data,null_data,50:02:91:e8:18:ec,d8:d7:75:45:81:24,d8:d7:75:45:81:24,50:02:91:e8:18:ec,d8:d7:75:45:81:24,,-83,1,2412,False,False
1778936284.4328468,control,ack,,50:02:91:e8:18:ec,50:02:91:e8:18:ec,,,,-47,1,2412,False,False
1778936284.4346957,data,data,d8:d7:75:45:81:24,33:33:00:00:00:fb,33:33:00:00:00:fb,d8:d7:75:45:81:24,8a:f4:af:eb:f3:fb,,-43,1,2412,True,False
1778936284.4349928,control,ack,,d8:d7:75:45:81:24,d8:d7:75:45:81:24,,,,-84,1,2412,False,False
1778936284.521834,management,probe_request,8a:f4:af:eb:f3:fb,ff:ff:ff:ff:ff:ff,ff:ff:ff:ff:ff:ff,8a:f4:af:eb:f3:fb,ff:ff:ff:ff:ff:ff,FunBox2-8124,-85,1,2412,False,False
1778936284.5250669,management,probe_response,d8:d7:75:45:81:24,8a:f4:af:eb:f3:fb,8a:f4:af:eb:f3:fb,d8:d7:75:45:81:24,d8:d7:75:45:81:24,FunBox2-8124,-47,1,2412,False,False
1778936284.5288064,management,probe_response,d8:d7:75:45:81:24,8a:f4:af:eb:f3:fb,8a:f4:af:eb:f3:fb,d8:d7:75:45:81:24,d8:d7:75:45:81:24,FunBox2-8124,-44,1,2412,False,True
1778936284.5290923,control,ack,,d8:d7:75:45:81:24,d8:d7:75:45:81:24,,,,-84,1,2412,False,False
1778936284.5771573,management,probe_request,8a:f4:af:eb:f3:fb,ff:ff:ff:ff:ff:ff,ff:ff:ff:ff:ff:ff,8a:f4:af:eb:f3:fb,ff:ff:ff:ff:ff:ff,FunBox2-8124,-84,1,2412,False,False
1778936284.5774722,control,ack,,8a:f4:af:eb:f3:fb,8a:f4:af:eb:f3:fb,,,,-84,1,2412,False,False
1778936284.580873,management,probe_response,d8:d7:75:45:81:24,8a:f4:af:eb:f3:fb,8a:f4:af:eb:f3:fb,d8:d7:75:45:81:24,d8:d7:75:45:81:24,FunBox2-8124,-43,1,2412,False,False
1778936284.5811608,control,ack,,d8:d7:75:45:81:24,d8:d7:75:45:81:24,,,,-84,1,2412,False,False
1778936284.595437,data,null_data,50:02:91:e8:18:ec,d8:d7:75:45:81:24,d8:d7:75:45:81:24,50:02:91:e8:18:ec,d8:d7:75:45:81:24,,-85,1,2412,False,False
1778936284.5954444,control,ack,,50:02:91:e8:18:ec,50:02:91:e8:18:ec,,,,-52,1,2412,False,False
1778936284.635668,management,beacon,d8:d7:75:45:81:24,ff:ff:ff:ff:ff:ff,ff:ff:ff:ff:ff:ff,d8:d7:75:45:81:24,d8:d7:75:45:81:24,FunBox2-8124,-43,1,2412,False,False
1778936284.8404422,management,beacon,d8:d7:75:45:81:24,ff:ff:ff:ff:ff:ff,ff:ff:ff:ff:ff:ff,d8:d7:75:45:81:24,d8:d7:75:45:81:24,FunBox2-8124,-51,1,2412,False,False
1778936284.9460278,management,beacon,d8:d7:75:45:81:24,ff:ff:ff:ff:ff:ff,ff:ff:ff:ff:ff:ff,d8:d7:75:45:81:24,d8:d7:75:45:81:24,FunBox2-8124,-47,1,2412,False,False
1778936285.0694747,data,qos_null,aa:23:4f:4d:00:cf,74:ea:3a:a1:53:a6,74:ea:3a:a1:53:a6,aa:23:4f:4d:00:cf,74:ea:3a:a1:53:a6,,-86,1,2412,False,False
1778936285.0712612,data,qos_data,aa:23:4f:4d:00:cf,74:ea:3a:a1:53:a6,74:ea:3a:a1:53:a6,aa:23:4f:4d:00:cf,d8:a7:56:15:ac:05,,-88,1,2412,False,False
1778936285.0858493,data,qos_null,aa:23:4f:4d:00:cf,74:ea:3a:a1:53:a6,74:ea:3a:a1:53:a6,aa:23:4f:4d:00:cf,74:ea:3a:a1:53:a6,,-85,1,2412,False,False
1778936285.1476526,management,beacon,d8:d7:75:45:81:24,ff:ff:ff:ff:ff:ff,ff:ff:ff:ff:ff:ff,d8:d7:75:45:81:24,d8:d7:75:45:81:24,FunBox2-8124,-52,1,2412,False,False
1778936285.250009,management,beacon,d8:d7:75:45:81:24,ff:ff:ff:ff:ff:ff,ff:ff:ff:ff:ff:ff,d8:d7:75:45:81:24,d8:d7:75:45:81:24,FunBox2-8124,-51,1,2412,False,False
1778936285.352411,management,beacon,d8:d7:75:45:81:24,ff:ff:ff:ff:ff:ff,ff:ff:ff:ff:ff:ff,d8:d7:75:45:81:24,d8:d7:75:45:81:24,FunBox2-8124,-52,1,2412,False,False
1778936285.455959,management,beacon,d8:d7:75:45:81:24,ff:ff:ff:ff:ff:ff,ff:ff:ff:ff:ff:ff,d8:d7:75:45:81:24,d8:d7:75:45:81:24,FunBox2-8124,-52,1,2412,False,False
1778936285.6596756,management,beacon,d8:d7:75:45:81:24,ff:ff:ff:ff:ff:ff,ff:ff:ff:ff:ff:ff,d8:d7:75:45:81:24,d8:d7:75:45:81:24,FunBox2-8124,-52,1,2412,False,False
1778936285.7635262,management,beacon,d8:d7:75:45:81:24,ff:ff:ff:ff:ff:ff,ff:ff:ff:ff:ff:ff,d8:d7:75:45:81:24,d8:d7:75:45:81:24,FunBox2-8124,-53,1,2412,False,False
1778936285.864441,management,beacon,d8:d7:75:45:81:24,ff:ff:ff:ff:ff:ff,ff:ff:ff:ff:ff:ff,d8:d7:75:45:81:24,d8:d7:75:45:81:24,FunBox2-8124,-52,1,2412,False,False
1778936285.9687529,management,beacon,d8:d7:75:45:81:24,ff:ff:ff:ff:ff:ff,ff:ff:ff:ff:ff:ff,d8:d7:75:45:81:24,d8:d7:75:45:81:24,FunBox2-8124,-44,1,2412,False,False
1778936286.0707712,management,beacon,d8:d7:75:45:81:24,ff:ff:ff:ff:ff:ff,ff:ff:ff:ff:ff:ff,d8:d7:75:45:81:24,d8:d7:75:45:81:24,FunBox2-8124,-51,1,2412,False,False
1778936286.1737442,management,beacon,d8:d7:75:45:81:24,ff:ff:ff:ff:ff:ff,ff:ff:ff:ff:ff:ff,d8:d7:75:45:81:24,d8:d7:75:45:81:24,FunBox2-8124,-43,1,2412,False,False
1778936286.274081,management,beacon,d8:d7:75:45:81:24,ff:ff:ff:ff:ff:ff,ff:ff:ff:ff:ff:ff,d8:d7:75:45:81:24,d8:d7:75:45:81:24,FunBox2-8124,-51,1,2412,False,False
1778936286.2752237,data,null_data,50:02:91:e8:18:ec,d8:d7:75:45:81:24,d8:d7:75:45:81:24,50:02:91:e8:18:ec,d8:d7:75:45:81:24,,-83,1,2412,False,False
1778936286.2754118,data,null_data,50:02:91:e8:18:ec,d8:d7:75:45:81:24,d8:d7:75:45:81:24,50:02:91:e8:18:ec,d8:d7:75:45:81:24,,-83,1,2412,False,True
1778936286.2757475,data,null_data,50:02:91:e8:18:ec,d8:d7:75:45:81:24,d8:d7:75:45:81:24,50:02:91:e8:18:ec,d8:d7:75:45:81:24,,-83,1,2412,False,True
1778936286.276651,data,null_data,50:02:91:e8:18:ec,d8:d7:75:45:81:24,d8:d7:75:45:81:24,50:02:91:e8:18:ec,d8:d7:75:45:81:24,,-85,1,2412,False,True
1778936286.27719,data,null_data,50:02:91:e8:18:ec,d8:d7:75:45:81:24,d8:d7:75:45:81:24,50:02:91:e8:18:ec,d8:d7:75:45:81:24,,-84,1,2412,False,True
1778936286.2777596,data,null_data,50:02:91:e8:18:ec,d8:d7:75:45:81:24,d8:d7:75:45:81:24,50:02:91:e8:18:ec,d8:d7:75:45:81:24,,-84,1,2412,False,True
1778936286.2780755,control,ack,,50:02:91:e8:18:ec,50:02:91:e8:18:ec,,,,-51,1,2412,False,False
1778936286.3660386,management,probe_request,8a:f4:af:eb:f3:fb,ff:ff:ff:ff:ff:ff,ff:ff:ff:ff:ff:ff,8a:f4:af:eb:f3:fb,ff:ff:ff:ff:ff:ff,FunBox2-8124,-86,1,2412,False,False
1778936286.3663359,control,ack,,8a:f4:af:eb:f3:fb,8a:f4:af:eb:f3:fb,,,,-84,1,2412,False,False
1778936286.3778925,management,beacon,d8:d7:75:45:81:24,ff:ff:ff:ff:ff:ff,ff:ff:ff:ff:ff:ff,d8:d7:75:45:81:24,d8:d7:75:45:81:24,FunBox2-8124,-52,1,2412,False,False
1778936286.4216714,control,ack,,8a:f4:af:eb:f3:fb,8a:f4:af:eb:f3:fb,,,,-84,1,2412,False,False
1778936286.4249675,management,probe_response,d8:d7:75:45:81:24,8a:f4:af:eb:f3:fb,8a:f4:af:eb:f3:fb,d8:d7:75:45:81:24,d8:d7:75:45:81:24,FunBox2-8124,-44,1,2412,False,False
1778936286.4290233,management,probe_response,d8:d7:75:45:81:24,8a:f4:af:eb:f3:fb,8a:f4:af:eb:f3:fb,d8:d7:75:45:81:24,d8:d7:75:45:81:24,FunBox2-8124,-44,1,2412,False,True
1778936286.4328437,management,probe_response,d8:d7:75:45:81:24,8a:f4:af:eb:f3:fb,8a:f4:af:eb:f3:fb,d8:d7:75:45:81:24,d8:d7:75:45:81:24,FunBox2-8124,-42,1,2412,False,True
1778936286.4331462,control,ack,,d8:d7:75:45:81:24,d8:d7:75:45:81:24,,,,-84,1,2412,False,False
1778936286.4391415,data,null_data,50:02:91:e8:18:ec,d8:d7:75:45:81:24,d8:d7:75:45:81:24,50:02:91:e8:18:ec,d8:d7:75:45:81:24,,-83,1,2412,False,False
1778936286.4391472,control,ack,,50:02:91:e8:18:ec,50:02:91:e8:18:ec,,,,-52,1,2412,False,False
1778936286.478885,management,beacon,d8:d7:75:45:81:24,ff:ff:ff:ff:ff:ff,ff:ff:ff:ff:ff:ff,d8:d7:75:45:81:24,d8:d7:75:45:81:24,FunBox2-8124,-44,1,2412,False,False
1778936286.4930243,management,beacon,ac:84:c6:41:71:22,ff:ff:ff:ff:ff:ff,ff:ff:ff:ff:ff:ff,ac:84:c6:41:71:22,ac:84:c6:41:71:22,TP-LINK_7122,-87,1,2412,False,False
1778936286.5831609,management,beacon,d8:d7:75:45:81:24,ff:ff:ff:ff:ff:ff,ff:ff:ff:ff:ff:ff,d8:d7:75:45:81:24,d8:d7:75:45:81:24,FunBox2-8124,-43,1,2412,False,False
1778936286.5953639,management,beacon,ac:84:c6:41:71:22,ff:ff:ff:ff:ff:ff,ff:ff:ff:ff:ff:ff,ac:84:c6:41:71:22,ac:84:c6:41:71:22,TP-LINK_7122,-86,1,2412,False,False
1778936286.68479,management,beacon,d8:d7:75:45:81:24,ff:ff:ff:ff:ff:ff,ff:ff:ff:ff:ff:ff,d8:d7:75:45:81:24,d8:d7:75:45:81:24,FunBox2-8124,-52,1,2412,False,False
1778936286.787372,management,beacon,d8:d7:75:45:81:24,ff:ff:ff:ff:ff:ff,ff:ff:ff:ff:ff:ff,d8:d7:75:45:81:24,d8:d7:75:45:81:24,FunBox2-8124,-43,1,2412,False,False
1778936286.8885105,management,beacon,d8:d7:75:45:81:24,ff:ff:ff:ff:ff:ff,ff:ff:ff:ff:ff:ff,d8:d7:75:45:81:24,d8:d7:75:45:81:24,FunBox2-8124,-51,1,2412,False,False
1778936286.8896444,data,null_data,50:02:91:e8:18:ec,d8:d7:75:45:81:24,d8:d7:75:45:81:24,50:02:91:e8:18:ec,d8:d7:75:45:81:24,,-83,1,2412,False,False
1778936286.889647,control,ack,,50:02:91:e8:18:ec,50:02:91:e8:18:ec,,,,-52,1,2412,False,False
1778936286.8914835,data,data,d8:d7:75:45:81:24,33:33:ff:19:75:72,33:33:ff:19:75:72,d8:d7:75:45:81:24,d8:d7:75:45:81:24,,-44,1,2412,True,False
1778936286.891775,control,ack,,d8:d7:75:45:81:24,d8:d7:75:45:81:24,,,,-84,1,2412,False,False
1778936286.893197,data,data,d8:d7:75:45:81:24,33:33:00:00:00:01,33:33:00:00:00:01,d8:d7:75:45:81:24,d8:d7:75:45:81:24,,-45,1,2412,True,False
1778936286.893503,control,ack,,d8:d7:75:45:81:24,d8:d7:75:45:81:24,,,,-85,1,2412,False,False
1778936286.9126172,management,action,d8:d7:75:45:81:24,50:02:91:e8:18:ec,50:02:91:e8:18:ec,d8:d7:75:45:81:24,d8:d7:75:45:81:24,,-52,1,2412,False,False
1778936286.912916,control,ack,,d8:d7:75:45:81:24,d8:d7:75:45:81:24,,,,-84,1,2412,False,False
1778936286.9133134,management,action,50:02:91:e8:18:ec,d8:d7:75:45:81:24,d8:d7:75:45:81:24,50:02:91:e8:18:ec,d8:d7:75:45:81:24,,-84,1,2412,False,False
1778936286.9133148,control,ack,,50:02:91:e8:18:ec,50:02:91:e8:18:ec,,,,-45,1,2412,False,False
1778936286.9920526,management,beacon,d8:d7:75:45:81:24,ff:ff:ff:ff:ff:ff,ff:ff:ff:ff:ff:ff,d8:d7:75:45:81:24,d8:d7:75:45:81:24,FunBox2-8124,-46,1,2412,False,False
1778936287.074128,data,null_data,50:02:91:e8:18:ec,d8:d7:75:45:81:24,d8:d7:75:45:81:24,50:02:91:e8:18:ec,d8:d7:75:45:81:24,,-83,1,2412,False,False
1778936287.074136,control,ack,,50:02:91:e8:18:ec,50:02:91:e8:18:ec,,,,-50,1,2412,False,False
1778936287.195755,management,beacon,d8:d7:75:45:81:24,ff:ff:ff:ff:ff:ff,ff:ff:ff:ff:ff:ff,d8:d7:75:45:81:24,d8:d7:75:45:81:24,FunBox2-8124,-53,1,2412,False,False
1778936287.2995462,management,beacon,d8:d7:75:45:81:24,ff:ff:ff:ff:ff:ff,ff:ff:ff:ff:ff:ff,d8:d7:75:45:81:24,d8:d7:75:45:81:24,FunBox2-8124,-53,1,2412,False,False
1778936287.4036682,management,beacon,d8:d7:75:45:81:24,ff:ff:ff:ff:ff:ff,ff:ff:ff:ff:ff:ff,d8:d7:75:45:81:24,d8:d7:75:45:81:24,FunBox2-8124,-51,1,2412,False,False
1778936287.5029125,management,beacon,d8:d7:75:45:81:24,ff:ff:ff:ff:ff:ff,ff:ff:ff:ff:ff:ff,d8:d7:75:45:81:24,d8:d7:75:45:81:24,FunBox2-8124,-53,1,2412,False,False
1778936287.5036778,data,data,d8:d7:75:45:81:24,ff:ff:ff:ff:ff:ff,ff:ff:ff:ff:ff:ff,d8:d7:75:45:81:24,d8:d7:75:45:81:24,,-52,1,2412,True,False
1778936287.5039957,control,ack,,d8:d7:75:45:81:24,d8:d7:75:45:81:24,,,,-84,1,2412,False,False
1778936287.5072982,data,data,d8:d7:75:45:81:24,ff:ff:ff:ff:ff:ff,ff:ff:ff:ff:ff:ff,d8:d7:75:45:81:24,d8:d7:75:45:81:24,,-43,1,2412,True,False
1778936287.507598,control,ack,,d8:d7:75:45:81:24,d8:d7:75:45:81:24,,,,-85,1,2412,False,False
1778936287.7077298,management,beacon,d8:d7:75:45:81:24,ff:ff:ff:ff:ff:ff,ff:ff:ff:ff:ff:ff,d8:d7:75:45:81:24,d8:d7:75:45:81:24,FunBox2-8124,-43,1,2412,False,False
1778936287.8101327,management,beacon,d8:d7:75:45:81:24,ff:ff:ff:ff:ff:ff,ff:ff:ff:ff:ff:ff,d8:d7:75:45:81:24,d8:d7:75:45:81:24,FunBox2-8124,-52,1,2412,False,False
1778936287.9063756,management,probe_response,d8:d7:75:45:81:24,8a:f4:af:eb:f3:fb,8a:f4:af:eb:f3:fb,d8:d7:75:45:81:24,d8:d7:75:45:81:24,FunBox2-8124,-52,1,2412,False,False
1778936288.014969,management,beacon,d8:d7:75:45:81:24,ff:ff:ff:ff:ff:ff,ff:ff:ff:ff:ff:ff,d8:d7:75:45:81:24,d8:d7:75:45:81:24,FunBox2-8124,-54,1,2412,False,False
1778936288.0202303,management,probe_request,8a:f4:af:eb:f3:fb,ff:ff:ff:ff:ff:ff,ff:ff:ff:ff:ff:ff,8a:f4:af:eb:f3:fb,ff:ff:ff:ff:ff:ff,FunBox2-8124,-86,1,2412,False,False
1778936288.040535,management,probe_request,8a:f4:af:eb:f3:fb,ff:ff:ff:ff:ff:ff,ff:ff:ff:ff:ff:ff,8a:f4:af:eb:f3:fb,ff:ff:ff:ff:ff:ff,FunBox2-8124,-85,1,2412,False,False
1778936288.0438297,management,probe_response,d8:d7:75:45:81:24,8a:f4:af:eb:f3:fb,8a:f4:af:eb:f3:fb,d8:d7:75:45:81:24,d8:d7:75:45:81:24,FunBox2-8124,-52,1,2412,False,True
1778936288.0441074,control,ack,,d8:d7:75:45:81:24,d8:d7:75:45:81:24,,,,-85,1,2412,False,False
1778936288.04778,management,probe_response,d8:d7:75:45:81:24,8a:f4:af:eb:f3:fb,8a:f4:af:eb:f3:fb,d8:d7:75:45:81:24,d8:d7:75:45:81:24,FunBox2-8124,-52,1,2412,False,True
1778936288.0524786,management,probe_response,d8:d7:75:45:81:24,8a:f4:af:eb:f3:fb,8a:f4:af:eb:f3:fb,d8:d7:75:45:81:24,d8:d7:75:45:81:24,FunBox2-8124,-53,1,2412,False,True
1778936288.052799,control,ack,,d8:d7:75:45:81:24,d8:d7:75:45:81:24,,,,-85,1,2412,False,False
1778936288.221685,management,beacon,d8:d7:75:45:81:24,ff:ff:ff:ff:ff:ff,ff:ff:ff:ff:ff:ff,d8:d7:75:45:81:24,d8:d7:75:45:81:24,FunBox2-8124,-52,1,2412,False,False
1778936288.3221204,management,beacon,d8:d7:75:45:81:24,ff:ff:ff:ff:ff:ff,ff:ff:ff:ff:ff:ff,d8:d7:75:45:81:24,d8:d7:75:45:81:24,FunBox2-8124,-44,1,2412,False,False
1778936288.4269993,management,beacon,d8:d7:75:45:81:24,ff:ff:ff:ff:ff:ff,ff:ff:ff:ff:ff:ff,d8:d7:75:45:81:24,d8:d7:75:45:81:24,FunBox2-8124,-43,1,2412,False,False
1778936288.52845,management,beacon,d8:d7:75:45:81:24,ff:ff:ff:ff:ff:ff,ff:ff:ff:ff:ff:ff,d8:d7:75:45:81:24,d8:d7:75:45:81:24,FunBox2-8124,-53,1,2412,False,False
1778936288.734342,management,beacon,d8:d7:75:45:81:24,ff:ff:ff:ff:ff:ff,ff:ff:ff:ff:ff:ff,d8:d7:75:45:81:24,d8:d7:75:45:81:24,FunBox2-8124,-52,1,2412,False,False
1778936288.7354503,data,null_data,50:02:91:e8:18:ec,d8:d7:75:45:81:24,d8:d7:75:45:81:24,50:02:91:e8:18:ec,d8:d7:75:45:81:24,,-83,1,2412,False,False
1778936288.7357364,data,null_data,50:02:91:e8:18:ec,d8:d7:75:45:81:24,d8:d7:75:45:81:24,50:02:91:e8:18:ec,d8:d7:75:45:81:24,,-82,1,2412,False,True
1778936288.7357385,control,ack,,50:02:91:e8:18:ec,50:02:91:e8:18:ec,,,,-48,1,2412,False,False
1778936288.7568948,data,qos_null,aa:23:4f:4d:00:cf,74:ea:3a:a1:53:a6,74:ea:3a:a1:53:a6,aa:23:4f:4d:00:cf,74:ea:3a:a1:53:a6,,-87,1,2412,False,False
1778936288.8354201,management,beacon,d8:d7:75:45:81:24,ff:ff:ff:ff:ff:ff,ff:ff:ff:ff:ff:ff,d8:d7:75:45:81:24,d8:d7:75:45:81:24,FunBox2-8124,-43,1,2412,False,False
1778936288.8431048,data,qos_null,aa:23:4f:4d:00:cf,74:ea:3a:a1:53:a6,74:ea:3a:a1:53:a6,aa:23:4f:4d:00:cf,74:ea:3a:a1:53:a6,,-85,1,2412,False,False
1778936288.8966184,control,ack,,50:02:91:e8:18:ec,50:02:91:e8:18:ec,,,,-51,1,2412,False,False
1778936288.9365742,management,beacon,d8:d7:75:45:81:24,ff:ff:ff:ff:ff:ff,ff:ff:ff:ff:ff:ff,d8:d7:75:45:81:24,d8:d7:75:45:81:24,FunBox2-8124,-52,1,2412,False,False
1778936289.038977,management,beacon,d8:d7:75:45:81:24,ff:ff:ff:ff:ff:ff,ff:ff:ff:ff:ff:ff,d8:d7:75:45:81:24,d8:d7:75:45:81:24,FunBox2-8124,-52,1,2412,False,False
1778936289.0665233,control,rts,ac:84:c6:41:71:22,ce:d0:54:70:b1:b3,ce:d0:54:70:b1:b3,ac:84:c6:41:71:22,,,-86,1,2412,False,False
1778936289.0688508,control,rts,ac:84:c6:41:71:22,ce:d0:54:70:b1:b3,ce:d0:54:70:b1:b3,ac:84:c6:41:71:22,,,-88,1,2412,False,False
1778936289.071142,control,rts,ac:84:c6:41:71:22,ce:d0:54:70:b1:b3,ce:d0:54:70:b1:b3,ac:84:c6:41:71:22,,,-87,1,2412,False,False
1778936289.0916147,control,rts,ac:84:c6:41:71:22,ce:d0:54:70:b1:b3,ce:d0:54:70:b1:b3,ac:84:c6:41:71:22,,,-89,1,2412,False,False
1778936289.104262,control,rts,ac:84:c6:41:71:22,ce:d0:54:70:b1:b3,ce:d0:54:70:b1:b3,ac:84:c6:41:71:22,,,-88,1,2412,False,False
1778936289.130891,control,rts,ac:84:c6:41:71:22,ce:d0:54:70:b1:b3,ce:d0:54:70:b1:b3,ac:84:c6:41:71:22,,,-92,1,2412,False,False
1778936289.2307887,data,null_data,50:02:91:e8:18:ec,d8:d7:75:45:81:24,d8:d7:75:45:81:24,50:02:91:e8:18:ec,d8:d7:75:45:81:24,,-83,1,2412,False,False
1778936289.2307982,control,ack,,50:02:91:e8:18:ec,50:02:91:e8:18:ec,,,,-48,1,2412,False,False
1778936289.2469482,management,beacon,d8:d7:75:45:81:24,ff:ff:ff:ff:ff:ff,ff:ff:ff:ff:ff:ff,d8:d7:75:45:81:24,d8:d7:75:45:81:24,FunBox2-8124,-51,1,2412,False,False
1778936289.3461676,management,beacon,d8:d7:75:45:81:24,ff:ff:ff:ff:ff:ff,ff:ff:ff:ff:ff:ff,d8:d7:75:45:81:24,d8:d7:75:45:81:24,FunBox2-8124,-50,1,2412,False,False
1778936289.3916607,data,null_data,50:02:91:e8:18:ec,d8:d7:75:45:81:24,d8:d7:75:45:81:24,50:02:91:e8:18:ec,d8:d7:75:45:81:24,,-84,1,2412,False,False
1778936289.3916793,control,ack,,50:02:91:e8:18:ec,50:02:91:e8:18:ec,,,,-52,1,2412,False,False
1778936289.5509896,management,beacon,d8:d7:75:45:81:24,ff:ff:ff:ff:ff:ff,ff:ff:ff:ff:ff:ff,d8:d7:75:45:81:24,d8:d7:75:45:81:24,FunBox2-8124,-44,1,2412,False,False
1778936289.7569451,management,beacon,d8:d7:75:45:81:24,ff:ff:ff:ff:ff:ff,ff:ff:ff:ff:ff:ff,d8:d7:75:45:81:24,d8:d7:75:45:81:24,FunBox2-8124,-51,1,2412,False,False
1778936289.757541,data,qos_null,aa:23:4f:4d:00:cf,74:ea:3a:a1:53:a6,74:ea:3a:a1:53:a6,aa:23:4f:4d:00:cf,74:ea:3a:a1:53:a6,,-87,1,2412,False,False
1778936289.7761085,data,qos_null,aa:23:4f:4d:00:cf,74:ea:3a:a1:53:a6,74:ea:3a:a1:53:a6,aa:23:4f:4d:00:cf,74:ea:3a:a1:53:a6,,-86,1,2412,False,False
1778936289.7845228,data,qos_null,aa:23:4f:4d:00:cf,74:ea:3a:a1:53:a6,74:ea:3a:a1:53:a6,aa:23:4f:4d:00:cf,74:ea:3a:a1:53:a6,,-87,1,2412,False,False
1778936289.8355417,data,qos_null,aa:23:4f:4d:00:cf,74:ea:3a:a1:53:a6,74:ea:3a:a1:53:a6,aa:23:4f:4d:00:cf,74:ea:3a:a1:53:a6,,-88,1,2412,False,False
1778936289.8581982,management,beacon,d8:d7:75:45:81:24,ff:ff:ff:ff:ff:ff,ff:ff:ff:ff:ff:ff,d8:d7:75:45:81:24,d8:d7:75:45:81:24,FunBox2-8124,-52,1,2412,False,False
1778936289.962582,management,beacon,d8:d7:75:45:81:24,ff:ff:ff:ff:ff:ff,ff:ff:ff:ff:ff:ff,d8:d7:75:45:81:24,d8:d7:75:45:81:24,FunBox2-8124,-44,1,2412,False,False
1778936289.96434,data,data,d8:d7:75:45:81:24,01:00:5e:00:00:01,01:00:5e:00:00:01,d8:d7:75:45:81:24,d8:d7:75:45:81:24,,-46,1,2412,True,False
1778936289.9646525,control,ack,,d8:d7:75:45:81:24,d8:d7:75:45:81:24,,,,-85,1,2412,False,False
1778936290.0633717,management,beacon,d8:d7:75:45:81:24,ff:ff:ff:ff:ff:ff,ff:ff:ff:ff:ff:ff,d8:d7:75:45:81:24,d8:d7:75:45:81:24,FunBox2-8124,-46,1,2412,False,False
1778936290.0685859,data,null_data,50:02:91:e8:18:ec,d8:d7:75:45:81:24,d8:d7:75:45:81:24,50:02:91:e8:18:ec,d8:d7:75:45:81:24,,-84,1,2412,False,False
1778936290.068595,control,ack,,50:02:91:e8:18:ec,50:02:91:e8:18:ec,,,,-47,1,2412,False,False
1778936290.1654124,management,beacon,d8:d7:75:45:81:24,ff:ff:ff:ff:ff:ff,ff:ff:ff:ff:ff:ff,d8:d7:75:45:81:24,d8:d7:75:45:81:24,FunBox2-8124,-51,1,2412,False,False
1778936290.229449,data,null_data,50:02:91:e8:18:ec,d8:d7:75:45:81:24,d8:d7:75:45:81:24,50:02:91:e8:18:ec,d8:d7:75:45:81:24,,-83,1,2412,False,False
1778936290.229465,control,ack,,50:02:91:e8:18:ec,50:02:91:e8:18:ec,,,,-53,1,2412,False,False
1778936290.267801,management,beacon,d8:d7:75:45:81:24,ff:ff:ff:ff:ff:ff,ff:ff:ff:ff:ff:ff,d8:d7:75:45:81:24,d8:d7:75:45:81:24,FunBox2-8124,-44,1,2412,False,False
1778936290.3713534,management,beacon,d8:d7:75:45:81:24,ff:ff:ff:ff:ff:ff,ff:ff:ff:ff:ff:ff,d8:d7:75:45:81:24,d8:d7:75:45:81:24,FunBox2-8124,-51,1,2412,False,False
1778936290.5232306,data,qos_null,aa:23:4f:4d:00:cf,74:ea:3a:a1:53:a6,74:ea:3a:a1:53:a6,aa:23:4f:4d:00:cf,74:ea:3a:a1:53:a6,,-89,1,2412,False,False
1778936290.576991,management,beacon,d8:d7:75:45:81:24,ff:ff:ff:ff:ff:ff,ff:ff:ff:ff:ff:ff,d8:d7:75:45:81:24,d8:d7:75:45:81:24,FunBox2-8124,-45,1,2412,False,False
1778936290.6080942,data,qos_null,aa:23:4f:4d:00:cf,74:ea:3a:a1:53:a6,74:ea:3a:a1:53:a6,aa:23:4f:4d:00:cf,74:ea:3a:a1:53:a6,,-86,1,2412,False,False
1778936290.668395,data,qos_null,aa:23:4f:4d:00:cf,74:ea:3a:a1:53:a6,74:ea:3a:a1:53:a6,aa:23:4f:4d:00:cf,74:ea:3a:a1:53:a6,,-85,1,2412,False,False
1778936290.719766,data,qos_null,aa:23:4f:4d:00:cf,74:ea:3a:a1:53:a6,74:ea:3a:a1:53:a6,aa:23:4f:4d:00:cf,74:ea:3a:a1:53:a6,,-86,1,2412,False,False
1778936290.7798448,management,beacon,d8:d7:75:45:81:24,ff:ff:ff:ff:ff:ff,ff:ff:ff:ff:ff:ff,d8:d7:75:45:81:24,d8:d7:75:45:81:24,FunBox2-8124,-52,1,2412,False,False
1778936290.9857829,management,beacon,d8:d7:75:45:81:24,ff:ff:ff:ff:ff:ff,ff:ff:ff:ff:ff:ff,d8:d7:75:45:81:24,d8:d7:75:45:81:24,FunBox2-8124,-53,1,2412,False,False
1778936291.0006554,control,rts,ac:84:c6:41:71:22,ce:d0:54:70:b1:b3,ce:d0:54:70:b1:b3,ac:84:c6:41:71:22,,,-87,1,2412,False,False
1778936291.01137,control,rts,ac:84:c6:41:71:22,ce:d0:54:70:b1:b3,ce:d0:54:70:b1:b3,ac:84:c6:41:71:22,,,-85,1,2412,False,False
1778936291.0168378,control,rts,ac:84:c6:41:71:22,ce:d0:54:70:b1:b3,ce:d0:54:70:b1:b3,ac:84:c6:41:71:22,,,-85,1,2412,False,False
1778936291.025852,control,rts,ac:84:c6:41:71:22,ce:d0:54:70:b1:b3,ce:d0:54:70:b1:b3,ac:84:c6:41:71:22,,,-85,1,2412,False,False
1778936291.0320106,control,rts,ac:84:c6:41:71:22,ce:d0:54:70:b1:b3,ce:d0:54:70:b1:b3,ac:84:c6:41:71:22,,,-86,1,2412,False,False
1778936291.0392423,control,rts,ac:84:c6:41:71:22,ce:d0:54:70:b1:b3,ce:d0:54:70:b1:b3,ac:84:c6:41:71:22,,,-85,1,2412,False,False
1778936291.0403,control,rts,ac:84:c6:41:71:22,ce:d0:54:70:b1:b3,ce:d0:54:70:b1:b3,ac:84:c6:41:71:22,,,-89,1,2412,False,False
1778936291.0412736,control,rts,ac:84:c6:41:71:22,ce:d0:54:70:b1:b3,ce:d0:54:70:b1:b3,ac:84:c6:41:71:22,,,-89,1,2412,False,False
1778936291.0427334,control,rts,ac:84:c6:41:71:22,ce:d0:54:70:b1:b3,ce:d0:54:70:b1:b3,ac:84:c6:41:71:22,,,-87,1,2412,False,False
1778936291.0659485,control,rts,ac:84:c6:41:71:22,ce:d0:54:70:b1:b3,ce:d0:54:70:b1:b3,ac:84:c6:41:71:22,,,-86,1,2412,False,False
1778936291.0710058,control,rts,ac:84:c6:41:71:22,ce:d0:54:70:b1:b3,ce:d0:54:70:b1:b3,ac:84:c6:41:71:22,,,-88,1,2412,False,False
1778936291.0871472,management,beacon,d8:d7:75:45:81:24,ff:ff:ff:ff:ff:ff,ff:ff:ff:ff:ff:ff,d8:d7:75:45:81:24,d8:d7:75:45:81:24,FunBox2-8124,-52,1,2412,False,False
1778936291.0912418,control,rts,ac:84:c6:41:71:22,ce:d0:54:70:b1:b3,ce:d0:54:70:b1:b3,ac:84:c6:41:71:22,,,-88,1,2412,False,False
1778936291.0920937,control,rts,ac:84:c6:41:71:22,ce:d0:54:70:b1:b3,ce:d0:54:70:b1:b3,ac:84:c6:41:71:22,,,-86,1,2412,False,False
1778936291.16767,control,rts,ac:84:c6:41:71:22,ce:d0:54:70:b1:b3,ce:d0:54:70:b1:b3,ac:84:c6:41:71:22,,,-87,1,2412,False,False
1778936291.2079165,control,cts,,ce:d0:54:70:b1:b3,ce:d0:54:70:b1:b3,,,,-86,1,2412,False,False
1778936291.2088168,control,rts,ac:84:c6:41:71:22,ce:d0:54:70:b1:b3,ce:d0:54:70:b1:b3,ac:84:c6:41:71:22,,,-86,1,2412,False,False
1778936291.2352858,control,rts,ac:84:c6:41:71:22,ce:d0:54:70:b1:b3,ce:d0:54:70:b1:b3,ac:84:c6:41:71:22,,,-87,1,2412,False,False
1778936291.2980182,management,beacon,d8:d7:75:45:81:24,ff:ff:ff:ff:ff:ff,ff:ff:ff:ff:ff:ff,d8:d7:75:45:81:24,d8:d7:75:45:81:24,FunBox2-8124,-52,1,2412,False,False
1778936291.316349,control,rts,ac:84:c6:41:71:22,ce:d0:54:70:b1:b3,ce:d0:54:70:b1:b3,ac:84:c6:41:71:22,,,-87,1,2412,False,False
1778936291.318077,control,rts,ac:84:c6:41:71:22,ce:d0:54:70:b1:b3,ce:d0:54:70:b1:b3,ac:84:c6:41:71:22,,,-86,1,2412,False,False
1778936291.320371,control,rts,ac:84:c6:41:71:22,ce:d0:54:70:b1:b3,ce:d0:54:70:b1:b3,ac:84:c6:41:71:22,,,-88,1,2412,False,False
1778936291.3256521,control,rts,ac:84:c6:41:71:22,ce:d0:54:70:b1:b3,ce:d0:54:70:b1:b3,ac:84:c6:41:71:22,,,-87,1,2412,False,False
1778936291.3371322,control,rts,ac:84:c6:41:71:22,ce:d0:54:70:b1:b3,ce:d0:54:70:b1:b3,ac:84:c6:41:71:22,,,-88,1,2412,False,False
1778936291.3392472,control,rts,ac:84:c6:41:71:22,ce:d0:54:70:b1:b3,ce:d0:54:70:b1:b3,ac:84:c6:41:71:22,,,-87,1,2412,False,False
1778936291.340696,control,rts,ac:84:c6:41:71:22,ce:d0:54:70:b1:b3,ce:d0:54:70:b1:b3,ac:84:c6:41:71:22,,,-88,1,2412,False,False
1778936291.342005,control,rts,ac:84:c6:41:71:22,ce:d0:54:70:b1:b3,ce:d0:54:70:b1:b3,ac:84:c6:41:71:22,,,-90,1,2412,False,False
1778936291.356547,control,rts,ac:84:c6:41:71:22,ce:d0:54:70:b1:b3,ce:d0:54:70:b1:b3,ac:84:c6:41:71:22,,,-86,1,2412,False,False
1778936291.358183,control,rts,ac:84:c6:41:71:22,ce:d0:54:70:b1:b3,ce:d0:54:70:b1:b3,ac:84:c6:41:71:22,,,-88,1,2412,False,False
1778936291.3609998,control,rts,ac:84:c6:41:71:22,ce:d0:54:70:b1:b3,ce:d0:54:70:b1:b3,ac:84:c6:41:71:22,,,-87,1,2412,False,False
1778936291.3956358,control,rts,ac:84:c6:41:71:22,ce:d0:54:70:b1:b3,ce:d0:54:70:b1:b3,ac:84:c6:41:71:22,,,-87,1,2412,False,False
1778936291.4234717,control,rts,ac:84:c6:41:71:22,ce:d0:54:70:b1:b3,ce:d0:54:70:b1:b3,ac:84:c6:41:71:22,,,-88,1,2412,False,False
1778936291.4255888,control,rts,ac:84:c6:41:71:22,ce:d0:54:70:b1:b3,ce:d0:54:70:b1:b3,ac:84:c6:41:71:22,,,-89,1,2412,False,False
1778936291.4314892,control,rts,ac:84:c6:41:71:22,ce:d0:54:70:b1:b3,ce:d0:54:70:b1:b3,ac:84:c6:41:71:22,,,-89,1,2412,False,False
1778936291.5063546,management,beacon,d8:d7:75:45:81:24,ff:ff:ff:ff:ff:ff,ff:ff:ff:ff:ff:ff,d8:d7:75:45:81:24,d8:d7:75:45:81:24,FunBox2-8124,-52,1,2412,False,False
1778936291.60055,control,rts,ac:84:c6:41:71:22,ce:d0:54:70:b1:b3,ce:d0:54:70:b1:b3,ac:84:c6:41:71:22,,,-86,1,2412,False,False
1778936291.6279771,control,rts,ac:84:c6:41:71:22,ce:d0:54:70:b1:b3,ce:d0:54:70:b1:b3,ac:84:c6:41:71:22,,,-85,1,2412,False,False
1778936291.647026,control,rts,ac:84:c6:41:71:22,ce:d0:54:70:b1:b3,ce:d0:54:70:b1:b3,ac:84:c6:41:71:22,,,-85,1,2412,False,False
1778936291.6507874,control,rts,ac:84:c6:41:71:22,ce:d0:54:70:b1:b3,ce:d0:54:70:b1:b3,ac:84:c6:41:71:22,,,-85,1,2412,False,False
1778936291.6617334,control,rts,ac:84:c6:41:71:22,ce:d0:54:70:b1:b3,ce:d0:54:70:b1:b3,ac:84:c6:41:71:22,,,-85,1,2412,False,False
1778936291.6658964,control,rts,ac:84:c6:41:71:22,ce:d0:54:70:b1:b3,ce:d0:54:70:b1:b3,ac:84:c6:41:71:22,,,-87,1,2412,False,False
1778936291.6685293,control,rts,ac:84:c6:41:71:22,ce:d0:54:70:b1:b3,ce:d0:54:70:b1:b3,ac:84:c6:41:71:22,,,-88,1,2412,False,False
1778936291.6773794,control,rts,ac:84:c6:41:71:22,ce:d0:54:70:b1:b3,ce:d0:54:70:b1:b3,ac:84:c6:41:71:22,,,-89,1,2412,False,False
1778936291.6850717,control,rts,ac:84:c6:41:71:22,ce:d0:54:70:b1:b3,ce:d0:54:70:b1:b3,ac:84:c6:41:71:22,,,-85,1,2412,False,False
1778936291.7017121,management,beacon,d8:d7:75:45:81:24,ff:ff:ff:ff:ff:ff,ff:ff:ff:ff:ff:ff,d8:d7:75:45:81:24,d8:d7:75:45:81:24,FunBox2-8124,-52,1,2412,False,False
1778936291.7145298,control,rts,ac:84:c6:41:71:22,ce:d0:54:70:b1:b3,ce:d0:54:70:b1:b3,ac:84:c6:41:71:22,,,-87,1,2412,False,False
1778936291.7178955,control,rts,ac:84:c6:41:71:22,ce:d0:54:70:b1:b3,ce:d0:54:70:b1:b3,ac:84:c6:41:71:22,,,-88,1,2412,False,False
1778936291.7476823,control,rts,ac:84:c6:41:71:22,ce:d0:54:70:b1:b3,ce:d0:54:70:b1:b3,ac:84:c6:41:71:22,,,-88,1,2412,False,False
1778936291.7481043,control,rts,ac:84:c6:41:71:22,ce:d0:54:70:b1:b3,ce:d0:54:70:b1:b3,ac:84:c6:41:71:22,,,-88,1,2412,False,False
1778936291.7553153,control,rts,ac:84:c6:41:71:22,ce:d0:54:70:b1:b3,ce:d0:54:70:b1:b3,ac:84:c6:41:71:22,,,-84,1,2412,False,False
1778936291.7567368,control,rts,ac:84:c6:41:71:22,ce:d0:54:70:b1:b3,ce:d0:54:70:b1:b3,ac:84:c6:41:71:22,,,-87,1,2412,False,False
1778936291.811262,control,rts,ac:84:c6:41:71:22,ce:d0:54:70:b1:b3,ce:d0:54:70:b1:b3,ac:84:c6:41:71:22,,,-89,1,2412,False,False
1778936291.828498,management,beacon,d8:d7:75:45:81:24,ff:ff:ff:ff:ff:ff,ff:ff:ff:ff:ff:ff,d8:d7:75:45:81:24,d8:d7:75:45:81:24,FunBox2-8124,-44,1,2412,False,False
1778936291.8296652,data,null_data,50:02:91:e8:18:ec,d8:d7:75:45:81:24,d8:d7:75:45:81:24,50:02:91:e8:18:ec,d8:d7:75:45:81:24,,-83,1,2412,False,False
1778936291.8296673,control,ack,,50:02:91:e8:18:ec,50:02:91:e8:18:ec,,,,-52,1,2412,False,False
1778936291.8794627,control,rts,ac:84:c6:41:71:22,ce:d0:54:70:b1:b3,ce:d0:54:70:b1:b3,ac:84:c6:41:71:22,,,-90,1,2412,False,False
1778936291.8912325,data,qos_data,ac:84:c6:41:71:22,ce:d0:54:70:b1:b3,ce:d0:54:70:b1:b3,ac:84:c6:41:71:22,ac:84:c6:41:71:22,,-85,1,2412,True,False
1778936291.9047682,control,cts,,ce:d0:54:70:b1:b3,ce:d0:54:70:b1:b3,,,,-88,1,2412,False,False
1778936291.9060242,control,rts,ac:84:c6:41:71:22,ce:d0:54:70:b1:b3,ce:d0:54:70:b1:b3,ac:84:c6:41:71:22,,,-87,1,2412,False,False
1778936291.9366012,control,rts,ac:84:c6:41:71:22,ce:d0:54:70:b1:b3,ce:d0:54:70:b1:b3,ac:84:c6:41:71:22,,,-85,1,2412,False,False
1778936291.9707434,control,rts,ac:84:c6:41:71:22,ce:d0:54:70:b1:b3,ce:d0:54:70:b1:b3,ac:84:c6:41:71:22,,,-88,1,2412,False,False
1778936291.9821286,control,rts,ac:84:c6:41:71:22,ce:d0:54:70:b1:b3,ce:d0:54:70:b1:b3,ac:84:c6:41:71:22,,,-92,1,2412,False,False
1778936291.9839168,control,rts,ac:84:c6:41:71:22,ce:d0:54:70:b1:b3,ce:d0:54:70:b1:b3,ac:84:c6:41:71:22,,,-89,1,2412,False,False
1778936291.9894993,control,rts,ac:84:c6:41:71:22,ce:d0:54:70:b1:b3,ce:d0:54:70:b1:b3,ac:84:c6:41:71:22,,,-90,1,2412,False,False
1778936291.990434,data,null_data,50:02:91:e8:18:ec,d8:d7:75:45:81:24,d8:d7:75:45:81:24,50:02:91:e8:18:ec,d8:d7:75:45:81:24,,-84,1,2412,False,False
1778936291.9965472,control,rts,ac:84:c6:41:71:22,ce:d0:54:70:b1:b3,ce:d0:54:70:b1:b3,ac:84:c6:41:71:22,,,-88,1,2412,False,False
1778936291.9980056,control,rts,ac:84:c6:41:71:22,ce:d0:54:70:b1:b3,ce:d0:54:70:b1:b3,ac:84:c6:41:71:22,,,-92,1,2412,False,False
1778936292.0176456,management,beacon,d8:d7:75:45:81:24,ff:ff:ff:ff:ff:ff,ff:ff:ff:ff:ff:ff,d8:d7:75:45:81:24,d8:d7:75:45:81:24,FunBox2-8124,-51,1,2412,False,False
1778936292.0323334,control,rts,ac:84:c6:41:71:22,ce:d0:54:70:b1:b3,ce:d0:54:70:b1:b3,ac:84:c6:41:71:22,,,-89,1,2412,False,False
1778936292.0346735,control,rts,ac:84:c6:41:71:22,ce:d0:54:70:b1:b3,ce:d0:54:70:b1:b3,ac:84:c6:41:71:22,,,-87,1,2412,False,False
1778936292.0351658,control,rts,ac:84:c6:41:71:22,ce:d0:54:70:b1:b3,ce:d0:54:70:b1:b3,ac:84:c6:41:71:22,,,-88,1,2412,False,False
1778936292.0425422,control,rts,ac:84:c6:41:71:22,ce:d0:54:70:b1:b3,ce:d0:54:70:b1:b3,ac:84:c6:41:71:22,,,-88,1,2412,False,False
1778936292.0430245,control,rts,ac:84:c6:41:71:22,ce:d0:54:70:b1:b3,ce:d0:54:70:b1:b3,ac:84:c6:41:71:22,,,-88,1,2412,False,False
1778936292.0435266,control,rts,ac:84:c6:41:71:22,ce:d0:54:70:b1:b3,ce:d0:54:70:b1:b3,ac:84:c6:41:71:22,,,-85,1,2412,False,False
1778936292.0449266,control,rts,ac:84:c6:41:71:22,ce:d0:54:70:b1:b3,ce:d0:54:70:b1:b3,ac:84:c6:41:71:22,,,-87,1,2412,False,False
1778936292.0458956,control,rts,ac:84:c6:41:71:22,ce:d0:54:70:b1:b3,ce:d0:54:70:b1:b3,ac:84:c6:41:71:22,,,-84,1,2412,False,False
1778936292.0508304,control,rts,ac:84:c6:41:71:22,ce:d0:54:70:b1:b3,ce:d0:54:70:b1:b3,ac:84:c6:41:71:22,,,-85,1,2412,False,False
1778936292.0524168,control,rts,ac:84:c6:41:71:22,ce:d0:54:70:b1:b3,ce:d0:54:70:b1:b3,ac:84:c6:41:71:22,,,-88,1,2412,False,False
1778936292.0530124,control,rts,ac:84:c6:41:71:22,ce:d0:54:70:b1:b3,ce:d0:54:70:b1:b3,ac:84:c6:41:71:22,,,-89,1,2412,False,False
1778936292.0577753,control,rts,ac:84:c6:41:71:22,ce:d0:54:70:b1:b3,ce:d0:54:70:b1:b3,ac:84:c6:41:71:22,,,-87,1,2412,False,False
1778936292.058739,control,rts,ac:84:c6:41:71:22,ce:d0:54:70:b1:b3,ce:d0:54:70:b1:b3,ac:84:c6:41:71:22,,,-87,1,2412,False,False
1778936292.064156,control,rts,ac:84:c6:41:71:22,ce:d0:54:70:b1:b3,ce:d0:54:70:b1:b3,ac:84:c6:41:71:22,,,-87,1,2412,False,False
1778936292.0678523,control,rts,ac:84:c6:41:71:22,ce:d0:54:70:b1:b3,ce:d0:54:70:b1:b3,ac:84:c6:41:71:22,,,-88,1,2412,False,False
1778936292.0734756,control,rts,ac:84:c6:41:71:22,ce:d0:54:70:b1:b3,ce:d0:54:70:b1:b3,ac:84:c6:41:71:22,,,-87,1,2412,False,False
1778936292.075437,control,rts,ac:84:c6:41:71:22,ce:d0:54:70:b1:b3,ce:d0:54:70:b1:b3,ac:84:c6:41:71:22,,,-89,1,2412,False,False
1778936292.091872,control,rts,ac:84:c6:41:71:22,ce:d0:54:70:b1:b3,ce:d0:54:70:b1:b3,ac:84:c6:41:71:22,,,-89,1,2412,False,False
1778936292.1487505,control,cts,,ce:d0:54:70:b1:b3,ce:d0:54:70:b1:b3,,,,-86,1,2412,False,False
1778936292.214694,management,beacon,d8:d7:75:45:81:24,ff:ff:ff:ff:ff:ff,ff:ff:ff:ff:ff:ff,d8:d7:75:45:81:24,d8:d7:75:45:81:24,FunBox2-8124,-51,1,2412,False,False
1778936292.2896945,control,rts,ac:84:c6:41:71:22,ce:d0:54:70:b1:b3,ce:d0:54:70:b1:b3,ac:84:c6:41:71:22,,,-88,1,2412,False,False
1778936292.2906594,control,rts,ac:84:c6:41:71:22,ce:d0:54:70:b1:b3,ce:d0:54:70:b1:b3,ac:84:c6:41:71:22,,,-89,1,2412,False,False
1778936292.2947268,control,rts,ac:84:c6:41:71:22,ce:d0:54:70:b1:b3,ce:d0:54:70:b1:b3,ac:84:c6:41:71:22,,,-86,1,2412,False,False
1778936292.2956548,control,rts,ac:84:c6:41:71:22,ce:d0:54:70:b1:b3,ce:d0:54:70:b1:b3,ac:84:c6:41:71:22,,,-90,1,2412,False,False
1778936292.3054454,control,rts,ac:84:c6:41:71:22,ce:d0:54:70:b1:b3,ce:d0:54:70:b1:b3,ac:84:c6:41:71:22,,,-88,1,2412,False,False
1778936292.3111591,control,rts,ac:84:c6:41:71:22,ce:d0:54:70:b1:b3,ce:d0:54:70:b1:b3,ac:84:c6:41:71:22,,,-87,1,2412,False,False
1778936292.3201554,management,beacon,d8:d7:75:45:81:24,ff:ff:ff:ff:ff:ff,ff:ff:ff:ff:ff:ff,d8:d7:75:45:81:24,d8:d7:75:45:81:24,FunBox2-8124,-51,1,2412,False,False
1778936292.3263924,management,beacon,ac:84:c6:41:71:22,ff:ff:ff:ff:ff:ff,ff:ff:ff:ff:ff:ff,ac:84:c6:41:71:22,ac:84:c6:41:71:22,TP-LINK_7122,-88,1,2412,False,False
1778936292.3332105,control,rts,ac:84:c6:41:71:22,ce:d0:54:70:b1:b3,ce:d0:54:70:b1:b3,ac:84:c6:41:71:22,,,-88,1,2412,False,False
1778936292.3471978,control,rts,ac:84:c6:41:71:22,ce:d0:54:70:b1:b3,ce:d0:54:70:b1:b3,ac:84:c6:41:71:22,,,-85,1,2412,False,False
1778936292.3485427,control,rts,ac:84:c6:41:71:22,ce:d0:54:70:b1:b3,ce:d0:54:70:b1:b3,ac:84:c6:41:71:22,,,-87,1,2412,False,False
1778936292.3494315,control,rts,ac:84:c6:41:71:22,ce:d0:54:70:b1:b3,ce:d0:54:70:b1:b3,ac:84:c6:41:71:22,,,-88,1,2412,False,False
1778936292.3526764,control,rts,ac:84:c6:41:71:22,ce:d0:54:70:b1:b3,ce:d0:54:70:b1:b3,ac:84:c6:41:71:22,,,-90,1,2412,False,False
1778936292.354441,control,rts,ac:84:c6:41:71:22,ce:d0:54:70:b1:b3,ce:d0:54:70:b1:b3,ac:84:c6:41:71:22,,,-87,1,2412,False,False
1778936292.3569026,control,rts,ac:84:c6:41:71:22,ce:d0:54:70:b1:b3,ce:d0:54:70:b1:b3,ac:84:c6:41:71:22,,,-87,1,2412,False,False
1778936292.357834,control,rts,ac:84:c6:41:71:22,ce:d0:54:70:b1:b3,ce:d0:54:70:b1:b3,ac:84:c6:41:71:22,,,-87,1,2412,False,False
1778936292.3587847,control,rts,ac:84:c6:41:71:22,ce:d0:54:70:b1:b3,ce:d0:54:70:b1:b3,ac:84:c6:41:71:22,,,-87,1,2412,False,False
1778936292.3649364,control,rts,ac:84:c6:41:71:22,ce:d0:54:70:b1:b3,ce:d0:54:70:b1:b3,ac:84:c6:41:71:22,,,-88,1,2412,False,False
1778936292.365446,control,rts,ac:84:c6:41:71:22,ce:d0:54:70:b1:b3,ce:d0:54:70:b1:b3,ac:84:c6:41:71:22,,,-87,1,2412,False,False
1778936292.3664048,control,rts,ac:84:c6:41:71:22,ce:d0:54:70:b1:b3,ce:d0:54:70:b1:b3,ac:84:c6:41:71:22,,,-86,1,2412,False,False
1778936292.36685,control,rts,ac:84:c6:41:71:22,ce:d0:54:70:b1:b3,ce:d0:54:70:b1:b3,ac:84:c6:41:71:22,,,-87,1,2412,False,False
1778936292.372175,control,rts,ac:84:c6:41:71:22,ce:d0:54:70:b1:b3,ce:d0:54:70:b1:b3,ac:84:c6:41:71:22,,,-90,1,2412,False,False
1778936292.3782911,control,rts,ac:84:c6:41:71:22,ce:d0:54:70:b1:b3,ce:d0:54:70:b1:b3,ac:84:c6:41:71:22,,,-87,1,2412,False,False
1778936292.3787904,control,rts,ac:84:c6:41:71:22,ce:d0:54:70:b1:b3,ce:d0:54:70:b1:b3,ac:84:c6:41:71:22,,,-86,1,2412,False,False
1778936292.379874,control,rts,ac:84:c6:41:71:22,ce:d0:54:70:b1:b3,ce:d0:54:70:b1:b3,ac:84:c6:41:71:22,,,-85,1,2412,False,False
1778936292.3807995,control,rts,ac:84:c6:41:71:22,ce:d0:54:70:b1:b3,ce:d0:54:70:b1:b3,ac:84:c6:41:71:22,,,-89,1,2412,False,False
1778936292.3820732,control,rts,ac:84:c6:41:71:22,ce:d0:54:70:b1:b3,ce:d0:54:70:b1:b3,ac:84:c6:41:71:22,,,-88,1,2412,False,False
1778936292.384664,control,rts,ac:84:c6:41:71:22,ce:d0:54:70:b1:b3,ce:d0:54:70:b1:b3,ac:84:c6:41:71:22,,,-87,1,2412,False,False
1778936292.389834,control,rts,ac:84:c6:41:71:22,ce:d0:54:70:b1:b3,ce:d0:54:70:b1:b3,ac:84:c6:41:71:22,,,-88,1,2412,False,False
1778936292.3917809,control,rts,ac:84:c6:41:71:22,ce:d0:54:70:b1:b3,ce:d0:54:70:b1:b3,ac:84:c6:41:71:22,,,-85,1,2412,False,False
1778936292.3953936,control,rts,ac:84:c6:41:71:22,ce:d0:54:70:b1:b3,ce:d0:54:70:b1:b3,ac:84:c6:41:71:22,,,-85,1,2412,False,False
1778936292.3973143,control,rts,ac:84:c6:41:71:22,ce:d0:54:70:b1:b3,ce:d0:54:70:b1:b3,ac:84:c6:41:71:22,,,-86,1,2412,False,False
1778936292.3987691,control,rts,ac:84:c6:41:71:22,ce:d0:54:70:b1:b3,ce:d0:54:70:b1:b3,ac:84:c6:41:71:22,,,-87,1,2412,False,False
1778936292.4023252,control,rts,ac:84:c6:41:71:22,ce:d0:54:70:b1:b3,ce:d0:54:70:b1:b3,ac:84:c6:41:71:22,,,-87,1,2412,False,False
1778936292.4059181,control,rts,ac:84:c6:41:71:22,ce:d0:54:70:b1:b3,ce:d0:54:70:b1:b3,ac:84:c6:41:71:22,,,-86,1,2412,False,False
1778936292.4492788,control,rts,ac:84:c6:41:71:22,ce:d0:54:70:b1:b3,ce:d0:54:70:b1:b3,ac:84:c6:41:71:22,,,-88,1,2412,False,False
1778936292.50044,control,rts,ac:84:c6:41:71:22,ce:d0:54:70:b1:b3,ce:d0:54:70:b1:b3,ac:84:c6:41:71:22,,,-86,1,2412,False,False
1778936292.5309303,management,beacon,d8:d7:75:45:81:24,ff:ff:ff:ff:ff:ff,ff:ff:ff:ff:ff:ff,d8:d7:75:45:81:24,d8:d7:75:45:81:24,FunBox2-8124,-53,1,2412,False,False
1778936292.5452747,control,rts,ac:84:c6:41:71:22,ce:d0:54:70:b1:b3,ce:d0:54:70:b1:b3,ac:84:c6:41:71:22,,,-86,1,2412,False,False
1778936292.5826123,control,rts,ac:84:c6:41:71:22,ce:d0:54:70:b1:b3,ce:d0:54:70:b1:b3,ac:84:c6:41:71:22,,,-88,1,2412,False,False
1778936292.6263158,management,beacon,d8:d7:75:45:81:24,ff:ff:ff:ff:ff:ff,ff:ff:ff:ff:ff:ff,d8:d7:75:45:81:24,d8:d7:75:45:81:24,FunBox2-8124,-51,1,2412,False,False
1778936292.6540334,control,rts,ac:84:c6:41:71:22,ce:d0:54:70:b1:b3,ce:d0:54:70:b1:b3,ac:84:c6:41:71:22,,,-89,1,2412,False,False
1778936292.6571374,control,rts,ac:84:c6:41:71:22,ce:d0:54:70:b1:b3,ce:d0:54:70:b1:b3,ac:84:c6:41:71:22,,,-90,1,2412,False,False
1778936292.6578445,control,rts,ac:84:c6:41:71:22,ce:d0:54:70:b1:b3,ce:d0:54:70:b1:b3,ac:84:c6:41:71:22,,,-88,1,2412,False,False
1778936292.6588297,control,rts,ac:84:c6:41:71:22,ce:d0:54:70:b1:b3,ce:d0:54:70:b1:b3,ac:84:c6:41:71:22,,,-87,1,2412,False,False
1778936292.6608164,control,rts,ac:84:c6:41:71:22,ce:d0:54:70:b1:b3,ce:d0:54:70:b1:b3,ac:84:c6:41:71:22,,,-87,1,2412,False,False
1778936292.6619203,control,rts,ac:84:c6:41:71:22,ce:d0:54:70:b1:b3,ce:d0:54:70:b1:b3,ac:84:c6:41:71:22,,,-86,1,2412,False,False
1778936292.6783247,control,rts,ac:84:c6:41:71:22,ce:d0:54:70:b1:b3,ce:d0:54:70:b1:b3,ac:84:c6:41:71:22,,,-91,1,2412,False,False
1778936292.6803598,control,rts,ac:84:c6:41:71:22,ce:d0:54:70:b1:b3,ce:d0:54:70:b1:b3,ac:84:c6:41:71:22,,,-87,1,2412,False,False
1778936292.6808069,control,rts,ac:84:c6:41:71:22,ce:d0:54:70:b1:b3,ce:d0:54:70:b1:b3,ac:84:c6:41:71:22,,,-88,1,2412,False,False
1778936292.6841784,control,rts,ac:84:c6:41:71:22,ce:d0:54:70:b1:b3,ce:d0:54:70:b1:b3,ac:84:c6:41:71:22,,,-88,1,2412,False,False
1778936292.6856382,control,rts,ac:84:c6:41:71:22,ce:d0:54:70:b1:b3,ce:d0:54:70:b1:b3,ac:84:c6:41:71:22,,,-87,1,2412,False,False
1778936292.69078,control,rts,ac:84:c6:41:71:22,ce:d0:54:70:b1:b3,ce:d0:54:70:b1:b3,ac:84:c6:41:71:22,,,-94,1,2412,False,False
1778936292.692422,control,rts,ac:84:c6:41:71:22,ce:d0:54:70:b1:b3,ce:d0:54:70:b1:b3,ac:84:c6:41:71:22,,,-88,1,2412,False,False
1778936292.707213,control,rts,ac:84:c6:41:71:22,ce:d0:54:70:b1:b3,ce:d0:54:70:b1:b3,ac:84:c6:41:71:22,,,-89,1,2412,False,False
1778936292.712713,control,rts,ac:84:c6:41:71:22,ce:d0:54:70:b1:b3,ce:d0:54:70:b1:b3,ac:84:c6:41:71:22,,,-89,1,2412,False,False
1778936292.7155726,control,rts,ac:84:c6:41:71:22,ce:d0:54:70:b1:b3,ce:d0:54:70:b1:b3,ac:84:c6:41:71:22,,,-88,1,2412,False,False
1778936292.7230556,control,rts,ac:84:c6:41:71:22,ce:d0:54:70:b1:b3,ce:d0:54:70:b1:b3,ac:84:c6:41:71:22,,,-88,1,2412,False,False
1778936292.7261887,management,beacon,d8:d7:75:45:81:24,ff:ff:ff:ff:ff:ff,ff:ff:ff:ff:ff:ff,d8:d7:75:45:81:24,d8:d7:75:45:81:24,FunBox2-8124,-46,1,2412,False,False
1778936292.7406871,data,null_data,50:02:91:e8:18:ec,d8:d7:75:45:81:24,d8:d7:75:45:81:24,50:02:91:e8:18:ec,d8:d7:75:45:81:24,,-83,1,2412,False,False
1778936292.7415607,data,null_data,50:02:91:e8:18:ec,d8:d7:75:45:81:24,d8:d7:75:45:81:24,50:02:91:e8:18:ec,d8:d7:75:45:81:24,,-85,1,2412,False,True
1778936292.742516,data,null_data,50:02:91:e8:18:ec,d8:d7:75:45:81:24,d8:d7:75:45:81:24,50:02:91:e8:18:ec,d8:d7:75:45:81:24,,-85,1,2412,False,True
1778936292.743066,data,null_data,50:02:91:e8:18:ec,d8:d7:75:45:81:24,d8:d7:75:45:81:24,50:02:91:e8:18:ec,d8:d7:75:45:81:24,,-85,1,2412,False,True
1778936292.743393,control,ack,,50:02:91:e8:18:ec,50:02:91:e8:18:ec,,,,-52,1,2412,False,False
1778936292.7452786,control,ack,,50:02:91:e8:18:ec,50:02:91:e8:18:ec,,,,-52,1,2412,False,False
1778936292.7485821,control,rts,ac:84:c6:41:71:22,ce:d0:54:70:b1:b3,ce:d0:54:70:b1:b3,ac:84:c6:41:71:22,,,-89,1,2412,False,False
1778936292.7929277,data,qos_data,d8:d7:75:45:81:24,50:02:91:e8:18:ec,50:02:91:e8:18:ec,d8:d7:75:45:81:24,d8:d7:75:45:81:24,,-49,1,2412,True,False
1778936292.792936,control,ack,,d8:d7:75:45:81:24,d8:d7:75:45:81:24,,,,-84,1,2412,False,False
1778936292.8445888,management,beacon,d8:d7:75:45:81:24,ff:ff:ff:ff:ff:ff,ff:ff:ff:ff:ff:ff,d8:d7:75:45:81:24,d8:d7:75:45:81:24,FunBox2-8124,-53,1,2412,False,False
1778936292.9405806,management,beacon,d8:d7:75:45:81:24,ff:ff:ff:ff:ff:ff,ff:ff:ff:ff:ff:ff,d8:d7:75:45:81:24,d8:d7:75:45:81:24,FunBox2-8124,-51,1,2412,False,False
1778936292.9418125,control,rts,ac:84:c6:41:71:22,ce:d0:54:70:b1:b3,ce:d0:54:70:b1:b3,ac:84:c6:41:71:22,,,-90,1,2412,False,False
1778936292.9538832,data,null_data,50:02:91:e8:18:ec,d8:d7:75:45:81:24,d8:d7:75:45:81:24,50:02:91:e8:18:ec,d8:d7:75:45:81:24,,-82,1,2412,False,True
1778936292.9538875,control,ack,,50:02:91:e8:18:ec,50:02:91:e8:18:ec,,,,-47,1,2412,False,False
1778936292.9545286,control,rts,ac:84:c6:41:71:22,ce:d0:54:70:b1:b3,ce:d0:54:70:b1:b3,ac:84:c6:41:71:22,,,-85,1,2412,False,False
1778936293.053518,management,beacon,d8:d7:75:45:81:24,ff:ff:ff:ff:ff:ff,ff:ff:ff:ff:ff:ff,d8:d7:75:45:81:24,d8:d7:75:45:81:24,FunBox2-8124,-51,1,2412,False,False
1778936293.054667,data,null_data,50:02:91:e8:18:ec,d8:d7:75:45:81:24,d8:d7:75:45:81:24,50:02:91:e8:18:ec,d8:d7:75:45:81:24,,-85,1,2412,False,False
1778936293.0546691,control,ack,,50:02:91:e8:18:ec,50:02:91:e8:18:ec,,,,-53,1,2412,False,False
1778936293.0580971,control,rts,ac:84:c6:41:71:22,ce:d0:54:70:b1:b3,ce:d0:54:70:b1:b3,ac:84:c6:41:71:22,,,-85,1,2412,False,False
1778936293.0646288,data,qos_data,d8:d7:75:45:81:24,50:02:91:e8:18:ec,50:02:91:e8:18:ec,d8:d7:75:45:81:24,d8:d7:75:45:81:24,,-48,1,2412,True,False
1778936293.0646346,control,ack,,d8:d7:75:45:81:24,d8:d7:75:45:81:24,,,,-85,1,2412,False,False
1778936293.074485,control,rts,ac:84:c6:41:71:22,ce:d0:54:70:b1:b3,ce:d0:54:70:b1:b3,ac:84:c6:41:71:22,,,-86,1,2412,False,False
1778936293.088323,control,rts,ac:84:c6:41:71:22,ce:d0:54:70:b1:b3,ce:d0:54:70:b1:b3,ac:84:c6:41:71:22,,,-86,1,2412,False,False
1778936293.093346,control,rts,ac:84:c6:41:71:22,ce:d0:54:70:b1:b3,ce:d0:54:70:b1:b3,ac:84:c6:41:71:22,,,-86,1,2412,False,False
1778936293.1107001,control,rts,ac:84:c6:41:71:22,ce:d0:54:70:b1:b3,ce:d0:54:70:b1:b3,ac:84:c6:41:71:22,,,-87,1,2412,False,False
1778936293.1351414,management,beacon,d8:d7:75:45:81:24,ff:ff:ff:ff:ff:ff,ff:ff:ff:ff:ff:ff,d8:d7:75:45:81:24,d8:d7:75:45:81:24,FunBox2-8124,-53,1,2412,False,False
1778936293.1362903,control,rts,ac:84:c6:41:71:22,ce:d0:54:70:b1:b3,ce:d0:54:70:b1:b3,ac:84:c6:41:71:22,,,-85,1,2412,False,False
1778936293.2253094,data,null_data,50:02:91:e8:18:ec,d8:d7:75:45:81:24,d8:d7:75:45:81:24,50:02:91:e8:18:ec,d8:d7:75:45:81:24,,-82,1,2412,False,False
1778936293.2255454,data,null_data,50:02:91:e8:18:ec,d8:d7:75:45:81:24,d8:d7:75:45:81:24,50:02:91:e8:18:ec,d8:d7:75:45:81:24,,-85,1,2412,False,True
1778936293.2255473,control,ack,,50:02:91:e8:18:ec,50:02:91:e8:18:ec,,,,-47,1,2412,False,False
1778936293.2375076,management,beacon,d8:d7:75:45:81:24,ff:ff:ff:ff:ff:ff,ff:ff:ff:ff:ff:ff,d8:d7:75:45:81:24,d8:d7:75:45:81:24,FunBox2-8124,-43,1,2412,False,False
1778936293.2949893,data,null_data,50:02:91:e8:18:ec,d8:d7:75:45:81:24,d8:d7:75:45:81:24,50:02:91:e8:18:ec,d8:d7:75:45:81:24,,-83,1,2412,False,False
1778936293.2949972,control,ack,,50:02:91:e8:18:ec,50:02:91:e8:18:ec,,,,-51,1,2412,False,False
1778936293.3417883,management,beacon,d8:d7:75:45:81:24,ff:ff:ff:ff:ff:ff,ff:ff:ff:ff:ff:ff,d8:d7:75:45:81:24,d8:d7:75:45:81:24,FunBox2-8124,-44,1,2412,False,False
1778936293.3459477,management,probe_response,d8:d7:75:45:81:24,2a:ee:65:20:fb:24,2a:ee:65:20:fb:24,d8:d7:75:45:81:24,d8:d7:75:45:81:24,FunBox2-8124,-42,1,2412,False,True
1778936293.3498642,management,probe_response,d8:d7:75:45:81:24,2a:ee:65:20:fb:24,2a:ee:65:20:fb:24,d8:d7:75:45:81:24,d8:d7:75:45:81:24,FunBox2-8124,-45,1,2412,False,True
1778936293.3559496,management,probe_response,d8:d7:75:45:81:24,2a:ee:65:20:fb:24,2a:ee:65:20:fb:24,d8:d7:75:45:81:24,d8:d7:75:45:81:24,FunBox2-8124,-52,1,2412,False,True
1778936293.3601012,management,probe_response,d8:d7:75:45:81:24,2a:ee:65:20:fb:24,2a:ee:65:20:fb:24,d8:d7:75:45:81:24,d8:d7:75:45:81:24,FunBox2-8124,-51,1,2412,False,True
1778936293.3674166,management,probe_response,d8:d7:75:45:81:24,2a:ee:65:20:fb:24,2a:ee:65:20:fb:24,d8:d7:75:45:81:24,d8:d7:75:45:81:24,FunBox2-8124,-42,1,2412,False,False
1778936293.3713288,management,probe_response,d8:d7:75:45:81:24,2a:ee:65:20:fb:24,2a:ee:65:20:fb:24,d8:d7:75:45:81:24,d8:d7:75:45:81:24,FunBox2-8124,-42,1,2412,False,True
1778936293.375943,management,probe_response,d8:d7:75:45:81:24,2a:ee:65:20:fb:24,2a:ee:65:20:fb:24,d8:d7:75:45:81:24,d8:d7:75:45:81:24,FunBox2-8124,-46,1,2412,False,True
1778936293.380117,management,probe_response,d8:d7:75:45:81:24,2a:ee:65:20:fb:24,2a:ee:65:20:fb:24,d8:d7:75:45:81:24,d8:d7:75:45:81:24,FunBox2-8124,-42,1,2412,False,True
1778936293.4435446,management,beacon,d8:d7:75:45:81:24,ff:ff:ff:ff:ff:ff,ff:ff:ff:ff:ff:ff,d8:d7:75:45:81:24,d8:d7:75:45:81:24,FunBox2-8124,-53,1,2412,False,False
1778936293.4570258,data,null_data,50:02:91:e8:18:ec,d8:d7:75:45:81:24,d8:d7:75:45:81:24,50:02:91:e8:18:ec,d8:d7:75:45:81:24,,-84,1,2412,False,False
1778936293.4570312,control,ack,,50:02:91:e8:18:ec,50:02:91:e8:18:ec,,,,-52,1,2412,False,False
1778936293.6491847,management,beacon,d8:d7:75:45:81:24,ff:ff:ff:ff:ff:ff,ff:ff:ff:ff:ff:ff,d8:d7:75:45:81:24,d8:d7:75:45:81:24,FunBox2-8124,-44,1,2412,False,False
1778936293.7516007,management,beacon,d8:d7:75:45:81:24,ff:ff:ff:ff:ff:ff,ff:ff:ff:ff:ff:ff,d8:d7:75:45:81:24,d8:d7:75:45:81:24,FunBox2-8124,-53,1,2412,False,False
1778936293.8519688,management,beacon,d8:d7:75:45:81:24,ff:ff:ff:ff:ff:ff,ff:ff:ff:ff:ff:ff,d8:d7:75:45:81:24,d8:d7:75:45:81:24,FunBox2-8124,-50,1,2412,False,False
1778936293.9543736,management,beacon,d8:d7:75:45:81:24,ff:ff:ff:ff:ff:ff,ff:ff:ff:ff:ff:ff,d8:d7:75:45:81:24,d8:d7:75:45:81:24,FunBox2-8124,-51,1,2412,False,False
1778936294.2615693,management,beacon,d8:d7:75:45:81:24,ff:ff:ff:ff:ff:ff,ff:ff:ff:ff:ff:ff,d8:d7:75:45:81:24,d8:d7:75:45:81:24,FunBox2-8124,-52,1,2412,False,False
1778936294.3651905,management,beacon,d8:d7:75:45:81:24,ff:ff:ff:ff:ff:ff,ff:ff:ff:ff:ff:ff,d8:d7:75:45:81:24,d8:d7:75:45:81:24,FunBox2-8124,-53,1,2412,False,False
1778936294.466395,management,beacon,d8:d7:75:45:81:24,ff:ff:ff:ff:ff:ff,ff:ff:ff:ff:ff:ff,d8:d7:75:45:81:24,d8:d7:75:45:81:24,FunBox2-8124,-43,1,2412,False,False
1778936294.6723387,management,beacon,d8:d7:75:45:81:24,ff:ff:ff:ff:ff:ff,ff:ff:ff:ff:ff:ff,d8:d7:75:45:81:24,d8:d7:75:45:81:24,FunBox2-8124,-51,1,2412,False,False
1778936294.7192874,control,rts,54:35:30:cf:ee:1e,d8:d7:75:45:81:24,d8:d7:75:45:81:24,54:35:30:cf:ee:1e,,,-56,1,2412,False,False
1778936294.719303,control,cts,,54:35:30:cf:ee:1e,54:35:30:cf:ee:1e,,,,-47,1,2412,False,False
1778936294.7193074,data,qos_data,54:35:30:cf:ee:1e,d8:d7:75:45:81:24,d8:d7:75:45:81:24,54:35:30:cf:ee:1e,01:00:5e:7f:ff:fa,,-56,1,2412,True,False
1778936294.719312,control,block_ack,d8:d7:75:45:81:24,54:35:30:cf:ee:1e,54:35:30:cf:ee:1e,d8:d7:75:45:81:24,,,-45,1,2412,False,False
1778936294.7737842,management,beacon,d8:d7:75:45:81:24,ff:ff:ff:ff:ff:ff,ff:ff:ff:ff:ff:ff,d8:d7:75:45:81:24,d8:d7:75:45:81:24,FunBox2-8124,-52,1,2412,False,False
1778936294.875962,management,beacon,d8:d7:75:45:81:24,ff:ff:ff:ff:ff:ff,ff:ff:ff:ff:ff:ff,d8:d7:75:45:81:24,d8:d7:75:45:81:24,FunBox2-8124,-43,1,2412,False,False
1778936294.8770838,data,null_data,50:02:91:e8:18:ec,d8:d7:75:45:81:24,d8:d7:75:45:81:24,50:02:91:e8:18:ec,d8:d7:75:45:81:24,,-85,1,2412,False,False
1778936294.877299,data,null_data,50:02:91:e8:18:ec,d8:d7:75:45:81:24,d8:d7:75:45:81:24,50:02:91:e8:18:ec,d8:d7:75:45:81:24,,-83,1,2412,False,True
1778936294.8776376,data,null_data,50:02:91:e8:18:ec,d8:d7:75:45:81:24,d8:d7:75:45:81:24,50:02:91:e8:18:ec,d8:d7:75:45:81:24,,-84,1,2412,False,True
1778936294.8779514,data,null_data,50:02:91:e8:18:ec,d8:d7:75:45:81:24,d8:d7:75:45:81:24,50:02:91:e8:18:ec,d8:d7:75:45:81:24,,-83,1,2412,False,True
1778936294.8785362,data,null_data,50:02:91:e8:18:ec,d8:d7:75:45:81:24,d8:d7:75:45:81:24,50:02:91:e8:18:ec,d8:d7:75:45:81:24,,-83,1,2412,False,True
1778936294.8790998,data,null_data,50:02:91:e8:18:ec,d8:d7:75:45:81:24,d8:d7:75:45:81:24,50:02:91:e8:18:ec,d8:d7:75:45:81:24,,-83,1,2412,False,True
1778936294.879676,data,null_data,50:02:91:e8:18:ec,d8:d7:75:45:81:24,d8:d7:75:45:81:24,50:02:91:e8:18:ec,d8:d7:75:45:81:24,,-85,1,2412,False,True
1778936294.8799813,control,ack,,50:02:91:e8:18:ec,50:02:91:e8:18:ec,,,,-52,1,2412,False,False
1778936294.8811855,data,data,d8:d7:75:45:81:24,01:00:5e:7f:ff:fa,01:00:5e:7f:ff:fa,d8:d7:75:45:81:24,54:35:30:cf:ee:1e,,-44,1,2412,True,False
1778936294.8815053,control,ack,,d8:d7:75:45:81:24,d8:d7:75:45:81:24,,,,-84,1,2412,False,False
1778936294.9796624,management,beacon,d8:d7:75:45:81:24,ff:ff:ff:ff:ff:ff,ff:ff:ff:ff:ff:ff,d8:d7:75:45:81:24,d8:d7:75:45:81:24,FunBox2-8124,-43,1,2412,False,False
1778936295.0419724,data,null_data,50:02:91:e8:18:ec,d8:d7:75:45:81:24,d8:d7:75:45:81:24,50:02:91:e8:18:ec,d8:d7:75:45:81:24,,-84,1,2412,False,False
1778936295.0419812,control,ack,,50:02:91:e8:18:ec,50:02:91:e8:18:ec,,,,-53,1,2412,False,False
1778936295.0840733,management,beacon,d8:d7:75:45:81:24,ff:ff:ff:ff:ff:ff,ff:ff:ff:ff:ff:ff,d8:d7:75:45:81:24,d8:d7:75:45:81:24,FunBox2-8124,-52,1,2412,False,False
1778936295.183224,management,beacon,d8:d7:75:45:81:24,ff:ff:ff:ff:ff:ff,ff:ff:ff:ff:ff:ff,d8:d7:75:45:81:24,d8:d7:75:45:81:24,FunBox2-8124,-52,1,2412,False,False
1778936295.2876887,management,beacon,d8:d7:75:45:81:24,ff:ff:ff:ff:ff:ff,ff:ff:ff:ff:ff:ff,d8:d7:75:45:81:24,d8:d7:75:45:81:24,FunBox2-8124,-52,1,2412,False,False
1778936295.388007,management,beacon,d8:d7:75:45:81:24,ff:ff:ff:ff:ff:ff,ff:ff:ff:ff:ff:ff,d8:d7:75:45:81:24,d8:d7:75:45:81:24,FunBox2-8124,-52,1,2412,False,False
1778936295.4908507,management,beacon,d8:d7:75:45:81:24,ff:ff:ff:ff:ff:ff,ff:ff:ff:ff:ff:ff,d8:d7:75:45:81:24,d8:d7:75:45:81:24,FunBox2-8124,-46,1,2412,False,False
1778936295.6952152,management,beacon,d8:d7:75:45:81:24,ff:ff:ff:ff:ff:ff,ff:ff:ff:ff:ff:ff,d8:d7:75:45:81:24,d8:d7:75:45:81:24,FunBox2-8124,-53,1,2412,False,False
1778936295.7976198,management,beacon,d8:d7:75:45:81:24,ff:ff:ff:ff:ff:ff,ff:ff:ff:ff:ff:ff,d8:d7:75:45:81:24,d8:d7:75:45:81:24,FunBox2-8124,-52,1,2412,False,False
1778936295.9012048,management,beacon,d8:d7:75:45:81:24,ff:ff:ff:ff:ff:ff,ff:ff:ff:ff:ff:ff,d8:d7:75:45:81:24,d8:d7:75:45:81:24,FunBox2-8124,-53,1,2412,False,False
1778936296.0024433,management,beacon,d8:d7:75:45:81:24,ff:ff:ff:ff:ff:ff,ff:ff:ff:ff:ff:ff,d8:d7:75:45:81:24,d8:d7:75:45:81:24,FunBox2-8124,-52,1,2412,False,False
1778936296.104847,management,beacon,d8:d7:75:45:81:24,ff:ff:ff:ff:ff:ff,ff:ff:ff:ff:ff:ff,d8:d7:75:45:81:24,d8:d7:75:45:81:24,FunBox2-8124,-43,1,2412,False,False
1778936296.1127558,management,beacon,ac:84:c6:41:71:22,ff:ff:ff:ff:ff:ff,ff:ff:ff:ff:ff:ff,ac:84:c6:41:71:22,ac:84:c6:41:71:22,TP-LINK_7122,-89,1,2412,False,False
1778936296.208608,management,beacon,d8:d7:75:45:81:24,ff:ff:ff:ff:ff:ff,ff:ff:ff:ff:ff:ff,d8:d7:75:45:81:24,d8:d7:75:45:81:24,FunBox2-8124,-52,1,2412,False,False
1778936296.3096535,management,beacon,d8:d7:75:45:81:24,ff:ff:ff:ff:ff:ff,ff:ff:ff:ff:ff:ff,d8:d7:75:45:81:24,d8:d7:75:45:81:24,FunBox2-8124,-43,1,2412,False,False
1778936296.4120727,management,beacon,d8:d7:75:45:81:24,ff:ff:ff:ff:ff:ff,ff:ff:ff:ff:ff:ff,d8:d7:75:45:81:24,d8:d7:75:45:81:24,FunBox2-8124,-53,1,2412,False,False
1778936296.5158787,management,beacon,d8:d7:75:45:81:24,ff:ff:ff:ff:ff:ff,ff:ff:ff:ff:ff:ff,d8:d7:75:45:81:24,d8:d7:75:45:81:24,FunBox2-8124,-51,1,2412,False,False
1778936296.5480456,management,beacon,ac:84:c6:41:71:22,ff:ff:ff:ff:ff:ff,ff:ff:ff:ff:ff:ff,ac:84:c6:41:71:22,ac:84:c6:41:71:22,TP-LINK_7122,-91,1,2412,False,False
1778936296.7213824,management,beacon,d8:d7:75:45:81:24,ff:ff:ff:ff:ff:ff,ff:ff:ff:ff:ff:ff,d8:d7:75:45:81:24,d8:d7:75:45:81:24,FunBox2-8124,-47,1,2412,False,False
1778936296.722576,data,null_data,50:02:91:e8:18:ec,d8:d7:75:45:81:24,d8:d7:75:45:81:24,50:02:91:e8:18:ec,d8:d7:75:45:81:24,,-85,1,2412,False,False
1778936296.7225783,control,ack,,50:02:91:e8:18:ec,50:02:91:e8:18:ec,,,,-47,1,2412,False,False
1778936296.7230694,data,null_data,50:02:91:e8:18:ec,d8:d7:75:45:81:24,d8:d7:75:45:81:24,50:02:91:e8:18:ec,d8:d7:75:45:81:24,,-82,1,2412,False,True
1778936296.7230716,control,ack,,50:02:91:e8:18:ec,50:02:91:e8:18:ec,,,,-48,1,2412,False,False
1778936296.8229077,management,beacon,d8:d7:75:45:81:24,ff:ff:ff:ff:ff:ff,ff:ff:ff:ff:ff:ff,d8:d7:75:45:81:24,d8:d7:75:45:81:24,FunBox2-8124,-52,1,2412,False,False
1778936296.9273052,management,beacon,d8:d7:75:45:81:24,ff:ff:ff:ff:ff:ff,ff:ff:ff:ff:ff:ff,d8:d7:75:45:81:24,d8:d7:75:45:81:24,FunBox2-8124,-52,1,2412,False,False
1778936296.9640412,data,null_data,50:02:91:e8:18:ec,d8:d7:75:45:81:24,d8:d7:75:45:81:24,50:02:91:e8:18:ec,d8:d7:75:45:81:24,,-84,1,2412,False,False
1778936296.9640493,control,ack,,50:02:91:e8:18:ec,50:02:91:e8:18:ec,,,,-47,1,2412,False,False
1778936297.0264668,management,beacon,d8:d7:75:45:81:24,ff:ff:ff:ff:ff:ff,ff:ff:ff:ff:ff:ff,d8:d7:75:45:81:24,d8:d7:75:45:81:24,FunBox2-8124,-42,1,2412,False,False
1778936297.2312992,management,beacon,d8:d7:75:45:81:24,ff:ff:ff:ff:ff:ff,ff:ff:ff:ff:ff:ff,d8:d7:75:45:81:24,d8:d7:75:45:81:24,FunBox2-8124,-52,1,2412,False,False
1778936297.3336565,management,beacon,d8:d7:75:45:81:24,ff:ff:ff:ff:ff:ff,ff:ff:ff:ff:ff:ff,d8:d7:75:45:81:24,d8:d7:75:45:81:24,FunBox2-8124,-42,1,2412,False,False
1778936297.4372573,management,beacon,d8:d7:75:45:81:24,ff:ff:ff:ff:ff:ff,ff:ff:ff:ff:ff:ff,d8:d7:75:45:81:24,d8:d7:75:45:81:24,FunBox2-8124,-53,1,2412,False,False
1778936297.5384645,management,beacon,d8:d7:75:45:81:24,ff:ff:ff:ff:ff:ff,ff:ff:ff:ff:ff:ff,d8:d7:75:45:81:24,d8:d7:75:45:81:24,FunBox2-8124,-53,1,2412,False,False
1778936297.6409364,management,beacon,d8:d7:75:45:81:24,ff:ff:ff:ff:ff:ff,ff:ff:ff:ff:ff:ff,d8:d7:75:45:81:24,d8:d7:75:45:81:24,FunBox2-8124,-52,1,2412,False,False
1778936297.7446442,management,beacon,d8:d7:75:45:81:24,ff:ff:ff:ff:ff:ff,ff:ff:ff:ff:ff:ff,d8:d7:75:45:81:24,d8:d7:75:45:81:24,FunBox2-8124,-53,1,2412,False,False
1778936297.8456814,management,beacon,d8:d7:75:45:81:24,ff:ff:ff:ff:ff:ff,ff:ff:ff:ff:ff:ff,d8:d7:75:45:81:24,d8:d7:75:45:81:24,FunBox2-8124,-53,1,2412,False,False
1778936297.94946,data,null_data,50:02:91:e8:18:ec,d8:d7:75:45:81:24,d8:d7:75:45:81:24,50:02:91:e8:18:ec,d8:d7:75:45:81:24,,-82,1,2412,False,True
1778936297.9497886,data,null_data,50:02:91:e8:18:ec,d8:d7:75:45:81:24,d8:d7:75:45:81:24,50:02:91:e8:18:ec,d8:d7:75:45:81:24,,-86,1,2412,False,True
1778936297.9506853,data,null_data,50:02:91:e8:18:ec,d8:d7:75:45:81:24,d8:d7:75:45:81:24,50:02:91:e8:18:ec,d8:d7:75:45:81:24,,-86,1,2412,False,True
1778936297.951262,data,null_data,50:02:91:e8:18:ec,d8:d7:75:45:81:24,d8:d7:75:45:81:24,50:02:91:e8:18:ec,d8:d7:75:45:81:24,,-85,1,2412,False,True
1778936297.9517994,data,null_data,50:02:91:e8:18:ec,d8:d7:75:45:81:24,d8:d7:75:45:81:24,50:02:91:e8:18:ec,d8:d7:75:45:81:24,,-85,1,2412,False,True
1778936297.952122,control,ack,,50:02:91:e8:18:ec,50:02:91:e8:18:ec,,,,-44,1,2412,False,False
1778936297.9524317,data,qos_data,d8:d7:75:45:81:24,50:02:91:e8:18:ec,50:02:91:e8:18:ec,d8:d7:75:45:81:24,d8:d7:75:45:81:24,,-48,1,2412,True,False
1778936297.9524343,control,ack,,d8:d7:75:45:81:24,d8:d7:75:45:81:24,,,,-83,1,2412,False,False
1778936297.954808,control,rts,50:02:91:e8:18:ec,d8:d7:75:45:81:24,d8:d7:75:45:81:24,50:02:91:e8:18:ec,,,-85,1,2412,False,False
1778936297.9568357,control,rts,50:02:91:e8:18:ec,d8:d7:75:45:81:24,d8:d7:75:45:81:24,50:02:91:e8:18:ec,,,-85,1,2412,False,False
1778936297.9568384,control,cts,,50:02:91:e8:18:ec,50:02:91:e8:18:ec,,,,-45,1,2412,False,False
1778936297.9568388,control,ack,,50:02:91:e8:18:ec,50:02:91:e8:18:ec,,,,-45,1,2412,False,False
1778936298.051713,management,beacon,d8:d7:75:45:81:24,ff:ff:ff:ff:ff:ff,ff:ff:ff:ff:ff:ff,d8:d7:75:45:81:24,d8:d7:75:45:81:24,FunBox2-8124,-52,1,2412,False,False
1778936298.1529489,management,beacon,d8:d7:75:45:81:24,ff:ff:ff:ff:ff:ff,ff:ff:ff:ff:ff:ff,d8:d7:75:45:81:24,d8:d7:75:45:81:24,FunBox2-8124,-44,1,2412,False,False
1778936298.197674,data,null_data,50:02:91:e8:18:ec,d8:d7:75:45:81:24,d8:d7:75:45:81:24,50:02:91:e8:18:ec,d8:d7:75:45:81:24,,-84,1,2412,False,False
1778936298.197684,control,ack,,50:02:91:e8:18:ec,50:02:91:e8:18:ec,,,,-53,1,2412,False,False
1778936298.2553122,management,beacon,d8:d7:75:45:81:24,ff:ff:ff:ff:ff:ff,ff:ff:ff:ff:ff:ff,d8:d7:75:45:81:24,d8:d7:75:45:81:24,FunBox2-8124,-52,1,2412,False,False
1778936298.3589196,management,beacon,d8:d7:75:45:81:24,ff:ff:ff:ff:ff:ff,ff:ff:ff:ff:ff:ff,d8:d7:75:45:81:24,d8:d7:75:45:81:24,FunBox2-8124,-53,1,2412,False,False
1778936298.3959546,control,ack,,ce:d0:54:70:b1:b3,ce:d0:54:70:b1:b3,,,,-87,1,2412,False,False
1778936298.562497,management,beacon,d8:d7:75:45:81:24,ff:ff:ff:ff:ff:ff,ff:ff:ff:ff:ff:ff,d8:d7:75:45:81:24,d8:d7:75:45:81:24,FunBox2-8124,-52,1,2412,False,False
1778936298.6664486,management,beacon,d8:d7:75:45:81:24,ff:ff:ff:ff:ff:ff,ff:ff:ff:ff:ff:ff,d8:d7:75:45:81:24,d8:d7:75:45:81:24,FunBox2-8124,-52,1,2412,False,False
1778936298.7706084,management,beacon,d8:d7:75:45:81:24,ff:ff:ff:ff:ff:ff,ff:ff:ff:ff:ff:ff,d8:d7:75:45:81:24,d8:d7:75:45:81:24,FunBox2-8124,-53,1,2412,False,False
1778936298.9737618,management,beacon,d8:d7:75:45:81:24,ff:ff:ff:ff:ff:ff,ff:ff:ff:ff:ff:ff,d8:d7:75:45:81:24,d8:d7:75:45:81:24,FunBox2-8124,-51,1,2412,False,False
1778936299.0745542,management,beacon,d8:d7:75:45:81:24,ff:ff:ff:ff:ff:ff,ff:ff:ff:ff:ff:ff,d8:d7:75:45:81:24,d8:d7:75:45:81:24,FunBox2-8124,-51,1,2412,False,False
1778936299.176938,management,beacon,d8:d7:75:45:81:24,ff:ff:ff:ff:ff:ff,ff:ff:ff:ff:ff:ff,d8:d7:75:45:81:24,d8:d7:75:45:81:24,FunBox2-8124,-53,1,2412,False,False
1778936299.2809265,management,beacon,d8:d7:75:45:81:24,ff:ff:ff:ff:ff:ff,ff:ff:ff:ff:ff:ff,d8:d7:75:45:81:24,d8:d7:75:45:81:24,FunBox2-8124,-53,1,2412,False,False
1778936299.3817282,management,beacon,d8:d7:75:45:81:24,ff:ff:ff:ff:ff:ff,ff:ff:ff:ff:ff:ff,d8:d7:75:45:81:24,d8:d7:75:45:81:24,FunBox2-8124,-62,1,2412,False,False
1778936299.5886972,management,beacon,d8:d7:75:45:81:24,ff:ff:ff:ff:ff:ff,ff:ff:ff:ff:ff:ff,d8:d7:75:45:81:24,d8:d7:75:45:81:24,FunBox2-8124,-53,1,2412,False,False
1778936299.589835,data,null_data,50:02:91:e8:18:ec,d8:d7:75:45:81:24,d8:d7:75:45:81:24,50:02:91:e8:18:ec,d8:d7:75:45:81:24,,-83,1,2412,False,False
1778936299.688985,management,beacon,d8:d7:75:45:81:24,ff:ff:ff:ff:ff:ff,ff:ff:ff:ff:ff:ff,d8:d7:75:45:81:24,d8:d7:75:45:81:24,FunBox2-8124,-43,1,2412,False,False
1778936299.7913504,management,beacon,d8:d7:75:45:81:24,ff:ff:ff:ff:ff:ff,ff:ff:ff:ff:ff:ff,d8:d7:75:45:81:24,d8:d7:75:45:81:24,FunBox2-8124,-52,1,2412,False,False
1778936299.8307786,control,ack,,50:02:91:e8:18:ec,50:02:91:e8:18:ec,,,,-53,1,2412,False,False
1778936299.895034,management,beacon,d8:d7:75:45:81:24,ff:ff:ff:ff:ff:ff,ff:ff:ff:ff:ff:ff,d8:d7:75:45:81:24,d8:d7:75:45:81:24,FunBox2-8124,-52,1,2412,False,False
1778936300.0985708,management,beacon,d8:d7:75:45:81:24,ff:ff:ff:ff:ff:ff,ff:ff:ff:ff:ff:ff,d8:d7:75:45:81:24,d8:d7:75:45:81:24,FunBox2-8124,-51,1,2412,False,False
1778936300.2030241,management,beacon,d8:d7:75:45:81:24,ff:ff:ff:ff:ff:ff,ff:ff:ff:ff:ff:ff,d8:d7:75:45:81:24,d8:d7:75:45:81:24,FunBox2-8124,-54,1,2412,False,False
1778936300.3034856,management,beacon,d8:d7:75:45:81:24,ff:ff:ff:ff:ff:ff,ff:ff:ff:ff:ff:ff,d8:d7:75:45:81:24,d8:d7:75:45:81:24,FunBox2-8124,-47,1,2412,False,False
1778936300.4058266,management,beacon,d8:d7:75:45:81:24,ff:ff:ff:ff:ff:ff,ff:ff:ff:ff:ff:ff,d8:d7:75:45:81:24,d8:d7:75:45:81:24,FunBox2-8124,-52,1,2412,False,False
1778936300.614655,management,beacon,d8:d7:75:45:81:24,ff:ff:ff:ff:ff:ff,ff:ff:ff:ff:ff:ff,d8:d7:75:45:81:24,d8:d7:75:45:81:24,FunBox2-8124,-51,1,2412,False,False
1778936300.7130153,management,beacon,d8:d7:75:45:81:24,ff:ff:ff:ff:ff:ff,ff:ff:ff:ff:ff:ff,d8:d7:75:45:81:24,d8:d7:75:45:81:24,FunBox2-8124,-51,1,2412,False,False
1778936300.8175857,management,beacon,d8:d7:75:45:81:24,ff:ff:ff:ff:ff:ff,ff:ff:ff:ff:ff:ff,d8:d7:75:45:81:24,d8:d7:75:45:81:24,FunBox2-8124,-52,1,2412,False,False
1778936300.9177895,management,beacon,d8:d7:75:45:81:24,ff:ff:ff:ff:ff:ff,ff:ff:ff:ff:ff:ff,d8:d7:75:45:81:24,d8:d7:75:45:81:24,FunBox2-8124,-54,1,2412,False,False
1778936301.0280437,management,beacon,d8:d7:75:45:81:24,ff:ff:ff:ff:ff:ff,ff:ff:ff:ff:ff:ff,d8:d7:75:45:81:24,d8:d7:75:45:81:24,FunBox2-8124,-52,1,2412,False,False
1778936301.029214,data,null_data,50:02:91:e8:18:ec,d8:d7:75:45:81:24,d8:d7:75:45:81:24,50:02:91:e8:18:ec,d8:d7:75:45:81:24,,-84,1,2412,False,False
1778936301.0292168,control,ack,,50:02:91:e8:18:ec,50:02:91:e8:18:ec,,,,-52,1,2412,False,False
1778936301.1247895,management,beacon,d8:d7:75:45:81:24,ff:ff:ff:ff:ff:ff,ff:ff:ff:ff:ff:ff,d8:d7:75:45:81:24,d8:d7:75:45:81:24,FunBox2-8124,-42,1,2412,False,False
1778936301.2249978,management,beacon,d8:d7:75:45:81:24,ff:ff:ff:ff:ff:ff,ff:ff:ff:ff:ff:ff,d8:d7:75:45:81:24,d8:d7:75:45:81:24,FunBox2-8124,-43,1,2412,False,False
1778936301.2700613,data,null_data,50:02:91:e8:18:ec,d8:d7:75:45:81:24,d8:d7:75:45:81:24,50:02:91:e8:18:ec,d8:d7:75:45:81:24,,-85,1,2412,False,False
1778936301.2700703,control,ack,,50:02:91:e8:18:ec,50:02:91:e8:18:ec,,,,-48,1,2412,False,False
1778936301.2949393,control,ack,,ce:d0:54:70:b1:b3,ce:d0:54:70:b1:b3,,,,-90,1,2412,False,False
1778936301.3274572,management,beacon,d8:d7:75:45:81:24,ff:ff:ff:ff:ff:ff,ff:ff:ff:ff:ff:ff,d8:d7:75:45:81:24,d8:d7:75:45:81:24,FunBox2-8124,-54,1,2412,False,False
1778936301.4310548,management,beacon,d8:d7:75:45:81:24,ff:ff:ff:ff:ff:ff,ff:ff:ff:ff:ff:ff,d8:d7:75:45:81:24,d8:d7:75:45:81:24,FunBox2-8124,-53,1,2412,False,False
1778936301.6368048,management,beacon,d8:d7:75:45:81:24,ff:ff:ff:ff:ff:ff,ff:ff:ff:ff:ff:ff,d8:d7:75:45:81:24,d8:d7:75:45:81:24,FunBox2-8124,-44,1,2412,False,False
1778936301.738311,management,beacon,d8:d7:75:45:81:24,ff:ff:ff:ff:ff:ff,ff:ff:ff:ff:ff:ff,d8:d7:75:45:81:24,d8:d7:75:45:81:24,FunBox2-8124,-52,1,2412,False,False
1778936301.8427298,management,beacon,d8:d7:75:45:81:24,ff:ff:ff:ff:ff:ff,ff:ff:ff:ff:ff:ff,d8:d7:75:45:81:24,d8:d7:75:45:81:24,FunBox2-8124,-52,1,2412,False,False
1778936301.9418316,management,beacon,d8:d7:75:45:81:24,ff:ff:ff:ff:ff:ff,ff:ff:ff:ff:ff:ff,d8:d7:75:45:81:24,d8:d7:75:45:81:24,FunBox2-8124,-44,1,2412,False,False
1778936302.1466792,management,beacon,d8:d7:75:45:81:24,ff:ff:ff:ff:ff:ff,ff:ff:ff:ff:ff:ff,d8:d7:75:45:81:24,d8:d7:75:45:81:24,FunBox2-8124,-52,1,2412,False,False
1778936302.249076,management,beacon,d8:d7:75:45:81:24,ff:ff:ff:ff:ff:ff,ff:ff:ff:ff:ff:ff,d8:d7:75:45:81:24,d8:d7:75:45:81:24,FunBox2-8124,-53,1,2412,False,False
1778936302.2501905,data,null_data,50:02:91:e8:18:ec,d8:d7:75:45:81:24,d8:d7:75:45:81:24,50:02:91:e8:18:ec,d8:d7:75:45:81:24,,-83,1,2412,False,False
1778936302.2503846,data,null_data,50:02:91:e8:18:ec,d8:d7:75:45:81:24,d8:d7:75:45:81:24,50:02:91:e8:18:ec,d8:d7:75:45:81:24,,-85,1,2412,False,True
1778936302.2507293,data,null_data,50:02:91:e8:18:ec,d8:d7:75:45:81:24,d8:d7:75:45:81:24,50:02:91:e8:18:ec,d8:d7:75:45:81:24,,-84,1,2412,False,True
1778936302.2516384,data,null_data,50:02:91:e8:18:ec,d8:d7:75:45:81:24,d8:d7:75:45:81:24,50:02:91:e8:18:ec,d8:d7:75:45:81:24,,-83,1,2412,False,True
1778936302.252174,data,null_data,50:02:91:e8:18:ec,d8:d7:75:45:81:24,d8:d7:75:45:81:24,50:02:91:e8:18:ec,d8:d7:75:45:81:24,,-85,1,2412,False,True
1778936302.352709,management,beacon,d8:d7:75:45:81:24,ff:ff:ff:ff:ff:ff,ff:ff:ff:ff:ff:ff,d8:d7:75:45:81:24,d8:d7:75:45:81:24,FunBox2-8124,-43,1,2412,False,False
1778936302.4538953,management,beacon,d8:d7:75:45:81:24,ff:ff:ff:ff:ff:ff,ff:ff:ff:ff:ff:ff,d8:d7:75:45:81:24,d8:d7:75:45:81:24,FunBox2-8124,-53,1,2412,False,False
1778936302.494092,data,null_data,50:02:91:e8:18:ec,d8:d7:75:45:81:24,d8:d7:75:45:81:24,50:02:91:e8:18:ec,d8:d7:75:45:81:24,,-82,1,2412,False,False
1778936302.4941094,control,ack,,50:02:91:e8:18:ec,50:02:91:e8:18:ec,,,,-52,1,2412,False,False
1778936302.556248,management,beacon,d8:d7:75:45:81:24,ff:ff:ff:ff:ff:ff,ff:ff:ff:ff:ff:ff,d8:d7:75:45:81:24,d8:d7:75:45:81:24,FunBox2-8124,-44,1,2412,False,False
1778936302.5600238,management,beacon,ac:84:c6:41:71:22,ff:ff:ff:ff:ff:ff,ff:ff:ff:ff:ff:ff,ac:84:c6:41:71:22,ac:84:c6:41:71:22,TP-LINK_7122,-84,1,2412,False,False
1778936302.6587193,management,beacon,d8:d7:75:45:81:24,ff:ff:ff:ff:ff:ff,ff:ff:ff:ff:ff:ff,d8:d7:75:45:81:24,d8:d7:75:45:81:24,FunBox2-8124,-51,1,2412,False,False
1778936302.7610674,management,beacon,d8:d7:75:45:81:24,ff:ff:ff:ff:ff:ff,ff:ff:ff:ff:ff:ff,d8:d7:75:45:81:24,d8:d7:75:45:81:24,FunBox2-8124,-52,1,2412,False,False
1778936302.863462,management,beacon,d8:d7:75:45:81:24,ff:ff:ff:ff:ff:ff,ff:ff:ff:ff:ff:ff,d8:d7:75:45:81:24,d8:d7:75:45:81:24,FunBox2-8124,-52,1,2412,False,False
1778936302.952686,management,probe_request,8a:8e:1b:42:7b:39,ff:ff:ff:ff:ff:ff,ff:ff:ff:ff:ff:ff,8a:8e:1b:42:7b:39,ff:ff:ff:ff:ff:ff,<hidden>,-86,1,2412,False,False
1778936302.952978,control,ack,,8a:8e:1b:42:7b:39,8a:8e:1b:42:7b:39,,,,-85,1,2412,False,False
1778936302.9562442,management,probe_response,d8:d7:75:45:81:24,8a:8e:1b:42:7b:39,8a:8e:1b:42:7b:39,d8:d7:75:45:81:24,d8:d7:75:45:81:24,FunBox2-8124,-47,1,2412,False,False
1778936302.9565227,control,ack,,d8:d7:75:45:81:24,d8:d7:75:45:81:24,,,,-86,1,2412,False,False
1778936302.9680843,management,beacon,d8:d7:75:45:81:24,ff:ff:ff:ff:ff:ff,ff:ff:ff:ff:ff:ff,d8:d7:75:45:81:24,d8:d7:75:45:81:24,FunBox2-8124,-51,1,2412,False,False
1778936303.0682657,management,beacon,d8:d7:75:45:81:24,ff:ff:ff:ff:ff:ff,ff:ff:ff:ff:ff:ff,d8:d7:75:45:81:24,d8:d7:75:45:81:24,FunBox2-8124,-44,1,2412,False,False
1778936303.1729336,management,beacon,d8:d7:75:45:81:24,ff:ff:ff:ff:ff:ff,ff:ff:ff:ff:ff:ff,d8:d7:75:45:81:24,d8:d7:75:45:81:24,FunBox2-8124,-44,1,2412,False,False
1778936303.275301,management,beacon,d8:d7:75:45:81:24,ff:ff:ff:ff:ff:ff,ff:ff:ff:ff:ff:ff,d8:d7:75:45:81:24,d8:d7:75:45:81:24,FunBox2-8124,-51,1,2412,False,False
1778936303.477939,management,beacon,d8:d7:75:45:81:24,ff:ff:ff:ff:ff:ff,ff:ff:ff:ff:ff:ff,d8:d7:75:45:81:24,d8:d7:75:45:81:24,FunBox2-8124,-52,1,2412,False,False
1778936303.4793532,data,null_data,50:02:91:e8:18:ec,d8:d7:75:45:81:24,d8:d7:75:45:81:24,50:02:91:e8:18:ec,d8:d7:75:45:81:24,,-82,1,2412,False,True
1778936303.4805834,data,null_data,50:02:91:e8:18:ec,d8:d7:75:45:81:24,d8:d7:75:45:81:24,50:02:91:e8:18:ec,d8:d7:75:45:81:24,,-84,1,2412,False,True
1778936303.4816737,data,null_data,50:02:91:e8:18:ec,d8:d7:75:45:81:24,d8:d7:75:45:81:24,50:02:91:e8:18:ec,d8:d7:75:45:81:24,,-86,1,2412,False,True
1778936303.4819899,control,ack,,50:02:91:e8:18:ec,50:02:91:e8:18:ec,,,,-53,1,2412,False,False
1778936303.5418215,data,data,d8:d7:75:45:81:24,01:00:5e:00:00:fb,01:00:5e:00:00:fb,d8:d7:75:45:81:24,8a:f4:af:eb:f3:fb,,-51,1,2412,True,False
1778936303.5421247,control,ack,,d8:d7:75:45:81:24,d8:d7:75:45:81:24,,,,-85,1,2412,False,False
1778936303.54376,data,data,d8:d7:75:45:81:24,33:33:00:00:00:fb,33:33:00:00:00:fb,d8:d7:75:45:81:24,8a:f4:af:eb:f3:fb,,-43,1,2412,True,False
1778936303.5480394,data,data,d8:d7:75:45:81:24,33:33:00:00:00:16,33:33:00:00:00:16,d8:d7:75:45:81:24,8a:f4:af:eb:f3:fb,,-52,1,2412,True,False
1778936303.5483415,control,ack,,d8:d7:75:45:81:24,d8:d7:75:45:81:24,,,,-86,1,2412,False,False
1778936303.6827488,management,beacon,d8:d7:75:45:81:24,ff:ff:ff:ff:ff:ff,ff:ff:ff:ff:ff:ff,d8:d7:75:45:81:24,d8:d7:75:45:81:24,FunBox2-8124,-44,1,2412,False,False
1778936303.7851326,management,beacon,d8:d7:75:45:81:24,ff:ff:ff:ff:ff:ff,ff:ff:ff:ff:ff:ff,d8:d7:75:45:81:24,d8:d7:75:45:81:24,FunBox2-8124,-51,1,2412,False,False
1778936303.788813,data,null_data,50:02:91:e8:18:ec,d8:d7:75:45:81:24,d8:d7:75:45:81:24,50:02:91:e8:18:ec,d8:d7:75:45:81:24,,-84,1,2412,False,False
1778936303.7888184,control,ack,,50:02:91:e8:18:ec,50:02:91:e8:18:ec,,,,-52,1,2412,False,False
1778936303.8898053,management,beacon,d8:d7:75:45:81:24,ff:ff:ff:ff:ff:ff,ff:ff:ff:ff:ff:ff,d8:d7:75:45:81:24,d8:d7:75:45:81:24,FunBox2-8124,-51,1,2412,False,False
1778936303.989899,management,beacon,d8:d7:75:45:81:24,ff:ff:ff:ff:ff:ff,ff:ff:ff:ff:ff:ff,d8:d7:75:45:81:24,d8:d7:75:45:81:24,FunBox2-8124,-51,1,2412,False,False
1778936304.0923266,management,beacon,d8:d7:75:45:81:24,ff:ff:ff:ff:ff:ff,ff:ff:ff:ff:ff:ff,d8:d7:75:45:81:24,d8:d7:75:45:81:24,FunBox2-8124,-50,1,2412,False,False
1778936304.1947122,management,beacon,d8:d7:75:45:81:24,ff:ff:ff:ff:ff:ff,ff:ff:ff:ff:ff:ff,d8:d7:75:45:81:24,d8:d7:75:45:81:24,FunBox2-8124,-51,1,2412,False,False
1778936304.2971675,management,beacon,d8:d7:75:45:81:24,ff:ff:ff:ff:ff:ff,ff:ff:ff:ff:ff:ff,d8:d7:75:45:81:24,d8:d7:75:45:81:24,FunBox2-8124,-53,1,2412,False,False
1778936304.3217335,data,qos_null,aa:23:4f:4d:00:cf,74:ea:3a:a1:53:a6,74:ea:3a:a1:53:a6,aa:23:4f:4d:00:cf,74:ea:3a:a1:53:a6,,-85,1,2412,False,False
1778936304.337893,data,qos_null,aa:23:4f:4d:00:cf,74:ea:3a:a1:53:a6,74:ea:3a:a1:53:a6,aa:23:4f:4d:00:cf,74:ea:3a:a1:53:a6,,-88,1,2412,False,False
1778936304.3468928,data,qos_null,aa:23:4f:4d:00:cf,74:ea:3a:a1:53:a6,74:ea:3a:a1:53:a6,aa:23:4f:4d:00:cf,74:ea:3a:a1:53:a6,,-85,1,2412,False,False
1778936304.4018059,management,beacon,d8:d7:75:45:81:24,ff:ff:ff:ff:ff:ff,ff:ff:ff:ff:ff:ff,d8:d7:75:45:81:24,d8:d7:75:45:81:24,FunBox2-8124,-51,1,2412,False,False
1778936304.504192,management,beacon,d8:d7:75:45:81:24,ff:ff:ff:ff:ff:ff,ff:ff:ff:ff:ff:ff,d8:d7:75:45:81:24,d8:d7:75:45:81:24,FunBox2-8124,-44,1,2412,False,False
1778936304.7089689,management,beacon,d8:d7:75:45:81:24,ff:ff:ff:ff:ff:ff,ff:ff:ff:ff:ff:ff,d8:d7:75:45:81:24,d8:d7:75:45:81:24,FunBox2-8124,-43,1,2412,False,False
1778936304.7100902,data,null_data,50:02:91:e8:18:ec,d8:d7:75:45:81:24,d8:d7:75:45:81:24,50:02:91:e8:18:ec,d8:d7:75:45:81:24,,-81,1,2412,False,False
1778936304.7103047,data,null_data,50:02:91:e8:18:ec,d8:d7:75:45:81:24,d8:d7:75:45:81:24,50:02:91:e8:18:ec,d8:d7:75:45:81:24,,-83,1,2412,False,True
1778936304.7114944,data,null_data,50:02:91:e8:18:ec,d8:d7:75:45:81:24,d8:d7:75:45:81:24,50:02:91:e8:18:ec,d8:d7:75:45:81:24,,-85,1,2412,False,True
1778936304.7120492,data,null_data,50:02:91:e8:18:ec,d8:d7:75:45:81:24,d8:d7:75:45:81:24,50:02:91:e8:18:ec,d8:d7:75:45:81:24,,-87,1,2412,False,True
1778936304.712366,control,ack,,50:02:91:e8:18:ec,50:02:91:e8:18:ec,,,,-52,1,2412,False,False
1778936304.7139072,data,data,d8:d7:75:45:81:24,01:00:5e:00:00:fb,01:00:5e:00:00:fb,d8:d7:75:45:81:24,8a:f4:af:eb:f3:fb,,-45,1,2412,True,False
1778936304.714222,control,ack,,d8:d7:75:45:81:24,d8:d7:75:45:81:24,,,,-85,1,2412,False,False
1778936304.7160156,data,data,d8:d7:75:45:81:24,33:33:00:00:00:fb,33:33:00:00:00:fb,d8:d7:75:45:81:24,8a:f4:af:eb:f3:fb,,-44,1,2412,True,False
1778936304.7163053,control,ack,,d8:d7:75:45:81:24,d8:d7:75:45:81:24,,,,-85,1,2412,False,False
1778936304.8035007,management,probe_response,d8:d7:75:45:81:24,8a:f4:af:eb:f3:fb,8a:f4:af:eb:f3:fb,d8:d7:75:45:81:24,d8:d7:75:45:81:24,FunBox2-8124,-42,1,2412,False,False
1778936304.8114483,management,beacon,d8:d7:75:45:81:24,ff:ff:ff:ff:ff:ff,ff:ff:ff:ff:ff:ff,d8:d7:75:45:81:24,d8:d7:75:45:81:24,FunBox2-8124,-54,1,2412,False,False
1778936304.8275394,control,ack,,ce:d0:54:70:b1:b3,ce:d0:54:70:b1:b3,,,,-89,1,2412,False,False
1778936304.8555331,control,ack,,8a:f4:af:eb:f3:fb,8a:f4:af:eb:f3:fb,,,,-85,1,2412,False,False
1778936304.9567692,data,null_data,50:02:91:e8:18:ec,d8:d7:75:45:81:24,d8:d7:75:45:81:24,50:02:91:e8:18:ec,d8:d7:75:45:81:24,,-84,1,2412,False,False
1778936304.9567792,control,ack,,50:02:91:e8:18:ec,50:02:91:e8:18:ec,,,,-47,1,2412,False,False
1778936304.994686,management,authentication,d8:d7:75:45:81:24,8a:f4:af:eb:f3:fb,8a:f4:af:eb:f3:fb,d8:d7:75:45:81:24,d8:d7:75:45:81:24,,-43,1,2412,False,False
1778936304.99731,management,reassociation_request,8a:f4:af:eb:f3:fb,d8:d7:75:45:81:24,d8:d7:75:45:81:24,8a:f4:af:eb:f3:fb,d8:d7:75:45:81:24,FunBox2-8124,-91,1,2412,False,False
1778936304.9976075,control,ack,,8a:f4:af:eb:f3:fb,8a:f4:af:eb:f3:fb,,,,-43,1,2412,False,False
1778936304.9993057,management,reassociation_response,d8:d7:75:45:81:24,8a:f4:af:eb:f3:fb,8a:f4:af:eb:f3:fb,d8:d7:75:45:81:24,d8:d7:75:45:81:24,,-43,1,2412,False,False
1778936304.9995852,control,ack,,d8:d7:75:45:81:24,d8:d7:75:45:81:24,,,,-88,1,2412,False,False
1778936305.0139387,management,beacon,d8:d7:75:45:81:24,ff:ff:ff:ff:ff:ff,ff:ff:ff:ff:ff:ff,d8:d7:75:45:81:24,d8:d7:75:45:81:24,FunBox2-8124,-43,1,2412,False,False
1778936305.0144901,management,action,d8:d7:75:45:81:24,8a:f4:af:eb:f3:fb,8a:f4:af:eb:f3:fb,d8:d7:75:45:81:24,d8:d7:75:45:81:24,,-43,1,2412,False,False
1778936305.0147977,control,ack,,d8:d7:75:45:81:24,d8:d7:75:45:81:24,,,,-87,1,2412,False,False
1778936305.0164685,data,qos_data,d8:d7:75:45:81:24,8a:f4:af:eb:f3:fb,8a:f4:af:eb:f3:fb,d8:d7:75:45:81:24,d8:d7:75:45:81:24,,-43,1,2412,False,False
1778936305.0183396,data,qos_data,d8:d7:75:45:81:24,8a:f4:af:eb:f3:fb,8a:f4:af:eb:f3:fb,d8:d7:75:45:81:24,d8:d7:75:45:81:24,,-45,1,2412,False,True
1778936305.0186543,control,ack,,d8:d7:75:45:81:24,d8:d7:75:45:81:24,,,,-89,1,2412,False,False
1778936305.0244,control,cts,,ce:d0:54:70:b1:b3,ce:d0:54:70:b1:b3,,,,-89,1,2412,False,False
1778936305.03192,management,action,8a:f4:af:eb:f3:fb,d8:d7:75:45:81:24,d8:d7:75:45:81:24,8a:f4:af:eb:f3:fb,d8:d7:75:45:81:24,,-86,1,2412,False,False
1778936305.0322232,control,ack,,8a:f4:af:eb:f3:fb,8a:f4:af:eb:f3:fb,,,,-44,1,2412,False,False
1778936305.032699,control,block_ack_request,d8:d7:75:45:81:24,8a:f4:af:eb:f3:fb,8a:f4:af:eb:f3:fb,d8:d7:75:45:81:24,,,-43,1,2412,False,False
1778936305.0335531,control,block_ack_request,d8:d7:75:45:81:24,8a:f4:af:eb:f3:fb,8a:f4:af:eb:f3:fb,d8:d7:75:45:81:24,,,-43,1,2412,False,False
1778936305.0352254,control,block_ack_request,d8:d7:75:45:81:24,8a:f4:af:eb:f3:fb,8a:f4:af:eb:f3:fb,d8:d7:75:45:81:24,,,-43,1,2412,False,False
1778936305.0356767,control,block_ack,8a:f4:af:eb:f3:fb,d8:d7:75:45:81:24,d8:d7:75:45:81:24,8a:f4:af:eb:f3:fb,,,-91,1,2412,False,False
1778936305.0376794,control,ack,,8a:f4:af:eb:f3:fb,8a:f4:af:eb:f3:fb,,,,-46,1,2412,False,False
1778936305.05048,data,qos_data,d8:d7:75:45:81:24,8a:f4:af:eb:f3:fb,8a:f4:af:eb:f3:fb,d8:d7:75:45:81:24,d8:d7:75:45:81:24,,-44,1,2412,False,False
1778936305.0517273,control,rts,8a:f4:af:eb:f3:fb,d8:d7:75:45:81:24,d8:d7:75:45:81:24,8a:f4:af:eb:f3:fb,,,-88,1,2412,False,False
1778936305.1555383,data,null_data,8a:f4:af:eb:f3:fb,d8:d7:75:45:81:24,d8:d7:75:45:81:24,8a:f4:af:eb:f3:fb,d8:d7:75:45:81:24,,-90,1,2412,False,False
1778936305.155815,control,ack,,8a:f4:af:eb:f3:fb,8a:f4:af:eb:f3:fb,,,,-54,1,2412,False,False
1778936305.1833282,control,cts,,8a:f4:af:eb:f3:fb,8a:f4:af:eb:f3:fb,,,,-48,1,2412,False,False
1778936305.1835623,control,cts,,8a:f4:af:eb:f3:fb,8a:f4:af:eb:f3:fb,,,,-46,1,2412,False,False
1778936305.1839137,control,cts,,8a:f4:af:eb:f3:fb,8a:f4:af:eb:f3:fb,,,,-47,1,2412,False,False
1778936305.1843247,control,cts,,8a:f4:af:eb:f3:fb,8a:f4:af:eb:f3:fb,,,,-47,1,2412,False,False
1778936305.184326,control,ack,,8a:f4:af:eb:f3:fb,8a:f4:af:eb:f3:fb,,,,-47,1,2412,False,False
1778936305.185472,control,rts,d8:d7:75:45:81:24,8a:f4:af:eb:f3:fb,8a:f4:af:eb:f3:fb,d8:d7:75:45:81:24,,,-46,1,2412,False,False
1778936305.1859293,control,rts,d8:d7:75:45:81:24,8a:f4:af:eb:f3:fb,8a:f4:af:eb:f3:fb,d8:d7:75:45:81:24,,,-48,1,2412,False,False
1778936305.1873229,data,qos_data,d8:d7:75:45:81:24,8a:f4:af:eb:f3:fb,8a:f4:af:eb:f3:fb,d8:d7:75:45:81:24,d8:d7:75:45:81:24,,-44,1,2412,True,True
1778936305.223469,management,beacon,d8:d7:75:45:81:24,ff:ff:ff:ff:ff:ff,ff:ff:ff:ff:ff:ff,d8:d7:75:45:81:24,d8:d7:75:45:81:24,FunBox2-8124,-54,1,2412,False,False
1778936305.2699368,data,null_data,8a:f4:af:eb:f3:fb,d8:d7:75:45:81:24,d8:d7:75:45:81:24,8a:f4:af:eb:f3:fb,d8:d7:75:45:81:24,,-89,1,2412,False,False
1778936305.2702127,control,ack,,8a:f4:af:eb:f3:fb,8a:f4:af:eb:f3:fb,,,,-52,1,2412,False,False
1778936305.3212001,management,beacon,d8:d7:75:45:81:24,ff:ff:ff:ff:ff:ff,ff:ff:ff:ff:ff:ff,d8:d7:75:45:81:24,d8:d7:75:45:81:24,FunBox2-8124,-42,1,2412,False,False
1778936305.3899815,data,null_data,8a:f4:af:eb:f3:fb,d8:d7:75:45:81:24,d8:d7:75:45:81:24,8a:f4:af:eb:f3:fb,d8:d7:75:45:81:24,,-87,1,2412,False,False
1778936305.3902957,control,ack,,8a:f4:af:eb:f3:fb,8a:f4:af:eb:f3:fb,,,,-42,1,2412,False,False
1778936305.4251533,management,beacon,d8:d7:75:45:81:24,ff:ff:ff:ff:ff:ff,ff:ff:ff:ff:ff:ff,d8:d7:75:45:81:24,d8:d7:75:45:81:24,FunBox2-8124,-52,1,2412,False,False
1778936305.5102193,control,ack,,8a:f4:af:eb:f3:fb,8a:f4:af:eb:f3:fb,,,,-51,1,2412,False,False
1778936305.5259714,management,beacon,d8:d7:75:45:81:24,ff:ff:ff:ff:ff:ff,ff:ff:ff:ff:ff:ff,d8:d7:75:45:81:24,d8:d7:75:45:81:24,FunBox2-8124,-42,1,2412,False,False
1778936305.547282,control,cts,,ce:d0:54:70:b1:b3,ce:d0:54:70:b1:b3,,,,-90,1,2412,False,False
1778936305.5502038,control,cts,,8a:f4:af:eb:f3:fb,8a:f4:af:eb:f3:fb,,,,-44,1,2412,False,False
1778936305.550695,management,action,8a:f4:af:eb:f3:fb,d8:d7:75:45:81:24,d8:d7:75:45:81:24,8a:f4:af:eb:f3:fb,d8:d7:75:45:81:24,,-87,1,2412,False,False
1778936305.551012,control,ack,,8a:f4:af:eb:f3:fb,8a:f4:af:eb:f3:fb,,,,-43,1,2412,False,False
1778936305.5515904,management,action,d8:d7:75:45:81:24,8a:f4:af:eb:f3:fb,8a:f4:af:eb:f3:fb,d8:d7:75:45:81:24,d8:d7:75:45:81:24,,-42,1,2412,False,False
1778936305.5519044,control,ack,,d8:d7:75:45:81:24,d8:d7:75:45:81:24,,,,-89,1,2412,False,False
1778936305.552101,control,cts,,8a:f4:af:eb:f3:fb,8a:f4:af:eb:f3:fb,,,,-47,1,2412,False,False
1778936305.5528185,control,cts,,8a:f4:af:eb:f3:fb,8a:f4:af:eb:f3:fb,,,,-46,1,2412,False,False
1778936305.553413,control,cts,,8a:f4:af:eb:f3:fb,8a:f4:af:eb:f3:fb,,,,-46,1,2412,False,False
1778936305.5539937,control,cts,,8a:f4:af:eb:f3:fb,8a:f4:af:eb:f3:fb,,,,-46,1,2412,False,False
1778936305.5551035,control,cts,,8a:f4:af:eb:f3:fb,8a:f4:af:eb:f3:fb,,,,-43,1,2412,False,False
1778936305.556458,control,ack,,8a:f4:af:eb:f3:fb,8a:f4:af:eb:f3:fb,,,,-43,1,2412,False,False
1778936305.6308336,data,null_data,8a:f4:af:eb:f3:fb,d8:d7:75:45:81:24,d8:d7:75:45:81:24,8a:f4:af:eb:f3:fb,d8:d7:75:45:81:24,,-86,1,2412,False,True
1778936305.6322029,data,data,d8:d7:75:45:81:24,ff:ff:ff:ff:ff:ff,ff:ff:ff:ff:ff:ff,d8:d7:75:45:81:24,8a:f4:af:eb:f3:fb,,-53,1,2412,True,False
1778936305.6325195,control,ack,,d8:d7:75:45:81:24,d8:d7:75:45:81:24,,,,-86,1,2412,False,False
1778936305.6329687,data,null_data,8a:f4:af:eb:f3:fb,d8:d7:75:45:81:24,d8:d7:75:45:81:24,8a:f4:af:eb:f3:fb,d8:d7:75:45:81:24,,-88,1,2412,False,True
1778936305.6332858,control,ack,,8a:f4:af:eb:f3:fb,8a:f4:af:eb:f3:fb,,,,-44,1,2412,False,False
1778936305.6337855,data,null_data,50:02:91:e8:18:ec,d8:d7:75:45:81:24,d8:d7:75:45:81:24,50:02:91:e8:18:ec,d8:d7:75:45:81:24,,-84,1,2412,False,True
1778936305.6337876,control,ack,,50:02:91:e8:18:ec,50:02:91:e8:18:ec,,,,-48,1,2412,False,False
1778936305.7351747,management,beacon,d8:d7:75:45:81:24,ff:ff:ff:ff:ff:ff,ff:ff:ff:ff:ff:ff,d8:d7:75:45:81:24,d8:d7:75:45:81:24,FunBox2-8124,-52,1,2412,False,False
1778936305.7499435,data,null_data,8a:f4:af:eb:f3:fb,d8:d7:75:45:81:24,d8:d7:75:45:81:24,8a:f4:af:eb:f3:fb,d8:d7:75:45:81:24,,-86,1,2412,False,False
1778936305.750237,control,ack,,8a:f4:af:eb:f3:fb,8a:f4:af:eb:f3:fb,,,,-50,1,2412,False,False
1778936305.8003724,data,null_data,8a:f4:af:eb:f3:fb,d8:d7:75:45:81:24,d8:d7:75:45:81:24,8a:f4:af:eb:f3:fb,d8:d7:75:45:81:24,,-87,1,2412,False,False
1778936305.8006608,control,ack,,8a:f4:af:eb:f3:fb,8a:f4:af:eb:f3:fb,,,,-44,1,2412,False,False
1778936305.8227634,control,ack,,8a:f4:af:eb:f3:fb,8a:f4:af:eb:f3:fb,,,,-45,1,2412,False,False
1778936305.8332233,management,beacon,d8:d7:75:45:81:24,ff:ff:ff:ff:ff:ff,ff:ff:ff:ff:ff:ff,d8:d7:75:45:81:24,d8:d7:75:45:81:24,FunBox2-8124,-43,1,2412,False,False
1778936305.8699677,data,null_data,8a:f4:af:eb:f3:fb,d8:d7:75:45:81:24,d8:d7:75:45:81:24,8a:f4:af:eb:f3:fb,d8:d7:75:45:81:24,,-91,1,2412,False,False
1778936305.8702426,control,ack,,8a:f4:af:eb:f3:fb,8a:f4:af:eb:f3:fb,,,,-54,1,2412,False,False
1778936305.8746645,data,null_data,50:02:91:e8:18:ec,d8:d7:75:45:81:24,d8:d7:75:45:81:24,50:02:91:e8:18:ec,d8:d7:75:45:81:24,,-84,1,2412,False,False
1778936305.8746698,control,ack,,50:02:91:e8:18:ec,50:02:91:e8:18:ec,,,,-46,1,2412,False,False
1778936305.93562,management,beacon,d8:d7:75:45:81:24,ff:ff:ff:ff:ff:ff,ff:ff:ff:ff:ff:ff,d8:d7:75:45:81:24,d8:d7:75:45:81:24,FunBox2-8124,-44,1,2412,False,False
1778936305.9902623,control,ack,,8a:f4:af:eb:f3:fb,8a:f4:af:eb:f3:fb,,,,-52,1,2412,False,False
1778936305.998898,control,cts,,8a:f4:af:eb:f3:fb,8a:f4:af:eb:f3:fb,,,,-42,1,2412,False,False
1778936305.9997048,control,ack,,8a:f4:af:eb:f3:fb,8a:f4:af:eb:f3:fb,,,,-44,1,2412,False,False
1778936306.0003617,management,action,d8:d7:75:45:81:24,8a:f4:af:eb:f3:fb,8a:f4:af:eb:f3:fb,d8:d7:75:45:81:24,d8:d7:75:45:81:24,,-42,1,2412,False,False
1778936306.0010095,control,cts,,8a:f4:af:eb:f3:fb,8a:f4:af:eb:f3:fb,,,,-47,1,2412,False,False
1778936306.001926,control,cts,,8a:f4:af:eb:f3:fb,8a:f4:af:eb:f3:fb,,,,-47,1,2412,False,False
1778936306.002707,control,cts,,8a:f4:af:eb:f3:fb,8a:f4:af:eb:f3:fb,,,,-45,1,2412,False,False
1778936306.0027087,control,ack,,8a:f4:af:eb:f3:fb,8a:f4:af:eb:f3:fb,,,,-48,1,2412,False,False
1778936306.0038981,control,block_ack,d8:d7:75:45:81:24,8a:f4:af:eb:f3:fb,8a:f4:af:eb:f3:fb,d8:d7:75:45:81:24,,,-44,1,2412,False,False
1778936306.0380595,management,beacon,d8:d7:75:45:81:24,ff:ff:ff:ff:ff:ff,ff:ff:ff:ff:ff:ff,d8:d7:75:45:81:24,d8:d7:75:45:81:24,FunBox2-8124,-45,1,2412,False,False
1778936306.1102753,control,ack,,8a:f4:af:eb:f3:fb,8a:f4:af:eb:f3:fb,,,,-43,1,2412,False,False
1778936306.2299643,data,null_data,8a:f4:af:eb:f3:fb,d8:d7:75:45:81:24,d8:d7:75:45:81:24,8a:f4:af:eb:f3:fb,d8:d7:75:45:81:24,,-90,1,2412,False,False
1778936306.2302606,control,ack,,8a:f4:af:eb:f3:fb,8a:f4:af:eb:f3:fb,,,,-51,1,2412,False,False
1778936306.2428,management,beacon,d8:d7:75:45:81:24,ff:ff:ff:ff:ff:ff,ff:ff:ff:ff:ff:ff,d8:d7:75:45:81:24,d8:d7:75:45:81:24,FunBox2-8124,-43,1,2412,False,False
1778936306.3464937,management,beacon,d8:d7:75:45:81:24,ff:ff:ff:ff:ff:ff,ff:ff:ff:ff:ff:ff,d8:d7:75:45:81:24,d8:d7:75:45:81:24,FunBox2-8124,-51,1,2412,False,False
1778936306.3499637,data,null_data,8a:f4:af:eb:f3:fb,d8:d7:75:45:81:24,d8:d7:75:45:81:24,8a:f4:af:eb:f3:fb,d8:d7:75:45:81:24,,-87,1,2412,False,False
1778936306.3502645,control,ack,,8a:f4:af:eb:f3:fb,8a:f4:af:eb:f3:fb,,,,-53,1,2412,False,False
1778936306.4475906,management,beacon,d8:d7:75:45:81:24,ff:ff:ff:ff:ff:ff,ff:ff:ff:ff:ff:ff,d8:d7:75:45:81:24,d8:d7:75:45:81:24,FunBox2-8124,-44,1,2412,False,False
1778936306.46998,data,null_data,8a:f4:af:eb:f3:fb,d8:d7:75:45:81:24,d8:d7:75:45:81:24,8a:f4:af:eb:f3:fb,d8:d7:75:45:81:24,,-88,1,2412,False,False
1778936306.4702764,control,ack,,8a:f4:af:eb:f3:fb,8a:f4:af:eb:f3:fb,,,,-51,1,2412,False,False
1778936306.536475,control,cts,,8a:f4:af:eb:f3:fb,8a:f4:af:eb:f3:fb,,,,-47,1,2412,False,False
1778936306.5368,control,cts,,8a:f4:af:eb:f3:fb,8a:f4:af:eb:f3:fb,,,,-46,1,2412,False,False
1778936306.537167,control,cts,,8a:f4:af:eb:f3:fb,8a:f4:af:eb:f3:fb,,,,-45,1,2412,False,False
1778936306.537169,control,ack,,8a:f4:af:eb:f3:fb,8a:f4:af:eb:f3:fb,,,,-48,1,2412,False,False
1778936306.5500402,management,beacon,d8:d7:75:45:81:24,ff:ff:ff:ff:ff:ff,ff:ff:ff:ff:ff:ff,d8:d7:75:45:81:24,d8:d7:75:45:81:24,FunBox2-8124,-44,1,2412,False,False
1778936306.5888736,control,ack,,8a:f4:af:eb:f3:fb,8a:f4:af:eb:f3:fb,,,,-52,1,2412,False,False
1778936306.5892842,control,ack,,8a:f4:af:eb:f3:fb,8a:f4:af:eb:f3:fb,,,,-47,1,2412,False,False
1778936306.6537406,management,beacon,d8:d7:75:45:81:24,ff:ff:ff:ff:ff:ff,ff:ff:ff:ff:ff:ff,d8:d7:75:45:81:24,d8:d7:75:45:81:24,FunBox2-8124,-53,1,2412,False,False
1778936306.70889,control,ack,,8a:f4:af:eb:f3:fb,8a:f4:af:eb:f3:fb,,,,-52,1,2412,False,False
1778936306.709288,control,ack,,8a:f4:af:eb:f3:fb,8a:f4:af:eb:f3:fb,,,,-52,1,2412,False,False
1778936306.7548244,management,beacon,d8:d7:75:45:81:24,ff:ff:ff:ff:ff:ff,ff:ff:ff:ff:ff:ff,d8:d7:75:45:81:24,d8:d7:75:45:81:24,FunBox2-8124,-53,1,2412,False,False
1778936306.828891,control,ack,,8a:f4:af:eb:f3:fb,8a:f4:af:eb:f3:fb,,,,-52,1,2412,False,False
1778936306.8293035,control,ack,,8a:f4:af:eb:f3:fb,8a:f4:af:eb:f3:fb,,,,-45,1,2412,False,False
1778936306.862289,control,cts,,e0:3e:44:04:f3:fb,e0:3e:44:04:f3:fb,,,,-86,1,2412,False,False
1778936306.9489026,control,ack,,8a:f4:af:eb:f3:fb,8a:f4:af:eb:f3:fb,,,,-46,1,2412,False,False
1778936306.9492645,control,ack,,8a:f4:af:eb:f3:fb,8a:f4:af:eb:f3:fb,,,,-48,1,2412,False,False
1778936306.9596078,management,beacon,d8:d7:75:45:81:24,ff:ff:ff:ff:ff:ff,ff:ff:ff:ff:ff:ff,d8:d7:75:45:81:24,d8:d7:75:45:81:24,FunBox2-8124,-44,1,2412,False,False
1778936307.0620103,management,beacon,d8:d7:75:45:81:24,ff:ff:ff:ff:ff:ff,ff:ff:ff:ff:ff:ff,d8:d7:75:45:81:24,d8:d7:75:45:81:24,FunBox2-8124,-52,1,2412,False,False
1778936307.0689065,control,ack,,8a:f4:af:eb:f3:fb,8a:f4:af:eb:f3:fb,,,,-52,1,2412,False,False
1778936307.069311,control,ack,,8a:f4:af:eb:f3:fb,8a:f4:af:eb:f3:fb,,,,-52,1,2412,False,False
1778936307.080135,data,null_data,8a:f4:af:eb:f3:fb,d8:d7:75:45:81:24,d8:d7:75:45:81:24,8a:f4:af:eb:f3:fb,d8:d7:75:45:81:24,,-87,1,2412,False,False
1778936307.0801516,control,ack,,8a:f4:af:eb:f3:fb,8a:f4:af:eb:f3:fb,,,,-52,1,2412,False,False
1778936307.1021981,control,ack,,8a:f4:af:eb:f3:fb,8a:f4:af:eb:f3:fb,,,,-52,1,2412,False,False
1778936307.1690922,data,null_data,50:02:91:e8:18:ec,d8:d7:75:45:81:24,d8:d7:75:45:81:24,50:02:91:e8:18:ec,d8:d7:75:45:81:24,,-83,1,2412,False,False
1778936307.169109,control,ack,,50:02:91:e8:18:ec,50:02:91:e8:18:ec,,,,-52,1,2412,False,False
1778936307.1889012,control,ack,,8a:f4:af:eb:f3:fb,8a:f4:af:eb:f3:fb,,,,-44,1,2412,False,False
1778936307.1893163,control,ack,,8a:f4:af:eb:f3:fb,8a:f4:af:eb:f3:fb,,,,-52,1,2412,False,False
1778936307.3089216,control,ack,,8a:f4:af:eb:f3:fb,8a:f4:af:eb:f3:fb,,,,-47,1,2412,False,False
1778936307.3093204,control,ack,,8a:f4:af:eb:f3:fb,8a:f4:af:eb:f3:fb,,,,-52,1,2412,False,False
1778936307.409972,data,null_data,50:02:91:e8:18:ec,d8:d7:75:45:81:24,d8:d7:75:45:81:24,50:02:91:e8:18:ec,d8:d7:75:45:81:24,,-83,1,2412,False,False
1778936307.409988,control,ack,,50:02:91:e8:18:ec,50:02:91:e8:18:ec,,,,-52,1,2412,False,False
1778936307.4289079,control,ack,,8a:f4:af:eb:f3:fb,8a:f4:af:eb:f3:fb,,,,-47,1,2412,False,False
1778936307.4292831,data,null_data,8a:f4:af:eb:f3:fb,d8:d7:75:45:81:24,d8:d7:75:45:81:24,8a:f4:af:eb:f3:fb,d8:d7:75:45:81:24,,-83,1,2412,False,False
1778936307.4292853,control,ack,,8a:f4:af:eb:f3:fb,8a:f4:af:eb:f3:fb,,,,-46,1,2412,False,False
1778936307.5476632,control,rts,8a:f4:af:eb:f3:fb,d8:d7:75:45:81:24,d8:d7:75:45:81:24,8a:f4:af:eb:f3:fb,,,-83,1,2412,False,False
1778936307.548063,control,rts,8a:f4:af:eb:f3:fb,d8:d7:75:45:81:24,d8:d7:75:45:81:24,8a:f4:af:eb:f3:fb,,,-82,1,2412,False,False
1778936307.5480645,control,cts,,8a:f4:af:eb:f3:fb,8a:f4:af:eb:f3:fb,,,,-50,1,2412,False,False
1778936307.5480652,control,ack,,8a:f4:af:eb:f3:fb,8a:f4:af:eb:f3:fb,,,,-52,1,2412,False,False
1778936307.548438,control,cts,,8a:f4:af:eb:f3:fb,8a:f4:af:eb:f3:fb,,,,-52,1,2412,False,False
1778936307.5488622,control,rts,8a:f4:af:eb:f3:fb,d8:d7:75:45:81:24,d8:d7:75:45:81:24,8a:f4:af:eb:f3:fb,,,-81,1,2412,False,False
1778936307.548864,control,cts,,8a:f4:af:eb:f3:fb,8a:f4:af:eb:f3:fb,,,,-52,1,2412,False,False
1778936307.5488644,control,ack,,8a:f4:af:eb:f3:fb,8a:f4:af:eb:f3:fb,,,,-51,1,2412,False,False
1778936307.6678762,control,ack,,8a:f4:af:eb:f3:fb,8a:f4:af:eb:f3:fb,,,,-53,1,2412,False,False
1778936307.6687136,data,null_data,8a:f4:af:eb:f3:fb,d8:d7:75:45:81:24,d8:d7:75:45:81:24,8a:f4:af:eb:f3:fb,d8:d7:75:45:81:24,,-78,1,2412,False,False
1778936307.6687193,data,null_data,8a:f4:af:eb:f3:fb,d8:d7:75:45:81:24,d8:d7:75:45:81:24,8a:f4:af:eb:f3:fb,d8:d7:75:45:81:24,,-77,1,2412,False,True
1778936307.6687205,data,null_data,8a:f4:af:eb:f3:fb,d8:d7:75:45:81:24,d8:d7:75:45:81:24,8a:f4:af:eb:f3:fb,d8:d7:75:45:81:24,,-79,1,2412,False,True
1778936307.6768825,data,null_data,8a:f4:af:eb:f3:fb,d8:d7:75:45:81:24,d8:d7:75:45:81:24,8a:f4:af:eb:f3:fb,d8:d7:75:45:81:24,,-82,1,2412,False,False
1778936307.677196,control,ack,,8a:f4:af:eb:f3:fb,8a:f4:af:eb:f3:fb,,,,-51,1,2412,False,False
1778936307.7839174,data,data,d8:d7:75:45:81:24,01:00:5e:00:00:fb,01:00:5e:00:00:fb,d8:d7:75:45:81:24,8a:f4:af:eb:f3:fb,,-50,1,2412,True,False
1778936307.7839262,data,null_data,50:02:91:e8:18:ec,d8:d7:75:45:81:24,d8:d7:75:45:81:24,50:02:91:e8:18:ec,d8:d7:75:45:81:24,,-85,1,2412,False,False
1778936307.783927,control,ack,,50:02:91:e8:18:ec,50:02:91:e8:18:ec,,,,-52,1,2412,False,False
1778936307.7855635,data,data,d8:d7:75:45:81:24,33:33:00:00:00:fb,33:33:00:00:00:fb,d8:d7:75:45:81:24,8a:f4:af:eb:f3:fb,,-43,1,2412,True,False
1778936307.7858756,control,ack,,d8:d7:75:45:81:24,d8:d7:75:45:81:24,,,,-85,1,2412,False,False
1778936307.790017,data,null_data,8a:f4:af:eb:f3:fb,d8:d7:75:45:81:24,d8:d7:75:45:81:24,8a:f4:af:eb:f3:fb,d8:d7:75:45:81:24,,-80,1,2412,False,False
1778936307.7903073,control,ack,,8a:f4:af:eb:f3:fb,8a:f4:af:eb:f3:fb,,,,-42,1,2412,False,False
1778936307.840992,control,cts,,ce:d0:54:70:b1:b3,ce:d0:54:70:b1:b3,,,,-88,1,2412,False,False
1778936307.881245,management,beacon,d8:d7:75:45:81:24,ff:ff:ff:ff:ff:ff,ff:ff:ff:ff:ff:ff,d8:d7:75:45:81:24,d8:d7:75:45:81:24,FunBox2-8124,-50,1,2412,False,False
1778936307.8827052,control,cts,,e0:3e:44:04:f3:fb,e0:3e:44:04:f3:fb,,,,-76,1,2412,False,False
1778936307.9089296,data,null_data,8a:f4:af:eb:f3:fb,d8:d7:75:45:81:24,d8:d7:75:45:81:24,8a:f4:af:eb:f3:fb,d8:d7:75:45:81:24,,-75,1,2412,False,False
1778936307.908938,control,ack,,8a:f4:af:eb:f3:fb,8a:f4:af:eb:f3:fb,,,,-52,1,2412,False,False
1778936307.9093077,data,null_data,8a:f4:af:eb:f3:fb,d8:d7:75:45:81:24,d8:d7:75:45:81:24,8a:f4:af:eb:f3:fb,d8:d7:75:45:81:24,,-75,1,2412,False,False
1778936307.9093106,control,ack,,8a:f4:af:eb:f3:fb,8a:f4:af:eb:f3:fb,,,,-47,1,2412,False,False
1778936307.919204,data,qos_null,d8:d7:75:45:81:24,54:35:30:cf:ee:1e,54:35:30:cf:ee:1e,d8:d7:75:45:81:24,d8:d7:75:45:81:24,,-51,1,2412,False,False
1778936307.920148,data,qos_null,d8:d7:75:45:81:24,50:02:91:e8:18:ec,50:02:91:e8:18:ec,d8:d7:75:45:81:24,d8:d7:75:45:81:24,,-43,1,2412,False,False
1778936307.9204917,control,ack,,d8:d7:75:45:81:24,d8:d7:75:45:81:24,,,,-87,1,2412,False,False
1778936307.9836862,management,beacon,d8:d7:75:45:81:24,ff:ff:ff:ff:ff:ff,ff:ff:ff:ff:ff:ff,d8:d7:75:45:81:24,d8:d7:75:45:81:24,FunBox2-8124,-43,1,2412,False,False
1778936308.0289235,control,ack,,8a:f4:af:eb:f3:fb,8a:f4:af:eb:f3:fb,,,,-52,1,2412,False,False
1778936308.0293436,data,null_data,8a:f4:af:eb:f3:fb,d8:d7:75:45:81:24,d8:d7:75:45:81:24,8a:f4:af:eb:f3:fb,d8:d7:75:45:81:24,,-78,1,2412,False,False
1778936308.0293474,control,ack,,8a:f4:af:eb:f3:fb,8a:f4:af:eb:f3:fb,,,,-46,1,2412,False,False
1778936308.0860894,management,beacon,d8:d7:75:45:81:24,ff:ff:ff:ff:ff:ff,ff:ff:ff:ff:ff:ff,d8:d7:75:45:81:24,d8:d7:75:45:81:24,FunBox2-8124,-43,1,2412,False,False
1778936308.1489205,data,null_data,8a:f4:af:eb:f3:fb,d8:d7:75:45:81:24,d8:d7:75:45:81:24,8a:f4:af:eb:f3:fb,d8:d7:75:45:81:24,,-77,1,2412,False,False
1778936308.1489367,control,ack,,8a:f4:af:eb:f3:fb,8a:f4:af:eb:f3:fb,,,,-52,1,2412,False,False
1778936308.149355,data,null_data,8a:f4:af:eb:f3:fb,d8:d7:75:45:81:24,d8:d7:75:45:81:24,8a:f4:af:eb:f3:fb,d8:d7:75:45:81:24,,-77,1,2412,False,False
1778936308.1493576,control,ack,,8a:f4:af:eb:f3:fb,8a:f4:af:eb:f3:fb,,,,-46,1,2412,False,False
1778936308.1609654,data,null_data,50:02:91:e8:18:ec,d8:d7:75:45:81:24,d8:d7:75:45:81:24,50:02:91:e8:18:ec,d8:d7:75:45:81:24,,-83,1,2412,False,False
1778936308.1609807,control,ack,,50:02:91:e8:18:ec,50:02:91:e8:18:ec,,,,-47,1,2412,False,False
1778936308.2689404,control,ack,,8a:f4:af:eb:f3:fb,8a:f4:af:eb:f3:fb,,,,-52,1,2412,False,False
1778936308.2693582,data,null_data,8a:f4:af:eb:f3:fb,d8:d7:75:45:81:24,d8:d7:75:45:81:24,8a:f4:af:eb:f3:fb,d8:d7:75:45:81:24,,-75,1,2412,False,False
1778936308.2693617,control,ack,,8a:f4:af:eb:f3:fb,8a:f4:af:eb:f3:fb,,,,-45,1,2412,False,False
1778936308.290933,management,beacon,ac:84:c6:41:71:22,ff:ff:ff:ff:ff:ff,ff:ff:ff:ff:ff:ff,ac:84:c6:41:71:22,ac:84:c6:41:71:22,TP-LINK_7122,-91,1,2412,False,False
1778936308.2936146,management,beacon,d8:d7:75:45:81:24,ff:ff:ff:ff:ff:ff,ff:ff:ff:ff:ff:ff,d8:d7:75:45:81:24,d8:d7:75:45:81:24,FunBox2-8124,-51,1,2412,False,False
1778936308.3601863,data,null_data,8a:f4:af:eb:f3:fb,d8:d7:75:45:81:24,d8:d7:75:45:81:24,8a:f4:af:eb:f3:fb,d8:d7:75:45:81:24,,-76,1,2412,False,False
1778936308.360195,control,ack,,8a:f4:af:eb:f3:fb,8a:f4:af:eb:f3:fb,,,,-52,1,2412,False,False
1778936308.3822508,data,null_data,8a:f4:af:eb:f3:fb,d8:d7:75:45:81:24,d8:d7:75:45:81:24,8a:f4:af:eb:f3:fb,d8:d7:75:45:81:24,,-76,1,2412,False,False
1778936308.3822608,control,ack,,8a:f4:af:eb:f3:fb,8a:f4:af:eb:f3:fb,,,,-52,1,2412,False,False
1778936308.388949,data,null_data,8a:f4:af:eb:f3:fb,d8:d7:75:45:81:24,d8:d7:75:45:81:24,8a:f4:af:eb:f3:fb,d8:d7:75:45:81:24,,-76,1,2412,False,False
1778936308.3889544,control,ack,,8a:f4:af:eb:f3:fb,8a:f4:af:eb:f3:fb,,,,-52,1,2412,False,False
1778936308.389332,data,null_data,8a:f4:af:eb:f3:fb,d8:d7:75:45:81:24,d8:d7:75:45:81:24,8a:f4:af:eb:f3:fb,d8:d7:75:45:81:24,,-76,1,2412,False,False
1778936308.3893344,control,ack,,8a:f4:af:eb:f3:fb,8a:f4:af:eb:f3:fb,,,,-51,1,2412,False,False
1778936308.3932753,management,beacon,d8:d7:75:45:81:24,ff:ff:ff:ff:ff:ff,ff:ff:ff:ff:ff:ff,d8:d7:75:45:81:24,d8:d7:75:45:81:24,FunBox2-8124,-52,1,2412,False,False
1778936308.4956615,management,beacon,d8:d7:75:45:81:24,ff:ff:ff:ff:ff:ff,ff:ff:ff:ff:ff:ff,d8:d7:75:45:81:24,d8:d7:75:45:81:24,FunBox2-8124,-51,1,2412,False,False
1778936308.5089538,data,null_data,8a:f4:af:eb:f3:fb,d8:d7:75:45:81:24,d8:d7:75:45:81:24,8a:f4:af:eb:f3:fb,d8:d7:75:45:81:24,,-76,1,2412,False,False
1778936308.5089738,control,ack,,8a:f4:af:eb:f3:fb,8a:f4:af:eb:f3:fb,,,,-51,1,2412,False,False
1778936308.5093632,data,null_data,8a:f4:af:eb:f3:fb,d8:d7:75:45:81:24,d8:d7:75:45:81:24,8a:f4:af:eb:f3:fb,d8:d7:75:45:81:24,,-77,1,2412,False,False
1778936308.5093653,control,ack,,8a:f4:af:eb:f3:fb,8a:f4:af:eb:f3:fb,,,,-51,1,2412,False,False
1778936308.600628,management,beacon,d8:d7:75:45:81:24,ff:ff:ff:ff:ff:ff,ff:ff:ff:ff:ff:ff,d8:d7:75:45:81:24,d8:d7:75:45:81:24,FunBox2-8124,-52,1,2412,False,False
1778936308.6289494,control,ack,,8a:f4:af:eb:f3:fb,8a:f4:af:eb:f3:fb,,,,-51,1,2412,False,False
1778936308.6293688,data,null_data,8a:f4:af:eb:f3:fb,d8:d7:75:45:81:24,d8:d7:75:45:81:24,8a:f4:af:eb:f3:fb,d8:d7:75:45:81:24,,-78,1,2412,False,False
1778936308.6293721,control,ack,,8a:f4:af:eb:f3:fb,8a:f4:af:eb:f3:fb,,,,-51,1,2412,False,False
1778936308.6779904,control,rts,8a:f4:af:eb:f3:fb,d8:d7:75:45:81:24,d8:d7:75:45:81:24,8a:f4:af:eb:f3:fb,,,-78,1,2412,False,False
1778936308.6779976,control,cts,,8a:f4:af:eb:f3:fb,8a:f4:af:eb:f3:fb,,,,-52,1,2412,False,False
1778936308.6779985,control,block_ack,d8:d7:75:45:81:24,8a:f4:af:eb:f3:fb,8a:f4:af:eb:f3:fb,d8:d7:75:45:81:24,,,-50,1,2412,False,False
1778936308.7029402,management,beacon,d8:d7:75:45:81:24,ff:ff:ff:ff:ff:ff,ff:ff:ff:ff:ff:ff,d8:d7:75:45:81:24,d8:d7:75:45:81:24,FunBox2-8124,-51,1,2412,False,False
1778936308.7489734,data,null_data,8a:f4:af:eb:f3:fb,d8:d7:75:45:81:24,d8:d7:75:45:81:24,8a:f4:af:eb:f3:fb,d8:d7:75:45:81:24,,-77,1,2412,False,False
1778936308.7489815,control,ack,,8a:f4:af:eb:f3:fb,8a:f4:af:eb:f3:fb,,,,-51,1,2412,False,False
1778936308.74938,control,ack,,8a:f4:af:eb:f3:fb,8a:f4:af:eb:f3:fb,,,,-52,1,2412,False,False
1778936308.8053057,management,beacon,d8:d7:75:45:81:24,ff:ff:ff:ff:ff:ff,ff:ff:ff:ff:ff:ff,d8:d7:75:45:81:24,d8:d7:75:45:81:24,FunBox2-8124,-52,1,2412,False,False
1778936308.8689823,data,null_data,8a:f4:af:eb:f3:fb,d8:d7:75:45:81:24,d8:d7:75:45:81:24,8a:f4:af:eb:f3:fb,d8:d7:75:45:81:24,,-78,1,2412,False,False
1778936308.8689938,control,ack,,8a:f4:af:eb:f3:fb,8a:f4:af:eb:f3:fb,,,,-53,1,2412,False,False
1778936308.869358,control,ack,,8a:f4:af:eb:f3:fb,8a:f4:af:eb:f3:fb,,,,-52,1,2412,False,False
1778936308.9090152,control,cts,,e0:3e:44:04:f3:fb,e0:3e:44:04:f3:fb,,,,-78,1,2412,False,False
1778936308.9894037,data,null_data,8a:f4:af:eb:f3:fb,d8:d7:75:45:81:24,d8:d7:75:45:81:24,8a:f4:af:eb:f3:fb,d8:d7:75:45:81:24,,-77,1,2412,False,False
1778936308.9894202,control,ack,,8a:f4:af:eb:f3:fb,8a:f4:af:eb:f3:fb,,,,-46,1,2412,False,False
1778936309.1097372,data,null_data,8a:f4:af:eb:f3:fb,d8:d7:75:45:81:24,d8:d7:75:45:81:24,8a:f4:af:eb:f3:fb,d8:d7:75:45:81:24,,-68,1,2412,False,False
1778936309.1097589,data,null_data,8a:f4:af:eb:f3:fb,d8:d7:75:45:81:24,d8:d7:75:45:81:24,8a:f4:af:eb:f3:fb,d8:d7:75:45:81:24,,-68,1,2412,False,True
1778936309.10976,data,null_data,8a:f4:af:eb:f3:fb,d8:d7:75:45:81:24,d8:d7:75:45:81:24,8a:f4:af:eb:f3:fb,d8:d7:75:45:81:24,,-67,1,2412,False,True
1778936309.110181,data,null_data,8a:f4:af:eb:f3:fb,d8:d7:75:45:81:24,d8:d7:75:45:81:24,8a:f4:af:eb:f3:fb,d8:d7:75:45:81:24,,-78,1,2412,False,True
1778936309.110498,control,ack,,8a:f4:af:eb:f3:fb,8a:f4:af:eb:f3:fb,,,,-53,1,2412,False,False
1778936309.1131983,management,beacon,d8:d7:75:45:81:24,ff:ff:ff:ff:ff:ff,ff:ff:ff:ff:ff:ff,d8:d7:75:45:81:24,d8:d7:75:45:81:24,FunBox2-8124,-44,1,2412,False,False
1778936309.230092,data,null_data,8a:f4:af:eb:f3:fb,d8:d7:75:45:81:24,d8:d7:75:45:81:24,8a:f4:af:eb:f3:fb,d8:d7:75:45:81:24,,-77,1,2412,False,False
1778936309.2303834,control,ack,,8a:f4:af:eb:f3:fb,8a:f4:af:eb:f3:fb,,,,-52,1,2412,False,False
1778936309.2317593,control,ack,,50:02:91:e8:18:ec,50:02:91:e8:18:ec,,,,-44,1,2412,False,False
1778936309.3169837,management,beacon,d8:d7:75:45:81:24,ff:ff:ff:ff:ff:ff,ff:ff:ff:ff:ff:ff,d8:d7:75:45:81:24,d8:d7:75:45:81:24,FunBox2-8124,-52,1,2412,False,False
1778936309.350098,data,null_data,8a:f4:af:eb:f3:fb,d8:d7:75:45:81:24,d8:d7:75:45:81:24,8a:f4:af:eb:f3:fb,d8:d7:75:45:81:24,,-77,1,2412,False,False
1778936309.350396,control,ack,,8a:f4:af:eb:f3:fb,8a:f4:af:eb:f3:fb,,,,-54,1,2412,False,False
1778936309.4700844,data,null_data,8a:f4:af:eb:f3:fb,d8:d7:75:45:81:24,d8:d7:75:45:81:24,8a:f4:af:eb:f3:fb,d8:d7:75:45:81:24,,-80,1,2412,False,False
1778936309.4703865,control,ack,,8a:f4:af:eb:f3:fb,8a:f4:af:eb:f3:fb,,,,-52,1,2412,False,False
1778936309.472631,data,null_data,50:02:91:e8:18:ec,d8:d7:75:45:81:24,d8:d7:75:45:81:24,50:02:91:e8:18:ec,d8:d7:75:45:81:24,,-84,1,2412,False,False
1778936309.4726381,control,ack,,50:02:91:e8:18:ec,50:02:91:e8:18:ec,,,,-52,1,2412,False,False
1778936309.5900965,data,null_data,8a:f4:af:eb:f3:fb,d8:d7:75:45:81:24,d8:d7:75:45:81:24,8a:f4:af:eb:f3:fb,d8:d7:75:45:81:24,,-81,1,2412,False,False
1778936309.5903893,control,ack,,8a:f4:af:eb:f3:fb,8a:f4:af:eb:f3:fb,,,,-52,1,2412,False,False
1778936309.6239831,management,beacon,d8:d7:75:45:81:24,ff:ff:ff:ff:ff:ff,ff:ff:ff:ff:ff:ff,d8:d7:75:45:81:24,d8:d7:75:45:81:24,FunBox2-8124,-53,1,2412,False,False
1778936309.6408567,control,ack,,8a:f4:af:eb:f3:fb,8a:f4:af:eb:f3:fb,,,,-54,1,2412,False,False
1778936309.6625912,data,null_data,8a:f4:af:eb:f3:fb,d8:d7:75:45:81:24,d8:d7:75:45:81:24,8a:f4:af:eb:f3:fb,d8:d7:75:45:81:24,,-79,1,2412,False,False
1778936309.6628945,control,ack,,8a:f4:af:eb:f3:fb,8a:f4:af:eb:f3:fb,,,,-53,1,2412,False,False
1778936309.7043138,control,ack,,ce:d0:54:70:b1:b3,ce:d0:54:70:b1:b3,,,,-88,1,2412,False,False
1778936309.7101169,data,null_data,8a:f4:af:eb:f3:fb,d8:d7:75:45:81:24,d8:d7:75:45:81:24,8a:f4:af:eb:f3:fb,d8:d7:75:45:81:24,,-79,1,2412,False,False
1778936309.7104058,control,ack,,8a:f4:af:eb:f3:fb,8a:f4:af:eb:f3:fb,,,,-52,1,2412,False,False
1778936309.723677,management,beacon,ac:84:c6:41:71:22,ff:ff:ff:ff:ff:ff,ff:ff:ff:ff:ff:ff,ac:84:c6:41:71:22,ac:84:c6:41:71:22,TP-LINK_7122,-86,1,2412,False,False
1778936309.8286793,management,beacon,d8:d7:75:45:81:24,ff:ff:ff:ff:ff:ff,ff:ff:ff:ff:ff:ff,d8:d7:75:45:81:24,d8:d7:75:45:81:24,FunBox2-8124,-44,1,2412,False,False
1778936309.8301036,data,null_data,8a:f4:af:eb:f3:fb,d8:d7:75:45:81:24,d8:d7:75:45:81:24,8a:f4:af:eb:f3:fb,d8:d7:75:45:81:24,,-78,1,2412,False,False
1778936309.8304021,control,ack,,8a:f4:af:eb:f3:fb,8a:f4:af:eb:f3:fb,,,,-42,1,2412,False,False
1778936309.9323535,control,cts,,e0:3e:44:04:f3:fb,e0:3e:44:04:f3:fb,,,,-78,1,2412,False,False
1778936309.9490483,control,ack,,8a:f4:af:eb:f3:fb,8a:f4:af:eb:f3:fb,,,,-50,1,2412,False,False
1778936309.9494271,data,null_data,8a:f4:af:eb:f3:fb,d8:d7:75:45:81:24,d8:d7:75:45:81:24,8a:f4:af:eb:f3:fb,d8:d7:75:45:81:24,,-78,1,2412,False,False
1778936309.949431,control,ack,,8a:f4:af:eb:f3:fb,8a:f4:af:eb:f3:fb,,,,-53,1,2412,False,False
1778936310.0553677,data,null_data,8a:f4:af:eb:f3:fb,d8:d7:75:45:81:24,d8:d7:75:45:81:24,8a:f4:af:eb:f3:fb,d8:d7:75:45:81:24,,-80,1,2412,False,False
1778936310.0553758,data,null_data,8a:f4:af:eb:f3:fb,d8:d7:75:45:81:24,d8:d7:75:45:81:24,8a:f4:af:eb:f3:fb,d8:d7:75:45:81:24,,-80,1,2412,False,True
1778936310.0553765,control,ack,,8a:f4:af:eb:f3:fb,8a:f4:af:eb:f3:fb,,,,-52,1,2412,False,False
1778936310.1341996,management,beacon,d8:d7:75:45:81:24,ff:ff:ff:ff:ff:ff,ff:ff:ff:ff:ff:ff,d8:d7:75:45:81:24,d8:d7:75:45:81:24,FunBox2-8124,-52,1,2412,False,False
1778936310.3403616,management,beacon,d8:d7:75:45:81:24,ff:ff:ff:ff:ff:ff,ff:ff:ff:ff:ff:ff,d8:d7:75:45:81:24,d8:d7:75:45:81:24,FunBox2-8124,-52,1,2412,False,False
1778936310.442704,management,beacon,d8:d7:75:45:81:24,ff:ff:ff:ff:ff:ff,ff:ff:ff:ff:ff:ff,d8:d7:75:45:81:24,d8:d7:75:45:81:24,FunBox2-8124,-52,1,2412,False,False
1778936310.546931,data,data,d8:d7:75:45:81:24,33:33:00:00:00:01,33:33:00:00:00:01,d8:d7:75:45:81:24,d8:d7:75:45:81:24,,-52,1,2412,True,False
1778936310.54723,control,ack,,d8:d7:75:45:81:24,d8:d7:75:45:81:24,,,,-87,1,2412,False,False
1778936310.5489078,data,data,d8:d7:75:45:81:24,33:33:00:00:00:16,33:33:00:00:00:16,d8:d7:75:45:81:24,a8:5e:45:c6:9f:b7,,-43,1,2412,True,False
1778936310.5492177,control,ack,,d8:d7:75:45:81:24,d8:d7:75:45:81:24,,,,-83,1,2412,False,False
1778936310.6474743,management,beacon,d8:d7:75:45:81:24,ff:ff:ff:ff:ff:ff,ff:ff:ff:ff:ff:ff,d8:d7:75:45:81:24,d8:d7:75:45:81:24,FunBox2-8124,-52,1,2412,False,False
1778936310.8520758,management,beacon,d8:d7:75:45:81:24,ff:ff:ff:ff:ff:ff,ff:ff:ff:ff:ff:ff,d8:d7:75:45:81:24,d8:d7:75:45:81:24,FunBox2-8124,-51,1,2412,False,False
1778936310.8537116,data,data,d8:d7:75:45:81:24,33:33:00:00:00:16,33:33:00:00:00:16,d8:d7:75:45:81:24,a8:5e:45:c6:9f:b7,,-52,1,2412,True,False
1778936310.8542094,control,ack,,d8:d7:75:45:81:24,d8:d7:75:45:81:24,,,,-85,1,2412,False,False
1778936310.8542116,data,null_data,50:02:91:e8:18:ec,d8:d7:75:45:81:24,d8:d7:75:45:81:24,50:02:91:e8:18:ec,d8:d7:75:45:81:24,,-84,1,2412,False,False
1778936310.8542128,control,ack,,50:02:91:e8:18:ec,50:02:91:e8:18:ec,,,,-46,1,2412,False,False
1778936310.8977122,management,action,8a:f4:af:eb:f3:fb,d8:d7:75:45:81:24,d8:d7:75:45:81:24,8a:f4:af:eb:f3:fb,d8:d7:75:45:81:24,,-86,1,2412,False,False
1778936310.8981555,control,ack,,8a:f4:af:eb:f3:fb,8a:f4:af:eb:f3:fb,,,,-53,1,2412,False,False
1778936310.898157,control,ack,,8a:f4:af:eb:f3:fb,8a:f4:af:eb:f3:fb,,,,-52,1,2412,False,False
1778936310.8987148,management,action,d8:d7:75:45:81:24,8a:f4:af:eb:f3:fb,8a:f4:af:eb:f3:fb,d8:d7:75:45:81:24,d8:d7:75:45:81:24,,-43,1,2412,False,False
1778936310.8990314,control,ack,,d8:d7:75:45:81:24,d8:d7:75:45:81:24,,,,-86,1,2412,False,False
1778936310.8995516,control,block_ack_request,8a:f4:af:eb:f3:fb,d8:d7:75:45:81:24,d8:d7:75:45:81:24,8a:f4:af:eb:f3:fb,,,-87,1,2412,False,False
1778936310.900014,control,block_ack,d8:d7:75:45:81:24,8a:f4:af:eb:f3:fb,8a:f4:af:eb:f3:fb,d8:d7:75:45:81:24,,,-54,1,2412,False,False
1778936310.9426749,data,null_data,8a:f4:af:eb:f3:fb,d8:d7:75:45:81:24,d8:d7:75:45:81:24,8a:f4:af:eb:f3:fb,d8:d7:75:45:81:24,,-84,1,2412,False,False
1778936310.9429376,control,ack,,8a:f4:af:eb:f3:fb,8a:f4:af:eb:f3:fb,,,,-54,1,2412,False,False
1778936310.9491358,data,data,d8:d7:75:45:81:24,33:33:00:00:00:02,33:33:00:00:00:02,d8:d7:75:45:81:24,a8:5e:45:c6:9f:b7,,-53,1,2412,True,False
1778936310.9494348,control,ack,,d8:d7:75:45:81:24,d8:d7:75:45:81:24,,,,-85,1,2412,False,False
1778936310.953818,management,beacon,d8:d7:75:45:81:24,ff:ff:ff:ff:ff:ff,ff:ff:ff:ff:ff:ff,d8:d7:75:45:81:24,d8:d7:75:45:81:24,FunBox2-8124,-43,1,2412,False,False
1778936310.955183,control,cts,,e0:3e:44:04:f3:fb,e0:3e:44:04:f3:fb,,,,-77,1,2412,False,False
1778936310.967661,data,null_data,8a:f4:af:eb:f3:fb,d8:d7:75:45:81:24,d8:d7:75:45:81:24,8a:f4:af:eb:f3:fb,d8:d7:75:45:81:24,,-77,1,2412,False,False
1778936310.96767,control,ack,,8a:f4:af:eb:f3:fb,8a:f4:af:eb:f3:fb,,,,-52,1,2412,False,False
1778936311.0567455,management,beacon,d8:d7:75:45:81:24,ff:ff:ff:ff:ff:ff,ff:ff:ff:ff:ff:ff,d8:d7:75:45:81:24,d8:d7:75:45:81:24,FunBox2-8124,-52,1,2412,False,False
1778936311.1563892,management,beacon,ac:84:c6:41:71:22,ff:ff:ff:ff:ff:ff,ff:ff:ff:ff:ff:ff,ac:84:c6:41:71:22,ac:84:c6:41:71:22,TP-LINK_7122,-87,1,2412,False,False
1778936311.1590676,management,beacon,d8:d7:75:45:81:24,ff:ff:ff:ff:ff:ff,ff:ff:ff:ff:ff:ff,d8:d7:75:45:81:24,d8:d7:75:45:81:24,FunBox2-8124,-52,1,2412,False,False
1778936311.1899,control,ack,,50:02:91:e8:18:ec,50:02:91:e8:18:ec,,,,-52,1,2412,False,False
1778936311.4661014,management,beacon,d8:d7:75:45:81:24,ff:ff:ff:ff:ff:ff,ff:ff:ff:ff:ff:ff,d8:d7:75:45:81:24,d8:d7:75:45:81:24,FunBox2-8124,-51,1,2412,False,False
1778936311.5684378,management,beacon,d8:d7:75:45:81:24,ff:ff:ff:ff:ff:ff,ff:ff:ff:ff:ff:ff,d8:d7:75:45:81:24,d8:d7:75:45:81:24,FunBox2-8124,-52,1,2412,False,False
1778936311.773101,management,beacon,d8:d7:75:45:81:24,ff:ff:ff:ff:ff:ff,ff:ff:ff:ff:ff:ff,d8:d7:75:45:81:24,d8:d7:75:45:81:24,FunBox2-8124,-52,1,2412,False,False
1778936311.977765,management,beacon,d8:d7:75:45:81:24,ff:ff:ff:ff:ff:ff,ff:ff:ff:ff:ff:ff,d8:d7:75:45:81:24,d8:d7:75:45:81:24,FunBox2-8124,-53,1,2412,False,False
1778936312.1824234,management,beacon,d8:d7:75:45:81:24,ff:ff:ff:ff:ff:ff,ff:ff:ff:ff:ff:ff,d8:d7:75:45:81:24,d8:d7:75:45:81:24,FunBox2-8124,-53,1,2412,False,False
1778936312.2847853,management,beacon,d8:d7:75:45:81:24,ff:ff:ff:ff:ff:ff,ff:ff:ff:ff:ff:ff,d8:d7:75:45:81:24,d8:d7:75:45:81:24,FunBox2-8124,-43,1,2412,False,False
1778936312.3883398,data,null_data,50:02:91:e8:18:ec,d8:d7:75:45:81:24,d8:d7:75:45:81:24,50:02:91:e8:18:ec,d8:d7:75:45:81:24,,-82,1,2412,False,False
1778936312.3883479,control,ack,,50:02:91:e8:18:ec,50:02:91:e8:18:ec,,,,-53,1,2412,False,False
1778936312.4894753,management,beacon,d8:d7:75:45:81:24,ff:ff:ff:ff:ff:ff,ff:ff:ff:ff:ff:ff,d8:d7:75:45:81:24,d8:d7:75:45:81:24,FunBox2-8124,-52,1,2412,False,False
1778936312.629214,data,null_data,50:02:91:e8:18:ec,d8:d7:75:45:81:24,d8:d7:75:45:81:24,50:02:91:e8:18:ec,d8:d7:75:45:81:24,,-83,1,2412,False,False
1778936312.6292267,control,ack,,50:02:91:e8:18:ec,50:02:91:e8:18:ec,,,,-52,1,2412,False,False
1778936312.6942313,management,beacon,d8:d7:75:45:81:24,ff:ff:ff:ff:ff:ff,ff:ff:ff:ff:ff:ff,d8:d7:75:45:81:24,d8:d7:75:45:81:24,FunBox2-8124,-51,1,2412,False,False
1778936312.796633,management,beacon,d8:d7:75:45:81:24,ff:ff:ff:ff:ff:ff,ff:ff:ff:ff:ff:ff,d8:d7:75:45:81:24,d8:d7:75:45:81:24,FunBox2-8124,-45,1,2412,False,False
1778936313.0014422,management,beacon,d8:d7:75:45:81:24,ff:ff:ff:ff:ff:ff,ff:ff:ff:ff:ff:ff,d8:d7:75:45:81:24,d8:d7:75:45:81:24,FunBox2-8124,-52,1,2412,False,False
1778936313.206287,management,beacon,d8:d7:75:45:81:24,ff:ff:ff:ff:ff:ff,ff:ff:ff:ff:ff:ff,d8:d7:75:45:81:24,d8:d7:75:45:81:24,FunBox2-8124,-52,1,2412,False,False
1778936313.3086708,management,beacon,d8:d7:75:45:81:24,ff:ff:ff:ff:ff:ff,ff:ff:ff:ff:ff:ff,d8:d7:75:45:81:24,d8:d7:75:45:81:24,FunBox2-8124,-54,1,2412,False,False
1778936313.513467,management,beacon,d8:d7:75:45:81:24,ff:ff:ff:ff:ff:ff,ff:ff:ff:ff:ff:ff,d8:d7:75:45:81:24,d8:d7:75:45:81:24,FunBox2-8124,-52,1,2412,False,False
1778936313.6171305,control,ack,,50:02:91:e8:18:ec,50:02:91:e8:18:ec,,,,-52,1,2412,False,False
1778936313.7182877,management,beacon,d8:d7:75:45:81:24,ff:ff:ff:ff:ff:ff,ff:ff:ff:ff:ff:ff,d8:d7:75:45:81:24,d8:d7:75:45:81:24,FunBox2-8124,-42,1,2412,False,False
1778936313.820688,management,beacon,d8:d7:75:45:81:24,ff:ff:ff:ff:ff:ff,ff:ff:ff:ff:ff:ff,d8:d7:75:45:81:24,d8:d7:75:45:81:24,FunBox2-8124,-43,1,2412,False,False
1778936313.8579817,data,null_data,50:02:91:e8:18:ec,d8:d7:75:45:81:24,d8:d7:75:45:81:24,50:02:91:e8:18:ec,d8:d7:75:45:81:24,,-84,1,2412,False,False
1778936313.8579917,control,ack,,50:02:91:e8:18:ec,50:02:91:e8:18:ec,,,,-46,1,2412,False,False
1778936313.9251862,data,data,d8:d7:75:45:81:24,33:33:00:00:00:01,33:33:00:00:00:01,d8:d7:75:45:81:24,d8:d7:75:45:81:24,,-43,1,2412,True,False
1778936313.9254906,control,ack,,d8:d7:75:45:81:24,d8:d7:75:45:81:24,,,,-85,1,2412,False,False
1778936313.9271364,data,data,d8:d7:75:45:81:24,33:33:00:00:00:16,33:33:00:00:00:16,d8:d7:75:45:81:24,a8:5e:45:c6:9f:b7,,-42,1,2412,True,False
1778936313.9274461,control,ack,,d8:d7:75:45:81:24,d8:d7:75:45:81:24,,,,-87,1,2412,False,False
1778936314.025464,management,beacon,d8:d7:75:45:81:24,ff:ff:ff:ff:ff:ff,ff:ff:ff:ff:ff:ff,d8:d7:75:45:81:24,d8:d7:75:45:81:24,FunBox2-8124,-52,1,2412,False,False
1778936314.2303042,management,beacon,d8:d7:75:45:81:24,ff:ff:ff:ff:ff:ff,ff:ff:ff:ff:ff:ff,d8:d7:75:45:81:24,d8:d7:75:45:81:24,FunBox2-8124,-53,1,2412,False,False
1778936314.3326988,management,beacon,d8:d7:75:45:81:24,ff:ff:ff:ff:ff:ff,ff:ff:ff:ff:ff:ff,d8:d7:75:45:81:24,d8:d7:75:45:81:24,FunBox2-8124,-52,1,2412,False,False
1778936314.5375488,management,beacon,d8:d7:75:45:81:24,ff:ff:ff:ff:ff:ff,ff:ff:ff:ff:ff:ff,d8:d7:75:45:81:24,d8:d7:75:45:81:24,FunBox2-8124,-54,1,2412,False,False
1778936314.7423303,management,beacon,d8:d7:75:45:81:24,ff:ff:ff:ff:ff:ff,ff:ff:ff:ff:ff:ff,d8:d7:75:45:81:24,d8:d7:75:45:81:24,FunBox2-8124,-54,1,2412,False,False
1778936314.8446982,management,beacon,d8:d7:75:45:81:24,ff:ff:ff:ff:ff:ff,ff:ff:ff:ff:ff:ff,d8:d7:75:45:81:24,d8:d7:75:45:81:24,FunBox2-8124,-51,1,2412,False,False
1778936314.8461852,data,data,d8:d7:75:45:81:24,33:33:00:00:00:16,33:33:00:00:00:16,d8:d7:75:45:81:24,a8:5e:45:c6:9f:b7,,-51,1,2412,True,False
1778936314.8464894,control,ack,,d8:d7:75:45:81:24,d8:d7:75:45:81:24,,,,-85,1,2412,False,False
1778936314.9483485,data,null_data,50:02:91:e8:18:ec,d8:d7:75:45:81:24,d8:d7:75:45:81:24,50:02:91:e8:18:ec,d8:d7:75:45:81:24,,-85,1,2412,False,False
1778936314.9483566,control,ack,,50:02:91:e8:18:ec,50:02:91:e8:18:ec,,,,-45,1,2412,False,False
1778936315.049618,management,beacon,d8:d7:75:45:81:24,ff:ff:ff:ff:ff:ff,ff:ff:ff:ff:ff:ff,d8:d7:75:45:81:24,d8:d7:75:45:81:24,FunBox2-8124,-42,1,2412,False,False
1778936315.1519568,management,beacon,d8:d7:75:45:81:24,ff:ff:ff:ff:ff:ff,ff:ff:ff:ff:ff:ff,d8:d7:75:45:81:24,d8:d7:75:45:81:24,FunBox2-8124,-43,1,2412,False,False
1778936315.189135,data,null_data,50:02:91:e8:18:ec,d8:d7:75:45:81:24,d8:d7:75:45:81:24,50:02:91:e8:18:ec,d8:d7:75:45:81:24,,-84,1,2412,False,False
1778936315.1898463,data,null_data,50:02:91:e8:18:ec,d8:d7:75:45:81:24,d8:d7:75:45:81:24,50:02:91:e8:18:ec,d8:d7:75:45:81:24,,-86,1,2412,False,True
1778936315.189848,control,ack,,50:02:91:e8:18:ec,50:02:91:e8:18:ec,,,,-45,1,2412,False,False
1778936315.2543185,management,beacon,d8:d7:75:45:81:24,ff:ff:ff:ff:ff:ff,ff:ff:ff:ff:ff:ff,d8:d7:75:45:81:24,d8:d7:75:45:81:24,FunBox2-8124,-43,1,2412,False,False
1778936315.3567746,management,beacon,d8:d7:75:45:81:24,ff:ff:ff:ff:ff:ff,ff:ff:ff:ff:ff:ff,d8:d7:75:45:81:24,d8:d7:75:45:81:24,FunBox2-8124,-43,1,2412,False,False
1778936315.4591515,management,beacon,d8:d7:75:45:81:24,ff:ff:ff:ff:ff:ff,ff:ff:ff:ff:ff:ff,d8:d7:75:45:81:24,d8:d7:75:45:81:24,FunBox2-8124,-46,1,2412,False,False
1778936315.5615735,management,beacon,d8:d7:75:45:81:24,ff:ff:ff:ff:ff:ff,ff:ff:ff:ff:ff:ff,d8:d7:75:45:81:24,d8:d7:75:45:81:24,FunBox2-8124,-43,1,2412,False,False
1778936315.6639977,management,beacon,d8:d7:75:45:81:24,ff:ff:ff:ff:ff:ff,ff:ff:ff:ff:ff:ff,d8:d7:75:45:81:24,d8:d7:75:45:81:24,FunBox2-8124,-47,1,2412,False,False
1778936315.7663975,management,beacon,d8:d7:75:45:81:24,ff:ff:ff:ff:ff:ff,ff:ff:ff:ff:ff:ff,d8:d7:75:45:81:24,d8:d7:75:45:81:24,FunBox2-8124,-44,1,2412,False,False
1778936315.8687384,management,beacon,d8:d7:75:45:81:24,ff:ff:ff:ff:ff:ff,ff:ff:ff:ff:ff:ff,d8:d7:75:45:81:24,d8:d7:75:45:81:24,FunBox2-8124,-43,1,2412,False,False
1778936315.9714406,management,beacon,d8:d7:75:45:81:24,ff:ff:ff:ff:ff:ff,ff:ff:ff:ff:ff:ff,d8:d7:75:45:81:24,d8:d7:75:45:81:24,FunBox2-8124,-52,1,2412,False,False
1778936316.0736,management,beacon,d8:d7:75:45:81:24,ff:ff:ff:ff:ff:ff,ff:ff:ff:ff:ff:ff,d8:d7:75:45:81:24,d8:d7:75:45:81:24,FunBox2-8124,-52,1,2412,False,False
1778936316.3807876,management,beacon,d8:d7:75:45:81:24,ff:ff:ff:ff:ff:ff,ff:ff:ff:ff:ff:ff,d8:d7:75:45:81:24,d8:d7:75:45:81:24,FunBox2-8124,-51,1,2412,False,False
1778936316.3821516,data,null_data,50:02:91:e8:18:ec,d8:d7:75:45:81:24,d8:d7:75:45:81:24,50:02:91:e8:18:ec,d8:d7:75:45:81:24,,-84,1,2412,False,False
1778936316.382154,control,ack,,50:02:91:e8:18:ec,50:02:91:e8:18:ec,,,,-52,1,2412,False,False
1778936316.382155,data,null_data,50:02:91:e8:18:ec,d8:d7:75:45:81:24,d8:d7:75:45:81:24,50:02:91:e8:18:ec,d8:d7:75:45:81:24,,-83,1,2412,False,True
1778936316.3821557,control,ack,,50:02:91:e8:18:ec,50:02:91:e8:18:ec,,,,-47,1,2412,False,False
1778936316.5855885,management,beacon,d8:d7:75:45:81:24,ff:ff:ff:ff:ff:ff,ff:ff:ff:ff:ff:ff,d8:d7:75:45:81:24,d8:d7:75:45:81:24,FunBox2-8124,-52,1,2412,False,False
1778936316.6235151,data,null_data,50:02:91:e8:18:ec,d8:d7:75:45:81:24,d8:d7:75:45:81:24,50:02:91:e8:18:ec,d8:d7:75:45:81:24,,-84,1,2412,False,False
1778936316.6235235,control,ack,,50:02:91:e8:18:ec,50:02:91:e8:18:ec,,,,-47,1,2412,False,False
1778936316.8927937,management,beacon,d8:d7:75:45:81:24,ff:ff:ff:ff:ff:ff,ff:ff:ff:ff:ff:ff,d8:d7:75:45:81:24,d8:d7:75:45:81:24,FunBox2-8124,-52,1,2412,False,False
1778936316.9951966,management,beacon,d8:d7:75:45:81:24,ff:ff:ff:ff:ff:ff,ff:ff:ff:ff:ff:ff,d8:d7:75:45:81:24,d8:d7:75:45:81:24,FunBox2-8124,-52,1,2412,False,False
1778936317.0367343,data,null_data,50:02:91:e8:18:ec,d8:d7:75:45:81:24,d8:d7:75:45:81:24,50:02:91:e8:18:ec,d8:d7:75:45:81:24,,-83,1,2412,False,False
1778936317.0367422,control,ack,,50:02:91:e8:18:ec,50:02:91:e8:18:ec,,,,-52,1,2412,False,False
1778936317.0375743,control,ack,,50:02:91:e8:18:ec,50:02:91:e8:18:ec,,,,-47,1,2412,False,False
1778936317.0839686,data,qos_data,d8:d7:75:45:81:24,50:02:91:e8:18:ec,50:02:91:e8:18:ec,d8:d7:75:45:81:24,d8:d7:75:45:81:24,,-46,1,2412,True,False
1778936317.08398,control,ack,,d8:d7:75:45:81:24,d8:d7:75:45:81:24,,,,-83,1,2412,False,False
1778936317.0978718,management,beacon,d8:d7:75:45:81:24,ff:ff:ff:ff:ff:ff,ff:ff:ff:ff:ff:ff,d8:d7:75:45:81:24,d8:d7:75:45:81:24,FunBox2-8124,-52,1,2412,False,False
1778936317.200279,management,beacon,d8:d7:75:45:81:24,ff:ff:ff:ff:ff:ff,ff:ff:ff:ff:ff:ff,d8:d7:75:45:81:24,d8:d7:75:45:81:24,FunBox2-8124,-52,1,2412,False,False
1778936317.3038383,data,qos_data,d8:d7:75:45:81:24,50:02:91:e8:18:ec,50:02:91:e8:18:ec,d8:d7:75:45:81:24,d8:d7:75:45:81:24,,-49,1,2412,True,False
1778936317.3038485,control,ack,,d8:d7:75:45:81:24,d8:d7:75:45:81:24,,,,-85,1,2412,False,False
1778936317.404822,management,beacon,d8:d7:75:45:81:24,ff:ff:ff:ff:ff:ff,ff:ff:ff:ff:ff:ff,d8:d7:75:45:81:24,d8:d7:75:45:81:24,FunBox2-8124,-51,1,2412,False,False
1778936317.5443523,control,ack,,50:02:91:e8:18:ec,50:02:91:e8:18:ec,,,,-45,1,2412,False,False
1778936317.609706,management,beacon,d8:d7:75:45:81:24,ff:ff:ff:ff:ff:ff,ff:ff:ff:ff:ff:ff,d8:d7:75:45:81:24,d8:d7:75:45:81:24,FunBox2-8124,-51,1,2412,False,False
1778936317.6105676,data,data,d8:d7:75:45:81:24,ff:ff:ff:ff:ff:ff,ff:ff:ff:ff:ff:ff,d8:d7:75:45:81:24,d8:d7:75:45:81:24,,-51,1,2412,True,False
1778936317.6108859,control,ack,,d8:d7:75:45:81:24,d8:d7:75:45:81:24,,,,-84,1,2412,False,False
1778936317.612038,data,data,d8:d7:75:45:81:24,ff:ff:ff:ff:ff:ff,ff:ff:ff:ff:ff:ff,d8:d7:75:45:81:24,d8:d7:75:45:81:24,,-45,1,2412,True,False
1778936317.6123426,control,ack,,d8:d7:75:45:81:24,d8:d7:75:45:81:24,,,,-86,1,2412,False,False
1778936317.7120066,management,beacon,d8:d7:75:45:81:24,ff:ff:ff:ff:ff:ff,ff:ff:ff:ff:ff:ff,d8:d7:75:45:81:24,d8:d7:75:45:81:24,FunBox2-8124,-43,1,2412,False,False
1778936317.814433,management,beacon,d8:d7:75:45:81:24,ff:ff:ff:ff:ff:ff,ff:ff:ff:ff:ff:ff,d8:d7:75:45:81:24,d8:d7:75:45:81:24,FunBox2-8124,-42,1,2412,False,False
1778936317.852799,control,ack,,50:02:91:e8:18:ec,50:02:91:e8:18:ec,,,,-52,1,2412,False,False
1778936317.9168663,management,beacon,d8:d7:75:45:81:24,ff:ff:ff:ff:ff:ff,ff:ff:ff:ff:ff:ff,d8:d7:75:45:81:24,d8:d7:75:45:81:24,FunBox2-8124,-51,1,2412,False,False
1778936318.0194817,management,beacon,d8:d7:75:45:81:24,ff:ff:ff:ff:ff:ff,ff:ff:ff:ff:ff:ff,d8:d7:75:45:81:24,d8:d7:75:45:81:24,FunBox2-8124,-51,1,2412,False,False
1778936318.125336,management,beacon,d8:d7:75:45:81:24,ff:ff:ff:ff:ff:ff,ff:ff:ff:ff:ff:ff,d8:d7:75:45:81:24,d8:d7:75:45:81:24,FunBox2-8124,-53,1,2412,False,False
1778936318.2253776,management,beacon,d8:d7:75:45:81:24,ff:ff:ff:ff:ff:ff,ff:ff:ff:ff:ff:ff,d8:d7:75:45:81:24,d8:d7:75:45:81:24,FunBox2-8124,-49,1,2412,False,False
1778936318.3278215,management,beacon,d8:d7:75:45:81:24,ff:ff:ff:ff:ff:ff,ff:ff:ff:ff:ff:ff,d8:d7:75:45:81:24,d8:d7:75:45:81:24,FunBox2-8124,-50,1,2412,False,False
1778936318.4300826,management,beacon,d8:d7:75:45:81:24,ff:ff:ff:ff:ff:ff,ff:ff:ff:ff:ff:ff,d8:d7:75:45:81:24,d8:d7:75:45:81:24,FunBox2-8124,-51,1,2412,False,False
1778936318.6350572,management,beacon,d8:d7:75:45:81:24,ff:ff:ff:ff:ff:ff,ff:ff:ff:ff:ff:ff,d8:d7:75:45:81:24,d8:d7:75:45:81:24,FunBox2-8124,-51,1,2412,False,False
1778936318.942238,management,beacon,d8:d7:75:45:81:24,ff:ff:ff:ff:ff:ff,ff:ff:ff:ff:ff:ff,d8:d7:75:45:81:24,d8:d7:75:45:81:24,FunBox2-8124,-44,1,2412,False,False
1778936319.044041,management,beacon,d8:d7:75:45:81:24,ff:ff:ff:ff:ff:ff,ff:ff:ff:ff:ff:ff,d8:d7:75:45:81:24,d8:d7:75:45:81:24,FunBox2-8124,-52,1,2412,False,False
1778936319.14571,management,beacon,d8:d7:75:45:81:24,ff:ff:ff:ff:ff:ff,ff:ff:ff:ff:ff:ff,d8:d7:75:45:81:24,d8:d7:75:45:81:24,FunBox2-8124,-52,1,2412,False,False
1778936319.1470675,data,null_data,50:02:91:e8:18:ec,d8:d7:75:45:81:24,d8:d7:75:45:81:24,50:02:91:e8:18:ec,d8:d7:75:45:81:24,,-83,1,2412,False,False
1778936319.147071,data,null_data,50:02:91:e8:18:ec,d8:d7:75:45:81:24,d8:d7:75:45:81:24,50:02:91:e8:18:ec,d8:d7:75:45:81:24,,-84,1,2412,False,True
1778936319.1470716,control,ack,,50:02:91:e8:18:ec,50:02:91:e8:18:ec,,,,-52,1,2412,False,False
1778936319.3879223,data,null_data,50:02:91:e8:18:ec,d8:d7:75:45:81:24,d8:d7:75:45:81:24,50:02:91:e8:18:ec,d8:d7:75:45:81:24,,-84,1,2412,False,False
1778936319.3879316,control,ack,,50:02:91:e8:18:ec,50:02:91:e8:18:ec,,,,-52,1,2412,False,False
1778936319.453391,management,beacon,d8:d7:75:45:81:24,ff:ff:ff:ff:ff:ff,ff:ff:ff:ff:ff:ff,d8:d7:75:45:81:24,d8:d7:75:45:81:24,FunBox2-8124,-43,1,2412,False,False
1778936319.658106,management,beacon,d8:d7:75:45:81:24,ff:ff:ff:ff:ff:ff,ff:ff:ff:ff:ff:ff,d8:d7:75:45:81:24,d8:d7:75:45:81:24,FunBox2-8124,-53,1,2412,False,False
1778936319.680013,data,qos_null,aa:23:4f:4d:00:cf,74:ea:3a:a1:53:a6,74:ea:3a:a1:53:a6,aa:23:4f:4d:00:cf,74:ea:3a:a1:53:a6,,-90,1,2412,False,False
1778936319.6961877,data,qos_null,aa:23:4f:4d:00:cf,74:ea:3a:a1:53:a6,74:ea:3a:a1:53:a6,aa:23:4f:4d:00:cf,74:ea:3a:a1:53:a6,,-90,1,2412,False,False
1778936319.7128503,data,qos_null,aa:23:4f:4d:00:cf,74:ea:3a:a1:53:a6,74:ea:3a:a1:53:a6,aa:23:4f:4d:00:cf,74:ea:3a:a1:53:a6,,-91,1,2412,False,False
1778936319.7614458,management,beacon,d8:d7:75:45:81:24,ff:ff:ff:ff:ff:ff,ff:ff:ff:ff:ff:ff,d8:d7:75:45:81:24,d8:d7:75:45:81:24,FunBox2-8124,-53,1,2412,False,False
1778936319.7642682,data,qos_null,aa:23:4f:4d:00:cf,74:ea:3a:a1:53:a6,74:ea:3a:a1:53:a6,aa:23:4f:4d:00:cf,74:ea:3a:a1:53:a6,,-90,1,2412,False,False
1778936319.964903,management,beacon,d8:d7:75:45:81:24,ff:ff:ff:ff:ff:ff,ff:ff:ff:ff:ff:ff,d8:d7:75:45:81:24,d8:d7:75:45:81:24,FunBox2-8124,-52,1,2412,False,False
1778936320.00071,control,rts,ac:84:c6:41:71:22,ce:d0:54:70:b1:b3,ce:d0:54:70:b1:b3,ac:84:c6:41:71:22,,,-90,1,2412,False,False
1778936320.0016277,control,rts,ac:84:c6:41:71:22,ce:d0:54:70:b1:b3,ce:d0:54:70:b1:b3,ac:84:c6:41:71:22,,,-89,1,2412,False,False
1778936320.002055,control,rts,ac:84:c6:41:71:22,ce:d0:54:70:b1:b3,ce:d0:54:70:b1:b3,ac:84:c6:41:71:22,,,-89,1,2412,False,False
1778936320.0034626,control,rts,ac:84:c6:41:71:22,ce:d0:54:70:b1:b3,ce:d0:54:70:b1:b3,ac:84:c6:41:71:22,,,-90,1,2412,False,False
1778936320.0054257,control,rts,ac:84:c6:41:71:22,ce:d0:54:70:b1:b3,ce:d0:54:70:b1:b3,ac:84:c6:41:71:22,,,-89,1,2412,False,False
1778936320.082248,management,beacon,d8:d7:75:45:81:24,ff:ff:ff:ff:ff:ff,ff:ff:ff:ff:ff:ff,d8:d7:75:45:81:24,d8:d7:75:45:81:24,FunBox2-8124,-50,1,2412,False,False
1778936320.1110451,data,qos_data,ac:84:c6:41:71:22,ce:d0:54:70:b1:b3,ce:d0:54:70:b1:b3,ac:84:c6:41:71:22,ac:84:c6:41:71:22,,-88,1,2412,True,False
1778936320.171378,management,beacon,d8:d7:75:45:81:24,ff:ff:ff:ff:ff:ff,ff:ff:ff:ff:ff:ff,d8:d7:75:45:81:24,d8:d7:75:45:81:24,FunBox2-8124,-51,1,2412,False,False
1778936320.2334135,control,rts,ac:84:c6:41:71:22,ce:d0:54:70:b1:b3,ce:d0:54:70:b1:b3,ac:84:c6:41:71:22,,,-88,1,2412,False,False
1778936320.2370296,control,rts,ac:84:c6:41:71:22,ce:d0:54:70:b1:b3,ce:d0:54:70:b1:b3,ac:84:c6:41:71:22,,,-88,1,2412,False,False
1778936320.2389822,control,rts,ac:84:c6:41:71:22,ce:d0:54:70:b1:b3,ce:d0:54:70:b1:b3,ac:84:c6:41:71:22,,,-89,1,2412,False,False
1778936320.3209708,control,rts,ac:84:c6:41:71:22,ce:d0:54:70:b1:b3,ce:d0:54:70:b1:b3,ac:84:c6:41:71:22,,,-89,1,2412,False,False
1778936320.3234513,control,rts,ac:84:c6:41:71:22,ce:d0:54:70:b1:b3,ce:d0:54:70:b1:b3,ac:84:c6:41:71:22,,,-89,1,2412,False,False
1778936320.3847392,management,beacon,d8:d7:75:45:81:24,ff:ff:ff:ff:ff:ff,ff:ff:ff:ff:ff:ff,d8:d7:75:45:81:24,d8:d7:75:45:81:24,FunBox2-8124,-48,1,2412,False,False
1778936320.3980267,control,rts,ac:84:c6:41:71:22,ce:d0:54:70:b1:b3,ce:d0:54:70:b1:b3,ac:84:c6:41:71:22,,,-91,1,2412,False,False
1778936320.4846375,data,null_data,50:02:91:e8:18:ec,d8:d7:75:45:81:24,d8:d7:75:45:81:24,50:02:91:e8:18:ec,d8:d7:75:45:81:24,,-87,1,2412,False,True
1778936320.4849553,control,ack,,50:02:91:e8:18:ec,50:02:91:e8:18:ec,,,,-51,1,2412,False,False
1778936320.5001142,control,rts,ac:84:c6:41:71:22,ce:d0:54:70:b1:b3,ce:d0:54:70:b1:b3,ac:84:c6:41:71:22,,,-89,1,2412,False,False
1778936320.597026,control,rts,ac:84:c6:41:71:22,ce:d0:54:70:b1:b3,ce:d0:54:70:b1:b3,ac:84:c6:41:71:22,,,-93,1,2412,False,False
1778936320.6134396,control,rts,ac:84:c6:41:71:22,ce:d0:54:70:b1:b3,ce:d0:54:70:b1:b3,ac:84:c6:41:71:22,,,-92,1,2412,False,False
1778936320.6240256,control,rts,ac:84:c6:41:71:22,ce:d0:54:70:b1:b3,ce:d0:54:70:b1:b3,ac:84:c6:41:71:22,,,-88,1,2412,False,False
1778936320.6356988,control,rts,ac:84:c6:41:71:22,ce:d0:54:70:b1:b3,ce:d0:54:70:b1:b3,ac:84:c6:41:71:22,,,-91,1,2412,False,False
1778936320.636898,control,rts,ac:84:c6:41:71:22,ce:d0:54:70:b1:b3,ce:d0:54:70:b1:b3,ac:84:c6:41:71:22,,,-88,1,2412,False,False
1778936320.639159,control,rts,ac:84:c6:41:71:22,ce:d0:54:70:b1:b3,ce:d0:54:70:b1:b3,ac:84:c6:41:71:22,,,-93,1,2412,False,False
1778936320.6448956,control,rts,ac:84:c6:41:71:22,ce:d0:54:70:b1:b3,ce:d0:54:70:b1:b3,ac:84:c6:41:71:22,,,-91,1,2412,False,False
1778936320.6508036,control,rts,ac:84:c6:41:71:22,ce:d0:54:70:b1:b3,ce:d0:54:70:b1:b3,ac:84:c6:41:71:22,,,-89,1,2412,False,False
1778936320.6550145,control,rts,ac:84:c6:41:71:22,ce:d0:54:70:b1:b3,ce:d0:54:70:b1:b3,ac:84:c6:41:71:22,,,-90,1,2412,False,False
1778936320.6830118,management,beacon,d8:d7:75:45:81:24,ff:ff:ff:ff:ff:ff,ff:ff:ff:ff:ff:ff,d8:d7:75:45:81:24,d8:d7:75:45:81:24,FunBox2-8124,-52,1,2412,False,False
1778936320.6951413,control,rts,ac:84:c6:41:71:22,ce:d0:54:70:b1:b3,ce:d0:54:70:b1:b3,ac:84:c6:41:71:22,,,-90,1,2412,False,False
1778936320.6984618,control,rts,ac:84:c6:41:71:22,ce:d0:54:70:b1:b3,ce:d0:54:70:b1:b3,ac:84:c6:41:71:22,,,-92,1,2412,False,False
1778936320.698893,control,rts,ac:84:c6:41:71:22,ce:d0:54:70:b1:b3,ce:d0:54:70:b1:b3,ac:84:c6:41:71:22,,,-93,1,2412,False,False
1778936320.7132468,control,rts,ac:84:c6:41:71:22,ce:d0:54:70:b1:b3,ce:d0:54:70:b1:b3,ac:84:c6:41:71:22,,,-91,1,2412,False,False
1778936320.7191498,control,rts,ac:84:c6:41:71:22,ce:d0:54:70:b1:b3,ce:d0:54:70:b1:b3,ac:84:c6:41:71:22,,,-95,1,2412,False,False
1778936320.7196796,control,rts,ac:84:c6:41:71:22,ce:d0:54:70:b1:b3,ce:d0:54:70:b1:b3,ac:84:c6:41:71:22,,,-88,1,2412,False,False
1778936320.7205622,control,rts,ac:84:c6:41:71:22,ce:d0:54:70:b1:b3,ce:d0:54:70:b1:b3,ac:84:c6:41:71:22,,,-89,1,2412,False,False
1778936320.7243311,control,rts,ac:84:c6:41:71:22,ce:d0:54:70:b1:b3,ce:d0:54:70:b1:b3,ac:84:c6:41:71:22,,,-90,1,2412,False,False
1778936320.726477,data,null_data,50:02:91:e8:18:ec,d8:d7:75:45:81:24,d8:d7:75:45:81:24,50:02:91:e8:18:ec,d8:d7:75:45:81:24,,-86,1,2412,False,True
1778936320.727335,data,null_data,50:02:91:e8:18:ec,d8:d7:75:45:81:24,d8:d7:75:45:81:24,50:02:91:e8:18:ec,d8:d7:75:45:81:24,,-84,1,2412,False,True
1778936320.7273412,control,ack,,50:02:91:e8:18:ec,50:02:91:e8:18:ec,,,,-52,1,2412,False,False
1778936320.7287738,control,rts,ac:84:c6:41:71:22,ce:d0:54:70:b1:b3,ce:d0:54:70:b1:b3,ac:84:c6:41:71:22,,,-91,1,2412,False,False
1778936320.7338326,control,rts,ac:84:c6:41:71:22,ce:d0:54:70:b1:b3,ce:d0:54:70:b1:b3,ac:84:c6:41:71:22,,,-91,1,2412,False,False
1778936320.7397738,control,rts,ac:84:c6:41:71:22,ce:d0:54:70:b1:b3,ce:d0:54:70:b1:b3,ac:84:c6:41:71:22,,,-95,1,2412,False,False
1778936320.7446747,control,rts,ac:84:c6:41:71:22,ce:d0:54:70:b1:b3,ce:d0:54:70:b1:b3,ac:84:c6:41:71:22,,,-89,1,2412,False,False
1778936320.745648,control,rts,ac:84:c6:41:71:22,ce:d0:54:70:b1:b3,ce:d0:54:70:b1:b3,ac:84:c6:41:71:22,,,-90,1,2412,False,False
1778936320.7475708,control,rts,ac:84:c6:41:71:22,ce:d0:54:70:b1:b3,ce:d0:54:70:b1:b3,ac:84:c6:41:71:22,,,-92,1,2412,False,False
1778936320.7943861,management,beacon,d8:d7:75:45:81:24,ff:ff:ff:ff:ff:ff,ff:ff:ff:ff:ff:ff,d8:d7:75:45:81:24,d8:d7:75:45:81:24,FunBox2-8124,-51,1,2412,False,False
1778936320.8489244,control,rts,ac:84:c6:41:71:22,ce:d0:54:70:b1:b3,ce:d0:54:70:b1:b3,ac:84:c6:41:71:22,,,-93,1,2412,False,False
1778936320.905133,management,beacon,d8:d7:75:45:81:24,ff:ff:ff:ff:ff:ff,ff:ff:ff:ff:ff:ff,d8:d7:75:45:81:24,d8:d7:75:45:81:24,FunBox2-8124,-52,1,2412,False,False
1778936321.002976,management,beacon,d8:d7:75:45:81:24,ff:ff:ff:ff:ff:ff,ff:ff:ff:ff:ff:ff,d8:d7:75:45:81:24,d8:d7:75:45:81:24,FunBox2-8124,-52,1,2412,False,False
1778936321.0056624,control,rts,ac:84:c6:41:71:22,ce:d0:54:70:b1:b3,ce:d0:54:70:b1:b3,ac:84:c6:41:71:22,,,-88,1,2412,False,False
1778936321.014699,control,rts,ac:84:c6:41:71:22,ce:d0:54:70:b1:b3,ce:d0:54:70:b1:b3,ac:84:c6:41:71:22,,,-87,1,2412,False,False
1778936321.0151339,control,rts,ac:84:c6:41:71:22,ce:d0:54:70:b1:b3,ce:d0:54:70:b1:b3,ac:84:c6:41:71:22,,,-88,1,2412,False,False
1778936321.0163279,control,rts,ac:84:c6:41:71:22,ce:d0:54:70:b1:b3,ce:d0:54:70:b1:b3,ac:84:c6:41:71:22,,,-89,1,2412,False,False
1778936321.0242834,control,rts,ac:84:c6:41:71:22,ce:d0:54:70:b1:b3,ce:d0:54:70:b1:b3,ac:84:c6:41:71:22,,,-89,1,2412,False,False
1778936321.0312095,control,rts,ac:84:c6:41:71:22,ce:d0:54:70:b1:b3,ce:d0:54:70:b1:b3,ac:84:c6:41:71:22,,,-88,1,2412,False,False
1778936321.036755,control,rts,ac:84:c6:41:71:22,ce:d0:54:70:b1:b3,ce:d0:54:70:b1:b3,ac:84:c6:41:71:22,,,-86,1,2412,False,False
1778936321.0382748,control,rts,ac:84:c6:41:71:22,ce:d0:54:70:b1:b3,ce:d0:54:70:b1:b3,ac:84:c6:41:71:22,,,-87,1,2412,False,False
1778936321.0580323,control,rts,ac:84:c6:41:71:22,ce:d0:54:70:b1:b3,ce:d0:54:70:b1:b3,ac:84:c6:41:71:22,,,-86,1,2412,False,False
1778936321.0637531,control,rts,ac:84:c6:41:71:22,ce:d0:54:70:b1:b3,ce:d0:54:70:b1:b3,ac:84:c6:41:71:22,,,-86,1,2412,False,False
1778936321.0645323,control,rts,ac:84:c6:41:71:22,ce:d0:54:70:b1:b3,ce:d0:54:70:b1:b3,ac:84:c6:41:71:22,,,-87,1,2412,False,False
1778936321.0682802,control,rts,ac:84:c6:41:71:22,ce:d0:54:70:b1:b3,ce:d0:54:70:b1:b3,ac:84:c6:41:71:22,,,-88,1,2412,False,False
1778936321.072017,control,rts,ac:84:c6:41:71:22,ce:d0:54:70:b1:b3,ce:d0:54:70:b1:b3,ac:84:c6:41:71:22,,,-87,1,2412,False,False
1778936321.0739212,control,rts,ac:84:c6:41:71:22,ce:d0:54:70:b1:b3,ce:d0:54:70:b1:b3,ac:84:c6:41:71:22,,,-87,1,2412,False,False
1778936321.0753863,control,rts,ac:84:c6:41:71:22,ce:d0:54:70:b1:b3,ce:d0:54:70:b1:b3,ac:84:c6:41:71:22,,,-86,1,2412,False,False
1778936321.0767426,control,rts,ac:84:c6:41:71:22,ce:d0:54:70:b1:b3,ce:d0:54:70:b1:b3,ac:84:c6:41:71:22,,,-85,1,2412,False,False
1778936321.0787768,control,rts,ac:84:c6:41:71:22,ce:d0:54:70:b1:b3,ce:d0:54:70:b1:b3,ac:84:c6:41:71:22,,,-87,1,2412,False,False
1778936321.0795562,control,rts,ac:84:c6:41:71:22,ce:d0:54:70:b1:b3,ce:d0:54:70:b1:b3,ac:84:c6:41:71:22,,,-85,1,2412,False,False
1778936321.0939732,management,beacon,d8:d7:75:45:81:24,ff:ff:ff:ff:ff:ff,ff:ff:ff:ff:ff:ff,d8:d7:75:45:81:24,d8:d7:75:45:81:24,FunBox2-8124,-52,1,2412,False,False
1778936321.1087482,control,rts,ac:84:c6:41:71:22,ce:d0:54:70:b1:b3,ce:d0:54:70:b1:b3,ac:84:c6:41:71:22,,,-85,1,2412,False,False
1778936321.1991112,management,beacon,d8:d7:75:45:81:24,ff:ff:ff:ff:ff:ff,ff:ff:ff:ff:ff:ff,d8:d7:75:45:81:24,d8:d7:75:45:81:24,FunBox2-8124,-52,1,2412,False,False
1778936321.306999,management,beacon,d8:d7:75:45:81:24,ff:ff:ff:ff:ff:ff,ff:ff:ff:ff:ff:ff,d8:d7:75:45:81:24,d8:d7:75:45:81:24,FunBox2-8124,-52,1,2412,False,False
1778936321.3536584,control,rts,ac:84:c6:41:71:22,ce:d0:54:70:b1:b3,ce:d0:54:70:b1:b3,ac:84:c6:41:71:22,,,-93,1,2412,False,False
1778936321.3545444,control,rts,ac:84:c6:41:71:22,ce:d0:54:70:b1:b3,ce:d0:54:70:b1:b3,ac:84:c6:41:71:22,,,-93,1,2412,False,False
1778936321.3561523,control,rts,ac:84:c6:41:71:22,ce:d0:54:70:b1:b3,ce:d0:54:70:b1:b3,ac:84:c6:41:71:22,,,-89,1,2412,False,False
1778936321.5053546,management,beacon,d8:d7:75:45:81:24,ff:ff:ff:ff:ff:ff,ff:ff:ff:ff:ff:ff,d8:d7:75:45:81:24,d8:d7:75:45:81:24,FunBox2-8124,-53,1,2412,False,False
1778936321.5058646,control,rts,ac:84:c6:41:71:22,ce:d0:54:70:b1:b3,ce:d0:54:70:b1:b3,ac:84:c6:41:71:22,,,-90,1,2412,False,False
1778936321.549429,control,rts,ac:84:c6:41:71:22,ce:d0:54:70:b1:b3,ce:d0:54:70:b1:b3,ac:84:c6:41:71:22,,,-90,1,2412,False,False
1778936321.5876555,control,rts,ac:84:c6:41:71:22,ce:d0:54:70:b1:b3,ce:d0:54:70:b1:b3,ac:84:c6:41:71:22,,,-87,1,2412,False,False
1778936321.603973,management,beacon,d8:d7:75:45:81:24,ff:ff:ff:ff:ff:ff,ff:ff:ff:ff:ff:ff,d8:d7:75:45:81:24,d8:d7:75:45:81:24,FunBox2-8124,-52,1,2412,False,False
1778936321.6071951,control,rts,ac:84:c6:41:71:22,ce:d0:54:70:b1:b3,ce:d0:54:70:b1:b3,ac:84:c6:41:71:22,,,-89,1,2412,False,False
1778936321.6184466,control,rts,ac:84:c6:41:71:22,ce:d0:54:70:b1:b3,ce:d0:54:70:b1:b3,ac:84:c6:41:71:22,,,-89,1,2412,False,False
1778936321.6204205,control,rts,ac:84:c6:41:71:22,ce:d0:54:70:b1:b3,ce:d0:54:70:b1:b3,ac:84:c6:41:71:22,,,-86,1,2412,False,False
1778936321.6213965,control,rts,ac:84:c6:41:71:22,ce:d0:54:70:b1:b3,ce:d0:54:70:b1:b3,ac:84:c6:41:71:22,,,-88,1,2412,False,False
1778936321.6244779,control,rts,ac:84:c6:41:71:22,ce:d0:54:70:b1:b3,ce:d0:54:70:b1:b3,ac:84:c6:41:71:22,,,-87,1,2412,False,False
1778936321.660418,control,rts,ac:84:c6:41:71:22,ce:d0:54:70:b1:b3,ce:d0:54:70:b1:b3,ac:84:c6:41:71:22,,,-89,1,2412,False,False
1778936321.667715,control,rts,ac:84:c6:41:71:22,ce:d0:54:70:b1:b3,ce:d0:54:70:b1:b3,ac:84:c6:41:71:22,,,-89,1,2412,False,False
1778936321.673805,control,rts,ac:84:c6:41:71:22,ce:d0:54:70:b1:b3,ce:d0:54:70:b1:b3,ac:84:c6:41:71:22,,,-89,1,2412,False,False
1778936321.6748066,control,rts,ac:84:c6:41:71:22,ce:d0:54:70:b1:b3,ce:d0:54:70:b1:b3,ac:84:c6:41:71:22,,,-88,1,2412,False,False
1778936321.6763287,control,rts,ac:84:c6:41:71:22,ce:d0:54:70:b1:b3,ce:d0:54:70:b1:b3,ac:84:c6:41:71:22,,,-88,1,2412,False,False
1778936321.6927507,control,rts,ac:84:c6:41:71:22,ce:d0:54:70:b1:b3,ce:d0:54:70:b1:b3,ac:84:c6:41:71:22,,,-89,1,2412,False,False
1778936321.7026134,control,rts,ac:84:c6:41:71:22,ce:d0:54:70:b1:b3,ce:d0:54:70:b1:b3,ac:84:c6:41:71:22,,,-89,1,2412,False,False
1778936321.7082036,management,beacon,d8:d7:75:45:81:24,ff:ff:ff:ff:ff:ff,ff:ff:ff:ff:ff:ff,d8:d7:75:45:81:24,d8:d7:75:45:81:24,FunBox2-8124,-51,1,2412,False,False
1778936321.7289572,control,rts,ac:84:c6:41:71:22,ce:d0:54:70:b1:b3,ce:d0:54:70:b1:b3,ac:84:c6:41:71:22,,,-89,1,2412,False,False
1778936321.735823,control,rts,ac:84:c6:41:71:22,ce:d0:54:70:b1:b3,ce:d0:54:70:b1:b3,ac:84:c6:41:71:22,,,-91,1,2412,False,False
1778936321.7416973,control,rts,ac:84:c6:41:71:22,ce:d0:54:70:b1:b3,ce:d0:54:70:b1:b3,ac:84:c6:41:71:22,,,-87,1,2412,False,False
1778936321.7784462,control,rts,ac:84:c6:41:71:22,ce:d0:54:70:b1:b3,ce:d0:54:70:b1:b3,ac:84:c6:41:71:22,,,-93,1,2412,False,False
1778936321.7819903,data,qos_data,ac:84:c6:41:71:22,ce:d0:54:70:b1:b3,ce:d0:54:70:b1:b3,ac:84:c6:41:71:22,ac:84:c6:41:71:22,,-91,1,2412,True,False
1778936321.795999,control,rts,ac:84:c6:41:71:22,ce:d0:54:70:b1:b3,ce:d0:54:70:b1:b3,ac:84:c6:41:71:22,,,-90,1,2412,False,False
1778936321.8059733,control,rts,ac:84:c6:41:71:22,ce:d0:54:70:b1:b3,ce:d0:54:70:b1:b3,ac:84:c6:41:71:22,,,-89,1,2412,False,False
1778936321.8215535,management,beacon,d8:d7:75:45:81:24,ff:ff:ff:ff:ff:ff,ff:ff:ff:ff:ff:ff,d8:d7:75:45:81:24,d8:d7:75:45:81:24,FunBox2-8124,-54,1,2412,False,False
1778936321.866596,control,rts,ac:84:c6:41:71:22,ce:d0:54:70:b1:b3,ce:d0:54:70:b1:b3,ac:84:c6:41:71:22,,,-87,1,2412,False,False
1778936321.9106042,management,beacon,d8:d7:75:45:81:24,ff:ff:ff:ff:ff:ff,ff:ff:ff:ff:ff:ff,d8:d7:75:45:81:24,d8:d7:75:45:81:24,FunBox2-8124,-52,1,2412,False,False
1778936321.9118803,data,null_data,50:02:91:e8:18:ec,d8:d7:75:45:81:24,d8:d7:75:45:81:24,50:02:91:e8:18:ec,d8:d7:75:45:81:24,,-85,1,2412,False,False
1778936321.9118834,data,null_data,50:02:91:e8:18:ec,d8:d7:75:45:81:24,d8:d7:75:45:81:24,50:02:91:e8:18:ec,d8:d7:75:45:81:24,,-83,1,2412,False,True
1778936321.9122512,data,null_data,50:02:91:e8:18:ec,d8:d7:75:45:81:24,d8:d7:75:45:81:24,50:02:91:e8:18:ec,d8:d7:75:45:81:24,,-86,1,2412,False,True
1778936321.9125748,data,null_data,50:02:91:e8:18:ec,d8:d7:75:45:81:24,d8:d7:75:45:81:24,50:02:91:e8:18:ec,d8:d7:75:45:81:24,,-85,1,2412,False,True
1778936321.9130993,data,null_data,50:02:91:e8:18:ec,d8:d7:75:45:81:24,d8:d7:75:45:81:24,50:02:91:e8:18:ec,d8:d7:75:45:81:24,,-86,1,2412,False,True
1778936321.9136803,data,null_data,50:02:91:e8:18:ec,d8:d7:75:45:81:24,d8:d7:75:45:81:24,50:02:91:e8:18:ec,d8:d7:75:45:81:24,,-85,1,2412,False,True
1778936321.913986,control,ack,,50:02:91:e8:18:ec,50:02:91:e8:18:ec,,,,-54,1,2412,False,False
1778936322.014346,management,beacon,d8:d7:75:45:81:24,ff:ff:ff:ff:ff:ff,ff:ff:ff:ff:ff:ff,d8:d7:75:45:81:24,d8:d7:75:45:81:24,FunBox2-8124,-52,1,2412,False,False
1778936322.1154168,management,beacon,d8:d7:75:45:81:24,ff:ff:ff:ff:ff:ff,ff:ff:ff:ff:ff:ff,d8:d7:75:45:81:24,d8:d7:75:45:81:24,FunBox2-8124,-53,1,2412,False,False
1778936322.1550286,data,null_data,50:02:91:e8:18:ec,d8:d7:75:45:81:24,d8:d7:75:45:81:24,50:02:91:e8:18:ec,d8:d7:75:45:81:24,,-83,1,2412,False,False
1778936322.1550405,control,ack,,50:02:91:e8:18:ec,50:02:91:e8:18:ec,,,,-52,1,2412,False,False
1778936322.217784,management,beacon,d8:d7:75:45:81:24,ff:ff:ff:ff:ff:ff,ff:ff:ff:ff:ff:ff,d8:d7:75:45:81:24,d8:d7:75:45:81:24,FunBox2-8124,-51,1,2412,False,False
1778936322.3216023,management,beacon,d8:d7:75:45:81:24,ff:ff:ff:ff:ff:ff,ff:ff:ff:ff:ff:ff,d8:d7:75:45:81:24,d8:d7:75:45:81:24,FunBox2-8124,-54,1,2412,False,False
1778936322.4225838,management,beacon,d8:d7:75:45:81:24,ff:ff:ff:ff:ff:ff,ff:ff:ff:ff:ff:ff,d8:d7:75:45:81:24,d8:d7:75:45:81:24,FunBox2-8124,-53,1,2412,False,False
1778936322.5250363,management,beacon,d8:d7:75:45:81:24,ff:ff:ff:ff:ff:ff,ff:ff:ff:ff:ff:ff,d8:d7:75:45:81:24,d8:d7:75:45:81:24,FunBox2-8124,-51,1,2412,False,False
1778936322.6287916,management,beacon,d8:d7:75:45:81:24,ff:ff:ff:ff:ff:ff,ff:ff:ff:ff:ff:ff,d8:d7:75:45:81:24,d8:d7:75:45:81:24,FunBox2-8124,-52,1,2412,False,False
1778936322.9347036,management,beacon,d8:d7:75:45:81:24,ff:ff:ff:ff:ff:ff,ff:ff:ff:ff:ff:ff,d8:d7:75:45:81:24,d8:d7:75:45:81:24,FunBox2-8124,-53,1,2412,False,False
1778936323.0370212,management,beacon,d8:d7:75:45:81:24,ff:ff:ff:ff:ff:ff,ff:ff:ff:ff:ff:ff,d8:d7:75:45:81:24,d8:d7:75:45:81:24,FunBox2-8124,-52,1,2412,False,False
1778936323.1419933,management,beacon,d8:d7:75:45:81:24,ff:ff:ff:ff:ff:ff,ff:ff:ff:ff:ff:ff,d8:d7:75:45:81:24,d8:d7:75:45:81:24,FunBox2-8124,-45,1,2412,False,False
1778936323.1432366,data,null_data,50:02:91:e8:18:ec,d8:d7:75:45:81:24,d8:d7:75:45:81:24,50:02:91:e8:18:ec,d8:d7:75:45:81:24,,-84,1,2412,False,False
1778936323.1432421,control,ack,,50:02:91:e8:18:ec,50:02:91:e8:18:ec,,,,-47,1,2412,False,False
1778936323.2432535,management,beacon,d8:d7:75:45:81:24,ff:ff:ff:ff:ff:ff,ff:ff:ff:ff:ff:ff,d8:d7:75:45:81:24,d8:d7:75:45:81:24,FunBox2-8124,-52,1,2412,False,False
1778936323.3442361,management,beacon,d8:d7:75:45:81:24,ff:ff:ff:ff:ff:ff,ff:ff:ff:ff:ff:ff,d8:d7:75:45:81:24,d8:d7:75:45:81:24,FunBox2-8124,-51,1,2412,False,False
1778936323.3846803,data,null_data,50:02:91:e8:18:ec,d8:d7:75:45:81:24,d8:d7:75:45:81:24,50:02:91:e8:18:ec,d8:d7:75:45:81:24,,-83,1,2412,False,False
1778936323.3846905,control,ack,,50:02:91:e8:18:ec,50:02:91:e8:18:ec,,,,-52,1,2412,False,False
1778936323.4466784,management,beacon,d8:d7:75:45:81:24,ff:ff:ff:ff:ff:ff,ff:ff:ff:ff:ff:ff,d8:d7:75:45:81:24,d8:d7:75:45:81:24,FunBox2-8124,-42,1,2412,False,False
1778936323.5242238,management,probe_response,d8:d7:75:45:81:24,9a:35:96:42:18:61,9a:35:96:42:18:61,d8:d7:75:45:81:24,d8:d7:75:45:81:24,FunBox2-8124,-53,1,2412,False,False
1778936323.5245137,control,ack,,d8:d7:75:45:81:24,d8:d7:75:45:81:24,,,,-88,1,2412,False,False
1778936323.5247371,control,ack,,8a:f4:af:eb:f3:fb,8a:f4:af:eb:f3:fb,,,,-45,1,2412,False,False
1778936323.534851,control,ack,,d8:d7:75:45:81:24,d8:d7:75:45:81:24,,,,-88,1,2412,False,False
1778936323.5517995,management,beacon,d8:d7:75:45:81:24,ff:ff:ff:ff:ff:ff,ff:ff:ff:ff:ff:ff,d8:d7:75:45:81:24,d8:d7:75:45:81:24,FunBox2-8124,-46,1,2412,False,False
1778936323.5518138,control,ack,,8a:f4:af:eb:f3:fb,8a:f4:af:eb:f3:fb,,,,-46,1,2412,False,False
1778936323.6520152,management,beacon,d8:d7:75:45:81:24,ff:ff:ff:ff:ff:ff,ff:ff:ff:ff:ff:ff,d8:d7:75:45:81:24,d8:d7:75:45:81:24,FunBox2-8124,-52,1,2412,False,False
1778936323.7564752,management,beacon,d8:d7:75:45:81:24,ff:ff:ff:ff:ff:ff,ff:ff:ff:ff:ff:ff,d8:d7:75:45:81:24,d8:d7:75:45:81:24,FunBox2-8124,-43,1,2412,False,False
1778936323.8575928,management,beacon,d8:d7:75:45:81:24,ff:ff:ff:ff:ff:ff,ff:ff:ff:ff:ff:ff,d8:d7:75:45:81:24,d8:d7:75:45:81:24,FunBox2-8124,-42,1,2412,False,False
1778936324.0610754,management,beacon,d8:d7:75:45:81:24,ff:ff:ff:ff:ff:ff,ff:ff:ff:ff:ff:ff,d8:d7:75:45:81:24,d8:d7:75:45:81:24,FunBox2-8124,-53,1,2412,False,False
1778936324.163456,management,beacon,d8:d7:75:45:81:24,ff:ff:ff:ff:ff:ff,ff:ff:ff:ff:ff:ff,d8:d7:75:45:81:24,d8:d7:75:45:81:24,FunBox2-8124,-53,1,2412,False,False
1778936324.3682635,management,beacon,d8:d7:75:45:81:24,ff:ff:ff:ff:ff:ff,ff:ff:ff:ff:ff:ff,d8:d7:75:45:81:24,d8:d7:75:45:81:24,FunBox2-8124,-46,1,2412,False,False
1778936324.5280678,control,ack,,8a:f4:af:eb:f3:fb,8a:f4:af:eb:f3:fb,,,,-47,1,2412,False,False
1778936324.528076,control,rts,8a:f4:af:eb:f3:fb,d8:d7:75:45:81:24,d8:d7:75:45:81:24,8a:f4:af:eb:f3:fb,,,-83,1,2412,False,False
1778936324.5280771,control,cts,,8a:f4:af:eb:f3:fb,8a:f4:af:eb:f3:fb,,,,-47,1,2412,False,False
1778936324.5280778,control,block_ack,d8:d7:75:45:81:24,8a:f4:af:eb:f3:fb,8a:f4:af:eb:f3:fb,d8:d7:75:45:81:24,,,-45,1,2412,False,False
1778936324.5280788,control,cts,,8a:f4:af:eb:f3:fb,8a:f4:af:eb:f3:fb,,,,-46,1,2412,False,False
1778936324.528552,control,ack,,8a:f4:af:eb:f3:fb,8a:f4:af:eb:f3:fb,,,,-46,1,2412,False,False
1778936324.5285537,control,ack,,8a:f4:af:eb:f3:fb,8a:f4:af:eb:f3:fb,,,,-47,1,2412,False,False
1778936324.5285542,control,ack,,8a:f4:af:eb:f3:fb,8a:f4:af:eb:f3:fb,,,,-46,1,2412,False,False
1778936324.530942,control,rts,d8:d7:75:45:81:24,8a:f4:af:eb:f3:fb,8a:f4:af:eb:f3:fb,d8:d7:75:45:81:24,,,-46,1,2412,False,False
1778936324.5329459,control,rts,d8:d7:75:45:81:24,8a:f4:af:eb:f3:fb,8a:f4:af:eb:f3:fb,d8:d7:75:45:81:24,,,-45,1,2412,False,False
1778936324.5364375,data,qos_data,d8:d7:75:45:81:24,8a:f4:af:eb:f3:fb,8a:f4:af:eb:f3:fb,d8:d7:75:45:81:24,d8:d7:75:45:81:24,,-45,1,2412,True,True
1778936324.5367143,control,ack,,d8:d7:75:45:81:24,d8:d7:75:45:81:24,,,,-82,1,2412,False,False
1778936324.5372574,control,rts,d8:d7:75:45:81:24,8a:f4:af:eb:f3:fb,8a:f4:af:eb:f3:fb,d8:d7:75:45:81:24,,,-47,1,2412,False,False
1778936324.5372586,control,cts,,d8:d7:75:45:81:24,d8:d7:75:45:81:24,,,,-81,1,2412,False,False
1778936324.573069,management,beacon,d8:d7:75:45:81:24,ff:ff:ff:ff:ff:ff,ff:ff:ff:ff:ff:ff,d8:d7:75:45:81:24,d8:d7:75:45:81:24,FunBox2-8124,-51,1,2412,False,False
1778936324.5896258,control,ack,,8a:f4:af:eb:f3:fb,8a:f4:af:eb:f3:fb,,,,-52,1,2412,False,False
1778936324.5900435,control,ack,,8a:f4:af:eb:f3:fb,8a:f4:af:eb:f3:fb,,,,-46,1,2412,False,False
1778936324.652441,management,probe_request,8a:f4:af:eb:f3:fb,ff:ff:ff:ff:ff:ff,ff:ff:ff:ff:ff:ff,8a:f4:af:eb:f3:fb,ff:ff:ff:ff:ff:ff,FunBox2-8124,-85,1,2412,False,False
1778936324.65572,management,probe_response,d8:d7:75:45:81:24,8a:f4:af:eb:f3:fb,8a:f4:af:eb:f3:fb,d8:d7:75:45:81:24,d8:d7:75:45:81:24,FunBox2-8124,-42,1,2412,False,False
1778936324.6559982,control,ack,,d8:d7:75:45:81:24,d8:d7:75:45:81:24,,,,-86,1,2412,False,False
1778936324.6754613,management,beacon,d8:d7:75:45:81:24,ff:ff:ff:ff:ff:ff,ff:ff:ff:ff:ff:ff,d8:d7:75:45:81:24,d8:d7:75:45:81:24,FunBox2-8124,-52,1,2412,False,False
1778936324.676467,data,data,d8:d7:75:45:81:24,01:00:5e:00:00:02,01:00:5e:00:00:02,d8:d7:75:45:81:24,8a:f4:af:eb:f3:fb,,-51,1,2412,True,False
1778936324.676797,control,ack,,d8:d7:75:45:81:24,d8:d7:75:45:81:24,,,,-83,1,2412,False,False
1778936324.6771274,data,null_data,50:02:91:e8:18:ec,d8:d7:75:45:81:24,d8:d7:75:45:81:24,50:02:91:e8:18:ec,d8:d7:75:45:81:24,,-82,1,2412,False,False
1778936324.6771288,control,ack,,50:02:91:e8:18:ec,50:02:91:e8:18:ec,,,,-46,1,2412,False,False
1778936324.6775737,data,null_data,8a:f4:af:eb:f3:fb,d8:d7:75:45:81:24,d8:d7:75:45:81:24,8a:f4:af:eb:f3:fb,d8:d7:75:45:81:24,,-82,1,2412,False,False
1778936324.6778903,control,ack,,8a:f4:af:eb:f3:fb,8a:f4:af:eb:f3:fb,,,,-44,1,2412,False,False
1778936324.678815,data,null_data,50:02:91:e8:18:ec,d8:d7:75:45:81:24,d8:d7:75:45:81:24,50:02:91:e8:18:ec,d8:d7:75:45:81:24,,-84,1,2412,False,True
1778936324.6788177,control,ack,,50:02:91:e8:18:ec,50:02:91:e8:18:ec,,,,-44,1,2412,False,False
1778936324.6810958,control,ack,,d8:d7:75:45:81:24,d8:d7:75:45:81:24,,,,-84,1,2412,False,False
1778936324.682681,data,data,d8:d7:75:45:81:24,01:00:5e:00:00:fb,01:00:5e:00:00:fb,d8:d7:75:45:81:24,8a:f4:af:eb:f3:fb,,-42,1,2412,True,False
1778936324.6829948,control,ack,,d8:d7:75:45:81:24,d8:d7:75:45:81:24,,,,-85,1,2412,False,False
1778936324.684642,data,data,d8:d7:75:45:81:24,33:33:00:00:00:fb,33:33:00:00:00:fb,d8:d7:75:45:81:24,8a:f4:af:eb:f3:fb,,-42,1,2412,True,False
1778936324.7077951,management,probe_request,8a:f4:af:eb:f3:fb,ff:ff:ff:ff:ff:ff,ff:ff:ff:ff:ff:ff,8a:f4:af:eb:f3:fb,ff:ff:ff:ff:ff:ff,FunBox2-8124,-85,1,2412,False,False
1778936324.708094,control,ack,,8a:f4:af:eb:f3:fb,8a:f4:af:eb:f3:fb,,,,-86,1,2412,False,False
1778936324.7186537,management,probe_response,d8:d7:75:45:81:24,8a:f4:af:eb:f3:fb,8a:f4:af:eb:f3:fb,d8:d7:75:45:81:24,d8:d7:75:45:81:24,FunBox2-8124,-44,1,2412,False,True
1778936324.722312,management,probe_response,d8:d7:75:45:81:24,8a:f4:af:eb:f3:fb,8a:f4:af:eb:f3:fb,d8:d7:75:45:81:24,d8:d7:75:45:81:24,FunBox2-8124,-44,1,2412,False,True
1778936324.7267697,management,probe_response,d8:d7:75:45:81:24,8a:f4:af:eb:f3:fb,8a:f4:af:eb:f3:fb,d8:d7:75:45:81:24,d8:d7:75:45:81:24,FunBox2-8124,-47,1,2412,False,True
1778936324.779264,management,beacon,d8:d7:75:45:81:24,ff:ff:ff:ff:ff:ff,ff:ff:ff:ff:ff:ff,d8:d7:75:45:81:24,d8:d7:75:45:81:24,FunBox2-8124,-52,1,2412,False,False
1778936324.8053756,control,ack,,8a:f4:af:eb:f3:fb,8a:f4:af:eb:f3:fb,,,,-53,1,2412,False,False
1778936324.8837197,management,beacon,d8:d7:75:45:81:24,ff:ff:ff:ff:ff:ff,ff:ff:ff:ff:ff:ff,d8:d7:75:45:81:24,d8:d7:75:45:81:24,FunBox2-8124,-52,1,2412,False,False
1778936324.923919,data,null_data,50:02:91:e8:18:ec,d8:d7:75:45:81:24,d8:d7:75:45:81:24,50:02:91:e8:18:ec,d8:d7:75:45:81:24,,-83,1,2412,False,False
1778936324.9239278,control,ack,,50:02:91:e8:18:ec,50:02:91:e8:18:ec,,,,-53,1,2412,False,False
1778936324.9719634,management,beacon,ac:84:c6:41:71:22,ff:ff:ff:ff:ff:ff,ff:ff:ff:ff:ff:ff,ac:84:c6:41:71:22,ac:84:c6:41:71:22,TP-LINK_7122,-87,1,2412,False,False
1778936324.982715,management,beacon,d8:d7:75:45:81:24,ff:ff:ff:ff:ff:ff,ff:ff:ff:ff:ff:ff,d8:d7:75:45:81:24,d8:d7:75:45:81:24,FunBox2-8124,-51,1,2412,False,False
1778936325.087715,management,beacon,d8:d7:75:45:81:24,ff:ff:ff:ff:ff:ff,ff:ff:ff:ff:ff:ff,d8:d7:75:45:81:24,d8:d7:75:45:81:24,FunBox2-8124,-53,1,2412,False,False
1778936325.1875262,management,beacon,d8:d7:75:45:81:24,ff:ff:ff:ff:ff:ff,ff:ff:ff:ff:ff:ff,d8:d7:75:45:81:24,d8:d7:75:45:81:24,FunBox2-8124,-51,1,2412,False,False
1778936325.3936887,management,beacon,d8:d7:75:45:81:24,ff:ff:ff:ff:ff:ff,ff:ff:ff:ff:ff:ff,d8:d7:75:45:81:24,d8:d7:75:45:81:24,FunBox2-8124,-50,1,2412,False,False
1778936325.4802961,control,ack,,ce:d0:54:70:b1:b3,ce:d0:54:70:b1:b3,,,,-88,1,2412,False,False
1778936325.4947422,management,beacon,d8:d7:75:45:81:24,ff:ff:ff:ff:ff:ff,ff:ff:ff:ff:ff:ff,d8:d7:75:45:81:24,d8:d7:75:45:81:24,FunBox2-8124,-52,1,2412,False,False
1778936325.5051203,data,null_data,8a:f4:af:eb:f3:fb,d8:d7:75:45:81:24,d8:d7:75:45:81:24,8a:f4:af:eb:f3:fb,d8:d7:75:45:81:24,,-83,1,2412,False,False
1778936325.5051267,control,ack,,8a:f4:af:eb:f3:fb,8a:f4:af:eb:f3:fb,,,,-51,1,2412,False,False
1778936325.5054681,control,cts,,8a:f4:af:eb:f3:fb,8a:f4:af:eb:f3:fb,,,,-48,1,2412,False,False
1778936325.5054698,control,ack,,8a:f4:af:eb:f3:fb,8a:f4:af:eb:f3:fb,,,,-47,1,2412,False,False
1778936325.5061483,control,cts,,8a:f4:af:eb:f3:fb,8a:f4:af:eb:f3:fb,,,,-47,1,2412,False,False
1778936325.5064886,control,cts,,8a:f4:af:eb:f3:fb,8a:f4:af:eb:f3:fb,,,,-47,1,2412,False,False
1778936325.5070574,control,rts,8a:f4:af:eb:f3:fb,d8:d7:75:45:81:24,d8:d7:75:45:81:24,8a:f4:af:eb:f3:fb,,,-84,1,2412,False,False
1778936325.5070593,control,cts,,8a:f4:af:eb:f3:fb,8a:f4:af:eb:f3:fb,,,,-47,1,2412,False,False
1778936325.5070598,control,ack,,8a:f4:af:eb:f3:fb,8a:f4:af:eb:f3:fb,,,,-47,1,2412,False,False
1778936325.5146961,control,ack,,ce:d0:54:70:b1:b3,ce:d0:54:70:b1:b3,,,,-90,1,2412,False,False
1778936325.5496678,control,ack,,8a:f4:af:eb:f3:fb,8a:f4:af:eb:f3:fb,,,,-52,1,2412,False,False
1778936325.5501056,control,ack,,8a:f4:af:eb:f3:fb,8a:f4:af:eb:f3:fb,,,,-47,1,2412,False,False
1778936325.5675225,control,ack,,8a:f4:af:eb:f3:fb,8a:f4:af:eb:f3:fb,,,,-46,1,2412,False,False
1778936325.5971045,management,beacon,d8:d7:75:45:81:24,ff:ff:ff:ff:ff:ff,ff:ff:ff:ff:ff:ff,d8:d7:75:45:81:24,d8:d7:75:45:81:24,FunBox2-8124,-52,1,2412,False,False
1778936325.5986035,data,data,d8:d7:75:45:81:24,01:00:5e:00:00:fb,01:00:5e:00:00:fb,d8:d7:75:45:81:24,8a:f4:af:eb:f3:fb,,-52,1,2412,True,False
1778936325.59902,control,ack,,d8:d7:75:45:81:24,d8:d7:75:45:81:24,,,,-85,1,2412,False,False
1778936325.5990222,data,null_data,50:02:91:e8:18:ec,d8:d7:75:45:81:24,d8:d7:75:45:81:24,50:02:91:e8:18:ec,d8:d7:75:45:81:24,,-84,1,2412,False,False
1778936325.599252,data,null_data,50:02:91:e8:18:ec,d8:d7:75:45:81:24,d8:d7:75:45:81:24,50:02:91:e8:18:ec,d8:d7:75:45:81:24,,-85,1,2412,False,True
1778936325.599757,data,null_data,50:02:91:e8:18:ec,d8:d7:75:45:81:24,d8:d7:75:45:81:24,50:02:91:e8:18:ec,d8:d7:75:45:81:24,,-85,1,2412,False,True
1778936325.5997584,control,ack,,50:02:91:e8:18:ec,50:02:91:e8:18:ec,,,,-43,1,2412,False,False
1778936325.6027005,data,data,d8:d7:75:45:81:24,33:33:00:00:00:fb,33:33:00:00:00:fb,d8:d7:75:45:81:24,8a:f4:af:eb:f3:fb,,-44,1,2412,True,False
1778936325.6030018,control,ack,,d8:d7:75:45:81:24,d8:d7:75:45:81:24,,,,-86,1,2412,False,False
1778936325.7009594,management,beacon,d8:d7:75:45:81:24,ff:ff:ff:ff:ff:ff,ff:ff:ff:ff:ff:ff,d8:d7:75:45:81:24,d8:d7:75:45:81:24,FunBox2-8124,-51,1,2412,False,False
1778936325.843898,data,null_data,50:02:91:e8:18:ec,d8:d7:75:45:81:24,d8:d7:75:45:81:24,50:02:91:e8:18:ec,d8:d7:75:45:81:24,,-86,1,2412,False,False
1778936325.8439054,control,ack,,50:02:91:e8:18:ec,50:02:91:e8:18:ec,,,,-46,1,2412,False,False
1778936325.90434,management,beacon,d8:d7:75:45:81:24,ff:ff:ff:ff:ff:ff,ff:ff:ff:ff:ff:ff,d8:d7:75:45:81:24,d8:d7:75:45:81:24,FunBox2-8124,-51,1,2412,False,False
1778936326.1091435,management,beacon,d8:d7:75:45:81:24,ff:ff:ff:ff:ff:ff,ff:ff:ff:ff:ff:ff,d8:d7:75:45:81:24,d8:d7:75:45:81:24,FunBox2-8124,-53,1,2412,False,False
1778936326.2115805,management,beacon,d8:d7:75:45:81:24,ff:ff:ff:ff:ff:ff,ff:ff:ff:ff:ff:ff,d8:d7:75:45:81:24,d8:d7:75:45:81:24,FunBox2-8124,-51,1,2412,False,False
1778936326.3607895,control,ack,,8a:f4:af:eb:f3:fb,8a:f4:af:eb:f3:fb,,,,-52,1,2412,False,False
1778936326.3607981,control,cts,,8a:f4:af:eb:f3:fb,8a:f4:af:eb:f3:fb,,,,-47,1,2412,False,False
1778936326.360799,control,block_ack,d8:d7:75:45:81:24,8a:f4:af:eb:f3:fb,8a:f4:af:eb:f3:fb,d8:d7:75:45:81:24,,,-47,1,2412,False,False
1778936326.389705,control,ack,,8a:f4:af:eb:f3:fb,8a:f4:af:eb:f3:fb,,,,-52,1,2412,False,False
1778936326.3901172,control,ack,,8a:f4:af:eb:f3:fb,8a:f4:af:eb:f3:fb,,,,-52,1,2412,False,False
1778936326.419802,management,beacon,d8:d7:75:45:81:24,ff:ff:ff:ff:ff:ff,ff:ff:ff:ff:ff:ff,d8:d7:75:45:81:24,d8:d7:75:45:81:24,FunBox2-8124,-53,1,2412,False,False
1778936326.422835,control,ack,,8a:f4:af:eb:f3:fb,8a:f4:af:eb:f3:fb,,,,-51,1,2412,False,False
1778936326.5187354,management,beacon,d8:d7:75:45:81:24,ff:ff:ff:ff:ff:ff,ff:ff:ff:ff:ff:ff,d8:d7:75:45:81:24,d8:d7:75:45:81:24,FunBox2-8124,-52,1,2412,False,False
1778936326.6225674,management,beacon,d8:d7:75:45:81:24,ff:ff:ff:ff:ff:ff,ff:ff:ff:ff:ff:ff,d8:d7:75:45:81:24,d8:d7:75:45:81:24,FunBox2-8124,-51,1,2412,False,False
1778936326.6295013,control,ack,,8a:f4:af:eb:f3:fb,8a:f4:af:eb:f3:fb,,,,-52,1,2412,False,False
1778936326.6297853,control,ack,,8a:f4:af:eb:f3:fb,8a:f4:af:eb:f3:fb,,,,-46,1,2412,False,False
1778936326.629787,control,rts,d8:d7:75:45:81:24,8a:f4:af:eb:f3:fb,8a:f4:af:eb:f3:fb,d8:d7:75:45:81:24,,,-46,1,2412,False,False
1778936326.630548,control,rts,d8:d7:75:45:81:24,8a:f4:af:eb:f3:fb,8a:f4:af:eb:f3:fb,d8:d7:75:45:81:24,,,-47,1,2412,False,False
1778936326.631174,control,cts,,8a:f4:af:eb:f3:fb,8a:f4:af:eb:f3:fb,,,,-45,1,2412,False,False
1778936326.631177,control,block_ack,d8:d7:75:45:81:24,8a:f4:af:eb:f3:fb,8a:f4:af:eb:f3:fb,d8:d7:75:45:81:24,,,-47,1,2412,False,False
1778936326.6322455,control,cts,,8a:f4:af:eb:f3:fb,8a:f4:af:eb:f3:fb,,,,-47,1,2412,False,False
1778936326.6322474,control,block_ack,d8:d7:75:45:81:24,8a:f4:af:eb:f3:fb,8a:f4:af:eb:f3:fb,d8:d7:75:45:81:24,,,-46,1,2412,False,False
1778936326.6331553,control,cts,,8a:f4:af:eb:f3:fb,8a:f4:af:eb:f3:fb,,,,-45,1,2412,False,False
1778936326.6337311,control,cts,,8a:f4:af:eb:f3:fb,8a:f4:af:eb:f3:fb,,,,-46,1,2412,False,False
1778936326.6340585,control,block_ack,d8:d7:75:45:81:24,8a:f4:af:eb:f3:fb,8a:f4:af:eb:f3:fb,d8:d7:75:45:81:24,,,-45,1,2412,False,False
1778936326.634282,control,block_ack,d8:d7:75:45:81:24,8a:f4:af:eb:f3:fb,8a:f4:af:eb:f3:fb,d8:d7:75:45:81:24,,,-46,1,2412,False,False
1778936326.6933234,control,ack,,8a:f4:af:eb:f3:fb,8a:f4:af:eb:f3:fb,,,,-53,1,2412,False,False
1778936326.726999,management,beacon,d8:d7:75:45:81:24,ff:ff:ff:ff:ff:ff,ff:ff:ff:ff:ff:ff,d8:d7:75:45:81:24,d8:d7:75:45:81:24,FunBox2-8124,-51,1,2412,False,False
1778936326.8286219,management,beacon,d8:d7:75:45:81:24,ff:ff:ff:ff:ff:ff,ff:ff:ff:ff:ff:ff,d8:d7:75:45:81:24,d8:d7:75:45:81:24,FunBox2-8124,-43,1,2412,False,False
1778936326.8527763,control,ack,,8a:f4:af:eb:f3:fb,8a:f4:af:eb:f3:fb,,,,-46,1,2412,False,False
1778936326.8530622,control,rts,d8:d7:75:45:81:24,8a:f4:af:eb:f3:fb,8a:f4:af:eb:f3:fb,d8:d7:75:45:81:24,,,-45,1,2412,False,False
1778936326.8533661,control,rts,d8:d7:75:45:81:24,8a:f4:af:eb:f3:fb,8a:f4:af:eb:f3:fb,d8:d7:75:45:81:24,,,-46,1,2412,False,False
1778936326.8541896,control,cts,,8a:f4:af:eb:f3:fb,8a:f4:af:eb:f3:fb,,,,-46,1,2412,False,False
1778936326.8547497,control,rts,d8:d7:75:45:81:24,8a:f4:af:eb:f3:fb,8a:f4:af:eb:f3:fb,d8:d7:75:45:81:24,,,-46,1,2412,False,False
1778936326.8551316,control,cts,,8a:f4:af:eb:f3:fb,8a:f4:af:eb:f3:fb,,,,-47,1,2412,False,False
1778936326.8556788,control,rts,8a:f4:af:eb:f3:fb,d8:d7:75:45:81:24,d8:d7:75:45:81:24,8a:f4:af:eb:f3:fb,,,-86,1,2412,False,False
1778936326.8556807,control,cts,,8a:f4:af:eb:f3:fb,8a:f4:af:eb:f3:fb,,,,-45,1,2412,False,False
1778936326.856009,control,block_ack,d8:d7:75:45:81:24,8a:f4:af:eb:f3:fb,8a:f4:af:eb:f3:fb,d8:d7:75:45:81:24,,,-46,1,2412,False,False
1778936326.8560104,control,rts,d8:d7:75:45:81:24,8a:f4:af:eb:f3:fb,8a:f4:af:eb:f3:fb,d8:d7:75:45:81:24,,,-46,1,2412,False,False
1778936326.8577876,control,rts,d8:d7:75:45:81:24,8a:f4:af:eb:f3:fb,8a:f4:af:eb:f3:fb,d8:d7:75:45:81:24,,,-45,1,2412,False,False
1778936326.8584123,control,rts,d8:d7:75:45:81:24,8a:f4:af:eb:f3:fb,8a:f4:af:eb:f3:fb,d8:d7:75:45:81:24,,,-46,1,2412,False,False
1778936326.8588688,control,rts,d8:d7:75:45:81:24,8a:f4:af:eb:f3:fb,8a:f4:af:eb:f3:fb,d8:d7:75:45:81:24,,,-44,1,2412,False,False
1778936326.8605347,control,cts,,8a:f4:af:eb:f3:fb,8a:f4:af:eb:f3:fb,,,,-46,1,2412,False,False
1778936326.860929,control,cts,,8a:f4:af:eb:f3:fb,8a:f4:af:eb:f3:fb,,,,-47,1,2412,False,False
1778936326.8613734,control,rts,8a:f4:af:eb:f3:fb,d8:d7:75:45:81:24,d8:d7:75:45:81:24,8a:f4:af:eb:f3:fb,,,-85,1,2412,False,False
1778936326.8613744,control,cts,,8a:f4:af:eb:f3:fb,8a:f4:af:eb:f3:fb,,,,-47,1,2412,False,False
1778936326.861837,control,rts,8a:f4:af:eb:f3:fb,d8:d7:75:45:81:24,d8:d7:75:45:81:24,8a:f4:af:eb:f3:fb,,,-85,1,2412,False,False
1778936326.861838,control,cts,,8a:f4:af:eb:f3:fb,8a:f4:af:eb:f3:fb,,,,-46,1,2412,False,False
1778936326.863398,control,block_ack,d8:d7:75:45:81:24,8a:f4:af:eb:f3:fb,8a:f4:af:eb:f3:fb,d8:d7:75:45:81:24,,,-45,1,2412,False,False
1778936326.8650084,control,cts,,8a:f4:af:eb:f3:fb,8a:f4:af:eb:f3:fb,,,,-47,1,2412,False,False
1778936326.8665638,control,rts,8a:f4:af:eb:f3:fb,d8:d7:75:45:81:24,d8:d7:75:45:81:24,8a:f4:af:eb:f3:fb,,,-84,1,2412,False,False
1778936326.866567,control,cts,,8a:f4:af:eb:f3:fb,8a:f4:af:eb:f3:fb,,,,-47,1,2412,False,False
1778936326.8690522,control,block_ack,d8:d7:75:45:81:24,8a:f4:af:eb:f3:fb,8a:f4:af:eb:f3:fb,d8:d7:75:45:81:24,,,-45,1,2412,False,False
1778936326.8739233,control,ack,,8a:f4:af:eb:f3:fb,8a:f4:af:eb:f3:fb,,,,-45,1,2412,False,False
1778936326.8757687,control,rts,8a:f4:af:eb:f3:fb,d8:d7:75:45:81:24,d8:d7:75:45:81:24,8a:f4:af:eb:f3:fb,,,-84,1,2412,False,False
1778936326.876058,control,cts,,8a:f4:af:eb:f3:fb,8a:f4:af:eb:f3:fb,,,,-42,1,2412,False,False
1778936326.8884573,control,ack,,8a:f4:af:eb:f3:fb,8a:f4:af:eb:f3:fb,,,,-42,1,2412,False,False
1778936326.8888068,control,cts,,8a:f4:af:eb:f3:fb,8a:f4:af:eb:f3:fb,,,,-46,1,2412,False,False
1778936326.8902004,control,cts,,8a:f4:af:eb:f3:fb,8a:f4:af:eb:f3:fb,,,,-47,1,2412,False,False
1778936326.8915646,control,cts,,8a:f4:af:eb:f3:fb,8a:f4:af:eb:f3:fb,,,,-45,1,2412,False,False
1778936326.893748,control,cts,,8a:f4:af:eb:f3:fb,8a:f4:af:eb:f3:fb,,,,-46,1,2412,False,False
1778936326.8973322,control,block_ack,d8:d7:75:45:81:24,8a:f4:af:eb:f3:fb,8a:f4:af:eb:f3:fb,d8:d7:75:45:81:24,,,-47,1,2412,False,False
1778936326.9300423,management,beacon,d8:d7:75:45:81:24,ff:ff:ff:ff:ff:ff,ff:ff:ff:ff:ff:ff,d8:d7:75:45:81:24,d8:d7:75:45:81:24,FunBox2-8124,-43,1,2412,False,False
1778936326.989739,control,ack,,8a:f4:af:eb:f3:fb,8a:f4:af:eb:f3:fb,,,,-45,1,2412,False,False
1778936326.9901433,control,ack,,8a:f4:af:eb:f3:fb,8a:f4:af:eb:f3:fb,,,,-45,1,2412,False,False
1778936326.9942155,control,ack,,ce:d0:54:70:b1:b3,ce:d0:54:70:b1:b3,,,,-86,1,2412,False,False
1778936327.0307565,management,beacon,d8:d7:75:45:81:24,ff:ff:ff:ff:ff:ff,ff:ff:ff:ff:ff:ff,d8:d7:75:45:81:24,d8:d7:75:45:81:24,FunBox2-8124,-51,1,2412,False,False
1778936327.0999727,control,ack,,8a:f4:af:eb:f3:fb,8a:f4:af:eb:f3:fb,,,,-52,1,2412,False,False
1778936327.1331978,management,beacon,d8:d7:75:45:81:24,ff:ff:ff:ff:ff:ff,ff:ff:ff:ff:ff:ff,d8:d7:75:45:81:24,d8:d7:75:45:81:24,FunBox2-8124,-51,1,2412,False,False
1778936327.1347384,data,null_data,50:02:91:e8:18:ec,d8:d7:75:45:81:24,d8:d7:75:45:81:24,50:02:91:e8:18:ec,d8:d7:75:45:81:24,,-83,1,2412,False,True
1778936327.1351037,data,null_data,50:02:91:e8:18:ec,d8:d7:75:45:81:24,d8:d7:75:45:81:24,50:02:91:e8:18:ec,d8:d7:75:45:81:24,,-81,1,2412,False,True
1778936327.1354363,data,null_data,50:02:91:e8:18:ec,d8:d7:75:45:81:24,d8:d7:75:45:81:24,50:02:91:e8:18:ec,d8:d7:75:45:81:24,,-84,1,2412,False,True
1778936327.136003,data,null_data,50:02:91:e8:18:ec,d8:d7:75:45:81:24,d8:d7:75:45:81:24,50:02:91:e8:18:ec,d8:d7:75:45:81:24,,-85,1,2412,False,True
1778936327.136579,data,null_data,50:02:91:e8:18:ec,d8:d7:75:45:81:24,d8:d7:75:45:81:24,50:02:91:e8:18:ec,d8:d7:75:45:81:24,,-89,1,2412,False,True
1778936327.136896,control,ack,,50:02:91:e8:18:ec,50:02:91:e8:18:ec,,,,-51,1,2412,False,False
1778936327.137425,data,null_data,8a:f4:af:eb:f3:fb,d8:d7:75:45:81:24,d8:d7:75:45:81:24,8a:f4:af:eb:f3:fb,d8:d7:75:45:81:24,,-83,1,2412,False,True
1778936327.1380312,control,ack,,8a:f4:af:eb:f3:fb,8a:f4:af:eb:f3:fb,,,,-42,1,2412,False,False
1778936327.1380332,control,rts,d8:d7:75:45:81:24,8a:f4:af:eb:f3:fb,8a:f4:af:eb:f3:fb,d8:d7:75:45:81:24,,,-51,1,2412,False,False
1778936327.1390262,control,rts,d8:d7:75:45:81:24,8a:f4:af:eb:f3:fb,8a:f4:af:eb:f3:fb,d8:d7:75:45:81:24,,,-47,1,2412,False,False
1778936327.1420074,control,cts,,8a:f4:af:eb:f3:fb,8a:f4:af:eb:f3:fb,,,,-46,1,2412,False,False
1778936327.142011,control,block_ack,d8:d7:75:45:81:24,8a:f4:af:eb:f3:fb,8a:f4:af:eb:f3:fb,d8:d7:75:45:81:24,,,-46,1,2412,False,False
1778936327.1428924,control,cts,,8a:f4:af:eb:f3:fb,8a:f4:af:eb:f3:fb,,,,-45,1,2412,False,False
1778936327.1430628,control,block_ack,d8:d7:75:45:81:24,8a:f4:af:eb:f3:fb,8a:f4:af:eb:f3:fb,d8:d7:75:45:81:24,,,-44,1,2412,False,False
1778936327.1433785,control,ack,,8a:f4:af:eb:f3:fb,8a:f4:af:eb:f3:fb,,,,-45,1,2412,False,False
1778936327.1439803,control,cts,,8a:f4:af:eb:f3:fb,8a:f4:af:eb:f3:fb,,,,-44,1,2412,False,False
1778936327.1446104,control,cts,,8a:f4:af:eb:f3:fb,8a:f4:af:eb:f3:fb,,,,-46,1,2412,False,False
1778936327.14527,control,rts,8a:f4:af:eb:f3:fb,d8:d7:75:45:81:24,d8:d7:75:45:81:24,8a:f4:af:eb:f3:fb,,,-84,1,2412,False,False
1778936327.1452706,control,cts,,8a:f4:af:eb:f3:fb,8a:f4:af:eb:f3:fb,,,,-46,1,2412,False,False
1778936327.1472445,control,cts,,8a:f4:af:eb:f3:fb,8a:f4:af:eb:f3:fb,,,,-46,1,2412,False,False
1778936327.1474977,control,block_ack,d8:d7:75:45:81:24,8a:f4:af:eb:f3:fb,8a:f4:af:eb:f3:fb,d8:d7:75:45:81:24,,,-45,1,2412,False,False
1778936327.1533988,control,cts,,8a:f4:af:eb:f3:fb,8a:f4:af:eb:f3:fb,,,,-46,1,2412,False,False
1778936327.1542456,control,cts,,8a:f4:af:eb:f3:fb,8a:f4:af:eb:f3:fb,,,,-47,1,2412,False,False
1778936327.1547205,control,cts,,8a:f4:af:eb:f3:fb,8a:f4:af:eb:f3:fb,,,,-46,1,2412,False,False
1778936327.155232,control,cts,,8a:f4:af:eb:f3:fb,8a:f4:af:eb:f3:fb,,,,-45,1,2412,False,False
1778936327.155235,control,block_ack,d8:d7:75:45:81:24,8a:f4:af:eb:f3:fb,8a:f4:af:eb:f3:fb,d8:d7:75:45:81:24,,,-46,1,2412,False,False
1778936327.1803765,control,rts,d8:d7:75:45:81:24,8a:f4:af:eb:f3:fb,8a:f4:af:eb:f3:fb,d8:d7:75:45:81:24,,,-47,1,2412,False,False
1778936327.182471,control,rts,d8:d7:75:45:81:24,8a:f4:af:eb:f3:fb,8a:f4:af:eb:f3:fb,d8:d7:75:45:81:24,,,-47,1,2412,False,False
1778936327.2303956,data,null_data,8a:f4:af:eb:f3:fb,d8:d7:75:45:81:24,d8:d7:75:45:81:24,8a:f4:af:eb:f3:fb,d8:d7:75:45:81:24,,-83,1,2412,False,True
1778936327.2304003,data,null_data,8a:f4:af:eb:f3:fb,d8:d7:75:45:81:24,d8:d7:75:45:81:24,8a:f4:af:eb:f3:fb,d8:d7:75:45:81:24,,-84,1,2412,False,True
1778936327.2308948,data,null_data,8a:f4:af:eb:f3:fb,d8:d7:75:45:81:24,d8:d7:75:45:81:24,8a:f4:af:eb:f3:fb,d8:d7:75:45:81:24,,-82,1,2412,False,True
1778936327.2312095,control,ack,,8a:f4:af:eb:f3:fb,8a:f4:af:eb:f3:fb,,,,-51,1,2412,False,False
1778936327.2355552,management,beacon,d8:d7:75:45:81:24,ff:ff:ff:ff:ff:ff,ff:ff:ff:ff:ff:ff,d8:d7:75:45:81:24,d8:d7:75:45:81:24,FunBox2-8124,-44,1,2412,False,False
1778936327.325731,management,beacon,ac:84:c6:41:71:22,ff:ff:ff:ff:ff:ff,ff:ff:ff:ff:ff:ff,ac:84:c6:41:71:22,ac:84:c6:41:71:22,TP-LINK_7122,-89,1,2412,False,False
1778936327.350846,data,null_data,8a:f4:af:eb:f3:fb,d8:d7:75:45:81:24,d8:d7:75:45:81:24,8a:f4:af:eb:f3:fb,d8:d7:75:45:81:24,,-82,1,2412,False,False
1778936327.3511431,control,ack,,8a:f4:af:eb:f3:fb,8a:f4:af:eb:f3:fb,,,,-51,1,2412,False,False
1778936327.3605895,control,rts,d8:d7:75:45:81:24,8a:f4:af:eb:f3:fb,8a:f4:af:eb:f3:fb,d8:d7:75:45:81:24,,,-52,1,2412,False,False
1778936327.3617244,control,rts,d8:d7:75:45:81:24,8a:f4:af:eb:f3:fb,8a:f4:af:eb:f3:fb,d8:d7:75:45:81:24,,,-46,1,2412,False,False
1778936327.3636498,control,cts,,8a:f4:af:eb:f3:fb,8a:f4:af:eb:f3:fb,,,,-47,1,2412,False,False
1778936327.363653,control,block_ack,d8:d7:75:45:81:24,8a:f4:af:eb:f3:fb,8a:f4:af:eb:f3:fb,d8:d7:75:45:81:24,,,-46,1,2412,False,False
1778936327.363654,control,rts,d8:d7:75:45:81:24,8a:f4:af:eb:f3:fb,8a:f4:af:eb:f3:fb,d8:d7:75:45:81:24,,,-46,1,2412,False,False
1778936327.3646991,control,rts,d8:d7:75:45:81:24,8a:f4:af:eb:f3:fb,8a:f4:af:eb:f3:fb,d8:d7:75:45:81:24,,,-45,1,2412,False,False
1778936327.3659978,control,cts,,8a:f4:af:eb:f3:fb,8a:f4:af:eb:f3:fb,,,,-47,1,2412,False,False
1778936327.3659995,control,block_ack,d8:d7:75:45:81:24,8a:f4:af:eb:f3:fb,8a:f4:af:eb:f3:fb,d8:d7:75:45:81:24,,,-47,1,2412,False,False
1778936327.37147,control,cts,,8a:f4:af:eb:f3:fb,8a:f4:af:eb:f3:fb,,,,-46,1,2412,False,False
1778936327.3714764,control,block_ack,d8:d7:75:45:81:24,8a:f4:af:eb:f3:fb,8a:f4:af:eb:f3:fb,d8:d7:75:45:81:24,,,-46,1,2412,False,False
1778936327.3723474,control,cts,,8a:f4:af:eb:f3:fb,8a:f4:af:eb:f3:fb,,,,-46,1,2412,False,False
1778936327.372352,control,block_ack,d8:d7:75:45:81:24,8a:f4:af:eb:f3:fb,8a:f4:af:eb:f3:fb,d8:d7:75:45:81:24,,,-47,1,2412,False,False
1778936327.3779354,data,null_data,50:02:91:e8:18:ec,d8:d7:75:45:81:24,d8:d7:75:45:81:24,50:02:91:e8:18:ec,d8:d7:75:45:81:24,,-84,1,2412,False,False
1778936327.377941,control,ack,,50:02:91:e8:18:ec,50:02:91:e8:18:ec,,,,-51,1,2412,False,False
1778936327.3988876,control,rts,d8:d7:75:45:81:24,8a:f4:af:eb:f3:fb,8a:f4:af:eb:f3:fb,d8:d7:75:45:81:24,,,-45,1,2412,False,False
1778936327.3994644,control,rts,d8:d7:75:45:81:24,8a:f4:af:eb:f3:fb,8a:f4:af:eb:f3:fb,d8:d7:75:45:81:24,,,-45,1,2412,False,False
1778936327.4046931,control,cts,,8a:f4:af:eb:f3:fb,8a:f4:af:eb:f3:fb,,,,-44,1,2412,False,False
1778936327.4047,control,block_ack,d8:d7:75:45:81:24,8a:f4:af:eb:f3:fb,8a:f4:af:eb:f3:fb,d8:d7:75:45:81:24,,,-47,1,2412,False,False
1778936327.413472,control,ack,,8a:f4:af:eb:f3:fb,8a:f4:af:eb:f3:fb,,,,-50,1,2412,False,False
1778936327.4140952,control,ack,,8a:f4:af:eb:f3:fb,8a:f4:af:eb:f3:fb,,,,-45,1,2412,False,False
1778936327.4147308,control,ack,,8a:f4:af:eb:f3:fb,8a:f4:af:eb:f3:fb,,,,-47,1,2412,False,False
1778936327.4153361,control,ack,,8a:f4:af:eb:f3:fb,8a:f4:af:eb:f3:fb,,,,-45,1,2412,False,False
1778936327.440371,management,beacon,d8:d7:75:45:81:24,ff:ff:ff:ff:ff:ff,ff:ff:ff:ff:ff:ff,d8:d7:75:45:81:24,d8:d7:75:45:81:24,FunBox2-8124,-52,1,2412,False,False
1778936327.4697394,data,null_data,8a:f4:af:eb:f3:fb,d8:d7:75:45:81:24,d8:d7:75:45:81:24,8a:f4:af:eb:f3:fb,d8:d7:75:45:81:24,,-85,1,2412,False,False
1778936327.4697468,control,ack,,8a:f4:af:eb:f3:fb,8a:f4:af:eb:f3:fb,,,,-47,1,2412,False,False
1778936327.470168,control,ack,,8a:f4:af:eb:f3:fb,8a:f4:af:eb:f3:fb,,,,-52,1,2412,False,False
1778936327.5609407,control,ack,,8a:f4:af:eb:f3:fb,8a:f4:af:eb:f3:fb,,,,-51,1,2412,False,False
1778936327.5829952,control,ack,,8a:f4:af:eb:f3:fb,8a:f4:af:eb:f3:fb,,,,-51,1,2412,False,False
1778936327.5897548,control,ack,,8a:f4:af:eb:f3:fb,8a:f4:af:eb:f3:fb,,,,-45,1,2412,False,False
1778936327.5901709,control,ack,,8a:f4:af:eb:f3:fb,8a:f4:af:eb:f3:fb,,,,-45,1,2412,False,False
1778936327.6035204,control,rts,d8:d7:75:45:81:24,8a:f4:af:eb:f3:fb,8a:f4:af:eb:f3:fb,d8:d7:75:45:81:24,,,-51,1,2412,False,False
1778936327.6051114,control,cts,,8a:f4:af:eb:f3:fb,8a:f4:af:eb:f3:fb,,,,-47,1,2412,False,False
1778936327.6051133,control,block_ack,d8:d7:75:45:81:24,8a:f4:af:eb:f3:fb,8a:f4:af:eb:f3:fb,d8:d7:75:45:81:24,,,-45,1,2412,False,False
1778936327.6059618,control,cts,,8a:f4:af:eb:f3:fb,8a:f4:af:eb:f3:fb,,,,-51,1,2412,False,False
1778936327.6067843,control,cts,,8a:f4:af:eb:f3:fb,8a:f4:af:eb:f3:fb,,,,-47,1,2412,False,False
1778936327.6071799,control,block_ack,d8:d7:75:45:81:24,8a:f4:af:eb:f3:fb,8a:f4:af:eb:f3:fb,d8:d7:75:45:81:24,,,-46,1,2412,False,False
1778936327.6073697,control,block_ack,d8:d7:75:45:81:24,8a:f4:af:eb:f3:fb,8a:f4:af:eb:f3:fb,d8:d7:75:45:81:24,,,-46,1,2412,False,False
1778936327.645198,management,beacon,d8:d7:75:45:81:24,ff:ff:ff:ff:ff:ff,ff:ff:ff:ff:ff:ff,d8:d7:75:45:81:24,d8:d7:75:45:81:24,FunBox2-8124,-51,1,2412,False,False
1778936327.6935606,control,ack,,8a:f4:af:eb:f3:fb,8a:f4:af:eb:f3:fb,,,,-52,1,2412,False,False
1778936327.6942132,control,ack,,8a:f4:af:eb:f3:fb,8a:f4:af:eb:f3:fb,,,,-53,1,2412,False,False
1778936327.6948316,control,ack,,8a:f4:af:eb:f3:fb,8a:f4:af:eb:f3:fb,,,,-52,1,2412,False,False
1778936327.6954272,control,ack,,8a:f4:af:eb:f3:fb,8a:f4:af:eb:f3:fb,,,,-44,1,2412,False,False
1778936327.7097616,control,ack,,8a:f4:af:eb:f3:fb,8a:f4:af:eb:f3:fb,,,,-53,1,2412,False,False
1778936327.710135,control,ack,,8a:f4:af:eb:f3:fb,8a:f4:af:eb:f3:fb,,,,-52,1,2412,False,False
1778936327.7502604,management,beacon,d8:d7:75:45:81:24,ff:ff:ff:ff:ff:ff,ff:ff:ff:ff:ff:ff,d8:d7:75:45:81:24,d8:d7:75:45:81:24,FunBox2-8124,-42,1,2412,False,False
1778936327.8059874,control,rts,d8:d7:75:45:81:24,8a:f4:af:eb:f3:fb,8a:f4:af:eb:f3:fb,d8:d7:75:45:81:24,,,-46,1,2412,False,False
1778936327.806676,control,rts,d8:d7:75:45:81:24,8a:f4:af:eb:f3:fb,8a:f4:af:eb:f3:fb,d8:d7:75:45:81:24,,,-51,1,2412,False,False
1778936327.8068478,control,rts,d8:d7:75:45:81:24,8a:f4:af:eb:f3:fb,8a:f4:af:eb:f3:fb,d8:d7:75:45:81:24,,,-51,1,2412,False,False
1778936327.808156,control,rts,d8:d7:75:45:81:24,8a:f4:af:eb:f3:fb,8a:f4:af:eb:f3:fb,d8:d7:75:45:81:24,,,-52,1,2412,False,False
1778936327.8086658,control,rts,d8:d7:75:45:81:24,8a:f4:af:eb:f3:fb,8a:f4:af:eb:f3:fb,d8:d7:75:45:81:24,,,-51,1,2412,False,False
1778936327.8092628,control,block_ack,8a:f4:af:eb:f3:fb,d8:d7:75:45:81:24,d8:d7:75:45:81:24,8a:f4:af:eb:f3:fb,,,-85,1,2412,False,False
1778936327.8097913,control,rts,d8:d7:75:45:81:24,8a:f4:af:eb:f3:fb,8a:f4:af:eb:f3:fb,d8:d7:75:45:81:24,,,-51,1,2412,False,False
1778936327.8097935,control,cts,,d8:d7:75:45:81:24,d8:d7:75:45:81:24,,,,-87,1,2412,False,False
1778936327.8105047,control,rts,d8:d7:75:45:81:24,8a:f4:af:eb:f3:fb,8a:f4:af:eb:f3:fb,d8:d7:75:45:81:24,,,-52,1,2412,False,False
1778936327.8105066,control,cts,,d8:d7:75:45:81:24,d8:d7:75:45:81:24,,,,-85,1,2412,False,False
1778936327.8123915,control,cts,,8a:f4:af:eb:f3:fb,8a:f4:af:eb:f3:fb,,,,-52,1,2412,False,False
1778936327.8123946,control,block_ack,d8:d7:75:45:81:24,8a:f4:af:eb:f3:fb,8a:f4:af:eb:f3:fb,d8:d7:75:45:81:24,,,-52,1,2412,False,False
1778936327.8133237,control,cts,,8a:f4:af:eb:f3:fb,8a:f4:af:eb:f3:fb,,,,-51,1,2412,False,False
1778936327.8133273,control,block_ack,d8:d7:75:45:81:24,8a:f4:af:eb:f3:fb,8a:f4:af:eb:f3:fb,d8:d7:75:45:81:24,,,-52,1,2412,False,False
1778936327.822426,control,cts,,8a:f4:af:eb:f3:fb,8a:f4:af:eb:f3:fb,,,,-52,1,2412,False,False
1778936327.82243,control,block_ack,d8:d7:75:45:81:24,8a:f4:af:eb:f3:fb,8a:f4:af:eb:f3:fb,d8:d7:75:45:81:24,,,-51,1,2412,False,False
1778936327.8232455,control,cts,,8a:f4:af:eb:f3:fb,8a:f4:af:eb:f3:fb,,,,-51,1,2412,False,False
1778936327.823586,control,block_ack,d8:d7:75:45:81:24,8a:f4:af:eb:f3:fb,8a:f4:af:eb:f3:fb,d8:d7:75:45:81:24,,,-51,1,2412,False,False
1778936327.8241482,control,cts,,8a:f4:af:eb:f3:fb,8a:f4:af:eb:f3:fb,,,,-51,1,2412,False,False
1778936327.8243806,control,block_ack,d8:d7:75:45:81:24,8a:f4:af:eb:f3:fb,8a:f4:af:eb:f3:fb,d8:d7:75:45:81:24,,,-51,1,2412,False,False
1778936327.8297555,control,ack,,8a:f4:af:eb:f3:fb,8a:f4:af:eb:f3:fb,,,,-51,1,2412,False,False
1778936327.8301816,control,ack,,8a:f4:af:eb:f3:fb,8a:f4:af:eb:f3:fb,,,,-51,1,2412,False,False
1778936327.8471994,data,null_data,8a:f4:af:eb:f3:fb,d8:d7:75:45:81:24,d8:d7:75:45:81:24,8a:f4:af:eb:f3:fb,d8:d7:75:45:81:24,,-86,1,2412,False,True
1778936327.8477108,data,null_data,8a:f4:af:eb:f3:fb,d8:d7:75:45:81:24,d8:d7:75:45:81:24,8a:f4:af:eb:f3:fb,d8:d7:75:45:81:24,,-84,1,2412,False,True
1778936327.8480084,control,ack,,8a:f4:af:eb:f3:fb,8a:f4:af:eb:f3:fb,,,,-43,1,2412,False,False
1778936327.8532817,management,beacon,d8:d7:75:45:81:24,ff:ff:ff:ff:ff:ff,ff:ff:ff:ff:ff:ff,d8:d7:75:45:81:24,d8:d7:75:45:81:24,FunBox2-8124,-50,1,2412,False,False
1778936327.9527166,management,beacon,d8:d7:75:45:81:24,ff:ff:ff:ff:ff:ff,ff:ff:ff:ff:ff:ff,d8:d7:75:45:81:24,d8:d7:75:45:81:24,FunBox2-8124,-53,1,2412,False,False
1778936327.953136,data,null_data,8a:f4:af:eb:f3:fb,d8:d7:75:45:81:24,d8:d7:75:45:81:24,8a:f4:af:eb:f3:fb,d8:d7:75:45:81:24,,-84,1,2412,False,False
1778936327.9534674,control,ack,,8a:f4:af:eb:f3:fb,8a:f4:af:eb:f3:fb,,,,-51,1,2412,False,False
1778936327.9697814,data,null_data,8a:f4:af:eb:f3:fb,d8:d7:75:45:81:24,d8:d7:75:45:81:24,8a:f4:af:eb:f3:fb,d8:d7:75:45:81:24,,-84,1,2412,False,False
1778936327.9700913,control,ack,,8a:f4:af:eb:f3:fb,8a:f4:af:eb:f3:fb,,,,-51,1,2412,False,False
1778936328.020468,control,rts,d8:d7:75:45:81:24,8a:f4:af:eb:f3:fb,8a:f4:af:eb:f3:fb,d8:d7:75:45:81:24,,,-49,1,2412,False,False
1778936328.0207376,control,rts,d8:d7:75:45:81:24,8a:f4:af:eb:f3:fb,8a:f4:af:eb:f3:fb,d8:d7:75:45:81:24,,,-51,1,2412,False,False
1778936328.0228596,control,rts,d8:d7:75:45:81:24,8a:f4:af:eb:f3:fb,8a:f4:af:eb:f3:fb,d8:d7:75:45:81:24,,,-51,1,2412,False,False
1778936328.0234458,control,rts,d8:d7:75:45:81:24,8a:f4:af:eb:f3:fb,8a:f4:af:eb:f3:fb,d8:d7:75:45:81:24,,,-50,1,2412,False,False
1778936328.0241964,control,rts,d8:d7:75:45:81:24,8a:f4:af:eb:f3:fb,8a:f4:af:eb:f3:fb,d8:d7:75:45:81:24,,,-51,1,2412,False,False
1778936328.0244715,control,rts,d8:d7:75:45:81:24,8a:f4:af:eb:f3:fb,8a:f4:af:eb:f3:fb,d8:d7:75:45:81:24,,,-51,1,2412,False,False
1778936328.0254037,control,rts,d8:d7:75:45:81:24,8a:f4:af:eb:f3:fb,8a:f4:af:eb:f3:fb,d8:d7:75:45:81:24,,,-51,1,2412,False,False
1778936328.0267467,control,rts,d8:d7:75:45:81:24,8a:f4:af:eb:f3:fb,8a:f4:af:eb:f3:fb,d8:d7:75:45:81:24,,,-52,1,2412,False,False
1778936328.0274072,control,rts,d8:d7:75:45:81:24,8a:f4:af:eb:f3:fb,8a:f4:af:eb:f3:fb,d8:d7:75:45:81:24,,,-50,1,2412,False,False
1778936328.0281122,control,rts,d8:d7:75:45:81:24,8a:f4:af:eb:f3:fb,8a:f4:af:eb:f3:fb,d8:d7:75:45:81:24,,,-51,1,2412,False,False
1778936328.028607,control,rts,d8:d7:75:45:81:24,8a:f4:af:eb:f3:fb,8a:f4:af:eb:f3:fb,d8:d7:75:45:81:24,,,-52,1,2412,False,False
1778936328.0288444,control,rts,d8:d7:75:45:81:24,8a:f4:af:eb:f3:fb,8a:f4:af:eb:f3:fb,d8:d7:75:45:81:24,,,-53,1,2412,False,False
1778936328.0295093,control,rts,d8:d7:75:45:81:24,8a:f4:af:eb:f3:fb,8a:f4:af:eb:f3:fb,d8:d7:75:45:81:24,,,-46,1,2412,False,False
1778936328.0339005,control,cts,,8a:f4:af:eb:f3:fb,8a:f4:af:eb:f3:fb,,,,-45,1,2412,False,False
1778936328.0374424,control,rts,d8:d7:75:45:81:24,8a:f4:af:eb:f3:fb,8a:f4:af:eb:f3:fb,d8:d7:75:45:81:24,,,-46,1,2412,False,False
1778936328.0387526,control,rts,d8:d7:75:45:81:24,8a:f4:af:eb:f3:fb,8a:f4:af:eb:f3:fb,d8:d7:75:45:81:24,,,-47,1,2412,False,False
1778936328.0393877,control,rts,d8:d7:75:45:81:24,8a:f4:af:eb:f3:fb,8a:f4:af:eb:f3:fb,d8:d7:75:45:81:24,,,-47,1,2412,False,False
1778936328.0405853,control,rts,d8:d7:75:45:81:24,8a:f4:af:eb:f3:fb,8a:f4:af:eb:f3:fb,d8:d7:75:45:81:24,,,-45,1,2412,False,False
1778936328.0409868,control,rts,d8:d7:75:45:81:24,8a:f4:af:eb:f3:fb,8a:f4:af:eb:f3:fb,d8:d7:75:45:81:24,,,-45,1,2412,False,False
1778936328.0414028,control,rts,d8:d7:75:45:81:24,8a:f4:af:eb:f3:fb,8a:f4:af:eb:f3:fb,d8:d7:75:45:81:24,,,-45,1,2412,False,False
1778936328.0425723,control,rts,d8:d7:75:45:81:24,8a:f4:af:eb:f3:fb,8a:f4:af:eb:f3:fb,d8:d7:75:45:81:24,,,-45,1,2412,False,False
1778936328.0439932,control,rts,d8:d7:75:45:81:24,8a:f4:af:eb:f3:fb,8a:f4:af:eb:f3:fb,d8:d7:75:45:81:24,,,-45,1,2412,False,False
1778936328.0476794,control,rts,d8:d7:75:45:81:24,8a:f4:af:eb:f3:fb,8a:f4:af:eb:f3:fb,d8:d7:75:45:81:24,,,-52,1,2412,False,False
1778936328.0482805,control,rts,d8:d7:75:45:81:24,8a:f4:af:eb:f3:fb,8a:f4:af:eb:f3:fb,d8:d7:75:45:81:24,,,-51,1,2412,False,False
1778936328.048732,control,rts,d8:d7:75:45:81:24,8a:f4:af:eb:f3:fb,8a:f4:af:eb:f3:fb,d8:d7:75:45:81:24,,,-51,1,2412,False,False
1778936328.051798,control,rts,d8:d7:75:45:81:24,8a:f4:af:eb:f3:fb,8a:f4:af:eb:f3:fb,d8:d7:75:45:81:24,,,-51,1,2412,False,False
1778936328.0526428,control,rts,d8:d7:75:45:81:24,8a:f4:af:eb:f3:fb,8a:f4:af:eb:f3:fb,d8:d7:75:45:81:24,,,-51,1,2412,False,False
1778936328.0553746,management,beacon,d8:d7:75:45:81:24,ff:ff:ff:ff:ff:ff,ff:ff:ff:ff:ff:ff,d8:d7:75:45:81:24,d8:d7:75:45:81:24,FunBox2-8124,-42,1,2412,False,False
1778936328.056679,data,data,d8:d7:75:45:81:24,33:33:00:00:00:01,33:33:00:00:00:01,d8:d7:75:45:81:24,d8:d7:75:45:81:24,,-46,1,2412,True,False
1778936328.0569937,control,ack,,d8:d7:75:45:81:24,d8:d7:75:45:81:24,,,,-84,1,2412,False,False
1778936328.0577981,data,null_data,50:02:91:e8:18:ec,d8:d7:75:45:81:24,d8:d7:75:45:81:24,50:02:91:e8:18:ec,d8:d7:75:45:81:24,,-83,1,2412,False,True
1778936328.0578003,control,ack,,50:02:91:e8:18:ec,50:02:91:e8:18:ec,,,,-50,1,2412,False,False
1778936328.0697684,control,ack,,8a:f4:af:eb:f3:fb,8a:f4:af:eb:f3:fb,,,,-47,1,2412,False,False
1778936328.0889423,control,cts,,ce:d0:54:70:b1:b3,ce:d0:54:70:b1:b3,,,,-85,1,2412,False,False
1778936328.0990963,control,cts,,8a:f4:af:eb:f3:fb,8a:f4:af:eb:f3:fb,,,,-47,1,2412,False,False
1778936328.1011806,control,block_ack,d8:d7:75:45:81:24,8a:f4:af:eb:f3:fb,8a:f4:af:eb:f3:fb,d8:d7:75:45:81:24,,,-45,1,2412,False,False
1778936328.1599083,management,beacon,d8:d7:75:45:81:24,ff:ff:ff:ff:ff:ff,ff:ff:ff:ff:ff:ff,d8:d7:75:45:81:24,d8:d7:75:45:81:24,FunBox2-8124,-42,1,2412,False,False
1778936328.1897852,control,ack,,8a:f4:af:eb:f3:fb,8a:f4:af:eb:f3:fb,,,,-52,1,2412,False,False
1778936328.1901562,control,ack,,8a:f4:af:eb:f3:fb,8a:f4:af:eb:f3:fb,,,,-46,1,2412,False,False
1778936328.2468698,control,ack,,8a:f4:af:eb:f3:fb,8a:f4:af:eb:f3:fb,,,,-46,1,2412,False,False
1778936328.259603,management,beacon,d8:d7:75:45:81:24,ff:ff:ff:ff:ff:ff,ff:ff:ff:ff:ff:ff,d8:d7:75:45:81:24,d8:d7:75:45:81:24,FunBox2-8124,-44,1,2412,False,False
1778936328.298715,data,null_data,50:02:91:e8:18:ec,d8:d7:75:45:81:24,d8:d7:75:45:81:24,50:02:91:e8:18:ec,d8:d7:75:45:81:24,,-85,1,2412,False,False
1778936328.2987244,control,ack,,50:02:91:e8:18:ec,50:02:91:e8:18:ec,,,,-45,1,2412,False,False
1778936328.3057761,control,ack,,8a:f4:af:eb:f3:fb,8a:f4:af:eb:f3:fb,,,,-47,1,2412,False,False
1778936328.362017,management,beacon,d8:d7:75:45:81:24,ff:ff:ff:ff:ff:ff,ff:ff:ff:ff:ff:ff,d8:d7:75:45:81:24,d8:d7:75:45:81:24,FunBox2-8124,-51,1,2412,False,False
1778936328.3640506,data,null_data,8a:f4:af:eb:f3:fb,d8:d7:75:45:81:24,d8:d7:75:45:81:24,8a:f4:af:eb:f3:fb,d8:d7:75:45:81:24,,-86,1,2412,False,True
1778936328.3649886,data,null_data,8a:f4:af:eb:f3:fb,d8:d7:75:45:81:24,d8:d7:75:45:81:24,8a:f4:af:eb:f3:fb,d8:d7:75:45:81:24,,-85,1,2412,False,True
1778936328.3659322,data,null_data,8a:f4:af:eb:f3:fb,d8:d7:75:45:81:24,d8:d7:75:45:81:24,8a:f4:af:eb:f3:fb,d8:d7:75:45:81:24,,-83,1,2412,False,True
1778936328.366542,control,ack,,8a:f4:af:eb:f3:fb,8a:f4:af:eb:f3:fb,,,,-52,1,2412,False,False
1778936328.366544,control,rts,d8:d7:75:45:81:24,8a:f4:af:eb:f3:fb,8a:f4:af:eb:f3:fb,d8:d7:75:45:81:24,,,-52,1,2412,False,False
1778936328.367512,control,rts,d8:d7:75:45:81:24,8a:f4:af:eb:f3:fb,8a:f4:af:eb:f3:fb,d8:d7:75:45:81:24,,,-45,1,2412,False,False
1778936328.367516,control,cts,,d8:d7:75:45:81:24,d8:d7:75:45:81:24,,,,-86,1,2412,False,False
1778936328.3689406,control,cts,,8a:f4:af:eb:f3:fb,8a:f4:af:eb:f3:fb,,,,-44,1,2412,False,False
1778936328.3689437,control,block_ack,d8:d7:75:45:81:24,8a:f4:af:eb:f3:fb,8a:f4:af:eb:f3:fb,d8:d7:75:45:81:24,,,-46,1,2412,False,False
1778936328.3703723,control,cts,,8a:f4:af:eb:f3:fb,8a:f4:af:eb:f3:fb,,,,-47,1,2412,False,False
1778936328.370375,control,block_ack,d8:d7:75:45:81:24,8a:f4:af:eb:f3:fb,8a:f4:af:eb:f3:fb,d8:d7:75:45:81:24,,,-44,1,2412,False,False
1778936328.3712883,control,cts,,8a:f4:af:eb:f3:fb,8a:f4:af:eb:f3:fb,,,,-44,1,2412,False,False
1778936328.3714874,control,block_ack,d8:d7:75:45:81:24,8a:f4:af:eb:f3:fb,8a:f4:af:eb:f3:fb,d8:d7:75:45:81:24,,,-47,1,2412,False,False
1778936328.4297857,control,ack,,8a:f4:af:eb:f3:fb,8a:f4:af:eb:f3:fb,,,,-53,1,2412,False,False
1778936328.4302104,control,ack,,8a:f4:af:eb:f3:fb,8a:f4:af:eb:f3:fb,,,,-46,1,2412,False,False
1778936328.4658425,management,beacon,d8:d7:75:45:81:24,ff:ff:ff:ff:ff:ff,ff:ff:ff:ff:ff:ff,d8:d7:75:45:81:24,d8:d7:75:45:81:24,FunBox2-8124,-53,1,2412,False,False
1778936328.5111501,control,cts,,8a:f4:af:eb:f3:fb,8a:f4:af:eb:f3:fb,,,,-47,1,2412,False,False
1778936328.5111587,control,ack,,8a:f4:af:eb:f3:fb,8a:f4:af:eb:f3:fb,,,,-45,1,2412,False,False
1778936328.5115077,control,cts,,8a:f4:af:eb:f3:fb,8a:f4:af:eb:f3:fb,,,,-47,1,2412,False,False
1778936328.51195,control,cts,,8a:f4:af:eb:f3:fb,8a:f4:af:eb:f3:fb,,,,-46,1,2412,False,False
1778936328.511952,control,ack,,8a:f4:af:eb:f3:fb,8a:f4:af:eb:f3:fb,,,,-47,1,2412,False,False
1778936328.5151062,control,ack,,8a:f4:af:eb:f3:fb,8a:f4:af:eb:f3:fb,,,,-46,1,2412,False,False
1778936328.515693,control,ack,,8a:f4:af:eb:f3:fb,8a:f4:af:eb:f3:fb,,,,-44,1,2412,False,False
1778936328.5163515,control,ack,,8a:f4:af:eb:f3:fb,8a:f4:af:eb:f3:fb,,,,-44,1,2412,False,False
1778936328.5169609,control,ack,,8a:f4:af:eb:f3:fb,8a:f4:af:eb:f3:fb,,,,-45,1,2412,False,False
1778936328.5497985,control,ack,,8a:f4:af:eb:f3:fb,8a:f4:af:eb:f3:fb,,,,-47,1,2412,False,False
1778936328.5502114,control,ack,,8a:f4:af:eb:f3:fb,8a:f4:af:eb:f3:fb,,,,-47,1,2412,False,False
1778936328.5514636,control,cts,,8a:f4:af:eb:f3:fb,8a:f4:af:eb:f3:fb,,,,-47,1,2412,False,False
1778936328.5514698,control,block_ack,d8:d7:75:45:81:24,8a:f4:af:eb:f3:fb,8a:f4:af:eb:f3:fb,d8:d7:75:45:81:24,,,-46,1,2412,False,False
1778936328.558519,control,cts,,8a:f4:af:eb:f3:fb,8a:f4:af:eb:f3:fb,,,,-47,1,2412,False,False
1778936328.559017,control,cts,,8a:f4:af:eb:f3:fb,8a:f4:af:eb:f3:fb,,,,-46,1,2412,False,False
1778936328.5625186,control,cts,,8a:f4:af:eb:f3:fb,8a:f4:af:eb:f3:fb,,,,-45,1,2412,False,False
1778936328.5625231,control,block_ack,d8:d7:75:45:81:24,8a:f4:af:eb:f3:fb,8a:f4:af:eb:f3:fb,d8:d7:75:45:81:24,,,-45,1,2412,False,False
1778936328.5668268,management,beacon,d8:d7:75:45:81:24,ff:ff:ff:ff:ff:ff,ff:ff:ff:ff:ff:ff,d8:d7:75:45:81:24,d8:d7:75:45:81:24,FunBox2-8124,-42,1,2412,False,False
1778936328.5686526,control,rts,d8:d7:75:45:81:24,8a:f4:af:eb:f3:fb,8a:f4:af:eb:f3:fb,d8:d7:75:45:81:24,,,-47,1,2412,False,False
1778936328.570767,control,rts,d8:d7:75:45:81:24,8a:f4:af:eb:f3:fb,8a:f4:af:eb:f3:fb,d8:d7:75:45:81:24,,,-45,1,2412,False,False
1778936328.5882869,control,rts,d8:d7:75:45:81:24,8a:f4:af:eb:f3:fb,8a:f4:af:eb:f3:fb,d8:d7:75:45:81:24,,,-47,1,2412,False,False
1778936328.5890524,control,rts,d8:d7:75:45:81:24,8a:f4:af:eb:f3:fb,8a:f4:af:eb:f3:fb,d8:d7:75:45:81:24,,,-46,1,2412,False,False
1778936328.589699,control,cts,,8a:f4:af:eb:f3:fb,8a:f4:af:eb:f3:fb,,,,-45,1,2412,False,False
1778936328.5902665,control,cts,,8a:f4:af:eb:f3:fb,8a:f4:af:eb:f3:fb,,,,-45,1,2412,False,False
1778936328.5902674,control,block_ack,d8:d7:75:45:81:24,8a:f4:af:eb:f3:fb,8a:f4:af:eb:f3:fb,d8:d7:75:45:81:24,,,-47,1,2412,False,False
1778936328.5975783,control,cts,,8a:f4:af:eb:f3:fb,8a:f4:af:eb:f3:fb,,,,-47,1,2412,False,False
1778936328.597584,control,block_ack,d8:d7:75:45:81:24,8a:f4:af:eb:f3:fb,8a:f4:af:eb:f3:fb,d8:d7:75:45:81:24,,,-46,1,2412,False,False
1778936328.5987165,control,cts,,8a:f4:af:eb:f3:fb,8a:f4:af:eb:f3:fb,,,,-46,1,2412,False,False
1778936328.5990505,control,cts,,8a:f4:af:eb:f3:fb,8a:f4:af:eb:f3:fb,,,,-45,1,2412,False,False
1778936328.5992498,control,block_ack,d8:d7:75:45:81:24,8a:f4:af:eb:f3:fb,8a:f4:af:eb:f3:fb,d8:d7:75:45:81:24,,,-47,1,2412,False,False
1778936328.5999339,control,cts,,8a:f4:af:eb:f3:fb,8a:f4:af:eb:f3:fb,,,,-47,1,2412,False,False
1778936328.5999365,control,block_ack,d8:d7:75:45:81:24,8a:f4:af:eb:f3:fb,8a:f4:af:eb:f3:fb,d8:d7:75:45:81:24,,,-45,1,2412,False,False
1778936328.6002605,control,cts,,8a:f4:af:eb:f3:fb,8a:f4:af:eb:f3:fb,,,,-46,1,2412,False,False
1778936328.6007235,control,cts,,8a:f4:af:eb:f3:fb,8a:f4:af:eb:f3:fb,,,,-47,1,2412,False,False
1778936328.6012754,control,cts,,8a:f4:af:eb:f3:fb,8a:f4:af:eb:f3:fb,,,,-47,1,2412,False,False
1778936328.6012783,control,block_ack,d8:d7:75:45:81:24,8a:f4:af:eb:f3:fb,8a:f4:af:eb:f3:fb,d8:d7:75:45:81:24,,,-47,1,2412,False,False
1778936328.6208146,control,cts,,8a:f4:af:eb:f3:fb,8a:f4:af:eb:f3:fb,,,,-46,1,2412,False,False
1778936328.620818,control,block_ack,d8:d7:75:45:81:24,8a:f4:af:eb:f3:fb,8a:f4:af:eb:f3:fb,d8:d7:75:45:81:24,,,-46,1,2412,False,False
1778936328.6215308,control,cts,,8a:f4:af:eb:f3:fb,8a:f4:af:eb:f3:fb,,,,-44,1,2412,False,False
1778936328.622171,control,cts,,8a:f4:af:eb:f3:fb,8a:f4:af:eb:f3:fb,,,,-45,1,2412,False,False
1778936328.6221728,control,block_ack,d8:d7:75:45:81:24,8a:f4:af:eb:f3:fb,8a:f4:af:eb:f3:fb,d8:d7:75:45:81:24,,,-47,1,2412,False,False
1778936328.6227536,control,cts,,8a:f4:af:eb:f3:fb,8a:f4:af:eb:f3:fb,,,,-46,1,2412,False,False
1778936328.6231651,control,rts,8a:f4:af:eb:f3:fb,d8:d7:75:45:81:24,d8:d7:75:45:81:24,8a:f4:af:eb:f3:fb,,,-87,1,2412,False,False
1778936328.6231673,control,cts,,8a:f4:af:eb:f3:fb,8a:f4:af:eb:f3:fb,,,,-44,1,2412,False,False
1778936328.6233377,control,block_ack,d8:d7:75:45:81:24,8a:f4:af:eb:f3:fb,8a:f4:af:eb:f3:fb,d8:d7:75:45:81:24,,,-45,1,2412,False,False
1778936328.6238537,control,cts,,8a:f4:af:eb:f3:fb,8a:f4:af:eb:f3:fb,,,,-45,1,2412,False,False
1778936328.6244838,control,cts,,8a:f4:af:eb:f3:fb,8a:f4:af:eb:f3:fb,,,,-46,1,2412,False,False
1778936328.6244857,control,block_ack,d8:d7:75:45:81:24,8a:f4:af:eb:f3:fb,8a:f4:af:eb:f3:fb,d8:d7:75:45:81:24,,,-45,1,2412,False,False
1778936328.6248095,control,cts,,8a:f4:af:eb:f3:fb,8a:f4:af:eb:f3:fb,,,,-44,1,2412,False,False
1778936328.6252642,control,cts,,8a:f4:af:eb:f3:fb,8a:f4:af:eb:f3:fb,,,,-45,1,2412,False,False
1778936328.625669,control,cts,,8a:f4:af:eb:f3:fb,8a:f4:af:eb:f3:fb,,,,-45,1,2412,False,False
1778936328.6262357,control,block_ack,d8:d7:75:45:81:24,8a:f4:af:eb:f3:fb,8a:f4:af:eb:f3:fb,d8:d7:75:45:81:24,,,-47,1,2412,False,False
1778936328.6262383,control,rts,d8:d7:75:45:81:24,8a:f4:af:eb:f3:fb,8a:f4:af:eb:f3:fb,d8:d7:75:45:81:24,,,-46,1,2412,False,False
1778936328.6284945,control,rts,d8:d7:75:45:81:24,8a:f4:af:eb:f3:fb,8a:f4:af:eb:f3:fb,d8:d7:75:45:81:24,,,-45,1,2412,False,False
1778936328.6289763,control,rts,d8:d7:75:45:81:24,8a:f4:af:eb:f3:fb,8a:f4:af:eb:f3:fb,d8:d7:75:45:81:24,,,-47,1,2412,False,False
1778936328.6298802,control,rts,d8:d7:75:45:81:24,8a:f4:af:eb:f3:fb,8a:f4:af:eb:f3:fb,d8:d7:75:45:81:24,,,-45,1,2412,False,False
1778936328.6317062,control,cts,,8a:f4:af:eb:f3:fb,8a:f4:af:eb:f3:fb,,,,-47,1,2412,False,False
1778936328.631708,control,block_ack,d8:d7:75:45:81:24,8a:f4:af:eb:f3:fb,8a:f4:af:eb:f3:fb,d8:d7:75:45:81:24,,,-44,1,2412,False,False
1778936328.632129,control,cts,,8a:f4:af:eb:f3:fb,8a:f4:af:eb:f3:fb,,,,-46,1,2412,False,False
1778936328.632781,control,rts,8a:f4:af:eb:f3:fb,d8:d7:75:45:81:24,d8:d7:75:45:81:24,8a:f4:af:eb:f3:fb,,,-84,1,2412,False,False
1778936328.6327825,control,cts,,8a:f4:af:eb:f3:fb,8a:f4:af:eb:f3:fb,,,,-45,1,2412,False,False
1778936328.632783,control,block_ack,d8:d7:75:45:81:24,8a:f4:af:eb:f3:fb,8a:f4:af:eb:f3:fb,d8:d7:75:45:81:24,,,-45,1,2412,False,False
1778936328.6338463,control,rts,d8:d7:75:45:81:24,8a:f4:af:eb:f3:fb,8a:f4:af:eb:f3:fb,d8:d7:75:45:81:24,,,-46,1,2412,False,False
1778936328.6356864,control,cts,,8a:f4:af:eb:f3:fb,8a:f4:af:eb:f3:fb,,,,-45,1,2412,False,False
1778936328.6356897,control,block_ack,d8:d7:75:45:81:24,8a:f4:af:eb:f3:fb,8a:f4:af:eb:f3:fb,d8:d7:75:45:81:24,,,-45,1,2412,False,False
1778936328.6481528,control,rts,d8:d7:75:45:81:24,8a:f4:af:eb:f3:fb,8a:f4:af:eb:f3:fb,d8:d7:75:45:81:24,,,-45,1,2412,False,False
1778936328.6510348,control,rts,d8:d7:75:45:81:24,8a:f4:af:eb:f3:fb,8a:f4:af:eb:f3:fb,d8:d7:75:45:81:24,,,-45,1,2412,False,False
1778936328.651711,control,rts,d8:d7:75:45:81:24,8a:f4:af:eb:f3:fb,8a:f4:af:eb:f3:fb,d8:d7:75:45:81:24,,,-47,1,2412,False,False
1778936328.6531525,control,rts,d8:d7:75:45:81:24,8a:f4:af:eb:f3:fb,8a:f4:af:eb:f3:fb,d8:d7:75:45:81:24,,,-46,1,2412,False,False
1778936328.6568785,control,cts,,8a:f4:af:eb:f3:fb,8a:f4:af:eb:f3:fb,,,,-46,1,2412,False,False
1778936328.6568823,control,block_ack,d8:d7:75:45:81:24,8a:f4:af:eb:f3:fb,8a:f4:af:eb:f3:fb,d8:d7:75:45:81:24,,,-46,1,2412,False,False
1778936328.6568828,control,rts,d8:d7:75:45:81:24,8a:f4:af:eb:f3:fb,8a:f4:af:eb:f3:fb,d8:d7:75:45:81:24,,,-46,1,2412,False,False
1778936328.6606526,control,rts,d8:d7:75:45:81:24,8a:f4:af:eb:f3:fb,8a:f4:af:eb:f3:fb,d8:d7:75:45:81:24,,,-47,1,2412,False,False
1778936328.6614017,control,rts,d8:d7:75:45:81:24,8a:f4:af:eb:f3:fb,8a:f4:af:eb:f3:fb,d8:d7:75:45:81:24,,,-47,1,2412,False,False
1778936328.662256,control,rts,d8:d7:75:45:81:24,8a:f4:af:eb:f3:fb,8a:f4:af:eb:f3:fb,d8:d7:75:45:81:24,,,-47,1,2412,False,False
1778936328.662503,control,rts,d8:d7:75:45:81:24,8a:f4:af:eb:f3:fb,8a:f4:af:eb:f3:fb,d8:d7:75:45:81:24,,,-46,1,2412,False,False
1778936328.6636002,control,rts,d8:d7:75:45:81:24,8a:f4:af:eb:f3:fb,8a:f4:af:eb:f3:fb,d8:d7:75:45:81:24,,,-46,1,2412,False,False
1778936328.6649098,control,rts,d8:d7:75:45:81:24,8a:f4:af:eb:f3:fb,8a:f4:af:eb:f3:fb,d8:d7:75:45:81:24,,,-46,1,2412,False,False
1778936328.6656134,control,rts,d8:d7:75:45:81:24,8a:f4:af:eb:f3:fb,8a:f4:af:eb:f3:fb,d8:d7:75:45:81:24,,,-47,1,2412,False,False
1778936328.6692102,management,beacon,d8:d7:75:45:81:24,ff:ff:ff:ff:ff:ff,ff:ff:ff:ff:ff:ff,d8:d7:75:45:81:24,d8:d7:75:45:81:24,FunBox2-8124,-42,1,2412,False,False
1778936328.6708798,data,data,d8:d7:75:45:81:24,01:00:5e:00:00:fb,01:00:5e:00:00:fb,d8:d7:75:45:81:24,8a:f4:af:eb:f3:fb,,-42,1,2412,True,False
1778936328.6713142,control,ack,,d8:d7:75:45:81:24,d8:d7:75:45:81:24,,,,-85,1,2412,False,False
1778936328.671318,data,null_data,50:02:91:e8:18:ec,d8:d7:75:45:81:24,d8:d7:75:45:81:24,50:02:91:e8:18:ec,d8:d7:75:45:81:24,,-82,1,2412,False,False
1778936328.6715603,data,null_data,50:02:91:e8:18:ec,d8:d7:75:45:81:24,d8:d7:75:45:81:24,50:02:91:e8:18:ec,d8:d7:75:45:81:24,,-83,1,2412,False,True
1778936328.6715615,control,ack,,50:02:91:e8:18:ec,50:02:91:e8:18:ec,,,,-45,1,2412,False,False
1778936328.6738324,data,data,d8:d7:75:45:81:24,33:33:00:00:00:fb,33:33:00:00:00:fb,d8:d7:75:45:81:24,8a:f4:af:eb:f3:fb,,-42,1,2412,True,False
1778936328.6741278,control,ack,,d8:d7:75:45:81:24,d8:d7:75:45:81:24,,,,-84,1,2412,False,False
1778936328.6743429,control,cts,,8a:f4:af:eb:f3:fb,8a:f4:af:eb:f3:fb,,,,-50,1,2412,False,False
1778936328.6748524,control,block_ack,d8:d7:75:45:81:24,8a:f4:af:eb:f3:fb,8a:f4:af:eb:f3:fb,d8:d7:75:45:81:24,,,-47,1,2412,False,False
1778936328.675424,control,block_ack,d8:d7:75:45:81:24,8a:f4:af:eb:f3:fb,8a:f4:af:eb:f3:fb,d8:d7:75:45:81:24,,,-45,1,2412,False,False
1778936328.6798942,control,rts,d8:d7:75:45:81:24,8a:f4:af:eb:f3:fb,8a:f4:af:eb:f3:fb,d8:d7:75:45:81:24,,,-47,1,2412,False,False
1778936328.687158,control,rts,8a:f4:af:eb:f3:fb,d8:d7:75:45:81:24,d8:d7:75:45:81:24,8a:f4:af:eb:f3:fb,,,-86,1,2412,False,False
1778936328.6871622,control,cts,,8a:f4:af:eb:f3:fb,8a:f4:af:eb:f3:fb,,,,-46,1,2412,False,False
1778936328.6873178,control,block_ack,d8:d7:75:45:81:24,8a:f4:af:eb:f3:fb,8a:f4:af:eb:f3:fb,d8:d7:75:45:81:24,,,-46,1,2412,False,False
1778936328.6892602,control,rts,d8:d7:75:45:81:24,8a:f4:af:eb:f3:fb,8a:f4:af:eb:f3:fb,d8:d7:75:45:81:24,,,-46,1,2412,False,False
1778936328.692343,control,rts,8a:f4:af:eb:f3:fb,d8:d7:75:45:81:24,d8:d7:75:45:81:24,8a:f4:af:eb:f3:fb,,,-87,1,2412,False,False
1778936328.6923497,control,cts,,8a:f4:af:eb:f3:fb,8a:f4:af:eb:f3:fb,,,,-46,1,2412,False,False
1778936328.6923506,control,block_ack,d8:d7:75:45:81:24,8a:f4:af:eb:f3:fb,8a:f4:af:eb:f3:fb,d8:d7:75:45:81:24,,,-47,1,2412,False,False
1778936328.6928272,control,block_ack,d8:d7:75:45:81:24,8a:f4:af:eb:f3:fb,8a:f4:af:eb:f3:fb,d8:d7:75:45:81:24,,,-47,1,2412,False,False
1778936328.692829,control,rts,d8:d7:75:45:81:24,8a:f4:af:eb:f3:fb,8a:f4:af:eb:f3:fb,d8:d7:75:45:81:24,,,-47,1,2412,False,False
1778936328.707618,control,rts,d8:d7:75:45:81:24,8a:f4:af:eb:f3:fb,8a:f4:af:eb:f3:fb,d8:d7:75:45:81:24,,,-46,1,2412,False,False
1778936328.7081072,control,rts,d8:d7:75:45:81:24,8a:f4:af:eb:f3:fb,8a:f4:af:eb:f3:fb,d8:d7:75:45:81:24,,,-47,1,2412,False,False
1778936328.7096,control,rts,d8:d7:75:45:81:24,8a:f4:af:eb:f3:fb,8a:f4:af:eb:f3:fb,d8:d7:75:45:81:24,,,-46,1,2412,False,False
1778936328.7096055,control,cts,,d8:d7:75:45:81:24,d8:d7:75:45:81:24,,,,-87,1,2412,False,False
1778936328.7096064,control,block_ack,8a:f4:af:eb:f3:fb,d8:d7:75:45:81:24,d8:d7:75:45:81:24,8a:f4:af:eb:f3:fb,,,-85,1,2412,False,False
1778936328.7112312,control,rts,d8:d7:75:45:81:24,8a:f4:af:eb:f3:fb,8a:f4:af:eb:f3:fb,d8:d7:75:45:81:24,,,-45,1,2412,False,False
1778936328.7112367,control,cts,,d8:d7:75:45:81:24,d8:d7:75:45:81:24,,,,-86,1,2412,False,False
1778936328.7117639,control,rts,d8:d7:75:45:81:24,8a:f4:af:eb:f3:fb,8a:f4:af:eb:f3:fb,d8:d7:75:45:81:24,,,-47,1,2412,False,False
1778936328.7117653,control,cts,,d8:d7:75:45:81:24,d8:d7:75:45:81:24,,,,-87,1,2412,False,False
1778936328.7117655,control,block_ack,8a:f4:af:eb:f3:fb,d8:d7:75:45:81:24,d8:d7:75:45:81:24,8a:f4:af:eb:f3:fb,,,-84,1,2412,False,False
1778936328.7123296,control,rts,d8:d7:75:45:81:24,8a:f4:af:eb:f3:fb,8a:f4:af:eb:f3:fb,d8:d7:75:45:81:24,,,-46,1,2412,False,False
1778936328.7123308,control,cts,,d8:d7:75:45:81:24,d8:d7:75:45:81:24,,,,-85,1,2412,False,False
1778936328.7141154,control,rts,d8:d7:75:45:81:24,8a:f4:af:eb:f3:fb,8a:f4:af:eb:f3:fb,d8:d7:75:45:81:24,,,-47,1,2412,False,False
1778936328.7141194,control,cts,,d8:d7:75:45:81:24,d8:d7:75:45:81:24,,,,-88,1,2412,False,False
1778936328.7150154,control,rts,d8:d7:75:45:81:24,8a:f4:af:eb:f3:fb,8a:f4:af:eb:f3:fb,d8:d7:75:45:81:24,,,-47,1,2412,False,False
1778936328.715017,control,cts,,d8:d7:75:45:81:24,d8:d7:75:45:81:24,,,,-86,1,2412,False,False
1778936328.715772,control,block_ack,8a:f4:af:eb:f3:fb,d8:d7:75:45:81:24,d8:d7:75:45:81:24,8a:f4:af:eb:f3:fb,,,-86,1,2412,False,False
1778936328.7162216,control,cts,,8a:f4:af:eb:f3:fb,8a:f4:af:eb:f3:fb,,,,-46,1,2412,False,False
1778936328.7162232,control,block_ack,d8:d7:75:45:81:24,8a:f4:af:eb:f3:fb,8a:f4:af:eb:f3:fb,d8:d7:75:45:81:24,,,-46,1,2412,False,False
1778936328.7169127,control,block_ack,d8:d7:75:45:81:24,8a:f4:af:eb:f3:fb,8a:f4:af:eb:f3:fb,d8:d7:75:45:81:24,,,-45,1,2412,False,False
1778936328.716915,control,rts,d8:d7:75:45:81:24,8a:f4:af:eb:f3:fb,8a:f4:af:eb:f3:fb,d8:d7:75:45:81:24,,,-47,1,2412,False,False
1778936328.7169154,control,cts,,d8:d7:75:45:81:24,d8:d7:75:45:81:24,,,,-85,1,2412,False,False
1778936328.7173846,control,block_ack,8a:f4:af:eb:f3:fb,d8:d7:75:45:81:24,d8:d7:75:45:81:24,8a:f4:af:eb:f3:fb,,,-87,1,2412,False,False
1778936328.717757,control,cts,,8a:f4:af:eb:f3:fb,8a:f4:af:eb:f3:fb,,,,-45,1,2412,False,False
1778936328.7177584,control,block_ack,d8:d7:75:45:81:24,8a:f4:af:eb:f3:fb,8a:f4:af:eb:f3:fb,d8:d7:75:45:81:24,,,-47,1,2412,False,False
1778936328.7190223,control,rts,d8:d7:75:45:81:24,8a:f4:af:eb:f3:fb,8a:f4:af:eb:f3:fb,d8:d7:75:45:81:24,,,-46,1,2412,False,False
1778936328.719026,control,cts,,d8:d7:75:45:81:24,d8:d7:75:45:81:24,,,,-85,1,2412,False,False
1778936328.7194424,control,block_ack,8a:f4:af:eb:f3:fb,d8:d7:75:45:81:24,d8:d7:75:45:81:24,8a:f4:af:eb:f3:fb,,,-85,1,2412,False,False
1778936328.7201514,control,rts,d8:d7:75:45:81:24,8a:f4:af:eb:f3:fb,8a:f4:af:eb:f3:fb,d8:d7:75:45:81:24,,,-45,1,2412,False,False
1778936328.7201533,control,cts,,d8:d7:75:45:81:24,d8:d7:75:45:81:24,,,,-86,1,2412,False,False
1778936328.7210798,control,block_ack,8a:f4:af:eb:f3:fb,d8:d7:75:45:81:24,d8:d7:75:45:81:24,8a:f4:af:eb:f3:fb,,,-87,1,2412,False,False
1778936328.7210808,control,rts,8a:f4:af:eb:f3:fb,d8:d7:75:45:81:24,d8:d7:75:45:81:24,8a:f4:af:eb:f3:fb,,,-86,1,2412,False,False
1778936328.7210813,control,cts,,8a:f4:af:eb:f3:fb,8a:f4:af:eb:f3:fb,,,,-46,1,2412,False,False
1778936328.721082,control,block_ack,d8:d7:75:45:81:24,8a:f4:af:eb:f3:fb,8a:f4:af:eb:f3:fb,d8:d7:75:45:81:24,,,-46,1,2412,False,False
1778936328.721512,control,rts,d8:d7:75:45:81:24,8a:f4:af:eb:f3:fb,8a:f4:af:eb:f3:fb,d8:d7:75:45:81:24,,,-47,1,2412,False,False
1778936328.7215164,control,cts,,d8:d7:75:45:81:24,d8:d7:75:45:81:24,,,,-85,1,2412,False,False
1778936328.721517,control,block_ack,8a:f4:af:eb:f3:fb,d8:d7:75:45:81:24,d8:d7:75:45:81:24,8a:f4:af:eb:f3:fb,,,-86,1,2412,False,False
1778936328.7235,control,rts,d8:d7:75:45:81:24,8a:f4:af:eb:f3:fb,8a:f4:af:eb:f3:fb,d8:d7:75:45:81:24,,,-47,1,2412,False,False
1778936328.7236948,control,block_ack,8a:f4:af:eb:f3:fb,d8:d7:75:45:81:24,d8:d7:75:45:81:24,8a:f4:af:eb:f3:fb,,,-86,1,2412,False,False
1778936328.7239435,control,cts,,8a:f4:af:eb:f3:fb,8a:f4:af:eb:f3:fb,,,,-47,1,2412,False,False
1778936328.7246087,control,block_ack,d8:d7:75:45:81:24,8a:f4:af:eb:f3:fb,8a:f4:af:eb:f3:fb,d8:d7:75:45:81:24,,,-45,1,2412,False,False
1778936328.72461,control,rts,d8:d7:75:45:81:24,8a:f4:af:eb:f3:fb,8a:f4:af:eb:f3:fb,d8:d7:75:45:81:24,,,-47,1,2412,False,False
1778936328.7246106,control,cts,,d8:d7:75:45:81:24,d8:d7:75:45:81:24,,,,-85,1,2412,False,False
1778936328.724611,control,block_ack,8a:f4:af:eb:f3:fb,d8:d7:75:45:81:24,d8:d7:75:45:81:24,8a:f4:af:eb:f3:fb,,,-85,1,2412,False,False
1778936328.7258255,control,cts,,8a:f4:af:eb:f3:fb,8a:f4:af:eb:f3:fb,,,,-46,1,2412,False,False
1778936328.726308,control,block_ack,d8:d7:75:45:81:24,8a:f4:af:eb:f3:fb,8a:f4:af:eb:f3:fb,d8:d7:75:45:81:24,,,-46,1,2412,False,False
1778936328.7276585,control,cts,,8a:f4:af:eb:f3:fb,8a:f4:af:eb:f3:fb,,,,-45,1,2412,False,False
1778936328.7276647,control,block_ack,d8:d7:75:45:81:24,8a:f4:af:eb:f3:fb,8a:f4:af:eb:f3:fb,d8:d7:75:45:81:24,,,-44,1,2412,False,False
1778936328.7363765,control,cts,,8a:f4:af:eb:f3:fb,8a:f4:af:eb:f3:fb,,,,-45,1,2412,False,False
1778936328.7363822,control,block_ack,d8:d7:75:45:81:24,8a:f4:af:eb:f3:fb,8a:f4:af:eb:f3:fb,d8:d7:75:45:81:24,,,-46,1,2412,False,False
1778936328.737098,control,cts,,8a:f4:af:eb:f3:fb,8a:f4:af:eb:f3:fb,,,,-46,1,2412,False,False
1778936328.7373855,control,block_ack,d8:d7:75:45:81:24,8a:f4:af:eb:f3:fb,8a:f4:af:eb:f3:fb,d8:d7:75:45:81:24,,,-46,1,2412,False,False
1778936328.7496874,control,rts,d8:d7:75:45:81:24,8a:f4:af:eb:f3:fb,8a:f4:af:eb:f3:fb,d8:d7:75:45:81:24,,,-46,1,2412,False,False
1778936328.7509494,control,rts,d8:d7:75:45:81:24,8a:f4:af:eb:f3:fb,8a:f4:af:eb:f3:fb,d8:d7:75:45:81:24,,,-47,1,2412,False,False
1778936328.7518528,control,rts,d8:d7:75:45:81:24,8a:f4:af:eb:f3:fb,8a:f4:af:eb:f3:fb,d8:d7:75:45:81:24,,,-46,1,2412,False,False
1778936328.7526011,control,rts,d8:d7:75:45:81:24,8a:f4:af:eb:f3:fb,8a:f4:af:eb:f3:fb,d8:d7:75:45:81:24,,,-44,1,2412,False,False
1778936328.7538023,control,rts,d8:d7:75:45:81:24,8a:f4:af:eb:f3:fb,8a:f4:af:eb:f3:fb,d8:d7:75:45:81:24,,,-45,1,2412,False,False
1778936328.7542229,control,cts,,8a:f4:af:eb:f3:fb,8a:f4:af:eb:f3:fb,,,,-46,1,2412,False,False
1778936328.754734,control,rts,d8:d7:75:45:81:24,8a:f4:af:eb:f3:fb,8a:f4:af:eb:f3:fb,d8:d7:75:45:81:24,,,-47,1,2412,False,False
1778936328.7554276,control,cts,,8a:f4:af:eb:f3:fb,8a:f4:af:eb:f3:fb,,,,-47,1,2412,False,False
1778936328.7554295,control,block_ack,d8:d7:75:45:81:24,8a:f4:af:eb:f3:fb,8a:f4:af:eb:f3:fb,d8:d7:75:45:81:24,,,-46,1,2412,False,False
1778936328.7554302,control,rts,d8:d7:75:45:81:24,8a:f4:af:eb:f3:fb,8a:f4:af:eb:f3:fb,d8:d7:75:45:81:24,,,-47,1,2412,False,False
1778936328.7567081,control,rts,8a:f4:af:eb:f3:fb,d8:d7:75:45:81:24,d8:d7:75:45:81:24,8a:f4:af:eb:f3:fb,,,-85,1,2412,False,False
1778936328.7567096,control,rts,d8:d7:75:45:81:24,8a:f4:af:eb:f3:fb,8a:f4:af:eb:f3:fb,d8:d7:75:45:81:24,,,-46,1,2412,False,False
1778936328.7574124,control,cts,,8a:f4:af:eb:f3:fb,8a:f4:af:eb:f3:fb,,,,-47,1,2412,False,False
1778936328.7582755,control,rts,8a:f4:af:eb:f3:fb,d8:d7:75:45:81:24,d8:d7:75:45:81:24,8a:f4:af:eb:f3:fb,,,-86,1,2412,False,False
1778936328.7582774,control,cts,,8a:f4:af:eb:f3:fb,8a:f4:af:eb:f3:fb,,,,-45,1,2412,False,False
1778936328.7590828,control,rts,8a:f4:af:eb:f3:fb,d8:d7:75:45:81:24,d8:d7:75:45:81:24,8a:f4:af:eb:f3:fb,,,-85,1,2412,False,False
1778936328.759086,control,cts,,8a:f4:af:eb:f3:fb,8a:f4:af:eb:f3:fb,,,,-51,1,2412,False,False
1778936328.7596478,data,qos_data,8a:f4:af:eb:f3:fb,d8:d7:75:45:81:24,d8:d7:75:45:81:24,8a:f4:af:eb:f3:fb,d8:d7:75:45:81:24,,-84,1,2412,True,True
1778936328.759651,control,ack,,8a:f4:af:eb:f3:fb,8a:f4:af:eb:f3:fb,,,,-52,1,2412,False,False
1778936328.7596517,control,block_ack,d8:d7:75:45:81:24,8a:f4:af:eb:f3:fb,8a:f4:af:eb:f3:fb,d8:d7:75:45:81:24,,,-52,1,2412,False,False
1778936328.760305,control,block_ack,d8:d7:75:45:81:24,8a:f4:af:eb:f3:fb,8a:f4:af:eb:f3:fb,d8:d7:75:45:81:24,,,-45,1,2412,False,False
1778936328.7607832,control,rts,d8:d7:75:45:81:24,8a:f4:af:eb:f3:fb,8a:f4:af:eb:f3:fb,d8:d7:75:45:81:24,,,-46,1,2412,False,False
1778936328.7620828,control,cts,,8a:f4:af:eb:f3:fb,8a:f4:af:eb:f3:fb,,,,-45,1,2412,False,False
1778936328.7620852,control,block_ack,d8:d7:75:45:81:24,8a:f4:af:eb:f3:fb,8a:f4:af:eb:f3:fb,d8:d7:75:45:81:24,,,-46,1,2412,False,False
1778936328.7622845,control,rts,d8:d7:75:45:81:24,8a:f4:af:eb:f3:fb,8a:f4:af:eb:f3:fb,d8:d7:75:45:81:24,,,-47,1,2412,False,False
1778936328.7628906,control,rts,d8:d7:75:45:81:24,8a:f4:af:eb:f3:fb,8a:f4:af:eb:f3:fb,d8:d7:75:45:81:24,,,-46,1,2412,False,False
1778936328.7645795,control,rts,d8:d7:75:45:81:24,8a:f4:af:eb:f3:fb,8a:f4:af:eb:f3:fb,d8:d7:75:45:81:24,,,-45,1,2412,False,False
1778936328.7669332,control,rts,d8:d7:75:45:81:24,8a:f4:af:eb:f3:fb,8a:f4:af:eb:f3:fb,d8:d7:75:45:81:24,,,-46,1,2412,False,False
1778936328.7673283,control,rts,d8:d7:75:45:81:24,8a:f4:af:eb:f3:fb,8a:f4:af:eb:f3:fb,d8:d7:75:45:81:24,,,-46,1,2412,False,False
1778936328.7762825,management,beacon,d8:d7:75:45:81:24,ff:ff:ff:ff:ff:ff,ff:ff:ff:ff:ff:ff,d8:d7:75:45:81:24,d8:d7:75:45:81:24,FunBox2-8124,-43,1,2412,False,False
1778936328.7774665,control,rts,d8:d7:75:45:81:24,8a:f4:af:eb:f3:fb,8a:f4:af:eb:f3:fb,d8:d7:75:45:81:24,,,-47,1,2412,False,False
1778936328.7786508,control,rts,d8:d7:75:45:81:24,8a:f4:af:eb:f3:fb,8a:f4:af:eb:f3:fb,d8:d7:75:45:81:24,,,-47,1,2412,False,False
1778936328.781256,control,rts,d8:d7:75:45:81:24,8a:f4:af:eb:f3:fb,8a:f4:af:eb:f3:fb,d8:d7:75:45:81:24,,,-46,1,2412,False,False
1778936328.783479,control,rts,d8:d7:75:45:81:24,8a:f4:af:eb:f3:fb,8a:f4:af:eb:f3:fb,d8:d7:75:45:81:24,,,-47,1,2412,False,False
1778936328.7848878,control,rts,d8:d7:75:45:81:24,8a:f4:af:eb:f3:fb,8a:f4:af:eb:f3:fb,d8:d7:75:45:81:24,,,-46,1,2412,False,False
1778936328.7859128,control,rts,d8:d7:75:45:81:24,8a:f4:af:eb:f3:fb,8a:f4:af:eb:f3:fb,d8:d7:75:45:81:24,,,-45,1,2412,False,False
1778936328.7867908,control,rts,d8:d7:75:45:81:24,8a:f4:af:eb:f3:fb,8a:f4:af:eb:f3:fb,d8:d7:75:45:81:24,,,-46,1,2412,False,False
1778936328.7888496,control,rts,d8:d7:75:45:81:24,8a:f4:af:eb:f3:fb,8a:f4:af:eb:f3:fb,d8:d7:75:45:81:24,,,-47,1,2412,False,False
1778936328.789692,control,rts,d8:d7:75:45:81:24,8a:f4:af:eb:f3:fb,8a:f4:af:eb:f3:fb,d8:d7:75:45:81:24,,,-46,1,2412,False,False
1778936328.7896962,control,cts,,d8:d7:75:45:81:24,d8:d7:75:45:81:24,,,,-85,1,2412,False,False
1778936328.791663,control,rts,d8:d7:75:45:81:24,8a:f4:af:eb:f3:fb,8a:f4:af:eb:f3:fb,d8:d7:75:45:81:24,,,-46,1,2412,False,False
1778936328.792624,control,rts,8a:f4:af:eb:f3:fb,d8:d7:75:45:81:24,d8:d7:75:45:81:24,8a:f4:af:eb:f3:fb,,,-86,1,2412,False,False
1778936328.793926,control,rts,d8:d7:75:45:81:24,8a:f4:af:eb:f3:fb,8a:f4:af:eb:f3:fb,d8:d7:75:45:81:24,,,-46,1,2412,False,False
1778936328.7939281,control,cts,,d8:d7:75:45:81:24,d8:d7:75:45:81:24,,,,-86,1,2412,False,False
1778936328.7978616,control,rts,d8:d7:75:45:81:24,8a:f4:af:eb:f3:fb,8a:f4:af:eb:f3:fb,d8:d7:75:45:81:24,,,-47,1,2412,False,False
1778936328.7978654,control,cts,,d8:d7:75:45:81:24,d8:d7:75:45:81:24,,,,-87,1,2412,False,False
1778936328.7980723,data,qos_data,d8:d7:75:45:81:24,8a:f4:af:eb:f3:fb,8a:f4:af:eb:f3:fb,d8:d7:75:45:81:24,d8:d7:75:45:81:24,,,1,2412,True,True
1778936328.7999601,data,qos_data,d8:d7:75:45:81:24,8a:f4:af:eb:f3:fb,8a:f4:af:eb:f3:fb,d8:d7:75:45:81:24,d8:d7:75:45:81:24,,,1,2412,True,True
1778936328.802018,data,qos_data,d8:d7:75:45:81:24,8a:f4:af:eb:f3:fb,8a:f4:af:eb:f3:fb,d8:d7:75:45:81:24,d8:d7:75:45:81:24,,-46,1,2412,True,True
1778936328.8134186,control,block_ack,d8:d7:75:45:81:24,8a:f4:af:eb:f3:fb,8a:f4:af:eb:f3:fb,d8:d7:75:45:81:24,,,-46,1,2412,False,False
1778936328.8151329,control,block_ack,d8:d7:75:45:81:24,8a:f4:af:eb:f3:fb,8a:f4:af:eb:f3:fb,d8:d7:75:45:81:24,,,-46,1,2412,False,False
1778936328.8237636,control,rts,d8:d7:75:45:81:24,8a:f4:af:eb:f3:fb,8a:f4:af:eb:f3:fb,d8:d7:75:45:81:24,,,-46,1,2412,False,False
1778936328.8256934,control,cts,,8a:f4:af:eb:f3:fb,8a:f4:af:eb:f3:fb,,,,-47,1,2412,False,False
1778936328.825695,control,block_ack,d8:d7:75:45:81:24,8a:f4:af:eb:f3:fb,8a:f4:af:eb:f3:fb,d8:d7:75:45:81:24,,,-45,1,2412,False,False
1778936328.8266983,control,cts,,8a:f4:af:eb:f3:fb,8a:f4:af:eb:f3:fb,,,,-45,1,2412,False,False
1778936328.8350692,control,cts,,8a:f4:af:eb:f3:fb,8a:f4:af:eb:f3:fb,,,,-47,1,2412,False,False
1778936328.8355408,control,block_ack,d8:d7:75:45:81:24,8a:f4:af:eb:f3:fb,8a:f4:af:eb:f3:fb,d8:d7:75:45:81:24,,,-45,1,2412,False,False
1778936328.8359616,control,cts,,8a:f4:af:eb:f3:fb,8a:f4:af:eb:f3:fb,,,,-46,1,2412,False,False
1778936328.863074,control,cts,,8a:f4:af:eb:f3:fb,8a:f4:af:eb:f3:fb,,,,-47,1,2412,False,False
1778936328.8638895,control,cts,,8a:f4:af:eb:f3:fb,8a:f4:af:eb:f3:fb,,,,-45,1,2412,False,False
1778936328.8638937,control,block_ack,d8:d7:75:45:81:24,8a:f4:af:eb:f3:fb,8a:f4:af:eb:f3:fb,d8:d7:75:45:81:24,,,-47,1,2412,False,False
1778936328.8638942,control,block_ack,d8:d7:75:45:81:24,8a:f4:af:eb:f3:fb,8a:f4:af:eb:f3:fb,d8:d7:75:45:81:24,,,-46,1,2412,False,False
1778936328.8696675,control,rts,d8:d7:75:45:81:24,8a:f4:af:eb:f3:fb,8a:f4:af:eb:f3:fb,d8:d7:75:45:81:24,,,-47,1,2412,False,False
1778936328.87491,control,rts,8a:f4:af:eb:f3:fb,d8:d7:75:45:81:24,d8:d7:75:45:81:24,8a:f4:af:eb:f3:fb,,,-84,1,2412,False,False
1778936328.8797474,control,block_ack,d8:d7:75:45:81:24,8a:f4:af:eb:f3:fb,8a:f4:af:eb:f3:fb,d8:d7:75:45:81:24,,,-47,1,2412,False,False
1778936328.8819036,control,cts,,8a:f4:af:eb:f3:fb,8a:f4:af:eb:f3:fb,,,,-47,1,2412,False,False
1778936328.882351,control,rts,d8:d7:75:45:81:24,8a:f4:af:eb:f3:fb,8a:f4:af:eb:f3:fb,d8:d7:75:45:81:24,,,-47,1,2412,False,False
1778936328.8879516,control,block_ack,d8:d7:75:45:81:24,8a:f4:af:eb:f3:fb,8a:f4:af:eb:f3:fb,d8:d7:75:45:81:24,,,-46,1,2412,False,False
1778936328.8911424,control,rts,d8:d7:75:45:81:24,8a:f4:af:eb:f3:fb,8a:f4:af:eb:f3:fb,d8:d7:75:45:81:24,,,-45,1,2412,False,False
1778936328.8925786,control,rts,d8:d7:75:45:81:24,8a:f4:af:eb:f3:fb,8a:f4:af:eb:f3:fb,d8:d7:75:45:81:24,,,-46,1,2412,False,False
1778936328.899748,control,cts,,8a:f4:af:eb:f3:fb,8a:f4:af:eb:f3:fb,,,,-45,1,2412,False,False
1778936328.9037414,control,cts,,8a:f4:af:eb:f3:fb,8a:f4:af:eb:f3:fb,,,,-45,1,2412,False,False
1778936328.9161396,data,null_data,50:02:91:e8:18:ec,d8:d7:75:45:81:24,d8:d7:75:45:81:24,50:02:91:e8:18:ec,d8:d7:75:45:81:24,,-84,1,2412,False,False
1778936328.9161444,control,ack,,50:02:91:e8:18:ec,50:02:91:e8:18:ec,,,,-46,1,2412,False,False
1778936328.9165797,control,block_ack,d8:d7:75:45:81:24,8a:f4:af:eb:f3:fb,8a:f4:af:eb:f3:fb,d8:d7:75:45:81:24,,,-47,1,2412,False,False
1778936328.9193747,control,cts,,8a:f4:af:eb:f3:fb,8a:f4:af:eb:f3:fb,,,,-45,1,2412,False,False
1778936328.927921,control,rts,d8:d7:75:45:81:24,8a:f4:af:eb:f3:fb,8a:f4:af:eb:f3:fb,d8:d7:75:45:81:24,,,-45,1,2412,False,False
1778936328.9294052,control,cts,,8a:f4:af:eb:f3:fb,8a:f4:af:eb:f3:fb,,,,-47,1,2412,False,False
1778936328.933729,control,cts,,8a:f4:af:eb:f3:fb,8a:f4:af:eb:f3:fb,,,,-47,1,2412,False,False
1778936328.9372246,control,cts,,8a:f4:af:eb:f3:fb,8a:f4:af:eb:f3:fb,,,,-46,1,2412,False,False
1778936328.937854,control,block_ack,d8:d7:75:45:81:24,8a:f4:af:eb:f3:fb,8a:f4:af:eb:f3:fb,d8:d7:75:45:81:24,,,-47,1,2412,False,False
1778936328.9533873,control,cts,,8a:f4:af:eb:f3:fb,8a:f4:af:eb:f3:fb,,,,-45,1,2412,False,False
1778936328.9538095,control,block_ack,d8:d7:75:45:81:24,8a:f4:af:eb:f3:fb,8a:f4:af:eb:f3:fb,d8:d7:75:45:81:24,,,-47,1,2412,False,False
1778936328.956642,control,cts,,8a:f4:af:eb:f3:fb,8a:f4:af:eb:f3:fb,,,,-46,1,2412,False,False
1778936328.9663968,control,block_ack,d8:d7:75:45:81:24,8a:f4:af:eb:f3:fb,8a:f4:af:eb:f3:fb,d8:d7:75:45:81:24,,,-46,1,2412,False,False
1778936328.9706063,control,rts,d8:d7:75:45:81:24,8a:f4:af:eb:f3:fb,8a:f4:af:eb:f3:fb,d8:d7:75:45:81:24,,,-47,1,2412,False,False
1778936328.9777172,management,beacon,d8:d7:75:45:81:24,ff:ff:ff:ff:ff:ff,ff:ff:ff:ff:ff:ff,d8:d7:75:45:81:24,d8:d7:75:45:81:24,FunBox2-8124,-42,1,2412,False,False
1778936328.9795752,control,rts,d8:d7:75:45:81:24,8a:f4:af:eb:f3:fb,8a:f4:af:eb:f3:fb,d8:d7:75:45:81:24,,,-45,1,2412,False,False
1778936328.9848604,control,cts,,8a:f4:af:eb:f3:fb,8a:f4:af:eb:f3:fb,,,,-45,1,2412,False,False
1778936328.9848657,control,block_ack,d8:d7:75:45:81:24,8a:f4:af:eb:f3:fb,8a:f4:af:eb:f3:fb,d8:d7:75:45:81:24,,,-46,1,2412,False,False
1778936328.9948199,control,cts,,8a:f4:af:eb:f3:fb,8a:f4:af:eb:f3:fb,,,,-47,1,2412,False,False
1778936328.998781,control,cts,,8a:f4:af:eb:f3:fb,8a:f4:af:eb:f3:fb,,,,-46,1,2412,False,False
1778936329.0048082,control,cts,,8a:f4:af:eb:f3:fb,8a:f4:af:eb:f3:fb,,,,-47,1,2412,False,False
1778936329.0048108,control,block_ack,d8:d7:75:45:81:24,8a:f4:af:eb:f3:fb,8a:f4:af:eb:f3:fb,d8:d7:75:45:81:24,,,-45,1,2412,False,False
1778936329.0051506,control,cts,,8a:f4:af:eb:f3:fb,8a:f4:af:eb:f3:fb,,,,-45,1,2412,False,False
1778936329.0117986,control,cts,,8a:f4:af:eb:f3:fb,8a:f4:af:eb:f3:fb,,,,-46,1,2412,False,False
1778936329.0134516,control,cts,,8a:f4:af:eb:f3:fb,8a:f4:af:eb:f3:fb,,,,-47,1,2412,False,False
1778936329.0143201,control,cts,,8a:f4:af:eb:f3:fb,8a:f4:af:eb:f3:fb,,,,-46,1,2412,False,False
1778936329.0298123,control,ack,,8a:f4:af:eb:f3:fb,8a:f4:af:eb:f3:fb,,,,-44,1,2412,False,False
1778936329.0302327,control,ack,,8a:f4:af:eb:f3:fb,8a:f4:af:eb:f3:fb,,,,-46,1,2412,False,False
1778936329.0389206,control,rts,d8:d7:75:45:81:24,8a:f4:af:eb:f3:fb,8a:f4:af:eb:f3:fb,d8:d7:75:45:81:24,,,-46,1,2412,False,False
1778936329.0402565,control,cts,,8a:f4:af:eb:f3:fb,8a:f4:af:eb:f3:fb,,,,-46,1,2412,False,False
1778936329.0402582,control,block_ack,d8:d7:75:45:81:24,8a:f4:af:eb:f3:fb,8a:f4:af:eb:f3:fb,d8:d7:75:45:81:24,,,-44,1,2412,False,False
1778936329.0432155,control,cts,,8a:f4:af:eb:f3:fb,8a:f4:af:eb:f3:fb,,,,-47,1,2412,False,False
1778936329.0432198,control,ack,,8a:f4:af:eb:f3:fb,8a:f4:af:eb:f3:fb,,,,-45,1,2412,False,False
1778936329.0550098,control,cts,,8a:f4:af:eb:f3:fb,8a:f4:af:eb:f3:fb,,,,-47,1,2412,False,False
1778936329.0559497,control,block_ack,d8:d7:75:45:81:24,8a:f4:af:eb:f3:fb,8a:f4:af:eb:f3:fb,d8:d7:75:45:81:24,,,-46,1,2412,False,False
1778936329.0644224,control,rts,d8:d7:75:45:81:24,8a:f4:af:eb:f3:fb,8a:f4:af:eb:f3:fb,d8:d7:75:45:81:24,,,-45,1,2412,False,False
1778936329.0661922,control,cts,,8a:f4:af:eb:f3:fb,8a:f4:af:eb:f3:fb,,,,-47,1,2412,False,False
1778936329.0664215,control,block_ack,d8:d7:75:45:81:24,8a:f4:af:eb:f3:fb,8a:f4:af:eb:f3:fb,d8:d7:75:45:81:24,,,-46,1,2412,False,False
1778936329.0686815,control,rts,8a:f4:af:eb:f3:fb,d8:d7:75:45:81:24,d8:d7:75:45:81:24,8a:f4:af:eb:f3:fb,,,-85,1,2412,False,False
1778936329.076659,control,rts,8a:f4:af:eb:f3:fb,d8:d7:75:45:81:24,d8:d7:75:45:81:24,8a:f4:af:eb:f3:fb,,,-87,1,2412,False,False
1778936329.0766633,control,cts,,8a:f4:af:eb:f3:fb,8a:f4:af:eb:f3:fb,,,,-44,1,2412,False,False
1778936329.0779939,control,rts,d8:d7:75:45:81:24,8a:f4:af:eb:f3:fb,8a:f4:af:eb:f3:fb,d8:d7:75:45:81:24,,,-46,1,2412,False,False
1778936329.0950527,control,cts,,8a:f4:af:eb:f3:fb,8a:f4:af:eb:f3:fb,,,,-45,1,2412,False,False
1778936329.0952435,control,block_ack,d8:d7:75:45:81:24,8a:f4:af:eb:f3:fb,8a:f4:af:eb:f3:fb,d8:d7:75:45:81:24,,,-47,1,2412,False,False
1778936329.0992575,control,cts,,8a:f4:af:eb:f3:fb,8a:f4:af:eb:f3:fb,,,,-46,1,2412,False,False
1778936329.0992615,control,block_ack,d8:d7:75:45:81:24,8a:f4:af:eb:f3:fb,8a:f4:af:eb:f3:fb,d8:d7:75:45:81:24,,,-45,1,2412,False,False
1778936329.0992622,control,block_ack,d8:d7:75:45:81:24,8a:f4:af:eb:f3:fb,8a:f4:af:eb:f3:fb,d8:d7:75:45:81:24,,,-46,1,2412,False,False
1778936329.1096988,control,rts,d8:d7:75:45:81:24,8a:f4:af:eb:f3:fb,8a:f4:af:eb:f3:fb,d8:d7:75:45:81:24,,,-46,1,2412,False,False
1778936329.1105297,control,rts,d8:d7:75:45:81:24,8a:f4:af:eb:f3:fb,8a:f4:af:eb:f3:fb,d8:d7:75:45:81:24,,,-47,1,2412,False,False
1778936329.1200595,control,cts,,8a:f4:af:eb:f3:fb,8a:f4:af:eb:f3:fb,,,,-46,1,2412,False,False
1778936329.1255496,control,rts,8a:f4:af:eb:f3:fb,d8:d7:75:45:81:24,d8:d7:75:45:81:24,8a:f4:af:eb:f3:fb,,,-85,1,2412,False,False
1778936329.1260324,control,rts,8a:f4:af:eb:f3:fb,d8:d7:75:45:81:24,d8:d7:75:45:81:24,8a:f4:af:eb:f3:fb,,,-86,1,2412,False,False
1778936329.1359665,control,cts,,8a:f4:af:eb:f3:fb,8a:f4:af:eb:f3:fb,,,,-47,1,2412,False,False
1778936329.1369045,control,rts,d8:d7:75:45:81:24,8a:f4:af:eb:f3:fb,8a:f4:af:eb:f3:fb,d8:d7:75:45:81:24,,,-46,1,2412,False,False
1778936329.13828,control,rts,d8:d7:75:45:81:24,8a:f4:af:eb:f3:fb,8a:f4:af:eb:f3:fb,d8:d7:75:45:81:24,,,-46,1,2412,False,False
1778936329.1478622,control,block_ack,d8:d7:75:45:81:24,8a:f4:af:eb:f3:fb,8a:f4:af:eb:f3:fb,d8:d7:75:45:81:24,,,-47,1,2412,False,False
1778936329.1492147,control,block_ack,d8:d7:75:45:81:24,8a:f4:af:eb:f3:fb,8a:f4:af:eb:f3:fb,d8:d7:75:45:81:24,,,-45,1,2412,False,False
1778936329.1501825,control,ack,,8a:f4:af:eb:f3:fb,8a:f4:af:eb:f3:fb,,,,-47,1,2412,False,False
1778936329.1814399,management,beacon,d8:d7:75:45:81:24,ff:ff:ff:ff:ff:ff,ff:ff:ff:ff:ff:ff,d8:d7:75:45:81:24,d8:d7:75:45:81:24,FunBox2-8124,-51,1,2412,False,False
1778936329.181445,control,rts,d8:d7:75:45:81:24,8a:f4:af:eb:f3:fb,8a:f4:af:eb:f3:fb,d8:d7:75:45:81:24,,,-52,1,2412,False,False
1778936329.1844335,control,rts,d8:d7:75:45:81:24,8a:f4:af:eb:f3:fb,8a:f4:af:eb:f3:fb,d8:d7:75:45:81:24,,,-52,1,2412,False,False
1778936329.185105,control,rts,d8:d7:75:45:81:24,8a:f4:af:eb:f3:fb,8a:f4:af:eb:f3:fb,d8:d7:75:45:81:24,,,-47,1,2412,False,False
1778936329.1898556,control,rts,d8:d7:75:45:81:24,8a:f4:af:eb:f3:fb,8a:f4:af:eb:f3:fb,d8:d7:75:45:81:24,,,-46,1,2412,False,False
1778936329.1903656,control,rts,d8:d7:75:45:81:24,8a:f4:af:eb:f3:fb,8a:f4:af:eb:f3:fb,d8:d7:75:45:81:24,,,-45,1,2412,False,False
1778936329.2103662,control,rts,d8:d7:75:45:81:24,8a:f4:af:eb:f3:fb,8a:f4:af:eb:f3:fb,d8:d7:75:45:81:24,,,-46,1,2412,False,False
1778936329.224932,control,rts,d8:d7:75:45:81:24,8a:f4:af:eb:f3:fb,8a:f4:af:eb:f3:fb,d8:d7:75:45:81:24,,,-47,1,2412,False,False
1778936329.232803,data,null_data,50:02:91:e8:18:ec,d8:d7:75:45:81:24,d8:d7:75:45:81:24,50:02:91:e8:18:ec,d8:d7:75:45:81:24,,-83,1,2412,False,False
1778936329.2328098,control,ack,,50:02:91:e8:18:ec,50:02:91:e8:18:ec,,,,-47,1,2412,False,False
1778936329.2361326,control,ack,,8a:f4:af:eb:f3:fb,8a:f4:af:eb:f3:fb,,,,-86,1,2412,False,False
1778936329.2394354,management,probe_response,d8:d7:75:45:81:24,8a:f4:af:eb:f3:fb,8a:f4:af:eb:f3:fb,d8:d7:75:45:81:24,d8:d7:75:45:81:24,FunBox2-8124,-44,1,2412,False,False
1778936329.2397141,control,ack,,d8:d7:75:45:81:24,d8:d7:75:45:81:24,,,,-85,1,2412,False,False
1778936329.2401307,control,rts,d8:d7:75:45:81:24,8a:f4:af:eb:f3:fb,8a:f4:af:eb:f3:fb,d8:d7:75:45:81:24,,,-51,1,2412,False,False
1778936329.2702596,control,ack,,8a:f4:af:eb:f3:fb,8a:f4:af:eb:f3:fb,,,,-51,1,2412,False,False
1778936329.283632,management,beacon,d8:d7:75:45:81:24,ff:ff:ff:ff:ff:ff,ff:ff:ff:ff:ff:ff,d8:d7:75:45:81:24,d8:d7:75:45:81:24,FunBox2-8124,-43,1,2412,False,False
1778936329.2914596,control,ack,,8a:f4:af:eb:f3:fb,8a:f4:af:eb:f3:fb,,,,-84,1,2412,False,False
1778936329.2947307,management,probe_response,d8:d7:75:45:81:24,8a:f4:af:eb:f3:fb,8a:f4:af:eb:f3:fb,d8:d7:75:45:81:24,d8:d7:75:45:81:24,FunBox2-8124,-42,1,2412,False,False
1778936329.2950363,control,ack,,d8:d7:75:45:81:24,d8:d7:75:45:81:24,,,,-86,1,2412,False,False
1778936329.352591,data,null_data,8a:f4:af:eb:f3:fb,d8:d7:75:45:81:24,d8:d7:75:45:81:24,8a:f4:af:eb:f3:fb,d8:d7:75:45:81:24,,-84,1,2412,False,False
1778936329.3528912,control,ack,,8a:f4:af:eb:f3:fb,8a:f4:af:eb:f3:fb,,,,-46,1,2412,False,False
1778936329.3909388,data,null_data,8a:f4:af:eb:f3:fb,d8:d7:75:45:81:24,d8:d7:75:45:81:24,8a:f4:af:eb:f3:fb,d8:d7:75:45:81:24,,-83,1,2412,False,False
1778936329.391232,control,ack,,8a:f4:af:eb:f3:fb,8a:f4:af:eb:f3:fb,,,,-51,1,2412,False,False
1778936329.4462783,control,ack,,8a:f4:af:eb:f3:fb,8a:f4:af:eb:f3:fb,,,,-47,1,2412,False,False
1778936329.4738185,data,null_data,50:02:91:e8:18:ec,d8:d7:75:45:81:24,d8:d7:75:45:81:24,50:02:91:e8:18:ec,d8:d7:75:45:81:24,,-86,1,2412,False,True
1778936329.4741116,data,null_data,50:02:91:e8:18:ec,d8:d7:75:45:81:24,d8:d7:75:45:81:24,50:02:91:e8:18:ec,d8:d7:75:45:81:24,,-83,1,2412,False,True
1778936329.4744353,data,null_data,50:02:91:e8:18:ec,d8:d7:75:45:81:24,d8:d7:75:45:81:24,50:02:91:e8:18:ec,d8:d7:75:45:81:24,,-83,1,2412,False,True
1778936329.488462,management,beacon,d8:d7:75:45:81:24,ff:ff:ff:ff:ff:ff,ff:ff:ff:ff:ff:ff,d8:d7:75:45:81:24,d8:d7:75:45:81:24,FunBox2-8124,-42,1,2412,False,False
1778936329.5908687,management,beacon,d8:d7:75:45:81:24,ff:ff:ff:ff:ff:ff,ff:ff:ff:ff:ff:ff,d8:d7:75:45:81:24,d8:d7:75:45:81:24,FunBox2-8124,-51,1,2412,False,False
1778936329.5924745,data,null_data,8a:f4:af:eb:f3:fb,d8:d7:75:45:81:24,d8:d7:75:45:81:24,8a:f4:af:eb:f3:fb,d8:d7:75:45:81:24,,-84,1,2412,False,True
1778936329.5933464,data,null_data,8a:f4:af:eb:f3:fb,d8:d7:75:45:81:24,d8:d7:75:45:81:24,8a:f4:af:eb:f3:fb,d8:d7:75:45:81:24,,-86,1,2412,False,True
1778936329.5942178,data,null_data,8a:f4:af:eb:f3:fb,d8:d7:75:45:81:24,d8:d7:75:45:81:24,8a:f4:af:eb:f3:fb,d8:d7:75:45:81:24,,-84,1,2412,False,True
1778936329.5945315,control,ack,,8a:f4:af:eb:f3:fb,8a:f4:af:eb:f3:fb,,,,-51,1,2412,False,False
1778936329.5992312,control,cts,,8a:f4:af:eb:f3:fb,8a:f4:af:eb:f3:fb,,,,-46,1,2412,False,False
1778936329.5992365,control,ack,,8a:f4:af:eb:f3:fb,8a:f4:af:eb:f3:fb,,,,-44,1,2412,False,False
1778936329.626425,control,ack,,8a:f4:af:eb:f3:fb,8a:f4:af:eb:f3:fb,,,,-47,1,2412,False,False
1778936329.6270175,control,ack,,8a:f4:af:eb:f3:fb,8a:f4:af:eb:f3:fb,,,,-47,1,2412,False,False
1778936329.6276827,control,ack,,8a:f4:af:eb:f3:fb,8a:f4:af:eb:f3:fb,,,,-46,1,2412,False,False
1778936329.628282,control,ack,,8a:f4:af:eb:f3:fb,8a:f4:af:eb:f3:fb,,,,-48,1,2412,False,False
1778936329.6298149,control,ack,,8a:f4:af:eb:f3:fb,8a:f4:af:eb:f3:fb,,,,-46,1,2412,False,False
1778936329.6302102,control,ack,,8a:f4:af:eb:f3:fb,8a:f4:af:eb:f3:fb,,,,-45,1,2412,False,False
1778936329.6569057,data,null_data,8a:f4:af:eb:f3:fb,d8:d7:75:45:81:24,d8:d7:75:45:81:24,8a:f4:af:eb:f3:fb,d8:d7:75:45:81:24,,-85,1,2412,False,False
1778936329.6569126,control,ack,,8a:f4:af:eb:f3:fb,8a:f4:af:eb:f3:fb,,,,-46,1,2412,False,False
1778936329.6953645,management,beacon,d8:d7:75:45:81:24,ff:ff:ff:ff:ff:ff,ff:ff:ff:ff:ff:ff,d8:d7:75:45:81:24,d8:d7:75:45:81:24,FunBox2-8124,-44,1,2412,False,False
1778936329.7957132,management,beacon,d8:d7:75:45:81:24,ff:ff:ff:ff:ff:ff,ff:ff:ff:ff:ff:ff,d8:d7:75:45:81:24,d8:d7:75:45:81:24,FunBox2-8124,-51,1,2412,False,False
1778936329.8021264,data,null_data,8a:f4:af:eb:f3:fb,d8:d7:75:45:81:24,d8:d7:75:45:81:24,8a:f4:af:eb:f3:fb,d8:d7:75:45:81:24,,-86,1,2412,False,False
1778936329.8021326,control,ack,,8a:f4:af:eb:f3:fb,8a:f4:af:eb:f3:fb,,,,-53,1,2412,False,False
1778936329.802734,control,rts,8a:f4:af:eb:f3:fb,d8:d7:75:45:81:24,d8:d7:75:45:81:24,8a:f4:af:eb:f3:fb,,,-84,1,2412,False,False
1778936329.802736,control,cts,,8a:f4:af:eb:f3:fb,8a:f4:af:eb:f3:fb,,,,-46,1,2412,False,False
1778936329.8027365,control,block_ack,d8:d7:75:45:81:24,8a:f4:af:eb:f3:fb,8a:f4:af:eb:f3:fb,d8:d7:75:45:81:24,,,-45,1,2412,False,False
1778936329.812355,control,rts,8a:f4:af:eb:f3:fb,d8:d7:75:45:81:24,d8:d7:75:45:81:24,8a:f4:af:eb:f3:fb,,,-85,1,2412,False,False
1778936329.8123603,control,cts,,8a:f4:af:eb:f3:fb,8a:f4:af:eb:f3:fb,,,,-46,1,2412,False,False
1778936329.812361,control,block_ack,d8:d7:75:45:81:24,8a:f4:af:eb:f3:fb,8a:f4:af:eb:f3:fb,d8:d7:75:45:81:24,,,-44,1,2412,False,False
1778936329.8480408,control,rts,d8:d7:75:45:81:24,8a:f4:af:eb:f3:fb,8a:f4:af:eb:f3:fb,d8:d7:75:45:81:24,,,-46,1,2412,False,False
1778936329.8514736,control,rts,d8:d7:75:45:81:24,8a:f4:af:eb:f3:fb,8a:f4:af:eb:f3:fb,d8:d7:75:45:81:24,,,-47,1,2412,False,False
1778936329.8521705,control,rts,d8:d7:75:45:81:24,8a:f4:af:eb:f3:fb,8a:f4:af:eb:f3:fb,d8:d7:75:45:81:24,,,-46,1,2412,False,False
1778936329.853284,control,rts,8a:f4:af:eb:f3:fb,d8:d7:75:45:81:24,d8:d7:75:45:81:24,8a:f4:af:eb:f3:fb,,,-85,1,2412,False,False
1778936329.8532858,control,cts,,8a:f4:af:eb:f3:fb,8a:f4:af:eb:f3:fb,,,,-45,1,2412,False,False
1778936329.8532867,control,block_ack,d8:d7:75:45:81:24,8a:f4:af:eb:f3:fb,8a:f4:af:eb:f3:fb,d8:d7:75:45:81:24,,,-46,1,2412,False,False
1778936329.8541543,control,rts,8a:f4:af:eb:f3:fb,d8:d7:75:45:81:24,d8:d7:75:45:81:24,8a:f4:af:eb:f3:fb,,,-84,1,2412,False,False
1778936329.854156,control,cts,,8a:f4:af:eb:f3:fb,8a:f4:af:eb:f3:fb,,,,-46,1,2412,False,False
1778936329.8541567,control,block_ack,d8:d7:75:45:81:24,8a:f4:af:eb:f3:fb,8a:f4:af:eb:f3:fb,d8:d7:75:45:81:24,,,-47,1,2412,False,False
1778936329.857833,control,rts,d8:d7:75:45:81:24,8a:f4:af:eb:f3:fb,8a:f4:af:eb:f3:fb,d8:d7:75:45:81:24,,,-46,1,2412,False,False
1778936329.8613446,control,rts,d8:d7:75:45:81:24,8a:f4:af:eb:f3:fb,8a:f4:af:eb:f3:fb,d8:d7:75:45:81:24,,,-47,1,2412,False,False
1778936329.861786,control,rts,d8:d7:75:45:81:24,8a:f4:af:eb:f3:fb,8a:f4:af:eb:f3:fb,d8:d7:75:45:81:24,,,-45,1,2412,False,False
1778936329.8630075,control,cts,,8a:f4:af:eb:f3:fb,8a:f4:af:eb:f3:fb,,,,-45,1,2412,False,False
1778936329.8630097,control,block_ack,d8:d7:75:45:81:24,8a:f4:af:eb:f3:fb,8a:f4:af:eb:f3:fb,d8:d7:75:45:81:24,,,-48,1,2412,False,False
1778936329.8639753,control,rts,8a:f4:af:eb:f3:fb,d8:d7:75:45:81:24,d8:d7:75:45:81:24,8a:f4:af:eb:f3:fb,,,-85,1,2412,False,False
1778936329.86398,control,cts,,8a:f4:af:eb:f3:fb,8a:f4:af:eb:f3:fb,,,,-45,1,2412,False,False
1778936329.8639808,control,block_ack,d8:d7:75:45:81:24,8a:f4:af:eb:f3:fb,8a:f4:af:eb:f3:fb,d8:d7:75:45:81:24,,,-47,1,2412,False,False
1778936329.8698466,control,ack,,8a:f4:af:eb:f3:fb,8a:f4:af:eb:f3:fb,,,,-46,1,2412,False,False
1778936329.8702662,control,ack,,8a:f4:af:eb:f3:fb,8a:f4:af:eb:f3:fb,,,,-45,1,2412,False,False
1778936329.8980951,management,beacon,d8:d7:75:45:81:24,ff:ff:ff:ff:ff:ff,ff:ff:ff:ff:ff:ff,d8:d7:75:45:81:24,d8:d7:75:45:81:24,FunBox2-8124,-51,1,2412,False,False
1778936329.8997695,control,ack,,d8:d7:75:45:81:24,d8:d7:75:45:81:24,,,,-84,1,2412,False,False
1778936329.8997748,data,null_data,50:02:91:e8:18:ec,d8:d7:75:45:81:24,d8:d7:75:45:81:24,50:02:91:e8:18:ec,d8:d7:75:45:81:24,,-85,1,2412,False,False
1778936329.8997772,control,ack,,50:02:91:e8:18:ec,50:02:91:e8:18:ec,,,,-45,1,2412,False,False
1778936329.9052641,control,ack,,8a:f4:af:eb:f3:fb,8a:f4:af:eb:f3:fb,,,,-52,1,2412,False,False
1778936329.9058893,control,ack,,8a:f4:af:eb:f3:fb,8a:f4:af:eb:f3:fb,,,,-45,1,2412,False,False
1778936329.9065197,control,ack,,8a:f4:af:eb:f3:fb,8a:f4:af:eb:f3:fb,,,,-46,1,2412,False,False
1778936329.9071481,control,ack,,8a:f4:af:eb:f3:fb,8a:f4:af:eb:f3:fb,,,,-45,1,2412,False,False
1778936329.9898617,control,ack,,8a:f4:af:eb:f3:fb,8a:f4:af:eb:f3:fb,,,,-49,1,2412,False,False
1778936329.9902742,control,ack,,8a:f4:af:eb:f3:fb,8a:f4:af:eb:f3:fb,,,,-46,1,2412,False,False
1778936330.0022228,management,beacon,d8:d7:75:45:81:24,ff:ff:ff:ff:ff:ff,ff:ff:ff:ff:ff:ff,d8:d7:75:45:81:24,d8:d7:75:45:81:24,FunBox2-8124,-53,1,2412,False,False
1778936330.036377,control,cts,,8a:f4:af:eb:f3:fb,8a:f4:af:eb:f3:fb,,,,-44,1,2412,False,False
1778936330.0363824,control,block_ack,d8:d7:75:45:81:24,8a:f4:af:eb:f3:fb,8a:f4:af:eb:f3:fb,d8:d7:75:45:81:24,,,-47,1,2412,False,False
1778936330.0372565,control,cts,,8a:f4:af:eb:f3:fb,8a:f4:af:eb:f3:fb,,,,-47,1,2412,False,False
1778936330.0372574,control,block_ack,d8:d7:75:45:81:24,8a:f4:af:eb:f3:fb,8a:f4:af:eb:f3:fb,d8:d7:75:45:81:24,,,-46,1,2412,False,False
1778936330.0643516,control,rts,d8:d7:75:45:81:24,8a:f4:af:eb:f3:fb,8a:f4:af:eb:f3:fb,d8:d7:75:45:81:24,,,-51,1,2412,False,False
1778936330.0673594,control,cts,,8a:f4:af:eb:f3:fb,8a:f4:af:eb:f3:fb,,,,-52,1,2412,False,False
1778936330.067363,control,block_ack,d8:d7:75:45:81:24,8a:f4:af:eb:f3:fb,8a:f4:af:eb:f3:fb,d8:d7:75:45:81:24,,,-51,1,2412,False,False
1778936330.0673635,control,rts,d8:d7:75:45:81:24,8a:f4:af:eb:f3:fb,8a:f4:af:eb:f3:fb,d8:d7:75:45:81:24,,,-47,1,2412,False,False
1778936330.0687213,control,rts,d8:d7:75:45:81:24,8a:f4:af:eb:f3:fb,8a:f4:af:eb:f3:fb,d8:d7:75:45:81:24,,,-51,1,2412,False,False
1778936330.075016,control,rts,8a:f4:af:eb:f3:fb,d8:d7:75:45:81:24,d8:d7:75:45:81:24,8a:f4:af:eb:f3:fb,,,-86,1,2412,False,False
1778936330.0750215,control,cts,,8a:f4:af:eb:f3:fb,8a:f4:af:eb:f3:fb,,,,-46,1,2412,False,False
1778936330.075022,control,block_ack,d8:d7:75:45:81:24,8a:f4:af:eb:f3:fb,8a:f4:af:eb:f3:fb,d8:d7:75:45:81:24,,,-46,1,2412,False,False
1778936330.1028566,management,beacon,d8:d7:75:45:81:24,ff:ff:ff:ff:ff:ff,ff:ff:ff:ff:ff:ff,d8:d7:75:45:81:24,d8:d7:75:45:81:24,FunBox2-8124,-53,1,2412,False,False
1778936330.1098714,control,ack,,8a:f4:af:eb:f3:fb,8a:f4:af:eb:f3:fb,,,,-45,1,2412,False,False
1778936330.110239,control,ack,,8a:f4:af:eb:f3:fb,8a:f4:af:eb:f3:fb,,,,-45,1,2412,False,False
1778936330.121145,data,null_data,8a:f4:af:eb:f3:fb,d8:d7:75:45:81:24,d8:d7:75:45:81:24,8a:f4:af:eb:f3:fb,d8:d7:75:45:81:24,,-85,1,2412,False,False
1778936330.121149,control,ack,,8a:f4:af:eb:f3:fb,8a:f4:af:eb:f3:fb,,,,-45,1,2412,False,False
1778936330.1406763,data,null_data,50:02:91:e8:18:ec,d8:d7:75:45:81:24,d8:d7:75:45:81:24,50:02:91:e8:18:ec,d8:d7:75:45:81:24,,-84,1,2412,False,False
1778936330.1406827,control,ack,,50:02:91:e8:18:ec,50:02:91:e8:18:ec,,,,-46,1,2412,False,False
1778936330.1431625,data,null_data,8a:f4:af:eb:f3:fb,d8:d7:75:45:81:24,d8:d7:75:45:81:24,8a:f4:af:eb:f3:fb,d8:d7:75:45:81:24,,-87,1,2412,False,False
1778936330.143165,control,ack,,8a:f4:af:eb:f3:fb,8a:f4:af:eb:f3:fb,,,,-45,1,2412,False,False
1778936330.1435146,control,rts,d8:d7:75:45:81:24,8a:f4:af:eb:f3:fb,8a:f4:af:eb:f3:fb,d8:d7:75:45:81:24,,,-47,1,2412,False,False
1778936330.1468227,control,rts,8a:f4:af:eb:f3:fb,d8:d7:75:45:81:24,d8:d7:75:45:81:24,8a:f4:af:eb:f3:fb,,,-85,1,2412,False,False
1778936330.1468253,control,cts,,8a:f4:af:eb:f3:fb,8a:f4:af:eb:f3:fb,,,,-52,1,2412,False,False
1778936330.1472642,control,block_ack,d8:d7:75:45:81:24,8a:f4:af:eb:f3:fb,8a:f4:af:eb:f3:fb,d8:d7:75:45:81:24,,,-52,1,2412,False,False
1778936330.1853538,control,ack,,8a:f4:af:eb:f3:fb,8a:f4:af:eb:f3:fb,,,,-51,1,2412,False,False
1778936330.18596,control,ack,,8a:f4:af:eb:f3:fb,8a:f4:af:eb:f3:fb,,,,-46,1,2412,False,False
1778936330.1865847,control,ack,,8a:f4:af:eb:f3:fb,8a:f4:af:eb:f3:fb,,,,-47,1,2412,False,False
1778936330.1872125,control,ack,,8a:f4:af:eb:f3:fb,8a:f4:af:eb:f3:fb,,,,-51,1,2412,False,False
1778936330.2103584,control,rts,d8:d7:75:45:81:24,8a:f4:af:eb:f3:fb,8a:f4:af:eb:f3:fb,d8:d7:75:45:81:24,,,-52,1,2412,False,False
1778936330.210861,control,rts,d8:d7:75:45:81:24,8a:f4:af:eb:f3:fb,8a:f4:af:eb:f3:fb,d8:d7:75:45:81:24,,,-46,1,2412,False,False
1778936330.21248,control,rts,d8:d7:75:45:81:24,8a:f4:af:eb:f3:fb,8a:f4:af:eb:f3:fb,d8:d7:75:45:81:24,,,-45,1,2412,False,False
1778936330.2124856,control,cts,,d8:d7:75:45:81:24,d8:d7:75:45:81:24,,,,-85,1,2412,False,False
1778936330.21274,control,block_ack,8a:f4:af:eb:f3:fb,d8:d7:75:45:81:24,d8:d7:75:45:81:24,8a:f4:af:eb:f3:fb,,,-87,1,2412,False,False
1778936330.2133877,control,rts,d8:d7:75:45:81:24,8a:f4:af:eb:f3:fb,8a:f4:af:eb:f3:fb,d8:d7:75:45:81:24,,,-46,1,2412,False,False
1778936330.21339,control,cts,,d8:d7:75:45:81:24,d8:d7:75:45:81:24,,,,-87,1,2412,False,False
1778936330.2139003,control,block_ack,8a:f4:af:eb:f3:fb,d8:d7:75:45:81:24,d8:d7:75:45:81:24,8a:f4:af:eb:f3:fb,,,-87,1,2412,False,False
1778936330.2147214,control,cts,,8a:f4:af:eb:f3:fb,8a:f4:af:eb:f3:fb,,,,-52,1,2412,False,False
1778936330.2147233,control,block_ack,d8:d7:75:45:81:24,8a:f4:af:eb:f3:fb,8a:f4:af:eb:f3:fb,d8:d7:75:45:81:24,,,-52,1,2412,False,False
1778936330.2156794,control,cts,,8a:f4:af:eb:f3:fb,8a:f4:af:eb:f3:fb,,,,-52,1,2412,False,False
1778936330.2156863,control,block_ack,d8:d7:75:45:81:24,8a:f4:af:eb:f3:fb,8a:f4:af:eb:f3:fb,d8:d7:75:45:81:24,,,-52,1,2412,False,False
1778936330.2223032,control,rts,8a:f4:af:eb:f3:fb,d8:d7:75:45:81:24,d8:d7:75:45:81:24,8a:f4:af:eb:f3:fb,,,-85,1,2412,False,False
1778936330.2223072,control,cts,,8a:f4:af:eb:f3:fb,8a:f4:af:eb:f3:fb,,,,-46,1,2412,False,False
1778936330.222308,control,block_ack,d8:d7:75:45:81:24,8a:f4:af:eb:f3:fb,8a:f4:af:eb:f3:fb,d8:d7:75:45:81:24,,,-45,1,2412,False,False
1778936330.2298567,control,ack,,8a:f4:af:eb:f3:fb,8a:f4:af:eb:f3:fb,,,,-44,1,2412,False,False
1778936330.2302852,control,ack,,8a:f4:af:eb:f3:fb,8a:f4:af:eb:f3:fb,,,,-45,1,2412,False,False
1778936330.2307377,control,rts,8a:f4:af:eb:f3:fb,d8:d7:75:45:81:24,d8:d7:75:45:81:24,8a:f4:af:eb:f3:fb,,,-87,1,2412,False,False
1778936330.230739,control,cts,,8a:f4:af:eb:f3:fb,8a:f4:af:eb:f3:fb,,,,-47,1,2412,False,False
1778936330.2310855,control,block_ack,d8:d7:75:45:81:24,8a:f4:af:eb:f3:fb,8a:f4:af:eb:f3:fb,d8:d7:75:45:81:24,,,-46,1,2412,False,False
1778936330.2948992,control,rts,d8:d7:75:45:81:24,8a:f4:af:eb:f3:fb,8a:f4:af:eb:f3:fb,d8:d7:75:45:81:24,,,-51,1,2412,False,False
1778936330.2961915,control,rts,d8:d7:75:45:81:24,8a:f4:af:eb:f3:fb,8a:f4:af:eb:f3:fb,d8:d7:75:45:81:24,,,-45,1,2412,False,False
1778936330.2978702,control,cts,,8a:f4:af:eb:f3:fb,8a:f4:af:eb:f3:fb,,,,-47,1,2412,False,False
1778936330.2978742,control,block_ack,d8:d7:75:45:81:24,8a:f4:af:eb:f3:fb,8a:f4:af:eb:f3:fb,d8:d7:75:45:81:24,,,-46,1,2412,False,False
1778936330.3091626,management,beacon,d8:d7:75:45:81:24,ff:ff:ff:ff:ff:ff,ff:ff:ff:ff:ff:ff,d8:d7:75:45:81:24,d8:d7:75:45:81:24,FunBox2-8124,-43,1,2412,False,False
1778936330.3138366,control,cts,,8a:f4:af:eb:f3:fb,8a:f4:af:eb:f3:fb,,,,-47,1,2412,False,False
1778936330.3155248,control,block_ack,d8:d7:75:45:81:24,8a:f4:af:eb:f3:fb,8a:f4:af:eb:f3:fb,d8:d7:75:45:81:24,,,-47,1,2412,False,False
1778936330.3164918,control,block_ack,d8:d7:75:45:81:24,8a:f4:af:eb:f3:fb,8a:f4:af:eb:f3:fb,d8:d7:75:45:81:24,,,-51,1,2412,False,False
1778936330.3164937,control,block_ack,d8:d7:75:45:81:24,8a:f4:af:eb:f3:fb,8a:f4:af:eb:f3:fb,d8:d7:75:45:81:24,,,-51,1,2412,False,False
1778936330.3304906,control,rts,d8:d7:75:45:81:24,8a:f4:af:eb:f3:fb,8a:f4:af:eb:f3:fb,d8:d7:75:45:81:24,,,-47,1,2412,False,False
1778936330.3309548,control,rts,d8:d7:75:45:81:24,8a:f4:af:eb:f3:fb,8a:f4:af:eb:f3:fb,d8:d7:75:45:81:24,,,-46,1,2412,False,False
1778936330.3317542,control,rts,d8:d7:75:45:81:24,8a:f4:af:eb:f3:fb,8a:f4:af:eb:f3:fb,d8:d7:75:45:81:24,,,-46,1,2412,False,False
1778936330.332248,control,rts,d8:d7:75:45:81:24,8a:f4:af:eb:f3:fb,8a:f4:af:eb:f3:fb,d8:d7:75:45:81:24,,,-45,1,2412,False,False
1778936330.3328664,control,rts,d8:d7:75:45:81:24,8a:f4:af:eb:f3:fb,8a:f4:af:eb:f3:fb,d8:d7:75:45:81:24,,,-45,1,2412,False,False
1778936330.33361,control,cts,,8a:f4:af:eb:f3:fb,8a:f4:af:eb:f3:fb,,,,-44,1,2412,False,False
1778936330.3336117,control,block_ack,d8:d7:75:45:81:24,8a:f4:af:eb:f3:fb,8a:f4:af:eb:f3:fb,d8:d7:75:45:81:24,,,-46,1,2412,False,False
1778936330.333812,control,rts,d8:d7:75:45:81:24,8a:f4:af:eb:f3:fb,8a:f4:af:eb:f3:fb,d8:d7:75:45:81:24,,,-46,1,2412,False,False
1778936330.3345919,control,rts,d8:d7:75:45:81:24,8a:f4:af:eb:f3:fb,8a:f4:af:eb:f3:fb,d8:d7:75:45:81:24,,,-44,1,2412,False,False
1778936330.3357773,control,cts,,8a:f4:af:eb:f3:fb,8a:f4:af:eb:f3:fb,,,,-46,1,2412,False,False
1778936330.335782,control,block_ack,d8:d7:75:45:81:24,8a:f4:af:eb:f3:fb,8a:f4:af:eb:f3:fb,d8:d7:75:45:81:24,,,-46,1,2412,False,False
1778936330.335783,control,rts,d8:d7:75:45:81:24,8a:f4:af:eb:f3:fb,8a:f4:af:eb:f3:fb,d8:d7:75:45:81:24,,,-51,1,2412,False,False
1778936330.3363664,control,rts,d8:d7:75:45:81:24,8a:f4:af:eb:f3:fb,8a:f4:af:eb:f3:fb,d8:d7:75:45:81:24,,,-45,1,2412,False,False
1778936330.3375444,control,cts,,8a:f4:af:eb:f3:fb,8a:f4:af:eb:f3:fb,,,,-47,1,2412,False,False
1778936330.3375463,control,block_ack,d8:d7:75:45:81:24,8a:f4:af:eb:f3:fb,8a:f4:af:eb:f3:fb,d8:d7:75:45:81:24,,,-47,1,2412,False,False
1778936330.3375468,control,block_ack,d8:d7:75:45:81:24,8a:f4:af:eb:f3:fb,8a:f4:af:eb:f3:fb,d8:d7:75:45:81:24,,,-51,1,2412,False,False
1778936330.3375473,control,rts,d8:d7:75:45:81:24,8a:f4:af:eb:f3:fb,8a:f4:af:eb:f3:fb,d8:d7:75:45:81:24,,,-52,1,2412,False,False
1778936330.3391798,control,cts,,8a:f4:af:eb:f3:fb,8a:f4:af:eb:f3:fb,,,,-52,1,2412,False,False
1778936330.339182,control,block_ack,d8:d7:75:45:81:24,8a:f4:af:eb:f3:fb,8a:f4:af:eb:f3:fb,d8:d7:75:45:81:24,,,-52,1,2412,False,False
1778936330.3393862,control,block_ack,d8:d7:75:45:81:24,8a:f4:af:eb:f3:fb,8a:f4:af:eb:f3:fb,d8:d7:75:45:81:24,,,-53,1,2412,False,False
1778936330.3405917,control,cts,,8a:f4:af:eb:f3:fb,8a:f4:af:eb:f3:fb,,,,-52,1,2412,False,False
1778936330.3405924,control,block_ack,d8:d7:75:45:81:24,8a:f4:af:eb:f3:fb,8a:f4:af:eb:f3:fb,d8:d7:75:45:81:24,,,-52,1,2412,False,False
1778936330.3487694,control,ack,,8a:f4:af:eb:f3:fb,8a:f4:af:eb:f3:fb,,,,-51,1,2412,False,False
1778936330.3493822,control,ack,,8a:f4:af:eb:f3:fb,8a:f4:af:eb:f3:fb,,,,-45,1,2412,False,False
1778936330.3498552,control,ack,,8a:f4:af:eb:f3:fb,8a:f4:af:eb:f3:fb,,,,-45,1,2412,False,False
1778936330.3504262,control,ack,,8a:f4:af:eb:f3:fb,8a:f4:af:eb:f3:fb,,,,-52,1,2412,False,False
1778936330.3504279,control,ack,,8a:f4:af:eb:f3:fb,8a:f4:af:eb:f3:fb,,,,-45,1,2412,False,False
1778936330.356259,control,ack,,8a:f4:af:eb:f3:fb,8a:f4:af:eb:f3:fb,,,,-47,1,2412,False,False
1778936330.3569448,control,rts,d8:d7:75:45:81:24,8a:f4:af:eb:f3:fb,8a:f4:af:eb:f3:fb,d8:d7:75:45:81:24,,,-46,1,2412,False,False
1778936330.3586564,control,cts,,8a:f4:af:eb:f3:fb,8a:f4:af:eb:f3:fb,,,,-44,1,2412,False,False
1778936330.3586602,control,block_ack,d8:d7:75:45:81:24,8a:f4:af:eb:f3:fb,8a:f4:af:eb:f3:fb,d8:d7:75:45:81:24,,,-46,1,2412,False,False
1778936330.3592367,control,rts,d8:d7:75:45:81:24,8a:f4:af:eb:f3:fb,8a:f4:af:eb:f3:fb,d8:d7:75:45:81:24,,,-46,1,2412,False,False
1778936330.3626716,control,rts,8a:f4:af:eb:f3:fb,d8:d7:75:45:81:24,d8:d7:75:45:81:24,8a:f4:af:eb:f3:fb,,,-87,1,2412,False,False
1778936330.3626754,control,cts,,8a:f4:af:eb:f3:fb,8a:f4:af:eb:f3:fb,,,,-52,1,2412,False,False
1778936330.362676,control,block_ack,d8:d7:75:45:81:24,8a:f4:af:eb:f3:fb,8a:f4:af:eb:f3:fb,d8:d7:75:45:81:24,,,-51,1,2412,False,False
1778936330.3629444,control,rts,d8:d7:75:45:81:24,8a:f4:af:eb:f3:fb,8a:f4:af:eb:f3:fb,d8:d7:75:45:81:24,,,-52,1,2412,False,False
1778936330.363475,control,rts,8a:f4:af:eb:f3:fb,d8:d7:75:45:81:24,d8:d7:75:45:81:24,8a:f4:af:eb:f3:fb,,,-86,1,2412,False,False
1778936330.3634763,control,cts,,8a:f4:af:eb:f3:fb,8a:f4:af:eb:f3:fb,,,,-46,1,2412,False,False
1778936330.363845,control,block_ack,d8:d7:75:45:81:24,8a:f4:af:eb:f3:fb,8a:f4:af:eb:f3:fb,d8:d7:75:45:81:24,,,-45,1,2412,False,False
1778936330.3638465,control,rts,d8:d7:75:45:81:24,8a:f4:af:eb:f3:fb,8a:f4:af:eb:f3:fb,d8:d7:75:45:81:24,,,-52,1,2412,False,False
1778936330.3660924,control,cts,,8a:f4:af:eb:f3:fb,8a:f4:af:eb:f3:fb,,,,-46,1,2412,False,False
1778936330.366444,control,block_ack,d8:d7:75:45:81:24,8a:f4:af:eb:f3:fb,8a:f4:af:eb:f3:fb,d8:d7:75:45:81:24,,,-46,1,2412,False,False
1778936330.3664455,control,block_ack,d8:d7:75:45:81:24,8a:f4:af:eb:f3:fb,8a:f4:af:eb:f3:fb,d8:d7:75:45:81:24,,,-46,1,2412,False,False
1778936330.3667734,control,rts,d8:d7:75:45:81:24,8a:f4:af:eb:f3:fb,8a:f4:af:eb:f3:fb,d8:d7:75:45:81:24,,,-46,1,2412,False,False
1778936330.3684614,control,cts,,8a:f4:af:eb:f3:fb,8a:f4:af:eb:f3:fb,,,,-46,1,2412,False,False
1778936330.3684676,control,block_ack,d8:d7:75:45:81:24,8a:f4:af:eb:f3:fb,8a:f4:af:eb:f3:fb,d8:d7:75:45:81:24,,,-46,1,2412,False,False
1778936330.3684685,control,block_ack,d8:d7:75:45:81:24,8a:f4:af:eb:f3:fb,8a:f4:af:eb:f3:fb,d8:d7:75:45:81:24,,,-52,1,2412,False,False
1778936330.368469,control,rts,d8:d7:75:45:81:24,8a:f4:af:eb:f3:fb,8a:f4:af:eb:f3:fb,d8:d7:75:45:81:24,,,-51,1,2412,False,False
1778936330.3696542,control,cts,,8a:f4:af:eb:f3:fb,8a:f4:af:eb:f3:fb,,,,-45,1,2412,False,False
1778936330.3696582,control,block_ack,d8:d7:75:45:81:24,8a:f4:af:eb:f3:fb,8a:f4:af:eb:f3:fb,d8:d7:75:45:81:24,,,-45,1,2412,False,False
1778936330.370659,control,cts,,8a:f4:af:eb:f3:fb,8a:f4:af:eb:f3:fb,,,,-45,1,2412,False,False
1778936330.3706632,control,block_ack,d8:d7:75:45:81:24,8a:f4:af:eb:f3:fb,8a:f4:af:eb:f3:fb,d8:d7:75:45:81:24,,,-45,1,2412,False,False
1778936330.3773735,control,rts,d8:d7:75:45:81:24,8a:f4:af:eb:f3:fb,8a:f4:af:eb:f3:fb,d8:d7:75:45:81:24,,,-52,1,2412,False,False
1778936330.377848,control,rts,d8:d7:75:45:81:24,8a:f4:af:eb:f3:fb,8a:f4:af:eb:f3:fb,d8:d7:75:45:81:24,,,-47,1,2412,False,False
1778936330.3788006,control,rts,d8:d7:75:45:81:24,8a:f4:af:eb:f3:fb,8a:f4:af:eb:f3:fb,d8:d7:75:45:81:24,,,-51,1,2412,False,False
1778936330.379884,control,rts,d8:d7:75:45:81:24,8a:f4:af:eb:f3:fb,8a:f4:af:eb:f3:fb,d8:d7:75:45:81:24,,,-53,1,2412,False,False
1778936330.3812675,control,rts,d8:d7:75:45:81:24,8a:f4:af:eb:f3:fb,8a:f4:af:eb:f3:fb,d8:d7:75:45:81:24,,,-45,1,2412,False,False
1778936330.3820698,control,cts,,8a:f4:af:eb:f3:fb,8a:f4:af:eb:f3:fb,,,,-47,1,2412,False,False
1778936330.382074,control,block_ack,d8:d7:75:45:81:24,8a:f4:af:eb:f3:fb,8a:f4:af:eb:f3:fb,d8:d7:75:45:81:24,,,-47,1,2412,False,False
1778936330.3820748,control,block_ack,d8:d7:75:45:81:24,8a:f4:af:eb:f3:fb,8a:f4:af:eb:f3:fb,d8:d7:75:45:81:24,,,-51,1,2412,False,False
1778936330.3824303,control,rts,d8:d7:75:45:81:24,8a:f4:af:eb:f3:fb,8a:f4:af:eb:f3:fb,d8:d7:75:45:81:24,,,-52,1,2412,False,False
1778936330.3833792,control,rts,d8:d7:75:45:81:24,8a:f4:af:eb:f3:fb,8a:f4:af:eb:f3:fb,d8:d7:75:45:81:24,,,-45,1,2412,False,False
1778936330.3841548,control,rts,d8:d7:75:45:81:24,8a:f4:af:eb:f3:fb,8a:f4:af:eb:f3:fb,d8:d7:75:45:81:24,,,-45,1,2412,False,False
1778936330.3854167,control,rts,8a:f4:af:eb:f3:fb,d8:d7:75:45:81:24,d8:d7:75:45:81:24,8a:f4:af:eb:f3:fb,,,-86,1,2412,False,False
1778936330.3854184,control,cts,,8a:f4:af:eb:f3:fb,8a:f4:af:eb:f3:fb,,,,-46,1,2412,False,False
1778936330.3854191,control,block_ack,d8:d7:75:45:81:24,8a:f4:af:eb:f3:fb,8a:f4:af:eb:f3:fb,d8:d7:75:45:81:24,,,-47,1,2412,False,False
1778936330.3854196,control,rts,d8:d7:75:45:81:24,8a:f4:af:eb:f3:fb,8a:f4:af:eb:f3:fb,d8:d7:75:45:81:24,,,-52,1,2412,False,False
1778936330.38579,control,cts,,8a:f4:af:eb:f3:fb,8a:f4:af:eb:f3:fb,,,,-47,1,2412,False,False
1778936330.3857913,control,block_ack,d8:d7:75:45:81:24,8a:f4:af:eb:f3:fb,8a:f4:af:eb:f3:fb,d8:d7:75:45:81:24,,,-45,1,2412,False,False
1778936330.3861725,control,rts,d8:d7:75:45:81:24,8a:f4:af:eb:f3:fb,8a:f4:af:eb:f3:fb,d8:d7:75:45:81:24,,,-52,1,2412,False,False
1778936330.3874402,control,cts,,8a:f4:af:eb:f3:fb,8a:f4:af:eb:f3:fb,,,,-45,1,2412,False,False
1778936330.3874424,control,block_ack,d8:d7:75:45:81:24,8a:f4:af:eb:f3:fb,8a:f4:af:eb:f3:fb,d8:d7:75:45:81:24,,,-46,1,2412,False,False
1778936330.387807,control,rts,d8:d7:75:45:81:24,8a:f4:af:eb:f3:fb,8a:f4:af:eb:f3:fb,d8:d7:75:45:81:24,,,-52,1,2412,False,False
1778936330.3887413,control,rts,d8:d7:75:45:81:24,8a:f4:af:eb:f3:fb,8a:f4:af:eb:f3:fb,d8:d7:75:45:81:24,,,-46,1,2412,False,False
1778936330.3892717,control,rts,d8:d7:75:45:81:24,8a:f4:af:eb:f3:fb,8a:f4:af:eb:f3:fb,d8:d7:75:45:81:24,,,-46,1,2412,False,False
1778936330.3899686,control,rts,8a:f4:af:eb:f3:fb,d8:d7:75:45:81:24,d8:d7:75:45:81:24,8a:f4:af:eb:f3:fb,,,-87,1,2412,False,False
1778936330.3899696,control,cts,,8a:f4:af:eb:f3:fb,8a:f4:af:eb:f3:fb,,,,-44,1,2412,False,False
1778936330.38997,control,block_ack,d8:d7:75:45:81:24,8a:f4:af:eb:f3:fb,8a:f4:af:eb:f3:fb,d8:d7:75:45:81:24,,,-46,1,2412,False,False
1778936330.3931644,control,rts,d8:d7:75:45:81:24,8a:f4:af:eb:f3:fb,8a:f4:af:eb:f3:fb,d8:d7:75:45:81:24,,,-52,1,2412,False,False
1778936330.3938694,control,rts,d8:d7:75:45:81:24,8a:f4:af:eb:f3:fb,8a:f4:af:eb:f3:fb,d8:d7:75:45:81:24,,,-46,1,2412,False,False
1778936330.3951259,control,cts,,8a:f4:af:eb:f3:fb,8a:f4:af:eb:f3:fb,,,,-46,1,2412,False,False
1778936330.3951335,control,block_ack,d8:d7:75:45:81:24,8a:f4:af:eb:f3:fb,8a:f4:af:eb:f3:fb,d8:d7:75:45:81:24,,,-46,1,2412,False,False
1778936330.3951342,control,rts,d8:d7:75:45:81:24,8a:f4:af:eb:f3:fb,8a:f4:af:eb:f3:fb,d8:d7:75:45:81:24,,,-51,1,2412,False,False
1778936330.3962595,control,cts,,8a:f4:af:eb:f3:fb,8a:f4:af:eb:f3:fb,,,,-47,1,2412,False,False
1778936330.396264,control,block_ack,d8:d7:75:45:81:24,8a:f4:af:eb:f3:fb,8a:f4:af:eb:f3:fb,d8:d7:75:45:81:24,,,-46,1,2412,False,False
1778936330.3962646,control,block_ack,d8:d7:75:45:81:24,8a:f4:af:eb:f3:fb,8a:f4:af:eb:f3:fb,d8:d7:75:45:81:24,,,-51,1,2412,False,False
1778936330.3997052,control,rts,d8:d7:75:45:81:24,8a:f4:af:eb:f3:fb,8a:f4:af:eb:f3:fb,d8:d7:75:45:81:24,,,-47,1,2412,False,False
1778936330.4004683,control,rts,d8:d7:75:45:81:24,8a:f4:af:eb:f3:fb,8a:f4:af:eb:f3:fb,d8:d7:75:45:81:24,,,-47,1,2412,False,False
1778936330.403308,control,cts,,8a:f4:af:eb:f3:fb,8a:f4:af:eb:f3:fb,,,,-46,1,2412,False,False
1778936330.403883,control,cts,,8a:f4:af:eb:f3:fb,8a:f4:af:eb:f3:fb,,,,-45,1,2412,False,False
1778936330.4041786,control,rts,d8:d7:75:45:81:24,8a:f4:af:eb:f3:fb,8a:f4:af:eb:f3:fb,d8:d7:75:45:81:24,,,-47,1,2412,False,False
1778936330.406669,control,rts,8a:f4:af:eb:f3:fb,d8:d7:75:45:81:24,d8:d7:75:45:81:24,8a:f4:af:eb:f3:fb,,,-85,1,2412,False,False
1778936330.4066727,control,cts,,8a:f4:af:eb:f3:fb,8a:f4:af:eb:f3:fb,,,,-47,1,2412,False,False
1778936330.407643,control,block_ack,d8:d7:75:45:81:24,8a:f4:af:eb:f3:fb,8a:f4:af:eb:f3:fb,d8:d7:75:45:81:24,,,-46,1,2412,False,False
1778936330.4076476,control,rts,8a:f4:af:eb:f3:fb,d8:d7:75:45:81:24,d8:d7:75:45:81:24,8a:f4:af:eb:f3:fb,,,-85,1,2412,False,False
1778936330.4076483,control,cts,,8a:f4:af:eb:f3:fb,8a:f4:af:eb:f3:fb,,,,-52,1,2412,False,False
1778936330.4080062,control,block_ack,d8:d7:75:45:81:24,8a:f4:af:eb:f3:fb,8a:f4:af:eb:f3:fb,d8:d7:75:45:81:24,,,-52,1,2412,False,False
1778936330.4080088,control,rts,d8:d7:75:45:81:24,8a:f4:af:eb:f3:fb,8a:f4:af:eb:f3:fb,d8:d7:75:45:81:24,,,-52,1,2412,False,False
1778936330.4105732,control,cts,,8a:f4:af:eb:f3:fb,8a:f4:af:eb:f3:fb,,,,-51,1,2412,False,False
1778936330.4105806,control,block_ack,d8:d7:75:45:81:24,8a:f4:af:eb:f3:fb,8a:f4:af:eb:f3:fb,d8:d7:75:45:81:24,,,-51,1,2412,False,False
1778936330.4109848,control,rts,8a:f4:af:eb:f3:fb,d8:d7:75:45:81:24,d8:d7:75:45:81:24,8a:f4:af:eb:f3:fb,,,-86,1,2412,False,False
1778936330.410987,control,cts,,8a:f4:af:eb:f3:fb,8a:f4:af:eb:f3:fb,,,,-47,1,2412,False,False
1778936330.4111648,control,block_ack,d8:d7:75:45:81:24,8a:f4:af:eb:f3:fb,8a:f4:af:eb:f3:fb,d8:d7:75:45:81:24,,,-45,1,2412,False,False
1778936330.4138753,management,beacon,d8:d7:75:45:81:24,ff:ff:ff:ff:ff:ff,ff:ff:ff:ff:ff:ff,d8:d7:75:45:81:24,d8:d7:75:45:81:24,FunBox2-8124,-51,1,2412,False,False
1778936330.4141932,control,rts,d8:d7:75:45:81:24,8a:f4:af:eb:f3:fb,8a:f4:af:eb:f3:fb,d8:d7:75:45:81:24,,,-52,1,2412,False,False
1778936330.4654493,control,ack,,8a:f4:af:eb:f3:fb,8a:f4:af:eb:f3:fb,,,,-46,1,2412,False,False
1778936330.4660642,control,ack,,8a:f4:af:eb:f3:fb,8a:f4:af:eb:f3:fb,,,,-51,1,2412,False,False
1778936330.4666944,control,ack,,8a:f4:af:eb:f3:fb,8a:f4:af:eb:f3:fb,,,,-49,1,2412,False,False
1778936330.467313,control,cts,,8a:f4:af:eb:f3:fb,8a:f4:af:eb:f3:fb,,,,-53,1,2412,False,False
1778936330.4679034,control,block_ack,d8:d7:75:45:81:24,8a:f4:af:eb:f3:fb,8a:f4:af:eb:f3:fb,d8:d7:75:45:81:24,,,-51,1,2412,False,False
1778936330.4698696,control,ack,,8a:f4:af:eb:f3:fb,8a:f4:af:eb:f3:fb,,,,-51,1,2412,False,False
1778936330.470287,control,ack,,8a:f4:af:eb:f3:fb,8a:f4:af:eb:f3:fb,,,,-51,1,2412,False,False
1778936330.5006506,control,rts,d8:d7:75:45:81:24,8a:f4:af:eb:f3:fb,8a:f4:af:eb:f3:fb,d8:d7:75:45:81:24,,,-46,1,2412,False,False
1778936330.5125132,management,beacon,d8:d7:75:45:81:24,ff:ff:ff:ff:ff:ff,ff:ff:ff:ff:ff:ff,d8:d7:75:45:81:24,d8:d7:75:45:81:24,FunBox2-8124,-43,1,2412,False,False
1778936330.5898807,control,ack,,8a:f4:af:eb:f3:fb,8a:f4:af:eb:f3:fb,,,,-45,1,2412,False,False
1778936330.5902555,control,ack,,8a:f4:af:eb:f3:fb,8a:f4:af:eb:f3:fb,,,,-46,1,2412,False,False
1778936330.6176045,management,beacon,d8:d7:75:45:81:24,ff:ff:ff:ff:ff:ff,ff:ff:ff:ff:ff:ff,d8:d7:75:45:81:24,d8:d7:75:45:81:24,FunBox2-8124,-52,1,2412,False,False
1778936330.6334653,control,rts,d8:d7:75:45:81:24,8a:f4:af:eb:f3:fb,8a:f4:af:eb:f3:fb,d8:d7:75:45:81:24,,,-52,1,2412,False,False
1778936330.6349106,control,rts,d8:d7:75:45:81:24,8a:f4:af:eb:f3:fb,8a:f4:af:eb:f3:fb,d8:d7:75:45:81:24,,,-47,1,2412,False,False
1778936330.635987,control,cts,,8a:f4:af:eb:f3:fb,8a:f4:af:eb:f3:fb,,,,-45,1,2412,False,False
1778936330.6359892,control,block_ack,d8:d7:75:45:81:24,8a:f4:af:eb:f3:fb,8a:f4:af:eb:f3:fb,d8:d7:75:45:81:24,,,-45,1,2412,False,False
1778936330.63599,control,block_ack,d8:d7:75:45:81:24,8a:f4:af:eb:f3:fb,8a:f4:af:eb:f3:fb,d8:d7:75:45:81:24,,,-47,1,2412,False,False
1778936330.639013,control,cts,,8a:f4:af:eb:f3:fb,8a:f4:af:eb:f3:fb,,,,-46,1,2412,False,False
1778936330.639016,control,block_ack,d8:d7:75:45:81:24,8a:f4:af:eb:f3:fb,8a:f4:af:eb:f3:fb,d8:d7:75:45:81:24,,,-47,1,2412,False,False
1778936330.6397557,control,cts,,8a:f4:af:eb:f3:fb,8a:f4:af:eb:f3:fb,,,,-47,1,2412,False,False
1778936330.639931,control,block_ack,d8:d7:75:45:81:24,8a:f4:af:eb:f3:fb,8a:f4:af:eb:f3:fb,d8:d7:75:45:81:24,,,-46,1,2412,False,False
1778936330.6670043,control,rts,d8:d7:75:45:81:24,8a:f4:af:eb:f3:fb,8a:f4:af:eb:f3:fb,d8:d7:75:45:81:24,,,-47,1,2412,False,False
1778936330.668143,control,rts,d8:d7:75:45:81:24,8a:f4:af:eb:f3:fb,8a:f4:af:eb:f3:fb,d8:d7:75:45:81:24,,,-46,1,2412,False,False
1778936330.6694965,control,rts,d8:d7:75:45:81:24,8a:f4:af:eb:f3:fb,8a:f4:af:eb:f3:fb,d8:d7:75:45:81:24,,,-46,1,2412,False,False
1778936330.6707091,control,cts,,8a:f4:af:eb:f3:fb,8a:f4:af:eb:f3:fb,,,,-46,1,2412,False,False
1778936330.670712,control,block_ack,d8:d7:75:45:81:24,8a:f4:af:eb:f3:fb,8a:f4:af:eb:f3:fb,d8:d7:75:45:81:24,,,-46,1,2412,False,False
1778936330.6707125,control,rts,d8:d7:75:45:81:24,8a:f4:af:eb:f3:fb,8a:f4:af:eb:f3:fb,d8:d7:75:45:81:24,,,-47,1,2412,False,False
1778936330.671221,control,cts,,8a:f4:af:eb:f3:fb,8a:f4:af:eb:f3:fb,,,,-47,1,2412,False,False
1778936330.671224,control,block_ack,d8:d7:75:45:81:24,8a:f4:af:eb:f3:fb,8a:f4:af:eb:f3:fb,d8:d7:75:45:81:24,,,-44,1,2412,False,False
1778936330.672188,control,cts,,8a:f4:af:eb:f3:fb,8a:f4:af:eb:f3:fb,,,,-44,1,2412,False,False
1778936330.67219,control,block_ack,d8:d7:75:45:81:24,8a:f4:af:eb:f3:fb,8a:f4:af:eb:f3:fb,d8:d7:75:45:81:24,,,-47,1,2412,False,False
1778936330.673472,control,cts,,8a:f4:af:eb:f3:fb,8a:f4:af:eb:f3:fb,,,,-46,1,2412,False,False
1778936330.6737595,control,block_ack,d8:d7:75:45:81:24,8a:f4:af:eb:f3:fb,8a:f4:af:eb:f3:fb,d8:d7:75:45:81:24,,,-47,1,2412,False,False
1778936330.691124,control,rts,d8:d7:75:45:81:24,8a:f4:af:eb:f3:fb,8a:f4:af:eb:f3:fb,d8:d7:75:45:81:24,,,-46,1,2412,False,False
1778936330.7031553,control,rts,d8:d7:75:45:81:24,8a:f4:af:eb:f3:fb,8a:f4:af:eb:f3:fb,d8:d7:75:45:81:24,,,-51,1,2412,False,False
1778936330.7046392,control,cts,,8a:f4:af:eb:f3:fb,8a:f4:af:eb:f3:fb,,,,-45,1,2412,False,False
1778936330.7050903,control,block_ack,d8:d7:75:45:81:24,8a:f4:af:eb:f3:fb,8a:f4:af:eb:f3:fb,d8:d7:75:45:81:24,,,-45,1,2412,False,False
1778936330.7065756,control,rts,d8:d7:75:45:81:24,8a:f4:af:eb:f3:fb,8a:f4:af:eb:f3:fb,d8:d7:75:45:81:24,,,-47,1,2412,False,False
1778936330.7103097,control,ack,,8a:f4:af:eb:f3:fb,8a:f4:af:eb:f3:fb,,,,-44,1,2412,False,False
1778936330.717282,management,beacon,d8:d7:75:45:81:24,ff:ff:ff:ff:ff:ff,ff:ff:ff:ff:ff:ff,d8:d7:75:45:81:24,d8:d7:75:45:81:24,FunBox2-8124,-44,1,2412,False,False
1778936330.7379448,control,rts,d8:d7:75:45:81:24,8a:f4:af:eb:f3:fb,8a:f4:af:eb:f3:fb,d8:d7:75:45:81:24,,,-47,1,2412,False,False
1778936330.7387192,control,rts,d8:d7:75:45:81:24,8a:f4:af:eb:f3:fb,8a:f4:af:eb:f3:fb,d8:d7:75:45:81:24,,,-46,1,2412,False,False
1778936330.7396882,control,rts,d8:d7:75:45:81:24,8a:f4:af:eb:f3:fb,8a:f4:af:eb:f3:fb,d8:d7:75:45:81:24,,,-45,1,2412,False,False
1778936330.7404058,control,rts,d8:d7:75:45:81:24,8a:f4:af:eb:f3:fb,8a:f4:af:eb:f3:fb,d8:d7:75:45:81:24,,,-45,1,2412,False,False
1778936330.741167,control,rts,d8:d7:75:45:81:24,8a:f4:af:eb:f3:fb,8a:f4:af:eb:f3:fb,d8:d7:75:45:81:24,,,-44,1,2412,False,False
1778936330.7411702,control,ack,,8a:f4:af:eb:f3:fb,8a:f4:af:eb:f3:fb,,,,-46,1,2412,False,False
1778936330.7417872,control,ack,,8a:f4:af:eb:f3:fb,8a:f4:af:eb:f3:fb,,,,-46,1,2412,False,False
1778936330.742647,control,ack,,8a:f4:af:eb:f3:fb,8a:f4:af:eb:f3:fb,,,,-46,1,2412,False,False
1778936330.7426486,control,rts,d8:d7:75:45:81:24,8a:f4:af:eb:f3:fb,8a:f4:af:eb:f3:fb,d8:d7:75:45:81:24,,,-46,1,2412,False,False
1778936330.742649,control,cts,,d8:d7:75:45:81:24,d8:d7:75:45:81:24,,,,-87,1,2412,False,False
1778936330.7434947,control,cts,,8a:f4:af:eb:f3:fb,8a:f4:af:eb:f3:fb,,,,-46,1,2412,False,False
1778936330.7434964,control,block_ack,d8:d7:75:45:81:24,8a:f4:af:eb:f3:fb,8a:f4:af:eb:f3:fb,d8:d7:75:45:81:24,,,-45,1,2412,False,False
1778936330.7443326,control,cts,,8a:f4:af:eb:f3:fb,8a:f4:af:eb:f3:fb,,,,-44,1,2412,False,False
1778936330.744334,control,block_ack,d8:d7:75:45:81:24,8a:f4:af:eb:f3:fb,8a:f4:af:eb:f3:fb,d8:d7:75:45:81:24,,,-46,1,2412,False,False
1778936330.7745202,control,rts,d8:d7:75:45:81:24,8a:f4:af:eb:f3:fb,8a:f4:af:eb:f3:fb,d8:d7:75:45:81:24,,,-46,1,2412,False,False
1778936330.776353,control,cts,,8a:f4:af:eb:f3:fb,8a:f4:af:eb:f3:fb,,,,-46,1,2412,False,False
1778936330.7763598,control,block_ack,d8:d7:75:45:81:24,8a:f4:af:eb:f3:fb,8a:f4:af:eb:f3:fb,d8:d7:75:45:81:24,,,-47,1,2412,False,False
1778936330.7806938,control,cts,,8a:f4:af:eb:f3:fb,8a:f4:af:eb:f3:fb,,,,-46,1,2412,False,False
1778936330.780698,control,block_ack,d8:d7:75:45:81:24,8a:f4:af:eb:f3:fb,8a:f4:af:eb:f3:fb,d8:d7:75:45:81:24,,,-46,1,2412,False,False
1778936330.7815173,control,cts,,8a:f4:af:eb:f3:fb,8a:f4:af:eb:f3:fb,,,,-47,1,2412,False,False
1778936330.7817793,control,block_ack,d8:d7:75:45:81:24,8a:f4:af:eb:f3:fb,8a:f4:af:eb:f3:fb,d8:d7:75:45:81:24,,,-46,1,2412,False,False
1778936330.8137636,control,cts,,8a:f4:af:eb:f3:fb,8a:f4:af:eb:f3:fb,,,,-47,1,2412,False,False
1778936330.8137693,control,block_ack,d8:d7:75:45:81:24,8a:f4:af:eb:f3:fb,8a:f4:af:eb:f3:fb,d8:d7:75:45:81:24,,,-47,1,2412,False,False
1778936330.8154075,control,rts,d8:d7:75:45:81:24,8a:f4:af:eb:f3:fb,8a:f4:af:eb:f3:fb,d8:d7:75:45:81:24,,,-45,1,2412,False,False
1778936330.8154109,control,cts,,d8:d7:75:45:81:24,d8:d7:75:45:81:24,,,,-86,1,2412,False,False
1778936330.8154118,control,block_ack,8a:f4:af:eb:f3:fb,d8:d7:75:45:81:24,d8:d7:75:45:81:24,8a:f4:af:eb:f3:fb,,,-86,1,2412,False,False
1778936330.81666,control,cts,,8a:f4:af:eb:f3:fb,8a:f4:af:eb:f3:fb,,,,-47,1,2412,False,False
1778936330.8166614,control,block_ack,d8:d7:75:45:81:24,8a:f4:af:eb:f3:fb,8a:f4:af:eb:f3:fb,d8:d7:75:45:81:24,,,-45,1,2412,False,False
1778936330.819703,management,beacon,d8:d7:75:45:81:24,ff:ff:ff:ff:ff:ff,ff:ff:ff:ff:ff:ff,d8:d7:75:45:81:24,d8:d7:75:45:81:24,FunBox2-8124,-42,1,2412,False,False
1778936330.8298862,control,ack,,8a:f4:af:eb:f3:fb,8a:f4:af:eb:f3:fb,,,,-52,1,2412,False,False
1778936330.8303022,control,ack,,8a:f4:af:eb:f3:fb,8a:f4:af:eb:f3:fb,,,,-46,1,2412,False,False
1778936330.8800275,control,rts,d8:d7:75:45:81:24,8a:f4:af:eb:f3:fb,8a:f4:af:eb:f3:fb,d8:d7:75:45:81:24,,,-45,1,2412,False,False
1778936330.8815992,control,cts,,8a:f4:af:eb:f3:fb,8a:f4:af:eb:f3:fb,,,,-45,1,2412,False,False
1778936330.881604,control,block_ack,d8:d7:75:45:81:24,8a:f4:af:eb:f3:fb,8a:f4:af:eb:f3:fb,d8:d7:75:45:81:24,,,-47,1,2412,False,False
1778936330.8849142,control,rts,d8:d7:75:45:81:24,8a:f4:af:eb:f3:fb,8a:f4:af:eb:f3:fb,d8:d7:75:45:81:24,,,-44,1,2412,False,False
1778936330.8966062,control,rts,d8:d7:75:45:81:24,8a:f4:af:eb:f3:fb,8a:f4:af:eb:f3:fb,d8:d7:75:45:81:24,,,-47,1,2412,False,False
1778936330.8980668,control,cts,,8a:f4:af:eb:f3:fb,8a:f4:af:eb:f3:fb,,,,-45,1,2412,False,False
1778936330.8980713,control,block_ack,d8:d7:75:45:81:24,8a:f4:af:eb:f3:fb,8a:f4:af:eb:f3:fb,d8:d7:75:45:81:24,,,-47,1,2412,False,False
1778936330.9127698,control,cts,,8a:f4:af:eb:f3:fb,8a:f4:af:eb:f3:fb,,,,-45,1,2412,False,False
1778936330.913085,control,block_ack,d8:d7:75:45:81:24,8a:f4:af:eb:f3:fb,8a:f4:af:eb:f3:fb,d8:d7:75:45:81:24,,,-47,1,2412,False,False
1778936330.9396544,control,rts,d8:d7:75:45:81:24,8a:f4:af:eb:f3:fb,8a:f4:af:eb:f3:fb,d8:d7:75:45:81:24,,,-50,1,2412,False,False
1778936330.940628,control,rts,d8:d7:75:45:81:24,8a:f4:af:eb:f3:fb,8a:f4:af:eb:f3:fb,d8:d7:75:45:81:24,,,-47,1,2412,False,False
1778936330.9412777,control,cts,,8a:f4:af:eb:f3:fb,8a:f4:af:eb:f3:fb,,,,-44,1,2412,False,False
1778936330.9412792,control,block_ack,d8:d7:75:45:81:24,8a:f4:af:eb:f3:fb,8a:f4:af:eb:f3:fb,d8:d7:75:45:81:24,,,-46,1,2412,False,False
1778936330.9419022,control,cts,,8a:f4:af:eb:f3:fb,8a:f4:af:eb:f3:fb,,,,-46,1,2412,False,False
1778936330.942453,control,cts,,8a:f4:af:eb:f3:fb,8a:f4:af:eb:f3:fb,,,,-46,1,2412,False,False
1778936330.942454,control,block_ack,d8:d7:75:45:81:24,8a:f4:af:eb:f3:fb,8a:f4:af:eb:f3:fb,d8:d7:75:45:81:24,,,-47,1,2412,False,False
1778936330.9454873,control,rts,d8:d7:75:45:81:24,8a:f4:af:eb:f3:fb,8a:f4:af:eb:f3:fb,d8:d7:75:45:81:24,,,-46,1,2412,False,False
1778936330.9498992,control,ack,,8a:f4:af:eb:f3:fb,8a:f4:af:eb:f3:fb,,,,-47,1,2412,False,False
1778936331.012481,control,ack,,8a:f4:af:eb:f3:fb,8a:f4:af:eb:f3:fb,,,,-47,1,2412,False,False
1778936331.013101,control,ack,,8a:f4:af:eb:f3:fb,8a:f4:af:eb:f3:fb,,,,-46,1,2412,False,False
1778936331.0137527,control,ack,,8a:f4:af:eb:f3:fb,8a:f4:af:eb:f3:fb,,,,-47,1,2412,False,False
1778936331.0245295,management,beacon,d8:d7:75:45:81:24,ff:ff:ff:ff:ff:ff,ff:ff:ff:ff:ff:ff,d8:d7:75:45:81:24,d8:d7:75:45:81:24,FunBox2-8124,-43,1,2412,False,False
1778936331.0698938,control,ack,,8a:f4:af:eb:f3:fb,8a:f4:af:eb:f3:fb,,,,-45,1,2412,False,False
1778936331.070276,control,ack,,8a:f4:af:eb:f3:fb,8a:f4:af:eb:f3:fb,,,,-46,1,2412,False,False
1778936331.1269274,management,beacon,d8:d7:75:45:81:24,ff:ff:ff:ff:ff:ff,ff:ff:ff:ff:ff:ff,d8:d7:75:45:81:24,d8:d7:75:45:81:24,FunBox2-8124,-53,1,2412,False,False
1778936331.1502318,control,rts,d8:d7:75:45:81:24,8a:f4:af:eb:f3:fb,8a:f4:af:eb:f3:fb,d8:d7:75:45:81:24,,,-52,1,2412,False,False
1778936331.1509657,control,rts,d8:d7:75:45:81:24,8a:f4:af:eb:f3:fb,8a:f4:af:eb:f3:fb,d8:d7:75:45:81:24,,,-45,1,2412,False,False
1778936331.1521757,control,cts,,8a:f4:af:eb:f3:fb,8a:f4:af:eb:f3:fb,,,,-47,1,2412,False,False
1778936331.1521797,control,block_ack,d8:d7:75:45:81:24,8a:f4:af:eb:f3:fb,8a:f4:af:eb:f3:fb,d8:d7:75:45:81:24,,,-47,1,2412,False,False
1778936331.153015,control,cts,,8a:f4:af:eb:f3:fb,8a:f4:af:eb:f3:fb,,,,-45,1,2412,False,False
1778936331.153017,control,block_ack,d8:d7:75:45:81:24,8a:f4:af:eb:f3:fb,8a:f4:af:eb:f3:fb,d8:d7:75:45:81:24,,,-45,1,2412,False,False
1778936331.1637795,control,cts,,8a:f4:af:eb:f3:fb,8a:f4:af:eb:f3:fb,,,,-46,1,2412,False,False
1778936331.1640515,control,block_ack,d8:d7:75:45:81:24,8a:f4:af:eb:f3:fb,8a:f4:af:eb:f3:fb,d8:d7:75:45:81:24,,,-46,1,2412,False,False
1778936331.1899064,control,ack,,8a:f4:af:eb:f3:fb,8a:f4:af:eb:f3:fb,,,,-45,1,2412,False,False
1778936331.1903205,control,ack,,8a:f4:af:eb:f3:fb,8a:f4:af:eb:f3:fb,,,,-45,1,2412,False,False
1778936331.1968758,control,rts,d8:d7:75:45:81:24,8a:f4:af:eb:f3:fb,8a:f4:af:eb:f3:fb,d8:d7:75:45:81:24,,,-46,1,2412,False,False
1778936331.2320538,management,beacon,d8:d7:75:45:81:24,ff:ff:ff:ff:ff:ff,ff:ff:ff:ff:ff:ff,d8:d7:75:45:81:24,d8:d7:75:45:81:24,FunBox2-8124,-42,1,2412,False,False
1778936331.2919655,control,ack,,8a:f4:af:eb:f3:fb,8a:f4:af:eb:f3:fb,,,,-46,1,2412,False,False
1778936331.2925572,control,ack,,8a:f4:af:eb:f3:fb,8a:f4:af:eb:f3:fb,,,,-46,1,2412,False,False
1778936331.2932117,control,ack,,8a:f4:af:eb:f3:fb,8a:f4:af:eb:f3:fb,,,,-47,1,2412,False,False
1778936331.2938201,control,ack,,8a:f4:af:eb:f3:fb,8a:f4:af:eb:f3:fb,,,,-47,1,2412,False,False
1778936331.3099163,control,ack,,8a:f4:af:eb:f3:fb,8a:f4:af:eb:f3:fb,,,,-47,1,2412,False,False
1778936331.310357,control,ack,,8a:f4:af:eb:f3:fb,8a:f4:af:eb:f3:fb,,,,-45,1,2412,False,False
1778936331.3317513,management,beacon,d8:d7:75:45:81:24,ff:ff:ff:ff:ff:ff,ff:ff:ff:ff:ff:ff,d8:d7:75:45:81:24,d8:d7:75:45:81:24,FunBox2-8124,-52,1,2412,False,False
1778936331.4011652,control,ack,,8a:f4:af:eb:f3:fb,8a:f4:af:eb:f3:fb,,,,-52,1,2412,False,False
1778936331.4113781,control,ack,,8a:f4:af:eb:f3:fb,8a:f4:af:eb:f3:fb,,,,-47,1,2412,False,False
1778936331.4381187,data,null_data,50:02:91:e8:18:ec,d8:d7:75:45:81:24,d8:d7:75:45:81:24,50:02:91:e8:18:ec,d8:d7:75:45:81:24,,-84,1,2412,False,False
1778936331.438134,control,ack,,50:02:91:e8:18:ec,50:02:91:e8:18:ec,,,,-46,1,2412,False,False
1778936331.454191,control,rts,d8:d7:75:45:81:24,8a:f4:af:eb:f3:fb,8a:f4:af:eb:f3:fb,d8:d7:75:45:81:24,,,-46,1,2412,False,False
1778936331.454936,control,rts,d8:d7:75:45:81:24,8a:f4:af:eb:f3:fb,8a:f4:af:eb:f3:fb,d8:d7:75:45:81:24,,,-47,1,2412,False,False
1778936331.4555752,control,rts,d8:d7:75:45:81:24,8a:f4:af:eb:f3:fb,8a:f4:af:eb:f3:fb,d8:d7:75:45:81:24,,,-44,1,2412,False,False
1778936331.4564633,control,rts,d8:d7:75:45:81:24,8a:f4:af:eb:f3:fb,8a:f4:af:eb:f3:fb,d8:d7:75:45:81:24,,,-45,1,2412,False,False
1778936331.4569252,control,rts,d8:d7:75:45:81:24,8a:f4:af:eb:f3:fb,8a:f4:af:eb:f3:fb,d8:d7:75:45:81:24,,,-44,1,2412,False,False
1778936331.45781,control,cts,,8a:f4:af:eb:f3:fb,8a:f4:af:eb:f3:fb,,,,-45,1,2412,False,False
1778936331.4578114,control,block_ack,d8:d7:75:45:81:24,8a:f4:af:eb:f3:fb,8a:f4:af:eb:f3:fb,d8:d7:75:45:81:24,,,-47,1,2412,False,False
1778936331.457812,control,rts,d8:d7:75:45:81:24,8a:f4:af:eb:f3:fb,8a:f4:af:eb:f3:fb,d8:d7:75:45:81:24,,,-46,1,2412,False,False
1778936331.4593174,control,cts,,8a:f4:af:eb:f3:fb,8a:f4:af:eb:f3:fb,,,,-46,1,2412,False,False
1778936331.4593217,control,block_ack,d8:d7:75:45:81:24,8a:f4:af:eb:f3:fb,8a:f4:af:eb:f3:fb,d8:d7:75:45:81:24,,,-46,1,2412,False,False
1778936331.481596,control,rts,d8:d7:75:45:81:24,8a:f4:af:eb:f3:fb,8a:f4:af:eb:f3:fb,d8:d7:75:45:81:24,,,-45,1,2412,False,False
1778936331.481907,control,rts,d8:d7:75:45:81:24,8a:f4:af:eb:f3:fb,8a:f4:af:eb:f3:fb,d8:d7:75:45:81:24,,,-44,1,2412,False,False
1778936331.4834926,control,cts,,8a:f4:af:eb:f3:fb,8a:f4:af:eb:f3:fb,,,,-47,1,2412,False,False
1778936331.4834948,control,block_ack,d8:d7:75:45:81:24,8a:f4:af:eb:f3:fb,8a:f4:af:eb:f3:fb,d8:d7:75:45:81:24,,,-46,1,2412,False,False
1778936331.5379977,management,beacon,d8:d7:75:45:81:24,ff:ff:ff:ff:ff:ff,ff:ff:ff:ff:ff:ff,d8:d7:75:45:81:24,d8:d7:75:45:81:24,FunBox2-8124,-51,1,2412,False,False
1778936331.538164,control,cts,,8a:f4:af:eb:f3:fb,8a:f4:af:eb:f3:fb,,,,-52,1,2412,False,False
1778936331.5383492,control,block_ack,d8:d7:75:45:81:24,8a:f4:af:eb:f3:fb,8a:f4:af:eb:f3:fb,d8:d7:75:45:81:24,,,-51,1,2412,False,False
1778936331.538964,control,cts,,8a:f4:af:eb:f3:fb,8a:f4:af:eb:f3:fb,,,,-52,1,2412,False,False
1778936331.539527,control,cts,,8a:f4:af:eb:f3:fb,8a:f4:af:eb:f3:fb,,,,-51,1,2412,False,False
1778936331.540176,control,cts,,8a:f4:af:eb:f3:fb,8a:f4:af:eb:f3:fb,,,,-51,1,2412,False,False
1778936331.5406988,control,block_ack,d8:d7:75:45:81:24,8a:f4:af:eb:f3:fb,8a:f4:af:eb:f3:fb,d8:d7:75:45:81:24,,,-51,1,2412,False,False
1778936331.5499213,control,ack,,8a:f4:af:eb:f3:fb,8a:f4:af:eb:f3:fb,,,,-50,1,2412,False,False
1778936331.5502973,control,ack,,8a:f4:af:eb:f3:fb,8a:f4:af:eb:f3:fb,,,,-52,1,2412,False,False
1778936331.5695484,control,ack,,8a:f4:af:eb:f3:fb,8a:f4:af:eb:f3:fb,,,,-51,1,2412,False,False
1778936331.5701542,control,ack,,8a:f4:af:eb:f3:fb,8a:f4:af:eb:f3:fb,,,,-51,1,2412,False,False
1778936331.5705357,control,rts,d8:d7:75:45:81:24,8a:f4:af:eb:f3:fb,8a:f4:af:eb:f3:fb,d8:d7:75:45:81:24,,,-52,1,2412,False,False
1778936331.5707858,control,ack,,8a:f4:af:eb:f3:fb,8a:f4:af:eb:f3:fb,,,,-51,1,2412,False,False
1778936331.5714228,control,ack,,8a:f4:af:eb:f3:fb,8a:f4:af:eb:f3:fb,,,,-51,1,2412,False,False
1778936331.5722895,control,rts,d8:d7:75:45:81:24,8a:f4:af:eb:f3:fb,8a:f4:af:eb:f3:fb,d8:d7:75:45:81:24,,,-49,1,2412,False,False
1778936331.5732841,control,rts,d8:d7:75:45:81:24,8a:f4:af:eb:f3:fb,8a:f4:af:eb:f3:fb,d8:d7:75:45:81:24,,,-51,1,2412,False,False
1778936331.5737178,control,rts,d8:d7:75:45:81:24,8a:f4:af:eb:f3:fb,8a:f4:af:eb:f3:fb,d8:d7:75:45:81:24,,,-51,1,2412,False,False
1778936331.6010075,control,rts,54:35:30:cf:ee:1e,d8:d7:75:45:81:24,d8:d7:75:45:81:24,54:35:30:cf:ee:1e,,,-55,1,2412,False,False
1778936331.6010113,control,cts,,54:35:30:cf:ee:1e,54:35:30:cf:ee:1e,,,,-47,1,2412,False,False
1778936331.6010127,data,qos_data,54:35:30:cf:ee:1e,d8:d7:75:45:81:24,d8:d7:75:45:81:24,54:35:30:cf:ee:1e,ff:ff:ff:ff:ff:ff,,-56,1,2412,True,False
1778936331.6010153,control,block_ack,d8:d7:75:45:81:24,54:35:30:cf:ee:1e,54:35:30:cf:ee:1e,d8:d7:75:45:81:24,,,-44,1,2412,False,False
1778936331.6022098,data,data,d8:d7:75:45:81:24,ff:ff:ff:ff:ff:ff,ff:ff:ff:ff:ff:ff,d8:d7:75:45:81:24,54:35:30:cf:ee:1e,,-42,1,2412,True,False
1778936331.602529,control,ack,,d8:d7:75:45:81:24,d8:d7:75:45:81:24,,,,-85,1,2412,False,False
1778936331.6389747,management,beacon,d8:d7:75:45:81:24,ff:ff:ff:ff:ff:ff,ff:ff:ff:ff:ff:ff,d8:d7:75:45:81:24,d8:d7:75:45:81:24,FunBox2-8124,-51,1,2412,False,False
1778936331.669926,control,ack,,8a:f4:af:eb:f3:fb,8a:f4:af:eb:f3:fb,,,,-52,1,2412,False,False
1778936331.670335,control,ack,,8a:f4:af:eb:f3:fb,8a:f4:af:eb:f3:fb,,,,-51,1,2412,False,False
1778936331.7178845,control,rts,d8:d7:75:45:81:24,8a:f4:af:eb:f3:fb,8a:f4:af:eb:f3:fb,d8:d7:75:45:81:24,,,-51,1,2412,False,False
1778936331.7186935,control,rts,d8:d7:75:45:81:24,8a:f4:af:eb:f3:fb,8a:f4:af:eb:f3:fb,d8:d7:75:45:81:24,,,-52,1,2412,False,False
1778936331.7192993,control,rts,d8:d7:75:45:81:24,8a:f4:af:eb:f3:fb,8a:f4:af:eb:f3:fb,d8:d7:75:45:81:24,,,-52,1,2412,False,False
1778936331.7205188,control,cts,,8a:f4:af:eb:f3:fb,8a:f4:af:eb:f3:fb,,,,-52,1,2412,False,False
1778936331.7205265,control,block_ack,d8:d7:75:45:81:24,8a:f4:af:eb:f3:fb,8a:f4:af:eb:f3:fb,d8:d7:75:45:81:24,,,-52,1,2412,False,False
1778936331.7205274,control,rts,d8:d7:75:45:81:24,8a:f4:af:eb:f3:fb,8a:f4:af:eb:f3:fb,d8:d7:75:45:81:24,,,-52,1,2412,False,False
1778936331.7220109,control,cts,,8a:f4:af:eb:f3:fb,8a:f4:af:eb:f3:fb,,,,-52,1,2412,False,False
1778936331.7220142,control,block_ack,d8:d7:75:45:81:24,8a:f4:af:eb:f3:fb,8a:f4:af:eb:f3:fb,d8:d7:75:45:81:24,,,-52,1,2412,False,False
1778936331.7899377,control,ack,,8a:f4:af:eb:f3:fb,8a:f4:af:eb:f3:fb,,,,-50,1,2412,False,False
1778936331.7903428,control,ack,,8a:f4:af:eb:f3:fb,8a:f4:af:eb:f3:fb,,,,-52,1,2412,False,False
1778936331.843009,data,null_data,50:02:91:e8:18:ec,d8:d7:75:45:81:24,d8:d7:75:45:81:24,50:02:91:e8:18:ec,d8:d7:75:45:81:24,,-85,1,2412,False,False
1778936331.8430243,control,ack,,50:02:91:e8:18:ec,50:02:91:e8:18:ec,,,,-51,1,2412,False,False
1778936331.8433766,control,ack,,8a:f4:af:eb:f3:fb,8a:f4:af:eb:f3:fb,,,,-46,1,2412,False,False
1778936331.8466623,management,beacon,d8:d7:75:45:81:24,ff:ff:ff:ff:ff:ff,ff:ff:ff:ff:ff:ff,d8:d7:75:45:81:24,d8:d7:75:45:81:24,FunBox2-8124,-52,1,2412,False,False
1778936331.846665,control,ack,,8a:f4:af:eb:f3:fb,8a:f4:af:eb:f3:fb,,,,-49,1,2412,False,False
1778936331.9099417,control,ack,,8a:f4:af:eb:f3:fb,8a:f4:af:eb:f3:fb,,,,-51,1,2412,False,False
1778936331.9103544,control,ack,,8a:f4:af:eb:f3:fb,8a:f4:af:eb:f3:fb,,,,-52,1,2412,False,False
1778936331.9282658,control,ack,,8a:f4:af:eb:f3:fb,8a:f4:af:eb:f3:fb,,,,-51,1,2412,False,False
1778936331.946124,management,beacon,d8:d7:75:45:81:24,ff:ff:ff:ff:ff:ff,ff:ff:ff:ff:ff:ff,d8:d7:75:45:81:24,d8:d7:75:45:81:24,FunBox2-8124,-51,1,2412,False,False
1778936332.0485835,management,beacon,d8:d7:75:45:81:24,ff:ff:ff:ff:ff:ff,ff:ff:ff:ff:ff:ff,d8:d7:75:45:81:24,d8:d7:75:45:81:24,FunBox2-8124,-50,1,2412,False,False
1778936332.1523874,management,beacon,d8:d7:75:45:81:24,ff:ff:ff:ff:ff:ff,ff:ff:ff:ff:ff:ff,d8:d7:75:45:81:24,d8:d7:75:45:81:24,FunBox2-8124,-52,1,2412,False,False
1778936332.253347,management,beacon,d8:d7:75:45:81:24,ff:ff:ff:ff:ff:ff,ff:ff:ff:ff:ff:ff,d8:d7:75:45:81:24,d8:d7:75:45:81:24,FunBox2-8124,-42,1,2412,False,False
1778936332.2544763,control,ack,,8a:f4:af:eb:f3:fb,8a:f4:af:eb:f3:fb,,,,-47,1,2412,False,False
1778936332.2546842,control,rts,d8:d7:75:45:81:24,8a:f4:af:eb:f3:fb,8a:f4:af:eb:f3:fb,d8:d7:75:45:81:24,,,-51,1,2412,False,False
1778936332.2579486,control,cts,,8a:f4:af:eb:f3:fb,8a:f4:af:eb:f3:fb,,,,-51,1,2412,False,False
1778936332.2579505,control,block_ack,d8:d7:75:45:81:24,8a:f4:af:eb:f3:fb,8a:f4:af:eb:f3:fb,d8:d7:75:45:81:24,,,-52,1,2412,False,False
1778936332.2699568,control,ack,,8a:f4:af:eb:f3:fb,8a:f4:af:eb:f3:fb,,,,-51,1,2412,False,False
1778936332.270367,control,ack,,8a:f4:af:eb:f3:fb,8a:f4:af:eb:f3:fb,,,,-46,1,2412,False,False
1778936332.3412116,data,null_data,8a:f4:af:eb:f3:fb,d8:d7:75:45:81:24,d8:d7:75:45:81:24,8a:f4:af:eb:f3:fb,d8:d7:75:45:81:24,,-85,1,2412,False,True
1778936332.3416057,control,ack,,8a:f4:af:eb:f3:fb,8a:f4:af:eb:f3:fb,,,,-52,1,2412,False,False
1778936332.3416073,control,ack,,8a:f4:af:eb:f3:fb,8a:f4:af:eb:f3:fb,,,,-52,1,2412,False,False
1778936332.341944,control,cts,,8a:f4:af:eb:f3:fb,8a:f4:af:eb:f3:fb,,,,-51,1,2412,False,False
1778936332.3425756,control,cts,,8a:f4:af:eb:f3:fb,8a:f4:af:eb:f3:fb,,,,-53,1,2412,False,False
1778936332.342577,control,block_ack,d8:d7:75:45:81:24,8a:f4:af:eb:f3:fb,8a:f4:af:eb:f3:fb,d8:d7:75:45:81:24,,,-52,1,2412,False,False
1778936332.355797,management,beacon,d8:d7:75:45:81:24,ff:ff:ff:ff:ff:ff,ff:ff:ff:ff:ff:ff,d8:d7:75:45:81:24,d8:d7:75:45:81:24,FunBox2-8124,-52,1,2412,False,False
1778936332.389951,control,ack,,8a:f4:af:eb:f3:fb,8a:f4:af:eb:f3:fb,,,,-52,1,2412,False,False
1778936332.3903697,control,ack,,8a:f4:af:eb:f3:fb,8a:f4:af:eb:f3:fb,,,,-52,1,2412,False,False
1778936332.396094,control,ack,,8a:f4:af:eb:f3:fb,8a:f4:af:eb:f3:fb,,,,-52,1,2412,False,False
1778936332.396675,control,ack,,8a:f4:af:eb:f3:fb,8a:f4:af:eb:f3:fb,,,,-51,1,2412,False,False
1778936332.3973315,control,ack,,8a:f4:af:eb:f3:fb,8a:f4:af:eb:f3:fb,,,,-50,1,2412,False,False
1778936332.3979464,control,ack,,8a:f4:af:eb:f3:fb,8a:f4:af:eb:f3:fb,,,,-51,1,2412,False,False
1778936332.4048078,control,rts,d8:d7:75:45:81:24,8a:f4:af:eb:f3:fb,8a:f4:af:eb:f3:fb,d8:d7:75:45:81:24,,,-51,1,2412,False,False
1778936332.405158,control,rts,d8:d7:75:45:81:24,8a:f4:af:eb:f3:fb,8a:f4:af:eb:f3:fb,d8:d7:75:45:81:24,,,-52,1,2412,False,False
1778936332.4054596,control,ack,,8a:f4:af:eb:f3:fb,8a:f4:af:eb:f3:fb,,,,-51,1,2412,False,False
1778936332.4057093,control,ack,,8a:f4:af:eb:f3:fb,8a:f4:af:eb:f3:fb,,,,-52,1,2412,False,False
1778936332.4073794,control,cts,,8a:f4:af:eb:f3:fb,8a:f4:af:eb:f3:fb,,,,-52,1,2412,False,False
1778936332.4073844,control,block_ack,d8:d7:75:45:81:24,8a:f4:af:eb:f3:fb,8a:f4:af:eb:f3:fb,d8:d7:75:45:81:24,,,-51,1,2412,False,False
1778936332.4596362,management,beacon,d8:d7:75:45:81:24,ff:ff:ff:ff:ff:ff,ff:ff:ff:ff:ff:ff,d8:d7:75:45:81:24,d8:d7:75:45:81:24,FunBox2-8124,-51,1,2412,False,False
1778936332.4681315,control,ack,,8a:f4:af:eb:f3:fb,8a:f4:af:eb:f3:fb,,,,-51,1,2412,False,False
1778936332.564094,management,beacon,d8:d7:75:45:81:24,ff:ff:ff:ff:ff:ff,ff:ff:ff:ff:ff:ff,d8:d7:75:45:81:24,d8:d7:75:45:81:24,FunBox2-8124,-51,1,2412,False,False
1778936332.6027894,control,rts,54:35:30:cf:ee:1e,d8:d7:75:45:81:24,d8:d7:75:45:81:24,54:35:30:cf:ee:1e,,,-56,1,2412,False,False
1778936332.6027997,control,cts,,54:35:30:cf:ee:1e,54:35:30:cf:ee:1e,,,,-46,1,2412,False,False
1778936332.6028018,data,qos_data,54:35:30:cf:ee:1e,d8:d7:75:45:81:24,d8:d7:75:45:81:24,54:35:30:cf:ee:1e,01:00:5e:7f:ff:fa,,-55,1,2412,True,False
1778936332.6028042,control,block_ack,d8:d7:75:45:81:24,54:35:30:cf:ee:1e,54:35:30:cf:ee:1e,d8:d7:75:45:81:24,,,-46,1,2412,False,False
1778936332.6629612,management,beacon,d8:d7:75:45:81:24,ff:ff:ff:ff:ff:ff,ff:ff:ff:ff:ff:ff,d8:d7:75:45:81:24,d8:d7:75:45:81:24,FunBox2-8124,-51,1,2412,False,False
1778936332.6643755,data,data,d8:d7:75:45:81:24,01:00:5e:7f:ff:fa,01:00:5e:7f:ff:fa,d8:d7:75:45:81:24,54:35:30:cf:ee:1e,,-52,1,2412,True,False
1778936332.664379,control,ack,,8a:f4:af:eb:f3:fb,8a:f4:af:eb:f3:fb,,,,-52,1,2412,False,False
1778936332.6648357,data,null_data,50:02:91:e8:18:ec,d8:d7:75:45:81:24,d8:d7:75:45:81:24,50:02:91:e8:18:ec,d8:d7:75:45:81:24,,-86,1,2412,False,True
1778936332.6648371,control,ack,,50:02:91:e8:18:ec,50:02:91:e8:18:ec,,,,-51,1,2412,False,False
1778936332.6675036,control,cts,,8a:f4:af:eb:f3:fb,8a:f4:af:eb:f3:fb,,,,-52,1,2412,False,False
1778936332.667506,control,ack,,8a:f4:af:eb:f3:fb,8a:f4:af:eb:f3:fb,,,,-52,1,2412,False,False
1778936332.6761167,control,ack,,8a:f4:af:eb:f3:fb,8a:f4:af:eb:f3:fb,,,,-51,1,2412,False,False
1778936332.6767113,control,ack,,8a:f4:af:eb:f3:fb,8a:f4:af:eb:f3:fb,,,,-53,1,2412,False,False
1778936332.6773617,control,ack,,8a:f4:af:eb:f3:fb,8a:f4:af:eb:f3:fb,,,,-50,1,2412,False,False
1778936332.6779697,control,ack,,8a:f4:af:eb:f3:fb,8a:f4:af:eb:f3:fb,,,,-52,1,2412,False,False
1778936332.6811306,control,ack,,8a:f4:af:eb:f3:fb,8a:f4:af:eb:f3:fb,,,,-51,1,2412,False,False
1778936332.7032275,control,ack,,8a:f4:af:eb:f3:fb,8a:f4:af:eb:f3:fb,,,,-51,1,2412,False,False
1778936332.72791,control,ack,,8a:f4:af:eb:f3:fb,8a:f4:af:eb:f3:fb,,,,-52,1,2412,False,False
1778936332.8690033,management,beacon,d8:d7:75:45:81:24,ff:ff:ff:ff:ff:ff,ff:ff:ff:ff:ff:ff,d8:d7:75:45:81:24,d8:d7:75:45:81:24,FunBox2-8124,-52,1,2412,False,False
1778936332.9057505,data,null_data,50:02:91:e8:18:ec,d8:d7:75:45:81:24,d8:d7:75:45:81:24,50:02:91:e8:18:ec,d8:d7:75:45:81:24,,-83,1,2412,False,False
1778936332.9057696,control,ack,,50:02:91:e8:18:ec,50:02:91:e8:18:ec,,,,-51,1,2412,False,False
1778936333.0743518,management,beacon,d8:d7:75:45:81:24,ff:ff:ff:ff:ff:ff,ff:ff:ff:ff:ff:ff,d8:d7:75:45:81:24,d8:d7:75:45:81:24,FunBox2-8124,-52,1,2412,False,False
1778936333.1764648,management,beacon,d8:d7:75:45:81:24,ff:ff:ff:ff:ff:ff,ff:ff:ff:ff:ff:ff,d8:d7:75:45:81:24,d8:d7:75:45:81:24,FunBox2-8124,-51,1,2412,False,False
1778936333.230576,data,qos_null,aa:23:4f:4d:00:cf,74:ea:3a:a1:53:a6,74:ea:3a:a1:53:a6,aa:23:4f:4d:00:cf,74:ea:3a:a1:53:a6,,-87,1,2412,False,False
1778936333.3799896,management,beacon,d8:d7:75:45:81:24,ff:ff:ff:ff:ff:ff,ff:ff:ff:ff:ff:ff,d8:d7:75:45:81:24,d8:d7:75:45:81:24,FunBox2-8124,-52,1,2412,False,False
1778936333.4822037,management,beacon,d8:d7:75:45:81:24,ff:ff:ff:ff:ff:ff,ff:ff:ff:ff:ff:ff,d8:d7:75:45:81:24,d8:d7:75:45:81:24,FunBox2-8124,-51,1,2412,False,False
1778936333.5397809,control,ack,,8a:f4:af:eb:f3:fb,8a:f4:af:eb:f3:fb,,,,-52,1,2412,False,False
1778936333.5397913,control,ack,,8a:f4:af:eb:f3:fb,8a:f4:af:eb:f3:fb,,,,-52,1,2412,False,False
1778936333.5846186,management,beacon,d8:d7:75:45:81:24,ff:ff:ff:ff:ff:ff,ff:ff:ff:ff:ff:ff,d8:d7:75:45:81:24,d8:d7:75:45:81:24,FunBox2-8124,-52,1,2412,False,False
1778936333.5855322,data,data,d8:d7:75:45:81:24,01:00:5e:00:00:fb,01:00:5e:00:00:fb,d8:d7:75:45:81:24,8a:f4:af:eb:f3:fb,,-52,1,2412,True,False
1778936333.5858476,control,ack,,d8:d7:75:45:81:24,d8:d7:75:45:81:24,,,,-84,1,2412,False,False
1778936333.5900016,control,ack,,8a:f4:af:eb:f3:fb,8a:f4:af:eb:f3:fb,,,,-45,1,2412,False,False
1778936333.5905976,control,ack,,8a:f4:af:eb:f3:fb,8a:f4:af:eb:f3:fb,,,,-52,1,2412,False,False
1778936333.6038966,data,null_data,8a:f4:af:eb:f3:fb,d8:d7:75:45:81:24,d8:d7:75:45:81:24,8a:f4:af:eb:f3:fb,d8:d7:75:45:81:24,,-85,1,2412,False,True
1778936333.6046891,data,null_data,8a:f4:af:eb:f3:fb,d8:d7:75:45:81:24,d8:d7:75:45:81:24,8a:f4:af:eb:f3:fb,d8:d7:75:45:81:24,,-89,1,2412,False,True
1778936333.6055431,data,null_data,8a:f4:af:eb:f3:fb,d8:d7:75:45:81:24,d8:d7:75:45:81:24,8a:f4:af:eb:f3:fb,d8:d7:75:45:81:24,,-86,1,2412,False,True
1778936333.605854,control,ack,,8a:f4:af:eb:f3:fb,8a:f4:af:eb:f3:fb,,,,-42,1,2412,False,False
1778936333.6884773,management,beacon,d8:d7:75:45:81:24,ff:ff:ff:ff:ff:ff,ff:ff:ff:ff:ff:ff,d8:d7:75:45:81:24,d8:d7:75:45:81:24,FunBox2-8124,-51,1,2412,False,False
1778936333.8918014,management,beacon,d8:d7:75:45:81:24,ff:ff:ff:ff:ff:ff,ff:ff:ff:ff:ff:ff,d8:d7:75:45:81:24,d8:d7:75:45:81:24,FunBox2-8124,-51,1,2412,False,False
1778936333.997053,management,beacon,d8:d7:75:45:81:24,ff:ff:ff:ff:ff:ff,ff:ff:ff:ff:ff:ff,d8:d7:75:45:81:24,d8:d7:75:45:81:24,FunBox2-8124,-45,1,2412,False,False
1778936333.9981914,control,ack,,8a:f4:af:eb:f3:fb,8a:f4:af:eb:f3:fb,,,,-46,1,2412,False,False
1778936333.9986677,control,rts,d8:d7:75:45:81:24,8a:f4:af:eb:f3:fb,8a:f4:af:eb:f3:fb,d8:d7:75:45:81:24,,,-52,1,2412,False,False
1778936334.000963,control,cts,,8a:f4:af:eb:f3:fb,8a:f4:af:eb:f3:fb,,,,-52,1,2412,False,False
1778936334.0009646,control,block_ack,d8:d7:75:45:81:24,8a:f4:af:eb:f3:fb,8a:f4:af:eb:f3:fb,d8:d7:75:45:81:24,,,-51,1,2412,False,False
1778936334.0617034,control,ack,,8a:f4:af:eb:f3:fb,8a:f4:af:eb:f3:fb,,,,-52,1,2412,False,False
1778936334.0622988,control,ack,,8a:f4:af:eb:f3:fb,8a:f4:af:eb:f3:fb,,,,-51,1,2412,False,False
1778936334.0629191,control,ack,,8a:f4:af:eb:f3:fb,8a:f4:af:eb:f3:fb,,,,-53,1,2412,False,False
1778936334.0966902,management,beacon,d8:d7:75:45:81:24,ff:ff:ff:ff:ff:ff,ff:ff:ff:ff:ff:ff,d8:d7:75:45:81:24,d8:d7:75:45:81:24,FunBox2-8124,-43,1,2412,False,False
1778936334.1990128,management,beacon,d8:d7:75:45:81:24,ff:ff:ff:ff:ff:ff,ff:ff:ff:ff:ff:ff,d8:d7:75:45:81:24,d8:d7:75:45:81:24,FunBox2-8124,-53,1,2412,False,False
1778936334.2003193,data,null_data,50:02:91:e8:18:ec,d8:d7:75:45:81:24,d8:d7:75:45:81:24,50:02:91:e8:18:ec,d8:d7:75:45:81:24,,-84,1,2412,False,True
1778936334.2009842,data,null_data,50:02:91:e8:18:ec,d8:d7:75:45:81:24,d8:d7:75:45:81:24,50:02:91:e8:18:ec,d8:d7:75:45:81:24,,-85,1,2412,False,True
1778936334.2021224,data,null_data,50:02:91:e8:18:ec,d8:d7:75:45:81:24,d8:d7:75:45:81:24,50:02:91:e8:18:ec,d8:d7:75:45:81:24,,-87,1,2412,False,True
1778936334.2026699,data,null_data,50:02:91:e8:18:ec,d8:d7:75:45:81:24,d8:d7:75:45:81:24,50:02:91:e8:18:ec,d8:d7:75:45:81:24,,-86,1,2412,False,True
1778936334.2029612,control,ack,,50:02:91:e8:18:ec,50:02:91:e8:18:ec,,,,-51,1,2412,False,False
1778936334.40383,management,beacon,d8:d7:75:45:81:24,ff:ff:ff:ff:ff:ff,ff:ff:ff:ff:ff:ff,d8:d7:75:45:81:24,d8:d7:75:45:81:24,FunBox2-8124,-51,1,2412,False,False
1778936334.4442418,data,null_data,50:02:91:e8:18:ec,d8:d7:75:45:81:24,d8:d7:75:45:81:24,50:02:91:e8:18:ec,d8:d7:75:45:81:24,,-83,1,2412,False,False
1778936334.4442534,control,ack,,50:02:91:e8:18:ec,50:02:91:e8:18:ec,,,,-52,1,2412,False,False
1778936334.506279,management,beacon,d8:d7:75:45:81:24,ff:ff:ff:ff:ff:ff,ff:ff:ff:ff:ff:ff,d8:d7:75:45:81:24,d8:d7:75:45:81:24,FunBox2-8124,-51,1,2412,False,False
1778936334.610112,management,beacon,d8:d7:75:45:81:24,ff:ff:ff:ff:ff:ff,ff:ff:ff:ff:ff:ff,d8:d7:75:45:81:24,d8:d7:75:45:81:24,FunBox2-8124,-51,1,2412,False,False
1778936334.6112907,control,ack,,8a:f4:af:eb:f3:fb,8a:f4:af:eb:f3:fb,,,,-53,1,2412,False,False
1778936334.6115384,control,rts,d8:d7:75:45:81:24,8a:f4:af:eb:f3:fb,8a:f4:af:eb:f3:fb,d8:d7:75:45:81:24,,,-52,1,2412,False,False
1778936334.6138883,control,cts,,8a:f4:af:eb:f3:fb,8a:f4:af:eb:f3:fb,,,,-52,1,2412,False,False
1778936334.6138906,control,block_ack,d8:d7:75:45:81:24,8a:f4:af:eb:f3:fb,8a:f4:af:eb:f3:fb,d8:d7:75:45:81:24,,,-52,1,2412,False,False
1778936334.615003,control,ack,,8a:f4:af:eb:f3:fb,8a:f4:af:eb:f3:fb,,,,-51,1,2412,False,False
1778936334.6156132,control,ack,,8a:f4:af:eb:f3:fb,8a:f4:af:eb:f3:fb,,,,-52,1,2412,False,False
1778936334.616275,control,ack,,8a:f4:af:eb:f3:fb,8a:f4:af:eb:f3:fb,,,,-53,1,2412,False,False
1778936334.6168823,control,ack,,8a:f4:af:eb:f3:fb,8a:f4:af:eb:f3:fb,,,,-52,1,2412,False,False
1778936334.6700544,control,ack,,8a:f4:af:eb:f3:fb,8a:f4:af:eb:f3:fb,,,,-52,1,2412,False,False
1778936334.6704774,control,ack,,8a:f4:af:eb:f3:fb,8a:f4:af:eb:f3:fb,,,,-50,1,2412,False,False
1778936334.674277,control,ack,,8a:f4:af:eb:f3:fb,8a:f4:af:eb:f3:fb,,,,-51,1,2412,False,False
1778936334.711025,management,beacon,d8:d7:75:45:81:24,ff:ff:ff:ff:ff:ff,ff:ff:ff:ff:ff:ff,d8:d7:75:45:81:24,d8:d7:75:45:81:24,FunBox2-8124,-51,1,2412,False,False
1778936334.8134353,management,beacon,d8:d7:75:45:81:24,ff:ff:ff:ff:ff:ff,ff:ff:ff:ff:ff:ff,d8:d7:75:45:81:24,d8:d7:75:45:81:24,FunBox2-8124,-51,1,2412,False,False
1778936334.9173787,management,beacon,d8:d7:75:45:81:24,ff:ff:ff:ff:ff:ff,ff:ff:ff:ff:ff:ff,d8:d7:75:45:81:24,d8:d7:75:45:81:24,FunBox2-8124,-51,1,2412,False,False
1778936334.945781,control,ack,,8a:f4:af:eb:f3:fb,8a:f4:af:eb:f3:fb,,,,-52,1,2412,False,False
1778936334.9459753,control,cts,,8a:f4:af:eb:f3:fb,8a:f4:af:eb:f3:fb,,,,-51,1,2412,False,False
1778936334.946385,control,cts,,8a:f4:af:eb:f3:fb,8a:f4:af:eb:f3:fb,,,,-51,1,2412,False,False
1778936334.9463863,control,block_ack,d8:d7:75:45:81:24,8a:f4:af:eb:f3:fb,8a:f4:af:eb:f3:fb,d8:d7:75:45:81:24,,,-52,1,2412,False,False
1778936335.007857,control,ack,,8a:f4:af:eb:f3:fb,8a:f4:af:eb:f3:fb,,,,-52,1,2412,False,False
1778936335.018296,management,beacon,d8:d7:75:45:81:24,ff:ff:ff:ff:ff:ff,ff:ff:ff:ff:ff:ff,d8:d7:75:45:81:24,d8:d7:75:45:81:24,FunBox2-8124,-52,1,2412,False,False
1778936335.0388334,control,ack,,ce:d0:54:70:b1:b3,ce:d0:54:70:b1:b3,,,,-87,1,2412,False,False
1778936335.040938,data,qos_null,aa:23:4f:4d:00:cf,74:ea:3a:a1:53:a6,74:ea:3a:a1:53:a6,aa:23:4f:4d:00:cf,74:ea:3a:a1:53:a6,,-85,1,2412,False,False
1778936335.057123,data,qos_null,aa:23:4f:4d:00:cf,74:ea:3a:a1:53:a6,74:ea:3a:a1:53:a6,aa:23:4f:4d:00:cf,74:ea:3a:a1:53:a6,,-87,1,2412,False,False
1778936335.0737622,data,qos_null,aa:23:4f:4d:00:cf,74:ea:3a:a1:53:a6,74:ea:3a:a1:53:a6,aa:23:4f:4d:00:cf,74:ea:3a:a1:53:a6,,-88,1,2412,False,False
1778936335.1206799,management,beacon,d8:d7:75:45:81:24,ff:ff:ff:ff:ff:ff,ff:ff:ff:ff:ff:ff,d8:d7:75:45:81:24,d8:d7:75:45:81:24,FunBox2-8124,-52,1,2412,False,False
1778936335.1249118,data,qos_null,aa:23:4f:4d:00:cf,74:ea:3a:a1:53:a6,74:ea:3a:a1:53:a6,aa:23:4f:4d:00:cf,74:ea:3a:a1:53:a6,,-88,1,2412,False,False
1778936335.2245672,management,beacon,d8:d7:75:45:81:24,ff:ff:ff:ff:ff:ff,ff:ff:ff:ff:ff:ff,d8:d7:75:45:81:24,d8:d7:75:45:81:24,FunBox2-8124,-51,1,2412,False,False
1778936335.328443,management,beacon,d8:d7:75:45:81:24,ff:ff:ff:ff:ff:ff,ff:ff:ff:ff:ff:ff,d8:d7:75:45:81:24,d8:d7:75:45:81:24,FunBox2-8124,-42,1,2412,False,False
1778936335.4279094,management,beacon,d8:d7:75:45:81:24,ff:ff:ff:ff:ff:ff,ff:ff:ff:ff:ff:ff,d8:d7:75:45:81:24,d8:d7:75:45:81:24,FunBox2-8124,-52,1,2412,False,False
1778936335.5317616,management,beacon,d8:d7:75:45:81:24,ff:ff:ff:ff:ff:ff,ff:ff:ff:ff:ff:ff,d8:d7:75:45:81:24,d8:d7:75:45:81:24,FunBox2-8124,-53,1,2412,False,False
1778936335.6326694,management,beacon,d8:d7:75:45:81:24,ff:ff:ff:ff:ff:ff,ff:ff:ff:ff:ff:ff,d8:d7:75:45:81:24,d8:d7:75:45:81:24,FunBox2-8124,-53,1,2412,False,False
1778936335.7350974,management,beacon,d8:d7:75:45:81:24,ff:ff:ff:ff:ff:ff,ff:ff:ff:ff:ff:ff,d8:d7:75:45:81:24,d8:d7:75:45:81:24,FunBox2-8124,-52,1,2412,False,False
1778936335.7362442,data,null_data,50:02:91:e8:18:ec,d8:d7:75:45:81:24,d8:d7:75:45:81:24,50:02:91:e8:18:ec,d8:d7:75:45:81:24,,-85,1,2412,False,False
1778936335.7364395,data,null_data,50:02:91:e8:18:ec,d8:d7:75:45:81:24,d8:d7:75:45:81:24,50:02:91:e8:18:ec,d8:d7:75:45:81:24,,-84,1,2412,False,True
1778936335.7368128,data,null_data,50:02:91:e8:18:ec,d8:d7:75:45:81:24,d8:d7:75:45:81:24,50:02:91:e8:18:ec,d8:d7:75:45:81:24,,-86,1,2412,False,True
1778936335.7371273,data,null_data,50:02:91:e8:18:ec,d8:d7:75:45:81:24,d8:d7:75:45:81:24,50:02:91:e8:18:ec,d8:d7:75:45:81:24,,-85,1,2412,False,True
1778936335.7377117,data,null_data,50:02:91:e8:18:ec,d8:d7:75:45:81:24,d8:d7:75:45:81:24,50:02:91:e8:18:ec,d8:d7:75:45:81:24,,-84,1,2412,False,True
1778936335.7382743,data,null_data,50:02:91:e8:18:ec,d8:d7:75:45:81:24,d8:d7:75:45:81:24,50:02:91:e8:18:ec,d8:d7:75:45:81:24,,-85,1,2412,False,True
1778936335.738808,data,null_data,50:02:91:e8:18:ec,d8:d7:75:45:81:24,d8:d7:75:45:81:24,50:02:91:e8:18:ec,d8:d7:75:45:81:24,,-87,1,2412,False,True
1778936335.7391229,control,ack,,50:02:91:e8:18:ec,50:02:91:e8:18:ec,,,,-51,1,2412,False,False
1778936335.759458,data,qos_null,aa:23:4f:4d:00:cf,74:ea:3a:a1:53:a6,74:ea:3a:a1:53:a6,aa:23:4f:4d:00:cf,74:ea:3a:a1:53:a6,,-85,1,2412,False,False
1778936335.775645,data,qos_null,aa:23:4f:4d:00:cf,74:ea:3a:a1:53:a6,74:ea:3a:a1:53:a6,aa:23:4f:4d:00:cf,74:ea:3a:a1:53:a6,,-88,1,2412,False,False
1778936335.791518,data,qos_null,aa:23:4f:4d:00:cf,74:ea:3a:a1:53:a6,74:ea:3a:a1:53:a6,aa:23:4f:4d:00:cf,74:ea:3a:a1:53:a6,,-86,1,2412,False,False
1778936335.8409455,control,ack,,8a:f4:af:eb:f3:fb,8a:f4:af:eb:f3:fb,,,,-52,1,2412,False,False
1778936335.841446,control,rts,d8:d7:75:45:81:24,8a:f4:af:eb:f3:fb,8a:f4:af:eb:f3:fb,d8:d7:75:45:81:24,,,-53,1,2412,False,False
1778936335.8425367,data,qos_null,aa:23:4f:4d:00:cf,74:ea:3a:a1:53:a6,74:ea:3a:a1:53:a6,aa:23:4f:4d:00:cf,74:ea:3a:a1:53:a6,,-86,1,2412,False,False
1778936335.8485363,control,cts,,8a:f4:af:eb:f3:fb,8a:f4:af:eb:f3:fb,,,,-53,1,2412,False,False
1778936335.848541,control,block_ack,d8:d7:75:45:81:24,8a:f4:af:eb:f3:fb,8a:f4:af:eb:f3:fb,d8:d7:75:45:81:24,,,-52,1,2412,False,False
1778936335.8704886,control,ack,,8a:f4:af:eb:f3:fb,8a:f4:af:eb:f3:fb,,,,-52,1,2412,False,False
1778936335.9081554,control,ack,,8a:f4:af:eb:f3:fb,8a:f4:af:eb:f3:fb,,,,-51,1,2412,False,False
1778936335.939927,management,beacon,d8:d7:75:45:81:24,ff:ff:ff:ff:ff:ff,ff:ff:ff:ff:ff:ff,d8:d7:75:45:81:24,d8:d7:75:45:81:24,FunBox2-8124,-51,1,2412,False,False
1778936335.98017,data,null_data,50:02:91:e8:18:ec,d8:d7:75:45:81:24,d8:d7:75:45:81:24,50:02:91:e8:18:ec,d8:d7:75:45:81:24,,-83,1,2412,False,False
1778936335.980184,control,ack,,50:02:91:e8:18:ec,50:02:91:e8:18:ec,,,,-51,1,2412,False,False
1778936336.0399003,control,ack,,ce:d0:54:70:b1:b3,ce:d0:54:70:b1:b3,,,,-85,1,2412,False,False
1778936336.0426111,management,beacon,d8:d7:75:45:81:24,ff:ff:ff:ff:ff:ff,ff:ff:ff:ff:ff:ff,d8:d7:75:45:81:24,d8:d7:75:45:81:24,FunBox2-8124,-53,1,2412,False,False
1778936336.2291017,management,beacon,ac:84:c6:41:71:22,ff:ff:ff:ff:ff:ff,ff:ff:ff:ff:ff:ff,ac:84:c6:41:71:22,ac:84:c6:41:71:22,TP-LINK_7122,-86,1,2412,False,False
1778936336.2470982,management,beacon,d8:d7:75:45:81:24,ff:ff:ff:ff:ff:ff,ff:ff:ff:ff:ff:ff,d8:d7:75:45:81:24,d8:d7:75:45:81:24,FunBox2-8124,-50,1,2412,False,False
1778936336.349558,management,beacon,d8:d7:75:45:81:24,ff:ff:ff:ff:ff:ff,ff:ff:ff:ff:ff:ff,d8:d7:75:45:81:24,d8:d7:75:45:81:24,FunBox2-8124,-42,1,2412,False,False
1778936336.453221,management,beacon,d8:d7:75:45:81:24,ff:ff:ff:ff:ff:ff,ff:ff:ff:ff:ff:ff,d8:d7:75:45:81:24,d8:d7:75:45:81:24,FunBox2-8124,-51,1,2412,False,False
1778936336.5543385,management,beacon,d8:d7:75:45:81:24,ff:ff:ff:ff:ff:ff,ff:ff:ff:ff:ff:ff,d8:d7:75:45:81:24,d8:d7:75:45:81:24,FunBox2-8124,-51,1,2412,False,False
1778936336.7606246,management,beacon,d8:d7:75:45:81:24,ff:ff:ff:ff:ff:ff,ff:ff:ff:ff:ff:ff,d8:d7:75:45:81:24,d8:d7:75:45:81:24,FunBox2-8124,-53,1,2412,False,False
1778936336.861557,management,beacon,d8:d7:75:45:81:24,ff:ff:ff:ff:ff:ff,ff:ff:ff:ff:ff:ff,d8:d7:75:45:81:24,d8:d7:75:45:81:24,FunBox2-8124,-53,1,2412,False,False
1778936336.9639733,management,beacon,d8:d7:75:45:81:24,ff:ff:ff:ff:ff:ff,ff:ff:ff:ff:ff:ff,d8:d7:75:45:81:24,d8:d7:75:45:81:24,FunBox2-8124,-54,1,2412,False,False
1778936337.069157,management,beacon,d8:d7:75:45:81:24,ff:ff:ff:ff:ff:ff,ff:ff:ff:ff:ff:ff,d8:d7:75:45:81:24,d8:d7:75:45:81:24,FunBox2-8124,-54,1,2412,False,False
1778936337.0703592,data,null_data,50:02:91:e8:18:ec,d8:d7:75:45:81:24,d8:d7:75:45:81:24,50:02:91:e8:18:ec,d8:d7:75:45:81:24,,-83,1,2412,False,False
1778936337.0703616,control,ack,,50:02:91:e8:18:ec,50:02:91:e8:18:ec,,,,-52,1,2412,False,False
1778936337.2767205,management,beacon,d8:d7:75:45:81:24,ff:ff:ff:ff:ff:ff,ff:ff:ff:ff:ff:ff,d8:d7:75:45:81:24,d8:d7:75:45:81:24,FunBox2-8124,-54,1,2412,False,False
1778936337.311237,data,null_data,50:02:91:e8:18:ec,d8:d7:75:45:81:24,d8:d7:75:45:81:24,50:02:91:e8:18:ec,d8:d7:75:45:81:24,,-84,1,2412,False,False
1778936337.3112483,control,ack,,50:02:91:e8:18:ec,50:02:91:e8:18:ec,,,,-52,1,2412,False,False
1778936337.4759672,management,beacon,d8:d7:75:45:81:24,ff:ff:ff:ff:ff:ff,ff:ff:ff:ff:ff:ff,d8:d7:75:45:81:24,d8:d7:75:45:81:24,FunBox2-8124,-51,1,2412,False,False
1778936337.4973695,management,probe_response,d8:d7:75:45:81:24,8a:f4:af:eb:f3:fb,8a:f4:af:eb:f3:fb,d8:d7:75:45:81:24,d8:d7:75:45:81:24,FunBox2-8124,-53,1,2412,False,True
1778936337.5013266,management,probe_response,d8:d7:75:45:81:24,8a:f4:af:eb:f3:fb,8a:f4:af:eb:f3:fb,d8:d7:75:45:81:24,d8:d7:75:45:81:24,FunBox2-8124,-52,1,2412,False,True
1778936337.5089839,management,probe_response,d8:d7:75:45:81:24,8a:f4:af:eb:f3:fb,8a:f4:af:eb:f3:fb,d8:d7:75:45:81:24,d8:d7:75:45:81:24,FunBox2-8124,-51,1,2412,False,True
1778936337.54643,control,ack,,8a:f4:af:eb:f3:fb,8a:f4:af:eb:f3:fb,,,,-51,1,2412,False,False
1778936337.5469396,control,cts,,8a:f4:af:eb:f3:fb,8a:f4:af:eb:f3:fb,,,,-52,1,2412,False,False
1778936337.5469415,control,ack,,8a:f4:af:eb:f3:fb,8a:f4:af:eb:f3:fb,,,,-52,1,2412,False,False
1778936337.5469425,control,ack,,8a:f4:af:eb:f3:fb,8a:f4:af:eb:f3:fb,,,,-52,1,2412,False,False
1778936337.5501728,control,ack,,8a:f4:af:eb:f3:fb,8a:f4:af:eb:f3:fb,,,,-52,1,2412,False,False
1778936337.550597,control,ack,,8a:f4:af:eb:f3:fb,8a:f4:af:eb:f3:fb,,,,-52,1,2412,False,False
1778936337.578364,management,beacon,d8:d7:75:45:81:24,ff:ff:ff:ff:ff:ff,ff:ff:ff:ff:ff:ff,d8:d7:75:45:81:24,d8:d7:75:45:81:24,FunBox2-8124,-51,1,2412,False,False
1778936337.579786,data,data,d8:d7:75:45:81:24,01:00:5e:00:00:fb,01:00:5e:00:00:fb,d8:d7:75:45:81:24,8a:f4:af:eb:f3:fb,,-51,1,2412,True,False
1778936337.580269,control,ack,,d8:d7:75:45:81:24,d8:d7:75:45:81:24,,,,-83,1,2412,False,False
1778936337.5802708,data,null_data,50:02:91:e8:18:ec,d8:d7:75:45:81:24,d8:d7:75:45:81:24,50:02:91:e8:18:ec,d8:d7:75:45:81:24,,-84,1,2412,False,False
1778936337.5802722,control,ack,,50:02:91:e8:18:ec,50:02:91:e8:18:ec,,,,-46,1,2412,False,False
1778936337.5846272,data,data,d8:d7:75:45:81:24,33:33:00:00:00:fb,33:33:00:00:00:fb,d8:d7:75:45:81:24,8a:f4:af:eb:f3:fb,,-42,1,2412,True,False
1778936337.5893476,control,ack,,8a:f4:af:eb:f3:fb,8a:f4:af:eb:f3:fb,,,,-44,1,2412,False,False
1778936337.68385,management,beacon,d8:d7:75:45:81:24,ff:ff:ff:ff:ff:ff,ff:ff:ff:ff:ff:ff,d8:d7:75:45:81:24,d8:d7:75:45:81:24,FunBox2-8124,-53,1,2412,False,False
1778936337.6992683,control,ack,,8a:f4:af:eb:f3:fb,8a:f4:af:eb:f3:fb,,,,-52,1,2412,False,False
1778936337.7426548,control,ack,,8a:f4:af:eb:f3:fb,8a:f4:af:eb:f3:fb,,,,-52,1,2412,False,False
1778936337.7832236,management,beacon,d8:d7:75:45:81:24,ff:ff:ff:ff:ff:ff,ff:ff:ff:ff:ff:ff,d8:d7:75:45:81:24,d8:d7:75:45:81:24,FunBox2-8124,-52,1,2412,False,False
1778936337.8211696,data,null_data,50:02:91:e8:18:ec,d8:d7:75:45:81:24,d8:d7:75:45:81:24,50:02:91:e8:18:ec,d8:d7:75:45:81:24,,-83,1,2412,False,False
1778936337.8211765,control,ack,,50:02:91:e8:18:ec,50:02:91:e8:18:ec,,,,-51,1,2412,False,False
1778936337.8526478,control,ack,,8a:f4:af:eb:f3:fb,8a:f4:af:eb:f3:fb,,,,-45,1,2412,False,False
1778936337.854674,management,probe_request,8a:f4:af:eb:f3:fb,ff:ff:ff:ff:ff:ff,ff:ff:ff:ff:ff:ff,8a:f4:af:eb:f3:fb,ff:ff:ff:ff:ff:ff,FunBox2-8124,-84,1,2412,False,False
1778936337.8579335,management,probe_response,d8:d7:75:45:81:24,8a:f4:af:eb:f3:fb,8a:f4:af:eb:f3:fb,d8:d7:75:45:81:24,d8:d7:75:45:81:24,FunBox2-8124,-42,1,2412,False,False
1778936337.8582299,control,ack,,d8:d7:75:45:81:24,d8:d7:75:45:81:24,,,,-83,1,2412,False,False
1778936337.8700354,management,probe_response,d8:d7:75:45:81:24,8a:f4:af:eb:f3:fb,8a:f4:af:eb:f3:fb,d8:d7:75:45:81:24,d8:d7:75:45:81:24,FunBox2-8124,-42,1,2412,False,False
1778936337.8703191,control,ack,,d8:d7:75:45:81:24,d8:d7:75:45:81:24,,,,-84,1,2412,False,False
1778936337.8860033,management,beacon,d8:d7:75:45:81:24,ff:ff:ff:ff:ff:ff,ff:ff:ff:ff:ff:ff,d8:d7:75:45:81:24,d8:d7:75:45:81:24,FunBox2-8124,-52,1,2412,False,False
1778936337.9168935,data,null_data,8a:f4:af:eb:f3:fb,d8:d7:75:45:81:24,d8:d7:75:45:81:24,8a:f4:af:eb:f3:fb,d8:d7:75:45:81:24,,-84,1,2412,False,False
1778936337.9171925,control,ack,,8a:f4:af:eb:f3:fb,8a:f4:af:eb:f3:fb,,,,-53,1,2412,False,False
1778936337.9417522,data,null_data,8a:f4:af:eb:f3:fb,d8:d7:75:45:81:24,d8:d7:75:45:81:24,8a:f4:af:eb:f3:fb,d8:d7:75:45:81:24,,-83,1,2412,False,False
1778936337.9420526,control,ack,,8a:f4:af:eb:f3:fb,8a:f4:af:eb:f3:fb,,,,-52,1,2412,False,False
1778936337.9894621,management,beacon,d8:d7:75:45:81:24,ff:ff:ff:ff:ff:ff,ff:ff:ff:ff:ff:ff,d8:d7:75:45:81:24,d8:d7:75:45:81:24,FunBox2-8124,-52,1,2412,False,False
1778936338.0315955,control,ack,,8a:f4:af:eb:f3:fb,8a:f4:af:eb:f3:fb,,,,-51,1,2412,False,False
1778936338.0904021,management,beacon,d8:d7:75:45:81:24,ff:ff:ff:ff:ff:ff,ff:ff:ff:ff:ff:ff,d8:d7:75:45:81:24,d8:d7:75:45:81:24,FunBox2-8124,-43,1,2412,False,False
1778936338.114239,data,qos_data,aa:23:4f:4d:00:cf,74:ea:3a:a1:53:a6,74:ea:3a:a1:53:a6,aa:23:4f:4d:00:cf,d8:a7:56:15:ac:05,,-85,1,2412,False,False
1778936338.1288297,data,qos_null,aa:23:4f:4d:00:cf,74:ea:3a:a1:53:a6,74:ea:3a:a1:53:a6,aa:23:4f:4d:00:cf,74:ea:3a:a1:53:a6,,-85,1,2412,False,False
1778936338.1516218,control,ack,,8a:f4:af:eb:f3:fb,8a:f4:af:eb:f3:fb,,,,-50,1,2412,False,False
1778936338.211709,data,null_data,8a:f4:af:eb:f3:fb,d8:d7:75:45:81:24,d8:d7:75:45:81:24,8a:f4:af:eb:f3:fb,d8:d7:75:45:81:24,,-83,1,2412,False,False
1778936338.2120063,control,ack,,8a:f4:af:eb:f3:fb,8a:f4:af:eb:f3:fb,,,,-51,1,2412,False,False
1778936338.298089,management,beacon,d8:d7:75:45:81:24,ff:ff:ff:ff:ff:ff,ff:ff:ff:ff:ff:ff,d8:d7:75:45:81:24,d8:d7:75:45:81:24,FunBox2-8124,-41,1,2412,False,False
1778936338.3913128,data,null_data,8a:f4:af:eb:f3:fb,d8:d7:75:45:81:24,d8:d7:75:45:81:24,8a:f4:af:eb:f3:fb,d8:d7:75:45:81:24,,-84,1,2412,False,False
1778936338.392069,data,null_data,8a:f4:af:eb:f3:fb,d8:d7:75:45:81:24,d8:d7:75:45:81:24,8a:f4:af:eb:f3:fb,d8:d7:75:45:81:24,,-83,1,2412,False,True
1778936338.3928614,data,null_data,8a:f4:af:eb:f3:fb,d8:d7:75:45:81:24,d8:d7:75:45:81:24,8a:f4:af:eb:f3:fb,d8:d7:75:45:81:24,,-85,1,2412,False,True
1778936338.393606,data,null_data,8a:f4:af:eb:f3:fb,d8:d7:75:45:81:24,d8:d7:75:45:81:24,8a:f4:af:eb:f3:fb,d8:d7:75:45:81:24,,-82,1,2412,False,True
1778936338.3939178,control,ack,,8a:f4:af:eb:f3:fb,8a:f4:af:eb:f3:fb,,,,-45,1,2412,False,False
1778936338.4855468,data,null_data,8a:f4:af:eb:f3:fb,d8:d7:75:45:81:24,d8:d7:75:45:81:24,8a:f4:af:eb:f3:fb,d8:d7:75:45:81:24,,-84,1,2412,False,False
1778936338.4858446,control,ack,,8a:f4:af:eb:f3:fb,8a:f4:af:eb:f3:fb,,,,-50,1,2412,False,False
1778936338.5000076,management,beacon,d8:d7:75:45:81:24,ff:ff:ff:ff:ff:ff,ff:ff:ff:ff:ff:ff,d8:d7:75:45:81:24,d8:d7:75:45:81:24,FunBox2-8124,-52,1,2412,False,False
1778936338.5113225,data,null_data,8a:f4:af:eb:f3:fb,d8:d7:75:45:81:24,d8:d7:75:45:81:24,8a:f4:af:eb:f3:fb,d8:d7:75:45:81:24,,-83,1,2412,False,False
1778936338.6041172,management,beacon,d8:d7:75:45:81:24,ff:ff:ff:ff:ff:ff,ff:ff:ff:ff:ff:ff,d8:d7:75:45:81:24,d8:d7:75:45:81:24,FunBox2-8124,-43,1,2412,False,False
1778936338.6041343,control,cts,,8a:f4:af:eb:f3:fb,8a:f4:af:eb:f3:fb,,,,-46,1,2412,False,False
1778936338.6042683,control,block_ack,d8:d7:75:45:81:24,8a:f4:af:eb:f3:fb,8a:f4:af:eb:f3:fb,d8:d7:75:45:81:24,,,-45,1,2412,False,False
1778936338.6052349,control,ack,,ce:d0:54:70:b1:b3,ce:d0:54:70:b1:b3,,,,-84,1,2412,False,False
1778936338.6052372,control,cts,,8a:f4:af:eb:f3:fb,8a:f4:af:eb:f3:fb,,,,-46,1,2412,False,False
1778936338.6056237,control,block_ack,d8:d7:75:45:81:24,8a:f4:af:eb:f3:fb,8a:f4:af:eb:f3:fb,d8:d7:75:45:81:24,,,-47,1,2412,False,False
1778936338.630229,control,ack,,8a:f4:af:eb:f3:fb,8a:f4:af:eb:f3:fb,,,,-51,1,2412,False,False
1778936338.6306665,control,ack,,8a:f4:af:eb:f3:fb,8a:f4:af:eb:f3:fb,,,,-46,1,2412,False,False
1778936338.6319246,control,cts,,8a:f4:af:eb:f3:fb,8a:f4:af:eb:f3:fb,,,,-46,1,2412,False,False
1778936338.6321166,control,block_ack,d8:d7:75:45:81:24,8a:f4:af:eb:f3:fb,8a:f4:af:eb:f3:fb,d8:d7:75:45:81:24,,,-45,1,2412,False,False
1778936338.6330738,control,cts,,8a:f4:af:eb:f3:fb,8a:f4:af:eb:f3:fb,,,,-45,1,2412,False,False
1778936338.6339273,control,block_ack,d8:d7:75:45:81:24,8a:f4:af:eb:f3:fb,8a:f4:af:eb:f3:fb,d8:d7:75:45:81:24,,,-47,1,2412,False,False
1778936338.6357043,control,rts,d8:d7:75:45:81:24,8a:f4:af:eb:f3:fb,8a:f4:af:eb:f3:fb,d8:d7:75:45:81:24,,,-47,1,2412,False,False
1778936338.6366637,control,rts,d8:d7:75:45:81:24,8a:f4:af:eb:f3:fb,8a:f4:af:eb:f3:fb,d8:d7:75:45:81:24,,,-47,1,2412,False,False
1778936338.6374497,control,rts,d8:d7:75:45:81:24,8a:f4:af:eb:f3:fb,8a:f4:af:eb:f3:fb,d8:d7:75:45:81:24,,,-47,1,2412,False,False
1778936338.63844,control,rts,d8:d7:75:45:81:24,8a:f4:af:eb:f3:fb,8a:f4:af:eb:f3:fb,d8:d7:75:45:81:24,,,-47,1,2412,False,False
1778936338.6634178,control,rts,d8:d7:75:45:81:24,8a:f4:af:eb:f3:fb,8a:f4:af:eb:f3:fb,d8:d7:75:45:81:24,,,-52,1,2412,False,False
1778936338.6640494,control,rts,d8:d7:75:45:81:24,8a:f4:af:eb:f3:fb,8a:f4:af:eb:f3:fb,d8:d7:75:45:81:24,,,-47,1,2412,False,False
1778936338.6663165,control,rts,d8:d7:75:45:81:24,8a:f4:af:eb:f3:fb,8a:f4:af:eb:f3:fb,d8:d7:75:45:81:24,,,-46,1,2412,False,False
1778936338.6680899,control,rts,d8:d7:75:45:81:24,8a:f4:af:eb:f3:fb,8a:f4:af:eb:f3:fb,d8:d7:75:45:81:24,,,-46,1,2412,False,False
1778936338.6694221,control,rts,d8:d7:75:45:81:24,8a:f4:af:eb:f3:fb,8a:f4:af:eb:f3:fb,d8:d7:75:45:81:24,,,-45,1,2412,False,False
1778936338.6701014,control,rts,d8:d7:75:45:81:24,8a:f4:af:eb:f3:fb,8a:f4:af:eb:f3:fb,d8:d7:75:45:81:24,,,-44,1,2412,False,False
1778936338.7502525,control,ack,,8a:f4:af:eb:f3:fb,8a:f4:af:eb:f3:fb,,,,-52,1,2412,False,False
1778936338.7506623,control,ack,,8a:f4:af:eb:f3:fb,8a:f4:af:eb:f3:fb,,,,-52,1,2412,False,False
1778936338.7567503,control,rts,d8:d7:75:45:81:24,8a:f4:af:eb:f3:fb,8a:f4:af:eb:f3:fb,d8:d7:75:45:81:24,,,-52,1,2412,False,False
1778936338.7571661,control,ack,,8a:f4:af:eb:f3:fb,8a:f4:af:eb:f3:fb,,,,-52,1,2412,False,False
1778936338.7577982,control,ack,,8a:f4:af:eb:f3:fb,8a:f4:af:eb:f3:fb,,,,-51,1,2412,False,False
1778936338.7584274,control,ack,,8a:f4:af:eb:f3:fb,8a:f4:af:eb:f3:fb,,,,-52,1,2412,False,False
1778936338.7593331,control,ack,,8a:f4:af:eb:f3:fb,8a:f4:af:eb:f3:fb,,,,-52,1,2412,False,False
1778936338.7593358,control,cts,,8a:f4:af:eb:f3:fb,8a:f4:af:eb:f3:fb,,,,-51,1,2412,False,False
1778936338.7593365,control,ack,,8a:f4:af:eb:f3:fb,8a:f4:af:eb:f3:fb,,,,-52,1,2412,False,False
1778936338.7824516,control,rts,d8:d7:75:45:81:24,8a:f4:af:eb:f3:fb,8a:f4:af:eb:f3:fb,d8:d7:75:45:81:24,,,-51,1,2412,False,False
1778936338.7831686,control,rts,d8:d7:75:45:81:24,8a:f4:af:eb:f3:fb,8a:f4:af:eb:f3:fb,d8:d7:75:45:81:24,,,-52,1,2412,False,False
1778936338.7840796,control,cts,,8a:f4:af:eb:f3:fb,8a:f4:af:eb:f3:fb,,,,-51,1,2412,False,False
1778936338.7840817,control,block_ack,d8:d7:75:45:81:24,8a:f4:af:eb:f3:fb,8a:f4:af:eb:f3:fb,d8:d7:75:45:81:24,,,-51,1,2412,False,False
1778936338.7850444,control,cts,,8a:f4:af:eb:f3:fb,8a:f4:af:eb:f3:fb,,,,-47,1,2412,False,False
1778936338.785047,control,block_ack,d8:d7:75:45:81:24,8a:f4:af:eb:f3:fb,8a:f4:af:eb:f3:fb,d8:d7:75:45:81:24,,,-45,1,2412,False,False
1778936338.7890449,control,rts,d8:d7:75:45:81:24,8a:f4:af:eb:f3:fb,8a:f4:af:eb:f3:fb,d8:d7:75:45:81:24,,,-51,1,2412,False,False
1778936338.7895906,control,cts,,8a:f4:af:eb:f3:fb,8a:f4:af:eb:f3:fb,,,,-52,1,2412,False,False
1778936338.7895923,control,block_ack,d8:d7:75:45:81:24,8a:f4:af:eb:f3:fb,8a:f4:af:eb:f3:fb,d8:d7:75:45:81:24,,,-51,1,2412,False,False
1778936338.7904277,control,cts,,8a:f4:af:eb:f3:fb,8a:f4:af:eb:f3:fb,,,,-51,1,2412,False,False
1778936338.790429,control,block_ack,d8:d7:75:45:81:24,8a:f4:af:eb:f3:fb,8a:f4:af:eb:f3:fb,d8:d7:75:45:81:24,,,-51,1,2412,False,False
1778936338.8100514,management,beacon,d8:d7:75:45:81:24,ff:ff:ff:ff:ff:ff,ff:ff:ff:ff:ff:ff,d8:d7:75:45:81:24,d8:d7:75:45:81:24,FunBox2-8124,-44,1,2412,False,False
1778936338.8702586,control,ack,,8a:f4:af:eb:f3:fb,8a:f4:af:eb:f3:fb,,,,-46,1,2412,False,False
1778936338.8706071,control,ack,,8a:f4:af:eb:f3:fb,8a:f4:af:eb:f3:fb,,,,-52,1,2412,False,False
1778936338.909642,management,beacon,d8:d7:75:45:81:24,ff:ff:ff:ff:ff:ff,ff:ff:ff:ff:ff:ff,d8:d7:75:45:81:24,d8:d7:75:45:81:24,FunBox2-8124,-52,1,2412,False,False
1778936338.9930067,data,null_data,8a:f4:af:eb:f3:fb,d8:d7:75:45:81:24,d8:d7:75:45:81:24,8a:f4:af:eb:f3:fb,d8:d7:75:45:81:24,,-86,1,2412,False,True
1778936338.9932945,control,ack,,8a:f4:af:eb:f3:fb,8a:f4:af:eb:f3:fb,,,,-42,1,2412,False,False
1778936338.9962265,control,ack,,8a:f4:af:eb:f3:fb,8a:f4:af:eb:f3:fb,,,,-46,1,2412,False,False
1778936339.0120337,management,beacon,d8:d7:75:45:81:24,ff:ff:ff:ff:ff:ff,ff:ff:ff:ff:ff:ff,d8:d7:75:45:81:24,d8:d7:75:45:81:24,FunBox2-8124,-52,1,2412,False,False
1778936339.1143935,management,beacon,d8:d7:75:45:81:24,ff:ff:ff:ff:ff:ff,ff:ff:ff:ff:ff:ff,d8:d7:75:45:81:24,d8:d7:75:45:81:24,FunBox2-8124,-45,1,2412,False,False
1778936339.1152527,control,ack,,8a:f4:af:eb:f3:fb,8a:f4:af:eb:f3:fb,,,,-52,1,2412,False,False
1778936339.1161437,control,rts,d8:d7:75:45:81:24,8a:f4:af:eb:f3:fb,8a:f4:af:eb:f3:fb,d8:d7:75:45:81:24,,,-46,1,2412,False,False
1778936339.1164193,control,rts,d8:d7:75:45:81:24,8a:f4:af:eb:f3:fb,8a:f4:af:eb:f3:fb,d8:d7:75:45:81:24,,,-46,1,2412,False,False
1778936339.1168146,control,rts,d8:d7:75:45:81:24,8a:f4:af:eb:f3:fb,8a:f4:af:eb:f3:fb,d8:d7:75:45:81:24,,,-47,1,2412,False,False
1778936339.1186507,control,cts,,8a:f4:af:eb:f3:fb,8a:f4:af:eb:f3:fb,,,,-51,1,2412,False,False
1778936339.1186526,control,block_ack,d8:d7:75:45:81:24,8a:f4:af:eb:f3:fb,8a:f4:af:eb:f3:fb,d8:d7:75:45:81:24,,,-51,1,2412,False,False
1778936339.1793218,control,ack,,8a:f4:af:eb:f3:fb,8a:f4:af:eb:f3:fb,,,,-52,1,2412,False,False
1778936339.233238,data,null_data,50:02:91:e8:18:ec,d8:d7:75:45:81:24,d8:d7:75:45:81:24,50:02:91:e8:18:ec,d8:d7:75:45:81:24,,-83,1,2412,False,False
1778936339.2334273,data,null_data,50:02:91:e8:18:ec,d8:d7:75:45:81:24,d8:d7:75:45:81:24,50:02:91:e8:18:ec,d8:d7:75:45:81:24,,-84,1,2412,False,True
1778936339.2339082,data,null_data,50:02:91:e8:18:ec,d8:d7:75:45:81:24,d8:d7:75:45:81:24,50:02:91:e8:18:ec,d8:d7:75:45:81:24,,-84,1,2412,False,True
1778936339.2339103,control,ack,,50:02:91:e8:18:ec,50:02:91:e8:18:ec,,,,-42,1,2412,False,False
1778936339.3192458,management,beacon,d8:d7:75:45:81:24,ff:ff:ff:ff:ff:ff,ff:ff:ff:ff:ff:ff,d8:d7:75:45:81:24,d8:d7:75:45:81:24,FunBox2-8124,-51,1,2412,False,False
1778936339.42166,management,beacon,d8:d7:75:45:81:24,ff:ff:ff:ff:ff:ff,ff:ff:ff:ff:ff:ff,d8:d7:75:45:81:24,d8:d7:75:45:81:24,FunBox2-8124,-52,1,2412,False,False
1778936339.4747946,data,null_data,50:02:91:e8:18:ec,d8:d7:75:45:81:24,d8:d7:75:45:81:24,50:02:91:e8:18:ec,d8:d7:75:45:81:24,,-84,1,2412,False,False
1778936339.474807,control,ack,,50:02:91:e8:18:ec,50:02:91:e8:18:ec,,,,-51,1,2412,False,False
1778936339.5269268,management,beacon,d8:d7:75:45:81:24,ff:ff:ff:ff:ff:ff,ff:ff:ff:ff:ff:ff,d8:d7:75:45:81:24,d8:d7:75:45:81:24,FunBox2-8124,-45,1,2412,False,False
1778936339.626846,management,beacon,d8:d7:75:45:81:24,ff:ff:ff:ff:ff:ff,ff:ff:ff:ff:ff:ff,d8:d7:75:45:81:24,d8:d7:75:45:81:24,FunBox2-8124,-52,1,2412,False,False
1778936339.831581,management,beacon,d8:d7:75:45:81:24,ff:ff:ff:ff:ff:ff,ff:ff:ff:ff:ff:ff,d8:d7:75:45:81:24,d8:d7:75:45:81:24,FunBox2-8124,-51,1,2412,False,False
1778936339.933661,management,beacon,d8:d7:75:45:81:24,ff:ff:ff:ff:ff:ff,ff:ff:ff:ff:ff:ff,d8:d7:75:45:81:24,d8:d7:75:45:81:24,FunBox2-8124,-54,1,2412,False,False
1778936340.0389323,management,beacon,d8:d7:75:45:81:24,ff:ff:ff:ff:ff:ff,ff:ff:ff:ff:ff:ff,d8:d7:75:45:81:24,d8:d7:75:45:81:24,FunBox2-8124,-43,1,2412,False,False
1778936340.3432767,management,beacon,d8:d7:75:45:81:24,ff:ff:ff:ff:ff:ff,ff:ff:ff:ff:ff:ff,d8:d7:75:45:81:24,d8:d7:75:45:81:24,FunBox2-8124,-51,1,2412,False,False
1778936340.4457164,management,beacon,d8:d7:75:45:81:24,ff:ff:ff:ff:ff:ff,ff:ff:ff:ff:ff:ff,d8:d7:75:45:81:24,d8:d7:75:45:81:24,FunBox2-8124,-51,1,2412,False,False
1778936340.5480628,management,beacon,d8:d7:75:45:81:24,ff:ff:ff:ff:ff:ff,ff:ff:ff:ff:ff:ff,d8:d7:75:45:81:24,d8:d7:75:45:81:24,FunBox2-8124,-45,1,2412,False,False
1778936340.6533535,management,beacon,d8:d7:75:45:81:24,ff:ff:ff:ff:ff:ff,ff:ff:ff:ff:ff:ff,d8:d7:75:45:81:24,d8:d7:75:45:81:24,FunBox2-8124,-43,1,2412,False,False
1778936340.7319748,management,beacon,ac:84:c6:41:71:22,ff:ff:ff:ff:ff:ff,ff:ff:ff:ff:ff:ff,ac:84:c6:41:71:22,ac:84:c6:41:71:22,TP-LINK_7122,-91,1,2412,False,False
