timestamp,frame_type,frame_subtype,source_mac,destination_mac,receiver_mac,transmitter_mac,bssid,ssid,rssi,channel,frequency,is_protected,retry
1778935679.159871,control,ack,,50:02:91:e8:18:ec,50:02:91:e8:18:ec,,,,-47,1,2412,False,False
1778935679.224563,management,beacon,d8:d7:75:45:81:24,ff:ff:ff:ff:ff:ff,ff:ff:ff:ff:ff:ff,d8:d7:75:45:81:24,d8:d7:75:45:81:24,FunBox2-8124,-47,1,2412,False,False
1778935679.326975,management,beacon,d8:d7:75:45:81:24,ff:ff:ff:ff:ff:ff,ff:ff:ff:ff:ff:ff,d8:d7:75:45:81:24,d8:d7:75:45:81:24,FunBox2-8124,-47,1,2412,False,False
1778935679.42932,management,beacon,d8:d7:75:45:81:24,ff:ff:ff:ff:ff:ff,ff:ff:ff:ff:ff:ff,d8:d7:75:45:81:24,d8:d7:75:45:81:24,FunBox2-8124,-47,1,2412,False,False
1778935679.4385698,data,null_data,50:02:91:e8:18:ec,d8:d7:75:45:81:24,d8:d7:75:45:81:24,50:02:91:e8:18:ec,d8:d7:75:45:81:24,,-83,1,2412,False,False
1778935679.4385774,control,ack,,50:02:91:e8:18:ec,50:02:91:e8:18:ec,,,,-49,1,2412,False,False
1778935679.5041695,data,qos_null,aa:23:4f:4d:00:cf,74:ea:3a:a1:53:a6,74:ea:3a:a1:53:a6,aa:23:4f:4d:00:cf,74:ea:3a:a1:53:a6,,-83,1,2412,False,False
1778935679.5317318,management,beacon,d8:d7:75:45:81:24,ff:ff:ff:ff:ff:ff,ff:ff:ff:ff:ff:ff,d8:d7:75:45:81:24,d8:d7:75:45:81:24,FunBox2-8124,-47,1,2412,False,False
1778935679.589438,data,qos_null,aa:23:4f:4d:00:cf,74:ea:3a:a1:53:a6,74:ea:3a:a1:53:a6,aa:23:4f:4d:00:cf,74:ea:3a:a1:53:a6,,-86,1,2412,False,False
1778935679.7365363,management,beacon,d8:d7:75:45:81:24,ff:ff:ff:ff:ff:ff,ff:ff:ff:ff:ff:ff,d8:d7:75:45:81:24,d8:d7:75:45:81:24,FunBox2-8124,-47,1,2412,False,False
1778935679.838966,management,beacon,d8:d7:75:45:81:24,ff:ff:ff:ff:ff:ff,ff:ff:ff:ff:ff:ff,d8:d7:75:45:81:24,d8:d7:75:45:81:24,FunBox2-8124,-47,1,2412,False,False
1778935679.9413357,management,beacon,d8:d7:75:45:81:24,ff:ff:ff:ff:ff:ff,ff:ff:ff:ff:ff:ff,d8:d7:75:45:81:24,d8:d7:75:45:81:24,FunBox2-8124,-46,1,2412,False,False
1778935680.0440912,management,beacon,d8:d7:75:45:81:24,ff:ff:ff:ff:ff:ff,ff:ff:ff:ff:ff:ff,d8:d7:75:45:81:24,d8:d7:75:45:81:24,FunBox2-8124,-47,1,2412,False,False
1778935680.1020465,data,qos_null,aa:23:4f:4d:00:cf,74:ea:3a:a1:53:a6,74:ea:3a:a1:53:a6,aa:23:4f:4d:00:cf,74:ea:3a:a1:53:a6,,-86,1,2412,False,False
1778935680.127302,data,qos_null,aa:23:4f:4d:00:cf,74:ea:3a:a1:53:a6,74:ea:3a:a1:53:a6,aa:23:4f:4d:00:cf,74:ea:3a:a1:53:a6,,-89,1,2412,False,False
1778935680.1461852,management,beacon,d8:d7:75:45:81:24,ff:ff:ff:ff:ff:ff,ff:ff:ff:ff:ff:ff,d8:d7:75:45:81:24,d8:d7:75:45:81:24,FunBox2-8124,-46,1,2412,False,False
1778935680.1472833,data,data,d8:d7:75:45:81:24,ff:ff:ff:ff:ff:ff,ff:ff:ff:ff:ff:ff,d8:d7:75:45:81:24,d8:d7:75:45:81:24,,-47,1,2412,True,False
1778935680.1476004,control,ack,,d8:d7:75:45:81:24,d8:d7:75:45:81:24,,,,-88,1,2412,False,False
1778935680.1486087,control,ack,,50:02:91:e8:18:ec,50:02:91:e8:18:ec,,,,-50,1,2412,False,False
1778935680.351072,management,beacon,d8:d7:75:45:81:24,ff:ff:ff:ff:ff:ff,ff:ff:ff:ff:ff:ff,d8:d7:75:45:81:24,d8:d7:75:45:81:24,FunBox2-8124,-48,1,2412,False,False
1778935680.3896544,data,null_data,50:02:91:e8:18:ec,d8:d7:75:45:81:24,d8:d7:75:45:81:24,50:02:91:e8:18:ec,d8:d7:75:45:81:24,,-84,1,2412,False,False
1778935680.3896701,control,ack,,50:02:91:e8:18:ec,50:02:91:e8:18:ec,,,,-48,1,2412,False,False
1778935680.4374723,data,qos_null,aa:23:4f:4d:00:cf,74:ea:3a:a1:53:a6,74:ea:3a:a1:53:a6,aa:23:4f:4d:00:cf,74:ea:3a:a1:53:a6,,-87,1,2412,False,False
1778935680.4533603,management,beacon,d8:d7:75:45:81:24,ff:ff:ff:ff:ff:ff,ff:ff:ff:ff:ff:ff,d8:d7:75:45:81:24,d8:d7:75:45:81:24,FunBox2-8124,-47,1,2412,False,False
1778935680.5373437,data,qos_null,aa:23:4f:4d:00:cf,74:ea:3a:a1:53:a6,74:ea:3a:a1:53:a6,aa:23:4f:4d:00:cf,74:ea:3a:a1:53:a6,,-87,1,2412,False,False
1778935680.5567484,management,beacon,d8:d7:75:45:81:24,ff:ff:ff:ff:ff:ff,ff:ff:ff:ff:ff:ff,d8:d7:75:45:81:24,d8:d7:75:45:81:24,FunBox2-8124,-49,1,2412,False,False
1778935680.5976508,data,qos_null,aa:23:4f:4d:00:cf,74:ea:3a:a1:53:a6,74:ea:3a:a1:53:a6,aa:23:4f:4d:00:cf,74:ea:3a:a1:53:a6,,-88,1,2412,False,False
1778935680.6582136,management,beacon,d8:d7:75:45:81:24,ff:ff:ff:ff:ff:ff,ff:ff:ff:ff:ff:ff,d8:d7:75:45:81:24,d8:d7:75:45:81:24,FunBox2-8124,-48,1,2412,False,False
1778935680.7626038,management,beacon,d8:d7:75:45:81:24,ff:ff:ff:ff:ff:ff,ff:ff:ff:ff:ff:ff,d8:d7:75:45:81:24,d8:d7:75:45:81:24,FunBox2-8124,-47,1,2412,False,False
1778935680.8633451,management,beacon,d8:d7:75:45:81:24,ff:ff:ff:ff:ff:ff,ff:ff:ff:ff:ff:ff,d8:d7:75:45:81:24,d8:d7:75:45:81:24,FunBox2-8124,-47,1,2412,False,False
1778935680.9654393,management,beacon,d8:d7:75:45:81:24,ff:ff:ff:ff:ff:ff,ff:ff:ff:ff:ff:ff,d8:d7:75:45:81:24,d8:d7:75:45:81:24,FunBox2-8124,-48,1,2412,False,False
1778935681.0678267,management,beacon,d8:d7:75:45:81:24,ff:ff:ff:ff:ff:ff,ff:ff:ff:ff:ff:ff,d8:d7:75:45:81:24,d8:d7:75:45:81:24,FunBox2-8124,-47,1,2412,False,False
1778935681.1702313,management,beacon,d8:d7:75:45:81:24,ff:ff:ff:ff:ff:ff,ff:ff:ff:ff:ff:ff,d8:d7:75:45:81:24,d8:d7:75:45:81:24,FunBox2-8124,-46,1,2412,False,False
1778935681.1739225,data,qos_null,aa:23:4f:4d:00:cf,74:ea:3a:a1:53:a6,74:ea:3a:a1:53:a6,aa:23:4f:4d:00:cf,74:ea:3a:a1:53:a6,,-86,1,2412,False,False
1778935681.326765,data,qos_null,aa:23:4f:4d:00:cf,74:ea:3a:a1:53:a6,74:ea:3a:a1:53:a6,aa:23:4f:4d:00:cf,74:ea:3a:a1:53:a6,,-85,1,2412,False,False
1778935681.3519986,data,qos_null,aa:23:4f:4d:00:cf,74:ea:3a:a1:53:a6,74:ea:3a:a1:53:a6,aa:23:4f:4d:00:cf,74:ea:3a:a1:53:a6,,-85,1,2412,False,False
1778935681.3750255,management,beacon,d8:d7:75:45:81:24,ff:ff:ff:ff:ff:ff,ff:ff:ff:ff:ff:ff,d8:d7:75:45:81:24,d8:d7:75:45:81:24,FunBox2-8124,-46,1,2412,False,False
1778935681.4781554,management,beacon,d8:d7:75:45:81:24,ff:ff:ff:ff:ff:ff,ff:ff:ff:ff:ff:ff,d8:d7:75:45:81:24,d8:d7:75:45:81:24,FunBox2-8124,-47,1,2412,False,False
1778935681.5797973,management,beacon,d8:d7:75:45:81:24,ff:ff:ff:ff:ff:ff,ff:ff:ff:ff:ff:ff,d8:d7:75:45:81:24,d8:d7:75:45:81:24,FunBox2-8124,-46,1,2412,False,False
1778935681.6822116,management,beacon,d8:d7:75:45:81:24,ff:ff:ff:ff:ff:ff,ff:ff:ff:ff:ff:ff,d8:d7:75:45:81:24,d8:d7:75:45:81:24,FunBox2-8124,-48,1,2412,False,False
1778935681.6833978,data,null_data,50:02:91:e8:18:ec,d8:d7:75:45:81:24,d8:d7:75:45:81:24,50:02:91:e8:18:ec,d8:d7:75:45:81:24,,-84,1,2412,False,False
1778935681.6834002,control,ack,,50:02:91:e8:18:ec,50:02:91:e8:18:ec,,,,-48,1,2412,False,False
1778935681.8870232,management,beacon,d8:d7:75:45:81:24,ff:ff:ff:ff:ff:ff,ff:ff:ff:ff:ff:ff,d8:d7:75:45:81:24,d8:d7:75:45:81:24,FunBox2-8124,-46,1,2412,False,False
1778935681.9242628,data,null_data,50:02:91:e8:18:ec,d8:d7:75:45:81:24,d8:d7:75:45:81:24,50:02:91:e8:18:ec,d8:d7:75:45:81:24,,-85,1,2412,False,False
1778935681.924271,control,ack,,50:02:91:e8:18:ec,50:02:91:e8:18:ec,,,,-47,1,2412,False,False
1778935681.9894388,management,beacon,d8:d7:75:45:81:24,ff:ff:ff:ff:ff:ff,ff:ff:ff:ff:ff:ff,d8:d7:75:45:81:24,d8:d7:75:45:81:24,FunBox2-8124,-46,1,2412,False,False
1778935682.0918503,management,beacon,d8:d7:75:45:81:24,ff:ff:ff:ff:ff:ff,ff:ff:ff:ff:ff:ff,d8:d7:75:45:81:24,d8:d7:75:45:81:24,FunBox2-8124,-47,1,2412,False,False
1778935682.1942346,management,beacon,d8:d7:75:45:81:24,ff:ff:ff:ff:ff:ff,ff:ff:ff:ff:ff:ff,d8:d7:75:45:81:24,d8:d7:75:45:81:24,FunBox2-8124,-47,1,2412,False,False
1778935682.3990624,management,beacon,d8:d7:75:45:81:24,ff:ff:ff:ff:ff:ff,ff:ff:ff:ff:ff:ff,d8:d7:75:45:81:24,d8:d7:75:45:81:24,FunBox2-8124,-47,1,2412,False,False
1778935682.5014837,management,beacon,d8:d7:75:45:81:24,ff:ff:ff:ff:ff:ff,ff:ff:ff:ff:ff:ff,d8:d7:75:45:81:24,d8:d7:75:45:81:24,FunBox2-8124,-47,1,2412,False,False
1778935682.6038764,management,beacon,d8:d7:75:45:81:24,ff:ff:ff:ff:ff:ff,ff:ff:ff:ff:ff:ff,d8:d7:75:45:81:24,d8:d7:75:45:81:24,FunBox2-8124,-46,1,2412,False,False
1778935682.7062602,management,beacon,d8:d7:75:45:81:24,ff:ff:ff:ff:ff:ff,ff:ff:ff:ff:ff:ff,d8:d7:75:45:81:24,d8:d7:75:45:81:24,FunBox2-8124,-47,1,2412,False,False
1778935682.710143,data,qos_null,aa:23:4f:4d:00:cf,74:ea:3a:a1:53:a6,74:ea:3a:a1:53:a6,aa:23:4f:4d:00:cf,74:ea:3a:a1:53:a6,,-86,1,2412,False,False
1778935682.721686,control,rts,aa:23:4f:4d:00:cf,74:ea:3a:a1:53:a6,74:ea:3a:a1:53:a6,aa:23:4f:4d:00:cf,,,-86,1,2412,False,False
1778935682.7971845,data,qos_null,aa:23:4f:4d:00:cf,74:ea:3a:a1:53:a6,74:ea:3a:a1:53:a6,aa:23:4f:4d:00:cf,74:ea:3a:a1:53:a6,,-87,1,2412,False,False
1778935682.848743,data,qos_null,aa:23:4f:4d:00:cf,74:ea:3a:a1:53:a6,74:ea:3a:a1:53:a6,aa:23:4f:4d:00:cf,74:ea:3a:a1:53:a6,,-86,1,2412,False,False
1778935682.9110913,management,beacon,d8:d7:75:45:81:24,ff:ff:ff:ff:ff:ff,ff:ff:ff:ff:ff:ff,d8:d7:75:45:81:24,d8:d7:75:45:81:24,FunBox2-8124,-47,1,2412,False,False
1778935682.9123187,control,ack,,50:02:91:e8:18:ec,50:02:91:e8:18:ec,,,,-48,1,2412,False,False
1778935683.0135074,management,beacon,d8:d7:75:45:81:24,ff:ff:ff:ff:ff:ff,ff:ff:ff:ff:ff:ff,d8:d7:75:45:81:24,d8:d7:75:45:81:24,FunBox2-8124,-48,1,2412,False,False
1778935683.115904,management,beacon,d8:d7:75:45:81:24,ff:ff:ff:ff:ff:ff,ff:ff:ff:ff:ff:ff,d8:d7:75:45:81:24,d8:d7:75:45:81:24,FunBox2-8124,-47,1,2412,False,False
1778935683.1531527,data,null_data,50:02:91:e8:18:ec,d8:d7:75:45:81:24,d8:d7:75:45:81:24,50:02:91:e8:18:ec,d8:d7:75:45:81:24,,-85,1,2412,False,False
1778935683.1531646,control,ack,,50:02:91:e8:18:ec,50:02:91:e8:18:ec,,,,-48,1,2412,False,False
1778935683.218289,management,beacon,d8:d7:75:45:81:24,ff:ff:ff:ff:ff:ff,ff:ff:ff:ff:ff:ff,d8:d7:75:45:81:24,d8:d7:75:45:81:24,FunBox2-8124,-47,1,2412,False,False
1778935683.3229046,management,beacon,d8:d7:75:45:81:24,ff:ff:ff:ff:ff:ff,ff:ff:ff:ff:ff:ff,d8:d7:75:45:81:24,d8:d7:75:45:81:24,FunBox2-8124,-47,1,2412,False,False
1778935683.4231033,management,beacon,d8:d7:75:45:81:24,ff:ff:ff:ff:ff:ff,ff:ff:ff:ff:ff:ff,d8:d7:75:45:81:24,d8:d7:75:45:81:24,FunBox2-8124,-46,1,2412,False,False
1778935683.5276039,management,beacon,d8:d7:75:45:81:24,ff:ff:ff:ff:ff:ff,ff:ff:ff:ff:ff:ff,d8:d7:75:45:81:24,d8:d7:75:45:81:24,FunBox2-8124,-48,1,2412,False,False
1778935683.6299338,management,beacon,d8:d7:75:45:81:24,ff:ff:ff:ff:ff:ff,ff:ff:ff:ff:ff:ff,d8:d7:75:45:81:24,d8:d7:75:45:81:24,FunBox2-8124,-47,1,2412,False,False
1778935683.9369357,management,beacon,d8:d7:75:45:81:24,ff:ff:ff:ff:ff:ff,ff:ff:ff:ff:ff:ff,d8:d7:75:45:81:24,d8:d7:75:45:81:24,FunBox2-8124,-46,1,2412,False,False
1778935684.0313148,data,qos_null,aa:23:4f:4d:00:cf,74:ea:3a:a1:53:a6,74:ea:3a:a1:53:a6,aa:23:4f:4d:00:cf,74:ea:3a:a1:53:a6,,-85,1,2412,False,False
1778935684.0393958,management,beacon,d8:d7:75:45:81:24,ff:ff:ff:ff:ff:ff,ff:ff:ff:ff:ff:ff,d8:d7:75:45:81:24,d8:d7:75:45:81:24,FunBox2-8124,-45,1,2412,False,False
1778935684.082397,data,qos_null,aa:23:4f:4d:00:cf,74:ea:3a:a1:53:a6,74:ea:3a:a1:53:a6,aa:23:4f:4d:00:cf,74:ea:3a:a1:53:a6,,-83,1,2412,False,False
1778935684.1416578,management,beacon,d8:d7:75:45:81:24,ff:ff:ff:ff:ff:ff,ff:ff:ff:ff:ff:ff,d8:d7:75:45:81:24,d8:d7:75:45:81:24,FunBox2-8124,-46,1,2412,False,False
1778935684.1428804,control,ack,,50:02:91:e8:18:ec,50:02:91:e8:18:ec,,,,-48,1,2412,False,False
1778935684.2439563,management,beacon,d8:d7:75:45:81:24,ff:ff:ff:ff:ff:ff,ff:ff:ff:ff:ff:ff,d8:d7:75:45:81:24,d8:d7:75:45:81:24,FunBox2-8124,-47,1,2412,False,False
1778935684.3837407,control,ack,,50:02:91:e8:18:ec,50:02:91:e8:18:ec,,,,-47,1,2412,False,False
1778935684.4486098,management,beacon,d8:d7:75:45:81:24,ff:ff:ff:ff:ff:ff,ff:ff:ff:ff:ff:ff,d8:d7:75:45:81:24,d8:d7:75:45:81:24,FunBox2-8124,-46,1,2412,False,False
1778935684.5509958,management,beacon,d8:d7:75:45:81:24,ff:ff:ff:ff:ff:ff,ff:ff:ff:ff:ff:ff,d8:d7:75:45:81:24,d8:d7:75:45:81:24,FunBox2-8124,-45,1,2412,False,False
1778935684.6533136,management,beacon,d8:d7:75:45:81:24,ff:ff:ff:ff:ff:ff,ff:ff:ff:ff:ff:ff,d8:d7:75:45:81:24,d8:d7:75:45:81:24,FunBox2-8124,-44,1,2412,False,False
1778935684.7563322,management,beacon,d8:d7:75:45:81:24,ff:ff:ff:ff:ff:ff,ff:ff:ff:ff:ff:ff,d8:d7:75:45:81:24,d8:d7:75:45:81:24,FunBox2-8124,-45,1,2412,False,False
1778935684.960307,management,beacon,d8:d7:75:45:81:24,ff:ff:ff:ff:ff:ff,ff:ff:ff:ff:ff:ff,d8:d7:75:45:81:24,d8:d7:75:45:81:24,FunBox2-8124,-45,1,2412,False,False
1778935685.0626998,management,beacon,d8:d7:75:45:81:24,ff:ff:ff:ff:ff:ff,ff:ff:ff:ff:ff:ff,d8:d7:75:45:81:24,d8:d7:75:45:81:24,FunBox2-8124,-47,1,2412,False,False
1778935685.1649864,management,beacon,d8:d7:75:45:81:24,ff:ff:ff:ff:ff:ff,ff:ff:ff:ff:ff:ff,d8:d7:75:45:81:24,d8:d7:75:45:81:24,FunBox2-8124,-45,1,2412,False,False
1778935685.2685068,management,beacon,d8:d7:75:45:81:24,ff:ff:ff:ff:ff:ff,ff:ff:ff:ff:ff:ff,d8:d7:75:45:81:24,d8:d7:75:45:81:24,FunBox2-8124,-46,1,2412,False,False
1778935685.3709188,control,ack,,50:02:91:e8:18:ec,50:02:91:e8:18:ec,,,,-46,1,2412,False,False
1778935685.471998,management,beacon,d8:d7:75:45:81:24,ff:ff:ff:ff:ff:ff,ff:ff:ff:ff:ff:ff,d8:d7:75:45:81:24,d8:d7:75:45:81:24,FunBox2-8124,-45,1,2412,False,False
1778935685.5743377,management,beacon,d8:d7:75:45:81:24,ff:ff:ff:ff:ff:ff,ff:ff:ff:ff:ff:ff,d8:d7:75:45:81:24,d8:d7:75:45:81:24,FunBox2-8124,-47,1,2412,False,False
1778935685.6117582,data,null_data,50:02:91:e8:18:ec,d8:d7:75:45:81:24,d8:d7:75:45:81:24,50:02:91:e8:18:ec,d8:d7:75:45:81:24,,-81,1,2412,False,False
1778935685.6117678,control,ack,,50:02:91:e8:18:ec,50:02:91:e8:18:ec,,,,-46,1,2412,False,False
1778935685.6760333,management,beacon,d8:d7:75:45:81:24,ff:ff:ff:ff:ff:ff,ff:ff:ff:ff:ff:ff,d8:d7:75:45:81:24,d8:d7:75:45:81:24,FunBox2-8124,-48,1,2412,False,False
1778935685.7790027,management,beacon,d8:d7:75:45:81:24,ff:ff:ff:ff:ff:ff,ff:ff:ff:ff:ff:ff,d8:d7:75:45:81:24,d8:d7:75:45:81:24,FunBox2-8124,-46,1,2412,False,False
1778935685.9836981,management,beacon,d8:d7:75:45:81:24,ff:ff:ff:ff:ff:ff,ff:ff:ff:ff:ff:ff,d8:d7:75:45:81:24,d8:d7:75:45:81:24,FunBox2-8124,-47,1,2412,False,False
1778935686.0860367,management,beacon,d8:d7:75:45:81:24,ff:ff:ff:ff:ff:ff,ff:ff:ff:ff:ff:ff,d8:d7:75:45:81:24,d8:d7:75:45:81:24,FunBox2-8124,-46,1,2412,False,False
1778935686.188405,management,beacon,d8:d7:75:45:81:24,ff:ff:ff:ff:ff:ff,ff:ff:ff:ff:ff:ff,d8:d7:75:45:81:24,d8:d7:75:45:81:24,FunBox2-8124,-48,1,2412,False,False
1778935686.2907286,management,beacon,d8:d7:75:45:81:24,ff:ff:ff:ff:ff:ff,ff:ff:ff:ff:ff:ff,d8:d7:75:45:81:24,d8:d7:75:45:81:24,FunBox2-8124,-48,1,2412,False,False
1778935686.3930514,management,beacon,d8:d7:75:45:81:24,ff:ff:ff:ff:ff:ff,ff:ff:ff:ff:ff:ff,d8:d7:75:45:81:24,d8:d7:75:45:81:24,FunBox2-8124,-47,1,2412,False,False
1778935686.4953794,management,beacon,d8:d7:75:45:81:24,ff:ff:ff:ff:ff:ff,ff:ff:ff:ff:ff:ff,d8:d7:75:45:81:24,d8:d7:75:45:81:24,FunBox2-8124,-46,1,2412,False,False
1778935686.5977116,management,beacon,d8:d7:75:45:81:24,ff:ff:ff:ff:ff:ff,ff:ff:ff:ff:ff:ff,d8:d7:75:45:81:24,d8:d7:75:45:81:24,FunBox2-8124,-46,1,2412,False,False
1778935686.5989668,data,null_data,50:02:91:e8:18:ec,d8:d7:75:45:81:24,d8:d7:75:45:81:24,50:02:91:e8:18:ec,d8:d7:75:45:81:24,,-83,1,2412,False,False
1778935686.5989754,control,ack,,50:02:91:e8:18:ec,50:02:91:e8:18:ec,,,,-47,1,2412,False,False
1778935686.700026,management,beacon,d8:d7:75:45:81:24,ff:ff:ff:ff:ff:ff,ff:ff:ff:ff:ff:ff,d8:d7:75:45:81:24,d8:d7:75:45:81:24,FunBox2-8124,-47,1,2412,False,False
1778935686.7265275,control,ack,,3a:38:41:07:c8:8d,3a:38:41:07:c8:8d,,,,-86,1,2412,False,False
1778935686.729823,management,probe_response,d8:d7:75:45:81:24,3a:38:41:07:c8:8d,3a:38:41:07:c8:8d,d8:d7:75:45:81:24,d8:d7:75:45:81:24,FunBox2-8124,-45,1,2412,False,False
1778935686.7301192,control,ack,,d8:d7:75:45:81:24,d8:d7:75:45:81:24,,,,-52,1,2412,False,False
1778935686.7338114,control,ack,,ac:84:c6:41:71:22,ac:84:c6:41:71:22,,,,-51,1,2412,False,False
1778935686.7455997,management,probe_request,3a:38:41:07:c8:8d,ff:ff:ff:ff:ff:ff,ff:ff:ff:ff:ff:ff,3a:38:41:07:c8:8d,ff:ff:ff:ff:ff:ff,<hidden>,-54,1,2412,False,False
1778935686.7458901,control,ack,,3a:38:41:07:c8:8d,3a:38:41:07:c8:8d,,,,-84,1,2412,False,False
1778935686.7491517,management,probe_response,d8:d7:75:45:81:24,3a:38:41:07:c8:8d,3a:38:41:07:c8:8d,d8:d7:75:45:81:24,d8:d7:75:45:81:24,FunBox2-8124,-46,1,2412,False,False
1778935686.7494338,control,ack,,d8:d7:75:45:81:24,d8:d7:75:45:81:24,,,,-51,1,2412,False,False
1778935686.753125,control,ack,,ac:84:c6:41:71:22,ac:84:c6:41:71:22,,,,-52,1,2412,False,False
1778935686.7568722,control,ack,,ac:84:c6:41:71:22,ac:84:c6:41:71:22,,,,-52,1,2412,False,False
1778935686.8024359,management,beacon,d8:d7:75:45:81:24,ff:ff:ff:ff:ff:ff,ff:ff:ff:ff:ff:ff,d8:d7:75:45:81:24,d8:d7:75:45:81:24,FunBox2-8124,-47,1,2412,False,False
1778935686.8403935,data,null_data,50:02:91:e8:18:ec,d8:d7:75:45:81:24,d8:d7:75:45:81:24,50:02:91:e8:18:ec,d8:d7:75:45:81:24,,-83,1,2412,False,False
1778935686.8404064,control,ack,,50:02:91:e8:18:ec,50:02:91:e8:18:ec,,,,-49,1,2412,False,False
1778935686.9048,management,beacon,d8:d7:75:45:81:24,ff:ff:ff:ff:ff:ff,ff:ff:ff:ff:ff:ff,d8:d7:75:45:81:24,d8:d7:75:45:81:24,FunBox2-8124,-47,1,2412,False,False
1778935687.0072362,management,beacon,d8:d7:75:45:81:24,ff:ff:ff:ff:ff:ff,ff:ff:ff:ff:ff:ff,d8:d7:75:45:81:24,d8:d7:75:45:81:24,FunBox2-8124,-48,1,2412,False,False
1778935687.1096478,management,beacon,d8:d7:75:45:81:24,ff:ff:ff:ff:ff:ff,ff:ff:ff:ff:ff:ff,d8:d7:75:45:81:24,d8:d7:75:45:81:24,FunBox2-8124,-45,1,2412,False,False
1778935687.2120576,management,beacon,d8:d7:75:45:81:24,ff:ff:ff:ff:ff:ff,ff:ff:ff:ff:ff:ff,d8:d7:75:45:81:24,d8:d7:75:45:81:24,FunBox2-8124,-46,1,2412,False,False
1778935687.3145506,management,beacon,d8:d7:75:45:81:24,ff:ff:ff:ff:ff:ff,ff:ff:ff:ff:ff:ff,d8:d7:75:45:81:24,d8:d7:75:45:81:24,FunBox2-8124,-47,1,2412,False,False
1778935687.5192275,management,beacon,d8:d7:75:45:81:24,ff:ff:ff:ff:ff:ff,ff:ff:ff:ff:ff:ff,d8:d7:75:45:81:24,d8:d7:75:45:81:24,FunBox2-8124,-45,1,2412,False,False
1778935687.521238,data,data,d8:d7:75:45:81:24,33:33:00:00:00:01,33:33:00:00:00:01,d8:d7:75:45:81:24,d8:d7:75:45:81:24,,-45,1,2412,True,False
1778935687.5215435,control,ack,,d8:d7:75:45:81:24,d8:d7:75:45:81:24,,,,-82,1,2412,False,False
1778935687.5233197,data,data,d8:d7:75:45:81:24,33:33:00:00:00:16,33:33:00:00:00:16,d8:d7:75:45:81:24,a8:5e:45:c6:9f:b7,,-46,1,2412,True,False
1778935687.5236301,control,ack,,d8:d7:75:45:81:24,d8:d7:75:45:81:24,,,,-82,1,2412,False,False
1778935687.5247064,data,data,d8:d7:75:45:81:24,ff:ff:ff:ff:ff:ff,ff:ff:ff:ff:ff:ff,d8:d7:75:45:81:24,d8:d7:75:45:81:24,,-47,1,2412,True,False
1778935687.5250146,control,ack,,d8:d7:75:45:81:24,d8:d7:75:45:81:24,,,,-82,1,2412,False,False
1778935687.526277,data,data,d8:d7:75:45:81:24,ff:ff:ff:ff:ff:ff,ff:ff:ff:ff:ff:ff,d8:d7:75:45:81:24,d8:d7:75:45:81:24,,-46,1,2412,True,False
1778935687.5265787,control,ack,,d8:d7:75:45:81:24,d8:d7:75:45:81:24,,,,-82,1,2412,False,False
1778935687.6216578,management,beacon,d8:d7:75:45:81:24,ff:ff:ff:ff:ff:ff,ff:ff:ff:ff:ff:ff,d8:d7:75:45:81:24,d8:d7:75:45:81:24,FunBox2-8124,-44,1,2412,False,False
1778935687.7240338,management,beacon,d8:d7:75:45:81:24,ff:ff:ff:ff:ff:ff,ff:ff:ff:ff:ff:ff,d8:d7:75:45:81:24,d8:d7:75:45:81:24,FunBox2-8124,-44,1,2412,False,False
1778935687.8264182,management,beacon,d8:d7:75:45:81:24,ff:ff:ff:ff:ff:ff,ff:ff:ff:ff:ff:ff,d8:d7:75:45:81:24,d8:d7:75:45:81:24,FunBox2-8124,-45,1,2412,False,False
1778935687.8268933,data,qos_null,aa:23:4f:4d:00:cf,74:ea:3a:a1:53:a6,74:ea:3a:a1:53:a6,aa:23:4f:4d:00:cf,74:ea:3a:a1:53:a6,,-85,1,2412,False,False
1778935687.8286476,data,qos_data,aa:23:4f:4d:00:cf,74:ea:3a:a1:53:a6,74:ea:3a:a1:53:a6,aa:23:4f:4d:00:cf,d8:a7:56:15:ac:05,,-88,1,2412,False,False
1778935687.8462133,data,qos_data,aa:23:4f:4d:00:cf,74:ea:3a:a1:53:a6,74:ea:3a:a1:53:a6,aa:23:4f:4d:00:cf,d8:a7:56:15:ac:05,,-87,1,2412,False,False
1778935687.9288538,management,beacon,d8:d7:75:45:81:24,ff:ff:ff:ff:ff:ff,ff:ff:ff:ff:ff:ff,d8:d7:75:45:81:24,d8:d7:75:45:81:24,FunBox2-8124,-46,1,2412,False,False
1778935688.0312617,management,beacon,d8:d7:75:45:81:24,ff:ff:ff:ff:ff:ff,ff:ff:ff:ff:ff:ff,d8:d7:75:45:81:24,d8:d7:75:45:81:24,FunBox2-8124,-45,1,2412,False,False
1778935688.0461452,data,qos_null,aa:23:4f:4d:00:cf,74:ea:3a:a1:53:a6,74:ea:3a:a1:53:a6,aa:23:4f:4d:00:cf,74:ea:3a:a1:53:a6,,-86,1,2412,False,False
1778935688.1049805,data,qos_null,aa:23:4f:4d:00:cf,74:ea:3a:a1:53:a6,74:ea:3a:a1:53:a6,aa:23:4f:4d:00:cf,74:ea:3a:a1:53:a6,,-87,1,2412,False,False
1778935688.130203,data,qos_null,aa:23:4f:4d:00:cf,74:ea:3a:a1:53:a6,74:ea:3a:a1:53:a6,aa:23:4f:4d:00:cf,74:ea:3a:a1:53:a6,,-89,1,2412,False,False
1778935688.1336873,management,beacon,d8:d7:75:45:81:24,ff:ff:ff:ff:ff:ff,ff:ff:ff:ff:ff:ff,d8:d7:75:45:81:24,d8:d7:75:45:81:24,FunBox2-8124,-47,1,2412,False,False
1778935688.134847,data,null_data,50:02:91:e8:18:ec,d8:d7:75:45:81:24,d8:d7:75:45:81:24,50:02:91:e8:18:ec,d8:d7:75:45:81:24,,-81,1,2412,False,False
1778935688.1348498,control,ack,,50:02:91:e8:18:ec,50:02:91:e8:18:ec,,,,-46,1,2412,False,False
1778935688.2360892,management,beacon,d8:d7:75:45:81:24,ff:ff:ff:ff:ff:ff,ff:ff:ff:ff:ff:ff,d8:d7:75:45:81:24,d8:d7:75:45:81:24,FunBox2-8124,-45,1,2412,False,False
1778935688.3090286,data,data,d8:d7:75:45:81:24,33:33:00:00:00:16,33:33:00:00:00:16,d8:d7:75:45:81:24,a8:5e:45:c6:9f:b7,,-46,1,2412,True,False
1778935688.3093252,control,ack,,d8:d7:75:45:81:24,d8:d7:75:45:81:24,,,,-82,1,2412,False,False
1778935688.338496,management,beacon,d8:d7:75:45:81:24,ff:ff:ff:ff:ff:ff,ff:ff:ff:ff:ff:ff,d8:d7:75:45:81:24,d8:d7:75:45:81:24,FunBox2-8124,-47,1,2412,False,False
1778935688.4408634,management,beacon,d8:d7:75:45:81:24,ff:ff:ff:ff:ff:ff,ff:ff:ff:ff:ff:ff,d8:d7:75:45:81:24,d8:d7:75:45:81:24,FunBox2-8124,-47,1,2412,False,False
1778935688.5432982,management,beacon,d8:d7:75:45:81:24,ff:ff:ff:ff:ff:ff,ff:ff:ff:ff:ff:ff,d8:d7:75:45:81:24,d8:d7:75:45:81:24,FunBox2-8124,-45,1,2412,False,False
1778935688.5497992,data,null_data,50:02:91:e8:18:ec,d8:d7:75:45:81:24,d8:d7:75:45:81:24,50:02:91:e8:18:ec,d8:d7:75:45:81:24,,-81,1,2412,False,False
1778935688.549807,control,ack,,50:02:91:e8:18:ec,50:02:91:e8:18:ec,,,,-44,1,2412,False,False
1778935688.6456914,management,beacon,d8:d7:75:45:81:24,ff:ff:ff:ff:ff:ff,ff:ff:ff:ff:ff:ff,d8:d7:75:45:81:24,d8:d7:75:45:81:24,FunBox2-8124,-44,1,2412,False,False
1778935688.748063,management,beacon,d8:d7:75:45:81:24,ff:ff:ff:ff:ff:ff,ff:ff:ff:ff:ff:ff,d8:d7:75:45:81:24,d8:d7:75:45:81:24,FunBox2-8124,-44,1,2412,False,False
1778935688.8504755,management,beacon,d8:d7:75:45:81:24,ff:ff:ff:ff:ff:ff,ff:ff:ff:ff:ff:ff,d8:d7:75:45:81:24,d8:d7:75:45:81:24,FunBox2-8124,-44,1,2412,False,False
1778935688.952934,management,beacon,d8:d7:75:45:81:24,ff:ff:ff:ff:ff:ff,ff:ff:ff:ff:ff:ff,d8:d7:75:45:81:24,d8:d7:75:45:81:24,FunBox2-8124,-44,1,2412,False,False
1778935689.055307,management,beacon,d8:d7:75:45:81:24,ff:ff:ff:ff:ff:ff,ff:ff:ff:ff:ff:ff,d8:d7:75:45:81:24,d8:d7:75:45:81:24,FunBox2-8124,-47,1,2412,False,False
1778935689.1577103,management,beacon,d8:d7:75:45:81:24,ff:ff:ff:ff:ff:ff,ff:ff:ff:ff:ff:ff,d8:d7:75:45:81:24,d8:d7:75:45:81:24,FunBox2-8124,-45,1,2412,False,False
1778935689.2601774,management,beacon,d8:d7:75:45:81:24,ff:ff:ff:ff:ff:ff,ff:ff:ff:ff:ff:ff,d8:d7:75:45:81:24,d8:d7:75:45:81:24,FunBox2-8124,-43,1,2412,False,False
1778935689.3625317,management,beacon,d8:d7:75:45:81:24,ff:ff:ff:ff:ff:ff,ff:ff:ff:ff:ff:ff,d8:d7:75:45:81:24,d8:d7:75:45:81:24,FunBox2-8124,-45,1,2412,False,False
1778935689.363748,data,null_data,50:02:91:e8:18:ec,d8:d7:75:45:81:24,d8:d7:75:45:81:24,50:02:91:e8:18:ec,d8:d7:75:45:81:24,,-82,1,2412,False,False
1778935689.3637908,control,ack,,50:02:91:e8:18:ec,50:02:91:e8:18:ec,,,,-51,1,2412,False,False
1778935689.4648898,management,beacon,d8:d7:75:45:81:24,ff:ff:ff:ff:ff:ff,ff:ff:ff:ff:ff:ff,d8:d7:75:45:81:24,d8:d7:75:45:81:24,FunBox2-8124,-44,1,2412,False,False
1778935689.5673506,management,beacon,d8:d7:75:45:81:24,ff:ff:ff:ff:ff:ff,ff:ff:ff:ff:ff:ff,d8:d7:75:45:81:24,d8:d7:75:45:81:24,FunBox2-8124,-47,1,2412,False,False
1778935689.604598,data,null_data,50:02:91:e8:18:ec,d8:d7:75:45:81:24,d8:d7:75:45:81:24,50:02:91:e8:18:ec,d8:d7:75:45:81:24,,-82,1,2412,False,False
1778935689.6046154,control,ack,,50:02:91:e8:18:ec,50:02:91:e8:18:ec,,,,-50,1,2412,False,False
1778935689.6697042,management,beacon,d8:d7:75:45:81:24,ff:ff:ff:ff:ff:ff,ff:ff:ff:ff:ff:ff,d8:d7:75:45:81:24,d8:d7:75:45:81:24,FunBox2-8124,-44,1,2412,False,False
1778935689.670793,data,data,d8:d7:75:45:81:24,01:00:5e:00:00:01,01:00:5e:00:00:01,d8:d7:75:45:81:24,d8:d7:75:45:81:24,,-44,1,2412,True,False
1778935689.6711001,control,ack,,d8:d7:75:45:81:24,d8:d7:75:45:81:24,,,,-82,1,2412,False,False
1778935689.6715255,data,null_data,50:02:91:e8:18:ec,d8:d7:75:45:81:24,d8:d7:75:45:81:24,50:02:91:e8:18:ec,d8:d7:75:45:81:24,,-83,1,2412,False,True
1778935689.6715276,control,ack,,50:02:91:e8:18:ec,50:02:91:e8:18:ec,,,,-50,1,2412,False,False
1778935689.772144,management,beacon,d8:d7:75:45:81:24,ff:ff:ff:ff:ff:ff,ff:ff:ff:ff:ff:ff,d8:d7:75:45:81:24,d8:d7:75:45:81:24,FunBox2-8124,-46,1,2412,False,False
1778935689.8745317,management,beacon,d8:d7:75:45:81:24,ff:ff:ff:ff:ff:ff,ff:ff:ff:ff:ff:ff,d8:d7:75:45:81:24,d8:d7:75:45:81:24,FunBox2-8124,-44,1,2412,False,False
1778935689.9124022,data,null_data,50:02:91:e8:18:ec,d8:d7:75:45:81:24,d8:d7:75:45:81:24,50:02:91:e8:18:ec,d8:d7:75:45:81:24,,-82,1,2412,False,False
1778935689.9124205,control,ack,,50:02:91:e8:18:ec,50:02:91:e8:18:ec,,,,-46,1,2412,False,False
1778935689.9769053,management,beacon,d8:d7:75:45:81:24,ff:ff:ff:ff:ff:ff,ff:ff:ff:ff:ff:ff,d8:d7:75:45:81:24,d8:d7:75:45:81:24,FunBox2-8124,-45,1,2412,False,False
1778935690.0793452,management,beacon,d8:d7:75:45:81:24,ff:ff:ff:ff:ff:ff,ff:ff:ff:ff:ff:ff,d8:d7:75:45:81:24,d8:d7:75:45:81:24,FunBox2-8124,-46,1,2412,False,False
1778935690.1817677,management,beacon,d8:d7:75:45:81:24,ff:ff:ff:ff:ff:ff,ff:ff:ff:ff:ff:ff,d8:d7:75:45:81:24,d8:d7:75:45:81:24,FunBox2-8124,-45,1,2412,False,False
1778935690.2841432,management,beacon,d8:d7:75:45:81:24,ff:ff:ff:ff:ff:ff,ff:ff:ff:ff:ff:ff,d8:d7:75:45:81:24,d8:d7:75:45:81:24,FunBox2-8124,-45,1,2412,False,False
1778935690.386547,management,beacon,d8:d7:75:45:81:24,ff:ff:ff:ff:ff:ff,ff:ff:ff:ff:ff:ff,d8:d7:75:45:81:24,d8:d7:75:45:81:24,FunBox2-8124,-45,1,2412,False,False
1778935690.4889362,management,beacon,d8:d7:75:45:81:24,ff:ff:ff:ff:ff:ff,ff:ff:ff:ff:ff:ff,d8:d7:75:45:81:24,d8:d7:75:45:81:24,FunBox2-8124,-45,1,2412,False,False
1778935690.5913925,management,beacon,d8:d7:75:45:81:24,ff:ff:ff:ff:ff:ff,ff:ff:ff:ff:ff:ff,d8:d7:75:45:81:24,d8:d7:75:45:81:24,FunBox2-8124,-44,1,2412,False,False
1778935690.6937609,management,beacon,d8:d7:75:45:81:24,ff:ff:ff:ff:ff:ff,ff:ff:ff:ff:ff:ff,d8:d7:75:45:81:24,d8:d7:75:45:81:24,FunBox2-8124,-44,1,2412,False,False
1778935690.796187,management,beacon,d8:d7:75:45:81:24,ff:ff:ff:ff:ff:ff,ff:ff:ff:ff:ff:ff,d8:d7:75:45:81:24,d8:d7:75:45:81:24,FunBox2-8124,-44,1,2412,False,False
1778935690.8985767,management,beacon,d8:d7:75:45:81:24,ff:ff:ff:ff:ff:ff,ff:ff:ff:ff:ff:ff,d8:d7:75:45:81:24,d8:d7:75:45:81:24,FunBox2-8124,-44,1,2412,False,False
1778935691.0009918,management,beacon,d8:d7:75:45:81:24,ff:ff:ff:ff:ff:ff,ff:ff:ff:ff:ff:ff,d8:d7:75:45:81:24,d8:d7:75:45:81:24,FunBox2-8124,-47,1,2412,False,False
1778935691.1033726,management,beacon,d8:d7:75:45:81:24,ff:ff:ff:ff:ff:ff,ff:ff:ff:ff:ff:ff,d8:d7:75:45:81:24,d8:d7:75:45:81:24,FunBox2-8124,-46,1,2412,False,False
1778935691.20582,management,beacon,d8:d7:75:45:81:24,ff:ff:ff:ff:ff:ff,ff:ff:ff:ff:ff:ff,d8:d7:75:45:81:24,d8:d7:75:45:81:24,FunBox2-8124,-43,1,2412,False,False
1778935691.2070265,data,null_data,50:02:91:e8:18:ec,d8:d7:75:45:81:24,d8:d7:75:45:81:24,50:02:91:e8:18:ec,d8:d7:75:45:81:24,,-82,1,2412,False,False
1778935691.207032,control,ack,,50:02:91:e8:18:ec,50:02:91:e8:18:ec,,,,-46,1,2412,False,False
1778935691.3081822,management,beacon,d8:d7:75:45:81:24,ff:ff:ff:ff:ff:ff,ff:ff:ff:ff:ff:ff,d8:d7:75:45:81:24,d8:d7:75:45:81:24,FunBox2-8124,-45,1,2412,False,False
1778935691.4105701,management,beacon,d8:d7:75:45:81:24,ff:ff:ff:ff:ff:ff,ff:ff:ff:ff:ff:ff,d8:d7:75:45:81:24,d8:d7:75:45:81:24,FunBox2-8124,-44,1,2412,False,False
1778935691.447894,data,null_data,50:02:91:e8:18:ec,d8:d7:75:45:81:24,d8:d7:75:45:81:24,50:02:91:e8:18:ec,d8:d7:75:45:81:24,,-82,1,2412,False,False
1778935691.4479098,control,ack,,50:02:91:e8:18:ec,50:02:91:e8:18:ec,,,,-44,1,2412,False,False
1778935691.5129714,management,beacon,d8:d7:75:45:81:24,ff:ff:ff:ff:ff:ff,ff:ff:ff:ff:ff:ff,d8:d7:75:45:81:24,d8:d7:75:45:81:24,FunBox2-8124,-44,1,2412,False,False
1778935691.6153693,management,beacon,d8:d7:75:45:81:24,ff:ff:ff:ff:ff:ff,ff:ff:ff:ff:ff:ff,d8:d7:75:45:81:24,d8:d7:75:45:81:24,FunBox2-8124,-44,1,2412,False,False
1778935691.7177904,management,beacon,d8:d7:75:45:81:24,ff:ff:ff:ff:ff:ff,ff:ff:ff:ff:ff:ff,d8:d7:75:45:81:24,d8:d7:75:45:81:24,FunBox2-8124,-44,1,2412,False,False
1778935691.793306,data,qos_null,aa:23:4f:4d:00:cf,74:ea:3a:a1:53:a6,74:ea:3a:a1:53:a6,aa:23:4f:4d:00:cf,74:ea:3a:a1:53:a6,,-84,1,2412,False,False
1778935691.8201818,management,beacon,d8:d7:75:45:81:24,ff:ff:ff:ff:ff:ff,ff:ff:ff:ff:ff:ff,d8:d7:75:45:81:24,d8:d7:75:45:81:24,FunBox2-8124,-43,1,2412,False,False
1778935691.9226043,management,beacon,d8:d7:75:45:81:24,ff:ff:ff:ff:ff:ff,ff:ff:ff:ff:ff:ff,d8:d7:75:45:81:24,d8:d7:75:45:81:24,FunBox2-8124,-45,1,2412,False,False
1778935691.9306955,control,rts,aa:23:4f:4d:00:cf,74:ea:3a:a1:53:a6,74:ea:3a:a1:53:a6,aa:23:4f:4d:00:cf,,,-87,1,2412,False,False
1778935692.0250208,management,beacon,d8:d7:75:45:81:24,ff:ff:ff:ff:ff:ff,ff:ff:ff:ff:ff:ff,d8:d7:75:45:81:24,d8:d7:75:45:81:24,FunBox2-8124,-46,1,2412,False,False
1778935692.1274319,management,beacon,d8:d7:75:45:81:24,ff:ff:ff:ff:ff:ff,ff:ff:ff:ff:ff:ff,d8:d7:75:45:81:24,d8:d7:75:45:81:24,FunBox2-8124,-44,1,2412,False,False
1778935692.1302135,control,rts,aa:23:4f:4d:00:cf,74:ea:3a:a1:53:a6,74:ea:3a:a1:53:a6,aa:23:4f:4d:00:cf,,,-87,1,2412,False,False
1778935692.2298136,management,beacon,d8:d7:75:45:81:24,ff:ff:ff:ff:ff:ff,ff:ff:ff:ff:ff:ff,d8:d7:75:45:81:24,d8:d7:75:45:81:24,FunBox2-8124,-44,1,2412,False,False
1778935692.2793353,data,null_data,50:02:91:e8:18:ec,d8:d7:75:45:81:24,d8:d7:75:45:81:24,50:02:91:e8:18:ec,d8:d7:75:45:81:24,,-83,1,2412,False,False
1778935692.2793431,control,ack,,50:02:91:e8:18:ec,50:02:91:e8:18:ec,,,,-44,1,2412,False,False
1778935692.2805085,control,ack,,50:02:91:e8:18:ec,50:02:91:e8:18:ec,,,,-50,1,2412,False,False
1778935692.328236,data,qos_data,d8:d7:75:45:81:24,50:02:91:e8:18:ec,50:02:91:e8:18:ec,d8:d7:75:45:81:24,d8:d7:75:45:81:24,,-48,1,2412,True,False
1778935692.3282573,control,ack,,d8:d7:75:45:81:24,d8:d7:75:45:81:24,,,,-82,1,2412,False,False
1778935692.3322394,management,beacon,d8:d7:75:45:81:24,ff:ff:ff:ff:ff:ff,ff:ff:ff:ff:ff:ff,d8:d7:75:45:81:24,d8:d7:75:45:81:24,FunBox2-8124,-47,1,2412,False,False
1778935692.3520503,control,rts,aa:23:4f:4d:00:cf,74:ea:3a:a1:53:a6,74:ea:3a:a1:53:a6,aa:23:4f:4d:00:cf,,,-85,1,2412,False,False
1778935692.434678,management,beacon,d8:d7:75:45:81:24,ff:ff:ff:ff:ff:ff,ff:ff:ff:ff:ff:ff,d8:d7:75:45:81:24,d8:d7:75:45:81:24,FunBox2-8124,-47,1,2412,False,False
1778935692.4545748,data,qos_data,d8:d7:75:45:81:24,50:02:91:e8:18:ec,50:02:91:e8:18:ec,d8:d7:75:45:81:24,d8:d7:75:45:81:24,,-48,1,2412,True,False
1778935692.4545846,control,ack,,d8:d7:75:45:81:24,d8:d7:75:45:81:24,,,,-81,1,2412,False,False
1778935692.521351,control,ack,,50:02:91:e8:18:ec,50:02:91:e8:18:ec,,,,-50,1,2412,False,False
1778935692.5370114,management,beacon,d8:d7:75:45:81:24,ff:ff:ff:ff:ff:ff,ff:ff:ff:ff:ff:ff,d8:d7:75:45:81:24,d8:d7:75:45:81:24,FunBox2-8124,-44,1,2412,False,False
1778935692.639414,management,beacon,d8:d7:75:45:81:24,ff:ff:ff:ff:ff:ff,ff:ff:ff:ff:ff:ff,d8:d7:75:45:81:24,d8:d7:75:45:81:24,FunBox2-8124,-48,1,2412,False,False
1778935692.651191,control,rts,aa:23:4f:4d:00:cf,74:ea:3a:a1:53:a6,74:ea:3a:a1:53:a6,aa:23:4f:4d:00:cf,,,-87,1,2412,False,False
1778935692.734187,control,rts,aa:23:4f:4d:00:cf,74:ea:3a:a1:53:a6,74:ea:3a:a1:53:a6,aa:23:4f:4d:00:cf,,,-85,1,2412,False,False
1778935692.7418628,management,beacon,d8:d7:75:45:81:24,ff:ff:ff:ff:ff:ff,ff:ff:ff:ff:ff:ff,d8:d7:75:45:81:24,d8:d7:75:45:81:24,FunBox2-8124,-46,1,2412,False,False
1778935692.7621968,data,null_data,50:02:91:e8:18:ec,d8:d7:75:45:81:24,d8:d7:75:45:81:24,50:02:91:e8:18:ec,d8:d7:75:45:81:24,,-82,1,2412,False,False
1778935692.7622044,control,ack,,50:02:91:e8:18:ec,50:02:91:e8:18:ec,,,,-50,1,2412,False,False
1778935692.7631311,control,rts,aa:23:4f:4d:00:cf,74:ea:3a:a1:53:a6,74:ea:3a:a1:53:a6,aa:23:4f:4d:00:cf,,,-87,1,2412,False,False
1778935692.7638073,control,rts,aa:23:4f:4d:00:cf,74:ea:3a:a1:53:a6,74:ea:3a:a1:53:a6,aa:23:4f:4d:00:cf,,,-87,1,2412,False,False
1778935692.781867,control,rts,aa:23:4f:4d:00:cf,74:ea:3a:a1:53:a6,74:ea:3a:a1:53:a6,aa:23:4f:4d:00:cf,,,-85,1,2412,False,False
1778935692.8139033,control,rts,aa:23:4f:4d:00:cf,74:ea:3a:a1:53:a6,74:ea:3a:a1:53:a6,aa:23:4f:4d:00:cf,,,-86,1,2412,False,False
1778935692.8192174,control,rts,aa:23:4f:4d:00:cf,74:ea:3a:a1:53:a6,74:ea:3a:a1:53:a6,aa:23:4f:4d:00:cf,,,-84,1,2412,False,False
1778935692.8442094,management,beacon,d8:d7:75:45:81:24,ff:ff:ff:ff:ff:ff,ff:ff:ff:ff:ff:ff,d8:d7:75:45:81:24,d8:d7:75:45:81:24,FunBox2-8124,-45,1,2412,False,False
1778935692.8601253,control,rts,aa:23:4f:4d:00:cf,74:ea:3a:a1:53:a6,74:ea:3a:a1:53:a6,aa:23:4f:4d:00:cf,,,-88,1,2412,False,False
1778935692.9046988,control,rts,aa:23:4f:4d:00:cf,74:ea:3a:a1:53:a6,74:ea:3a:a1:53:a6,aa:23:4f:4d:00:cf,,,-86,1,2412,False,False
1778935692.9466763,management,beacon,d8:d7:75:45:81:24,ff:ff:ff:ff:ff:ff,ff:ff:ff:ff:ff:ff,d8:d7:75:45:81:24,d8:d7:75:45:81:24,FunBox2-8124,-44,1,2412,False,False
1778935692.966117,control,rts,aa:23:4f:4d:00:cf,74:ea:3a:a1:53:a6,74:ea:3a:a1:53:a6,aa:23:4f:4d:00:cf,,,-86,1,2412,False,False
1778935693.0257616,control,rts,aa:23:4f:4d:00:cf,74:ea:3a:a1:53:a6,74:ea:3a:a1:53:a6,aa:23:4f:4d:00:cf,,,-87,1,2412,False,False
1778935693.04905,management,beacon,d8:d7:75:45:81:24,ff:ff:ff:ff:ff:ff,ff:ff:ff:ff:ff:ff,d8:d7:75:45:81:24,d8:d7:75:45:81:24,FunBox2-8124,-46,1,2412,False,False
1778935693.0778582,control,rts,aa:23:4f:4d:00:cf,74:ea:3a:a1:53:a6,74:ea:3a:a1:53:a6,aa:23:4f:4d:00:cf,,,-86,1,2412,False,False
1778935693.0855873,control,rts,aa:23:4f:4d:00:cf,74:ea:3a:a1:53:a6,74:ea:3a:a1:53:a6,aa:23:4f:4d:00:cf,,,-87,1,2412,False,False
1778935693.1104956,control,rts,aa:23:4f:4d:00:cf,74:ea:3a:a1:53:a6,74:ea:3a:a1:53:a6,aa:23:4f:4d:00:cf,,,-85,1,2412,False,False
1778935693.1142602,control,rts,aa:23:4f:4d:00:cf,74:ea:3a:a1:53:a6,74:ea:3a:a1:53:a6,aa:23:4f:4d:00:cf,,,-85,1,2412,False,False
1778935693.1631894,control,rts,aa:23:4f:4d:00:cf,74:ea:3a:a1:53:a6,74:ea:3a:a1:53:a6,aa:23:4f:4d:00:cf,,,-85,1,2412,False,False
1778935693.1708448,control,rts,aa:23:4f:4d:00:cf,74:ea:3a:a1:53:a6,74:ea:3a:a1:53:a6,aa:23:4f:4d:00:cf,,,-86,1,2412,False,False
1778935693.2199366,control,rts,aa:23:4f:4d:00:cf,74:ea:3a:a1:53:a6,74:ea:3a:a1:53:a6,aa:23:4f:4d:00:cf,,,-88,1,2412,False,False
1778935693.253838,management,beacon,d8:d7:75:45:81:24,ff:ff:ff:ff:ff:ff,ff:ff:ff:ff:ff:ff,d8:d7:75:45:81:24,d8:d7:75:45:81:24,FunBox2-8124,-47,1,2412,False,False
1778935693.3179283,control,rts,aa:23:4f:4d:00:cf,74:ea:3a:a1:53:a6,74:ea:3a:a1:53:a6,aa:23:4f:4d:00:cf,,,-87,1,2412,False,False
1778935693.3562362,management,beacon,d8:d7:75:45:81:24,ff:ff:ff:ff:ff:ff,ff:ff:ff:ff:ff:ff,d8:d7:75:45:81:24,d8:d7:75:45:81:24,FunBox2-8124,-47,1,2412,False,False
1778935693.3864112,control,rts,aa:23:4f:4d:00:cf,74:ea:3a:a1:53:a6,74:ea:3a:a1:53:a6,aa:23:4f:4d:00:cf,,,-87,1,2412,False,False
1778935693.4103665,control,rts,aa:23:4f:4d:00:cf,74:ea:3a:a1:53:a6,74:ea:3a:a1:53:a6,aa:23:4f:4d:00:cf,,,-84,1,2412,False,False
1778935693.4367952,control,rts,aa:23:4f:4d:00:cf,74:ea:3a:a1:53:a6,74:ea:3a:a1:53:a6,aa:23:4f:4d:00:cf,,,-85,1,2412,False,False
1778935693.4586945,management,beacon,d8:d7:75:45:81:24,ff:ff:ff:ff:ff:ff,ff:ff:ff:ff:ff:ff,d8:d7:75:45:81:24,d8:d7:75:45:81:24,FunBox2-8124,-45,1,2412,False,False
1778935693.480042,control,rts,aa:23:4f:4d:00:cf,74:ea:3a:a1:53:a6,74:ea:3a:a1:53:a6,aa:23:4f:4d:00:cf,,,-86,1,2412,False,False
1778935693.5113716,control,rts,aa:23:4f:4d:00:cf,74:ea:3a:a1:53:a6,74:ea:3a:a1:53:a6,aa:23:4f:4d:00:cf,,,-85,1,2412,False,False
1778935693.5610464,management,beacon,d8:d7:75:45:81:24,ff:ff:ff:ff:ff:ff,ff:ff:ff:ff:ff:ff,d8:d7:75:45:81:24,d8:d7:75:45:81:24,FunBox2-8124,-45,1,2412,False,False
1778935693.6136327,control,rts,aa:23:4f:4d:00:cf,74:ea:3a:a1:53:a6,74:ea:3a:a1:53:a6,aa:23:4f:4d:00:cf,,,-85,1,2412,False,False
1778935693.6609395,control,rts,aa:23:4f:4d:00:cf,74:ea:3a:a1:53:a6,74:ea:3a:a1:53:a6,aa:23:4f:4d:00:cf,,,-87,1,2412,False,False
1778935693.664047,management,beacon,d8:d7:75:45:81:24,ff:ff:ff:ff:ff:ff,ff:ff:ff:ff:ff:ff,d8:d7:75:45:81:24,d8:d7:75:45:81:24,FunBox2-8124,-47,1,2412,False,False
1778935693.665243,data,null_data,50:02:91:e8:18:ec,d8:d7:75:45:81:24,d8:d7:75:45:81:24,50:02:91:e8:18:ec,d8:d7:75:45:81:24,,-85,1,2412,False,False
1778935693.665247,control,ack,,50:02:91:e8:18:ec,50:02:91:e8:18:ec,,,,-48,1,2412,False,False
1778935693.7150395,data,data,d8:d7:75:45:81:24,33:33:00:00:00:01,33:33:00:00:00:01,d8:d7:75:45:81:24,d8:d7:75:45:81:24,,-46,1,2412,True,False
1778935693.7153292,control,ack,,d8:d7:75:45:81:24,d8:d7:75:45:81:24,,,,-84,1,2412,False,False
1778935693.765863,management,beacon,d8:d7:75:45:81:24,ff:ff:ff:ff:ff:ff,ff:ff:ff:ff:ff:ff,d8:d7:75:45:81:24,d8:d7:75:45:81:24,FunBox2-8124,-44,1,2412,False,False
1778935693.8116744,control,rts,aa:23:4f:4d:00:cf,74:ea:3a:a1:53:a6,74:ea:3a:a1:53:a6,aa:23:4f:4d:00:cf,,,-88,1,2412,False,False
1778935693.8419833,control,rts,aa:23:4f:4d:00:cf,74:ea:3a:a1:53:a6,74:ea:3a:a1:53:a6,aa:23:4f:4d:00:cf,,,-89,1,2412,False,False
1778935693.8550498,control,rts,aa:23:4f:4d:00:cf,74:ea:3a:a1:53:a6,74:ea:3a:a1:53:a6,aa:23:4f:4d:00:cf,,,-88,1,2412,False,False
1778935693.8682785,management,beacon,d8:d7:75:45:81:24,ff:ff:ff:ff:ff:ff,ff:ff:ff:ff:ff:ff,d8:d7:75:45:81:24,d8:d7:75:45:81:24,FunBox2-8124,-46,1,2412,False,False
1778935693.8686442,control,rts,aa:23:4f:4d:00:cf,74:ea:3a:a1:53:a6,74:ea:3a:a1:53:a6,aa:23:4f:4d:00:cf,,,-86,1,2412,False,False
1778935693.955813,data,null_data,50:02:91:e8:18:ec,d8:d7:75:45:81:24,d8:d7:75:45:81:24,50:02:91:e8:18:ec,d8:d7:75:45:81:24,,-84,1,2412,False,False
1778935693.9558241,control,ack,,50:02:91:e8:18:ec,50:02:91:e8:18:ec,,,,-50,1,2412,False,False
1778935693.9570382,control,rts,aa:23:4f:4d:00:cf,74:ea:3a:a1:53:a6,74:ea:3a:a1:53:a6,aa:23:4f:4d:00:cf,,,-86,1,2412,False,False
1778935693.9707012,management,beacon,d8:d7:75:45:81:24,ff:ff:ff:ff:ff:ff,ff:ff:ff:ff:ff:ff,d8:d7:75:45:81:24,d8:d7:75:45:81:24,FunBox2-8124,-47,1,2412,False,False
1778935693.9954593,control,rts,aa:23:4f:4d:00:cf,74:ea:3a:a1:53:a6,74:ea:3a:a1:53:a6,aa:23:4f:4d:00:cf,,,-89,1,2412,False,False
1778935693.998711,control,rts,aa:23:4f:4d:00:cf,74:ea:3a:a1:53:a6,74:ea:3a:a1:53:a6,aa:23:4f:4d:00:cf,,,-92,1,2412,False,False
1778935694.0184941,control,rts,aa:23:4f:4d:00:cf,74:ea:3a:a1:53:a6,74:ea:3a:a1:53:a6,aa:23:4f:4d:00:cf,,,-89,1,2412,False,False
1778935694.0271652,control,rts,aa:23:4f:4d:00:cf,74:ea:3a:a1:53:a6,74:ea:3a:a1:53:a6,aa:23:4f:4d:00:cf,,,-88,1,2412,False,False
1778935694.0730915,management,beacon,d8:d7:75:45:81:24,ff:ff:ff:ff:ff:ff,ff:ff:ff:ff:ff:ff,d8:d7:75:45:81:24,d8:d7:75:45:81:24,FunBox2-8124,-46,1,2412,False,False
1778935694.275134,control,rts,aa:23:4f:4d:00:cf,74:ea:3a:a1:53:a6,74:ea:3a:a1:53:a6,aa:23:4f:4d:00:cf,,,-87,1,2412,False,False
1778935694.2782266,management,beacon,d8:d7:75:45:81:24,ff:ff:ff:ff:ff:ff,ff:ff:ff:ff:ff:ff,d8:d7:75:45:81:24,d8:d7:75:45:81:24,FunBox2-8124,-47,1,2412,False,False
1778935694.2875514,control,rts,aa:23:4f:4d:00:cf,74:ea:3a:a1:53:a6,74:ea:3a:a1:53:a6,aa:23:4f:4d:00:cf,,,-86,1,2412,False,False
1778935694.2961123,control,rts,aa:23:4f:4d:00:cf,74:ea:3a:a1:53:a6,74:ea:3a:a1:53:a6,aa:23:4f:4d:00:cf,,,-86,1,2412,False,False
1778935694.3447406,control,rts,aa:23:4f:4d:00:cf,74:ea:3a:a1:53:a6,74:ea:3a:a1:53:a6,aa:23:4f:4d:00:cf,,,-86,1,2412,False,False
1778935694.380319,management,beacon,d8:d7:75:45:81:24,ff:ff:ff:ff:ff:ff,ff:ff:ff:ff:ff:ff,d8:d7:75:45:81:24,d8:d7:75:45:81:24,FunBox2-8124,-47,1,2412,False,False
1778935694.3956747,control,rts,aa:23:4f:4d:00:cf,74:ea:3a:a1:53:a6,74:ea:3a:a1:53:a6,aa:23:4f:4d:00:cf,,,-87,1,2412,False,False
1778935694.42146,control,rts,aa:23:4f:4d:00:cf,74:ea:3a:a1:53:a6,74:ea:3a:a1:53:a6,aa:23:4f:4d:00:cf,,,-86,1,2412,False,False
1778935694.4588459,control,rts,aa:23:4f:4d:00:cf,74:ea:3a:a1:53:a6,74:ea:3a:a1:53:a6,aa:23:4f:4d:00:cf,,,-86,1,2412,False,False
1778935694.4827192,management,beacon,d8:d7:75:45:81:24,ff:ff:ff:ff:ff:ff,ff:ff:ff:ff:ff:ff,d8:d7:75:45:81:24,d8:d7:75:45:81:24,FunBox2-8124,-48,1,2412,False,False
1778935694.4919558,control,rts,aa:23:4f:4d:00:cf,74:ea:3a:a1:53:a6,74:ea:3a:a1:53:a6,aa:23:4f:4d:00:cf,,,-86,1,2412,False,False
1778935694.5085876,control,rts,aa:23:4f:4d:00:cf,74:ea:3a:a1:53:a6,74:ea:3a:a1:53:a6,aa:23:4f:4d:00:cf,,,-89,1,2412,False,False
1778935694.5299418,control,rts,aa:23:4f:4d:00:cf,74:ea:3a:a1:53:a6,74:ea:3a:a1:53:a6,aa:23:4f:4d:00:cf,,,-88,1,2412,False,False
1778935694.5359683,control,rts,aa:23:4f:4d:00:cf,74:ea:3a:a1:53:a6,74:ea:3a:a1:53:a6,aa:23:4f:4d:00:cf,,,-88,1,2412,False,False
1778935694.5404577,control,rts,aa:23:4f:4d:00:cf,74:ea:3a:a1:53:a6,74:ea:3a:a1:53:a6,aa:23:4f:4d:00:cf,,,-87,1,2412,False,False
1778935694.585083,management,beacon,d8:d7:75:45:81:24,ff:ff:ff:ff:ff:ff,ff:ff:ff:ff:ff:ff,d8:d7:75:45:81:24,d8:d7:75:45:81:24,FunBox2-8124,-45,1,2412,False,False
1778935694.6010711,control,rts,aa:23:4f:4d:00:cf,74:ea:3a:a1:53:a6,74:ea:3a:a1:53:a6,aa:23:4f:4d:00:cf,,,-88,1,2412,False,False
1778935694.7096944,control,rts,aa:23:4f:4d:00:cf,74:ea:3a:a1:53:a6,74:ea:3a:a1:53:a6,aa:23:4f:4d:00:cf,,,-87,1,2412,False,False
1778935694.7899399,management,beacon,d8:d7:75:45:81:24,ff:ff:ff:ff:ff:ff,ff:ff:ff:ff:ff:ff,d8:d7:75:45:81:24,d8:d7:75:45:81:24,FunBox2-8124,-46,1,2412,False,False
1778935694.8528645,control,rts,aa:23:4f:4d:00:cf,74:ea:3a:a1:53:a6,74:ea:3a:a1:53:a6,aa:23:4f:4d:00:cf,,,-85,1,2412,False,False
1778935694.8923542,management,beacon,d8:d7:75:45:81:24,ff:ff:ff:ff:ff:ff,ff:ff:ff:ff:ff:ff,d8:d7:75:45:81:24,d8:d7:75:45:81:24,FunBox2-8124,-45,1,2412,False,False
1778935694.893554,data,null_data,50:02:91:e8:18:ec,d8:d7:75:45:81:24,d8:d7:75:45:81:24,50:02:91:e8:18:ec,d8:d7:75:45:81:24,,-82,1,2412,False,False
1778935694.8935573,control,ack,,50:02:91:e8:18:ec,50:02:91:e8:18:ec,,,,-47,1,2412,False,False
1778935694.9576535,control,rts,aa:23:4f:4d:00:cf,74:ea:3a:a1:53:a6,74:ea:3a:a1:53:a6,aa:23:4f:4d:00:cf,,,-88,1,2412,False,False
1778935694.9778593,control,rts,aa:23:4f:4d:00:cf,74:ea:3a:a1:53:a6,74:ea:3a:a1:53:a6,aa:23:4f:4d:00:cf,,,-90,1,2412,False,False
1778935694.9947157,management,beacon,d8:d7:75:45:81:24,ff:ff:ff:ff:ff:ff,ff:ff:ff:ff:ff:ff,d8:d7:75:45:81:24,d8:d7:75:45:81:24,FunBox2-8124,-47,1,2412,False,False
1778935695.0544431,data,null_data,50:02:91:e8:18:ec,d8:d7:75:45:81:24,d8:d7:75:45:81:24,50:02:91:e8:18:ec,d8:d7:75:45:81:24,,-83,1,2412,False,False
1778935695.0544517,control,ack,,50:02:91:e8:18:ec,50:02:91:e8:18:ec,,,,-51,1,2412,False,False
1778935695.0971308,management,beacon,d8:d7:75:45:81:24,ff:ff:ff:ff:ff:ff,ff:ff:ff:ff:ff:ff,d8:d7:75:45:81:24,d8:d7:75:45:81:24,FunBox2-8124,-46,1,2412,False,False
1778935695.1327555,control,rts,aa:23:4f:4d:00:cf,74:ea:3a:a1:53:a6,74:ea:3a:a1:53:a6,aa:23:4f:4d:00:cf,,,-86,1,2412,False,False
1778935695.1862142,control,rts,aa:23:4f:4d:00:cf,74:ea:3a:a1:53:a6,74:ea:3a:a1:53:a6,aa:23:4f:4d:00:cf,,,-84,1,2412,False,False
1778935695.2266617,control,rts,aa:23:4f:4d:00:cf,74:ea:3a:a1:53:a6,74:ea:3a:a1:53:a6,aa:23:4f:4d:00:cf,,,-86,1,2412,False,False
1778935695.2712262,control,rts,aa:23:4f:4d:00:cf,74:ea:3a:a1:53:a6,74:ea:3a:a1:53:a6,aa:23:4f:4d:00:cf,,,-85,1,2412,False,False
1778935695.4043462,management,beacon,d8:d7:75:45:81:24,ff:ff:ff:ff:ff:ff,ff:ff:ff:ff:ff:ff,d8:d7:75:45:81:24,d8:d7:75:45:81:24,FunBox2-8124,-44,1,2412,False,False
1778935695.5067341,management,beacon,d8:d7:75:45:81:24,ff:ff:ff:ff:ff:ff,ff:ff:ff:ff:ff:ff,d8:d7:75:45:81:24,d8:d7:75:45:81:24,FunBox2-8124,-49,1,2412,False,False
1778935695.5900166,control,rts,aa:23:4f:4d:00:cf,74:ea:3a:a1:53:a6,74:ea:3a:a1:53:a6,aa:23:4f:4d:00:cf,,,-87,1,2412,False,False
1778935695.6091764,management,beacon,d8:d7:75:45:81:24,ff:ff:ff:ff:ff:ff,ff:ff:ff:ff:ff:ff,d8:d7:75:45:81:24,d8:d7:75:45:81:24,FunBox2-8124,-50,1,2412,False,False
1778935695.7296414,control,rts,aa:23:4f:4d:00:cf,74:ea:3a:a1:53:a6,74:ea:3a:a1:53:a6,aa:23:4f:4d:00:cf,,,-85,1,2412,False,False
1778935695.8139417,management,beacon,d8:d7:75:45:81:24,ff:ff:ff:ff:ff:ff,ff:ff:ff:ff:ff:ff,d8:d7:75:45:81:24,d8:d7:75:45:81:24,FunBox2-8124,-46,1,2412,False,False
1778935695.9163451,management,beacon,d8:d7:75:45:81:24,ff:ff:ff:ff:ff:ff,ff:ff:ff:ff:ff:ff,d8:d7:75:45:81:24,d8:d7:75:45:81:24,FunBox2-8124,-44,1,2412,False,False
1778935695.9277003,data,qos_null,aa:23:4f:4d:00:cf,74:ea:3a:a1:53:a6,74:ea:3a:a1:53:a6,aa:23:4f:4d:00:cf,74:ea:3a:a1:53:a6,,-85,1,2412,False,False
1778935696.0187674,management,beacon,d8:d7:75:45:81:24,ff:ff:ff:ff:ff:ff,ff:ff:ff:ff:ff:ff,d8:d7:75:45:81:24,d8:d7:75:45:81:24,FunBox2-8124,-47,1,2412,False,False
1778935696.1211333,management,beacon,d8:d7:75:45:81:24,ff:ff:ff:ff:ff:ff,ff:ff:ff:ff:ff:ff,d8:d7:75:45:81:24,d8:d7:75:45:81:24,FunBox2-8124,-48,1,2412,False,False
1778935696.2273817,data,qos_null,aa:23:4f:4d:00:cf,74:ea:3a:a1:53:a6,74:ea:3a:a1:53:a6,aa:23:4f:4d:00:cf,74:ea:3a:a1:53:a6,,-89,1,2412,False,False
1778935696.4283488,management,beacon,d8:d7:75:45:81:24,ff:ff:ff:ff:ff:ff,ff:ff:ff:ff:ff:ff,d8:d7:75:45:81:24,d8:d7:75:45:81:24,FunBox2-8124,-44,1,2412,False,False
1778935696.4295435,data,null_data,50:02:91:e8:18:ec,d8:d7:75:45:81:24,d8:d7:75:45:81:24,50:02:91:e8:18:ec,d8:d7:75:45:81:24,,-81,1,2412,False,False
1778935696.429547,control,ack,,50:02:91:e8:18:ec,50:02:91:e8:18:ec,,,,-47,1,2412,False,False
1778935696.5308163,management,beacon,d8:d7:75:45:81:24,ff:ff:ff:ff:ff:ff,ff:ff:ff:ff:ff:ff,d8:d7:75:45:81:24,d8:d7:75:45:81:24,FunBox2-8124,-45,1,2412,False,False
1778935696.5723693,data,qos_null,aa:23:4f:4d:00:cf,74:ea:3a:a1:53:a6,74:ea:3a:a1:53:a6,aa:23:4f:4d:00:cf,74:ea:3a:a1:53:a6,,-86,1,2412,False,False
1778935696.590417,data,null_data,50:02:91:e8:18:ec,d8:d7:75:45:81:24,d8:d7:75:45:81:24,50:02:91:e8:18:ec,d8:d7:75:45:81:24,,-82,1,2412,False,False
1778935696.590433,control,ack,,50:02:91:e8:18:ec,50:02:91:e8:18:ec,,,,-49,1,2412,False,False
1778935696.6331651,management,beacon,d8:d7:75:45:81:24,ff:ff:ff:ff:ff:ff,ff:ff:ff:ff:ff:ff,d8:d7:75:45:81:24,d8:d7:75:45:81:24,FunBox2-8124,-47,1,2412,False,False
1778935696.8379683,management,beacon,d8:d7:75:45:81:24,ff:ff:ff:ff:ff:ff,ff:ff:ff:ff:ff:ff,d8:d7:75:45:81:24,d8:d7:75:45:81:24,FunBox2-8124,-44,1,2412,False,False
1778935696.9403887,management,beacon,d8:d7:75:45:81:24,ff:ff:ff:ff:ff:ff,ff:ff:ff:ff:ff:ff,d8:d7:75:45:81:24,d8:d7:75:45:81:24,FunBox2-8124,-45,1,2412,False,False
1778935697.0428221,management,beacon,d8:d7:75:45:81:24,ff:ff:ff:ff:ff:ff,ff:ff:ff:ff:ff:ff,d8:d7:75:45:81:24,d8:d7:75:45:81:24,FunBox2-8124,-45,1,2412,False,False
1778935697.1451864,management,beacon,d8:d7:75:45:81:24,ff:ff:ff:ff:ff:ff,ff:ff:ff:ff:ff:ff,d8:d7:75:45:81:24,d8:d7:75:45:81:24,FunBox2-8124,-48,1,2412,False,False
1778935697.3499875,management,beacon,d8:d7:75:45:81:24,ff:ff:ff:ff:ff:ff,ff:ff:ff:ff:ff:ff,d8:d7:75:45:81:24,d8:d7:75:45:81:24,FunBox2-8124,-44,1,2412,False,False
1778935697.4524188,management,beacon,d8:d7:75:45:81:24,ff:ff:ff:ff:ff:ff,ff:ff:ff:ff:ff:ff,d8:d7:75:45:81:24,d8:d7:75:45:81:24,FunBox2-8124,-45,1,2412,False,False
1778935697.5548058,management,beacon,d8:d7:75:45:81:24,ff:ff:ff:ff:ff:ff,ff:ff:ff:ff:ff:ff,d8:d7:75:45:81:24,d8:d7:75:45:81:24,FunBox2-8124,-46,1,2412,False,False
1778935697.657223,management,beacon,d8:d7:75:45:81:24,ff:ff:ff:ff:ff:ff,ff:ff:ff:ff:ff:ff,d8:d7:75:45:81:24,d8:d7:75:45:81:24,FunBox2-8124,-46,1,2412,False,False
1778935697.8620265,management,beacon,d8:d7:75:45:81:24,ff:ff:ff:ff:ff:ff,ff:ff:ff:ff:ff:ff,d8:d7:75:45:81:24,d8:d7:75:45:81:24,FunBox2-8124,-45,1,2412,False,False
1778935697.964484,management,beacon,d8:d7:75:45:81:24,ff:ff:ff:ff:ff:ff,ff:ff:ff:ff:ff:ff,d8:d7:75:45:81:24,d8:d7:75:45:81:24,FunBox2-8124,-47,1,2412,False,False
1778935697.9656754,data,null_data,50:02:91:e8:18:ec,d8:d7:75:45:81:24,d8:d7:75:45:81:24,50:02:91:e8:18:ec,d8:d7:75:45:81:24,,-82,1,2412,False,False
1778935697.9656782,control,ack,,50:02:91:e8:18:ec,50:02:91:e8:18:ec,,,,-48,1,2412,False,False
1778935698.0668077,management,beacon,d8:d7:75:45:81:24,ff:ff:ff:ff:ff:ff,ff:ff:ff:ff:ff:ff,d8:d7:75:45:81:24,d8:d7:75:45:81:24,FunBox2-8124,-46,1,2412,False,False
1778935698.126543,data,null_data,50:02:91:e8:18:ec,d8:d7:75:45:81:24,d8:d7:75:45:81:24,50:02:91:e8:18:ec,d8:d7:75:45:81:24,,-82,1,2412,False,False
1778935698.1265552,control,ack,,50:02:91:e8:18:ec,50:02:91:e8:18:ec,,,,-51,1,2412,False,False
1778935698.1692436,management,beacon,d8:d7:75:45:81:24,ff:ff:ff:ff:ff:ff,ff:ff:ff:ff:ff:ff,d8:d7:75:45:81:24,d8:d7:75:45:81:24,FunBox2-8124,-45,1,2412,False,False
1778935698.271675,management,beacon,d8:d7:75:45:81:24,ff:ff:ff:ff:ff:ff,ff:ff:ff:ff:ff:ff,d8:d7:75:45:81:24,d8:d7:75:45:81:24,FunBox2-8124,-48,1,2412,False,False
1778935698.3740444,management,beacon,d8:d7:75:45:81:24,ff:ff:ff:ff:ff:ff,ff:ff:ff:ff:ff:ff,d8:d7:75:45:81:24,d8:d7:75:45:81:24,FunBox2-8124,-47,1,2412,False,False
1778935698.4764636,management,beacon,d8:d7:75:45:81:24,ff:ff:ff:ff:ff:ff,ff:ff:ff:ff:ff:ff,d8:d7:75:45:81:24,d8:d7:75:45:81:24,FunBox2-8124,-47,1,2412,False,False
1778935698.5788794,management,beacon,d8:d7:75:45:81:24,ff:ff:ff:ff:ff:ff,ff:ff:ff:ff:ff:ff,d8:d7:75:45:81:24,d8:d7:75:45:81:24,FunBox2-8124,-45,1,2412,False,False
1778935698.6812356,management,beacon,d8:d7:75:45:81:24,ff:ff:ff:ff:ff:ff,ff:ff:ff:ff:ff:ff,d8:d7:75:45:81:24,d8:d7:75:45:81:24,FunBox2-8124,-45,1,2412,False,False
1778935698.7836924,management,beacon,d8:d7:75:45:81:24,ff:ff:ff:ff:ff:ff,ff:ff:ff:ff:ff:ff,d8:d7:75:45:81:24,d8:d7:75:45:81:24,FunBox2-8124,-48,1,2412,False,False
1778935698.8860743,management,beacon,d8:d7:75:45:81:24,ff:ff:ff:ff:ff:ff,ff:ff:ff:ff:ff:ff,d8:d7:75:45:81:24,d8:d7:75:45:81:24,FunBox2-8124,-45,1,2412,False,False
1778935698.988475,management,beacon,d8:d7:75:45:81:24,ff:ff:ff:ff:ff:ff,ff:ff:ff:ff:ff:ff,d8:d7:75:45:81:24,d8:d7:75:45:81:24,FunBox2-8124,-44,1,2412,False,False
1778935699.0265515,control,rts,54:35:30:cf:ee:1e,d8:d7:75:45:81:24,d8:d7:75:45:81:24,54:35:30:cf:ee:1e,,,-57,1,2412,False,False
1778935699.026557,control,cts,,54:35:30:cf:ee:1e,54:35:30:cf:ee:1e,,,,-51,1,2412,False,False
1778935699.0265584,data,qos_data,54:35:30:cf:ee:1e,d8:d7:75:45:81:24,d8:d7:75:45:81:24,54:35:30:cf:ee:1e,01:00:5e:7f:ff:fa,,-57,1,2412,True,False
1778935699.026561,control,block_ack,d8:d7:75:45:81:24,54:35:30:cf:ee:1e,54:35:30:cf:ee:1e,d8:d7:75:45:81:24,,,-51,1,2412,False,False
1778935699.0908575,management,beacon,d8:d7:75:45:81:24,ff:ff:ff:ff:ff:ff,ff:ff:ff:ff:ff:ff,d8:d7:75:45:81:24,d8:d7:75:45:81:24,FunBox2-8124,-45,1,2412,False,False
1778935699.1932504,management,beacon,d8:d7:75:45:81:24,ff:ff:ff:ff:ff:ff,ff:ff:ff:ff:ff:ff,d8:d7:75:45:81:24,d8:d7:75:45:81:24,FunBox2-8124,-45,1,2412,False,False
1778935699.1944988,data,data,d8:d7:75:45:81:24,01:00:5e:7f:ff:fa,01:00:5e:7f:ff:fa,d8:d7:75:45:81:24,54:35:30:cf:ee:1e,,-44,1,2412,True,False
1778935699.194965,control,ack,,d8:d7:75:45:81:24,d8:d7:75:45:81:24,,,,-83,1,2412,False,False
1778935699.1949668,data,null_data,50:02:91:e8:18:ec,d8:d7:75:45:81:24,d8:d7:75:45:81:24,50:02:91:e8:18:ec,d8:d7:75:45:81:24,,-83,1,2412,False,False
1778935699.1949677,control,ack,,50:02:91:e8:18:ec,50:02:91:e8:18:ec,,,,-51,1,2412,False,False
1778935699.2956924,management,beacon,d8:d7:75:45:81:24,ff:ff:ff:ff:ff:ff,ff:ff:ff:ff:ff:ff,d8:d7:75:45:81:24,d8:d7:75:45:81:24,FunBox2-8124,-47,1,2412,False,False
1778935699.3558857,data,null_data,50:02:91:e8:18:ec,d8:d7:75:45:81:24,d8:d7:75:45:81:24,50:02:91:e8:18:ec,d8:d7:75:45:81:24,,-82,1,2412,False,False
1778935699.3559053,control,ack,,50:02:91:e8:18:ec,50:02:91:e8:18:ec,,,,-49,1,2412,False,False
1778935699.3980582,management,beacon,d8:d7:75:45:81:24,ff:ff:ff:ff:ff:ff,ff:ff:ff:ff:ff:ff,d8:d7:75:45:81:24,d8:d7:75:45:81:24,FunBox2-8124,-45,1,2412,False,False
1778935699.5004623,management,beacon,d8:d7:75:45:81:24,ff:ff:ff:ff:ff:ff,ff:ff:ff:ff:ff:ff,d8:d7:75:45:81:24,d8:d7:75:45:81:24,FunBox2-8124,-44,1,2412,False,False
1778935699.6029265,management,beacon,d8:d7:75:45:81:24,ff:ff:ff:ff:ff:ff,ff:ff:ff:ff:ff:ff,d8:d7:75:45:81:24,d8:d7:75:45:81:24,FunBox2-8124,-46,1,2412,False,False
1778935699.70531,management,beacon,d8:d7:75:45:81:24,ff:ff:ff:ff:ff:ff,ff:ff:ff:ff:ff:ff,d8:d7:75:45:81:24,d8:d7:75:45:81:24,FunBox2-8124,-45,1,2412,False,False
1778935699.8076932,management,beacon,d8:d7:75:45:81:24,ff:ff:ff:ff:ff:ff,ff:ff:ff:ff:ff:ff,d8:d7:75:45:81:24,d8:d7:75:45:81:24,FunBox2-8124,-45,1,2412,False,False
1778935699.9100776,management,beacon,d8:d7:75:45:81:24,ff:ff:ff:ff:ff:ff,ff:ff:ff:ff:ff:ff,d8:d7:75:45:81:24,d8:d7:75:45:81:24,FunBox2-8124,-46,1,2412,False,False
1778935700.0124755,management,beacon,d8:d7:75:45:81:24,ff:ff:ff:ff:ff:ff,ff:ff:ff:ff:ff:ff,d8:d7:75:45:81:24,d8:d7:75:45:81:24,FunBox2-8124,-45,1,2412,False,False
1778935700.1148896,management,beacon,d8:d7:75:45:81:24,ff:ff:ff:ff:ff:ff,ff:ff:ff:ff:ff:ff,d8:d7:75:45:81:24,d8:d7:75:45:81:24,FunBox2-8124,-45,1,2412,False,False
1778935700.2173545,management,beacon,d8:d7:75:45:81:24,ff:ff:ff:ff:ff:ff,ff:ff:ff:ff:ff:ff,d8:d7:75:45:81:24,d8:d7:75:45:81:24,FunBox2-8124,-45,1,2412,False,False
1778935700.3196843,management,beacon,d8:d7:75:45:81:24,ff:ff:ff:ff:ff:ff,ff:ff:ff:ff:ff:ff,d8:d7:75:45:81:24,d8:d7:75:45:81:24,FunBox2-8124,-47,1,2412,False,False
1778935700.4221385,management,beacon,d8:d7:75:45:81:24,ff:ff:ff:ff:ff:ff,ff:ff:ff:ff:ff:ff,d8:d7:75:45:81:24,d8:d7:75:45:81:24,FunBox2-8124,-45,1,2412,False,False
1778935700.5244937,management,beacon,d8:d7:75:45:81:24,ff:ff:ff:ff:ff:ff,ff:ff:ff:ff:ff:ff,d8:d7:75:45:81:24,d8:d7:75:45:81:24,FunBox2-8124,-47,1,2412,False,False
1778935700.6269526,management,beacon,d8:d7:75:45:81:24,ff:ff:ff:ff:ff:ff,ff:ff:ff:ff:ff:ff,d8:d7:75:45:81:24,d8:d7:75:45:81:24,FunBox2-8124,-44,1,2412,False,False
1778935700.7293277,management,beacon,d8:d7:75:45:81:24,ff:ff:ff:ff:ff:ff,ff:ff:ff:ff:ff:ff,d8:d7:75:45:81:24,d8:d7:75:45:81:24,FunBox2-8124,-46,1,2412,False,False
1778935700.9341302,management,beacon,d8:d7:75:45:81:24,ff:ff:ff:ff:ff:ff,ff:ff:ff:ff:ff:ff,d8:d7:75:45:81:24,d8:d7:75:45:81:24,FunBox2-8124,-45,1,2412,False,False
1778935701.0365303,management,beacon,d8:d7:75:45:81:24,ff:ff:ff:ff:ff:ff,ff:ff:ff:ff:ff:ff,d8:d7:75:45:81:24,d8:d7:75:45:81:24,FunBox2-8124,-48,1,2412,False,False
1778935701.0377111,data,null_data,50:02:91:e8:18:ec,d8:d7:75:45:81:24,d8:d7:75:45:81:24,50:02:91:e8:18:ec,d8:d7:75:45:81:24,,-83,1,2412,False,False
1778935701.0377188,control,ack,,50:02:91:e8:18:ec,50:02:91:e8:18:ec,,,,-50,1,2412,False,False
1778935701.138918,management,beacon,d8:d7:75:45:81:24,ff:ff:ff:ff:ff:ff,ff:ff:ff:ff:ff:ff,d8:d7:75:45:81:24,d8:d7:75:45:81:24,FunBox2-8124,-46,1,2412,False,False
1778935701.1985915,data,null_data,50:02:91:e8:18:ec,d8:d7:75:45:81:24,d8:d7:75:45:81:24,50:02:91:e8:18:ec,d8:d7:75:45:81:24,,-82,1,2412,False,False
1778935701.198602,control,ack,,50:02:91:e8:18:ec,50:02:91:e8:18:ec,,,,-51,1,2412,False,False
1778935701.2413466,management,beacon,d8:d7:75:45:81:24,ff:ff:ff:ff:ff:ff,ff:ff:ff:ff:ff:ff,d8:d7:75:45:81:24,d8:d7:75:45:81:24,FunBox2-8124,-45,1,2412,False,False
1778935701.3437307,management,beacon,d8:d7:75:45:81:24,ff:ff:ff:ff:ff:ff,ff:ff:ff:ff:ff:ff,d8:d7:75:45:81:24,d8:d7:75:45:81:24,FunBox2-8124,-47,1,2412,False,False
1778935701.446142,management,beacon,d8:d7:75:45:81:24,ff:ff:ff:ff:ff:ff,ff:ff:ff:ff:ff:ff,d8:d7:75:45:81:24,d8:d7:75:45:81:24,FunBox2-8124,-44,1,2412,False,False
1778935701.5485501,management,beacon,d8:d7:75:45:81:24,ff:ff:ff:ff:ff:ff,ff:ff:ff:ff:ff:ff,d8:d7:75:45:81:24,d8:d7:75:45:81:24,FunBox2-8124,-47,1,2412,False,False
1778935701.6509683,management,beacon,d8:d7:75:45:81:24,ff:ff:ff:ff:ff:ff,ff:ff:ff:ff:ff:ff,d8:d7:75:45:81:24,d8:d7:75:45:81:24,FunBox2-8124,-45,1,2412,False,False
1778935701.7533991,management,beacon,d8:d7:75:45:81:24,ff:ff:ff:ff:ff:ff,ff:ff:ff:ff:ff:ff,d8:d7:75:45:81:24,d8:d7:75:45:81:24,FunBox2-8124,-46,1,2412,False,False
1778935701.8557522,management,beacon,d8:d7:75:45:81:24,ff:ff:ff:ff:ff:ff,ff:ff:ff:ff:ff:ff,d8:d7:75:45:81:24,d8:d7:75:45:81:24,FunBox2-8124,-44,1,2412,False,False
1778935701.958155,management,beacon,d8:d7:75:45:81:24,ff:ff:ff:ff:ff:ff,ff:ff:ff:ff:ff:ff,d8:d7:75:45:81:24,d8:d7:75:45:81:24,FunBox2-8124,-48,1,2412,False,False
1778935702.0605955,management,beacon,d8:d7:75:45:81:24,ff:ff:ff:ff:ff:ff,ff:ff:ff:ff:ff:ff,d8:d7:75:45:81:24,d8:d7:75:45:81:24,FunBox2-8124,-45,1,2412,False,False
1778935702.1630137,management,beacon,d8:d7:75:45:81:24,ff:ff:ff:ff:ff:ff,ff:ff:ff:ff:ff:ff,d8:d7:75:45:81:24,d8:d7:75:45:81:24,FunBox2-8124,-44,1,2412,False,False
1778935702.2653713,management,beacon,d8:d7:75:45:81:24,ff:ff:ff:ff:ff:ff,ff:ff:ff:ff:ff:ff,d8:d7:75:45:81:24,d8:d7:75:45:81:24,FunBox2-8124,-44,1,2412,False,False
1778935702.266389,data,data,d8:d7:75:45:81:24,ff:ff:ff:ff:ff:ff,ff:ff:ff:ff:ff:ff,d8:d7:75:45:81:24,d8:d7:75:45:81:24,,-45,1,2412,True,False
1778935702.266875,control,ack,,d8:d7:75:45:81:24,d8:d7:75:45:81:24,,,,-82,1,2412,False,False
1778935702.2668777,data,null_data,50:02:91:e8:18:ec,d8:d7:75:45:81:24,d8:d7:75:45:81:24,50:02:91:e8:18:ec,d8:d7:75:45:81:24,,-83,1,2412,False,False
1778935702.2668788,control,ack,,50:02:91:e8:18:ec,50:02:91:e8:18:ec,,,,-51,1,2412,False,False
1778935702.3677752,management,beacon,d8:d7:75:45:81:24,ff:ff:ff:ff:ff:ff,ff:ff:ff:ff:ff:ff,d8:d7:75:45:81:24,d8:d7:75:45:81:24,FunBox2-8124,-46,1,2412,False,False
1778935702.427711,data,null_data,50:02:91:e8:18:ec,d8:d7:75:45:81:24,d8:d7:75:45:81:24,50:02:91:e8:18:ec,d8:d7:75:45:81:24,,-84,1,2412,False,False
1778935702.4278784,data,null_data,50:02:91:e8:18:ec,d8:d7:75:45:81:24,d8:d7:75:45:81:24,50:02:91:e8:18:ec,d8:d7:75:45:81:24,,-82,1,2412,False,True
1778935702.428207,data,null_data,50:02:91:e8:18:ec,d8:d7:75:45:81:24,d8:d7:75:45:81:24,50:02:91:e8:18:ec,d8:d7:75:45:81:24,,-83,1,2412,False,True
1778935702.428748,data,null_data,50:02:91:e8:18:ec,d8:d7:75:45:81:24,d8:d7:75:45:81:24,50:02:91:e8:18:ec,d8:d7:75:45:81:24,,-83,1,2412,False,True
1778935702.4287517,control,ack,,50:02:91:e8:18:ec,50:02:91:e8:18:ec,,,,-47,1,2412,False,False
1778935702.4763756,management,beacon,d8:d7:75:45:81:24,ff:ff:ff:ff:ff:ff,ff:ff:ff:ff:ff:ff,d8:d7:75:45:81:24,d8:d7:75:45:81:24,FunBox2-8124,-49,1,2412,False,False
1778935702.572763,management,beacon,d8:d7:75:45:81:24,ff:ff:ff:ff:ff:ff,ff:ff:ff:ff:ff:ff,d8:d7:75:45:81:24,d8:d7:75:45:81:24,FunBox2-8124,-45,1,2412,False,False
1778935702.6750047,management,beacon,d8:d7:75:45:81:24,ff:ff:ff:ff:ff:ff,ff:ff:ff:ff:ff:ff,d8:d7:75:45:81:24,d8:d7:75:45:81:24,FunBox2-8124,-45,1,2412,False,False
1778935702.7773957,management,beacon,d8:d7:75:45:81:24,ff:ff:ff:ff:ff:ff,ff:ff:ff:ff:ff:ff,d8:d7:75:45:81:24,d8:d7:75:45:81:24,FunBox2-8124,-45,1,2412,False,False
1778935702.8798072,management,beacon,d8:d7:75:45:81:24,ff:ff:ff:ff:ff:ff,ff:ff:ff:ff:ff:ff,d8:d7:75:45:81:24,d8:d7:75:45:81:24,FunBox2-8124,-45,1,2412,False,False
1778935702.9822423,management,beacon,d8:d7:75:45:81:24,ff:ff:ff:ff:ff:ff,ff:ff:ff:ff:ff:ff,d8:d7:75:45:81:24,d8:d7:75:45:81:24,FunBox2-8124,-45,1,2412,False,False
1778935703.084652,management,beacon,d8:d7:75:45:81:24,ff:ff:ff:ff:ff:ff,ff:ff:ff:ff:ff:ff,d8:d7:75:45:81:24,d8:d7:75:45:81:24,FunBox2-8124,-44,1,2412,False,False
1778935703.187037,management,beacon,d8:d7:75:45:81:24,ff:ff:ff:ff:ff:ff,ff:ff:ff:ff:ff:ff,d8:d7:75:45:81:24,d8:d7:75:45:81:24,FunBox2-8124,-45,1,2412,False,False
1778935703.2894385,management,beacon,d8:d7:75:45:81:24,ff:ff:ff:ff:ff:ff,ff:ff:ff:ff:ff:ff,d8:d7:75:45:81:24,d8:d7:75:45:81:24,FunBox2-8124,-44,1,2412,False,False
1778935703.3918493,management,beacon,d8:d7:75:45:81:24,ff:ff:ff:ff:ff:ff,ff:ff:ff:ff:ff:ff,d8:d7:75:45:81:24,d8:d7:75:45:81:24,FunBox2-8124,-45,1,2412,False,False
1778935703.4942622,management,beacon,d8:d7:75:45:81:24,ff:ff:ff:ff:ff:ff,ff:ff:ff:ff:ff:ff,d8:d7:75:45:81:24,d8:d7:75:45:81:24,FunBox2-8124,-45,1,2412,False,False
1778935703.5966206,management,beacon,d8:d7:75:45:81:24,ff:ff:ff:ff:ff:ff,ff:ff:ff:ff:ff:ff,d8:d7:75:45:81:24,d8:d7:75:45:81:24,FunBox2-8124,-47,1,2412,False,False
1778935703.699048,management,beacon,d8:d7:75:45:81:24,ff:ff:ff:ff:ff:ff,ff:ff:ff:ff:ff:ff,d8:d7:75:45:81:24,d8:d7:75:45:81:24,FunBox2-8124,-47,1,2412,False,False
1778935703.8014653,management,beacon,d8:d7:75:45:81:24,ff:ff:ff:ff:ff:ff,ff:ff:ff:ff:ff:ff,d8:d7:75:45:81:24,d8:d7:75:45:81:24,FunBox2-8124,-45,1,2412,False,False
1778935703.9038234,management,beacon,d8:d7:75:45:81:24,ff:ff:ff:ff:ff:ff,ff:ff:ff:ff:ff:ff,d8:d7:75:45:81:24,d8:d7:75:45:81:24,FunBox2-8124,-45,1,2412,False,False
1778935704.006224,management,beacon,d8:d7:75:45:81:24,ff:ff:ff:ff:ff:ff,ff:ff:ff:ff:ff:ff,d8:d7:75:45:81:24,d8:d7:75:45:81:24,FunBox2-8124,-48,1,2412,False,False
1778935704.1086738,management,beacon,d8:d7:75:45:81:24,ff:ff:ff:ff:ff:ff,ff:ff:ff:ff:ff:ff,d8:d7:75:45:81:24,d8:d7:75:45:81:24,FunBox2-8124,-45,1,2412,False,False
1778935704.1098554,data,null_data,50:02:91:e8:18:ec,d8:d7:75:45:81:24,d8:d7:75:45:81:24,50:02:91:e8:18:ec,d8:d7:75:45:81:24,,-83,1,2412,False,False
1778935704.1098585,control,ack,,50:02:91:e8:18:ec,50:02:91:e8:18:ec,,,,-47,1,2412,False,False
1778935704.2707222,data,null_data,50:02:91:e8:18:ec,d8:d7:75:45:81:24,d8:d7:75:45:81:24,50:02:91:e8:18:ec,d8:d7:75:45:81:24,,-82,1,2412,False,False
1778935704.2707362,control,ack,,50:02:91:e8:18:ec,50:02:91:e8:18:ec,,,,-46,1,2412,False,False
1778935704.3134952,management,beacon,d8:d7:75:45:81:24,ff:ff:ff:ff:ff:ff,ff:ff:ff:ff:ff:ff,d8:d7:75:45:81:24,d8:d7:75:45:81:24,FunBox2-8124,-45,1,2412,False,False
1778935704.4160686,management,beacon,d8:d7:75:45:81:24,ff:ff:ff:ff:ff:ff,ff:ff:ff:ff:ff:ff,d8:d7:75:45:81:24,d8:d7:75:45:81:24,FunBox2-8124,-45,1,2412,False,False
1778935704.5182934,management,beacon,d8:d7:75:45:81:24,ff:ff:ff:ff:ff:ff,ff:ff:ff:ff:ff:ff,d8:d7:75:45:81:24,d8:d7:75:45:81:24,FunBox2-8124,-45,1,2412,False,False
1778935704.6206996,management,beacon,d8:d7:75:45:81:24,ff:ff:ff:ff:ff:ff,ff:ff:ff:ff:ff:ff,d8:d7:75:45:81:24,d8:d7:75:45:81:24,FunBox2-8124,-44,1,2412,False,False
1778935704.723213,management,beacon,d8:d7:75:45:81:24,ff:ff:ff:ff:ff:ff,ff:ff:ff:ff:ff:ff,d8:d7:75:45:81:24,d8:d7:75:45:81:24,FunBox2-8124,-44,1,2412,False,False
1778935704.8255112,management,beacon,d8:d7:75:45:81:24,ff:ff:ff:ff:ff:ff,ff:ff:ff:ff:ff:ff,d8:d7:75:45:81:24,d8:d7:75:45:81:24,FunBox2-8124,-44,1,2412,False,False
1778935704.9278865,management,beacon,d8:d7:75:45:81:24,ff:ff:ff:ff:ff:ff,ff:ff:ff:ff:ff:ff,d8:d7:75:45:81:24,d8:d7:75:45:81:24,FunBox2-8124,-46,1,2412,False,False
1778935705.0302682,management,beacon,d8:d7:75:45:81:24,ff:ff:ff:ff:ff:ff,ff:ff:ff:ff:ff:ff,d8:d7:75:45:81:24,d8:d7:75:45:81:24,FunBox2-8124,-45,1,2412,False,False
1778935705.1326716,management,beacon,d8:d7:75:45:81:24,ff:ff:ff:ff:ff:ff,ff:ff:ff:ff:ff:ff,d8:d7:75:45:81:24,d8:d7:75:45:81:24,FunBox2-8124,-45,1,2412,False,False
1778935705.235063,management,beacon,d8:d7:75:45:81:24,ff:ff:ff:ff:ff:ff,ff:ff:ff:ff:ff:ff,d8:d7:75:45:81:24,d8:d7:75:45:81:24,FunBox2-8124,-46,1,2412,False,False
1778935705.3375201,management,beacon,d8:d7:75:45:81:24,ff:ff:ff:ff:ff:ff,ff:ff:ff:ff:ff:ff,d8:d7:75:45:81:24,d8:d7:75:45:81:24,FunBox2-8124,-45,1,2412,False,False
1778935705.3647761,management,probe_response,d8:d7:75:45:81:24,dc:a9:71:95:8d:5a,dc:a9:71:95:8d:5a,d8:d7:75:45:81:24,d8:d7:75:45:81:24,FunBox2-8124,-48,1,2412,False,False
1778935705.370161,management,probe_response,d8:d7:75:45:81:24,dc:a9:71:95:8d:5a,dc:a9:71:95:8d:5a,d8:d7:75:45:81:24,d8:d7:75:45:81:24,FunBox2-8124,-47,1,2412,False,True
1778935705.3741248,management,probe_response,d8:d7:75:45:81:24,dc:a9:71:95:8d:5a,dc:a9:71:95:8d:5a,d8:d7:75:45:81:24,d8:d7:75:45:81:24,FunBox2-8124,-46,1,2412,False,True
1778935705.4399383,management,beacon,d8:d7:75:45:81:24,ff:ff:ff:ff:ff:ff,ff:ff:ff:ff:ff:ff,d8:d7:75:45:81:24,d8:d7:75:45:81:24,FunBox2-8124,-45,1,2412,False,False
1778935705.5423272,management,beacon,d8:d7:75:45:81:24,ff:ff:ff:ff:ff:ff,ff:ff:ff:ff:ff:ff,d8:d7:75:45:81:24,d8:d7:75:45:81:24,FunBox2-8124,-45,1,2412,False,False
1778935705.6446836,management,beacon,d8:d7:75:45:81:24,ff:ff:ff:ff:ff:ff,ff:ff:ff:ff:ff:ff,d8:d7:75:45:81:24,d8:d7:75:45:81:24,FunBox2-8124,-45,1,2412,False,False
1778935705.6458805,data,null_data,50:02:91:e8:18:ec,d8:d7:75:45:81:24,d8:d7:75:45:81:24,50:02:91:e8:18:ec,d8:d7:75:45:81:24,,-83,1,2412,False,False
1778935705.645884,control,ack,,50:02:91:e8:18:ec,50:02:91:e8:18:ec,,,,-48,1,2412,False,False
1778935705.7471313,management,beacon,d8:d7:75:45:81:24,ff:ff:ff:ff:ff:ff,ff:ff:ff:ff:ff:ff,d8:d7:75:45:81:24,d8:d7:75:45:81:24,FunBox2-8124,-47,1,2412,False,False
1778935705.8067513,data,null_data,50:02:91:e8:18:ec,d8:d7:75:45:81:24,d8:d7:75:45:81:24,50:02:91:e8:18:ec,d8:d7:75:45:81:24,,-83,1,2412,False,False
1778935705.8067589,control,ack,,50:02:91:e8:18:ec,50:02:91:e8:18:ec,,,,-46,1,2412,False,False
1778935705.8495505,management,beacon,d8:d7:75:45:81:24,ff:ff:ff:ff:ff:ff,ff:ff:ff:ff:ff:ff,d8:d7:75:45:81:24,d8:d7:75:45:81:24,FunBox2-8124,-46,1,2412,False,False
1778935705.951901,management,beacon,d8:d7:75:45:81:24,ff:ff:ff:ff:ff:ff,ff:ff:ff:ff:ff:ff,d8:d7:75:45:81:24,d8:d7:75:45:81:24,FunBox2-8124,-47,1,2412,False,False
1778935706.1567025,management,beacon,d8:d7:75:45:81:24,ff:ff:ff:ff:ff:ff,ff:ff:ff:ff:ff:ff,d8:d7:75:45:81:24,d8:d7:75:45:81:24,FunBox2-8124,-45,1,2412,False,False
1778935706.2591295,management,beacon,d8:d7:75:45:81:24,ff:ff:ff:ff:ff:ff,ff:ff:ff:ff:ff:ff,d8:d7:75:45:81:24,d8:d7:75:45:81:24,FunBox2-8124,-47,1,2412,False,False
1778935706.3615346,management,beacon,d8:d7:75:45:81:24,ff:ff:ff:ff:ff:ff,ff:ff:ff:ff:ff:ff,d8:d7:75:45:81:24,d8:d7:75:45:81:24,FunBox2-8124,-44,1,2412,False,False
1778935706.463913,management,beacon,d8:d7:75:45:81:24,ff:ff:ff:ff:ff:ff,ff:ff:ff:ff:ff:ff,d8:d7:75:45:81:24,d8:d7:75:45:81:24,FunBox2-8124,-48,1,2412,False,False
1778935706.6687555,management,beacon,d8:d7:75:45:81:24,ff:ff:ff:ff:ff:ff,ff:ff:ff:ff:ff:ff,d8:d7:75:45:81:24,d8:d7:75:45:81:24,FunBox2-8124,-46,1,2412,False,False
1778935706.7711303,management,beacon,d8:d7:75:45:81:24,ff:ff:ff:ff:ff:ff,ff:ff:ff:ff:ff:ff,d8:d7:75:45:81:24,d8:d7:75:45:81:24,FunBox2-8124,-44,1,2412,False,False
1778935706.8735497,management,beacon,d8:d7:75:45:81:24,ff:ff:ff:ff:ff:ff,ff:ff:ff:ff:ff:ff,d8:d7:75:45:81:24,d8:d7:75:45:81:24,FunBox2-8124,-48,1,2412,False,False
1778935706.9759429,management,beacon,d8:d7:75:45:81:24,ff:ff:ff:ff:ff:ff,ff:ff:ff:ff:ff:ff,d8:d7:75:45:81:24,d8:d7:75:45:81:24,FunBox2-8124,-46,1,2412,False,False
1778935707.180787,management,beacon,d8:d7:75:45:81:24,ff:ff:ff:ff:ff:ff,ff:ff:ff:ff:ff:ff,d8:d7:75:45:81:24,d8:d7:75:45:81:24,FunBox2-8124,-46,1,2412,False,False
1778935707.2831554,management,beacon,d8:d7:75:45:81:24,ff:ff:ff:ff:ff:ff,ff:ff:ff:ff:ff:ff,d8:d7:75:45:81:24,d8:d7:75:45:81:24,FunBox2-8124,-44,1,2412,False,False
1778935707.2844222,data,null_data,50:02:91:e8:18:ec,d8:d7:75:45:81:24,d8:d7:75:45:81:24,50:02:91:e8:18:ec,d8:d7:75:45:81:24,,-82,1,2412,False,False
1778935707.3856027,management,beacon,d8:d7:75:45:81:24,ff:ff:ff:ff:ff:ff,ff:ff:ff:ff:ff:ff,d8:d7:75:45:81:24,d8:d7:75:45:81:24,FunBox2-8124,-44,1,2412,False,False
1778935707.445277,data,null_data,50:02:91:e8:18:ec,d8:d7:75:45:81:24,d8:d7:75:45:81:24,50:02:91:e8:18:ec,d8:d7:75:45:81:24,,-83,1,2412,False,False
1778935707.4452856,control,ack,,50:02:91:e8:18:ec,50:02:91:e8:18:ec,,,,-46,1,2412,False,False
1778935707.4879775,management,beacon,d8:d7:75:45:81:24,ff:ff:ff:ff:ff:ff,ff:ff:ff:ff:ff:ff,d8:d7:75:45:81:24,d8:d7:75:45:81:24,FunBox2-8124,-45,1,2412,False,False
1778935707.6927757,management,beacon,d8:d7:75:45:81:24,ff:ff:ff:ff:ff:ff,ff:ff:ff:ff:ff:ff,d8:d7:75:45:81:24,d8:d7:75:45:81:24,FunBox2-8124,-42,1,2412,False,False
1778935707.7951603,management,beacon,d8:d7:75:45:81:24,ff:ff:ff:ff:ff:ff,ff:ff:ff:ff:ff:ff,d8:d7:75:45:81:24,d8:d7:75:45:81:24,FunBox2-8124,-45,1,2412,False,False
1778935707.8915672,data,qos_null,d8:d7:75:45:81:24,54:35:30:cf:ee:1e,54:35:30:cf:ee:1e,d8:d7:75:45:81:24,d8:d7:75:45:81:24,,-44,1,2412,False,False
1778935707.891859,control,ack,,d8:d7:75:45:81:24,d8:d7:75:45:81:24,,,,-52,1,2412,False,False
1778935707.8981676,management,beacon,d8:d7:75:45:81:24,ff:ff:ff:ff:ff:ff,ff:ff:ff:ff:ff:ff,d8:d7:75:45:81:24,d8:d7:75:45:81:24,FunBox2-8124,-46,1,2412,False,False
1778935708.000004,management,beacon,d8:d7:75:45:81:24,ff:ff:ff:ff:ff:ff,ff:ff:ff:ff:ff:ff,d8:d7:75:45:81:24,d8:d7:75:45:81:24,FunBox2-8124,-43,1,2412,False,False
1778935708.103581,data,null_data,50:02:91:e8:18:ec,d8:d7:75:45:81:24,d8:d7:75:45:81:24,50:02:91:e8:18:ec,d8:d7:75:45:81:24,,-81,1,2412,False,False
1778935708.1035907,control,ack,,50:02:91:e8:18:ec,50:02:91:e8:18:ec,,,,-48,1,2412,False,False
1778935708.1041117,data,qos_null,d8:d7:75:45:81:24,50:02:91:e8:18:ec,50:02:91:e8:18:ec,d8:d7:75:45:81:24,d8:d7:75:45:81:24,,-42,1,2412,False,False
1778935708.10441,control,ack,,d8:d7:75:45:81:24,d8:d7:75:45:81:24,,,,-83,1,2412,False,False
1778935708.2047937,management,beacon,d8:d7:75:45:81:24,ff:ff:ff:ff:ff:ff,ff:ff:ff:ff:ff:ff,d8:d7:75:45:81:24,d8:d7:75:45:81:24,FunBox2-8124,-43,1,2412,False,False
1778935708.2648084,data,null_data,50:02:91:e8:18:ec,d8:d7:75:45:81:24,d8:d7:75:45:81:24,50:02:91:e8:18:ec,d8:d7:75:45:81:24,,-82,1,2412,False,False
1778935708.264824,control,ack,,50:02:91:e8:18:ec,50:02:91:e8:18:ec,,,,-43,1,2412,False,False
1778935708.307214,management,beacon,d8:d7:75:45:81:24,ff:ff:ff:ff:ff:ff,ff:ff:ff:ff:ff:ff,d8:d7:75:45:81:24,d8:d7:75:45:81:24,FunBox2-8124,-39,1,2412,False,False
1778935708.4095948,management,beacon,d8:d7:75:45:81:24,ff:ff:ff:ff:ff:ff,ff:ff:ff:ff:ff:ff,d8:d7:75:45:81:24,d8:d7:75:45:81:24,FunBox2-8124,-39,1,2412,False,False
1778935708.5119853,management,beacon,d8:d7:75:45:81:24,ff:ff:ff:ff:ff:ff,ff:ff:ff:ff:ff:ff,d8:d7:75:45:81:24,d8:d7:75:45:81:24,FunBox2-8124,-38,1,2412,False,False
1778935708.5934014,control,block_ack,dc:a9:71:95:8d:5a,98:42:65:a1:04:0a,98:42:65:a1:04:0a,dc:a9:71:95:8d:5a,,,-85,1,2412,False,False
1778935708.7177305,management,beacon,d8:d7:75:45:81:24,ff:ff:ff:ff:ff:ff,ff:ff:ff:ff:ff:ff,d8:d7:75:45:81:24,d8:d7:75:45:81:24,FunBox2-8124,-42,1,2412,False,False
1778935708.7428825,control,cts,,ce:d0:54:70:b1:b3,ce:d0:54:70:b1:b3,,,,-87,1,2412,False,False
1778935708.7535746,control,cts,,ce:d0:54:70:b1:b3,ce:d0:54:70:b1:b3,,,,-85,1,2412,False,False
1778935708.7552667,control,cts,,ce:d0:54:70:b1:b3,ce:d0:54:70:b1:b3,,,,-86,1,2412,False,False
1778935708.8192334,management,beacon,d8:d7:75:45:81:24,ff:ff:ff:ff:ff:ff,ff:ff:ff:ff:ff:ff,d8:d7:75:45:81:24,d8:d7:75:45:81:24,FunBox2-8124,-44,1,2412,False,False
1778935708.8245766,management,probe_response,d8:d7:75:45:81:24,ee:ad:94:e6:fa:ef,ee:ad:94:e6:fa:ef,d8:d7:75:45:81:24,d8:d7:75:45:81:24,FunBox2-8124,-47,1,2412,False,False
1778935708.8248546,control,ack,,d8:d7:75:45:81:24,d8:d7:75:45:81:24,,,,-52,1,2412,False,False
1778935708.825318,data,qos_null,aa:23:4f:4d:00:cf,74:ea:3a:a1:53:a6,74:ea:3a:a1:53:a6,aa:23:4f:4d:00:cf,74:ea:3a:a1:53:a6,,-86,1,2412,False,False
1778935708.8395603,management,probe_request,ee:ad:94:e6:fa:ef,ff:ff:ff:ff:ff:ff,ff:ff:ff:ff:ff:ff,ee:ad:94:e6:fa:ef,ff:ff:ff:ff:ff:ff,<hidden>,-54,1,2412,False,False
1778935708.8428307,management,probe_response,d8:d7:75:45:81:24,ee:ad:94:e6:fa:ef,ee:ad:94:e6:fa:ef,d8:d7:75:45:81:24,d8:d7:75:45:81:24,FunBox2-8124,-46,1,2412,False,False
1778935708.84314,control,ack,,d8:d7:75:45:81:24,d8:d7:75:45:81:24,,,,-53,1,2412,False,False
1778935708.9216495,management,beacon,d8:d7:75:45:81:24,ff:ff:ff:ff:ff:ff,ff:ff:ff:ff:ff:ff,d8:d7:75:45:81:24,d8:d7:75:45:81:24,FunBox2-8124,-43,1,2412,False,False
1778935709.024006,management,beacon,d8:d7:75:45:81:24,ff:ff:ff:ff:ff:ff,ff:ff:ff:ff:ff:ff,d8:d7:75:45:81:24,d8:d7:75:45:81:24,FunBox2-8124,-43,1,2412,False,False
1778935709.0249598,data,data,d8:d7:75:45:81:24,ff:ff:ff:ff:ff:ff,ff:ff:ff:ff:ff:ff,d8:d7:75:45:81:24,d8:d7:75:45:81:24,,-43,1,2412,True,False
1778935709.0252855,control,ack,,d8:d7:75:45:81:24,d8:d7:75:45:81:24,,,,-78,1,2412,False,False
1778935709.0257032,data,null_data,50:02:91:e8:18:ec,d8:d7:75:45:81:24,d8:d7:75:45:81:24,50:02:91:e8:18:ec,d8:d7:75:45:81:24,,-78,1,2412,False,True
1778935709.0257049,control,ack,,50:02:91:e8:18:ec,50:02:91:e8:18:ec,,,,-46,1,2412,False,False
1778935709.1865835,control,ack,,50:02:91:e8:18:ec,50:02:91:e8:18:ec,,,,-44,1,2412,False,False
1778935709.199185,data,null_data,50:02:91:e8:18:ec,d8:d7:75:45:81:24,d8:d7:75:45:81:24,50:02:91:e8:18:ec,d8:d7:75:45:81:24,,-83,1,2412,False,False
1778935709.199196,control,ack,,50:02:91:e8:18:ec,50:02:91:e8:18:ec,,,,-44,1,2412,False,False
1778935709.228877,management,beacon,d8:d7:75:45:81:24,ff:ff:ff:ff:ff:ff,ff:ff:ff:ff:ff:ff,d8:d7:75:45:81:24,d8:d7:75:45:81:24,FunBox2-8124,-43,1,2412,False,False
1778935709.3312247,management,beacon,d8:d7:75:45:81:24,ff:ff:ff:ff:ff:ff,ff:ff:ff:ff:ff:ff,d8:d7:75:45:81:24,d8:d7:75:45:81:24,FunBox2-8124,-46,1,2412,False,False
1778935709.360058,data,null_data,50:02:91:e8:18:ec,d8:d7:75:45:81:24,d8:d7:75:45:81:24,50:02:91:e8:18:ec,d8:d7:75:45:81:24,,-81,1,2412,False,False
1778935709.360071,control,ack,,50:02:91:e8:18:ec,50:02:91:e8:18:ec,,,,-47,1,2412,False,False
1778935709.3604186,data,null_data,50:02:91:e8:18:ec,d8:d7:75:45:81:24,d8:d7:75:45:81:24,50:02:91:e8:18:ec,d8:d7:75:45:81:24,,-80,1,2412,False,True
1778935709.3604205,control,ack,,50:02:91:e8:18:ec,50:02:91:e8:18:ec,,,,-45,1,2412,False,False
1778935709.4337895,management,beacon,d8:d7:75:45:81:24,ff:ff:ff:ff:ff:ff,ff:ff:ff:ff:ff:ff,d8:d7:75:45:81:24,d8:d7:75:45:81:24,FunBox2-8124,-47,1,2412,False,False
1778935709.5360782,management,beacon,d8:d7:75:45:81:24,ff:ff:ff:ff:ff:ff,ff:ff:ff:ff:ff:ff,d8:d7:75:45:81:24,d8:d7:75:45:81:24,FunBox2-8124,-44,1,2412,False,False
1778935709.740844,management,beacon,d8:d7:75:45:81:24,ff:ff:ff:ff:ff:ff,ff:ff:ff:ff:ff:ff,d8:d7:75:45:81:24,d8:d7:75:45:81:24,FunBox2-8124,-46,1,2412,False,False
1778935709.843265,management,beacon,d8:d7:75:45:81:24,ff:ff:ff:ff:ff:ff,ff:ff:ff:ff:ff:ff,d8:d7:75:45:81:24,d8:d7:75:45:81:24,FunBox2-8124,-47,1,2412,False,False
1778935709.9456832,management,beacon,d8:d7:75:45:81:24,ff:ff:ff:ff:ff:ff,ff:ff:ff:ff:ff:ff,d8:d7:75:45:81:24,d8:d7:75:45:81:24,FunBox2-8124,-46,1,2412,False,False
1778935710.048086,management,beacon,d8:d7:75:45:81:24,ff:ff:ff:ff:ff:ff,ff:ff:ff:ff:ff:ff,d8:d7:75:45:81:24,d8:d7:75:45:81:24,FunBox2-8124,-46,1,2412,False,False
1778935710.252909,management,beacon,d8:d7:75:45:81:24,ff:ff:ff:ff:ff:ff,ff:ff:ff:ff:ff:ff,d8:d7:75:45:81:24,d8:d7:75:45:81:24,FunBox2-8124,-45,1,2412,False,False
1778935710.3553092,management,beacon,d8:d7:75:45:81:24,ff:ff:ff:ff:ff:ff,ff:ff:ff:ff:ff:ff,d8:d7:75:45:81:24,d8:d7:75:45:81:24,FunBox2-8124,-42,1,2412,False,False
1778935710.457711,management,beacon,d8:d7:75:45:81:24,ff:ff:ff:ff:ff:ff,ff:ff:ff:ff:ff:ff,d8:d7:75:45:81:24,d8:d7:75:45:81:24,FunBox2-8124,-39,1,2412,False,False
1778935710.5600638,management,beacon,d8:d7:75:45:81:24,ff:ff:ff:ff:ff:ff,ff:ff:ff:ff:ff:ff,d8:d7:75:45:81:24,d8:d7:75:45:81:24,FunBox2-8124,-40,1,2412,False,False
1778935710.561582,data,data,d8:d7:75:45:81:24,01:00:5e:00:00:fb,01:00:5e:00:00:fb,d8:d7:75:45:81:24,8a:f4:af:eb:f3:fb,,-40,1,2412,True,False
1778935710.5618978,control,ack,,d8:d7:75:45:81:24,d8:d7:75:45:81:24,,,,-79,1,2412,False,False
1778935710.563486,data,data,d8:d7:75:45:81:24,33:33:00:00:00:fb,33:33:00:00:00:fb,d8:d7:75:45:81:24,8a:f4:af:eb:f3:fb,,-43,1,2412,True,False
1778935710.5637975,control,ack,,d8:d7:75:45:81:24,d8:d7:75:45:81:24,,,,-81,1,2412,False,False
1778935710.663706,data,null_data,50:02:91:e8:18:ec,d8:d7:75:45:81:24,d8:d7:75:45:81:24,50:02:91:e8:18:ec,d8:d7:75:45:81:24,,-81,1,2412,False,False
1778935710.6637206,control,ack,,50:02:91:e8:18:ec,50:02:91:e8:18:ec,,,,-43,1,2412,False,False
1778935710.7029846,control,cts,,ce:d0:54:70:b1:b3,ce:d0:54:70:b1:b3,,,,-84,1,2412,False,False
1778935710.7182744,control,cts,,ce:d0:54:70:b1:b3,ce:d0:54:70:b1:b3,,,,-86,1,2412,False,False
1778935710.7673328,management,beacon,d8:d7:75:45:81:24,ff:ff:ff:ff:ff:ff,ff:ff:ff:ff:ff:ff,d8:d7:75:45:81:24,d8:d7:75:45:81:24,FunBox2-8124,-44,1,2412,False,False
1778935710.8245723,control,ack,,50:02:91:e8:18:ec,50:02:91:e8:18:ec,,,,-46,1,2412,False,False
1778935710.867296,management,beacon,d8:d7:75:45:81:24,ff:ff:ff:ff:ff:ff,ff:ff:ff:ff:ff:ff,d8:d7:75:45:81:24,d8:d7:75:45:81:24,FunBox2-8124,-47,1,2412,False,False
1778935710.9696906,management,beacon,d8:d7:75:45:81:24,ff:ff:ff:ff:ff:ff,ff:ff:ff:ff:ff:ff,d8:d7:75:45:81:24,d8:d7:75:45:81:24,FunBox2-8124,-44,1,2412,False,False
1778935711.072095,management,beacon,d8:d7:75:45:81:24,ff:ff:ff:ff:ff:ff,ff:ff:ff:ff:ff:ff,d8:d7:75:45:81:24,d8:d7:75:45:81:24,FunBox2-8124,-43,1,2412,False,False
1778935711.2769346,management,beacon,d8:d7:75:45:81:24,ff:ff:ff:ff:ff:ff,ff:ff:ff:ff:ff:ff,d8:d7:75:45:81:24,d8:d7:75:45:81:24,FunBox2-8124,-48,1,2412,False,False
1778935711.3793576,management,beacon,d8:d7:75:45:81:24,ff:ff:ff:ff:ff:ff,ff:ff:ff:ff:ff:ff,d8:d7:75:45:81:24,d8:d7:75:45:81:24,FunBox2-8124,-42,1,2412,False,False
1778935711.4817,management,beacon,d8:d7:75:45:81:24,ff:ff:ff:ff:ff:ff,ff:ff:ff:ff:ff:ff,d8:d7:75:45:81:24,d8:d7:75:45:81:24,FunBox2-8124,-45,1,2412,False,False
1778935711.4831352,data,data,d8:d7:75:45:81:24,01:00:5e:00:00:fb,01:00:5e:00:00:fb,d8:d7:75:45:81:24,8a:f4:af:eb:f3:fb,,-44,1,2412,True,False
1778935711.4834518,control,ack,,d8:d7:75:45:81:24,d8:d7:75:45:81:24,,,,-86,1,2412,False,False
1778935711.485281,data,data,d8:d7:75:45:81:24,33:33:00:00:00:fb,33:33:00:00:00:fb,d8:d7:75:45:81:24,8a:f4:af:eb:f3:fb,,-55,1,2412,True,False
1778935711.4855924,control,ack,,d8:d7:75:45:81:24,d8:d7:75:45:81:24,,,,-83,1,2412,False,False
1778935711.5841484,management,beacon,d8:d7:75:45:81:24,ff:ff:ff:ff:ff:ff,ff:ff:ff:ff:ff:ff,d8:d7:75:45:81:24,d8:d7:75:45:81:24,FunBox2-8124,-44,1,2412,False,False
1778935711.6865351,management,beacon,d8:d7:75:45:81:24,ff:ff:ff:ff:ff:ff,ff:ff:ff:ff:ff:ff,d8:d7:75:45:81:24,d8:d7:75:45:81:24,FunBox2-8124,-47,1,2412,False,False
1778935711.7889206,management,beacon,d8:d7:75:45:81:24,ff:ff:ff:ff:ff:ff,ff:ff:ff:ff:ff:ff,d8:d7:75:45:81:24,d8:d7:75:45:81:24,FunBox2-8124,-45,1,2412,False,False
1778935711.9937172,management,beacon,d8:d7:75:45:81:24,ff:ff:ff:ff:ff:ff,ff:ff:ff:ff:ff:ff,d8:d7:75:45:81:24,d8:d7:75:45:81:24,FunBox2-8124,-50,1,2412,False,False
1778935712.0961308,management,beacon,d8:d7:75:45:81:24,ff:ff:ff:ff:ff:ff,ff:ff:ff:ff:ff:ff,d8:d7:75:45:81:24,d8:d7:75:45:81:24,FunBox2-8124,-49,1,2412,False,False
1778935712.0973072,control,ack,,50:02:91:e8:18:ec,50:02:91:e8:18:ec,,,,-48,1,2412,False,False
1778935712.1985478,management,beacon,d8:d7:75:45:81:24,ff:ff:ff:ff:ff:ff,ff:ff:ff:ff:ff:ff,d8:d7:75:45:81:24,d8:d7:75:45:81:24,FunBox2-8124,-46,1,2412,False,False
1778935712.2581763,data,null_data,50:02:91:e8:18:ec,d8:d7:75:45:81:24,d8:d7:75:45:81:24,50:02:91:e8:18:ec,d8:d7:75:45:81:24,,-86,1,2412,False,False
1778935712.2581885,control,ack,,50:02:91:e8:18:ec,50:02:91:e8:18:ec,,,,-47,1,2412,False,False
1778935712.300977,management,beacon,d8:d7:75:45:81:24,ff:ff:ff:ff:ff:ff,ff:ff:ff:ff:ff:ff,d8:d7:75:45:81:24,d8:d7:75:45:81:24,FunBox2-8124,-47,1,2412,False,False
1778935712.4033651,management,beacon,d8:d7:75:45:81:24,ff:ff:ff:ff:ff:ff,ff:ff:ff:ff:ff:ff,d8:d7:75:45:81:24,d8:d7:75:45:81:24,FunBox2-8124,-46,1,2412,False,False
1778935712.6081972,management,beacon,d8:d7:75:45:81:24,ff:ff:ff:ff:ff:ff,ff:ff:ff:ff:ff:ff,d8:d7:75:45:81:24,d8:d7:75:45:81:24,FunBox2-8124,-44,1,2412,False,False
1778935712.7105546,management,beacon,d8:d7:75:45:81:24,ff:ff:ff:ff:ff:ff,ff:ff:ff:ff:ff:ff,d8:d7:75:45:81:24,d8:d7:75:45:81:24,FunBox2-8124,-42,1,2412,False,False
1778935712.8130052,management,beacon,d8:d7:75:45:81:24,ff:ff:ff:ff:ff:ff,ff:ff:ff:ff:ff:ff,d8:d7:75:45:81:24,d8:d7:75:45:81:24,FunBox2-8124,-42,1,2412,False,False
1778935712.9153717,management,beacon,d8:d7:75:45:81:24,ff:ff:ff:ff:ff:ff,ff:ff:ff:ff:ff:ff,d8:d7:75:45:81:24,d8:d7:75:45:81:24,FunBox2-8124,-42,1,2412,False,False
1778935713.0177608,management,beacon,d8:d7:75:45:81:24,ff:ff:ff:ff:ff:ff,ff:ff:ff:ff:ff:ff,d8:d7:75:45:81:24,d8:d7:75:45:81:24,FunBox2-8124,-44,1,2412,False,False
1778935713.1202035,management,beacon,d8:d7:75:45:81:24,ff:ff:ff:ff:ff:ff,ff:ff:ff:ff:ff:ff,d8:d7:75:45:81:24,d8:d7:75:45:81:24,FunBox2-8124,-44,1,2412,False,False
1778935713.2226484,management,beacon,d8:d7:75:45:81:24,ff:ff:ff:ff:ff:ff,ff:ff:ff:ff:ff:ff,d8:d7:75:45:81:24,d8:d7:75:45:81:24,FunBox2-8124,-44,1,2412,False,False
1778935713.3250194,management,beacon,d8:d7:75:45:81:24,ff:ff:ff:ff:ff:ff,ff:ff:ff:ff:ff:ff,d8:d7:75:45:81:24,d8:d7:75:45:81:24,FunBox2-8124,-44,1,2412,False,False
1778935713.4274035,management,beacon,d8:d7:75:45:81:24,ff:ff:ff:ff:ff:ff,ff:ff:ff:ff:ff:ff,d8:d7:75:45:81:24,d8:d7:75:45:81:24,FunBox2-8124,-44,1,2412,False,False
1778935713.529831,management,beacon,d8:d7:75:45:81:24,ff:ff:ff:ff:ff:ff,ff:ff:ff:ff:ff:ff,d8:d7:75:45:81:24,d8:d7:75:45:81:24,FunBox2-8124,-47,1,2412,False,False
1778935713.6322217,management,beacon,d8:d7:75:45:81:24,ff:ff:ff:ff:ff:ff,ff:ff:ff:ff:ff:ff,d8:d7:75:45:81:24,d8:d7:75:45:81:24,FunBox2-8124,-48,1,2412,False,False
1778935713.6334693,data,null_data,50:02:91:e8:18:ec,d8:d7:75:45:81:24,d8:d7:75:45:81:24,50:02:91:e8:18:ec,d8:d7:75:45:81:24,,-83,1,2412,False,False
1778935713.6334767,control,ack,,50:02:91:e8:18:ec,50:02:91:e8:18:ec,,,,-46,1,2412,False,False
1778935713.734601,management,beacon,d8:d7:75:45:81:24,ff:ff:ff:ff:ff:ff,ff:ff:ff:ff:ff:ff,d8:d7:75:45:81:24,d8:d7:75:45:81:24,FunBox2-8124,-40,1,2412,False,False
1778935713.7943323,data,null_data,50:02:91:e8:18:ec,d8:d7:75:45:81:24,d8:d7:75:45:81:24,50:02:91:e8:18:ec,d8:d7:75:45:81:24,,-82,1,2412,False,False
1778935713.7943442,control,ack,,50:02:91:e8:18:ec,50:02:91:e8:18:ec,,,,-45,1,2412,False,False
1778935713.8369873,management,beacon,d8:d7:75:45:81:24,ff:ff:ff:ff:ff:ff,ff:ff:ff:ff:ff:ff,d8:d7:75:45:81:24,d8:d7:75:45:81:24,FunBox2-8124,-47,1,2412,False,False
1778935713.9394197,management,beacon,d8:d7:75:45:81:24,ff:ff:ff:ff:ff:ff,ff:ff:ff:ff:ff:ff,d8:d7:75:45:81:24,d8:d7:75:45:81:24,FunBox2-8124,-46,1,2412,False,False
1778935713.9408092,data,data,d8:d7:75:45:81:24,33:33:00:00:00:01,33:33:00:00:00:01,d8:d7:75:45:81:24,d8:d7:75:45:81:24,,-46,1,2412,True,False
1778935713.9413142,data,null_data,50:02:91:e8:18:ec,d8:d7:75:45:81:24,d8:d7:75:45:81:24,50:02:91:e8:18:ec,d8:d7:75:45:81:24,,-83,1,2412,False,False
1778935713.9413176,control,ack,,50:02:91:e8:18:ec,50:02:91:e8:18:ec,,,,-48,1,2412,False,False
1778935713.941319,data,null_data,50:02:91:e8:18:ec,d8:d7:75:45:81:24,d8:d7:75:45:81:24,50:02:91:e8:18:ec,d8:d7:75:45:81:24,,-82,1,2412,False,True
1778935713.94132,control,ack,,50:02:91:e8:18:ec,50:02:91:e8:18:ec,,,,-46,1,2412,False,False
1778935714.0418046,management,beacon,d8:d7:75:45:81:24,ff:ff:ff:ff:ff:ff,ff:ff:ff:ff:ff:ff,d8:d7:75:45:81:24,d8:d7:75:45:81:24,FunBox2-8124,-45,1,2412,False,False
1778935714.1021874,control,ack,,50:02:91:e8:18:ec,50:02:91:e8:18:ec,,,,-47,1,2412,False,False
1778935714.144236,management,beacon,d8:d7:75:45:81:24,ff:ff:ff:ff:ff:ff,ff:ff:ff:ff:ff:ff,d8:d7:75:45:81:24,d8:d7:75:45:81:24,FunBox2-8124,-47,1,2412,False,False
1778935714.2212172,management,beacon,ac:84:c6:41:71:22,ff:ff:ff:ff:ff:ff,ff:ff:ff:ff:ff:ff,ac:84:c6:41:71:22,ac:84:c6:41:71:22,TP-LINK_7122,-86,1,2412,False,False
1778935714.2466092,management,beacon,d8:d7:75:45:81:24,ff:ff:ff:ff:ff:ff,ff:ff:ff:ff:ff:ff,d8:d7:75:45:81:24,d8:d7:75:45:81:24,FunBox2-8124,-45,1,2412,False,False
1778935714.3490293,management,beacon,d8:d7:75:45:81:24,ff:ff:ff:ff:ff:ff,ff:ff:ff:ff:ff:ff,d8:d7:75:45:81:24,d8:d7:75:45:81:24,FunBox2-8124,-45,1,2412,False,False
1778935714.4514277,management,beacon,d8:d7:75:45:81:24,ff:ff:ff:ff:ff:ff,ff:ff:ff:ff:ff:ff,d8:d7:75:45:81:24,d8:d7:75:45:81:24,FunBox2-8124,-43,1,2412,False,False
1778935714.553848,management,beacon,d8:d7:75:45:81:24,ff:ff:ff:ff:ff:ff,ff:ff:ff:ff:ff:ff,d8:d7:75:45:81:24,d8:d7:75:45:81:24,FunBox2-8124,-47,1,2412,False,False
1778935714.5554605,data,data,d8:d7:75:45:81:24,01:00:5e:00:00:fb,01:00:5e:00:00:fb,d8:d7:75:45:81:24,8a:f4:af:eb:f3:fb,,-45,1,2412,True,False
1778935714.5559506,control,ack,,d8:d7:75:45:81:24,d8:d7:75:45:81:24,,,,-81,1,2412,False,False
1778935714.5559537,data,null_data,50:02:91:e8:18:ec,d8:d7:75:45:81:24,d8:d7:75:45:81:24,50:02:91:e8:18:ec,d8:d7:75:45:81:24,,-82,1,2412,False,False
1778935714.5559552,control,ack,,50:02:91:e8:18:ec,50:02:91:e8:18:ec,,,,-45,1,2412,False,False
1778935714.557596,data,data,d8:d7:75:45:81:24,33:33:00:00:00:fb,33:33:00:00:00:fb,d8:d7:75:45:81:24,8a:f4:af:eb:f3:fb,,-41,1,2412,True,False
1778935714.5579107,control,ack,,d8:d7:75:45:81:24,d8:d7:75:45:81:24,,,,-83,1,2412,False,False
1778935714.6562285,management,beacon,d8:d7:75:45:81:24,ff:ff:ff:ff:ff:ff,ff:ff:ff:ff:ff:ff,d8:d7:75:45:81:24,d8:d7:75:45:81:24,FunBox2-8124,-46,1,2412,False,False
1778935714.7183514,data,null_data,50:02:91:e8:18:ec,d8:d7:75:45:81:24,d8:d7:75:45:81:24,50:02:91:e8:18:ec,d8:d7:75:45:81:24,,-82,1,2412,False,False
1778935714.71836,control,ack,,50:02:91:e8:18:ec,50:02:91:e8:18:ec,,,,-48,1,2412,False,False
1778935714.7586432,management,beacon,d8:d7:75:45:81:24,ff:ff:ff:ff:ff:ff,ff:ff:ff:ff:ff:ff,d8:d7:75:45:81:24,d8:d7:75:45:81:24,FunBox2-8124,-46,1,2412,False,False
1778935714.861029,management,beacon,d8:d7:75:45:81:24,ff:ff:ff:ff:ff:ff,ff:ff:ff:ff:ff:ff,d8:d7:75:45:81:24,d8:d7:75:45:81:24,FunBox2-8124,-48,1,2412,False,False
1778935714.9634378,management,beacon,d8:d7:75:45:81:24,ff:ff:ff:ff:ff:ff,ff:ff:ff:ff:ff:ff,d8:d7:75:45:81:24,d8:d7:75:45:81:24,FunBox2-8124,-46,1,2412,False,False
1778935715.0658412,management,beacon,d8:d7:75:45:81:24,ff:ff:ff:ff:ff:ff,ff:ff:ff:ff:ff:ff,d8:d7:75:45:81:24,d8:d7:75:45:81:24,FunBox2-8124,-49,1,2412,False,False
1778935715.1682599,management,beacon,d8:d7:75:45:81:24,ff:ff:ff:ff:ff:ff,ff:ff:ff:ff:ff:ff,d8:d7:75:45:81:24,d8:d7:75:45:81:24,FunBox2-8124,-45,1,2412,False,False
1778935715.270688,management,beacon,d8:d7:75:45:81:24,ff:ff:ff:ff:ff:ff,ff:ff:ff:ff:ff:ff,d8:d7:75:45:81:24,d8:d7:75:45:81:24,FunBox2-8124,-45,1,2412,False,False
1778935715.3730469,management,beacon,d8:d7:75:45:81:24,ff:ff:ff:ff:ff:ff,ff:ff:ff:ff:ff:ff,d8:d7:75:45:81:24,d8:d7:75:45:81:24,FunBox2-8124,-46,1,2412,False,False
1778935715.383392,control,ack,,ce:d0:54:70:b1:b3,ce:d0:54:70:b1:b3,,,,-86,1,2412,False,False
1778935715.4754522,management,beacon,d8:d7:75:45:81:24,ff:ff:ff:ff:ff:ff,ff:ff:ff:ff:ff:ff,d8:d7:75:45:81:24,d8:d7:75:45:81:24,FunBox2-8124,-46,1,2412,False,False
1778935715.5778956,management,beacon,d8:d7:75:45:81:24,ff:ff:ff:ff:ff:ff,ff:ff:ff:ff:ff:ff,d8:d7:75:45:81:24,d8:d7:75:45:81:24,FunBox2-8124,-46,1,2412,False,False
1778935715.6802711,management,beacon,d8:d7:75:45:81:24,ff:ff:ff:ff:ff:ff,ff:ff:ff:ff:ff:ff,d8:d7:75:45:81:24,d8:d7:75:45:81:24,FunBox2-8124,-45,1,2412,False,False
1778935715.782686,management,beacon,d8:d7:75:45:81:24,ff:ff:ff:ff:ff:ff,ff:ff:ff:ff:ff:ff,d8:d7:75:45:81:24,d8:d7:75:45:81:24,FunBox2-8124,-43,1,2412,False,False
1778935715.83637,control,ack,,98:42:65:a1:04:0a,98:42:65:a1:04:0a,,,,-87,1,2412,False,False
1778935715.837897,control,block_ack,dc:a9:71:95:8d:5a,98:42:65:a1:04:0a,98:42:65:a1:04:0a,dc:a9:71:95:8d:5a,,,-85,1,2412,False,False
1778935715.8850737,management,beacon,d8:d7:75:45:81:24,ff:ff:ff:ff:ff:ff,ff:ff:ff:ff:ff:ff,d8:d7:75:45:81:24,d8:d7:75:45:81:24,FunBox2-8124,-43,1,2412,False,False
1778935715.9875083,management,beacon,d8:d7:75:45:81:24,ff:ff:ff:ff:ff:ff,ff:ff:ff:ff:ff:ff,d8:d7:75:45:81:24,d8:d7:75:45:81:24,FunBox2-8124,-46,1,2412,False,False
1778935716.0898802,management,beacon,d8:d7:75:45:81:24,ff:ff:ff:ff:ff:ff,ff:ff:ff:ff:ff:ff,d8:d7:75:45:81:24,d8:d7:75:45:81:24,FunBox2-8124,-45,1,2412,False,False
1778935716.192304,management,beacon,d8:d7:75:45:81:24,ff:ff:ff:ff:ff:ff,ff:ff:ff:ff:ff:ff,d8:d7:75:45:81:24,d8:d7:75:45:81:24,FunBox2-8124,-44,1,2412,False,False
1778935716.2947204,management,beacon,d8:d7:75:45:81:24,ff:ff:ff:ff:ff:ff,ff:ff:ff:ff:ff:ff,d8:d7:75:45:81:24,d8:d7:75:45:81:24,FunBox2-8124,-46,1,2412,False,False
1778935716.3971233,management,beacon,d8:d7:75:45:81:24,ff:ff:ff:ff:ff:ff,ff:ff:ff:ff:ff:ff,d8:d7:75:45:81:24,d8:d7:75:45:81:24,FunBox2-8124,-43,1,2412,False,False
1778935716.398311,data,null_data,50:02:91:e8:18:ec,d8:d7:75:45:81:24,d8:d7:75:45:81:24,50:02:91:e8:18:ec,d8:d7:75:45:81:24,,-84,1,2412,False,False
1778935716.398314,control,ack,,50:02:91:e8:18:ec,50:02:91:e8:18:ec,,,,-45,1,2412,False,False
1778935716.4856431,management,probe_request,76:ec:15:2f:3c:2d,ff:ff:ff:ff:ff:ff,ff:ff:ff:ff:ff:ff,76:ec:15:2f:3c:2d,ff:ff:ff:ff:ff:ff,<hidden>,-51,1,2412,False,False
1778935716.4994895,management,beacon,d8:d7:75:45:81:24,ff:ff:ff:ff:ff:ff,ff:ff:ff:ff:ff:ff,d8:d7:75:45:81:24,d8:d7:75:45:81:24,FunBox2-8124,-42,1,2412,False,False
1778935716.5405853,management,probe_request,2a:f8:9e:93:ca:9a,ff:ff:ff:ff:ff:ff,ff:ff:ff:ff:ff:ff,2a:f8:9e:93:ca:9a,ff:ff:ff:ff:ff:ff,<hidden>,-48,1,2412,False,False
1778935716.5438344,management,probe_response,d8:d7:75:45:81:24,2a:f8:9e:93:ca:9a,2a:f8:9e:93:ca:9a,d8:d7:75:45:81:24,d8:d7:75:45:81:24,FunBox2-8124,-44,1,2412,False,False
1778935716.5441127,control,ack,,d8:d7:75:45:81:24,d8:d7:75:45:81:24,,,,-49,1,2412,False,False
1778935716.554806,control,ack,,d8:d7:75:45:81:24,d8:d7:75:45:81:24,,,,-48,1,2412,False,False
1778935716.5585005,control,ack,,ac:84:c6:41:71:22,ac:84:c6:41:71:22,,,,-49,1,2412,False,False
1778935716.6019447,management,beacon,d8:d7:75:45:81:24,ff:ff:ff:ff:ff:ff,ff:ff:ff:ff:ff:ff,d8:d7:75:45:81:24,d8:d7:75:45:81:24,FunBox2-8124,-40,1,2412,False,False
1778935716.7043254,management,beacon,d8:d7:75:45:81:24,ff:ff:ff:ff:ff:ff,ff:ff:ff:ff:ff:ff,d8:d7:75:45:81:24,d8:d7:75:45:81:24,FunBox2-8124,-41,1,2412,False,False
1778935716.806744,management,beacon,d8:d7:75:45:81:24,ff:ff:ff:ff:ff:ff,ff:ff:ff:ff:ff:ff,d8:d7:75:45:81:24,d8:d7:75:45:81:24,FunBox2-8124,-41,1,2412,False,False
1778935716.9091287,management,beacon,d8:d7:75:45:81:24,ff:ff:ff:ff:ff:ff,ff:ff:ff:ff:ff:ff,d8:d7:75:45:81:24,d8:d7:75:45:81:24,FunBox2-8124,-43,1,2412,False,False
1778935717.011543,management,beacon,d8:d7:75:45:81:24,ff:ff:ff:ff:ff:ff,ff:ff:ff:ff:ff:ff,d8:d7:75:45:81:24,d8:d7:75:45:81:24,FunBox2-8124,-42,1,2412,False,False
1778935717.1139514,management,beacon,d8:d7:75:45:81:24,ff:ff:ff:ff:ff:ff,ff:ff:ff:ff:ff:ff,d8:d7:75:45:81:24,d8:d7:75:45:81:24,FunBox2-8124,-41,1,2412,False,False
1778935717.2163107,management,beacon,d8:d7:75:45:81:24,ff:ff:ff:ff:ff:ff,ff:ff:ff:ff:ff:ff,d8:d7:75:45:81:24,d8:d7:75:45:81:24,FunBox2-8124,-42,1,2412,False,False
1778935717.318732,management,beacon,d8:d7:75:45:81:24,ff:ff:ff:ff:ff:ff,ff:ff:ff:ff:ff:ff,d8:d7:75:45:81:24,d8:d7:75:45:81:24,FunBox2-8124,-44,1,2412,False,False
1778935717.4211729,management,beacon,d8:d7:75:45:81:24,ff:ff:ff:ff:ff:ff,ff:ff:ff:ff:ff:ff,d8:d7:75:45:81:24,d8:d7:75:45:81:24,FunBox2-8124,-44,1,2412,False,False
1778935717.52353,management,beacon,d8:d7:75:45:81:24,ff:ff:ff:ff:ff:ff,ff:ff:ff:ff:ff:ff,d8:d7:75:45:81:24,d8:d7:75:45:81:24,FunBox2-8124,-47,1,2412,False,False
1778935717.6267772,data,data,d8:d7:75:45:81:24,ff:ff:ff:ff:ff:ff,ff:ff:ff:ff:ff:ff,d8:d7:75:45:81:24,d8:d7:75:45:81:24,,-51,1,2412,True,False
1778935717.627098,control,ack,,d8:d7:75:45:81:24,d8:d7:75:45:81:24,,,,-85,1,2412,False,False
1778935717.627436,control,ack,,50:02:91:e8:18:ec,50:02:91:e8:18:ec,,,,-51,1,2412,False,False
1778935717.6285796,data,data,d8:d7:75:45:81:24,ff:ff:ff:ff:ff:ff,ff:ff:ff:ff:ff:ff,d8:d7:75:45:81:24,d8:d7:75:45:81:24,,-47,1,2412,True,False
1778935717.6288984,control,ack,,d8:d7:75:45:81:24,d8:d7:75:45:81:24,,,,-83,1,2412,False,False
1778935717.7283318,management,beacon,d8:d7:75:45:81:24,ff:ff:ff:ff:ff:ff,ff:ff:ff:ff:ff:ff,d8:d7:75:45:81:24,d8:d7:75:45:81:24,FunBox2-8124,-56,1,2412,False,False
1778935717.7893336,data,null_data,50:02:91:e8:18:ec,d8:d7:75:45:81:24,d8:d7:75:45:81:24,50:02:91:e8:18:ec,d8:d7:75:45:81:24,,-84,1,2412,False,False
1778935717.7893429,control,ack,,50:02:91:e8:18:ec,50:02:91:e8:18:ec,,,,-53,1,2412,False,False
1778935717.8307855,management,beacon,d8:d7:75:45:81:24,ff:ff:ff:ff:ff:ff,ff:ff:ff:ff:ff:ff,d8:d7:75:45:81:24,d8:d7:75:45:81:24,FunBox2-8124,-52,1,2412,False,False
1778935717.9331636,management,beacon,d8:d7:75:45:81:24,ff:ff:ff:ff:ff:ff,ff:ff:ff:ff:ff:ff,d8:d7:75:45:81:24,d8:d7:75:45:81:24,FunBox2-8124,-59,1,2412,False,False
1778935718.035539,management,beacon,d8:d7:75:45:81:24,ff:ff:ff:ff:ff:ff,ff:ff:ff:ff:ff:ff,d8:d7:75:45:81:24,d8:d7:75:45:81:24,FunBox2-8124,-51,1,2412,False,False
1778935718.1379411,management,beacon,d8:d7:75:45:81:24,ff:ff:ff:ff:ff:ff,ff:ff:ff:ff:ff:ff,d8:d7:75:45:81:24,d8:d7:75:45:81:24,FunBox2-8124,-58,1,2412,False,False
1778935718.240347,management,beacon,d8:d7:75:45:81:24,ff:ff:ff:ff:ff:ff,ff:ff:ff:ff:ff:ff,d8:d7:75:45:81:24,d8:d7:75:45:81:24,FunBox2-8124,-51,1,2412,False,False
1778935718.3428147,management,beacon,d8:d7:75:45:81:24,ff:ff:ff:ff:ff:ff,ff:ff:ff:ff:ff:ff,d8:d7:75:45:81:24,d8:d7:75:45:81:24,FunBox2-8124,-54,1,2412,False,False
1778935718.4451802,management,beacon,d8:d7:75:45:81:24,ff:ff:ff:ff:ff:ff,ff:ff:ff:ff:ff:ff,d8:d7:75:45:81:24,d8:d7:75:45:81:24,FunBox2-8124,-53,1,2412,False,False
1778935718.5475569,management,beacon,d8:d7:75:45:81:24,ff:ff:ff:ff:ff:ff,ff:ff:ff:ff:ff:ff,d8:d7:75:45:81:24,d8:d7:75:45:81:24,FunBox2-8124,-57,1,2412,False,False
1778935718.649996,management,beacon,d8:d7:75:45:81:24,ff:ff:ff:ff:ff:ff,ff:ff:ff:ff:ff:ff,d8:d7:75:45:81:24,d8:d7:75:45:81:24,FunBox2-8124,-58,1,2412,False,False
1778935718.7523742,management,beacon,d8:d7:75:45:81:24,ff:ff:ff:ff:ff:ff,ff:ff:ff:ff:ff:ff,d8:d7:75:45:81:24,d8:d7:75:45:81:24,FunBox2-8124,-58,1,2412,False,False
1778935718.854775,management,beacon,d8:d7:75:45:81:24,ff:ff:ff:ff:ff:ff,ff:ff:ff:ff:ff:ff,d8:d7:75:45:81:24,d8:d7:75:45:81:24,FunBox2-8124,-52,1,2412,False,False
1778935719.0606425,management,beacon,d8:d7:75:45:81:24,ff:ff:ff:ff:ff:ff,ff:ff:ff:ff:ff:ff,d8:d7:75:45:81:24,d8:d7:75:45:81:24,FunBox2-8124,-45,1,2412,False,False
1778935719.1619983,management,beacon,d8:d7:75:45:81:24,ff:ff:ff:ff:ff:ff,ff:ff:ff:ff:ff:ff,d8:d7:75:45:81:24,d8:d7:75:45:81:24,FunBox2-8124,-52,1,2412,False,False
1778935719.1976118,data,null_data,50:02:91:e8:18:ec,d8:d7:75:45:81:24,d8:d7:75:45:81:24,50:02:91:e8:18:ec,d8:d7:75:45:81:24,,-81,1,2412,False,False
1778935719.1976285,control,ack,,50:02:91:e8:18:ec,50:02:91:e8:18:ec,,,,-52,1,2412,False,False
1778935719.2668657,management,beacon,d8:d7:75:45:81:24,ff:ff:ff:ff:ff:ff,ff:ff:ff:ff:ff:ff,d8:d7:75:45:81:24,d8:d7:75:45:81:24,FunBox2-8124,-51,1,2412,False,False
1778935719.3584628,data,null_data,50:02:91:e8:18:ec,d8:d7:75:45:81:24,d8:d7:75:45:81:24,50:02:91:e8:18:ec,d8:d7:75:45:81:24,,-82,1,2412,False,False
1778935719.3584733,control,ack,,50:02:91:e8:18:ec,50:02:91:e8:18:ec,,,,-55,1,2412,False,False
1778935719.3668373,management,beacon,d8:d7:75:45:81:24,ff:ff:ff:ff:ff:ff,ff:ff:ff:ff:ff:ff,d8:d7:75:45:81:24,d8:d7:75:45:81:24,FunBox2-8124,-46,1,2412,False,False
1778935719.4696896,management,beacon,d8:d7:75:45:81:24,ff:ff:ff:ff:ff:ff,ff:ff:ff:ff:ff:ff,d8:d7:75:45:81:24,d8:d7:75:45:81:24,FunBox2-8124,-44,1,2412,False,False
1778935719.4711576,data,data,d8:d7:75:45:81:24,33:33:00:00:00:01,33:33:00:00:00:01,d8:d7:75:45:81:24,d8:d7:75:45:81:24,,-42,1,2412,True,False
1778935719.471651,control,ack,,d8:d7:75:45:81:24,d8:d7:75:45:81:24,,,,-82,1,2412,False,False
1778935719.4716547,data,null_data,50:02:91:e8:18:ec,d8:d7:75:45:81:24,d8:d7:75:45:81:24,50:02:91:e8:18:ec,d8:d7:75:45:81:24,,-82,1,2412,False,False
1778935719.471656,control,ack,,50:02:91:e8:18:ec,50:02:91:e8:18:ec,,,,-46,1,2412,False,False
1778935719.5716505,management,beacon,d8:d7:75:45:81:24,ff:ff:ff:ff:ff:ff,ff:ff:ff:ff:ff:ff,d8:d7:75:45:81:24,d8:d7:75:45:81:24,FunBox2-8124,-54,1,2412,False,False
1778935719.6325355,data,null_data,50:02:91:e8:18:ec,d8:d7:75:45:81:24,d8:d7:75:45:81:24,50:02:91:e8:18:ec,d8:d7:75:45:81:24,,-82,1,2412,False,False
1778935719.6325436,control,ack,,50:02:91:e8:18:ec,50:02:91:e8:18:ec,,,,-56,1,2412,False,False
1778935719.6740055,management,beacon,d8:d7:75:45:81:24,ff:ff:ff:ff:ff:ff,ff:ff:ff:ff:ff:ff,d8:d7:75:45:81:24,d8:d7:75:45:81:24,FunBox2-8124,-57,1,2412,False,False
1778935719.7765045,management,beacon,d8:d7:75:45:81:24,ff:ff:ff:ff:ff:ff,ff:ff:ff:ff:ff:ff,d8:d7:75:45:81:24,d8:d7:75:45:81:24,FunBox2-8124,-55,1,2412,False,False
1778935719.8788135,management,beacon,d8:d7:75:45:81:24,ff:ff:ff:ff:ff:ff,ff:ff:ff:ff:ff:ff,d8:d7:75:45:81:24,d8:d7:75:45:81:24,FunBox2-8124,-50,1,2412,False,False
1778935720.0836449,management,beacon,d8:d7:75:45:81:24,ff:ff:ff:ff:ff:ff,ff:ff:ff:ff:ff:ff,d8:d7:75:45:81:24,d8:d7:75:45:81:24,FunBox2-8124,-57,1,2412,False,False
1778935720.1860142,management,beacon,d8:d7:75:45:81:24,ff:ff:ff:ff:ff:ff,ff:ff:ff:ff:ff:ff,d8:d7:75:45:81:24,d8:d7:75:45:81:24,FunBox2-8124,-54,1,2412,False,False
1778935720.2884383,management,beacon,d8:d7:75:45:81:24,ff:ff:ff:ff:ff:ff,ff:ff:ff:ff:ff:ff,d8:d7:75:45:81:24,d8:d7:75:45:81:24,FunBox2-8124,-53,1,2412,False,False
1778935720.3908749,management,beacon,d8:d7:75:45:81:24,ff:ff:ff:ff:ff:ff,ff:ff:ff:ff:ff:ff,d8:d7:75:45:81:24,d8:d7:75:45:81:24,FunBox2-8124,-52,1,2412,False,False
1778935720.5956523,management,beacon,d8:d7:75:45:81:24,ff:ff:ff:ff:ff:ff,ff:ff:ff:ff:ff:ff,d8:d7:75:45:81:24,d8:d7:75:45:81:24,FunBox2-8124,-54,1,2412,False,False
1778935720.6980925,management,beacon,d8:d7:75:45:81:24,ff:ff:ff:ff:ff:ff,ff:ff:ff:ff:ff:ff,d8:d7:75:45:81:24,d8:d7:75:45:81:24,FunBox2-8124,-52,1,2412,False,False
1778935720.8005009,management,beacon,d8:d7:75:45:81:24,ff:ff:ff:ff:ff:ff,ff:ff:ff:ff:ff:ff,d8:d7:75:45:81:24,d8:d7:75:45:81:24,FunBox2-8124,-54,1,2412,False,False
1778935720.902879,management,beacon,d8:d7:75:45:81:24,ff:ff:ff:ff:ff:ff,ff:ff:ff:ff:ff:ff,d8:d7:75:45:81:24,d8:d7:75:45:81:24,FunBox2-8124,-52,1,2412,False,False
1778935721.1076796,management,beacon,d8:d7:75:45:81:24,ff:ff:ff:ff:ff:ff,ff:ff:ff:ff:ff:ff,d8:d7:75:45:81:24,d8:d7:75:45:81:24,FunBox2-8124,-52,1,2412,False,False
1778935721.210054,management,beacon,d8:d7:75:45:81:24,ff:ff:ff:ff:ff:ff,ff:ff:ff:ff:ff:ff,d8:d7:75:45:81:24,d8:d7:75:45:81:24,FunBox2-8124,-57,1,2412,False,False
1778935721.3124673,management,beacon,d8:d7:75:45:81:24,ff:ff:ff:ff:ff:ff,ff:ff:ff:ff:ff:ff,d8:d7:75:45:81:24,d8:d7:75:45:81:24,FunBox2-8124,-55,1,2412,False,False
1778935721.3137348,data,null_data,50:02:91:e8:18:ec,d8:d7:75:45:81:24,d8:d7:75:45:81:24,50:02:91:e8:18:ec,d8:d7:75:45:81:24,,-84,1,2412,False,False
1778935721.3137374,control,ack,,50:02:91:e8:18:ec,50:02:91:e8:18:ec,,,,-51,1,2412,False,False
1778935721.4748569,data,null_data,50:02:91:e8:18:ec,d8:d7:75:45:81:24,d8:d7:75:45:81:24,50:02:91:e8:18:ec,d8:d7:75:45:81:24,,-87,1,2412,False,False
1778935721.4748669,control,ack,,50:02:91:e8:18:ec,50:02:91:e8:18:ec,,,,-53,1,2412,False,False
1778935721.619701,management,beacon,d8:d7:75:45:81:24,ff:ff:ff:ff:ff:ff,ff:ff:ff:ff:ff:ff,d8:d7:75:45:81:24,d8:d7:75:45:81:24,FunBox2-8124,-54,1,2412,False,False
1778935721.6212409,data,data,d8:d7:75:45:81:24,33:33:ff:19:75:72,33:33:ff:19:75:72,d8:d7:75:45:81:24,d8:d7:75:45:81:24,,-54,1,2412,True,False
1778935721.6218348,data,null_data,50:02:91:e8:18:ec,d8:d7:75:45:81:24,d8:d7:75:45:81:24,50:02:91:e8:18:ec,d8:d7:75:45:81:24,,-83,1,2412,False,False
1778935721.6218376,control,ack,,50:02:91:e8:18:ec,50:02:91:e8:18:ec,,,,-54,1,2412,False,False
1778935721.722127,management,beacon,d8:d7:75:45:81:24,ff:ff:ff:ff:ff:ff,ff:ff:ff:ff:ff:ff,d8:d7:75:45:81:24,d8:d7:75:45:81:24,FunBox2-8124,-60,1,2412,False,False
1778935721.7827234,data,null_data,50:02:91:e8:18:ec,d8:d7:75:45:81:24,d8:d7:75:45:81:24,50:02:91:e8:18:ec,d8:d7:75:45:81:24,,-87,1,2412,False,False
1778935721.7827356,control,ack,,50:02:91:e8:18:ec,50:02:91:e8:18:ec,,,,-57,1,2412,False,False
1778935721.8245056,management,beacon,d8:d7:75:45:81:24,ff:ff:ff:ff:ff:ff,ff:ff:ff:ff:ff:ff,d8:d7:75:45:81:24,d8:d7:75:45:81:24,FunBox2-8124,-47,1,2412,False,False
1778935721.926888,management,beacon,d8:d7:75:45:81:24,ff:ff:ff:ff:ff:ff,ff:ff:ff:ff:ff:ff,d8:d7:75:45:81:24,d8:d7:75:45:81:24,FunBox2-8124,-48,1,2412,False,False
1778935722.1316948,management,beacon,d8:d7:75:45:81:24,ff:ff:ff:ff:ff:ff,ff:ff:ff:ff:ff:ff,d8:d7:75:45:81:24,d8:d7:75:45:81:24,FunBox2-8124,-51,1,2412,False,False
1778935722.2341187,management,beacon,d8:d7:75:45:81:24,ff:ff:ff:ff:ff:ff,ff:ff:ff:ff:ff:ff,d8:d7:75:45:81:24,d8:d7:75:45:81:24,FunBox2-8124,-52,1,2412,False,False
1778935722.336511,management,beacon,d8:d7:75:45:81:24,ff:ff:ff:ff:ff:ff,ff:ff:ff:ff:ff:ff,d8:d7:75:45:81:24,d8:d7:75:45:81:24,FunBox2-8124,-52,1,2412,False,False
1778935722.438918,management,beacon,d8:d7:75:45:81:24,ff:ff:ff:ff:ff:ff,ff:ff:ff:ff:ff:ff,d8:d7:75:45:81:24,d8:d7:75:45:81:24,FunBox2-8124,-49,1,2412,False,False
1778935722.6437578,management,beacon,d8:d7:75:45:81:24,ff:ff:ff:ff:ff:ff,ff:ff:ff:ff:ff:ff,d8:d7:75:45:81:24,d8:d7:75:45:81:24,FunBox2-8124,-53,1,2412,False,False
1778935722.7461245,management,beacon,d8:d7:75:45:81:24,ff:ff:ff:ff:ff:ff,ff:ff:ff:ff:ff:ff,d8:d7:75:45:81:24,d8:d7:75:45:81:24,FunBox2-8124,-52,1,2412,False,False
1778935722.8485687,management,beacon,d8:d7:75:45:81:24,ff:ff:ff:ff:ff:ff,ff:ff:ff:ff:ff:ff,d8:d7:75:45:81:24,d8:d7:75:45:81:24,FunBox2-8124,-48,1,2412,False,False
1778935722.850492,data,data,d8:d7:75:45:81:24,33:33:00:00:00:01,33:33:00:00:00:01,d8:d7:75:45:81:24,d8:d7:75:45:81:24,,-48,1,2412,True,False
1778935722.8509996,control,ack,,d8:d7:75:45:81:24,d8:d7:75:45:81:24,,,,-83,1,2412,False,False
1778935722.8510032,data,null_data,50:02:91:e8:18:ec,d8:d7:75:45:81:24,d8:d7:75:45:81:24,50:02:91:e8:18:ec,d8:d7:75:45:81:24,,-83,1,2412,False,False
1778935722.8510048,control,ack,,50:02:91:e8:18:ec,50:02:91:e8:18:ec,,,,-45,1,2412,False,False
1778935722.8525112,data,data,d8:d7:75:45:81:24,33:33:00:00:00:16,33:33:00:00:00:16,d8:d7:75:45:81:24,a8:5e:45:c6:9f:b7,,-44,1,2412,True,False
1778935722.8527975,control,ack,,d8:d7:75:45:81:24,d8:d7:75:45:81:24,,,,-82,1,2412,False,False
1778935722.8543224,data,data,d8:d7:75:45:81:24,33:33:ff:19:75:72,33:33:ff:19:75:72,d8:d7:75:45:81:24,d8:d7:75:45:81:24,,-44,1,2412,True,False
1778935722.8546622,control,ack,,d8:d7:75:45:81:24,d8:d7:75:45:81:24,,,,-83,1,2412,False,False
1778935722.856146,data,data,d8:d7:75:45:81:24,33:33:00:00:00:16,33:33:00:00:00:16,d8:d7:75:45:81:24,a8:5e:45:c6:9f:b7,,-45,1,2412,True,False
1778935722.8564515,control,ack,,d8:d7:75:45:81:24,d8:d7:75:45:81:24,,,,-83,1,2412,False,False
1778935722.8580487,data,data,d8:d7:75:45:81:24,33:33:00:00:00:01,33:33:00:00:00:01,d8:d7:75:45:81:24,d8:d7:75:45:81:24,,-44,1,2412,True,False
1778935722.8583636,control,ack,,d8:d7:75:45:81:24,d8:d7:75:45:81:24,,,,-84,1,2412,False,False
1778935722.948909,data,data,d8:d7:75:45:81:24,33:33:00:00:00:02,33:33:00:00:00:02,d8:d7:75:45:81:24,a8:5e:45:c6:9f:b7,,-46,1,2412,True,False
1778935722.9519324,management,beacon,d8:d7:75:45:81:24,ff:ff:ff:ff:ff:ff,ff:ff:ff:ff:ff:ff,d8:d7:75:45:81:24,d8:d7:75:45:81:24,FunBox2-8124,-43,1,2412,False,False
1778935723.0657926,control,cts,,ce:d0:54:70:b1:b3,ce:d0:54:70:b1:b3,,,,-85,1,2412,False,False
1778935723.086912,control,cts,,ce:d0:54:70:b1:b3,ce:d0:54:70:b1:b3,,,,-86,1,2412,False,False
1778935723.1098328,data,null_data,50:02:91:e8:18:ec,d8:d7:75:45:81:24,d8:d7:75:45:81:24,50:02:91:e8:18:ec,d8:d7:75:45:81:24,,-81,1,2412,False,False
1778935723.1098506,data,null_data,50:02:91:e8:18:ec,d8:d7:75:45:81:24,d8:d7:75:45:81:24,50:02:91:e8:18:ec,d8:d7:75:45:81:24,,-84,1,2412,False,True
1778935723.1101303,data,null_data,50:02:91:e8:18:ec,d8:d7:75:45:81:24,d8:d7:75:45:81:24,50:02:91:e8:18:ec,d8:d7:75:45:81:24,,-80,1,2412,False,True
1778935723.1104736,data,null_data,50:02:91:e8:18:ec,d8:d7:75:45:81:24,d8:d7:75:45:81:24,50:02:91:e8:18:ec,d8:d7:75:45:81:24,,-82,1,2412,False,True
1778935723.1110492,data,null_data,50:02:91:e8:18:ec,d8:d7:75:45:81:24,d8:d7:75:45:81:24,50:02:91:e8:18:ec,d8:d7:75:45:81:24,,-81,1,2412,False,True
1778935723.111615,data,null_data,50:02:91:e8:18:ec,d8:d7:75:45:81:24,d8:d7:75:45:81:24,50:02:91:e8:18:ec,d8:d7:75:45:81:24,,-82,1,2412,False,True
1778935723.1121855,data,null_data,50:02:91:e8:18:ec,d8:d7:75:45:81:24,d8:d7:75:45:81:24,50:02:91:e8:18:ec,d8:d7:75:45:81:24,,-82,1,2412,False,True
1778935723.112502,control,ack,,50:02:91:e8:18:ec,50:02:91:e8:18:ec,,,,-53,1,2412,False,False
1778935723.1245804,management,beacon,ac:84:c6:41:71:22,ff:ff:ff:ff:ff:ff,ff:ff:ff:ff:ff:ff,ac:84:c6:41:71:22,ac:84:c6:41:71:22,TP-LINK_7122,-86,1,2412,False,False
1778935723.1557336,management,beacon,d8:d7:75:45:81:24,ff:ff:ff:ff:ff:ff,ff:ff:ff:ff:ff:ff,d8:d7:75:45:81:24,d8:d7:75:45:81:24,FunBox2-8124,-54,1,2412,False,False
1778935723.258167,management,beacon,d8:d7:75:45:81:24,ff:ff:ff:ff:ff:ff,ff:ff:ff:ff:ff:ff,d8:d7:75:45:81:24,d8:d7:75:45:81:24,FunBox2-8124,-54,1,2412,False,False
1778935723.3605475,management,beacon,d8:d7:75:45:81:24,ff:ff:ff:ff:ff:ff,ff:ff:ff:ff:ff:ff,d8:d7:75:45:81:24,d8:d7:75:45:81:24,FunBox2-8124,-52,1,2412,False,False
1778935723.463001,management,beacon,d8:d7:75:45:81:24,ff:ff:ff:ff:ff:ff,ff:ff:ff:ff:ff:ff,d8:d7:75:45:81:24,d8:d7:75:45:81:24,FunBox2-8124,-59,1,2412,False,False
1778935723.4646416,data,data,d8:d7:75:45:81:24,01:00:5e:00:00:fb,01:00:5e:00:00:fb,d8:d7:75:45:81:24,8a:f4:af:eb:f3:fb,,-57,1,2412,True,False
1778935723.4651072,data,null_data,50:02:91:e8:18:ec,d8:d7:75:45:81:24,d8:d7:75:45:81:24,50:02:91:e8:18:ec,d8:d7:75:45:81:24,,-85,1,2412,False,False
1778935723.4651093,control,ack,,50:02:91:e8:18:ec,50:02:91:e8:18:ec,,,,-47,1,2412,False,False
1778935723.4669409,data,data,d8:d7:75:45:81:24,33:33:00:00:00:fb,33:33:00:00:00:fb,d8:d7:75:45:81:24,8a:f4:af:eb:f3:fb,,-49,1,2412,True,False
1778935723.4672487,control,ack,,d8:d7:75:45:81:24,d8:d7:75:45:81:24,,,,-83,1,2412,False,False
1778935723.6276891,data,null_data,50:02:91:e8:18:ec,d8:d7:75:45:81:24,d8:d7:75:45:81:24,50:02:91:e8:18:ec,d8:d7:75:45:81:24,,-83,1,2412,False,False
1778935723.6277077,control,ack,,50:02:91:e8:18:ec,50:02:91:e8:18:ec,,,,-52,1,2412,False,False
1778935723.6678147,management,beacon,d8:d7:75:45:81:24,ff:ff:ff:ff:ff:ff,ff:ff:ff:ff:ff:ff,d8:d7:75:45:81:24,d8:d7:75:45:81:24,FunBox2-8124,-48,1,2412,False,False
1778935723.7702017,management,beacon,d8:d7:75:45:81:24,ff:ff:ff:ff:ff:ff,ff:ff:ff:ff:ff:ff,d8:d7:75:45:81:24,d8:d7:75:45:81:24,FunBox2-8124,-50,1,2412,False,False
1778935723.8726118,management,beacon,d8:d7:75:45:81:24,ff:ff:ff:ff:ff:ff,ff:ff:ff:ff:ff:ff,d8:d7:75:45:81:24,d8:d7:75:45:81:24,FunBox2-8124,-49,1,2412,False,False
1778935723.9750125,management,beacon,d8:d7:75:45:81:24,ff:ff:ff:ff:ff:ff,ff:ff:ff:ff:ff:ff,d8:d7:75:45:81:24,d8:d7:75:45:81:24,FunBox2-8124,-49,1,2412,False,False
1778935724.179838,management,beacon,d8:d7:75:45:81:24,ff:ff:ff:ff:ff:ff,ff:ff:ff:ff:ff:ff,d8:d7:75:45:81:24,d8:d7:75:45:81:24,FunBox2-8124,-46,1,2412,False,False
1778935724.2822235,management,beacon,d8:d7:75:45:81:24,ff:ff:ff:ff:ff:ff,ff:ff:ff:ff:ff:ff,d8:d7:75:45:81:24,d8:d7:75:45:81:24,FunBox2-8124,-48,1,2412,False,False
1778935724.3845956,management,beacon,d8:d7:75:45:81:24,ff:ff:ff:ff:ff:ff,ff:ff:ff:ff:ff:ff,d8:d7:75:45:81:24,d8:d7:75:45:81:24,FunBox2-8124,-49,1,2412,False,False
1778935724.4870334,management,beacon,d8:d7:75:45:81:24,ff:ff:ff:ff:ff:ff,ff:ff:ff:ff:ff:ff,d8:d7:75:45:81:24,d8:d7:75:45:81:24,FunBox2-8124,-49,1,2412,False,False
1778935724.5893805,management,beacon,d8:d7:75:45:81:24,ff:ff:ff:ff:ff:ff,ff:ff:ff:ff:ff:ff,d8:d7:75:45:81:24,d8:d7:75:45:81:24,FunBox2-8124,-47,1,2412,False,False
1778935724.691831,management,beacon,d8:d7:75:45:81:24,ff:ff:ff:ff:ff:ff,ff:ff:ff:ff:ff:ff,d8:d7:75:45:81:24,d8:d7:75:45:81:24,FunBox2-8124,-51,1,2412,False,False
1778935724.7941942,management,beacon,d8:d7:75:45:81:24,ff:ff:ff:ff:ff:ff,ff:ff:ff:ff:ff:ff,d8:d7:75:45:81:24,d8:d7:75:45:81:24,FunBox2-8124,-52,1,2412,False,False
1778935724.8966486,management,beacon,d8:d7:75:45:81:24,ff:ff:ff:ff:ff:ff,ff:ff:ff:ff:ff:ff,d8:d7:75:45:81:24,d8:d7:75:45:81:24,FunBox2-8124,-53,1,2412,False,False
1778935724.999041,management,beacon,d8:d7:75:45:81:24,ff:ff:ff:ff:ff:ff,ff:ff:ff:ff:ff:ff,d8:d7:75:45:81:24,d8:d7:75:45:81:24,FunBox2-8124,-50,1,2412,False,False
1778935725.1014156,management,beacon,d8:d7:75:45:81:24,ff:ff:ff:ff:ff:ff,ff:ff:ff:ff:ff:ff,d8:d7:75:45:81:24,d8:d7:75:45:81:24,FunBox2-8124,-48,1,2412,False,False
1778935725.203848,management,beacon,d8:d7:75:45:81:24,ff:ff:ff:ff:ff:ff,ff:ff:ff:ff:ff:ff,d8:d7:75:45:81:24,d8:d7:75:45:81:24,FunBox2-8124,-47,1,2412,False,False
1778935725.3062196,management,beacon,d8:d7:75:45:81:24,ff:ff:ff:ff:ff:ff,ff:ff:ff:ff:ff:ff,d8:d7:75:45:81:24,d8:d7:75:45:81:24,FunBox2-8124,-48,1,2412,False,False
1778935725.3073916,control,ack,,50:02:91:e8:18:ec,50:02:91:e8:18:ec,,,,-46,1,2412,False,False
1778935725.4086742,management,beacon,d8:d7:75:45:81:24,ff:ff:ff:ff:ff:ff,ff:ff:ff:ff:ff:ff,d8:d7:75:45:81:24,d8:d7:75:45:81:24,FunBox2-8124,-45,1,2412,False,False
1778935725.468257,data,null_data,50:02:91:e8:18:ec,d8:d7:75:45:81:24,d8:d7:75:45:81:24,50:02:91:e8:18:ec,d8:d7:75:45:81:24,,-82,1,2412,False,False
1778935725.4682658,control,ack,,50:02:91:e8:18:ec,50:02:91:e8:18:ec,,,,-45,1,2412,False,False
1778935725.5110312,management,beacon,d8:d7:75:45:81:24,ff:ff:ff:ff:ff:ff,ff:ff:ff:ff:ff:ff,d8:d7:75:45:81:24,d8:d7:75:45:81:24,FunBox2-8124,-44,1,2412,False,False
1778935725.6134198,management,beacon,d8:d7:75:45:81:24,ff:ff:ff:ff:ff:ff,ff:ff:ff:ff:ff:ff,d8:d7:75:45:81:24,d8:d7:75:45:81:24,FunBox2-8124,-45,1,2412,False,False
1778935725.7158349,management,beacon,d8:d7:75:45:81:24,ff:ff:ff:ff:ff:ff,ff:ff:ff:ff:ff:ff,d8:d7:75:45:81:24,d8:d7:75:45:81:24,FunBox2-8124,-43,1,2412,False,False
1778935725.8182352,management,beacon,d8:d7:75:45:81:24,ff:ff:ff:ff:ff:ff,ff:ff:ff:ff:ff:ff,d8:d7:75:45:81:24,d8:d7:75:45:81:24,FunBox2-8124,-46,1,2412,False,False
1778935725.9206626,management,beacon,d8:d7:75:45:81:24,ff:ff:ff:ff:ff:ff,ff:ff:ff:ff:ff:ff,d8:d7:75:45:81:24,d8:d7:75:45:81:24,FunBox2-8124,-45,1,2412,False,False
1778935725.9226098,data,data,d8:d7:75:45:81:24,33:33:00:00:00:01,33:33:00:00:00:01,d8:d7:75:45:81:24,d8:d7:75:45:81:24,,-44,1,2412,True,False
1778935725.9229145,control,ack,,d8:d7:75:45:81:24,d8:d7:75:45:81:24,,,,-85,1,2412,False,False
1778935725.9246235,data,data,d8:d7:75:45:81:24,33:33:00:00:00:16,33:33:00:00:00:16,d8:d7:75:45:81:24,a8:5e:45:c6:9f:b7,,-43,1,2412,True,False
1778935725.9249375,control,ack,,d8:d7:75:45:81:24,d8:d7:75:45:81:24,,,,-86,1,2412,False,False
1778935726.0230508,management,beacon,d8:d7:75:45:81:24,ff:ff:ff:ff:ff:ff,ff:ff:ff:ff:ff:ff,d8:d7:75:45:81:24,d8:d7:75:45:81:24,FunBox2-8124,-44,1,2412,False,False
1778935726.1254654,management,beacon,d8:d7:75:45:81:24,ff:ff:ff:ff:ff:ff,ff:ff:ff:ff:ff:ff,d8:d7:75:45:81:24,d8:d7:75:45:81:24,FunBox2-8124,-45,1,2412,False,False
1778935726.2278776,management,beacon,d8:d7:75:45:81:24,ff:ff:ff:ff:ff:ff,ff:ff:ff:ff:ff:ff,d8:d7:75:45:81:24,d8:d7:75:45:81:24,FunBox2-8124,-44,1,2412,False,False
1778935726.3302546,management,beacon,d8:d7:75:45:81:24,ff:ff:ff:ff:ff:ff,ff:ff:ff:ff:ff:ff,d8:d7:75:45:81:24,d8:d7:75:45:81:24,FunBox2-8124,-45,1,2412,False,False
1778935726.432689,management,beacon,d8:d7:75:45:81:24,ff:ff:ff:ff:ff:ff,ff:ff:ff:ff:ff:ff,d8:d7:75:45:81:24,d8:d7:75:45:81:24,FunBox2-8124,-44,1,2412,False,False
1778935726.5196416,control,block_ack,dc:a9:71:95:8d:5a,98:42:65:a1:04:0a,98:42:65:a1:04:0a,dc:a9:71:95:8d:5a,,,-85,1,2412,False,False
1778935726.535056,management,beacon,d8:d7:75:45:81:24,ff:ff:ff:ff:ff:ff,ff:ff:ff:ff:ff:ff,d8:d7:75:45:81:24,d8:d7:75:45:81:24,FunBox2-8124,-44,1,2412,False,False
1778935726.5365407,data,data,d8:d7:75:45:81:24,33:33:00:00:00:16,33:33:00:00:00:16,d8:d7:75:45:81:24,a8:5e:45:c6:9f:b7,,-42,1,2412,True,False
1778935726.5370324,control,ack,,d8:d7:75:45:81:24,d8:d7:75:45:81:24,,,,-80,1,2412,False,False
1778935726.5370347,data,null_data,50:02:91:e8:18:ec,d8:d7:75:45:81:24,d8:d7:75:45:81:24,50:02:91:e8:18:ec,d8:d7:75:45:81:24,,-81,1,2412,False,False
1778935726.537036,control,ack,,50:02:91:e8:18:ec,50:02:91:e8:18:ec,,,,-44,1,2412,False,False
1778935726.6374586,management,beacon,d8:d7:75:45:81:24,ff:ff:ff:ff:ff:ff,ff:ff:ff:ff:ff:ff,d8:d7:75:45:81:24,d8:d7:75:45:81:24,FunBox2-8124,-45,1,2412,False,False
1778935726.6979187,data,null_data,50:02:91:e8:18:ec,d8:d7:75:45:81:24,d8:d7:75:45:81:24,50:02:91:e8:18:ec,d8:d7:75:45:81:24,,-81,1,2412,False,False
1778935726.6979263,control,ack,,50:02:91:e8:18:ec,50:02:91:e8:18:ec,,,,-46,1,2412,False,False
1778935726.739907,management,beacon,d8:d7:75:45:81:24,ff:ff:ff:ff:ff:ff,ff:ff:ff:ff:ff:ff,d8:d7:75:45:81:24,d8:d7:75:45:81:24,FunBox2-8124,-44,1,2412,False,False
1778935726.8423085,management,beacon,d8:d7:75:45:81:24,ff:ff:ff:ff:ff:ff,ff:ff:ff:ff:ff:ff,d8:d7:75:45:81:24,d8:d7:75:45:81:24,FunBox2-8124,-43,1,2412,False,False
1778935726.9446895,management,beacon,d8:d7:75:45:81:24,ff:ff:ff:ff:ff:ff,ff:ff:ff:ff:ff:ff,d8:d7:75:45:81:24,d8:d7:75:45:81:24,FunBox2-8124,-44,1,2412,False,False
1778935727.0470777,management,beacon,d8:d7:75:45:81:24,ff:ff:ff:ff:ff:ff,ff:ff:ff:ff:ff:ff,d8:d7:75:45:81:24,d8:d7:75:45:81:24,FunBox2-8124,-44,1,2412,False,False
1778935727.1495073,management,beacon,d8:d7:75:45:81:24,ff:ff:ff:ff:ff:ff,ff:ff:ff:ff:ff:ff,d8:d7:75:45:81:24,d8:d7:75:45:81:24,FunBox2-8124,-36,1,2412,False,False
1778935727.251913,management,beacon,d8:d7:75:45:81:24,ff:ff:ff:ff:ff:ff,ff:ff:ff:ff:ff:ff,d8:d7:75:45:81:24,d8:d7:75:45:81:24,FunBox2-8124,-44,1,2412,False,False
1778935727.3542917,management,beacon,d8:d7:75:45:81:24,ff:ff:ff:ff:ff:ff,ff:ff:ff:ff:ff:ff,d8:d7:75:45:81:24,d8:d7:75:45:81:24,FunBox2-8124,-44,1,2412,False,False
1778935727.456744,management,beacon,d8:d7:75:45:81:24,ff:ff:ff:ff:ff:ff,ff:ff:ff:ff:ff:ff,d8:d7:75:45:81:24,d8:d7:75:45:81:24,FunBox2-8124,-42,1,2412,False,False
1778935727.5592031,management,beacon,d8:d7:75:45:81:24,ff:ff:ff:ff:ff:ff,ff:ff:ff:ff:ff:ff,d8:d7:75:45:81:24,d8:d7:75:45:81:24,FunBox2-8124,-45,1,2412,False,False
1778935727.7639189,management,beacon,d8:d7:75:45:81:24,ff:ff:ff:ff:ff:ff,ff:ff:ff:ff:ff:ff,d8:d7:75:45:81:24,d8:d7:75:45:81:24,FunBox2-8124,-44,1,2412,False,False
1778935727.8663523,management,beacon,d8:d7:75:45:81:24,ff:ff:ff:ff:ff:ff,ff:ff:ff:ff:ff:ff,d8:d7:75:45:81:24,d8:d7:75:45:81:24,FunBox2-8124,-45,1,2412,False,False
1778935727.9687653,management,beacon,d8:d7:75:45:81:24,ff:ff:ff:ff:ff:ff,ff:ff:ff:ff:ff:ff,d8:d7:75:45:81:24,d8:d7:75:45:81:24,FunBox2-8124,-43,1,2412,False,False
1778935728.071167,management,beacon,d8:d7:75:45:81:24,ff:ff:ff:ff:ff:ff,ff:ff:ff:ff:ff:ff,d8:d7:75:45:81:24,d8:d7:75:45:81:24,FunBox2-8124,-43,1,2412,False,False
1778935728.2759643,management,beacon,d8:d7:75:45:81:24,ff:ff:ff:ff:ff:ff,ff:ff:ff:ff:ff:ff,d8:d7:75:45:81:24,d8:d7:75:45:81:24,FunBox2-8124,-45,1,2412,False,False
1778935728.3783967,management,beacon,d8:d7:75:45:81:24,ff:ff:ff:ff:ff:ff,ff:ff:ff:ff:ff:ff,d8:d7:75:45:81:24,d8:d7:75:45:81:24,FunBox2-8124,-43,1,2412,False,False
1778935728.379614,control,ack,,50:02:91:e8:18:ec,50:02:91:e8:18:ec,,,,-45,1,2412,False,False
1778935728.4807591,management,beacon,d8:d7:75:45:81:24,ff:ff:ff:ff:ff:ff,ff:ff:ff:ff:ff:ff,d8:d7:75:45:81:24,d8:d7:75:45:81:24,FunBox2-8124,-42,1,2412,False,False
1778935728.5405128,data,null_data,50:02:91:e8:18:ec,d8:d7:75:45:81:24,d8:d7:75:45:81:24,50:02:91:e8:18:ec,d8:d7:75:45:81:24,,-82,1,2412,False,False
1778935728.5405228,control,ack,,50:02:91:e8:18:ec,50:02:91:e8:18:ec,,,,-45,1,2412,False,False
1778935728.5412188,data,null_data,50:02:91:e8:18:ec,d8:d7:75:45:81:24,d8:d7:75:45:81:24,50:02:91:e8:18:ec,d8:d7:75:45:81:24,,-83,1,2412,False,True
1778935728.5412207,control,ack,,50:02:91:e8:18:ec,50:02:91:e8:18:ec,,,,-45,1,2412,False,False
1778935728.583148,management,beacon,d8:d7:75:45:81:24,ff:ff:ff:ff:ff:ff,ff:ff:ff:ff:ff:ff,d8:d7:75:45:81:24,d8:d7:75:45:81:24,FunBox2-8124,-42,1,2412,False,False
1778935728.7879486,management,beacon,d8:d7:75:45:81:24,ff:ff:ff:ff:ff:ff,ff:ff:ff:ff:ff:ff,d8:d7:75:45:81:24,d8:d7:75:45:81:24,FunBox2-8124,-41,1,2412,False,False
1778935728.8903964,management,beacon,d8:d7:75:45:81:24,ff:ff:ff:ff:ff:ff,ff:ff:ff:ff:ff:ff,d8:d7:75:45:81:24,d8:d7:75:45:81:24,FunBox2-8124,-44,1,2412,False,False
1778935728.9927893,management,beacon,d8:d7:75:45:81:24,ff:ff:ff:ff:ff:ff,ff:ff:ff:ff:ff:ff,d8:d7:75:45:81:24,d8:d7:75:45:81:24,FunBox2-8124,-44,1,2412,False,False
1778935728.9942107,data,data,d8:d7:75:45:81:24,33:33:00:00:00:01,33:33:00:00:00:01,d8:d7:75:45:81:24,d8:d7:75:45:81:24,,-42,1,2412,True,False
1778935728.9947133,control,ack,,d8:d7:75:45:81:24,d8:d7:75:45:81:24,,,,-83,1,2412,False,False
1778935728.9947155,data,null_data,50:02:91:e8:18:ec,d8:d7:75:45:81:24,d8:d7:75:45:81:24,50:02:91:e8:18:ec,d8:d7:75:45:81:24,,-80,1,2412,False,False
1778935728.9947166,control,ack,,50:02:91:e8:18:ec,50:02:91:e8:18:ec,,,,-45,1,2412,False,False
1778935729.0951715,management,beacon,d8:d7:75:45:81:24,ff:ff:ff:ff:ff:ff,ff:ff:ff:ff:ff:ff,d8:d7:75:45:81:24,d8:d7:75:45:81:24,FunBox2-8124,-46,1,2412,False,False
1778935729.1556008,data,null_data,50:02:91:e8:18:ec,d8:d7:75:45:81:24,d8:d7:75:45:81:24,50:02:91:e8:18:ec,d8:d7:75:45:81:24,,-80,1,2412,False,False
1778935729.1556158,control,ack,,50:02:91:e8:18:ec,50:02:91:e8:18:ec,,,,-44,1,2412,False,False
1778935729.200298,data,null_data,50:02:91:e8:18:ec,d8:d7:75:45:81:24,d8:d7:75:45:81:24,50:02:91:e8:18:ec,d8:d7:75:45:81:24,,-82,1,2412,False,False
1778935729.200318,control,ack,,50:02:91:e8:18:ec,50:02:91:e8:18:ec,,,,-44,1,2412,False,False
1778935729.299978,management,beacon,d8:d7:75:45:81:24,ff:ff:ff:ff:ff:ff,ff:ff:ff:ff:ff:ff,d8:d7:75:45:81:24,d8:d7:75:45:81:24,FunBox2-8124,-43,1,2412,False,False
1778935729.361422,data,null_data,50:02:91:e8:18:ec,d8:d7:75:45:81:24,d8:d7:75:45:81:24,50:02:91:e8:18:ec,d8:d7:75:45:81:24,,-82,1,2412,False,False
1778935729.3614411,control,ack,,50:02:91:e8:18:ec,50:02:91:e8:18:ec,,,,-45,1,2412,False,False
1778935729.4023924,management,beacon,d8:d7:75:45:81:24,ff:ff:ff:ff:ff:ff,ff:ff:ff:ff:ff:ff,d8:d7:75:45:81:24,d8:d7:75:45:81:24,FunBox2-8124,-42,1,2412,False,False
1778935729.5048034,management,beacon,d8:d7:75:45:81:24,ff:ff:ff:ff:ff:ff,ff:ff:ff:ff:ff:ff,d8:d7:75:45:81:24,d8:d7:75:45:81:24,FunBox2-8124,-42,1,2412,False,False
1778935729.6072178,management,beacon,d8:d7:75:45:81:24,ff:ff:ff:ff:ff:ff,ff:ff:ff:ff:ff:ff,d8:d7:75:45:81:24,d8:d7:75:45:81:24,FunBox2-8124,-43,1,2412,False,False
1778935729.8120337,management,beacon,d8:d7:75:45:81:24,ff:ff:ff:ff:ff:ff,ff:ff:ff:ff:ff:ff,d8:d7:75:45:81:24,d8:d7:75:45:81:24,FunBox2-8124,-43,1,2412,False,False
1778935729.914395,management,beacon,d8:d7:75:45:81:24,ff:ff:ff:ff:ff:ff,ff:ff:ff:ff:ff:ff,d8:d7:75:45:81:24,d8:d7:75:45:81:24,FunBox2-8124,-43,1,2412,False,False
1778935729.915569,data,data,d8:d7:75:45:81:24,01:00:5e:00:00:01,01:00:5e:00:00:01,d8:d7:75:45:81:24,d8:d7:75:45:81:24,,-44,1,2412,True,False
1778935729.9160604,control,ack,,d8:d7:75:45:81:24,d8:d7:75:45:81:24,,,,-82,1,2412,False,False
1778935729.9160626,data,null_data,50:02:91:e8:18:ec,d8:d7:75:45:81:24,d8:d7:75:45:81:24,50:02:91:e8:18:ec,d8:d7:75:45:81:24,,-81,1,2412,False,False
1778935729.9160643,control,ack,,50:02:91:e8:18:ec,50:02:91:e8:18:ec,,,,-45,1,2412,False,False
1778935730.0168006,management,beacon,d8:d7:75:45:81:24,ff:ff:ff:ff:ff:ff,ff:ff:ff:ff:ff:ff,d8:d7:75:45:81:24,d8:d7:75:45:81:24,FunBox2-8124,-44,1,2412,False,False
1778935730.0769804,data,null_data,50:02:91:e8:18:ec,d8:d7:75:45:81:24,d8:d7:75:45:81:24,50:02:91:e8:18:ec,d8:d7:75:45:81:24,,-82,1,2412,False,False
1778935730.0770016,control,ack,,50:02:91:e8:18:ec,50:02:91:e8:18:ec,,,,-48,1,2412,False,False
1778935730.1191998,management,beacon,d8:d7:75:45:81:24,ff:ff:ff:ff:ff:ff,ff:ff:ff:ff:ff:ff,d8:d7:75:45:81:24,d8:d7:75:45:81:24,FunBox2-8124,-42,1,2412,False,False
1778935730.2052073,control,rts,54:35:30:cf:ee:1e,d8:d7:75:45:81:24,d8:d7:75:45:81:24,54:35:30:cf:ee:1e,,,-55,1,2412,False,False
1778935730.205213,control,cts,,54:35:30:cf:ee:1e,54:35:30:cf:ee:1e,,,,-45,1,2412,False,False
1778935730.2052147,data,qos_data,54:35:30:cf:ee:1e,d8:d7:75:45:81:24,d8:d7:75:45:81:24,54:35:30:cf:ee:1e,ff:ff:ff:ff:ff:ff,,-55,1,2412,True,False
1778935730.205217,control,block_ack,d8:d7:75:45:81:24,54:35:30:cf:ee:1e,54:35:30:cf:ee:1e,d8:d7:75:45:81:24,,,-46,1,2412,False,False
1778935730.223283,data,data,d8:d7:75:45:81:24,ff:ff:ff:ff:ff:ff,ff:ff:ff:ff:ff:ff,d8:d7:75:45:81:24,54:35:30:cf:ee:1e,,-43,1,2412,True,False
1778935730.2235782,control,ack,,d8:d7:75:45:81:24,d8:d7:75:45:81:24,,,,-81,1,2412,False,False
1778935730.4264464,management,beacon,d8:d7:75:45:81:24,ff:ff:ff:ff:ff:ff,ff:ff:ff:ff:ff:ff,d8:d7:75:45:81:24,d8:d7:75:45:81:24,FunBox2-8124,-43,1,2412,False,False
1778935730.5287986,management,beacon,d8:d7:75:45:81:24,ff:ff:ff:ff:ff:ff,ff:ff:ff:ff:ff:ff,d8:d7:75:45:81:24,d8:d7:75:45:81:24,FunBox2-8124,-44,1,2412,False,False
1778935730.6312377,management,beacon,d8:d7:75:45:81:24,ff:ff:ff:ff:ff:ff,ff:ff:ff:ff:ff:ff,d8:d7:75:45:81:24,d8:d7:75:45:81:24,FunBox2-8124,-43,1,2412,False,False
1778935730.8360589,management,beacon,d8:d7:75:45:81:24,ff:ff:ff:ff:ff:ff,ff:ff:ff:ff:ff:ff,d8:d7:75:45:81:24,d8:d7:75:45:81:24,FunBox2-8124,-44,1,2412,False,False
1778935730.9384482,management,beacon,d8:d7:75:45:81:24,ff:ff:ff:ff:ff:ff,ff:ff:ff:ff:ff:ff,d8:d7:75:45:81:24,d8:d7:75:45:81:24,FunBox2-8124,-43,1,2412,False,False
1778935731.040814,management,beacon,d8:d7:75:45:81:24,ff:ff:ff:ff:ff:ff,ff:ff:ff:ff:ff:ff,d8:d7:75:45:81:24,d8:d7:75:45:81:24,FunBox2-8124,-44,1,2412,False,False
1778935731.1432297,management,beacon,d8:d7:75:45:81:24,ff:ff:ff:ff:ff:ff,ff:ff:ff:ff:ff:ff,d8:d7:75:45:81:24,d8:d7:75:45:81:24,FunBox2-8124,-44,1,2412,False,False
1778935731.3480465,management,beacon,d8:d7:75:45:81:24,ff:ff:ff:ff:ff:ff,ff:ff:ff:ff:ff:ff,d8:d7:75:45:81:24,d8:d7:75:45:81:24,FunBox2-8124,-42,1,2412,False,False
1778935731.4504993,management,beacon,d8:d7:75:45:81:24,ff:ff:ff:ff:ff:ff,ff:ff:ff:ff:ff:ff,d8:d7:75:45:81:24,d8:d7:75:45:81:24,FunBox2-8124,-45,1,2412,False,False
1778935731.552883,management,beacon,d8:d7:75:45:81:24,ff:ff:ff:ff:ff:ff,ff:ff:ff:ff:ff:ff,d8:d7:75:45:81:24,d8:d7:75:45:81:24,FunBox2-8124,-43,1,2412,False,False
1778935731.655247,management,beacon,d8:d7:75:45:81:24,ff:ff:ff:ff:ff:ff,ff:ff:ff:ff:ff:ff,d8:d7:75:45:81:24,d8:d7:75:45:81:24,FunBox2-8124,-45,1,2412,False,False
1778935731.758866,data,null_data,50:02:91:e8:18:ec,d8:d7:75:45:81:24,d8:d7:75:45:81:24,50:02:91:e8:18:ec,d8:d7:75:45:81:24,,-80,1,2412,False,False
1778935731.7588744,control,ack,,50:02:91:e8:18:ec,50:02:91:e8:18:ec,,,,-49,1,2412,False,False
1778935731.8600473,management,beacon,d8:d7:75:45:81:24,ff:ff:ff:ff:ff:ff,ff:ff:ff:ff:ff:ff,d8:d7:75:45:81:24,d8:d7:75:45:81:24,FunBox2-8124,-43,1,2412,False,False
1778935731.919736,data,null_data,50:02:91:e8:18:ec,d8:d7:75:45:81:24,d8:d7:75:45:81:24,50:02:91:e8:18:ec,d8:d7:75:45:81:24,,-81,1,2412,False,False
1778935731.9197505,control,ack,,50:02:91:e8:18:ec,50:02:91:e8:18:ec,,,,-47,1,2412,False,False
1778935731.9624631,management,beacon,d8:d7:75:45:81:24,ff:ff:ff:ff:ff:ff,ff:ff:ff:ff:ff:ff,d8:d7:75:45:81:24,d8:d7:75:45:81:24,FunBox2-8124,-44,1,2412,False,False
1778935732.0648766,management,beacon,d8:d7:75:45:81:24,ff:ff:ff:ff:ff:ff,ff:ff:ff:ff:ff:ff,d8:d7:75:45:81:24,d8:d7:75:45:81:24,FunBox2-8124,-45,1,2412,False,False
1778935732.1672943,management,beacon,d8:d7:75:45:81:24,ff:ff:ff:ff:ff:ff,ff:ff:ff:ff:ff:ff,d8:d7:75:45:81:24,d8:d7:75:45:81:24,FunBox2-8124,-45,1,2412,False,False
1778935732.3721344,management,beacon,d8:d7:75:45:81:24,ff:ff:ff:ff:ff:ff,ff:ff:ff:ff:ff:ff,d8:d7:75:45:81:24,d8:d7:75:45:81:24,FunBox2-8124,-43,1,2412,False,False
1778935732.4744759,management,beacon,d8:d7:75:45:81:24,ff:ff:ff:ff:ff:ff,ff:ff:ff:ff:ff:ff,d8:d7:75:45:81:24,d8:d7:75:45:81:24,FunBox2-8124,-45,1,2412,False,False
1778935732.5769157,management,beacon,d8:d7:75:45:81:24,ff:ff:ff:ff:ff:ff,ff:ff:ff:ff:ff:ff,d8:d7:75:45:81:24,d8:d7:75:45:81:24,FunBox2-8124,-45,1,2412,False,False
1778935732.6792772,management,beacon,d8:d7:75:45:81:24,ff:ff:ff:ff:ff:ff,ff:ff:ff:ff:ff:ff,d8:d7:75:45:81:24,d8:d7:75:45:81:24,FunBox2-8124,-44,1,2412,False,False
1778935732.7817094,management,beacon,d8:d7:75:45:81:24,ff:ff:ff:ff:ff:ff,ff:ff:ff:ff:ff:ff,d8:d7:75:45:81:24,d8:d7:75:45:81:24,FunBox2-8124,-46,1,2412,False,False
1778935732.986566,management,beacon,d8:d7:75:45:81:24,ff:ff:ff:ff:ff:ff,ff:ff:ff:ff:ff:ff,d8:d7:75:45:81:24,d8:d7:75:45:81:24,FunBox2-8124,-44,1,2412,False,False
1778935733.0889344,management,beacon,d8:d7:75:45:81:24,ff:ff:ff:ff:ff:ff,ff:ff:ff:ff:ff:ff,d8:d7:75:45:81:24,d8:d7:75:45:81:24,FunBox2-8124,-42,1,2412,False,False
1778935733.1913176,management,beacon,d8:d7:75:45:81:24,ff:ff:ff:ff:ff:ff,ff:ff:ff:ff:ff:ff,d8:d7:75:45:81:24,d8:d7:75:45:81:24,FunBox2-8124,-45,1,2412,False,False
1778935733.2937222,management,beacon,d8:d7:75:45:81:24,ff:ff:ff:ff:ff:ff,ff:ff:ff:ff:ff:ff,d8:d7:75:45:81:24,d8:d7:75:45:81:24,FunBox2-8124,-45,1,2412,False,False
1778935733.2949338,data,null_data,50:02:91:e8:18:ec,d8:d7:75:45:81:24,d8:d7:75:45:81:24,50:02:91:e8:18:ec,d8:d7:75:45:81:24,,-84,1,2412,False,False
1778935733.2949364,control,ack,,50:02:91:e8:18:ec,50:02:91:e8:18:ec,,,,-45,1,2412,False,False
1778935733.4558015,data,null_data,50:02:91:e8:18:ec,d8:d7:75:45:81:24,d8:d7:75:45:81:24,50:02:91:e8:18:ec,d8:d7:75:45:81:24,,-80,1,2412,False,False
1778935733.455809,control,ack,,50:02:91:e8:18:ec,50:02:91:e8:18:ec,,,,-45,1,2412,False,False
1778935733.498525,management,beacon,d8:d7:75:45:81:24,ff:ff:ff:ff:ff:ff,ff:ff:ff:ff:ff:ff,d8:d7:75:45:81:24,d8:d7:75:45:81:24,FunBox2-8124,-43,1,2412,False,False
1778935733.600916,management,beacon,d8:d7:75:45:81:24,ff:ff:ff:ff:ff:ff,ff:ff:ff:ff:ff:ff,d8:d7:75:45:81:24,d8:d7:75:45:81:24,FunBox2-8124,-45,1,2412,False,False
1778935733.7033484,management,beacon,d8:d7:75:45:81:24,ff:ff:ff:ff:ff:ff,ff:ff:ff:ff:ff:ff,d8:d7:75:45:81:24,d8:d7:75:45:81:24,FunBox2-8124,-42,1,2412,False,False
1778935733.805721,management,beacon,d8:d7:75:45:81:24,ff:ff:ff:ff:ff:ff,ff:ff:ff:ff:ff:ff,d8:d7:75:45:81:24,d8:d7:75:45:81:24,FunBox2-8124,-46,1,2412,False,False
1778935733.977285,control,ack,,aa:23:4f:4d:00:cf,aa:23:4f:4d:00:cf,,,,-88,1,2412,False,False
1778935734.0105429,management,beacon,d8:d7:75:45:81:24,ff:ff:ff:ff:ff:ff,ff:ff:ff:ff:ff:ff,d8:d7:75:45:81:24,d8:d7:75:45:81:24,FunBox2-8124,-43,1,2412,False,False
1778935734.11329,management,beacon,d8:d7:75:45:81:24,ff:ff:ff:ff:ff:ff,ff:ff:ff:ff:ff:ff,d8:d7:75:45:81:24,d8:d7:75:45:81:24,FunBox2-8124,-48,1,2412,False,False
1778935734.2153337,management,beacon,d8:d7:75:45:81:24,ff:ff:ff:ff:ff:ff,ff:ff:ff:ff:ff:ff,d8:d7:75:45:81:24,d8:d7:75:45:81:24,FunBox2-8124,-45,1,2412,False,False
1778935734.3177512,management,beacon,d8:d7:75:45:81:24,ff:ff:ff:ff:ff:ff,ff:ff:ff:ff:ff:ff,d8:d7:75:45:81:24,d8:d7:75:45:81:24,FunBox2-8124,-44,1,2412,False,False
1778935734.5226054,management,beacon,d8:d7:75:45:81:24,ff:ff:ff:ff:ff:ff,ff:ff:ff:ff:ff:ff,d8:d7:75:45:81:24,d8:d7:75:45:81:24,FunBox2-8124,-43,1,2412,False,False
1778935734.6249511,management,beacon,d8:d7:75:45:81:24,ff:ff:ff:ff:ff:ff,ff:ff:ff:ff:ff:ff,d8:d7:75:45:81:24,d8:d7:75:45:81:24,FunBox2-8124,-40,1,2412,False,False
1778935734.7273765,management,beacon,d8:d7:75:45:81:24,ff:ff:ff:ff:ff:ff,ff:ff:ff:ff:ff:ff,d8:d7:75:45:81:24,d8:d7:75:45:81:24,FunBox2-8124,-42,1,2412,False,False
1778935734.829804,management,beacon,d8:d7:75:45:81:24,ff:ff:ff:ff:ff:ff,ff:ff:ff:ff:ff:ff,d8:d7:75:45:81:24,d8:d7:75:45:81:24,FunBox2-8124,-41,1,2412,False,False
1778935734.831209,data,null_data,50:02:91:e8:18:ec,d8:d7:75:45:81:24,d8:d7:75:45:81:24,50:02:91:e8:18:ec,d8:d7:75:45:81:24,,-82,1,2412,False,True
1778935734.8312147,control,ack,,50:02:91:e8:18:ec,50:02:91:e8:18:ec,,,,-42,1,2412,False,False
1778935734.99232,data,null_data,50:02:91:e8:18:ec,d8:d7:75:45:81:24,d8:d7:75:45:81:24,50:02:91:e8:18:ec,d8:d7:75:45:81:24,,-83,1,2412,False,False
1778935734.9923365,control,ack,,50:02:91:e8:18:ec,50:02:91:e8:18:ec,,,,-44,1,2412,False,False
1778935735.0345755,management,beacon,d8:d7:75:45:81:24,ff:ff:ff:ff:ff:ff,ff:ff:ff:ff:ff:ff,d8:d7:75:45:81:24,d8:d7:75:45:81:24,FunBox2-8124,-41,1,2412,False,False
1778935735.137013,management,beacon,d8:d7:75:45:81:24,ff:ff:ff:ff:ff:ff,ff:ff:ff:ff:ff:ff,d8:d7:75:45:81:24,d8:d7:75:45:81:24,FunBox2-8124,-42,1,2412,False,False
1778935735.2394285,management,beacon,d8:d7:75:45:81:24,ff:ff:ff:ff:ff:ff,ff:ff:ff:ff:ff:ff,d8:d7:75:45:81:24,d8:d7:75:45:81:24,FunBox2-8124,-45,1,2412,False,False
1778935735.3417842,management,beacon,d8:d7:75:45:81:24,ff:ff:ff:ff:ff:ff,ff:ff:ff:ff:ff:ff,d8:d7:75:45:81:24,d8:d7:75:45:81:24,FunBox2-8124,-53,1,2412,False,False
1778935735.4757574,management,probe_request,e2:cf:3f:76:1e:9d,ff:ff:ff:ff:ff:ff,ff:ff:ff:ff:ff:ff,e2:cf:3f:76:1e:9d,ff:ff:ff:ff:ff:ff,<hidden>,-33,1,2412,False,False
1778935735.4790425,management,probe_response,d8:d7:75:45:81:24,e2:cf:3f:76:1e:9d,e2:cf:3f:76:1e:9d,d8:d7:75:45:81:24,d8:d7:75:45:81:24,FunBox2-8124,-48,1,2412,False,False
1778935735.479338,control,ack,,d8:d7:75:45:81:24,d8:d7:75:45:81:24,,,,-32,1,2412,False,False
1778935735.5474548,management,beacon,d8:d7:75:45:81:24,ff:ff:ff:ff:ff:ff,ff:ff:ff:ff:ff:ff,d8:d7:75:45:81:24,d8:d7:75:45:81:24,FunBox2-8124,-47,1,2412,False,False
1778935735.6072097,management,probe_response,d8:d7:75:45:81:24,e2:cf:3f:76:1e:9d,e2:cf:3f:76:1e:9d,d8:d7:75:45:81:24,d8:d7:75:45:81:24,FunBox2-8124,-44,1,2412,False,False
1778935735.6143143,management,probe_response,d8:d7:75:45:81:24,e2:cf:3f:76:1e:9d,e2:cf:3f:76:1e:9d,d8:d7:75:45:81:24,d8:d7:75:45:81:24,FunBox2-8124,-48,1,2412,False,True
1778935735.6188042,management,probe_response,d8:d7:75:45:81:24,e2:cf:3f:76:1e:9d,e2:cf:3f:76:1e:9d,d8:d7:75:45:81:24,d8:d7:75:45:81:24,FunBox2-8124,-48,1,2412,False,True
1778935735.6226053,management,probe_response,d8:d7:75:45:81:24,e2:cf:3f:76:1e:9d,e2:cf:3f:76:1e:9d,d8:d7:75:45:81:24,d8:d7:75:45:81:24,FunBox2-8124,-48,1,2412,False,True
1778935735.6273217,management,probe_response,d8:d7:75:45:81:24,e2:cf:3f:76:1e:9d,e2:cf:3f:76:1e:9d,d8:d7:75:45:81:24,d8:d7:75:45:81:24,FunBox2-8124,-50,1,2412,False,True
1778935735.7514691,management,beacon,d8:d7:75:45:81:24,ff:ff:ff:ff:ff:ff,ff:ff:ff:ff:ff:ff,d8:d7:75:45:81:24,d8:d7:75:45:81:24,FunBox2-8124,-51,1,2412,False,False
1778935735.8538153,management,beacon,d8:d7:75:45:81:24,ff:ff:ff:ff:ff:ff,ff:ff:ff:ff:ff:ff,d8:d7:75:45:81:24,d8:d7:75:45:81:24,FunBox2-8124,-52,1,2412,False,False
1778935736.058604,management,beacon,d8:d7:75:45:81:24,ff:ff:ff:ff:ff:ff,ff:ff:ff:ff:ff:ff,d8:d7:75:45:81:24,d8:d7:75:45:81:24,FunBox2-8124,-45,1,2412,False,False
1778935736.1610632,management,beacon,d8:d7:75:45:81:24,ff:ff:ff:ff:ff:ff,ff:ff:ff:ff:ff:ff,d8:d7:75:45:81:24,d8:d7:75:45:81:24,FunBox2-8124,-44,1,2412,False,False
1778935736.2634654,management,beacon,d8:d7:75:45:81:24,ff:ff:ff:ff:ff:ff,ff:ff:ff:ff:ff:ff,d8:d7:75:45:81:24,d8:d7:75:45:81:24,FunBox2-8124,-48,1,2412,False,False
1778935736.3658676,management,beacon,d8:d7:75:45:81:24,ff:ff:ff:ff:ff:ff,ff:ff:ff:ff:ff:ff,d8:d7:75:45:81:24,d8:d7:75:45:81:24,FunBox2-8124,-49,1,2412,False,False
1778935736.367098,data,null_data,50:02:91:e8:18:ec,d8:d7:75:45:81:24,d8:d7:75:45:81:24,50:02:91:e8:18:ec,d8:d7:75:45:81:24,,-84,1,2412,False,False
1778935736.367104,control,ack,,50:02:91:e8:18:ec,50:02:91:e8:18:ec,,,,-54,1,2412,False,False
1778935736.4474335,management,beacon,74:ea:3a:a1:53:a6,ff:ff:ff:ff:ff:ff,ff:ff:ff:ff:ff:ff,74:ea:3a:a1:53:a6,74:ea:3a:a1:53:a6,TP-LINK_A153A6,-85,1,2412,False,False
1778935736.5279722,control,ack,,50:02:91:e8:18:ec,50:02:91:e8:18:ec,,,,-59,1,2412,False,False
1778935736.570683,management,beacon,d8:d7:75:45:81:24,ff:ff:ff:ff:ff:ff,ff:ff:ff:ff:ff:ff,d8:d7:75:45:81:24,d8:d7:75:45:81:24,FunBox2-8124,-53,1,2412,False,False
1778935736.7754354,management,beacon,d8:d7:75:45:81:24,ff:ff:ff:ff:ff:ff,ff:ff:ff:ff:ff:ff,d8:d7:75:45:81:24,d8:d7:75:45:81:24,FunBox2-8124,-57,1,2412,False,False
1778935736.877897,management,beacon,d8:d7:75:45:81:24,ff:ff:ff:ff:ff:ff,ff:ff:ff:ff:ff:ff,d8:d7:75:45:81:24,d8:d7:75:45:81:24,FunBox2-8124,-58,1,2412,False,False
1778935737.082698,management,beacon,d8:d7:75:45:81:24,ff:ff:ff:ff:ff:ff,ff:ff:ff:ff:ff:ff,d8:d7:75:45:81:24,d8:d7:75:45:81:24,FunBox2-8124,-44,1,2412,False,False
1778935737.2875192,management,beacon,d8:d7:75:45:81:24,ff:ff:ff:ff:ff:ff,ff:ff:ff:ff:ff:ff,d8:d7:75:45:81:24,d8:d7:75:45:81:24,FunBox2-8124,-41,1,2412,False,False
1778935737.3899221,management,beacon,d8:d7:75:45:81:24,ff:ff:ff:ff:ff:ff,ff:ff:ff:ff:ff:ff,d8:d7:75:45:81:24,d8:d7:75:45:81:24,FunBox2-8124,-42,1,2412,False,False
1778935737.5946658,management,beacon,d8:d7:75:45:81:24,ff:ff:ff:ff:ff:ff,ff:ff:ff:ff:ff:ff,d8:d7:75:45:81:24,d8:d7:75:45:81:24,FunBox2-8124,-44,1,2412,False,False
1778935737.6970892,management,beacon,d8:d7:75:45:81:24,ff:ff:ff:ff:ff:ff,ff:ff:ff:ff:ff:ff,d8:d7:75:45:81:24,d8:d7:75:45:81:24,FunBox2-8124,-44,1,2412,False,False
1778935737.7994695,management,beacon,d8:d7:75:45:81:24,ff:ff:ff:ff:ff:ff,ff:ff:ff:ff:ff:ff,d8:d7:75:45:81:24,d8:d7:75:45:81:24,FunBox2-8124,-47,1,2412,False,False
1778935737.9018812,management,beacon,d8:d7:75:45:81:24,ff:ff:ff:ff:ff:ff,ff:ff:ff:ff:ff:ff,d8:d7:75:45:81:24,d8:d7:75:45:81:24,FunBox2-8124,-44,1,2412,False,False
1778935738.0042887,management,beacon,d8:d7:75:45:81:24,ff:ff:ff:ff:ff:ff,ff:ff:ff:ff:ff:ff,d8:d7:75:45:81:24,d8:d7:75:45:81:24,FunBox2-8124,-44,1,2412,False,False
1778935738.0054595,data,null_data,50:02:91:e8:18:ec,d8:d7:75:45:81:24,d8:d7:75:45:81:24,50:02:91:e8:18:ec,d8:d7:75:45:81:24,,-85,1,2412,False,False
1778935738.0054638,control,ack,,50:02:91:e8:18:ec,50:02:91:e8:18:ec,,,,-45,1,2412,False,False
1778935738.0060291,management,action,d8:d7:75:45:81:24,50:02:91:e8:18:ec,50:02:91:e8:18:ec,d8:d7:75:45:81:24,d8:d7:75:45:81:24,,-43,1,2412,False,False
1778935738.0063462,control,ack,,d8:d7:75:45:81:24,d8:d7:75:45:81:24,,,,-83,1,2412,False,False
1778935738.0066583,management,action,50:02:91:e8:18:ec,d8:d7:75:45:81:24,d8:d7:75:45:81:24,50:02:91:e8:18:ec,d8:d7:75:45:81:24,,-86,1,2412,False,False
1778935738.0066602,control,ack,,50:02:91:e8:18:ec,50:02:91:e8:18:ec,,,,-45,1,2412,False,False
1778935738.106703,management,beacon,d8:d7:75:45:81:24,ff:ff:ff:ff:ff:ff,ff:ff:ff:ff:ff:ff,d8:d7:75:45:81:24,d8:d7:75:45:81:24,FunBox2-8124,-43,1,2412,False,False
1778935738.167508,data,null_data,50:02:91:e8:18:ec,d8:d7:75:45:81:24,d8:d7:75:45:81:24,50:02:91:e8:18:ec,d8:d7:75:45:81:24,,-85,1,2412,False,True
1778935738.1678503,data,null_data,50:02:91:e8:18:ec,d8:d7:75:45:81:24,d8:d7:75:45:81:24,50:02:91:e8:18:ec,d8:d7:75:45:81:24,,-85,1,2412,False,True
1778935738.168208,data,null_data,50:02:91:e8:18:ec,d8:d7:75:45:81:24,d8:d7:75:45:81:24,50:02:91:e8:18:ec,d8:d7:75:45:81:24,,-83,1,2412,False,True
1778935738.1687562,data,null_data,50:02:91:e8:18:ec,d8:d7:75:45:81:24,d8:d7:75:45:81:24,50:02:91:e8:18:ec,d8:d7:75:45:81:24,,-84,1,2412,False,True
1778935738.1690738,control,ack,,50:02:91:e8:18:ec,50:02:91:e8:18:ec,,,,-41,1,2412,False,False
1778935738.2090957,management,beacon,d8:d7:75:45:81:24,ff:ff:ff:ff:ff:ff,ff:ff:ff:ff:ff:ff,d8:d7:75:45:81:24,d8:d7:75:45:81:24,FunBox2-8124,-43,1,2412,False,False
1778935738.3114843,management,beacon,d8:d7:75:45:81:24,ff:ff:ff:ff:ff:ff,ff:ff:ff:ff:ff:ff,d8:d7:75:45:81:24,d8:d7:75:45:81:24,FunBox2-8124,-42,1,2412,False,False
1778935738.4139042,management,beacon,d8:d7:75:45:81:24,ff:ff:ff:ff:ff:ff,ff:ff:ff:ff:ff:ff,d8:d7:75:45:81:24,d8:d7:75:45:81:24,FunBox2-8124,-42,1,2412,False,False
1778935738.5162897,management,beacon,d8:d7:75:45:81:24,ff:ff:ff:ff:ff:ff,ff:ff:ff:ff:ff:ff,d8:d7:75:45:81:24,d8:d7:75:45:81:24,FunBox2-8124,-45,1,2412,False,False
1778935738.6187081,management,beacon,d8:d7:75:45:81:24,ff:ff:ff:ff:ff:ff,ff:ff:ff:ff:ff:ff,d8:d7:75:45:81:24,d8:d7:75:45:81:24,FunBox2-8124,-43,1,2412,False,False
1778935738.721142,management,beacon,d8:d7:75:45:81:24,ff:ff:ff:ff:ff:ff,ff:ff:ff:ff:ff:ff,d8:d7:75:45:81:24,d8:d7:75:45:81:24,FunBox2-8124,-44,1,2412,False,False
1778935738.8235013,management,beacon,d8:d7:75:45:81:24,ff:ff:ff:ff:ff:ff,ff:ff:ff:ff:ff:ff,d8:d7:75:45:81:24,d8:d7:75:45:81:24,FunBox2-8124,-45,1,2412,False,False
1778935738.9259257,management,beacon,d8:d7:75:45:81:24,ff:ff:ff:ff:ff:ff,ff:ff:ff:ff:ff:ff,d8:d7:75:45:81:24,d8:d7:75:45:81:24,FunBox2-8124,-45,1,2412,False,False
1778935739.0283406,management,beacon,d8:d7:75:45:81:24,ff:ff:ff:ff:ff:ff,ff:ff:ff:ff:ff:ff,d8:d7:75:45:81:24,d8:d7:75:45:81:24,FunBox2-8124,-46,1,2412,False,False
1778935739.0823653,control,rts,54:35:30:cf:ee:1e,d8:d7:75:45:81:24,d8:d7:75:45:81:24,54:35:30:cf:ee:1e,,,-54,1,2412,False,False
1778935739.0823805,control,cts,,54:35:30:cf:ee:1e,54:35:30:cf:ee:1e,,,,-47,1,2412,False,False
1778935739.0823822,data,qos_data,54:35:30:cf:ee:1e,d8:d7:75:45:81:24,d8:d7:75:45:81:24,54:35:30:cf:ee:1e,01:00:5e:7f:ff:fa,,-54,1,2412,True,False
1778935739.0823839,control,block_ack,d8:d7:75:45:81:24,54:35:30:cf:ee:1e,54:35:30:cf:ee:1e,d8:d7:75:45:81:24,,,-46,1,2412,False,False
1778935739.1307578,management,beacon,d8:d7:75:45:81:24,ff:ff:ff:ff:ff:ff,ff:ff:ff:ff:ff:ff,d8:d7:75:45:81:24,d8:d7:75:45:81:24,FunBox2-8124,-45,1,2412,False,False
1778935739.1319919,data,data,d8:d7:75:45:81:24,01:00:5e:7f:ff:fa,01:00:5e:7f:ff:fa,d8:d7:75:45:81:24,54:35:30:cf:ee:1e,,-45,1,2412,True,False
1778935739.1324842,control,ack,,d8:d7:75:45:81:24,d8:d7:75:45:81:24,,,,-85,1,2412,False,False
1778935739.1324873,data,null_data,50:02:91:e8:18:ec,d8:d7:75:45:81:24,d8:d7:75:45:81:24,50:02:91:e8:18:ec,d8:d7:75:45:81:24,,-86,1,2412,False,False
1778935739.1324883,control,ack,,50:02:91:e8:18:ec,50:02:91:e8:18:ec,,,,-47,1,2412,False,False
1778935739.233128,management,beacon,d8:d7:75:45:81:24,ff:ff:ff:ff:ff:ff,ff:ff:ff:ff:ff:ff,d8:d7:75:45:81:24,d8:d7:75:45:81:24,FunBox2-8124,-43,1,2412,False,False
1778935739.2934947,data,null_data,50:02:91:e8:18:ec,d8:d7:75:45:81:24,d8:d7:75:45:81:24,50:02:91:e8:18:ec,d8:d7:75:45:81:24,,-85,1,2412,False,False
1778935739.2935033,data,null_data,50:02:91:e8:18:ec,d8:d7:75:45:81:24,d8:d7:75:45:81:24,50:02:91:e8:18:ec,d8:d7:75:45:81:24,,-86,1,2412,False,True
1778935739.2938483,data,null_data,50:02:91:e8:18:ec,d8:d7:75:45:81:24,d8:d7:75:45:81:24,50:02:91:e8:18:ec,d8:d7:75:45:81:24,,-83,1,2412,False,True
1778935739.2943861,data,null_data,50:02:91:e8:18:ec,d8:d7:75:45:81:24,d8:d7:75:45:81:24,50:02:91:e8:18:ec,d8:d7:75:45:81:24,,-84,1,2412,False,True
1778935739.294388,control,ack,,50:02:91:e8:18:ec,50:02:91:e8:18:ec,,,,-46,1,2412,False,False
1778935739.3355699,management,beacon,d8:d7:75:45:81:24,ff:ff:ff:ff:ff:ff,ff:ff:ff:ff:ff:ff,d8:d7:75:45:81:24,d8:d7:75:45:81:24,FunBox2-8124,-44,1,2412,False,False
1778935739.4379306,management,beacon,d8:d7:75:45:81:24,ff:ff:ff:ff:ff:ff,ff:ff:ff:ff:ff:ff,d8:d7:75:45:81:24,d8:d7:75:45:81:24,FunBox2-8124,-47,1,2412,False,False
1778935739.540389,management,beacon,d8:d7:75:45:81:24,ff:ff:ff:ff:ff:ff,ff:ff:ff:ff:ff:ff,d8:d7:75:45:81:24,d8:d7:75:45:81:24,FunBox2-8124,-44,1,2412,False,False
1778935739.6427894,management,beacon,d8:d7:75:45:81:24,ff:ff:ff:ff:ff:ff,ff:ff:ff:ff:ff:ff,d8:d7:75:45:81:24,d8:d7:75:45:81:24,FunBox2-8124,-45,1,2412,False,False
1778935739.6889136,data,qos_null,aa:23:4f:4d:00:cf,74:ea:3a:a1:53:a6,74:ea:3a:a1:53:a6,aa:23:4f:4d:00:cf,74:ea:3a:a1:53:a6,,-90,1,2412,False,False
1778935739.7451487,management,beacon,d8:d7:75:45:81:24,ff:ff:ff:ff:ff:ff,ff:ff:ff:ff:ff:ff,d8:d7:75:45:81:24,d8:d7:75:45:81:24,FunBox2-8124,-46,1,2412,False,False
1778935739.8475847,management,beacon,d8:d7:75:45:81:24,ff:ff:ff:ff:ff:ff,ff:ff:ff:ff:ff:ff,d8:d7:75:45:81:24,d8:d7:75:45:81:24,FunBox2-8124,-45,1,2412,False,False
1778935739.9499462,management,beacon,d8:d7:75:45:81:24,ff:ff:ff:ff:ff:ff,ff:ff:ff:ff:ff:ff,d8:d7:75:45:81:24,d8:d7:75:45:81:24,FunBox2-8124,-45,1,2412,False,False
1778935740.0059006,control,cts,,54:35:30:cf:ee:1e,54:35:30:cf:ee:1e,,,,-54,1,2412,False,False
1778935740.1547937,management,beacon,d8:d7:75:45:81:24,ff:ff:ff:ff:ff:ff,ff:ff:ff:ff:ff:ff,d8:d7:75:45:81:24,d8:d7:75:45:81:24,FunBox2-8124,-43,1,2412,False,False
1778935740.257228,management,beacon,d8:d7:75:45:81:24,ff:ff:ff:ff:ff:ff,ff:ff:ff:ff:ff:ff,d8:d7:75:45:81:24,d8:d7:75:45:81:24,FunBox2-8124,-42,1,2412,False,False
1778935740.3595717,management,beacon,d8:d7:75:45:81:24,ff:ff:ff:ff:ff:ff,ff:ff:ff:ff:ff:ff,d8:d7:75:45:81:24,d8:d7:75:45:81:24,FunBox2-8124,-46,1,2412,False,False
1778935740.4619858,management,beacon,d8:d7:75:45:81:24,ff:ff:ff:ff:ff:ff,ff:ff:ff:ff:ff:ff,d8:d7:75:45:81:24,d8:d7:75:45:81:24,FunBox2-8124,-43,1,2412,False,False
1778935740.5643818,management,beacon,d8:d7:75:45:81:24,ff:ff:ff:ff:ff:ff,ff:ff:ff:ff:ff:ff,d8:d7:75:45:81:24,d8:d7:75:45:81:24,FunBox2-8124,-42,1,2412,False,False
1778935740.6668088,management,beacon,d8:d7:75:45:81:24,ff:ff:ff:ff:ff:ff,ff:ff:ff:ff:ff:ff,d8:d7:75:45:81:24,d8:d7:75:45:81:24,FunBox2-8124,-46,1,2412,False,False
1778935740.6759865,control,cts,,ce:d0:54:70:b1:b3,ce:d0:54:70:b1:b3,,,,-86,1,2412,False,False
1778935740.7692065,management,beacon,d8:d7:75:45:81:24,ff:ff:ff:ff:ff:ff,ff:ff:ff:ff:ff:ff,d8:d7:75:45:81:24,d8:d7:75:45:81:24,FunBox2-8124,-44,1,2412,False,False
1778935740.87164,management,beacon,d8:d7:75:45:81:24,ff:ff:ff:ff:ff:ff,ff:ff:ff:ff:ff:ff,d8:d7:75:45:81:24,d8:d7:75:45:81:24,FunBox2-8124,-46,1,2412,False,False
1778935740.9739814,management,beacon,d8:d7:75:45:81:24,ff:ff:ff:ff:ff:ff,ff:ff:ff:ff:ff:ff,d8:d7:75:45:81:24,d8:d7:75:45:81:24,FunBox2-8124,-45,1,2412,False,False
1778935740.9752324,data,null_data,50:02:91:e8:18:ec,d8:d7:75:45:81:24,d8:d7:75:45:81:24,50:02:91:e8:18:ec,d8:d7:75:45:81:24,,-85,1,2412,False,False
1778935740.975238,control,ack,,50:02:91:e8:18:ec,50:02:91:e8:18:ec,,,,-47,1,2412,False,False
1778935741.0764067,management,beacon,d8:d7:75:45:81:24,ff:ff:ff:ff:ff:ff,ff:ff:ff:ff:ff:ff,d8:d7:75:45:81:24,d8:d7:75:45:81:24,FunBox2-8124,-45,1,2412,False,False
1778935741.1360116,data,null_data,50:02:91:e8:18:ec,d8:d7:75:45:81:24,d8:d7:75:45:81:24,50:02:91:e8:18:ec,d8:d7:75:45:81:24,,-85,1,2412,False,False
1778935741.1362655,data,null_data,50:02:91:e8:18:ec,d8:d7:75:45:81:24,d8:d7:75:45:81:24,50:02:91:e8:18:ec,d8:d7:75:45:81:24,,-84,1,2412,False,True
1778935741.1362672,control,ack,,50:02:91:e8:18:ec,50:02:91:e8:18:ec,,,,-47,1,2412,False,False
1778935741.178797,management,beacon,d8:d7:75:45:81:24,ff:ff:ff:ff:ff:ff,ff:ff:ff:ff:ff:ff,d8:d7:75:45:81:24,d8:d7:75:45:81:24,FunBox2-8124,-43,1,2412,False,False
1778935741.2812498,management,beacon,d8:d7:75:45:81:24,ff:ff:ff:ff:ff:ff,ff:ff:ff:ff:ff:ff,d8:d7:75:45:81:24,d8:d7:75:45:81:24,FunBox2-8124,-44,1,2412,False,False
1778935741.3836515,management,beacon,d8:d7:75:45:81:24,ff:ff:ff:ff:ff:ff,ff:ff:ff:ff:ff:ff,d8:d7:75:45:81:24,d8:d7:75:45:81:24,FunBox2-8124,-45,1,2412,False,False
1778935741.4859989,management,beacon,d8:d7:75:45:81:24,ff:ff:ff:ff:ff:ff,ff:ff:ff:ff:ff:ff,d8:d7:75:45:81:24,d8:d7:75:45:81:24,FunBox2-8124,-44,1,2412,False,False
1778935741.5884593,management,beacon,d8:d7:75:45:81:24,ff:ff:ff:ff:ff:ff,ff:ff:ff:ff:ff:ff,d8:d7:75:45:81:24,d8:d7:75:45:81:24,FunBox2-8124,-42,1,2412,False,False
1778935741.6908696,management,beacon,d8:d7:75:45:81:24,ff:ff:ff:ff:ff:ff,ff:ff:ff:ff:ff:ff,d8:d7:75:45:81:24,d8:d7:75:45:81:24,FunBox2-8124,-44,1,2412,False,False
1778935741.7932165,management,beacon,d8:d7:75:45:81:24,ff:ff:ff:ff:ff:ff,ff:ff:ff:ff:ff:ff,d8:d7:75:45:81:24,d8:d7:75:45:81:24,FunBox2-8124,-44,1,2412,False,False
1778935741.8956227,management,beacon,d8:d7:75:45:81:24,ff:ff:ff:ff:ff:ff,ff:ff:ff:ff:ff:ff,d8:d7:75:45:81:24,d8:d7:75:45:81:24,FunBox2-8124,-44,1,2412,False,False
1778935741.9980817,management,beacon,d8:d7:75:45:81:24,ff:ff:ff:ff:ff:ff,ff:ff:ff:ff:ff:ff,d8:d7:75:45:81:24,d8:d7:75:45:81:24,FunBox2-8124,-44,1,2412,False,False
1778935742.100433,management,beacon,d8:d7:75:45:81:24,ff:ff:ff:ff:ff:ff,ff:ff:ff:ff:ff:ff,d8:d7:75:45:81:24,d8:d7:75:45:81:24,FunBox2-8124,-44,1,2412,False,False
1778935742.2028575,management,beacon,d8:d7:75:45:81:24,ff:ff:ff:ff:ff:ff,ff:ff:ff:ff:ff:ff,d8:d7:75:45:81:24,d8:d7:75:45:81:24,FunBox2-8124,-44,1,2412,False,False
1778935742.3052382,management,beacon,d8:d7:75:45:81:24,ff:ff:ff:ff:ff:ff,ff:ff:ff:ff:ff:ff,d8:d7:75:45:81:24,d8:d7:75:45:81:24,FunBox2-8124,-45,1,2412,False,False
1778935742.407676,management,beacon,d8:d7:75:45:81:24,ff:ff:ff:ff:ff:ff,ff:ff:ff:ff:ff:ff,d8:d7:75:45:81:24,d8:d7:75:45:81:24,FunBox2-8124,-45,1,2412,False,False
1778935742.5100706,management,beacon,d8:d7:75:45:81:24,ff:ff:ff:ff:ff:ff,ff:ff:ff:ff:ff:ff,d8:d7:75:45:81:24,d8:d7:75:45:81:24,FunBox2-8124,-45,1,2412,False,False
1778935742.5113022,data,null_data,50:02:91:e8:18:ec,d8:d7:75:45:81:24,d8:d7:75:45:81:24,50:02:91:e8:18:ec,d8:d7:75:45:81:24,,-84,1,2412,False,False
1778935742.5113077,control,ack,,50:02:91:e8:18:ec,50:02:91:e8:18:ec,,,,-44,1,2412,False,False
1778935742.6124508,management,beacon,d8:d7:75:45:81:24,ff:ff:ff:ff:ff:ff,ff:ff:ff:ff:ff:ff,d8:d7:75:45:81:24,d8:d7:75:45:81:24,FunBox2-8124,-44,1,2412,False,False
1778935742.6721425,data,null_data,50:02:91:e8:18:ec,d8:d7:75:45:81:24,d8:d7:75:45:81:24,50:02:91:e8:18:ec,d8:d7:75:45:81:24,,-83,1,2412,False,False
1778935742.672153,control,ack,,50:02:91:e8:18:ec,50:02:91:e8:18:ec,,,,-47,1,2412,False,False
1778935742.7148685,management,beacon,d8:d7:75:45:81:24,ff:ff:ff:ff:ff:ff,ff:ff:ff:ff:ff:ff,d8:d7:75:45:81:24,d8:d7:75:45:81:24,FunBox2-8124,-45,1,2412,False,False
1778935742.8173091,management,beacon,d8:d7:75:45:81:24,ff:ff:ff:ff:ff:ff,ff:ff:ff:ff:ff:ff,d8:d7:75:45:81:24,d8:d7:75:45:81:24,FunBox2-8124,-44,1,2412,False,False
1778935742.9196618,management,beacon,d8:d7:75:45:81:24,ff:ff:ff:ff:ff:ff,ff:ff:ff:ff:ff:ff,d8:d7:75:45:81:24,d8:d7:75:45:81:24,FunBox2-8124,-45,1,2412,False,False
1778935743.0220828,management,beacon,d8:d7:75:45:81:24,ff:ff:ff:ff:ff:ff,ff:ff:ff:ff:ff:ff,d8:d7:75:45:81:24,d8:d7:75:45:81:24,FunBox2-8124,-45,1,2412,False,False
1778935743.1244977,management,beacon,d8:d7:75:45:81:24,ff:ff:ff:ff:ff:ff,ff:ff:ff:ff:ff:ff,d8:d7:75:45:81:24,d8:d7:75:45:81:24,FunBox2-8124,-44,1,2412,False,False
1778935743.2268646,management,beacon,d8:d7:75:45:81:24,ff:ff:ff:ff:ff:ff,ff:ff:ff:ff:ff:ff,d8:d7:75:45:81:24,d8:d7:75:45:81:24,FunBox2-8124,-43,1,2412,False,False
1778935743.3292913,management,beacon,d8:d7:75:45:81:24,ff:ff:ff:ff:ff:ff,ff:ff:ff:ff:ff:ff,d8:d7:75:45:81:24,d8:d7:75:45:81:24,FunBox2-8124,-46,1,2412,False,False
1778935743.4317014,management,beacon,d8:d7:75:45:81:24,ff:ff:ff:ff:ff:ff,ff:ff:ff:ff:ff:ff,d8:d7:75:45:81:24,d8:d7:75:45:81:24,FunBox2-8124,-46,1,2412,False,False
1778935743.534104,management,beacon,d8:d7:75:45:81:24,ff:ff:ff:ff:ff:ff,ff:ff:ff:ff:ff:ff,d8:d7:75:45:81:24,d8:d7:75:45:81:24,FunBox2-8124,-46,1,2412,False,False
1778935743.6365316,management,beacon,d8:d7:75:45:81:24,ff:ff:ff:ff:ff:ff,ff:ff:ff:ff:ff:ff,d8:d7:75:45:81:24,d8:d7:75:45:81:24,FunBox2-8124,-42,1,2412,False,False
1778935743.7389026,management,beacon,d8:d7:75:45:81:24,ff:ff:ff:ff:ff:ff,ff:ff:ff:ff:ff:ff,d8:d7:75:45:81:24,d8:d7:75:45:81:24,FunBox2-8124,-46,1,2412,False,False
1778935743.8413558,management,beacon,d8:d7:75:45:81:24,ff:ff:ff:ff:ff:ff,ff:ff:ff:ff:ff:ff,d8:d7:75:45:81:24,d8:d7:75:45:81:24,FunBox2-8124,-44,1,2412,False,False
1778935743.89912,management,beacon,ac:84:c6:41:71:22,ff:ff:ff:ff:ff:ff,ff:ff:ff:ff:ff:ff,ac:84:c6:41:71:22,ac:84:c6:41:71:22,TP-LINK_7122,-87,1,2412,False,False
1778935743.9437404,management,beacon,d8:d7:75:45:81:24,ff:ff:ff:ff:ff:ff,ff:ff:ff:ff:ff:ff,d8:d7:75:45:81:24,d8:d7:75:45:81:24,FunBox2-8124,-42,1,2412,False,False
1778935744.0461192,management,beacon,d8:d7:75:45:81:24,ff:ff:ff:ff:ff:ff,ff:ff:ff:ff:ff:ff,d8:d7:75:45:81:24,d8:d7:75:45:81:24,FunBox2-8124,-44,1,2412,False,False
1778935744.0473516,data,null_data,50:02:91:e8:18:ec,d8:d7:75:45:81:24,d8:d7:75:45:81:24,50:02:91:e8:18:ec,d8:d7:75:45:81:24,,-85,1,2412,False,False
1778935744.0473576,control,ack,,50:02:91:e8:18:ec,50:02:91:e8:18:ec,,,,-46,1,2412,False,False
1778935744.1485372,management,beacon,d8:d7:75:45:81:24,ff:ff:ff:ff:ff:ff,ff:ff:ff:ff:ff:ff,d8:d7:75:45:81:24,d8:d7:75:45:81:24,FunBox2-8124,-45,1,2412,False,False
1778935744.2081864,control,ack,,50:02:91:e8:18:ec,50:02:91:e8:18:ec,,,,-46,1,2412,False,False
1778935744.250926,management,beacon,d8:d7:75:45:81:24,ff:ff:ff:ff:ff:ff,ff:ff:ff:ff:ff:ff,d8:d7:75:45:81:24,d8:d7:75:45:81:24,FunBox2-8124,-42,1,2412,False,False
1778935744.3533173,management,beacon,d8:d7:75:45:81:24,ff:ff:ff:ff:ff:ff,ff:ff:ff:ff:ff:ff,d8:d7:75:45:81:24,d8:d7:75:45:81:24,FunBox2-8124,-45,1,2412,False,False
1778935744.4557157,management,beacon,d8:d7:75:45:81:24,ff:ff:ff:ff:ff:ff,ff:ff:ff:ff:ff:ff,d8:d7:75:45:81:24,d8:d7:75:45:81:24,FunBox2-8124,-44,1,2412,False,False
1778935744.5581424,management,beacon,d8:d7:75:45:81:24,ff:ff:ff:ff:ff:ff,ff:ff:ff:ff:ff:ff,d8:d7:75:45:81:24,d8:d7:75:45:81:24,FunBox2-8124,-45,1,2412,False,False
1778935744.660554,management,beacon,d8:d7:75:45:81:24,ff:ff:ff:ff:ff:ff,ff:ff:ff:ff:ff:ff,d8:d7:75:45:81:24,d8:d7:75:45:81:24,FunBox2-8124,-44,1,2412,False,False
1778935744.7638133,management,beacon,d8:d7:75:45:81:24,ff:ff:ff:ff:ff:ff,ff:ff:ff:ff:ff:ff,d8:d7:75:45:81:24,d8:d7:75:45:81:24,FunBox2-8124,-44,1,2412,False,False
1778935744.8653355,management,beacon,d8:d7:75:45:81:24,ff:ff:ff:ff:ff:ff,ff:ff:ff:ff:ff:ff,d8:d7:75:45:81:24,d8:d7:75:45:81:24,FunBox2-8124,-46,1,2412,False,False
1778935744.9677675,management,beacon,d8:d7:75:45:81:24,ff:ff:ff:ff:ff:ff,ff:ff:ff:ff:ff:ff,d8:d7:75:45:81:24,d8:d7:75:45:81:24,FunBox2-8124,-45,1,2412,False,False
1778935745.0701778,management,beacon,d8:d7:75:45:81:24,ff:ff:ff:ff:ff:ff,ff:ff:ff:ff:ff:ff,d8:d7:75:45:81:24,d8:d7:75:45:81:24,FunBox2-8124,-44,1,2412,False,False
1778935745.1725554,management,beacon,d8:d7:75:45:81:24,ff:ff:ff:ff:ff:ff,ff:ff:ff:ff:ff:ff,d8:d7:75:45:81:24,d8:d7:75:45:81:24,FunBox2-8124,-47,1,2412,False,False
1778935745.2749472,management,beacon,d8:d7:75:45:81:24,ff:ff:ff:ff:ff:ff,ff:ff:ff:ff:ff:ff,d8:d7:75:45:81:24,d8:d7:75:45:81:24,FunBox2-8124,-47,1,2412,False,False
1778935745.3773484,management,beacon,d8:d7:75:45:81:24,ff:ff:ff:ff:ff:ff,ff:ff:ff:ff:ff:ff,d8:d7:75:45:81:24,d8:d7:75:45:81:24,FunBox2-8124,-48,1,2412,False,False
1778935745.4797466,management,beacon,d8:d7:75:45:81:24,ff:ff:ff:ff:ff:ff,ff:ff:ff:ff:ff:ff,d8:d7:75:45:81:24,d8:d7:75:45:81:24,FunBox2-8124,-44,1,2412,False,False
1778935745.5821998,management,beacon,d8:d7:75:45:81:24,ff:ff:ff:ff:ff:ff,ff:ff:ff:ff:ff:ff,d8:d7:75:45:81:24,d8:d7:75:45:81:24,FunBox2-8124,-43,1,2412,False,False
1778935745.6846108,management,beacon,d8:d7:75:45:81:24,ff:ff:ff:ff:ff:ff,ff:ff:ff:ff:ff:ff,d8:d7:75:45:81:24,d8:d7:75:45:81:24,FunBox2-8124,-45,1,2412,False,False
1778935745.6858037,data,null_data,50:02:91:e8:18:ec,d8:d7:75:45:81:24,d8:d7:75:45:81:24,50:02:91:e8:18:ec,d8:d7:75:45:81:24,,-84,1,2412,False,False
1778935745.685806,control,ack,,50:02:91:e8:18:ec,50:02:91:e8:18:ec,,,,-46,1,2412,False,False
1778935745.8466961,data,null_data,50:02:91:e8:18:ec,d8:d7:75:45:81:24,d8:d7:75:45:81:24,50:02:91:e8:18:ec,d8:d7:75:45:81:24,,-84,1,2412,False,False
1778935745.8467107,control,ack,,50:02:91:e8:18:ec,50:02:91:e8:18:ec,,,,-47,1,2412,False,False
1778935745.8894167,management,beacon,d8:d7:75:45:81:24,ff:ff:ff:ff:ff:ff,ff:ff:ff:ff:ff:ff,d8:d7:75:45:81:24,d8:d7:75:45:81:24,FunBox2-8124,-42,1,2412,False,False
1778935745.9917917,management,beacon,d8:d7:75:45:81:24,ff:ff:ff:ff:ff:ff,ff:ff:ff:ff:ff:ff,d8:d7:75:45:81:24,d8:d7:75:45:81:24,FunBox2-8124,-45,1,2412,False,False
1778935746.0942266,management,beacon,d8:d7:75:45:81:24,ff:ff:ff:ff:ff:ff,ff:ff:ff:ff:ff:ff,d8:d7:75:45:81:24,d8:d7:75:45:81:24,FunBox2-8124,-45,1,2412,False,False
1778935746.196582,management,beacon,d8:d7:75:45:81:24,ff:ff:ff:ff:ff:ff,ff:ff:ff:ff:ff:ff,d8:d7:75:45:81:24,d8:d7:75:45:81:24,FunBox2-8124,-46,1,2412,False,False
1778935746.401392,management,beacon,d8:d7:75:45:81:24,ff:ff:ff:ff:ff:ff,ff:ff:ff:ff:ff:ff,d8:d7:75:45:81:24,d8:d7:75:45:81:24,FunBox2-8124,-45,1,2412,False,False
1778935746.5037858,management,beacon,d8:d7:75:45:81:24,ff:ff:ff:ff:ff:ff,ff:ff:ff:ff:ff:ff,d8:d7:75:45:81:24,d8:d7:75:45:81:24,FunBox2-8124,-45,1,2412,False,False
1778935746.606228,management,beacon,d8:d7:75:45:81:24,ff:ff:ff:ff:ff:ff,ff:ff:ff:ff:ff:ff,d8:d7:75:45:81:24,d8:d7:75:45:81:24,FunBox2-8124,-42,1,2412,False,False
1778935746.7086256,management,beacon,d8:d7:75:45:81:24,ff:ff:ff:ff:ff:ff,ff:ff:ff:ff:ff:ff,d8:d7:75:45:81:24,d8:d7:75:45:81:24,FunBox2-8124,-45,1,2412,False,False
1778935746.916895,management,beacon,d8:d7:75:45:81:24,ff:ff:ff:ff:ff:ff,ff:ff:ff:ff:ff:ff,d8:d7:75:45:81:24,d8:d7:75:45:81:24,FunBox2-8124,-45,1,2412,False,False
1778935747.0158157,management,beacon,d8:d7:75:45:81:24,ff:ff:ff:ff:ff:ff,ff:ff:ff:ff:ff:ff,d8:d7:75:45:81:24,d8:d7:75:45:81:24,FunBox2-8124,-42,1,2412,False,False
1778935747.118271,management,beacon,d8:d7:75:45:81:24,ff:ff:ff:ff:ff:ff,ff:ff:ff:ff:ff:ff,d8:d7:75:45:81:24,d8:d7:75:45:81:24,FunBox2-8124,-45,1,2412,False,False
1778935747.1194637,data,null_data,50:02:91:e8:18:ec,d8:d7:75:45:81:24,d8:d7:75:45:81:24,50:02:91:e8:18:ec,d8:d7:75:45:81:24,,-85,1,2412,False,False
1778935747.119468,control,ack,,50:02:91:e8:18:ec,50:02:91:e8:18:ec,,,,-47,1,2412,False,False
1778935747.2206652,management,beacon,d8:d7:75:45:81:24,ff:ff:ff:ff:ff:ff,ff:ff:ff:ff:ff:ff,d8:d7:75:45:81:24,d8:d7:75:45:81:24,FunBox2-8124,-45,1,2412,False,False
1778935747.2803152,control,ack,,50:02:91:e8:18:ec,50:02:91:e8:18:ec,,,,-47,1,2412,False,False
1778935747.425445,management,beacon,d8:d7:75:45:81:24,ff:ff:ff:ff:ff:ff,ff:ff:ff:ff:ff:ff,d8:d7:75:45:81:24,d8:d7:75:45:81:24,FunBox2-8124,-46,1,2412,False,False
1778935747.4263883,data,data,d8:d7:75:45:81:24,ff:ff:ff:ff:ff:ff,ff:ff:ff:ff:ff:ff,d8:d7:75:45:81:24,d8:d7:75:45:81:24,,-46,1,2412,True,False
1778935747.4269288,control,ack,,d8:d7:75:45:81:24,d8:d7:75:45:81:24,,,,-84,1,2412,False,False
1778935747.4269311,data,null_data,50:02:91:e8:18:ec,d8:d7:75:45:81:24,d8:d7:75:45:81:24,50:02:91:e8:18:ec,d8:d7:75:45:81:24,,-85,1,2412,False,False
1778935747.4269323,control,ack,,50:02:91:e8:18:ec,50:02:91:e8:18:ec,,,,-48,1,2412,False,False
1778935747.428242,data,data,d8:d7:75:45:81:24,ff:ff:ff:ff:ff:ff,ff:ff:ff:ff:ff:ff,d8:d7:75:45:81:24,d8:d7:75:45:81:24,,-43,1,2412,True,False
1778935747.428553,control,ack,,d8:d7:75:45:81:24,d8:d7:75:45:81:24,,,,-83,1,2412,False,False
1778935747.527852,management,beacon,d8:d7:75:45:81:24,ff:ff:ff:ff:ff:ff,ff:ff:ff:ff:ff:ff,d8:d7:75:45:81:24,d8:d7:75:45:81:24,FunBox2-8124,-44,1,2412,False,False
1778935747.588979,data,null_data,50:02:91:e8:18:ec,d8:d7:75:45:81:24,d8:d7:75:45:81:24,50:02:91:e8:18:ec,d8:d7:75:45:81:24,,-83,1,2412,False,False
1778935747.5889888,control,ack,,50:02:91:e8:18:ec,50:02:91:e8:18:ec,,,,-46,1,2412,False,False
1778935747.6303027,management,beacon,d8:d7:75:45:81:24,ff:ff:ff:ff:ff:ff,ff:ff:ff:ff:ff:ff,d8:d7:75:45:81:24,d8:d7:75:45:81:24,FunBox2-8124,-44,1,2412,False,False
1778935747.937585,management,beacon,d8:d7:75:45:81:24,ff:ff:ff:ff:ff:ff,ff:ff:ff:ff:ff:ff,d8:d7:75:45:81:24,d8:d7:75:45:81:24,FunBox2-8124,-44,1,2412,False,False
1778935748.0399694,management,beacon,d8:d7:75:45:81:24,ff:ff:ff:ff:ff:ff,ff:ff:ff:ff:ff:ff,d8:d7:75:45:81:24,d8:d7:75:45:81:24,FunBox2-8124,-44,1,2412,False,False
1778935748.0413244,data,data,d8:d7:75:45:81:24,33:33:00:00:00:01,33:33:00:00:00:01,d8:d7:75:45:81:24,d8:d7:75:45:81:24,,-42,1,2412,True,False
1778935748.0421047,data,null_data,50:02:91:e8:18:ec,d8:d7:75:45:81:24,d8:d7:75:45:81:24,50:02:91:e8:18:ec,d8:d7:75:45:81:24,,-85,1,2412,False,False
1778935748.0421083,control,ack,,50:02:91:e8:18:ec,50:02:91:e8:18:ec,,,,-47,1,2412,False,False
1778935748.1422558,management,beacon,d8:d7:75:45:81:24,ff:ff:ff:ff:ff:ff,ff:ff:ff:ff:ff:ff,d8:d7:75:45:81:24,d8:d7:75:45:81:24,FunBox2-8124,-47,1,2412,False,False
1778935748.2029731,data,null_data,50:02:91:e8:18:ec,d8:d7:75:45:81:24,d8:d7:75:45:81:24,50:02:91:e8:18:ec,d8:d7:75:45:81:24,,-84,1,2412,False,False
1778935748.202981,control,ack,,50:02:91:e8:18:ec,50:02:91:e8:18:ec,,,,-46,1,2412,False,False
1778935748.2447166,management,beacon,d8:d7:75:45:81:24,ff:ff:ff:ff:ff:ff,ff:ff:ff:ff:ff:ff,d8:d7:75:45:81:24,d8:d7:75:45:81:24,FunBox2-8124,-45,1,2412,False,False
1778935748.3439898,control,cts,,ce:d0:54:70:b1:b3,ce:d0:54:70:b1:b3,,,,-87,1,2412,False,False
1778935748.449524,management,beacon,d8:d7:75:45:81:24,ff:ff:ff:ff:ff:ff,ff:ff:ff:ff:ff:ff,d8:d7:75:45:81:24,d8:d7:75:45:81:24,FunBox2-8124,-45,1,2412,False,False
1778935748.55186,management,beacon,d8:d7:75:45:81:24,ff:ff:ff:ff:ff:ff,ff:ff:ff:ff:ff:ff,d8:d7:75:45:81:24,d8:d7:75:45:81:24,FunBox2-8124,-44,1,2412,False,False
1778935748.6542828,management,beacon,d8:d7:75:45:81:24,ff:ff:ff:ff:ff:ff,ff:ff:ff:ff:ff:ff,d8:d7:75:45:81:24,d8:d7:75:45:81:24,FunBox2-8124,-44,1,2412,False,False
1778935748.7567296,management,beacon,d8:d7:75:45:81:24,ff:ff:ff:ff:ff:ff,ff:ff:ff:ff:ff:ff,d8:d7:75:45:81:24,d8:d7:75:45:81:24,FunBox2-8124,-44,1,2412,False,False
1778935748.9615026,management,beacon,d8:d7:75:45:81:24,ff:ff:ff:ff:ff:ff,ff:ff:ff:ff:ff:ff,d8:d7:75:45:81:24,d8:d7:75:45:81:24,FunBox2-8124,-44,1,2412,False,False
1778935749.0639465,management,beacon,d8:d7:75:45:81:24,ff:ff:ff:ff:ff:ff,ff:ff:ff:ff:ff:ff,d8:d7:75:45:81:24,d8:d7:75:45:81:24,FunBox2-8124,-44,1,2412,False,False
1778935749.1663027,management,beacon,d8:d7:75:45:81:24,ff:ff:ff:ff:ff:ff,ff:ff:ff:ff:ff:ff,d8:d7:75:45:81:24,d8:d7:75:45:81:24,FunBox2-8124,-45,1,2412,False,False
1778935749.201315,data,null_data,50:02:91:e8:18:ec,d8:d7:75:45:81:24,d8:d7:75:45:81:24,50:02:91:e8:18:ec,d8:d7:75:45:81:24,,-83,1,2412,False,False
1778935749.2013235,control,ack,,50:02:91:e8:18:ec,50:02:91:e8:18:ec,,,,-45,1,2412,False,False
1778935749.2687006,management,beacon,d8:d7:75:45:81:24,ff:ff:ff:ff:ff:ff,ff:ff:ff:ff:ff:ff,d8:d7:75:45:81:24,d8:d7:75:45:81:24,FunBox2-8124,-42,1,2412,False,False
1778935749.3626807,data,null_data,50:02:91:e8:18:ec,d8:d7:75:45:81:24,d8:d7:75:45:81:24,50:02:91:e8:18:ec,d8:d7:75:45:81:24,,-85,1,2412,False,False
1778935749.3626928,control,ack,,50:02:91:e8:18:ec,50:02:91:e8:18:ec,,,,-45,1,2412,False,False
1778935749.4735527,management,beacon,d8:d7:75:45:81:24,ff:ff:ff:ff:ff:ff,ff:ff:ff:ff:ff:ff,d8:d7:75:45:81:24,d8:d7:75:45:81:24,FunBox2-8124,-45,1,2412,False,False
1778935749.5758996,management,beacon,d8:d7:75:45:81:24,ff:ff:ff:ff:ff:ff,ff:ff:ff:ff:ff:ff,d8:d7:75:45:81:24,d8:d7:75:45:81:24,FunBox2-8124,-46,1,2412,False,False
1778935749.6300294,management,beacon,ac:84:c6:41:71:22,ff:ff:ff:ff:ff:ff,ff:ff:ff:ff:ff:ff,ac:84:c6:41:71:22,ac:84:c6:41:71:22,TP-LINK_7122,-86,1,2412,False,False
1778935749.6783507,management,beacon,d8:d7:75:45:81:24,ff:ff:ff:ff:ff:ff,ff:ff:ff:ff:ff:ff,d8:d7:75:45:81:24,d8:d7:75:45:81:24,FunBox2-8124,-45,1,2412,False,False
1778935749.780733,management,beacon,d8:d7:75:45:81:24,ff:ff:ff:ff:ff:ff,ff:ff:ff:ff:ff:ff,d8:d7:75:45:81:24,d8:d7:75:45:81:24,FunBox2-8124,-44,1,2412,False,False
1778935749.9855542,management,beacon,d8:d7:75:45:81:24,ff:ff:ff:ff:ff:ff,ff:ff:ff:ff:ff:ff,d8:d7:75:45:81:24,d8:d7:75:45:81:24,FunBox2-8124,-44,1,2412,False,False
1778935750.0879323,management,beacon,d8:d7:75:45:81:24,ff:ff:ff:ff:ff:ff,ff:ff:ff:ff:ff:ff,d8:d7:75:45:81:24,d8:d7:75:45:81:24,FunBox2-8124,-44,1,2412,False,False
1778935750.1903777,management,beacon,d8:d7:75:45:81:24,ff:ff:ff:ff:ff:ff,ff:ff:ff:ff:ff:ff,d8:d7:75:45:81:24,d8:d7:75:45:81:24,FunBox2-8124,-45,1,2412,False,False
1778935750.1915877,control,ack,,50:02:91:e8:18:ec,50:02:91:e8:18:ec,,,,-47,1,2412,False,False
1778935750.2927334,management,beacon,d8:d7:75:45:81:24,ff:ff:ff:ff:ff:ff,ff:ff:ff:ff:ff:ff,d8:d7:75:45:81:24,d8:d7:75:45:81:24,FunBox2-8124,-44,1,2412,False,False
1778935750.352434,data,null_data,50:02:91:e8:18:ec,d8:d7:75:45:81:24,d8:d7:75:45:81:24,50:02:91:e8:18:ec,d8:d7:75:45:81:24,,-86,1,2412,False,False
1778935750.352441,control,ack,,50:02:91:e8:18:ec,50:02:91:e8:18:ec,,,,-45,1,2412,False,False
1778935750.4975886,management,beacon,d8:d7:75:45:81:24,ff:ff:ff:ff:ff:ff,ff:ff:ff:ff:ff:ff,d8:d7:75:45:81:24,d8:d7:75:45:81:24,FunBox2-8124,-45,1,2412,False,False
1778935750.5999517,management,beacon,d8:d7:75:45:81:24,ff:ff:ff:ff:ff:ff,ff:ff:ff:ff:ff:ff,d8:d7:75:45:81:24,d8:d7:75:45:81:24,FunBox2-8124,-46,1,2412,False,False
1778935750.7023904,management,beacon,d8:d7:75:45:81:24,ff:ff:ff:ff:ff:ff,ff:ff:ff:ff:ff:ff,d8:d7:75:45:81:24,d8:d7:75:45:81:24,FunBox2-8124,-44,1,2412,False,False
1778935750.8047862,management,beacon,d8:d7:75:45:81:24,ff:ff:ff:ff:ff:ff,ff:ff:ff:ff:ff:ff,d8:d7:75:45:81:24,d8:d7:75:45:81:24,FunBox2-8124,-44,1,2412,False,False
1778935750.9072182,management,beacon,d8:d7:75:45:81:24,ff:ff:ff:ff:ff:ff,ff:ff:ff:ff:ff:ff,d8:d7:75:45:81:24,d8:d7:75:45:81:24,FunBox2-8124,-46,1,2412,False,False
1778935751.009598,management,beacon,d8:d7:75:45:81:24,ff:ff:ff:ff:ff:ff,ff:ff:ff:ff:ff:ff,d8:d7:75:45:81:24,d8:d7:75:45:81:24,FunBox2-8124,-43,1,2412,False,False
1778935751.1119645,management,beacon,d8:d7:75:45:81:24,ff:ff:ff:ff:ff:ff,ff:ff:ff:ff:ff:ff,d8:d7:75:45:81:24,d8:d7:75:45:81:24,FunBox2-8124,-46,1,2412,False,False
1778935751.2144158,management,beacon,d8:d7:75:45:81:24,ff:ff:ff:ff:ff:ff,ff:ff:ff:ff:ff:ff,d8:d7:75:45:81:24,d8:d7:75:45:81:24,FunBox2-8124,-45,1,2412,False,False
1778935751.3167982,management,beacon,d8:d7:75:45:81:24,ff:ff:ff:ff:ff:ff,ff:ff:ff:ff:ff:ff,d8:d7:75:45:81:24,d8:d7:75:45:81:24,FunBox2-8124,-45,1,2412,False,False
1778935751.4192183,management,beacon,d8:d7:75:45:81:24,ff:ff:ff:ff:ff:ff,ff:ff:ff:ff:ff:ff,d8:d7:75:45:81:24,d8:d7:75:45:81:24,FunBox2-8124,-47,1,2412,False,False
1778935751.5216331,management,beacon,d8:d7:75:45:81:24,ff:ff:ff:ff:ff:ff,ff:ff:ff:ff:ff:ff,d8:d7:75:45:81:24,d8:d7:75:45:81:24,FunBox2-8124,-43,1,2412,False,False
1778935751.624033,management,beacon,d8:d7:75:45:81:24,ff:ff:ff:ff:ff:ff,ff:ff:ff:ff:ff:ff,d8:d7:75:45:81:24,d8:d7:75:45:81:24,FunBox2-8124,-45,1,2412,False,False
1778935751.7276435,data,null_data,50:02:91:e8:18:ec,d8:d7:75:45:81:24,d8:d7:75:45:81:24,50:02:91:e8:18:ec,d8:d7:75:45:81:24,,-82,1,2412,False,False
1778935751.7276554,control,ack,,50:02:91:e8:18:ec,50:02:91:e8:18:ec,,,,-47,1,2412,False,False
1778935751.8288438,management,beacon,d8:d7:75:45:81:24,ff:ff:ff:ff:ff:ff,ff:ff:ff:ff:ff:ff,d8:d7:75:45:81:24,d8:d7:75:45:81:24,FunBox2-8124,-45,1,2412,False,False
1778935751.888512,data,null_data,50:02:91:e8:18:ec,d8:d7:75:45:81:24,d8:d7:75:45:81:24,50:02:91:e8:18:ec,d8:d7:75:45:81:24,,-83,1,2412,False,False
1778935751.8885202,control,ack,,50:02:91:e8:18:ec,50:02:91:e8:18:ec,,,,-45,1,2412,False,False
1778935751.9311888,management,beacon,d8:d7:75:45:81:24,ff:ff:ff:ff:ff:ff,ff:ff:ff:ff:ff:ff,d8:d7:75:45:81:24,d8:d7:75:45:81:24,FunBox2-8124,-45,1,2412,False,False
1778935751.983795,management,beacon,ac:84:c6:41:71:22,ff:ff:ff:ff:ff:ff,ff:ff:ff:ff:ff:ff,ac:84:c6:41:71:22,ac:84:c6:41:71:22,TP-LINK_7122,-84,1,2412,False,False
1778935752.0336204,management,beacon,d8:d7:75:45:81:24,ff:ff:ff:ff:ff:ff,ff:ff:ff:ff:ff:ff,d8:d7:75:45:81:24,d8:d7:75:45:81:24,FunBox2-8124,-44,1,2412,False,False
1778935752.1360393,management,beacon,d8:d7:75:45:81:24,ff:ff:ff:ff:ff:ff,ff:ff:ff:ff:ff:ff,d8:d7:75:45:81:24,d8:d7:75:45:81:24,FunBox2-8124,-46,1,2412,False,False
1778935752.238578,management,beacon,d8:d7:75:45:81:24,ff:ff:ff:ff:ff:ff,ff:ff:ff:ff:ff:ff,d8:d7:75:45:81:24,d8:d7:75:45:81:24,FunBox2-8124,-46,1,2412,False,False
1778935752.3408487,management,beacon,d8:d7:75:45:81:24,ff:ff:ff:ff:ff:ff,ff:ff:ff:ff:ff:ff,d8:d7:75:45:81:24,d8:d7:75:45:81:24,FunBox2-8124,-44,1,2412,False,False
1778935752.443247,management,beacon,d8:d7:75:45:81:24,ff:ff:ff:ff:ff:ff,ff:ff:ff:ff:ff:ff,d8:d7:75:45:81:24,d8:d7:75:45:81:24,FunBox2-8124,-47,1,2412,False,False
1778935752.5456152,management,beacon,d8:d7:75:45:81:24,ff:ff:ff:ff:ff:ff,ff:ff:ff:ff:ff:ff,d8:d7:75:45:81:24,d8:d7:75:45:81:24,FunBox2-8124,-42,1,2412,False,False
1778935752.648083,management,beacon,d8:d7:75:45:81:24,ff:ff:ff:ff:ff:ff,ff:ff:ff:ff:ff:ff,d8:d7:75:45:81:24,d8:d7:75:45:81:24,FunBox2-8124,-43,1,2412,False,False
1778935752.750447,management,beacon,d8:d7:75:45:81:24,ff:ff:ff:ff:ff:ff,ff:ff:ff:ff:ff:ff,d8:d7:75:45:81:24,d8:d7:75:45:81:24,FunBox2-8124,-45,1,2412,False,False
1778935752.8528097,management,beacon,d8:d7:75:45:81:24,ff:ff:ff:ff:ff:ff,ff:ff:ff:ff:ff:ff,d8:d7:75:45:81:24,d8:d7:75:45:81:24,FunBox2-8124,-46,1,2412,False,False
1778935752.9552555,management,beacon,d8:d7:75:45:81:24,ff:ff:ff:ff:ff:ff,ff:ff:ff:ff:ff:ff,d8:d7:75:45:81:24,d8:d7:75:45:81:24,FunBox2-8124,-42,1,2412,False,False
1778935753.0576293,management,beacon,d8:d7:75:45:81:24,ff:ff:ff:ff:ff:ff,ff:ff:ff:ff:ff:ff,d8:d7:75:45:81:24,d8:d7:75:45:81:24,FunBox2-8124,-46,1,2412,False,False
1778935753.1600516,management,beacon,d8:d7:75:45:81:24,ff:ff:ff:ff:ff:ff,ff:ff:ff:ff:ff:ff,d8:d7:75:45:81:24,d8:d7:75:45:81:24,FunBox2-8124,-48,1,2412,False,False
1778935753.2624347,management,beacon,d8:d7:75:45:81:24,ff:ff:ff:ff:ff:ff,ff:ff:ff:ff:ff:ff,d8:d7:75:45:81:24,d8:d7:75:45:81:24,FunBox2-8124,-45,1,2412,False,False
1778935753.3648713,management,beacon,d8:d7:75:45:81:24,ff:ff:ff:ff:ff:ff,ff:ff:ff:ff:ff:ff,d8:d7:75:45:81:24,d8:d7:75:45:81:24,FunBox2-8124,-46,1,2412,False,False
1778935753.3660781,data,null_data,50:02:91:e8:18:ec,d8:d7:75:45:81:24,d8:d7:75:45:81:24,50:02:91:e8:18:ec,d8:d7:75:45:81:24,,-83,1,2412,False,False
1778935753.366081,control,ack,,50:02:91:e8:18:ec,50:02:91:e8:18:ec,,,,-47,1,2412,False,False
1778935753.4672508,management,beacon,d8:d7:75:45:81:24,ff:ff:ff:ff:ff:ff,ff:ff:ff:ff:ff:ff,d8:d7:75:45:81:24,d8:d7:75:45:81:24,FunBox2-8124,-45,1,2412,False,False
1778935753.5271091,data,null_data,50:02:91:e8:18:ec,d8:d7:75:45:81:24,d8:d7:75:45:81:24,50:02:91:e8:18:ec,d8:d7:75:45:81:24,,-84,1,2412,False,False
1778935753.527123,data,null_data,50:02:91:e8:18:ec,d8:d7:75:45:81:24,d8:d7:75:45:81:24,50:02:91:e8:18:ec,d8:d7:75:45:81:24,,-83,1,2412,False,True
1778935753.5271242,control,ack,,50:02:91:e8:18:ec,50:02:91:e8:18:ec,,,,-47,1,2412,False,False
1778935753.569674,management,beacon,d8:d7:75:45:81:24,ff:ff:ff:ff:ff:ff,ff:ff:ff:ff:ff:ff,d8:d7:75:45:81:24,d8:d7:75:45:81:24,FunBox2-8124,-44,1,2412,False,False
1778935753.67211,management,beacon,d8:d7:75:45:81:24,ff:ff:ff:ff:ff:ff,ff:ff:ff:ff:ff:ff,d8:d7:75:45:81:24,d8:d7:75:45:81:24,FunBox2-8124,-46,1,2412,False,False
1778935753.774498,management,beacon,d8:d7:75:45:81:24,ff:ff:ff:ff:ff:ff,ff:ff:ff:ff:ff:ff,d8:d7:75:45:81:24,d8:d7:75:45:81:24,FunBox2-8124,-44,1,2412,False,False
1778935753.876878,management,beacon,d8:d7:75:45:81:24,ff:ff:ff:ff:ff:ff,ff:ff:ff:ff:ff:ff,d8:d7:75:45:81:24,d8:d7:75:45:81:24,FunBox2-8124,-44,1,2412,False,False
1778935753.9792688,management,beacon,d8:d7:75:45:81:24,ff:ff:ff:ff:ff:ff,ff:ff:ff:ff:ff:ff,d8:d7:75:45:81:24,d8:d7:75:45:81:24,FunBox2-8124,-45,1,2412,False,False
1778935754.0817075,management,beacon,d8:d7:75:45:81:24,ff:ff:ff:ff:ff:ff,ff:ff:ff:ff:ff:ff,d8:d7:75:45:81:24,d8:d7:75:45:81:24,FunBox2-8124,-42,1,2412,False,False
1778935754.1205463,management,probe_request,aa:54:47:88:40:9a,ff:ff:ff:ff:ff:ff,ff:ff:ff:ff:ff:ff,aa:54:47:88:40:9a,ff:ff:ff:ff:ff:ff,<hidden>,-61,1,2412,False,False
1778935754.1237922,management,probe_response,d8:d7:75:45:81:24,aa:54:47:88:40:9a,aa:54:47:88:40:9a,d8:d7:75:45:81:24,d8:d7:75:45:81:24,FunBox2-8124,-44,1,2412,False,False
1778935754.1240795,control,ack,,d8:d7:75:45:81:24,d8:d7:75:45:81:24,,,,-62,1,2412,False,False
1778935754.135294,management,probe_request,aa:54:47:88:40:9a,ff:ff:ff:ff:ff:ff,ff:ff:ff:ff:ff:ff,aa:54:47:88:40:9a,ff:ff:ff:ff:ff:ff,<hidden>,-62,1,2412,False,False
1778935754.1441982,control,ack,,d8:d7:75:45:81:24,d8:d7:75:45:81:24,,,,-64,1,2412,False,False
1778935754.1841125,management,beacon,d8:d7:75:45:81:24,ff:ff:ff:ff:ff:ff,ff:ff:ff:ff:ff:ff,d8:d7:75:45:81:24,d8:d7:75:45:81:24,FunBox2-8124,-47,1,2412,False,False
1778935754.286476,management,beacon,d8:d7:75:45:81:24,ff:ff:ff:ff:ff:ff,ff:ff:ff:ff:ff:ff,d8:d7:75:45:81:24,d8:d7:75:45:81:24,FunBox2-8124,-45,1,2412,False,False
1778935754.388922,management,beacon,d8:d7:75:45:81:24,ff:ff:ff:ff:ff:ff,ff:ff:ff:ff:ff:ff,d8:d7:75:45:81:24,d8:d7:75:45:81:24,FunBox2-8124,-42,1,2412,False,False
1778935754.4913337,management,beacon,d8:d7:75:45:81:24,ff:ff:ff:ff:ff:ff,ff:ff:ff:ff:ff:ff,d8:d7:75:45:81:24,d8:d7:75:45:81:24,FunBox2-8124,-45,1,2412,False,False
1778935754.492788,data,data,d8:d7:75:45:81:24,33:33:ff:7d:78:01,33:33:ff:7d:78:01,d8:d7:75:45:81:24,d8:d7:75:45:81:24,,-45,1,2412,True,False
1778935754.4930878,control,ack,,d8:d7:75:45:81:24,d8:d7:75:45:81:24,,,,-82,1,2412,False,False
1778935754.4944584,data,data,d8:d7:75:45:81:24,33:33:00:00:00:01,33:33:00:00:00:01,d8:d7:75:45:81:24,d8:d7:75:45:81:24,,-44,1,2412,True,False
1778935754.494979,control,ack,,d8:d7:75:45:81:24,d8:d7:75:45:81:24,,,,-83,1,2412,False,False
1778935754.4949818,data,null_data,50:02:91:e8:18:ec,d8:d7:75:45:81:24,d8:d7:75:45:81:24,50:02:91:e8:18:ec,d8:d7:75:45:81:24,,-83,1,2412,False,True
1778935754.494983,control,ack,,50:02:91:e8:18:ec,50:02:91:e8:18:ec,,,,-47,1,2412,False,False
1778935754.5936809,management,beacon,d8:d7:75:45:81:24,ff:ff:ff:ff:ff:ff,ff:ff:ff:ff:ff:ff,d8:d7:75:45:81:24,d8:d7:75:45:81:24,FunBox2-8124,-45,1,2412,False,False
1778935754.6559126,data,null_data,50:02:91:e8:18:ec,d8:d7:75:45:81:24,d8:d7:75:45:81:24,50:02:91:e8:18:ec,d8:d7:75:45:81:24,,-85,1,2412,False,False
1778935754.6559293,control,ack,,50:02:91:e8:18:ec,50:02:91:e8:18:ec,,,,-47,1,2412,False,False
1778935754.696087,management,beacon,d8:d7:75:45:81:24,ff:ff:ff:ff:ff:ff,ff:ff:ff:ff:ff:ff,d8:d7:75:45:81:24,d8:d7:75:45:81:24,FunBox2-8124,-47,1,2412,False,False
1778935754.7984927,management,beacon,d8:d7:75:45:81:24,ff:ff:ff:ff:ff:ff,ff:ff:ff:ff:ff:ff,d8:d7:75:45:81:24,d8:d7:75:45:81:24,FunBox2-8124,-42,1,2412,False,False
1778935754.9009585,management,beacon,d8:d7:75:45:81:24,ff:ff:ff:ff:ff:ff,ff:ff:ff:ff:ff:ff,d8:d7:75:45:81:24,d8:d7:75:45:81:24,FunBox2-8124,-47,1,2412,False,False
1778935755.0033545,management,beacon,d8:d7:75:45:81:24,ff:ff:ff:ff:ff:ff,ff:ff:ff:ff:ff:ff,d8:d7:75:45:81:24,d8:d7:75:45:81:24,FunBox2-8124,-43,1,2412,False,False
1778935755.1057305,management,beacon,d8:d7:75:45:81:24,ff:ff:ff:ff:ff:ff,ff:ff:ff:ff:ff:ff,d8:d7:75:45:81:24,d8:d7:75:45:81:24,FunBox2-8124,-46,1,2412,False,False
1778935755.2081513,management,beacon,d8:d7:75:45:81:24,ff:ff:ff:ff:ff:ff,ff:ff:ff:ff:ff:ff,d8:d7:75:45:81:24,d8:d7:75:45:81:24,FunBox2-8124,-45,1,2412,False,False
1778935755.3105412,management,beacon,d8:d7:75:45:81:24,ff:ff:ff:ff:ff:ff,ff:ff:ff:ff:ff:ff,d8:d7:75:45:81:24,d8:d7:75:45:81:24,FunBox2-8124,-45,1,2412,False,False
1778935755.412913,management,beacon,d8:d7:75:45:81:24,ff:ff:ff:ff:ff:ff,ff:ff:ff:ff:ff:ff,d8:d7:75:45:81:24,d8:d7:75:45:81:24,FunBox2-8124,-42,1,2412,False,False
1778935755.515341,management,beacon,d8:d7:75:45:81:24,ff:ff:ff:ff:ff:ff,ff:ff:ff:ff:ff:ff,d8:d7:75:45:81:24,d8:d7:75:45:81:24,FunBox2-8124,-43,1,2412,False,False
1778935755.6177847,management,beacon,d8:d7:75:45:81:24,ff:ff:ff:ff:ff:ff,ff:ff:ff:ff:ff:ff,d8:d7:75:45:81:24,d8:d7:75:45:81:24,FunBox2-8124,-43,1,2412,False,False
1778935755.720183,management,beacon,d8:d7:75:45:81:24,ff:ff:ff:ff:ff:ff,ff:ff:ff:ff:ff:ff,d8:d7:75:45:81:24,d8:d7:75:45:81:24,FunBox2-8124,-47,1,2412,False,False
1778935755.8225436,management,beacon,d8:d7:75:45:81:24,ff:ff:ff:ff:ff:ff,ff:ff:ff:ff:ff:ff,d8:d7:75:45:81:24,d8:d7:75:45:81:24,FunBox2-8124,-48,1,2412,False,False
1778935755.924985,management,beacon,d8:d7:75:45:81:24,ff:ff:ff:ff:ff:ff,ff:ff:ff:ff:ff:ff,d8:d7:75:45:81:24,d8:d7:75:45:81:24,FunBox2-8124,-45,1,2412,False,False
1778935756.0273578,management,beacon,d8:d7:75:45:81:24,ff:ff:ff:ff:ff:ff,ff:ff:ff:ff:ff:ff,d8:d7:75:45:81:24,d8:d7:75:45:81:24,FunBox2-8124,-45,1,2412,False,False
1778935756.1298277,management,beacon,d8:d7:75:45:81:24,ff:ff:ff:ff:ff:ff,ff:ff:ff:ff:ff:ff,d8:d7:75:45:81:24,d8:d7:75:45:81:24,FunBox2-8124,-47,1,2412,False,False
1778935756.2321553,management,beacon,d8:d7:75:45:81:24,ff:ff:ff:ff:ff:ff,ff:ff:ff:ff:ff:ff,d8:d7:75:45:81:24,d8:d7:75:45:81:24,FunBox2-8124,-49,1,2412,False,False
1778935756.334562,management,beacon,d8:d7:75:45:81:24,ff:ff:ff:ff:ff:ff,ff:ff:ff:ff:ff:ff,d8:d7:75:45:81:24,d8:d7:75:45:81:24,FunBox2-8124,-41,1,2412,False,False
1778935756.3360612,data,null_data,50:02:91:e8:18:ec,d8:d7:75:45:81:24,d8:d7:75:45:81:24,50:02:91:e8:18:ec,d8:d7:75:45:81:24,,-85,1,2412,False,False
1778935756.3360686,control,ack,,50:02:91:e8:18:ec,50:02:91:e8:18:ec,,,,-44,1,2412,False,False
1778935756.33607,data,null_data,50:02:91:e8:18:ec,d8:d7:75:45:81:24,d8:d7:75:45:81:24,50:02:91:e8:18:ec,d8:d7:75:45:81:24,,-83,1,2412,False,True
1778935756.3360713,control,ack,,50:02:91:e8:18:ec,50:02:91:e8:18:ec,,,,-44,1,2412,False,False
1778935756.4370136,management,beacon,d8:d7:75:45:81:24,ff:ff:ff:ff:ff:ff,ff:ff:ff:ff:ff:ff,d8:d7:75:45:81:24,d8:d7:75:45:81:24,FunBox2-8124,-49,1,2412,False,False
1778935756.4969409,data,null_data,50:02:91:e8:18:ec,d8:d7:75:45:81:24,d8:d7:75:45:81:24,50:02:91:e8:18:ec,d8:d7:75:45:81:24,,-84,1,2412,False,False
1778935756.49695,control,ack,,50:02:91:e8:18:ec,50:02:91:e8:18:ec,,,,-49,1,2412,False,False
1778935756.539361,management,beacon,d8:d7:75:45:81:24,ff:ff:ff:ff:ff:ff,ff:ff:ff:ff:ff:ff,d8:d7:75:45:81:24,d8:d7:75:45:81:24,FunBox2-8124,-48,1,2412,False,False
1778935756.641822,management,beacon,d8:d7:75:45:81:24,ff:ff:ff:ff:ff:ff,ff:ff:ff:ff:ff:ff,d8:d7:75:45:81:24,d8:d7:75:45:81:24,FunBox2-8124,-51,1,2412,False,False
1778935756.7441795,management,beacon,d8:d7:75:45:81:24,ff:ff:ff:ff:ff:ff,ff:ff:ff:ff:ff:ff,d8:d7:75:45:81:24,d8:d7:75:45:81:24,FunBox2-8124,-43,1,2412,False,False
1778935756.8465807,management,beacon,d8:d7:75:45:81:24,ff:ff:ff:ff:ff:ff,ff:ff:ff:ff:ff:ff,d8:d7:75:45:81:24,d8:d7:75:45:81:24,FunBox2-8124,-42,1,2412,False,False
1778935756.949033,management,beacon,d8:d7:75:45:81:24,ff:ff:ff:ff:ff:ff,ff:ff:ff:ff:ff:ff,d8:d7:75:45:81:24,d8:d7:75:45:81:24,FunBox2-8124,-50,1,2412,False,False
1778935757.0514307,management,beacon,d8:d7:75:45:81:24,ff:ff:ff:ff:ff:ff,ff:ff:ff:ff:ff:ff,d8:d7:75:45:81:24,d8:d7:75:45:81:24,FunBox2-8124,-52,1,2412,False,False
1778935757.153819,management,beacon,d8:d7:75:45:81:24,ff:ff:ff:ff:ff:ff,ff:ff:ff:ff:ff:ff,d8:d7:75:45:81:24,d8:d7:75:45:81:24,FunBox2-8124,-52,1,2412,False,False
1778935757.2561889,management,beacon,d8:d7:75:45:81:24,ff:ff:ff:ff:ff:ff,ff:ff:ff:ff:ff:ff,d8:d7:75:45:81:24,d8:d7:75:45:81:24,FunBox2-8124,-44,1,2412,False,False
1778935757.358676,management,beacon,d8:d7:75:45:81:24,ff:ff:ff:ff:ff:ff,ff:ff:ff:ff:ff:ff,d8:d7:75:45:81:24,d8:d7:75:45:81:24,FunBox2-8124,-59,1,2412,False,False
1778935757.461023,management,beacon,d8:d7:75:45:81:24,ff:ff:ff:ff:ff:ff,ff:ff:ff:ff:ff:ff,d8:d7:75:45:81:24,d8:d7:75:45:81:24,FunBox2-8124,-52,1,2412,False,False
1778935757.5634449,management,beacon,d8:d7:75:45:81:24,ff:ff:ff:ff:ff:ff,ff:ff:ff:ff:ff:ff,d8:d7:75:45:81:24,d8:d7:75:45:81:24,FunBox2-8124,-42,1,2412,False,False
1778935757.6658177,management,beacon,d8:d7:75:45:81:24,ff:ff:ff:ff:ff:ff,ff:ff:ff:ff:ff:ff,d8:d7:75:45:81:24,d8:d7:75:45:81:24,FunBox2-8124,-44,1,2412,False,False
1778935757.7682078,management,beacon,d8:d7:75:45:81:24,ff:ff:ff:ff:ff:ff,ff:ff:ff:ff:ff:ff,d8:d7:75:45:81:24,d8:d7:75:45:81:24,FunBox2-8124,-43,1,2412,False,False
1778935757.8706574,management,beacon,d8:d7:75:45:81:24,ff:ff:ff:ff:ff:ff,ff:ff:ff:ff:ff:ff,d8:d7:75:45:81:24,d8:d7:75:45:81:24,FunBox2-8124,-49,1,2412,False,False
1778935757.8717945,data,null_data,50:02:91:e8:18:ec,d8:d7:75:45:81:24,d8:d7:75:45:81:24,50:02:91:e8:18:ec,d8:d7:75:45:81:24,,-84,1,2412,False,False
1778935757.871799,control,ack,,50:02:91:e8:18:ec,50:02:91:e8:18:ec,,,,-47,1,2412,False,False
1778935757.973002,management,beacon,d8:d7:75:45:81:24,ff:ff:ff:ff:ff:ff,ff:ff:ff:ff:ff:ff,d8:d7:75:45:81:24,d8:d7:75:45:81:24,FunBox2-8124,-45,1,2412,False,False
1778935758.0326378,data,null_data,50:02:91:e8:18:ec,d8:d7:75:45:81:24,d8:d7:75:45:81:24,50:02:91:e8:18:ec,d8:d7:75:45:81:24,,-84,1,2412,False,False
1778935758.0326457,control,ack,,50:02:91:e8:18:ec,50:02:91:e8:18:ec,,,,-45,1,2412,False,False
1778935758.075412,management,beacon,d8:d7:75:45:81:24,ff:ff:ff:ff:ff:ff,ff:ff:ff:ff:ff:ff,d8:d7:75:45:81:24,d8:d7:75:45:81:24,FunBox2-8124,-40,1,2412,False,False
1778935758.1778727,management,beacon,d8:d7:75:45:81:24,ff:ff:ff:ff:ff:ff,ff:ff:ff:ff:ff:ff,d8:d7:75:45:81:24,d8:d7:75:45:81:24,FunBox2-8124,-42,1,2412,False,False
1778935758.2802458,management,beacon,d8:d7:75:45:81:24,ff:ff:ff:ff:ff:ff,ff:ff:ff:ff:ff:ff,d8:d7:75:45:81:24,d8:d7:75:45:81:24,FunBox2-8124,-45,1,2412,False,False
1778935758.3826957,management,beacon,d8:d7:75:45:81:24,ff:ff:ff:ff:ff:ff,ff:ff:ff:ff:ff:ff,d8:d7:75:45:81:24,d8:d7:75:45:81:24,FunBox2-8124,-48,1,2412,False,False
1778935758.4850836,management,beacon,d8:d7:75:45:81:24,ff:ff:ff:ff:ff:ff,ff:ff:ff:ff:ff:ff,d8:d7:75:45:81:24,d8:d7:75:45:81:24,FunBox2-8124,-43,1,2412,False,False
1778935758.5874882,management,beacon,d8:d7:75:45:81:24,ff:ff:ff:ff:ff:ff,ff:ff:ff:ff:ff:ff,d8:d7:75:45:81:24,d8:d7:75:45:81:24,FunBox2-8124,-48,1,2412,False,False
1778935758.7922933,management,beacon,d8:d7:75:45:81:24,ff:ff:ff:ff:ff:ff,ff:ff:ff:ff:ff:ff,d8:d7:75:45:81:24,d8:d7:75:45:81:24,FunBox2-8124,-44,1,2412,False,False
1778935758.8946745,management,beacon,d8:d7:75:45:81:24,ff:ff:ff:ff:ff:ff,ff:ff:ff:ff:ff:ff,d8:d7:75:45:81:24,d8:d7:75:45:81:24,FunBox2-8124,-43,1,2412,False,False
1778935758.997086,management,beacon,d8:d7:75:45:81:24,ff:ff:ff:ff:ff:ff,ff:ff:ff:ff:ff:ff,d8:d7:75:45:81:24,d8:d7:75:45:81:24,FunBox2-8124,-42,1,2412,False,False
1778935759.0995016,management,beacon,d8:d7:75:45:81:24,ff:ff:ff:ff:ff:ff,ff:ff:ff:ff:ff:ff,d8:d7:75:45:81:24,d8:d7:75:45:81:24,FunBox2-8124,-50,1,2412,False,False
1778935759.2022364,data,null_data,50:02:91:e8:18:ec,d8:d7:75:45:81:24,d8:d7:75:45:81:24,50:02:91:e8:18:ec,d8:d7:75:45:81:24,,-81,1,2412,False,False
1778935759.2022455,control,ack,,50:02:91:e8:18:ec,50:02:91:e8:18:ec,,,,-49,1,2412,False,False
1778935759.3043067,management,beacon,d8:d7:75:45:81:24,ff:ff:ff:ff:ff:ff,ff:ff:ff:ff:ff:ff,d8:d7:75:45:81:24,d8:d7:75:45:81:24,FunBox2-8124,-51,1,2412,False,False
1778935759.3631935,data,null_data,50:02:91:e8:18:ec,d8:d7:75:45:81:24,d8:d7:75:45:81:24,50:02:91:e8:18:ec,d8:d7:75:45:81:24,,-84,1,2412,False,False
1778935759.363203,control,ack,,50:02:91:e8:18:ec,50:02:91:e8:18:ec,,,,-50,1,2412,False,False
1778935759.4066832,management,beacon,d8:d7:75:45:81:24,ff:ff:ff:ff:ff:ff,ff:ff:ff:ff:ff:ff,d8:d7:75:45:81:24,d8:d7:75:45:81:24,FunBox2-8124,-42,1,2412,False,False
1778935759.5090604,management,beacon,d8:d7:75:45:81:24,ff:ff:ff:ff:ff:ff,ff:ff:ff:ff:ff:ff,d8:d7:75:45:81:24,d8:d7:75:45:81:24,FunBox2-8124,-53,1,2412,False,False
1778935759.6114686,management,beacon,d8:d7:75:45:81:24,ff:ff:ff:ff:ff:ff,ff:ff:ff:ff:ff:ff,d8:d7:75:45:81:24,d8:d7:75:45:81:24,FunBox2-8124,-51,1,2412,False,False
1778935759.8163347,management,beacon,d8:d7:75:45:81:24,ff:ff:ff:ff:ff:ff,ff:ff:ff:ff:ff:ff,d8:d7:75:45:81:24,d8:d7:75:45:81:24,FunBox2-8124,-52,1,2412,False,False
1778935759.9186823,management,beacon,d8:d7:75:45:81:24,ff:ff:ff:ff:ff:ff,ff:ff:ff:ff:ff:ff,d8:d7:75:45:81:24,d8:d7:75:45:81:24,FunBox2-8124,-41,1,2412,False,False
1778935760.0210922,management,beacon,d8:d7:75:45:81:24,ff:ff:ff:ff:ff:ff,ff:ff:ff:ff:ff:ff,d8:d7:75:45:81:24,d8:d7:75:45:81:24,FunBox2-8124,-43,1,2412,False,False
1778935760.1234884,management,beacon,d8:d7:75:45:81:24,ff:ff:ff:ff:ff:ff,ff:ff:ff:ff:ff:ff,d8:d7:75:45:81:24,d8:d7:75:45:81:24,FunBox2-8124,-41,1,2412,False,False
1778935760.3282993,management,beacon,d8:d7:75:45:81:24,ff:ff:ff:ff:ff:ff,ff:ff:ff:ff:ff:ff,d8:d7:75:45:81:24,d8:d7:75:45:81:24,FunBox2-8124,-48,1,2412,False,False
1778935760.4307537,management,beacon,d8:d7:75:45:81:24,ff:ff:ff:ff:ff:ff,ff:ff:ff:ff:ff:ff,d8:d7:75:45:81:24,d8:d7:75:45:81:24,FunBox2-8124,-41,1,2412,False,False
1778935760.5331478,management,beacon,d8:d7:75:45:81:24,ff:ff:ff:ff:ff:ff,ff:ff:ff:ff:ff:ff,d8:d7:75:45:81:24,d8:d7:75:45:81:24,FunBox2-8124,-48,1,2412,False,False
1778935760.635512,management,beacon,d8:d7:75:45:81:24,ff:ff:ff:ff:ff:ff,ff:ff:ff:ff:ff:ff,d8:d7:75:45:81:24,d8:d7:75:45:81:24,FunBox2-8124,-46,1,2412,False,False
1778935760.8403213,management,beacon,d8:d7:75:45:81:24,ff:ff:ff:ff:ff:ff,ff:ff:ff:ff:ff:ff,d8:d7:75:45:81:24,d8:d7:75:45:81:24,FunBox2-8124,-49,1,2412,False,False
1778935760.9427805,management,beacon,d8:d7:75:45:81:24,ff:ff:ff:ff:ff:ff,ff:ff:ff:ff:ff:ff,d8:d7:75:45:81:24,d8:d7:75:45:81:24,FunBox2-8124,-47,1,2412,False,False
1778935761.0451565,management,beacon,d8:d7:75:45:81:24,ff:ff:ff:ff:ff:ff,ff:ff:ff:ff:ff:ff,d8:d7:75:45:81:24,d8:d7:75:45:81:24,FunBox2-8124,-48,1,2412,False,False
1778935761.0463688,data,null_data,50:02:91:e8:18:ec,d8:d7:75:45:81:24,d8:d7:75:45:81:24,50:02:91:e8:18:ec,d8:d7:75:45:81:24,,-81,1,2412,False,False
1778935761.0463736,control,ack,,50:02:91:e8:18:ec,50:02:91:e8:18:ec,,,,-49,1,2412,False,False
1778935761.1475239,management,beacon,d8:d7:75:45:81:24,ff:ff:ff:ff:ff:ff,ff:ff:ff:ff:ff:ff,d8:d7:75:45:81:24,d8:d7:75:45:81:24,FunBox2-8124,-48,1,2412,False,False
1778935761.199457,control,cts,,ce:d0:54:70:b1:b3,ce:d0:54:70:b1:b3,,,,-86,1,2412,False,False
1778935761.2072244,data,null_data,50:02:91:e8:18:ec,d8:d7:75:45:81:24,d8:d7:75:45:81:24,50:02:91:e8:18:ec,d8:d7:75:45:81:24,,-82,1,2412,False,False
1778935761.2072406,control,ack,,50:02:91:e8:18:ec,50:02:91:e8:18:ec,,,,-48,1,2412,False,False
1778935761.2499356,management,beacon,d8:d7:75:45:81:24,ff:ff:ff:ff:ff:ff,ff:ff:ff:ff:ff:ff,d8:d7:75:45:81:24,d8:d7:75:45:81:24,FunBox2-8124,-41,1,2412,False,False
1778935761.2965064,management,beacon,ac:84:c6:41:71:22,ff:ff:ff:ff:ff:ff,ff:ff:ff:ff:ff:ff,ac:84:c6:41:71:22,ac:84:c6:41:71:22,TP-LINK_7122,-87,1,2412,False,False
1778935761.3523612,management,beacon,d8:d7:75:45:81:24,ff:ff:ff:ff:ff:ff,ff:ff:ff:ff:ff:ff,d8:d7:75:45:81:24,d8:d7:75:45:81:24,FunBox2-8124,-50,1,2412,False,False
1778935761.4547775,management,beacon,d8:d7:75:45:81:24,ff:ff:ff:ff:ff:ff,ff:ff:ff:ff:ff:ff,d8:d7:75:45:81:24,d8:d7:75:45:81:24,FunBox2-8124,-51,1,2412,False,False
1778935761.5571442,management,beacon,d8:d7:75:45:81:24,ff:ff:ff:ff:ff:ff,ff:ff:ff:ff:ff:ff,d8:d7:75:45:81:24,d8:d7:75:45:81:24,FunBox2-8124,-49,1,2412,False,False
1778935761.6595497,management,beacon,d8:d7:75:45:81:24,ff:ff:ff:ff:ff:ff,ff:ff:ff:ff:ff:ff,d8:d7:75:45:81:24,d8:d7:75:45:81:24,FunBox2-8124,-46,1,2412,False,False
1778935761.8643591,management,beacon,d8:d7:75:45:81:24,ff:ff:ff:ff:ff:ff,ff:ff:ff:ff:ff:ff,d8:d7:75:45:81:24,d8:d7:75:45:81:24,FunBox2-8124,-47,1,2412,False,False
1778935761.9668002,management,beacon,d8:d7:75:45:81:24,ff:ff:ff:ff:ff:ff,ff:ff:ff:ff:ff:ff,d8:d7:75:45:81:24,d8:d7:75:45:81:24,FunBox2-8124,-48,1,2412,False,False
1778935762.0691657,management,beacon,d8:d7:75:45:81:24,ff:ff:ff:ff:ff:ff,ff:ff:ff:ff:ff:ff,d8:d7:75:45:81:24,d8:d7:75:45:81:24,FunBox2-8124,-49,1,2412,False,False
1778935762.1716104,management,beacon,d8:d7:75:45:81:24,ff:ff:ff:ff:ff:ff,ff:ff:ff:ff:ff:ff,d8:d7:75:45:81:24,d8:d7:75:45:81:24,FunBox2-8124,-41,1,2412,False,False
1778935762.3764033,management,beacon,d8:d7:75:45:81:24,ff:ff:ff:ff:ff:ff,ff:ff:ff:ff:ff:ff,d8:d7:75:45:81:24,d8:d7:75:45:81:24,FunBox2-8124,-41,1,2412,False,False
1778935762.4787815,management,beacon,d8:d7:75:45:81:24,ff:ff:ff:ff:ff:ff,ff:ff:ff:ff:ff:ff,d8:d7:75:45:81:24,d8:d7:75:45:81:24,FunBox2-8124,-41,1,2412,False,False
1778935762.4799562,data,null_data,50:02:91:e8:18:ec,d8:d7:75:45:81:24,d8:d7:75:45:81:24,50:02:91:e8:18:ec,d8:d7:75:45:81:24,,-80,1,2412,False,False
1778935762.479962,control,ack,,50:02:91:e8:18:ec,50:02:91:e8:18:ec,,,,-45,1,2412,False,False
1778935762.5811832,management,beacon,d8:d7:75:45:81:24,ff:ff:ff:ff:ff:ff,ff:ff:ff:ff:ff:ff,d8:d7:75:45:81:24,d8:d7:75:45:81:24,FunBox2-8124,-45,1,2412,False,False
1778935762.640795,data,null_data,50:02:91:e8:18:ec,d8:d7:75:45:81:24,d8:d7:75:45:81:24,50:02:91:e8:18:ec,d8:d7:75:45:81:24,,-80,1,2412,False,False
1778935762.6408052,control,ack,,50:02:91:e8:18:ec,50:02:91:e8:18:ec,,,,-47,1,2412,False,False
1778935762.683616,management,beacon,d8:d7:75:45:81:24,ff:ff:ff:ff:ff:ff,ff:ff:ff:ff:ff:ff,d8:d7:75:45:81:24,d8:d7:75:45:81:24,FunBox2-8124,-42,1,2412,False,False
1778935762.8884284,management,beacon,d8:d7:75:45:81:24,ff:ff:ff:ff:ff:ff,ff:ff:ff:ff:ff:ff,d8:d7:75:45:81:24,d8:d7:75:45:81:24,FunBox2-8124,-45,1,2412,False,False
1778935762.9907887,management,beacon,d8:d7:75:45:81:24,ff:ff:ff:ff:ff:ff,ff:ff:ff:ff:ff:ff,d8:d7:75:45:81:24,d8:d7:75:45:81:24,FunBox2-8124,-45,1,2412,False,False
1778935763.0932229,management,beacon,d8:d7:75:45:81:24,ff:ff:ff:ff:ff:ff,ff:ff:ff:ff:ff:ff,d8:d7:75:45:81:24,d8:d7:75:45:81:24,FunBox2-8124,-45,1,2412,False,False
1778935763.1956537,management,beacon,d8:d7:75:45:81:24,ff:ff:ff:ff:ff:ff,ff:ff:ff:ff:ff:ff,d8:d7:75:45:81:24,d8:d7:75:45:81:24,FunBox2-8124,-43,1,2412,False,False
1778935763.4004047,management,beacon,d8:d7:75:45:81:24,ff:ff:ff:ff:ff:ff,ff:ff:ff:ff:ff:ff,d8:d7:75:45:81:24,d8:d7:75:45:81:24,FunBox2-8124,-45,1,2412,False,False
1778935763.5028179,management,beacon,d8:d7:75:45:81:24,ff:ff:ff:ff:ff:ff,ff:ff:ff:ff:ff:ff,d8:d7:75:45:81:24,d8:d7:75:45:81:24,FunBox2-8124,-46,1,2412,False,False
1778935763.6052172,management,beacon,d8:d7:75:45:81:24,ff:ff:ff:ff:ff:ff,ff:ff:ff:ff:ff:ff,d8:d7:75:45:81:24,d8:d7:75:45:81:24,FunBox2-8124,-47,1,2412,False,False
1778935763.707627,management,beacon,d8:d7:75:45:81:24,ff:ff:ff:ff:ff:ff,ff:ff:ff:ff:ff:ff,d8:d7:75:45:81:24,d8:d7:75:45:81:24,FunBox2-8124,-53,1,2412,False,False
1778935763.8100193,management,beacon,d8:d7:75:45:81:24,ff:ff:ff:ff:ff:ff,ff:ff:ff:ff:ff:ff,d8:d7:75:45:81:24,d8:d7:75:45:81:24,FunBox2-8124,-55,1,2412,False,False
1778935763.9124334,management,beacon,d8:d7:75:45:81:24,ff:ff:ff:ff:ff:ff,ff:ff:ff:ff:ff:ff,d8:d7:75:45:81:24,d8:d7:75:45:81:24,FunBox2-8124,-52,1,2412,False,False
1778935764.0148537,management,beacon,d8:d7:75:45:81:24,ff:ff:ff:ff:ff:ff,ff:ff:ff:ff:ff:ff,d8:d7:75:45:81:24,d8:d7:75:45:81:24,FunBox2-8124,-53,1,2412,False,False
1778935764.0160196,control,ack,,50:02:91:e8:18:ec,50:02:91:e8:18:ec,,,,-55,1,2412,False,False
1778935764.1173146,management,beacon,d8:d7:75:45:81:24,ff:ff:ff:ff:ff:ff,ff:ff:ff:ff:ff:ff,d8:d7:75:45:81:24,d8:d7:75:45:81:24,FunBox2-8124,-43,1,2412,False,False
1778935764.1768808,data,null_data,50:02:91:e8:18:ec,d8:d7:75:45:81:24,d8:d7:75:45:81:24,50:02:91:e8:18:ec,d8:d7:75:45:81:24,,-84,1,2412,False,False
1778935764.176891,control,ack,,50:02:91:e8:18:ec,50:02:91:e8:18:ec,,,,-55,1,2412,False,False
1778935764.2196643,management,beacon,d8:d7:75:45:81:24,ff:ff:ff:ff:ff:ff,ff:ff:ff:ff:ff:ff,d8:d7:75:45:81:24,d8:d7:75:45:81:24,FunBox2-8124,-44,1,2412,False,False
1778935764.3220844,management,beacon,d8:d7:75:45:81:24,ff:ff:ff:ff:ff:ff,ff:ff:ff:ff:ff:ff,d8:d7:75:45:81:24,d8:d7:75:45:81:24,FunBox2-8124,-54,1,2412,False,False
1778935764.4244783,management,beacon,d8:d7:75:45:81:24,ff:ff:ff:ff:ff:ff,ff:ff:ff:ff:ff:ff,d8:d7:75:45:81:24,d8:d7:75:45:81:24,FunBox2-8124,-59,1,2412,False,False
1778935764.5268974,management,beacon,d8:d7:75:45:81:24,ff:ff:ff:ff:ff:ff,ff:ff:ff:ff:ff:ff,d8:d7:75:45:81:24,d8:d7:75:45:81:24,FunBox2-8124,-53,1,2412,False,False
1778935764.6292737,management,beacon,d8:d7:75:45:81:24,ff:ff:ff:ff:ff:ff,ff:ff:ff:ff:ff:ff,d8:d7:75:45:81:24,d8:d7:75:45:81:24,FunBox2-8124,-58,1,2412,False,False
1778935764.7316573,management,beacon,d8:d7:75:45:81:24,ff:ff:ff:ff:ff:ff,ff:ff:ff:ff:ff:ff,d8:d7:75:45:81:24,d8:d7:75:45:81:24,FunBox2-8124,-58,1,2412,False,False
1778935764.834114,management,beacon,d8:d7:75:45:81:24,ff:ff:ff:ff:ff:ff,ff:ff:ff:ff:ff:ff,d8:d7:75:45:81:24,d8:d7:75:45:81:24,FunBox2-8124,-42,1,2412,False,False
1778935764.9365335,management,beacon,d8:d7:75:45:81:24,ff:ff:ff:ff:ff:ff,ff:ff:ff:ff:ff:ff,d8:d7:75:45:81:24,d8:d7:75:45:81:24,FunBox2-8124,-42,1,2412,False,False
1778935765.0389209,management,beacon,d8:d7:75:45:81:24,ff:ff:ff:ff:ff:ff,ff:ff:ff:ff:ff:ff,d8:d7:75:45:81:24,d8:d7:75:45:81:24,FunBox2-8124,-41,1,2412,False,False
1778935765.08926,management,probe_response,d8:d7:75:45:81:24,be:50:7b:a4:fb:84,be:50:7b:a4:fb:84,d8:d7:75:45:81:24,d8:d7:75:45:81:24,FunBox2-8124,-41,1,2412,False,False
1778935765.1412718,management,beacon,d8:d7:75:45:81:24,ff:ff:ff:ff:ff:ff,ff:ff:ff:ff:ff:ff,d8:d7:75:45:81:24,d8:d7:75:45:81:24,FunBox2-8124,-41,1,2412,False,False
1778935765.2437449,management,beacon,d8:d7:75:45:81:24,ff:ff:ff:ff:ff:ff,ff:ff:ff:ff:ff:ff,d8:d7:75:45:81:24,d8:d7:75:45:81:24,FunBox2-8124,-44,1,2412,False,False
1778935765.3461185,management,beacon,d8:d7:75:45:81:24,ff:ff:ff:ff:ff:ff,ff:ff:ff:ff:ff:ff,d8:d7:75:45:81:24,d8:d7:75:45:81:24,FunBox2-8124,-43,1,2412,False,False
1778935765.4484818,management,beacon,d8:d7:75:45:81:24,ff:ff:ff:ff:ff:ff,ff:ff:ff:ff:ff:ff,d8:d7:75:45:81:24,d8:d7:75:45:81:24,FunBox2-8124,-42,1,2412,False,False
1778935765.5509007,management,beacon,d8:d7:75:45:81:24,ff:ff:ff:ff:ff:ff,ff:ff:ff:ff:ff:ff,d8:d7:75:45:81:24,d8:d7:75:45:81:24,FunBox2-8124,-47,1,2412,False,False
1778935765.5520372,data,null_data,50:02:91:e8:18:ec,d8:d7:75:45:81:24,d8:d7:75:45:81:24,50:02:91:e8:18:ec,d8:d7:75:45:81:24,,-83,1,2412,False,False
1778935765.5522869,data,null_data,50:02:91:e8:18:ec,d8:d7:75:45:81:24,d8:d7:75:45:81:24,50:02:91:e8:18:ec,d8:d7:75:45:81:24,,-83,1,2412,False,True
1778935765.5522888,control,ack,,50:02:91:e8:18:ec,50:02:91:e8:18:ec,,,,-46,1,2412,False,False
1778935765.6533175,management,beacon,d8:d7:75:45:81:24,ff:ff:ff:ff:ff:ff,ff:ff:ff:ff:ff:ff,d8:d7:75:45:81:24,d8:d7:75:45:81:24,FunBox2-8124,-42,1,2412,False,False
1778935765.7131321,data,null_data,50:02:91:e8:18:ec,d8:d7:75:45:81:24,d8:d7:75:45:81:24,50:02:91:e8:18:ec,d8:d7:75:45:81:24,,-83,1,2412,False,False
1778935765.7131484,control,ack,,50:02:91:e8:18:ec,50:02:91:e8:18:ec,,,,-48,1,2412,False,False
1778935765.7557492,management,beacon,d8:d7:75:45:81:24,ff:ff:ff:ff:ff:ff,ff:ff:ff:ff:ff:ff,d8:d7:75:45:81:24,d8:d7:75:45:81:24,FunBox2-8124,-43,1,2412,False,False
1778935765.858121,management,beacon,d8:d7:75:45:81:24,ff:ff:ff:ff:ff:ff,ff:ff:ff:ff:ff:ff,d8:d7:75:45:81:24,d8:d7:75:45:81:24,FunBox2-8124,-48,1,2412,False,False
1778935765.9605322,management,beacon,d8:d7:75:45:81:24,ff:ff:ff:ff:ff:ff,ff:ff:ff:ff:ff:ff,d8:d7:75:45:81:24,d8:d7:75:45:81:24,FunBox2-8124,-47,1,2412,False,False
1778935766.0629444,management,beacon,d8:d7:75:45:81:24,ff:ff:ff:ff:ff:ff,ff:ff:ff:ff:ff:ff,d8:d7:75:45:81:24,d8:d7:75:45:81:24,FunBox2-8124,-47,1,2412,False,False
1778935766.2677634,management,beacon,d8:d7:75:45:81:24,ff:ff:ff:ff:ff:ff,ff:ff:ff:ff:ff:ff,d8:d7:75:45:81:24,d8:d7:75:45:81:24,FunBox2-8124,-49,1,2412,False,False
1778935766.3701518,management,beacon,d8:d7:75:45:81:24,ff:ff:ff:ff:ff:ff,ff:ff:ff:ff:ff:ff,d8:d7:75:45:81:24,d8:d7:75:45:81:24,FunBox2-8124,-40,1,2412,False,False
1778935766.4725533,management,beacon,d8:d7:75:45:81:24,ff:ff:ff:ff:ff:ff,ff:ff:ff:ff:ff:ff,d8:d7:75:45:81:24,d8:d7:75:45:81:24,FunBox2-8124,-40,1,2412,False,False
1778935766.5749338,management,beacon,d8:d7:75:45:81:24,ff:ff:ff:ff:ff:ff,ff:ff:ff:ff:ff:ff,d8:d7:75:45:81:24,d8:d7:75:45:81:24,FunBox2-8124,-40,1,2412,False,False
1778935766.6773682,management,beacon,d8:d7:75:45:81:24,ff:ff:ff:ff:ff:ff,ff:ff:ff:ff:ff:ff,d8:d7:75:45:81:24,d8:d7:75:45:81:24,FunBox2-8124,-49,1,2412,False,False
1778935766.7797952,management,beacon,d8:d7:75:45:81:24,ff:ff:ff:ff:ff:ff,ff:ff:ff:ff:ff:ff,d8:d7:75:45:81:24,d8:d7:75:45:81:24,FunBox2-8124,-47,1,2412,False,False
1778935766.8821354,management,beacon,d8:d7:75:45:81:24,ff:ff:ff:ff:ff:ff,ff:ff:ff:ff:ff:ff,d8:d7:75:45:81:24,d8:d7:75:45:81:24,FunBox2-8124,-42,1,2412,False,False
1778935766.9845507,management,beacon,d8:d7:75:45:81:24,ff:ff:ff:ff:ff:ff,ff:ff:ff:ff:ff:ff,d8:d7:75:45:81:24,d8:d7:75:45:81:24,FunBox2-8124,-46,1,2412,False,False
1778935767.0869505,management,beacon,d8:d7:75:45:81:24,ff:ff:ff:ff:ff:ff,ff:ff:ff:ff:ff:ff,d8:d7:75:45:81:24,d8:d7:75:45:81:24,FunBox2-8124,-48,1,2412,False,False
1778935767.0881925,data,null_data,50:02:91:e8:18:ec,d8:d7:75:45:81:24,d8:d7:75:45:81:24,50:02:91:e8:18:ec,d8:d7:75:45:81:24,,-85,1,2412,False,False
1778935767.0881956,control,ack,,50:02:91:e8:18:ec,50:02:91:e8:18:ec,,,,-47,1,2412,False,False
1778935767.1893508,management,beacon,d8:d7:75:45:81:24,ff:ff:ff:ff:ff:ff,ff:ff:ff:ff:ff:ff,d8:d7:75:45:81:24,d8:d7:75:45:81:24,FunBox2-8124,-41,1,2412,False,False
1778935767.2490406,data,null_data,50:02:91:e8:18:ec,d8:d7:75:45:81:24,d8:d7:75:45:81:24,50:02:91:e8:18:ec,d8:d7:75:45:81:24,,-84,1,2412,False,False
1778935767.2490501,control,ack,,50:02:91:e8:18:ec,50:02:91:e8:18:ec,,,,-48,1,2412,False,False
1778935767.2919888,management,beacon,d8:d7:75:45:81:24,ff:ff:ff:ff:ff:ff,ff:ff:ff:ff:ff:ff,d8:d7:75:45:81:24,d8:d7:75:45:81:24,FunBox2-8124,-45,1,2412,False,False
1778935767.3941994,management,beacon,d8:d7:75:45:81:24,ff:ff:ff:ff:ff:ff,ff:ff:ff:ff:ff:ff,d8:d7:75:45:81:24,d8:d7:75:45:81:24,FunBox2-8124,-49,1,2412,False,False
1778935767.4966567,management,beacon,d8:d7:75:45:81:24,ff:ff:ff:ff:ff:ff,ff:ff:ff:ff:ff:ff,d8:d7:75:45:81:24,d8:d7:75:45:81:24,FunBox2-8124,-43,1,2412,False,False
1778935767.5995824,management,beacon,d8:d7:75:45:81:24,ff:ff:ff:ff:ff:ff,ff:ff:ff:ff:ff:ff,d8:d7:75:45:81:24,d8:d7:75:45:81:24,FunBox2-8124,-41,1,2412,False,False
1778935767.7013843,management,beacon,d8:d7:75:45:81:24,ff:ff:ff:ff:ff:ff,ff:ff:ff:ff:ff:ff,d8:d7:75:45:81:24,d8:d7:75:45:81:24,FunBox2-8124,-42,1,2412,False,False
1778935767.8037949,management,beacon,d8:d7:75:45:81:24,ff:ff:ff:ff:ff:ff,ff:ff:ff:ff:ff:ff,d8:d7:75:45:81:24,d8:d7:75:45:81:24,FunBox2-8124,-43,1,2412,False,False
1778935767.8938532,data,qos_null,d8:d7:75:45:81:24,54:35:30:cf:ee:1e,54:35:30:cf:ee:1e,d8:d7:75:45:81:24,d8:d7:75:45:81:24,,-48,1,2412,False,False
1778935767.8941298,control,ack,,d8:d7:75:45:81:24,d8:d7:75:45:81:24,,,,-49,1,2412,False,False
1778935767.906169,management,beacon,d8:d7:75:45:81:24,ff:ff:ff:ff:ff:ff,ff:ff:ff:ff:ff:ff,d8:d7:75:45:81:24,d8:d7:75:45:81:24,FunBox2-8124,-43,1,2412,False,False
1778935768.0086167,management,beacon,d8:d7:75:45:81:24,ff:ff:ff:ff:ff:ff,ff:ff:ff:ff:ff:ff,d8:d7:75:45:81:24,d8:d7:75:45:81:24,FunBox2-8124,-45,1,2412,False,False
1778935768.0098083,data,null_data,50:02:91:e8:18:ec,d8:d7:75:45:81:24,d8:d7:75:45:81:24,50:02:91:e8:18:ec,d8:d7:75:45:81:24,,-85,1,2412,False,False
1778935768.0098116,control,ack,,50:02:91:e8:18:ec,50:02:91:e8:18:ec,,,,-44,1,2412,False,False
1778935768.0103314,data,qos_null,d8:d7:75:45:81:24,50:02:91:e8:18:ec,50:02:91:e8:18:ec,d8:d7:75:45:81:24,d8:d7:75:45:81:24,,-42,1,2412,False,False
1778935768.0106575,control,ack,,d8:d7:75:45:81:24,d8:d7:75:45:81:24,,,,-84,1,2412,False,False
1778935768.1109822,management,beacon,d8:d7:75:45:81:24,ff:ff:ff:ff:ff:ff,ff:ff:ff:ff:ff:ff,d8:d7:75:45:81:24,d8:d7:75:45:81:24,FunBox2-8124,-41,1,2412,False,False
1778935768.171042,control,ack,,50:02:91:e8:18:ec,50:02:91:e8:18:ec,,,,-46,1,2412,False,False
1778935768.2134438,management,beacon,d8:d7:75:45:81:24,ff:ff:ff:ff:ff:ff,ff:ff:ff:ff:ff:ff,d8:d7:75:45:81:24,d8:d7:75:45:81:24,FunBox2-8124,-40,1,2412,False,False
1778935768.3158154,management,beacon,d8:d7:75:45:81:24,ff:ff:ff:ff:ff:ff,ff:ff:ff:ff:ff:ff,d8:d7:75:45:81:24,d8:d7:75:45:81:24,FunBox2-8124,-46,1,2412,False,False
1778935768.4181955,management,beacon,d8:d7:75:45:81:24,ff:ff:ff:ff:ff:ff,ff:ff:ff:ff:ff:ff,d8:d7:75:45:81:24,d8:d7:75:45:81:24,FunBox2-8124,-48,1,2412,False,False
1778935768.520645,management,beacon,d8:d7:75:45:81:24,ff:ff:ff:ff:ff:ff,ff:ff:ff:ff:ff:ff,d8:d7:75:45:81:24,d8:d7:75:45:81:24,FunBox2-8124,-46,1,2412,False,False
1778935768.6230347,management,beacon,d8:d7:75:45:81:24,ff:ff:ff:ff:ff:ff,ff:ff:ff:ff:ff:ff,d8:d7:75:45:81:24,d8:d7:75:45:81:24,FunBox2-8124,-45,1,2412,False,False
1778935768.7254071,management,beacon,d8:d7:75:45:81:24,ff:ff:ff:ff:ff:ff,ff:ff:ff:ff:ff:ff,d8:d7:75:45:81:24,d8:d7:75:45:81:24,FunBox2-8124,-43,1,2412,False,False
1778935768.8278165,management,beacon,d8:d7:75:45:81:24,ff:ff:ff:ff:ff:ff,ff:ff:ff:ff:ff:ff,d8:d7:75:45:81:24,d8:d7:75:45:81:24,FunBox2-8124,-46,1,2412,False,False
1778935768.9302177,management,beacon,d8:d7:75:45:81:24,ff:ff:ff:ff:ff:ff,ff:ff:ff:ff:ff:ff,d8:d7:75:45:81:24,d8:d7:75:45:81:24,FunBox2-8124,-46,1,2412,False,False
1778935769.0326204,management,beacon,d8:d7:75:45:81:24,ff:ff:ff:ff:ff:ff,ff:ff:ff:ff:ff:ff,d8:d7:75:45:81:24,d8:d7:75:45:81:24,FunBox2-8124,-47,1,2412,False,False
1778935769.1350522,management,beacon,d8:d7:75:45:81:24,ff:ff:ff:ff:ff:ff,ff:ff:ff:ff:ff:ff,d8:d7:75:45:81:24,d8:d7:75:45:81:24,FunBox2-8124,-45,1,2412,False,False
1778935769.2023375,data,null_data,50:02:91:e8:18:ec,d8:d7:75:45:81:24,d8:d7:75:45:81:24,50:02:91:e8:18:ec,d8:d7:75:45:81:24,,-82,1,2412,False,False
1778935769.2027688,data,null_data,50:02:91:e8:18:ec,d8:d7:75:45:81:24,d8:d7:75:45:81:24,50:02:91:e8:18:ec,d8:d7:75:45:81:24,,-84,1,2412,False,True
1778935769.203143,data,null_data,50:02:91:e8:18:ec,d8:d7:75:45:81:24,d8:d7:75:45:81:24,50:02:91:e8:18:ec,d8:d7:75:45:81:24,,-84,1,2412,False,True
1778935769.2034814,data,null_data,50:02:91:e8:18:ec,d8:d7:75:45:81:24,d8:d7:75:45:81:24,50:02:91:e8:18:ec,d8:d7:75:45:81:24,,-84,1,2412,False,True
1778935769.204018,data,null_data,50:02:91:e8:18:ec,d8:d7:75:45:81:24,d8:d7:75:45:81:24,50:02:91:e8:18:ec,d8:d7:75:45:81:24,,-87,1,2412,False,True
1778935769.2046003,data,null_data,50:02:91:e8:18:ec,d8:d7:75:45:81:24,d8:d7:75:45:81:24,50:02:91:e8:18:ec,d8:d7:75:45:81:24,,-85,1,2412,False,True
1778935769.2054577,control,ack,,50:02:91:e8:18:ec,50:02:91:e8:18:ec,,,,-45,1,2412,False,False
1778935769.237429,management,beacon,d8:d7:75:45:81:24,ff:ff:ff:ff:ff:ff,ff:ff:ff:ff:ff:ff,d8:d7:75:45:81:24,d8:d7:75:45:81:24,FunBox2-8124,-45,1,2412,False,False
1778935769.3398385,management,beacon,d8:d7:75:45:81:24,ff:ff:ff:ff:ff:ff,ff:ff:ff:ff:ff:ff,d8:d7:75:45:81:24,d8:d7:75:45:81:24,FunBox2-8124,-45,1,2412,False,False
1778935769.3665478,data,null_data,50:02:91:e8:18:ec,d8:d7:75:45:81:24,d8:d7:75:45:81:24,50:02:91:e8:18:ec,d8:d7:75:45:81:24,,-85,1,2412,False,False
1778935769.3665628,control,ack,,50:02:91:e8:18:ec,50:02:91:e8:18:ec,,,,-47,1,2412,False,False
1778935769.4422622,management,beacon,d8:d7:75:45:81:24,ff:ff:ff:ff:ff:ff,ff:ff:ff:ff:ff:ff,d8:d7:75:45:81:24,d8:d7:75:45:81:24,FunBox2-8124,-47,1,2412,False,False
1778935769.5446415,management,beacon,d8:d7:75:45:81:24,ff:ff:ff:ff:ff:ff,ff:ff:ff:ff:ff:ff,d8:d7:75:45:81:24,d8:d7:75:45:81:24,FunBox2-8124,-44,1,2412,False,False
1778935769.6470451,management,beacon,d8:d7:75:45:81:24,ff:ff:ff:ff:ff:ff,ff:ff:ff:ff:ff:ff,d8:d7:75:45:81:24,d8:d7:75:45:81:24,FunBox2-8124,-48,1,2412,False,False
1778935769.6482291,data,null_data,50:02:91:e8:18:ec,d8:d7:75:45:81:24,d8:d7:75:45:81:24,50:02:91:e8:18:ec,d8:d7:75:45:81:24,,-83,1,2412,False,False
1778935769.648237,control,ack,,50:02:91:e8:18:ec,50:02:91:e8:18:ec,,,,-48,1,2412,False,False
1778935769.6603754,data,data,d8:d7:75:45:81:24,01:00:5e:00:00:01,01:00:5e:00:00:01,d8:d7:75:45:81:24,d8:d7:75:45:81:24,,-44,1,2412,True,False
1778935769.6606824,control,ack,,d8:d7:75:45:81:24,d8:d7:75:45:81:24,,,,-85,1,2412,False,False
1778935769.749456,management,beacon,d8:d7:75:45:81:24,ff:ff:ff:ff:ff:ff,ff:ff:ff:ff:ff:ff,d8:d7:75:45:81:24,d8:d7:75:45:81:24,FunBox2-8124,-48,1,2412,False,False
1778935769.821104,control,ack,,50:02:91:e8:18:ec,50:02:91:e8:18:ec,,,,-47,1,2412,False,False
1778935769.8415525,control,rts,54:35:30:cf:ee:1e,d8:d7:75:45:81:24,d8:d7:75:45:81:24,54:35:30:cf:ee:1e,,,-53,1,2412,False,False
1778935769.8415616,control,cts,,54:35:30:cf:ee:1e,54:35:30:cf:ee:1e,,,,-45,1,2412,False,False
1778935769.8415637,data,qos_data,54:35:30:cf:ee:1e,d8:d7:75:45:81:24,d8:d7:75:45:81:24,54:35:30:cf:ee:1e,01:00:5e:7f:ff:fa,,-54,1,2412,True,False
1778935769.841566,control,block_ack,d8:d7:75:45:81:24,54:35:30:cf:ee:1e,54:35:30:cf:ee:1e,d8:d7:75:45:81:24,,,-45,1,2412,False,False
1778935769.8518884,management,beacon,d8:d7:75:45:81:24,ff:ff:ff:ff:ff:ff,ff:ff:ff:ff:ff:ff,d8:d7:75:45:81:24,d8:d7:75:45:81:24,FunBox2-8124,-43,1,2412,False,False
1778935769.8532195,data,data,d8:d7:75:45:81:24,01:00:5e:7f:ff:fa,01:00:5e:7f:ff:fa,d8:d7:75:45:81:24,54:35:30:cf:ee:1e,,-41,1,2412,True,False
1778935769.8536851,control,ack,,50:02:91:e8:18:ec,50:02:91:e8:18:ec,,,,-45,1,2412,False,False
1778935769.8756404,data,data,d8:d7:75:45:81:24,ff:ff:ff:ff:ff:ff,ff:ff:ff:ff:ff:ff,d8:d7:75:45:81:24,d8:d7:75:45:81:24,,-40,1,2412,True,False
1778935769.8759441,control,ack,,d8:d7:75:45:81:24,d8:d7:75:45:81:24,,,,-84,1,2412,False,False
1778935769.8777199,control,ack,,50:02:91:e8:18:ec,50:02:91:e8:18:ec,,,,-44,1,2412,False,False
1778935769.8848999,management,probe_response,d8:d7:75:45:81:24,dc:a9:71:95:8d:5a,dc:a9:71:95:8d:5a,d8:d7:75:45:81:24,d8:d7:75:45:81:24,FunBox2-8124,-44,1,2412,False,False
1778935769.889496,management,probe_response,d8:d7:75:45:81:24,dc:a9:71:95:8d:5a,dc:a9:71:95:8d:5a,d8:d7:75:45:81:24,d8:d7:75:45:81:24,FunBox2-8124,-41,1,2412,False,True
1778935769.9149659,management,probe_response,d8:d7:75:45:81:24,dc:a9:71:95:8d:5a,dc:a9:71:95:8d:5a,d8:d7:75:45:81:24,d8:d7:75:45:81:24,FunBox2-8124,-41,1,2412,False,True
1778935769.919712,management,probe_response,d8:d7:75:45:81:24,dc:a9:71:95:8d:5a,dc:a9:71:95:8d:5a,d8:d7:75:45:81:24,d8:d7:75:45:81:24,FunBox2-8124,-42,1,2412,False,True
1778935769.954248,management,beacon,d8:d7:75:45:81:24,ff:ff:ff:ff:ff:ff,ff:ff:ff:ff:ff:ff,d8:d7:75:45:81:24,d8:d7:75:45:81:24,FunBox2-8124,-43,1,2412,False,False
1778935770.0567148,management,beacon,d8:d7:75:45:81:24,ff:ff:ff:ff:ff:ff,ff:ff:ff:ff:ff:ff,d8:d7:75:45:81:24,d8:d7:75:45:81:24,FunBox2-8124,-41,1,2412,False,False
1778935770.1590958,management,beacon,d8:d7:75:45:81:24,ff:ff:ff:ff:ff:ff,ff:ff:ff:ff:ff:ff,d8:d7:75:45:81:24,d8:d7:75:45:81:24,FunBox2-8124,-49,1,2412,False,False
1778935770.261531,management,beacon,d8:d7:75:45:81:24,ff:ff:ff:ff:ff:ff,ff:ff:ff:ff:ff:ff,d8:d7:75:45:81:24,d8:d7:75:45:81:24,FunBox2-8124,-43,1,2412,False,False
1778935770.3639088,management,beacon,d8:d7:75:45:81:24,ff:ff:ff:ff:ff:ff,ff:ff:ff:ff:ff:ff,d8:d7:75:45:81:24,d8:d7:75:45:81:24,FunBox2-8124,-42,1,2412,False,False
1778935770.4663332,management,beacon,d8:d7:75:45:81:24,ff:ff:ff:ff:ff:ff,ff:ff:ff:ff:ff:ff,d8:d7:75:45:81:24,d8:d7:75:45:81:24,FunBox2-8124,-48,1,2412,False,False
1778935770.568692,management,beacon,d8:d7:75:45:81:24,ff:ff:ff:ff:ff:ff,ff:ff:ff:ff:ff:ff,d8:d7:75:45:81:24,d8:d7:75:45:81:24,FunBox2-8124,-41,1,2412,False,False
1778935770.6711233,management,beacon,d8:d7:75:45:81:24,ff:ff:ff:ff:ff:ff,ff:ff:ff:ff:ff:ff,d8:d7:75:45:81:24,d8:d7:75:45:81:24,FunBox2-8124,-44,1,2412,False,False
1778935770.7735016,management,beacon,d8:d7:75:45:81:24,ff:ff:ff:ff:ff:ff,ff:ff:ff:ff:ff:ff,d8:d7:75:45:81:24,d8:d7:75:45:81:24,FunBox2-8124,-49,1,2412,False,False
1778935770.8759046,management,beacon,d8:d7:75:45:81:24,ff:ff:ff:ff:ff:ff,ff:ff:ff:ff:ff:ff,d8:d7:75:45:81:24,d8:d7:75:45:81:24,FunBox2-8124,-48,1,2412,False,False
1778935770.9493556,management,probe_response,d8:d7:75:45:81:24,fa:ca:1f:3e:7d:a4,fa:ca:1f:3e:7d:a4,d8:d7:75:45:81:24,d8:d7:75:45:81:24,FunBox2-8124,-48,1,2412,False,False
1778935770.949644,control,ack,,d8:d7:75:45:81:24,d8:d7:75:45:81:24,,,,-51,1,2412,False,False
1778935770.966453,management,probe_request,fa:ca:1f:3e:7d:a4,ff:ff:ff:ff:ff:ff,ff:ff:ff:ff:ff:ff,fa:ca:1f:3e:7d:a4,ff:ff:ff:ff:ff:ff,<hidden>,-65,1,2412,False,False
1778935770.9696653,management,probe_response,d8:d7:75:45:81:24,fa:ca:1f:3e:7d:a4,fa:ca:1f:3e:7d:a4,d8:d7:75:45:81:24,d8:d7:75:45:81:24,FunBox2-8124,-48,1,2412,False,False
1778935770.9699824,control,ack,,d8:d7:75:45:81:24,d8:d7:75:45:81:24,,,,-63,1,2412,False,False
1778935770.9782977,management,beacon,d8:d7:75:45:81:24,ff:ff:ff:ff:ff:ff,ff:ff:ff:ff:ff:ff,d8:d7:75:45:81:24,d8:d7:75:45:81:24,FunBox2-8124,-50,1,2412,False,False
1778935771.0807402,management,beacon,d8:d7:75:45:81:24,ff:ff:ff:ff:ff:ff,ff:ff:ff:ff:ff:ff,d8:d7:75:45:81:24,d8:d7:75:45:81:24,FunBox2-8124,-44,1,2412,False,False
1778935771.1831477,management,beacon,d8:d7:75:45:81:24,ff:ff:ff:ff:ff:ff,ff:ff:ff:ff:ff:ff,d8:d7:75:45:81:24,d8:d7:75:45:81:24,FunBox2-8124,-45,1,2412,False,False
1778935771.2855341,management,beacon,d8:d7:75:45:81:24,ff:ff:ff:ff:ff:ff,ff:ff:ff:ff:ff:ff,d8:d7:75:45:81:24,d8:d7:75:45:81:24,FunBox2-8124,-47,1,2412,False,False
1778935771.38793,management,beacon,d8:d7:75:45:81:24,ff:ff:ff:ff:ff:ff,ff:ff:ff:ff:ff:ff,d8:d7:75:45:81:24,d8:d7:75:45:81:24,FunBox2-8124,-44,1,2412,False,False
1778935771.6951444,management,beacon,d8:d7:75:45:81:24,ff:ff:ff:ff:ff:ff,ff:ff:ff:ff:ff:ff,d8:d7:75:45:81:24,d8:d7:75:45:81:24,FunBox2-8124,-57,1,2412,False,False
1778935771.696361,data,null_data,50:02:91:e8:18:ec,d8:d7:75:45:81:24,d8:d7:75:45:81:24,50:02:91:e8:18:ec,d8:d7:75:45:81:24,,-83,1,2412,False,False
1778935771.696367,control,ack,,50:02:91:e8:18:ec,50:02:91:e8:18:ec,,,,-54,1,2412,False,False
1778935771.797551,management,beacon,d8:d7:75:45:81:24,ff:ff:ff:ff:ff:ff,ff:ff:ff:ff:ff:ff,d8:d7:75:45:81:24,d8:d7:75:45:81:24,FunBox2-8124,-55,1,2412,False,False
1778935771.8572123,data,null_data,50:02:91:e8:18:ec,d8:d7:75:45:81:24,d8:d7:75:45:81:24,50:02:91:e8:18:ec,d8:d7:75:45:81:24,,-84,1,2412,False,False
1778935771.857219,control,ack,,50:02:91:e8:18:ec,50:02:91:e8:18:ec,,,,-47,1,2412,False,False
1778935771.900609,management,beacon,d8:d7:75:45:81:24,ff:ff:ff:ff:ff:ff,ff:ff:ff:ff:ff:ff,d8:d7:75:45:81:24,d8:d7:75:45:81:24,FunBox2-8124,-46,1,2412,False,False
1778935772.002366,management,beacon,d8:d7:75:45:81:24,ff:ff:ff:ff:ff:ff,ff:ff:ff:ff:ff:ff,d8:d7:75:45:81:24,d8:d7:75:45:81:24,FunBox2-8124,-57,1,2412,False,False
1778935772.1103258,data,null_data,50:02:91:e8:18:ec,d8:d7:75:45:81:24,d8:d7:75:45:81:24,50:02:91:e8:18:ec,d8:d7:75:45:81:24,,-86,1,2412,False,False
1778935772.110345,control,ack,,50:02:91:e8:18:ec,50:02:91:e8:18:ec,,,,-50,1,2412,False,False
1778935772.2071378,management,beacon,d8:d7:75:45:81:24,ff:ff:ff:ff:ff:ff,ff:ff:ff:ff:ff:ff,d8:d7:75:45:81:24,d8:d7:75:45:81:24,FunBox2-8124,-44,1,2412,False,False
1778935772.2711794,data,null_data,50:02:91:e8:18:ec,d8:d7:75:45:81:24,d8:d7:75:45:81:24,50:02:91:e8:18:ec,d8:d7:75:45:81:24,,-82,1,2412,False,False
1778935772.2711947,control,ack,,50:02:91:e8:18:ec,50:02:91:e8:18:ec,,,,-48,1,2412,False,False
1778935772.3095908,management,beacon,d8:d7:75:45:81:24,ff:ff:ff:ff:ff:ff,ff:ff:ff:ff:ff:ff,d8:d7:75:45:81:24,d8:d7:75:45:81:24,FunBox2-8124,-42,1,2412,False,False
1778935772.4119704,management,beacon,d8:d7:75:45:81:24,ff:ff:ff:ff:ff:ff,ff:ff:ff:ff:ff:ff,d8:d7:75:45:81:24,d8:d7:75:45:81:24,FunBox2-8124,-47,1,2412,False,False
1778935772.5144,management,beacon,d8:d7:75:45:81:24,ff:ff:ff:ff:ff:ff,ff:ff:ff:ff:ff:ff,d8:d7:75:45:81:24,d8:d7:75:45:81:24,FunBox2-8124,-44,1,2412,False,False
1778935772.7191575,management,beacon,d8:d7:75:45:81:24,ff:ff:ff:ff:ff:ff,ff:ff:ff:ff:ff:ff,d8:d7:75:45:81:24,d8:d7:75:45:81:24,FunBox2-8124,-47,1,2412,False,False
1778935772.8215585,management,beacon,d8:d7:75:45:81:24,ff:ff:ff:ff:ff:ff,ff:ff:ff:ff:ff:ff,d8:d7:75:45:81:24,d8:d7:75:45:81:24,FunBox2-8124,-42,1,2412,False,False
1778935772.9239573,management,beacon,d8:d7:75:45:81:24,ff:ff:ff:ff:ff:ff,ff:ff:ff:ff:ff:ff,d8:d7:75:45:81:24,d8:d7:75:45:81:24,FunBox2-8124,-46,1,2412,False,False
1778935773.0263622,management,beacon,d8:d7:75:45:81:24,ff:ff:ff:ff:ff:ff,ff:ff:ff:ff:ff:ff,d8:d7:75:45:81:24,d8:d7:75:45:81:24,FunBox2-8124,-45,1,2412,False,False
1778935773.1781678,data,qos_null,aa:23:4f:4d:00:cf,74:ea:3a:a1:53:a6,74:ea:3a:a1:53:a6,aa:23:4f:4d:00:cf,74:ea:3a:a1:53:a6,,-86,1,2412,False,True
1778935773.231181,management,beacon,d8:d7:75:45:81:24,ff:ff:ff:ff:ff:ff,ff:ff:ff:ff:ff:ff,d8:d7:75:45:81:24,d8:d7:75:45:81:24,FunBox2-8124,-50,1,2412,False,False
1778935773.232382,data,null_data,50:02:91:e8:18:ec,d8:d7:75:45:81:24,d8:d7:75:45:81:24,50:02:91:e8:18:ec,d8:d7:75:45:81:24,,-85,1,2412,False,False
1778935773.2323887,control,ack,,50:02:91:e8:18:ec,50:02:91:e8:18:ec,,,,-49,1,2412,False,False
1778935773.3336396,management,beacon,d8:d7:75:45:81:24,ff:ff:ff:ff:ff:ff,ff:ff:ff:ff:ff:ff,d8:d7:75:45:81:24,d8:d7:75:45:81:24,FunBox2-8124,-50,1,2412,False,False
1778935773.3932579,control,ack,,50:02:91:e8:18:ec,50:02:91:e8:18:ec,,,,-48,1,2412,False,False
1778935773.4359927,management,beacon,d8:d7:75:45:81:24,ff:ff:ff:ff:ff:ff,ff:ff:ff:ff:ff:ff,d8:d7:75:45:81:24,d8:d7:75:45:81:24,FunBox2-8124,-42,1,2412,False,False
1778935773.5384011,management,beacon,d8:d7:75:45:81:24,ff:ff:ff:ff:ff:ff,ff:ff:ff:ff:ff:ff,d8:d7:75:45:81:24,d8:d7:75:45:81:24,FunBox2-8124,-51,1,2412,False,False
1778935773.7431853,management,beacon,d8:d7:75:45:81:24,ff:ff:ff:ff:ff:ff,ff:ff:ff:ff:ff:ff,d8:d7:75:45:81:24,d8:d7:75:45:81:24,FunBox2-8124,-46,1,2412,False,False
1778935773.8456192,management,beacon,d8:d7:75:45:81:24,ff:ff:ff:ff:ff:ff,ff:ff:ff:ff:ff:ff,d8:d7:75:45:81:24,d8:d7:75:45:81:24,FunBox2-8124,-51,1,2412,False,False
1778935773.9482381,management,beacon,d8:d7:75:45:81:24,ff:ff:ff:ff:ff:ff,ff:ff:ff:ff:ff:ff,d8:d7:75:45:81:24,d8:d7:75:45:81:24,FunBox2-8124,-50,1,2412,False,False
1778935774.0504272,management,beacon,d8:d7:75:45:81:24,ff:ff:ff:ff:ff:ff,ff:ff:ff:ff:ff:ff,d8:d7:75:45:81:24,d8:d7:75:45:81:24,FunBox2-8124,-49,1,2412,False,False
1778935774.2552438,management,beacon,d8:d7:75:45:81:24,ff:ff:ff:ff:ff:ff,ff:ff:ff:ff:ff:ff,d8:d7:75:45:81:24,d8:d7:75:45:81:24,FunBox2-8124,-51,1,2412,False,False
1778935774.3576627,management,beacon,d8:d7:75:45:81:24,ff:ff:ff:ff:ff:ff,ff:ff:ff:ff:ff:ff,d8:d7:75:45:81:24,d8:d7:75:45:81:24,FunBox2-8124,-52,1,2412,False,False
1778935774.4006386,control,ack,,ce:d0:54:70:b1:b3,ce:d0:54:70:b1:b3,,,,-86,1,2412,False,False
1778935774.5624514,management,beacon,d8:d7:75:45:81:24,ff:ff:ff:ff:ff:ff,ff:ff:ff:ff:ff:ff,d8:d7:75:45:81:24,d8:d7:75:45:81:24,FunBox2-8124,-42,1,2412,False,False
1778935774.768586,management,beacon,d8:d7:75:45:81:24,ff:ff:ff:ff:ff:ff,ff:ff:ff:ff:ff:ff,d8:d7:75:45:81:24,d8:d7:75:45:81:24,FunBox2-8124,-42,1,2412,False,False
1778935774.7697747,data,null_data,50:02:91:e8:18:ec,d8:d7:75:45:81:24,d8:d7:75:45:81:24,50:02:91:e8:18:ec,d8:d7:75:45:81:24,,-86,1,2412,False,False
1778935774.769777,control,ack,,50:02:91:e8:18:ec,50:02:91:e8:18:ec,,,,-44,1,2412,False,False
1778935774.8696733,management,beacon,d8:d7:75:45:81:24,ff:ff:ff:ff:ff:ff,ff:ff:ff:ff:ff:ff,d8:d7:75:45:81:24,d8:d7:75:45:81:24,FunBox2-8124,-43,1,2412,False,False
1778935774.9307122,data,null_data,50:02:91:e8:18:ec,d8:d7:75:45:81:24,d8:d7:75:45:81:24,50:02:91:e8:18:ec,d8:d7:75:45:81:24,,-85,1,2412,False,False
1778935774.9307237,control,ack,,50:02:91:e8:18:ec,50:02:91:e8:18:ec,,,,-46,1,2412,False,False
1778935774.9720569,management,beacon,d8:d7:75:45:81:24,ff:ff:ff:ff:ff:ff,ff:ff:ff:ff:ff:ff,d8:d7:75:45:81:24,d8:d7:75:45:81:24,FunBox2-8124,-42,1,2412,False,False
1778935775.074441,management,beacon,d8:d7:75:45:81:24,ff:ff:ff:ff:ff:ff,ff:ff:ff:ff:ff:ff,d8:d7:75:45:81:24,d8:d7:75:45:81:24,FunBox2-8124,-52,1,2412,False,False
1778935775.2792568,management,beacon,d8:d7:75:45:81:24,ff:ff:ff:ff:ff:ff,ff:ff:ff:ff:ff:ff,d8:d7:75:45:81:24,d8:d7:75:45:81:24,FunBox2-8124,-42,1,2412,False,False
1778935775.322355,control,cts,,ce:d0:54:70:b1:b3,ce:d0:54:70:b1:b3,,,,-85,1,2412,False,False
1778935775.3816807,management,beacon,d8:d7:75:45:81:24,ff:ff:ff:ff:ff:ff,ff:ff:ff:ff:ff:ff,d8:d7:75:45:81:24,d8:d7:75:45:81:24,FunBox2-8124,-43,1,2412,False,False
1778935775.4863737,management,beacon,d8:d7:75:45:81:24,ff:ff:ff:ff:ff:ff,ff:ff:ff:ff:ff:ff,d8:d7:75:45:81:24,d8:d7:75:45:81:24,FunBox2-8124,-48,1,2412,False,False
1778935775.7869816,control,ack,,50:02:91:e8:18:ec,50:02:91:e8:18:ec,,,,-49,1,2412,False,False
1778935775.7869895,control,ack,,50:02:91:e8:18:ec,50:02:91:e8:18:ec,,,,-45,1,2412,False,False
1778935775.7875528,control,ack,,50:02:91:e8:18:ec,50:02:91:e8:18:ec,,,,-46,1,2412,False,False
1778935775.787857,control,ack,,50:02:91:e8:18:ec,50:02:91:e8:18:ec,,,,-47,1,2412,False,False
1778935775.791316,management,beacon,d8:d7:75:45:81:24,ff:ff:ff:ff:ff:ff,ff:ff:ff:ff:ff:ff,d8:d7:75:45:81:24,d8:d7:75:45:81:24,FunBox2-8124,-43,1,2412,False,False
1778935775.835337,data,qos_data,d8:d7:75:45:81:24,50:02:91:e8:18:ec,50:02:91:e8:18:ec,d8:d7:75:45:81:24,d8:d7:75:45:81:24,,-49,1,2412,True,False
1778935775.8936949,management,beacon,d8:d7:75:45:81:24,ff:ff:ff:ff:ff:ff,ff:ff:ff:ff:ff:ff,d8:d7:75:45:81:24,d8:d7:75:45:81:24,FunBox2-8124,-44,1,2412,False,False
1778935775.9603639,data,qos_data,d8:d7:75:45:81:24,50:02:91:e8:18:ec,50:02:91:e8:18:ec,d8:d7:75:45:81:24,d8:d7:75:45:81:24,,-48,1,2412,True,False
1778935775.996108,management,beacon,d8:d7:75:45:81:24,ff:ff:ff:ff:ff:ff,ff:ff:ff:ff:ff:ff,d8:d7:75:45:81:24,d8:d7:75:45:81:24,FunBox2-8124,-42,1,2412,False,False
1778935776.023457,control,ack,,50:02:91:e8:18:ec,50:02:91:e8:18:ec,,,,-46,1,2412,False,False
1778935776.0985246,management,beacon,d8:d7:75:45:81:24,ff:ff:ff:ff:ff:ff,ff:ff:ff:ff:ff:ff,d8:d7:75:45:81:24,d8:d7:75:45:81:24,FunBox2-8124,-41,1,2412,False,False
1778935776.1844635,data,null_data,50:02:91:e8:18:ec,d8:d7:75:45:81:24,d8:d7:75:45:81:24,50:02:91:e8:18:ec,d8:d7:75:45:81:24,,-86,1,2412,False,True
1778935776.1848128,data,null_data,50:02:91:e8:18:ec,d8:d7:75:45:81:24,d8:d7:75:45:81:24,50:02:91:e8:18:ec,d8:d7:75:45:81:24,,-82,1,2412,False,True
1778935776.1851742,data,null_data,50:02:91:e8:18:ec,d8:d7:75:45:81:24,d8:d7:75:45:81:24,50:02:91:e8:18:ec,d8:d7:75:45:81:24,,-85,1,2412,False,True
1778935776.1857052,data,null_data,50:02:91:e8:18:ec,d8:d7:75:45:81:24,d8:d7:75:45:81:24,50:02:91:e8:18:ec,d8:d7:75:45:81:24,,-85,1,2412,False,True
1778935776.1862833,data,null_data,50:02:91:e8:18:ec,d8:d7:75:45:81:24,d8:d7:75:45:81:24,50:02:91:e8:18:ec,d8:d7:75:45:81:24,,-84,1,2412,False,True
1778935776.1865988,control,ack,,50:02:91:e8:18:ec,50:02:91:e8:18:ec,,,,-44,1,2412,False,False
1778935776.3032882,management,beacon,d8:d7:75:45:81:24,ff:ff:ff:ff:ff:ff,ff:ff:ff:ff:ff:ff,d8:d7:75:45:81:24,d8:d7:75:45:81:24,FunBox2-8124,-40,1,2412,False,False
1778935776.405698,management,beacon,d8:d7:75:45:81:24,ff:ff:ff:ff:ff:ff,ff:ff:ff:ff:ff:ff,d8:d7:75:45:81:24,d8:d7:75:45:81:24,FunBox2-8124,-41,1,2412,False,False
1778935776.5080934,management,beacon,d8:d7:75:45:81:24,ff:ff:ff:ff:ff:ff,ff:ff:ff:ff:ff:ff,d8:d7:75:45:81:24,d8:d7:75:45:81:24,FunBox2-8124,-41,1,2412,False,False
1778935776.6105022,management,beacon,d8:d7:75:45:81:24,ff:ff:ff:ff:ff:ff,ff:ff:ff:ff:ff:ff,d8:d7:75:45:81:24,d8:d7:75:45:81:24,FunBox2-8124,-48,1,2412,False,False
1778935776.8153176,management,beacon,d8:d7:75:45:81:24,ff:ff:ff:ff:ff:ff,ff:ff:ff:ff:ff:ff,d8:d7:75:45:81:24,d8:d7:75:45:81:24,FunBox2-8124,-50,1,2412,False,False
1778935776.9177017,management,beacon,d8:d7:75:45:81:24,ff:ff:ff:ff:ff:ff,ff:ff:ff:ff:ff:ff,d8:d7:75:45:81:24,d8:d7:75:45:81:24,FunBox2-8124,-50,1,2412,False,False
1778935776.962394,control,ack,,ce:d0:54:70:b1:b3,ce:d0:54:70:b1:b3,,,,-85,1,2412,False,False
1778935777.020119,management,beacon,d8:d7:75:45:81:24,ff:ff:ff:ff:ff:ff,ff:ff:ff:ff:ff:ff,d8:d7:75:45:81:24,d8:d7:75:45:81:24,FunBox2-8124,-42,1,2412,False,False
1778935777.1225212,management,beacon,d8:d7:75:45:81:24,ff:ff:ff:ff:ff:ff,ff:ff:ff:ff:ff:ff,d8:d7:75:45:81:24,d8:d7:75:45:81:24,FunBox2-8124,-43,1,2412,False,False
1778935777.2249615,management,beacon,d8:d7:75:45:81:24,ff:ff:ff:ff:ff:ff,ff:ff:ff:ff:ff:ff,d8:d7:75:45:81:24,d8:d7:75:45:81:24,FunBox2-8124,-41,1,2412,False,False
1778935777.3273408,management,beacon,d8:d7:75:45:81:24,ff:ff:ff:ff:ff:ff,ff:ff:ff:ff:ff:ff,d8:d7:75:45:81:24,d8:d7:75:45:81:24,FunBox2-8124,-43,1,2412,False,False
1778935777.3284986,data,null_data,50:02:91:e8:18:ec,d8:d7:75:45:81:24,d8:d7:75:45:81:24,50:02:91:e8:18:ec,d8:d7:75:45:81:24,,-82,1,2412,False,False
1778935777.3285012,control,ack,,50:02:91:e8:18:ec,50:02:91:e8:18:ec,,,,-45,1,2412,False,False
1778935777.36429,data,data,d8:d7:75:45:81:24,ff:ff:ff:ff:ff:ff,ff:ff:ff:ff:ff:ff,d8:d7:75:45:81:24,d8:d7:75:45:81:24,,-48,1,2412,True,False
1778935777.3645887,control,ack,,d8:d7:75:45:81:24,d8:d7:75:45:81:24,,,,-82,1,2412,False,False
1778935777.3659124,data,data,d8:d7:75:45:81:24,ff:ff:ff:ff:ff:ff,ff:ff:ff:ff:ff:ff,d8:d7:75:45:81:24,d8:d7:75:45:81:24,,-42,1,2412,True,False
1778935777.3662302,control,ack,,d8:d7:75:45:81:24,d8:d7:75:45:81:24,,,,-84,1,2412,False,False
1778935777.4297276,management,beacon,d8:d7:75:45:81:24,ff:ff:ff:ff:ff:ff,ff:ff:ff:ff:ff:ff,d8:d7:75:45:81:24,d8:d7:75:45:81:24,FunBox2-8124,-42,1,2412,False,False
1778935777.52668,data,null_data,50:02:91:e8:18:ec,d8:d7:75:45:81:24,d8:d7:75:45:81:24,50:02:91:e8:18:ec,d8:d7:75:45:81:24,,-84,1,2412,False,False
1778935777.5266907,control,ack,,50:02:91:e8:18:ec,50:02:91:e8:18:ec,,,,-49,1,2412,False,False
1778935777.532136,management,beacon,d8:d7:75:45:81:24,ff:ff:ff:ff:ff:ff,ff:ff:ff:ff:ff:ff,d8:d7:75:45:81:24,d8:d7:75:45:81:24,FunBox2-8124,-41,1,2412,False,False
1778935777.6345365,management,beacon,d8:d7:75:45:81:24,ff:ff:ff:ff:ff:ff,ff:ff:ff:ff:ff:ff,d8:d7:75:45:81:24,d8:d7:75:45:81:24,FunBox2-8124,-41,1,2412,False,False
1778935777.7369328,management,beacon,d8:d7:75:45:81:24,ff:ff:ff:ff:ff:ff,ff:ff:ff:ff:ff:ff,d8:d7:75:45:81:24,d8:d7:75:45:81:24,FunBox2-8124,-48,1,2412,False,False
1778935777.8393667,management,beacon,d8:d7:75:45:81:24,ff:ff:ff:ff:ff:ff,ff:ff:ff:ff:ff:ff,d8:d7:75:45:81:24,d8:d7:75:45:81:24,FunBox2-8124,-47,1,2412,False,False
1778935777.9417443,management,beacon,d8:d7:75:45:81:24,ff:ff:ff:ff:ff:ff,ff:ff:ff:ff:ff:ff,d8:d7:75:45:81:24,d8:d7:75:45:81:24,FunBox2-8124,-48,1,2412,False,False
1778935778.146654,management,beacon,d8:d7:75:45:81:24,ff:ff:ff:ff:ff:ff,ff:ff:ff:ff:ff:ff,d8:d7:75:45:81:24,d8:d7:75:45:81:24,FunBox2-8124,-39,1,2412,False,False
1778935778.2490096,management,beacon,d8:d7:75:45:81:24,ff:ff:ff:ff:ff:ff,ff:ff:ff:ff:ff:ff,d8:d7:75:45:81:24,d8:d7:75:45:81:24,FunBox2-8124,-46,1,2412,False,False
1778935778.3514142,management,beacon,d8:d7:75:45:81:24,ff:ff:ff:ff:ff:ff,ff:ff:ff:ff:ff:ff,d8:d7:75:45:81:24,d8:d7:75:45:81:24,FunBox2-8124,-39,1,2412,False,False
1778935778.4537818,management,beacon,d8:d7:75:45:81:24,ff:ff:ff:ff:ff:ff,ff:ff:ff:ff:ff:ff,d8:d7:75:45:81:24,d8:d7:75:45:81:24,FunBox2-8124,-45,1,2412,False,False
1778935778.556178,management,beacon,d8:d7:75:45:81:24,ff:ff:ff:ff:ff:ff,ff:ff:ff:ff:ff:ff,d8:d7:75:45:81:24,d8:d7:75:45:81:24,FunBox2-8124,-43,1,2412,False,False
1778935778.6586077,management,beacon,d8:d7:75:45:81:24,ff:ff:ff:ff:ff:ff,ff:ff:ff:ff:ff:ff,d8:d7:75:45:81:24,d8:d7:75:45:81:24,FunBox2-8124,-39,1,2412,False,False
1778935778.7610042,management,beacon,d8:d7:75:45:81:24,ff:ff:ff:ff:ff:ff,ff:ff:ff:ff:ff:ff,d8:d7:75:45:81:24,d8:d7:75:45:81:24,FunBox2-8124,-43,1,2412,False,False
1778935778.7621195,data,null_data,50:02:91:e8:18:ec,d8:d7:75:45:81:24,d8:d7:75:45:81:24,50:02:91:e8:18:ec,d8:d7:75:45:81:24,,-82,1,2412,False,False
1778935778.7623973,data,null_data,50:02:91:e8:18:ec,d8:d7:75:45:81:24,d8:d7:75:45:81:24,50:02:91:e8:18:ec,d8:d7:75:45:81:24,,-83,1,2412,False,True
1778935778.7623997,control,ack,,50:02:91:e8:18:ec,50:02:91:e8:18:ec,,,,-45,1,2412,False,False
1778935778.7631109,data,null_data,50:02:91:e8:18:ec,d8:d7:75:45:81:24,d8:d7:75:45:81:24,50:02:91:e8:18:ec,d8:d7:75:45:81:24,,-83,1,2412,False,True
1778935778.7631152,control,ack,,50:02:91:e8:18:ec,50:02:91:e8:18:ec,,,,-40,1,2412,False,False
1778935778.8633814,management,beacon,d8:d7:75:45:81:24,ff:ff:ff:ff:ff:ff,ff:ff:ff:ff:ff:ff,d8:d7:75:45:81:24,d8:d7:75:45:81:24,FunBox2-8124,-43,1,2412,False,False
1778935778.923977,data,null_data,50:02:91:e8:18:ec,d8:d7:75:45:81:24,d8:d7:75:45:81:24,50:02:91:e8:18:ec,d8:d7:75:45:81:24,,-87,1,2412,False,False
1778935778.9239864,control,ack,,50:02:91:e8:18:ec,50:02:91:e8:18:ec,,,,-46,1,2412,False,False
1778935778.965793,management,beacon,d8:d7:75:45:81:24,ff:ff:ff:ff:ff:ff,ff:ff:ff:ff:ff:ff,d8:d7:75:45:81:24,d8:d7:75:45:81:24,FunBox2-8124,-44,1,2412,False,False
1778935779.0682232,management,beacon,d8:d7:75:45:81:24,ff:ff:ff:ff:ff:ff,ff:ff:ff:ff:ff:ff,d8:d7:75:45:81:24,d8:d7:75:45:81:24,FunBox2-8124,-44,1,2412,False,False
1778935779.1706533,management,beacon,d8:d7:75:45:81:24,ff:ff:ff:ff:ff:ff,ff:ff:ff:ff:ff:ff,d8:d7:75:45:81:24,d8:d7:75:45:81:24,FunBox2-8124,-50,1,2412,False,False
1778935779.2730005,management,beacon,d8:d7:75:45:81:24,ff:ff:ff:ff:ff:ff,ff:ff:ff:ff:ff:ff,d8:d7:75:45:81:24,d8:d7:75:45:81:24,FunBox2-8124,-56,1,2412,False,False
1778935779.3754027,management,beacon,d8:d7:75:45:81:24,ff:ff:ff:ff:ff:ff,ff:ff:ff:ff:ff:ff,d8:d7:75:45:81:24,d8:d7:75:45:81:24,FunBox2-8124,-40,1,2412,False,False
1778935779.4778342,management,beacon,d8:d7:75:45:81:24,ff:ff:ff:ff:ff:ff,ff:ff:ff:ff:ff:ff,d8:d7:75:45:81:24,d8:d7:75:45:81:24,FunBox2-8124,-59,1,2412,False,False
1778935779.5802066,management,beacon,d8:d7:75:45:81:24,ff:ff:ff:ff:ff:ff,ff:ff:ff:ff:ff:ff,d8:d7:75:45:81:24,d8:d7:75:45:81:24,FunBox2-8124,-41,1,2412,False,False
1778935779.6826544,management,beacon,d8:d7:75:45:81:24,ff:ff:ff:ff:ff:ff,ff:ff:ff:ff:ff:ff,d8:d7:75:45:81:24,d8:d7:75:45:81:24,FunBox2-8124,-52,1,2412,False,False
1778935779.7906613,data,null_data,50:02:91:e8:18:ec,d8:d7:75:45:81:24,d8:d7:75:45:81:24,50:02:91:e8:18:ec,d8:d7:75:45:81:24,,-82,1,2412,False,False
1778935779.7906754,control,ack,,50:02:91:e8:18:ec,50:02:91:e8:18:ec,,,,-55,1,2412,False,False
1778935779.8874803,management,beacon,d8:d7:75:45:81:24,ff:ff:ff:ff:ff:ff,ff:ff:ff:ff:ff:ff,d8:d7:75:45:81:24,d8:d7:75:45:81:24,FunBox2-8124,-41,1,2412,False,False
1778935779.951466,data,null_data,50:02:91:e8:18:ec,d8:d7:75:45:81:24,d8:d7:75:45:81:24,50:02:91:e8:18:ec,d8:d7:75:45:81:24,,-83,1,2412,False,False
1778935779.951473,control,ack,,50:02:91:e8:18:ec,50:02:91:e8:18:ec,,,,-50,1,2412,False,False
1778935779.9898274,management,beacon,d8:d7:75:45:81:24,ff:ff:ff:ff:ff:ff,ff:ff:ff:ff:ff:ff,d8:d7:75:45:81:24,d8:d7:75:45:81:24,FunBox2-8124,-42,1,2412,False,False
1778935780.1946483,management,beacon,d8:d7:75:45:81:24,ff:ff:ff:ff:ff:ff,ff:ff:ff:ff:ff:ff,d8:d7:75:45:81:24,d8:d7:75:45:81:24,FunBox2-8124,-52,1,2412,False,False
1778935780.3994424,management,beacon,d8:d7:75:45:81:24,ff:ff:ff:ff:ff:ff,ff:ff:ff:ff:ff:ff,d8:d7:75:45:81:24,d8:d7:75:45:81:24,FunBox2-8124,-45,1,2412,False,False
1778935780.5018752,management,beacon,d8:d7:75:45:81:24,ff:ff:ff:ff:ff:ff,ff:ff:ff:ff:ff:ff,d8:d7:75:45:81:24,d8:d7:75:45:81:24,FunBox2-8124,-51,1,2412,False,False
1778935780.6042786,management,beacon,d8:d7:75:45:81:24,ff:ff:ff:ff:ff:ff,ff:ff:ff:ff:ff:ff,d8:d7:75:45:81:24,d8:d7:75:45:81:24,FunBox2-8124,-47,1,2412,False,False
1778935780.7066853,management,beacon,d8:d7:75:45:81:24,ff:ff:ff:ff:ff:ff,ff:ff:ff:ff:ff:ff,d8:d7:75:45:81:24,d8:d7:75:45:81:24,FunBox2-8124,-47,1,2412,False,False
1778935780.7081048,control,ack,,50:02:91:e8:18:ec,50:02:91:e8:18:ec,,,,-49,1,2412,False,False
1778935780.7081118,data,null_data,50:02:91:e8:18:ec,d8:d7:75:45:81:24,d8:d7:75:45:81:24,50:02:91:e8:18:ec,d8:d7:75:45:81:24,,-85,1,2412,False,True
1778935780.7081141,control,ack,,50:02:91:e8:18:ec,50:02:91:e8:18:ec,,,,-44,1,2412,False,False
1778935780.8689759,control,ack,,50:02:91:e8:18:ec,50:02:91:e8:18:ec,,,,-51,1,2412,False,False
1778935780.9114585,management,beacon,d8:d7:75:45:81:24,ff:ff:ff:ff:ff:ff,ff:ff:ff:ff:ff:ff,d8:d7:75:45:81:24,d8:d7:75:45:81:24,FunBox2-8124,-41,1,2412,False,False
1778935781.0138857,management,beacon,d8:d7:75:45:81:24,ff:ff:ff:ff:ff:ff,ff:ff:ff:ff:ff:ff,d8:d7:75:45:81:24,d8:d7:75:45:81:24,FunBox2-8124,-51,1,2412,False,False
1778935781.1163254,management,beacon,d8:d7:75:45:81:24,ff:ff:ff:ff:ff:ff,ff:ff:ff:ff:ff:ff,d8:d7:75:45:81:24,d8:d7:75:45:81:24,FunBox2-8124,-48,1,2412,False,False
1778935781.2186987,management,beacon,d8:d7:75:45:81:24,ff:ff:ff:ff:ff:ff,ff:ff:ff:ff:ff:ff,d8:d7:75:45:81:24,d8:d7:75:45:81:24,FunBox2-8124,-51,1,2412,False,False
1778935781.4234798,management,beacon,d8:d7:75:45:81:24,ff:ff:ff:ff:ff:ff,ff:ff:ff:ff:ff:ff,d8:d7:75:45:81:24,d8:d7:75:45:81:24,FunBox2-8124,-50,1,2412,False,False
1778935781.525933,management,beacon,d8:d7:75:45:81:24,ff:ff:ff:ff:ff:ff,ff:ff:ff:ff:ff:ff,d8:d7:75:45:81:24,d8:d7:75:45:81:24,FunBox2-8124,-55,1,2412,False,False
1778935781.5275722,data,data,d8:d7:75:45:81:24,33:33:00:00:00:01,33:33:00:00:00:01,d8:d7:75:45:81:24,d8:d7:75:45:81:24,,-54,1,2412,True,False
1778935781.5282886,control,ack,,d8:d7:75:45:81:24,d8:d7:75:45:81:24,,,,-83,1,2412,False,False
1778935781.5282907,data,null_data,50:02:91:e8:18:ec,d8:d7:75:45:81:24,d8:d7:75:45:81:24,50:02:91:e8:18:ec,d8:d7:75:45:81:24,,-83,1,2412,False,False
1778935781.528292,control,ack,,50:02:91:e8:18:ec,50:02:91:e8:18:ec,,,,-44,1,2412,False,False
1778935781.5282931,data,null_data,50:02:91:e8:18:ec,d8:d7:75:45:81:24,d8:d7:75:45:81:24,50:02:91:e8:18:ec,d8:d7:75:45:81:24,,-82,1,2412,False,True
1778935781.528294,control,ack,,50:02:91:e8:18:ec,50:02:91:e8:18:ec,,,,-45,1,2412,False,False
1778935781.5287097,data,null_data,50:02:91:e8:18:ec,d8:d7:75:45:81:24,d8:d7:75:45:81:24,50:02:91:e8:18:ec,d8:d7:75:45:81:24,,-82,1,2412,False,True
1778935781.5287113,control,ack,,50:02:91:e8:18:ec,50:02:91:e8:18:ec,,,,-44,1,2412,False,False
1778935781.5304763,data,data,d8:d7:75:45:81:24,33:33:00:00:00:01,33:33:00:00:00:01,d8:d7:75:45:81:24,d8:d7:75:45:81:24,,-44,1,2412,True,False
1778935781.530793,control,ack,,d8:d7:75:45:81:24,d8:d7:75:45:81:24,,,,-82,1,2412,False,False
1778935781.6912591,data,null_data,50:02:91:e8:18:ec,d8:d7:75:45:81:24,d8:d7:75:45:81:24,50:02:91:e8:18:ec,d8:d7:75:45:81:24,,-82,1,2412,False,False
1778935781.6912682,control,ack,,50:02:91:e8:18:ec,50:02:91:e8:18:ec,,,,-50,1,2412,False,False
1778935781.730746,management,beacon,d8:d7:75:45:81:24,ff:ff:ff:ff:ff:ff,ff:ff:ff:ff:ff:ff,d8:d7:75:45:81:24,d8:d7:75:45:81:24,FunBox2-8124,-43,1,2412,False,False
1778935781.9355495,management,beacon,d8:d7:75:45:81:24,ff:ff:ff:ff:ff:ff,ff:ff:ff:ff:ff:ff,d8:d7:75:45:81:24,d8:d7:75:45:81:24,FunBox2-8124,-52,1,2412,False,False
1778935782.0379632,management,beacon,d8:d7:75:45:81:24,ff:ff:ff:ff:ff:ff,ff:ff:ff:ff:ff:ff,d8:d7:75:45:81:24,d8:d7:75:45:81:24,FunBox2-8124,-51,1,2412,False,False
1778935782.14034,management,beacon,d8:d7:75:45:81:24,ff:ff:ff:ff:ff:ff,ff:ff:ff:ff:ff:ff,d8:d7:75:45:81:24,d8:d7:75:45:81:24,FunBox2-8124,-51,1,2412,False,False
1778935782.243056,management,beacon,d8:d7:75:45:81:24,ff:ff:ff:ff:ff:ff,ff:ff:ff:ff:ff:ff,d8:d7:75:45:81:24,d8:d7:75:45:81:24,FunBox2-8124,-49,1,2412,False,False
1778935782.4475749,management,beacon,d8:d7:75:45:81:24,ff:ff:ff:ff:ff:ff,ff:ff:ff:ff:ff:ff,d8:d7:75:45:81:24,d8:d7:75:45:81:24,FunBox2-8124,-46,1,2412,False,False
1778935782.5499253,management,beacon,d8:d7:75:45:81:24,ff:ff:ff:ff:ff:ff,ff:ff:ff:ff:ff:ff,d8:d7:75:45:81:24,d8:d7:75:45:81:24,FunBox2-8124,-47,1,2412,False,False
1778935782.6523325,management,beacon,d8:d7:75:45:81:24,ff:ff:ff:ff:ff:ff,ff:ff:ff:ff:ff:ff,d8:d7:75:45:81:24,d8:d7:75:45:81:24,FunBox2-8124,-49,1,2412,False,False
1778935782.7547374,management,beacon,d8:d7:75:45:81:24,ff:ff:ff:ff:ff:ff,ff:ff:ff:ff:ff:ff,d8:d7:75:45:81:24,d8:d7:75:45:81:24,FunBox2-8124,-47,1,2412,False,False
1778935782.9595342,management,beacon,d8:d7:75:45:81:24,ff:ff:ff:ff:ff:ff,ff:ff:ff:ff:ff:ff,d8:d7:75:45:81:24,d8:d7:75:45:81:24,FunBox2-8124,-48,1,2412,False,False
1778935783.0619476,management,beacon,d8:d7:75:45:81:24,ff:ff:ff:ff:ff:ff,ff:ff:ff:ff:ff:ff,d8:d7:75:45:81:24,d8:d7:75:45:81:24,FunBox2-8124,-48,1,2412,False,False
1778935783.2667449,management,beacon,d8:d7:75:45:81:24,ff:ff:ff:ff:ff:ff,ff:ff:ff:ff:ff:ff,d8:d7:75:45:81:24,d8:d7:75:45:81:24,FunBox2-8124,-48,1,2412,False,False
1778935783.370387,data,null_data,50:02:91:e8:18:ec,d8:d7:75:45:81:24,d8:d7:75:45:81:24,50:02:91:e8:18:ec,d8:d7:75:45:81:24,,-84,1,2412,False,False
1778935783.3703947,control,ack,,50:02:91:e8:18:ec,50:02:91:e8:18:ec,,,,-48,1,2412,False,False
1778935783.4715898,management,beacon,d8:d7:75:45:81:24,ff:ff:ff:ff:ff:ff,ff:ff:ff:ff:ff:ff,d8:d7:75:45:81:24,d8:d7:75:45:81:24,FunBox2-8124,-44,1,2412,False,False
1778935783.5312448,data,null_data,50:02:91:e8:18:ec,d8:d7:75:45:81:24,d8:d7:75:45:81:24,50:02:91:e8:18:ec,d8:d7:75:45:81:24,,-83,1,2412,False,False
1778935783.5312538,control,ack,,50:02:91:e8:18:ec,50:02:91:e8:18:ec,,,,-46,1,2412,False,False
1778935783.5739975,management,beacon,d8:d7:75:45:81:24,ff:ff:ff:ff:ff:ff,ff:ff:ff:ff:ff:ff,d8:d7:75:45:81:24,d8:d7:75:45:81:24,FunBox2-8124,-45,1,2412,False,False
1778935783.6763582,management,beacon,d8:d7:75:45:81:24,ff:ff:ff:ff:ff:ff,ff:ff:ff:ff:ff:ff,d8:d7:75:45:81:24,d8:d7:75:45:81:24,FunBox2-8124,-42,1,2412,False,False
1778935783.6777763,data,data,d8:d7:75:45:81:24,33:33:00:00:00:01,33:33:00:00:00:01,d8:d7:75:45:81:24,d8:d7:75:45:81:24,,-43,1,2412,True,False
1778935783.6780758,control,ack,,d8:d7:75:45:81:24,d8:d7:75:45:81:24,,,,-85,1,2412,False,False
1778935783.6782665,control,ack,,50:02:91:e8:18:ec,50:02:91:e8:18:ec,,,,-46,1,2412,False,False
1778935783.7788036,management,beacon,d8:d7:75:45:81:24,ff:ff:ff:ff:ff:ff,ff:ff:ff:ff:ff:ff,d8:d7:75:45:81:24,d8:d7:75:45:81:24,FunBox2-8124,-42,1,2412,False,False
1778935783.8391798,data,null_data,50:02:91:e8:18:ec,d8:d7:75:45:81:24,d8:d7:75:45:81:24,50:02:91:e8:18:ec,d8:d7:75:45:81:24,,-83,1,2412,False,False
1778935783.8391888,control,ack,,50:02:91:e8:18:ec,50:02:91:e8:18:ec,,,,-44,1,2412,False,False
1778935783.9835732,management,beacon,d8:d7:75:45:81:24,ff:ff:ff:ff:ff:ff,ff:ff:ff:ff:ff:ff,d8:d7:75:45:81:24,d8:d7:75:45:81:24,FunBox2-8124,-43,1,2412,False,False
1778935784.085995,management,beacon,d8:d7:75:45:81:24,ff:ff:ff:ff:ff:ff,ff:ff:ff:ff:ff:ff,d8:d7:75:45:81:24,d8:d7:75:45:81:24,FunBox2-8124,-42,1,2412,False,False
1778935784.188399,management,beacon,d8:d7:75:45:81:24,ff:ff:ff:ff:ff:ff,ff:ff:ff:ff:ff:ff,d8:d7:75:45:81:24,d8:d7:75:45:81:24,FunBox2-8124,-40,1,2412,False,False
1778935784.2907896,management,beacon,d8:d7:75:45:81:24,ff:ff:ff:ff:ff:ff,ff:ff:ff:ff:ff:ff,d8:d7:75:45:81:24,d8:d7:75:45:81:24,FunBox2-8124,-42,1,2412,False,False
1778935784.4956148,management,beacon,d8:d7:75:45:81:24,ff:ff:ff:ff:ff:ff,ff:ff:ff:ff:ff:ff,d8:d7:75:45:81:24,d8:d7:75:45:81:24,FunBox2-8124,-43,1,2412,False,False
1778935784.598015,management,beacon,d8:d7:75:45:81:24,ff:ff:ff:ff:ff:ff,ff:ff:ff:ff:ff:ff,d8:d7:75:45:81:24,d8:d7:75:45:81:24,FunBox2-8124,-41,1,2412,False,False
1778935784.7004457,management,beacon,d8:d7:75:45:81:24,ff:ff:ff:ff:ff:ff,ff:ff:ff:ff:ff:ff,d8:d7:75:45:81:24,d8:d7:75:45:81:24,FunBox2-8124,-41,1,2412,False,False
1778935784.8028448,management,beacon,d8:d7:75:45:81:24,ff:ff:ff:ff:ff:ff,ff:ff:ff:ff:ff:ff,d8:d7:75:45:81:24,d8:d7:75:45:81:24,FunBox2-8124,-43,1,2412,False,False
1778935784.9071596,data,data,d8:d7:75:45:81:24,33:33:00:00:00:01,33:33:00:00:00:01,d8:d7:75:45:81:24,d8:d7:75:45:81:24,,-41,1,2412,True,False
1778935784.9074562,control,ack,,d8:d7:75:45:81:24,d8:d7:75:45:81:24,,,,-83,1,2412,False,False
1778935784.9094992,control,ack,,d8:d7:75:45:81:24,d8:d7:75:45:81:24,,,,-83,1,2412,False,False
1778935785.1100287,management,beacon,d8:d7:75:45:81:24,ff:ff:ff:ff:ff:ff,ff:ff:ff:ff:ff:ff,d8:d7:75:45:81:24,d8:d7:75:45:81:24,FunBox2-8124,-42,1,2412,False,False
1778935785.2124631,management,beacon,d8:d7:75:45:81:24,ff:ff:ff:ff:ff:ff,ff:ff:ff:ff:ff:ff,d8:d7:75:45:81:24,d8:d7:75:45:81:24,FunBox2-8124,-44,1,2412,False,False
1778935785.214153,data,data,d8:d7:75:45:81:24,33:33:00:00:00:16,33:33:00:00:00:16,d8:d7:75:45:81:24,a8:5e:45:c6:9f:b7,,-41,1,2412,True,False
1778935785.2146046,control,ack,,d8:d7:75:45:81:24,d8:d7:75:45:81:24,,,,-83,1,2412,False,False
1778935785.214608,data,null_data,50:02:91:e8:18:ec,d8:d7:75:45:81:24,d8:d7:75:45:81:24,50:02:91:e8:18:ec,d8:d7:75:45:81:24,,-83,1,2412,False,False
1778935785.2146091,control,ack,,50:02:91:e8:18:ec,50:02:91:e8:18:ec,,,,-46,1,2412,False,False
1778935785.3148432,management,beacon,d8:d7:75:45:81:24,ff:ff:ff:ff:ff:ff,ff:ff:ff:ff:ff:ff,d8:d7:75:45:81:24,d8:d7:75:45:81:24,FunBox2-8124,-44,1,2412,False,False
1778935785.3755026,data,null_data,50:02:91:e8:18:ec,d8:d7:75:45:81:24,d8:d7:75:45:81:24,50:02:91:e8:18:ec,d8:d7:75:45:81:24,,-84,1,2412,False,False
1778935785.3755226,control,ack,,50:02:91:e8:18:ec,50:02:91:e8:18:ec,,,,-46,1,2412,False,False
1778935785.417235,management,beacon,d8:d7:75:45:81:24,ff:ff:ff:ff:ff:ff,ff:ff:ff:ff:ff:ff,d8:d7:75:45:81:24,d8:d7:75:45:81:24,FunBox2-8124,-43,1,2412,False,False
1778935785.6220345,management,beacon,d8:d7:75:45:81:24,ff:ff:ff:ff:ff:ff,ff:ff:ff:ff:ff:ff,d8:d7:75:45:81:24,d8:d7:75:45:81:24,FunBox2-8124,-42,1,2412,False,False
1778935785.7244258,management,beacon,d8:d7:75:45:81:24,ff:ff:ff:ff:ff:ff,ff:ff:ff:ff:ff:ff,d8:d7:75:45:81:24,d8:d7:75:45:81:24,FunBox2-8124,-42,1,2412,False,False
1778935785.8269,management,beacon,d8:d7:75:45:81:24,ff:ff:ff:ff:ff:ff,ff:ff:ff:ff:ff:ff,d8:d7:75:45:81:24,d8:d7:75:45:81:24,FunBox2-8124,-42,1,2412,False,False
1778935785.9292848,management,beacon,d8:d7:75:45:81:24,ff:ff:ff:ff:ff:ff,ff:ff:ff:ff:ff:ff,d8:d7:75:45:81:24,d8:d7:75:45:81:24,FunBox2-8124,-46,1,2412,False,False
1778935786.1341085,management,beacon,d8:d7:75:45:81:24,ff:ff:ff:ff:ff:ff,ff:ff:ff:ff:ff:ff,d8:d7:75:45:81:24,d8:d7:75:45:81:24,FunBox2-8124,-44,1,2412,False,False
1778935786.236446,management,beacon,d8:d7:75:45:81:24,ff:ff:ff:ff:ff:ff,ff:ff:ff:ff:ff:ff,d8:d7:75:45:81:24,d8:d7:75:45:81:24,FunBox2-8124,-50,1,2412,False,False
1778935786.3388896,management,beacon,d8:d7:75:45:81:24,ff:ff:ff:ff:ff:ff,ff:ff:ff:ff:ff:ff,d8:d7:75:45:81:24,d8:d7:75:45:81:24,FunBox2-8124,-44,1,2412,False,False
1778935786.4413202,management,beacon,d8:d7:75:45:81:24,ff:ff:ff:ff:ff:ff,ff:ff:ff:ff:ff:ff,d8:d7:75:45:81:24,d8:d7:75:45:81:24,FunBox2-8124,-43,1,2412,False,False
1778935786.443127,data,null_data,50:02:91:e8:18:ec,d8:d7:75:45:81:24,d8:d7:75:45:81:24,50:02:91:e8:18:ec,d8:d7:75:45:81:24,,-83,1,2412,False,False
1778935786.4431317,control,ack,,50:02:91:e8:18:ec,50:02:91:e8:18:ec,,,,-45,1,2412,False,False
1778935786.6040404,data,null_data,50:02:91:e8:18:ec,d8:d7:75:45:81:24,d8:d7:75:45:81:24,50:02:91:e8:18:ec,d8:d7:75:45:81:24,,-84,1,2412,False,False
1778935786.6040556,control,ack,,50:02:91:e8:18:ec,50:02:91:e8:18:ec,,,,-44,1,2412,False,False
1778935786.6460786,management,beacon,d8:d7:75:45:81:24,ff:ff:ff:ff:ff:ff,ff:ff:ff:ff:ff:ff,d8:d7:75:45:81:24,d8:d7:75:45:81:24,FunBox2-8124,-42,1,2412,False,False
1778935786.7485087,management,beacon,d8:d7:75:45:81:24,ff:ff:ff:ff:ff:ff,ff:ff:ff:ff:ff:ff,d8:d7:75:45:81:24,d8:d7:75:45:81:24,FunBox2-8124,-43,1,2412,False,False
1778935786.8509505,management,beacon,d8:d7:75:45:81:24,ff:ff:ff:ff:ff:ff,ff:ff:ff:ff:ff:ff,d8:d7:75:45:81:24,d8:d7:75:45:81:24,FunBox2-8124,-46,1,2412,False,False
1778935786.9533138,management,beacon,d8:d7:75:45:81:24,ff:ff:ff:ff:ff:ff,ff:ff:ff:ff:ff:ff,d8:d7:75:45:81:24,d8:d7:75:45:81:24,FunBox2-8124,-43,1,2412,False,False
1778935787.057085,data,data,d8:d7:75:45:81:24,33:33:00:00:00:02,33:33:00:00:00:02,d8:d7:75:45:81:24,a8:5e:45:c6:9f:b7,,-43,1,2412,True,False
1778935787.0575738,control,ack,,d8:d7:75:45:81:24,d8:d7:75:45:81:24,,,,-89,1,2412,False,False
1778935787.057576,data,null_data,50:02:91:e8:18:ec,d8:d7:75:45:81:24,d8:d7:75:45:81:24,50:02:91:e8:18:ec,d8:d7:75:45:81:24,,-83,1,2412,False,False
1778935787.0575776,control,ack,,50:02:91:e8:18:ec,50:02:91:e8:18:ec,,,,-46,1,2412,False,False
1778935787.1581242,management,beacon,d8:d7:75:45:81:24,ff:ff:ff:ff:ff:ff,ff:ff:ff:ff:ff:ff,d8:d7:75:45:81:24,d8:d7:75:45:81:24,FunBox2-8124,-43,1,2412,False,False
1778935787.2184744,data,null_data,50:02:91:e8:18:ec,d8:d7:75:45:81:24,d8:d7:75:45:81:24,50:02:91:e8:18:ec,d8:d7:75:45:81:24,,-83,1,2412,False,False
1778935787.2184834,control,ack,,50:02:91:e8:18:ec,50:02:91:e8:18:ec,,,,-45,1,2412,False,False
1778935787.2605083,management,beacon,d8:d7:75:45:81:24,ff:ff:ff:ff:ff:ff,ff:ff:ff:ff:ff:ff,d8:d7:75:45:81:24,d8:d7:75:45:81:24,FunBox2-8124,-42,1,2412,False,False
1778935787.3628945,management,beacon,d8:d7:75:45:81:24,ff:ff:ff:ff:ff:ff,ff:ff:ff:ff:ff:ff,d8:d7:75:45:81:24,d8:d7:75:45:81:24,FunBox2-8124,-43,1,2412,False,False
1778935787.4653141,management,beacon,d8:d7:75:45:81:24,ff:ff:ff:ff:ff:ff,ff:ff:ff:ff:ff:ff,d8:d7:75:45:81:24,d8:d7:75:45:81:24,FunBox2-8124,-43,1,2412,False,False
1778935787.6701422,management,beacon,d8:d7:75:45:81:24,ff:ff:ff:ff:ff:ff,ff:ff:ff:ff:ff:ff,d8:d7:75:45:81:24,d8:d7:75:45:81:24,FunBox2-8124,-44,1,2412,False,False
1778935787.7725172,management,beacon,d8:d7:75:45:81:24,ff:ff:ff:ff:ff:ff,ff:ff:ff:ff:ff:ff,d8:d7:75:45:81:24,d8:d7:75:45:81:24,FunBox2-8124,-44,1,2412,False,False
1778935787.8783135,management,beacon,d8:d7:75:45:81:24,ff:ff:ff:ff:ff:ff,ff:ff:ff:ff:ff:ff,d8:d7:75:45:81:24,d8:d7:75:45:81:24,FunBox2-8124,-44,1,2412,False,False
1778935787.9728258,management,probe_request,ee:f6:37:9e:56:db,ff:ff:ff:ff:ff:ff,ff:ff:ff:ff:ff:ff,ee:f6:37:9e:56:db,ff:ff:ff:ff:ff:ff,<hidden>,-79,1,2412,False,False
1778935787.976099,management,probe_response,d8:d7:75:45:81:24,ee:f6:37:9e:56:db,ee:f6:37:9e:56:db,d8:d7:75:45:81:24,d8:d7:75:45:81:24,FunBox2-8124,-43,1,2412,False,False
1778935787.9763885,control,ack,,d8:d7:75:45:81:24,d8:d7:75:45:81:24,,,,-79,1,2412,False,False
1778935787.9802291,data,null_data,50:02:91:e8:18:ec,d8:d7:75:45:81:24,d8:d7:75:45:81:24,50:02:91:e8:18:ec,d8:d7:75:45:81:24,,-82,1,2412,False,False
1778935787.9803913,data,null_data,50:02:91:e8:18:ec,d8:d7:75:45:81:24,d8:d7:75:45:81:24,50:02:91:e8:18:ec,d8:d7:75:45:81:24,,-84,1,2412,False,True
1778935787.9807131,data,null_data,50:02:91:e8:18:ec,d8:d7:75:45:81:24,d8:d7:75:45:81:24,50:02:91:e8:18:ec,d8:d7:75:45:81:24,,-83,1,2412,False,True
1778935787.9810925,data,null_data,50:02:91:e8:18:ec,d8:d7:75:45:81:24,d8:d7:75:45:81:24,50:02:91:e8:18:ec,d8:d7:75:45:81:24,,-83,1,2412,False,True
1778935787.9816844,data,null_data,50:02:91:e8:18:ec,d8:d7:75:45:81:24,d8:d7:75:45:81:24,50:02:91:e8:18:ec,d8:d7:75:45:81:24,,-83,1,2412,False,True
1778935787.9819937,control,ack,,50:02:91:e8:18:ec,50:02:91:e8:18:ec,,,,-43,1,2412,False,False
1778935787.9931488,management,probe_request,ee:f6:37:9e:56:db,ff:ff:ff:ff:ff:ff,ff:ff:ff:ff:ff:ff,ee:f6:37:9e:56:db,ff:ff:ff:ff:ff:ff,<hidden>,-82,1,2412,False,False
1778935787.9934494,control,ack,,ee:f6:37:9e:56:db,ee:f6:37:9e:56:db,,,,-83,1,2412,False,False
1778935787.9954653,data,data,d8:d7:75:45:81:24,33:33:00:00:00:01,33:33:00:00:00:01,d8:d7:75:45:81:24,d8:d7:75:45:81:24,,-43,1,2412,True,False
1778935787.995772,control,ack,,d8:d7:75:45:81:24,d8:d7:75:45:81:24,,,,-85,1,2412,False,False
1778935787.9975812,data,data,d8:d7:75:45:81:24,33:33:00:00:00:16,33:33:00:00:00:16,d8:d7:75:45:81:24,a8:5e:45:c6:9f:b7,,-43,1,2412,True,False
1778935787.9978952,control,ack,,d8:d7:75:45:81:24,d8:d7:75:45:81:24,,,,-83,1,2412,False,False
1778935788.0061452,management,probe_response,d8:d7:75:45:81:24,ee:f6:37:9e:56:db,ee:f6:37:9e:56:db,d8:d7:75:45:81:24,d8:d7:75:45:81:24,FunBox2-8124,-45,1,2412,False,False
1778935788.0064347,control,ack,,d8:d7:75:45:81:24,d8:d7:75:45:81:24,,,,-83,1,2412,False,False
1778935788.158348,data,null_data,50:02:91:e8:18:ec,d8:d7:75:45:81:24,d8:d7:75:45:81:24,50:02:91:e8:18:ec,d8:d7:75:45:81:24,,-86,1,2412,False,False
1778935788.1583672,control,ack,,50:02:91:e8:18:ec,50:02:91:e8:18:ec,,,,-46,1,2412,False,False
1778935788.1824088,management,beacon,d8:d7:75:45:81:24,ff:ff:ff:ff:ff:ff,ff:ff:ff:ff:ff:ff,d8:d7:75:45:81:24,d8:d7:75:45:81:24,FunBox2-8124,-42,1,2412,False,False
1778935788.2776642,control,cts,,ce:d0:54:70:b1:b3,ce:d0:54:70:b1:b3,,,,-88,1,2412,False,False
1778935788.288156,management,beacon,d8:d7:75:45:81:24,ff:ff:ff:ff:ff:ff,ff:ff:ff:ff:ff:ff,d8:d7:75:45:81:24,d8:d7:75:45:81:24,FunBox2-8124,-45,1,2412,False,False
1778935788.3869903,management,beacon,d8:d7:75:45:81:24,ff:ff:ff:ff:ff:ff,ff:ff:ff:ff:ff:ff,d8:d7:75:45:81:24,d8:d7:75:45:81:24,FunBox2-8124,-47,1,2412,False,False
1778935788.489382,management,beacon,d8:d7:75:45:81:24,ff:ff:ff:ff:ff:ff,ff:ff:ff:ff:ff:ff,d8:d7:75:45:81:24,d8:d7:75:45:81:24,FunBox2-8124,-45,1,2412,False,False
1778935788.593332,data,data,d8:d7:75:45:81:24,33:33:00:00:00:16,33:33:00:00:00:16,d8:d7:75:45:81:24,a8:5e:45:c6:9f:b7,,-45,1,2412,True,False
1778935788.5938072,control,ack,,d8:d7:75:45:81:24,d8:d7:75:45:81:24,,,,-83,1,2412,False,False
1778935788.5938094,control,ack,,50:02:91:e8:18:ec,50:02:91:e8:18:ec,,,,-46,1,2412,False,False
1778935788.694136,management,beacon,d8:d7:75:45:81:24,ff:ff:ff:ff:ff:ff,ff:ff:ff:ff:ff:ff,d8:d7:75:45:81:24,d8:d7:75:45:81:24,FunBox2-8124,-46,1,2412,False,False
1778935788.7242882,data,data,d8:d7:75:45:81:24,33:33:00:00:00:01,33:33:00:00:00:01,d8:d7:75:45:81:24,d8:d7:75:45:81:24,,-46,1,2412,True,False
1778935788.7245808,control,ack,,d8:d7:75:45:81:24,d8:d7:75:45:81:24,,,,-87,1,2412,False,False
1778935788.7965598,management,beacon,d8:d7:75:45:81:24,ff:ff:ff:ff:ff:ff,ff:ff:ff:ff:ff:ff,d8:d7:75:45:81:24,d8:d7:75:45:81:24,FunBox2-8124,-41,1,2412,False,False
1778935788.8850882,control,ack,,50:02:91:e8:18:ec,50:02:91:e8:18:ec,,,,-46,1,2412,False,False
1778935788.898997,management,beacon,d8:d7:75:45:81:24,ff:ff:ff:ff:ff:ff,ff:ff:ff:ff:ff:ff,d8:d7:75:45:81:24,d8:d7:75:45:81:24,FunBox2-8124,-45,1,2412,False,False
1778935789.001382,management,beacon,d8:d7:75:45:81:24,ff:ff:ff:ff:ff:ff,ff:ff:ff:ff:ff:ff,d8:d7:75:45:81:24,d8:d7:75:45:81:24,FunBox2-8124,-48,1,2412,False,False
1778935789.202067,data,null_data,50:02:91:e8:18:ec,d8:d7:75:45:81:24,d8:d7:75:45:81:24,50:02:91:e8:18:ec,d8:d7:75:45:81:24,,-85,1,2412,False,False
1778935789.202085,control,ack,,50:02:91:e8:18:ec,50:02:91:e8:18:ec,,,,-49,1,2412,False,False
1778935789.2061594,management,beacon,d8:d7:75:45:81:24,ff:ff:ff:ff:ff:ff,ff:ff:ff:ff:ff:ff,d8:d7:75:45:81:24,d8:d7:75:45:81:24,FunBox2-8124,-45,1,2412,False,False
1778935789.3629937,control,ack,,50:02:91:e8:18:ec,50:02:91:e8:18:ec,,,,-48,1,2412,False,False
1778935789.3634384,control,ack,,50:02:91:e8:18:ec,50:02:91:e8:18:ec,,,,-45,1,2412,False,False
1778935789.410965,management,beacon,d8:d7:75:45:81:24,ff:ff:ff:ff:ff:ff,ff:ff:ff:ff:ff:ff,d8:d7:75:45:81:24,d8:d7:75:45:81:24,FunBox2-8124,-49,1,2412,False,False
1778935789.5133853,management,beacon,d8:d7:75:45:81:24,ff:ff:ff:ff:ff:ff,ff:ff:ff:ff:ff:ff,d8:d7:75:45:81:24,d8:d7:75:45:81:24,FunBox2-8124,-47,1,2412,False,False
1778935789.7181804,management,beacon,d8:d7:75:45:81:24,ff:ff:ff:ff:ff:ff,ff:ff:ff:ff:ff:ff,d8:d7:75:45:81:24,d8:d7:75:45:81:24,FunBox2-8124,-49,1,2412,False,False
1778935789.8206205,management,beacon,d8:d7:75:45:81:24,ff:ff:ff:ff:ff:ff,ff:ff:ff:ff:ff:ff,d8:d7:75:45:81:24,d8:d7:75:45:81:24,FunBox2-8124,-50,1,2412,False,False
1778935789.821766,data,null_data,50:02:91:e8:18:ec,d8:d7:75:45:81:24,d8:d7:75:45:81:24,50:02:91:e8:18:ec,d8:d7:75:45:81:24,,-84,1,2412,False,False
1778935789.8220005,data,null_data,50:02:91:e8:18:ec,d8:d7:75:45:81:24,d8:d7:75:45:81:24,50:02:91:e8:18:ec,d8:d7:75:45:81:24,,-84,1,2412,False,True
1778935789.8220024,control,ack,,50:02:91:e8:18:ec,50:02:91:e8:18:ec,,,,-49,1,2412,False,False
1778935789.9230418,management,beacon,d8:d7:75:45:81:24,ff:ff:ff:ff:ff:ff,ff:ff:ff:ff:ff:ff,d8:d7:75:45:81:24,d8:d7:75:45:81:24,FunBox2-8124,-49,1,2412,False,False
1778935789.9828625,control,ack,,50:02:91:e8:18:ec,50:02:91:e8:18:ec,,,,-49,1,2412,False,False
1778935790.0253935,management,beacon,d8:d7:75:45:81:24,ff:ff:ff:ff:ff:ff,ff:ff:ff:ff:ff:ff,d8:d7:75:45:81:24,d8:d7:75:45:81:24,FunBox2-8124,-43,1,2412,False,False
1778935790.1278338,management,beacon,d8:d7:75:45:81:24,ff:ff:ff:ff:ff:ff,ff:ff:ff:ff:ff:ff,d8:d7:75:45:81:24,d8:d7:75:45:81:24,FunBox2-8124,-49,1,2412,False,False
1778935790.2302532,management,beacon,d8:d7:75:45:81:24,ff:ff:ff:ff:ff:ff,ff:ff:ff:ff:ff:ff,d8:d7:75:45:81:24,d8:d7:75:45:81:24,FunBox2-8124,-49,1,2412,False,False
1778935790.3326662,management,beacon,d8:d7:75:45:81:24,ff:ff:ff:ff:ff:ff,ff:ff:ff:ff:ff:ff,d8:d7:75:45:81:24,d8:d7:75:45:81:24,FunBox2-8124,-51,1,2412,False,False
1778935790.356327,control,rts,54:35:30:cf:ee:1e,d8:d7:75:45:81:24,d8:d7:75:45:81:24,54:35:30:cf:ee:1e,,,-56,1,2412,False,False
1778935790.3563418,control,cts,,54:35:30:cf:ee:1e,54:35:30:cf:ee:1e,,,,-46,1,2412,False,False
1778935790.3563442,data,qos_data,54:35:30:cf:ee:1e,d8:d7:75:45:81:24,d8:d7:75:45:81:24,54:35:30:cf:ee:1e,ff:ff:ff:ff:ff:ff,,-52,1,2412,True,False
1778935790.3563464,control,block_ack,d8:d7:75:45:81:24,54:35:30:cf:ee:1e,54:35:30:cf:ee:1e,d8:d7:75:45:81:24,,,-44,1,2412,False,False
1778935790.4350579,management,beacon,d8:d7:75:45:81:24,ff:ff:ff:ff:ff:ff,ff:ff:ff:ff:ff:ff,d8:d7:75:45:81:24,d8:d7:75:45:81:24,FunBox2-8124,-45,1,2412,False,False
1778935790.436213,data,data,d8:d7:75:45:81:24,ff:ff:ff:ff:ff:ff,ff:ff:ff:ff:ff:ff,d8:d7:75:45:81:24,54:35:30:cf:ee:1e,,-42,1,2412,True,False
1778935790.4367156,control,ack,,d8:d7:75:45:81:24,d8:d7:75:45:81:24,,,,-85,1,2412,False,False
1778935790.436717,data,null_data,50:02:91:e8:18:ec,d8:d7:75:45:81:24,d8:d7:75:45:81:24,50:02:91:e8:18:ec,d8:d7:75:45:81:24,,-85,1,2412,False,False
1778935790.4367182,control,ack,,50:02:91:e8:18:ec,50:02:91:e8:18:ec,,,,-44,1,2412,False,False
1778935790.5374155,management,beacon,d8:d7:75:45:81:24,ff:ff:ff:ff:ff:ff,ff:ff:ff:ff:ff:ff,d8:d7:75:45:81:24,d8:d7:75:45:81:24,FunBox2-8124,-44,1,2412,False,False
1778935790.5976524,data,null_data,50:02:91:e8:18:ec,d8:d7:75:45:81:24,d8:d7:75:45:81:24,50:02:91:e8:18:ec,d8:d7:75:45:81:24,,-85,1,2412,False,False
1778935790.597676,control,ack,,50:02:91:e8:18:ec,50:02:91:e8:18:ec,,,,-50,1,2412,False,False
1778935790.639859,management,beacon,d8:d7:75:45:81:24,ff:ff:ff:ff:ff:ff,ff:ff:ff:ff:ff:ff,d8:d7:75:45:81:24,d8:d7:75:45:81:24,FunBox2-8124,-43,1,2412,False,False
1778935790.7422934,management,beacon,d8:d7:75:45:81:24,ff:ff:ff:ff:ff:ff,ff:ff:ff:ff:ff:ff,d8:d7:75:45:81:24,d8:d7:75:45:81:24,FunBox2-8124,-49,1,2412,False,False
1778935790.9470475,management,beacon,d8:d7:75:45:81:24,ff:ff:ff:ff:ff:ff,ff:ff:ff:ff:ff:ff,d8:d7:75:45:81:24,d8:d7:75:45:81:24,FunBox2-8124,-51,1,2412,False,False
1778935791.0494964,management,beacon,d8:d7:75:45:81:24,ff:ff:ff:ff:ff:ff,ff:ff:ff:ff:ff:ff,d8:d7:75:45:81:24,d8:d7:75:45:81:24,FunBox2-8124,-49,1,2412,False,False
1778935791.1317332,management,probe_request,1a:40:20:30:a2:54,ff:ff:ff:ff:ff:ff,ff:ff:ff:ff:ff:ff,1a:40:20:30:a2:54,ff:ff:ff:ff:ff:ff,<hidden>,-77,1,2412,False,False
1778935791.134966,management,probe_response,d8:d7:75:45:81:24,1a:40:20:30:a2:54,1a:40:20:30:a2:54,d8:d7:75:45:81:24,d8:d7:75:45:81:24,FunBox2-8124,-50,1,2412,False,False
1778935791.1352484,control,ack,,d8:d7:75:45:81:24,d8:d7:75:45:81:24,,,,-77,1,2412,False,False
1778935791.1518364,management,beacon,d8:d7:75:45:81:24,ff:ff:ff:ff:ff:ff,ff:ff:ff:ff:ff:ff,d8:d7:75:45:81:24,d8:d7:75:45:81:24,FunBox2-8124,-42,1,2412,False,False
1778935791.1563883,management,probe_response,d8:d7:75:45:81:24,1a:40:20:30:a2:54,1a:40:20:30:a2:54,d8:d7:75:45:81:24,d8:d7:75:45:81:24,FunBox2-8124,-42,1,2412,False,False
1778935791.156674,control,ack,,d8:d7:75:45:81:24,d8:d7:75:45:81:24,,,,-78,1,2412,False,False
1778935791.2354817,management,probe_request,1a:40:20:30:a2:54,ff:ff:ff:ff:ff:ff,ff:ff:ff:ff:ff:ff,1a:40:20:30:a2:54,ff:ff:ff:ff:ff:ff,<hidden>,-80,1,2412,False,False
1778935791.254287,management,beacon,d8:d7:75:45:81:24,ff:ff:ff:ff:ff:ff,ff:ff:ff:ff:ff:ff,d8:d7:75:45:81:24,d8:d7:75:45:81:24,FunBox2-8124,-42,1,2412,False,False
1778935791.3566854,management,beacon,d8:d7:75:45:81:24,ff:ff:ff:ff:ff:ff,ff:ff:ff:ff:ff:ff,d8:d7:75:45:81:24,d8:d7:75:45:81:24,FunBox2-8124,-43,1,2412,False,False
1778935791.4590662,management,beacon,d8:d7:75:45:81:24,ff:ff:ff:ff:ff:ff,ff:ff:ff:ff:ff:ff,d8:d7:75:45:81:24,d8:d7:75:45:81:24,FunBox2-8124,-41,1,2412,False,False
1778935791.5614529,management,beacon,d8:d7:75:45:81:24,ff:ff:ff:ff:ff:ff,ff:ff:ff:ff:ff:ff,d8:d7:75:45:81:24,d8:d7:75:45:81:24,FunBox2-8124,-42,1,2412,False,False
1778935791.6638913,management,beacon,d8:d7:75:45:81:24,ff:ff:ff:ff:ff:ff,ff:ff:ff:ff:ff:ff,d8:d7:75:45:81:24,d8:d7:75:45:81:24,FunBox2-8124,-42,1,2412,False,False
1778935791.7663145,management,beacon,d8:d7:75:45:81:24,ff:ff:ff:ff:ff:ff,ff:ff:ff:ff:ff:ff,d8:d7:75:45:81:24,d8:d7:75:45:81:24,FunBox2-8124,-42,1,2412,False,False
1778935791.8687224,management,beacon,d8:d7:75:45:81:24,ff:ff:ff:ff:ff:ff,ff:ff:ff:ff:ff:ff,d8:d7:75:45:81:24,d8:d7:75:45:81:24,FunBox2-8124,-44,1,2412,False,False
1778935791.9710991,management,beacon,d8:d7:75:45:81:24,ff:ff:ff:ff:ff:ff,ff:ff:ff:ff:ff:ff,d8:d7:75:45:81:24,d8:d7:75:45:81:24,FunBox2-8124,-43,1,2412,False,False
1778935792.0734835,management,beacon,d8:d7:75:45:81:24,ff:ff:ff:ff:ff:ff,ff:ff:ff:ff:ff:ff,d8:d7:75:45:81:24,d8:d7:75:45:81:24,FunBox2-8124,-44,1,2412,False,False
1778935792.1758735,management,beacon,d8:d7:75:45:81:24,ff:ff:ff:ff:ff:ff,ff:ff:ff:ff:ff:ff,d8:d7:75:45:81:24,d8:d7:75:45:81:24,FunBox2-8124,-43,1,2412,False,False
1778935792.2783053,management,beacon,d8:d7:75:45:81:24,ff:ff:ff:ff:ff:ff,ff:ff:ff:ff:ff:ff,d8:d7:75:45:81:24,d8:d7:75:45:81:24,FunBox2-8124,-43,1,2412,False,False
1778935792.2797384,data,null_data,50:02:91:e8:18:ec,d8:d7:75:45:81:24,d8:d7:75:45:81:24,50:02:91:e8:18:ec,d8:d7:75:45:81:24,,-85,1,2412,False,False
1778935792.2797418,control,ack,,50:02:91:e8:18:ec,50:02:91:e8:18:ec,,,,-46,1,2412,False,False
1778935792.2797427,data,null_data,50:02:91:e8:18:ec,d8:d7:75:45:81:24,d8:d7:75:45:81:24,50:02:91:e8:18:ec,d8:d7:75:45:81:24,,-84,1,2412,False,True
1778935792.2797434,control,ack,,50:02:91:e8:18:ec,50:02:91:e8:18:ec,,,,-45,1,2412,False,False
1778935792.3806837,management,beacon,d8:d7:75:45:81:24,ff:ff:ff:ff:ff:ff,ff:ff:ff:ff:ff:ff,d8:d7:75:45:81:24,d8:d7:75:45:81:24,FunBox2-8124,-50,1,2412,False,False
1778935792.4405923,data,null_data,50:02:91:e8:18:ec,d8:d7:75:45:81:24,d8:d7:75:45:81:24,50:02:91:e8:18:ec,d8:d7:75:45:81:24,,-86,1,2412,False,False
1778935792.4406114,control,ack,,50:02:91:e8:18:ec,50:02:91:e8:18:ec,,,,-50,1,2412,False,False
1778935792.4831183,management,beacon,d8:d7:75:45:81:24,ff:ff:ff:ff:ff:ff,ff:ff:ff:ff:ff:ff,d8:d7:75:45:81:24,d8:d7:75:45:81:24,FunBox2-8124,-42,1,2412,False,False
1778935792.5855093,management,beacon,d8:d7:75:45:81:24,ff:ff:ff:ff:ff:ff,ff:ff:ff:ff:ff:ff,d8:d7:75:45:81:24,d8:d7:75:45:81:24,FunBox2-8124,-50,1,2412,False,False
1778935792.7903292,management,beacon,d8:d7:75:45:81:24,ff:ff:ff:ff:ff:ff,ff:ff:ff:ff:ff:ff,d8:d7:75:45:81:24,d8:d7:75:45:81:24,FunBox2-8124,-52,1,2412,False,False
1778935792.8927464,management,beacon,d8:d7:75:45:81:24,ff:ff:ff:ff:ff:ff,ff:ff:ff:ff:ff:ff,d8:d7:75:45:81:24,d8:d7:75:45:81:24,FunBox2-8124,-50,1,2412,False,False
1778935793.0211673,management,beacon,ac:84:c6:41:71:22,ff:ff:ff:ff:ff:ff,ff:ff:ff:ff:ff:ff,ac:84:c6:41:71:22,ac:84:c6:41:71:22,TP-LINK_7122,-85,1,2412,False,False
1778935793.0975268,management,beacon,d8:d7:75:45:81:24,ff:ff:ff:ff:ff:ff,ff:ff:ff:ff:ff:ff,d8:d7:75:45:81:24,d8:d7:75:45:81:24,FunBox2-8124,-50,1,2412,False,False
1778935793.1999428,management,beacon,d8:d7:75:45:81:24,ff:ff:ff:ff:ff:ff,ff:ff:ff:ff:ff:ff,d8:d7:75:45:81:24,d8:d7:75:45:81:24,FunBox2-8124,-50,1,2412,False,False
1778935793.3023121,management,beacon,d8:d7:75:45:81:24,ff:ff:ff:ff:ff:ff,ff:ff:ff:ff:ff:ff,d8:d7:75:45:81:24,d8:d7:75:45:81:24,FunBox2-8124,-52,1,2412,False,False
1778935793.4047763,management,beacon,d8:d7:75:45:81:24,ff:ff:ff:ff:ff:ff,ff:ff:ff:ff:ff:ff,d8:d7:75:45:81:24,d8:d7:75:45:81:24,FunBox2-8124,-52,1,2412,False,False
1778935793.609838,management,beacon,d8:d7:75:45:81:24,ff:ff:ff:ff:ff:ff,ff:ff:ff:ff:ff:ff,d8:d7:75:45:81:24,d8:d7:75:45:81:24,FunBox2-8124,-52,1,2412,False,False
1778935793.711948,management,beacon,d8:d7:75:45:81:24,ff:ff:ff:ff:ff:ff,ff:ff:ff:ff:ff:ff,d8:d7:75:45:81:24,d8:d7:75:45:81:24,FunBox2-8124,-51,1,2412,False,False
1778935793.8143425,management,beacon,d8:d7:75:45:81:24,ff:ff:ff:ff:ff:ff,ff:ff:ff:ff:ff:ff,d8:d7:75:45:81:24,d8:d7:75:45:81:24,FunBox2-8124,-50,1,2412,False,False
1778935793.815511,data,null_data,50:02:91:e8:18:ec,d8:d7:75:45:81:24,d8:d7:75:45:81:24,50:02:91:e8:18:ec,d8:d7:75:45:81:24,,-84,1,2412,False,False
1778935793.8155153,control,ack,,50:02:91:e8:18:ec,50:02:91:e8:18:ec,,,,-51,1,2412,False,False
1778935793.9167318,management,beacon,d8:d7:75:45:81:24,ff:ff:ff:ff:ff:ff,ff:ff:ff:ff:ff:ff,d8:d7:75:45:81:24,d8:d7:75:45:81:24,FunBox2-8124,-50,1,2412,False,False
1778935793.976353,data,null_data,50:02:91:e8:18:ec,d8:d7:75:45:81:24,d8:d7:75:45:81:24,50:02:91:e8:18:ec,d8:d7:75:45:81:24,,-84,1,2412,False,False
1778935793.976361,control,ack,,50:02:91:e8:18:ec,50:02:91:e8:18:ec,,,,-50,1,2412,False,False
1778935794.0191624,management,beacon,d8:d7:75:45:81:24,ff:ff:ff:ff:ff:ff,ff:ff:ff:ff:ff:ff,d8:d7:75:45:81:24,d8:d7:75:45:81:24,FunBox2-8124,-42,1,2412,False,False
1778935794.121595,management,beacon,d8:d7:75:45:81:24,ff:ff:ff:ff:ff:ff,ff:ff:ff:ff:ff:ff,d8:d7:75:45:81:24,d8:d7:75:45:81:24,FunBox2-8124,-43,1,2412,False,False
1778935794.2239876,management,beacon,d8:d7:75:45:81:24,ff:ff:ff:ff:ff:ff,ff:ff:ff:ff:ff:ff,d8:d7:75:45:81:24,d8:d7:75:45:81:24,FunBox2-8124,-43,1,2412,False,False
1778935794.3263884,management,beacon,d8:d7:75:45:81:24,ff:ff:ff:ff:ff:ff,ff:ff:ff:ff:ff:ff,d8:d7:75:45:81:24,d8:d7:75:45:81:24,FunBox2-8124,-50,1,2412,False,False
1778935794.4288073,management,beacon,d8:d7:75:45:81:24,ff:ff:ff:ff:ff:ff,ff:ff:ff:ff:ff:ff,d8:d7:75:45:81:24,d8:d7:75:45:81:24,FunBox2-8124,-49,1,2412,False,False
1778935794.6335776,management,beacon,d8:d7:75:45:81:24,ff:ff:ff:ff:ff:ff,ff:ff:ff:ff:ff:ff,d8:d7:75:45:81:24,d8:d7:75:45:81:24,FunBox2-8124,-50,1,2412,False,False
1778935794.7359707,management,beacon,d8:d7:75:45:81:24,ff:ff:ff:ff:ff:ff,ff:ff:ff:ff:ff:ff,d8:d7:75:45:81:24,d8:d7:75:45:81:24,FunBox2-8124,-49,1,2412,False,False
1778935794.8383987,management,beacon,d8:d7:75:45:81:24,ff:ff:ff:ff:ff:ff,ff:ff:ff:ff:ff:ff,d8:d7:75:45:81:24,d8:d7:75:45:81:24,FunBox2-8124,-51,1,2412,False,False
1778935794.940766,management,beacon,d8:d7:75:45:81:24,ff:ff:ff:ff:ff:ff,ff:ff:ff:ff:ff:ff,d8:d7:75:45:81:24,d8:d7:75:45:81:24,FunBox2-8124,-51,1,2412,False,False
1778935795.1455917,management,beacon,d8:d7:75:45:81:24,ff:ff:ff:ff:ff:ff,ff:ff:ff:ff:ff:ff,d8:d7:75:45:81:24,d8:d7:75:45:81:24,FunBox2-8124,-52,1,2412,False,False
1778935795.1511674,data,null_data,50:02:91:e8:18:ec,d8:d7:75:45:81:24,d8:d7:75:45:81:24,50:02:91:e8:18:ec,d8:d7:75:45:81:24,,-84,1,2412,False,False
1778935795.1511724,control,ack,,50:02:91:e8:18:ec,50:02:91:e8:18:ec,,,,-50,1,2412,False,False
1778935795.2479763,management,beacon,d8:d7:75:45:81:24,ff:ff:ff:ff:ff:ff,ff:ff:ff:ff:ff:ff,d8:d7:75:45:81:24,d8:d7:75:45:81:24,FunBox2-8124,-51,1,2412,False,False
1778935795.3121853,data,null_data,50:02:91:e8:18:ec,d8:d7:75:45:81:24,d8:d7:75:45:81:24,50:02:91:e8:18:ec,d8:d7:75:45:81:24,,-85,1,2412,False,True
1778935795.312665,data,null_data,50:02:91:e8:18:ec,d8:d7:75:45:81:24,d8:d7:75:45:81:24,50:02:91:e8:18:ec,d8:d7:75:45:81:24,,-86,1,2412,False,True
1778935795.3126676,control,ack,,50:02:91:e8:18:ec,50:02:91:e8:18:ec,,,,-51,1,2412,False,False
1778935795.3547058,management,beacon,d8:d7:75:45:81:24,ff:ff:ff:ff:ff:ff,ff:ff:ff:ff:ff:ff,d8:d7:75:45:81:24,d8:d7:75:45:81:24,FunBox2-8124,-51,1,2412,False,False
1778935795.3558211,data,null_data,50:02:91:e8:18:ec,d8:d7:75:45:81:24,d8:d7:75:45:81:24,50:02:91:e8:18:ec,d8:d7:75:45:81:24,,-87,1,2412,False,False
1778935795.3568423,data,null_data,50:02:91:e8:18:ec,d8:d7:75:45:81:24,d8:d7:75:45:81:24,50:02:91:e8:18:ec,d8:d7:75:45:81:24,,-85,1,2412,False,True
1778935795.3568466,control,ack,,50:02:91:e8:18:ec,50:02:91:e8:18:ec,,,,-52,1,2412,False,False
1778935795.4527867,management,beacon,d8:d7:75:45:81:24,ff:ff:ff:ff:ff:ff,ff:ff:ff:ff:ff:ff,d8:d7:75:45:81:24,d8:d7:75:45:81:24,FunBox2-8124,-52,1,2412,False,False
1778935795.5178614,data,null_data,50:02:91:e8:18:ec,d8:d7:75:45:81:24,d8:d7:75:45:81:24,50:02:91:e8:18:ec,d8:d7:75:45:81:24,,-86,1,2412,False,False
1778935795.517872,control,ack,,50:02:91:e8:18:ec,50:02:91:e8:18:ec,,,,-50,1,2412,False,False
1778935795.5551903,management,beacon,d8:d7:75:45:81:24,ff:ff:ff:ff:ff:ff,ff:ff:ff:ff:ff:ff,d8:d7:75:45:81:24,d8:d7:75:45:81:24,FunBox2-8124,-43,1,2412,False,False
1778935795.6576035,management,beacon,d8:d7:75:45:81:24,ff:ff:ff:ff:ff:ff,ff:ff:ff:ff:ff:ff,d8:d7:75:45:81:24,d8:d7:75:45:81:24,FunBox2-8124,-50,1,2412,False,False
1778935795.6819394,management,beacon,ac:84:c6:41:71:22,ff:ff:ff:ff:ff:ff,ff:ff:ff:ff:ff:ff,ac:84:c6:41:71:22,ac:84:c6:41:71:22,TP-LINK_7122,-89,1,2412,False,False
1778935795.7600384,management,beacon,d8:d7:75:45:81:24,ff:ff:ff:ff:ff:ff,ff:ff:ff:ff:ff:ff,d8:d7:75:45:81:24,d8:d7:75:45:81:24,FunBox2-8124,-50,1,2412,False,False
1778935795.8624365,management,beacon,d8:d7:75:45:81:24,ff:ff:ff:ff:ff:ff,ff:ff:ff:ff:ff:ff,d8:d7:75:45:81:24,d8:d7:75:45:81:24,FunBox2-8124,-51,1,2412,False,False
1778935795.964814,management,beacon,d8:d7:75:45:81:24,ff:ff:ff:ff:ff:ff,ff:ff:ff:ff:ff:ff,d8:d7:75:45:81:24,d8:d7:75:45:81:24,FunBox2-8124,-50,1,2412,False,False
1778935796.1696167,management,beacon,d8:d7:75:45:81:24,ff:ff:ff:ff:ff:ff,ff:ff:ff:ff:ff:ff,d8:d7:75:45:81:24,d8:d7:75:45:81:24,FunBox2-8124,-43,1,2412,False,False
1778935796.2720184,management,beacon,d8:d7:75:45:81:24,ff:ff:ff:ff:ff:ff,ff:ff:ff:ff:ff:ff,d8:d7:75:45:81:24,d8:d7:75:45:81:24,FunBox2-8124,-50,1,2412,False,False
1778935796.3744547,management,beacon,d8:d7:75:45:81:24,ff:ff:ff:ff:ff:ff,ff:ff:ff:ff:ff:ff,d8:d7:75:45:81:24,d8:d7:75:45:81:24,FunBox2-8124,-49,1,2412,False,False
1778935796.4768856,management,beacon,d8:d7:75:45:81:24,ff:ff:ff:ff:ff:ff,ff:ff:ff:ff:ff:ff,d8:d7:75:45:81:24,d8:d7:75:45:81:24,FunBox2-8124,-50,1,2412,False,False
1778935796.6816788,management,beacon,d8:d7:75:45:81:24,ff:ff:ff:ff:ff:ff,ff:ff:ff:ff:ff:ff,d8:d7:75:45:81:24,d8:d7:75:45:81:24,FunBox2-8124,-49,1,2412,False,False
1778935796.8142016,management,beacon,d8:d7:75:45:81:24,ff:ff:ff:ff:ff:ff,ff:ff:ff:ff:ff:ff,d8:d7:75:45:81:24,d8:d7:75:45:81:24,FunBox2-8124,-50,1,2412,False,False
1778935796.9888973,management,beacon,d8:d7:75:45:81:24,ff:ff:ff:ff:ff:ff,ff:ff:ff:ff:ff:ff,d8:d7:75:45:81:24,d8:d7:75:45:81:24,FunBox2-8124,-50,1,2412,False,False
1778935796.9900858,data,null_data,50:02:91:e8:18:ec,d8:d7:75:45:81:24,d8:d7:75:45:81:24,50:02:91:e8:18:ec,d8:d7:75:45:81:24,,-87,1,2412,False,False
1778935796.9900887,control,ack,,50:02:91:e8:18:ec,50:02:91:e8:18:ec,,,,-51,1,2412,False,False
1778935797.0912774,management,beacon,d8:d7:75:45:81:24,ff:ff:ff:ff:ff:ff,ff:ff:ff:ff:ff:ff,d8:d7:75:45:81:24,d8:d7:75:45:81:24,FunBox2-8124,-50,1,2412,False,False
1778935797.1509511,data,null_data,50:02:91:e8:18:ec,d8:d7:75:45:81:24,d8:d7:75:45:81:24,50:02:91:e8:18:ec,d8:d7:75:45:81:24,,-86,1,2412,False,False
1778935797.150965,control,ack,,50:02:91:e8:18:ec,50:02:91:e8:18:ec,,,,-50,1,2412,False,False
1778935797.1937022,management,beacon,d8:d7:75:45:81:24,ff:ff:ff:ff:ff:ff,ff:ff:ff:ff:ff:ff,d8:d7:75:45:81:24,d8:d7:75:45:81:24,FunBox2-8124,-42,1,2412,False,False
1778935797.2960665,management,beacon,d8:d7:75:45:81:24,ff:ff:ff:ff:ff:ff,ff:ff:ff:ff:ff:ff,d8:d7:75:45:81:24,d8:d7:75:45:81:24,FunBox2-8124,-50,1,2412,False,False
1778935797.3985069,management,beacon,d8:d7:75:45:81:24,ff:ff:ff:ff:ff:ff,ff:ff:ff:ff:ff:ff,d8:d7:75:45:81:24,d8:d7:75:45:81:24,FunBox2-8124,-51,1,2412,False,False
1778935797.5016398,management,beacon,d8:d7:75:45:81:24,ff:ff:ff:ff:ff:ff,ff:ff:ff:ff:ff:ff,d8:d7:75:45:81:24,d8:d7:75:45:81:24,FunBox2-8124,-49,1,2412,False,False
1778935797.6032717,management,beacon,d8:d7:75:45:81:24,ff:ff:ff:ff:ff:ff,ff:ff:ff:ff:ff:ff,d8:d7:75:45:81:24,d8:d7:75:45:81:24,FunBox2-8124,-52,1,2412,False,False
1778935797.7057052,management,beacon,d8:d7:75:45:81:24,ff:ff:ff:ff:ff:ff,ff:ff:ff:ff:ff:ff,d8:d7:75:45:81:24,d8:d7:75:45:81:24,FunBox2-8124,-50,1,2412,False,False
1778935797.8080974,management,beacon,d8:d7:75:45:81:24,ff:ff:ff:ff:ff:ff,ff:ff:ff:ff:ff:ff,d8:d7:75:45:81:24,d8:d7:75:45:81:24,FunBox2-8124,-42,1,2412,False,False
1778935798.0128887,management,beacon,d8:d7:75:45:81:24,ff:ff:ff:ff:ff:ff,ff:ff:ff:ff:ff:ff,d8:d7:75:45:81:24,d8:d7:75:45:81:24,FunBox2-8124,-49,1,2412,False,False
1778935798.1153326,management,beacon,d8:d7:75:45:81:24,ff:ff:ff:ff:ff:ff,ff:ff:ff:ff:ff:ff,d8:d7:75:45:81:24,d8:d7:75:45:81:24,FunBox2-8124,-52,1,2412,False,False
1778935798.2177026,management,beacon,d8:d7:75:45:81:24,ff:ff:ff:ff:ff:ff,ff:ff:ff:ff:ff:ff,d8:d7:75:45:81:24,d8:d7:75:45:81:24,FunBox2-8124,-50,1,2412,False,False
1778935798.3200946,management,beacon,d8:d7:75:45:81:24,ff:ff:ff:ff:ff:ff,ff:ff:ff:ff:ff:ff,d8:d7:75:45:81:24,d8:d7:75:45:81:24,FunBox2-8124,-44,1,2412,False,False
1778935798.4237525,control,ack,,50:02:91:e8:18:ec,50:02:91:e8:18:ec,,,,-50,1,2412,False,False
1778935798.524906,management,beacon,d8:d7:75:45:81:24,ff:ff:ff:ff:ff:ff,ff:ff:ff:ff:ff:ff,d8:d7:75:45:81:24,d8:d7:75:45:81:24,FunBox2-8124,-51,1,2412,False,False
1778935798.5851433,data,null_data,50:02:91:e8:18:ec,d8:d7:75:45:81:24,d8:d7:75:45:81:24,50:02:91:e8:18:ec,d8:d7:75:45:81:24,,-87,1,2412,False,False
1778935798.585154,control,ack,,50:02:91:e8:18:ec,50:02:91:e8:18:ec,,,,-50,1,2412,False,False
1778935798.6273112,management,beacon,d8:d7:75:45:81:24,ff:ff:ff:ff:ff:ff,ff:ff:ff:ff:ff:ff,d8:d7:75:45:81:24,d8:d7:75:45:81:24,FunBox2-8124,-44,1,2412,False,False
1778935798.7297592,management,beacon,d8:d7:75:45:81:24,ff:ff:ff:ff:ff:ff,ff:ff:ff:ff:ff:ff,d8:d7:75:45:81:24,d8:d7:75:45:81:24,FunBox2-8124,-42,1,2412,False,False
1778935798.832123,management,beacon,d8:d7:75:45:81:24,ff:ff:ff:ff:ff:ff,ff:ff:ff:ff:ff:ff,d8:d7:75:45:81:24,d8:d7:75:45:81:24,FunBox2-8124,-44,1,2412,False,False
1778935799.0369637,management,beacon,d8:d7:75:45:81:24,ff:ff:ff:ff:ff:ff,ff:ff:ff:ff:ff:ff,d8:d7:75:45:81:24,d8:d7:75:45:81:24,FunBox2-8124,-49,1,2412,False,False
1778935799.0381556,data,null_data,50:02:91:e8:18:ec,d8:d7:75:45:81:24,d8:d7:75:45:81:24,50:02:91:e8:18:ec,d8:d7:75:45:81:24,,-85,1,2412,False,False
1778935799.0381584,control,ack,,50:02:91:e8:18:ec,50:02:91:e8:18:ec,,,,-50,1,2412,False,False
1778935799.0387518,management,action,d8:d7:75:45:81:24,50:02:91:e8:18:ec,50:02:91:e8:18:ec,d8:d7:75:45:81:24,d8:d7:75:45:81:24,,-45,1,2412,False,False
1778935799.0390713,control,ack,,d8:d7:75:45:81:24,d8:d7:75:45:81:24,,,,-84,1,2412,False,False
1778935799.0393636,management,action,50:02:91:e8:18:ec,d8:d7:75:45:81:24,d8:d7:75:45:81:24,50:02:91:e8:18:ec,d8:d7:75:45:81:24,,-83,1,2412,False,False
1778935799.039365,control,ack,,50:02:91:e8:18:ec,50:02:91:e8:18:ec,,,,-47,1,2412,False,False
1778935799.1393805,management,beacon,d8:d7:75:45:81:24,ff:ff:ff:ff:ff:ff,ff:ff:ff:ff:ff:ff,d8:d7:75:45:81:24,d8:d7:75:45:81:24,FunBox2-8124,-52,1,2412,False,False
1778935799.2001631,data,null_data,50:02:91:e8:18:ec,d8:d7:75:45:81:24,d8:d7:75:45:81:24,50:02:91:e8:18:ec,d8:d7:75:45:81:24,,-86,1,2412,False,False
1778935799.200184,control,ack,,50:02:91:e8:18:ec,50:02:91:e8:18:ec,,,,-50,1,2412,False,False
1778935799.2045696,data,null_data,50:02:91:e8:18:ec,d8:d7:75:45:81:24,d8:d7:75:45:81:24,50:02:91:e8:18:ec,d8:d7:75:45:81:24,,-84,1,2412,False,False
1778935799.2417367,management,beacon,d8:d7:75:45:81:24,ff:ff:ff:ff:ff:ff,ff:ff:ff:ff:ff:ff,d8:d7:75:45:81:24,d8:d7:75:45:81:24,FunBox2-8124,-49,1,2412,False,False
1778935799.344138,management,beacon,d8:d7:75:45:81:24,ff:ff:ff:ff:ff:ff,ff:ff:ff:ff:ff:ff,d8:d7:75:45:81:24,d8:d7:75:45:81:24,FunBox2-8124,-52,1,2412,False,False
1778935799.3660648,data,null_data,50:02:91:e8:18:ec,d8:d7:75:45:81:24,d8:d7:75:45:81:24,50:02:91:e8:18:ec,d8:d7:75:45:81:24,,-84,1,2412,False,False
1778935799.366292,control,ack,,50:02:91:e8:18:ec,50:02:91:e8:18:ec,,,,-50,1,2412,False,False
1778935799.5490017,management,beacon,d8:d7:75:45:81:24,ff:ff:ff:ff:ff:ff,ff:ff:ff:ff:ff:ff,d8:d7:75:45:81:24,d8:d7:75:45:81:24,FunBox2-8124,-50,1,2412,False,False
1778935799.6513534,management,beacon,d8:d7:75:45:81:24,ff:ff:ff:ff:ff:ff,ff:ff:ff:ff:ff:ff,d8:d7:75:45:81:24,d8:d7:75:45:81:24,FunBox2-8124,-49,1,2412,False,False
1778935799.7537587,management,beacon,d8:d7:75:45:81:24,ff:ff:ff:ff:ff:ff,ff:ff:ff:ff:ff:ff,d8:d7:75:45:81:24,d8:d7:75:45:81:24,FunBox2-8124,-50,1,2412,False,False
1778935799.8561919,management,beacon,d8:d7:75:45:81:24,ff:ff:ff:ff:ff:ff,ff:ff:ff:ff:ff:ff,d8:d7:75:45:81:24,d8:d7:75:45:81:24,FunBox2-8124,-50,1,2412,False,False
1778935799.961386,data,data,d8:d7:75:45:81:24,01:00:5e:00:00:fb,01:00:5e:00:00:fb,d8:d7:75:45:81:24,d8:d7:75:45:81:24,,-44,1,2412,True,False
1778935799.961662,control,ack,,d8:d7:75:45:81:24,d8:d7:75:45:81:24,,,,-86,1,2412,False,False
1778935799.9618611,control,ack,,50:02:91:e8:18:ec,50:02:91:e8:18:ec,,,,-47,1,2412,False,False
1778935800.060993,management,beacon,d8:d7:75:45:81:24,ff:ff:ff:ff:ff:ff,ff:ff:ff:ff:ff:ff,d8:d7:75:45:81:24,d8:d7:75:45:81:24,FunBox2-8124,-42,1,2412,False,False
1778935800.1227653,data,null_data,50:02:91:e8:18:ec,d8:d7:75:45:81:24,d8:d7:75:45:81:24,50:02:91:e8:18:ec,d8:d7:75:45:81:24,,-84,1,2412,False,False
1778935800.1227748,control,ack,,50:02:91:e8:18:ec,50:02:91:e8:18:ec,,,,-46,1,2412,False,False
1778935800.1633599,management,beacon,d8:d7:75:45:81:24,ff:ff:ff:ff:ff:ff,ff:ff:ff:ff:ff:ff,d8:d7:75:45:81:24,d8:d7:75:45:81:24,FunBox2-8124,-45,1,2412,False,False
1778935800.2657776,management,beacon,d8:d7:75:45:81:24,ff:ff:ff:ff:ff:ff,ff:ff:ff:ff:ff:ff,d8:d7:75:45:81:24,d8:d7:75:45:81:24,FunBox2-8124,-45,1,2412,False,False
1778935800.3681674,management,beacon,d8:d7:75:45:81:24,ff:ff:ff:ff:ff:ff,ff:ff:ff:ff:ff:ff,d8:d7:75:45:81:24,d8:d7:75:45:81:24,FunBox2-8124,-48,1,2412,False,False
1778935800.5730145,management,beacon,d8:d7:75:45:81:24,ff:ff:ff:ff:ff:ff,ff:ff:ff:ff:ff:ff,d8:d7:75:45:81:24,d8:d7:75:45:81:24,FunBox2-8124,-50,1,2412,False,False
1778935800.6753776,management,beacon,d8:d7:75:45:81:24,ff:ff:ff:ff:ff:ff,ff:ff:ff:ff:ff:ff,d8:d7:75:45:81:24,d8:d7:75:45:81:24,FunBox2-8124,-44,1,2412,False,False
1778935800.7778099,management,beacon,d8:d7:75:45:81:24,ff:ff:ff:ff:ff:ff,ff:ff:ff:ff:ff:ff,d8:d7:75:45:81:24,d8:d7:75:45:81:24,FunBox2-8124,-48,1,2412,False,False
1778935800.8801892,management,beacon,d8:d7:75:45:81:24,ff:ff:ff:ff:ff:ff,ff:ff:ff:ff:ff:ff,d8:d7:75:45:81:24,d8:d7:75:45:81:24,FunBox2-8124,-43,1,2412,False,False
1778935801.0850258,management,beacon,d8:d7:75:45:81:24,ff:ff:ff:ff:ff:ff,ff:ff:ff:ff:ff:ff,d8:d7:75:45:81:24,d8:d7:75:45:81:24,FunBox2-8124,-48,1,2412,False,False
1778935801.187446,management,beacon,d8:d7:75:45:81:24,ff:ff:ff:ff:ff:ff,ff:ff:ff:ff:ff:ff,d8:d7:75:45:81:24,d8:d7:75:45:81:24,FunBox2-8124,-49,1,2412,False,False
1778935801.3174977,management,beacon,d8:d7:75:45:81:24,ff:ff:ff:ff:ff:ff,ff:ff:ff:ff:ff:ff,d8:d7:75:45:81:24,d8:d7:75:45:81:24,FunBox2-8124,-50,1,2412,False,False
1778935801.39221,management,beacon,d8:d7:75:45:81:24,ff:ff:ff:ff:ff:ff,ff:ff:ff:ff:ff:ff,d8:d7:75:45:81:24,d8:d7:75:45:81:24,FunBox2-8124,-48,1,2412,False,False
1778935801.5970204,management,beacon,d8:d7:75:45:81:24,ff:ff:ff:ff:ff:ff,ff:ff:ff:ff:ff:ff,d8:d7:75:45:81:24,d8:d7:75:45:81:24,FunBox2-8124,-49,1,2412,False,False
1778935801.6994357,management,beacon,d8:d7:75:45:81:24,ff:ff:ff:ff:ff:ff,ff:ff:ff:ff:ff:ff,d8:d7:75:45:81:24,d8:d7:75:45:81:24,FunBox2-8124,-47,1,2412,False,False
1778935801.8018818,management,beacon,d8:d7:75:45:81:24,ff:ff:ff:ff:ff:ff,ff:ff:ff:ff:ff:ff,d8:d7:75:45:81:24,d8:d7:75:45:81:24,FunBox2-8124,-45,1,2412,False,False
1778935801.8030667,data,null_data,50:02:91:e8:18:ec,d8:d7:75:45:81:24,d8:d7:75:45:81:24,50:02:91:e8:18:ec,d8:d7:75:45:81:24,,-84,1,2412,False,False
1778935801.803072,control,ack,,50:02:91:e8:18:ec,50:02:91:e8:18:ec,,,,-48,1,2412,False,False
1778935801.9043126,management,beacon,d8:d7:75:45:81:24,ff:ff:ff:ff:ff:ff,ff:ff:ff:ff:ff:ff,d8:d7:75:45:81:24,d8:d7:75:45:81:24,FunBox2-8124,-42,1,2412,False,False
1778935801.9641168,data,null_data,50:02:91:e8:18:ec,d8:d7:75:45:81:24,d8:d7:75:45:81:24,50:02:91:e8:18:ec,d8:d7:75:45:81:24,,-85,1,2412,False,False
1778935801.964129,control,ack,,50:02:91:e8:18:ec,50:02:91:e8:18:ec,,,,-53,1,2412,False,False
1778935802.1090374,management,beacon,d8:d7:75:45:81:24,ff:ff:ff:ff:ff:ff,ff:ff:ff:ff:ff:ff,d8:d7:75:45:81:24,d8:d7:75:45:81:24,FunBox2-8124,-53,1,2412,False,False
1778935802.2114866,management,beacon,d8:d7:75:45:81:24,ff:ff:ff:ff:ff:ff,ff:ff:ff:ff:ff:ff,d8:d7:75:45:81:24,d8:d7:75:45:81:24,FunBox2-8124,-43,1,2412,False,False
1778935802.3138556,management,beacon,d8:d7:75:45:81:24,ff:ff:ff:ff:ff:ff,ff:ff:ff:ff:ff:ff,d8:d7:75:45:81:24,d8:d7:75:45:81:24,FunBox2-8124,-49,1,2412,False,False
1778935802.4163713,management,beacon,d8:d7:75:45:81:24,ff:ff:ff:ff:ff:ff,ff:ff:ff:ff:ff:ff,d8:d7:75:45:81:24,d8:d7:75:45:81:24,FunBox2-8124,-51,1,2412,False,False
1778935802.6210647,management,beacon,d8:d7:75:45:81:24,ff:ff:ff:ff:ff:ff,ff:ff:ff:ff:ff:ff,d8:d7:75:45:81:24,d8:d7:75:45:81:24,FunBox2-8124,-51,1,2412,False,False
1778935802.7234654,management,beacon,d8:d7:75:45:81:24,ff:ff:ff:ff:ff:ff,ff:ff:ff:ff:ff:ff,d8:d7:75:45:81:24,d8:d7:75:45:81:24,FunBox2-8124,-49,1,2412,False,False
1778935802.8259163,management,beacon,d8:d7:75:45:81:24,ff:ff:ff:ff:ff:ff,ff:ff:ff:ff:ff:ff,d8:d7:75:45:81:24,d8:d7:75:45:81:24,FunBox2-8124,-47,1,2412,False,False
1778935802.9282613,management,beacon,d8:d7:75:45:81:24,ff:ff:ff:ff:ff:ff,ff:ff:ff:ff:ff:ff,d8:d7:75:45:81:24,d8:d7:75:45:81:24,FunBox2-8124,-42,1,2412,False,False
1778935803.0270665,management,probe_request,4a:3f:fa:cb:3d:31,ff:ff:ff:ff:ff:ff,ff:ff:ff:ff:ff:ff,4a:3f:fa:cb:3d:31,ff:ff:ff:ff:ff:ff,<hidden>,-54,1,2412,False,False
1778935803.0302494,management,probe_response,d8:d7:75:45:81:24,4a:3f:fa:cb:3d:31,4a:3f:fa:cb:3d:31,d8:d7:75:45:81:24,d8:d7:75:45:81:24,FunBox2-8124,-46,1,2412,False,False
1778935803.0305474,control,ack,,d8:d7:75:45:81:24,d8:d7:75:45:81:24,,,,-55,1,2412,False,False
1778935803.0506656,management,probe_response,d8:d7:75:45:81:24,4a:3f:fa:cb:3d:31,4a:3f:fa:cb:3d:31,d8:d7:75:45:81:24,d8:d7:75:45:81:24,FunBox2-8124,-43,1,2412,False,False
1778935803.0571716,management,probe_response,d8:d7:75:45:81:24,4a:3f:fa:cb:3d:31,4a:3f:fa:cb:3d:31,d8:d7:75:45:81:24,d8:d7:75:45:81:24,FunBox2-8124,-42,1,2412,False,True
1778935803.0574465,control,ack,,d8:d7:75:45:81:24,d8:d7:75:45:81:24,,,,-60,1,2412,False,False
1778935803.1331077,management,beacon,d8:d7:75:45:81:24,ff:ff:ff:ff:ff:ff,ff:ff:ff:ff:ff:ff,d8:d7:75:45:81:24,d8:d7:75:45:81:24,FunBox2-8124,-42,1,2412,False,False
1778935803.23549,management,beacon,d8:d7:75:45:81:24,ff:ff:ff:ff:ff:ff,ff:ff:ff:ff:ff:ff,d8:d7:75:45:81:24,d8:d7:75:45:81:24,FunBox2-8124,-43,1,2412,False,False
1778935803.3407588,management,beacon,d8:d7:75:45:81:24,ff:ff:ff:ff:ff:ff,ff:ff:ff:ff:ff:ff,d8:d7:75:45:81:24,d8:d7:75:45:81:24,FunBox2-8124,-46,1,2412,False,False
1778935803.4403117,management,beacon,d8:d7:75:45:81:24,ff:ff:ff:ff:ff:ff,ff:ff:ff:ff:ff:ff,d8:d7:75:45:81:24,d8:d7:75:45:81:24,FunBox2-8124,-41,1,2412,False,False
1778935803.5427008,management,beacon,d8:d7:75:45:81:24,ff:ff:ff:ff:ff:ff,ff:ff:ff:ff:ff:ff,d8:d7:75:45:81:24,d8:d7:75:45:81:24,FunBox2-8124,-42,1,2412,False,False
1778935803.6451457,management,beacon,d8:d7:75:45:81:24,ff:ff:ff:ff:ff:ff,ff:ff:ff:ff:ff:ff,d8:d7:75:45:81:24,d8:d7:75:45:81:24,FunBox2-8124,-41,1,2412,False,False
1778935803.7475219,management,beacon,d8:d7:75:45:81:24,ff:ff:ff:ff:ff:ff,ff:ff:ff:ff:ff:ff,d8:d7:75:45:81:24,d8:d7:75:45:81:24,FunBox2-8124,-43,1,2412,False,False
1778935803.7487347,data,null_data,50:02:91:e8:18:ec,d8:d7:75:45:81:24,d8:d7:75:45:81:24,50:02:91:e8:18:ec,d8:d7:75:45:81:24,,-87,1,2412,False,False
1778935803.7487414,control,ack,,50:02:91:e8:18:ec,50:02:91:e8:18:ec,,,,-47,1,2412,False,False
1778935803.8499422,management,beacon,d8:d7:75:45:81:24,ff:ff:ff:ff:ff:ff,ff:ff:ff:ff:ff:ff,d8:d7:75:45:81:24,d8:d7:75:45:81:24,FunBox2-8124,-42,1,2412,False,False
1778935803.909591,data,null_data,50:02:91:e8:18:ec,d8:d7:75:45:81:24,d8:d7:75:45:81:24,50:02:91:e8:18:ec,d8:d7:75:45:81:24,,-81,1,2412,False,False
1778935803.9095988,control,ack,,50:02:91:e8:18:ec,50:02:91:e8:18:ec,,,,-48,1,2412,False,False
1778935803.9523098,management,beacon,d8:d7:75:45:81:24,ff:ff:ff:ff:ff:ff,ff:ff:ff:ff:ff:ff,d8:d7:75:45:81:24,d8:d7:75:45:81:24,FunBox2-8124,-45,1,2412,False,False
1778935804.0547276,management,beacon,d8:d7:75:45:81:24,ff:ff:ff:ff:ff:ff,ff:ff:ff:ff:ff:ff,d8:d7:75:45:81:24,d8:d7:75:45:81:24,FunBox2-8124,-44,1,2412,False,False
1778935804.1571305,management,beacon,d8:d7:75:45:81:24,ff:ff:ff:ff:ff:ff,ff:ff:ff:ff:ff:ff,d8:d7:75:45:81:24,d8:d7:75:45:81:24,FunBox2-8124,-43,1,2412,False,False
1778935804.25952,management,beacon,d8:d7:75:45:81:24,ff:ff:ff:ff:ff:ff,ff:ff:ff:ff:ff:ff,d8:d7:75:45:81:24,d8:d7:75:45:81:24,FunBox2-8124,-43,1,2412,False,False
1778935804.4643662,management,beacon,d8:d7:75:45:81:24,ff:ff:ff:ff:ff:ff,ff:ff:ff:ff:ff:ff,d8:d7:75:45:81:24,d8:d7:75:45:81:24,FunBox2-8124,-45,1,2412,False,False
1778935804.5667233,management,beacon,d8:d7:75:45:81:24,ff:ff:ff:ff:ff:ff,ff:ff:ff:ff:ff:ff,d8:d7:75:45:81:24,d8:d7:75:45:81:24,FunBox2-8124,-43,1,2412,False,False
1778935804.6693034,management,beacon,d8:d7:75:45:81:24,ff:ff:ff:ff:ff:ff,ff:ff:ff:ff:ff:ff,d8:d7:75:45:81:24,d8:d7:75:45:81:24,FunBox2-8124,-46,1,2412,False,False
1778935804.7716758,management,beacon,d8:d7:75:45:81:24,ff:ff:ff:ff:ff:ff,ff:ff:ff:ff:ff:ff,d8:d7:75:45:81:24,d8:d7:75:45:81:24,FunBox2-8124,-43,1,2412,False,False
1778935804.874359,management,beacon,d8:d7:75:45:81:24,ff:ff:ff:ff:ff:ff,ff:ff:ff:ff:ff:ff,d8:d7:75:45:81:24,d8:d7:75:45:81:24,FunBox2-8124,-43,1,2412,False,False
1778935804.9764557,management,beacon,d8:d7:75:45:81:24,ff:ff:ff:ff:ff:ff,ff:ff:ff:ff:ff:ff,d8:d7:75:45:81:24,d8:d7:75:45:81:24,FunBox2-8124,-41,1,2412,False,False
1778935805.0788004,management,beacon,d8:d7:75:45:81:24,ff:ff:ff:ff:ff:ff,ff:ff:ff:ff:ff:ff,d8:d7:75:45:81:24,d8:d7:75:45:81:24,FunBox2-8124,-44,1,2412,False,False
1778935805.1812062,management,beacon,d8:d7:75:45:81:24,ff:ff:ff:ff:ff:ff,ff:ff:ff:ff:ff:ff,d8:d7:75:45:81:24,d8:d7:75:45:81:24,FunBox2-8124,-44,1,2412,False,False
1778935805.1824272,data,null_data,50:02:91:e8:18:ec,d8:d7:75:45:81:24,d8:d7:75:45:81:24,50:02:91:e8:18:ec,d8:d7:75:45:81:24,,-81,1,2412,False,False
1778935805.1824296,control,ack,,50:02:91:e8:18:ec,50:02:91:e8:18:ec,,,,-45,1,2412,False,False
1778935805.283603,management,beacon,d8:d7:75:45:81:24,ff:ff:ff:ff:ff:ff,ff:ff:ff:ff:ff:ff,d8:d7:75:45:81:24,d8:d7:75:45:81:24,FunBox2-8124,-46,1,2412,False,False
1778935805.3434153,data,null_data,50:02:91:e8:18:ec,d8:d7:75:45:81:24,d8:d7:75:45:81:24,50:02:91:e8:18:ec,d8:d7:75:45:81:24,,-82,1,2412,False,False
1778935805.3434308,control,ack,,50:02:91:e8:18:ec,50:02:91:e8:18:ec,,,,-47,1,2412,False,False
1778935805.3437948,data,null_data,50:02:91:e8:18:ec,d8:d7:75:45:81:24,d8:d7:75:45:81:24,50:02:91:e8:18:ec,d8:d7:75:45:81:24,,-81,1,2412,False,True
1778935805.3437965,control,ack,,50:02:91:e8:18:ec,50:02:91:e8:18:ec,,,,-46,1,2412,False,False
1778935805.3860137,management,beacon,d8:d7:75:45:81:24,ff:ff:ff:ff:ff:ff,ff:ff:ff:ff:ff:ff,d8:d7:75:45:81:24,d8:d7:75:45:81:24,FunBox2-8124,-42,1,2412,False,False
1778935805.4884007,management,beacon,d8:d7:75:45:81:24,ff:ff:ff:ff:ff:ff,ff:ff:ff:ff:ff:ff,d8:d7:75:45:81:24,d8:d7:75:45:81:24,FunBox2-8124,-44,1,2412,False,False
1778935805.5910056,management,beacon,d8:d7:75:45:81:24,ff:ff:ff:ff:ff:ff,ff:ff:ff:ff:ff:ff,d8:d7:75:45:81:24,d8:d7:75:45:81:24,FunBox2-8124,-45,1,2412,False,False
1778935805.6931694,management,beacon,d8:d7:75:45:81:24,ff:ff:ff:ff:ff:ff,ff:ff:ff:ff:ff:ff,d8:d7:75:45:81:24,d8:d7:75:45:81:24,FunBox2-8124,-42,1,2412,False,False
1778935805.7956142,management,beacon,d8:d7:75:45:81:24,ff:ff:ff:ff:ff:ff,ff:ff:ff:ff:ff:ff,d8:d7:75:45:81:24,d8:d7:75:45:81:24,FunBox2-8124,-44,1,2412,False,False
1778935805.8979788,management,beacon,d8:d7:75:45:81:24,ff:ff:ff:ff:ff:ff,ff:ff:ff:ff:ff:ff,d8:d7:75:45:81:24,d8:d7:75:45:81:24,FunBox2-8124,-43,1,2412,False,False
1778935806.0003784,management,beacon,d8:d7:75:45:81:24,ff:ff:ff:ff:ff:ff,ff:ff:ff:ff:ff:ff,d8:d7:75:45:81:24,d8:d7:75:45:81:24,FunBox2-8124,-43,1,2412,False,False
1778935806.1028008,management,beacon,d8:d7:75:45:81:24,ff:ff:ff:ff:ff:ff,ff:ff:ff:ff:ff:ff,d8:d7:75:45:81:24,d8:d7:75:45:81:24,FunBox2-8124,-42,1,2412,False,False
1778935806.2052312,management,beacon,d8:d7:75:45:81:24,ff:ff:ff:ff:ff:ff,ff:ff:ff:ff:ff:ff,d8:d7:75:45:81:24,d8:d7:75:45:81:24,FunBox2-8124,-42,1,2412,False,False
1778935806.307619,management,beacon,d8:d7:75:45:81:24,ff:ff:ff:ff:ff:ff,ff:ff:ff:ff:ff:ff,d8:d7:75:45:81:24,d8:d7:75:45:81:24,FunBox2-8124,-45,1,2412,False,False
1778935806.4100037,management,beacon,d8:d7:75:45:81:24,ff:ff:ff:ff:ff:ff,ff:ff:ff:ff:ff:ff,d8:d7:75:45:81:24,d8:d7:75:45:81:24,FunBox2-8124,-43,1,2412,False,False
1778935806.5124247,management,beacon,d8:d7:75:45:81:24,ff:ff:ff:ff:ff:ff,ff:ff:ff:ff:ff:ff,d8:d7:75:45:81:24,d8:d7:75:45:81:24,FunBox2-8124,-41,1,2412,False,False
1778935806.6148012,management,beacon,d8:d7:75:45:81:24,ff:ff:ff:ff:ff:ff,ff:ff:ff:ff:ff:ff,d8:d7:75:45:81:24,d8:d7:75:45:81:24,FunBox2-8124,-43,1,2412,False,False
1778935806.7172425,management,beacon,d8:d7:75:45:81:24,ff:ff:ff:ff:ff:ff,ff:ff:ff:ff:ff:ff,d8:d7:75:45:81:24,d8:d7:75:45:81:24,FunBox2-8124,-46,1,2412,False,False
1778935806.819635,management,beacon,d8:d7:75:45:81:24,ff:ff:ff:ff:ff:ff,ff:ff:ff:ff:ff:ff,d8:d7:75:45:81:24,d8:d7:75:45:81:24,FunBox2-8124,-44,1,2412,False,False
1778935806.922053,management,beacon,d8:d7:75:45:81:24,ff:ff:ff:ff:ff:ff,ff:ff:ff:ff:ff:ff,d8:d7:75:45:81:24,d8:d7:75:45:81:24,FunBox2-8124,-45,1,2412,False,False
1778935807.024423,management,beacon,d8:d7:75:45:81:24,ff:ff:ff:ff:ff:ff,ff:ff:ff:ff:ff:ff,d8:d7:75:45:81:24,d8:d7:75:45:81:24,FunBox2-8124,-43,1,2412,False,False
1778935807.1268203,management,beacon,d8:d7:75:45:81:24,ff:ff:ff:ff:ff:ff,ff:ff:ff:ff:ff:ff,d8:d7:75:45:81:24,d8:d7:75:45:81:24,FunBox2-8124,-44,1,2412,False,False
1778935807.128017,control,ack,,50:02:91:e8:18:ec,50:02:91:e8:18:ec,,,,-44,1,2412,False,False
1778935807.229236,management,beacon,d8:d7:75:45:81:24,ff:ff:ff:ff:ff:ff,ff:ff:ff:ff:ff:ff,d8:d7:75:45:81:24,d8:d7:75:45:81:24,FunBox2-8124,-46,1,2412,False,False
1778935807.2888207,data,null_data,50:02:91:e8:18:ec,d8:d7:75:45:81:24,d8:d7:75:45:81:24,50:02:91:e8:18:ec,d8:d7:75:45:81:24,,-83,1,2412,False,False
1778935807.4340909,management,beacon,d8:d7:75:45:81:24,ff:ff:ff:ff:ff:ff,ff:ff:ff:ff:ff:ff,d8:d7:75:45:81:24,d8:d7:75:45:81:24,FunBox2-8124,-45,1,2412,False,False
1778935807.5364254,management,beacon,d8:d7:75:45:81:24,ff:ff:ff:ff:ff:ff,ff:ff:ff:ff:ff:ff,d8:d7:75:45:81:24,d8:d7:75:45:81:24,FunBox2-8124,-47,1,2412,False,False
1778935807.6388836,management,beacon,d8:d7:75:45:81:24,ff:ff:ff:ff:ff:ff,ff:ff:ff:ff:ff:ff,d8:d7:75:45:81:24,d8:d7:75:45:81:24,FunBox2-8124,-48,1,2412,False,False
1778935807.6398878,data,data,d8:d7:75:45:81:24,ff:ff:ff:ff:ff:ff,ff:ff:ff:ff:ff:ff,d8:d7:75:45:81:24,d8:d7:75:45:81:24,,-47,1,2412,True,False
1778935807.6403883,control,ack,,d8:d7:75:45:81:24,d8:d7:75:45:81:24,,,,-83,1,2412,False,False
1778935807.6403902,data,null_data,50:02:91:e8:18:ec,d8:d7:75:45:81:24,d8:d7:75:45:81:24,50:02:91:e8:18:ec,d8:d7:75:45:81:24,,-82,1,2412,False,False
1778935807.6403913,control,ack,,50:02:91:e8:18:ec,50:02:91:e8:18:ec,,,,-48,1,2412,False,False
1778935807.6420083,control,ack,,d8:d7:75:45:81:24,d8:d7:75:45:81:24,,,,-83,1,2412,False,False
1778935807.741293,management,beacon,d8:d7:75:45:81:24,ff:ff:ff:ff:ff:ff,ff:ff:ff:ff:ff:ff,d8:d7:75:45:81:24,d8:d7:75:45:81:24,FunBox2-8124,-46,1,2412,False,False
1778935807.802445,data,null_data,50:02:91:e8:18:ec,d8:d7:75:45:81:24,d8:d7:75:45:81:24,50:02:91:e8:18:ec,d8:d7:75:45:81:24,,-84,1,2412,False,False
1778935807.8024642,control,ack,,50:02:91:e8:18:ec,50:02:91:e8:18:ec,,,,-49,1,2412,False,False
1778935807.843668,management,beacon,d8:d7:75:45:81:24,ff:ff:ff:ff:ff:ff,ff:ff:ff:ff:ff:ff,d8:d7:75:45:81:24,d8:d7:75:45:81:24,FunBox2-8124,-46,1,2412,False,False
1778935807.9460702,management,beacon,d8:d7:75:45:81:24,ff:ff:ff:ff:ff:ff,ff:ff:ff:ff:ff:ff,d8:d7:75:45:81:24,d8:d7:75:45:81:24,FunBox2-8124,-45,1,2412,False,False
1778935808.0484471,management,beacon,d8:d7:75:45:81:24,ff:ff:ff:ff:ff:ff,ff:ff:ff:ff:ff:ff,d8:d7:75:45:81:24,d8:d7:75:45:81:24,FunBox2-8124,-48,1,2412,False,False
1778935808.1508536,management,beacon,d8:d7:75:45:81:24,ff:ff:ff:ff:ff:ff,ff:ff:ff:ff:ff:ff,d8:d7:75:45:81:24,d8:d7:75:45:81:24,FunBox2-8124,-55,1,2412,False,False
1778935808.253271,management,beacon,d8:d7:75:45:81:24,ff:ff:ff:ff:ff:ff,ff:ff:ff:ff:ff:ff,d8:d7:75:45:81:24,d8:d7:75:45:81:24,FunBox2-8124,-52,1,2412,False,False
1778935808.3557045,management,beacon,d8:d7:75:45:81:24,ff:ff:ff:ff:ff:ff,ff:ff:ff:ff:ff:ff,d8:d7:75:45:81:24,d8:d7:75:45:81:24,FunBox2-8124,-48,1,2412,False,False
1778935808.4580798,management,beacon,d8:d7:75:45:81:24,ff:ff:ff:ff:ff:ff,ff:ff:ff:ff:ff:ff,d8:d7:75:45:81:24,d8:d7:75:45:81:24,FunBox2-8124,-50,1,2412,False,False
1778935808.5604744,management,beacon,d8:d7:75:45:81:24,ff:ff:ff:ff:ff:ff,ff:ff:ff:ff:ff:ff,d8:d7:75:45:81:24,d8:d7:75:45:81:24,FunBox2-8124,-42,1,2412,False,False
1778935808.6628773,management,beacon,d8:d7:75:45:81:24,ff:ff:ff:ff:ff:ff,ff:ff:ff:ff:ff:ff,d8:d7:75:45:81:24,d8:d7:75:45:81:24,FunBox2-8124,-50,1,2412,False,False
1778935808.7653508,management,beacon,d8:d7:75:45:81:24,ff:ff:ff:ff:ff:ff,ff:ff:ff:ff:ff:ff,d8:d7:75:45:81:24,d8:d7:75:45:81:24,FunBox2-8124,-50,1,2412,False,False
1778935808.867686,management,beacon,d8:d7:75:45:81:24,ff:ff:ff:ff:ff:ff,ff:ff:ff:ff:ff:ff,d8:d7:75:45:81:24,d8:d7:75:45:81:24,FunBox2-8124,-53,1,2412,False,False
1778935808.970144,management,beacon,d8:d7:75:45:81:24,ff:ff:ff:ff:ff:ff,ff:ff:ff:ff:ff:ff,d8:d7:75:45:81:24,d8:d7:75:45:81:24,FunBox2-8124,-48,1,2412,False,False
1778935809.072497,management,beacon,d8:d7:75:45:81:24,ff:ff:ff:ff:ff:ff,ff:ff:ff:ff:ff:ff,d8:d7:75:45:81:24,d8:d7:75:45:81:24,FunBox2-8124,-43,1,2412,False,False
1778935809.1749332,management,beacon,d8:d7:75:45:81:24,ff:ff:ff:ff:ff:ff,ff:ff:ff:ff:ff:ff,d8:d7:75:45:81:24,d8:d7:75:45:81:24,FunBox2-8124,-47,1,2412,False,False
1778935809.2052217,data,null_data,50:02:91:e8:18:ec,d8:d7:75:45:81:24,d8:d7:75:45:81:24,50:02:91:e8:18:ec,d8:d7:75:45:81:24,,-83,1,2412,False,False
1778935809.205241,control,ack,,50:02:91:e8:18:ec,50:02:91:e8:18:ec,,,,-50,1,2412,False,False
1778935809.2772982,management,beacon,d8:d7:75:45:81:24,ff:ff:ff:ff:ff:ff,ff:ff:ff:ff:ff:ff,d8:d7:75:45:81:24,d8:d7:75:45:81:24,FunBox2-8124,-49,1,2412,False,False
1778935809.3665588,data,null_data,50:02:91:e8:18:ec,d8:d7:75:45:81:24,d8:d7:75:45:81:24,50:02:91:e8:18:ec,d8:d7:75:45:81:24,,-82,1,2412,False,False
1778935809.3665657,control,ack,,50:02:91:e8:18:ec,50:02:91:e8:18:ec,,,,-53,1,2412,False,False
1778935809.3797524,management,beacon,d8:d7:75:45:81:24,ff:ff:ff:ff:ff:ff,ff:ff:ff:ff:ff:ff,d8:d7:75:45:81:24,d8:d7:75:45:81:24,FunBox2-8124,-48,1,2412,False,False
1778935809.5845132,management,beacon,d8:d7:75:45:81:24,ff:ff:ff:ff:ff:ff,ff:ff:ff:ff:ff:ff,d8:d7:75:45:81:24,d8:d7:75:45:81:24,FunBox2-8124,-55,1,2412,False,False
1778935809.6869297,management,beacon,d8:d7:75:45:81:24,ff:ff:ff:ff:ff:ff,ff:ff:ff:ff:ff:ff,d8:d7:75:45:81:24,d8:d7:75:45:81:24,FunBox2-8124,-47,1,2412,False,False
1778935809.7893653,management,beacon,d8:d7:75:45:81:24,ff:ff:ff:ff:ff:ff,ff:ff:ff:ff:ff:ff,d8:d7:75:45:81:24,d8:d7:75:45:81:24,FunBox2-8124,-57,1,2412,False,False
1778935809.7904677,data,data,d8:d7:75:45:81:24,01:00:5e:00:00:01,01:00:5e:00:00:01,d8:d7:75:45:81:24,d8:d7:75:45:81:24,,-57,1,2412,True,False
1778935809.790964,control,ack,,d8:d7:75:45:81:24,d8:d7:75:45:81:24,,,,-86,1,2412,False,False
1778935809.7909665,data,null_data,50:02:91:e8:18:ec,d8:d7:75:45:81:24,d8:d7:75:45:81:24,50:02:91:e8:18:ec,d8:d7:75:45:81:24,,-85,1,2412,False,False
1778935809.790968,control,ack,,50:02:91:e8:18:ec,50:02:91:e8:18:ec,,,,-54,1,2412,False,False
1778935809.8917174,management,beacon,d8:d7:75:45:81:24,ff:ff:ff:ff:ff:ff,ff:ff:ff:ff:ff:ff,d8:d7:75:45:81:24,d8:d7:75:45:81:24,FunBox2-8124,-54,1,2412,False,False
1778935809.9518666,data,null_data,50:02:91:e8:18:ec,d8:d7:75:45:81:24,d8:d7:75:45:81:24,50:02:91:e8:18:ec,d8:d7:75:45:81:24,,-85,1,2412,False,False
1778935809.9518845,control,ack,,50:02:91:e8:18:ec,50:02:91:e8:18:ec,,,,-50,1,2412,False,False
1778935809.9941785,management,beacon,d8:d7:75:45:81:24,ff:ff:ff:ff:ff:ff,ff:ff:ff:ff:ff:ff,d8:d7:75:45:81:24,d8:d7:75:45:81:24,FunBox2-8124,-47,1,2412,False,False
1778935810.0965378,management,beacon,d8:d7:75:45:81:24,ff:ff:ff:ff:ff:ff,ff:ff:ff:ff:ff:ff,d8:d7:75:45:81:24,d8:d7:75:45:81:24,FunBox2-8124,-47,1,2412,False,False
1778935810.1989644,management,beacon,d8:d7:75:45:81:24,ff:ff:ff:ff:ff:ff,ff:ff:ff:ff:ff:ff,d8:d7:75:45:81:24,d8:d7:75:45:81:24,FunBox2-8124,-45,1,2412,False,False
1778935810.3013926,management,beacon,d8:d7:75:45:81:24,ff:ff:ff:ff:ff:ff,ff:ff:ff:ff:ff:ff,d8:d7:75:45:81:24,d8:d7:75:45:81:24,FunBox2-8124,-43,1,2412,False,False
1778935810.403752,management,beacon,d8:d7:75:45:81:24,ff:ff:ff:ff:ff:ff,ff:ff:ff:ff:ff:ff,d8:d7:75:45:81:24,d8:d7:75:45:81:24,FunBox2-8124,-41,1,2412,False,False
1778935810.5061905,management,beacon,d8:d7:75:45:81:24,ff:ff:ff:ff:ff:ff,ff:ff:ff:ff:ff:ff,d8:d7:75:45:81:24,d8:d7:75:45:81:24,FunBox2-8124,-43,1,2412,False,False
1778935810.5117347,data,null_data,50:02:91:e8:18:ec,d8:d7:75:45:81:24,d8:d7:75:45:81:24,50:02:91:e8:18:ec,d8:d7:75:45:81:24,,-85,1,2412,False,False
1778935810.5117407,control,ack,,50:02:91:e8:18:ec,50:02:91:e8:18:ec,,,,-46,1,2412,False,False
1778935810.608575,management,beacon,d8:d7:75:45:81:24,ff:ff:ff:ff:ff:ff,ff:ff:ff:ff:ff:ff,d8:d7:75:45:81:24,d8:d7:75:45:81:24,FunBox2-8124,-42,1,2412,False,False
1778935810.672601,data,null_data,50:02:91:e8:18:ec,d8:d7:75:45:81:24,d8:d7:75:45:81:24,50:02:91:e8:18:ec,d8:d7:75:45:81:24,,-82,1,2412,False,False
1778935810.6726165,control,ack,,50:02:91:e8:18:ec,50:02:91:e8:18:ec,,,,-46,1,2412,False,False
1778935810.7109697,management,beacon,d8:d7:75:45:81:24,ff:ff:ff:ff:ff:ff,ff:ff:ff:ff:ff:ff,d8:d7:75:45:81:24,d8:d7:75:45:81:24,FunBox2-8124,-42,1,2412,False,False
1778935810.9157872,management,beacon,d8:d7:75:45:81:24,ff:ff:ff:ff:ff:ff,ff:ff:ff:ff:ff:ff,d8:d7:75:45:81:24,d8:d7:75:45:81:24,FunBox2-8124,-43,1,2412,False,False
1778935811.0182068,management,beacon,d8:d7:75:45:81:24,ff:ff:ff:ff:ff:ff,ff:ff:ff:ff:ff:ff,d8:d7:75:45:81:24,d8:d7:75:45:81:24,FunBox2-8124,-45,1,2412,False,False
1778935811.1206112,management,beacon,d8:d7:75:45:81:24,ff:ff:ff:ff:ff:ff,ff:ff:ff:ff:ff:ff,d8:d7:75:45:81:24,d8:d7:75:45:81:24,FunBox2-8124,-42,1,2412,False,False
1778935811.2230165,management,beacon,d8:d7:75:45:81:24,ff:ff:ff:ff:ff:ff,ff:ff:ff:ff:ff:ff,d8:d7:75:45:81:24,d8:d7:75:45:81:24,FunBox2-8124,-43,1,2412,False,False
1778935811.4277813,management,beacon,d8:d7:75:45:81:24,ff:ff:ff:ff:ff:ff,ff:ff:ff:ff:ff:ff,d8:d7:75:45:81:24,d8:d7:75:45:81:24,FunBox2-8124,-48,1,2412,False,False
1778935811.5302002,management,beacon,d8:d7:75:45:81:24,ff:ff:ff:ff:ff:ff,ff:ff:ff:ff:ff:ff,d8:d7:75:45:81:24,d8:d7:75:45:81:24,FunBox2-8124,-42,1,2412,False,False
1778935811.6325893,management,beacon,d8:d7:75:45:81:24,ff:ff:ff:ff:ff:ff,ff:ff:ff:ff:ff:ff,d8:d7:75:45:81:24,d8:d7:75:45:81:24,FunBox2-8124,-45,1,2412,False,False
1778935811.6337879,data,null_data,50:02:91:e8:18:ec,d8:d7:75:45:81:24,d8:d7:75:45:81:24,50:02:91:e8:18:ec,d8:d7:75:45:81:24,,-85,1,2412,False,False
1778935811.6337895,control,ack,,50:02:91:e8:18:ec,50:02:91:e8:18:ec,,,,-46,1,2412,False,False
1778935811.7350128,management,beacon,d8:d7:75:45:81:24,ff:ff:ff:ff:ff:ff,ff:ff:ff:ff:ff:ff,d8:d7:75:45:81:24,d8:d7:75:45:81:24,FunBox2-8124,-43,1,2412,False,False
1778935811.7947018,control,ack,,50:02:91:e8:18:ec,50:02:91:e8:18:ec,,,,-46,1,2412,False,False
1778935811.939838,management,beacon,d8:d7:75:45:81:24,ff:ff:ff:ff:ff:ff,ff:ff:ff:ff:ff:ff,d8:d7:75:45:81:24,d8:d7:75:45:81:24,FunBox2-8124,-44,1,2412,False,False
1778935812.0422347,management,beacon,d8:d7:75:45:81:24,ff:ff:ff:ff:ff:ff,ff:ff:ff:ff:ff:ff,d8:d7:75:45:81:24,d8:d7:75:45:81:24,FunBox2-8124,-44,1,2412,False,False
1778935812.1446562,management,beacon,d8:d7:75:45:81:24,ff:ff:ff:ff:ff:ff,ff:ff:ff:ff:ff:ff,d8:d7:75:45:81:24,d8:d7:75:45:81:24,FunBox2-8124,-44,1,2412,False,False
1778935812.247019,management,beacon,d8:d7:75:45:81:24,ff:ff:ff:ff:ff:ff,ff:ff:ff:ff:ff:ff,d8:d7:75:45:81:24,d8:d7:75:45:81:24,FunBox2-8124,-44,1,2412,False,False
1778935812.451823,management,beacon,d8:d7:75:45:81:24,ff:ff:ff:ff:ff:ff,ff:ff:ff:ff:ff:ff,d8:d7:75:45:81:24,d8:d7:75:45:81:24,FunBox2-8124,-43,1,2412,False,False
1778935812.5542512,management,beacon,d8:d7:75:45:81:24,ff:ff:ff:ff:ff:ff,ff:ff:ff:ff:ff:ff,d8:d7:75:45:81:24,d8:d7:75:45:81:24,FunBox2-8124,-42,1,2412,False,False
1778935812.6566508,management,beacon,d8:d7:75:45:81:24,ff:ff:ff:ff:ff:ff,ff:ff:ff:ff:ff:ff,d8:d7:75:45:81:24,d8:d7:75:45:81:24,FunBox2-8124,-43,1,2412,False,False
1778935812.7590513,management,beacon,d8:d7:75:45:81:24,ff:ff:ff:ff:ff:ff,ff:ff:ff:ff:ff:ff,d8:d7:75:45:81:24,d8:d7:75:45:81:24,FunBox2-8124,-43,1,2412,False,False
1778935812.8784978,control,ack,,ce:d0:54:70:b1:b3,ce:d0:54:70:b1:b3,,,,-86,1,2412,False,False
1778935812.9642205,management,beacon,d8:d7:75:45:81:24,ff:ff:ff:ff:ff:ff,ff:ff:ff:ff:ff:ff,d8:d7:75:45:81:24,d8:d7:75:45:81:24,FunBox2-8124,-41,1,2412,False,False
1778935813.0662754,management,beacon,d8:d7:75:45:81:24,ff:ff:ff:ff:ff:ff,ff:ff:ff:ff:ff:ff,d8:d7:75:45:81:24,d8:d7:75:45:81:24,FunBox2-8124,-43,1,2412,False,False
1778935813.1686428,management,beacon,d8:d7:75:45:81:24,ff:ff:ff:ff:ff:ff,ff:ff:ff:ff:ff:ff,d8:d7:75:45:81:24,d8:d7:75:45:81:24,FunBox2-8124,-47,1,2412,False,False
1778935813.1698422,data,null_data,50:02:91:e8:18:ec,d8:d7:75:45:81:24,d8:d7:75:45:81:24,50:02:91:e8:18:ec,d8:d7:75:45:81:24,,-84,1,2412,False,False
1778935813.1698446,control,ack,,50:02:91:e8:18:ec,50:02:91:e8:18:ec,,,,-45,1,2412,False,False
1778935813.2710478,management,beacon,d8:d7:75:45:81:24,ff:ff:ff:ff:ff:ff,ff:ff:ff:ff:ff:ff,d8:d7:75:45:81:24,d8:d7:75:45:81:24,FunBox2-8124,-44,1,2412,False,False
1778935813.3307073,data,null_data,50:02:91:e8:18:ec,d8:d7:75:45:81:24,d8:d7:75:45:81:24,50:02:91:e8:18:ec,d8:d7:75:45:81:24,,-81,1,2412,False,False
1778935813.330715,control,ack,,50:02:91:e8:18:ec,50:02:91:e8:18:ec,,,,-47,1,2412,False,False
1778935813.4758892,management,beacon,d8:d7:75:45:81:24,ff:ff:ff:ff:ff:ff,ff:ff:ff:ff:ff:ff,d8:d7:75:45:81:24,d8:d7:75:45:81:24,FunBox2-8124,-45,1,2412,False,False
1778935813.5782638,management,beacon,d8:d7:75:45:81:24,ff:ff:ff:ff:ff:ff,ff:ff:ff:ff:ff:ff,d8:d7:75:45:81:24,d8:d7:75:45:81:24,FunBox2-8124,-45,1,2412,False,False
1778935813.6806595,management,beacon,d8:d7:75:45:81:24,ff:ff:ff:ff:ff:ff,ff:ff:ff:ff:ff:ff,d8:d7:75:45:81:24,d8:d7:75:45:81:24,FunBox2-8124,-44,1,2412,False,False
1778935813.7831035,management,beacon,d8:d7:75:45:81:24,ff:ff:ff:ff:ff:ff,ff:ff:ff:ff:ff:ff,d8:d7:75:45:81:24,d8:d7:75:45:81:24,FunBox2-8124,-43,1,2412,False,False
1778935813.9878988,management,beacon,d8:d7:75:45:81:24,ff:ff:ff:ff:ff:ff,ff:ff:ff:ff:ff:ff,d8:d7:75:45:81:24,d8:d7:75:45:81:24,FunBox2-8124,-42,1,2412,False,False
1778935814.090336,management,beacon,d8:d7:75:45:81:24,ff:ff:ff:ff:ff:ff,ff:ff:ff:ff:ff:ff,d8:d7:75:45:81:24,d8:d7:75:45:81:24,FunBox2-8124,-40,1,2412,False,False
1778935814.192752,management,beacon,d8:d7:75:45:81:24,ff:ff:ff:ff:ff:ff,ff:ff:ff:ff:ff:ff,d8:d7:75:45:81:24,d8:d7:75:45:81:24,FunBox2-8124,-42,1,2412,False,False
1778935814.295131,management,beacon,d8:d7:75:45:81:24,ff:ff:ff:ff:ff:ff,ff:ff:ff:ff:ff:ff,d8:d7:75:45:81:24,d8:d7:75:45:81:24,FunBox2-8124,-43,1,2412,False,False
1778935814.4999468,management,beacon,d8:d7:75:45:81:24,ff:ff:ff:ff:ff:ff,ff:ff:ff:ff:ff:ff,d8:d7:75:45:81:24,d8:d7:75:45:81:24,FunBox2-8124,-44,1,2412,False,False
1778935814.602289,management,beacon,d8:d7:75:45:81:24,ff:ff:ff:ff:ff:ff,ff:ff:ff:ff:ff:ff,d8:d7:75:45:81:24,d8:d7:75:45:81:24,FunBox2-8124,-42,1,2412,False,False
1778935814.7047098,management,beacon,d8:d7:75:45:81:24,ff:ff:ff:ff:ff:ff,ff:ff:ff:ff:ff:ff,d8:d7:75:45:81:24,d8:d7:75:45:81:24,FunBox2-8124,-43,1,2412,False,False
1778935814.8070986,management,beacon,d8:d7:75:45:81:24,ff:ff:ff:ff:ff:ff,ff:ff:ff:ff:ff:ff,d8:d7:75:45:81:24,d8:d7:75:45:81:24,FunBox2-8124,-43,1,2412,False,False
1778935814.8083081,data,null_data,50:02:91:e8:18:ec,d8:d7:75:45:81:24,d8:d7:75:45:81:24,50:02:91:e8:18:ec,d8:d7:75:45:81:24,,-86,1,2412,False,False
1778935814.808316,control,ack,,50:02:91:e8:18:ec,50:02:91:e8:18:ec,,,,-45,1,2412,False,False
1778935814.9370904,data,data,d8:d7:75:45:81:24,33:33:00:00:00:16,33:33:00:00:00:16,d8:d7:75:45:81:24,8a:f4:af:eb:f3:fb,,-43,1,2412,True,False
1778935814.9373884,control,ack,,d8:d7:75:45:81:24,d8:d7:75:45:81:24,,,,-87,1,2412,False,False
1778935814.9402456,data,data,d8:d7:75:45:81:24,01:00:5e:00:00:fb,01:00:5e:00:00:fb,d8:d7:75:45:81:24,8a:f4:af:eb:f3:fb,,-45,1,2412,True,False
1778935814.9405375,control,ack,,d8:d7:75:45:81:24,d8:d7:75:45:81:24,,,,-87,1,2412,False,False
1778935814.9424405,control,ack,,d8:d7:75:45:81:24,d8:d7:75:45:81:24,,,,-86,1,2412,False,False
1778935815.0119598,management,beacon,d8:d7:75:45:81:24,ff:ff:ff:ff:ff:ff,ff:ff:ff:ff:ff:ff,d8:d7:75:45:81:24,d8:d7:75:45:81:24,FunBox2-8124,-45,1,2412,False,False
1778935815.1028786,data,null_data,50:02:91:e8:18:ec,d8:d7:75:45:81:24,d8:d7:75:45:81:24,50:02:91:e8:18:ec,d8:d7:75:45:81:24,,-86,1,2412,False,False
1778935815.1028864,control,ack,,50:02:91:e8:18:ec,50:02:91:e8:18:ec,,,,-50,1,2412,False,False
1778935815.1143522,management,beacon,d8:d7:75:45:81:24,ff:ff:ff:ff:ff:ff,ff:ff:ff:ff:ff:ff,d8:d7:75:45:81:24,d8:d7:75:45:81:24,FunBox2-8124,-46,1,2412,False,False
1778935815.2167132,management,beacon,d8:d7:75:45:81:24,ff:ff:ff:ff:ff:ff,ff:ff:ff:ff:ff:ff,d8:d7:75:45:81:24,d8:d7:75:45:81:24,FunBox2-8124,-45,1,2412,False,False
1778935815.319159,management,beacon,d8:d7:75:45:81:24,ff:ff:ff:ff:ff:ff,ff:ff:ff:ff:ff:ff,d8:d7:75:45:81:24,d8:d7:75:45:81:24,FunBox2-8124,-47,1,2412,False,False
1778935815.5239468,management,beacon,d8:d7:75:45:81:24,ff:ff:ff:ff:ff:ff,ff:ff:ff:ff:ff:ff,d8:d7:75:45:81:24,d8:d7:75:45:81:24,FunBox2-8124,-46,1,2412,False,False
1778935815.6263764,management,beacon,d8:d7:75:45:81:24,ff:ff:ff:ff:ff:ff,ff:ff:ff:ff:ff:ff,d8:d7:75:45:81:24,d8:d7:75:45:81:24,FunBox2-8124,-52,1,2412,False,False
1778935815.7287898,management,beacon,d8:d7:75:45:81:24,ff:ff:ff:ff:ff:ff,ff:ff:ff:ff:ff:ff,d8:d7:75:45:81:24,d8:d7:75:45:81:24,FunBox2-8124,-55,1,2412,False,False
1778935815.831142,management,beacon,d8:d7:75:45:81:24,ff:ff:ff:ff:ff:ff,ff:ff:ff:ff:ff:ff,d8:d7:75:45:81:24,d8:d7:75:45:81:24,FunBox2-8124,-59,1,2412,False,False
1778935816.0359905,management,beacon,d8:d7:75:45:81:24,ff:ff:ff:ff:ff:ff,ff:ff:ff:ff:ff:ff,d8:d7:75:45:81:24,d8:d7:75:45:81:24,FunBox2-8124,-45,1,2412,False,False
1778935816.138345,management,beacon,d8:d7:75:45:81:24,ff:ff:ff:ff:ff:ff,ff:ff:ff:ff:ff:ff,d8:d7:75:45:81:24,d8:d7:75:45:81:24,FunBox2-8124,-59,1,2412,False,False
1778935816.2407503,management,beacon,d8:d7:75:45:81:24,ff:ff:ff:ff:ff:ff,ff:ff:ff:ff:ff:ff,d8:d7:75:45:81:24,d8:d7:75:45:81:24,FunBox2-8124,-43,1,2412,False,False
1778935816.2422094,data,data,d8:d7:75:45:81:24,01:00:5e:00:00:fb,01:00:5e:00:00:fb,d8:d7:75:45:81:24,8a:f4:af:eb:f3:fb,,-43,1,2412,True,False
1778935816.2427197,control,ack,,d8:d7:75:45:81:24,d8:d7:75:45:81:24,,,,-83,1,2412,False,False
1778935816.2427216,data,null_data,50:02:91:e8:18:ec,d8:d7:75:45:81:24,d8:d7:75:45:81:24,50:02:91:e8:18:ec,d8:d7:75:45:81:24,,-85,1,2412,False,False
1778935816.2427223,control,ack,,50:02:91:e8:18:ec,50:02:91:e8:18:ec,,,,-47,1,2412,False,False
1778935816.2446218,data,data,d8:d7:75:45:81:24,33:33:00:00:00:fb,33:33:00:00:00:fb,d8:d7:75:45:81:24,8a:f4:af:eb:f3:fb,,-42,1,2412,True,False
1778935816.3431914,management,beacon,d8:d7:75:45:81:24,ff:ff:ff:ff:ff:ff,ff:ff:ff:ff:ff:ff,d8:d7:75:45:81:24,d8:d7:75:45:81:24,FunBox2-8124,-47,1,2412,False,False
1778935816.3862135,data,data,d8:d7:75:45:81:24,33:33:00:00:00:16,33:33:00:00:00:16,d8:d7:75:45:81:24,8a:f4:af:eb:f3:fb,,-45,1,2412,True,False
1778935816.3865082,control,ack,,d8:d7:75:45:81:24,d8:d7:75:45:81:24,,,,-86,1,2412,False,False
1778935816.4455574,management,beacon,d8:d7:75:45:81:24,ff:ff:ff:ff:ff:ff,ff:ff:ff:ff:ff:ff,d8:d7:75:45:81:24,d8:d7:75:45:81:24,FunBox2-8124,-44,1,2412,False,False
1778935816.5481267,management,beacon,d8:d7:75:45:81:24,ff:ff:ff:ff:ff:ff,ff:ff:ff:ff:ff:ff,d8:d7:75:45:81:24,d8:d7:75:45:81:24,FunBox2-8124,-47,1,2412,False,False
1778935816.548147,data,null_data,50:02:91:e8:18:ec,d8:d7:75:45:81:24,d8:d7:75:45:81:24,50:02:91:e8:18:ec,d8:d7:75:45:81:24,,-87,1,2412,False,False
1778935816.5481486,control,ack,,50:02:91:e8:18:ec,50:02:91:e8:18:ec,,,,-51,1,2412,False,False
1778935816.6503787,management,beacon,d8:d7:75:45:81:24,ff:ff:ff:ff:ff:ff,ff:ff:ff:ff:ff:ff,d8:d7:75:45:81:24,d8:d7:75:45:81:24,FunBox2-8124,-50,1,2412,False,False
1778935816.855224,management,beacon,d8:d7:75:45:81:24,ff:ff:ff:ff:ff:ff,ff:ff:ff:ff:ff:ff,d8:d7:75:45:81:24,d8:d7:75:45:81:24,FunBox2-8124,-50,1,2412,False,False
1778935816.9575887,management,beacon,d8:d7:75:45:81:24,ff:ff:ff:ff:ff:ff,ff:ff:ff:ff:ff:ff,d8:d7:75:45:81:24,d8:d7:75:45:81:24,FunBox2-8124,-45,1,2412,False,False
1778935817.0599992,management,beacon,d8:d7:75:45:81:24,ff:ff:ff:ff:ff:ff,ff:ff:ff:ff:ff:ff,d8:d7:75:45:81:24,d8:d7:75:45:81:24,FunBox2-8124,-46,1,2412,False,False
1778935817.162423,management,beacon,d8:d7:75:45:81:24,ff:ff:ff:ff:ff:ff,ff:ff:ff:ff:ff:ff,d8:d7:75:45:81:24,d8:d7:75:45:81:24,FunBox2-8124,-42,1,2412,False,False
1778935817.2648385,management,beacon,d8:d7:75:45:81:24,ff:ff:ff:ff:ff:ff,ff:ff:ff:ff:ff:ff,d8:d7:75:45:81:24,d8:d7:75:45:81:24,FunBox2-8124,-46,1,2412,False,False
1778935817.36719,management,beacon,d8:d7:75:45:81:24,ff:ff:ff:ff:ff:ff,ff:ff:ff:ff:ff:ff,d8:d7:75:45:81:24,d8:d7:75:45:81:24,FunBox2-8124,-47,1,2412,False,False
1778935817.4696102,management,beacon,d8:d7:75:45:81:24,ff:ff:ff:ff:ff:ff,ff:ff:ff:ff:ff:ff,d8:d7:75:45:81:24,d8:d7:75:45:81:24,FunBox2-8124,-49,1,2412,False,False
1778935817.5719974,management,beacon,d8:d7:75:45:81:24,ff:ff:ff:ff:ff:ff,ff:ff:ff:ff:ff:ff,d8:d7:75:45:81:24,d8:d7:75:45:81:24,FunBox2-8124,-49,1,2412,False,False
1778935817.6744676,management,beacon,d8:d7:75:45:81:24,ff:ff:ff:ff:ff:ff,ff:ff:ff:ff:ff:ff,d8:d7:75:45:81:24,d8:d7:75:45:81:24,FunBox2-8124,-50,1,2412,False,False
1778935817.7768645,management,beacon,d8:d7:75:45:81:24,ff:ff:ff:ff:ff:ff,ff:ff:ff:ff:ff:ff,d8:d7:75:45:81:24,d8:d7:75:45:81:24,FunBox2-8124,-41,1,2412,False,False
1778935817.8792255,management,beacon,d8:d7:75:45:81:24,ff:ff:ff:ff:ff:ff,ff:ff:ff:ff:ff:ff,d8:d7:75:45:81:24,d8:d7:75:45:81:24,FunBox2-8124,-49,1,2412,False,False
1778935817.9816306,management,beacon,d8:d7:75:45:81:24,ff:ff:ff:ff:ff:ff,ff:ff:ff:ff:ff:ff,d8:d7:75:45:81:24,d8:d7:75:45:81:24,FunBox2-8124,-47,1,2412,False,False
1778935818.0840254,management,beacon,d8:d7:75:45:81:24,ff:ff:ff:ff:ff:ff,ff:ff:ff:ff:ff:ff,d8:d7:75:45:81:24,d8:d7:75:45:81:24,FunBox2-8124,-47,1,2412,False,False
1778935818.1041808,control,rts,54:35:30:cf:ee:1e,d8:d7:75:45:81:24,d8:d7:75:45:81:24,54:35:30:cf:ee:1e,,,-56,1,2412,False,False
1778935818.1042094,control,cts,,54:35:30:cf:ee:1e,54:35:30:cf:ee:1e,,,,-44,1,2412,False,False
1778935818.1042135,data,qos_data,54:35:30:cf:ee:1e,d8:d7:75:45:81:24,d8:d7:75:45:81:24,54:35:30:cf:ee:1e,01:00:5e:7f:ff:fa,,-55,1,2412,True,False
1778935818.1042175,control,block_ack,d8:d7:75:45:81:24,54:35:30:cf:ee:1e,54:35:30:cf:ee:1e,d8:d7:75:45:81:24,,,-43,1,2412,False,False
1778935818.186459,management,beacon,d8:d7:75:45:81:24,ff:ff:ff:ff:ff:ff,ff:ff:ff:ff:ff:ff,d8:d7:75:45:81:24,d8:d7:75:45:81:24,FunBox2-8124,-42,1,2412,False,False
1778935818.192015,data,null_data,50:02:91:e8:18:ec,d8:d7:75:45:81:24,d8:d7:75:45:81:24,50:02:91:e8:18:ec,d8:d7:75:45:81:24,,-83,1,2412,False,False
1778935818.192021,control,ack,,50:02:91:e8:18:ec,50:02:91:e8:18:ec,,,,-45,1,2412,False,False
1778935818.2888584,management,beacon,d8:d7:75:45:81:24,ff:ff:ff:ff:ff:ff,ff:ff:ff:ff:ff:ff,d8:d7:75:45:81:24,d8:d7:75:45:81:24,FunBox2-8124,-43,1,2412,False,False
1778935818.3912864,management,beacon,d8:d7:75:45:81:24,ff:ff:ff:ff:ff:ff,ff:ff:ff:ff:ff:ff,d8:d7:75:45:81:24,d8:d7:75:45:81:24,FunBox2-8124,-43,1,2412,False,False
1778935818.3925316,data,data,d8:d7:75:45:81:24,01:00:5e:7f:ff:fa,01:00:5e:7f:ff:fa,d8:d7:75:45:81:24,54:35:30:cf:ee:1e,,-41,1,2412,True,False
1778935818.393014,control,ack,,d8:d7:75:45:81:24,d8:d7:75:45:81:24,,,,-84,1,2412,False,False
1778935818.3930173,data,null_data,50:02:91:e8:18:ec,d8:d7:75:45:81:24,d8:d7:75:45:81:24,50:02:91:e8:18:ec,d8:d7:75:45:81:24,,-84,1,2412,False,False
1778935818.3930187,control,ack,,50:02:91:e8:18:ec,50:02:91:e8:18:ec,,,,-43,1,2412,False,False
1778935818.493673,management,beacon,d8:d7:75:45:81:24,ff:ff:ff:ff:ff:ff,ff:ff:ff:ff:ff:ff,d8:d7:75:45:81:24,d8:d7:75:45:81:24,FunBox2-8124,-47,1,2412,False,False
1778935818.5539112,control,ack,,50:02:91:e8:18:ec,50:02:91:e8:18:ec,,,,-49,1,2412,False,False
1778935818.5960808,management,beacon,d8:d7:75:45:81:24,ff:ff:ff:ff:ff:ff,ff:ff:ff:ff:ff:ff,d8:d7:75:45:81:24,d8:d7:75:45:81:24,FunBox2-8124,-50,1,2412,False,False
1778935818.6984885,management,beacon,d8:d7:75:45:81:24,ff:ff:ff:ff:ff:ff,ff:ff:ff:ff:ff:ff,d8:d7:75:45:81:24,d8:d7:75:45:81:24,FunBox2-8124,-48,1,2412,False,False
1778935818.9032826,management,beacon,d8:d7:75:45:81:24,ff:ff:ff:ff:ff:ff,ff:ff:ff:ff:ff:ff,d8:d7:75:45:81:24,d8:d7:75:45:81:24,FunBox2-8124,-40,1,2412,False,False
1778935819.0056682,management,beacon,d8:d7:75:45:81:24,ff:ff:ff:ff:ff:ff,ff:ff:ff:ff:ff:ff,d8:d7:75:45:81:24,d8:d7:75:45:81:24,FunBox2-8124,-44,1,2412,False,False
1778935819.0094428,data,data,d8:d7:75:45:81:24,33:33:00:00:00:fb,33:33:00:00:00:fb,d8:d7:75:45:81:24,8a:f4:af:eb:f3:fb,,-41,1,2412,True,False
1778935819.0097408,control,ack,,d8:d7:75:45:81:24,d8:d7:75:45:81:24,,,,-85,1,2412,False,False
1778935819.108084,management,beacon,d8:d7:75:45:81:24,ff:ff:ff:ff:ff:ff,ff:ff:ff:ff:ff:ff,d8:d7:75:45:81:24,d8:d7:75:45:81:24,FunBox2-8124,-41,1,2412,False,False
1778935819.205784,control,ack,,50:02:91:e8:18:ec,50:02:91:e8:18:ec,,,,-49,1,2412,False,False
1778935819.20599,control,ack,,50:02:91:e8:18:ec,50:02:91:e8:18:ec,,,,-44,1,2412,False,False
1778935819.2104595,management,beacon,d8:d7:75:45:81:24,ff:ff:ff:ff:ff:ff,ff:ff:ff:ff:ff:ff,d8:d7:75:45:81:24,d8:d7:75:45:81:24,FunBox2-8124,-43,1,2412,False,False
1778935819.3129103,management,beacon,d8:d7:75:45:81:24,ff:ff:ff:ff:ff:ff,ff:ff:ff:ff:ff:ff,d8:d7:75:45:81:24,d8:d7:75:45:81:24,FunBox2-8124,-41,1,2412,False,False
1778935819.3675148,data,null_data,50:02:91:e8:18:ec,d8:d7:75:45:81:24,d8:d7:75:45:81:24,50:02:91:e8:18:ec,d8:d7:75:45:81:24,,-86,1,2412,False,False
1778935819.3675253,control,ack,,50:02:91:e8:18:ec,50:02:91:e8:18:ec,,,,-49,1,2412,False,False
1778935819.4152846,management,beacon,d8:d7:75:45:81:24,ff:ff:ff:ff:ff:ff,ff:ff:ff:ff:ff:ff,d8:d7:75:45:81:24,d8:d7:75:45:81:24,FunBox2-8124,-43,1,2412,False,False
1778935819.517731,management,beacon,d8:d7:75:45:81:24,ff:ff:ff:ff:ff:ff,ff:ff:ff:ff:ff:ff,d8:d7:75:45:81:24,d8:d7:75:45:81:24,FunBox2-8124,-43,1,2412,False,False
1778935819.6200914,management,beacon,d8:d7:75:45:81:24,ff:ff:ff:ff:ff:ff,ff:ff:ff:ff:ff:ff,d8:d7:75:45:81:24,d8:d7:75:45:81:24,FunBox2-8124,-50,1,2412,False,False
1778935819.722535,management,beacon,d8:d7:75:45:81:24,ff:ff:ff:ff:ff:ff,ff:ff:ff:ff:ff:ff,d8:d7:75:45:81:24,d8:d7:75:45:81:24,FunBox2-8124,-50,1,2412,False,False
1778935819.9272926,management,beacon,d8:d7:75:45:81:24,ff:ff:ff:ff:ff:ff,ff:ff:ff:ff:ff:ff,d8:d7:75:45:81:24,d8:d7:75:45:81:24,FunBox2-8124,-42,1,2412,False,False
1778935819.9284878,data,null_data,50:02:91:e8:18:ec,d8:d7:75:45:81:24,d8:d7:75:45:81:24,50:02:91:e8:18:ec,d8:d7:75:45:81:24,,-85,1,2412,False,False
1778935819.92849,control,ack,,50:02:91:e8:18:ec,50:02:91:e8:18:ec,,,,-46,1,2412,False,False
1778935820.0297244,management,beacon,d8:d7:75:45:81:24,ff:ff:ff:ff:ff:ff,ff:ff:ff:ff:ff:ff,d8:d7:75:45:81:24,d8:d7:75:45:81:24,FunBox2-8124,-48,1,2412,False,False
1778935820.0893457,data,null_data,50:02:91:e8:18:ec,d8:d7:75:45:81:24,d8:d7:75:45:81:24,50:02:91:e8:18:ec,d8:d7:75:45:81:24,,-87,1,2412,False,False
1778935820.0893645,control,ack,,50:02:91:e8:18:ec,50:02:91:e8:18:ec,,,,-47,1,2412,False,False
1778935820.1321223,management,beacon,d8:d7:75:45:81:24,ff:ff:ff:ff:ff:ff,ff:ff:ff:ff:ff:ff,d8:d7:75:45:81:24,d8:d7:75:45:81:24,FunBox2-8124,-41,1,2412,False,False
1778935820.2345645,management,beacon,d8:d7:75:45:81:24,ff:ff:ff:ff:ff:ff,ff:ff:ff:ff:ff:ff,d8:d7:75:45:81:24,d8:d7:75:45:81:24,FunBox2-8124,-43,1,2412,False,False
1778935820.3369124,management,beacon,d8:d7:75:45:81:24,ff:ff:ff:ff:ff:ff,ff:ff:ff:ff:ff:ff,d8:d7:75:45:81:24,d8:d7:75:45:81:24,FunBox2-8124,-42,1,2412,False,False
1778935820.43934,management,beacon,d8:d7:75:45:81:24,ff:ff:ff:ff:ff:ff,ff:ff:ff:ff:ff:ff,d8:d7:75:45:81:24,d8:d7:75:45:81:24,FunBox2-8124,-43,1,2412,False,False
1778935820.5417166,management,beacon,d8:d7:75:45:81:24,ff:ff:ff:ff:ff:ff,ff:ff:ff:ff:ff:ff,d8:d7:75:45:81:24,d8:d7:75:45:81:24,FunBox2-8124,-41,1,2412,False,False
1778935820.6441236,management,beacon,d8:d7:75:45:81:24,ff:ff:ff:ff:ff:ff,ff:ff:ff:ff:ff:ff,d8:d7:75:45:81:24,d8:d7:75:45:81:24,FunBox2-8124,-50,1,2412,False,False
1778935820.7465506,management,beacon,d8:d7:75:45:81:24,ff:ff:ff:ff:ff:ff,ff:ff:ff:ff:ff:ff,d8:d7:75:45:81:24,d8:d7:75:45:81:24,FunBox2-8124,-44,1,2412,False,False
1778935820.9513776,management,beacon,d8:d7:75:45:81:24,ff:ff:ff:ff:ff:ff,ff:ff:ff:ff:ff:ff,d8:d7:75:45:81:24,d8:d7:75:45:81:24,FunBox2-8124,-51,1,2412,False,False
1778935821.0538046,management,beacon,d8:d7:75:45:81:24,ff:ff:ff:ff:ff:ff,ff:ff:ff:ff:ff:ff,d8:d7:75:45:81:24,d8:d7:75:45:81:24,FunBox2-8124,-42,1,2412,False,False
1778935821.156196,management,beacon,d8:d7:75:45:81:24,ff:ff:ff:ff:ff:ff,ff:ff:ff:ff:ff:ff,d8:d7:75:45:81:24,d8:d7:75:45:81:24,FunBox2-8124,-42,1,2412,False,False
1778935821.2585847,management,beacon,d8:d7:75:45:81:24,ff:ff:ff:ff:ff:ff,ff:ff:ff:ff:ff:ff,d8:d7:75:45:81:24,d8:d7:75:45:81:24,FunBox2-8124,-42,1,2412,False,False
1778935821.463382,management,beacon,d8:d7:75:45:81:24,ff:ff:ff:ff:ff:ff,ff:ff:ff:ff:ff:ff,d8:d7:75:45:81:24,d8:d7:75:45:81:24,FunBox2-8124,-41,1,2412,False,False
1778935821.464605,data,null_data,50:02:91:e8:18:ec,d8:d7:75:45:81:24,d8:d7:75:45:81:24,50:02:91:e8:18:ec,d8:d7:75:45:81:24,,-85,1,2412,False,False
1778935821.4646075,control,ack,,50:02:91:e8:18:ec,50:02:91:e8:18:ec,,,,-45,1,2412,False,False
1778935821.5658078,management,beacon,d8:d7:75:45:81:24,ff:ff:ff:ff:ff:ff,ff:ff:ff:ff:ff:ff,d8:d7:75:45:81:24,d8:d7:75:45:81:24,FunBox2-8124,-42,1,2412,False,False
1778935821.62602,data,null_data,50:02:91:e8:18:ec,d8:d7:75:45:81:24,d8:d7:75:45:81:24,50:02:91:e8:18:ec,d8:d7:75:45:81:24,,-85,1,2412,False,False
1778935821.6260285,control,ack,,50:02:91:e8:18:ec,50:02:91:e8:18:ec,,,,-50,1,2412,False,False
1778935821.6681664,management,beacon,d8:d7:75:45:81:24,ff:ff:ff:ff:ff:ff,ff:ff:ff:ff:ff:ff,d8:d7:75:45:81:24,d8:d7:75:45:81:24,FunBox2-8124,-45,1,2412,False,False
1778935821.7705972,management,beacon,d8:d7:75:45:81:24,ff:ff:ff:ff:ff:ff,ff:ff:ff:ff:ff:ff,d8:d7:75:45:81:24,d8:d7:75:45:81:24,FunBox2-8124,-49,1,2412,False,False
1778935821.845391,data,qos_null,aa:23:4f:4d:00:cf,74:ea:3a:a1:53:a6,74:ea:3a:a1:53:a6,aa:23:4f:4d:00:cf,74:ea:3a:a1:53:a6,,-90,1,2412,False,False
1778935821.8617775,data,qos_null,aa:23:4f:4d:00:cf,74:ea:3a:a1:53:a6,74:ea:3a:a1:53:a6,aa:23:4f:4d:00:cf,74:ea:3a:a1:53:a6,,-89,1,2412,False,False
1778935821.8788197,data,qos_null,aa:23:4f:4d:00:cf,74:ea:3a:a1:53:a6,74:ea:3a:a1:53:a6,aa:23:4f:4d:00:cf,74:ea:3a:a1:53:a6,,-86,1,2412,False,False
1778935821.9754102,management,beacon,d8:d7:75:45:81:24,ff:ff:ff:ff:ff:ff,ff:ff:ff:ff:ff:ff,d8:d7:75:45:81:24,d8:d7:75:45:81:24,FunBox2-8124,-51,1,2412,False,False
1778935822.0998006,management,beacon,d8:d7:75:45:81:24,ff:ff:ff:ff:ff:ff,ff:ff:ff:ff:ff:ff,d8:d7:75:45:81:24,d8:d7:75:45:81:24,FunBox2-8124,-51,1,2412,False,False
1778935822.1801732,management,beacon,d8:d7:75:45:81:24,ff:ff:ff:ff:ff:ff,ff:ff:ff:ff:ff:ff,d8:d7:75:45:81:24,d8:d7:75:45:81:24,FunBox2-8124,-42,1,2412,False,False
1778935822.2826517,management,beacon,d8:d7:75:45:81:24,ff:ff:ff:ff:ff:ff,ff:ff:ff:ff:ff:ff,d8:d7:75:45:81:24,d8:d7:75:45:81:24,FunBox2-8124,-41,1,2412,False,False
1778935822.3849938,management,beacon,d8:d7:75:45:81:24,ff:ff:ff:ff:ff:ff,ff:ff:ff:ff:ff:ff,d8:d7:75:45:81:24,d8:d7:75:45:81:24,FunBox2-8124,-42,1,2412,False,False
1778935822.487444,management,beacon,d8:d7:75:45:81:24,ff:ff:ff:ff:ff:ff,ff:ff:ff:ff:ff:ff,d8:d7:75:45:81:24,d8:d7:75:45:81:24,FunBox2-8124,-40,1,2412,False,False
1778935822.5898128,management,beacon,d8:d7:75:45:81:24,ff:ff:ff:ff:ff:ff,ff:ff:ff:ff:ff:ff,d8:d7:75:45:81:24,d8:d7:75:45:81:24,FunBox2-8124,-47,1,2412,False,False
1778935822.6922178,management,beacon,d8:d7:75:45:81:24,ff:ff:ff:ff:ff:ff,ff:ff:ff:ff:ff:ff,d8:d7:75:45:81:24,d8:d7:75:45:81:24,FunBox2-8124,-50,1,2412,False,False
1778935822.794666,management,beacon,d8:d7:75:45:81:24,ff:ff:ff:ff:ff:ff,ff:ff:ff:ff:ff:ff,d8:d7:75:45:81:24,d8:d7:75:45:81:24,FunBox2-8124,-45,1,2412,False,False
1778935822.8970034,management,beacon,d8:d7:75:45:81:24,ff:ff:ff:ff:ff:ff,ff:ff:ff:ff:ff:ff,d8:d7:75:45:81:24,d8:d7:75:45:81:24,FunBox2-8124,-47,1,2412,False,False
1778935822.9994154,management,beacon,d8:d7:75:45:81:24,ff:ff:ff:ff:ff:ff,ff:ff:ff:ff:ff:ff,d8:d7:75:45:81:24,d8:d7:75:45:81:24,FunBox2-8124,-49,1,2412,False,False
1778935823.1018338,management,beacon,d8:d7:75:45:81:24,ff:ff:ff:ff:ff:ff,ff:ff:ff:ff:ff:ff,d8:d7:75:45:81:24,d8:d7:75:45:81:24,FunBox2-8124,-48,1,2412,False,False
1778935823.2042449,management,beacon,d8:d7:75:45:81:24,ff:ff:ff:ff:ff:ff,ff:ff:ff:ff:ff:ff,d8:d7:75:45:81:24,d8:d7:75:45:81:24,FunBox2-8124,-48,1,2412,False,False
1778935823.306679,management,beacon,d8:d7:75:45:81:24,ff:ff:ff:ff:ff:ff,ff:ff:ff:ff:ff:ff,d8:d7:75:45:81:24,d8:d7:75:45:81:24,FunBox2-8124,-44,1,2412,False,False
1778935823.4090767,management,beacon,d8:d7:75:45:81:24,ff:ff:ff:ff:ff:ff,ff:ff:ff:ff:ff:ff,d8:d7:75:45:81:24,d8:d7:75:45:81:24,FunBox2-8124,-48,1,2412,False,False
1778935823.410267,data,null_data,50:02:91:e8:18:ec,d8:d7:75:45:81:24,d8:d7:75:45:81:24,50:02:91:e8:18:ec,d8:d7:75:45:81:24,,-81,1,2412,False,False
1778935823.4102693,control,ack,,50:02:91:e8:18:ec,50:02:91:e8:18:ec,,,,-49,1,2412,False,False
1778935823.4938085,data,data,d8:d7:75:45:81:24,33:33:00:00:00:01,33:33:00:00:00:01,d8:d7:75:45:81:24,d8:d7:75:45:81:24,,-47,1,2412,True,False
1778935823.494101,control,ack,,d8:d7:75:45:81:24,d8:d7:75:45:81:24,,,,-84,1,2412,False,False
1778935823.5048788,data,data,d8:d7:75:45:81:24,33:33:00:00:00:16,33:33:00:00:00:16,d8:d7:75:45:81:24,a8:5e:45:c6:9f:b7,,-44,1,2412,True,False
1778935823.511481,management,beacon,d8:d7:75:45:81:24,ff:ff:ff:ff:ff:ff,ff:ff:ff:ff:ff:ff,d8:d7:75:45:81:24,d8:d7:75:45:81:24,FunBox2-8124,-43,1,2412,False,False
1778935823.6138284,management,beacon,d8:d7:75:45:81:24,ff:ff:ff:ff:ff:ff,ff:ff:ff:ff:ff:ff,d8:d7:75:45:81:24,d8:d7:75:45:81:24,FunBox2-8124,-46,1,2412,False,False
1778935823.654606,data,null_data,50:02:91:e8:18:ec,d8:d7:75:45:81:24,d8:d7:75:45:81:24,50:02:91:e8:18:ec,d8:d7:75:45:81:24,,-83,1,2412,False,False
1778935823.6546361,control,ack,,50:02:91:e8:18:ec,50:02:91:e8:18:ec,,,,-47,1,2412,False,False
1778935823.716237,management,beacon,d8:d7:75:45:81:24,ff:ff:ff:ff:ff:ff,ff:ff:ff:ff:ff:ff,d8:d7:75:45:81:24,d8:d7:75:45:81:24,FunBox2-8124,-44,1,2412,False,False
1778935823.8186793,management,beacon,d8:d7:75:45:81:24,ff:ff:ff:ff:ff:ff,ff:ff:ff:ff:ff:ff,d8:d7:75:45:81:24,d8:d7:75:45:81:24,FunBox2-8124,-47,1,2412,False,False
1778935823.9210432,management,beacon,d8:d7:75:45:81:24,ff:ff:ff:ff:ff:ff,ff:ff:ff:ff:ff:ff,d8:d7:75:45:81:24,d8:d7:75:45:81:24,FunBox2-8124,-48,1,2412,False,False
1778935824.0234756,management,beacon,d8:d7:75:45:81:24,ff:ff:ff:ff:ff:ff,ff:ff:ff:ff:ff:ff,d8:d7:75:45:81:24,d8:d7:75:45:81:24,FunBox2-8124,-48,1,2412,False,False
1778935824.1258507,management,beacon,d8:d7:75:45:81:24,ff:ff:ff:ff:ff:ff,ff:ff:ff:ff:ff:ff,d8:d7:75:45:81:24,d8:d7:75:45:81:24,FunBox2-8124,-48,1,2412,False,False
1778935824.3307042,management,beacon,d8:d7:75:45:81:24,ff:ff:ff:ff:ff:ff,ff:ff:ff:ff:ff:ff,d8:d7:75:45:81:24,d8:d7:75:45:81:24,FunBox2-8124,-49,1,2412,False,False
1778935824.433071,management,beacon,d8:d7:75:45:81:24,ff:ff:ff:ff:ff:ff,ff:ff:ff:ff:ff:ff,d8:d7:75:45:81:24,d8:d7:75:45:81:24,FunBox2-8124,-46,1,2412,False,False
1778935824.5354872,management,beacon,d8:d7:75:45:81:24,ff:ff:ff:ff:ff:ff,ff:ff:ff:ff:ff:ff,d8:d7:75:45:81:24,d8:d7:75:45:81:24,FunBox2-8124,-49,1,2412,False,False
1778935824.5371323,data,data,d8:d7:75:45:81:24,33:33:00:00:00:16,33:33:00:00:00:16,d8:d7:75:45:81:24,a8:5e:45:c6:9f:b7,,-50,1,2412,True,False
1778935824.5375984,control,ack,,d8:d7:75:45:81:24,d8:d7:75:45:81:24,,,,-82,1,2412,False,False
1778935824.537601,data,null_data,50:02:91:e8:18:ec,d8:d7:75:45:81:24,d8:d7:75:45:81:24,50:02:91:e8:18:ec,d8:d7:75:45:81:24,,-83,1,2412,False,False
1778935824.5376027,control,ack,,50:02:91:e8:18:ec,50:02:91:e8:18:ec,,,,-49,1,2412,False,False
1778935824.548614,control,ack,,d8:d7:75:45:81:24,d8:d7:75:45:81:24,,,,-82,1,2412,False,False
1778935824.5522833,data,data,d8:d7:75:45:81:24,01:00:5e:00:00:fb,01:00:5e:00:00:fb,d8:d7:75:45:81:24,76:d9:b6:fc:28:ac,,-45,1,2412,True,False
1778935824.5525668,control,ack,,d8:d7:75:45:81:24,d8:d7:75:45:81:24,,,,-82,1,2412,False,False
1778935824.5561879,data,data,d8:d7:75:45:81:24,33:33:00:00:00:fb,33:33:00:00:00:fb,d8:d7:75:45:81:24,76:d9:b6:fc:28:ac,,-47,1,2412,True,False
1778935824.5564861,control,ack,,d8:d7:75:45:81:24,d8:d7:75:45:81:24,,,,-82,1,2412,False,False
1778935824.5603487,data,data,d8:d7:75:45:81:24,33:33:00:00:00:fb,33:33:00:00:00:fb,d8:d7:75:45:81:24,76:d9:b6:fc:28:ac,,-45,1,2412,True,False
1778935824.5606468,control,ack,,d8:d7:75:45:81:24,d8:d7:75:45:81:24,,,,-82,1,2412,False,False
1778935824.566799,control,rts,54:35:30:cf:ee:1e,d8:d7:75:45:81:24,d8:d7:75:45:81:24,54:35:30:cf:ee:1e,,,-51,1,2412,False,False
1778935824.5668068,control,cts,,54:35:30:cf:ee:1e,54:35:30:cf:ee:1e,,,,-48,1,2412,False,False
1778935824.5668092,data,qos_data,54:35:30:cf:ee:1e,d8:d7:75:45:81:24,d8:d7:75:45:81:24,54:35:30:cf:ee:1e,ff:ff:ff:ff:ff:ff,,-54,1,2412,True,False
1778935824.566811,control,block_ack,d8:d7:75:45:81:24,54:35:30:cf:ee:1e,54:35:30:cf:ee:1e,d8:d7:75:45:81:24,,,-48,1,2412,False,False
1778935824.5683334,data,data,d8:d7:75:45:81:24,ff:ff:ff:ff:ff:ff,ff:ff:ff:ff:ff:ff,d8:d7:75:45:81:24,54:35:30:cf:ee:1e,,-45,1,2412,True,False
1778935824.5686505,control,ack,,d8:d7:75:45:81:24,d8:d7:75:45:81:24,,,,-82,1,2412,False,False
1778935824.5860372,data,data,d8:d7:75:45:81:24,33:33:ff:ed:6e:8f,33:33:ff:ed:6e:8f,d8:d7:75:45:81:24,d8:d7:75:45:81:24,,-43,1,2412,True,False
1778935824.586339,control,ack,,d8:d7:75:45:81:24,d8:d7:75:45:81:24,,,,-83,1,2412,False,False
1778935824.5893133,data,data,d8:d7:75:45:81:24,01:00:5e:00:00:fb,01:00:5e:00:00:fb,d8:d7:75:45:81:24,76:d9:b6:fc:28:ac,,-44,1,2412,True,False
1778935824.5896368,control,ack,,d8:d7:75:45:81:24,d8:d7:75:45:81:24,,,,-82,1,2412,False,False
1778935824.5928578,data,data,d8:d7:75:45:81:24,33:33:00:00:00:fb,33:33:00:00:00:fb,d8:d7:75:45:81:24,76:d9:b6:fc:28:ac,,-45,1,2412,True,False
1778935824.593144,control,ack,,d8:d7:75:45:81:24,d8:d7:75:45:81:24,,,,-83,1,2412,False,False
1778935824.5969472,data,data,d8:d7:75:45:81:24,33:33:ff:63:5e:bd,33:33:ff:63:5e:bd,d8:d7:75:45:81:24,d8:d7:75:45:81:24,,-44,1,2412,True,False
1778935824.5972605,control,ack,,d8:d7:75:45:81:24,d8:d7:75:45:81:24,,,,-83,1,2412,False,False
1778935824.6191397,data,data,d8:d7:75:45:81:24,ff:ff:ff:ff:ff:ff,ff:ff:ff:ff:ff:ff,d8:d7:75:45:81:24,76:d9:b6:fc:28:ac,,-42,1,2412,True,False
1778935824.6194344,control,ack,,d8:d7:75:45:81:24,d8:d7:75:45:81:24,,,,-85,1,2412,False,False
1778935824.6206253,data,data,d8:d7:75:45:81:24,33:33:00:00:00:02,33:33:00:00:00:02,d8:d7:75:45:81:24,76:d9:b6:fc:28:ac,,-42,1,2412,True,False
1778935824.620935,control,ack,,d8:d7:75:45:81:24,d8:d7:75:45:81:24,,,,-84,1,2412,False,False
1778935824.6382275,management,beacon,d8:d7:75:45:81:24,ff:ff:ff:ff:ff:ff,ff:ff:ff:ff:ff:ff,d8:d7:75:45:81:24,d8:d7:75:45:81:24,FunBox2-8124,-43,1,2412,False,False
1778935824.6382322,control,rts,54:35:30:cf:ee:1e,d8:d7:75:45:81:24,d8:d7:75:45:81:24,54:35:30:cf:ee:1e,,,-56,1,2412,False,False
1778935824.638233,control,cts,,54:35:30:cf:ee:1e,54:35:30:cf:ee:1e,,,,-45,1,2412,False,False
1778935824.6382341,data,qos_data,54:35:30:cf:ee:1e,d8:d7:75:45:81:24,d8:d7:75:45:81:24,54:35:30:cf:ee:1e,01:00:5e:00:00:fb,,-55,1,2412,True,False
1778935824.6382353,control,block_ack,d8:d7:75:45:81:24,54:35:30:cf:ee:1e,54:35:30:cf:ee:1e,d8:d7:75:45:81:24,,,-47,1,2412,False,False
1778935824.6417239,data,data,d8:d7:75:45:81:24,01:00:5e:00:00:fb,01:00:5e:00:00:fb,d8:d7:75:45:81:24,54:35:30:cf:ee:1e,,-43,1,2412,True,False
1778935824.6606646,data,data,d8:d7:75:45:81:24,ff:ff:ff:ff:ff:ff,ff:ff:ff:ff:ff:ff,d8:d7:75:45:81:24,76:d9:b6:fc:28:ac,,-44,1,2412,True,False
1778935824.6620188,data,data,d8:d7:75:45:81:24,ff:ff:ff:ff:ff:ff,ff:ff:ff:ff:ff:ff,d8:d7:75:45:81:24,76:d9:b6:fc:28:ac,,-42,1,2412,True,False
1778935824.662337,control,ack,,d8:d7:75:45:81:24,d8:d7:75:45:81:24,,,,-88,1,2412,False,False
1778935824.6642444,control,rts,54:35:30:cf:ee:1e,d8:d7:75:45:81:24,d8:d7:75:45:81:24,54:35:30:cf:ee:1e,,,-57,1,2412,False,False
1778935824.664249,control,cts,,54:35:30:cf:ee:1e,54:35:30:cf:ee:1e,,,,-47,1,2412,False,False
1778935824.6645207,data,qos_data,54:35:30:cf:ee:1e,d8:d7:75:45:81:24,d8:d7:75:45:81:24,54:35:30:cf:ee:1e,76:d9:b6:fc:28:ac,,-57,1,2412,True,False
1778935824.664524,control,block_ack,d8:d7:75:45:81:24,54:35:30:cf:ee:1e,54:35:30:cf:ee:1e,d8:d7:75:45:81:24,,,-46,1,2412,False,False
1778935824.6983848,data,data,d8:d7:75:45:81:24,ff:ff:ff:ff:ff:ff,ff:ff:ff:ff:ff:ff,d8:d7:75:45:81:24,76:d9:b6:fc:28:ac,,-45,1,2412,True,False
1778935824.6986845,control,ack,,d8:d7:75:45:81:24,d8:d7:75:45:81:24,,,,-88,1,2412,False,False
1778935824.7471137,data,data,d8:d7:75:45:81:24,33:33:00:00:00:01,33:33:00:00:00:01,d8:d7:75:45:81:24,d8:d7:75:45:81:24,,-44,1,2412,True,False
1778935824.7486045,data,data,d8:d7:75:45:81:24,ff:ff:ff:ff:ff:ff,ff:ff:ff:ff:ff:ff,d8:d7:75:45:81:24,d8:d7:75:45:81:24,,-43,1,2412,True,False
1778935824.748898,control,ack,,d8:d7:75:45:81:24,d8:d7:75:45:81:24,,,,-88,1,2412,False,False
1778935824.7498832,data,data,d8:d7:75:45:81:24,ff:ff:ff:ff:ff:ff,ff:ff:ff:ff:ff:ff,d8:d7:75:45:81:24,d8:d7:75:45:81:24,,-44,1,2412,True,False
1778935824.7538745,data,data,d8:d7:75:45:81:24,33:33:00:00:00:01,33:33:00:00:00:01,d8:d7:75:45:81:24,d8:d7:75:45:81:24,,-47,1,2412,True,False
1778935824.790951,control,rts,d8:d7:75:45:81:24,54:35:30:cf:ee:1e,54:35:30:cf:ee:1e,d8:d7:75:45:81:24,,,-46,1,2412,False,False
1778935824.7909622,control,cts,,d8:d7:75:45:81:24,d8:d7:75:45:81:24,,,,-53,1,2412,False,False
1778935824.7909641,data,qos_data,d8:d7:75:45:81:24,54:35:30:cf:ee:1e,54:35:30:cf:ee:1e,d8:d7:75:45:81:24,76:d9:b6:fc:28:ac,,-48,1,2412,True,False
1778935824.7909672,control,block_ack,54:35:30:cf:ee:1e,d8:d7:75:45:81:24,d8:d7:75:45:81:24,54:35:30:cf:ee:1e,,,-51,1,2412,False,False
1778935824.794088,data,data,d8:d7:75:45:81:24,01:00:5e:00:00:fb,01:00:5e:00:00:fb,d8:d7:75:45:81:24,76:d9:b6:fc:28:ac,,-41,1,2412,True,False
1778935824.7960606,data,data,d8:d7:75:45:81:24,33:33:00:00:00:fb,33:33:00:00:00:fb,d8:d7:75:45:81:24,76:d9:b6:fc:28:ac,,-42,1,2412,True,False
1778935824.800073,control,rts,54:35:30:cf:ee:1e,d8:d7:75:45:81:24,d8:d7:75:45:81:24,54:35:30:cf:ee:1e,,,-53,1,2412,False,False
1778935824.8000793,control,cts,,54:35:30:cf:ee:1e,54:35:30:cf:ee:1e,,,,-46,1,2412,False,False
1778935824.8000822,data,qos_data,54:35:30:cf:ee:1e,d8:d7:75:45:81:24,d8:d7:75:45:81:24,54:35:30:cf:ee:1e,76:d9:b6:fc:28:ac,,-53,1,2412,True,False
1778935824.8000846,control,block_ack,d8:d7:75:45:81:24,54:35:30:cf:ee:1e,54:35:30:cf:ee:1e,d8:d7:75:45:81:24,,,-45,1,2412,False,False
1778935824.802896,control,rts,54:35:30:cf:ee:1e,d8:d7:75:45:81:24,d8:d7:75:45:81:24,54:35:30:cf:ee:1e,,,-53,1,2412,False,False
1778935824.8029,control,cts,,54:35:30:cf:ee:1e,54:35:30:cf:ee:1e,,,,-45,1,2412,False,False
1778935824.8029027,data,qos_data,54:35:30:cf:ee:1e,d8:d7:75:45:81:24,d8:d7:75:45:81:24,54:35:30:cf:ee:1e,01:00:5e:00:00:fb,,-53,1,2412,True,False
1778935824.8029048,control,block_ack,d8:d7:75:45:81:24,54:35:30:cf:ee:1e,54:35:30:cf:ee:1e,d8:d7:75:45:81:24,,,-45,1,2412,False,False
1778935824.8094516,data,data,d8:d7:75:45:81:24,01:00:5e:00:00:fb,01:00:5e:00:00:fb,d8:d7:75:45:81:24,54:35:30:cf:ee:1e,,-42,1,2412,True,False
1778935824.8094597,control,rts,54:35:30:cf:ee:1e,d8:d7:75:45:81:24,d8:d7:75:45:81:24,54:35:30:cf:ee:1e,,,-53,1,2412,False,False
1778935824.8094604,control,cts,,54:35:30:cf:ee:1e,54:35:30:cf:ee:1e,,,,-45,1,2412,False,False
1778935824.8094618,data,qos_data,54:35:30:cf:ee:1e,d8:d7:75:45:81:24,d8:d7:75:45:81:24,54:35:30:cf:ee:1e,76:d9:b6:fc:28:ac,,-53,1,2412,True,False
1778935824.809463,control,block_ack,d8:d7:75:45:81:24,54:35:30:cf:ee:1e,54:35:30:cf:ee:1e,d8:d7:75:45:81:24,,,-46,1,2412,False,False
1778935824.8427243,management,beacon,d8:d7:75:45:81:24,ff:ff:ff:ff:ff:ff,ff:ff:ff:ff:ff:ff,d8:d7:75:45:81:24,d8:d7:75:45:81:24,FunBox2-8124,-42,1,2412,False,False
1778935824.895463,data,data,d8:d7:75:45:81:24,01:00:5e:00:00:fb,01:00:5e:00:00:fb,d8:d7:75:45:81:24,76:d9:b6:fc:28:ac,,-54,1,2412,True,False
1778935824.895742,control,ack,,d8:d7:75:45:81:24,d8:d7:75:45:81:24,,,,-86,1,2412,False,False
1778935824.9007795,control,ack,,d8:d7:75:45:81:24,d8:d7:75:45:81:24,,,,-87,1,2412,False,False
1778935824.945107,management,beacon,d8:d7:75:45:81:24,ff:ff:ff:ff:ff:ff,ff:ff:ff:ff:ff:ff,d8:d7:75:45:81:24,d8:d7:75:45:81:24,FunBox2-8124,-42,1,2412,False,False
1778935825.0475206,management,beacon,d8:d7:75:45:81:24,ff:ff:ff:ff:ff:ff,ff:ff:ff:ff:ff:ff,d8:d7:75:45:81:24,d8:d7:75:45:81:24,FunBox2-8124,-50,1,2412,False,False
1778935825.0612066,data,null_data,50:02:91:e8:18:ec,d8:d7:75:45:81:24,d8:d7:75:45:81:24,50:02:91:e8:18:ec,d8:d7:75:45:81:24,,-82,1,2412,False,False
1778935825.061223,control,ack,,50:02:91:e8:18:ec,50:02:91:e8:18:ec,,,,-55,1,2412,False,False
1778935825.1498873,management,beacon,d8:d7:75:45:81:24,ff:ff:ff:ff:ff:ff,ff:ff:ff:ff:ff:ff,d8:d7:75:45:81:24,d8:d7:75:45:81:24,FunBox2-8124,-43,1,2412,False,False
1778935825.153207,data,data,d8:d7:75:45:81:24,01:00:5e:00:00:fb,01:00:5e:00:00:fb,d8:d7:75:45:81:24,76:d9:b6:fc:28:ac,,-44,1,2412,True,False
1778935825.153643,control,ack,,d8:d7:75:45:81:24,d8:d7:75:45:81:24,,,,-84,1,2412,False,False
1778935825.1536448,data,null_data,50:02:91:e8:18:ec,d8:d7:75:45:81:24,d8:d7:75:45:81:24,50:02:91:e8:18:ec,d8:d7:75:45:81:24,,-82,1,2412,False,False
1778935825.1538584,data,null_data,50:02:91:e8:18:ec,d8:d7:75:45:81:24,d8:d7:75:45:81:24,50:02:91:e8:18:ec,d8:d7:75:45:81:24,,-82,1,2412,False,True
1778935825.1595109,data,data,d8:d7:75:45:81:24,33:33:00:00:00:fb,33:33:00:00:00:fb,d8:d7:75:45:81:24,76:d9:b6:fc:28:ac,,-45,1,2412,True,False
1778935825.1597939,control,ack,,d8:d7:75:45:81:24,d8:d7:75:45:81:24,,,,-84,1,2412,False,False
1778935825.3202221,data,null_data,50:02:91:e8:18:ec,d8:d7:75:45:81:24,d8:d7:75:45:81:24,50:02:91:e8:18:ec,d8:d7:75:45:81:24,,-82,1,2412,False,False
1778935825.3202398,control,ack,,50:02:91:e8:18:ec,50:02:91:e8:18:ec,,,,-45,1,2412,False,False
1778935825.337396,management,probe_request,7e:5b:46:4f:31:eb,ff:ff:ff:ff:ff:ff,ff:ff:ff:ff:ff:ff,7e:5b:46:4f:31:eb,ff:ff:ff:ff:ff:ff,<hidden>,-60,1,2412,False,False
1778935825.3406408,management,probe_response,d8:d7:75:45:81:24,7e:5b:46:4f:31:eb,7e:5b:46:4f:31:eb,d8:d7:75:45:81:24,d8:d7:75:45:81:24,FunBox2-8124,-45,1,2412,False,False
1778935825.3409274,control,ack,,d8:d7:75:45:81:24,d8:d7:75:45:81:24,,,,-60,1,2412,False,False
1778935825.3547187,management,beacon,d8:d7:75:45:81:24,ff:ff:ff:ff:ff:ff,ff:ff:ff:ff:ff:ff,d8:d7:75:45:81:24,d8:d7:75:45:81:24,FunBox2-8124,-43,1,2412,False,False
1778935825.457098,management,beacon,d8:d7:75:45:81:24,ff:ff:ff:ff:ff:ff,ff:ff:ff:ff:ff:ff,d8:d7:75:45:81:24,d8:d7:75:45:81:24,FunBox2-8124,-46,1,2412,False,False
1778935825.459969,data,data,d8:d7:75:45:81:24,01:00:5e:00:00:fb,01:00:5e:00:00:fb,d8:d7:75:45:81:24,76:d9:b6:fc:28:ac,,-44,1,2412,True,False
1778935825.4604135,control,ack,,d8:d7:75:45:81:24,d8:d7:75:45:81:24,,,,-81,1,2412,False,False
1778935825.4604154,data,null_data,50:02:91:e8:18:ec,d8:d7:75:45:81:24,d8:d7:75:45:81:24,50:02:91:e8:18:ec,d8:d7:75:45:81:24,,-80,1,2412,False,False
1778935825.4605896,data,null_data,50:02:91:e8:18:ec,d8:d7:75:45:81:24,d8:d7:75:45:81:24,50:02:91:e8:18:ec,d8:d7:75:45:81:24,,-81,1,2412,False,True
1778935825.4610963,data,null_data,50:02:91:e8:18:ec,d8:d7:75:45:81:24,d8:d7:75:45:81:24,50:02:91:e8:18:ec,d8:d7:75:45:81:24,,-81,1,2412,False,True
1778935825.4610972,control,ack,,50:02:91:e8:18:ec,50:02:91:e8:18:ec,,,,-46,1,2412,False,False
1778935825.4654865,data,data,d8:d7:75:45:81:24,33:33:00:00:00:fb,33:33:00:00:00:fb,d8:d7:75:45:81:24,76:d9:b6:fc:28:ac,,-45,1,2412,True,False
1778935825.4699976,data,data,d8:d7:75:45:81:24,01:00:5e:00:00:fb,01:00:5e:00:00:fb,d8:d7:75:45:81:24,76:d9:b6:fc:28:ac,,-45,1,2412,True,False
1778935825.4703074,control,ack,,d8:d7:75:45:81:24,d8:d7:75:45:81:24,,,,-81,1,2412,False,False
1778935825.4753416,control,ack,,d8:d7:75:45:81:24,d8:d7:75:45:81:24,,,,-81,1,2412,False,False
1778935825.4839613,data,data,d8:d7:75:45:81:24,01:00:5e:00:00:fb,01:00:5e:00:00:fb,d8:d7:75:45:81:24,76:d9:b6:fc:28:ac,,-44,1,2412,True,False
1778935825.4841998,control,ack,,d8:d7:75:45:81:24,d8:d7:75:45:81:24,,,,-82,1,2412,False,False
1778935825.4931307,data,data,d8:d7:75:45:81:24,33:33:00:00:00:fb,33:33:00:00:00:fb,d8:d7:75:45:81:24,76:d9:b6:fc:28:ac,,-45,1,2412,True,False
1778935825.4934046,control,ack,,d8:d7:75:45:81:24,d8:d7:75:45:81:24,,,,-82,1,2412,False,False
1778935825.4946887,data,data,d8:d7:75:45:81:24,ff:ff:ff:ff:ff:ff,ff:ff:ff:ff:ff:ff,d8:d7:75:45:81:24,d8:d7:75:45:81:24,,-45,1,2412,True,False
1778935825.494943,control,ack,,d8:d7:75:45:81:24,d8:d7:75:45:81:24,,,,-81,1,2412,False,False
1778935825.4962254,data,data,d8:d7:75:45:81:24,ff:ff:ff:ff:ff:ff,ff:ff:ff:ff:ff:ff,d8:d7:75:45:81:24,d8:d7:75:45:81:24,,-44,1,2412,True,False
1778935825.4965186,control,ack,,d8:d7:75:45:81:24,d8:d7:75:45:81:24,,,,-83,1,2412,False,False
1778935825.5127556,data,data,d8:d7:75:45:81:24,33:33:00:00:00:01,33:33:00:00:00:01,d8:d7:75:45:81:24,d8:d7:75:45:81:24,,-42,1,2412,True,False
1778935825.5130606,control,ack,,d8:d7:75:45:81:24,d8:d7:75:45:81:24,,,,-82,1,2412,False,False
1778935825.534232,data,data,d8:d7:75:45:81:24,33:33:00:00:00:01,33:33:00:00:00:01,d8:d7:75:45:81:24,d8:d7:75:45:81:24,,-45,1,2412,True,False
1778935825.559517,management,beacon,d8:d7:75:45:81:24,ff:ff:ff:ff:ff:ff,ff:ff:ff:ff:ff:ff,d8:d7:75:45:81:24,d8:d7:75:45:81:24,FunBox2-8124,-43,1,2412,False,False
1778935825.6619742,management,beacon,d8:d7:75:45:81:24,ff:ff:ff:ff:ff:ff,ff:ff:ff:ff:ff:ff,d8:d7:75:45:81:24,d8:d7:75:45:81:24,FunBox2-8124,-54,1,2412,False,False
1778935825.695019,data,null_data,50:02:91:e8:18:ec,d8:d7:75:45:81:24,d8:d7:75:45:81:24,50:02:91:e8:18:ec,d8:d7:75:45:81:24,,-82,1,2412,False,False
1778935825.6950285,control,ack,,50:02:91:e8:18:ec,50:02:91:e8:18:ec,,,,-47,1,2412,False,False
1778935825.8667629,management,beacon,d8:d7:75:45:81:24,ff:ff:ff:ff:ff:ff,ff:ff:ff:ff:ff:ff,d8:d7:75:45:81:24,d8:d7:75:45:81:24,FunBox2-8124,-59,1,2412,False,False
1778935825.8722494,data,null_data,50:02:91:e8:18:ec,d8:d7:75:45:81:24,d8:d7:75:45:81:24,50:02:91:e8:18:ec,d8:d7:75:45:81:24,,-88,1,2412,False,False
1778935826.033764,data,null_data,50:02:91:e8:18:ec,d8:d7:75:45:81:24,d8:d7:75:45:81:24,50:02:91:e8:18:ec,d8:d7:75:45:81:24,,-85,1,2412,False,False
1778935826.0337832,control,ack,,50:02:91:e8:18:ec,50:02:91:e8:18:ec,,,,-53,1,2412,False,False
1778935826.0715582,management,beacon,d8:d7:75:45:81:24,ff:ff:ff:ff:ff:ff,ff:ff:ff:ff:ff:ff,d8:d7:75:45:81:24,d8:d7:75:45:81:24,FunBox2-8124,-45,1,2412,False,False
1778935826.1739275,management,beacon,d8:d7:75:45:81:24,ff:ff:ff:ff:ff:ff,ff:ff:ff:ff:ff:ff,d8:d7:75:45:81:24,d8:d7:75:45:81:24,FunBox2-8124,-46,1,2412,False,False
1778935826.3787334,management,beacon,d8:d7:75:45:81:24,ff:ff:ff:ff:ff:ff,ff:ff:ff:ff:ff:ff,d8:d7:75:45:81:24,d8:d7:75:45:81:24,FunBox2-8124,-46,1,2412,False,False
1778935826.3803732,data,data,d8:d7:75:45:81:24,01:00:5e:00:00:fb,01:00:5e:00:00:fb,d8:d7:75:45:81:24,8a:f4:af:eb:f3:fb,,-46,1,2412,True,False
1778935826.3806775,control,ack,,d8:d7:75:45:81:24,d8:d7:75:45:81:24,,,,-83,1,2412,False,False
1778935826.380981,data,null_data,50:02:91:e8:18:ec,d8:d7:75:45:81:24,d8:d7:75:45:81:24,50:02:91:e8:18:ec,d8:d7:75:45:81:24,,-84,1,2412,False,True
1778935826.3812973,data,null_data,50:02:91:e8:18:ec,d8:d7:75:45:81:24,d8:d7:75:45:81:24,50:02:91:e8:18:ec,d8:d7:75:45:81:24,,-83,1,2412,False,True
1778935826.3816128,data,null_data,50:02:91:e8:18:ec,d8:d7:75:45:81:24,d8:d7:75:45:81:24,50:02:91:e8:18:ec,d8:d7:75:45:81:24,,-83,1,2412,False,True
1778935826.3821435,data,null_data,50:02:91:e8:18:ec,d8:d7:75:45:81:24,d8:d7:75:45:81:24,50:02:91:e8:18:ec,d8:d7:75:45:81:24,,-82,1,2412,False,True
1778935826.382704,data,null_data,50:02:91:e8:18:ec,d8:d7:75:45:81:24,d8:d7:75:45:81:24,50:02:91:e8:18:ec,d8:d7:75:45:81:24,,-83,1,2412,False,True
1778935826.3832803,data,null_data,50:02:91:e8:18:ec,d8:d7:75:45:81:24,d8:d7:75:45:81:24,50:02:91:e8:18:ec,d8:d7:75:45:81:24,,-84,1,2412,False,True
1778935826.383809,data,null_data,50:02:91:e8:18:ec,d8:d7:75:45:81:24,d8:d7:75:45:81:24,50:02:91:e8:18:ec,d8:d7:75:45:81:24,,-82,1,2412,False,True
1778935826.3841186,control,ack,,50:02:91:e8:18:ec,50:02:91:e8:18:ec,,,,-47,1,2412,False,False
1778935826.3857505,data,data,d8:d7:75:45:81:24,33:33:00:00:00:fb,33:33:00:00:00:fb,d8:d7:75:45:81:24,8a:f4:af:eb:f3:fb,,-47,1,2412,True,False
1778935826.389156,data,data,d8:d7:75:45:81:24,ff:ff:ff:ff:ff:ff,ff:ff:ff:ff:ff:ff,d8:d7:75:45:81:24,76:d9:b6:fc:28:ac,,-47,1,2412,True,False
1778935826.3894548,control,ack,,d8:d7:75:45:81:24,d8:d7:75:45:81:24,,,,-82,1,2412,False,False
1778935826.389959,data,null_data,50:02:91:e8:18:ec,d8:d7:75:45:81:24,d8:d7:75:45:81:24,50:02:91:e8:18:ec,d8:d7:75:45:81:24,,-82,1,2412,False,True
1778935826.3902762,control,ack,,50:02:91:e8:18:ec,50:02:91:e8:18:ec,,,,-47,1,2412,False,False
1778935826.391293,data,data,d8:d7:75:45:81:24,ff:ff:ff:ff:ff:ff,ff:ff:ff:ff:ff:ff,d8:d7:75:45:81:24,d8:d7:75:45:81:24,,-49,1,2412,True,False
1778935826.3916073,control,ack,,d8:d7:75:45:81:24,d8:d7:75:45:81:24,,,,-82,1,2412,False,False
1778935826.397921,data,data,d8:d7:75:45:81:24,33:33:ff:bf:93:ae,33:33:ff:bf:93:ae,d8:d7:75:45:81:24,d8:d7:75:45:81:24,,-48,1,2412,True,False
1778935826.4607763,data,data,d8:d7:75:45:81:24,01:00:5e:00:00:fb,01:00:5e:00:00:fb,d8:d7:75:45:81:24,76:d9:b6:fc:28:ac,,-46,1,2412,True,False
1778935826.461062,control,ack,,d8:d7:75:45:81:24,d8:d7:75:45:81:24,,,,-84,1,2412,False,False
1778935826.481198,management,beacon,d8:d7:75:45:81:24,ff:ff:ff:ff:ff:ff,ff:ff:ff:ff:ff:ff,d8:d7:75:45:81:24,d8:d7:75:45:81:24,FunBox2-8124,-46,1,2412,False,False
1778935826.4979255,data,data,d8:d7:75:45:81:24,33:33:00:00:00:01,33:33:00:00:00:01,d8:d7:75:45:81:24,d8:d7:75:45:81:24,,-47,1,2412,True,False
1778935826.4982362,control,ack,,d8:d7:75:45:81:24,d8:d7:75:45:81:24,,,,-84,1,2412,False,False
1778935826.5089383,data,data,d8:d7:75:45:81:24,33:33:00:00:00:16,33:33:00:00:00:16,d8:d7:75:45:81:24,a8:5e:45:c6:9f:b7,,-45,1,2412,True,False
1778935826.5092375,control,ack,,d8:d7:75:45:81:24,d8:d7:75:45:81:24,,,,-84,1,2412,False,False
1778935826.55334,data,data,d8:d7:75:45:81:24,33:33:00:00:00:01,33:33:00:00:00:01,d8:d7:75:45:81:24,d8:d7:75:45:81:24,,-47,1,2412,True,False
1778935826.5536423,control,ack,,d8:d7:75:45:81:24,d8:d7:75:45:81:24,,,,-81,1,2412,False,False
1778935826.5835953,management,beacon,d8:d7:75:45:81:24,ff:ff:ff:ff:ff:ff,ff:ff:ff:ff:ff:ff,d8:d7:75:45:81:24,d8:d7:75:45:81:24,FunBox2-8124,-45,1,2412,False,False
1778935826.61377,data,data,d8:d7:75:45:81:24,33:33:ff:19:75:72,33:33:ff:19:75:72,d8:d7:75:45:81:24,d8:d7:75:45:81:24,,-47,1,2412,True,False
1778935826.614069,control,ack,,d8:d7:75:45:81:24,d8:d7:75:45:81:24,,,,-82,1,2412,False,False
1778935826.628816,data,data,d8:d7:75:45:81:24,33:33:00:00:00:01,33:33:00:00:00:01,d8:d7:75:45:81:24,d8:d7:75:45:81:24,,-45,1,2412,True,False
1778935826.629123,control,ack,,d8:d7:75:45:81:24,d8:d7:75:45:81:24,,,,-84,1,2412,False,False
1778935826.6859555,management,beacon,d8:d7:75:45:81:24,ff:ff:ff:ff:ff:ff,ff:ff:ff:ff:ff:ff,d8:d7:75:45:81:24,d8:d7:75:45:81:24,FunBox2-8124,-47,1,2412,False,False
1778935826.789767,control,ack,,50:02:91:e8:18:ec,50:02:91:e8:18:ec,,,,-48,1,2412,False,False
1778935826.8907828,management,beacon,d8:d7:75:45:81:24,ff:ff:ff:ff:ff:ff,ff:ff:ff:ff:ff:ff,d8:d7:75:45:81:24,d8:d7:75:45:81:24,FunBox2-8124,-43,1,2412,False,False
1778935826.9931643,management,beacon,d8:d7:75:45:81:24,ff:ff:ff:ff:ff:ff,ff:ff:ff:ff:ff:ff,d8:d7:75:45:81:24,d8:d7:75:45:81:24,FunBox2-8124,-43,1,2412,False,False
1778935826.9946964,data,data,d8:d7:75:45:81:24,33:33:00:00:00:16,33:33:00:00:00:16,d8:d7:75:45:81:24,a8:5e:45:c6:9f:b7,,-43,1,2412,True,False
1778935826.995286,control,ack,,d8:d7:75:45:81:24,d8:d7:75:45:81:24,,,,-86,1,2412,False,False
1778935826.9952886,data,null_data,50:02:91:e8:18:ec,d8:d7:75:45:81:24,d8:d7:75:45:81:24,50:02:91:e8:18:ec,d8:d7:75:45:81:24,,-85,1,2412,False,False
1778935826.99529,data,null_data,50:02:91:e8:18:ec,d8:d7:75:45:81:24,d8:d7:75:45:81:24,50:02:91:e8:18:ec,d8:d7:75:45:81:24,,-84,1,2412,False,True
1778935826.995798,data,null_data,50:02:91:e8:18:ec,d8:d7:75:45:81:24,d8:d7:75:45:81:24,50:02:91:e8:18:ec,d8:d7:75:45:81:24,,-85,1,2412,False,True
1778935826.9958,control,ack,,50:02:91:e8:18:ec,50:02:91:e8:18:ec,,,,-42,1,2412,False,False
1778935827.095558,management,beacon,d8:d7:75:45:81:24,ff:ff:ff:ff:ff:ff,ff:ff:ff:ff:ff:ff,d8:d7:75:45:81:24,d8:d7:75:45:81:24,FunBox2-8124,-40,1,2412,False,False
1778935827.110663,data,data,d8:d7:75:45:81:24,01:00:5e:00:00:fb,01:00:5e:00:00:fb,d8:d7:75:45:81:24,76:d9:b6:fc:28:ac,,-44,1,2412,True,False
1778935827.11093,control,ack,,d8:d7:75:45:81:24,d8:d7:75:45:81:24,,,,-83,1,2412,False,False
1778935827.1146817,data,data,d8:d7:75:45:81:24,33:33:00:00:00:fb,33:33:00:00:00:fb,d8:d7:75:45:81:24,76:d9:b6:fc:28:ac,,-41,1,2412,True,False
1778935827.1149716,control,ack,,d8:d7:75:45:81:24,d8:d7:75:45:81:24,,,,-84,1,2412,False,False
1778935827.1979685,management,beacon,d8:d7:75:45:81:24,ff:ff:ff:ff:ff:ff,ff:ff:ff:ff:ff:ff,d8:d7:75:45:81:24,d8:d7:75:45:81:24,FunBox2-8124,-41,1,2412,False,False
1778935827.2530582,data,data,d8:d7:75:45:81:24,01:00:5e:00:00:fb,01:00:5e:00:00:fb,d8:d7:75:45:81:24,8a:f4:af:eb:f3:fb,,-44,1,2412,True,False
1778935827.2533271,control,ack,,d8:d7:75:45:81:24,d8:d7:75:45:81:24,,,,-85,1,2412,False,False
1778935827.25493,data,data,d8:d7:75:45:81:24,33:33:00:00:00:fb,33:33:00:00:00:fb,d8:d7:75:45:81:24,8a:f4:af:eb:f3:fb,,-42,1,2412,True,False
1778935827.2552285,control,ack,,d8:d7:75:45:81:24,d8:d7:75:45:81:24,,,,-83,1,2412,False,False
1778935827.4027865,management,beacon,d8:d7:75:45:81:24,ff:ff:ff:ff:ff:ff,ff:ff:ff:ff:ff:ff,d8:d7:75:45:81:24,d8:d7:75:45:81:24,FunBox2-8124,-45,1,2412,False,False
1778935827.415686,data,null_data,50:02:91:e8:18:ec,d8:d7:75:45:81:24,d8:d7:75:45:81:24,50:02:91:e8:18:ec,d8:d7:75:45:81:24,,-81,1,2412,False,False
1778935827.415695,control,ack,,50:02:91:e8:18:ec,50:02:91:e8:18:ec,,,,-46,1,2412,False,False
1778935827.505171,management,beacon,d8:d7:75:45:81:24,ff:ff:ff:ff:ff:ff,ff:ff:ff:ff:ff:ff,d8:d7:75:45:81:24,d8:d7:75:45:81:24,FunBox2-8124,-42,1,2412,False,False
1778935827.6075876,management,beacon,d8:d7:75:45:81:24,ff:ff:ff:ff:ff:ff,ff:ff:ff:ff:ff:ff,d8:d7:75:45:81:24,d8:d7:75:45:81:24,FunBox2-8124,-44,1,2412,False,False
1778935827.608713,data,data,d8:d7:75:45:81:24,ff:ff:ff:ff:ff:ff,ff:ff:ff:ff:ff:ff,d8:d7:75:45:81:24,76:d9:b6:fc:28:ac,,-42,1,2412,True,False
1778935827.6091712,control,ack,,d8:d7:75:45:81:24,d8:d7:75:45:81:24,,,,-84,1,2412,False,False
1778935827.609173,data,null_data,50:02:91:e8:18:ec,d8:d7:75:45:81:24,d8:d7:75:45:81:24,50:02:91:e8:18:ec,d8:d7:75:45:81:24,,-82,1,2412,False,False
1778935827.609344,data,null_data,50:02:91:e8:18:ec,d8:d7:75:45:81:24,d8:d7:75:45:81:24,50:02:91:e8:18:ec,d8:d7:75:45:81:24,,-83,1,2412,False,True
1778935827.6096687,data,null_data,50:02:91:e8:18:ec,d8:d7:75:45:81:24,d8:d7:75:45:81:24,50:02:91:e8:18:ec,d8:d7:75:45:81:24,,-83,1,2412,False,True
1778935827.6101787,data,null_data,50:02:91:e8:18:ec,d8:d7:75:45:81:24,d8:d7:75:45:81:24,50:02:91:e8:18:ec,d8:d7:75:45:81:24,,-84,1,2412,False,True
1778935827.6101809,control,ack,,50:02:91:e8:18:ec,50:02:91:e8:18:ec,,,,-42,1,2412,False,False
1778935827.672532,data,data,d8:d7:75:45:81:24,ff:ff:ff:ff:ff:ff,ff:ff:ff:ff:ff:ff,d8:d7:75:45:81:24,76:d9:b6:fc:28:ac,,-43,1,2412,True,False
1778935827.6728323,control,ack,,d8:d7:75:45:81:24,d8:d7:75:45:81:24,,,,-82,1,2412,False,False
1778935827.7100332,management,beacon,d8:d7:75:45:81:24,ff:ff:ff:ff:ff:ff,ff:ff:ff:ff:ff:ff,d8:d7:75:45:81:24,d8:d7:75:45:81:24,FunBox2-8124,-47,1,2412,False,False
1778935827.8333266,data,null_data,50:02:91:e8:18:ec,d8:d7:75:45:81:24,d8:d7:75:45:81:24,50:02:91:e8:18:ec,d8:d7:75:45:81:24,,-82,1,2412,False,False
1778935827.833335,control,ack,,50:02:91:e8:18:ec,50:02:91:e8:18:ec,,,,-45,1,2412,False,False
1778935827.9148345,management,beacon,d8:d7:75:45:81:24,ff:ff:ff:ff:ff:ff,ff:ff:ff:ff:ff:ff,d8:d7:75:45:81:24,d8:d7:75:45:81:24,FunBox2-8124,-44,1,2412,False,False
1778935827.9159381,data,null_data,50:02:91:e8:18:ec,d8:d7:75:45:81:24,d8:d7:75:45:81:24,50:02:91:e8:18:ec,d8:d7:75:45:81:24,,-83,1,2412,False,False
1778935827.9161422,data,null_data,50:02:91:e8:18:ec,d8:d7:75:45:81:24,d8:d7:75:45:81:24,50:02:91:e8:18:ec,d8:d7:75:45:81:24,,-83,1,2412,False,True
1778935827.916636,data,null_data,50:02:91:e8:18:ec,d8:d7:75:45:81:24,d8:d7:75:45:81:24,50:02:91:e8:18:ec,d8:d7:75:45:81:24,,-83,1,2412,False,True
1778935827.9166381,control,ack,,50:02:91:e8:18:ec,50:02:91:e8:18:ec,,,,-43,1,2412,False,False
1778935827.9188142,data,qos_null,d8:d7:75:45:81:24,50:02:91:e8:18:ec,50:02:91:e8:18:ec,d8:d7:75:45:81:24,d8:d7:75:45:81:24,,-46,1,2412,False,False
1778935827.9191108,control,ack,,d8:d7:75:45:81:24,d8:d7:75:45:81:24,,,,-84,1,2412,False,False
1778935828.017221,management,beacon,d8:d7:75:45:81:24,ff:ff:ff:ff:ff:ff,ff:ff:ff:ff:ff:ff,d8:d7:75:45:81:24,d8:d7:75:45:81:24,FunBox2-8124,-43,1,2412,False,False
1778935828.0547137,data,data,d8:d7:75:45:81:24,ff:ff:ff:ff:ff:ff,ff:ff:ff:ff:ff:ff,d8:d7:75:45:81:24,76:d9:b6:fc:28:ac,,-43,1,2412,True,False
1778935828.0550022,control,ack,,d8:d7:75:45:81:24,d8:d7:75:45:81:24,,,,-83,1,2412,False,False
1778935828.1195984,management,beacon,d8:d7:75:45:81:24,ff:ff:ff:ff:ff:ff,ff:ff:ff:ff:ff:ff,d8:d7:75:45:81:24,d8:d7:75:45:81:24,FunBox2-8124,-45,1,2412,False,False
1778935828.2154696,data,null_data,50:02:91:e8:18:ec,d8:d7:75:45:81:24,d8:d7:75:45:81:24,50:02:91:e8:18:ec,d8:d7:75:45:81:24,,-82,1,2412,False,False
1778935828.2154782,control,ack,,50:02:91:e8:18:ec,50:02:91:e8:18:ec,,,,-46,1,2412,False,False
1778935828.222253,management,beacon,d8:d7:75:45:81:24,ff:ff:ff:ff:ff:ff,ff:ff:ff:ff:ff:ff,d8:d7:75:45:81:24,d8:d7:75:45:81:24,FunBox2-8124,-43,1,2412,False,False
1778935828.4268234,management,beacon,d8:d7:75:45:81:24,ff:ff:ff:ff:ff:ff,ff:ff:ff:ff:ff:ff,d8:d7:75:45:81:24,d8:d7:75:45:81:24,FunBox2-8124,-44,1,2412,False,False
1778935828.5292099,management,beacon,d8:d7:75:45:81:24,ff:ff:ff:ff:ff:ff,ff:ff:ff:ff:ff:ff,d8:d7:75:45:81:24,d8:d7:75:45:81:24,FunBox2-8124,-43,1,2412,False,False
1778935828.5338094,data,data,d8:d7:75:45:81:24,01:00:5e:00:00:fb,01:00:5e:00:00:fb,d8:d7:75:45:81:24,76:d9:b6:fc:28:ac,,-43,1,2412,True,False
1778935828.534091,control,ack,,d8:d7:75:45:81:24,d8:d7:75:45:81:24,,,,-84,1,2412,False,False
1778935828.5408711,data,data,d8:d7:75:45:81:24,33:33:00:00:00:fb,33:33:00:00:00:fb,d8:d7:75:45:81:24,76:d9:b6:fc:28:ac,,-43,1,2412,True,False
1778935828.5585573,data,data,d8:d7:75:45:81:24,33:33:00:00:00:fb,33:33:00:00:00:fb,d8:d7:75:45:81:24,76:d9:b6:fc:28:ac,,-44,1,2412,True,False
1778935828.5588486,control,ack,,d8:d7:75:45:81:24,d8:d7:75:45:81:24,,,,-88,1,2412,False,False
1778935828.6316247,management,beacon,d8:d7:75:45:81:24,ff:ff:ff:ff:ff:ff,ff:ff:ff:ff:ff:ff,d8:d7:75:45:81:24,d8:d7:75:45:81:24,FunBox2-8124,-46,1,2412,False,False
1778935828.7193446,control,ack,,50:02:91:e8:18:ec,50:02:91:e8:18:ec,,,,-46,1,2412,False,False
1778935828.734067,management,beacon,d8:d7:75:45:81:24,ff:ff:ff:ff:ff:ff,ff:ff:ff:ff:ff:ff,d8:d7:75:45:81:24,d8:d7:75:45:81:24,FunBox2-8124,-43,1,2412,False,False
1778935828.9388363,management,beacon,d8:d7:75:45:81:24,ff:ff:ff:ff:ff:ff,ff:ff:ff:ff:ff:ff,d8:d7:75:45:81:24,d8:d7:75:45:81:24,FunBox2-8124,-43,1,2412,False,False
1778935829.041229,management,beacon,d8:d7:75:45:81:24,ff:ff:ff:ff:ff:ff,ff:ff:ff:ff:ff:ff,d8:d7:75:45:81:24,d8:d7:75:45:81:24,FunBox2-8124,-46,1,2412,False,False
1778935829.143644,management,beacon,d8:d7:75:45:81:24,ff:ff:ff:ff:ff:ff,ff:ff:ff:ff:ff:ff,d8:d7:75:45:81:24,d8:d7:75:45:81:24,FunBox2-8124,-45,1,2412,False,False
1778935829.1447861,data,data,d8:d7:75:45:81:24,33:33:00:00:00:02,33:33:00:00:00:02,d8:d7:75:45:81:24,76:d9:b6:fc:28:ac,,-44,1,2412,True,False
1778935829.1452487,data,null_data,50:02:91:e8:18:ec,d8:d7:75:45:81:24,d8:d7:75:45:81:24,50:02:91:e8:18:ec,d8:d7:75:45:81:24,,-84,1,2412,False,False
1778935829.1461263,data,null_data,50:02:91:e8:18:ec,d8:d7:75:45:81:24,d8:d7:75:45:81:24,50:02:91:e8:18:ec,d8:d7:75:45:81:24,,-86,1,2412,False,True
1778935829.1466935,data,null_data,50:02:91:e8:18:ec,d8:d7:75:45:81:24,d8:d7:75:45:81:24,50:02:91:e8:18:ec,d8:d7:75:45:81:24,,-84,1,2412,False,True
1778935829.1472678,data,null_data,50:02:91:e8:18:ec,d8:d7:75:45:81:24,d8:d7:75:45:81:24,50:02:91:e8:18:ec,d8:d7:75:45:81:24,,-86,1,2412,False,True
1778935829.147809,data,null_data,50:02:91:e8:18:ec,d8:d7:75:45:81:24,d8:d7:75:45:81:24,50:02:91:e8:18:ec,d8:d7:75:45:81:24,,-85,1,2412,False,True
1778935829.1481228,control,ack,,50:02:91:e8:18:ec,50:02:91:e8:18:ec,,,,-44,1,2412,False,False
1778935829.2460551,management,beacon,d8:d7:75:45:81:24,ff:ff:ff:ff:ff:ff,ff:ff:ff:ff:ff:ff,d8:d7:75:45:81:24,d8:d7:75:45:81:24,FunBox2-8124,-42,1,2412,False,False
1778935829.3091931,control,ack,,50:02:91:e8:18:ec,50:02:91:e8:18:ec,,,,-47,1,2412,False,False
1778935829.3511014,management,beacon,d8:d7:75:45:81:24,ff:ff:ff:ff:ff:ff,ff:ff:ff:ff:ff:ff,d8:d7:75:45:81:24,d8:d7:75:45:81:24,FunBox2-8124,-44,1,2412,False,False
1778935829.4508786,management,beacon,d8:d7:75:45:81:24,ff:ff:ff:ff:ff:ff,ff:ff:ff:ff:ff:ff,d8:d7:75:45:81:24,d8:d7:75:45:81:24,FunBox2-8124,-46,1,2412,False,False
1778935829.4533367,management,beacon,ac:84:c6:41:71:22,ff:ff:ff:ff:ff:ff,ff:ff:ff:ff:ff:ff,ac:84:c6:41:71:22,ac:84:c6:41:71:22,TP-LINK_7122,-91,1,2412,False,False
1778935829.5532994,management,beacon,d8:d7:75:45:81:24,ff:ff:ff:ff:ff:ff,ff:ff:ff:ff:ff:ff,d8:d7:75:45:81:24,d8:d7:75:45:81:24,FunBox2-8124,-45,1,2412,False,False
1778935829.5716138,control,ack,,ce:d0:54:70:b1:b3,ce:d0:54:70:b1:b3,,,,-87,1,2412,False,False
1778935829.655696,management,beacon,d8:d7:75:45:81:24,ff:ff:ff:ff:ff:ff,ff:ff:ff:ff:ff:ff,d8:d7:75:45:81:24,d8:d7:75:45:81:24,FunBox2-8124,-46,1,2412,False,False
1778935829.7580898,management,beacon,d8:d7:75:45:81:24,ff:ff:ff:ff:ff:ff,ff:ff:ff:ff:ff:ff,d8:d7:75:45:81:24,d8:d7:75:45:81:24,FunBox2-8124,-44,1,2412,False,False
1778935829.7605438,management,beacon,ac:84:c6:41:71:22,ff:ff:ff:ff:ff:ff,ff:ff:ff:ff:ff:ff,ac:84:c6:41:71:22,ac:84:c6:41:71:22,TP-LINK_7122,-88,1,2412,False,False
1778935829.8604805,management,beacon,d8:d7:75:45:81:24,ff:ff:ff:ff:ff:ff,ff:ff:ff:ff:ff:ff,d8:d7:75:45:81:24,d8:d7:75:45:81:24,FunBox2-8124,-47,1,2412,False,False
1778935829.9629164,management,beacon,d8:d7:75:45:81:24,ff:ff:ff:ff:ff:ff,ff:ff:ff:ff:ff:ff,d8:d7:75:45:81:24,d8:d7:75:45:81:24,FunBox2-8124,-45,1,2412,False,False
1778935830.0652678,management,beacon,d8:d7:75:45:81:24,ff:ff:ff:ff:ff:ff,ff:ff:ff:ff:ff:ff,d8:d7:75:45:81:24,d8:d7:75:45:81:24,FunBox2-8124,-46,1,2412,False,False
1778935830.0677292,management,beacon,ac:84:c6:41:71:22,ff:ff:ff:ff:ff:ff,ff:ff:ff:ff:ff:ff,ac:84:c6:41:71:22,ac:84:c6:41:71:22,TP-LINK_7122,-88,1,2412,False,False
1778935830.0695958,data,data,d8:d7:75:45:81:24,33:33:00:00:00:01,33:33:00:00:00:01,d8:d7:75:45:81:24,d8:d7:75:45:81:24,,-44,1,2412,True,False
1778935830.06992,control,ack,,d8:d7:75:45:81:24,d8:d7:75:45:81:24,,,,-85,1,2412,False,False
1778935830.0715744,data,data,d8:d7:75:45:81:24,33:33:00:00:00:16,33:33:00:00:00:16,d8:d7:75:45:81:24,a8:5e:45:c6:9f:b7,,-42,1,2412,True,False
1778935830.07185,control,ack,,d8:d7:75:45:81:24,d8:d7:75:45:81:24,,,,-85,1,2412,False,False
1778935830.1676645,management,beacon,d8:d7:75:45:81:24,ff:ff:ff:ff:ff:ff,ff:ff:ff:ff:ff:ff,d8:d7:75:45:81:24,d8:d7:75:45:81:24,FunBox2-8124,-42,1,2412,False,False
1778935830.2701044,management,beacon,d8:d7:75:45:81:24,ff:ff:ff:ff:ff:ff,ff:ff:ff:ff:ff:ff,d8:d7:75:45:81:24,d8:d7:75:45:81:24,FunBox2-8124,-46,1,2412,False,False
1778935830.2725856,management,beacon,ac:84:c6:41:71:22,ff:ff:ff:ff:ff:ff,ff:ff:ff:ff:ff:ff,ac:84:c6:41:71:22,ac:84:c6:41:71:22,TP-LINK_7122,-87,1,2412,False,False
1778935830.3724945,management,beacon,d8:d7:75:45:81:24,ff:ff:ff:ff:ff:ff,ff:ff:ff:ff:ff:ff,d8:d7:75:45:81:24,d8:d7:75:45:81:24,FunBox2-8124,-44,1,2412,False,False
1778935830.3755698,data,null_data,50:02:91:e8:18:ec,d8:d7:75:45:81:24,d8:d7:75:45:81:24,50:02:91:e8:18:ec,d8:d7:75:45:81:24,,-85,1,2412,False,True
1778935830.3758671,control,ack,,50:02:91:e8:18:ec,50:02:91:e8:18:ec,,,,-45,1,2412,False,False
1778935830.3774335,data,data,d8:d7:75:45:81:24,01:00:5e:00:00:fb,01:00:5e:00:00:fb,d8:d7:75:45:81:24,8a:f4:af:eb:f3:fb,,-42,1,2412,True,False
1778935830.3777285,control,ack,,d8:d7:75:45:81:24,d8:d7:75:45:81:24,,,,-85,1,2412,False,False
1778935830.3793616,data,data,d8:d7:75:45:81:24,33:33:00:00:00:fb,33:33:00:00:00:fb,d8:d7:75:45:81:24,8a:f4:af:eb:f3:fb,,-44,1,2412,True,False
1778935830.3796892,control,ack,,d8:d7:75:45:81:24,d8:d7:75:45:81:24,,,,-86,1,2412,False,False
1778935830.4637785,management,probe_request,e2:cf:3f:76:1e:9d,ff:ff:ff:ff:ff:ff,ff:ff:ff:ff:ff:ff,e2:cf:3f:76:1e:9d,ff:ff:ff:ff:ff:ff,<hidden>,-31,1,2412,False,False
1778935830.4640882,control,ack,,e2:cf:3f:76:1e:9d,e2:cf:3f:76:1e:9d,,,,-86,1,2412,False,False
1778935830.4673305,management,probe_response,d8:d7:75:45:81:24,e2:cf:3f:76:1e:9d,e2:cf:3f:76:1e:9d,d8:d7:75:45:81:24,d8:d7:75:45:81:24,FunBox2-8124,-42,1,2412,False,False
1778935830.4676402,control,ack,,d8:d7:75:45:81:24,d8:d7:75:45:81:24,,,,-30,1,2412,False,False
1778935830.474458,management,probe_response,ac:84:c6:41:71:22,e2:cf:3f:76:1e:9d,e2:cf:3f:76:1e:9d,ac:84:c6:41:71:22,ac:84:c6:41:71:22,TP-LINK_7122,-88,1,2412,False,True
1778935830.4747443,control,ack,,ac:84:c6:41:71:22,ac:84:c6:41:71:22,,,,-31,1,2412,False,False
1778935830.5278392,management,probe_request,e2:cf:3f:76:1e:9d,ff:ff:ff:ff:ff:ff,ff:ff:ff:ff:ff:ff,e2:cf:3f:76:1e:9d,ff:ff:ff:ff:ff:ff,<hidden>,-32,1,2412,False,False
1778935830.5281212,control,ack,,e2:cf:3f:76:1e:9d,e2:cf:3f:76:1e:9d,,,,-86,1,2412,False,False
1778935830.5772932,management,beacon,d8:d7:75:45:81:24,ff:ff:ff:ff:ff:ff,ff:ff:ff:ff:ff:ff,d8:d7:75:45:81:24,d8:d7:75:45:81:24,FunBox2-8124,-46,1,2412,False,False
1778935830.5951395,management,probe_response,d8:d7:75:45:81:24,e2:cf:3f:76:1e:9d,e2:cf:3f:76:1e:9d,d8:d7:75:45:81:24,d8:d7:75:45:81:24,FunBox2-8124,-44,1,2412,False,False
1778935830.6030982,management,probe_response,d8:d7:75:45:81:24,e2:cf:3f:76:1e:9d,e2:cf:3f:76:1e:9d,d8:d7:75:45:81:24,d8:d7:75:45:81:24,FunBox2-8124,-41,1,2412,False,True
1778935830.6073618,management,probe_response,d8:d7:75:45:81:24,e2:cf:3f:76:1e:9d,e2:cf:3f:76:1e:9d,d8:d7:75:45:81:24,d8:d7:75:45:81:24,FunBox2-8124,-41,1,2412,False,True
1778935830.6112545,management,probe_response,d8:d7:75:45:81:24,e2:cf:3f:76:1e:9d,e2:cf:3f:76:1e:9d,d8:d7:75:45:81:24,d8:d7:75:45:81:24,FunBox2-8124,-42,1,2412,False,True
1778935830.6590137,management,probe_response,d8:d7:75:45:81:24,e2:cf:3f:76:1e:9d,e2:cf:3f:76:1e:9d,d8:d7:75:45:81:24,d8:d7:75:45:81:24,FunBox2-8124,-46,1,2412,False,False
1778935830.6679235,management,probe_response,d8:d7:75:45:81:24,e2:cf:3f:76:1e:9d,e2:cf:3f:76:1e:9d,d8:d7:75:45:81:24,d8:d7:75:45:81:24,FunBox2-8124,-45,1,2412,False,True
1778935830.6719255,management,probe_response,d8:d7:75:45:81:24,e2:cf:3f:76:1e:9d,e2:cf:3f:76:1e:9d,d8:d7:75:45:81:24,d8:d7:75:45:81:24,FunBox2-8124,-43,1,2412,False,True
1778935830.6765177,management,probe_response,d8:d7:75:45:81:24,e2:cf:3f:76:1e:9d,e2:cf:3f:76:1e:9d,d8:d7:75:45:81:24,d8:d7:75:45:81:24,FunBox2-8124,-43,1,2412,False,True
1778935830.6799462,management,beacon,d8:d7:75:45:81:24,ff:ff:ff:ff:ff:ff,ff:ff:ff:ff:ff:ff,d8:d7:75:45:81:24,d8:d7:75:45:81:24,FunBox2-8124,-42,1,2412,False,False
1778935830.684933,data,data,d8:d7:75:45:81:24,33:33:00:00:00:16,33:33:00:00:00:16,d8:d7:75:45:81:24,a8:5e:45:c6:9f:b7,,-42,1,2412,True,False
1778935830.7821097,management,beacon,d8:d7:75:45:81:24,ff:ff:ff:ff:ff:ff,ff:ff:ff:ff:ff:ff,d8:d7:75:45:81:24,d8:d7:75:45:81:24,FunBox2-8124,-41,1,2412,False,False
1778935830.7837481,management,probe_request,e2:cf:3f:76:1e:9d,ff:ff:ff:ff:ff:ff,ff:ff:ff:ff:ff:ff,e2:cf:3f:76:1e:9d,ff:ff:ff:ff:ff:ff,<hidden>,-70,1,2412,False,False
1778935830.8444102,data,null_data,50:02:91:e8:18:ec,d8:d7:75:45:81:24,d8:d7:75:45:81:24,50:02:91:e8:18:ec,d8:d7:75:45:81:24,,-86,1,2412,False,False
1778935830.8444197,control,ack,,50:02:91:e8:18:ec,50:02:91:e8:18:ec,,,,-46,1,2412,False,False
1778935830.8448374,control,ack,,50:02:91:e8:18:ec,50:02:91:e8:18:ec,,,,-45,1,2412,False,False
1778935830.8845532,management,beacon,d8:d7:75:45:81:24,ff:ff:ff:ff:ff:ff,ff:ff:ff:ff:ff:ff,d8:d7:75:45:81:24,d8:d7:75:45:81:24,FunBox2-8124,-43,1,2412,False,False
1778935830.9869058,management,beacon,d8:d7:75:45:81:24,ff:ff:ff:ff:ff:ff,ff:ff:ff:ff:ff:ff,d8:d7:75:45:81:24,d8:d7:75:45:81:24,FunBox2-8124,-49,1,2412,False,False
1778935831.089355,management,beacon,d8:d7:75:45:81:24,ff:ff:ff:ff:ff:ff,ff:ff:ff:ff:ff:ff,d8:d7:75:45:81:24,d8:d7:75:45:81:24,FunBox2-8124,-47,1,2412,False,False
1778935831.191735,management,beacon,d8:d7:75:45:81:24,ff:ff:ff:ff:ff:ff,ff:ff:ff:ff:ff:ff,d8:d7:75:45:81:24,d8:d7:75:45:81:24,FunBox2-8124,-46,1,2412,False,False
1778935831.2941647,management,beacon,d8:d7:75:45:81:24,ff:ff:ff:ff:ff:ff,ff:ff:ff:ff:ff:ff,d8:d7:75:45:81:24,d8:d7:75:45:81:24,FunBox2-8124,-47,1,2412,False,False
1778935831.2973702,data,null_data,50:02:91:e8:18:ec,d8:d7:75:45:81:24,d8:d7:75:45:81:24,50:02:91:e8:18:ec,d8:d7:75:45:81:24,,-87,1,2412,False,True
1778935831.2976859,control,ack,,50:02:91:e8:18:ec,50:02:91:e8:18:ec,,,,-48,1,2412,False,False
1778935831.3190238,data,data,d8:d7:75:45:81:24,33:33:00:00:00:fb,33:33:00:00:00:fb,d8:d7:75:45:81:24,76:d9:b6:fc:28:ac,,-42,1,2412,True,False
1778935831.3973088,management,beacon,d8:d7:75:45:81:24,ff:ff:ff:ff:ff:ff,ff:ff:ff:ff:ff:ff,d8:d7:75:45:81:24,d8:d7:75:45:81:24,FunBox2-8124,-49,1,2412,False,False
1778935831.479784,data,null_data,50:02:91:e8:18:ec,d8:d7:75:45:81:24,d8:d7:75:45:81:24,50:02:91:e8:18:ec,d8:d7:75:45:81:24,,-85,1,2412,False,False
1778935831.4798179,control,ack,,50:02:91:e8:18:ec,50:02:91:e8:18:ec,,,,-48,1,2412,False,False
1778935831.498956,management,beacon,d8:d7:75:45:81:24,ff:ff:ff:ff:ff:ff,ff:ff:ff:ff:ff:ff,d8:d7:75:45:81:24,d8:d7:75:45:81:24,FunBox2-8124,-49,1,2412,False,False
1778935831.6013732,management,beacon,d8:d7:75:45:81:24,ff:ff:ff:ff:ff:ff,ff:ff:ff:ff:ff:ff,d8:d7:75:45:81:24,d8:d7:75:45:81:24,FunBox2-8124,-50,1,2412,False,False
1778935831.8061635,management,beacon,d8:d7:75:45:81:24,ff:ff:ff:ff:ff:ff,ff:ff:ff:ff:ff:ff,d8:d7:75:45:81:24,d8:d7:75:45:81:24,FunBox2-8124,-47,1,2412,False,False
1778935831.9085488,management,beacon,d8:d7:75:45:81:24,ff:ff:ff:ff:ff:ff,ff:ff:ff:ff:ff:ff,d8:d7:75:45:81:24,d8:d7:75:45:81:24,FunBox2-8124,-48,1,2412,False,False
1778935832.0109267,management,beacon,d8:d7:75:45:81:24,ff:ff:ff:ff:ff:ff,ff:ff:ff:ff:ff:ff,d8:d7:75:45:81:24,d8:d7:75:45:81:24,FunBox2-8124,-49,1,2412,False,False
1778935832.1133459,management,beacon,d8:d7:75:45:81:24,ff:ff:ff:ff:ff:ff,ff:ff:ff:ff:ff:ff,d8:d7:75:45:81:24,d8:d7:75:45:81:24,FunBox2-8124,-47,1,2412,False,False
1778935832.2181969,management,beacon,ac:84:c6:41:71:22,ff:ff:ff:ff:ff:ff,ff:ff:ff:ff:ff:ff,ac:84:c6:41:71:22,ac:84:c6:41:71:22,TP-LINK_7122,-88,1,2412,False,False
1778935832.3181946,management,beacon,d8:d7:75:45:81:24,ff:ff:ff:ff:ff:ff,ff:ff:ff:ff:ff:ff,d8:d7:75:45:81:24,d8:d7:75:45:81:24,FunBox2-8124,-49,1,2412,False,False
1778935832.4206114,management,beacon,d8:d7:75:45:81:24,ff:ff:ff:ff:ff:ff,ff:ff:ff:ff:ff:ff,d8:d7:75:45:81:24,d8:d7:75:45:81:24,FunBox2-8124,-48,1,2412,False,False
1778935832.522998,management,beacon,d8:d7:75:45:81:24,ff:ff:ff:ff:ff:ff,ff:ff:ff:ff:ff:ff,d8:d7:75:45:81:24,d8:d7:75:45:81:24,FunBox2-8124,-42,1,2412,False,False
1778935832.62536,management,beacon,d8:d7:75:45:81:24,ff:ff:ff:ff:ff:ff,ff:ff:ff:ff:ff:ff,d8:d7:75:45:81:24,d8:d7:75:45:81:24,FunBox2-8124,-41,1,2412,False,False
1778935832.830174,management,beacon,d8:d7:75:45:81:24,ff:ff:ff:ff:ff:ff,ff:ff:ff:ff:ff:ff,d8:d7:75:45:81:24,d8:d7:75:45:81:24,FunBox2-8124,-48,1,2412,False,False
1778935833.0349805,management,beacon,d8:d7:75:45:81:24,ff:ff:ff:ff:ff:ff,ff:ff:ff:ff:ff:ff,d8:d7:75:45:81:24,d8:d7:75:45:81:24,FunBox2-8124,-49,1,2412,False,False
1778935833.137428,management,beacon,d8:d7:75:45:81:24,ff:ff:ff:ff:ff:ff,ff:ff:ff:ff:ff:ff,d8:d7:75:45:81:24,d8:d7:75:45:81:24,FunBox2-8124,-48,1,2412,False,False
1778935833.1390238,data,null_data,50:02:91:e8:18:ec,d8:d7:75:45:81:24,d8:d7:75:45:81:24,50:02:91:e8:18:ec,d8:d7:75:45:81:24,,-85,1,2412,False,True
1778935833.1404166,data,null_data,50:02:91:e8:18:ec,d8:d7:75:45:81:24,d8:d7:75:45:81:24,50:02:91:e8:18:ec,d8:d7:75:45:81:24,,-87,1,2412,False,True
1778935833.140732,control,ack,,50:02:91:e8:18:ec,50:02:91:e8:18:ec,,,,-42,1,2412,False,False
1778935833.239874,management,beacon,d8:d7:75:45:81:24,ff:ff:ff:ff:ff:ff,ff:ff:ff:ff:ff:ff,d8:d7:75:45:81:24,d8:d7:75:45:81:24,FunBox2-8124,-42,1,2412,False,False
1778935833.301787,control,ack,,50:02:91:e8:18:ec,50:02:91:e8:18:ec,,,,-47,1,2412,False,False
1778935833.342216,management,beacon,d8:d7:75:45:81:24,ff:ff:ff:ff:ff:ff,ff:ff:ff:ff:ff:ff,d8:d7:75:45:81:24,d8:d7:75:45:81:24,FunBox2-8124,-42,1,2412,False,False
1778935833.547023,management,beacon,d8:d7:75:45:81:24,ff:ff:ff:ff:ff:ff,ff:ff:ff:ff:ff:ff,d8:d7:75:45:81:24,d8:d7:75:45:81:24,FunBox2-8124,-48,1,2412,False,False
1778935833.5525627,control,ack,,50:02:91:e8:18:ec,50:02:91:e8:18:ec,,,,-48,1,2412,False,False
1778935833.651887,management,beacon,d8:d7:75:45:81:24,ff:ff:ff:ff:ff:ff,ff:ff:ff:ff:ff:ff,d8:d7:75:45:81:24,d8:d7:75:45:81:24,FunBox2-8124,-50,1,2412,False,False
1778935833.7134466,data,null_data,50:02:91:e8:18:ec,d8:d7:75:45:81:24,d8:d7:75:45:81:24,50:02:91:e8:18:ec,d8:d7:75:45:81:24,,-83,1,2412,False,False
1778935833.713465,control,ack,,50:02:91:e8:18:ec,50:02:91:e8:18:ec,,,,-49,1,2412,False,False
1778935833.8542325,management,beacon,d8:d7:75:45:81:24,ff:ff:ff:ff:ff:ff,ff:ff:ff:ff:ff:ff,d8:d7:75:45:81:24,d8:d7:75:45:81:24,FunBox2-8124,-51,1,2412,False,False
1778935834.0590332,management,beacon,d8:d7:75:45:81:24,ff:ff:ff:ff:ff:ff,ff:ff:ff:ff:ff:ff,d8:d7:75:45:81:24,d8:d7:75:45:81:24,FunBox2-8124,-50,1,2412,False,False
1778935834.1614556,management,beacon,d8:d7:75:45:81:24,ff:ff:ff:ff:ff:ff,ff:ff:ff:ff:ff:ff,d8:d7:75:45:81:24,d8:d7:75:45:81:24,FunBox2-8124,-48,1,2412,False,False
1778935834.2638197,management,beacon,d8:d7:75:45:81:24,ff:ff:ff:ff:ff:ff,ff:ff:ff:ff:ff:ff,d8:d7:75:45:81:24,d8:d7:75:45:81:24,FunBox2-8124,-51,1,2412,False,False
1778935834.433515,control,ack,,dc:a9:71:95:8d:5a,dc:a9:71:95:8d:5a,,,,-85,1,2412,False,False
1778935834.436665,control,ack,,98:42:65:a1:04:0a,98:42:65:a1:04:0a,,,,-88,1,2412,False,False
1778935834.4378555,control,ack,,dc:a9:71:95:8d:5a,dc:a9:71:95:8d:5a,,,,-84,1,2412,False,False
1778935834.4410858,control,ack,,98:42:65:a1:04:0a,98:42:65:a1:04:0a,,,,-84,1,2412,False,False
1778935834.67345,management,beacon,d8:d7:75:45:81:24,ff:ff:ff:ff:ff:ff,ff:ff:ff:ff:ff:ff,d8:d7:75:45:81:24,d8:d7:75:45:81:24,FunBox2-8124,-41,1,2412,False,False
1778935834.6753395,data,null_data,50:02:91:e8:18:ec,d8:d7:75:45:81:24,d8:d7:75:45:81:24,50:02:91:e8:18:ec,d8:d7:75:45:81:24,,-87,1,2412,False,True
1778935834.6753428,control,ack,,50:02:91:e8:18:ec,50:02:91:e8:18:ec,,,,-44,1,2412,False,False
1778935834.8362231,control,ack,,50:02:91:e8:18:ec,50:02:91:e8:18:ec,,,,-45,1,2412,False,False
1778935834.878286,management,beacon,d8:d7:75:45:81:24,ff:ff:ff:ff:ff:ff,ff:ff:ff:ff:ff:ff,d8:d7:75:45:81:24,d8:d7:75:45:81:24,FunBox2-8124,-44,1,2412,False,False
1778935835.0830529,management,beacon,d8:d7:75:45:81:24,ff:ff:ff:ff:ff:ff,ff:ff:ff:ff:ff:ff,d8:d7:75:45:81:24,d8:d7:75:45:81:24,FunBox2-8124,-43,1,2412,False,False
1778935835.1855013,management,beacon,d8:d7:75:45:81:24,ff:ff:ff:ff:ff:ff,ff:ff:ff:ff:ff:ff,d8:d7:75:45:81:24,d8:d7:75:45:81:24,FunBox2-8124,-42,1,2412,False,False
1778935835.2899861,data,data,d8:d7:75:45:81:24,01:00:5e:00:00:fb,01:00:5e:00:00:fb,d8:d7:75:45:81:24,76:d9:b6:fc:28:ac,,-42,1,2412,True,False
1778935835.2904794,control,ack,,d8:d7:75:45:81:24,d8:d7:75:45:81:24,,,,-85,1,2412,False,False
1778935835.2904825,data,null_data,50:02:91:e8:18:ec,d8:d7:75:45:81:24,d8:d7:75:45:81:24,50:02:91:e8:18:ec,d8:d7:75:45:81:24,,-82,1,2412,False,False
1778935835.2904837,control,ack,,50:02:91:e8:18:ec,50:02:91:e8:18:ec,,,,-46,1,2412,False,False
1778935835.2928274,data,data,d8:d7:75:45:81:24,33:33:00:00:00:fb,33:33:00:00:00:fb,d8:d7:75:45:81:24,76:d9:b6:fc:28:ac,,-42,1,2412,True,False
1778935835.2931333,control,ack,,d8:d7:75:45:81:24,d8:d7:75:45:81:24,,,,-84,1,2412,False,False
1778935835.453569,data,null_data,50:02:91:e8:18:ec,d8:d7:75:45:81:24,d8:d7:75:45:81:24,50:02:91:e8:18:ec,d8:d7:75:45:81:24,,-85,1,2412,False,False
1778935835.4535837,control,ack,,50:02:91:e8:18:ec,50:02:91:e8:18:ec,,,,-50,1,2412,False,False
1778935835.5950727,management,beacon,d8:d7:75:45:81:24,ff:ff:ff:ff:ff:ff,ff:ff:ff:ff:ff:ff,d8:d7:75:45:81:24,d8:d7:75:45:81:24,FunBox2-8124,-48,1,2412,False,False
1778935835.745126,control,rts,ac:84:c6:41:71:22,ce:d0:54:70:b1:b3,ce:d0:54:70:b1:b3,ac:84:c6:41:71:22,,,-87,1,2412,False,False
1778935835.7998898,management,beacon,d8:d7:75:45:81:24,ff:ff:ff:ff:ff:ff,ff:ff:ff:ff:ff:ff,d8:d7:75:45:81:24,d8:d7:75:45:81:24,FunBox2-8124,-48,1,2412,False,False
1778935835.8412697,control,ack,,98:42:65:a1:04:0a,98:42:65:a1:04:0a,,,,-87,1,2412,False,False
1778935835.9040122,management,beacon,d8:d7:75:45:81:24,ff:ff:ff:ff:ff:ff,ff:ff:ff:ff:ff:ff,d8:d7:75:45:81:24,d8:d7:75:45:81:24,FunBox2-8124,-49,1,2412,False,False
1778935836.1071336,management,beacon,d8:d7:75:45:81:24,ff:ff:ff:ff:ff:ff,ff:ff:ff:ff:ff:ff,d8:d7:75:45:81:24,d8:d7:75:45:81:24,FunBox2-8124,-47,1,2412,False,False
1778935836.2103472,management,beacon,d8:d7:75:45:81:24,ff:ff:ff:ff:ff:ff,ff:ff:ff:ff:ff:ff,d8:d7:75:45:81:24,d8:d7:75:45:81:24,FunBox2-8124,-49,1,2412,False,False
1778935836.3119059,management,beacon,d8:d7:75:45:81:24,ff:ff:ff:ff:ff:ff,ff:ff:ff:ff:ff:ff,d8:d7:75:45:81:24,d8:d7:75:45:81:24,FunBox2-8124,-47,1,2412,False,False
1778935836.4143622,management,beacon,d8:d7:75:45:81:24,ff:ff:ff:ff:ff:ff,ff:ff:ff:ff:ff:ff,d8:d7:75:45:81:24,d8:d7:75:45:81:24,FunBox2-8124,-46,1,2412,False,False
1778935836.619124,management,beacon,d8:d7:75:45:81:24,ff:ff:ff:ff:ff:ff,ff:ff:ff:ff:ff:ff,d8:d7:75:45:81:24,d8:d7:75:45:81:24,FunBox2-8124,-47,1,2412,False,False
1778935836.7216728,management,beacon,d8:d7:75:45:81:24,ff:ff:ff:ff:ff:ff,ff:ff:ff:ff:ff:ff,d8:d7:75:45:81:24,d8:d7:75:45:81:24,FunBox2-8124,-47,1,2412,False,False
1778935836.8239462,management,beacon,d8:d7:75:45:81:24,ff:ff:ff:ff:ff:ff,ff:ff:ff:ff:ff:ff,d8:d7:75:45:81:24,d8:d7:75:45:81:24,FunBox2-8124,-45,1,2412,False,False
1778935836.9263997,management,beacon,d8:d7:75:45:81:24,ff:ff:ff:ff:ff:ff,ff:ff:ff:ff:ff:ff,d8:d7:75:45:81:24,d8:d7:75:45:81:24,FunBox2-8124,-49,1,2412,False,False
1778935837.1323366,data,null_data,50:02:91:e8:18:ec,d8:d7:75:45:81:24,d8:d7:75:45:81:24,50:02:91:e8:18:ec,d8:d7:75:45:81:24,,-84,1,2412,False,False
1778935837.1323502,control,ack,,50:02:91:e8:18:ec,50:02:91:e8:18:ec,,,,-49,1,2412,False,False
1778935837.1325407,control,ack,,50:02:91:e8:18:ec,50:02:91:e8:18:ec,,,,-46,1,2412,False,False
1778935837.2335627,management,beacon,d8:d7:75:45:81:24,ff:ff:ff:ff:ff:ff,ff:ff:ff:ff:ff:ff,d8:d7:75:45:81:24,d8:d7:75:45:81:24,FunBox2-8124,-41,1,2412,False,False
1778935837.2934492,data,null_data,50:02:91:e8:18:ec,d8:d7:75:45:81:24,d8:d7:75:45:81:24,50:02:91:e8:18:ec,d8:d7:75:45:81:24,,-84,1,2412,False,False
1778935837.2934718,control,ack,,50:02:91:e8:18:ec,50:02:91:e8:18:ec,,,,-45,1,2412,False,False
1778935837.3359773,management,beacon,d8:d7:75:45:81:24,ff:ff:ff:ff:ff:ff,ff:ff:ff:ff:ff:ff,d8:d7:75:45:81:24,d8:d7:75:45:81:24,FunBox2-8124,-42,1,2412,False,False
1778935837.438338,management,beacon,d8:d7:75:45:81:24,ff:ff:ff:ff:ff:ff,ff:ff:ff:ff:ff:ff,d8:d7:75:45:81:24,d8:d7:75:45:81:24,FunBox2-8124,-48,1,2412,False,False
1778935837.4391348,data,data,d8:d7:75:45:81:24,ff:ff:ff:ff:ff:ff,ff:ff:ff:ff:ff:ff,d8:d7:75:45:81:24,d8:d7:75:45:81:24,,-49,1,2412,True,False
1778935837.4394503,control,ack,,d8:d7:75:45:81:24,d8:d7:75:45:81:24,,,,-83,1,2412,False,False
1778935837.440657,data,data,d8:d7:75:45:81:24,ff:ff:ff:ff:ff:ff,ff:ff:ff:ff:ff:ff,d8:d7:75:45:81:24,d8:d7:75:45:81:24,,-44,1,2412,True,False
1778935837.441284,data,null_data,50:02:91:e8:18:ec,d8:d7:75:45:81:24,d8:d7:75:45:81:24,50:02:91:e8:18:ec,d8:d7:75:45:81:24,,-82,1,2412,False,False
1778935837.4412873,control,ack,,50:02:91:e8:18:ec,50:02:91:e8:18:ec,,,,-46,1,2412,False,False
1778935837.4412882,data,null_data,50:02:91:e8:18:ec,d8:d7:75:45:81:24,d8:d7:75:45:81:24,50:02:91:e8:18:ec,d8:d7:75:45:81:24,,-83,1,2412,False,True
1778935837.4418073,data,null_data,50:02:91:e8:18:ec,d8:d7:75:45:81:24,d8:d7:75:45:81:24,50:02:91:e8:18:ec,d8:d7:75:45:81:24,,-85,1,2412,False,True
1778935837.4418092,control,ack,,50:02:91:e8:18:ec,50:02:91:e8:18:ec,,,,-42,1,2412,False,False
1778935837.602857,control,ack,,50:02:91:e8:18:ec,50:02:91:e8:18:ec,,,,-48,1,2412,False,False
1778935837.7455668,management,beacon,d8:d7:75:45:81:24,ff:ff:ff:ff:ff:ff,ff:ff:ff:ff:ff:ff,d8:d7:75:45:81:24,d8:d7:75:45:81:24,FunBox2-8124,-42,1,2412,False,False
1778935837.8479495,management,beacon,d8:d7:75:45:81:24,ff:ff:ff:ff:ff:ff,ff:ff:ff:ff:ff:ff,d8:d7:75:45:81:24,d8:d7:75:45:81:24,FunBox2-8124,-43,1,2412,False,False
1778935837.950353,management,beacon,d8:d7:75:45:81:24,ff:ff:ff:ff:ff:ff,ff:ff:ff:ff:ff:ff,d8:d7:75:45:81:24,d8:d7:75:45:81:24,FunBox2-8124,-42,1,2412,False,False
1778935838.0527596,management,beacon,d8:d7:75:45:81:24,ff:ff:ff:ff:ff:ff,ff:ff:ff:ff:ff:ff,d8:d7:75:45:81:24,d8:d7:75:45:81:24,FunBox2-8124,-49,1,2412,False,False
1778935838.2575681,management,beacon,d8:d7:75:45:81:24,ff:ff:ff:ff:ff:ff,ff:ff:ff:ff:ff:ff,d8:d7:75:45:81:24,d8:d7:75:45:81:24,FunBox2-8124,-48,1,2412,False,False
1778935838.3600023,management,beacon,d8:d7:75:45:81:24,ff:ff:ff:ff:ff:ff,ff:ff:ff:ff:ff:ff,d8:d7:75:45:81:24,d8:d7:75:45:81:24,FunBox2-8124,-48,1,2412,False,False
1778935838.462412,management,beacon,d8:d7:75:45:81:24,ff:ff:ff:ff:ff:ff,ff:ff:ff:ff:ff:ff,d8:d7:75:45:81:24,d8:d7:75:45:81:24,FunBox2-8124,-48,1,2412,False,False
1778935838.5647736,management,beacon,d8:d7:75:45:81:24,ff:ff:ff:ff:ff:ff,ff:ff:ff:ff:ff:ff,d8:d7:75:45:81:24,d8:d7:75:45:81:24,FunBox2-8124,-48,1,2412,False,False
1778935838.769656,management,beacon,d8:d7:75:45:81:24,ff:ff:ff:ff:ff:ff,ff:ff:ff:ff:ff:ff,d8:d7:75:45:81:24,d8:d7:75:45:81:24,FunBox2-8124,-46,1,2412,False,False
1778935838.8720381,management,beacon,d8:d7:75:45:81:24,ff:ff:ff:ff:ff:ff,ff:ff:ff:ff:ff:ff,d8:d7:75:45:81:24,d8:d7:75:45:81:24,FunBox2-8124,-48,1,2412,False,False
1778935838.974409,management,beacon,d8:d7:75:45:81:24,ff:ff:ff:ff:ff:ff,ff:ff:ff:ff:ff:ff,d8:d7:75:45:81:24,d8:d7:75:45:81:24,FunBox2-8124,-46,1,2412,False,False
1778935839.076839,management,beacon,d8:d7:75:45:81:24,ff:ff:ff:ff:ff:ff,ff:ff:ff:ff:ff:ff,d8:d7:75:45:81:24,d8:d7:75:45:81:24,FunBox2-8124,-46,1,2412,False,False
1778935839.206812,control,ack,,50:02:91:e8:18:ec,50:02:91:e8:18:ec,,,,-47,1,2412,False,False
1778935839.2817159,management,beacon,d8:d7:75:45:81:24,ff:ff:ff:ff:ff:ff,ff:ff:ff:ff:ff:ff,d8:d7:75:45:81:24,d8:d7:75:45:81:24,FunBox2-8124,-48,1,2412,False,False
1778935839.2843637,data,data,d8:d7:75:45:81:24,01:00:5e:00:00:fb,01:00:5e:00:00:fb,d8:d7:75:45:81:24,8a:f4:af:eb:f3:fb,,-48,1,2412,True,False
1778935839.286361,data,data,d8:d7:75:45:81:24,33:33:00:00:00:fb,33:33:00:00:00:fb,d8:d7:75:45:81:24,8a:f4:af:eb:f3:fb,,-42,1,2412,True,False
1778935839.399638,management,beacon,d8:d7:75:45:81:24,ff:ff:ff:ff:ff:ff,ff:ff:ff:ff:ff:ff,d8:d7:75:45:81:24,d8:d7:75:45:81:24,FunBox2-8124,-48,1,2412,False,False
1778935839.4456515,control,ack,,50:02:91:e8:18:ec,50:02:91:e8:18:ec,,,,-48,1,2412,False,False
1778935839.4458032,control,ack,,50:02:91:e8:18:ec,50:02:91:e8:18:ec,,,,-45,1,2412,False,False
1778935839.4864125,management,beacon,d8:d7:75:45:81:24,ff:ff:ff:ff:ff:ff,ff:ff:ff:ff:ff:ff,d8:d7:75:45:81:24,d8:d7:75:45:81:24,FunBox2-8124,-46,1,2412,False,False
1778935839.5888338,management,beacon,d8:d7:75:45:81:24,ff:ff:ff:ff:ff:ff,ff:ff:ff:ff:ff:ff,d8:d7:75:45:81:24,d8:d7:75:45:81:24,FunBox2-8124,-47,1,2412,False,False
1778935839.7936282,management,beacon,d8:d7:75:45:81:24,ff:ff:ff:ff:ff:ff,ff:ff:ff:ff:ff:ff,d8:d7:75:45:81:24,d8:d7:75:45:81:24,FunBox2-8124,-47,1,2412,False,False
1778935839.9984565,management,beacon,d8:d7:75:45:81:24,ff:ff:ff:ff:ff:ff,ff:ff:ff:ff:ff:ff,d8:d7:75:45:81:24,d8:d7:75:45:81:24,FunBox2-8124,-43,1,2412,False,False
1778935840.100885,management,beacon,d8:d7:75:45:81:24,ff:ff:ff:ff:ff:ff,ff:ff:ff:ff:ff:ff,d8:d7:75:45:81:24,d8:d7:75:45:81:24,FunBox2-8124,-45,1,2412,False,False
1778935840.3056707,management,beacon,d8:d7:75:45:81:24,ff:ff:ff:ff:ff:ff,ff:ff:ff:ff:ff:ff,d8:d7:75:45:81:24,d8:d7:75:45:81:24,FunBox2-8124,-47,1,2412,False,False
1778935840.4080713,management,beacon,d8:d7:75:45:81:24,ff:ff:ff:ff:ff:ff,ff:ff:ff:ff:ff:ff,d8:d7:75:45:81:24,d8:d7:75:45:81:24,FunBox2-8124,-46,1,2412,False,False
1778935840.4325016,data,qos_null,aa:23:4f:4d:00:cf,74:ea:3a:a1:53:a6,74:ea:3a:a1:53:a6,aa:23:4f:4d:00:cf,74:ea:3a:a1:53:a6,,-87,1,2412,False,False
1778935840.5104997,management,beacon,d8:d7:75:45:81:24,ff:ff:ff:ff:ff:ff,ff:ff:ff:ff:ff:ff,d8:d7:75:45:81:24,d8:d7:75:45:81:24,FunBox2-8124,-46,1,2412,False,False
1778935840.6129143,management,beacon,d8:d7:75:45:81:24,ff:ff:ff:ff:ff:ff,ff:ff:ff:ff:ff:ff,d8:d7:75:45:81:24,d8:d7:75:45:81:24,FunBox2-8124,-45,1,2412,False,False
1778935840.8176675,management,beacon,d8:d7:75:45:81:24,ff:ff:ff:ff:ff:ff,ff:ff:ff:ff:ff:ff,d8:d7:75:45:81:24,d8:d7:75:45:81:24,FunBox2-8124,-46,1,2412,False,False
1778935840.8189273,data,null_data,50:02:91:e8:18:ec,d8:d7:75:45:81:24,d8:d7:75:45:81:24,50:02:91:e8:18:ec,d8:d7:75:45:81:24,,-85,1,2412,False,False
1778935840.8189306,control,ack,,50:02:91:e8:18:ec,50:02:91:e8:18:ec,,,,-46,1,2412,False,False
1778935840.9200938,management,beacon,d8:d7:75:45:81:24,ff:ff:ff:ff:ff:ff,ff:ff:ff:ff:ff:ff,d8:d7:75:45:81:24,d8:d7:75:45:81:24,FunBox2-8124,-46,1,2412,False,False
1778935840.9797733,control,ack,,50:02:91:e8:18:ec,50:02:91:e8:18:ec,,,,-48,1,2412,False,False
1778935841.0224693,management,beacon,d8:d7:75:45:81:24,ff:ff:ff:ff:ff:ff,ff:ff:ff:ff:ff:ff,d8:d7:75:45:81:24,d8:d7:75:45:81:24,FunBox2-8124,-44,1,2412,False,False
1778935841.1248934,management,beacon,d8:d7:75:45:81:24,ff:ff:ff:ff:ff:ff,ff:ff:ff:ff:ff:ff,d8:d7:75:45:81:24,d8:d7:75:45:81:24,FunBox2-8124,-46,1,2412,False,False
1778935841.329679,management,beacon,d8:d7:75:45:81:24,ff:ff:ff:ff:ff:ff,ff:ff:ff:ff:ff:ff,d8:d7:75:45:81:24,d8:d7:75:45:81:24,FunBox2-8124,-43,1,2412,False,False
1778935841.432123,management,beacon,d8:d7:75:45:81:24,ff:ff:ff:ff:ff:ff,ff:ff:ff:ff:ff:ff,d8:d7:75:45:81:24,d8:d7:75:45:81:24,FunBox2-8124,-46,1,2412,False,False
1778935841.534481,management,beacon,d8:d7:75:45:81:24,ff:ff:ff:ff:ff:ff,ff:ff:ff:ff:ff:ff,d8:d7:75:45:81:24,d8:d7:75:45:81:24,FunBox2-8124,-45,1,2412,False,False
1778935841.6368904,management,beacon,d8:d7:75:45:81:24,ff:ff:ff:ff:ff:ff,ff:ff:ff:ff:ff:ff,d8:d7:75:45:81:24,d8:d7:75:45:81:24,FunBox2-8124,-44,1,2412,False,False
1778935841.8418581,management,beacon,d8:d7:75:45:81:24,ff:ff:ff:ff:ff:ff,ff:ff:ff:ff:ff:ff,d8:d7:75:45:81:24,d8:d7:75:45:81:24,FunBox2-8124,-44,1,2412,False,False
1778935841.9463084,management,beacon,d8:d7:75:45:81:24,ff:ff:ff:ff:ff:ff,ff:ff:ff:ff:ff:ff,d8:d7:75:45:81:24,d8:d7:75:45:81:24,FunBox2-8124,-43,1,2412,False,False
1778935842.0466492,management,beacon,d8:d7:75:45:81:24,ff:ff:ff:ff:ff:ff,ff:ff:ff:ff:ff:ff,d8:d7:75:45:81:24,d8:d7:75:45:81:24,FunBox2-8124,-46,1,2412,False,False
1778935842.151009,management,beacon,d8:d7:75:45:81:24,ff:ff:ff:ff:ff:ff,ff:ff:ff:ff:ff:ff,d8:d7:75:45:81:24,d8:d7:75:45:81:24,FunBox2-8124,-43,1,2412,False,False
1778935842.3555958,management,beacon,d8:d7:75:45:81:24,ff:ff:ff:ff:ff:ff,ff:ff:ff:ff:ff:ff,d8:d7:75:45:81:24,d8:d7:75:45:81:24,FunBox2-8124,-46,1,2412,False,False
1778935842.3567984,control,ack,,50:02:91:e8:18:ec,50:02:91:e8:18:ec,,,,-46,1,2412,False,False
1778935842.4584436,management,beacon,d8:d7:75:45:81:24,ff:ff:ff:ff:ff:ff,ff:ff:ff:ff:ff:ff,d8:d7:75:45:81:24,d8:d7:75:45:81:24,FunBox2-8124,-46,1,2412,False,False
1778935842.5183072,data,null_data,50:02:91:e8:18:ec,d8:d7:75:45:81:24,d8:d7:75:45:81:24,50:02:91:e8:18:ec,d8:d7:75:45:81:24,,-87,1,2412,False,True
1778935842.5183132,control,ack,,50:02:91:e8:18:ec,50:02:91:e8:18:ec,,,,-42,1,2412,False,False
1778935842.560193,management,beacon,d8:d7:75:45:81:24,ff:ff:ff:ff:ff:ff,ff:ff:ff:ff:ff:ff,d8:d7:75:45:81:24,d8:d7:75:45:81:24,FunBox2-8124,-46,1,2412,False,False
1778935842.6629035,management,beacon,d8:d7:75:45:81:24,ff:ff:ff:ff:ff:ff,ff:ff:ff:ff:ff:ff,d8:d7:75:45:81:24,d8:d7:75:45:81:24,FunBox2-8124,-43,1,2412,False,False
1778935842.8672855,management,beacon,d8:d7:75:45:81:24,ff:ff:ff:ff:ff:ff,ff:ff:ff:ff:ff:ff,d8:d7:75:45:81:24,d8:d7:75:45:81:24,FunBox2-8124,-44,1,2412,False,False
1778935842.9696932,management,beacon,d8:d7:75:45:81:24,ff:ff:ff:ff:ff:ff,ff:ff:ff:ff:ff:ff,d8:d7:75:45:81:24,d8:d7:75:45:81:24,FunBox2-8124,-43,1,2412,False,False
1778935843.072079,management,beacon,d8:d7:75:45:81:24,ff:ff:ff:ff:ff:ff,ff:ff:ff:ff:ff:ff,d8:d7:75:45:81:24,d8:d7:75:45:81:24,FunBox2-8124,-45,1,2412,False,False
1778935843.1746504,management,beacon,d8:d7:75:45:81:24,ff:ff:ff:ff:ff:ff,ff:ff:ff:ff:ff:ff,d8:d7:75:45:81:24,d8:d7:75:45:81:24,FunBox2-8124,-44,1,2412,False,False
1778935843.3796709,management,beacon,d8:d7:75:45:81:24,ff:ff:ff:ff:ff:ff,ff:ff:ff:ff:ff:ff,d8:d7:75:45:81:24,d8:d7:75:45:81:24,FunBox2-8124,-43,1,2412,False,False
1778935843.4812322,management,beacon,d8:d7:75:45:81:24,ff:ff:ff:ff:ff:ff,ff:ff:ff:ff:ff:ff,d8:d7:75:45:81:24,d8:d7:75:45:81:24,FunBox2-8124,-47,1,2412,False,False
1778935843.583567,management,beacon,d8:d7:75:45:81:24,ff:ff:ff:ff:ff:ff,ff:ff:ff:ff:ff:ff,d8:d7:75:45:81:24,d8:d7:75:45:81:24,FunBox2-8124,-47,1,2412,False,False
1778935843.6849902,management,beacon,d8:d7:75:45:81:24,ff:ff:ff:ff:ff:ff,ff:ff:ff:ff:ff:ff,d8:d7:75:45:81:24,d8:d7:75:45:81:24,FunBox2-8124,-43,1,2412,False,False
1778935843.8906062,management,beacon,d8:d7:75:45:81:24,ff:ff:ff:ff:ff:ff,ff:ff:ff:ff:ff:ff,d8:d7:75:45:81:24,d8:d7:75:45:81:24,FunBox2-8124,-45,1,2412,False,False
1778935843.8918374,control,ack,,50:02:91:e8:18:ec,50:02:91:e8:18:ec,,,,-49,1,2412,False,False
1778935844.0527327,data,null_data,50:02:91:e8:18:ec,d8:d7:75:45:81:24,d8:d7:75:45:81:24,50:02:91:e8:18:ec,d8:d7:75:45:81:24,,-86,1,2412,False,False
1778935844.0527394,control,ack,,50:02:91:e8:18:ec,50:02:91:e8:18:ec,,,,-49,1,2412,False,False
1778935844.0952735,management,beacon,d8:d7:75:45:81:24,ff:ff:ff:ff:ff:ff,ff:ff:ff:ff:ff:ff,d8:d7:75:45:81:24,d8:d7:75:45:81:24,FunBox2-8124,-47,1,2412,False,False
1778935844.117606,data,qos_null,aa:23:4f:4d:00:cf,74:ea:3a:a1:53:a6,74:ea:3a:a1:53:a6,aa:23:4f:4d:00:cf,74:ea:3a:a1:53:a6,,-86,1,2412,False,False
1778935844.1976042,management,beacon,d8:d7:75:45:81:24,ff:ff:ff:ff:ff:ff,ff:ff:ff:ff:ff:ff,d8:d7:75:45:81:24,d8:d7:75:45:81:24,FunBox2-8124,-43,1,2412,False,False
1778935844.2994351,management,beacon,d8:d7:75:45:81:24,ff:ff:ff:ff:ff:ff,ff:ff:ff:ff:ff:ff,d8:d7:75:45:81:24,d8:d7:75:45:81:24,FunBox2-8124,-44,1,2412,False,False
1778935844.4040403,management,beacon,d8:d7:75:45:81:24,ff:ff:ff:ff:ff:ff,ff:ff:ff:ff:ff:ff,d8:d7:75:45:81:24,d8:d7:75:45:81:24,FunBox2-8124,-45,1,2412,False,False
1778935844.504595,management,beacon,d8:d7:75:45:81:24,ff:ff:ff:ff:ff:ff,ff:ff:ff:ff:ff:ff,d8:d7:75:45:81:24,d8:d7:75:45:81:24,FunBox2-8124,-46,1,2412,False,False
1778935844.606966,management,beacon,d8:d7:75:45:81:24,ff:ff:ff:ff:ff:ff,ff:ff:ff:ff:ff:ff,d8:d7:75:45:81:24,d8:d7:75:45:81:24,FunBox2-8124,-47,1,2412,False,False
1778935844.709274,management,beacon,d8:d7:75:45:81:24,ff:ff:ff:ff:ff:ff,ff:ff:ff:ff:ff:ff,d8:d7:75:45:81:24,d8:d7:75:45:81:24,FunBox2-8124,-47,1,2412,False,False
1778935844.8116207,management,beacon,d8:d7:75:45:81:24,ff:ff:ff:ff:ff:ff,ff:ff:ff:ff:ff:ff,d8:d7:75:45:81:24,d8:d7:75:45:81:24,FunBox2-8124,-47,1,2412,False,False
1778935844.9139886,management,beacon,d8:d7:75:45:81:24,ff:ff:ff:ff:ff:ff,ff:ff:ff:ff:ff:ff,d8:d7:75:45:81:24,d8:d7:75:45:81:24,FunBox2-8124,-43,1,2412,False,False
1778935845.016297,management,beacon,d8:d7:75:45:81:24,ff:ff:ff:ff:ff:ff,ff:ff:ff:ff:ff:ff,d8:d7:75:45:81:24,d8:d7:75:45:81:24,FunBox2-8124,-46,1,2412,False,False
1778935845.1186528,management,beacon,d8:d7:75:45:81:24,ff:ff:ff:ff:ff:ff,ff:ff:ff:ff:ff:ff,d8:d7:75:45:81:24,d8:d7:75:45:81:24,FunBox2-8124,-46,1,2412,False,False
1778935845.2210584,management,beacon,d8:d7:75:45:81:24,ff:ff:ff:ff:ff:ff,ff:ff:ff:ff:ff:ff,d8:d7:75:45:81:24,d8:d7:75:45:81:24,FunBox2-8124,-44,1,2412,False,False
1778935845.323429,management,beacon,d8:d7:75:45:81:24,ff:ff:ff:ff:ff:ff,ff:ff:ff:ff:ff:ff,d8:d7:75:45:81:24,d8:d7:75:45:81:24,FunBox2-8124,-46,1,2412,False,False
1778935845.4258695,management,beacon,d8:d7:75:45:81:24,ff:ff:ff:ff:ff:ff,ff:ff:ff:ff:ff:ff,d8:d7:75:45:81:24,d8:d7:75:45:81:24,FunBox2-8124,-46,1,2412,False,False
1778935845.528262,management,beacon,d8:d7:75:45:81:24,ff:ff:ff:ff:ff:ff,ff:ff:ff:ff:ff:ff,d8:d7:75:45:81:24,d8:d7:75:45:81:24,FunBox2-8124,-46,1,2412,False,False
1778935845.5294468,data,null_data,50:02:91:e8:18:ec,d8:d7:75:45:81:24,d8:d7:75:45:81:24,50:02:91:e8:18:ec,d8:d7:75:45:81:24,,-86,1,2412,False,False
1778935845.5294523,control,ack,,50:02:91:e8:18:ec,50:02:91:e8:18:ec,,,,-48,1,2412,False,False
1778935845.6306713,management,beacon,d8:d7:75:45:81:24,ff:ff:ff:ff:ff:ff,ff:ff:ff:ff:ff:ff,d8:d7:75:45:81:24,d8:d7:75:45:81:24,FunBox2-8124,-44,1,2412,False,False
1778935845.690333,data,null_data,50:02:91:e8:18:ec,d8:d7:75:45:81:24,d8:d7:75:45:81:24,50:02:91:e8:18:ec,d8:d7:75:45:81:24,,-85,1,2412,False,False
1778935845.6903517,control,ack,,50:02:91:e8:18:ec,50:02:91:e8:18:ec,,,,-48,1,2412,False,False
1778935845.7085395,management,probe_response,d8:d7:75:45:81:24,3a:6d:4e:93:ba:5e,3a:6d:4e:93:ba:5e,d8:d7:75:45:81:24,d8:d7:75:45:81:24,FunBox2-8124,-47,1,2412,False,False
1778935845.733103,management,beacon,d8:d7:75:45:81:24,ff:ff:ff:ff:ff:ff,ff:ff:ff:ff:ff:ff,d8:d7:75:45:81:24,d8:d7:75:45:81:24,FunBox2-8124,-47,1,2412,False,False
1778935845.835452,management,beacon,d8:d7:75:45:81:24,ff:ff:ff:ff:ff:ff,ff:ff:ff:ff:ff:ff,d8:d7:75:45:81:24,d8:d7:75:45:81:24,FunBox2-8124,-47,1,2412,False,False
1778935845.937899,management,beacon,d8:d7:75:45:81:24,ff:ff:ff:ff:ff:ff,ff:ff:ff:ff:ff:ff,d8:d7:75:45:81:24,d8:d7:75:45:81:24,FunBox2-8124,-48,1,2412,False,False
1778935846.0402691,management,beacon,d8:d7:75:45:81:24,ff:ff:ff:ff:ff:ff,ff:ff:ff:ff:ff:ff,d8:d7:75:45:81:24,d8:d7:75:45:81:24,FunBox2-8124,-48,1,2412,False,False
1778935846.1426907,management,beacon,d8:d7:75:45:81:24,ff:ff:ff:ff:ff:ff,ff:ff:ff:ff:ff:ff,d8:d7:75:45:81:24,d8:d7:75:45:81:24,FunBox2-8124,-42,1,2412,False,False
1778935846.2450721,management,beacon,d8:d7:75:45:81:24,ff:ff:ff:ff:ff:ff,ff:ff:ff:ff:ff:ff,d8:d7:75:45:81:24,d8:d7:75:45:81:24,FunBox2-8124,-46,1,2412,False,False
1778935846.347508,management,beacon,d8:d7:75:45:81:24,ff:ff:ff:ff:ff:ff,ff:ff:ff:ff:ff:ff,d8:d7:75:45:81:24,d8:d7:75:45:81:24,FunBox2-8124,-46,1,2412,False,False
1778935846.4498715,management,beacon,d8:d7:75:45:81:24,ff:ff:ff:ff:ff:ff,ff:ff:ff:ff:ff:ff,d8:d7:75:45:81:24,d8:d7:75:45:81:24,FunBox2-8124,-46,1,2412,False,False
1778935846.5523157,management,beacon,d8:d7:75:45:81:24,ff:ff:ff:ff:ff:ff,ff:ff:ff:ff:ff:ff,d8:d7:75:45:81:24,d8:d7:75:45:81:24,FunBox2-8124,-47,1,2412,False,False
1778935846.654712,management,beacon,d8:d7:75:45:81:24,ff:ff:ff:ff:ff:ff,ff:ff:ff:ff:ff:ff,d8:d7:75:45:81:24,d8:d7:75:45:81:24,FunBox2-8124,-47,1,2412,False,False
1778935846.757111,management,beacon,d8:d7:75:45:81:24,ff:ff:ff:ff:ff:ff,ff:ff:ff:ff:ff:ff,d8:d7:75:45:81:24,d8:d7:75:45:81:24,FunBox2-8124,-44,1,2412,False,False
1778935846.8594925,management,beacon,d8:d7:75:45:81:24,ff:ff:ff:ff:ff:ff,ff:ff:ff:ff:ff:ff,d8:d7:75:45:81:24,d8:d7:75:45:81:24,FunBox2-8124,-47,1,2412,False,False
1778935846.9619105,management,beacon,d8:d7:75:45:81:24,ff:ff:ff:ff:ff:ff,ff:ff:ff:ff:ff:ff,d8:d7:75:45:81:24,d8:d7:75:45:81:24,FunBox2-8124,-46,1,2412,False,False
1778935846.9631317,data,null_data,50:02:91:e8:18:ec,d8:d7:75:45:81:24,d8:d7:75:45:81:24,50:02:91:e8:18:ec,d8:d7:75:45:81:24,,-85,1,2412,False,False
1778935846.9631345,control,ack,,50:02:91:e8:18:ec,50:02:91:e8:18:ec,,,,-47,1,2412,False,False
1778935847.0643296,management,beacon,d8:d7:75:45:81:24,ff:ff:ff:ff:ff:ff,ff:ff:ff:ff:ff:ff,d8:d7:75:45:81:24,d8:d7:75:45:81:24,FunBox2-8124,-43,1,2412,False,False
1778935847.1240172,data,null_data,50:02:91:e8:18:ec,d8:d7:75:45:81:24,d8:d7:75:45:81:24,50:02:91:e8:18:ec,d8:d7:75:45:81:24,,-85,1,2412,False,False
1778935847.1240323,control,ack,,50:02:91:e8:18:ec,50:02:91:e8:18:ec,,,,-47,1,2412,False,False
1778935847.2691417,management,beacon,d8:d7:75:45:81:24,ff:ff:ff:ff:ff:ff,ff:ff:ff:ff:ff:ff,d8:d7:75:45:81:24,d8:d7:75:45:81:24,FunBox2-8124,-48,1,2412,False,False
1778935847.3714983,management,beacon,d8:d7:75:45:81:24,ff:ff:ff:ff:ff:ff,ff:ff:ff:ff:ff:ff,d8:d7:75:45:81:24,d8:d7:75:45:81:24,FunBox2-8124,-48,1,2412,False,False
1778935847.4739366,management,beacon,d8:d7:75:45:81:24,ff:ff:ff:ff:ff:ff,ff:ff:ff:ff:ff:ff,d8:d7:75:45:81:24,d8:d7:75:45:81:24,FunBox2-8124,-46,1,2412,False,False
1778935847.5763388,management,beacon,d8:d7:75:45:81:24,ff:ff:ff:ff:ff:ff,ff:ff:ff:ff:ff:ff,d8:d7:75:45:81:24,d8:d7:75:45:81:24,FunBox2-8124,-44,1,2412,False,False
1778935847.6787496,management,beacon,d8:d7:75:45:81:24,ff:ff:ff:ff:ff:ff,ff:ff:ff:ff:ff:ff,d8:d7:75:45:81:24,d8:d7:75:45:81:24,FunBox2-8124,-47,1,2412,False,False
1778935847.7811124,management,beacon,d8:d7:75:45:81:24,ff:ff:ff:ff:ff:ff,ff:ff:ff:ff:ff:ff,d8:d7:75:45:81:24,d8:d7:75:45:81:24,FunBox2-8124,-47,1,2412,False,False
1778935847.8835173,management,beacon,d8:d7:75:45:81:24,ff:ff:ff:ff:ff:ff,ff:ff:ff:ff:ff:ff,d8:d7:75:45:81:24,d8:d7:75:45:81:24,FunBox2-8124,-46,1,2412,False,False
1778935847.9859262,management,beacon,d8:d7:75:45:81:24,ff:ff:ff:ff:ff:ff,ff:ff:ff:ff:ff:ff,d8:d7:75:45:81:24,d8:d7:75:45:81:24,FunBox2-8124,-48,1,2412,False,False
1778935848.0883815,management,beacon,d8:d7:75:45:81:24,ff:ff:ff:ff:ff:ff,ff:ff:ff:ff:ff:ff,d8:d7:75:45:81:24,d8:d7:75:45:81:24,FunBox2-8124,-48,1,2412,False,False
1778935848.190778,management,beacon,d8:d7:75:45:81:24,ff:ff:ff:ff:ff:ff,ff:ff:ff:ff:ff:ff,d8:d7:75:45:81:24,d8:d7:75:45:81:24,FunBox2-8124,-49,1,2412,False,False
1778935848.2931435,management,beacon,d8:d7:75:45:81:24,ff:ff:ff:ff:ff:ff,ff:ff:ff:ff:ff:ff,d8:d7:75:45:81:24,d8:d7:75:45:81:24,FunBox2-8124,-47,1,2412,False,False
1778935848.395573,management,beacon,d8:d7:75:45:81:24,ff:ff:ff:ff:ff:ff,ff:ff:ff:ff:ff:ff,d8:d7:75:45:81:24,d8:d7:75:45:81:24,FunBox2-8124,-43,1,2412,False,False
1778935848.4979415,management,beacon,d8:d7:75:45:81:24,ff:ff:ff:ff:ff:ff,ff:ff:ff:ff:ff:ff,d8:d7:75:45:81:24,d8:d7:75:45:81:24,FunBox2-8124,-49,1,2412,False,False
1778935848.4991286,control,ack,,50:02:91:e8:18:ec,50:02:91:e8:18:ec,,,,-48,1,2412,False,False
1778935848.600372,management,beacon,d8:d7:75:45:81:24,ff:ff:ff:ff:ff:ff,ff:ff:ff:ff:ff:ff,d8:d7:75:45:81:24,d8:d7:75:45:81:24,FunBox2-8124,-45,1,2412,False,False
1778935848.6289332,data,data,d8:d7:75:45:81:24,33:33:00:00:00:01,33:33:00:00:00:01,d8:d7:75:45:81:24,d8:d7:75:45:81:24,,-47,1,2412,True,False
1778935848.6292276,control,ack,,d8:d7:75:45:81:24,d8:d7:75:45:81:24,,,,-85,1,2412,False,False
1778935848.7028034,management,beacon,d8:d7:75:45:81:24,ff:ff:ff:ff:ff:ff,ff:ff:ff:ff:ff:ff,d8:d7:75:45:81:24,d8:d7:75:45:81:24,FunBox2-8124,-42,1,2412,False,False
1778935848.7903612,data,null_data,50:02:91:e8:18:ec,d8:d7:75:45:81:24,d8:d7:75:45:81:24,50:02:91:e8:18:ec,d8:d7:75:45:81:24,,-87,1,2412,False,True
1778935848.7903776,control,ack,,50:02:91:e8:18:ec,50:02:91:e8:18:ec,,,,-46,1,2412,False,False
1778935848.8051915,management,beacon,d8:d7:75:45:81:24,ff:ff:ff:ff:ff:ff,ff:ff:ff:ff:ff:ff,d8:d7:75:45:81:24,d8:d7:75:45:81:24,FunBox2-8124,-45,1,2412,False,False
1778935848.9075632,management,beacon,d8:d7:75:45:81:24,ff:ff:ff:ff:ff:ff,ff:ff:ff:ff:ff:ff,d8:d7:75:45:81:24,d8:d7:75:45:81:24,FunBox2-8124,-44,1,2412,False,False
1778935848.9130778,data,null_data,50:02:91:e8:18:ec,d8:d7:75:45:81:24,d8:d7:75:45:81:24,50:02:91:e8:18:ec,d8:d7:75:45:81:24,,-88,1,2412,False,False
1778935848.9138074,control,ack,,50:02:91:e8:18:ec,50:02:91:e8:18:ec,,,,-44,1,2412,False,False
1778935849.010174,management,beacon,d8:d7:75:45:81:24,ff:ff:ff:ff:ff:ff,ff:ff:ff:ff:ff:ff,d8:d7:75:45:81:24,d8:d7:75:45:81:24,FunBox2-8124,-42,1,2412,False,False
1778935849.074934,data,null_data,50:02:91:e8:18:ec,d8:d7:75:45:81:24,d8:d7:75:45:81:24,50:02:91:e8:18:ec,d8:d7:75:45:81:24,,-85,1,2412,False,True
1778935849.0749466,control,ack,,50:02:91:e8:18:ec,50:02:91:e8:18:ec,,,,-48,1,2412,False,False
1778935849.11245,management,beacon,d8:d7:75:45:81:24,ff:ff:ff:ff:ff:ff,ff:ff:ff:ff:ff:ff,d8:d7:75:45:81:24,d8:d7:75:45:81:24,FunBox2-8124,-42,1,2412,False,False
1778935849.2073357,data,null_data,50:02:91:e8:18:ec,d8:d7:75:45:81:24,d8:d7:75:45:81:24,50:02:91:e8:18:ec,d8:d7:75:45:81:24,,-86,1,2412,False,False
1778935849.2073488,control,ack,,50:02:91:e8:18:ec,50:02:91:e8:18:ec,,,,-48,1,2412,False,False
1778935849.2147892,management,beacon,d8:d7:75:45:81:24,ff:ff:ff:ff:ff:ff,ff:ff:ff:ff:ff:ff,d8:d7:75:45:81:24,d8:d7:75:45:81:24,FunBox2-8124,-45,1,2412,False,False
1778935849.3189483,management,beacon,d8:d7:75:45:81:24,ff:ff:ff:ff:ff:ff,ff:ff:ff:ff:ff:ff,d8:d7:75:45:81:24,d8:d7:75:45:81:24,FunBox2-8124,-49,1,2412,False,False
1778935849.4196284,management,beacon,d8:d7:75:45:81:24,ff:ff:ff:ff:ff:ff,ff:ff:ff:ff:ff:ff,d8:d7:75:45:81:24,d8:d7:75:45:81:24,FunBox2-8124,-46,1,2412,False,False
1778935849.5220306,management,beacon,d8:d7:75:45:81:24,ff:ff:ff:ff:ff:ff,ff:ff:ff:ff:ff:ff,d8:d7:75:45:81:24,d8:d7:75:45:81:24,FunBox2-8124,-47,1,2412,False,False
1778935849.6243873,management,beacon,d8:d7:75:45:81:24,ff:ff:ff:ff:ff:ff,ff:ff:ff:ff:ff:ff,d8:d7:75:45:81:24,d8:d7:75:45:81:24,FunBox2-8124,-46,1,2412,False,False
1778935849.7268424,management,beacon,d8:d7:75:45:81:24,ff:ff:ff:ff:ff:ff,ff:ff:ff:ff:ff:ff,d8:d7:75:45:81:24,d8:d7:75:45:81:24,FunBox2-8124,-45,1,2412,False,False
1778935849.7278843,data,data,d8:d7:75:45:81:24,01:00:5e:00:00:01,01:00:5e:00:00:01,d8:d7:75:45:81:24,d8:d7:75:45:81:24,,-46,1,2412,True,False
1778935849.7282028,control,ack,,d8:d7:75:45:81:24,d8:d7:75:45:81:24,,,,-86,1,2412,False,False
1778935849.829192,management,beacon,d8:d7:75:45:81:24,ff:ff:ff:ff:ff:ff,ff:ff:ff:ff:ff:ff,d8:d7:75:45:81:24,d8:d7:75:45:81:24,FunBox2-8124,-47,1,2412,False,False
1778935849.9316041,management,beacon,d8:d7:75:45:81:24,ff:ff:ff:ff:ff:ff,ff:ff:ff:ff:ff:ff,d8:d7:75:45:81:24,d8:d7:75:45:81:24,FunBox2-8124,-45,1,2412,False,False
1778935850.033996,management,beacon,d8:d7:75:45:81:24,ff:ff:ff:ff:ff:ff,ff:ff:ff:ff:ff:ff,d8:d7:75:45:81:24,d8:d7:75:45:81:24,FunBox2-8124,-46,1,2412,False,False
1778935850.136407,management,beacon,d8:d7:75:45:81:24,ff:ff:ff:ff:ff:ff,ff:ff:ff:ff:ff:ff,d8:d7:75:45:81:24,d8:d7:75:45:81:24,FunBox2-8124,-47,1,2412,False,False
1778935850.2388046,management,beacon,d8:d7:75:45:81:24,ff:ff:ff:ff:ff:ff,ff:ff:ff:ff:ff:ff,d8:d7:75:45:81:24,d8:d7:75:45:81:24,FunBox2-8124,-46,1,2412,False,False
1778935850.341263,management,beacon,d8:d7:75:45:81:24,ff:ff:ff:ff:ff:ff,ff:ff:ff:ff:ff:ff,d8:d7:75:45:81:24,d8:d7:75:45:81:24,FunBox2-8124,-47,1,2412,False,False
1778935850.4436195,management,beacon,d8:d7:75:45:81:24,ff:ff:ff:ff:ff:ff,ff:ff:ff:ff:ff:ff,d8:d7:75:45:81:24,d8:d7:75:45:81:24,FunBox2-8124,-46,1,2412,False,False
1778935850.4821005,control,rts,54:35:30:cf:ee:1e,d8:d7:75:45:81:24,d8:d7:75:45:81:24,54:35:30:cf:ee:1e,,,-51,1,2412,False,False
1778935850.4821177,control,cts,,54:35:30:cf:ee:1e,54:35:30:cf:ee:1e,,,,-47,1,2412,False,False
1778935850.4821205,data,qos_data,54:35:30:cf:ee:1e,d8:d7:75:45:81:24,d8:d7:75:45:81:24,54:35:30:cf:ee:1e,ff:ff:ff:ff:ff:ff,,-52,1,2412,True,False
1778935850.4821227,control,block_ack,d8:d7:75:45:81:24,54:35:30:cf:ee:1e,54:35:30:cf:ee:1e,d8:d7:75:45:81:24,,,-47,1,2412,False,False
1778935850.64844,management,beacon,d8:d7:75:45:81:24,ff:ff:ff:ff:ff:ff,ff:ff:ff:ff:ff:ff,d8:d7:75:45:81:24,d8:d7:75:45:81:24,FunBox2-8124,-45,1,2412,False,False
1778935850.6495779,data,data,d8:d7:75:45:81:24,ff:ff:ff:ff:ff:ff,ff:ff:ff:ff:ff:ff,d8:d7:75:45:81:24,54:35:30:cf:ee:1e,,-46,1,2412,True,False
1778935850.6500874,control,ack,,d8:d7:75:45:81:24,d8:d7:75:45:81:24,,,,-86,1,2412,False,False
1778935850.65009,control,ack,,50:02:91:e8:18:ec,50:02:91:e8:18:ec,,,,-45,1,2412,False,False
1778935850.7508335,management,beacon,d8:d7:75:45:81:24,ff:ff:ff:ff:ff:ff,ff:ff:ff:ff:ff:ff,d8:d7:75:45:81:24,d8:d7:75:45:81:24,FunBox2-8124,-48,1,2412,False,False
1778935850.8109744,data,null_data,50:02:91:e8:18:ec,d8:d7:75:45:81:24,d8:d7:75:45:81:24,50:02:91:e8:18:ec,d8:d7:75:45:81:24,,-87,1,2412,False,False
1778935850.8109848,control,ack,,50:02:91:e8:18:ec,50:02:91:e8:18:ec,,,,-47,1,2412,False,False
1778935850.8532434,management,beacon,d8:d7:75:45:81:24,ff:ff:ff:ff:ff:ff,ff:ff:ff:ff:ff:ff,d8:d7:75:45:81:24,d8:d7:75:45:81:24,FunBox2-8124,-47,1,2412,False,False
1778935850.955639,management,beacon,d8:d7:75:45:81:24,ff:ff:ff:ff:ff:ff,ff:ff:ff:ff:ff:ff,d8:d7:75:45:81:24,d8:d7:75:45:81:24,FunBox2-8124,-47,1,2412,False,False
1778935851.1604948,management,beacon,d8:d7:75:45:81:24,ff:ff:ff:ff:ff:ff,ff:ff:ff:ff:ff:ff,d8:d7:75:45:81:24,d8:d7:75:45:81:24,FunBox2-8124,-47,1,2412,False,False
1778935851.2628555,management,beacon,d8:d7:75:45:81:24,ff:ff:ff:ff:ff:ff,ff:ff:ff:ff:ff:ff,d8:d7:75:45:81:24,d8:d7:75:45:81:24,FunBox2-8124,-46,1,2412,False,False
1778935851.3652482,management,beacon,d8:d7:75:45:81:24,ff:ff:ff:ff:ff:ff,ff:ff:ff:ff:ff:ff,d8:d7:75:45:81:24,d8:d7:75:45:81:24,FunBox2-8124,-46,1,2412,False,False
1778935851.4676938,management,beacon,d8:d7:75:45:81:24,ff:ff:ff:ff:ff:ff,ff:ff:ff:ff:ff:ff,d8:d7:75:45:81:24,d8:d7:75:45:81:24,FunBox2-8124,-45,1,2412,False,False
1778935851.6724615,management,beacon,d8:d7:75:45:81:24,ff:ff:ff:ff:ff:ff,ff:ff:ff:ff:ff:ff,d8:d7:75:45:81:24,d8:d7:75:45:81:24,FunBox2-8124,-47,1,2412,False,False
1778935851.7748652,management,beacon,d8:d7:75:45:81:24,ff:ff:ff:ff:ff:ff,ff:ff:ff:ff:ff:ff,d8:d7:75:45:81:24,d8:d7:75:45:81:24,FunBox2-8124,-46,1,2412,False,False
1778935851.877314,management,beacon,d8:d7:75:45:81:24,ff:ff:ff:ff:ff:ff,ff:ff:ff:ff:ff:ff,d8:d7:75:45:81:24,d8:d7:75:45:81:24,FunBox2-8124,-49,1,2412,False,False
1778935851.979672,management,beacon,d8:d7:75:45:81:24,ff:ff:ff:ff:ff:ff,ff:ff:ff:ff:ff:ff,d8:d7:75:45:81:24,d8:d7:75:45:81:24,FunBox2-8124,-46,1,2412,False,False
1778935852.184479,management,beacon,d8:d7:75:45:81:24,ff:ff:ff:ff:ff:ff,ff:ff:ff:ff:ff:ff,d8:d7:75:45:81:24,d8:d7:75:45:81:24,FunBox2-8124,-46,1,2412,False,False
1778935852.28691,management,beacon,d8:d7:75:45:81:24,ff:ff:ff:ff:ff:ff,ff:ff:ff:ff:ff:ff,d8:d7:75:45:81:24,d8:d7:75:45:81:24,FunBox2-8124,-45,1,2412,False,False
1778935852.389279,management,beacon,d8:d7:75:45:81:24,ff:ff:ff:ff:ff:ff,ff:ff:ff:ff:ff:ff,d8:d7:75:45:81:24,d8:d7:75:45:81:24,FunBox2-8124,-47,1,2412,False,False
1778935852.491686,management,beacon,d8:d7:75:45:81:24,ff:ff:ff:ff:ff:ff,ff:ff:ff:ff:ff:ff,d8:d7:75:45:81:24,d8:d7:75:45:81:24,FunBox2-8124,-46,1,2412,False,False
1778935852.4928982,control,ack,,50:02:91:e8:18:ec,50:02:91:e8:18:ec,,,,-49,1,2412,False,False
1778935852.653757,data,null_data,50:02:91:e8:18:ec,d8:d7:75:45:81:24,d8:d7:75:45:81:24,50:02:91:e8:18:ec,d8:d7:75:45:81:24,,-86,1,2412,False,False
1778935852.6537695,control,ack,,50:02:91:e8:18:ec,50:02:91:e8:18:ec,,,,-47,1,2412,False,False
1778935852.6964927,management,beacon,d8:d7:75:45:81:24,ff:ff:ff:ff:ff:ff,ff:ff:ff:ff:ff:ff,d8:d7:75:45:81:24,d8:d7:75:45:81:24,FunBox2-8124,-45,1,2412,False,False
1778935852.798937,management,beacon,d8:d7:75:45:81:24,ff:ff:ff:ff:ff:ff,ff:ff:ff:ff:ff:ff,d8:d7:75:45:81:24,d8:d7:75:45:81:24,FunBox2-8124,-46,1,2412,False,False
1778935852.9013617,management,beacon,d8:d7:75:45:81:24,ff:ff:ff:ff:ff:ff,ff:ff:ff:ff:ff:ff,d8:d7:75:45:81:24,d8:d7:75:45:81:24,FunBox2-8124,-43,1,2412,False,False
1778935853.2085326,management,beacon,d8:d7:75:45:81:24,ff:ff:ff:ff:ff:ff,ff:ff:ff:ff:ff:ff,d8:d7:75:45:81:24,d8:d7:75:45:81:24,FunBox2-8124,-46,1,2412,False,False
1778935853.3109717,management,beacon,d8:d7:75:45:81:24,ff:ff:ff:ff:ff:ff,ff:ff:ff:ff:ff:ff,d8:d7:75:45:81:24,d8:d7:75:45:81:24,FunBox2-8124,-47,1,2412,False,False
1778935853.413328,management,beacon,d8:d7:75:45:81:24,ff:ff:ff:ff:ff:ff,ff:ff:ff:ff:ff:ff,d8:d7:75:45:81:24,d8:d7:75:45:81:24,FunBox2-8124,-47,1,2412,False,False
1778935853.515737,management,beacon,d8:d7:75:45:81:24,ff:ff:ff:ff:ff:ff,ff:ff:ff:ff:ff:ff,d8:d7:75:45:81:24,d8:d7:75:45:81:24,FunBox2-8124,-46,1,2412,False,False
1778935853.7205534,management,beacon,d8:d7:75:45:81:24,ff:ff:ff:ff:ff:ff,ff:ff:ff:ff:ff:ff,d8:d7:75:45:81:24,d8:d7:75:45:81:24,FunBox2-8124,-43,1,2412,False,False
1778935853.8229513,management,beacon,d8:d7:75:45:81:24,ff:ff:ff:ff:ff:ff,ff:ff:ff:ff:ff:ff,d8:d7:75:45:81:24,d8:d7:75:45:81:24,FunBox2-8124,-48,1,2412,False,False
1778935853.9253445,management,beacon,d8:d7:75:45:81:24,ff:ff:ff:ff:ff:ff,ff:ff:ff:ff:ff:ff,d8:d7:75:45:81:24,d8:d7:75:45:81:24,FunBox2-8124,-42,1,2412,False,False
1778935854.0278146,management,beacon,d8:d7:75:45:81:24,ff:ff:ff:ff:ff:ff,ff:ff:ff:ff:ff:ff,d8:d7:75:45:81:24,d8:d7:75:45:81:24,FunBox2-8124,-48,1,2412,False,False
1778935854.1313941,control,ack,,50:02:91:e8:18:ec,50:02:91:e8:18:ec,,,,-48,1,2412,False,False
1778935854.2325842,management,beacon,d8:d7:75:45:81:24,ff:ff:ff:ff:ff:ff,ff:ff:ff:ff:ff:ff,d8:d7:75:45:81:24,d8:d7:75:45:81:24,FunBox2-8124,-46,1,2412,False,False
1778935854.292266,control,ack,,50:02:91:e8:18:ec,50:02:91:e8:18:ec,,,,-48,1,2412,False,False
1778935854.3349774,management,beacon,d8:d7:75:45:81:24,ff:ff:ff:ff:ff:ff,ff:ff:ff:ff:ff:ff,d8:d7:75:45:81:24,d8:d7:75:45:81:24,FunBox2-8124,-46,1,2412,False,False
1778935854.4373672,management,beacon,d8:d7:75:45:81:24,ff:ff:ff:ff:ff:ff,ff:ff:ff:ff:ff:ff,d8:d7:75:45:81:24,d8:d7:75:45:81:24,FunBox2-8124,-48,1,2412,False,False
1778935854.539777,management,beacon,d8:d7:75:45:81:24,ff:ff:ff:ff:ff:ff,ff:ff:ff:ff:ff:ff,d8:d7:75:45:81:24,d8:d7:75:45:81:24,FunBox2-8124,-42,1,2412,False,False
1778935854.744581,management,beacon,d8:d7:75:45:81:24,ff:ff:ff:ff:ff:ff,ff:ff:ff:ff:ff:ff,d8:d7:75:45:81:24,d8:d7:75:45:81:24,FunBox2-8124,-44,1,2412,False,False
1778935854.8470068,management,beacon,d8:d7:75:45:81:24,ff:ff:ff:ff:ff:ff,ff:ff:ff:ff:ff:ff,d8:d7:75:45:81:24,d8:d7:75:45:81:24,FunBox2-8124,-49,1,2412,False,False
1778935854.9496605,management,beacon,d8:d7:75:45:81:24,ff:ff:ff:ff:ff:ff,ff:ff:ff:ff:ff:ff,d8:d7:75:45:81:24,d8:d7:75:45:81:24,FunBox2-8124,-43,1,2412,False,False
1778935855.0517905,management,beacon,d8:d7:75:45:81:24,ff:ff:ff:ff:ff:ff,ff:ff:ff:ff:ff:ff,d8:d7:75:45:81:24,d8:d7:75:45:81:24,FunBox2-8124,-44,1,2412,False,False
1778935855.2566154,management,beacon,d8:d7:75:45:81:24,ff:ff:ff:ff:ff:ff,ff:ff:ff:ff:ff:ff,d8:d7:75:45:81:24,d8:d7:75:45:81:24,FunBox2-8124,-46,1,2412,False,False
1778935855.3590114,management,beacon,d8:d7:75:45:81:24,ff:ff:ff:ff:ff:ff,ff:ff:ff:ff:ff:ff,d8:d7:75:45:81:24,d8:d7:75:45:81:24,FunBox2-8124,-46,1,2412,False,False
1778935855.4614575,management,beacon,d8:d7:75:45:81:24,ff:ff:ff:ff:ff:ff,ff:ff:ff:ff:ff:ff,d8:d7:75:45:81:24,d8:d7:75:45:81:24,FunBox2-8124,-43,1,2412,False,False
1778935855.563813,management,beacon,d8:d7:75:45:81:24,ff:ff:ff:ff:ff:ff,ff:ff:ff:ff:ff:ff,d8:d7:75:45:81:24,d8:d7:75:45:81:24,FunBox2-8124,-47,1,2412,False,False
1778935855.5650425,data,null_data,50:02:91:e8:18:ec,d8:d7:75:45:81:24,d8:d7:75:45:81:24,50:02:91:e8:18:ec,d8:d7:75:45:81:24,,-85,1,2412,False,False
1778935855.5650449,control,ack,,50:02:91:e8:18:ec,50:02:91:e8:18:ec,,,,-48,1,2412,False,False
1778935855.6709661,management,beacon,d8:d7:75:45:81:24,ff:ff:ff:ff:ff:ff,ff:ff:ff:ff:ff:ff,d8:d7:75:45:81:24,d8:d7:75:45:81:24,FunBox2-8124,-43,1,2412,False,False
1778935855.6818936,control,rts,54:35:30:cf:ee:1e,d8:d7:75:45:81:24,d8:d7:75:45:81:24,54:35:30:cf:ee:1e,,,-50,1,2412,False,False
1778935855.6818988,control,cts,,54:35:30:cf:ee:1e,54:35:30:cf:ee:1e,,,,-47,1,2412,False,False
1778935855.6821368,data,qos_data,54:35:30:cf:ee:1e,d8:d7:75:45:81:24,d8:d7:75:45:81:24,54:35:30:cf:ee:1e,01:00:5e:00:00:fb,,-52,1,2412,True,False
1778935855.6821404,control,block_ack,d8:d7:75:45:81:24,54:35:30:cf:ee:1e,54:35:30:cf:ee:1e,d8:d7:75:45:81:24,,,-47,1,2412,False,False
1778935855.6939976,data,data,d8:d7:75:45:81:24,01:00:5e:00:00:fb,01:00:5e:00:00:fb,d8:d7:75:45:81:24,54:35:30:cf:ee:1e,,-45,1,2412,True,False
1778935855.726169,data,null_data,50:02:91:e8:18:ec,d8:d7:75:45:81:24,d8:d7:75:45:81:24,50:02:91:e8:18:ec,d8:d7:75:45:81:24,,-87,1,2412,False,False
1778935855.726179,control,ack,,50:02:91:e8:18:ec,50:02:91:e8:18:ec,,,,-47,1,2412,False,False
1778935855.7687905,management,beacon,d8:d7:75:45:81:24,ff:ff:ff:ff:ff:ff,ff:ff:ff:ff:ff:ff,d8:d7:75:45:81:24,d8:d7:75:45:81:24,FunBox2-8124,-47,1,2412,False,False
1778935855.871087,management,beacon,d8:d7:75:45:81:24,ff:ff:ff:ff:ff:ff,ff:ff:ff:ff:ff:ff,d8:d7:75:45:81:24,d8:d7:75:45:81:24,FunBox2-8124,-46,1,2412,False,False
1778935855.973428,management,beacon,d8:d7:75:45:81:24,ff:ff:ff:ff:ff:ff,ff:ff:ff:ff:ff:ff,d8:d7:75:45:81:24,d8:d7:75:45:81:24,FunBox2-8124,-47,1,2412,False,False
1778935856.0787187,management,beacon,d8:d7:75:45:81:24,ff:ff:ff:ff:ff:ff,ff:ff:ff:ff:ff:ff,d8:d7:75:45:81:24,d8:d7:75:45:81:24,FunBox2-8124,-46,1,2412,False,False
1778935856.178287,management,beacon,d8:d7:75:45:81:24,ff:ff:ff:ff:ff:ff,ff:ff:ff:ff:ff:ff,d8:d7:75:45:81:24,d8:d7:75:45:81:24,FunBox2-8124,-47,1,2412,False,False
1778935856.2806556,management,beacon,d8:d7:75:45:81:24,ff:ff:ff:ff:ff:ff,ff:ff:ff:ff:ff:ff,d8:d7:75:45:81:24,d8:d7:75:45:81:24,FunBox2-8124,-47,1,2412,False,False
1778935856.3830576,management,beacon,d8:d7:75:45:81:24,ff:ff:ff:ff:ff:ff,ff:ff:ff:ff:ff:ff,d8:d7:75:45:81:24,d8:d7:75:45:81:24,FunBox2-8124,-47,1,2412,False,False
1778935856.485461,management,beacon,d8:d7:75:45:81:24,ff:ff:ff:ff:ff:ff,ff:ff:ff:ff:ff:ff,d8:d7:75:45:81:24,d8:d7:75:45:81:24,FunBox2-8124,-46,1,2412,False,False
1778935856.587886,management,beacon,d8:d7:75:45:81:24,ff:ff:ff:ff:ff:ff,ff:ff:ff:ff:ff:ff,d8:d7:75:45:81:24,d8:d7:75:45:81:24,FunBox2-8124,-43,1,2412,False,False
1778935856.5934186,data,null_data,50:02:91:e8:18:ec,d8:d7:75:45:81:24,d8:d7:75:45:81:24,50:02:91:e8:18:ec,d8:d7:75:45:81:24,,-84,1,2412,False,False
1778935856.5934238,control,ack,,50:02:91:e8:18:ec,50:02:91:e8:18:ec,,,,-47,1,2412,False,False
1778935856.6902795,management,beacon,d8:d7:75:45:81:24,ff:ff:ff:ff:ff:ff,ff:ff:ff:ff:ff:ff,d8:d7:75:45:81:24,d8:d7:75:45:81:24,FunBox2-8124,-43,1,2412,False,False
1778935856.754261,control,ack,,50:02:91:e8:18:ec,50:02:91:e8:18:ec,,,,-46,1,2412,False,False
1778935856.7926512,management,beacon,d8:d7:75:45:81:24,ff:ff:ff:ff:ff:ff,ff:ff:ff:ff:ff:ff,d8:d7:75:45:81:24,d8:d7:75:45:81:24,FunBox2-8124,-47,1,2412,False,False
1778935856.8951344,management,beacon,d8:d7:75:45:81:24,ff:ff:ff:ff:ff:ff,ff:ff:ff:ff:ff:ff,d8:d7:75:45:81:24,d8:d7:75:45:81:24,FunBox2-8124,-48,1,2412,False,False
1778935856.997488,management,beacon,d8:d7:75:45:81:24,ff:ff:ff:ff:ff:ff,ff:ff:ff:ff:ff:ff,d8:d7:75:45:81:24,d8:d7:75:45:81:24,FunBox2-8124,-48,1,2412,False,False
1778935857.0998774,management,beacon,d8:d7:75:45:81:24,ff:ff:ff:ff:ff:ff,ff:ff:ff:ff:ff:ff,d8:d7:75:45:81:24,d8:d7:75:45:81:24,FunBox2-8124,-47,1,2412,False,False
1778935857.1010408,data,null_data,50:02:91:e8:18:ec,d8:d7:75:45:81:24,d8:d7:75:45:81:24,50:02:91:e8:18:ec,d8:d7:75:45:81:24,,-85,1,2412,False,False
1778935857.1010437,control,ack,,50:02:91:e8:18:ec,50:02:91:e8:18:ec,,,,-47,1,2412,False,False
1778935857.197506,data,data,d8:d7:75:45:81:24,33:33:00:00:00:fb,33:33:00:00:00:fb,d8:d7:75:45:81:24,d8:d7:75:45:81:24,,-46,1,2412,True,False
1778935857.1978025,control,ack,,d8:d7:75:45:81:24,d8:d7:75:45:81:24,,,,-84,1,2412,False,False
1778935857.2022738,management,beacon,d8:d7:75:45:81:24,ff:ff:ff:ff:ff:ff,ff:ff:ff:ff:ff:ff,d8:d7:75:45:81:24,d8:d7:75:45:81:24,FunBox2-8124,-44,1,2412,False,False
1778935857.3046715,management,beacon,d8:d7:75:45:81:24,ff:ff:ff:ff:ff:ff,ff:ff:ff:ff:ff:ff,d8:d7:75:45:81:24,d8:d7:75:45:81:24,FunBox2-8124,-46,1,2412,False,False
1778935857.3161075,data,data,d8:d7:75:45:81:24,33:33:00:00:00:fb,33:33:00:00:00:fb,d8:d7:75:45:81:24,d8:d7:75:45:81:24,,-43,1,2412,True,False
1778935857.3163967,control,ack,,d8:d7:75:45:81:24,d8:d7:75:45:81:24,,,,-86,1,2412,False,False
1778935857.4070625,management,beacon,d8:d7:75:45:81:24,ff:ff:ff:ff:ff:ff,ff:ff:ff:ff:ff:ff,d8:d7:75:45:81:24,d8:d7:75:45:81:24,FunBox2-8124,-43,1,2412,False,False
1778935857.438126,control,rts,54:35:30:cf:ee:1e,d8:d7:75:45:81:24,d8:d7:75:45:81:24,54:35:30:cf:ee:1e,,,-52,1,2412,False,False
1778935857.4381413,control,cts,,54:35:30:cf:ee:1e,54:35:30:cf:ee:1e,,,,-46,1,2412,False,False
1778935857.438144,data,qos_data,54:35:30:cf:ee:1e,d8:d7:75:45:81:24,d8:d7:75:45:81:24,54:35:30:cf:ee:1e,01:00:5e:7f:ff:fa,,-53,1,2412,True,False
1778935857.4381466,control,block_ack,d8:d7:75:45:81:24,54:35:30:cf:ee:1e,54:35:30:cf:ee:1e,d8:d7:75:45:81:24,,,-46,1,2412,False,False
1778935857.4395924,data,data,d8:d7:75:45:81:24,01:00:5e:7f:ff:fa,01:00:5e:7f:ff:fa,d8:d7:75:45:81:24,54:35:30:cf:ee:1e,,-45,1,2412,True,False
1778935857.4398942,control,ack,,d8:d7:75:45:81:24,d8:d7:75:45:81:24,,,,-87,1,2412,False,False
1778935857.509503,management,beacon,d8:d7:75:45:81:24,ff:ff:ff:ff:ff:ff,ff:ff:ff:ff:ff:ff,d8:d7:75:45:81:24,d8:d7:75:45:81:24,FunBox2-8124,-46,1,2412,False,False
1778935857.6003997,control,ack,,50:02:91:e8:18:ec,50:02:91:e8:18:ec,,,,-48,1,2412,False,False
1778935857.611892,management,beacon,d8:d7:75:45:81:24,ff:ff:ff:ff:ff:ff,ff:ff:ff:ff:ff:ff,d8:d7:75:45:81:24,d8:d7:75:45:81:24,FunBox2-8124,-42,1,2412,False,False
1778935857.714284,management,beacon,d8:d7:75:45:81:24,ff:ff:ff:ff:ff:ff,ff:ff:ff:ff:ff:ff,d8:d7:75:45:81:24,d8:d7:75:45:81:24,FunBox2-8124,-46,1,2412,False,False
1778935857.8167121,management,beacon,d8:d7:75:45:81:24,ff:ff:ff:ff:ff:ff,ff:ff:ff:ff:ff:ff,d8:d7:75:45:81:24,d8:d7:75:45:81:24,FunBox2-8124,-45,1,2412,False,False
1778935857.9191353,management,beacon,d8:d7:75:45:81:24,ff:ff:ff:ff:ff:ff,ff:ff:ff:ff:ff:ff,d8:d7:75:45:81:24,d8:d7:75:45:81:24,FunBox2-8124,-45,1,2412,False,False
1778935858.0215259,management,beacon,d8:d7:75:45:81:24,ff:ff:ff:ff:ff:ff,ff:ff:ff:ff:ff:ff,d8:d7:75:45:81:24,d8:d7:75:45:81:24,FunBox2-8124,-46,1,2412,False,False
1778935858.1239252,management,beacon,d8:d7:75:45:81:24,ff:ff:ff:ff:ff:ff,ff:ff:ff:ff:ff:ff,d8:d7:75:45:81:24,d8:d7:75:45:81:24,FunBox2-8124,-48,1,2412,False,False
1778935858.2263427,management,beacon,d8:d7:75:45:81:24,ff:ff:ff:ff:ff:ff,ff:ff:ff:ff:ff:ff,d8:d7:75:45:81:24,d8:d7:75:45:81:24,FunBox2-8124,-46,1,2412,False,False
1778935858.3287306,management,beacon,d8:d7:75:45:81:24,ff:ff:ff:ff:ff:ff,ff:ff:ff:ff:ff:ff,d8:d7:75:45:81:24,d8:d7:75:45:81:24,FunBox2-8124,-46,1,2412,False,False
1778935858.3299506,data,null_data,50:02:91:e8:18:ec,d8:d7:75:45:81:24,d8:d7:75:45:81:24,50:02:91:e8:18:ec,d8:d7:75:45:81:24,,-85,1,2412,False,False
1778935858.329953,control,ack,,50:02:91:e8:18:ec,50:02:91:e8:18:ec,,,,-46,1,2412,False,False
1778935858.4311244,management,beacon,d8:d7:75:45:81:24,ff:ff:ff:ff:ff:ff,ff:ff:ff:ff:ff:ff,d8:d7:75:45:81:24,d8:d7:75:45:81:24,FunBox2-8124,-46,1,2412,False,False
1778935858.4914188,data,null_data,50:02:91:e8:18:ec,d8:d7:75:45:81:24,d8:d7:75:45:81:24,50:02:91:e8:18:ec,d8:d7:75:45:81:24,,-85,1,2412,False,True
1778935858.4914336,control,ack,,50:02:91:e8:18:ec,50:02:91:e8:18:ec,,,,-47,1,2412,False,False
1778935858.533881,management,beacon,d8:d7:75:45:81:24,ff:ff:ff:ff:ff:ff,ff:ff:ff:ff:ff:ff,d8:d7:75:45:81:24,d8:d7:75:45:81:24,FunBox2-8124,-42,1,2412,False,False
1778935858.6359684,management,beacon,d8:d7:75:45:81:24,ff:ff:ff:ff:ff:ff,ff:ff:ff:ff:ff:ff,d8:d7:75:45:81:24,d8:d7:75:45:81:24,FunBox2-8124,-46,1,2412,False,False
1778935858.8430665,management,beacon,d8:d7:75:45:81:24,ff:ff:ff:ff:ff:ff,ff:ff:ff:ff:ff:ff,d8:d7:75:45:81:24,d8:d7:75:45:81:24,FunBox2-8124,-44,1,2412,False,False
1778935858.9432325,management,beacon,d8:d7:75:45:81:24,ff:ff:ff:ff:ff:ff,ff:ff:ff:ff:ff:ff,d8:d7:75:45:81:24,d8:d7:75:45:81:24,FunBox2-8124,-42,1,2412,False,False
1778935859.0463645,management,beacon,d8:d7:75:45:81:24,ff:ff:ff:ff:ff:ff,ff:ff:ff:ff:ff:ff,d8:d7:75:45:81:24,d8:d7:75:45:81:24,FunBox2-8124,-46,1,2412,False,False
1778935859.1479492,management,beacon,d8:d7:75:45:81:24,ff:ff:ff:ff:ff:ff,ff:ff:ff:ff:ff:ff,d8:d7:75:45:81:24,d8:d7:75:45:81:24,FunBox2-8124,-46,1,2412,False,False
1778935859.2087564,data,null_data,50:02:91:e8:18:ec,d8:d7:75:45:81:24,d8:d7:75:45:81:24,50:02:91:e8:18:ec,d8:d7:75:45:81:24,,-85,1,2412,False,True
1778935859.208768,control,ack,,50:02:91:e8:18:ec,50:02:91:e8:18:ec,,,,-47,1,2412,False,False
1778935859.2503607,management,beacon,d8:d7:75:45:81:24,ff:ff:ff:ff:ff:ff,ff:ff:ff:ff:ff:ff,d8:d7:75:45:81:24,d8:d7:75:45:81:24,FunBox2-8124,-47,1,2412,False,False
1778935859.35327,management,beacon,d8:d7:75:45:81:24,ff:ff:ff:ff:ff:ff,ff:ff:ff:ff:ff:ff,d8:d7:75:45:81:24,d8:d7:75:45:81:24,FunBox2-8124,-42,1,2412,False,False
1778935859.3697965,data,null_data,50:02:91:e8:18:ec,d8:d7:75:45:81:24,d8:d7:75:45:81:24,50:02:91:e8:18:ec,d8:d7:75:45:81:24,,-84,1,2412,False,False
1778935859.3698123,control,ack,,50:02:91:e8:18:ec,50:02:91:e8:18:ec,,,,-48,1,2412,False,False
1778935859.4551363,management,beacon,d8:d7:75:45:81:24,ff:ff:ff:ff:ff:ff,ff:ff:ff:ff:ff:ff,d8:d7:75:45:81:24,d8:d7:75:45:81:24,FunBox2-8124,-48,1,2412,False,False
1778935859.5575783,management,beacon,d8:d7:75:45:81:24,ff:ff:ff:ff:ff:ff,ff:ff:ff:ff:ff:ff,d8:d7:75:45:81:24,d8:d7:75:45:81:24,FunBox2-8124,-47,1,2412,False,False
1778935859.5594022,data,null_data,50:02:91:e8:18:ec,d8:d7:75:45:81:24,d8:d7:75:45:81:24,50:02:91:e8:18:ec,d8:d7:75:45:81:24,,-85,1,2412,False,True
1778935859.559407,control,ack,,50:02:91:e8:18:ec,50:02:91:e8:18:ec,,,,-47,1,2412,False,False
1778935859.6601164,management,beacon,d8:d7:75:45:81:24,ff:ff:ff:ff:ff:ff,ff:ff:ff:ff:ff:ff,d8:d7:75:45:81:24,d8:d7:75:45:81:24,FunBox2-8124,-41,1,2412,False,False
1778935859.7201796,data,null_data,50:02:91:e8:18:ec,d8:d7:75:45:81:24,d8:d7:75:45:81:24,50:02:91:e8:18:ec,d8:d7:75:45:81:24,,-86,1,2412,False,False
1778935859.720339,data,null_data,50:02:91:e8:18:ec,d8:d7:75:45:81:24,d8:d7:75:45:81:24,50:02:91:e8:18:ec,d8:d7:75:45:81:24,,-84,1,2412,False,True
1778935859.7208536,data,null_data,50:02:91:e8:18:ec,d8:d7:75:45:81:24,d8:d7:75:45:81:24,50:02:91:e8:18:ec,d8:d7:75:45:81:24,,-86,1,2412,False,True
1778935859.7208555,control,ack,,50:02:91:e8:18:ec,50:02:91:e8:18:ec,,,,-48,1,2412,False,False
1778935859.7625692,management,beacon,d8:d7:75:45:81:24,ff:ff:ff:ff:ff:ff,ff:ff:ff:ff:ff:ff,d8:d7:75:45:81:24,d8:d7:75:45:81:24,FunBox2-8124,-47,1,2412,False,False
1778935859.8647487,management,beacon,d8:d7:75:45:81:24,ff:ff:ff:ff:ff:ff,ff:ff:ff:ff:ff:ff,d8:d7:75:45:81:24,d8:d7:75:45:81:24,FunBox2-8124,-46,1,2412,False,False
1778935860.0710998,management,beacon,d8:d7:75:45:81:24,ff:ff:ff:ff:ff:ff,ff:ff:ff:ff:ff:ff,d8:d7:75:45:81:24,d8:d7:75:45:81:24,FunBox2-8124,-48,1,2412,False,False
1778935860.1731648,management,beacon,d8:d7:75:45:81:24,ff:ff:ff:ff:ff:ff,ff:ff:ff:ff:ff:ff,d8:d7:75:45:81:24,d8:d7:75:45:81:24,FunBox2-8124,-47,1,2412,False,False
1778935860.1745026,data,null_data,50:02:91:e8:18:ec,d8:d7:75:45:81:24,d8:d7:75:45:81:24,50:02:91:e8:18:ec,d8:d7:75:45:81:24,,-88,1,2412,False,True
1778935860.1750138,data,null_data,50:02:91:e8:18:ec,d8:d7:75:45:81:24,d8:d7:75:45:81:24,50:02:91:e8:18:ec,d8:d7:75:45:81:24,,-84,1,2412,False,True
1778935860.175016,control,ack,,50:02:91:e8:18:ec,50:02:91:e8:18:ec,,,,-48,1,2412,False,False
1778935860.1760495,data,data,d8:d7:75:45:81:24,ff:ff:ff:ff:ff:ff,ff:ff:ff:ff:ff:ff,d8:d7:75:45:81:24,d8:d7:75:45:81:24,,-43,1,2412,True,False
1778935860.1763682,control,ack,,d8:d7:75:45:81:24,d8:d7:75:45:81:24,,,,-83,1,2412,False,False
1778935860.1771436,management,action,d8:d7:75:45:81:24,50:02:91:e8:18:ec,50:02:91:e8:18:ec,d8:d7:75:45:81:24,d8:d7:75:45:81:24,,-42,1,2412,False,False
1778935860.1774797,control,ack,,d8:d7:75:45:81:24,d8:d7:75:45:81:24,,,,-84,1,2412,False,False
1778935860.1778553,control,ack,,50:02:91:e8:18:ec,50:02:91:e8:18:ec,,,,-45,1,2412,False,False
1778935860.1789587,control,rts,50:02:91:e8:18:ec,d8:d7:75:45:81:24,d8:d7:75:45:81:24,50:02:91:e8:18:ec,,,-86,1,2412,False,False
1778935860.1936216,control,rts,50:02:91:e8:18:ec,d8:d7:75:45:81:24,d8:d7:75:45:81:24,50:02:91:e8:18:ec,,,-86,1,2412,False,False
1778935860.1947365,control,rts,ac:84:c6:41:71:22,ce:d0:54:70:b1:b3,ce:d0:54:70:b1:b3,ac:84:c6:41:71:22,,,-86,1,2412,False,False
1778935860.2171943,control,rts,50:02:91:e8:18:ec,d8:d7:75:45:81:24,d8:d7:75:45:81:24,50:02:91:e8:18:ec,,,-83,1,2412,False,False
1778935860.2184992,control,rts,50:02:91:e8:18:ec,d8:d7:75:45:81:24,d8:d7:75:45:81:24,50:02:91:e8:18:ec,,,-83,1,2412,False,False
1778935860.219076,control,rts,50:02:91:e8:18:ec,d8:d7:75:45:81:24,d8:d7:75:45:81:24,50:02:91:e8:18:ec,,,-84,1,2412,False,False
1778935860.2196205,control,rts,50:02:91:e8:18:ec,d8:d7:75:45:81:24,d8:d7:75:45:81:24,50:02:91:e8:18:ec,,,-84,1,2412,False,False
1778935860.2744043,management,beacon,d8:d7:75:45:81:24,ff:ff:ff:ff:ff:ff,ff:ff:ff:ff:ff:ff,d8:d7:75:45:81:24,d8:d7:75:45:81:24,FunBox2-8124,-47,1,2412,False,False
1778935860.280473,control,cts,,54:35:30:cf:ee:1e,54:35:30:cf:ee:1e,,,,-52,1,2412,False,False
1778935860.381209,data,null_data,50:02:91:e8:18:ec,d8:d7:75:45:81:24,d8:d7:75:45:81:24,50:02:91:e8:18:ec,d8:d7:75:45:81:24,,-87,1,2412,False,False
1778935860.3812163,control,ack,,50:02:91:e8:18:ec,50:02:91:e8:18:ec,,,,-46,1,2412,False,False
1778935860.4007795,management,beacon,d8:d7:75:45:81:24,ff:ff:ff:ff:ff:ff,ff:ff:ff:ff:ff:ff,d8:d7:75:45:81:24,d8:d7:75:45:81:24,FunBox2-8124,-40,1,2412,False,False
1778935860.480482,management,beacon,d8:d7:75:45:81:24,ff:ff:ff:ff:ff:ff,ff:ff:ff:ff:ff:ff,d8:d7:75:45:81:24,d8:d7:75:45:81:24,FunBox2-8124,-41,1,2412,False,False
1778935860.5819204,management,beacon,d8:d7:75:45:81:24,ff:ff:ff:ff:ff:ff,ff:ff:ff:ff:ff:ff,d8:d7:75:45:81:24,d8:d7:75:45:81:24,FunBox2-8124,-42,1,2412,False,False
1778935860.686349,management,beacon,d8:d7:75:45:81:24,ff:ff:ff:ff:ff:ff,ff:ff:ff:ff:ff:ff,d8:d7:75:45:81:24,d8:d7:75:45:81:24,FunBox2-8124,-46,1,2412,False,False
1778935860.7865894,management,beacon,d8:d7:75:45:81:24,ff:ff:ff:ff:ff:ff,ff:ff:ff:ff:ff:ff,d8:d7:75:45:81:24,d8:d7:75:45:81:24,FunBox2-8124,-48,1,2412,False,False
1778935860.889169,management,beacon,d8:d7:75:45:81:24,ff:ff:ff:ff:ff:ff,ff:ff:ff:ff:ff:ff,d8:d7:75:45:81:24,d8:d7:75:45:81:24,FunBox2-8124,-49,1,2412,False,False
1778935860.957444,control,rts,ac:84:c6:41:71:22,ce:d0:54:70:b1:b3,ce:d0:54:70:b1:b3,ac:84:c6:41:71:22,,,-85,1,2412,False,False
1778935860.9949017,management,beacon,d8:d7:75:45:81:24,ff:ff:ff:ff:ff:ff,ff:ff:ff:ff:ff:ff,d8:d7:75:45:81:24,d8:d7:75:45:81:24,FunBox2-8124,-49,1,2412,False,False
1778935861.0890868,control,rts,ac:84:c6:41:71:22,ce:d0:54:70:b1:b3,ce:d0:54:70:b1:b3,ac:84:c6:41:71:22,,,-82,1,2412,False,False
1778935861.094297,management,beacon,d8:d7:75:45:81:24,ff:ff:ff:ff:ff:ff,ff:ff:ff:ff:ff:ff,d8:d7:75:45:81:24,d8:d7:75:45:81:24,FunBox2-8124,-47,1,2412,False,False
1778935861.1047046,control,cts,,ce:d0:54:70:b1:b3,ce:d0:54:70:b1:b3,,,,-84,1,2412,False,False
1778935861.1963384,management,beacon,d8:d7:75:45:81:24,ff:ff:ff:ff:ff:ff,ff:ff:ff:ff:ff:ff,d8:d7:75:45:81:24,d8:d7:75:45:81:24,FunBox2-8124,-47,1,2412,False,False
1778935861.2008538,control,cts,,ce:d0:54:70:b1:b3,ce:d0:54:70:b1:b3,,,,-87,1,2412,False,False
1778935861.2446492,control,rts,ac:84:c6:41:71:22,ce:d0:54:70:b1:b3,ce:d0:54:70:b1:b3,ac:84:c6:41:71:22,,,-86,1,2412,False,False
1778935861.3005238,management,beacon,d8:d7:75:45:81:24,ff:ff:ff:ff:ff:ff,ff:ff:ff:ff:ff:ff,d8:d7:75:45:81:24,d8:d7:75:45:81:24,FunBox2-8124,-47,1,2412,False,False
1778935861.3035085,control,rts,ac:84:c6:41:71:22,ce:d0:54:70:b1:b3,ce:d0:54:70:b1:b3,ac:84:c6:41:71:22,,,-87,1,2412,False,False
1778935861.4037473,management,beacon,d8:d7:75:45:81:24,ff:ff:ff:ff:ff:ff,ff:ff:ff:ff:ff:ff,d8:d7:75:45:81:24,d8:d7:75:45:81:24,FunBox2-8124,-48,1,2412,False,False
1778935861.5032668,management,beacon,d8:d7:75:45:81:24,ff:ff:ff:ff:ff:ff,ff:ff:ff:ff:ff:ff,d8:d7:75:45:81:24,d8:d7:75:45:81:24,FunBox2-8124,-48,1,2412,False,False
1778935861.5217228,control,rts,ac:84:c6:41:71:22,ce:d0:54:70:b1:b3,ce:d0:54:70:b1:b3,ac:84:c6:41:71:22,,,-89,1,2412,False,False
1778935861.606831,management,beacon,d8:d7:75:45:81:24,ff:ff:ff:ff:ff:ff,ff:ff:ff:ff:ff:ff,d8:d7:75:45:81:24,d8:d7:75:45:81:24,FunBox2-8124,-43,1,2412,False,False
1778935861.7138436,management,beacon,d8:d7:75:45:81:24,ff:ff:ff:ff:ff:ff,ff:ff:ff:ff:ff:ff,d8:d7:75:45:81:24,d8:d7:75:45:81:24,FunBox2-8124,-43,1,2412,False,False
1778935861.8128624,management,beacon,d8:d7:75:45:81:24,ff:ff:ff:ff:ff:ff,ff:ff:ff:ff:ff:ff,d8:d7:75:45:81:24,d8:d7:75:45:81:24,FunBox2-8124,-52,1,2412,False,False
1778935861.9280708,management,beacon,d8:d7:75:45:81:24,ff:ff:ff:ff:ff:ff,ff:ff:ff:ff:ff:ff,d8:d7:75:45:81:24,d8:d7:75:45:81:24,FunBox2-8124,-49,1,2412,False,False
1778935862.0173159,management,beacon,d8:d7:75:45:81:24,ff:ff:ff:ff:ff:ff,ff:ff:ff:ff:ff:ff,d8:d7:75:45:81:24,d8:d7:75:45:81:24,FunBox2-8124,-47,1,2412,False,False
1778935862.0185125,data,null_data,50:02:91:e8:18:ec,d8:d7:75:45:81:24,d8:d7:75:45:81:24,50:02:91:e8:18:ec,d8:d7:75:45:81:24,,-86,1,2412,False,False
1778935862.0185156,control,ack,,50:02:91:e8:18:ec,50:02:91:e8:18:ec,,,,-48,1,2412,False,False
1778935862.1176724,management,beacon,d8:d7:75:45:81:24,ff:ff:ff:ff:ff:ff,ff:ff:ff:ff:ff:ff,d8:d7:75:45:81:24,d8:d7:75:45:81:24,FunBox2-8124,-48,1,2412,False,False
1778935862.179356,data,null_data,50:02:91:e8:18:ec,d8:d7:75:45:81:24,d8:d7:75:45:81:24,50:02:91:e8:18:ec,d8:d7:75:45:81:24,,-85,1,2412,False,False
1778935862.1793737,control,ack,,50:02:91:e8:18:ec,50:02:91:e8:18:ec,,,,-48,1,2412,False,False
1778935862.220071,management,beacon,d8:d7:75:45:81:24,ff:ff:ff:ff:ff:ff,ff:ff:ff:ff:ff:ff,d8:d7:75:45:81:24,d8:d7:75:45:81:24,FunBox2-8124,-48,1,2412,False,False
1778935862.3012724,management,probe_response,d8:d7:75:45:81:24,fa:a0:a3:c9:3a:c3,fa:a0:a3:c9:3a:c3,d8:d7:75:45:81:24,d8:d7:75:45:81:24,FunBox2-8124,-48,1,2412,False,False
1778935862.3049576,management,probe_response,d8:d7:75:45:81:24,fa:a0:a3:c9:3a:c3,fa:a0:a3:c9:3a:c3,d8:d7:75:45:81:24,d8:d7:75:45:81:24,FunBox2-8124,-47,1,2412,False,True
1778935862.311661,management,probe_response,d8:d7:75:45:81:24,fa:a0:a3:c9:3a:c3,fa:a0:a3:c9:3a:c3,d8:d7:75:45:81:24,d8:d7:75:45:81:24,FunBox2-8124,-47,1,2412,False,True
1778935862.3153675,management,probe_response,d8:d7:75:45:81:24,fa:a0:a3:c9:3a:c3,fa:a0:a3:c9:3a:c3,d8:d7:75:45:81:24,d8:d7:75:45:81:24,FunBox2-8124,-46,1,2412,False,True
1778935862.3190277,management,probe_response,d8:d7:75:45:81:24,fa:a0:a3:c9:3a:c3,fa:a0:a3:c9:3a:c3,d8:d7:75:45:81:24,d8:d7:75:45:81:24,FunBox2-8124,-47,1,2412,False,True
1778935862.3233702,management,beacon,d8:d7:75:45:81:24,ff:ff:ff:ff:ff:ff,ff:ff:ff:ff:ff:ff,d8:d7:75:45:81:24,d8:d7:75:45:81:24,FunBox2-8124,-46,1,2412,False,False
1778935862.4168282,management,probe_request,32:ae:20:5e:26:fd,ff:ff:ff:ff:ff:ff,ff:ff:ff:ff:ff:ff,32:ae:20:5e:26:fd,ff:ff:ff:ff:ff:ff,<hidden>,-55,1,2412,False,False
1778935862.4200993,management,probe_response,d8:d7:75:45:81:24,32:ae:20:5e:26:fd,32:ae:20:5e:26:fd,d8:d7:75:45:81:24,d8:d7:75:45:81:24,FunBox2-8124,-47,1,2412,False,False
1778935862.4203742,control,ack,,d8:d7:75:45:81:24,d8:d7:75:45:81:24,,,,-56,1,2412,False,False
1778935862.4280522,management,beacon,d8:d7:75:45:81:24,ff:ff:ff:ff:ff:ff,ff:ff:ff:ff:ff:ff,d8:d7:75:45:81:24,d8:d7:75:45:81:24,FunBox2-8124,-46,1,2412,False,False
1778935862.4302247,management,probe_request,32:ae:20:5e:26:fd,ff:ff:ff:ff:ff:ff,ff:ff:ff:ff:ff:ff,32:ae:20:5e:26:fd,ff:ff:ff:ff:ff:ff,<hidden>,-54,1,2412,False,False
1778935862.4334888,management,probe_response,d8:d7:75:45:81:24,32:ae:20:5e:26:fd,32:ae:20:5e:26:fd,d8:d7:75:45:81:24,d8:d7:75:45:81:24,FunBox2-8124,-48,1,2412,False,False
1778935862.433744,control,ack,,d8:d7:75:45:81:24,d8:d7:75:45:81:24,,,,-56,1,2412,False,False
1778935862.4535937,management,probe_request,56:42:22:ea:88:41,ff:ff:ff:ff:ff:ff,ff:ff:ff:ff:ff:ff,56:42:22:ea:88:41,ff:ff:ff:ff:ff:ff,<hidden>,-54,1,2412,False,False
1778935862.5273123,management,beacon,d8:d7:75:45:81:24,ff:ff:ff:ff:ff:ff,ff:ff:ff:ff:ff:ff,d8:d7:75:45:81:24,d8:d7:75:45:81:24,FunBox2-8124,-47,1,2412,False,False
1778935862.6296918,management,beacon,d8:d7:75:45:81:24,ff:ff:ff:ff:ff:ff,ff:ff:ff:ff:ff:ff,d8:d7:75:45:81:24,d8:d7:75:45:81:24,FunBox2-8124,-41,1,2412,False,False
1778935862.732186,management,beacon,d8:d7:75:45:81:24,ff:ff:ff:ff:ff:ff,ff:ff:ff:ff:ff:ff,d8:d7:75:45:81:24,d8:d7:75:45:81:24,FunBox2-8124,-44,1,2412,False,False
1778935862.8344765,management,beacon,d8:d7:75:45:81:24,ff:ff:ff:ff:ff:ff,ff:ff:ff:ff:ff:ff,d8:d7:75:45:81:24,d8:d7:75:45:81:24,FunBox2-8124,-42,1,2412,False,False
1778935862.9368742,management,beacon,d8:d7:75:45:81:24,ff:ff:ff:ff:ff:ff,ff:ff:ff:ff:ff:ff,d8:d7:75:45:81:24,d8:d7:75:45:81:24,FunBox2-8124,-43,1,2412,False,False
1778935863.0393503,management,beacon,d8:d7:75:45:81:24,ff:ff:ff:ff:ff:ff,ff:ff:ff:ff:ff:ff,d8:d7:75:45:81:24,d8:d7:75:45:81:24,FunBox2-8124,-41,1,2412,False,False
1778935863.1417317,management,beacon,d8:d7:75:45:81:24,ff:ff:ff:ff:ff:ff,ff:ff:ff:ff:ff:ff,d8:d7:75:45:81:24,d8:d7:75:45:81:24,FunBox2-8124,-41,1,2412,False,False
1778935863.244132,management,beacon,d8:d7:75:45:81:24,ff:ff:ff:ff:ff:ff,ff:ff:ff:ff:ff:ff,d8:d7:75:45:81:24,d8:d7:75:45:81:24,FunBox2-8124,-44,1,2412,False,False
1778935863.3470752,management,beacon,d8:d7:75:45:81:24,ff:ff:ff:ff:ff:ff,ff:ff:ff:ff:ff:ff,d8:d7:75:45:81:24,d8:d7:75:45:81:24,FunBox2-8124,-42,1,2412,False,False
1778935863.551306,management,beacon,d8:d7:75:45:81:24,ff:ff:ff:ff:ff:ff,ff:ff:ff:ff:ff:ff,d8:d7:75:45:81:24,d8:d7:75:45:81:24,FunBox2-8124,-42,1,2412,False,False
1778935863.552434,data,null_data,50:02:91:e8:18:ec,d8:d7:75:45:81:24,d8:d7:75:45:81:24,50:02:91:e8:18:ec,d8:d7:75:45:81:24,,-84,1,2412,False,False
1778935863.5527186,data,null_data,50:02:91:e8:18:ec,d8:d7:75:45:81:24,d8:d7:75:45:81:24,50:02:91:e8:18:ec,d8:d7:75:45:81:24,,-84,1,2412,False,True
1778935863.55272,control,ack,,50:02:91:e8:18:ec,50:02:91:e8:18:ec,,,,-47,1,2412,False,False
1778935863.6577096,management,beacon,d8:d7:75:45:81:24,ff:ff:ff:ff:ff:ff,ff:ff:ff:ff:ff:ff,d8:d7:75:45:81:24,d8:d7:75:45:81:24,FunBox2-8124,-42,1,2412,False,False
1778935863.713518,data,null_data,50:02:91:e8:18:ec,d8:d7:75:45:81:24,d8:d7:75:45:81:24,50:02:91:e8:18:ec,d8:d7:75:45:81:24,,-86,1,2412,False,False
1778935863.713753,control,ack,,50:02:91:e8:18:ec,50:02:91:e8:18:ec,,,,-46,1,2412,False,False
1778935863.7561421,management,beacon,d8:d7:75:45:81:24,ff:ff:ff:ff:ff:ff,ff:ff:ff:ff:ff:ff,d8:d7:75:45:81:24,d8:d7:75:45:81:24,FunBox2-8124,-42,1,2412,False,False
1778935863.8586996,management,beacon,d8:d7:75:45:81:24,ff:ff:ff:ff:ff:ff,ff:ff:ff:ff:ff:ff,d8:d7:75:45:81:24,d8:d7:75:45:81:24,FunBox2-8124,-42,1,2412,False,False
1778935863.91428,control,cts,,ce:d0:54:70:b1:b3,ce:d0:54:70:b1:b3,,,,-88,1,2412,False,False
1778935863.9651344,management,probe_response,d8:d7:75:45:81:24,2a:ee:65:20:fb:24,2a:ee:65:20:fb:24,d8:d7:75:45:81:24,d8:d7:75:45:81:24,FunBox2-8124,-41,1,2412,False,False
1778935863.9695222,management,probe_response,d8:d7:75:45:81:24,2a:ee:65:20:fb:24,2a:ee:65:20:fb:24,d8:d7:75:45:81:24,d8:d7:75:45:81:24,FunBox2-8124,-43,1,2412,False,True
1778935864.063771,management,beacon,d8:d7:75:45:81:24,ff:ff:ff:ff:ff:ff,ff:ff:ff:ff:ff:ff,d8:d7:75:45:81:24,d8:d7:75:45:81:24,FunBox2-8124,-42,1,2412,False,False
1778935864.1657574,management,beacon,d8:d7:75:45:81:24,ff:ff:ff:ff:ff:ff,ff:ff:ff:ff:ff:ff,d8:d7:75:45:81:24,d8:d7:75:45:81:24,FunBox2-8124,-42,1,2412,False,False
1778935864.2681355,management,beacon,d8:d7:75:45:81:24,ff:ff:ff:ff:ff:ff,ff:ff:ff:ff:ff:ff,d8:d7:75:45:81:24,d8:d7:75:45:81:24,FunBox2-8124,-45,1,2412,False,False
1778935864.2736359,data,null_data,50:02:91:e8:18:ec,d8:d7:75:45:81:24,d8:d7:75:45:81:24,50:02:91:e8:18:ec,d8:d7:75:45:81:24,,-83,1,2412,False,False
1778935864.273889,data,null_data,50:02:91:e8:18:ec,d8:d7:75:45:81:24,d8:d7:75:45:81:24,50:02:91:e8:18:ec,d8:d7:75:45:81:24,,-84,1,2412,False,True
1778935864.2738905,control,ack,,50:02:91:e8:18:ec,50:02:91:e8:18:ec,,,,-46,1,2412,False,False
1778935864.3708644,management,beacon,d8:d7:75:45:81:24,ff:ff:ff:ff:ff:ff,ff:ff:ff:ff:ff:ff,d8:d7:75:45:81:24,d8:d7:75:45:81:24,FunBox2-8124,-43,1,2412,False,False
1778935864.4347813,data,null_data,50:02:91:e8:18:ec,d8:d7:75:45:81:24,d8:d7:75:45:81:24,50:02:91:e8:18:ec,d8:d7:75:45:81:24,,-83,1,2412,False,False
1778935864.4347897,control,ack,,50:02:91:e8:18:ec,50:02:91:e8:18:ec,,,,-47,1,2412,False,False
1778935864.5753636,management,beacon,d8:d7:75:45:81:24,ff:ff:ff:ff:ff:ff,ff:ff:ff:ff:ff:ff,d8:d7:75:45:81:24,d8:d7:75:45:81:24,FunBox2-8124,-45,1,2412,False,False
1778935864.6778235,management,beacon,d8:d7:75:45:81:24,ff:ff:ff:ff:ff:ff,ff:ff:ff:ff:ff:ff,d8:d7:75:45:81:24,d8:d7:75:45:81:24,FunBox2-8124,-44,1,2412,False,False
1778935864.784402,management,beacon,d8:d7:75:45:81:24,ff:ff:ff:ff:ff:ff,ff:ff:ff:ff:ff:ff,d8:d7:75:45:81:24,d8:d7:75:45:81:24,FunBox2-8124,-43,1,2412,False,False
1778935864.88254,management,beacon,d8:d7:75:45:81:24,ff:ff:ff:ff:ff:ff,ff:ff:ff:ff:ff:ff,d8:d7:75:45:81:24,d8:d7:75:45:81:24,FunBox2-8124,-44,1,2412,False,False
1778935865.0879588,management,beacon,d8:d7:75:45:81:24,ff:ff:ff:ff:ff:ff,ff:ff:ff:ff:ff:ff,d8:d7:75:45:81:24,d8:d7:75:45:81:24,FunBox2-8124,-43,1,2412,False,False
1778935865.1904483,management,beacon,d8:d7:75:45:81:24,ff:ff:ff:ff:ff:ff,ff:ff:ff:ff:ff:ff,d8:d7:75:45:81:24,d8:d7:75:45:81:24,FunBox2-8124,-46,1,2412,False,False
1778935865.1918938,data,null_data,50:02:91:e8:18:ec,d8:d7:75:45:81:24,d8:d7:75:45:81:24,50:02:91:e8:18:ec,d8:d7:75:45:81:24,,-84,1,2412,False,True
1778935865.1919034,control,ack,,50:02:91:e8:18:ec,50:02:91:e8:18:ec,,,,-45,1,2412,False,False
1778935865.2924132,management,beacon,d8:d7:75:45:81:24,ff:ff:ff:ff:ff:ff,ff:ff:ff:ff:ff:ff,d8:d7:75:45:81:24,d8:d7:75:45:81:24,FunBox2-8124,-43,1,2412,False,False
1778935865.3526807,data,null_data,50:02:91:e8:18:ec,d8:d7:75:45:81:24,d8:d7:75:45:81:24,50:02:91:e8:18:ec,d8:d7:75:45:81:24,,-84,1,2412,False,False
1778935865.352917,data,null_data,50:02:91:e8:18:ec,d8:d7:75:45:81:24,d8:d7:75:45:81:24,50:02:91:e8:18:ec,d8:d7:75:45:81:24,,-86,1,2412,False,True
1778935865.3529203,control,ack,,50:02:91:e8:18:ec,50:02:91:e8:18:ec,,,,-47,1,2412,False,False
1778935865.394658,management,beacon,d8:d7:75:45:81:24,ff:ff:ff:ff:ff:ff,ff:ff:ff:ff:ff:ff,d8:d7:75:45:81:24,d8:d7:75:45:81:24,FunBox2-8124,-42,1,2412,False,False
1778935865.5994189,management,beacon,d8:d7:75:45:81:24,ff:ff:ff:ff:ff:ff,ff:ff:ff:ff:ff:ff,d8:d7:75:45:81:24,d8:d7:75:45:81:24,FunBox2-8124,-42,1,2412,False,False
1778935865.701796,management,beacon,d8:d7:75:45:81:24,ff:ff:ff:ff:ff:ff,ff:ff:ff:ff:ff:ff,d8:d7:75:45:81:24,d8:d7:75:45:81:24,FunBox2-8124,-42,1,2412,False,False
1778935865.8042016,management,beacon,d8:d7:75:45:81:24,ff:ff:ff:ff:ff:ff,ff:ff:ff:ff:ff:ff,d8:d7:75:45:81:24,d8:d7:75:45:81:24,FunBox2-8124,-47,1,2412,False,False
1778935865.9065878,management,beacon,d8:d7:75:45:81:24,ff:ff:ff:ff:ff:ff,ff:ff:ff:ff:ff:ff,d8:d7:75:45:81:24,d8:d7:75:45:81:24,FunBox2-8124,-49,1,2412,False,False
1778935866.1113923,management,beacon,d8:d7:75:45:81:24,ff:ff:ff:ff:ff:ff,ff:ff:ff:ff:ff:ff,d8:d7:75:45:81:24,d8:d7:75:45:81:24,FunBox2-8124,-48,1,2412,False,False
1778935866.2138,management,beacon,d8:d7:75:45:81:24,ff:ff:ff:ff:ff:ff,ff:ff:ff:ff:ff:ff,d8:d7:75:45:81:24,d8:d7:75:45:81:24,FunBox2-8124,-44,1,2412,False,False
1778935866.3162115,management,beacon,d8:d7:75:45:81:24,ff:ff:ff:ff:ff:ff,ff:ff:ff:ff:ff:ff,d8:d7:75:45:81:24,d8:d7:75:45:81:24,FunBox2-8124,-44,1,2412,False,False
1778935866.4187121,management,beacon,d8:d7:75:45:81:24,ff:ff:ff:ff:ff:ff,ff:ff:ff:ff:ff:ff,d8:d7:75:45:81:24,d8:d7:75:45:81:24,FunBox2-8124,-42,1,2412,False,False
1778935866.6234984,management,beacon,d8:d7:75:45:81:24,ff:ff:ff:ff:ff:ff,ff:ff:ff:ff:ff:ff,d8:d7:75:45:81:24,d8:d7:75:45:81:24,FunBox2-8124,-42,1,2412,False,False
1778935866.625032,data,data,d8:d7:75:45:81:24,01:00:5e:00:00:fb,01:00:5e:00:00:fb,d8:d7:75:45:81:24,8a:f4:af:eb:f3:fb,,-42,1,2412,True,False
1778935866.6255414,control,ack,,d8:d7:75:45:81:24,d8:d7:75:45:81:24,,,,-84,1,2412,False,False
1778935866.6255438,data,null_data,50:02:91:e8:18:ec,d8:d7:75:45:81:24,d8:d7:75:45:81:24,50:02:91:e8:18:ec,d8:d7:75:45:81:24,,-86,1,2412,False,False
1778935866.625545,control,ack,,50:02:91:e8:18:ec,50:02:91:e8:18:ec,,,,-47,1,2412,False,False
1778935866.6274033,data,data,d8:d7:75:45:81:24,33:33:00:00:00:fb,33:33:00:00:00:fb,d8:d7:75:45:81:24,8a:f4:af:eb:f3:fb,,-46,1,2412,True,False
1778935866.7258468,management,beacon,d8:d7:75:45:81:24,ff:ff:ff:ff:ff:ff,ff:ff:ff:ff:ff:ff,d8:d7:75:45:81:24,d8:d7:75:45:81:24,FunBox2-8124,-49,1,2412,False,False
1778935866.786614,control,ack,,50:02:91:e8:18:ec,50:02:91:e8:18:ec,,,,-44,1,2412,False,False
1778935866.8282804,management,beacon,d8:d7:75:45:81:24,ff:ff:ff:ff:ff:ff,ff:ff:ff:ff:ff:ff,d8:d7:75:45:81:24,d8:d7:75:45:81:24,FunBox2-8124,-46,1,2412,False,False
1778935866.9306986,management,beacon,d8:d7:75:45:81:24,ff:ff:ff:ff:ff:ff,ff:ff:ff:ff:ff:ff,d8:d7:75:45:81:24,d8:d7:75:45:81:24,FunBox2-8124,-46,1,2412,False,False
1778935867.1354318,management,beacon,d8:d7:75:45:81:24,ff:ff:ff:ff:ff:ff,ff:ff:ff:ff:ff:ff,d8:d7:75:45:81:24,d8:d7:75:45:81:24,FunBox2-8124,-46,1,2412,False,False
1778935867.2378387,management,beacon,d8:d7:75:45:81:24,ff:ff:ff:ff:ff:ff,ff:ff:ff:ff:ff:ff,d8:d7:75:45:81:24,d8:d7:75:45:81:24,FunBox2-8124,-47,1,2412,False,False
1778935867.3402302,management,beacon,d8:d7:75:45:81:24,ff:ff:ff:ff:ff:ff,ff:ff:ff:ff:ff:ff,d8:d7:75:45:81:24,d8:d7:75:45:81:24,FunBox2-8124,-45,1,2412,False,False
1778935867.442671,management,beacon,d8:d7:75:45:81:24,ff:ff:ff:ff:ff:ff,ff:ff:ff:ff:ff:ff,d8:d7:75:45:81:24,d8:d7:75:45:81:24,FunBox2-8124,-46,1,2412,False,False
1778935867.5459216,data,data,d8:d7:75:45:81:24,ff:ff:ff:ff:ff:ff,ff:ff:ff:ff:ff:ff,d8:d7:75:45:81:24,d8:d7:75:45:81:24,,-43,1,2412,True,False
1778935867.5462608,control,ack,,d8:d7:75:45:81:24,d8:d7:75:45:81:24,,,,-85,1,2412,False,False
1778935867.5474193,data,data,d8:d7:75:45:81:24,ff:ff:ff:ff:ff:ff,ff:ff:ff:ff:ff:ff,d8:d7:75:45:81:24,d8:d7:75:45:81:24,,-43,1,2412,True,False
1778935867.5476825,data,null_data,50:02:91:e8:18:ec,d8:d7:75:45:81:24,d8:d7:75:45:81:24,50:02:91:e8:18:ec,d8:d7:75:45:81:24,,-84,1,2412,False,True
1778935867.5476847,control,ack,,50:02:91:e8:18:ec,50:02:91:e8:18:ec,,,,-47,1,2412,False,False
1778935867.647445,management,beacon,d8:d7:75:45:81:24,ff:ff:ff:ff:ff:ff,ff:ff:ff:ff:ff:ff,d8:d7:75:45:81:24,d8:d7:75:45:81:24,FunBox2-8124,-46,1,2412,False,False
1778935867.708591,data,null_data,50:02:91:e8:18:ec,d8:d7:75:45:81:24,d8:d7:75:45:81:24,50:02:91:e8:18:ec,d8:d7:75:45:81:24,,-85,1,2412,False,False
1778935867.7086082,control,ack,,50:02:91:e8:18:ec,50:02:91:e8:18:ec,,,,-48,1,2412,False,False
1778935867.7498896,management,beacon,d8:d7:75:45:81:24,ff:ff:ff:ff:ff:ff,ff:ff:ff:ff:ff:ff,d8:d7:75:45:81:24,d8:d7:75:45:81:24,FunBox2-8124,-42,1,2412,False,False
1778935867.852314,management,beacon,d8:d7:75:45:81:24,ff:ff:ff:ff:ff:ff,ff:ff:ff:ff:ff:ff,d8:d7:75:45:81:24,d8:d7:75:45:81:24,FunBox2-8124,-48,1,2412,False,False
1778935867.9546876,management,beacon,d8:d7:75:45:81:24,ff:ff:ff:ff:ff:ff,ff:ff:ff:ff:ff:ff,d8:d7:75:45:81:24,d8:d7:75:45:81:24,FunBox2-8124,-47,1,2412,False,False
1778935868.159489,management,beacon,d8:d7:75:45:81:24,ff:ff:ff:ff:ff:ff,ff:ff:ff:ff:ff:ff,d8:d7:75:45:81:24,d8:d7:75:45:81:24,FunBox2-8124,-45,1,2412,False,False
1778935868.2641294,management,beacon,d8:d7:75:45:81:24,ff:ff:ff:ff:ff:ff,ff:ff:ff:ff:ff:ff,d8:d7:75:45:81:24,d8:d7:75:45:81:24,FunBox2-8124,-48,1,2412,False,False
1778935868.364317,management,beacon,d8:d7:75:45:81:24,ff:ff:ff:ff:ff:ff,ff:ff:ff:ff:ff:ff,d8:d7:75:45:81:24,d8:d7:75:45:81:24,FunBox2-8124,-49,1,2412,False,False
1778935868.468607,management,beacon,d8:d7:75:45:81:24,ff:ff:ff:ff:ff:ff,ff:ff:ff:ff:ff:ff,d8:d7:75:45:81:24,d8:d7:75:45:81:24,FunBox2-8124,-43,1,2412,False,False
1778935868.671511,management,beacon,d8:d7:75:45:81:24,ff:ff:ff:ff:ff:ff,ff:ff:ff:ff:ff:ff,d8:d7:75:45:81:24,d8:d7:75:45:81:24,FunBox2-8124,-47,1,2412,False,False
1778935868.7739105,management,beacon,d8:d7:75:45:81:24,ff:ff:ff:ff:ff:ff,ff:ff:ff:ff:ff:ff,d8:d7:75:45:81:24,d8:d7:75:45:81:24,FunBox2-8124,-43,1,2412,False,False
1778935868.8763013,management,beacon,d8:d7:75:45:81:24,ff:ff:ff:ff:ff:ff,ff:ff:ff:ff:ff:ff,d8:d7:75:45:81:24,d8:d7:75:45:81:24,FunBox2-8124,-44,1,2412,False,False
1778935868.9787107,management,beacon,d8:d7:75:45:81:24,ff:ff:ff:ff:ff:ff,ff:ff:ff:ff:ff:ff,d8:d7:75:45:81:24,d8:d7:75:45:81:24,FunBox2-8124,-43,1,2412,False,False
1778935869.0811365,management,beacon,d8:d7:75:45:81:24,ff:ff:ff:ff:ff:ff,ff:ff:ff:ff:ff:ff,d8:d7:75:45:81:24,d8:d7:75:45:81:24,FunBox2-8124,-44,1,2412,False,False
1778935869.1835477,management,beacon,d8:d7:75:45:81:24,ff:ff:ff:ff:ff:ff,ff:ff:ff:ff:ff:ff,d8:d7:75:45:81:24,d8:d7:75:45:81:24,FunBox2-8124,-43,1,2412,False,False
1778935869.2087255,data,null_data,50:02:91:e8:18:ec,d8:d7:75:45:81:24,d8:d7:75:45:81:24,50:02:91:e8:18:ec,d8:d7:75:45:81:24,,-82,1,2412,False,False
1778935869.208734,control,ack,,50:02:91:e8:18:ec,50:02:91:e8:18:ec,,,,-47,1,2412,False,False
1778935869.2859116,management,beacon,d8:d7:75:45:81:24,ff:ff:ff:ff:ff:ff,ff:ff:ff:ff:ff:ff,d8:d7:75:45:81:24,d8:d7:75:45:81:24,FunBox2-8124,-53,1,2412,False,False
1778935869.3697417,data,null_data,50:02:91:e8:18:ec,d8:d7:75:45:81:24,d8:d7:75:45:81:24,50:02:91:e8:18:ec,d8:d7:75:45:81:24,,-85,1,2412,False,False
1778935869.3697553,control,ack,,50:02:91:e8:18:ec,50:02:91:e8:18:ec,,,,-51,1,2412,False,False
1778935869.3883147,management,beacon,d8:d7:75:45:81:24,ff:ff:ff:ff:ff:ff,ff:ff:ff:ff:ff:ff,d8:d7:75:45:81:24,d8:d7:75:45:81:24,FunBox2-8124,-43,1,2412,False,False
1778935869.4907422,management,beacon,d8:d7:75:45:81:24,ff:ff:ff:ff:ff:ff,ff:ff:ff:ff:ff:ff,d8:d7:75:45:81:24,d8:d7:75:45:81:24,FunBox2-8124,-43,1,2412,False,False
1778935869.5931716,management,beacon,d8:d7:75:45:81:24,ff:ff:ff:ff:ff:ff,ff:ff:ff:ff:ff:ff,d8:d7:75:45:81:24,d8:d7:75:45:81:24,FunBox2-8124,-43,1,2412,False,False
1778935869.6956377,management,beacon,d8:d7:75:45:81:24,ff:ff:ff:ff:ff:ff,ff:ff:ff:ff:ff:ff,d8:d7:75:45:81:24,d8:d7:75:45:81:24,FunBox2-8124,-50,1,2412,False,False
1778935869.6968937,data,null_data,50:02:91:e8:18:ec,d8:d7:75:45:81:24,d8:d7:75:45:81:24,50:02:91:e8:18:ec,d8:d7:75:45:81:24,,-84,1,2412,False,False
1778935869.6969004,control,ack,,50:02:91:e8:18:ec,50:02:91:e8:18:ec,,,,-51,1,2412,False,False
1778935869.7980092,management,beacon,d8:d7:75:45:81:24,ff:ff:ff:ff:ff:ff,ff:ff:ff:ff:ff:ff,d8:d7:75:45:81:24,d8:d7:75:45:81:24,FunBox2-8124,-52,1,2412,False,False
1778935869.8577495,control,ack,,50:02:91:e8:18:ec,50:02:91:e8:18:ec,,,,-49,1,2412,False,False
1778935870.0027673,management,beacon,d8:d7:75:45:81:24,ff:ff:ff:ff:ff:ff,ff:ff:ff:ff:ff:ff,d8:d7:75:45:81:24,d8:d7:75:45:81:24,FunBox2-8124,-50,1,2412,False,False
1778935870.0813673,management,beacon,ac:84:c6:41:71:22,ff:ff:ff:ff:ff:ff,ff:ff:ff:ff:ff:ff,ac:84:c6:41:71:22,ac:84:c6:41:71:22,TP-LINK_7122,-86,1,2412,False,False
1778935870.1051447,management,beacon,d8:d7:75:45:81:24,ff:ff:ff:ff:ff:ff,ff:ff:ff:ff:ff:ff,d8:d7:75:45:81:24,d8:d7:75:45:81:24,FunBox2-8124,-44,1,2412,False,False
1778935870.2075424,management,beacon,d8:d7:75:45:81:24,ff:ff:ff:ff:ff:ff,ff:ff:ff:ff:ff:ff,d8:d7:75:45:81:24,d8:d7:75:45:81:24,FunBox2-8124,-42,1,2412,False,False
1778935870.3099606,management,beacon,d8:d7:75:45:81:24,ff:ff:ff:ff:ff:ff,ff:ff:ff:ff:ff:ff,d8:d7:75:45:81:24,d8:d7:75:45:81:24,FunBox2-8124,-51,1,2412,False,False
1778935870.412354,management,beacon,d8:d7:75:45:81:24,ff:ff:ff:ff:ff:ff,ff:ff:ff:ff:ff:ff,d8:d7:75:45:81:24,d8:d7:75:45:81:24,FunBox2-8124,-43,1,2412,False,False
1778935870.5147913,management,beacon,d8:d7:75:45:81:24,ff:ff:ff:ff:ff:ff,ff:ff:ff:ff:ff:ff,d8:d7:75:45:81:24,d8:d7:75:45:81:24,FunBox2-8124,-44,1,2412,False,False
1778935870.6171966,management,beacon,d8:d7:75:45:81:24,ff:ff:ff:ff:ff:ff,ff:ff:ff:ff:ff:ff,d8:d7:75:45:81:24,d8:d7:75:45:81:24,FunBox2-8124,-42,1,2412,False,False
1778935870.7195635,management,beacon,d8:d7:75:45:81:24,ff:ff:ff:ff:ff:ff,ff:ff:ff:ff:ff:ff,d8:d7:75:45:81:24,d8:d7:75:45:81:24,FunBox2-8124,-49,1,2412,False,False
1778935870.8219721,management,beacon,d8:d7:75:45:81:24,ff:ff:ff:ff:ff:ff,ff:ff:ff:ff:ff:ff,d8:d7:75:45:81:24,d8:d7:75:45:81:24,FunBox2-8124,-43,1,2412,False,False
1778935870.9243777,management,beacon,d8:d7:75:45:81:24,ff:ff:ff:ff:ff:ff,ff:ff:ff:ff:ff:ff,d8:d7:75:45:81:24,d8:d7:75:45:81:24,FunBox2-8124,-43,1,2412,False,False
1778935871.0267663,management,beacon,d8:d7:75:45:81:24,ff:ff:ff:ff:ff:ff,ff:ff:ff:ff:ff:ff,d8:d7:75:45:81:24,d8:d7:75:45:81:24,FunBox2-8124,-42,1,2412,False,False
1778935871.129216,management,beacon,d8:d7:75:45:81:24,ff:ff:ff:ff:ff:ff,ff:ff:ff:ff:ff:ff,d8:d7:75:45:81:24,d8:d7:75:45:81:24,FunBox2-8124,-49,1,2412,False,False
1778935871.233021,management,beacon,d8:d7:75:45:81:24,ff:ff:ff:ff:ff:ff,ff:ff:ff:ff:ff:ff,d8:d7:75:45:81:24,d8:d7:75:45:81:24,FunBox2-8124,-49,1,2412,False,False
1778935871.2342534,control,ack,,50:02:91:e8:18:ec,50:02:91:e8:18:ec,,,,-50,1,2412,False,False
1778935871.3340194,management,beacon,d8:d7:75:45:81:24,ff:ff:ff:ff:ff:ff,ff:ff:ff:ff:ff:ff,d8:d7:75:45:81:24,d8:d7:75:45:81:24,FunBox2-8124,-51,1,2412,False,False
1778935871.3951268,control,ack,,50:02:91:e8:18:ec,50:02:91:e8:18:ec,,,,-50,1,2412,False,False
1778935871.538809,management,beacon,d8:d7:75:45:81:24,ff:ff:ff:ff:ff:ff,ff:ff:ff:ff:ff:ff,d8:d7:75:45:81:24,d8:d7:75:45:81:24,FunBox2-8124,-46,1,2412,False,False
1778935871.6412308,management,beacon,d8:d7:75:45:81:24,ff:ff:ff:ff:ff:ff,ff:ff:ff:ff:ff:ff,d8:d7:75:45:81:24,d8:d7:75:45:81:24,FunBox2-8124,-48,1,2412,False,False
1778935871.7436037,management,beacon,d8:d7:75:45:81:24,ff:ff:ff:ff:ff:ff,ff:ff:ff:ff:ff:ff,d8:d7:75:45:81:24,d8:d7:75:45:81:24,FunBox2-8124,-43,1,2412,False,False
1778935871.8460302,management,beacon,d8:d7:75:45:81:24,ff:ff:ff:ff:ff:ff,ff:ff:ff:ff:ff:ff,d8:d7:75:45:81:24,d8:d7:75:45:81:24,FunBox2-8124,-51,1,2412,False,False
1778935871.9485748,management,beacon,d8:d7:75:45:81:24,ff:ff:ff:ff:ff:ff,ff:ff:ff:ff:ff:ff,d8:d7:75:45:81:24,d8:d7:75:45:81:24,FunBox2-8124,-42,1,2412,False,False
1778935872.0508738,management,beacon,d8:d7:75:45:81:24,ff:ff:ff:ff:ff:ff,ff:ff:ff:ff:ff:ff,d8:d7:75:45:81:24,d8:d7:75:45:81:24,FunBox2-8124,-50,1,2412,False,False
1778935872.1532066,management,beacon,d8:d7:75:45:81:24,ff:ff:ff:ff:ff:ff,ff:ff:ff:ff:ff:ff,d8:d7:75:45:81:24,d8:d7:75:45:81:24,FunBox2-8124,-53,1,2412,False,False
1778935872.2556417,management,beacon,d8:d7:75:45:81:24,ff:ff:ff:ff:ff:ff,ff:ff:ff:ff:ff:ff,d8:d7:75:45:81:24,d8:d7:75:45:81:24,FunBox2-8124,-51,1,2412,False,False
1778935872.358016,management,beacon,d8:d7:75:45:81:24,ff:ff:ff:ff:ff:ff,ff:ff:ff:ff:ff:ff,d8:d7:75:45:81:24,d8:d7:75:45:81:24,FunBox2-8124,-42,1,2412,False,False
1778935872.4604292,management,beacon,d8:d7:75:45:81:24,ff:ff:ff:ff:ff:ff,ff:ff:ff:ff:ff:ff,d8:d7:75:45:81:24,d8:d7:75:45:81:24,FunBox2-8124,-43,1,2412,False,False
1778935872.526394,data,qos_null,aa:23:4f:4d:00:cf,74:ea:3a:a1:53:a6,74:ea:3a:a1:53:a6,aa:23:4f:4d:00:cf,74:ea:3a:a1:53:a6,,-85,1,2412,False,False
1778935872.562826,management,beacon,d8:d7:75:45:81:24,ff:ff:ff:ff:ff:ff,ff:ff:ff:ff:ff:ff,d8:d7:75:45:81:24,d8:d7:75:45:81:24,FunBox2-8124,-52,1,2412,False,False
1778935872.6652782,management,beacon,d8:d7:75:45:81:24,ff:ff:ff:ff:ff:ff,ff:ff:ff:ff:ff:ff,d8:d7:75:45:81:24,d8:d7:75:45:81:24,FunBox2-8124,-45,1,2412,False,False
1778935872.767683,management,beacon,d8:d7:75:45:81:24,ff:ff:ff:ff:ff:ff,ff:ff:ff:ff:ff:ff,d8:d7:75:45:81:24,d8:d7:75:45:81:24,FunBox2-8124,-51,1,2412,False,False
1778935872.8512888,control,rts,aa:23:4f:4d:00:cf,74:ea:3a:a1:53:a6,74:ea:3a:a1:53:a6,aa:23:4f:4d:00:cf,,,-84,1,2412,False,False
1778935872.8701205,management,beacon,d8:d7:75:45:81:24,ff:ff:ff:ff:ff:ff,ff:ff:ff:ff:ff:ff,d8:d7:75:45:81:24,d8:d7:75:45:81:24,FunBox2-8124,-41,1,2412,False,False
1778935872.8712893,data,null_data,50:02:91:e8:18:ec,d8:d7:75:45:81:24,d8:d7:75:45:81:24,50:02:91:e8:18:ec,d8:d7:75:45:81:24,,-84,1,2412,False,False
1778935872.8712926,control,ack,,50:02:91:e8:18:ec,50:02:91:e8:18:ec,,,,-45,1,2412,False,False
1778935873.0321655,control,ack,,50:02:91:e8:18:ec,50:02:91:e8:18:ec,,,,-49,1,2412,False,False
1778935873.040285,control,rts,aa:23:4f:4d:00:cf,74:ea:3a:a1:53:a6,74:ea:3a:a1:53:a6,aa:23:4f:4d:00:cf,,,-86,1,2412,False,False
1778935873.0748806,management,beacon,d8:d7:75:45:81:24,ff:ff:ff:ff:ff:ff,ff:ff:ff:ff:ff:ff,d8:d7:75:45:81:24,d8:d7:75:45:81:24,FunBox2-8124,-50,1,2412,False,False
1778935873.1772795,management,beacon,d8:d7:75:45:81:24,ff:ff:ff:ff:ff:ff,ff:ff:ff:ff:ff:ff,d8:d7:75:45:81:24,d8:d7:75:45:81:24,FunBox2-8124,-49,1,2412,False,False
1778935873.24115,data,qos_null,aa:23:4f:4d:00:cf,74:ea:3a:a1:53:a6,74:ea:3a:a1:53:a6,aa:23:4f:4d:00:cf,74:ea:3a:a1:53:a6,,-86,1,2412,False,False
1778935873.2796972,management,beacon,d8:d7:75:45:81:24,ff:ff:ff:ff:ff:ff,ff:ff:ff:ff:ff:ff,d8:d7:75:45:81:24,d8:d7:75:45:81:24,FunBox2-8124,-50,1,2412,False,False
1778935873.3252344,data,qos_null,aa:23:4f:4d:00:cf,74:ea:3a:a1:53:a6,74:ea:3a:a1:53:a6,aa:23:4f:4d:00:cf,74:ea:3a:a1:53:a6,,-84,1,2412,False,False
1778935873.3821056,management,beacon,d8:d7:75:45:81:24,ff:ff:ff:ff:ff:ff,ff:ff:ff:ff:ff:ff,d8:d7:75:45:81:24,d8:d7:75:45:81:24,FunBox2-8124,-48,1,2412,False,False
1778935873.4844916,management,beacon,d8:d7:75:45:81:24,ff:ff:ff:ff:ff:ff,ff:ff:ff:ff:ff:ff,d8:d7:75:45:81:24,d8:d7:75:45:81:24,FunBox2-8124,-47,1,2412,False,False
1778935873.5868769,management,beacon,d8:d7:75:45:81:24,ff:ff:ff:ff:ff:ff,ff:ff:ff:ff:ff:ff,d8:d7:75:45:81:24,d8:d7:75:45:81:24,FunBox2-8124,-48,1,2412,False,False
1778935873.689336,management,beacon,d8:d7:75:45:81:24,ff:ff:ff:ff:ff:ff,ff:ff:ff:ff:ff:ff,d8:d7:75:45:81:24,d8:d7:75:45:81:24,FunBox2-8124,-44,1,2412,False,False
1778935873.7917235,management,beacon,d8:d7:75:45:81:24,ff:ff:ff:ff:ff:ff,ff:ff:ff:ff:ff:ff,d8:d7:75:45:81:24,d8:d7:75:45:81:24,FunBox2-8124,-46,1,2412,False,False
1778935873.8941085,management,beacon,d8:d7:75:45:81:24,ff:ff:ff:ff:ff:ff,ff:ff:ff:ff:ff:ff,d8:d7:75:45:81:24,d8:d7:75:45:81:24,FunBox2-8124,-48,1,2412,False,False
1778935873.9965272,management,beacon,d8:d7:75:45:81:24,ff:ff:ff:ff:ff:ff,ff:ff:ff:ff:ff:ff,d8:d7:75:45:81:24,d8:d7:75:45:81:24,FunBox2-8124,-47,1,2412,False,False
1778935874.0989046,management,beacon,d8:d7:75:45:81:24,ff:ff:ff:ff:ff:ff,ff:ff:ff:ff:ff:ff,d8:d7:75:45:81:24,d8:d7:75:45:81:24,FunBox2-8124,-48,1,2412,False,False
1778935874.201307,management,beacon,d8:d7:75:45:81:24,ff:ff:ff:ff:ff:ff,ff:ff:ff:ff:ff:ff,d8:d7:75:45:81:24,d8:d7:75:45:81:24,FunBox2-8124,-51,1,2412,False,False
1778935874.303694,management,beacon,d8:d7:75:45:81:24,ff:ff:ff:ff:ff:ff,ff:ff:ff:ff:ff:ff,d8:d7:75:45:81:24,d8:d7:75:45:81:24,FunBox2-8124,-48,1,2412,False,False
1778935874.3048975,data,null_data,50:02:91:e8:18:ec,d8:d7:75:45:81:24,d8:d7:75:45:81:24,50:02:91:e8:18:ec,d8:d7:75:45:81:24,,-85,1,2412,False,False
1778935874.3049023,control,ack,,50:02:91:e8:18:ec,50:02:91:e8:18:ec,,,,-47,1,2412,False,False
1778935874.406239,management,beacon,d8:d7:75:45:81:24,ff:ff:ff:ff:ff:ff,ff:ff:ff:ff:ff:ff,d8:d7:75:45:81:24,d8:d7:75:45:81:24,FunBox2-8124,-48,1,2412,False,False
1778935874.4657447,data,null_data,50:02:91:e8:18:ec,d8:d7:75:45:81:24,d8:d7:75:45:81:24,50:02:91:e8:18:ec,d8:d7:75:45:81:24,,-86,1,2412,False,False
1778935874.465755,control,ack,,50:02:91:e8:18:ec,50:02:91:e8:18:ec,,,,-46,1,2412,False,False
1778935874.508552,management,beacon,d8:d7:75:45:81:24,ff:ff:ff:ff:ff:ff,ff:ff:ff:ff:ff:ff,d8:d7:75:45:81:24,d8:d7:75:45:81:24,FunBox2-8124,-44,1,2412,False,False
1778935874.6109464,management,beacon,d8:d7:75:45:81:24,ff:ff:ff:ff:ff:ff,ff:ff:ff:ff:ff:ff,d8:d7:75:45:81:24,d8:d7:75:45:81:24,FunBox2-8124,-48,1,2412,False,False
1778935874.7133543,management,beacon,d8:d7:75:45:81:24,ff:ff:ff:ff:ff:ff,ff:ff:ff:ff:ff:ff,d8:d7:75:45:81:24,d8:d7:75:45:81:24,FunBox2-8124,-44,1,2412,False,False
1778935874.8157313,management,beacon,d8:d7:75:45:81:24,ff:ff:ff:ff:ff:ff,ff:ff:ff:ff:ff:ff,d8:d7:75:45:81:24,d8:d7:75:45:81:24,FunBox2-8124,-59,1,2412,False,False
1778935874.9181688,management,beacon,d8:d7:75:45:81:24,ff:ff:ff:ff:ff:ff,ff:ff:ff:ff:ff:ff,d8:d7:75:45:81:24,d8:d7:75:45:81:24,FunBox2-8124,-61,1,2412,False,False
1778935875.122971,management,beacon,d8:d7:75:45:81:24,ff:ff:ff:ff:ff:ff,ff:ff:ff:ff:ff:ff,d8:d7:75:45:81:24,d8:d7:75:45:81:24,FunBox2-8124,-53,1,2412,False,False
1778935875.2253587,management,beacon,d8:d7:75:45:81:24,ff:ff:ff:ff:ff:ff,ff:ff:ff:ff:ff:ff,d8:d7:75:45:81:24,d8:d7:75:45:81:24,FunBox2-8124,-52,1,2412,False,False
1778935875.3277283,management,beacon,d8:d7:75:45:81:24,ff:ff:ff:ff:ff:ff,ff:ff:ff:ff:ff:ff,d8:d7:75:45:81:24,d8:d7:75:45:81:24,FunBox2-8124,-49,1,2412,False,False
1778935875.3844612,management,beacon,74:ea:3a:a1:53:a6,ff:ff:ff:ff:ff:ff,ff:ff:ff:ff:ff:ff,74:ea:3a:a1:53:a6,74:ea:3a:a1:53:a6,TP-LINK_A153A6,-87,1,2412,False,False
1778935875.4301941,management,beacon,d8:d7:75:45:81:24,ff:ff:ff:ff:ff:ff,ff:ff:ff:ff:ff:ff,d8:d7:75:45:81:24,d8:d7:75:45:81:24,FunBox2-8124,-48,1,2412,False,False
1778935875.6349719,management,beacon,d8:d7:75:45:81:24,ff:ff:ff:ff:ff:ff,ff:ff:ff:ff:ff:ff,d8:d7:75:45:81:24,d8:d7:75:45:81:24,FunBox2-8124,-52,1,2412,False,False
1778935875.7373385,management,beacon,d8:d7:75:45:81:24,ff:ff:ff:ff:ff:ff,ff:ff:ff:ff:ff:ff,d8:d7:75:45:81:24,d8:d7:75:45:81:24,FunBox2-8124,-41,1,2412,False,False
1778935875.8397465,management,beacon,d8:d7:75:45:81:24,ff:ff:ff:ff:ff:ff,ff:ff:ff:ff:ff:ff,d8:d7:75:45:81:24,d8:d7:75:45:81:24,FunBox2-8124,-51,1,2412,False,False
1778935875.942209,management,beacon,d8:d7:75:45:81:24,ff:ff:ff:ff:ff:ff,ff:ff:ff:ff:ff:ff,d8:d7:75:45:81:24,d8:d7:75:45:81:24,FunBox2-8124,-45,1,2412,False,False
1778935876.0445914,management,beacon,d8:d7:75:45:81:24,ff:ff:ff:ff:ff:ff,ff:ff:ff:ff:ff:ff,d8:d7:75:45:81:24,d8:d7:75:45:81:24,FunBox2-8124,-44,1,2412,False,False
1778935876.1469927,management,beacon,d8:d7:75:45:81:24,ff:ff:ff:ff:ff:ff,ff:ff:ff:ff:ff:ff,d8:d7:75:45:81:24,d8:d7:75:45:81:24,FunBox2-8124,-44,1,2412,False,False
1778935876.2493753,management,beacon,d8:d7:75:45:81:24,ff:ff:ff:ff:ff:ff,ff:ff:ff:ff:ff:ff,d8:d7:75:45:81:24,d8:d7:75:45:81:24,FunBox2-8124,-45,1,2412,False,False
1778935876.2505655,data,null_data,50:02:91:e8:18:ec,d8:d7:75:45:81:24,d8:d7:75:45:81:24,50:02:91:e8:18:ec,d8:d7:75:45:81:24,,-83,1,2412,False,False
1778935876.2505734,control,ack,,50:02:91:e8:18:ec,50:02:91:e8:18:ec,,,,-44,1,2412,False,False
1778935876.3517685,management,beacon,d8:d7:75:45:81:24,ff:ff:ff:ff:ff:ff,ff:ff:ff:ff:ff:ff,d8:d7:75:45:81:24,d8:d7:75:45:81:24,FunBox2-8124,-43,1,2412,False,False
1778935876.4114194,data,null_data,50:02:91:e8:18:ec,d8:d7:75:45:81:24,d8:d7:75:45:81:24,50:02:91:e8:18:ec,d8:d7:75:45:81:24,,-83,1,2412,False,False
1778935876.411433,control,ack,,50:02:91:e8:18:ec,50:02:91:e8:18:ec,,,,-45,1,2412,False,False
1778935876.4542017,management,beacon,d8:d7:75:45:81:24,ff:ff:ff:ff:ff:ff,ff:ff:ff:ff:ff:ff,d8:d7:75:45:81:24,d8:d7:75:45:81:24,FunBox2-8124,-46,1,2412,False,False
1778935876.5565746,management,beacon,d8:d7:75:45:81:24,ff:ff:ff:ff:ff:ff,ff:ff:ff:ff:ff:ff,d8:d7:75:45:81:24,d8:d7:75:45:81:24,FunBox2-8124,-47,1,2412,False,False
1778935876.658988,management,beacon,d8:d7:75:45:81:24,ff:ff:ff:ff:ff:ff,ff:ff:ff:ff:ff:ff,d8:d7:75:45:81:24,d8:d7:75:45:81:24,FunBox2-8124,-51,1,2412,False,False
1778935876.7613802,management,beacon,d8:d7:75:45:81:24,ff:ff:ff:ff:ff:ff,ff:ff:ff:ff:ff:ff,d8:d7:75:45:81:24,d8:d7:75:45:81:24,FunBox2-8124,-49,1,2412,False,False
1778935876.9662535,management,beacon,d8:d7:75:45:81:24,ff:ff:ff:ff:ff:ff,ff:ff:ff:ff:ff:ff,d8:d7:75:45:81:24,d8:d7:75:45:81:24,FunBox2-8124,-48,1,2412,False,False
1778935877.0685842,management,beacon,d8:d7:75:45:81:24,ff:ff:ff:ff:ff:ff,ff:ff:ff:ff:ff:ff,d8:d7:75:45:81:24,d8:d7:75:45:81:24,FunBox2-8124,-43,1,2412,False,False
1778935877.124516,management,probe_request,aa:89:dc:ed:46:41,ff:ff:ff:ff:ff:ff,ff:ff:ff:ff:ff:ff,aa:89:dc:ed:46:41,ff:ff:ff:ff:ff:ff,<hidden>,-68,1,2412,False,False
1778935877.12481,control,ack,,aa:89:dc:ed:46:41,aa:89:dc:ed:46:41,,,,-86,1,2412,False,False
1778935877.1281104,management,probe_response,d8:d7:75:45:81:24,aa:89:dc:ed:46:41,aa:89:dc:ed:46:41,d8:d7:75:45:81:24,d8:d7:75:45:81:24,FunBox2-8124,-40,1,2412,False,False
1778935877.1283886,control,ack,,d8:d7:75:45:81:24,d8:d7:75:45:81:24,,,,-68,1,2412,False,False
1778935877.135142,control,ack,,aa:89:dc:ed:46:41,aa:89:dc:ed:46:41,,,,-85,1,2412,False,False
1778935877.1384342,management,probe_response,d8:d7:75:45:81:24,aa:89:dc:ed:46:41,aa:89:dc:ed:46:41,d8:d7:75:45:81:24,d8:d7:75:45:81:24,FunBox2-8124,-42,1,2412,False,False
1778935877.138737,control,ack,,d8:d7:75:45:81:24,d8:d7:75:45:81:24,,,,-70,1,2412,False,False
1778935877.1553798,management,probe_request,d2:8b:a1:26:8a:71,ff:ff:ff:ff:ff:ff,ff:ff:ff:ff:ff:ff,d2:8b:a1:26:8a:71,ff:ff:ff:ff:ff:ff,<hidden>,-72,1,2412,False,False
1778935877.1557002,control,ack,,d2:8b:a1:26:8a:71,d2:8b:a1:26:8a:71,,,,-85,1,2412,False,False
1778935877.1710262,management,beacon,d8:d7:75:45:81:24,ff:ff:ff:ff:ff:ff,ff:ff:ff:ff:ff:ff,d8:d7:75:45:81:24,d8:d7:75:45:81:24,FunBox2-8124,-41,1,2412,False,False
1778935877.2735968,management,beacon,d8:d7:75:45:81:24,ff:ff:ff:ff:ff:ff,ff:ff:ff:ff:ff:ff,d8:d7:75:45:81:24,d8:d7:75:45:81:24,FunBox2-8124,-44,1,2412,False,False
1778935877.4782593,management,beacon,d8:d7:75:45:81:24,ff:ff:ff:ff:ff:ff,ff:ff:ff:ff:ff:ff,d8:d7:75:45:81:24,d8:d7:75:45:81:24,FunBox2-8124,-51,1,2412,False,False
1778935877.5806608,management,beacon,d8:d7:75:45:81:24,ff:ff:ff:ff:ff:ff,ff:ff:ff:ff:ff:ff,d8:d7:75:45:81:24,d8:d7:75:45:81:24,FunBox2-8124,-41,1,2412,False,False
1778935877.68304,management,beacon,d8:d7:75:45:81:24,ff:ff:ff:ff:ff:ff,ff:ff:ff:ff:ff:ff,d8:d7:75:45:81:24,d8:d7:75:45:81:24,FunBox2-8124,-39,1,2412,False,False
1778935877.6841888,data,null_data,50:02:91:e8:18:ec,d8:d7:75:45:81:24,d8:d7:75:45:81:24,50:02:91:e8:18:ec,d8:d7:75:45:81:24,,-85,1,2412,False,False
1778935877.684192,control,ack,,50:02:91:e8:18:ec,50:02:91:e8:18:ec,,,,-45,1,2412,False,False
1778935877.698646,control,rts,aa:23:4f:4d:00:cf,74:ea:3a:a1:53:a6,74:ea:3a:a1:53:a6,aa:23:4f:4d:00:cf,,,-90,1,2412,False,False
1778935877.7854788,management,beacon,d8:d7:75:45:81:24,ff:ff:ff:ff:ff:ff,ff:ff:ff:ff:ff:ff,d8:d7:75:45:81:24,d8:d7:75:45:81:24,FunBox2-8124,-49,1,2412,False,False
1778935877.845067,data,null_data,50:02:91:e8:18:ec,d8:d7:75:45:81:24,d8:d7:75:45:81:24,50:02:91:e8:18:ec,d8:d7:75:45:81:24,,-83,1,2412,False,False
1778935877.8450763,control,ack,,50:02:91:e8:18:ec,50:02:91:e8:18:ec,,,,-49,1,2412,False,False
1778935877.9902635,management,beacon,d8:d7:75:45:81:24,ff:ff:ff:ff:ff:ff,ff:ff:ff:ff:ff:ff,d8:d7:75:45:81:24,d8:d7:75:45:81:24,FunBox2-8124,-50,1,2412,False,False
1778935878.092655,management,beacon,d8:d7:75:45:81:24,ff:ff:ff:ff:ff:ff,ff:ff:ff:ff:ff:ff,d8:d7:75:45:81:24,d8:d7:75:45:81:24,FunBox2-8124,-41,1,2412,False,False
1778935878.1950316,management,beacon,d8:d7:75:45:81:24,ff:ff:ff:ff:ff:ff,ff:ff:ff:ff:ff:ff,d8:d7:75:45:81:24,d8:d7:75:45:81:24,FunBox2-8124,-48,1,2412,False,False
1778935878.2974591,management,beacon,d8:d7:75:45:81:24,ff:ff:ff:ff:ff:ff,ff:ff:ff:ff:ff:ff,d8:d7:75:45:81:24,d8:d7:75:45:81:24,FunBox2-8124,-47,1,2412,False,False
1778935878.502249,management,beacon,d8:d7:75:45:81:24,ff:ff:ff:ff:ff:ff,ff:ff:ff:ff:ff:ff,d8:d7:75:45:81:24,d8:d7:75:45:81:24,FunBox2-8124,-48,1,2412,False,False
1778935878.6046526,management,beacon,d8:d7:75:45:81:24,ff:ff:ff:ff:ff:ff,ff:ff:ff:ff:ff:ff,d8:d7:75:45:81:24,d8:d7:75:45:81:24,FunBox2-8124,-42,1,2412,False,False
1778935878.7070868,management,beacon,d8:d7:75:45:81:24,ff:ff:ff:ff:ff:ff,ff:ff:ff:ff:ff:ff,d8:d7:75:45:81:24,d8:d7:75:45:81:24,FunBox2-8124,-48,1,2412,False,False
1778935878.8094738,management,beacon,d8:d7:75:45:81:24,ff:ff:ff:ff:ff:ff,ff:ff:ff:ff:ff:ff,d8:d7:75:45:81:24,d8:d7:75:45:81:24,FunBox2-8124,-41,1,2412,False,False
1778935879.0142941,management,beacon,d8:d7:75:45:81:24,ff:ff:ff:ff:ff:ff,ff:ff:ff:ff:ff:ff,d8:d7:75:45:81:24,d8:d7:75:45:81:24,FunBox2-8124,-41,1,2412,False,False
1778935879.116708,management,beacon,d8:d7:75:45:81:24,ff:ff:ff:ff:ff:ff,ff:ff:ff:ff:ff:ff,d8:d7:75:45:81:24,d8:d7:75:45:81:24,FunBox2-8124,-41,1,2412,False,False
1778935879.1456566,data,qos_null,aa:23:4f:4d:00:cf,74:ea:3a:a1:53:a6,74:ea:3a:a1:53:a6,aa:23:4f:4d:00:cf,74:ea:3a:a1:53:a6,,-90,1,2412,False,False
1778935879.2091749,data,null_data,50:02:91:e8:18:ec,d8:d7:75:45:81:24,d8:d7:75:45:81:24,50:02:91:e8:18:ec,d8:d7:75:45:81:24,,-87,1,2412,False,False
1778935879.2091827,control,ack,,50:02:91:e8:18:ec,50:02:91:e8:18:ec,,,,-48,1,2412,False,False
1778935879.219117,management,beacon,d8:d7:75:45:81:24,ff:ff:ff:ff:ff:ff,ff:ff:ff:ff:ff:ff,d8:d7:75:45:81:24,d8:d7:75:45:81:24,FunBox2-8124,-44,1,2412,False,False
1778935879.3215206,management,beacon,d8:d7:75:45:81:24,ff:ff:ff:ff:ff:ff,ff:ff:ff:ff:ff:ff,d8:d7:75:45:81:24,d8:d7:75:45:81:24,FunBox2-8124,-45,1,2412,False,False
1778935879.370025,data,null_data,50:02:91:e8:18:ec,d8:d7:75:45:81:24,d8:d7:75:45:81:24,50:02:91:e8:18:ec,d8:d7:75:45:81:24,,-81,1,2412,False,False
1778935879.3700435,control,ack,,50:02:91:e8:18:ec,50:02:91:e8:18:ec,,,,-45,1,2412,False,False
1778935879.6286902,management,beacon,d8:d7:75:45:81:24,ff:ff:ff:ff:ff:ff,ff:ff:ff:ff:ff:ff,d8:d7:75:45:81:24,d8:d7:75:45:81:24,FunBox2-8124,-49,1,2412,False,False
1778935879.7310984,management,beacon,d8:d7:75:45:81:24,ff:ff:ff:ff:ff:ff,ff:ff:ff:ff:ff:ff,d8:d7:75:45:81:24,d8:d7:75:45:81:24,FunBox2-8124,-42,1,2412,False,False
1778935879.8334944,management,beacon,d8:d7:75:45:81:24,ff:ff:ff:ff:ff:ff,ff:ff:ff:ff:ff:ff,d8:d7:75:45:81:24,d8:d7:75:45:81:24,FunBox2-8124,-47,1,2412,False,False
1778935880.0383027,management,beacon,d8:d7:75:45:81:24,ff:ff:ff:ff:ff:ff,ff:ff:ff:ff:ff:ff,d8:d7:75:45:81:24,d8:d7:75:45:81:24,FunBox2-8124,-48,1,2412,False,False
1778935880.1407263,management,beacon,d8:d7:75:45:81:24,ff:ff:ff:ff:ff:ff,ff:ff:ff:ff:ff:ff,d8:d7:75:45:81:24,d8:d7:75:45:81:24,FunBox2-8124,-48,1,2412,False,False
1778935880.2431102,management,beacon,d8:d7:75:45:81:24,ff:ff:ff:ff:ff:ff,ff:ff:ff:ff:ff:ff,d8:d7:75:45:81:24,d8:d7:75:45:81:24,FunBox2-8124,-47,1,2412,False,False
1778935880.3455544,management,beacon,d8:d7:75:45:81:24,ff:ff:ff:ff:ff:ff,ff:ff:ff:ff:ff:ff,d8:d7:75:45:81:24,d8:d7:75:45:81:24,FunBox2-8124,-48,1,2412,False,False
1778935880.550379,management,beacon,d8:d7:75:45:81:24,ff:ff:ff:ff:ff:ff,ff:ff:ff:ff:ff:ff,d8:d7:75:45:81:24,d8:d7:75:45:81:24,FunBox2-8124,-48,1,2412,False,False
1778935880.6527185,management,beacon,d8:d7:75:45:81:24,ff:ff:ff:ff:ff:ff,ff:ff:ff:ff:ff:ff,d8:d7:75:45:81:24,d8:d7:75:45:81:24,FunBox2-8124,-48,1,2412,False,False
1778935880.7551646,management,beacon,d8:d7:75:45:81:24,ff:ff:ff:ff:ff:ff,ff:ff:ff:ff:ff:ff,d8:d7:75:45:81:24,d8:d7:75:45:81:24,FunBox2-8124,-49,1,2412,False,False
1778935880.7563481,data,null_data,50:02:91:e8:18:ec,d8:d7:75:45:81:24,d8:d7:75:45:81:24,50:02:91:e8:18:ec,d8:d7:75:45:81:24,,-83,1,2412,False,False
1778935880.7563505,control,ack,,50:02:91:e8:18:ec,50:02:91:e8:18:ec,,,,-48,1,2412,False,False
1778935880.8575327,management,beacon,d8:d7:75:45:81:24,ff:ff:ff:ff:ff:ff,ff:ff:ff:ff:ff:ff,d8:d7:75:45:81:24,d8:d7:75:45:81:24,FunBox2-8124,-42,1,2412,False,False
1778935880.9172263,data,null_data,50:02:91:e8:18:ec,d8:d7:75:45:81:24,d8:d7:75:45:81:24,50:02:91:e8:18:ec,d8:d7:75:45:81:24,,-82,1,2412,False,False
1778935880.9172468,control,ack,,50:02:91:e8:18:ec,50:02:91:e8:18:ec,,,,-45,1,2412,False,False
1778935881.0623536,management,beacon,d8:d7:75:45:81:24,ff:ff:ff:ff:ff:ff,ff:ff:ff:ff:ff:ff,d8:d7:75:45:81:24,d8:d7:75:45:81:24,FunBox2-8124,-42,1,2412,False,False
1778935881.1647704,management,beacon,d8:d7:75:45:81:24,ff:ff:ff:ff:ff:ff,ff:ff:ff:ff:ff:ff,d8:d7:75:45:81:24,d8:d7:75:45:81:24,FunBox2-8124,-47,1,2412,False,False
1778935881.267165,management,beacon,d8:d7:75:45:81:24,ff:ff:ff:ff:ff:ff,ff:ff:ff:ff:ff:ff,d8:d7:75:45:81:24,d8:d7:75:45:81:24,FunBox2-8124,-48,1,2412,False,False
1778935881.3695614,management,beacon,d8:d7:75:45:81:24,ff:ff:ff:ff:ff:ff,ff:ff:ff:ff:ff:ff,d8:d7:75:45:81:24,d8:d7:75:45:81:24,FunBox2-8124,-45,1,2412,False,False
1778935881.5757725,management,beacon,d8:d7:75:45:81:24,ff:ff:ff:ff:ff:ff,ff:ff:ff:ff:ff:ff,d8:d7:75:45:81:24,d8:d7:75:45:81:24,FunBox2-8124,-47,1,2412,False,False
1778935881.6767972,management,beacon,d8:d7:75:45:81:24,ff:ff:ff:ff:ff:ff,ff:ff:ff:ff:ff:ff,d8:d7:75:45:81:24,d8:d7:75:45:81:24,FunBox2-8124,-48,1,2412,False,False
1778935881.779211,management,beacon,d8:d7:75:45:81:24,ff:ff:ff:ff:ff:ff,ff:ff:ff:ff:ff:ff,d8:d7:75:45:81:24,d8:d7:75:45:81:24,FunBox2-8124,-47,1,2412,False,False
1778935881.8815718,management,beacon,d8:d7:75:45:81:24,ff:ff:ff:ff:ff:ff,ff:ff:ff:ff:ff:ff,d8:d7:75:45:81:24,d8:d7:75:45:81:24,FunBox2-8124,-47,1,2412,False,False
1778935881.9839666,management,beacon,d8:d7:75:45:81:24,ff:ff:ff:ff:ff:ff,ff:ff:ff:ff:ff:ff,d8:d7:75:45:81:24,d8:d7:75:45:81:24,FunBox2-8124,-44,1,2412,False,False
1778935882.086407,management,beacon,d8:d7:75:45:81:24,ff:ff:ff:ff:ff:ff,ff:ff:ff:ff:ff:ff,d8:d7:75:45:81:24,d8:d7:75:45:81:24,FunBox2-8124,-45,1,2412,False,False
1778935882.1888356,management,beacon,d8:d7:75:45:81:24,ff:ff:ff:ff:ff:ff,ff:ff:ff:ff:ff:ff,d8:d7:75:45:81:24,d8:d7:75:45:81:24,FunBox2-8124,-45,1,2412,False,False
1778935882.2911866,management,beacon,d8:d7:75:45:81:24,ff:ff:ff:ff:ff:ff,ff:ff:ff:ff:ff:ff,d8:d7:75:45:81:24,d8:d7:75:45:81:24,FunBox2-8124,-45,1,2412,False,False
1778935882.3935993,management,beacon,d8:d7:75:45:81:24,ff:ff:ff:ff:ff:ff,ff:ff:ff:ff:ff:ff,d8:d7:75:45:81:24,d8:d7:75:45:81:24,FunBox2-8124,-45,1,2412,False,False
1778935882.418693,control,cts,,aa:23:4f:4d:00:cf,aa:23:4f:4d:00:cf,,,,-89,1,2412,False,False
1778935882.4540617,control,ack,,50:02:91:e8:18:ec,50:02:91:e8:18:ec,,,,-46,1,2412,False,False
1778935882.4540808,data,null_data,50:02:91:e8:18:ec,d8:d7:75:45:81:24,d8:d7:75:45:81:24,50:02:91:e8:18:ec,d8:d7:75:45:81:24,,-85,1,2412,False,True
1778935882.4540832,control,ack,,50:02:91:e8:18:ec,50:02:91:e8:18:ec,,,,-44,1,2412,False,False
1778935882.4959986,management,beacon,d8:d7:75:45:81:24,ff:ff:ff:ff:ff:ff,ff:ff:ff:ff:ff:ff,d8:d7:75:45:81:24,d8:d7:75:45:81:24,FunBox2-8124,-41,1,2412,False,False
1778935882.5984201,management,beacon,d8:d7:75:45:81:24,ff:ff:ff:ff:ff:ff,ff:ff:ff:ff:ff:ff,d8:d7:75:45:81:24,d8:d7:75:45:81:24,FunBox2-8124,-45,1,2412,False,False
1778935882.700834,management,beacon,d8:d7:75:45:81:24,ff:ff:ff:ff:ff:ff,ff:ff:ff:ff:ff:ff,d8:d7:75:45:81:24,d8:d7:75:45:81:24,FunBox2-8124,-46,1,2412,False,False
1778935882.8032022,management,beacon,d8:d7:75:45:81:24,ff:ff:ff:ff:ff:ff,ff:ff:ff:ff:ff:ff,d8:d7:75:45:81:24,d8:d7:75:45:81:24,FunBox2-8124,-44,1,2412,False,False
1778935882.9056551,management,beacon,d8:d7:75:45:81:24,ff:ff:ff:ff:ff:ff,ff:ff:ff:ff:ff:ff,d8:d7:75:45:81:24,d8:d7:75:45:81:24,FunBox2-8124,-46,1,2412,False,False
1778935883.00807,management,beacon,d8:d7:75:45:81:24,ff:ff:ff:ff:ff:ff,ff:ff:ff:ff:ff:ff,d8:d7:75:45:81:24,d8:d7:75:45:81:24,FunBox2-8124,-46,1,2412,False,False
1778935883.1104734,management,beacon,d8:d7:75:45:81:24,ff:ff:ff:ff:ff:ff,ff:ff:ff:ff:ff:ff,d8:d7:75:45:81:24,d8:d7:75:45:81:24,FunBox2-8124,-45,1,2412,False,False
1778935883.2128272,management,beacon,d8:d7:75:45:81:24,ff:ff:ff:ff:ff:ff,ff:ff:ff:ff:ff:ff,d8:d7:75:45:81:24,d8:d7:75:45:81:24,FunBox2-8124,-46,1,2412,False,False
1778935883.3152397,management,beacon,d8:d7:75:45:81:24,ff:ff:ff:ff:ff:ff,ff:ff:ff:ff:ff:ff,d8:d7:75:45:81:24,d8:d7:75:45:81:24,FunBox2-8124,-46,1,2412,False,False
1778935883.3596678,data,qos_null,aa:23:4f:4d:00:cf,74:ea:3a:a1:53:a6,74:ea:3a:a1:53:a6,aa:23:4f:4d:00:cf,74:ea:3a:a1:53:a6,,-90,1,2412,False,False
1778935883.359959,control,ack,,aa:23:4f:4d:00:cf,aa:23:4f:4d:00:cf,,,,-87,1,2412,False,False
1778935883.4176307,management,beacon,d8:d7:75:45:81:24,ff:ff:ff:ff:ff:ff,ff:ff:ff:ff:ff:ff,d8:d7:75:45:81:24,d8:d7:75:45:81:24,FunBox2-8124,-45,1,2412,False,False
1778935883.5200653,management,beacon,d8:d7:75:45:81:24,ff:ff:ff:ff:ff:ff,ff:ff:ff:ff:ff:ff,d8:d7:75:45:81:24,d8:d7:75:45:81:24,FunBox2-8124,-46,1,2412,False,False
1778935883.6225052,management,beacon,d8:d7:75:45:81:24,ff:ff:ff:ff:ff:ff,ff:ff:ff:ff:ff:ff,d8:d7:75:45:81:24,d8:d7:75:45:81:24,FunBox2-8124,-46,1,2412,False,False
1778935883.7248745,management,beacon,d8:d7:75:45:81:24,ff:ff:ff:ff:ff:ff,ff:ff:ff:ff:ff:ff,d8:d7:75:45:81:24,d8:d7:75:45:81:24,FunBox2-8124,-45,1,2412,False,False
1778935883.8272312,management,beacon,d8:d7:75:45:81:24,ff:ff:ff:ff:ff:ff,ff:ff:ff:ff:ff:ff,d8:d7:75:45:81:24,d8:d7:75:45:81:24,FunBox2-8124,-44,1,2412,False,False
1778935883.9296472,management,beacon,d8:d7:75:45:81:24,ff:ff:ff:ff:ff:ff,ff:ff:ff:ff:ff:ff,d8:d7:75:45:81:24,d8:d7:75:45:81:24,FunBox2-8124,-44,1,2412,False,False
1778935883.9308465,data,null_data,50:02:91:e8:18:ec,d8:d7:75:45:81:24,d8:d7:75:45:81:24,50:02:91:e8:18:ec,d8:d7:75:45:81:24,,-84,1,2412,False,False
1778935883.9308507,control,ack,,50:02:91:e8:18:ec,50:02:91:e8:18:ec,,,,-44,1,2412,False,False
1778935883.9726229,control,block_ack,dc:a9:71:95:8d:5a,98:42:65:a1:04:0a,98:42:65:a1:04:0a,dc:a9:71:95:8d:5a,,,-91,1,2412,False,False
1778935884.032072,management,beacon,d8:d7:75:45:81:24,ff:ff:ff:ff:ff:ff,ff:ff:ff:ff:ff:ff,d8:d7:75:45:81:24,d8:d7:75:45:81:24,FunBox2-8124,-42,1,2412,False,False
1778935884.0916998,data,null_data,50:02:91:e8:18:ec,d8:d7:75:45:81:24,d8:d7:75:45:81:24,50:02:91:e8:18:ec,d8:d7:75:45:81:24,,-84,1,2412,False,False
1778935884.0917158,control,ack,,50:02:91:e8:18:ec,50:02:91:e8:18:ec,,,,-46,1,2412,False,False
1778935884.1344786,management,beacon,d8:d7:75:45:81:24,ff:ff:ff:ff:ff:ff,ff:ff:ff:ff:ff:ff,d8:d7:75:45:81:24,d8:d7:75:45:81:24,FunBox2-8124,-41,1,2412,False,False
1778935884.2368503,management,beacon,d8:d7:75:45:81:24,ff:ff:ff:ff:ff:ff,ff:ff:ff:ff:ff:ff,d8:d7:75:45:81:24,d8:d7:75:45:81:24,FunBox2-8124,-43,1,2412,False,False
1778935884.2461302,data,qos_null,aa:23:4f:4d:00:cf,74:ea:3a:a1:53:a6,74:ea:3a:a1:53:a6,aa:23:4f:4d:00:cf,74:ea:3a:a1:53:a6,,-87,1,2412,False,False
1778935884.339257,management,beacon,d8:d7:75:45:81:24,ff:ff:ff:ff:ff:ff,ff:ff:ff:ff:ff:ff,d8:d7:75:45:81:24,d8:d7:75:45:81:24,FunBox2-8124,-43,1,2412,False,False
1778935884.4316337,control,ack,,aa:23:4f:4d:00:cf,aa:23:4f:4d:00:cf,,,,-90,1,2412,False,False
1778935884.4417148,management,beacon,d8:d7:75:45:81:24,ff:ff:ff:ff:ff:ff,ff:ff:ff:ff:ff:ff,d8:d7:75:45:81:24,d8:d7:75:45:81:24,FunBox2-8124,-44,1,2412,False,False
1778935884.6464803,management,beacon,d8:d7:75:45:81:24,ff:ff:ff:ff:ff:ff,ff:ff:ff:ff:ff:ff,d8:d7:75:45:81:24,d8:d7:75:45:81:24,FunBox2-8124,-44,1,2412,False,False
1778935884.7489212,management,beacon,d8:d7:75:45:81:24,ff:ff:ff:ff:ff:ff,ff:ff:ff:ff:ff:ff,d8:d7:75:45:81:24,d8:d7:75:45:81:24,FunBox2-8124,-43,1,2412,False,False
1778935884.85127,management,beacon,d8:d7:75:45:81:24,ff:ff:ff:ff:ff:ff,ff:ff:ff:ff:ff:ff,d8:d7:75:45:81:24,d8:d7:75:45:81:24,FunBox2-8124,-45,1,2412,False,False
1778935884.9537103,management,beacon,d8:d7:75:45:81:24,ff:ff:ff:ff:ff:ff,ff:ff:ff:ff:ff:ff,d8:d7:75:45:81:24,d8:d7:75:45:81:24,FunBox2-8124,-44,1,2412,False,False
1778935885.1585104,management,beacon,d8:d7:75:45:81:24,ff:ff:ff:ff:ff:ff,ff:ff:ff:ff:ff:ff,d8:d7:75:45:81:24,d8:d7:75:45:81:24,FunBox2-8124,-45,1,2412,False,False
1778935885.2626128,management,beacon,d8:d7:75:45:81:24,ff:ff:ff:ff:ff:ff,ff:ff:ff:ff:ff:ff,d8:d7:75:45:81:24,d8:d7:75:45:81:24,FunBox2-8124,-43,1,2412,False,False
1778935885.3633454,management,beacon,d8:d7:75:45:81:24,ff:ff:ff:ff:ff:ff,ff:ff:ff:ff:ff:ff,d8:d7:75:45:81:24,d8:d7:75:45:81:24,FunBox2-8124,-44,1,2412,False,False
1778935885.3645732,data,null_data,50:02:91:e8:18:ec,d8:d7:75:45:81:24,d8:d7:75:45:81:24,50:02:91:e8:18:ec,d8:d7:75:45:81:24,,-83,1,2412,False,False
1778935885.364577,control,ack,,50:02:91:e8:18:ec,50:02:91:e8:18:ec,,,,-45,1,2412,False,False
1778935885.4657407,management,beacon,d8:d7:75:45:81:24,ff:ff:ff:ff:ff:ff,ff:ff:ff:ff:ff:ff,d8:d7:75:45:81:24,d8:d7:75:45:81:24,FunBox2-8124,-47,1,2412,False,False
1778935885.5254452,data,null_data,50:02:91:e8:18:ec,d8:d7:75:45:81:24,d8:d7:75:45:81:24,50:02:91:e8:18:ec,d8:d7:75:45:81:24,,-85,1,2412,False,False
1778935885.5254657,control,ack,,50:02:91:e8:18:ec,50:02:91:e8:18:ec,,,,-45,1,2412,False,False
1778935885.6705434,management,beacon,d8:d7:75:45:81:24,ff:ff:ff:ff:ff:ff,ff:ff:ff:ff:ff:ff,d8:d7:75:45:81:24,d8:d7:75:45:81:24,FunBox2-8124,-46,1,2412,False,False
1778935885.7729418,management,beacon,d8:d7:75:45:81:24,ff:ff:ff:ff:ff:ff,ff:ff:ff:ff:ff:ff,d8:d7:75:45:81:24,d8:d7:75:45:81:24,FunBox2-8124,-43,1,2412,False,False
1778935885.8753326,management,beacon,d8:d7:75:45:81:24,ff:ff:ff:ff:ff:ff,ff:ff:ff:ff:ff:ff,d8:d7:75:45:81:24,d8:d7:75:45:81:24,FunBox2-8124,-44,1,2412,False,False
1778935885.9777164,management,beacon,d8:d7:75:45:81:24,ff:ff:ff:ff:ff:ff,ff:ff:ff:ff:ff:ff,d8:d7:75:45:81:24,d8:d7:75:45:81:24,FunBox2-8124,-45,1,2412,False,False
1778935886.182524,management,beacon,d8:d7:75:45:81:24,ff:ff:ff:ff:ff:ff,ff:ff:ff:ff:ff:ff,d8:d7:75:45:81:24,d8:d7:75:45:81:24,FunBox2-8124,-44,1,2412,False,False
1778935886.2859814,management,beacon,d8:d7:75:45:81:24,ff:ff:ff:ff:ff:ff,ff:ff:ff:ff:ff:ff,d8:d7:75:45:81:24,d8:d7:75:45:81:24,FunBox2-8124,-44,1,2412,False,False
1778935886.3914895,management,beacon,d8:d7:75:45:81:24,ff:ff:ff:ff:ff:ff,ff:ff:ff:ff:ff:ff,d8:d7:75:45:81:24,d8:d7:75:45:81:24,FunBox2-8124,-44,1,2412,False,False
1778935886.4897552,management,beacon,d8:d7:75:45:81:24,ff:ff:ff:ff:ff:ff,ff:ff:ff:ff:ff:ff,d8:d7:75:45:81:24,d8:d7:75:45:81:24,FunBox2-8124,-44,1,2412,False,False
1778935886.6945424,management,beacon,d8:d7:75:45:81:24,ff:ff:ff:ff:ff:ff,ff:ff:ff:ff:ff:ff,d8:d7:75:45:81:24,d8:d7:75:45:81:24,FunBox2-8124,-46,1,2412,False,False
1778935886.7969859,management,beacon,d8:d7:75:45:81:24,ff:ff:ff:ff:ff:ff,ff:ff:ff:ff:ff:ff,d8:d7:75:45:81:24,d8:d7:75:45:81:24,FunBox2-8124,-45,1,2412,False,False
1778935886.899348,management,beacon,d8:d7:75:45:81:24,ff:ff:ff:ff:ff:ff,ff:ff:ff:ff:ff:ff,d8:d7:75:45:81:24,d8:d7:75:45:81:24,FunBox2-8124,-44,1,2412,False,False
1778935886.9005451,data,null_data,50:02:91:e8:18:ec,d8:d7:75:45:81:24,d8:d7:75:45:81:24,50:02:91:e8:18:ec,d8:d7:75:45:81:24,,-84,1,2412,False,False
1778935886.9005477,control,ack,,50:02:91:e8:18:ec,50:02:91:e8:18:ec,,,,-47,1,2412,False,False
1778935887.0017846,management,beacon,d8:d7:75:45:81:24,ff:ff:ff:ff:ff:ff,ff:ff:ff:ff:ff:ff,d8:d7:75:45:81:24,d8:d7:75:45:81:24,FunBox2-8124,-42,1,2412,False,False
1778935887.061392,data,null_data,50:02:91:e8:18:ec,d8:d7:75:45:81:24,d8:d7:75:45:81:24,50:02:91:e8:18:ec,d8:d7:75:45:81:24,,-85,1,2412,False,False
1778935887.0614016,control,ack,,50:02:91:e8:18:ec,50:02:91:e8:18:ec,,,,-46,1,2412,False,False
1778935887.2065725,management,beacon,d8:d7:75:45:81:24,ff:ff:ff:ff:ff:ff,ff:ff:ff:ff:ff:ff,d8:d7:75:45:81:24,d8:d7:75:45:81:24,FunBox2-8124,-46,1,2412,False,False
1778935887.3089712,management,beacon,d8:d7:75:45:81:24,ff:ff:ff:ff:ff:ff,ff:ff:ff:ff:ff:ff,d8:d7:75:45:81:24,d8:d7:75:45:81:24,FunBox2-8124,-44,1,2412,False,False
1778935887.314537,data,null_data,50:02:91:e8:18:ec,d8:d7:75:45:81:24,d8:d7:75:45:81:24,50:02:91:e8:18:ec,d8:d7:75:45:81:24,,-83,1,2412,False,False
1778935887.3145447,control,ack,,50:02:91:e8:18:ec,50:02:91:e8:18:ec,,,,-46,1,2412,False,False
1778935887.314729,control,ack,,50:02:91:e8:18:ec,50:02:91:e8:18:ec,,,,-45,1,2412,False,False
1778935887.4114277,management,beacon,d8:d7:75:45:81:24,ff:ff:ff:ff:ff:ff,ff:ff:ff:ff:ff:ff,d8:d7:75:45:81:24,d8:d7:75:45:81:24,FunBox2-8124,-44,1,2412,False,False
1778935887.4761763,data,null_data,50:02:91:e8:18:ec,d8:d7:75:45:81:24,d8:d7:75:45:81:24,50:02:91:e8:18:ec,d8:d7:75:45:81:24,,-84,1,2412,False,False
1778935887.4761958,control,ack,,50:02:91:e8:18:ec,50:02:91:e8:18:ec,,,,-46,1,2412,False,False
1778935887.5138335,management,beacon,d8:d7:75:45:81:24,ff:ff:ff:ff:ff:ff,ff:ff:ff:ff:ff:ff,d8:d7:75:45:81:24,d8:d7:75:45:81:24,FunBox2-8124,-42,1,2412,False,False
1778935887.7186694,management,beacon,d8:d7:75:45:81:24,ff:ff:ff:ff:ff:ff,ff:ff:ff:ff:ff:ff,d8:d7:75:45:81:24,d8:d7:75:45:81:24,FunBox2-8124,-44,1,2412,False,False
1778935887.8210394,management,beacon,d8:d7:75:45:81:24,ff:ff:ff:ff:ff:ff,ff:ff:ff:ff:ff:ff,d8:d7:75:45:81:24,d8:d7:75:45:81:24,FunBox2-8124,-43,1,2412,False,False
1778935887.899355,data,qos_null,d8:d7:75:45:81:24,54:35:30:cf:ee:1e,54:35:30:cf:ee:1e,d8:d7:75:45:81:24,d8:d7:75:45:81:24,,-47,1,2412,False,False
1778935887.899668,control,ack,,d8:d7:75:45:81:24,d8:d7:75:45:81:24,,,,-58,1,2412,False,False
1778935887.9233816,management,beacon,d8:d7:75:45:81:24,ff:ff:ff:ff:ff:ff,ff:ff:ff:ff:ff:ff,d8:d7:75:45:81:24,d8:d7:75:45:81:24,FunBox2-8124,-42,1,2412,False,False
1778935888.0258255,management,beacon,d8:d7:75:45:81:24,ff:ff:ff:ff:ff:ff,ff:ff:ff:ff:ff:ff,d8:d7:75:45:81:24,d8:d7:75:45:81:24,FunBox2-8124,-43,1,2412,False,False
1778935888.2306845,management,beacon,d8:d7:75:45:81:24,ff:ff:ff:ff:ff:ff,ff:ff:ff:ff:ff:ff,d8:d7:75:45:81:24,d8:d7:75:45:81:24,FunBox2-8124,-43,1,2412,False,False
1778935888.2318583,data,null_data,50:02:91:e8:18:ec,d8:d7:75:45:81:24,d8:d7:75:45:81:24,50:02:91:e8:18:ec,d8:d7:75:45:81:24,,-86,1,2412,False,False
1778935888.2318618,control,ack,,50:02:91:e8:18:ec,50:02:91:e8:18:ec,,,,-46,1,2412,False,False
1778935888.2323806,data,qos_null,d8:d7:75:45:81:24,50:02:91:e8:18:ec,50:02:91:e8:18:ec,d8:d7:75:45:81:24,d8:d7:75:45:81:24,,-43,1,2412,False,False
1778935888.232702,control,ack,,d8:d7:75:45:81:24,d8:d7:75:45:81:24,,,,-84,1,2412,False,False
1778935888.333018,management,beacon,d8:d7:75:45:81:24,ff:ff:ff:ff:ff:ff,ff:ff:ff:ff:ff:ff,d8:d7:75:45:81:24,d8:d7:75:45:81:24,FunBox2-8124,-46,1,2412,False,False
1778935888.3931336,data,null_data,50:02:91:e8:18:ec,d8:d7:75:45:81:24,d8:d7:75:45:81:24,50:02:91:e8:18:ec,d8:d7:75:45:81:24,,-85,1,2412,False,False
1778935888.3931508,control,ack,,50:02:91:e8:18:ec,50:02:91:e8:18:ec,,,,-46,1,2412,False,False
1778935888.4354527,management,beacon,d8:d7:75:45:81:24,ff:ff:ff:ff:ff:ff,ff:ff:ff:ff:ff:ff,d8:d7:75:45:81:24,d8:d7:75:45:81:24,FunBox2-8124,-45,1,2412,False,False
1778935888.5378137,management,beacon,d8:d7:75:45:81:24,ff:ff:ff:ff:ff:ff,ff:ff:ff:ff:ff:ff,d8:d7:75:45:81:24,d8:d7:75:45:81:24,FunBox2-8124,-45,1,2412,False,False
1778935888.7426684,management,beacon,d8:d7:75:45:81:24,ff:ff:ff:ff:ff:ff,ff:ff:ff:ff:ff:ff,d8:d7:75:45:81:24,d8:d7:75:45:81:24,FunBox2-8124,-44,1,2412,False,False
1778935888.8450298,management,beacon,d8:d7:75:45:81:24,ff:ff:ff:ff:ff:ff,ff:ff:ff:ff:ff:ff,d8:d7:75:45:81:24,d8:d7:75:45:81:24,FunBox2-8124,-45,1,2412,False,False
1778935888.9474647,management,beacon,d8:d7:75:45:81:24,ff:ff:ff:ff:ff:ff,ff:ff:ff:ff:ff:ff,d8:d7:75:45:81:24,d8:d7:75:45:81:24,FunBox2-8124,-46,1,2412,False,False
1778935889.0498602,management,beacon,d8:d7:75:45:81:24,ff:ff:ff:ff:ff:ff,ff:ff:ff:ff:ff:ff,d8:d7:75:45:81:24,d8:d7:75:45:81:24,FunBox2-8124,-46,1,2412,False,False
1778935889.0518816,data,data,d8:d7:75:45:81:24,33:33:00:00:00:01,33:33:00:00:00:01,d8:d7:75:45:81:24,d8:d7:75:45:81:24,,-45,1,2412,True,False
1778935889.052382,data,null_data,50:02:91:e8:18:ec,d8:d7:75:45:81:24,d8:d7:75:45:81:24,50:02:91:e8:18:ec,d8:d7:75:45:81:24,,-84,1,2412,False,False
1778935889.0523841,control,ack,,50:02:91:e8:18:ec,50:02:91:e8:18:ec,,,,-45,1,2412,False,False
1778935889.0539606,data,data,d8:d7:75:45:81:24,33:33:00:00:00:16,33:33:00:00:00:16,d8:d7:75:45:81:24,a8:5e:45:c6:9f:b7,,-42,1,2412,True,False
1778935889.0542662,control,ack,,d8:d7:75:45:81:24,d8:d7:75:45:81:24,,,,-84,1,2412,False,False
1778935889.2146962,data,null_data,50:02:91:e8:18:ec,d8:d7:75:45:81:24,d8:d7:75:45:81:24,50:02:91:e8:18:ec,d8:d7:75:45:81:24,,-84,1,2412,False,False
1778935889.2147102,control,ack,,50:02:91:e8:18:ec,50:02:91:e8:18:ec,,,,-47,1,2412,False,False
1778935889.254685,management,beacon,d8:d7:75:45:81:24,ff:ff:ff:ff:ff:ff,ff:ff:ff:ff:ff:ff,d8:d7:75:45:81:24,d8:d7:75:45:81:24,FunBox2-8124,-45,1,2412,False,False
1778935889.357069,management,beacon,d8:d7:75:45:81:24,ff:ff:ff:ff:ff:ff,ff:ff:ff:ff:ff:ff,d8:d7:75:45:81:24,d8:d7:75:45:81:24,FunBox2-8124,-47,1,2412,False,False
1778935889.358563,data,data,d8:d7:75:45:81:24,33:33:00:00:00:01,33:33:00:00:00:01,d8:d7:75:45:81:24,d8:d7:75:45:81:24,,-45,1,2412,True,False
1778935889.3592737,control,ack,,d8:d7:75:45:81:24,d8:d7:75:45:81:24,,,,-83,1,2412,False,False
1778935889.3592758,data,null_data,50:02:91:e8:18:ec,d8:d7:75:45:81:24,d8:d7:75:45:81:24,50:02:91:e8:18:ec,d8:d7:75:45:81:24,,-83,1,2412,False,False
1778935889.3592772,control,ack,,50:02:91:e8:18:ec,50:02:91:e8:18:ec,,,,-46,1,2412,False,False
1778935889.3592782,data,null_data,50:02:91:e8:18:ec,d8:d7:75:45:81:24,d8:d7:75:45:81:24,50:02:91:e8:18:ec,d8:d7:75:45:81:24,,-82,1,2412,False,True
1778935889.359279,control,ack,,50:02:91:e8:18:ec,50:02:91:e8:18:ec,,,,-46,1,2412,False,False
1778935889.3649762,data,data,d8:d7:75:45:81:24,33:33:00:00:00:16,33:33:00:00:00:16,d8:d7:75:45:81:24,a8:5e:45:c6:9f:b7,,-43,1,2412,True,False
1778935889.365274,control,ack,,d8:d7:75:45:81:24,d8:d7:75:45:81:24,,,,-84,1,2412,False,False
1778935889.4595032,management,beacon,d8:d7:75:45:81:24,ff:ff:ff:ff:ff:ff,ff:ff:ff:ff:ff:ff,d8:d7:75:45:81:24,d8:d7:75:45:81:24,FunBox2-8124,-42,1,2412,False,False
1778935889.5257297,data,null_data,50:02:91:e8:18:ec,d8:d7:75:45:81:24,d8:d7:75:45:81:24,50:02:91:e8:18:ec,d8:d7:75:45:81:24,,-85,1,2412,False,False
1778935889.5257452,control,ack,,50:02:91:e8:18:ec,50:02:91:e8:18:ec,,,,-47,1,2412,False,False
1778935889.5618567,management,beacon,d8:d7:75:45:81:24,ff:ff:ff:ff:ff:ff,ff:ff:ff:ff:ff:ff,d8:d7:75:45:81:24,d8:d7:75:45:81:24,FunBox2-8124,-44,1,2412,False,False
1778935889.8691237,management,beacon,d8:d7:75:45:81:24,ff:ff:ff:ff:ff:ff,ff:ff:ff:ff:ff:ff,d8:d7:75:45:81:24,d8:d7:75:45:81:24,FunBox2-8124,-42,1,2412,False,False
1778935889.971482,management,beacon,d8:d7:75:45:81:24,ff:ff:ff:ff:ff:ff,ff:ff:ff:ff:ff:ff,d8:d7:75:45:81:24,d8:d7:75:45:81:24,FunBox2-8124,-45,1,2412,False,False
1778935889.9725277,data,data,d8:d7:75:45:81:24,01:00:5e:00:00:01,01:00:5e:00:00:01,d8:d7:75:45:81:24,d8:d7:75:45:81:24,,-45,1,2412,True,False
1778935889.9732044,control,ack,,d8:d7:75:45:81:24,d8:d7:75:45:81:24,,,,-83,1,2412,False,False
1778935889.9732068,data,null_data,50:02:91:e8:18:ec,d8:d7:75:45:81:24,d8:d7:75:45:81:24,50:02:91:e8:18:ec,d8:d7:75:45:81:24,,-82,1,2412,False,False
1778935889.973208,control,ack,,50:02:91:e8:18:ec,50:02:91:e8:18:ec,,,,-45,1,2412,False,False
1778935889.973209,data,null_data,50:02:91:e8:18:ec,d8:d7:75:45:81:24,d8:d7:75:45:81:24,50:02:91:e8:18:ec,d8:d7:75:45:81:24,,-85,1,2412,False,True
1778935889.9732094,control,ack,,50:02:91:e8:18:ec,50:02:91:e8:18:ec,,,,-45,1,2412,False,False
1778935890.0739262,management,beacon,d8:d7:75:45:81:24,ff:ff:ff:ff:ff:ff,ff:ff:ff:ff:ff:ff,d8:d7:75:45:81:24,d8:d7:75:45:81:24,FunBox2-8124,-45,1,2412,False,False
1778935890.1034017,control,ack,,ce:d0:54:70:b1:b3,ce:d0:54:70:b1:b3,,,,-87,1,2412,False,False
1778935890.1340904,data,null_data,50:02:91:e8:18:ec,d8:d7:75:45:81:24,d8:d7:75:45:81:24,50:02:91:e8:18:ec,d8:d7:75:45:81:24,,-84,1,2412,False,False
1778935890.1341074,control,ack,,50:02:91:e8:18:ec,50:02:91:e8:18:ec,,,,-45,1,2412,False,False
1778935890.176336,management,beacon,d8:d7:75:45:81:24,ff:ff:ff:ff:ff:ff,ff:ff:ff:ff:ff:ff,d8:d7:75:45:81:24,d8:d7:75:45:81:24,FunBox2-8124,-45,1,2412,False,False
1778935890.3810945,management,beacon,d8:d7:75:45:81:24,ff:ff:ff:ff:ff:ff,ff:ff:ff:ff:ff:ff,d8:d7:75:45:81:24,d8:d7:75:45:81:24,FunBox2-8124,-41,1,2412,False,False
1778935890.4835255,management,beacon,d8:d7:75:45:81:24,ff:ff:ff:ff:ff:ff,ff:ff:ff:ff:ff:ff,d8:d7:75:45:81:24,d8:d7:75:45:81:24,FunBox2-8124,-46,1,2412,False,False
1778935890.585902,management,beacon,d8:d7:75:45:81:24,ff:ff:ff:ff:ff:ff,ff:ff:ff:ff:ff:ff,d8:d7:75:45:81:24,d8:d7:75:45:81:24,FunBox2-8124,-45,1,2412,False,False
1778935890.5872233,data,data,d8:d7:75:45:81:24,33:33:00:00:00:01,33:33:00:00:00:01,d8:d7:75:45:81:24,d8:d7:75:45:81:24,,-46,1,2412,True,False
1778935890.5876303,control,ack,,50:02:91:e8:18:ec,50:02:91:e8:18:ec,,,,-47,1,2412,False,False
1778935890.6883795,management,beacon,d8:d7:75:45:81:24,ff:ff:ff:ff:ff:ff,ff:ff:ff:ff:ff:ff,d8:d7:75:45:81:24,d8:d7:75:45:81:24,FunBox2-8124,-47,1,2412,False,False
1778935890.7487621,control,ack,,50:02:91:e8:18:ec,50:02:91:e8:18:ec,,,,-46,1,2412,False,False
1778935890.8931408,management,beacon,d8:d7:75:45:81:24,ff:ff:ff:ff:ff:ff,ff:ff:ff:ff:ff:ff,d8:d7:75:45:81:24,d8:d7:75:45:81:24,FunBox2-8124,-46,1,2412,False,False
1778935890.9955475,management,beacon,d8:d7:75:45:81:24,ff:ff:ff:ff:ff:ff,ff:ff:ff:ff:ff:ff,d8:d7:75:45:81:24,d8:d7:75:45:81:24,FunBox2-8124,-45,1,2412,False,False
1778935891.0979123,management,beacon,d8:d7:75:45:81:24,ff:ff:ff:ff:ff:ff,ff:ff:ff:ff:ff:ff,d8:d7:75:45:81:24,d8:d7:75:45:81:24,FunBox2-8124,-45,1,2412,False,False
1778935891.200307,management,beacon,d8:d7:75:45:81:24,ff:ff:ff:ff:ff:ff,ff:ff:ff:ff:ff:ff,d8:d7:75:45:81:24,d8:d7:75:45:81:24,FunBox2-8124,-44,1,2412,False,False
1778935891.4051263,management,beacon,d8:d7:75:45:81:24,ff:ff:ff:ff:ff:ff,ff:ff:ff:ff:ff:ff,d8:d7:75:45:81:24,d8:d7:75:45:81:24,FunBox2-8124,-45,1,2412,False,False
1778935891.5075638,management,beacon,d8:d7:75:45:81:24,ff:ff:ff:ff:ff:ff,ff:ff:ff:ff:ff:ff,d8:d7:75:45:81:24,d8:d7:75:45:81:24,FunBox2-8124,-45,1,2412,False,False
1778935891.6099188,management,beacon,d8:d7:75:45:81:24,ff:ff:ff:ff:ff:ff,ff:ff:ff:ff:ff:ff,d8:d7:75:45:81:24,d8:d7:75:45:81:24,FunBox2-8124,-45,1,2412,False,False
1778935891.62985,data,qos_null,aa:23:4f:4d:00:cf,74:ea:3a:a1:53:a6,74:ea:3a:a1:53:a6,aa:23:4f:4d:00:cf,74:ea:3a:a1:53:a6,,-84,1,2412,False,False
1778935891.7123375,management,beacon,d8:d7:75:45:81:24,ff:ff:ff:ff:ff:ff,ff:ff:ff:ff:ff:ff,d8:d7:75:45:81:24,d8:d7:75:45:81:24,FunBox2-8124,-45,1,2412,False,False
1778935891.9171586,management,beacon,d8:d7:75:45:81:24,ff:ff:ff:ff:ff:ff,ff:ff:ff:ff:ff:ff,d8:d7:75:45:81:24,d8:d7:75:45:81:24,FunBox2-8124,-46,1,2412,False,False
1778935892.019537,management,beacon,d8:d7:75:45:81:24,ff:ff:ff:ff:ff:ff,ff:ff:ff:ff:ff:ff,d8:d7:75:45:81:24,d8:d7:75:45:81:24,FunBox2-8124,-45,1,2412,False,False
1778935892.121992,management,beacon,d8:d7:75:45:81:24,ff:ff:ff:ff:ff:ff,ff:ff:ff:ff:ff:ff,d8:d7:75:45:81:24,d8:d7:75:45:81:24,FunBox2-8124,-47,1,2412,False,False
1778935892.2243714,management,beacon,d8:d7:75:45:81:24,ff:ff:ff:ff:ff:ff,ff:ff:ff:ff:ff:ff,d8:d7:75:45:81:24,d8:d7:75:45:81:24,FunBox2-8124,-45,1,2412,False,False
1778935892.2500675,management,probe_request,46:f2:56:48:b7:cb,ff:ff:ff:ff:ff:ff,ff:ff:ff:ff:ff:ff,46:f2:56:48:b7:cb,ff:ff:ff:ff:ff:ff,<hidden>,-71,1,2412,False,False
1778935892.2533028,management,probe_response,d8:d7:75:45:81:24,46:f2:56:48:b7:cb,46:f2:56:48:b7:cb,d8:d7:75:45:81:24,d8:d7:75:45:81:24,FunBox2-8124,-45,1,2412,False,False
1778935892.253589,control,ack,,d8:d7:75:45:81:24,d8:d7:75:45:81:24,,,,-72,1,2412,False,False
1778935892.270414,management,probe_request,46:f2:56:48:b7:cb,ff:ff:ff:ff:ff:ff,ff:ff:ff:ff:ff:ff,46:f2:56:48:b7:cb,ff:ff:ff:ff:ff:ff,<hidden>,-72,1,2412,False,False
1778935892.2736168,management,probe_response,d8:d7:75:45:81:24,46:f2:56:48:b7:cb,46:f2:56:48:b7:cb,d8:d7:75:45:81:24,d8:d7:75:45:81:24,FunBox2-8124,-44,1,2412,False,False
1778935892.273916,control,ack,,d8:d7:75:45:81:24,d8:d7:75:45:81:24,,,,-74,1,2412,False,False
1778935892.4000432,data,qos_null,aa:23:4f:4d:00:cf,74:ea:3a:a1:53:a6,74:ea:3a:a1:53:a6,aa:23:4f:4d:00:cf,74:ea:3a:a1:53:a6,,-90,1,2412,False,False
1778935892.4292052,management,beacon,d8:d7:75:45:81:24,ff:ff:ff:ff:ff:ff,ff:ff:ff:ff:ff:ff,d8:d7:75:45:81:24,d8:d7:75:45:81:24,FunBox2-8124,-47,1,2412,False,False
1778935892.5315552,management,beacon,d8:d7:75:45:81:24,ff:ff:ff:ff:ff:ff,ff:ff:ff:ff:ff:ff,d8:d7:75:45:81:24,d8:d7:75:45:81:24,FunBox2-8124,-46,1,2412,False,False
1778935892.5698295,control,rts,54:35:30:cf:ee:1e,d8:d7:75:45:81:24,d8:d7:75:45:81:24,54:35:30:cf:ee:1e,,,-53,1,2412,False,False
1778935892.5698397,control,cts,,54:35:30:cf:ee:1e,54:35:30:cf:ee:1e,,,,-46,1,2412,False,False
1778935892.5698414,data,qos_data,54:35:30:cf:ee:1e,d8:d7:75:45:81:24,d8:d7:75:45:81:24,54:35:30:cf:ee:1e,01:00:5e:7f:ff:fa,,-54,1,2412,True,False
1778935892.5698438,control,block_ack,d8:d7:75:45:81:24,54:35:30:cf:ee:1e,54:35:30:cf:ee:1e,d8:d7:75:45:81:24,,,-45,1,2412,False,False
1778935892.6339674,management,beacon,d8:d7:75:45:81:24,ff:ff:ff:ff:ff:ff,ff:ff:ff:ff:ff:ff,d8:d7:75:45:81:24,d8:d7:75:45:81:24,FunBox2-8124,-45,1,2412,False,False
1778935892.6441402,data,qos_null,aa:23:4f:4d:00:cf,74:ea:3a:a1:53:a6,74:ea:3a:a1:53:a6,aa:23:4f:4d:00:cf,74:ea:3a:a1:53:a6,,-87,1,2412,False,False
1778935892.7363844,management,beacon,d8:d7:75:45:81:24,ff:ff:ff:ff:ff:ff,ff:ff:ff:ff:ff:ff,d8:d7:75:45:81:24,d8:d7:75:45:81:24,FunBox2-8124,-43,1,2412,False,False
1778935892.7376606,data,data,d8:d7:75:45:81:24,01:00:5e:7f:ff:fa,01:00:5e:7f:ff:fa,d8:d7:75:45:81:24,54:35:30:cf:ee:1e,,-42,1,2412,True,False
1778935892.738168,control,ack,,50:02:91:e8:18:ec,50:02:91:e8:18:ec,,,,-46,1,2412,False,False
1778935892.8990753,data,null_data,50:02:91:e8:18:ec,d8:d7:75:45:81:24,d8:d7:75:45:81:24,50:02:91:e8:18:ec,d8:d7:75:45:81:24,,-84,1,2412,False,False
1778935892.899085,control,ack,,50:02:91:e8:18:ec,50:02:91:e8:18:ec,,,,-45,1,2412,False,False
1778935892.9411883,management,beacon,d8:d7:75:45:81:24,ff:ff:ff:ff:ff:ff,ff:ff:ff:ff:ff:ff,d8:d7:75:45:81:24,d8:d7:75:45:81:24,FunBox2-8124,-43,1,2412,False,False
1778935893.0435848,management,beacon,d8:d7:75:45:81:24,ff:ff:ff:ff:ff:ff,ff:ff:ff:ff:ff:ff,d8:d7:75:45:81:24,d8:d7:75:45:81:24,FunBox2-8124,-42,1,2412,False,False
1778935893.1460388,management,beacon,d8:d7:75:45:81:24,ff:ff:ff:ff:ff:ff,ff:ff:ff:ff:ff:ff,d8:d7:75:45:81:24,d8:d7:75:45:81:24,FunBox2-8124,-43,1,2412,False,False
1778935893.2484114,management,beacon,d8:d7:75:45:81:24,ff:ff:ff:ff:ff:ff,ff:ff:ff:ff:ff:ff,d8:d7:75:45:81:24,d8:d7:75:45:81:24,FunBox2-8124,-42,1,2412,False,False
1778935893.320471,control,rts,aa:23:4f:4d:00:cf,74:ea:3a:a1:53:a6,74:ea:3a:a1:53:a6,aa:23:4f:4d:00:cf,,,-85,1,2412,False,False
1778935893.4278796,control,rts,aa:23:4f:4d:00:cf,74:ea:3a:a1:53:a6,74:ea:3a:a1:53:a6,aa:23:4f:4d:00:cf,,,-87,1,2412,False,False
1778935893.4531925,management,beacon,d8:d7:75:45:81:24,ff:ff:ff:ff:ff:ff,ff:ff:ff:ff:ff:ff,d8:d7:75:45:81:24,d8:d7:75:45:81:24,FunBox2-8124,-43,1,2412,False,False
1778935893.5611768,management,beacon,d8:d7:75:45:81:24,ff:ff:ff:ff:ff:ff,ff:ff:ff:ff:ff:ff,d8:d7:75:45:81:24,d8:d7:75:45:81:24,FunBox2-8124,-45,1,2412,False,False
1778935893.658046,management,beacon,d8:d7:75:45:81:24,ff:ff:ff:ff:ff:ff,ff:ff:ff:ff:ff:ff,d8:d7:75:45:81:24,d8:d7:75:45:81:24,FunBox2-8124,-46,1,2412,False,False
1778935893.659415,data,data,d8:d7:75:45:81:24,01:00:5e:00:00:fb,01:00:5e:00:00:fb,d8:d7:75:45:81:24,d8:d7:75:45:81:24,,-45,1,2412,True,False
1778935893.6597168,control,ack,,d8:d7:75:45:81:24,d8:d7:75:45:81:24,,,,-83,1,2412,False,False
1778935893.659906,control,ack,,50:02:91:e8:18:ec,50:02:91:e8:18:ec,,,,-46,1,2412,False,False
1778935893.6859965,data,data,d8:d7:75:45:81:24,01:00:5e:00:00:fb,01:00:5e:00:00:fb,d8:d7:75:45:81:24,d8:d7:75:45:81:24,,-44,1,2412,True,False
1778935893.727471,control,rts,54:35:30:cf:ee:1e,d8:d7:75:45:81:24,d8:d7:75:45:81:24,54:35:30:cf:ee:1e,,,-54,1,2412,False,False
1778935893.727484,control,cts,,54:35:30:cf:ee:1e,54:35:30:cf:ee:1e,,,,-46,1,2412,False,False
1778935893.7274861,data,qos_data,54:35:30:cf:ee:1e,d8:d7:75:45:81:24,d8:d7:75:45:81:24,54:35:30:cf:ee:1e,01:00:5e:00:00:fb,,-51,1,2412,True,False
1778935893.7274888,control,block_ack,d8:d7:75:45:81:24,54:35:30:cf:ee:1e,54:35:30:cf:ee:1e,d8:d7:75:45:81:24,,,-47,1,2412,False,False
1778935893.7295787,data,data,d8:d7:75:45:81:24,01:00:5e:00:00:fb,01:00:5e:00:00:fb,d8:d7:75:45:81:24,54:35:30:cf:ee:1e,,-43,1,2412,True,False
1778935893.7298918,control,ack,,d8:d7:75:45:81:24,d8:d7:75:45:81:24,,,,-85,1,2412,False,False
1778935893.7604315,management,beacon,d8:d7:75:45:81:24,ff:ff:ff:ff:ff:ff,ff:ff:ff:ff:ff:ff,d8:d7:75:45:81:24,d8:d7:75:45:81:24,FunBox2-8124,-42,1,2412,False,False
1778935893.8906536,data,null_data,50:02:91:e8:18:ec,d8:d7:75:45:81:24,d8:d7:75:45:81:24,50:02:91:e8:18:ec,d8:d7:75:45:81:24,,-86,1,2412,False,True
1778935893.8906608,control,ack,,50:02:91:e8:18:ec,50:02:91:e8:18:ec,,,,-47,1,2412,False,False
1778935893.9260275,management,beacon,ac:84:c6:41:71:22,ff:ff:ff:ff:ff:ff,ff:ff:ff:ff:ff:ff,ac:84:c6:41:71:22,ac:84:c6:41:71:22,TP-LINK_7122,-89,1,2412,False,False
1778935893.9652297,management,beacon,d8:d7:75:45:81:24,ff:ff:ff:ff:ff:ff,ff:ff:ff:ff:ff:ff,d8:d7:75:45:81:24,d8:d7:75:45:81:24,FunBox2-8124,-43,1,2412,False,False
1778935893.9663267,data,data,d8:d7:75:45:81:24,33:33:00:00:00:02,33:33:00:00:00:02,d8:d7:75:45:81:24,a8:5e:45:c6:9f:b7,,-42,1,2412,True,False
1778935893.9667993,control,ack,,50:02:91:e8:18:ec,50:02:91:e8:18:ec,,,,-46,1,2412,False,False
1778935893.9688287,data,data,d8:d7:75:45:81:24,33:33:00:00:00:01,33:33:00:00:00:01,d8:d7:75:45:81:24,d8:d7:75:45:81:24,,-42,1,2412,True,False
1778935893.9691398,control,ack,,d8:d7:75:45:81:24,d8:d7:75:45:81:24,,,,-85,1,2412,False,False
1778935894.0676374,management,beacon,d8:d7:75:45:81:24,ff:ff:ff:ff:ff:ff,ff:ff:ff:ff:ff:ff,d8:d7:75:45:81:24,d8:d7:75:45:81:24,FunBox2-8124,-45,1,2412,False,False
1778935894.1295285,data,null_data,50:02:91:e8:18:ec,d8:d7:75:45:81:24,d8:d7:75:45:81:24,50:02:91:e8:18:ec,d8:d7:75:45:81:24,,-82,1,2412,False,False
1778935894.1297402,data,null_data,50:02:91:e8:18:ec,d8:d7:75:45:81:24,d8:d7:75:45:81:24,50:02:91:e8:18:ec,d8:d7:75:45:81:24,,-84,1,2412,False,True
1778935894.130048,data,null_data,50:02:91:e8:18:ec,d8:d7:75:45:81:24,d8:d7:75:45:81:24,50:02:91:e8:18:ec,d8:d7:75:45:81:24,,-83,1,2412,False,True
1778935894.130913,data,null_data,50:02:91:e8:18:ec,d8:d7:75:45:81:24,d8:d7:75:45:81:24,50:02:91:e8:18:ec,d8:d7:75:45:81:24,,-85,1,2412,False,True
1778935894.1314383,data,null_data,50:02:91:e8:18:ec,d8:d7:75:45:81:24,d8:d7:75:45:81:24,50:02:91:e8:18:ec,d8:d7:75:45:81:24,,-84,1,2412,False,True
1778935894.1317499,control,ack,,50:02:91:e8:18:ec,50:02:91:e8:18:ec,,,,-45,1,2412,False,False
1778935894.170037,management,beacon,d8:d7:75:45:81:24,ff:ff:ff:ff:ff:ff,ff:ff:ff:ff:ff:ff,d8:d7:75:45:81:24,d8:d7:75:45:81:24,FunBox2-8124,-43,1,2412,False,False
1778935894.272429,management,beacon,d8:d7:75:45:81:24,ff:ff:ff:ff:ff:ff,ff:ff:ff:ff:ff:ff,d8:d7:75:45:81:24,d8:d7:75:45:81:24,FunBox2-8124,-44,1,2412,False,False
1778935894.2739842,data,data,d8:d7:75:45:81:24,33:33:00:00:00:16,33:33:00:00:00:16,d8:d7:75:45:81:24,a8:5e:45:c6:9f:b7,,-45,1,2412,True,False
1778935894.274501,control,ack,,d8:d7:75:45:81:24,d8:d7:75:45:81:24,,,,-86,1,2412,False,False
1778935894.2745035,data,null_data,50:02:91:e8:18:ec,d8:d7:75:45:81:24,d8:d7:75:45:81:24,50:02:91:e8:18:ec,d8:d7:75:45:81:24,,-83,1,2412,False,False
1778935894.4358351,data,null_data,50:02:91:e8:18:ec,d8:d7:75:45:81:24,d8:d7:75:45:81:24,50:02:91:e8:18:ec,d8:d7:75:45:81:24,,-85,1,2412,False,True
1778935894.4363265,data,null_data,50:02:91:e8:18:ec,d8:d7:75:45:81:24,d8:d7:75:45:81:24,50:02:91:e8:18:ec,d8:d7:75:45:81:24,,-85,1,2412,False,True
1778935894.436329,control,ack,,50:02:91:e8:18:ec,50:02:91:e8:18:ec,,,,-44,1,2412,False,False
1778935894.4420142,control,rts,aa:23:4f:4d:00:cf,74:ea:3a:a1:53:a6,74:ea:3a:a1:53:a6,aa:23:4f:4d:00:cf,,,-84,1,2412,False,False
1778935894.48729,management,beacon,d8:d7:75:45:81:24,ff:ff:ff:ff:ff:ff,ff:ff:ff:ff:ff:ff,d8:d7:75:45:81:24,d8:d7:75:45:81:24,FunBox2-8124,-45,1,2412,False,False
1778935894.5400517,management,beacon,ac:84:c6:41:71:22,ff:ff:ff:ff:ff:ff,ff:ff:ff:ff:ff:ff,ac:84:c6:41:71:22,ac:84:c6:41:71:22,TP-LINK_7122,-88,1,2412,False,False
1778935894.5833197,management,beacon,d8:d7:75:45:81:24,ff:ff:ff:ff:ff:ff,ff:ff:ff:ff:ff:ff,d8:d7:75:45:81:24,d8:d7:75:45:81:24,FunBox2-8124,-45,1,2412,False,False
1778935894.6086156,control,cts,,ce:d0:54:70:b1:b3,ce:d0:54:70:b1:b3,,,,-88,1,2412,False,False
1778935894.6844616,management,beacon,d8:d7:75:45:81:24,ff:ff:ff:ff:ff:ff,ff:ff:ff:ff:ff:ff,d8:d7:75:45:81:24,d8:d7:75:45:81:24,FunBox2-8124,-46,1,2412,False,False
1778935894.7844434,management,beacon,d8:d7:75:45:81:24,ff:ff:ff:ff:ff:ff,ff:ff:ff:ff:ff:ff,d8:d7:75:45:81:24,d8:d7:75:45:81:24,FunBox2-8124,-46,1,2412,False,False
1778935894.8885505,data,data,d8:d7:75:45:81:24,33:33:00:00:00:16,33:33:00:00:00:16,d8:d7:75:45:81:24,a8:5e:45:c6:9f:b7,,-46,1,2412,True,False
1778935894.8888378,control,ack,,d8:d7:75:45:81:24,d8:d7:75:45:81:24,,,,-83,1,2412,False,False
1778935894.9893153,management,beacon,d8:d7:75:45:81:24,ff:ff:ff:ff:ff:ff,ff:ff:ff:ff:ff:ff,d8:d7:75:45:81:24,d8:d7:75:45:81:24,FunBox2-8124,-45,1,2412,False,False
1778935894.9948685,data,null_data,50:02:91:e8:18:ec,d8:d7:75:45:81:24,d8:d7:75:45:81:24,50:02:91:e8:18:ec,d8:d7:75:45:81:24,,-83,1,2412,False,False
1778935894.994877,control,ack,,50:02:91:e8:18:ec,50:02:91:e8:18:ec,,,,-46,1,2412,False,False
1778935894.995035,control,ack,,50:02:91:e8:18:ec,50:02:91:e8:18:ec,,,,-47,1,2412,False,False
1778935894.9954646,data,null_data,50:02:91:e8:18:ec,d8:d7:75:45:81:24,d8:d7:75:45:81:24,50:02:91:e8:18:ec,d8:d7:75:45:81:24,,-85,1,2412,False,True
1778935894.9954667,control,ack,,50:02:91:e8:18:ec,50:02:91:e8:18:ec,,,,-42,1,2412,False,False
1778935895.06135,control,rts,aa:23:4f:4d:00:cf,74:ea:3a:a1:53:a6,74:ea:3a:a1:53:a6,aa:23:4f:4d:00:cf,,,-90,1,2412,False,False
1778935895.0916812,management,beacon,d8:d7:75:45:81:24,ff:ff:ff:ff:ff:ff,ff:ff:ff:ff:ff:ff,d8:d7:75:45:81:24,d8:d7:75:45:81:24,FunBox2-8124,-45,1,2412,False,False
1778935895.1564772,data,null_data,50:02:91:e8:18:ec,d8:d7:75:45:81:24,d8:d7:75:45:81:24,50:02:91:e8:18:ec,d8:d7:75:45:81:24,,-84,1,2412,False,False
1778935895.1564856,control,ack,,50:02:91:e8:18:ec,50:02:91:e8:18:ec,,,,-46,1,2412,False,False
1778935895.1941051,management,beacon,d8:d7:75:45:81:24,ff:ff:ff:ff:ff:ff,ff:ff:ff:ff:ff:ff,d8:d7:75:45:81:24,d8:d7:75:45:81:24,FunBox2-8124,-45,1,2412,False,False
1778935895.2964602,management,beacon,d8:d7:75:45:81:24,ff:ff:ff:ff:ff:ff,ff:ff:ff:ff:ff:ff,d8:d7:75:45:81:24,d8:d7:75:45:81:24,FunBox2-8124,-45,1,2412,False,False
1778935895.3989203,management,beacon,d8:d7:75:45:81:24,ff:ff:ff:ff:ff:ff,ff:ff:ff:ff:ff:ff,d8:d7:75:45:81:24,d8:d7:75:45:81:24,FunBox2-8124,-45,1,2412,False,False
1778935895.5013118,management,beacon,d8:d7:75:45:81:24,ff:ff:ff:ff:ff:ff,ff:ff:ff:ff:ff:ff,d8:d7:75:45:81:24,d8:d7:75:45:81:24,FunBox2-8124,-44,1,2412,False,False
1778935895.6037195,management,beacon,d8:d7:75:45:81:24,ff:ff:ff:ff:ff:ff,ff:ff:ff:ff:ff:ff,d8:d7:75:45:81:24,d8:d7:75:45:81:24,FunBox2-8124,-46,1,2412,False,False
1778935895.706122,management,beacon,d8:d7:75:45:81:24,ff:ff:ff:ff:ff:ff,ff:ff:ff:ff:ff:ff,d8:d7:75:45:81:24,d8:d7:75:45:81:24,FunBox2-8124,-46,1,2412,False,False
1778935895.8085334,management,beacon,d8:d7:75:45:81:24,ff:ff:ff:ff:ff:ff,ff:ff:ff:ff:ff:ff,d8:d7:75:45:81:24,d8:d7:75:45:81:24,FunBox2-8124,-46,1,2412,False,False
1778935895.9109263,management,beacon,d8:d7:75:45:81:24,ff:ff:ff:ff:ff:ff,ff:ff:ff:ff:ff:ff,d8:d7:75:45:81:24,d8:d7:75:45:81:24,FunBox2-8124,-47,1,2412,False,False
1778935895.9292653,control,rts,ac:84:c6:41:71:22,ce:d0:54:70:b1:b3,ce:d0:54:70:b1:b3,ac:84:c6:41:71:22,,,-90,1,2412,False,False
1778935895.9564476,control,rts,ac:84:c6:41:71:22,ce:d0:54:70:b1:b3,ce:d0:54:70:b1:b3,ac:84:c6:41:71:22,,,-90,1,2412,False,False
1778935895.9758503,control,rts,ac:84:c6:41:71:22,ce:d0:54:70:b1:b3,ce:d0:54:70:b1:b3,ac:84:c6:41:71:22,,,-87,1,2412,False,False
1778935895.9960423,control,rts,ac:84:c6:41:71:22,ce:d0:54:70:b1:b3,ce:d0:54:70:b1:b3,ac:84:c6:41:71:22,,,-87,1,2412,False,False
1778935896.0132835,management,beacon,d8:d7:75:45:81:24,ff:ff:ff:ff:ff:ff,ff:ff:ff:ff:ff:ff,d8:d7:75:45:81:24,d8:d7:75:45:81:24,FunBox2-8124,-45,1,2412,False,False
1778935896.027636,control,rts,ac:84:c6:41:71:22,ce:d0:54:70:b1:b3,ce:d0:54:70:b1:b3,ac:84:c6:41:71:22,,,-92,1,2412,False,False
1778935896.0417397,data,qos_data,ac:84:c6:41:71:22,ce:d0:54:70:b1:b3,ce:d0:54:70:b1:b3,ac:84:c6:41:71:22,ac:84:c6:41:71:22,,-86,1,2412,True,False
1778935896.1156964,management,beacon,d8:d7:75:45:81:24,ff:ff:ff:ff:ff:ff,ff:ff:ff:ff:ff:ff,d8:d7:75:45:81:24,d8:d7:75:45:81:24,FunBox2-8124,-44,1,2412,False,False
1778935896.1171014,data,null_data,50:02:91:e8:18:ec,d8:d7:75:45:81:24,d8:d7:75:45:81:24,50:02:91:e8:18:ec,d8:d7:75:45:81:24,,-83,1,2412,False,False
1778935896.1171048,control,ack,,50:02:91:e8:18:ec,50:02:91:e8:18:ec,,,,-46,1,2412,False,False
1778935896.117106,data,null_data,50:02:91:e8:18:ec,d8:d7:75:45:81:24,d8:d7:75:45:81:24,50:02:91:e8:18:ec,d8:d7:75:45:81:24,,-85,1,2412,False,True
1778935896.1171064,control,ack,,50:02:91:e8:18:ec,50:02:91:e8:18:ec,,,,-44,1,2412,False,False
1778935896.1210618,control,rts,ac:84:c6:41:71:22,ce:d0:54:70:b1:b3,ce:d0:54:70:b1:b3,ac:84:c6:41:71:22,,,-90,1,2412,False,False
1778935896.2181015,management,beacon,d8:d7:75:45:81:24,ff:ff:ff:ff:ff:ff,ff:ff:ff:ff:ff:ff,d8:d7:75:45:81:24,d8:d7:75:45:81:24,FunBox2-8124,-51,1,2412,False,False
1778935896.2780583,data,null_data,50:02:91:e8:18:ec,d8:d7:75:45:81:24,d8:d7:75:45:81:24,50:02:91:e8:18:ec,d8:d7:75:45:81:24,,-83,1,2412,False,True
1778935896.320521,management,beacon,d8:d7:75:45:81:24,ff:ff:ff:ff:ff:ff,ff:ff:ff:ff:ff:ff,d8:d7:75:45:81:24,d8:d7:75:45:81:24,FunBox2-8124,-43,1,2412,False,False
1778935896.4228966,management,beacon,d8:d7:75:45:81:24,ff:ff:ff:ff:ff:ff,ff:ff:ff:ff:ff:ff,d8:d7:75:45:81:24,d8:d7:75:45:81:24,FunBox2-8124,-42,1,2412,False,False
1778935896.5253122,management,beacon,d8:d7:75:45:81:24,ff:ff:ff:ff:ff:ff,ff:ff:ff:ff:ff:ff,d8:d7:75:45:81:24,d8:d7:75:45:81:24,FunBox2-8124,-44,1,2412,False,False
1778935896.6277158,management,beacon,d8:d7:75:45:81:24,ff:ff:ff:ff:ff:ff,ff:ff:ff:ff:ff:ff,d8:d7:75:45:81:24,d8:d7:75:45:81:24,FunBox2-8124,-46,1,2412,False,False
1778935896.7301302,management,beacon,d8:d7:75:45:81:24,ff:ff:ff:ff:ff:ff,ff:ff:ff:ff:ff:ff,d8:d7:75:45:81:24,d8:d7:75:45:81:24,FunBox2-8124,-44,1,2412,False,False
1778935896.8325324,management,beacon,d8:d7:75:45:81:24,ff:ff:ff:ff:ff:ff,ff:ff:ff:ff:ff:ff,d8:d7:75:45:81:24,d8:d7:75:45:81:24,FunBox2-8124,-46,1,2412,False,False
1778935896.9349315,management,beacon,d8:d7:75:45:81:24,ff:ff:ff:ff:ff:ff,ff:ff:ff:ff:ff:ff,d8:d7:75:45:81:24,d8:d7:75:45:81:24,FunBox2-8124,-45,1,2412,False,False
1778935897.0373378,management,beacon,d8:d7:75:45:81:24,ff:ff:ff:ff:ff:ff,ff:ff:ff:ff:ff:ff,d8:d7:75:45:81:24,d8:d7:75:45:81:24,FunBox2-8124,-45,1,2412,False,False
1778935897.0644965,data,qos_null,aa:23:4f:4d:00:cf,74:ea:3a:a1:53:a6,74:ea:3a:a1:53:a6,aa:23:4f:4d:00:cf,74:ea:3a:a1:53:a6,,-86,1,2412,False,False
1778935897.0900614,control,ack,,aa:23:4f:4d:00:cf,aa:23:4f:4d:00:cf,,,,-93,1,2412,False,False
1778935897.139736,management,beacon,d8:d7:75:45:81:24,ff:ff:ff:ff:ff:ff,ff:ff:ff:ff:ff:ff,d8:d7:75:45:81:24,d8:d7:75:45:81:24,FunBox2-8124,-45,1,2412,False,False
1778935897.2421398,management,beacon,d8:d7:75:45:81:24,ff:ff:ff:ff:ff:ff,ff:ff:ff:ff:ff:ff,d8:d7:75:45:81:24,d8:d7:75:45:81:24,FunBox2-8124,-45,1,2412,False,False
1778935897.3445337,management,beacon,d8:d7:75:45:81:24,ff:ff:ff:ff:ff:ff,ff:ff:ff:ff:ff:ff,d8:d7:75:45:81:24,d8:d7:75:45:81:24,FunBox2-8124,-45,1,2412,False,False
1778935897.549395,management,beacon,d8:d7:75:45:81:24,ff:ff:ff:ff:ff:ff,ff:ff:ff:ff:ff:ff,d8:d7:75:45:81:24,d8:d7:75:45:81:24,FunBox2-8124,-45,1,2412,False,False
1778935897.6517828,management,beacon,d8:d7:75:45:81:24,ff:ff:ff:ff:ff:ff,ff:ff:ff:ff:ff:ff,d8:d7:75:45:81:24,d8:d7:75:45:81:24,FunBox2-8124,-46,1,2412,False,False
1778935897.6525555,data,data,d8:d7:75:45:81:24,ff:ff:ff:ff:ff:ff,ff:ff:ff:ff:ff:ff,d8:d7:75:45:81:24,d8:d7:75:45:81:24,,-45,1,2412,True,False
1778935897.652873,control,ack,,d8:d7:75:45:81:24,d8:d7:75:45:81:24,,,,-84,1,2412,False,False
1778935897.6545258,control,ack,,50:02:91:e8:18:ec,50:02:91:e8:18:ec,,,,-45,1,2412,False,False
1778935897.7541707,management,beacon,d8:d7:75:45:81:24,ff:ff:ff:ff:ff:ff,ff:ff:ff:ff:ff:ff,d8:d7:75:45:81:24,d8:d7:75:45:81:24,FunBox2-8124,-46,1,2412,False,False
1778935897.8153858,data,null_data,50:02:91:e8:18:ec,d8:d7:75:45:81:24,d8:d7:75:45:81:24,50:02:91:e8:18:ec,d8:d7:75:45:81:24,,-83,1,2412,False,False
1778935897.8153954,control,ack,,50:02:91:e8:18:ec,50:02:91:e8:18:ec,,,,-46,1,2412,False,False
1778935897.8565586,management,beacon,d8:d7:75:45:81:24,ff:ff:ff:ff:ff:ff,ff:ff:ff:ff:ff:ff,d8:d7:75:45:81:24,d8:d7:75:45:81:24,FunBox2-8124,-42,1,2412,False,False
1778935897.9590123,management,beacon,d8:d7:75:45:81:24,ff:ff:ff:ff:ff:ff,ff:ff:ff:ff:ff:ff,d8:d7:75:45:81:24,d8:d7:75:45:81:24,FunBox2-8124,-45,1,2412,False,False
1778935898.0614083,management,beacon,d8:d7:75:45:81:24,ff:ff:ff:ff:ff:ff,ff:ff:ff:ff:ff:ff,d8:d7:75:45:81:24,d8:d7:75:45:81:24,FunBox2-8124,-45,1,2412,False,False
1778935898.1638384,management,beacon,d8:d7:75:45:81:24,ff:ff:ff:ff:ff:ff,ff:ff:ff:ff:ff:ff,d8:d7:75:45:81:24,d8:d7:75:45:81:24,FunBox2-8124,-45,1,2412,False,False
1778935898.2661757,management,beacon,d8:d7:75:45:81:24,ff:ff:ff:ff:ff:ff,ff:ff:ff:ff:ff:ff,d8:d7:75:45:81:24,d8:d7:75:45:81:24,FunBox2-8124,-45,1,2412,False,False
1778935898.368625,management,beacon,d8:d7:75:45:81:24,ff:ff:ff:ff:ff:ff,ff:ff:ff:ff:ff:ff,d8:d7:75:45:81:24,d8:d7:75:45:81:24,FunBox2-8124,-45,1,2412,False,False
1778935898.470987,management,beacon,d8:d7:75:45:81:24,ff:ff:ff:ff:ff:ff,ff:ff:ff:ff:ff:ff,d8:d7:75:45:81:24,d8:d7:75:45:81:24,FunBox2-8124,-42,1,2412,False,False
1778935898.5417256,data,qos_null,aa:23:4f:4d:00:cf,74:ea:3a:a1:53:a6,74:ea:3a:a1:53:a6,aa:23:4f:4d:00:cf,74:ea:3a:a1:53:a6,,-86,1,2412,False,False
1778935898.5733829,management,beacon,d8:d7:75:45:81:24,ff:ff:ff:ff:ff:ff,ff:ff:ff:ff:ff:ff,d8:d7:75:45:81:24,d8:d7:75:45:81:24,FunBox2-8124,-45,1,2412,False,False
1778935898.6758182,management,beacon,d8:d7:75:45:81:24,ff:ff:ff:ff:ff:ff,ff:ff:ff:ff:ff:ff,d8:d7:75:45:81:24,d8:d7:75:45:81:24,FunBox2-8124,-45,1,2412,False,False
1778935898.7782426,management,beacon,d8:d7:75:45:81:24,ff:ff:ff:ff:ff:ff,ff:ff:ff:ff:ff:ff,d8:d7:75:45:81:24,d8:d7:75:45:81:24,FunBox2-8124,-44,1,2412,False,False
1778935898.8806465,management,beacon,d8:d7:75:45:81:24,ff:ff:ff:ff:ff:ff,ff:ff:ff:ff:ff:ff,d8:d7:75:45:81:24,d8:d7:75:45:81:24,FunBox2-8124,-45,1,2412,False,False
1778935898.9830236,management,beacon,d8:d7:75:45:81:24,ff:ff:ff:ff:ff:ff,ff:ff:ff:ff:ff:ff,d8:d7:75:45:81:24,d8:d7:75:45:81:24,FunBox2-8124,-45,1,2412,False,False
1778935898.992743,management,probe_response,d8:d7:75:45:81:24,dc:a9:71:95:8d:5a,dc:a9:71:95:8d:5a,d8:d7:75:45:81:24,d8:d7:75:45:81:24,FunBox2-8124,-44,1,2412,False,False
1778935898.9969876,management,probe_response,d8:d7:75:45:81:24,dc:a9:71:95:8d:5a,dc:a9:71:95:8d:5a,d8:d7:75:45:81:24,d8:d7:75:45:81:24,FunBox2-8124,-45,1,2412,False,True
1778935899.001719,management,probe_response,d8:d7:75:45:81:24,dc:a9:71:95:8d:5a,dc:a9:71:95:8d:5a,d8:d7:75:45:81:24,d8:d7:75:45:81:24,FunBox2-8124,-43,1,2412,False,True
1778935899.005687,management,probe_response,d8:d7:75:45:81:24,dc:a9:71:95:8d:5a,dc:a9:71:95:8d:5a,d8:d7:75:45:81:24,d8:d7:75:45:81:24,FunBox2-8124,-42,1,2412,False,True
1778935899.010121,management,probe_response,d8:d7:75:45:81:24,dc:a9:71:95:8d:5a,dc:a9:71:95:8d:5a,d8:d7:75:45:81:24,d8:d7:75:45:81:24,FunBox2-8124,-43,1,2412,False,True
1778935899.075083,data,qos_null,aa:23:4f:4d:00:cf,74:ea:3a:a1:53:a6,74:ea:3a:a1:53:a6,aa:23:4f:4d:00:cf,74:ea:3a:a1:53:a6,,-88,1,2412,False,False
1778935899.085428,management,beacon,d8:d7:75:45:81:24,ff:ff:ff:ff:ff:ff,ff:ff:ff:ff:ff:ff,d8:d7:75:45:81:24,d8:d7:75:45:81:24,FunBox2-8124,-44,1,2412,False,False
1778935899.1003325,data,qos_null,aa:23:4f:4d:00:cf,74:ea:3a:a1:53:a6,74:ea:3a:a1:53:a6,aa:23:4f:4d:00:cf,74:ea:3a:a1:53:a6,,-87,1,2412,False,False
1778935899.120796,control,ack,,ce:d0:54:70:b1:b3,ce:d0:54:70:b1:b3,,,,-87,1,2412,False,False
1778935899.1878216,management,beacon,d8:d7:75:45:81:24,ff:ff:ff:ff:ff:ff,ff:ff:ff:ff:ff:ff,d8:d7:75:45:81:24,d8:d7:75:45:81:24,FunBox2-8124,-45,1,2412,False,False
1778935899.2083707,data,null_data,50:02:91:e8:18:ec,d8:d7:75:45:81:24,d8:d7:75:45:81:24,50:02:91:e8:18:ec,d8:d7:75:45:81:24,,-83,1,2412,False,False
1778935899.2083793,control,ack,,50:02:91:e8:18:ec,50:02:91:e8:18:ec,,,,-45,1,2412,False,False
1778935899.2902458,management,beacon,d8:d7:75:45:81:24,ff:ff:ff:ff:ff:ff,ff:ff:ff:ff:ff:ff,d8:d7:75:45:81:24,d8:d7:75:45:81:24,FunBox2-8124,-46,1,2412,False,False
1778935899.3926146,management,beacon,d8:d7:75:45:81:24,ff:ff:ff:ff:ff:ff,ff:ff:ff:ff:ff:ff,d8:d7:75:45:81:24,d8:d7:75:45:81:24,FunBox2-8124,-42,1,2412,False,False
1778935899.49505,management,beacon,d8:d7:75:45:81:24,ff:ff:ff:ff:ff:ff,ff:ff:ff:ff:ff:ff,d8:d7:75:45:81:24,d8:d7:75:45:81:24,FunBox2-8124,-46,1,2412,False,False
1778935899.4962206,data,null_data,50:02:91:e8:18:ec,d8:d7:75:45:81:24,d8:d7:75:45:81:24,50:02:91:e8:18:ec,d8:d7:75:45:81:24,,-82,1,2412,False,False
1778935899.4962287,control,ack,,50:02:91:e8:18:ec,50:02:91:e8:18:ec,,,,-47,1,2412,False,False
1778935899.5974784,management,beacon,d8:d7:75:45:81:24,ff:ff:ff:ff:ff:ff,ff:ff:ff:ff:ff:ff,d8:d7:75:45:81:24,d8:d7:75:45:81:24,FunBox2-8124,-45,1,2412,False,False
1778935899.6570807,data,null_data,50:02:91:e8:18:ec,d8:d7:75:45:81:24,d8:d7:75:45:81:24,50:02:91:e8:18:ec,d8:d7:75:45:81:24,,-86,1,2412,False,False
1778935899.657089,control,ack,,50:02:91:e8:18:ec,50:02:91:e8:18:ec,,,,-45,1,2412,False,False
1778935899.6998465,management,beacon,d8:d7:75:45:81:24,ff:ff:ff:ff:ff:ff,ff:ff:ff:ff:ff:ff,d8:d7:75:45:81:24,d8:d7:75:45:81:24,FunBox2-8124,-41,1,2412,False,False
1778935899.8022485,management,beacon,d8:d7:75:45:81:24,ff:ff:ff:ff:ff:ff,ff:ff:ff:ff:ff:ff,d8:d7:75:45:81:24,d8:d7:75:45:81:24,FunBox2-8124,-45,1,2412,False,False
1778935899.9064076,management,beacon,d8:d7:75:45:81:24,ff:ff:ff:ff:ff:ff,ff:ff:ff:ff:ff:ff,d8:d7:75:45:81:24,d8:d7:75:45:81:24,FunBox2-8124,-46,1,2412,False,False
1778935900.007029,management,beacon,d8:d7:75:45:81:24,ff:ff:ff:ff:ff:ff,ff:ff:ff:ff:ff:ff,d8:d7:75:45:81:24,d8:d7:75:45:81:24,FunBox2-8124,-45,1,2412,False,False
1778935900.1094496,management,beacon,d8:d7:75:45:81:24,ff:ff:ff:ff:ff:ff,ff:ff:ff:ff:ff:ff,d8:d7:75:45:81:24,d8:d7:75:45:81:24,FunBox2-8124,-45,1,2412,False,False
1778935900.2118683,management,beacon,d8:d7:75:45:81:24,ff:ff:ff:ff:ff:ff,ff:ff:ff:ff:ff:ff,d8:d7:75:45:81:24,d8:d7:75:45:81:24,FunBox2-8124,-47,1,2412,False,False
1778935900.3142695,management,beacon,d8:d7:75:45:81:24,ff:ff:ff:ff:ff:ff,ff:ff:ff:ff:ff:ff,d8:d7:75:45:81:24,d8:d7:75:45:81:24,FunBox2-8124,-45,1,2412,False,False
1778935900.4166515,management,beacon,d8:d7:75:45:81:24,ff:ff:ff:ff:ff:ff,ff:ff:ff:ff:ff:ff,d8:d7:75:45:81:24,d8:d7:75:45:81:24,FunBox2-8124,-45,1,2412,False,False
1778935900.5191083,management,beacon,d8:d7:75:45:81:24,ff:ff:ff:ff:ff:ff,ff:ff:ff:ff:ff:ff,d8:d7:75:45:81:24,d8:d7:75:45:81:24,FunBox2-8124,-45,1,2412,False,False
1778935900.6214547,management,beacon,d8:d7:75:45:81:24,ff:ff:ff:ff:ff:ff,ff:ff:ff:ff:ff:ff,d8:d7:75:45:81:24,d8:d7:75:45:81:24,FunBox2-8124,-42,1,2412,False,False
1778935900.723898,management,beacon,d8:d7:75:45:81:24,ff:ff:ff:ff:ff:ff,ff:ff:ff:ff:ff:ff,d8:d7:75:45:81:24,d8:d7:75:45:81:24,FunBox2-8124,-44,1,2412,False,False
1778935900.826305,management,beacon,d8:d7:75:45:81:24,ff:ff:ff:ff:ff:ff,ff:ff:ff:ff:ff:ff,d8:d7:75:45:81:24,d8:d7:75:45:81:24,FunBox2-8124,-45,1,2412,False,False
1778935900.9287148,management,beacon,d8:d7:75:45:81:24,ff:ff:ff:ff:ff:ff,ff:ff:ff:ff:ff:ff,d8:d7:75:45:81:24,d8:d7:75:45:81:24,FunBox2-8124,-44,1,2412,False,False
1778935901.0310736,management,beacon,d8:d7:75:45:81:24,ff:ff:ff:ff:ff:ff,ff:ff:ff:ff:ff:ff,d8:d7:75:45:81:24,d8:d7:75:45:81:24,FunBox2-8124,-44,1,2412,False,False
1778935901.0323536,data,data,d8:d7:75:45:81:24,33:33:ff:63:5e:bd,33:33:ff:63:5e:bd,d8:d7:75:45:81:24,d8:d7:75:45:81:24,,-46,1,2412,True,False
1778935901.0328472,control,ack,,d8:d7:75:45:81:24,d8:d7:75:45:81:24,,,,-83,1,2412,False,False
1778935901.0328486,control,ack,,50:02:91:e8:18:ec,50:02:91:e8:18:ec,,,,-46,1,2412,False,False
1778935901.0737383,data,qos_null,aa:23:4f:4d:00:cf,74:ea:3a:a1:53:a6,74:ea:3a:a1:53:a6,aa:23:4f:4d:00:cf,74:ea:3a:a1:53:a6,,-88,1,2412,False,False
1778935901.1335137,management,beacon,d8:d7:75:45:81:24,ff:ff:ff:ff:ff:ff,ff:ff:ff:ff:ff:ff,d8:d7:75:45:81:24,d8:d7:75:45:81:24,FunBox2-8124,-45,1,2412,False,False
1778935901.1937664,data,null_data,50:02:91:e8:18:ec,d8:d7:75:45:81:24,d8:d7:75:45:81:24,50:02:91:e8:18:ec,d8:d7:75:45:81:24,,-85,1,2412,False,False
1778935901.1937773,control,ack,,50:02:91:e8:18:ec,50:02:91:e8:18:ec,,,,-47,1,2412,False,False
1778935901.2358823,management,beacon,d8:d7:75:45:81:24,ff:ff:ff:ff:ff:ff,ff:ff:ff:ff:ff:ff,d8:d7:75:45:81:24,d8:d7:75:45:81:24,FunBox2-8124,-46,1,2412,False,False
1778935901.3383229,management,beacon,d8:d7:75:45:81:24,ff:ff:ff:ff:ff:ff,ff:ff:ff:ff:ff:ff,d8:d7:75:45:81:24,d8:d7:75:45:81:24,FunBox2-8124,-46,1,2412,False,False
1778935901.3399026,data,data,d8:d7:75:45:81:24,33:33:00:00:00:01,33:33:00:00:00:01,d8:d7:75:45:81:24,d8:d7:75:45:81:24,,-46,1,2412,True,False
1778935901.3402145,control,ack,,d8:d7:75:45:81:24,d8:d7:75:45:81:24,,,,-85,1,2412,False,False
1778935901.3404071,control,ack,,50:02:91:e8:18:ec,50:02:91:e8:18:ec,,,,-47,1,2412,False,False
1778935901.3422174,data,data,d8:d7:75:45:81:24,33:33:00:00:00:01,33:33:00:00:00:01,d8:d7:75:45:81:24,d8:d7:75:45:81:24,,-42,1,2412,True,False
1778935901.342535,control,ack,,d8:d7:75:45:81:24,d8:d7:75:45:81:24,,,,-85,1,2412,False,False
1778935901.4072976,data,qos_null,aa:23:4f:4d:00:cf,74:ea:3a:a1:53:a6,74:ea:3a:a1:53:a6,aa:23:4f:4d:00:cf,74:ea:3a:a1:53:a6,,-87,1,2412,False,False
1778935901.4325356,data,qos_null,aa:23:4f:4d:00:cf,74:ea:3a:a1:53:a6,74:ea:3a:a1:53:a6,aa:23:4f:4d:00:cf,74:ea:3a:a1:53:a6,,-86,1,2412,False,False
1778935901.4406826,management,beacon,d8:d7:75:45:81:24,ff:ff:ff:ff:ff:ff,ff:ff:ff:ff:ff:ff,d8:d7:75:45:81:24,d8:d7:75:45:81:24,FunBox2-8124,-45,1,2412,False,False
1778935901.5029917,data,null_data,50:02:91:e8:18:ec,d8:d7:75:45:81:24,d8:d7:75:45:81:24,50:02:91:e8:18:ec,d8:d7:75:45:81:24,,-84,1,2412,False,False
1778935901.503003,control,ack,,50:02:91:e8:18:ec,50:02:91:e8:18:ec,,,,-45,1,2412,False,False
1778935901.6015353,management,beacon,ac:84:c6:41:71:22,ff:ff:ff:ff:ff:ff,ff:ff:ff:ff:ff:ff,ac:84:c6:41:71:22,ac:84:c6:41:71:22,TP-LINK_7122,-85,1,2412,False,False
1778935901.645545,management,beacon,d8:d7:75:45:81:24,ff:ff:ff:ff:ff:ff,ff:ff:ff:ff:ff:ff,d8:d7:75:45:81:24,d8:d7:75:45:81:24,FunBox2-8124,-45,1,2412,False,False
1778935901.7479074,management,beacon,d8:d7:75:45:81:24,ff:ff:ff:ff:ff:ff,ff:ff:ff:ff:ff:ff,d8:d7:75:45:81:24,d8:d7:75:45:81:24,FunBox2-8124,-45,1,2412,False,False
1778935901.850325,management,beacon,d8:d7:75:45:81:24,ff:ff:ff:ff:ff:ff,ff:ff:ff:ff:ff:ff,d8:d7:75:45:81:24,d8:d7:75:45:81:24,FunBox2-8124,-44,1,2412,False,False
1778935901.9527473,management,beacon,d8:d7:75:45:81:24,ff:ff:ff:ff:ff:ff,ff:ff:ff:ff:ff:ff,d8:d7:75:45:81:24,d8:d7:75:45:81:24,FunBox2-8124,-46,1,2412,False,False
1778935901.9541674,data,data,d8:d7:75:45:81:24,33:33:ff:63:5e:bd,33:33:ff:63:5e:bd,d8:d7:75:45:81:24,d8:d7:75:45:81:24,,-45,1,2412,True,False
1778935901.9546654,data,null_data,50:02:91:e8:18:ec,d8:d7:75:45:81:24,d8:d7:75:45:81:24,50:02:91:e8:18:ec,d8:d7:75:45:81:24,,-85,1,2412,False,False
1778935901.9546676,control,ack,,50:02:91:e8:18:ec,50:02:91:e8:18:ec,,,,-47,1,2412,False,False
1778935902.055142,management,beacon,d8:d7:75:45:81:24,ff:ff:ff:ff:ff:ff,ff:ff:ff:ff:ff:ff,d8:d7:75:45:81:24,d8:d7:75:45:81:24,FunBox2-8124,-44,1,2412,False,False
1778935902.1155808,data,null_data,50:02:91:e8:18:ec,d8:d7:75:45:81:24,d8:d7:75:45:81:24,50:02:91:e8:18:ec,d8:d7:75:45:81:24,,-85,1,2412,False,False
1778935902.1155972,control,ack,,50:02:91:e8:18:ec,50:02:91:e8:18:ec,,,,-44,1,2412,False,False
1778935902.1575284,management,beacon,d8:d7:75:45:81:24,ff:ff:ff:ff:ff:ff,ff:ff:ff:ff:ff:ff,d8:d7:75:45:81:24,d8:d7:75:45:81:24,FunBox2-8124,-43,1,2412,False,False
1778935902.2599387,management,beacon,d8:d7:75:45:81:24,ff:ff:ff:ff:ff:ff,ff:ff:ff:ff:ff:ff,d8:d7:75:45:81:24,d8:d7:75:45:81:24,FunBox2-8124,-45,1,2412,False,False
1778935902.3623812,management,beacon,d8:d7:75:45:81:24,ff:ff:ff:ff:ff:ff,ff:ff:ff:ff:ff:ff,d8:d7:75:45:81:24,d8:d7:75:45:81:24,FunBox2-8124,-46,1,2412,False,False
1778935902.4647534,management,beacon,d8:d7:75:45:81:24,ff:ff:ff:ff:ff:ff,ff:ff:ff:ff:ff:ff,d8:d7:75:45:81:24,d8:d7:75:45:81:24,FunBox2-8124,-45,1,2412,False,False
1778935902.567126,management,beacon,d8:d7:75:45:81:24,ff:ff:ff:ff:ff:ff,ff:ff:ff:ff:ff:ff,d8:d7:75:45:81:24,d8:d7:75:45:81:24,FunBox2-8124,-41,1,2412,False,False
1778935902.6695938,management,beacon,d8:d7:75:45:81:24,ff:ff:ff:ff:ff:ff,ff:ff:ff:ff:ff:ff,d8:d7:75:45:81:24,d8:d7:75:45:81:24,FunBox2-8124,-42,1,2412,False,False
1778935902.6751118,data,null_data,50:02:91:e8:18:ec,d8:d7:75:45:81:24,d8:d7:75:45:81:24,50:02:91:e8:18:ec,d8:d7:75:45:81:24,,-84,1,2412,False,False
1778935902.6751187,control,ack,,50:02:91:e8:18:ec,50:02:91:e8:18:ec,,,,-46,1,2412,False,False
1778935902.771961,management,beacon,d8:d7:75:45:81:24,ff:ff:ff:ff:ff:ff,ff:ff:ff:ff:ff:ff,d8:d7:75:45:81:24,d8:d7:75:45:81:24,FunBox2-8124,-46,1,2412,False,False
1778935902.8359709,data,null_data,50:02:91:e8:18:ec,d8:d7:75:45:81:24,d8:d7:75:45:81:24,50:02:91:e8:18:ec,d8:d7:75:45:81:24,,-82,1,2412,False,False
1778935902.8359911,control,ack,,50:02:91:e8:18:ec,50:02:91:e8:18:ec,,,,-47,1,2412,False,False
1778935902.874368,management,beacon,d8:d7:75:45:81:24,ff:ff:ff:ff:ff:ff,ff:ff:ff:ff:ff:ff,d8:d7:75:45:81:24,d8:d7:75:45:81:24,FunBox2-8124,-45,1,2412,False,False
1778935902.8757474,data,data,d8:d7:75:45:81:24,33:33:ff:63:5e:bd,33:33:ff:63:5e:bd,d8:d7:75:45:81:24,d8:d7:75:45:81:24,,-43,1,2412,True,False
1778935902.8762553,control,ack,,d8:d7:75:45:81:24,d8:d7:75:45:81:24,,,,-84,1,2412,False,False
1778935902.8762572,data,null_data,50:02:91:e8:18:ec,d8:d7:75:45:81:24,d8:d7:75:45:81:24,50:02:91:e8:18:ec,d8:d7:75:45:81:24,,-83,1,2412,False,False
1778935902.8762581,control,ack,,50:02:91:e8:18:ec,50:02:91:e8:18:ec,,,,-48,1,2412,False,False
1778935902.9768066,management,beacon,d8:d7:75:45:81:24,ff:ff:ff:ff:ff:ff,ff:ff:ff:ff:ff:ff,d8:d7:75:45:81:24,d8:d7:75:45:81:24,FunBox2-8124,-46,1,2412,False,False
1778935903.0371928,data,null_data,50:02:91:e8:18:ec,d8:d7:75:45:81:24,d8:d7:75:45:81:24,50:02:91:e8:18:ec,d8:d7:75:45:81:24,,-85,1,2412,False,False
1778935903.0372028,control,ack,,50:02:91:e8:18:ec,50:02:91:e8:18:ec,,,,-47,1,2412,False,False
1778935903.07917,management,beacon,d8:d7:75:45:81:24,ff:ff:ff:ff:ff:ff,ff:ff:ff:ff:ff:ff,d8:d7:75:45:81:24,d8:d7:75:45:81:24,FunBox2-8124,-44,1,2412,False,False
1778935903.2839599,management,beacon,d8:d7:75:45:81:24,ff:ff:ff:ff:ff:ff,ff:ff:ff:ff:ff:ff,d8:d7:75:45:81:24,d8:d7:75:45:81:24,FunBox2-8124,-46,1,2412,False,False
1778935903.386388,management,beacon,d8:d7:75:45:81:24,ff:ff:ff:ff:ff:ff,ff:ff:ff:ff:ff:ff,d8:d7:75:45:81:24,d8:d7:75:45:81:24,FunBox2-8124,-43,1,2412,False,False
1778935903.488777,management,beacon,d8:d7:75:45:81:24,ff:ff:ff:ff:ff:ff,ff:ff:ff:ff:ff:ff,d8:d7:75:45:81:24,d8:d7:75:45:81:24,FunBox2-8124,-52,1,2412,False,False
1778935903.5912204,management,beacon,d8:d7:75:45:81:24,ff:ff:ff:ff:ff:ff,ff:ff:ff:ff:ff:ff,d8:d7:75:45:81:24,d8:d7:75:45:81:24,FunBox2-8124,-55,1,2412,False,False
1778935903.7959862,management,beacon,d8:d7:75:45:81:24,ff:ff:ff:ff:ff:ff,ff:ff:ff:ff:ff:ff,d8:d7:75:45:81:24,d8:d7:75:45:81:24,FunBox2-8124,-44,1,2412,False,False
1778935903.898406,management,beacon,d8:d7:75:45:81:24,ff:ff:ff:ff:ff:ff,ff:ff:ff:ff:ff:ff,d8:d7:75:45:81:24,d8:d7:75:45:81:24,FunBox2-8124,-46,1,2412,False,False
1778935904.000824,management,beacon,d8:d7:75:45:81:24,ff:ff:ff:ff:ff:ff,ff:ff:ff:ff:ff:ff,d8:d7:75:45:81:24,d8:d7:75:45:81:24,FunBox2-8124,-51,1,2412,False,False
1778935904.10323,management,beacon,d8:d7:75:45:81:24,ff:ff:ff:ff:ff:ff,ff:ff:ff:ff:ff:ff,d8:d7:75:45:81:24,d8:d7:75:45:81:24,FunBox2-8124,-42,1,2412,False,False
1778935904.3080225,management,beacon,d8:d7:75:45:81:24,ff:ff:ff:ff:ff:ff,ff:ff:ff:ff:ff:ff,d8:d7:75:45:81:24,d8:d7:75:45:81:24,FunBox2-8124,-41,1,2412,False,False
1778935904.4104557,management,beacon,d8:d7:75:45:81:24,ff:ff:ff:ff:ff:ff,ff:ff:ff:ff:ff:ff,d8:d7:75:45:81:24,d8:d7:75:45:81:24,FunBox2-8124,-47,1,2412,False,False
1778935904.5128229,management,beacon,d8:d7:75:45:81:24,ff:ff:ff:ff:ff:ff,ff:ff:ff:ff:ff:ff,d8:d7:75:45:81:24,d8:d7:75:45:81:24,FunBox2-8124,-40,1,2412,False,False
1778935904.6152518,management,beacon,d8:d7:75:45:81:24,ff:ff:ff:ff:ff:ff,ff:ff:ff:ff:ff:ff,d8:d7:75:45:81:24,d8:d7:75:45:81:24,FunBox2-8124,-41,1,2412,False,False
1778935904.6662958,management,probe_request,66:c2:47:fe:10:a0,ff:ff:ff:ff:ff:ff,ff:ff:ff:ff:ff:ff,66:c2:47:fe:10:a0,ff:ff:ff:ff:ff:ff,<hidden>,-54,1,2412,False,False
1778935904.6695452,management,probe_response,d8:d7:75:45:81:24,66:c2:47:fe:10:a0,66:c2:47:fe:10:a0,d8:d7:75:45:81:24,d8:d7:75:45:81:24,FunBox2-8124,-40,1,2412,False,False
1778935904.669829,control,ack,,d8:d7:75:45:81:24,d8:d7:75:45:81:24,,,,-53,1,2412,False,False
1778935904.6866615,management,probe_request,66:c2:47:fe:10:a0,ff:ff:ff:ff:ff:ff,ff:ff:ff:ff:ff:ff,66:c2:47:fe:10:a0,ff:ff:ff:ff:ff:ff,<hidden>,-52,1,2412,False,False
1778935904.6898637,management,probe_response,d8:d7:75:45:81:24,66:c2:47:fe:10:a0,66:c2:47:fe:10:a0,d8:d7:75:45:81:24,d8:d7:75:45:81:24,FunBox2-8124,-40,1,2412,False,False
1778935904.690163,control,ack,,d8:d7:75:45:81:24,d8:d7:75:45:81:24,,,,-52,1,2412,False,False
1778935904.7188344,data,null_data,50:02:91:e8:18:ec,d8:d7:75:45:81:24,d8:d7:75:45:81:24,50:02:91:e8:18:ec,d8:d7:75:45:81:24,,-83,1,2412,False,False
1778935904.718839,control,ack,,50:02:91:e8:18:ec,50:02:91:e8:18:ec,,,,-48,1,2412,False,False
1778935904.8200178,management,beacon,d8:d7:75:45:81:24,ff:ff:ff:ff:ff:ff,ff:ff:ff:ff:ff:ff,d8:d7:75:45:81:24,d8:d7:75:45:81:24,FunBox2-8124,-45,1,2412,False,False
1778935904.8796988,data,null_data,50:02:91:e8:18:ec,d8:d7:75:45:81:24,d8:d7:75:45:81:24,50:02:91:e8:18:ec,d8:d7:75:45:81:24,,-84,1,2412,False,False
1778935904.8797128,control,ack,,50:02:91:e8:18:ec,50:02:91:e8:18:ec,,,,-45,1,2412,False,False
1778935904.9224162,management,beacon,d8:d7:75:45:81:24,ff:ff:ff:ff:ff:ff,ff:ff:ff:ff:ff:ff,d8:d7:75:45:81:24,d8:d7:75:45:81:24,FunBox2-8124,-43,1,2412,False,False
1778935905.02487,management,beacon,d8:d7:75:45:81:24,ff:ff:ff:ff:ff:ff,ff:ff:ff:ff:ff:ff,d8:d7:75:45:81:24,d8:d7:75:45:81:24,FunBox2-8124,-44,1,2412,False,False
1778935905.1272244,management,beacon,d8:d7:75:45:81:24,ff:ff:ff:ff:ff:ff,ff:ff:ff:ff:ff:ff,d8:d7:75:45:81:24,d8:d7:75:45:81:24,FunBox2-8124,-43,1,2412,False,False
1778935905.196788,data,qos_null,aa:23:4f:4d:00:cf,74:ea:3a:a1:53:a6,74:ea:3a:a1:53:a6,aa:23:4f:4d:00:cf,74:ea:3a:a1:53:a6,,-86,1,2412,False,False
1778935905.3320746,management,beacon,d8:d7:75:45:81:24,ff:ff:ff:ff:ff:ff,ff:ff:ff:ff:ff:ff,d8:d7:75:45:81:24,d8:d7:75:45:81:24,FunBox2-8124,-42,1,2412,False,False
1778935905.4344723,management,beacon,d8:d7:75:45:81:24,ff:ff:ff:ff:ff:ff,ff:ff:ff:ff:ff:ff,d8:d7:75:45:81:24,d8:d7:75:45:81:24,FunBox2-8124,-42,1,2412,False,False
1778935905.539651,management,beacon,d8:d7:75:45:81:24,ff:ff:ff:ff:ff:ff,ff:ff:ff:ff:ff:ff,d8:d7:75:45:81:24,d8:d7:75:45:81:24,FunBox2-8124,-50,1,2412,False,False
1778935905.6298246,data,qos_null,aa:23:4f:4d:00:cf,74:ea:3a:a1:53:a6,74:ea:3a:a1:53:a6,aa:23:4f:4d:00:cf,74:ea:3a:a1:53:a6,,-88,1,2412,False,False
1778935905.6317868,data,qos_null,aa:23:4f:4d:00:cf,74:ea:3a:a1:53:a6,74:ea:3a:a1:53:a6,aa:23:4f:4d:00:cf,74:ea:3a:a1:53:a6,,-89,1,2412,False,False
1778935905.8441365,management,beacon,d8:d7:75:45:81:24,ff:ff:ff:ff:ff:ff,ff:ff:ff:ff:ff:ff,d8:d7:75:45:81:24,d8:d7:75:45:81:24,FunBox2-8124,-42,1,2412,False,False
1778935905.9467533,management,beacon,d8:d7:75:45:81:24,ff:ff:ff:ff:ff:ff,ff:ff:ff:ff:ff:ff,d8:d7:75:45:81:24,d8:d7:75:45:81:24,FunBox2-8124,-42,1,2412,False,False
1778935906.0488873,management,beacon,d8:d7:75:45:81:24,ff:ff:ff:ff:ff:ff,ff:ff:ff:ff:ff:ff,d8:d7:75:45:81:24,d8:d7:75:45:81:24,FunBox2-8124,-43,1,2412,False,False
1778935906.1512992,management,beacon,d8:d7:75:45:81:24,ff:ff:ff:ff:ff:ff,ff:ff:ff:ff:ff:ff,d8:d7:75:45:81:24,d8:d7:75:45:81:24,FunBox2-8124,-43,1,2412,False,False
1778935906.2549071,data,null_data,50:02:91:e8:18:ec,d8:d7:75:45:81:24,d8:d7:75:45:81:24,50:02:91:e8:18:ec,d8:d7:75:45:81:24,,-81,1,2412,False,False
1778935906.254916,control,ack,,50:02:91:e8:18:ec,50:02:91:e8:18:ec,,,,-48,1,2412,False,False
1778935906.3326652,data,data,d8:d7:75:45:81:24,33:33:00:00:00:01,33:33:00:00:00:01,d8:d7:75:45:81:24,d8:d7:75:45:81:24,,-44,1,2412,True,False
1778935906.3560824,management,beacon,d8:d7:75:45:81:24,ff:ff:ff:ff:ff:ff,ff:ff:ff:ff:ff:ff,d8:d7:75:45:81:24,d8:d7:75:45:81:24,FunBox2-8124,-45,1,2412,False,False
1778935906.4584794,management,beacon,d8:d7:75:45:81:24,ff:ff:ff:ff:ff:ff,ff:ff:ff:ff:ff:ff,d8:d7:75:45:81:24,d8:d7:75:45:81:24,FunBox2-8124,-44,1,2412,False,False
1778935906.4934657,data,null_data,50:02:91:e8:18:ec,d8:d7:75:45:81:24,d8:d7:75:45:81:24,50:02:91:e8:18:ec,d8:d7:75:45:81:24,,-82,1,2412,False,False
1778935906.493475,control,ack,,50:02:91:e8:18:ec,50:02:91:e8:18:ec,,,,-48,1,2412,False,False
1778935906.560882,management,beacon,d8:d7:75:45:81:24,ff:ff:ff:ff:ff:ff,ff:ff:ff:ff:ff:ff,d8:d7:75:45:81:24,d8:d7:75:45:81:24,FunBox2-8124,-44,1,2412,False,False
1778935906.6639102,management,beacon,d8:d7:75:45:81:24,ff:ff:ff:ff:ff:ff,ff:ff:ff:ff:ff:ff,d8:d7:75:45:81:24,d8:d7:75:45:81:24,FunBox2-8124,-48,1,2412,False,False
1778935906.8680887,management,beacon,d8:d7:75:45:81:24,ff:ff:ff:ff:ff:ff,ff:ff:ff:ff:ff:ff,d8:d7:75:45:81:24,d8:d7:75:45:81:24,FunBox2-8124,-44,1,2412,False,False
1778935906.970542,management,beacon,d8:d7:75:45:81:24,ff:ff:ff:ff:ff:ff,ff:ff:ff:ff:ff:ff,d8:d7:75:45:81:24,d8:d7:75:45:81:24,FunBox2-8124,-48,1,2412,False,False
1778935907.0729382,management,beacon,d8:d7:75:45:81:24,ff:ff:ff:ff:ff:ff,ff:ff:ff:ff:ff:ff,d8:d7:75:45:81:24,d8:d7:75:45:81:24,FunBox2-8124,-43,1,2412,False,False
1778935907.1753354,management,beacon,d8:d7:75:45:81:24,ff:ff:ff:ff:ff:ff,ff:ff:ff:ff:ff:ff,d8:d7:75:45:81:24,d8:d7:75:45:81:24,FunBox2-8124,-48,1,2412,False,False
1778935907.3801036,management,beacon,d8:d7:75:45:81:24,ff:ff:ff:ff:ff:ff,ff:ff:ff:ff:ff:ff,d8:d7:75:45:81:24,d8:d7:75:45:81:24,FunBox2-8124,-44,1,2412,False,False
1778935907.4825072,management,beacon,d8:d7:75:45:81:24,ff:ff:ff:ff:ff:ff,ff:ff:ff:ff:ff:ff,d8:d7:75:45:81:24,d8:d7:75:45:81:24,FunBox2-8124,-41,1,2412,False,False
1778935907.4838464,data,null_data,50:02:91:e8:18:ec,d8:d7:75:45:81:24,d8:d7:75:45:81:24,50:02:91:e8:18:ec,d8:d7:75:45:81:24,,-83,1,2412,False,False
1778935907.4838493,control,ack,,50:02:91:e8:18:ec,50:02:91:e8:18:ec,,,,-46,1,2412,False,False
1778935907.4838502,data,null_data,50:02:91:e8:18:ec,d8:d7:75:45:81:24,d8:d7:75:45:81:24,50:02:91:e8:18:ec,d8:d7:75:45:81:24,,-83,1,2412,False,True
1778935907.4843338,data,null_data,50:02:91:e8:18:ec,d8:d7:75:45:81:24,d8:d7:75:45:81:24,50:02:91:e8:18:ec,d8:d7:75:45:81:24,,-84,1,2412,False,True
1778935907.4843357,control,ack,,50:02:91:e8:18:ec,50:02:91:e8:18:ec,,,,-42,1,2412,False,False
1778935907.585542,management,beacon,d8:d7:75:45:81:24,ff:ff:ff:ff:ff:ff,ff:ff:ff:ff:ff:ff,d8:d7:75:45:81:24,d8:d7:75:45:81:24,FunBox2-8124,-43,1,2412,False,False
1778935907.645341,data,null_data,50:02:91:e8:18:ec,d8:d7:75:45:81:24,d8:d7:75:45:81:24,50:02:91:e8:18:ec,d8:d7:75:45:81:24,,-81,1,2412,False,False
1778935907.6453485,control,ack,,50:02:91:e8:18:ec,50:02:91:e8:18:ec,,,,-50,1,2412,False,False
1778935907.687352,management,beacon,d8:d7:75:45:81:24,ff:ff:ff:ff:ff:ff,ff:ff:ff:ff:ff:ff,d8:d7:75:45:81:24,d8:d7:75:45:81:24,FunBox2-8124,-43,1,2412,False,False
1778935907.7897842,management,beacon,d8:d7:75:45:81:24,ff:ff:ff:ff:ff:ff,ff:ff:ff:ff:ff:ff,d8:d7:75:45:81:24,d8:d7:75:45:81:24,FunBox2-8124,-41,1,2412,False,False
1778935907.892151,management,beacon,d8:d7:75:45:81:24,ff:ff:ff:ff:ff:ff,ff:ff:ff:ff:ff:ff,d8:d7:75:45:81:24,d8:d7:75:45:81:24,FunBox2-8124,-41,1,2412,False,False
1778935907.994565,management,beacon,d8:d7:75:45:81:24,ff:ff:ff:ff:ff:ff,ff:ff:ff:ff:ff:ff,d8:d7:75:45:81:24,d8:d7:75:45:81:24,FunBox2-8124,-48,1,2412,False,False
1778935908.0969381,management,beacon,d8:d7:75:45:81:24,ff:ff:ff:ff:ff:ff,ff:ff:ff:ff:ff:ff,d8:d7:75:45:81:24,d8:d7:75:45:81:24,FunBox2-8124,-50,1,2412,False,False
1778935908.199354,management,beacon,d8:d7:75:45:81:24,ff:ff:ff:ff:ff:ff,ff:ff:ff:ff:ff:ff,d8:d7:75:45:81:24,d8:d7:75:45:81:24,FunBox2-8124,-50,1,2412,False,False
1778935908.3017807,management,beacon,d8:d7:75:45:81:24,ff:ff:ff:ff:ff:ff,ff:ff:ff:ff:ff:ff,d8:d7:75:45:81:24,d8:d7:75:45:81:24,FunBox2-8124,-50,1,2412,False,False
1778935908.404152,management,beacon,d8:d7:75:45:81:24,ff:ff:ff:ff:ff:ff,ff:ff:ff:ff:ff:ff,d8:d7:75:45:81:24,d8:d7:75:45:81:24,FunBox2-8124,-48,1,2412,False,False
1778935908.5066047,management,beacon,d8:d7:75:45:81:24,ff:ff:ff:ff:ff:ff,ff:ff:ff:ff:ff:ff,d8:d7:75:45:81:24,d8:d7:75:45:81:24,FunBox2-8124,-48,1,2412,False,False
1778935908.6090193,management,beacon,d8:d7:75:45:81:24,ff:ff:ff:ff:ff:ff,ff:ff:ff:ff:ff:ff,d8:d7:75:45:81:24,d8:d7:75:45:81:24,FunBox2-8124,-45,1,2412,False,False
1778935908.7113848,management,beacon,d8:d7:75:45:81:24,ff:ff:ff:ff:ff:ff,ff:ff:ff:ff:ff:ff,d8:d7:75:45:81:24,d8:d7:75:45:81:24,FunBox2-8124,-44,1,2412,False,False
1778935908.764974,management,beacon,ac:84:c6:41:71:22,ff:ff:ff:ff:ff:ff,ff:ff:ff:ff:ff:ff,ac:84:c6:41:71:22,ac:84:c6:41:71:22,TP-LINK_7122,-86,1,2412,False,False
1778935908.8137994,management,beacon,d8:d7:75:45:81:24,ff:ff:ff:ff:ff:ff,ff:ff:ff:ff:ff:ff,d8:d7:75:45:81:24,d8:d7:75:45:81:24,FunBox2-8124,-46,1,2412,False,False
1778935908.8673143,management,beacon,ac:84:c6:41:71:22,ff:ff:ff:ff:ff:ff,ff:ff:ff:ff:ff:ff,ac:84:c6:41:71:22,ac:84:c6:41:71:22,TP-LINK_7122,-86,1,2412,False,False
1778935908.9161968,management,beacon,d8:d7:75:45:81:24,ff:ff:ff:ff:ff:ff,ff:ff:ff:ff:ff:ff,d8:d7:75:45:81:24,d8:d7:75:45:81:24,FunBox2-8124,-46,1,2412,False,False
1778935909.0186017,management,beacon,d8:d7:75:45:81:24,ff:ff:ff:ff:ff:ff,ff:ff:ff:ff:ff:ff,d8:d7:75:45:81:24,d8:d7:75:45:81:24,FunBox2-8124,-45,1,2412,False,False
1778935909.019782,data,null_data,50:02:91:e8:18:ec,d8:d7:75:45:81:24,d8:d7:75:45:81:24,50:02:91:e8:18:ec,d8:d7:75:45:81:24,,-81,1,2412,False,False
1778935909.019785,control,ack,,50:02:91:e8:18:ec,50:02:91:e8:18:ec,,,,-48,1,2412,False,False
1778935909.1209958,management,beacon,d8:d7:75:45:81:24,ff:ff:ff:ff:ff:ff,ff:ff:ff:ff:ff:ff,d8:d7:75:45:81:24,d8:d7:75:45:81:24,FunBox2-8124,-47,1,2412,False,False
1778935909.1482704,control,ack,,ce:d0:54:70:b1:b3,ce:d0:54:70:b1:b3,,,,-85,1,2412,False,False
1778935909.18067,data,null_data,50:02:91:e8:18:ec,d8:d7:75:45:81:24,d8:d7:75:45:81:24,50:02:91:e8:18:ec,d8:d7:75:45:81:24,,-80,1,2412,False,False
1778935909.1806822,control,ack,,50:02:91:e8:18:ec,50:02:91:e8:18:ec,,,,-45,1,2412,False,False
1778935909.2110283,data,null_data,50:02:91:e8:18:ec,d8:d7:75:45:81:24,d8:d7:75:45:81:24,50:02:91:e8:18:ec,d8:d7:75:45:81:24,,-81,1,2412,False,False
1778935909.2110507,control,ack,,50:02:91:e8:18:ec,50:02:91:e8:18:ec,,,,-45,1,2412,False,False
1778935909.223394,management,beacon,d8:d7:75:45:81:24,ff:ff:ff:ff:ff:ff,ff:ff:ff:ff:ff:ff,d8:d7:75:45:81:24,d8:d7:75:45:81:24,FunBox2-8124,-44,1,2412,False,False
1778935909.2766826,management,beacon,ac:84:c6:41:71:22,ff:ff:ff:ff:ff:ff,ff:ff:ff:ff:ff:ff,ac:84:c6:41:71:22,ac:84:c6:41:71:22,TP-LINK_7122,-87,1,2412,False,False
1778935909.2914479,control,ack,,ce:d0:54:70:b1:b3,ce:d0:54:70:b1:b3,,,,-88,1,2412,False,False
1778935909.3258123,management,beacon,d8:d7:75:45:81:24,ff:ff:ff:ff:ff:ff,ff:ff:ff:ff:ff:ff,d8:d7:75:45:81:24,d8:d7:75:45:81:24,FunBox2-8124,-47,1,2412,False,False
1778935909.371895,data,null_data,50:02:91:e8:18:ec,d8:d7:75:45:81:24,d8:d7:75:45:81:24,50:02:91:e8:18:ec,d8:d7:75:45:81:24,,-81,1,2412,False,False
1778935909.3719146,control,ack,,50:02:91:e8:18:ec,50:02:91:e8:18:ec,,,,-46,1,2412,False,False
1778935909.3789923,management,beacon,ac:84:c6:41:71:22,ff:ff:ff:ff:ff:ff,ff:ff:ff:ff:ff:ff,ac:84:c6:41:71:22,ac:84:c6:41:71:22,TP-LINK_7122,-94,1,2412,False,False
1778935909.4281864,management,beacon,d8:d7:75:45:81:24,ff:ff:ff:ff:ff:ff,ff:ff:ff:ff:ff:ff,d8:d7:75:45:81:24,d8:d7:75:45:81:24,FunBox2-8124,-43,1,2412,False,False
1778935909.481357,management,beacon,ac:84:c6:41:71:22,ff:ff:ff:ff:ff:ff,ff:ff:ff:ff:ff:ff,ac:84:c6:41:71:22,ac:84:c6:41:71:22,TP-LINK_7122,-91,1,2412,False,False
1778935909.5306058,management,beacon,d8:d7:75:45:81:24,ff:ff:ff:ff:ff:ff,ff:ff:ff:ff:ff:ff,d8:d7:75:45:81:24,d8:d7:75:45:81:24,FunBox2-8124,-46,1,2412,False,False
1778935909.5546057,control,ack,,ce:d0:54:70:b1:b3,ce:d0:54:70:b1:b3,,,,-88,1,2412,False,False
1778935909.6330125,management,beacon,d8:d7:75:45:81:24,ff:ff:ff:ff:ff:ff,ff:ff:ff:ff:ff:ff,d8:d7:75:45:81:24,d8:d7:75:45:81:24,FunBox2-8124,-46,1,2412,False,False
1778935909.6534474,control,ack,,ce:d0:54:70:b1:b3,ce:d0:54:70:b1:b3,,,,-89,1,2412,False,False
1778935909.735399,management,beacon,d8:d7:75:45:81:24,ff:ff:ff:ff:ff:ff,ff:ff:ff:ff:ff:ff,d8:d7:75:45:81:24,d8:d7:75:45:81:24,FunBox2-8124,-43,1,2412,False,False
1778935909.837815,management,beacon,d8:d7:75:45:81:24,ff:ff:ff:ff:ff:ff,ff:ff:ff:ff:ff:ff,d8:d7:75:45:81:24,d8:d7:75:45:81:24,FunBox2-8124,-46,1,2412,False,False
1778935909.9402273,management,beacon,d8:d7:75:45:81:24,ff:ff:ff:ff:ff:ff,ff:ff:ff:ff:ff:ff,d8:d7:75:45:81:24,d8:d7:75:45:81:24,FunBox2-8124,-48,1,2412,False,False
1778935910.0426726,management,beacon,d8:d7:75:45:81:24,ff:ff:ff:ff:ff:ff,ff:ff:ff:ff:ff:ff,d8:d7:75:45:81:24,d8:d7:75:45:81:24,FunBox2-8124,-49,1,2412,False,False
1778935910.145014,management,beacon,d8:d7:75:45:81:24,ff:ff:ff:ff:ff:ff,ff:ff:ff:ff:ff:ff,d8:d7:75:45:81:24,d8:d7:75:45:81:24,FunBox2-8124,-46,1,2412,False,False
1778935910.2138007,control,ack,,ce:d0:54:70:b1:b3,ce:d0:54:70:b1:b3,,,,-84,1,2412,False,False
1778935910.2474334,management,beacon,d8:d7:75:45:81:24,ff:ff:ff:ff:ff:ff,ff:ff:ff:ff:ff:ff,d8:d7:75:45:81:24,d8:d7:75:45:81:24,FunBox2-8124,-46,1,2412,False,False
1778935910.3498194,management,beacon,d8:d7:75:45:81:24,ff:ff:ff:ff:ff:ff,ff:ff:ff:ff:ff:ff,d8:d7:75:45:81:24,d8:d7:75:45:81:24,FunBox2-8124,-46,1,2412,False,False
1778935910.3553944,data,null_data,50:02:91:e8:18:ec,d8:d7:75:45:81:24,d8:d7:75:45:81:24,50:02:91:e8:18:ec,d8:d7:75:45:81:24,,-80,1,2412,False,False
1778935910.3554006,control,ack,,50:02:91:e8:18:ec,50:02:91:e8:18:ec,,,,-47,1,2412,False,False
1778935910.3802857,data,qos_data,aa:23:4f:4d:00:cf,74:ea:3a:a1:53:a6,74:ea:3a:a1:53:a6,aa:23:4f:4d:00:cf,d8:a7:56:15:ac:05,,-86,1,2412,False,False
1778935910.3810635,data,qos_null,aa:23:4f:4d:00:cf,74:ea:3a:a1:53:a6,74:ea:3a:a1:53:a6,aa:23:4f:4d:00:cf,74:ea:3a:a1:53:a6,,-88,1,2412,False,False
1778935910.4482634,control,ack,,ce:d0:54:70:b1:b3,ce:d0:54:70:b1:b3,,,,-86,1,2412,False,False
1778935910.4522111,management,beacon,d8:d7:75:45:81:24,ff:ff:ff:ff:ff:ff,ff:ff:ff:ff:ff:ff,d8:d7:75:45:81:24,d8:d7:75:45:81:24,FunBox2-8124,-46,1,2412,False,False
1778935910.5162482,data,null_data,50:02:91:e8:18:ec,d8:d7:75:45:81:24,d8:d7:75:45:81:24,50:02:91:e8:18:ec,d8:d7:75:45:81:24,,-79,1,2412,False,False
1778935910.5162606,control,ack,,50:02:91:e8:18:ec,50:02:91:e8:18:ec,,,,-48,1,2412,False,False
1778935910.5547013,management,beacon,d8:d7:75:45:81:24,ff:ff:ff:ff:ff:ff,ff:ff:ff:ff:ff:ff,d8:d7:75:45:81:24,d8:d7:75:45:81:24,FunBox2-8124,-42,1,2412,False,False
1778935910.5802884,data,qos_null,aa:23:4f:4d:00:cf,74:ea:3a:a1:53:a6,74:ea:3a:a1:53:a6,aa:23:4f:4d:00:cf,74:ea:3a:a1:53:a6,,-88,1,2412,False,False
1778935910.6230292,control,rts,54:35:30:cf:ee:1e,d8:d7:75:45:81:24,d8:d7:75:45:81:24,54:35:30:cf:ee:1e,,,-51,1,2412,False,False
1778935910.6230376,control,cts,,54:35:30:cf:ee:1e,54:35:30:cf:ee:1e,,,,-45,1,2412,False,False
1778935910.62304,data,qos_data,54:35:30:cf:ee:1e,d8:d7:75:45:81:24,d8:d7:75:45:81:24,54:35:30:cf:ee:1e,ff:ff:ff:ff:ff:ff,,-48,1,2412,True,False
1778935910.657053,management,beacon,d8:d7:75:45:81:24,ff:ff:ff:ff:ff:ff,ff:ff:ff:ff:ff:ff,d8:d7:75:45:81:24,d8:d7:75:45:81:24,FunBox2-8124,-43,1,2412,False,False
1778935910.6606698,data,qos_null,aa:23:4f:4d:00:cf,74:ea:3a:a1:53:a6,74:ea:3a:a1:53:a6,aa:23:4f:4d:00:cf,74:ea:3a:a1:53:a6,,-86,1,2412,False,False
1778935910.7093897,management,beacon,ac:84:c6:41:71:22,ff:ff:ff:ff:ff:ff,ff:ff:ff:ff:ff:ff,ac:84:c6:41:71:22,ac:84:c6:41:71:22,TP-LINK_7122,-90,1,2412,False,False
1778935910.7594821,management,beacon,d8:d7:75:45:81:24,ff:ff:ff:ff:ff:ff,ff:ff:ff:ff:ff:ff,d8:d7:75:45:81:24,d8:d7:75:45:81:24,FunBox2-8124,-47,1,2412,False,False
1778935910.8618283,management,beacon,d8:d7:75:45:81:24,ff:ff:ff:ff:ff:ff,ff:ff:ff:ff:ff:ff,d8:d7:75:45:81:24,d8:d7:75:45:81:24,FunBox2-8124,-51,1,2412,False,False
1778935910.8629255,data,data,d8:d7:75:45:81:24,ff:ff:ff:ff:ff:ff,ff:ff:ff:ff:ff:ff,d8:d7:75:45:81:24,54:35:30:cf:ee:1e,,-43,1,2412,True,False
1778935910.8634348,data,null_data,50:02:91:e8:18:ec,d8:d7:75:45:81:24,d8:d7:75:45:81:24,50:02:91:e8:18:ec,d8:d7:75:45:81:24,,-80,1,2412,False,False
1778935910.8634374,control,ack,,50:02:91:e8:18:ec,50:02:91:e8:18:ec,,,,-46,1,2412,False,False
1778935910.9642463,management,beacon,d8:d7:75:45:81:24,ff:ff:ff:ff:ff:ff,ff:ff:ff:ff:ff:ff,d8:d7:75:45:81:24,d8:d7:75:45:81:24,FunBox2-8124,-44,1,2412,False,False
1778935911.0243285,data,null_data,50:02:91:e8:18:ec,d8:d7:75:45:81:24,d8:d7:75:45:81:24,50:02:91:e8:18:ec,d8:d7:75:45:81:24,,-80,1,2412,False,False
1778935911.0243444,control,ack,,50:02:91:e8:18:ec,50:02:91:e8:18:ec,,,,-46,1,2412,False,False
1778935911.0666885,management,beacon,d8:d7:75:45:81:24,ff:ff:ff:ff:ff:ff,ff:ff:ff:ff:ff:ff,d8:d7:75:45:81:24,d8:d7:75:45:81:24,FunBox2-8124,-45,1,2412,False,False
1778935911.169051,management,beacon,d8:d7:75:45:81:24,ff:ff:ff:ff:ff:ff,ff:ff:ff:ff:ff:ff,d8:d7:75:45:81:24,d8:d7:75:45:81:24,FunBox2-8124,-45,1,2412,False,False
1778935911.2714534,management,beacon,d8:d7:75:45:81:24,ff:ff:ff:ff:ff:ff,ff:ff:ff:ff:ff:ff,d8:d7:75:45:81:24,d8:d7:75:45:81:24,FunBox2-8124,-49,1,2412,False,False
1778935911.3234406,management,beacon,ac:84:c6:41:71:22,ff:ff:ff:ff:ff:ff,ff:ff:ff:ff:ff:ff,ac:84:c6:41:71:22,ac:84:c6:41:71:22,TP-LINK_7122,-92,1,2412,False,False
1778935911.3739045,management,beacon,d8:d7:75:45:81:24,ff:ff:ff:ff:ff:ff,ff:ff:ff:ff:ff:ff,d8:d7:75:45:81:24,d8:d7:75:45:81:24,FunBox2-8124,-46,1,2412,False,False
1778935911.4763122,management,beacon,d8:d7:75:45:81:24,ff:ff:ff:ff:ff:ff,ff:ff:ff:ff:ff:ff,d8:d7:75:45:81:24,d8:d7:75:45:81:24,FunBox2-8124,-44,1,2412,False,False
1778935911.5671022,control,ack,,ce:d0:54:70:b1:b3,ce:d0:54:70:b1:b3,,,,-89,1,2412,False,False
1778935911.5786731,management,beacon,d8:d7:75:45:81:24,ff:ff:ff:ff:ff:ff,ff:ff:ff:ff:ff:ff,d8:d7:75:45:81:24,d8:d7:75:45:81:24,FunBox2-8124,-47,1,2412,False,False
1778935911.6810815,management,beacon,d8:d7:75:45:81:24,ff:ff:ff:ff:ff:ff,ff:ff:ff:ff:ff:ff,d8:d7:75:45:81:24,d8:d7:75:45:81:24,FunBox2-8124,-47,1,2412,False,False
1778935911.7835202,management,beacon,d8:d7:75:45:81:24,ff:ff:ff:ff:ff:ff,ff:ff:ff:ff:ff:ff,d8:d7:75:45:81:24,d8:d7:75:45:81:24,FunBox2-8124,-45,1,2412,False,False
1778935911.8351002,management,beacon,ac:84:c6:41:71:22,ff:ff:ff:ff:ff:ff,ff:ff:ff:ff:ff:ff,ac:84:c6:41:71:22,ac:84:c6:41:71:22,TP-LINK_7122,-89,1,2412,False,False
1778935911.8859942,management,beacon,d8:d7:75:45:81:24,ff:ff:ff:ff:ff:ff,ff:ff:ff:ff:ff:ff,d8:d7:75:45:81:24,d8:d7:75:45:81:24,FunBox2-8124,-43,1,2412,False,False
1778935911.98832,management,beacon,d8:d7:75:45:81:24,ff:ff:ff:ff:ff:ff,ff:ff:ff:ff:ff:ff,d8:d7:75:45:81:24,d8:d7:75:45:81:24,FunBox2-8124,-41,1,2412,False,False
1778935912.0906992,management,beacon,d8:d7:75:45:81:24,ff:ff:ff:ff:ff:ff,ff:ff:ff:ff:ff:ff,d8:d7:75:45:81:24,d8:d7:75:45:81:24,FunBox2-8124,-43,1,2412,False,False
1778935912.1930754,management,beacon,d8:d7:75:45:81:24,ff:ff:ff:ff:ff:ff,ff:ff:ff:ff:ff:ff,d8:d7:75:45:81:24,d8:d7:75:45:81:24,FunBox2-8124,-42,1,2412,False,False
1778935912.2955751,management,beacon,d8:d7:75:45:81:24,ff:ff:ff:ff:ff:ff,ff:ff:ff:ff:ff:ff,d8:d7:75:45:81:24,d8:d7:75:45:81:24,FunBox2-8124,-46,1,2412,False,False
1778935912.397933,management,beacon,d8:d7:75:45:81:24,ff:ff:ff:ff:ff:ff,ff:ff:ff:ff:ff:ff,d8:d7:75:45:81:24,d8:d7:75:45:81:24,FunBox2-8124,-47,1,2412,False,False
1778935912.5002916,management,beacon,d8:d7:75:45:81:24,ff:ff:ff:ff:ff:ff,ff:ff:ff:ff:ff:ff,d8:d7:75:45:81:24,d8:d7:75:45:81:24,FunBox2-8124,-49,1,2412,False,False
1778935912.6027024,management,beacon,d8:d7:75:45:81:24,ff:ff:ff:ff:ff:ff,ff:ff:ff:ff:ff:ff,d8:d7:75:45:81:24,d8:d7:75:45:81:24,FunBox2-8124,-46,1,2412,False,False
1778935912.7051487,management,beacon,d8:d7:75:45:81:24,ff:ff:ff:ff:ff:ff,ff:ff:ff:ff:ff:ff,d8:d7:75:45:81:24,d8:d7:75:45:81:24,FunBox2-8124,-48,1,2412,False,False
1778935912.7065833,data,null_data,50:02:91:e8:18:ec,d8:d7:75:45:81:24,d8:d7:75:45:81:24,50:02:91:e8:18:ec,d8:d7:75:45:81:24,,-83,1,2412,False,True
1778935912.706586,control,ack,,50:02:91:e8:18:ec,50:02:91:e8:18:ec,,,,-46,1,2412,False,False
1778935912.7070153,data,null_data,50:02:91:e8:18:ec,d8:d7:75:45:81:24,d8:d7:75:45:81:24,50:02:91:e8:18:ec,d8:d7:75:45:81:24,,-85,1,2412,False,True
1778935912.7070189,control,ack,,50:02:91:e8:18:ec,50:02:91:e8:18:ec,,,,-42,1,2412,False,False
1778935912.8075337,management,beacon,d8:d7:75:45:81:24,ff:ff:ff:ff:ff:ff,ff:ff:ff:ff:ff:ff,d8:d7:75:45:81:24,d8:d7:75:45:81:24,FunBox2-8124,-42,1,2412,False,False
1778935912.8683147,data,null_data,50:02:91:e8:18:ec,d8:d7:75:45:81:24,d8:d7:75:45:81:24,50:02:91:e8:18:ec,d8:d7:75:45:81:24,,-82,1,2412,False,False
1778935912.8683228,control,ack,,50:02:91:e8:18:ec,50:02:91:e8:18:ec,,,,-46,1,2412,False,False
1778935912.868781,data,null_data,50:02:91:e8:18:ec,d8:d7:75:45:81:24,d8:d7:75:45:81:24,50:02:91:e8:18:ec,d8:d7:75:45:81:24,,-83,1,2412,False,True
1778935912.8687832,control,ack,,50:02:91:e8:18:ec,50:02:91:e8:18:ec,,,,-47,1,2412,False,False
1778935912.9099114,management,beacon,d8:d7:75:45:81:24,ff:ff:ff:ff:ff:ff,ff:ff:ff:ff:ff:ff,d8:d7:75:45:81:24,d8:d7:75:45:81:24,FunBox2-8124,-42,1,2412,False,False
1778935913.0123684,management,beacon,d8:d7:75:45:81:24,ff:ff:ff:ff:ff:ff,ff:ff:ff:ff:ff:ff,d8:d7:75:45:81:24,d8:d7:75:45:81:24,FunBox2-8124,-44,1,2412,False,False
1778935913.114713,management,beacon,d8:d7:75:45:81:24,ff:ff:ff:ff:ff:ff,ff:ff:ff:ff:ff:ff,d8:d7:75:45:81:24,d8:d7:75:45:81:24,FunBox2-8124,-47,1,2412,False,False
1778935913.2171347,management,beacon,d8:d7:75:45:81:24,ff:ff:ff:ff:ff:ff,ff:ff:ff:ff:ff:ff,d8:d7:75:45:81:24,d8:d7:75:45:81:24,FunBox2-8124,-48,1,2412,False,False
1778935913.3195834,management,beacon,d8:d7:75:45:81:24,ff:ff:ff:ff:ff:ff,ff:ff:ff:ff:ff:ff,d8:d7:75:45:81:24,d8:d7:75:45:81:24,FunBox2-8124,-47,1,2412,False,False
1778935913.4219477,management,beacon,d8:d7:75:45:81:24,ff:ff:ff:ff:ff:ff,ff:ff:ff:ff:ff:ff,d8:d7:75:45:81:24,d8:d7:75:45:81:24,FunBox2-8124,-45,1,2412,False,False
1778935913.5243824,management,beacon,d8:d7:75:45:81:24,ff:ff:ff:ff:ff:ff,ff:ff:ff:ff:ff:ff,d8:d7:75:45:81:24,d8:d7:75:45:81:24,FunBox2-8124,-47,1,2412,False,False
1778935913.6279788,management,beacon,d8:d7:75:45:81:24,ff:ff:ff:ff:ff:ff,ff:ff:ff:ff:ff:ff,d8:d7:75:45:81:24,d8:d7:75:45:81:24,FunBox2-8124,-48,1,2412,False,False
1778935913.7291594,management,beacon,d8:d7:75:45:81:24,ff:ff:ff:ff:ff:ff,ff:ff:ff:ff:ff:ff,d8:d7:75:45:81:24,d8:d7:75:45:81:24,FunBox2-8124,-48,1,2412,False,False
1778935913.7349322,data,null_data,50:02:91:e8:18:ec,d8:d7:75:45:81:24,d8:d7:75:45:81:24,50:02:91:e8:18:ec,d8:d7:75:45:81:24,,-83,1,2412,False,False
1778935913.734938,control,ack,,50:02:91:e8:18:ec,50:02:91:e8:18:ec,,,,-46,1,2412,False,False
1778935913.7349389,data,null_data,50:02:91:e8:18:ec,d8:d7:75:45:81:24,d8:d7:75:45:81:24,50:02:91:e8:18:ec,d8:d7:75:45:81:24,,-81,1,2412,False,True
1778935913.7349398,control,ack,,50:02:91:e8:18:ec,50:02:91:e8:18:ec,,,,-48,1,2412,False,False
1778935913.8315804,management,beacon,d8:d7:75:45:81:24,ff:ff:ff:ff:ff:ff,ff:ff:ff:ff:ff:ff,d8:d7:75:45:81:24,d8:d7:75:45:81:24,FunBox2-8124,-47,1,2412,False,False
1778935913.8957846,data,null_data,50:02:91:e8:18:ec,d8:d7:75:45:81:24,d8:d7:75:45:81:24,50:02:91:e8:18:ec,d8:d7:75:45:81:24,,-83,1,2412,False,False
1778935913.895793,control,ack,,50:02:91:e8:18:ec,50:02:91:e8:18:ec,,,,-45,1,2412,False,False
1778935913.9340084,management,beacon,d8:d7:75:45:81:24,ff:ff:ff:ff:ff:ff,ff:ff:ff:ff:ff:ff,d8:d7:75:45:81:24,d8:d7:75:45:81:24,FunBox2-8124,-46,1,2412,False,False
1778935914.0364058,management,beacon,d8:d7:75:45:81:24,ff:ff:ff:ff:ff:ff,ff:ff:ff:ff:ff:ff,d8:d7:75:45:81:24,d8:d7:75:45:81:24,FunBox2-8124,-45,1,2412,False,False
1778935914.1387966,management,beacon,d8:d7:75:45:81:24,ff:ff:ff:ff:ff:ff,ff:ff:ff:ff:ff:ff,d8:d7:75:45:81:24,d8:d7:75:45:81:24,FunBox2-8124,-45,1,2412,False,False
1778935914.2411654,management,beacon,d8:d7:75:45:81:24,ff:ff:ff:ff:ff:ff,ff:ff:ff:ff:ff:ff,d8:d7:75:45:81:24,d8:d7:75:45:81:24,FunBox2-8124,-45,1,2412,False,False
1778935914.3435829,management,beacon,d8:d7:75:45:81:24,ff:ff:ff:ff:ff:ff,ff:ff:ff:ff:ff:ff,d8:d7:75:45:81:24,d8:d7:75:45:81:24,FunBox2-8124,-46,1,2412,False,False
1778935914.4459639,management,beacon,d8:d7:75:45:81:24,ff:ff:ff:ff:ff:ff,ff:ff:ff:ff:ff:ff,d8:d7:75:45:81:24,d8:d7:75:45:81:24,FunBox2-8124,-45,1,2412,False,False
1778935914.5483625,management,beacon,d8:d7:75:45:81:24,ff:ff:ff:ff:ff:ff,ff:ff:ff:ff:ff:ff,d8:d7:75:45:81:24,d8:d7:75:45:81:24,FunBox2-8124,-45,1,2412,False,False
1778935914.6507916,management,beacon,d8:d7:75:45:81:24,ff:ff:ff:ff:ff:ff,ff:ff:ff:ff:ff:ff,d8:d7:75:45:81:24,d8:d7:75:45:81:24,FunBox2-8124,-41,1,2412,False,False
1778935914.6519818,data,null_data,50:02:91:e8:18:ec,d8:d7:75:45:81:24,d8:d7:75:45:81:24,50:02:91:e8:18:ec,d8:d7:75:45:81:24,,-84,1,2412,False,False
1778935914.651986,control,ack,,50:02:91:e8:18:ec,50:02:91:e8:18:ec,,,,-44,1,2412,False,False
1778935914.753186,management,beacon,d8:d7:75:45:81:24,ff:ff:ff:ff:ff:ff,ff:ff:ff:ff:ff:ff,d8:d7:75:45:81:24,d8:d7:75:45:81:24,FunBox2-8124,-42,1,2412,False,False
1778935914.8128471,data,null_data,50:02:91:e8:18:ec,d8:d7:75:45:81:24,d8:d7:75:45:81:24,50:02:91:e8:18:ec,d8:d7:75:45:81:24,,-83,1,2412,False,False
1778935914.8128595,control,ack,,50:02:91:e8:18:ec,50:02:91:e8:18:ec,,,,-46,1,2412,False,False
1778935914.855721,management,beacon,d8:d7:75:45:81:24,ff:ff:ff:ff:ff:ff,ff:ff:ff:ff:ff:ff,d8:d7:75:45:81:24,d8:d7:75:45:81:24,FunBox2-8124,-41,1,2412,False,False
1778935914.957996,management,beacon,d8:d7:75:45:81:24,ff:ff:ff:ff:ff:ff,ff:ff:ff:ff:ff:ff,d8:d7:75:45:81:24,d8:d7:75:45:81:24,FunBox2-8124,-44,1,2412,False,False
1778935915.060431,management,beacon,d8:d7:75:45:81:24,ff:ff:ff:ff:ff:ff,ff:ff:ff:ff:ff:ff,d8:d7:75:45:81:24,d8:d7:75:45:81:24,FunBox2-8124,-44,1,2412,False,False
1778935915.1628287,management,beacon,d8:d7:75:45:81:24,ff:ff:ff:ff:ff:ff,ff:ff:ff:ff:ff:ff,d8:d7:75:45:81:24,d8:d7:75:45:81:24,FunBox2-8124,-44,1,2412,False,False
1778935915.26521,management,beacon,d8:d7:75:45:81:24,ff:ff:ff:ff:ff:ff,ff:ff:ff:ff:ff:ff,d8:d7:75:45:81:24,d8:d7:75:45:81:24,FunBox2-8124,-46,1,2412,False,False
1778935915.3676212,management,beacon,d8:d7:75:45:81:24,ff:ff:ff:ff:ff:ff,ff:ff:ff:ff:ff:ff,d8:d7:75:45:81:24,d8:d7:75:45:81:24,FunBox2-8124,-45,1,2412,False,False
1778935915.4700618,management,beacon,d8:d7:75:45:81:24,ff:ff:ff:ff:ff:ff,ff:ff:ff:ff:ff:ff,d8:d7:75:45:81:24,d8:d7:75:45:81:24,FunBox2-8124,-45,1,2412,False,False
1778935915.4715827,data,data,d8:d7:75:45:81:24,01:00:5e:00:00:fb,01:00:5e:00:00:fb,d8:d7:75:45:81:24,8a:f4:af:eb:f3:fb,,-47,1,2412,True,False
1778935915.4718845,control,ack,,d8:d7:75:45:81:24,d8:d7:75:45:81:24,,,,-86,1,2412,False,False
1778935915.4753497,data,data,d8:d7:75:45:81:24,33:33:00:00:00:16,33:33:00:00:00:16,d8:d7:75:45:81:24,8a:f4:af:eb:f3:fb,,-41,1,2412,True,False
1778935915.475639,control,ack,,d8:d7:75:45:81:24,d8:d7:75:45:81:24,,,,-87,1,2412,False,False
1778935915.572405,management,beacon,d8:d7:75:45:81:24,ff:ff:ff:ff:ff:ff,ff:ff:ff:ff:ff:ff,d8:d7:75:45:81:24,d8:d7:75:45:81:24,FunBox2-8124,-44,1,2412,False,False
1778935915.67483,management,beacon,d8:d7:75:45:81:24,ff:ff:ff:ff:ff:ff,ff:ff:ff:ff:ff:ff,d8:d7:75:45:81:24,d8:d7:75:45:81:24,FunBox2-8124,-45,1,2412,False,False
1778935915.7772624,management,beacon,d8:d7:75:45:81:24,ff:ff:ff:ff:ff:ff,ff:ff:ff:ff:ff:ff,d8:d7:75:45:81:24,d8:d7:75:45:81:24,FunBox2-8124,-45,1,2412,False,False
1778935915.8796146,management,beacon,d8:d7:75:45:81:24,ff:ff:ff:ff:ff:ff,ff:ff:ff:ff:ff:ff,d8:d7:75:45:81:24,d8:d7:75:45:81:24,FunBox2-8124,-41,1,2412,False,False
1778935915.9820828,management,beacon,d8:d7:75:45:81:24,ff:ff:ff:ff:ff:ff,ff:ff:ff:ff:ff:ff,d8:d7:75:45:81:24,d8:d7:75:45:81:24,FunBox2-8124,-47,1,2412,False,False
1778935916.0857263,data,null_data,50:02:91:e8:18:ec,d8:d7:75:45:81:24,d8:d7:75:45:81:24,50:02:91:e8:18:ec,d8:d7:75:45:81:24,,-83,1,2412,False,False
1778935916.0857453,control,ack,,50:02:91:e8:18:ec,50:02:91:e8:18:ec,,,,-46,1,2412,False,False
1778935916.1868274,management,beacon,d8:d7:75:45:81:24,ff:ff:ff:ff:ff:ff,ff:ff:ff:ff:ff:ff,d8:d7:75:45:81:24,d8:d7:75:45:81:24,FunBox2-8124,-44,1,2412,False,False
1778935916.246499,data,null_data,50:02:91:e8:18:ec,d8:d7:75:45:81:24,d8:d7:75:45:81:24,50:02:91:e8:18:ec,d8:d7:75:45:81:24,,-85,1,2412,False,False
1778935916.2467604,control,ack,,50:02:91:e8:18:ec,50:02:91:e8:18:ec,,,,-45,1,2412,False,False
1778935916.2892954,management,beacon,d8:d7:75:45:81:24,ff:ff:ff:ff:ff:ff,ff:ff:ff:ff:ff:ff,d8:d7:75:45:81:24,d8:d7:75:45:81:24,FunBox2-8124,-44,1,2412,False,False
1778935916.3916857,management,beacon,d8:d7:75:45:81:24,ff:ff:ff:ff:ff:ff,ff:ff:ff:ff:ff:ff,d8:d7:75:45:81:24,d8:d7:75:45:81:24,FunBox2-8124,-46,1,2412,False,False
1778935916.484047,control,ack,,ce:d0:54:70:b1:b3,ce:d0:54:70:b1:b3,,,,-88,1,2412,False,False
1778935916.494121,management,beacon,d8:d7:75:45:81:24,ff:ff:ff:ff:ff:ff,ff:ff:ff:ff:ff:ff,d8:d7:75:45:81:24,d8:d7:75:45:81:24,FunBox2-8124,-46,1,2412,False,False
1778935916.6988745,management,beacon,d8:d7:75:45:81:24,ff:ff:ff:ff:ff:ff,ff:ff:ff:ff:ff:ff,d8:d7:75:45:81:24,d8:d7:75:45:81:24,FunBox2-8124,-43,1,2412,False,False
1778935916.7004468,data,data,d8:d7:75:45:81:24,01:00:5e:00:00:fb,01:00:5e:00:00:fb,d8:d7:75:45:81:24,8a:f4:af:eb:f3:fb,,-43,1,2412,True,False
1778935916.7009373,control,ack,,d8:d7:75:45:81:24,d8:d7:75:45:81:24,,,,-87,1,2412,False,False
1778935916.7009401,control,ack,,50:02:91:e8:18:ec,50:02:91:e8:18:ec,,,,-46,1,2412,False,False
1778935916.7027025,data,data,d8:d7:75:45:81:24,33:33:00:00:00:fb,33:33:00:00:00:fb,d8:d7:75:45:81:24,8a:f4:af:eb:f3:fb,,-42,1,2412,True,False
1778935916.7030368,control,ack,,d8:d7:75:45:81:24,d8:d7:75:45:81:24,,,,-90,1,2412,False,False
1778935916.8012564,management,beacon,d8:d7:75:45:81:24,ff:ff:ff:ff:ff:ff,ff:ff:ff:ff:ff:ff,d8:d7:75:45:81:24,d8:d7:75:45:81:24,FunBox2-8124,-42,1,2412,False,False
1778935916.86347,data,null_data,50:02:91:e8:18:ec,d8:d7:75:45:81:24,d8:d7:75:45:81:24,50:02:91:e8:18:ec,d8:d7:75:45:81:24,,-84,1,2412,False,False
1778935916.8634875,control,ack,,50:02:91:e8:18:ec,50:02:91:e8:18:ec,,,,-46,1,2412,False,False
1778935916.9036577,management,beacon,d8:d7:75:45:81:24,ff:ff:ff:ff:ff:ff,ff:ff:ff:ff:ff:ff,d8:d7:75:45:81:24,d8:d7:75:45:81:24,FunBox2-8124,-44,1,2412,False,False
1778935916.9519835,management,beacon,ac:84:c6:41:71:22,ff:ff:ff:ff:ff:ff,ff:ff:ff:ff:ff:ff,ac:84:c6:41:71:22,ac:84:c6:41:71:22,TP-LINK_7122,-86,1,2412,False,False
1778935917.0060794,management,beacon,d8:d7:75:45:81:24,ff:ff:ff:ff:ff:ff,ff:ff:ff:ff:ff:ff,d8:d7:75:45:81:24,d8:d7:75:45:81:24,FunBox2-8124,-44,1,2412,False,False
1778935917.0543323,management,beacon,ac:84:c6:41:71:22,ff:ff:ff:ff:ff:ff,ff:ff:ff:ff:ff:ff,ac:84:c6:41:71:22,ac:84:c6:41:71:22,TP-LINK_7122,-87,1,2412,False,False
1778935917.2108655,management,beacon,d8:d7:75:45:81:24,ff:ff:ff:ff:ff:ff,ff:ff:ff:ff:ff:ff,d8:d7:75:45:81:24,d8:d7:75:45:81:24,FunBox2-8124,-46,1,2412,False,False
1778935917.3132758,management,beacon,d8:d7:75:45:81:24,ff:ff:ff:ff:ff:ff,ff:ff:ff:ff:ff:ff,d8:d7:75:45:81:24,d8:d7:75:45:81:24,FunBox2-8124,-47,1,2412,False,False
1778935917.415764,management,beacon,d8:d7:75:45:81:24,ff:ff:ff:ff:ff:ff,ff:ff:ff:ff:ff:ff,d8:d7:75:45:81:24,d8:d7:75:45:81:24,FunBox2-8124,-43,1,2412,False,False
1778935917.4447296,management,probe_request,46:0b:ba:44:0a:fd,ff:ff:ff:ff:ff:ff,ff:ff:ff:ff:ff:ff,46:0b:ba:44:0a:fd,ff:ff:ff:ff:ff:ff,<hidden>,-63,1,2412,False,False
1778935917.447982,management,probe_response,d8:d7:75:45:81:24,46:0b:ba:44:0a:fd,46:0b:ba:44:0a:fd,d8:d7:75:45:81:24,d8:d7:75:45:81:24,FunBox2-8124,-44,1,2412,False,False
1778935917.4516077,management,probe_response,d8:d7:75:45:81:24,46:0b:ba:44:0a:fd,46:0b:ba:44:0a:fd,d8:d7:75:45:81:24,d8:d7:75:45:81:24,FunBox2-8124,-44,1,2412,False,True
1778935917.463657,management,probe_response,d8:d7:75:45:81:24,46:0b:ba:44:0a:fd,46:0b:ba:44:0a:fd,d8:d7:75:45:81:24,d8:d7:75:45:81:24,FunBox2-8124,-43,1,2412,False,True
1778935917.5181084,management,beacon,d8:d7:75:45:81:24,ff:ff:ff:ff:ff:ff,ff:ff:ff:ff:ff:ff,d8:d7:75:45:81:24,d8:d7:75:45:81:24,FunBox2-8124,-44,1,2412,False,False
1778935917.5823052,management,probe_request,ee:4a:c7:4d:1e:2d,ff:ff:ff:ff:ff:ff,ff:ff:ff:ff:ff:ff,ee:4a:c7:4d:1e:2d,ff:ff:ff:ff:ff:ff,<hidden>,-61,1,2412,False,False
1778935917.5858343,control,ack,,d8:d7:75:45:81:24,d8:d7:75:45:81:24,,,,-63,1,2412,False,False
1778935917.5895488,control,ack,,ac:84:c6:41:71:22,ac:84:c6:41:71:22,,,,-62,1,2412,False,False
1778935917.592634,management,probe_request,ee:4a:c7:4d:1e:2d,ff:ff:ff:ff:ff:ff,ff:ff:ff:ff:ff:ff,ee:4a:c7:4d:1e:2d,ff:ff:ff:ff:ff:ff,<hidden>,-62,1,2412,False,False
1778935917.595861,management,probe_response,d8:d7:75:45:81:24,ee:4a:c7:4d:1e:2d,ee:4a:c7:4d:1e:2d,d8:d7:75:45:81:24,d8:d7:75:45:81:24,FunBox2-8124,-44,1,2412,False,False
1778935917.5961502,control,ack,,d8:d7:75:45:81:24,d8:d7:75:45:81:24,,,,-62,1,2412,False,False
1778935917.609223,control,ack,,ce:d0:54:70:b1:b3,ce:d0:54:70:b1:b3,,,,-88,1,2412,False,False
1778935917.722909,management,beacon,d8:d7:75:45:81:24,ff:ff:ff:ff:ff:ff,ff:ff:ff:ff:ff:ff,d8:d7:75:45:81:24,d8:d7:75:45:81:24,FunBox2-8124,-45,1,2412,False,False
1778935917.825298,management,beacon,d8:d7:75:45:81:24,ff:ff:ff:ff:ff:ff,ff:ff:ff:ff:ff:ff,d8:d7:75:45:81:24,d8:d7:75:45:81:24,FunBox2-8124,-48,1,2412,False,False
1778935917.927744,management,beacon,d8:d7:75:45:81:24,ff:ff:ff:ff:ff:ff,ff:ff:ff:ff:ff:ff,d8:d7:75:45:81:24,d8:d7:75:45:81:24,FunBox2-8124,-43,1,2412,False,False
1778935918.0301514,management,beacon,d8:d7:75:45:81:24,ff:ff:ff:ff:ff:ff,ff:ff:ff:ff:ff:ff,d8:d7:75:45:81:24,d8:d7:75:45:81:24,FunBox2-8124,-45,1,2412,False,False
1778935918.0359004,data,null_data,50:02:91:e8:18:ec,d8:d7:75:45:81:24,d8:d7:75:45:81:24,50:02:91:e8:18:ec,d8:d7:75:45:81:24,,-85,1,2412,False,False
1778935918.0359097,control,ack,,50:02:91:e8:18:ec,50:02:91:e8:18:ec,,,,-47,1,2412,False,False
1778935918.0359106,data,null_data,50:02:91:e8:18:ec,d8:d7:75:45:81:24,d8:d7:75:45:81:24,50:02:91:e8:18:ec,d8:d7:75:45:81:24,,-84,1,2412,False,True
1778935918.0359116,control,ack,,50:02:91:e8:18:ec,50:02:91:e8:18:ec,,,,-48,1,2412,False,False
1778935918.1969547,control,ack,,50:02:91:e8:18:ec,50:02:91:e8:18:ec,,,,-45,1,2412,False,False
1778935918.1969638,data,null_data,50:02:91:e8:18:ec,d8:d7:75:45:81:24,d8:d7:75:45:81:24,50:02:91:e8:18:ec,d8:d7:75:45:81:24,,-86,1,2412,False,True
1778935918.1969657,control,ack,,50:02:91:e8:18:ec,50:02:91:e8:18:ec,,,,-46,1,2412,False,False
1778935918.2349093,management,beacon,d8:d7:75:45:81:24,ff:ff:ff:ff:ff:ff,ff:ff:ff:ff:ff:ff,d8:d7:75:45:81:24,d8:d7:75:45:81:24,FunBox2-8124,-44,1,2412,False,False
1778935918.3373456,management,beacon,d8:d7:75:45:81:24,ff:ff:ff:ff:ff:ff,ff:ff:ff:ff:ff:ff,d8:d7:75:45:81:24,d8:d7:75:45:81:24,FunBox2-8124,-46,1,2412,False,False
1778935918.4397357,management,beacon,d8:d7:75:45:81:24,ff:ff:ff:ff:ff:ff,ff:ff:ff:ff:ff:ff,d8:d7:75:45:81:24,d8:d7:75:45:81:24,FunBox2-8124,-44,1,2412,False,False
1778935918.542151,management,beacon,d8:d7:75:45:81:24,ff:ff:ff:ff:ff:ff,ff:ff:ff:ff:ff:ff,d8:d7:75:45:81:24,d8:d7:75:45:81:24,FunBox2-8124,-43,1,2412,False,False
1778935918.5435615,data,data,d8:d7:75:45:81:24,33:33:ff:63:5e:bd,33:33:ff:63:5e:bd,d8:d7:75:45:81:24,d8:d7:75:45:81:24,,-44,1,2412,True,False
1778935918.5439615,control,ack,,d8:d7:75:45:81:24,d8:d7:75:45:81:24,,,,-88,1,2412,False,False
1778935918.5439637,data,null_data,50:02:91:e8:18:ec,d8:d7:75:45:81:24,d8:d7:75:45:81:24,50:02:91:e8:18:ec,d8:d7:75:45:81:24,,-85,1,2412,False,False
1778935918.5455167,data,data,d8:d7:75:45:81:24,33:33:00:00:00:16,33:33:00:00:00:16,d8:d7:75:45:81:24,8a:f4:af:eb:f3:fb,,-45,1,2412,True,False
1778935918.5458138,control,ack,,d8:d7:75:45:81:24,d8:d7:75:45:81:24,,,,-90,1,2412,False,False
1778935918.7062645,data,null_data,50:02:91:e8:18:ec,d8:d7:75:45:81:24,d8:d7:75:45:81:24,50:02:91:e8:18:ec,d8:d7:75:45:81:24,,-85,1,2412,False,False
1778935918.7062824,control,ack,,50:02:91:e8:18:ec,50:02:91:e8:18:ec,,,,-46,1,2412,False,False
1778935918.7469454,management,beacon,d8:d7:75:45:81:24,ff:ff:ff:ff:ff:ff,ff:ff:ff:ff:ff:ff,d8:d7:75:45:81:24,d8:d7:75:45:81:24,FunBox2-8124,-46,1,2412,False,False
1778935918.8493338,management,beacon,d8:d7:75:45:81:24,ff:ff:ff:ff:ff:ff,ff:ff:ff:ff:ff:ff,d8:d7:75:45:81:24,d8:d7:75:45:81:24,FunBox2-8124,-44,1,2412,False,False
1778935918.9517362,management,beacon,d8:d7:75:45:81:24,ff:ff:ff:ff:ff:ff,ff:ff:ff:ff:ff:ff,d8:d7:75:45:81:24,d8:d7:75:45:81:24,FunBox2-8124,-44,1,2412,False,False
1778935918.9987254,management,beacon,ac:84:c6:41:71:22,ff:ff:ff:ff:ff:ff,ff:ff:ff:ff:ff:ff,ac:84:c6:41:71:22,ac:84:c6:41:71:22,TP-LINK_7122,-89,1,2412,False,False
1778935919.0541847,management,beacon,d8:d7:75:45:81:24,ff:ff:ff:ff:ff:ff,ff:ff:ff:ff:ff:ff,d8:d7:75:45:81:24,d8:d7:75:45:81:24,FunBox2-8124,-45,1,2412,False,False
1778935919.2115166,data,null_data,50:02:91:e8:18:ec,d8:d7:75:45:81:24,d8:d7:75:45:81:24,50:02:91:e8:18:ec,d8:d7:75:45:81:24,,-85,1,2412,False,False
1778935919.2115245,control,ack,,50:02:91:e8:18:ec,50:02:91:e8:18:ec,,,,-49,1,2412,False,False
1778935919.2589962,management,beacon,d8:d7:75:45:81:24,ff:ff:ff:ff:ff:ff,ff:ff:ff:ff:ff:ff,d8:d7:75:45:81:24,d8:d7:75:45:81:24,FunBox2-8124,-44,1,2412,False,False
1778935919.3542264,data,data,d8:d7:75:45:81:24,33:33:ff:63:5e:bd,33:33:ff:63:5e:bd,d8:d7:75:45:81:24,d8:d7:75:45:81:24,,-45,1,2412,True,False
1778935919.3545291,control,ack,,d8:d7:75:45:81:24,d8:d7:75:45:81:24,,,,-85,1,2412,False,False
1778935919.3613422,management,beacon,d8:d7:75:45:81:24,ff:ff:ff:ff:ff:ff,ff:ff:ff:ff:ff:ff,d8:d7:75:45:81:24,d8:d7:75:45:81:24,FunBox2-8124,-48,1,2412,False,False
1778935919.4637644,management,beacon,d8:d7:75:45:81:24,ff:ff:ff:ff:ff:ff,ff:ff:ff:ff:ff:ff,d8:d7:75:45:81:24,d8:d7:75:45:81:24,FunBox2-8124,-46,1,2412,False,False
1778935919.5152044,data,null_data,50:02:91:e8:18:ec,d8:d7:75:45:81:24,d8:d7:75:45:81:24,50:02:91:e8:18:ec,d8:d7:75:45:81:24,,-85,1,2412,False,False
1778935919.5152152,control,ack,,50:02:91:e8:18:ec,50:02:91:e8:18:ec,,,,-45,1,2412,False,False
1778935919.5152164,data,null_data,50:02:91:e8:18:ec,d8:d7:75:45:81:24,d8:d7:75:45:81:24,50:02:91:e8:18:ec,d8:d7:75:45:81:24,,-84,1,2412,False,True
1778935919.5152175,control,ack,,50:02:91:e8:18:ec,50:02:91:e8:18:ec,,,,-48,1,2412,False,False
1778935919.5156128,data,null_data,50:02:91:e8:18:ec,d8:d7:75:45:81:24,d8:d7:75:45:81:24,50:02:91:e8:18:ec,d8:d7:75:45:81:24,,-89,1,2412,False,True
1778935919.5156147,control,ack,,50:02:91:e8:18:ec,50:02:91:e8:18:ec,,,,-45,1,2412,False,False
1778935919.566159,management,beacon,d8:d7:75:45:81:24,ff:ff:ff:ff:ff:ff,ff:ff:ff:ff:ff:ff,d8:d7:75:45:81:24,d8:d7:75:45:81:24,FunBox2-8124,-44,1,2412,False,False
1778935919.7153456,management,beacon,ac:84:c6:41:71:22,ff:ff:ff:ff:ff:ff,ff:ff:ff:ff:ff:ff,ac:84:c6:41:71:22,ac:84:c6:41:71:22,TP-LINK_7122,-88,1,2412,False,False
1778935919.7709785,management,beacon,d8:d7:75:45:81:24,ff:ff:ff:ff:ff:ff,ff:ff:ff:ff:ff:ff,d8:d7:75:45:81:24,d8:d7:75:45:81:24,FunBox2-8124,-47,1,2412,False,False
1778935919.7726486,data,data,d8:d7:75:45:81:24,01:00:5e:00:00:fb,01:00:5e:00:00:fb,d8:d7:75:45:81:24,8a:f4:af:eb:f3:fb,,-44,1,2412,True,False
1778935919.7731316,control,ack,,d8:d7:75:45:81:24,d8:d7:75:45:81:24,,,,-86,1,2412,False,False
1778935919.7731347,data,null_data,50:02:91:e8:18:ec,d8:d7:75:45:81:24,d8:d7:75:45:81:24,50:02:91:e8:18:ec,d8:d7:75:45:81:24,,-85,1,2412,False,False
1778935919.773136,control,ack,,50:02:91:e8:18:ec,50:02:91:e8:18:ec,,,,-48,1,2412,False,False
1778935919.7749605,data,data,d8:d7:75:45:81:24,33:33:00:00:00:fb,33:33:00:00:00:fb,d8:d7:75:45:81:24,8a:f4:af:eb:f3:fb,,-44,1,2412,True,False
1778935919.7752476,control,ack,,d8:d7:75:45:81:24,d8:d7:75:45:81:24,,,,-86,1,2412,False,False
1778935919.873372,management,beacon,d8:d7:75:45:81:24,ff:ff:ff:ff:ff:ff,ff:ff:ff:ff:ff:ff,d8:d7:75:45:81:24,d8:d7:75:45:81:24,FunBox2-8124,-45,1,2412,False,False
1778935919.9197757,management,beacon,ac:84:c6:41:71:22,ff:ff:ff:ff:ff:ff,ff:ff:ff:ff:ff:ff,ac:84:c6:41:71:22,ac:84:c6:41:71:22,TP-LINK_7122,-89,1,2412,False,False
1778935919.9356904,data,null_data,50:02:91:e8:18:ec,d8:d7:75:45:81:24,d8:d7:75:45:81:24,50:02:91:e8:18:ec,d8:d7:75:45:81:24,,-86,1,2412,False,False
1778935919.935701,control,ack,,50:02:91:e8:18:ec,50:02:91:e8:18:ec,,,,-46,1,2412,False,False
1778935919.975787,management,beacon,d8:d7:75:45:81:24,ff:ff:ff:ff:ff:ff,ff:ff:ff:ff:ff:ff,d8:d7:75:45:81:24,d8:d7:75:45:81:24,FunBox2-8124,-45,1,2412,False,False
1778935920.0782034,management,beacon,d8:d7:75:45:81:24,ff:ff:ff:ff:ff:ff,ff:ff:ff:ff:ff:ff,d8:d7:75:45:81:24,d8:d7:75:45:81:24,FunBox2-8124,-47,1,2412,False,False
1778935920.2830331,management,beacon,d8:d7:75:45:81:24,ff:ff:ff:ff:ff:ff,ff:ff:ff:ff:ff:ff,d8:d7:75:45:81:24,d8:d7:75:45:81:24,FunBox2-8124,-45,1,2412,False,False
1778935920.329122,management,beacon,ac:84:c6:41:71:22,ff:ff:ff:ff:ff:ff,ff:ff:ff:ff:ff:ff,ac:84:c6:41:71:22,ac:84:c6:41:71:22,TP-LINK_7122,-88,1,2412,False,False
1778935920.3439345,control,ack,,ce:d0:54:70:b1:b3,ce:d0:54:70:b1:b3,,,,-88,1,2412,False,False
1778935920.3854055,management,beacon,d8:d7:75:45:81:24,ff:ff:ff:ff:ff:ff,ff:ff:ff:ff:ff:ff,d8:d7:75:45:81:24,d8:d7:75:45:81:24,FunBox2-8124,-45,1,2412,False,False
1778935920.3866942,data,data,d8:d7:75:45:81:24,33:33:ff:63:5e:bd,33:33:ff:63:5e:bd,d8:d7:75:45:81:24,d8:d7:75:45:81:24,,-45,1,2412,True,False
1778935920.3871653,control,ack,,d8:d7:75:45:81:24,d8:d7:75:45:81:24,,,,-86,1,2412,False,False
1778935920.3871686,data,null_data,50:02:91:e8:18:ec,d8:d7:75:45:81:24,d8:d7:75:45:81:24,50:02:91:e8:18:ec,d8:d7:75:45:81:24,,-85,1,2412,False,False
1778935920.38717,control,ack,,50:02:91:e8:18:ec,50:02:91:e8:18:ec,,,,-47,1,2412,False,False
1778935920.487835,management,beacon,d8:d7:75:45:81:24,ff:ff:ff:ff:ff:ff,ff:ff:ff:ff:ff:ff,d8:d7:75:45:81:24,d8:d7:75:45:81:24,FunBox2-8124,-45,1,2412,False,False
1778935920.5485456,data,null_data,50:02:91:e8:18:ec,d8:d7:75:45:81:24,d8:d7:75:45:81:24,50:02:91:e8:18:ec,d8:d7:75:45:81:24,,-86,1,2412,False,False
1778935920.5485618,control,ack,,50:02:91:e8:18:ec,50:02:91:e8:18:ec,,,,-46,1,2412,False,False
1778935920.5789502,control,ack,,ce:d0:54:70:b1:b3,ce:d0:54:70:b1:b3,,,,-88,1,2412,False,False
1778935920.5902178,management,beacon,d8:d7:75:45:81:24,ff:ff:ff:ff:ff:ff,ff:ff:ff:ff:ff:ff,d8:d7:75:45:81:24,d8:d7:75:45:81:24,FunBox2-8124,-47,1,2412,False,False
1778935920.6485806,control,ack,,ce:d0:54:70:b1:b3,ce:d0:54:70:b1:b3,,,,-90,1,2412,False,False
1778935920.6738894,control,ack,,ce:d0:54:70:b1:b3,ce:d0:54:70:b1:b3,,,,-90,1,2412,False,False
1778935920.7950416,management,beacon,d8:d7:75:45:81:24,ff:ff:ff:ff:ff:ff,ff:ff:ff:ff:ff:ff,d8:d7:75:45:81:24,d8:d7:75:45:81:24,FunBox2-8124,-44,1,2412,False,False
1778935920.8113956,control,ack,,ce:d0:54:70:b1:b3,ce:d0:54:70:b1:b3,,,,-90,1,2412,False,False
1778935920.8974516,management,beacon,d8:d7:75:45:81:24,ff:ff:ff:ff:ff:ff,ff:ff:ff:ff:ff:ff,d8:d7:75:45:81:24,d8:d7:75:45:81:24,FunBox2-8124,-47,1,2412,False,False
1778935920.999824,management,beacon,d8:d7:75:45:81:24,ff:ff:ff:ff:ff:ff,ff:ff:ff:ff:ff:ff,d8:d7:75:45:81:24,d8:d7:75:45:81:24,FunBox2-8124,-45,1,2412,False,False
1778935921.0010118,data,null_data,50:02:91:e8:18:ec,d8:d7:75:45:81:24,d8:d7:75:45:81:24,50:02:91:e8:18:ec,d8:d7:75:45:81:24,,-84,1,2412,False,False
1778935921.0010142,control,ack,,50:02:91:e8:18:ec,50:02:91:e8:18:ec,,,,-46,1,2412,False,False
1778935921.0015907,management,action,d8:d7:75:45:81:24,50:02:91:e8:18:ec,50:02:91:e8:18:ec,d8:d7:75:45:81:24,d8:d7:75:45:81:24,,-44,1,2412,False,False
1778935921.0019104,control,ack,,d8:d7:75:45:81:24,d8:d7:75:45:81:24,,,,-86,1,2412,False,False
1778935921.0022278,control,ack,,50:02:91:e8:18:ec,50:02:91:e8:18:ec,,,,-47,1,2412,False,False
1778935921.1022487,management,beacon,d8:d7:75:45:81:24,ff:ff:ff:ff:ff:ff,ff:ff:ff:ff:ff:ff,d8:d7:75:45:81:24,d8:d7:75:45:81:24,FunBox2-8124,-47,1,2412,False,False
1778935921.1629796,data,null_data,50:02:91:e8:18:ec,d8:d7:75:45:81:24,d8:d7:75:45:81:24,50:02:91:e8:18:ec,d8:d7:75:45:81:24,,-82,1,2412,False,False
1778935921.1629863,control,ack,,50:02:91:e8:18:ec,50:02:91:e8:18:ec,,,,-48,1,2412,False,False
1778935921.30707,management,beacon,d8:d7:75:45:81:24,ff:ff:ff:ff:ff:ff,ff:ff:ff:ff:ff:ff,d8:d7:75:45:81:24,d8:d7:75:45:81:24,FunBox2-8124,-43,1,2412,False,False
1778935921.4094543,management,beacon,d8:d7:75:45:81:24,ff:ff:ff:ff:ff:ff,ff:ff:ff:ff:ff:ff,d8:d7:75:45:81:24,d8:d7:75:45:81:24,FunBox2-8124,-42,1,2412,False,False
1778935921.511833,management,beacon,d8:d7:75:45:81:24,ff:ff:ff:ff:ff:ff,ff:ff:ff:ff:ff:ff,d8:d7:75:45:81:24,d8:d7:75:45:81:24,FunBox2-8124,-42,1,2412,False,False
1778935921.6142404,management,beacon,d8:d7:75:45:81:24,ff:ff:ff:ff:ff:ff,ff:ff:ff:ff:ff:ff,d8:d7:75:45:81:24,d8:d7:75:45:81:24,FunBox2-8124,-47,1,2412,False,False
1778935921.7166915,management,beacon,d8:d7:75:45:81:24,ff:ff:ff:ff:ff:ff,ff:ff:ff:ff:ff:ff,d8:d7:75:45:81:24,d8:d7:75:45:81:24,FunBox2-8124,-49,1,2412,False,False
1778935921.819043,management,beacon,d8:d7:75:45:81:24,ff:ff:ff:ff:ff:ff,ff:ff:ff:ff:ff:ff,d8:d7:75:45:81:24,d8:d7:75:45:81:24,FunBox2-8124,-45,1,2412,False,False
1778935921.9217436,management,beacon,d8:d7:75:45:81:24,ff:ff:ff:ff:ff:ff,ff:ff:ff:ff:ff:ff,d8:d7:75:45:81:24,d8:d7:75:45:81:24,FunBox2-8124,-45,1,2412,False,False
1778935922.0238667,management,beacon,d8:d7:75:45:81:24,ff:ff:ff:ff:ff:ff,ff:ff:ff:ff:ff:ff,d8:d7:75:45:81:24,d8:d7:75:45:81:24,FunBox2-8124,-44,1,2412,False,False
1778935922.1262717,management,beacon,d8:d7:75:45:81:24,ff:ff:ff:ff:ff:ff,ff:ff:ff:ff:ff:ff,d8:d7:75:45:81:24,d8:d7:75:45:81:24,FunBox2-8124,-42,1,2412,False,False
1778935922.1827188,data,qos_null,aa:23:4f:4d:00:cf,74:ea:3a:a1:53:a6,74:ea:3a:a1:53:a6,aa:23:4f:4d:00:cf,74:ea:3a:a1:53:a6,,-85,1,2412,False,False
1778935922.2286556,management,beacon,d8:d7:75:45:81:24,ff:ff:ff:ff:ff:ff,ff:ff:ff:ff:ff:ff,d8:d7:75:45:81:24,d8:d7:75:45:81:24,FunBox2-8124,-47,1,2412,False,False
1778935922.2304072,control,ack,,d8:d7:75:45:81:24,d8:d7:75:45:81:24,,,,-83,1,2412,False,False
1778935922.3311074,management,beacon,d8:d7:75:45:81:24,ff:ff:ff:ff:ff:ff,ff:ff:ff:ff:ff:ff,d8:d7:75:45:81:24,d8:d7:75:45:81:24,FunBox2-8124,-47,1,2412,False,False
1778935922.3442595,control,rts,aa:23:4f:4d:00:cf,74:ea:3a:a1:53:a6,74:ea:3a:a1:53:a6,aa:23:4f:4d:00:cf,,,-89,1,2412,False,False
1778935922.433461,management,beacon,d8:d7:75:45:81:24,ff:ff:ff:ff:ff:ff,ff:ff:ff:ff:ff:ff,d8:d7:75:45:81:24,d8:d7:75:45:81:24,FunBox2-8124,-48,1,2412,False,False
1778935922.6382616,management,beacon,d8:d7:75:45:81:24,ff:ff:ff:ff:ff:ff,ff:ff:ff:ff:ff:ff,d8:d7:75:45:81:24,d8:d7:75:45:81:24,FunBox2-8124,-47,1,2412,False,False
1778935922.64607,data,qos_null,aa:23:4f:4d:00:cf,74:ea:3a:a1:53:a6,74:ea:3a:a1:53:a6,aa:23:4f:4d:00:cf,74:ea:3a:a1:53:a6,,-86,1,2412,False,False
1778935922.7406754,management,beacon,d8:d7:75:45:81:24,ff:ff:ff:ff:ff:ff,ff:ff:ff:ff:ff:ff,d8:d7:75:45:81:24,d8:d7:75:45:81:24,FunBox2-8124,-47,1,2412,False,False
1778935922.8430872,management,beacon,d8:d7:75:45:81:24,ff:ff:ff:ff:ff:ff,ff:ff:ff:ff:ff:ff,d8:d7:75:45:81:24,d8:d7:75:45:81:24,FunBox2-8124,-44,1,2412,False,False
1778935922.844275,data,null_data,50:02:91:e8:18:ec,d8:d7:75:45:81:24,d8:d7:75:45:81:24,50:02:91:e8:18:ec,d8:d7:75:45:81:24,,-83,1,2412,False,False
1778935922.844283,control,ack,,50:02:91:e8:18:ec,50:02:91:e8:18:ec,,,,-44,1,2412,False,False
1778935922.9454796,management,beacon,d8:d7:75:45:81:24,ff:ff:ff:ff:ff:ff,ff:ff:ff:ff:ff:ff,d8:d7:75:45:81:24,d8:d7:75:45:81:24,FunBox2-8124,-47,1,2412,False,False
1778935923.0051637,data,null_data,50:02:91:e8:18:ec,d8:d7:75:45:81:24,d8:d7:75:45:81:24,50:02:91:e8:18:ec,d8:d7:75:45:81:24,,-85,1,2412,False,False
1778935923.0051842,control,ack,,50:02:91:e8:18:ec,50:02:91:e8:18:ec,,,,-46,1,2412,False,False
1778935923.0479417,management,beacon,d8:d7:75:45:81:24,ff:ff:ff:ff:ff:ff,ff:ff:ff:ff:ff:ff,d8:d7:75:45:81:24,d8:d7:75:45:81:24,FunBox2-8124,-44,1,2412,False,False
1778935923.1502955,management,beacon,d8:d7:75:45:81:24,ff:ff:ff:ff:ff:ff,ff:ff:ff:ff:ff:ff,d8:d7:75:45:81:24,d8:d7:75:45:81:24,FunBox2-8124,-47,1,2412,False,False
1778935923.252698,management,beacon,d8:d7:75:45:81:24,ff:ff:ff:ff:ff:ff,ff:ff:ff:ff:ff:ff,d8:d7:75:45:81:24,d8:d7:75:45:81:24,FunBox2-8124,-42,1,2412,False,False
1778935923.3551576,management,beacon,d8:d7:75:45:81:24,ff:ff:ff:ff:ff:ff,ff:ff:ff:ff:ff:ff,d8:d7:75:45:81:24,d8:d7:75:45:81:24,FunBox2-8124,-48,1,2412,False,False
1778935923.4575012,management,beacon,d8:d7:75:45:81:24,ff:ff:ff:ff:ff:ff,ff:ff:ff:ff:ff:ff,d8:d7:75:45:81:24,d8:d7:75:45:81:24,FunBox2-8124,-46,1,2412,False,False
1778935923.4587789,data,data,d8:d7:75:45:81:24,33:33:ff:63:5e:bd,33:33:ff:63:5e:bd,d8:d7:75:45:81:24,d8:d7:75:45:81:24,,-45,1,2412,True,False
1778935923.4592786,control,ack,,d8:d7:75:45:81:24,d8:d7:75:45:81:24,,,,-82,1,2412,False,False
1778935923.4592822,data,null_data,50:02:91:e8:18:ec,d8:d7:75:45:81:24,d8:d7:75:45:81:24,50:02:91:e8:18:ec,d8:d7:75:45:81:24,,-82,1,2412,False,False
1778935923.4592845,control,ack,,50:02:91:e8:18:ec,50:02:91:e8:18:ec,,,,-45,1,2412,False,False
1778935923.4943476,data,qos_null,aa:23:4f:4d:00:cf,74:ea:3a:a1:53:a6,74:ea:3a:a1:53:a6,aa:23:4f:4d:00:cf,74:ea:3a:a1:53:a6,,-88,1,2412,False,False
1778935923.5599499,management,beacon,d8:d7:75:45:81:24,ff:ff:ff:ff:ff:ff,ff:ff:ff:ff:ff:ff,d8:d7:75:45:81:24,d8:d7:75:45:81:24,FunBox2-8124,-46,1,2412,False,False
1778935923.62017,data,null_data,50:02:91:e8:18:ec,d8:d7:75:45:81:24,d8:d7:75:45:81:24,50:02:91:e8:18:ec,d8:d7:75:45:81:24,,-81,1,2412,False,False
1778935923.620186,control,ack,,50:02:91:e8:18:ec,50:02:91:e8:18:ec,,,,-47,1,2412,False,False
1778935923.6622987,management,beacon,d8:d7:75:45:81:24,ff:ff:ff:ff:ff:ff,ff:ff:ff:ff:ff:ff,d8:d7:75:45:81:24,d8:d7:75:45:81:24,FunBox2-8124,-47,1,2412,False,False
1778935923.7647154,management,beacon,d8:d7:75:45:81:24,ff:ff:ff:ff:ff:ff,ff:ff:ff:ff:ff:ff,d8:d7:75:45:81:24,d8:d7:75:45:81:24,FunBox2-8124,-46,1,2412,False,False
1778935923.8085988,management,beacon,ac:84:c6:41:71:22,ff:ff:ff:ff:ff:ff,ff:ff:ff:ff:ff:ff,ac:84:c6:41:71:22,ac:84:c6:41:71:22,TP-LINK_7122,-84,1,2412,False,False
1778935923.8671288,management,beacon,d8:d7:75:45:81:24,ff:ff:ff:ff:ff:ff,ff:ff:ff:ff:ff:ff,d8:d7:75:45:81:24,d8:d7:75:45:81:24,FunBox2-8124,-47,1,2412,False,False
1778935923.9304123,management,probe_request,42:c9:d7:20:fe:9d,ff:ff:ff:ff:ff:ff,ff:ff:ff:ff:ff:ff,42:c9:d7:20:fe:9d,ff:ff:ff:ff:ff:ff,<hidden>,-54,1,2412,False,False
1778935923.950934,management,probe_request,7e:10:69:98:fa:fc,ff:ff:ff:ff:ff:ff,ff:ff:ff:ff:ff:ff,7e:10:69:98:fa:fc,ff:ff:ff:ff:ff:ff,<hidden>,-56,1,2412,False,False
1778935923.9542103,management,probe_response,d8:d7:75:45:81:24,7e:10:69:98:fa:fc,7e:10:69:98:fa:fc,d8:d7:75:45:81:24,d8:d7:75:45:81:24,FunBox2-8124,-45,1,2412,False,False
1778935923.9544876,control,ack,,d8:d7:75:45:81:24,d8:d7:75:45:81:24,,,,-54,1,2412,False,False
1778935923.9612079,control,ack,,ac:84:c6:41:71:22,ac:84:c6:41:71:22,,,,-53,1,2412,False,False
1778935923.9629984,management,probe_request,7e:10:69:98:fa:fc,ff:ff:ff:ff:ff:ff,ff:ff:ff:ff:ff:ff,7e:10:69:98:fa:fc,ff:ff:ff:ff:ff:ff,<hidden>,-53,1,2412,False,False
1778935923.9662356,management,probe_response,d8:d7:75:45:81:24,7e:10:69:98:fa:fc,7e:10:69:98:fa:fc,d8:d7:75:45:81:24,d8:d7:75:45:81:24,FunBox2-8124,-44,1,2412,False,False
1778935923.9665315,control,ack,,d8:d7:75:45:81:24,d8:d7:75:45:81:24,,,,-51,1,2412,False,False
1778935923.972917,management,beacon,d8:d7:75:45:81:24,ff:ff:ff:ff:ff:ff,ff:ff:ff:ff:ff:ff,d8:d7:75:45:81:24,d8:d7:75:45:81:24,FunBox2-8124,-43,1,2412,False,False
1778935924.0719376,management,beacon,d8:d7:75:45:81:24,ff:ff:ff:ff:ff:ff,ff:ff:ff:ff:ff:ff,d8:d7:75:45:81:24,d8:d7:75:45:81:24,FunBox2-8124,-45,1,2412,False,False
1778935924.174367,management,beacon,d8:d7:75:45:81:24,ff:ff:ff:ff:ff:ff,ff:ff:ff:ff:ff:ff,d8:d7:75:45:81:24,d8:d7:75:45:81:24,FunBox2-8124,-45,1,2412,False,False
1778935924.276731,management,beacon,d8:d7:75:45:81:24,ff:ff:ff:ff:ff:ff,ff:ff:ff:ff:ff:ff,d8:d7:75:45:81:24,d8:d7:75:45:81:24,FunBox2-8124,-46,1,2412,False,False
1778935924.379155,management,beacon,d8:d7:75:45:81:24,ff:ff:ff:ff:ff:ff,ff:ff:ff:ff:ff:ff,d8:d7:75:45:81:24,d8:d7:75:45:81:24,FunBox2-8124,-46,1,2412,False,False
1778935924.380506,data,data,d8:d7:75:45:81:24,33:33:ff:63:5e:bd,33:33:ff:63:5e:bd,d8:d7:75:45:81:24,d8:d7:75:45:81:24,,-46,1,2412,True,False
1778935924.380992,control,ack,,d8:d7:75:45:81:24,d8:d7:75:45:81:24,,,,-84,1,2412,False,False
1778935924.3809948,data,null_data,50:02:91:e8:18:ec,d8:d7:75:45:81:24,d8:d7:75:45:81:24,50:02:91:e8:18:ec,d8:d7:75:45:81:24,,-82,1,2412,False,False
1778935924.380996,control,ack,,50:02:91:e8:18:ec,50:02:91:e8:18:ec,,,,-46,1,2412,False,False
1778935924.4815419,management,beacon,d8:d7:75:45:81:24,ff:ff:ff:ff:ff:ff,ff:ff:ff:ff:ff:ff,d8:d7:75:45:81:24,d8:d7:75:45:81:24,FunBox2-8124,-46,1,2412,False,False
1778935924.541901,data,null_data,50:02:91:e8:18:ec,d8:d7:75:45:81:24,d8:d7:75:45:81:24,50:02:91:e8:18:ec,d8:d7:75:45:81:24,,-83,1,2412,False,False
1778935924.5419087,control,ack,,50:02:91:e8:18:ec,50:02:91:e8:18:ec,,,,-48,1,2412,False,False
1778935924.5839925,management,beacon,d8:d7:75:45:81:24,ff:ff:ff:ff:ff:ff,ff:ff:ff:ff:ff:ff,d8:d7:75:45:81:24,d8:d7:75:45:81:24,FunBox2-8124,-44,1,2412,False,False
1778935924.686389,management,beacon,d8:d7:75:45:81:24,ff:ff:ff:ff:ff:ff,ff:ff:ff:ff:ff:ff,d8:d7:75:45:81:24,d8:d7:75:45:81:24,FunBox2-8124,-47,1,2412,False,False
1778935924.7719488,data,qos_null,aa:23:4f:4d:00:cf,74:ea:3a:a1:53:a6,74:ea:3a:a1:53:a6,aa:23:4f:4d:00:cf,74:ea:3a:a1:53:a6,,-87,1,2412,False,False
1778935924.7888613,management,beacon,d8:d7:75:45:81:24,ff:ff:ff:ff:ff:ff,ff:ff:ff:ff:ff:ff,d8:d7:75:45:81:24,d8:d7:75:45:81:24,FunBox2-8124,-45,1,2412,False,False
1778935924.8817337,data,qos_null,aa:23:4f:4d:00:cf,74:ea:3a:a1:53:a6,74:ea:3a:a1:53:a6,aa:23:4f:4d:00:cf,74:ea:3a:a1:53:a6,,-86,1,2412,False,False
1778935924.8912103,management,beacon,d8:d7:75:45:81:24,ff:ff:ff:ff:ff:ff,ff:ff:ff:ff:ff:ff,d8:d7:75:45:81:24,d8:d7:75:45:81:24,FunBox2-8124,-47,1,2412,False,False
1778935924.9935634,management,beacon,d8:d7:75:45:81:24,ff:ff:ff:ff:ff:ff,ff:ff:ff:ff:ff:ff,d8:d7:75:45:81:24,d8:d7:75:45:81:24,FunBox2-8124,-47,1,2412,False,False
1778935925.0732625,data,qos_null,aa:23:4f:4d:00:cf,74:ea:3a:a1:53:a6,74:ea:3a:a1:53:a6,aa:23:4f:4d:00:cf,74:ea:3a:a1:53:a6,,-89,1,2412,False,False
1778935925.0959945,management,beacon,d8:d7:75:45:81:24,ff:ff:ff:ff:ff:ff,ff:ff:ff:ff:ff:ff,d8:d7:75:45:81:24,d8:d7:75:45:81:24,FunBox2-8124,-48,1,2412,False,False
1778935925.1322358,data,qos_null,aa:23:4f:4d:00:cf,74:ea:3a:a1:53:a6,74:ea:3a:a1:53:a6,aa:23:4f:4d:00:cf,74:ea:3a:a1:53:a6,,-86,1,2412,False,False
1778935925.1574454,data,qos_null,aa:23:4f:4d:00:cf,74:ea:3a:a1:53:a6,74:ea:3a:a1:53:a6,aa:23:4f:4d:00:cf,74:ea:3a:a1:53:a6,,-86,1,2412,False,False
1778935925.1983771,management,beacon,d8:d7:75:45:81:24,ff:ff:ff:ff:ff:ff,ff:ff:ff:ff:ff:ff,d8:d7:75:45:81:24,d8:d7:75:45:81:24,FunBox2-8124,-48,1,2412,False,False
1778935925.3007617,management,beacon,d8:d7:75:45:81:24,ff:ff:ff:ff:ff:ff,ff:ff:ff:ff:ff:ff,d8:d7:75:45:81:24,d8:d7:75:45:81:24,FunBox2-8124,-47,1,2412,False,False
1778935925.4032304,management,beacon,d8:d7:75:45:81:24,ff:ff:ff:ff:ff:ff,ff:ff:ff:ff:ff:ff,d8:d7:75:45:81:24,d8:d7:75:45:81:24,FunBox2-8124,-42,1,2412,False,False
1778935925.505572,management,beacon,d8:d7:75:45:81:24,ff:ff:ff:ff:ff:ff,ff:ff:ff:ff:ff:ff,d8:d7:75:45:81:24,d8:d7:75:45:81:24,FunBox2-8124,-46,1,2412,False,False
1778935925.6080184,management,beacon,d8:d7:75:45:81:24,ff:ff:ff:ff:ff:ff,ff:ff:ff:ff:ff:ff,d8:d7:75:45:81:24,d8:d7:75:45:81:24,FunBox2-8124,-46,1,2412,False,False
1778935925.7104108,management,beacon,d8:d7:75:45:81:24,ff:ff:ff:ff:ff:ff,ff:ff:ff:ff:ff:ff,d8:d7:75:45:81:24,d8:d7:75:45:81:24,FunBox2-8124,-47,1,2412,False,False
1778935925.715979,data,null_data,50:02:91:e8:18:ec,d8:d7:75:45:81:24,d8:d7:75:45:81:24,50:02:91:e8:18:ec,d8:d7:75:45:81:24,,-84,1,2412,False,False
1778935925.7159882,control,ack,,50:02:91:e8:18:ec,50:02:91:e8:18:ec,,,,-48,1,2412,False,False
1778935925.812841,management,beacon,d8:d7:75:45:81:24,ff:ff:ff:ff:ff:ff,ff:ff:ff:ff:ff:ff,d8:d7:75:45:81:24,d8:d7:75:45:81:24,FunBox2-8124,-47,1,2412,False,False
1778935925.8768284,data,null_data,50:02:91:e8:18:ec,d8:d7:75:45:81:24,d8:d7:75:45:81:24,50:02:91:e8:18:ec,d8:d7:75:45:81:24,,-82,1,2412,False,False
1778935925.876841,control,ack,,50:02:91:e8:18:ec,50:02:91:e8:18:ec,,,,-48,1,2412,False,False
1778935925.9151947,management,beacon,d8:d7:75:45:81:24,ff:ff:ff:ff:ff:ff,ff:ff:ff:ff:ff:ff,d8:d7:75:45:81:24,d8:d7:75:45:81:24,FunBox2-8124,-47,1,2412,False,False
1778935926.0176284,management,beacon,d8:d7:75:45:81:24,ff:ff:ff:ff:ff:ff,ff:ff:ff:ff:ff:ff,d8:d7:75:45:81:24,d8:d7:75:45:81:24,FunBox2-8124,-48,1,2412,False,False
1778935926.1200545,management,beacon,d8:d7:75:45:81:24,ff:ff:ff:ff:ff:ff,ff:ff:ff:ff:ff:ff,d8:d7:75:45:81:24,d8:d7:75:45:81:24,FunBox2-8124,-44,1,2412,False,False
1778935926.1523945,control,rts,aa:23:4f:4d:00:cf,74:ea:3a:a1:53:a6,74:ea:3a:a1:53:a6,aa:23:4f:4d:00:cf,,,-86,1,2412,False,False
1778935926.1661289,control,rts,aa:23:4f:4d:00:cf,74:ea:3a:a1:53:a6,74:ea:3a:a1:53:a6,aa:23:4f:4d:00:cf,,,-86,1,2412,False,False
1778935926.1991463,control,rts,aa:23:4f:4d:00:cf,74:ea:3a:a1:53:a6,74:ea:3a:a1:53:a6,aa:23:4f:4d:00:cf,,,-89,1,2412,False,False
1778935926.2223911,management,beacon,d8:d7:75:45:81:24,ff:ff:ff:ff:ff:ff,ff:ff:ff:ff:ff:ff,d8:d7:75:45:81:24,d8:d7:75:45:81:24,FunBox2-8124,-43,1,2412,False,False
1778935926.224259,data,data,d8:d7:75:45:81:24,33:33:00:00:00:01,33:33:00:00:00:01,d8:d7:75:45:81:24,d8:d7:75:45:81:24,,-44,1,2412,True,False
1778935926.2247481,control,ack,,d8:d7:75:45:81:24,d8:d7:75:45:81:24,,,,-85,1,2412,False,False
1778935926.2247508,data,null_data,50:02:91:e8:18:ec,d8:d7:75:45:81:24,d8:d7:75:45:81:24,50:02:91:e8:18:ec,d8:d7:75:45:81:24,,-83,1,2412,False,False
1778935926.2247524,control,ack,,50:02:91:e8:18:ec,50:02:91:e8:18:ec,,,,-46,1,2412,False,False
1778935926.2264068,data,data,d8:d7:75:45:81:24,33:33:00:00:00:16,33:33:00:00:00:16,d8:d7:75:45:81:24,a8:5e:45:c6:9f:b7,,-44,1,2412,True,False
1778935926.2267046,control,ack,,d8:d7:75:45:81:24,d8:d7:75:45:81:24,,,,-83,1,2412,False,False
1778935926.2283378,data,data,d8:d7:75:45:81:24,33:33:ff:63:5e:bd,33:33:ff:63:5e:bd,d8:d7:75:45:81:24,d8:d7:75:45:81:24,,-43,1,2412,True,False
1778935926.275635,control,cts,,aa:23:4f:4d:00:cf,aa:23:4f:4d:00:cf,,,,-90,1,2412,False,False
1778935926.2947166,control,rts,aa:23:4f:4d:00:cf,74:ea:3a:a1:53:a6,74:ea:3a:a1:53:a6,aa:23:4f:4d:00:cf,,,-87,1,2412,False,False
1778935926.3248124,management,beacon,d8:d7:75:45:81:24,ff:ff:ff:ff:ff:ff,ff:ff:ff:ff:ff:ff,d8:d7:75:45:81:24,d8:d7:75:45:81:24,FunBox2-8124,-42,1,2412,False,False
1778935926.3871386,data,null_data,50:02:91:e8:18:ec,d8:d7:75:45:81:24,d8:d7:75:45:81:24,50:02:91:e8:18:ec,d8:d7:75:45:81:24,,-82,1,2412,False,False
1778935926.3871462,control,ack,,50:02:91:e8:18:ec,50:02:91:e8:18:ec,,,,-47,1,2412,False,False
1778935926.4068189,control,rts,aa:23:4f:4d:00:cf,74:ea:3a:a1:53:a6,74:ea:3a:a1:53:a6,aa:23:4f:4d:00:cf,,,-85,1,2412,False,False
1778935926.427238,management,beacon,d8:d7:75:45:81:24,ff:ff:ff:ff:ff:ff,ff:ff:ff:ff:ff:ff,d8:d7:75:45:81:24,d8:d7:75:45:81:24,FunBox2-8124,-45,1,2412,False,False
1778935926.5296586,management,beacon,d8:d7:75:45:81:24,ff:ff:ff:ff:ff:ff,ff:ff:ff:ff:ff:ff,d8:d7:75:45:81:24,d8:d7:75:45:81:24,FunBox2-8124,-44,1,2412,False,False
1778935926.5886095,control,rts,aa:23:4f:4d:00:cf,74:ea:3a:a1:53:a6,74:ea:3a:a1:53:a6,aa:23:4f:4d:00:cf,,,-88,1,2412,False,False
1778935926.632058,management,beacon,d8:d7:75:45:81:24,ff:ff:ff:ff:ff:ff,ff:ff:ff:ff:ff:ff,d8:d7:75:45:81:24,d8:d7:75:45:81:24,FunBox2-8124,-42,1,2412,False,False
1778935926.7344515,management,beacon,d8:d7:75:45:81:24,ff:ff:ff:ff:ff:ff,ff:ff:ff:ff:ff:ff,d8:d7:75:45:81:24,d8:d7:75:45:81:24,FunBox2-8124,-44,1,2412,False,False
1778935926.8368506,management,beacon,d8:d7:75:45:81:24,ff:ff:ff:ff:ff:ff,ff:ff:ff:ff:ff:ff,d8:d7:75:45:81:24,d8:d7:75:45:81:24,FunBox2-8124,-42,1,2412,False,False
1778935926.838546,data,data,d8:d7:75:45:81:24,33:33:00:00:00:16,33:33:00:00:00:16,d8:d7:75:45:81:24,a8:5e:45:c6:9f:b7,,-42,1,2412,True,False
1778935926.8390343,control,ack,,d8:d7:75:45:81:24,d8:d7:75:45:81:24,,,,-83,1,2412,False,False
1778935926.839037,data,null_data,50:02:91:e8:18:ec,d8:d7:75:45:81:24,d8:d7:75:45:81:24,50:02:91:e8:18:ec,d8:d7:75:45:81:24,,-82,1,2412,False,False
1778935926.8390388,control,ack,,50:02:91:e8:18:ec,50:02:91:e8:18:ec,,,,-44,1,2412,False,False
1778935926.9392655,management,beacon,d8:d7:75:45:81:24,ff:ff:ff:ff:ff:ff,ff:ff:ff:ff:ff:ff,d8:d7:75:45:81:24,d8:d7:75:45:81:24,FunBox2-8124,-43,1,2412,False,False
1778935926.9999459,data,null_data,50:02:91:e8:18:ec,d8:d7:75:45:81:24,d8:d7:75:45:81:24,50:02:91:e8:18:ec,d8:d7:75:45:81:24,,-83,1,2412,False,False
1778935926.999965,control,ack,,50:02:91:e8:18:ec,50:02:91:e8:18:ec,,,,-47,1,2412,False,False
1778935927.0416727,management,beacon,d8:d7:75:45:81:24,ff:ff:ff:ff:ff:ff,ff:ff:ff:ff:ff:ff,d8:d7:75:45:81:24,d8:d7:75:45:81:24,FunBox2-8124,-42,1,2412,False,False
1778935927.144065,management,beacon,d8:d7:75:45:81:24,ff:ff:ff:ff:ff:ff,ff:ff:ff:ff:ff:ff,d8:d7:75:45:81:24,d8:d7:75:45:81:24,FunBox2-8124,-48,1,2412,False,False
1778935927.1455011,data,data,d8:d7:75:45:81:24,33:33:ff:63:5e:bd,33:33:ff:63:5e:bd,d8:d7:75:45:81:24,d8:d7:75:45:81:24,,-49,1,2412,True,False
1778935927.1459877,control,ack,,d8:d7:75:45:81:24,d8:d7:75:45:81:24,,,,-83,1,2412,False,False
1778935927.1459901,data,null_data,50:02:91:e8:18:ec,d8:d7:75:45:81:24,d8:d7:75:45:81:24,50:02:91:e8:18:ec,d8:d7:75:45:81:24,,-84,1,2412,False,False
1778935927.1459916,control,ack,,50:02:91:e8:18:ec,50:02:91:e8:18:ec,,,,-47,1,2412,False,False
1778935927.2464464,management,beacon,d8:d7:75:45:81:24,ff:ff:ff:ff:ff:ff,ff:ff:ff:ff:ff:ff,d8:d7:75:45:81:24,d8:d7:75:45:81:24,FunBox2-8124,-47,1,2412,False,False
1778935927.3069024,data,null_data,50:02:91:e8:18:ec,d8:d7:75:45:81:24,d8:d7:75:45:81:24,50:02:91:e8:18:ec,d8:d7:75:45:81:24,,-82,1,2412,False,False
1778935927.3069108,control,ack,,50:02:91:e8:18:ec,50:02:91:e8:18:ec,,,,-46,1,2412,False,False
1778935927.3488696,management,beacon,d8:d7:75:45:81:24,ff:ff:ff:ff:ff:ff,ff:ff:ff:ff:ff:ff,d8:d7:75:45:81:24,d8:d7:75:45:81:24,FunBox2-8124,-43,1,2412,False,False
1778935927.451252,management,beacon,d8:d7:75:45:81:24,ff:ff:ff:ff:ff:ff,ff:ff:ff:ff:ff:ff,d8:d7:75:45:81:24,d8:d7:75:45:81:24,FunBox2-8124,-42,1,2412,False,False
1778935927.452072,data,data,d8:d7:75:45:81:24,ff:ff:ff:ff:ff:ff,ff:ff:ff:ff:ff:ff,d8:d7:75:45:81:24,d8:d7:75:45:81:24,,-42,1,2412,True,False
1778935927.452384,control,ack,,d8:d7:75:45:81:24,d8:d7:75:45:81:24,,,,-81,1,2412,False,False
1778935927.4527,data,null_data,50:02:91:e8:18:ec,d8:d7:75:45:81:24,d8:d7:75:45:81:24,50:02:91:e8:18:ec,d8:d7:75:45:81:24,,-82,1,2412,False,False
1778935927.4527023,control,ack,,50:02:91:e8:18:ec,50:02:91:e8:18:ec,,,,-45,1,2412,False,False
1778935927.453819,data,data,d8:d7:75:45:81:24,ff:ff:ff:ff:ff:ff,ff:ff:ff:ff:ff:ff,d8:d7:75:45:81:24,d8:d7:75:45:81:24,,-42,1,2412,True,False
1778935927.454138,control,ack,,d8:d7:75:45:81:24,d8:d7:75:45:81:24,,,,-84,1,2412,False,False
1778935927.5536911,management,beacon,d8:d7:75:45:81:24,ff:ff:ff:ff:ff:ff,ff:ff:ff:ff:ff:ff,d8:d7:75:45:81:24,d8:d7:75:45:81:24,FunBox2-8124,-48,1,2412,False,False
1778935927.614562,data,null_data,50:02:91:e8:18:ec,d8:d7:75:45:81:24,d8:d7:75:45:81:24,50:02:91:e8:18:ec,d8:d7:75:45:81:24,,-83,1,2412,False,False
1778935927.61457,control,ack,,50:02:91:e8:18:ec,50:02:91:e8:18:ec,,,,-47,1,2412,False,False
1778935927.6560936,management,beacon,d8:d7:75:45:81:24,ff:ff:ff:ff:ff:ff,ff:ff:ff:ff:ff:ff,d8:d7:75:45:81:24,d8:d7:75:45:81:24,FunBox2-8124,-42,1,2412,False,False
1778935927.758476,management,beacon,d8:d7:75:45:81:24,ff:ff:ff:ff:ff:ff,ff:ff:ff:ff:ff:ff,d8:d7:75:45:81:24,d8:d7:75:45:81:24,FunBox2-8124,-48,1,2412,False,False
1778935927.8608527,management,beacon,d8:d7:75:45:81:24,ff:ff:ff:ff:ff:ff,ff:ff:ff:ff:ff:ff,d8:d7:75:45:81:24,d8:d7:75:45:81:24,FunBox2-8124,-44,1,2412,False,False
1778935927.9632623,management,beacon,d8:d7:75:45:81:24,ff:ff:ff:ff:ff:ff,ff:ff:ff:ff:ff:ff,d8:d7:75:45:81:24,d8:d7:75:45:81:24,FunBox2-8124,-44,1,2412,False,False
1778935928.0656762,management,beacon,d8:d7:75:45:81:24,ff:ff:ff:ff:ff:ff,ff:ff:ff:ff:ff:ff,d8:d7:75:45:81:24,d8:d7:75:45:81:24,FunBox2-8124,-43,1,2412,False,False
1778935928.1681042,management,beacon,d8:d7:75:45:81:24,ff:ff:ff:ff:ff:ff,ff:ff:ff:ff:ff:ff,d8:d7:75:45:81:24,d8:d7:75:45:81:24,FunBox2-8124,-43,1,2412,False,False
1778935928.2705028,management,beacon,d8:d7:75:45:81:24,ff:ff:ff:ff:ff:ff,ff:ff:ff:ff:ff:ff,d8:d7:75:45:81:24,d8:d7:75:45:81:24,FunBox2-8124,-44,1,2412,False,False
1778935928.3739984,management,beacon,d8:d7:75:45:81:24,ff:ff:ff:ff:ff:ff,ff:ff:ff:ff:ff:ff,d8:d7:75:45:81:24,d8:d7:75:45:81:24,FunBox2-8124,-43,1,2412,False,False
1778935928.475296,management,beacon,d8:d7:75:45:81:24,ff:ff:ff:ff:ff:ff,ff:ff:ff:ff:ff:ff,d8:d7:75:45:81:24,d8:d7:75:45:81:24,FunBox2-8124,-43,1,2412,False,False
1778935928.5777316,management,beacon,d8:d7:75:45:81:24,ff:ff:ff:ff:ff:ff,ff:ff:ff:ff:ff:ff,d8:d7:75:45:81:24,d8:d7:75:45:81:24,FunBox2-8124,-47,1,2412,False,False
1778935928.680082,management,beacon,d8:d7:75:45:81:24,ff:ff:ff:ff:ff:ff,ff:ff:ff:ff:ff:ff,d8:d7:75:45:81:24,d8:d7:75:45:81:24,FunBox2-8124,-44,1,2412,False,False
1778935928.6812608,data,null_data,50:02:91:e8:18:ec,d8:d7:75:45:81:24,d8:d7:75:45:81:24,50:02:91:e8:18:ec,d8:d7:75:45:81:24,,-82,1,2412,False,False
1778935928.681264,control,ack,,50:02:91:e8:18:ec,50:02:91:e8:18:ec,,,,-45,1,2412,False,False
1778935928.6827457,data,data,d8:d7:75:45:81:24,01:00:5e:00:00:fb,01:00:5e:00:00:fb,d8:d7:75:45:81:24,8a:f4:af:eb:f3:fb,,-44,1,2412,True,False
1778935928.6830575,control,ack,,d8:d7:75:45:81:24,d8:d7:75:45:81:24,,,,-85,1,2412,False,False
1778935928.684822,data,data,d8:d7:75:45:81:24,33:33:00:00:00:fb,33:33:00:00:00:fb,d8:d7:75:45:81:24,8a:f4:af:eb:f3:fb,,-44,1,2412,True,False
1778935928.6851544,control,ack,,d8:d7:75:45:81:24,d8:d7:75:45:81:24,,,,-84,1,2412,False,False
1778935928.7824984,management,beacon,d8:d7:75:45:81:24,ff:ff:ff:ff:ff:ff,ff:ff:ff:ff:ff:ff,d8:d7:75:45:81:24,d8:d7:75:45:81:24,FunBox2-8124,-46,1,2412,False,False
1778935928.8456013,data,null_data,50:02:91:e8:18:ec,d8:d7:75:45:81:24,d8:d7:75:45:81:24,50:02:91:e8:18:ec,d8:d7:75:45:81:24,,-84,1,2412,False,False
1778935928.8456101,control,ack,,50:02:91:e8:18:ec,50:02:91:e8:18:ec,,,,-47,1,2412,False,False
1778935928.8849344,management,beacon,d8:d7:75:45:81:24,ff:ff:ff:ff:ff:ff,ff:ff:ff:ff:ff:ff,d8:d7:75:45:81:24,d8:d7:75:45:81:24,FunBox2-8124,-43,1,2412,False,False
1778935929.0897079,management,beacon,d8:d7:75:45:81:24,ff:ff:ff:ff:ff:ff,ff:ff:ff:ff:ff:ff,d8:d7:75:45:81:24,d8:d7:75:45:81:24,FunBox2-8124,-47,1,2412,False,False
1778935929.1921685,management,beacon,d8:d7:75:45:81:24,ff:ff:ff:ff:ff:ff,ff:ff:ff:ff:ff:ff,d8:d7:75:45:81:24,d8:d7:75:45:81:24,FunBox2-8124,-46,1,2412,False,False
1778935929.212078,control,ack,,50:02:91:e8:18:ec,50:02:91:e8:18:ec,,,,-47,1,2412,False,False
1778935929.2945147,management,beacon,d8:d7:75:45:81:24,ff:ff:ff:ff:ff:ff,ff:ff:ff:ff:ff:ff,d8:d7:75:45:81:24,d8:d7:75:45:81:24,FunBox2-8124,-43,1,2412,False,False
1778935929.3729284,data,null_data,50:02:91:e8:18:ec,d8:d7:75:45:81:24,d8:d7:75:45:81:24,50:02:91:e8:18:ec,d8:d7:75:45:81:24,,-83,1,2412,False,False
1778935929.3729448,control,ack,,50:02:91:e8:18:ec,50:02:91:e8:18:ec,,,,-45,1,2412,False,False
1778935929.396976,management,beacon,d8:d7:75:45:81:24,ff:ff:ff:ff:ff:ff,ff:ff:ff:ff:ff:ff,d8:d7:75:45:81:24,d8:d7:75:45:81:24,FunBox2-8124,-42,1,2412,False,False
1778935929.601775,management,beacon,d8:d7:75:45:81:24,ff:ff:ff:ff:ff:ff,ff:ff:ff:ff:ff:ff,d8:d7:75:45:81:24,d8:d7:75:45:81:24,FunBox2-8124,-44,1,2412,False,False
1778935929.7041333,management,beacon,d8:d7:75:45:81:24,ff:ff:ff:ff:ff:ff,ff:ff:ff:ff:ff:ff,d8:d7:75:45:81:24,d8:d7:75:45:81:24,FunBox2-8124,-48,1,2412,False,False
1778935929.8065574,management,beacon,d8:d7:75:45:81:24,ff:ff:ff:ff:ff:ff,ff:ff:ff:ff:ff:ff,d8:d7:75:45:81:24,d8:d7:75:45:81:24,FunBox2-8124,-47,1,2412,False,False
1778935929.908967,management,beacon,d8:d7:75:45:81:24,ff:ff:ff:ff:ff:ff,ff:ff:ff:ff:ff:ff,d8:d7:75:45:81:24,d8:d7:75:45:81:24,FunBox2-8124,-46,1,2412,False,False
1778935929.9100976,data,data,d8:d7:75:45:81:24,01:00:5e:00:00:01,01:00:5e:00:00:01,d8:d7:75:45:81:24,d8:d7:75:45:81:24,,-47,1,2412,True,False
1778935929.9104111,control,ack,,d8:d7:75:45:81:24,d8:d7:75:45:81:24,,,,-85,1,2412,False,False
1778935930.1138372,management,beacon,d8:d7:75:45:81:24,ff:ff:ff:ff:ff:ff,ff:ff:ff:ff:ff:ff,d8:d7:75:45:81:24,d8:d7:75:45:81:24,FunBox2-8124,-46,1,2412,False,False
1778935930.216145,management,beacon,d8:d7:75:45:81:24,ff:ff:ff:ff:ff:ff,ff:ff:ff:ff:ff:ff,d8:d7:75:45:81:24,d8:d7:75:45:81:24,FunBox2-8124,-45,1,2412,False,False
1778935930.3185554,management,beacon,d8:d7:75:45:81:24,ff:ff:ff:ff:ff:ff,ff:ff:ff:ff:ff:ff,d8:d7:75:45:81:24,d8:d7:75:45:81:24,FunBox2-8124,-43,1,2412,False,False
1778935930.3555143,control,rts,54:35:30:cf:ee:1e,d8:d7:75:45:81:24,d8:d7:75:45:81:24,54:35:30:cf:ee:1e,,,-58,1,2412,False,False
1778935930.3555243,control,cts,,54:35:30:cf:ee:1e,54:35:30:cf:ee:1e,,,,-47,1,2412,False,False
1778935930.3555257,data,qos_data,54:35:30:cf:ee:1e,d8:d7:75:45:81:24,d8:d7:75:45:81:24,54:35:30:cf:ee:1e,01:00:5e:7f:ff:fa,,-58,1,2412,True,False
1778935930.355528,control,block_ack,d8:d7:75:45:81:24,54:35:30:cf:ee:1e,54:35:30:cf:ee:1e,d8:d7:75:45:81:24,,,-45,1,2412,False,False
1778935930.421029,management,beacon,d8:d7:75:45:81:24,ff:ff:ff:ff:ff:ff,ff:ff:ff:ff:ff:ff,d8:d7:75:45:81:24,d8:d7:75:45:81:24,FunBox2-8124,-43,1,2412,False,False
1778935930.524531,data,data,d8:d7:75:45:81:24,01:00:5e:7f:ff:fa,01:00:5e:7f:ff:fa,d8:d7:75:45:81:24,54:35:30:cf:ee:1e,,-46,1,2412,True,False
1778935930.5250072,control,ack,,d8:d7:75:45:81:24,d8:d7:75:45:81:24,,,,-83,1,2412,False,False
1778935930.5250094,data,null_data,50:02:91:e8:18:ec,d8:d7:75:45:81:24,d8:d7:75:45:81:24,50:02:91:e8:18:ec,d8:d7:75:45:81:24,,-83,1,2412,False,False
1778935930.525011,control,ack,,50:02:91:e8:18:ec,50:02:91:e8:18:ec,,,,-46,1,2412,False,False
1778935930.6257677,management,beacon,d8:d7:75:45:81:24,ff:ff:ff:ff:ff:ff,ff:ff:ff:ff:ff:ff,d8:d7:75:45:81:24,d8:d7:75:45:81:24,FunBox2-8124,-47,1,2412,False,False
1778935930.6859107,data,null_data,50:02:91:e8:18:ec,d8:d7:75:45:81:24,d8:d7:75:45:81:24,50:02:91:e8:18:ec,d8:d7:75:45:81:24,,-85,1,2412,False,False
1778935930.6859272,control,ack,,50:02:91:e8:18:ec,50:02:91:e8:18:ec,,,,-46,1,2412,False,False
1778935930.72894,management,beacon,d8:d7:75:45:81:24,ff:ff:ff:ff:ff:ff,ff:ff:ff:ff:ff:ff,d8:d7:75:45:81:24,d8:d7:75:45:81:24,FunBox2-8124,-47,1,2412,False,False
1778935930.8305767,management,beacon,d8:d7:75:45:81:24,ff:ff:ff:ff:ff:ff,ff:ff:ff:ff:ff:ff,d8:d7:75:45:81:24,d8:d7:75:45:81:24,FunBox2-8124,-48,1,2412,False,False
1778935930.9329658,management,beacon,d8:d7:75:45:81:24,ff:ff:ff:ff:ff:ff,ff:ff:ff:ff:ff:ff,d8:d7:75:45:81:24,d8:d7:75:45:81:24,FunBox2-8124,-43,1,2412,False,False
1778935931.1378162,management,beacon,d8:d7:75:45:81:24,ff:ff:ff:ff:ff:ff,ff:ff:ff:ff:ff:ff,d8:d7:75:45:81:24,d8:d7:75:45:81:24,FunBox2-8124,-46,1,2412,False,False
1778935931.240214,management,beacon,d8:d7:75:45:81:24,ff:ff:ff:ff:ff:ff,ff:ff:ff:ff:ff:ff,d8:d7:75:45:81:24,d8:d7:75:45:81:24,FunBox2-8124,-49,1,2412,False,False
1778935931.3426757,management,beacon,d8:d7:75:45:81:24,ff:ff:ff:ff:ff:ff,ff:ff:ff:ff:ff:ff,d8:d7:75:45:81:24,d8:d7:75:45:81:24,FunBox2-8124,-46,1,2412,False,False
1778935931.6498086,management,beacon,d8:d7:75:45:81:24,ff:ff:ff:ff:ff:ff,ff:ff:ff:ff:ff:ff,d8:d7:75:45:81:24,d8:d7:75:45:81:24,FunBox2-8124,-46,1,2412,False,False
1778935931.75221,management,beacon,d8:d7:75:45:81:24,ff:ff:ff:ff:ff:ff,ff:ff:ff:ff:ff:ff,d8:d7:75:45:81:24,d8:d7:75:45:81:24,FunBox2-8124,-46,1,2412,False,False
1778935931.8546715,management,beacon,d8:d7:75:45:81:24,ff:ff:ff:ff:ff:ff,ff:ff:ff:ff:ff:ff,d8:d7:75:45:81:24,d8:d7:75:45:81:24,FunBox2-8124,-47,1,2412,False,False
1778935931.9570675,management,beacon,d8:d7:75:45:81:24,ff:ff:ff:ff:ff:ff,ff:ff:ff:ff:ff:ff,d8:d7:75:45:81:24,d8:d7:75:45:81:24,FunBox2-8124,-53,1,2412,False,False
1778935932.1618247,management,beacon,d8:d7:75:45:81:24,ff:ff:ff:ff:ff:ff,ff:ff:ff:ff:ff:ff,d8:d7:75:45:81:24,d8:d7:75:45:81:24,FunBox2-8124,-46,1,2412,False,False
1778935932.26427,management,beacon,d8:d7:75:45:81:24,ff:ff:ff:ff:ff:ff,ff:ff:ff:ff:ff:ff,d8:d7:75:45:81:24,d8:d7:75:45:81:24,FunBox2-8124,-43,1,2412,False,False
1778935932.366699,management,beacon,d8:d7:75:45:81:24,ff:ff:ff:ff:ff:ff,ff:ff:ff:ff:ff:ff,d8:d7:75:45:81:24,d8:d7:75:45:81:24,FunBox2-8124,-46,1,2412,False,False
1778935932.367994,data,null_data,50:02:91:e8:18:ec,d8:d7:75:45:81:24,d8:d7:75:45:81:24,50:02:91:e8:18:ec,d8:d7:75:45:81:24,,-82,1,2412,False,False
1778935932.367998,control,ack,,50:02:91:e8:18:ec,50:02:91:e8:18:ec,,,,-47,1,2412,False,False
1778935932.3679988,data,null_data,50:02:91:e8:18:ec,d8:d7:75:45:81:24,d8:d7:75:45:81:24,50:02:91:e8:18:ec,d8:d7:75:45:81:24,,-83,1,2412,False,True
1778935932.3679996,control,ack,,50:02:91:e8:18:ec,50:02:91:e8:18:ec,,,,-45,1,2412,False,False
1778935932.3688498,data,null_data,50:02:91:e8:18:ec,d8:d7:75:45:81:24,d8:d7:75:45:81:24,50:02:91:e8:18:ec,d8:d7:75:45:81:24,,-85,1,2412,False,True
1778935932.368852,control,ack,,50:02:91:e8:18:ec,50:02:91:e8:18:ec,,,,-44,1,2412,False,False
1778935932.4690516,management,beacon,d8:d7:75:45:81:24,ff:ff:ff:ff:ff:ff,ff:ff:ff:ff:ff:ff,d8:d7:75:45:81:24,d8:d7:75:45:81:24,FunBox2-8124,-48,1,2412,False,False
1778935932.5299067,data,null_data,50:02:91:e8:18:ec,d8:d7:75:45:81:24,d8:d7:75:45:81:24,50:02:91:e8:18:ec,d8:d7:75:45:81:24,,-82,1,2412,False,False
1778935932.5299168,control,ack,,50:02:91:e8:18:ec,50:02:91:e8:18:ec,,,,-45,1,2412,False,False
1778935932.6778066,management,beacon,d8:d7:75:45:81:24,ff:ff:ff:ff:ff:ff,ff:ff:ff:ff:ff:ff,d8:d7:75:45:81:24,d8:d7:75:45:81:24,FunBox2-8124,-46,1,2412,False,False
1778935932.782998,management,beacon,d8:d7:75:45:81:24,ff:ff:ff:ff:ff:ff,ff:ff:ff:ff:ff:ff,d8:d7:75:45:81:24,d8:d7:75:45:81:24,FunBox2-8124,-46,1,2412,False,False
1778935932.8786893,management,beacon,d8:d7:75:45:81:24,ff:ff:ff:ff:ff:ff,ff:ff:ff:ff:ff:ff,d8:d7:75:45:81:24,d8:d7:75:45:81:24,FunBox2-8124,-46,1,2412,False,False
1778935932.9836094,management,beacon,d8:d7:75:45:81:24,ff:ff:ff:ff:ff:ff,ff:ff:ff:ff:ff:ff,d8:d7:75:45:81:24,d8:d7:75:45:81:24,FunBox2-8124,-47,1,2412,False,False
1778935933.1858869,management,beacon,d8:d7:75:45:81:24,ff:ff:ff:ff:ff:ff,ff:ff:ff:ff:ff:ff,d8:d7:75:45:81:24,d8:d7:75:45:81:24,FunBox2-8124,-44,1,2412,False,False
1778935933.2883096,management,beacon,d8:d7:75:45:81:24,ff:ff:ff:ff:ff:ff,ff:ff:ff:ff:ff:ff,d8:d7:75:45:81:24,d8:d7:75:45:81:24,FunBox2-8124,-43,1,2412,False,False
1778935933.3908408,management,beacon,d8:d7:75:45:81:24,ff:ff:ff:ff:ff:ff,ff:ff:ff:ff:ff:ff,d8:d7:75:45:81:24,d8:d7:75:45:81:24,FunBox2-8124,-43,1,2412,False,False
1778935933.49331,management,beacon,d8:d7:75:45:81:24,ff:ff:ff:ff:ff:ff,ff:ff:ff:ff:ff:ff,d8:d7:75:45:81:24,d8:d7:75:45:81:24,FunBox2-8124,-44,1,2412,False,False
1778935933.6978664,management,beacon,d8:d7:75:45:81:24,ff:ff:ff:ff:ff:ff,ff:ff:ff:ff:ff:ff,d8:d7:75:45:81:24,d8:d7:75:45:81:24,FunBox2-8124,-44,1,2412,False,False
1778935933.800276,management,beacon,d8:d7:75:45:81:24,ff:ff:ff:ff:ff:ff,ff:ff:ff:ff:ff:ff,d8:d7:75:45:81:24,d8:d7:75:45:81:24,FunBox2-8124,-47,1,2412,False,False
1778935934.0050933,management,beacon,d8:d7:75:45:81:24,ff:ff:ff:ff:ff:ff,ff:ff:ff:ff:ff:ff,d8:d7:75:45:81:24,d8:d7:75:45:81:24,FunBox2-8124,-47,1,2412,False,False
1778935934.2100136,management,beacon,d8:d7:75:45:81:24,ff:ff:ff:ff:ff:ff,ff:ff:ff:ff:ff:ff,d8:d7:75:45:81:24,d8:d7:75:45:81:24,FunBox2-8124,-42,1,2412,False,False
1778935934.312348,management,beacon,d8:d7:75:45:81:24,ff:ff:ff:ff:ff:ff,ff:ff:ff:ff:ff:ff,d8:d7:75:45:81:24,d8:d7:75:45:81:24,FunBox2-8124,-49,1,2412,False,False
1778935934.3135252,data,null_data,50:02:91:e8:18:ec,d8:d7:75:45:81:24,d8:d7:75:45:81:24,50:02:91:e8:18:ec,d8:d7:75:45:81:24,,-84,1,2412,False,False
1778935934.3135285,control,ack,,50:02:91:e8:18:ec,50:02:91:e8:18:ec,,,,-46,1,2412,False,False
1778935934.4147058,management,beacon,d8:d7:75:45:81:24,ff:ff:ff:ff:ff:ff,ff:ff:ff:ff:ff:ff,d8:d7:75:45:81:24,d8:d7:75:45:81:24,FunBox2-8124,-45,1,2412,False,False
1778935934.4743884,data,null_data,50:02:91:e8:18:ec,d8:d7:75:45:81:24,d8:d7:75:45:81:24,50:02:91:e8:18:ec,d8:d7:75:45:81:24,,-81,1,2412,False,False
1778935934.4744067,control,ack,,50:02:91:e8:18:ec,50:02:91:e8:18:ec,,,,-45,1,2412,False,False
1778935934.5176528,management,beacon,d8:d7:75:45:81:24,ff:ff:ff:ff:ff:ff,ff:ff:ff:ff:ff:ff,d8:d7:75:45:81:24,d8:d7:75:45:81:24,FunBox2-8124,-42,1,2412,False,False
1778935934.6195033,management,beacon,d8:d7:75:45:81:24,ff:ff:ff:ff:ff:ff,ff:ff:ff:ff:ff:ff,d8:d7:75:45:81:24,d8:d7:75:45:81:24,FunBox2-8124,-43,1,2412,False,False
1778935934.7219017,management,beacon,d8:d7:75:45:81:24,ff:ff:ff:ff:ff:ff,ff:ff:ff:ff:ff:ff,d8:d7:75:45:81:24,d8:d7:75:45:81:24,FunBox2-8124,-43,1,2412,False,False
1778935934.82484,management,beacon,d8:d7:75:45:81:24,ff:ff:ff:ff:ff:ff,ff:ff:ff:ff:ff:ff,d8:d7:75:45:81:24,d8:d7:75:45:81:24,FunBox2-8124,-43,1,2412,False,False
1778935934.9267516,management,beacon,d8:d7:75:45:81:24,ff:ff:ff:ff:ff:ff,ff:ff:ff:ff:ff:ff,d8:d7:75:45:81:24,d8:d7:75:45:81:24,FunBox2-8124,-45,1,2412,False,False
1778935935.029155,management,beacon,d8:d7:75:45:81:24,ff:ff:ff:ff:ff:ff,ff:ff:ff:ff:ff:ff,d8:d7:75:45:81:24,d8:d7:75:45:81:24,FunBox2-8124,-43,1,2412,False,False
1778935935.1315696,management,beacon,d8:d7:75:45:81:24,ff:ff:ff:ff:ff:ff,ff:ff:ff:ff:ff:ff,d8:d7:75:45:81:24,d8:d7:75:45:81:24,FunBox2-8124,-44,1,2412,False,False
1778935935.2339234,management,beacon,d8:d7:75:45:81:24,ff:ff:ff:ff:ff:ff,ff:ff:ff:ff:ff:ff,d8:d7:75:45:81:24,d8:d7:75:45:81:24,FunBox2-8124,-43,1,2412,False,False
1778935935.3363357,management,beacon,d8:d7:75:45:81:24,ff:ff:ff:ff:ff:ff,ff:ff:ff:ff:ff:ff,d8:d7:75:45:81:24,d8:d7:75:45:81:24,FunBox2-8124,-44,1,2412,False,False
1778935935.4387357,management,beacon,d8:d7:75:45:81:24,ff:ff:ff:ff:ff:ff,ff:ff:ff:ff:ff:ff,d8:d7:75:45:81:24,d8:d7:75:45:81:24,FunBox2-8124,-44,1,2412,False,False
1778935935.5411618,management,beacon,d8:d7:75:45:81:24,ff:ff:ff:ff:ff:ff,ff:ff:ff:ff:ff:ff,d8:d7:75:45:81:24,d8:d7:75:45:81:24,FunBox2-8124,-46,1,2412,False,False
1778935935.643552,management,beacon,d8:d7:75:45:81:24,ff:ff:ff:ff:ff:ff,ff:ff:ff:ff:ff:ff,d8:d7:75:45:81:24,d8:d7:75:45:81:24,FunBox2-8124,-43,1,2412,False,False
1778935935.745963,management,beacon,d8:d7:75:45:81:24,ff:ff:ff:ff:ff:ff,ff:ff:ff:ff:ff:ff,d8:d7:75:45:81:24,d8:d7:75:45:81:24,FunBox2-8124,-43,1,2412,False,False
1778935935.7471566,data,null_data,50:02:91:e8:18:ec,d8:d7:75:45:81:24,d8:d7:75:45:81:24,50:02:91:e8:18:ec,d8:d7:75:45:81:24,,-83,1,2412,False,False
1778935935.747885,data,null_data,50:02:91:e8:18:ec,d8:d7:75:45:81:24,d8:d7:75:45:81:24,50:02:91:e8:18:ec,d8:d7:75:45:81:24,,-86,1,2412,False,True
1778935935.7478914,control,ack,,50:02:91:e8:18:ec,50:02:91:e8:18:ec,,,,-44,1,2412,False,False
1778935935.8483462,management,beacon,d8:d7:75:45:81:24,ff:ff:ff:ff:ff:ff,ff:ff:ff:ff:ff:ff,d8:d7:75:45:81:24,d8:d7:75:45:81:24,FunBox2-8124,-43,1,2412,False,False
1778935935.9092941,data,null_data,50:02:91:e8:18:ec,d8:d7:75:45:81:24,d8:d7:75:45:81:24,50:02:91:e8:18:ec,d8:d7:75:45:81:24,,-85,1,2412,False,False
1778935935.9093046,control,ack,,50:02:91:e8:18:ec,50:02:91:e8:18:ec,,,,-46,1,2412,False,False
1778935935.950754,management,beacon,d8:d7:75:45:81:24,ff:ff:ff:ff:ff:ff,ff:ff:ff:ff:ff:ff,d8:d7:75:45:81:24,d8:d7:75:45:81:24,FunBox2-8124,-45,1,2412,False,False
1778935936.055315,management,beacon,d8:d7:75:45:81:24,ff:ff:ff:ff:ff:ff,ff:ff:ff:ff:ff:ff,d8:d7:75:45:81:24,d8:d7:75:45:81:24,FunBox2-8124,-51,1,2412,False,False
1778935936.1555908,management,beacon,d8:d7:75:45:81:24,ff:ff:ff:ff:ff:ff,ff:ff:ff:ff:ff:ff,d8:d7:75:45:81:24,d8:d7:75:45:81:24,FunBox2-8124,-46,1,2412,False,False
1778935936.2587497,management,beacon,d8:d7:75:45:81:24,ff:ff:ff:ff:ff:ff,ff:ff:ff:ff:ff:ff,d8:d7:75:45:81:24,d8:d7:75:45:81:24,FunBox2-8124,-45,1,2412,False,False
1778935936.3888583,management,beacon,d8:d7:75:45:81:24,ff:ff:ff:ff:ff:ff,ff:ff:ff:ff:ff:ff,d8:d7:75:45:81:24,d8:d7:75:45:81:24,FunBox2-8124,-45,1,2412,False,False
1778935936.4633777,management,beacon,d8:d7:75:45:81:24,ff:ff:ff:ff:ff:ff,ff:ff:ff:ff:ff:ff,d8:d7:75:45:81:24,d8:d7:75:45:81:24,FunBox2-8124,-43,1,2412,False,False
1778935936.4879608,control,rts,ac:84:c6:41:71:22,ce:d0:54:70:b1:b3,ce:d0:54:70:b1:b3,ac:84:c6:41:71:22,,,-89,1,2412,False,False
1778935936.5651822,management,beacon,d8:d7:75:45:81:24,ff:ff:ff:ff:ff:ff,ff:ff:ff:ff:ff:ff,d8:d7:75:45:81:24,d8:d7:75:45:81:24,FunBox2-8124,-43,1,2412,False,False
1778935936.6676345,management,beacon,d8:d7:75:45:81:24,ff:ff:ff:ff:ff:ff,ff:ff:ff:ff:ff:ff,d8:d7:75:45:81:24,d8:d7:75:45:81:24,FunBox2-8124,-44,1,2412,False,False
1778935936.7699835,management,beacon,d8:d7:75:45:81:24,ff:ff:ff:ff:ff:ff,ff:ff:ff:ff:ff:ff,d8:d7:75:45:81:24,d8:d7:75:45:81:24,FunBox2-8124,-42,1,2412,False,False
1778935936.872397,management,beacon,d8:d7:75:45:81:24,ff:ff:ff:ff:ff:ff,ff:ff:ff:ff:ff:ff,d8:d7:75:45:81:24,d8:d7:75:45:81:24,FunBox2-8124,-42,1,2412,False,False
1778935936.9748392,management,beacon,d8:d7:75:45:81:24,ff:ff:ff:ff:ff:ff,ff:ff:ff:ff:ff:ff,d8:d7:75:45:81:24,d8:d7:75:45:81:24,FunBox2-8124,-43,1,2412,False,False
1778935936.9761426,control,ack,,ce:d0:54:70:b1:b3,ce:d0:54:70:b1:b3,,,,-87,1,2412,False,False
1778935937.0772572,management,beacon,d8:d7:75:45:81:24,ff:ff:ff:ff:ff:ff,ff:ff:ff:ff:ff:ff,d8:d7:75:45:81:24,d8:d7:75:45:81:24,FunBox2-8124,-42,1,2412,False,False
1778935937.1796086,management,beacon,d8:d7:75:45:81:24,ff:ff:ff:ff:ff:ff,ff:ff:ff:ff:ff:ff,d8:d7:75:45:81:24,d8:d7:75:45:81:24,FunBox2-8124,-47,1,2412,False,False
1778935937.2820196,management,beacon,d8:d7:75:45:81:24,ff:ff:ff:ff:ff:ff,ff:ff:ff:ff:ff:ff,d8:d7:75:45:81:24,d8:d7:75:45:81:24,FunBox2-8124,-45,1,2412,False,False
1778935937.3844593,management,beacon,d8:d7:75:45:81:24,ff:ff:ff:ff:ff:ff,ff:ff:ff:ff:ff:ff,d8:d7:75:45:81:24,d8:d7:75:45:81:24,FunBox2-8124,-45,1,2412,False,False
1778935937.4868162,management,beacon,d8:d7:75:45:81:24,ff:ff:ff:ff:ff:ff,ff:ff:ff:ff:ff:ff,d8:d7:75:45:81:24,d8:d7:75:45:81:24,FunBox2-8124,-42,1,2412,False,False
1778935937.5892787,management,beacon,d8:d7:75:45:81:24,ff:ff:ff:ff:ff:ff,ff:ff:ff:ff:ff:ff,d8:d7:75:45:81:24,d8:d7:75:45:81:24,FunBox2-8124,-43,1,2412,False,False
1778935937.6928234,data,null_data,50:02:91:e8:18:ec,d8:d7:75:45:81:24,d8:d7:75:45:81:24,50:02:91:e8:18:ec,d8:d7:75:45:81:24,,-83,1,2412,False,False
1778935937.6928375,control,ack,,50:02:91:e8:18:ec,50:02:91:e8:18:ec,,,,-45,1,2412,False,False
1778935937.7940867,management,beacon,d8:d7:75:45:81:24,ff:ff:ff:ff:ff:ff,ff:ff:ff:ff:ff:ff,d8:d7:75:45:81:24,d8:d7:75:45:81:24,FunBox2-8124,-49,1,2412,False,False
1778935937.8536522,data,null_data,50:02:91:e8:18:ec,d8:d7:75:45:81:24,d8:d7:75:45:81:24,50:02:91:e8:18:ec,d8:d7:75:45:81:24,,-83,1,2412,False,False
1778935937.854347,data,null_data,50:02:91:e8:18:ec,d8:d7:75:45:81:24,d8:d7:75:45:81:24,50:02:91:e8:18:ec,d8:d7:75:45:81:24,,-85,1,2412,False,True
1778935937.8543499,control,ack,,50:02:91:e8:18:ec,50:02:91:e8:18:ec,,,,-44,1,2412,False,False
1778935937.8964474,management,beacon,d8:d7:75:45:81:24,ff:ff:ff:ff:ff:ff,ff:ff:ff:ff:ff:ff,d8:d7:75:45:81:24,d8:d7:75:45:81:24,FunBox2-8124,-43,1,2412,False,False
1778935937.9995415,management,beacon,d8:d7:75:45:81:24,ff:ff:ff:ff:ff:ff,ff:ff:ff:ff:ff:ff,d8:d7:75:45:81:24,d8:d7:75:45:81:24,FunBox2-8124,-44,1,2412,False,False
1778935938.101247,management,beacon,d8:d7:75:45:81:24,ff:ff:ff:ff:ff:ff,ff:ff:ff:ff:ff:ff,d8:d7:75:45:81:24,d8:d7:75:45:81:24,FunBox2-8124,-43,1,2412,False,False
1778935938.3060937,management,beacon,d8:d7:75:45:81:24,ff:ff:ff:ff:ff:ff,ff:ff:ff:ff:ff:ff,d8:d7:75:45:81:24,d8:d7:75:45:81:24,FunBox2-8124,-42,1,2412,False,False
1778935938.4085994,management,beacon,d8:d7:75:45:81:24,ff:ff:ff:ff:ff:ff,ff:ff:ff:ff:ff:ff,d8:d7:75:45:81:24,d8:d7:75:45:81:24,FunBox2-8124,-42,1,2412,False,False
1778935938.5109055,management,beacon,d8:d7:75:45:81:24,ff:ff:ff:ff:ff:ff,ff:ff:ff:ff:ff:ff,d8:d7:75:45:81:24,d8:d7:75:45:81:24,FunBox2-8124,-43,1,2412,False,False
1778935938.6134531,management,beacon,d8:d7:75:45:81:24,ff:ff:ff:ff:ff:ff,ff:ff:ff:ff:ff:ff,d8:d7:75:45:81:24,d8:d7:75:45:81:24,FunBox2-8124,-44,1,2412,False,False
1778935938.8180935,management,beacon,d8:d7:75:45:81:24,ff:ff:ff:ff:ff:ff,ff:ff:ff:ff:ff:ff,d8:d7:75:45:81:24,d8:d7:75:45:81:24,FunBox2-8124,-46,1,2412,False,False
1778935938.9205134,management,beacon,d8:d7:75:45:81:24,ff:ff:ff:ff:ff:ff,ff:ff:ff:ff:ff:ff,d8:d7:75:45:81:24,d8:d7:75:45:81:24,FunBox2-8124,-43,1,2412,False,False
1778935939.0229099,management,beacon,d8:d7:75:45:81:24,ff:ff:ff:ff:ff:ff,ff:ff:ff:ff:ff:ff,d8:d7:75:45:81:24,d8:d7:75:45:81:24,FunBox2-8124,-43,1,2412,False,False
1778935939.033586,control,ack,,ce:d0:54:70:b1:b3,ce:d0:54:70:b1:b3,,,,-90,1,2412,False,False
1778935939.125921,management,beacon,d8:d7:75:45:81:24,ff:ff:ff:ff:ff:ff,ff:ff:ff:ff:ff:ff,d8:d7:75:45:81:24,d8:d7:75:45:81:24,FunBox2-8124,-43,1,2412,False,False
1778935939.127036,data,null_data,50:02:91:e8:18:ec,d8:d7:75:45:81:24,d8:d7:75:45:81:24,50:02:91:e8:18:ec,d8:d7:75:45:81:24,,-85,1,2412,False,False
1778935939.1272573,data,null_data,50:02:91:e8:18:ec,d8:d7:75:45:81:24,d8:d7:75:45:81:24,50:02:91:e8:18:ec,d8:d7:75:45:81:24,,-85,1,2412,False,True
1778935939.1277516,data,null_data,50:02:91:e8:18:ec,d8:d7:75:45:81:24,d8:d7:75:45:81:24,50:02:91:e8:18:ec,d8:d7:75:45:81:24,,-85,1,2412,False,True
1778935939.1277537,control,ack,,50:02:91:e8:18:ec,50:02:91:e8:18:ec,,,,-44,1,2412,False,False
1778935939.289503,data,null_data,50:02:91:e8:18:ec,d8:d7:75:45:81:24,d8:d7:75:45:81:24,50:02:91:e8:18:ec,d8:d7:75:45:81:24,,-85,1,2412,False,False
1778935939.28952,control,ack,,50:02:91:e8:18:ec,50:02:91:e8:18:ec,,,,-47,1,2412,False,False
1778935939.289521,data,null_data,50:02:91:e8:18:ec,d8:d7:75:45:81:24,d8:d7:75:45:81:24,50:02:91:e8:18:ec,d8:d7:75:45:81:24,,-84,1,2412,False,True
1778935939.289522,control,ack,,50:02:91:e8:18:ec,50:02:91:e8:18:ec,,,,-48,1,2412,False,False
1778935939.3301136,management,beacon,d8:d7:75:45:81:24,ff:ff:ff:ff:ff:ff,ff:ff:ff:ff:ff:ff,d8:d7:75:45:81:24,d8:d7:75:45:81:24,FunBox2-8124,-46,1,2412,False,False
1778935939.432494,management,beacon,d8:d7:75:45:81:24,ff:ff:ff:ff:ff:ff,ff:ff:ff:ff:ff:ff,d8:d7:75:45:81:24,d8:d7:75:45:81:24,FunBox2-8124,-48,1,2412,False,False
1778935939.5349102,management,beacon,d8:d7:75:45:81:24,ff:ff:ff:ff:ff:ff,ff:ff:ff:ff:ff:ff,d8:d7:75:45:81:24,d8:d7:75:45:81:24,FunBox2-8124,-46,1,2412,False,False
1778935939.637339,management,beacon,d8:d7:75:45:81:24,ff:ff:ff:ff:ff:ff,ff:ff:ff:ff:ff:ff,d8:d7:75:45:81:24,d8:d7:75:45:81:24,FunBox2-8124,-44,1,2412,False,False
1778935939.8421013,management,beacon,d8:d7:75:45:81:24,ff:ff:ff:ff:ff:ff,ff:ff:ff:ff:ff:ff,d8:d7:75:45:81:24,d8:d7:75:45:81:24,FunBox2-8124,-43,1,2412,False,False
1778935939.944532,management,beacon,d8:d7:75:45:81:24,ff:ff:ff:ff:ff:ff,ff:ff:ff:ff:ff:ff,d8:d7:75:45:81:24,d8:d7:75:45:81:24,FunBox2-8124,-43,1,2412,False,False
1778935940.0469975,management,beacon,d8:d7:75:45:81:24,ff:ff:ff:ff:ff:ff,ff:ff:ff:ff:ff:ff,d8:d7:75:45:81:24,d8:d7:75:45:81:24,FunBox2-8124,-42,1,2412,False,False
1778935940.0822477,control,ack,,aa:23:4f:4d:00:cf,aa:23:4f:4d:00:cf,,,,-89,1,2412,False,False
1778935940.1493547,management,beacon,d8:d7:75:45:81:24,ff:ff:ff:ff:ff:ff,ff:ff:ff:ff:ff:ff,d8:d7:75:45:81:24,d8:d7:75:45:81:24,FunBox2-8124,-46,1,2412,False,False
1778935940.3541703,management,beacon,d8:d7:75:45:81:24,ff:ff:ff:ff:ff:ff,ff:ff:ff:ff:ff:ff,d8:d7:75:45:81:24,d8:d7:75:45:81:24,FunBox2-8124,-46,1,2412,False,False
1778935940.4565163,management,beacon,d8:d7:75:45:81:24,ff:ff:ff:ff:ff:ff,ff:ff:ff:ff:ff:ff,d8:d7:75:45:81:24,d8:d7:75:45:81:24,FunBox2-8124,-46,1,2412,False,False
1778935940.559014,management,beacon,d8:d7:75:45:81:24,ff:ff:ff:ff:ff:ff,ff:ff:ff:ff:ff:ff,d8:d7:75:45:81:24,d8:d7:75:45:81:24,FunBox2-8124,-47,1,2412,False,False
1778935940.6613426,management,beacon,d8:d7:75:45:81:24,ff:ff:ff:ff:ff:ff,ff:ff:ff:ff:ff:ff,d8:d7:75:45:81:24,d8:d7:75:45:81:24,FunBox2-8124,-45,1,2412,False,False
1778935940.66261,data,null_data,50:02:91:e8:18:ec,d8:d7:75:45:81:24,d8:d7:75:45:81:24,50:02:91:e8:18:ec,d8:d7:75:45:81:24,,-82,1,2412,False,False
1778935940.6626525,control,ack,,50:02:91:e8:18:ec,50:02:91:e8:18:ec,,,,-45,1,2412,False,False
1778935940.8236928,data,null_data,50:02:91:e8:18:ec,d8:d7:75:45:81:24,d8:d7:75:45:81:24,50:02:91:e8:18:ec,d8:d7:75:45:81:24,,-83,1,2412,False,False
1778935940.8237114,control,ack,,50:02:91:e8:18:ec,50:02:91:e8:18:ec,,,,-47,1,2412,False,False
1778935940.8237123,data,null_data,50:02:91:e8:18:ec,d8:d7:75:45:81:24,d8:d7:75:45:81:24,50:02:91:e8:18:ec,d8:d7:75:45:81:24,,-82,1,2412,False,True
1778935940.823713,control,ack,,50:02:91:e8:18:ec,50:02:91:e8:18:ec,,,,-46,1,2412,False,False
1778935940.8661933,management,beacon,d8:d7:75:45:81:24,ff:ff:ff:ff:ff:ff,ff:ff:ff:ff:ff:ff,d8:d7:75:45:81:24,d8:d7:75:45:81:24,FunBox2-8124,-41,1,2412,False,False
1778935940.9686742,management,beacon,d8:d7:75:45:81:24,ff:ff:ff:ff:ff:ff,ff:ff:ff:ff:ff:ff,d8:d7:75:45:81:24,d8:d7:75:45:81:24,FunBox2-8124,-48,1,2412,False,False
1778935941.070967,management,beacon,d8:d7:75:45:81:24,ff:ff:ff:ff:ff:ff,ff:ff:ff:ff:ff:ff,d8:d7:75:45:81:24,d8:d7:75:45:81:24,FunBox2-8124,-47,1,2412,False,False
1778935941.0765007,data,null_data,50:02:91:e8:18:ec,d8:d7:75:45:81:24,d8:d7:75:45:81:24,50:02:91:e8:18:ec,d8:d7:75:45:81:24,,-83,1,2412,False,False
1778935941.076509,control,ack,,50:02:91:e8:18:ec,50:02:91:e8:18:ec,,,,-49,1,2412,False,False
1778935941.1733844,management,beacon,d8:d7:75:45:81:24,ff:ff:ff:ff:ff:ff,ff:ff:ff:ff:ff:ff,d8:d7:75:45:81:24,d8:d7:75:45:81:24,FunBox2-8124,-42,1,2412,False,False
1778935941.2373455,data,null_data,50:02:91:e8:18:ec,d8:d7:75:45:81:24,d8:d7:75:45:81:24,50:02:91:e8:18:ec,d8:d7:75:45:81:24,,-83,1,2412,False,False
1778935941.2373524,control,ack,,50:02:91:e8:18:ec,50:02:91:e8:18:ec,,,,-45,1,2412,False,False
1778935941.3781948,management,beacon,d8:d7:75:45:81:24,ff:ff:ff:ff:ff:ff,ff:ff:ff:ff:ff:ff,d8:d7:75:45:81:24,d8:d7:75:45:81:24,FunBox2-8124,-47,1,2412,False,False
1778935941.4806156,management,beacon,d8:d7:75:45:81:24,ff:ff:ff:ff:ff:ff,ff:ff:ff:ff:ff:ff,d8:d7:75:45:81:24,d8:d7:75:45:81:24,FunBox2-8124,-44,1,2412,False,False
1778935941.5830195,management,beacon,d8:d7:75:45:81:24,ff:ff:ff:ff:ff:ff,ff:ff:ff:ff:ff:ff,d8:d7:75:45:81:24,d8:d7:75:45:81:24,FunBox2-8124,-46,1,2412,False,False
1778935941.6853716,management,beacon,d8:d7:75:45:81:24,ff:ff:ff:ff:ff:ff,ff:ff:ff:ff:ff:ff,d8:d7:75:45:81:24,d8:d7:75:45:81:24,FunBox2-8124,-44,1,2412,False,False
1778935941.7180479,management,beacon,ac:84:c6:41:71:22,ff:ff:ff:ff:ff:ff,ff:ff:ff:ff:ff:ff,ac:84:c6:41:71:22,ac:84:c6:41:71:22,TP-LINK_7122,-88,1,2412,False,False
1778935941.8902214,management,beacon,d8:d7:75:45:81:24,ff:ff:ff:ff:ff:ff,ff:ff:ff:ff:ff:ff,d8:d7:75:45:81:24,d8:d7:75:45:81:24,FunBox2-8124,-45,1,2412,False,False
1778935941.8925965,management,probe_request,ca:13:5a:b0:8b:f4,ff:ff:ff:ff:ff:ff,ff:ff:ff:ff:ff:ff,ca:13:5a:b0:8b:f4,ff:ff:ff:ff:ff:ff,<hidden>,-54,1,2412,False,False
1778935941.99262,management,beacon,d8:d7:75:45:81:24,ff:ff:ff:ff:ff:ff,ff:ff:ff:ff:ff:ff,d8:d7:75:45:81:24,d8:d7:75:45:81:24,FunBox2-8124,-43,1,2412,False,False
1778935942.00254,management,probe_request,46:b8:eb:bd:65:2c,ff:ff:ff:ff:ff:ff,ff:ff:ff:ff:ff:ff,46:b8:eb:bd:65:2c,ff:ff:ff:ff:ff:ff,<hidden>,-61,1,2412,False,False
1778935942.00584,management,probe_response,d8:d7:75:45:81:24,46:b8:eb:bd:65:2c,46:b8:eb:bd:65:2c,d8:d7:75:45:81:24,d8:d7:75:45:81:24,FunBox2-8124,-45,1,2412,False,False
1778935942.0061269,control,ack,,d8:d7:75:45:81:24,d8:d7:75:45:81:24,,,,-60,1,2412,False,False
1778935942.0132413,control,ack,,ac:84:c6:41:71:22,ac:84:c6:41:71:22,,,,-62,1,2412,False,False
1778935942.0203865,management,probe_response,d8:d7:75:45:81:24,46:b8:eb:bd:65:2c,46:b8:eb:bd:65:2c,d8:d7:75:45:81:24,d8:d7:75:45:81:24,FunBox2-8124,-47,1,2412,False,False
1778935942.020637,control,ack,,d8:d7:75:45:81:24,d8:d7:75:45:81:24,,,,-62,1,2412,False,False
1778935942.0950186,management,beacon,d8:d7:75:45:81:24,ff:ff:ff:ff:ff:ff,ff:ff:ff:ff:ff:ff,d8:d7:75:45:81:24,d8:d7:75:45:81:24,FunBox2-8124,-45,1,2412,False,False
1778935942.1974547,management,beacon,d8:d7:75:45:81:24,ff:ff:ff:ff:ff:ff,ff:ff:ff:ff:ff:ff,d8:d7:75:45:81:24,d8:d7:75:45:81:24,FunBox2-8124,-42,1,2412,False,False
1778935942.1986718,data,null_data,50:02:91:e8:18:ec,d8:d7:75:45:81:24,d8:d7:75:45:81:24,50:02:91:e8:18:ec,d8:d7:75:45:81:24,,-82,1,2412,False,False
1778935942.1986768,control,ack,,50:02:91:e8:18:ec,50:02:91:e8:18:ec,,,,-45,1,2412,False,False
1778935942.3595145,data,null_data,50:02:91:e8:18:ec,d8:d7:75:45:81:24,d8:d7:75:45:81:24,50:02:91:e8:18:ec,d8:d7:75:45:81:24,,-86,1,2412,False,False
1778935942.3595245,control,ack,,50:02:91:e8:18:ec,50:02:91:e8:18:ec,,,,-44,1,2412,False,False
1778935942.504607,management,beacon,d8:d7:75:45:81:24,ff:ff:ff:ff:ff:ff,ff:ff:ff:ff:ff:ff,d8:d7:75:45:81:24,d8:d7:75:45:81:24,FunBox2-8124,-48,1,2412,False,False
1778935942.607043,management,beacon,d8:d7:75:45:81:24,ff:ff:ff:ff:ff:ff,ff:ff:ff:ff:ff:ff,d8:d7:75:45:81:24,d8:d7:75:45:81:24,FunBox2-8124,-49,1,2412,False,False
1778935942.7094598,management,beacon,d8:d7:75:45:81:24,ff:ff:ff:ff:ff:ff,ff:ff:ff:ff:ff:ff,d8:d7:75:45:81:24,d8:d7:75:45:81:24,FunBox2-8124,-48,1,2412,False,False
1778935942.8118653,management,beacon,d8:d7:75:45:81:24,ff:ff:ff:ff:ff:ff,ff:ff:ff:ff:ff:ff,d8:d7:75:45:81:24,d8:d7:75:45:81:24,FunBox2-8124,-45,1,2412,False,False
1778935943.016643,management,beacon,d8:d7:75:45:81:24,ff:ff:ff:ff:ff:ff,ff:ff:ff:ff:ff:ff,d8:d7:75:45:81:24,d8:d7:75:45:81:24,FunBox2-8124,-42,1,2412,False,False
1778935943.1190279,management,beacon,d8:d7:75:45:81:24,ff:ff:ff:ff:ff:ff,ff:ff:ff:ff:ff:ff,d8:d7:75:45:81:24,d8:d7:75:45:81:24,FunBox2-8124,-46,1,2412,False,False
1778935943.2214801,management,beacon,d8:d7:75:45:81:24,ff:ff:ff:ff:ff:ff,ff:ff:ff:ff:ff:ff,d8:d7:75:45:81:24,d8:d7:75:45:81:24,FunBox2-8124,-45,1,2412,False,False
1778935943.3238482,management,beacon,d8:d7:75:45:81:24,ff:ff:ff:ff:ff:ff,ff:ff:ff:ff:ff:ff,d8:d7:75:45:81:24,d8:d7:75:45:81:24,FunBox2-8124,-47,1,2412,False,False
1778935943.5286503,management,beacon,d8:d7:75:45:81:24,ff:ff:ff:ff:ff:ff,ff:ff:ff:ff:ff:ff,d8:d7:75:45:81:24,d8:d7:75:45:81:24,FunBox2-8124,-46,1,2412,False,False
1778935943.6310632,management,beacon,d8:d7:75:45:81:24,ff:ff:ff:ff:ff:ff,ff:ff:ff:ff:ff:ff,d8:d7:75:45:81:24,d8:d7:75:45:81:24,FunBox2-8124,-43,1,2412,False,False
1778935943.733466,management,beacon,d8:d7:75:45:81:24,ff:ff:ff:ff:ff:ff,ff:ff:ff:ff:ff:ff,d8:d7:75:45:81:24,d8:d7:75:45:81:24,FunBox2-8124,-44,1,2412,False,False
1778935943.7346866,control,ack,,50:02:91:e8:18:ec,50:02:91:e8:18:ec,,,,-46,1,2412,False,False
1778935943.835894,management,beacon,d8:d7:75:45:81:24,ff:ff:ff:ff:ff:ff,ff:ff:ff:ff:ff:ff,d8:d7:75:45:81:24,d8:d7:75:45:81:24,FunBox2-8124,-43,1,2412,False,False
1778935943.8955588,data,null_data,50:02:91:e8:18:ec,d8:d7:75:45:81:24,d8:d7:75:45:81:24,50:02:91:e8:18:ec,d8:d7:75:45:81:24,,-83,1,2412,False,False
1778935943.8955731,control,ack,,50:02:91:e8:18:ec,50:02:91:e8:18:ec,,,,-46,1,2412,False,False
1778935944.0406685,management,beacon,d8:d7:75:45:81:24,ff:ff:ff:ff:ff:ff,ff:ff:ff:ff:ff:ff,d8:d7:75:45:81:24,d8:d7:75:45:81:24,FunBox2-8124,-42,1,2412,False,False
1778935944.143114,management,beacon,d8:d7:75:45:81:24,ff:ff:ff:ff:ff:ff,ff:ff:ff:ff:ff:ff,d8:d7:75:45:81:24,d8:d7:75:45:81:24,FunBox2-8124,-45,1,2412,False,False
1778935944.2455223,management,beacon,d8:d7:75:45:81:24,ff:ff:ff:ff:ff:ff,ff:ff:ff:ff:ff:ff,d8:d7:75:45:81:24,d8:d7:75:45:81:24,FunBox2-8124,-44,1,2412,False,False
1778935944.3478856,management,beacon,d8:d7:75:45:81:24,ff:ff:ff:ff:ff:ff,ff:ff:ff:ff:ff:ff,d8:d7:75:45:81:24,d8:d7:75:45:81:24,FunBox2-8124,-44,1,2412,False,False
1778935944.5526662,management,beacon,d8:d7:75:45:81:24,ff:ff:ff:ff:ff:ff,ff:ff:ff:ff:ff:ff,d8:d7:75:45:81:24,d8:d7:75:45:81:24,FunBox2-8124,-45,1,2412,False,False
1778935944.7574925,management,beacon,d8:d7:75:45:81:24,ff:ff:ff:ff:ff:ff,ff:ff:ff:ff:ff:ff,d8:d7:75:45:81:24,d8:d7:75:45:81:24,FunBox2-8124,-53,1,2412,False,False
1778935944.859901,management,beacon,d8:d7:75:45:81:24,ff:ff:ff:ff:ff:ff,ff:ff:ff:ff:ff:ff,d8:d7:75:45:81:24,d8:d7:75:45:81:24,FunBox2-8124,-52,1,2412,False,False
1778935945.064714,management,beacon,d8:d7:75:45:81:24,ff:ff:ff:ff:ff:ff,ff:ff:ff:ff:ff:ff,d8:d7:75:45:81:24,d8:d7:75:45:81:24,FunBox2-8124,-50,1,2412,False,False
1778935945.2695036,management,beacon,d8:d7:75:45:81:24,ff:ff:ff:ff:ff:ff,ff:ff:ff:ff:ff:ff,d8:d7:75:45:81:24,d8:d7:75:45:81:24,FunBox2-8124,-52,1,2412,False,False
1778935945.3358126,data,qos_null,aa:23:4f:4d:00:cf,74:ea:3a:a1:53:a6,74:ea:3a:a1:53:a6,aa:23:4f:4d:00:cf,74:ea:3a:a1:53:a6,,-86,1,2412,False,False
1778935945.3719573,management,beacon,d8:d7:75:45:81:24,ff:ff:ff:ff:ff:ff,ff:ff:ff:ff:ff:ff,d8:d7:75:45:81:24,d8:d7:75:45:81:24,FunBox2-8124,-44,1,2412,False,False
1778935945.3731277,data,null_data,50:02:91:e8:18:ec,d8:d7:75:45:81:24,d8:d7:75:45:81:24,50:02:91:e8:18:ec,d8:d7:75:45:81:24,,-86,1,2412,False,False
1778935945.373131,control,ack,,50:02:91:e8:18:ec,50:02:91:e8:18:ec,,,,-47,1,2412,False,False
1778935945.5339959,data,null_data,50:02:91:e8:18:ec,d8:d7:75:45:81:24,d8:d7:75:45:81:24,50:02:91:e8:18:ec,d8:d7:75:45:81:24,,-82,1,2412,False,False
1778935945.5340126,control,ack,,50:02:91:e8:18:ec,50:02:91:e8:18:ec,,,,-47,1,2412,False,False
1778935945.5767136,management,beacon,d8:d7:75:45:81:24,ff:ff:ff:ff:ff:ff,ff:ff:ff:ff:ff:ff,d8:d7:75:45:81:24,d8:d7:75:45:81:24,FunBox2-8124,-43,1,2412,False,False
1778935945.6706862,control,ack,,ce:d0:54:70:b1:b3,ce:d0:54:70:b1:b3,,,,-86,1,2412,False,False
1778935945.7815568,management,beacon,d8:d7:75:45:81:24,ff:ff:ff:ff:ff:ff,ff:ff:ff:ff:ff:ff,d8:d7:75:45:81:24,d8:d7:75:45:81:24,FunBox2-8124,-56,1,2412,False,False
1778935945.8839498,management,beacon,d8:d7:75:45:81:24,ff:ff:ff:ff:ff:ff,ff:ff:ff:ff:ff:ff,d8:d7:75:45:81:24,d8:d7:75:45:81:24,FunBox2-8124,-55,1,2412,False,False
1778935946.0887237,management,beacon,d8:d7:75:45:81:24,ff:ff:ff:ff:ff:ff,ff:ff:ff:ff:ff:ff,d8:d7:75:45:81:24,d8:d7:75:45:81:24,FunBox2-8124,-43,1,2412,False,False
1778935946.191124,management,beacon,d8:d7:75:45:81:24,ff:ff:ff:ff:ff:ff,ff:ff:ff:ff:ff:ff,d8:d7:75:45:81:24,d8:d7:75:45:81:24,FunBox2-8124,-41,1,2412,False,False
1778935946.2935383,management,beacon,d8:d7:75:45:81:24,ff:ff:ff:ff:ff:ff,ff:ff:ff:ff:ff:ff,d8:d7:75:45:81:24,d8:d7:75:45:81:24,FunBox2-8124,-46,1,2412,False,False
1778935946.3959453,management,beacon,d8:d7:75:45:81:24,ff:ff:ff:ff:ff:ff,ff:ff:ff:ff:ff:ff,d8:d7:75:45:81:24,d8:d7:75:45:81:24,FunBox2-8124,-46,1,2412,False,False
1778935946.600776,management,beacon,d8:d7:75:45:81:24,ff:ff:ff:ff:ff:ff,ff:ff:ff:ff:ff:ff,d8:d7:75:45:81:24,d8:d7:75:45:81:24,FunBox2-8124,-45,1,2412,False,False
1778935946.7031653,management,beacon,d8:d7:75:45:81:24,ff:ff:ff:ff:ff:ff,ff:ff:ff:ff:ff:ff,d8:d7:75:45:81:24,d8:d7:75:45:81:24,FunBox2-8124,-46,1,2412,False,False
1778935946.8055933,management,beacon,d8:d7:75:45:81:24,ff:ff:ff:ff:ff:ff,ff:ff:ff:ff:ff:ff,d8:d7:75:45:81:24,d8:d7:75:45:81:24,FunBox2-8124,-44,1,2412,False,False
1778935946.8069897,data,null_data,50:02:91:e8:18:ec,d8:d7:75:45:81:24,d8:d7:75:45:81:24,50:02:91:e8:18:ec,d8:d7:75:45:81:24,,-86,1,2412,False,True
1778935946.806993,control,ack,,50:02:91:e8:18:ec,50:02:91:e8:18:ec,,,,-45,1,2412,False,False
1778935946.908054,management,beacon,d8:d7:75:45:81:24,ff:ff:ff:ff:ff:ff,ff:ff:ff:ff:ff:ff,d8:d7:75:45:81:24,d8:d7:75:45:81:24,FunBox2-8124,-44,1,2412,False,False
1778935946.9678407,data,null_data,50:02:91:e8:18:ec,d8:d7:75:45:81:24,d8:d7:75:45:81:24,50:02:91:e8:18:ec,d8:d7:75:45:81:24,,-85,1,2412,False,False
1778935946.9678576,control,ack,,50:02:91:e8:18:ec,50:02:91:e8:18:ec,,,,-44,1,2412,False,False
1778935947.1128836,management,beacon,d8:d7:75:45:81:24,ff:ff:ff:ff:ff:ff,ff:ff:ff:ff:ff:ff,d8:d7:75:45:81:24,d8:d7:75:45:81:24,FunBox2-8124,-42,1,2412,False,False
1778935947.2152271,management,beacon,d8:d7:75:45:81:24,ff:ff:ff:ff:ff:ff,ff:ff:ff:ff:ff:ff,d8:d7:75:45:81:24,d8:d7:75:45:81:24,FunBox2-8124,-48,1,2412,False,False
1778935947.3175712,management,beacon,d8:d7:75:45:81:24,ff:ff:ff:ff:ff:ff,ff:ff:ff:ff:ff:ff,d8:d7:75:45:81:24,d8:d7:75:45:81:24,FunBox2-8124,-47,1,2412,False,False
1778935947.4199865,management,beacon,d8:d7:75:45:81:24,ff:ff:ff:ff:ff:ff,ff:ff:ff:ff:ff:ff,d8:d7:75:45:81:24,d8:d7:75:45:81:24,FunBox2-8124,-46,1,2412,False,False
1778935947.5223756,management,beacon,d8:d7:75:45:81:24,ff:ff:ff:ff:ff:ff,ff:ff:ff:ff:ff:ff,d8:d7:75:45:81:24,d8:d7:75:45:81:24,FunBox2-8124,-46,1,2412,False,False
1778935947.6248271,management,beacon,d8:d7:75:45:81:24,ff:ff:ff:ff:ff:ff,ff:ff:ff:ff:ff:ff,d8:d7:75:45:81:24,d8:d7:75:45:81:24,FunBox2-8124,-47,1,2412,False,False
1778935947.7272115,management,beacon,d8:d7:75:45:81:24,ff:ff:ff:ff:ff:ff,ff:ff:ff:ff:ff:ff,d8:d7:75:45:81:24,d8:d7:75:45:81:24,FunBox2-8124,-44,1,2412,False,False
1778935947.8296237,management,beacon,d8:d7:75:45:81:24,ff:ff:ff:ff:ff:ff,ff:ff:ff:ff:ff:ff,d8:d7:75:45:81:24,d8:d7:75:45:81:24,FunBox2-8124,-44,1,2412,False,False
1778935947.9016778,data,qos_null,d8:d7:75:45:81:24,54:35:30:cf:ee:1e,54:35:30:cf:ee:1e,d8:d7:75:45:81:24,d8:d7:75:45:81:24,,-45,1,2412,False,False
1778935947.9019763,control,ack,,d8:d7:75:45:81:24,d8:d7:75:45:81:24,,,,-48,1,2412,False,False
1778935947.9319997,management,beacon,d8:d7:75:45:81:24,ff:ff:ff:ff:ff:ff,ff:ff:ff:ff:ff:ff,d8:d7:75:45:81:24,d8:d7:75:45:81:24,FunBox2-8124,-42,1,2412,False,False
1778935948.0344527,management,beacon,d8:d7:75:45:81:24,ff:ff:ff:ff:ff:ff,ff:ff:ff:ff:ff:ff,d8:d7:75:45:81:24,d8:d7:75:45:81:24,FunBox2-8124,-45,1,2412,False,False
1778935948.0356529,control,ack,,50:02:91:e8:18:ec,50:02:91:e8:18:ec,,,,-46,1,2412,False,False
1778935948.0361686,data,qos_null,d8:d7:75:45:81:24,50:02:91:e8:18:ec,50:02:91:e8:18:ec,d8:d7:75:45:81:24,d8:d7:75:45:81:24,,-42,1,2412,False,False
1778935948.036482,control,ack,,d8:d7:75:45:81:24,d8:d7:75:45:81:24,,,,-85,1,2412,False,False
1778935948.13683,management,beacon,d8:d7:75:45:81:24,ff:ff:ff:ff:ff:ff,ff:ff:ff:ff:ff:ff,d8:d7:75:45:81:24,d8:d7:75:45:81:24,FunBox2-8124,-44,1,2412,False,False
1778935948.1969028,data,null_data,50:02:91:e8:18:ec,d8:d7:75:45:81:24,d8:d7:75:45:81:24,50:02:91:e8:18:ec,d8:d7:75:45:81:24,,-85,1,2412,False,False
1778935948.1969194,control,ack,,50:02:91:e8:18:ec,50:02:91:e8:18:ec,,,,-47,1,2412,False,False
1778935948.2392552,management,beacon,d8:d7:75:45:81:24,ff:ff:ff:ff:ff:ff,ff:ff:ff:ff:ff:ff,d8:d7:75:45:81:24,d8:d7:75:45:81:24,FunBox2-8124,-43,1,2412,False,False
1778935948.3416343,management,beacon,d8:d7:75:45:81:24,ff:ff:ff:ff:ff:ff,ff:ff:ff:ff:ff:ff,d8:d7:75:45:81:24,d8:d7:75:45:81:24,FunBox2-8124,-45,1,2412,False,False
1778935948.4440205,management,beacon,d8:d7:75:45:81:24,ff:ff:ff:ff:ff:ff,ff:ff:ff:ff:ff:ff,d8:d7:75:45:81:24,d8:d7:75:45:81:24,FunBox2-8124,-44,1,2412,False,False
1778935948.5464213,management,beacon,d8:d7:75:45:81:24,ff:ff:ff:ff:ff:ff,ff:ff:ff:ff:ff:ff,d8:d7:75:45:81:24,d8:d7:75:45:81:24,FunBox2-8124,-44,1,2412,False,False
1778935948.6488981,management,beacon,d8:d7:75:45:81:24,ff:ff:ff:ff:ff:ff,ff:ff:ff:ff:ff:ff,d8:d7:75:45:81:24,d8:d7:75:45:81:24,FunBox2-8124,-46,1,2412,False,False
1778935948.7512543,management,beacon,d8:d7:75:45:81:24,ff:ff:ff:ff:ff:ff,ff:ff:ff:ff:ff:ff,d8:d7:75:45:81:24,d8:d7:75:45:81:24,FunBox2-8124,-42,1,2412,False,False
1778935948.7567966,control,ack,,50:02:91:e8:18:ec,50:02:91:e8:18:ec,,,,-45,1,2412,False,False
1778935948.8536549,management,beacon,d8:d7:75:45:81:24,ff:ff:ff:ff:ff:ff,ff:ff:ff:ff:ff:ff,d8:d7:75:45:81:24,d8:d7:75:45:81:24,FunBox2-8124,-42,1,2412,False,False
1778935948.917691,control,ack,,50:02:91:e8:18:ec,50:02:91:e8:18:ec,,,,-47,1,2412,False,False
1778935948.957144,management,beacon,d8:d7:75:45:81:24,ff:ff:ff:ff:ff:ff,ff:ff:ff:ff:ff:ff,d8:d7:75:45:81:24,d8:d7:75:45:81:24,FunBox2-8124,-43,1,2412,False,False
1778935949.0586562,management,beacon,d8:d7:75:45:81:24,ff:ff:ff:ff:ff:ff,ff:ff:ff:ff:ff:ff,d8:d7:75:45:81:24,d8:d7:75:45:81:24,FunBox2-8124,-43,1,2412,False,False
1778935949.1608825,management,beacon,d8:d7:75:45:81:24,ff:ff:ff:ff:ff:ff,ff:ff:ff:ff:ff:ff,d8:d7:75:45:81:24,d8:d7:75:45:81:24,FunBox2-8124,-45,1,2412,False,False
1778935949.213117,control,ack,,50:02:91:e8:18:ec,50:02:91:e8:18:ec,,,,-46,1,2412,False,False
1778935949.26326,management,beacon,d8:d7:75:45:81:24,ff:ff:ff:ff:ff:ff,ff:ff:ff:ff:ff:ff,d8:d7:75:45:81:24,d8:d7:75:45:81:24,FunBox2-8124,-45,1,2412,False,False
1778935949.365692,management,beacon,d8:d7:75:45:81:24,ff:ff:ff:ff:ff:ff,ff:ff:ff:ff:ff:ff,d8:d7:75:45:81:24,d8:d7:75:45:81:24,FunBox2-8124,-44,1,2412,False,False
1778935949.373974,data,null_data,50:02:91:e8:18:ec,d8:d7:75:45:81:24,d8:d7:75:45:81:24,50:02:91:e8:18:ec,d8:d7:75:45:81:24,,-85,1,2412,False,False
1778935949.37398,control,ack,,50:02:91:e8:18:ec,50:02:91:e8:18:ec,,,,-46,1,2412,False,False
1778935949.468052,management,beacon,d8:d7:75:45:81:24,ff:ff:ff:ff:ff:ff,ff:ff:ff:ff:ff:ff,d8:d7:75:45:81:24,d8:d7:75:45:81:24,FunBox2-8124,-45,1,2412,False,False
1778935949.5704515,management,beacon,d8:d7:75:45:81:24,ff:ff:ff:ff:ff:ff,ff:ff:ff:ff:ff:ff,d8:d7:75:45:81:24,d8:d7:75:45:81:24,FunBox2-8124,-45,1,2412,False,False
1778935949.6728632,management,beacon,d8:d7:75:45:81:24,ff:ff:ff:ff:ff:ff,ff:ff:ff:ff:ff:ff,d8:d7:75:45:81:24,d8:d7:75:45:81:24,FunBox2-8124,-45,1,2412,False,False
1778935949.6740456,data,null_data,50:02:91:e8:18:ec,d8:d7:75:45:81:24,d8:d7:75:45:81:24,50:02:91:e8:18:ec,d8:d7:75:45:81:24,,-83,1,2412,False,False
1778935949.674052,control,ack,,50:02:91:e8:18:ec,50:02:91:e8:18:ec,,,,-46,1,2412,False,False
1778935949.7753196,management,beacon,d8:d7:75:45:81:24,ff:ff:ff:ff:ff:ff,ff:ff:ff:ff:ff:ff,d8:d7:75:45:81:24,d8:d7:75:45:81:24,FunBox2-8124,-41,1,2412,False,False
1778935949.834894,data,null_data,50:02:91:e8:18:ec,d8:d7:75:45:81:24,d8:d7:75:45:81:24,50:02:91:e8:18:ec,d8:d7:75:45:81:24,,-85,1,2412,False,False
1778935949.8349009,control,ack,,50:02:91:e8:18:ec,50:02:91:e8:18:ec,,,,-46,1,2412,False,False
1778935949.8776658,management,beacon,d8:d7:75:45:81:24,ff:ff:ff:ff:ff:ff,ff:ff:ff:ff:ff:ff,d8:d7:75:45:81:24,d8:d7:75:45:81:24,FunBox2-8124,-42,1,2412,False,False
1778935949.9801085,management,beacon,d8:d7:75:45:81:24,ff:ff:ff:ff:ff:ff,ff:ff:ff:ff:ff:ff,d8:d7:75:45:81:24,d8:d7:75:45:81:24,FunBox2-8124,-45,1,2412,False,False
1778935950.0825028,management,beacon,d8:d7:75:45:81:24,ff:ff:ff:ff:ff:ff,ff:ff:ff:ff:ff:ff,d8:d7:75:45:81:24,d8:d7:75:45:81:24,FunBox2-8124,-47,1,2412,False,False
1778935950.1848857,management,beacon,d8:d7:75:45:81:24,ff:ff:ff:ff:ff:ff,ff:ff:ff:ff:ff:ff,d8:d7:75:45:81:24,d8:d7:75:45:81:24,FunBox2-8124,-46,1,2412,False,False
1778935950.2873263,management,beacon,d8:d7:75:45:81:24,ff:ff:ff:ff:ff:ff,ff:ff:ff:ff:ff:ff,d8:d7:75:45:81:24,d8:d7:75:45:81:24,FunBox2-8124,-45,1,2412,False,False
1778935950.3896906,management,beacon,d8:d7:75:45:81:24,ff:ff:ff:ff:ff:ff,ff:ff:ff:ff:ff:ff,d8:d7:75:45:81:24,d8:d7:75:45:81:24,FunBox2-8124,-46,1,2412,False,False
1778935950.4920988,management,beacon,d8:d7:75:45:81:24,ff:ff:ff:ff:ff:ff,ff:ff:ff:ff:ff:ff,d8:d7:75:45:81:24,d8:d7:75:45:81:24,FunBox2-8124,-46,1,2412,False,False
1778935950.5945044,management,beacon,d8:d7:75:45:81:24,ff:ff:ff:ff:ff:ff,ff:ff:ff:ff:ff:ff,d8:d7:75:45:81:24,d8:d7:75:45:81:24,FunBox2-8124,-46,1,2412,False,False
1778935950.6969507,management,beacon,d8:d7:75:45:81:24,ff:ff:ff:ff:ff:ff,ff:ff:ff:ff:ff:ff,d8:d7:75:45:81:24,d8:d7:75:45:81:24,FunBox2-8124,-46,1,2412,False,False
1778935950.7993016,management,beacon,d8:d7:75:45:81:24,ff:ff:ff:ff:ff:ff,ff:ff:ff:ff:ff:ff,d8:d7:75:45:81:24,d8:d7:75:45:81:24,FunBox2-8124,-45,1,2412,False,False
1778935950.9017475,management,beacon,d8:d7:75:45:81:24,ff:ff:ff:ff:ff:ff,ff:ff:ff:ff:ff:ff,d8:d7:75:45:81:24,d8:d7:75:45:81:24,FunBox2-8124,-45,1,2412,False,False
1778935951.0041373,management,beacon,d8:d7:75:45:81:24,ff:ff:ff:ff:ff:ff,ff:ff:ff:ff:ff:ff,d8:d7:75:45:81:24,d8:d7:75:45:81:24,FunBox2-8124,-42,1,2412,False,False
1778935951.1065235,management,beacon,d8:d7:75:45:81:24,ff:ff:ff:ff:ff:ff,ff:ff:ff:ff:ff:ff,d8:d7:75:45:81:24,d8:d7:75:45:81:24,FunBox2-8124,-46,1,2412,False,False
1778935951.1077406,data,null_data,50:02:91:e8:18:ec,d8:d7:75:45:81:24,d8:d7:75:45:81:24,50:02:91:e8:18:ec,d8:d7:75:45:81:24,,-85,1,2412,False,False
1778935951.1077435,control,ack,,50:02:91:e8:18:ec,50:02:91:e8:18:ec,,,,-46,1,2412,False,False
1778935951.209013,management,beacon,d8:d7:75:45:81:24,ff:ff:ff:ff:ff:ff,ff:ff:ff:ff:ff:ff,d8:d7:75:45:81:24,d8:d7:75:45:81:24,FunBox2-8124,-45,1,2412,False,False
1778935951.2685997,data,null_data,50:02:91:e8:18:ec,d8:d7:75:45:81:24,d8:d7:75:45:81:24,50:02:91:e8:18:ec,d8:d7:75:45:81:24,,-85,1,2412,False,False
1778935951.2686112,control,ack,,50:02:91:e8:18:ec,50:02:91:e8:18:ec,,,,-46,1,2412,False,False
1778935951.3113656,management,beacon,d8:d7:75:45:81:24,ff:ff:ff:ff:ff:ff,ff:ff:ff:ff:ff:ff,d8:d7:75:45:81:24,d8:d7:75:45:81:24,FunBox2-8124,-42,1,2412,False,False
1778935951.4059443,control,cts,,aa:23:4f:4d:00:cf,aa:23:4f:4d:00:cf,,,,-86,1,2412,False,False
1778935951.413729,management,beacon,d8:d7:75:45:81:24,ff:ff:ff:ff:ff:ff,ff:ff:ff:ff:ff:ff,d8:d7:75:45:81:24,d8:d7:75:45:81:24,FunBox2-8124,-43,1,2412,False,False
1778935951.4618912,control,cts,,aa:23:4f:4d:00:cf,aa:23:4f:4d:00:cf,,,,-85,1,2412,False,False
1778935951.516133,management,beacon,d8:d7:75:45:81:24,ff:ff:ff:ff:ff:ff,ff:ff:ff:ff:ff:ff,d8:d7:75:45:81:24,d8:d7:75:45:81:24,FunBox2-8124,-43,1,2412,False,False
1778935951.618526,management,beacon,d8:d7:75:45:81:24,ff:ff:ff:ff:ff:ff,ff:ff:ff:ff:ff:ff,d8:d7:75:45:81:24,d8:d7:75:45:81:24,FunBox2-8124,-45,1,2412,False,False
1778935951.7209601,management,beacon,d8:d7:75:45:81:24,ff:ff:ff:ff:ff:ff,ff:ff:ff:ff:ff:ff,d8:d7:75:45:81:24,d8:d7:75:45:81:24,FunBox2-8124,-43,1,2412,False,False
1778935951.8233418,management,beacon,d8:d7:75:45:81:24,ff:ff:ff:ff:ff:ff,ff:ff:ff:ff:ff:ff,d8:d7:75:45:81:24,d8:d7:75:45:81:24,FunBox2-8124,-45,1,2412,False,False
1778935951.9257772,management,beacon,d8:d7:75:45:81:24,ff:ff:ff:ff:ff:ff,ff:ff:ff:ff:ff:ff,d8:d7:75:45:81:24,d8:d7:75:45:81:24,FunBox2-8124,-46,1,2412,False,False
1778935951.9837759,management,probe_request,46:e5:c9:b7:e2:d1,ff:ff:ff:ff:ff:ff,ff:ff:ff:ff:ff:ff,46:e5:c9:b7:e2:d1,ff:ff:ff:ff:ff:ff,<hidden>,-31,1,2412,False,False
1778935951.9870076,management,probe_response,d8:d7:75:45:81:24,46:e5:c9:b7:e2:d1,46:e5:c9:b7:e2:d1,d8:d7:75:45:81:24,d8:d7:75:45:81:24,FunBox2-8124,-43,1,2412,False,False
1778935951.9873064,control,ack,,d8:d7:75:45:81:24,d8:d7:75:45:81:24,,,,-32,1,2412,False,False
1778935952.028137,management,beacon,d8:d7:75:45:81:24,ff:ff:ff:ff:ff:ff,ff:ff:ff:ff:ff:ff,d8:d7:75:45:81:24,d8:d7:75:45:81:24,FunBox2-8124,-45,1,2412,False,False
1778935952.0477962,management,probe_request,46:e5:c9:b7:e2:d1,ff:ff:ff:ff:ff:ff,ff:ff:ff:ff:ff:ff,46:e5:c9:b7:e2:d1,ff:ff:ff:ff:ff:ff,<hidden>,-32,1,2412,False,False
1778935952.0597663,control,rts,aa:23:4f:4d:00:cf,74:ea:3a:a1:53:a6,74:ea:3a:a1:53:a6,aa:23:4f:4d:00:cf,,,-86,1,2412,False,False
1778935952.1305456,management,beacon,d8:d7:75:45:81:24,ff:ff:ff:ff:ff:ff,ff:ff:ff:ff:ff:ff,d8:d7:75:45:81:24,d8:d7:75:45:81:24,FunBox2-8124,-44,1,2412,False,False
1778935952.179066,management,probe_response,d8:d7:75:45:81:24,46:e5:c9:b7:e2:d1,46:e5:c9:b7:e2:d1,d8:d7:75:45:81:24,d8:d7:75:45:81:24,FunBox2-8124,-42,1,2412,False,False
1778935952.1827347,management,probe_response,d8:d7:75:45:81:24,46:e5:c9:b7:e2:d1,46:e5:c9:b7:e2:d1,d8:d7:75:45:81:24,d8:d7:75:45:81:24,FunBox2-8124,-42,1,2412,False,True
1778935952.186389,management,probe_response,d8:d7:75:45:81:24,46:e5:c9:b7:e2:d1,46:e5:c9:b7:e2:d1,d8:d7:75:45:81:24,d8:d7:75:45:81:24,FunBox2-8124,-44,1,2412,False,True
1778935952.190949,management,probe_response,d8:d7:75:45:81:24,46:e5:c9:b7:e2:d1,46:e5:c9:b7:e2:d1,d8:d7:75:45:81:24,d8:d7:75:45:81:24,FunBox2-8124,-43,1,2412,False,True
1778935952.195424,management,probe_response,d8:d7:75:45:81:24,46:e5:c9:b7:e2:d1,46:e5:c9:b7:e2:d1,d8:d7:75:45:81:24,d8:d7:75:45:81:24,FunBox2-8124,-42,1,2412,False,True
1778935952.233007,management,beacon,d8:d7:75:45:81:24,ff:ff:ff:ff:ff:ff,ff:ff:ff:ff:ff:ff,d8:d7:75:45:81:24,d8:d7:75:45:81:24,FunBox2-8124,-41,1,2412,False,False
1778935952.2474368,control,rts,aa:23:4f:4d:00:cf,74:ea:3a:a1:53:a6,74:ea:3a:a1:53:a6,aa:23:4f:4d:00:cf,,,-85,1,2412,False,False
1778935952.2734907,control,rts,aa:23:4f:4d:00:cf,74:ea:3a:a1:53:a6,74:ea:3a:a1:53:a6,aa:23:4f:4d:00:cf,,,-84,1,2412,False,False
1778935952.303801,management,probe_request,46:e5:c9:b7:e2:d1,ff:ff:ff:ff:ff:ff,ff:ff:ff:ff:ff:ff,46:e5:c9:b7:e2:d1,ff:ff:ff:ff:ff:ff,<hidden>,-72,1,2412,False,False
1778935952.335408,management,beacon,d8:d7:75:45:81:24,ff:ff:ff:ff:ff:ff,ff:ff:ff:ff:ff:ff,d8:d7:75:45:81:24,d8:d7:75:45:81:24,FunBox2-8124,-43,1,2412,False,False
1778935952.3698037,control,rts,aa:23:4f:4d:00:cf,74:ea:3a:a1:53:a6,74:ea:3a:a1:53:a6,aa:23:4f:4d:00:cf,,,-84,1,2412,False,False
1778935952.4378157,management,beacon,d8:d7:75:45:81:24,ff:ff:ff:ff:ff:ff,ff:ff:ff:ff:ff:ff,d8:d7:75:45:81:24,d8:d7:75:45:81:24,FunBox2-8124,-43,1,2412,False,False
1778935952.4715466,control,rts,aa:23:4f:4d:00:cf,74:ea:3a:a1:53:a6,74:ea:3a:a1:53:a6,aa:23:4f:4d:00:cf,,,-87,1,2412,False,False
1778935952.540182,management,beacon,d8:d7:75:45:81:24,ff:ff:ff:ff:ff:ff,ff:ff:ff:ff:ff:ff,d8:d7:75:45:81:24,d8:d7:75:45:81:24,FunBox2-8124,-42,1,2412,False,False
1778935952.6425705,management,beacon,d8:d7:75:45:81:24,ff:ff:ff:ff:ff:ff,ff:ff:ff:ff:ff:ff,d8:d7:75:45:81:24,d8:d7:75:45:81:24,FunBox2-8124,-42,1,2412,False,False
1778935952.7143,control,rts,aa:23:4f:4d:00:cf,74:ea:3a:a1:53:a6,74:ea:3a:a1:53:a6,aa:23:4f:4d:00:cf,,,-84,1,2412,False,False
1778935952.7363806,control,rts,aa:23:4f:4d:00:cf,74:ea:3a:a1:53:a6,74:ea:3a:a1:53:a6,aa:23:4f:4d:00:cf,,,-86,1,2412,False,False
1778935952.7449777,management,beacon,d8:d7:75:45:81:24,ff:ff:ff:ff:ff:ff,ff:ff:ff:ff:ff:ff,d8:d7:75:45:81:24,d8:d7:75:45:81:24,FunBox2-8124,-44,1,2412,False,False
1778935952.814223,control,rts,aa:23:4f:4d:00:cf,74:ea:3a:a1:53:a6,74:ea:3a:a1:53:a6,aa:23:4f:4d:00:cf,,,-86,1,2412,False,False
1778935952.847377,management,beacon,d8:d7:75:45:81:24,ff:ff:ff:ff:ff:ff,ff:ff:ff:ff:ff:ff,d8:d7:75:45:81:24,d8:d7:75:45:81:24,FunBox2-8124,-47,1,2412,False,False
1778935952.916303,control,rts,aa:23:4f:4d:00:cf,74:ea:3a:a1:53:a6,74:ea:3a:a1:53:a6,aa:23:4f:4d:00:cf,,,-89,1,2412,False,False
1778935952.9497898,management,beacon,d8:d7:75:45:81:24,ff:ff:ff:ff:ff:ff,ff:ff:ff:ff:ff:ff,d8:d7:75:45:81:24,d8:d7:75:45:81:24,FunBox2-8124,-43,1,2412,False,False
1778935953.0521984,management,beacon,d8:d7:75:45:81:24,ff:ff:ff:ff:ff:ff,ff:ff:ff:ff:ff:ff,d8:d7:75:45:81:24,d8:d7:75:45:81:24,FunBox2-8124,-46,1,2412,False,False
1778935953.0533988,control,ack,,50:02:91:e8:18:ec,50:02:91:e8:18:ec,,,,-47,1,2412,False,False
1778935953.1545794,management,beacon,d8:d7:75:45:81:24,ff:ff:ff:ff:ff:ff,ff:ff:ff:ff:ff:ff,d8:d7:75:45:81:24,d8:d7:75:45:81:24,FunBox2-8124,-42,1,2412,False,False
1778935953.214203,data,null_data,50:02:91:e8:18:ec,d8:d7:75:45:81:24,d8:d7:75:45:81:24,50:02:91:e8:18:ec,d8:d7:75:45:81:24,,-83,1,2412,False,False
1778935953.2144473,data,null_data,50:02:91:e8:18:ec,d8:d7:75:45:81:24,d8:d7:75:45:81:24,50:02:91:e8:18:ec,d8:d7:75:45:81:24,,-87,1,2412,False,True
1778935953.2144492,control,ack,,50:02:91:e8:18:ec,50:02:91:e8:18:ec,,,,-46,1,2412,False,False
1778935953.2148793,data,null_data,50:02:91:e8:18:ec,d8:d7:75:45:81:24,d8:d7:75:45:81:24,50:02:91:e8:18:ec,d8:d7:75:45:81:24,,-84,1,2412,False,True
1778935953.214882,control,ack,,50:02:91:e8:18:ec,50:02:91:e8:18:ec,,,,-43,1,2412,False,False
1778935953.2570925,management,beacon,d8:d7:75:45:81:24,ff:ff:ff:ff:ff:ff,ff:ff:ff:ff:ff:ff,d8:d7:75:45:81:24,d8:d7:75:45:81:24,FunBox2-8124,-43,1,2412,False,False
1778935953.3597677,management,beacon,d8:d7:75:45:81:24,ff:ff:ff:ff:ff:ff,ff:ff:ff:ff:ff:ff,d8:d7:75:45:81:24,d8:d7:75:45:81:24,FunBox2-8124,-44,1,2412,False,False
1778935953.4618816,management,beacon,d8:d7:75:45:81:24,ff:ff:ff:ff:ff:ff,ff:ff:ff:ff:ff:ff,d8:d7:75:45:81:24,d8:d7:75:45:81:24,FunBox2-8124,-42,1,2412,False,False
1778935953.564199,management,beacon,d8:d7:75:45:81:24,ff:ff:ff:ff:ff:ff,ff:ff:ff:ff:ff:ff,d8:d7:75:45:81:24,d8:d7:75:45:81:24,FunBox2-8124,-42,1,2412,False,False
1778935953.6666808,management,beacon,d8:d7:75:45:81:24,ff:ff:ff:ff:ff:ff,ff:ff:ff:ff:ff:ff,d8:d7:75:45:81:24,d8:d7:75:45:81:24,FunBox2-8124,-43,1,2412,False,False
1778935953.7625322,control,rts,aa:23:4f:4d:00:cf,74:ea:3a:a1:53:a6,74:ea:3a:a1:53:a6,aa:23:4f:4d:00:cf,,,-88,1,2412,False,False
1778935953.769083,management,beacon,d8:d7:75:45:81:24,ff:ff:ff:ff:ff:ff,ff:ff:ff:ff:ff:ff,d8:d7:75:45:81:24,d8:d7:75:45:81:24,FunBox2-8124,-43,1,2412,False,False
1778935953.8714387,management,beacon,d8:d7:75:45:81:24,ff:ff:ff:ff:ff:ff,ff:ff:ff:ff:ff:ff,d8:d7:75:45:81:24,d8:d7:75:45:81:24,FunBox2-8124,-46,1,2412,False,False
1778935953.9389825,control,rts,aa:23:4f:4d:00:cf,74:ea:3a:a1:53:a6,74:ea:3a:a1:53:a6,aa:23:4f:4d:00:cf,,,-87,1,2412,False,False
1778935953.9738276,management,beacon,d8:d7:75:45:81:24,ff:ff:ff:ff:ff:ff,ff:ff:ff:ff:ff:ff,d8:d7:75:45:81:24,d8:d7:75:45:81:24,FunBox2-8124,-42,1,2412,False,False
1778935953.9774787,control,rts,aa:23:4f:4d:00:cf,74:ea:3a:a1:53:a6,74:ea:3a:a1:53:a6,aa:23:4f:4d:00:cf,,,-87,1,2412,False,False
1778935954.0302682,control,rts,aa:23:4f:4d:00:cf,74:ea:3a:a1:53:a6,74:ea:3a:a1:53:a6,aa:23:4f:4d:00:cf,,,-87,1,2412,False,False
1778935954.0524993,control,rts,aa:23:4f:4d:00:cf,74:ea:3a:a1:53:a6,74:ea:3a:a1:53:a6,aa:23:4f:4d:00:cf,,,-89,1,2412,False,False
1778935954.0762782,management,beacon,d8:d7:75:45:81:24,ff:ff:ff:ff:ff:ff,ff:ff:ff:ff:ff:ff,d8:d7:75:45:81:24,d8:d7:75:45:81:24,FunBox2-8124,-42,1,2412,False,False
1778935954.1271179,control,rts,aa:23:4f:4d:00:cf,74:ea:3a:a1:53:a6,74:ea:3a:a1:53:a6,aa:23:4f:4d:00:cf,,,-86,1,2412,False,False
1778935954.136565,control,rts,aa:23:4f:4d:00:cf,74:ea:3a:a1:53:a6,74:ea:3a:a1:53:a6,aa:23:4f:4d:00:cf,,,-87,1,2412,False,False
1778935954.1699545,control,rts,aa:23:4f:4d:00:cf,74:ea:3a:a1:53:a6,74:ea:3a:a1:53:a6,aa:23:4f:4d:00:cf,,,-85,1,2412,False,False
1778935954.1786487,management,beacon,d8:d7:75:45:81:24,ff:ff:ff:ff:ff:ff,ff:ff:ff:ff:ff:ff,d8:d7:75:45:81:24,d8:d7:75:45:81:24,FunBox2-8124,-45,1,2412,False,False
1778935954.21099,control,rts,aa:23:4f:4d:00:cf,74:ea:3a:a1:53:a6,74:ea:3a:a1:53:a6,aa:23:4f:4d:00:cf,,,-87,1,2412,False,False
1778935954.2810693,management,beacon,d8:d7:75:45:81:24,ff:ff:ff:ff:ff:ff,ff:ff:ff:ff:ff:ff,d8:d7:75:45:81:24,d8:d7:75:45:81:24,FunBox2-8124,-42,1,2412,False,False
1778935954.3214595,control,rts,aa:23:4f:4d:00:cf,74:ea:3a:a1:53:a6,74:ea:3a:a1:53:a6,aa:23:4f:4d:00:cf,,,-88,1,2412,False,False
1778935954.3316226,control,rts,aa:23:4f:4d:00:cf,74:ea:3a:a1:53:a6,74:ea:3a:a1:53:a6,aa:23:4f:4d:00:cf,,,-86,1,2412,False,False
1778935954.371514,control,rts,aa:23:4f:4d:00:cf,74:ea:3a:a1:53:a6,74:ea:3a:a1:53:a6,aa:23:4f:4d:00:cf,,,-89,1,2412,False,False
1778935954.3834548,management,beacon,d8:d7:75:45:81:24,ff:ff:ff:ff:ff:ff,ff:ff:ff:ff:ff:ff,d8:d7:75:45:81:24,d8:d7:75:45:81:24,FunBox2-8124,-46,1,2412,False,False
1778935954.4078834,control,rts,aa:23:4f:4d:00:cf,74:ea:3a:a1:53:a6,74:ea:3a:a1:53:a6,aa:23:4f:4d:00:cf,,,-89,1,2412,False,False
1778935954.414264,control,rts,aa:23:4f:4d:00:cf,74:ea:3a:a1:53:a6,74:ea:3a:a1:53:a6,aa:23:4f:4d:00:cf,,,-88,1,2412,False,False
1778935954.4858506,management,beacon,d8:d7:75:45:81:24,ff:ff:ff:ff:ff:ff,ff:ff:ff:ff:ff:ff,d8:d7:75:45:81:24,d8:d7:75:45:81:24,FunBox2-8124,-42,1,2412,False,False
1778935954.4870405,data,null_data,50:02:91:e8:18:ec,d8:d7:75:45:81:24,d8:d7:75:45:81:24,50:02:91:e8:18:ec,d8:d7:75:45:81:24,,-84,1,2412,False,False
1778935954.487043,control,ack,,50:02:91:e8:18:ec,50:02:91:e8:18:ec,,,,-45,1,2412,False,False
1778935954.526585,control,rts,aa:23:4f:4d:00:cf,74:ea:3a:a1:53:a6,74:ea:3a:a1:53:a6,aa:23:4f:4d:00:cf,,,-86,1,2412,False,False
1778935954.5356898,control,rts,aa:23:4f:4d:00:cf,74:ea:3a:a1:53:a6,74:ea:3a:a1:53:a6,aa:23:4f:4d:00:cf,,,-86,1,2412,False,False
1778935954.5882447,management,beacon,d8:d7:75:45:81:24,ff:ff:ff:ff:ff:ff,ff:ff:ff:ff:ff:ff,d8:d7:75:45:81:24,d8:d7:75:45:81:24,FunBox2-8124,-44,1,2412,False,False
1778935954.647924,control,ack,,50:02:91:e8:18:ec,50:02:91:e8:18:ec,,,,-45,1,2412,False,False
1778935954.6906905,management,beacon,d8:d7:75:45:81:24,ff:ff:ff:ff:ff:ff,ff:ff:ff:ff:ff:ff,d8:d7:75:45:81:24,d8:d7:75:45:81:24,FunBox2-8124,-43,1,2412,False,False
1778935954.7968514,management,beacon,d8:d7:75:45:81:24,ff:ff:ff:ff:ff:ff,ff:ff:ff:ff:ff:ff,d8:d7:75:45:81:24,d8:d7:75:45:81:24,FunBox2-8124,-47,1,2412,False,False
1778935954.8954875,management,beacon,d8:d7:75:45:81:24,ff:ff:ff:ff:ff:ff,ff:ff:ff:ff:ff:ff,d8:d7:75:45:81:24,d8:d7:75:45:81:24,FunBox2-8124,-46,1,2412,False,False
1778935954.9978616,management,beacon,d8:d7:75:45:81:24,ff:ff:ff:ff:ff:ff,ff:ff:ff:ff:ff:ff,d8:d7:75:45:81:24,d8:d7:75:45:81:24,FunBox2-8124,-46,1,2412,False,False
1778935955.10031,management,beacon,d8:d7:75:45:81:24,ff:ff:ff:ff:ff:ff,ff:ff:ff:ff:ff:ff,d8:d7:75:45:81:24,d8:d7:75:45:81:24,FunBox2-8124,-43,1,2412,False,False
1778935955.2026758,management,beacon,d8:d7:75:45:81:24,ff:ff:ff:ff:ff:ff,ff:ff:ff:ff:ff:ff,d8:d7:75:45:81:24,d8:d7:75:45:81:24,FunBox2-8124,-43,1,2412,False,False
1778935955.3050706,management,beacon,d8:d7:75:45:81:24,ff:ff:ff:ff:ff:ff,ff:ff:ff:ff:ff:ff,d8:d7:75:45:81:24,d8:d7:75:45:81:24,FunBox2-8124,-43,1,2412,False,False
1778935955.4074898,management,beacon,d8:d7:75:45:81:24,ff:ff:ff:ff:ff:ff,ff:ff:ff:ff:ff:ff,d8:d7:75:45:81:24,d8:d7:75:45:81:24,FunBox2-8124,-45,1,2412,False,False
1778935955.4401586,control,rts,aa:23:4f:4d:00:cf,74:ea:3a:a1:53:a6,74:ea:3a:a1:53:a6,aa:23:4f:4d:00:cf,,,-86,1,2412,False,False
1778935955.5098612,management,beacon,d8:d7:75:45:81:24,ff:ff:ff:ff:ff:ff,ff:ff:ff:ff:ff:ff,d8:d7:75:45:81:24,d8:d7:75:45:81:24,FunBox2-8124,-46,1,2412,False,False
1778935955.612284,management,beacon,d8:d7:75:45:81:24,ff:ff:ff:ff:ff:ff,ff:ff:ff:ff:ff:ff,d8:d7:75:45:81:24,d8:d7:75:45:81:24,FunBox2-8124,-44,1,2412,False,False
1778935955.7147214,management,beacon,d8:d7:75:45:81:24,ff:ff:ff:ff:ff:ff,ff:ff:ff:ff:ff:ff,d8:d7:75:45:81:24,d8:d7:75:45:81:24,FunBox2-8124,-43,1,2412,False,False
1778935955.7157688,management,probe_request,46:e5:c9:b7:e2:d1,ff:ff:ff:ff:ff:ff,ff:ff:ff:ff:ff:ff,46:e5:c9:b7:e2:d1,ff:ff:ff:ff:ff:ff,<hidden>,-30,1,2412,False,False
1778935955.7195268,control,ack,,d8:d7:75:45:81:24,d8:d7:75:45:81:24,,,,-31,1,2412,False,False
1778935955.7335155,control,ack,,ac:84:c6:41:71:22,ac:84:c6:41:71:22,,,,-31,1,2412,False,False
1778935955.7798893,management,probe_request,46:e5:c9:b7:e2:d1,ff:ff:ff:ff:ff:ff,ff:ff:ff:ff:ff:ff,46:e5:c9:b7:e2:d1,ff:ff:ff:ff:ff:ff,<hidden>,-31,1,2412,False,False
1778935955.9194963,management,beacon,d8:d7:75:45:81:24,ff:ff:ff:ff:ff:ff,ff:ff:ff:ff:ff:ff,d8:d7:75:45:81:24,d8:d7:75:45:81:24,FunBox2-8124,-46,1,2412,False,False
1778935955.9776719,control,rts,aa:23:4f:4d:00:cf,74:ea:3a:a1:53:a6,74:ea:3a:a1:53:a6,aa:23:4f:4d:00:cf,,,-86,1,2412,False,False
1778935955.9937584,data,null_data,50:02:91:e8:18:ec,d8:d7:75:45:81:24,d8:d7:75:45:81:24,50:02:91:e8:18:ec,d8:d7:75:45:81:24,,-84,1,2412,False,False
1778935955.993775,control,ack,,50:02:91:e8:18:ec,50:02:91:e8:18:ec,,,,-46,1,2412,False,False
1778935955.9941463,control,ack,,50:02:91:e8:18:ec,50:02:91:e8:18:ec,,,,-46,1,2412,False,False
1778935956.0219445,management,beacon,d8:d7:75:45:81:24,ff:ff:ff:ff:ff:ff,ff:ff:ff:ff:ff:ff,d8:d7:75:45:81:24,d8:d7:75:45:81:24,FunBox2-8124,-42,1,2412,False,False
1778935956.0418484,data,qos_data,d8:d7:75:45:81:24,50:02:91:e8:18:ec,50:02:91:e8:18:ec,d8:d7:75:45:81:24,d8:d7:75:45:81:24,,-46,1,2412,True,False
1778935956.0418599,control,ack,,d8:d7:75:45:81:24,d8:d7:75:45:81:24,,,,-84,1,2412,False,False
1778935956.1243582,management,beacon,d8:d7:75:45:81:24,ff:ff:ff:ff:ff:ff,ff:ff:ff:ff:ff:ff,d8:d7:75:45:81:24,d8:d7:75:45:81:24,FunBox2-8124,-46,1,2412,False,False
1778935956.202579,data,null_data,50:02:91:e8:18:ec,d8:d7:75:45:81:24,d8:d7:75:45:81:24,50:02:91:e8:18:ec,d8:d7:75:45:81:24,,-83,1,2412,False,False
1778935956.2025986,control,ack,,50:02:91:e8:18:ec,50:02:91:e8:18:ec,,,,-46,1,2412,False,False
1778935956.226731,management,beacon,d8:d7:75:45:81:24,ff:ff:ff:ff:ff:ff,ff:ff:ff:ff:ff:ff,d8:d7:75:45:81:24,d8:d7:75:45:81:24,FunBox2-8124,-42,1,2412,False,False
1778935956.4315531,management,beacon,d8:d7:75:45:81:24,ff:ff:ff:ff:ff:ff,ff:ff:ff:ff:ff:ff,d8:d7:75:45:81:24,d8:d7:75:45:81:24,FunBox2-8124,-42,1,2412,False,False
1778935956.4371169,control,ack,,50:02:91:e8:18:ec,50:02:91:e8:18:ec,,,,-46,1,2412,False,False
1778935956.4390004,data,qos_data,d8:d7:75:45:81:24,50:02:91:e8:18:ec,50:02:91:e8:18:ec,d8:d7:75:45:81:24,d8:d7:75:45:81:24,,-46,1,2412,True,False
1778935956.4395268,data,qos_data,d8:d7:75:45:81:24,50:02:91:e8:18:ec,50:02:91:e8:18:ec,d8:d7:75:45:81:24,d8:d7:75:45:81:24,,-44,1,2412,True,True
1778935956.4395294,control,ack,,d8:d7:75:45:81:24,d8:d7:75:45:81:24,,,,-83,1,2412,False,False
1778935956.5304043,control,ack,,50:02:91:e8:18:ec,50:02:91:e8:18:ec,,,,-46,1,2412,False,False
1778935956.5339353,management,beacon,d8:d7:75:45:81:24,ff:ff:ff:ff:ff:ff,ff:ff:ff:ff:ff:ff,d8:d7:75:45:81:24,d8:d7:75:45:81:24,FunBox2-8124,-41,1,2412,False,False
1778935956.5347257,control,cts,,50:02:91:e8:18:ec,50:02:91:e8:18:ec,,,,-46,1,2412,False,False
1778935956.5350683,control,rts,50:02:91:e8:18:ec,d8:d7:75:45:81:24,d8:d7:75:45:81:24,50:02:91:e8:18:ec,,,-83,1,2412,False,False
1778935956.5353572,control,ack,,50:02:91:e8:18:ec,50:02:91:e8:18:ec,,,,-44,1,2412,False,False
1778935956.5605993,data,qos_null,aa:23:4f:4d:00:cf,74:ea:3a:a1:53:a6,74:ea:3a:a1:53:a6,aa:23:4f:4d:00:cf,74:ea:3a:a1:53:a6,,-83,1,2412,False,False
1778935956.56223,control,rts,aa:23:4f:4d:00:cf,74:ea:3a:a1:53:a6,74:ea:3a:a1:53:a6,aa:23:4f:4d:00:cf,,,-86,1,2412,False,False
1778935956.594946,control,rts,aa:23:4f:4d:00:cf,74:ea:3a:a1:53:a6,74:ea:3a:a1:53:a6,aa:23:4f:4d:00:cf,,,-85,1,2412,False,False
1778935956.6060555,control,rts,aa:23:4f:4d:00:cf,74:ea:3a:a1:53:a6,74:ea:3a:a1:53:a6,aa:23:4f:4d:00:cf,,,-90,1,2412,False,False
1778935956.6223269,control,rts,aa:23:4f:4d:00:cf,74:ea:3a:a1:53:a6,74:ea:3a:a1:53:a6,aa:23:4f:4d:00:cf,,,-86,1,2412,False,False
1778935956.628664,control,rts,aa:23:4f:4d:00:cf,74:ea:3a:a1:53:a6,74:ea:3a:a1:53:a6,aa:23:4f:4d:00:cf,,,-85,1,2412,False,False
1778935956.6363547,management,beacon,d8:d7:75:45:81:24,ff:ff:ff:ff:ff:ff,ff:ff:ff:ff:ff:ff,d8:d7:75:45:81:24,d8:d7:75:45:81:24,FunBox2-8124,-41,1,2412,False,False
1778935956.669753,control,rts,aa:23:4f:4d:00:cf,74:ea:3a:a1:53:a6,74:ea:3a:a1:53:a6,aa:23:4f:4d:00:cf,,,-85,1,2412,False,False
1778935956.696215,control,ack,,50:02:91:e8:18:ec,50:02:91:e8:18:ec,,,,-45,1,2412,False,False
1778935956.7387612,management,beacon,d8:d7:75:45:81:24,ff:ff:ff:ff:ff:ff,ff:ff:ff:ff:ff:ff,d8:d7:75:45:81:24,d8:d7:75:45:81:24,FunBox2-8124,-41,1,2412,False,False
1778935956.7445896,control,rts,aa:23:4f:4d:00:cf,74:ea:3a:a1:53:a6,74:ea:3a:a1:53:a6,aa:23:4f:4d:00:cf,,,-86,1,2412,False,False
1778935956.760738,control,rts,aa:23:4f:4d:00:cf,74:ea:3a:a1:53:a6,74:ea:3a:a1:53:a6,aa:23:4f:4d:00:cf,,,-88,1,2412,False,False
1778935956.8415391,control,rts,aa:23:4f:4d:00:cf,74:ea:3a:a1:53:a6,74:ea:3a:a1:53:a6,aa:23:4f:4d:00:cf,,,-87,1,2412,False,False
1778935956.9258847,control,rts,aa:23:4f:4d:00:cf,74:ea:3a:a1:53:a6,74:ea:3a:a1:53:a6,aa:23:4f:4d:00:cf,,,-84,1,2412,False,False
1778935956.9435365,management,beacon,d8:d7:75:45:81:24,ff:ff:ff:ff:ff:ff,ff:ff:ff:ff:ff:ff,d8:d7:75:45:81:24,d8:d7:75:45:81:24,FunBox2-8124,-44,1,2412,False,False
1778935957.045942,management,beacon,d8:d7:75:45:81:24,ff:ff:ff:ff:ff:ff,ff:ff:ff:ff:ff:ff,d8:d7:75:45:81:24,d8:d7:75:45:81:24,FunBox2-8124,-45,1,2412,False,False
1778935957.111369,control,rts,aa:23:4f:4d:00:cf,74:ea:3a:a1:53:a6,74:ea:3a:a1:53:a6,aa:23:4f:4d:00:cf,,,-85,1,2412,False,False
1778935957.1211665,control,rts,aa:23:4f:4d:00:cf,74:ea:3a:a1:53:a6,74:ea:3a:a1:53:a6,aa:23:4f:4d:00:cf,,,-87,1,2412,False,False
1778935957.1483757,management,beacon,d8:d7:75:45:81:24,ff:ff:ff:ff:ff:ff,ff:ff:ff:ff:ff:ff,d8:d7:75:45:81:24,d8:d7:75:45:81:24,FunBox2-8124,-42,1,2412,False,False
1778935957.2507517,management,beacon,d8:d7:75:45:81:24,ff:ff:ff:ff:ff:ff,ff:ff:ff:ff:ff:ff,d8:d7:75:45:81:24,d8:d7:75:45:81:24,FunBox2-8124,-42,1,2412,False,False
1778935957.3601284,control,rts,aa:23:4f:4d:00:cf,74:ea:3a:a1:53:a6,74:ea:3a:a1:53:a6,aa:23:4f:4d:00:cf,,,-89,1,2412,False,False
1778935957.4570851,management,beacon,d8:d7:75:45:81:24,ff:ff:ff:ff:ff:ff,ff:ff:ff:ff:ff:ff,d8:d7:75:45:81:24,d8:d7:75:45:81:24,FunBox2-8124,-45,1,2412,False,False
1778935957.5579863,management,beacon,d8:d7:75:45:81:24,ff:ff:ff:ff:ff:ff,ff:ff:ff:ff:ff:ff,d8:d7:75:45:81:24,d8:d7:75:45:81:24,FunBox2-8124,-43,1,2412,False,False
1778935957.5590303,data,data,d8:d7:75:45:81:24,ff:ff:ff:ff:ff:ff,ff:ff:ff:ff:ff:ff,d8:d7:75:45:81:24,d8:d7:75:45:81:24,,-43,1,2412,True,False
1778935957.5595036,control,ack,,d8:d7:75:45:81:24,d8:d7:75:45:81:24,,,,-83,1,2412,False,False
1778935957.5595055,data,null_data,50:02:91:e8:18:ec,d8:d7:75:45:81:24,d8:d7:75:45:81:24,50:02:91:e8:18:ec,d8:d7:75:45:81:24,,-84,1,2412,False,False
1778935957.5595067,control,ack,,50:02:91:e8:18:ec,50:02:91:e8:18:ec,,,,-47,1,2412,False,False
1778935957.5609708,control,ack,,d8:d7:75:45:81:24,d8:d7:75:45:81:24,,,,-84,1,2412,False,False
1778935957.6603634,management,beacon,d8:d7:75:45:81:24,ff:ff:ff:ff:ff:ff,ff:ff:ff:ff:ff:ff,d8:d7:75:45:81:24,d8:d7:75:45:81:24,FunBox2-8124,-44,1,2412,False,False
1778935957.7213736,data,null_data,50:02:91:e8:18:ec,d8:d7:75:45:81:24,d8:d7:75:45:81:24,50:02:91:e8:18:ec,d8:d7:75:45:81:24,,-83,1,2412,False,False
1778935957.7213833,control,ack,,50:02:91:e8:18:ec,50:02:91:e8:18:ec,,,,-45,1,2412,False,False
1778935957.7627535,management,beacon,d8:d7:75:45:81:24,ff:ff:ff:ff:ff:ff,ff:ff:ff:ff:ff:ff,d8:d7:75:45:81:24,d8:d7:75:45:81:24,FunBox2-8124,-44,1,2412,False,False
1778935957.9676256,management,beacon,d8:d7:75:45:81:24,ff:ff:ff:ff:ff:ff,ff:ff:ff:ff:ff:ff,d8:d7:75:45:81:24,d8:d7:75:45:81:24,FunBox2-8124,-45,1,2412,False,False
1778935958.0699732,management,beacon,d8:d7:75:45:81:24,ff:ff:ff:ff:ff:ff,ff:ff:ff:ff:ff:ff,d8:d7:75:45:81:24,d8:d7:75:45:81:24,FunBox2-8124,-44,1,2412,False,False
1778935958.1724296,management,beacon,d8:d7:75:45:81:24,ff:ff:ff:ff:ff:ff,ff:ff:ff:ff:ff:ff,d8:d7:75:45:81:24,d8:d7:75:45:81:24,FunBox2-8124,-44,1,2412,False,False
1778935958.2748277,management,beacon,d8:d7:75:45:81:24,ff:ff:ff:ff:ff:ff,ff:ff:ff:ff:ff:ff,d8:d7:75:45:81:24,d8:d7:75:45:81:24,FunBox2-8124,-47,1,2412,False,False
1778935958.4796047,management,beacon,d8:d7:75:45:81:24,ff:ff:ff:ff:ff:ff,ff:ff:ff:ff:ff:ff,d8:d7:75:45:81:24,d8:d7:75:45:81:24,FunBox2-8124,-42,1,2412,False,False
1778935958.5819888,management,beacon,d8:d7:75:45:81:24,ff:ff:ff:ff:ff:ff,ff:ff:ff:ff:ff:ff,d8:d7:75:45:81:24,d8:d7:75:45:81:24,FunBox2-8124,-44,1,2412,False,False
1778935958.6843853,management,beacon,d8:d7:75:45:81:24,ff:ff:ff:ff:ff:ff,ff:ff:ff:ff:ff:ff,d8:d7:75:45:81:24,d8:d7:75:45:81:24,FunBox2-8124,-45,1,2412,False,False
1778935958.7868283,management,beacon,d8:d7:75:45:81:24,ff:ff:ff:ff:ff:ff,ff:ff:ff:ff:ff:ff,d8:d7:75:45:81:24,d8:d7:75:45:81:24,FunBox2-8124,-43,1,2412,False,False
1778935958.991601,management,beacon,d8:d7:75:45:81:24,ff:ff:ff:ff:ff:ff,ff:ff:ff:ff:ff:ff,d8:d7:75:45:81:24,d8:d7:75:45:81:24,FunBox2-8124,-42,1,2412,False,False
1778935959.0940073,management,beacon,d8:d7:75:45:81:24,ff:ff:ff:ff:ff:ff,ff:ff:ff:ff:ff:ff,d8:d7:75:45:81:24,d8:d7:75:45:81:24,FunBox2-8124,-45,1,2412,False,False
1778935959.196441,management,beacon,d8:d7:75:45:81:24,ff:ff:ff:ff:ff:ff,ff:ff:ff:ff:ff:ff,d8:d7:75:45:81:24,d8:d7:75:45:81:24,FunBox2-8124,-44,1,2412,False,False
1778935959.2988164,management,beacon,d8:d7:75:45:81:24,ff:ff:ff:ff:ff:ff,ff:ff:ff:ff:ff:ff,d8:d7:75:45:81:24,d8:d7:75:45:81:24,FunBox2-8124,-43,1,2412,False,False
1778935959.3717928,management,probe_request,46:e5:c9:b7:e2:d1,ff:ff:ff:ff:ff:ff,ff:ff:ff:ff:ff:ff,46:e5:c9:b7:e2:d1,ff:ff:ff:ff:ff:ff,<hidden>,-30,1,2412,False,False
1778935959.3750222,management,probe_response,d8:d7:75:45:81:24,46:e5:c9:b7:e2:d1,46:e5:c9:b7:e2:d1,d8:d7:75:45:81:24,d8:d7:75:45:81:24,FunBox2-8124,-44,1,2412,False,False
1778935959.3753157,control,ack,,d8:d7:75:45:81:24,d8:d7:75:45:81:24,,,,-31,1,2412,False,False
1778935959.4024513,data,null_data,50:02:91:e8:18:ec,d8:d7:75:45:81:24,d8:d7:75:45:81:24,50:02:91:e8:18:ec,d8:d7:75:45:81:24,,-86,1,2412,False,False
1778935959.4024596,control,ack,,50:02:91:e8:18:ec,50:02:91:e8:18:ec,,,,-47,1,2412,False,False
1778935959.4361782,management,probe_request,46:e5:c9:b7:e2:d1,ff:ff:ff:ff:ff:ff,ff:ff:ff:ff:ff:ff,46:e5:c9:b7:e2:d1,ff:ff:ff:ff:ff:ff,<hidden>,-32,1,2412,False,False
1778935959.4364734,control,ack,,46:e5:c9:b7:e2:d1,46:e5:c9:b7:e2:d1,,,,-83,1,2412,False,False
1778935959.4397357,management,probe_response,d8:d7:75:45:81:24,46:e5:c9:b7:e2:d1,46:e5:c9:b7:e2:d1,d8:d7:75:45:81:24,d8:d7:75:45:81:24,FunBox2-8124,-43,1,2412,False,False
1778935959.4439507,management,probe_response,d8:d7:75:45:81:24,46:e5:c9:b7:e2:d1,46:e5:c9:b7:e2:d1,d8:d7:75:45:81:24,d8:d7:75:45:81:24,FunBox2-8124,-44,1,2412,False,True
1778935959.4442503,control,ack,,d8:d7:75:45:81:24,d8:d7:75:45:81:24,,,,-32,1,2412,False,False
1778935959.4490502,management,probe_response,d8:d7:75:45:81:24,46:e5:c9:b7:e2:d1,46:e5:c9:b7:e2:d1,d8:d7:75:45:81:24,d8:d7:75:45:81:24,FunBox2-8124,-43,1,2412,False,True
1778935959.454187,management,probe_response,d8:d7:75:45:81:24,46:e5:c9:b7:e2:d1,46:e5:c9:b7:e2:d1,d8:d7:75:45:81:24,d8:d7:75:45:81:24,FunBox2-8124,-44,1,2412,False,True
1778935959.4544966,control,ack,,d8:d7:75:45:81:24,d8:d7:75:45:81:24,,,,-32,1,2412,False,False
1778935959.4581652,management,probe_response,d8:d7:75:45:81:24,46:e5:c9:b7:e2:d1,46:e5:c9:b7:e2:d1,d8:d7:75:45:81:24,d8:d7:75:45:81:24,FunBox2-8124,-44,1,2412,False,True
1778935959.5036533,management,beacon,d8:d7:75:45:81:24,ff:ff:ff:ff:ff:ff,ff:ff:ff:ff:ff:ff,d8:d7:75:45:81:24,d8:d7:75:45:81:24,FunBox2-8124,-45,1,2412,False,False
1778935959.606036,management,beacon,d8:d7:75:45:81:24,ff:ff:ff:ff:ff:ff,ff:ff:ff:ff:ff:ff,d8:d7:75:45:81:24,d8:d7:75:45:81:24,FunBox2-8124,-44,1,2412,False,False
1778935959.7084618,management,beacon,d8:d7:75:45:81:24,ff:ff:ff:ff:ff:ff,ff:ff:ff:ff:ff:ff,d8:d7:75:45:81:24,d8:d7:75:45:81:24,FunBox2-8124,-46,1,2412,False,False
1778935959.8108273,management,beacon,d8:d7:75:45:81:24,ff:ff:ff:ff:ff:ff,ff:ff:ff:ff:ff:ff,d8:d7:75:45:81:24,d8:d7:75:45:81:24,FunBox2-8124,-44,1,2412,False,False
1778935960.0156295,management,beacon,d8:d7:75:45:81:24,ff:ff:ff:ff:ff:ff,ff:ff:ff:ff:ff:ff,d8:d7:75:45:81:24,d8:d7:75:45:81:24,FunBox2-8124,-46,1,2412,False,False
1778935960.118077,management,beacon,d8:d7:75:45:81:24,ff:ff:ff:ff:ff:ff,ff:ff:ff:ff:ff:ff,d8:d7:75:45:81:24,d8:d7:75:45:81:24,FunBox2-8124,-44,1,2412,False,False
1778935960.2204666,management,beacon,d8:d7:75:45:81:24,ff:ff:ff:ff:ff:ff,ff:ff:ff:ff:ff:ff,d8:d7:75:45:81:24,d8:d7:75:45:81:24,FunBox2-8124,-43,1,2412,False,False
1778935960.3229008,management,beacon,d8:d7:75:45:81:24,ff:ff:ff:ff:ff:ff,ff:ff:ff:ff:ff:ff,d8:d7:75:45:81:24,d8:d7:75:45:81:24,FunBox2-8124,-44,1,2412,False,False
1778935960.5277107,management,beacon,d8:d7:75:45:81:24,ff:ff:ff:ff:ff:ff,ff:ff:ff:ff:ff:ff,d8:d7:75:45:81:24,d8:d7:75:45:81:24,FunBox2-8124,-46,1,2412,False,False
1778935960.6300714,management,beacon,d8:d7:75:45:81:24,ff:ff:ff:ff:ff:ff,ff:ff:ff:ff:ff:ff,d8:d7:75:45:81:24,d8:d7:75:45:81:24,FunBox2-8124,-45,1,2412,False,False
1778935960.7324965,management,beacon,d8:d7:75:45:81:24,ff:ff:ff:ff:ff:ff,ff:ff:ff:ff:ff:ff,d8:d7:75:45:81:24,d8:d7:75:45:81:24,FunBox2-8124,-43,1,2412,False,False
1778935960.8349268,management,beacon,d8:d7:75:45:81:24,ff:ff:ff:ff:ff:ff,ff:ff:ff:ff:ff:ff,d8:d7:75:45:81:24,d8:d7:75:45:81:24,FunBox2-8124,-45,1,2412,False,False
1778935960.937285,management,beacon,d8:d7:75:45:81:24,ff:ff:ff:ff:ff:ff,ff:ff:ff:ff:ff:ff,d8:d7:75:45:81:24,d8:d7:75:45:81:24,FunBox2-8124,-42,1,2412,False,False
1778935960.9384894,data,null_data,50:02:91:e8:18:ec,d8:d7:75:45:81:24,d8:d7:75:45:81:24,50:02:91:e8:18:ec,d8:d7:75:45:81:24,,-83,1,2412,False,False
1778935960.9384975,control,ack,,50:02:91:e8:18:ec,50:02:91:e8:18:ec,,,,-46,1,2412,False,False
1778935961.0396774,management,beacon,d8:d7:75:45:81:24,ff:ff:ff:ff:ff:ff,ff:ff:ff:ff:ff:ff,d8:d7:75:45:81:24,d8:d7:75:45:81:24,FunBox2-8124,-44,1,2412,False,False
1778935961.0414274,data,qos_data,d8:d7:75:45:81:24,50:02:91:e8:18:ec,50:02:91:e8:18:ec,d8:d7:75:45:81:24,d8:d7:75:45:81:24,,-44,1,2412,True,False
1778935961.0418923,data,qos_data,d8:d7:75:45:81:24,50:02:91:e8:18:ec,50:02:91:e8:18:ec,d8:d7:75:45:81:24,d8:d7:75:45:81:24,,-45,1,2412,True,True
1778935961.0418963,control,ack,,d8:d7:75:45:81:24,d8:d7:75:45:81:24,,,,-83,1,2412,False,False
1778935961.0429692,control,ack,,50:02:91:e8:18:ec,50:02:91:e8:18:ec,,,,-44,1,2412,False,False
1778935961.1421196,management,beacon,d8:d7:75:45:81:24,ff:ff:ff:ff:ff:ff,ff:ff:ff:ff:ff:ff,d8:d7:75:45:81:24,d8:d7:75:45:81:24,FunBox2-8124,-44,1,2412,False,False
1778935961.2022438,data,qos_null,aa:23:4f:4d:00:cf,74:ea:3a:a1:53:a6,74:ea:3a:a1:53:a6,aa:23:4f:4d:00:cf,74:ea:3a:a1:53:a6,,-86,1,2412,False,False
1778935961.2038429,data,null_data,50:02:91:e8:18:ec,d8:d7:75:45:81:24,d8:d7:75:45:81:24,50:02:91:e8:18:ec,d8:d7:75:45:81:24,,-84,1,2412,False,False
1778935961.2038455,control,ack,,50:02:91:e8:18:ec,50:02:91:e8:18:ec,,,,-47,1,2412,False,False
1778935961.2274835,data,qos_null,aa:23:4f:4d:00:cf,74:ea:3a:a1:53:a6,74:ea:3a:a1:53:a6,aa:23:4f:4d:00:cf,74:ea:3a:a1:53:a6,,-85,1,2412,False,False
1778935961.2445014,management,beacon,d8:d7:75:45:81:24,ff:ff:ff:ff:ff:ff,ff:ff:ff:ff:ff:ff,d8:d7:75:45:81:24,d8:d7:75:45:81:24,FunBox2-8124,-42,1,2412,False,False
1778935961.346893,management,beacon,d8:d7:75:45:81:24,ff:ff:ff:ff:ff:ff,ff:ff:ff:ff:ff:ff,d8:d7:75:45:81:24,d8:d7:75:45:81:24,FunBox2-8124,-45,1,2412,False,False
1778935961.5517669,management,beacon,d8:d7:75:45:81:24,ff:ff:ff:ff:ff:ff,ff:ff:ff:ff:ff:ff,d8:d7:75:45:81:24,d8:d7:75:45:81:24,FunBox2-8124,-43,1,2412,False,False
1778935961.654135,management,beacon,d8:d7:75:45:81:24,ff:ff:ff:ff:ff:ff,ff:ff:ff:ff:ff:ff,d8:d7:75:45:81:24,d8:d7:75:45:81:24,FunBox2-8124,-44,1,2412,False,False
1778935961.8589337,management,beacon,d8:d7:75:45:81:24,ff:ff:ff:ff:ff:ff,ff:ff:ff:ff:ff:ff,d8:d7:75:45:81:24,d8:d7:75:45:81:24,FunBox2-8124,-43,1,2412,False,False
1778935961.9613345,management,beacon,d8:d7:75:45:81:24,ff:ff:ff:ff:ff:ff,ff:ff:ff:ff:ff:ff,d8:d7:75:45:81:24,d8:d7:75:45:81:24,FunBox2-8124,-45,1,2412,False,False
1778935962.0637374,management,beacon,d8:d7:75:45:81:24,ff:ff:ff:ff:ff:ff,ff:ff:ff:ff:ff:ff,d8:d7:75:45:81:24,d8:d7:75:45:81:24,FunBox2-8124,-43,1,2412,False,False
1778935962.166171,management,beacon,d8:d7:75:45:81:24,ff:ff:ff:ff:ff:ff,ff:ff:ff:ff:ff:ff,d8:d7:75:45:81:24,d8:d7:75:45:81:24,FunBox2-8124,-48,1,2412,False,False
1778935962.167397,data,null_data,50:02:91:e8:18:ec,d8:d7:75:45:81:24,d8:d7:75:45:81:24,50:02:91:e8:18:ec,d8:d7:75:45:81:24,,-84,1,2412,False,False
1778935962.1674006,control,ack,,50:02:91:e8:18:ec,50:02:91:e8:18:ec,,,,-46,1,2412,False,False
1778935962.2685227,management,beacon,d8:d7:75:45:81:24,ff:ff:ff:ff:ff:ff,ff:ff:ff:ff:ff:ff,d8:d7:75:45:81:24,d8:d7:75:45:81:24,FunBox2-8124,-46,1,2412,False,False
1778935962.3282843,data,null_data,50:02:91:e8:18:ec,d8:d7:75:45:81:24,d8:d7:75:45:81:24,50:02:91:e8:18:ec,d8:d7:75:45:81:24,,-84,1,2412,False,False
1778935962.3283033,control,ack,,50:02:91:e8:18:ec,50:02:91:e8:18:ec,,,,-45,1,2412,False,False
1778935962.3709295,management,beacon,d8:d7:75:45:81:24,ff:ff:ff:ff:ff:ff,ff:ff:ff:ff:ff:ff,d8:d7:75:45:81:24,d8:d7:75:45:81:24,FunBox2-8124,-42,1,2412,False,False
1778935962.473802,management,beacon,d8:d7:75:45:81:24,ff:ff:ff:ff:ff:ff,ff:ff:ff:ff:ff:ff,d8:d7:75:45:81:24,d8:d7:75:45:81:24,FunBox2-8124,-42,1,2412,False,False
1778935962.575774,management,beacon,d8:d7:75:45:81:24,ff:ff:ff:ff:ff:ff,ff:ff:ff:ff:ff:ff,d8:d7:75:45:81:24,d8:d7:75:45:81:24,FunBox2-8124,-42,1,2412,False,False
1778935962.6781921,management,beacon,d8:d7:75:45:81:24,ff:ff:ff:ff:ff:ff,ff:ff:ff:ff:ff:ff,d8:d7:75:45:81:24,d8:d7:75:45:81:24,FunBox2-8124,-48,1,2412,False,False
1778935962.780621,management,beacon,d8:d7:75:45:81:24,ff:ff:ff:ff:ff:ff,ff:ff:ff:ff:ff:ff,d8:d7:75:45:81:24,d8:d7:75:45:81:24,FunBox2-8124,-43,1,2412,False,False
1778935962.8829873,management,beacon,d8:d7:75:45:81:24,ff:ff:ff:ff:ff:ff,ff:ff:ff:ff:ff:ff,d8:d7:75:45:81:24,d8:d7:75:45:81:24,FunBox2-8124,-42,1,2412,False,False
1778935962.9853466,management,beacon,d8:d7:75:45:81:24,ff:ff:ff:ff:ff:ff,ff:ff:ff:ff:ff:ff,d8:d7:75:45:81:24,d8:d7:75:45:81:24,FunBox2-8124,-43,1,2412,False,False
1778935963.0877452,management,beacon,d8:d7:75:45:81:24,ff:ff:ff:ff:ff:ff,ff:ff:ff:ff:ff:ff,d8:d7:75:45:81:24,d8:d7:75:45:81:24,FunBox2-8124,-43,1,2412,False,False
1778935963.1901891,management,beacon,d8:d7:75:45:81:24,ff:ff:ff:ff:ff:ff,ff:ff:ff:ff:ff:ff,d8:d7:75:45:81:24,d8:d7:75:45:81:24,FunBox2-8124,-45,1,2412,False,False
1778935963.2925723,management,beacon,d8:d7:75:45:81:24,ff:ff:ff:ff:ff:ff,ff:ff:ff:ff:ff:ff,d8:d7:75:45:81:24,d8:d7:75:45:81:24,FunBox2-8124,-43,1,2412,False,False
1778935963.3949802,management,beacon,d8:d7:75:45:81:24,ff:ff:ff:ff:ff:ff,ff:ff:ff:ff:ff:ff,d8:d7:75:45:81:24,d8:d7:75:45:81:24,FunBox2-8124,-46,1,2412,False,False
1778935963.498533,management,beacon,d8:d7:75:45:81:24,ff:ff:ff:ff:ff:ff,ff:ff:ff:ff:ff:ff,d8:d7:75:45:81:24,d8:d7:75:45:81:24,FunBox2-8124,-46,1,2412,False,False
1778935963.5997915,management,beacon,d8:d7:75:45:81:24,ff:ff:ff:ff:ff:ff,ff:ff:ff:ff:ff:ff,d8:d7:75:45:81:24,d8:d7:75:45:81:24,FunBox2-8124,-44,1,2412,False,False
1778935963.7021916,management,beacon,d8:d7:75:45:81:24,ff:ff:ff:ff:ff:ff,ff:ff:ff:ff:ff:ff,d8:d7:75:45:81:24,d8:d7:75:45:81:24,FunBox2-8124,-42,1,2412,False,False
1778935963.703305,data,null_data,50:02:91:e8:18:ec,d8:d7:75:45:81:24,d8:d7:75:45:81:24,50:02:91:e8:18:ec,d8:d7:75:45:81:24,,-84,1,2412,False,False
1778935963.703474,data,null_data,50:02:91:e8:18:ec,d8:d7:75:45:81:24,d8:d7:75:45:81:24,50:02:91:e8:18:ec,d8:d7:75:45:81:24,,-84,1,2412,False,True
1778935963.7038171,data,null_data,50:02:91:e8:18:ec,d8:d7:75:45:81:24,d8:d7:75:45:81:24,50:02:91:e8:18:ec,d8:d7:75:45:81:24,,-82,1,2412,False,True
1778935963.7043586,data,null_data,50:02:91:e8:18:ec,d8:d7:75:45:81:24,d8:d7:75:45:81:24,50:02:91:e8:18:ec,d8:d7:75:45:81:24,,-85,1,2412,False,True
1778935963.7043617,control,ack,,50:02:91:e8:18:ec,50:02:91:e8:18:ec,,,,-42,1,2412,False,False
1778935963.8046367,management,beacon,d8:d7:75:45:81:24,ff:ff:ff:ff:ff:ff,ff:ff:ff:ff:ff:ff,d8:d7:75:45:81:24,d8:d7:75:45:81:24,FunBox2-8124,-42,1,2412,False,False
1778935963.8652318,data,null_data,50:02:91:e8:18:ec,d8:d7:75:45:81:24,d8:d7:75:45:81:24,50:02:91:e8:18:ec,d8:d7:75:45:81:24,,-85,1,2412,False,False
1778935963.8652427,control,ack,,50:02:91:e8:18:ec,50:02:91:e8:18:ec,,,,-46,1,2412,False,False
1778935963.908837,management,beacon,d8:d7:75:45:81:24,ff:ff:ff:ff:ff:ff,ff:ff:ff:ff:ff:ff,d8:d7:75:45:81:24,d8:d7:75:45:81:24,FunBox2-8124,-44,1,2412,False,False
1778935964.0093932,management,beacon,d8:d7:75:45:81:24,ff:ff:ff:ff:ff:ff,ff:ff:ff:ff:ff:ff,d8:d7:75:45:81:24,d8:d7:75:45:81:24,FunBox2-8124,-45,1,2412,False,False
1778935964.1118345,management,beacon,d8:d7:75:45:81:24,ff:ff:ff:ff:ff:ff,ff:ff:ff:ff:ff:ff,d8:d7:75:45:81:24,d8:d7:75:45:81:24,FunBox2-8124,-45,1,2412,False,False
1778935964.1173744,data,null_data,50:02:91:e8:18:ec,d8:d7:75:45:81:24,d8:d7:75:45:81:24,50:02:91:e8:18:ec,d8:d7:75:45:81:24,,-83,1,2412,False,False
1778935964.1173782,control,ack,,50:02:91:e8:18:ec,50:02:91:e8:18:ec,,,,-46,1,2412,False,False
1778935964.2141993,management,beacon,d8:d7:75:45:81:24,ff:ff:ff:ff:ff:ff,ff:ff:ff:ff:ff:ff,d8:d7:75:45:81:24,d8:d7:75:45:81:24,FunBox2-8124,-44,1,2412,False,False
1778935964.2782328,data,null_data,50:02:91:e8:18:ec,d8:d7:75:45:81:24,d8:d7:75:45:81:24,50:02:91:e8:18:ec,d8:d7:75:45:81:24,,-84,1,2412,False,False
1778935964.2782447,control,ack,,50:02:91:e8:18:ec,50:02:91:e8:18:ec,,,,-47,1,2412,False,False
1778935964.3166602,management,beacon,d8:d7:75:45:81:24,ff:ff:ff:ff:ff:ff,ff:ff:ff:ff:ff:ff,d8:d7:75:45:81:24,d8:d7:75:45:81:24,FunBox2-8124,-42,1,2412,False,False
1778935964.419018,management,beacon,d8:d7:75:45:81:24,ff:ff:ff:ff:ff:ff,ff:ff:ff:ff:ff:ff,d8:d7:75:45:81:24,d8:d7:75:45:81:24,FunBox2-8124,-45,1,2412,False,False
1778935964.47579,management,probe_request,46:e5:c9:b7:e2:d1,ff:ff:ff:ff:ff:ff,ff:ff:ff:ff:ff:ff,46:e5:c9:b7:e2:d1,ff:ff:ff:ff:ff:ff,<hidden>,-30,1,2412,False,False
1778935964.4790273,management,probe_response,d8:d7:75:45:81:24,46:e5:c9:b7:e2:d1,46:e5:c9:b7:e2:d1,d8:d7:75:45:81:24,d8:d7:75:45:81:24,FunBox2-8124,-43,1,2412,False,False
1778935964.4793167,control,ack,,d8:d7:75:45:81:24,d8:d7:75:45:81:24,,,,-31,1,2412,False,False
1778935964.521449,management,beacon,d8:d7:75:45:81:24,ff:ff:ff:ff:ff:ff,ff:ff:ff:ff:ff:ff,d8:d7:75:45:81:24,d8:d7:75:45:81:24,FunBox2-8124,-44,1,2412,False,False
1778935964.5398793,management,probe_request,46:e5:c9:b7:e2:d1,ff:ff:ff:ff:ff:ff,ff:ff:ff:ff:ff:ff,46:e5:c9:b7:e2:d1,ff:ff:ff:ff:ff:ff,<hidden>,-32,1,2412,False,False
1778935964.5431063,management,probe_response,d8:d7:75:45:81:24,46:e5:c9:b7:e2:d1,46:e5:c9:b7:e2:d1,d8:d7:75:45:81:24,d8:d7:75:45:81:24,FunBox2-8124,-42,1,2412,False,False
1778935964.543399,control,ack,,d8:d7:75:45:81:24,d8:d7:75:45:81:24,,,,-32,1,2412,False,False
1778935964.54784,management,probe_response,d8:d7:75:45:81:24,46:e5:c9:b7:e2:d1,46:e5:c9:b7:e2:d1,d8:d7:75:45:81:24,d8:d7:75:45:81:24,FunBox2-8124,-42,1,2412,False,True
1778935964.5537546,management,probe_response,d8:d7:75:45:81:24,46:e5:c9:b7:e2:d1,46:e5:c9:b7:e2:d1,d8:d7:75:45:81:24,d8:d7:75:45:81:24,FunBox2-8124,-43,1,2412,False,True
1778935964.5586824,control,ack,,d8:d7:75:45:81:24,d8:d7:75:45:81:24,,,,-33,1,2412,False,False
1778935964.562682,management,probe_response,d8:d7:75:45:81:24,46:e5:c9:b7:e2:d1,46:e5:c9:b7:e2:d1,d8:d7:75:45:81:24,d8:d7:75:45:81:24,FunBox2-8124,-44,1,2412,False,True
1778935964.6238086,management,beacon,d8:d7:75:45:81:24,ff:ff:ff:ff:ff:ff,ff:ff:ff:ff:ff:ff,d8:d7:75:45:81:24,d8:d7:75:45:81:24,FunBox2-8124,-43,1,2412,False,False
1778935964.67104,management,probe_response,d8:d7:75:45:81:24,46:e5:c9:b7:e2:d1,46:e5:c9:b7:e2:d1,d8:d7:75:45:81:24,d8:d7:75:45:81:24,FunBox2-8124,-44,1,2412,False,False
1778935964.6746552,management,probe_response,d8:d7:75:45:81:24,46:e5:c9:b7:e2:d1,46:e5:c9:b7:e2:d1,d8:d7:75:45:81:24,d8:d7:75:45:81:24,FunBox2-8124,-44,1,2412,False,True
1778935964.678777,management,probe_response,d8:d7:75:45:81:24,46:e5:c9:b7:e2:d1,46:e5:c9:b7:e2:d1,d8:d7:75:45:81:24,d8:d7:75:45:81:24,FunBox2-8124,-47,1,2412,False,True
1778935964.6831162,management,probe_response,d8:d7:75:45:81:24,46:e5:c9:b7:e2:d1,46:e5:c9:b7:e2:d1,d8:d7:75:45:81:24,d8:d7:75:45:81:24,FunBox2-8124,-44,1,2412,False,True
1778935964.6878903,management,probe_response,d8:d7:75:45:81:24,46:e5:c9:b7:e2:d1,46:e5:c9:b7:e2:d1,d8:d7:75:45:81:24,d8:d7:75:45:81:24,FunBox2-8124,-45,1,2412,False,True
1778935964.7262542,management,beacon,d8:d7:75:45:81:24,ff:ff:ff:ff:ff:ff,ff:ff:ff:ff:ff:ff,d8:d7:75:45:81:24,d8:d7:75:45:81:24,FunBox2-8124,-43,1,2412,False,False
1778935964.828676,management,beacon,d8:d7:75:45:81:24,ff:ff:ff:ff:ff:ff,ff:ff:ff:ff:ff:ff,d8:d7:75:45:81:24,d8:d7:75:45:81:24,FunBox2-8124,-45,1,2412,False,False
1778935964.931064,management,beacon,d8:d7:75:45:81:24,ff:ff:ff:ff:ff:ff,ff:ff:ff:ff:ff:ff,d8:d7:75:45:81:24,d8:d7:75:45:81:24,FunBox2-8124,-48,1,2412,False,False
1778935965.0334566,management,beacon,d8:d7:75:45:81:24,ff:ff:ff:ff:ff:ff,ff:ff:ff:ff:ff:ff,d8:d7:75:45:81:24,d8:d7:75:45:81:24,FunBox2-8124,-43,1,2412,False,False
1778935965.1358442,management,beacon,d8:d7:75:45:81:24,ff:ff:ff:ff:ff:ff,ff:ff:ff:ff:ff:ff,d8:d7:75:45:81:24,d8:d7:75:45:81:24,FunBox2-8124,-44,1,2412,False,False
1778935965.2382405,management,beacon,d8:d7:75:45:81:24,ff:ff:ff:ff:ff:ff,ff:ff:ff:ff:ff:ff,d8:d7:75:45:81:24,d8:d7:75:45:81:24,FunBox2-8124,-44,1,2412,False,False
1778935965.23946,data,null_data,50:02:91:e8:18:ec,d8:d7:75:45:81:24,d8:d7:75:45:81:24,50:02:91:e8:18:ec,d8:d7:75:45:81:24,,-85,1,2412,False,False
1778935965.239464,control,ack,,50:02:91:e8:18:ec,50:02:91:e8:18:ec,,,,-47,1,2412,False,False
1778935965.340641,management,beacon,d8:d7:75:45:81:24,ff:ff:ff:ff:ff:ff,ff:ff:ff:ff:ff:ff,d8:d7:75:45:81:24,d8:d7:75:45:81:24,FunBox2-8124,-46,1,2412,False,False
1778935965.4005303,data,null_data,50:02:91:e8:18:ec,d8:d7:75:45:81:24,d8:d7:75:45:81:24,50:02:91:e8:18:ec,d8:d7:75:45:81:24,,-85,1,2412,False,False
1778935965.4005404,control,ack,,50:02:91:e8:18:ec,50:02:91:e8:18:ec,,,,-47,1,2412,False,False
1778935965.4005415,data,null_data,50:02:91:e8:18:ec,d8:d7:75:45:81:24,d8:d7:75:45:81:24,50:02:91:e8:18:ec,d8:d7:75:45:81:24,,-84,1,2412,False,True
1778935965.4005425,control,ack,,50:02:91:e8:18:ec,50:02:91:e8:18:ec,,,,-47,1,2412,False,False
1778935965.443041,management,beacon,d8:d7:75:45:81:24,ff:ff:ff:ff:ff:ff,ff:ff:ff:ff:ff:ff,d8:d7:75:45:81:24,d8:d7:75:45:81:24,FunBox2-8124,-44,1,2412,False,False
1778935965.5454495,management,beacon,d8:d7:75:45:81:24,ff:ff:ff:ff:ff:ff,ff:ff:ff:ff:ff:ff,d8:d7:75:45:81:24,d8:d7:75:45:81:24,FunBox2-8124,-46,1,2412,False,False
1778935965.6478472,management,beacon,d8:d7:75:45:81:24,ff:ff:ff:ff:ff:ff,ff:ff:ff:ff:ff:ff,d8:d7:75:45:81:24,d8:d7:75:45:81:24,FunBox2-8124,-44,1,2412,False,False
1778935965.718722,management,probe_request,12:a8:7b:79:fe:23,ff:ff:ff:ff:ff:ff,ff:ff:ff:ff:ff:ff,12:a8:7b:79:fe:23,ff:ff:ff:ff:ff:ff,<hidden>,-58,1,2412,False,False
1778935965.7219942,management,probe_response,d8:d7:75:45:81:24,12:a8:7b:79:fe:23,12:a8:7b:79:fe:23,d8:d7:75:45:81:24,d8:d7:75:45:81:24,FunBox2-8124,-46,1,2412,False,False
1778935965.7222798,control,ack,,d8:d7:75:45:81:24,d8:d7:75:45:81:24,,,,-62,1,2412,False,False
1778935965.7390556,management,probe_request,12:a8:7b:79:fe:23,ff:ff:ff:ff:ff:ff,ff:ff:ff:ff:ff:ff,12:a8:7b:79:fe:23,ff:ff:ff:ff:ff:ff,<hidden>,-60,1,2412,False,False
1778935965.7425852,control,ack,,d8:d7:75:45:81:24,d8:d7:75:45:81:24,,,,-60,1,2412,False,False
1778935965.7502635,management,beacon,d8:d7:75:45:81:24,ff:ff:ff:ff:ff:ff,ff:ff:ff:ff:ff:ff,d8:d7:75:45:81:24,d8:d7:75:45:81:24,FunBox2-8124,-45,1,2412,False,False
1778935965.8526945,management,beacon,d8:d7:75:45:81:24,ff:ff:ff:ff:ff:ff,ff:ff:ff:ff:ff:ff,d8:d7:75:45:81:24,d8:d7:75:45:81:24,FunBox2-8124,-44,1,2412,False,False
1778935965.9563587,management,beacon,d8:d7:75:45:81:24,ff:ff:ff:ff:ff:ff,ff:ff:ff:ff:ff:ff,d8:d7:75:45:81:24,d8:d7:75:45:81:24,FunBox2-8124,-46,1,2412,False,False
1778935966.0575025,management,beacon,d8:d7:75:45:81:24,ff:ff:ff:ff:ff:ff,ff:ff:ff:ff:ff:ff,d8:d7:75:45:81:24,d8:d7:75:45:81:24,FunBox2-8124,-45,1,2412,False,False
1778935966.0888584,control,cts,,ce:d0:54:70:b1:b3,ce:d0:54:70:b1:b3,,,,-86,1,2412,False,False
1778935966.1598785,management,beacon,d8:d7:75:45:81:24,ff:ff:ff:ff:ff:ff,ff:ff:ff:ff:ff:ff,d8:d7:75:45:81:24,d8:d7:75:45:81:24,FunBox2-8124,-46,1,2412,False,False
1778935966.2622716,management,beacon,d8:d7:75:45:81:24,ff:ff:ff:ff:ff:ff,ff:ff:ff:ff:ff:ff,d8:d7:75:45:81:24,d8:d7:75:45:81:24,FunBox2-8124,-41,1,2412,False,False
1778935966.3646927,management,beacon,d8:d7:75:45:81:24,ff:ff:ff:ff:ff:ff,ff:ff:ff:ff:ff:ff,d8:d7:75:45:81:24,d8:d7:75:45:81:24,FunBox2-8124,-45,1,2412,False,False
1778935966.4670856,management,beacon,d8:d7:75:45:81:24,ff:ff:ff:ff:ff:ff,ff:ff:ff:ff:ff:ff,d8:d7:75:45:81:24,d8:d7:75:45:81:24,FunBox2-8124,-47,1,2412,False,False
1778935966.5695243,management,beacon,d8:d7:75:45:81:24,ff:ff:ff:ff:ff:ff,ff:ff:ff:ff:ff:ff,d8:d7:75:45:81:24,d8:d7:75:45:81:24,FunBox2-8124,-44,1,2412,False,False
1778935966.6718972,management,beacon,d8:d7:75:45:81:24,ff:ff:ff:ff:ff:ff,ff:ff:ff:ff:ff:ff,d8:d7:75:45:81:24,d8:d7:75:45:81:24,FunBox2-8124,-43,1,2412,False,False
1778935966.7743075,management,beacon,d8:d7:75:45:81:24,ff:ff:ff:ff:ff:ff,ff:ff:ff:ff:ff:ff,d8:d7:75:45:81:24,d8:d7:75:45:81:24,FunBox2-8124,-46,1,2412,False,False
1778935966.7754707,data,null_data,50:02:91:e8:18:ec,d8:d7:75:45:81:24,d8:d7:75:45:81:24,50:02:91:e8:18:ec,d8:d7:75:45:81:24,,-84,1,2412,False,False
1778935966.7754748,control,ack,,50:02:91:e8:18:ec,50:02:91:e8:18:ec,,,,-47,1,2412,False,False
1778935966.8767295,management,beacon,d8:d7:75:45:81:24,ff:ff:ff:ff:ff:ff,ff:ff:ff:ff:ff:ff,d8:d7:75:45:81:24,d8:d7:75:45:81:24,FunBox2-8124,-44,1,2412,False,False
1778935966.9363458,data,null_data,50:02:91:e8:18:ec,d8:d7:75:45:81:24,d8:d7:75:45:81:24,50:02:91:e8:18:ec,d8:d7:75:45:81:24,,-83,1,2412,False,False
1778935966.9363549,control,ack,,50:02:91:e8:18:ec,50:02:91:e8:18:ec,,,,-45,1,2412,False,False
1778935966.9791625,management,beacon,d8:d7:75:45:81:24,ff:ff:ff:ff:ff:ff,ff:ff:ff:ff:ff:ff,d8:d7:75:45:81:24,d8:d7:75:45:81:24,FunBox2-8124,-45,1,2412,False,False
1778935967.0815094,management,beacon,d8:d7:75:45:81:24,ff:ff:ff:ff:ff:ff,ff:ff:ff:ff:ff:ff,d8:d7:75:45:81:24,d8:d7:75:45:81:24,FunBox2-8124,-44,1,2412,False,False
1778935967.1838944,management,beacon,d8:d7:75:45:81:24,ff:ff:ff:ff:ff:ff,ff:ff:ff:ff:ff:ff,d8:d7:75:45:81:24,d8:d7:75:45:81:24,FunBox2-8124,-42,1,2412,False,False
1778935967.28631,management,beacon,d8:d7:75:45:81:24,ff:ff:ff:ff:ff:ff,ff:ff:ff:ff:ff:ff,d8:d7:75:45:81:24,d8:d7:75:45:81:24,FunBox2-8124,-47,1,2412,False,False
1778935967.3887331,management,beacon,d8:d7:75:45:81:24,ff:ff:ff:ff:ff:ff,ff:ff:ff:ff:ff:ff,d8:d7:75:45:81:24,d8:d7:75:45:81:24,FunBox2-8124,-49,1,2412,False,False
1778935967.4911125,management,beacon,d8:d7:75:45:81:24,ff:ff:ff:ff:ff:ff,ff:ff:ff:ff:ff:ff,d8:d7:75:45:81:24,d8:d7:75:45:81:24,FunBox2-8124,-49,1,2412,False,False
1778935967.5935135,management,beacon,d8:d7:75:45:81:24,ff:ff:ff:ff:ff:ff,ff:ff:ff:ff:ff:ff,d8:d7:75:45:81:24,d8:d7:75:45:81:24,FunBox2-8124,-55,1,2412,False,False
1778935967.6959286,management,beacon,d8:d7:75:45:81:24,ff:ff:ff:ff:ff:ff,ff:ff:ff:ff:ff:ff,d8:d7:75:45:81:24,d8:d7:75:45:81:24,FunBox2-8124,-54,1,2412,False,False
1778935967.7196045,management,beacon,ac:84:c6:41:71:22,ff:ff:ff:ff:ff:ff,ff:ff:ff:ff:ff:ff,ac:84:c6:41:71:22,ac:84:c6:41:71:22,TP-LINK_7122,-86,1,2412,False,False
1778935967.7983756,management,beacon,d8:d7:75:45:81:24,ff:ff:ff:ff:ff:ff,ff:ff:ff:ff:ff:ff,d8:d7:75:45:81:24,d8:d7:75:45:81:24,FunBox2-8124,-43,1,2412,False,False
1778935967.9007406,management,beacon,d8:d7:75:45:81:24,ff:ff:ff:ff:ff:ff,ff:ff:ff:ff:ff:ff,d8:d7:75:45:81:24,d8:d7:75:45:81:24,FunBox2-8124,-57,1,2412,False,False
1778935968.0031617,management,beacon,d8:d7:75:45:81:24,ff:ff:ff:ff:ff:ff,ff:ff:ff:ff:ff:ff,d8:d7:75:45:81:24,d8:d7:75:45:81:24,FunBox2-8124,-42,1,2412,False,False
1778935968.105601,management,beacon,d8:d7:75:45:81:24,ff:ff:ff:ff:ff:ff,ff:ff:ff:ff:ff:ff,d8:d7:75:45:81:24,d8:d7:75:45:81:24,FunBox2-8124,-43,1,2412,False,False
1778935968.2079368,management,beacon,d8:d7:75:45:81:24,ff:ff:ff:ff:ff:ff,ff:ff:ff:ff:ff:ff,d8:d7:75:45:81:24,d8:d7:75:45:81:24,FunBox2-8124,-52,1,2412,False,False
1778935968.3103898,management,beacon,d8:d7:75:45:81:24,ff:ff:ff:ff:ff:ff,ff:ff:ff:ff:ff:ff,d8:d7:75:45:81:24,d8:d7:75:45:81:24,FunBox2-8124,-57,1,2412,False,False
1778935968.412773,management,beacon,d8:d7:75:45:81:24,ff:ff:ff:ff:ff:ff,ff:ff:ff:ff:ff:ff,d8:d7:75:45:81:24,d8:d7:75:45:81:24,FunBox2-8124,-52,1,2412,False,False
1778935968.4139323,data,null_data,50:02:91:e8:18:ec,d8:d7:75:45:81:24,d8:d7:75:45:81:24,50:02:91:e8:18:ec,d8:d7:75:45:81:24,,-81,1,2412,False,False
1778935968.4139345,control,ack,,50:02:91:e8:18:ec,50:02:91:e8:18:ec,,,,-56,1,2412,False,False
1778935968.4404883,data,data,d8:d7:75:45:81:24,33:33:00:00:00:01,33:33:00:00:00:01,d8:d7:75:45:81:24,d8:d7:75:45:81:24,,-54,1,2412,True,False
1778935968.4407701,control,ack,,d8:d7:75:45:81:24,d8:d7:75:45:81:24,,,,-82,1,2412,False,False
1778935968.5151596,management,beacon,d8:d7:75:45:81:24,ff:ff:ff:ff:ff:ff,ff:ff:ff:ff:ff:ff,d8:d7:75:45:81:24,d8:d7:75:45:81:24,FunBox2-8124,-48,1,2412,False,False
1778935968.6012802,control,ack,,50:02:91:e8:18:ec,50:02:91:e8:18:ec,,,,-47,1,2412,False,False
1778935968.617563,management,beacon,d8:d7:75:45:81:24,ff:ff:ff:ff:ff:ff,ff:ff:ff:ff:ff:ff,d8:d7:75:45:81:24,d8:d7:75:45:81:24,FunBox2-8124,-43,1,2412,False,False
1778935968.8224027,management,beacon,d8:d7:75:45:81:24,ff:ff:ff:ff:ff:ff,ff:ff:ff:ff:ff:ff,d8:d7:75:45:81:24,d8:d7:75:45:81:24,FunBox2-8124,-49,1,2412,False,False
1778935968.9248343,management,beacon,d8:d7:75:45:81:24,ff:ff:ff:ff:ff:ff,ff:ff:ff:ff:ff:ff,d8:d7:75:45:81:24,d8:d7:75:45:81:24,FunBox2-8124,-48,1,2412,False,False
1778935969.0271637,management,beacon,d8:d7:75:45:81:24,ff:ff:ff:ff:ff:ff,ff:ff:ff:ff:ff:ff,d8:d7:75:45:81:24,d8:d7:75:45:81:24,FunBox2-8124,-43,1,2412,False,False
1778935969.1295834,management,beacon,d8:d7:75:45:81:24,ff:ff:ff:ff:ff:ff,ff:ff:ff:ff:ff:ff,d8:d7:75:45:81:24,d8:d7:75:45:81:24,FunBox2-8124,-44,1,2412,False,False
1778935969.334429,management,beacon,d8:d7:75:45:81:24,ff:ff:ff:ff:ff:ff,ff:ff:ff:ff:ff:ff,d8:d7:75:45:81:24,d8:d7:75:45:81:24,FunBox2-8124,-42,1,2412,False,False
1778935969.436819,management,beacon,d8:d7:75:45:81:24,ff:ff:ff:ff:ff:ff,ff:ff:ff:ff:ff:ff,d8:d7:75:45:81:24,d8:d7:75:45:81:24,FunBox2-8124,-46,1,2412,False,False
1778935969.5392199,management,beacon,d8:d7:75:45:81:24,ff:ff:ff:ff:ff:ff,ff:ff:ff:ff:ff:ff,d8:d7:75:45:81:24,d8:d7:75:45:81:24,FunBox2-8124,-43,1,2412,False,False
1778935969.6416388,management,beacon,d8:d7:75:45:81:24,ff:ff:ff:ff:ff:ff,ff:ff:ff:ff:ff:ff,d8:d7:75:45:81:24,d8:d7:75:45:81:24,FunBox2-8124,-48,1,2412,False,False
1778935969.8464334,management,beacon,d8:d7:75:45:81:24,ff:ff:ff:ff:ff:ff,ff:ff:ff:ff:ff:ff,d8:d7:75:45:81:24,d8:d7:75:45:81:24,FunBox2-8124,-43,1,2412,False,False
1778935969.8475058,data,data,d8:d7:75:45:81:24,01:00:5e:00:00:01,01:00:5e:00:00:01,d8:d7:75:45:81:24,d8:d7:75:45:81:24,,-44,1,2412,True,False
1778935969.8479981,control,ack,,d8:d7:75:45:81:24,d8:d7:75:45:81:24,,,,-83,1,2412,False,False
1778935969.8480005,data,null_data,50:02:91:e8:18:ec,d8:d7:75:45:81:24,d8:d7:75:45:81:24,50:02:91:e8:18:ec,d8:d7:75:45:81:24,,-81,1,2412,False,False
1778935969.8480015,control,ack,,50:02:91:e8:18:ec,50:02:91:e8:18:ec,,,,-47,1,2412,False,False
1778935969.9488213,management,beacon,d8:d7:75:45:81:24,ff:ff:ff:ff:ff:ff,ff:ff:ff:ff:ff:ff,d8:d7:75:45:81:24,d8:d7:75:45:81:24,FunBox2-8124,-41,1,2412,False,False
1778935970.0089514,data,null_data,50:02:91:e8:18:ec,d8:d7:75:45:81:24,d8:d7:75:45:81:24,50:02:91:e8:18:ec,d8:d7:75:45:81:24,,-84,1,2412,False,False
1778935970.0089688,control,ack,,50:02:91:e8:18:ec,50:02:91:e8:18:ec,,,,-44,1,2412,False,False
1778935970.051236,management,beacon,d8:d7:75:45:81:24,ff:ff:ff:ff:ff:ff,ff:ff:ff:ff:ff:ff,d8:d7:75:45:81:24,d8:d7:75:45:81:24,FunBox2-8124,-44,1,2412,False,False
1778935970.1536715,management,beacon,d8:d7:75:45:81:24,ff:ff:ff:ff:ff:ff,ff:ff:ff:ff:ff:ff,d8:d7:75:45:81:24,d8:d7:75:45:81:24,FunBox2-8124,-44,1,2412,False,False
1778935970.3584425,management,beacon,d8:d7:75:45:81:24,ff:ff:ff:ff:ff:ff,ff:ff:ff:ff:ff:ff,d8:d7:75:45:81:24,d8:d7:75:45:81:24,FunBox2-8124,-46,1,2412,False,False
1778935970.4608457,management,beacon,d8:d7:75:45:81:24,ff:ff:ff:ff:ff:ff,ff:ff:ff:ff:ff:ff,d8:d7:75:45:81:24,d8:d7:75:45:81:24,FunBox2-8124,-44,1,2412,False,False
1778935970.5632784,management,beacon,d8:d7:75:45:81:24,ff:ff:ff:ff:ff:ff,ff:ff:ff:ff:ff:ff,d8:d7:75:45:81:24,d8:d7:75:45:81:24,FunBox2-8124,-46,1,2412,False,False
1778935970.6663961,management,beacon,d8:d7:75:45:81:24,ff:ff:ff:ff:ff:ff,ff:ff:ff:ff:ff:ff,d8:d7:75:45:81:24,d8:d7:75:45:81:24,FunBox2-8124,-45,1,2412,False,False
1778935970.7619295,control,rts,54:35:30:cf:ee:1e,d8:d7:75:45:81:24,d8:d7:75:45:81:24,54:35:30:cf:ee:1e,,,-55,1,2412,False,False
1778935970.761945,control,cts,,54:35:30:cf:ee:1e,54:35:30:cf:ee:1e,,,,-48,1,2412,False,False
1778935970.7619472,data,qos_data,54:35:30:cf:ee:1e,d8:d7:75:45:81:24,d8:d7:75:45:81:24,54:35:30:cf:ee:1e,ff:ff:ff:ff:ff:ff,,-55,1,2412,True,False
1778935970.7619493,control,block_ack,d8:d7:75:45:81:24,54:35:30:cf:ee:1e,54:35:30:cf:ee:1e,d8:d7:75:45:81:24,,,-49,1,2412,False,False
1778935970.7815433,management,beacon,ac:84:c6:41:71:22,ff:ff:ff:ff:ff:ff,ff:ff:ff:ff:ff:ff,ac:84:c6:41:71:22,ac:84:c6:41:71:22,TP-LINK_7122,-86,1,2412,False,False
1778935970.870433,management,beacon,d8:d7:75:45:81:24,ff:ff:ff:ff:ff:ff,ff:ff:ff:ff:ff:ff,d8:d7:75:45:81:24,d8:d7:75:45:81:24,FunBox2-8124,-46,1,2412,False,False
1778935970.9728448,management,beacon,d8:d7:75:45:81:24,ff:ff:ff:ff:ff:ff,ff:ff:ff:ff:ff:ff,d8:d7:75:45:81:24,d8:d7:75:45:81:24,FunBox2-8124,-48,1,2412,False,False
1778935970.9862251,management,beacon,ac:84:c6:41:71:22,ff:ff:ff:ff:ff:ff,ff:ff:ff:ff:ff:ff,ac:84:c6:41:71:22,ac:84:c6:41:71:22,TP-LINK_7122,-92,1,2412,False,False
1778935971.07528,management,beacon,d8:d7:75:45:81:24,ff:ff:ff:ff:ff:ff,ff:ff:ff:ff:ff:ff,d8:d7:75:45:81:24,d8:d7:75:45:81:24,FunBox2-8124,-44,1,2412,False,False
1778935971.0765316,data,data,d8:d7:75:45:81:24,ff:ff:ff:ff:ff:ff,ff:ff:ff:ff:ff:ff,d8:d7:75:45:81:24,54:35:30:cf:ee:1e,,-45,1,2412,True,False
1778935971.0768497,control,ack,,d8:d7:75:45:81:24,d8:d7:75:45:81:24,,,,-86,1,2412,False,False
1778935971.077262,control,ack,,50:02:91:e8:18:ec,50:02:91:e8:18:ec,,,,-46,1,2412,False,False
1778935971.0772634,data,null_data,50:02:91:e8:18:ec,d8:d7:75:45:81:24,d8:d7:75:45:81:24,50:02:91:e8:18:ec,d8:d7:75:45:81:24,,-86,1,2412,False,True
1778935971.0772645,control,ack,,50:02:91:e8:18:ec,50:02:91:e8:18:ec,,,,-46,1,2412,False,False
1778935971.1052487,control,ack,,ce:d0:54:70:b1:b3,ce:d0:54:70:b1:b3,,,,-91,1,2412,False,False
1778935971.1587477,control,ack,,ce:d0:54:70:b1:b3,ce:d0:54:70:b1:b3,,,,-92,1,2412,False,False
1778935971.1776514,management,beacon,d8:d7:75:45:81:24,ff:ff:ff:ff:ff:ff,ff:ff:ff:ff:ff:ff,d8:d7:75:45:81:24,d8:d7:75:45:81:24,FunBox2-8124,-42,1,2412,False,False
1778935971.206357,control,ack,,ce:d0:54:70:b1:b3,ce:d0:54:70:b1:b3,,,,-90,1,2412,False,False
1778935971.2383034,control,ack,,50:02:91:e8:18:ec,50:02:91:e8:18:ec,,,,-44,1,2412,False,False
1778935971.2566378,control,ack,,ce:d0:54:70:b1:b3,ce:d0:54:70:b1:b3,,,,-89,1,2412,False,False
1778935971.3824546,management,beacon,d8:d7:75:45:81:24,ff:ff:ff:ff:ff:ff,ff:ff:ff:ff:ff:ff,d8:d7:75:45:81:24,d8:d7:75:45:81:24,FunBox2-8124,-47,1,2412,False,False
1778935971.395583,management,beacon,ac:84:c6:41:71:22,ff:ff:ff:ff:ff:ff,ff:ff:ff:ff:ff:ff,ac:84:c6:41:71:22,ac:84:c6:41:71:22,TP-LINK_7122,-87,1,2412,False,False
1778935971.4677672,management,probe_request,46:e5:c9:b7:e2:d1,ff:ff:ff:ff:ff:ff,ff:ff:ff:ff:ff:ff,46:e5:c9:b7:e2:d1,ff:ff:ff:ff:ff:ff,<hidden>,-31,1,2412,False,False
1778935971.4713316,control,ack,,d8:d7:75:45:81:24,d8:d7:75:45:81:24,,,,-33,1,2412,False,False
1778935971.4903922,management,beacon,d8:d7:75:45:81:24,ff:ff:ff:ff:ff:ff,ff:ff:ff:ff:ff:ff,d8:d7:75:45:81:24,d8:d7:75:45:81:24,FunBox2-8124,-46,1,2412,False,False
1778935971.4978979,management,beacon,ac:84:c6:41:71:22,ff:ff:ff:ff:ff:ff,ff:ff:ff:ff:ff:ff,ac:84:c6:41:71:22,ac:84:c6:41:71:22,TP-LINK_7122,-89,1,2412,False,False
1778935971.5872836,management,beacon,d8:d7:75:45:81:24,ff:ff:ff:ff:ff:ff,ff:ff:ff:ff:ff:ff,d8:d7:75:45:81:24,d8:d7:75:45:81:24,FunBox2-8124,-41,1,2412,False,False
1778935971.6051931,management,probe_response,d8:d7:75:45:81:24,46:e5:c9:b7:e2:d1,46:e5:c9:b7:e2:d1,d8:d7:75:45:81:24,d8:d7:75:45:81:24,FunBox2-8124,-44,1,2412,False,True
1778935971.6096165,management,probe_response,d8:d7:75:45:81:24,46:e5:c9:b7:e2:d1,46:e5:c9:b7:e2:d1,d8:d7:75:45:81:24,d8:d7:75:45:81:24,FunBox2-8124,-43,1,2412,False,True
1778935971.6136043,management,probe_response,d8:d7:75:45:81:24,46:e5:c9:b7:e2:d1,46:e5:c9:b7:e2:d1,d8:d7:75:45:81:24,d8:d7:75:45:81:24,FunBox2-8124,-41,1,2412,False,True
1778935971.6173093,management,probe_response,d8:d7:75:45:81:24,46:e5:c9:b7:e2:d1,46:e5:c9:b7:e2:d1,d8:d7:75:45:81:24,d8:d7:75:45:81:24,FunBox2-8124,-41,1,2412,False,True
1778935971.6630716,management,probe_response,d8:d7:75:45:81:24,46:e5:c9:b7:e2:d1,46:e5:c9:b7:e2:d1,d8:d7:75:45:81:24,d8:d7:75:45:81:24,FunBox2-8124,-43,1,2412,False,False
1778935971.6674986,management,probe_response,d8:d7:75:45:81:24,46:e5:c9:b7:e2:d1,46:e5:c9:b7:e2:d1,d8:d7:75:45:81:24,d8:d7:75:45:81:24,FunBox2-8124,-42,1,2412,False,True
1778935971.6722178,management,probe_response,d8:d7:75:45:81:24,46:e5:c9:b7:e2:d1,46:e5:c9:b7:e2:d1,d8:d7:75:45:81:24,d8:d7:75:45:81:24,FunBox2-8124,-43,1,2412,False,True
1778935971.6760144,management,probe_response,d8:d7:75:45:81:24,46:e5:c9:b7:e2:d1,46:e5:c9:b7:e2:d1,d8:d7:75:45:81:24,d8:d7:75:45:81:24,FunBox2-8124,-43,1,2412,False,True
1778935971.6830854,management,probe_response,d8:d7:75:45:81:24,46:e5:c9:b7:e2:d1,46:e5:c9:b7:e2:d1,d8:d7:75:45:81:24,d8:d7:75:45:81:24,FunBox2-8124,-43,1,2412,False,True
1778935971.6910768,management,beacon,d8:d7:75:45:81:24,ff:ff:ff:ff:ff:ff,ff:ff:ff:ff:ff:ff,d8:d7:75:45:81:24,d8:d7:75:45:81:24,FunBox2-8124,-43,1,2412,False,False
1778935971.7271662,management,probe_response,d8:d7:75:45:81:24,46:e5:c9:b7:e2:d1,46:e5:c9:b7:e2:d1,d8:d7:75:45:81:24,d8:d7:75:45:81:24,FunBox2-8124,-41,1,2412,False,False
1778935971.7316952,management,probe_response,d8:d7:75:45:81:24,46:e5:c9:b7:e2:d1,46:e5:c9:b7:e2:d1,d8:d7:75:45:81:24,d8:d7:75:45:81:24,FunBox2-8124,-47,1,2412,False,True
1778935971.7353492,management,probe_response,d8:d7:75:45:81:24,46:e5:c9:b7:e2:d1,46:e5:c9:b7:e2:d1,d8:d7:75:45:81:24,d8:d7:75:45:81:24,FunBox2-8124,-46,1,2412,False,True
1778935971.7394211,management,probe_response,d8:d7:75:45:81:24,46:e5:c9:b7:e2:d1,46:e5:c9:b7:e2:d1,d8:d7:75:45:81:24,d8:d7:75:45:81:24,FunBox2-8124,-46,1,2412,False,True
1778935971.7431052,management,probe_response,d8:d7:75:45:81:24,46:e5:c9:b7:e2:d1,46:e5:c9:b7:e2:d1,d8:d7:75:45:81:24,d8:d7:75:45:81:24,FunBox2-8124,-46,1,2412,False,True
1778935971.7976635,data,null_data,50:02:91:e8:18:ec,d8:d7:75:45:81:24,d8:d7:75:45:81:24,50:02:91:e8:18:ec,d8:d7:75:45:81:24,,-83,1,2412,False,False
1778935971.7976706,control,ack,,50:02:91:e8:18:ec,50:02:91:e8:18:ec,,,,-45,1,2412,False,False
1778935971.894491,management,beacon,d8:d7:75:45:81:24,ff:ff:ff:ff:ff:ff,ff:ff:ff:ff:ff:ff,d8:d7:75:45:81:24,d8:d7:75:45:81:24,FunBox2-8124,-47,1,2412,False,False
1778935971.9585176,data,null_data,50:02:91:e8:18:ec,d8:d7:75:45:81:24,d8:d7:75:45:81:24,50:02:91:e8:18:ec,d8:d7:75:45:81:24,,-84,1,2412,False,False
1778935971.9585257,control,ack,,50:02:91:e8:18:ec,50:02:91:e8:18:ec,,,,-48,1,2412,False,False
1778935971.9969246,management,beacon,d8:d7:75:45:81:24,ff:ff:ff:ff:ff:ff,ff:ff:ff:ff:ff:ff,d8:d7:75:45:81:24,d8:d7:75:45:81:24,FunBox2-8124,-43,1,2412,False,False
1778935972.0993254,management,beacon,d8:d7:75:45:81:24,ff:ff:ff:ff:ff:ff,ff:ff:ff:ff:ff:ff,d8:d7:75:45:81:24,d8:d7:75:45:81:24,FunBox2-8124,-48,1,2412,False,False
1778935972.2016973,management,beacon,d8:d7:75:45:81:24,ff:ff:ff:ff:ff:ff,ff:ff:ff:ff:ff:ff,d8:d7:75:45:81:24,d8:d7:75:45:81:24,FunBox2-8124,-44,1,2412,False,False
1778935972.2142792,management,beacon,ac:84:c6:41:71:22,ff:ff:ff:ff:ff:ff,ff:ff:ff:ff:ff:ff,ac:84:c6:41:71:22,ac:84:c6:41:71:22,TP-LINK_7122,-90,1,2412,False,False
1778935972.4065008,management,beacon,d8:d7:75:45:81:24,ff:ff:ff:ff:ff:ff,ff:ff:ff:ff:ff:ff,d8:d7:75:45:81:24,d8:d7:75:45:81:24,FunBox2-8124,-46,1,2412,False,False
1778935972.4189544,management,beacon,ac:84:c6:41:71:22,ff:ff:ff:ff:ff:ff,ff:ff:ff:ff:ff:ff,ac:84:c6:41:71:22,ac:84:c6:41:71:22,TP-LINK_7122,-91,1,2412,False,False
1778935972.5089104,management,beacon,d8:d7:75:45:81:24,ff:ff:ff:ff:ff:ff,ff:ff:ff:ff:ff:ff,d8:d7:75:45:81:24,d8:d7:75:45:81:24,FunBox2-8124,-45,1,2412,False,False
1778935972.6113002,management,beacon,d8:d7:75:45:81:24,ff:ff:ff:ff:ff:ff,ff:ff:ff:ff:ff:ff,d8:d7:75:45:81:24,d8:d7:75:45:81:24,FunBox2-8124,-43,1,2412,False,False
1778935972.713763,management,beacon,d8:d7:75:45:81:24,ff:ff:ff:ff:ff:ff,ff:ff:ff:ff:ff:ff,d8:d7:75:45:81:24,d8:d7:75:45:81:24,FunBox2-8124,-45,1,2412,False,False
1778935972.8187132,control,ack,,ce:d0:54:70:b1:b3,ce:d0:54:70:b1:b3,,,,-89,1,2412,False,False
1778935972.9185805,management,beacon,d8:d7:75:45:81:24,ff:ff:ff:ff:ff:ff,ff:ff:ff:ff:ff:ff,d8:d7:75:45:81:24,d8:d7:75:45:81:24,FunBox2-8124,-48,1,2412,False,False
1778935972.9199893,data,null_data,50:02:91:e8:18:ec,d8:d7:75:45:81:24,d8:d7:75:45:81:24,50:02:91:e8:18:ec,d8:d7:75:45:81:24,,-82,1,2412,False,True
1778935972.9199932,control,ack,,50:02:91:e8:18:ec,50:02:91:e8:18:ec,,,,-45,1,2412,False,False
1778935973.0209563,management,beacon,d8:d7:75:45:81:24,ff:ff:ff:ff:ff:ff,ff:ff:ff:ff:ff:ff,d8:d7:75:45:81:24,d8:d7:75:45:81:24,FunBox2-8124,-42,1,2412,False,False
1778935973.0428421,control,ack,,ce:d0:54:70:b1:b3,ce:d0:54:70:b1:b3,,,,-89,1,2412,False,False
1778935973.0808625,control,ack,,50:02:91:e8:18:ec,50:02:91:e8:18:ec,,,,-46,1,2412,False,False
1778935973.123415,management,beacon,d8:d7:75:45:81:24,ff:ff:ff:ff:ff:ff,ff:ff:ff:ff:ff:ff,d8:d7:75:45:81:24,d8:d7:75:45:81:24,FunBox2-8124,-45,1,2412,False,False
1778935973.1278424,control,ack,,ce:d0:54:70:b1:b3,ce:d0:54:70:b1:b3,,,,-90,1,2412,False,False
1778935973.227654,management,beacon,d8:d7:75:45:81:24,ff:ff:ff:ff:ff:ff,ff:ff:ff:ff:ff:ff,d8:d7:75:45:81:24,d8:d7:75:45:81:24,FunBox2-8124,-44,1,2412,False,False
1778935973.4305317,management,beacon,d8:d7:75:45:81:24,ff:ff:ff:ff:ff:ff,ff:ff:ff:ff:ff:ff,d8:d7:75:45:81:24,d8:d7:75:45:81:24,FunBox2-8124,-48,1,2412,False,False
1778935973.532983,management,beacon,d8:d7:75:45:81:24,ff:ff:ff:ff:ff:ff,ff:ff:ff:ff:ff:ff,d8:d7:75:45:81:24,d8:d7:75:45:81:24,FunBox2-8124,-44,1,2412,False,False
1778935973.5424945,control,ack,,ce:d0:54:70:b1:b3,ce:d0:54:70:b1:b3,,,,-85,1,2412,False,False
1778935973.6354778,management,beacon,d8:d7:75:45:81:24,ff:ff:ff:ff:ff:ff,ff:ff:ff:ff:ff:ff,d8:d7:75:45:81:24,d8:d7:75:45:81:24,FunBox2-8124,-43,1,2412,False,False
1778935973.7377481,management,beacon,d8:d7:75:45:81:24,ff:ff:ff:ff:ff:ff,ff:ff:ff:ff:ff:ff,d8:d7:75:45:81:24,d8:d7:75:45:81:24,FunBox2-8124,-44,1,2412,False,False
1778935973.9426079,management,beacon,d8:d7:75:45:81:24,ff:ff:ff:ff:ff:ff,ff:ff:ff:ff:ff:ff,d8:d7:75:45:81:24,d8:d7:75:45:81:24,FunBox2-8124,-45,1,2412,False,False
1778935974.0450015,management,beacon,d8:d7:75:45:81:24,ff:ff:ff:ff:ff:ff,ff:ff:ff:ff:ff:ff,d8:d7:75:45:81:24,d8:d7:75:45:81:24,FunBox2-8124,-46,1,2412,False,False
1778935974.147381,management,beacon,d8:d7:75:45:81:24,ff:ff:ff:ff:ff:ff,ff:ff:ff:ff:ff:ff,d8:d7:75:45:81:24,d8:d7:75:45:81:24,FunBox2-8124,-46,1,2412,False,False
1778935974.1502101,data,data,d8:d7:75:45:81:24,ff:ff:ff:ff:ff:ff,ff:ff:ff:ff:ff:ff,d8:d7:75:45:81:24,d8:d7:75:45:81:24,,-47,1,2412,True,False
1778935974.1530209,data,data,d8:d7:75:45:81:24,ff:ff:ff:ff:ff:ff,ff:ff:ff:ff:ff:ff,d8:d7:75:45:81:24,d8:d7:75:45:81:24,,-46,1,2412,True,False
1778935974.153511,control,ack,,50:02:91:e8:18:ec,50:02:91:e8:18:ec,,,,-48,1,2412,False,False
1778935974.249805,management,beacon,d8:d7:75:45:81:24,ff:ff:ff:ff:ff:ff,ff:ff:ff:ff:ff:ff,d8:d7:75:45:81:24,d8:d7:75:45:81:24,FunBox2-8124,-45,1,2412,False,False
1778935974.3144183,control,ack,,50:02:91:e8:18:ec,50:02:91:e8:18:ec,,,,-46,1,2412,False,False
1778935974.352165,management,beacon,d8:d7:75:45:81:24,ff:ff:ff:ff:ff:ff,ff:ff:ff:ff:ff:ff,d8:d7:75:45:81:24,d8:d7:75:45:81:24,FunBox2-8124,-46,1,2412,False,False
1778935974.454612,management,beacon,d8:d7:75:45:81:24,ff:ff:ff:ff:ff:ff,ff:ff:ff:ff:ff:ff,d8:d7:75:45:81:24,d8:d7:75:45:81:24,FunBox2-8124,-44,1,2412,False,False
1778935974.5569787,management,beacon,d8:d7:75:45:81:24,ff:ff:ff:ff:ff:ff,ff:ff:ff:ff:ff:ff,d8:d7:75:45:81:24,d8:d7:75:45:81:24,FunBox2-8124,-46,1,2412,False,False
1778935974.65938,management,beacon,d8:d7:75:45:81:24,ff:ff:ff:ff:ff:ff,ff:ff:ff:ff:ff:ff,d8:d7:75:45:81:24,d8:d7:75:45:81:24,FunBox2-8124,-48,1,2412,False,False
1778935974.7618382,management,beacon,d8:d7:75:45:81:24,ff:ff:ff:ff:ff:ff,ff:ff:ff:ff:ff:ff,d8:d7:75:45:81:24,d8:d7:75:45:81:24,FunBox2-8124,-47,1,2412,False,False
1778935974.8642082,management,beacon,d8:d7:75:45:81:24,ff:ff:ff:ff:ff:ff,ff:ff:ff:ff:ff:ff,d8:d7:75:45:81:24,d8:d7:75:45:81:24,FunBox2-8124,-46,1,2412,False,False
1778935974.9665964,management,beacon,d8:d7:75:45:81:24,ff:ff:ff:ff:ff:ff,ff:ff:ff:ff:ff:ff,d8:d7:75:45:81:24,d8:d7:75:45:81:24,FunBox2-8124,-49,1,2412,False,False
1778935975.0357976,control,ack,,ce:d0:54:70:b1:b3,ce:d0:54:70:b1:b3,,,,-85,1,2412,False,False
1778935975.0690272,management,beacon,d8:d7:75:45:81:24,ff:ff:ff:ff:ff:ff,ff:ff:ff:ff:ff:ff,d8:d7:75:45:81:24,d8:d7:75:45:81:24,FunBox2-8124,-49,1,2412,False,False
1778935975.2738607,management,beacon,d8:d7:75:45:81:24,ff:ff:ff:ff:ff:ff,ff:ff:ff:ff:ff:ff,d8:d7:75:45:81:24,d8:d7:75:45:81:24,FunBox2-8124,-43,1,2412,False,False
1778935975.3762379,management,beacon,d8:d7:75:45:81:24,ff:ff:ff:ff:ff:ff,ff:ff:ff:ff:ff:ff,d8:d7:75:45:81:24,d8:d7:75:45:81:24,FunBox2-8124,-42,1,2412,False,False
1778935975.4786546,management,beacon,d8:d7:75:45:81:24,ff:ff:ff:ff:ff:ff,ff:ff:ff:ff:ff:ff,d8:d7:75:45:81:24,d8:d7:75:45:81:24,FunBox2-8124,-45,1,2412,False,False
1778935975.5810733,management,beacon,d8:d7:75:45:81:24,ff:ff:ff:ff:ff:ff,ff:ff:ff:ff:ff:ff,d8:d7:75:45:81:24,d8:d7:75:45:81:24,FunBox2-8124,-43,1,2412,False,False
1778935975.6834247,management,beacon,d8:d7:75:45:81:24,ff:ff:ff:ff:ff:ff,ff:ff:ff:ff:ff:ff,d8:d7:75:45:81:24,d8:d7:75:45:81:24,FunBox2-8124,-43,1,2412,False,False
1778935975.6854424,data,data,d8:d7:75:45:81:24,33:33:00:00:00:01,33:33:00:00:00:01,d8:d7:75:45:81:24,d8:d7:75:45:81:24,,-42,1,2412,True,False
1778935975.6857562,control,ack,,d8:d7:75:45:81:24,d8:d7:75:45:81:24,,,,-88,1,2412,False,False
1778935975.685944,control,ack,,50:02:91:e8:18:ec,50:02:91:e8:18:ec,,,,-46,1,2412,False,False
1778935975.6875753,data,data,d8:d7:75:45:81:24,33:33:00:00:00:16,33:33:00:00:00:16,d8:d7:75:45:81:24,a8:5e:45:c6:9f:b7,,-43,1,2412,True,False
1778935975.687865,control,ack,,d8:d7:75:45:81:24,d8:d7:75:45:81:24,,,,-85,1,2412,False,False
1778935975.7858238,management,beacon,d8:d7:75:45:81:24,ff:ff:ff:ff:ff:ff,ff:ff:ff:ff:ff:ff,d8:d7:75:45:81:24,d8:d7:75:45:81:24,FunBox2-8124,-42,1,2412,False,False
1778935975.828899,data,data,d8:d7:75:45:81:24,33:33:00:00:00:16,33:33:00:00:00:16,d8:d7:75:45:81:24,a8:5e:45:c6:9f:b7,,-44,1,2412,True,False
1778935975.8291888,control,ack,,d8:d7:75:45:81:24,d8:d7:75:45:81:24,,,,-85,1,2412,False,False
1778935975.888247,management,beacon,d8:d7:75:45:81:24,ff:ff:ff:ff:ff:ff,ff:ff:ff:ff:ff:ff,d8:d7:75:45:81:24,d8:d7:75:45:81:24,FunBox2-8124,-47,1,2412,False,False
1778935975.948755,data,data,d8:d7:75:45:81:24,33:33:00:00:00:02,33:33:00:00:00:02,d8:d7:75:45:81:24,a8:5e:45:c6:9f:b7,,-44,1,2412,True,False
1778935975.9490433,control,ack,,d8:d7:75:45:81:24,d8:d7:75:45:81:24,,,,-83,1,2412,False,False
1778935975.9906616,management,beacon,d8:d7:75:45:81:24,ff:ff:ff:ff:ff:ff,ff:ff:ff:ff:ff:ff,d8:d7:75:45:81:24,d8:d7:75:45:81:24,FunBox2-8124,-51,1,2412,False,False
1778935976.0930614,management,beacon,d8:d7:75:45:81:24,ff:ff:ff:ff:ff:ff,ff:ff:ff:ff:ff:ff,d8:d7:75:45:81:24,d8:d7:75:45:81:24,FunBox2-8124,-44,1,2412,False,False
1778935976.2978425,management,beacon,d8:d7:75:45:81:24,ff:ff:ff:ff:ff:ff,ff:ff:ff:ff:ff:ff,d8:d7:75:45:81:24,d8:d7:75:45:81:24,FunBox2-8124,-47,1,2412,False,False
1778935976.4002373,management,beacon,d8:d7:75:45:81:24,ff:ff:ff:ff:ff:ff,ff:ff:ff:ff:ff:ff,d8:d7:75:45:81:24,d8:d7:75:45:81:24,FunBox2-8124,-48,1,2412,False,False
1778935976.502706,management,beacon,d8:d7:75:45:81:24,ff:ff:ff:ff:ff:ff,ff:ff:ff:ff:ff:ff,d8:d7:75:45:81:24,d8:d7:75:45:81:24,FunBox2-8124,-48,1,2412,False,False
1778935976.5516214,control,ack,,66:d8:9b:3d:81:e4,66:d8:9b:3d:81:e4,,,,-87,1,2412,False,False
1778935976.6051111,management,beacon,d8:d7:75:45:81:24,ff:ff:ff:ff:ff:ff,ff:ff:ff:ff:ff:ff,d8:d7:75:45:81:24,d8:d7:75:45:81:24,FunBox2-8124,-51,1,2412,False,False
1778935976.809861,management,beacon,d8:d7:75:45:81:24,ff:ff:ff:ff:ff:ff,ff:ff:ff:ff:ff:ff,d8:d7:75:45:81:24,d8:d7:75:45:81:24,FunBox2-8124,-50,1,2412,False,False
1778935976.9123137,management,beacon,d8:d7:75:45:81:24,ff:ff:ff:ff:ff:ff,ff:ff:ff:ff:ff:ff,d8:d7:75:45:81:24,d8:d7:75:45:81:24,FunBox2-8124,-46,1,2412,False,False
1778935977.0147092,management,beacon,d8:d7:75:45:81:24,ff:ff:ff:ff:ff:ff,ff:ff:ff:ff:ff:ff,d8:d7:75:45:81:24,d8:d7:75:45:81:24,FunBox2-8124,-47,1,2412,False,False
1778935977.11711,management,beacon,d8:d7:75:45:81:24,ff:ff:ff:ff:ff:ff,ff:ff:ff:ff:ff:ff,d8:d7:75:45:81:24,d8:d7:75:45:81:24,FunBox2-8124,-50,1,2412,False,False
1778935977.2154534,control,rts,54:35:30:cf:ee:1e,d8:d7:75:45:81:24,d8:d7:75:45:81:24,54:35:30:cf:ee:1e,,,-56,1,2412,False,False
1778935977.2154677,control,cts,,54:35:30:cf:ee:1e,54:35:30:cf:ee:1e,,,,-48,1,2412,False,False
1778935977.2154706,data,qos_data,54:35:30:cf:ee:1e,d8:d7:75:45:81:24,d8:d7:75:45:81:24,54:35:30:cf:ee:1e,01:00:5e:7f:ff:fa,,-56,1,2412,True,False
1778935977.2154734,control,block_ack,d8:d7:75:45:81:24,54:35:30:cf:ee:1e,54:35:30:cf:ee:1e,d8:d7:75:45:81:24,,,-48,1,2412,False,False
1778935977.2194755,management,beacon,d8:d7:75:45:81:24,ff:ff:ff:ff:ff:ff,ff:ff:ff:ff:ff:ff,d8:d7:75:45:81:24,d8:d7:75:45:81:24,FunBox2-8124,-46,1,2412,False,False
1778935977.2206242,data,null_data,50:02:91:e8:18:ec,d8:d7:75:45:81:24,d8:d7:75:45:81:24,50:02:91:e8:18:ec,d8:d7:75:45:81:24,,-80,1,2412,False,False
1778935977.2208486,data,null_data,50:02:91:e8:18:ec,d8:d7:75:45:81:24,d8:d7:75:45:81:24,50:02:91:e8:18:ec,d8:d7:75:45:81:24,,-79,1,2412,False,True
1778935977.2208502,control,ack,,50:02:91:e8:18:ec,50:02:91:e8:18:ec,,,,-45,1,2412,False,False
1778935977.3218727,management,beacon,d8:d7:75:45:81:24,ff:ff:ff:ff:ff:ff,ff:ff:ff:ff:ff:ff,d8:d7:75:45:81:24,d8:d7:75:45:81:24,FunBox2-8124,-47,1,2412,False,False
