
================================================================================
STATISTICS after 10.0s
--------------------------------------------------------------------------------
total frames: 234

by frame type:
  management: 110
  control: 64
  data: 60

by frame subtype:
  beacon: 94
  ack: 52
  null_data: 41
  data: 15
  action: 9
  cts: 7
  probe_response: 5
  qos_null: 4
  block_ack: 3
  probe_request: 2
  block_ack_request: 1
  rts: 1

unique SSIDs: 2
unique BSSIDs: 4
================================================================================

================================================================================
STATISTICS after 20.1s
--------------------------------------------------------------------------------
total frames: 422

by frame type:
  management: 199
  control: 125
  data: 98

by frame subtype:
  beacon: 183
  ack: 84
  null_data: 63
  data: 25
  rts: 25
  cts: 12
  qos_null: 10
  action: 9
  probe_response: 5
  block_ack: 3
  probe_request: 2
  block_ack_request: 1

unique SSIDs: 2
unique BSSIDs: 4
================================================================================

================================================================================
STATISTICS after 30.1s
--------------------------------------------------------------------------------
total frames: 597

by frame type:
  management: 281
  control: 178
  data: 138

by frame subtype:
  beacon: 262
  ack: 125
  null_data: 87
  data: 37
  rts: 29
  cts: 15
  qos_null: 11
  action: 9
  probe_response: 8
  block_ack: 6
  qos_data: 3
  probe_request: 2
  cf_end: 2
  block_ack_request: 1

unique SSIDs: 2
unique BSSIDs: 8
================================================================================

================================================================================
STATISTICS after 40.1s
--------------------------------------------------------------------------------
total frames: 767

by frame type:
  management: 378
  control: 217
  data: 172

by frame subtype:
  beacon: 353
  ack: 155
  null_data: 115
  data: 42
  rts: 32
  cts: 18
  qos_null: 12
  probe_response: 12
  action: 9
  block_ack: 7
  probe_request: 4
  cf_end: 4
  qos_data: 3
  block_ack_request: 1

unique SSIDs: 2
unique BSSIDs: 8
================================================================================

================================================================================
STATISTICS after 50.2s
--------------------------------------------------------------------------------
total frames: 952

by frame type:
  management: 474
  control: 256
  data: 222

by frame subtype:
  beacon: 449
  ack: 179
  null_data: 140
  data: 45
  rts: 45
  qos_null: 34
  cts: 20
  probe_response: 12
  action: 9
  block_ack: 7
  probe_request: 4
  cf_end: 4
  qos_data: 3
  block_ack_request: 1

unique SSIDs: 2
unique BSSIDs: 8
================================================================================

================================================================================
STATISTICS after 60.2s
--------------------------------------------------------------------------------
total frames: 1093

by frame type:
  management: 562
  control: 280
  data: 251

by frame subtype:
  beacon: 536
  ack: 200
  null_data: 163
  data: 48
  rts: 46
  qos_null: 37
  cts: 22
  probe_response: 13
  action: 9
  block_ack: 7
  probe_request: 4
  cf_end: 4
  qos_data: 3
  block_ack_request: 1

unique SSIDs: 2
unique BSSIDs: 8
================================================================================

================================================================================
STATISTICS after 70.2s
--------------------------------------------------------------------------------
total frames: 1251

by frame type:
  management: 652
  control: 318
  data: 281

by frame subtype:
  beacon: 624
  ack: 225
  null_data: 187
  data: 52
  rts: 51
  qos_null: 38
  cts: 26
  probe_response: 13
  block_ack: 11
  action: 11
  probe_request: 4
  qos_data: 4
  cf_end: 4
  block_ack_request: 1

unique SSIDs: 2
unique BSSIDs: 8
================================================================================

================================================================================
STATISTICS after 80.3s
--------------------------------------------------------------------------------
total frames: 1448

by frame type:
  management: 738
  control: 381
  data: 329

by frame subtype:
  beacon: 707
  ack: 275
  null_data: 223
  data: 60
  rts: 60
  qos_null: 38
  cts: 28
  probe_response: 14
  block_ack: 12
  action: 11
  qos_data: 8
  probe_request: 6
  cf_end: 5
  block_ack_request: 1

unique SSIDs: 2
unique BSSIDs: 9
================================================================================

================================================================================
STATISTICS after 90.3s
--------------------------------------------------------------------------------
total frames: 1599

by frame type:
  management: 833
  control: 415
  data: 351

by frame subtype:
  beacon: 802
  ack: 299
  null_data: 239
  data: 65
  rts: 64
  qos_null: 38
  cts: 31
  block_ack: 14
  probe_response: 14
  action: 11
  qos_data: 9
  probe_request: 6
  cf_end: 6
  block_ack_request: 1

unique SSIDs: 2
unique BSSIDs: 9
================================================================================

================================================================================
STATISTICS after 100.4s
--------------------------------------------------------------------------------
total frames: 1736

by frame type:
  management: 925
  control: 440
  data: 371

by frame subtype:
  beacon: 893
  ack: 322
  null_data: 256
  data: 67
  rts: 64
  qos_null: 39
  cts: 32
  block_ack: 15
  probe_response: 14
  action: 12
  qos_data: 9
  probe_request: 6
  cf_end: 6
  block_ack_request: 1

unique SSIDs: 2
unique BSSIDs: 9
================================================================================

================================================================================
STATISTICS after 110.4s
--------------------------------------------------------------------------------
total frames: 1887

by frame type:
  management: 1009
  control: 472
  data: 406

by frame subtype:
  beacon: 977
  ack: 349
  null_data: 275
  data: 69
  rts: 65
  qos_null: 52
  cts: 34
  block_ack: 16
  probe_response: 14
  action: 12
  qos_data: 10
  cf_end: 7
  probe_request: 6
  block_ack_request: 1

unique SSIDs: 2
unique BSSIDs: 9
================================================================================

!!!!!!!!!!!!!!!!!!!!!!!!!!!!!!!!!!!!!!!!!!!!!!!!!!!!!!!!!!!!!!!!!!!!!!!!!!!!!!!!
[ALERT] ALERT-000001 | BEACON_FLOOD
severity: MEDIUM
time: 2026-05-16T15:41:47.290542
message: Wykryto możliwy atak Beacon Flood: 100 ramek beacon, 8 unikalnych BSSID, 8 unikalnych SSID w oknie 10s.
evidence: {'beacon_count': 100, 'unique_bssid_count': 8, 'unique_ssid_count': 8, 'window_seconds': 10, 'beacon_count_threshold': 100, 'unique_bssid_threshold': 30, 'unique_ssid_threshold': 20, 'triggered_reasons': ['high_beacon_rate'], 'sample_ssids': ['FunBox2-8124', 'TP-LINK_7122', 'TestNet_005', 'TestNet_004', 'TestNet_003', 'TestNet_002', 'TestNet_001', 'TestNet_006'], 'sample_bssids': ['d8:d7:75:45:81:24', '88:b0:ff:24:ad:c6', '5e:18:5b:96:3f:5e', 'b4:dd:46:4e:73:43', 'ac:84:c6:41:71:22', '27:03:65:03:dc:b8', '3a:b4:a3:56:3c:54', '96:fc:9f:0a:0a:4c']}
!!!!!!!!!!!!!!!!!!!!!!!!!!!!!!!!!!!!!!!!!!!!!!!!!!!!!!!!!!!!!!!!!!!!!!!!!!!!!!!!


!!!!!!!!!!!!!!!!!!!!!!!!!!!!!!!!!!!!!!!!!!!!!!!!!!!!!!!!!!!!!!!!!!!!!!!!!!!!!!!!
[ALERT] ALERT-000002 | POTENTIAL_EVIL_TWIN
severity: LOW
time: 2026-05-16T15:41:47.547286
message: Wykryto potencjalny Evil Twin / Rogue AP dla SSID 'TestNet_001'. Zaobserwowano 2 różnych BSSID oraz podejrzane różnice parametrów sieci.
evidence: {'ssid': 'TestNet_001', 'bssid_count': 2, 'bssids': ['27:03:65:03:dc:b8', '53:2e:c8:8d:df:74'], 'triggered_reasons': ['same_ssid_multiple_bssid'], 'observations': {'27:03:65:03:dc:b8': {'first_seen': 1778946107.2388716, 'last_seen': 1778946107.2400327, 'seen_count': 2, 'channels': [], 'avg_rssi': None}, '53:2e:c8:8d:df:74': {'first_seen': 1778946107.5472856, 'last_seen': 1778946107.5472856, 'seen_count': 1, 'channels': [], 'avg_rssi': None}}}
!!!!!!!!!!!!!!!!!!!!!!!!!!!!!!!!!!!!!!!!!!!!!!!!!!!!!!!!!!!!!!!!!!!!!!!!!!!!!!!!


!!!!!!!!!!!!!!!!!!!!!!!!!!!!!!!!!!!!!!!!!!!!!!!!!!!!!!!!!!!!!!!!!!!!!!!!!!!!!!!!
[ALERT] ALERT-000003 | POTENTIAL_EVIL_TWIN
severity: LOW
time: 2026-05-16T15:41:47.557396
message: Wykryto potencjalny Evil Twin / Rogue AP dla SSID 'TestNet_002'. Zaobserwowano 2 różnych BSSID oraz podejrzane różnice parametrów sieci.
evidence: {'ssid': 'TestNet_002', 'bssid_count': 2, 'bssids': ['96:fc:9f:0a:0a:4c', '52:f1:1b:8a:62:9d'], 'triggered_reasons': ['same_ssid_multiple_bssid'], 'observations': {'96:fc:9f:0a:0a:4c': {'first_seen': 1778946107.2489736, 'last_seen': 1778946107.2501507, 'seen_count': 2, 'channels': [], 'avg_rssi': None}, '52:f1:1b:8a:62:9d': {'first_seen': 1778946107.5573957, 'last_seen': 1778946107.5573957, 'seen_count': 1, 'channels': [], 'avg_rssi': None}}}
!!!!!!!!!!!!!!!!!!!!!!!!!!!!!!!!!!!!!!!!!!!!!!!!!!!!!!!!!!!!!!!!!!!!!!!!!!!!!!!!


!!!!!!!!!!!!!!!!!!!!!!!!!!!!!!!!!!!!!!!!!!!!!!!!!!!!!!!!!!!!!!!!!!!!!!!!!!!!!!!!
[ALERT] ALERT-000004 | POTENTIAL_EVIL_TWIN
severity: LOW
time: 2026-05-16T15:41:47.567545
message: Wykryto potencjalny Evil Twin / Rogue AP dla SSID 'TestNet_003'. Zaobserwowano 2 różnych BSSID oraz podejrzane różnice parametrów sieci.
evidence: {'ssid': 'TestNet_003', 'bssid_count': 2, 'bssids': ['88:b0:ff:24:ad:c6', 'ad:25:f9:3b:cf:83'], 'triggered_reasons': ['same_ssid_multiple_bssid'], 'observations': {'88:b0:ff:24:ad:c6': {'first_seen': 1778946107.2590754, 'last_seen': 1778946107.260035, 'seen_count': 2, 'channels': [], 'avg_rssi': None}, 'ad:25:f9:3b:cf:83': {'first_seen': 1778946107.5675447, 'last_seen': 1778946107.5675447, 'seen_count': 1, 'channels': [], 'avg_rssi': None}}}
!!!!!!!!!!!!!!!!!!!!!!!!!!!!!!!!!!!!!!!!!!!!!!!!!!!!!!!!!!!!!!!!!!!!!!!!!!!!!!!!


!!!!!!!!!!!!!!!!!!!!!!!!!!!!!!!!!!!!!!!!!!!!!!!!!!!!!!!!!!!!!!!!!!!!!!!!!!!!!!!!
[ALERT] ALERT-000005 | POTENTIAL_EVIL_TWIN
severity: LOW
time: 2026-05-16T15:41:47.577691
message: Wykryto potencjalny Evil Twin / Rogue AP dla SSID 'TestNet_004'. Zaobserwowano 2 różnych BSSID oraz podejrzane różnice parametrów sieci.
evidence: {'ssid': 'TestNet_004', 'bssid_count': 2, 'bssids': ['5e:18:5b:96:3f:5e', 'cd:ad:f6:7f:01:24'], 'triggered_reasons': ['same_ssid_multiple_bssid'], 'observations': {'5e:18:5b:96:3f:5e': {'first_seen': 1778946107.269296, 'last_seen': 1778946107.2704024, 'seen_count': 2, 'channels': [], 'avg_rssi': None}, 'cd:ad:f6:7f:01:24': {'first_seen': 1778946107.5776913, 'last_seen': 1778946107.5776913, 'seen_count': 1, 'channels': [], 'avg_rssi': None}}}
!!!!!!!!!!!!!!!!!!!!!!!!!!!!!!!!!!!!!!!!!!!!!!!!!!!!!!!!!!!!!!!!!!!!!!!!!!!!!!!!


!!!!!!!!!!!!!!!!!!!!!!!!!!!!!!!!!!!!!!!!!!!!!!!!!!!!!!!!!!!!!!!!!!!!!!!!!!!!!!!!
[ALERT] ALERT-000006 | POTENTIAL_EVIL_TWIN
severity: LOW
time: 2026-05-16T15:41:47.587815
message: Wykryto potencjalny Evil Twin / Rogue AP dla SSID 'TestNet_005'. Zaobserwowano 2 różnych BSSID oraz podejrzane różnice parametrów sieci.
evidence: {'ssid': 'TestNet_005', 'bssid_count': 2, 'bssids': ['b4:dd:46:4e:73:43', 'bc:5c:16:52:af:07'], 'triggered_reasons': ['same_ssid_multiple_bssid'], 'observations': {'b4:dd:46:4e:73:43': {'first_seen': 1778946107.2794147, 'last_seen': 1778946107.2802851, 'seen_count': 2, 'channels': [], 'avg_rssi': None}, 'bc:5c:16:52:af:07': {'first_seen': 1778946107.5878146, 'last_seen': 1778946107.5878146, 'seen_count': 1, 'channels': [], 'avg_rssi': None}}}
!!!!!!!!!!!!!!!!!!!!!!!!!!!!!!!!!!!!!!!!!!!!!!!!!!!!!!!!!!!!!!!!!!!!!!!!!!!!!!!!


!!!!!!!!!!!!!!!!!!!!!!!!!!!!!!!!!!!!!!!!!!!!!!!!!!!!!!!!!!!!!!!!!!!!!!!!!!!!!!!!
[ALERT] ALERT-000007 | POTENTIAL_EVIL_TWIN
severity: LOW
time: 2026-05-16T15:41:47.597906
message: Wykryto potencjalny Evil Twin / Rogue AP dla SSID 'TestNet_006'. Zaobserwowano 2 różnych BSSID oraz podejrzane różnice parametrów sieci.
evidence: {'ssid': 'TestNet_006', 'bssid_count': 2, 'bssids': ['3a:b4:a3:56:3c:54', '0b:fd:ed:ce:ab:12'], 'triggered_reasons': ['same_ssid_multiple_bssid'], 'observations': {'3a:b4:a3:56:3c:54': {'first_seen': 1778946107.2895265, 'last_seen': 1778946107.2905424, 'seen_count': 2, 'channels': [], 'avg_rssi': None}, '0b:fd:ed:ce:ab:12': {'first_seen': 1778946107.5979064, 'last_seen': 1778946107.5979064, 'seen_count': 1, 'channels': [], 'avg_rssi': None}}}
!!!!!!!!!!!!!!!!!!!!!!!!!!!!!!!!!!!!!!!!!!!!!!!!!!!!!!!!!!!!!!!!!!!!!!!!!!!!!!!!


!!!!!!!!!!!!!!!!!!!!!!!!!!!!!!!!!!!!!!!!!!!!!!!!!!!!!!!!!!!!!!!!!!!!!!!!!!!!!!!!
[ALERT] ALERT-000008 | POTENTIAL_EVIL_TWIN
severity: LOW
time: 2026-05-16T15:41:47.608430
message: Wykryto potencjalny Evil Twin / Rogue AP dla SSID 'TestNet_007'. Zaobserwowano 2 różnych BSSID oraz podejrzane różnice parametrów sieci.
evidence: {'ssid': 'TestNet_007', 'bssid_count': 2, 'bssids': ['1b:d4:26:c1:32:3e', '4b:16:62:70:e3:0f'], 'triggered_reasons': ['same_ssid_multiple_bssid'], 'observations': {'1b:d4:26:c1:32:3e': {'first_seen': 1778946107.301915, 'last_seen': 1778946107.3029048, 'seen_count': 2, 'channels': [], 'avg_rssi': None}, '4b:16:62:70:e3:0f': {'first_seen': 1778946107.60843, 'last_seen': 1778946107.60843, 'seen_count': 1, 'channels': [], 'avg_rssi': None}}}
!!!!!!!!!!!!!!!!!!!!!!!!!!!!!!!!!!!!!!!!!!!!!!!!!!!!!!!!!!!!!!!!!!!!!!!!!!!!!!!!


!!!!!!!!!!!!!!!!!!!!!!!!!!!!!!!!!!!!!!!!!!!!!!!!!!!!!!!!!!!!!!!!!!!!!!!!!!!!!!!!
[ALERT] ALERT-000009 | POTENTIAL_EVIL_TWIN
severity: LOW
time: 2026-05-16T15:41:47.618523
message: Wykryto potencjalny Evil Twin / Rogue AP dla SSID 'TestNet_008'. Zaobserwowano 2 różnych BSSID oraz podejrzane różnice parametrów sieci.
evidence: {'ssid': 'TestNet_008', 'bssid_count': 2, 'bssids': ['7b:c4:c0:b5:78:9d', '8a:aa:9f:8d:66:fb'], 'triggered_reasons': ['same_ssid_multiple_bssid'], 'observations': {'7b:c4:c0:b5:78:9d': {'first_seen': 1778946107.3121972, 'last_seen': 1778946107.3131683, 'seen_count': 2, 'channels': [], 'avg_rssi': None}, '8a:aa:9f:8d:66:fb': {'first_seen': 1778946107.6185226, 'last_seen': 1778946107.6185226, 'seen_count': 1, 'channels': [], 'avg_rssi': None}}}
!!!!!!!!!!!!!!!!!!!!!!!!!!!!!!!!!!!!!!!!!!!!!!!!!!!!!!!!!!!!!!!!!!!!!!!!!!!!!!!!


!!!!!!!!!!!!!!!!!!!!!!!!!!!!!!!!!!!!!!!!!!!!!!!!!!!!!!!!!!!!!!!!!!!!!!!!!!!!!!!!
[ALERT] ALERT-000010 | POTENTIAL_EVIL_TWIN
severity: LOW
time: 2026-05-16T15:41:47.628631
message: Wykryto potencjalny Evil Twin / Rogue AP dla SSID 'TestNet_009'. Zaobserwowano 2 różnych BSSID oraz podejrzane różnice parametrów sieci.
evidence: {'ssid': 'TestNet_009', 'bssid_count': 2, 'bssids': ['3f:b4:8d:8c:ee:42', 'ab:26:e4:15:31:e1'], 'triggered_reasons': ['same_ssid_multiple_bssid'], 'observations': {'3f:b4:8d:8c:ee:42': {'first_seen': 1778946107.3222923, 'last_seen': 1778946107.3232832, 'seen_count': 2, 'channels': [], 'avg_rssi': None}, 'ab:26:e4:15:31:e1': {'first_seen': 1778946107.6286314, 'last_seen': 1778946107.6286314, 'seen_count': 1, 'channels': [], 'avg_rssi': None}}}
!!!!!!!!!!!!!!!!!!!!!!!!!!!!!!!!!!!!!!!!!!!!!!!!!!!!!!!!!!!!!!!!!!!!!!!!!!!!!!!!


!!!!!!!!!!!!!!!!!!!!!!!!!!!!!!!!!!!!!!!!!!!!!!!!!!!!!!!!!!!!!!!!!!!!!!!!!!!!!!!!
[ALERT] ALERT-000011 | POTENTIAL_EVIL_TWIN
severity: LOW
time: 2026-05-16T15:41:47.638746
message: Wykryto potencjalny Evil Twin / Rogue AP dla SSID 'TestNet_010'. Zaobserwowano 2 różnych BSSID oraz podejrzane różnice parametrów sieci.
evidence: {'ssid': 'TestNet_010', 'bssid_count': 2, 'bssids': ['84:99:df:85:b4:b3', '15:c8:72:f6:13:88'], 'triggered_reasons': ['same_ssid_multiple_bssid'], 'observations': {'84:99:df:85:b4:b3': {'first_seen': 1778946107.3324234, 'last_seen': 1778946107.333665, 'seen_count': 2, 'channels': [], 'avg_rssi': None}, '15:c8:72:f6:13:88': {'first_seen': 1778946107.6387463, 'last_seen': 1778946107.6387463, 'seen_count': 1, 'channels': [], 'avg_rssi': None}}}
!!!!!!!!!!!!!!!!!!!!!!!!!!!!!!!!!!!!!!!!!!!!!!!!!!!!!!!!!!!!!!!!!!!!!!!!!!!!!!!!


!!!!!!!!!!!!!!!!!!!!!!!!!!!!!!!!!!!!!!!!!!!!!!!!!!!!!!!!!!!!!!!!!!!!!!!!!!!!!!!!
[ALERT] ALERT-000012 | POTENTIAL_EVIL_TWIN
severity: LOW
time: 2026-05-16T15:41:47.648856
message: Wykryto potencjalny Evil Twin / Rogue AP dla SSID 'TestNet_011'. Zaobserwowano 2 różnych BSSID oraz podejrzane różnice parametrów sieci.
evidence: {'ssid': 'TestNet_011', 'bssid_count': 2, 'bssids': ['e9:92:ae:67:0d:72', '68:e9:ce:78:73:78'], 'triggered_reasons': ['same_ssid_multiple_bssid'], 'observations': {'e9:92:ae:67:0d:72': {'first_seen': 1778946107.342551, 'last_seen': 1778946107.3436537, 'seen_count': 2, 'channels': [], 'avg_rssi': None}, '68:e9:ce:78:73:78': {'first_seen': 1778946107.648856, 'last_seen': 1778946107.648856, 'seen_count': 1, 'channels': [], 'avg_rssi': None}}}
!!!!!!!!!!!!!!!!!!!!!!!!!!!!!!!!!!!!!!!!!!!!!!!!!!!!!!!!!!!!!!!!!!!!!!!!!!!!!!!!


!!!!!!!!!!!!!!!!!!!!!!!!!!!!!!!!!!!!!!!!!!!!!!!!!!!!!!!!!!!!!!!!!!!!!!!!!!!!!!!!
[ALERT] ALERT-000013 | POTENTIAL_EVIL_TWIN
severity: LOW
time: 2026-05-16T15:41:47.658975
message: Wykryto potencjalny Evil Twin / Rogue AP dla SSID 'TestNet_012'. Zaobserwowano 2 różnych BSSID oraz podejrzane różnice parametrów sieci.
evidence: {'ssid': 'TestNet_012', 'bssid_count': 2, 'bssids': ['c5:bf:b1:d5:fe:65', '13:a4:98:bd:4f:be'], 'triggered_reasons': ['same_ssid_multiple_bssid'], 'observations': {'c5:bf:b1:d5:fe:65': {'first_seen': 1778946107.3526838, 'last_seen': 1778946107.3539116, 'seen_count': 2, 'channels': [], 'avg_rssi': None}, '13:a4:98:bd:4f:be': {'first_seen': 1778946107.6589751, 'last_seen': 1778946107.6589751, 'seen_count': 1, 'channels': [], 'avg_rssi': None}}}
!!!!!!!!!!!!!!!!!!!!!!!!!!!!!!!!!!!!!!!!!!!!!!!!!!!!!!!!!!!!!!!!!!!!!!!!!!!!!!!!


!!!!!!!!!!!!!!!!!!!!!!!!!!!!!!!!!!!!!!!!!!!!!!!!!!!!!!!!!!!!!!!!!!!!!!!!!!!!!!!!
[ALERT] ALERT-000014 | POTENTIAL_EVIL_TWIN
severity: LOW
time: 2026-05-16T15:41:47.669092
message: Wykryto potencjalny Evil Twin / Rogue AP dla SSID 'TestNet_013'. Zaobserwowano 2 różnych BSSID oraz podejrzane różnice parametrów sieci.
evidence: {'ssid': 'TestNet_013', 'bssid_count': 2, 'bssids': ['a5:ba:97:23:3e:30', '83:67:f0:0f:7c:b8'], 'triggered_reasons': ['same_ssid_multiple_bssid'], 'observations': {'a5:ba:97:23:3e:30': {'first_seen': 1778946107.3627937, 'last_seen': 1778946107.3639064, 'seen_count': 2, 'channels': [], 'avg_rssi': None}, '83:67:f0:0f:7c:b8': {'first_seen': 1778946107.6690922, 'last_seen': 1778946107.6690922, 'seen_count': 1, 'channels': [], 'avg_rssi': None}}}
!!!!!!!!!!!!!!!!!!!!!!!!!!!!!!!!!!!!!!!!!!!!!!!!!!!!!!!!!!!!!!!!!!!!!!!!!!!!!!!!


!!!!!!!!!!!!!!!!!!!!!!!!!!!!!!!!!!!!!!!!!!!!!!!!!!!!!!!!!!!!!!!!!!!!!!!!!!!!!!!!
[ALERT] ALERT-000015 | POTENTIAL_EVIL_TWIN
severity: LOW
time: 2026-05-16T15:41:47.679215
message: Wykryto potencjalny Evil Twin / Rogue AP dla SSID 'TestNet_014'. Zaobserwowano 2 różnych BSSID oraz podejrzane różnice parametrów sieci.
evidence: {'ssid': 'TestNet_014', 'bssid_count': 2, 'bssids': ['b6:6f:5a:9c:59:ed', '0a:cb:4f:76:33:38'], 'triggered_reasons': ['same_ssid_multiple_bssid'], 'observations': {'b6:6f:5a:9c:59:ed': {'first_seen': 1778946107.3729334, 'last_seen': 1778946107.3741624, 'seen_count': 2, 'channels': [], 'avg_rssi': None}, '0a:cb:4f:76:33:38': {'first_seen': 1778946107.6792154, 'last_seen': 1778946107.6792154, 'seen_count': 1, 'channels': [], 'avg_rssi': None}}}
!!!!!!!!!!!!!!!!!!!!!!!!!!!!!!!!!!!!!!!!!!!!!!!!!!!!!!!!!!!!!!!!!!!!!!!!!!!!!!!!


!!!!!!!!!!!!!!!!!!!!!!!!!!!!!!!!!!!!!!!!!!!!!!!!!!!!!!!!!!!!!!!!!!!!!!!!!!!!!!!!
[ALERT] ALERT-000016 | POTENTIAL_EVIL_TWIN
severity: LOW
time: 2026-05-16T15:41:47.689556
message: Wykryto potencjalny Evil Twin / Rogue AP dla SSID 'TestNet_015'. Zaobserwowano 2 różnych BSSID oraz podejrzane różnice parametrów sieci.
evidence: {'ssid': 'TestNet_015', 'bssid_count': 2, 'bssids': ['bd:e7:bd:a7:ac:7c', 'bc:c3:ad:9b:d6:51'], 'triggered_reasons': ['same_ssid_multiple_bssid'], 'observations': {'bd:e7:bd:a7:ac:7c': {'first_seen': 1778946107.383043, 'last_seen': 1778946107.384036, 'seen_count': 2, 'channels': [], 'avg_rssi': None}, 'bc:c3:ad:9b:d6:51': {'first_seen': 1778946107.6895561, 'last_seen': 1778946107.6895561, 'seen_count': 1, 'channels': [], 'avg_rssi': None}}}
!!!!!!!!!!!!!!!!!!!!!!!!!!!!!!!!!!!!!!!!!!!!!!!!!!!!!!!!!!!!!!!!!!!!!!!!!!!!!!!!


!!!!!!!!!!!!!!!!!!!!!!!!!!!!!!!!!!!!!!!!!!!!!!!!!!!!!!!!!!!!!!!!!!!!!!!!!!!!!!!!
[ALERT] ALERT-000017 | POTENTIAL_EVIL_TWIN
severity: LOW
time: 2026-05-16T15:41:47.702304
message: Wykryto potencjalny Evil Twin / Rogue AP dla SSID 'TestNet_016'. Zaobserwowano 2 różnych BSSID oraz podejrzane różnice parametrów sieci.
evidence: {'ssid': 'TestNet_016', 'bssid_count': 2, 'bssids': ['bd:e5:05:10:8a:bf', 'f2:35:05:e2:b8:6c'], 'triggered_reasons': ['same_ssid_multiple_bssid'], 'observations': {'bd:e5:05:10:8a:bf': {'first_seen': 1778946107.3931391, 'last_seen': 1778946107.3941548, 'seen_count': 2, 'channels': [], 'avg_rssi': None}, 'f2:35:05:e2:b8:6c': {'first_seen': 1778946107.7023041, 'last_seen': 1778946107.7023041, 'seen_count': 1, 'channels': [], 'avg_rssi': None}}}
!!!!!!!!!!!!!!!!!!!!!!!!!!!!!!!!!!!!!!!!!!!!!!!!!!!!!!!!!!!!!!!!!!!!!!!!!!!!!!!!


!!!!!!!!!!!!!!!!!!!!!!!!!!!!!!!!!!!!!!!!!!!!!!!!!!!!!!!!!!!!!!!!!!!!!!!!!!!!!!!!
[ALERT] ALERT-000018 | POTENTIAL_EVIL_TWIN
severity: LOW
time: 2026-05-16T15:41:47.712406
message: Wykryto potencjalny Evil Twin / Rogue AP dla SSID 'TestNet_017'. Zaobserwowano 2 różnych BSSID oraz podejrzane różnice parametrów sieci.
evidence: {'ssid': 'TestNet_017', 'bssid_count': 2, 'bssids': ['d7:b0:c2:bc:66:31', '8a:49:5b:55:54:26'], 'triggered_reasons': ['same_ssid_multiple_bssid'], 'observations': {'d7:b0:c2:bc:66:31': {'first_seen': 1778946107.4032953, 'last_seen': 1778946107.404541, 'seen_count': 2, 'channels': [], 'avg_rssi': None}, '8a:49:5b:55:54:26': {'first_seen': 1778946107.7124062, 'last_seen': 1778946107.7124062, 'seen_count': 1, 'channels': [], 'avg_rssi': None}}}
!!!!!!!!!!!!!!!!!!!!!!!!!!!!!!!!!!!!!!!!!!!!!!!!!!!!!!!!!!!!!!!!!!!!!!!!!!!!!!!!


!!!!!!!!!!!!!!!!!!!!!!!!!!!!!!!!!!!!!!!!!!!!!!!!!!!!!!!!!!!!!!!!!!!!!!!!!!!!!!!!
[ALERT] ALERT-000019 | POTENTIAL_EVIL_TWIN
severity: LOW
time: 2026-05-16T15:41:47.722559
message: Wykryto potencjalny Evil Twin / Rogue AP dla SSID 'TestNet_018'. Zaobserwowano 2 różnych BSSID oraz podejrzane różnice parametrów sieci.
evidence: {'ssid': 'TestNet_018', 'bssid_count': 2, 'bssids': ['03:4c:4a:fe:09:32', 'dd:0e:04:89:ca:c7'], 'triggered_reasons': ['same_ssid_multiple_bssid'], 'observations': {'03:4c:4a:fe:09:32': {'first_seen': 1778946107.4135106, 'last_seen': 1778946107.4145322, 'seen_count': 2, 'channels': [], 'avg_rssi': None}, 'dd:0e:04:89:ca:c7': {'first_seen': 1778946107.7225592, 'last_seen': 1778946107.7225592, 'seen_count': 1, 'channels': [], 'avg_rssi': None}}}
!!!!!!!!!!!!!!!!!!!!!!!!!!!!!!!!!!!!!!!!!!!!!!!!!!!!!!!!!!!!!!!!!!!!!!!!!!!!!!!!


!!!!!!!!!!!!!!!!!!!!!!!!!!!!!!!!!!!!!!!!!!!!!!!!!!!!!!!!!!!!!!!!!!!!!!!!!!!!!!!!
[ALERT] ALERT-000020 | POTENTIAL_EVIL_TWIN
severity: LOW
time: 2026-05-16T15:41:47.732654
message: Wykryto potencjalny Evil Twin / Rogue AP dla SSID 'TestNet_019'. Zaobserwowano 2 różnych BSSID oraz podejrzane różnice parametrów sieci.
evidence: {'ssid': 'TestNet_019', 'bssid_count': 2, 'bssids': ['38:09:60:b2:c7:45', '87:99:31:28:8b:66'], 'triggered_reasons': ['same_ssid_multiple_bssid'], 'observations': {'38:09:60:b2:c7:45': {'first_seen': 1778946107.423625, 'last_seen': 1778946107.4250398, 'seen_count': 2, 'channels': [], 'avg_rssi': None}, '87:99:31:28:8b:66': {'first_seen': 1778946107.7326539, 'last_seen': 1778946107.7326539, 'seen_count': 1, 'channels': [], 'avg_rssi': None}}}
!!!!!!!!!!!!!!!!!!!!!!!!!!!!!!!!!!!!!!!!!!!!!!!!!!!!!!!!!!!!!!!!!!!!!!!!!!!!!!!!


!!!!!!!!!!!!!!!!!!!!!!!!!!!!!!!!!!!!!!!!!!!!!!!!!!!!!!!!!!!!!!!!!!!!!!!!!!!!!!!!
[ALERT] ALERT-000021 | POTENTIAL_EVIL_TWIN
severity: LOW
time: 2026-05-16T15:41:47.743056
message: Wykryto potencjalny Evil Twin / Rogue AP dla SSID 'TestNet_020'. Zaobserwowano 2 różnych BSSID oraz podejrzane różnice parametrów sieci.
evidence: {'ssid': 'TestNet_020', 'bssid_count': 2, 'bssids': ['77:7f:7d:75:56:2d', '9a:3f:e5:83:c9:2f'], 'triggered_reasons': ['same_ssid_multiple_bssid'], 'observations': {'77:7f:7d:75:56:2d': {'first_seen': 1778946107.4337406, 'last_seen': 1778946107.4349172, 'seen_count': 2, 'channels': [], 'avg_rssi': None}, '9a:3f:e5:83:c9:2f': {'first_seen': 1778946107.7430558, 'last_seen': 1778946107.7430558, 'seen_count': 1, 'channels': [], 'avg_rssi': None}}}
!!!!!!!!!!!!!!!!!!!!!!!!!!!!!!!!!!!!!!!!!!!!!!!!!!!!!!!!!!!!!!!!!!!!!!!!!!!!!!!!


!!!!!!!!!!!!!!!!!!!!!!!!!!!!!!!!!!!!!!!!!!!!!!!!!!!!!!!!!!!!!!!!!!!!!!!!!!!!!!!!
[ALERT] ALERT-000022 | POTENTIAL_EVIL_TWIN
severity: LOW
time: 2026-05-16T15:41:47.753171
message: Wykryto potencjalny Evil Twin / Rogue AP dla SSID 'TestNet_021'. Zaobserwowano 2 różnych BSSID oraz podejrzane różnice parametrów sieci.
evidence: {'ssid': 'TestNet_021', 'bssid_count': 2, 'bssids': ['68:29:95:f3:2c:e1', '04:c3:4d:5d:a0:5b'], 'triggered_reasons': ['same_ssid_multiple_bssid'], 'observations': {'68:29:95:f3:2c:e1': {'first_seen': 1778946107.4438264, 'last_seen': 1778946107.444783, 'seen_count': 2, 'channels': [], 'avg_rssi': None}, '04:c3:4d:5d:a0:5b': {'first_seen': 1778946107.753171, 'last_seen': 1778946107.753171, 'seen_count': 1, 'channels': [], 'avg_rssi': None}}}
!!!!!!!!!!!!!!!!!!!!!!!!!!!!!!!!!!!!!!!!!!!!!!!!!!!!!!!!!!!!!!!!!!!!!!!!!!!!!!!!


!!!!!!!!!!!!!!!!!!!!!!!!!!!!!!!!!!!!!!!!!!!!!!!!!!!!!!!!!!!!!!!!!!!!!!!!!!!!!!!!
[ALERT] ALERT-000023 | POTENTIAL_EVIL_TWIN
severity: LOW
time: 2026-05-16T15:41:47.763290
message: Wykryto potencjalny Evil Twin / Rogue AP dla SSID 'TestNet_022'. Zaobserwowano 2 różnych BSSID oraz podejrzane różnice parametrów sieci.
evidence: {'ssid': 'TestNet_022', 'bssid_count': 2, 'bssids': ['6f:e6:9c:4e:1e:a5', '29:5f:8b:c6:e7:25'], 'triggered_reasons': ['same_ssid_multiple_bssid'], 'observations': {'6f:e6:9c:4e:1e:a5': {'first_seen': 1778946107.453928, 'last_seen': 1778946107.4550366, 'seen_count': 2, 'channels': [], 'avg_rssi': None}, '29:5f:8b:c6:e7:25': {'first_seen': 1778946107.7632897, 'last_seen': 1778946107.7632897, 'seen_count': 1, 'channels': [], 'avg_rssi': None}}}
!!!!!!!!!!!!!!!!!!!!!!!!!!!!!!!!!!!!!!!!!!!!!!!!!!!!!!!!!!!!!!!!!!!!!!!!!!!!!!!!


!!!!!!!!!!!!!!!!!!!!!!!!!!!!!!!!!!!!!!!!!!!!!!!!!!!!!!!!!!!!!!!!!!!!!!!!!!!!!!!!
[ALERT] ALERT-000024 | POTENTIAL_EVIL_TWIN
severity: LOW
time: 2026-05-16T15:41:47.773402
message: Wykryto potencjalny Evil Twin / Rogue AP dla SSID 'TestNet_023'. Zaobserwowano 2 różnych BSSID oraz podejrzane różnice parametrów sieci.
evidence: {'ssid': 'TestNet_023', 'bssid_count': 2, 'bssids': ['f4:88:44:c3:ff:c3', '5d:3d:1e:7b:d8:5d'], 'triggered_reasons': ['same_ssid_multiple_bssid'], 'observations': {'f4:88:44:c3:ff:c3': {'first_seen': 1778946107.4640386, 'last_seen': 1778946107.4650447, 'seen_count': 2, 'channels': [], 'avg_rssi': None}, '5d:3d:1e:7b:d8:5d': {'first_seen': 1778946107.773402, 'last_seen': 1778946107.773402, 'seen_count': 1, 'channels': [], 'avg_rssi': None}}}
!!!!!!!!!!!!!!!!!!!!!!!!!!!!!!!!!!!!!!!!!!!!!!!!!!!!!!!!!!!!!!!!!!!!!!!!!!!!!!!!


!!!!!!!!!!!!!!!!!!!!!!!!!!!!!!!!!!!!!!!!!!!!!!!!!!!!!!!!!!!!!!!!!!!!!!!!!!!!!!!!
[ALERT] ALERT-000025 | POTENTIAL_EVIL_TWIN
severity: LOW
time: 2026-05-16T15:41:47.783514
message: Wykryto potencjalny Evil Twin / Rogue AP dla SSID 'TestNet_024'. Zaobserwowano 2 różnych BSSID oraz podejrzane różnice parametrów sieci.
evidence: {'ssid': 'TestNet_024', 'bssid_count': 2, 'bssids': ['6d:ab:2c:00:13:55', '90:39:46:13:3d:09'], 'triggered_reasons': ['same_ssid_multiple_bssid'], 'observations': {'6d:ab:2c:00:13:55': {'first_seen': 1778946107.4741518, 'last_seen': 1778946107.475174, 'seen_count': 2, 'channels': [], 'avg_rssi': None}, '90:39:46:13:3d:09': {'first_seen': 1778946107.7835135, 'last_seen': 1778946107.7835135, 'seen_count': 1, 'channels': [], 'avg_rssi': None}}}
!!!!!!!!!!!!!!!!!!!!!!!!!!!!!!!!!!!!!!!!!!!!!!!!!!!!!!!!!!!!!!!!!!!!!!!!!!!!!!!!


!!!!!!!!!!!!!!!!!!!!!!!!!!!!!!!!!!!!!!!!!!!!!!!!!!!!!!!!!!!!!!!!!!!!!!!!!!!!!!!!
[ALERT] ALERT-000026 | POTENTIAL_EVIL_TWIN
severity: LOW
time: 2026-05-16T15:41:47.793637
message: Wykryto potencjalny Evil Twin / Rogue AP dla SSID 'TestNet_025'. Zaobserwowano 2 różnych BSSID oraz podejrzane różnice parametrów sieci.
evidence: {'ssid': 'TestNet_025', 'bssid_count': 2, 'bssids': ['77:44:ac:62:b3:92', 'bb:fb:d3:e0:24:33'], 'triggered_reasons': ['same_ssid_multiple_bssid'], 'observations': {'77:44:ac:62:b3:92': {'first_seen': 1778946107.4842658, 'last_seen': 1778946107.4854126, 'seen_count': 2, 'channels': [], 'avg_rssi': None}, 'bb:fb:d3:e0:24:33': {'first_seen': 1778946107.7936368, 'last_seen': 1778946107.7936368, 'seen_count': 1, 'channels': [], 'avg_rssi': None}}}
!!!!!!!!!!!!!!!!!!!!!!!!!!!!!!!!!!!!!!!!!!!!!!!!!!!!!!!!!!!!!!!!!!!!!!!!!!!!!!!!


!!!!!!!!!!!!!!!!!!!!!!!!!!!!!!!!!!!!!!!!!!!!!!!!!!!!!!!!!!!!!!!!!!!!!!!!!!!!!!!!
[ALERT] ALERT-000027 | POTENTIAL_EVIL_TWIN
severity: LOW
time: 2026-05-16T15:41:47.804255
message: Wykryto potencjalny Evil Twin / Rogue AP dla SSID 'TestNet_026'. Zaobserwowano 2 różnych BSSID oraz podejrzane różnice parametrów sieci.
evidence: {'ssid': 'TestNet_026', 'bssid_count': 2, 'bssids': ['a3:b0:80:10:a4:08', '91:e2:29:41:40:67'], 'triggered_reasons': ['same_ssid_multiple_bssid'], 'observations': {'a3:b0:80:10:a4:08': {'first_seen': 1778946107.4967155, 'last_seen': 1778946107.4976685, 'seen_count': 2, 'channels': [], 'avg_rssi': None}, '91:e2:29:41:40:67': {'first_seen': 1778946107.804255, 'last_seen': 1778946107.804255, 'seen_count': 1, 'channels': [], 'avg_rssi': None}}}
!!!!!!!!!!!!!!!!!!!!!!!!!!!!!!!!!!!!!!!!!!!!!!!!!!!!!!!!!!!!!!!!!!!!!!!!!!!!!!!!


!!!!!!!!!!!!!!!!!!!!!!!!!!!!!!!!!!!!!!!!!!!!!!!!!!!!!!!!!!!!!!!!!!!!!!!!!!!!!!!!
[ALERT] ALERT-000028 | POTENTIAL_EVIL_TWIN
severity: LOW
time: 2026-05-16T15:41:47.814377
message: Wykryto potencjalny Evil Twin / Rogue AP dla SSID 'TestNet_027'. Zaobserwowano 2 różnych BSSID oraz podejrzane różnice parametrów sieci.
evidence: {'ssid': 'TestNet_027', 'bssid_count': 2, 'bssids': ['17:a8:7b:30:15:26', 'bd:1c:9a:e4:ac:d3'], 'triggered_reasons': ['same_ssid_multiple_bssid'], 'observations': {'17:a8:7b:30:15:26': {'first_seen': 1778946107.5068076, 'last_seen': 1778946107.5077899, 'seen_count': 2, 'channels': [], 'avg_rssi': None}, 'bd:1c:9a:e4:ac:d3': {'first_seen': 1778946107.814377, 'last_seen': 1778946107.814377, 'seen_count': 1, 'channels': [], 'avg_rssi': None}}}
!!!!!!!!!!!!!!!!!!!!!!!!!!!!!!!!!!!!!!!!!!!!!!!!!!!!!!!!!!!!!!!!!!!!!!!!!!!!!!!!


!!!!!!!!!!!!!!!!!!!!!!!!!!!!!!!!!!!!!!!!!!!!!!!!!!!!!!!!!!!!!!!!!!!!!!!!!!!!!!!!
[ALERT] ALERT-000029 | POTENTIAL_EVIL_TWIN
severity: LOW
time: 2026-05-16T15:41:47.824475
message: Wykryto potencjalny Evil Twin / Rogue AP dla SSID 'TestNet_028'. Zaobserwowano 2 różnych BSSID oraz podejrzane różnice parametrów sieci.
evidence: {'ssid': 'TestNet_028', 'bssid_count': 2, 'bssids': ['b1:ab:40:33:22:84', '33:1f:aa:dd:da:a5'], 'triggered_reasons': ['same_ssid_multiple_bssid'], 'observations': {'b1:ab:40:33:22:84': {'first_seen': 1778946107.5169277, 'last_seen': 1778946107.5180378, 'seen_count': 2, 'channels': [], 'avg_rssi': None}, '33:1f:aa:dd:da:a5': {'first_seen': 1778946107.8244746, 'last_seen': 1778946107.8244746, 'seen_count': 1, 'channels': [], 'avg_rssi': None}}}
!!!!!!!!!!!!!!!!!!!!!!!!!!!!!!!!!!!!!!!!!!!!!!!!!!!!!!!!!!!!!!!!!!!!!!!!!!!!!!!!


!!!!!!!!!!!!!!!!!!!!!!!!!!!!!!!!!!!!!!!!!!!!!!!!!!!!!!!!!!!!!!!!!!!!!!!!!!!!!!!!
[ALERT] ALERT-000030 | POTENTIAL_EVIL_TWIN
severity: LOW
time: 2026-05-16T15:41:47.834580
message: Wykryto potencjalny Evil Twin / Rogue AP dla SSID 'TestNet_029'. Zaobserwowano 2 różnych BSSID oraz podejrzane różnice parametrów sieci.
evidence: {'ssid': 'TestNet_029', 'bssid_count': 2, 'bssids': ['71:82:39:21:26:e9', 'e4:27:b5:fe:b8:97'], 'triggered_reasons': ['same_ssid_multiple_bssid'], 'observations': {'71:82:39:21:26:e9': {'first_seen': 1778946107.5270166, 'last_seen': 1778946107.5280435, 'seen_count': 2, 'channels': [], 'avg_rssi': None}, 'e4:27:b5:fe:b8:97': {'first_seen': 1778946107.8345804, 'last_seen': 1778946107.8345804, 'seen_count': 1, 'channels': [], 'avg_rssi': None}}}
!!!!!!!!!!!!!!!!!!!!!!!!!!!!!!!!!!!!!!!!!!!!!!!!!!!!!!!!!!!!!!!!!!!!!!!!!!!!!!!!


!!!!!!!!!!!!!!!!!!!!!!!!!!!!!!!!!!!!!!!!!!!!!!!!!!!!!!!!!!!!!!!!!!!!!!!!!!!!!!!!
[ALERT] ALERT-000031 | POTENTIAL_EVIL_TWIN
severity: LOW
time: 2026-05-16T15:41:47.844698
message: Wykryto potencjalny Evil Twin / Rogue AP dla SSID 'TestNet_030'. Zaobserwowano 2 różnych BSSID oraz podejrzane różnice parametrów sieci.
evidence: {'ssid': 'TestNet_030', 'bssid_count': 2, 'bssids': ['aa:8a:f5:b1:a1:9d', '8e:59:93:cd:16:af'], 'triggered_reasons': ['same_ssid_multiple_bssid'], 'observations': {'aa:8a:f5:b1:a1:9d': {'first_seen': 1778946107.537165, 'last_seen': 1778946107.5380437, 'seen_count': 2, 'channels': [], 'avg_rssi': None}, '8e:59:93:cd:16:af': {'first_seen': 1778946107.8446982, 'last_seen': 1778946107.8446982, 'seen_count': 1, 'channels': [], 'avg_rssi': None}}}
!!!!!!!!!!!!!!!!!!!!!!!!!!!!!!!!!!!!!!!!!!!!!!!!!!!!!!!!!!!!!!!!!!!!!!!!!!!!!!!!


================================================================================
STATISTICS after 120.4s
--------------------------------------------------------------------------------
total frames: 2310

by frame type:
  management: 1307
  control: 536
  data: 467

by frame subtype:
  beacon: 1273
  ack: 393
  null_data: 307
  data: 82
  qos_null: 67
  rts: 67
  cts: 44
  block_ack: 16
  probe_response: 16
  cf_end: 15
  action: 12
  qos_data: 11
  probe_request: 6
  block_ack_request: 1

unique SSIDs: 32
unique BSSIDs: 113
================================================================================

!!!!!!!!!!!!!!!!!!!!!!!!!!!!!!!!!!!!!!!!!!!!!!!!!!!!!!!!!!!!!!!!!!!!!!!!!!!!!!!!
[ALERT] ALERT-000032 | BEACON_FLOOD
severity: CRITICAL
time: 2026-05-16T15:41:57.291566
message: Wykryto możliwy atak Beacon Flood: 2020 ramek beacon, 969 unikalnych BSSID, 32 unikalnych SSID w oknie 10s.
evidence: {'beacon_count': 2020, 'unique_bssid_count': 969, 'unique_ssid_count': 32, 'window_seconds': 10, 'beacon_count_threshold': 100, 'unique_bssid_threshold': 30, 'unique_ssid_threshold': 20, 'triggered_reasons': ['high_beacon_rate', 'many_unique_bssids', 'many_unique_ssids'], 'sample_ssids': ['TestNet_016', 'TestNet_011', 'TP-LINK_7122', 'TestNet_018', 'TestNet_007', 'TestNet_001', 'TestNet_027', 'TestNet_005', 'TestNet_026', 'TestNet_019'], 'sample_bssids': ['c8:aa:96:17:9c:60', '41:6d:22:c3:e5:2f', '76:26:cb:3d:cd:40', '9f:b3:1e:05:98:58', '37:ed:99:e7:22:f1', 'a0:84:db:68:b4:e9', '86:b4:cb:d4:82:5e', 'ac:84:c6:41:71:22', '3c:00:d3:b5:04:a8', 'cb:ba:46:2a:18:b2']}
!!!!!!!!!!!!!!!!!!!!!!!!!!!!!!!!!!!!!!!!!!!!!!!!!!!!!!!!!!!!!!!!!!!!!!!!!!!!!!!!


================================================================================
STATISTICS after 130.4s
--------------------------------------------------------------------------------
total frames: 4415

by frame type:
  management: 3330
  control: 586
  data: 499

by frame subtype:
  beacon: 3292
  ack: 426
  null_data: 333
  data: 86
  rts: 73
  qos_null: 69
  cts: 52
  block_ack: 17
  action: 16
  probe_response: 16
  cf_end: 15
  qos_data: 11
  probe_request: 6
  block_ack_request: 3

unique SSIDs: 32
unique BSSIDs: 1079
================================================================================

!!!!!!!!!!!!!!!!!!!!!!!!!!!!!!!!!!!!!!!!!!!!!!!!!!!!!!!!!!!!!!!!!!!!!!!!!!!!!!!!
[ALERT] ALERT-000033 | BEACON_FLOOD
severity: CRITICAL
time: 2026-05-16T15:42:07.291813
message: Wykryto możliwy atak Beacon Flood: 2006 ramek beacon, 960 unikalnych BSSID, 31 unikalnych SSID w oknie 10s.
evidence: {'beacon_count': 2006, 'unique_bssid_count': 960, 'unique_ssid_count': 31, 'window_seconds': 10, 'beacon_count_threshold': 100, 'unique_bssid_threshold': 30, 'unique_ssid_threshold': 20, 'triggered_reasons': ['high_beacon_rate', 'many_unique_bssids', 'many_unique_ssids'], 'sample_ssids': ['TestNet_016', 'TestNet_011', 'TestNet_018', 'TestNet_007', 'TestNet_001', 'TestNet_027', 'TestNet_005', 'TestNet_026', 'TestNet_019', 'TestNet_008'], 'sample_bssids': ['df:e0:7c:31:63:30', '90:58:82:72:37:e4', '6c:42:46:17:74:8a', '28:e5:b2:bb:53:b7', 'ca:d4:9e:74:9a:5d', 'ea:fc:79:15:b2:ff', 'c2:64:78:95:7c:f0', 'cd:7d:78:eb:f1:b0', '6a:ee:e4:af:9b:64', '91:56:cd:91:9c:5d']}
!!!!!!!!!!!!!!!!!!!!!!!!!!!!!!!!!!!!!!!!!!!!!!!!!!!!!!!!!!!!!!!!!!!!!!!!!!!!!!!!


================================================================================
STATISTICS after 140.4s
--------------------------------------------------------------------------------
total frames: 6467

by frame type:
  management: 5333
  control: 608
  data: 526

by frame subtype:
  beacon: 5295
  ack: 440
  null_data: 357
  data: 89
  rts: 73
  qos_null: 69
  cts: 60
  block_ack: 17
  action: 16
  probe_response: 16
  cf_end: 15
  qos_data: 11
  probe_request: 6
  block_ack_request: 3

unique SSIDs: 32
unique BSSIDs: 2036
================================================================================

!!!!!!!!!!!!!!!!!!!!!!!!!!!!!!!!!!!!!!!!!!!!!!!!!!!!!!!!!!!!!!!!!!!!!!!!!!!!!!!!
[ALERT] ALERT-000034 | BEACON_FLOOD
severity: CRITICAL
time: 2026-05-16T15:42:17.296374
message: Wykryto możliwy atak Beacon Flood: 2001 ramek beacon, 961 unikalnych BSSID, 31 unikalnych SSID w oknie 10s.
evidence: {'beacon_count': 2001, 'unique_bssid_count': 961, 'unique_ssid_count': 31, 'window_seconds': 10, 'beacon_count_threshold': 100, 'unique_bssid_threshold': 30, 'unique_ssid_threshold': 20, 'triggered_reasons': ['high_beacon_rate', 'many_unique_bssids', 'many_unique_ssids'], 'sample_ssids': ['TestNet_016', 'TestNet_011', 'TestNet_018', 'TestNet_007', 'TestNet_001', 'TestNet_027', 'TestNet_005', 'TestNet_026', 'TestNet_019', 'TestNet_008'], 'sample_bssids': ['dd:77:94:b5:e1:79', '93:d7:12:03:6b:6b', '0f:be:dc:b4:4c:03', '78:97:70:04:ba:24', '1f:9f:3d:dc:cc:00', '0c:b2:8c:13:53:9b', '03:5b:f2:6c:6c:5b', 'cd:89:60:d7:4e:9c', 'a4:fd:72:a1:51:34', 'a3:16:ba:04:74:c9']}
!!!!!!!!!!!!!!!!!!!!!!!!!!!!!!!!!!!!!!!!!!!!!!!!!!!!!!!!!!!!!!!!!!!!!!!!!!!!!!!!


!!!!!!!!!!!!!!!!!!!!!!!!!!!!!!!!!!!!!!!!!!!!!!!!!!!!!!!!!!!!!!!!!!!!!!!!!!!!!!!!
[ALERT] ALERT-000035 | RTS_FLOOD_SOURCE
severity: MEDIUM
time: 2026-05-16T15:42:17.419622
message: Wykryto możliwy RTS Flood z pojedynczego źródła: 50 ramek RTS z adresu d8:d7:75:45:81:24 w oknie 5s.
evidence: {'source_mac': 'd8:d7:75:45:81:24', 'rts_count': 50, 'unique_destination_count': 1, 'rts_per_source_threshold': 50, 'window_seconds': 5, 'sample_destinations': ['8a:f4:af:eb:f3:fb']}
!!!!!!!!!!!!!!!!!!!!!!!!!!!!!!!!!!!!!!!!!!!!!!!!!!!!!!!!!!!!!!!!!!!!!!!!!!!!!!!!


!!!!!!!!!!!!!!!!!!!!!!!!!!!!!!!!!!!!!!!!!!!!!!!!!!!!!!!!!!!!!!!!!!!!!!!!!!!!!!!!
[ALERT] ALERT-000036 | RTS_CTS_FLOOD_GLOBAL
severity: MEDIUM
time: 2026-05-16T15:42:17.576884
message: Wykryto możliwy RTS/CTS Flood: 79 ramek RTS oraz 71 ramek CTS w oknie 5s.
evidence: {'rts_count': 79, 'cts_count': 71, 'combined_count': 150, 'window_seconds': 5, 'rts_count_threshold': 100, 'cts_count_threshold': 100, 'combined_count_threshold': 150, 'triggered_reasons': ['high_combined_rts_cts_rate'], 'unique_source_count': 1, 'unique_destination_count': 1, 'sample_sources': ['d8:d7:75:45:81:24'], 'sample_destinations': ['8a:f4:af:eb:f3:fb']}
!!!!!!!!!!!!!!!!!!!!!!!!!!!!!!!!!!!!!!!!!!!!!!!!!!!!!!!!!!!!!!!!!!!!!!!!!!!!!!!!


!!!!!!!!!!!!!!!!!!!!!!!!!!!!!!!!!!!!!!!!!!!!!!!!!!!!!!!!!!!!!!!!!!!!!!!!!!!!!!!!
[ALERT] ALERT-000037 | POTENTIAL_EVIL_TWIN
severity: LOW
time: 2026-05-16T15:42:17.810847
message: Wykryto potencjalny Evil Twin / Rogue AP dla SSID 'TestNet_001'. Zaobserwowano 99 różnych BSSID oraz podejrzane różnice parametrów sieci.
evidence: {'ssid': 'TestNet_001', 'bssid_count': 99, 'bssids': ['27:03:65:03:dc:b8', '53:2e:c8:8d:df:74', '3a:24:1b:4a:57:3b', '08:61:86:3a:c4:fe', '0e:b0:dc:13:ea:ad', 'a0:9f:85:04:4e:f8', '6b:e7:a9:dc:bd:bf', '05:36:01:81:53:a5', '9a:a9:9f:d4:6c:60', '92:fc:8b:a2:3a:f3', 'c9:59:ff:d3:11:bf', '13:2b:b6:2b:32:0d', 'ec:05:74:bf:8c:63', '87:ff:ea:e8:bd:2a', '87:61:e0:61:8c:cd', 'c1:6f:b9:e4:bb:08', 'd2:8c:18:12:b0:b5', '08:db:4b:c3:b8:66', '5f:7a:56:69:2c:bd', '10:f5:5b:50:cc:28', '5c:ae:5d:af:52:c0', 'a5:43:c5:5b:93:f9', 'c0:8c:88:5f:ab:b1', '48:1f:99:34:3a:93', 'a5:8a:90:f3:ca:36', 'dc:80:f2:d4:f7:9f', 'c9:a8:9a:7d:23:b3', '0f:24:ab:34:29:e2', '9d:0c:ae:4b:6b:5a', 'c5:71:c3:c8:48:c2', 'da:a2:f0:9e:74:75', 'c6:75:92:68:42:d4', '34:15:99:fc:39:19', '67:e8:8d:e0:05:7a', 'd4:4f:ee:a2:e9:8e', 'a2:0e:e8:be:e5:5c', 'be:99:4e:87:54:44', '13:4d:4e:88:9a:c8', 'a5:3f:f7:05:3e:86', 'df:62:0d:2a:64:8b', 'e1:7b:42:50:94:02', 'c2:6e:5f:a2:62:05', 'af:6d:de:85:f8:a1', 'd6:a9:60:ea:f3:28', '83:31:d3:97:32:7c', '88:a6:0c:36:c2:6b', '5d:9f:b4:5b:8a:ec', 'ef:0a:79:3a:45:61', '1c:23:4b:00:91:20', '92:18:5a:45:42:52', '51:57:63:ff:70:15', '6f:0a:fa:28:d9:af', '1e:81:64:8f:a6:01', 'af:e5:84:2c:79:ba', '0a:18:8c:e7:67:fd', 'be:c6:6e:64:76:5f', '67:f6:ad:a0:27:69', '69:83:01:46:5b:a0', '30:f6:c6:66:c4:32', 'c0:ab:63:7e:7e:63', 'af:31:ae:ef:69:97', 'd4:4d:80:0b:a9:01', 'c8:6f:0e:ca:55:f5', '2f:15:ab:da:49:4b', '03:ce:67:d2:0c:39', '77:20:18:91:ef:79', '24:61:88:3f:b8:ec', '2d:6c:8f:cc:31:b5', '41:1c:3f:07:a5:23', 'e3:35:c9:de:4c:8e', 'a5:c6:eb:01:54:c7', '6b:0c:80:36:59:1d', 'b8:93:da:32:44:e2', '24:2c:3a:49:c6:7d', 'a5:2a:22:f6:fc:d0', '07:04:cb:06:82:02', 'd5:35:2b:90:b2:fa', 'be:ab:a2:2b:79:d7', 'bd:87:94:b3:aa:57', '28:d4:1a:26:4d:9d', 'bc:94:d9:4e:d4:bd', '48:8f:7a:29:78:12', 'a0:6f:82:f4:67:d8', '2d:3d:72:97:05:5e', 'd8:d8:92:5a:c4:02', '92:47:60:cf:b6:02', '0b:86:8f:64:ea:f8', 'b3:52:d2:ec:06:55', 'a3:06:f2:eb:99:c2', '92:1f:b4:3c:30:69', '0d:ff:b6:19:9c:31', '5d:ee:4e:e9:8f:cf', 'dc:a2:d0:1c:05:7c', '09:47:91:d3:6d:1a', '5c:c5:c6:ca:2a:5b', '91:01:64:ba:f2:27', 'c2:f0:8b:2e:0c:68', 'cd:e3:8c:28:5f:6a', 'ec:c7:a4:06:ff:10'], 'triggered_reasons': ['same_ssid_multiple_bssid'], 'observations': {'27:03:65:03:dc:b8': {'first_seen': 1778946107.2388716, 'last_seen': 1778946107.2400327, 'seen_count': 2, 'channels': [], 'avg_rssi': None}, '53:2e:c8:8d:df:74': {'first_seen': 1778946107.5472856, 'last_seen': 1778946107.5484219, 'seen_count': 2, 'channels': [], 'avg_rssi': None}, '3a:24:1b:4a:57:3b': {'first_seen': 1778946107.8548326, 'last_seen': 1778946107.8556802, 'seen_count': 2, 'channels': [], 'avg_rssi': None}, '08:61:86:3a:c4:fe': {'first_seen': 1778946108.1711736, 'last_seen': 1778946108.1720781, 'seen_count': 2, 'channels': [], 'avg_rssi': None}, '0e:b0:dc:13:ea:ad': {'first_seen': 1778946108.4810123, 'last_seen': 1778946108.4822218, 'seen_count': 2, 'channels': [], 'avg_rssi': None}, 'a0:9f:85:04:4e:f8': {'first_seen': 1778946108.7884846, 'last_seen': 1778946108.789486, 'seen_count': 2, 'channels': [], 'avg_rssi': None}, '6b:e7:a9:dc:bd:bf': {'first_seen': 1778946109.0990696, 'last_seen': 1778946109.1000054, 'seen_count': 2, 'channels': [], 'avg_rssi': None}, '05:36:01:81:53:a5': {'first_seen': 1778946109.406382, 'last_seen': 1778946109.4075193, 'seen_count': 2, 'channels': [], 'avg_rssi': None}, '9a:a9:9f:d4:6c:60': {'first_seen': 1778946109.7187037, 'last_seen': 1778946109.719532, 'seen_count': 2, 'channels': [], 'avg_rssi': None}, '92:fc:8b:a2:3a:f3': {'first_seen': 1778946110.0265925, 'last_seen': 1778946110.0277941, 'seen_count': 2, 'channels': [], 'avg_rssi': None}, 'c9:59:ff:d3:11:bf': {'first_seen': 1778946110.3339477, 'last_seen': 1778946110.335192, 'seen_count': 2, 'channels': [], 'avg_rssi': None}, '13:2b:b6:2b:32:0d': {'first_seen': 1778946110.6433659, 'last_seen': 1778946110.644206, 'seen_count': 2, 'channels': [], 'avg_rssi': None}, 'ec:05:74:bf:8c:63': {'first_seen': 1778946110.953555, 'last_seen': 1778946110.954466, 'seen_count': 2, 'channels': [], 'avg_rssi': None}, '87:ff:ea:e8:bd:2a': {'first_seen': 1778946111.2646801, 'last_seen': 1778946111.2657442, 'seen_count': 2, 'channels': [], 'avg_rssi': None}, '87:61:e0:61:8c:cd': {'first_seen': 1778946111.5735762, 'last_seen': 1778946111.5747485, 'seen_count': 2, 'channels': [], 'avg_rssi': None}, 'c1:6f:b9:e4:bb:08': {'first_seen': 1778946111.8817527, 'last_seen': 1778946111.882764, 'seen_count': 2, 'channels': [], 'avg_rssi': None}, 'd2:8c:18:12:b0:b5': {'first_seen': 1778946112.1908915, 'last_seen': 1778946112.1920397, 'seen_count': 2, 'channels': [], 'avg_rssi': None}, '08:db:4b:c3:b8:66': {'first_seen': 1778946112.5033648, 'last_seen': 1778946112.5044296, 'seen_count': 2, 'channels': [], 'avg_rssi': None}, '5f:7a:56:69:2c:bd': {'first_seen': 1778946112.8147688, 'last_seen': 1778946112.815689, 'seen_count': 2, 'channels': [], 'avg_rssi': None}, '10:f5:5b:50:cc:28': {'first_seen': 1778946113.1276386, 'last_seen': 1778946113.1285787, 'seen_count': 2, 'channels': [], 'avg_rssi': None}, '5c:ae:5d:af:52:c0': {'first_seen': 1778946113.4417052, 'last_seen': 1778946113.4426055, 'seen_count': 2, 'channels': [], 'avg_rssi': None}, 'a5:43:c5:5b:93:f9': {'first_seen': 1778946113.7552075, 'last_seen': 1778946113.756119, 'seen_count': 2, 'channels': [], 'avg_rssi': None}, 'c0:8c:88:5f:ab:b1': {'first_seen': 1778946114.0659404, 'last_seen': 1778946114.0671334, 'seen_count': 2, 'channels': [], 'avg_rssi': None}, '48:1f:99:34:3a:93': {'first_seen': 1778946114.372299, 'last_seen': 1778946114.374401, 'seen_count': 2, 'channels': [], 'avg_rssi': None}, 'a5:8a:90:f3:ca:36': {'first_seen': 1778946114.6817532, 'last_seen': 1778946114.682909, 'seen_count': 2, 'channels': [], 'avg_rssi': None}, 'dc:80:f2:d4:f7:9f': {'first_seen': 1778946114.9949205, 'last_seen': 1778946114.9959414, 'seen_count': 2, 'channels': [], 'avg_rssi': None}, 'c9:a8:9a:7d:23:b3': {'first_seen': 1778946115.3112319, 'last_seen': 1778946115.3122005, 'seen_count': 2, 'channels': [], 'avg_rssi': None}, '0f:24:ab:34:29:e2': {'first_seen': 1778946115.6167562, 'last_seen': 1778946115.617982, 'seen_count': 2, 'channels': [], 'avg_rssi': None}, '9d:0c:ae:4b:6b:5a': {'first_seen': 1778946115.9228015, 'last_seen': 1778946115.9239807, 'seen_count': 2, 'channels': [], 'avg_rssi': None}, 'c5:71:c3:c8:48:c2': {'first_seen': 1778946116.234119, 'last_seen': 1778946116.2350059, 'seen_count': 2, 'channels': [], 'avg_rssi': None}, 'da:a2:f0:9e:74:75': {'first_seen': 1778946116.5419848, 'last_seen': 1778946116.5428941, 'seen_count': 2, 'channels': [], 'avg_rssi': None}, 'c6:75:92:68:42:d4': {'first_seen': 1778946116.8560188, 'last_seen': 1778946116.856896, 'seen_count': 2, 'channels': [], 'avg_rssi': None}, '34:15:99:fc:39:19': {'first_seen': 1778946117.1668983, 'last_seen': 1778946117.1677885, 'seen_count': 2, 'channels': [], 'avg_rssi': None}, '67:e8:8d:e0:05:7a': {'first_seen': 1778946117.4789348, 'last_seen': 1778946117.4800563, 'seen_count': 2, 'channels': [], 'avg_rssi': None}, 'd4:4f:ee:a2:e9:8e': {'first_seen': 1778946117.7900949, 'last_seen': 1778946117.7910783, 'seen_count': 2, 'channels': [], 'avg_rssi': None}, 'a2:0e:e8:be:e5:5c': {'first_seen': 1778946118.1007633, 'last_seen': 1778946118.1019638, 'seen_count': 2, 'channels': [], 'avg_rssi': None}, 'be:99:4e:87:54:44': {'first_seen': 1778946118.410811, 'last_seen': 1778946118.411859, 'seen_count': 2, 'channels': [], 'avg_rssi': None}, '13:4d:4e:88:9a:c8': {'first_seen': 1778946118.7267015, 'last_seen': 1778946118.7276204, 'seen_count': 2, 'channels': [], 'avg_rssi': None}, 'a5:3f:f7:05:3e:86': {'first_seen': 1778946119.0386968, 'last_seen': 1778946119.0397646, 'seen_count': 2, 'channels': [], 'avg_rssi': None}, 'df:62:0d:2a:64:8b': {'first_seen': 1778946119.3504436, 'last_seen': 1778946119.351401, 'seen_count': 2, 'channels': [], 'avg_rssi': None}, 'e1:7b:42:50:94:02': {'first_seen': 1778946119.6598115, 'last_seen': 1778946119.6606703, 'seen_count': 2, 'channels': [], 'avg_rssi': None}, 'c2:6e:5f:a2:62:05': {'first_seen': 1778946119.9692767, 'last_seen': 1778946119.9703157, 'seen_count': 2, 'channels': [], 'avg_rssi': None}, 'af:6d:de:85:f8:a1': {'first_seen': 1778946120.280706, 'last_seen': 1778946120.2818415, 'seen_count': 2, 'channels': [], 'avg_rssi': None}, 'd6:a9:60:ea:f3:28': {'first_seen': 1778946120.5909486, 'last_seen': 1778946120.59185, 'seen_count': 2, 'channels': [], 'avg_rssi': None}, '83:31:d3:97:32:7c': {'first_seen': 1778946120.9082973, 'last_seen': 1778946120.909235, 'seen_count': 2, 'channels': [], 'avg_rssi': None}, '88:a6:0c:36:c2:6b': {'first_seen': 1778946121.218554, 'last_seen': 1778946121.2194986, 'seen_count': 2, 'channels': [], 'avg_rssi': None}, '5d:9f:b4:5b:8a:ec': {'first_seen': 1778946121.5306032, 'last_seen': 1778946121.5315144, 'seen_count': 2, 'channels': [], 'avg_rssi': None}, 'ef:0a:79:3a:45:61': {'first_seen': 1778946121.8429177, 'last_seen': 1778946121.8440318, 'seen_count': 2, 'channels': [], 'avg_rssi': None}, '1c:23:4b:00:91:20': {'first_seen': 1778946122.1545193, 'last_seen': 1778946122.1571708, 'seen_count': 2, 'channels': [], 'avg_rssi': None}, '92:18:5a:45:42:52': {'first_seen': 1778946122.467743, 'last_seen': 1778946122.468689, 'seen_count': 2, 'channels': [], 'avg_rssi': None}, '51:57:63:ff:70:15': {'first_seen': 1778946122.7830672, 'last_seen': 1778946122.7839568, 'seen_count': 2, 'channels': [], 'avg_rssi': None}, '6f:0a:fa:28:d9:af': {'first_seen': 1778946123.105792, 'last_seen': 1778946123.106847, 'seen_count': 2, 'channels': [], 'avg_rssi': None}, '1e:81:64:8f:a6:01': {'first_seen': 1778946123.417189, 'last_seen': 1778946123.4181194, 'seen_count': 2, 'channels': [], 'avg_rssi': None}, 'af:e5:84:2c:79:ba': {'first_seen': 1778946123.7348948, 'last_seen': 1778946123.7360034, 'seen_count': 2, 'channels': [], 'avg_rssi': None}, '0a:18:8c:e7:67:fd': {'first_seen': 1778946124.0468988, 'last_seen': 1778946124.0480196, 'seen_count': 2, 'channels': [], 'avg_rssi': None}, 'be:c6:6e:64:76:5f': {'first_seen': 1778946124.3588831, 'last_seen': 1778946124.3597867, 'seen_count': 2, 'channels': [], 'avg_rssi': None}, '67:f6:ad:a0:27:69': {'first_seen': 1778946124.672475, 'last_seen': 1778946124.6736856, 'seen_count': 2, 'channels': [], 'avg_rssi': None}, '69:83:01:46:5b:a0': {'first_seen': 1778946124.9892604, 'last_seen': 1778946124.9904509, 'seen_count': 2, 'channels': [], 'avg_rssi': None}, '30:f6:c6:66:c4:32': {'first_seen': 1778946125.3012066, 'last_seen': 1778946125.3020937, 'seen_count': 2, 'channels': [], 'avg_rssi': None}, 'c0:ab:63:7e:7e:63': {'first_seen': 1778946125.613113, 'last_seen': 1778946125.6141002, 'seen_count': 2, 'channels': [], 'avg_rssi': None}, 'af:31:ae:ef:69:97': {'first_seen': 1778946125.9248476, 'last_seen': 1778946125.9257448, 'seen_count': 2, 'channels': [], 'avg_rssi': None}, 'd4:4d:80:0b:a9:01': {'first_seen': 1778946126.2361782, 'last_seen': 1778946126.2372594, 'seen_count': 2, 'channels': [], 'avg_rssi': None}, 'c8:6f:0e:ca:55:f5': {'first_seen': 1778946126.554662, 'last_seen': 1778946126.5557814, 'seen_count': 2, 'channels': [], 'avg_rssi': None}, '2f:15:ab:da:49:4b': {'first_seen': 1778946126.8693323, 'last_seen': 1778946126.870415, 'seen_count': 2, 'channels': [], 'avg_rssi': None}, '03:ce:67:d2:0c:39': {'first_seen': 1778946127.184979, 'last_seen': 1778946127.1860573, 'seen_count': 2, 'channels': [], 'avg_rssi': None}, '77:20:18:91:ef:79': {'first_seen': 1778946127.4956157, 'last_seen': 1778946127.4966981, 'seen_count': 2, 'channels': [], 'avg_rssi': None}, '24:61:88:3f:b8:ec': {'first_seen': 1778946127.8097384, 'last_seen': 1778946127.810589, 'seen_count': 2, 'channels': [], 'avg_rssi': None}, '2d:6c:8f:cc:31:b5': {'first_seen': 1778946128.1211634, 'last_seen': 1778946128.1223593, 'seen_count': 2, 'channels': [], 'avg_rssi': None}, '41:1c:3f:07:a5:23': {'first_seen': 1778946128.4349, 'last_seen': 1778946128.4357557, 'seen_count': 2, 'channels': [], 'avg_rssi': None}, 'e3:35:c9:de:4c:8e': {'first_seen': 1778946128.7423353, 'last_seen': 1778946128.7433953, 'seen_count': 2, 'channels': [], 'avg_rssi': None}, 'a5:c6:eb:01:54:c7': {'first_seen': 1778946129.0593135, 'last_seen': 1778946129.060537, 'seen_count': 2, 'channels': [], 'avg_rssi': None}, '6b:0c:80:36:59:1d': {'first_seen': 1778946129.3699708, 'last_seen': 1778946129.371172, 'seen_count': 2, 'channels': [], 'avg_rssi': None}, 'b8:93:da:32:44:e2': {'first_seen': 1778946129.678911, 'last_seen': 1778946129.6800706, 'seen_count': 2, 'channels': [], 'avg_rssi': None}, '24:2c:3a:49:c6:7d': {'first_seen': 1778946129.9967873, 'last_seen': 1778946129.997844, 'seen_count': 2, 'channels': [], 'avg_rssi': None}, 'a5:2a:22:f6:fc:d0': {'first_seen': 1778946130.315302, 'last_seen': 1778946130.3162324, 'seen_count': 2, 'channels': [], 'avg_rssi': None}, '07:04:cb:06:82:02': {'first_seen': 1778946130.6301198, 'last_seen': 1778946130.6311128, 'seen_count': 2, 'channels': [], 'avg_rssi': None}, 'd5:35:2b:90:b2:fa': {'first_seen': 1778946130.9377353, 'last_seen': 1778946130.9388773, 'seen_count': 2, 'channels': [], 'avg_rssi': None}, 'be:ab:a2:2b:79:d7': {'first_seen': 1778946131.2489176, 'last_seen': 1778946131.2500181, 'seen_count': 2, 'channels': [], 'avg_rssi': None}, 'bd:87:94:b3:aa:57': {'first_seen': 1778946131.5613968, 'last_seen': 1778946131.562293, 'seen_count': 2, 'channels': [], 'avg_rssi': None}, '28:d4:1a:26:4d:9d': {'first_seen': 1778946131.8682878, 'last_seen': 1778946131.8691728, 'seen_count': 2, 'channels': [], 'avg_rssi': None}, 'bc:94:d9:4e:d4:bd': {'first_seen': 1778946132.1852329, 'last_seen': 1778946132.1862032, 'seen_count': 2, 'channels': [], 'avg_rssi': None}, '48:8f:7a:29:78:12': {'first_seen': 1778946132.4969895, 'last_seen': 1778946132.498341, 'seen_count': 2, 'channels': [], 'avg_rssi': None}, 'a0:6f:82:f4:67:d8': {'first_seen': 1778946132.806151, 'last_seen': 1778946132.8087254, 'seen_count': 2, 'channels': [], 'avg_rssi': None}, '2d:3d:72:97:05:5e': {'first_seen': 1778946133.1183662, 'last_seen': 1778946133.1194894, 'seen_count': 2, 'channels': [], 'avg_rssi': None}, 'd8:d8:92:5a:c4:02': {'first_seen': 1778946133.4328134, 'last_seen': 1778946133.4340081, 'seen_count': 2, 'channels': [], 'avg_rssi': None}, '92:47:60:cf:b6:02': {'first_seen': 1778946133.7482927, 'last_seen': 1778946133.7493975, 'seen_count': 2, 'channels': [], 'avg_rssi': None}, '0b:86:8f:64:ea:f8': {'first_seen': 1778946134.0635493, 'last_seen': 1778946134.0644157, 'seen_count': 2, 'channels': [], 'avg_rssi': None}, 'b3:52:d2:ec:06:55': {'first_seen': 1778946134.372105, 'last_seen': 1778946134.3729289, 'seen_count': 2, 'channels': [], 'avg_rssi': None}, 'a3:06:f2:eb:99:c2': {'first_seen': 1778946134.6927872, 'last_seen': 1778946134.693695, 'seen_count': 2, 'channels': [], 'avg_rssi': None}, '92:1f:b4:3c:30:69': {'first_seen': 1778946135.0076427, 'last_seen': 1778946135.0087209, 'seen_count': 2, 'channels': [], 'avg_rssi': None}, '0d:ff:b6:19:9c:31': {'first_seen': 1778946135.3185792, 'last_seen': 1778946135.3194857, 'seen_count': 2, 'channels': [], 'avg_rssi': None}, '5d:ee:4e:e9:8f:cf': {'first_seen': 1778946135.6284144, 'last_seen': 1778946135.6292512, 'seen_count': 2, 'channels': [], 'avg_rssi': None}, 'dc:a2:d0:1c:05:7c': {'first_seen': 1778946135.9426584, 'last_seen': 1778946135.9435108, 'seen_count': 2, 'channels': [], 'avg_rssi': None}, '09:47:91:d3:6d:1a': {'first_seen': 1778946136.2570083, 'last_seen': 1778946136.2579012, 'seen_count': 2, 'channels': [], 'avg_rssi': None}, '5c:c5:c6:ca:2a:5b': {'first_seen': 1778946136.5717907, 'last_seen': 1778946136.5727937, 'seen_count': 2, 'channels': [], 'avg_rssi': None}, '91:01:64:ba:f2:27': {'first_seen': 1778946136.8843098, 'last_seen': 1778946136.8851871, 'seen_count': 2, 'channels': [], 'avg_rssi': None}, 'c2:f0:8b:2e:0c:68': {'first_seen': 1778946137.1933866, 'last_seen': 1778946137.194824, 'seen_count': 2, 'channels': [], 'avg_rssi': None}, 'cd:e3:8c:28:5f:6a': {'first_seen': 1778946137.5031886, 'last_seen': 1778946137.5082173, 'seen_count': 2, 'channels': [], 'avg_rssi': None}, 'ec:c7:a4:06:ff:10': {'first_seen': 1778946137.8108468, 'last_seen': 1778946137.8108468, 'seen_count': 1, 'channels': [], 'avg_rssi': None}}}
!!!!!!!!!!!!!!!!!!!!!!!!!!!!!!!!!!!!!!!!!!!!!!!!!!!!!!!!!!!!!!!!!!!!!!!!!!!!!!!!


!!!!!!!!!!!!!!!!!!!!!!!!!!!!!!!!!!!!!!!!!!!!!!!!!!!!!!!!!!!!!!!!!!!!!!!!!!!!!!!!
[ALERT] ALERT-000038 | POTENTIAL_EVIL_TWIN
severity: LOW
time: 2026-05-16T15:42:17.820947
message: Wykryto potencjalny Evil Twin / Rogue AP dla SSID 'TestNet_002'. Zaobserwowano 99 różnych BSSID oraz podejrzane różnice parametrów sieci.
evidence: {'ssid': 'TestNet_002', 'bssid_count': 99, 'bssids': ['96:fc:9f:0a:0a:4c', '52:f1:1b:8a:62:9d', '9a:e6:d0:64:ca:f7', 'cd:35:34:98:c0:83', '27:0a:bd:4a:d3:67', '12:e3:43:fa:fe:35', '41:11:40:51:98:f5', 'fb:48:a6:12:47:1c', '88:56:5f:db:38:53', 'cf:ca:de:47:d9:2b', '30:0e:49:46:ec:4f', '97:e0:34:0b:4c:88', '82:d4:9d:14:a4:0c', 'cf:60:15:de:1f:91', '2d:b1:b0:ce:ed:e4', '29:b8:b9:f2:41:5c', '69:62:c6:45:34:d7', '47:b8:e9:e4:2f:e1', '10:54:3a:86:4b:68', '96:04:c6:79:c0:02', '33:07:18:d9:38:11', '06:72:4d:5c:e9:ce', '26:b6:86:27:4f:e6', 'e7:7d:f4:87:1a:9d', 'fb:a5:17:1f:a7:60', 'be:d7:37:7c:80:f0', '61:e1:1a:cc:c1:b0', '83:d8:fe:92:48:ca', '94:dd:0d:57:5c:1c', '7e:0f:f9:d8:d4:3d', 'f5:31:52:ac:f3:d6', '64:21:f0:72:6c:12', '3e:a8:20:95:df:0d', 'ba:16:3a:14:d8:d5', '61:86:d3:75:4a:6d', '4f:27:d9:bf:0f:74', 'f0:b5:25:61:27:27', 'f6:e1:13:ab:93:c1', '22:51:e7:19:0a:4e', '5c:44:b1:9b:22:08', '80:e6:42:1c:86:be', 'd2:cd:65:0d:fd:68', 'c0:99:54:3d:ea:d0', 'd7:b5:5d:06:78:9e', 'd8:7e:c4:94:3a:a9', 'ef:cf:2c:15:e5:24', '1a:5f:08:3a:50:05', '66:2e:df:37:fe:7d', '45:47:41:56:ac:d9', 'd8:d1:5f:b8:a9:90', 'dd:58:51:a3:44:f5', '05:b4:c8:54:04:65', 'ab:85:a2:9f:2e:b3', 'e5:43:8b:57:d5:60', 'd3:b6:a4:1f:e1:37', 'a3:6c:85:42:df:8f', '3b:f7:16:32:95:a6', '5b:33:1f:f8:bd:3c', 'cd:7d:78:eb:f1:b0', 'e7:41:c3:6d:cd:ba', '7d:5c:cb:55:d6:52', 'a8:68:9e:9e:5f:b1', 'a9:2f:4d:43:8d:85', 'f8:0c:0f:bf:fc:b4', 'fe:63:21:c7:27:ff', 'c0:a7:07:34:bc:70', '48:1d:5f:50:e1:e4', '6e:a3:33:41:ed:0b', '59:74:fc:f6:eb:d3', '60:cb:e7:0f:30:98', '72:71:2d:fb:e7:8a', 'f5:97:b3:cb:72:54', '47:fc:d1:88:5e:37', '3e:1f:40:16:b4:27', 'e8:b5:3c:4e:df:b8', '6f:8a:e6:75:23:fa', 'fd:9b:e9:f1:d4:b8', 'c9:20:55:6e:a6:9b', 'b0:96:b5:6c:d7:c6', '48:31:a7:1c:5f:f1', '2e:15:c4:1a:8c:9e', 'e0:20:55:f8:eb:01', 'f1:ae:3c:30:87:da', '47:f6:27:82:c3:ac', '04:ea:c8:00:89:87', 'b9:b4:71:0d:24:7a', 'cd:78:4e:e3:d0:97', 'ed:60:ad:2f:1f:1a', '51:ba:6a:70:e2:04', 'f2:10:27:33:59:fc', 'ce:61:95:2c:26:b2', '74:24:58:54:19:9a', 'a9:b4:99:a4:31:01', 'e3:ff:bd:be:b8:51', 'a7:c8:30:b1:fd:df', 'eb:b7:1a:03:96:14', 'b3:0c:d6:46:f9:32', 'ef:80:a8:48:d5:f8', '4e:c6:c8:11:ad:1b'], 'triggered_reasons': ['same_ssid_multiple_bssid'], 'observations': {'96:fc:9f:0a:0a:4c': {'first_seen': 1778946107.2489736, 'last_seen': 1778946107.2501507, 'seen_count': 2, 'channels': [], 'avg_rssi': None}, '52:f1:1b:8a:62:9d': {'first_seen': 1778946107.5573957, 'last_seen': 1778946107.5582907, 'seen_count': 2, 'channels': [], 'avg_rssi': None}, '9a:e6:d0:64:ca:f7': {'first_seen': 1778946107.8649242, 'last_seen': 1778946107.8659415, 'seen_count': 2, 'channels': [], 'avg_rssi': None}, 'cd:35:34:98:c0:83': {'first_seen': 1778946108.1812918, 'last_seen': 1778946108.182457, 'seen_count': 2, 'channels': [], 'avg_rssi': None}, '27:0a:bd:4a:d3:67': {'first_seen': 1778946108.4911234, 'last_seen': 1778946108.4920943, 'seen_count': 2, 'channels': [], 'avg_rssi': None}, '12:e3:43:fa:fe:35': {'first_seen': 1778946108.798615, 'last_seen': 1778946108.7994864, 'seen_count': 2, 'channels': [], 'avg_rssi': None}, '41:11:40:51:98:f5': {'first_seen': 1778946109.109172, 'last_seen': 1778946109.1101217, 'seen_count': 2, 'channels': [], 'avg_rssi': None}, 'fb:48:a6:12:47:1c': {'first_seen': 1778946109.4164762, 'last_seen': 1778946109.4175234, 'seen_count': 2, 'channels': [], 'avg_rssi': None}, '88:56:5f:db:38:53': {'first_seen': 1778946109.7288246, 'last_seen': 1778946109.7301586, 'seen_count': 2, 'channels': [], 'avg_rssi': None}, 'cf:ca:de:47:d9:2b': {'first_seen': 1778946110.0367095, 'last_seen': 1778946110.037934, 'seen_count': 2, 'channels': [], 'avg_rssi': None}, '30:0e:49:46:ec:4f': {'first_seen': 1778946110.3458078, 'last_seen': 1778946110.3469374, 'seen_count': 2, 'channels': [], 'avg_rssi': None}, '97:e0:34:0b:4c:88': {'first_seen': 1778946110.6534753, 'last_seen': 1778946110.6547089, 'seen_count': 2, 'channels': [], 'avg_rssi': None}, '82:d4:9d:14:a4:0c': {'first_seen': 1778946110.9662883, 'last_seen': 1778946110.9672315, 'seen_count': 2, 'channels': [], 'avg_rssi': None}, 'cf:60:15:de:1f:91': {'first_seen': 1778946111.2747922, 'last_seen': 1778946111.2759929, 'seen_count': 2, 'channels': [], 'avg_rssi': None}, '2d:b1:b0:ce:ed:e4': {'first_seen': 1778946111.5836935, 'last_seen': 1778946111.5848749, 'seen_count': 2, 'channels': [], 'avg_rssi': None}, '29:b8:b9:f2:41:5c': {'first_seen': 1778946111.8918576, 'last_seen': 1778946111.8928907, 'seen_count': 2, 'channels': [], 'avg_rssi': None}, '69:62:c6:45:34:d7': {'first_seen': 1778946112.2009745, 'last_seen': 1778946112.201906, 'seen_count': 2, 'channels': [], 'avg_rssi': None}, '47:b8:e9:e4:2f:e1': {'first_seen': 1778946112.513493, 'last_seen': 1778946112.5145543, 'seen_count': 2, 'channels': [], 'avg_rssi': None}, '10:54:3a:86:4b:68': {'first_seen': 1778946112.8248658, 'last_seen': 1778946112.8256984, 'seen_count': 2, 'channels': [], 'avg_rssi': None}, '96:04:c6:79:c0:02': {'first_seen': 1778946113.1377528, 'last_seen': 1778946113.1385784, 'seen_count': 2, 'channels': [], 'avg_rssi': None}, '33:07:18:d9:38:11': {'first_seen': 1778946113.4546597, 'last_seen': 1778946113.4554706, 'seen_count': 2, 'channels': [], 'avg_rssi': None}, '06:72:4d:5c:e9:ce': {'first_seen': 1778946113.766714, 'last_seen': 1778946113.7676175, 'seen_count': 2, 'channels': [], 'avg_rssi': None}, '26:b6:86:27:4f:e6': {'first_seen': 1778946114.0760288, 'last_seen': 1778946114.0772545, 'seen_count': 2, 'channels': [], 'avg_rssi': None}, 'e7:7d:f4:87:1a:9d': {'first_seen': 1778946114.3826745, 'last_seen': 1778946114.3836443, 'seen_count': 2, 'channels': [], 'avg_rssi': None}, 'fb:a5:17:1f:a7:60': {'first_seen': 1778946114.6918771, 'last_seen': 1778946114.692917, 'seen_count': 2, 'channels': [], 'avg_rssi': None}, 'be:d7:37:7c:80:f0': {'first_seen': 1778946115.0050535, 'last_seen': 1778946115.0060654, 'seen_count': 2, 'channels': [], 'avg_rssi': None}, '61:e1:1a:cc:c1:b0': {'first_seen': 1778946115.321349, 'last_seen': 1778946115.3221993, 'seen_count': 2, 'channels': [], 'avg_rssi': None}, '83:d8:fe:92:48:ca': {'first_seen': 1778946115.6287367, 'last_seen': 1778946115.6298337, 'seen_count': 2, 'channels': [], 'avg_rssi': None}, '94:dd:0d:57:5c:1c': {'first_seen': 1778946115.9329076, 'last_seen': 1778946115.9337242, 'seen_count': 2, 'channels': [], 'avg_rssi': None}, '7e:0f:f9:d8:d4:3d': {'first_seen': 1778946116.244238, 'last_seen': 1778946116.24512, 'seen_count': 2, 'channels': [], 'avg_rssi': None}, 'f5:31:52:ac:f3:d6': {'first_seen': 1778946116.552092, 'last_seen': 1778946116.5530064, 'seen_count': 2, 'channels': [], 'avg_rssi': None}, '64:21:f0:72:6c:12': {'first_seen': 1778946116.866125, 'last_seen': 1778946116.8670225, 'seen_count': 2, 'channels': [], 'avg_rssi': None}, '3e:a8:20:95:df:0d': {'first_seen': 1778946117.1770205, 'last_seen': 1778946117.1781716, 'seen_count': 2, 'channels': [], 'avg_rssi': None}, 'ba:16:3a:14:d8:d5': {'first_seen': 1778946117.4890547, 'last_seen': 1778946117.490179, 'seen_count': 2, 'channels': [], 'avg_rssi': None}, '61:86:d3:75:4a:6d': {'first_seen': 1778946117.80021, 'last_seen': 1778946117.801455, 'seen_count': 2, 'channels': [], 'avg_rssi': None}, '4f:27:d9:bf:0f:74': {'first_seen': 1778946118.1108649, 'last_seen': 1778946118.1117122, 'seen_count': 2, 'channels': [], 'avg_rssi': None}, 'f0:b5:25:61:27:27': {'first_seen': 1778946118.42093, 'last_seen': 1778946118.4218607, 'seen_count': 2, 'channels': [], 'avg_rssi': None}, 'f6:e1:13:ab:93:c1': {'first_seen': 1778946118.736794, 'last_seen': 1778946118.737744, 'seen_count': 2, 'channels': [], 'avg_rssi': None}, '22:51:e7:19:0a:4e': {'first_seen': 1778946119.0506947, 'last_seen': 1778946119.051644, 'seen_count': 2, 'channels': [], 'avg_rssi': None}, '5c:44:b1:9b:22:08': {'first_seen': 1778946119.3605669, 'last_seen': 1778946119.3616626, 'seen_count': 2, 'channels': [], 'avg_rssi': None}, '80:e6:42:1c:86:be': {'first_seen': 1778946119.6706822, 'last_seen': 1778946119.6718078, 'seen_count': 2, 'channels': [], 'avg_rssi': None}, 'd2:cd:65:0d:fd:68': {'first_seen': 1778946119.9826617, 'last_seen': 1778946119.9835606, 'seen_count': 2, 'channels': [], 'avg_rssi': None}, 'c0:99:54:3d:ea:d0': {'first_seen': 1778946120.2907972, 'last_seen': 1778946120.2918234, 'seen_count': 2, 'channels': [], 'avg_rssi': None}, 'd7:b5:5d:06:78:9e': {'first_seen': 1778946120.6010635, 'last_seen': 1778946120.602216, 'seen_count': 2, 'channels': [], 'avg_rssi': None}, 'd8:7e:c4:94:3a:a9': {'first_seen': 1778946120.9184659, 'last_seen': 1778946120.9193664, 'seen_count': 2, 'channels': [], 'avg_rssi': None}, 'ef:cf:2c:15:e5:24': {'first_seen': 1778946121.2286427, 'last_seen': 1778946121.2294993, 'seen_count': 2, 'channels': [], 'avg_rssi': None}, '1a:5f:08:3a:50:05': {'first_seen': 1778946121.5421755, 'last_seen': 1778946121.5430176, 'seen_count': 2, 'channels': [], 'avg_rssi': None}, '66:2e:df:37:fe:7d': {'first_seen': 1778946121.853026, 'last_seen': 1778946121.8539073, 'seen_count': 2, 'channels': [], 'avg_rssi': None}, '45:47:41:56:ac:d9': {'first_seen': 1778946122.1646209, 'last_seen': 1778946122.1657968, 'seen_count': 2, 'channels': [], 'avg_rssi': None}, 'd8:d1:5f:b8:a9:90': {'first_seen': 1778946122.4826586, 'last_seen': 1778946122.4835718, 'seen_count': 2, 'channels': [], 'avg_rssi': None}, 'dd:58:51:a3:44:f5': {'first_seen': 1778946122.7931838, 'last_seen': 1778946122.7943301, 'seen_count': 2, 'channels': [], 'avg_rssi': None}, '05:b4:c8:54:04:65': {'first_seen': 1778946123.115897, 'last_seen': 1778946123.1169717, 'seen_count': 2, 'channels': [], 'avg_rssi': None}, 'ab:85:a2:9f:2e:b3': {'first_seen': 1778946123.4272914, 'last_seen': 1778946123.4281147, 'seen_count': 2, 'channels': [], 'avg_rssi': None}, 'e5:43:8b:57:d5:60': {'first_seen': 1778946123.7466648, 'last_seen': 1778946123.7478771, 'seen_count': 2, 'channels': [], 'avg_rssi': None}, 'd3:b6:a4:1f:e1:37': {'first_seen': 1778946124.0570018, 'last_seen': 1778946124.058147, 'seen_count': 2, 'channels': [], 'avg_rssi': None}, 'a3:6c:85:42:df:8f': {'first_seen': 1778946124.3690138, 'last_seen': 1778946124.3699222, 'seen_count': 2, 'channels': [], 'avg_rssi': None}, '3b:f7:16:32:95:a6': {'first_seen': 1778946124.6825943, 'last_seen': 1778946124.6834352, 'seen_count': 2, 'channels': [], 'avg_rssi': None}, '5b:33:1f:f8:bd:3c': {'first_seen': 1778946125.0016968, 'last_seen': 1778946125.002819, 'seen_count': 2, 'channels': [], 'avg_rssi': None}, 'cd:7d:78:eb:f1:b0': {'first_seen': 1778946125.3113327, 'last_seen': 1778946125.3124676, 'seen_count': 2, 'channels': [], 'avg_rssi': None}, 'e7:41:c3:6d:cd:ba': {'first_seen': 1778946125.6232266, 'last_seen': 1778946125.6243517, 'seen_count': 2, 'channels': [], 'avg_rssi': None}, '7d:5c:cb:55:d6:52': {'first_seen': 1778946125.9349425, 'last_seen': 1778946125.9358702, 'seen_count': 2, 'channels': [], 'avg_rssi': None}, 'a8:68:9e:9e:5f:b1': {'first_seen': 1778946126.246286, 'last_seen': 1778946126.247142, 'seen_count': 2, 'channels': [], 'avg_rssi': None}, 'a9:2f:4d:43:8d:85': {'first_seen': 1778946126.5647545, 'last_seen': 1778946126.5667734, 'seen_count': 2, 'channels': [], 'avg_rssi': None}, 'f8:0c:0f:bf:fc:b4': {'first_seen': 1778946126.8794317, 'last_seen': 1778946126.8804207, 'seen_count': 2, 'channels': [], 'avg_rssi': None}, 'fe:63:21:c7:27:ff': {'first_seen': 1778946127.1950774, 'last_seen': 1778946127.196058, 'seen_count': 2, 'channels': [], 'avg_rssi': None}, 'c0:a7:07:34:bc:70': {'first_seen': 1778946127.506067, 'last_seen': 1778946127.507198, 'seen_count': 2, 'channels': [], 'avg_rssi': None}, '48:1d:5f:50:e1:e4': {'first_seen': 1778946127.8198323, 'last_seen': 1778946127.820713, 'seen_count': 2, 'channels': [], 'avg_rssi': None}, '6e:a3:33:41:ed:0b': {'first_seen': 1778946128.1312654, 'last_seen': 1778946128.1321063, 'seen_count': 2, 'channels': [], 'avg_rssi': None}, '59:74:fc:f6:eb:d3': {'first_seen': 1778946128.445033, 'last_seen': 1778946128.4460068, 'seen_count': 2, 'channels': [], 'avg_rssi': None}, '60:cb:e7:0f:30:98': {'first_seen': 1778946128.7524502, 'last_seen': 1778946128.7536469, 'seen_count': 2, 'channels': [], 'avg_rssi': None}, '72:71:2d:fb:e7:8a': {'first_seen': 1778946129.0694087, 'last_seen': 1778946129.0705302, 'seen_count': 2, 'channels': [], 'avg_rssi': None}, 'f5:97:b3:cb:72:54': {'first_seen': 1778946129.3821635, 'last_seen': 1778946129.3833017, 'seen_count': 2, 'channels': [], 'avg_rssi': None}, '47:fc:d1:88:5e:37': {'first_seen': 1778946129.6890187, 'last_seen': 1778946129.690195, 'seen_count': 2, 'channels': [], 'avg_rssi': None}, '3e:1f:40:16:b4:27': {'first_seen': 1778946130.0068822, 'last_seen': 1778946130.0079536, 'seen_count': 2, 'channels': [], 'avg_rssi': None}, 'e8:b5:3c:4e:df:b8': {'first_seen': 1778946130.325451, 'last_seen': 1778946130.3263445, 'seen_count': 2, 'channels': [], 'avg_rssi': None}, '6f:8a:e6:75:23:fa': {'first_seen': 1778946130.6402187, 'last_seen': 1778946130.6412542, 'seen_count': 2, 'channels': [], 'avg_rssi': None}, 'fd:9b:e9:f1:d4:b8': {'first_seen': 1778946130.9480913, 'last_seen': 1778946130.94901, 'seen_count': 2, 'channels': [], 'avg_rssi': None}, 'c9:20:55:6e:a6:9b': {'first_seen': 1778946131.2590175, 'last_seen': 1778946131.2600253, 'seen_count': 2, 'channels': [], 'avg_rssi': None}, 'b0:96:b5:6c:d7:c6': {'first_seen': 1778946131.5715165, 'last_seen': 1778946131.5725362, 'seen_count': 2, 'channels': [], 'avg_rssi': None}, '48:31:a7:1c:5f:f1': {'first_seen': 1778946131.8783832, 'last_seen': 1778946131.8792999, 'seen_count': 2, 'channels': [], 'avg_rssi': None}, '2e:15:c4:1a:8c:9e': {'first_seen': 1778946132.198682, 'last_seen': 1778946132.1998184, 'seen_count': 2, 'channels': [], 'avg_rssi': None}, 'e0:20:55:f8:eb:01': {'first_seen': 1778946132.5071661, 'last_seen': 1778946132.5082092, 'seen_count': 2, 'channels': [], 'avg_rssi': None}, 'f1:ae:3c:30:87:da': {'first_seen': 1778946132.816304, 'last_seen': 1778946132.8174849, 'seen_count': 2, 'channels': [], 'avg_rssi': None}, '47:f6:27:82:c3:ac': {'first_seen': 1778946133.12869, 'last_seen': 1778946133.129739, 'seen_count': 2, 'channels': [], 'avg_rssi': None}, '04:ea:c8:00:89:87': {'first_seen': 1778946133.4462864, 'last_seen': 1778946133.4473817, 'seen_count': 2, 'channels': [], 'avg_rssi': None}, 'b9:b4:71:0d:24:7a': {'first_seen': 1778946133.758424, 'last_seen': 1778946133.7594063, 'seen_count': 2, 'channels': [], 'avg_rssi': None}, 'cd:78:4e:e3:d0:97': {'first_seen': 1778946134.074931, 'last_seen': 1778946134.076041, 'seen_count': 2, 'channels': [], 'avg_rssi': None}, 'ed:60:ad:2f:1f:1a': {'first_seen': 1778946134.3822093, 'last_seen': 1778946134.3830564, 'seen_count': 2, 'channels': [], 'avg_rssi': None}, '51:ba:6a:70:e2:04': {'first_seen': 1778946134.706669, 'last_seen': 1778946134.7078223, 'seen_count': 2, 'channels': [], 'avg_rssi': None}, 'f2:10:27:33:59:fc': {'first_seen': 1778946135.0177522, 'last_seen': 1778946135.0187225, 'seen_count': 2, 'channels': [], 'avg_rssi': None}, 'ce:61:95:2c:26:b2': {'first_seen': 1778946135.3287053, 'last_seen': 1778946135.3297367, 'seen_count': 2, 'channels': [], 'avg_rssi': None}, '74:24:58:54:19:9a': {'first_seen': 1778946135.6385198, 'last_seen': 1778946135.639627, 'seen_count': 2, 'channels': [], 'avg_rssi': None}, 'a9:b4:99:a4:31:01': {'first_seen': 1778946135.9527543, 'last_seen': 1778946135.9538875, 'seen_count': 2, 'channels': [], 'avg_rssi': None}, 'e3:ff:bd:be:b8:51': {'first_seen': 1778946136.2690425, 'last_seen': 1778946136.2700322, 'seen_count': 2, 'channels': [], 'avg_rssi': None}, 'a7:c8:30:b1:fd:df': {'first_seen': 1778946136.5818942, 'last_seen': 1778946136.5830522, 'seen_count': 2, 'channels': [], 'avg_rssi': None}, 'eb:b7:1a:03:96:14': {'first_seen': 1778946136.8946052, 'last_seen': 1778946136.8958158, 'seen_count': 2, 'channels': [], 'avg_rssi': None}, 'b3:0c:d6:46:f9:32': {'first_seen': 1778946137.2034817, 'last_seen': 1778946137.2047038, 'seen_count': 2, 'channels': [], 'avg_rssi': None}, 'ef:80:a8:48:d5:f8': {'first_seen': 1778946137.5134401, 'last_seen': 1778946137.518468, 'seen_count': 2, 'channels': [], 'avg_rssi': None}, '4e:c6:c8:11:ad:1b': {'first_seen': 1778946137.8209474, 'last_seen': 1778946137.8209474, 'seen_count': 1, 'channels': [], 'avg_rssi': None}}}
!!!!!!!!!!!!!!!!!!!!!!!!!!!!!!!!!!!!!!!!!!!!!!!!!!!!!!!!!!!!!!!!!!!!!!!!!!!!!!!!


!!!!!!!!!!!!!!!!!!!!!!!!!!!!!!!!!!!!!!!!!!!!!!!!!!!!!!!!!!!!!!!!!!!!!!!!!!!!!!!!
[ALERT] ALERT-000039 | POTENTIAL_EVIL_TWIN
severity: LOW
time: 2026-05-16T15:42:17.831043
message: Wykryto potencjalny Evil Twin / Rogue AP dla SSID 'TestNet_003'. Zaobserwowano 99 różnych BSSID oraz podejrzane różnice parametrów sieci.
evidence: {'ssid': 'TestNet_003', 'bssid_count': 99, 'bssids': ['88:b0:ff:24:ad:c6', 'ad:25:f9:3b:cf:83', 'b0:ef:a9:88:7e:02', 'de:5f:20:bd:01:3c', '40:35:20:23:5c:c2', 'c9:74:02:5c:b2:6b', '7b:03:9c:78:3f:63', '35:0b:15:73:fc:36', 'a8:39:1c:b6:9f:e2', 'a5:af:dc:d5:d1:81', 'e3:2b:13:d1:a3:12', '22:a7:22:1e:0e:ad', '1b:97:a4:78:4f:6e', 'aa:44:c6:46:48:e0', '50:10:5d:9d:70:9c', '2a:39:e0:ec:6f:3a', '92:10:a3:9d:a2:04', '4f:71:c0:55:1a:9d', '36:92:d9:ee:05:8b', '5e:97:8a:fd:0f:3a', '14:3f:46:d1:d0:c1', '86:99:52:db:e7:03', '31:3d:7a:12:82:08', '85:e8:e9:fa:e5:58', '1b:2a:36:93:f1:4c', '4d:37:48:6c:4b:92', '62:da:5b:8a:b0:c4', '8f:f0:d0:07:95:c3', 'a5:00:d7:fb:fc:79', '50:a5:6d:04:a0:75', '23:7b:3e:3f:c0:83', '77:da:30:6f:6f:c6', '20:e1:b6:ae:73:86', 'c7:c3:bc:3a:50:23', 'ac:d6:eb:23:0f:78', '43:d9:fc:3e:49:7f', '56:00:fc:0a:4b:16', 'b5:43:e5:9c:f7:aa', '86:96:b0:3c:6c:eb', '6c:a3:a6:e9:11:c8', '2c:c1:87:4a:31:02', '8a:60:57:ce:79:49', '36:b6:a4:55:62:4e', '11:82:fe:c1:cb:5c', '16:79:3d:e8:bc:3f', '04:38:7c:bc:27:6e', '18:78:df:8e:ef:9f', 'd4:a4:60:71:e9:40', '4f:95:4c:6b:73:b3', '99:b2:88:7e:5a:af', '7b:4b:25:1f:92:2f', '31:9b:c7:e0:8e:d4', '67:89:38:07:96:e1', '7b:1d:14:d2:51:ae', '2f:1f:b9:9e:11:bb', '6f:52:70:ee:49:e9', 'a7:0d:55:bc:52:39', '83:3d:26:92:f7:ab', '14:96:d7:f3:c1:e3', '7a:f9:e0:17:cc:63', 'f7:58:ec:29:07:bc', 'd1:d8:69:97:26:a1', '9e:7c:08:17:eb:47', '63:16:5d:93:41:97', '24:6b:02:48:b0:5c', '03:94:41:0c:fd:7b', '2b:3f:d5:aa:ac:43', 'c3:24:9c:d6:66:ce', '4e:24:ec:6a:ed:0d', 'c1:99:42:50:88:14', '0c:d4:07:ab:e8:6b', '0e:5c:37:e5:02:91', 'a3:a7:f5:7d:12:dd', '0e:42:f2:03:fc:4a', '3d:14:ae:1a:64:1b', '80:64:33:30:c9:d7', '62:6b:59:c0:1d:3c', '46:27:a5:5e:e7:b1', '4f:7c:73:72:26:f4', 'a6:ed:87:86:9c:c0', '2d:c3:cf:98:66:07', '98:08:3c:e8:1b:2e', '0c:b2:8c:13:53:9b', '82:4f:d6:85:93:ba', 'bd:6d:6f:8a:8f:73', 'a5:33:80:65:9c:40', '2e:6e:24:63:44:b9', '7a:42:e1:3f:45:87', 'b8:0b:67:82:50:ff', 'f8:74:6a:fe:a3:67', 'eb:d6:a5:04:d4:65', '86:fd:83:b9:72:4d', 'd2:21:51:3d:2d:cd', '97:d5:e8:81:1b:cc', 'ae:88:09:08:7a:33', 'e6:ad:70:01:c4:32', '9f:47:e9:7a:8e:59', '0b:62:8b:f1:87:02', '84:3a:da:02:26:f4'], 'triggered_reasons': ['same_ssid_multiple_bssid'], 'observations': {'88:b0:ff:24:ad:c6': {'first_seen': 1778946107.2590754, 'last_seen': 1778946107.260035, 'seen_count': 2, 'channels': [], 'avg_rssi': None}, 'ad:25:f9:3b:cf:83': {'first_seen': 1778946107.5675447, 'last_seen': 1778946107.5685492, 'seen_count': 2, 'channels': [], 'avg_rssi': None}, 'b0:ef:a9:88:7e:02': {'first_seen': 1778946107.8750637, 'last_seen': 1778946107.8761911, 'seen_count': 2, 'channels': [], 'avg_rssi': None}, 'de:5f:20:bd:01:3c': {'first_seen': 1778946108.1914027, 'last_seen': 1778946108.192582, 'seen_count': 2, 'channels': [], 'avg_rssi': None}, '40:35:20:23:5c:c2': {'first_seen': 1778946108.501231, 'last_seen': 1778946108.5023396, 'seen_count': 2, 'channels': [], 'avg_rssi': None}, 'c9:74:02:5c:b2:6b': {'first_seen': 1778946108.8104308, 'last_seen': 1778946108.8116052, 'seen_count': 2, 'channels': [], 'avg_rssi': None}, '7b:03:9c:78:3f:63': {'first_seen': 1778946109.120679, 'last_seen': 1778946109.1216247, 'seen_count': 2, 'channels': [], 'avg_rssi': None}, '35:0b:15:73:fc:36': {'first_seen': 1778946109.4265683, 'last_seen': 1778946109.427511, 'seen_count': 2, 'channels': [], 'avg_rssi': None}, 'a8:39:1c:b6:9f:e2': {'first_seen': 1778946109.7390542, 'last_seen': 1778946109.7402825, 'seen_count': 2, 'channels': [], 'avg_rssi': None}, 'a5:af:dc:d5:d1:81': {'first_seen': 1778946110.0468016, 'last_seen': 1778946110.0477948, 'seen_count': 2, 'channels': [], 'avg_rssi': None}, 'e3:2b:13:d1:a3:12': {'first_seen': 1778946110.3559427, 'last_seen': 1778946110.356938, 'seen_count': 2, 'channels': [], 'avg_rssi': None}, '22:a7:22:1e:0e:ad': {'first_seen': 1778946110.6635911, 'last_seen': 1778946110.6645834, 'seen_count': 2, 'channels': [], 'avg_rssi': None}, '1b:97:a4:78:4f:6e': {'first_seen': 1778946110.9763854, 'last_seen': 1778946110.9773414, 'seen_count': 2, 'channels': [], 'avg_rssi': None}, 'aa:44:c6:46:48:e0': {'first_seen': 1778946111.2849097, 'last_seen': 1778946111.2858653, 'seen_count': 2, 'channels': [], 'avg_rssi': None}, '50:10:5d:9d:70:9c': {'first_seen': 1778946111.5938115, 'last_seen': 1778946111.5951307, 'seen_count': 2, 'channels': [], 'avg_rssi': None}, '2a:39:e0:ec:6f:3a': {'first_seen': 1778946111.901986, 'last_seen': 1778946111.9333928, 'seen_count': 2, 'channels': [], 'avg_rssi': None}, '92:10:a3:9d:a2:04': {'first_seen': 1778946112.2110693, 'last_seen': 1778946112.212029, 'seen_count': 2, 'channels': [], 'avg_rssi': None}, '4f:71:c0:55:1a:9d': {'first_seen': 1778946112.5236213, 'last_seen': 1778946112.52468, 'seen_count': 2, 'channels': [], 'avg_rssi': None}, '36:92:d9:ee:05:8b': {'first_seen': 1778946112.834976, 'last_seen': 1778946112.838564, 'seen_count': 2, 'channels': [], 'avg_rssi': None}, '5e:97:8a:fd:0f:3a': {'first_seen': 1778946113.1478462, 'last_seen': 1778946113.1487055, 'seen_count': 2, 'channels': [], 'avg_rssi': None}, '14:3f:46:d1:d0:c1': {'first_seen': 1778946113.4647572, 'last_seen': 1778946113.4659734, 'seen_count': 2, 'channels': [], 'avg_rssi': None}, '86:99:52:db:e7:03': {'first_seen': 1778946113.7768207, 'last_seen': 1778946113.7777421, 'seen_count': 2, 'channels': [], 'avg_rssi': None}, '31:3d:7a:12:82:08': {'first_seen': 1778946114.086152, 'last_seen': 1778946114.0870206, 'seen_count': 2, 'channels': [], 'avg_rssi': None}, '85:e8:e9:fa:e5:58': {'first_seen': 1778946114.3946095, 'last_seen': 1778946114.395652, 'seen_count': 2, 'channels': [], 'avg_rssi': None}, '1b:2a:36:93:f1:4c': {'first_seen': 1778946114.7020009, 'last_seen': 1778946114.7029176, 'seen_count': 2, 'channels': [], 'avg_rssi': None}, '4d:37:48:6c:4b:92': {'first_seen': 1778946115.0169415, 'last_seen': 1778946115.0179272, 'seen_count': 2, 'channels': [], 'avg_rssi': None}, '62:da:5b:8a:b0:c4': {'first_seen': 1778946115.331467, 'last_seen': 1778946115.3326995, 'seen_count': 2, 'channels': [], 'avg_rssi': None}, '8f:f0:d0:07:95:c3': {'first_seen': 1778946115.6388311, 'last_seen': 1778946115.6398332, 'seen_count': 2, 'channels': [], 'avg_rssi': None}, 'a5:00:d7:fb:fc:79': {'first_seen': 1778946115.9430747, 'last_seen': 1778946115.9442341, 'seen_count': 2, 'channels': [], 'avg_rssi': None}, '50:a5:6d:04:a0:75': {'first_seen': 1778946116.25434, 'last_seen': 1778946116.2553658, 'seen_count': 2, 'channels': [], 'avg_rssi': None}, '23:7b:3e:3f:c0:83': {'first_seen': 1778946116.5622306, 'last_seen': 1778946116.5632637, 'seen_count': 2, 'channels': [], 'avg_rssi': None}, '77:da:30:6f:6f:c6': {'first_seen': 1778946116.8762481, 'last_seen': 1778946116.8771555, 'seen_count': 2, 'channels': [], 'avg_rssi': None}, '20:e1:b6:ae:73:86': {'first_seen': 1778946117.1871314, 'last_seen': 1778946117.1882985, 'seen_count': 2, 'channels': [], 'avg_rssi': None}, 'c7:c3:bc:3a:50:23': {'first_seen': 1778946117.4991505, 'last_seen': 1778946117.5000558, 'seen_count': 2, 'channels': [], 'avg_rssi': None}, 'ac:d6:eb:23:0f:78': {'first_seen': 1778946117.810303, 'last_seen': 1778946117.8112035, 'seen_count': 2, 'channels': [], 'avg_rssi': None}, '43:d9:fc:3e:49:7f': {'first_seen': 1778946118.1210084, 'last_seen': 1778946118.1219702, 'seen_count': 2, 'channels': [], 'avg_rssi': None}, '56:00:fc:0a:4b:16': {'first_seen': 1778946118.431024, 'last_seen': 1778946118.4318519, 'seen_count': 2, 'channels': [], 'avg_rssi': None}, 'b5:43:e5:9c:f7:aa': {'first_seen': 1778946118.7468917, 'last_seen': 1778946118.7479973, 'seen_count': 2, 'channels': [], 'avg_rssi': None}, '86:96:b0:3c:6c:eb': {'first_seen': 1778946119.0608072, 'last_seen': 1778946119.0617638, 'seen_count': 2, 'channels': [], 'avg_rssi': None}, '6c:a3:a6:e9:11:c8': {'first_seen': 1778946119.370682, 'last_seen': 1778946119.3716605, 'seen_count': 2, 'channels': [], 'avg_rssi': None}, '2c:c1:87:4a:31:02': {'first_seen': 1778946119.680778, 'last_seen': 1778946119.681669, 'seen_count': 2, 'channels': [], 'avg_rssi': None}, '8a:60:57:ce:79:49': {'first_seen': 1778946119.9927557, 'last_seen': 1778946119.9936857, 'seen_count': 2, 'channels': [], 'avg_rssi': None}, '36:b6:a4:55:62:4e': {'first_seen': 1778946120.300894, 'last_seen': 1778946120.3019512, 'seen_count': 2, 'channels': [], 'avg_rssi': None}, '11:82:fe:c1:cb:5c': {'first_seen': 1778946120.611185, 'last_seen': 1778946120.6123483, 'seen_count': 2, 'channels': [], 'avg_rssi': None}, '16:79:3d:e8:bc:3f': {'first_seen': 1778946120.92859, 'last_seen': 1778946120.9296074, 'seen_count': 2, 'channels': [], 'avg_rssi': None}, '04:38:7c:bc:27:6e': {'first_seen': 1778946121.2387357, 'last_seen': 1778946121.239749, 'seen_count': 2, 'channels': [], 'avg_rssi': None}, '18:78:df:8e:ef:9f': {'first_seen': 1778946121.552278, 'last_seen': 1778946121.5533893, 'seen_count': 2, 'channels': [], 'avg_rssi': None}, 'd4:a4:60:71:e9:40': {'first_seen': 1778946121.8631217, 'last_seen': 1778946121.8642826, 'seen_count': 2, 'channels': [], 'avg_rssi': None}, '4f:95:4c:6b:73:b3': {'first_seen': 1778946122.174728, 'last_seen': 1778946122.1755579, 'seen_count': 2, 'channels': [], 'avg_rssi': None}, '99:b2:88:7e:5a:af': {'first_seen': 1778946122.4927661, 'last_seen': 1778946122.4939406, 'seen_count': 2, 'channels': [], 'avg_rssi': None}, '7b:4b:25:1f:92:2f': {'first_seen': 1778946122.803295, 'last_seen': 1778946122.8042052, 'seen_count': 2, 'channels': [], 'avg_rssi': None}, '31:9b:c7:e0:8e:d4': {'first_seen': 1778946123.1259725, 'last_seen': 1778946123.1271007, 'seen_count': 2, 'channels': [], 'avg_rssi': None}, '67:89:38:07:96:e1': {'first_seen': 1778946123.437414, 'last_seen': 1778946123.438496, 'seen_count': 2, 'channels': [], 'avg_rssi': None}, '7b:1d:14:d2:51:ae': {'first_seen': 1778946123.75676, 'last_seen': 1778946123.7577522, 'seen_count': 2, 'channels': [], 'avg_rssi': None}, '2f:1f:b9:9e:11:bb': {'first_seen': 1778946124.067094, 'last_seen': 1778946124.0681462, 'seen_count': 2, 'channels': [], 'avg_rssi': None}, '6f:52:70:ee:49:e9': {'first_seen': 1778946124.3791387, 'last_seen': 1778946124.3800435, 'seen_count': 2, 'channels': [], 'avg_rssi': None}, 'a7:0d:55:bc:52:39': {'first_seen': 1778946124.6927097, 'last_seen': 1778946124.6936862, 'seen_count': 2, 'channels': [], 'avg_rssi': None}, '83:3d:26:92:f7:ab': {'first_seen': 1778946125.0117888, 'last_seen': 1778946125.0128222, 'seen_count': 2, 'channels': [], 'avg_rssi': None}, '14:96:d7:f3:c1:e3': {'first_seen': 1778946125.3226902, 'last_seen': 1778946125.3238492, 'seen_count': 2, 'channels': [], 'avg_rssi': None}, '7a:f9:e0:17:cc:63': {'first_seen': 1778946125.6333334, 'last_seen': 1778946125.6342347, 'seen_count': 2, 'channels': [], 'avg_rssi': None}, 'f7:58:ec:29:07:bc': {'first_seen': 1778946125.945039, 'last_seen': 1778946125.946241, 'seen_count': 2, 'channels': [], 'avg_rssi': None}, 'd1:d8:69:97:26:a1': {'first_seen': 1778946126.2584288, 'last_seen': 1778946126.2592614, 'seen_count': 2, 'channels': [], 'avg_rssi': None}, '9e:7c:08:17:eb:47': {'first_seen': 1778946126.578672, 'last_seen': 1778946126.579665, 'seen_count': 2, 'channels': [], 'avg_rssi': None}, '63:16:5d:93:41:97': {'first_seen': 1778946126.8895552, 'last_seen': 1778946126.8907921, 'seen_count': 2, 'channels': [], 'avg_rssi': None}, '24:6b:02:48:b0:5c': {'first_seen': 1778946127.205195, 'last_seen': 1778946127.2061837, 'seen_count': 2, 'channels': [], 'avg_rssi': None}, '03:94:41:0c:fd:7b': {'first_seen': 1778946127.5186715, 'last_seen': 1778946127.519574, 'seen_count': 2, 'channels': [], 'avg_rssi': None}, '2b:3f:d5:aa:ac:43': {'first_seen': 1778946127.8301802, 'last_seen': 1778946127.8310945, 'seen_count': 2, 'channels': [], 'avg_rssi': None}, 'c3:24:9c:d6:66:ce': {'first_seen': 1778946128.1413858, 'last_seen': 1778946128.1422327, 'seen_count': 2, 'channels': [], 'avg_rssi': None}, '4e:24:ec:6a:ed:0d': {'first_seen': 1778946128.455143, 'last_seen': 1778946128.4563801, 'seen_count': 2, 'channels': [], 'avg_rssi': None}, 'c1:99:42:50:88:14': {'first_seen': 1778946128.7646406, 'last_seen': 1778946128.7657695, 'seen_count': 2, 'channels': [], 'avg_rssi': None}, '0c:d4:07:ab:e8:6b': {'first_seen': 1778946129.0795019, 'last_seen': 1778946129.0806656, 'seen_count': 2, 'channels': [], 'avg_rssi': None}, '0e:5c:37:e5:02:91': {'first_seen': 1778946129.3922873, 'last_seen': 1778946129.3934247, 'seen_count': 2, 'channels': [], 'avg_rssi': None}, 'a3:a7:f5:7d:12:dd': {'first_seen': 1778946129.6991198, 'last_seen': 1778946129.700063, 'seen_count': 2, 'channels': [], 'avg_rssi': None}, '0e:42:f2:03:fc:4a': {'first_seen': 1778946130.016987, 'last_seen': 1778946130.0182135, 'seen_count': 2, 'channels': [], 'avg_rssi': None}, '3d:14:ae:1a:64:1b': {'first_seen': 1778946130.3380184, 'last_seen': 1778946130.3389695, 'seen_count': 2, 'channels': [], 'avg_rssi': None}, '80:64:33:30:c9:d7': {'first_seen': 1778946130.6503296, 'last_seen': 1778946130.6512375, 'seen_count': 2, 'channels': [], 'avg_rssi': None}, '62:6b:59:c0:1d:3c': {'first_seen': 1778946130.9588356, 'last_seen': 1778946130.960003, 'seen_count': 2, 'channels': [], 'avg_rssi': None}, '46:27:a5:5e:e7:b1': {'first_seen': 1778946131.2690983, 'last_seen': 1778946131.2701554, 'seen_count': 2, 'channels': [], 'avg_rssi': None}, '4f:7c:73:72:26:f4': {'first_seen': 1778946131.581976, 'last_seen': 1778946131.5829113, 'seen_count': 2, 'channels': [], 'avg_rssi': None}, 'a6:ed:87:86:9c:c0': {'first_seen': 1778946131.8884778, 'last_seen': 1778946131.8895516, 'seen_count': 2, 'channels': [], 'avg_rssi': None}, '2d:c3:cf:98:66:07': {'first_seen': 1778946132.208797, 'last_seen': 1778946132.2101939, 'seen_count': 2, 'channels': [], 'avg_rssi': None}, '98:08:3c:e8:1b:2e': {'first_seen': 1778946132.5172718, 'last_seen': 1778946132.5184596, 'seen_count': 2, 'channels': [], 'avg_rssi': None}, '0c:b2:8c:13:53:9b': {'first_seen': 1778946132.8275383, 'last_seen': 1778946132.8287477, 'seen_count': 2, 'channels': [], 'avg_rssi': None}, '82:4f:d6:85:93:ba': {'first_seen': 1778946133.1387918, 'last_seen': 1778946133.1398692, 'seen_count': 2, 'channels': [], 'avg_rssi': None}, 'bd:6d:6f:8a:8f:73': {'first_seen': 1778946133.4563823, 'last_seen': 1778946133.4573834, 'seen_count': 2, 'channels': [], 'avg_rssi': None}, 'a5:33:80:65:9c:40': {'first_seen': 1778946133.7685473, 'last_seen': 1778946133.7696564, 'seen_count': 2, 'channels': [], 'avg_rssi': None}, '2e:6e:24:63:44:b9': {'first_seen': 1778946134.0850415, 'last_seen': 1778946134.0861692, 'seen_count': 2, 'channels': [], 'avg_rssi': None}, '7a:42:e1:3f:45:87': {'first_seen': 1778946134.3923101, 'last_seen': 1778946134.3933058, 'seen_count': 2, 'channels': [], 'avg_rssi': None}, 'b8:0b:67:82:50:ff': {'first_seen': 1778946134.716765, 'last_seen': 1778946134.7179463, 'seen_count': 2, 'channels': [], 'avg_rssi': None}, 'f8:74:6a:fe:a3:67': {'first_seen': 1778946135.02956, 'last_seen': 1778946135.0307178, 'seen_count': 2, 'channels': [], 'avg_rssi': None}, 'eb:d6:a5:04:d4:65': {'first_seen': 1778946135.3388226, 'last_seen': 1778946135.339988, 'seen_count': 2, 'channels': [], 'avg_rssi': None}, '86:fd:83:b9:72:4d': {'first_seen': 1778946135.6486363, 'last_seen': 1778946135.6495056, 'seen_count': 2, 'channels': [], 'avg_rssi': None}, 'd2:21:51:3d:2d:cd': {'first_seen': 1778946135.9666772, 'last_seen': 1778946135.967763, 'seen_count': 2, 'channels': [], 'avg_rssi': None}, '97:d5:e8:81:1b:cc': {'first_seen': 1778946136.2814844, 'last_seen': 1778946136.2824054, 'seen_count': 2, 'channels': [], 'avg_rssi': None}, 'ae:88:09:08:7a:33': {'first_seen': 1778946136.5919886, 'last_seen': 1778946136.593169, 'seen_count': 2, 'channels': [], 'avg_rssi': None}, 'e6:ad:70:01:c4:32': {'first_seen': 1778946136.9047024, 'last_seen': 1778946136.90572, 'seen_count': 2, 'channels': [], 'avg_rssi': None}, '9f:47:e9:7a:8e:59': {'first_seen': 1778946137.2135766, 'last_seen': 1778946137.2145755, 'seen_count': 2, 'channels': [], 'avg_rssi': None}, '0b:62:8b:f1:87:02': {'first_seen': 1778946137.5266685, 'last_seen': 1778946137.5266685, 'seen_count': 1, 'channels': [], 'avg_rssi': None}, '84:3a:da:02:26:f4': {'first_seen': 1778946137.8310428, 'last_seen': 1778946137.8310428, 'seen_count': 1, 'channels': [], 'avg_rssi': None}}}
!!!!!!!!!!!!!!!!!!!!!!!!!!!!!!!!!!!!!!!!!!!!!!!!!!!!!!!!!!!!!!!!!!!!!!!!!!!!!!!!


!!!!!!!!!!!!!!!!!!!!!!!!!!!!!!!!!!!!!!!!!!!!!!!!!!!!!!!!!!!!!!!!!!!!!!!!!!!!!!!!
[ALERT] ALERT-000040 | POTENTIAL_EVIL_TWIN
severity: LOW
time: 2026-05-16T15:42:17.841141
message: Wykryto potencjalny Evil Twin / Rogue AP dla SSID 'TestNet_004'. Zaobserwowano 99 różnych BSSID oraz podejrzane różnice parametrów sieci.
evidence: {'ssid': 'TestNet_004', 'bssid_count': 99, 'bssids': ['5e:18:5b:96:3f:5e', 'cd:ad:f6:7f:01:24', 'ca:b3:12:26:ed:36', '99:02:fd:0f:0a:5e', '7e:4b:48:4e:5a:f8', 'b9:b7:32:cd:57:d1', '85:2d:d2:b6:98:b9', 'a2:e5:cb:e7:eb:02', 'd4:d3:82:bd:6d:2c', 'd5:34:0a:96:c6:06', 'f0:dc:72:e2:a6:cb', '5d:a6:a2:6d:ba:ce', '72:f7:7e:5e:e4:83', '6d:09:df:6e:90:de', '98:de:4c:c8:65:ad', '5f:af:6d:e4:70:dd', 'b1:dc:d9:58:ae:65', '07:26:68:52:2e:44', '14:e7:a0:b5:47:1a', '85:42:32:18:53:27', '5f:cb:51:4e:27:ff', 'ea:6b:84:af:10:c7', 'a4:a9:cb:bd:69:57', '9d:b7:b2:6e:00:d1', '6b:95:c8:5c:3a:53', '32:06:e5:ad:e2:65', '59:ee:1d:a2:b8:c5', 'e6:c2:e1:8d:d1:06', '05:90:e5:5d:2d:f2', 'ec:87:26:8d:4c:97', '2e:9b:2e:e8:75:d0', 'b3:94:be:39:5a:33', '20:03:99:e6:38:af', 'b3:a6:dc:20:0d:c4', 'b0:1f:50:21:f3:9f', '12:93:99:0b:35:a7', 'f3:31:38:ef:ef:d2', '29:88:03:db:9b:50', 'ad:f3:6f:85:98:ae', '90:58:82:72:37:e4', '06:37:60:3f:18:db', 'e4:6a:45:e9:2c:b3', '08:a2:1f:c7:51:8d', 'e7:be:40:45:95:ea', '55:cc:48:0a:50:79', '2d:f3:81:a3:7c:27', '4c:c1:10:d3:1f:b0', '4b:c2:b3:29:b2:bd', 'f8:3f:83:8f:5b:a6', '4f:6d:ef:eb:ff:08', '0b:34:93:43:85:ea', '67:60:23:72:cf:2e', '36:3a:a1:d7:58:22', '9e:1b:87:1b:ca:6d', '61:9c:c1:ec:a6:da', 'f2:ef:64:a6:ad:2a', '9e:89:29:3f:f1:20', 'a4:41:33:4d:aa:b6', '95:ef:de:80:1f:d4', '80:a0:c3:5a:60:6e', 'c7:43:a2:a7:f2:d3', 'ee:ad:6d:8a:81:ba', '46:90:17:b8:58:86', 'd3:07:56:42:36:6b', '81:10:9b:6d:14:6a', 'f3:c7:ec:03:3e:0c', 'ba:2d:4c:2b:51:ad', '3a:8e:8d:1f:bb:f9', 'e4:c0:f0:c8:02:0c', 'c8:80:e5:7b:63:1a', '46:3b:92:1e:e1:58', '49:99:af:9b:04:bb', 'eb:60:87:79:18:1a', '65:65:b2:3b:89:de', '1d:46:13:34:eb:3e', 'da:5a:16:6f:61:1b', 'b2:c3:dc:ca:98:12', 'a2:67:1b:d0:25:c6', '68:2b:7f:99:e8:07', '3c:4f:7f:f9:78:54', '84:d9:aa:27:95:3e', '8c:a7:5a:1a:f0:e9', '49:38:3b:6b:d9:aa', '9c:cf:cd:98:fd:0a', 'f5:84:64:aa:5c:3c', '30:52:a5:ba:e4:ec', '46:d8:40:e2:e3:c6', 'c5:ff:1e:3f:b3:70', 'b8:f1:06:66:94:0c', '94:59:cb:1e:eb:ea', '6f:bf:bd:7a:cc:bc', 'a0:ce:ee:1d:2b:dc', 'da:0e:32:c2:ea:d5', '67:ea:22:64:f4:69', '7b:f6:c3:66:53:89', 'd6:2b:01:fe:bc:02', 'fc:d0:8e:04:93:7f', '43:3c:18:8b:09:fb', '49:b4:08:f2:a0:cf'], 'triggered_reasons': ['same_ssid_multiple_bssid'], 'observations': {'5e:18:5b:96:3f:5e': {'first_seen': 1778946107.269296, 'last_seen': 1778946107.2704024, 'seen_count': 2, 'channels': [], 'avg_rssi': None}, 'cd:ad:f6:7f:01:24': {'first_seen': 1778946107.5776913, 'last_seen': 1778946107.5786784, 'seen_count': 2, 'channels': [], 'avg_rssi': None}, 'ca:b3:12:26:ed:36': {'first_seen': 1778946107.8851695, 'last_seen': 1778946107.8863077, 'seen_count': 2, 'channels': [], 'avg_rssi': None}, '99:02:fd:0f:0a:5e': {'first_seen': 1778946108.2014878, 'last_seen': 1778946108.2027018, 'seen_count': 2, 'channels': [], 'avg_rssi': None}, '7e:4b:48:4e:5a:f8': {'first_seen': 1778946108.5124698, 'last_seen': 1778946108.5135946, 'seen_count': 2, 'channels': [], 'avg_rssi': None}, 'b9:b7:32:cd:57:d1': {'first_seen': 1778946108.820526, 'last_seen': 1778946108.821606, 'seen_count': 2, 'channels': [], 'avg_rssi': None}, '85:2d:d2:b6:98:b9': {'first_seen': 1778946109.1307733, 'last_seen': 1778946109.1318727, 'seen_count': 2, 'channels': [], 'avg_rssi': None}, 'a2:e5:cb:e7:eb:02': {'first_seen': 1778946109.436674, 'last_seen': 1778946109.437644, 'seen_count': 2, 'channels': [], 'avg_rssi': None}, 'd4:d3:82:bd:6d:2c': {'first_seen': 1778946109.7491539, 'last_seen': 1778946109.7500381, 'seen_count': 2, 'channels': [], 'avg_rssi': None}, 'd5:34:0a:96:c6:06': {'first_seen': 1778946110.0569186, 'last_seen': 1778946110.0579276, 'seen_count': 2, 'channels': [], 'avg_rssi': None}, 'f0:dc:72:e2:a6:cb': {'first_seen': 1778946110.3660662, 'last_seen': 1778946110.3669357, 'seen_count': 2, 'channels': [], 'avg_rssi': None}, '5d:a6:a2:6d:ba:ce': {'first_seen': 1778946110.673706, 'last_seen': 1778946110.6749523, 'seen_count': 2, 'channels': [], 'avg_rssi': None}, '72:f7:7e:5e:e4:83': {'first_seen': 1778946110.986479, 'last_seen': 1778946110.9877186, 'seen_count': 2, 'channels': [], 'avg_rssi': None}, '6d:09:df:6e:90:de': {'first_seen': 1778946111.2950032, 'last_seen': 1778946111.2959995, 'seen_count': 2, 'channels': [], 'avg_rssi': None}, '98:de:4c:c8:65:ad': {'first_seen': 1778946111.6039348, 'last_seen': 1778946111.6048815, 'seen_count': 2, 'channels': [], 'avg_rssi': None}, '5f:af:6d:e4:70:dd': {'first_seen': 1778946111.9120834, 'last_seen': 1778946111.934513, 'seen_count': 2, 'channels': [], 'avg_rssi': None}, 'b1:dc:d9:58:ae:65': {'first_seen': 1778946112.2211683, 'last_seen': 1778946112.224032, 'seen_count': 2, 'channels': [], 'avg_rssi': None}, '07:26:68:52:2e:44': {'first_seen': 1778946112.5337079, 'last_seen': 1778946112.5346725, 'seen_count': 2, 'channels': [], 'avg_rssi': None}, '14:e7:a0:b5:47:1a': {'first_seen': 1778946112.84507, 'last_seen': 1778946112.8460648, 'seen_count': 2, 'channels': [], 'avg_rssi': None}, '85:42:32:18:53:27': {'first_seen': 1778946113.1579745, 'last_seen': 1778946113.159088, 'seen_count': 2, 'channels': [], 'avg_rssi': None}, '5f:cb:51:4e:27:ff': {'first_seen': 1778946113.4765437, 'last_seen': 1778946113.4777248, 'seen_count': 2, 'channels': [], 'avg_rssi': None}, 'ea:6b:84:af:10:c7': {'first_seen': 1778946113.7878802, 'last_seen': 1778946113.7889907, 'seen_count': 2, 'channels': [], 'avg_rssi': None}, 'a4:a9:cb:bd:69:57': {'first_seen': 1778946114.0962734, 'last_seen': 1778946114.097262, 'seen_count': 2, 'channels': [], 'avg_rssi': None}, '9d:b7:b2:6e:00:d1': {'first_seen': 1778946114.4062448, 'last_seen': 1778946114.407146, 'seen_count': 2, 'channels': [], 'avg_rssi': None}, '6b:95:c8:5c:3a:53': {'first_seen': 1778946114.7123604, 'last_seen': 1778946114.713285, 'seen_count': 2, 'channels': [], 'avg_rssi': None}, '32:06:e5:ad:e2:65': {'first_seen': 1778946115.027038, 'last_seen': 1778946115.02818, 'seen_count': 2, 'channels': [], 'avg_rssi': None}, '59:ee:1d:a2:b8:c5': {'first_seen': 1778946115.3415997, 'last_seen': 1778946115.3424518, 'seen_count': 2, 'channels': [], 'avg_rssi': None}, 'e6:c2:e1:8d:d1:06': {'first_seen': 1778946115.648938, 'last_seen': 1778946115.6498442, 'seen_count': 2, 'channels': [], 'avg_rssi': None}, '05:90:e5:5d:2d:f2': {'first_seen': 1778946115.953177, 'last_seen': 1778946115.9543593, 'seen_count': 2, 'channels': [], 'avg_rssi': None}, 'ec:87:26:8d:4c:97': {'first_seen': 1778946116.2644334, 'last_seen': 1778946116.2653642, 'seen_count': 2, 'channels': [], 'avg_rssi': None}, '2e:9b:2e:e8:75:d0': {'first_seen': 1778946116.5723138, 'last_seen': 1778946116.573144, 'seen_count': 2, 'channels': [], 'avg_rssi': None}, 'b3:94:be:39:5a:33': {'first_seen': 1778946116.8863723, 'last_seen': 1778946116.8872824, 'seen_count': 2, 'channels': [], 'avg_rssi': None}, '20:03:99:e6:38:af': {'first_seen': 1778946117.198679, 'last_seen': 1778946117.1996644, 'seen_count': 2, 'channels': [], 'avg_rssi': None}, 'b3:a6:dc:20:0d:c4': {'first_seen': 1778946117.5092537, 'last_seen': 1778946117.5101821, 'seen_count': 2, 'channels': [], 'avg_rssi': None}, 'b0:1f:50:21:f3:9f': {'first_seen': 1778946117.8210099, 'last_seen': 1778946117.822197, 'seen_count': 2, 'channels': [], 'avg_rssi': None}, '12:93:99:0b:35:a7': {'first_seen': 1778946118.1311204, 'last_seen': 1778946118.1322212, 'seen_count': 2, 'channels': [], 'avg_rssi': None}, 'f3:31:38:ef:ef:d2': {'first_seen': 1778946118.4413822, 'last_seen': 1778946118.442357, 'seen_count': 2, 'channels': [], 'avg_rssi': None}, '29:88:03:db:9b:50': {'first_seen': 1778946118.7570097, 'last_seen': 1778946118.7580097, 'seen_count': 2, 'channels': [], 'avg_rssi': None}, 'ad:f3:6f:85:98:ae': {'first_seen': 1778946119.0738528, 'last_seen': 1778946119.0747633, 'seen_count': 2, 'channels': [], 'avg_rssi': None}, '90:58:82:72:37:e4': {'first_seen': 1778946119.3807867, 'last_seen': 1778946119.3817894, 'seen_count': 2, 'channels': [], 'avg_rssi': None}, '06:37:60:3f:18:db': {'first_seen': 1778946119.6908937, 'last_seen': 1778946119.6920447, 'seen_count': 2, 'channels': [], 'avg_rssi': None}, 'e4:6a:45:e9:2c:b3': {'first_seen': 1778946120.00314, 'last_seen': 1778946120.0065603, 'seen_count': 2, 'channels': [], 'avg_rssi': None}, '08:a2:1f:c7:51:8d': {'first_seen': 1778946120.311011, 'last_seen': 1778946120.3139505, 'seen_count': 2, 'channels': [], 'avg_rssi': None}, 'e7:be:40:45:95:ea': {'first_seen': 1778946120.621275, 'last_seen': 1778946120.6220899, 'seen_count': 2, 'channels': [], 'avg_rssi': None}, '55:cc:48:0a:50:79': {'first_seen': 1778946120.9387097, 'last_seen': 1778946120.939616, 'seen_count': 2, 'channels': [], 'avg_rssi': None}, '2d:f3:81:a3:7c:27': {'first_seen': 1778946121.2506735, 'last_seen': 1778946121.2516253, 'seen_count': 2, 'channels': [], 'avg_rssi': None}, '4c:c1:10:d3:1f:b0': {'first_seen': 1778946121.5623832, 'last_seen': 1778946121.56352, 'seen_count': 2, 'channels': [], 'avg_rssi': None}, '4b:c2:b3:29:b2:bd': {'first_seen': 1778946121.8747003, 'last_seen': 1778946121.8759243, 'seen_count': 2, 'channels': [], 'avg_rssi': None}, 'f8:3f:83:8f:5b:a6': {'first_seen': 1778946122.184866, 'last_seen': 1778946122.1859298, 'seen_count': 2, 'channels': [], 'avg_rssi': None}, '4f:6d:ef:eb:ff:08': {'first_seen': 1778946122.5028536, 'last_seen': 1778946122.5038195, 'seen_count': 2, 'channels': [], 'avg_rssi': None}, '0b:34:93:43:85:ea': {'first_seen': 1778946122.8133855, 'last_seen': 1778946122.8145905, 'seen_count': 2, 'channels': [], 'avg_rssi': None}, '67:60:23:72:cf:2e': {'first_seen': 1778946123.1361136, 'last_seen': 1778946123.1371057, 'seen_count': 2, 'channels': [], 'avg_rssi': None}, '36:3a:a1:d7:58:22': {'first_seen': 1778946123.4475143, 'last_seen': 1778946123.4483635, 'seen_count': 2, 'channels': [], 'avg_rssi': None}, '9e:1b:87:1b:ca:6d': {'first_seen': 1778946123.7669606, 'last_seen': 1778946123.7680066, 'seen_count': 2, 'channels': [], 'avg_rssi': None}, '61:9c:c1:ec:a6:da': {'first_seen': 1778946124.077203, 'last_seen': 1778946124.0780215, 'seen_count': 2, 'channels': [], 'avg_rssi': None}, 'f2:ef:64:a6:ad:2a': {'first_seen': 1778946124.389249, 'last_seen': 1778946124.3901718, 'seen_count': 2, 'channels': [], 'avg_rssi': None}, '9e:89:29:3f:f1:20': {'first_seen': 1778946124.7028294, 'last_seen': 1778946124.7036874, 'seen_count': 2, 'channels': [], 'avg_rssi': None}, 'a4:41:33:4d:aa:b6': {'first_seen': 1778946125.02202, 'last_seen': 1778946125.0245667, 'seen_count': 2, 'channels': [], 'avg_rssi': None}, '95:ef:de:80:1f:d4': {'first_seen': 1778946125.3334765, 'last_seen': 1778946125.3345976, 'seen_count': 2, 'channels': [], 'avg_rssi': None}, '80:a0:c3:5a:60:6e': {'first_seen': 1778946125.6434278, 'last_seen': 1778946125.644351, 'seen_count': 2, 'channels': [], 'avg_rssi': None}, 'c7:43:a2:a7:f2:d3': {'first_seen': 1778946125.9551313, 'last_seen': 1778946125.9561179, 'seen_count': 2, 'channels': [], 'avg_rssi': None}, 'ee:ad:6d:8a:81:ba': {'first_seen': 1778946126.2685115, 'last_seen': 1778946126.269636, 'seen_count': 2, 'channels': [], 'avg_rssi': None}, '46:90:17:b8:58:86': {'first_seen': 1778946126.588781, 'last_seen': 1778946126.5898983, 'seen_count': 2, 'channels': [], 'avg_rssi': None}, 'd3:07:56:42:36:6b': {'first_seen': 1778946126.8996696, 'last_seen': 1778946126.9006753, 'seen_count': 2, 'channels': [], 'avg_rssi': None}, '81:10:9b:6d:14:6a': {'first_seen': 1778946127.2153172, 'last_seen': 1778946127.216316, 'seen_count': 2, 'channels': [], 'avg_rssi': None}, 'f3:c7:ec:03:3e:0c': {'first_seen': 1778946127.5306687, 'last_seen': 1778946127.5318239, 'seen_count': 2, 'channels': [], 'avg_rssi': None}, 'ba:2d:4c:2b:51:ad': {'first_seen': 1778946127.8402789, 'last_seen': 1778946127.8414707, 'seen_count': 2, 'channels': [], 'avg_rssi': None}, '3a:8e:8d:1f:bb:f9': {'first_seen': 1778946128.1514957, 'last_seen': 1778946128.1527395, 'seen_count': 2, 'channels': [], 'avg_rssi': None}, 'e4:c0:f0:c8:02:0c': {'first_seen': 1778946128.4652317, 'last_seen': 1778946128.4664004, 'seen_count': 2, 'channels': [], 'avg_rssi': None}, 'c8:80:e5:7b:63:1a': {'first_seen': 1778946128.7759392, 'last_seen': 1778946128.7768948, 'seen_count': 2, 'channels': [], 'avg_rssi': None}, '46:3b:92:1e:e1:58': {'first_seen': 1778946129.089614, 'last_seen': 1778946129.0905323, 'seen_count': 2, 'channels': [], 'avg_rssi': None}, '49:99:af:9b:04:bb': {'first_seen': 1778946129.4023833, 'last_seen': 1778946129.4035497, 'seen_count': 2, 'channels': [], 'avg_rssi': None}, 'eb:60:87:79:18:1a': {'first_seen': 1778946129.709214, 'last_seen': 1778946129.7103124, 'seen_count': 2, 'channels': [], 'avg_rssi': None}, '65:65:b2:3b:89:de': {'first_seen': 1778946130.030694, 'last_seen': 1778946130.0317075, 'seen_count': 2, 'channels': [], 'avg_rssi': None}, '1d:46:13:34:eb:3e': {'first_seen': 1778946130.3481145, 'last_seen': 1778946130.3495958, 'seen_count': 2, 'channels': [], 'avg_rssi': None}, 'da:5a:16:6f:61:1b': {'first_seen': 1778946130.660427, 'last_seen': 1778946130.6616118, 'seen_count': 2, 'channels': [], 'avg_rssi': None}, 'b2:c3:dc:ca:98:12': {'first_seen': 1778946130.9707453, 'last_seen': 1778946130.9717543, 'seen_count': 2, 'channels': [], 'avg_rssi': None}, 'a2:67:1b:d0:25:c6': {'first_seen': 1778946131.2816544, 'last_seen': 1778946131.2827723, 'seen_count': 2, 'channels': [], 'avg_rssi': None}, '68:2b:7f:99:e8:07': {'first_seen': 1778946131.5939853, 'last_seen': 1778946131.5949316, 'seen_count': 2, 'channels': [], 'avg_rssi': None}, '3c:4f:7f:f9:78:54': {'first_seen': 1778946131.9005427, 'last_seen': 1778946131.9016783, 'seen_count': 2, 'channels': [], 'avg_rssi': None}, '84:d9:aa:27:95:3e': {'first_seen': 1778946132.2188983, 'last_seen': 1778946132.2198207, 'seen_count': 2, 'channels': [], 'avg_rssi': None}, '8c:a7:5a:1a:f0:e9': {'first_seen': 1778946132.5273795, 'last_seen': 1778946132.5282164, 'seen_count': 2, 'channels': [], 'avg_rssi': None}, '49:38:3b:6b:d9:aa': {'first_seen': 1778946132.8386755, 'last_seen': 1778946132.8397274, 'seen_count': 2, 'channels': [], 'avg_rssi': None}, '9c:cf:cd:98:fd:0a': {'first_seen': 1778946133.1506624, 'last_seen': 1778946133.151865, 'seen_count': 2, 'channels': [], 'avg_rssi': None}, 'f5:84:64:aa:5c:3c': {'first_seen': 1778946133.4664464, 'last_seen': 1778946133.4673827, 'seen_count': 2, 'channels': [], 'avg_rssi': None}, '30:52:a5:ba:e4:ec': {'first_seen': 1778946133.7786648, 'last_seen': 1778946133.779775, 'seen_count': 2, 'channels': [], 'avg_rssi': None}, '46:d8:40:e2:e3:c6': {'first_seen': 1778946134.0951385, 'last_seen': 1778946134.0960386, 'seen_count': 2, 'channels': [], 'avg_rssi': None}, 'c5:ff:1e:3f:b3:70': {'first_seen': 1778946134.4026608, 'last_seen': 1778946134.403561, 'seen_count': 2, 'channels': [], 'avg_rssi': None}, 'b8:f1:06:66:94:0c': {'first_seen': 1778946134.7268553, 'last_seen': 1778946134.7276978, 'seen_count': 2, 'channels': [], 'avg_rssi': None}, '94:59:cb:1e:eb:ea': {'first_seen': 1778946135.0396578, 'last_seen': 1778946135.0408566, 'seen_count': 2, 'channels': [], 'avg_rssi': None}, '6f:bf:bd:7a:cc:bc': {'first_seen': 1778946135.3489208, 'last_seen': 1778946135.3498554, 'seen_count': 2, 'channels': [], 'avg_rssi': None}, 'a0:ce:ee:1d:2b:dc': {'first_seen': 1778946135.6587937, 'last_seen': 1778946135.660012, 'seen_count': 2, 'channels': [], 'avg_rssi': None}, 'da:0e:32:c2:ea:d5': {'first_seen': 1778946135.9767761, 'last_seen': 1778946135.9778864, 'seen_count': 2, 'channels': [], 'avg_rssi': None}, '67:ea:22:64:f4:69': {'first_seen': 1778946136.2940624, 'last_seen': 1778946136.294908, 'seen_count': 2, 'channels': [], 'avg_rssi': None}, '7b:f6:c3:66:53:89': {'first_seen': 1778946136.6020827, 'last_seen': 1778946136.6029212, 'seen_count': 2, 'channels': [], 'avg_rssi': None}, 'd6:2b:01:fe:bc:02': {'first_seen': 1778946136.9147995, 'last_seen': 1778946136.915938, 'seen_count': 2, 'channels': [], 'avg_rssi': None}, 'fc:d0:8e:04:93:7f': {'first_seen': 1778946137.2236698, 'last_seen': 1778946137.2249532, 'seen_count': 2, 'channels': [], 'avg_rssi': None}, '43:3c:18:8b:09:fb': {'first_seen': 1778946137.5433536, 'last_seen': 1778946137.5433536, 'seen_count': 1, 'channels': [], 'avg_rssi': None}, '49:b4:08:f2:a0:cf': {'first_seen': 1778946137.8411412, 'last_seen': 1778946137.8411412, 'seen_count': 1, 'channels': [], 'avg_rssi': None}}}
!!!!!!!!!!!!!!!!!!!!!!!!!!!!!!!!!!!!!!!!!!!!!!!!!!!!!!!!!!!!!!!!!!!!!!!!!!!!!!!!


!!!!!!!!!!!!!!!!!!!!!!!!!!!!!!!!!!!!!!!!!!!!!!!!!!!!!!!!!!!!!!!!!!!!!!!!!!!!!!!!
[ALERT] ALERT-000041 | POTENTIAL_EVIL_TWIN
severity: LOW
time: 2026-05-16T15:42:17.861338
message: Wykryto potencjalny Evil Twin / Rogue AP dla SSID 'TestNet_006'. Zaobserwowano 99 różnych BSSID oraz podejrzane różnice parametrów sieci.
evidence: {'ssid': 'TestNet_006', 'bssid_count': 99, 'bssids': ['3a:b4:a3:56:3c:54', '0b:fd:ed:ce:ab:12', '5a:43:3a:0a:f4:2a', 'a0:ac:e8:21:8a:48', '39:e1:86:3d:21:bc', '87:f4:c4:8e:bd:39', '46:a5:ae:bd:21:b1', 'aa:41:1d:04:76:28', '85:db:b2:e6:83:eb', '2e:87:bd:a5:2c:6c', '00:a6:cc:2d:89:f8', '85:9a:8d:54:bd:34', '06:e4:9d:ac:ff:34', '67:13:2a:96:bd:6e', 'cb:ea:4e:af:3a:5f', '0e:f3:4d:b8:1d:86', 'ad:16:6d:57:a8:7d', '62:1f:ea:0e:6f:5b', '37:7f:77:b0:b5:09', '80:43:9a:74:a1:32', 'dc:44:ee:40:58:2d', '75:10:47:89:96:e0', 'a7:75:38:69:a6:75', '36:21:44:75:a7:2c', 'ad:75:34:e2:90:5e', '39:62:25:e1:af:5c', '15:e9:d0:90:4b:ab', '97:92:25:d6:21:16', '46:a8:ca:f2:4d:ca', '84:c7:47:ba:17:ec', 'a5:f6:7f:11:19:fa', 'b0:bf:bd:33:36:98', '86:ac:52:b6:cc:33', '99:5a:41:51:21:04', '8d:39:ff:91:e5:d5', 'bc:c6:1d:96:09:f6', '74:f4:90:54:4a:91', 'c2:37:3c:54:ec:7f', '7d:d1:02:e4:58:99', '7a:dc:b0:46:48:53', 'f0:50:fd:ea:7c:be', 'bf:3b:e0:3e:c5:41', '03:2d:38:39:64:ee', '95:25:b3:47:36:35', '37:b2:88:9e:c8:01', '39:f1:7d:d2:f5:b6', 'c2:64:78:95:7c:f0', 'c6:66:37:c1:3b:db', '69:a4:7e:ba:f4:13', '3e:5a:81:07:f4:34', 'cd:a6:a8:7f:21:f3', '4a:42:36:98:73:d2', '44:7f:2e:b5:e6:b8', '40:a2:12:9c:1d:2f', '83:81:12:c9:b0:31', '86:99:0f:22:08:61', '96:8b:03:53:32:10', '1e:9d:40:a0:20:7d', '08:fd:00:c8:11:96', '52:69:a7:b5:e3:a1', '94:ff:f1:6e:f6:49', '44:f3:6a:83:c4:42', 'aa:f4:98:41:92:15', '6f:97:0d:b9:fa:24', '99:fa:33:4b:1e:9e', 'd6:22:26:f7:25:bb', '9a:e5:62:af:10:a1', 'de:25:9e:7a:e9:c2', 'b8:83:be:cd:d1:e2', 'f7:c0:45:e4:82:df', '53:78:66:9b:84:3a', 'a1:14:a4:c5:22:00', '71:2e:fa:29:d1:a2', '47:3d:4b:72:4b:8d', '31:91:85:c9:ce:99', '3a:de:6a:35:5e:ce', '69:49:fa:54:ab:65', '04:16:94:3d:5c:bb', '8f:35:1e:d5:85:9b', 'fb:1f:a6:e9:c6:93', '1f:9f:3d:dc:cc:00', '64:17:36:68:af:3e', '65:9c:10:ce:a8:c2', 'c6:77:5f:57:fa:ae', 'cd:b8:94:46:75:01', '89:ba:dc:60:60:10', '3d:2b:51:07:59:bf', '98:09:04:6c:83:46', '6b:43:af:86:fc:ba', 'ce:36:4d:c1:2e:c1', '11:6e:fd:7e:59:d3', '2d:4f:bc:24:d5:b9', 'f2:70:bc:3c:42:dd', 'c7:aa:a7:47:41:7d', 'de:58:6c:f3:06:f4', 'a1:c0:7e:1a:a7:2b', '32:f4:31:fb:93:78', 'ae:8d:44:78:98:a6', 'be:e0:28:3c:64:63'], 'triggered_reasons': ['same_ssid_multiple_bssid'], 'observations': {'3a:b4:a3:56:3c:54': {'first_seen': 1778946107.2895265, 'last_seen': 1778946107.2905424, 'seen_count': 2, 'channels': [], 'avg_rssi': None}, '0b:fd:ed:ce:ab:12': {'first_seen': 1778946107.5979064, 'last_seen': 1778946107.599052, 'seen_count': 2, 'channels': [], 'avg_rssi': None}, '5a:43:3a:0a:f4:2a': {'first_seen': 1778946107.9106987, 'last_seen': 1778946107.9118102, 'seen_count': 2, 'channels': [], 'avg_rssi': None}, 'a0:ac:e8:21:8a:48': {'first_seen': 1778946108.2216973, 'last_seen': 1778946108.2225845, 'seen_count': 2, 'channels': [], 'avg_rssi': None}, '39:e1:86:3d:21:bc': {'first_seen': 1778946108.5326924, 'last_seen': 1778946108.5335944, 'seen_count': 2, 'channels': [], 'avg_rssi': None}, '87:f4:c4:8e:bd:39': {'first_seen': 1778946108.840795, 'last_seen': 1778946108.8417308, 'seen_count': 2, 'channels': [], 'avg_rssi': None}, '46:a5:ae:bd:21:b1': {'first_seen': 1778946109.1511755, 'last_seen': 1778946109.152263, 'seen_count': 2, 'channels': [], 'avg_rssi': None}, 'aa:41:1d:04:76:28': {'first_seen': 1778946109.4607635, 'last_seen': 1778946109.4617617, 'seen_count': 2, 'channels': [], 'avg_rssi': None}, '85:db:b2:e6:83:eb': {'first_seen': 1778946109.76936, 'last_seen': 1778946109.770405, 'seen_count': 2, 'channels': [], 'avg_rssi': None}, '2e:87:bd:a5:2c:6c': {'first_seen': 1778946110.077118, 'last_seen': 1778946110.0780451, 'seen_count': 2, 'channels': [], 'avg_rssi': None}, '00:a6:cc:2d:89:f8': {'first_seen': 1778946110.3862925, 'last_seen': 1778946110.387312, 'seen_count': 2, 'channels': [], 'avg_rssi': None}, '85:9a:8d:54:bd:34': {'first_seen': 1778946110.6939158, 'last_seen': 1778946110.6949525, 'seen_count': 2, 'channels': [], 'avg_rssi': None}, '06:e4:9d:ac:ff:34': {'first_seen': 1778946111.0066721, 'last_seen': 1778946111.0076056, 'seen_count': 2, 'channels': [], 'avg_rssi': None}, '67:13:2a:96:bd:6e': {'first_seen': 1778946111.3152075, 'last_seen': 1778946111.31612, 'seen_count': 2, 'channels': [], 'avg_rssi': None}, 'cb:ea:4e:af:3a:5f': {'first_seen': 1778946111.6241257, 'last_seen': 1778946111.6250014, 'seen_count': 2, 'channels': [], 'avg_rssi': None}, '0e:f3:4d:b8:1d:86': {'first_seen': 1778946111.9323266, 'last_seen': 1778946111.9363875, 'seen_count': 2, 'channels': [], 'avg_rssi': None}, 'ad:16:6d:57:a8:7d': {'first_seen': 1778946112.2414, 'last_seen': 1778946112.2425385, 'seen_count': 2, 'channels': [], 'avg_rssi': None}, '62:1f:ea:0e:6f:5b': {'first_seen': 1778946112.5539148, 'last_seen': 1778946112.5551724, 'seen_count': 2, 'channels': [], 'avg_rssi': None}, '37:7f:77:b0:b5:09': {'first_seen': 1778946112.8653004, 'last_seen': 1778946112.866194, 'seen_count': 2, 'channels': [], 'avg_rssi': None}, '80:43:9a:74:a1:32': {'first_seen': 1778946113.180721, 'last_seen': 1778946113.1818354, 'seen_count': 2, 'channels': [], 'avg_rssi': None}, 'dc:44:ee:40:58:2d': {'first_seen': 1778946113.496786, 'last_seen': 1778946113.4978588, 'seen_count': 2, 'channels': [], 'avg_rssi': None}, '75:10:47:89:96:e0': {'first_seen': 1778946113.8086412, 'last_seen': 1778946113.8097408, 'seen_count': 2, 'channels': [], 'avg_rssi': None}, 'a7:75:38:69:a6:75': {'first_seen': 1778946114.1164963, 'last_seen': 1778946114.1176305, 'seen_count': 2, 'channels': [], 'avg_rssi': None}, '36:21:44:75:a7:2c': {'first_seen': 1778946114.426448, 'last_seen': 1778946114.4275296, 'seen_count': 2, 'channels': [], 'avg_rssi': None}, 'ad:75:34:e2:90:5e': {'first_seen': 1778946114.7325592, 'last_seen': 1778946114.7335372, 'seen_count': 2, 'channels': [], 'avg_rssi': None}, '39:62:25:e1:af:5c': {'first_seen': 1778946115.0472455, 'last_seen': 1778946115.0481815, 'seen_count': 2, 'channels': [], 'avg_rssi': None}, '15:e9:d0:90:4b:ab': {'first_seen': 1778946115.3617988, 'last_seen': 1778946115.3628185, 'seen_count': 2, 'channels': [], 'avg_rssi': None}, '97:92:25:d6:21:16': {'first_seen': 1778946115.6692111, 'last_seen': 1778946115.6704695, 'seen_count': 2, 'channels': [], 'avg_rssi': None}, '46:a8:ca:f2:4d:ca': {'first_seen': 1778946115.976924, 'last_seen': 1778946115.9778495, 'seen_count': 2, 'channels': [], 'avg_rssi': None}, '84:c7:47:ba:17:ec': {'first_seen': 1778946116.2846346, 'last_seen': 1778946116.2857435, 'seen_count': 2, 'channels': [], 'avg_rssi': None}, 'a5:f6:7f:11:19:fa': {'first_seen': 1778946116.5925457, 'last_seen': 1778946116.5937645, 'seen_count': 2, 'channels': [], 'avg_rssi': None}, 'b0:bf:bd:33:36:98': {'first_seen': 1778946116.9065864, 'last_seen': 1778946116.9075243, 'seen_count': 2, 'channels': [], 'avg_rssi': None}, '86:ac:52:b6:cc:33': {'first_seen': 1778946117.2205198, 'last_seen': 1778946117.2214217, 'seen_count': 2, 'channels': [], 'avg_rssi': None}, '99:5a:41:51:21:04': {'first_seen': 1778946117.5295093, 'last_seen': 1778946117.53044, 'seen_count': 2, 'channels': [], 'avg_rssi': None}, '8d:39:ff:91:e5:d5': {'first_seen': 1778946117.842005, 'last_seen': 1778946117.84295, 'seen_count': 2, 'channels': [], 'avg_rssi': None}, 'bc:c6:1d:96:09:f6': {'first_seen': 1778946118.151351, 'last_seen': 1778946118.1525972, 'seen_count': 2, 'channels': [], 'avg_rssi': None}, '74:f4:90:54:4a:91': {'first_seen': 1778946118.462685, 'last_seen': 1778946118.4636087, 'seen_count': 2, 'channels': [], 'avg_rssi': None}, 'c2:37:3c:54:ec:7f': {'first_seen': 1778946118.7786644, 'last_seen': 1778946118.7798703, 'seen_count': 2, 'channels': [], 'avg_rssi': None}, '7d:d1:02:e4:58:99': {'first_seen': 1778946119.0940654, 'last_seen': 1778946119.0950127, 'seen_count': 2, 'channels': [], 'avg_rssi': None}, '7a:dc:b0:46:48:53': {'first_seen': 1778946119.4010286, 'last_seen': 1778946119.4019053, 'seen_count': 2, 'channels': [], 'avg_rssi': None}, 'f0:50:fd:ea:7c:be': {'first_seen': 1778946119.7111778, 'last_seen': 1778946119.7122962, 'seen_count': 2, 'channels': [], 'avg_rssi': None}, 'bf:3b:e0:3e:c5:41': {'first_seen': 1778946120.0236032, 'last_seen': 1778946120.0244384, 'seen_count': 2, 'channels': [], 'avg_rssi': None}, '03:2d:38:39:64:ee': {'first_seen': 1778946120.332023, 'last_seen': 1778946120.3330858, 'seen_count': 2, 'channels': [], 'avg_rssi': None}, '95:25:b3:47:36:35': {'first_seen': 1778946120.6415184, 'last_seen': 1778946120.6424754, 'seen_count': 2, 'channels': [], 'avg_rssi': None}, '37:b2:88:9e:c8:01': {'first_seen': 1778946120.9589472, 'last_seen': 1778946120.960112, 'seen_count': 2, 'channels': [], 'avg_rssi': None}, '39:f1:7d:d2:f5:b6': {'first_seen': 1778946121.2708728, 'last_seen': 1778946121.2720082, 'seen_count': 2, 'channels': [], 'avg_rssi': None}, 'c2:64:78:95:7c:f0': {'first_seen': 1778946121.5826056, 'last_seen': 1778946121.583643, 'seen_count': 2, 'channels': [], 'avg_rssi': None}, 'c6:66:37:c1:3b:db': {'first_seen': 1778946121.894927, 'last_seen': 1778946121.8959136, 'seen_count': 2, 'channels': [], 'avg_rssi': None}, '69:a4:7e:ba:f4:13': {'first_seen': 1778946122.2051353, 'last_seen': 1778946122.2061844, 'seen_count': 2, 'channels': [], 'avg_rssi': None}, '3e:5a:81:07:f4:34': {'first_seen': 1778946122.5260947, 'last_seen': 1778946122.5273163, 'seen_count': 2, 'channels': [], 'avg_rssi': None}, 'cd:a6:a8:7f:21:f3': {'first_seen': 1778946122.8354557, 'last_seen': 1778946122.8364596, 'seen_count': 2, 'channels': [], 'avg_rssi': None}, '4a:42:36:98:73:d2': {'first_seen': 1778946123.1563728, 'last_seen': 1778946123.157231, 'seen_count': 2, 'channels': [], 'avg_rssi': None}, '44:7f:2e:b5:e6:b8': {'first_seen': 1778946123.4677243, 'last_seen': 1778946123.4686222, 'seen_count': 2, 'channels': [], 'avg_rssi': None}, '40:a2:12:9c:1d:2f': {'first_seen': 1778946123.7871532, 'last_seen': 1778946123.788005, 'seen_count': 2, 'channels': [], 'avg_rssi': None}, '83:81:12:c9:b0:31': {'first_seen': 1778946124.0975895, 'last_seen': 1778946124.0986814, 'seen_count': 2, 'channels': [], 'avg_rssi': None}, '86:99:0f:22:08:61': {'first_seen': 1778946124.409592, 'last_seen': 1778946124.4106743, 'seen_count': 2, 'channels': [], 'avg_rssi': None}, '96:8b:03:53:32:10': {'first_seen': 1778946124.7232885, 'last_seen': 1778946124.7241957, 'seen_count': 2, 'channels': [], 'avg_rssi': None}, '1e:9d:40:a0:20:7d': {'first_seen': 1778946125.0422142, 'last_seen': 1778946125.0433373, 'seen_count': 2, 'channels': [], 'avg_rssi': None}, '08:fd:00:c8:11:96': {'first_seen': 1778946125.3539093, 'last_seen': 1778946125.3550854, 'seen_count': 2, 'channels': [], 'avg_rssi': None}, '52:69:a7:b5:e3:a1': {'first_seen': 1778946125.6636922, 'last_seen': 1778946125.6646116, 'seen_count': 2, 'channels': [], 'avg_rssi': None}, '94:ff:f1:6e:f6:49': {'first_seen': 1778946125.9753413, 'last_seen': 1778946125.9763703, 'seen_count': 2, 'channels': [], 'avg_rssi': None}, '44:f3:6a:83:c4:42': {'first_seen': 1778946126.292042, 'last_seen': 1778946126.2930129, 'seen_count': 2, 'channels': [], 'avg_rssi': None}, 'aa:f4:98:41:92:15': {'first_seen': 1778946126.6089768, 'last_seen': 1778946126.6099048, 'seen_count': 2, 'channels': [], 'avg_rssi': None}, '6f:97:0d:b9:fa:24': {'first_seen': 1778946126.919921, 'last_seen': 1778946126.9210536, 'seen_count': 2, 'channels': [], 'avg_rssi': None}, '99:fa:33:4b:1e:9e': {'first_seen': 1778946127.2355564, 'last_seen': 1778946127.2365673, 'seen_count': 2, 'channels': [], 'avg_rssi': None}, 'd6:22:26:f7:25:bb': {'first_seen': 1778946127.554682, 'last_seen': 1778946127.5555758, 'seen_count': 2, 'channels': [], 'avg_rssi': None}, '9a:e5:62:af:10:a1': {'first_seen': 1778946127.8604724, 'last_seen': 1778946127.8614664, 'seen_count': 2, 'channels': [], 'avg_rssi': None}, 'de:25:9e:7a:e9:c2': {'first_seen': 1778946128.1771197, 'last_seen': 1778946128.1782458, 'seen_count': 2, 'channels': [], 'avg_rssi': None}, 'b8:83:be:cd:d1:e2': {'first_seen': 1778946128.4854755, 'last_seen': 1778946128.4863832, 'seen_count': 2, 'channels': [], 'avg_rssi': None}, 'f7:c0:45:e4:82:df': {'first_seen': 1778946128.796126, 'last_seen': 1778946128.7972667, 'seen_count': 2, 'channels': [], 'avg_rssi': None}, '53:78:66:9b:84:3a': {'first_seen': 1778946129.1098268, 'last_seen': 1778946129.1109068, 'seen_count': 2, 'channels': [], 'avg_rssi': None}, 'a1:14:a4:c5:22:00': {'first_seen': 1778946129.4226103, 'last_seen': 1778946129.4235566, 'seen_count': 2, 'channels': [], 'avg_rssi': None}, '71:2e:fa:29:d1:a2': {'first_seen': 1778946129.7294567, 'last_seen': 1778946129.7305734, 'seen_count': 2, 'channels': [], 'avg_rssi': None}, '47:3d:4b:72:4b:8d': {'first_seen': 1778946130.0508962, 'last_seen': 1778946130.0518312, 'seen_count': 2, 'channels': [], 'avg_rssi': None}, '31:91:85:c9:ce:99': {'first_seen': 1778946130.3683271, 'last_seen': 1778946130.369472, 'seen_count': 2, 'channels': [], 'avg_rssi': None}, '3a:de:6a:35:5e:ce': {'first_seen': 1778946130.6806521, 'last_seen': 1778946130.6816142, 'seen_count': 2, 'channels': [], 'avg_rssi': None}, '69:49:fa:54:ab:65': {'first_seen': 1778946130.9911468, 'last_seen': 1778946130.9922774, 'seen_count': 2, 'channels': [], 'avg_rssi': None}, '04:16:94:3d:5c:bb': {'first_seen': 1778946131.3018682, 'last_seen': 1778946131.3030214, 'seen_count': 2, 'channels': [], 'avg_rssi': None}, '8f:35:1e:d5:85:9b': {'first_seen': 1778946131.6141827, 'last_seen': 1778946131.6150393, 'seen_count': 2, 'channels': [], 'avg_rssi': None}, 'fb:1f:a6:e9:c6:93': {'first_seen': 1778946131.9207652, 'last_seen': 1778946131.9216774, 'seen_count': 2, 'channels': [], 'avg_rssi': None}, '1f:9f:3d:dc:cc:00': {'first_seen': 1778946132.2391002, 'last_seen': 1778946132.2403188, 'seen_count': 2, 'channels': [], 'avg_rssi': None}, '64:17:36:68:af:3e': {'first_seen': 1778946132.5476103, 'last_seen': 1778946132.5484922, 'seen_count': 2, 'channels': [], 'avg_rssi': None}, '65:9c:10:ce:a8:c2': {'first_seen': 1778946132.860766, 'last_seen': 1778946132.8619766, 'seen_count': 2, 'channels': [], 'avg_rssi': None}, 'c6:77:5f:57:fa:ae': {'first_seen': 1778946133.1718328, 'last_seen': 1778946133.1727421, 'seen_count': 2, 'channels': [], 'avg_rssi': None}, 'cd:b8:94:46:75:01': {'first_seen': 1778946133.48667, 'last_seen': 1778946133.4878838, 'seen_count': 2, 'channels': [], 'avg_rssi': None}, '89:ba:dc:60:60:10': {'first_seen': 1778946133.798879, 'last_seen': 1778946133.7997813, 'seen_count': 2, 'channels': [], 'avg_rssi': None}, '3d:2b:51:07:59:bf': {'first_seen': 1778946134.1153286, 'last_seen': 1778946134.1161654, 'seen_count': 2, 'channels': [], 'avg_rssi': None}, '98:09:04:6c:83:46': {'first_seen': 1778946134.4248536, 'last_seen': 1778946134.426056, 'seen_count': 2, 'channels': [], 'avg_rssi': None}, '6b:43:af:86:fc:ba': {'first_seen': 1778946134.7470236, 'last_seen': 1778946134.7479498, 'seen_count': 2, 'channels': [], 'avg_rssi': None}, 'ce:36:4d:c1:2e:c1': {'first_seen': 1778946135.0599341, 'last_seen': 1778946135.0608525, 'seen_count': 2, 'channels': [], 'avg_rssi': None}, '11:6e:fd:7e:59:d3': {'first_seen': 1778946135.3691175, 'last_seen': 1778946135.37023, 'seen_count': 2, 'channels': [], 'avg_rssi': None}, '2d:4f:bc:24:d5:b9': {'first_seen': 1778946135.684259, 'last_seen': 1778946135.685372, 'seen_count': 2, 'channels': [], 'avg_rssi': None}, 'f2:70:bc:3c:42:dd': {'first_seen': 1778946135.9969628, 'last_seen': 1778946135.997888, 'seen_count': 2, 'channels': [], 'avg_rssi': None}, 'c7:aa:a7:47:41:7d': {'first_seen': 1778946136.3142722, 'last_seen': 1778946136.3154109, 'seen_count': 2, 'channels': [], 'avg_rssi': None}, 'de:58:6c:f3:06:f4': {'first_seen': 1778946136.6223035, 'last_seen': 1778946136.6233058, 'seen_count': 2, 'channels': [], 'avg_rssi': None}, 'a1:c0:7e:1a:a7:2b': {'first_seen': 1778946136.935002, 'last_seen': 1778946136.936189, 'seen_count': 2, 'channels': [], 'avg_rssi': None}, '32:f4:31:fb:93:78': {'first_seen': 1778946137.244757, 'last_seen': 1778946137.2455797, 'seen_count': 2, 'channels': [], 'avg_rssi': None}, 'ae:8d:44:78:98:a6': {'first_seen': 1778946137.5644696, 'last_seen': 1778946137.5644696, 'seen_count': 1, 'channels': [], 'avg_rssi': None}, 'be:e0:28:3c:64:63': {'first_seen': 1778946137.8613381, 'last_seen': 1778946137.8613381, 'seen_count': 1, 'channels': [], 'avg_rssi': None}}}
!!!!!!!!!!!!!!!!!!!!!!!!!!!!!!!!!!!!!!!!!!!!!!!!!!!!!!!!!!!!!!!!!!!!!!!!!!!!!!!!


!!!!!!!!!!!!!!!!!!!!!!!!!!!!!!!!!!!!!!!!!!!!!!!!!!!!!!!!!!!!!!!!!!!!!!!!!!!!!!!!
[ALERT] ALERT-000042 | POTENTIAL_EVIL_TWIN
severity: LOW
time: 2026-05-16T15:42:17.864995
message: Wykryto potencjalny Evil Twin / Rogue AP dla SSID 'TestNet_005'. Zaobserwowano 99 różnych BSSID oraz podejrzane różnice parametrów sieci.
evidence: {'ssid': 'TestNet_005', 'bssid_count': 99, 'bssids': ['b4:dd:46:4e:73:43', 'bc:5c:16:52:af:07', '7d:2c:c2:92:c6:a8', '94:d5:f7:e9:a2:2c', 'd7:8f:bf:15:b6:c9', '4b:fc:c1:0e:0e:a4', '1e:f5:98:10:37:aa', '8d:36:cd:e7:31:15', 'bc:1e:71:d3:a6:c7', '15:0b:9d:25:da:67', 'a0:84:db:68:b4:e9', '30:09:6a:c9:a0:4a', '36:18:bc:5d:9a:90', '83:53:5c:c0:23:bc', '76:94:e6:37:c1:97', 'a6:dd:22:f9:06:da', '25:5b:21:10:c4:83', '03:c8:15:97:10:ce', 'c9:70:33:94:80:87', '9b:94:66:b8:2a:6a', '6b:1b:93:b3:4f:9a', '6d:c8:4a:59:ce:bc', 'f7:ae:c2:3a:d4:78', '9b:91:b9:a4:79:36', '23:d4:81:35:cf:27', '3f:2b:2f:11:e9:06', 'f0:df:e3:4b:40:c4', '1a:01:f2:cf:85:ca', '66:97:79:1d:2b:56', '12:f0:e4:4e:6e:f3', '4d:cf:9c:7d:c4:ce', 'a0:48:5d:ae:ac:7e', '99:a9:04:59:e8:ac', '27:4c:1f:8a:06:35', '9d:5b:25:4c:bd:ab', '50:ba:74:6e:09:9c', '81:01:11:28:f1:c7', 'f1:c1:3f:ed:b7:21', '03:85:37:47:a7:89', '0b:82:8a:c0:de:ce', '84:95:77:ef:16:5d', '4e:17:7d:f2:ea:4a', '47:89:da:df:49:73', 'ce:40:56:9a:17:0b', '59:45:4b:c9:1d:ca', '1b:4f:34:e8:3e:03', '73:b6:99:b5:d0:f9', '04:3f:a8:69:a6:d6', 'fb:f9:6e:4f:3e:b5', '97:d2:fe:4f:aa:cf', 'bb:21:f9:86:ff:52', '1c:c2:8e:1d:c8:43', '3d:97:b6:ef:43:3b', '5a:ee:5a:54:d4:9d', '75:20:c0:a8:f3:76', '74:de:5c:72:82:c8', '55:94:a5:da:d0:9d', 'ee:47:49:c3:a2:7c', '79:95:2c:df:62:a9', '20:82:2e:d5:69:6f', 'ec:b7:8a:77:35:e6', '0c:57:dd:f5:ff:45', 'bb:1c:10:d7:c5:3f', '39:1b:da:ab:13:e6', '0d:d4:93:79:d2:f7', '94:1f:3c:5e:df:e4', '9f:41:7d:57:89:9a', '64:36:64:9f:a4:07', '2a:cf:9d:e9:28:11', 'd2:b5:77:77:16:43', 'd0:c4:33:9c:37:a4', '38:b5:73:9a:aa:0a', '36:cd:46:69:14:42', 'f3:99:92:e0:d7:b1', '26:33:13:3d:1b:c8', '3c:48:08:59:b7:92', 'ef:be:fb:c8:bb:96', '4a:da:cb:14:a4:eb', '85:1c:d3:13:cc:69', 'b0:ff:a3:63:47:d4', 'bd:ec:9e:bd:1a:b4', 'a6:d3:34:0d:b3:54', 'c6:d9:7c:4f:ca:2b', '68:3f:26:f3:86:1c', '3e:f8:4b:7e:fc:35', '1d:23:29:9d:dc:de', '6a:58:ea:57:25:63', '67:38:3d:d1:25:9d', '1a:2c:f7:fc:7d:b1', '3c:6f:bf:ab:62:d0', '62:f2:60:ca:c1:c1', '3a:2c:2a:3a:a1:4e', '0f:4b:58:58:f4:0c', '10:7d:66:b8:60:65', '88:62:12:cf:09:da', '8a:37:7f:73:22:37', 'f7:a8:fb:29:5b:07', '81:bb:08:0d:aa:89', 'a7:89:cb:db:d7:91'], 'triggered_reasons': ['same_ssid_multiple_bssid'], 'observations': {'b4:dd:46:4e:73:43': {'first_seen': 1778946107.2794147, 'last_seen': 1778946107.2802851, 'seen_count': 2, 'channels': [], 'avg_rssi': None}, 'bc:5c:16:52:af:07': {'first_seen': 1778946107.5878146, 'last_seen': 1778946107.5886838, 'seen_count': 2, 'channels': [], 'avg_rssi': None}, '7d:2c:c2:92:c6:a8': {'first_seen': 1778946107.8969169, 'last_seen': 1778946107.8980799, 'seen_count': 2, 'channels': [], 'avg_rssi': None}, '94:d5:f7:e9:a2:2c': {'first_seen': 1778946108.211583, 'last_seen': 1778946108.2125742, 'seen_count': 2, 'channels': [], 'avg_rssi': None}, 'd7:8f:bf:15:b6:c9': {'first_seen': 1778946108.5225923, 'last_seen': 1778946108.5237186, 'seen_count': 2, 'channels': [], 'avg_rssi': None}, '4b:fc:c1:0e:0e:a4': {'first_seen': 1778946108.8306937, 'last_seen': 1778946108.8319886, 'seen_count': 2, 'channels': [], 'avg_rssi': None}, '1e:f5:98:10:37:aa': {'first_seen': 1778946109.1410046, 'last_seen': 1778946109.1420002, 'seen_count': 2, 'channels': [], 'avg_rssi': None}, '8d:36:cd:e7:31:15': {'first_seen': 1778946109.450673, 'last_seen': 1778946109.451897, 'seen_count': 2, 'channels': [], 'avg_rssi': None}, 'bc:1e:71:d3:a6:c7': {'first_seen': 1778946109.7592614, 'last_seen': 1778946109.7604032, 'seen_count': 2, 'channels': [], 'avg_rssi': None}, '15:0b:9d:25:da:67': {'first_seen': 1778946110.067029, 'last_seen': 1778946110.06817, 'seen_count': 2, 'channels': [], 'avg_rssi': None}, 'a0:84:db:68:b4:e9': {'first_seen': 1778946110.376204, 'last_seen': 1778946110.377069, 'seen_count': 2, 'channels': [], 'avg_rssi': None}, '30:09:6a:c9:a0:4a': {'first_seen': 1778946110.683792, 'last_seen': 1778946110.6847124, 'seen_count': 2, 'channels': [], 'avg_rssi': None}, '36:18:bc:5d:9a:90': {'first_seen': 1778946110.9965682, 'last_seen': 1778946110.9977198, 'seen_count': 2, 'channels': [], 'avg_rssi': None}, '83:53:5c:c0:23:bc': {'first_seen': 1778946111.3050954, 'last_seen': 1778946111.3062356, 'seen_count': 2, 'channels': [], 'avg_rssi': None}, '76:94:e6:37:c1:97': {'first_seen': 1778946111.6140213, 'last_seen': 1778946111.6151254, 'seen_count': 2, 'channels': [], 'avg_rssi': None}, 'a6:dd:22:f9:06:da': {'first_seen': 1778946111.922218, 'last_seen': 1778946111.9356377, 'seen_count': 2, 'channels': [], 'avg_rssi': None}, '25:5b:21:10:c4:83': {'first_seen': 1778946112.231265, 'last_seen': 1778946112.2324085, 'seen_count': 2, 'channels': [], 'avg_rssi': None}, '03:c8:15:97:10:ce': {'first_seen': 1778946112.5438142, 'last_seen': 1778946112.5447989, 'seen_count': 2, 'channels': [], 'avg_rssi': None}, 'c9:70:33:94:80:87': {'first_seen': 1778946112.8551812, 'last_seen': 1778946112.8563137, 'seen_count': 2, 'channels': [], 'avg_rssi': None}, '9b:94:66:b8:2a:6a': {'first_seen': 1778946113.1681368, 'last_seen': 1778946113.1692069, 'seen_count': 2, 'channels': [], 'avg_rssi': None}, '6b:1b:93:b3:4f:9a': {'first_seen': 1778946113.48665, 'last_seen': 1778946113.4878495, 'seen_count': 2, 'channels': [], 'avg_rssi': None}, '6d:c8:4a:59:ce:bc': {'first_seen': 1778946113.797979, 'last_seen': 1778946113.7991145, 'seen_count': 2, 'channels': [], 'avg_rssi': None}, 'f7:ae:c2:3a:d4:78': {'first_seen': 1778946114.1064022, 'last_seen': 1778946114.107261, 'seen_count': 2, 'channels': [], 'avg_rssi': None}, '9b:91:b9:a4:79:36': {'first_seen': 1778946114.4163382, 'last_seen': 1778946114.4172702, 'seen_count': 2, 'channels': [], 'avg_rssi': None}, '23:d4:81:35:cf:27': {'first_seen': 1778946114.7224557, 'last_seen': 1778946114.7232866, 'seen_count': 2, 'channels': [], 'avg_rssi': None}, '3f:2b:2f:11:e9:06': {'first_seen': 1778946115.0371485, 'last_seen': 1778946115.0380573, 'seen_count': 2, 'channels': [], 'avg_rssi': None}, 'f0:df:e3:4b:40:c4': {'first_seen': 1778946115.351713, 'last_seen': 1778946115.352703, 'seen_count': 2, 'channels': [], 'avg_rssi': None}, '1a:01:f2:cf:85:ca': {'first_seen': 1778946115.6590745, 'last_seen': 1778946115.6619651, 'seen_count': 2, 'channels': [], 'avg_rssi': None}, '66:97:79:1d:2b:56': {'first_seen': 1778946115.9668345, 'last_seen': 1778946115.9679756, 'seen_count': 2, 'channels': [], 'avg_rssi': None}, '12:f0:e4:4e:6e:f3': {'first_seen': 1778946116.274529, 'last_seen': 1778946116.2756174, 'seen_count': 2, 'channels': [], 'avg_rssi': None}, '4d:cf:9c:7d:c4:ce': {'first_seen': 1778946116.5824409, 'last_seen': 1778946116.5836334, 'seen_count': 2, 'channels': [], 'avg_rssi': None}, 'a0:48:5d:ae:ac:7e': {'first_seen': 1778946116.8964672, 'last_seen': 1778946116.8976493, 'seen_count': 2, 'channels': [], 'avg_rssi': None}, '99:a9:04:59:e8:ac': {'first_seen': 1778946117.2088299, 'last_seen': 1778946117.2100515, 'seen_count': 2, 'channels': [], 'avg_rssi': None}, '27:4c:1f:8a:06:35': {'first_seen': 1778946117.5193872, 'last_seen': 1778946117.520314, 'seen_count': 2, 'channels': [], 'avg_rssi': None}, '9d:5b:25:4c:bd:ab': {'first_seen': 1778946117.8318994, 'last_seen': 1778946117.833096, 'seen_count': 2, 'channels': [], 'avg_rssi': None}, '50:ba:74:6e:09:9c': {'first_seen': 1778946118.1412213, 'last_seen': 1778946118.1422145, 'seen_count': 2, 'channels': [], 'avg_rssi': None}, '81:01:11:28:f1:c7': {'first_seen': 1778946118.4516191, 'last_seen': 1778946118.452622, 'seen_count': 2, 'channels': [], 'avg_rssi': None}, 'f1:c1:3f:ed:b7:21': {'first_seen': 1778946118.7671442, 'last_seen': 1778946118.7680051, 'seen_count': 2, 'channels': [], 'avg_rssi': None}, '03:85:37:47:a7:89': {'first_seen': 1778946119.0839536, 'last_seen': 1778946119.0851364, 'seen_count': 2, 'channels': [], 'avg_rssi': None}, '0b:82:8a:c0:de:ce': {'first_seen': 1778946119.3909261, 'last_seen': 1778946119.3926594, 'seen_count': 2, 'channels': [], 'avg_rssi': None}, '84:95:77:ef:16:5d': {'first_seen': 1778946119.7009876, 'last_seen': 1778946119.7021687, 'seen_count': 2, 'channels': [], 'avg_rssi': None}, '4e:17:7d:f2:ea:4a': {'first_seen': 1778946120.0132403, 'last_seen': 1778946120.0143113, 'seen_count': 2, 'channels': [], 'avg_rssi': None}, '47:89:da:df:49:73': {'first_seen': 1778946120.3218942, 'last_seen': 1778946120.3230774, 'seen_count': 2, 'channels': [], 'avg_rssi': None}, 'ce:40:56:9a:17:0b': {'first_seen': 1778946120.6313696, 'last_seen': 1778946120.6325939, 'seen_count': 2, 'channels': [], 'avg_rssi': None}, '59:45:4b:c9:1d:ca': {'first_seen': 1778946120.9488308, 'last_seen': 1778946120.9498672, 'seen_count': 2, 'channels': [], 'avg_rssi': None}, '1b:4f:34:e8:3e:03': {'first_seen': 1778946121.2607732, 'last_seen': 1778946121.2616243, 'seen_count': 2, 'channels': [], 'avg_rssi': None}, '73:b6:99:b5:d0:f9': {'first_seen': 1778946121.5724845, 'last_seen': 1778946121.5733922, 'seen_count': 2, 'channels': [], 'avg_rssi': None}, '04:3f:a8:69:a6:d6': {'first_seen': 1778946121.8847928, 'last_seen': 1778946121.8856695, 'seen_count': 2, 'channels': [], 'avg_rssi': None}, 'fb:f9:6e:4f:3e:b5': {'first_seen': 1778946122.1949754, 'last_seen': 1778946122.1958058, 'seen_count': 2, 'channels': [], 'avg_rssi': None}, '97:d2:fe:4f:aa:cf': {'first_seen': 1778946122.5129573, 'last_seen': 1778946122.5140665, 'seen_count': 2, 'channels': [], 'avg_rssi': None}, 'bb:21:f9:86:ff:52': {'first_seen': 1778946122.82537, 'last_seen': 1778946122.826333, 'seen_count': 2, 'channels': [], 'avg_rssi': None}, '1c:c2:8e:1d:c8:43': {'first_seen': 1778946123.1462605, 'last_seen': 1778946123.1472287, 'seen_count': 2, 'channels': [], 'avg_rssi': None}, '3d:97:b6:ef:43:3b': {'first_seen': 1778946123.4576182, 'last_seen': 1778946123.4586146, 'seen_count': 2, 'channels': [], 'avg_rssi': None}, '5a:ee:5a:54:d4:9d': {'first_seen': 1778946123.777054, 'last_seen': 1778946123.7778816, 'seen_count': 2, 'channels': [], 'avg_rssi': None}, '75:20:c0:a8:f3:76': {'first_seen': 1778946124.0874786, 'last_seen': 1778946124.088408, 'seen_count': 2, 'channels': [], 'avg_rssi': None}, '74:de:5c:72:82:c8': {'first_seen': 1778946124.3994775, 'last_seen': 1778946124.4006727, 'seen_count': 2, 'channels': [], 'avg_rssi': None}, '55:94:a5:da:d0:9d': {'first_seen': 1778946124.7129638, 'last_seen': 1778946124.7139297, 'seen_count': 2, 'channels': [], 'avg_rssi': None}, 'ee:47:49:c3:a2:7c': {'first_seen': 1778946125.0321186, 'last_seen': 1778946125.0332203, 'seen_count': 2, 'channels': [], 'avg_rssi': None}, '79:95:2c:df:62:a9': {'first_seen': 1778946125.3435981, 'last_seen': 1778946125.3447273, 'seen_count': 2, 'channels': [], 'avg_rssi': None}, '20:82:2e:d5:69:6f': {'first_seen': 1778946125.6535738, 'last_seen': 1778946125.6544852, 'seen_count': 2, 'channels': [], 'avg_rssi': None}, 'ec:b7:8a:77:35:e6': {'first_seen': 1778946125.9652283, 'last_seen': 1778946125.9663706, 'seen_count': 2, 'channels': [], 'avg_rssi': None}, '0c:57:dd:f5:ff:45': {'first_seen': 1778946126.2819479, 'last_seen': 1778946126.2831357, 'seen_count': 2, 'channels': [], 'avg_rssi': None}, 'bb:1c:10:d7:c5:3f': {'first_seen': 1778946126.5988824, 'last_seen': 1778946126.5997777, 'seen_count': 2, 'channels': [], 'avg_rssi': None}, '39:1b:da:ab:13:e6': {'first_seen': 1778946126.9097946, 'last_seen': 1778946126.9109259, 'seen_count': 2, 'channels': [], 'avg_rssi': None}, '0d:d4:93:79:d2:f7': {'first_seen': 1778946127.2254467, 'last_seen': 1778946127.2265677, 'seen_count': 2, 'channels': [], 'avg_rssi': None}, '94:1f:3c:5e:df:e4': {'first_seen': 1778946127.540767, 'last_seen': 1778946127.5416996, 'seen_count': 2, 'channels': [], 'avg_rssi': None}, '9f:41:7d:57:89:9a': {'first_seen': 1778946127.8503702, 'last_seen': 1778946127.8514667, 'seen_count': 2, 'channels': [], 'avg_rssi': None}, '64:36:64:9f:a4:07': {'first_seen': 1778946128.1650095, 'last_seen': 1778946128.166116, 'seen_count': 2, 'channels': [], 'avg_rssi': None}, '2a:cf:9d:e9:28:11': {'first_seen': 1778946128.4753556, 'last_seen': 1778946128.4762568, 'seen_count': 2, 'channels': [], 'avg_rssi': None}, 'd2:b5:77:77:16:43': {'first_seen': 1778946128.7860289, 'last_seen': 1778946128.7871637, 'seen_count': 2, 'channels': [], 'avg_rssi': None}, 'd0:c4:33:9c:37:a4': {'first_seen': 1778946129.0997164, 'last_seen': 1778946129.1006565, 'seen_count': 2, 'channels': [], 'avg_rssi': None}, '38:b5:73:9a:aa:0a': {'first_seen': 1778946129.412475, 'last_seen': 1778946129.4132981, 'seen_count': 2, 'channels': [], 'avg_rssi': None}, '36:cd:46:69:14:42': {'first_seen': 1778946129.7193472, 'last_seen': 1778946129.720573, 'seen_count': 2, 'channels': [], 'avg_rssi': None}, 'f3:99:92:e0:d7:b1': {'first_seen': 1778946130.0408063, 'last_seen': 1778946130.0417023, 'seen_count': 2, 'channels': [], 'avg_rssi': None}, '26:33:13:3d:1b:c8': {'first_seen': 1778946130.3582215, 'last_seen': 1778946130.3590958, 'seen_count': 2, 'channels': [], 'avg_rssi': None}, '3c:48:08:59:b7:92': {'first_seen': 1778946130.6705372, 'last_seen': 1778946130.671616, 'seen_count': 2, 'channels': [], 'avg_rssi': None}, 'ef:be:fb:c8:bb:96': {'first_seen': 1778946130.9808419, 'last_seen': 1778946130.9817524, 'seen_count': 2, 'channels': [], 'avg_rssi': None}, '4a:da:cb:14:a4:eb': {'first_seen': 1778946131.291762, 'last_seen': 1778946131.2927794, 'seen_count': 2, 'channels': [], 'avg_rssi': None}, '85:1c:d3:13:cc:69': {'first_seen': 1778946131.6040816, 'last_seen': 1778946131.6049347, 'seen_count': 2, 'channels': [], 'avg_rssi': None}, 'b0:ff:a3:63:47:d4': {'first_seen': 1778946131.9106708, 'last_seen': 1778946131.9118042, 'seen_count': 2, 'channels': [], 'avg_rssi': None}, 'bd:ec:9e:bd:1a:b4': {'first_seen': 1778946132.2289968, 'last_seen': 1778946132.2299588, 'seen_count': 2, 'channels': [], 'avg_rssi': None}, 'a6:d3:34:0d:b3:54': {'first_seen': 1778946132.537492, 'last_seen': 1778946132.538592, 'seen_count': 2, 'channels': [], 'avg_rssi': None}, 'c6:d9:7c:4f:ca:2b': {'first_seen': 1778946132.8487804, 'last_seen': 1778946132.8499935, 'seen_count': 2, 'channels': [], 'avg_rssi': None}, '68:3f:26:f3:86:1c': {'first_seen': 1778946133.1607723, 'last_seen': 1778946133.1618702, 'seen_count': 2, 'channels': [], 'avg_rssi': None}, '3e:f8:4b:7e:fc:35': {'first_seen': 1778946133.4765494, 'last_seen': 1778946133.4777608, 'seen_count': 2, 'channels': [], 'avg_rssi': None}, '1d:23:29:9d:dc:de': {'first_seen': 1778946133.7887592, 'last_seen': 1778946133.7899005, 'seen_count': 2, 'channels': [], 'avg_rssi': None}, '6a:58:ea:57:25:63': {'first_seen': 1778946134.1052322, 'last_seen': 1778946134.1061666, 'seen_count': 2, 'channels': [], 'avg_rssi': None}, '67:38:3d:d1:25:9d': {'first_seen': 1778946134.412754, 'last_seen': 1778946134.4138055, 'seen_count': 2, 'channels': [], 'avg_rssi': None}, '1a:2c:f7:fc:7d:b1': {'first_seen': 1778946134.7369297, 'last_seen': 1778946134.7379503, 'seen_count': 2, 'channels': [], 'avg_rssi': None}, '3c:6f:bf:ab:62:d0': {'first_seen': 1778946135.0498054, 'last_seen': 1778946135.0508425, 'seen_count': 2, 'channels': [], 'avg_rssi': None}, '62:f2:60:ca:c1:c1': {'first_seen': 1778946135.359021, 'last_seen': 1778946135.360113, 'seen_count': 2, 'channels': [], 'avg_rssi': None}, '3a:2c:2a:3a:a1:4e': {'first_seen': 1778946135.6713214, 'last_seen': 1778946135.6746645, 'seen_count': 2, 'channels': [], 'avg_rssi': None}, '0f:4b:58:58:f4:0c': {'first_seen': 1778946135.9868693, 'last_seen': 1778946135.9877622, 'seen_count': 2, 'channels': [], 'avg_rssi': None}, '10:7d:66:b8:60:65': {'first_seen': 1778946136.3041637, 'last_seen': 1778946136.3052795, 'seen_count': 2, 'channels': [], 'avg_rssi': None}, '88:62:12:cf:09:da': {'first_seen': 1778946136.6121864, 'last_seen': 1778946136.6132972, 'seen_count': 2, 'channels': [], 'avg_rssi': None}, '8a:37:7f:73:22:37': {'first_seen': 1778946136.92491, 'last_seen': 1778946136.9258127, 'seen_count': 2, 'channels': [], 'avg_rssi': None}, 'f7:a8:fb:29:5b:07': {'first_seen': 1778946137.2346613, 'last_seen': 1778946137.2367048, 'seen_count': 2, 'channels': [], 'avg_rssi': None}, '81:bb:08:0d:aa:89': {'first_seen': 1778946137.5509722, 'last_seen': 1778946137.5509722, 'seen_count': 1, 'channels': [], 'avg_rssi': None}, 'a7:89:cb:db:d7:91': {'first_seen': 1778946137.864995, 'last_seen': 1778946137.864995, 'seen_count': 1, 'channels': [], 'avg_rssi': None}}}
!!!!!!!!!!!!!!!!!!!!!!!!!!!!!!!!!!!!!!!!!!!!!!!!!!!!!!!!!!!!!!!!!!!!!!!!!!!!!!!!


!!!!!!!!!!!!!!!!!!!!!!!!!!!!!!!!!!!!!!!!!!!!!!!!!!!!!!!!!!!!!!!!!!!!!!!!!!!!!!!!
[ALERT] ALERT-000043 | POTENTIAL_EVIL_TWIN
severity: LOW
time: 2026-05-16T15:42:17.871433
message: Wykryto potencjalny Evil Twin / Rogue AP dla SSID 'TestNet_007'. Zaobserwowano 99 różnych BSSID oraz podejrzane różnice parametrów sieci.
evidence: {'ssid': 'TestNet_007', 'bssid_count': 99, 'bssids': ['1b:d4:26:c1:32:3e', '4b:16:62:70:e3:0f', 'b5:97:f3:cd:61:a6', '7d:3e:a1:cf:d7:a3', '20:2b:64:81:a9:b0', 'fc:e8:dd:f2:a2:94', 'bd:99:98:62:1e:c5', '50:96:6a:ef:39:50', 'e4:5c:f2:c6:31:c5', '02:43:3a:23:18:6e', '53:df:c9:b9:d0:a6', '23:17:1a:56:74:c0', 'bf:80:17:69:f2:0f', '3c:e3:67:70:50:70', 'a8:0e:13:6a:a6:f2', 'd2:93:31:cc:f2:e0', 'fe:c1:7e:b0:72:5a', '6b:04:e7:84:0b:0d', '15:79:08:ed:8d:ef', '39:8a:1b:9a:10:5d', '48:58:3a:42:b8:05', 'de:71:02:56:5c:6d', 'ec:8c:72:17:30:1c', 'b6:8e:2d:c4:2b:e5', '65:45:dc:f9:b0:71', 'bc:6c:08:8c:9e:0e', 'af:30:df:5e:89:cd', '6a:55:8f:23:3c:52', '43:c7:20:06:cd:b0', '9c:fe:b8:70:ea:3f', 'd2:92:87:60:c0:22', '2a:09:1a:0c:bd:af', 'f2:25:23:68:45:26', '30:54:94:a5:07:3a', 'f4:e6:46:e2:96:65', '11:48:ba:f0:5b:4d', '67:85:1d:fa:79:4f', 'e4:d2:72:1b:fb:fb', '80:41:ee:8a:ee:e1', 'b4:9a:18:26:2b:70', '74:cb:b9:28:d1:f0', 'de:ef:55:af:d3:bf', '2c:54:f6:b9:5c:98', 'a1:6d:4a:9f:55:08', '1b:89:56:e8:de:22', 'bd:d1:11:4a:fe:04', '14:21:48:8b:6e:09', '61:8e:ea:66:d9:ad', 'ba:e0:08:ca:d8:47', '3e:a9:34:f3:f8:a1', 'd4:25:df:30:30:13', '34:9d:40:0f:05:a0', 'ce:64:9c:9c:9a:d6', '5f:64:84:b4:02:9f', '3e:d5:da:6c:36:76', '7c:eb:9b:fc:dd:8a', 'e2:b3:a3:49:51:2c', '72:42:7f:67:e6:c1', '83:12:c6:3e:a8:b5', 'f8:3a:26:c3:bb:c6', '16:ce:8f:34:95:d2', '8e:d1:9f:93:bf:4c', '91:56:cd:91:9c:5d', 'ad:d4:a5:b4:a7:ac', 'a9:17:08:1b:98:19', 'b4:95:81:38:89:49', 'c8:5c:45:4e:16:72', 'e5:4d:3d:a3:87:cc', 'c6:b2:c1:e5:97:82', '3b:20:1f:df:e8:9f', '0e:3d:05:7f:84:41', '8e:a1:6e:47:eb:07', 'fb:70:dc:4a:5b:3c', 'af:3e:08:54:a3:6d', '92:85:3e:c3:a2:84', '40:0f:13:23:e9:6d', 'ea:a2:af:2e:55:72', '94:92:78:f8:34:df', '3c:e4:81:aa:4d:ac', '30:12:72:3b:4f:c2', 'b2:3f:6c:50:c3:46', 'd3:52:87:ce:de:2f', 'f5:b3:63:b5:fd:9c', 'e7:f5:4e:b1:91:1e', '29:b5:ec:a1:aa:71', '20:d0:93:90:00:e5', 'e5:5c:3f:67:a2:18', 'd5:af:d1:a5:74:d0', 'ec:0c:1a:41:c4:0b', '93:d7:12:03:6b:6b', '88:7c:e8:79:ec:a7', 'f4:c0:58:ab:60:26', '5b:86:01:a5:60:0f', 'fc:e4:ca:12:4b:b5', '2f:1c:5f:7d:97:55', 'bd:a1:8b:e8:77:b6', '3d:c1:67:dd:bd:37', '05:b1:d0:51:f4:0d', '0a:6e:77:63:b8:2c'], 'triggered_reasons': ['same_ssid_multiple_bssid'], 'observations': {'1b:d4:26:c1:32:3e': {'first_seen': 1778946107.301915, 'last_seen': 1778946107.3029048, 'seen_count': 2, 'channels': [], 'avg_rssi': None}, '4b:16:62:70:e3:0f': {'first_seen': 1778946107.60843, 'last_seen': 1778946107.6095426, 'seen_count': 2, 'channels': [], 'avg_rssi': None}, 'b5:97:f3:cd:61:a6': {'first_seen': 1778946107.9208002, 'last_seen': 1778946107.9230583, 'seen_count': 2, 'channels': [], 'avg_rssi': None}, '7d:3e:a1:cf:d7:a3': {'first_seen': 1778946108.2317886, 'last_seen': 1778946108.2326994, 'seen_count': 2, 'channels': [], 'avg_rssi': None}, '20:2b:64:81:a9:b0': {'first_seen': 1778946108.5428183, 'last_seen': 1778946108.5437167, 'seen_count': 2, 'channels': [], 'avg_rssi': None}, 'fc:e8:dd:f2:a2:94': {'first_seen': 1778946108.8508916, 'last_seen': 1778946108.8517358, 'seen_count': 2, 'channels': [], 'avg_rssi': None}, 'bd:99:98:62:1e:c5': {'first_seen': 1778946109.1612701, 'last_seen': 1778946109.1622477, 'seen_count': 2, 'channels': [], 'avg_rssi': None}, '50:96:6a:ef:39:50': {'first_seen': 1778946109.470869, 'last_seen': 1778946109.4720144, 'seen_count': 2, 'channels': [], 'avg_rssi': None}, 'e4:5c:f2:c6:31:c5': {'first_seen': 1778946109.7794836, 'last_seen': 1778946109.7804127, 'seen_count': 2, 'channels': [], 'avg_rssi': None}, '02:43:3a:23:18:6e': {'first_seen': 1778946110.0882182, 'last_seen': 1778946110.0891714, 'seen_count': 2, 'channels': [], 'avg_rssi': None}, '53:df:c9:b9:d0:a6': {'first_seen': 1778946110.3964233, 'last_seen': 1778946110.3974426, 'seen_count': 2, 'channels': [], 'avg_rssi': None}, '23:17:1a:56:74:c0': {'first_seen': 1778946110.7040033, 'last_seen': 1778946110.7053282, 'seen_count': 2, 'channels': [], 'avg_rssi': None}, 'bf:80:17:69:f2:0f': {'first_seen': 1778946111.0168066, 'last_seen': 1778946111.0179806, 'seen_count': 2, 'channels': [], 'avg_rssi': None}, '3c:e3:67:70:50:70': {'first_seen': 1778946111.3253345, 'last_seen': 1778946111.3262422, 'seen_count': 2, 'channels': [], 'avg_rssi': None}, 'a8:0e:13:6a:a6:f2': {'first_seen': 1778946111.6342435, 'last_seen': 1778946111.635375, 'seen_count': 2, 'channels': [], 'avg_rssi': None}, 'd2:93:31:cc:f2:e0': {'first_seen': 1778946111.9424276, 'last_seen': 1778946111.9435174, 'seen_count': 2, 'channels': [], 'avg_rssi': None}, 'fe:c1:7e:b0:72:5a': {'first_seen': 1778946112.2515178, 'last_seen': 1778946112.252534, 'seen_count': 2, 'channels': [], 'avg_rssi': None}, '6b:04:e7:84:0b:0d': {'first_seen': 1778946112.566158, 'last_seen': 1778946112.5670629, 'seen_count': 2, 'channels': [], 'avg_rssi': None}, '15:79:08:ed:8d:ef': {'first_seen': 1778946112.8754194, 'last_seen': 1778946112.876322, 'seen_count': 2, 'channels': [], 'avg_rssi': None}, '39:8a:1b:9a:10:5d': {'first_seen': 1778946113.1908329, 'last_seen': 1778946113.1918528, 'seen_count': 2, 'channels': [], 'avg_rssi': None}, '48:58:3a:42:b8:05': {'first_seen': 1778946113.5069194, 'last_seen': 1778946113.508108, 'seen_count': 2, 'channels': [], 'avg_rssi': None}, 'de:71:02:56:5c:6d': {'first_seen': 1778946113.8188162, 'last_seen': 1778946113.819867, 'seen_count': 2, 'channels': [], 'avg_rssi': None}, 'ec:8c:72:17:30:1c': {'first_seen': 1778946114.1266549, 'last_seen': 1778946114.1278818, 'seen_count': 2, 'channels': [], 'avg_rssi': None}, 'b6:8e:2d:c4:2b:e5': {'first_seen': 1778946114.4365578, 'last_seen': 1778946114.437779, 'seen_count': 2, 'channels': [], 'avg_rssi': None}, '65:45:dc:f9:b0:71': {'first_seen': 1778946114.7426975, 'last_seen': 1778946114.7439218, 'seen_count': 2, 'channels': [], 'avg_rssi': None}, 'bc:6c:08:8c:9e:0e': {'first_seen': 1778946115.0573802, 'last_seen': 1778946115.058436, 'seen_count': 2, 'channels': [], 'avg_rssi': None}, 'af:30:df:5e:89:cd': {'first_seen': 1778946115.3719237, 'last_seen': 1778946115.373078, 'seen_count': 2, 'channels': [], 'avg_rssi': None}, '6a:55:8f:23:3c:52': {'first_seen': 1778946115.6793206, 'last_seen': 1778946115.68022, 'seen_count': 2, 'channels': [], 'avg_rssi': None}, '43:c7:20:06:cd:b0': {'first_seen': 1778946115.9870162, 'last_seen': 1778946115.9882278, 'seen_count': 2, 'channels': [], 'avg_rssi': None}, '9c:fe:b8:70:ea:3f': {'first_seen': 1778946116.2951083, 'last_seen': 1778946116.2962496, 'seen_count': 2, 'channels': [], 'avg_rssi': None}, 'd2:92:87:60:c0:22': {'first_seen': 1778946116.6026454, 'last_seen': 1778946116.603759, 'seen_count': 2, 'channels': [], 'avg_rssi': None}, '2a:09:1a:0c:bd:af': {'first_seen': 1778946116.9166875, 'last_seen': 1778946116.918026, 'seen_count': 2, 'channels': [], 'avg_rssi': None}, 'f2:25:23:68:45:26': {'first_seen': 1778946117.2307708, 'last_seen': 1778946117.2317975, 'seen_count': 2, 'channels': [], 'avg_rssi': None}, '30:54:94:a5:07:3a': {'first_seen': 1778946117.539613, 'last_seen': 1778946117.5405643, 'seen_count': 2, 'channels': [], 'avg_rssi': None}, 'f4:e6:46:e2:96:65': {'first_seen': 1778946117.8521109, 'last_seen': 1778946117.8532445, 'seen_count': 2, 'channels': [], 'avg_rssi': None}, '11:48:ba:f0:5b:4d': {'first_seen': 1778946118.1614296, 'last_seen': 1778946118.1633382, 'seen_count': 2, 'channels': [], 'avg_rssi': None}, '67:85:1d:fa:79:4f': {'first_seen': 1778946118.4727857, 'last_seen': 1778946118.4739792, 'seen_count': 2, 'channels': [], 'avg_rssi': None}, 'e4:d2:72:1b:fb:fb': {'first_seen': 1778946118.788759, 'last_seen': 1778946118.7898736, 'seen_count': 2, 'channels': [], 'avg_rssi': None}, '80:41:ee:8a:ee:e1': {'first_seen': 1778946119.1041687, 'last_seen': 1778946119.1051414, 'seen_count': 2, 'channels': [], 'avg_rssi': None}, 'b4:9a:18:26:2b:70': {'first_seen': 1778946119.4111433, 'last_seen': 1778946119.412029, 'seen_count': 2, 'channels': [], 'avg_rssi': None}, '74:cb:b9:28:d1:f0': {'first_seen': 1778946119.722152, 'last_seen': 1778946119.7231781, 'seen_count': 2, 'channels': [], 'avg_rssi': None}, 'de:ef:55:af:d3:bf': {'first_seen': 1778946120.0337238, 'last_seen': 1778946120.03469, 'seen_count': 2, 'channels': [], 'avg_rssi': None}, '2c:54:f6:b9:5c:98': {'first_seen': 1778946120.3421566, 'last_seen': 1778946120.3430846, 'seen_count': 2, 'channels': [], 'avg_rssi': None}, 'a1:6d:4a:9f:55:08': {'first_seen': 1778946120.6516309, 'last_seen': 1778946120.6528533, 'seen_count': 2, 'channels': [], 'avg_rssi': None}, '1b:89:56:e8:de:22': {'first_seen': 1778946120.9690788, 'last_seen': 1778946120.970117, 'seen_count': 2, 'channels': [], 'avg_rssi': None}, 'bd:d1:11:4a:fe:04': {'first_seen': 1778946121.2809756, 'last_seen': 1778946121.2820187, 'seen_count': 2, 'channels': [], 'avg_rssi': None}, '14:21:48:8b:6e:09': {'first_seen': 1778946121.5927052, 'last_seen': 1778946121.5937672, 'seen_count': 2, 'channels': [], 'avg_rssi': None}, '61:8e:ea:66:d9:ad': {'first_seen': 1778946121.9053304, 'last_seen': 1778946121.9061592, 'seen_count': 2, 'channels': [], 'avg_rssi': None}, 'ba:e0:08:ca:d8:47': {'first_seen': 1778946122.2152324, 'last_seen': 1778946122.2161827, 'seen_count': 2, 'channels': [], 'avg_rssi': None}, '3e:a9:34:f3:f8:a1': {'first_seen': 1778946122.5361989, 'last_seen': 1778946122.5373342, 'seen_count': 2, 'channels': [], 'avg_rssi': None}, 'd4:25:df:30:30:13': {'first_seen': 1778946122.84556, 'last_seen': 1778946122.8467076, 'seen_count': 2, 'channels': [], 'avg_rssi': None}, '34:9d:40:0f:05:a0': {'first_seen': 1778946123.1664925, 'last_seen': 1778946123.1675992, 'seen_count': 2, 'channels': [], 'avg_rssi': None}, 'ce:64:9c:9c:9a:d6': {'first_seen': 1778946123.4826615, 'last_seen': 1778946123.4838738, 'seen_count': 2, 'channels': [], 'avg_rssi': None}, '5f:64:84:b4:02:9f': {'first_seen': 1778946123.7972624, 'last_seen': 1778946123.7982588, 'seen_count': 2, 'channels': [], 'avg_rssi': None}, '3e:d5:da:6c:36:76': {'first_seen': 1778946124.1097314, 'last_seen': 1778946124.1109142, 'seen_count': 2, 'channels': [], 'avg_rssi': None}, '7c:eb:9b:fc:dd:8a': {'first_seen': 1778946124.4196858, 'last_seen': 1778946124.4205391, 'seen_count': 2, 'channels': [], 'avg_rssi': None}, 'e2:b3:a3:49:51:2c': {'first_seen': 1778946124.7333858, 'last_seen': 1778946124.7345572, 'seen_count': 2, 'channels': [], 'avg_rssi': None}, '72:42:7f:67:e6:c1': {'first_seen': 1778946125.0523329, 'last_seen': 1778946125.0534494, 'seen_count': 2, 'channels': [], 'avg_rssi': None}, '83:12:c6:3e:a8:b5': {'first_seen': 1778946125.3640203, 'last_seen': 1778946125.364963, 'seen_count': 2, 'channels': [], 'avg_rssi': None}, 'f8:3a:26:c3:bb:c6': {'first_seen': 1778946125.6737921, 'last_seen': 1778946125.6748548, 'seen_count': 2, 'channels': [], 'avg_rssi': None}, '16:ce:8f:34:95:d2': {'first_seen': 1778946125.9854624, 'last_seen': 1778946125.9866793, 'seen_count': 2, 'channels': [], 'avg_rssi': None}, '8e:d1:9f:93:bf:4c': {'first_seen': 1778946126.302148, 'last_seen': 1778946126.3031352, 'seen_count': 2, 'channels': [], 'avg_rssi': None}, '91:56:cd:91:9c:5d': {'first_seen': 1778946126.6190786, 'last_seen': 1778946126.6200273, 'seen_count': 2, 'channels': [], 'avg_rssi': None}, 'ad:d4:a5:b4:a7:ac': {'first_seen': 1778946126.9300683, 'last_seen': 1778946126.9311776, 'seen_count': 2, 'channels': [], 'avg_rssi': None}, 'a9:17:08:1b:98:19': {'first_seen': 1778946127.2456517, 'last_seen': 1778946127.2468119, 'seen_count': 2, 'channels': [], 'avg_rssi': None}, 'b4:95:81:38:89:49': {'first_seen': 1778946127.564807, 'last_seen': 1778946127.5658405, 'seen_count': 2, 'channels': [], 'avg_rssi': None}, 'c8:5c:45:4e:16:72': {'first_seen': 1778946127.8705664, 'last_seen': 1778946127.8715928, 'seen_count': 2, 'channels': [], 'avg_rssi': None}, 'e5:4d:3d:a3:87:cc': {'first_seen': 1778946128.1895745, 'last_seen': 1778946128.1904852, 'seen_count': 2, 'channels': [], 'avg_rssi': None}, 'c6:b2:c1:e5:97:82': {'first_seen': 1778946128.4956002, 'last_seen': 1778946128.496507, 'seen_count': 2, 'channels': [], 'avg_rssi': None}, '3b:20:1f:df:e8:9f': {'first_seen': 1778946128.8106594, 'last_seen': 1778946128.8115163, 'seen_count': 2, 'channels': [], 'avg_rssi': None}, '0e:3d:05:7f:84:41': {'first_seen': 1778946129.1199262, 'last_seen': 1778946129.1209066, 'seen_count': 2, 'channels': [], 'avg_rssi': None}, '8e:a1:6e:47:eb:07': {'first_seen': 1778946129.432698, 'last_seen': 1778946129.4338017, 'seen_count': 2, 'channels': [], 'avg_rssi': None}, 'fb:70:dc:4a:5b:3c': {'first_seen': 1778946129.7395637, 'last_seen': 1778946129.7405648, 'seen_count': 2, 'channels': [], 'avg_rssi': None}, 'af:3e:08:54:a3:6d': {'first_seen': 1778946130.060988, 'last_seen': 1778946130.062091, 'seen_count': 2, 'channels': [], 'avg_rssi': None}, '92:85:3e:c3:a2:84': {'first_seen': 1778946130.3784297, 'last_seen': 1778946130.3796203, 'seen_count': 2, 'channels': [], 'avg_rssi': None}, '40:0f:13:23:e9:6d': {'first_seen': 1778946130.6907814, 'last_seen': 1778946130.6919978, 'seen_count': 2, 'channels': [], 'avg_rssi': None}, 'ea:a2:af:2e:55:72': {'first_seen': 1778946131.001265, 'last_seen': 1778946131.0023968, 'seen_count': 2, 'channels': [], 'avg_rssi': None}, '94:92:78:f8:34:df': {'first_seen': 1778946131.3119593, 'last_seen': 1778946131.3135228, 'seen_count': 2, 'channels': [], 'avg_rssi': None}, '3c:e4:81:aa:4d:ac': {'first_seen': 1778946131.6243207, 'last_seen': 1778946131.625544, 'seen_count': 2, 'channels': [], 'avg_rssi': None}, '30:12:72:3b:4f:c2': {'first_seen': 1778946131.930868, 'last_seen': 1778946131.9323077, 'seen_count': 2, 'channels': [], 'avg_rssi': None}, 'b2:3f:6c:50:c3:46': {'first_seen': 1778946132.2491903, 'last_seen': 1778946132.25032, 'seen_count': 2, 'channels': [], 'avg_rssi': None}, 'd3:52:87:ce:de:2f': {'first_seen': 1778946132.5577257, 'last_seen': 1778946132.5587173, 'seen_count': 2, 'channels': [], 'avg_rssi': None}, 'f5:b3:63:b5:fd:9c': {'first_seen': 1778946132.8708668, 'last_seen': 1778946132.8718517, 'seen_count': 2, 'channels': [], 'avg_rssi': None}, 'e7:f5:4e:b1:91:1e': {'first_seen': 1778946133.1819394, 'last_seen': 1778946133.182993, 'seen_count': 2, 'channels': [], 'avg_rssi': None}, '29:b5:ec:a1:aa:71': {'first_seen': 1778946133.496803, 'last_seen': 1778946133.4977684, 'seen_count': 2, 'channels': [], 'avg_rssi': None}, '20:d0:93:90:00:e5': {'first_seen': 1778946133.8090084, 'last_seen': 1778946133.8101594, 'seen_count': 2, 'channels': [], 'avg_rssi': None}, 'e5:5c:3f:67:a2:18': {'first_seen': 1778946134.125443, 'last_seen': 1778946134.1262932, 'seen_count': 2, 'channels': [], 'avg_rssi': None}, 'd5:af:d1:a5:74:d0': {'first_seen': 1778946134.4349494, 'last_seen': 1778946134.4360588, 'seen_count': 2, 'channels': [], 'avg_rssi': None}, 'ec:0c:1a:41:c4:0b': {'first_seen': 1778946134.7571282, 'last_seen': 1778946134.7583268, 'seen_count': 2, 'channels': [], 'avg_rssi': None}, '93:d7:12:03:6b:6b': {'first_seen': 1778946135.0706725, 'last_seen': 1778946135.0718443, 'seen_count': 2, 'channels': [], 'avg_rssi': None}, '88:7c:e8:79:ec:a7': {'first_seen': 1778946135.3792136, 'last_seen': 1778946135.3803575, 'seen_count': 2, 'channels': [], 'avg_rssi': None}, 'f4:c0:58:ab:60:26': {'first_seen': 1778946135.6943734, 'last_seen': 1778946135.6952512, 'seen_count': 2, 'channels': [], 'avg_rssi': None}, '5b:86:01:a5:60:0f': {'first_seen': 1778946136.0070596, 'last_seen': 1778946136.0082667, 'seen_count': 2, 'channels': [], 'avg_rssi': None}, 'fc:e4:ca:12:4b:b5': {'first_seen': 1778946136.3243697, 'last_seen': 1778946136.3252807, 'seen_count': 2, 'channels': [], 'avg_rssi': None}, '2f:1c:5f:7d:97:55': {'first_seen': 1778946136.6326475, 'last_seen': 1778946136.633556, 'seen_count': 2, 'channels': [], 'avg_rssi': None}, 'bd:a1:8b:e8:77:b6': {'first_seen': 1778946136.9450955, 'last_seen': 1778946136.9460642, 'seen_count': 2, 'channels': [], 'avg_rssi': None}, '3d:c1:67:dd:bd:37': {'first_seen': 1778946137.2559466, 'last_seen': 1778946137.2568285, 'seen_count': 2, 'channels': [], 'avg_rssi': None}, '05:b1:d0:51:f4:0d': {'first_seen': 1778946137.5684152, 'last_seen': 1778946137.5684152, 'seen_count': 1, 'channels': [], 'avg_rssi': None}, '0a:6e:77:63:b8:2c': {'first_seen': 1778946137.8714335, 'last_seen': 1778946137.8714335, 'seen_count': 1, 'channels': [], 'avg_rssi': None}}}
!!!!!!!!!!!!!!!!!!!!!!!!!!!!!!!!!!!!!!!!!!!!!!!!!!!!!!!!!!!!!!!!!!!!!!!!!!!!!!!!


!!!!!!!!!!!!!!!!!!!!!!!!!!!!!!!!!!!!!!!!!!!!!!!!!!!!!!!!!!!!!!!!!!!!!!!!!!!!!!!!
[ALERT] ALERT-000044 | POTENTIAL_EVIL_TWIN
severity: LOW
time: 2026-05-16T15:42:17.881529
message: Wykryto potencjalny Evil Twin / Rogue AP dla SSID 'TestNet_008'. Zaobserwowano 99 różnych BSSID oraz podejrzane różnice parametrów sieci.
evidence: {'ssid': 'TestNet_008', 'bssid_count': 99, 'bssids': ['7b:c4:c0:b5:78:9d', '8a:aa:9f:8d:66:fb', '15:ca:cc:a2:47:f8', '2a:7d:f2:4c:11:c7', 'c2:21:77:a5:f9:06', 'f5:c2:46:14:0e:43', 'ed:33:d3:63:51:c8', 'bd:08:a7:12:95:de', '75:4a:74:0d:06:92', '33:d0:9c:74:e5:a8', 'f7:93:c5:d4:33:49', 'c7:05:60:c7:36:69', '6b:23:96:7b:59:ae', '2e:18:79:ca:9b:cd', '63:17:1e:9d:8d:b2', '17:74:a4:af:1a:81', 'ef:3a:c8:05:5f:23', '30:fa:2e:2c:fd:f6', 'a8:4f:e6:ee:18:56', 'f4:9c:53:e8:37:e7', '92:b1:02:e4:1c:1e', 'a1:7f:e9:fb:ec:b1', '39:33:4e:3b:2a:fc', '47:a2:19:53:3d:ab', '15:f9:d8:32:1c:ad', 'd7:eb:a7:34:2a:d2', '40:67:bb:28:57:9a', '0b:02:29:3a:1c:2b', 'de:36:56:3b:9c:ee', '2e:c8:9f:0d:da:8f', '5e:80:ab:a2:cd:7b', 'fe:c2:cc:74:63:14', 'b1:ab:93:99:45:3c', '45:d4:36:0f:fb:82', 'd1:c6:ef:5a:64:4a', '30:5a:76:bc:aa:30', '05:a6:b5:2b:27:b6', '6e:00:ba:59:f1:7c', 'a7:f1:17:93:f4:9d', '8d:1d:0a:d5:28:8c', '64:92:71:d3:16:07', 'a8:05:b9:be:53:d1', '66:ca:c0:eb:11:49', 'c9:40:1d:a6:0e:5d', 'aa:c5:5a:55:1f:9f', 'f3:51:33:dc:6c:82', '4b:c8:a3:86:3b:59', 'd6:a6:4b:d8:aa:8a', 'f3:42:fe:2a:3d:f7', 'ea:28:e5:34:bf:b7', 'ae:1a:1d:08:d6:3e', '61:e3:68:68:ff:2a', '60:ae:15:29:eb:ad', 'a9:bd:61:8f:17:4f', '08:9a:a9:49:10:c9', '8b:98:49:2b:0c:28', '92:7c:af:da:d2:43', '50:82:5c:61:71:a3', 'f1:6f:59:89:e8:ef', 'f5:d3:05:e1:f3:88', 'aa:91:a7:e7:7e:5e', 'bb:55:5a:1f:61:b1', '2e:1a:d9:09:d5:f5', '76:d7:f2:2a:10:0d', '21:da:13:97:e8:e8', '30:a7:57:2b:3b:76', '48:f5:54:ae:94:95', '2a:55:0f:55:b9:45', 'e2:66:8d:94:91:5c', 'de:a7:44:44:79:fa', '6a:ab:04:17:7c:c9', 'b1:a1:46:c6:da:fb', 'eb:28:9f:4a:5e:6c', 'e5:54:c9:89:47:62', '14:2c:52:4f:52:85', '54:92:37:f2:cf:7f', '1c:15:33:e0:04:f1', 'da:78:54:1a:c2:2f', '31:13:30:e2:98:4c', '0e:5c:d8:b0:0c:d7', '38:eb:bf:4b:a9:ab', '11:8c:38:73:33:0b', '9a:56:42:ac:1d:1b', '89:33:af:99:9c:ee', '42:90:84:43:cf:7c', '22:d4:7e:c5:f1:a1', '6e:f6:43:1f:60:9b', '34:c5:23:aa:2c:5b', '53:83:1e:f8:9d:4b', 'b8:5c:7f:d3:98:ee', 'f3:96:5a:4c:f8:4c', '75:e8:66:e0:22:92', 'ac:b5:00:87:c4:4b', '9d:a4:70:74:b4:ed', 'ca:2a:c6:7d:b2:28', 'eb:d9:e9:e0:63:20', 'eb:51:8b:76:48:33', '64:97:48:bf:18:03', '3b:41:73:09:e8:fc'], 'triggered_reasons': ['same_ssid_multiple_bssid'], 'observations': {'7b:c4:c0:b5:78:9d': {'first_seen': 1778946107.3121972, 'last_seen': 1778946107.3131683, 'seen_count': 2, 'channels': [], 'avg_rssi': None}, '8a:aa:9f:8d:66:fb': {'first_seen': 1778946107.6185226, 'last_seen': 1778946107.6195471, 'seen_count': 2, 'channels': [], 'avg_rssi': None}, '15:ca:cc:a2:47:f8': {'first_seen': 1778946107.930891, 'last_seen': 1778946107.9318123, 'seen_count': 2, 'channels': [], 'avg_rssi': None}, '2a:7d:f2:4c:11:c7': {'first_seen': 1778946108.241894, 'last_seen': 1778946108.2431018, 'seen_count': 2, 'channels': [], 'avg_rssi': None}, 'c2:21:77:a5:f9:06': {'first_seen': 1778946108.5529141, 'last_seen': 1778946108.5538402, 'seen_count': 2, 'channels': [], 'avg_rssi': None}, 'f5:c2:46:14:0e:43': {'first_seen': 1778946108.861021, 'last_seen': 1778946108.8619895, 'seen_count': 2, 'channels': [], 'avg_rssi': None}, 'ed:33:d3:63:51:c8': {'first_seen': 1778946109.1713986, 'last_seen': 1778946109.1723814, 'seen_count': 2, 'channels': [], 'avg_rssi': None}, 'bd:08:a7:12:95:de': {'first_seen': 1778946109.4810104, 'last_seen': 1778946109.4821486, 'seen_count': 2, 'channels': [], 'avg_rssi': None}, '75:4a:74:0d:06:92': {'first_seen': 1778946109.7896, 'last_seen': 1778946109.790673, 'seen_count': 2, 'channels': [], 'avg_rssi': None}, '33:d0:9c:74:e5:a8': {'first_seen': 1778946110.0983498, 'last_seen': 1778946110.0993018, 'seen_count': 2, 'channels': [], 'avg_rssi': None}, 'f7:93:c5:d4:33:49': {'first_seen': 1778946110.4065464, 'last_seen': 1778946110.4076955, 'seen_count': 2, 'channels': [], 'avg_rssi': None}, 'c7:05:60:c7:36:69': {'first_seen': 1778946110.7184155, 'last_seen': 1778946110.719332, 'seen_count': 2, 'channels': [], 'avg_rssi': None}, '6b:23:96:7b:59:ae': {'first_seen': 1778946111.0272973, 'last_seen': 1778946111.0284803, 'seen_count': 2, 'channels': [], 'avg_rssi': None}, '2e:18:79:ca:9b:cd': {'first_seen': 1778946111.3354492, 'last_seen': 1778946111.3366113, 'seen_count': 2, 'channels': [], 'avg_rssi': None}, '63:17:1e:9d:8d:b2': {'first_seen': 1778946111.6443596, 'last_seen': 1778946111.645511, 'seen_count': 2, 'channels': [], 'avg_rssi': None}, '17:74:a4:af:1a:81': {'first_seen': 1778946111.9536524, 'last_seen': 1778946111.9545186, 'seen_count': 2, 'channels': [], 'avg_rssi': None}, 'ef:3a:c8:05:5f:23': {'first_seen': 1778946112.2616367, 'last_seen': 1778946112.262792, 'seen_count': 2, 'channels': [], 'avg_rssi': None}, '30:fa:2e:2c:fd:f6': {'first_seen': 1778946112.5762672, 'last_seen': 1778946112.577426, 'seen_count': 2, 'channels': [], 'avg_rssi': None}, 'a8:4f:e6:ee:18:56': {'first_seen': 1778946112.8855329, 'last_seen': 1778946112.8865688, 'seen_count': 2, 'channels': [], 'avg_rssi': None}, 'f4:9c:53:e8:37:e7': {'first_seen': 1778946113.2026896, 'last_seen': 1778946113.2040825, 'seen_count': 2, 'channels': [], 'avg_rssi': None}, '92:b1:02:e4:1c:1e': {'first_seen': 1778946113.517022, 'last_seen': 1778946113.518099, 'seen_count': 2, 'channels': [], 'avg_rssi': None}, 'a1:7f:e9:fb:ec:b1': {'first_seen': 1778946113.8289115, 'last_seen': 1778946113.829741, 'seen_count': 2, 'channels': [], 'avg_rssi': None}, '39:33:4e:3b:2a:fc': {'first_seen': 1778946114.1367526, 'last_seen': 1778946114.1376374, 'seen_count': 2, 'channels': [], 'avg_rssi': None}, '47:a2:19:53:3d:ab': {'first_seen': 1778946114.4466834, 'last_seen': 1778946114.4476478, 'seen_count': 2, 'channels': [], 'avg_rssi': None}, '15:f9:d8:32:1c:ad': {'first_seen': 1778946114.7528062, 'last_seen': 1778946114.7539215, 'seen_count': 2, 'channels': [], 'avg_rssi': None}, 'd7:eb:a7:34:2a:d2': {'first_seen': 1778946115.0674958, 'last_seen': 1778946115.0685546, 'seen_count': 2, 'channels': [], 'avg_rssi': None}, '40:67:bb:28:57:9a': {'first_seen': 1778946115.3820195, 'last_seen': 1778946115.3831966, 'seen_count': 2, 'channels': [], 'avg_rssi': None}, '0b:02:29:3a:1c:2b': {'first_seen': 1778946115.6894548, 'last_seen': 1778946115.690343, 'seen_count': 2, 'channels': [], 'avg_rssi': None}, 'de:36:56:3b:9c:ee': {'first_seen': 1778946115.997143, 'last_seen': 1778946115.998113, 'seen_count': 2, 'channels': [], 'avg_rssi': None}, '2e:c8:9f:0d:da:8f': {'first_seen': 1778946116.30525, 'last_seen': 1778946116.3063784, 'seen_count': 2, 'channels': [], 'avg_rssi': None}, '5e:80:ab:a2:cd:7b': {'first_seen': 1778946116.6148853, 'last_seen': 1778946116.6160274, 'seen_count': 2, 'channels': [], 'avg_rssi': None}, 'fe:c2:cc:74:63:14': {'first_seen': 1778946116.92684, 'last_seen': 1778946116.9277837, 'seen_count': 2, 'channels': [], 'avg_rssi': None}, 'b1:ab:93:99:45:3c': {'first_seen': 1778946117.240869, 'last_seen': 1778946117.2419183, 'seen_count': 2, 'channels': [], 'avg_rssi': None}, '45:d4:36:0f:fb:82': {'first_seen': 1778946117.5497084, 'last_seen': 1778946117.5508149, 'seen_count': 2, 'channels': [], 'avg_rssi': None}, 'd1:c6:ef:5a:64:4a': {'first_seen': 1778946117.8622038, 'last_seen': 1778946117.8633242, 'seen_count': 2, 'channels': [], 'avg_rssi': None}, '30:5a:76:bc:aa:30': {'first_seen': 1778946118.171529, 'last_seen': 1778946118.172465, 'seen_count': 2, 'channels': [], 'avg_rssi': None}, '05:a6:b5:2b:27:b6': {'first_seen': 1778946118.486703, 'last_seen': 1778946118.4876068, 'seen_count': 2, 'channels': [], 'avg_rssi': None}, '6e:00:ba:59:f1:7c': {'first_seen': 1778946118.7988782, 'last_seen': 1778946118.7997472, 'seen_count': 2, 'channels': [], 'avg_rssi': None}, 'a7:f1:17:93:f4:9d': {'first_seen': 1778946119.1142778, 'last_seen': 1778946119.115389, 'seen_count': 2, 'channels': [], 'avg_rssi': None}, '8d:1d:0a:d5:28:8c': {'first_seen': 1778946119.42126, 'last_seen': 1778946119.4221632, 'seen_count': 2, 'channels': [], 'avg_rssi': None}, '64:92:71:d3:16:07': {'first_seen': 1778946119.732301, 'last_seen': 1778946119.7334204, 'seen_count': 2, 'channels': [], 'avg_rssi': None}, 'a8:05:b9:be:53:d1': {'first_seen': 1778946120.0438159, 'last_seen': 1778946120.0449371, 'seen_count': 2, 'channels': [], 'avg_rssi': None}, '66:ca:c0:eb:11:49': {'first_seen': 1778946120.3522708, 'last_seen': 1778946120.3532095, 'seen_count': 2, 'channels': [], 'avg_rssi': None}, 'c9:40:1d:a6:0e:5d': {'first_seen': 1778946120.6636264, 'last_seen': 1778946120.664598, 'seen_count': 2, 'channels': [], 'avg_rssi': None}, 'aa:c5:5a:55:1f:9f': {'first_seen': 1778946120.9826562, 'last_seen': 1778946120.9836109, 'seen_count': 2, 'channels': [], 'avg_rssi': None}, 'f3:51:33:dc:6c:82': {'first_seen': 1778946121.2910743, 'last_seen': 1778946121.2921286, 'seen_count': 2, 'channels': [], 'avg_rssi': None}, '4b:c8:a3:86:3b:59': {'first_seen': 1778946121.6028502, 'last_seen': 1778946121.6040266, 'seen_count': 2, 'channels': [], 'avg_rssi': None}, 'd6:a6:4b:d8:aa:8a': {'first_seen': 1778946121.915428, 'last_seen': 1778946121.9167864, 'seen_count': 2, 'channels': [], 'avg_rssi': None}, 'f3:42:fe:2a:3d:f7': {'first_seen': 1778946122.225321, 'last_seen': 1778946122.2263002, 'seen_count': 2, 'channels': [], 'avg_rssi': None}, 'ea:28:e5:34:bf:b7': {'first_seen': 1778946122.5462985, 'last_seen': 1778946122.5474417, 'seen_count': 2, 'channels': [], 'avg_rssi': None}, 'ae:1a:1d:08:d6:3e': {'first_seen': 1778946122.855651, 'last_seen': 1778946122.8572097, 'seen_count': 2, 'channels': [], 'avg_rssi': None}, '61:e3:68:68:ff:2a': {'first_seen': 1778946123.176611, 'last_seen': 1778946123.1777322, 'seen_count': 2, 'channels': [], 'avg_rssi': None}, '60:ae:15:29:eb:ad': {'first_seen': 1778946123.4927611, 'last_seen': 1778946123.493864, 'seen_count': 2, 'channels': [], 'avg_rssi': None}, 'a9:bd:61:8f:17:4f': {'first_seen': 1778946123.8073597, 'last_seen': 1778946123.8082576, 'seen_count': 2, 'channels': [], 'avg_rssi': None}, '08:9a:a9:49:10:c9': {'first_seen': 1778946124.1198435, 'last_seen': 1778946124.120774, 'seen_count': 2, 'channels': [], 'avg_rssi': None}, '8b:98:49:2b:0c:28': {'first_seen': 1778946124.4297826, 'last_seen': 1778946124.430915, 'seen_count': 2, 'channels': [], 'avg_rssi': None}, '92:7c:af:da:d2:43': {'first_seen': 1778946124.7466717, 'last_seen': 1778946124.7478063, 'seen_count': 2, 'channels': [], 'avg_rssi': None}, '50:82:5c:61:71:a3': {'first_seen': 1778946125.0624244, 'last_seen': 1778946125.063574, 'seen_count': 2, 'channels': [], 'avg_rssi': None}, 'f1:6f:59:89:e8:ef': {'first_seen': 1778946125.3741117, 'last_seen': 1778946125.3750887, 'seen_count': 2, 'channels': [], 'avg_rssi': None}, 'f5:d3:05:e1:f3:88': {'first_seen': 1778946125.6839197, 'last_seen': 1778946125.6848612, 'seen_count': 2, 'channels': [], 'avg_rssi': None}, 'aa:91:a7:e7:7e:5e': {'first_seen': 1778946125.9955728, 'last_seen': 1778946125.996503, 'seen_count': 2, 'channels': [], 'avg_rssi': None}, 'bb:55:5a:1f:61:b1': {'first_seen': 1778946126.3122425, 'last_seen': 1778946126.313136, 'seen_count': 2, 'channels': [], 'avg_rssi': None}, '2e:1a:d9:09:d5:f5': {'first_seen': 1778946126.629217, 'last_seen': 1778946126.6301606, 'seen_count': 2, 'channels': [], 'avg_rssi': None}, '76:d7:f2:2a:10:0d': {'first_seen': 1778946126.9432313, 'last_seen': 1778946126.944182, 'seen_count': 2, 'channels': [], 'avg_rssi': None}, '21:da:13:97:e8:e8': {'first_seen': 1778946127.2557583, 'last_seen': 1778946127.2568104, 'seen_count': 2, 'channels': [], 'avg_rssi': None}, '30:a7:57:2b:3b:76': {'first_seen': 1778946127.5748963, 'last_seen': 1778946127.5758417, 'seen_count': 2, 'channels': [], 'avg_rssi': None}, '48:f5:54:ae:94:95': {'first_seen': 1778946127.8806694, 'last_seen': 1778946127.8817184, 'seen_count': 2, 'channels': [], 'avg_rssi': None}, '2a:55:0f:55:b9:45': {'first_seen': 1778946128.1996706, 'last_seen': 1778946128.2004843, 'seen_count': 2, 'channels': [], 'avg_rssi': None}, 'e2:66:8d:94:91:5c': {'first_seen': 1778946128.5057142, 'last_seen': 1778946128.507632, 'seen_count': 2, 'channels': [], 'avg_rssi': None}, 'de:a7:44:44:79:fa': {'first_seen': 1778946128.8207543, 'last_seen': 1778946128.8217661, 'seen_count': 2, 'channels': [], 'avg_rssi': None}, '6a:ab:04:17:7c:c9': {'first_seen': 1778946129.1300333, 'last_seen': 1778946129.1311584, 'seen_count': 2, 'channels': [], 'avg_rssi': None}, 'b1:a1:46:c6:da:fb': {'first_seen': 1778946129.4427965, 'last_seen': 1778946129.443925, 'seen_count': 2, 'channels': [], 'avg_rssi': None}, 'eb:28:9f:4a:5e:6c': {'first_seen': 1778946129.7498548, 'last_seen': 1778946129.750697, 'seen_count': 2, 'channels': [], 'avg_rssi': None}, 'e5:54:c9:89:47:62': {'first_seen': 1778946130.073798, 'last_seen': 1778946130.0748343, 'seen_count': 2, 'channels': [], 'avg_rssi': None}, '14:2c:52:4f:52:85': {'first_seen': 1778946130.3885422, 'last_seen': 1778946130.3895998, 'seen_count': 2, 'channels': [], 'avg_rssi': None}, '54:92:37:f2:cf:7f': {'first_seen': 1778946130.700891, 'last_seen': 1778946130.7021239, 'seen_count': 2, 'channels': [], 'avg_rssi': None}, '1c:15:33:e0:04:f1': {'first_seen': 1778946131.0146787, 'last_seen': 1778946131.0155113, 'seen_count': 2, 'channels': [], 'avg_rssi': None}, 'da:78:54:1a:c2:2f': {'first_seen': 1778946131.3222127, 'last_seen': 1778946131.3231468, 'seen_count': 2, 'channels': [], 'avg_rssi': None}, '31:13:30:e2:98:4c': {'first_seen': 1778946131.6346805, 'last_seen': 1778946131.63567, 'seen_count': 2, 'channels': [], 'avg_rssi': None}, '0e:5c:d8:b0:0c:d7': {'first_seen': 1778946131.9409823, 'last_seen': 1778946131.9420543, 'seen_count': 2, 'channels': [], 'avg_rssi': None}, '38:eb:bf:4b:a9:ab': {'first_seen': 1778946132.2593062, 'last_seen': 1778946132.2602043, 'seen_count': 2, 'channels': [], 'avg_rssi': None}, '11:8c:38:73:33:0b': {'first_seen': 1778946132.568108, 'last_seen': 1778946132.569345, 'seen_count': 2, 'channels': [], 'avg_rssi': None}, '9a:56:42:ac:1d:1b': {'first_seen': 1778946132.8811047, 'last_seen': 1778946132.8821015, 'seen_count': 2, 'channels': [], 'avg_rssi': None}, '89:33:af:99:9c:ee': {'first_seen': 1778946133.192049, 'last_seen': 1778946133.1931195, 'seen_count': 2, 'channels': [], 'avg_rssi': None}, '42:90:84:43:cf:7c': {'first_seen': 1778946133.5069065, 'last_seen': 1778946133.5080192, 'seen_count': 2, 'channels': [], 'avg_rssi': None}, '22:d4:7e:c5:f1:a1': {'first_seen': 1778946133.8190966, 'last_seen': 1778946133.8201597, 'seen_count': 2, 'channels': [], 'avg_rssi': None}, '6e:f6:43:1f:60:9b': {'first_seen': 1778946134.1355667, 'last_seen': 1778946134.1389263, 'seen_count': 2, 'channels': [], 'avg_rssi': None}, '34:c5:23:aa:2c:5b': {'first_seen': 1778946134.4450731, 'last_seen': 1778946134.4459395, 'seen_count': 2, 'channels': [], 'avg_rssi': None}, '53:83:1e:f8:9d:4b': {'first_seen': 1778946134.7672226, 'last_seen': 1778946134.7683256, 'seen_count': 2, 'channels': [], 'avg_rssi': None}, 'b8:5c:7f:d3:98:ee': {'first_seen': 1778946135.0807817, 'last_seen': 1778946135.0818422, 'seen_count': 2, 'channels': [], 'avg_rssi': None}, 'f3:96:5a:4c:f8:4c': {'first_seen': 1778946135.3893437, 'last_seen': 1778946135.3902392, 'seen_count': 2, 'channels': [], 'avg_rssi': None}, '75:e8:66:e0:22:92': {'first_seen': 1778946135.7044637, 'last_seen': 1778946135.705507, 'seen_count': 2, 'channels': [], 'avg_rssi': None}, 'ac:b5:00:87:c4:4b': {'first_seen': 1778946136.0171642, 'last_seen': 1778946136.0183978, 'seen_count': 2, 'channels': [], 'avg_rssi': None}, '9d:a4:70:74:b4:ed': {'first_seen': 1778946136.334466, 'last_seen': 1778946136.3355336, 'seen_count': 2, 'channels': [], 'avg_rssi': None}, 'ca:2a:c6:7d:b2:28': {'first_seen': 1778946136.6427398, 'last_seen': 1778946136.6437976, 'seen_count': 2, 'channels': [], 'avg_rssi': None}, 'eb:d9:e9:e0:63:20': {'first_seen': 1778946136.9551966, 'last_seen': 1778946136.9563143, 'seen_count': 2, 'channels': [], 'avg_rssi': None}, 'eb:51:8b:76:48:33': {'first_seen': 1778946137.2660491, 'last_seen': 1778946137.2670777, 'seen_count': 2, 'channels': [], 'avg_rssi': None}, '64:97:48:bf:18:03': {'first_seen': 1778946137.5785213, 'last_seen': 1778946137.5799694, 'seen_count': 2, 'channels': [], 'avg_rssi': None}, '3b:41:73:09:e8:fc': {'first_seen': 1778946137.8815293, 'last_seen': 1778946137.8815293, 'seen_count': 1, 'channels': [], 'avg_rssi': None}}}
!!!!!!!!!!!!!!!!!!!!!!!!!!!!!!!!!!!!!!!!!!!!!!!!!!!!!!!!!!!!!!!!!!!!!!!!!!!!!!!!


!!!!!!!!!!!!!!!!!!!!!!!!!!!!!!!!!!!!!!!!!!!!!!!!!!!!!!!!!!!!!!!!!!!!!!!!!!!!!!!!
[ALERT] ALERT-000045 | POTENTIAL_EVIL_TWIN
severity: LOW
time: 2026-05-16T15:42:17.891629
message: Wykryto potencjalny Evil Twin / Rogue AP dla SSID 'TestNet_009'. Zaobserwowano 99 różnych BSSID oraz podejrzane różnice parametrów sieci.
evidence: {'ssid': 'TestNet_009', 'bssid_count': 99, 'bssids': ['3f:b4:8d:8c:ee:42', 'ab:26:e4:15:31:e1', '0d:3c:e9:80:97:2d', '6f:17:a3:5b:b7:50', '2d:e1:bd:ca:1a:9e', '7a:6e:5a:1d:f5:4e', 'a6:b3:88:e8:f9:2d', 'f4:0b:53:50:b5:95', '46:0b:ba:46:90:96', '78:0d:a4:b9:3b:2b', '99:4c:f9:6e:4c:9f', '7b:fd:b6:12:82:50', 'c7:b0:f8:fb:b7:dc', 'e3:32:f1:bf:99:04', '1a:ab:04:9e:77:ee', 'ab:c5:7f:c7:d3:72', 'a9:46:f1:60:f3:07', '10:15:fb:0d:77:1a', 'a8:7a:dc:7b:b1:5b', 'b9:6d:b4:e4:ed:f7', '11:9b:95:e4:77:d9', '02:ec:aa:a7:61:ba', '76:26:cb:3d:cd:40', '42:7b:24:92:b1:45', 'da:9e:6b:a9:4b:e1', '69:84:20:f0:bd:83', 'cf:07:e7:55:1c:d0', 'f6:b9:c7:08:50:5a', '0b:e3:9c:be:29:44', 'e5:6f:45:ad:f4:0c', '0c:19:b0:ce:be:a6', '4f:af:de:39:60:9e', '49:18:a2:d5:9e:4e', '63:49:a2:70:e2:fc', '2a:d0:3a:1f:5d:73', 'cd:60:02:78:1d:c8', '03:9c:f9:f1:11:ed', 'ba:e0:96:6e:a2:cd', '54:69:05:e7:e6:d7', '2e:5b:e3:1f:d5:bf', 'a7:38:4f:8a:28:9f', '86:9d:b2:cd:5c:ed', '39:24:19:96:28:46', '08:9f:93:8b:35:b8', '6b:76:6d:6f:ad:20', '14:69:14:fc:a2:05', '18:ad:34:61:70:98', '56:5c:0d:2a:22:74', '4e:1d:cb:b0:86:6f', '02:bd:c4:7a:fc:1f', '54:34:e0:ea:01:86', '3a:02:0f:81:4d:51', '1a:6c:d2:84:b1:51', '86:4c:4f:f8:8c:f1', '7f:04:ce:d7:87:4f', '50:76:6e:f8:fc:08', '1c:9d:15:4e:33:a0', '27:16:e0:61:34:7d', '5f:1f:9f:fa:27:9d', '7f:61:c8:bc:b3:32', '58:37:1e:14:cb:1d', '41:e9:4f:e6:2e:42', '59:d0:c3:26:7a:b7', 'eb:76:f3:ce:e5:8a', '22:fb:54:40:94:4e', '4c:ff:6a:ec:d5:8c', 'c5:a1:f8:40:3b:dd', 'c1:2b:cf:b6:09:f4', '42:5f:a4:3e:18:27', 'ff:4f:35:72:46:f5', 'ee:e1:32:7a:34:ab', '44:c2:1b:c1:63:2f', 'd2:02:1c:73:73:4a', 'cd:48:26:32:8f:63', '2b:08:09:d2:3a:9b', '8c:67:64:42:a1:42', '72:7e:59:dd:e8:a3', 'd1:40:e5:63:44:fb', '1e:74:52:5f:03:87', '27:79:82:5a:74:a1', '9d:e7:fa:dd:07:99', 'fb:a3:6a:3a:07:81', '54:f7:df:06:5d:7c', 'db:a9:7d:bb:6f:f5', 'c3:93:75:81:60:2d', 'cc:9e:66:ce:27:21', '6d:5d:c9:a0:9a:f4', '85:7b:d6:42:13:df', 'a0:00:b6:33:6b:f9', '62:15:e6:8b:e3:1c', '6d:22:fb:54:34:69', '59:ef:28:c1:1c:78', 'eb:0d:d8:28:00:49', '3f:e3:6c:5c:aa:17', '69:81:eb:40:5f:43', '96:63:67:64:04:27', '79:71:30:7a:a3:24', '50:db:9f:af:89:2c', '65:67:bb:a3:25:9b'], 'triggered_reasons': ['same_ssid_multiple_bssid'], 'observations': {'3f:b4:8d:8c:ee:42': {'first_seen': 1778946107.3222923, 'last_seen': 1778946107.3232832, 'seen_count': 2, 'channels': [], 'avg_rssi': None}, 'ab:26:e4:15:31:e1': {'first_seen': 1778946107.6286314, 'last_seen': 1778946107.6297934, 'seen_count': 2, 'channels': [], 'avg_rssi': None}, '0d:3c:e9:80:97:2d': {'first_seen': 1778946107.9409864, 'last_seen': 1778946107.9420593, 'seen_count': 2, 'channels': [], 'avg_rssi': None}, '6f:17:a3:5b:b7:50': {'first_seen': 1778946108.2520125, 'last_seen': 1778946108.25296, 'seen_count': 2, 'channels': [], 'avg_rssi': None}, '2d:e1:bd:ca:1a:9e': {'first_seen': 1778946108.563043, 'last_seen': 1778946108.5639749, 'seen_count': 2, 'channels': [], 'avg_rssi': None}, '7a:6e:5a:1d:f5:4e': {'first_seen': 1778946108.8711345, 'last_seen': 1778946108.8719933, 'seen_count': 2, 'channels': [], 'avg_rssi': None}, 'a6:b3:88:e8:f9:2d': {'first_seen': 1778946109.1815007, 'last_seen': 1778946109.1826696, 'seen_count': 2, 'channels': [], 'avg_rssi': None}, 'f4:0b:53:50:b5:95': {'first_seen': 1778946109.4911287, 'last_seen': 1778946109.4920151, 'seen_count': 2, 'channels': [], 'avg_rssi': None}, '46:0b:ba:46:90:96': {'first_seen': 1778946109.799714, 'last_seen': 1778946109.8006647, 'seen_count': 2, 'channels': [], 'avg_rssi': None}, '78:0d:a4:b9:3b:2b': {'first_seen': 1778946110.1084821, 'last_seen': 1778946110.1096857, 'seen_count': 2, 'channels': [], 'avg_rssi': None}, '99:4c:f9:6e:4c:9f': {'first_seen': 1778946110.4166656, 'last_seen': 1778946110.417821, 'seen_count': 2, 'channels': [], 'avg_rssi': None}, '7b:fd:b6:12:82:50': {'first_seen': 1778946110.7285209, 'last_seen': 1778946110.7297206, 'seen_count': 2, 'channels': [], 'avg_rssi': None}, 'c7:b0:f8:fb:b7:dc': {'first_seen': 1778946111.0374162, 'last_seen': 1778946111.0383484, 'seen_count': 2, 'channels': [], 'avg_rssi': None}, 'e3:32:f1:bf:99:04': {'first_seen': 1778946111.345552, 'last_seen': 1778946111.3464878, 'seen_count': 2, 'channels': [], 'avg_rssi': None}, '1a:ab:04:9e:77:ee': {'first_seen': 1778946111.6544542, 'last_seen': 1778946111.6553905, 'seen_count': 2, 'channels': [], 'avg_rssi': None}, 'ab:c5:7f:c7:d3:72': {'first_seen': 1778946111.9643865, 'last_seen': 1778946111.9652708, 'seen_count': 2, 'channels': [], 'avg_rssi': None}, 'a9:46:f1:60:f3:07': {'first_seen': 1778946112.271764, 'last_seen': 1778946112.272659, 'seen_count': 2, 'channels': [], 'avg_rssi': None}, '10:15:fb:0d:77:1a': {'first_seen': 1778946112.5866704, 'last_seen': 1778946112.5878017, 'seen_count': 2, 'channels': [], 'avg_rssi': None}, 'a8:7a:dc:7b:b1:5b': {'first_seen': 1778946112.895647, 'last_seen': 1778946112.8968189, 'seen_count': 2, 'channels': [], 'avg_rssi': None}, 'b9:6d:b4:e4:ed:f7': {'first_seen': 1778946113.2127905, 'last_seen': 1778946113.2139597, 'seen_count': 2, 'channels': [], 'avg_rssi': None}, '11:9b:95:e4:77:d9': {'first_seen': 1778946113.5271497, 'last_seen': 1778946113.5283573, 'seen_count': 2, 'channels': [], 'avg_rssi': None}, '02:ec:aa:a7:61:ba': {'first_seen': 1778946113.839025, 'last_seen': 1778946113.8402405, 'seen_count': 2, 'channels': [], 'avg_rssi': None}, '76:26:cb:3d:cd:40': {'first_seen': 1778946114.1468768, 'last_seen': 1778946114.1478887, 'seen_count': 2, 'channels': [], 'avg_rssi': None}, '42:7b:24:92:b1:45': {'first_seen': 1778946114.4586587, 'last_seen': 1778946114.4597738, 'seen_count': 2, 'channels': [], 'avg_rssi': None}, 'da:9e:6b:a9:4b:e1': {'first_seen': 1778946114.7629285, 'last_seen': 1778946114.7639213, 'seen_count': 2, 'channels': [], 'avg_rssi': None}, '69:84:20:f0:bd:83': {'first_seen': 1778946115.0776203, 'last_seen': 1778946115.0785632, 'seen_count': 2, 'channels': [], 'avg_rssi': None}, 'cf:07:e7:55:1c:d0': {'first_seen': 1778946115.392151, 'last_seen': 1778946115.393078, 'seen_count': 2, 'channels': [], 'avg_rssi': None}, 'f6:b9:c7:08:50:5a': {'first_seen': 1778946115.6995409, 'last_seen': 1778946115.7005877, 'seen_count': 2, 'channels': [], 'avg_rssi': None}, '0b:e3:9c:be:29:44': {'first_seen': 1778946116.0072358, 'last_seen': 1778946116.0081048, 'seen_count': 2, 'channels': [], 'avg_rssi': None}, 'e5:6f:45:ad:f4:0c': {'first_seen': 1778946116.3153522, 'last_seen': 1778946116.3163772, 'seen_count': 2, 'channels': [], 'avg_rssi': None}, '0c:19:b0:ce:be:a6': {'first_seen': 1778946116.6250658, 'last_seen': 1778946116.627263, 'seen_count': 2, 'channels': [], 'avg_rssi': None}, '4f:af:de:39:60:9e': {'first_seen': 1778946116.9369323, 'last_seen': 1778946116.938026, 'seen_count': 2, 'channels': [], 'avg_rssi': None}, '49:18:a2:d5:9e:4e': {'first_seen': 1778946117.2511754, 'last_seen': 1778946117.2522926, 'seen_count': 2, 'channels': [], 'avg_rssi': None}, '63:49:a2:70:e2:fc': {'first_seen': 1778946117.559803, 'last_seen': 1778946117.560684, 'seen_count': 2, 'channels': [], 'avg_rssi': None}, '2a:d0:3a:1f:5d:73': {'first_seen': 1778946117.8723052, 'last_seen': 1778946117.8734503, 'seen_count': 2, 'channels': [], 'avg_rssi': None}, 'cd:60:02:78:1d:c8': {'first_seen': 1778946118.1816287, 'last_seen': 1778946118.1824772, 'seen_count': 2, 'channels': [], 'avg_rssi': None}, '03:9c:f9:f1:11:ed': {'first_seen': 1778946118.4967973, 'last_seen': 1778946118.49786, 'seen_count': 2, 'channels': [], 'avg_rssi': None}, 'ba:e0:96:6e:a2:cd': {'first_seen': 1778946118.8090022, 'last_seen': 1778946118.8101301, 'seen_count': 2, 'channels': [], 'avg_rssi': None}, '54:69:05:e7:e6:d7': {'first_seen': 1778946119.124388, 'last_seen': 1778946119.125521, 'seen_count': 2, 'channels': [], 'avg_rssi': None}, '2e:5b:e3:1f:d5:bf': {'first_seen': 1778946119.431383, 'last_seen': 1778946119.432537, 'seen_count': 2, 'channels': [], 'avg_rssi': None}, 'a7:38:4f:8a:28:9f': {'first_seen': 1778946119.742395, 'last_seen': 1778946119.7434258, 'seen_count': 2, 'channels': [], 'avg_rssi': None}, '86:9d:b2:cd:5c:ed': {'first_seen': 1778946120.0556288, 'last_seen': 1778946120.0568166, 'seen_count': 2, 'channels': [], 'avg_rssi': None}, '39:24:19:96:28:46': {'first_seen': 1778946120.3623886, 'last_seen': 1778946120.363463, 'seen_count': 2, 'channels': [], 'avg_rssi': None}, '08:9f:93:8b:35:b8': {'first_seen': 1778946120.6737309, 'last_seen': 1778946120.6748593, 'seen_count': 2, 'channels': [], 'avg_rssi': None}, '6b:76:6d:6f:ad:20': {'first_seen': 1778946120.992752, 'last_seen': 1778946120.993862, 'seen_count': 2, 'channels': [], 'avg_rssi': None}, '14:69:14:fc:a2:05': {'first_seen': 1778946121.3026776, 'last_seen': 1778946121.3037534, 'seen_count': 2, 'channels': [], 'avg_rssi': None}, '18:ad:34:61:70:98': {'first_seen': 1778946121.6129496, 'last_seen': 1778946121.613777, 'seen_count': 2, 'channels': [], 'avg_rssi': None}, '56:5c:0d:2a:22:74': {'first_seen': 1778946121.9255676, 'last_seen': 1778946121.926674, 'seen_count': 2, 'channels': [], 'avg_rssi': None}, '4e:1d:cb:b0:86:6f': {'first_seen': 1778946122.2374635, 'last_seen': 1778946122.2385492, 'seen_count': 2, 'channels': [], 'avg_rssi': None}, '02:bd:c4:7a:fc:1f': {'first_seen': 1778946122.5564032, 'last_seen': 1778946122.5573192, 'seen_count': 2, 'channels': [], 'avg_rssi': None}, '54:34:e0:ea:01:86': {'first_seen': 1778946122.865761, 'last_seen': 1778946122.8668416, 'seen_count': 2, 'channels': [], 'avg_rssi': None}, '3a:02:0f:81:4d:51': {'first_seen': 1778946123.1866887, 'last_seen': 1778946123.187727, 'seen_count': 2, 'channels': [], 'avg_rssi': None}, '1a:6c:d2:84:b1:51': {'first_seen': 1778946123.504925, 'last_seen': 1778946123.5061257, 'seen_count': 2, 'channels': [], 'avg_rssi': None}, '86:4c:4f:f8:8c:f1': {'first_seen': 1778946123.8175797, 'last_seen': 1778946123.818758, 'seen_count': 2, 'channels': [], 'avg_rssi': None}, '7f:04:ce:d7:87:4f': {'first_seen': 1778946124.1301274, 'last_seen': 1778946124.1310234, 'seen_count': 2, 'channels': [], 'avg_rssi': None}, '50:76:6e:f8:fc:08': {'first_seen': 1778946124.439877, 'last_seen': 1778946124.4410405, 'seen_count': 2, 'channels': [], 'avg_rssi': None}, '1c:9d:15:4e:33:a0': {'first_seen': 1778946124.756767, 'last_seen': 1778946124.7576802, 'seen_count': 2, 'channels': [], 'avg_rssi': None}, '27:16:e0:61:34:7d': {'first_seen': 1778946125.0725286, 'last_seen': 1778946125.0734487, 'seen_count': 2, 'channels': [], 'avg_rssi': None}, '5f:1f:9f:fa:27:9d': {'first_seen': 1778946125.3842406, 'last_seen': 1778946125.3853743, 'seen_count': 2, 'channels': [], 'avg_rssi': None}, '7f:61:c8:bc:b3:32': {'first_seen': 1778946125.6940231, 'last_seen': 1778946125.695231, 'seen_count': 2, 'channels': [], 'avg_rssi': None}, '58:37:1e:14:cb:1d': {'first_seen': 1778946126.0056744, 'last_seen': 1778946126.0067596, 'seen_count': 2, 'channels': [], 'avg_rssi': None}, '41:e9:4f:e6:2e:42': {'first_seen': 1778946126.3223548, 'last_seen': 1778946126.3232632, 'seen_count': 2, 'channels': [], 'avg_rssi': None}, '59:d0:c3:26:7a:b7': {'first_seen': 1778946126.639329, 'last_seen': 1778946126.64054, 'seen_count': 2, 'channels': [], 'avg_rssi': None}, 'eb:76:f3:ce:e5:8a': {'first_seen': 1778946126.953355, 'last_seen': 1778946126.954563, 'seen_count': 2, 'channels': [], 'avg_rssi': None}, '22:fb:54:40:94:4e': {'first_seen': 1778946127.2659051, 'last_seen': 1778946127.2670717, 'seen_count': 2, 'channels': [], 'avg_rssi': None}, '4c:ff:6a:ec:d5:8c': {'first_seen': 1778946127.5849857, 'last_seen': 1778946127.586202, 'seen_count': 2, 'channels': [], 'avg_rssi': None}, 'c5:a1:f8:40:3b:dd': {'first_seen': 1778946127.8907802, 'last_seen': 1778946127.8933504, 'seen_count': 2, 'channels': [], 'avg_rssi': None}, 'c1:2b:cf:b6:09:f4': {'first_seen': 1778946128.2097757, 'last_seen': 1778946128.210611, 'seen_count': 2, 'channels': [], 'avg_rssi': None}, '42:5f:a4:3e:18:27': {'first_seen': 1778946128.5158064, 'last_seen': 1778946128.516627, 'seen_count': 2, 'channels': [], 'avg_rssi': None}, 'ff:4f:35:72:46:f5': {'first_seen': 1778946128.8309119, 'last_seen': 1778946128.831893, 'seen_count': 2, 'channels': [], 'avg_rssi': None}, 'ee:e1:32:7a:34:ab': {'first_seen': 1778946129.1401277, 'last_seen': 1778946129.141037, 'seen_count': 2, 'channels': [], 'avg_rssi': None}, '44:c2:1b:c1:63:2f': {'first_seen': 1778946129.452915, 'last_seen': 1778946129.4539344, 'seen_count': 2, 'channels': [], 'avg_rssi': None}, 'd2:02:1c:73:73:4a': {'first_seen': 1778946129.7599578, 'last_seen': 1778946129.7609453, 'seen_count': 2, 'channels': [], 'avg_rssi': None}, 'cd:48:26:32:8f:63': {'first_seen': 1778946130.0838997, 'last_seen': 1778946130.0848315, 'seen_count': 2, 'channels': [], 'avg_rssi': None}, '2b:08:09:d2:3a:9b': {'first_seen': 1778946130.3986642, 'last_seen': 1778946130.399744, 'seen_count': 2, 'channels': [], 'avg_rssi': None}, '8c:67:64:42:a1:42': {'first_seen': 1778946130.710999, 'last_seen': 1778946130.711988, 'seen_count': 2, 'channels': [], 'avg_rssi': None}, '72:7e:59:dd:e8:a3': {'first_seen': 1778946131.0247815, 'last_seen': 1778946131.026012, 'seen_count': 2, 'channels': [], 'avg_rssi': None}, 'd1:40:e5:63:44:fb': {'first_seen': 1778946131.33231, 'last_seen': 1778946131.3335228, 'seen_count': 2, 'channels': [], 'avg_rssi': None}, '1e:74:52:5f:03:87': {'first_seen': 1778946131.6447916, 'last_seen': 1778946131.6457927, 'seen_count': 2, 'channels': [], 'avg_rssi': None}, '27:79:82:5a:74:a1': {'first_seen': 1778946131.95109, 'last_seen': 1778946131.9519372, 'seen_count': 2, 'channels': [], 'avg_rssi': None}, '9d:e7:fa:dd:07:99': {'first_seen': 1778946132.2694252, 'last_seen': 1778946132.2705724, 'seen_count': 2, 'channels': [], 'avg_rssi': None}, 'fb:a3:6a:3a:07:81': {'first_seen': 1778946132.5782127, 'last_seen': 1778946132.5792208, 'seen_count': 2, 'channels': [], 'avg_rssi': None}, '54:f7:df:06:5d:7c': {'first_seen': 1778946132.8911998, 'last_seen': 1778946132.8922284, 'seen_count': 2, 'channels': [], 'avg_rssi': None}, 'db:a9:7d:bb:6f:f5': {'first_seen': 1778946133.2021866, 'last_seen': 1778946133.2033763, 'seen_count': 2, 'channels': [], 'avg_rssi': None}, 'c3:93:75:81:60:2d': {'first_seen': 1778946133.5170135, 'last_seen': 1778946133.5178914, 'seen_count': 2, 'channels': [], 'avg_rssi': None}, 'cc:9e:66:ce:27:21': {'first_seen': 1778946133.8307824, 'last_seen': 1778946133.8321517, 'seen_count': 2, 'channels': [], 'avg_rssi': None}, '6d:5d:c9:a0:9a:f4': {'first_seen': 1778946134.1468308, 'last_seen': 1778946134.1476777, 'seen_count': 2, 'channels': [], 'avg_rssi': None}, '85:7b:d6:42:13:df': {'first_seen': 1778946134.4552588, 'last_seen': 1778946134.456451, 'seen_count': 2, 'channels': [], 'avg_rssi': None}, 'a0:00:b6:33:6b:f9': {'first_seen': 1778946134.7773383, 'last_seen': 1778946134.7784505, 'seen_count': 2, 'channels': [], 'avg_rssi': None}, '62:15:e6:8b:e3:1c': {'first_seen': 1778946135.090993, 'last_seen': 1778946135.0918438, 'seen_count': 2, 'channels': [], 'avg_rssi': None}, '6d:22:fb:54:34:69': {'first_seen': 1778946135.3994608, 'last_seen': 1778946135.4004893, 'seen_count': 2, 'channels': [], 'avg_rssi': None}, '59:ef:28:c1:1c:78': {'first_seen': 1778946135.7149022, 'last_seen': 1778946135.7158737, 'seen_count': 2, 'channels': [], 'avg_rssi': None}, 'eb:0d:d8:28:00:49': {'first_seen': 1778946136.0272725, 'last_seen': 1778946136.0282683, 'seen_count': 2, 'channels': [], 'avg_rssi': None}, '3f:e3:6c:5c:aa:17': {'first_seen': 1778946136.3445776, 'last_seen': 1778946136.345408, 'seen_count': 2, 'channels': [], 'avg_rssi': None}, '69:81:eb:40:5f:43': {'first_seen': 1778946136.6528716, 'last_seen': 1778946136.6538053, 'seen_count': 2, 'channels': [], 'avg_rssi': None}, '96:63:67:64:04:27': {'first_seen': 1778946136.9656904, 'last_seen': 1778946136.9668133, 'seen_count': 2, 'channels': [], 'avg_rssi': None}, '79:71:30:7a:a3:24': {'first_seen': 1778946137.2761462, 'last_seen': 1778946137.277356, 'seen_count': 2, 'channels': [], 'avg_rssi': None}, '50:db:9f:af:89:2c': {'first_seen': 1778946137.5886235, 'last_seen': 1778946137.5897222, 'seen_count': 2, 'channels': [], 'avg_rssi': None}, '65:67:bb:a3:25:9b': {'first_seen': 1778946137.891629, 'last_seen': 1778946137.891629, 'seen_count': 1, 'channels': [], 'avg_rssi': None}}}
!!!!!!!!!!!!!!!!!!!!!!!!!!!!!!!!!!!!!!!!!!!!!!!!!!!!!!!!!!!!!!!!!!!!!!!!!!!!!!!!


!!!!!!!!!!!!!!!!!!!!!!!!!!!!!!!!!!!!!!!!!!!!!!!!!!!!!!!!!!!!!!!!!!!!!!!!!!!!!!!!
[ALERT] ALERT-000046 | POTENTIAL_EVIL_TWIN
severity: LOW
time: 2026-05-16T15:42:17.902733
message: Wykryto potencjalny Evil Twin / Rogue AP dla SSID 'TestNet_010'. Zaobserwowano 99 różnych BSSID oraz podejrzane różnice parametrów sieci.
evidence: {'ssid': 'TestNet_010', 'bssid_count': 99, 'bssids': ['84:99:df:85:b4:b3', '15:c8:72:f6:13:88', 'e4:54:9d:8c:09:34', '8c:19:22:d5:96:60', '0c:b5:05:24:d5:30', '1a:14:25:05:10:0e', '48:10:e7:39:cd:80', '96:d3:f5:ba:23:8b', 'e3:79:53:6d:5d:af', 'e2:62:59:1f:64:9c', '33:b9:83:ce:0c:63', 'd3:4c:e9:15:70:00', 'cc:b4:52:4f:74:d3', '57:8c:c4:0d:c8:a7', '4c:32:00:1b:da:0e', '9a:23:98:90:f6:2b', '4a:45:f5:6a:44:b7', '53:53:4e:c8:bf:52', 'fc:eb:b4:0b:00:2e', 'b0:61:36:f2:9a:c1', 'ff:3f:5b:fd:87:b3', 'ce:c6:c1:95:a4:32', 'ea:1a:9f:e2:06:2c', '02:84:8e:14:3a:1c', '3b:47:95:8b:ac:db', '71:c8:4e:18:84:ba', 'd0:98:f0:2b:48:20', '44:ce:a4:ef:38:f9', '52:e5:d9:18:28:a0', 'e0:d5:40:6d:71:3e', '47:1e:17:02:f0:a9', '8f:f7:7a:96:21:83', '5a:c1:96:00:b3:bb', 'b6:40:79:0b:71:cd', 'f3:6b:61:d8:5f:47', '8c:45:19:cc:57:62', '13:b6:8c:ef:1e:11', '2a:31:41:a1:15:13', '83:5f:c3:88:df:04', '22:07:39:86:bb:d3', '45:85:e2:34:f9:ad', 'ef:2f:45:a9:0d:34', 'bd:3f:64:0e:6b:b8', '74:c1:e6:75:62:53', 'f9:27:99:b6:42:22', '30:c3:ab:0d:80:7c', 'ca:7a:1e:aa:8f:40', '3d:05:5b:02:66:e9', '42:48:c3:c9:02:a3', '30:92:85:be:d0:2e', '85:26:e7:0a:fa:0c', '89:45:17:ea:7a:b5', '6a:53:24:b9:21:88', '3a:d9:fd:bb:39:61', '1b:d2:4f:5e:10:24', '68:b1:07:12:2d:f2', '62:30:c2:c4:12:75', '1e:9b:51:92:0d:93', '90:8f:b3:e7:12:c5', '04:fd:10:72:f5:4a', '4f:93:32:a0:aa:00', '93:9e:63:fc:2c:34', 'd3:05:f3:d4:96:49', 'ff:b4:12:64:62:e7', '11:2c:d2:60:d5:e9', 'cd:04:e3:86:b8:79', '44:6f:a8:92:37:04', '16:9a:9d:3e:7f:ea', 'de:9e:34:ae:64:e7', '97:51:49:fe:8c:69', '1b:72:5f:3e:81:9c', '66:25:58:68:b3:fa', '0f:ba:6b:c3:b6:db', '0b:66:fe:94:15:3c', 'f1:7a:52:ef:0c:d7', '7a:3f:2f:11:7f:3e', '3c:ea:ba:bf:d4:5d', 'b3:65:12:56:f9:a4', '18:21:03:da:5d:e8', '94:cd:b4:c4:fd:c6', '1a:8e:ca:81:40:09', 'ae:14:c8:07:e7:1a', 'd8:85:e0:ed:7a:94', 'c8:f3:6e:09:da:63', '17:5d:a3:a7:86:58', 'bb:67:46:67:87:16', 'b1:cd:0b:b5:b3:67', '8c:ce:25:17:a3:d4', '9d:df:73:a7:cb:7f', '9a:d1:76:ff:64:4d', '25:d5:1f:cd:5d:9b', '37:e7:dc:62:db:9c', 'c2:ca:0b:cd:25:91', '81:21:1b:19:1d:ff', 'a1:4e:57:10:7d:73', '0d:a9:76:fc:66:17', '23:82:c5:2a:c0:87', '99:04:4e:c7:0a:ff', '2f:77:66:b8:81:d5'], 'triggered_reasons': ['same_ssid_multiple_bssid'], 'observations': {'84:99:df:85:b4:b3': {'first_seen': 1778946107.3324234, 'last_seen': 1778946107.333665, 'seen_count': 2, 'channels': [], 'avg_rssi': None}, '15:c8:72:f6:13:88': {'first_seen': 1778946107.6387463, 'last_seen': 1778946107.6396832, 'seen_count': 2, 'channels': [], 'avg_rssi': None}, 'e4:54:9d:8c:09:34': {'first_seen': 1778946107.9521, 'last_seen': 1778946107.9530602, 'seen_count': 2, 'channels': [], 'avg_rssi': None}, '8c:19:22:d5:96:60': {'first_seen': 1778946108.2621243, 'last_seen': 1778946108.263207, 'seen_count': 2, 'channels': [], 'avg_rssi': None}, '0c:b5:05:24:d5:30': {'first_seen': 1778946108.5731606, 'last_seen': 1778946108.574098, 'seen_count': 2, 'channels': [], 'avg_rssi': None}, '1a:14:25:05:10:0e': {'first_seen': 1778946108.881224, 'last_seen': 1778946108.8823597, 'seen_count': 2, 'channels': [], 'avg_rssi': None}, '48:10:e7:39:cd:80': {'first_seen': 1778946109.1916113, 'last_seen': 1778946109.1926317, 'seen_count': 2, 'channels': [], 'avg_rssi': None}, '96:d3:f5:ba:23:8b': {'first_seen': 1778946109.501246, 'last_seen': 1778946109.5021443, 'seen_count': 2, 'channels': [], 'avg_rssi': None}, 'e3:79:53:6d:5d:af': {'first_seen': 1778946109.8109653, 'last_seen': 1778946109.8119078, 'seen_count': 2, 'channels': [], 'avg_rssi': None}, 'e2:62:59:1f:64:9c': {'first_seen': 1778946110.1186085, 'last_seen': 1778946110.119555, 'seen_count': 2, 'channels': [], 'avg_rssi': None}, '33:b9:83:ce:0c:63': {'first_seen': 1778946110.426771, 'last_seen': 1778946110.427814, 'seen_count': 2, 'channels': [], 'avg_rssi': None}, 'd3:4c:e9:15:70:00': {'first_seen': 1778946110.7386513, 'last_seen': 1778946110.73983, 'seen_count': 2, 'channels': [], 'avg_rssi': None}, 'cc:b4:52:4f:74:d3': {'first_seen': 1778946111.0475066, 'last_seen': 1778946111.0485952, 'seen_count': 2, 'channels': [], 'avg_rssi': None}, '57:8c:c4:0d:c8:a7': {'first_seen': 1778946111.358171, 'last_seen': 1778946111.3591242, 'seen_count': 2, 'channels': [], 'avg_rssi': None}, '4c:32:00:1b:da:0e': {'first_seen': 1778946111.6645622, 'last_seen': 1778946111.665753, 'seen_count': 2, 'channels': [], 'avg_rssi': None}, '9a:23:98:90:f6:2b': {'first_seen': 1778946111.9746797, 'last_seen': 1778946111.9756505, 'seen_count': 2, 'channels': [], 'avg_rssi': None}, '4a:45:f5:6a:44:b7': {'first_seen': 1778946112.281877, 'last_seen': 1778946112.2827923, 'seen_count': 2, 'channels': [], 'avg_rssi': None}, '53:53:4e:c8:bf:52': {'first_seen': 1778946112.5967813, 'last_seen': 1778946112.5978124, 'seen_count': 2, 'channels': [], 'avg_rssi': None}, 'fc:eb:b4:0b:00:2e': {'first_seen': 1778946112.9057405, 'last_seen': 1778946112.9069529, 'seen_count': 2, 'channels': [], 'avg_rssi': None}, 'b0:61:36:f2:9a:c1': {'first_seen': 1778946113.2247283, 'last_seen': 1778946113.2257082, 'seen_count': 2, 'channels': [], 'avg_rssi': None}, 'ff:3f:5b:fd:87:b3': {'first_seen': 1778946113.5372484, 'last_seen': 1778946113.5383604, 'seen_count': 2, 'channels': [], 'avg_rssi': None}, 'ce:c6:c1:95:a4:32': {'first_seen': 1778946113.8491673, 'last_seen': 1778946113.850371, 'seen_count': 2, 'channels': [], 'avg_rssi': None}, 'ea:1a:9f:e2:06:2c': {'first_seen': 1778946114.1569893, 'last_seen': 1778946114.1578953, 'seen_count': 2, 'channels': [], 'avg_rssi': None}, '02:84:8e:14:3a:1c': {'first_seen': 1778946114.4687598, 'last_seen': 1778946114.4696465, 'seen_count': 2, 'channels': [], 'avg_rssi': None}, '3b:47:95:8b:ac:db': {'first_seen': 1778946114.7730505, 'last_seen': 1778946114.7739213, 'seen_count': 2, 'channels': [], 'avg_rssi': None}, '71:c8:4e:18:84:ba': {'first_seen': 1778946115.0880017, 'last_seen': 1778946115.0913057, 'seen_count': 2, 'channels': [], 'avg_rssi': None}, 'd0:98:f0:2b:48:20': {'first_seen': 1778946115.4028563, 'last_seen': 1778946115.4040928, 'seen_count': 2, 'channels': [], 'avg_rssi': None}, '44:ce:a4:ef:38:f9': {'first_seen': 1778946115.7096336, 'last_seen': 1778946115.7107122, 'seen_count': 2, 'channels': [], 'avg_rssi': None}, '52:e5:d9:18:28:a0': {'first_seen': 1778946116.018473, 'last_seen': 1778946116.0194964, 'seen_count': 2, 'channels': [], 'avg_rssi': None}, 'e0:d5:40:6d:71:3e': {'first_seen': 1778946116.3254454, 'last_seen': 1778946116.3263693, 'seen_count': 2, 'channels': [], 'avg_rssi': None}, '47:1e:17:02:f0:a9': {'first_seen': 1778946116.637348, 'last_seen': 1778946116.638261, 'seen_count': 2, 'channels': [], 'avg_rssi': None}, '8f:f7:7a:96:21:83': {'first_seen': 1778946116.947039, 'last_seen': 1778946116.9480352, 'seen_count': 2, 'channels': [], 'avg_rssi': None}, '5a:c1:96:00:b3:bb': {'first_seen': 1778946117.2612758, 'last_seen': 1778946117.2624335, 'seen_count': 2, 'channels': [], 'avg_rssi': None}, 'b6:40:79:0b:71:cd': {'first_seen': 1778946117.5699103, 'last_seen': 1778946117.5710695, 'seen_count': 2, 'channels': [], 'avg_rssi': None}, 'f3:6b:61:d8:5f:47': {'first_seen': 1778946117.8824177, 'last_seen': 1778946117.8834515, 'seen_count': 2, 'channels': [], 'avg_rssi': None}, '8c:45:19:cc:57:62': {'first_seen': 1778946118.1917608, 'last_seen': 1778946118.192842, 'seen_count': 2, 'channels': [], 'avg_rssi': None}, '13:b6:8c:ef:1e:11': {'first_seen': 1778946118.5069706, 'last_seen': 1778946118.5079887, 'seen_count': 2, 'channels': [], 'avg_rssi': None}, '2a:31:41:a1:15:13': {'first_seen': 1778946118.8210316, 'last_seen': 1778946118.822253, 'seen_count': 2, 'channels': [], 'avg_rssi': None}, '83:5f:c3:88:df:04': {'first_seen': 1778946119.1345134, 'last_seen': 1778946119.135648, 'seen_count': 2, 'channels': [], 'avg_rssi': None}, '22:07:39:86:bb:d3': {'first_seen': 1778946119.4414923, 'last_seen': 1778946119.4425385, 'seen_count': 2, 'channels': [], 'avg_rssi': None}, '45:85:e2:34:f9:ad': {'first_seen': 1778946119.7524862, 'last_seen': 1778946119.7535496, 'seen_count': 2, 'channels': [], 'avg_rssi': None}, 'ef:2f:45:a9:0d:34': {'first_seen': 1778946120.0657516, 'last_seen': 1778946120.0668147, 'seen_count': 2, 'channels': [], 'avg_rssi': None}, 'bd:3f:64:0e:6b:b8': {'first_seen': 1778946120.3724847, 'last_seen': 1778946120.3733287, 'seen_count': 2, 'channels': [], 'avg_rssi': None}, '74:c1:e6:75:62:53': {'first_seen': 1778946120.685585, 'last_seen': 1778946120.6867244, 'seen_count': 2, 'channels': [], 'avg_rssi': None}, 'f9:27:99:b6:42:22': {'first_seen': 1778946121.0028465, 'last_seen': 1778946121.003736, 'seen_count': 2, 'channels': [], 'avg_rssi': None}, '30:c3:ab:0d:80:7c': {'first_seen': 1778946121.3127782, 'last_seen': 1778946121.313879, 'seen_count': 2, 'channels': [], 'avg_rssi': None}, 'ca:7a:1e:aa:8f:40': {'first_seen': 1778946121.623062, 'last_seen': 1778946121.6242788, 'seen_count': 2, 'channels': [], 'avg_rssi': None}, '3d:05:5b:02:66:e9': {'first_seen': 1778946121.9356647, 'last_seen': 1778946121.936545, 'seen_count': 2, 'channels': [], 'avg_rssi': None}, '42:48:c3:c9:02:a3': {'first_seen': 1778946122.2475586, 'last_seen': 1778946122.248551, 'seen_count': 2, 'channels': [], 'avg_rssi': None}, '30:92:85:be:d0:2e': {'first_seen': 1778946122.5664997, 'last_seen': 1778946122.5688176, 'seen_count': 2, 'channels': [], 'avg_rssi': None}, '85:26:e7:0a:fa:0c': {'first_seen': 1778946122.875849, 'last_seen': 1778946122.8769572, 'seen_count': 2, 'channels': [], 'avg_rssi': None}, '89:45:17:ea:7a:b5': {'first_seen': 1778946123.1968024, 'last_seen': 1778946123.1978602, 'seen_count': 2, 'channels': [], 'avg_rssi': None}, '6a:53:24:b9:21:88': {'first_seen': 1778946123.5162044, 'last_seen': 1778946123.517121, 'seen_count': 2, 'channels': [], 'avg_rssi': None}, '3a:d9:fd:bb:39:61': {'first_seen': 1778946123.828284, 'last_seen': 1778946123.8293846, 'seen_count': 2, 'channels': [], 'avg_rssi': None}, '1b:d2:4f:5e:10:24': {'first_seen': 1778946124.1402192, 'last_seen': 1778946124.1411495, 'seen_count': 2, 'channels': [], 'avg_rssi': None}, '68:b1:07:12:2d:f2': {'first_seen': 1778946124.4500198, 'last_seen': 1778946124.450921, 'seen_count': 2, 'channels': [], 'avg_rssi': None}, '62:30:c2:c4:12:75': {'first_seen': 1778946124.7669446, 'last_seen': 1778946124.7680585, 'seen_count': 2, 'channels': [], 'avg_rssi': None}, '1e:9b:51:92:0d:93': {'first_seen': 1778946125.0826552, 'last_seen': 1778946125.0836983, 'seen_count': 2, 'channels': [], 'avg_rssi': None}, '90:8f:b3:e7:12:c5': {'first_seen': 1778946125.3943324, 'last_seen': 1778946125.3954718, 'seen_count': 2, 'channels': [], 'avg_rssi': None}, '04:fd:10:72:f5:4a': {'first_seen': 1778946125.7041368, 'last_seen': 1778946125.7051141, 'seen_count': 2, 'channels': [], 'avg_rssi': None}, '4f:93:32:a0:aa:00': {'first_seen': 1778946126.0157719, 'last_seen': 1778946126.0170124, 'seen_count': 2, 'channels': [], 'avg_rssi': None}, '93:9e:63:fc:2c:34': {'first_seen': 1778946126.3324518, 'last_seen': 1778946126.3336387, 'seen_count': 2, 'channels': [], 'avg_rssi': None}, 'd3:05:f3:d4:96:49': {'first_seen': 1778946126.6494336, 'last_seen': 1778946126.6504045, 'seen_count': 2, 'channels': [], 'avg_rssi': None}, 'ff:b4:12:64:62:e7': {'first_seen': 1778946126.9636388, 'last_seen': 1778946126.964543, 'seen_count': 2, 'channels': [], 'avg_rssi': None}, '11:2c:d2:60:d5:e9': {'first_seen': 1778946127.2767694, 'last_seen': 1778946127.2776878, 'seen_count': 2, 'channels': [], 'avg_rssi': None}, 'cd:04:e3:86:b8:79': {'first_seen': 1778946127.595098, 'last_seen': 1778946127.5962033, 'seen_count': 2, 'channels': [], 'avg_rssi': None}, '44:6f:a8:92:37:04': {'first_seen': 1778946127.9008822, 'last_seen': 1778946127.9019704, 'seen_count': 2, 'channels': [], 'avg_rssi': None}, '16:9a:9d:3e:7f:ea': {'first_seen': 1778946128.2198982, 'last_seen': 1778946128.2211127, 'seen_count': 2, 'channels': [], 'avg_rssi': None}, 'de:9e:34:ae:64:e7': {'first_seen': 1778946128.5259352, 'last_seen': 1778946128.5270095, 'seen_count': 2, 'channels': [], 'avg_rssi': None}, '97:51:49:fe:8c:69': {'first_seen': 1778946128.841009, 'last_seen': 1778946128.8418925, 'seen_count': 2, 'channels': [], 'avg_rssi': None}, '1b:72:5f:3e:81:9c': {'first_seen': 1778946129.1502404, 'last_seen': 1778946129.151159, 'seen_count': 2, 'channels': [], 'avg_rssi': None}, '66:25:58:68:b3:fa': {'first_seen': 1778946129.463015, 'last_seen': 1778946129.4641821, 'seen_count': 2, 'channels': [], 'avg_rssi': None}, '0f:ba:6b:c3:b6:db': {'first_seen': 1778946129.7700682, 'last_seen': 1778946129.7711947, 'seen_count': 2, 'channels': [], 'avg_rssi': None}, '0b:66:fe:94:15:3c': {'first_seen': 1778946130.093991, 'last_seen': 1778946130.0948334, 'seen_count': 2, 'channels': [], 'avg_rssi': None}, 'f1:7a:52:ef:0c:d7': {'first_seen': 1778946130.4087973, 'last_seen': 1778946130.4097288, 'seen_count': 2, 'channels': [], 'avg_rssi': None}, '7a:3f:2f:11:7f:3e': {'first_seen': 1778946130.7211342, 'last_seen': 1778946130.7221212, 'seen_count': 2, 'channels': [], 'avg_rssi': None}, '3c:ea:ba:bf:d4:5d': {'first_seen': 1778946131.0349174, 'last_seen': 1778946131.0361464, 'seen_count': 2, 'channels': [], 'avg_rssi': None}, 'b3:65:12:56:f9:a4': {'first_seen': 1778946131.342522, 'last_seen': 1778946131.3436465, 'seen_count': 2, 'channels': [], 'avg_rssi': None}, '18:21:03:da:5d:e8': {'first_seen': 1778946131.6549623, 'last_seen': 1778946131.6561644, 'seen_count': 2, 'channels': [], 'avg_rssi': None}, '94:cd:b4:c4:fd:c6': {'first_seen': 1778946131.9611907, 'last_seen': 1778946131.9623158, 'seen_count': 2, 'channels': [], 'avg_rssi': None}, '1a:8e:ca:81:40:09': {'first_seen': 1778946132.2795277, 'last_seen': 1778946132.2804527, 'seen_count': 2, 'channels': [], 'avg_rssi': None}, 'ae:14:c8:07:e7:1a': {'first_seen': 1778946132.5883477, 'last_seen': 1778946132.5894709, 'seen_count': 2, 'channels': [], 'avg_rssi': None}, 'd8:85:e0:ed:7a:94': {'first_seen': 1778946132.9013093, 'last_seen': 1778946132.9022284, 'seen_count': 2, 'channels': [], 'avg_rssi': None}, 'c8:f3:6e:09:da:63': {'first_seen': 1778946133.212298, 'last_seen': 1778946133.2131317, 'seen_count': 2, 'channels': [], 'avg_rssi': None}, '17:5d:a3:a7:86:58': {'first_seen': 1778946133.5280907, 'last_seen': 1778946133.5290103, 'seen_count': 2, 'channels': [], 'avg_rssi': None}, 'bb:67:46:67:87:16': {'first_seen': 1778946133.8422756, 'last_seen': 1778946133.8434038, 'seen_count': 2, 'channels': [], 'avg_rssi': None}, 'b1:cd:0b:b5:b3:67': {'first_seen': 1778946134.1586607, 'last_seen': 1778946134.1596675, 'seen_count': 2, 'channels': [], 'avg_rssi': None}, '8c:ce:25:17:a3:d4': {'first_seen': 1778946134.4653816, 'last_seen': 1778946134.4663136, 'seen_count': 2, 'channels': [], 'avg_rssi': None}, '9d:df:73:a7:cb:7f': {'first_seen': 1778946134.7874599, 'last_seen': 1778946134.78861, 'seen_count': 2, 'channels': [], 'avg_rssi': None}, '9a:d1:76:ff:64:4d': {'first_seen': 1778946135.1010876, 'last_seen': 1778946135.1019683, 'seen_count': 2, 'channels': [], 'avg_rssi': None}, '25:d5:1f:cd:5d:9b': {'first_seen': 1778946135.4095922, 'last_seen': 1778946135.4104905, 'seen_count': 2, 'channels': [], 'avg_rssi': None}, '37:e7:dc:62:db:9c': {'first_seen': 1778946135.724995, 'last_seen': 1778946135.7261236, 'seen_count': 2, 'channels': [], 'avg_rssi': None}, 'c2:ca:0b:cd:25:91': {'first_seen': 1778946136.0373685, 'last_seen': 1778946136.038537, 'seen_count': 2, 'channels': [], 'avg_rssi': None}, '81:21:1b:19:1d:ff': {'first_seen': 1778946136.3546932, 'last_seen': 1778946136.3555334, 'seen_count': 2, 'channels': [], 'avg_rssi': None}, 'a1:4e:57:10:7d:73': {'first_seen': 1778946136.662979, 'last_seen': 1778946136.66431, 'seen_count': 2, 'channels': [], 'avg_rssi': None}, '0d:a9:76:fc:66:17': {'first_seen': 1778946136.9786956, 'last_seen': 1778946136.9795644, 'seen_count': 2, 'channels': [], 'avg_rssi': None}, '23:82:c5:2a:c0:87': {'first_seen': 1778946137.2862494, 'last_seen': 1778946137.2870831, 'seen_count': 2, 'channels': [], 'avg_rssi': None}, '99:04:4e:c7:0a:ff': {'first_seen': 1778946137.5986764, 'last_seen': 1778946137.5986764, 'seen_count': 1, 'channels': [], 'avg_rssi': None}, '2f:77:66:b8:81:d5': {'first_seen': 1778946137.9027328, 'last_seen': 1778946137.9027328, 'seen_count': 1, 'channels': [], 'avg_rssi': None}}}
!!!!!!!!!!!!!!!!!!!!!!!!!!!!!!!!!!!!!!!!!!!!!!!!!!!!!!!!!!!!!!!!!!!!!!!!!!!!!!!!


!!!!!!!!!!!!!!!!!!!!!!!!!!!!!!!!!!!!!!!!!!!!!!!!!!!!!!!!!!!!!!!!!!!!!!!!!!!!!!!!
[ALERT] ALERT-000047 | POTENTIAL_EVIL_TWIN
severity: LOW
time: 2026-05-16T15:42:17.912833
message: Wykryto potencjalny Evil Twin / Rogue AP dla SSID 'TestNet_011'. Zaobserwowano 99 różnych BSSID oraz podejrzane różnice parametrów sieci.
evidence: {'ssid': 'TestNet_011', 'bssid_count': 99, 'bssids': ['e9:92:ae:67:0d:72', '68:e9:ce:78:73:78', '26:b5:1d:ba:ca:e7', '1a:31:1e:c7:5b:9b', '39:1f:d1:43:e1:f2', '77:27:1f:63:1c:e2', '97:64:72:f5:52:a5', '75:cd:e4:b0:8a:ec', '25:6d:ce:58:e2:18', 'c8:b4:63:fc:e8:33', '3e:f2:e5:8a:e9:78', 'ef:bf:57:6a:86:5c', '76:c4:16:69:2f:39', 'e5:89:b7:e6:b7:cf', '20:fa:23:78:5d:3a', 'a1:fc:f5:f1:13:69', '43:7e:f4:4c:6d:2e', 'bd:2f:ba:f9:60:b4', '02:7b:fe:39:23:4d', '6a:01:f9:1b:f6:95', '3c:5c:71:68:ef:22', '04:d4:99:82:75:18', '70:ff:4a:f6:38:7e', '26:75:e2:0b:bd:84', 'd9:67:98:85:7c:91', '2f:82:a3:20:5a:8e', 'd8:21:d4:5d:61:3b', 'd1:60:ff:f4:6b:01', 'e9:1a:98:c7:f8:ce', '64:77:9f:ef:a5:67', 'ac:de:12:44:3c:93', '60:f9:37:69:f7:f9', '49:1e:2b:a8:cf:d7', 'd9:98:fb:21:dd:cf', '83:73:94:dc:45:5b', 'd3:d0:23:55:00:7d', '5b:4b:f3:9a:50:99', '0e:4e:e5:a5:bc:e5', '57:62:67:d1:09:58', '0f:8a:9c:b7:17:b9', 'de:aa:8e:e7:0e:21', 'bd:b2:c3:a8:5a:c8', '9d:fe:39:87:64:03', 'c7:e1:43:65:aa:83', '2f:5b:e8:a1:05:ad', '22:96:1c:a3:89:6d', 'fb:b5:ef:24:01:b7', '99:e6:c6:f8:bd:6c', '18:19:e3:ba:0c:25', '93:a6:09:34:90:31', 'fd:ee:b1:96:9c:cb', 'ca:bc:31:3a:1d:14', '2b:fc:95:59:5c:43', 'df:29:82:49:d2:3f', 'ae:ab:7d:ca:b3:17', '37:8a:53:6f:15:eb', '94:ce:56:b1:60:d2', 'd3:0f:ad:3e:60:30', '63:6c:96:38:5d:05', '5f:3f:1b:86:34:ee', '01:b5:d2:c6:60:64', 'e8:c0:3e:b6:7b:93', 'fe:d0:39:b4:ff:53', 'b5:21:78:97:97:4f', '81:a8:88:ae:c9:62', '50:14:8e:d8:44:35', '49:20:5c:0d:69:51', '47:53:17:cf:7e:6d', 'f1:1f:dd:75:01:43', 'bc:2f:b4:be:0d:5b', '85:11:c2:a7:7b:6e', 'de:f0:6b:ea:a1:0c', 'db:d1:0b:30:bc:33', '09:70:be:00:55:13', 'b2:a6:4f:22:ba:7b', '92:db:80:61:30:13', 'e0:0d:d1:ea:29:e6', 'ae:05:dd:b2:df:55', '08:32:1b:9d:63:2e', 'f8:f3:5e:32:01:ba', '33:8a:b7:0f:c2:a3', 'be:de:f0:dd:f0:7d', 'ec:1f:f9:61:b9:50', '76:09:1e:91:92:51', '05:2c:57:d2:6e:e8', 'df:4e:d0:a9:70:a4', '0c:c2:8f:08:31:85', 'b9:0b:fc:3c:3f:c1', 'cd:54:6e:6d:a8:f1', '7c:35:43:d3:ed:9f', '5d:0e:ed:d1:01:84', 'e1:1f:7a:33:94:63', 'de:a1:13:d7:4e:c8', '99:63:f9:42:00:9e', 'c4:3c:07:6d:06:32', '3e:38:05:b1:24:de', 'c8:09:06:93:f4:57', 'a5:c4:73:bb:28:0a', '5b:50:37:28:8b:79'], 'triggered_reasons': ['same_ssid_multiple_bssid'], 'observations': {'e9:92:ae:67:0d:72': {'first_seen': 1778946107.342551, 'last_seen': 1778946107.3436537, 'seen_count': 2, 'channels': [], 'avg_rssi': None}, '68:e9:ce:78:73:78': {'first_seen': 1778946107.648856, 'last_seen': 1778946107.6500554, 'seen_count': 2, 'channels': [], 'avg_rssi': None}, '26:b5:1d:ba:ca:e7': {'first_seen': 1778946107.962193, 'last_seen': 1778946107.9633114, 'seen_count': 2, 'channels': [], 'avg_rssi': None}, '1a:31:1e:c7:5b:9b': {'first_seen': 1778946108.272214, 'last_seen': 1778946108.2733386, 'seen_count': 2, 'channels': [], 'avg_rssi': None}, '39:1f:d1:43:e1:f2': {'first_seen': 1778946108.5832787, 'last_seen': 1778946108.5844781, 'seen_count': 2, 'channels': [], 'avg_rssi': None}, '77:27:1f:63:1c:e2': {'first_seen': 1778946108.8913486, 'last_seen': 1778946108.8922446, 'seen_count': 2, 'channels': [], 'avg_rssi': None}, '97:64:72:f5:52:a5': {'first_seen': 1778946109.2016969, 'last_seen': 1778946109.2026615, 'seen_count': 2, 'channels': [], 'avg_rssi': None}, '75:cd:e4:b0:8a:ec': {'first_seen': 1778946109.5113614, 'last_seen': 1778946109.5125225, 'seen_count': 2, 'channels': [], 'avg_rssi': None}, '25:6d:ce:58:e2:18': {'first_seen': 1778946109.82106, 'last_seen': 1778946109.8219073, 'seen_count': 2, 'channels': [], 'avg_rssi': None}, 'c8:b4:63:fc:e8:33': {'first_seen': 1778946110.1287196, 'last_seen': 1778946110.1296782, 'seen_count': 2, 'channels': [], 'avg_rssi': None}, '3e:f2:e5:8a:e9:78': {'first_seen': 1778946110.4368618, 'last_seen': 1778946110.4380667, 'seen_count': 2, 'channels': [], 'avg_rssi': None}, 'ef:bf:57:6a:86:5c': {'first_seen': 1778946110.7487252, 'last_seen': 1778946110.7498486, 'seen_count': 2, 'channels': [], 'avg_rssi': None}, '76:c4:16:69:2f:39': {'first_seen': 1778946111.0576146, 'last_seen': 1778946111.0587208, 'seen_count': 2, 'channels': [], 'avg_rssi': None}, 'e5:89:b7:e6:b7:cf': {'first_seen': 1778946111.368263, 'last_seen': 1778946111.3691292, 'seen_count': 2, 'channels': [], 'avg_rssi': None}, '20:fa:23:78:5d:3a': {'first_seen': 1778946111.6746597, 'last_seen': 1778946111.675754, 'seen_count': 2, 'channels': [], 'avg_rssi': None}, 'a1:fc:f5:f1:13:69': {'first_seen': 1778946111.9850504, 'last_seen': 1778946111.9860368, 'seen_count': 2, 'channels': [], 'avg_rssi': None}, '43:7e:f4:4c:6d:2e': {'first_seen': 1778946112.2920003, 'last_seen': 1778946112.2929163, 'seen_count': 2, 'channels': [], 'avg_rssi': None}, 'bd:2f:ba:f9:60:b4': {'first_seen': 1778946112.6071434, 'last_seen': 1778946112.6083035, 'seen_count': 2, 'channels': [], 'avg_rssi': None}, '02:7b:fe:39:23:4d': {'first_seen': 1778946112.9158757, 'last_seen': 1778946112.917076, 'seen_count': 2, 'channels': [], 'avg_rssi': None}, '6a:01:f9:1b:f6:95': {'first_seen': 1778946113.2348492, 'last_seen': 1778946113.236084, 'seen_count': 2, 'channels': [], 'avg_rssi': None}, '3c:5c:71:68:ef:22': {'first_seen': 1778946113.5473773, 'last_seen': 1778946113.5484796, 'seen_count': 2, 'channels': [], 'avg_rssi': None}, '04:d4:99:82:75:18': {'first_seen': 1778946113.8592894, 'last_seen': 1778946113.8603735, 'seen_count': 2, 'channels': [], 'avg_rssi': None}, '70:ff:4a:f6:38:7e': {'first_seen': 1778946114.1671004, 'last_seen': 1778946114.169508, 'seen_count': 2, 'channels': [], 'avg_rssi': None}, '26:75:e2:0b:bd:84': {'first_seen': 1778946114.478851, 'last_seen': 1778946114.4797735, 'seen_count': 2, 'channels': [], 'avg_rssi': None}, 'd9:67:98:85:7c:91': {'first_seen': 1778946114.7847104, 'last_seen': 1778946114.7856674, 'seen_count': 2, 'channels': [], 'avg_rssi': None}, '2f:82:a3:20:5a:8e': {'first_seen': 1778946115.0980349, 'last_seen': 1778946115.0991828, 'seen_count': 2, 'channels': [], 'avg_rssi': None}, 'd8:21:d4:5d:61:3b': {'first_seen': 1778946115.4139256, 'last_seen': 1778946115.4148254, 'seen_count': 2, 'channels': [], 'avg_rssi': None}, 'd1:60:ff:f4:6b:01': {'first_seen': 1778946115.7197318, 'last_seen': 1778946115.7208385, 'seen_count': 2, 'channels': [], 'avg_rssi': None}, 'e9:1a:98:c7:f8:ce': {'first_seen': 1778946116.0285912, 'last_seen': 1778946116.0296187, 'seen_count': 2, 'channels': [], 'avg_rssi': None}, '64:77:9f:ef:a5:67': {'first_seen': 1778946116.3355503, 'last_seen': 1778946116.3366199, 'seen_count': 2, 'channels': [], 'avg_rssi': None}, 'ac:de:12:44:3c:93': {'first_seen': 1778946116.6474466, 'last_seen': 1778946116.6486375, 'seen_count': 2, 'channels': [], 'avg_rssi': None}, '60:f9:37:69:f7:f9': {'first_seen': 1778946116.9572573, 'last_seen': 1778946116.9584036, 'seen_count': 2, 'channels': [], 'avg_rssi': None}, '49:1e:2b:a8:cf:d7': {'first_seen': 1778946117.2713668, 'last_seen': 1778946117.2725441, 'seen_count': 2, 'channels': [], 'avg_rssi': None}, 'd9:98:fb:21:dd:cf': {'first_seen': 1778946117.5800393, 'last_seen': 1778946117.5811913, 'seen_count': 2, 'channels': [], 'avg_rssi': None}, '83:73:94:dc:45:5b': {'first_seen': 1778946117.8925838, 'last_seen': 1778946117.8937025, 'seen_count': 2, 'channels': [], 'avg_rssi': None}, 'd3:d0:23:55:00:7d': {'first_seen': 1778946118.2019014, 'last_seen': 1778946118.2030985, 'seen_count': 2, 'channels': [], 'avg_rssi': None}, '5b:4b:f3:9a:50:99': {'first_seen': 1778946118.5170665, 'last_seen': 1778946118.5181074, 'seen_count': 2, 'channels': [], 'avg_rssi': None}, '0e:4e:e5:a5:bc:e5': {'first_seen': 1778946118.8316858, 'last_seen': 1778946118.8328776, 'seen_count': 2, 'channels': [], 'avg_rssi': None}, '57:62:67:d1:09:58': {'first_seen': 1778946119.1446023, 'last_seen': 1778946119.1455157, 'seen_count': 2, 'channels': [], 'avg_rssi': None}, '0f:8a:9c:b7:17:b9': {'first_seen': 1778946119.453882, 'last_seen': 1778946119.454789, 'seen_count': 2, 'channels': [], 'avg_rssi': None}, 'de:aa:8e:e7:0e:21': {'first_seen': 1778946119.7626188, 'last_seen': 1778946119.7635489, 'seen_count': 2, 'channels': [], 'avg_rssi': None}, 'bd:b2:c3:a8:5a:c8': {'first_seen': 1778946120.0758545, 'last_seen': 1778946120.0768235, 'seen_count': 2, 'channels': [], 'avg_rssi': None}, '9d:fe:39:87:64:03': {'first_seen': 1778946120.3826578, 'last_seen': 1778946120.3837137, 'seen_count': 2, 'channels': [], 'avg_rssi': None}, 'c7:e1:43:65:aa:83': {'first_seen': 1778946120.6956813, 'last_seen': 1778946120.6967216, 'seen_count': 2, 'channels': [], 'avg_rssi': None}, '2f:5b:e8:a1:05:ad': {'first_seen': 1778946121.0129511, 'last_seen': 1778946121.0139897, 'seen_count': 2, 'channels': [], 'avg_rssi': None}, '22:96:1c:a3:89:6d': {'first_seen': 1778946121.3228924, 'last_seen': 1778946121.3240037, 'seen_count': 2, 'channels': [], 'avg_rssi': None}, 'fb:b5:ef:24:01:b7': {'first_seen': 1778946121.6331575, 'last_seen': 1778946121.6342711, 'seen_count': 2, 'channels': [], 'avg_rssi': None}, '99:e6:c6:f8:bd:6c': {'first_seen': 1778946121.9457917, 'last_seen': 1778946121.9469116, 'seen_count': 2, 'channels': [], 'avg_rssi': None}, '18:19:e3:ba:0c:25': {'first_seen': 1778946122.257651, 'last_seen': 1778946122.2595494, 'seen_count': 2, 'channels': [], 'avg_rssi': None}, '93:a6:09:34:90:31': {'first_seen': 1778946122.5765705, 'last_seen': 1778946122.577699, 'seen_count': 2, 'channels': [], 'avg_rssi': None}, 'fd:ee:b1:96:9c:cb': {'first_seen': 1778946122.8890193, 'last_seen': 1778946122.8900895, 'seen_count': 2, 'channels': [], 'avg_rssi': None}, 'ca:bc:31:3a:1d:14': {'first_seen': 1778946123.2069013, 'last_seen': 1778946123.2081118, 'seen_count': 2, 'channels': [], 'avg_rssi': None}, '2b:fc:95:59:5c:43': {'first_seen': 1778946123.5284443, 'last_seen': 1778946123.5294976, 'seen_count': 2, 'channels': [], 'avg_rssi': None}, 'df:29:82:49:d2:3f': {'first_seen': 1778946123.8384202, 'last_seen': 1778946123.8395119, 'seen_count': 2, 'channels': [], 'avg_rssi': None}, 'ae:ab:7d:ca:b3:17': {'first_seen': 1778946124.150325, 'last_seen': 1778946124.151527, 'seen_count': 2, 'channels': [], 'avg_rssi': None}, '37:8a:53:6f:15:eb': {'first_seen': 1778946124.4601362, 'last_seen': 1778946124.4610481, 'seen_count': 2, 'channels': [], 'avg_rssi': None}, '94:ce:56:b1:60:d2': {'first_seen': 1778946124.7770388, 'last_seen': 1778946124.7779317, 'seen_count': 2, 'channels': [], 'avg_rssi': None}, 'd3:0f:ad:3e:60:30': {'first_seen': 1778946125.092731, 'last_seen': 1778946125.093825, 'seen_count': 2, 'channels': [], 'avg_rssi': None}, '63:6c:96:38:5d:05': {'first_seen': 1778946125.404449, 'last_seen': 1778946125.4053507, 'seen_count': 2, 'channels': [], 'avg_rssi': None}, '5f:3f:1b:86:34:ee': {'first_seen': 1778946125.714243, 'last_seen': 1778946125.71537, 'seen_count': 2, 'channels': [], 'avg_rssi': None}, '01:b5:d2:c6:60:64': {'first_seen': 1778946126.0259218, 'last_seen': 1778946126.0267467, 'seen_count': 2, 'channels': [], 'avg_rssi': None}, 'e8:c0:3e:b6:7b:93': {'first_seen': 1778946126.343032, 'last_seen': 1778946126.3440366, 'seen_count': 2, 'channels': [], 'avg_rssi': None}, 'fe:d0:39:b4:ff:53': {'first_seen': 1778946126.6595454, 'last_seen': 1778946126.660539, 'seen_count': 2, 'channels': [], 'avg_rssi': None}, 'b5:21:78:97:97:4f': {'first_seen': 1778946126.973746, 'last_seen': 1778946126.9747968, 'seen_count': 2, 'channels': [], 'avg_rssi': None}, '81:a8:88:ae:c9:62': {'first_seen': 1778946127.2906775, 'last_seen': 1778946127.2918134, 'seen_count': 2, 'channels': [], 'avg_rssi': None}, '50:14:8e:d8:44:35': {'first_seen': 1778946127.6051974, 'last_seen': 1778946127.6063297, 'seen_count': 2, 'channels': [], 'avg_rssi': None}, '49:20:5c:0d:69:51': {'first_seen': 1778946127.910998, 'last_seen': 1778946127.9120953, 'seen_count': 2, 'channels': [], 'avg_rssi': None}, '47:53:17:cf:7e:6d': {'first_seen': 1778946128.2300196, 'last_seen': 1778946128.2311192, 'seen_count': 2, 'channels': [], 'avg_rssi': None}, 'f1:1f:dd:75:01:43': {'first_seen': 1778946128.5360587, 'last_seen': 1778946128.5371342, 'seen_count': 2, 'channels': [], 'avg_rssi': None}, 'bc:2f:b4:be:0d:5b': {'first_seen': 1778946128.851104, 'last_seen': 1778946128.8521454, 'seen_count': 2, 'channels': [], 'avg_rssi': None}, '85:11:c2:a7:7b:6e': {'first_seen': 1778946129.160379, 'last_seen': 1778946129.1615448, 'seen_count': 2, 'channels': [], 'avg_rssi': None}, 'de:f0:6b:ea:a1:0c': {'first_seen': 1778946129.4731462, 'last_seen': 1778946129.4740634, 'seen_count': 2, 'channels': [], 'avg_rssi': None}, 'db:d1:0b:30:bc:33': {'first_seen': 1778946129.7845688, 'last_seen': 1778946129.7856967, 'seen_count': 2, 'channels': [], 'avg_rssi': None}, '09:70:be:00:55:13': {'first_seen': 1778946130.104089, 'last_seen': 1778946130.1050813, 'seen_count': 2, 'channels': [], 'avg_rssi': None}, 'b2:a6:4f:22:ba:7b': {'first_seen': 1778946130.422678, 'last_seen': 1778946130.4236, 'seen_count': 2, 'channels': [], 'avg_rssi': None}, '92:db:80:61:30:13': {'first_seen': 1778946130.7312567, 'last_seen': 1778946130.7322512, 'seen_count': 2, 'channels': [], 'avg_rssi': None}, 'e0:0d:d1:ea:29:e6': {'first_seen': 1778946131.0450366, 'last_seen': 1778946131.0460105, 'seen_count': 2, 'channels': [], 'avg_rssi': None}, 'ae:05:dd:b2:df:55': {'first_seen': 1778946131.3526156, 'last_seen': 1778946131.3536484, 'seen_count': 2, 'channels': [], 'avg_rssi': None}, '08:32:1b:9d:63:2e': {'first_seen': 1778946131.665058, 'last_seen': 1778946131.6680386, 'seen_count': 2, 'channels': [], 'avg_rssi': None}, 'f8:f3:5e:32:01:ba': {'first_seen': 1778946131.9713194, 'last_seen': 1778946131.9724393, 'seen_count': 2, 'channels': [], 'avg_rssi': None}, '33:8a:b7:0f:c2:a3': {'first_seen': 1778946132.289658, 'last_seen': 1778946132.290704, 'seen_count': 2, 'channels': [], 'avg_rssi': None}, 'be:de:f0:dd:f0:7d': {'first_seen': 1778946132.5984707, 'last_seen': 1778946132.6037102, 'seen_count': 2, 'channels': [], 'avg_rssi': None}, 'ec:1f:f9:61:b9:50': {'first_seen': 1778946132.9135447, 'last_seen': 1778946132.9147327, 'seen_count': 2, 'channels': [], 'avg_rssi': None}, '76:09:1e:91:92:51': {'first_seen': 1778946133.2235734, 'last_seen': 1778946133.224509, 'seen_count': 2, 'channels': [], 'avg_rssi': None}, '05:2c:57:d2:6e:e8': {'first_seen': 1778946133.538205, 'last_seen': 1778946133.5392706, 'seen_count': 2, 'channels': [], 'avg_rssi': None}, 'df:4e:d0:a9:70:a4': {'first_seen': 1778946133.853136, 'last_seen': 1778946133.8542821, 'seen_count': 2, 'channels': [], 'avg_rssi': None}, '0c:c2:8f:08:31:85': {'first_seen': 1778946134.1687572, 'last_seen': 1778946134.1699166, 'seen_count': 2, 'channels': [], 'avg_rssi': None}, 'b9:0b:fc:3c:3f:c1': {'first_seen': 1778946134.4754927, 'last_seen': 1778946134.4766877, 'seen_count': 2, 'channels': [], 'avg_rssi': None}, 'cd:54:6e:6d:a8:f1': {'first_seen': 1778946134.7975662, 'last_seen': 1778946134.7987013, 'seen_count': 2, 'channels': [], 'avg_rssi': None}, '7c:35:43:d3:ed:9f': {'first_seen': 1778946135.1111953, 'last_seen': 1778946135.1123445, 'seen_count': 2, 'channels': [], 'avg_rssi': None}, '5d:0e:ed:d1:01:84': {'first_seen': 1778946135.4197073, 'last_seen': 1778946135.420867, 'seen_count': 2, 'channels': [], 'avg_rssi': None}, 'e1:1f:7a:33:94:63': {'first_seen': 1778946135.7368174, 'last_seen': 1778946135.737753, 'seen_count': 2, 'channels': [], 'avg_rssi': None}, 'de:a1:13:d7:4e:c8': {'first_seen': 1778946136.0474696, 'last_seen': 1778946136.0485175, 'seen_count': 2, 'channels': [], 'avg_rssi': None}, '99:63:f9:42:00:9e': {'first_seen': 1778946136.3647993, 'last_seen': 1778946136.3660326, 'seen_count': 2, 'channels': [], 'avg_rssi': None}, 'c4:3c:07:6d:06:32': {'first_seen': 1778946136.6741416, 'last_seen': 1778946136.6753066, 'seen_count': 2, 'channels': [], 'avg_rssi': None}, '3e:38:05:b1:24:de': {'first_seen': 1778946136.9887853, 'last_seen': 1778946136.9899414, 'seen_count': 2, 'channels': [], 'avg_rssi': None}, 'c8:09:06:93:f4:57': {'first_seen': 1778946137.296374, 'last_seen': 1778946137.297462, 'seen_count': 2, 'channels': [], 'avg_rssi': None}, 'a5:c4:73:bb:28:0a': {'first_seen': 1778946137.6116078, 'last_seen': 1778946137.6116078, 'seen_count': 1, 'channels': [], 'avg_rssi': None}, '5b:50:37:28:8b:79': {'first_seen': 1778946137.9128335, 'last_seen': 1778946137.9128335, 'seen_count': 1, 'channels': [], 'avg_rssi': None}}}
!!!!!!!!!!!!!!!!!!!!!!!!!!!!!!!!!!!!!!!!!!!!!!!!!!!!!!!!!!!!!!!!!!!!!!!!!!!!!!!!


================================================================================
STATISTICS after 150.4s
--------------------------------------------------------------------------------
total frames: 8782

by frame type:
  management: 7244
  control: 961
  data: 577

by frame subtype:
  beacon: 7197
  ack: 502
  null_data: 385
  rts: 183
  cts: 162
  data: 102
  block_ack: 96
  qos_null: 70
  probe_response: 23
  qos_data: 20
  action: 16
  cf_end: 15
  probe_request: 8
  block_ack_request: 3

unique SSIDs: 32
unique BSSIDs: 2956
================================================================================

!!!!!!!!!!!!!!!!!!!!!!!!!!!!!!!!!!!!!!!!!!!!!!!!!!!!!!!!!!!!!!!!!!!!!!!!!!!!!!!!
[ALERT] ALERT-000048 | POTENTIAL_EVIL_TWIN
severity: LOW
time: 2026-05-16T15:42:17.926419
message: Wykryto potencjalny Evil Twin / Rogue AP dla SSID 'TestNet_012'. Zaobserwowano 98 różnych BSSID oraz podejrzane różnice parametrów sieci.
evidence: {'ssid': 'TestNet_012', 'bssid_count': 98, 'bssids': ['c5:bf:b1:d5:fe:65', '13:a4:98:bd:4f:be', '7f:d1:08:3e:df:44', '80:ea:a6:e9:59:bd', 'c0:ea:fa:7d:18:db', 'ec:06:0c:3e:80:7a', '90:b1:59:90:57:0c', '35:7b:ff:45:6f:0a', '5f:6e:f7:98:b5:02', '41:6d:22:c3:e5:2f', '98:6d:46:96:06:92', '33:7f:92:3d:fb:8f', 'ad:e1:48:f6:a8:f8', '2d:a8:c6:1d:8b:f8', '48:7e:8b:bc:99:37', '16:93:97:9d:3f:5d', '38:98:fd:1f:41:43', '1d:ce:45:24:de:5b', '76:33:11:4c:dc:8c', '56:2c:bc:67:e5:2a', '89:4a:0e:f6:5b:a9', '1c:b6:4a:9b:b8:36', '40:71:0d:10:e7:33', 'd0:1c:a3:f4:5e:1e', '0a:62:fe:87:3c:9d', '99:f2:f4:54:5b:78', 'b2:95:35:8d:64:3d', '49:d2:09:f9:c9:c2', '0b:e9:23:25:f4:06', '1e:a5:6a:1c:8a:da', '6a:1d:ab:aa:29:c4', '4a:3c:6d:0b:8b:1d', '77:06:ba:9c:4f:d2', 'd9:1a:50:61:7d:9a', '16:1e:6f:1d:48:3f', 'fb:ed:40:35:ba:a0', '05:b8:10:ac:bb:ac', 'db:af:b6:0f:69:96', '85:68:87:ca:bc:f0', '4d:4c:cb:b7:7b:26', '60:2c:3d:7d:d3:75', '32:54:61:ed:da:fe', '91:15:05:23:4e:2a', 'df:4d:39:54:55:d8', '9a:fc:b5:56:67:2b', '58:76:2f:19:8a:98', '20:a6:e2:4a:bf:8f', 'ce:16:29:fe:6c:85', 'b0:cf:ef:e6:1e:0c', 'd1:f7:00:33:f9:bd', 'f1:a7:fe:2f:fb:32', 'cd:7d:31:bf:b7:33', '1b:64:09:0b:7f:76', 'f9:4a:c3:1d:d0:0f', '3d:06:df:f9:85:e3', 'e1:c8:76:8b:18:ec', 'a4:ba:51:b7:d6:ee', '3d:6c:d5:83:93:eb', '80:9c:b6:d2:fb:d5', '13:25:aa:05:a5:0b', 'cc:b9:d7:5f:11:0e', 'c2:96:4a:73:d8:33', '82:22:d4:3d:7b:a5', '97:c6:1a:b8:b1:90', 'aa:8b:ab:64:ad:a6', 'a6:d8:09:fc:24:08', 'f7:43:d1:16:08:73', '24:8c:7f:0d:4d:ab', '5f:c6:4e:e4:08:ae', 'fd:0d:c5:0d:0c:14', '74:dc:02:74:cb:e3', '2c:a2:5b:d2:e6:1d', '3b:97:59:bb:6a:5b', '2b:fa:82:64:c7:ca', 'f9:6c:5c:99:97:64', '17:1c:0a:4e:a8:71', '0f:e6:b8:bc:58:36', '36:df:ee:09:b0:2e', '1a:fb:73:33:19:e7', 'e2:04:36:01:2b:af', '7a:f7:b2:3f:94:99', '21:0a:f0:e0:05:94', 'be:8f:d9:a3:e3:d0', '2e:ea:7c:a2:c6:25', 'd3:3f:04:4c:02:97', 'c8:24:25:45:f0:c3', 'e6:5a:9d:a6:c7:fa', 'bb:d2:ea:3c:57:65', 'd6:90:29:9f:30:29', '41:53:7b:91:b5:91', '77:fa:3f:85:68:62', '2b:80:e2:5f:d9:d2', '22:b4:a8:62:9f:b6', 'a0:4e:bf:ee:8d:a2', '5b:13:66:8c:7c:e7', 'ba:63:17:fc:fa:7a', '52:dc:11:e1:55:83', '97:69:25:6a:cf:8c'], 'triggered_reasons': ['same_ssid_multiple_bssid'], 'observations': {'c5:bf:b1:d5:fe:65': {'first_seen': 1778946107.3526838, 'last_seen': 1778946107.3539116, 'seen_count': 2, 'channels': [], 'avg_rssi': None}, '13:a4:98:bd:4f:be': {'first_seen': 1778946107.6589751, 'last_seen': 1778946107.6599205, 'seen_count': 2, 'channels': [], 'avg_rssi': None}, '7f:d1:08:3e:df:44': {'first_seen': 1778946107.9725475, 'last_seen': 1778946107.9736876, 'seen_count': 2, 'channels': [], 'avg_rssi': None}, '80:ea:a6:e9:59:bd': {'first_seen': 1778946108.2823353, 'last_seen': 1778946108.2834597, 'seen_count': 2, 'channels': [], 'avg_rssi': None}, 'c0:ea:fa:7d:18:db': {'first_seen': 1778946108.593521, 'last_seen': 1778946108.5947316, 'seen_count': 2, 'channels': [], 'avg_rssi': None}, 'ec:06:0c:3e:80:7a': {'first_seen': 1778946108.9014678, 'last_seen': 1778946108.902366, 'seen_count': 2, 'channels': [], 'avg_rssi': None}, '90:b1:59:90:57:0c': {'first_seen': 1778946109.2117922, 'last_seen': 1778946109.2126265, 'seen_count': 2, 'channels': [], 'avg_rssi': None}, '35:7b:ff:45:6f:0a': {'first_seen': 1778946109.522356, 'last_seen': 1778946109.5232809, 'seen_count': 2, 'channels': [], 'avg_rssi': None}, '5f:6e:f7:98:b5:02': {'first_seen': 1778946109.8311536, 'last_seen': 1778946109.8322918, 'seen_count': 2, 'channels': [], 'avg_rssi': None}, '41:6d:22:c3:e5:2f': {'first_seen': 1778946110.1389434, 'last_seen': 1778946110.1401772, 'seen_count': 2, 'channels': [], 'avg_rssi': None}, '98:6d:46:96:06:92': {'first_seen': 1778946110.450554, 'last_seen': 1778946110.4516916, 'seen_count': 2, 'channels': [], 'avg_rssi': None}, '33:7f:92:3d:fb:8f': {'first_seen': 1778946110.7589195, 'last_seen': 1778946110.759956, 'seen_count': 2, 'channels': [], 'avg_rssi': None}, 'ad:e1:48:f6:a8:f8': {'first_seen': 1778946111.0677254, 'last_seen': 1778946111.0689733, 'seen_count': 2, 'channels': [], 'avg_rssi': None}, '2d:a8:c6:1d:8b:f8': {'first_seen': 1778946111.380098, 'last_seen': 1778946111.3812385, 'seen_count': 2, 'channels': [], 'avg_rssi': None}, '48:7e:8b:bc:99:37': {'first_seen': 1778946111.6847777, 'last_seen': 1778946111.6856332, 'seen_count': 2, 'channels': [], 'avg_rssi': None}, '16:93:97:9d:3f:5d': {'first_seen': 1778946111.995152, 'last_seen': 1778946111.9961476, 'seen_count': 2, 'channels': [], 'avg_rssi': None}, '38:98:fd:1f:41:43': {'first_seen': 1778946112.302129, 'last_seen': 1778946112.3030422, 'seen_count': 2, 'channels': [], 'avg_rssi': None}, '1d:ce:45:24:de:5b': {'first_seen': 1778946112.6172917, 'last_seen': 1778946112.6184351, 'seen_count': 2, 'channels': [], 'avg_rssi': None}, '76:33:11:4c:dc:8c': {'first_seen': 1778946112.9260013, 'last_seen': 1778946112.9269516, 'seen_count': 2, 'channels': [], 'avg_rssi': None}, '56:2c:bc:67:e5:2a': {'first_seen': 1778946113.2449517, 'last_seen': 1778946113.247959, 'seen_count': 2, 'channels': [], 'avg_rssi': None}, '89:4a:0e:f6:5b:a9': {'first_seen': 1778946113.5577307, 'last_seen': 1778946113.558852, 'seen_count': 2, 'channels': [], 'avg_rssi': None}, '1c:b6:4a:9b:b8:36': {'first_seen': 1778946113.8693933, 'last_seen': 1778946113.8703797, 'seen_count': 2, 'channels': [], 'avg_rssi': None}, '40:71:0d:10:e7:33': {'first_seen': 1778946114.177201, 'last_seen': 1778946114.1783848, 'seen_count': 2, 'channels': [], 'avg_rssi': None}, 'd0:1c:a3:f4:5e:1e': {'first_seen': 1778946114.4889507, 'last_seen': 1778946114.4898992, 'seen_count': 2, 'channels': [], 'avg_rssi': None}, '0a:62:fe:87:3c:9d': {'first_seen': 1778946114.796726, 'last_seen': 1778946114.797792, 'seen_count': 2, 'channels': [], 'avg_rssi': None}, '99:f2:f4:54:5b:78': {'first_seen': 1778946115.1081412, 'last_seen': 1778946115.1090658, 'seen_count': 2, 'channels': [], 'avg_rssi': None}, 'b2:95:35:8d:64:3d': {'first_seen': 1778946115.4240348, 'last_seen': 1778946115.4249504, 'seen_count': 2, 'channels': [], 'avg_rssi': None}, '49:d2:09:f9:c9:c2': {'first_seen': 1778946115.729836, 'last_seen': 1778946115.730712, 'seen_count': 2, 'channels': [], 'avg_rssi': None}, '0b:e9:23:25:f4:06': {'first_seen': 1778946116.0387359, 'last_seen': 1778946116.0396066, 'seen_count': 2, 'channels': [], 'avg_rssi': None}, '1e:a5:6a:1c:8a:da': {'first_seen': 1778946116.3457093, 'last_seen': 1778946116.3466635, 'seen_count': 2, 'channels': [], 'avg_rssi': None}, '6a:1d:ab:aa:29:c4': {'first_seen': 1778946116.6575613, 'last_seen': 1778946116.658663, 'seen_count': 2, 'channels': [], 'avg_rssi': None}, '4a:3c:6d:0b:8b:1d': {'first_seen': 1778946116.970086, 'last_seen': 1778946116.971031, 'seen_count': 2, 'channels': [], 'avg_rssi': None}, '77:06:ba:9c:4f:d2': {'first_seen': 1778946117.2814715, 'last_seen': 1778946117.2826746, 'seen_count': 2, 'channels': [], 'avg_rssi': None}, 'd9:1a:50:61:7d:9a': {'first_seen': 1778946117.590166, 'last_seen': 1778946117.5911934, 'seen_count': 2, 'channels': [], 'avg_rssi': None}, '16:1e:6f:1d:48:3f': {'first_seen': 1778946117.9027164, 'last_seen': 1778946117.9038365, 'seen_count': 2, 'channels': [], 'avg_rssi': None}, 'fb:ed:40:35:ba:a0': {'first_seen': 1778946118.2127967, 'last_seen': 1778946118.2138402, 'seen_count': 2, 'channels': [], 'avg_rssi': None}, '05:b8:10:ac:bb:ac': {'first_seen': 1778946118.5271728, 'last_seen': 1778946118.5281172, 'seen_count': 2, 'channels': [], 'avg_rssi': None}, 'db:af:b6:0f:69:96': {'first_seen': 1778946118.8418016, 'last_seen': 1778946118.8428922, 'seen_count': 2, 'channels': [], 'avg_rssi': None}, '85:68:87:ca:bc:f0': {'first_seen': 1778946119.1546998, 'last_seen': 1778946119.1557674, 'seen_count': 2, 'channels': [], 'avg_rssi': None}, '4d:4c:cb:b7:7b:26': {'first_seen': 1778946119.463994, 'last_seen': 1778946119.4651783, 'seen_count': 2, 'channels': [], 'avg_rssi': None}, '60:2c:3d:7d:d3:75': {'first_seen': 1778946119.7727456, 'last_seen': 1778946119.7736804, 'seen_count': 2, 'channels': [], 'avg_rssi': None}, '32:54:61:ed:da:fe': {'first_seen': 1778946120.0859635, 'last_seen': 1778946120.0870874, 'seen_count': 2, 'channels': [], 'avg_rssi': None}, '91:15:05:23:4e:2a': {'first_seen': 1778946120.3927498, 'last_seen': 1778946120.3937125, 'seen_count': 2, 'channels': [], 'avg_rssi': None}, 'df:4d:39:54:55:d8': {'first_seen': 1778946120.705776, 'last_seen': 1778946120.7070973, 'seen_count': 2, 'channels': [], 'avg_rssi': None}, '9a:fc:b5:56:67:2b': {'first_seen': 1778946121.0260959, 'last_seen': 1778946121.026991, 'seen_count': 2, 'channels': [], 'avg_rssi': None}, '58:76:2f:19:8a:98': {'first_seen': 1778946121.3330176, 'last_seen': 1778946121.334263, 'seen_count': 2, 'channels': [], 'avg_rssi': None}, '20:a6:e2:4a:bf:8f': {'first_seen': 1778946121.6432602, 'last_seen': 1778946121.6452687, 'seen_count': 2, 'channels': [], 'avg_rssi': None}, 'ce:16:29:fe:6c:85': {'first_seen': 1778946121.95588, 'last_seen': 1778946121.956787, 'seen_count': 2, 'channels': [], 'avg_rssi': None}, 'b0:cf:ef:e6:1e:0c': {'first_seen': 1778946122.2677457, 'last_seen': 1778946122.2686777, 'seen_count': 2, 'channels': [], 'avg_rssi': None}, 'd1:f7:00:33:f9:bd': {'first_seen': 1778946122.586675, 'last_seen': 1778946122.5875688, 'seen_count': 2, 'channels': [], 'avg_rssi': None}, 'f1:a7:fe:2f:fb:32': {'first_seen': 1778946122.9026792, 'last_seen': 1778946122.9037297, 'seen_count': 2, 'channels': [], 'avg_rssi': None}, 'cd:7d:31:bf:b7:33': {'first_seen': 1778946123.2170882, 'last_seen': 1778946123.2182357, 'seen_count': 2, 'channels': [], 'avg_rssi': None}, '1b:64:09:0b:7f:76': {'first_seen': 1778946123.5385711, 'last_seen': 1778946123.5396369, 'seen_count': 2, 'channels': [], 'avg_rssi': None}, 'f9:4a:c3:1d:d0:0f': {'first_seen': 1778946123.8485181, 'last_seen': 1778946123.8493855, 'seen_count': 2, 'channels': [], 'avg_rssi': None}, '3d:06:df:f9:85:e3': {'first_seen': 1778946124.1604614, 'last_seen': 1778946124.1614082, 'seen_count': 2, 'channels': [], 'avg_rssi': None}, 'e1:c8:76:8b:18:ec': {'first_seen': 1778946124.4702585, 'last_seen': 1778946124.4711733, 'seen_count': 2, 'channels': [], 'avg_rssi': None}, 'a4:ba:51:b7:d6:ee': {'first_seen': 1778946124.7871335, 'last_seen': 1778946124.7880595, 'seen_count': 2, 'channels': [], 'avg_rssi': None}, '3d:6c:d5:83:93:eb': {'first_seen': 1778946125.102868, 'last_seen': 1778946125.1040826, 'seen_count': 2, 'channels': [], 'avg_rssi': None}, '80:9c:b6:d2:fb:d5': {'first_seen': 1778946125.4145715, 'last_seen': 1778946125.4154735, 'seen_count': 2, 'channels': [], 'avg_rssi': None}, '13:25:aa:05:a5:0b': {'first_seen': 1778946125.7243676, 'last_seen': 1778946125.7252328, 'seen_count': 2, 'channels': [], 'avg_rssi': None}, 'cc:b9:d7:5f:11:0e': {'first_seen': 1778946126.036016, 'last_seen': 1778946126.0368803, 'seen_count': 2, 'channels': [], 'avg_rssi': None}, 'c2:96:4a:73:d8:33': {'first_seen': 1778946126.3531559, 'last_seen': 1778946126.3543947, 'seen_count': 2, 'channels': [], 'avg_rssi': None}, '82:22:d4:3d:7b:a5': {'first_seen': 1778946126.6696465, 'last_seen': 1778946126.6705306, 'seen_count': 2, 'channels': [], 'avg_rssi': None}, '97:c6:1a:b8:b1:90': {'first_seen': 1778946126.9838398, 'last_seen': 1778946126.984671, 'seen_count': 2, 'channels': [], 'avg_rssi': None}, 'aa:8b:ab:64:ad:a6': {'first_seen': 1778946127.3008025, 'last_seen': 1778946127.3018126, 'seen_count': 2, 'channels': [], 'avg_rssi': None}, 'a6:d8:09:fc:24:08': {'first_seen': 1778946127.6152947, 'last_seen': 1778946127.6164544, 'seen_count': 2, 'channels': [], 'avg_rssi': None}, 'f7:43:d1:16:08:73': {'first_seen': 1778946127.9211226, 'last_seen': 1778946127.9222286, 'seen_count': 2, 'channels': [], 'avg_rssi': None}, '24:8c:7f:0d:4d:ab': {'first_seen': 1778946128.2401645, 'last_seen': 1778946128.241112, 'seen_count': 2, 'channels': [], 'avg_rssi': None}, '5f:c6:4e:e4:08:ae': {'first_seen': 1778946128.5461848, 'last_seen': 1778946128.5471354, 'seen_count': 2, 'channels': [], 'avg_rssi': None}, 'fd:0d:c5:0d:0c:14': {'first_seen': 1778946128.8611991, 'last_seen': 1778946128.8622708, 'seen_count': 2, 'channels': [], 'avg_rssi': None}, '74:dc:02:74:cb:e3': {'first_seen': 1778946129.1719863, 'last_seen': 1778946129.1730387, 'seen_count': 2, 'channels': [], 'avg_rssi': None}, '2c:a2:5b:d2:e6:1d': {'first_seen': 1778946129.483282, 'last_seen': 1778946129.4841833, 'seen_count': 2, 'channels': [], 'avg_rssi': None}, '3b:97:59:bb:6a:5b': {'first_seen': 1778946129.7947102, 'last_seen': 1778946129.7958205, 'seen_count': 2, 'channels': [], 'avg_rssi': None}, '2b:fa:82:64:c7:ca': {'first_seen': 1778946130.1141853, 'last_seen': 1778946130.115211, 'seen_count': 2, 'channels': [], 'avg_rssi': None}, 'f9:6c:5c:99:97:64': {'first_seen': 1778946130.4327803, 'last_seen': 1778946130.4338512, 'seen_count': 2, 'channels': [], 'avg_rssi': None}, '17:1c:0a:4e:a8:71': {'first_seen': 1778946130.7413602, 'last_seen': 1778946130.7425013, 'seen_count': 2, 'channels': [], 'avg_rssi': None}, '0f:e6:b8:bc:58:36': {'first_seen': 1778946131.0551238, 'last_seen': 1778946131.0560079, 'seen_count': 2, 'channels': [], 'avg_rssi': None}, '36:df:ee:09:b0:2e': {'first_seen': 1778946131.362723, 'last_seen': 1778946131.3637745, 'seen_count': 2, 'channels': [], 'avg_rssi': None}, '1a:fb:73:33:19:e7': {'first_seen': 1778946131.6751537, 'last_seen': 1778946131.677914, 'seen_count': 2, 'channels': [], 'avg_rssi': None}, 'e2:04:36:01:2b:af': {'first_seen': 1778946131.9814167, 'last_seen': 1778946131.9825652, 'seen_count': 2, 'channels': [], 'avg_rssi': None}, '7a:f7:b2:3f:94:99': {'first_seen': 1778946132.2997494, 'last_seen': 1778946132.3006957, 'seen_count': 2, 'channels': [], 'avg_rssi': None}, '21:0a:f0:e0:05:94': {'first_seen': 1778946132.6090627, 'last_seen': 1778946132.610214, 'seen_count': 2, 'channels': [], 'avg_rssi': None}, 'be:8f:d9:a3:e3:d0': {'first_seen': 1778946132.9236488, 'last_seen': 1778946132.9247308, 'seen_count': 2, 'channels': [], 'avg_rssi': None}, '2e:ea:7c:a2:c6:25': {'first_seen': 1778946133.2347054, 'last_seen': 1778946133.2356236, 'seen_count': 2, 'channels': [], 'avg_rssi': None}, 'd3:3f:04:4c:02:97': {'first_seen': 1778946133.548297, 'last_seen': 1778946133.5492628, 'seen_count': 2, 'channels': [], 'avg_rssi': None}, 'c8:24:25:45:f0:c3': {'first_seen': 1778946133.8664155, 'last_seen': 1778946133.8672783, 'seen_count': 2, 'channels': [], 'avg_rssi': None}, 'e6:5a:9d:a6:c7:fa': {'first_seen': 1778946134.1789262, 'last_seen': 1778946134.180047, 'seen_count': 2, 'channels': [], 'avg_rssi': None}, 'bb:d2:ea:3c:57:65': {'first_seen': 1778946134.4907348, 'last_seen': 1778946134.49194, 'seen_count': 2, 'channels': [], 'avg_rssi': None}, 'd6:90:29:9f:30:29': {'first_seen': 1778946134.8077028, 'last_seen': 1778946134.8087094, 'seen_count': 2, 'channels': [], 'avg_rssi': None}, '41:53:7b:91:b5:91': {'first_seen': 1778946135.1212983, 'last_seen': 1778946135.1223533, 'seen_count': 2, 'channels': [], 'avg_rssi': None}, '77:fa:3f:85:68:62': {'first_seen': 1778946135.4306648, 'last_seen': 1778946135.431608, 'seen_count': 2, 'channels': [], 'avg_rssi': None}, '2b:80:e2:5f:d9:d2': {'first_seen': 1778946135.7469153, 'last_seen': 1778946135.7481246, 'seen_count': 2, 'channels': [], 'avg_rssi': None}, '22:b4:a8:62:9f:b6': {'first_seen': 1778946136.0575826, 'last_seen': 1778946136.0586598, 'seen_count': 2, 'channels': [], 'avg_rssi': None}, 'a0:4e:bf:ee:8d:a2': {'first_seen': 1778946136.3748918, 'last_seen': 1778946136.3760343, 'seen_count': 2, 'channels': [], 'avg_rssi': None}, '5b:13:66:8c:7c:e7': {'first_seen': 1778946136.6842322, 'last_seen': 1778946136.6852994, 'seen_count': 2, 'channels': [], 'avg_rssi': None}, 'ba:63:17:fc:fa:7a': {'first_seen': 1778946137.0015101, 'last_seen': 1778946137.002693, 'seen_count': 2, 'channels': [], 'avg_rssi': None}, '52:dc:11:e1:55:83': {'first_seen': 1778946137.3064766, 'last_seen': 1778946137.3073363, 'seen_count': 2, 'channels': [], 'avg_rssi': None}, '97:69:25:6a:cf:8c': {'first_seen': 1778946137.926419, 'last_seen': 1778946137.926419, 'seen_count': 1, 'channels': [], 'avg_rssi': None}}}
!!!!!!!!!!!!!!!!!!!!!!!!!!!!!!!!!!!!!!!!!!!!!!!!!!!!!!!!!!!!!!!!!!!!!!!!!!!!!!!!


!!!!!!!!!!!!!!!!!!!!!!!!!!!!!!!!!!!!!!!!!!!!!!!!!!!!!!!!!!!!!!!!!!!!!!!!!!!!!!!!
[ALERT] ALERT-000049 | POTENTIAL_EVIL_TWIN
severity: LOW
time: 2026-05-16T15:42:17.936514
message: Wykryto potencjalny Evil Twin / Rogue AP dla SSID 'TestNet_013'. Zaobserwowano 99 różnych BSSID oraz podejrzane różnice parametrów sieci.
evidence: {'ssid': 'TestNet_013', 'bssid_count': 99, 'bssids': ['a5:ba:97:23:3e:30', '83:67:f0:0f:7c:b8', '54:19:7c:75:fe:d0', 'dd:f9:4c:b7:85:65', 'd9:32:4d:99:3f:02', 'e6:7f:f3:f2:99:07', '45:d6:bb:94:1e:cc', '2d:2d:79:39:c3:4c', 'e9:f3:09:02:d6:82', '93:14:4b:eb:f6:ad', '2f:b0:57:58:e3:10', '44:ac:e8:51:7f:34', 'ca:3b:13:a5:07:c7', '12:33:c1:d3:8a:4d', 'ae:24:d4:d7:70:06', '8f:1a:bc:1f:b4:df', '18:6e:82:c8:b8:c7', '39:e3:58:c3:36:ab', '84:49:9f:95:45:8b', '13:48:79:ac:f8:da', '64:11:d8:95:11:17', 'ff:4e:82:4f:1d:48', '1b:9a:37:02:84:51', '5d:c7:f5:4a:c9:79', 'd3:c2:16:45:fe:5d', 'f7:60:d4:2a:d1:9c', '44:df:06:5f:af:9f', '1a:ff:39:96:43:07', '05:3b:4b:96:8e:30', '6d:2b:7c:91:0c:51', '00:44:52:bf:8c:71', '87:bc:10:5c:4b:08', '8c:4b:c5:a7:a5:86', '00:9f:b0:1e:55:f0', 'ca:85:8b:23:78:f6', 'ff:c8:70:d0:54:b6', '93:2f:23:ca:42:d9', '73:82:2f:2c:ad:60', 'a6:8d:a2:d5:10:01', '5a:69:17:61:8b:1e', '6b:e5:b1:86:2b:36', '8c:55:f5:3e:44:24', '83:b3:b3:2d:71:f3', '9f:1f:89:8e:93:4a', 'e4:ce:25:cc:c7:4c', '33:00:b0:2e:30:73', '17:fa:05:2c:c4:7f', '80:f9:8b:2f:36:90', '20:fd:d3:84:40:1b', '17:70:bc:2a:a0:4e', '95:77:b5:3c:fc:db', '1f:ef:66:e3:79:ab', '2f:b5:8d:67:20:e0', '5d:d4:c3:6b:0e:9d', '17:46:ba:17:61:8d', '01:17:07:12:7f:b8', '6d:76:a8:40:d8:d8', 'e1:95:f4:7f:b3:90', '0e:ef:ec:bd:7f:7b', 'ff:c4:27:15:c9:24', '9a:2b:13:ad:7b:a6', '04:0f:13:0b:a3:b1', 'b8:5f:db:02:33:e1', '36:5a:13:bb:5a:c8', '06:61:19:72:73:45', 'f2:22:a9:a4:f0:ae', 'eb:ec:99:d9:30:08', 'd1:57:38:ae:6d:d2', 'b0:42:ab:a9:20:49', '37:37:85:af:ce:d6', '52:26:e6:81:42:59', '1c:0d:a9:6d:73:ce', '21:4a:6b:3d:5a:25', 'ee:77:5b:9d:82:c2', '3d:c1:a1:a7:b2:1b', 'f4:96:e9:95:10:28', 'b8:0c:5b:07:49:45', 'e9:0a:f4:40:bd:59', '0c:f6:c3:19:0e:e4', '24:87:81:8c:1b:4f', 'd2:8c:83:38:a7:11', 'cc:af:0b:fd:5d:20', 'ff:ff:58:23:d7:dd', '15:9b:5a:04:63:4d', 'ef:99:9e:92:b0:fb', 'cd:6a:71:4e:25:d8', '64:59:36:b2:0a:03', 'f1:e0:f9:53:6d:c7', '4e:46:86:44:e3:65', '93:1a:19:dd:b4:ea', 'e9:0e:48:ab:33:1d', 'ff:18:2f:4d:4f:16', '83:ac:f2:0f:6f:bc', '71:ee:3e:ca:6f:5f', 'ba:69:99:03:0a:e7', '8a:40:9d:59:4d:47', '36:7a:c5:ee:9e:47', '7e:a1:af:43:3b:b4', 'c1:3e:13:c1:6d:8a'], 'triggered_reasons': ['same_ssid_multiple_bssid'], 'observations': {'a5:ba:97:23:3e:30': {'first_seen': 1778946107.3627937, 'last_seen': 1778946107.3639064, 'seen_count': 2, 'channels': [], 'avg_rssi': None}, '83:67:f0:0f:7c:b8': {'first_seen': 1778946107.6690922, 'last_seen': 1778946107.6703026, 'seen_count': 2, 'channels': [], 'avg_rssi': None}, '54:19:7c:75:fe:d0': {'first_seen': 1778946107.982651, 'last_seen': 1778946107.9838111, 'seen_count': 2, 'channels': [], 'avg_rssi': None}, 'dd:f9:4c:b7:85:65': {'first_seen': 1778946108.2924519, 'last_seen': 1778946108.2934594, 'seen_count': 2, 'channels': [], 'avg_rssi': None}, 'd9:32:4d:99:3f:02': {'first_seen': 1778946108.6036482, 'last_seen': 1778946108.604728, 'seen_count': 2, 'channels': [], 'avg_rssi': None}, 'e6:7f:f3:f2:99:07': {'first_seen': 1778946108.9119396, 'last_seen': 1778946108.912864, 'seen_count': 2, 'channels': [], 'avg_rssi': None}, '45:d6:bb:94:1e:cc': {'first_seen': 1778946109.2221093, 'last_seen': 1778946109.223259, 'seen_count': 2, 'channels': [], 'avg_rssi': None}, '2d:2d:79:39:c3:4c': {'first_seen': 1778946109.5324607, 'last_seen': 1778946109.533536, 'seen_count': 2, 'channels': [], 'avg_rssi': None}, 'e9:f3:09:02:d6:82': {'first_seen': 1778946109.8412473, 'last_seen': 1778946109.8422847, 'seen_count': 2, 'channels': [], 'avg_rssi': None}, '93:14:4b:eb:f6:ad': {'first_seen': 1778946110.149062, 'last_seen': 1778946110.1501775, 'seen_count': 2, 'channels': [], 'avg_rssi': None}, '2f:b0:57:58:e3:10': {'first_seen': 1778946110.4606488, 'last_seen': 1778946110.4616902, 'seen_count': 2, 'channels': [], 'avg_rssi': None}, '44:ac:e8:51:7f:34': {'first_seen': 1778946110.7690644, 'last_seen': 1778946110.770213, 'seen_count': 2, 'channels': [], 'avg_rssi': None}, 'ca:3b:13:a5:07:c7': {'first_seen': 1778946111.0778282, 'last_seen': 1778946111.0787222, 'seen_count': 2, 'channels': [], 'avg_rssi': None}, '12:33:c1:d3:8a:4d': {'first_seen': 1778946111.3902128, 'last_seen': 1778946111.3913686, 'seen_count': 2, 'channels': [], 'avg_rssi': None}, 'ae:24:d4:d7:70:06': {'first_seen': 1778946111.694898, 'last_seen': 1778946111.6960118, 'seen_count': 2, 'channels': [], 'avg_rssi': None}, '8f:1a:bc:1f:b4:df': {'first_seen': 1778946112.0052512, 'last_seen': 1778946112.0063977, 'seen_count': 2, 'channels': [], 'avg_rssi': None}, '18:6e:82:c8:b8:c7': {'first_seen': 1778946112.3146653, 'last_seen': 1778946112.3155375, 'seen_count': 2, 'channels': [], 'avg_rssi': None}, '39:e3:58:c3:36:ab': {'first_seen': 1778946112.6274145, 'last_seen': 1778946112.6284373, 'seen_count': 2, 'channels': [], 'avg_rssi': None}, '84:49:9f:95:45:8b': {'first_seen': 1778946112.9361222, 'last_seen': 1778946112.937328, 'seen_count': 2, 'channels': [], 'avg_rssi': None}, '13:48:79:ac:f8:da': {'first_seen': 1778946113.2550473, 'last_seen': 1778946113.2562127, 'seen_count': 2, 'channels': [], 'avg_rssi': None}, '64:11:d8:95:11:17': {'first_seen': 1778946113.5700614, 'last_seen': 1778946113.5711033, 'seen_count': 2, 'channels': [], 'avg_rssi': None}, 'ff:4e:82:4f:1d:48': {'first_seen': 1778946113.8795123, 'last_seen': 1778946113.8805044, 'seen_count': 2, 'channels': [], 'avg_rssi': None}, '1b:9a:37:02:84:51': {'first_seen': 1778946114.1900744, 'last_seen': 1778946114.191278, 'seen_count': 2, 'channels': [], 'avg_rssi': None}, '5d:c7:f5:4a:c9:79': {'first_seen': 1778946114.499052, 'last_seen': 1778946114.4999077, 'seen_count': 2, 'channels': [], 'avg_rssi': None}, 'd3:c2:16:45:fe:5d': {'first_seen': 1778946114.8073034, 'last_seen': 1778946114.8084192, 'seen_count': 2, 'channels': [], 'avg_rssi': None}, 'f7:60:d4:2a:d1:9c': {'first_seen': 1778946115.1182516, 'last_seen': 1778946115.119306, 'seen_count': 2, 'channels': [], 'avg_rssi': None}, '44:df:06:5f:af:9f': {'first_seen': 1778946115.4341376, 'last_seen': 1778946115.4351988, 'seen_count': 2, 'channels': [], 'avg_rssi': None}, '1a:ff:39:96:43:07': {'first_seen': 1778946115.7399514, 'last_seen': 1778946115.7411005, 'seen_count': 2, 'channels': [], 'avg_rssi': None}, '05:3b:4b:96:8e:30': {'first_seen': 1778946116.04883, 'last_seen': 1778946116.0499809, 'seen_count': 2, 'channels': [], 'avg_rssi': None}, '6d:2b:7c:91:0c:51': {'first_seen': 1778946116.355829, 'last_seen': 1778946116.3567548, 'seen_count': 2, 'channels': [], 'avg_rssi': None}, '00:44:52:bf:8c:71': {'first_seen': 1778946116.6676912, 'last_seen': 1778946116.6688943, 'seen_count': 2, 'channels': [], 'avg_rssi': None}, '87:bc:10:5c:4b:08': {'first_seen': 1778946116.980184, 'last_seen': 1778946116.9812775, 'seen_count': 2, 'channels': [], 'avg_rssi': None}, '8c:4b:c5:a7:a5:86': {'first_seen': 1778946117.291566, 'last_seen': 1778946117.2924194, 'seen_count': 2, 'channels': [], 'avg_rssi': None}, '00:9f:b0:1e:55:f0': {'first_seen': 1778946117.6002986, 'last_seen': 1778946117.6013193, 'seen_count': 2, 'channels': [], 'avg_rssi': None}, 'ca:85:8b:23:78:f6': {'first_seen': 1778946117.9128458, 'last_seen': 1778946117.9138396, 'seen_count': 2, 'channels': [], 'avg_rssi': None}, 'ff:c8:70:d0:54:b6': {'first_seen': 1778946118.2266605, 'last_seen': 1778946118.2278426, 'seen_count': 2, 'channels': [], 'avg_rssi': None}, '93:2f:23:ca:42:d9': {'first_seen': 1778946118.537294, 'last_seen': 1778946118.5383587, 'seen_count': 2, 'channels': [], 'avg_rssi': None}, '73:82:2f:2c:ad:60': {'first_seen': 1778946118.851912, 'last_seen': 1778946118.8531263, 'seen_count': 2, 'channels': [], 'avg_rssi': None}, 'a6:8d:a2:d5:10:01': {'first_seen': 1778946119.1648185, 'last_seen': 1778946119.1657732, 'seen_count': 2, 'channels': [], 'avg_rssi': None}, '5a:69:17:61:8b:1e': {'first_seen': 1778946119.474099, 'last_seen': 1778946119.4751594, 'seen_count': 2, 'channels': [], 'avg_rssi': None}, '6b:e5:b1:86:2b:36': {'first_seen': 1778946119.782891, 'last_seen': 1778946119.7838094, 'seen_count': 2, 'channels': [], 'avg_rssi': None}, '8c:55:f5:3e:44:24': {'first_seen': 1778946120.0960722, 'last_seen': 1778946120.0971909, 'seen_count': 2, 'channels': [], 'avg_rssi': None}, '83:b3:b3:2d:71:f3': {'first_seen': 1778946120.4028509, 'last_seen': 1778946120.4037154, 'seen_count': 2, 'channels': [], 'avg_rssi': None}, '9f:1f:89:8e:93:4a': {'first_seen': 1778946120.7159321, 'last_seen': 1778946120.7168577, 'seen_count': 2, 'channels': [], 'avg_rssi': None}, 'e4:ce:25:cc:c7:4c': {'first_seen': 1778946121.0362024, 'last_seen': 1778946121.037115, 'seen_count': 2, 'channels': [], 'avg_rssi': None}, '33:00:b0:2e:30:73': {'first_seen': 1778946121.3466856, 'last_seen': 1778946121.3475075, 'seen_count': 2, 'channels': [], 'avg_rssi': None}, '17:fa:05:2c:c4:7f': {'first_seen': 1778946121.653366, 'last_seen': 1778946121.6545215, 'seen_count': 2, 'channels': [], 'avg_rssi': None}, '80:f9:8b:2f:36:90': {'first_seen': 1778946121.9659822, 'last_seen': 1778946121.96717, 'seen_count': 2, 'channels': [], 'avg_rssi': None}, '20:fd:d3:84:40:1b': {'first_seen': 1778946122.277851, 'last_seen': 1778946122.2789285, 'seen_count': 2, 'channels': [], 'avg_rssi': None}, '17:70:bc:2a:a0:4e': {'first_seen': 1778946122.5967739, 'last_seen': 1778946122.5979474, 'seen_count': 2, 'channels': [], 'avg_rssi': None}, '95:77:b5:3c:fc:db': {'first_seen': 1778946122.912775, 'last_seen': 1778946122.9139645, 'seen_count': 2, 'channels': [], 'avg_rssi': None}, '1f:ef:66:e3:79:ab': {'first_seen': 1778946123.2272017, 'last_seen': 1778946123.2283614, 'seen_count': 2, 'channels': [], 'avg_rssi': None}, '2f:b5:8d:67:20:e0': {'first_seen': 1778946123.5486727, 'last_seen': 1778946123.5497444, 'seen_count': 2, 'channels': [], 'avg_rssi': None}, '5d:d4:c3:6b:0e:9d': {'first_seen': 1778946123.858674, 'last_seen': 1778946123.8595128, 'seen_count': 2, 'channels': [], 'avg_rssi': None}, '17:46:ba:17:61:8d': {'first_seen': 1778946124.1705928, 'last_seen': 1778946124.1717875, 'seen_count': 2, 'channels': [], 'avg_rssi': None}, '01:17:07:12:7f:b8': {'first_seen': 1778946124.4803505, 'last_seen': 1778946124.4811792, 'seen_count': 2, 'channels': [], 'avg_rssi': None}, '6d:76:a8:40:d8:d8': {'first_seen': 1778946124.7972422, 'last_seen': 1778946124.7983093, 'seen_count': 2, 'channels': [], 'avg_rssi': None}, 'e1:95:f4:7f:b3:90': {'first_seen': 1778946125.1129699, 'last_seen': 1778946125.1138356, 'seen_count': 2, 'channels': [], 'avg_rssi': None}, '0e:ef:ec:bd:7f:7b': {'first_seen': 1778946125.4246855, 'last_seen': 1778946125.4255977, 'seen_count': 2, 'channels': [], 'avg_rssi': None}, 'ff:c4:27:15:c9:24': {'first_seen': 1778946125.734479, 'last_seen': 1778946125.73537, 'seen_count': 2, 'channels': [], 'avg_rssi': None}, '9a:2b:13:ad:7b:a6': {'first_seen': 1778946126.0470302, 'last_seen': 1778946126.048506, 'seen_count': 2, 'channels': [], 'avg_rssi': None}, '04:0f:13:0b:a3:b1': {'first_seen': 1778946126.3666883, 'last_seen': 1778946126.367764, 'seen_count': 2, 'channels': [], 'avg_rssi': None}, 'b8:5f:db:02:33:e1': {'first_seen': 1778946126.6797662, 'last_seen': 1778946126.6806633, 'seen_count': 2, 'channels': [], 'avg_rssi': None}, '36:5a:13:bb:5a:c8': {'first_seen': 1778946126.9939494, 'last_seen': 1778946126.9951825, 'seen_count': 2, 'channels': [], 'avg_rssi': None}, '06:61:19:72:73:45': {'first_seen': 1778946127.31092, 'last_seen': 1778946127.311815, 'seen_count': 2, 'channels': [], 'avg_rssi': None}, 'f2:22:a9:a4:f0:ae': {'first_seen': 1778946127.6253967, 'last_seen': 1778946127.6263304, 'seen_count': 2, 'channels': [], 'avg_rssi': None}, 'eb:ec:99:d9:30:08': {'first_seen': 1778946127.931224, 'last_seen': 1778946127.9323552, 'seen_count': 2, 'channels': [], 'avg_rssi': None}, 'd1:57:38:ae:6d:d2': {'first_seen': 1778946128.2502654, 'last_seen': 1778946128.2513626, 'seen_count': 2, 'channels': [], 'avg_rssi': None}, 'b0:42:ab:a9:20:49': {'first_seen': 1778946128.558671, 'last_seen': 1778946128.5596278, 'seen_count': 2, 'channels': [], 'avg_rssi': None}, '37:37:85:af:ce:d6': {'first_seen': 1778946128.8712955, 'last_seen': 1778946128.8722694, 'seen_count': 2, 'channels': [], 'avg_rssi': None}, '52:26:e6:81:42:59': {'first_seen': 1778946129.182677, 'last_seen': 1778946129.1836627, 'seen_count': 2, 'channels': [], 'avg_rssi': None}, '1c:0d:a9:6d:73:ce': {'first_seen': 1778946129.4934065, 'last_seen': 1778946129.4943087, 'seen_count': 2, 'channels': [], 'avg_rssi': None}, '21:4a:6b:3d:5a:25': {'first_seen': 1778946129.8066878, 'last_seen': 1778946129.8075676, 'seen_count': 2, 'channels': [], 'avg_rssi': None}, 'ee:77:5b:9d:82:c2': {'first_seen': 1778946130.1242878, 'last_seen': 1778946130.1254597, 'seen_count': 2, 'channels': [], 'avg_rssi': None}, '3d:c1:a1:a7:b2:1b': {'first_seen': 1778946130.4429007, 'last_seen': 1778946130.4437263, 'seen_count': 2, 'channels': [], 'avg_rssi': None}, 'f4:96:e9:95:10:28': {'first_seen': 1778946130.751472, 'last_seen': 1778946130.7523675, 'seen_count': 2, 'channels': [], 'avg_rssi': None}, 'b8:0c:5b:07:49:45': {'first_seen': 1778946131.0652184, 'last_seen': 1778946131.068631, 'seen_count': 2, 'channels': [], 'avg_rssi': None}, 'e9:0a:f4:40:bd:59': {'first_seen': 1778946131.3728206, 'last_seen': 1778946131.3756483, 'seen_count': 2, 'channels': [], 'avg_rssi': None}, '0c:f6:c3:19:0e:e4': {'first_seen': 1778946131.6852474, 'last_seen': 1778946131.686915, 'seen_count': 2, 'channels': [], 'avg_rssi': None}, '24:87:81:8c:1b:4f': {'first_seen': 1778946131.9915135, 'last_seen': 1778946131.992431, 'seen_count': 2, 'channels': [], 'avg_rssi': None}, 'd2:8c:83:38:a7:11': {'first_seen': 1778946132.309846, 'last_seen': 1778946132.310948, 'seen_count': 2, 'channels': [], 'avg_rssi': None}, 'cc:af:0b:fd:5d:20': {'first_seen': 1778946132.6227646, 'last_seen': 1778946132.6237187, 'seen_count': 2, 'channels': [], 'avg_rssi': None}, 'ff:ff:58:23:d7:dd': {'first_seen': 1778946132.9337447, 'last_seen': 1778946132.9347289, 'seen_count': 2, 'channels': [], 'avg_rssi': None}, '15:9b:5a:04:63:4d': {'first_seen': 1778946133.2447984, 'last_seen': 1778946133.2460122, 'seen_count': 2, 'channels': [], 'avg_rssi': None}, 'ef:99:9e:92:b0:fb': {'first_seen': 1778946133.558433, 'last_seen': 1778946133.5593965, 'seen_count': 2, 'channels': [], 'avg_rssi': None}, 'cd:6a:71:4e:25:d8': {'first_seen': 1778946133.8765113, 'last_seen': 1778946133.8774042, 'seen_count': 2, 'channels': [], 'avg_rssi': None}, '64:59:36:b2:0a:03': {'first_seen': 1778946134.1890445, 'last_seen': 1778946134.189918, 'seen_count': 2, 'channels': [], 'avg_rssi': None}, 'f1:e0:f9:53:6d:c7': {'first_seen': 1778946134.5019708, 'last_seen': 1778946134.5029383, 'seen_count': 2, 'channels': [], 'avg_rssi': None}, '4e:46:86:44:e3:65': {'first_seen': 1778946134.8178065, 'last_seen': 1778946134.8189595, 'seen_count': 2, 'channels': [], 'avg_rssi': None}, '93:1a:19:dd:b4:ea': {'first_seen': 1778946135.1314058, 'last_seen': 1778946135.1323445, 'seen_count': 2, 'channels': [], 'avg_rssi': None}, 'e9:0e:48:ab:33:1d': {'first_seen': 1778946135.4426599, 'last_seen': 1778946135.4438581, 'seen_count': 2, 'channels': [], 'avg_rssi': None}, 'ff:18:2f:4d:4f:16': {'first_seen': 1778946135.7570136, 'last_seen': 1778946135.7578785, 'seen_count': 2, 'channels': [], 'avg_rssi': None}, '83:ac:f2:0f:6f:bc': {'first_seen': 1778946136.0679476, 'last_seen': 1778946136.069166, 'seen_count': 2, 'channels': [], 'avg_rssi': None}, '71:ee:3e:ca:6f:5f': {'first_seen': 1778946136.3849967, 'last_seen': 1778946136.3859193, 'seen_count': 2, 'channels': [], 'avg_rssi': None}, 'ba:69:99:03:0a:e7': {'first_seen': 1778946136.6978931, 'last_seen': 1778946136.6990778, 'seen_count': 2, 'channels': [], 'avg_rssi': None}, '8a:40:9d:59:4d:47': {'first_seen': 1778946137.011604, 'last_seen': 1778946137.0146942, 'seen_count': 2, 'channels': [], 'avg_rssi': None}, '36:7a:c5:ee:9e:47': {'first_seen': 1778946137.3166523, 'last_seen': 1778946137.3178353, 'seen_count': 2, 'channels': [], 'avg_rssi': None}, '7e:a1:af:43:3b:b4': {'first_seen': 1778946137.628984, 'last_seen': 1778946137.633984, 'seen_count': 2, 'channels': [], 'avg_rssi': None}, 'c1:3e:13:c1:6d:8a': {'first_seen': 1778946137.936514, 'last_seen': 1778946137.936514, 'seen_count': 1, 'channels': [], 'avg_rssi': None}}}
!!!!!!!!!!!!!!!!!!!!!!!!!!!!!!!!!!!!!!!!!!!!!!!!!!!!!!!!!!!!!!!!!!!!!!!!!!!!!!!!


!!!!!!!!!!!!!!!!!!!!!!!!!!!!!!!!!!!!!!!!!!!!!!!!!!!!!!!!!!!!!!!!!!!!!!!!!!!!!!!!
[ALERT] ALERT-000050 | POTENTIAL_EVIL_TWIN
severity: LOW
time: 2026-05-16T15:42:17.946613
message: Wykryto potencjalny Evil Twin / Rogue AP dla SSID 'TestNet_014'. Zaobserwowano 99 różnych BSSID oraz podejrzane różnice parametrów sieci.
evidence: {'ssid': 'TestNet_014', 'bssid_count': 99, 'bssids': ['b6:6f:5a:9c:59:ed', '0a:cb:4f:76:33:38', '46:0a:af:dc:31:64', '39:d0:61:71:ea:93', 'ce:ec:2d:a8:25:4c', '26:82:19:d6:f9:40', 'fc:28:c9:9a:bf:2e', 'b9:a2:81:7e:17:4f', '05:a3:04:e5:c9:71', 'e1:6f:99:96:37:4d', '3e:49:e3:71:87:d5', '3b:c3:6b:b0:b2:2a', 'cb:be:18:90:34:dd', '3e:0c:4e:36:f2:d7', 'e5:ba:24:9a:da:1e', 'e3:06:98:01:a8:94', '74:0c:00:9e:4f:7e', '63:ae:ad:c0:6b:dd', '78:63:79:33:66:f5', 'a3:f7:a9:74:62:aa', 'a4:46:68:0f:82:c5', '43:4a:e7:d1:4e:bc', 'ce:bb:74:2a:2b:73', 'f4:1f:b3:3c:45:28', 'b5:f1:af:41:cb:16', '32:0b:31:8a:3a:b3', '6f:e5:8d:18:bd:ae', '33:b2:9b:69:83:fb', '0f:df:86:7d:c8:a1', '0f:9f:a3:37:03:1a', '80:18:b2:ea:c4:90', '59:92:57:9a:f2:50', 'f8:c8:56:f8:12:74', '65:ff:78:3a:d9:10', 'cc:6e:97:a9:f2:0a', '4c:a6:54:09:79:24', '68:3d:10:f2:99:5b', '81:61:a5:90:70:f3', '9d:0f:4a:90:67:ad', '6e:af:bb:6c:be:45', '15:4d:50:93:2c:fa', 'b7:eb:ef:be:a8:a1', '4a:84:83:5f:21:81', 'c7:c7:ae:70:8f:8f', '87:8a:ba:87:b9:15', '56:5b:be:d0:7e:54', '8a:60:28:38:5b:de', '73:25:c3:36:be:aa', 'ea:da:e9:66:f2:02', 'de:50:e2:04:e3:88', '30:f0:00:6d:ee:ef', 'b0:8d:af:6a:57:6b', '14:2e:bf:37:59:bb', 'ca:09:c3:2e:e8:ed', '8a:f7:1a:e5:a5:c5', '0c:3e:0e:dc:75:98', '77:04:46:3d:98:14', '63:57:12:dc:2a:22', '35:15:dd:a3:78:4a', '6f:d3:d2:75:32:11', 'e0:4a:2f:76:4b:e4', 'a3:3a:9e:97:22:5e', '3f:a8:9f:24:a6:70', 'b5:c8:40:43:7d:61', '2e:3b:0c:b0:bd:b4', '01:7d:57:03:ce:6b', '86:99:c4:a1:e3:e5', '35:27:73:a6:6e:c7', 'c4:3e:f7:42:2f:16', '62:e9:cd:b3:a5:fc', '7d:c4:da:9d:49:eb', 'bf:b2:7b:a4:91:6b', '84:bd:db:bb:98:ac', 'd7:b3:41:b6:bc:b1', 'd0:ce:f7:49:80:9d', '02:46:49:2a:d8:25', '1e:76:1c:d0:56:29', 'f6:e2:45:cf:90:4a', '04:44:4a:39:4c:7c', '06:16:85:1c:0e:78', '0b:15:e1:d7:49:6b', 'e0:f3:bd:d8:b1:9c', '98:14:86:29:01:a5', 'd5:c4:b2:c9:3a:bc', '8d:ec:a8:90:f1:d5', 'aa:86:77:c0:65:c5', '24:b4:d1:2e:c0:93', '4d:6d:b2:96:26:bd', '37:4d:3e:7b:1a:92', 'a1:c4:b5:5a:41:ea', '65:b5:51:ed:12:5f', 'c6:6c:78:c3:4e:98', 'ab:0a:ab:9c:e8:4d', 'e5:6c:ab:2f:05:0e', 'cd:89:60:d7:4e:9c', 'e7:d1:fc:76:10:35', '3a:59:a5:7f:21:ae', '91:9a:19:85:3f:dd', 'fc:55:f1:89:b0:41'], 'triggered_reasons': ['same_ssid_multiple_bssid'], 'observations': {'b6:6f:5a:9c:59:ed': {'first_seen': 1778946107.3729334, 'last_seen': 1778946107.3741624, 'seen_count': 2, 'channels': [], 'avg_rssi': None}, '0a:cb:4f:76:33:38': {'first_seen': 1778946107.6792154, 'last_seen': 1778946107.6800532, 'seen_count': 2, 'channels': [], 'avg_rssi': None}, '46:0a:af:dc:31:64': {'first_seen': 1778946107.992765, 'last_seen': 1778946107.9936886, 'seen_count': 2, 'channels': [], 'avg_rssi': None}, '39:d0:61:71:ea:93': {'first_seen': 1778946108.3025575, 'last_seen': 1778946108.3037167, 'seen_count': 2, 'channels': [], 'avg_rssi': None}, 'ce:ec:2d:a8:25:4c': {'first_seen': 1778946108.6137745, 'last_seen': 1778946108.6147246, 'seen_count': 2, 'channels': [], 'avg_rssi': None}, '26:82:19:d6:f9:40': {'first_seen': 1778946108.922776, 'last_seen': 1778946108.9237368, 'seen_count': 2, 'channels': [], 'avg_rssi': None}, 'fc:28:c9:9a:bf:2e': {'first_seen': 1778946109.2322147, 'last_seen': 1778946109.2331262, 'seen_count': 2, 'channels': [], 'avg_rssi': None}, 'b9:a2:81:7e:17:4f': {'first_seen': 1778946109.5425801, 'last_seen': 1778946109.543646, 'seen_count': 2, 'channels': [], 'avg_rssi': None}, '05:a3:04:e5:c9:71': {'first_seen': 1778946109.8513546, 'last_seen': 1778946109.8522866, 'seen_count': 2, 'channels': [], 'avg_rssi': None}, 'e1:6f:99:96:37:4d': {'first_seen': 1778946110.1591744, 'last_seen': 1778946110.16005, 'seen_count': 2, 'channels': [], 'avg_rssi': None}, '3e:49:e3:71:87:d5': {'first_seen': 1778946110.4707603, 'last_seen': 1778946110.4718173, 'seen_count': 2, 'channels': [], 'avg_rssi': None}, '3b:c3:6b:b0:b2:2a': {'first_seen': 1778946110.7791815, 'last_seen': 1778946110.7803402, 'seen_count': 2, 'channels': [], 'avg_rssi': None}, 'cb:be:18:90:34:dd': {'first_seen': 1778946111.087951, 'last_seen': 1778946111.0891082, 'seen_count': 2, 'channels': [], 'avg_rssi': None}, '3e:0c:4e:36:f2:d7': {'first_seen': 1778946111.4003463, 'last_seen': 1778946111.4013653, 'seen_count': 2, 'channels': [], 'avg_rssi': None}, 'e5:ba:24:9a:da:1e': {'first_seen': 1778946111.7055328, 'last_seen': 1778946111.7067544, 'seen_count': 2, 'channels': [], 'avg_rssi': None}, 'e3:06:98:01:a8:94': {'first_seen': 1778946112.0153522, 'last_seen': 1778946112.016399, 'seen_count': 2, 'channels': [], 'avg_rssi': None}, '74:0c:00:9e:4f:7e': {'first_seen': 1778946112.3247912, 'last_seen': 1778946112.3264165, 'seen_count': 2, 'channels': [], 'avg_rssi': None}, '63:ae:ad:c0:6b:dd': {'first_seen': 1778946112.6375315, 'last_seen': 1778946112.6386845, 'seen_count': 2, 'channels': [], 'avg_rssi': None}, '78:63:79:33:66:f5': {'first_seen': 1778946112.946212, 'last_seen': 1778946112.9473207, 'seen_count': 2, 'channels': [], 'avg_rssi': None}, 'a3:f7:a9:74:62:aa': {'first_seen': 1778946113.2651982, 'last_seen': 1778946113.266344, 'seen_count': 2, 'channels': [], 'avg_rssi': None}, 'a4:46:68:0f:82:c5': {'first_seen': 1778946113.5822256, 'last_seen': 1778946113.5831068, 'seen_count': 2, 'channels': [], 'avg_rssi': None}, '43:4a:e7:d1:4e:bc': {'first_seen': 1778946113.8906624, 'last_seen': 1778946113.8918674, 'seen_count': 2, 'channels': [], 'avg_rssi': None}, 'ce:bb:74:2a:2b:73': {'first_seen': 1778946114.2002468, 'last_seen': 1778946114.2011344, 'seen_count': 2, 'channels': [], 'avg_rssi': None}, 'f4:1f:b3:3c:45:28': {'first_seen': 1778946114.5091858, 'last_seen': 1778946114.5102825, 'seen_count': 2, 'channels': [], 'avg_rssi': None}, 'b5:f1:af:41:cb:16': {'first_seen': 1778946114.8174052, 'last_seen': 1778946114.8184195, 'seen_count': 2, 'channels': [], 'avg_rssi': None}, '32:0b:31:8a:3a:b3': {'first_seen': 1778946115.1283712, 'last_seen': 1778946115.1293075, 'seen_count': 2, 'channels': [], 'avg_rssi': None}, '6f:e5:8d:18:bd:ae': {'first_seen': 1778946115.4442477, 'last_seen': 1778946115.445075, 'seen_count': 2, 'channels': [], 'avg_rssi': None}, '33:b2:9b:69:83:fb': {'first_seen': 1778946115.7501006, 'last_seen': 1778946115.7509732, 'seen_count': 2, 'channels': [], 'avg_rssi': None}, '0f:df:86:7d:c8:a1': {'first_seen': 1778946116.0598845, 'last_seen': 1778946116.0607336, 'seen_count': 2, 'channels': [], 'avg_rssi': None}, '0f:9f:a3:37:03:1a': {'first_seen': 1778946116.3659828, 'last_seen': 1778946116.3671298, 'seen_count': 2, 'channels': [], 'avg_rssi': None}, '80:18:b2:ea:c4:90': {'first_seen': 1778946116.677813, 'last_seen': 1778946116.678771, 'seen_count': 2, 'channels': [], 'avg_rssi': None}, '59:92:57:9a:f2:50': {'first_seen': 1778946116.9902835, 'last_seen': 1778946116.9912803, 'seen_count': 2, 'channels': [], 'avg_rssi': None}, 'f8:c8:56:f8:12:74': {'first_seen': 1778946117.3016715, 'last_seen': 1778946117.3026707, 'seen_count': 2, 'channels': [], 'avg_rssi': None}, '65:ff:78:3a:d9:10': {'first_seen': 1778946117.6104019, 'last_seen': 1778946117.6113224, 'seen_count': 2, 'channels': [], 'avg_rssi': None}, 'cc:6e:97:a9:f2:0a': {'first_seen': 1778946117.9229689, 'last_seen': 1778946117.924211, 'seen_count': 2, 'channels': [], 'avg_rssi': None}, '4c:a6:54:09:79:24': {'first_seen': 1778946118.2367582, 'last_seen': 1778946118.237597, 'seen_count': 2, 'channels': [], 'avg_rssi': None}, '68:3d:10:f2:99:5b': {'first_seen': 1778946118.5474606, 'last_seen': 1778946118.5483682, 'seen_count': 2, 'channels': [], 'avg_rssi': None}, '81:61:a5:90:70:f3': {'first_seen': 1778946118.862015, 'last_seen': 1778946118.8631272, 'seen_count': 2, 'channels': [], 'avg_rssi': None}, '9d:0f:4a:90:67:ad': {'first_seen': 1778946119.1749425, 'last_seen': 1778946119.1761494, 'seen_count': 2, 'channels': [], 'avg_rssi': None}, '6e:af:bb:6c:be:45': {'first_seen': 1778946119.4866707, 'last_seen': 1778946119.4875333, 'seen_count': 2, 'channels': [], 'avg_rssi': None}, '15:4d:50:93:2c:fa': {'first_seen': 1778946119.7930174, 'last_seen': 1778946119.7940586, 'seen_count': 2, 'channels': [], 'avg_rssi': None}, 'b7:eb:ef:be:a8:a1': {'first_seen': 1778946120.1062107, 'last_seen': 1778946120.109315, 'seen_count': 2, 'channels': [], 'avg_rssi': None}, '4a:84:83:5f:21:81': {'first_seen': 1778946120.4129725, 'last_seen': 1778946120.4177053, 'seen_count': 2, 'channels': [], 'avg_rssi': None}, 'c7:c7:ae:70:8f:8f': {'first_seen': 1778946120.7294917, 'last_seen': 1778946120.7305984, 'seen_count': 2, 'channels': [], 'avg_rssi': None}, '87:8a:ba:87:b9:15': {'first_seen': 1778946121.0463355, 'last_seen': 1778946121.0474942, 'seen_count': 2, 'channels': [], 'avg_rssi': None}, '56:5b:be:d0:7e:54': {'first_seen': 1778946121.3568108, 'last_seen': 1778946121.357754, 'seen_count': 2, 'channels': [], 'avg_rssi': None}, '8a:60:28:38:5b:de': {'first_seen': 1778946121.6635015, 'last_seen': 1778946121.664654, 'seen_count': 2, 'channels': [], 'avg_rssi': None}, '73:25:c3:36:be:aa': {'first_seen': 1778946121.9766455, 'last_seen': 1778946121.9775374, 'seen_count': 2, 'channels': [], 'avg_rssi': None}, 'ea:da:e9:66:f2:02': {'first_seen': 1778946122.290346, 'last_seen': 1778946122.29156, 'seen_count': 2, 'channels': [], 'avg_rssi': None}, 'de:50:e2:04:e3:88': {'first_seen': 1778946122.6068776, 'last_seen': 1778946122.608074, 'seen_count': 2, 'channels': [], 'avg_rssi': None}, '30:f0:00:6d:ee:ef': {'first_seen': 1778946122.922869, 'last_seen': 1778946122.9240882, 'seen_count': 2, 'channels': [], 'avg_rssi': None}, 'b0:8d:af:6a:57:6b': {'first_seen': 1778946123.237315, 'last_seen': 1778946123.238478, 'seen_count': 2, 'channels': [], 'avg_rssi': None}, '14:2e:bf:37:59:bb': {'first_seen': 1778946123.55877, 'last_seen': 1778946123.5598698, 'seen_count': 2, 'channels': [], 'avg_rssi': None}, 'ca:09:c3:2e:e8:ed': {'first_seen': 1778946123.8687458, 'last_seen': 1778946123.8696449, 'seen_count': 2, 'channels': [], 'avg_rssi': None}, '8a:f7:1a:e5:a5:c5': {'first_seen': 1778946124.1806805, 'last_seen': 1778946124.1817775, 'seen_count': 2, 'channels': [], 'avg_rssi': None}, '0c:3e:0e:dc:75:98': {'first_seen': 1778946124.4907408, 'last_seen': 1778946124.4917934, 'seen_count': 2, 'channels': [], 'avg_rssi': None}, '77:04:46:3d:98:14': {'first_seen': 1778946124.8073604, 'last_seen': 1778946124.8085606, 'seen_count': 2, 'channels': [], 'avg_rssi': None}, '63:57:12:dc:2a:22': {'first_seen': 1778946125.1252444, 'last_seen': 1778946125.1269639, 'seen_count': 2, 'channels': [], 'avg_rssi': None}, '35:15:dd:a3:78:4a': {'first_seen': 1778946125.436876, 'last_seen': 1778946125.4378462, 'seen_count': 2, 'channels': [], 'avg_rssi': None}, '6f:d3:d2:75:32:11': {'first_seen': 1778946125.7475302, 'last_seen': 1778946125.748499, 'seen_count': 2, 'channels': [], 'avg_rssi': None}, 'e0:4a:2f:76:4b:e4': {'first_seen': 1778946126.0571308, 'last_seen': 1778946126.0581217, 'seen_count': 2, 'channels': [], 'avg_rssi': None}, 'a3:3a:9e:97:22:5e': {'first_seen': 1778946126.3767827, 'last_seen': 1778946126.3777647, 'seen_count': 2, 'channels': [], 'avg_rssi': None}, '3f:a8:9f:24:a6:70': {'first_seen': 1778946126.6898925, 'last_seen': 1778946126.691039, 'seen_count': 2, 'channels': [], 'avg_rssi': None}, 'b5:c8:40:43:7d:61': {'first_seen': 1778946127.0040853, 'last_seen': 1778946127.005181, 'seen_count': 2, 'channels': [], 'avg_rssi': None}, '2e:3b:0c:b0:bd:b4': {'first_seen': 1778946127.3210013, 'last_seen': 1778946127.3219414, 'seen_count': 2, 'channels': [], 'avg_rssi': None}, '01:7d:57:03:ce:6b': {'first_seen': 1778946127.6354954, 'last_seen': 1778946127.6364565, 'seen_count': 2, 'channels': [], 'avg_rssi': None}, '86:99:c4:a1:e3:e5': {'first_seen': 1778946127.941343, 'last_seen': 1778946127.9424846, 'seen_count': 2, 'channels': [], 'avg_rssi': None}, '35:27:73:a6:6e:c7': {'first_seen': 1778946128.2603714, 'last_seen': 1778946128.2614892, 'seen_count': 2, 'channels': [], 'avg_rssi': None}, 'c4:3e:f7:42:2f:16': {'first_seen': 1778946128.5687795, 'last_seen': 1778946128.5698779, 'seen_count': 2, 'channels': [], 'avg_rssi': None}, '62:e9:cd:b3:a5:fc': {'first_seen': 1778946128.8814015, 'last_seen': 1778946128.88227, 'seen_count': 2, 'channels': [], 'avg_rssi': None}, '7d:c4:da:9d:49:eb': {'first_seen': 1778946129.1927798, 'last_seen': 1778946129.1937888, 'seen_count': 2, 'channels': [], 'avg_rssi': None}, 'bf:b2:7b:a4:91:6b': {'first_seen': 1778946129.5035245, 'last_seen': 1778946129.5046859, 'seen_count': 2, 'channels': [], 'avg_rssi': None}, '84:bd:db:bb:98:ac': {'first_seen': 1778946129.8167732, 'last_seen': 1778946129.8179479, 'seen_count': 2, 'channels': [], 'avg_rssi': None}, 'd7:b3:41:b6:bc:b1': {'first_seen': 1778946130.1344032, 'last_seen': 1778946130.1353447, 'seen_count': 2, 'channels': [], 'avg_rssi': None}, 'd0:ce:f7:49:80:9d': {'first_seen': 1778946130.4530113, 'last_seen': 1778946130.4539764, 'seen_count': 2, 'channels': [], 'avg_rssi': None}, '02:46:49:2a:d8:25': {'first_seen': 1778946130.7615814, 'last_seen': 1778946130.7626674, 'seen_count': 2, 'channels': [], 'avg_rssi': None}, '1e:76:1c:d0:56:29': {'first_seen': 1778946131.075597, 'last_seen': 1778946131.076758, 'seen_count': 2, 'channels': [], 'avg_rssi': None}, 'f6:e2:45:cf:90:4a': {'first_seen': 1778946131.3829193, 'last_seen': 1778946131.383901, 'seen_count': 2, 'channels': [], 'avg_rssi': None}, '04:44:4a:39:4c:7c': {'first_seen': 1778946131.6953487, 'last_seen': 1778946131.6962965, 'seen_count': 2, 'channels': [], 'avg_rssi': None}, '06:16:85:1c:0e:78': {'first_seen': 1778946132.0022717, 'last_seen': 1778946132.0033228, 'seen_count': 2, 'channels': [], 'avg_rssi': None}, '0b:15:e1:d7:49:6b': {'first_seen': 1778946132.3199637, 'last_seen': 1778946132.3212068, 'seen_count': 2, 'channels': [], 'avg_rssi': None}, 'e0:f3:bd:d8:b1:9c': {'first_seen': 1778946132.6328275, 'last_seen': 1778946132.6338549, 'seen_count': 2, 'channels': [], 'avg_rssi': None}, '98:14:86:29:01:a5': {'first_seen': 1778946132.9438412, 'last_seen': 1778946132.9449842, 'seen_count': 2, 'channels': [], 'avg_rssi': None}, 'd5:c4:b2:c9:3a:bc': {'first_seen': 1778946133.254895, 'last_seen': 1778946133.2559965, 'seen_count': 2, 'channels': [], 'avg_rssi': None}, '8d:ec:a8:90:f1:d5': {'first_seen': 1778946133.5685332, 'last_seen': 1778946133.569397, 'seen_count': 2, 'channels': [], 'avg_rssi': None}, 'aa:86:77:c0:65:c5': {'first_seen': 1778946133.8866515, 'last_seen': 1778946133.8875294, 'seen_count': 2, 'channels': [], 'avg_rssi': None}, '24:b4:d1:2e:c0:93': {'first_seen': 1778946134.1991313, 'last_seen': 1778946134.2000473, 'seen_count': 2, 'channels': [], 'avg_rssi': None}, '4d:6d:b2:96:26:bd': {'first_seen': 1778946134.5127754, 'last_seen': 1778946134.5139382, 'seen_count': 2, 'channels': [], 'avg_rssi': None}, '37:4d:3e:7b:1a:92': {'first_seen': 1778946134.8280876, 'last_seen': 1778946134.8289628, 'seen_count': 2, 'channels': [], 'avg_rssi': None}, 'a1:c4:b5:5a:41:ea': {'first_seen': 1778946135.1415122, 'last_seen': 1778946135.1424694, 'seen_count': 2, 'channels': [], 'avg_rssi': None}, '65:b5:51:ed:12:5f': {'first_seen': 1778946135.4527647, 'last_seen': 1778946135.4538612, 'seen_count': 2, 'channels': [], 'avg_rssi': None}, 'c6:6c:78:c3:4e:98': {'first_seen': 1778946135.7671041, 'last_seen': 1778946135.7680025, 'seen_count': 2, 'channels': [], 'avg_rssi': None}, 'ab:0a:ab:9c:e8:4d': {'first_seen': 1778946136.0780435, 'last_seen': 1778946136.079281, 'seen_count': 2, 'channels': [], 'avg_rssi': None}, 'e5:6c:ab:2f:05:0e': {'first_seen': 1778946136.397177, 'last_seen': 1778946136.3980348, 'seen_count': 2, 'channels': [], 'avg_rssi': None}, 'cd:89:60:d7:4e:9c': {'first_seen': 1778946136.7079988, 'last_seen': 1778946136.7094254, 'seen_count': 2, 'channels': [], 'avg_rssi': None}, 'e7:d1:fc:76:10:35': {'first_seen': 1778946137.021697, 'last_seen': 1778946137.0230784, 'seen_count': 2, 'channels': [], 'avg_rssi': None}, '3a:59:a5:7f:21:ae': {'first_seen': 1778946137.3267531, 'last_seen': 1778946137.3277082, 'seen_count': 2, 'channels': [], 'avg_rssi': None}, '91:9a:19:85:3f:dd': {'first_seen': 1778946137.6452348, 'last_seen': 1778946137.6452348, 'seen_count': 1, 'channels': [], 'avg_rssi': None}, 'fc:55:f1:89:b0:41': {'first_seen': 1778946137.946613, 'last_seen': 1778946137.946613, 'seen_count': 1, 'channels': [], 'avg_rssi': None}}}
!!!!!!!!!!!!!!!!!!!!!!!!!!!!!!!!!!!!!!!!!!!!!!!!!!!!!!!!!!!!!!!!!!!!!!!!!!!!!!!!


!!!!!!!!!!!!!!!!!!!!!!!!!!!!!!!!!!!!!!!!!!!!!!!!!!!!!!!!!!!!!!!!!!!!!!!!!!!!!!!!
[ALERT] ALERT-000051 | POTENTIAL_EVIL_TWIN
severity: LOW
time: 2026-05-16T15:42:17.956717
message: Wykryto potencjalny Evil Twin / Rogue AP dla SSID 'TestNet_015'. Zaobserwowano 99 różnych BSSID oraz podejrzane różnice parametrów sieci.
evidence: {'ssid': 'TestNet_015', 'bssid_count': 99, 'bssids': ['bd:e7:bd:a7:ac:7c', 'bc:c3:ad:9b:d6:51', 'e1:72:9b:0f:f1:6c', '2b:6b:96:d7:ec:80', '6b:22:b4:57:e3:9f', 'd7:06:8e:c7:f2:94', 'b2:7c:35:a9:0d:e7', '4f:1f:76:d1:54:f1', 'cc:ee:42:eb:4e:b1', '2d:cc:91:45:0d:fe', 'ce:60:7c:79:f9:ea', '63:e6:ff:f6:1a:7e', 'df:9c:b7:71:49:98', 'bc:38:10:27:65:b8', 'f8:e8:76:c0:31:f5', '5f:2f:6a:e3:45:fe', 'c0:b0:5d:4e:e8:f5', '2e:8b:c9:df:a8:98', '7f:be:2a:e5:34:5e', '03:eb:7e:d0:41:ab', 'a3:56:87:e2:df:d1', '83:3b:a2:88:57:59', 'f3:65:1e:9b:a5:8f', 'a2:76:f5:64:46:11', '6a:ad:41:17:b8:a3', 'bc:21:9c:74:ba:8e', '27:33:98:ba:e6:2d', '69:95:0d:86:de:df', 'e3:ac:cd:4d:b8:b6', '3e:81:73:80:9f:18', '8f:f7:ab:f0:62:c8', 'ca:92:b3:27:dc:f0', 'fb:f5:ab:17:6c:b1', '05:52:da:d0:2b:f4', '99:9a:ee:58:b0:0c', 'aa:9a:e0:d1:96:ce', '7e:82:27:3f:87:df', '5b:74:c6:32:50:75', '4f:20:53:9b:a6:bb', 'c2:36:49:a4:83:95', '43:6c:ea:7a:cc:16', '4a:b2:14:66:e4:68', '9b:ef:35:af:80:4a', '36:76:8b:c7:55:d8', '1d:56:76:e9:f0:72', '5a:f7:43:34:4f:b9', 'de:46:66:d0:67:0c', '68:fa:fc:7e:c8:12', '6f:65:45:d2:15:14', '3f:32:de:30:03:d5', 'e9:37:30:8b:28:d7', 'af:34:0f:c3:01:8c', '0f:20:9d:3d:3c:02', 'ef:db:21:46:d4:6b', '79:e2:75:a1:1f:7b', '1b:9e:ee:12:7f:b6', '66:aa:af:0a:4e:69', 'ba:03:43:5b:41:af', '3e:42:8e:2c:c2:2b', '7e:44:5b:5f:57:80', 'ac:7f:8c:8e:4b:45', '68:e9:74:5c:ab:0b', 'b1:e8:77:da:6b:99', '0a:9f:ba:69:36:80', '9a:2d:dd:e5:d7:69', 'c6:d5:20:36:7b:f8', '4f:52:65:35:4a:a8', '2b:1c:18:51:40:a4', '63:a8:ac:37:07:72', 'c3:66:5b:98:63:68', 'ce:9c:f9:b8:10:d6', '1c:ac:74:02:d9:16', 'fa:97:70:8b:d2:07', '88:85:e4:e2:b0:de', '13:16:61:e0:0f:cd', 'be:d1:77:a0:e8:93', '88:5e:5d:73:6d:43', '02:49:23:19:7f:02', '83:b6:24:4a:d0:1f', '34:4c:2b:fa:2e:2f', '32:26:3b:7e:a0:32', '46:a4:ef:f6:c5:f9', '72:06:c5:df:c4:54', '39:0b:7a:26:39:64', 'd0:1a:f5:87:ed:34', '34:36:6b:ca:ff:8f', '43:13:15:29:f9:6f', '54:c2:e7:41:7d:b9', 'db:13:db:6a:e9:6b', '3d:67:98:75:a8:eb', '5e:0e:af:db:86:a9', 'a0:1a:a1:26:45:21', '78:97:70:04:ba:24', 'c7:fa:83:19:9a:d2', '10:ee:25:f5:49:38', '59:5b:5d:9a:15:c0', 'dc:d3:0e:7b:25:ea', '03:fe:ed:26:05:9c', '3a:73:62:9b:0a:cb'], 'triggered_reasons': ['same_ssid_multiple_bssid'], 'observations': {'bd:e7:bd:a7:ac:7c': {'first_seen': 1778946107.383043, 'last_seen': 1778946107.384036, 'seen_count': 2, 'channels': [], 'avg_rssi': None}, 'bc:c3:ad:9b:d6:51': {'first_seen': 1778946107.6895561, 'last_seen': 1778946107.6906767, 'seen_count': 2, 'channels': [], 'avg_rssi': None}, 'e1:72:9b:0f:f1:6c': {'first_seen': 1778946108.0028932, 'last_seen': 1778946108.0039496, 'seen_count': 2, 'channels': [], 'avg_rssi': None}, '2b:6b:96:d7:ec:80': {'first_seen': 1778946108.3134897, 'last_seen': 1778946108.314581, 'seen_count': 2, 'channels': [], 'avg_rssi': None}, '6b:22:b4:57:e3:9f': {'first_seen': 1778946108.6239011, 'last_seen': 1778946108.6248507, 'seen_count': 2, 'channels': [], 'avg_rssi': None}, 'd7:06:8e:c7:f2:94': {'first_seen': 1778946108.9328835, 'last_seen': 1778946108.9338622, 'seen_count': 2, 'channels': [], 'avg_rssi': None}, 'b2:7c:35:a9:0d:e7': {'first_seen': 1778946109.2423203, 'last_seen': 1778946109.243388, 'seen_count': 2, 'channels': [], 'avg_rssi': None}, '4f:1f:76:d1:54:f1': {'first_seen': 1778946109.5526755, 'last_seen': 1778946109.553518, 'seen_count': 2, 'channels': [], 'avg_rssi': None}, 'cc:ee:42:eb:4e:b1': {'first_seen': 1778946109.8614697, 'last_seen': 1778946109.862671, 'seen_count': 2, 'channels': [], 'avg_rssi': None}, '2d:cc:91:45:0d:fe': {'first_seen': 1778946110.1692843, 'last_seen': 1778946110.1703124, 'seen_count': 2, 'channels': [], 'avg_rssi': None}, 'ce:60:7c:79:f9:ea': {'first_seen': 1778946110.4808998, 'last_seen': 1778946110.483315, 'seen_count': 2, 'channels': [], 'avg_rssi': None}, '63:e6:ff:f6:1a:7e': {'first_seen': 1778946110.789315, 'last_seen': 1778946110.7902112, 'seen_count': 2, 'channels': [], 'avg_rssi': None}, 'df:9c:b7:71:49:98': {'first_seen': 1778946111.0980566, 'last_seen': 1778946111.0989716, 'seen_count': 2, 'channels': [], 'avg_rssi': None}, 'bc:38:10:27:65:b8': {'first_seen': 1778946111.410443, 'last_seen': 1778946111.4113653, 'seen_count': 2, 'channels': [], 'avg_rssi': None}, 'f8:e8:76:c0:31:f5': {'first_seen': 1778946111.715625, 'last_seen': 1778946111.7167535, 'seen_count': 2, 'channels': [], 'avg_rssi': None}, '5f:2f:6a:e3:45:fe': {'first_seen': 1778946112.025459, 'last_seen': 1778946112.0265286, 'seen_count': 2, 'channels': [], 'avg_rssi': None}, 'c0:b0:5d:4e:e8:f5': {'first_seen': 1778946112.3348854, 'last_seen': 1778946112.3357878, 'seen_count': 2, 'channels': [], 'avg_rssi': None}, '2e:8b:c9:df:a8:98': {'first_seen': 1778946112.6476386, 'last_seen': 1778946112.6485646, 'seen_count': 2, 'channels': [], 'avg_rssi': None}, '7f:be:2a:e5:34:5e': {'first_seen': 1778946112.9563065, 'last_seen': 1778946112.9574454, 'seen_count': 2, 'channels': [], 'avg_rssi': None}, '03:eb:7e:d0:41:ab': {'first_seen': 1778946113.275317, 'last_seen': 1778946113.2762191, 'seen_count': 2, 'channels': [], 'avg_rssi': None}, 'a3:56:87:e2:df:d1': {'first_seen': 1778946113.5923293, 'last_seen': 1778946113.5932305, 'seen_count': 2, 'channels': [], 'avg_rssi': None}, '83:3b:a2:88:57:59': {'first_seen': 1778946113.9007597, 'last_seen': 1778946113.9018693, 'seen_count': 2, 'channels': [], 'avg_rssi': None}, 'f3:65:1e:9b:a5:8f': {'first_seen': 1778946114.2103472, 'last_seen': 1778946114.2113862, 'seen_count': 2, 'channels': [], 'avg_rssi': None}, 'a2:76:f5:64:46:11': {'first_seen': 1778946114.5193286, 'last_seen': 1778946114.5205357, 'seen_count': 2, 'channels': [], 'avg_rssi': None}, '6a:ad:41:17:b8:a3': {'first_seen': 1778946114.8275003, 'last_seen': 1778946114.8285453, 'seen_count': 2, 'channels': [], 'avg_rssi': None}, 'bc:21:9c:74:ba:8e': {'first_seen': 1778946115.1385016, 'last_seen': 1778946115.1645815, 'seen_count': 2, 'channels': [], 'avg_rssi': None}, '27:33:98:ba:e6:2d': {'first_seen': 1778946115.4543402, 'last_seen': 1778946115.4552, 'seen_count': 2, 'channels': [], 'avg_rssi': None}, '69:95:0d:86:de:df': {'first_seen': 1778946115.7602112, 'last_seen': 1778946115.7613473, 'seen_count': 2, 'channels': [], 'avg_rssi': None}, 'e3:ac:cd:4d:b8:b6': {'first_seen': 1778946116.0699923, 'last_seen': 1778946116.0708628, 'seen_count': 2, 'channels': [], 'avg_rssi': None}, '3e:81:73:80:9f:18': {'first_seen': 1778946116.3760848, 'last_seen': 1778946116.3771222, 'seen_count': 2, 'channels': [], 'avg_rssi': None}, '8f:f7:ab:f0:62:c8': {'first_seen': 1778946116.6879158, 'last_seen': 1778946116.689147, 'seen_count': 2, 'channels': [], 'avg_rssi': None}, 'ca:92:b3:27:dc:f0': {'first_seen': 1778946117.000402, 'last_seen': 1778946117.001286, 'seen_count': 2, 'channels': [], 'avg_rssi': None}, 'fb:f5:ab:17:6c:b1': {'first_seen': 1778946117.3117914, 'last_seen': 1778946117.3128028, 'seen_count': 2, 'channels': [], 'avg_rssi': None}, '05:52:da:d0:2b:f4': {'first_seen': 1778946117.6205275, 'last_seen': 1778946117.621438, 'seen_count': 2, 'channels': [], 'avg_rssi': None}, '99:9a:ee:58:b0:0c': {'first_seen': 1778946117.9330997, 'last_seen': 1778946117.934203, 'seen_count': 2, 'channels': [], 'avg_rssi': None}, 'aa:9a:e0:d1:96:ce': {'first_seen': 1778946118.2486584, 'last_seen': 1778946118.2495966, 'seen_count': 2, 'channels': [], 'avg_rssi': None}, '7e:82:27:3f:87:df': {'first_seen': 1778946118.5575774, 'last_seen': 1778946118.55861, 'seen_count': 2, 'channels': [], 'avg_rssi': None}, '5b:74:c6:32:50:75': {'first_seen': 1778946118.8721125, 'last_seen': 1778946118.8730018, 'seen_count': 2, 'channels': [], 'avg_rssi': None}, '4f:20:53:9b:a6:bb': {'first_seen': 1778946119.185039, 'last_seen': 1778946119.1875174, 'seen_count': 2, 'channels': [], 'avg_rssi': None}, 'c2:36:49:a4:83:95': {'first_seen': 1778946119.4967775, 'last_seen': 1778946119.4979076, 'seen_count': 2, 'channels': [], 'avg_rssi': None}, '43:6c:ea:7a:cc:16': {'first_seen': 1778946119.80648, 'last_seen': 1778946119.807551, 'seen_count': 2, 'channels': [], 'avg_rssi': None}, '4a:b2:14:66:e4:68': {'first_seen': 1778946120.1162982, 'last_seen': 1778946120.117442, 'seen_count': 2, 'channels': [], 'avg_rssi': None}, '9b:ef:35:af:80:4a': {'first_seen': 1778946120.423914, 'last_seen': 1778946120.4248316, 'seen_count': 2, 'channels': [], 'avg_rssi': None}, '36:76:8b:c7:55:d8': {'first_seen': 1778946120.739585, 'last_seen': 1778946120.7405968, 'seen_count': 2, 'channels': [], 'avg_rssi': None}, '1d:56:76:e9:f0:72': {'first_seen': 1778946121.05644, 'last_seen': 1778946121.0574896, 'seen_count': 2, 'channels': [], 'avg_rssi': None}, '5a:f7:43:34:4f:b9': {'first_seen': 1778946121.3669412, 'last_seen': 1778946121.3680177, 'seen_count': 2, 'channels': [], 'avg_rssi': None}, 'de:46:66:d0:67:0c': {'first_seen': 1778946121.6746519, 'last_seen': 1778946121.675795, 'seen_count': 2, 'channels': [], 'avg_rssi': None}, '68:fa:fc:7e:c8:12': {'first_seen': 1778946121.9867377, 'last_seen': 1778946121.9876645, 'seen_count': 2, 'channels': [], 'avg_rssi': None}, '6f:65:45:d2:15:14': {'first_seen': 1778946122.3026786, 'last_seen': 1778946122.3035672, 'seen_count': 2, 'channels': [], 'avg_rssi': None}, '3f:32:de:30:03:d5': {'first_seen': 1778946122.6169941, 'last_seen': 1778946122.6179574, 'seen_count': 2, 'channels': [], 'avg_rssi': None}, 'e9:37:30:8b:28:d7': {'first_seen': 1778946122.932976, 'last_seen': 1778946122.933838, 'seen_count': 2, 'channels': [], 'avg_rssi': None}, 'af:34:0f:c3:01:8c': {'first_seen': 1778946123.2507832, 'last_seen': 1778946123.2516034, 'seen_count': 2, 'channels': [], 'avg_rssi': None}, '0f:20:9d:3d:3c:02': {'first_seen': 1778946123.5688639, 'last_seen': 1778946123.5699959, 'seen_count': 2, 'channels': [], 'avg_rssi': None}, 'ef:db:21:46:d4:6b': {'first_seen': 1778946123.8788664, 'last_seen': 1778946123.8797688, 'seen_count': 2, 'channels': [], 'avg_rssi': None}, '79:e2:75:a1:1f:7b': {'first_seen': 1778946124.1908126, 'last_seen': 1778946124.191666, 'seen_count': 2, 'channels': [], 'avg_rssi': None}, '1b:9e:ee:12:7f:b6': {'first_seen': 1778946124.5025668, 'last_seen': 1778946124.503543, 'seen_count': 2, 'channels': [], 'avg_rssi': None}, '66:aa:af:0a:4e:69': {'first_seen': 1778946124.817464, 'last_seen': 1778946124.8198087, 'seen_count': 2, 'channels': [], 'avg_rssi': None}, 'ba:03:43:5b:41:af': {'first_seen': 1778946125.135345, 'last_seen': 1778946125.1363416, 'seen_count': 2, 'channels': [], 'avg_rssi': None}, '3e:42:8e:2c:c2:2b': {'first_seen': 1778946125.4469981, 'last_seen': 1778946125.4482253, 'seen_count': 2, 'channels': [], 'avg_rssi': None}, '7e:44:5b:5f:57:80': {'first_seen': 1778946125.7576518, 'last_seen': 1778946125.758603, 'seen_count': 2, 'channels': [], 'avg_rssi': None}, 'ac:7f:8c:8e:4b:45': {'first_seen': 1778946126.0706778, 'last_seen': 1778946126.071498, 'seen_count': 2, 'channels': [], 'avg_rssi': None}, '68:e9:74:5c:ab:0b': {'first_seen': 1778946126.3868742, 'last_seen': 1778946126.3880165, 'seen_count': 2, 'channels': [], 'avg_rssi': None}, 'b1:e8:77:da:6b:99': {'first_seen': 1778946126.7000034, 'last_seen': 1778946126.7011678, 'seen_count': 2, 'channels': [], 'avg_rssi': None}, '0a:9f:ba:69:36:80': {'first_seen': 1778946127.0141852, 'last_seen': 1778946127.0150495, 'seen_count': 2, 'channels': [], 'avg_rssi': None}, '9a:2d:dd:e5:d7:69': {'first_seen': 1778946127.3311093, 'last_seen': 1778946127.3320653, 'seen_count': 2, 'channels': [], 'avg_rssi': None}, 'c6:d5:20:36:7b:f8': {'first_seen': 1778946127.6456008, 'last_seen': 1778946127.6468298, 'seen_count': 2, 'channels': [], 'avg_rssi': None}, '4f:52:65:35:4a:a8': {'first_seen': 1778946127.9539564, 'last_seen': 1778946127.9550996, 'seen_count': 2, 'channels': [], 'avg_rssi': None}, '2b:1c:18:51:40:a4': {'first_seen': 1778946128.2704937, 'last_seen': 1778946128.2713642, 'seen_count': 2, 'channels': [], 'avg_rssi': None}, '63:a8:ac:37:07:72': {'first_seen': 1778946128.5791945, 'last_seen': 1778946128.5803785, 'seen_count': 2, 'channels': [], 'avg_rssi': None}, 'c3:66:5b:98:63:68': {'first_seen': 1778946128.891513, 'last_seen': 1778946128.8925214, 'seen_count': 2, 'channels': [], 'avg_rssi': None}, 'ce:9c:f9:b8:10:d6': {'first_seen': 1778946129.2028813, 'last_seen': 1778946129.2039144, 'seen_count': 2, 'channels': [], 'avg_rssi': None}, '1c:ac:74:02:d9:16': {'first_seen': 1778946129.5136652, 'last_seen': 1778946129.514562, 'seen_count': 2, 'channels': [], 'avg_rssi': None}, 'fa:97:70:8b:d2:07': {'first_seen': 1778946129.82687, 'last_seen': 1778946129.8276937, 'seen_count': 2, 'channels': [], 'avg_rssi': None}, '88:85:e4:e2:b0:de': {'first_seen': 1778946130.146685, 'last_seen': 1778946130.1475847, 'seen_count': 2, 'channels': [], 'avg_rssi': None}, '13:16:61:e0:0f:cd': {'first_seen': 1778946130.4631023, 'last_seen': 1778946130.4641032, 'seen_count': 2, 'channels': [], 'avg_rssi': None}, 'be:d1:77:a0:e8:93': {'first_seen': 1778946130.771682, 'last_seen': 1778946130.7727435, 'seen_count': 2, 'channels': [], 'avg_rssi': None}, '88:5e:5d:73:6d:43': {'first_seen': 1778946131.0856938, 'last_seen': 1778946131.0867589, 'seen_count': 2, 'channels': [], 'avg_rssi': None}, '02:49:23:19:7f:02': {'first_seen': 1778946131.39303, 'last_seen': 1778946131.3941514, 'seen_count': 2, 'channels': [], 'avg_rssi': None}, '83:b6:24:4a:d0:1f': {'first_seen': 1778946131.705456, 'last_seen': 1778946131.7062917, 'seen_count': 2, 'channels': [], 'avg_rssi': None}, '34:4c:2b:fa:2e:2f': {'first_seen': 1778946132.0146892, 'last_seen': 1778946132.0155618, 'seen_count': 2, 'channels': [], 'avg_rssi': None}, '32:26:3b:7e:a0:32': {'first_seen': 1778946132.3300567, 'last_seen': 1778946132.3310835, 'seen_count': 2, 'channels': [], 'avg_rssi': None}, '46:a4:ef:f6:c5:f9': {'first_seen': 1778946132.6438491, 'last_seen': 1778946132.644985, 'seen_count': 2, 'channels': [], 'avg_rssi': None}, '72:06:c5:df:c4:54': {'first_seen': 1778946132.9539435, 'last_seen': 1778946132.9548597, 'seen_count': 2, 'channels': [], 'avg_rssi': None}, '39:0b:7a:26:39:64': {'first_seen': 1778946133.2649908, 'last_seen': 1778946133.266124, 'seen_count': 2, 'channels': [], 'avg_rssi': None}, 'd0:1a:f5:87:ed:34': {'first_seen': 1778946133.5786638, 'last_seen': 1778946133.5797715, 'seen_count': 2, 'channels': [], 'avg_rssi': None}, '34:36:6b:ca:ff:8f': {'first_seen': 1778946133.8970845, 'last_seen': 1778946133.898278, 'seen_count': 2, 'channels': [], 'avg_rssi': None}, '43:13:15:29:f9:6f': {'first_seen': 1778946134.2092736, 'last_seen': 1778946134.2104294, 'seen_count': 2, 'channels': [], 'avg_rssi': None}, '54:c2:e7:41:7d:b9': {'first_seen': 1778946134.522878, 'last_seen': 1778946134.523814, 'seen_count': 2, 'channels': [], 'avg_rssi': None}, 'db:13:db:6a:e9:6b': {'first_seen': 1778946134.8403842, 'last_seen': 1778946134.8415813, 'seen_count': 2, 'channels': [], 'avg_rssi': None}, '3d:67:98:75:a8:eb': {'first_seen': 1778946135.1516237, 'last_seen': 1778946135.1524808, 'seen_count': 2, 'channels': [], 'avg_rssi': None}, '5e:0e:af:db:86:a9': {'first_seen': 1778946135.4628623, 'last_seen': 1778946135.4639916, 'seen_count': 2, 'channels': [], 'avg_rssi': None}, 'a0:1a:a1:26:45:21': {'first_seen': 1778946135.777198, 'last_seen': 1778946135.7781267, 'seen_count': 2, 'channels': [], 'avg_rssi': None}, '78:97:70:04:ba:24': {'first_seen': 1778946136.0906913, 'last_seen': 1778946136.0916445, 'seen_count': 2, 'channels': [], 'avg_rssi': None}, 'c7:fa:83:19:9a:d2': {'first_seen': 1778946136.4072998, 'last_seen': 1778946136.408285, 'seen_count': 2, 'channels': [], 'avg_rssi': None}, '10:ee:25:f5:49:38': {'first_seen': 1778946136.7181053, 'last_seen': 1778946136.719176, 'seen_count': 2, 'channels': [], 'avg_rssi': None}, '59:5b:5d:9a:15:c0': {'first_seen': 1778946137.0318034, 'last_seen': 1778946137.0326977, 'seen_count': 2, 'channels': [], 'avg_rssi': None}, 'dc:d3:0e:7b:25:ea': {'first_seen': 1778946137.3368473, 'last_seen': 1778946137.3378332, 'seen_count': 2, 'channels': [], 'avg_rssi': None}, '03:fe:ed:26:05:9c': {'first_seen': 1778946137.649194, 'last_seen': 1778946137.6503508, 'seen_count': 2, 'channels': [], 'avg_rssi': None}, '3a:73:62:9b:0a:cb': {'first_seen': 1778946137.9567175, 'last_seen': 1778946137.9567175, 'seen_count': 1, 'channels': [], 'avg_rssi': None}}}
!!!!!!!!!!!!!!!!!!!!!!!!!!!!!!!!!!!!!!!!!!!!!!!!!!!!!!!!!!!!!!!!!!!!!!!!!!!!!!!!


!!!!!!!!!!!!!!!!!!!!!!!!!!!!!!!!!!!!!!!!!!!!!!!!!!!!!!!!!!!!!!!!!!!!!!!!!!!!!!!!
[ALERT] ALERT-000052 | POTENTIAL_EVIL_TWIN
severity: LOW
time: 2026-05-16T15:42:17.966818
message: Wykryto potencjalny Evil Twin / Rogue AP dla SSID 'TestNet_016'. Zaobserwowano 99 różnych BSSID oraz podejrzane różnice parametrów sieci.
evidence: {'ssid': 'TestNet_016', 'bssid_count': 99, 'bssids': ['bd:e5:05:10:8a:bf', 'f2:35:05:e2:b8:6c', '5c:56:aa:37:ab:c4', '3b:62:8f:b0:3f:88', '2c:9b:99:21:75:cb', '4e:c8:b2:be:af:31', '0e:b5:7e:13:fa:54', 'da:32:20:99:5f:4d', 'e5:39:61:78:22:54', '97:38:82:02:cb:97', '51:1f:65:2f:4e:15', '17:4b:86:28:8f:32', 'b2:2e:e4:61:f9:20', 'e6:90:8d:77:a2:c0', '82:ae:c5:30:5c:ea', 'd8:00:43:08:8f:5d', '8f:18:d7:c6:30:45', '7f:eb:62:52:25:45', '82:aa:91:c0:2e:da', 'b7:c5:5a:ce:d8:a2', '99:60:6c:b9:c4:7d', '08:38:71:a0:38:c0', 'dc:90:9b:dd:ac:35', '26:52:60:f5:af:27', 'b2:31:c5:9b:05:88', 'e1:83:35:17:7a:95', '2d:e7:4b:86:2b:2a', '51:98:7a:64:b2:79', '76:9e:5e:a5:a3:99', 'c5:1c:da:93:8a:05', '5f:66:e9:e2:66:2e', 'b1:d1:40:2e:58:fc', 'a4:46:25:15:d3:71', 'ba:91:60:37:91:ff', '07:25:bb:a3:ef:40', 'b2:02:bb:6f:01:84', 'fb:d8:48:b9:6b:77', '7e:04:b5:b7:77:38', '13:3f:1b:ea:e6:a8', '95:d5:aa:90:2f:13', '2d:15:47:cb:80:2d', 'c5:71:e9:1f:fe:3f', 'df:e0:7c:31:63:30', 'd8:91:0f:e6:31:2e', 'ca:0b:af:a3:ef:7d', 'fb:97:c9:36:ca:ca', '42:30:ec:41:48:e6', '2d:d3:16:d5:53:0f', 'cd:ac:01:5f:cc:fe', 'ee:2f:43:a7:46:b3', 'bb:66:b7:ef:fb:2e', '28:8f:7b:a8:af:6a', 'bd:25:84:e4:55:39', '18:5d:05:b3:ba:d9', '64:e1:5d:ce:f8:a3', '74:03:de:5d:05:f5', '49:d3:65:6b:40:db', '1b:27:36:3a:08:cb', 'b8:06:1c:b5:14:0b', '14:2a:86:d3:29:4b', '73:28:7b:4d:c3:a7', 'd9:e0:a1:3b:e4:b1', '53:a8:b5:73:60:15', '14:9b:b0:8a:d1:0a', '37:f4:04:71:fb:66', '48:dd:2c:25:d0:4e', '7a:6e:fa:28:59:e6', '7c:2a:f5:30:fb:4d', '34:74:c0:fa:24:02', '71:b2:f4:cc:ea:2b', '9d:2c:e6:b4:7e:0d', '7a:98:a4:fb:b4:b1', '3f:64:4e:0e:86:99', '2e:9f:9f:88:8d:16', 'a0:4b:ce:3f:88:8f', '1b:e9:26:2e:de:bc', '62:3e:d1:80:f7:dd', '35:76:c5:a8:5f:d0', 'a4:88:b1:8f:95:a7', 'e0:b2:e1:04:d7:68', 'c9:19:39:6a:ec:c5', '7a:ef:3d:16:bb:ec', '89:eb:20:b6:ea:1f', 'c8:fc:ab:5d:11:46', '22:fa:bb:19:e9:54', 'b2:f0:3f:9c:bd:a9', 'c1:0f:9f:55:73:f8', '91:cb:aa:0a:bc:8b', 'bc:dd:ff:51:2c:46', '81:b1:e2:f6:44:fc', '7c:8b:ce:12:74:dc', 'da:2c:95:c9:2b:ad', '63:56:8a:19:da:37', '7b:e2:49:c8:54:37', '42:4c:72:88:06:db', '2b:74:18:a9:fe:58', '10:17:0f:36:4d:8a', '93:0b:4a:41:89:eb', '4c:9a:0d:fe:5b:4b'], 'triggered_reasons': ['same_ssid_multiple_bssid'], 'observations': {'bd:e5:05:10:8a:bf': {'first_seen': 1778946107.3931391, 'last_seen': 1778946107.3941548, 'seen_count': 2, 'channels': [], 'avg_rssi': None}, 'f2:35:05:e2:b8:6c': {'first_seen': 1778946107.7023041, 'last_seen': 1778946107.7034354, 'seen_count': 2, 'channels': [], 'avg_rssi': None}, '5c:56:aa:37:ab:c4': {'first_seen': 1778946108.0129974, 'last_seen': 1778946108.01395, 'seen_count': 2, 'channels': [], 'avg_rssi': None}, '3b:62:8f:b0:3f:88': {'first_seen': 1778946108.3238854, 'last_seen': 1778946108.3248355, 'seen_count': 2, 'channels': [], 'avg_rssi': None}, '2c:9b:99:21:75:cb': {'first_seen': 1778946108.634001, 'last_seen': 1778946108.6352222, 'seen_count': 2, 'channels': [], 'avg_rssi': None}, '4e:c8:b2:be:af:31': {'first_seen': 1778946108.9429946, 'last_seen': 1778946108.943869, 'seen_count': 2, 'channels': [], 'avg_rssi': None}, '0e:b5:7e:13:fa:54': {'first_seen': 1778946109.2524545, 'last_seen': 1778946109.2543817, 'seen_count': 2, 'channels': [], 'avg_rssi': None}, 'da:32:20:99:5f:4d': {'first_seen': 1778946109.565375, 'last_seen': 1778946109.5665195, 'seen_count': 2, 'channels': [], 'avg_rssi': None}, 'e5:39:61:78:22:54': {'first_seen': 1778946109.871562, 'last_seen': 1778946109.872411, 'seen_count': 2, 'channels': [], 'avg_rssi': None}, '97:38:82:02:cb:97': {'first_seen': 1778946110.179382, 'last_seen': 1778946110.180301, 'seen_count': 2, 'channels': [], 'avg_rssi': None}, '51:1f:65:2f:4e:15': {'first_seen': 1778946110.490984, 'last_seen': 1778946110.4921923, 'seen_count': 2, 'channels': [], 'avg_rssi': None}, '17:4b:86:28:8f:32': {'first_seen': 1778946110.7994034, 'last_seen': 1778946110.8003342, 'seen_count': 2, 'channels': [], 'avg_rssi': None}, 'b2:2e:e4:61:f9:20': {'first_seen': 1778946111.1081455, 'last_seen': 1778946111.1090996, 'seen_count': 2, 'channels': [], 'avg_rssi': None}, 'e6:90:8d:77:a2:c0': {'first_seen': 1778946111.4205513, 'last_seen': 1778946111.4214911, 'seen_count': 2, 'channels': [], 'avg_rssi': None}, '82:ae:c5:30:5c:ea': {'first_seen': 1778946111.7257228, 'last_seen': 1778946111.7266624, 'seen_count': 2, 'channels': [], 'avg_rssi': None}, 'd8:00:43:08:8f:5d': {'first_seen': 1778946112.035738, 'last_seen': 1778946112.0366595, 'seen_count': 2, 'channels': [], 'avg_rssi': None}, '8f:18:d7:c6:30:45': {'first_seen': 1778946112.3450005, 'last_seen': 1778946112.3459136, 'seen_count': 2, 'channels': [], 'avg_rssi': None}, '7f:eb:62:52:25:45': {'first_seen': 1778946112.6577425, 'last_seen': 1778946112.6589353, 'seen_count': 2, 'channels': [], 'avg_rssi': None}, '82:aa:91:c0:2e:da': {'first_seen': 1778946112.9710464, 'last_seen': 1778946112.972204, 'seen_count': 2, 'channels': [], 'avg_rssi': None}, 'b7:c5:5a:ce:d8:a2': {'first_seen': 1778946113.2854283, 'last_seen': 1778946113.2863371, 'seen_count': 2, 'channels': [], 'avg_rssi': None}, '99:60:6c:b9:c4:7d': {'first_seen': 1778946113.6024392, 'last_seen': 1778946113.6034784, 'seen_count': 2, 'channels': [], 'avg_rssi': None}, '08:38:71:a0:38:c0': {'first_seen': 1778946113.9108899, 'last_seen': 1778946113.9120045, 'seen_count': 2, 'channels': [], 'avg_rssi': None}, 'dc:90:9b:dd:ac:35': {'first_seen': 1778946114.2204432, 'last_seen': 1778946114.2213857, 'seen_count': 2, 'channels': [], 'avg_rssi': None}, '26:52:60:f5:af:27': {'first_seen': 1778946114.5294418, 'last_seen': 1778946114.530534, 'seen_count': 2, 'channels': [], 'avg_rssi': None}, 'b2:31:c5:9b:05:88': {'first_seen': 1778946114.837601, 'last_seen': 1778946114.8385425, 'seen_count': 2, 'channels': [], 'avg_rssi': None}, 'e1:83:35:17:7a:95': {'first_seen': 1778946115.1486094, 'last_seen': 1778946115.165939, 'seen_count': 2, 'channels': [], 'avg_rssi': None}, '2d:e7:4b:86:2b:2a': {'first_seen': 1778946115.4644377, 'last_seen': 1778946115.4654508, 'seen_count': 2, 'channels': [], 'avg_rssi': None}, '51:98:7a:64:b2:79': {'first_seen': 1778946115.7702985, 'last_seen': 1778946115.771216, 'seen_count': 2, 'channels': [], 'avg_rssi': None}, '76:9e:5e:a5:a3:99': {'first_seen': 1778946116.080094, 'last_seen': 1778946116.0809817, 'seen_count': 2, 'channels': [], 'avg_rssi': None}, 'c5:1c:da:93:8a:05': {'first_seen': 1778946116.3862078, 'last_seen': 1778946116.3872554, 'seen_count': 2, 'channels': [], 'avg_rssi': None}, '5f:66:e9:e2:66:2e': {'first_seen': 1778946116.6980333, 'last_seen': 1778946116.6988978, 'seen_count': 2, 'channels': [], 'avg_rssi': None}, 'b1:d1:40:2e:58:fc': {'first_seen': 1778946117.01055, 'last_seen': 1778946117.0117855, 'seen_count': 2, 'channels': [], 'avg_rssi': None}, 'a4:46:25:15:d3:71': {'first_seen': 1778946117.321881, 'last_seen': 1778946117.3230534, 'seen_count': 2, 'channels': [], 'avg_rssi': None}, 'ba:91:60:37:91:ff': {'first_seen': 1778946117.6316888, 'last_seen': 1778946117.6328285, 'seen_count': 2, 'channels': [], 'avg_rssi': None}, '07:25:bb:a3:ef:40': {'first_seen': 1778946117.9433184, 'last_seen': 1778946117.9444625, 'seen_count': 2, 'channels': [], 'avg_rssi': None}, 'b2:02:bb:6f:01:84': {'first_seen': 1778946118.2588966, 'last_seen': 1778946118.2597287, 'seen_count': 2, 'channels': [], 'avg_rssi': None}, 'fb:d8:48:b9:6b:77': {'first_seen': 1778946118.5676816, 'last_seen': 1778946118.5686252, 'seen_count': 2, 'channels': [], 'avg_rssi': None}, '7e:04:b5:b7:77:38': {'first_seen': 1778946118.882217, 'last_seen': 1778946118.883379, 'seen_count': 2, 'channels': [], 'avg_rssi': None}, '13:3f:1b:ea:e6:a8': {'first_seen': 1778946119.1962974, 'last_seen': 1778946119.197144, 'seen_count': 2, 'channels': [], 'avg_rssi': None}, '95:d5:aa:90:2f:13': {'first_seen': 1778946119.506945, 'last_seen': 1778946119.5081606, 'seen_count': 2, 'channels': [], 'avg_rssi': None}, '2d:15:47:cb:80:2d': {'first_seen': 1778946119.816583, 'last_seen': 1778946119.8174262, 'seen_count': 2, 'channels': [], 'avg_rssi': None}, 'c5:71:e9:1f:fe:3f': {'first_seen': 1778946120.1269226, 'last_seen': 1778946120.1279485, 'seen_count': 2, 'channels': [], 'avg_rssi': None}, 'df:e0:7c:31:63:30': {'first_seen': 1778946120.43407, 'last_seen': 1778946120.434965, 'seen_count': 2, 'channels': [], 'avg_rssi': None}, 'd8:91:0f:e6:31:2e': {'first_seen': 1778946120.7509043, 'last_seen': 1778946120.7519717, 'seen_count': 2, 'channels': [], 'avg_rssi': None}, 'ca:0b:af:a3:ef:7d': {'first_seen': 1778946121.0666885, 'last_seen': 1778946121.0678716, 'seen_count': 2, 'channels': [], 'avg_rssi': None}, 'fb:97:c9:36:ca:ca': {'first_seen': 1778946121.3770413, 'last_seen': 1778946121.378263, 'seen_count': 2, 'channels': [], 'avg_rssi': None}, '42:30:ec:41:48:e6': {'first_seen': 1778946121.6848137, 'last_seen': 1778946121.6860435, 'seen_count': 2, 'channels': [], 'avg_rssi': None}, '2d:d3:16:d5:53:0f': {'first_seen': 1778946121.9986603, 'last_seen': 1778946121.9996643, 'seen_count': 2, 'channels': [], 'avg_rssi': None}, 'cd:ac:01:5f:cc:fe': {'first_seen': 1778946122.3127856, 'last_seen': 1778946122.313929, 'seen_count': 2, 'channels': [], 'avg_rssi': None}, 'ee:2f:43:a7:46:b3': {'first_seen': 1778946122.6271203, 'last_seen': 1778946122.6280806, 'seen_count': 2, 'channels': [], 'avg_rssi': None}, 'bb:66:b7:ef:fb:2e': {'first_seen': 1778946122.9431047, 'last_seen': 1778946122.9439692, 'seen_count': 2, 'channels': [], 'avg_rssi': None}, '28:8f:7b:a8:af:6a': {'first_seen': 1778946123.26088, 'last_seen': 1778946123.2619793, 'seen_count': 2, 'channels': [], 'avg_rssi': None}, 'bd:25:84:e4:55:39': {'first_seen': 1778946123.578961, 'last_seen': 1778946123.5801213, 'seen_count': 2, 'channels': [], 'avg_rssi': None}, '18:5d:05:b3:ba:d9': {'first_seen': 1778946123.8890615, 'last_seen': 1778946123.8901427, 'seen_count': 2, 'channels': [], 'avg_rssi': None}, '64:e1:5d:ce:f8:a3': {'first_seen': 1778946124.2009213, 'last_seen': 1778946124.2019033, 'seen_count': 2, 'channels': [], 'avg_rssi': None}, '74:03:de:5d:05:f5': {'first_seen': 1778946124.5126605, 'last_seen': 1778946124.5135443, 'seen_count': 2, 'channels': [], 'avg_rssi': None}, '49:d3:65:6b:40:db': {'first_seen': 1778946124.831092, 'last_seen': 1778946124.832187, 'seen_count': 2, 'channels': [], 'avg_rssi': None}, '1b:27:36:3a:08:cb': {'first_seen': 1778946125.1454573, 'last_seen': 1778946125.14658, 'seen_count': 2, 'channels': [], 'avg_rssi': None}, 'b8:06:1c:b5:14:0b': {'first_seen': 1778946125.4571106, 'last_seen': 1778946125.4581003, 'seen_count': 2, 'channels': [], 'avg_rssi': None}, '14:2a:86:d3:29:4b': {'first_seen': 1778946125.7677536, 'last_seen': 1778946125.768982, 'seen_count': 2, 'channels': [], 'avg_rssi': None}, '73:28:7b:4d:c3:a7': {'first_seen': 1778946126.08077, 'last_seen': 1778946126.08175, 'seen_count': 2, 'channels': [], 'avg_rssi': None}, 'd9:e0:a1:3b:e4:b1': {'first_seen': 1778946126.396986, 'last_seen': 1778946126.3981433, 'seen_count': 2, 'channels': [], 'avg_rssi': None}, '53:a8:b5:73:60:15': {'first_seen': 1778946126.7101126, 'last_seen': 1778946126.7112865, 'seen_count': 2, 'channels': [], 'avg_rssi': None}, '14:9b:b0:8a:d1:0a': {'first_seen': 1778946127.025808, 'last_seen': 1778946127.0266752, 'seen_count': 2, 'channels': [], 'avg_rssi': None}, '37:f4:04:71:fb:66': {'first_seen': 1778946127.3412426, 'last_seen': 1778946127.342322, 'seen_count': 2, 'channels': [], 'avg_rssi': None}, '48:dd:2c:25:d0:4e': {'first_seen': 1778946127.655702, 'last_seen': 1778946127.6568325, 'seen_count': 2, 'channels': [], 'avg_rssi': None}, '7a:6e:fa:28:59:e6': {'first_seen': 1778946127.9640577, 'last_seen': 1778946127.964988, 'seen_count': 2, 'channels': [], 'avg_rssi': None}, '7c:2a:f5:30:fb:4d': {'first_seen': 1778946128.2806144, 'last_seen': 1778946128.2814996, 'seen_count': 2, 'channels': [], 'avg_rssi': None}, '34:74:c0:fa:24:02': {'first_seen': 1778946128.5906806, 'last_seen': 1778946128.5916317, 'seen_count': 2, 'channels': [], 'avg_rssi': None}, '71:b2:f4:cc:ea:2b': {'first_seen': 1778946128.9016447, 'last_seen': 1778946128.9027777, 'seen_count': 2, 'channels': [], 'avg_rssi': None}, '9d:2c:e6:b4:7e:0d': {'first_seen': 1778946129.2129922, 'last_seen': 1778946129.2140481, 'seen_count': 2, 'channels': [], 'avg_rssi': None}, '7a:98:a4:fb:b4:b1': {'first_seen': 1778946129.523794, 'last_seen': 1778946129.5246863, 'seen_count': 2, 'channels': [], 'avg_rssi': None}, '3f:64:4e:0e:86:99': {'first_seen': 1778946129.8369634, 'last_seen': 1778946129.837819, 'seen_count': 2, 'channels': [], 'avg_rssi': None}, '2e:9f:9f:88:8d:16': {'first_seen': 1778946130.1567814, 'last_seen': 1778946130.1579626, 'seen_count': 2, 'channels': [], 'avg_rssi': None}, 'a0:4b:ce:3f:88:8f': {'first_seen': 1778946130.473244, 'last_seen': 1778946130.4741106, 'seen_count': 2, 'channels': [], 'avg_rssi': None}, '1b:e9:26:2e:de:bc': {'first_seen': 1778946130.7818146, 'last_seen': 1778946130.7827513, 'seen_count': 2, 'channels': [], 'avg_rssi': None}, '62:3e:d1:80:f7:dd': {'first_seen': 1778946131.0957875, 'last_seen': 1778946131.097008, 'seen_count': 2, 'channels': [], 'avg_rssi': None}, '35:76:c5:a8:5f:d0': {'first_seen': 1778946131.4057817, 'last_seen': 1778946131.4067826, 'seen_count': 2, 'channels': [], 'avg_rssi': None}, 'a4:88:b1:8f:95:a7': {'first_seen': 1778946131.7155528, 'last_seen': 1778946131.7166677, 'seen_count': 2, 'channels': [], 'avg_rssi': None}, 'e0:b2:e1:04:d7:68': {'first_seen': 1778946132.0248919, 'last_seen': 1778946132.0258114, 'seen_count': 2, 'channels': [], 'avg_rssi': None}, 'c9:19:39:6a:ec:c5': {'first_seen': 1778946132.340193, 'last_seen': 1778946132.3412123, 'seen_count': 2, 'channels': [], 'avg_rssi': None}, '7a:ef:3d:16:bb:ec': {'first_seen': 1778946132.653953, 'last_seen': 1778946132.654981, 'seen_count': 2, 'channels': [], 'avg_rssi': None}, '89:eb:20:b6:ea:1f': {'first_seen': 1778946132.9640396, 'last_seen': 1778946132.9651082, 'seen_count': 2, 'channels': [], 'avg_rssi': None}, 'c8:fc:ab:5d:11:46': {'first_seen': 1778946133.2751045, 'last_seen': 1778946133.276248, 'seen_count': 2, 'channels': [], 'avg_rssi': None}, '22:fa:bb:19:e9:54': {'first_seen': 1778946133.588763, 'last_seen': 1778946133.5896387, 'seen_count': 2, 'channels': [], 'avg_rssi': None}, 'b2:f0:3f:9c:bd:a9': {'first_seen': 1778946133.9071777, 'last_seen': 1778946133.9080296, 'seen_count': 2, 'channels': [], 'avg_rssi': None}, 'c1:0f:9f:55:73:f8': {'first_seen': 1778946134.2193692, 'last_seen': 1778946134.2204223, 'seen_count': 2, 'channels': [], 'avg_rssi': None}, '91:cb:aa:0a:bc:8b': {'first_seen': 1778946134.5329802, 'last_seen': 1778946134.5340645, 'seen_count': 2, 'channels': [], 'avg_rssi': None}, 'bc:dd:ff:51:2c:46': {'first_seen': 1778946134.8528326, 'last_seen': 1778946134.8554692, 'seen_count': 2, 'channels': [], 'avg_rssi': None}, '81:b1:e2:f6:44:fc': {'first_seen': 1778946135.1626804, 'last_seen': 1778946135.1638505, 'seen_count': 2, 'channels': [], 'avg_rssi': None}, '7c:8b:ce:12:74:dc': {'first_seen': 1778946135.4729795, 'last_seen': 1778946135.4741113, 'seen_count': 2, 'channels': [], 'avg_rssi': None}, 'da:2c:95:c9:2b:ad': {'first_seen': 1778946135.7872963, 'last_seen': 1778946135.7882533, 'seen_count': 2, 'channels': [], 'avg_rssi': None}, '63:56:8a:19:da:37': {'first_seen': 1778946136.1007802, 'last_seen': 1778946136.1018937, 'seen_count': 2, 'channels': [], 'avg_rssi': None}, '7b:e2:49:c8:54:37': {'first_seen': 1778946136.4174383, 'last_seen': 1778946136.4186804, 'seen_count': 2, 'channels': [], 'avg_rssi': None}, '42:4c:72:88:06:db': {'first_seen': 1778946136.7282135, 'last_seen': 1778946136.7290587, 'seen_count': 2, 'channels': [], 'avg_rssi': None}, '2b:74:18:a9:fe:58': {'first_seen': 1778946137.0419083, 'last_seen': 1778946137.0429597, 'seen_count': 2, 'channels': [], 'avg_rssi': None}, '10:17:0f:36:4d:8a': {'first_seen': 1778946137.3469546, 'last_seen': 1778946137.3480885, 'seen_count': 2, 'channels': [], 'avg_rssi': None}, '93:0b:4a:41:89:eb': {'first_seen': 1778946137.6592853, 'last_seen': 1778946137.6616075, 'seen_count': 2, 'channels': [], 'avg_rssi': None}, '4c:9a:0d:fe:5b:4b': {'first_seen': 1778946137.9668179, 'last_seen': 1778946137.9668179, 'seen_count': 1, 'channels': [], 'avg_rssi': None}}}
!!!!!!!!!!!!!!!!!!!!!!!!!!!!!!!!!!!!!!!!!!!!!!!!!!!!!!!!!!!!!!!!!!!!!!!!!!!!!!!!


!!!!!!!!!!!!!!!!!!!!!!!!!!!!!!!!!!!!!!!!!!!!!!!!!!!!!!!!!!!!!!!!!!!!!!!!!!!!!!!!
[ALERT] ALERT-000053 | POTENTIAL_EVIL_TWIN
severity: LOW
time: 2026-05-16T15:42:17.976920
message: Wykryto potencjalny Evil Twin / Rogue AP dla SSID 'TestNet_017'. Zaobserwowano 99 różnych BSSID oraz podejrzane różnice parametrów sieci.
evidence: {'ssid': 'TestNet_017', 'bssid_count': 99, 'bssids': ['d7:b0:c2:bc:66:31', '8a:49:5b:55:54:26', '84:33:4c:5e:79:57', '62:d0:67:5e:0a:37', '70:ad:6e:47:7b:5a', 'b8:b9:6a:cf:df:ec', '9b:0a:c9:34:06:f1', '5e:c6:8e:cd:80:30', '04:7a:6d:e4:7f:11', 'fa:fb:a3:0b:dc:12', '97:81:aa:b4:c0:f3', '45:1b:45:e9:56:08', '3c:96:7e:77:61:3c', '85:0c:e2:9b:4b:ee', '0a:0a:e6:ea:f0:a0', 'a4:66:56:79:49:5d', '10:b5:20:1b:2a:2c', '55:f9:79:c0:5c:27', 'ea:0e:70:76:86:d4', '22:67:85:97:0a:7c', 'a9:4a:9d:48:ee:e3', '6b:98:8f:58:db:d9', '65:50:20:bc:1e:db', '64:d1:ce:18:c6:ed', '0f:24:0f:18:da:01', '88:1c:51:a8:4e:5c', '2c:d9:b5:13:48:9a', 'a5:82:f0:e4:b6:a2', '20:a8:ce:78:b7:ad', '60:ed:8b:22:fc:2a', 'a6:fb:48:07:7b:60', '47:8a:29:70:e4:bb', '61:b8:bc:9b:b0:84', 'd7:48:b5:39:ad:b5', '24:97:09:7a:63:78', '96:bb:f9:a3:07:9f', 'b5:8c:ea:ad:f4:27', '47:12:33:bc:93:94', '8d:54:52:6e:f2:61', 'c6:2b:af:a0:99:5f', 'b2:6f:b7:e1:85:05', '39:c0:71:6b:77:5c', 'd7:22:20:36:6c:a4', 'ba:33:ca:67:fa:92', '14:21:c2:a3:a8:4c', '5a:d2:38:4e:28:93', 'c6:be:18:d4:49:78', 'f0:0c:7e:e6:7f:a3', '4e:97:47:6c:82:21', 'b2:1f:b1:d1:fd:01', '7f:5b:31:55:8b:21', 'ba:8d:46:df:3d:d3', '51:47:32:52:5b:60', '14:8e:b1:ea:58:ba', '16:76:c3:b3:01:ba', '1c:30:05:01:3c:43', 'ec:83:51:d7:fb:55', 'bf:57:c4:5c:ba:1b', '1d:41:f2:aa:77:07', '1e:63:4f:38:d3:22', '06:50:3d:57:30:87', 'ff:5e:f3:dd:01:2d', '2f:58:4f:a7:97:f7', '65:5b:23:8f:10:eb', 'd0:b2:ac:eb:e0:e7', '7d:fc:b4:e3:fd:32', 'c9:b5:d9:08:3b:72', '3a:f5:66:8b:2a:8d', 'ee:ab:f1:9b:6f:2f', '28:91:c5:8b:f3:ae', 'f3:e0:cf:cd:5d:94', '72:e6:00:f3:a6:b2', '9e:6c:10:7a:f0:cd', 'a5:c5:ae:7d:9c:61', 'fc:28:e2:24:f8:b0', '40:37:ee:e8:39:34', '21:bf:2e:3b:de:a4', 'f6:f2:a1:49:e9:83', '37:ca:9e:79:cf:e2', 'd4:a3:63:21:a9:79', 'ff:26:94:50:31:aa', '41:7e:ad:49:5e:a1', 'ec:11:ba:44:a9:ce', '05:87:16:2c:5c:da', 'b3:b0:5d:35:3e:49', 'e5:9f:5a:45:49:e0', '8f:e2:c2:45:07:76', 'ca:88:7c:34:d5:e9', '3d:27:b4:6e:5e:01', 'fa:76:64:48:17:28', '77:e9:0f:f2:4e:c4', '0e:a2:ae:00:68:1a', 'c8:03:e2:a9:ae:ec', '66:03:2f:e3:e8:9b', '09:63:00:6e:30:8a', '8e:27:ef:3b:0e:c0', '43:ef:f0:4a:29:49', 'a5:5e:29:63:ef:c3', '9b:43:de:a7:40:33'], 'triggered_reasons': ['same_ssid_multiple_bssid'], 'observations': {'d7:b0:c2:bc:66:31': {'first_seen': 1778946107.4032953, 'last_seen': 1778946107.404541, 'seen_count': 2, 'channels': [], 'avg_rssi': None}, '8a:49:5b:55:54:26': {'first_seen': 1778946107.7124062, 'last_seen': 1778946107.7132993, 'seen_count': 2, 'channels': [], 'avg_rssi': None}, '84:33:4c:5e:79:57': {'first_seen': 1778946108.0231013, 'last_seen': 1778946108.025316, 'seen_count': 2, 'channels': [], 'avg_rssi': None}, '62:d0:67:5e:0a:37': {'first_seen': 1778946108.3339818, 'last_seen': 1778946108.3350952, 'seen_count': 2, 'channels': [], 'avg_rssi': None}, '70:ad:6e:47:7b:5a': {'first_seen': 1778946108.644219, 'last_seen': 1778946108.6450958, 'seen_count': 2, 'channels': [], 'avg_rssi': None}, 'b8:b9:6a:cf:df:ec': {'first_seen': 1778946108.954676, 'last_seen': 1778946108.955611, 'seen_count': 2, 'channels': [], 'avg_rssi': None}, '9b:0a:c9:34:06:f1': {'first_seen': 1778946109.2625458, 'last_seen': 1778946109.2637584, 'seen_count': 2, 'channels': [], 'avg_rssi': None}, '5e:c6:8e:cd:80:30': {'first_seen': 1778946109.5754838, 'last_seen': 1778946109.576771, 'seen_count': 2, 'channels': [], 'avg_rssi': None}, '04:7a:6d:e4:7f:11': {'first_seen': 1778946109.8816657, 'last_seen': 1778946109.8825362, 'seen_count': 2, 'channels': [], 'avg_rssi': None}, 'fa:fb:a3:0b:dc:12': {'first_seen': 1778946110.1894758, 'last_seen': 1778946110.1904247, 'seen_count': 2, 'channels': [], 'avg_rssi': None}, '97:81:aa:b4:c0:f3': {'first_seen': 1778946110.501113, 'last_seen': 1778946110.502198, 'seen_count': 2, 'channels': [], 'avg_rssi': None}, '45:1b:45:e9:56:08': {'first_seen': 1778946110.8108852, 'last_seen': 1778946110.8118353, 'seen_count': 2, 'channels': [], 'avg_rssi': None}, '3c:96:7e:77:61:3c': {'first_seen': 1778946111.1182718, 'last_seen': 1778946111.1192317, 'seen_count': 2, 'channels': [], 'avg_rssi': None}, '85:0c:e2:9b:4b:ee': {'first_seen': 1778946111.4306722, 'last_seen': 1778946111.4316158, 'seen_count': 2, 'channels': [], 'avg_rssi': None}, '0a:0a:e6:ea:f0:a0': {'first_seen': 1778946111.7358303, 'last_seen': 1778946111.7370107, 'seen_count': 2, 'channels': [], 'avg_rssi': None}, 'a4:66:56:79:49:5d': {'first_seen': 1778946112.0458453, 'last_seen': 1778946112.0467725, 'seen_count': 2, 'channels': [], 'avg_rssi': None}, '10:b5:20:1b:2a:2c': {'first_seen': 1778946112.3551278, 'last_seen': 1778946112.3562984, 'seen_count': 2, 'channels': [], 'avg_rssi': None}, '55:f9:79:c0:5c:27': {'first_seen': 1778946112.6678493, 'last_seen': 1778946112.6688058, 'seen_count': 2, 'channels': [], 'avg_rssi': None}, 'ea:0e:70:76:86:d4': {'first_seen': 1778946112.9811726, 'last_seen': 1778946112.982324, 'seen_count': 2, 'channels': [], 'avg_rssi': None}, '22:67:85:97:0a:7c': {'first_seen': 1778946113.2955966, 'last_seen': 1778946113.29647, 'seen_count': 2, 'channels': [], 'avg_rssi': None}, 'a9:4a:9d:48:ee:e3': {'first_seen': 1778946113.612576, 'last_seen': 1778946113.613489, 'seen_count': 2, 'channels': [], 'avg_rssi': None}, '6b:98:8f:58:db:d9': {'first_seen': 1778946113.9210088, 'last_seen': 1778946113.9220033, 'seen_count': 2, 'channels': [], 'avg_rssi': None}, '65:50:20:bc:1e:db': {'first_seen': 1778946114.2305348, 'last_seen': 1778946114.2313867, 'seen_count': 2, 'channels': [], 'avg_rssi': None}, '64:d1:ce:18:c6:ed': {'first_seen': 1778946114.539573, 'last_seen': 1778946114.540787, 'seen_count': 2, 'channels': [], 'avg_rssi': None}, '0f:24:0f:18:da:01': {'first_seen': 1778946114.8477206, 'last_seen': 1778946114.8490431, 'seen_count': 2, 'channels': [], 'avg_rssi': None}, '88:1c:51:a8:4e:5c': {'first_seen': 1778946115.1587336, 'last_seen': 1778946115.1668074, 'seen_count': 2, 'channels': [], 'avg_rssi': None}, '2c:d9:b5:13:48:9a': {'first_seen': 1778946115.4745626, 'last_seen': 1778946115.4755752, 'seen_count': 2, 'channels': [], 'avg_rssi': None}, 'a5:82:f0:e4:b6:a2': {'first_seen': 1778946115.7803903, 'last_seen': 1778946115.7814662, 'seen_count': 2, 'channels': [], 'avg_rssi': None}, '20:a8:ce:78:b7:ad': {'first_seen': 1778946116.0901988, 'last_seen': 1778946116.091361, 'seen_count': 2, 'channels': [], 'avg_rssi': None}, '60:ed:8b:22:fc:2a': {'first_seen': 1778946116.3963368, 'last_seen': 1778946116.397381, 'seen_count': 2, 'channels': [], 'avg_rssi': None}, 'a6:fb:48:07:7b:60': {'first_seen': 1778946116.7081516, 'last_seen': 1778946116.7090244, 'seen_count': 2, 'channels': [], 'avg_rssi': None}, '47:8a:29:70:e4:bb': {'first_seen': 1778946117.020946, 'last_seen': 1778946117.0219052, 'seen_count': 2, 'channels': [], 'avg_rssi': None}, '61:b8:bc:9b:b0:84': {'first_seen': 1778946117.331998, 'last_seen': 1778946117.3329215, 'seen_count': 2, 'channels': [], 'avg_rssi': None}, 'd7:48:b5:39:ad:b5': {'first_seen': 1778946117.6418927, 'last_seen': 1778946117.6428204, 'seen_count': 2, 'channels': [], 'avg_rssi': None}, '24:97:09:7a:63:78': {'first_seen': 1778946117.9534583, 'last_seen': 1778946117.954465, 'seen_count': 2, 'channels': [], 'avg_rssi': None}, '96:bb:f9:a3:07:9f': {'first_seen': 1778946118.2689378, 'last_seen': 1778946118.270101, 'seen_count': 2, 'channels': [], 'avg_rssi': None}, 'b5:8c:ea:ad:f4:27': {'first_seen': 1778946118.5777874, 'last_seen': 1778946118.5786114, 'seen_count': 2, 'channels': [], 'avg_rssi': None}, '47:12:33:bc:93:94': {'first_seen': 1778946118.8923216, 'last_seen': 1778946118.8935049, 'seen_count': 2, 'channels': [], 'avg_rssi': None}, '8d:54:52:6e:f2:61': {'first_seen': 1778946119.2063994, 'last_seen': 1778946119.207394, 'seen_count': 2, 'channels': [], 'avg_rssi': None}, 'c6:2b:af:a0:99:5f': {'first_seen': 1778946119.5170445, 'last_seen': 1778946119.5181673, 'seen_count': 2, 'channels': [], 'avg_rssi': None}, 'b2:6f:b7:e1:85:05': {'first_seen': 1778946119.8269138, 'last_seen': 1778946119.828052, 'seen_count': 2, 'channels': [], 'avg_rssi': None}, '39:c0:71:6b:77:5c': {'first_seen': 1778946120.137055, 'last_seen': 1778946120.1382022, 'seen_count': 2, 'channels': [], 'avg_rssi': None}, 'd7:22:20:36:6c:a4': {'first_seen': 1778946120.444194, 'last_seen': 1778946120.4450886, 'seen_count': 2, 'channels': [], 'avg_rssi': None}, 'ba:33:ca:67:fa:92': {'first_seen': 1778946120.7609968, 'last_seen': 1778946120.761974, 'seen_count': 2, 'channels': [], 'avg_rssi': None}, '14:21:c2:a3:a8:4c': {'first_seen': 1778946121.076846, 'last_seen': 1778946121.0777438, 'seen_count': 2, 'channels': [], 'avg_rssi': None}, '5a:d2:38:4e:28:93': {'first_seen': 1778946121.3871408, 'last_seen': 1778946121.3881319, 'seen_count': 2, 'channels': [], 'avg_rssi': None}, 'c6:be:18:d4:49:78': {'first_seen': 1778946121.6977508, 'last_seen': 1778946121.6986616, 'seen_count': 2, 'channels': [], 'avg_rssi': None}, 'f0:0c:7e:e6:7f:a3': {'first_seen': 1778946122.0087628, 'last_seen': 1778946122.0099144, 'seen_count': 2, 'channels': [], 'avg_rssi': None}, '4e:97:47:6c:82:21': {'first_seen': 1778946122.322877, 'last_seen': 1778946122.3238058, 'seen_count': 2, 'channels': [], 'avg_rssi': None}, 'b2:1f:b1:d1:fd:01': {'first_seen': 1778946122.6372569, 'last_seen': 1778946122.638208, 'seen_count': 2, 'channels': [], 'avg_rssi': None}, '7f:5b:31:55:8b:21': {'first_seen': 1778946122.9532073, 'last_seen': 1778946122.9542222, 'seen_count': 2, 'channels': [], 'avg_rssi': None}, 'ba:8d:46:df:3d:d3': {'first_seen': 1778946123.2709715, 'last_seen': 1778946123.2721076, 'seen_count': 2, 'channels': [], 'avg_rssi': None}, '51:47:32:52:5b:60': {'first_seen': 1778946123.5890987, 'last_seen': 1778946123.5908759, 'seen_count': 2, 'channels': [], 'avg_rssi': None}, '14:8e:b1:ea:58:ba': {'first_seen': 1778946123.8992252, 'last_seen': 1778946123.9004092, 'seen_count': 2, 'channels': [], 'avg_rssi': None}, '16:76:c3:b3:01:ba': {'first_seen': 1778946124.2123387, 'last_seen': 1778946124.2135296, 'seen_count': 2, 'channels': [], 'avg_rssi': None}, '1c:30:05:01:3c:43': {'first_seen': 1778946124.5262158, 'last_seen': 1778946124.5274236, 'seen_count': 2, 'channels': [], 'avg_rssi': None}, 'ec:83:51:d7:fb:55': {'first_seen': 1778946124.841148, 'last_seen': 1778946124.8420603, 'seen_count': 2, 'channels': [], 'avg_rssi': None}, 'bf:57:c4:5c:ba:1b': {'first_seen': 1778946125.1555526, 'last_seen': 1778946125.156577, 'seen_count': 2, 'channels': [], 'avg_rssi': None}, '1d:41:f2:aa:77:07': {'first_seen': 1778946125.4672256, 'last_seen': 1778946125.4682188, 'seen_count': 2, 'channels': [], 'avg_rssi': None}, '1e:63:4f:38:d3:22': {'first_seen': 1778946125.7786746, 'last_seen': 1778946125.779859, 'seen_count': 2, 'channels': [], 'avg_rssi': None}, '06:50:3d:57:30:87': {'first_seen': 1778946126.0908637, 'last_seen': 1778946126.0920012, 'seen_count': 2, 'channels': [], 'avg_rssi': None}, 'ff:5e:f3:dd:01:2d': {'first_seen': 1778946126.4070914, 'last_seen': 1778946126.4082801, 'seen_count': 2, 'channels': [], 'avg_rssi': None}, '2f:58:4f:a7:97:f7': {'first_seen': 1778946126.720253, 'last_seen': 1778946126.721417, 'seen_count': 2, 'channels': [], 'avg_rssi': None}, '65:5b:23:8f:10:eb': {'first_seen': 1778946127.0359209, 'last_seen': 1778946127.0368032, 'seen_count': 2, 'channels': [], 'avg_rssi': None}, 'd0:b2:ac:eb:e0:e7': {'first_seen': 1778946127.354088, 'last_seen': 1778946127.3555722, 'seen_count': 2, 'channels': [], 'avg_rssi': None}, '7d:fc:b4:e3:fd:32': {'first_seen': 1778946127.665834, 'last_seen': 1778946127.6669612, 'seen_count': 2, 'channels': [], 'avg_rssi': None}, 'c9:b5:d9:08:3b:72': {'first_seen': 1778946127.9749997, 'last_seen': 1778946127.9758492, 'seen_count': 2, 'channels': [], 'avg_rssi': None}, '3a:f5:66:8b:2a:8d': {'first_seen': 1778946128.290711, 'last_seen': 1778946128.2917473, 'seen_count': 2, 'channels': [], 'avg_rssi': None}, 'ee:ab:f1:9b:6f:2f': {'first_seen': 1778946128.6007452, 'last_seen': 1778946128.6018825, 'seen_count': 2, 'channels': [], 'avg_rssi': None}, '28:91:c5:8b:f3:ae': {'first_seen': 1778946128.9117901, 'last_seen': 1778946128.912654, 'seen_count': 2, 'channels': [], 'avg_rssi': None}, 'f3:e0:cf:cd:5d:94': {'first_seen': 1778946129.2230875, 'last_seen': 1778946129.2242863, 'seen_count': 2, 'channels': [], 'avg_rssi': None}, '72:e6:00:f3:a6:b2': {'first_seen': 1778946129.5339985, 'last_seen': 1778946129.5351791, 'seen_count': 2, 'channels': [], 'avg_rssi': None}, '9e:6c:10:7a:f0:cd': {'first_seen': 1778946129.84741, 'last_seen': 1778946129.8483198, 'seen_count': 2, 'channels': [], 'avg_rssi': None}, 'a5:c5:ae:7d:9c:61': {'first_seen': 1778946130.1669052, 'last_seen': 1778946130.1680868, 'seen_count': 2, 'channels': [], 'avg_rssi': None}, 'fc:28:e2:24:f8:b0': {'first_seen': 1778946130.4833531, 'last_seen': 1778946130.4844847, 'seen_count': 2, 'channels': [], 'avg_rssi': None}, '40:37:ee:e8:39:34': {'first_seen': 1778946130.7925832, 'last_seen': 1778946130.7934947, 'seen_count': 2, 'channels': [], 'avg_rssi': None}, '21:bf:2e:3b:de:a4': {'first_seen': 1778946131.1058788, 'last_seen': 1778946131.107011, 'seen_count': 2, 'channels': [], 'avg_rssi': None}, 'f6:f2:a1:49:e9:83': {'first_seen': 1778946131.4159095, 'last_seen': 1778946131.4170282, 'seen_count': 2, 'channels': [], 'avg_rssi': None}, '37:ca:9e:79:cf:e2': {'first_seen': 1778946131.7256591, 'last_seen': 1778946131.726794, 'seen_count': 2, 'channels': [], 'avg_rssi': None}, 'd4:a3:63:21:a9:79': {'first_seen': 1778946132.03496, 'last_seen': 1778946132.0360754, 'seen_count': 2, 'channels': [], 'avg_rssi': None}, 'ff:26:94:50:31:aa': {'first_seen': 1778946132.3518894, 'last_seen': 1778946132.3530736, 'seen_count': 2, 'channels': [], 'avg_rssi': None}, '41:7e:ad:49:5e:a1': {'first_seen': 1778946132.6640508, 'last_seen': 1778946132.6652176, 'seen_count': 2, 'channels': [], 'avg_rssi': None}, 'ec:11:ba:44:a9:ce': {'first_seen': 1778946132.9741771, 'last_seen': 1778946132.9753578, 'seen_count': 2, 'channels': [], 'avg_rssi': None}, '05:87:16:2c:5c:da': {'first_seen': 1778946133.2852256, 'last_seen': 1778946133.2864995, 'seen_count': 2, 'channels': [], 'avg_rssi': None}, 'b3:b0:5d:35:3e:49': {'first_seen': 1778946133.5988784, 'last_seen': 1778946133.5998988, 'seen_count': 2, 'channels': [], 'avg_rssi': None}, 'e5:9f:5a:45:49:e0': {'first_seen': 1778946133.9172728, 'last_seen': 1778946133.9181557, 'seen_count': 2, 'channels': [], 'avg_rssi': None}, '8f:e2:c2:45:07:76': {'first_seen': 1778946134.2294922, 'last_seen': 1778946134.2305562, 'seen_count': 2, 'channels': [], 'avg_rssi': None}, 'ca:88:7c:34:d5:e9': {'first_seen': 1778946134.5430698, 'last_seen': 1778946134.5443168, 'seen_count': 2, 'channels': [], 'avg_rssi': None}, '3d:27:b4:6e:5e:01': {'first_seen': 1778946134.8636715, 'last_seen': 1778946134.864582, 'seen_count': 2, 'channels': [], 'avg_rssi': None}, 'fa:76:64:48:17:28': {'first_seen': 1778946135.1730058, 'last_seen': 1778946135.174224, 'seen_count': 2, 'channels': [], 'avg_rssi': None}, '77:e9:0f:f2:4e:c4': {'first_seen': 1778946135.486673, 'last_seen': 1778946135.487755, 'seen_count': 2, 'channels': [], 'avg_rssi': None}, '0e:a2:ae:00:68:1a': {'first_seen': 1778946135.7973955, 'last_seen': 1778946135.7982526, 'seen_count': 2, 'channels': [], 'avg_rssi': None}, 'c8:03:e2:a9:ae:ec': {'first_seen': 1778946136.1108797, 'last_seen': 1778946136.111895, 'seen_count': 2, 'channels': [], 'avg_rssi': None}, '66:03:2f:e3:e8:9b': {'first_seen': 1778946136.4275718, 'last_seen': 1778946136.428794, 'seen_count': 2, 'channels': [], 'avg_rssi': None}, '09:63:00:6e:30:8a': {'first_seen': 1778946136.7383006, 'last_seen': 1778946136.739426, 'seen_count': 2, 'channels': [], 'avg_rssi': None}, '8e:27:ef:3b:0e:c0': {'first_seen': 1778946137.052002, 'last_seen': 1778946137.052942, 'seen_count': 2, 'channels': [], 'avg_rssi': None}, '43:ef:f0:4a:29:49': {'first_seen': 1778946137.3570507, 'last_seen': 1778946137.3582106, 'seen_count': 2, 'channels': [], 'avg_rssi': None}, 'a5:5e:29:63:ef:c3': {'first_seen': 1778946137.669389, 'last_seen': 1778946137.6713507, 'seen_count': 2, 'channels': [], 'avg_rssi': None}, '9b:43:de:a7:40:33': {'first_seen': 1778946137.9769197, 'last_seen': 1778946137.9769197, 'seen_count': 1, 'channels': [], 'avg_rssi': None}}}
!!!!!!!!!!!!!!!!!!!!!!!!!!!!!!!!!!!!!!!!!!!!!!!!!!!!!!!!!!!!!!!!!!!!!!!!!!!!!!!!


!!!!!!!!!!!!!!!!!!!!!!!!!!!!!!!!!!!!!!!!!!!!!!!!!!!!!!!!!!!!!!!!!!!!!!!!!!!!!!!!
[ALERT] ALERT-000054 | POTENTIAL_EVIL_TWIN
severity: LOW
time: 2026-05-16T15:42:17.987012
message: Wykryto potencjalny Evil Twin / Rogue AP dla SSID 'TestNet_018'. Zaobserwowano 99 różnych BSSID oraz podejrzane różnice parametrów sieci.
evidence: {'ssid': 'TestNet_018', 'bssid_count': 99, 'bssids': ['03:4c:4a:fe:09:32', 'dd:0e:04:89:ca:c7', '72:4f:73:a0:30:e5', '52:0a:d4:41:35:3f', 'c1:9c:e8:ef:08:0b', '29:ab:42:86:82:48', '2c:ad:65:ac:60:e2', '9e:60:0f:77:af:2e', '59:19:fb:ac:e5:ea', 'f2:6b:7c:27:98:49', '6c:88:8c:2a:56:ed', '7f:0d:d7:30:70:be', '6d:98:0d:79:78:a9', 'c1:6f:b9:50:2b:f1', '2c:48:cd:a8:41:b5', 'a6:40:9e:4e:9f:cd', '99:5a:17:84:1a:c7', '4a:96:f6:87:c4:81', 'e4:eb:d9:fd:6b:97', 'ea:ed:5b:8b:f0:47', '76:7e:50:2a:22:a6', 'fc:17:f8:2d:9b:34', 'a3:be:28:4e:b1:8d', 'f4:21:83:d9:c3:f9', 'de:f4:1c:71:5e:c9', '8d:06:f1:9a:c2:12', '4e:4c:73:5d:73:a6', '7b:87:9c:e2:f0:32', 'a0:49:04:39:2c:b0', 'df:0b:20:9f:49:a2', '4a:62:2c:17:f1:24', '18:4f:0a:60:19:9c', '65:cd:50:a8:c8:45', 'c1:1d:88:ae:22:da', '1b:4a:38:6b:e3:d2', '1b:3d:e8:3f:e7:82', '18:cc:f3:c4:4b:75', '55:9a:19:05:f5:8e', '66:7a:00:1c:c9:21', 'a1:0e:93:fd:d0:c9', '2c:3a:44:35:7d:b1', 'fb:b8:55:f6:02:07', '3b:63:6d:20:fe:5d', 'a5:1d:15:df:53:8b', '73:9f:5f:8e:bc:b5', '61:e5:32:3e:3f:29', 'db:a9:53:ba:87:99', '54:b2:18:bb:1b:13', '58:32:c0:66:a2:25', '3c:10:fc:55:4f:2e', '44:16:93:d0:ff:ca', 'fa:42:bd:83:f2:f1', 'cd:5e:6b:e5:6d:8c', '9a:36:d3:5a:25:ae', '93:48:ce:0c:c1:b0', 'a8:48:9d:55:63:3b', '32:cc:38:a7:32:e2', '91:21:af:13:db:b2', 'd2:53:30:79:91:72', '1c:d8:0d:62:56:51', '6a:ee:e4:af:9b:64', 'da:6d:28:b4:d5:11', 'b6:19:f8:25:cb:e1', '31:0f:7d:2a:19:1c', 'ab:c8:10:28:62:3d', 'a6:91:a6:56:57:7b', 'b2:db:46:00:2a:98', 'c6:8f:39:0b:ba:55', 'a8:d1:03:bf:34:ab', '55:0f:b6:5e:d2:1d', '93:5a:ce:fa:28:6a', 'd9:5a:bf:e5:76:6b', '02:71:2e:6b:6b:c6', '6f:c7:da:75:4f:60', 'b9:d9:d3:11:ec:ea', '56:0f:45:ab:cd:16', '81:50:3b:d4:d9:99', 'd8:64:55:02:66:9f', '3f:5d:17:1e:e0:ce', '1e:3f:c8:97:73:14', '9d:97:4b:cb:c9:71', 'a2:ff:e1:2e:45:85', '70:f5:32:cf:67:38', '9b:0d:e0:e9:46:ec', 'b2:b6:fd:f6:86:17', '82:99:54:b8:ce:8b', 'aa:f3:ff:6e:36:13', 'a4:fd:72:a1:51:34', '3f:c3:a3:79:9e:b6', 'e8:0f:7e:c0:4c:e5', 'a3:16:ba:04:74:c9', '11:68:e9:3d:09:03', 'a2:f9:95:3d:71:2c', '9d:41:e8:ac:08:e2', '6a:e5:93:0c:f6:81', '6d:ff:91:c6:58:ec', '9e:2d:1f:41:09:f2', '59:6c:fe:5e:6f:fc', 'da:8a:bc:a7:c4:30'], 'triggered_reasons': ['same_ssid_multiple_bssid'], 'observations': {'03:4c:4a:fe:09:32': {'first_seen': 1778946107.4135106, 'last_seen': 1778946107.4145322, 'seen_count': 2, 'channels': [], 'avg_rssi': None}, 'dd:0e:04:89:ca:c7': {'first_seen': 1778946107.7225592, 'last_seen': 1778946107.7236772, 'seen_count': 2, 'channels': [], 'avg_rssi': None}, '72:4f:73:a0:30:e5': {'first_seen': 1778946108.034685, 'last_seen': 1778946108.0358217, 'seen_count': 2, 'channels': [], 'avg_rssi': None}, '52:0a:d4:41:35:3f': {'first_seen': 1778946108.3465257, 'last_seen': 1778946108.3475854, 'seen_count': 2, 'channels': [], 'avg_rssi': None}, 'c1:9c:e8:ef:08:0b': {'first_seen': 1778946108.654328, 'last_seen': 1778946108.655357, 'seen_count': 2, 'channels': [], 'avg_rssi': None}, '29:ab:42:86:82:48': {'first_seen': 1778946108.9647622, 'last_seen': 1778946108.9657564, 'seen_count': 2, 'channels': [], 'avg_rssi': None}, '2c:ad:65:ac:60:e2': {'first_seen': 1778946109.2726822, 'last_seen': 1778946109.2736409, 'seen_count': 2, 'channels': [], 'avg_rssi': None}, '9e:60:0f:77:af:2e': {'first_seen': 1778946109.5855796, 'last_seen': 1778946109.586528, 'seen_count': 2, 'channels': [], 'avg_rssi': None}, '59:19:fb:ac:e5:ea': {'first_seen': 1778946109.8917727, 'last_seen': 1778946109.8929124, 'seen_count': 2, 'channels': [], 'avg_rssi': None}, 'f2:6b:7c:27:98:49': {'first_seen': 1778946110.199571, 'last_seen': 1778946110.2005508, 'seen_count': 2, 'channels': [], 'avg_rssi': None}, '6c:88:8c:2a:56:ed': {'first_seen': 1778946110.5112484, 'last_seen': 1778946110.512452, 'seen_count': 2, 'channels': [], 'avg_rssi': None}, '7f:0d:d7:30:70:be': {'first_seen': 1778946110.8209789, 'last_seen': 1778946110.8220942, 'seen_count': 2, 'channels': [], 'avg_rssi': None}, '6d:98:0d:79:78:a9': {'first_seen': 1778946111.1283875, 'last_seen': 1778946111.1292248, 'seen_count': 2, 'channels': [], 'avg_rssi': None}, 'c1:6f:b9:50:2b:f1': {'first_seen': 1778946111.4407601, 'last_seen': 1778946111.4417412, 'seen_count': 2, 'channels': [], 'avg_rssi': None}, '2c:48:cd:a8:41:b5': {'first_seen': 1778946111.74675, 'last_seen': 1778946111.747886, 'seen_count': 2, 'channels': [], 'avg_rssi': None}, 'a6:40:9e:4e:9f:cd': {'first_seen': 1778946112.0559494, 'last_seen': 1778946112.0567744, 'seen_count': 2, 'channels': [], 'avg_rssi': None}, '99:5a:17:84:1a:c7': {'first_seen': 1778946112.3679008, 'last_seen': 1778946112.3687916, 'seen_count': 2, 'channels': [], 'avg_rssi': None}, '4a:96:f6:87:c4:81': {'first_seen': 1778946112.6779597, 'last_seen': 1778946112.6788173, 'seen_count': 2, 'channels': [], 'avg_rssi': None}, 'e4:eb:d9:fd:6b:97': {'first_seen': 1778946112.9946694, 'last_seen': 1778946112.9958239, 'seen_count': 2, 'channels': [], 'avg_rssi': None}, 'ea:ed:5b:8b:f0:47': {'first_seen': 1778946113.3057208, 'last_seen': 1778946113.306593, 'seen_count': 2, 'channels': [], 'avg_rssi': None}, '76:7e:50:2a:22:a6': {'first_seen': 1778946113.6226704, 'last_seen': 1778946113.6236155, 'seen_count': 2, 'channels': [], 'avg_rssi': None}, 'fc:17:f8:2d:9b:34': {'first_seen': 1778946113.931118, 'last_seen': 1778946113.9320025, 'seen_count': 2, 'channels': [], 'avg_rssi': None}, 'a3:be:28:4e:b1:8d': {'first_seen': 1778946114.2406552, 'last_seen': 1778946114.2416363, 'seen_count': 2, 'channels': [], 'avg_rssi': None}, 'f4:21:83:d9:c3:f9': {'first_seen': 1778946114.5496852, 'last_seen': 1778946114.5507848, 'seen_count': 2, 'channels': [], 'avg_rssi': None}, 'de:f4:1c:71:5e:c9': {'first_seen': 1778946114.8578176, 'last_seen': 1778946114.8589263, 'seen_count': 2, 'channels': [], 'avg_rssi': None}, '8d:06:f1:9a:c2:12': {'first_seen': 1778946115.1688302, 'last_seen': 1778946115.1699336, 'seen_count': 2, 'channels': [], 'avg_rssi': None}, '4e:4c:73:5d:73:a6': {'first_seen': 1778946115.4846578, 'last_seen': 1778946115.485577, 'seen_count': 2, 'channels': [], 'avg_rssi': None}, '7b:87:9c:e2:f0:32': {'first_seen': 1778946115.7905803, 'last_seen': 1778946115.7917244, 'seen_count': 2, 'channels': [], 'avg_rssi': None}, 'a0:49:04:39:2c:b0': {'first_seen': 1778946116.1003177, 'last_seen': 1778946116.1016164, 'seen_count': 2, 'channels': [], 'avg_rssi': None}, 'df:0b:20:9f:49:a2': {'first_seen': 1778946116.406448, 'last_seen': 1778946116.4076314, 'seen_count': 2, 'channels': [], 'avg_rssi': None}, '4a:62:2c:17:f1:24': {'first_seen': 1778946116.7184892, 'last_seen': 1778946116.7195158, 'seen_count': 2, 'channels': [], 'avg_rssi': None}, '18:4f:0a:60:19:9c': {'first_seen': 1778946117.0325944, 'last_seen': 1778946117.033535, 'seen_count': 2, 'channels': [], 'avg_rssi': None}, '65:cd:50:a8:c8:45': {'first_seen': 1778946117.342114, 'last_seen': 1778946117.3445544, 'seen_count': 2, 'channels': [], 'avg_rssi': None}, 'c1:1d:88:ae:22:da': {'first_seen': 1778946117.6546717, 'last_seen': 1778946117.6555638, 'seen_count': 2, 'channels': [], 'avg_rssi': None}, '1b:4a:38:6b:e3:d2': {'first_seen': 1778946117.9666665, 'last_seen': 1778946117.9675794, 'seen_count': 2, 'channels': [], 'avg_rssi': None}, '1b:3d:e8:3f:e7:82': {'first_seen': 1778946118.27904, 'last_seen': 1778946118.2802203, 'seen_count': 2, 'channels': [], 'avg_rssi': None}, '18:cc:f3:c4:4b:75': {'first_seen': 1778946118.5879102, 'last_seen': 1778946118.5888689, 'seen_count': 2, 'channels': [], 'avg_rssi': None}, '55:9a:19:05:f5:8e': {'first_seen': 1778946118.902425, 'last_seen': 1778946118.903629, 'seen_count': 2, 'channels': [], 'avg_rssi': None}, '66:7a:00:1c:c9:21': {'first_seen': 1778946119.216523, 'last_seen': 1778946119.217404, 'seen_count': 2, 'channels': [], 'avg_rssi': None}, 'a1:0e:93:fd:d0:c9': {'first_seen': 1778946119.5271454, 'last_seen': 1778946119.5282876, 'seen_count': 2, 'channels': [], 'avg_rssi': None}, '2c:3a:44:35:7d:b1': {'first_seen': 1778946119.8370209, 'last_seen': 1778946119.8381824, 'seen_count': 2, 'channels': [], 'avg_rssi': None}, 'fb:b8:55:f6:02:07': {'first_seen': 1778946120.1471732, 'last_seen': 1778946120.1483264, 'seen_count': 2, 'channels': [], 'avg_rssi': None}, '3b:63:6d:20:fe:5d': {'first_seen': 1778946120.4543073, 'last_seen': 1778946120.455219, 'seen_count': 2, 'channels': [], 'avg_rssi': None}, 'a5:1d:15:df:53:8b': {'first_seen': 1778946120.7711139, 'last_seen': 1778946120.7722254, 'seen_count': 2, 'channels': [], 'avg_rssi': None}, '73:9f:5f:8e:bc:b5': {'first_seen': 1778946121.0869272, 'last_seen': 1778946121.0878828, 'seen_count': 2, 'channels': [], 'avg_rssi': None}, '61:e5:32:3e:3f:29': {'first_seen': 1778946121.3972504, 'last_seen': 1778946121.3981318, 'seen_count': 2, 'channels': [], 'avg_rssi': None}, 'db:a9:53:ba:87:99': {'first_seen': 1778946121.707839, 'last_seen': 1778946121.7087727, 'seen_count': 2, 'channels': [], 'avg_rssi': None}, '54:b2:18:bb:1b:13': {'first_seen': 1778946122.0231197, 'last_seen': 1778946122.02418, 'seen_count': 2, 'channels': [], 'avg_rssi': None}, '58:32:c0:66:a2:25': {'first_seen': 1778946122.333, 'last_seen': 1778946122.3341885, 'seen_count': 2, 'channels': [], 'avg_rssi': None}, '3c:10:fc:55:4f:2e': {'first_seen': 1778946122.6473625, 'last_seen': 1778946122.6485825, 'seen_count': 2, 'channels': [], 'avg_rssi': None}, '44:16:93:d0:ff:ca': {'first_seen': 1778946122.9633129, 'last_seen': 1778946122.9643412, 'seen_count': 2, 'channels': [], 'avg_rssi': None}, 'fa:42:bd:83:f2:f1': {'first_seen': 1778946123.2810729, 'last_seen': 1778946123.28373, 'seen_count': 2, 'channels': [], 'avg_rssi': None}, 'cd:5e:6b:e5:6d:8c': {'first_seen': 1778946123.6006753, 'last_seen': 1778946123.6017473, 'seen_count': 2, 'channels': [], 'avg_rssi': None}, '9a:36:d3:5a:25:ae': {'first_seen': 1778946123.9093297, 'last_seen': 1778946123.910529, 'seen_count': 2, 'channels': [], 'avg_rssi': None}, '93:48:ce:0c:c1:b0': {'first_seen': 1778946124.2224631, 'last_seen': 1778946124.223666, 'seen_count': 2, 'channels': [], 'avg_rssi': None}, 'a8:48:9d:55:63:3b': {'first_seen': 1778946124.5363412, 'last_seen': 1778946124.5374331, 'seen_count': 2, 'channels': [], 'avg_rssi': None}, '32:cc:38:a7:32:e2': {'first_seen': 1778946124.8512435, 'last_seen': 1778946124.8524358, 'seen_count': 2, 'channels': [], 'avg_rssi': None}, '91:21:af:13:db:b2': {'first_seen': 1778946125.165644, 'last_seen': 1778946125.1668289, 'seen_count': 2, 'channels': [], 'avg_rssi': None}, 'd2:53:30:79:91:72': {'first_seen': 1778946125.4774551, 'last_seen': 1778946125.4784772, 'seen_count': 2, 'channels': [], 'avg_rssi': None}, '1c:d8:0d:62:56:51': {'first_seen': 1778946125.788774, 'last_seen': 1778946125.7896085, 'seen_count': 2, 'channels': [], 'avg_rssi': None}, '6a:ee:e4:af:9b:64': {'first_seen': 1778946126.1009595, 'last_seen': 1778946126.102002, 'seen_count': 2, 'channels': [], 'avg_rssi': None}, 'da:6d:28:b4:d5:11': {'first_seen': 1778946126.4171894, 'last_seen': 1778946126.4180167, 'seen_count': 2, 'channels': [], 'avg_rssi': None}, 'b6:19:f8:25:cb:e1': {'first_seen': 1778946126.7303822, 'last_seen': 1778946126.7312846, 'seen_count': 2, 'channels': [], 'avg_rssi': None}, '31:0f:7d:2a:19:1c': {'first_seen': 1778946127.0460188, 'last_seen': 1778946127.046924, 'seen_count': 2, 'channels': [], 'avg_rssi': None}, 'ab:c8:10:28:62:3d': {'first_seen': 1778946127.36421, 'last_seen': 1778946127.3653188, 'seen_count': 2, 'channels': [], 'avg_rssi': None}, 'a6:91:a6:56:57:7b': {'first_seen': 1778946127.6759696, 'last_seen': 1778946127.6770918, 'seen_count': 2, 'channels': [], 'avg_rssi': None}, 'b2:db:46:00:2a:98': {'first_seen': 1778946127.9850981, 'last_seen': 1778946127.9860997, 'seen_count': 2, 'channels': [], 'avg_rssi': None}, 'c6:8f:39:0b:ba:55': {'first_seen': 1778946128.3021784, 'last_seen': 1778946128.3032417, 'seen_count': 2, 'channels': [], 'avg_rssi': None}, 'a8:d1:03:bf:34:ab': {'first_seen': 1778946128.6108313, 'last_seen': 1778946128.6120071, 'seen_count': 2, 'channels': [], 'avg_rssi': None}, '55:0f:b6:5e:d2:1d': {'first_seen': 1778946128.9218898, 'last_seen': 1778946128.9229014, 'seen_count': 2, 'channels': [], 'avg_rssi': None}, '93:5a:ce:fa:28:6a': {'first_seen': 1778946129.233188, 'last_seen': 1778946129.2342896, 'seen_count': 2, 'channels': [], 'avg_rssi': None}, 'd9:5a:bf:e5:76:6b': {'first_seen': 1778946129.5441291, 'last_seen': 1778946129.545305, 'seen_count': 2, 'channels': [], 'avg_rssi': None}, '02:71:2e:6b:6b:c6': {'first_seen': 1778946129.8575141, 'last_seen': 1778946129.8585699, 'seen_count': 2, 'channels': [], 'avg_rssi': None}, '6f:c7:da:75:4f:60': {'first_seen': 1778946130.1770267, 'last_seen': 1778946130.1779697, 'seen_count': 2, 'channels': [], 'avg_rssi': None}, 'b9:d9:d3:11:ec:ea': {'first_seen': 1778946130.4934535, 'last_seen': 1778946130.4946148, 'seen_count': 2, 'channels': [], 'avg_rssi': None}, '56:0f:45:ab:cd:16': {'first_seen': 1778946130.804696, 'last_seen': 1778946130.805766, 'seen_count': 2, 'channels': [], 'avg_rssi': None}, '81:50:3b:d4:d9:99': {'first_seen': 1778946131.1159718, 'last_seen': 1778946131.1168861, 'seen_count': 2, 'channels': [], 'avg_rssi': None}, 'd8:64:55:02:66:9f': {'first_seen': 1778946131.4260232, 'last_seen': 1778946131.427158, 'seen_count': 2, 'channels': [], 'avg_rssi': None}, '3f:5d:17:1e:e0:ce': {'first_seen': 1778946131.7357666, 'last_seen': 1778946131.7372954, 'seen_count': 2, 'channels': [], 'avg_rssi': None}, '1e:3f:c8:97:73:14': {'first_seen': 1778946132.0450568, 'last_seen': 1778946132.0462008, 'seen_count': 2, 'channels': [], 'avg_rssi': None}, '9d:97:4b:cb:c9:71': {'first_seen': 1778946132.3627076, 'last_seen': 1778946132.3638232, 'seen_count': 2, 'channels': [], 'avg_rssi': None}, 'a2:ff:e1:2e:45:85': {'first_seen': 1778946132.6741476, 'last_seen': 1778946132.6749675, 'seen_count': 2, 'channels': [], 'avg_rssi': None}, '70:f5:32:cf:67:38': {'first_seen': 1778946132.9842787, 'last_seen': 1778946132.9851086, 'seen_count': 2, 'channels': [], 'avg_rssi': None}, '9b:0d:e0:e9:46:ec': {'first_seen': 1778946133.2953138, 'last_seen': 1778946133.2964997, 'seen_count': 2, 'channels': [], 'avg_rssi': None}, 'b2:b6:fd:f6:86:17': {'first_seen': 1778946133.6089902, 'last_seen': 1778946133.6100252, 'seen_count': 2, 'channels': [], 'avg_rssi': None}, '82:99:54:b8:ce:8b': {'first_seen': 1778946133.9273667, 'last_seen': 1778946133.9285312, 'seen_count': 2, 'channels': [], 'avg_rssi': None}, 'aa:f3:ff:6e:36:13': {'first_seen': 1778946134.2397106, 'last_seen': 1778946134.2415483, 'seen_count': 2, 'channels': [], 'avg_rssi': None}, 'a4:fd:72:a1:51:34': {'first_seen': 1778946134.553183, 'last_seen': 1778946134.554065, 'seen_count': 2, 'channels': [], 'avg_rssi': None}, '3f:c3:a3:79:9e:b6': {'first_seen': 1778946134.8737886, 'last_seen': 1778946134.8747087, 'seen_count': 2, 'channels': [], 'avg_rssi': None}, 'e8:0f:7e:c0:4c:e5': {'first_seen': 1778946135.186678, 'last_seen': 1778946135.1878462, 'seen_count': 2, 'channels': [], 'avg_rssi': None}, 'a3:16:ba:04:74:c9': {'first_seen': 1778946135.4967883, 'last_seen': 1778946135.4978623, 'seen_count': 2, 'channels': [], 'avg_rssi': None}, '11:68:e9:3d:09:03': {'first_seen': 1778946135.8074996, 'last_seen': 1778946135.8086314, 'seen_count': 2, 'channels': [], 'avg_rssi': None}, 'a2:f9:95:3d:71:2c': {'first_seen': 1778946136.121022, 'last_seen': 1778946136.1220276, 'seen_count': 2, 'channels': [], 'avg_rssi': None}, '9d:41:e8:ac:08:e2': {'first_seen': 1778946136.4376628, 'last_seen': 1778946136.4387987, 'seen_count': 2, 'channels': [], 'avg_rssi': None}, '6a:e5:93:0c:f6:81': {'first_seen': 1778946136.7485578, 'last_seen': 1778946136.7494273, 'seen_count': 2, 'channels': [], 'avg_rssi': None}, '6d:ff:91:c6:58:ec': {'first_seen': 1778946137.0620959, 'last_seen': 1778946137.0633197, 'seen_count': 2, 'channels': [], 'avg_rssi': None}, '9e:2d:1f:41:09:f2': {'first_seen': 1778946137.3671503, 'last_seen': 1778946137.3682125, 'seen_count': 2, 'channels': [], 'avg_rssi': None}, '59:6c:fe:5e:6f:fc': {'first_seen': 1778946137.6794891, 'last_seen': 1778946137.6806006, 'seen_count': 2, 'channels': [], 'avg_rssi': None}, 'da:8a:bc:a7:c4:30': {'first_seen': 1778946137.9870117, 'last_seen': 1778946137.9870117, 'seen_count': 1, 'channels': [], 'avg_rssi': None}}}
!!!!!!!!!!!!!!!!!!!!!!!!!!!!!!!!!!!!!!!!!!!!!!!!!!!!!!!!!!!!!!!!!!!!!!!!!!!!!!!!


!!!!!!!!!!!!!!!!!!!!!!!!!!!!!!!!!!!!!!!!!!!!!!!!!!!!!!!!!!!!!!!!!!!!!!!!!!!!!!!!
[ALERT] ALERT-000055 | POTENTIAL_EVIL_TWIN
severity: LOW
time: 2026-05-16T15:42:17.997105
message: Wykryto potencjalny Evil Twin / Rogue AP dla SSID 'TestNet_019'. Zaobserwowano 99 różnych BSSID oraz podejrzane różnice parametrów sieci.
evidence: {'ssid': 'TestNet_019', 'bssid_count': 99, 'bssids': ['38:09:60:b2:c7:45', '87:99:31:28:8b:66', 'a8:57:05:f3:b3:5c', '57:8b:01:31:c6:63', '42:b0:4e:f9:dc:ea', 'a8:1e:6b:bd:6c:33', 'c8:0c:8c:07:1a:41', 'df:50:1c:40:2a:4e', '9f:b3:1e:05:98:58', 'b7:46:27:9b:dd:60', '91:8f:75:81:e1:94', 'ad:ee:2f:27:05:7a', 'c9:a3:33:0a:55:61', '19:40:d9:5c:26:6a', '13:4c:d4:a1:cf:82', 'b6:fe:f6:f3:d6:f6', 'd6:b5:b7:0c:44:cf', 'e9:c7:f6:5f:47:e2', '85:46:4d:bf:c9:f7', 'b4:4e:31:45:05:f6', '82:f4:5a:ae:8d:ba', '29:f5:7e:3a:fd:b7', 'fc:f5:e8:72:d2:79', 'e0:2f:79:50:55:cb', '56:8a:c0:36:3d:f2', 'c4:9f:db:ae:80:5e', '23:1e:ff:b5:4b:e6', 'ce:06:e8:77:57:80', 'bd:e9:45:68:5f:e3', '2a:b5:fd:cd:7a:19', '8b:7c:92:7d:dc:f8', '04:d5:60:7f:86:31', '05:b0:ba:06:54:01', '7d:12:93:ef:cd:24', '66:03:50:ba:0a:75', 'ed:ca:e3:76:7c:e5', 'cb:d9:2f:66:d4:08', '40:10:3d:1e:8f:41', '2b:87:37:a3:9a:76', 'dc:e3:87:ec:78:5c', '35:b0:c7:1e:dd:dc', '72:2f:be:b4:f4:2f', '9f:63:81:37:42:62', '42:1a:8a:70:f3:1c', '76:44:ed:4f:0e:f8', '3a:d6:e2:7d:d1:79', '2c:0a:b2:f8:4c:e2', 'ca:41:a2:49:6f:75', 'c0:35:35:f2:02:e1', '09:b0:69:d8:9e:98', 'd8:13:4a:aa:cf:b1', '1e:aa:b4:61:d2:43', '85:f2:0f:06:af:35', 'e6:75:74:22:8e:d1', 'fc:e3:e9:fc:47:ca', 'f9:fe:c4:c7:72:c8', 'c0:98:37:00:e1:0a', '06:66:b7:48:81:df', '33:a0:c9:59:58:cf', '3d:bf:05:63:d3:2f', '80:8f:5a:d6:02:83', '33:d7:da:16:b1:ba', '36:53:f4:4b:a7:9c', '64:07:42:95:1b:dd', '6f:d8:51:85:0f:45', '6e:cd:6e:8a:15:4c', '0e:67:42:bf:e1:b0', 'c7:dc:e2:b9:58:0c', 'dd:f2:9f:57:26:13', '22:c7:f1:97:39:a3', 'c9:9a:ff:6a:37:2b', '70:d6:ef:6d:50:87', 'e2:db:26:54:1b:8a', '38:96:25:dd:c5:c4', '40:08:a2:a4:a9:ed', 'b5:17:36:f1:32:1f', '74:78:2f:0f:da:6d', '28:87:a7:db:bd:1d', '62:e7:a2:9b:8b:2a', 'f2:9e:72:4d:7e:25', '39:77:f2:00:41:0b', '16:22:ef:14:9c:de', 'e8:ff:64:1f:88:4f', 'c8:0f:01:f2:d8:fd', '1f:98:3d:56:ba:38', 'b3:88:ce:33:3a:bf', 'f3:25:ac:2a:e6:bc', '41:bf:6a:51:50:35', 'bf:9b:28:5b:57:06', '44:b2:c6:e5:33:77', '5c:6a:5a:6e:e6:e5', '00:37:ed:fb:12:19', 'd1:23:02:94:86:59', '01:fa:04:61:76:e7', '6a:46:9f:1f:88:eb', 'e3:a3:12:9e:ce:86', '39:12:1d:79:22:34', 'e7:04:ba:83:98:c5', 'd4:20:af:6f:6d:49'], 'triggered_reasons': ['same_ssid_multiple_bssid'], 'observations': {'38:09:60:b2:c7:45': {'first_seen': 1778946107.423625, 'last_seen': 1778946107.4250398, 'seen_count': 2, 'channels': [], 'avg_rssi': None}, '87:99:31:28:8b:66': {'first_seen': 1778946107.7326539, 'last_seen': 1778946107.7336745, 'seen_count': 2, 'channels': [], 'avg_rssi': None}, 'a8:57:05:f3:b3:5c': {'first_seen': 1778946108.0447943, 'last_seen': 1778946108.0459418, 'seen_count': 2, 'channels': [], 'avg_rssi': None}, '57:8b:01:31:c6:63': {'first_seen': 1778946108.3566468, 'last_seen': 1778946108.357581, 'seen_count': 2, 'channels': [], 'avg_rssi': None}, '42:b0:4e:f9:dc:ea': {'first_seen': 1778946108.6644704, 'last_seen': 1778946108.6656046, 'seen_count': 2, 'channels': [], 'avg_rssi': None}, 'a8:1e:6b:bd:6c:33': {'first_seen': 1778946108.9748547, 'last_seen': 1778946108.9758637, 'seen_count': 2, 'channels': [], 'avg_rssi': None}, 'c8:0c:8c:07:1a:41': {'first_seen': 1778946109.2827694, 'last_seen': 1778946109.2837634, 'seen_count': 2, 'channels': [], 'avg_rssi': None}, 'df:50:1c:40:2a:4e': {'first_seen': 1778946109.595685, 'last_seen': 1778946109.5966465, 'seen_count': 2, 'channels': [], 'avg_rssi': None}, '9f:b3:1e:05:98:58': {'first_seen': 1778946109.9019055, 'last_seen': 1778946109.9030437, 'seen_count': 2, 'channels': [], 'avg_rssi': None}, 'b7:46:27:9b:dd:60': {'first_seen': 1778946110.2096648, 'last_seen': 1778946110.2108014, 'seen_count': 2, 'channels': [], 'avg_rssi': None}, '91:8f:75:81:e1:94': {'first_seen': 1778946110.5213537, 'last_seen': 1778946110.5229597, 'seen_count': 2, 'channels': [], 'avg_rssi': None}, 'ad:ee:2f:27:05:7a': {'first_seen': 1778946110.8310854, 'last_seen': 1778946110.8320928, 'seen_count': 2, 'channels': [], 'avg_rssi': None}, 'c9:a3:33:0a:55:61': {'first_seen': 1778946111.1384819, 'last_seen': 1778946111.1396, 'seen_count': 2, 'channels': [], 'avg_rssi': None}, '19:40:d9:5c:26:6a': {'first_seen': 1778946111.4514074, 'last_seen': 1778946111.4524937, 'seen_count': 2, 'channels': [], 'avg_rssi': None}, '13:4c:d4:a1:cf:82': {'first_seen': 1778946111.7568624, 'last_seen': 1778946111.7580223, 'seen_count': 2, 'channels': [], 'avg_rssi': None}, 'b6:fe:f6:f3:d6:f6': {'first_seen': 1778946112.066145, 'last_seen': 1778946112.0672736, 'seen_count': 2, 'channels': [], 'avg_rssi': None}, 'd6:b5:b7:0c:44:cf': {'first_seen': 1778946112.3786964, 'last_seen': 1778946112.3798044, 'seen_count': 2, 'channels': [], 'avg_rssi': None}, 'e9:c7:f6:5f:47:e2': {'first_seen': 1778946112.6880817, 'last_seen': 1778946112.6889434, 'seen_count': 2, 'channels': [], 'avg_rssi': None}, '85:46:4d:bf:c9:f7': {'first_seen': 1778946113.0047848, 'last_seen': 1778946113.0056975, 'seen_count': 2, 'channels': [], 'avg_rssi': None}, 'b4:4e:31:45:05:f6': {'first_seen': 1778946113.3158529, 'last_seen': 1778946113.316972, 'seen_count': 2, 'channels': [], 'avg_rssi': None}, '82:f4:5a:ae:8d:ba': {'first_seen': 1778946113.6327946, 'last_seen': 1778946113.633989, 'seen_count': 2, 'channels': [], 'avg_rssi': None}, '29:f5:7e:3a:fd:b7': {'first_seen': 1778946113.9412189, 'last_seen': 1778946113.9421291, 'seen_count': 2, 'channels': [], 'avg_rssi': None}, 'fc:f5:e8:72:d2:79': {'first_seen': 1778946114.2507777, 'last_seen': 1778946114.2516472, 'seen_count': 2, 'channels': [], 'avg_rssi': None}, 'e0:2f:79:50:55:cb': {'first_seen': 1778946114.5598063, 'last_seen': 1778946114.5607877, 'seen_count': 2, 'channels': [], 'avg_rssi': None}, '56:8a:c0:36:3d:f2': {'first_seen': 1778946114.8679197, 'last_seen': 1778946114.8690436, 'seen_count': 2, 'channels': [], 'avg_rssi': None}, 'c4:9f:db:ae:80:5e': {'first_seen': 1778946115.1789234, 'last_seen': 1778946115.1800609, 'seen_count': 2, 'channels': [], 'avg_rssi': None}, '23:1e:ff:b5:4b:e6': {'first_seen': 1778946115.4947896, 'last_seen': 1778946115.4957106, 'seen_count': 2, 'channels': [], 'avg_rssi': None}, 'ce:06:e8:77:57:80': {'first_seen': 1778946115.8006794, 'last_seen': 1778946115.801641, 'seen_count': 2, 'channels': [], 'avg_rssi': None}, 'bd:e9:45:68:5f:e3': {'first_seen': 1778946116.1104336, 'last_seen': 1778946116.1114938, 'seen_count': 2, 'channels': [], 'avg_rssi': None}, '2a:b5:fd:cd:7a:19': {'first_seen': 1778946116.4174206, 'last_seen': 1778946116.4185011, 'seen_count': 2, 'channels': [], 'avg_rssi': None}, '8b:7c:92:7d:dc:f8': {'first_seen': 1778946116.730664, 'last_seen': 1778946116.7317631, 'seen_count': 2, 'channels': [], 'avg_rssi': None}, '04:d5:60:7f:86:31': {'first_seen': 1778946117.0426912, 'last_seen': 1778946117.0435472, 'seen_count': 2, 'channels': [], 'avg_rssi': None}, '05:b0:ba:06:54:01': {'first_seen': 1778946117.3522334, 'last_seen': 1778946117.3533075, 'seen_count': 2, 'channels': [], 'avg_rssi': None}, '7d:12:93:ef:cd:24': {'first_seen': 1778946117.664772, 'last_seen': 1778946117.6659405, 'seen_count': 2, 'channels': [], 'avg_rssi': None}, '66:03:50:ba:0a:75': {'first_seen': 1778946117.97676, 'last_seen': 1778946117.9778295, 'seen_count': 2, 'channels': [], 'avg_rssi': None}, 'ed:ca:e3:76:7c:e5': {'first_seen': 1778946118.2891436, 'last_seen': 1778946118.2899702, 'seen_count': 2, 'channels': [], 'avg_rssi': None}, 'cb:d9:2f:66:d4:08': {'first_seen': 1778946118.5980227, 'last_seen': 1778946118.5991135, 'seen_count': 2, 'channels': [], 'avg_rssi': None}, '40:10:3d:1e:8f:41': {'first_seen': 1778946118.91257, 'last_seen': 1778946118.9135118, 'seen_count': 2, 'channels': [], 'avg_rssi': None}, '2b:87:37:a3:9a:76': {'first_seen': 1778946119.2268472, 'last_seen': 1778946119.2280188, 'seen_count': 2, 'channels': [], 'avg_rssi': None}, 'dc:e3:87:ec:78:5c': {'first_seen': 1778946119.5372384, 'last_seen': 1778946119.5384133, 'seen_count': 2, 'channels': [], 'avg_rssi': None}, '35:b0:c7:1e:dd:dc': {'first_seen': 1778946119.8476524, 'last_seen': 1778946119.848684, 'seen_count': 2, 'channels': [], 'avg_rssi': None}, '72:2f:be:b4:f4:2f': {'first_seen': 1778946120.157302, 'last_seen': 1778946120.158451, 'seen_count': 2, 'channels': [], 'avg_rssi': None}, '9f:63:81:37:42:62': {'first_seen': 1778946120.4667735, 'last_seen': 1778946120.4677112, 'seen_count': 2, 'channels': [], 'avg_rssi': None}, '42:1a:8a:70:f3:1c': {'first_seen': 1778946120.7812319, 'last_seen': 1778946120.782358, 'seen_count': 2, 'channels': [], 'avg_rssi': None}, '76:44:ed:4f:0e:f8': {'first_seen': 1778946121.0970263, 'last_seen': 1778946121.0981176, 'seen_count': 2, 'channels': [], 'avg_rssi': None}, '3a:d6:e2:7d:d1:79': {'first_seen': 1778946121.4073806, 'last_seen': 1778946121.4085155, 'seen_count': 2, 'channels': [], 'avg_rssi': None}, '2c:0a:b2:f8:4c:e2': {'first_seen': 1778946121.7179928, 'last_seen': 1778946121.7191513, 'seen_count': 2, 'channels': [], 'avg_rssi': None}, 'ca:41:a2:49:6f:75': {'first_seen': 1778946122.0332422, 'last_seen': 1778946122.0344322, 'seen_count': 2, 'channels': [], 'avg_rssi': None}, 'c0:35:35:f2:02:e1': {'first_seen': 1778946122.343127, 'last_seen': 1778946122.3441901, 'seen_count': 2, 'channels': [], 'avg_rssi': None}, '09:b0:69:d8:9e:98': {'first_seen': 1778946122.6574736, 'last_seen': 1778946122.6587079, 'seen_count': 2, 'channels': [], 'avg_rssi': None}, 'd8:13:4a:aa:cf:b1': {'first_seen': 1778946122.9734101, 'last_seen': 1778946122.9765897, 'seen_count': 2, 'channels': [], 'avg_rssi': None}, '1e:aa:b4:61:d2:43': {'first_seen': 1778946123.292613, 'last_seen': 1778946123.2936056, 'seen_count': 2, 'channels': [], 'avg_rssi': None}, '85:f2:0f:06:af:35': {'first_seen': 1778946123.6108022, 'last_seen': 1778946123.6118805, 'seen_count': 2, 'channels': [], 'avg_rssi': None}, 'e6:75:74:22:8e:d1': {'first_seen': 1778946123.9214017, 'last_seen': 1778946123.9225132, 'seen_count': 2, 'channels': [], 'avg_rssi': None}, 'fc:e3:e9:fc:47:ca': {'first_seen': 1778946124.2343016, 'last_seen': 1778946124.235155, 'seen_count': 2, 'channels': [], 'avg_rssi': None}, 'f9:fe:c4:c7:72:c8': {'first_seen': 1778946124.55068, 'last_seen': 1778946124.5515857, 'seen_count': 2, 'channels': [], 'avg_rssi': None}, 'c0:98:37:00:e1:0a': {'first_seen': 1778946124.8613567, 'last_seen': 1778946124.8623197, 'seen_count': 2, 'channels': [], 'avg_rssi': None}, '06:66:b7:48:81:df': {'first_seen': 1778946125.1757488, 'last_seen': 1778946125.1768284, 'seen_count': 2, 'channels': [], 'avg_rssi': None}, '33:a0:c9:59:58:cf': {'first_seen': 1778946125.4875581, 'last_seen': 1778946125.488479, 'seen_count': 2, 'channels': [], 'avg_rssi': None}, '3d:bf:05:63:d3:2f': {'first_seen': 1778946125.8012846, 'last_seen': 1778946125.8024886, 'seen_count': 2, 'channels': [], 'avg_rssi': None}, '80:8f:5a:d6:02:83': {'first_seen': 1778946126.1110632, 'last_seen': 1778946126.1120028, 'seen_count': 2, 'channels': [], 'avg_rssi': None}, '33:d7:da:16:b1:ba': {'first_seen': 1778946126.4272985, 'last_seen': 1778946126.4282682, 'seen_count': 2, 'channels': [], 'avg_rssi': None}, '36:53:f4:4b:a7:9c': {'first_seen': 1778946126.740539, 'last_seen': 1778946126.741539, 'seen_count': 2, 'channels': [], 'avg_rssi': None}, '64:07:42:95:1b:dd': {'first_seen': 1778946127.0586705, 'last_seen': 1778946127.0595524, 'seen_count': 2, 'channels': [], 'avg_rssi': None}, '6f:d8:51:85:0f:45': {'first_seen': 1778946127.3743045, 'last_seen': 1778946127.3754535, 'seen_count': 2, 'channels': [], 'avg_rssi': None}, '6e:cd:6e:8a:15:4c': {'first_seen': 1778946127.6860688, 'last_seen': 1778946127.6872067, 'seen_count': 2, 'channels': [], 'avg_rssi': None}, '0e:67:42:bf:e1:b0': {'first_seen': 1778946127.9951913, 'last_seen': 1778946127.9960985, 'seen_count': 2, 'channels': [], 'avg_rssi': None}, 'c7:dc:e2:b9:58:0c': {'first_seen': 1778946128.3122778, 'last_seen': 1778946128.3133655, 'seen_count': 2, 'channels': [], 'avg_rssi': None}, 'dd:f2:9f:57:26:13': {'first_seen': 1778946128.6209264, 'last_seen': 1778946128.6221309, 'seen_count': 2, 'channels': [], 'avg_rssi': None}, '22:c7:f1:97:39:a3': {'first_seen': 1778946128.93201, 'last_seen': 1778946128.9331555, 'seen_count': 2, 'channels': [], 'avg_rssi': None}, 'c9:9a:ff:6a:37:2b': {'first_seen': 1778946129.243298, 'last_seen': 1778946129.2441711, 'seen_count': 2, 'channels': [], 'avg_rssi': None}, '70:d6:ef:6d:50:87': {'first_seen': 1778946129.554253, 'last_seen': 1778946129.5553162, 'seen_count': 2, 'channels': [], 'avg_rssi': None}, 'e2:db:26:54:1b:8a': {'first_seen': 1778946129.8676069, 'last_seen': 1778946129.8686962, 'seen_count': 2, 'channels': [], 'avg_rssi': None}, '38:96:25:dd:c5:c4': {'first_seen': 1778946130.189402, 'last_seen': 1778946130.1903543, 'seen_count': 2, 'channels': [], 'avg_rssi': None}, '40:08:a2:a4:a9:ed': {'first_seen': 1778946130.5035484, 'last_seen': 1778946130.5047307, 'seen_count': 2, 'channels': [], 'avg_rssi': None}, 'b5:17:36:f1:32:1f': {'first_seen': 1778946130.8148005, 'last_seen': 1778946130.815887, 'seen_count': 2, 'channels': [], 'avg_rssi': None}, '74:78:2f:0f:da:6d': {'first_seen': 1778946131.1260931, 'last_seen': 1778946131.1270113, 'seen_count': 2, 'channels': [], 'avg_rssi': None}, '28:87:a7:db:bd:1d': {'first_seen': 1778946131.4381428, 'last_seen': 1778946131.4390287, 'seen_count': 2, 'channels': [], 'avg_rssi': None}, '62:e7:a2:9b:8b:2a': {'first_seen': 1778946131.745869, 'last_seen': 1778946131.7468014, 'seen_count': 2, 'channels': [], 'avg_rssi': None}, 'f2:9e:72:4d:7e:25': {'first_seen': 1778946132.055368, 'last_seen': 1778946132.0565782, 'seen_count': 2, 'channels': [], 'avg_rssi': None}, '39:77:f2:00:41:0b': {'first_seen': 1778946132.3746681, 'last_seen': 1778946132.3756003, 'seen_count': 2, 'channels': [], 'avg_rssi': None}, '16:22:ef:14:9c:de': {'first_seen': 1778946132.6842432, 'last_seen': 1778946132.6852171, 'seen_count': 2, 'channels': [], 'avg_rssi': None}, 'e8:ff:64:1f:88:4f': {'first_seen': 1778946132.994403, 'last_seen': 1778946132.9954906, 'seen_count': 2, 'channels': [], 'avg_rssi': None}, 'c8:0f:01:f2:d8:fd': {'first_seen': 1778946133.3054564, 'last_seen': 1778946133.306508, 'seen_count': 2, 'channels': [], 'avg_rssi': None}, '1f:98:3d:56:ba:38': {'first_seen': 1778946133.6191099, 'last_seen': 1778946133.6200254, 'seen_count': 2, 'channels': [], 'avg_rssi': None}, 'b3:88:ce:33:3a:bf': {'first_seen': 1778946133.9386652, 'last_seen': 1778946133.9397802, 'seen_count': 2, 'channels': [], 'avg_rssi': None}, 'f3:25:ac:2a:e6:bc': {'first_seen': 1778946134.2507434, 'last_seen': 1778946134.2516737, 'seen_count': 2, 'channels': [], 'avg_rssi': None}, '41:bf:6a:51:50:35': {'first_seen': 1778946134.5632787, 'last_seen': 1778946134.56419, 'seen_count': 2, 'channels': [], 'avg_rssi': None}, 'bf:9b:28:5b:57:06': {'first_seen': 1778946134.8838844, 'last_seen': 1778946134.8849568, 'seen_count': 2, 'channels': [], 'avg_rssi': None}, '44:b2:c6:e5:33:77': {'first_seen': 1778946135.1967483, 'last_seen': 1778946135.1978457, 'seen_count': 2, 'channels': [], 'avg_rssi': None}, '5c:6a:5a:6e:e6:e5': {'first_seen': 1778946135.5068862, 'last_seen': 1778946135.5077376, 'seen_count': 2, 'channels': [], 'avg_rssi': None}, '00:37:ed:fb:12:19': {'first_seen': 1778946135.8176296, 'last_seen': 1778946135.8185124, 'seen_count': 2, 'channels': [], 'avg_rssi': None}, 'd1:23:02:94:86:59': {'first_seen': 1778946136.1311424, 'last_seen': 1778946136.1322787, 'seen_count': 2, 'channels': [], 'avg_rssi': None}, '01:fa:04:61:76:e7': {'first_seen': 1778946136.4477806, 'last_seen': 1778946136.4489233, 'seen_count': 2, 'channels': [], 'avg_rssi': None}, '6a:46:9f:1f:88:eb': {'first_seen': 1778946136.7626579, 'last_seen': 1778946136.7635534, 'seen_count': 2, 'channels': [], 'avg_rssi': None}, 'e3:a3:12:9e:ce:86': {'first_seen': 1778946137.072198, 'last_seen': 1778946137.0733223, 'seen_count': 2, 'channels': [], 'avg_rssi': None}, '39:12:1d:79:22:34': {'first_seen': 1778946137.3772545, 'last_seen': 1778946137.37821, 'seen_count': 2, 'channels': [], 'avg_rssi': None}, 'e7:04:ba:83:98:c5': {'first_seen': 1778946137.6895914, 'last_seen': 1778946137.6895914, 'seen_count': 1, 'channels': [], 'avg_rssi': None}, 'd4:20:af:6f:6d:49': {'first_seen': 1778946137.9971054, 'last_seen': 1778946137.9971054, 'seen_count': 1, 'channels': [], 'avg_rssi': None}}}
!!!!!!!!!!!!!!!!!!!!!!!!!!!!!!!!!!!!!!!!!!!!!!!!!!!!!!!!!!!!!!!!!!!!!!!!!!!!!!!!


!!!!!!!!!!!!!!!!!!!!!!!!!!!!!!!!!!!!!!!!!!!!!!!!!!!!!!!!!!!!!!!!!!!!!!!!!!!!!!!!
[ALERT] ALERT-000056 | POTENTIAL_EVIL_TWIN
severity: LOW
time: 2026-05-16T15:42:18.007202
message: Wykryto potencjalny Evil Twin / Rogue AP dla SSID 'TestNet_020'. Zaobserwowano 98 różnych BSSID oraz podejrzane różnice parametrów sieci.
evidence: {'ssid': 'TestNet_020', 'bssid_count': 98, 'bssids': ['77:7f:7d:75:56:2d', '9a:3f:e5:83:c9:2f', '62:9e:27:24:23:5a', '48:73:9a:55:d5:6a', '5e:6c:6d:68:dc:1a', 'a1:db:84:6c:93:3d', 'd9:fd:ca:4b:98:d4', 'ae:d6:46:be:35:0d', 'ba:91:9f:e4:95:1a', 'b5:2c:e2:42:26:dd', 'fc:97:88:f5:2e:0a', 'e0:3e:ea:91:83:05', '0e:2b:f9:36:67:8f', 'aa:d6:82:f5:5b:8e', '51:04:12:ab:0e:1c', '93:a3:34:a5:47:9a', '28:53:f7:26:63:ac', '06:43:ef:81:98:e8', '2b:e8:e9:4b:d3:f7', '41:1b:53:db:3e:ba', '98:d8:d8:26:82:22', '6c:c1:76:49:2c:0e', '42:c3:d3:fc:28:24', 'd7:35:74:c7:9a:46', '83:89:41:09:98:65', '78:82:7d:df:0a:9a', '2b:5e:9b:05:8a:74', '6a:59:7b:27:fe:fd', '60:f5:bf:87:16:67', 'ac:1c:bf:be:7c:ac', '94:f3:83:4e:99:7e', 'bc:f4:3e:04:3b:c8', '9c:44:4e:b3:a5:06', '4e:eb:65:a3:c2:ad', 'b6:dc:77:6f:00:0e', 'b5:cb:b8:8e:61:73', '25:69:a9:de:1f:36', '0c:2c:5d:f1:73:6f', '66:10:18:1f:9e:6c', 'aa:b0:1c:49:76:47', '93:25:64:eb:d8:d3', 'dd:28:6a:60:61:2a', 'e4:57:56:85:2f:79', 'ae:48:0c:70:02:3f', '7c:79:a2:c0:8e:c3', '11:ee:3c:0b:48:0e', 'ca:d4:9e:74:9a:5d', '6e:a4:4a:b3:94:56', 'f2:94:fe:30:e3:95', 'ce:aa:4e:21:5c:6d', '90:63:e4:bb:e2:3f', '46:89:85:2a:43:12', 'c3:04:46:1d:55:8d', '00:b8:b1:e8:cc:3f', 'fc:9e:d2:00:b4:49', '9a:33:e4:0e:4f:14', '40:60:cb:f4:4c:4f', '4a:ea:6f:c9:a9:c6', '81:af:b5:0c:cc:f6', '34:a0:97:48:bf:fb', 'f8:af:b6:1a:b6:06', '69:3a:8f:bd:39:ed', '15:68:5f:5d:98:b7', '4f:43:3b:b4:a8:96', 'f0:0b:ae:c9:dc:60', '04:09:90:43:86:8d', '9f:cb:3d:b5:94:f2', 'fc:f1:b1:b6:2c:a6', '19:c5:05:3c:b3:b0', 'b6:57:26:af:80:b8', '5e:86:a9:ad:79:89', 'c3:ef:5c:e8:61:43', '3b:a2:d4:2e:40:40', '92:30:7b:2a:d6:40', '01:c8:a5:42:c4:cd', 'd3:79:70:a0:b9:a7', 'be:36:62:e4:57:22', '70:01:1d:fe:f7:0f', 'f4:6e:6d:aa:a5:38', '96:08:5f:19:dc:02', 'ff:98:1b:6b:97:41', '3d:d4:52:86:15:d0', '5e:4e:47:54:3a:58', 'e4:ec:23:8e:f1:aa', '66:8c:9d:6b:3f:4d', '1b:e4:88:e9:ca:27', 'c1:c7:55:c4:56:37', '87:5e:00:7f:29:88', 'a0:81:a2:ca:be:c9', 'c3:39:de:74:33:54', '18:53:78:27:cb:61', '3e:d3:bd:3b:e1:5f', '55:aa:1c:fb:72:1f', 'e2:45:59:88:ac:5c', '6c:32:fa:52:3b:5d', '0f:be:dc:b4:4c:03', '13:54:bd:3b:97:ac', 'c7:7c:c0:80:17:03'], 'triggered_reasons': ['same_ssid_multiple_bssid'], 'observations': {'77:7f:7d:75:56:2d': {'first_seen': 1778946107.4337406, 'last_seen': 1778946107.4349172, 'seen_count': 2, 'channels': [], 'avg_rssi': None}, '9a:3f:e5:83:c9:2f': {'first_seen': 1778946107.7430558, 'last_seen': 1778946107.7441754, 'seen_count': 2, 'channels': [], 'avg_rssi': None}, '62:9e:27:24:23:5a': {'first_seen': 1778946108.0549176, 'last_seen': 1778946108.0558171, 'seen_count': 2, 'channels': [], 'avg_rssi': None}, '48:73:9a:55:d5:6a': {'first_seen': 1778946108.3667698, 'last_seen': 1778946108.3677168, 'seen_count': 2, 'channels': [], 'avg_rssi': None}, '5e:6c:6d:68:dc:1a': {'first_seen': 1778946108.6745672, 'last_seen': 1778946108.6757233, 'seen_count': 2, 'channels': [], 'avg_rssi': None}, 'a1:db:84:6c:93:3d': {'first_seen': 1778946108.9850004, 'last_seen': 1778946108.9861155, 'seen_count': 2, 'channels': [], 'avg_rssi': None}, 'd9:fd:ca:4b:98:d4': {'first_seen': 1778946109.2929003, 'last_seen': 1778946109.2938867, 'seen_count': 2, 'channels': [], 'avg_rssi': None}, 'ae:d6:46:be:35:0d': {'first_seen': 1778946109.6058004, 'last_seen': 1778946109.606781, 'seen_count': 2, 'channels': [], 'avg_rssi': None}, 'ba:91:9f:e4:95:1a': {'first_seen': 1778946109.9120154, 'last_seen': 1778946109.913169, 'seen_count': 2, 'channels': [], 'avg_rssi': None}, 'b5:2c:e2:42:26:dd': {'first_seen': 1778946110.2197764, 'last_seen': 1778946110.2206788, 'seen_count': 2, 'channels': [], 'avg_rssi': None}, 'fc:97:88:f5:2e:0a': {'first_seen': 1778946110.5321028, 'last_seen': 1778946110.5333245, 'seen_count': 2, 'channels': [], 'avg_rssi': None}, 'e0:3e:ea:91:83:05': {'first_seen': 1778946110.841193, 'last_seen': 1778946110.8423364, 'seen_count': 2, 'channels': [], 'avg_rssi': None}, '0e:2b:f9:36:67:8f': {'first_seen': 1778946111.1504674, 'last_seen': 1778946111.1514814, 'seen_count': 2, 'channels': [], 'avg_rssi': None}, 'aa:d6:82:f5:5b:8e': {'first_seen': 1778946111.4615047, 'last_seen': 1778946111.4626496, 'seen_count': 2, 'channels': [], 'avg_rssi': None}, '51:04:12:ab:0e:1c': {'first_seen': 1778946111.7703583, 'last_seen': 1778946111.771261, 'seen_count': 2, 'channels': [], 'avg_rssi': None}, '93:a3:34:a5:47:9a': {'first_seen': 1778946112.0762587, 'last_seen': 1778946112.0774, 'seen_count': 2, 'channels': [], 'avg_rssi': None}, '28:53:f7:26:63:ac': {'first_seen': 1778946112.3890584, 'last_seen': 1778946112.390293, 'seen_count': 2, 'channels': [], 'avg_rssi': None}, '06:43:ef:81:98:e8': {'first_seen': 1778946112.6982038, 'last_seen': 1778946112.699432, 'seen_count': 2, 'channels': [], 'avg_rssi': None}, '2b:e8:e9:4b:d3:f7': {'first_seen': 1778946113.0149083, 'last_seen': 1778946113.0159576, 'seen_count': 2, 'channels': [], 'avg_rssi': None}, '41:1b:53:db:3e:ba': {'first_seen': 1778946113.3259778, 'last_seen': 1778946113.3268466, 'seen_count': 2, 'channels': [], 'avg_rssi': None}, '98:d8:d8:26:82:22': {'first_seen': 1778946113.6429148, 'last_seen': 1778946113.6442378, 'seen_count': 2, 'channels': [], 'avg_rssi': None}, '6c:c1:76:49:2c:0e': {'first_seen': 1778946113.951332, 'last_seen': 1778946113.952254, 'seen_count': 2, 'channels': [], 'avg_rssi': None}, '42:c3:d3:fc:28:24': {'first_seen': 1778946114.260872, 'last_seen': 1778946114.2617617, 'seen_count': 2, 'channels': [], 'avg_rssi': None}, 'd7:35:74:c7:9a:46': {'first_seen': 1778946114.5699224, 'last_seen': 1778946114.570903, 'seen_count': 2, 'channels': [], 'avg_rssi': None}, '83:89:41:09:98:65': {'first_seen': 1778946114.8780446, 'last_seen': 1778946114.8792949, 'seen_count': 2, 'channels': [], 'avg_rssi': None}, '78:82:7d:df:0a:9a': {'first_seen': 1778946115.1890392, 'last_seen': 1778946115.1899416, 'seen_count': 2, 'channels': [], 'avg_rssi': None}, '2b:5e:9b:05:8a:74': {'first_seen': 1778946115.5051503, 'last_seen': 1778946115.5062046, 'seen_count': 2, 'channels': [], 'avg_rssi': None}, '6a:59:7b:27:fe:fd': {'first_seen': 1778946115.8113766, 'last_seen': 1778946115.812598, 'seen_count': 2, 'channels': [], 'avg_rssi': None}, '60:f5:bf:87:16:67': {'first_seen': 1778946116.1211815, 'last_seen': 1778946116.12211, 'seen_count': 2, 'channels': [], 'avg_rssi': None}, 'ac:1c:bf:be:7c:ac': {'first_seen': 1778946116.4275248, 'last_seen': 1778946116.4285083, 'seen_count': 2, 'channels': [], 'avg_rssi': None}, '94:f3:83:4e:99:7e': {'first_seen': 1778946116.7407544, 'last_seen': 1778946116.7418911, 'seen_count': 2, 'channels': [], 'avg_rssi': None}, 'bc:f4:3e:04:3b:c8': {'first_seen': 1778946117.05279, 'last_seen': 1778946117.0536554, 'seen_count': 2, 'channels': [], 'avg_rssi': None}, '9c:44:4e:b3:a5:06': {'first_seen': 1778946117.3623223, 'last_seen': 1778946117.363558, 'seen_count': 2, 'channels': [], 'avg_rssi': None}, '4e:eb:65:a3:c2:ad': {'first_seen': 1778946117.6748984, 'last_seen': 1778946117.6758232, 'seen_count': 2, 'channels': [], 'avg_rssi': None}, 'b6:dc:77:6f:00:0e': {'first_seen': 1778946117.9869323, 'last_seen': 1778946117.9878316, 'seen_count': 2, 'channels': [], 'avg_rssi': None}, 'b5:cb:b8:8e:61:73': {'first_seen': 1778946118.2992408, 'last_seen': 1778946118.3003478, 'seen_count': 2, 'channels': [], 'avg_rssi': None}, '25:69:a9:de:1f:36': {'first_seen': 1778946118.6081607, 'last_seen': 1778946118.609122, 'seen_count': 2, 'channels': [], 'avg_rssi': None}, '0c:2c:5d:f1:73:6f': {'first_seen': 1778946118.9226766, 'last_seen': 1778946118.9236367, 'seen_count': 2, 'channels': [], 'avg_rssi': None}, '66:10:18:1f:9e:6c': {'first_seen': 1778946119.2369494, 'last_seen': 1778946119.2379148, 'seen_count': 2, 'channels': [], 'avg_rssi': None}, 'aa:b0:1c:49:76:47': {'first_seen': 1778946119.5473516, 'last_seen': 1778946119.5482867, 'seen_count': 2, 'channels': [], 'avg_rssi': None}, '93:25:64:eb:d8:d3': {'first_seen': 1778946119.8577554, 'last_seen': 1778946119.858811, 'seen_count': 2, 'channels': [], 'avg_rssi': None}, 'dd:28:6a:60:61:2a': {'first_seen': 1778946120.167416, 'last_seen': 1778946120.168326, 'seen_count': 2, 'channels': [], 'avg_rssi': None}, 'e4:57:56:85:2f:79': {'first_seen': 1778946120.4769952, 'last_seen': 1778946120.4778357, 'seen_count': 2, 'channels': [], 'avg_rssi': None}, 'ae:48:0c:70:02:3f': {'first_seen': 1778946120.7913477, 'last_seen': 1778946120.792492, 'seen_count': 2, 'channels': [], 'avg_rssi': None}, '7c:79:a2:c0:8e:c3': {'first_seen': 1778946121.1071298, 'last_seen': 1778946121.1082435, 'seen_count': 2, 'channels': [], 'avg_rssi': None}, '11:ee:3c:0b:48:0e': {'first_seen': 1778946121.4174836, 'last_seen': 1778946121.4186802, 'seen_count': 2, 'channels': [], 'avg_rssi': None}, 'ca:d4:9e:74:9a:5d': {'first_seen': 1778946121.7316287, 'last_seen': 1778946121.7325244, 'seen_count': 2, 'channels': [], 'avg_rssi': None}, '6e:a4:4a:b3:94:56': {'first_seen': 1778946122.0433369, 'last_seen': 1778946122.0442924, 'seen_count': 2, 'channels': [], 'avg_rssi': None}, 'f2:94:fe:30:e3:95': {'first_seen': 1778946122.3532124, 'last_seen': 1778946122.3540568, 'seen_count': 2, 'channels': [], 'avg_rssi': None}, 'ce:aa:4e:21:5c:6d': {'first_seen': 1778946122.6675901, 'last_seen': 1778946122.66933, 'seen_count': 2, 'channels': [], 'avg_rssi': None}, '90:63:e4:bb:e2:3f': {'first_seen': 1778946122.9866636, 'last_seen': 1778946122.9875915, 'seen_count': 2, 'channels': [], 'avg_rssi': None}, '46:89:85:2a:43:12': {'first_seen': 1778946123.3026843, 'last_seen': 1778946123.3036077, 'seen_count': 2, 'channels': [], 'avg_rssi': None}, 'c3:04:46:1d:55:8d': {'first_seen': 1778946123.620921, 'last_seen': 1778946123.6220083, 'seen_count': 2, 'channels': [], 'avg_rssi': None}, '00:b8:b1:e8:cc:3f': {'first_seen': 1778946123.931486, 'last_seen': 1778946123.9323885, 'seen_count': 2, 'channels': [], 'avg_rssi': None}, 'fc:9e:d2:00:b4:49': {'first_seen': 1778946124.2444, 'last_seen': 1778946124.2455323, 'seen_count': 2, 'channels': [], 'avg_rssi': None}, '9a:33:e4:0e:4f:14': {'first_seen': 1778946124.560781, 'last_seen': 1778946124.5619218, 'seen_count': 2, 'channels': [], 'avg_rssi': None}, '40:60:cb:f4:4c:4f': {'first_seen': 1778946124.8714669, 'last_seen': 1778946124.8723187, 'seen_count': 2, 'channels': [], 'avg_rssi': None}, '4a:ea:6f:c9:a9:c6': {'first_seen': 1778946125.185887, 'last_seen': 1778946125.1868386, 'seen_count': 2, 'channels': [], 'avg_rssi': None}, '81:af:b5:0c:cc:f6': {'first_seen': 1778946125.4986591, 'last_seen': 1778946125.499846, 'seen_count': 2, 'channels': [], 'avg_rssi': None}, '34:a0:97:48:bf:fb': {'first_seen': 1778946125.811385, 'last_seen': 1778946125.8124888, 'seen_count': 2, 'channels': [], 'avg_rssi': None}, 'f8:af:b6:1a:b6:06': {'first_seen': 1778946126.12118, 'last_seen': 1778946126.1222603, 'seen_count': 2, 'channels': [], 'avg_rssi': None}, '69:3a:8f:bd:39:ed': {'first_seen': 1778946126.437423, 'last_seen': 1778946126.4382782, 'seen_count': 2, 'channels': [], 'avg_rssi': None}, '15:68:5f:5d:98:b7': {'first_seen': 1778946126.7547047, 'last_seen': 1778946126.7555387, 'seen_count': 2, 'channels': [], 'avg_rssi': None}, '4f:43:3b:b4:a8:96': {'first_seen': 1778946127.0687888, 'last_seen': 1778946127.0726762, 'seen_count': 2, 'channels': [], 'avg_rssi': None}, 'f0:0b:ae:c9:dc:60': {'first_seen': 1778946127.3844032, 'last_seen': 1778946127.385317, 'seen_count': 2, 'channels': [], 'avg_rssi': None}, '04:09:90:43:86:8d': {'first_seen': 1778946127.6961668, 'last_seen': 1778946127.6973345, 'seen_count': 2, 'channels': [], 'avg_rssi': None}, '9f:cb:3d:b5:94:f2': {'first_seen': 1778946128.0052917, 'last_seen': 1778946128.0063517, 'seen_count': 2, 'channels': [], 'avg_rssi': None}, 'fc:f1:b1:b6:2c:a6': {'first_seen': 1778946128.3223693, 'last_seen': 1778946128.3232386, 'seen_count': 2, 'channels': [], 'avg_rssi': None}, '19:c5:05:3c:b3:b0': {'first_seen': 1778946128.6310189, 'last_seen': 1778946128.6320076, 'seen_count': 2, 'channels': [], 'avg_rssi': None}, 'b6:57:26:af:80:b8': {'first_seen': 1778946128.942116, 'last_seen': 1778946128.943024, 'seen_count': 2, 'channels': [], 'avg_rssi': None}, '5e:86:a9:ad:79:89': {'first_seen': 1778946129.2533965, 'last_seen': 1778946129.2542894, 'seen_count': 2, 'channels': [], 'avg_rssi': None}, 'c3:ef:5c:e8:61:43': {'first_seen': 1778946129.5666676, 'last_seen': 1778946129.5676792, 'seen_count': 2, 'channels': [], 'avg_rssi': None}, '3b:a2:d4:2e:40:40': {'first_seen': 1778946129.877719, 'last_seen': 1778946129.878823, 'seen_count': 2, 'channels': [], 'avg_rssi': None}, '92:30:7b:2a:d6:40': {'first_seen': 1778946130.1994977, 'last_seen': 1778946130.2003384, 'seen_count': 2, 'channels': [], 'avg_rssi': None}, '01:c8:a5:42:c4:cd': {'first_seen': 1778946130.5136936, 'last_seen': 1778946130.514612, 'seen_count': 2, 'channels': [], 'avg_rssi': None}, 'd3:79:70:a0:b9:a7': {'first_seen': 1778946130.8253853, 'last_seen': 1778946130.8264954, 'seen_count': 2, 'channels': [], 'avg_rssi': None}, 'be:36:62:e4:57:22': {'first_seen': 1778946131.1362, 'last_seen': 1778946131.137388, 'seen_count': 2, 'channels': [], 'avg_rssi': None}, '70:01:1d:fe:f7:0f': {'first_seen': 1778946131.448255, 'last_seen': 1778946131.449404, 'seen_count': 2, 'channels': [], 'avg_rssi': None}, 'f4:6e:6d:aa:a5:38': {'first_seen': 1778946131.755991, 'last_seen': 1778946131.756928, 'seen_count': 2, 'channels': [], 'avg_rssi': None}, '96:08:5f:19:dc:02': {'first_seen': 1778946132.0654738, 'last_seen': 1778946132.0663087, 'seen_count': 2, 'channels': [], 'avg_rssi': None}, 'ff:98:1b:6b:97:41': {'first_seen': 1778946132.384763, 'last_seen': 1778946132.385953, 'seen_count': 2, 'channels': [], 'avg_rssi': None}, '3d:d4:52:86:15:d0': {'first_seen': 1778946132.69435, 'last_seen': 1778946132.695344, 'seen_count': 2, 'channels': [], 'avg_rssi': None}, '5e:4e:47:54:3a:58': {'first_seen': 1778946133.0044987, 'last_seen': 1778946133.0056102, 'seen_count': 2, 'channels': [], 'avg_rssi': None}, 'e4:ec:23:8e:f1:aa': {'first_seen': 1778946133.3155859, 'last_seen': 1778946133.316504, 'seen_count': 2, 'channels': [], 'avg_rssi': None}, '66:8c:9d:6b:3f:4d': {'first_seen': 1778946133.6317015, 'last_seen': 1778946133.6326396, 'seen_count': 2, 'channels': [], 'avg_rssi': None}, '1b:e4:88:e9:ca:27': {'first_seen': 1778946133.948766, 'last_seen': 1778946133.949908, 'seen_count': 2, 'channels': [], 'avg_rssi': None}, 'c1:c7:55:c4:56:37': {'first_seen': 1778946134.2608418, 'last_seen': 1778946134.2620494, 'seen_count': 2, 'channels': [], 'avg_rssi': None}, '87:5e:00:7f:29:88': {'first_seen': 1778946134.5734022, 'last_seen': 1778946134.5744472, 'seen_count': 2, 'channels': [], 'avg_rssi': None}, 'a0:81:a2:ca:be:c9': {'first_seen': 1778946134.8939784, 'last_seen': 1778946134.8950818, 'seen_count': 2, 'channels': [], 'avg_rssi': None}, 'c3:39:de:74:33:54': {'first_seen': 1778946135.2068422, 'last_seen': 1778946135.2077227, 'seen_count': 2, 'channels': [], 'avg_rssi': None}, '18:53:78:27:cb:61': {'first_seen': 1778946135.516983, 'last_seen': 1778946135.5181146, 'seen_count': 2, 'channels': [], 'avg_rssi': None}, '3e:d3:bd:3b:e1:5f': {'first_seen': 1778946135.8279874, 'last_seen': 1778946135.829015, 'seen_count': 2, 'channels': [], 'avg_rssi': None}, '55:aa:1c:fb:72:1f': {'first_seen': 1778946136.1412318, 'last_seen': 1778946136.1421468, 'seen_count': 2, 'channels': [], 'avg_rssi': None}, 'e2:45:59:88:ac:5c': {'first_seen': 1778946136.4586596, 'last_seen': 1778946136.4597886, 'seen_count': 2, 'channels': [], 'avg_rssi': None}, '6c:32:fa:52:3b:5d': {'first_seen': 1778946136.772759, 'last_seen': 1778946136.7738042, 'seen_count': 2, 'channels': [], 'avg_rssi': None}, '0f:be:dc:b4:4c:03': {'first_seen': 1778946137.0823019, 'last_seen': 1778946137.0834668, 'seen_count': 2, 'channels': [], 'avg_rssi': None}, '13:54:bd:3b:97:ac': {'first_seen': 1778946137.3873472, 'last_seen': 1778946137.3884614, 'seen_count': 2, 'channels': [], 'avg_rssi': None}, 'c7:7c:c0:80:17:03': {'first_seen': 1778946138.007202, 'last_seen': 1778946138.007202, 'seen_count': 1, 'channels': [], 'avg_rssi': None}}}
!!!!!!!!!!!!!!!!!!!!!!!!!!!!!!!!!!!!!!!!!!!!!!!!!!!!!!!!!!!!!!!!!!!!!!!!!!!!!!!!


!!!!!!!!!!!!!!!!!!!!!!!!!!!!!!!!!!!!!!!!!!!!!!!!!!!!!!!!!!!!!!!!!!!!!!!!!!!!!!!!
[ALERT] ALERT-000057 | POTENTIAL_EVIL_TWIN
severity: LOW
time: 2026-05-16T15:42:18.017300
message: Wykryto potencjalny Evil Twin / Rogue AP dla SSID 'TestNet_021'. Zaobserwowano 98 różnych BSSID oraz podejrzane różnice parametrów sieci.
evidence: {'ssid': 'TestNet_021', 'bssid_count': 98, 'bssids': ['68:29:95:f3:2c:e1', '04:c3:4d:5d:a0:5b', 'c7:8e:29:4f:00:78', 'f4:f2:ef:16:45:fa', '31:98:b9:b1:59:56', 'c2:4b:d2:a8:74:7d', '05:ca:7a:b6:f6:28', '7d:51:8b:c5:ef:eb', '63:61:fe:3d:ba:17', 'f7:d6:2b:40:c8:96', '92:79:fb:0d:e5:83', 'df:c1:61:9a:40:6e', 'f1:6e:e3:61:db:7b', 'c5:e0:5b:a6:a1:ca', '31:07:97:ac:34:df', '58:d2:2d:5d:78:6d', '73:9a:9e:ef:34:f8', '22:c6:60:b5:10:f6', '8f:38:37:c9:1d:22', 'dd:15:44:bb:ff:31', 'a6:7b:0d:0c:f1:8c', 'b2:c5:96:da:c1:ad', 'f7:14:8b:fd:b7:49', '82:7e:0e:b5:72:2f', '1a:78:5a:e6:56:4e', '8c:8c:c1:23:19:c7', '54:3d:1c:ac:8b:68', 'b9:62:d2:de:dd:59', '02:8d:53:77:2d:9d', '73:63:dc:a0:42:e7', 'f7:5a:5f:1c:a4:c1', 'e8:73:2a:96:8c:79', 'f3:31:60:8a:96:2d', '0e:ac:42:9c:6d:5f', 'f1:8b:7d:5b:a7:c8', '26:fb:8b:3f:16:c8', 'f0:89:11:b0:a1:de', 'b8:92:26:bd:e7:c0', 'd3:c5:e1:9b:2b:5b', '57:71:e5:75:12:f3', 'a7:eb:71:d8:18:ab', '2e:26:d7:33:21:8f', '4a:1e:b1:0f:59:14', 'cc:7f:a4:ed:24:c1', 'ce:8f:9c:d3:02:3b', 'd7:a3:2e:e8:04:13', '04:6c:27:d7:47:d0', 'd4:24:8c:36:78:3e', '99:a4:00:ad:fc:32', 'd3:e2:6d:b7:1e:7d', '0d:8d:c2:1d:d1:d8', '44:b1:f7:6f:ab:3a', 'b0:b9:7b:69:87:da', '53:64:1d:f5:fe:53', '7d:36:30:dc:c9:78', '56:60:69:0f:08:b1', '9b:40:82:89:72:4e', 'a8:75:18:ee:06:39', '05:fe:87:84:d0:da', 'ba:02:16:0f:1f:ee', 'de:93:dc:b1:fd:cb', 'dd:92:87:2d:6c:f5', 'a3:85:0a:41:3c:23', 'c2:08:fa:2a:39:09', '5c:bf:d0:01:6a:98', '29:a4:8b:29:4a:1c', '01:6a:0a:56:1c:e5', 'a9:b6:a1:a5:7c:30', '5c:e1:d2:ba:89:a3', '22:63:52:75:b8:61', '10:ee:e0:ee:81:3b', '9a:c2:33:de:9b:8d', '0c:10:db:72:12:4c', '3a:11:2e:58:80:f6', 'd5:04:07:06:bd:e1', 'c3:d3:45:d0:29:54', 'b7:e9:ae:b2:6a:ff', '22:ce:b0:35:a7:15', '2b:e2:0f:5a:22:6c', 'f5:a3:71:7d:c1:b0', 'aa:1a:7b:9d:b7:12', 'd5:65:65:27:07:64', 'dc:49:d4:ac:b9:c9', '7e:fd:2c:93:98:39', '11:52:5a:4b:04:10', '23:cb:7a:68:4d:14', 'fd:b2:74:34:5c:67', 'e5:44:c8:f4:e8:c6', '80:d9:01:9c:18:c4', '00:79:dd:6a:62:ed', 'fa:00:eb:d1:a3:01', '03:5b:f2:6c:6c:5b', 'ca:71:17:9f:13:10', '53:1d:5d:f4:ba:9e', 'dd:77:94:b5:e1:79', '64:c0:95:34:2d:94', '74:d1:7e:de:6f:ac', '92:57:0d:76:31:97'], 'triggered_reasons': ['same_ssid_multiple_bssid'], 'observations': {'68:29:95:f3:2c:e1': {'first_seen': 1778946107.4438264, 'last_seen': 1778946107.444783, 'seen_count': 2, 'channels': [], 'avg_rssi': None}, '04:c3:4d:5d:a0:5b': {'first_seen': 1778946107.753171, 'last_seen': 1778946107.7540543, 'seen_count': 2, 'channels': [], 'avg_rssi': None}, 'c7:8e:29:4f:00:78': {'first_seen': 1778946108.0650253, 'last_seen': 1778946108.0660803, 'seen_count': 2, 'channels': [], 'avg_rssi': None}, 'f4:f2:ef:16:45:fa': {'first_seen': 1778946108.3768675, 'last_seen': 1778946108.3780842, 'seen_count': 2, 'channels': [], 'avg_rssi': None}, '31:98:b9:b1:59:56': {'first_seen': 1778946108.6846879, 'last_seen': 1778946108.6856067, 'seen_count': 2, 'channels': [], 'avg_rssi': None}, 'c2:4b:d2:a8:74:7d': {'first_seen': 1778946108.995096, 'last_seen': 1778946108.9962382, 'seen_count': 2, 'channels': [], 'avg_rssi': None}, '05:ca:7a:b6:f6:28': {'first_seen': 1778946109.303017, 'last_seen': 1778946109.3040133, 'seen_count': 2, 'channels': [], 'avg_rssi': None}, '7d:51:8b:c5:ef:eb': {'first_seen': 1778946109.6159363, 'last_seen': 1778946109.6167774, 'seen_count': 2, 'channels': [], 'avg_rssi': None}, '63:61:fe:3d:ba:17': {'first_seen': 1778946109.9232306, 'last_seen': 1778946109.9241662, 'seen_count': 2, 'channels': [], 'avg_rssi': None}, 'f7:d6:2b:40:c8:96': {'first_seen': 1778946110.230113, 'last_seen': 1778946110.2310627, 'seen_count': 2, 'channels': [], 'avg_rssi': None}, '92:79:fb:0d:e5:83': {'first_seen': 1778946110.5422645, 'last_seen': 1778946110.5433211, 'seen_count': 2, 'channels': [], 'avg_rssi': None}, 'df:c1:61:9a:40:6e': {'first_seen': 1778946110.851308, 'last_seen': 1778946110.8524675, 'seen_count': 2, 'channels': [], 'avg_rssi': None}, 'f1:6e:e3:61:db:7b': {'first_seen': 1778946111.1606023, 'last_seen': 1778946111.1617424, 'seen_count': 2, 'channels': [], 'avg_rssi': None}, 'c5:e0:5b:a6:a1:ca': {'first_seen': 1778946111.4715955, 'last_seen': 1778946111.4726183, 'seen_count': 2, 'channels': [], 'avg_rssi': None}, '31:07:97:ac:34:df': {'first_seen': 1778946111.7804613, 'last_seen': 1778946111.781394, 'seen_count': 2, 'channels': [], 'avg_rssi': None}, '58:d2:2d:5d:78:6d': {'first_seen': 1778946112.0863886, 'last_seen': 1778946112.0874069, 'seen_count': 2, 'channels': [], 'avg_rssi': None}, '73:9a:9e:ef:34:f8': {'first_seen': 1778946112.3991065, 'last_seen': 1778946112.400295, 'seen_count': 2, 'channels': [], 'avg_rssi': None}, '22:c6:60:b5:10:f6': {'first_seen': 1778946112.7099137, 'last_seen': 1778946112.7110567, 'seen_count': 2, 'channels': [], 'avg_rssi': None}, '8f:38:37:c9:1d:22': {'first_seen': 1778946113.0258777, 'last_seen': 1778946113.0270739, 'seen_count': 2, 'channels': [], 'avg_rssi': None}, 'dd:15:44:bb:ff:31': {'first_seen': 1778946113.3360622, 'last_seen': 1778946113.3372161, 'seen_count': 2, 'channels': [], 'avg_rssi': None}, 'a6:7b:0d:0c:f1:8c': {'first_seen': 1778946113.6530511, 'last_seen': 1778946113.6539884, 'seen_count': 2, 'channels': [], 'avg_rssi': None}, 'b2:c5:96:da:c1:ad': {'first_seen': 1778946113.962653, 'last_seen': 1778946113.9649963, 'seen_count': 2, 'channels': [], 'avg_rssi': None}, 'f7:14:8b:fd:b7:49': {'first_seen': 1778946114.271003, 'last_seen': 1778946114.2718859, 'seen_count': 2, 'channels': [], 'avg_rssi': None}, '82:7e:0e:b5:72:2f': {'first_seen': 1778946114.580013, 'last_seen': 1778946114.580903, 'seen_count': 2, 'channels': [], 'avg_rssi': None}, '1a:78:5a:e6:56:4e': {'first_seen': 1778946114.888129, 'last_seen': 1778946114.8891687, 'seen_count': 2, 'channels': [], 'avg_rssi': None}, '8c:8c:c1:23:19:c7': {'first_seen': 1778946115.199739, 'last_seen': 1778946115.2007082, 'seen_count': 2, 'channels': [], 'avg_rssi': None}, '54:3d:1c:ac:8b:68': {'first_seen': 1778946115.515269, 'last_seen': 1778946115.5164635, 'seen_count': 2, 'channels': [], 'avg_rssi': None}, 'b9:62:d2:de:dd:59': {'first_seen': 1778946115.821471, 'last_seen': 1778946115.8226092, 'seen_count': 2, 'channels': [], 'avg_rssi': None}, '02:8d:53:77:2d:9d': {'first_seen': 1778946116.1313019, 'last_seen': 1778946116.132369, 'seen_count': 2, 'channels': [], 'avg_rssi': None}, '73:63:dc:a0:42:e7': {'first_seen': 1778946116.437857, 'last_seen': 1778946116.4387653, 'seen_count': 2, 'channels': [], 'avg_rssi': None}, 'f7:5a:5f:1c:a4:c1': {'first_seen': 1778946116.7508478, 'last_seen': 1778946116.7517672, 'seen_count': 2, 'channels': [], 'avg_rssi': None}, 'e8:73:2a:96:8c:79': {'first_seen': 1778946117.0635798, 'last_seen': 1778946117.0645454, 'seen_count': 2, 'channels': [], 'avg_rssi': None}, 'f3:31:60:8a:96:2d': {'first_seen': 1778946117.3724513, 'last_seen': 1778946117.3736796, 'seen_count': 2, 'channels': [], 'avg_rssi': None}, '0e:ac:42:9c:6d:5f': {'first_seen': 1778946117.6852417, 'last_seen': 1778946117.6861982, 'seen_count': 2, 'channels': [], 'avg_rssi': None}, 'f1:8b:7d:5b:a7:c8': {'first_seen': 1778946117.9970257, 'last_seen': 1778946117.998207, 'seen_count': 2, 'channels': [], 'avg_rssi': None}, '26:fb:8b:3f:16:c8': {'first_seen': 1778946118.3093472, 'last_seen': 1778946118.3105993, 'seen_count': 2, 'channels': [], 'avg_rssi': None}, 'f0:89:11:b0:a1:de': {'first_seen': 1778946118.6182919, 'last_seen': 1778946118.619245, 'seen_count': 2, 'channels': [], 'avg_rssi': None}, 'b8:92:26:bd:e7:c0': {'first_seen': 1778946118.932779, 'last_seen': 1778946118.9338799, 'seen_count': 2, 'channels': [], 'avg_rssi': None}, 'd3:c5:e1:9b:2b:5b': {'first_seen': 1778946119.24926, 'last_seen': 1778946119.2502744, 'seen_count': 2, 'channels': [], 'avg_rssi': None}, '57:71:e5:75:12:f3': {'first_seen': 1778946119.5574558, 'last_seen': 1778946119.5584128, 'seen_count': 2, 'channels': [], 'avg_rssi': None}, 'a7:eb:71:d8:18:ab': {'first_seen': 1778946119.8678534, 'last_seen': 1778946119.8686798, 'seen_count': 2, 'channels': [], 'avg_rssi': None}, '2e:26:d7:33:21:8f': {'first_seen': 1778946120.1775212, 'last_seen': 1778946120.1784532, 'seen_count': 2, 'channels': [], 'avg_rssi': None}, '4a:1e:b1:0f:59:14': {'first_seen': 1778946120.4870965, 'last_seen': 1778946120.4880857, 'seen_count': 2, 'channels': [], 'avg_rssi': None}, 'cc:7f:a4:ed:24:c1': {'first_seen': 1778946120.801522, 'last_seen': 1778946120.8026097, 'seen_count': 2, 'channels': [], 'avg_rssi': None}, 'ce:8f:9c:d3:02:3b': {'first_seen': 1778946121.117266, 'last_seen': 1778946121.1185014, 'seen_count': 2, 'channels': [], 'avg_rssi': None}, 'd7:a3:2e:e8:04:13': {'first_seen': 1778946121.4275897, 'last_seen': 1778946121.4287684, 'seen_count': 2, 'channels': [], 'avg_rssi': None}, '04:6c:27:d7:47:d0': {'first_seen': 1778946121.7417274, 'last_seen': 1778946121.742775, 'seen_count': 2, 'channels': [], 'avg_rssi': None}, 'd4:24:8c:36:78:3e': {'first_seen': 1778946122.053436, 'last_seen': 1778946122.0547893, 'seen_count': 2, 'channels': [], 'avg_rssi': None}, '99:a4:00:ad:fc:32': {'first_seen': 1778946122.3666027, 'last_seen': 1778946122.36743, 'seen_count': 2, 'channels': [], 'avg_rssi': None}, 'd3:e2:6d:b7:1e:7d': {'first_seen': 1778946122.6777003, 'last_seen': 1778946122.6787002, 'seen_count': 2, 'channels': [], 'avg_rssi': None}, '0d:8d:c2:1d:d1:d8': {'first_seen': 1778946122.9967551, 'last_seen': 1778946122.997591, 'seen_count': 2, 'channels': [], 'avg_rssi': None}, '44:b1:f7:6f:ab:3a': {'first_seen': 1778946123.3146832, 'last_seen': 1778946123.3156068, 'seen_count': 2, 'channels': [], 'avg_rssi': None}, 'b0:b9:7b:69:87:da': {'first_seen': 1778946123.6310441, 'last_seen': 1778946123.6320052, 'seen_count': 2, 'channels': [], 'avg_rssi': None}, '53:64:1d:f5:fe:53': {'first_seen': 1778946123.9415944, 'last_seen': 1778946123.9425151, 'seen_count': 2, 'channels': [], 'avg_rssi': None}, '7d:36:30:dc:c9:78': {'first_seen': 1778946124.2556198, 'last_seen': 1778946124.2566564, 'seen_count': 2, 'channels': [], 'avg_rssi': None}, '56:60:69:0f:08:b1': {'first_seen': 1778946124.5708957, 'last_seen': 1778946124.5717971, 'seen_count': 2, 'channels': [], 'avg_rssi': None}, '9b:40:82:89:72:4e': {'first_seen': 1778946124.8815691, 'last_seen': 1778946124.8824372, 'seen_count': 2, 'channels': [], 'avg_rssi': None}, 'a8:75:18:ee:06:39': {'first_seen': 1778946125.1960075, 'last_seen': 1778946125.196962, 'seen_count': 2, 'channels': [], 'avg_rssi': None}, '05:fe:87:84:d0:da': {'first_seen': 1778946125.5106642, 'last_seen': 1778946125.5115962, 'seen_count': 2, 'channels': [], 'avg_rssi': None}, 'ba:02:16:0f:1f:ee': {'first_seen': 1778946125.8214872, 'last_seen': 1778946125.8223617, 'seen_count': 2, 'channels': [], 'avg_rssi': None}, 'de:93:dc:b1:fd:cb': {'first_seen': 1778946126.135081, 'last_seen': 1778946126.136006, 'seen_count': 2, 'channels': [], 'avg_rssi': None}, 'dd:92:87:2d:6c:f5': {'first_seen': 1778946126.4475667, 'last_seen': 1778946126.448778, 'seen_count': 2, 'channels': [], 'avg_rssi': None}, 'a3:85:0a:41:3c:23': {'first_seen': 1778946126.7648697, 'last_seen': 1778946126.7660356, 'seen_count': 2, 'channels': [], 'avg_rssi': None}, 'c2:08:fa:2a:39:09': {'first_seen': 1778946127.0816116, 'last_seen': 1778946127.082553, 'seen_count': 2, 'channels': [], 'avg_rssi': None}, '5c:bf:d0:01:6a:98': {'first_seen': 1778946127.394512, 'last_seen': 1778946127.395443, 'seen_count': 2, 'channels': [], 'avg_rssi': None}, '29:a4:8b:29:4a:1c': {'first_seen': 1778946127.7062995, 'last_seen': 1778946127.7074668, 'seen_count': 2, 'channels': [], 'avg_rssi': None}, '01:6a:0a:56:1c:e5': {'first_seen': 1778946128.015415, 'last_seen': 1778946128.0163605, 'seen_count': 2, 'channels': [], 'avg_rssi': None}, 'a9:b6:a1:a5:7c:30': {'first_seen': 1778946128.3324654, 'last_seen': 1778946128.3334908, 'seen_count': 2, 'channels': [], 'avg_rssi': None}, '5c:e1:d2:ba:89:a3': {'first_seen': 1778946128.6411233, 'last_seen': 1778946128.6422594, 'seen_count': 2, 'channels': [], 'avg_rssi': None}, '22:63:52:75:b8:61': {'first_seen': 1778946128.9522414, 'last_seen': 1778946128.9534054, 'seen_count': 2, 'channels': [], 'avg_rssi': None}, '10:ee:e0:ee:81:3b': {'first_seen': 1778946129.2635512, 'last_seen': 1778946129.2647986, 'seen_count': 2, 'channels': [], 'avg_rssi': None}, '9a:c2:33:de:9b:8d': {'first_seen': 1778946129.5769138, 'last_seen': 1778946129.5778058, 'seen_count': 2, 'channels': [], 'avg_rssi': None}, '0c:10:db:72:12:4c': {'first_seen': 1778946129.887816, 'last_seen': 1778946129.8887098, 'seen_count': 2, 'channels': [], 'avg_rssi': None}, '3a:11:2e:58:80:f6': {'first_seen': 1778946130.210668, 'last_seen': 1778946130.2117147, 'seen_count': 2, 'channels': [], 'avg_rssi': None}, 'd5:04:07:06:bd:e1': {'first_seen': 1778946130.523814, 'last_seen': 1778946130.5247378, 'seen_count': 2, 'channels': [], 'avg_rssi': None}, 'c3:d3:45:d0:29:54': {'first_seen': 1778946130.8355057, 'last_seen': 1778946130.8363733, 'seen_count': 2, 'channels': [], 'avg_rssi': None}, 'b7:e9:ae:b2:6a:ff': {'first_seen': 1778946131.146307, 'last_seen': 1778946131.147262, 'seen_count': 2, 'channels': [], 'avg_rssi': None}, '22:ce:b0:35:a7:15': {'first_seen': 1778946131.4583619, 'last_seen': 1778946131.459402, 'seen_count': 2, 'channels': [], 'avg_rssi': None}, '2b:e2:0f:5a:22:6c': {'first_seen': 1778946131.766126, 'last_seen': 1778946131.7670453, 'seen_count': 2, 'channels': [], 'avg_rssi': None}, 'f5:a3:71:7d:c1:b0': {'first_seen': 1778946132.0755656, 'last_seen': 1778946132.0764337, 'seen_count': 2, 'channels': [], 'avg_rssi': None}, 'aa:1a:7b:9d:b7:12': {'first_seen': 1778946132.3948646, 'last_seen': 1778946132.3958268, 'seen_count': 2, 'channels': [], 'avg_rssi': None}, 'd5:65:65:27:07:64': {'first_seen': 1778946132.704451, 'last_seen': 1778946132.7059672, 'seen_count': 2, 'channels': [], 'avg_rssi': None}, 'dc:49:d4:ac:b9:c9': {'first_seen': 1778946133.0146012, 'last_seen': 1778946133.0157397, 'seen_count': 2, 'channels': [], 'avg_rssi': None}, '7e:fd:2c:93:98:39': {'first_seen': 1778946133.325701, 'last_seen': 1778946133.3266737, 'seen_count': 2, 'channels': [], 'avg_rssi': None}, '11:52:5a:4b:04:10': {'first_seen': 1778946133.6426747, 'last_seen': 1778946133.6436522, 'seen_count': 2, 'channels': [], 'avg_rssi': None}, '23:cb:7a:68:4d:14': {'first_seen': 1778946133.958858, 'last_seen': 1778946133.959783, 'seen_count': 2, 'channels': [], 'avg_rssi': None}, 'fd:b2:74:34:5c:67': {'first_seen': 1778946134.270936, 'last_seen': 1778946134.2717993, 'seen_count': 2, 'channels': [], 'avg_rssi': None}, 'e5:44:c8:f4:e8:c6': {'first_seen': 1778946134.5835078, 'last_seen': 1778946134.5845666, 'seen_count': 2, 'channels': [], 'avg_rssi': None}, '80:d9:01:9c:18:c4': {'first_seen': 1778946134.9040868, 'last_seen': 1778946134.905209, 'seen_count': 2, 'channels': [], 'avg_rssi': None}, '00:79:dd:6a:62:ed': {'first_seen': 1778946135.2169461, 'last_seen': 1778946135.2178488, 'seen_count': 2, 'channels': [], 'avg_rssi': None}, 'fa:00:eb:d1:a3:01': {'first_seen': 1778946135.5270853, 'last_seen': 1778946135.5279918, 'seen_count': 2, 'channels': [], 'avg_rssi': None}, '03:5b:f2:6c:6c:5b': {'first_seen': 1778946135.838699, 'last_seen': 1778946135.83964, 'seen_count': 2, 'channels': [], 'avg_rssi': None}, 'ca:71:17:9f:13:10': {'first_seen': 1778946136.1513646, 'last_seen': 1778946136.1522784, 'seen_count': 2, 'channels': [], 'avg_rssi': None}, '53:1d:5d:f4:ba:9e': {'first_seen': 1778946136.4706662, 'last_seen': 1778946136.4716616, 'seen_count': 2, 'channels': [], 'avg_rssi': None}, 'dd:77:94:b5:e1:79': {'first_seen': 1778946136.7828584, 'last_seen': 1778946136.7836792, 'seen_count': 2, 'channels': [], 'avg_rssi': None}, '64:c0:95:34:2d:94': {'first_seen': 1778946137.0923982, 'last_seen': 1778946137.0934675, 'seen_count': 2, 'channels': [], 'avg_rssi': None}, '74:d1:7e:de:6f:ac': {'first_seen': 1778946137.397451, 'last_seen': 1778946137.3984618, 'seen_count': 2, 'channels': [], 'avg_rssi': None}, '92:57:0d:76:31:97': {'first_seen': 1778946138.0172997, 'last_seen': 1778946138.0172997, 'seen_count': 1, 'channels': [], 'avg_rssi': None}}}
!!!!!!!!!!!!!!!!!!!!!!!!!!!!!!!!!!!!!!!!!!!!!!!!!!!!!!!!!!!!!!!!!!!!!!!!!!!!!!!!


!!!!!!!!!!!!!!!!!!!!!!!!!!!!!!!!!!!!!!!!!!!!!!!!!!!!!!!!!!!!!!!!!!!!!!!!!!!!!!!!
[ALERT] ALERT-000058 | POTENTIAL_EVIL_TWIN
severity: LOW
time: 2026-05-16T15:42:18.028005
message: Wykryto potencjalny Evil Twin / Rogue AP dla SSID 'TestNet_022'. Zaobserwowano 98 różnych BSSID oraz podejrzane różnice parametrów sieci.
evidence: {'ssid': 'TestNet_022', 'bssid_count': 98, 'bssids': ['6f:e6:9c:4e:1e:a5', '29:5f:8b:c6:e7:25', 'a8:dc:e8:7f:84:3f', '29:5d:3c:55:b4:c7', 'a4:ec:bd:92:2e:6d', '32:0e:4a:6c:b6:68', 'fe:84:91:ed:4c:9d', '03:54:1b:86:33:6c', '22:55:cd:5a:f4:80', '06:a9:0d:5c:60:53', '87:b6:aa:6d:47:39', '30:9f:45:08:4d:33', '18:85:dd:0b:4e:80', '50:51:48:a7:6a:88', '2e:fa:21:15:0e:6e', 'c9:7e:8f:dc:35:8d', 'ce:9a:7c:7d:70:31', '2d:e9:5d:57:d2:24', '3a:41:dd:06:c7:24', '5e:94:e2:e6:48:30', '03:cc:b2:88:4e:a6', '06:be:6b:92:e7:60', 'b3:71:47:e6:6d:3c', '32:1a:1a:71:fb:49', 'cb:7a:21:4d:d0:ac', '26:ea:bf:f3:af:5e', 'c6:de:0a:52:01:28', 'ad:ae:c0:bd:7c:c6', '2c:6e:43:94:2b:2c', '63:f4:fb:a4:1f:b0', '6c:7e:94:f2:09:11', '3c:00:d3:b5:04:a8', '20:91:d4:d2:96:84', 'ff:a4:73:05:21:86', '66:6b:e7:e8:d1:ea', 'aa:75:68:c2:62:32', '19:52:b3:16:1d:8c', '64:b8:de:42:f9:ee', 'bd:b8:89:84:e3:11', 'd1:56:37:1e:32:1a', 'ce:6c:21:4b:a1:d1', '90:22:fa:7c:95:2a', 'da:cf:c1:b7:6f:24', '8d:6d:2f:6e:af:4a', 'e8:94:9e:8e:0a:e2', '44:c4:c5:bd:fe:9b', 'c4:21:b0:c4:4d:ba', '61:eb:f3:3d:b5:34', '92:0e:48:cc:ce:7d', 'e2:a7:4c:14:b0:fd', '7b:a2:62:6e:7a:75', '1d:c0:e1:10:de:8b', '61:ef:f2:29:74:e4', '76:d3:e5:f8:ba:5a', '5b:56:9c:2b:52:7f', 'e8:a1:8a:a2:9a:88', 'a3:70:bd:d4:30:55', '50:6f:4a:43:75:b0', '26:52:2a:5b:85:ca', '6e:3e:f9:17:7b:b8', 'f9:e7:8f:a9:67:1e', '67:49:fc:24:7c:d3', '1a:fe:93:66:35:e7', 'c4:47:a5:17:ab:ac', '4e:99:42:63:08:1a', '4b:16:01:42:84:ce', '35:81:70:17:8f:d7', '33:aa:f6:c8:72:d2', '69:b4:44:1c:92:36', '48:d0:9e:c9:f2:66', '26:6f:44:a0:38:de', '08:db:7c:4d:4b:52', '67:58:af:ff:3a:8a', '93:4e:77:a3:86:0e', 'c3:40:9a:bd:80:a2', '2c:f7:8e:2b:ad:a5', '86:6f:24:8c:e3:9c', '29:cf:fb:48:f8:83', '3f:83:76:de:e6:5d', '5a:1b:92:9d:0d:30', '59:8a:23:6b:c3:9b', '8d:53:e5:d7:6a:07', '16:1c:78:12:04:77', '60:e5:eb:85:ad:fb', '60:e5:a4:64:05:3d', '48:29:7a:d2:dc:02', '47:4e:fc:53:41:21', '9a:11:aa:4b:52:69', 'f6:e6:6a:96:a6:05', 'cd:7b:fb:5a:c0:ad', '55:5a:c5:a4:b7:2f', '59:88:93:a2:89:ca', '60:fd:f8:47:ce:1b', 'bf:96:c7:3b:97:c2', 'c9:1e:5a:93:88:a0', 'b2:16:de:b4:f9:81', 'ef:ff:3a:06:38:4c', '63:e1:bc:9d:b6:dc'], 'triggered_reasons': ['same_ssid_multiple_bssid'], 'observations': {'6f:e6:9c:4e:1e:a5': {'first_seen': 1778946107.453928, 'last_seen': 1778946107.4550366, 'seen_count': 2, 'channels': [], 'avg_rssi': None}, '29:5f:8b:c6:e7:25': {'first_seen': 1778946107.7632897, 'last_seen': 1778946107.764433, 'seen_count': 2, 'channels': [], 'avg_rssi': None}, 'a8:dc:e8:7f:84:3f': {'first_seen': 1778946108.0751357, 'last_seen': 1778946108.076076, 'seen_count': 2, 'channels': [], 'avg_rssi': None}, '29:5d:3c:55:b4:c7': {'first_seen': 1778946108.386994, 'last_seen': 1778946108.388209, 'seen_count': 2, 'channels': [], 'avg_rssi': None}, 'a4:ec:bd:92:2e:6d': {'first_seen': 1778946108.6975298, 'last_seen': 1778946108.6984751, 'seen_count': 2, 'channels': [], 'avg_rssi': None}, '32:0e:4a:6c:b6:68': {'first_seen': 1778946109.0052176, 'last_seen': 1778946109.0063775, 'seen_count': 2, 'channels': [], 'avg_rssi': None}, 'fe:84:91:ed:4c:9d': {'first_seen': 1778946109.3142803, 'last_seen': 1778946109.315131, 'seen_count': 2, 'channels': [], 'avg_rssi': None}, '03:54:1b:86:33:6c': {'first_seen': 1778946109.626062, 'last_seen': 1778946109.6271532, 'seen_count': 2, 'channels': [], 'avg_rssi': None}, '22:55:cd:5a:f4:80': {'first_seen': 1778946109.9336162, 'last_seen': 1778946109.93454, 'seen_count': 2, 'channels': [], 'avg_rssi': None}, '06:a9:0d:5c:60:53': {'first_seen': 1778946110.2402325, 'last_seen': 1778946110.241434, 'seen_count': 2, 'channels': [], 'avg_rssi': None}, '87:b6:aa:6d:47:39': {'first_seen': 1778946110.5523736, 'last_seen': 1778946110.553499, 'seen_count': 2, 'channels': [], 'avg_rssi': None}, '30:9f:45:08:4d:33': {'first_seen': 1778946110.8615057, 'last_seen': 1778946110.8627183, 'seen_count': 2, 'channels': [], 'avg_rssi': None}, '18:85:dd:0b:4e:80': {'first_seen': 1778946111.1717002, 'last_seen': 1778946111.1728523, 'seen_count': 2, 'channels': [], 'avg_rssi': None}, '50:51:48:a7:6a:88': {'first_seen': 1778946111.4817312, 'last_seen': 1778946111.4827511, 'seen_count': 2, 'channels': [], 'avg_rssi': None}, '2e:fa:21:15:0e:6e': {'first_seen': 1778946111.790568, 'last_seen': 1778946111.7913847, 'seen_count': 2, 'channels': [], 'avg_rssi': None}, 'c9:7e:8f:dc:35:8d': {'first_seen': 1778946112.096503, 'last_seen': 1778946112.0976565, 'seen_count': 2, 'channels': [], 'avg_rssi': None}, 'ce:9a:7c:7d:70:31': {'first_seen': 1778946112.409228, 'last_seen': 1778946112.4101727, 'seen_count': 2, 'channels': [], 'avg_rssi': None}, '2d:e9:5d:57:d2:24': {'first_seen': 1778946112.720007, 'last_seen': 1778946112.7209313, 'seen_count': 2, 'channels': [], 'avg_rssi': None}, '3a:41:dd:06:c7:24': {'first_seen': 1778946113.0363407, 'last_seen': 1778946113.0374608, 'seen_count': 2, 'channels': [], 'avg_rssi': None}, '5e:94:e2:e6:48:30': {'first_seen': 1778946113.3461604, 'last_seen': 1778946113.34709, 'seen_count': 2, 'channels': [], 'avg_rssi': None}, '03:cc:b2:88:4e:a6': {'first_seen': 1778946113.6631699, 'last_seen': 1778946113.6642396, 'seen_count': 2, 'channels': [], 'avg_rssi': None}, '06:be:6b:92:e7:60': {'first_seen': 1778946113.9727328, 'last_seen': 1778946113.973748, 'seen_count': 2, 'channels': [], 'avg_rssi': None}, 'b3:71:47:e6:6d:3c': {'first_seen': 1778946114.2810917, 'last_seen': 1778946114.2822657, 'seen_count': 2, 'channels': [], 'avg_rssi': None}, '32:1a:1a:71:fb:49': {'first_seen': 1778946114.590438, 'last_seen': 1778946114.5915468, 'seen_count': 2, 'channels': [], 'avg_rssi': None}, 'cb:7a:21:4d:d0:ac': {'first_seen': 1778946114.8982418, 'last_seen': 1778946114.8993027, 'seen_count': 2, 'channels': [], 'avg_rssi': None}, '26:ea:bf:f3:af:5e': {'first_seen': 1778946115.2122889, 'last_seen': 1778946115.2134404, 'seen_count': 2, 'channels': [], 'avg_rssi': None}, 'c6:de:0a:52:01:28': {'first_seen': 1778946115.5254056, 'last_seen': 1778946115.5265863, 'seen_count': 2, 'channels': [], 'avg_rssi': None}, 'ad:ae:c0:bd:7c:c6': {'first_seen': 1778946115.831742, 'last_seen': 1778946115.8325942, 'seen_count': 2, 'channels': [], 'avg_rssi': None}, '2c:6e:43:94:2b:2c': {'first_seen': 1778946116.141418, 'last_seen': 1778946116.1426542, 'seen_count': 2, 'channels': [], 'avg_rssi': None}, '63:f4:fb:a4:1f:b0': {'first_seen': 1778946116.4479525, 'last_seen': 1778946116.4490016, 'seen_count': 2, 'channels': [], 'avg_rssi': None}, '6c:7e:94:f2:09:11': {'first_seen': 1778946116.7609687, 'last_seen': 1778946116.7620225, 'seen_count': 2, 'channels': [], 'avg_rssi': None}, '3c:00:d3:b5:04:a8': {'first_seen': 1778946117.0736847, 'last_seen': 1778946117.074667, 'seen_count': 2, 'channels': [], 'avg_rssi': None}, '20:91:d4:d2:96:84': {'first_seen': 1778946117.3825853, 'last_seen': 1778946117.3835588, 'seen_count': 2, 'channels': [], 'avg_rssi': None}, 'ff:a4:73:05:21:86': {'first_seen': 1778946117.695345, 'last_seen': 1778946117.6963222, 'seen_count': 2, 'channels': [], 'avg_rssi': None}, '66:6b:e7:e8:d1:ea': {'first_seen': 1778946118.007133, 'last_seen': 1778946118.0080824, 'seen_count': 2, 'channels': [], 'avg_rssi': None}, 'aa:75:68:c2:62:32': {'first_seen': 1778946118.3194745, 'last_seen': 1778946118.320605, 'seen_count': 2, 'channels': [], 'avg_rssi': None}, '19:52:b3:16:1d:8c': {'first_seen': 1778946118.6283898, 'last_seen': 1778946118.6293647, 'seen_count': 2, 'channels': [], 'avg_rssi': None}, '64:b8:de:42:f9:ee': {'first_seen': 1778946118.9429033, 'last_seen': 1778946118.944014, 'seen_count': 2, 'channels': [], 'avg_rssi': None}, 'bd:b8:89:84:e3:11': {'first_seen': 1778946119.2594898, 'last_seen': 1778946119.2606633, 'seen_count': 2, 'channels': [], 'avg_rssi': None}, 'd1:56:37:1e:32:1a': {'first_seen': 1778946119.5675764, 'last_seen': 1778946119.5686705, 'seen_count': 2, 'channels': [], 'avg_rssi': None}, 'ce:6c:21:4b:a1:d1': {'first_seen': 1778946119.877957, 'last_seen': 1778946119.8790624, 'seen_count': 2, 'channels': [], 'avg_rssi': None}, '90:22:fa:7c:95:2a': {'first_seen': 1778946120.187654, 'last_seen': 1778946120.188703, 'seen_count': 2, 'channels': [], 'avg_rssi': None}, 'da:cf:c1:b7:6f:24': {'first_seen': 1778946120.4971974, 'last_seen': 1778946120.4982345, 'seen_count': 2, 'channels': [], 'avg_rssi': None}, '8d:6d:2f:6e:af:4a': {'first_seen': 1778946120.8116527, 'last_seen': 1778946120.8126082, 'seen_count': 2, 'channels': [], 'avg_rssi': None}, 'e8:94:9e:8e:0a:e2': {'first_seen': 1778946121.127371, 'last_seen': 1778946121.1285012, 'seen_count': 2, 'channels': [], 'avg_rssi': None}, '44:c4:c5:bd:fe:9b': {'first_seen': 1778946121.4377189, 'last_seen': 1778946121.4408865, 'seen_count': 2, 'channels': [], 'avg_rssi': None}, 'c4:21:b0:c4:4d:ba': {'first_seen': 1778946121.75182, 'last_seen': 1778946121.752901, 'seen_count': 2, 'channels': [], 'avg_rssi': None}, '61:eb:f3:3d:b5:34': {'first_seen': 1778946122.0635312, 'last_seen': 1778946122.0646675, 'seen_count': 2, 'channels': [], 'avg_rssi': None}, '92:0e:48:cc:ce:7d': {'first_seen': 1778946122.3767025, 'last_seen': 1778946122.3775578, 'seen_count': 2, 'channels': [], 'avg_rssi': None}, 'e2:a7:4c:14:b0:fd': {'first_seen': 1778946122.688023, 'last_seen': 1778946122.6889498, 'seen_count': 2, 'channels': [], 'avg_rssi': None}, '7b:a2:62:6e:7a:75': {'first_seen': 1778946123.0090327, 'last_seen': 1778946123.0099704, 'seen_count': 2, 'channels': [], 'avg_rssi': None}, '1d:c0:e1:10:de:8b': {'first_seen': 1778946123.3247871, 'last_seen': 1778946123.3256056, 'seen_count': 2, 'channels': [], 'avg_rssi': None}, '61:ef:f2:29:74:e4': {'first_seen': 1778946123.641179, 'last_seen': 1778946123.6421318, 'seen_count': 2, 'channels': [], 'avg_rssi': None}, '76:d3:e5:f8:ba:5a': {'first_seen': 1778946123.9516907, 'last_seen': 1778946123.9526398, 'seen_count': 2, 'channels': [], 'avg_rssi': None}, '5b:56:9c:2b:52:7f': {'first_seen': 1778946124.265716, 'last_seen': 1778946124.266531, 'seen_count': 2, 'channels': [], 'avg_rssi': None}, 'e8:a1:8a:a2:9a:88': {'first_seen': 1778946124.5809934, 'last_seen': 1778946124.5821724, 'seen_count': 2, 'channels': [], 'avg_rssi': None}, 'a3:70:bd:d4:30:55': {'first_seen': 1778946124.891688, 'last_seen': 1778946124.892823, 'seen_count': 2, 'channels': [], 'avg_rssi': None}, '50:6f:4a:43:75:b0': {'first_seen': 1778946125.2061121, 'last_seen': 1778946125.20734, 'seen_count': 2, 'channels': [], 'avg_rssi': None}, '26:52:2a:5b:85:ca': {'first_seen': 1778946125.520767, 'last_seen': 1778946125.5217195, 'seen_count': 2, 'channels': [], 'avg_rssi': None}, '6e:3e:f9:17:7b:b8': {'first_seen': 1778946125.8315794, 'last_seen': 1778946125.8324895, 'seen_count': 2, 'channels': [], 'avg_rssi': None}, 'f9:e7:8f:a9:67:1e': {'first_seen': 1778946126.1452174, 'last_seen': 1778946126.1462562, 'seen_count': 2, 'channels': [], 'avg_rssi': None}, '67:49:fc:24:7c:d3': {'first_seen': 1778946126.4586105, 'last_seen': 1778946126.4600203, 'seen_count': 2, 'channels': [], 'avg_rssi': None}, '1a:fe:93:66:35:e7': {'first_seen': 1778946126.7749615, 'last_seen': 1778946126.7761645, 'seen_count': 2, 'channels': [], 'avg_rssi': None}, 'c4:47:a5:17:ab:ac': {'first_seen': 1778946127.0917015, 'last_seen': 1778946127.0926783, 'seen_count': 2, 'channels': [], 'avg_rssi': None}, '4e:99:42:63:08:1a': {'first_seen': 1778946127.4046352, 'last_seen': 1778946127.4055681, 'seen_count': 2, 'channels': [], 'avg_rssi': None}, '4b:16:01:42:84:ce': {'first_seen': 1778946127.7164114, 'last_seen': 1778946127.7173448, 'seen_count': 2, 'channels': [], 'avg_rssi': None}, '35:81:70:17:8f:d7': {'first_seen': 1778946128.0257962, 'last_seen': 1778946128.0269854, 'seen_count': 2, 'channels': [], 'avg_rssi': None}, '33:aa:f6:c8:72:d2': {'first_seen': 1778946128.3427806, 'last_seen': 1778946128.3438687, 'seen_count': 2, 'channels': [], 'avg_rssi': None}, '69:b4:44:1c:92:36': {'first_seen': 1778946128.65122, 'last_seen': 1778946128.652258, 'seen_count': 2, 'channels': [], 'avg_rssi': None}, '48:d0:9e:c9:f2:66': {'first_seen': 1778946128.9648368, 'last_seen': 1778946128.9659019, 'seen_count': 2, 'channels': [], 'avg_rssi': None}, '26:6f:44:a0:38:de': {'first_seen': 1778946129.2736468, 'last_seen': 1778946129.274541, 'seen_count': 2, 'channels': [], 'avg_rssi': None}, '08:db:7c:4d:4b:52': {'first_seen': 1778946129.5879428, 'last_seen': 1778946129.5888095, 'seen_count': 2, 'channels': [], 'avg_rssi': None}, '67:58:af:ff:3a:8a': {'first_seen': 1778946129.8979094, 'last_seen': 1778946129.8988218, 'seen_count': 2, 'channels': [], 'avg_rssi': None}, '93:4e:77:a3:86:0e': {'first_seen': 1778946130.220783, 'last_seen': 1778946130.2217147, 'seen_count': 2, 'channels': [], 'avg_rssi': None}, 'c3:40:9a:bd:80:a2': {'first_seen': 1778946130.533953, 'last_seen': 1778946130.5351148, 'seen_count': 2, 'channels': [], 'avg_rssi': None}, '2c:f7:8e:2b:ad:a5': {'first_seen': 1778946130.8468306, 'last_seen': 1778946130.8477464, 'seen_count': 2, 'channels': [], 'avg_rssi': None}, '86:6f:24:8c:e3:9c': {'first_seen': 1778946131.1564116, 'last_seen': 1778946131.1575136, 'seen_count': 2, 'channels': [], 'avg_rssi': None}, '29:cf:fb:48:f8:83': {'first_seen': 1778946131.4703796, 'last_seen': 1778946131.4725263, 'seen_count': 2, 'channels': [], 'avg_rssi': None}, '3f:83:76:de:e6:5d': {'first_seen': 1778946131.7763875, 'last_seen': 1778946131.7773004, 'seen_count': 2, 'channels': [], 'avg_rssi': None}, '5a:1b:92:9d:0d:30': {'first_seen': 1778946132.085683, 'last_seen': 1778946132.0868108, 'seen_count': 2, 'channels': [], 'avg_rssi': None}, '59:8a:23:6b:c3:9b': {'first_seen': 1778946132.4050312, 'last_seen': 1778946132.405953, 'seen_count': 2, 'channels': [], 'avg_rssi': None}, '8d:53:e5:d7:6a:07': {'first_seen': 1778946132.7148843, 'last_seen': 1778946132.716095, 'seen_count': 2, 'channels': [], 'avg_rssi': None}, '16:1c:78:12:04:77': {'first_seen': 1778946133.0256429, 'last_seen': 1778946133.0267494, 'seen_count': 2, 'channels': [], 'avg_rssi': None}, '60:e5:eb:85:ad:fb': {'first_seen': 1778946133.3358305, 'last_seen': 1778946133.3368847, 'seen_count': 2, 'channels': [], 'avg_rssi': None}, '60:e5:a4:64:05:3d': {'first_seen': 1778946133.6528337, 'last_seen': 1778946133.6538978, 'seen_count': 2, 'channels': [], 'avg_rssi': None}, '48:29:7a:d2:dc:02': {'first_seen': 1778946133.9689503, 'last_seen': 1778946133.9697835, 'seen_count': 2, 'channels': [], 'avg_rssi': None}, '47:4e:fc:53:41:21': {'first_seen': 1778946134.2810473, 'last_seen': 1778946134.2819278, 'seen_count': 2, 'channels': [], 'avg_rssi': None}, '9a:11:aa:4b:52:69': {'first_seen': 1778946134.593615, 'last_seen': 1778946134.594448, 'seen_count': 2, 'channels': [], 'avg_rssi': None}, 'f6:e6:6a:96:a6:05': {'first_seen': 1778946134.91466, 'last_seen': 1778946134.915707, 'seen_count': 2, 'channels': [], 'avg_rssi': None}, 'cd:7b:fb:5a:c0:ad': {'first_seen': 1778946135.22704, 'last_seen': 1778946135.2279727, 'seen_count': 2, 'channels': [], 'avg_rssi': None}, '55:5a:c5:a4:b7:2f': {'first_seen': 1778946135.537192, 'last_seen': 1778946135.538241, 'seen_count': 2, 'channels': [], 'avg_rssi': None}, '59:88:93:a2:89:ca': {'first_seen': 1778946135.849735, 'last_seen': 1778946135.850886, 'seen_count': 2, 'channels': [], 'avg_rssi': None}, '60:fd:f8:47:ce:1b': {'first_seen': 1778946136.1614907, 'last_seen': 1778946136.1624053, 'seen_count': 2, 'channels': [], 'avg_rssi': None}, 'bf:96:c7:3b:97:c2': {'first_seen': 1778946136.480848, 'last_seen': 1778946136.4817922, 'seen_count': 2, 'channels': [], 'avg_rssi': None}, 'c9:1e:5a:93:88:a0': {'first_seen': 1778946136.792956, 'last_seen': 1778946136.7940562, 'seen_count': 2, 'channels': [], 'avg_rssi': None}, 'b2:16:de:b4:f9:81': {'first_seen': 1778946137.102507, 'last_seen': 1778946137.1040869, 'seen_count': 2, 'channels': [], 'avg_rssi': None}, 'ef:ff:3a:06:38:4c': {'first_seen': 1778946137.407543, 'last_seen': 1778946137.408711, 'seen_count': 2, 'channels': [], 'avg_rssi': None}, '63:e1:bc:9d:b6:dc': {'first_seen': 1778946138.0280051, 'last_seen': 1778946138.0280051, 'seen_count': 1, 'channels': [], 'avg_rssi': None}}}
!!!!!!!!!!!!!!!!!!!!!!!!!!!!!!!!!!!!!!!!!!!!!!!!!!!!!!!!!!!!!!!!!!!!!!!!!!!!!!!!


!!!!!!!!!!!!!!!!!!!!!!!!!!!!!!!!!!!!!!!!!!!!!!!!!!!!!!!!!!!!!!!!!!!!!!!!!!!!!!!!
[ALERT] ALERT-000059 | POTENTIAL_EVIL_TWIN
severity: LOW
time: 2026-05-16T15:42:18.048154
message: Wykryto potencjalny Evil Twin / Rogue AP dla SSID 'TestNet_024'. Zaobserwowano 99 różnych BSSID oraz podejrzane różnice parametrów sieci.
evidence: {'ssid': 'TestNet_024', 'bssid_count': 99, 'bssids': ['6d:ab:2c:00:13:55', '90:39:46:13:3d:09', '69:0c:1f:3d:d4:ad', '61:01:7f:d5:f5:72', 'b2:57:b3:48:88:4b', 'af:c8:d0:cc:8b:1b', '93:10:47:6d:16:12', 'f2:8d:68:7f:0a:ba', '05:51:c9:9e:b4:2a', 'ce:f7:95:87:ee:6b', 'ec:40:d2:b6:d3:4b', 'aa:6a:96:05:49:57', '83:40:fc:74:31:6a', '08:27:73:e1:ed:53', '78:a4:48:84:d6:4f', '1c:93:ec:ff:eb:be', 'a6:f5:b6:7c:68:51', '0d:76:38:51:98:fe', '50:08:7a:ce:98:b3', 'eb:a9:37:b0:86:4c', '16:99:9e:26:40:1a', '3b:5b:6e:25:0d:33', '64:48:8c:a6:3f:a0', 'ec:2f:6b:f8:b1:e9', '9d:a7:94:dc:c1:0c', '1e:c8:b5:06:55:42', '5a:a0:cb:16:f5:08', 'd0:8e:12:84:47:74', '6b:97:2b:8a:9a:b8', 'c9:46:6d:72:b9:d0', 'dc:66:d9:d6:5e:34', 'd6:31:be:82:1a:32', 'b6:86:6b:6d:7a:9c', '84:aa:00:df:b8:ac', '97:a1:f8:08:92:84', '9d:d4:cb:18:fb:c6', 'a0:ff:42:cb:ef:cb', '46:0c:93:48:c5:25', '12:3c:eb:71:0f:b0', 'f1:a2:d7:d1:f9:48', '83:46:0e:dc:ed:fa', '2b:f6:89:cc:24:af', '30:69:c4:15:b3:e3', 'ac:f8:ca:e6:c4:49', 'c0:16:db:2c:e5:6a', 'a6:23:42:dc:fa:e5', '7f:f3:73:25:f7:df', 'be:b0:9a:94:84:be', '23:4f:a7:3a:e8:4c', 'af:64:16:1a:37:f8', '39:be:80:03:cb:0d', '92:fc:c6:e2:40:77', 'cb:34:27:b4:e4:e0', 'bb:85:65:52:d8:c9', 'bc:69:96:06:e6:cc', 'f4:c4:9d:45:1a:fd', '7a:0f:52:c4:aa:92', 'f7:dd:86:78:86:fb', '82:df:22:ef:e4:20', '37:dc:89:05:96:8c', '89:f9:e3:c0:d8:76', 'd4:21:fb:c3:fe:8d', '0b:a0:e7:59:43:6d', 'b7:60:91:5d:22:99', '48:45:58:88:a2:17', '36:03:18:c0:2d:bc', '43:ea:be:71:eb:28', '15:a9:89:e6:53:3f', 'bd:83:42:dd:df:23', 'c9:ed:87:75:0f:ea', 'a7:7b:48:8d:8c:36', '9f:5e:93:88:f9:56', 'd4:da:6b:04:e6:7b', '98:76:79:74:b1:8a', '34:00:a9:fa:d5:ad', '96:b8:0c:77:7b:df', '11:89:f0:11:40:d9', 'b6:81:de:ae:a3:ad', '0f:b6:36:16:e2:19', '91:b4:13:3d:aa:b7', 'bd:68:9f:30:12:b9', '62:c8:9e:90:9d:03', '9f:22:46:a1:fe:8f', '61:54:04:67:d2:01', 'e6:06:0b:71:17:5d', '8b:c8:d1:fc:eb:9d', '78:41:fe:b6:3f:b0', '64:a1:fa:c2:86:3e', '62:44:72:8a:c4:4c', '86:7c:f1:f1:7d:6b', '15:d6:ea:c4:d0:ea', '0b:78:4e:d2:7b:a9', '10:af:79:dd:79:ea', '17:c5:f7:5c:18:14', '65:4a:4f:f2:27:c6', 'b2:b5:5a:c3:19:1a', '44:b4:93:1a:28:64', '2c:28:d0:94:f4:1e', 'fd:48:07:40:da:5e'], 'triggered_reasons': ['same_ssid_multiple_bssid'], 'observations': {'6d:ab:2c:00:13:55': {'first_seen': 1778946107.4741518, 'last_seen': 1778946107.475174, 'seen_count': 2, 'channels': [], 'avg_rssi': None}, '90:39:46:13:3d:09': {'first_seen': 1778946107.7835135, 'last_seen': 1778946107.784433, 'seen_count': 2, 'channels': [], 'avg_rssi': None}, '69:0c:1f:3d:d4:ad': {'first_seen': 1778946108.0953767, 'last_seen': 1778946108.0964508, 'seen_count': 2, 'channels': [], 'avg_rssi': None}, '61:01:7f:d5:f5:72': {'first_seen': 1778946108.4072278, 'last_seen': 1778946108.4080899, 'seen_count': 2, 'channels': [], 'avg_rssi': None}, 'b2:57:b3:48:88:4b': {'first_seen': 1778946108.7177396, 'last_seen': 1778946108.7185993, 'seen_count': 2, 'channels': [], 'avg_rssi': None}, 'af:c8:d0:cc:8b:1b': {'first_seen': 1778946109.0254285, 'last_seen': 1778946109.0265033, 'seen_count': 2, 'channels': [], 'avg_rssi': None}, '93:10:47:6d:16:12': {'first_seen': 1778946109.3354983, 'last_seen': 1778946109.3365242, 'seen_count': 2, 'channels': [], 'avg_rssi': None}, 'f2:8d:68:7f:0a:ba': {'first_seen': 1778946109.6462963, 'last_seen': 1778946109.6474073, 'seen_count': 2, 'channels': [], 'avg_rssi': None}, '05:51:c9:9e:b4:2a': {'first_seen': 1778946109.955386, 'last_seen': 1778946109.9562888, 'seen_count': 2, 'channels': [], 'avg_rssi': None}, 'ce:f7:95:87:ee:6b': {'first_seen': 1778946110.2604725, 'last_seen': 1778946110.2615547, 'seen_count': 2, 'channels': [], 'avg_rssi': None}, 'ec:40:d2:b6:d3:4b': {'first_seen': 1778946110.5725822, 'last_seen': 1778946110.5735784, 'seen_count': 2, 'channels': [], 'avg_rssi': None}, 'aa:6a:96:05:49:57': {'first_seen': 1778946110.8817189, 'last_seen': 1778946110.8828466, 'seen_count': 2, 'channels': [], 'avg_rssi': None}, '83:40:fc:74:31:6a': {'first_seen': 1778946111.1919546, 'last_seen': 1778946111.1931093, 'seen_count': 2, 'channels': [], 'avg_rssi': None}, '08:27:73:e1:ed:53': {'first_seen': 1778946111.5019512, 'last_seen': 1778946111.5028763, 'seen_count': 2, 'channels': [], 'avg_rssi': None}, '78:a4:48:84:d6:4f': {'first_seen': 1778946111.81105, 'last_seen': 1778946111.814512, 'seen_count': 2, 'channels': [], 'avg_rssi': None}, '1c:93:ec:ff:eb:be': {'first_seen': 1778946112.116776, 'last_seen': 1778946112.1176517, 'seen_count': 2, 'channels': [], 'avg_rssi': None}, 'a6:f5:b6:7c:68:51': {'first_seen': 1778946112.429441, 'last_seen': 1778946112.4305408, 'seen_count': 2, 'channels': [], 'avg_rssi': None}, '0d:76:38:51:98:fe': {'first_seen': 1778946112.7402062, 'last_seen': 1778946112.7410583, 'seen_count': 2, 'channels': [], 'avg_rssi': None}, '50:08:7a:ce:98:b3': {'first_seen': 1778946113.0567784, 'last_seen': 1778946113.0576997, 'seen_count': 2, 'channels': [], 'avg_rssi': None}, 'eb:a9:37:b0:86:4c': {'first_seen': 1778946113.3663733, 'last_seen': 1778946113.3673434, 'seen_count': 2, 'channels': [], 'avg_rssi': None}, '16:99:9e:26:40:1a': {'first_seen': 1778946113.683386, 'last_seen': 1778946113.6846163, 'seen_count': 2, 'channels': [], 'avg_rssi': None}, '3b:5b:6e:25:0d:33': {'first_seen': 1778946113.9951916, 'last_seen': 1778946113.9962516, 'seen_count': 2, 'channels': [], 'avg_rssi': None}, '64:48:8c:a6:3f:a0': {'first_seen': 1778946114.3013127, 'last_seen': 1778946114.3025153, 'seen_count': 2, 'channels': [], 'avg_rssi': None}, 'ec:2f:6b:f8:b1:e9': {'first_seen': 1778946114.610949, 'last_seen': 1778946114.6121595, 'seen_count': 2, 'channels': [], 'avg_rssi': None}, '9d:a7:94:dc:c1:0c': {'first_seen': 1778946114.9185052, 'last_seen': 1778946114.9195552, 'seen_count': 2, 'channels': [], 'avg_rssi': None}, '1e:c8:b5:06:55:42': {'first_seen': 1778946115.2386758, 'last_seen': 1778946115.2398129, 'seen_count': 2, 'channels': [], 'avg_rssi': None}, '5a:a0:cb:16:f5:08': {'first_seen': 1778946115.5456424, 'last_seen': 1778946115.5467157, 'seen_count': 2, 'channels': [], 'avg_rssi': None}, 'd0:8e:12:84:47:74': {'first_seen': 1778946115.8519413, 'last_seen': 1778946115.8530953, 'seen_count': 2, 'channels': [], 'avg_rssi': None}, '6b:97:2b:8a:9a:b8': {'first_seen': 1778946116.1616492, 'last_seen': 1778946116.1624985, 'seen_count': 2, 'channels': [], 'avg_rssi': None}, 'c9:46:6d:72:b9:d0': {'first_seen': 1778946116.470664, 'last_seen': 1778946116.4718785, 'seen_count': 2, 'channels': [], 'avg_rssi': None}, 'dc:66:d9:d6:5e:34': {'first_seen': 1778946116.7812288, 'last_seen': 1778946116.7821507, 'seen_count': 2, 'channels': [], 'avg_rssi': None}, 'd6:31:be:82:1a:32': {'first_seen': 1778946117.0938997, 'last_seen': 1778946117.0949087, 'seen_count': 2, 'channels': [], 'avg_rssi': None}, 'b6:86:6b:6d:7a:9c': {'first_seen': 1778946117.4028115, 'last_seen': 1778946117.4038076, 'seen_count': 2, 'channels': [], 'avg_rssi': None}, '84:aa:00:df:b8:ac': {'first_seen': 1778946117.718657, 'last_seen': 1778946117.7198174, 'seen_count': 2, 'channels': [], 'avg_rssi': None}, '97:a1:f8:08:92:84': {'first_seen': 1778946118.0293622, 'last_seen': 1778946118.030209, 'seen_count': 2, 'channels': [], 'avg_rssi': None}, '9d:d4:cb:18:fb:c6': {'first_seen': 1778946118.3397593, 'last_seen': 1778946118.3407376, 'seen_count': 2, 'channels': [], 'avg_rssi': None}, 'a0:ff:42:cb:ef:cb': {'first_seen': 1778946118.6539288, 'last_seen': 1778946118.6548686, 'seen_count': 2, 'channels': [], 'avg_rssi': None}, '46:0c:93:48:c5:25': {'first_seen': 1778946118.9631019, 'last_seen': 1778946118.964389, 'seen_count': 2, 'channels': [], 'avg_rssi': None}, '12:3c:eb:71:0f:b0': {'first_seen': 1778946119.279681, 'last_seen': 1778946119.2808967, 'seen_count': 2, 'channels': [], 'avg_rssi': None}, 'f1:a2:d7:d1:f9:48': {'first_seen': 1778946119.5878115, 'last_seen': 1778946119.589046, 'seen_count': 2, 'channels': [], 'avg_rssi': None}, '83:46:0e:dc:ed:fa': {'first_seen': 1778946119.8982148, 'last_seen': 1778946119.8994355, 'seen_count': 2, 'channels': [], 'avg_rssi': None}, '2b:f6:89:cc:24:af': {'first_seen': 1778946120.2078998, 'last_seen': 1778946120.2114444, 'seen_count': 2, 'channels': [], 'avg_rssi': None}, '30:69:c4:15:b3:e3': {'first_seen': 1778946120.5198238, 'last_seen': 1778946120.5210872, 'seen_count': 2, 'channels': [], 'avg_rssi': None}, 'ac:f8:ca:e6:c4:49': {'first_seen': 1778946120.8327885, 'last_seen': 1778946120.833983, 'seen_count': 2, 'channels': [], 'avg_rssi': None}, 'c0:16:db:2c:e5:6a': {'first_seen': 1778946121.1477242, 'last_seen': 1778946121.1487443, 'seen_count': 2, 'channels': [], 'avg_rssi': None}, 'a6:23:42:dc:fa:e5': {'first_seen': 1778946121.4579594, 'last_seen': 1778946121.459136, 'seen_count': 2, 'channels': [], 'avg_rssi': None}, '7f:f3:73:25:f7:df': {'first_seen': 1778946121.7720284, 'last_seen': 1778946121.7729027, 'seen_count': 2, 'channels': [], 'avg_rssi': None}, 'be:b0:9a:94:84:be': {'first_seen': 1778946122.083759, 'last_seen': 1778946122.0846703, 'seen_count': 2, 'channels': [], 'avg_rssi': None}, '23:4f:a7:3a:e8:4c': {'first_seen': 1778946122.396957, 'last_seen': 1778946122.39807, 'seen_count': 2, 'channels': [], 'avg_rssi': None}, 'af:64:16:1a:37:f8': {'first_seen': 1778946122.7090783, 'last_seen': 1778946122.7102156, 'seen_count': 2, 'channels': [], 'avg_rssi': None}, '39:be:80:03:cb:0d': {'first_seen': 1778946123.0292587, 'last_seen': 1778946123.030222, 'seen_count': 2, 'channels': [], 'avg_rssi': None}, '92:fc:c6:e2:40:77': {'first_seen': 1778946123.3450534, 'last_seen': 1778946123.3459938, 'seen_count': 2, 'channels': [], 'avg_rssi': None}, 'cb:34:27:b4:e4:e0': {'first_seen': 1778946123.6614044, 'last_seen': 1778946123.6626773, 'seen_count': 2, 'channels': [], 'avg_rssi': None}, 'bb:85:65:52:d8:c9': {'first_seen': 1778946123.9719017, 'last_seen': 1778946123.9727774, 'seen_count': 2, 'channels': [], 'avg_rssi': None}, 'bc:69:96:06:e6:cc': {'first_seen': 1778946124.2859242, 'last_seen': 1778946124.287032, 'seen_count': 2, 'channels': [], 'avg_rssi': None}, 'f4:c4:9d:45:1a:fd': {'first_seen': 1778946124.601268, 'last_seen': 1778946124.6024318, 'seen_count': 2, 'channels': [], 'avg_rssi': None}, '7a:0f:52:c4:aa:92': {'first_seen': 1778946124.9138768, 'last_seen': 1778946124.9149432, 'seen_count': 2, 'channels': [], 'avg_rssi': None}, 'f7:dd:86:78:86:fb': {'first_seen': 1778946125.22636, 'last_seen': 1778946125.2293303, 'seen_count': 2, 'channels': [], 'avg_rssi': None}, '82:df:22:ef:e4:20': {'first_seen': 1778946125.5423887, 'last_seen': 1778946125.5435998, 'seen_count': 2, 'channels': [], 'avg_rssi': None}, '37:dc:89:05:96:8c': {'first_seen': 1778946125.8517694, 'last_seen': 1778946125.8528636, 'seen_count': 2, 'channels': [], 'avg_rssi': None}, '89:f9:e3:c0:d8:76': {'first_seen': 1778946126.1654043, 'last_seen': 1778946126.1662548, 'seen_count': 2, 'channels': [], 'avg_rssi': None}, 'd4:21:fb:c3:fe:8d': {'first_seen': 1778946126.4788394, 'last_seen': 1778946126.4800212, 'seen_count': 2, 'channels': [], 'avg_rssi': None}, '0b:a0:e7:59:43:6d': {'first_seen': 1778946126.7986698, 'last_seen': 1778946126.799786, 'seen_count': 2, 'channels': [], 'avg_rssi': None}, 'b7:60:91:5d:22:99': {'first_seen': 1778946127.1119087, 'last_seen': 1778946127.1130548, 'seen_count': 2, 'channels': [], 'avg_rssi': None}, '48:45:58:88:a2:17': {'first_seen': 1778946127.4248683, 'last_seen': 1778946127.4257052, 'seen_count': 2, 'channels': [], 'avg_rssi': None}, '36:03:18:c0:2d:bc': {'first_seen': 1778946127.7366526, 'last_seen': 1778946127.7378454, 'seen_count': 2, 'channels': [], 'avg_rssi': None}, '43:ea:be:71:eb:28': {'first_seen': 1778946128.046152, 'last_seen': 1778946128.0473506, 'seen_count': 2, 'channels': [], 'avg_rssi': None}, '15:a9:89:e6:53:3f': {'first_seen': 1778946128.3639958, 'last_seen': 1778946128.365125, 'seen_count': 2, 'channels': [], 'avg_rssi': None}, 'bd:83:42:dd:df:23': {'first_seen': 1778946128.671458, 'last_seen': 1778946128.6726463, 'seen_count': 2, 'channels': [], 'avg_rssi': None}, 'c9:ed:87:75:0f:ea': {'first_seen': 1778946128.9885957, 'last_seen': 1778946128.9897778, 'seen_count': 2, 'channels': [], 'avg_rssi': None}, 'a7:7b:48:8d:8c:36': {'first_seen': 1778946129.29387, 'last_seen': 1778946129.2948122, 'seen_count': 2, 'channels': [], 'avg_rssi': None}, '9f:5e:93:88:f9:56': {'first_seen': 1778946129.6081572, 'last_seen': 1778946129.6093235, 'seen_count': 2, 'channels': [], 'avg_rssi': None}, 'd4:da:6b:04:e6:7b': {'first_seen': 1778946129.918264, 'last_seen': 1778946129.919324, 'seen_count': 2, 'channels': [], 'avg_rssi': None}, '98:76:79:74:b1:8a': {'first_seen': 1778946130.2411273, 'last_seen': 1778946130.242223, 'seen_count': 2, 'channels': [], 'avg_rssi': None}, '34:00:a9:fa:d5:ad': {'first_seen': 1778946130.5546021, 'last_seen': 1778946130.5554917, 'seen_count': 2, 'channels': [], 'avg_rssi': None}, '96:b8:0c:77:7b:df': {'first_seen': 1778946130.867017, 'last_seen': 1778946130.8678732, 'seen_count': 2, 'channels': [], 'avg_rssi': None}, '11:89:f0:11:40:d9': {'first_seen': 1778946131.176633, 'last_seen': 1778946131.1776397, 'seen_count': 2, 'channels': [], 'avg_rssi': None}, 'b6:81:de:ae:a3:ad': {'first_seen': 1778946131.490579, 'last_seen': 1778946131.4917808, 'seen_count': 2, 'channels': [], 'avg_rssi': None}, '0f:b6:36:16:e2:19': {'first_seen': 1778946131.7965899, 'last_seen': 1778946131.7977962, 'seen_count': 2, 'channels': [], 'avg_rssi': None}, '91:b4:13:3d:aa:b7': {'first_seen': 1778946132.1100202, 'last_seen': 1778946132.1110625, 'seen_count': 2, 'channels': [], 'avg_rssi': None}, 'bd:68:9f:30:12:b9': {'first_seen': 1778946132.42614, 'last_seen': 1778946132.4272046, 'seen_count': 2, 'channels': [], 'avg_rssi': None}, '62:c8:9e:90:9d:03': {'first_seen': 1778946132.7350862, 'last_seen': 1778946132.7360952, 'seen_count': 2, 'channels': [], 'avg_rssi': None}, '9f:22:46:a1:fe:8f': {'first_seen': 1778946133.0459282, 'last_seen': 1778946133.0471287, 'seen_count': 2, 'channels': [], 'avg_rssi': None}, '61:54:04:67:d2:01': {'first_seen': 1778946133.356153, 'last_seen': 1778946133.3573852, 'seen_count': 2, 'channels': [], 'avg_rssi': None}, 'e6:06:0b:71:17:5d': {'first_seen': 1778946133.673051, 'last_seen': 1778946133.674271, 'seen_count': 2, 'channels': [], 'avg_rssi': None}, '8b:c8:d1:fc:eb:9d': {'first_seen': 1778946133.9892232, 'last_seen': 1778946133.9902925, 'seen_count': 2, 'channels': [], 'avg_rssi': None}, '78:41:fe:b6:3f:b0': {'first_seen': 1778946134.3012764, 'last_seen': 1778946134.3024302, 'seen_count': 2, 'channels': [], 'avg_rssi': None}, '64:a1:fa:c2:86:3e': {'first_seen': 1778946134.6138387, 'last_seen': 1778946134.615068, 'seen_count': 2, 'channels': [], 'avg_rssi': None}, '62:44:72:8a:c4:4c': {'first_seen': 1778946134.9367592, 'last_seen': 1778946134.937959, 'seen_count': 2, 'channels': [], 'avg_rssi': None}, '86:7c:f1:f1:7d:6b': {'first_seen': 1778946135.2472556, 'last_seen': 1778946135.2483516, 'seen_count': 2, 'channels': [], 'avg_rssi': None}, '15:d6:ea:c4:d0:ea': {'first_seen': 1778946135.5574346, 'last_seen': 1778946135.5586452, 'seen_count': 2, 'channels': [], 'avg_rssi': None}, '0b:78:4e:d2:7b:a9': {'first_seen': 1778946135.870207, 'last_seen': 1778946135.871144, 'seen_count': 2, 'channels': [], 'avg_rssi': None}, '10:af:79:dd:79:ea': {'first_seen': 1778946136.18173, 'last_seen': 1778946136.18266, 'seen_count': 2, 'channels': [], 'avg_rssi': None}, '17:c5:f7:5c:18:14': {'first_seen': 1778946136.5010438, 'last_seen': 1778946136.5020432, 'seen_count': 2, 'channels': [], 'avg_rssi': None}, '65:4a:4f:f2:27:c6': {'first_seen': 1778946136.8131518, 'last_seen': 1778946136.8143084, 'seen_count': 2, 'channels': [], 'avg_rssi': None}, 'b2:b5:5a:c3:19:1a': {'first_seen': 1778946137.1226833, 'last_seen': 1778946137.1235728, 'seen_count': 2, 'channels': [], 'avg_rssi': None}, '44:b4:93:1a:28:64': {'first_seen': 1778946137.4277482, 'last_seen': 1778946137.4297135, 'seen_count': 2, 'channels': [], 'avg_rssi': None}, '2c:28:d0:94:f4:1e': {'first_seen': 1778946137.7401516, 'last_seen': 1778946137.7482283, 'seen_count': 2, 'channels': [], 'avg_rssi': None}, 'fd:48:07:40:da:5e': {'first_seen': 1778946138.048154, 'last_seen': 1778946138.048154, 'seen_count': 1, 'channels': [], 'avg_rssi': None}}}
!!!!!!!!!!!!!!!!!!!!!!!!!!!!!!!!!!!!!!!!!!!!!!!!!!!!!!!!!!!!!!!!!!!!!!!!!!!!!!!!


!!!!!!!!!!!!!!!!!!!!!!!!!!!!!!!!!!!!!!!!!!!!!!!!!!!!!!!!!!!!!!!!!!!!!!!!!!!!!!!!
[ALERT] ALERT-000060 | POTENTIAL_EVIL_TWIN
severity: LOW
time: 2026-05-16T15:42:18.068342
message: Wykryto potencjalny Evil Twin / Rogue AP dla SSID 'TestNet_026'. Zaobserwowano 99 różnych BSSID oraz podejrzane różnice parametrów sieci.
evidence: {'ssid': 'TestNet_026', 'bssid_count': 99, 'bssids': ['a3:b0:80:10:a4:08', '91:e2:29:41:40:67', 'af:92:28:a1:73:3e', 'f2:c9:34:80:83:db', 'df:eb:30:28:b6:ea', 'ce:93:c2:a2:9e:a6', 'c7:4c:cf:7f:06:a7', '18:cf:0c:af:c0:e0', 'ff:20:8f:18:f1:ef', 'd8:d2:29:08:b6:43', 'f2:51:06:0d:c8:b6', '2b:c5:69:64:77:8a', '23:64:c7:f8:04:0e', 'cc:6b:68:7a:56:19', 'ab:27:17:e8:92:2e', 'c2:bd:d8:26:86:37', 'd3:de:c5:49:e1:25', 'e3:ca:93:4e:fa:86', 'b6:97:79:a3:e1:50', '5a:b5:40:8f:c4:6d', 'c5:17:3f:f8:b4:56', '7d:63:ab:db:2a:79', 'f9:c9:1b:08:11:09', '8d:2d:07:2b:e4:02', 'ff:cf:7a:e8:cf:7c', '35:75:06:14:a2:46', 'a9:2b:11:1c:64:c8', '7f:b1:2e:9d:d6:13', 'b3:27:7a:3f:e5:d5', '12:c4:f4:3c:7f:87', '4f:a6:a1:3c:22:8d', '35:57:33:64:9d:77', '48:5d:35:21:ea:fd', 'fc:15:0c:4f:d1:6c', 'ca:07:06:be:b5:08', 'b6:74:e2:64:00:ec', '22:b8:c6:83:06:f9', 'b2:7f:c3:2f:40:ae', '6c:42:46:17:74:8a', 'bf:0c:13:52:0f:c9', '13:0f:2b:c2:fe:51', 'ea:26:ea:08:8f:d1', 'd3:0a:9b:39:a5:f6', 'da:a8:ad:17:bd:4c', '7c:de:f3:6d:51:4b', 'd1:9f:6a:3e:b7:2d', 'df:f8:db:e6:51:04', 'e0:87:08:83:dc:65', '07:61:49:87:43:fe', '1a:17:6b:b5:2d:0e', '4c:3a:c0:90:a4:47', 'ac:cd:2d:0a:d5:48', '28:e5:b2:bb:53:b7', '7c:70:8a:64:ae:8e', '02:07:63:c8:e5:0c', '87:c7:00:81:f6:08', '28:78:ee:5e:8d:83', 'd7:a0:bd:08:7a:fa', 'b2:c2:f0:d5:b5:44', 'ff:63:c4:8b:af:8c', '7b:c4:ac:9c:4b:3b', 'da:0c:73:5e:c5:be', 'f0:99:be:7e:90:3e', 'd5:2a:69:9d:60:ef', '47:1a:43:70:14:5b', 'ac:63:51:8f:60:15', 'b8:85:bf:70:8f:c7', '6b:7b:8b:96:32:66', 'a4:99:26:00:68:27', '61:7b:06:00:d9:1b', '2e:9c:7e:44:68:72', '1a:06:52:bd:ca:1d', '1d:86:2b:c3:36:5c', '64:3b:38:37:c8:19', 'ec:94:1e:38:e0:b5', '64:19:20:3b:99:d5', '58:ac:c8:ce:d5:9c', '6e:c3:98:ae:cf:0b', 'b3:4b:66:9c:f5:35', '45:73:55:f4:a7:dd', '58:b9:05:34:22:02', 'f1:f8:7d:95:9d:4d', '60:28:13:60:ee:75', '32:46:4c:05:cb:89', '54:11:a2:4c:eb:0f', 'ea:cb:04:27:2a:85', '4c:42:d3:54:fe:08', '7c:7c:b5:36:67:55', '22:ea:84:7f:af:df', '9d:16:d0:7e:ae:3d', '1a:25:6c:2f:08:cd', 'e1:c7:54:be:70:6a', '9a:3d:7a:3b:df:fa', '87:23:5b:bf:4a:fe', '6a:b2:e2:92:cf:1b', '3a:40:e1:89:8d:2f', '81:1d:6d:ef:75:a8', '10:a7:12:fa:f0:9b', 'd9:d1:25:23:66:c6'], 'triggered_reasons': ['same_ssid_multiple_bssid'], 'observations': {'a3:b0:80:10:a4:08': {'first_seen': 1778946107.4967155, 'last_seen': 1778946107.4976685, 'seen_count': 2, 'channels': [], 'avg_rssi': None}, '91:e2:29:41:40:67': {'first_seen': 1778946107.804255, 'last_seen': 1778946107.8053071, 'seen_count': 2, 'channels': [], 'avg_rssi': None}, 'af:92:28:a1:73:3e': {'first_seen': 1778946108.1168509, 'last_seen': 1778946108.1178215, 'seen_count': 2, 'channels': [], 'avg_rssi': None}, 'f2:c9:34:80:83:db': {'first_seen': 1778946108.4274645, 'last_seen': 1778946108.4283466, 'seen_count': 2, 'channels': [], 'avg_rssi': None}, 'df:eb:30:28:b6:ea': {'first_seen': 1778946108.7379332, 'last_seen': 1778946108.7391174, 'seen_count': 2, 'channels': [], 'avg_rssi': None}, 'ce:93:c2:a2:9e:a6': {'first_seen': 1778946109.0485034, 'last_seen': 1778946109.051244, 'seen_count': 2, 'channels': [], 'avg_rssi': None}, 'c7:4c:cf:7f:06:a7': {'first_seen': 1778946109.3557105, 'last_seen': 1778946109.3566315, 'seen_count': 2, 'channels': [], 'avg_rssi': None}, '18:cf:0c:af:c0:e0': {'first_seen': 1778946109.6664984, 'last_seen': 1778946109.6673992, 'seen_count': 2, 'channels': [], 'avg_rssi': None}, 'ff:20:8f:18:f1:ef': {'first_seen': 1778946109.9755359, 'last_seen': 1778946109.9765415, 'seen_count': 2, 'channels': [], 'avg_rssi': None}, 'd8:d2:29:08:b6:43': {'first_seen': 1778946110.2806902, 'last_seen': 1778946110.2816908, 'seen_count': 2, 'channels': [], 'avg_rssi': None}, 'f2:51:06:0d:c8:b6': {'first_seen': 1778946110.5927882, 'last_seen': 1778946110.5939474, 'seen_count': 2, 'channels': [], 'avg_rssi': None}, '2b:c5:69:64:77:8a': {'first_seen': 1778946110.9019396, 'last_seen': 1778946110.9029636, 'seen_count': 2, 'channels': [], 'avg_rssi': None}, '23:64:c7:f8:04:0e': {'first_seen': 1778946111.2141564, 'last_seen': 1778946111.215355, 'seen_count': 2, 'channels': [], 'avg_rssi': None}, 'cc:6b:68:7a:56:19': {'first_seen': 1778946111.522158, 'last_seen': 1778946111.522995, 'seen_count': 2, 'channels': [], 'avg_rssi': None}, 'ab:27:17:e8:92:2e': {'first_seen': 1778946111.8312395, 'last_seen': 1778946111.832137, 'seen_count': 2, 'channels': [], 'avg_rssi': None}, 'c2:bd:d8:26:86:37': {'first_seen': 1778946112.1370466, 'last_seen': 1778946112.1380355, 'seen_count': 2, 'channels': [], 'avg_rssi': None}, 'd3:de:c5:49:e1:25': {'first_seen': 1778946112.4504445, 'last_seen': 1778946112.4514177, 'seen_count': 2, 'channels': [], 'avg_rssi': None}, 'e3:ca:93:4e:fa:86': {'first_seen': 1778946112.7624793, 'last_seen': 1778946112.763696, 'seen_count': 2, 'channels': [], 'avg_rssi': None}, 'b6:97:79:a3:e1:50': {'first_seen': 1778946113.0769944, 'last_seen': 1778946113.0779524, 'seen_count': 2, 'channels': [], 'avg_rssi': None}, '5a:b5:40:8f:c4:6d': {'first_seen': 1778946113.3911014, 'last_seen': 1778946113.3919687, 'seen_count': 2, 'channels': [], 'avg_rssi': None}, 'c5:17:3f:f8:b4:56': {'first_seen': 1778946113.7036042, 'last_seen': 1778946113.7047324, 'seen_count': 2, 'channels': [], 'avg_rssi': None}, '7d:63:ab:db:2a:79': {'first_seen': 1778946114.015406, 'last_seen': 1778946114.0165024, 'seen_count': 2, 'channels': [], 'avg_rssi': None}, 'f9:c9:1b:08:11:09': {'first_seen': 1778946114.3217041, 'last_seen': 1778946114.3226805, 'seen_count': 2, 'channels': [], 'avg_rssi': None}, '8d:2d:07:2b:e4:02': {'first_seen': 1778946114.6311417, 'last_seen': 1778946114.6320317, 'seen_count': 2, 'channels': [], 'avg_rssi': None}, 'ff:cf:7a:e8:cf:7c': {'first_seen': 1778946114.9387574, 'last_seen': 1778946114.9396787, 'seen_count': 2, 'channels': [], 'avg_rssi': None}, '35:75:06:14:a2:46': {'first_seen': 1778946115.2588634, 'last_seen': 1778946115.2599401, 'seen_count': 2, 'channels': [], 'avg_rssi': None}, 'a9:2b:11:1c:64:c8': {'first_seen': 1778946115.5658917, 'last_seen': 1778946115.5668383, 'seen_count': 2, 'channels': [], 'avg_rssi': None}, '7f:b1:2e:9d:d6:13': {'first_seen': 1778946115.8721662, 'last_seen': 1778946115.8733528, 'seen_count': 2, 'channels': [], 'avg_rssi': None}, 'b3:27:7a:3f:e5:d5': {'first_seen': 1778946116.1826916, 'last_seen': 1778946116.1836135, 'seen_count': 2, 'channels': [], 'avg_rssi': None}, '12:c4:f4:3c:7f:87': {'first_seen': 1778946116.4913824, 'last_seen': 1778946116.492504, 'seen_count': 2, 'channels': [], 'avg_rssi': None}, '4f:a6:a1:3c:22:8d': {'first_seen': 1778946116.8014557, 'last_seen': 1778946116.8024018, 'seen_count': 2, 'channels': [], 'avg_rssi': None}, '35:57:33:64:9d:77': {'first_seen': 1778946117.1141498, 'last_seen': 1778946117.1150434, 'seen_count': 2, 'channels': [], 'avg_rssi': None}, '48:5d:35:21:ea:fd': {'first_seen': 1778946117.4230356, 'last_seen': 1778946117.4241831, 'seen_count': 2, 'channels': [], 'avg_rssi': None}, 'fc:15:0c:4f:d1:6c': {'first_seen': 1778946117.7389371, 'last_seen': 1778946117.7400699, 'seen_count': 2, 'channels': [], 'avg_rssi': None}, 'ca:07:06:be:b5:08': {'first_seen': 1778946118.0499043, 'last_seen': 1778946118.0509684, 'seen_count': 2, 'channels': [], 'avg_rssi': None}, 'b6:74:e2:64:00:ec': {'first_seen': 1778946118.360208, 'last_seen': 1778946118.361234, 'seen_count': 2, 'channels': [], 'avg_rssi': None}, '22:b8:c6:83:06:f9': {'first_seen': 1778946118.6741307, 'last_seen': 1778946118.6752388, 'seen_count': 2, 'channels': [], 'avg_rssi': None}, 'b2:7f:c3:2f:40:ae': {'first_seen': 1778946118.9848578, 'last_seen': 1778946118.986007, 'seen_count': 2, 'channels': [], 'avg_rssi': None}, '6c:42:46:17:74:8a': {'first_seen': 1778946119.2998784, 'last_seen': 1778946119.3010247, 'seen_count': 2, 'channels': [], 'avg_rssi': None}, 'bf:0c:13:52:0f:c9': {'first_seen': 1778946119.6079965, 'last_seen': 1778946119.6089153, 'seen_count': 2, 'channels': [], 'avg_rssi': None}, '13:0f:2b:c2:fe:51': {'first_seen': 1778946119.9184375, 'last_seen': 1778946119.919439, 'seen_count': 2, 'channels': [], 'avg_rssi': None}, 'ea:26:ea:08:8f:d1': {'first_seen': 1778946120.230089, 'last_seen': 1778946120.231447, 'seen_count': 2, 'channels': [], 'avg_rssi': None}, 'd3:0a:9b:39:a5:f6': {'first_seen': 1778946120.54003, 'last_seen': 1778946120.5410888, 'seen_count': 2, 'channels': [], 'avg_rssi': None}, 'da:a8:ad:17:bd:4c': {'first_seen': 1778946120.8529534, 'last_seen': 1778946120.853854, 'seen_count': 2, 'channels': [], 'avg_rssi': None}, '7c:de:f3:6d:51:4b': {'first_seen': 1778946121.167934, 'last_seen': 1778946121.1688707, 'seen_count': 2, 'channels': [], 'avg_rssi': None}, 'd1:9f:6a:3e:b7:2d': {'first_seen': 1778946121.4794297, 'last_seen': 1778946121.4805117, 'seen_count': 2, 'channels': [], 'avg_rssi': None}, 'df:f8:db:e6:51:04': {'first_seen': 1778946121.792234, 'last_seen': 1778946121.7932796, 'seen_count': 2, 'channels': [], 'avg_rssi': None}, 'e0:87:08:83:dc:65': {'first_seen': 1778946122.1039577, 'last_seen': 1778946122.1050472, 'seen_count': 2, 'channels': [], 'avg_rssi': None}, '07:61:49:87:43:fe': {'first_seen': 1778946122.4171844, 'last_seen': 1778946122.4180665, 'seen_count': 2, 'channels': [], 'avg_rssi': None}, '1a:17:6b:b5:2d:0e': {'first_seen': 1778946122.7325675, 'last_seen': 1778946122.7337008, 'seen_count': 2, 'channels': [], 'avg_rssi': None}, '4c:3a:c0:90:a4:47': {'first_seen': 1778946123.0527844, 'last_seen': 1778946123.0539715, 'seen_count': 2, 'channels': [], 'avg_rssi': None}, 'ac:cd:2d:0a:d5:48': {'first_seen': 1778946123.365291, 'last_seen': 1778946123.3664918, 'seen_count': 2, 'channels': [], 'avg_rssi': None}, '28:e5:b2:bb:53:b7': {'first_seen': 1778946123.6817348, 'last_seen': 1778946123.6828835, 'seen_count': 2, 'channels': [], 'avg_rssi': None}, '7c:70:8a:64:ae:8e': {'first_seen': 1778946123.9957898, 'last_seen': 1778946123.9968925, 'seen_count': 2, 'channels': [], 'avg_rssi': None}, '02:07:63:c8:e5:0c': {'first_seen': 1778946124.3061414, 'last_seen': 1778946124.3079104, 'seen_count': 2, 'channels': [], 'avg_rssi': None}, '87:c7:00:81:f6:08': {'first_seen': 1778946124.621477, 'last_seen': 1778946124.6226745, 'seen_count': 2, 'channels': [], 'avg_rssi': None}, '28:78:ee:5e:8d:83': {'first_seen': 1778946124.9386911, 'last_seen': 1778946124.9395652, 'seen_count': 2, 'channels': [], 'avg_rssi': None}, 'd7:a0:bd:08:7a:fa': {'first_seen': 1778946125.2506714, 'last_seen': 1778946125.2515883, 'seen_count': 2, 'channels': [], 'avg_rssi': None}, 'b2:c2:f0:d5:b5:44': {'first_seen': 1778946125.5625813, 'last_seen': 1778946125.5636036, 'seen_count': 2, 'channels': [], 'avg_rssi': None}, 'ff:63:c4:8b:af:8c': {'first_seen': 1778946125.8719988, 'last_seen': 1778946125.8731258, 'seen_count': 2, 'channels': [], 'avg_rssi': None}, '7b:c4:ac:9c:4b:3b': {'first_seen': 1778946126.185622, 'last_seen': 1778946126.186506, 'seen_count': 2, 'channels': [], 'avg_rssi': None}, 'da:0c:73:5e:c5:be': {'first_seen': 1778946126.4990761, 'last_seen': 1778946126.5001585, 'seen_count': 2, 'channels': [], 'avg_rssi': None}, 'f0:99:be:7e:90:3e': {'first_seen': 1778946126.818855, 'last_seen': 1778946126.8200397, 'seen_count': 2, 'channels': [], 'avg_rssi': None}, 'd5:2a:69:9d:60:ef': {'first_seen': 1778946127.1321566, 'last_seen': 1778946127.133315, 'seen_count': 2, 'channels': [], 'avg_rssi': None}, '47:1a:43:70:14:5b': {'first_seen': 1778946127.4451058, 'last_seen': 1778946127.4459522, 'seen_count': 2, 'channels': [], 'avg_rssi': None}, 'ac:63:51:8f:60:15': {'first_seen': 1778946127.75919, 'last_seen': 1778946127.7602148, 'seen_count': 2, 'channels': [], 'avg_rssi': None}, 'b8:85:bf:70:8f:c7': {'first_seen': 1778946128.0706594, 'last_seen': 1778946128.0716102, 'seen_count': 2, 'channels': [], 'avg_rssi': None}, '6b:7b:8b:96:32:66': {'first_seen': 1778946128.38423, 'last_seen': 1778946128.3853867, 'seen_count': 2, 'channels': [], 'avg_rssi': None}, 'a4:99:26:00:68:27': {'first_seen': 1778946128.6917002, 'last_seen': 1778946128.6926353, 'seen_count': 2, 'channels': [], 'avg_rssi': None}, '61:7b:06:00:d9:1b': {'first_seen': 1778946129.00883, 'last_seen': 1778946129.00979, 'seen_count': 2, 'channels': [], 'avg_rssi': None}, '2e:9c:7e:44:68:72': {'first_seen': 1778946129.316774, 'last_seen': 1778946129.3179176, 'seen_count': 2, 'channels': [], 'avg_rssi': None}, '1a:06:52:bd:ca:1d': {'first_seen': 1778946129.628354, 'last_seen': 1778946129.6294343, 'seen_count': 2, 'channels': [], 'avg_rssi': None}, '1d:86:2b:c3:36:5c': {'first_seen': 1778946129.9384947, 'last_seen': 1778946129.940208, 'seen_count': 2, 'channels': [], 'avg_rssi': None}, '64:3b:38:37:c8:19': {'first_seen': 1778946130.264597, 'last_seen': 1778946130.2657247, 'seen_count': 2, 'channels': [], 'avg_rssi': None}, 'ec:94:1e:38:e0:b5': {'first_seen': 1778946130.5747883, 'last_seen': 1778946130.5758562, 'seen_count': 2, 'channels': [], 'avg_rssi': None}, '64:19:20:3b:99:d5': {'first_seen': 1778946130.887216, 'last_seen': 1778946130.8881276, 'seen_count': 2, 'channels': [], 'avg_rssi': None}, '58:ac:c8:ce:d5:9c': {'first_seen': 1778946131.197839, 'last_seen': 1778946131.1990333, 'seen_count': 2, 'channels': [], 'avg_rssi': None}, '6e:c3:98:ae:cf:0b': {'first_seen': 1778946131.510807, 'last_seen': 1778946131.5119135, 'seen_count': 2, 'channels': [], 'avg_rssi': None}, 'b3:4b:66:9c:f5:35': {'first_seen': 1778946131.8174098, 'last_seen': 1778946131.8182986, 'seen_count': 2, 'channels': [], 'avg_rssi': None}, '45:73:55:f4:a7:dd': {'first_seen': 1778946132.1346612, 'last_seen': 1778946132.1355646, 'seen_count': 2, 'channels': [], 'avg_rssi': None}, '58:b9:05:34:22:02': {'first_seen': 1778946132.4463363, 'last_seen': 1778946132.4474542, 'seen_count': 2, 'channels': [], 'avg_rssi': None}, 'f1:f8:7d:95:9d:4d': {'first_seen': 1778946132.7554092, 'last_seen': 1778946132.7566051, 'seen_count': 2, 'channels': [], 'avg_rssi': None}, '60:28:13:60:ee:75': {'first_seen': 1778946133.0678544, 'last_seen': 1778946133.0690079, 'seen_count': 2, 'channels': [], 'avg_rssi': None}, '32:46:4c:05:cb:89': {'first_seen': 1778946133.3766913, 'last_seen': 1778946133.3776278, 'seen_count': 2, 'channels': [], 'avg_rssi': None}, '54:11:a2:4c:eb:0f': {'first_seen': 1778946133.6977954, 'last_seen': 1778946133.699023, 'seen_count': 2, 'channels': [], 'avg_rssi': None}, 'ea:cb:04:27:2a:85': {'first_seen': 1778946134.009611, 'last_seen': 1778946134.0107973, 'seen_count': 2, 'channels': [], 'avg_rssi': None}, '4c:42:d3:54:fe:08': {'first_seen': 1778946134.3215227, 'last_seen': 1778946134.3224263, 'seen_count': 2, 'channels': [], 'avg_rssi': None}, '7c:7c:b5:36:67:55': {'first_seen': 1778946134.6341026, 'last_seen': 1778946134.6353278, 'seen_count': 2, 'channels': [], 'avg_rssi': None}, '22:ea:84:7f:af:df': {'first_seen': 1778946134.9570901, 'last_seen': 1778946134.9579594, 'seen_count': 2, 'channels': [], 'avg_rssi': None}, '9d:16:d0:7e:ae:3d': {'first_seen': 1778946135.2674613, 'last_seen': 1778946135.2684908, 'seen_count': 2, 'channels': [], 'avg_rssi': None}, '1a:25:6c:2f:08:cd': {'first_seen': 1778946135.5778186, 'last_seen': 1778946135.5789912, 'seen_count': 2, 'channels': [], 'avg_rssi': None}, 'e1:c7:54:be:70:6a': {'first_seen': 1778946135.8905141, 'last_seen': 1778946135.8915095, 'seen_count': 2, 'channels': [], 'avg_rssi': None}, '9a:3d:7a:3b:df:fa': {'first_seen': 1778946136.2026587, 'last_seen': 1778946136.2037735, 'seen_count': 2, 'channels': [], 'avg_rssi': None}, '87:23:5b:bf:4a:fe': {'first_seen': 1778946136.521271, 'last_seen': 1778946136.5221658, 'seen_count': 2, 'channels': [], 'avg_rssi': None}, '6a:b2:e2:92:cf:1b': {'first_seen': 1778946136.8333542, 'last_seen': 1778946136.8344352, 'seen_count': 2, 'channels': [], 'avg_rssi': None}, '3a:40:e1:89:8d:2f': {'first_seen': 1778946137.1428773, 'last_seen': 1778946137.1443224, 'seen_count': 2, 'channels': [], 'avg_rssi': None}, '81:1d:6d:ef:75:a8': {'first_seen': 1778946137.4479408, 'last_seen': 1778946137.452214, 'seen_count': 2, 'channels': [], 'avg_rssi': None}, '10:a7:12:fa:f0:9b': {'first_seen': 1778946137.7603452, 'last_seen': 1778946137.7618515, 'seen_count': 2, 'channels': [], 'avg_rssi': None}, 'd9:d1:25:23:66:c6': {'first_seen': 1778946138.0683424, 'last_seen': 1778946138.0683424, 'seen_count': 1, 'channels': [], 'avg_rssi': None}}}
!!!!!!!!!!!!!!!!!!!!!!!!!!!!!!!!!!!!!!!!!!!!!!!!!!!!!!!!!!!!!!!!!!!!!!!!!!!!!!!!


!!!!!!!!!!!!!!!!!!!!!!!!!!!!!!!!!!!!!!!!!!!!!!!!!!!!!!!!!!!!!!!!!!!!!!!!!!!!!!!!
[ALERT] ALERT-000061 | POTENTIAL_EVIL_TWIN
severity: LOW
time: 2026-05-16T15:42:18.078851
message: Wykryto potencjalny Evil Twin / Rogue AP dla SSID 'TestNet_027'. Zaobserwowano 99 różnych BSSID oraz podejrzane różnice parametrów sieci.
evidence: {'ssid': 'TestNet_027', 'bssid_count': 99, 'bssids': ['17:a8:7b:30:15:26', 'bd:1c:9a:e4:ac:d3', 'f8:69:52:96:d3:5e', 'fc:d6:0e:49:37:0f', '21:77:84:b0:29:db', '7c:fd:1d:ea:ac:e6', '48:bb:55:c3:4f:66', '3a:44:a2:a0:37:2f', 'fa:27:0a:4a:2c:5b', '55:b7:24:b8:86:1b', 'fa:03:04:ea:ef:45', '71:d8:1f:9a:83:89', '3a:f2:ef:57:75:2f', 'e7:c7:c5:64:cf:ed', '65:37:a8:b4:af:4d', '4d:56:c1:79:72:54', '9d:dd:5d:d5:83:53', '9a:56:fb:7a:63:71', '78:a9:9f:a9:fa:a7', 'bd:d2:23:1f:be:cd', 'c4:c4:dc:98:da:75', '94:0e:36:7d:49:91', '46:bd:65:ee:21:ad', '33:bb:6d:eb:a7:9c', 'f4:fd:8f:d7:9a:37', '81:2d:96:84:4b:5f', '04:93:90:31:ed:30', 'a8:01:d8:d8:d2:66', '57:2c:d1:f3:97:69', 'c6:fb:c4:95:c4:0a', '87:5a:de:bf:36:44', '20:7a:7c:33:50:ae', 'ea:fc:79:15:b2:ff', 'e8:19:6b:ed:9e:16', 'dd:50:e8:5b:e7:89', '62:9c:f9:29:39:ce', 'c8:31:87:3f:d2:86', 'e3:91:8e:46:d7:9b', '88:a8:00:66:ba:3c', '38:47:d3:f9:38:75', '96:fa:ad:eb:7d:f3', '96:27:bb:52:52:b1', '42:bc:f8:a2:ec:61', '8b:8c:57:ec:38:4f', '2c:a9:b2:d6:69:c9', '17:ab:e1:c3:51:04', 'e5:f7:5f:e9:76:53', 'f6:61:af:16:20:5f', 'dd:60:7b:36:83:ca', '22:62:12:0a:11:77', 'f9:b4:30:42:ed:ee', '43:4f:35:e7:e1:31', '0c:88:64:8c:53:98', '71:f4:7f:20:af:05', '1e:f9:56:4c:b5:bf', '49:d2:5a:96:c7:1e', 'c4:19:23:f3:93:32', 'cb:6c:d2:4c:63:b0', 'e5:17:fa:90:99:d9', '91:91:cd:23:c8:aa', '2d:9a:65:03:24:5e', '79:04:e3:5d:d8:04', '36:d8:c8:df:e3:68', 'bb:66:4d:14:1d:ad', 'ce:37:33:5f:80:78', 'd5:21:ea:83:57:ee', 'be:f5:c9:df:39:b4', 'ef:60:c9:c1:76:73', 'bd:7c:98:b1:39:1b', 'a1:d5:5f:1d:9f:4c', 'cd:fb:c3:ce:a2:3e', '88:25:22:c7:c4:80', '02:8b:64:b3:5f:3e', 'a7:fe:29:ce:96:a0', '67:08:2a:28:3c:2a', '25:06:87:90:9c:3f', 'a6:51:a3:04:63:2c', 'f9:ff:d1:97:b5:52', '12:37:65:29:46:1c', '5f:67:34:75:f9:e8', 'da:ff:67:91:bc:cf', '16:6e:ee:56:d0:b6', '2c:35:49:f3:d5:6b', '01:14:5b:e7:75:af', '6f:7f:20:06:65:26', '33:6a:a6:f6:f6:6e', 'a3:2a:b8:05:a2:fa', 'be:1e:21:5b:83:c2', '0c:3e:a1:52:a0:e6', 'cb:34:12:41:ba:8f', 'a0:f8:e6:cd:0d:bc', '00:0a:4d:6c:15:c5', '65:a6:a2:c2:b7:51', 'f1:67:91:59:7e:56', '36:e5:b7:dc:4a:02', 'd6:0e:9d:a8:c0:52', 'd1:e7:7f:83:2b:33', '4b:3b:fd:49:67:26', '08:99:17:50:96:5f'], 'triggered_reasons': ['same_ssid_multiple_bssid'], 'observations': {'17:a8:7b:30:15:26': {'first_seen': 1778946107.5068076, 'last_seen': 1778946107.5077899, 'seen_count': 2, 'channels': [], 'avg_rssi': None}, 'bd:1c:9a:e4:ac:d3': {'first_seen': 1778946107.814377, 'last_seen': 1778946107.8154297, 'seen_count': 2, 'channels': [], 'avg_rssi': None}, 'f8:69:52:96:d3:5e': {'first_seen': 1778946108.13072, 'last_seen': 1778946108.131701, 'seen_count': 2, 'channels': [], 'avg_rssi': None}, 'fc:d6:0e:49:37:0f': {'first_seen': 1778946108.4375658, 'last_seen': 1778946108.438462, 'seen_count': 2, 'channels': [], 'avg_rssi': None}, '21:77:84:b0:29:db': {'first_seen': 1778946108.7480328, 'last_seen': 1778946108.7491024, 'seen_count': 2, 'channels': [], 'avg_rssi': None}, '7c:fd:1d:ea:ac:e6': {'first_seen': 1778946109.0586405, 'last_seen': 1778946109.0597448, 'seen_count': 2, 'channels': [], 'avg_rssi': None}, '48:bb:55:c3:4f:66': {'first_seen': 1778946109.3658078, 'last_seen': 1778946109.3670092, 'seen_count': 2, 'channels': [], 'avg_rssi': None}, '3a:44:a2:a0:37:2f': {'first_seen': 1778946109.676602, 'last_seen': 1778946109.677525, 'seen_count': 2, 'channels': [], 'avg_rssi': None}, 'fa:27:0a:4a:2c:5b': {'first_seen': 1778946109.9856286, 'last_seen': 1778946109.986679, 'seen_count': 2, 'channels': [], 'avg_rssi': None}, '55:b7:24:b8:86:1b': {'first_seen': 1778946110.2934783, 'last_seen': 1778946110.2943084, 'seen_count': 2, 'channels': [], 'avg_rssi': None}, 'fa:03:04:ea:ef:45': {'first_seen': 1778946110.6029053, 'last_seen': 1778946110.6038308, 'seen_count': 2, 'channels': [], 'avg_rssi': None}, '71:d8:1f:9a:83:89': {'first_seen': 1778946110.9130917, 'last_seen': 1778946110.9140882, 'seen_count': 2, 'channels': [], 'avg_rssi': None}, '3a:f2:ef:57:75:2f': {'first_seen': 1778946111.2242534, 'last_seen': 1778946111.2253568, 'seen_count': 2, 'channels': [], 'avg_rssi': None}, 'e7:c7:c5:64:cf:ed': {'first_seen': 1778946111.5322561, 'last_seen': 1778946111.5333798, 'seen_count': 2, 'channels': [], 'avg_rssi': None}, '65:37:a8:b4:af:4d': {'first_seen': 1778946111.841334, 'last_seen': 1778946111.8422616, 'seen_count': 2, 'channels': [], 'avg_rssi': None}, '4d:56:c1:79:72:54': {'first_seen': 1778946112.1471636, 'last_seen': 1778946112.1480348, 'seen_count': 2, 'channels': [], 'avg_rssi': None}, '9d:dd:5d:d5:83:53': {'first_seen': 1778946112.462664, 'last_seen': 1778946112.4637988, 'seen_count': 2, 'channels': [], 'avg_rssi': None}, '9a:56:fb:7a:63:71': {'first_seen': 1778946112.77258, 'last_seen': 1778946112.7737017, 'seen_count': 2, 'channels': [], 'avg_rssi': None}, '78:a9:9f:a9:fa:a7': {'first_seen': 1778946113.087111, 'last_seen': 1778946113.088084, 'seen_count': 2, 'channels': [], 'avg_rssi': None}, 'bd:d2:23:1f:be:cd': {'first_seen': 1778946113.4012206, 'last_seen': 1778946113.4023454, 'seen_count': 2, 'channels': [], 'avg_rssi': None}, 'c4:c4:dc:98:da:75': {'first_seen': 1778946113.7146711, 'last_seen': 1778946113.7158601, 'seen_count': 2, 'channels': [], 'avg_rssi': None}, '94:0e:36:7d:49:91': {'first_seen': 1778946114.0255108, 'last_seen': 1778946114.0265157, 'seen_count': 2, 'channels': [], 'avg_rssi': None}, '46:bd:65:ee:21:ad': {'first_seen': 1778946114.3318217, 'last_seen': 1778946114.3330264, 'seen_count': 2, 'channels': [], 'avg_rssi': None}, '33:bb:6d:eb:a7:9c': {'first_seen': 1778946114.6412673, 'last_seen': 1778946114.6424162, 'seen_count': 2, 'channels': [], 'avg_rssi': None}, 'f4:fd:8f:d7:9a:37': {'first_seen': 1778946114.9488764, 'last_seen': 1778946114.950056, 'seen_count': 2, 'channels': [], 'avg_rssi': None}, '81:2d:96:84:4b:5f': {'first_seen': 1778946115.2689605, 'last_seen': 1778946115.2698166, 'seen_count': 2, 'channels': [], 'avg_rssi': None}, '04:93:90:31:ed:30': {'first_seen': 1778946115.5760174, 'last_seen': 1778946115.576963, 'seen_count': 2, 'channels': [], 'avg_rssi': None}, 'a8:01:d8:d8:d2:66': {'first_seen': 1778946115.8822696, 'last_seen': 1778946115.8834789, 'seen_count': 2, 'channels': [], 'avg_rssi': None}, '57:2c:d1:f3:97:69': {'first_seen': 1778946116.19292, 'last_seen': 1778946116.1939878, 'seen_count': 2, 'channels': [], 'avg_rssi': None}, 'c6:fb:c4:95:c4:0a': {'first_seen': 1778946116.5015042, 'last_seen': 1778946116.5026815, 'seen_count': 2, 'channels': [], 'avg_rssi': None}, '87:5a:de:bf:36:44': {'first_seen': 1778946116.8156257, 'last_seen': 1778946116.8165238, 'seen_count': 2, 'channels': [], 'avg_rssi': None}, '20:7a:7c:33:50:ae': {'first_seen': 1778946117.1242466, 'last_seen': 1778946117.125295, 'seen_count': 2, 'channels': [], 'avg_rssi': None}, 'ea:fc:79:15:b2:ff': {'first_seen': 1778946117.435801, 'last_seen': 1778946117.4368062, 'seen_count': 2, 'channels': [], 'avg_rssi': None}, 'e8:19:6b:ed:9e:16': {'first_seen': 1778946117.7490435, 'last_seen': 1778946117.7500722, 'seen_count': 2, 'channels': [], 'avg_rssi': None}, 'dd:50:e8:5b:e7:89': {'first_seen': 1778946118.0600085, 'last_seen': 1778946118.0610836, 'seen_count': 2, 'channels': [], 'avg_rssi': None}, '62:9c:f9:29:39:ce': {'first_seen': 1778946118.370336, 'last_seen': 1778946118.371351, 'seen_count': 2, 'channels': [], 'avg_rssi': None}, 'c8:31:87:3f:d2:86': {'first_seen': 1778946118.6842408, 'last_seen': 1778946118.6851196, 'seen_count': 2, 'channels': [], 'avg_rssi': None}, 'e3:91:8e:46:d7:9b': {'first_seen': 1778946118.9949524, 'last_seen': 1778946118.9960093, 'seen_count': 2, 'channels': [], 'avg_rssi': None}, '88:a8:00:66:ba:3c': {'first_seen': 1778946119.3099697, 'last_seen': 1778946119.3108993, 'seen_count': 2, 'channels': [], 'avg_rssi': None}, '38:47:d3:f9:38:75': {'first_seen': 1778946119.618092, 'last_seen': 1778946119.6189282, 'seen_count': 2, 'channels': [], 'avg_rssi': None}, '96:fa:ad:eb:7d:f3': {'first_seen': 1778946119.9285443, 'last_seen': 1778946119.9296815, 'seen_count': 2, 'channels': [], 'avg_rssi': None}, '96:27:bb:52:52:b1': {'first_seen': 1778946120.2401888, 'last_seen': 1778946120.2413208, 'seen_count': 2, 'channels': [], 'avg_rssi': None}, '42:bc:f8:a2:ec:61': {'first_seen': 1778946120.5501404, 'last_seen': 1778946120.5513406, 'seen_count': 2, 'channels': [], 'avg_rssi': None}, '8b:8c:57:ec:38:4f': {'first_seen': 1778946120.8655238, 'last_seen': 1778946120.8667328, 'seen_count': 2, 'channels': [], 'avg_rssi': None}, '2c:a9:b2:d6:69:c9': {'first_seen': 1778946121.1780965, 'last_seen': 1778946121.1791313, 'seen_count': 2, 'channels': [], 'avg_rssi': None}, '17:ab:e1:c3:51:04': {'first_seen': 1778946121.4901893, 'last_seen': 1778946121.4910152, 'seen_count': 2, 'channels': [], 'avg_rssi': None}, 'e5:f7:5f:e9:76:53': {'first_seen': 1778946121.8023436, 'last_seen': 1778946121.8032856, 'seen_count': 2, 'channels': [], 'avg_rssi': None}, 'f6:61:af:16:20:5f': {'first_seen': 1778946122.1140447, 'last_seen': 1778946122.115045, 'seen_count': 2, 'channels': [], 'avg_rssi': None}, 'dd:60:7b:36:83:ca': {'first_seen': 1778946122.4273078, 'last_seen': 1778946122.4283109, 'seen_count': 2, 'channels': [], 'avg_rssi': None}, '22:62:12:0a:11:77': {'first_seen': 1778946122.7426822, 'last_seen': 1778946122.7435749, 'seen_count': 2, 'channels': [], 'avg_rssi': None}, 'f9:b4:30:42:ed:ee': {'first_seen': 1778946123.0628517, 'last_seen': 1778946123.0639699, 'seen_count': 2, 'channels': [], 'avg_rssi': None}, '43:4f:35:e7:e1:31': {'first_seen': 1778946123.3754134, 'last_seen': 1778946123.3767364, 'seen_count': 2, 'channels': [], 'avg_rssi': None}, '0c:88:64:8c:53:98': {'first_seen': 1778946123.6918228, 'last_seen': 1778946123.693509, 'seen_count': 2, 'channels': [], 'avg_rssi': None}, '71:f4:7f:20:af:05': {'first_seen': 1778946124.005884, 'last_seen': 1778946124.0067666, 'seen_count': 2, 'channels': [], 'avg_rssi': None}, '1e:f9:56:4c:b5:bf': {'first_seen': 1778946124.3166904, 'last_seen': 1778946124.3177876, 'seen_count': 2, 'channels': [], 'avg_rssi': None}, '49:d2:5a:96:c7:1e': {'first_seen': 1778946124.631582, 'last_seen': 1778946124.6328013, 'seen_count': 2, 'channels': [], 'avg_rssi': None}, 'c4:19:23:f3:93:32': {'first_seen': 1778946124.948795, 'last_seen': 1778946124.9496918, 'seen_count': 2, 'channels': [], 'avg_rssi': None}, 'cb:6c:d2:4c:63:b0': {'first_seen': 1778946125.2607594, 'last_seen': 1778946125.2618327, 'seen_count': 2, 'channels': [], 'avg_rssi': None}, 'e5:17:fa:90:99:d9': {'first_seen': 1778946125.5726752, 'last_seen': 1778946125.5737255, 'seen_count': 2, 'channels': [], 'avg_rssi': None}, '91:91:cd:23:c8:aa': {'first_seen': 1778946125.8821049, 'last_seen': 1778946125.883115, 'seen_count': 2, 'channels': [], 'avg_rssi': None}, '2d:9a:65:03:24:5e': {'first_seen': 1778946126.1957536, 'last_seen': 1778946126.1968927, 'seen_count': 2, 'channels': [], 'avg_rssi': None}, '79:04:e3:5d:d8:04': {'first_seen': 1778946126.5091934, 'last_seen': 1778946126.510148, 'seen_count': 2, 'channels': [], 'avg_rssi': None}, '36:d8:c8:df:e3:68': {'first_seen': 1778946126.828956, 'last_seen': 1778946126.8301659, 'seen_count': 2, 'channels': [], 'avg_rssi': None}, 'bb:66:4d:14:1d:ad': {'first_seen': 1778946127.1424375, 'last_seen': 1778946127.1434312, 'seen_count': 2, 'channels': [], 'avg_rssi': None}, 'ce:37:33:5f:80:78': {'first_seen': 1778946127.4552097, 'last_seen': 1778946127.4562035, 'seen_count': 2, 'channels': [], 'avg_rssi': None}, 'd5:21:ea:83:57:ee': {'first_seen': 1778946127.7693331, 'last_seen': 1778946127.7704685, 'seen_count': 2, 'channels': [], 'avg_rssi': None}, 'be:f5:c9:df:39:b4': {'first_seen': 1778946128.080756, 'last_seen': 1778946128.08173, 'seen_count': 2, 'channels': [], 'avg_rssi': None}, 'ef:60:c9:c1:76:73': {'first_seen': 1778946128.394497, 'last_seen': 1778946128.3956184, 'seen_count': 2, 'channels': [], 'avg_rssi': None}, 'bd:7c:98:b1:39:1b': {'first_seen': 1778946128.7018332, 'last_seen': 1778946128.7027676, 'seen_count': 2, 'channels': [], 'avg_rssi': None}, 'a1:d5:5f:1d:9f:4c': {'first_seen': 1778946129.0189364, 'last_seen': 1778946129.0200284, 'seen_count': 2, 'channels': [], 'avg_rssi': None}, 'cd:fb:c3:ce:a2:3e': {'first_seen': 1778946129.3295777, 'last_seen': 1778946129.3306708, 'seen_count': 2, 'channels': [], 'avg_rssi': None}, '88:25:22:c7:c4:80': {'first_seen': 1778946129.6384454, 'last_seen': 1778946129.6395624, 'seen_count': 2, 'channels': [], 'avg_rssi': None}, '02:8b:64:b3:5f:3e': {'first_seen': 1778946129.9506793, 'last_seen': 1778946129.9518266, 'seen_count': 2, 'channels': [], 'avg_rssi': None}, 'a7:fe:29:ce:96:a0': {'first_seen': 1778946130.2747207, 'last_seen': 1778946130.2758498, 'seen_count': 2, 'channels': [], 'avg_rssi': None}, '67:08:2a:28:3c:2a': {'first_seen': 1778946130.5866666, 'last_seen': 1778946130.5876086, 'seen_count': 2, 'channels': [], 'avg_rssi': None}, '25:06:87:90:9c:3f': {'first_seen': 1778946130.8973184, 'last_seen': 1778946130.8982496, 'seen_count': 2, 'channels': [], 'avg_rssi': None}, 'a6:51:a3:04:63:2c': {'first_seen': 1778946131.2079325, 'last_seen': 1778946131.20891, 'seen_count': 2, 'channels': [], 'avg_rssi': None}, 'f9:ff:d1:97:b5:52': {'first_seen': 1778946131.520936, 'last_seen': 1778946131.52229, 'seen_count': 2, 'channels': [], 'avg_rssi': None}, '12:37:65:29:46:1c': {'first_seen': 1778946131.8275025, 'last_seen': 1778946131.828434, 'seen_count': 2, 'channels': [], 'avg_rssi': None}, '5f:67:34:75:f9:e8': {'first_seen': 1778946132.1447532, 'last_seen': 1778946132.1456888, 'seen_count': 2, 'channels': [], 'avg_rssi': None}, 'da:ff:67:91:bc:cf': {'first_seen': 1778946132.4564307, 'last_seen': 1778946132.4573302, 'seen_count': 2, 'channels': [], 'avg_rssi': None}, '16:6e:ee:56:d0:b6': {'first_seen': 1778946132.7655122, 'last_seen': 1778946132.7664719, 'seen_count': 2, 'channels': [], 'avg_rssi': None}, '2c:35:49:f3:d5:6b': {'first_seen': 1778946133.0779564, 'last_seen': 1778946133.0788622, 'seen_count': 2, 'channels': [], 'avg_rssi': None}, '01:14:5b:e7:75:af': {'first_seen': 1778946133.3874104, 'last_seen': 1778946133.3885024, 'seen_count': 2, 'channels': [], 'avg_rssi': None}, '6f:7f:20:06:65:26': {'first_seen': 1778946133.7078927, 'last_seen': 1778946133.7088938, 'seen_count': 2, 'channels': [], 'avg_rssi': None}, '33:6a:a6:f6:f6:6e': {'first_seen': 1778946134.0197096, 'last_seen': 1778946134.0209222, 'seen_count': 2, 'channels': [], 'avg_rssi': None}, 'a3:2a:b8:05:a2:fa': {'first_seen': 1778946134.3316565, 'last_seen': 1778946134.33281, 'seen_count': 2, 'channels': [], 'avg_rssi': None}, 'be:1e:21:5b:83:c2': {'first_seen': 1778946134.644221, 'last_seen': 1778946134.6450772, 'seen_count': 2, 'channels': [], 'avg_rssi': None}, '0c:3e:a1:52:a0:e6': {'first_seen': 1778946134.9671845, 'last_seen': 1778946134.968085, 'seen_count': 2, 'channels': [], 'avg_rssi': None}, 'cb:34:12:41:ba:8f': {'first_seen': 1778946135.2775915, 'last_seen': 1778946135.2787275, 'seen_count': 2, 'channels': [], 'avg_rssi': None}, 'a0:f8:e6:cd:0d:bc': {'first_seen': 1778946135.5879307, 'last_seen': 1778946135.5889933, 'seen_count': 2, 'channels': [], 'avg_rssi': None}, '00:0a:4d:6c:15:c5': {'first_seen': 1778946135.9006116, 'last_seen': 1778946135.9016335, 'seen_count': 2, 'channels': [], 'avg_rssi': None}, '65:a6:a2:c2:b7:51': {'first_seen': 1778946136.212757, 'last_seen': 1778946136.2138982, 'seen_count': 2, 'channels': [], 'avg_rssi': None}, 'f1:67:91:59:7e:56': {'first_seen': 1778946136.5313647, 'last_seen': 1778946136.5322897, 'seen_count': 2, 'channels': [], 'avg_rssi': None}, '36:e5:b7:dc:4a:02': {'first_seen': 1778946136.843814, 'last_seen': 1778946136.844933, 'seen_count': 2, 'channels': [], 'avg_rssi': None}, 'd6:0e:9d:a8:c0:52': {'first_seen': 1778946137.1529744, 'last_seen': 1778946137.1540742, 'seen_count': 2, 'channels': [], 'avg_rssi': None}, 'd1:e7:7f:83:2b:33': {'first_seen': 1778946137.4580364, 'last_seen': 1778946137.4651003, 'seen_count': 2, 'channels': [], 'avg_rssi': None}, '4b:3b:fd:49:67:26': {'first_seen': 1778946137.7717285, 'last_seen': 1778946137.7717285, 'seen_count': 1, 'channels': [], 'avg_rssi': None}, '08:99:17:50:96:5f': {'first_seen': 1778946138.078851, 'last_seen': 1778946138.078851, 'seen_count': 1, 'channels': [], 'avg_rssi': None}}}
!!!!!!!!!!!!!!!!!!!!!!!!!!!!!!!!!!!!!!!!!!!!!!!!!!!!!!!!!!!!!!!!!!!!!!!!!!!!!!!!


!!!!!!!!!!!!!!!!!!!!!!!!!!!!!!!!!!!!!!!!!!!!!!!!!!!!!!!!!!!!!!!!!!!!!!!!!!!!!!!!
[ALERT] ALERT-000062 | POTENTIAL_EVIL_TWIN
severity: LOW
time: 2026-05-16T15:42:18.088966
message: Wykryto potencjalny Evil Twin / Rogue AP dla SSID 'TestNet_028'. Zaobserwowano 98 różnych BSSID oraz podejrzane różnice parametrów sieci.
evidence: {'ssid': 'TestNet_028', 'bssid_count': 98, 'bssids': ['b1:ab:40:33:22:84', '33:1f:aa:dd:da:a5', '63:77:56:11:57:3c', '3a:d1:0f:f1:90:04', 'af:73:9d:54:ca:70', 'd6:16:a4:65:32:c1', '1c:a4:48:25:b4:31', 'c3:c1:08:6c:b7:ac', '3d:68:01:22:1c:2b', 'b8:c0:38:ec:09:24', '07:57:f8:37:8c:73', '87:ef:b6:1f:c3:0c', 'be:40:f3:04:12:f4', '2b:ed:6d:1f:f3:5f', '4b:4f:a5:cf:4a:a0', '24:9d:89:5a:36:ce', 'dc:1b:13:61:2e:71', 'b1:66:57:c0:0e:50', 'd7:cd:a1:a7:f4:a5', 'a3:63:95:ef:88:ee', '50:34:01:5c:f3:aa', '1f:29:86:14:92:40', '1b:fa:28:73:75:8a', '3f:a6:b4:9a:dc:53', '77:ad:a0:da:33:49', '7b:19:2c:d7:a7:b8', '05:37:c7:99:d2:88', '5f:ac:d4:b0:5c:75', 'd7:ff:14:bd:79:a1', 'd2:85:1e:e4:bb:39', 'cd:42:1c:a5:39:df', '24:80:78:e2:a6:c9', '1d:ed:7d:50:e8:5c', '99:9f:23:b3:21:9c', 'd7:74:08:02:c2:89', 'ba:f6:03:97:62:65', '4d:79:15:ba:34:58', 'ff:8e:e2:0c:be:3a', '02:7d:f5:de:2a:3c', '18:bf:dd:73:69:53', 'f4:a6:a6:06:9f:89', '8b:c3:2d:5c:f6:0d', '49:c8:d6:86:a3:16', '00:a8:c6:6e:f4:7a', '1c:5e:66:88:62:52', 'eb:38:e0:d4:56:de', '3b:e7:19:61:04:13', '6e:d5:9e:a5:34:a7', '29:f8:48:72:65:4b', '18:b2:9d:2f:b6:40', 'cf:b5:a2:ad:52:3b', '25:9d:20:47:b0:fb', '93:36:cb:fb:40:ee', '4f:71:ab:17:35:40', 'af:f1:69:45:9f:d6', '31:bb:62:36:1c:38', 'd8:9f:10:dd:34:05', 'ce:6b:aa:cf:34:bc', 'd3:00:26:c4:51:43', '38:e9:e6:e3:f3:a8', '5c:80:bf:cf:e8:de', 'e6:e7:2e:e0:27:b0', '33:a0:30:dc:27:ee', '3e:d2:1b:10:32:10', 'cf:61:bd:51:51:71', '57:63:71:5e:cb:97', 'c5:25:e1:09:86:c0', '89:e3:be:45:9b:94', '17:c5:95:c4:17:ed', '8e:db:e0:31:04:90', '4d:9c:44:05:45:7a', 'b1:08:50:a2:51:c4', '9a:43:7d:27:6f:77', 'd2:ae:5a:dc:47:97', '7e:37:da:e8:1a:8e', '7c:cf:06:85:df:67', 'ce:34:5f:12:f3:3f', '23:c3:cd:77:37:30', '79:83:3a:b4:15:e7', '3f:e4:b9:b8:42:26', 'e9:97:90:5a:55:27', 'f8:56:18:03:b0:e5', 'c8:ec:14:10:2c:9c', 'ec:70:e8:85:3d:c2', '6f:a2:9f:d1:7e:4a', '64:69:ac:4f:f4:bd', 'b4:83:ac:c1:14:54', '93:cf:c2:b9:20:a3', '10:b5:0b:75:05:ab', '9d:7b:f3:6a:37:c2', 'a1:81:2e:2f:31:5c', '63:ac:28:78:cc:65', '25:89:e2:22:8e:2e', '65:94:7a:34:ec:62', 'f1:c2:06:98:c2:2a', '1c:dc:b9:63:ca:cc', '7b:dd:61:4f:22:65', 'b5:24:8b:45:09:0f'], 'triggered_reasons': ['same_ssid_multiple_bssid'], 'observations': {'b1:ab:40:33:22:84': {'first_seen': 1778946107.5169277, 'last_seen': 1778946107.5180378, 'seen_count': 2, 'channels': [], 'avg_rssi': None}, '33:1f:aa:dd:da:a5': {'first_seen': 1778946107.8244746, 'last_seen': 1778946107.8253045, 'seen_count': 2, 'channels': [], 'avg_rssi': None}, '63:77:56:11:57:3c': {'first_seen': 1778946108.1408145, 'last_seen': 1778946108.1418226, 'seen_count': 2, 'channels': [], 'avg_rssi': None}, '3a:d1:0f:f1:90:04': {'first_seen': 1778946108.4506645, 'last_seen': 1778946108.4517097, 'seen_count': 2, 'channels': [], 'avg_rssi': None}, 'af:73:9d:54:ca:70': {'first_seen': 1778946108.7581322, 'last_seen': 1778946108.7591147, 'seen_count': 2, 'channels': [], 'avg_rssi': None}, 'd6:16:a4:65:32:c1': {'first_seen': 1778946109.0687425, 'last_seen': 1778946109.069878, 'seen_count': 2, 'channels': [], 'avg_rssi': None}, '1c:a4:48:25:b4:31': {'first_seen': 1778946109.3759186, 'last_seen': 1778946109.3768952, 'seen_count': 2, 'channels': [], 'avg_rssi': None}, 'c3:c1:08:6c:b7:ac': {'first_seen': 1778946109.6866996, 'last_seen': 1778946109.6877851, 'seen_count': 2, 'channels': [], 'avg_rssi': None}, '3d:68:01:22:1c:2b': {'first_seen': 1778946109.9957488, 'last_seen': 1778946109.9970496, 'seen_count': 2, 'channels': [], 'avg_rssi': None}, 'b8:c0:38:ec:09:24': {'first_seen': 1778946110.303606, 'last_seen': 1778946110.3045635, 'seen_count': 2, 'channels': [], 'avg_rssi': None}, '07:57:f8:37:8c:73': {'first_seen': 1778946110.6130242, 'last_seen': 1778946110.614084, 'seen_count': 2, 'channels': [], 'avg_rssi': None}, '87:ef:b6:1f:c3:0c': {'first_seen': 1778946110.9232004, 'last_seen': 1778946110.9242206, 'seen_count': 2, 'channels': [], 'avg_rssi': None}, 'be:40:f3:04:12:f4': {'first_seen': 1778946111.2343516, 'last_seen': 1778946111.2354817, 'seen_count': 2, 'channels': [], 'avg_rssi': None}, '2b:ed:6d:1f:f3:5f': {'first_seen': 1778946111.5424173, 'last_seen': 1778946111.5433853, 'seen_count': 2, 'channels': [], 'avg_rssi': None}, '4b:4f:a5:cf:4a:a0': {'first_seen': 1778946111.8514478, 'last_seen': 1778946111.852647, 'seen_count': 2, 'channels': [], 'avg_rssi': None}, '24:9d:89:5a:36:ce': {'first_seen': 1778946112.158996, 'last_seen': 1778946112.1600344, 'seen_count': 2, 'channels': [], 'avg_rssi': None}, 'dc:1b:13:61:2e:71': {'first_seen': 1778946112.472757, 'last_seen': 1778946112.4737954, 'seen_count': 2, 'channels': [], 'avg_rssi': None}, 'b1:66:57:c0:0e:50': {'first_seen': 1778946112.782679, 'last_seen': 1778946112.7838109, 'seen_count': 2, 'channels': [], 'avg_rssi': None}, 'd7:cd:a1:a7:f4:a5': {'first_seen': 1778946113.0972674, 'last_seen': 1778946113.0982091, 'seen_count': 2, 'channels': [], 'avg_rssi': None}, 'a3:63:95:ef:88:ee': {'first_seen': 1778946113.411322, 'last_seen': 1778946113.41247, 'seen_count': 2, 'channels': [], 'avg_rssi': None}, '50:34:01:5c:f3:aa': {'first_seen': 1778946113.7248108, 'last_seen': 1778946113.7258604, 'seen_count': 2, 'channels': [], 'avg_rssi': None}, '1f:29:86:14:92:40': {'first_seen': 1778946114.0356083, 'last_seen': 1778946114.0367703, 'seen_count': 2, 'channels': [], 'avg_rssi': None}, '1b:fa:28:73:75:8a': {'first_seen': 1778946114.3419356, 'last_seen': 1778946114.3430278, 'seen_count': 2, 'channels': [], 'avg_rssi': None}, '3f:a6:b4:9a:dc:53': {'first_seen': 1778946114.6513937, 'last_seen': 1778946114.652415, 'seen_count': 2, 'channels': [], 'avg_rssi': None}, '77:ad:a0:da:33:49': {'first_seen': 1778946114.9602249, 'last_seen': 1778946114.9610493, 'seen_count': 2, 'channels': [], 'avg_rssi': None}, '7b:19:2c:d7:a7:b8': {'first_seen': 1778946115.2790892, 'last_seen': 1778946115.280197, 'seen_count': 2, 'channels': [], 'avg_rssi': None}, '05:37:c7:99:d2:88': {'first_seen': 1778946115.5860996, 'last_seen': 1778946115.587092, 'seen_count': 2, 'channels': [], 'avg_rssi': None}, '5f:ac:d4:b0:5c:75': {'first_seen': 1778946115.8924706, 'last_seen': 1778946115.8934743, 'seen_count': 2, 'channels': [], 'avg_rssi': None}, 'd7:ff:14:bd:79:a1': {'first_seen': 1778946116.2030165, 'last_seen': 1778946116.2041142, 'seen_count': 2, 'channels': [], 'avg_rssi': None}, 'd2:85:1e:e4:bb:39': {'first_seen': 1778946116.5116389, 'last_seen': 1778946116.5126362, 'seen_count': 2, 'channels': [], 'avg_rssi': None}, 'cd:42:1c:a5:39:df': {'first_seen': 1778946116.8257258, 'last_seen': 1778946116.8267183, 'seen_count': 2, 'channels': [], 'avg_rssi': None}, '24:80:78:e2:a6:c9': {'first_seen': 1778946117.1343796, 'last_seen': 1778946117.1352918, 'seen_count': 2, 'channels': [], 'avg_rssi': None}, '1d:ed:7d:50:e8:5c': {'first_seen': 1778946117.4459233, 'last_seen': 1778946117.4468145, 'seen_count': 2, 'channels': [], 'avg_rssi': None}, '99:9f:23:b3:21:9c': {'first_seen': 1778946117.7597613, 'last_seen': 1778946117.7606938, 'seen_count': 2, 'channels': [], 'avg_rssi': None}, 'd7:74:08:02:c2:89': {'first_seen': 1778946118.0704322, 'last_seen': 1778946118.071463, 'seen_count': 2, 'channels': [], 'avg_rssi': None}, 'ba:f6:03:97:62:65': {'first_seen': 1778946118.380469, 'last_seen': 1778946118.3816094, 'seen_count': 2, 'channels': [], 'avg_rssi': None}, '4d:79:15:ba:34:58': {'first_seen': 1778946118.6943786, 'last_seen': 1778946118.6952503, 'seen_count': 2, 'channels': [], 'avg_rssi': None}, 'ff:8e:e2:0c:be:3a': {'first_seen': 1778946119.005055, 'last_seen': 1778946119.0061355, 'seen_count': 2, 'channels': [], 'avg_rssi': None}, '02:7d:f5:de:2a:3c': {'first_seen': 1778946119.3200777, 'last_seen': 1778946119.3215406, 'seen_count': 2, 'channels': [], 'avg_rssi': None}, '18:bf:dd:73:69:53': {'first_seen': 1778946119.6282365, 'last_seen': 1778946119.6292977, 'seen_count': 2, 'channels': [], 'avg_rssi': None}, 'f4:a6:a6:06:9f:89': {'first_seen': 1778946119.9386773, 'last_seen': 1778946119.9396904, 'seen_count': 2, 'channels': [], 'avg_rssi': None}, '8b:c3:2d:5c:f6:0d': {'first_seen': 1778946120.2503283, 'last_seen': 1778946120.2513256, 'seen_count': 2, 'channels': [], 'avg_rssi': None}, '49:c8:d6:86:a3:16': {'first_seen': 1778946120.560255, 'last_seen': 1778946120.5610888, 'seen_count': 2, 'channels': [], 'avg_rssi': None}, '00:a8:c6:6e:f4:7a': {'first_seen': 1778946120.8779862, 'last_seen': 1778946120.8791203, 'seen_count': 2, 'channels': [], 'avg_rssi': None}, '1c:5e:66:88:62:52': {'first_seen': 1778946121.1882124, 'last_seen': 1778946121.1891289, 'seen_count': 2, 'channels': [], 'avg_rssi': None}, 'eb:38:e0:d4:56:de': {'first_seen': 1778946121.5002942, 'last_seen': 1778946121.501267, 'seen_count': 2, 'channels': [], 'avg_rssi': None}, '3b:e7:19:61:04:13': {'first_seen': 1778946121.8124356, 'last_seen': 1778946121.813654, 'seen_count': 2, 'channels': [], 'avg_rssi': None}, '6e:d5:9e:a5:34:a7': {'first_seen': 1778946122.1241457, 'last_seen': 1778946122.1250443, 'seen_count': 2, 'channels': [], 'avg_rssi': None}, '29:f8:48:72:65:4b': {'first_seen': 1778946122.4374244, 'last_seen': 1778946122.4383197, 'seen_count': 2, 'channels': [], 'avg_rssi': None}, '18:b2:9d:2f:b6:40': {'first_seen': 1778946122.7527738, 'last_seen': 1778946122.7537036, 'seen_count': 2, 'channels': [], 'avg_rssi': None}, 'cf:b5:a2:ad:52:3b': {'first_seen': 1778946123.0729828, 'last_seen': 1778946123.0739756, 'seen_count': 2, 'channels': [], 'avg_rssi': None}, '25:9d:20:47:b0:fb': {'first_seen': 1778946123.3868423, 'last_seen': 1778946123.3878665, 'seen_count': 2, 'channels': [], 'avg_rssi': None}, '93:36:cb:fb:40:ee': {'first_seen': 1778946123.7026815, 'last_seen': 1778946123.7037578, 'seen_count': 2, 'channels': [], 'avg_rssi': None}, '4f:71:ab:17:35:40': {'first_seen': 1778946124.0159795, 'last_seen': 1778946124.017018, 'seen_count': 2, 'channels': [], 'avg_rssi': None}, 'af:f1:69:45:9f:d6': {'first_seen': 1778946124.3268087, 'last_seen': 1778946124.327806, 'seen_count': 2, 'channels': [], 'avg_rssi': None}, '31:bb:62:36:1c:38': {'first_seen': 1778946124.6417062, 'last_seen': 1778946124.642556, 'seen_count': 2, 'channels': [], 'avg_rssi': None}, 'd8:9f:10:dd:34:05': {'first_seen': 1778946124.9588943, 'last_seen': 1778946124.960068, 'seen_count': 2, 'channels': [], 'avg_rssi': None}, 'ce:6b:aa:cf:34:bc': {'first_seen': 1778946125.2708921, 'last_seen': 1778946125.2719576, 'seen_count': 2, 'channels': [], 'avg_rssi': None}, 'd3:00:26:c4:51:43': {'first_seen': 1778946125.5827696, 'last_seen': 1778946125.583851, 'seen_count': 2, 'channels': [], 'avg_rssi': None}, '38:e9:e6:e3:f3:a8': {'first_seen': 1778946125.8922157, 'last_seen': 1778946125.8933718, 'seen_count': 2, 'channels': [], 'avg_rssi': None}, '5c:80:bf:cf:e8:de': {'first_seen': 1778946126.2058544, 'last_seen': 1778946126.2068827, 'seen_count': 2, 'channels': [], 'avg_rssi': None}, 'e6:e7:2e:e0:27:b0': {'first_seen': 1778946126.5193088, 'last_seen': 1778946126.5204058, 'seen_count': 2, 'channels': [], 'avg_rssi': None}, '33:a0:30:dc:27:ee': {'first_seen': 1778946126.839052, 'last_seen': 1778946126.840166, 'seen_count': 2, 'channels': [], 'avg_rssi': None}, '3e:d2:1b:10:32:10': {'first_seen': 1778946127.1546679, 'last_seen': 1778946127.1558273, 'seen_count': 2, 'channels': [], 'avg_rssi': None}, 'cf:61:bd:51:51:71': {'first_seen': 1778946127.4652953, 'last_seen': 1778946127.466447, 'seen_count': 2, 'channels': [], 'avg_rssi': None}, '57:63:71:5e:cb:97': {'first_seen': 1778946127.77943, 'last_seen': 1778946127.7804635, 'seen_count': 2, 'channels': [], 'avg_rssi': None}, 'c5:25:e1:09:86:c0': {'first_seen': 1778946128.0908487, 'last_seen': 1778946128.0918555, 'seen_count': 2, 'channels': [], 'avg_rssi': None}, '89:e3:be:45:9b:94': {'first_seen': 1778946128.4045918, 'last_seen': 1778946128.4054935, 'seen_count': 2, 'channels': [], 'avg_rssi': None}, '17:c5:95:c4:17:ed': {'first_seen': 1778946128.7120094, 'last_seen': 1778946128.7131355, 'seen_count': 2, 'channels': [], 'avg_rssi': None}, '8e:db:e0:31:04:90': {'first_seen': 1778946129.0290272, 'last_seen': 1778946129.0301697, 'seen_count': 2, 'channels': [], 'avg_rssi': None}, '4d:9c:44:05:45:7a': {'first_seen': 1778946129.3396666, 'last_seen': 1778946129.3405426, 'seen_count': 2, 'channels': [], 'avg_rssi': None}, 'b1:08:50:a2:51:c4': {'first_seen': 1778946129.6485546, 'last_seen': 1778946129.6494348, 'seen_count': 2, 'channels': [], 'avg_rssi': None}, '9a:43:7d:27:6f:77': {'first_seen': 1778946129.9607778, 'last_seen': 1778946129.9618268, 'seen_count': 2, 'channels': [], 'avg_rssi': None}, 'd2:ae:5a:dc:47:97': {'first_seen': 1778946130.28482, 'last_seen': 1778946130.2857187, 'seen_count': 2, 'channels': [], 'avg_rssi': None}, '7e:37:da:e8:1a:8e': {'first_seen': 1778946130.5967708, 'last_seen': 1778946130.597733, 'seen_count': 2, 'channels': [], 'avg_rssi': None}, '7c:cf:06:85:df:67': {'first_seen': 1778946130.907411, 'last_seen': 1778946130.9086251, 'seen_count': 2, 'channels': [], 'avg_rssi': None}, 'ce:34:5f:12:f3:3f': {'first_seen': 1778946131.2185829, 'last_seen': 1778946131.2195156, 'seen_count': 2, 'channels': [], 'avg_rssi': None}, '23:c3:cd:77:37:30': {'first_seen': 1778946131.5310218, 'last_seen': 1778946131.5325296, 'seen_count': 2, 'channels': [], 'avg_rssi': None}, '79:83:3a:b4:15:e7': {'first_seen': 1778946131.8377936, 'last_seen': 1778946131.838926, 'seen_count': 2, 'channels': [], 'avg_rssi': None}, '3f:e4:b9:b8:42:26': {'first_seen': 1778946132.1548948, 'last_seen': 1778946132.1558235, 'seen_count': 2, 'channels': [], 'avg_rssi': None}, 'e9:97:90:5a:55:27': {'first_seen': 1778946132.4665344, 'last_seen': 1778946132.4674566, 'seen_count': 2, 'channels': [], 'avg_rssi': None}, 'f8:56:18:03:b0:e5': {'first_seen': 1778946132.7757885, 'last_seen': 1778946132.7767289, 'seen_count': 2, 'channels': [], 'avg_rssi': None}, 'c8:ec:14:10:2c:9c': {'first_seen': 1778946133.0880492, 'last_seen': 1778946133.0889878, 'seen_count': 2, 'channels': [], 'avg_rssi': None}, 'ec:70:e8:85:3d:c2': {'first_seen': 1778946133.3986418, 'last_seen': 1778946133.3996327, 'seen_count': 2, 'channels': [], 'avg_rssi': None}, '6f:a2:9f:d1:7e:4a': {'first_seen': 1778946133.717986, 'last_seen': 1778946133.7188952, 'seen_count': 2, 'channels': [], 'avg_rssi': None}, '64:69:ac:4f:f4:bd': {'first_seen': 1778946134.0328007, 'last_seen': 1778946134.0365372, 'seen_count': 2, 'channels': [], 'avg_rssi': None}, 'b4:83:ac:c1:14:54': {'first_seen': 1778946134.341794, 'last_seen': 1778946134.3438084, 'seen_count': 2, 'channels': [], 'avg_rssi': None}, '93:cf:c2:b9:20:a3': {'first_seen': 1778946134.658679, 'last_seen': 1778946134.659841, 'seen_count': 2, 'channels': [], 'avg_rssi': None}, '10:b5:0b:75:05:ab': {'first_seen': 1778946134.9772975, 'last_seen': 1778946134.9784615, 'seen_count': 2, 'channels': [], 'avg_rssi': None}, '9d:7b:f3:6a:37:c2': {'first_seen': 1778946135.2876942, 'last_seen': 1778946135.2888532, 'seen_count': 2, 'channels': [], 'avg_rssi': None}, 'a1:81:2e:2f:31:5c': {'first_seen': 1778946135.5980604, 'last_seen': 1778946135.5990007, 'seen_count': 2, 'channels': [], 'avg_rssi': None}, '63:ac:28:78:cc:65': {'first_seen': 1778946135.9106798, 'last_seen': 1778946135.911887, 'seen_count': 2, 'channels': [], 'avg_rssi': None}, '25:89:e2:22:8e:2e': {'first_seen': 1778946136.2266583, 'last_seen': 1778946136.2277763, 'seen_count': 2, 'channels': [], 'avg_rssi': None}, '65:94:7a:34:ec:62': {'first_seen': 1778946136.541464, 'last_seen': 1778946136.542291, 'seen_count': 2, 'channels': [], 'avg_rssi': None}, 'f1:c2:06:98:c2:2a': {'first_seen': 1778946136.8540065, 'last_seen': 1778946136.854936, 'seen_count': 2, 'channels': [], 'avg_rssi': None}, '1c:dc:b9:63:ca:cc': {'first_seen': 1778946137.1630778, 'last_seen': 1778946137.1640744, 'seen_count': 2, 'channels': [], 'avg_rssi': None}, '7b:dd:61:4f:22:65': {'first_seen': 1778946137.470661, 'last_seen': 1778946137.4724643, 'seen_count': 2, 'channels': [], 'avg_rssi': None}, 'b5:24:8b:45:09:0f': {'first_seen': 1778946138.088966, 'last_seen': 1778946138.088966, 'seen_count': 1, 'channels': [], 'avg_rssi': None}}}
!!!!!!!!!!!!!!!!!!!!!!!!!!!!!!!!!!!!!!!!!!!!!!!!!!!!!!!!!!!!!!!!!!!!!!!!!!!!!!!!


!!!!!!!!!!!!!!!!!!!!!!!!!!!!!!!!!!!!!!!!!!!!!!!!!!!!!!!!!!!!!!!!!!!!!!!!!!!!!!!!
[ALERT] ALERT-000063 | POTENTIAL_EVIL_TWIN
severity: LOW
time: 2026-05-16T15:42:18.099877
message: Wykryto potencjalny Evil Twin / Rogue AP dla SSID 'TestNet_029'. Zaobserwowano 99 różnych BSSID oraz podejrzane różnice parametrów sieci.
evidence: {'ssid': 'TestNet_029', 'bssid_count': 99, 'bssids': ['71:82:39:21:26:e9', 'e4:27:b5:fe:b8:97', '8b:4f:d9:3b:fe:6c', 'c8:aa:96:17:9c:60', '1b:f2:f2:23:d2:dd', '86:b4:cb:d4:82:5e', 'ff:76:eb:7a:3d:37', 'e2:f4:7f:7a:0d:4e', '0e:4d:1f:a3:4c:3f', 'dd:06:65:0b:de:37', '6c:54:e3:aa:46:34', 'd0:6e:20:c5:9a:e6', 'bf:7b:34:2e:9e:98', '3c:33:8b:dd:ff:f6', '88:a3:08:f0:4e:2f', 'd2:10:c7:82:d3:85', '76:f7:46:be:cb:24', 'f7:2e:f3:59:11:bd', 'bc:3c:27:af:f2:be', '30:f9:43:e3:53:f8', '76:80:89:b8:46:a0', '98:5f:53:21:dc:b6', '9d:a8:9a:d9:a2:64', '02:48:67:be:d5:94', 'a9:b8:80:1e:b8:50', 'e0:96:10:89:cb:85', '70:cb:e8:cb:75:14', '7f:0f:ce:ba:8f:7f', 'c5:44:a8:ab:f8:cf', 'c2:84:d9:ca:96:9d', '4b:21:2f:66:71:d5', '37:ed:99:e7:22:f1', 'c2:9b:2b:5b:e3:88', 'c4:9a:91:c0:97:a6', 'e8:9b:3e:62:65:46', '71:02:40:7b:b8:b4', 'b2:ae:28:f4:d0:e1', 'b9:67:f7:64:19:76', 'de:57:c7:9d:c3:09', 'a0:7c:02:94:3b:0e', '30:03:37:9c:16:46', '50:7c:69:f1:66:8f', 'c2:40:00:b7:13:0a', 'bc:e4:6c:49:be:15', '15:f8:88:b0:75:66', 'f0:fc:1f:df:ce:be', 'd0:9e:52:65:7e:4b', '65:98:b9:70:78:40', 'd7:31:40:60:38:a1', 'eb:a3:60:ce:bd:77', '4f:9d:d1:eb:e9:0b', 'a8:11:fd:97:bd:ca', '92:d4:1f:ca:fc:04', '2b:93:50:d9:0f:c0', '73:0a:92:87:0c:9a', '9d:90:57:3c:17:1e', '8a:1d:09:48:45:81', '74:38:c4:73:0f:64', '8c:f6:25:9e:a8:e7', '79:87:1f:5f:87:82', 'f7:12:b7:66:8e:7b', '5e:38:a7:3e:12:b3', 'f0:a5:05:2e:95:9f', 'c4:de:99:ed:b3:c3', '14:69:da:ca:b0:f4', 'c4:85:bb:06:31:1f', '4a:d8:fe:bb:90:83', '77:d6:6e:d7:41:e9', '65:b0:8c:a1:55:26', '76:5d:4a:f3:be:c6', 'db:a1:d3:b6:cf:6f', '62:66:0a:fb:80:10', '94:e6:39:31:04:bf', '2a:7b:d9:fe:df:15', '98:14:3b:91:00:cf', '39:cf:ac:bb:33:c5', '86:46:96:5c:9e:42', '41:11:90:06:7f:53', '2e:4a:9f:13:fd:ea', '76:d9:50:71:1e:c3', 'cb:ab:73:0c:03:2d', 'd8:9d:71:d7:8e:6a', 'cc:85:ec:bc:e5:14', '9f:bf:bb:4c:f1:02', '6f:08:c3:b6:5d:d4', '58:49:40:4d:33:0b', 'bf:6d:84:27:b9:c6', '28:9a:e6:3a:16:62', '48:d5:6d:cb:f7:57', 'c5:1d:54:f0:ba:6a', 'f5:42:06:3c:5c:2b', '7d:67:33:4d:49:fa', 'b9:94:ce:d1:2e:0b', '35:ae:ed:98:35:10', 'df:fa:98:1a:64:4b', 'ed:5c:0c:36:96:4d', '55:50:53:10:d1:70', 'e7:52:e6:3d:62:8d', 'f8:47:7a:f8:21:4b'], 'triggered_reasons': ['same_ssid_multiple_bssid'], 'observations': {'71:82:39:21:26:e9': {'first_seen': 1778946107.5270166, 'last_seen': 1778946107.5280435, 'seen_count': 2, 'channels': [], 'avg_rssi': None}, 'e4:27:b5:fe:b8:97': {'first_seen': 1778946107.8345804, 'last_seen': 1778946107.8356872, 'seen_count': 2, 'channels': [], 'avg_rssi': None}, '8b:4f:d9:3b:fe:6c': {'first_seen': 1778946108.1509352, 'last_seen': 1778946108.1520813, 'seen_count': 2, 'channels': [], 'avg_rssi': None}, 'c8:aa:96:17:9c:60': {'first_seen': 1778946108.4607584, 'last_seen': 1778946108.4618359, 'seen_count': 2, 'channels': [], 'avg_rssi': None}, '1b:f2:f2:23:d2:dd': {'first_seen': 1778946108.7682605, 'last_seen': 1778946108.7694862, 'seen_count': 2, 'channels': [], 'avg_rssi': None}, '86:b4:cb:d4:82:5e': {'first_seen': 1778946109.078865, 'last_seen': 1778946109.0800028, 'seen_count': 2, 'channels': [], 'avg_rssi': None}, 'ff:76:eb:7a:3d:37': {'first_seen': 1778946109.3861399, 'last_seen': 1778946109.3871434, 'seen_count': 2, 'channels': [], 'avg_rssi': None}, 'e2:f4:7f:7a:0d:4e': {'first_seen': 1778946109.6983833, 'last_seen': 1778946109.6999044, 'seen_count': 2, 'channels': [], 'avg_rssi': None}, '0e:4d:1f:a3:4c:3f': {'first_seen': 1778946110.005843, 'last_seen': 1778946110.007046, 'seen_count': 2, 'channels': [], 'avg_rssi': None}, 'dd:06:65:0b:de:37': {'first_seen': 1778946110.3137224, 'last_seen': 1778946110.3146892, 'seen_count': 2, 'channels': [], 'avg_rssi': None}, '6c:54:e3:aa:46:34': {'first_seen': 1778946110.623148, 'last_seen': 1778946110.624081, 'seen_count': 2, 'channels': [], 'avg_rssi': None}, 'd0:6e:20:c5:9a:e6': {'first_seen': 1778946110.9333568, 'last_seen': 1778946110.9344654, 'seen_count': 2, 'channels': [], 'avg_rssi': None}, 'bf:7b:34:2e:9e:98': {'first_seen': 1778946111.2444463, 'last_seen': 1778946111.2456083, 'seen_count': 2, 'channels': [], 'avg_rssi': None}, '3c:33:8b:dd:ff:f6': {'first_seen': 1778946111.553279, 'last_seen': 1778946111.5543754, 'seen_count': 2, 'channels': [], 'avg_rssi': None}, '88:a3:08:f0:4e:2f': {'first_seen': 1778946111.86155, 'last_seen': 1778946111.8625252, 'seen_count': 2, 'channels': [], 'avg_rssi': None}, 'd2:10:c7:82:d3:85': {'first_seen': 1778946112.1706965, 'last_seen': 1778946112.1717796, 'seen_count': 2, 'channels': [], 'avg_rssi': None}, '76:f7:46:be:cb:24': {'first_seen': 1778946112.4829018, 'last_seen': 1778946112.4840558, 'seen_count': 2, 'channels': [], 'avg_rssi': None}, 'f7:2e:f3:59:11:bd': {'first_seen': 1778946112.7927947, 'last_seen': 1778946112.7936864, 'seen_count': 2, 'channels': [], 'avg_rssi': None}, 'bc:3c:27:af:f2:be': {'first_seen': 1778946113.1073945, 'last_seen': 1778946113.108337, 'seen_count': 2, 'channels': [], 'avg_rssi': None}, '30:f9:43:e3:53:f8': {'first_seen': 1778946113.4214718, 'last_seen': 1778946113.4224787, 'seen_count': 2, 'channels': [], 'avg_rssi': None}, '76:80:89:b8:46:a0': {'first_seen': 1778946113.7349427, 'last_seen': 1778946113.7363675, 'seen_count': 2, 'channels': [], 'avg_rssi': None}, '98:5f:53:21:dc:b6': {'first_seen': 1778946114.0457096, 'last_seen': 1778946114.0466604, 'seen_count': 2, 'channels': [], 'avg_rssi': None}, '9d:a8:9a:d9:a2:64': {'first_seen': 1778946114.3520646, 'last_seen': 1778946114.3530304, 'seen_count': 2, 'channels': [], 'avg_rssi': None}, '02:48:67:be:d5:94': {'first_seen': 1778946114.6614978, 'last_seen': 1778946114.6624215, 'seen_count': 2, 'channels': [], 'avg_rssi': None}, 'a9:b8:80:1e:b8:50': {'first_seen': 1778946114.9703176, 'last_seen': 1778946114.9713004, 'seen_count': 2, 'channels': [], 'avg_rssi': None}, 'e0:96:10:89:cb:85': {'first_seen': 1778946115.2892158, 'last_seen': 1778946115.2903252, 'seen_count': 2, 'channels': [], 'avg_rssi': None}, '70:cb:e8:cb:75:14': {'first_seen': 1778946115.5962203, 'last_seen': 1778946115.5970852, 'seen_count': 2, 'channels': [], 'avg_rssi': None}, '7f:0f:ce:ba:8f:7f': {'first_seen': 1778946115.9026093, 'last_seen': 1778946115.903605, 'seen_count': 2, 'channels': [], 'avg_rssi': None}, 'c5:44:a8:ab:f8:cf': {'first_seen': 1778946116.2137663, 'last_seen': 1778946116.2148771, 'seen_count': 2, 'channels': [], 'avg_rssi': None}, 'c2:84:d9:ca:96:9d': {'first_seen': 1778946116.5217674, 'last_seen': 1778946116.5251307, 'seen_count': 2, 'channels': [], 'avg_rssi': None}, '4b:21:2f:66:71:d5': {'first_seen': 1778946116.8358278, 'last_seen': 1778946116.8369138, 'seen_count': 2, 'channels': [], 'avg_rssi': None}, '37:ed:99:e7:22:f1': {'first_seen': 1778946117.146679, 'last_seen': 1778946117.1477883, 'seen_count': 2, 'channels': [], 'avg_rssi': None}, 'c2:9b:2b:5b:e3:88': {'first_seen': 1778946117.458676, 'last_seen': 1778946117.4596822, 'seen_count': 2, 'channels': [], 'avg_rssi': None}, 'c4:9a:91:c0:97:a6': {'first_seen': 1778946117.7698562, 'last_seen': 1778946117.7708273, 'seen_count': 2, 'channels': [], 'avg_rssi': None}, 'e8:9b:3e:62:65:46': {'first_seen': 1778946118.0805233, 'last_seen': 1778946118.0814602, 'seen_count': 2, 'channels': [], 'avg_rssi': None}, '71:02:40:7b:b8:b4': {'first_seen': 1778946118.3905816, 'last_seen': 1778946118.3917332, 'seen_count': 2, 'channels': [], 'avg_rssi': None}, 'b2:ae:28:f4:d0:e1': {'first_seen': 1778946118.7044926, 'last_seen': 1778946118.7056258, 'seen_count': 2, 'channels': [], 'avg_rssi': None}, 'b9:67:f7:64:19:76': {'first_seen': 1778946119.0151472, 'last_seen': 1778946119.0162618, 'seen_count': 2, 'channels': [], 'avg_rssi': None}, 'de:57:c7:9d:c3:09': {'first_seen': 1778946119.3302057, 'last_seen': 1778946119.331408, 'seen_count': 2, 'channels': [], 'avg_rssi': None}, 'a0:7c:02:94:3b:0e': {'first_seen': 1778946119.638364, 'last_seen': 1778946119.6398, 'seen_count': 2, 'channels': [], 'avg_rssi': None}, '30:03:37:9c:16:46': {'first_seen': 1778946119.9487975, 'last_seen': 1778946119.9499404, 'seen_count': 2, 'channels': [], 'avg_rssi': None}, '50:7c:69:f1:66:8f': {'first_seen': 1778946120.2604332, 'last_seen': 1778946120.2615888, 'seen_count': 2, 'channels': [], 'avg_rssi': None}, 'c2:40:00:b7:13:0a': {'first_seen': 1778946120.570347, 'last_seen': 1778946120.5714638, 'seen_count': 2, 'channels': [], 'avg_rssi': None}, 'bc:e4:6c:49:be:15': {'first_seen': 1778946120.8880777, 'last_seen': 1778946120.889105, 'seen_count': 2, 'channels': [], 'avg_rssi': None}, '15:f8:88:b0:75:66': {'first_seen': 1778946121.1983366, 'last_seen': 1778946121.1995049, 'seen_count': 2, 'channels': [], 'avg_rssi': None}, 'f0:fc:1f:df:ce:be': {'first_seen': 1778946121.5104125, 'last_seen': 1778946121.5113883, 'seen_count': 2, 'channels': [], 'avg_rssi': None}, 'd0:9e:52:65:7e:4b': {'first_seen': 1778946121.8226826, 'last_seen': 1778946121.8236551, 'seen_count': 2, 'channels': [], 'avg_rssi': None}, '65:98:b9:70:78:40': {'first_seen': 1778946122.1342976, 'last_seen': 1778946122.135177, 'seen_count': 2, 'channels': [], 'avg_rssi': None}, 'd7:31:40:60:38:a1': {'first_seen': 1778946122.4475439, 'last_seen': 1778946122.448447, 'seen_count': 2, 'channels': [], 'avg_rssi': None}, 'eb:a3:60:ce:bd:77': {'first_seen': 1778946122.7628684, 'last_seen': 1778946122.7637036, 'seen_count': 2, 'channels': [], 'avg_rssi': None}, '4f:9d:d1:eb:e9:0b': {'first_seen': 1778946123.08419, 'last_seen': 1778946123.0850945, 'seen_count': 2, 'channels': [], 'avg_rssi': None}, 'a8:11:fd:97:bd:ca': {'first_seen': 1778946123.396937, 'last_seen': 1778946123.3978612, 'seen_count': 2, 'channels': [], 'avg_rssi': None}, '92:d4:1f:ca:fc:04': {'first_seen': 1778946123.7146883, 'last_seen': 1778946123.7156394, 'seen_count': 2, 'channels': [], 'avg_rssi': None}, '2b:93:50:d9:0f:c0': {'first_seen': 1778946124.0266945, 'last_seen': 1778946124.0275295, 'seen_count': 2, 'channels': [], 'avg_rssi': None}, '73:0a:92:87:0c:9a': {'first_seen': 1778946124.3386924, 'last_seen': 1778946124.339788, 'seen_count': 2, 'channels': [], 'avg_rssi': None}, '9d:90:57:3c:17:1e': {'first_seen': 1778946124.6518257, 'last_seen': 1778946124.6528084, 'seen_count': 2, 'channels': [], 'avg_rssi': None}, '8a:1d:09:48:45:81': {'first_seen': 1778946124.9690182, 'last_seen': 1778946124.970202, 'seen_count': 2, 'channels': [], 'avg_rssi': None}, '74:38:c4:73:0f:64': {'first_seen': 1778946125.2810032, 'last_seen': 1778946125.2819602, 'seen_count': 2, 'channels': [], 'avg_rssi': None}, '8c:f6:25:9e:a8:e7': {'first_seen': 1778946125.5928752, 'last_seen': 1778946125.5939784, 'seen_count': 2, 'channels': [], 'avg_rssi': None}, '79:87:1f:5f:87:82': {'first_seen': 1778946125.9023128, 'last_seen': 1778946125.9034917, 'seen_count': 2, 'channels': [], 'avg_rssi': None}, 'f7:12:b7:66:8e:7b': {'first_seen': 1778946126.2159808, 'last_seen': 1778946126.2171385, 'seen_count': 2, 'channels': [], 'avg_rssi': None}, '5e:38:a7:3e:12:b3': {'first_seen': 1778946126.529792, 'last_seen': 1778946126.5307748, 'seen_count': 2, 'channels': [], 'avg_rssi': None}, 'f0:a5:05:2e:95:9f': {'first_seen': 1778946126.8491528, 'last_seen': 1778946126.8500412, 'seen_count': 2, 'channels': [], 'avg_rssi': None}, 'c4:de:99:ed:b3:c3': {'first_seen': 1778946127.1647894, 'last_seen': 1778946127.1659367, 'seen_count': 2, 'channels': [], 'avg_rssi': None}, '14:69:da:ca:b0:f4': {'first_seen': 1778946127.4754202, 'last_seen': 1778946127.4765806, 'seen_count': 2, 'channels': [], 'avg_rssi': None}, 'c4:85:bb:06:31:1f': {'first_seen': 1778946127.7895432, 'last_seen': 1778946127.790723, 'seen_count': 2, 'channels': [], 'avg_rssi': None}, '4a:d8:fe:bb:90:83': {'first_seen': 1778946128.1009417, 'last_seen': 1778946128.1021059, 'seen_count': 2, 'channels': [], 'avg_rssi': None}, '77:d6:6e:d7:41:e9': {'first_seen': 1778946128.4146807, 'last_seen': 1778946128.4158711, 'seen_count': 2, 'channels': [], 'avg_rssi': None}, '65:b0:8c:a1:55:26': {'first_seen': 1778946128.7221053, 'last_seen': 1778946128.723137, 'seen_count': 2, 'channels': [], 'avg_rssi': None}, '76:5d:4a:f3:be:c6': {'first_seen': 1778946129.0391347, 'last_seen': 1778946129.0402794, 'seen_count': 2, 'channels': [], 'avg_rssi': None}, 'db:a1:d3:b6:cf:6f': {'first_seen': 1778946129.34976, 'last_seen': 1778946129.3506706, 'seen_count': 2, 'channels': [], 'avg_rssi': None}, '62:66:0a:fb:80:10': {'first_seen': 1778946129.658655, 'last_seen': 1778946129.6595619, 'seen_count': 2, 'channels': [], 'avg_rssi': None}, '94:e6:39:31:04:bf': {'first_seen': 1778946129.9746892, 'last_seen': 1778946129.975577, 'seen_count': 2, 'channels': [], 'avg_rssi': None}, '2a:7b:d9:fe:df:15': {'first_seen': 1778946130.2950518, 'last_seen': 1778946130.296219, 'seen_count': 2, 'channels': [], 'avg_rssi': None}, '98:14:3b:91:00:cf': {'first_seen': 1778946130.6070423, 'last_seen': 1778946130.6082547, 'seen_count': 2, 'channels': [], 'avg_rssi': None}, '39:cf:ac:bb:33:c5': {'first_seen': 1778946130.9175236, 'last_seen': 1778946130.918504, 'seen_count': 2, 'channels': [], 'avg_rssi': None}, '86:46:96:5c:9e:42': {'first_seen': 1778946131.2286937, 'last_seen': 1778946131.229643, 'seen_count': 2, 'channels': [], 'avg_rssi': None}, '41:11:90:06:7f:53': {'first_seen': 1778946131.5411313, 'last_seen': 1778946131.5422173, 'seen_count': 2, 'channels': [], 'avg_rssi': None}, '2e:4a:9f:13:fd:ea': {'first_seen': 1778946131.8481133, 'last_seen': 1778946131.8491719, 'seen_count': 2, 'channels': [], 'avg_rssi': None}, '76:d9:50:71:1e:c3': {'first_seen': 1778946132.164989, 'last_seen': 1778946132.166198, 'seen_count': 2, 'channels': [], 'avg_rssi': None}, 'cb:ab:73:0c:03:2d': {'first_seen': 1778946132.476729, 'last_seen': 1778946132.477589, 'seen_count': 2, 'channels': [], 'avg_rssi': None}, 'd8:9d:71:d7:8e:6a': {'first_seen': 1778946132.7859087, 'last_seen': 1778946132.7868562, 'seen_count': 2, 'channels': [], 'avg_rssi': None}, 'cc:85:ec:bc:e5:14': {'first_seen': 1778946133.098159, 'last_seen': 1778946133.0992413, 'seen_count': 2, 'channels': [], 'avg_rssi': None}, '9f:bf:bb:4c:f1:02': {'first_seen': 1778946133.4087088, 'last_seen': 1778946133.4096293, 'seen_count': 2, 'channels': [], 'avg_rssi': None}, '6f:08:c3:b6:5d:d4': {'first_seen': 1778946133.7280896, 'last_seen': 1778946133.729396, 'seen_count': 2, 'channels': [], 'avg_rssi': None}, '58:49:40:4d:33:0b': {'first_seen': 1778946134.042892, 'last_seen': 1778946134.0437925, 'seen_count': 2, 'channels': [], 'avg_rssi': None}, 'bf:6d:84:27:b9:c6': {'first_seen': 1778946134.3518956, 'last_seen': 1778946134.3529375, 'seen_count': 2, 'channels': [], 'avg_rssi': None}, '28:9a:e6:3a:16:62': {'first_seen': 1778946134.6687822, 'last_seen': 1778946134.6699457, 'seen_count': 2, 'channels': [], 'avg_rssi': None}, '48:d5:6d:cb:f7:57': {'first_seen': 1778946134.98741, 'last_seen': 1778946134.988462, 'seen_count': 2, 'channels': [], 'avg_rssi': None}, 'c5:1d:54:f0:ba:6a': {'first_seen': 1778946135.2977996, 'last_seen': 1778946135.29873, 'seen_count': 2, 'channels': [], 'avg_rssi': None}, 'f5:42:06:3c:5c:2b': {'first_seen': 1778946135.6081643, 'last_seen': 1778946135.6091273, 'seen_count': 2, 'channels': [], 'avg_rssi': None}, '7d:67:33:4d:49:fa': {'first_seen': 1778946135.920789, 'last_seen': 1778946135.9218934, 'seen_count': 2, 'channels': [], 'avg_rssi': None}, 'b9:94:ce:d1:2e:0b': {'first_seen': 1778946136.2367558, 'last_seen': 1778946136.2379012, 'seen_count': 2, 'channels': [], 'avg_rssi': None}, '35:ae:ed:98:35:10': {'first_seen': 1778946136.551564, 'last_seen': 1778946136.552669, 'seen_count': 2, 'channels': [], 'avg_rssi': None}, 'df:fa:98:1a:64:4b': {'first_seen': 1778946136.8641067, 'last_seen': 1778946136.8649352, 'seen_count': 2, 'channels': [], 'avg_rssi': None}, 'ed:5c:0c:36:96:4d': {'first_seen': 1778946137.1731894, 'last_seen': 1778946137.1743257, 'seen_count': 2, 'channels': [], 'avg_rssi': None}, '55:50:53:10:d1:70': {'first_seen': 1778946137.480753, 'last_seen': 1778946137.4842129, 'seen_count': 2, 'channels': [], 'avg_rssi': None}, 'e7:52:e6:3d:62:8d': {'first_seen': 1778946137.8021069, 'last_seen': 1778946137.8021069, 'seen_count': 1, 'channels': [], 'avg_rssi': None}, 'f8:47:7a:f8:21:4b': {'first_seen': 1778946138.0998766, 'last_seen': 1778946138.0998766, 'seen_count': 1, 'channels': [], 'avg_rssi': None}}}
!!!!!!!!!!!!!!!!!!!!!!!!!!!!!!!!!!!!!!!!!!!!!!!!!!!!!!!!!!!!!!!!!!!!!!!!!!!!!!!!


!!!!!!!!!!!!!!!!!!!!!!!!!!!!!!!!!!!!!!!!!!!!!!!!!!!!!!!!!!!!!!!!!!!!!!!!!!!!!!!!
[ALERT] ALERT-000064 | POTENTIAL_EVIL_TWIN
severity: LOW
time: 2026-05-16T15:42:18.109975
message: Wykryto potencjalny Evil Twin / Rogue AP dla SSID 'TestNet_030'. Zaobserwowano 99 różnych BSSID oraz podejrzane różnice parametrów sieci.
evidence: {'ssid': 'TestNet_030', 'bssid_count': 99, 'bssids': ['aa:8a:f5:b1:a1:9d', '8e:59:93:cd:16:af', 'a1:1c:39:57:15:a3', '26:a2:c2:f0:9e:98', '3d:69:73:40:8b:ea', '3c:c6:88:68:42:85', 'f1:21:3a:4a:69:f5', '66:c5:6d:c8:00:b1', '22:a5:6c:2c:9f:94', '78:ff:b4:8a:54:6b', '67:8b:1d:ca:85:21', 'b8:ca:90:44:3b:69', '04:1a:9a:68:54:8c', '5f:3f:9a:d4:26:61', '36:5a:9e:cb:bf:d5', '92:61:df:bc:ae:35', 'a9:dd:ea:57:7b:c7', '73:b2:e8:f3:4d:3e', '78:af:ef:ca:27:99', '91:7b:5e:6b:38:30', '4e:b0:25:54:74:ea', '45:8e:c2:f8:22:d0', 'fd:6f:f2:36:b5:b0', 'c7:15:8e:9b:48:49', '14:4a:e4:15:3e:e1', 'd5:69:d1:d4:ea:fe', 'a5:f2:26:4e:f6:b9', 'fc:a2:84:5e:4a:86', 'fb:08:dd:8a:5f:0a', '45:45:fa:0b:0b:f5', '95:95:f5:a3:1c:4f', '92:cf:fb:0a:f0:76', '8d:67:be:ee:51:ba', '38:8d:b9:52:75:d3', '70:82:c2:30:5f:12', '4a:1a:26:f6:7c:c2', 'b4:c4:ae:05:8d:df', 'd6:3b:70:7c:1e:01', '6e:22:7f:a3:aa:27', '70:7a:ba:99:b2:01', '18:f2:8e:22:88:88', 'ac:a9:45:42:3f:6d', '49:5e:b5:7d:a1:71', '42:02:f0:dc:8e:7c', 'ee:f2:64:0d:1e:0d', '77:c0:89:78:d7:35', '45:e0:71:3d:c5:68', 'de:66:15:0e:5d:77', 'a7:27:b8:4c:05:18', '47:0a:c5:c7:2c:27', 'f3:0d:69:51:06:1d', '0d:a9:70:b7:ec:bf', '34:9a:a2:b3:a6:2a', 'f2:02:e7:85:73:db', 'f7:79:05:a8:97:fe', '44:e4:07:ee:2d:da', 'ba:85:fc:13:4a:15', '2b:0c:1b:ad:d7:87', 'd3:83:29:ec:68:40', 'af:d0:86:37:61:17', '4e:37:de:11:64:78', '6f:3f:95:e1:b9:99', '2a:39:b4:ff:70:8c', '45:5a:69:09:15:cf', '69:3a:58:cb:08:8f', '6d:6e:f7:4b:43:19', '42:32:b7:af:f0:ac', 'c8:21:0d:05:11:6d', 'ee:d2:fe:30:8f:7a', '14:64:63:fa:05:38', 'a6:5a:b4:6a:27:af', '6a:e8:a4:16:71:c9', 'b9:58:eb:82:5a:76', '50:6d:82:dc:15:80', '65:a4:51:b3:0b:59', 'b1:e2:76:0f:08:7c', 'c0:0c:79:ee:b2:cb', 'aa:80:7b:99:7a:7b', 'af:39:3f:a7:4b:76', 'a3:38:42:9f:97:aa', '13:f2:d2:12:cd:d1', 'a1:0f:e4:fb:25:52', '44:e4:f1:79:10:26', '21:03:2b:cd:05:3f', '68:c0:a6:4b:2f:25', 'd6:95:3c:f7:c8:a6', '03:a5:ae:01:49:d8', '44:97:0c:c0:56:2a', '2f:fc:ac:0a:09:ea', 'fe:c0:1b:6c:8b:50', '75:ca:77:bb:6a:6f', '0c:7c:c9:ca:7c:d3', '46:e4:9f:16:49:46', 'f2:2a:06:75:1b:6d', '17:c2:f8:d7:f9:dd', '46:70:3a:d2:46:48', '25:77:35:1b:49:1c', 'eb:1a:06:c8:65:41', 'e3:1b:52:11:23:eb'], 'triggered_reasons': ['same_ssid_multiple_bssid'], 'observations': {'aa:8a:f5:b1:a1:9d': {'first_seen': 1778946107.537165, 'last_seen': 1778946107.5380437, 'seen_count': 2, 'channels': [], 'avg_rssi': None}, '8e:59:93:cd:16:af': {'first_seen': 1778946107.8446982, 'last_seen': 1778946107.8459382, 'seen_count': 2, 'channels': [], 'avg_rssi': None}, 'a1:1c:39:57:15:a3': {'first_seen': 1778946108.1610668, 'last_seen': 1778946108.1619601, 'seen_count': 2, 'channels': [], 'avg_rssi': None}, '26:a2:c2:f0:9e:98': {'first_seen': 1778946108.4708827, 'last_seen': 1778946108.4719718, 'seen_count': 2, 'channels': [], 'avg_rssi': None}, '3d:69:73:40:8b:ea': {'first_seen': 1778946108.7783601, 'last_seen': 1778946108.779227, 'seen_count': 2, 'channels': [], 'avg_rssi': None}, '3c:c6:88:68:42:85': {'first_seen': 1778946109.088964, 'last_seen': 1778946109.0899944, 'seen_count': 2, 'channels': [], 'avg_rssi': None}, 'f1:21:3a:4a:69:f5': {'first_seen': 1778946109.3962488, 'last_seen': 1778946109.3973851, 'seen_count': 2, 'channels': [], 'avg_rssi': None}, '66:c5:6d:c8:00:b1': {'first_seen': 1778946109.708547, 'last_seen': 1778946109.7096508, 'seen_count': 2, 'channels': [], 'avg_rssi': None}, '22:a5:6c:2c:9f:94': {'first_seen': 1778946110.015946, 'last_seen': 1778946110.0170474, 'seen_count': 2, 'channels': [], 'avg_rssi': None}, '78:ff:b4:8a:54:6b': {'first_seen': 1778946110.3238235, 'last_seen': 1778946110.324933, 'seen_count': 2, 'channels': [], 'avg_rssi': None}, '67:8b:1d:ca:85:21': {'first_seen': 1778946110.6332583, 'last_seen': 1778946110.6343238, 'seen_count': 2, 'channels': [], 'avg_rssi': None}, 'b8:ca:90:44:3b:69': {'first_seen': 1778946110.9434638, 'last_seen': 1778946110.9446042, 'seen_count': 2, 'channels': [], 'avg_rssi': None}, '04:1a:9a:68:54:8c': {'first_seen': 1778946111.2545595, 'last_seen': 1778946111.2554934, 'seen_count': 2, 'channels': [], 'avg_rssi': None}, '5f:3f:9a:d4:26:61': {'first_seen': 1778946111.5634797, 'last_seen': 1778946111.564623, 'seen_count': 2, 'channels': [], 'avg_rssi': None}, '36:5a:9e:cb:bf:d5': {'first_seen': 1778946111.8716543, 'last_seen': 1778946111.8725193, 'seen_count': 2, 'channels': [], 'avg_rssi': None}, '92:61:df:bc:ae:35': {'first_seen': 1778946112.1807892, 'last_seen': 1778946112.1816542, 'seen_count': 2, 'channels': [], 'avg_rssi': None}, 'a9:dd:ea:57:7b:c7': {'first_seen': 1778946112.4930055, 'last_seen': 1778946112.4939332, 'seen_count': 2, 'channels': [], 'avg_rssi': None}, '73:b2:e8:f3:4d:3e': {'first_seen': 1778946112.8045819, 'last_seen': 1778946112.8056889, 'seen_count': 2, 'channels': [], 'avg_rssi': None}, '78:af:ef:ca:27:99': {'first_seen': 1778946113.1175158, 'last_seen': 1778946113.1184611, 'seen_count': 2, 'channels': [], 'avg_rssi': None}, '91:7b:5e:6b:38:30': {'first_seen': 1778946113.4315708, 'last_seen': 1778946113.4326017, 'seen_count': 2, 'channels': [], 'avg_rssi': None}, '4e:b0:25:54:74:ea': {'first_seen': 1778946113.745083, 'last_seen': 1778946113.745995, 'seen_count': 2, 'channels': [], 'avg_rssi': None}, '45:8e:c2:f8:22:d0': {'first_seen': 1778946114.0558162, 'last_seen': 1778946114.0570028, 'seen_count': 2, 'channels': [], 'avg_rssi': None}, 'fd:6f:f2:36:b5:b0': {'first_seen': 1778946114.3621821, 'last_seen': 1778946114.3633938, 'seen_count': 2, 'channels': [], 'avg_rssi': None}, 'c7:15:8e:9b:48:49': {'first_seen': 1778946114.671656, 'last_seen': 1778946114.6726694, 'seen_count': 2, 'channels': [], 'avg_rssi': None}, '14:4a:e4:15:3e:e1': {'first_seen': 1778946114.980422, 'last_seen': 1778946114.9813015, 'seen_count': 2, 'channels': [], 'avg_rssi': None}, 'd5:69:d1:d4:ea:fe': {'first_seen': 1778946115.3011103, 'last_seen': 1778946115.3023179, 'seen_count': 2, 'channels': [], 'avg_rssi': None}, 'a5:f2:26:4e:f6:b9': {'first_seen': 1778946115.606465, 'last_seen': 1778946115.6076024, 'seen_count': 2, 'channels': [], 'avg_rssi': None}, 'fc:a2:84:5e:4a:86': {'first_seen': 1778946115.9126976, 'last_seen': 1778946115.9138482, 'seen_count': 2, 'channels': [], 'avg_rssi': None}, 'fb:08:dd:8a:5f:0a': {'first_seen': 1778946116.2238667, 'last_seen': 1778946116.227248, 'seen_count': 2, 'channels': [], 'avg_rssi': None}, '45:45:fa:0b:0b:f5': {'first_seen': 1778946116.5318525, 'last_seen': 1778946116.5330052, 'seen_count': 2, 'channels': [], 'avg_rssi': None}, '95:95:f5:a3:1c:4f': {'first_seen': 1778946116.8459225, 'last_seen': 1778946116.846899, 'seen_count': 2, 'channels': [], 'avg_rssi': None}, '92:cf:fb:0a:f0:76': {'first_seen': 1778946117.1567867, 'last_seen': 1778946117.1579213, 'seen_count': 2, 'channels': [], 'avg_rssi': None}, '8d:67:be:ee:51:ba': {'first_seen': 1778946117.468771, 'last_seen': 1778946117.469804, 'seen_count': 2, 'channels': [], 'avg_rssi': None}, '38:8d:b9:52:75:d3': {'first_seen': 1778946117.77998, 'last_seen': 1778946117.7811964, 'seen_count': 2, 'channels': [], 'avg_rssi': None}, '70:82:c2:30:5f:12': {'first_seen': 1778946118.090672, 'last_seen': 1778946118.0915856, 'seen_count': 2, 'channels': [], 'avg_rssi': None}, '4a:1a:26:f6:7c:c2': {'first_seen': 1778946118.4006815, 'last_seen': 1778946118.4016023, 'seen_count': 2, 'channels': [], 'avg_rssi': None}, 'b4:c4:ae:05:8d:df': {'first_seen': 1778946118.7154357, 'last_seen': 1778946118.7163672, 'seen_count': 2, 'channels': [], 'avg_rssi': None}, 'd6:3b:70:7c:1e:01': {'first_seen': 1778946119.0254807, 'last_seen': 1778946119.0267692, 'seen_count': 2, 'channels': [], 'avg_rssi': None}, '6e:22:7f:a3:aa:27': {'first_seen': 1778946119.3403425, 'last_seen': 1778946119.341527, 'seen_count': 2, 'channels': [], 'avg_rssi': None}, '70:7a:ba:99:b2:01': {'first_seen': 1778946119.649702, 'last_seen': 1778946119.650543, 'seen_count': 2, 'channels': [], 'avg_rssi': None}, '18:f2:8e:22:88:88': {'first_seen': 1778946119.9588847, 'last_seen': 1778946119.960059, 'seen_count': 2, 'channels': [], 'avg_rssi': None}, 'ac:a9:45:42:3f:6d': {'first_seen': 1778946120.2705514, 'last_seen': 1778946120.2714498, 'seen_count': 2, 'channels': [], 'avg_rssi': None}, '49:5e:b5:7d:a1:71': {'first_seen': 1778946120.5808115, 'last_seen': 1778946120.5817158, 'seen_count': 2, 'channels': [], 'avg_rssi': None}, '42:02:f0:dc:8e:7c': {'first_seen': 1778946120.898193, 'last_seen': 1778946120.8991067, 'seen_count': 2, 'channels': [], 'avg_rssi': None}, 'ee:f2:64:0d:1e:0d': {'first_seen': 1778946121.2084303, 'last_seen': 1778946121.2096226, 'seen_count': 2, 'channels': [], 'avg_rssi': None}, '77:c0:89:78:d7:35': {'first_seen': 1778946121.520514, 'last_seen': 1778946121.5215192, 'seen_count': 2, 'channels': [], 'avg_rssi': None}, '45:e0:71:3d:c5:68': {'first_seen': 1778946121.8328269, 'last_seen': 1778946121.833781, 'seen_count': 2, 'channels': [], 'avg_rssi': None}, 'de:66:15:0e:5d:77': {'first_seen': 1778946122.144404, 'last_seen': 1778946122.1453032, 'seen_count': 2, 'channels': [], 'avg_rssi': None}, 'a7:27:b8:4c:05:18': {'first_seen': 1778946122.4576535, 'last_seen': 1778946122.458695, 'seen_count': 2, 'channels': [], 'avg_rssi': None}, '47:0a:c5:c7:2c:27': {'first_seen': 1778946122.772972, 'last_seen': 1778946122.7740805, 'seen_count': 2, 'channels': [], 'avg_rssi': None}, 'f3:0d:69:51:06:1d': {'first_seen': 1778946123.0956566, 'last_seen': 1778946123.0966067, 'seen_count': 2, 'channels': [], 'avg_rssi': None}, '0d:a9:70:b7:ec:bf': {'first_seen': 1778946123.407075, 'last_seen': 1778946123.4079933, 'seen_count': 2, 'channels': [], 'avg_rssi': None}, '34:9a:a2:b3:a6:2a': {'first_seen': 1778946123.724793, 'last_seen': 1778946123.726004, 'seen_count': 2, 'channels': [], 'avg_rssi': None}, 'f2:02:e7:85:73:db': {'first_seen': 1778946124.0368102, 'last_seen': 1778946124.0376558, 'seen_count': 2, 'channels': [], 'avg_rssi': None}, 'f7:79:05:a8:97:fe': {'first_seen': 1778946124.3487816, 'last_seen': 1778946124.3499107, 'seen_count': 2, 'channels': [], 'avg_rssi': None}, '44:e4:07:ee:2d:da': {'first_seen': 1778946124.6619432, 'last_seen': 1778946124.6628091, 'seen_count': 2, 'channels': [], 'avg_rssi': None}, 'ba:85:fc:13:4a:15': {'first_seen': 1778946124.9791257, 'last_seen': 1778946124.9802008, 'seen_count': 2, 'channels': [], 'avg_rssi': None}, '2b:0c:1b:ad:d7:87': {'first_seen': 1778946125.291098, 'last_seen': 1778946125.291962, 'seen_count': 2, 'channels': [], 'avg_rssi': None}, 'd3:83:29:ec:68:40': {'first_seen': 1778946125.6029918, 'last_seen': 1778946125.6041107, 'seen_count': 2, 'channels': [], 'avg_rssi': None}, 'af:d0:86:37:61:17': {'first_seen': 1778946125.9124243, 'last_seen': 1778946125.913376, 'seen_count': 2, 'channels': [], 'avg_rssi': None}, '4e:37:de:11:64:78': {'first_seen': 1778946126.226093, 'last_seen': 1778946126.227141, 'seen_count': 2, 'channels': [], 'avg_rssi': None}, '6f:3f:95:e1:b9:99': {'first_seen': 1778946126.541884, 'last_seen': 1778946126.5427778, 'seen_count': 2, 'channels': [], 'avg_rssi': None}, '2a:39:b4:ff:70:8c': {'first_seen': 1778946126.859234, 'last_seen': 1778946126.860291, 'seen_count': 2, 'channels': [], 'avg_rssi': None}, '45:5a:69:09:15:cf': {'first_seen': 1778946127.174878, 'last_seen': 1778946127.1759322, 'seen_count': 2, 'channels': [], 'avg_rssi': None}, '69:3a:58:cb:08:8f': {'first_seen': 1778946127.4855158, 'last_seen': 1778946127.4866984, 'seen_count': 2, 'channels': [], 'avg_rssi': None}, '6d:6e:f7:4b:43:19': {'first_seen': 1778946127.799643, 'last_seen': 1778946127.8008373, 'seen_count': 2, 'channels': [], 'avg_rssi': None}, '42:32:b7:af:f0:ac': {'first_seen': 1778946128.1110373, 'last_seen': 1778946128.111855, 'seen_count': 2, 'channels': [], 'avg_rssi': None}, 'c8:21:0d:05:11:6d': {'first_seen': 1778946128.4247868, 'last_seen': 1778946128.4260006, 'seen_count': 2, 'channels': [], 'avg_rssi': None}, 'ee:d2:fe:30:8f:7a': {'first_seen': 1778946128.73224, 'last_seen': 1778946128.7331457, 'seen_count': 2, 'channels': [], 'avg_rssi': None}, '14:64:63:fa:05:38': {'first_seen': 1778946129.049223, 'last_seen': 1778946129.0501552, 'seen_count': 2, 'channels': [], 'avg_rssi': None}, 'a6:5a:b4:6a:27:af': {'first_seen': 1778946129.3598545, 'last_seen': 1778946129.3607988, 'seen_count': 2, 'channels': [], 'avg_rssi': None}, '6a:e8:a4:16:71:c9': {'first_seen': 1778946129.6687727, 'last_seen': 1778946129.6696877, 'seen_count': 2, 'channels': [], 'avg_rssi': None}, 'b9:58:eb:82:5a:76': {'first_seen': 1778946129.9866927, 'last_seen': 1778946129.9878337, 'seen_count': 2, 'channels': [], 'avg_rssi': None}, '50:6d:82:dc:15:80': {'first_seen': 1778946130.3051903, 'last_seen': 1778946130.3061018, 'seen_count': 2, 'channels': [], 'avg_rssi': None}, '65:a4:51:b3:0b:59': {'first_seen': 1778946130.6171553, 'last_seen': 1778946130.6179876, 'seen_count': 2, 'channels': [], 'avg_rssi': None}, 'b1:e2:76:0f:08:7c': {'first_seen': 1778946130.9276242, 'last_seen': 1778946130.9287527, 'seen_count': 2, 'channels': [], 'avg_rssi': None}, 'c0:0c:79:ee:b2:cb': {'first_seen': 1778946131.2388012, 'last_seen': 1778946131.2396424, 'seen_count': 2, 'channels': [], 'avg_rssi': None}, 'aa:80:7b:99:7a:7b': {'first_seen': 1778946131.5512347, 'last_seen': 1778946131.552283, 'seen_count': 2, 'channels': [], 'avg_rssi': None}, 'af:39:3f:a7:4b:76': {'first_seen': 1778946131.8582108, 'last_seen': 1778946131.8591712, 'seen_count': 2, 'channels': [], 'avg_rssi': None}, 'a3:38:42:9f:97:aa': {'first_seen': 1778946132.1750848, 'last_seen': 1778946132.1761904, 'seen_count': 2, 'channels': [], 'avg_rssi': None}, '13:f2:d2:12:cd:d1': {'first_seen': 1778946132.4868457, 'last_seen': 1778946132.487839, 'seen_count': 2, 'channels': [], 'avg_rssi': None}, 'a1:0f:e4:fb:25:52': {'first_seen': 1778946132.7960386, 'last_seen': 1778946132.7971067, 'seen_count': 2, 'channels': [], 'avg_rssi': None}, '44:e4:f1:79:10:26': {'first_seen': 1778946133.1082587, 'last_seen': 1778946133.1093662, 'seen_count': 2, 'channels': [], 'avg_rssi': None}, '21:03:2b:cd:05:3f': {'first_seen': 1778946133.4226747, 'last_seen': 1778946133.4236288, 'seen_count': 2, 'channels': [], 'avg_rssi': None}, '68:c0:a6:4b:2f:25': {'first_seen': 1778946133.7381852, 'last_seen': 1778946133.7392728, 'seen_count': 2, 'channels': [], 'avg_rssi': None}, 'd6:95:3c:f7:c8:a6': {'first_seen': 1778946134.0534408, 'last_seen': 1778946134.0544286, 'seen_count': 2, 'channels': [], 'avg_rssi': None}, '03:a5:ae:01:49:d8': {'first_seen': 1778946134.362009, 'last_seen': 1778946134.362939, 'seen_count': 2, 'channels': [], 'avg_rssi': None}, '44:97:0c:c0:56:2a': {'first_seen': 1778946134.6826832, 'last_seen': 1778946134.6835861, 'seen_count': 2, 'channels': [], 'avg_rssi': None}, '2f:fc:ac:0a:09:ea': {'first_seen': 1778946134.997527, 'last_seen': 1778946134.9984617, 'seen_count': 2, 'channels': [], 'avg_rssi': None}, 'fe:c0:1b:6c:8b:50': {'first_seen': 1778946135.3084636, 'last_seen': 1778946135.3096108, 'seen_count': 2, 'channels': [], 'avg_rssi': None}, '75:ca:77:bb:6a:6f': {'first_seen': 1778946135.6183033, 'last_seen': 1778946135.6192517, 'seen_count': 2, 'channels': [], 'avg_rssi': None}, '0c:7c:c9:ca:7c:d3': {'first_seen': 1778946135.9309063, 'last_seen': 1778946135.9321446, 'seen_count': 2, 'channels': [], 'avg_rssi': None}, '46:e4:9f:16:49:46': {'first_seen': 1778946136.2468886, 'last_seen': 1778946136.2479014, 'seen_count': 2, 'channels': [], 'avg_rssi': None}, 'f2:2a:06:75:1b:6d': {'first_seen': 1778946136.5616739, 'last_seen': 1778946136.5627944, 'seen_count': 2, 'channels': [], 'avg_rssi': None}, '17:c2:f8:d7:f9:dd': {'first_seen': 1778946136.8742115, 'last_seen': 1778946136.8753147, 'seen_count': 2, 'channels': [], 'avg_rssi': None}, '46:70:3a:d2:46:48': {'first_seen': 1778946137.1832852, 'last_seen': 1778946137.184199, 'seen_count': 2, 'channels': [], 'avg_rssi': None}, '25:77:35:1b:49:1c': {'first_seen': 1778946137.49274, 'last_seen': 1778946137.493971, 'seen_count': 2, 'channels': [], 'avg_rssi': None}, 'eb:1a:06:c8:65:41': {'first_seen': 1778946137.8007529, 'last_seen': 1778946137.8007529, 'seen_count': 1, 'channels': [], 'avg_rssi': None}, 'e3:1b:52:11:23:eb': {'first_seen': 1778946138.109975, 'last_seen': 1778946138.109975, 'seen_count': 1, 'channels': [], 'avg_rssi': None}}}
!!!!!!!!!!!!!!!!!!!!!!!!!!!!!!!!!!!!!!!!!!!!!!!!!!!!!!!!!!!!!!!!!!!!!!!!!!!!!!!!


!!!!!!!!!!!!!!!!!!!!!!!!!!!!!!!!!!!!!!!!!!!!!!!!!!!!!!!!!!!!!!!!!!!!!!!!!!!!!!!!
[ALERT] ALERT-000065 | POTENTIAL_EVIL_TWIN
severity: LOW
time: 2026-05-16T15:42:18.345263
message: Wykryto potencjalny Evil Twin / Rogue AP dla SSID 'TestNet_023'. Zaobserwowano 99 różnych BSSID oraz podejrzane różnice parametrów sieci.
evidence: {'ssid': 'TestNet_023', 'bssid_count': 99, 'bssids': ['f4:88:44:c3:ff:c3', '5d:3d:1e:7b:d8:5d', 'e0:16:dc:e7:78:7b', 'b9:a6:04:5c:ef:77', 'cb:ba:46:2a:18:b2', '0b:e4:ff:ed:85:da', 'ba:d8:e6:f5:b1:e3', 'f1:d4:5a:9f:82:31', 'd1:60:28:4b:1b:ba', 'e4:1a:10:0f:cf:3c', '77:b0:2b:59:ac:c2', 'b2:21:67:bb:01:a5', 'a0:47:8b:fa:55:b6', 'eb:b1:4b:f7:5b:21', '6b:16:3c:49:67:40', 'c8:5f:42:4e:f2:e5', '03:60:80:02:89:d4', '2f:f3:04:36:f9:47', '4a:d7:76:6f:02:5e', '0e:2c:09:dd:6d:24', '9d:17:79:1c:af:52', 'c7:ce:fc:b6:3a:bd', '47:ed:bd:6c:30:80', 'b6:fb:e9:31:d2:1e', 'ff:01:c1:f6:85:4a', '2d:40:75:06:b8:f8', '38:b6:44:4a:e1:a3', '25:e4:d9:58:4f:32', 'bd:5a:91:44:ba:86', 'bb:93:37:5e:3f:53', '7c:ec:ab:da:81:9f', '46:44:e4:cf:00:d8', '8d:c8:42:61:64:86', 'bc:5f:57:71:ae:42', 'ad:02:a1:12:b8:7d', '8b:0a:99:72:bf:65', '4d:32:ee:c1:58:57', 'c1:eb:c3:7a:f7:f0', '31:44:30:8e:ab:40', '02:b6:9b:8e:60:4b', 'ef:25:57:4c:b8:7d', '69:e7:32:97:c4:5b', '9b:5a:d9:60:3e:30', '14:9f:16:61:4d:5e', '73:57:a2:5a:d3:1c', '18:c3:75:5c:d4:63', '59:29:95:83:f3:69', '55:5d:e7:1d:cb:8b', 'e2:b4:e1:8f:a6:75', '15:a3:e1:f3:71:8b', '69:86:03:16:17:66', '08:1b:d8:fa:61:61', '6d:04:26:f7:c8:2a', '3e:04:2a:ca:04:e2', 'de:a8:db:a0:a5:7a', '2f:07:ca:fc:a2:fd', '15:95:83:60:d5:e3', 'da:3d:ec:c1:87:d7', 'f3:54:30:d6:d5:df', '4c:c8:32:a5:fc:d3', '86:8f:70:cc:87:20', 'b9:4b:70:58:b4:aa', 'f7:80:a8:f4:96:10', '36:85:6d:e5:d5:b0', 'fa:17:a9:3a:07:b5', 'fc:c4:1e:18:c9:27', '0a:07:c1:14:a6:8c', 'b7:da:b4:be:d6:a5', 'cf:01:7c:07:1a:41', '5d:14:a4:eb:ca:fc', 'cb:f4:01:75:52:87', 'c4:cb:ee:ff:8e:dd', 'b0:31:ce:c0:6c:70', '8c:e0:20:dd:73:50', '4c:97:33:c1:99:fc', '80:b5:38:7e:88:b1', '28:d3:d1:8d:91:07', '0c:73:a5:89:e4:a6', 'aa:ce:04:6a:c3:72', '34:88:31:30:1e:39', '69:fd:87:60:fc:1f', 'a5:d0:56:3f:0d:2a', 'c6:62:3f:00:c0:8d', '84:3d:08:93:22:f4', 'da:6d:cb:fb:d3:57', '5f:81:14:dc:9c:f8', 'bc:34:44:eb:f6:0b', 'ea:9f:15:db:26:73', 'c4:5b:06:f6:fc:87', '98:6d:0a:54:30:43', 'e3:61:0e:3c:79:62', 'a9:15:b7:ee:54:8a', 'a2:80:40:d5:d6:ea', '27:a3:76:62:85:bc', '1d:38:39:0e:a5:6b', '4d:4e:c7:d2:5d:85', '58:3b:c7:da:4e:1b', '49:89:c3:98:41:8e', '97:15:02:df:52:21'], 'triggered_reasons': ['same_ssid_multiple_bssid'], 'observations': {'f4:88:44:c3:ff:c3': {'first_seen': 1778946107.4640386, 'last_seen': 1778946107.4650447, 'seen_count': 2, 'channels': [], 'avg_rssi': None}, '5d:3d:1e:7b:d8:5d': {'first_seen': 1778946107.773402, 'last_seen': 1778946107.7743099, 'seen_count': 2, 'channels': [], 'avg_rssi': None}, 'e0:16:dc:e7:78:7b': {'first_seen': 1778946108.0852609, 'last_seen': 1778946108.0864515, 'seen_count': 2, 'channels': [], 'avg_rssi': None}, 'b9:a6:04:5c:ef:77': {'first_seen': 1778946108.3971066, 'last_seen': 1778946108.3983388, 'seen_count': 2, 'channels': [], 'avg_rssi': None}, 'cb:ba:46:2a:18:b2': {'first_seen': 1778946108.7076302, 'last_seen': 1778946108.70889, 'seen_count': 2, 'channels': [], 'avg_rssi': None}, '0b:e4:ff:ed:85:da': {'first_seen': 1778946109.0153315, 'last_seen': 1778946109.0162525, 'seen_count': 2, 'channels': [], 'avg_rssi': None}, 'ba:d8:e6:f5:b1:e3': {'first_seen': 1778946109.32438, 'last_seen': 1778946109.3255076, 'seen_count': 2, 'channels': [], 'avg_rssi': None}, 'f1:d4:5a:9f:82:31': {'first_seen': 1778946109.6361818, 'last_seen': 1778946109.6371589, 'seen_count': 2, 'channels': [], 'avg_rssi': None}, 'd1:60:28:4b:1b:ba': {'first_seen': 1778946109.9447196, 'last_seen': 1778946109.945791, 'seen_count': 2, 'channels': [], 'avg_rssi': None}, 'e4:1a:10:0f:cf:3c': {'first_seen': 1778946110.2503502, 'last_seen': 1778946110.2511802, 'seen_count': 2, 'channels': [], 'avg_rssi': None}, '77:b0:2b:59:ac:c2': {'first_seen': 1778946110.5624764, 'last_seen': 1778946110.563571, 'seen_count': 2, 'channels': [], 'avg_rssi': None}, 'b2:21:67:bb:01:a5': {'first_seen': 1778946110.8716178, 'last_seen': 1778946110.8724682, 'seen_count': 2, 'channels': [], 'avg_rssi': None}, 'a0:47:8b:fa:55:b6': {'first_seen': 1778946111.181813, 'last_seen': 1778946111.1828623, 'seen_count': 2, 'channels': [], 'avg_rssi': None}, 'eb:b1:4b:f7:5b:21': {'first_seen': 1778946111.4918516, 'last_seen': 1778946111.4928684, 'seen_count': 2, 'channels': [], 'avg_rssi': None}, '6b:16:3c:49:67:40': {'first_seen': 1778946111.800687, 'last_seen': 1778946111.8017647, 'seen_count': 2, 'channels': [], 'avg_rssi': None}, 'c8:5f:42:4e:f2:e5': {'first_seen': 1778946112.1066763, 'last_seen': 1778946112.1077845, 'seen_count': 2, 'channels': [], 'avg_rssi': None}, '03:60:80:02:89:d4': {'first_seen': 1778946112.4193528, 'last_seen': 1778946112.420425, 'seen_count': 2, 'channels': [], 'avg_rssi': None}, '2f:f3:04:36:f9:47': {'first_seen': 1778946112.7301004, 'last_seen': 1778946112.7309315, 'seen_count': 2, 'channels': [], 'avg_rssi': None}, '4a:d7:76:6f:02:5e': {'first_seen': 1778946113.0464458, 'last_seen': 1778946113.0473242, 'seen_count': 2, 'channels': [], 'avg_rssi': None}, '0e:2c:09:dd:6d:24': {'first_seen': 1778946113.3562691, 'last_seen': 1778946113.3570905, 'seen_count': 2, 'channels': [], 'avg_rssi': None}, '9d:17:79:1c:af:52': {'first_seen': 1778946113.6732833, 'last_seen': 1778946113.6742332, 'seen_count': 2, 'channels': [], 'avg_rssi': None}, 'c7:ce:fc:b6:3a:bd': {'first_seen': 1778946113.9851165, 'last_seen': 1778946113.986017, 'seen_count': 2, 'channels': [], 'avg_rssi': None}, '47:ed:bd:6c:30:80': {'first_seen': 1778946114.2912033, 'last_seen': 1778946114.2923896, 'seen_count': 2, 'channels': [], 'avg_rssi': None}, 'b6:fb:e9:31:d2:1e': {'first_seen': 1778946114.6005619, 'last_seen': 1778946114.6016586, 'seen_count': 2, 'channels': [], 'avg_rssi': None}, 'ff:01:c1:f6:85:4a': {'first_seen': 1778946114.9083602, 'last_seen': 1778946114.9095466, 'seen_count': 2, 'channels': [], 'avg_rssi': None}, '2d:40:75:06:b8:f8': {'first_seen': 1778946115.2251556, 'last_seen': 1778946115.2260754, 'seen_count': 2, 'channels': [], 'avg_rssi': None}, '38:b6:44:4a:e1:a3': {'first_seen': 1778946115.5355365, 'last_seen': 1778946115.5364602, 'seen_count': 2, 'channels': [], 'avg_rssi': None}, '25:e4:d9:58:4f:32': {'first_seen': 1778946115.8418384, 'last_seen': 1778946115.8429708, 'seen_count': 2, 'channels': [], 'avg_rssi': None}, 'bd:5a:91:44:ba:86': {'first_seen': 1778946116.1515374, 'last_seen': 1778946116.1527426, 'seen_count': 2, 'channels': [], 'avg_rssi': None}, 'bb:93:37:5e:3f:53': {'first_seen': 1778946116.4594276, 'last_seen': 1778946116.4602506, 'seen_count': 2, 'channels': [], 'avg_rssi': None}, '7c:ec:ab:da:81:9f': {'first_seen': 1778946116.771103, 'last_seen': 1778946116.772026, 'seen_count': 2, 'channels': [], 'avg_rssi': None}, '46:44:e4:cf:00:d8': {'first_seen': 1778946117.0837772, 'last_seen': 1778946117.0847847, 'seen_count': 2, 'channels': [], 'avg_rssi': None}, '8d:c8:42:61:64:86': {'first_seen': 1778946117.392685, 'last_seen': 1778946117.3935595, 'seen_count': 2, 'channels': [], 'avg_rssi': None}, 'bc:5f:57:71:ae:42': {'first_seen': 1778946117.7054644, 'last_seen': 1778946117.7065737, 'seen_count': 2, 'channels': [], 'avg_rssi': None}, 'ad:02:a1:12:b8:7d': {'first_seen': 1778946118.0172253, 'last_seen': 1778946118.01822, 'seen_count': 2, 'channels': [], 'avg_rssi': None}, '8b:0a:99:72:bf:65': {'first_seen': 1778946118.3296099, 'last_seen': 1778946118.3307269, 'seen_count': 2, 'channels': [], 'avg_rssi': None}, '4d:32:ee:c1:58:57': {'first_seen': 1778946118.6407533, 'last_seen': 1778946118.641868, 'seen_count': 2, 'channels': [], 'avg_rssi': None}, 'c1:eb:c3:7a:f7:f0': {'first_seen': 1778946118.9530005, 'last_seen': 1778946118.9541311, 'seen_count': 2, 'channels': [], 'avg_rssi': None}, '31:44:30:8e:ab:40': {'first_seen': 1778946119.2695806, 'last_seen': 1778946119.2707787, 'seen_count': 2, 'channels': [], 'avg_rssi': None}, '02:b6:9b:8e:60:4b': {'first_seen': 1778946119.5776715, 'last_seen': 1778946119.5787876, 'seen_count': 2, 'channels': [], 'avg_rssi': None}, 'ef:25:57:4c:b8:7d': {'first_seen': 1778946119.8880715, 'last_seen': 1778946119.8889298, 'seen_count': 2, 'channels': [], 'avg_rssi': None}, '69:e7:32:97:c4:5b': {'first_seen': 1778946120.19779, 'last_seen': 1778946120.198702, 'seen_count': 2, 'channels': [], 'avg_rssi': None}, '9b:5a:d9:60:3e:30': {'first_seen': 1778946120.5097332, 'last_seen': 1778946120.5108361, 'seen_count': 2, 'channels': [], 'avg_rssi': None}, '14:9f:16:61:4d:5e': {'first_seen': 1778946120.822687, 'last_seen': 1778946120.8257275, 'seen_count': 2, 'channels': [], 'avg_rssi': None}, '73:57:a2:5a:d3:1c': {'first_seen': 1778946121.137607, 'last_seen': 1778946121.1386538, 'seen_count': 2, 'channels': [], 'avg_rssi': None}, '18:c3:75:5c:d4:63': {'first_seen': 1778946121.4478614, 'last_seen': 1778946121.4487705, 'seen_count': 2, 'channels': [], 'avg_rssi': None}, '59:29:95:83:f3:69': {'first_seen': 1778946121.7619243, 'last_seen': 1778946121.7630255, 'seen_count': 2, 'channels': [], 'avg_rssi': None}, '55:5d:e7:1d:cb:8b': {'first_seen': 1778946122.0736377, 'last_seen': 1778946122.0745459, 'seen_count': 2, 'channels': [], 'avg_rssi': None}, 'e2:b4:e1:8f:a6:75': {'first_seen': 1778946122.3868337, 'last_seen': 1778946122.3876839, 'seen_count': 2, 'channels': [], 'avg_rssi': None}, '15:a3:e1:f3:71:8b': {'first_seen': 1778946122.6989777, 'last_seen': 1778946122.6999533, 'seen_count': 2, 'channels': [], 'avg_rssi': None}, '69:86:03:16:17:66': {'first_seen': 1778946123.0191267, 'last_seen': 1778946123.0203443, 'seen_count': 2, 'channels': [], 'avg_rssi': None}, '08:1b:d8:fa:61:61': {'first_seen': 1778946123.3349009, 'last_seen': 1778946123.3359833, 'seen_count': 2, 'channels': [], 'avg_rssi': None}, '6d:04:26:f7:c8:2a': {'first_seen': 1778946123.6512887, 'last_seen': 1778946123.6521306, 'seen_count': 2, 'channels': [], 'avg_rssi': None}, '3e:04:2a:ca:04:e2': {'first_seen': 1778946123.9617941, 'last_seen': 1778946123.9630234, 'seen_count': 2, 'channels': [], 'avg_rssi': None}, 'de:a8:db:a0:a5:7a': {'first_seen': 1778946124.275811, 'last_seen': 1778946124.2769063, 'seen_count': 2, 'channels': [], 'avg_rssi': None}, '2f:07:ca:fc:a2:fd': {'first_seen': 1778946124.5911264, 'last_seen': 1778946124.5920553, 'seen_count': 2, 'channels': [], 'avg_rssi': None}, '15:95:83:60:d5:e3': {'first_seen': 1778946124.9018083, 'last_seen': 1778946124.902946, 'seen_count': 2, 'channels': [], 'avg_rssi': None}, 'da:3d:ec:c1:87:d7': {'first_seen': 1778946125.2162387, 'last_seen': 1778946125.217207, 'seen_count': 2, 'channels': [], 'avg_rssi': None}, 'f3:54:30:d6:d5:df': {'first_seen': 1778946125.532269, 'last_seen': 1778946125.5333464, 'seen_count': 2, 'channels': [], 'avg_rssi': None}, '4c:c8:32:a5:fc:d3': {'first_seen': 1778946125.8416731, 'last_seen': 1778946125.8436108, 'seen_count': 2, 'channels': [], 'avg_rssi': None}, '86:8f:70:cc:87:20': {'first_seen': 1778946126.1553156, 'last_seen': 1778946126.1565042, 'seen_count': 2, 'channels': [], 'avg_rssi': None}, 'b9:4b:70:58:b4:aa': {'first_seen': 1778946126.4687088, 'last_seen': 1778946126.4697711, 'seen_count': 2, 'channels': [], 'avg_rssi': None}, 'f7:80:a8:f4:96:10': {'first_seen': 1778946126.7850587, 'last_seen': 1778946126.786162, 'seen_count': 2, 'channels': [], 'avg_rssi': None}, '36:85:6d:e5:d5:b0': {'first_seen': 1778946127.1018052, 'last_seen': 1778946127.1026773, 'seen_count': 2, 'channels': [], 'avg_rssi': None}, 'fa:17:a9:3a:07:b5': {'first_seen': 1778946127.414762, 'last_seen': 1778946127.4157012, 'seen_count': 2, 'channels': [], 'avg_rssi': None}, 'fc:c4:1e:18:c9:27': {'first_seen': 1778946127.7265182, 'last_seen': 1778946127.7274706, 'seen_count': 2, 'channels': [], 'avg_rssi': None}, '0a:07:c1:14:a6:8c': {'first_seen': 1778946128.036049, 'last_seen': 1778946128.0369873, 'seen_count': 2, 'channels': [], 'avg_rssi': None}, 'b7:da:b4:be:d6:a5': {'first_seen': 1778946128.3529031, 'last_seen': 1778946128.3539934, 'seen_count': 2, 'channels': [], 'avg_rssi': None}, 'cf:01:7c:07:1a:41': {'first_seen': 1778946128.661329, 'last_seen': 1778946128.6622586, 'seen_count': 2, 'channels': [], 'avg_rssi': None}, '5d:14:a4:eb:ca:fc': {'first_seen': 1778946128.9784932, 'last_seen': 1778946128.979408, 'seen_count': 2, 'channels': [], 'avg_rssi': None}, 'cb:f4:01:75:52:87': {'first_seen': 1778946129.2837656, 'last_seen': 1778946129.2849162, 'seen_count': 2, 'channels': [], 'avg_rssi': None}, 'c4:cb:ee:ff:8e:dd': {'first_seen': 1778946129.5980413, 'last_seen': 1778946129.5990713, 'seen_count': 2, 'channels': [], 'avg_rssi': None}, 'b0:31:ce:c0:6c:70': {'first_seen': 1778946129.9080064, 'last_seen': 1778946129.9088259, 'seen_count': 2, 'channels': [], 'avg_rssi': None}, '8c:e0:20:dd:73:50': {'first_seen': 1778946130.2309012, 'last_seen': 1778946130.2318475, 'seen_count': 2, 'channels': [], 'avg_rssi': None}, '4c:97:33:c1:99:fc': {'first_seen': 1778946130.5440938, 'last_seen': 1778946130.5452306, 'seen_count': 2, 'channels': [], 'avg_rssi': None}, '80:b5:38:7e:88:b1': {'first_seen': 1778946130.8569245, 'last_seen': 1778946130.8579955, 'seen_count': 2, 'channels': [], 'avg_rssi': None}, '28:d3:d1:8d:91:07': {'first_seen': 1778946131.1665359, 'last_seen': 1778946131.1677642, 'seen_count': 2, 'channels': [], 'avg_rssi': None}, '0c:73:a5:89:e4:a6': {'first_seen': 1778946131.4804778, 'last_seen': 1778946131.4816563, 'seen_count': 2, 'channels': [], 'avg_rssi': None}, 'aa:ce:04:6a:c3:72': {'first_seen': 1778946131.7864823, 'last_seen': 1778946131.7875423, 'seen_count': 2, 'channels': [], 'avg_rssi': None}, '34:88:31:30:1e:39': {'first_seen': 1778946132.0961733, 'last_seen': 1778946132.0973125, 'seen_count': 2, 'channels': [], 'avg_rssi': None}, '69:fd:87:60:fc:1f': {'first_seen': 1778946132.4155927, 'last_seen': 1778946132.4165814, 'seen_count': 2, 'channels': [], 'avg_rssi': None}, 'a5:d0:56:3f:0d:2a': {'first_seen': 1778946132.7249906, 'last_seen': 1778946132.7259707, 'seen_count': 2, 'channels': [], 'avg_rssi': None}, 'c6:62:3f:00:c0:8d': {'first_seen': 1778946133.0357454, 'last_seen': 1778946133.0368762, 'seen_count': 2, 'channels': [], 'avg_rssi': None}, '84:3d:08:93:22:f4': {'first_seen': 1778946133.3460202, 'last_seen': 1778946133.34726, 'seen_count': 2, 'channels': [], 'avg_rssi': None}, 'da:6d:cb:fb:d3:57': {'first_seen': 1778946133.662929, 'last_seen': 1778946133.6639078, 'seen_count': 2, 'channels': [], 'avg_rssi': None}, '5f:81:14:dc:9c:f8': {'first_seen': 1778946133.979095, 'last_seen': 1778946133.9800415, 'seen_count': 2, 'channels': [], 'avg_rssi': None}, 'bc:34:44:eb:f6:0b': {'first_seen': 1778946134.291148, 'last_seen': 1778946134.2920501, 'seen_count': 2, 'channels': [], 'avg_rssi': None}, 'ea:9f:15:db:26:73': {'first_seen': 1778946134.6037378, 'last_seen': 1778946134.6046999, 'seen_count': 2, 'channels': [], 'avg_rssi': None}, 'c4:5b:06:f6:fc:87': {'first_seen': 1778946134.9266648, 'last_seen': 1778946134.927582, 'seen_count': 2, 'channels': [], 'avg_rssi': None}, '98:6d:0a:54:30:43': {'first_seen': 1778946135.2371435, 'last_seen': 1778946135.2383502, 'seen_count': 2, 'channels': [], 'avg_rssi': None}, 'e3:61:0e:3c:79:62': {'first_seen': 1778946135.5473294, 'last_seen': 1778946135.5482404, 'seen_count': 2, 'channels': [], 'avg_rssi': None}, 'a9:15:b7:ee:54:8a': {'first_seen': 1778946135.8598323, 'last_seen': 1778946135.8608792, 'seen_count': 2, 'channels': [], 'avg_rssi': None}, 'a2:80:40:d5:d6:ea': {'first_seen': 1778946136.1716075, 'last_seen': 1778946136.1725318, 'seen_count': 2, 'channels': [], 'avg_rssi': None}, '27:a3:76:62:85:bc': {'first_seen': 1778946136.4909391, 'last_seen': 1778946136.4937866, 'seen_count': 2, 'channels': [], 'avg_rssi': None}, '1d:38:39:0e:a5:6b': {'first_seen': 1778946136.80305, 'last_seen': 1778946136.803931, 'seen_count': 2, 'channels': [], 'avg_rssi': None}, '4d:4e:c7:d2:5d:85': {'first_seen': 1778946137.112598, 'last_seen': 1778946137.1137009, 'seen_count': 2, 'channels': [], 'avg_rssi': None}, '58:3b:c7:da:4e:1b': {'first_seen': 1778946137.4176505, 'last_seen': 1778946137.4193385, 'seen_count': 2, 'channels': [], 'avg_rssi': None}, '49:89:c3:98:41:8e': {'first_seen': 1778946137.732602, 'last_seen': 1778946137.732602, 'seen_count': 1, 'channels': [], 'avg_rssi': None}, '97:15:02:df:52:21': {'first_seen': 1778946138.3452635, 'last_seen': 1778946138.3452635, 'seen_count': 1, 'channels': [], 'avg_rssi': None}}}
!!!!!!!!!!!!!!!!!!!!!!!!!!!!!!!!!!!!!!!!!!!!!!!!!!!!!!!!!!!!!!!!!!!!!!!!!!!!!!!!


!!!!!!!!!!!!!!!!!!!!!!!!!!!!!!!!!!!!!!!!!!!!!!!!!!!!!!!!!!!!!!!!!!!!!!!!!!!!!!!!
[ALERT] ALERT-000066 | POTENTIAL_EVIL_TWIN
severity: LOW
time: 2026-05-16T15:42:18.365494
message: Wykryto potencjalny Evil Twin / Rogue AP dla SSID 'TestNet_025'. Zaobserwowano 99 różnych BSSID oraz podejrzane różnice parametrów sieci.
evidence: {'ssid': 'TestNet_025', 'bssid_count': 99, 'bssids': ['77:44:ac:62:b3:92', 'bb:fb:d3:e0:24:33', 'df:e6:4f:88:8f:2b', 'bf:f5:3d:ee:1e:9a', '57:d3:ed:b5:77:d9', '1c:1d:89:1c:4f:97', '10:e8:ab:98:e6:2f', 'f6:a3:10:91:a6:65', 'b4:2a:4b:b1:4c:a0', '49:ec:24:78:f2:cd', '35:7a:3f:0f:01:f6', 'd4:56:08:b3:86:a8', 'd2:01:9b:c6:1a:20', '06:f2:e5:fc:42:37', 'fb:fb:5f:1b:29:5a', '99:45:fc:a5:0e:7b', '13:5e:3d:26:2c:d7', 'a7:f9:a7:61:26:90', '27:04:ea:b5:3e:2b', '25:59:d6:47:b7:6a', 'bf:a8:27:6d:ab:f3', '68:ba:e3:b1:c0:a1', '7b:62:5c:76:15:ce', '36:9f:a6:29:d1:c1', '85:a9:2a:32:75:a4', '8e:8c:0f:17:b2:fa', '9b:c1:7c:77:87:5a', 'b0:a1:10:f9:4e:be', '7a:8d:4d:44:b9:bb', '36:1b:f4:67:7e:e9', 'f7:c2:94:aa:2f:12', '26:51:aa:b9:8d:ab', 'fa:de:70:ef:fe:02', '81:79:36:03:78:da', '4d:80:3d:f9:e6:a8', '6c:62:32:1c:0c:a7', 'ba:43:d3:e3:5d:25', '2f:58:fa:e5:bd:b2', 'ad:46:24:d1:03:dc', 'aa:76:6b:6d:48:c1', 'f8:e3:5f:21:b1:cb', '33:e0:e9:c5:70:0b', 'db:3f:b6:ee:19:86', '4b:b4:70:60:42:dd', '04:eb:fc:fc:d4:90', '1e:fd:2c:70:42:f0', '1d:f9:27:75:bd:48', '5f:09:6a:b8:6a:55', '6d:02:ab:41:94:ba', '04:a3:8a:d0:85:32', '9d:99:80:74:14:22', '13:db:50:3f:f8:10', '09:23:d4:51:84:c3', 'c3:95:20:3c:0b:f4', 'ae:6d:6b:e7:c8:c2', '60:d6:63:75:be:04', '95:f4:1e:16:98:8e', 'c9:12:1a:dd:62:8a', '51:1d:3b:bd:43:8d', '09:c2:2c:4d:30:6a', '67:1e:20:cd:18:07', '40:82:1a:0a:e9:63', '87:be:0a:75:d8:09', '60:f4:36:83:b9:7d', 'f0:b4:15:eb:02:ae', '68:26:a7:dc:71:be', '61:de:60:71:13:e1', 'b8:d6:43:a2:09:ee', '52:58:f6:2a:c1:aa', '29:b0:ba:5d:f8:8a', 'a8:36:33:0c:5c:a2', '49:74:72:4c:7c:4d', '2c:fa:0a:e4:61:62', '99:3c:ff:de:cf:4e', 'e2:b4:38:b0:78:78', '10:61:de:31:8d:d5', 'bf:df:82:97:65:f2', '74:62:fd:ef:8c:cd', '92:ad:7b:df:ed:ff', '5e:6c:d1:82:c6:ed', 'bd:97:f3:99:f0:7d', '5a:cd:41:04:5a:94', '3f:88:d0:70:9e:ec', 'cc:da:1a:4b:3a:ff', 'dc:aa:5c:73:0a:42', '8b:10:f0:6d:58:19', '91:a7:d8:2e:ee:26', '50:e1:af:68:7b:c0', '50:a0:f6:b2:96:dd', 'bc:cf:ef:f5:9c:6b', 'b0:2e:35:26:83:90', '20:3d:be:84:96:47', '05:4c:4d:87:ac:4a', '57:e8:35:fd:a7:cb', 'ff:24:94:6f:ed:b2', 'ed:13:3a:da:c6:50', '44:04:83:fa:f3:82', 'b8:8f:cc:70:58:1d', '45:08:04:19:74:32'], 'triggered_reasons': ['same_ssid_multiple_bssid'], 'observations': {'77:44:ac:62:b3:92': {'first_seen': 1778946107.4842658, 'last_seen': 1778946107.4854126, 'seen_count': 2, 'channels': [], 'avg_rssi': None}, 'bb:fb:d3:e0:24:33': {'first_seen': 1778946107.7936368, 'last_seen': 1778946107.7945616, 'seen_count': 2, 'channels': [], 'avg_rssi': None}, 'df:e6:4f:88:8f:2b': {'first_seen': 1778946108.106728, 'last_seen': 1778946108.1076956, 'seen_count': 2, 'channels': [], 'avg_rssi': None}, 'bf:f5:3d:ee:1e:9a': {'first_seen': 1778946108.4173555, 'last_seen': 1778946108.418467, 'seen_count': 2, 'channels': [], 'avg_rssi': None}, '57:d3:ed:b5:77:d9': {'first_seen': 1778946108.7278378, 'last_seen': 1778946108.7289777, 'seen_count': 2, 'channels': [], 'avg_rssi': None}, '1c:1d:89:1c:4f:97': {'first_seen': 1778946109.0383863, 'last_seen': 1778946109.039492, 'seen_count': 2, 'channels': [], 'avg_rssi': None}, '10:e8:ab:98:e6:2f': {'first_seen': 1778946109.345594, 'last_seen': 1778946109.3465106, 'seen_count': 2, 'channels': [], 'avg_rssi': None}, 'f6:a3:10:91:a6:65': {'first_seen': 1778946109.6563938, 'last_seen': 1778946109.6574047, 'seen_count': 2, 'channels': [], 'avg_rssi': None}, 'b4:2a:4b:b1:4c:a0': {'first_seen': 1778946109.9654803, 'last_seen': 1778946109.9665408, 'seen_count': 2, 'channels': [], 'avg_rssi': None}, '49:ec:24:78:f2:cd': {'first_seen': 1778946110.2705839, 'last_seen': 1778946110.271562, 'seen_count': 2, 'channels': [], 'avg_rssi': None}, '35:7a:3f:0f:01:f6': {'first_seen': 1778946110.5826912, 'last_seen': 1778946110.585446, 'seen_count': 2, 'channels': [], 'avg_rssi': None}, 'd4:56:08:b3:86:a8': {'first_seen': 1778946110.8918412, 'last_seen': 1778946110.8928444, 'seen_count': 2, 'channels': [], 'avg_rssi': None}, 'd2:01:9b:c6:1a:20': {'first_seen': 1778946111.20406, 'last_seen': 1778946111.2058504, 'seen_count': 2, 'channels': [], 'avg_rssi': None}, '06:f2:e5:fc:42:37': {'first_seen': 1778946111.5120547, 'last_seen': 1778946111.5129952, 'seen_count': 2, 'channels': [], 'avg_rssi': None}, 'fb:fb:5f:1b:29:5a': {'first_seen': 1778946111.8211465, 'last_seen': 1778946111.8221357, 'seen_count': 2, 'channels': [], 'avg_rssi': None}, '99:45:fc:a5:0e:7b': {'first_seen': 1778946112.126873, 'last_seen': 1778946112.1277773, 'seen_count': 2, 'channels': [], 'avg_rssi': None}, '13:5e:3d:26:2c:d7': {'first_seen': 1778946112.439535, 'last_seen': 1778946112.4406695, 'seen_count': 2, 'channels': [], 'avg_rssi': None}, 'a7:f9:a7:61:26:90': {'first_seen': 1778946112.7521348, 'last_seen': 1778946112.753188, 'seen_count': 2, 'channels': [], 'avg_rssi': None}, '27:04:ea:b5:3e:2b': {'first_seen': 1778946113.0668952, 'last_seen': 1778946113.0680857, 'seen_count': 2, 'channels': [], 'avg_rssi': None}, '25:59:d6:47:b7:6a': {'first_seen': 1778946113.3810153, 'last_seen': 1778946113.381846, 'seen_count': 2, 'channels': [], 'avg_rssi': None}, 'bf:a8:27:6d:ab:f3': {'first_seen': 1778946113.693522, 'last_seen': 1778946113.694739, 'seen_count': 2, 'channels': [], 'avg_rssi': None}, '68:ba:e3:b1:c0:a1': {'first_seen': 1778946114.0053105, 'last_seen': 1778946114.0062695, 'seen_count': 2, 'channels': [], 'avg_rssi': None}, '7b:62:5c:76:15:ce': {'first_seen': 1778946114.3114321, 'last_seen': 1778946114.3123984, 'seen_count': 2, 'channels': [], 'avg_rssi': None}, '36:9f:a6:29:d1:c1': {'first_seen': 1778946114.6210403, 'last_seen': 1778946114.622157, 'seen_count': 2, 'channels': [], 'avg_rssi': None}, '85:a9:2a:32:75:a4': {'first_seen': 1778946114.9286125, 'last_seen': 1778946114.9297974, 'seen_count': 2, 'channels': [], 'avg_rssi': None}, '8e:8c:0f:17:b2:fa': {'first_seen': 1778946115.24877, 'last_seen': 1778946115.2499402, 'seen_count': 2, 'channels': [], 'avg_rssi': None}, '9b:c1:7c:77:87:5a': {'first_seen': 1778946115.5557637, 'last_seen': 1778946115.5567048, 'seen_count': 2, 'channels': [], 'avg_rssi': None}, 'b0:a1:10:f9:4e:be': {'first_seen': 1778946115.8620424, 'last_seen': 1778946115.8629692, 'seen_count': 2, 'channels': [], 'avg_rssi': None}, '7a:8d:4d:44:b9:bb': {'first_seen': 1778946116.1717803, 'last_seen': 1778946116.1728694, 'seen_count': 2, 'channels': [], 'avg_rssi': None}, '36:1b:f4:67:7e:e9': {'first_seen': 1778946116.4807591, 'last_seen': 1778946116.4818766, 'seen_count': 2, 'channels': [], 'avg_rssi': None}, 'f7:c2:94:aa:2f:12': {'first_seen': 1778946116.7913165, 'last_seen': 1778946116.7923944, 'seen_count': 2, 'channels': [], 'avg_rssi': None}, '26:51:aa:b9:8d:ab': {'first_seen': 1778946117.1040456, 'last_seen': 1778946117.1050436, 'seen_count': 2, 'channels': [], 'avg_rssi': None}, 'fa:de:70:ef:fe:02': {'first_seen': 1778946117.412926, 'last_seen': 1778946117.4144254, 'seen_count': 2, 'channels': [], 'avg_rssi': None}, '81:79:36:03:78:da': {'first_seen': 1778946117.7287543, 'last_seen': 1778946117.729816, 'seen_count': 2, 'channels': [], 'avg_rssi': None}, '4d:80:3d:f9:e6:a8': {'first_seen': 1778946118.0398047, 'last_seen': 1778946118.0407076, 'seen_count': 2, 'channels': [], 'avg_rssi': None}, '6c:62:32:1c:0c:a7': {'first_seen': 1778946118.3498456, 'last_seen': 1778946118.3508596, 'seen_count': 2, 'channels': [], 'avg_rssi': None}, 'ba:43:d3:e3:5d:25': {'first_seen': 1778946118.664023, 'last_seen': 1778946118.665118, 'seen_count': 2, 'channels': [], 'avg_rssi': None}, '2f:58:fa:e5:bd:b2': {'first_seen': 1778946118.9747646, 'last_seen': 1778946118.975886, 'seen_count': 2, 'channels': [], 'avg_rssi': None}, 'ad:46:24:d1:03:dc': {'first_seen': 1778946119.2897835, 'last_seen': 1778946119.2908988, 'seen_count': 2, 'channels': [], 'avg_rssi': None}, 'aa:76:6b:6d:48:c1': {'first_seen': 1778946119.5979028, 'last_seen': 1778946119.5989127, 'seen_count': 2, 'channels': [], 'avg_rssi': None}, 'f8:e3:5f:21:b1:cb': {'first_seen': 1778946119.90831, 'last_seen': 1778946119.9098072, 'seen_count': 2, 'channels': [], 'avg_rssi': None}, '33:e0:e9:c5:70:0b': {'first_seen': 1778946120.2182596, 'last_seen': 1778946120.2191963, 'seen_count': 2, 'channels': [], 'avg_rssi': None}, 'db:3f:b6:ee:19:86': {'first_seen': 1778946120.52993, 'last_seen': 1778946120.5309615, 'seen_count': 2, 'channels': [], 'avg_rssi': None}, '4b:b4:70:60:42:dd': {'first_seen': 1778946120.842884, 'last_seen': 1778946120.843854, 'seen_count': 2, 'channels': [], 'avg_rssi': None}, '04:eb:fc:fc:d4:90': {'first_seen': 1778946121.15785, 'last_seen': 1778946121.1590035, 'seen_count': 2, 'channels': [], 'avg_rssi': None}, '1e:fd:2c:70:42:f0': {'first_seen': 1778946121.4680643, 'last_seen': 1778946121.4691367, 'seen_count': 2, 'channels': [], 'avg_rssi': None}, '1d:f9:27:75:bd:48': {'first_seen': 1778946121.782141, 'last_seen': 1778946121.7831538, 'seen_count': 2, 'channels': [], 'avg_rssi': None}, '5f:09:6a:b8:6a:55': {'first_seen': 1778946122.0938547, 'last_seen': 1778946122.0949337, 'seen_count': 2, 'channels': [], 'avg_rssi': None}, '6d:02:ab:41:94:ba': {'first_seen': 1778946122.4070854, 'last_seen': 1778946122.408316, 'seen_count': 2, 'channels': [], 'avg_rssi': None}, '04:a3:8a:d0:85:32': {'first_seen': 1778946122.7224164, 'last_seen': 1778946122.7233253, 'seen_count': 2, 'channels': [], 'avg_rssi': None}, '9d:99:80:74:14:22': {'first_seen': 1778946123.042682, 'last_seen': 1778946123.043842, 'seen_count': 2, 'channels': [], 'avg_rssi': None}, '13:db:50:3f:f8:10': {'first_seen': 1778946123.355167, 'last_seen': 1778946123.3561163, 'seen_count': 2, 'channels': [], 'avg_rssi': None}, '09:23:d4:51:84:c3': {'first_seen': 1778946123.671584, 'last_seen': 1778946123.6726384, 'seen_count': 2, 'channels': [], 'avg_rssi': None}, 'c3:95:20:3c:0b:f4': {'first_seen': 1778946123.9820058, 'last_seen': 1778946123.9830244, 'seen_count': 2, 'channels': [], 'avg_rssi': None}, 'ae:6d:6b:e7:c8:c2': {'first_seen': 1778946124.2960427, 'last_seen': 1778946124.297166, 'seen_count': 2, 'channels': [], 'avg_rssi': None}, '60:d6:63:75:be:04': {'first_seen': 1778946124.611383, 'last_seen': 1778946124.6150465, 'seen_count': 2, 'channels': [], 'avg_rssi': None}, '95:f4:1e:16:98:8e': {'first_seen': 1778946124.9239893, 'last_seen': 1778946124.9252071, 'seen_count': 2, 'channels': [], 'avg_rssi': None}, 'c9:12:1a:dd:62:8a': {'first_seen': 1778946125.2364519, 'last_seen': 1778946125.2375815, 'seen_count': 2, 'channels': [], 'avg_rssi': None}, '51:1d:3b:bd:43:8d': {'first_seen': 1778946125.552481, 'last_seen': 1778946125.553618, 'seen_count': 2, 'channels': [], 'avg_rssi': None}, '09:c2:2c:4d:30:6a': {'first_seen': 1778946125.8618886, 'last_seen': 1778946125.862996, 'seen_count': 2, 'channels': [], 'avg_rssi': None}, '67:1e:20:cd:18:07': {'first_seen': 1778946126.1755066, 'last_seen': 1778946126.1763794, 'seen_count': 2, 'channels': [], 'avg_rssi': None}, '40:82:1a:0a:e9:63': {'first_seen': 1778946126.4889615, 'last_seen': 1778946126.490035, 'seen_count': 2, 'channels': [], 'avg_rssi': None}, '87:be:0a:75:d8:09': {'first_seen': 1778946126.8087668, 'last_seen': 1778946126.8096638, 'seen_count': 2, 'channels': [], 'avg_rssi': None}, '60:f4:36:83:b9:7d': {'first_seen': 1778946127.1220224, 'last_seen': 1778946127.1230614, 'seen_count': 2, 'channels': [], 'avg_rssi': None}, 'f0:b4:15:eb:02:ae': {'first_seen': 1778946127.4349892, 'last_seen': 1778946127.435953, 'seen_count': 2, 'channels': [], 'avg_rssi': None}, '68:26:a7:dc:71:be': {'first_seen': 1778946127.746749, 'last_seen': 1778946127.7475893, 'seen_count': 2, 'channels': [], 'avg_rssi': None}, '61:de:60:71:13:e1': {'first_seen': 1778946128.056249, 'last_seen': 1778946128.0571012, 'seen_count': 2, 'channels': [], 'avg_rssi': None}, 'b8:d6:43:a2:09:ee': {'first_seen': 1778946128.3740926, 'last_seen': 1778946128.3749957, 'seen_count': 2, 'channels': [], 'avg_rssi': None}, '52:58:f6:2a:c1:aa': {'first_seen': 1778946128.6815934, 'last_seen': 1778946128.682767, 'seen_count': 2, 'channels': [], 'avg_rssi': None}, '29:b0:ba:5d:f8:8a': {'first_seen': 1778946128.9987235, 'last_seen': 1778946128.999784, 'seen_count': 2, 'channels': [], 'avg_rssi': None}, 'a8:36:33:0c:5c:a2': {'first_seen': 1778946129.3039944, 'last_seen': 1778946129.304927, 'seen_count': 2, 'channels': [], 'avg_rssi': None}, '49:74:72:4c:7c:4d': {'first_seen': 1778946129.6182587, 'last_seen': 1778946129.6191847, 'seen_count': 2, 'channels': [], 'avg_rssi': None}, '2c:fa:0a:e4:61:62': {'first_seen': 1778946129.928382, 'last_seen': 1778946129.929585, 'seen_count': 2, 'channels': [], 'avg_rssi': None}, '99:3c:ff:de:cf:4e': {'first_seen': 1778946130.2544491, 'last_seen': 1778946130.2554705, 'seen_count': 2, 'channels': [], 'avg_rssi': None}, 'e2:b4:38:b0:78:78': {'first_seen': 1778946130.5646973, 'last_seen': 1778946130.5657327, 'seen_count': 2, 'channels': [], 'avg_rssi': None}, '10:61:de:31:8d:d5': {'first_seen': 1778946130.8771229, 'last_seen': 1778946130.8782456, 'seen_count': 2, 'channels': [], 'avg_rssi': None}, 'bf:df:82:97:65:f2': {'first_seen': 1778946131.1866875, 'last_seen': 1778946131.1877732, 'seen_count': 2, 'channels': [], 'avg_rssi': None}, '74:62:fd:ef:8c:cd': {'first_seen': 1778946131.500684, 'last_seen': 1778946131.5019064, 'seen_count': 2, 'channels': [], 'avg_rssi': None}, '92:ad:7b:df:ed:ff': {'first_seen': 1778946131.806865, 'last_seen': 1778946131.807814, 'seen_count': 2, 'channels': [], 'avg_rssi': None}, '5e:6c:d1:82:c6:ed': {'first_seen': 1778946132.1201072, 'last_seen': 1778946132.1209395, 'seen_count': 2, 'channels': [], 'avg_rssi': None}, 'bd:97:f3:99:f0:7d': {'first_seen': 1778946132.4362373, 'last_seen': 1778946132.4372199, 'seen_count': 2, 'channels': [], 'avg_rssi': None}, '5a:cd:41:04:5a:94': {'first_seen': 1778946132.745219, 'last_seen': 1778946132.7462292, 'seen_count': 2, 'channels': [], 'avg_rssi': None}, '3f:88:d0:70:9e:ec': {'first_seen': 1778946133.056037, 'last_seen': 1778946133.0568643, 'seen_count': 2, 'channels': [], 'avg_rssi': None}, 'cc:da:1a:4b:3a:ff': {'first_seen': 1778946133.366291, 'last_seen': 1778946133.367384, 'seen_count': 2, 'channels': [], 'avg_rssi': None}, 'dc:aa:5c:73:0a:42': {'first_seen': 1778946133.685032, 'last_seen': 1778946133.6861458, 'seen_count': 2, 'channels': [], 'avg_rssi': None}, '8b:10:f0:6d:58:19': {'first_seen': 1778946133.9993117, 'last_seen': 1778946134.0005362, 'seen_count': 2, 'channels': [], 'avg_rssi': None}, '91:a7:d8:2e:ee:26': {'first_seen': 1778946134.31142, 'last_seen': 1778946134.312559, 'seen_count': 2, 'channels': [], 'avg_rssi': None}, '50:e1:af:68:7b:c0': {'first_seen': 1778946134.623986, 'last_seen': 1778946134.625076, 'seen_count': 2, 'channels': [], 'avg_rssi': None}, '50:a0:f6:b2:96:dd': {'first_seen': 1778946134.946992, 'last_seen': 1778946134.9479587, 'seen_count': 2, 'channels': [], 'avg_rssi': None}, 'bc:cf:ef:f5:9c:6b': {'first_seen': 1778946135.257353, 'last_seen': 1778946135.258352, 'seen_count': 2, 'channels': [], 'avg_rssi': None}, 'b0:2e:35:26:83:90': {'first_seen': 1778946135.5675566, 'last_seen': 1778946135.568625, 'seen_count': 2, 'channels': [], 'avg_rssi': None}, '20:3d:be:84:96:47': {'first_seen': 1778946135.880421, 'last_seen': 1778946135.8816504, 'seen_count': 2, 'channels': [], 'avg_rssi': None}, '05:4c:4d:87:ac:4a': {'first_seen': 1778946136.1918364, 'last_seen': 1778946136.1929066, 'seen_count': 2, 'channels': [], 'avg_rssi': None}, '57:e8:35:fd:a7:cb': {'first_seen': 1778946136.5111797, 'last_seen': 1778946136.5120542, 'seen_count': 2, 'channels': [], 'avg_rssi': None}, 'ff:24:94:6f:ed:b2': {'first_seen': 1778946136.8232532, 'last_seen': 1778946136.824182, 'seen_count': 2, 'channels': [], 'avg_rssi': None}, 'ed:13:3a:da:c6:50': {'first_seen': 1778946137.1327858, 'last_seen': 1778946137.133696, 'seen_count': 2, 'channels': [], 'avg_rssi': None}, '44:04:83:fa:f3:82': {'first_seen': 1778946137.4378443, 'last_seen': 1778946137.440971, 'seen_count': 2, 'channels': [], 'avg_rssi': None}, 'b8:8f:cc:70:58:1d': {'first_seen': 1778946137.7556136, 'last_seen': 1778946137.7556136, 'seen_count': 1, 'channels': [], 'avg_rssi': None}, '45:08:04:19:74:32': {'first_seen': 1778946138.3654938, 'last_seen': 1778946138.3654938, 'seen_count': 1, 'channels': [], 'avg_rssi': None}}}
!!!!!!!!!!!!!!!!!!!!!!!!!!!!!!!!!!!!!!!!!!!!!!!!!!!!!!!!!!!!!!!!!!!!!!!!!!!!!!!!


!!!!!!!!!!!!!!!!!!!!!!!!!!!!!!!!!!!!!!!!!!!!!!!!!!!!!!!!!!!!!!!!!!!!!!!!!!!!!!!!
[ALERT] ALERT-000067 | BEACON_FLOOD
severity: CRITICAL
time: 2026-05-16T15:42:27.301230
message: Wykryto możliwy atak Beacon Flood: 1986 ramek beacon, 959 unikalnych BSSID, 31 unikalnych SSID w oknie 10s.
evidence: {'beacon_count': 1986, 'unique_bssid_count': 959, 'unique_ssid_count': 31, 'window_seconds': 10, 'beacon_count_threshold': 100, 'unique_bssid_threshold': 30, 'unique_ssid_threshold': 20, 'triggered_reasons': ['high_beacon_rate', 'many_unique_bssids', 'many_unique_ssids'], 'sample_ssids': ['TestNet_016', 'TestNet_011', 'TestNet_018', 'TestNet_007', 'TestNet_001', 'TestNet_027', 'TestNet_005', 'TestNet_026', 'TestNet_019', 'TestNet_008'], 'sample_bssids': ['44:04:83:fa:f3:82', '30:2f:b9:5c:dc:d3', '4c:9a:0d:fe:5b:4b', 'e7:7f:ce:d3:1b:6c', '3b:6a:ff:c7:18:0c', '83:0b:09:7d:e4:2c', '9c:b9:9e:be:7b:68', '91:9a:19:85:3f:dd', '99:04:4e:c7:0a:ff', '18:38:74:f0:ae:99']}
!!!!!!!!!!!!!!!!!!!!!!!!!!!!!!!!!!!!!!!!!!!!!!!!!!!!!!!!!!!!!!!!!!!!!!!!!!!!!!!!


================================================================================
STATISTICS after 160.4s
--------------------------------------------------------------------------------
total frames: 11125

by frame type:
  management: 9333
  control: 1157
  data: 635

by frame subtype:
  beacon: 9279
  ack: 569
  null_data: 435
  rts: 230
  cts: 206
  block_ack: 132
  data: 105
  qos_null: 72
  probe_response: 28
  qos_data: 23
  cf_end: 17
  action: 16
  probe_request: 10
  block_ack_request: 3

unique SSIDs: 32
unique BSSIDs: 3953
================================================================================

!!!!!!!!!!!!!!!!!!!!!!!!!!!!!!!!!!!!!!!!!!!!!!!!!!!!!!!!!!!!!!!!!!!!!!!!!!!!!!!!
[ALERT] ALERT-000068 | BEACON_FLOOD
severity: CRITICAL
time: 2026-05-16T15:42:37.305865
message: Wykryto możliwy atak Beacon Flood: 2013 ramek beacon, 963 unikalnych BSSID, 32 unikalnych SSID w oknie 10s.
evidence: {'beacon_count': 2013, 'unique_bssid_count': 963, 'unique_ssid_count': 32, 'window_seconds': 10, 'beacon_count_threshold': 100, 'unique_bssid_threshold': 30, 'unique_ssid_threshold': 20, 'triggered_reasons': ['high_beacon_rate', 'many_unique_bssids', 'many_unique_ssids'], 'sample_ssids': ['TestNet_016', 'TestNet_011', 'TP-LINK_7122', 'TestNet_018', 'TestNet_007', 'TestNet_001', 'TestNet_027', 'TestNet_005', 'TestNet_026', 'TestNet_019'], 'sample_bssids': ['83:b5:5f:7a:d3:9d', '1b:3a:8c:d3:48:08', '05:2b:06:47:e7:1a', '8e:17:34:fa:03:14', 'd3:be:eb:c9:5c:6f', 'ac:84:c6:41:71:22', 'b5:16:90:9b:11:77', '2c:6e:92:51:0b:84', 'c4:e5:e3:a4:f8:10', '96:8e:1a:31:2a:da']}
!!!!!!!!!!!!!!!!!!!!!!!!!!!!!!!!!!!!!!!!!!!!!!!!!!!!!!!!!!!!!!!!!!!!!!!!!!!!!!!!


================================================================================
STATISTICS after 170.4s
--------------------------------------------------------------------------------
total frames: 13243

by frame type:
  management: 11352
  control: 1211
  data: 680

by frame subtype:
  beacon: 11296
  ack: 600
  null_data: 455
  rts: 247
  cts: 212
  block_ack: 132
  data: 114
  qos_null: 88
  probe_response: 30
  qos_data: 23
  cf_end: 17
  action: 16
  probe_request: 10
  block_ack_request: 3

unique SSIDs: 32
unique BSSIDs: 4916
================================================================================

!!!!!!!!!!!!!!!!!!!!!!!!!!!!!!!!!!!!!!!!!!!!!!!!!!!!!!!!!!!!!!!!!!!!!!!!!!!!!!!!
[ALERT] ALERT-000069 | BEACON_FLOOD
severity: CRITICAL
time: 2026-05-16T15:42:47.418810
message: Wykryto możliwy atak Beacon Flood: 1952 ramek beacon, 936 unikalnych BSSID, 31 unikalnych SSID w oknie 10s.
evidence: {'beacon_count': 1952, 'unique_bssid_count': 936, 'unique_ssid_count': 31, 'window_seconds': 10, 'beacon_count_threshold': 100, 'unique_bssid_threshold': 30, 'unique_ssid_threshold': 20, 'triggered_reasons': ['high_beacon_rate', 'many_unique_bssids', 'many_unique_ssids'], 'sample_ssids': ['TestNet_016', 'TestNet_011', 'TestNet_018', 'TestNet_007', 'TestNet_001', 'TestNet_027', 'TestNet_005', 'TestNet_026', 'TestNet_019', 'TestNet_008'], 'sample_bssids': ['0c:8f:78:81:3c:78', '41:93:24:ba:6a:1a', '85:36:b7:b3:02:15', '93:3f:37:83:76:90', '17:d6:1d:25:e4:4d', '69:d8:25:e5:4e:e9', 'a8:c3:34:80:36:03', 'ac:42:87:7f:7a:f7', 'bf:af:ec:51:6d:a1', '38:6d:6d:1a:19:bc']}
!!!!!!!!!!!!!!!!!!!!!!!!!!!!!!!!!!!!!!!!!!!!!!!!!!!!!!!!!!!!!!!!!!!!!!!!!!!!!!!!


================================================================================
STATISTICS after 180.5s
--------------------------------------------------------------------------------
total frames: 15157

by frame type:
  management: 13139
  control: 1283
  data: 735

by frame subtype:
  beacon: 13077
  ack: 622
  null_data: 473
  rts: 285
  cts: 218
  block_ack: 132
  qos_null: 123
  data: 116
  probe_response: 35
  qos_data: 23
  cf_end: 23
  action: 16
  probe_request: 11
  block_ack_request: 3

unique SSIDs: 32
unique BSSIDs: 5765
================================================================================

================================================================================
STATISTICS after 190.6s
--------------------------------------------------------------------------------
total frames: 15316

by frame type:
  management: 13225
  control: 1326
  data: 765

by frame subtype:
  beacon: 13162
  ack: 644
  null_data: 492
  rts: 293
  cts: 226
  block_ack: 133
  qos_null: 131
  data: 118
  probe_response: 35
  cf_end: 27
  qos_data: 24
  action: 17
  probe_request: 11
  block_ack_request: 3

unique SSIDs: 32
unique BSSIDs: 5765
================================================================================

================================================================================
STATISTICS after 200.6s
--------------------------------------------------------------------------------
total frames: 15454

by frame type:
  management: 13315
  control: 1350
  data: 789

by frame subtype:
  beacon: 13252
  ack: 665
  null_data: 513
  rts: 293
  cts: 229
  block_ack: 133
  qos_null: 131
  data: 121
  probe_response: 35
  cf_end: 27
  qos_data: 24
  action: 17
  probe_request: 11
  block_ack_request: 3

unique SSIDs: 32
unique BSSIDs: 5765
================================================================================

================================================================================
STATISTICS after 210.6s
--------------------------------------------------------------------------------
total frames: 15746

by frame type:
  management: 13407
  control: 1500
  data: 839

by frame subtype:
  beacon: 13337
  ack: 713
  null_data: 550
  rts: 352
  cts: 262
  qos_null: 136
  block_ack: 135
  data: 127
  probe_response: 40
  cf_end: 35
  qos_data: 26
  action: 17
  probe_request: 13
  block_ack_request: 3

unique SSIDs: 32
unique BSSIDs: 5765
================================================================================

================================================================================
STATISTICS after 220.7s
--------------------------------------------------------------------------------
total frames: 15941

by frame type:
  management: 13502
  control: 1563
  data: 876

by frame subtype:
  beacon: 13432
  ack: 749
  null_data: 575
  rts: 370
  cts: 269
  qos_null: 139
  block_ack: 135
  data: 131
  probe_response: 40
  cf_end: 37
  qos_data: 31
  action: 17
  probe_request: 13
  block_ack_request: 3

unique SSIDs: 32
unique BSSIDs: 5765
================================================================================

================================================================================
STATISTICS after 230.7s
--------------------------------------------------------------------------------
total frames: 16087

by frame type:
  management: 13584
  control: 1597
  data: 906

by frame subtype:
  beacon: 13514
  ack: 780
  null_data: 589
  rts: 371
  cts: 270
  data: 144
  qos_null: 141
  block_ack: 136
  probe_response: 40
  cf_end: 37
  qos_data: 32
  action: 17
  probe_request: 13
  block_ack_request: 3

unique SSIDs: 32
unique BSSIDs: 5765
================================================================================