
================================================================================
STATISTICS after 10.1s
--------------------------------------------------------------------------------
total frames: 188

by frame type:
  management: 92
  control: 50
  data: 46

by frame subtype:
  beacon: 89
  ack: 50
  null_data: 28
  data: 16
  probe_request: 2
  qos_null: 2
  probe_response: 1

unique SSIDs: 2
unique BSSIDs: 5
================================================================================

================================================================================
STATISTICS after 20.2s
--------------------------------------------------------------------------------
total frames: 401

by frame type:
  management: 198
  control: 109
  data: 94

by frame subtype:
  beacon: 168
  ack: 108
  null_data: 50
  data: 37
  probe_response: 16
  probe_request: 8
  deauthentication: 6
  qos_data: 5
  qos_null: 2
  cts: 1

unique SSIDs: 2
unique BSSIDs: 7
================================================================================

================================================================================
STATISTICS after 30.2s
--------------------------------------------------------------------------------
total frames: 559

by frame type:
  management: 277
  control: 148
  data: 134

by frame subtype:
  beacon: 247
  ack: 140
  null_data: 70
  data: 52
  probe_response: 16
  probe_request: 8
  qos_data: 7
  deauthentication: 6
  qos_null: 5
  cts: 3
  rts: 3
  block_ack: 2

unique SSIDs: 2
unique BSSIDs: 9
================================================================================

================================================================================
STATISTICS after 40.3s
--------------------------------------------------------------------------------
total frames: 693

by frame type:
  management: 363
  control: 180
  data: 150

by frame subtype:
  beacon: 332
  ack: 168
  null_data: 81
  data: 57
  probe_response: 16
  probe_request: 9
  qos_data: 7
  cts: 6
  deauthentication: 6
  qos_null: 5
  rts: 3
  block_ack: 3

unique SSIDs: 2
unique BSSIDs: 9
================================================================================

================================================================================
STATISTICS after 50.3s
--------------------------------------------------------------------------------
total frames: 878

by frame type:
  management: 465
  control: 234
  data: 179

by frame subtype:
  beacon: 426
  ack: 214
  null_data: 99
  data: 68
  probe_response: 21
  cts: 13
  probe_request: 12
  qos_data: 7
  deauthentication: 6
  qos_null: 5
  rts: 4
  block_ack: 3

unique SSIDs: 2
unique BSSIDs: 9
================================================================================

================================================================================
STATISTICS after 60.3s
--------------------------------------------------------------------------------
total frames: 1018

by frame type:
  management: 557
  control: 261
  data: 200

by frame subtype:
  beacon: 512
  ack: 240
  null_data: 114
  data: 74
  probe_response: 22
  probe_request: 15
  cts: 13
  qos_data: 7
  deauthentication: 6
  qos_null: 5
  rts: 4
  block_ack: 4
  action: 2

unique SSIDs: 2
unique BSSIDs: 9
================================================================================

================================================================================
STATISTICS after 70.5s
--------------------------------------------------------------------------------
total frames: 1153

by frame type:
  management: 641
  control: 286
  data: 226

by frame subtype:
  beacon: 596
  ack: 262
  null_data: 133
  data: 78
  probe_response: 22
  probe_request: 15
  cts: 14
  qos_data: 8
  qos_null: 7
  deauthentication: 6
  rts: 5
  block_ack: 5
  action: 2

unique SSIDs: 2
unique BSSIDs: 9
================================================================================

================================================================================
STATISTICS after 80.6s
--------------------------------------------------------------------------------
total frames: 1285

by frame type:
  management: 718
  control: 310
  data: 257

by frame subtype:
  beacon: 673
  ack: 286
  null_data: 155
  data: 87
  probe_response: 22
  probe_request: 15
  cts: 14
  qos_data: 8
  qos_null: 7
  deauthentication: 6
  rts: 5
  block_ack: 5
  action: 2

unique SSIDs: 2
unique BSSIDs: 9
================================================================================

!!!!!!!!!!!!!!!!!!!!!!!!!!!!!!!!!!!!!!!!!!!!!!!!!!!!!!!!!!!!!!!!!!!!!!!!!!!!!!!!
[ALERT] ALERT-000001 | BEACON_FLOOD
severity: MEDIUM
time: 2026-05-16T13:11:53.594068
message: Wykryto możliwy atak Beacon Flood: 100 ramek beacon, 2 unikalnych BSSID, 2 unikalnych SSID w oknie 10s.
evidence: {'beacon_count': 100, 'unique_bssid_count': 2, 'unique_ssid_count': 2, 'window_seconds': 10, 'beacon_count_threshold': 100, 'unique_bssid_threshold': 30, 'unique_ssid_threshold': 20, 'triggered_reasons': ['high_beacon_rate'], 'sample_ssids': ['FunBox2-8124', 'TP-LINK_7122'], 'sample_bssids': ['d8:d7:75:45:81:24', 'ac:84:c6:41:71:22']}
!!!!!!!!!!!!!!!!!!!!!!!!!!!!!!!!!!!!!!!!!!!!!!!!!!!!!!!!!!!!!!!!!!!!!!!!!!!!!!!!


================================================================================
STATISTICS after 90.6s
--------------------------------------------------------------------------------
total frames: 1436

by frame type:
  management: 820
  control: 338
  data: 278

by frame subtype:
  beacon: 771
  ack: 309
  null_data: 173
  data: 89
  probe_response: 24
  probe_request: 17
  cts: 15
  qos_data: 9
  block_ack: 8
  qos_null: 7
  deauthentication: 6
  rts: 6
  action: 2

unique SSIDs: 2
unique BSSIDs: 9
================================================================================

================================================================================
STATISTICS after 100.7s
--------------------------------------------------------------------------------
total frames: 1573

by frame type:
  management: 915
  control: 360
  data: 298

by frame subtype:
  beacon: 865
  ack: 331
  null_data: 189
  data: 93
  probe_response: 25
  probe_request: 17
  cts: 15
  qos_data: 9
  block_ack: 8
  qos_null: 7
  deauthentication: 6
  rts: 6
  action: 2

unique SSIDs: 2
unique BSSIDs: 9
================================================================================

!!!!!!!!!!!!!!!!!!!!!!!!!!!!!!!!!!!!!!!!!!!!!!!!!!!!!!!!!!!!!!!!!!!!!!!!!!!!!!!!
[ALERT] ALERT-000002 | BEACON_FLOOD
severity: MEDIUM
time: 2026-05-16T13:12:15.201063
message: Wykryto możliwy atak Beacon Flood: 100 ramek beacon, 2 unikalnych BSSID, 2 unikalnych SSID w oknie 10s.
evidence: {'beacon_count': 100, 'unique_bssid_count': 2, 'unique_ssid_count': 2, 'window_seconds': 10, 'beacon_count_threshold': 100, 'unique_bssid_threshold': 30, 'unique_ssid_threshold': 20, 'triggered_reasons': ['high_beacon_rate'], 'sample_ssids': ['FunBox2-8124', 'TP-LINK_7122'], 'sample_bssids': ['d8:d7:75:45:81:24', 'ac:84:c6:41:71:22']}
!!!!!!!!!!!!!!!!!!!!!!!!!!!!!!!!!!!!!!!!!!!!!!!!!!!!!!!!!!!!!!!!!!!!!!!!!!!!!!!!


================================================================================
STATISTICS after 110.8s
--------------------------------------------------------------------------------
total frames: 1728

by frame type:
  management: 1030
  control: 383
  data: 315

by frame subtype:
  beacon: 967
  ack: 351
  null_data: 201
  data: 97
  probe_response: 36
  probe_request: 19
  cts: 16
  qos_data: 10
  block_ack: 9
  qos_null: 7
  rts: 7
  deauthentication: 6
  action: 2

unique SSIDs: 2
unique BSSIDs: 9
================================================================================

!!!!!!!!!!!!!!!!!!!!!!!!!!!!!!!!!!!!!!!!!!!!!!!!!!!!!!!!!!!!!!!!!!!!!!!!!!!!!!!!
[ALERT] ALERT-000003 | DEAUTH_FLOOD
severity: MEDIUM
time: 2026-05-16T13:12:25.077207
message: Wykryto możliwy atak Deauthentication Flood: 25 ramek deauthentication z adresu d8:d7:75:45:81:24 w oknie 5s.
evidence: {'source_mac': 'd8:d7:75:45:81:24', 'destination_mac': 'ff:ff:ff:ff:ff:ff', 'bssid': 'd8:d7:75:45:81:24', 'count': 25, 'threshold': 25, 'window_seconds': 5}
!!!!!!!!!!!!!!!!!!!!!!!!!!!!!!!!!!!!!!!!!!!!!!!!!!!!!!!!!!!!!!!!!!!!!!!!!!!!!!!!


!!!!!!!!!!!!!!!!!!!!!!!!!!!!!!!!!!!!!!!!!!!!!!!!!!!!!!!!!!!!!!!!!!!!!!!!!!!!!!!!
[ALERT] ALERT-000004 | DEAUTH_FLOOD
severity: MEDIUM
time: 2026-05-16T13:12:25.079319
message: Wykryto możliwy atak Deauthentication Flood: 25 ramek deauthentication z adresu ff:ff:ff:ff:ff:ff w oknie 5s.
evidence: {'source_mac': 'ff:ff:ff:ff:ff:ff', 'destination_mac': 'd8:d7:75:45:81:24', 'bssid': 'd8:d7:75:45:81:24', 'count': 25, 'threshold': 25, 'window_seconds': 5}
!!!!!!!!!!!!!!!!!!!!!!!!!!!!!!!!!!!!!!!!!!!!!!!!!!!!!!!!!!!!!!!!!!!!!!!!!!!!!!!!


================================================================================
STATISTICS after 120.8s
--------------------------------------------------------------------------------
total frames: 2875

by frame type:
  management: 1938
  control: 601
  data: 336

by frame subtype:
  beacon: 1050
  deauthentication: 808
  ack: 568
  null_data: 220
  data: 99
  probe_response: 51
  probe_request: 25
  cts: 16
  qos_data: 10
  block_ack: 10
  qos_null: 7
  rts: 7
  action: 4

unique SSIDs: 2
unique BSSIDs: 9
================================================================================

!!!!!!!!!!!!!!!!!!!!!!!!!!!!!!!!!!!!!!!!!!!!!!!!!!!!!!!!!!!!!!!!!!!!!!!!!!!!!!!!
[ALERT] ALERT-000005 | DEAUTH_FLOOD
severity: CRITICAL
time: 2026-05-16T13:12:30.079438
message: Wykryto możliwy atak Deauthentication Flood: 1015 ramek deauthentication z adresu ff:ff:ff:ff:ff:ff w oknie 5s.
evidence: {'source_mac': 'ff:ff:ff:ff:ff:ff', 'destination_mac': 'd8:d7:75:45:81:24', 'bssid': 'd8:d7:75:45:81:24', 'count': 1015, 'threshold': 25, 'window_seconds': 5}
!!!!!!!!!!!!!!!!!!!!!!!!!!!!!!!!!!!!!!!!!!!!!!!!!!!!!!!!!!!!!!!!!!!!!!!!!!!!!!!!


!!!!!!!!!!!!!!!!!!!!!!!!!!!!!!!!!!!!!!!!!!!!!!!!!!!!!!!!!!!!!!!!!!!!!!!!!!!!!!!!
[ALERT] ALERT-000006 | DEAUTH_FLOOD
severity: CRITICAL
time: 2026-05-16T13:12:30.081699
message: Wykryto możliwy atak Deauthentication Flood: 1010 ramek deauthentication z adresu d8:d7:75:45:81:24 w oknie 5s.
evidence: {'source_mac': 'd8:d7:75:45:81:24', 'destination_mac': 'ff:ff:ff:ff:ff:ff', 'bssid': 'd8:d7:75:45:81:24', 'count': 1010, 'threshold': 25, 'window_seconds': 5}
!!!!!!!!!!!!!!!!!!!!!!!!!!!!!!!!!!!!!!!!!!!!!!!!!!!!!!!!!!!!!!!!!!!!!!!!!!!!!!!!


!!!!!!!!!!!!!!!!!!!!!!!!!!!!!!!!!!!!!!!!!!!!!!!!!!!!!!!!!!!!!!!!!!!!!!!!!!!!!!!!
[ALERT] ALERT-000007 | DEAUTH_FLOOD
severity: CRITICAL
time: 2026-05-16T13:12:35.084600
message: Wykryto możliwy atak Deauthentication Flood: 1087 ramek deauthentication z adresu ff:ff:ff:ff:ff:ff w oknie 5s.
evidence: {'source_mac': 'ff:ff:ff:ff:ff:ff', 'destination_mac': 'd8:d7:75:45:81:24', 'bssid': 'd8:d7:75:45:81:24', 'count': 1087, 'threshold': 25, 'window_seconds': 5}
!!!!!!!!!!!!!!!!!!!!!!!!!!!!!!!!!!!!!!!!!!!!!!!!!!!!!!!!!!!!!!!!!!!!!!!!!!!!!!!!


!!!!!!!!!!!!!!!!!!!!!!!!!!!!!!!!!!!!!!!!!!!!!!!!!!!!!!!!!!!!!!!!!!!!!!!!!!!!!!!!
[ALERT] ALERT-000008 | DEAUTH_FLOOD
severity: CRITICAL
time: 2026-05-16T13:12:35.093873
message: Wykryto możliwy atak Deauthentication Flood: 1082 ramek deauthentication z adresu d8:d7:75:45:81:24 w oknie 5s.
evidence: {'source_mac': 'd8:d7:75:45:81:24', 'destination_mac': 'ff:ff:ff:ff:ff:ff', 'bssid': 'd8:d7:75:45:81:24', 'count': 1082, 'threshold': 25, 'window_seconds': 5}
!!!!!!!!!!!!!!!!!!!!!!!!!!!!!!!!!!!!!!!!!!!!!!!!!!!!!!!!!!!!!!!!!!!!!!!!!!!!!!!!


================================================================================
STATISTICS after 130.8s
--------------------------------------------------------------------------------
total frames: 8438

by frame type:
  management: 6320
  control: 1757
  data: 361

by frame subtype:
  deauthentication: 5028
  ack: 1722
  beacon: 1127
  null_data: 233
  data: 108
  probe_response: 92
  probe_request: 53
  cts: 16
  qos_data: 12
  block_ack: 11
  action: 9
  qos_null: 8
  rts: 7
  authentication: 5
  association_request: 2
  association_response: 2
  reassociation_request: 1
  reassociation_response: 1
  block_ack_request: 1

unique SSIDs: 2
unique BSSIDs: 9
================================================================================

!!!!!!!!!!!!!!!!!!!!!!!!!!!!!!!!!!!!!!!!!!!!!!!!!!!!!!!!!!!!!!!!!!!!!!!!!!!!!!!!
[ALERT] ALERT-000009 | DEAUTH_FLOOD
severity: CRITICAL
time: 2026-05-16T13:12:40.084943
message: Wykryto możliwy atak Deauthentication Flood: 1087 ramek deauthentication z adresu ff:ff:ff:ff:ff:ff w oknie 5s.
evidence: {'source_mac': 'ff:ff:ff:ff:ff:ff', 'destination_mac': 'd8:d7:75:45:81:24', 'bssid': 'd8:d7:75:45:81:24', 'count': 1087, 'threshold': 25, 'window_seconds': 5}
!!!!!!!!!!!!!!!!!!!!!!!!!!!!!!!!!!!!!!!!!!!!!!!!!!!!!!!!!!!!!!!!!!!!!!!!!!!!!!!!


!!!!!!!!!!!!!!!!!!!!!!!!!!!!!!!!!!!!!!!!!!!!!!!!!!!!!!!!!!!!!!!!!!!!!!!!!!!!!!!!
[ALERT] ALERT-000010 | DEAUTH_FLOOD
severity: CRITICAL
time: 2026-05-16T13:12:40.094084
message: Wykryto możliwy atak Deauthentication Flood: 1107 ramek deauthentication z adresu d8:d7:75:45:81:24 w oknie 5s.
evidence: {'source_mac': 'd8:d7:75:45:81:24', 'destination_mac': 'ff:ff:ff:ff:ff:ff', 'bssid': 'd8:d7:75:45:81:24', 'count': 1107, 'threshold': 25, 'window_seconds': 5}
!!!!!!!!!!!!!!!!!!!!!!!!!!!!!!!!!!!!!!!!!!!!!!!!!!!!!!!!!!!!!!!!!!!!!!!!!!!!!!!!


!!!!!!!!!!!!!!!!!!!!!!!!!!!!!!!!!!!!!!!!!!!!!!!!!!!!!!!!!!!!!!!!!!!!!!!!!!!!!!!!
[ALERT] ALERT-000011 | DEAUTH_FLOOD
severity: CRITICAL
time: 2026-05-16T13:12:45.188015
message: Wykryto możliwy atak Deauthentication Flood: 1086 ramek deauthentication z adresu d8:d7:75:45:81:24 w oknie 5s.
evidence: {'source_mac': 'd8:d7:75:45:81:24', 'destination_mac': 'ff:ff:ff:ff:ff:ff', 'bssid': 'd8:d7:75:45:81:24', 'count': 1086, 'threshold': 25, 'window_seconds': 5}
!!!!!!!!!!!!!!!!!!!!!!!!!!!!!!!!!!!!!!!!!!!!!!!!!!!!!!!!!!!!!!!!!!!!!!!!!!!!!!!!


!!!!!!!!!!!!!!!!!!!!!!!!!!!!!!!!!!!!!!!!!!!!!!!!!!!!!!!!!!!!!!!!!!!!!!!!!!!!!!!!
[ALERT] ALERT-000012 | DEAUTH_FLOOD
severity: CRITICAL
time: 2026-05-16T13:12:45.190141
message: Wykryto możliwy atak Deauthentication Flood: 1092 ramek deauthentication z adresu ff:ff:ff:ff:ff:ff w oknie 5s.
evidence: {'source_mac': 'ff:ff:ff:ff:ff:ff', 'destination_mac': 'd8:d7:75:45:81:24', 'bssid': 'd8:d7:75:45:81:24', 'count': 1092, 'threshold': 25, 'window_seconds': 5}
!!!!!!!!!!!!!!!!!!!!!!!!!!!!!!!!!!!!!!!!!!!!!!!!!!!!!!!!!!!!!!!!!!!!!!!!!!!!!!!!


================================================================================
STATISTICS after 140.8s
--------------------------------------------------------------------------------
total frames: 14251

by frame type:
  management: 10939
  control: 2930
  data: 382

by frame subtype:
  deauthentication: 9485
  ack: 2891
  beacon: 1210
  null_data: 242
  probe_response: 127
  data: 110
  probe_request: 79
  qos_data: 22
  cts: 16
  action: 15
  block_ack: 13
  authentication: 11
  qos_null: 8
  rts: 7
  association_request: 5
  association_response: 5
  block_ack_request: 3
  reassociation_request: 1
  reassociation_response: 1

unique SSIDs: 2
unique BSSIDs: 9
================================================================================

!!!!!!!!!!!!!!!!!!!!!!!!!!!!!!!!!!!!!!!!!!!!!!!!!!!!!!!!!!!!!!!!!!!!!!!!!!!!!!!!
[ALERT] ALERT-000013 | DEAUTH_FLOOD
severity: CRITICAL
time: 2026-05-16T13:12:50.188123
message: Wykryto możliwy atak Deauthentication Flood: 1120 ramek deauthentication z adresu d8:d7:75:45:81:24 w oknie 5s.
evidence: {'source_mac': 'd8:d7:75:45:81:24', 'destination_mac': 'ff:ff:ff:ff:ff:ff', 'bssid': 'd8:d7:75:45:81:24', 'count': 1120, 'threshold': 25, 'window_seconds': 5}
!!!!!!!!!!!!!!!!!!!!!!!!!!!!!!!!!!!!!!!!!!!!!!!!!!!!!!!!!!!!!!!!!!!!!!!!!!!!!!!!


!!!!!!!!!!!!!!!!!!!!!!!!!!!!!!!!!!!!!!!!!!!!!!!!!!!!!!!!!!!!!!!!!!!!!!!!!!!!!!!!
[ALERT] ALERT-000014 | DEAUTH_FLOOD
severity: CRITICAL
time: 2026-05-16T13:12:50.190235
message: Wykryto możliwy atak Deauthentication Flood: 1122 ramek deauthentication z adresu ff:ff:ff:ff:ff:ff w oknie 5s.
evidence: {'source_mac': 'ff:ff:ff:ff:ff:ff', 'destination_mac': 'd8:d7:75:45:81:24', 'bssid': 'd8:d7:75:45:81:24', 'count': 1122, 'threshold': 25, 'window_seconds': 5}
!!!!!!!!!!!!!!!!!!!!!!!!!!!!!!!!!!!!!!!!!!!!!!!!!!!!!!!!!!!!!!!!!!!!!!!!!!!!!!!!


!!!!!!!!!!!!!!!!!!!!!!!!!!!!!!!!!!!!!!!!!!!!!!!!!!!!!!!!!!!!!!!!!!!!!!!!!!!!!!!!
[ALERT] ALERT-000015 | DEAUTH_FLOOD
severity: CRITICAL
time: 2026-05-16T13:12:55.190671
message: Wykryto możliwy atak Deauthentication Flood: 1094 ramek deauthentication z adresu ff:ff:ff:ff:ff:ff w oknie 5s.
evidence: {'source_mac': 'ff:ff:ff:ff:ff:ff', 'destination_mac': 'd8:d7:75:45:81:24', 'bssid': 'd8:d7:75:45:81:24', 'count': 1094, 'threshold': 25, 'window_seconds': 5}
!!!!!!!!!!!!!!!!!!!!!!!!!!!!!!!!!!!!!!!!!!!!!!!!!!!!!!!!!!!!!!!!!!!!!!!!!!!!!!!!


!!!!!!!!!!!!!!!!!!!!!!!!!!!!!!!!!!!!!!!!!!!!!!!!!!!!!!!!!!!!!!!!!!!!!!!!!!!!!!!!
[ALERT] ALERT-000016 | DEAUTH_FLOOD
severity: CRITICAL
time: 2026-05-16T13:12:55.195776
message: Wykryto możliwy atak Deauthentication Flood: 1095 ramek deauthentication z adresu d8:d7:75:45:81:24 w oknie 5s.
evidence: {'source_mac': 'd8:d7:75:45:81:24', 'destination_mac': 'ff:ff:ff:ff:ff:ff', 'bssid': 'd8:d7:75:45:81:24', 'count': 1095, 'threshold': 25, 'window_seconds': 5}
!!!!!!!!!!!!!!!!!!!!!!!!!!!!!!!!!!!!!!!!!!!!!!!!!!!!!!!!!!!!!!!!!!!!!!!!!!!!!!!!


================================================================================
STATISTICS after 150.8s
--------------------------------------------------------------------------------
total frames: 20019

by frame type:
  management: 15506
  control: 4107
  data: 406

by frame subtype:
  deauthentication: 13892
  ack: 4064
  beacon: 1296
  null_data: 256
  probe_response: 168
  data: 114
  probe_request: 101
  qos_data: 28
  action: 20
  cts: 16
  block_ack: 15
  authentication: 14
  qos_null: 8
  rts: 7
  association_response: 7
  association_request: 6
  block_ack_request: 5
  reassociation_request: 1
  reassociation_response: 1

unique SSIDs: 2
unique BSSIDs: 9
================================================================================

!!!!!!!!!!!!!!!!!!!!!!!!!!!!!!!!!!!!!!!!!!!!!!!!!!!!!!!!!!!!!!!!!!!!!!!!!!!!!!!!
[ALERT] ALERT-000017 | DEAUTH_FLOOD
severity: CRITICAL
time: 2026-05-16T13:13:00.194901
message: Wykryto możliwy atak Deauthentication Flood: 1116 ramek deauthentication z adresu ff:ff:ff:ff:ff:ff w oknie 5s.
evidence: {'source_mac': 'ff:ff:ff:ff:ff:ff', 'destination_mac': 'd8:d7:75:45:81:24', 'bssid': 'd8:d7:75:45:81:24', 'count': 1116, 'threshold': 25, 'window_seconds': 5}
!!!!!!!!!!!!!!!!!!!!!!!!!!!!!!!!!!!!!!!!!!!!!!!!!!!!!!!!!!!!!!!!!!!!!!!!!!!!!!!!


!!!!!!!!!!!!!!!!!!!!!!!!!!!!!!!!!!!!!!!!!!!!!!!!!!!!!!!!!!!!!!!!!!!!!!!!!!!!!!!!
[ALERT] ALERT-000018 | DEAUTH_FLOOD
severity: CRITICAL
time: 2026-05-16T13:13:00.198192
message: Wykryto możliwy atak Deauthentication Flood: 1117 ramek deauthentication z adresu d8:d7:75:45:81:24 w oknie 5s.
evidence: {'source_mac': 'd8:d7:75:45:81:24', 'destination_mac': 'ff:ff:ff:ff:ff:ff', 'bssid': 'd8:d7:75:45:81:24', 'count': 1117, 'threshold': 25, 'window_seconds': 5}
!!!!!!!!!!!!!!!!!!!!!!!!!!!!!!!!!!!!!!!!!!!!!!!!!!!!!!!!!!!!!!!!!!!!!!!!!!!!!!!!


!!!!!!!!!!!!!!!!!!!!!!!!!!!!!!!!!!!!!!!!!!!!!!!!!!!!!!!!!!!!!!!!!!!!!!!!!!!!!!!!
[ALERT] ALERT-000019 | DEAUTH_FLOOD
severity: CRITICAL
time: 2026-05-16T13:13:05.368553
message: Wykryto możliwy atak Deauthentication Flood: 1057 ramek deauthentication z adresu d8:d7:75:45:81:24 w oknie 5s.
evidence: {'source_mac': 'd8:d7:75:45:81:24', 'destination_mac': 'ff:ff:ff:ff:ff:ff', 'bssid': 'd8:d7:75:45:81:24', 'count': 1057, 'threshold': 25, 'window_seconds': 5}
!!!!!!!!!!!!!!!!!!!!!!!!!!!!!!!!!!!!!!!!!!!!!!!!!!!!!!!!!!!!!!!!!!!!!!!!!!!!!!!!


!!!!!!!!!!!!!!!!!!!!!!!!!!!!!!!!!!!!!!!!!!!!!!!!!!!!!!!!!!!!!!!!!!!!!!!!!!!!!!!!
[ALERT] ALERT-000020 | DEAUTH_FLOOD
severity: CRITICAL
time: 2026-05-16T13:13:05.370657
message: Wykryto możliwy atak Deauthentication Flood: 1052 ramek deauthentication z adresu ff:ff:ff:ff:ff:ff w oknie 5s.
evidence: {'source_mac': 'ff:ff:ff:ff:ff:ff', 'destination_mac': 'd8:d7:75:45:81:24', 'bssid': 'd8:d7:75:45:81:24', 'count': 1052, 'threshold': 25, 'window_seconds': 5}
!!!!!!!!!!!!!!!!!!!!!!!!!!!!!!!!!!!!!!!!!!!!!!!!!!!!!!!!!!!!!!!!!!!!!!!!!!!!!!!!


================================================================================
STATISTICS after 160.8s
--------------------------------------------------------------------------------
total frames: 25674

by frame type:
  management: 19975
  control: 5263
  data: 436

by frame subtype:
  deauthentication: 18194
  ack: 5217
  beacon: 1381
  null_data: 271
  probe_response: 207
  probe_request: 129
  data: 123
  qos_data: 34
  action: 24
  authentication: 20
  cts: 16
  block_ack: 16
  association_request: 9
  association_response: 9
  qos_null: 8
  rts: 7
  block_ack_request: 7
  reassociation_request: 1
  reassociation_response: 1

unique SSIDs: 2
unique BSSIDs: 9
================================================================================

!!!!!!!!!!!!!!!!!!!!!!!!!!!!!!!!!!!!!!!!!!!!!!!!!!!!!!!!!!!!!!!!!!!!!!!!!!!!!!!!
[ALERT] ALERT-000021 | DEAUTH_FLOOD
severity: CRITICAL
time: 2026-05-16T13:13:10.372116
message: Wykryto możliwy atak Deauthentication Flood: 1103 ramek deauthentication z adresu d8:d7:75:45:81:24 w oknie 5s.
evidence: {'source_mac': 'd8:d7:75:45:81:24', 'destination_mac': 'ff:ff:ff:ff:ff:ff', 'bssid': 'd8:d7:75:45:81:24', 'count': 1103, 'threshold': 25, 'window_seconds': 5}
!!!!!!!!!!!!!!!!!!!!!!!!!!!!!!!!!!!!!!!!!!!!!!!!!!!!!!!!!!!!!!!!!!!!!!!!!!!!!!!!


!!!!!!!!!!!!!!!!!!!!!!!!!!!!!!!!!!!!!!!!!!!!!!!!!!!!!!!!!!!!!!!!!!!!!!!!!!!!!!!!
[ALERT] ALERT-000022 | DEAUTH_FLOOD
severity: CRITICAL
time: 2026-05-16T13:13:10.374275
message: Wykryto możliwy atak Deauthentication Flood: 1086 ramek deauthentication z adresu ff:ff:ff:ff:ff:ff w oknie 5s.
evidence: {'source_mac': 'ff:ff:ff:ff:ff:ff', 'destination_mac': 'd8:d7:75:45:81:24', 'bssid': 'd8:d7:75:45:81:24', 'count': 1086, 'threshold': 25, 'window_seconds': 5}
!!!!!!!!!!!!!!!!!!!!!!!!!!!!!!!!!!!!!!!!!!!!!!!!!!!!!!!!!!!!!!!!!!!!!!!!!!!!!!!!


!!!!!!!!!!!!!!!!!!!!!!!!!!!!!!!!!!!!!!!!!!!!!!!!!!!!!!!!!!!!!!!!!!!!!!!!!!!!!!!!
[ALERT] ALERT-000023 | RTS_FLOOD_SOURCE
severity: MEDIUM
time: 2026-05-16T13:13:14.943713
message: Wykryto możliwy RTS Flood z pojedynczego źródła: 50 ramek RTS z adresu d8:d7:75:45:81:24 w oknie 5s.
evidence: {'source_mac': 'd8:d7:75:45:81:24', 'rts_count': 50, 'unique_destination_count': 1, 'rts_per_source_threshold': 50, 'window_seconds': 5, 'sample_destinations': ['8a:f4:af:eb:f3:fb']}
!!!!!!!!!!!!!!!!!!!!!!!!!!!!!!!!!!!!!!!!!!!!!!!!!!!!!!!!!!!!!!!!!!!!!!!!!!!!!!!!


!!!!!!!!!!!!!!!!!!!!!!!!!!!!!!!!!!!!!!!!!!!!!!!!!!!!!!!!!!!!!!!!!!!!!!!!!!!!!!!!
[ALERT] ALERT-000024 | DEAUTH_FLOOD
severity: CRITICAL
time: 2026-05-16T13:13:15.486646
message: Wykryto możliwy atak Deauthentication Flood: 853 ramek deauthentication z adresu d8:d7:75:45:81:24 w oknie 5s.
evidence: {'source_mac': 'd8:d7:75:45:81:24', 'destination_mac': 'ff:ff:ff:ff:ff:ff', 'bssid': 'd8:d7:75:45:81:24', 'count': 853, 'threshold': 25, 'window_seconds': 5}
!!!!!!!!!!!!!!!!!!!!!!!!!!!!!!!!!!!!!!!!!!!!!!!!!!!!!!!!!!!!!!!!!!!!!!!!!!!!!!!!


!!!!!!!!!!!!!!!!!!!!!!!!!!!!!!!!!!!!!!!!!!!!!!!!!!!!!!!!!!!!!!!!!!!!!!!!!!!!!!!!
[ALERT] ALERT-000025 | DEAUTH_FLOOD
severity: CRITICAL
time: 2026-05-16T13:13:15.488768
message: Wykryto możliwy atak Deauthentication Flood: 838 ramek deauthentication z adresu ff:ff:ff:ff:ff:ff w oknie 5s.
evidence: {'source_mac': 'ff:ff:ff:ff:ff:ff', 'destination_mac': 'd8:d7:75:45:81:24', 'bssid': 'd8:d7:75:45:81:24', 'count': 838, 'threshold': 25, 'window_seconds': 5}
!!!!!!!!!!!!!!!!!!!!!!!!!!!!!!!!!!!!!!!!!!!!!!!!!!!!!!!!!!!!!!!!!!!!!!!!!!!!!!!!


================================================================================
STATISTICS after 170.8s
--------------------------------------------------------------------------------
total frames: 31278

by frame type:
  management: 24091
  control: 6661
  data: 526

by frame subtype:
  deauthentication: 22111
  ack: 6242
  beacon: 1459
  block_ack_request: 314
  null_data: 290
  probe_response: 244
  probe_request: 153
  data: 131
  qos_data: 97
  action: 74
  rts: 58
  cts: 29
  authentication: 24
  block_ack: 18
  association_response: 11
  association_request: 10
  qos_null: 8
  reassociation_request: 3
  reassociation_response: 2

unique SSIDs: 2
unique BSSIDs: 9
================================================================================

!!!!!!!!!!!!!!!!!!!!!!!!!!!!!!!!!!!!!!!!!!!!!!!!!!!!!!!!!!!!!!!!!!!!!!!!!!!!!!!!
[ALERT] ALERT-000026 | DEAUTH_FLOOD
severity: CRITICAL
time: 2026-05-16T13:13:20.488155
message: Wykryto możliwy atak Deauthentication Flood: 1054 ramek deauthentication z adresu d8:d7:75:45:81:24 w oknie 5s.
evidence: {'source_mac': 'd8:d7:75:45:81:24', 'destination_mac': 'ff:ff:ff:ff:ff:ff', 'bssid': 'd8:d7:75:45:81:24', 'count': 1054, 'threshold': 25, 'window_seconds': 5}
!!!!!!!!!!!!!!!!!!!!!!!!!!!!!!!!!!!!!!!!!!!!!!!!!!!!!!!!!!!!!!!!!!!!!!!!!!!!!!!!


!!!!!!!!!!!!!!!!!!!!!!!!!!!!!!!!!!!!!!!!!!!!!!!!!!!!!!!!!!!!!!!!!!!!!!!!!!!!!!!!
[ALERT] ALERT-000027 | DEAUTH_FLOOD
severity: CRITICAL
time: 2026-05-16T13:13:20.490266
message: Wykryto możliwy atak Deauthentication Flood: 1058 ramek deauthentication z adresu ff:ff:ff:ff:ff:ff w oknie 5s.
evidence: {'source_mac': 'ff:ff:ff:ff:ff:ff', 'destination_mac': 'd8:d7:75:45:81:24', 'bssid': 'd8:d7:75:45:81:24', 'count': 1058, 'threshold': 25, 'window_seconds': 5}
!!!!!!!!!!!!!!!!!!!!!!!!!!!!!!!!!!!!!!!!!!!!!!!!!!!!!!!!!!!!!!!!!!!!!!!!!!!!!!!!


================================================================================
STATISTICS after 180.8s
--------------------------------------------------------------------------------
total frames: 35594

by frame type:
  management: 27520
  control: 7530
  data: 544

by frame subtype:
  deauthentication: 25356
  ack: 7107
  beacon: 1534
  block_ack_request: 316
  null_data: 304
  probe_response: 277
  probe_request: 177
  data: 132
  action: 116
  qos_data: 100
  rts: 58
  cts: 29
  authentication: 29
  block_ack: 20
  association_request: 13
  association_response: 13
  qos_null: 8
  reassociation_request: 3
  reassociation_response: 2

unique SSIDs: 2
unique BSSIDs: 9
================================================================================

================================================================================
STATISTICS after 190.9s
--------------------------------------------------------------------------------
total frames: 35962

by frame type:
  management: 27627
  control: 7636
  data: 699

by frame subtype:
  deauthentication: 25356
  ack: 7149
  beacon: 1620
  null_data: 327
  block_ack_request: 316
  probe_response: 293
  probe_request: 182
  qos_data: 167
  data: 152
  action: 116
  rts: 80
  qos_null: 53
  cts: 50
  block_ack: 41
  authentication: 29
  association_request: 13
  association_response: 13
  reassociation_request: 3
  reassociation_response: 2

unique SSIDs: 2
unique BSSIDs: 11
================================================================================

================================================================================
STATISTICS after 200.9s
--------------------------------------------------------------------------------
total frames: 36213

by frame type:
  management: 27732
  control: 7722
  data: 759

by frame subtype:
  deauthentication: 25356
  ack: 7205
  beacon: 1715
  null_data: 357
  block_ack_request: 316
  probe_response: 301
  probe_request: 184
  qos_data: 180
  data: 169
  action: 116
  rts: 93
  cts: 59
  qos_null: 53
  block_ack: 49
  authentication: 29
  association_request: 13
  association_response: 13
  reassociation_request: 3
  reassociation_response: 2

unique SSIDs: 2
unique BSSIDs: 11
================================================================================

================================================================================
STATISTICS after 211.0s
--------------------------------------------------------------------------------
total frames: 36410

by frame type:
  management: 27830
  control: 7774
  data: 806

by frame subtype:
  deauthentication: 25356
  ack: 7248
  beacon: 1805
  null_data: 381
  block_ack_request: 316
  probe_response: 307
  data: 189
  probe_request: 186
  qos_data: 183
  action: 116
  rts: 96
  cts: 62
  qos_null: 53
  block_ack: 52
  authentication: 29
  association_request: 13
  association_response: 13
  reassociation_request: 3
  reassociation_response: 2

unique SSIDs: 2
unique BSSIDs: 11
================================================================================

================================================================================
STATISTICS after 221.1s
--------------------------------------------------------------------------------
total frames: 36559

by frame type:
  management: 27924
  control: 7806
  data: 829

by frame subtype:
  deauthentication: 25356
  ack: 7274
  beacon: 1894
  null_data: 401
  block_ack_request: 316
  probe_response: 309
  data: 190
  probe_request: 189
  qos_data: 185
  action: 116
  rts: 98
  cts: 64
  block_ack: 54
  qos_null: 53
  authentication: 29
  association_request: 13
  association_response: 13
  reassociation_request: 3
  reassociation_response: 2

unique SSIDs: 2
unique BSSIDs: 11
================================================================================

================================================================================
STATISTICS after 231.1s
--------------------------------------------------------------------------------
total frames: 36717

by frame type:
  management: 28020
  control: 7833
  data: 864

by frame subtype:
  deauthentication: 25356
  ack: 7301
  beacon: 1976
  null_data: 431
  probe_response: 320
  block_ack_request: 316
  data: 195
  probe_request: 192
  qos_data: 185
  action: 116
  rts: 98
  cts: 64
  block_ack: 54
  qos_null: 53
  authentication: 29
  association_request: 13
  association_response: 13
  reassociation_request: 3
  reassociation_response: 2

unique SSIDs: 2
unique BSSIDs: 11
================================================================================

================================================================================
STATISTICS after 241.2s
--------------------------------------------------------------------------------
total frames: 36861

by frame type:
  management: 28119
  control: 7858
  data: 884

by frame subtype:
  deauthentication: 25356
  ack: 7323
  beacon: 2064
  null_data: 448
  probe_response: 326
  block_ack_request: 316
  data: 197
  probe_request: 195
  qos_data: 186
  action: 118
  rts: 99
  cts: 65
  block_ack: 55
  qos_null: 53
  authentication: 29
  association_request: 13
  association_response: 13
  reassociation_request: 3
  reassociation_response: 2

unique SSIDs: 2
unique BSSIDs: 11
================================================================================

================================================================================
STATISTICS after 251.2s
--------------------------------------------------------------------------------
total frames: 37035

by frame type:
  management: 28214
  control: 7890
  data: 931

by frame subtype:
  deauthentication: 25356
  ack: 7353
  beacon: 2159
  null_data: 487
  probe_response: 326
  block_ack_request: 316
  data: 203
  probe_request: 195
  qos_data: 186
  action: 118
  rts: 99
  cts: 67
  qos_null: 55
  block_ack: 55
  authentication: 29
  association_request: 13
  association_response: 13
  reassociation_request: 3
  reassociation_response: 2

unique SSIDs: 2
unique BSSIDs: 11
================================================================================

================================================================================
STATISTICS after 261.2s
--------------------------------------------------------------------------------
total frames: 37188

by frame type:
  management: 28302
  control: 7925
  data: 961

by frame subtype:
  deauthentication: 25356
  ack: 7381
  beacon: 2247
  null_data: 512
  probe_response: 326
  block_ack_request: 316
  data: 206
  probe_request: 195
  qos_data: 188
  action: 118
  rts: 102
  cts: 69
  block_ack: 57
  qos_null: 55
  authentication: 29
  association_request: 13
  association_response: 13
  reassociation_request: 3
  reassociation_response: 2

unique SSIDs: 2
unique BSSIDs: 11
================================================================================

================================================================================
STATISTICS after 271.3s
--------------------------------------------------------------------------------
total frames: 37343

by frame type:
  management: 28400
  control: 7957
  data: 986

by frame subtype:
  deauthentication: 25356
  ack: 7410
  beacon: 2340
  null_data: 526
  probe_response: 328
  block_ack_request: 316
  data: 216
  probe_request: 198
  qos_data: 189
  action: 118
  rts: 103
  cts: 70
  block_ack: 58
  qos_null: 55
  authentication: 29
  association_request: 13
  association_response: 13
  reassociation_request: 3
  reassociation_response: 2

unique SSIDs: 2
unique BSSIDs: 11
================================================================================

================================================================================
STATISTICS after 281.3s
--------------------------------------------------------------------------------
total frames: 37528

by frame type:
  management: 28505
  control: 7987
  data: 1036

by frame subtype:
  deauthentication: 25356
  ack: 7439
  beacon: 2428
  null_data: 548
  probe_response: 343
  block_ack_request: 316
  data: 220
  probe_request: 200
  qos_data: 190
  action: 118
  rts: 103
  qos_null: 78
  cts: 70
  block_ack: 59
  authentication: 29
  association_request: 13
  association_response: 13
  reassociation_request: 3
  reassociation_response: 2

unique SSIDs: 2
unique BSSIDs: 12
================================================================================

================================================================================
STATISTICS after 291.3s
--------------------------------------------------------------------------------
total frames: 37690

by frame type:
  management: 28606
  control: 8012
  data: 1072

by frame subtype:
  deauthentication: 25356
  ack: 7464
  beacon: 2526
  null_data: 564
  probe_response: 345
  block_ack_request: 316
  data: 230
  probe_request: 201
  qos_data: 190
  action: 118
  rts: 103
  qos_null: 88
  cts: 70
  block_ack: 59
  authentication: 29
  association_request: 13
  association_response: 13
  reassociation_request: 3
  reassociation_response: 2

unique SSIDs: 2
unique BSSIDs: 12
================================================================================

!!!!!!!!!!!!!!!!!!!!!!!!!!!!!!!!!!!!!!!!!!!!!!!!!!!!!!!!!!!!!!!!!!!!!!!!!!!!!!!!
[ALERT] ALERT-000028 | BEACON_FLOOD
severity: MEDIUM
time: 2026-05-16T13:15:18.913295
message: Wykryto możliwy atak Beacon Flood: 100 ramek beacon, 2 unikalnych BSSID, 2 unikalnych SSID w oknie 10s.
evidence: {'beacon_count': 100, 'unique_bssid_count': 2, 'unique_ssid_count': 2, 'window_seconds': 10, 'beacon_count_threshold': 100, 'unique_bssid_threshold': 30, 'unique_ssid_threshold': 20, 'triggered_reasons': ['high_beacon_rate'], 'sample_ssids': ['FunBox2-8124', 'TP-LINK_7122'], 'sample_bssids': ['d8:d7:75:45:81:24', 'ac:84:c6:41:71:22']}
!!!!!!!!!!!!!!!!!!!!!!!!!!!!!!!!!!!!!!!!!!!!!!!!!!!!!!!!!!!!!!!!!!!!!!!!!!!!!!!!


================================================================================
STATISTICS after 301.4s
--------------------------------------------------------------------------------
total frames: 37829

by frame type:
  management: 28698
  control: 8032
  data: 1099

by frame subtype:
  deauthentication: 25356
  ack: 7483
  beacon: 2614
  null_data: 580
  probe_response: 347
  block_ack_request: 316
  data: 231
  probe_request: 201
  qos_data: 190
  action: 120
  rts: 103
  qos_null: 98
  cts: 71
  block_ack: 59
  authentication: 29
  association_request: 13
  association_response: 13
  reassociation_request: 3
  reassociation_response: 2

unique SSIDs: 2
unique BSSIDs: 12
================================================================================

================================================================================
STATISTICS after 311.4s
--------------------------------------------------------------------------------
total frames: 37994

by frame type:
  management: 28806
  control: 8056
  data: 1132

by frame subtype:
  deauthentication: 25356
  ack: 7504
  beacon: 2702
  null_data: 596
  probe_response: 363
  block_ack_request: 316
  data: 236
  probe_request: 205
  qos_data: 191
  action: 120
  qos_null: 109
  rts: 104
  cts: 72
  block_ack: 60
  authentication: 29
  association_request: 13
  association_response: 13
  reassociation_request: 3
  reassociation_response: 2

unique SSIDs: 2
unique BSSIDs: 12
================================================================================

================================================================================
STATISTICS after 321.4s
--------------------------------------------------------------------------------
total frames: 38229

by frame type:
  management: 28900
  control: 8095
  data: 1234

by frame subtype:
  deauthentication: 25356
  ack: 7534
  beacon: 2795
  null_data: 621
  probe_response: 364
  block_ack_request: 316
  data: 245
  probe_request: 205
  qos_data: 193
  qos_null: 175
  action: 120
  rts: 108
  cts: 75
  block_ack: 62
  authentication: 29
  association_request: 13
  association_response: 13
  reassociation_request: 3
  reassociation_response: 2

unique SSIDs: 2
unique BSSIDs: 12
================================================================================

================================================================================
STATISTICS after 331.6s
--------------------------------------------------------------------------------
total frames: 38489

by frame type:
  management: 28985
  control: 8117
  data: 1387

by frame subtype:
  deauthentication: 25356
  ack: 7553
  beacon: 2880
  null_data: 639
  probe_response: 364
  block_ack_request: 316
  qos_null: 307
  data: 247
  probe_request: 205
  qos_data: 194
  action: 120
  rts: 109
  cts: 76
  block_ack: 63
  authentication: 29
  association_request: 13
  association_response: 13
  reassociation_request: 3
  reassociation_response: 2

unique SSIDs: 2
unique BSSIDs: 12
================================================================================

================================================================================
STATISTICS after 341.6s
--------------------------------------------------------------------------------
total frames: 38627

by frame type:
  management: 29072
  control: 8142
  data: 1413

by frame subtype:
  deauthentication: 25356
  ack: 7578
  beacon: 2965
  null_data: 660
  probe_response: 366
  block_ack_request: 316
  qos_null: 307
  data: 252
  probe_request: 205
  qos_data: 194
  action: 120
  rts: 109
  cts: 76
  block_ack: 63
  authentication: 29
  association_request: 13
  association_response: 13
  reassociation_request: 3
  reassociation_response: 2

unique SSIDs: 2
unique BSSIDs: 12
================================================================================

================================================================================
STATISTICS after 351.6s
--------------------------------------------------------------------------------
total frames: 38798

by frame type:
  management: 29161
  control: 8174
  data: 1463

by frame subtype:
  deauthentication: 25356
  ack: 7610
  beacon: 3051
  null_data: 679
  probe_response: 369
  qos_null: 326
  block_ack_request: 316
  data: 264
  probe_request: 205
  qos_data: 194
  action: 120
  rts: 109
  cts: 76
  block_ack: 63
  authentication: 29
  association_request: 13
  association_response: 13
  reassociation_request: 3
  reassociation_response: 2

unique SSIDs: 2
unique BSSIDs: 12
================================================================================

================================================================================
STATISTICS after 361.7s
--------------------------------------------------------------------------------
total frames: 39009

by frame type:
  management: 29252
  control: 8205
  data: 1552

by frame subtype:
  deauthentication: 25356
  ack: 7638
  beacon: 3140
  null_data: 701
  qos_null: 386
  probe_response: 369
  block_ack_request: 316
  data: 270
  probe_request: 205
  qos_data: 195
  action: 122
  rts: 110
  cts: 77
  block_ack: 64
  authentication: 29
  association_request: 13
  association_response: 13
  reassociation_request: 3
  reassociation_response: 2

unique SSIDs: 2
unique BSSIDs: 12
================================================================================

================================================================================
STATISTICS after 371.7s
--------------------------------------------------------------------------------
total frames: 39174

by frame type:
  management: 29347
  control: 8236
  data: 1591

by frame subtype:
  deauthentication: 25356
  ack: 7669
  beacon: 3234
  null_data: 721
  qos_null: 397
  probe_response: 370
  block_ack_request: 316
  data: 278
  probe_request: 205
  qos_data: 195
  action: 122
  rts: 110
  cts: 77
  block_ack: 64
  authentication: 29
  association_request: 13
  association_response: 13
  reassociation_request: 3
  reassociation_response: 2

unique SSIDs: 2
unique BSSIDs: 12
================================================================================

================================================================================
STATISTICS after 381.8s
--------------------------------------------------------------------------------
total frames: 39341

by frame type:
  management: 29446
  control: 8260
  data: 1635

by frame subtype:
  deauthentication: 25356
  ack: 7691
  beacon: 3328
  null_data: 739
  qos_null: 417
  probe_response: 373
  block_ack_request: 316
  data: 280
  probe_request: 207
  qos_data: 199
  action: 122
  rts: 111
  cts: 78
  block_ack: 64
  authentication: 29
  association_request: 13
  association_response: 13
  reassociation_request: 3
  reassociation_response: 2

unique SSIDs: 2
unique BSSIDs: 12
================================================================================

================================================================================
STATISTICS after 391.8s
--------------------------------------------------------------------------------
total frames: 39478

by frame type:
  management: 29528
  control: 8282
  data: 1668

by frame subtype:
  deauthentication: 25356
  ack: 7710
  beacon: 3410
  null_data: 759
  qos_null: 426
  probe_response: 373
  block_ack_request: 316
  data: 283
  probe_request: 207
  qos_data: 200
  action: 122
  rts: 112
  cts: 79
  block_ack: 65
  authentication: 29
  association_request: 13
  association_response: 13
  reassociation_request: 3
  reassociation_response: 2

unique SSIDs: 2
unique BSSIDs: 12
================================================================================

================================================================================
STATISTICS after 401.8s
--------------------------------------------------------------------------------
total frames: 39870

by frame type:
  management: 29620
  control: 8330
  data: 1920

by frame subtype:
  deauthentication: 25356
  ack: 7755
  beacon: 3498
  null_data: 787
  qos_null: 634
  probe_response: 375
  block_ack_request: 316
  data: 298
  probe_request: 209
  qos_data: 201
  action: 122
  rts: 113
  cts: 80
  block_ack: 66
  authentication: 29
  association_request: 13
  association_response: 13
  reassociation_request: 3
  reassociation_response: 2

unique SSIDs: 2
unique BSSIDs: 12
================================================================================

!!!!!!!!!!!!!!!!!!!!!!!!!!!!!!!!!!!!!!!!!!!!!!!!!!!!!!!!!!!!!!!!!!!!!!!!!!!!!!!!
[ALERT] ALERT-000029 | RTS_FLOOD_SOURCE
severity: MEDIUM
time: 2026-05-16T13:17:10.176707
message: Wykryto możliwy RTS Flood z pojedynczego źródła: 50 ramek RTS z adresu d8:d7:75:45:81:24 w oknie 5s.
evidence: {'source_mac': 'd8:d7:75:45:81:24', 'rts_count': 50, 'unique_destination_count': 1, 'rts_per_source_threshold': 50, 'window_seconds': 5, 'sample_destinations': ['8a:f4:af:eb:f3:fb']}
!!!!!!!!!!!!!!!!!!!!!!!!!!!!!!!!!!!!!!!!!!!!!!!!!!!!!!!!!!!!!!!!!!!!!!!!!!!!!!!!


!!!!!!!!!!!!!!!!!!!!!!!!!!!!!!!!!!!!!!!!!!!!!!!!!!!!!!!!!!!!!!!!!!!!!!!!!!!!!!!!
[ALERT] ALERT-000030 | RTS_CTS_FLOOD_GLOBAL
severity: MEDIUM
time: 2026-05-16T13:17:10.221637
message: Wykryto możliwy RTS/CTS Flood: 59 ramek RTS oraz 91 ramek CTS w oknie 5s.
evidence: {'rts_count': 59, 'cts_count': 91, 'combined_count': 150, 'window_seconds': 5, 'rts_count_threshold': 100, 'cts_count_threshold': 100, 'combined_count_threshold': 150, 'triggered_reasons': ['high_combined_rts_cts_rate'], 'unique_source_count': 1, 'unique_destination_count': 2, 'sample_sources': ['d8:d7:75:45:81:24'], 'sample_destinations': ['8a:f4:af:eb:f3:fb', 'e0:3e:44:04:f3:fb']}
!!!!!!!!!!!!!!!!!!!!!!!!!!!!!!!!!!!!!!!!!!!!!!!!!!!!!!!!!!!!!!!!!!!!!!!!!!!!!!!!


================================================================================
STATISTICS after 411.9s
--------------------------------------------------------------------------------
total frames: 40676

by frame type:
  management: 29734
  control: 8898
  data: 2044

by frame subtype:
  deauthentication: 25356
  ack: 7995
  beacon: 3596
  null_data: 819
  qos_null: 682
  probe_response: 384
  data: 337
  block_ack_request: 318
  cts: 236
  rts: 215
  probe_request: 210
  qos_data: 206
  block_ack: 134
  action: 125
  authentication: 30
  association_request: 14
  association_response: 14
  reassociation_request: 3
  reassociation_response: 2

unique SSIDs: 2
unique BSSIDs: 13
================================================================================

================================================================================
STATISTICS after 421.9s
--------------------------------------------------------------------------------
total frames: 40935

by frame type:
  management: 29835
  control: 8975
  data: 2125

by frame subtype:
  deauthentication: 25356
  ack: 8054
  beacon: 3693
  null_data: 843
  qos_null: 733
  probe_response: 386
  data: 343
  block_ack_request: 318
  cts: 245
  rts: 221
  probe_request: 210
  qos_data: 206
  block_ack: 137
  action: 127
  authentication: 30
  association_request: 14
  association_response: 14
  reassociation_request: 3
  reassociation_response: 2

unique SSIDs: 2
unique BSSIDs: 13
================================================================================

!!!!!!!!!!!!!!!!!!!!!!!!!!!!!!!!!!!!!!!!!!!!!!!!!!!!!!!!!!!!!!!!!!!!!!!!!!!!!!!!
[ALERT] ALERT-000031 | BEACON_FLOOD
severity: MEDIUM
time: 2026-05-16T13:17:29.887605
message: Wykryto możliwy atak Beacon Flood: 100 ramek beacon, 2 unikalnych BSSID, 2 unikalnych SSID w oknie 10s.
evidence: {'beacon_count': 100, 'unique_bssid_count': 2, 'unique_ssid_count': 2, 'window_seconds': 10, 'beacon_count_threshold': 100, 'unique_bssid_threshold': 30, 'unique_ssid_threshold': 20, 'triggered_reasons': ['high_beacon_rate'], 'sample_ssids': ['FunBox2-8124', 'TP-LINK_7122'], 'sample_bssids': ['d8:d7:75:45:81:24', 'ac:84:c6:41:71:22']}
!!!!!!!!!!!!!!!!!!!!!!!!!!!!!!!!!!!!!!!!!!!!!!!!!!!!!!!!!!!!!!!!!!!!!!!!!!!!!!!!


================================================================================
STATISTICS after 431.9s
--------------------------------------------------------------------------------
total frames: 41256

by frame type:
  management: 29944
  control: 9065
  data: 2247

by frame subtype:
  deauthentication: 25356
  ack: 8113
  beacon: 3787
  null_data: 860
  qos_null: 834
  probe_response: 401
  data: 346
  block_ack_request: 318
  cts: 253
  rts: 238
  probe_request: 210
  qos_data: 207
  block_ack: 143
  action: 127
  authentication: 30
  association_request: 14
  association_response: 14
  reassociation_request: 3
  reassociation_response: 2

unique SSIDs: 2
unique BSSIDs: 13
================================================================================

================================================================================
STATISTICS after 442.1s
--------------------------------------------------------------------------------
total frames: 41773

by frame type:
  management: 30032
  control: 9251
  data: 2490

by frame subtype:
  deauthentication: 25356
  ack: 8185
  beacon: 3872
  qos_null: 1049
  null_data: 880
  probe_response: 403
  data: 353
  block_ack_request: 318
  rts: 291
  cts: 285
  probe_request: 210
  qos_data: 208
  block_ack: 172
  action: 128
  authentication: 30
  association_request: 14
  association_response: 14
  reassociation_request: 3
  reassociation_response: 2

unique SSIDs: 2
unique BSSIDs: 13
================================================================================

!!!!!!!!!!!!!!!!!!!!!!!!!!!!!!!!!!!!!!!!!!!!!!!!!!!!!!!!!!!!!!!!!!!!!!!!!!!!!!!!
[ALERT] ALERT-000032 | BEACON_FLOOD
severity: MEDIUM
time: 2026-05-16T13:17:55.144327
message: Wykryto możliwy atak Beacon Flood: 100 ramek beacon, 2 unikalnych BSSID, 2 unikalnych SSID w oknie 10s.
evidence: {'beacon_count': 100, 'unique_bssid_count': 2, 'unique_ssid_count': 2, 'window_seconds': 10, 'beacon_count_threshold': 100, 'unique_bssid_threshold': 30, 'unique_ssid_threshold': 20, 'triggered_reasons': ['high_beacon_rate'], 'sample_ssids': ['FunBox2-8124', 'TP-LINK_7122'], 'sample_bssids': ['d8:d7:75:45:81:24', 'ac:84:c6:41:71:22']}
!!!!!!!!!!!!!!!!!!!!!!!!!!!!!!!!!!!!!!!!!!!!!!!!!!!!!!!!!!!!!!!!!!!!!!!!!!!!!!!!


================================================================================
STATISTICS after 452.1s
--------------------------------------------------------------------------------
total frames: 41956

by frame type:
  management: 30136
  control: 9301
  data: 2519

by frame subtype:
  deauthentication: 25356
  ack: 8222
  beacon: 3973
  qos_null: 1049
  null_data: 902
  probe_response: 405
  data: 358
  block_ack_request: 319
  rts: 295
  cts: 289
  probe_request: 211
  qos_data: 210
  block_ack: 176
  action: 128
  authentication: 30
  association_request: 14
  association_response: 14
  reassociation_request: 3
  reassociation_response: 2

unique SSIDs: 2
unique BSSIDs: 13
================================================================================

================================================================================
STATISTICS after 462.1s
--------------------------------------------------------------------------------
total frames: 42250

by frame type:
  management: 30241
  control: 9452
  data: 2557

by frame subtype:
  deauthentication: 25356
  ack: 8322
  beacon: 4071
  qos_null: 1049
  null_data: 928
  probe_response: 412
  data: 366
  block_ack_request: 319
  rts: 316
  cts: 305
  qos_data: 214
  probe_request: 211
  block_ack: 190
  action: 128
  authentication: 30
  association_request: 14
  association_response: 14
  reassociation_request: 3
  reassociation_response: 2

unique SSIDs: 2
unique BSSIDs: 13
================================================================================

!!!!!!!!!!!!!!!!!!!!!!!!!!!!!!!!!!!!!!!!!!!!!!!!!!!!!!!!!!!!!!!!!!!!!!!!!!!!!!!!
[ALERT] ALERT-000033 | BEACON_FLOOD
severity: MEDIUM
time: 2026-05-16T13:18:10.392620
message: Wykryto możliwy atak Beacon Flood: 100 ramek beacon, 2 unikalnych BSSID, 2 unikalnych SSID w oknie 10s.
evidence: {'beacon_count': 100, 'unique_bssid_count': 2, 'unique_ssid_count': 2, 'window_seconds': 10, 'beacon_count_threshold': 100, 'unique_bssid_threshold': 30, 'unique_ssid_threshold': 20, 'triggered_reasons': ['high_beacon_rate'], 'sample_ssids': ['FunBox2-8124', 'TP-LINK_7122'], 'sample_bssids': ['d8:d7:75:45:81:24', 'ac:84:c6:41:71:22']}
!!!!!!!!!!!!!!!!!!!!!!!!!!!!!!!!!!!!!!!!!!!!!!!!!!!!!!!!!!!!!!!!!!!!!!!!!!!!!!!!


================================================================================
STATISTICS after 472.2s
--------------------------------------------------------------------------------
total frames: 42433

by frame type:
  management: 30347
  control: 9502
  data: 2584

by frame subtype:
  deauthentication: 25356
  ack: 8368
  beacon: 4169
  qos_null: 1049
  null_data: 948
  probe_response: 417
  data: 369
  block_ack_request: 319
  rts: 317
  cts: 307
  qos_data: 218
  probe_request: 214
  block_ack: 191
  action: 128
  authentication: 30
  association_request: 14
  association_response: 14
  reassociation_request: 3
  reassociation_response: 2

unique SSIDs: 2
unique BSSIDs: 13
================================================================================

!!!!!!!!!!!!!!!!!!!!!!!!!!!!!!!!!!!!!!!!!!!!!!!!!!!!!!!!!!!!!!!!!!!!!!!!!!!!!!!!
[ALERT] ALERT-000034 | BEACON_FLOOD
severity: MEDIUM
time: 2026-05-16T13:18:20.577370
message: Wykryto możliwy atak Beacon Flood: 100 ramek beacon, 2 unikalnych BSSID, 2 unikalnych SSID w oknie 10s.
evidence: {'beacon_count': 100, 'unique_bssid_count': 2, 'unique_ssid_count': 2, 'window_seconds': 10, 'beacon_count_threshold': 100, 'unique_bssid_threshold': 30, 'unique_ssid_threshold': 20, 'triggered_reasons': ['high_beacon_rate'], 'sample_ssids': ['FunBox2-8124', 'TP-LINK_7122'], 'sample_bssids': ['d8:d7:75:45:81:24', 'ac:84:c6:41:71:22']}
!!!!!!!!!!!!!!!!!!!!!!!!!!!!!!!!!!!!!!!!!!!!!!!!!!!!!!!!!!!!!!!!!!!!!!!!!!!!!!!!


================================================================================
STATISTICS after 482.2s
--------------------------------------------------------------------------------
total frames: 42607

by frame type:
  management: 30439
  control: 9540
  data: 2628

by frame subtype:
  deauthentication: 25356
  ack: 8406
  beacon: 4260
  qos_null: 1058
  null_data: 975
  probe_response: 418
  data: 377
  block_ack_request: 319
  rts: 317
  cts: 307
  qos_data: 218
  probe_request: 214
  block_ack: 191
  action: 128
  authentication: 30
  association_request: 14
  association_response: 14
  reassociation_request: 3
  reassociation_response: 2

unique SSIDs: 2
unique BSSIDs: 13
================================================================================

================================================================================
STATISTICS after 492.2s
--------------------------------------------------------------------------------
total frames: 42768

by frame type:
  management: 30528
  control: 9579
  data: 2661

by frame subtype:
  deauthentication: 25356
  ack: 8445
  beacon: 4342
  qos_null: 1059
  null_data: 998
  probe_response: 421
  data: 386
  block_ack_request: 319
  rts: 317
  cts: 307
  qos_data: 218
  probe_request: 216
  block_ack: 191
  action: 130
  authentication: 30
  association_request: 14
  association_response: 14
  reassociation_request: 3
  reassociation_response: 2

unique SSIDs: 2
unique BSSIDs: 13
================================================================================

!!!!!!!!!!!!!!!!!!!!!!!!!!!!!!!!!!!!!!!!!!!!!!!!!!!!!!!!!!!!!!!!!!!!!!!!!!!!!!!!
[ALERT] ALERT-000035 | BEACON_FLOOD
severity: MEDIUM
time: 2026-05-16T13:18:48.052856
message: Wykryto możliwy atak Beacon Flood: 100 ramek beacon, 2 unikalnych BSSID, 2 unikalnych SSID w oknie 10s.
evidence: {'beacon_count': 100, 'unique_bssid_count': 2, 'unique_ssid_count': 2, 'window_seconds': 10, 'beacon_count_threshold': 100, 'unique_bssid_threshold': 30, 'unique_ssid_threshold': 20, 'triggered_reasons': ['high_beacon_rate'], 'sample_ssids': ['FunBox2-8124', 'TP-LINK_7122'], 'sample_bssids': ['d8:d7:75:45:81:24', 'ac:84:c6:41:71:22']}
!!!!!!!!!!!!!!!!!!!!!!!!!!!!!!!!!!!!!!!!!!!!!!!!!!!!!!!!!!!!!!!!!!!!!!!!!!!!!!!!


================================================================================
STATISTICS after 502.3s
--------------------------------------------------------------------------------
total frames: 42958

by frame type:
  management: 30636
  control: 9619
  data: 2703

by frame subtype:
  deauthentication: 25356
  ack: 8481
  beacon: 4444
  qos_null: 1075
  null_data: 1024
  probe_response: 425
  data: 386
  rts: 319
  block_ack_request: 319
  cts: 308
  probe_request: 218
  qos_data: 218
  block_ack: 192
  action: 130
  authentication: 30
  association_request: 14
  association_response: 14
  reassociation_request: 3
  reassociation_response: 2

unique SSIDs: 2
unique BSSIDs: 13
================================================================================

================================================================================
STATISTICS after 512.3s
--------------------------------------------------------------------------------
total frames: 43143

by frame type:
  management: 30725
  control: 9653
  data: 2765

by frame subtype:
  deauthentication: 25356
  ack: 8509
  beacon: 4533
  qos_null: 1108
  null_data: 1047
  probe_response: 425
  data: 390
  rts: 321
  block_ack_request: 319
  cts: 310
  qos_data: 220
  probe_request: 218
  block_ack: 194
  action: 130
  authentication: 30
  association_request: 14
  association_response: 14
  reassociation_request: 3
  reassociation_response: 2

unique SSIDs: 2
unique BSSIDs: 13
================================================================================

!!!!!!!!!!!!!!!!!!!!!!!!!!!!!!!!!!!!!!!!!!!!!!!!!!!!!!!!!!!!!!!!!!!!!!!!!!!!!!!!
[ALERT] ALERT-000036 | RTS_FLOOD_SOURCE
severity: MEDIUM
time: 2026-05-16T13:19:07.536548
message: Wykryto możliwy RTS Flood z pojedynczego źródła: 50 ramek RTS z adresu d8:d7:75:45:81:24 w oknie 5s.
evidence: {'source_mac': 'd8:d7:75:45:81:24', 'rts_count': 50, 'unique_destination_count': 1, 'rts_per_source_threshold': 50, 'window_seconds': 5, 'sample_destinations': ['8a:f4:af:eb:f3:fb']}
!!!!!!!!!!!!!!!!!!!!!!!!!!!!!!!!!!!!!!!!!!!!!!!!!!!!!!!!!!!!!!!!!!!!!!!!!!!!!!!!


!!!!!!!!!!!!!!!!!!!!!!!!!!!!!!!!!!!!!!!!!!!!!!!!!!!!!!!!!!!!!!!!!!!!!!!!!!!!!!!!
[ALERT] ALERT-000037 | RTS_CTS_FLOOD_GLOBAL
severity: MEDIUM
time: 2026-05-16T13:19:07.664400
message: Wykryto możliwy RTS/CTS Flood: 80 ramek RTS oraz 70 ramek CTS w oknie 5s.
evidence: {'rts_count': 80, 'cts_count': 70, 'combined_count': 150, 'window_seconds': 5, 'rts_count_threshold': 100, 'cts_count_threshold': 100, 'combined_count_threshold': 150, 'triggered_reasons': ['high_combined_rts_cts_rate'], 'unique_source_count': 1, 'unique_destination_count': 2, 'sample_sources': ['d8:d7:75:45:81:24'], 'sample_destinations': ['8a:f4:af:eb:f3:fb', 'd8:d7:75:45:81:24']}
!!!!!!!!!!!!!!!!!!!!!!!!!!!!!!!!!!!!!!!!!!!!!!!!!!!!!!!!!!!!!!!!!!!!!!!!!!!!!!!!


================================================================================
STATISTICS after 522.3s
--------------------------------------------------------------------------------
total frames: 43734

by frame type:
  management: 30819
  control: 10089
  data: 2826

by frame subtype:
  deauthentication: 25356
  ack: 8596
  beacon: 4623
  qos_null: 1131
  null_data: 1078
  rts: 460
  probe_response: 427
  cts: 419
  data: 397
  block_ack_request: 319
  block_ack: 295
  probe_request: 220
  qos_data: 220
  action: 130
  authentication: 30
  association_request: 14
  association_response: 14
  reassociation_request: 3
  reassociation_response: 2

unique SSIDs: 2
unique BSSIDs: 13
================================================================================

!!!!!!!!!!!!!!!!!!!!!!!!!!!!!!!!!!!!!!!!!!!!!!!!!!!!!!!!!!!!!!!!!!!!!!!!!!!!!!!!
[ALERT] ALERT-000038 | RTS_FLOOD_SOURCE
severity: CRITICAL
time: 2026-05-16T13:19:12.554121
message: Wykryto możliwy RTS Flood z pojedynczego źródła: 206 ramek RTS z adresu d8:d7:75:45:81:24 w oknie 5s.
evidence: {'source_mac': 'd8:d7:75:45:81:24', 'rts_count': 206, 'unique_destination_count': 1, 'rts_per_source_threshold': 50, 'window_seconds': 5, 'sample_destinations': ['8a:f4:af:eb:f3:fb']}
!!!!!!!!!!!!!!!!!!!!!!!!!!!!!!!!!!!!!!!!!!!!!!!!!!!!!!!!!!!!!!!!!!!!!!!!!!!!!!!!


!!!!!!!!!!!!!!!!!!!!!!!!!!!!!!!!!!!!!!!!!!!!!!!!!!!!!!!!!!!!!!!!!!!!!!!!!!!!!!!!
[ALERT] ALERT-000039 | RTS_CTS_FLOOD_GLOBAL
severity: CRITICAL
time: 2026-05-16T13:19:12.674664
message: Wykryto możliwy RTS/CTS Flood: 181 ramek RTS oraz 151 ramek CTS w oknie 5s.
evidence: {'rts_count': 181, 'cts_count': 151, 'combined_count': 332, 'window_seconds': 5, 'rts_count_threshold': 100, 'cts_count_threshold': 100, 'combined_count_threshold': 150, 'triggered_reasons': ['high_rts_rate', 'high_cts_rate', 'high_combined_rts_cts_rate'], 'unique_source_count': 2, 'unique_destination_count': 2, 'sample_sources': ['8a:f4:af:eb:f3:fb', 'd8:d7:75:45:81:24'], 'sample_destinations': ['8a:f4:af:eb:f3:fb', 'd8:d7:75:45:81:24']}
!!!!!!!!!!!!!!!!!!!!!!!!!!!!!!!!!!!!!!!!!!!!!!!!!!!!!!!!!!!!!!!!!!!!!!!!!!!!!!!!


================================================================================
STATISTICS after 532.4s
--------------------------------------------------------------------------------
total frames: 44458

by frame type:
  management: 30916
  control: 10677
  data: 2865

by frame subtype:
  deauthentication: 25356
  ack: 8741
  beacon: 4716
  qos_null: 1140
  null_data: 1097
  rts: 615
  cts: 575
  probe_response: 431
  block_ack: 427
  data: 407
  block_ack_request: 319
  qos_data: 221
  probe_request: 220
  action: 130
  authentication: 30
  association_request: 14
  association_response: 14
  reassociation_request: 3
  reassociation_response: 2

unique SSIDs: 2
unique BSSIDs: 13
================================================================================

================================================================================
STATISTICS after 542.4s
--------------------------------------------------------------------------------
total frames: 44844

by frame type:
  management: 31009
  control: 10947
  data: 2888

by frame subtype:
  deauthentication: 25356
  ack: 8900
  beacon: 4803
  qos_null: 1140
  null_data: 1116
  rts: 643
  cts: 628
  block_ack: 457
  probe_response: 437
  data: 411
  block_ack_request: 319
  qos_data: 221
  probe_request: 220
  action: 130
  authentication: 30
  association_request: 14
  association_response: 14
  reassociation_request: 3
  reassociation_response: 2

unique SSIDs: 2
unique BSSIDs: 13
================================================================================

!!!!!!!!!!!!!!!!!!!!!!!!!!!!!!!!!!!!!!!!!!!!!!!!!!!!!!!!!!!!!!!!!!!!!!!!!!!!!!!!
[ALERT] ALERT-000040 | RTS_FLOOD_SOURCE
severity: MEDIUM
time: 2026-05-16T13:19:37.100487
message: Wykryto możliwy RTS Flood z pojedynczego źródła: 50 ramek RTS z adresu d8:d7:75:45:81:24 w oknie 5s.
evidence: {'source_mac': 'd8:d7:75:45:81:24', 'rts_count': 50, 'unique_destination_count': 1, 'rts_per_source_threshold': 50, 'window_seconds': 5, 'sample_destinations': ['8a:f4:af:eb:f3:fb']}
!!!!!!!!!!!!!!!!!!!!!!!!!!!!!!!!!!!!!!!!!!!!!!!!!!!!!!!!!!!!!!!!!!!!!!!!!!!!!!!!


!!!!!!!!!!!!!!!!!!!!!!!!!!!!!!!!!!!!!!!!!!!!!!!!!!!!!!!!!!!!!!!!!!!!!!!!!!!!!!!!
[ALERT] ALERT-000041 | RTS_CTS_FLOOD_GLOBAL
severity: MEDIUM
time: 2026-05-16T13:19:37.441889
message: Wykryto możliwy RTS/CTS Flood: 69 ramek RTS oraz 81 ramek CTS w oknie 5s.
evidence: {'rts_count': 69, 'cts_count': 81, 'combined_count': 150, 'window_seconds': 5, 'rts_count_threshold': 100, 'cts_count_threshold': 100, 'combined_count_threshold': 150, 'triggered_reasons': ['high_combined_rts_cts_rate'], 'unique_source_count': 1, 'unique_destination_count': 1, 'sample_sources': ['d8:d7:75:45:81:24'], 'sample_destinations': ['8a:f4:af:eb:f3:fb']}
!!!!!!!!!!!!!!!!!!!!!!!!!!!!!!!!!!!!!!!!!!!!!!!!!!!!!!!!!!!!!!!!!!!!!!!!!!!!!!!!


================================================================================
STATISTICS after 552.5s
--------------------------------------------------------------------------------
total frames: 45483

by frame type:
  management: 31104
  control: 11449
  data: 2930

by frame subtype:
  deauthentication: 25356
  ack: 9043
  beacon: 4891
  null_data: 1149
  qos_null: 1143
  rts: 774
  cts: 753
  block_ack: 560
  probe_response: 439
  data: 415
  block_ack_request: 319
  qos_data: 223
  probe_request: 220
  action: 135
  authentication: 30
  association_request: 14
  association_response: 14
  reassociation_request: 3
  reassociation_response: 2

unique SSIDs: 2
unique BSSIDs: 13
================================================================================

================================================================================
STATISTICS after 562.5s
--------------------------------------------------------------------------------
total frames: 45920

by frame type:
  management: 31207
  control: 11741
  data: 2972

by frame subtype:
  deauthentication: 25356
  ack: 9207
  beacon: 4979
  null_data: 1178
  qos_null: 1146
  rts: 826
  cts: 798
  block_ack: 591
  probe_response: 452
  data: 423
  block_ack_request: 319
  qos_data: 225
  probe_request: 222
  action: 135
  authentication: 30
  association_request: 14
  association_response: 14
  reassociation_request: 3
  reassociation_response: 2

unique SSIDs: 2
unique BSSIDs: 13
================================================================================

================================================================================
STATISTICS after 572.5s
--------------------------------------------------------------------------------
total frames: 46204

by frame type:
  management: 31299
  control: 11902
  data: 3003

by frame subtype:
  deauthentication: 25356
  ack: 9315
  beacon: 5067
  null_data: 1202
  qos_null: 1146
  rts: 848
  cts: 815
  block_ack: 605
  probe_response: 456
  data: 429
  block_ack_request: 319
  qos_data: 226
  probe_request: 222
  action: 135
  authentication: 30
  association_request: 14
  association_response: 14
  reassociation_request: 3
  reassociation_response: 2

unique SSIDs: 2
unique BSSIDs: 13
================================================================================

================================================================================
STATISTICS after 582.6s
--------------------------------------------------------------------------------
total frames: 46570

by frame type:
  management: 31407
  control: 12135
  data: 3028

by frame subtype:
  deauthentication: 25356
  ack: 9431
  beacon: 5164
  null_data: 1225
  qos_null: 1146
  rts: 892
  cts: 856
  block_ack: 637
  probe_response: 467
  data: 431
  block_ack_request: 319
  qos_data: 226
  probe_request: 222
  action: 135
  authentication: 30
  association_request: 14
  association_response: 14
  reassociation_request: 3
  reassociation_response: 2

unique SSIDs: 2
unique BSSIDs: 13
================================================================================

!!!!!!!!!!!!!!!!!!!!!!!!!!!!!!!!!!!!!!!!!!!!!!!!!!!!!!!!!!!!!!!!!!!!!!!!!!!!!!!!
[ALERT] ALERT-000042 | RTS_FLOOD_SOURCE
severity: MEDIUM
time: 2026-05-16T13:20:09.609872
message: Wykryto możliwy RTS Flood z pojedynczego źródła: 50 ramek RTS z adresu d8:d7:75:45:81:24 w oknie 5s.
evidence: {'source_mac': 'd8:d7:75:45:81:24', 'rts_count': 50, 'unique_destination_count': 1, 'rts_per_source_threshold': 50, 'window_seconds': 5, 'sample_destinations': ['8a:f4:af:eb:f3:fb']}
!!!!!!!!!!!!!!!!!!!!!!!!!!!!!!!!!!!!!!!!!!!!!!!!!!!!!!!!!!!!!!!!!!!!!!!!!!!!!!!!


!!!!!!!!!!!!!!!!!!!!!!!!!!!!!!!!!!!!!!!!!!!!!!!!!!!!!!!!!!!!!!!!!!!!!!!!!!!!!!!!
[ALERT] ALERT-000043 | RTS_CTS_FLOOD_GLOBAL
severity: MEDIUM
time: 2026-05-16T13:20:12.220115
message: Wykryto możliwy RTS/CTS Flood: 76 ramek RTS oraz 74 ramek CTS w oknie 5s.
evidence: {'rts_count': 76, 'cts_count': 74, 'combined_count': 150, 'window_seconds': 5, 'rts_count_threshold': 100, 'cts_count_threshold': 100, 'combined_count_threshold': 150, 'triggered_reasons': ['high_combined_rts_cts_rate'], 'unique_source_count': 1, 'unique_destination_count': 1, 'sample_sources': ['d8:d7:75:45:81:24'], 'sample_destinations': ['8a:f4:af:eb:f3:fb']}
!!!!!!!!!!!!!!!!!!!!!!!!!!!!!!!!!!!!!!!!!!!!!!!!!!!!!!!!!!!!!!!!!!!!!!!!!!!!!!!!


================================================================================
STATISTICS after 592.6s
--------------------------------------------------------------------------------
total frames: 47027

by frame type:
  management: 31500
  control: 12477
  data: 3050

by frame subtype:
  deauthentication: 25356
  ack: 9558
  beacon: 5249
  null_data: 1243
  qos_null: 1147
  rts: 964
  cts: 934
  block_ack: 702
  probe_response: 473
  data: 433
  block_ack_request: 319
  qos_data: 227
  probe_request: 224
  action: 135
  authentication: 30
  association_request: 14
  association_response: 14
  reassociation_request: 3
  reassociation_response: 2

unique SSIDs: 2
unique BSSIDs: 13
================================================================================

!!!!!!!!!!!!!!!!!!!!!!!!!!!!!!!!!!!!!!!!!!!!!!!!!!!!!!!!!!!!!!!!!!!!!!!!!!!!!!!!
[ALERT] ALERT-000044 | RTS_FLOOD_SOURCE
severity: MEDIUM
time: 2026-05-16T13:20:22.163668
message: Wykryto możliwy RTS Flood z pojedynczego źródła: 50 ramek RTS z adresu d8:d7:75:45:81:24 w oknie 5s.
evidence: {'source_mac': 'd8:d7:75:45:81:24', 'rts_count': 50, 'unique_destination_count': 1, 'rts_per_source_threshold': 50, 'window_seconds': 5, 'sample_destinations': ['8a:f4:af:eb:f3:fb']}
!!!!!!!!!!!!!!!!!!!!!!!!!!!!!!!!!!!!!!!!!!!!!!!!!!!!!!!!!!!!!!!!!!!!!!!!!!!!!!!!


================================================================================
STATISTICS after 602.6s
--------------------------------------------------------------------------------
total frames: 47428

by frame type:
  management: 31618
  control: 12736
  data: 3074

by frame subtype:
  deauthentication: 25356
  ack: 9674
  beacon: 5337
  null_data: 1263
  qos_null: 1147
  rts: 1020
  cts: 977
  block_ack: 746
  probe_response: 495
  data: 435
  block_ack_request: 319
  probe_request: 232
  qos_data: 229
  action: 135
  authentication: 30
  association_request: 14
  association_response: 14
  reassociation_request: 3
  reassociation_response: 2

unique SSIDs: 2
unique BSSIDs: 13
================================================================================

!!!!!!!!!!!!!!!!!!!!!!!!!!!!!!!!!!!!!!!!!!!!!!!!!!!!!!!!!!!!!!!!!!!!!!!!!!!!!!!!
[ALERT] ALERT-000045 | RTS_FLOOD_SOURCE
severity: MEDIUM
time: 2026-05-16T13:20:30.157817
message: Wykryto możliwy RTS Flood z pojedynczego źródła: 50 ramek RTS z adresu d8:d7:75:45:81:24 w oknie 5s.
evidence: {'source_mac': 'd8:d7:75:45:81:24', 'rts_count': 50, 'unique_destination_count': 1, 'rts_per_source_threshold': 50, 'window_seconds': 5, 'sample_destinations': ['8a:f4:af:eb:f3:fb']}
!!!!!!!!!!!!!!!!!!!!!!!!!!!!!!!!!!!!!!!!!!!!!!!!!!!!!!!!!!!!!!!!!!!!!!!!!!!!!!!!


!!!!!!!!!!!!!!!!!!!!!!!!!!!!!!!!!!!!!!!!!!!!!!!!!!!!!!!!!!!!!!!!!!!!!!!!!!!!!!!!
[ALERT] ALERT-000046 | RTS_CTS_FLOOD_GLOBAL
severity: MEDIUM
time: 2026-05-16T13:20:31.037821
message: Wykryto możliwy RTS/CTS Flood: 97 ramek RTS oraz 53 ramek CTS w oknie 5s.
evidence: {'rts_count': 97, 'cts_count': 53, 'combined_count': 150, 'window_seconds': 5, 'rts_count_threshold': 100, 'cts_count_threshold': 100, 'combined_count_threshold': 150, 'triggered_reasons': ['high_combined_rts_cts_rate'], 'unique_source_count': 1, 'unique_destination_count': 1, 'sample_sources': ['d8:d7:75:45:81:24'], 'sample_destinations': ['8a:f4:af:eb:f3:fb']}
!!!!!!!!!!!!!!!!!!!!!!!!!!!!!!!!!!!!!!!!!!!!!!!!!!!!!!!!!!!!!!!!!!!!!!!!!!!!!!!!


!!!!!!!!!!!!!!!!!!!!!!!!!!!!!!!!!!!!!!!!!!!!!!!!!!!!!!!!!!!!!!!!!!!!!!!!!!!!!!!!
[ALERT] ALERT-000047 | RTS_CTS_FLOOD_GLOBAL
severity: MEDIUM
time: 2026-05-16T13:20:36.883883
message: Wykryto możliwy RTS/CTS Flood: 102 ramek RTS oraz 33 ramek CTS w oknie 5s.
evidence: {'rts_count': 102, 'cts_count': 33, 'combined_count': 135, 'window_seconds': 5, 'rts_count_threshold': 100, 'cts_count_threshold': 100, 'combined_count_threshold': 150, 'triggered_reasons': ['high_rts_rate'], 'unique_source_count': 1, 'unique_destination_count': 1, 'sample_sources': ['d8:d7:75:45:81:24'], 'sample_destinations': ['8a:f4:af:eb:f3:fb']}
!!!!!!!!!!!!!!!!!!!!!!!!!!!!!!!!!!!!!!!!!!!!!!!!!!!!!!!!!!!!!!!!!!!!!!!!!!!!!!!!


!!!!!!!!!!!!!!!!!!!!!!!!!!!!!!!!!!!!!!!!!!!!!!!!!!!!!!!!!!!!!!!!!!!!!!!!!!!!!!!!
[ALERT] ALERT-000048 | RTS_FLOOD_SOURCE
severity: HIGH
time: 2026-05-16T13:20:36.883883
message: Wykryto możliwy RTS Flood z pojedynczego źródła: 102 ramek RTS z adresu d8:d7:75:45:81:24 w oknie 5s.
evidence: {'source_mac': 'd8:d7:75:45:81:24', 'rts_count': 102, 'unique_destination_count': 1, 'rts_per_source_threshold': 50, 'window_seconds': 5, 'sample_destinations': ['8a:f4:af:eb:f3:fb']}
!!!!!!!!!!!!!!!!!!!!!!!!!!!!!!!!!!!!!!!!!!!!!!!!!!!!!!!!!!!!!!!!!!!!!!!!!!!!!!!!


================================================================================
STATISTICS after 612.6s
--------------------------------------------------------------------------------
total frames: 48118

by frame type:
  management: 31720
  control: 13297
  data: 3101

by frame subtype:
  deauthentication: 25356
  ack: 9837
  beacon: 5420
  null_data: 1278
  rts: 1224
  qos_null: 1149
  cts: 1073
  block_ack: 844
  probe_response: 510
  data: 444
  block_ack_request: 319
  probe_request: 234
  qos_data: 230
  action: 137
  authentication: 30
  association_request: 14
  association_response: 14
  reassociation_request: 3
  reassociation_response: 2

unique SSIDs: 2
unique BSSIDs: 13
================================================================================

!!!!!!!!!!!!!!!!!!!!!!!!!!!!!!!!!!!!!!!!!!!!!!!!!!!!!!!!!!!!!!!!!!!!!!!!!!!!!!!!
[ALERT] ALERT-000049 | BEACON_FLOOD
severity: MEDIUM
time: 2026-05-16T13:20:45.686000
message: Wykryto możliwy atak Beacon Flood: 100 ramek beacon, 2 unikalnych BSSID, 2 unikalnych SSID w oknie 10s.
evidence: {'beacon_count': 100, 'unique_bssid_count': 2, 'unique_ssid_count': 2, 'window_seconds': 10, 'beacon_count_threshold': 100, 'unique_bssid_threshold': 30, 'unique_ssid_threshold': 20, 'triggered_reasons': ['high_beacon_rate'], 'sample_ssids': ['FunBox2-8124', 'TP-LINK_7122'], 'sample_bssids': ['d8:d7:75:45:81:24', 'ac:84:c6:41:71:22']}
!!!!!!!!!!!!!!!!!!!!!!!!!!!!!!!!!!!!!!!!!!!!!!!!!!!!!!!!!!!!!!!!!!!!!!!!!!!!!!!!


================================================================================
STATISTICS after 622.7s
--------------------------------------------------------------------------------
total frames: 48354

by frame type:
  management: 31843
  control: 13377
  data: 3134

by frame subtype:
  deauthentication: 25356
  ack: 9908
  beacon: 5523
  null_data: 1311
  rts: 1226
  qos_null: 1149
  cts: 1078
  block_ack: 845
  probe_response: 525
  data: 444
  block_ack_request: 319
  probe_request: 239
  qos_data: 230
  action: 137
  authentication: 30
  association_request: 14
  association_response: 14
  reassociation_request: 3
  reassociation_response: 2
  cf_end: 1

unique SSIDs: 2
unique BSSIDs: 13
================================================================================

================================================================================
STATISTICS after 632.7s
--------------------------------------------------------------------------------
total frames: 48528

by frame type:
  management: 31942
  control: 13422
  data: 3164

by frame subtype:
  deauthentication: 25356
  ack: 9936
  beacon: 5622
  null_data: 1333
  rts: 1228
  qos_null: 1151
  cts: 1084
  block_ack: 847
  probe_response: 525
  data: 448
  block_ack_request: 319
  probe_request: 239
  qos_data: 232
  action: 137
  authentication: 30
  association_request: 14
  association_response: 14
  cf_end: 8
  reassociation_request: 3
  reassociation_response: 2

unique SSIDs: 2
unique BSSIDs: 13
================================================================================

================================================================================
STATISTICS after 642.8s
--------------------------------------------------------------------------------
total frames: 48674

by frame type:
  management: 32034
  control: 13452
  data: 3188

by frame subtype:
  deauthentication: 25356
  ack: 9966
  beacon: 5706
  null_data: 1353
  rts: 1228
  qos_null: 1151
  cts: 1084
  block_ack: 847
  probe_response: 530
  data: 452
  block_ack_request: 319
  probe_request: 242
  qos_data: 232
  action: 137
  authentication: 30
  association_request: 14
  association_response: 14
  cf_end: 8
  reassociation_request: 3
  reassociation_response: 2

unique SSIDs: 2
unique BSSIDs: 13
================================================================================

================================================================================
STATISTICS after 652.8s
--------------------------------------------------------------------------------
total frames: 48821

by frame type:
  management: 32116
  control: 13485
  data: 3220

by frame subtype:
  deauthentication: 25356
  ack: 9997
  beacon: 5788
  null_data: 1375
  rts: 1228
  qos_null: 1153
  cts: 1085
  block_ack: 848
  probe_response: 530
  data: 460
  block_ack_request: 319
  probe_request: 242
  qos_data: 232
  action: 137
  authentication: 30
  association_request: 14
  association_response: 14
  cf_end: 8
  reassociation_request: 3
  reassociation_response: 2

unique SSIDs: 2
unique BSSIDs: 13
================================================================================

================================================================================
STATISTICS after 662.9s
--------------------------------------------------------------------------------
total frames: 48993

by frame type:
  management: 32216
  control: 13528
  data: 3249

by frame subtype:
  deauthentication: 25356
  ack: 10039
  beacon: 5880
  null_data: 1397
  rts: 1228
  qos_null: 1153
  cts: 1086
  block_ack: 848
  probe_response: 533
  data: 467
  block_ack_request: 319
  probe_request: 245
  qos_data: 232
  action: 139
  authentication: 30
  association_request: 14
  association_response: 14
  cf_end: 8
  reassociation_request: 3
  reassociation_response: 2

unique SSIDs: 2
unique BSSIDs: 13
================================================================================

================================================================================
STATISTICS after 672.9s
--------------------------------------------------------------------------------
total frames: 49189

by frame type:
  management: 32329
  control: 13572
  data: 3288

by frame subtype:
  deauthentication: 25356
  ack: 10080
  beacon: 5977
  null_data: 1420
  rts: 1229
  qos_null: 1158
  cts: 1087
  block_ack: 849
  probe_response: 545
  data: 477
  block_ack_request: 319
  probe_request: 247
  qos_data: 233
  action: 141
  authentication: 30
  association_request: 14
  association_response: 14
  cf_end: 8
  reassociation_request: 3
  reassociation_response: 2

unique SSIDs: 2
unique BSSIDs: 13
================================================================================

================================================================================
STATISTICS after 683.0s
--------------------------------------------------------------------------------
total frames: 49360

by frame type:
  management: 32434
  control: 13608
  data: 3318

by frame subtype:
  deauthentication: 25356
  ack: 10114
  beacon: 6072
  null_data: 1439
  rts: 1229
  qos_null: 1158
  cts: 1088
  block_ack: 850
  probe_response: 553
  data: 488
  block_ack_request: 319
  probe_request: 249
  qos_data: 233
  action: 141
  authentication: 30
  association_request: 14
  association_response: 14
  cf_end: 8
  reassociation_request: 3
  reassociation_response: 2

unique SSIDs: 2
unique BSSIDs: 13
================================================================================

================================================================================
STATISTICS after 693.1s
--------------------------------------------------------------------------------
total frames: 49519

by frame type:
  management: 32531
  control: 13646
  data: 3342

by frame subtype:
  deauthentication: 25356
  ack: 10147
  beacon: 6161
  null_data: 1460
  rts: 1230
  qos_null: 1158
  cts: 1089
  block_ack: 852
  probe_response: 553
  data: 490
  block_ack_request: 320
  probe_request: 249
  qos_data: 234
  action: 149
  authentication: 30
  association_request: 14
  association_response: 14
  cf_end: 8
  reassociation_request: 3
  reassociation_response: 2

unique SSIDs: 2
unique BSSIDs: 13
================================================================================

================================================================================
STATISTICS after 703.2s
--------------------------------------------------------------------------------
total frames: 49681

by frame type:
  management: 32613
  control: 13684
  data: 3384

by frame subtype:
  deauthentication: 25356
  ack: 10182
  beacon: 6243
  null_data: 1491
  rts: 1231
  qos_null: 1158
  cts: 1090
  block_ack: 853
  probe_response: 553
  data: 500
  block_ack_request: 320
  probe_request: 249
  qos_data: 235
  action: 149
  authentication: 30
  association_request: 14
  association_response: 14
  cf_end: 8
  reassociation_request: 3
  reassociation_response: 2

unique SSIDs: 2
unique BSSIDs: 13
================================================================================

================================================================================
STATISTICS after 713.2s
--------------------------------------------------------------------------------
total frames: 49862

by frame type:
  management: 32702
  control: 13728
  data: 3432

by frame subtype:
  deauthentication: 25356
  ack: 10221
  beacon: 6330
  null_data: 1528
  rts: 1232
  qos_null: 1158
  cts: 1092
  block_ack: 855
  probe_response: 554
  data: 510
  block_ack_request: 320
  probe_request: 250
  qos_data: 236
  action: 149
  authentication: 30
  association_request: 14
  association_response: 14
  cf_end: 8
  reassociation_request: 3
  reassociation_response: 2

unique SSIDs: 2
unique BSSIDs: 13
================================================================================

================================================================================
STATISTICS after 723.3s
--------------------------------------------------------------------------------
total frames: 50027

by frame type:
  management: 32799
  control: 13763
  data: 3465

by frame subtype:
  deauthentication: 25356
  ack: 10256
  beacon: 6425
  null_data: 1552
  rts: 1232
  qos_null: 1158
  cts: 1092
  block_ack: 855
  probe_response: 554
  data: 519
  block_ack_request: 320
  probe_request: 250
  qos_data: 236
  action: 151
  authentication: 30
  association_request: 14
  association_response: 14
  cf_end: 8
  reassociation_request: 3
  reassociation_response: 2

unique SSIDs: 2
unique BSSIDs: 13
================================================================================

================================================================================
STATISTICS after 733.3s
--------------------------------------------------------------------------------
total frames: 50233

by frame type:
  management: 32897
  control: 13818
  data: 3518

by frame subtype:
  deauthentication: 25356
  ack: 10311
  beacon: 6515
  null_data: 1584
  rts: 1232
  qos_null: 1161
  cts: 1092
  block_ack: 855
  probe_response: 557
  data: 537
  block_ack_request: 320
  probe_request: 253
  qos_data: 236
  action: 153
  authentication: 30
  association_request: 14
  association_response: 14
  cf_end: 8
  reassociation_request: 3
  reassociation_response: 2

unique SSIDs: 2
unique BSSIDs: 13
================================================================================

================================================================================
STATISTICS after 743.3s
--------------------------------------------------------------------------------
total frames: 50377

by frame type:
  management: 32984
  control: 13849
  data: 3544

by frame subtype:
  deauthentication: 25356
  ack: 10338
  beacon: 6602
  null_data: 1603
  rts: 1233
  qos_null: 1161
  cts: 1094
  block_ack: 856
  probe_response: 557
  data: 541
  block_ack_request: 320
  probe_request: 253
  qos_data: 239
  action: 153
  authentication: 30
  association_request: 14
  association_response: 14
  cf_end: 8
  reassociation_request: 3
  reassociation_response: 2

unique SSIDs: 2
unique BSSIDs: 13
================================================================================

================================================================================
STATISTICS after 753.4s
--------------------------------------------------------------------------------
total frames: 50536

by frame type:
  management: 33071
  control: 13887
  data: 3578

by frame subtype:
  deauthentication: 25356
  ack: 10370
  beacon: 6689
  null_data: 1626
  rts: 1235
  qos_null: 1161
  cts: 1096
  block_ack: 858
  probe_response: 557
  data: 550
  block_ack_request: 320
  probe_request: 253
  qos_data: 241
  action: 153
  authentication: 30
  association_request: 14
  association_response: 14
  cf_end: 8
  reassociation_request: 3
  reassociation_response: 2

unique SSIDs: 2
unique BSSIDs: 13
================================================================================

!!!!!!!!!!!!!!!!!!!!!!!!!!!!!!!!!!!!!!!!!!!!!!!!!!!!!!!!!!!!!!!!!!!!!!!!!!!!!!!!
[ALERT] ALERT-000050 | BEACON_FLOOD
severity: MEDIUM
time: 2026-05-16T13:23:09.560594
message: Wykryto możliwy atak Beacon Flood: 100 ramek beacon, 2 unikalnych BSSID, 2 unikalnych SSID w oknie 10s.
evidence: {'beacon_count': 100, 'unique_bssid_count': 2, 'unique_ssid_count': 2, 'window_seconds': 10, 'beacon_count_threshold': 100, 'unique_bssid_threshold': 30, 'unique_ssid_threshold': 20, 'triggered_reasons': ['high_beacon_rate'], 'sample_ssids': ['FunBox2-8124', 'TP-LINK_7122'], 'sample_bssids': ['d8:d7:75:45:81:24', 'ac:84:c6:41:71:22']}
!!!!!!!!!!!!!!!!!!!!!!!!!!!!!!!!!!!!!!!!!!!!!!!!!!!!!!!!!!!!!!!!!!!!!!!!!!!!!!!!


================================================================================
STATISTICS after 763.4s
--------------------------------------------------------------------------------
total frames: 50705

by frame type:
  management: 33172
  control: 13921
  data: 3612

by frame subtype:
  deauthentication: 25356
  ack: 10404
  beacon: 6788
  null_data: 1650
  rts: 1235
  qos_null: 1163
  cts: 1096
  block_ack: 858
  data: 558
  probe_response: 557
  block_ack_request: 320
  probe_request: 255
  qos_data: 241
  action: 153
  authentication: 30
  association_request: 14
  association_response: 14
  cf_end: 8
  reassociation_request: 3
  reassociation_response: 2

unique SSIDs: 2
unique BSSIDs: 13
================================================================================

================================================================================
STATISTICS after 773.4s
--------------------------------------------------------------------------------
total frames: 50875

by frame type:
  management: 33264
  control: 13958
  data: 3653

by frame subtype:
  deauthentication: 25356
  ack: 10439
  beacon: 6880
  null_data: 1676
  rts: 1235
  qos_null: 1169
  cts: 1097
  block_ack: 859
  data: 564
  probe_response: 557
  block_ack_request: 320
  probe_request: 255
  qos_data: 244
  action: 153
  authentication: 30
  association_request: 14
  association_response: 14
  cf_end: 8
  reassociation_request: 3
  reassociation_response: 2

unique SSIDs: 2
unique BSSIDs: 13
================================================================================

!!!!!!!!!!!!!!!!!!!!!!!!!!!!!!!!!!!!!!!!!!!!!!!!!!!!!!!!!!!!!!!!!!!!!!!!!!!!!!!!
[ALERT] ALERT-000051 | BEACON_FLOOD
severity: MEDIUM
time: 2026-05-16T13:23:22.463471
message: Wykryto możliwy atak Beacon Flood: 100 ramek beacon, 2 unikalnych BSSID, 2 unikalnych SSID w oknie 10s.
evidence: {'beacon_count': 100, 'unique_bssid_count': 2, 'unique_ssid_count': 2, 'window_seconds': 10, 'beacon_count_threshold': 100, 'unique_bssid_threshold': 30, 'unique_ssid_threshold': 20, 'triggered_reasons': ['high_beacon_rate'], 'sample_ssids': ['FunBox2-8124', 'TP-LINK_7122'], 'sample_bssids': ['d8:d7:75:45:81:24', 'ac:84:c6:41:71:22']}
!!!!!!!!!!!!!!!!!!!!!!!!!!!!!!!!!!!!!!!!!!!!!!!!!!!!!!!!!!!!!!!!!!!!!!!!!!!!!!!!


================================================================================
STATISTICS after 783.5s
--------------------------------------------------------------------------------
total frames: 51008

by frame type:
  management: 33358
  control: 13978
  data: 3672

by frame subtype:
  deauthentication: 25356
  ack: 10458
  beacon: 6974
  null_data: 1694
  rts: 1235
  qos_null: 1169
  cts: 1098
  block_ack: 859
  data: 565
  probe_response: 557
  block_ack_request: 320
  probe_request: 255
  qos_data: 244
  action: 153
  authentication: 30
  association_request: 14
  association_response: 14
  cf_end: 8
  reassociation_request: 3
  reassociation_response: 2

unique SSIDs: 2
unique BSSIDs: 13
================================================================================

================================================================================
STATISTICS after 793.5s
--------------------------------------------------------------------------------
total frames: 51190

by frame type:
  management: 33463
  control: 14021
  data: 3706

by frame subtype:
  deauthentication: 25356
  ack: 10494
  beacon: 7066
  null_data: 1719
  rts: 1238
  qos_null: 1173
  cts: 1100
  block_ack: 861
  data: 569
  probe_response: 564
  block_ack_request: 320
  probe_request: 258
  qos_data: 245
  action: 156
  authentication: 30
  association_request: 14
  association_response: 14
  cf_end: 8
  reassociation_request: 3
  reassociation_response: 2

unique SSIDs: 2
unique BSSIDs: 13
================================================================================

================================================================================
STATISTICS after 803.6s
--------------------------------------------------------------------------------
total frames: 51350

by frame type:
  management: 33558
  control: 14057
  data: 3735

by frame subtype:
  deauthentication: 25356
  ack: 10525
  beacon: 7157
  null_data: 1736
  rts: 1240
  qos_null: 1173
  cts: 1102
  block_ack: 862
  data: 580
  probe_response: 568
  block_ack_request: 320
  probe_request: 258
  qos_data: 246
  action: 156
  authentication: 30
  association_request: 14
  association_response: 14
  cf_end: 8
  reassociation_request: 3
  reassociation_response: 2

unique SSIDs: 2
unique BSSIDs: 13
================================================================================

================================================================================
STATISTICS after 813.6s
--------------------------------------------------------------------------------
total frames: 51493

by frame type:
  management: 33646
  control: 14090
  data: 3757

by frame subtype:
  deauthentication: 25356
  ack: 10554
  beacon: 7243
  null_data: 1754
  rts: 1241
  qos_null: 1173
  cts: 1103
  block_ack: 863
  data: 583
  probe_response: 568
  block_ack_request: 321
  probe_request: 258
  qos_data: 247
  action: 158
  authentication: 30
  association_request: 14
  association_response: 14
  cf_end: 8
  reassociation_request: 3
  reassociation_response: 2

unique SSIDs: 2
unique BSSIDs: 13
================================================================================

================================================================================
STATISTICS after 823.6s
--------------------------------------------------------------------------------
total frames: 51762

by frame type:
  management: 33736
  control: 14188
  data: 3838

by frame subtype:
  deauthentication: 25356
  ack: 10610
  beacon: 7333
  null_data: 1773
  rts: 1255
  qos_null: 1173
  cts: 1117
  block_ack: 877
  data: 603
  probe_response: 568
  block_ack_request: 321
  qos_data: 289
  probe_request: 258
  action: 158
  authentication: 30
  association_request: 14
  association_response: 14
  cf_end: 8
  reassociation_request: 3
  reassociation_response: 2

unique SSIDs: 2
unique BSSIDs: 13
================================================================================

================================================================================
STATISTICS after 833.7s
--------------------------------------------------------------------------------
total frames: 51915

by frame type:
  management: 33828
  control: 14218
  data: 3869

by frame subtype:
  deauthentication: 25356
  ack: 10634
  beacon: 7422
  null_data: 1793
  rts: 1256
  qos_null: 1178
  cts: 1119
  block_ack: 879
  data: 606
  probe_response: 568
  block_ack_request: 322
  qos_data: 292
  probe_request: 258
  action: 161
  authentication: 30
  association_request: 14
  association_response: 14
  cf_end: 8
  reassociation_request: 3
  reassociation_response: 2

unique SSIDs: 2
unique BSSIDs: 13
================================================================================

================================================================================
STATISTICS after 843.7s
--------------------------------------------------------------------------------
total frames: 52079

by frame type:
  management: 33927
  control: 14252
  data: 3900

by frame subtype:
  deauthentication: 25356
  ack: 10668
  beacon: 7518
  null_data: 1812
  rts: 1256
  qos_null: 1181
  cts: 1119
  block_ack: 879
  data: 615
  probe_response: 570
  block_ack_request: 322
  qos_data: 292
  probe_request: 259
  action: 161
  authentication: 30
  association_request: 14
  association_response: 14
  cf_end: 8
  reassociation_request: 3
  reassociation_response: 2

unique SSIDs: 2
unique BSSIDs: 13
================================================================================

================================================================================
STATISTICS after 853.7s
--------------------------------------------------------------------------------
total frames: 52244

by frame type:
  management: 34014
  control: 14292
  data: 3938

by frame subtype:
  deauthentication: 25356
  ack: 10708
  beacon: 7603
  null_data: 1836
  rts: 1256
  qos_null: 1185
  cts: 1119
  block_ack: 879
  data: 625
  probe_response: 570
  block_ack_request: 322
  qos_data: 292
  probe_request: 259
  action: 163
  authentication: 30
  association_request: 14
  association_response: 14
  cf_end: 8
  reassociation_request: 3
  reassociation_response: 2

unique SSIDs: 2
unique BSSIDs: 13
================================================================================

================================================================================
STATISTICS after 863.8s
--------------------------------------------------------------------------------
total frames: 52385

by frame type:
  management: 34099
  control: 14321
  data: 3965

by frame subtype:
  deauthentication: 25356
  ack: 10734
  beacon: 7687
  null_data: 1861
  rts: 1257
  qos_null: 1185
  cts: 1120
  block_ack: 880
  data: 626
  probe_response: 571
  block_ack_request: 322
  qos_data: 293
  probe_request: 259
  action: 163
  authentication: 30
  association_request: 14
  association_response: 14
  cf_end: 8
  reassociation_request: 3
  reassociation_response: 2

unique SSIDs: 2
unique BSSIDs: 13
================================================================================

================================================================================
STATISTICS after 873.8s
--------------------------------------------------------------------------------
total frames: 52545

by frame type:
  management: 34196
  control: 14353
  data: 3996

by frame subtype:
  deauthentication: 25356
  ack: 10760
  beacon: 7777
  null_data: 1886
  rts: 1259
  qos_null: 1185
  cts: 1122
  block_ack: 882
  data: 629
  probe_response: 576
  block_ack_request: 322
  qos_data: 296
  probe_request: 261
  action: 163
  authentication: 30
  association_request: 14
  association_response: 14
  cf_end: 8
  reassociation_request: 3
  reassociation_response: 2

unique SSIDs: 2
unique BSSIDs: 13
================================================================================

!!!!!!!!!!!!!!!!!!!!!!!!!!!!!!!!!!!!!!!!!!!!!!!!!!!!!!!!!!!!!!!!!!!!!!!!!!!!!!!!
[ALERT] ALERT-000052 | BEACON_FLOOD
severity: MEDIUM
time: 2026-05-16T13:25:06.403230
message: Wykryto możliwy atak Beacon Flood: 100 ramek beacon, 2 unikalnych BSSID, 2 unikalnych SSID w oknie 10s.
evidence: {'beacon_count': 100, 'unique_bssid_count': 2, 'unique_ssid_count': 2, 'window_seconds': 10, 'beacon_count_threshold': 100, 'unique_bssid_threshold': 30, 'unique_ssid_threshold': 20, 'triggered_reasons': ['high_beacon_rate'], 'sample_ssids': ['FunBox2-8124', 'TP-LINK_7122'], 'sample_bssids': ['d8:d7:75:45:81:24', 'ac:84:c6:41:71:22']}
!!!!!!!!!!!!!!!!!!!!!!!!!!!!!!!!!!!!!!!!!!!!!!!!!!!!!!!!!!!!!!!!!!!!!!!!!!!!!!!!


================================================================================
STATISTICS after 883.8s
--------------------------------------------------------------------------------
total frames: 52790

by frame type:
  management: 34303
  control: 14421
  data: 4066

by frame subtype:
  deauthentication: 25356
  ack: 10820
  beacon: 7881
  null_data: 1927
  rts: 1262
  qos_null: 1185
  cts: 1125
  block_ack: 884
  data: 645
  probe_response: 578
  block_ack_request: 322
  qos_data: 309
  probe_request: 262
  action: 163
  authentication: 30
  association_request: 14
  association_response: 14
  cf_end: 8
  reassociation_request: 3
  reassociation_response: 2

unique SSIDs: 2
unique BSSIDs: 16
================================================================================

================================================================================
STATISTICS after 893.9s
--------------------------------------------------------------------------------
total frames: 52953

by frame type:
  management: 34407
  control: 14451
  data: 4095

by frame subtype:
  deauthentication: 25356
  ack: 10850
  beacon: 7978
  null_data: 1946
  rts: 1262
  qos_null: 1185
  cts: 1125
  block_ack: 884
  data: 655
  probe_response: 583
  block_ack_request: 322
  qos_data: 309
  probe_request: 264
  action: 163
  authentication: 30
  association_request: 14
  association_response: 14
  cf_end: 8
  reassociation_request: 3
  reassociation_response: 2

unique SSIDs: 2
unique BSSIDs: 16
================================================================================

================================================================================
STATISTICS after 903.9s
--------------------------------------------------------------------------------
total frames: 53070

by frame type:
  management: 34496
  control: 14472
  data: 4102

by frame subtype:
  deauthentication: 25356
  ack: 10870
  beacon: 8064
  null_data: 1950
  rts: 1262
  qos_null: 1185
  cts: 1126
  block_ack: 884
  data: 658
  probe_response: 584
  block_ack_request: 322
  qos_data: 309
  probe_request: 266
  action: 163
  authentication: 30
  association_request: 14
  association_response: 14
  cf_end: 8
  reassociation_request: 3
  reassociation_response: 2

unique SSIDs: 2
unique BSSIDs: 16
================================================================================

================================================================================
STATISTICS after 914.0s
--------------------------------------------------------------------------------
total frames: 53195

by frame type:
  management: 34575
  control: 14505
  data: 4115

by frame subtype:
  deauthentication: 25356
  ack: 10900
  beacon: 8141
  null_data: 1951
  rts: 1263
  qos_null: 1188
  cts: 1127
  block_ack: 885
  data: 666
  probe_response: 584
  block_ack_request: 322
  qos_data: 310
  probe_request: 266
  action: 165
  authentication: 30
  association_request: 14
  association_response: 14
  cf_end: 8
  reassociation_request: 3
  reassociation_response: 2

unique SSIDs: 2
unique BSSIDs: 16
================================================================================

================================================================================
STATISTICS after 924.1s
--------------------------------------------------------------------------------
total frames: 53329

by frame type:
  management: 34665
  control: 14535
  data: 4129

by frame subtype:
  deauthentication: 25356
  ack: 10930
  beacon: 8231
  null_data: 1957
  rts: 1263
  qos_null: 1189
  cts: 1127
  block_ack: 885
  data: 670
  probe_response: 584
  block_ack_request: 322
  qos_data: 313
  probe_request: 266
  action: 165
  authentication: 30
  association_request: 14
  association_response: 14
  cf_end: 8
  reassociation_request: 3
  reassociation_response: 2

unique SSIDs: 2
unique BSSIDs: 16
================================================================================

================================================================================
STATISTICS after 934.1s
--------------------------------------------------------------------------------
total frames: 53459

by frame type:
  management: 34759
  control: 14553
  data: 4147

by frame subtype:
  deauthentication: 25356
  ack: 10945
  beacon: 8325
  null_data: 1973
  rts: 1264
  qos_null: 1189
  cts: 1128
  block_ack: 886
  data: 671
  probe_response: 584
  block_ack_request: 322
  qos_data: 314
  probe_request: 266
  action: 165
  authentication: 30
  association_request: 14
  association_response: 14
  cf_end: 8
  reassociation_request: 3
  reassociation_response: 2

unique SSIDs: 2
unique BSSIDs: 16
================================================================================

================================================================================
STATISTICS after 944.2s
--------------------------------------------------------------------------------
total frames: 53594

by frame type:
  management: 34851
  control: 14574
  data: 4169

by frame subtype:
  deauthentication: 25356
  ack: 10966
  beacon: 8417
  null_data: 1990
  rts: 1264
  qos_null: 1189
  cts: 1128
  block_ack: 886
  data: 676
  probe_response: 584
  block_ack_request: 322
  qos_data: 314
  probe_request: 266
  action: 165
  authentication: 30
  association_request: 14
  association_response: 14
  cf_end: 8
  reassociation_request: 3
  reassociation_response: 2

unique SSIDs: 2
unique BSSIDs: 16
================================================================================

================================================================================
STATISTICS after 954.2s
--------------------------------------------------------------------------------
total frames: 53743

by frame type:
  management: 34939
  control: 14604
  data: 4200

by frame subtype:
  deauthentication: 25356
  ack: 10993
  beacon: 8505
  null_data: 2010
  rts: 1265
  qos_null: 1189
  cts: 1129
  block_ack: 887
  data: 686
  probe_response: 584
  block_ack_request: 322
  qos_data: 315
  probe_request: 266
  action: 165
  authentication: 30
  association_request: 14
  association_response: 14
  cf_end: 8
  reassociation_request: 3
  reassociation_response: 2

unique SSIDs: 2
unique BSSIDs: 16
================================================================================

================================================================================
STATISTICS after 964.3s
--------------------------------------------------------------------------------
total frames: 53838

by frame type:
  management: 35008
  control: 14620
  data: 4210

by frame subtype:
  deauthentication: 25356
  ack: 11009
  beacon: 8574
  null_data: 2020
  rts: 1265
  qos_null: 1189
  cts: 1129
  block_ack: 887
  data: 686
  probe_response: 584
  block_ack_request: 322
  qos_data: 315
  probe_request: 266
  action: 165
  authentication: 30
  association_request: 14
  association_response: 14
  cf_end: 8
  reassociation_request: 3
  reassociation_response: 2

unique SSIDs: 2
unique BSSIDs: 16
================================================================================

================================================================================
STATISTICS after 974.4s
--------------------------------------------------------------------------------
total frames: 53999

by frame type:
  management: 35097
  control: 14660
  data: 4242

by frame subtype:
  deauthentication: 25356
  ack: 11049
  beacon: 8658
  null_data: 2036
  rts: 1265
  qos_null: 1191
  cts: 1129
  block_ack: 887
  data: 700
  probe_response: 585
  block_ack_request: 322
  qos_data: 315
  probe_request: 268
  action: 167
  authentication: 30
  association_request: 14
  association_response: 14
  cf_end: 8
  reassociation_request: 3
  reassociation_response: 2

unique SSIDs: 2
unique BSSIDs: 16
================================================================================

================================================================================
STATISTICS after 984.4s
--------------------------------------------------------------------------------
total frames: 54120

by frame type:
  management: 35178
  control: 14681
  data: 4261

by frame subtype:
  deauthentication: 25356
  ack: 11070
  beacon: 8739
  null_data: 2050
  rts: 1265
  qos_null: 1191
  cts: 1129
  block_ack: 887
  data: 704
  probe_response: 585
  block_ack_request: 322
  qos_data: 316
  probe_request: 268
  action: 167
  authentication: 30
  association_request: 14
  association_response: 14
  cf_end: 8
  reassociation_request: 3
  reassociation_response: 2

unique SSIDs: 2
unique BSSIDs: 16
================================================================================

================================================================================
STATISTICS after 994.4s
--------------------------------------------------------------------------------
total frames: 54292

by frame type:
  management: 35260
  control: 14743
  data: 4289

by frame subtype:
  deauthentication: 25356
  ack: 11090
  beacon: 8821
  null_data: 2059
  rts: 1280
  qos_null: 1191
  cts: 1146
  block_ack: 897
  data: 707
  probe_response: 585
  qos_data: 332
  block_ack_request: 322
  probe_request: 268
  action: 167
  authentication: 30
  association_request: 14
  association_response: 14
  cf_end: 8
  reassociation_request: 3
  reassociation_response: 2

unique SSIDs: 2
unique BSSIDs: 17
================================================================================

================================================================================
STATISTICS after 1004.7s
--------------------------------------------------------------------------------
total frames: 54423

by frame type:
  management: 35351
  control: 14775
  data: 4297

by frame subtype:
  deauthentication: 25356
  ack: 11114
  beacon: 8907
  null_data: 2059
  rts: 1288
  qos_null: 1191
  cts: 1146
  block_ack: 897
  data: 715
  probe_response: 589
  qos_data: 332
  block_ack_request: 322
  probe_request: 269
  action: 167
  authentication: 30
  association_request: 14
  association_response: 14
  cf_end: 8
  reassociation_request: 3
  reassociation_response: 2

unique SSIDs: 2
unique BSSIDs: 17
================================================================================

================================================================================
STATISTICS after 1014.7s
--------------------------------------------------------------------------------
total frames: 54579

by frame type:
  management: 35455
  control: 14814
  data: 4310

by frame subtype:
  deauthentication: 25356
  ack: 11153
  beacon: 8984
  null_data: 2060
  rts: 1288
  qos_null: 1191
  cts: 1146
  block_ack: 897
  data: 727
  probe_response: 609
  qos_data: 332
  block_ack_request: 322
  probe_request: 276
  action: 167
  authentication: 30
  association_request: 14
  association_response: 14
  cf_end: 8
  reassociation_request: 3
  reassociation_response: 2

unique SSIDs: 2
unique BSSIDs: 17
================================================================================

================================================================================
STATISTICS after 1024.7s
--------------------------------------------------------------------------------
total frames: 54718

by frame type:
  management: 35545
  control: 14844
  data: 4329

by frame subtype:
  deauthentication: 25356
  ack: 11182
  beacon: 9069
  null_data: 2069
  rts: 1288
  qos_null: 1192
  cts: 1147
  block_ack: 897
  data: 736
  probe_response: 613
  qos_data: 332
  block_ack_request: 322
  probe_request: 277
  action: 167
  authentication: 30
  association_request: 14
  association_response: 14
  cf_end: 8
  reassociation_request: 3
  reassociation_response: 2

unique SSIDs: 2
unique BSSIDs: 17
================================================================================

================================================================================
STATISTICS after 1034.8s
--------------------------------------------------------------------------------
total frames: 54883

by frame type:
  management: 35640
  control: 14889
  data: 4354

by frame subtype:
  deauthentication: 25356
  ack: 11224
  beacon: 9150
  null_data: 2078
  rts: 1289
  qos_null: 1193
  cts: 1148
  block_ack: 898
  data: 750
  probe_response: 624
  qos_data: 333
  block_ack_request: 322
  probe_request: 279
  action: 168
  authentication: 30
  association_request: 14
  association_response: 14
  cf_end: 8
  reassociation_request: 3
  reassociation_response: 2

unique SSIDs: 2
unique BSSIDs: 17
================================================================================

================================================================================
STATISTICS after 1044.8s
--------------------------------------------------------------------------------
total frames: 55025

by frame type:
  management: 35744
  control: 14917
  data: 4364

by frame subtype:
  deauthentication: 25356
  ack: 11252
  beacon: 9236
  null_data: 2078
  rts: 1289
  qos_null: 1193
  cts: 1148
  block_ack: 898
  data: 760
  probe_response: 639
  qos_data: 333
  block_ack_request: 322
  probe_request: 282
  action: 168
  authentication: 30
  association_request: 14
  association_response: 14
  cf_end: 8
  reassociation_request: 3
  reassociation_response: 2

unique SSIDs: 2
unique BSSIDs: 17
================================================================================

================================================================================
STATISTICS after 1054.9s
--------------------------------------------------------------------------------
total frames: 55182

by frame type:
  management: 35850
  control: 14947
  data: 4385

by frame subtype:
  deauthentication: 25356
  ack: 11279
  beacon: 9326
  null_data: 2091
  rts: 1290
  qos_null: 1193
  cts: 1149
  block_ack: 899
  data: 767
  probe_response: 653
  qos_data: 334
  block_ack_request: 322
  probe_request: 284
  action: 168
  authentication: 30
  association_request: 14
  association_response: 14
  cf_end: 8
  reassociation_request: 3
  reassociation_response: 2

unique SSIDs: 2
unique BSSIDs: 17
================================================================================

================================================================================
STATISTICS after 1065.0s
--------------------------------------------------------------------------------
total frames: 55288

by frame type:
  management: 35924
  control: 14968
  data: 4396

by frame subtype:
  deauthentication: 25356
  ack: 11300
  beacon: 9400
  null_data: 2095
  rts: 1290
  qos_null: 1193
  cts: 1149
  block_ack: 899
  data: 774
  probe_response: 653
  qos_data: 334
  block_ack_request: 322
  probe_request: 284
  action: 168
  authentication: 30
  association_request: 14
  association_response: 14
  cf_end: 8
  reassociation_request: 3
  reassociation_response: 2

unique SSIDs: 2
unique BSSIDs: 17
================================================================================

================================================================================
STATISTICS after 1075.0s
--------------------------------------------------------------------------------
total frames: 55461

by frame type:
  management: 36028
  control: 15014
  data: 4419

by frame subtype:
  deauthentication: 25356
  ack: 11343
  beacon: 9480
  null_data: 2099
  rts: 1291
  qos_null: 1194
  cts: 1150
  block_ack: 900
  data: 783
  probe_response: 671
  qos_data: 343
  block_ack_request: 322
  probe_request: 290
  action: 168
  authentication: 30
  association_request: 14
  association_response: 14
  cf_end: 8
  reassociation_request: 3
  reassociation_response: 2

unique SSIDs: 2
unique BSSIDs: 17
================================================================================

================================================================================
STATISTICS after 1085.1s
--------------------------------------------------------------------------------
total frames: 55621

by frame type:
  management: 36119
  control: 15052
  data: 4450

by frame subtype:
  deauthentication: 25356
  ack: 11381
  beacon: 9564
  null_data: 2114
  rts: 1291
  qos_null: 1196
  cts: 1150
  block_ack: 900
  data: 797
  probe_response: 676
  qos_data: 343
  block_ack_request: 322
  probe_request: 292
  action: 168
  authentication: 30
  association_request: 14
  association_response: 14
  cf_end: 8
  reassociation_request: 3
  reassociation_response: 2

unique SSIDs: 2
unique BSSIDs: 17
================================================================================

================================================================================
STATISTICS after 1095.1s
--------------------------------------------------------------------------------
total frames: 55767

by frame type:
  management: 36211
  control: 15078
  data: 4478

by frame subtype:
  deauthentication: 25356
  ack: 11407
  beacon: 9651
  null_data: 2133
  rts: 1291
  qos_null: 1196
  cts: 1150
  block_ack: 900
  data: 806
  probe_response: 680
  qos_data: 343
  block_ack_request: 322
  probe_request: 292
  action: 169
  authentication: 30
  association_request: 14
  association_response: 14
  cf_end: 8
  reassociation_request: 3
  reassociation_response: 2

unique SSIDs: 2
unique BSSIDs: 17
================================================================================

================================================================================
STATISTICS after 1105.2s
--------------------------------------------------------------------------------
total frames: 55937

by frame type:
  management: 36310
  control: 15118
  data: 4509

by frame subtype:
  deauthentication: 25356
  ack: 11444
  beacon: 9741
  null_data: 2148
  rts: 1292
  qos_null: 1196
  cts: 1151
  block_ack: 901
  data: 818
  probe_response: 688
  qos_data: 347
  block_ack_request: 322
  probe_request: 293
  action: 169
  authentication: 30
  association_request: 14
  association_response: 14
  cf_end: 8
  reassociation_request: 3
  reassociation_response: 2

unique SSIDs: 2
unique BSSIDs: 17
================================================================================

================================================================================
STATISTICS after 1115.3s
--------------------------------------------------------------------------------
total frames: 56060

by frame type:
  management: 36387
  control: 15141
  data: 4532

by frame subtype:
  deauthentication: 25356
  ack: 11464
  beacon: 9818
  null_data: 2165
  rts: 1293
  qos_null: 1196
  cts: 1152
  block_ack: 902
  data: 823
  probe_response: 688
  qos_data: 348
  block_ack_request: 322
  probe_request: 293
  action: 169
  authentication: 30
  association_request: 14
  association_response: 14
  cf_end: 8
  reassociation_request: 3
  reassociation_response: 2

unique SSIDs: 2
unique BSSIDs: 17
================================================================================

================================================================================
STATISTICS after 1125.3s
--------------------------------------------------------------------------------
total frames: 56195

by frame type:
  management: 36469
  control: 15167
  data: 4559

by frame subtype:
  deauthentication: 25356
  ack: 11490
  beacon: 9896
  null_data: 2178
  rts: 1293
  qos_null: 1196
  cts: 1152
  block_ack: 902
  data: 837
  probe_response: 692
  qos_data: 348
  block_ack_request: 322
  probe_request: 293
  action: 169
  authentication: 30
  association_request: 14
  association_response: 14
  cf_end: 8
  reassociation_request: 3
  reassociation_response: 2

unique SSIDs: 2
unique BSSIDs: 17
================================================================================

================================================================================
STATISTICS after 1135.3s
--------------------------------------------------------------------------------
total frames: 56318

by frame type:
  management: 36554
  control: 15188
  data: 4576

by frame subtype:
  deauthentication: 25356
  ack: 11511
  beacon: 9981
  null_data: 2189
  rts: 1293
  qos_null: 1197
  cts: 1152
  block_ack: 902
  data: 842
  probe_response: 692
  qos_data: 348
  block_ack_request: 322
  probe_request: 293
  action: 169
  authentication: 30
  association_request: 14
  association_response: 14
  cf_end: 8
  reassociation_request: 3
  reassociation_response: 2

unique SSIDs: 2
unique BSSIDs: 17
================================================================================

================================================================================
STATISTICS after 1145.5s
--------------------------------------------------------------------------------
total frames: 56498

by frame type:
  management: 36664
  control: 15229
  data: 4605

by frame subtype:
  deauthentication: 25356
  ack: 11550
  beacon: 10070
  null_data: 2203
  rts: 1293
  qos_null: 1201
  cts: 1154
  block_ack: 902
  data: 853
  probe_response: 706
  qos_data: 348
  block_ack_request: 322
  probe_request: 300
  action: 169
  authentication: 30
  association_request: 14
  association_response: 14
  cf_end: 8
  reassociation_request: 3
  reassociation_response: 2

unique SSIDs: 2
unique BSSIDs: 17
================================================================================

!!!!!!!!!!!!!!!!!!!!!!!!!!!!!!!!!!!!!!!!!!!!!!!!!!!!!!!!!!!!!!!!!!!!!!!!!!!!!!!!
[ALERT] ALERT-000053 | DEAUTH_FLOOD
severity: MEDIUM
time: 2026-05-16T13:29:34.455647
message: Wykryto możliwy atak Deauthentication Flood: 25 ramek deauthentication z adresu d8:d7:75:45:81:24 w oknie 5s.
evidence: {'source_mac': 'd8:d7:75:45:81:24', 'destination_mac': 'ff:ff:ff:ff:ff:ff', 'bssid': 'd8:d7:75:45:81:24', 'count': 25, 'threshold': 25, 'window_seconds': 5}
!!!!!!!!!!!!!!!!!!!!!!!!!!!!!!!!!!!!!!!!!!!!!!!!!!!!!!!!!!!!!!!!!!!!!!!!!!!!!!!!


!!!!!!!!!!!!!!!!!!!!!!!!!!!!!!!!!!!!!!!!!!!!!!!!!!!!!!!!!!!!!!!!!!!!!!!!!!!!!!!!
[ALERT] ALERT-000054 | DEAUTH_FLOOD
severity: MEDIUM
time: 2026-05-16T13:29:34.457763
message: Wykryto możliwy atak Deauthentication Flood: 25 ramek deauthentication z adresu ff:ff:ff:ff:ff:ff w oknie 5s.
evidence: {'source_mac': 'ff:ff:ff:ff:ff:ff', 'destination_mac': 'd8:d7:75:45:81:24', 'bssid': 'd8:d7:75:45:81:24', 'count': 25, 'threshold': 25, 'window_seconds': 5}
!!!!!!!!!!!!!!!!!!!!!!!!!!!!!!!!!!!!!!!!!!!!!!!!!!!!!!!!!!!!!!!!!!!!!!!!!!!!!!!!


!!!!!!!!!!!!!!!!!!!!!!!!!!!!!!!!!!!!!!!!!!!!!!!!!!!!!!!!!!!!!!!!!!!!!!!!!!!!!!!!
[ALERT] ALERT-000055 | DEAUTH_FLOOD
severity: CRITICAL
time: 2026-05-16T13:29:39.457797
message: Wykryto możliwy atak Deauthentication Flood: 557 ramek deauthentication z adresu ff:ff:ff:ff:ff:ff w oknie 5s.
evidence: {'source_mac': 'ff:ff:ff:ff:ff:ff', 'destination_mac': 'd8:d7:75:45:81:24', 'bssid': 'd8:d7:75:45:81:24', 'count': 557, 'threshold': 25, 'window_seconds': 5}
!!!!!!!!!!!!!!!!!!!!!!!!!!!!!!!!!!!!!!!!!!!!!!!!!!!!!!!!!!!!!!!!!!!!!!!!!!!!!!!!


!!!!!!!!!!!!!!!!!!!!!!!!!!!!!!!!!!!!!!!!!!!!!!!!!!!!!!!!!!!!!!!!!!!!!!!!!!!!!!!!
[ALERT] ALERT-000056 | DEAUTH_FLOOD
severity: CRITICAL
time: 2026-05-16T13:29:39.460044
message: Wykryto możliwy atak Deauthentication Flood: 582 ramek deauthentication z adresu d8:d7:75:45:81:24 w oknie 5s.
evidence: {'source_mac': 'd8:d7:75:45:81:24', 'destination_mac': 'ff:ff:ff:ff:ff:ff', 'bssid': 'd8:d7:75:45:81:24', 'count': 582, 'threshold': 25, 'window_seconds': 5}
!!!!!!!!!!!!!!!!!!!!!!!!!!!!!!!!!!!!!!!!!!!!!!!!!!!!!!!!!!!!!!!!!!!!!!!!!!!!!!!!


================================================================================
STATISTICS after 1155.5s
--------------------------------------------------------------------------------
total frames: 58572

by frame type:
  management: 38427
  control: 15527
  data: 4618

by frame subtype:
  deauthentication: 27011
  ack: 11845
  beacon: 10130
  null_data: 2211
  rts: 1294
  qos_null: 1201
  cts: 1155
  block_ack: 903
  data: 857
  probe_response: 732
  qos_data: 349
  block_ack_request: 322
  probe_request: 314
  action: 173
  authentication: 32
  association_request: 15
  association_response: 15
  cf_end: 8
  reassociation_request: 3
  reassociation_response: 2

unique SSIDs: 2
unique BSSIDs: 17
================================================================================

!!!!!!!!!!!!!!!!!!!!!!!!!!!!!!!!!!!!!!!!!!!!!!!!!!!!!!!!!!!!!!!!!!!!!!!!!!!!!!!!
[ALERT] ALERT-000057 | DEAUTH_FLOOD
severity: CRITICAL
time: 2026-05-16T13:29:44.498807
message: Wykryto możliwy atak Deauthentication Flood: 599 ramek deauthentication z adresu d8:d7:75:45:81:24 w oknie 5s.
evidence: {'source_mac': 'd8:d7:75:45:81:24', 'destination_mac': 'ff:ff:ff:ff:ff:ff', 'bssid': 'd8:d7:75:45:81:24', 'count': 599, 'threshold': 25, 'window_seconds': 5}
!!!!!!!!!!!!!!!!!!!!!!!!!!!!!!!!!!!!!!!!!!!!!!!!!!!!!!!!!!!!!!!!!!!!!!!!!!!!!!!!


!!!!!!!!!!!!!!!!!!!!!!!!!!!!!!!!!!!!!!!!!!!!!!!!!!!!!!!!!!!!!!!!!!!!!!!!!!!!!!!!
[ALERT] ALERT-000058 | DEAUTH_FLOOD
severity: CRITICAL
time: 2026-05-16T13:29:44.500929
message: Wykryto możliwy atak Deauthentication Flood: 572 ramek deauthentication z adresu ff:ff:ff:ff:ff:ff w oknie 5s.
evidence: {'source_mac': 'ff:ff:ff:ff:ff:ff', 'destination_mac': 'd8:d7:75:45:81:24', 'bssid': 'd8:d7:75:45:81:24', 'count': 572, 'threshold': 25, 'window_seconds': 5}
!!!!!!!!!!!!!!!!!!!!!!!!!!!!!!!!!!!!!!!!!!!!!!!!!!!!!!!!!!!!!!!!!!!!!!!!!!!!!!!!


!!!!!!!!!!!!!!!!!!!!!!!!!!!!!!!!!!!!!!!!!!!!!!!!!!!!!!!!!!!!!!!!!!!!!!!!!!!!!!!!
[ALERT] ALERT-000059 | DEAUTH_FLOOD
severity: CRITICAL
time: 2026-05-16T13:29:49.537637
message: Wykryto możliwy atak Deauthentication Flood: 609 ramek deauthentication z adresu d8:d7:75:45:81:24 w oknie 5s.
evidence: {'source_mac': 'd8:d7:75:45:81:24', 'destination_mac': 'ff:ff:ff:ff:ff:ff', 'bssid': 'd8:d7:75:45:81:24', 'count': 609, 'threshold': 25, 'window_seconds': 5}
!!!!!!!!!!!!!!!!!!!!!!!!!!!!!!!!!!!!!!!!!!!!!!!!!!!!!!!!!!!!!!!!!!!!!!!!!!!!!!!!


!!!!!!!!!!!!!!!!!!!!!!!!!!!!!!!!!!!!!!!!!!!!!!!!!!!!!!!!!!!!!!!!!!!!!!!!!!!!!!!!
[ALERT] ALERT-000060 | DEAUTH_FLOOD
severity: CRITICAL
time: 2026-05-16T13:29:49.539763
message: Wykryto możliwy atak Deauthentication Flood: 571 ramek deauthentication z adresu ff:ff:ff:ff:ff:ff w oknie 5s.
evidence: {'source_mac': 'ff:ff:ff:ff:ff:ff', 'destination_mac': 'd8:d7:75:45:81:24', 'bssid': 'd8:d7:75:45:81:24', 'count': 571, 'threshold': 25, 'window_seconds': 5}
!!!!!!!!!!!!!!!!!!!!!!!!!!!!!!!!!!!!!!!!!!!!!!!!!!!!!!!!!!!!!!!!!!!!!!!!!!!!!!!!


================================================================================
STATISTICS after 1165.5s
--------------------------------------------------------------------------------
total frames: 61418

by frame type:
  management: 40883
  control: 15906
  data: 4629

by frame subtype:
  deauthentication: 29391
  ack: 12224
  beacon: 10181
  null_data: 2216
  rts: 1294
  qos_null: 1201
  cts: 1155
  block_ack: 903
  data: 863
  probe_response: 744
  qos_data: 349
  probe_request: 324
  block_ack_request: 322
  action: 173
  authentication: 35
  association_request: 15
  association_response: 15
  cf_end: 8
  reassociation_request: 3
  reassociation_response: 2

unique SSIDs: 2
unique BSSIDs: 17
================================================================================

!!!!!!!!!!!!!!!!!!!!!!!!!!!!!!!!!!!!!!!!!!!!!!!!!!!!!!!!!!!!!!!!!!!!!!!!!!!!!!!!
[ALERT] ALERT-000061 | DEAUTH_FLOOD
severity: CRITICAL
time: 2026-05-16T13:29:54.708313
message: Wykryto możliwy atak Deauthentication Flood: 490 ramek deauthentication z adresu d8:d7:75:45:81:24 w oknie 5s.
evidence: {'source_mac': 'd8:d7:75:45:81:24', 'destination_mac': 'ff:ff:ff:ff:ff:ff', 'bssid': 'd8:d7:75:45:81:24', 'count': 490, 'threshold': 25, 'window_seconds': 5}
!!!!!!!!!!!!!!!!!!!!!!!!!!!!!!!!!!!!!!!!!!!!!!!!!!!!!!!!!!!!!!!!!!!!!!!!!!!!!!!!


!!!!!!!!!!!!!!!!!!!!!!!!!!!!!!!!!!!!!!!!!!!!!!!!!!!!!!!!!!!!!!!!!!!!!!!!!!!!!!!!
[ALERT] ALERT-000062 | DEAUTH_FLOOD
severity: CRITICAL
time: 2026-05-16T13:29:54.710745
message: Wykryto możliwy atak Deauthentication Flood: 474 ramek deauthentication z adresu ff:ff:ff:ff:ff:ff w oknie 5s.
evidence: {'source_mac': 'ff:ff:ff:ff:ff:ff', 'destination_mac': 'd8:d7:75:45:81:24', 'bssid': 'd8:d7:75:45:81:24', 'count': 474, 'threshold': 25, 'window_seconds': 5}
!!!!!!!!!!!!!!!!!!!!!!!!!!!!!!!!!!!!!!!!!!!!!!!!!!!!!!!!!!!!!!!!!!!!!!!!!!!!!!!!


!!!!!!!!!!!!!!!!!!!!!!!!!!!!!!!!!!!!!!!!!!!!!!!!!!!!!!!!!!!!!!!!!!!!!!!!!!!!!!!!
[ALERT] ALERT-000063 | DEAUTH_FLOOD
severity: CRITICAL
time: 2026-05-16T13:29:59.712648
message: Wykryto możliwy atak Deauthentication Flood: 452 ramek deauthentication z adresu ff:ff:ff:ff:ff:ff w oknie 5s.
evidence: {'source_mac': 'ff:ff:ff:ff:ff:ff', 'destination_mac': 'd8:d7:75:45:81:24', 'bssid': 'd8:d7:75:45:81:24', 'count': 452, 'threshold': 25, 'window_seconds': 5}
!!!!!!!!!!!!!!!!!!!!!!!!!!!!!!!!!!!!!!!!!!!!!!!!!!!!!!!!!!!!!!!!!!!!!!!!!!!!!!!!


!!!!!!!!!!!!!!!!!!!!!!!!!!!!!!!!!!!!!!!!!!!!!!!!!!!!!!!!!!!!!!!!!!!!!!!!!!!!!!!!
[ALERT] ALERT-000064 | DEAUTH_FLOOD
severity: CRITICAL
time: 2026-05-16T13:29:59.896005
message: Wykryto możliwy atak Deauthentication Flood: 433 ramek deauthentication z adresu d8:d7:75:45:81:24 w oknie 5s.
evidence: {'source_mac': 'd8:d7:75:45:81:24', 'destination_mac': 'ff:ff:ff:ff:ff:ff', 'bssid': 'd8:d7:75:45:81:24', 'count': 433, 'threshold': 25, 'window_seconds': 5}
!!!!!!!!!!!!!!!!!!!!!!!!!!!!!!!!!!!!!!!!!!!!!!!!!!!!!!!!!!!!!!!!!!!!!!!!!!!!!!!!


================================================================================
STATISTICS after 1175.5s
--------------------------------------------------------------------------------
total frames: 63706

by frame type:
  management: 42851
  control: 16211
  data: 4644

by frame subtype:
  deauthentication: 31299
  ack: 12525
  beacon: 10217
  null_data: 2226
  rts: 1294
  qos_null: 1201
  cts: 1155
  block_ack: 905
  data: 864
  probe_response: 749
  qos_data: 353
  probe_request: 335
  block_ack_request: 324
  action: 177
  authentication: 37
  association_request: 16
  association_response: 16
  cf_end: 8
  reassociation_request: 3
  reassociation_response: 2

unique SSIDs: 2
unique BSSIDs: 17
================================================================================

!!!!!!!!!!!!!!!!!!!!!!!!!!!!!!!!!!!!!!!!!!!!!!!!!!!!!!!!!!!!!!!!!!!!!!!!!!!!!!!!
[ALERT] ALERT-000065 | DEAUTH_FLOOD
severity: CRITICAL
time: 2026-05-16T13:30:04.714879
message: Wykryto możliwy atak Deauthentication Flood: 551 ramek deauthentication z adresu ff:ff:ff:ff:ff:ff w oknie 5s.
evidence: {'source_mac': 'ff:ff:ff:ff:ff:ff', 'destination_mac': 'd8:d7:75:45:81:24', 'bssid': 'd8:d7:75:45:81:24', 'count': 551, 'threshold': 25, 'window_seconds': 5}
!!!!!!!!!!!!!!!!!!!!!!!!!!!!!!!!!!!!!!!!!!!!!!!!!!!!!!!!!!!!!!!!!!!!!!!!!!!!!!!!


!!!!!!!!!!!!!!!!!!!!!!!!!!!!!!!!!!!!!!!!!!!!!!!!!!!!!!!!!!!!!!!!!!!!!!!!!!!!!!!!
[ALERT] ALERT-000066 | DEAUTH_FLOOD
severity: CRITICAL
time: 2026-05-16T13:30:04.971950
message: Wykryto możliwy atak Deauthentication Flood: 542 ramek deauthentication z adresu d8:d7:75:45:81:24 w oknie 5s.
evidence: {'source_mac': 'd8:d7:75:45:81:24', 'destination_mac': 'ff:ff:ff:ff:ff:ff', 'bssid': 'd8:d7:75:45:81:24', 'count': 542, 'threshold': 25, 'window_seconds': 5}
!!!!!!!!!!!!!!!!!!!!!!!!!!!!!!!!!!!!!!!!!!!!!!!!!!!!!!!!!!!!!!!!!!!!!!!!!!!!!!!!


!!!!!!!!!!!!!!!!!!!!!!!!!!!!!!!!!!!!!!!!!!!!!!!!!!!!!!!!!!!!!!!!!!!!!!!!!!!!!!!!
[ALERT] ALERT-000067 | DEAUTH_FLOOD
severity: CRITICAL
time: 2026-05-16T13:30:09.716799
message: Wykryto możliwy atak Deauthentication Flood: 505 ramek deauthentication z adresu ff:ff:ff:ff:ff:ff w oknie 5s.
evidence: {'source_mac': 'ff:ff:ff:ff:ff:ff', 'destination_mac': 'd8:d7:75:45:81:24', 'bssid': 'd8:d7:75:45:81:24', 'count': 505, 'threshold': 25, 'window_seconds': 5}
!!!!!!!!!!!!!!!!!!!!!!!!!!!!!!!!!!!!!!!!!!!!!!!!!!!!!!!!!!!!!!!!!!!!!!!!!!!!!!!!


!!!!!!!!!!!!!!!!!!!!!!!!!!!!!!!!!!!!!!!!!!!!!!!!!!!!!!!!!!!!!!!!!!!!!!!!!!!!!!!!
[ALERT] ALERT-000068 | DEAUTH_FLOOD
severity: CRITICAL
time: 2026-05-16T13:30:10.046521
message: Wykryto możliwy atak Deauthentication Flood: 540 ramek deauthentication z adresu d8:d7:75:45:81:24 w oknie 5s.
evidence: {'source_mac': 'd8:d7:75:45:81:24', 'destination_mac': 'ff:ff:ff:ff:ff:ff', 'bssid': 'd8:d7:75:45:81:24', 'count': 540, 'threshold': 25, 'window_seconds': 5}
!!!!!!!!!!!!!!!!!!!!!!!!!!!!!!!!!!!!!!!!!!!!!!!!!!!!!!!!!!!!!!!!!!!!!!!!!!!!!!!!


================================================================================
STATISTICS after 1185.5s
--------------------------------------------------------------------------------
total frames: 66369

by frame type:
  management: 45094
  control: 16593
  data: 4682

by frame subtype:
  deauthentication: 33441
  ack: 12903
  beacon: 10272
  null_data: 2247
  rts: 1294
  qos_null: 1201
  cts: 1155
  block_ack: 907
  data: 872
  probe_response: 770
  qos_data: 362
  probe_request: 351
  block_ack_request: 326
  action: 181
  authentication: 39
  association_request: 18
  association_response: 17
  cf_end: 8
  reassociation_request: 3
  reassociation_response: 2

unique SSIDs: 2
unique BSSIDs: 17
================================================================================

!!!!!!!!!!!!!!!!!!!!!!!!!!!!!!!!!!!!!!!!!!!!!!!!!!!!!!!!!!!!!!!!!!!!!!!!!!!!!!!!
[ALERT] ALERT-000069 | DEAUTH_FLOOD
severity: CRITICAL
time: 2026-05-16T13:30:14.717223
message: Wykryto możliwy atak Deauthentication Flood: 566 ramek deauthentication z adresu ff:ff:ff:ff:ff:ff w oknie 5s.
evidence: {'source_mac': 'ff:ff:ff:ff:ff:ff', 'destination_mac': 'd8:d7:75:45:81:24', 'bssid': 'd8:d7:75:45:81:24', 'count': 566, 'threshold': 25, 'window_seconds': 5}
!!!!!!!!!!!!!!!!!!!!!!!!!!!!!!!!!!!!!!!!!!!!!!!!!!!!!!!!!!!!!!!!!!!!!!!!!!!!!!!!


!!!!!!!!!!!!!!!!!!!!!!!!!!!!!!!!!!!!!!!!!!!!!!!!!!!!!!!!!!!!!!!!!!!!!!!!!!!!!!!!
[ALERT] ALERT-000070 | DEAUTH_FLOOD
severity: CRITICAL
time: 2026-05-16T13:30:15.109826
message: Wykryto możliwy atak Deauthentication Flood: 567 ramek deauthentication z adresu d8:d7:75:45:81:24 w oknie 5s.
evidence: {'source_mac': 'd8:d7:75:45:81:24', 'destination_mac': 'ff:ff:ff:ff:ff:ff', 'bssid': 'd8:d7:75:45:81:24', 'count': 567, 'threshold': 25, 'window_seconds': 5}
!!!!!!!!!!!!!!!!!!!!!!!!!!!!!!!!!!!!!!!!!!!!!!!!!!!!!!!!!!!!!!!!!!!!!!!!!!!!!!!!


!!!!!!!!!!!!!!!!!!!!!!!!!!!!!!!!!!!!!!!!!!!!!!!!!!!!!!!!!!!!!!!!!!!!!!!!!!!!!!!!
[ALERT] ALERT-000071 | DEAUTH_FLOOD
severity: CRITICAL
time: 2026-05-16T13:30:19.722363
message: Wykryto możliwy atak Deauthentication Flood: 572 ramek deauthentication z adresu ff:ff:ff:ff:ff:ff w oknie 5s.
evidence: {'source_mac': 'ff:ff:ff:ff:ff:ff', 'destination_mac': 'd8:d7:75:45:81:24', 'bssid': 'd8:d7:75:45:81:24', 'count': 572, 'threshold': 25, 'window_seconds': 5}
!!!!!!!!!!!!!!!!!!!!!!!!!!!!!!!!!!!!!!!!!!!!!!!!!!!!!!!!!!!!!!!!!!!!!!!!!!!!!!!!


!!!!!!!!!!!!!!!!!!!!!!!!!!!!!!!!!!!!!!!!!!!!!!!!!!!!!!!!!!!!!!!!!!!!!!!!!!!!!!!!
[ALERT] ALERT-000072 | DEAUTH_FLOOD
severity: CRITICAL
time: 2026-05-16T13:30:20.144273
message: Wykryto możliwy atak Deauthentication Flood: 573 ramek deauthentication z adresu d8:d7:75:45:81:24 w oknie 5s.
evidence: {'source_mac': 'd8:d7:75:45:81:24', 'destination_mac': 'ff:ff:ff:ff:ff:ff', 'bssid': 'd8:d7:75:45:81:24', 'count': 573, 'threshold': 25, 'window_seconds': 5}
!!!!!!!!!!!!!!!!!!!!!!!!!!!!!!!!!!!!!!!!!!!!!!!!!!!!!!!!!!!!!!!!!!!!!!!!!!!!!!!!


================================================================================
STATISTICS after 1195.5s
--------------------------------------------------------------------------------
total frames: 69168

by frame type:
  management: 47482
  control: 16998
  data: 4688

by frame subtype:
  deauthentication: 35751
  ack: 13308
  beacon: 10331
  null_data: 2253
  rts: 1294
  qos_null: 1201
  cts: 1155
  block_ack: 907
  data: 872
  probe_response: 776
  qos_data: 362
  probe_request: 361
  block_ack_request: 326
  action: 181
  authentication: 41
  association_request: 19
  association_response: 17
  cf_end: 8
  reassociation_request: 3
  reassociation_response: 2

unique SSIDs: 2
unique BSSIDs: 17
================================================================================

!!!!!!!!!!!!!!!!!!!!!!!!!!!!!!!!!!!!!!!!!!!!!!!!!!!!!!!!!!!!!!!!!!!!!!!!!!!!!!!!
[ALERT] ALERT-000073 | DEAUTH_FLOOD
severity: CRITICAL
time: 2026-05-16T13:30:24.725466
message: Wykryto możliwy atak Deauthentication Flood: 506 ramek deauthentication z adresu ff:ff:ff:ff:ff:ff w oknie 5s.
evidence: {'source_mac': 'ff:ff:ff:ff:ff:ff', 'destination_mac': 'd8:d7:75:45:81:24', 'bssid': 'd8:d7:75:45:81:24', 'count': 506, 'threshold': 25, 'window_seconds': 5}
!!!!!!!!!!!!!!!!!!!!!!!!!!!!!!!!!!!!!!!!!!!!!!!!!!!!!!!!!!!!!!!!!!!!!!!!!!!!!!!!


!!!!!!!!!!!!!!!!!!!!!!!!!!!!!!!!!!!!!!!!!!!!!!!!!!!!!!!!!!!!!!!!!!!!!!!!!!!!!!!!
[ALERT] ALERT-000074 | DEAUTH_FLOOD
severity: CRITICAL
time: 2026-05-16T13:30:25.227772
message: Wykryto możliwy atak Deauthentication Flood: 519 ramek deauthentication z adresu d8:d7:75:45:81:24 w oknie 5s.
evidence: {'source_mac': 'd8:d7:75:45:81:24', 'destination_mac': 'ff:ff:ff:ff:ff:ff', 'bssid': 'd8:d7:75:45:81:24', 'count': 519, 'threshold': 25, 'window_seconds': 5}
!!!!!!!!!!!!!!!!!!!!!!!!!!!!!!!!!!!!!!!!!!!!!!!!!!!!!!!!!!!!!!!!!!!!!!!!!!!!!!!!


!!!!!!!!!!!!!!!!!!!!!!!!!!!!!!!!!!!!!!!!!!!!!!!!!!!!!!!!!!!!!!!!!!!!!!!!!!!!!!!!
[ALERT] ALERT-000075 | DEAUTH_FLOOD
severity: CRITICAL
time: 2026-05-16T13:30:29.732717
message: Wykryto możliwy atak Deauthentication Flood: 505 ramek deauthentication z adresu ff:ff:ff:ff:ff:ff w oknie 5s.
evidence: {'source_mac': 'ff:ff:ff:ff:ff:ff', 'destination_mac': 'd8:d7:75:45:81:24', 'bssid': 'd8:d7:75:45:81:24', 'count': 505, 'threshold': 25, 'window_seconds': 5}
!!!!!!!!!!!!!!!!!!!!!!!!!!!!!!!!!!!!!!!!!!!!!!!!!!!!!!!!!!!!!!!!!!!!!!!!!!!!!!!!


!!!!!!!!!!!!!!!!!!!!!!!!!!!!!!!!!!!!!!!!!!!!!!!!!!!!!!!!!!!!!!!!!!!!!!!!!!!!!!!!
[ALERT] ALERT-000076 | DEAUTH_FLOOD
severity: CRITICAL
time: 2026-05-16T13:30:30.295779
message: Wykryto możliwy atak Deauthentication Flood: 545 ramek deauthentication z adresu d8:d7:75:45:81:24 w oknie 5s.
evidence: {'source_mac': 'd8:d7:75:45:81:24', 'destination_mac': 'ff:ff:ff:ff:ff:ff', 'bssid': 'd8:d7:75:45:81:24', 'count': 545, 'threshold': 25, 'window_seconds': 5}
!!!!!!!!!!!!!!!!!!!!!!!!!!!!!!!!!!!!!!!!!!!!!!!!!!!!!!!!!!!!!!!!!!!!!!!!!!!!!!!!


================================================================================
STATISTICS after 1205.5s
--------------------------------------------------------------------------------
total frames: 71728

by frame type:
  management: 49669
  control: 17358
  data: 4701

by frame subtype:
  deauthentication: 37830
  ack: 13668
  beacon: 10382
  null_data: 2262
  rts: 1294
  qos_null: 1201
  cts: 1155
  block_ack: 907
  data: 874
  probe_response: 807
  probe_request: 385
  qos_data: 364
  block_ack_request: 326
  action: 181
  authentication: 41
  association_request: 20
  association_response: 18
  cf_end: 8
  reassociation_request: 3
  reassociation_response: 2

unique SSIDs: 2
unique BSSIDs: 17
================================================================================

================================================================================
STATISTICS after 1215.5s
--------------------------------------------------------------------------------
total frames: 72640

by frame type:
  management: 50356
  control: 17510
  data: 4774

by frame subtype:
  deauthentication: 38421
  ack: 13818
  beacon: 10459
  null_data: 2302
  rts: 1294
  qos_null: 1201
  cts: 1155
  block_ack: 907
  data: 905
  probe_response: 814
  probe_request: 392
  qos_data: 366
  block_ack_request: 328
  action: 183
  authentication: 43
  association_request: 21
  association_response: 18
  cf_end: 8
  reassociation_request: 3
  reassociation_response: 2

unique SSIDs: 2
unique BSSIDs: 17
================================================================================

================================================================================
STATISTICS after 1225.7s
--------------------------------------------------------------------------------
total frames: 72877

by frame type:
  management: 50460
  control: 17590
  data: 4827

by frame subtype:
  deauthentication: 38421
  ack: 13879
  beacon: 10534
  null_data: 2325
  rts: 1299
  qos_null: 1201
  cts: 1160
  data: 925
  block_ack: 914
  probe_response: 824
  probe_request: 400
  qos_data: 376
  block_ack_request: 330
  action: 189
  authentication: 46
  association_request: 22
  association_response: 19
  cf_end: 8
  reassociation_request: 3
  reassociation_response: 2

unique SSIDs: 2
unique BSSIDs: 17
================================================================================

================================================================================
STATISTICS after 1235.8s
--------------------------------------------------------------------------------
total frames: 73150

by frame type:
  management: 50546
  control: 17704
  data: 4900

by frame subtype:
  deauthentication: 38421
  ack: 13930
  beacon: 10620
  null_data: 2354
  rts: 1320
  qos_null: 1201
  cts: 1181
  data: 948
  block_ack: 935
  probe_response: 824
  probe_request: 400
  qos_data: 397
  block_ack_request: 330
  action: 189
  authentication: 46
  association_request: 22
  association_response: 19
  cf_end: 8
  reassociation_request: 3
  reassociation_response: 2

unique SSIDs: 2
unique BSSIDs: 17
================================================================================

================================================================================
STATISTICS after 1245.8s
--------------------------------------------------------------------------------
total frames: 73314

by frame type:
  management: 50631
  control: 17747
  data: 4936

by frame subtype:
  deauthentication: 38421
  ack: 13958
  beacon: 10705
  null_data: 2376
  rts: 1325
  qos_null: 1201
  cts: 1186
  data: 957
  block_ack: 940
  probe_response: 824
  qos_data: 402
  probe_request: 400
  block_ack_request: 330
  action: 189
  authentication: 46
  association_request: 22
  association_response: 19
  cf_end: 8
  reassociation_request: 3
  reassociation_response: 2

unique SSIDs: 2
unique BSSIDs: 17
================================================================================

================================================================================
STATISTICS after 1255.9s
--------------------------------------------------------------------------------
total frames: 73469

by frame type:
  management: 50716
  control: 17783
  data: 4970

by frame subtype:
  deauthentication: 38421
  ack: 13994
  beacon: 10790
  null_data: 2396
  rts: 1325
  qos_null: 1201
  cts: 1186
  data: 970
  block_ack: 940
  probe_response: 824
  qos_data: 403
  probe_request: 400
  block_ack_request: 330
  action: 189
  authentication: 46
  association_request: 22
  association_response: 19
  cf_end: 8
  reassociation_request: 3
  reassociation_response: 2

unique SSIDs: 2
unique BSSIDs: 17
================================================================================

================================================================================
STATISTICS after 1265.9s
--------------------------------------------------------------------------------
total frames: 73604

by frame type:
  management: 50798
  control: 17813
  data: 4993

by frame subtype:
  deauthentication: 38421
  ack: 14015
  beacon: 10872
  null_data: 2413
  rts: 1328
  qos_null: 1201
  cts: 1189
  data: 973
  block_ack: 943
  probe_response: 824
  qos_data: 406
  probe_request: 400
  block_ack_request: 330
  action: 189
  authentication: 46
  association_request: 22
  association_response: 19
  cf_end: 8
  reassociation_request: 3
  reassociation_response: 2

unique SSIDs: 2
unique BSSIDs: 17
================================================================================

================================================================================
STATISTICS after 1276.0s
--------------------------------------------------------------------------------
total frames: 73734

by frame type:
  management: 50876
  control: 17841
  data: 5017

by frame subtype:
  deauthentication: 38421
  ack: 14043
  beacon: 10948
  null_data: 2432
  rts: 1328
  qos_null: 1201
  cts: 1189
  data: 976
  block_ack: 943
  probe_response: 825
  qos_data: 408
  probe_request: 401
  block_ack_request: 330
  action: 189
  authentication: 46
  association_request: 22
  association_response: 19
  cf_end: 8
  reassociation_request: 3
  reassociation_response: 2

unique SSIDs: 2
unique BSSIDs: 17
================================================================================

================================================================================
STATISTICS after 1286.1s
--------------------------------------------------------------------------------
total frames: 73865

by frame type:
  management: 50952
  control: 17866
  data: 5047

by frame subtype:
  deauthentication: 38421
  ack: 14068
  beacon: 11022
  null_data: 2456
  rts: 1328
  qos_null: 1201
  cts: 1189
  data: 981
  block_ack: 943
  probe_response: 825
  qos_data: 409
  probe_request: 401
  block_ack_request: 330
  action: 191
  authentication: 46
  association_request: 22
  association_response: 19
  cf_end: 8
  reassociation_request: 3
  reassociation_response: 2

unique SSIDs: 2
unique BSSIDs: 17
================================================================================

================================================================================
STATISTICS after 1296.1s
--------------------------------------------------------------------------------
total frames: 73987

by frame type:
  management: 51036
  control: 17892
  data: 5059

by frame subtype:
  deauthentication: 38421
  ack: 14086
  beacon: 11106
  null_data: 2465
  rts: 1331
  qos_null: 1201
  cts: 1191
  data: 982
  block_ack: 946
  probe_response: 825
  qos_data: 411
  probe_request: 401
  block_ack_request: 330
  action: 191
  authentication: 46
  association_request: 22
  association_response: 19
  cf_end: 8
  reassociation_request: 3
  reassociation_response: 2

unique SSIDs: 2
unique BSSIDs: 17
================================================================================

================================================================================
STATISTICS after 1306.2s
--------------------------------------------------------------------------------
total frames: 74139

by frame type:
  management: 51131
  control: 17926
  data: 5082

by frame subtype:
  deauthentication: 38421
  ack: 14117
  beacon: 11189
  null_data: 2483
  rts: 1332
  qos_null: 1201
  cts: 1192
  data: 986
  block_ack: 947
  probe_response: 834
  qos_data: 412
  probe_request: 404
  block_ack_request: 330
  action: 191
  authentication: 46
  association_request: 22
  association_response: 19
  cf_end: 8
  reassociation_request: 3
  reassociation_response: 2

unique SSIDs: 2
unique BSSIDs: 17
================================================================================

================================================================================
STATISTICS after 1316.3s
--------------------------------------------------------------------------------
total frames: 74272

by frame type:
  management: 51223
  control: 17948
  data: 5101

by frame subtype:
  deauthentication: 38421
  ack: 14139
  beacon: 11281
  null_data: 2500
  rts: 1332
  qos_null: 1201
  cts: 1192
  data: 988
  block_ack: 947
  probe_response: 834
  qos_data: 412
  probe_request: 404
  block_ack_request: 330
  action: 191
  authentication: 46
  association_request: 22
  association_response: 19
  cf_end: 8
  reassociation_request: 3
  reassociation_response: 2

unique SSIDs: 2
unique BSSIDs: 17
================================================================================

================================================================================
STATISTICS after 1326.3s
--------------------------------------------------------------------------------
total frames: 74417

by frame type:
  management: 51305
  control: 17980
  data: 5132

by frame subtype:
  deauthentication: 38421
  ack: 14171
  beacon: 11363
  null_data: 2516
  rts: 1332
  qos_null: 1202
  cts: 1192
  data: 1002
  block_ack: 947
  probe_response: 834
  qos_data: 412
  probe_request: 404
  block_ack_request: 330
  action: 191
  authentication: 46
  association_request: 22
  association_response: 19
  cf_end: 8
  reassociation_request: 3
  reassociation_response: 2

unique SSIDs: 2
unique BSSIDs: 17
================================================================================

================================================================================
STATISTICS after 1336.4s
--------------------------------------------------------------------------------
total frames: 74569

by frame type:
  management: 51400
  control: 18012
  data: 5157

by frame subtype:
  deauthentication: 38421
  ack: 14203
  beacon: 11447
  null_data: 2530
  rts: 1332
  qos_null: 1202
  cts: 1192
  data: 1013
  block_ack: 947
  probe_response: 840
  qos_data: 412
  probe_request: 409
  block_ack_request: 330
  action: 191
  authentication: 46
  association_request: 22
  association_response: 19
  cf_end: 8
  reassociation_request: 3
  reassociation_response: 2

unique SSIDs: 2
unique BSSIDs: 17
================================================================================

================================================================================
STATISTICS after 1346.4s
--------------------------------------------------------------------------------
total frames: 74711

by frame type:
  management: 51490
  control: 18035
  data: 5186

by frame subtype:
  deauthentication: 38421
  ack: 14225
  beacon: 11533
  null_data: 2556
  rts: 1332
  qos_null: 1202
  cts: 1193
  data: 1015
  block_ack: 947
  probe_response: 840
  qos_data: 413
  probe_request: 409
  block_ack_request: 330
  action: 195
  authentication: 46
  association_request: 22
  association_response: 19
  cf_end: 8
  reassociation_request: 3
  reassociation_response: 2

unique SSIDs: 2
unique BSSIDs: 17
================================================================================

================================================================================
STATISTICS after 1356.5s
--------------------------------------------------------------------------------
total frames: 75141

by frame type:
  management: 51577
  control: 18274
  data: 5290

by frame subtype:
  deauthentication: 38421
  ack: 14251
  beacon: 11620
  null_data: 2570
  rts: 1405
  cts: 1263
  qos_null: 1202
  data: 1023
  block_ack: 1017
  probe_response: 840
  qos_data: 495
  probe_request: 409
  block_ack_request: 330
  action: 195
  authentication: 46
  association_request: 22
  association_response: 19
  cf_end: 8
  reassociation_request: 3
  reassociation_response: 2

unique SSIDs: 2
unique BSSIDs: 17
================================================================================

================================================================================
STATISTICS after 1366.6s
--------------------------------------------------------------------------------
total frames: 75423

by frame type:
  management: 51673
  control: 18390
  data: 5360

by frame subtype:
  deauthentication: 38421
  ack: 14280
  beacon: 11716
  null_data: 2599
  rts: 1435
  cts: 1292
  qos_null: 1205
  block_ack: 1045
  data: 1032
  probe_response: 840
  qos_data: 524
  probe_request: 409
  block_ack_request: 330
  action: 195
  authentication: 46
  association_request: 22
  association_response: 19
  cf_end: 8
  reassociation_request: 3
  reassociation_response: 2

unique SSIDs: 2
unique BSSIDs: 17
================================================================================

================================================================================
STATISTICS after 1376.6s
--------------------------------------------------------------------------------
total frames: 75782

by frame type:
  management: 51749
  control: 18594
  data: 5439

by frame subtype:
  deauthentication: 38421
  ack: 14300
  beacon: 11789
  null_data: 2608
  rts: 1502
  cts: 1351
  qos_null: 1205
  block_ack: 1103
  data: 1033
  probe_response: 842
  qos_data: 593
  probe_request: 410
  block_ack_request: 330
  action: 195
  authentication: 46
  association_request: 22
  association_response: 19
  cf_end: 8
  reassociation_request: 3
  reassociation_response: 2

unique SSIDs: 2
unique BSSIDs: 17
================================================================================

================================================================================
STATISTICS after 1386.6s
--------------------------------------------------------------------------------
total frames: 76071

by frame type:
  management: 51813
  control: 18754
  data: 5504

by frame subtype:
  deauthentication: 38421
  ack: 14316
  beacon: 11853
  null_data: 2624
  rts: 1551
  cts: 1400
  qos_null: 1206
  block_ack: 1149
  data: 1035
  probe_response: 842
  qos_data: 639
  probe_request: 410
  block_ack_request: 330
  action: 195
  authentication: 46
  association_request: 22
  association_response: 19
  cf_end: 8
  reassociation_request: 3
  reassociation_response: 2

unique SSIDs: 2
unique BSSIDs: 17
================================================================================

!!!!!!!!!!!!!!!!!!!!!!!!!!!!!!!!!!!!!!!!!!!!!!!!!!!!!!!!!!!!!!!!!!!!!!!!!!!!!!!!
[ALERT] ALERT-000077 | RTS_CTS_FLOOD_GLOBAL
severity: MEDIUM
time: 2026-05-16T13:33:32.852531
message: Wykryto możliwy RTS/CTS Flood: 77 ramek RTS oraz 73 ramek CTS w oknie 5s.
evidence: {'rts_count': 77, 'cts_count': 73, 'combined_count': 150, 'window_seconds': 5, 'rts_count_threshold': 100, 'cts_count_threshold': 100, 'combined_count_threshold': 150, 'triggered_reasons': ['high_combined_rts_cts_rate'], 'unique_source_count': 2, 'unique_destination_count': 2, 'sample_sources': ['d8:d7:75:45:81:24', '54:35:30:cf:ee:1e'], 'sample_destinations': ['d8:d7:75:45:81:24', '54:35:30:cf:ee:1e']}
!!!!!!!!!!!!!!!!!!!!!!!!!!!!!!!!!!!!!!!!!!!!!!!!!!!!!!!!!!!!!!!!!!!!!!!!!!!!!!!!


!!!!!!!!!!!!!!!!!!!!!!!!!!!!!!!!!!!!!!!!!!!!!!!!!!!!!!!!!!!!!!!!!!!!!!!!!!!!!!!!
[ALERT] ALERT-000078 | RTS_FLOOD_SOURCE
severity: MEDIUM
time: 2026-05-16T13:33:33.273980
message: Wykryto możliwy RTS Flood z pojedynczego źródła: 50 ramek RTS z adresu 54:35:30:cf:ee:1e w oknie 5s.
evidence: {'source_mac': '54:35:30:cf:ee:1e', 'rts_count': 50, 'unique_destination_count': 1, 'rts_per_source_threshold': 50, 'window_seconds': 5, 'sample_destinations': ['d8:d7:75:45:81:24']}
!!!!!!!!!!!!!!!!!!!!!!!!!!!!!!!!!!!!!!!!!!!!!!!!!!!!!!!!!!!!!!!!!!!!!!!!!!!!!!!!


!!!!!!!!!!!!!!!!!!!!!!!!!!!!!!!!!!!!!!!!!!!!!!!!!!!!!!!!!!!!!!!!!!!!!!!!!!!!!!!!
[ALERT] ALERT-000079 | RTS_FLOOD_SOURCE
severity: MEDIUM
time: 2026-05-16T13:33:35.647806
message: Wykryto możliwy RTS Flood z pojedynczego źródła: 50 ramek RTS z adresu d8:d7:75:45:81:24 w oknie 5s.
evidence: {'source_mac': 'd8:d7:75:45:81:24', 'rts_count': 50, 'unique_destination_count': 1, 'rts_per_source_threshold': 50, 'window_seconds': 5, 'sample_destinations': ['54:35:30:cf:ee:1e']}
!!!!!!!!!!!!!!!!!!!!!!!!!!!!!!!!!!!!!!!!!!!!!!!!!!!!!!!!!!!!!!!!!!!!!!!!!!!!!!!!


================================================================================
STATISTICS after 1396.8s
--------------------------------------------------------------------------------
total frames: 76697

by frame type:
  management: 51907
  control: 19137
  data: 5653

by frame subtype:
  deauthentication: 38421
  ack: 14360
  beacon: 11943
  null_data: 2659
  rts: 1687
  cts: 1511
  block_ack: 1241
  qos_null: 1206
  data: 1047
  probe_response: 844
  qos_data: 741
  probe_request: 412
  block_ack_request: 330
  action: 195
  authentication: 46
  association_request: 22
  association_response: 19
  cf_end: 8
  reassociation_request: 3
  reassociation_response: 2

unique SSIDs: 2
unique BSSIDs: 17
================================================================================

================================================================================
STATISTICS after 1406.8s
--------------------------------------------------------------------------------
total frames: 76912

by frame type:
  management: 51994
  control: 19203
  data: 5715

by frame subtype:
  deauthentication: 38421
  ack: 14408
  beacon: 12028
  null_data: 2697
  rts: 1693
  cts: 1517
  block_ack: 1247
  qos_null: 1206
  data: 1064
  probe_response: 844
  qos_data: 748
  probe_request: 412
  block_ack_request: 330
  action: 197
  authentication: 46
  association_request: 22
  association_response: 19
  cf_end: 8
  reassociation_request: 3
  reassociation_response: 2

unique SSIDs: 2
unique BSSIDs: 17
================================================================================

!!!!!!!!!!!!!!!!!!!!!!!!!!!!!!!!!!!!!!!!!!!!!!!!!!!!!!!!!!!!!!!!!!!!!!!!!!!!!!!!
[ALERT] ALERT-000080 | RTS_CTS_FLOOD_GLOBAL
severity: MEDIUM
time: 2026-05-16T13:33:54.100117
message: Wykryto możliwy RTS/CTS Flood: 77 ramek RTS oraz 73 ramek CTS w oknie 5s.
evidence: {'rts_count': 77, 'cts_count': 73, 'combined_count': 150, 'window_seconds': 5, 'rts_count_threshold': 100, 'cts_count_threshold': 100, 'combined_count_threshold': 150, 'triggered_reasons': ['high_combined_rts_cts_rate'], 'unique_source_count': 2, 'unique_destination_count': 2, 'sample_sources': ['d8:d7:75:45:81:24', '54:35:30:cf:ee:1e'], 'sample_destinations': ['d8:d7:75:45:81:24', '54:35:30:cf:ee:1e']}
!!!!!!!!!!!!!!!!!!!!!!!!!!!!!!!!!!!!!!!!!!!!!!!!!!!!!!!!!!!!!!!!!!!!!!!!!!!!!!!!


!!!!!!!!!!!!!!!!!!!!!!!!!!!!!!!!!!!!!!!!!!!!!!!!!!!!!!!!!!!!!!!!!!!!!!!!!!!!!!!!
[ALERT] ALERT-000081 | RTS_FLOOD_SOURCE
severity: MEDIUM
time: 2026-05-16T13:33:55.080206
message: Wykryto możliwy RTS Flood z pojedynczego źródła: 50 ramek RTS z adresu 54:35:30:cf:ee:1e w oknie 5s.
evidence: {'source_mac': '54:35:30:cf:ee:1e', 'rts_count': 50, 'unique_destination_count': 1, 'rts_per_source_threshold': 50, 'window_seconds': 5, 'sample_destinations': ['d8:d7:75:45:81:24']}
!!!!!!!!!!!!!!!!!!!!!!!!!!!!!!!!!!!!!!!!!!!!!!!!!!!!!!!!!!!!!!!!!!!!!!!!!!!!!!!!


================================================================================
STATISTICS after 1416.8s
--------------------------------------------------------------------------------
total frames: 77413

by frame type:
  management: 52072
  control: 19503
  data: 5838

by frame subtype:
  deauthentication: 38421
  ack: 14439
  beacon: 12106
  null_data: 2720
  rts: 1790
  cts: 1606
  block_ack: 1330
  qos_null: 1206
  data: 1077
  probe_response: 844
  qos_data: 835
  probe_request: 412
  block_ack_request: 330
  action: 197
  authentication: 46
  association_request: 22
  association_response: 19
  cf_end: 8
  reassociation_request: 3
  reassociation_response: 2

unique SSIDs: 2
unique BSSIDs: 17
================================================================================

================================================================================
STATISTICS after 1427.0s
--------------------------------------------------------------------------------
total frames: 77566

by frame type:
  management: 52163
  control: 19541
  data: 5862

by frame subtype:
  deauthentication: 38421
  ack: 14462
  beacon: 12192
  null_data: 2735
  rts: 1795
  cts: 1611
  block_ack: 1335
  qos_null: 1206
  data: 1081
  probe_response: 844
  qos_data: 840
  probe_request: 417
  block_ack_request: 330
  action: 197
  authentication: 46
  association_request: 22
  association_response: 19
  cf_end: 8
  reassociation_request: 3
  reassociation_response: 2

unique SSIDs: 2
unique BSSIDs: 17
================================================================================

================================================================================
STATISTICS after 1437.0s
--------------------------------------------------------------------------------
total frames: 77698

by frame type:
  management: 52244
  control: 19575
  data: 5879

by frame subtype:
  deauthentication: 38421
  ack: 14491
  beacon: 12254
  null_data: 2745
  rts: 1797
  cts: 1612
  block_ack: 1337
  qos_null: 1206
  data: 1086
  probe_response: 859
  qos_data: 842
  probe_request: 421
  block_ack_request: 330
  action: 197
  authentication: 46
  association_request: 22
  association_response: 19
  cf_end: 8
  reassociation_request: 3
  reassociation_response: 2

unique SSIDs: 2
unique BSSIDs: 17
================================================================================

================================================================================
STATISTICS after 1447.1s
--------------------------------------------------------------------------------
total frames: 77849

by frame type:
  management: 52337
  control: 19598
  data: 5914

by frame subtype:
  deauthentication: 38421
  ack: 14514
  beacon: 12342
  null_data: 2777
  rts: 1797
  cts: 1612
  block_ack: 1337
  qos_null: 1207
  data: 1088
  probe_response: 862
  qos_data: 842
  probe_request: 423
  block_ack_request: 330
  action: 197
  authentication: 46
  association_request: 22
  association_response: 19
  cf_end: 8
  reassociation_request: 3
  reassociation_response: 2

unique SSIDs: 2
unique BSSIDs: 17
================================================================================

!!!!!!!!!!!!!!!!!!!!!!!!!!!!!!!!!!!!!!!!!!!!!!!!!!!!!!!!!!!!!!!!!!!!!!!!!!!!!!!!
[ALERT] ALERT-000082 | BEACON_FLOOD
severity: MEDIUM
time: 2026-05-16T13:34:42.249027
message: Wykryto możliwy atak Beacon Flood: 100 ramek beacon, 2 unikalnych BSSID, 2 unikalnych SSID w oknie 10s.
evidence: {'beacon_count': 100, 'unique_bssid_count': 2, 'unique_ssid_count': 2, 'window_seconds': 10, 'beacon_count_threshold': 100, 'unique_bssid_threshold': 30, 'unique_ssid_threshold': 20, 'triggered_reasons': ['high_beacon_rate'], 'sample_ssids': ['FunBox2-8124', 'TP-LINK_7122'], 'sample_bssids': ['d8:d7:75:45:81:24', 'ac:84:c6:41:71:22']}
!!!!!!!!!!!!!!!!!!!!!!!!!!!!!!!!!!!!!!!!!!!!!!!!!!!!!!!!!!!!!!!!!!!!!!!!!!!!!!!!


================================================================================
STATISTICS after 1457.1s
--------------------------------------------------------------------------------
total frames: 78079

by frame type:
  management: 52449
  control: 19663
  data: 5967

by frame subtype:
  deauthentication: 38421
  ack: 14562
  beacon: 12440
  null_data: 2810
  rts: 1804
  cts: 1619
  block_ack: 1340
  qos_null: 1207
  data: 1101
  probe_response: 870
  qos_data: 849
  probe_request: 429
  block_ack_request: 330
  action: 197
  authentication: 46
  association_request: 22
  association_response: 19
  cf_end: 8
  reassociation_request: 3
  reassociation_response: 2

unique SSIDs: 2
unique BSSIDs: 17
================================================================================

================================================================================
STATISTICS after 1467.2s
--------------------------------------------------------------------------------
total frames: 78280

by frame type:
  management: 52560
  control: 19700
  data: 6020

by frame subtype:
  deauthentication: 38421
  ack: 14597
  beacon: 12539
  null_data: 2853
  rts: 1804
  cts: 1621
  block_ack: 1340
  qos_null: 1207
  data: 1110
  probe_response: 878
  qos_data: 850
  probe_request: 431
  block_ack_request: 330
  action: 199
  authentication: 46
  association_request: 22
  association_response: 19
  cf_end: 8
  reassociation_request: 3
  reassociation_response: 2

unique SSIDs: 2
unique BSSIDs: 17
================================================================================

================================================================================
STATISTICS after 1477.3s
--------------------------------------------------------------------------------
total frames: 78432

by frame type:
  management: 52642
  control: 19731
  data: 6059

by frame subtype:
  deauthentication: 38421
  ack: 14618
  beacon: 12621
  null_data: 2886
  rts: 1808
  cts: 1624
  block_ack: 1343
  qos_null: 1207
  data: 1113
  probe_response: 878
  qos_data: 853
  probe_request: 431
  block_ack_request: 330
  action: 199
  authentication: 46
  association_request: 22
  association_response: 19
  cf_end: 8
  reassociation_request: 3
  reassociation_response: 2

unique SSIDs: 2
unique BSSIDs: 17
================================================================================

================================================================================
STATISTICS after 1487.3s
--------------------------------------------------------------------------------
total frames: 78582

by frame type:
  management: 52729
  control: 19764
  data: 6089

by frame subtype:
  deauthentication: 38421
  ack: 14648
  beacon: 12698
  null_data: 2908
  rts: 1809
  cts: 1625
  block_ack: 1344
  qos_null: 1207
  data: 1121
  probe_response: 884
  qos_data: 853
  probe_request: 435
  block_ack_request: 330
  action: 199
  authentication: 46
  association_request: 22
  association_response: 19
  cf_end: 8
  reassociation_request: 3
  reassociation_response: 2

unique SSIDs: 2
unique BSSIDs: 17
================================================================================

!!!!!!!!!!!!!!!!!!!!!!!!!!!!!!!!!!!!!!!!!!!!!!!!!!!!!!!!!!!!!!!!!!!!!!!!!!!!!!!!
[ALERT] ALERT-000083 | DEAUTH_FLOOD
severity: MEDIUM
time: 2026-05-16T13:35:15.251189
message: Wykryto możliwy atak Deauthentication Flood: 25 ramek deauthentication z adresu d8:d7:75:45:81:24 w oknie 5s.
evidence: {'source_mac': 'd8:d7:75:45:81:24', 'destination_mac': 'ff:ff:ff:ff:ff:ff', 'bssid': 'd8:d7:75:45:81:24', 'count': 25, 'threshold': 25, 'window_seconds': 5}
!!!!!!!!!!!!!!!!!!!!!!!!!!!!!!!!!!!!!!!!!!!!!!!!!!!!!!!!!!!!!!!!!!!!!!!!!!!!!!!!


!!!!!!!!!!!!!!!!!!!!!!!!!!!!!!!!!!!!!!!!!!!!!!!!!!!!!!!!!!!!!!!!!!!!!!!!!!!!!!!!
[ALERT] ALERT-000084 | DEAUTH_FLOOD
severity: MEDIUM
time: 2026-05-16T13:35:15.253297
message: Wykryto możliwy atak Deauthentication Flood: 25 ramek deauthentication z adresu ff:ff:ff:ff:ff:ff w oknie 5s.
evidence: {'source_mac': 'ff:ff:ff:ff:ff:ff', 'destination_mac': 'd8:d7:75:45:81:24', 'bssid': 'd8:d7:75:45:81:24', 'count': 25, 'threshold': 25, 'window_seconds': 5}
!!!!!!!!!!!!!!!!!!!!!!!!!!!!!!!!!!!!!!!!!!!!!!!!!!!!!!!!!!!!!!!!!!!!!!!!!!!!!!!!


!!!!!!!!!!!!!!!!!!!!!!!!!!!!!!!!!!!!!!!!!!!!!!!!!!!!!!!!!!!!!!!!!!!!!!!!!!!!!!!!
[ALERT] ALERT-000085 | DEAUTH_FLOOD
severity: CRITICAL
time: 2026-05-16T13:35:20.377402
message: Wykryto możliwy atak Deauthentication Flood: 364 ramek deauthentication z adresu d8:d7:75:45:81:24 w oknie 5s.
evidence: {'source_mac': 'd8:d7:75:45:81:24', 'destination_mac': 'ff:ff:ff:ff:ff:ff', 'bssid': 'd8:d7:75:45:81:24', 'count': 364, 'threshold': 25, 'window_seconds': 5}
!!!!!!!!!!!!!!!!!!!!!!!!!!!!!!!!!!!!!!!!!!!!!!!!!!!!!!!!!!!!!!!!!!!!!!!!!!!!!!!!


!!!!!!!!!!!!!!!!!!!!!!!!!!!!!!!!!!!!!!!!!!!!!!!!!!!!!!!!!!!!!!!!!!!!!!!!!!!!!!!!
[ALERT] ALERT-000086 | DEAUTH_FLOOD
severity: CRITICAL
time: 2026-05-16T13:35:20.379528
message: Wykryto możliwy atak Deauthentication Flood: 319 ramek deauthentication z adresu ff:ff:ff:ff:ff:ff w oknie 5s.
evidence: {'source_mac': 'ff:ff:ff:ff:ff:ff', 'destination_mac': 'd8:d7:75:45:81:24', 'bssid': 'd8:d7:75:45:81:24', 'count': 319, 'threshold': 25, 'window_seconds': 5}
!!!!!!!!!!!!!!!!!!!!!!!!!!!!!!!!!!!!!!!!!!!!!!!!!!!!!!!!!!!!!!!!!!!!!!!!!!!!!!!!


================================================================================
STATISTICS after 1497.3s
--------------------------------------------------------------------------------
total frames: 80132

by frame type:
  management: 54055
  control: 19970
  data: 6107

by frame subtype:
  deauthentication: 39645
  ack: 14851
  beacon: 12748
  null_data: 2922
  rts: 1809
  cts: 1625
  block_ack: 1345
  qos_null: 1207
  data: 1122
  probe_response: 913
  qos_data: 856
  probe_request: 449
  block_ack_request: 332
  action: 204
  authentication: 48
  association_request: 23
  association_response: 20
  cf_end: 8
  reassociation_request: 3
  reassociation_response: 2

unique SSIDs: 2
unique BSSIDs: 17
================================================================================

!!!!!!!!!!!!!!!!!!!!!!!!!!!!!!!!!!!!!!!!!!!!!!!!!!!!!!!!!!!!!!!!!!!!!!!!!!!!!!!!
[ALERT] ALERT-000087 | DEAUTH_FLOOD
severity: CRITICAL
time: 2026-05-16T13:35:25.381944
message: Wykryto możliwy atak Deauthentication Flood: 373 ramek deauthentication z adresu ff:ff:ff:ff:ff:ff w oknie 5s.
evidence: {'source_mac': 'ff:ff:ff:ff:ff:ff', 'destination_mac': 'd8:d7:75:45:81:24', 'bssid': 'd8:d7:75:45:81:24', 'count': 373, 'threshold': 25, 'window_seconds': 5}
!!!!!!!!!!!!!!!!!!!!!!!!!!!!!!!!!!!!!!!!!!!!!!!!!!!!!!!!!!!!!!!!!!!!!!!!!!!!!!!!


!!!!!!!!!!!!!!!!!!!!!!!!!!!!!!!!!!!!!!!!!!!!!!!!!!!!!!!!!!!!!!!!!!!!!!!!!!!!!!!!
[ALERT] ALERT-000088 | DEAUTH_FLOOD
severity: CRITICAL
time: 2026-05-16T13:35:25.565344
message: Wykryto możliwy atak Deauthentication Flood: 385 ramek deauthentication z adresu d8:d7:75:45:81:24 w oknie 5s.
evidence: {'source_mac': 'd8:d7:75:45:81:24', 'destination_mac': 'ff:ff:ff:ff:ff:ff', 'bssid': 'd8:d7:75:45:81:24', 'count': 385, 'threshold': 25, 'window_seconds': 5}
!!!!!!!!!!!!!!!!!!!!!!!!!!!!!!!!!!!!!!!!!!!!!!!!!!!!!!!!!!!!!!!!!!!!!!!!!!!!!!!!


!!!!!!!!!!!!!!!!!!!!!!!!!!!!!!!!!!!!!!!!!!!!!!!!!!!!!!!!!!!!!!!!!!!!!!!!!!!!!!!!
[ALERT] ALERT-000089 | DEAUTH_FLOOD
severity: CRITICAL
time: 2026-05-16T13:35:30.386958
message: Wykryto możliwy atak Deauthentication Flood: 331 ramek deauthentication z adresu ff:ff:ff:ff:ff:ff w oknie 5s.
evidence: {'source_mac': 'ff:ff:ff:ff:ff:ff', 'destination_mac': 'd8:d7:75:45:81:24', 'bssid': 'd8:d7:75:45:81:24', 'count': 331, 'threshold': 25, 'window_seconds': 5}
!!!!!!!!!!!!!!!!!!!!!!!!!!!!!!!!!!!!!!!!!!!!!!!!!!!!!!!!!!!!!!!!!!!!!!!!!!!!!!!!


!!!!!!!!!!!!!!!!!!!!!!!!!!!!!!!!!!!!!!!!!!!!!!!!!!!!!!!!!!!!!!!!!!!!!!!!!!!!!!!!
[ALERT] ALERT-000090 | DEAUTH_FLOOD
severity: CRITICAL
time: 2026-05-16T13:35:30.594092
message: Wykryto możliwy atak Deauthentication Flood: 380 ramek deauthentication z adresu d8:d7:75:45:81:24 w oknie 5s.
evidence: {'source_mac': 'd8:d7:75:45:81:24', 'destination_mac': 'ff:ff:ff:ff:ff:ff', 'bssid': 'd8:d7:75:45:81:24', 'count': 380, 'threshold': 25, 'window_seconds': 5}
!!!!!!!!!!!!!!!!!!!!!!!!!!!!!!!!!!!!!!!!!!!!!!!!!!!!!!!!!!!!!!!!!!!!!!!!!!!!!!!!


================================================================================
STATISTICS after 1507.3s
--------------------------------------------------------------------------------
total frames: 81899

by frame type:
  management: 55560
  control: 20201
  data: 6138

by frame subtype:
  deauthentication: 41036
  ack: 15077
  beacon: 12800
  null_data: 2932
  rts: 1809
  cts: 1625
  block_ack: 1346
  qos_null: 1207
  data: 1133
  probe_response: 937
  qos_data: 866
  probe_request: 462
  block_ack_request: 336
  action: 217
  authentication: 54
  association_request: 26
  association_response: 23
  cf_end: 8
  reassociation_request: 3
  reassociation_response: 2

unique SSIDs: 2
unique BSSIDs: 17
================================================================================

!!!!!!!!!!!!!!!!!!!!!!!!!!!!!!!!!!!!!!!!!!!!!!!!!!!!!!!!!!!!!!!!!!!!!!!!!!!!!!!!
[ALERT] ALERT-000091 | DEAUTH_FLOOD
severity: CRITICAL
time: 2026-05-16T13:35:35.416791
message: Wykryto możliwy atak Deauthentication Flood: 311 ramek deauthentication z adresu ff:ff:ff:ff:ff:ff w oknie 5s.
evidence: {'source_mac': 'ff:ff:ff:ff:ff:ff', 'destination_mac': 'd8:d7:75:45:81:24', 'bssid': 'd8:d7:75:45:81:24', 'count': 311, 'threshold': 25, 'window_seconds': 5}
!!!!!!!!!!!!!!!!!!!!!!!!!!!!!!!!!!!!!!!!!!!!!!!!!!!!!!!!!!!!!!!!!!!!!!!!!!!!!!!!


!!!!!!!!!!!!!!!!!!!!!!!!!!!!!!!!!!!!!!!!!!!!!!!!!!!!!!!!!!!!!!!!!!!!!!!!!!!!!!!!
[ALERT] ALERT-000092 | DEAUTH_FLOOD
severity: CRITICAL
time: 2026-05-16T13:35:35.619781
message: Wykryto możliwy atak Deauthentication Flood: 334 ramek deauthentication z adresu d8:d7:75:45:81:24 w oknie 5s.
evidence: {'source_mac': 'd8:d7:75:45:81:24', 'destination_mac': 'ff:ff:ff:ff:ff:ff', 'bssid': 'd8:d7:75:45:81:24', 'count': 334, 'threshold': 25, 'window_seconds': 5}
!!!!!!!!!!!!!!!!!!!!!!!!!!!!!!!!!!!!!!!!!!!!!!!!!!!!!!!!!!!!!!!!!!!!!!!!!!!!!!!!


!!!!!!!!!!!!!!!!!!!!!!!!!!!!!!!!!!!!!!!!!!!!!!!!!!!!!!!!!!!!!!!!!!!!!!!!!!!!!!!!
[ALERT] ALERT-000093 | DEAUTH_FLOOD
severity: CRITICAL
time: 2026-05-16T13:35:40.425853
message: Wykryto możliwy atak Deauthentication Flood: 321 ramek deauthentication z adresu ff:ff:ff:ff:ff:ff w oknie 5s.
evidence: {'source_mac': 'ff:ff:ff:ff:ff:ff', 'destination_mac': 'd8:d7:75:45:81:24', 'bssid': 'd8:d7:75:45:81:24', 'count': 321, 'threshold': 25, 'window_seconds': 5}
!!!!!!!!!!!!!!!!!!!!!!!!!!!!!!!!!!!!!!!!!!!!!!!!!!!!!!!!!!!!!!!!!!!!!!!!!!!!!!!!


!!!!!!!!!!!!!!!!!!!!!!!!!!!!!!!!!!!!!!!!!!!!!!!!!!!!!!!!!!!!!!!!!!!!!!!!!!!!!!!!
[ALERT] ALERT-000094 | DEAUTH_FLOOD
severity: CRITICAL
time: 2026-05-16T13:35:40.626704
message: Wykryto możliwy atak Deauthentication Flood: 315 ramek deauthentication z adresu d8:d7:75:45:81:24 w oknie 5s.
evidence: {'source_mac': 'd8:d7:75:45:81:24', 'destination_mac': 'ff:ff:ff:ff:ff:ff', 'bssid': 'd8:d7:75:45:81:24', 'count': 315, 'threshold': 25, 'window_seconds': 5}
!!!!!!!!!!!!!!!!!!!!!!!!!!!!!!!!!!!!!!!!!!!!!!!!!!!!!!!!!!!!!!!!!!!!!!!!!!!!!!!!


================================================================================
STATISTICS after 1517.3s
--------------------------------------------------------------------------------
total frames: 83557

by frame type:
  management: 57003
  control: 20397
  data: 6157

by frame subtype:
  deauthentication: 42365
  ack: 15269
  beacon: 12847
  null_data: 2943
  rts: 1809
  cts: 1625
  block_ack: 1348
  qos_null: 1207
  data: 1134
  probe_response: 967
  qos_data: 873
  probe_request: 484
  block_ack_request: 338
  action: 225
  authentication: 57
  association_request: 28
  association_response: 25
  cf_end: 8
  reassociation_request: 3
  reassociation_response: 2

unique SSIDs: 2
unique BSSIDs: 17
================================================================================

!!!!!!!!!!!!!!!!!!!!!!!!!!!!!!!!!!!!!!!!!!!!!!!!!!!!!!!!!!!!!!!!!!!!!!!!!!!!!!!!
[ALERT] ALERT-000095 | DEAUTH_FLOOD
severity: CRITICAL
time: 2026-05-16T13:35:45.442091
message: Wykryto możliwy atak Deauthentication Flood: 331 ramek deauthentication z adresu ff:ff:ff:ff:ff:ff w oknie 5s.
evidence: {'source_mac': 'ff:ff:ff:ff:ff:ff', 'destination_mac': 'd8:d7:75:45:81:24', 'bssid': 'd8:d7:75:45:81:24', 'count': 331, 'threshold': 25, 'window_seconds': 5}
!!!!!!!!!!!!!!!!!!!!!!!!!!!!!!!!!!!!!!!!!!!!!!!!!!!!!!!!!!!!!!!!!!!!!!!!!!!!!!!!


!!!!!!!!!!!!!!!!!!!!!!!!!!!!!!!!!!!!!!!!!!!!!!!!!!!!!!!!!!!!!!!!!!!!!!!!!!!!!!!!
[ALERT] ALERT-000096 | DEAUTH_FLOOD
severity: CRITICAL
time: 2026-05-16T13:35:45.635805
message: Wykryto możliwy atak Deauthentication Flood: 362 ramek deauthentication z adresu d8:d7:75:45:81:24 w oknie 5s.
evidence: {'source_mac': 'd8:d7:75:45:81:24', 'destination_mac': 'ff:ff:ff:ff:ff:ff', 'bssid': 'd8:d7:75:45:81:24', 'count': 362, 'threshold': 25, 'window_seconds': 5}
!!!!!!!!!!!!!!!!!!!!!!!!!!!!!!!!!!!!!!!!!!!!!!!!!!!!!!!!!!!!!!!!!!!!!!!!!!!!!!!!


!!!!!!!!!!!!!!!!!!!!!!!!!!!!!!!!!!!!!!!!!!!!!!!!!!!!!!!!!!!!!!!!!!!!!!!!!!!!!!!!
[ALERT] ALERT-000097 | DEAUTH_FLOOD
severity: CRITICAL
time: 2026-05-16T13:35:50.443773
message: Wykryto możliwy atak Deauthentication Flood: 327 ramek deauthentication z adresu ff:ff:ff:ff:ff:ff w oknie 5s.
evidence: {'source_mac': 'ff:ff:ff:ff:ff:ff', 'destination_mac': 'd8:d7:75:45:81:24', 'bssid': 'd8:d7:75:45:81:24', 'count': 327, 'threshold': 25, 'window_seconds': 5}
!!!!!!!!!!!!!!!!!!!!!!!!!!!!!!!!!!!!!!!!!!!!!!!!!!!!!!!!!!!!!!!!!!!!!!!!!!!!!!!!


!!!!!!!!!!!!!!!!!!!!!!!!!!!!!!!!!!!!!!!!!!!!!!!!!!!!!!!!!!!!!!!!!!!!!!!!!!!!!!!!
[ALERT] ALERT-000098 | DEAUTH_FLOOD
severity: CRITICAL
time: 2026-05-16T13:35:50.641200
message: Wykryto możliwy atak Deauthentication Flood: 357 ramek deauthentication z adresu d8:d7:75:45:81:24 w oknie 5s.
evidence: {'source_mac': 'd8:d7:75:45:81:24', 'destination_mac': 'ff:ff:ff:ff:ff:ff', 'bssid': 'd8:d7:75:45:81:24', 'count': 357, 'threshold': 25, 'window_seconds': 5}
!!!!!!!!!!!!!!!!!!!!!!!!!!!!!!!!!!!!!!!!!!!!!!!!!!!!!!!!!!!!!!!!!!!!!!!!!!!!!!!!


================================================================================
STATISTICS after 1527.3s
--------------------------------------------------------------------------------
total frames: 85234

by frame type:
  management: 58461
  control: 20599
  data: 6174

by frame subtype:
  deauthentication: 43746
  ack: 15469
  beacon: 12904
  null_data: 2957
  rts: 1809
  cts: 1625
  block_ack: 1349
  qos_null: 1207
  data: 1134
  probe_response: 971
  qos_data: 876
  probe_request: 488
  block_ack_request: 339
  action: 231
  authentication: 59
  association_request: 31
  association_response: 26
  cf_end: 8
  reassociation_request: 3
  reassociation_response: 2

unique SSIDs: 2
unique BSSIDs: 17
================================================================================

!!!!!!!!!!!!!!!!!!!!!!!!!!!!!!!!!!!!!!!!!!!!!!!!!!!!!!!!!!!!!!!!!!!!!!!!!!!!!!!!
[ALERT] ALERT-000099 | DEAUTH_FLOOD
severity: CRITICAL
time: 2026-05-16T13:35:55.560027
message: Wykryto możliwy atak Deauthentication Flood: 357 ramek deauthentication z adresu ff:ff:ff:ff:ff:ff w oknie 5s.
evidence: {'source_mac': 'ff:ff:ff:ff:ff:ff', 'destination_mac': 'd8:d7:75:45:81:24', 'bssid': 'd8:d7:75:45:81:24', 'count': 357, 'threshold': 25, 'window_seconds': 5}
!!!!!!!!!!!!!!!!!!!!!!!!!!!!!!!!!!!!!!!!!!!!!!!!!!!!!!!!!!!!!!!!!!!!!!!!!!!!!!!!


!!!!!!!!!!!!!!!!!!!!!!!!!!!!!!!!!!!!!!!!!!!!!!!!!!!!!!!!!!!!!!!!!!!!!!!!!!!!!!!!
[ALERT] ALERT-000100 | DEAUTH_FLOOD
severity: CRITICAL
time: 2026-05-16T13:35:55.649190
message: Wykryto możliwy atak Deauthentication Flood: 384 ramek deauthentication z adresu d8:d7:75:45:81:24 w oknie 5s.
evidence: {'source_mac': 'd8:d7:75:45:81:24', 'destination_mac': 'ff:ff:ff:ff:ff:ff', 'bssid': 'd8:d7:75:45:81:24', 'count': 384, 'threshold': 25, 'window_seconds': 5}
!!!!!!!!!!!!!!!!!!!!!!!!!!!!!!!!!!!!!!!!!!!!!!!!!!!!!!!!!!!!!!!!!!!!!!!!!!!!!!!!


!!!!!!!!!!!!!!!!!!!!!!!!!!!!!!!!!!!!!!!!!!!!!!!!!!!!!!!!!!!!!!!!!!!!!!!!!!!!!!!!
[ALERT] ALERT-000101 | DEAUTH_FLOOD
severity: CRITICAL
time: 2026-05-16T13:36:00.737900
message: Wykryto możliwy atak Deauthentication Flood: 385 ramek deauthentication z adresu d8:d7:75:45:81:24 w oknie 5s.
evidence: {'source_mac': 'd8:d7:75:45:81:24', 'destination_mac': 'ff:ff:ff:ff:ff:ff', 'bssid': 'd8:d7:75:45:81:24', 'count': 385, 'threshold': 25, 'window_seconds': 5}
!!!!!!!!!!!!!!!!!!!!!!!!!!!!!!!!!!!!!!!!!!!!!!!!!!!!!!!!!!!!!!!!!!!!!!!!!!!!!!!!


!!!!!!!!!!!!!!!!!!!!!!!!!!!!!!!!!!!!!!!!!!!!!!!!!!!!!!!!!!!!!!!!!!!!!!!!!!!!!!!!
[ALERT] ALERT-000102 | DEAUTH_FLOOD
severity: CRITICAL
time: 2026-05-16T13:36:00.740046
message: Wykryto możliwy atak Deauthentication Flood: 340 ramek deauthentication z adresu ff:ff:ff:ff:ff:ff w oknie 5s.
evidence: {'source_mac': 'ff:ff:ff:ff:ff:ff', 'destination_mac': 'd8:d7:75:45:81:24', 'bssid': 'd8:d7:75:45:81:24', 'count': 340, 'threshold': 25, 'window_seconds': 5}
!!!!!!!!!!!!!!!!!!!!!!!!!!!!!!!!!!!!!!!!!!!!!!!!!!!!!!!!!!!!!!!!!!!!!!!!!!!!!!!!


================================================================================
STATISTICS after 1537.3s
--------------------------------------------------------------------------------
total frames: 86947

by frame type:
  management: 59995
  control: 20773
  data: 6179

by frame subtype:
  deauthentication: 45208
  ack: 15642
  beacon: 12955
  null_data: 2961
  rts: 1809
  cts: 1625
  block_ack: 1350
  qos_null: 1207
  data: 1134
  probe_response: 980
  qos_data: 877
  probe_request: 495
  block_ack_request: 339
  action: 232
  authentication: 61
  association_request: 32
  association_response: 27
  cf_end: 8
  reassociation_request: 3
  reassociation_response: 2

unique SSIDs: 2
unique BSSIDs: 17
================================================================================

!!!!!!!!!!!!!!!!!!!!!!!!!!!!!!!!!!!!!!!!!!!!!!!!!!!!!!!!!!!!!!!!!!!!!!!!!!!!!!!!
[ALERT] ALERT-000103 | DEAUTH_FLOOD
severity: CRITICAL
time: 2026-05-16T13:36:05.739970
message: Wykryto możliwy atak Deauthentication Flood: 340 ramek deauthentication z adresu d8:d7:75:45:81:24 w oknie 5s.
evidence: {'source_mac': 'd8:d7:75:45:81:24', 'destination_mac': 'ff:ff:ff:ff:ff:ff', 'bssid': 'd8:d7:75:45:81:24', 'count': 340, 'threshold': 25, 'window_seconds': 5}
!!!!!!!!!!!!!!!!!!!!!!!!!!!!!!!!!!!!!!!!!!!!!!!!!!!!!!!!!!!!!!!!!!!!!!!!!!!!!!!!


!!!!!!!!!!!!!!!!!!!!!!!!!!!!!!!!!!!!!!!!!!!!!!!!!!!!!!!!!!!!!!!!!!!!!!!!!!!!!!!!
[ALERT] ALERT-000104 | DEAUTH_FLOOD
severity: CRITICAL
time: 2026-05-16T13:36:05.748411
message: Wykryto możliwy atak Deauthentication Flood: 332 ramek deauthentication z adresu ff:ff:ff:ff:ff:ff w oknie 5s.
evidence: {'source_mac': 'ff:ff:ff:ff:ff:ff', 'destination_mac': 'd8:d7:75:45:81:24', 'bssid': 'd8:d7:75:45:81:24', 'count': 332, 'threshold': 25, 'window_seconds': 5}
!!!!!!!!!!!!!!!!!!!!!!!!!!!!!!!!!!!!!!!!!!!!!!!!!!!!!!!!!!!!!!!!!!!!!!!!!!!!!!!!


!!!!!!!!!!!!!!!!!!!!!!!!!!!!!!!!!!!!!!!!!!!!!!!!!!!!!!!!!!!!!!!!!!!!!!!!!!!!!!!!
[ALERT] ALERT-000105 | DEAUTH_FLOOD
severity: CRITICAL
time: 2026-05-16T13:36:10.746501
message: Wykryto możliwy atak Deauthentication Flood: 320 ramek deauthentication z adresu d8:d7:75:45:81:24 w oknie 5s.
evidence: {'source_mac': 'd8:d7:75:45:81:24', 'destination_mac': 'ff:ff:ff:ff:ff:ff', 'bssid': 'd8:d7:75:45:81:24', 'count': 320, 'threshold': 25, 'window_seconds': 5}
!!!!!!!!!!!!!!!!!!!!!!!!!!!!!!!!!!!!!!!!!!!!!!!!!!!!!!!!!!!!!!!!!!!!!!!!!!!!!!!!


!!!!!!!!!!!!!!!!!!!!!!!!!!!!!!!!!!!!!!!!!!!!!!!!!!!!!!!!!!!!!!!!!!!!!!!!!!!!!!!!
[ALERT] ALERT-000106 | DEAUTH_FLOOD
severity: CRITICAL
time: 2026-05-16T13:36:10.754659
message: Wykryto możliwy atak Deauthentication Flood: 343 ramek deauthentication z adresu ff:ff:ff:ff:ff:ff w oknie 5s.
evidence: {'source_mac': 'ff:ff:ff:ff:ff:ff', 'destination_mac': 'd8:d7:75:45:81:24', 'bssid': 'd8:d7:75:45:81:24', 'count': 343, 'threshold': 25, 'window_seconds': 5}
!!!!!!!!!!!!!!!!!!!!!!!!!!!!!!!!!!!!!!!!!!!!!!!!!!!!!!!!!!!!!!!!!!!!!!!!!!!!!!!!


================================================================================
STATISTICS after 1547.3s
--------------------------------------------------------------------------------
total frames: 88599

by frame type:
  management: 61424
  control: 20968
  data: 6207

by frame subtype:
  deauthentication: 46536
  ack: 15834
  beacon: 13016
  null_data: 2975
  rts: 1809
  cts: 1625
  block_ack: 1351
  qos_null: 1207
  data: 1134
  probe_response: 994
  qos_data: 891
  probe_request: 510
  block_ack_request: 341
  action: 240
  authentication: 64
  association_request: 32
  association_response: 27
  cf_end: 8
  reassociation_request: 3
  reassociation_response: 2

unique SSIDs: 2
unique BSSIDs: 17
================================================================================

!!!!!!!!!!!!!!!!!!!!!!!!!!!!!!!!!!!!!!!!!!!!!!!!!!!!!!!!!!!!!!!!!!!!!!!!!!!!!!!!
[ALERT] ALERT-000107 | BEACON_FLOOD
severity: MEDIUM
time: 2026-05-16T13:36:20.834205
message: Wykryto możliwy atak Beacon Flood: 100 ramek beacon, 2 unikalnych BSSID, 2 unikalnych SSID w oknie 10s.
evidence: {'beacon_count': 100, 'unique_bssid_count': 2, 'unique_ssid_count': 2, 'window_seconds': 10, 'beacon_count_threshold': 100, 'unique_bssid_threshold': 30, 'unique_ssid_threshold': 20, 'triggered_reasons': ['high_beacon_rate'], 'sample_ssids': ['FunBox2-8124', 'TP-LINK_7122'], 'sample_bssids': ['d8:d7:75:45:81:24', 'ac:84:c6:41:71:22']}
!!!!!!!!!!!!!!!!!!!!!!!!!!!!!!!!!!!!!!!!!!!!!!!!!!!!!!!!!!!!!!!!!!!!!!!!!!!!!!!!


================================================================================
STATISTICS after 1557.4s
--------------------------------------------------------------------------------
total frames: 89128

by frame type:
  management: 61839
  control: 21038
  data: 6251

by frame subtype:
  deauthentication: 46798
  ack: 15902
  beacon: 13135
  null_data: 3011
  rts: 1809
  cts: 1625
  block_ack: 1352
  qos_null: 1207
  data: 1138
  probe_response: 1003
  qos_data: 895
  probe_request: 518
  block_ack_request: 342
  action: 246
  authentication: 68
  association_request: 33
  association_response: 28
  cf_end: 8
  reassociation_request: 4
  reassociation_response: 3
  disassociation: 3

unique SSIDs: 2
unique BSSIDs: 17
================================================================================

!!!!!!!!!!!!!!!!!!!!!!!!!!!!!!!!!!!!!!!!!!!!!!!!!!!!!!!!!!!!!!!!!!!!!!!!!!!!!!!!
[ALERT] ALERT-000108 | BEACON_FLOOD
severity: MEDIUM
time: 2026-05-16T13:36:30.869699
message: Wykryto możliwy atak Beacon Flood: 130 ramek beacon, 2 unikalnych BSSID, 2 unikalnych SSID w oknie 10s.
evidence: {'beacon_count': 130, 'unique_bssid_count': 2, 'unique_ssid_count': 2, 'window_seconds': 10, 'beacon_count_threshold': 100, 'unique_bssid_threshold': 30, 'unique_ssid_threshold': 20, 'triggered_reasons': ['high_beacon_rate'], 'sample_ssids': ['FunBox2-8124', 'TP-LINK_7122'], 'sample_bssids': ['d8:d7:75:45:81:24', 'ac:84:c6:41:71:22']}
!!!!!!!!!!!!!!!!!!!!!!!!!!!!!!!!!!!!!!!!!!!!!!!!!!!!!!!!!!!!!!!!!!!!!!!!!!!!!!!!


================================================================================
STATISTICS after 1567.4s
--------------------------------------------------------------------------------
total frames: 89367

by frame type:
  management: 61996
  control: 21078
  data: 6293

by frame subtype:
  deauthentication: 46798
  ack: 15938
  beacon: 13263
  null_data: 3048
  rts: 1809
  cts: 1625
  block_ack: 1354
  qos_null: 1208
  data: 1139
  probe_response: 1013
  qos_data: 898
  probe_request: 530
  block_ack_request: 344
  action: 249
  authentication: 70
  association_request: 34
  association_response: 29
  cf_end: 8
  reassociation_request: 4
  reassociation_response: 3
  disassociation: 3

unique SSIDs: 2
unique BSSIDs: 17
================================================================================

!!!!!!!!!!!!!!!!!!!!!!!!!!!!!!!!!!!!!!!!!!!!!!!!!!!!!!!!!!!!!!!!!!!!!!!!!!!!!!!!
[ALERT] ALERT-000109 | BEACON_FLOOD
severity: MEDIUM
time: 2026-05-16T13:36:41.007724
message: Wykryto możliwy atak Beacon Flood: 122 ramek beacon, 2 unikalnych BSSID, 2 unikalnych SSID w oknie 10s.
evidence: {'beacon_count': 122, 'unique_bssid_count': 2, 'unique_ssid_count': 2, 'window_seconds': 10, 'beacon_count_threshold': 100, 'unique_bssid_threshold': 30, 'unique_ssid_threshold': 20, 'triggered_reasons': ['high_beacon_rate'], 'sample_ssids': ['FunBox2-8124', 'TP-LINK_7122'], 'sample_bssids': ['d8:d7:75:45:81:24', 'ac:84:c6:41:71:22']}
!!!!!!!!!!!!!!!!!!!!!!!!!!!!!!!!!!!!!!!!!!!!!!!!!!!!!!!!!!!!!!!!!!!!!!!!!!!!!!!!


================================================================================
STATISTICS after 1577.4s
--------------------------------------------------------------------------------
total frames: 89649

by frame type:
  management: 62125
  control: 21188
  data: 6336

by frame subtype:
  deauthentication: 46798
  ack: 15984
  beacon: 13388
  null_data: 3069
  rts: 1831
  cts: 1647
  block_ack: 1374
  qos_null: 1208
  data: 1160
  probe_response: 1015
  qos_data: 899
  probe_request: 532
  block_ack_request: 344
  action: 249
  authentication: 70
  association_request: 34
  association_response: 29
  cf_end: 8
  reassociation_request: 4
  reassociation_response: 3
  disassociation: 3

unique SSIDs: 2
unique BSSIDs: 17
================================================================================

!!!!!!!!!!!!!!!!!!!!!!!!!!!!!!!!!!!!!!!!!!!!!!!!!!!!!!!!!!!!!!!!!!!!!!!!!!!!!!!!
[ALERT] ALERT-000110 | BEACON_FLOOD
severity: MEDIUM
time: 2026-05-16T13:36:51.043269
message: Wykryto możliwy atak Beacon Flood: 129 ramek beacon, 2 unikalnych BSSID, 2 unikalnych SSID w oknie 10s.
evidence: {'beacon_count': 129, 'unique_bssid_count': 2, 'unique_ssid_count': 2, 'window_seconds': 10, 'beacon_count_threshold': 100, 'unique_bssid_threshold': 30, 'unique_ssid_threshold': 20, 'triggered_reasons': ['high_beacon_rate'], 'sample_ssids': ['FunBox2-8124', 'TP-LINK_7122'], 'sample_bssids': ['d8:d7:75:45:81:24', 'ac:84:c6:41:71:22']}
!!!!!!!!!!!!!!!!!!!!!!!!!!!!!!!!!!!!!!!!!!!!!!!!!!!!!!!!!!!!!!!!!!!!!!!!!!!!!!!!


================================================================================
STATISTICS after 1587.4s
--------------------------------------------------------------------------------
total frames: 89877

by frame type:
  management: 62253
  control: 21250
  data: 6374

by frame subtype:
  deauthentication: 46798
  ack: 16019
  beacon: 13513
  null_data: 3097
  rts: 1840
  cts: 1656
  block_ack: 1383
  qos_null: 1208
  data: 1169
  probe_response: 1017
  qos_data: 900
  probe_request: 532
  block_ack_request: 344
  action: 250
  authentication: 70
  association_request: 34
  association_response: 29
  cf_end: 8
  reassociation_request: 4
  reassociation_response: 3
  disassociation: 3

unique SSIDs: 2
unique BSSIDs: 17
================================================================================

!!!!!!!!!!!!!!!!!!!!!!!!!!!!!!!!!!!!!!!!!!!!!!!!!!!!!!!!!!!!!!!!!!!!!!!!!!!!!!!!
[ALERT] ALERT-000111 | BEACON_FLOOD
severity: MEDIUM
time: 2026-05-16T13:37:01.078847
message: Wykryto możliwy atak Beacon Flood: 116 ramek beacon, 2 unikalnych BSSID, 2 unikalnych SSID w oknie 10s.
evidence: {'beacon_count': 116, 'unique_bssid_count': 2, 'unique_ssid_count': 2, 'window_seconds': 10, 'beacon_count_threshold': 100, 'unique_bssid_threshold': 30, 'unique_ssid_threshold': 20, 'triggered_reasons': ['high_beacon_rate'], 'sample_ssids': ['FunBox2-8124', 'TP-LINK_7122'], 'sample_bssids': ['d8:d7:75:45:81:24', 'ac:84:c6:41:71:22']}
!!!!!!!!!!!!!!!!!!!!!!!!!!!!!!!!!!!!!!!!!!!!!!!!!!!!!!!!!!!!!!!!!!!!!!!!!!!!!!!!


================================================================================
STATISTICS after 1597.4s
--------------------------------------------------------------------------------
total frames: 90057

by frame type:
  management: 62371
  control: 21284
  data: 6402

by frame subtype:
  deauthentication: 46798
  ack: 16042
  beacon: 13631
  null_data: 3118
  rts: 1845
  cts: 1659
  block_ack: 1386
  qos_null: 1208
  data: 1176
  probe_response: 1017
  qos_data: 900
  probe_request: 532
  block_ack_request: 344
  action: 250
  authentication: 70
  association_request: 34
  association_response: 29
  cf_end: 8
  reassociation_request: 4
  reassociation_response: 3
  disassociation: 3

unique SSIDs: 2
unique BSSIDs: 17
================================================================================

!!!!!!!!!!!!!!!!!!!!!!!!!!!!!!!!!!!!!!!!!!!!!!!!!!!!!!!!!!!!!!!!!!!!!!!!!!!!!!!!
[ALERT] ALERT-000112 | BEACON_FLOOD
severity: MEDIUM
time: 2026-05-16T13:37:11.114412
message: Wykryto możliwy atak Beacon Flood: 113 ramek beacon, 2 unikalnych BSSID, 2 unikalnych SSID w oknie 10s.
evidence: {'beacon_count': 113, 'unique_bssid_count': 2, 'unique_ssid_count': 2, 'window_seconds': 10, 'beacon_count_threshold': 100, 'unique_bssid_threshold': 30, 'unique_ssid_threshold': 20, 'triggered_reasons': ['high_beacon_rate'], 'sample_ssids': ['FunBox2-8124', 'TP-LINK_7122'], 'sample_bssids': ['d8:d7:75:45:81:24', 'ac:84:c6:41:71:22']}
!!!!!!!!!!!!!!!!!!!!!!!!!!!!!!!!!!!!!!!!!!!!!!!!!!!!!!!!!!!!!!!!!!!!!!!!!!!!!!!!


================================================================================
STATISTICS after 1607.5s
--------------------------------------------------------------------------------
total frames: 90228

by frame type:
  management: 62487
  control: 21314
  data: 6427

by frame subtype:
  deauthentication: 46798
  ack: 16066
  beacon: 13747
  null_data: 3134
  rts: 1847
  cts: 1661
  block_ack: 1388
  qos_null: 1208
  data: 1185
  probe_response: 1017
  qos_data: 900
  probe_request: 532
  block_ack_request: 344
  action: 250
  authentication: 70
  association_request: 34
  association_response: 29
  cf_end: 8
  reassociation_request: 4
  reassociation_response: 3
  disassociation: 3

unique SSIDs: 2
unique BSSIDs: 17
================================================================================

!!!!!!!!!!!!!!!!!!!!!!!!!!!!!!!!!!!!!!!!!!!!!!!!!!!!!!!!!!!!!!!!!!!!!!!!!!!!!!!!
[ALERT] ALERT-000113 | BEACON_FLOOD
severity: MEDIUM
time: 2026-05-16T13:37:21.149987
message: Wykryto możliwy atak Beacon Flood: 133 ramek beacon, 2 unikalnych BSSID, 2 unikalnych SSID w oknie 10s.
evidence: {'beacon_count': 133, 'unique_bssid_count': 2, 'unique_ssid_count': 2, 'window_seconds': 10, 'beacon_count_threshold': 100, 'unique_bssid_threshold': 30, 'unique_ssid_threshold': 20, 'triggered_reasons': ['high_beacon_rate'], 'sample_ssids': ['FunBox2-8124', 'TP-LINK_7122'], 'sample_bssids': ['d8:d7:75:45:81:24', 'ac:84:c6:41:71:22']}
!!!!!!!!!!!!!!!!!!!!!!!!!!!!!!!!!!!!!!!!!!!!!!!!!!!!!!!!!!!!!!!!!!!!!!!!!!!!!!!!


================================================================================
STATISTICS after 1617.5s
--------------------------------------------------------------------------------
total frames: 90387

by frame type:
  management: 62612
  control: 21333
  data: 6442

by frame subtype:
  deauthentication: 46798
  ack: 16085
  beacon: 13872
  null_data: 3146
  rts: 1847
  cts: 1661
  block_ack: 1388
  qos_null: 1208
  data: 1188
  probe_response: 1017
  qos_data: 900
  probe_request: 532
  block_ack_request: 344
  action: 250
  authentication: 70
  association_request: 34
  association_response: 29
  cf_end: 8
  reassociation_request: 4
  reassociation_response: 3
  disassociation: 3

unique SSIDs: 2
unique BSSIDs: 17
================================================================================

!!!!!!!!!!!!!!!!!!!!!!!!!!!!!!!!!!!!!!!!!!!!!!!!!!!!!!!!!!!!!!!!!!!!!!!!!!!!!!!!
[ALERT] ALERT-000114 | BEACON_FLOOD
severity: MEDIUM
time: 2026-05-16T13:37:31.185523
message: Wykryto możliwy atak Beacon Flood: 114 ramek beacon, 2 unikalnych BSSID, 2 unikalnych SSID w oknie 10s.
evidence: {'beacon_count': 114, 'unique_bssid_count': 2, 'unique_ssid_count': 2, 'window_seconds': 10, 'beacon_count_threshold': 100, 'unique_bssid_threshold': 30, 'unique_ssid_threshold': 20, 'triggered_reasons': ['high_beacon_rate'], 'sample_ssids': ['FunBox2-8124', 'TP-LINK_7122'], 'sample_bssids': ['d8:d7:75:45:81:24', 'ac:84:c6:41:71:22']}
!!!!!!!!!!!!!!!!!!!!!!!!!!!!!!!!!!!!!!!!!!!!!!!!!!!!!!!!!!!!!!!!!!!!!!!!!!!!!!!!


================================================================================
STATISTICS after 1627.5s
--------------------------------------------------------------------------------
total frames: 90547

by frame type:
  management: 62742
  control: 21350
  data: 6455

by frame subtype:
  deauthentication: 46798
  ack: 16102
  beacon: 13991
  null_data: 3156
  rts: 1847
  cts: 1661
  block_ack: 1388
  qos_null: 1210
  data: 1189
  probe_response: 1025
  qos_data: 900
  probe_request: 535
  block_ack_request: 344
  action: 250
  authentication: 70
  association_request: 34
  association_response: 29
  cf_end: 8
  reassociation_request: 4
  reassociation_response: 3
  disassociation: 3

unique SSIDs: 2
unique BSSIDs: 17
================================================================================

!!!!!!!!!!!!!!!!!!!!!!!!!!!!!!!!!!!!!!!!!!!!!!!!!!!!!!!!!!!!!!!!!!!!!!!!!!!!!!!!
[ALERT] ALERT-000115 | BEACON_FLOOD
severity: MEDIUM
time: 2026-05-16T13:37:41.221049
message: Wykryto możliwy atak Beacon Flood: 113 ramek beacon, 2 unikalnych BSSID, 2 unikalnych SSID w oknie 10s.
evidence: {'beacon_count': 113, 'unique_bssid_count': 2, 'unique_ssid_count': 2, 'window_seconds': 10, 'beacon_count_threshold': 100, 'unique_bssid_threshold': 30, 'unique_ssid_threshold': 20, 'triggered_reasons': ['high_beacon_rate'], 'sample_ssids': ['FunBox2-8124', 'TP-LINK_7122'], 'sample_bssids': ['d8:d7:75:45:81:24', 'ac:84:c6:41:71:22']}
!!!!!!!!!!!!!!!!!!!!!!!!!!!!!!!!!!!!!!!!!!!!!!!!!!!!!!!!!!!!!!!!!!!!!!!!!!!!!!!!


================================================================================
STATISTICS after 1637.5s
--------------------------------------------------------------------------------
total frames: 90721

by frame type:
  management: 62851
  control: 21385
  data: 6485

by frame subtype:
  deauthentication: 46798
  ack: 16134
  beacon: 14100
  null_data: 3173
  rts: 1848
  cts: 1662
  block_ack: 1389
  qos_null: 1210
  data: 1196
  probe_response: 1025
  qos_data: 906
  probe_request: 535
  block_ack_request: 344
  action: 250
  authentication: 70
  association_request: 34
  association_response: 29
  cf_end: 8
  reassociation_request: 4
  reassociation_response: 3
  disassociation: 3

unique SSIDs: 2
unique BSSIDs: 17
================================================================================

!!!!!!!!!!!!!!!!!!!!!!!!!!!!!!!!!!!!!!!!!!!!!!!!!!!!!!!!!!!!!!!!!!!!!!!!!!!!!!!!
[ALERT] ALERT-000116 | BEACON_FLOOD
severity: MEDIUM
time: 2026-05-16T13:37:51.359097
message: Wykryto możliwy atak Beacon Flood: 102 ramek beacon, 2 unikalnych BSSID, 2 unikalnych SSID w oknie 10s.
evidence: {'beacon_count': 102, 'unique_bssid_count': 2, 'unique_ssid_count': 2, 'window_seconds': 10, 'beacon_count_threshold': 100, 'unique_bssid_threshold': 30, 'unique_ssid_threshold': 20, 'triggered_reasons': ['high_beacon_rate'], 'sample_ssids': ['FunBox2-8124', 'TP-LINK_7122'], 'sample_bssids': ['d8:d7:75:45:81:24', 'ac:84:c6:41:71:22']}
!!!!!!!!!!!!!!!!!!!!!!!!!!!!!!!!!!!!!!!!!!!!!!!!!!!!!!!!!!!!!!!!!!!!!!!!!!!!!!!!


================================================================================
STATISTICS after 1647.6s
--------------------------------------------------------------------------------
total frames: 90863

by frame type:
  management: 62956
  control: 21408
  data: 6499

by frame subtype:
  deauthentication: 46798
  ack: 16151
  beacon: 14203
  null_data: 3181
  rts: 1850
  cts: 1664
  block_ack: 1391
  qos_null: 1210
  data: 1200
  probe_response: 1025
  qos_data: 908
  probe_request: 535
  block_ack_request: 344
  action: 252
  authentication: 70
  association_request: 34
  association_response: 29
  cf_end: 8
  reassociation_request: 4
  reassociation_response: 3
  disassociation: 3

unique SSIDs: 2
unique BSSIDs: 17
================================================================================

!!!!!!!!!!!!!!!!!!!!!!!!!!!!!!!!!!!!!!!!!!!!!!!!!!!!!!!!!!!!!!!!!!!!!!!!!!!!!!!!
[ALERT] ALERT-000117 | BEACON_FLOOD
severity: MEDIUM
time: 2026-05-16T13:38:01.394660
message: Wykryto możliwy atak Beacon Flood: 102 ramek beacon, 2 unikalnych BSSID, 2 unikalnych SSID w oknie 10s.
evidence: {'beacon_count': 102, 'unique_bssid_count': 2, 'unique_ssid_count': 2, 'window_seconds': 10, 'beacon_count_threshold': 100, 'unique_bssid_threshold': 30, 'unique_ssid_threshold': 20, 'triggered_reasons': ['high_beacon_rate'], 'sample_ssids': ['FunBox2-8124', 'TP-LINK_7122'], 'sample_bssids': ['d8:d7:75:45:81:24', 'ac:84:c6:41:71:22']}
!!!!!!!!!!!!!!!!!!!!!!!!!!!!!!!!!!!!!!!!!!!!!!!!!!!!!!!!!!!!!!!!!!!!!!!!!!!!!!!!


================================================================================
STATISTICS after 1657.6s
--------------------------------------------------------------------------------
total frames: 91003

by frame type:
  management: 63051
  control: 21432
  data: 6520

by frame subtype:
  deauthentication: 46798
  ack: 16172
  beacon: 14298
  null_data: 3201
  rts: 1851
  cts: 1665
  block_ack: 1392
  qos_null: 1210
  data: 1201
  probe_response: 1025
  qos_data: 908
  probe_request: 535
  block_ack_request: 344
  action: 252
  authentication: 70
  association_request: 34
  association_response: 29
  cf_end: 8
  reassociation_request: 4
  reassociation_response: 3
  disassociation: 3

unique SSIDs: 2
unique BSSIDs: 17
================================================================================

================================================================================
STATISTICS after 1667.7s
--------------------------------------------------------------------------------
total frames: 91121

by frame type:
  management: 63136
  control: 21448
  data: 6537

by frame subtype:
  deauthentication: 46798
  ack: 16188
  beacon: 14374
  null_data: 3214
  rts: 1851
  cts: 1665
  block_ack: 1392
  qos_null: 1210
  data: 1205
  probe_response: 1032
  qos_data: 908
  probe_request: 537
  block_ack_request: 344
  action: 252
  authentication: 70
  association_request: 34
  association_response: 29
  cf_end: 8
  reassociation_request: 4
  reassociation_response: 3
  disassociation: 3

unique SSIDs: 2
unique BSSIDs: 17
================================================================================

================================================================================
STATISTICS after 1677.8s
--------------------------------------------------------------------------------
total frames: 91286

by frame type:
  management: 63233
  control: 21482
  data: 6571

by frame subtype:
  deauthentication: 46798
  ack: 16219
  beacon: 14462
  null_data: 3241
  rts: 1852
  cts: 1666
  block_ack: 1393
  qos_null: 1210
  data: 1209
  probe_response: 1037
  qos_data: 911
  probe_request: 541
  block_ack_request: 344
  action: 252
  authentication: 70
  association_request: 34
  association_response: 29
  cf_end: 8
  reassociation_request: 4
  reassociation_response: 3
  disassociation: 3

unique SSIDs: 2
unique BSSIDs: 17
================================================================================

!!!!!!!!!!!!!!!!!!!!!!!!!!!!!!!!!!!!!!!!!!!!!!!!!!!!!!!!!!!!!!!!!!!!!!!!!!!!!!!!
[ALERT] ALERT-000118 | BEACON_FLOOD
severity: MEDIUM
time: 2026-05-16T13:38:33.242165
message: Wykryto możliwy atak Beacon Flood: 100 ramek beacon, 2 unikalnych BSSID, 2 unikalnych SSID w oknie 10s.
evidence: {'beacon_count': 100, 'unique_bssid_count': 2, 'unique_ssid_count': 2, 'window_seconds': 10, 'beacon_count_threshold': 100, 'unique_bssid_threshold': 30, 'unique_ssid_threshold': 20, 'triggered_reasons': ['high_beacon_rate'], 'sample_ssids': ['FunBox2-8124', 'TP-LINK_7122'], 'sample_bssids': ['d8:d7:75:45:81:24', 'ac:84:c6:41:71:22']}
!!!!!!!!!!!!!!!!!!!!!!!!!!!!!!!!!!!!!!!!!!!!!!!!!!!!!!!!!!!!!!!!!!!!!!!!!!!!!!!!


================================================================================
STATISTICS after 1687.8s
--------------------------------------------------------------------------------
total frames: 91647

by frame type:
  management: 63346
  control: 21616
  data: 6685

by frame subtype:
  deauthentication: 46798
  ack: 16294
  beacon: 14565
  null_data: 3289
  rts: 1872
  cts: 1687
  block_ack: 1411
  data: 1232
  qos_null: 1210
  probe_response: 1043
  qos_data: 954
  probe_request: 545
  block_ack_request: 344
  action: 252
  authentication: 70
  association_request: 34
  association_response: 29
  cf_end: 8
  reassociation_request: 4
  reassociation_response: 3
  disassociation: 3

unique SSIDs: 2
unique BSSIDs: 17
================================================================================

================================================================================
STATISTICS after 1697.8s
--------------------------------------------------------------------------------
total frames: 91821

by frame type:
  management: 63436
  control: 21652
  data: 6733

by frame subtype:
  deauthentication: 46798
  ack: 16330
  beacon: 14654
  null_data: 3327
  rts: 1872
  cts: 1687
  block_ack: 1411
  data: 1242
  qos_null: 1210
  probe_response: 1043
  qos_data: 954
  probe_request: 546
  block_ack_request: 344
  action: 252
  authentication: 70
  association_request: 34
  association_response: 29
  cf_end: 8
  reassociation_request: 4
  reassociation_response: 3
  disassociation: 3

unique SSIDs: 3
unique BSSIDs: 17
================================================================================

!!!!!!!!!!!!!!!!!!!!!!!!!!!!!!!!!!!!!!!!!!!!!!!!!!!!!!!!!!!!!!!!!!!!!!!!!!!!!!!!
[ALERT] ALERT-000119 | BEACON_FLOOD
severity: MEDIUM
time: 2026-05-16T13:38:49.012390
message: Wykryto możliwy atak Beacon Flood: 100 ramek beacon, 2 unikalnych BSSID, 2 unikalnych SSID w oknie 10s.
evidence: {'beacon_count': 100, 'unique_bssid_count': 2, 'unique_ssid_count': 2, 'window_seconds': 10, 'beacon_count_threshold': 100, 'unique_bssid_threshold': 30, 'unique_ssid_threshold': 20, 'triggered_reasons': ['high_beacon_rate'], 'sample_ssids': ['FunBox2-8124', 'TP-LINK_7122'], 'sample_bssids': ['d8:d7:75:45:81:24', 'ac:84:c6:41:71:22']}
!!!!!!!!!!!!!!!!!!!!!!!!!!!!!!!!!!!!!!!!!!!!!!!!!!!!!!!!!!!!!!!!!!!!!!!!!!!!!!!!


================================================================================
STATISTICS after 1707.9s
--------------------------------------------------------------------------------
total frames: 91999

by frame type:
  management: 63556
  control: 21680
  data: 6763

by frame subtype:
  deauthentication: 46798
  ack: 16352
  beacon: 14772
  null_data: 3352
  rts: 1874
  cts: 1689
  block_ack: 1413
  data: 1245
  qos_null: 1210
  probe_response: 1043
  qos_data: 956
  probe_request: 546
  block_ack_request: 344
  action: 254
  authentication: 70
  association_request: 34
  association_response: 29
  cf_end: 8
  reassociation_request: 4
  reassociation_response: 3
  disassociation: 3

unique SSIDs: 3
unique BSSIDs: 17
================================================================================

!!!!!!!!!!!!!!!!!!!!!!!!!!!!!!!!!!!!!!!!!!!!!!!!!!!!!!!!!!!!!!!!!!!!!!!!!!!!!!!!
[ALERT] ALERT-000120 | BEACON_FLOOD
severity: MEDIUM
time: 2026-05-16T13:38:59.066192
message: Wykryto możliwy atak Beacon Flood: 110 ramek beacon, 2 unikalnych BSSID, 2 unikalnych SSID w oknie 10s.
evidence: {'beacon_count': 110, 'unique_bssid_count': 2, 'unique_ssid_count': 2, 'window_seconds': 10, 'beacon_count_threshold': 100, 'unique_bssid_threshold': 30, 'unique_ssid_threshold': 20, 'triggered_reasons': ['high_beacon_rate'], 'sample_ssids': ['FunBox2-8124', 'TP-LINK_7122'], 'sample_bssids': ['d8:d7:75:45:81:24', 'ac:84:c6:41:71:22']}
!!!!!!!!!!!!!!!!!!!!!!!!!!!!!!!!!!!!!!!!!!!!!!!!!!!!!!!!!!!!!!!!!!!!!!!!!!!!!!!!


================================================================================
STATISTICS after 1717.9s
--------------------------------------------------------------------------------
total frames: 92168

by frame type:
  management: 63661
  control: 21713
  data: 6794

by frame subtype:
  deauthentication: 46798
  ack: 16377
  beacon: 14869
  null_data: 3378
  rts: 1878
  cts: 1691
  block_ack: 1415
  data: 1247
  qos_null: 1211
  probe_response: 1049
  qos_data: 958
  probe_request: 548
  block_ack_request: 344
  action: 254
  authentication: 70
  association_request: 34
  association_response: 29
  cf_end: 8
  reassociation_request: 4
  reassociation_response: 3
  disassociation: 3

unique SSIDs: 3
unique BSSIDs: 17
================================================================================

!!!!!!!!!!!!!!!!!!!!!!!!!!!!!!!!!!!!!!!!!!!!!!!!!!!!!!!!!!!!!!!!!!!!!!!!!!!!!!!!
[ALERT] ALERT-000121 | BEACON_FLOOD
severity: MEDIUM
time: 2026-05-16T13:39:09.083516
message: Wykryto możliwy atak Beacon Flood: 100 ramek beacon, 2 unikalnych BSSID, 2 unikalnych SSID w oknie 10s.
evidence: {'beacon_count': 100, 'unique_bssid_count': 2, 'unique_ssid_count': 2, 'window_seconds': 10, 'beacon_count_threshold': 100, 'unique_bssid_threshold': 30, 'unique_ssid_threshold': 20, 'triggered_reasons': ['high_beacon_rate'], 'sample_ssids': ['FunBox2-8124', 'TP-LINK_7122'], 'sample_bssids': ['d8:d7:75:45:81:24', 'ac:84:c6:41:71:22']}
!!!!!!!!!!!!!!!!!!!!!!!!!!!!!!!!!!!!!!!!!!!!!!!!!!!!!!!!!!!!!!!!!!!!!!!!!!!!!!!!


================================================================================
STATISTICS after 1728.0s
--------------------------------------------------------------------------------
total frames: 92355

by frame type:
  management: 63780
  control: 21742
  data: 6833

by frame subtype:
  deauthentication: 46798
  ack: 16406
  beacon: 14976
  null_data: 3407
  rts: 1878
  cts: 1691
  block_ack: 1415
  data: 1257
  qos_null: 1211
  probe_response: 1061
  qos_data: 958
  probe_request: 548
  block_ack_request: 344
  action: 254
  authentication: 70
  association_request: 34
  association_response: 29
  cf_end: 8
  reassociation_request: 4
  reassociation_response: 3
  disassociation: 3

unique SSIDs: 3
unique BSSIDs: 17
================================================================================

!!!!!!!!!!!!!!!!!!!!!!!!!!!!!!!!!!!!!!!!!!!!!!!!!!!!!!!!!!!!!!!!!!!!!!!!!!!!!!!!
[ALERT] ALERT-000122 | BEACON_FLOOD
severity: MEDIUM
time: 2026-05-16T13:39:19.119073
message: Wykryto możliwy atak Beacon Flood: 114 ramek beacon, 2 unikalnych BSSID, 2 unikalnych SSID w oknie 10s.
evidence: {'beacon_count': 114, 'unique_bssid_count': 2, 'unique_ssid_count': 2, 'window_seconds': 10, 'beacon_count_threshold': 100, 'unique_bssid_threshold': 30, 'unique_ssid_threshold': 20, 'triggered_reasons': ['high_beacon_rate'], 'sample_ssids': ['FunBox2-8124', 'TP-LINK_7122'], 'sample_bssids': ['d8:d7:75:45:81:24', 'ac:84:c6:41:71:22']}
!!!!!!!!!!!!!!!!!!!!!!!!!!!!!!!!!!!!!!!!!!!!!!!!!!!!!!!!!!!!!!!!!!!!!!!!!!!!!!!!


================================================================================
STATISTICS after 1738.0s
--------------------------------------------------------------------------------
total frames: 92529

by frame type:
  management: 63891
  control: 21761
  data: 6877

by frame subtype:
  deauthentication: 46798
  ack: 16425
  beacon: 15084
  null_data: 3449
  rts: 1878
  cts: 1691
  block_ack: 1415
  data: 1259
  qos_null: 1211
  probe_response: 1062
  qos_data: 958
  probe_request: 550
  block_ack_request: 344
  action: 254
  authentication: 70
  association_request: 34
  association_response: 29
  cf_end: 8
  reassociation_request: 4
  reassociation_response: 3
  disassociation: 3

unique SSIDs: 3
unique BSSIDs: 17
================================================================================

================================================================================
STATISTICS after 1748.0s
--------------------------------------------------------------------------------
total frames: 92664

by frame type:
  management: 63974
  control: 21786
  data: 6904

by frame subtype:
  deauthentication: 46798
  ack: 16448
  beacon: 15167
  null_data: 3470
  rts: 1879
  cts: 1692
  block_ack: 1415
  data: 1264
  qos_null: 1212
  probe_response: 1062
  qos_data: 958
  probe_request: 550
  block_ack_request: 344
  action: 254
  authentication: 70
  association_request: 34
  association_response: 29
  cf_end: 8
  reassociation_request: 4
  reassociation_response: 3
  disassociation: 3

unique SSIDs: 3
unique BSSIDs: 17
================================================================================

================================================================================
STATISTICS after 1758.1s
--------------------------------------------------------------------------------
total frames: 92799

by frame type:
  management: 64064
  control: 21804
  data: 6931

by frame subtype:
  deauthentication: 46798
  ack: 16466
  beacon: 15256
  null_data: 3492
  rts: 1879
  cts: 1692
  block_ack: 1415
  data: 1268
  qos_null: 1213
  probe_response: 1063
  qos_data: 958
  probe_request: 550
  block_ack_request: 344
  action: 254
  authentication: 70
  association_request: 34
  association_response: 29
  cf_end: 8
  reassociation_request: 4
  reassociation_response: 3
  disassociation: 3

unique SSIDs: 3
unique BSSIDs: 17
================================================================================

================================================================================
STATISTICS after 1768.1s
--------------------------------------------------------------------------------
total frames: 92934

by frame type:
  management: 64164
  control: 21822
  data: 6948

by frame subtype:
  deauthentication: 46798
  ack: 16484
  beacon: 15351
  null_data: 3507
  rts: 1879
  cts: 1692
  block_ack: 1415
  data: 1270
  qos_null: 1213
  probe_response: 1065
  qos_data: 958
  probe_request: 551
  block_ack_request: 344
  action: 256
  authentication: 70
  association_request: 34
  association_response: 29
  cf_end: 8
  reassociation_request: 4
  reassociation_response: 3
  disassociation: 3

unique SSIDs: 3
unique BSSIDs: 17
================================================================================

================================================================================
STATISTICS after 1778.1s
--------------------------------------------------------------------------------
total frames: 93076

by frame type:
  management: 64252
  control: 21850
  data: 6974

by frame subtype:
  deauthentication: 46798
  ack: 16509
  beacon: 15437
  null_data: 3528
  rts: 1880
  cts: 1693
  block_ack: 1416
  data: 1274
  qos_null: 1213
  probe_response: 1067
  qos_data: 959
  probe_request: 551
  block_ack_request: 344
  action: 256
  authentication: 70
  association_request: 34
  association_response: 29
  cf_end: 8
  reassociation_request: 4
  reassociation_response: 3
  disassociation: 3

unique SSIDs: 3
unique BSSIDs: 17
================================================================================

================================================================================
STATISTICS after 1788.2s
--------------------------------------------------------------------------------
total frames: 93234

by frame type:
  management: 64346
  control: 21880
  data: 7008

by frame subtype:
  deauthentication: 46798
  ack: 16536
  beacon: 15531
  null_data: 3550
  rts: 1881
  cts: 1694
  block_ack: 1417
  data: 1281
  qos_null: 1216
  probe_response: 1067
  qos_data: 961
  probe_request: 551
  block_ack_request: 344
  action: 256
  authentication: 70
  association_request: 34
  association_response: 29
  cf_end: 8
  reassociation_request: 4
  reassociation_response: 3
  disassociation: 3

unique SSIDs: 3
unique BSSIDs: 17
================================================================================

================================================================================
STATISTICS after 1798.2s
--------------------------------------------------------------------------------
total frames: 93352

by frame type:
  management: 64428
  control: 21897
  data: 7027

by frame subtype:
  deauthentication: 46798
  ack: 16553
  beacon: 15613
  null_data: 3568
  rts: 1881
  cts: 1694
  block_ack: 1417
  data: 1281
  qos_null: 1216
  probe_response: 1067
  qos_data: 962
  probe_request: 551
  block_ack_request: 344
  action: 256
  authentication: 70
  association_request: 34
  association_response: 29
  cf_end: 8
  reassociation_request: 4
  reassociation_response: 3
  disassociation: 3

unique SSIDs: 3
unique BSSIDs: 17
================================================================================

================================================================================
STATISTICS after 1808.2s
--------------------------------------------------------------------------------
total frames: 93472

by frame type:
  management: 64502
  control: 21919
  data: 7051

by frame subtype:
  deauthentication: 46798
  ack: 16574
  beacon: 15687
  null_data: 3589
  rts: 1881
  cts: 1695
  block_ack: 1417
  data: 1282
  qos_null: 1218
  probe_response: 1067
  qos_data: 962
  probe_request: 551
  block_ack_request: 344
  action: 256
  authentication: 70
  association_request: 34
  association_response: 29
  cf_end: 8
  reassociation_request: 4
  reassociation_response: 3
  disassociation: 3

unique SSIDs: 3
unique BSSIDs: 17
================================================================================

================================================================================
STATISTICS after 1818.3s
--------------------------------------------------------------------------------
total frames: 93622

by frame type:
  management: 64583
  control: 21948
  data: 7091

by frame subtype:
  deauthentication: 46798
  ack: 16603
  beacon: 15768
  null_data: 3622
  rts: 1881
  cts: 1695
  block_ack: 1417
  data: 1287
  qos_null: 1218
  probe_response: 1067
  qos_data: 964
  probe_request: 551
  block_ack_request: 344
  action: 256
  authentication: 70
  association_request: 34
  association_response: 29
  cf_end: 8
  reassociation_request: 4
  reassociation_response: 3
  disassociation: 3

unique SSIDs: 3
unique BSSIDs: 17
================================================================================

================================================================================
STATISTICS after 1828.3s
--------------------------------------------------------------------------------
total frames: 93768

by frame type:
  management: 64664
  control: 21974
  data: 7130

by frame subtype:
  deauthentication: 46798
  ack: 16626
  beacon: 15847
  null_data: 3657
  rts: 1882
  cts: 1696
  block_ack: 1418
  data: 1289
  qos_null: 1218
  probe_response: 1067
  qos_data: 966
  probe_request: 551
  block_ack_request: 344
  action: 258
  authentication: 70
  association_request: 34
  association_response: 29
  cf_end: 8
  reassociation_request: 4
  reassociation_response: 3
  disassociation: 3

unique SSIDs: 3
unique BSSIDs: 17
================================================================================

================================================================================
STATISTICS after 1838.4s
--------------------------------------------------------------------------------
total frames: 93936

by frame type:
  management: 64771
  control: 22005
  data: 7160

by frame subtype:
  deauthentication: 46798
  ack: 16651
  beacon: 15940
  null_data: 3680
  rts: 1884
  cts: 1698
  block_ack: 1420
  data: 1294
  qos_null: 1218
  probe_response: 1077
  qos_data: 968
  probe_request: 555
  block_ack_request: 344
  action: 258
  authentication: 70
  association_request: 34
  association_response: 29
  cf_end: 8
  reassociation_request: 4
  reassociation_response: 3
  disassociation: 3

unique SSIDs: 3
unique BSSIDs: 17
================================================================================

================================================================================
STATISTICS after 1848.4s
--------------------------------------------------------------------------------
total frames: 94102

by frame type:
  management: 64870
  control: 22041
  data: 7191

by frame subtype:
  deauthentication: 46798
  ack: 16687
  beacon: 16019
  null_data: 3703
  rts: 1884
  cts: 1698
  block_ack: 1420
  data: 1302
  qos_null: 1218
  probe_response: 1090
  qos_data: 968
  probe_request: 562
  block_ack_request: 344
  action: 258
  authentication: 70
  association_request: 34
  association_response: 29
  cf_end: 8
  reassociation_request: 4
  reassociation_response: 3
  disassociation: 3

unique SSIDs: 3
unique BSSIDs: 17
================================================================================

================================================================================
STATISTICS after 1858.4s
--------------------------------------------------------------------------------
total frames: 94241

by frame type:
  management: 64965
  control: 22064
  data: 7212

by frame subtype:
  deauthentication: 46798
  ack: 16710
  beacon: 16094
  null_data: 3723
  rts: 1884
  cts: 1698
  block_ack: 1420
  data: 1303
  qos_null: 1218
  probe_response: 1106
  qos_data: 968
  probe_request: 566
  block_ack_request: 344
  action: 258
  authentication: 70
  association_request: 34
  association_response: 29
  cf_end: 8
  reassociation_request: 4
  reassociation_response: 3
  disassociation: 3

unique SSIDs: 3
unique BSSIDs: 17
================================================================================

================================================================================
STATISTICS after 1868.5s
--------------------------------------------------------------------------------
total frames: 94392

by frame type:
  management: 65063
  control: 22093
  data: 7236

by frame subtype:
  deauthentication: 46798
  ack: 16736
  beacon: 16185
  null_data: 3741
  rts: 1885
  cts: 1699
  block_ack: 1421
  data: 1306
  qos_null: 1220
  probe_response: 1111
  qos_data: 969
  probe_request: 568
  block_ack_request: 344
  action: 258
  authentication: 70
  association_request: 34
  association_response: 29
  cf_end: 8
  reassociation_request: 4
  reassociation_response: 3
  disassociation: 3

unique SSIDs: 3
unique BSSIDs: 17
================================================================================

================================================================================
STATISTICS after 1878.5s
--------------------------------------------------------------------------------
total frames: 94528

by frame type:
  management: 65148
  control: 22118
  data: 7262

by frame subtype:
  deauthentication: 46798
  ack: 16761
  beacon: 16270
  null_data: 3760
  rts: 1885
  cts: 1699
  block_ack: 1421
  data: 1313
  qos_null: 1220
  probe_response: 1111
  qos_data: 969
  probe_request: 568
  block_ack_request: 344
  action: 258
  authentication: 70
  association_request: 34
  association_response: 29
  cf_end: 8
  reassociation_request: 4
  reassociation_response: 3
  disassociation: 3

unique SSIDs: 3
unique BSSIDs: 17
================================================================================

================================================================================
STATISTICS after 1888.6s
--------------------------------------------------------------------------------
total frames: 94672

by frame type:
  management: 65245
  control: 22146
  data: 7281

by frame subtype:
  deauthentication: 46798
  ack: 16789
  beacon: 16355
  null_data: 3775
  rts: 1885
  cts: 1699
  block_ack: 1421
  data: 1317
  qos_null: 1220
  probe_response: 1119
  qos_data: 969
  probe_request: 570
  block_ack_request: 344
  action: 260
  authentication: 70
  association_request: 34
  association_response: 29
  cf_end: 8
  reassociation_request: 4
  reassociation_response: 3
  disassociation: 3

unique SSIDs: 3
unique BSSIDs: 17
================================================================================

================================================================================
STATISTICS after 1898.7s
--------------------------------------------------------------------------------
total frames: 94816

by frame type:
  management: 65333
  control: 22175
  data: 7308

by frame subtype:
  deauthentication: 46798
  ack: 16815
  beacon: 16443
  null_data: 3799
  rts: 1886
  cts: 1700
  block_ack: 1422
  data: 1319
  qos_null: 1220
  probe_response: 1119
  qos_data: 970
  probe_request: 570
  block_ack_request: 344
  action: 260
  authentication: 70
  association_request: 34
  association_response: 29
  cf_end: 8
  reassociation_request: 4
  reassociation_response: 3
  disassociation: 3

unique SSIDs: 3
unique BSSIDs: 17
================================================================================

================================================================================
STATISTICS after 1908.7s
--------------------------------------------------------------------------------
total frames: 94930

by frame type:
  management: 65413
  control: 22195
  data: 7322

by frame subtype:
  deauthentication: 46798
  ack: 16835
  beacon: 16514
  null_data: 3810
  rts: 1886
  cts: 1700
  block_ack: 1422
  data: 1322
  qos_null: 1220
  probe_response: 1125
  qos_data: 970
  probe_request: 573
  block_ack_request: 344
  action: 260
  authentication: 70
  association_request: 34
  association_response: 29
  cf_end: 8
  reassociation_request: 4
  reassociation_response: 3
  disassociation: 3

unique SSIDs: 4
unique BSSIDs: 17
================================================================================

================================================================================
STATISTICS after 1918.7s
--------------------------------------------------------------------------------
total frames: 95071

by frame type:
  management: 65509
  control: 22219
  data: 7343

by frame subtype:
  deauthentication: 46798
  ack: 16856
  beacon: 16610
  null_data: 3826
  rts: 1887
  cts: 1701
  block_ack: 1423
  data: 1325
  qos_null: 1220
  probe_response: 1125
  qos_data: 972
  probe_request: 573
  block_ack_request: 344
  action: 260
  authentication: 70
  association_request: 34
  association_response: 29
  cf_end: 8
  reassociation_request: 4
  reassociation_response: 3
  disassociation: 3

unique SSIDs: 4
unique BSSIDs: 17
================================================================================

================================================================================
STATISTICS after 1928.8s
--------------------------------------------------------------------------------
total frames: 95228

by frame type:
  management: 65600
  control: 22254
  data: 7374

by frame subtype:
  deauthentication: 46798
  ack: 16889
  beacon: 16701
  null_data: 3845
  rts: 1888
  cts: 1702
  block_ack: 1423
  data: 1332
  qos_null: 1225
  probe_response: 1125
  qos_data: 972
  probe_request: 573
  block_ack_request: 344
  action: 260
  authentication: 70
  association_request: 34
  association_response: 29
  cf_end: 8
  reassociation_request: 4
  reassociation_response: 3
  disassociation: 3

unique SSIDs: 4
unique BSSIDs: 17
================================================================================

================================================================================
STATISTICS after 1938.9s
--------------------------------------------------------------------------------
total frames: 95398

by frame type:
  management: 65700
  control: 22295
  data: 7403

by frame subtype:
  deauthentication: 46798
  ack: 16930
  beacon: 16788
  null_data: 3864
  rts: 1888
  cts: 1702
  block_ack: 1423
  data: 1342
  qos_null: 1225
  probe_response: 1131
  qos_data: 972
  probe_request: 580
  block_ack_request: 344
  action: 260
  authentication: 70
  association_request: 34
  association_response: 29
  cf_end: 8
  reassociation_request: 4
  reassociation_response: 3
  disassociation: 3

unique SSIDs: 4
unique BSSIDs: 17
================================================================================

!!!!!!!!!!!!!!!!!!!!!!!!!!!!!!!!!!!!!!!!!!!!!!!!!!!!!!!!!!!!!!!!!!!!!!!!!!!!!!!!
[ALERT] ALERT-000123 | BEACON_FLOOD
severity: MEDIUM
time: 2026-05-16T13:42:48.761895
message: Wykryto możliwy atak Beacon Flood: 100 ramek beacon, 2 unikalnych BSSID, 2 unikalnych SSID w oknie 10s.
evidence: {'beacon_count': 100, 'unique_bssid_count': 2, 'unique_ssid_count': 2, 'window_seconds': 10, 'beacon_count_threshold': 100, 'unique_bssid_threshold': 30, 'unique_ssid_threshold': 20, 'triggered_reasons': ['high_beacon_rate'], 'sample_ssids': ['FunBox2-8124', 'TP-LINK_7122'], 'sample_bssids': ['d8:d7:75:45:81:24', 'ac:84:c6:41:71:22']}
!!!!!!!!!!!!!!!!!!!!!!!!!!!!!!!!!!!!!!!!!!!!!!!!!!!!!!!!!!!!!!!!!!!!!!!!!!!!!!!!


================================================================================
STATISTICS after 1949.0s
--------------------------------------------------------------------------------
total frames: 95563

by frame type:
  management: 65816
  control: 22323
  data: 7424

by frame subtype:
  deauthentication: 46798
  ack: 16952
  beacon: 16899
  null_data: 3879
  rts: 1890
  cts: 1704
  block_ack: 1425
  data: 1346
  qos_null: 1225
  probe_response: 1132
  qos_data: 974
  probe_request: 581
  block_ack_request: 344
  action: 263
  authentication: 70
  association_request: 34
  association_response: 29
  cf_end: 8
  reassociation_request: 4
  reassociation_response: 3
  disassociation: 3

unique SSIDs: 4
unique BSSIDs: 17
================================================================================

!!!!!!!!!!!!!!!!!!!!!!!!!!!!!!!!!!!!!!!!!!!!!!!!!!!!!!!!!!!!!!!!!!!!!!!!!!!!!!!!
[ALERT] ALERT-000124 | BEACON_FLOOD
severity: MEDIUM
time: 2026-05-16T13:42:58.877497
message: Wykryto możliwy atak Beacon Flood: 105 ramek beacon, 2 unikalnych BSSID, 2 unikalnych SSID w oknie 10s.
evidence: {'beacon_count': 105, 'unique_bssid_count': 2, 'unique_ssid_count': 2, 'window_seconds': 10, 'beacon_count_threshold': 100, 'unique_bssid_threshold': 30, 'unique_ssid_threshold': 20, 'triggered_reasons': ['high_beacon_rate'], 'sample_ssids': ['FunBox2-8124', 'TP-LINK_7122'], 'sample_bssids': ['d8:d7:75:45:81:24', 'ac:84:c6:41:71:22']}
!!!!!!!!!!!!!!!!!!!!!!!!!!!!!!!!!!!!!!!!!!!!!!!!!!!!!!!!!!!!!!!!!!!!!!!!!!!!!!!!


================================================================================
STATISTICS after 1959.0s
--------------------------------------------------------------------------------
total frames: 95759

by frame type:
  management: 65929
  control: 22383
  data: 7447

by frame subtype:
  deauthentication: 46798
  beacon: 17002
  ack: 16987
  null_data: 3898
  rts: 1890
  cts: 1729
  block_ack: 1425
  data: 1350
  qos_null: 1225
  probe_response: 1141
  qos_data: 974
  probe_request: 581
  block_ack_request: 344
  action: 264
  authentication: 70
  association_request: 34
  association_response: 29
  cf_end: 8
  reassociation_request: 4
  reassociation_response: 3
  disassociation: 3

unique SSIDs: 4
unique BSSIDs: 17
================================================================================

!!!!!!!!!!!!!!!!!!!!!!!!!!!!!!!!!!!!!!!!!!!!!!!!!!!!!!!!!!!!!!!!!!!!!!!!!!!!!!!!
[ALERT] ALERT-000125 | BEACON_FLOOD
severity: MEDIUM
time: 2026-05-16T13:43:08.922400
message: Wykryto możliwy atak Beacon Flood: 101 ramek beacon, 2 unikalnych BSSID, 2 unikalnych SSID w oknie 10s.
evidence: {'beacon_count': 101, 'unique_bssid_count': 2, 'unique_ssid_count': 2, 'window_seconds': 10, 'beacon_count_threshold': 100, 'unique_bssid_threshold': 30, 'unique_ssid_threshold': 20, 'triggered_reasons': ['high_beacon_rate'], 'sample_ssids': ['FunBox2-8124', 'TP-LINK_7122'], 'sample_bssids': ['d8:d7:75:45:81:24', 'ac:84:c6:41:71:22']}
!!!!!!!!!!!!!!!!!!!!!!!!!!!!!!!!!!!!!!!!!!!!!!!!!!!!!!!!!!!!!!!!!!!!!!!!!!!!!!!!


!!!!!!!!!!!!!!!!!!!!!!!!!!!!!!!!!!!!!!!!!!!!!!!!!!!!!!!!!!!!!!!!!!!!!!!!!!!!!!!!
[ALERT] ALERT-000126 | DISASSOC_FLOOD
severity: MEDIUM
time: 2026-05-16T13:43:12.660035
message: Wykryto możliwy atak Disassociation Flood: 20 ramek disassociation z adresu d8:d7:75:45:81:24 w oknie 5s.
evidence: {'source_mac': 'd8:d7:75:45:81:24', 'destination_mac': 'ff:ff:ff:ff:ff:ff', 'bssid': 'd8:d7:75:45:81:24', 'count': 20, 'threshold': 20, 'window_seconds': 5}
!!!!!!!!!!!!!!!!!!!!!!!!!!!!!!!!!!!!!!!!!!!!!!!!!!!!!!!!!!!!!!!!!!!!!!!!!!!!!!!!


================================================================================
STATISTICS after 1969.0s
--------------------------------------------------------------------------------
total frames: 96107

by frame type:
  management: 66157
  control: 22454
  data: 7496

by frame subtype:
  deauthentication: 46798
  beacon: 17106
  ack: 17054
  null_data: 3929
  rts: 1890
  cts: 1729
  block_ack: 1427
  data: 1358
  qos_null: 1228
  probe_response: 1156
  qos_data: 981
  probe_request: 590
  block_ack_request: 346
  action: 268
  disassociation: 95
  authentication: 72
  association_request: 34
  association_response: 29
  cf_end: 8
  reassociation_request: 5
  reassociation_response: 4

unique SSIDs: 4
unique BSSIDs: 17
================================================================================

!!!!!!!!!!!!!!!!!!!!!!!!!!!!!!!!!!!!!!!!!!!!!!!!!!!!!!!!!!!!!!!!!!!!!!!!!!!!!!!!
[ALERT] ALERT-000127 | DISASSOC_FLOOD
severity: CRITICAL
time: 2026-05-16T13:43:17.711691
message: Wykryto możliwy atak Disassociation Flood: 155 ramek disassociation z adresu d8:d7:75:45:81:24 w oknie 5s.
evidence: {'source_mac': 'd8:d7:75:45:81:24', 'destination_mac': 'ff:ff:ff:ff:ff:ff', 'bssid': 'd8:d7:75:45:81:24', 'count': 155, 'threshold': 20, 'window_seconds': 5}
!!!!!!!!!!!!!!!!!!!!!!!!!!!!!!!!!!!!!!!!!!!!!!!!!!!!!!!!!!!!!!!!!!!!!!!!!!!!!!!!


!!!!!!!!!!!!!!!!!!!!!!!!!!!!!!!!!!!!!!!!!!!!!!!!!!!!!!!!!!!!!!!!!!!!!!!!!!!!!!!!
[ALERT] ALERT-000128 | BEACON_FLOOD
severity: MEDIUM
time: 2026-05-16T13:43:18.951466
message: Wykryto możliwy atak Beacon Flood: 106 ramek beacon, 2 unikalnych BSSID, 2 unikalnych SSID w oknie 10s.
evidence: {'beacon_count': 106, 'unique_bssid_count': 2, 'unique_ssid_count': 2, 'window_seconds': 10, 'beacon_count_threshold': 100, 'unique_bssid_threshold': 30, 'unique_ssid_threshold': 20, 'triggered_reasons': ['high_beacon_rate'], 'sample_ssids': ['FunBox2-8124', 'TP-LINK_7122'], 'sample_bssids': ['d8:d7:75:45:81:24', 'ac:84:c6:41:71:22']}
!!!!!!!!!!!!!!!!!!!!!!!!!!!!!!!!!!!!!!!!!!!!!!!!!!!!!!!!!!!!!!!!!!!!!!!!!!!!!!!!


!!!!!!!!!!!!!!!!!!!!!!!!!!!!!!!!!!!!!!!!!!!!!!!!!!!!!!!!!!!!!!!!!!!!!!!!!!!!!!!!
[ALERT] ALERT-000129 | DISASSOC_FLOOD
severity: CRITICAL
time: 2026-05-16T13:43:22.763268
message: Wykryto możliwy atak Disassociation Flood: 153 ramek disassociation z adresu d8:d7:75:45:81:24 w oknie 5s.
evidence: {'source_mac': 'd8:d7:75:45:81:24', 'destination_mac': 'ff:ff:ff:ff:ff:ff', 'bssid': 'd8:d7:75:45:81:24', 'count': 153, 'threshold': 20, 'window_seconds': 5}
!!!!!!!!!!!!!!!!!!!!!!!!!!!!!!!!!!!!!!!!!!!!!!!!!!!!!!!!!!!!!!!!!!!!!!!!!!!!!!!!


================================================================================
STATISTICS after 1979.0s
--------------------------------------------------------------------------------
total frames: 96778

by frame type:
  management: 66694
  control: 22566
  data: 7518

by frame subtype:
  deauthentication: 46798
  beacon: 17208
  ack: 17160
  null_data: 3943
  rts: 1891
  cts: 1730
  block_ack: 1429
  data: 1359
  qos_null: 1228
  probe_response: 1214
  qos_data: 988
  probe_request: 634
  disassociation: 414
  block_ack_request: 348
  action: 272
  authentication: 76
  association_request: 37
  association_response: 32
  cf_end: 8
  reassociation_request: 5
  reassociation_response: 4

unique SSIDs: 4
unique BSSIDs: 18
================================================================================

!!!!!!!!!!!!!!!!!!!!!!!!!!!!!!!!!!!!!!!!!!!!!!!!!!!!!!!!!!!!!!!!!!!!!!!!!!!!!!!!
[ALERT] ALERT-000130 | DISASSOC_FLOOD
severity: CRITICAL
time: 2026-05-16T13:43:27.811199
message: Wykryto możliwy atak Disassociation Flood: 151 ramek disassociation z adresu d8:d7:75:45:81:24 w oknie 5s.
evidence: {'source_mac': 'd8:d7:75:45:81:24', 'destination_mac': 'ff:ff:ff:ff:ff:ff', 'bssid': 'd8:d7:75:45:81:24', 'count': 151, 'threshold': 20, 'window_seconds': 5}
!!!!!!!!!!!!!!!!!!!!!!!!!!!!!!!!!!!!!!!!!!!!!!!!!!!!!!!!!!!!!!!!!!!!!!!!!!!!!!!!


!!!!!!!!!!!!!!!!!!!!!!!!!!!!!!!!!!!!!!!!!!!!!!!!!!!!!!!!!!!!!!!!!!!!!!!!!!!!!!!!
[ALERT] ALERT-000131 | DISASSOC_FLOOD
severity: CRITICAL
time: 2026-05-16T13:43:32.847996
message: Wykryto możliwy atak Disassociation Flood: 157 ramek disassociation z adresu d8:d7:75:45:81:24 w oknie 5s.
evidence: {'source_mac': 'd8:d7:75:45:81:24', 'destination_mac': 'ff:ff:ff:ff:ff:ff', 'bssid': 'd8:d7:75:45:81:24', 'count': 157, 'threshold': 20, 'window_seconds': 5}
!!!!!!!!!!!!!!!!!!!!!!!!!!!!!!!!!!!!!!!!!!!!!!!!!!!!!!!!!!!!!!!!!!!!!!!!!!!!!!!!


================================================================================
STATISTICS after 1989.1s
--------------------------------------------------------------------------------
total frames: 97436

by frame type:
  management: 67170
  control: 22693
  data: 7573

by frame subtype:
  deauthentication: 46798
  beacon: 17293
  ack: 17283
  null_data: 3967
  rts: 1891
  cts: 1730
  block_ack: 1431
  data: 1380
  probe_response: 1261
  qos_null: 1229
  qos_data: 997
  disassociation: 724
  probe_request: 657
  block_ack_request: 350
  action: 276
  authentication: 80
  association_request: 39
  association_response: 33
  cf_end: 8
  reassociation_request: 5
  reassociation_response: 4

unique SSIDs: 4
unique BSSIDs: 18
================================================================================

!!!!!!!!!!!!!!!!!!!!!!!!!!!!!!!!!!!!!!!!!!!!!!!!!!!!!!!!!!!!!!!!!!!!!!!!!!!!!!!!
[ALERT] ALERT-000132 | DISASSOC_FLOOD
severity: CRITICAL
time: 2026-05-16T13:43:37.911175
message: Wykryto możliwy atak Disassociation Flood: 153 ramek disassociation z adresu d8:d7:75:45:81:24 w oknie 5s.
evidence: {'source_mac': 'd8:d7:75:45:81:24', 'destination_mac': 'ff:ff:ff:ff:ff:ff', 'bssid': 'd8:d7:75:45:81:24', 'count': 153, 'threshold': 20, 'window_seconds': 5}
!!!!!!!!!!!!!!!!!!!!!!!!!!!!!!!!!!!!!!!!!!!!!!!!!!!!!!!!!!!!!!!!!!!!!!!!!!!!!!!!


!!!!!!!!!!!!!!!!!!!!!!!!!!!!!!!!!!!!!!!!!!!!!!!!!!!!!!!!!!!!!!!!!!!!!!!!!!!!!!!!
[ALERT] ALERT-000133 | DISASSOC_FLOOD
severity: CRITICAL
time: 2026-05-16T13:43:42.964707
message: Wykryto możliwy atak Disassociation Flood: 155 ramek disassociation z adresu d8:d7:75:45:81:24 w oknie 5s.
evidence: {'source_mac': 'd8:d7:75:45:81:24', 'destination_mac': 'ff:ff:ff:ff:ff:ff', 'bssid': 'd8:d7:75:45:81:24', 'count': 155, 'threshold': 20, 'window_seconds': 5}
!!!!!!!!!!!!!!!!!!!!!!!!!!!!!!!!!!!!!!!!!!!!!!!!!!!!!!!!!!!!!!!!!!!!!!!!!!!!!!!!


================================================================================
STATISTICS after 1999.1s
--------------------------------------------------------------------------------
total frames: 98068

by frame type:
  management: 67643
  control: 22814
  data: 7611

by frame subtype:
  deauthentication: 46798
  ack: 17396
  beacon: 17375
  null_data: 3984
  rts: 1891
  cts: 1730
  block_ack: 1434
  data: 1384
  probe_response: 1296
  qos_null: 1229
  disassociation: 1027
  qos_data: 1014
  probe_request: 688
  block_ack_request: 355
  action: 287
  authentication: 86
  association_request: 41
  association_response: 36
  cf_end: 8
  reassociation_request: 5
  reassociation_response: 4

unique SSIDs: 4
unique BSSIDs: 18
================================================================================

!!!!!!!!!!!!!!!!!!!!!!!!!!!!!!!!!!!!!!!!!!!!!!!!!!!!!!!!!!!!!!!!!!!!!!!!!!!!!!!!
[ALERT] ALERT-000134 | DISASSOC_FLOOD
severity: CRITICAL
time: 2026-05-16T13:43:48.023275
message: Wykryto możliwy atak Disassociation Flood: 157 ramek disassociation z adresu d8:d7:75:45:81:24 w oknie 5s.
evidence: {'source_mac': 'd8:d7:75:45:81:24', 'destination_mac': 'ff:ff:ff:ff:ff:ff', 'bssid': 'd8:d7:75:45:81:24', 'count': 157, 'threshold': 20, 'window_seconds': 5}
!!!!!!!!!!!!!!!!!!!!!!!!!!!!!!!!!!!!!!!!!!!!!!!!!!!!!!!!!!!!!!!!!!!!!!!!!!!!!!!!


!!!!!!!!!!!!!!!!!!!!!!!!!!!!!!!!!!!!!!!!!!!!!!!!!!!!!!!!!!!!!!!!!!!!!!!!!!!!!!!!
[ALERT] ALERT-000135 | DISASSOC_FLOOD
severity: CRITICAL
time: 2026-05-16T13:43:53.031446
message: Wykryto możliwy atak Disassociation Flood: 151 ramek disassociation z adresu d8:d7:75:45:81:24 w oknie 5s.
evidence: {'source_mac': 'd8:d7:75:45:81:24', 'destination_mac': 'ff:ff:ff:ff:ff:ff', 'bssid': 'd8:d7:75:45:81:24', 'count': 151, 'threshold': 20, 'window_seconds': 5}
!!!!!!!!!!!!!!!!!!!!!!!!!!!!!!!!!!!!!!!!!!!!!!!!!!!!!!!!!!!!!!!!!!!!!!!!!!!!!!!!


================================================================================
STATISTICS after 2009.1s
--------------------------------------------------------------------------------
total frames: 98672

by frame type:
  management: 68099
  control: 22923
  data: 7650

by frame subtype:
  deauthentication: 46798
  ack: 17498
  beacon: 17453
  null_data: 4003
  rts: 1891
  cts: 1730
  block_ack: 1437
  data: 1389
  disassociation: 1339
  probe_response: 1322
  qos_null: 1229
  qos_data: 1029
  probe_request: 713
  block_ack_request: 359
  action: 294
  authentication: 90
  association_request: 43
  association_response: 38
  cf_end: 8
  reassociation_request: 5
  reassociation_response: 4

unique SSIDs: 4
unique BSSIDs: 18
================================================================================

!!!!!!!!!!!!!!!!!!!!!!!!!!!!!!!!!!!!!!!!!!!!!!!!!!!!!!!!!!!!!!!!!!!!!!!!!!!!!!!!
[ALERT] ALERT-000136 | DISASSOC_FLOOD
severity: CRITICAL
time: 2026-05-16T13:43:58.091199
message: Wykryto możliwy atak Disassociation Flood: 151 ramek disassociation z adresu d8:d7:75:45:81:24 w oknie 5s.
evidence: {'source_mac': 'd8:d7:75:45:81:24', 'destination_mac': 'ff:ff:ff:ff:ff:ff', 'bssid': 'd8:d7:75:45:81:24', 'count': 151, 'threshold': 20, 'window_seconds': 5}
!!!!!!!!!!!!!!!!!!!!!!!!!!!!!!!!!!!!!!!!!!!!!!!!!!!!!!!!!!!!!!!!!!!!!!!!!!!!!!!!


!!!!!!!!!!!!!!!!!!!!!!!!!!!!!!!!!!!!!!!!!!!!!!!!!!!!!!!!!!!!!!!!!!!!!!!!!!!!!!!!
[ALERT] ALERT-000137 | DISASSOC_FLOOD
severity: CRITICAL
time: 2026-05-16T13:44:03.163426
message: Wykryto możliwy atak Disassociation Flood: 151 ramek disassociation z adresu d8:d7:75:45:81:24 w oknie 5s.
evidence: {'source_mac': 'd8:d7:75:45:81:24', 'destination_mac': 'ff:ff:ff:ff:ff:ff', 'bssid': 'd8:d7:75:45:81:24', 'count': 151, 'threshold': 20, 'window_seconds': 5}
!!!!!!!!!!!!!!!!!!!!!!!!!!!!!!!!!!!!!!!!!!!!!!!!!!!!!!!!!!!!!!!!!!!!!!!!!!!!!!!!


!!!!!!!!!!!!!!!!!!!!!!!!!!!!!!!!!!!!!!!!!!!!!!!!!!!!!!!!!!!!!!!!!!!!!!!!!!!!!!!!
[ALERT] ALERT-000138 | BEACON_FLOOD
severity: MEDIUM
time: 2026-05-16T13:44:04.623285
message: Wykryto możliwy atak Beacon Flood: 100 ramek beacon, 2 unikalnych BSSID, 2 unikalnych SSID w oknie 10s.
evidence: {'beacon_count': 100, 'unique_bssid_count': 2, 'unique_ssid_count': 2, 'window_seconds': 10, 'beacon_count_threshold': 100, 'unique_bssid_threshold': 30, 'unique_ssid_threshold': 20, 'triggered_reasons': ['high_beacon_rate'], 'sample_ssids': ['FunBox2-8124', 'TP-LINK_7122'], 'sample_bssids': ['d8:d7:75:45:81:24', 'ac:84:c6:41:71:22']}
!!!!!!!!!!!!!!!!!!!!!!!!!!!!!!!!!!!!!!!!!!!!!!!!!!!!!!!!!!!!!!!!!!!!!!!!!!!!!!!!


================================================================================
STATISTICS after 2019.2s
--------------------------------------------------------------------------------
total frames: 99355

by frame type:
  management: 68602
  control: 23062
  data: 7691

by frame subtype:
  deauthentication: 46798
  ack: 17625
  beacon: 17558
  null_data: 4018
  rts: 1891
  cts: 1730
  disassociation: 1645
  block_ack: 1443
  data: 1399
  probe_response: 1358
  qos_null: 1229
  qos_data: 1045
  probe_request: 744
  block_ack_request: 365
  action: 307
  authentication: 96
  association_request: 46
  association_response: 41
  cf_end: 8
  reassociation_request: 5
  reassociation_response: 4

unique SSIDs: 4
unique BSSIDs: 18
================================================================================

!!!!!!!!!!!!!!!!!!!!!!!!!!!!!!!!!!!!!!!!!!!!!!!!!!!!!!!!!!!!!!!!!!!!!!!!!!!!!!!!
[ALERT] ALERT-000139 | DISASSOC_FLOOD
severity: CRITICAL
time: 2026-05-16T13:44:08.183380
message: Wykryto możliwy atak Disassociation Flood: 151 ramek disassociation z adresu d8:d7:75:45:81:24 w oknie 5s.
evidence: {'source_mac': 'd8:d7:75:45:81:24', 'destination_mac': 'ff:ff:ff:ff:ff:ff', 'bssid': 'd8:d7:75:45:81:24', 'count': 151, 'threshold': 20, 'window_seconds': 5}
!!!!!!!!!!!!!!!!!!!!!!!!!!!!!!!!!!!!!!!!!!!!!!!!!!!!!!!!!!!!!!!!!!!!!!!!!!!!!!!!


!!!!!!!!!!!!!!!!!!!!!!!!!!!!!!!!!!!!!!!!!!!!!!!!!!!!!!!!!!!!!!!!!!!!!!!!!!!!!!!!
[ALERT] ALERT-000140 | BEACON_FLOOD
severity: MEDIUM
time: 2026-05-16T13:44:14.656277
message: Wykryto możliwy atak Beacon Flood: 116 ramek beacon, 2 unikalnych BSSID, 2 unikalnych SSID w oknie 10s.
evidence: {'beacon_count': 116, 'unique_bssid_count': 2, 'unique_ssid_count': 2, 'window_seconds': 10, 'beacon_count_threshold': 100, 'unique_bssid_threshold': 30, 'unique_ssid_threshold': 20, 'triggered_reasons': ['high_beacon_rate'], 'sample_ssids': ['FunBox2-8124', 'TP-LINK_7122'], 'sample_bssids': ['d8:d7:75:45:81:24', 'ac:84:c6:41:71:22']}
!!!!!!!!!!!!!!!!!!!!!!!!!!!!!!!!!!!!!!!!!!!!!!!!!!!!!!!!!!!!!!!!!!!!!!!!!!!!!!!!


================================================================================
STATISTICS after 2029.2s
--------------------------------------------------------------------------------
total frames: 99839

by frame type:
  management: 68927
  control: 23177
  data: 7735

by frame subtype:
  deauthentication: 46799
  ack: 17732
  beacon: 17671
  null_data: 4045
  rts: 1891
  disassociation: 1802
  cts: 1730
  block_ack: 1447
  data: 1406
  probe_response: 1375
  qos_null: 1229
  qos_data: 1055
  probe_request: 765
  block_ack_request: 369
  action: 315
  authentication: 100
  association_request: 48
  association_response: 43
  cf_end: 8
  reassociation_request: 5
  reassociation_response: 4

unique SSIDs: 4
unique BSSIDs: 18
================================================================================

!!!!!!!!!!!!!!!!!!!!!!!!!!!!!!!!!!!!!!!!!!!!!!!!!!!!!!!!!!!!!!!!!!!!!!!!!!!!!!!!
[ALERT] ALERT-000141 | BEACON_FLOOD
severity: MEDIUM
time: 2026-05-16T13:44:24.692273
message: Wykryto możliwy atak Beacon Flood: 105 ramek beacon, 2 unikalnych BSSID, 2 unikalnych SSID w oknie 10s.
evidence: {'beacon_count': 105, 'unique_bssid_count': 2, 'unique_ssid_count': 2, 'window_seconds': 10, 'beacon_count_threshold': 100, 'unique_bssid_threshold': 30, 'unique_ssid_threshold': 20, 'triggered_reasons': ['high_beacon_rate'], 'sample_ssids': ['FunBox2-8124', 'TP-LINK_7122'], 'sample_bssids': ['d8:d7:75:45:81:24', 'ac:84:c6:41:71:22']}
!!!!!!!!!!!!!!!!!!!!!!!!!!!!!!!!!!!!!!!!!!!!!!!!!!!!!!!!!!!!!!!!!!!!!!!!!!!!!!!!


================================================================================
STATISTICS after 2039.2s
--------------------------------------------------------------------------------
total frames: 100072

by frame type:
  management: 69058
  control: 23243
  data: 7771

by frame subtype:
  deauthentication: 46799
  ack: 17779
  beacon: 17775
  null_data: 4067
  rts: 1896
  disassociation: 1802
  cts: 1735
  block_ack: 1454
  data: 1411
  probe_response: 1387
  qos_null: 1229
  qos_data: 1064
  probe_request: 774
  block_ack_request: 371
  action: 319
  authentication: 102
  association_request: 48
  association_response: 43
  cf_end: 8
  reassociation_request: 5
  reassociation_response: 4

unique SSIDs: 4
unique BSSIDs: 18
================================================================================

!!!!!!!!!!!!!!!!!!!!!!!!!!!!!!!!!!!!!!!!!!!!!!!!!!!!!!!!!!!!!!!!!!!!!!!!!!!!!!!!
[ALERT] ALERT-000142 | BEACON_FLOOD
severity: MEDIUM
time: 2026-05-16T13:44:34.727425
message: Wykryto możliwy atak Beacon Flood: 110 ramek beacon, 2 unikalnych BSSID, 2 unikalnych SSID w oknie 10s.
evidence: {'beacon_count': 110, 'unique_bssid_count': 2, 'unique_ssid_count': 2, 'window_seconds': 10, 'beacon_count_threshold': 100, 'unique_bssid_threshold': 30, 'unique_ssid_threshold': 20, 'triggered_reasons': ['high_beacon_rate'], 'sample_ssids': ['FunBox2-8124', 'TP-LINK_7122'], 'sample_bssids': ['d8:d7:75:45:81:24', 'ac:84:c6:41:71:22']}
!!!!!!!!!!!!!!!!!!!!!!!!!!!!!!!!!!!!!!!!!!!!!!!!!!!!!!!!!!!!!!!!!!!!!!!!!!!!!!!!


================================================================================
STATISTICS after 2049.3s
--------------------------------------------------------------------------------
total frames: 100368

by frame type:
  management: 69171
  control: 23357
  data: 7840

by frame subtype:
  deauthentication: 46799
  beacon: 17888
  ack: 17826
  null_data: 4094
  rts: 1919
  disassociation: 1802
  cts: 1758
  block_ack: 1475
  data: 1432
  probe_response: 1387
  qos_null: 1230
  qos_data: 1084
  probe_request: 774
  block_ack_request: 371
  action: 319
  authentication: 102
  association_request: 48
  association_response: 43
  cf_end: 8
  reassociation_request: 5
  reassociation_response: 4

unique SSIDs: 4
unique BSSIDs: 18
================================================================================

!!!!!!!!!!!!!!!!!!!!!!!!!!!!!!!!!!!!!!!!!!!!!!!!!!!!!!!!!!!!!!!!!!!!!!!!!!!!!!!!
[ALERT] ALERT-000143 | BEACON_FLOOD
severity: MEDIUM
time: 2026-05-16T13:44:44.763021
message: Wykryto możliwy atak Beacon Flood: 111 ramek beacon, 2 unikalnych BSSID, 2 unikalnych SSID w oknie 10s.
evidence: {'beacon_count': 111, 'unique_bssid_count': 2, 'unique_ssid_count': 2, 'window_seconds': 10, 'beacon_count_threshold': 100, 'unique_bssid_threshold': 30, 'unique_ssid_threshold': 20, 'triggered_reasons': ['high_beacon_rate'], 'sample_ssids': ['FunBox2-8124', 'TP-LINK_7122'], 'sample_bssids': ['d8:d7:75:45:81:24', 'ac:84:c6:41:71:22']}
!!!!!!!!!!!!!!!!!!!!!!!!!!!!!!!!!!!!!!!!!!!!!!!!!!!!!!!!!!!!!!!!!!!!!!!!!!!!!!!!


================================================================================
STATISTICS after 2059.3s
--------------------------------------------------------------------------------
total frames: 100567

by frame type:
  management: 69279
  control: 23413
  data: 7875

by frame subtype:
  deauthentication: 46799
  beacon: 17996
  ack: 17865
  null_data: 4117
  rts: 1926
  disassociation: 1802
  cts: 1763
  block_ack: 1480
  data: 1441
  probe_response: 1387
  qos_null: 1230
  qos_data: 1087
  probe_request: 774
  block_ack_request: 371
  action: 319
  authentication: 102
  association_request: 48
  association_response: 43
  cf_end: 8
  reassociation_request: 5
  reassociation_response: 4

unique SSIDs: 4
unique BSSIDs: 18
================================================================================

!!!!!!!!!!!!!!!!!!!!!!!!!!!!!!!!!!!!!!!!!!!!!!!!!!!!!!!!!!!!!!!!!!!!!!!!!!!!!!!!
[ALERT] ALERT-000144 | BEACON_FLOOD
severity: MEDIUM
time: 2026-05-16T13:44:55.617814
message: Wykryto możliwy atak Beacon Flood: 100 ramek beacon, 2 unikalnych BSSID, 2 unikalnych SSID w oknie 10s.
evidence: {'beacon_count': 100, 'unique_bssid_count': 2, 'unique_ssid_count': 2, 'window_seconds': 10, 'beacon_count_threshold': 100, 'unique_bssid_threshold': 30, 'unique_ssid_threshold': 20, 'triggered_reasons': ['high_beacon_rate'], 'sample_ssids': ['FunBox2-8124', 'TP-LINK_7122'], 'sample_bssids': ['d8:d7:75:45:81:24', 'ac:84:c6:41:71:22']}
!!!!!!!!!!!!!!!!!!!!!!!!!!!!!!!!!!!!!!!!!!!!!!!!!!!!!!!!!!!!!!!!!!!!!!!!!!!!!!!!


================================================================================
STATISTICS after 2069.4s
--------------------------------------------------------------------------------
total frames: 100731

by frame type:
  management: 69379
  control: 23447
  data: 7905

by frame subtype:
  deauthentication: 46799
  beacon: 18096
  ack: 17895
  null_data: 4137
  rts: 1928
  disassociation: 1802
  cts: 1764
  block_ack: 1481
  data: 1450
  probe_response: 1387
  qos_null: 1230
  qos_data: 1088
  probe_request: 774
  block_ack_request: 371
  action: 319
  authentication: 102
  association_request: 48
  association_response: 43
  cf_end: 8
  reassociation_request: 5
  reassociation_response: 4

unique SSIDs: 4
unique BSSIDs: 18
================================================================================

================================================================================
STATISTICS after 2079.4s
--------------------------------------------------------------------------------
total frames: 100888

by frame type:
  management: 69479
  control: 23480
  data: 7929

by frame subtype:
  deauthentication: 46799
  beacon: 18193
  ack: 17919
  null_data: 4154
  rts: 1931
  disassociation: 1802
  cts: 1767
  block_ack: 1484
  data: 1454
  probe_response: 1388
  qos_null: 1230
  qos_data: 1091
  probe_request: 774
  block_ack_request: 371
  action: 321
  authentication: 102
  association_request: 48
  association_response: 43
  cf_end: 8
  reassociation_request: 5
  reassociation_response: 4

unique SSIDs: 4
unique BSSIDs: 18
================================================================================

!!!!!!!!!!!!!!!!!!!!!!!!!!!!!!!!!!!!!!!!!!!!!!!!!!!!!!!!!!!!!!!!!!!!!!!!!!!!!!!!
[ALERT] ALERT-000145 | BEACON_FLOOD
severity: MEDIUM
time: 2026-05-16T13:45:08.657409
message: Wykryto możliwy atak Beacon Flood: 100 ramek beacon, 2 unikalnych BSSID, 2 unikalnych SSID w oknie 10s.
evidence: {'beacon_count': 100, 'unique_bssid_count': 2, 'unique_ssid_count': 2, 'window_seconds': 10, 'beacon_count_threshold': 100, 'unique_bssid_threshold': 30, 'unique_ssid_threshold': 20, 'triggered_reasons': ['high_beacon_rate'], 'sample_ssids': ['FunBox2-8124', 'TP-LINK_7122'], 'sample_bssids': ['d8:d7:75:45:81:24', 'ac:84:c6:41:71:22']}
!!!!!!!!!!!!!!!!!!!!!!!!!!!!!!!!!!!!!!!!!!!!!!!!!!!!!!!!!!!!!!!!!!!!!!!!!!!!!!!!


================================================================================
STATISTICS after 2089.4s
--------------------------------------------------------------------------------
total frames: 101047

by frame type:
  management: 69588
  control: 23507
  data: 7952

by frame subtype:
  deauthentication: 46799
  beacon: 18302
  ack: 17946
  null_data: 4171
  rts: 1931
  disassociation: 1802
  cts: 1767
  block_ack: 1484
  data: 1460
  probe_response: 1388
  qos_null: 1230
  qos_data: 1091
  probe_request: 774
  block_ack_request: 371
  action: 321
  authentication: 102
  association_request: 48
  association_response: 43
  cf_end: 8
  reassociation_request: 5
  reassociation_response: 4

unique SSIDs: 4
unique BSSIDs: 18
================================================================================

!!!!!!!!!!!!!!!!!!!!!!!!!!!!!!!!!!!!!!!!!!!!!!!!!!!!!!!!!!!!!!!!!!!!!!!!!!!!!!!!
[ALERT] ALERT-000146 | BEACON_FLOOD
severity: MEDIUM
time: 2026-05-16T13:45:18.761019
message: Wykryto możliwy atak Beacon Flood: 103 ramek beacon, 2 unikalnych BSSID, 2 unikalnych SSID w oknie 10s.
evidence: {'beacon_count': 103, 'unique_bssid_count': 2, 'unique_ssid_count': 2, 'window_seconds': 10, 'beacon_count_threshold': 100, 'unique_bssid_threshold': 30, 'unique_ssid_threshold': 20, 'triggered_reasons': ['high_beacon_rate'], 'sample_ssids': ['FunBox2-8124', 'TP-LINK_7122'], 'sample_bssids': ['d8:d7:75:45:81:24', 'ac:84:c6:41:71:22']}
!!!!!!!!!!!!!!!!!!!!!!!!!!!!!!!!!!!!!!!!!!!!!!!!!!!!!!!!!!!!!!!!!!!!!!!!!!!!!!!!


================================================================================
STATISTICS after 2099.6s
--------------------------------------------------------------------------------
total frames: 101202

by frame type:
  management: 69707
  control: 23530
  data: 7965

by frame subtype:
  deauthentication: 46799
  beacon: 18406
  ack: 17969
  null_data: 4180
  rts: 1931
  disassociation: 1802
  cts: 1767
  block_ack: 1484
  data: 1461
  probe_response: 1397
  qos_null: 1233
  qos_data: 1091
  probe_request: 780
  block_ack_request: 371
  action: 321
  authentication: 102
  association_request: 48
  association_response: 43
  cf_end: 8
  reassociation_request: 5
  reassociation_response: 4

unique SSIDs: 4
unique BSSIDs: 18
================================================================================

!!!!!!!!!!!!!!!!!!!!!!!!!!!!!!!!!!!!!!!!!!!!!!!!!!!!!!!!!!!!!!!!!!!!!!!!!!!!!!!!
[ALERT] ALERT-000147 | BEACON_FLOOD
severity: MEDIUM
time: 2026-05-16T13:45:28.796623
message: Wykryto możliwy atak Beacon Flood: 110 ramek beacon, 2 unikalnych BSSID, 2 unikalnych SSID w oknie 10s.
evidence: {'beacon_count': 110, 'unique_bssid_count': 2, 'unique_ssid_count': 2, 'window_seconds': 10, 'beacon_count_threshold': 100, 'unique_bssid_threshold': 30, 'unique_ssid_threshold': 20, 'triggered_reasons': ['high_beacon_rate'], 'sample_ssids': ['FunBox2-8124', 'TP-LINK_7122'], 'sample_bssids': ['d8:d7:75:45:81:24', 'ac:84:c6:41:71:22']}
!!!!!!!!!!!!!!!!!!!!!!!!!!!!!!!!!!!!!!!!!!!!!!!!!!!!!!!!!!!!!!!!!!!!!!!!!!!!!!!!


================================================================================
STATISTICS after 2109.7s
--------------------------------------------------------------------------------
total frames: 101418

by frame type:
  management: 69837
  control: 23576
  data: 8005

by frame subtype:
  deauthentication: 46799
  beacon: 18524
  ack: 18003
  null_data: 4198
  rts: 1934
  disassociation: 1802
  cts: 1773
  block_ack: 1487
  data: 1466
  probe_response: 1406
  qos_null: 1247
  qos_data: 1094
  probe_request: 783
  block_ack_request: 371
  action: 321
  authentication: 102
  association_request: 48
  association_response: 43
  cf_end: 8
  reassociation_request: 5
  reassociation_response: 4

unique SSIDs: 4
unique BSSIDs: 18
================================================================================

!!!!!!!!!!!!!!!!!!!!!!!!!!!!!!!!!!!!!!!!!!!!!!!!!!!!!!!!!!!!!!!!!!!!!!!!!!!!!!!!
[ALERT] ALERT-000148 | BEACON_FLOOD
severity: MEDIUM
time: 2026-05-16T13:45:38.832225
message: Wykryto możliwy atak Beacon Flood: 109 ramek beacon, 2 unikalnych BSSID, 2 unikalnych SSID w oknie 10s.
evidence: {'beacon_count': 109, 'unique_bssid_count': 2, 'unique_ssid_count': 2, 'window_seconds': 10, 'beacon_count_threshold': 100, 'unique_bssid_threshold': 30, 'unique_ssid_threshold': 20, 'triggered_reasons': ['high_beacon_rate'], 'sample_ssids': ['FunBox2-8124', 'TP-LINK_7122'], 'sample_bssids': ['d8:d7:75:45:81:24', 'ac:84:c6:41:71:22']}
!!!!!!!!!!!!!!!!!!!!!!!!!!!!!!!!!!!!!!!!!!!!!!!!!!!!!!!!!!!!!!!!!!!!!!!!!!!!!!!!


================================================================================
STATISTICS after 2119.8s
--------------------------------------------------------------------------------
total frames: 101580

by frame type:
  management: 69936
  control: 23604
  data: 8040

by frame subtype:
  deauthentication: 46799
  beacon: 18605
  ack: 18028
  null_data: 4219
  rts: 1936
  disassociation: 1802
  cts: 1774
  block_ack: 1487
  data: 1469
  probe_response: 1420
  qos_null: 1258
  qos_data: 1094
  probe_request: 787
  block_ack_request: 371
  action: 321
  authentication: 102
  association_request: 48
  association_response: 43
  cf_end: 8
  reassociation_request: 5
  reassociation_response: 4

unique SSIDs: 4
unique BSSIDs: 18
================================================================================

================================================================================
STATISTICS after 2129.8s
--------------------------------------------------------------------------------
total frames: 101795

by frame type:
  management: 70034
  control: 23668
  data: 8093

by frame subtype:
  deauthentication: 46799
  beacon: 18689
  ack: 18060
  null_data: 4241
  rts: 1945
  disassociation: 1802
  cts: 1796
  block_ack: 1488
  data: 1474
  probe_response: 1428
  qos_null: 1283
  qos_data: 1095
  probe_request: 793
  block_ack_request: 371
  action: 321
  authentication: 102
  association_request: 48
  association_response: 43
  cf_end: 8
  reassociation_request: 5
  reassociation_response: 4

unique SSIDs: 4
unique BSSIDs: 18
================================================================================

================================================================================
STATISTICS after 2139.8s
--------------------------------------------------------------------------------
total frames: 101991

by frame type:
  management: 70127
  control: 23720
  data: 8144

by frame subtype:
  deauthentication: 46799
  beacon: 18772
  ack: 18088
  null_data: 4265
  rts: 1965
  disassociation: 1802
  cts: 1800
  block_ack: 1488
  data: 1480
  probe_response: 1435
  qos_null: 1304
  qos_data: 1095
  probe_request: 794
  block_ack_request: 371
  action: 323
  authentication: 102
  association_request: 48
  association_response: 43
  cf_end: 8
  reassociation_request: 5
  reassociation_response: 4

unique SSIDs: 4
unique BSSIDs: 18
================================================================================

================================================================================
STATISTICS after 2150.0s
--------------------------------------------------------------------------------
total frames: 102137

by frame type:
  management: 70209
  control: 23750
  data: 8178

by frame subtype:
  deauthentication: 46799
  beacon: 18854
  ack: 18114
  null_data: 4281
  rts: 1966
  cts: 1802
  disassociation: 1802
  data: 1489
  block_ack: 1489
  probe_response: 1435
  qos_null: 1311
  qos_data: 1097
  probe_request: 794
  block_ack_request: 371
  action: 323
  authentication: 102
  association_request: 48
  association_response: 43
  cf_end: 8
  reassociation_request: 5
  reassociation_response: 4

unique SSIDs: 4
unique BSSIDs: 18
================================================================================

================================================================================
STATISTICS after 2160.0s
--------------------------------------------------------------------------------
total frames: 102255

by frame type:
  management: 70290
  control: 23770
  data: 8195

by frame subtype:
  deauthentication: 46799
  beacon: 18935
  ack: 18133
  null_data: 4294
  rts: 1966
  cts: 1803
  disassociation: 1802
  data: 1491
  block_ack: 1489
  probe_response: 1435
  qos_null: 1313
  qos_data: 1097
  probe_request: 794
  block_ack_request: 371
  action: 323
  authentication: 102
  association_request: 48
  association_response: 43
  cf_end: 8
  reassociation_request: 5
  reassociation_response: 4

unique SSIDs: 4
unique BSSIDs: 18
================================================================================

================================================================================
STATISTICS after 2170.0s
--------------------------------------------------------------------------------
total frames: 102378

by frame type:
  management: 70354
  control: 23798
  data: 8226

by frame subtype:
  deauthentication: 46799
  beacon: 18999
  ack: 18161
  null_data: 4308
  rts: 1966
  cts: 1803
  disassociation: 1802
  data: 1499
  block_ack: 1489
  probe_response: 1435
  qos_null: 1322
  qos_data: 1097
  probe_request: 794
  block_ack_request: 371
  action: 323
  authentication: 102
  association_request: 48
  association_response: 43
  cf_end: 8
  reassociation_request: 5
  reassociation_response: 4

unique SSIDs: 4
unique BSSIDs: 18
================================================================================

================================================================================
STATISTICS after 2180.2s
--------------------------------------------------------------------------------
total frames: 102550

by frame type:
  management: 70443
  control: 23851
  data: 8256

by frame subtype:
  deauthentication: 46799
  beacon: 19084
  ack: 18191
  null_data: 4320
  rts: 1977
  cts: 1813
  disassociation: 1802
  data: 1504
  block_ack: 1491
  probe_response: 1437
  qos_null: 1330
  qos_data: 1102
  probe_request: 796
  block_ack_request: 371
  action: 323
  authentication: 102
  association_request: 48
  association_response: 43
  cf_end: 8
  reassociation_request: 5
  reassociation_response: 4

unique SSIDs: 4
unique BSSIDs: 18
================================================================================

================================================================================
STATISTICS after 2190.2s
--------------------------------------------------------------------------------
total frames: 102701

by frame type:
  management: 70525
  control: 23888
  data: 8288

by frame subtype:
  deauthentication: 46799
  beacon: 19166
  ack: 18222
  null_data: 4335
  rts: 1979
  cts: 1815
  disassociation: 1802
  data: 1516
  block_ack: 1493
  probe_response: 1437
  qos_null: 1333
  qos_data: 1104
  probe_request: 796
  block_ack_request: 371
  action: 323
  authentication: 102
  association_request: 48
  association_response: 43
  cf_end: 8
  reassociation_request: 5
  reassociation_response: 4

unique SSIDs: 4
unique BSSIDs: 18
================================================================================

================================================================================
STATISTICS after 2200.3s
--------------------------------------------------------------------------------
total frames: 102836

by frame type:
  management: 70613
  control: 23914
  data: 8309

by frame subtype:
  deauthentication: 46799
  beacon: 19252
  ack: 18248
  null_data: 4342
  rts: 1979
  cts: 1815
  disassociation: 1802
  data: 1523
  block_ack: 1493
  probe_response: 1437
  qos_null: 1339
  qos_data: 1105
  probe_request: 796
  block_ack_request: 371
  action: 325
  authentication: 102
  association_request: 48
  association_response: 43
  cf_end: 8
  reassociation_request: 5
  reassociation_response: 4

unique SSIDs: 4
unique BSSIDs: 18
================================================================================

================================================================================
STATISTICS after 2210.3s
--------------------------------------------------------------------------------
total frames: 102980

by frame type:
  management: 70694
  control: 23943
  data: 8343

by frame subtype:
  deauthentication: 46799
  beacon: 19333
  ack: 18277
  null_data: 4367
  rts: 1979
  cts: 1815
  disassociation: 1802
  data: 1530
  block_ack: 1493
  probe_response: 1437
  qos_null: 1341
  qos_data: 1105
  probe_request: 796
  block_ack_request: 371
  action: 325
  authentication: 102
  association_request: 48
  association_response: 43
  cf_end: 8
  reassociation_request: 5
  reassociation_response: 4

unique SSIDs: 4
unique BSSIDs: 18
================================================================================

================================================================================
STATISTICS after 2220.4s
--------------------------------------------------------------------------------
total frames: 103131

by frame type:
  management: 70775
  control: 23992
  data: 8364

by frame subtype:
  deauthentication: 46799
  beacon: 19410
  ack: 18299
  null_data: 4386
  rts: 1979
  cts: 1828
  disassociation: 1802
  data: 1531
  block_ack: 1493
  probe_response: 1440
  qos_null: 1342
  qos_data: 1105
  probe_request: 797
  block_ack_request: 371
  action: 325
  authentication: 102
  association_request: 48
  association_response: 43
  cf_end: 22
  reassociation_request: 5
  reassociation_response: 4

unique SSIDs: 4
unique BSSIDs: 18
================================================================================

================================================================================
STATISTICS after 2230.5s
--------------------------------------------------------------------------------
total frames: 103261

by frame type:
  management: 70856
  control: 24012
  data: 8393

by frame subtype:
  deauthentication: 46799
  beacon: 19491
  ack: 18319
  null_data: 4411
  rts: 1979
  cts: 1828
  disassociation: 1802
  data: 1532
  block_ack: 1493
  probe_response: 1440
  qos_null: 1345
  qos_data: 1105
  probe_request: 797
  block_ack_request: 371
  action: 325
  authentication: 102
  association_request: 48
  association_response: 43
  cf_end: 22
  reassociation_request: 5
  reassociation_response: 4

unique SSIDs: 4
unique BSSIDs: 18
================================================================================

================================================================================
STATISTICS after 2240.5s
--------------------------------------------------------------------------------
total frames: 103438

by frame type:
  management: 70941
  control: 24051
  data: 8446

by frame subtype:
  deauthentication: 46799
  beacon: 19576
  ack: 18355
  null_data: 4445
  rts: 1980
  cts: 1829
  disassociation: 1802
  data: 1550
  block_ack: 1494
  probe_response: 1440
  qos_null: 1345
  qos_data: 1106
  probe_request: 797
  block_ack_request: 371
  action: 325
  authentication: 102
  association_request: 48
  association_response: 43
  cf_end: 22
  reassociation_request: 5
  reassociation_response: 4

unique SSIDs: 4
unique BSSIDs: 18
================================================================================

================================================================================
STATISTICS after 2250.5s
--------------------------------------------------------------------------------
total frames: 103562

by frame type:
  management: 71027
  control: 24072
  data: 8463

by frame subtype:
  deauthentication: 46799
  beacon: 19662
  ack: 18373
  null_data: 4458
  rts: 1981
  cts: 1830
  disassociation: 1802
  data: 1553
  block_ack: 1495
  probe_response: 1440
  qos_null: 1345
  qos_data: 1107
  probe_request: 797
  block_ack_request: 371
  action: 325
  authentication: 102
  association_request: 48
  association_response: 43
  cf_end: 22
  reassociation_request: 5
  reassociation_response: 4

unique SSIDs: 4
unique BSSIDs: 18
================================================================================

================================================================================
STATISTICS after 2260.7s
--------------------------------------------------------------------------------
total frames: 103769

by frame type:
  management: 71138
  control: 24126
  data: 8505

by frame subtype:
  deauthentication: 46799
  beacon: 19753
  ack: 18425
  null_data: 4489
  rts: 1982
  cts: 1831
  disassociation: 1802
  data: 1564
  block_ack: 1495
  probe_response: 1453
  qos_null: 1345
  qos_data: 1107
  probe_request: 802
  block_ack_request: 371
  action: 327
  authentication: 102
  association_request: 48
  association_response: 43
  cf_end: 22
  reassociation_request: 5
  reassociation_response: 4

unique SSIDs: 4
unique BSSIDs: 18
================================================================================

!!!!!!!!!!!!!!!!!!!!!!!!!!!!!!!!!!!!!!!!!!!!!!!!!!!!!!!!!!!!!!!!!!!!!!!!!!!!!!!!
[ALERT] ALERT-000149 | BEACON_FLOOD
severity: MEDIUM
time: 2026-05-16T13:48:15.407591
message: Wykryto możliwy atak Beacon Flood: 100 ramek beacon, 2 unikalnych BSSID, 2 unikalnych SSID w oknie 10s.
evidence: {'beacon_count': 100, 'unique_bssid_count': 2, 'unique_ssid_count': 2, 'window_seconds': 10, 'beacon_count_threshold': 100, 'unique_bssid_threshold': 30, 'unique_ssid_threshold': 20, 'triggered_reasons': ['high_beacon_rate'], 'sample_ssids': ['FunBox2-8124', 'TP-LINK_7122'], 'sample_bssids': ['d8:d7:75:45:81:24', 'ac:84:c6:41:71:22']}
!!!!!!!!!!!!!!!!!!!!!!!!!!!!!!!!!!!!!!!!!!!!!!!!!!!!!!!!!!!!!!!!!!!!!!!!!!!!!!!!


================================================================================
STATISTICS after 2270.7s
--------------------------------------------------------------------------------
total frames: 103972

by frame type:
  management: 71254
  control: 24177
  data: 8541

by frame subtype:
  deauthentication: 46799
  beacon: 19855
  ack: 18465
  null_data: 4511
  rts: 1986
  cts: 1837
  disassociation: 1802
  data: 1574
  block_ack: 1496
  probe_response: 1462
  qos_null: 1345
  qos_data: 1111
  probe_request: 807
  block_ack_request: 371
  action: 327
  authentication: 102
  association_request: 48
  association_response: 43
  cf_end: 22
  reassociation_request: 5
  reassociation_response: 4

unique SSIDs: 4
unique BSSIDs: 18
================================================================================

!!!!!!!!!!!!!!!!!!!!!!!!!!!!!!!!!!!!!!!!!!!!!!!!!!!!!!!!!!!!!!!!!!!!!!!!!!!!!!!!
[ALERT] ALERT-000150 | BEACON_FLOOD
severity: MEDIUM
time: 2026-05-16T13:48:25.443132
message: Wykryto możliwy atak Beacon Flood: 105 ramek beacon, 2 unikalnych BSSID, 2 unikalnych SSID w oknie 10s.
evidence: {'beacon_count': 105, 'unique_bssid_count': 2, 'unique_ssid_count': 2, 'window_seconds': 10, 'beacon_count_threshold': 100, 'unique_bssid_threshold': 30, 'unique_ssid_threshold': 20, 'triggered_reasons': ['high_beacon_rate'], 'sample_ssids': ['FunBox2-8124', 'TP-LINK_7122'], 'sample_bssids': ['d8:d7:75:45:81:24', 'ac:84:c6:41:71:22']}
!!!!!!!!!!!!!!!!!!!!!!!!!!!!!!!!!!!!!!!!!!!!!!!!!!!!!!!!!!!!!!!!!!!!!!!!!!!!!!!!


================================================================================
STATISTICS after 2280.7s
--------------------------------------------------------------------------------
total frames: 104123

by frame type:
  management: 71370
  control: 24195
  data: 8558

by frame subtype:
  deauthentication: 46799
  beacon: 19962
  ack: 18482
  null_data: 4527
  rts: 1986
  cts: 1838
  disassociation: 1802
  data: 1575
  block_ack: 1496
  probe_response: 1468
  qos_null: 1345
  qos_data: 1111
  probe_request: 810
  block_ack_request: 371
  action: 327
  authentication: 102
  association_request: 48
  association_response: 43
  cf_end: 22
  reassociation_request: 5
  reassociation_response: 4

unique SSIDs: 4
unique BSSIDs: 18
================================================================================

!!!!!!!!!!!!!!!!!!!!!!!!!!!!!!!!!!!!!!!!!!!!!!!!!!!!!!!!!!!!!!!!!!!!!!!!!!!!!!!!
[ALERT] ALERT-000151 | BEACON_FLOOD
severity: MEDIUM
time: 2026-05-16T13:48:35.478706
message: Wykryto możliwy atak Beacon Flood: 109 ramek beacon, 2 unikalnych BSSID, 2 unikalnych SSID w oknie 10s.
evidence: {'beacon_count': 109, 'unique_bssid_count': 2, 'unique_ssid_count': 2, 'window_seconds': 10, 'beacon_count_threshold': 100, 'unique_bssid_threshold': 30, 'unique_ssid_threshold': 20, 'triggered_reasons': ['high_beacon_rate'], 'sample_ssids': ['FunBox2-8124', 'TP-LINK_7122'], 'sample_bssids': ['d8:d7:75:45:81:24', 'ac:84:c6:41:71:22']}
!!!!!!!!!!!!!!!!!!!!!!!!!!!!!!!!!!!!!!!!!!!!!!!!!!!!!!!!!!!!!!!!!!!!!!!!!!!!!!!!


================================================================================
STATISTICS after 2290.8s
--------------------------------------------------------------------------------
total frames: 104312

by frame type:
  management: 71493
  control: 24231
  data: 8588

by frame subtype:
  deauthentication: 46799
  beacon: 20072
  ack: 18518
  null_data: 4547
  rts: 1986
  cts: 1838
  disassociation: 1802
  data: 1583
  block_ack: 1496
  probe_response: 1478
  qos_null: 1347
  qos_data: 1111
  probe_request: 813
  block_ack_request: 371
  action: 327
  authentication: 102
  association_request: 48
  association_response: 43
  cf_end: 22
  reassociation_request: 5
  reassociation_response: 4

unique SSIDs: 4
unique BSSIDs: 18
================================================================================

!!!!!!!!!!!!!!!!!!!!!!!!!!!!!!!!!!!!!!!!!!!!!!!!!!!!!!!!!!!!!!!!!!!!!!!!!!!!!!!!
[ALERT] ALERT-000152 | BEACON_FLOOD
severity: MEDIUM
time: 2026-05-16T13:48:45.510837
message: Wykryto możliwy atak Beacon Flood: 117 ramek beacon, 2 unikalnych BSSID, 2 unikalnych SSID w oknie 10s.
evidence: {'beacon_count': 117, 'unique_bssid_count': 2, 'unique_ssid_count': 2, 'window_seconds': 10, 'beacon_count_threshold': 100, 'unique_bssid_threshold': 30, 'unique_ssid_threshold': 20, 'triggered_reasons': ['high_beacon_rate'], 'sample_ssids': ['FunBox2-8124', 'TP-LINK_7122'], 'sample_bssids': ['d8:d7:75:45:81:24', 'ac:84:c6:41:71:22']}
!!!!!!!!!!!!!!!!!!!!!!!!!!!!!!!!!!!!!!!!!!!!!!!!!!!!!!!!!!!!!!!!!!!!!!!!!!!!!!!!


================================================================================
STATISTICS after 2300.9s
--------------------------------------------------------------------------------
total frames: 104484

by frame type:
  management: 71619
  control: 24260
  data: 8605

by frame subtype:
  deauthentication: 46799
  beacon: 20188
  ack: 18544
  null_data: 4560
  rts: 1987
  cts: 1839
  disassociation: 1802
  data: 1586
  block_ack: 1497
  probe_response: 1486
  qos_null: 1347
  qos_data: 1112
  probe_request: 815
  block_ack_request: 371
  action: 327
  authentication: 102
  association_request: 48
  association_response: 43
  cf_end: 22
  reassociation_request: 5
  reassociation_response: 4

unique SSIDs: 4
unique BSSIDs: 18
================================================================================

!!!!!!!!!!!!!!!!!!!!!!!!!!!!!!!!!!!!!!!!!!!!!!!!!!!!!!!!!!!!!!!!!!!!!!!!!!!!!!!!
[ALERT] ALERT-000153 | BEACON_FLOOD
severity: MEDIUM
time: 2026-05-16T13:48:55.539964
message: Wykryto możliwy atak Beacon Flood: 109 ramek beacon, 2 unikalnych BSSID, 2 unikalnych SSID w oknie 10s.
evidence: {'beacon_count': 109, 'unique_bssid_count': 2, 'unique_ssid_count': 2, 'window_seconds': 10, 'beacon_count_threshold': 100, 'unique_bssid_threshold': 30, 'unique_ssid_threshold': 20, 'triggered_reasons': ['high_beacon_rate'], 'sample_ssids': ['FunBox2-8124', 'TP-LINK_7122'], 'sample_bssids': ['d8:d7:75:45:81:24', 'ac:84:c6:41:71:22']}
!!!!!!!!!!!!!!!!!!!!!!!!!!!!!!!!!!!!!!!!!!!!!!!!!!!!!!!!!!!!!!!!!!!!!!!!!!!!!!!!


================================================================================
STATISTICS after 2310.9s
--------------------------------------------------------------------------------
total frames: 104676

by frame type:
  management: 71735
  control: 24304
  data: 8637

by frame subtype:
  deauthentication: 46799
  beacon: 20300
  ack: 18582
  null_data: 4583
  rts: 1989
  cts: 1841
  disassociation: 1802
  data: 1593
  block_ack: 1499
  probe_response: 1488
  qos_null: 1347
  qos_data: 1114
  probe_request: 817
  block_ack_request: 371
  action: 327
  authentication: 102
  association_request: 48
  association_response: 43
  cf_end: 22
  reassociation_request: 5
  reassociation_response: 4

unique SSIDs: 4
unique BSSIDs: 18
================================================================================

!!!!!!!!!!!!!!!!!!!!!!!!!!!!!!!!!!!!!!!!!!!!!!!!!!!!!!!!!!!!!!!!!!!!!!!!!!!!!!!!
[ALERT] ALERT-000154 | BEACON_FLOOD
severity: MEDIUM
time: 2026-05-16T13:49:05.569009
message: Wykryto możliwy atak Beacon Flood: 115 ramek beacon, 2 unikalnych BSSID, 2 unikalnych SSID w oknie 10s.
evidence: {'beacon_count': 115, 'unique_bssid_count': 2, 'unique_ssid_count': 2, 'window_seconds': 10, 'beacon_count_threshold': 100, 'unique_bssid_threshold': 30, 'unique_ssid_threshold': 20, 'triggered_reasons': ['high_beacon_rate'], 'sample_ssids': ['FunBox2-8124', 'TP-LINK_7122'], 'sample_bssids': ['d8:d7:75:45:81:24', 'ac:84:c6:41:71:22']}
!!!!!!!!!!!!!!!!!!!!!!!!!!!!!!!!!!!!!!!!!!!!!!!!!!!!!!!!!!!!!!!!!!!!!!!!!!!!!!!!


================================================================================
STATISTICS after 2321.0s
--------------------------------------------------------------------------------
total frames: 104865

by frame type:
  management: 71863
  control: 24338
  data: 8664

by frame subtype:
  deauthentication: 46799
  beacon: 20414
  ack: 18616
  null_data: 4605
  rts: 1989
  cts: 1841
  disassociation: 1802
  data: 1598
  block_ack: 1499
  probe_response: 1498
  qos_null: 1347
  qos_data: 1114
  probe_request: 819
  block_ack_request: 371
  action: 329
  authentication: 102
  association_request: 48
  association_response: 43
  cf_end: 22
  reassociation_request: 5
  reassociation_response: 4

unique SSIDs: 4
unique BSSIDs: 18
================================================================================

================================================================================
STATISTICS after 2331.0s
--------------------------------------------------------------------------------
total frames: 105004

by frame type:
  management: 71960
  control: 24362
  data: 8682

by frame subtype:
  deauthentication: 46799
  beacon: 20511
  ack: 18640
  null_data: 4618
  rts: 1989
  cts: 1841
  disassociation: 1802
  data: 1603
  block_ack: 1499
  probe_response: 1498
  qos_null: 1347
  qos_data: 1114
  probe_request: 819
  block_ack_request: 371
  action: 329
  authentication: 102
  association_request: 48
  association_response: 43
  cf_end: 22
  reassociation_request: 5
  reassociation_response: 4

unique SSIDs: 4
unique BSSIDs: 18
================================================================================

!!!!!!!!!!!!!!!!!!!!!!!!!!!!!!!!!!!!!!!!!!!!!!!!!!!!!!!!!!!!!!!!!!!!!!!!!!!!!!!!
[ALERT] ALERT-000155 | BEACON_FLOOD
severity: MEDIUM
time: 2026-05-16T13:49:17.976275
message: Wykryto możliwy atak Beacon Flood: 100 ramek beacon, 2 unikalnych BSSID, 2 unikalnych SSID w oknie 10s.
evidence: {'beacon_count': 100, 'unique_bssid_count': 2, 'unique_ssid_count': 2, 'window_seconds': 10, 'beacon_count_threshold': 100, 'unique_bssid_threshold': 30, 'unique_ssid_threshold': 20, 'triggered_reasons': ['high_beacon_rate'], 'sample_ssids': ['FunBox2-8124', 'TP-LINK_7122'], 'sample_bssids': ['d8:d7:75:45:81:24', 'ac:84:c6:41:71:22']}
!!!!!!!!!!!!!!!!!!!!!!!!!!!!!!!!!!!!!!!!!!!!!!!!!!!!!!!!!!!!!!!!!!!!!!!!!!!!!!!!


!!!!!!!!!!!!!!!!!!!!!!!!!!!!!!!!!!!!!!!!!!!!!!!!!!!!!!!!!!!!!!!!!!!!!!!!!!!!!!!!
[ALERT] ALERT-000156 | DISASSOC_FLOOD
severity: MEDIUM
time: 2026-05-16T13:49:21.287885
message: Wykryto możliwy atak Disassociation Flood: 20 ramek disassociation z adresu d8:d7:75:45:81:24 w oknie 5s.
evidence: {'source_mac': 'd8:d7:75:45:81:24', 'destination_mac': 'ff:ff:ff:ff:ff:ff', 'bssid': 'd8:d7:75:45:81:24', 'count': 20, 'threshold': 20, 'window_seconds': 5}
!!!!!!!!!!!!!!!!!!!!!!!!!!!!!!!!!!!!!!!!!!!!!!!!!!!!!!!!!!!!!!!!!!!!!!!!!!!!!!!!


!!!!!!!!!!!!!!!!!!!!!!!!!!!!!!!!!!!!!!!!!!!!!!!!!!!!!!!!!!!!!!!!!!!!!!!!!!!!!!!!
[ALERT] ALERT-000157 | DISASSOC_FLOOD
severity: CRITICAL
time: 2026-05-16T13:49:26.303524
message: Wykryto możliwy atak Disassociation Flood: 157 ramek disassociation z adresu d8:d7:75:45:81:24 w oknie 5s.
evidence: {'source_mac': 'd8:d7:75:45:81:24', 'destination_mac': 'ff:ff:ff:ff:ff:ff', 'bssid': 'd8:d7:75:45:81:24', 'count': 157, 'threshold': 20, 'window_seconds': 5}
!!!!!!!!!!!!!!!!!!!!!!!!!!!!!!!!!!!!!!!!!!!!!!!!!!!!!!!!!!!!!!!!!!!!!!!!!!!!!!!!


================================================================================
STATISTICS after 2341.1s
--------------------------------------------------------------------------------
total frames: 105501

by frame type:
  management: 72369
  control: 24444
  data: 8688

by frame subtype:
  deauthentication: 46799
  beacon: 20632
  ack: 18713
  null_data: 4618
  disassociation: 2013
  rts: 1989
  cts: 1846
  data: 1604
  probe_response: 1545
  block_ack: 1501
  qos_null: 1347
  qos_data: 1119
  probe_request: 841
  block_ack_request: 373
  action: 334
  authentication: 104
  association_request: 48
  association_response: 44
  cf_end: 22
  reassociation_request: 5
  reassociation_response: 4

unique SSIDs: 4
unique BSSIDs: 18
================================================================================

!!!!!!!!!!!!!!!!!!!!!!!!!!!!!!!!!!!!!!!!!!!!!!!!!!!!!!!!!!!!!!!!!!!!!!!!!!!!!!!!
[ALERT] ALERT-000158 | BEACON_FLOOD
severity: MEDIUM
time: 2026-05-16T13:49:27.980954
message: Wykryto możliwy atak Beacon Flood: 120 ramek beacon, 2 unikalnych BSSID, 2 unikalnych SSID w oknie 10s.
evidence: {'beacon_count': 120, 'unique_bssid_count': 2, 'unique_ssid_count': 2, 'window_seconds': 10, 'beacon_count_threshold': 100, 'unique_bssid_threshold': 30, 'unique_ssid_threshold': 20, 'triggered_reasons': ['high_beacon_rate'], 'sample_ssids': ['FunBox2-8124', 'TP-LINK_7122'], 'sample_bssids': ['d8:d7:75:45:81:24', 'ac:84:c6:41:71:22']}
!!!!!!!!!!!!!!!!!!!!!!!!!!!!!!!!!!!!!!!!!!!!!!!!!!!!!!!!!!!!!!!!!!!!!!!!!!!!!!!!


!!!!!!!!!!!!!!!!!!!!!!!!!!!!!!!!!!!!!!!!!!!!!!!!!!!!!!!!!!!!!!!!!!!!!!!!!!!!!!!!
[ALERT] ALERT-000159 | DISASSOC_FLOOD
severity: CRITICAL
time: 2026-05-16T13:49:31.371399
message: Wykryto możliwy atak Disassociation Flood: 153 ramek disassociation z adresu d8:d7:75:45:81:24 w oknie 5s.
evidence: {'source_mac': 'd8:d7:75:45:81:24', 'destination_mac': 'ff:ff:ff:ff:ff:ff', 'bssid': 'd8:d7:75:45:81:24', 'count': 153, 'threshold': 20, 'window_seconds': 5}
!!!!!!!!!!!!!!!!!!!!!!!!!!!!!!!!!!!!!!!!!!!!!!!!!!!!!!!!!!!!!!!!!!!!!!!!!!!!!!!!


!!!!!!!!!!!!!!!!!!!!!!!!!!!!!!!!!!!!!!!!!!!!!!!!!!!!!!!!!!!!!!!!!!!!!!!!!!!!!!!!
[ALERT] ALERT-000160 | DISASSOC_FLOOD
severity: CRITICAL
time: 2026-05-16T13:49:36.383178
message: Wykryto możliwy atak Disassociation Flood: 153 ramek disassociation z adresu d8:d7:75:45:81:24 w oknie 5s.
evidence: {'source_mac': 'd8:d7:75:45:81:24', 'destination_mac': 'ff:ff:ff:ff:ff:ff', 'bssid': 'd8:d7:75:45:81:24', 'count': 153, 'threshold': 20, 'window_seconds': 5}
!!!!!!!!!!!!!!!!!!!!!!!!!!!!!!!!!!!!!!!!!!!!!!!!!!!!!!!!!!!!!!!!!!!!!!!!!!!!!!!!


================================================================================
STATISTICS after 2351.1s
--------------------------------------------------------------------------------
total frames: 106153

by frame type:
  management: 72888
  control: 24560
  data: 8705

by frame subtype:
  deauthentication: 46799
  beacon: 20744
  ack: 18823
  null_data: 4621
  disassociation: 2302
  rts: 1989
  cts: 1846
  probe_response: 1614
  data: 1609
  block_ack: 1504
  qos_null: 1347
  qos_data: 1128
  probe_request: 872
  block_ack_request: 376
  action: 341
  authentication: 110
  association_request: 50
  association_response: 47
  cf_end: 22
  reassociation_request: 5
  reassociation_response: 4

unique SSIDs: 4
unique BSSIDs: 18
================================================================================

!!!!!!!!!!!!!!!!!!!!!!!!!!!!!!!!!!!!!!!!!!!!!!!!!!!!!!!!!!!!!!!!!!!!!!!!!!!!!!!!
[ALERT] ALERT-000161 | BEACON_FLOOD
severity: MEDIUM
time: 2026-05-16T13:49:38.010441
message: Wykryto możliwy atak Beacon Flood: 117 ramek beacon, 2 unikalnych BSSID, 2 unikalnych SSID w oknie 10s.
evidence: {'beacon_count': 117, 'unique_bssid_count': 2, 'unique_ssid_count': 2, 'window_seconds': 10, 'beacon_count_threshold': 100, 'unique_bssid_threshold': 30, 'unique_ssid_threshold': 20, 'triggered_reasons': ['high_beacon_rate'], 'sample_ssids': ['FunBox2-8124', 'TP-LINK_7122'], 'sample_bssids': ['d8:d7:75:45:81:24', 'ac:84:c6:41:71:22']}
!!!!!!!!!!!!!!!!!!!!!!!!!!!!!!!!!!!!!!!!!!!!!!!!!!!!!!!!!!!!!!!!!!!!!!!!!!!!!!!!


!!!!!!!!!!!!!!!!!!!!!!!!!!!!!!!!!!!!!!!!!!!!!!!!!!!!!!!!!!!!!!!!!!!!!!!!!!!!!!!!
[ALERT] ALERT-000162 | DISASSOC_FLOOD
severity: CRITICAL
time: 2026-05-16T13:49:41.439209
message: Wykryto możliwy atak Disassociation Flood: 155 ramek disassociation z adresu d8:d7:75:45:81:24 w oknie 5s.
evidence: {'source_mac': 'd8:d7:75:45:81:24', 'destination_mac': 'ff:ff:ff:ff:ff:ff', 'bssid': 'd8:d7:75:45:81:24', 'count': 155, 'threshold': 20, 'window_seconds': 5}
!!!!!!!!!!!!!!!!!!!!!!!!!!!!!!!!!!!!!!!!!!!!!!!!!!!!!!!!!!!!!!!!!!!!!!!!!!!!!!!!


!!!!!!!!!!!!!!!!!!!!!!!!!!!!!!!!!!!!!!!!!!!!!!!!!!!!!!!!!!!!!!!!!!!!!!!!!!!!!!!!
[ALERT] ALERT-000163 | DISASSOC_FLOOD
severity: CRITICAL
time: 2026-05-16T13:49:46.451189
message: Wykryto możliwy atak Disassociation Flood: 155 ramek disassociation z adresu d8:d7:75:45:81:24 w oknie 5s.
evidence: {'source_mac': 'd8:d7:75:45:81:24', 'destination_mac': 'ff:ff:ff:ff:ff:ff', 'bssid': 'd8:d7:75:45:81:24', 'count': 155, 'threshold': 20, 'window_seconds': 5}
!!!!!!!!!!!!!!!!!!!!!!!!!!!!!!!!!!!!!!!!!!!!!!!!!!!!!!!!!!!!!!!!!!!!!!!!!!!!!!!!


================================================================================
STATISTICS after 2361.1s
--------------------------------------------------------------------------------
total frames: 106819

by frame type:
  management: 73421
  control: 24660
  data: 8738

by frame subtype:
  deauthentication: 46799
  beacon: 20876
  ack: 18916
  null_data: 4623
  disassociation: 2633
  rts: 1989
  cts: 1846
  probe_response: 1642
  data: 1613
  block_ack: 1507
  qos_null: 1347
  qos_data: 1155
  probe_request: 898
  block_ack_request: 380
  action: 349
  authentication: 114
  association_request: 52
  association_response: 49
  cf_end: 22
  reassociation_request: 5
  reassociation_response: 4

unique SSIDs: 4
unique BSSIDs: 18
================================================================================

!!!!!!!!!!!!!!!!!!!!!!!!!!!!!!!!!!!!!!!!!!!!!!!!!!!!!!!!!!!!!!!!!!!!!!!!!!!!!!!!
[ALERT] ALERT-000164 | BEACON_FLOOD
severity: MEDIUM
time: 2026-05-16T13:49:48.082945
message: Wykryto możliwy atak Beacon Flood: 128 ramek beacon, 2 unikalnych BSSID, 2 unikalnych SSID w oknie 10s.
evidence: {'beacon_count': 128, 'unique_bssid_count': 2, 'unique_ssid_count': 2, 'window_seconds': 10, 'beacon_count_threshold': 100, 'unique_bssid_threshold': 30, 'unique_ssid_threshold': 20, 'triggered_reasons': ['high_beacon_rate'], 'sample_ssids': ['FunBox2-8124', 'TP-LINK_7122'], 'sample_bssids': ['d8:d7:75:45:81:24', 'ac:84:c6:41:71:22']}
!!!!!!!!!!!!!!!!!!!!!!!!!!!!!!!!!!!!!!!!!!!!!!!!!!!!!!!!!!!!!!!!!!!!!!!!!!!!!!!!


!!!!!!!!!!!!!!!!!!!!!!!!!!!!!!!!!!!!!!!!!!!!!!!!!!!!!!!!!!!!!!!!!!!!!!!!!!!!!!!!
[ALERT] ALERT-000165 | DISASSOC_FLOOD
severity: CRITICAL
time: 2026-05-16T13:49:51.491231
message: Wykryto możliwy atak Disassociation Flood: 155 ramek disassociation z adresu d8:d7:75:45:81:24 w oknie 5s.
evidence: {'source_mac': 'd8:d7:75:45:81:24', 'destination_mac': 'ff:ff:ff:ff:ff:ff', 'bssid': 'd8:d7:75:45:81:24', 'count': 155, 'threshold': 20, 'window_seconds': 5}
!!!!!!!!!!!!!!!!!!!!!!!!!!!!!!!!!!!!!!!!!!!!!!!!!!!!!!!!!!!!!!!!!!!!!!!!!!!!!!!!


!!!!!!!!!!!!!!!!!!!!!!!!!!!!!!!!!!!!!!!!!!!!!!!!!!!!!!!!!!!!!!!!!!!!!!!!!!!!!!!!
[ALERT] ALERT-000166 | DISASSOC_FLOOD
severity: CRITICAL
time: 2026-05-16T13:49:56.535162
message: Wykryto możliwy atak Disassociation Flood: 155 ramek disassociation z adresu d8:d7:75:45:81:24 w oknie 5s.
evidence: {'source_mac': 'd8:d7:75:45:81:24', 'destination_mac': 'ff:ff:ff:ff:ff:ff', 'bssid': 'd8:d7:75:45:81:24', 'count': 155, 'threshold': 20, 'window_seconds': 5}
!!!!!!!!!!!!!!!!!!!!!!!!!!!!!!!!!!!!!!!!!!!!!!!!!!!!!!!!!!!!!!!!!!!!!!!!!!!!!!!!


================================================================================
STATISTICS after 2371.1s
--------------------------------------------------------------------------------
total frames: 107495

by frame type:
  management: 73949
  control: 24780
  data: 8766

by frame subtype:
  deauthentication: 46799
  beacon: 20989
  ack: 19030
  null_data: 4634
  disassociation: 2935
  rts: 1989
  cts: 1846
  probe_response: 1697
  data: 1617
  block_ack: 1510
  qos_null: 1347
  qos_data: 1168
  probe_request: 937
  block_ack_request: 383
  action: 356
  authentication: 120
  association_request: 55
  association_response: 52
  cf_end: 22
  reassociation_request: 5
  reassociation_response: 4

unique SSIDs: 4
unique BSSIDs: 18
================================================================================

!!!!!!!!!!!!!!!!!!!!!!!!!!!!!!!!!!!!!!!!!!!!!!!!!!!!!!!!!!!!!!!!!!!!!!!!!!!!!!!!
[ALERT] ALERT-000167 | BEACON_FLOOD
severity: MEDIUM
time: 2026-05-16T13:49:58.118536
message: Wykryto możliwy atak Beacon Flood: 115 ramek beacon, 2 unikalnych BSSID, 2 unikalnych SSID w oknie 10s.
evidence: {'beacon_count': 115, 'unique_bssid_count': 2, 'unique_ssid_count': 2, 'window_seconds': 10, 'beacon_count_threshold': 100, 'unique_bssid_threshold': 30, 'unique_ssid_threshold': 20, 'triggered_reasons': ['high_beacon_rate'], 'sample_ssids': ['FunBox2-8124', 'TP-LINK_7122'], 'sample_bssids': ['d8:d7:75:45:81:24', 'ac:84:c6:41:71:22']}
!!!!!!!!!!!!!!!!!!!!!!!!!!!!!!!!!!!!!!!!!!!!!!!!!!!!!!!!!!!!!!!!!!!!!!!!!!!!!!!!


!!!!!!!!!!!!!!!!!!!!!!!!!!!!!!!!!!!!!!!!!!!!!!!!!!!!!!!!!!!!!!!!!!!!!!!!!!!!!!!!
[ALERT] ALERT-000168 | DISASSOC_FLOOD
severity: CRITICAL
time: 2026-05-16T13:50:01.595187
message: Wykryto możliwy atak Disassociation Flood: 159 ramek disassociation z adresu d8:d7:75:45:81:24 w oknie 5s.
evidence: {'source_mac': 'd8:d7:75:45:81:24', 'destination_mac': 'ff:ff:ff:ff:ff:ff', 'bssid': 'd8:d7:75:45:81:24', 'count': 159, 'threshold': 20, 'window_seconds': 5}
!!!!!!!!!!!!!!!!!!!!!!!!!!!!!!!!!!!!!!!!!!!!!!!!!!!!!!!!!!!!!!!!!!!!!!!!!!!!!!!!


!!!!!!!!!!!!!!!!!!!!!!!!!!!!!!!!!!!!!!!!!!!!!!!!!!!!!!!!!!!!!!!!!!!!!!!!!!!!!!!!
[ALERT] ALERT-000169 | DISASSOC_FLOOD
severity: CRITICAL
time: 2026-05-16T13:50:06.651290
message: Wykryto możliwy atak Disassociation Flood: 159 ramek disassociation z adresu d8:d7:75:45:81:24 w oknie 5s.
evidence: {'source_mac': 'd8:d7:75:45:81:24', 'destination_mac': 'ff:ff:ff:ff:ff:ff', 'bssid': 'd8:d7:75:45:81:24', 'count': 159, 'threshold': 20, 'window_seconds': 5}
!!!!!!!!!!!!!!!!!!!!!!!!!!!!!!!!!!!!!!!!!!!!!!!!!!!!!!!!!!!!!!!!!!!!!!!!!!!!!!!!


================================================================================
STATISTICS after 2381.1s
--------------------------------------------------------------------------------
total frames: 108152

by frame type:
  management: 74475
  control: 24895
  data: 8782

by frame subtype:
  deauthentication: 46799
  beacon: 21099
  ack: 19137
  null_data: 4641
  disassociation: 3262
  rts: 1989
  cts: 1846
  probe_response: 1743
  data: 1617
  block_ack: 1514
  qos_null: 1347
  qos_data: 1177
  probe_request: 964
  block_ack_request: 387
  action: 364
  authentication: 124
  association_request: 57
  association_response: 54
  cf_end: 22
  reassociation_request: 5
  reassociation_response: 4

unique SSIDs: 4
unique BSSIDs: 18
================================================================================

!!!!!!!!!!!!!!!!!!!!!!!!!!!!!!!!!!!!!!!!!!!!!!!!!!!!!!!!!!!!!!!!!!!!!!!!!!!!!!!!
[ALERT] ALERT-000170 | BEACON_FLOOD
severity: MEDIUM
time: 2026-05-16T13:50:08.154108
message: Wykryto możliwy atak Beacon Flood: 108 ramek beacon, 2 unikalnych BSSID, 2 unikalnych SSID w oknie 10s.
evidence: {'beacon_count': 108, 'unique_bssid_count': 2, 'unique_ssid_count': 2, 'window_seconds': 10, 'beacon_count_threshold': 100, 'unique_bssid_threshold': 30, 'unique_ssid_threshold': 20, 'triggered_reasons': ['high_beacon_rate'], 'sample_ssids': ['FunBox2-8124', 'TP-LINK_7122'], 'sample_bssids': ['d8:d7:75:45:81:24', 'ac:84:c6:41:71:22']}
!!!!!!!!!!!!!!!!!!!!!!!!!!!!!!!!!!!!!!!!!!!!!!!!!!!!!!!!!!!!!!!!!!!!!!!!!!!!!!!!


!!!!!!!!!!!!!!!!!!!!!!!!!!!!!!!!!!!!!!!!!!!!!!!!!!!!!!!!!!!!!!!!!!!!!!!!!!!!!!!!
[ALERT] ALERT-000171 | DISASSOC_FLOOD
severity: CRITICAL
time: 2026-05-16T13:50:11.671160
message: Wykryto możliwy atak Disassociation Flood: 157 ramek disassociation z adresu d8:d7:75:45:81:24 w oknie 5s.
evidence: {'source_mac': 'd8:d7:75:45:81:24', 'destination_mac': 'ff:ff:ff:ff:ff:ff', 'bssid': 'd8:d7:75:45:81:24', 'count': 157, 'threshold': 20, 'window_seconds': 5}
!!!!!!!!!!!!!!!!!!!!!!!!!!!!!!!!!!!!!!!!!!!!!!!!!!!!!!!!!!!!!!!!!!!!!!!!!!!!!!!!


!!!!!!!!!!!!!!!!!!!!!!!!!!!!!!!!!!!!!!!!!!!!!!!!!!!!!!!!!!!!!!!!!!!!!!!!!!!!!!!!
[ALERT] ALERT-000172 | DISASSOC_FLOOD
severity: CRITICAL
time: 2026-05-16T13:50:16.707193
message: Wykryto możliwy atak Disassociation Flood: 157 ramek disassociation z adresu d8:d7:75:45:81:24 w oknie 5s.
evidence: {'source_mac': 'd8:d7:75:45:81:24', 'destination_mac': 'ff:ff:ff:ff:ff:ff', 'bssid': 'd8:d7:75:45:81:24', 'count': 157, 'threshold': 20, 'window_seconds': 5}
!!!!!!!!!!!!!!!!!!!!!!!!!!!!!!!!!!!!!!!!!!!!!!!!!!!!!!!!!!!!!!!!!!!!!!!!!!!!!!!!


================================================================================
STATISTICS after 2391.1s
--------------------------------------------------------------------------------
total frames: 108908

by frame type:
  management: 75013
  control: 25072
  data: 8823

by frame subtype:
  deauthentication: 46799
  beacon: 21212
  ack: 19282
  null_data: 4652
  disassociation: 3566
  rts: 1989
  cts: 1853
  probe_response: 1804
  data: 1626
  block_ack: 1519
  qos_null: 1347
  qos_data: 1198
  probe_request: 1000
  block_ack_request: 407
  action: 372
  authentication: 132
  association_request: 59
  association_response: 56
  cf_end: 22
  reassociation_request: 7
  reassociation_response: 6

unique SSIDs: 4
unique BSSIDs: 18
================================================================================

!!!!!!!!!!!!!!!!!!!!!!!!!!!!!!!!!!!!!!!!!!!!!!!!!!!!!!!!!!!!!!!!!!!!!!!!!!!!!!!!
[ALERT] ALERT-000173 | BEACON_FLOOD
severity: MEDIUM
time: 2026-05-16T13:50:18.189637
message: Wykryto możliwy atak Beacon Flood: 117 ramek beacon, 2 unikalnych BSSID, 2 unikalnych SSID w oknie 10s.
evidence: {'beacon_count': 117, 'unique_bssid_count': 2, 'unique_ssid_count': 2, 'window_seconds': 10, 'beacon_count_threshold': 100, 'unique_bssid_threshold': 30, 'unique_ssid_threshold': 20, 'triggered_reasons': ['high_beacon_rate'], 'sample_ssids': ['FunBox2-8124', 'TP-LINK_7122'], 'sample_bssids': ['d8:d7:75:45:81:24', 'ac:84:c6:41:71:22']}
!!!!!!!!!!!!!!!!!!!!!!!!!!!!!!!!!!!!!!!!!!!!!!!!!!!!!!!!!!!!!!!!!!!!!!!!!!!!!!!!


================================================================================
STATISTICS after 2401.2s
--------------------------------------------------------------------------------
total frames: 109243

by frame type:
  management: 75243
  control: 25145
  data: 8855

by frame subtype:
  deauthentication: 46799
  beacon: 21334
  ack: 19336
  null_data: 4670
  disassociation: 3630
  rts: 1994
  cts: 1858
  probe_response: 1827
  data: 1631
  block_ack: 1526
  qos_null: 1347
  qos_data: 1207
  probe_request: 1013
  block_ack_request: 409
  action: 376
  authentication: 134
  association_request: 60
  association_response: 57
  cf_end: 22
  reassociation_request: 7
  reassociation_response: 6

unique SSIDs: 4
unique BSSIDs: 18
================================================================================

!!!!!!!!!!!!!!!!!!!!!!!!!!!!!!!!!!!!!!!!!!!!!!!!!!!!!!!!!!!!!!!!!!!!!!!!!!!!!!!!
[ALERT] ALERT-000174 | BEACON_FLOOD
severity: MEDIUM
time: 2026-05-16T13:50:28.225258
message: Wykryto możliwy atak Beacon Flood: 118 ramek beacon, 2 unikalnych BSSID, 2 unikalnych SSID w oknie 10s.
evidence: {'beacon_count': 118, 'unique_bssid_count': 2, 'unique_ssid_count': 2, 'window_seconds': 10, 'beacon_count_threshold': 100, 'unique_bssid_threshold': 30, 'unique_ssid_threshold': 20, 'triggered_reasons': ['high_beacon_rate'], 'sample_ssids': ['FunBox2-8124', 'TP-LINK_7122'], 'sample_bssids': ['d8:d7:75:45:81:24', 'ac:84:c6:41:71:22']}
!!!!!!!!!!!!!!!!!!!!!!!!!!!!!!!!!!!!!!!!!!!!!!!!!!!!!!!!!!!!!!!!!!!!!!!!!!!!!!!!


================================================================================
STATISTICS after 2411.2s
--------------------------------------------------------------------------------
total frames: 109561

by frame type:
  management: 75375
  control: 25256
  data: 8930

by frame subtype:
  deauthentication: 46799
  beacon: 21466
  ack: 19385
  null_data: 4697
  disassociation: 3630
  rts: 2014
  cts: 1879
  probe_response: 1827
  data: 1657
  block_ack: 1547
  qos_null: 1348
  qos_data: 1228
  probe_request: 1013
  block_ack_request: 409
  action: 376
  authentication: 134
  association_request: 60
  association_response: 57
  cf_end: 22
  reassociation_request: 7
  reassociation_response: 6

unique SSIDs: 4
unique BSSIDs: 18
================================================================================

!!!!!!!!!!!!!!!!!!!!!!!!!!!!!!!!!!!!!!!!!!!!!!!!!!!!!!!!!!!!!!!!!!!!!!!!!!!!!!!!
[ALERT] ALERT-000175 | BEACON_FLOOD
severity: MEDIUM
time: 2026-05-16T13:50:38.260789
message: Wykryto możliwy atak Beacon Flood: 133 ramek beacon, 2 unikalnych BSSID, 2 unikalnych SSID w oknie 10s.
evidence: {'beacon_count': 133, 'unique_bssid_count': 2, 'unique_ssid_count': 2, 'window_seconds': 10, 'beacon_count_threshold': 100, 'unique_bssid_threshold': 30, 'unique_ssid_threshold': 20, 'triggered_reasons': ['high_beacon_rate'], 'sample_ssids': ['FunBox2-8124', 'TP-LINK_7122'], 'sample_bssids': ['d8:d7:75:45:81:24', 'ac:84:c6:41:71:22']}
!!!!!!!!!!!!!!!!!!!!!!!!!!!!!!!!!!!!!!!!!!!!!!!!!!!!!!!!!!!!!!!!!!!!!!!!!!!!!!!!


================================================================================
STATISTICS after 2421.2s
--------------------------------------------------------------------------------
total frames: 109778

by frame type:
  management: 75497
  control: 25311
  data: 8970

by frame subtype:
  deauthentication: 46799
  beacon: 21588
  ack: 19423
  null_data: 4719
  disassociation: 3630
  rts: 2021
  cts: 1884
  probe_response: 1827
  data: 1664
  block_ack: 1552
  qos_null: 1352
  qos_data: 1235
  probe_request: 1013
  block_ack_request: 409
  action: 376
  authentication: 134
  association_request: 60
  association_response: 57
  cf_end: 22
  reassociation_request: 7
  reassociation_response: 6

unique SSIDs: 4
unique BSSIDs: 18
================================================================================

!!!!!!!!!!!!!!!!!!!!!!!!!!!!!!!!!!!!!!!!!!!!!!!!!!!!!!!!!!!!!!!!!!!!!!!!!!!!!!!!
[ALERT] ALERT-000176 | BEACON_FLOOD
severity: MEDIUM
time: 2026-05-16T13:50:48.296409
message: Wykryto możliwy atak Beacon Flood: 119 ramek beacon, 2 unikalnych BSSID, 2 unikalnych SSID w oknie 10s.
evidence: {'beacon_count': 119, 'unique_bssid_count': 2, 'unique_ssid_count': 2, 'window_seconds': 10, 'beacon_count_threshold': 100, 'unique_bssid_threshold': 30, 'unique_ssid_threshold': 20, 'triggered_reasons': ['high_beacon_rate'], 'sample_ssids': ['FunBox2-8124', 'TP-LINK_7122'], 'sample_bssids': ['d8:d7:75:45:81:24', 'ac:84:c6:41:71:22']}
!!!!!!!!!!!!!!!!!!!!!!!!!!!!!!!!!!!!!!!!!!!!!!!!!!!!!!!!!!!!!!!!!!!!!!!!!!!!!!!!


================================================================================
STATISTICS after 2431.3s
--------------------------------------------------------------------------------
total frames: 109967

by frame type:
  management: 75618
  control: 25349
  data: 9000

by frame subtype:
  deauthentication: 46799
  beacon: 21709
  ack: 19455
  null_data: 4742
  disassociation: 3630
  rts: 2023
  cts: 1886
  probe_response: 1827
  data: 1669
  block_ack: 1554
  qos_null: 1352
  qos_data: 1237
  probe_request: 1013
  block_ack_request: 409
  action: 376
  authentication: 134
  association_request: 60
  association_response: 57
  cf_end: 22
  reassociation_request: 7
  reassociation_response: 6

unique SSIDs: 4
unique BSSIDs: 18
================================================================================

!!!!!!!!!!!!!!!!!!!!!!!!!!!!!!!!!!!!!!!!!!!!!!!!!!!!!!!!!!!!!!!!!!!!!!!!!!!!!!!!
[ALERT] ALERT-000177 | BEACON_FLOOD
severity: MEDIUM
time: 2026-05-16T13:50:58.331929
message: Wykryto możliwy atak Beacon Flood: 121 ramek beacon, 2 unikalnych BSSID, 2 unikalnych SSID w oknie 10s.
evidence: {'beacon_count': 121, 'unique_bssid_count': 2, 'unique_ssid_count': 2, 'window_seconds': 10, 'beacon_count_threshold': 100, 'unique_bssid_threshold': 30, 'unique_ssid_threshold': 20, 'triggered_reasons': ['high_beacon_rate'], 'sample_ssids': ['FunBox2-8124', 'TP-LINK_7122'], 'sample_bssids': ['d8:d7:75:45:81:24', 'ac:84:c6:41:71:22']}
!!!!!!!!!!!!!!!!!!!!!!!!!!!!!!!!!!!!!!!!!!!!!!!!!!!!!!!!!!!!!!!!!!!!!!!!!!!!!!!!


================================================================================
STATISTICS after 2441.3s
--------------------------------------------------------------------------------
total frames: 110157

by frame type:
  management: 75743
  control: 25386
  data: 9028

by frame subtype:
  deauthentication: 46799
  beacon: 21833
  ack: 19487
  null_data: 4764
  disassociation: 3630
  rts: 2025
  cts: 1888
  probe_response: 1827
  data: 1673
  block_ack: 1555
  qos_null: 1352
  qos_data: 1239
  probe_request: 1013
  block_ack_request: 409
  action: 377
  authentication: 134
  association_request: 60
  association_response: 57
  cf_end: 22
  reassociation_request: 7
  reassociation_response: 6

unique SSIDs: 4
unique BSSIDs: 18
================================================================================

!!!!!!!!!!!!!!!!!!!!!!!!!!!!!!!!!!!!!!!!!!!!!!!!!!!!!!!!!!!!!!!!!!!!!!!!!!!!!!!!
[ALERT] ALERT-000178 | BEACON_FLOOD
severity: MEDIUM
time: 2026-05-16T13:51:08.367602
message: Wykryto możliwy atak Beacon Flood: 124 ramek beacon, 2 unikalnych BSSID, 2 unikalnych SSID w oknie 10s.
evidence: {'beacon_count': 124, 'unique_bssid_count': 2, 'unique_ssid_count': 2, 'window_seconds': 10, 'beacon_count_threshold': 100, 'unique_bssid_threshold': 30, 'unique_ssid_threshold': 20, 'triggered_reasons': ['high_beacon_rate'], 'sample_ssids': ['FunBox2-8124', 'TP-LINK_7122'], 'sample_bssids': ['d8:d7:75:45:81:24', 'ac:84:c6:41:71:22']}
!!!!!!!!!!!!!!!!!!!!!!!!!!!!!!!!!!!!!!!!!!!!!!!!!!!!!!!!!!!!!!!!!!!!!!!!!!!!!!!!


================================================================================
STATISTICS after 2451.3s
--------------------------------------------------------------------------------
total frames: 110332

by frame type:
  management: 75871
  control: 25411
  data: 9050

by frame subtype:
  deauthentication: 46799
  beacon: 21961
  ack: 19512
  null_data: 4780
  disassociation: 3630
  rts: 2025
  cts: 1888
  probe_response: 1827
  data: 1679
  block_ack: 1555
  qos_null: 1352
  qos_data: 1239
  probe_request: 1013
  block_ack_request: 409
  action: 377
  authentication: 134
  association_request: 60
  association_response: 57
  cf_end: 22
  reassociation_request: 7
  reassociation_response: 6

unique SSIDs: 4
unique BSSIDs: 18
================================================================================

!!!!!!!!!!!!!!!!!!!!!!!!!!!!!!!!!!!!!!!!!!!!!!!!!!!!!!!!!!!!!!!!!!!!!!!!!!!!!!!!
[ALERT] ALERT-000179 | BEACON_FLOOD
severity: MEDIUM
time: 2026-05-16T13:51:18.403039
message: Wykryto możliwy atak Beacon Flood: 128 ramek beacon, 2 unikalnych BSSID, 2 unikalnych SSID w oknie 10s.
evidence: {'beacon_count': 128, 'unique_bssid_count': 2, 'unique_ssid_count': 2, 'window_seconds': 10, 'beacon_count_threshold': 100, 'unique_bssid_threshold': 30, 'unique_ssid_threshold': 20, 'triggered_reasons': ['high_beacon_rate'], 'sample_ssids': ['FunBox2-8124', 'TP-LINK_7122'], 'sample_bssids': ['d8:d7:75:45:81:24', 'ac:84:c6:41:71:22']}
!!!!!!!!!!!!!!!!!!!!!!!!!!!!!!!!!!!!!!!!!!!!!!!!!!!!!!!!!!!!!!!!!!!!!!!!!!!!!!!!


================================================================================
STATISTICS after 2461.4s
--------------------------------------------------------------------------------
total frames: 110568

by frame type:
  management: 75961
  control: 25489
  data: 9118

by frame subtype:
  deauthentication: 46799
  beacon: 22039
  ack: 19574
  null_data: 4804
  disassociation: 3630
  rts: 2030
  cts: 1893
  probe_response: 1837
  data: 1719
  block_ack: 1561
  qos_null: 1352
  qos_data: 1243
  probe_request: 1015
  block_ack_request: 409
  action: 377
  authentication: 134
  association_request: 60
  association_response: 57
  cf_end: 22
  reassociation_request: 7
  reassociation_response: 6

unique SSIDs: 4
unique BSSIDs: 19
================================================================================

!!!!!!!!!!!!!!!!!!!!!!!!!!!!!!!!!!!!!!!!!!!!!!!!!!!!!!!!!!!!!!!!!!!!!!!!!!!!!!!!
[ALERT] ALERT-000180 | BEACON_FLOOD
severity: MEDIUM
time: 2026-05-16T13:51:30.793897
message: Wykryto możliwy atak Beacon Flood: 100 ramek beacon, 2 unikalnych BSSID, 2 unikalnych SSID w oknie 10s.
evidence: {'beacon_count': 100, 'unique_bssid_count': 2, 'unique_ssid_count': 2, 'window_seconds': 10, 'beacon_count_threshold': 100, 'unique_bssid_threshold': 30, 'unique_ssid_threshold': 20, 'triggered_reasons': ['high_beacon_rate'], 'sample_ssids': ['FunBox2-8124', 'TP-LINK_7122'], 'sample_bssids': ['d8:d7:75:45:81:24', 'ac:84:c6:41:71:22']}
!!!!!!!!!!!!!!!!!!!!!!!!!!!!!!!!!!!!!!!!!!!!!!!!!!!!!!!!!!!!!!!!!!!!!!!!!!!!!!!!


================================================================================
STATISTICS after 2471.4s
--------------------------------------------------------------------------------
total frames: 110779

by frame type:
  management: 76085
  control: 25539
  data: 9155

by frame subtype:
  deauthentication: 46799
  beacon: 22163
  ack: 19618
  null_data: 4827
  disassociation: 3630
  rts: 2032
  cts: 1895
  probe_response: 1837
  data: 1728
  block_ack: 1563
  qos_null: 1355
  qos_data: 1245
  probe_request: 1015
  block_ack_request: 409
  action: 377
  authentication: 134
  association_request: 60
  association_response: 57
  cf_end: 22
  reassociation_request: 7
  reassociation_response: 6

unique SSIDs: 4
unique BSSIDs: 19
================================================================================

!!!!!!!!!!!!!!!!!!!!!!!!!!!!!!!!!!!!!!!!!!!!!!!!!!!!!!!!!!!!!!!!!!!!!!!!!!!!!!!!
[ALERT] ALERT-000181 | BEACON_FLOOD
severity: MEDIUM
time: 2026-05-16T13:51:40.815192
message: Wykryto możliwy atak Beacon Flood: 127 ramek beacon, 2 unikalnych BSSID, 2 unikalnych SSID w oknie 10s.
evidence: {'beacon_count': 127, 'unique_bssid_count': 2, 'unique_ssid_count': 2, 'window_seconds': 10, 'beacon_count_threshold': 100, 'unique_bssid_threshold': 30, 'unique_ssid_threshold': 20, 'triggered_reasons': ['high_beacon_rate'], 'sample_ssids': ['FunBox2-8124', 'TP-LINK_7122'], 'sample_bssids': ['d8:d7:75:45:81:24', 'ac:84:c6:41:71:22']}
!!!!!!!!!!!!!!!!!!!!!!!!!!!!!!!!!!!!!!!!!!!!!!!!!!!!!!!!!!!!!!!!!!!!!!!!!!!!!!!!


================================================================================
STATISTICS after 2481.6s
--------------------------------------------------------------------------------
total frames: 110961

by frame type:
  management: 76207
  control: 25570
  data: 9184

by frame subtype:
  deauthentication: 46799
  beacon: 22284
  ack: 19647
  null_data: 4849
  disassociation: 3630
  rts: 2033
  cts: 1895
  probe_response: 1838
  data: 1734
  block_ack: 1564
  qos_null: 1356
  qos_data: 1245
  probe_request: 1015
  block_ack_request: 409
  action: 377
  authentication: 134
  association_request: 60
  association_response: 57
  cf_end: 22
  reassociation_request: 7
  reassociation_response: 6

unique SSIDs: 4
unique BSSIDs: 19
================================================================================

!!!!!!!!!!!!!!!!!!!!!!!!!!!!!!!!!!!!!!!!!!!!!!!!!!!!!!!!!!!!!!!!!!!!!!!!!!!!!!!!
[ALERT] ALERT-000182 | BEACON_FLOOD
severity: MEDIUM
time: 2026-05-16T13:51:50.967461
message: Wykryto możliwy atak Beacon Flood: 102 ramek beacon, 2 unikalnych BSSID, 2 unikalnych SSID w oknie 10s.
evidence: {'beacon_count': 102, 'unique_bssid_count': 2, 'unique_ssid_count': 2, 'window_seconds': 10, 'beacon_count_threshold': 100, 'unique_bssid_threshold': 30, 'unique_ssid_threshold': 20, 'triggered_reasons': ['high_beacon_rate'], 'sample_ssids': ['FunBox2-8124', 'TP-LINK_7122'], 'sample_bssids': ['d8:d7:75:45:81:24', 'ac:84:c6:41:71:22']}
!!!!!!!!!!!!!!!!!!!!!!!!!!!!!!!!!!!!!!!!!!!!!!!!!!!!!!!!!!!!!!!!!!!!!!!!!!!!!!!!


================================================================================
STATISTICS after 2491.6s
--------------------------------------------------------------------------------
total frames: 111135

by frame type:
  management: 76311
  control: 25616
  data: 9208

by frame subtype:
  deauthentication: 46799
  beacon: 22384
  ack: 19689
  null_data: 4864
  disassociation: 3630
  rts: 2034
  cts: 1897
  probe_response: 1840
  data: 1742
  block_ack: 1565
  qos_null: 1356
  qos_data: 1246
  probe_request: 1017
  block_ack_request: 409
  action: 377
  authentication: 134
  association_request: 60
  association_response: 57
  cf_end: 22
  reassociation_request: 7
  reassociation_response: 6

unique SSIDs: 4
unique BSSIDs: 19
================================================================================

!!!!!!!!!!!!!!!!!!!!!!!!!!!!!!!!!!!!!!!!!!!!!!!!!!!!!!!!!!!!!!!!!!!!!!!!!!!!!!!!
[ALERT] ALERT-000183 | BEACON_FLOOD
severity: MEDIUM
time: 2026-05-16T13:52:01.003046
message: Wykryto możliwy atak Beacon Flood: 107 ramek beacon, 2 unikalnych BSSID, 2 unikalnych SSID w oknie 10s.
evidence: {'beacon_count': 107, 'unique_bssid_count': 2, 'unique_ssid_count': 2, 'window_seconds': 10, 'beacon_count_threshold': 100, 'unique_bssid_threshold': 30, 'unique_ssid_threshold': 20, 'triggered_reasons': ['high_beacon_rate'], 'sample_ssids': ['FunBox2-8124', 'TP-LINK_7122'], 'sample_bssids': ['d8:d7:75:45:81:24', 'ac:84:c6:41:71:22']}
!!!!!!!!!!!!!!!!!!!!!!!!!!!!!!!!!!!!!!!!!!!!!!!!!!!!!!!!!!!!!!!!!!!!!!!!!!!!!!!!


================================================================================
STATISTICS after 2501.6s
--------------------------------------------------------------------------------
total frames: 111297

by frame type:
  management: 76419
  control: 25645
  data: 9233

by frame subtype:
  deauthentication: 46799
  beacon: 22487
  ack: 19718
  null_data: 4883
  disassociation: 3630
  rts: 2034
  cts: 1897
  probe_response: 1844
  data: 1748
  block_ack: 1565
  qos_null: 1356
  qos_data: 1246
  probe_request: 1017
  block_ack_request: 409
  action: 378
  authentication: 134
  association_request: 60
  association_response: 57
  cf_end: 22
  reassociation_request: 7
  reassociation_response: 6

unique SSIDs: 4
unique BSSIDs: 19
================================================================================

!!!!!!!!!!!!!!!!!!!!!!!!!!!!!!!!!!!!!!!!!!!!!!!!!!!!!!!!!!!!!!!!!!!!!!!!!!!!!!!!
[ALERT] ALERT-000184 | BEACON_FLOOD
severity: MEDIUM
time: 2026-05-16T13:52:11.038576
message: Wykryto możliwy atak Beacon Flood: 104 ramek beacon, 2 unikalnych BSSID, 2 unikalnych SSID w oknie 10s.
evidence: {'beacon_count': 104, 'unique_bssid_count': 2, 'unique_ssid_count': 2, 'window_seconds': 10, 'beacon_count_threshold': 100, 'unique_bssid_threshold': 30, 'unique_ssid_threshold': 20, 'triggered_reasons': ['high_beacon_rate'], 'sample_ssids': ['FunBox2-8124', 'TP-LINK_7122'], 'sample_bssids': ['d8:d7:75:45:81:24', 'ac:84:c6:41:71:22']}
!!!!!!!!!!!!!!!!!!!!!!!!!!!!!!!!!!!!!!!!!!!!!!!!!!!!!!!!!!!!!!!!!!!!!!!!!!!!!!!!


================================================================================
STATISTICS after 2511.6s
--------------------------------------------------------------------------------
total frames: 111476

by frame type:
  management: 76532
  control: 25682
  data: 9262

by frame subtype:
  deauthentication: 46799
  beacon: 22600
  ack: 19752
  null_data: 4904
  disassociation: 3630
  rts: 2035
  cts: 1898
  probe_response: 1844
  data: 1755
  block_ack: 1566
  qos_null: 1356
  qos_data: 1247
  probe_request: 1017
  block_ack_request: 409
  action: 378
  authentication: 134
  association_request: 60
  association_response: 57
  cf_end: 22
  reassociation_request: 7
  reassociation_response: 6

unique SSIDs: 4
unique BSSIDs: 19
================================================================================

!!!!!!!!!!!!!!!!!!!!!!!!!!!!!!!!!!!!!!!!!!!!!!!!!!!!!!!!!!!!!!!!!!!!!!!!!!!!!!!!
[ALERT] ALERT-000185 | BEACON_FLOOD
severity: MEDIUM
time: 2026-05-16T13:52:21.074167
message: Wykryto możliwy atak Beacon Flood: 125 ramek beacon, 2 unikalnych BSSID, 2 unikalnych SSID w oknie 10s.
evidence: {'beacon_count': 125, 'unique_bssid_count': 2, 'unique_ssid_count': 2, 'window_seconds': 10, 'beacon_count_threshold': 100, 'unique_bssid_threshold': 30, 'unique_ssid_threshold': 20, 'triggered_reasons': ['high_beacon_rate'], 'sample_ssids': ['FunBox2-8124', 'TP-LINK_7122'], 'sample_bssids': ['d8:d7:75:45:81:24', 'ac:84:c6:41:71:22']}
!!!!!!!!!!!!!!!!!!!!!!!!!!!!!!!!!!!!!!!!!!!!!!!!!!!!!!!!!!!!!!!!!!!!!!!!!!!!!!!!


================================================================================
STATISTICS after 2521.7s
--------------------------------------------------------------------------------
total frames: 111645

by frame type:
  management: 76663
  control: 25704
  data: 9278

by frame subtype:
  deauthentication: 46799
  beacon: 22729
  ack: 19773
  null_data: 4919
  disassociation: 3630
  rts: 2035
  cts: 1899
  probe_response: 1846
  data: 1756
  block_ack: 1566
  qos_null: 1356
  qos_data: 1247
  probe_request: 1017
  block_ack_request: 409
  action: 378
  authentication: 134
  association_request: 60
  association_response: 57
  cf_end: 22
  reassociation_request: 7
  reassociation_response: 6

unique SSIDs: 4
unique BSSIDs: 19
================================================================================

!!!!!!!!!!!!!!!!!!!!!!!!!!!!!!!!!!!!!!!!!!!!!!!!!!!!!!!!!!!!!!!!!!!!!!!!!!!!!!!!
[ALERT] ALERT-000186 | BEACON_FLOOD
severity: MEDIUM
time: 2026-05-16T13:52:31.212142
message: Wykryto możliwy atak Beacon Flood: 116 ramek beacon, 2 unikalnych BSSID, 2 unikalnych SSID w oknie 10s.
evidence: {'beacon_count': 116, 'unique_bssid_count': 2, 'unique_ssid_count': 2, 'window_seconds': 10, 'beacon_count_threshold': 100, 'unique_bssid_threshold': 30, 'unique_ssid_threshold': 20, 'triggered_reasons': ['high_beacon_rate'], 'sample_ssids': ['FunBox2-8124', 'TP-LINK_7122'], 'sample_bssids': ['d8:d7:75:45:81:24', 'ac:84:c6:41:71:22']}
!!!!!!!!!!!!!!!!!!!!!!!!!!!!!!!!!!!!!!!!!!!!!!!!!!!!!!!!!!!!!!!!!!!!!!!!!!!!!!!!


================================================================================
STATISTICS after 2531.7s
--------------------------------------------------------------------------------
total frames: 111816

by frame type:
  management: 76769
  control: 25737
  data: 9310

by frame subtype:
  deauthentication: 46799
  beacon: 22830
  ack: 19806
  null_data: 4941
  disassociation: 3630
  rts: 2035
  cts: 1899
  probe_response: 1848
  data: 1765
  block_ack: 1566
  qos_null: 1357
  qos_data: 1247
  probe_request: 1020
  block_ack_request: 409
  action: 378
  authentication: 134
  association_request: 60
  association_response: 57
  cf_end: 22
  reassociation_request: 7
  reassociation_response: 6

unique SSIDs: 4
unique BSSIDs: 19
================================================================================

================================================================================
STATISTICS after 2541.7s
--------------------------------------------------------------------------------
total frames: 111959

by frame type:
  management: 76854
  control: 25773
  data: 9332

by frame subtype:
  deauthentication: 46799
  beacon: 22909
  ack: 19835
  null_data: 4955
  disassociation: 3630
  rts: 2038
  cts: 1901
  probe_response: 1850
  data: 1769
  block_ack: 1568
  qos_null: 1357
  qos_data: 1251
  probe_request: 1024
  block_ack_request: 409
  action: 378
  authentication: 134
  association_request: 60
  association_response: 57
  cf_end: 22
  reassociation_request: 7
  reassociation_response: 6

unique SSIDs: 4
unique BSSIDs: 19
================================================================================

================================================================================
STATISTICS after 2551.8s
--------------------------------------------------------------------------------
total frames: 112093

by frame type:
  management: 76944
  control: 25802
  data: 9347

by frame subtype:
  deauthentication: 46799
  beacon: 22995
  ack: 19859
  null_data: 4961
  disassociation: 3630
  rts: 2040
  cts: 1903
  probe_response: 1851
  data: 1776
  block_ack: 1569
  qos_null: 1357
  qos_data: 1253
  probe_request: 1027
  block_ack_request: 409
  action: 378
  authentication: 134
  association_request: 60
  association_response: 57
  cf_end: 22
  reassociation_request: 7
  reassociation_response: 6

unique SSIDs: 4
unique BSSIDs: 19
================================================================================

================================================================================
STATISTICS after 2561.8s
--------------------------------------------------------------------------------
total frames: 112364

by frame type:
  management: 77034
  control: 25907
  data: 9423

by frame subtype:
  deauthentication: 46799
  beacon: 23084
  ack: 19917
  null_data: 4979
  disassociation: 3630
  rts: 2056
  cts: 1919
  probe_response: 1851
  data: 1795
  block_ack: 1584
  qos_null: 1357
  qos_data: 1292
  probe_request: 1027
  block_ack_request: 409
  action: 379
  authentication: 134
  association_request: 60
  association_response: 57
  cf_end: 22
  reassociation_request: 7
  reassociation_response: 6

unique SSIDs: 4
unique BSSIDs: 19
================================================================================

!!!!!!!!!!!!!!!!!!!!!!!!!!!!!!!!!!!!!!!!!!!!!!!!!!!!!!!!!!!!!!!!!!!!!!!!!!!!!!!!
[ALERT] ALERT-000187 | BEACON_FLOOD
severity: MEDIUM
time: 2026-05-16T13:53:15.272792
message: Wykryto możliwy atak Beacon Flood: 100 ramek beacon, 2 unikalnych BSSID, 2 unikalnych SSID w oknie 10s.
evidence: {'beacon_count': 100, 'unique_bssid_count': 2, 'unique_ssid_count': 2, 'window_seconds': 10, 'beacon_count_threshold': 100, 'unique_bssid_threshold': 30, 'unique_ssid_threshold': 20, 'triggered_reasons': ['high_beacon_rate'], 'sample_ssids': ['FunBox2-8124', 'TP-LINK_7122'], 'sample_bssids': ['d8:d7:75:45:81:24', 'ac:84:c6:41:71:22']}
!!!!!!!!!!!!!!!!!!!!!!!!!!!!!!!!!!!!!!!!!!!!!!!!!!!!!!!!!!!!!!!!!!!!!!!!!!!!!!!!


================================================================================
STATISTICS after 2571.9s
--------------------------------------------------------------------------------
total frames: 112539

by frame type:
  management: 77148
  control: 25949
  data: 9442

by frame subtype:
  deauthentication: 46799
  beacon: 23198
  ack: 19956
  null_data: 4984
  disassociation: 3630
  rts: 2057
  cts: 1921
  probe_response: 1851
  data: 1805
  block_ack: 1584
  qos_null: 1357
  qos_data: 1296
  probe_request: 1027
  block_ack_request: 409
  action: 379
  authentication: 134
  association_request: 60
  association_response: 57
  cf_end: 22
  reassociation_request: 7
  reassociation_response: 6

unique SSIDs: 4
unique BSSIDs: 19
================================================================================

!!!!!!!!!!!!!!!!!!!!!!!!!!!!!!!!!!!!!!!!!!!!!!!!!!!!!!!!!!!!!!!!!!!!!!!!!!!!!!!!
[ALERT] ALERT-000188 | BEACON_FLOOD
severity: MEDIUM
time: 2026-05-16T13:53:25.281302
message: Wykryto możliwy atak Beacon Flood: 119 ramek beacon, 2 unikalnych BSSID, 2 unikalnych SSID w oknie 10s.
evidence: {'beacon_count': 119, 'unique_bssid_count': 2, 'unique_ssid_count': 2, 'window_seconds': 10, 'beacon_count_threshold': 100, 'unique_bssid_threshold': 30, 'unique_ssid_threshold': 20, 'triggered_reasons': ['high_beacon_rate'], 'sample_ssids': ['FunBox2-8124', 'TP-LINK_7122'], 'sample_bssids': ['d8:d7:75:45:81:24', 'ac:84:c6:41:71:22']}
!!!!!!!!!!!!!!!!!!!!!!!!!!!!!!!!!!!!!!!!!!!!!!!!!!!!!!!!!!!!!!!!!!!!!!!!!!!!!!!!


================================================================================
STATISTICS after 2581.9s
--------------------------------------------------------------------------------
total frames: 112685

by frame type:
  management: 77268
  control: 25970
  data: 9447

by frame subtype:
  deauthentication: 46799
  beacon: 23311
  ack: 19977
  null_data: 4988
  disassociation: 3630
  rts: 2057
  cts: 1921
  probe_response: 1856
  data: 1806
  block_ack: 1584
  qos_null: 1357
  qos_data: 1296
  probe_request: 1029
  block_ack_request: 409
  action: 379
  authentication: 134
  association_request: 60
  association_response: 57
  cf_end: 22
  reassociation_request: 7
  reassociation_response: 6

unique SSIDs: 4
unique BSSIDs: 19
================================================================================

================================================================================
STATISTICS after 2592.0s
--------------------------------------------------------------------------------
total frames: 112807

by frame type:
  management: 77354
  control: 25994
  data: 9459

by frame subtype:
  deauthentication: 46799
  beacon: 23391
  ack: 19998
  null_data: 4996
  disassociation: 3630
  rts: 2058
  cts: 1922
  probe_response: 1862
  data: 1808
  block_ack: 1585
  qos_null: 1358
  qos_data: 1297
  probe_request: 1029
  block_ack_request: 409
  action: 379
  authentication: 134
  association_request: 60
  association_response: 57
  cf_end: 22
  reassociation_request: 7
  reassociation_response: 6

unique SSIDs: 4
unique BSSIDs: 19
================================================================================

!!!!!!!!!!!!!!!!!!!!!!!!!!!!!!!!!!!!!!!!!!!!!!!!!!!!!!!!!!!!!!!!!!!!!!!!!!!!!!!!
[ALERT] ALERT-000189 | BEACON_FLOOD
severity: MEDIUM
time: 2026-05-16T13:53:45.352460
message: Wykryto możliwy atak Beacon Flood: 100 ramek beacon, 2 unikalnych BSSID, 2 unikalnych SSID w oknie 10s.
evidence: {'beacon_count': 100, 'unique_bssid_count': 2, 'unique_ssid_count': 2, 'window_seconds': 10, 'beacon_count_threshold': 100, 'unique_bssid_threshold': 30, 'unique_ssid_threshold': 20, 'triggered_reasons': ['high_beacon_rate'], 'sample_ssids': ['FunBox2-8124', 'TP-LINK_7122'], 'sample_bssids': ['d8:d7:75:45:81:24', 'ac:84:c6:41:71:22']}
!!!!!!!!!!!!!!!!!!!!!!!!!!!!!!!!!!!!!!!!!!!!!!!!!!!!!!!!!!!!!!!!!!!!!!!!!!!!!!!!


================================================================================
STATISTICS after 2602.0s
--------------------------------------------------------------------------------
total frames: 112970

by frame type:
  management: 77457
  control: 26032
  data: 9481

by frame subtype:
  deauthentication: 46799
  beacon: 23494
  ack: 20036
  null_data: 5008
  disassociation: 3630
  rts: 2058
  cts: 1922
  probe_response: 1862
  data: 1816
  block_ack: 1585
  qos_null: 1360
  qos_data: 1297
  probe_request: 1029
  block_ack_request: 409
  action: 379
  authentication: 134
  association_request: 60
  association_response: 57
  cf_end: 22
  reassociation_request: 7
  reassociation_response: 6

unique SSIDs: 4
unique BSSIDs: 19
================================================================================

!!!!!!!!!!!!!!!!!!!!!!!!!!!!!!!!!!!!!!!!!!!!!!!!!!!!!!!!!!!!!!!!!!!!!!!!!!!!!!!!
[ALERT] ALERT-000190 | BEACON_FLOOD
severity: MEDIUM
time: 2026-05-16T13:53:56.004891
message: Wykryto możliwy atak Beacon Flood: 100 ramek beacon, 2 unikalnych BSSID, 2 unikalnych SSID w oknie 10s.
evidence: {'beacon_count': 100, 'unique_bssid_count': 2, 'unique_ssid_count': 2, 'window_seconds': 10, 'beacon_count_threshold': 100, 'unique_bssid_threshold': 30, 'unique_ssid_threshold': 20, 'triggered_reasons': ['high_beacon_rate'], 'sample_ssids': ['FunBox2-8124', 'TP-LINK_7122'], 'sample_bssids': ['d8:d7:75:45:81:24', 'ac:84:c6:41:71:22']}
!!!!!!!!!!!!!!!!!!!!!!!!!!!!!!!!!!!!!!!!!!!!!!!!!!!!!!!!!!!!!!!!!!!!!!!!!!!!!!!!


================================================================================
STATISTICS after 2612.0s
--------------------------------------------------------------------------------
total frames: 113103

by frame type:
  management: 77555
  control: 26053
  data: 9495

by frame subtype:
  deauthentication: 46799
  beacon: 23592
  ack: 20054
  null_data: 5018
  disassociation: 3630
  rts: 2059
  cts: 1923
  probe_response: 1862
  data: 1819
  block_ack: 1586
  qos_null: 1360
  qos_data: 1298
  probe_request: 1029
  block_ack_request: 409
  action: 379
  authentication: 134
  association_request: 60
  association_response: 57
  cf_end: 22
  reassociation_request: 7
  reassociation_response: 6

unique SSIDs: 4
unique BSSIDs: 19
================================================================================

!!!!!!!!!!!!!!!!!!!!!!!!!!!!!!!!!!!!!!!!!!!!!!!!!!!!!!!!!!!!!!!!!!!!!!!!!!!!!!!!
[ALERT] ALERT-000191 | BEACON_FLOOD
severity: MEDIUM
time: 2026-05-16T13:54:06.858609
message: Wykryto możliwy atak Beacon Flood: 100 ramek beacon, 2 unikalnych BSSID, 2 unikalnych SSID w oknie 10s.
evidence: {'beacon_count': 100, 'unique_bssid_count': 2, 'unique_ssid_count': 2, 'window_seconds': 10, 'beacon_count_threshold': 100, 'unique_bssid_threshold': 30, 'unique_ssid_threshold': 20, 'triggered_reasons': ['high_beacon_rate'], 'sample_ssids': ['FunBox2-8124', 'TP-LINK_7122'], 'sample_bssids': ['d8:d7:75:45:81:24', 'ac:84:c6:41:71:22']}
!!!!!!!!!!!!!!!!!!!!!!!!!!!!!!!!!!!!!!!!!!!!!!!!!!!!!!!!!!!!!!!!!!!!!!!!!!!!!!!!


================================================================================
STATISTICS after 2622.2s
--------------------------------------------------------------------------------
total frames: 113256

by frame type:
  management: 77663
  control: 26081
  data: 9512

by frame subtype:
  deauthentication: 46799
  beacon: 23697
  ack: 20082
  null_data: 5032
  disassociation: 3630
  rts: 2059
  cts: 1923
  probe_response: 1864
  data: 1822
  block_ack: 1586
  qos_null: 1360
  qos_data: 1298
  probe_request: 1029
  block_ack_request: 409
  action: 380
  authentication: 134
  association_request: 60
  association_response: 57
  cf_end: 22
  reassociation_request: 7
  reassociation_response: 6

unique SSIDs: 4
unique BSSIDs: 19
================================================================================

================================================================================
STATISTICS after 2632.2s
--------------------------------------------------------------------------------
total frames: 113391

by frame type:
  management: 77761
  control: 26107
  data: 9523

by frame subtype:
  deauthentication: 46799
  beacon: 23795
  ack: 20105
  null_data: 5038
  disassociation: 3630
  rts: 2060
  cts: 1924
  probe_response: 1864
  data: 1826
  block_ack: 1587
  qos_null: 1360
  qos_data: 1299
  probe_request: 1029
  block_ack_request: 409
  action: 380
  authentication: 134
  association_request: 60
  association_response: 57
  cf_end: 22
  reassociation_request: 7
  reassociation_response: 6

unique SSIDs: 4
unique BSSIDs: 19
================================================================================

!!!!!!!!!!!!!!!!!!!!!!!!!!!!!!!!!!!!!!!!!!!!!!!!!!!!!!!!!!!!!!!!!!!!!!!!!!!!!!!!
[ALERT] ALERT-000192 | BEACON_FLOOD
severity: MEDIUM
time: 2026-05-16T13:54:22.422549
message: Wykryto możliwy atak Beacon Flood: 100 ramek beacon, 2 unikalnych BSSID, 2 unikalnych SSID w oknie 10s.
evidence: {'beacon_count': 100, 'unique_bssid_count': 2, 'unique_ssid_count': 2, 'window_seconds': 10, 'beacon_count_threshold': 100, 'unique_bssid_threshold': 30, 'unique_ssid_threshold': 20, 'triggered_reasons': ['high_beacon_rate'], 'sample_ssids': ['FunBox2-8124', 'TP-LINK_7122'], 'sample_bssids': ['d8:d7:75:45:81:24', 'ac:84:c6:41:71:22']}
!!!!!!!!!!!!!!!!!!!!!!!!!!!!!!!!!!!!!!!!!!!!!!!!!!!!!!!!!!!!!!!!!!!!!!!!!!!!!!!!


================================================================================
STATISTICS after 2642.2s
--------------------------------------------------------------------------------
total frames: 113513

by frame type:
  management: 77851
  control: 26133
  data: 9529

by frame subtype:
  deauthentication: 46799
  beacon: 23885
  ack: 20129
  null_data: 5043
  disassociation: 3630
  rts: 2060
  cts: 1926
  probe_response: 1864
  data: 1827
  block_ack: 1587
  qos_null: 1360
  qos_data: 1299
  probe_request: 1029
  block_ack_request: 409
  action: 380
  authentication: 134
  association_request: 60
  association_response: 57
  cf_end: 22
  reassociation_request: 7
  reassociation_response: 6

unique SSIDs: 4
unique BSSIDs: 19
================================================================================

!!!!!!!!!!!!!!!!!!!!!!!!!!!!!!!!!!!!!!!!!!!!!!!!!!!!!!!!!!!!!!!!!!!!!!!!!!!!!!!!
[ALERT] ALERT-000193 | BEACON_FLOOD
severity: MEDIUM
time: 2026-05-16T13:54:32.560554
message: Wykryto możliwy atak Beacon Flood: 100 ramek beacon, 2 unikalnych BSSID, 2 unikalnych SSID w oknie 10s.
evidence: {'beacon_count': 100, 'unique_bssid_count': 2, 'unique_ssid_count': 2, 'window_seconds': 10, 'beacon_count_threshold': 100, 'unique_bssid_threshold': 30, 'unique_ssid_threshold': 20, 'triggered_reasons': ['high_beacon_rate'], 'sample_ssids': ['FunBox2-8124', 'TP-LINK_7122'], 'sample_bssids': ['d8:d7:75:45:81:24', 'ac:84:c6:41:71:22']}
!!!!!!!!!!!!!!!!!!!!!!!!!!!!!!!!!!!!!!!!!!!!!!!!!!!!!!!!!!!!!!!!!!!!!!!!!!!!!!!!


================================================================================
STATISTICS after 2652.3s
--------------------------------------------------------------------------------
total frames: 113685

by frame type:
  management: 77969
  control: 26167
  data: 9549

by frame subtype:
  deauthentication: 46799
  beacon: 24003
  ack: 20163
  null_data: 5055
  disassociation: 3630
  rts: 2060
  cts: 1926
  probe_response: 1864
  data: 1834
  block_ack: 1587
  qos_null: 1361
  qos_data: 1299
  probe_request: 1029
  block_ack_request: 409
  action: 380
  authentication: 134
  association_request: 60
  association_response: 57
  cf_end: 22
  reassociation_request: 7
  reassociation_response: 6

unique SSIDs: 4
unique BSSIDs: 19
================================================================================

!!!!!!!!!!!!!!!!!!!!!!!!!!!!!!!!!!!!!!!!!!!!!!!!!!!!!!!!!!!!!!!!!!!!!!!!!!!!!!!!
[ALERT] ALERT-000194 | BEACON_FLOOD
severity: MEDIUM
time: 2026-05-16T13:54:42.596113
message: Wykryto możliwy atak Beacon Flood: 116 ramek beacon, 2 unikalnych BSSID, 2 unikalnych SSID w oknie 10s.
evidence: {'beacon_count': 116, 'unique_bssid_count': 2, 'unique_ssid_count': 2, 'window_seconds': 10, 'beacon_count_threshold': 100, 'unique_bssid_threshold': 30, 'unique_ssid_threshold': 20, 'triggered_reasons': ['high_beacon_rate'], 'sample_ssids': ['FunBox2-8124', 'TP-LINK_7122'], 'sample_bssids': ['d8:d7:75:45:81:24', 'ac:84:c6:41:71:22']}
!!!!!!!!!!!!!!!!!!!!!!!!!!!!!!!!!!!!!!!!!!!!!!!!!!!!!!!!!!!!!!!!!!!!!!!!!!!!!!!!


!!!!!!!!!!!!!!!!!!!!!!!!!!!!!!!!!!!!!!!!!!!!!!!!!!!!!!!!!!!!!!!!!!!!!!!!!!!!!!!!
[ALERT] ALERT-000195 | DISASSOC_FLOOD
severity: MEDIUM
time: 2026-05-16T13:54:47.991935
message: Wykryto możliwy atak Disassociation Flood: 20 ramek disassociation z adresu d8:d7:75:45:81:24 w oknie 5s.
evidence: {'source_mac': 'd8:d7:75:45:81:24', 'destination_mac': 'ff:ff:ff:ff:ff:ff', 'bssid': 'd8:d7:75:45:81:24', 'count': 20, 'threshold': 20, 'window_seconds': 5}
!!!!!!!!!!!!!!!!!!!!!!!!!!!!!!!!!!!!!!!!!!!!!!!!!!!!!!!!!!!!!!!!!!!!!!!!!!!!!!!!


================================================================================
STATISTICS after 2662.3s
--------------------------------------------------------------------------------
total frames: 113890

by frame type:
  management: 78126
  control: 26203
  data: 9561

by frame subtype:
  deauthentication: 46799
  beacon: 24109
  ack: 20196
  null_data: 5057
  disassociation: 3669
  rts: 2061
  cts: 1927
  probe_response: 1870
  data: 1843
  block_ack: 1588
  qos_null: 1361
  qos_data: 1300
  probe_request: 1035
  block_ack_request: 409
  action: 380
  authentication: 134
  association_request: 60
  association_response: 57
  cf_end: 22
  reassociation_request: 7
  reassociation_response: 6

unique SSIDs: 4
unique BSSIDs: 19
================================================================================

!!!!!!!!!!!!!!!!!!!!!!!!!!!!!!!!!!!!!!!!!!!!!!!!!!!!!!!!!!!!!!!!!!!!!!!!!!!!!!!!
[ALERT] ALERT-000196 | DISASSOC_FLOOD
severity: CRITICAL
time: 2026-05-16T13:54:53.041265
message: Wykryto możliwy atak Disassociation Flood: 151 ramek disassociation z adresu d8:d7:75:45:81:24 w oknie 5s.
evidence: {'source_mac': 'd8:d7:75:45:81:24', 'destination_mac': 'ff:ff:ff:ff:ff:ff', 'bssid': 'd8:d7:75:45:81:24', 'count': 151, 'threshold': 20, 'window_seconds': 5}
!!!!!!!!!!!!!!!!!!!!!!!!!!!!!!!!!!!!!!!!!!!!!!!!!!!!!!!!!!!!!!!!!!!!!!!!!!!!!!!!


!!!!!!!!!!!!!!!!!!!!!!!!!!!!!!!!!!!!!!!!!!!!!!!!!!!!!!!!!!!!!!!!!!!!!!!!!!!!!!!!
[ALERT] ALERT-000197 | DISASSOC_FLOOD
severity: CRITICAL
time: 2026-05-16T13:54:58.043172
message: Wykryto możliwy atak Disassociation Flood: 137 ramek disassociation z adresu d8:d7:75:45:81:24 w oknie 5s.
evidence: {'source_mac': 'd8:d7:75:45:81:24', 'destination_mac': 'ff:ff:ff:ff:ff:ff', 'bssid': 'd8:d7:75:45:81:24', 'count': 137, 'threshold': 20, 'window_seconds': 5}
!!!!!!!!!!!!!!!!!!!!!!!!!!!!!!!!!!!!!!!!!!!!!!!!!!!!!!!!!!!!!!!!!!!!!!!!!!!!!!!!


================================================================================
STATISTICS after 2672.3s
--------------------------------------------------------------------------------
total frames: 114503

by frame type:
  management: 78591
  control: 26322
  data: 9590

by frame subtype:
  deauthentication: 46799
  beacon: 24202
  ack: 20305
  null_data: 5073
  disassociation: 3959
  rts: 2061
  cts: 1929
  probe_response: 1902
  data: 1846
  block_ack: 1592
  qos_null: 1361
  qos_data: 1310
  probe_request: 1067
  block_ack_request: 413
  action: 388
  authentication: 138
  association_request: 62
  association_response: 59
  cf_end: 22
  reassociation_request: 8
  reassociation_response: 7

unique SSIDs: 4
unique BSSIDs: 19
================================================================================

!!!!!!!!!!!!!!!!!!!!!!!!!!!!!!!!!!!!!!!!!!!!!!!!!!!!!!!!!!!!!!!!!!!!!!!!!!!!!!!!
[ALERT] ALERT-000198 | DISASSOC_FLOOD
severity: CRITICAL
time: 2026-05-16T13:55:03.095187
message: Wykryto możliwy atak Disassociation Flood: 151 ramek disassociation z adresu d8:d7:75:45:81:24 w oknie 5s.
evidence: {'source_mac': 'd8:d7:75:45:81:24', 'destination_mac': 'ff:ff:ff:ff:ff:ff', 'bssid': 'd8:d7:75:45:81:24', 'count': 151, 'threshold': 20, 'window_seconds': 5}
!!!!!!!!!!!!!!!!!!!!!!!!!!!!!!!!!!!!!!!!!!!!!!!!!!!!!!!!!!!!!!!!!!!!!!!!!!!!!!!!


!!!!!!!!!!!!!!!!!!!!!!!!!!!!!!!!!!!!!!!!!!!!!!!!!!!!!!!!!!!!!!!!!!!!!!!!!!!!!!!!
[ALERT] ALERT-000199 | DISASSOC_FLOOD
severity: CRITICAL
time: 2026-05-16T13:55:08.099193
message: Wykryto możliwy atak Disassociation Flood: 151 ramek disassociation z adresu d8:d7:75:45:81:24 w oknie 5s.
evidence: {'source_mac': 'd8:d7:75:45:81:24', 'destination_mac': 'ff:ff:ff:ff:ff:ff', 'bssid': 'd8:d7:75:45:81:24', 'count': 151, 'threshold': 20, 'window_seconds': 5}
!!!!!!!!!!!!!!!!!!!!!!!!!!!!!!!!!!!!!!!!!!!!!!!!!!!!!!!!!!!!!!!!!!!!!!!!!!!!!!!!


================================================================================
STATISTICS after 2682.4s
--------------------------------------------------------------------------------
total frames: 115097

by frame type:
  management: 79054
  control: 26422
  data: 9621

by frame subtype:
  deauthentication: 46799
  beacon: 24294
  ack: 20400
  null_data: 5087
  disassociation: 4249
  rts: 2061
  probe_response: 1935
  cts: 1929
  data: 1846
  block_ack: 1595
  qos_null: 1361
  qos_data: 1327
  probe_request: 1098
  block_ack_request: 415
  action: 395
  authentication: 144
  association_request: 64
  association_response: 61
  cf_end: 22
  reassociation_request: 8
  reassociation_response: 7

unique SSIDs: 4
unique BSSIDs: 19
================================================================================

!!!!!!!!!!!!!!!!!!!!!!!!!!!!!!!!!!!!!!!!!!!!!!!!!!!!!!!!!!!!!!!!!!!!!!!!!!!!!!!!
[ALERT] ALERT-000200 | BEACON_FLOOD
severity: MEDIUM
time: 2026-05-16T13:55:10.095598
message: Wykryto możliwy atak Beacon Flood: 100 ramek beacon, 2 unikalnych BSSID, 2 unikalnych SSID w oknie 10s.
evidence: {'beacon_count': 100, 'unique_bssid_count': 2, 'unique_ssid_count': 2, 'window_seconds': 10, 'beacon_count_threshold': 100, 'unique_bssid_threshold': 30, 'unique_ssid_threshold': 20, 'triggered_reasons': ['high_beacon_rate'], 'sample_ssids': ['FunBox2-8124', 'TP-LINK_7122'], 'sample_bssids': ['d8:d7:75:45:81:24', 'ac:84:c6:41:71:22']}
!!!!!!!!!!!!!!!!!!!!!!!!!!!!!!!!!!!!!!!!!!!!!!!!!!!!!!!!!!!!!!!!!!!!!!!!!!!!!!!!


!!!!!!!!!!!!!!!!!!!!!!!!!!!!!!!!!!!!!!!!!!!!!!!!!!!!!!!!!!!!!!!!!!!!!!!!!!!!!!!!
[ALERT] ALERT-000201 | DISASSOC_FLOOD
severity: CRITICAL
time: 2026-05-16T13:55:13.119194
message: Wykryto możliwy atak Disassociation Flood: 151 ramek disassociation z adresu d8:d7:75:45:81:24 w oknie 5s.
evidence: {'source_mac': 'd8:d7:75:45:81:24', 'destination_mac': 'ff:ff:ff:ff:ff:ff', 'bssid': 'd8:d7:75:45:81:24', 'count': 151, 'threshold': 20, 'window_seconds': 5}
!!!!!!!!!!!!!!!!!!!!!!!!!!!!!!!!!!!!!!!!!!!!!!!!!!!!!!!!!!!!!!!!!!!!!!!!!!!!!!!!


!!!!!!!!!!!!!!!!!!!!!!!!!!!!!!!!!!!!!!!!!!!!!!!!!!!!!!!!!!!!!!!!!!!!!!!!!!!!!!!!
[ALERT] ALERT-000202 | DISASSOC_FLOOD
severity: CRITICAL
time: 2026-05-16T13:55:18.147180
message: Wykryto możliwy atak Disassociation Flood: 153 ramek disassociation z adresu d8:d7:75:45:81:24 w oknie 5s.
evidence: {'source_mac': 'd8:d7:75:45:81:24', 'destination_mac': 'ff:ff:ff:ff:ff:ff', 'bssid': 'd8:d7:75:45:81:24', 'count': 153, 'threshold': 20, 'window_seconds': 5}
!!!!!!!!!!!!!!!!!!!!!!!!!!!!!!!!!!!!!!!!!!!!!!!!!!!!!!!!!!!!!!!!!!!!!!!!!!!!!!!!


================================================================================
STATISTICS after 2692.4s
--------------------------------------------------------------------------------
total frames: 115696

by frame type:
  management: 79537
  control: 26509
  data: 9650

by frame subtype:
  deauthentication: 46799
  beacon: 24382
  ack: 20482
  null_data: 5101
  disassociation: 4570
  rts: 2061
  probe_response: 1966
  cts: 1930
  data: 1855
  block_ack: 1597
  qos_null: 1361
  qos_data: 1333
  probe_request: 1128
  block_ack_request: 417
  action: 400
  authentication: 148
  association_request: 66
  association_response: 63
  cf_end: 22
  reassociation_request: 8
  reassociation_response: 7

unique SSIDs: 4
unique BSSIDs: 19
================================================================================

!!!!!!!!!!!!!!!!!!!!!!!!!!!!!!!!!!!!!!!!!!!!!!!!!!!!!!!!!!!!!!!!!!!!!!!!!!!!!!!!
[ALERT] ALERT-000203 | DISASSOC_FLOOD
severity: CRITICAL
time: 2026-05-16T13:55:23.179254
message: Wykryto możliwy atak Disassociation Flood: 148 ramek disassociation z adresu d8:d7:75:45:81:24 w oknie 5s.
evidence: {'source_mac': 'd8:d7:75:45:81:24', 'destination_mac': 'ff:ff:ff:ff:ff:ff', 'bssid': 'd8:d7:75:45:81:24', 'count': 148, 'threshold': 20, 'window_seconds': 5}
!!!!!!!!!!!!!!!!!!!!!!!!!!!!!!!!!!!!!!!!!!!!!!!!!!!!!!!!!!!!!!!!!!!!!!!!!!!!!!!!


!!!!!!!!!!!!!!!!!!!!!!!!!!!!!!!!!!!!!!!!!!!!!!!!!!!!!!!!!!!!!!!!!!!!!!!!!!!!!!!!
[ALERT] ALERT-000204 | DISASSOC_FLOOD
severity: CRITICAL
time: 2026-05-16T13:55:28.199173
message: Wykryto możliwy atak Disassociation Flood: 149 ramek disassociation z adresu d8:d7:75:45:81:24 w oknie 5s.
evidence: {'source_mac': 'd8:d7:75:45:81:24', 'destination_mac': 'ff:ff:ff:ff:ff:ff', 'bssid': 'd8:d7:75:45:81:24', 'count': 149, 'threshold': 20, 'window_seconds': 5}
!!!!!!!!!!!!!!!!!!!!!!!!!!!!!!!!!!!!!!!!!!!!!!!!!!!!!!!!!!!!!!!!!!!!!!!!!!!!!!!!


================================================================================
STATISTICS after 2702.4s
--------------------------------------------------------------------------------
total frames: 116271

by frame type:
  management: 79981
  control: 26611
  data: 9679

by frame subtype:
  deauthentication: 46799
  beacon: 24460
  ack: 20574
  null_data: 5120
  disassociation: 4854
  rts: 2061
  probe_response: 1993
  cts: 1930
  data: 1857
  block_ack: 1602
  qos_null: 1361
  qos_data: 1341
  probe_request: 1161
  block_ack_request: 422
  action: 411
  authentication: 154
  association_request: 69
  association_response: 65
  cf_end: 22
  reassociation_request: 8
  reassociation_response: 7

unique SSIDs: 4
unique BSSIDs: 19
================================================================================

!!!!!!!!!!!!!!!!!!!!!!!!!!!!!!!!!!!!!!!!!!!!!!!!!!!!!!!!!!!!!!!!!!!!!!!!!!!!!!!!
[ALERT] ALERT-000205 | DISASSOC_FLOOD
severity: CRITICAL
time: 2026-05-16T13:55:33.227210
message: Wykryto możliwy atak Disassociation Flood: 153 ramek disassociation z adresu d8:d7:75:45:81:24 w oknie 5s.
evidence: {'source_mac': 'd8:d7:75:45:81:24', 'destination_mac': 'ff:ff:ff:ff:ff:ff', 'bssid': 'd8:d7:75:45:81:24', 'count': 153, 'threshold': 20, 'window_seconds': 5}
!!!!!!!!!!!!!!!!!!!!!!!!!!!!!!!!!!!!!!!!!!!!!!!!!!!!!!!!!!!!!!!!!!!!!!!!!!!!!!!!


!!!!!!!!!!!!!!!!!!!!!!!!!!!!!!!!!!!!!!!!!!!!!!!!!!!!!!!!!!!!!!!!!!!!!!!!!!!!!!!!
[ALERT] ALERT-000206 | DISASSOC_FLOOD
severity: CRITICAL
time: 2026-05-16T13:55:38.243257
message: Wykryto możliwy atak Disassociation Flood: 149 ramek disassociation z adresu d8:d7:75:45:81:24 w oknie 5s.
evidence: {'source_mac': 'd8:d7:75:45:81:24', 'destination_mac': 'ff:ff:ff:ff:ff:ff', 'bssid': 'd8:d7:75:45:81:24', 'count': 149, 'threshold': 20, 'window_seconds': 5}
!!!!!!!!!!!!!!!!!!!!!!!!!!!!!!!!!!!!!!!!!!!!!!!!!!!!!!!!!!!!!!!!!!!!!!!!!!!!!!!!


================================================================================
STATISTICS after 2712.5s
--------------------------------------------------------------------------------
total frames: 116873

by frame type:
  management: 80454
  control: 26691
  data: 9728

by frame subtype:
  deauthentication: 46799
  beacon: 24554
  ack: 20652
  disassociation: 5174
  null_data: 5154
  rts: 2061
  probe_response: 2019
  cts: 1930
  data: 1862
  block_ack: 1603
  qos_null: 1362
  qos_data: 1350
  probe_request: 1183
  block_ack_request: 423
  action: 414
  authentication: 158
  association_request: 71
  association_response: 67
  cf_end: 22
  reassociation_request: 8
  reassociation_response: 7

unique SSIDs: 4
unique BSSIDs: 19
================================================================================

!!!!!!!!!!!!!!!!!!!!!!!!!!!!!!!!!!!!!!!!!!!!!!!!!!!!!!!!!!!!!!!!!!!!!!!!!!!!!!!!
[ALERT] ALERT-000207 | DISASSOC_FLOOD
severity: CRITICAL
time: 2026-05-16T13:55:43.251310
message: Wykryto możliwy atak Disassociation Flood: 151 ramek disassociation z adresu d8:d7:75:45:81:24 w oknie 5s.
evidence: {'source_mac': 'd8:d7:75:45:81:24', 'destination_mac': 'ff:ff:ff:ff:ff:ff', 'bssid': 'd8:d7:75:45:81:24', 'count': 151, 'threshold': 20, 'window_seconds': 5}
!!!!!!!!!!!!!!!!!!!!!!!!!!!!!!!!!!!!!!!!!!!!!!!!!!!!!!!!!!!!!!!!!!!!!!!!!!!!!!!!


================================================================================
STATISTICS after 2722.5s
--------------------------------------------------------------------------------
total frames: 117438

by frame type:
  management: 80830
  control: 26809
  data: 9799

by frame subtype:
  deauthentication: 46799
  beacon: 24642
  ack: 20751
  disassociation: 5382
  null_data: 5192
  rts: 2069
  probe_response: 2051
  cts: 1933
  data: 1871
  block_ack: 1607
  qos_data: 1374
  qos_null: 1362
  probe_request: 1211
  block_ack_request: 427
  action: 422
  authentication: 164
  association_request: 74
  association_response: 70
  cf_end: 22
  reassociation_request: 8
  reassociation_response: 7

unique SSIDs: 4
unique BSSIDs: 19
================================================================================

================================================================================
STATISTICS after 2732.6s
--------------------------------------------------------------------------------
total frames: 117722

by frame type:
  management: 80922
  control: 26920
  data: 9880

by frame subtype:
  deauthentication: 46799
  beacon: 24734
  ack: 20791
  disassociation: 5382
  null_data: 5231
  rts: 2095
  probe_response: 2051
  cts: 1957
  data: 1890
  block_ack: 1628
  qos_data: 1397
  qos_null: 1362
  probe_request: 1211
  block_ack_request: 427
  action: 422
  authentication: 164
  association_request: 74
  association_response: 70
  cf_end: 22
  reassociation_request: 8
  reassociation_response: 7

unique SSIDs: 4
unique BSSIDs: 19
================================================================================

================================================================================
STATISTICS after 2742.6s
--------------------------------------------------------------------------------
total frames: 117887

by frame type:
  management: 81012
  control: 26964
  data: 9911

by frame subtype:
  deauthentication: 46799
  beacon: 24819
  ack: 20815
  disassociation: 5382
  null_data: 5250
  rts: 2101
  probe_response: 2056
  cts: 1964
  data: 1896
  block_ack: 1635
  qos_data: 1403
  qos_null: 1362
  probe_request: 1211
  block_ack_request: 427
  action: 422
  authentication: 164
  association_request: 74
  association_response: 70
  cf_end: 22
  reassociation_request: 8
  reassociation_response: 7

unique SSIDs: 5
unique BSSIDs: 20
================================================================================

================================================================================
STATISTICS after 2752.6s
--------------------------------------------------------------------------------
total frames: 118009

by frame type:
  management: 81091
  control: 26990
  data: 9928

by frame subtype:
  deauthentication: 46799
  beacon: 24898
  ack: 20832
  disassociation: 5382
  null_data: 5262
  rts: 2104
  probe_response: 2056
  cts: 1967
  data: 1899
  block_ack: 1638
  qos_data: 1405
  qos_null: 1362
  probe_request: 1211
  block_ack_request: 427
  action: 422
  authentication: 164
  association_request: 74
  association_response: 70
  cf_end: 22
  reassociation_request: 8
  reassociation_response: 7

unique SSIDs: 5
unique BSSIDs: 20
================================================================================

================================================================================
STATISTICS after 2762.6s
--------------------------------------------------------------------------------
total frames: 118154

by frame type:
  management: 81191
  control: 27014
  data: 9949

by frame subtype:
  deauthentication: 46799
  beacon: 24984
  ack: 20850
  disassociation: 5382
  null_data: 5280
  rts: 2106
  probe_response: 2064
  cts: 1969
  data: 1900
  block_ack: 1640
  qos_data: 1407
  qos_null: 1362
  probe_request: 1217
  block_ack_request: 427
  action: 422
  authentication: 164
  association_request: 74
  association_response: 70
  cf_end: 22
  reassociation_request: 8
  reassociation_response: 7

unique SSIDs: 5
unique BSSIDs: 20
================================================================================

================================================================================
STATISTICS after 2772.7s
--------------------------------------------------------------------------------
total frames: 118333

by frame type:
  management: 81287
  control: 27055
  data: 9991

by frame subtype:
  deauthentication: 46799
  beacon: 25073
  ack: 20891
  disassociation: 5382
  null_data: 5305
  rts: 2106
  probe_response: 2068
  cts: 1969
  data: 1916
  block_ack: 1640
  qos_data: 1407
  qos_null: 1363
  probe_request: 1220
  block_ack_request: 427
  action: 422
  authentication: 164
  association_request: 74
  association_response: 70
  cf_end: 22
  reassociation_request: 8
  reassociation_response: 7

unique SSIDs: 5
unique BSSIDs: 20
================================================================================

!!!!!!!!!!!!!!!!!!!!!!!!!!!!!!!!!!!!!!!!!!!!!!!!!!!!!!!!!!!!!!!!!!!!!!!!!!!!!!!!
[ALERT] ALERT-000208 | BEACON_FLOOD
severity: MEDIUM
time: 2026-05-16T13:56:47.119000
message: Wykryto możliwy atak Beacon Flood: 100 ramek beacon, 2 unikalnych BSSID, 2 unikalnych SSID w oknie 10s.
evidence: {'beacon_count': 100, 'unique_bssid_count': 2, 'unique_ssid_count': 2, 'window_seconds': 10, 'beacon_count_threshold': 100, 'unique_bssid_threshold': 30, 'unique_ssid_threshold': 20, 'triggered_reasons': ['high_beacon_rate'], 'sample_ssids': ['FunBox2-8124', 'TP-LINK_7122'], 'sample_bssids': ['d8:d7:75:45:81:24', 'ac:84:c6:41:71:22']}
!!!!!!!!!!!!!!!!!!!!!!!!!!!!!!!!!!!!!!!!!!!!!!!!!!!!!!!!!!!!!!!!!!!!!!!!!!!!!!!!


================================================================================
STATISTICS after 2782.7s
--------------------------------------------------------------------------------
total frames: 118471

by frame type:
  management: 81390
  control: 27069
  data: 10012

by frame subtype:
  deauthentication: 46799
  beacon: 25176
  ack: 20905
  disassociation: 5382
  null_data: 5325
  rts: 2106
  probe_response: 2068
  cts: 1969
  data: 1917
  block_ack: 1640
  qos_data: 1407
  qos_null: 1363
  probe_request: 1220
  block_ack_request: 427
  action: 422
  authentication: 164
  association_request: 74
  association_response: 70
  cf_end: 22
  reassociation_request: 8
  reassociation_response: 7

unique SSIDs: 5
unique BSSIDs: 20
================================================================================

================================================================================
STATISTICS after 2792.8s
--------------------------------------------------------------------------------
total frames: 118627

by frame type:
  management: 81471
  control: 27098
  data: 10058

by frame subtype:
  deauthentication: 46799
  beacon: 25257
  ack: 20928
  disassociation: 5382
  null_data: 5362
  rts: 2108
  probe_response: 2068
  cts: 1971
  data: 1924
  block_ack: 1642
  qos_data: 1409
  qos_null: 1363
  probe_request: 1220
  block_ack_request: 427
  action: 422
  authentication: 164
  association_request: 74
  association_response: 70
  cf_end: 22
  reassociation_request: 8
  reassociation_response: 7

unique SSIDs: 5
unique BSSIDs: 20
================================================================================

================================================================================
STATISTICS after 2802.8s
--------------------------------------------------------------------------------
total frames: 118772

by frame type:
  management: 81555
  control: 27125
  data: 10092

by frame subtype:
  deauthentication: 46799
  beacon: 25341
  ack: 20949
  null_data: 5388
  disassociation: 5382
  rts: 2110
  probe_response: 2068
  cts: 1973
  data: 1930
  block_ack: 1644
  qos_data: 1411
  qos_null: 1363
  probe_request: 1220
  block_ack_request: 427
  action: 422
  authentication: 164
  association_request: 74
  association_response: 70
  cf_end: 22
  reassociation_request: 8
  reassociation_response: 7

unique SSIDs: 5
unique BSSIDs: 20
================================================================================

================================================================================
STATISTICS after 2812.8s
--------------------------------------------------------------------------------
total frames: 118913

by frame type:
  management: 81645
  control: 27149
  data: 10119

by frame subtype:
  deauthentication: 46799
  beacon: 25421
  ack: 20973
  null_data: 5411
  disassociation: 5382
  rts: 2110
  probe_response: 2073
  cts: 1973
  data: 1934
  block_ack: 1644
  qos_data: 1411
  qos_null: 1363
  probe_request: 1222
  block_ack_request: 427
  action: 425
  authentication: 164
  association_request: 74
  association_response: 70
  cf_end: 22
  reassociation_request: 8
  reassociation_response: 7

unique SSIDs: 5
unique BSSIDs: 20
================================================================================

================================================================================
STATISTICS after 2822.9s
--------------------------------------------------------------------------------
total frames: 119044

by frame type:
  management: 81742
  control: 27167
  data: 10135

by frame subtype:
  deauthentication: 46799
  beacon: 25514
  ack: 20991
  null_data: 5426
  disassociation: 5382
  rts: 2110
  probe_response: 2075
  cts: 1973
  data: 1935
  block_ack: 1644
  qos_data: 1411
  qos_null: 1363
  probe_request: 1224
  block_ack_request: 427
  action: 425
  authentication: 164
  association_request: 74
  association_response: 70
  cf_end: 22
  reassociation_request: 8
  reassociation_response: 7

unique SSIDs: 5
unique BSSIDs: 20
================================================================================

================================================================================
STATISTICS after 2832.9s
--------------------------------------------------------------------------------
total frames: 119247

by frame type:
  management: 81827
  control: 27239
  data: 10181

by frame subtype:
  deauthentication: 46799
  beacon: 25599
  ack: 21014
  null_data: 5445
  disassociation: 5382
  rts: 2126
  probe_response: 2075
  cts: 1990
  data: 1943
  block_ack: 1660
  qos_data: 1429
  qos_null: 1364
  probe_request: 1224
  block_ack_request: 427
  action: 425
  authentication: 164
  association_request: 74
  association_response: 70
  cf_end: 22
  reassociation_request: 8
  reassociation_response: 7

unique SSIDs: 5
unique BSSIDs: 20
================================================================================

================================================================================
STATISTICS after 2843.1s
--------------------------------------------------------------------------------
total frames: 119360

by frame type:
  management: 81910
  control: 27253
  data: 10197

by frame subtype:
  deauthentication: 46799
  beacon: 25682
  ack: 21027
  null_data: 5457
  disassociation: 5382
  rts: 2126
  probe_response: 2075
  cts: 1991
  data: 1947
  block_ack: 1660
  qos_data: 1429
  qos_null: 1364
  probe_request: 1224
  block_ack_request: 427
  action: 425
  authentication: 164
  association_request: 74
  association_response: 70
  cf_end: 22
  reassociation_request: 8
  reassociation_response: 7

unique SSIDs: 5
unique BSSIDs: 20
================================================================================

================================================================================
STATISTICS after 2853.1s
--------------------------------------------------------------------------------
total frames: 119486

by frame type:
  management: 81980
  control: 27278
  data: 10228

by frame subtype:
  deauthentication: 46799
  beacon: 25752
  ack: 21047
  null_data: 5485
  disassociation: 5382
  rts: 2128
  probe_response: 2075
  cts: 1992
  data: 1948
  block_ack: 1662
  qos_data: 1431
  qos_null: 1364
  probe_request: 1224
  block_ack_request: 427
  action: 425
  authentication: 164
  association_request: 74
  association_response: 70
  cf_end: 22
  reassociation_request: 8
  reassociation_response: 7

unique SSIDs: 5
unique BSSIDs: 20
================================================================================

================================================================================
STATISTICS after 2863.1s
--------------------------------------------------------------------------------
total frames: 119625

by frame type:
  management: 82072
  control: 27309
  data: 10244

by frame subtype:
  deauthentication: 46799
  beacon: 25844
  ack: 21070
  null_data: 5497
  disassociation: 5382
  rts: 2131
  probe_response: 2075
  cts: 1995
  data: 1950
  block_ack: 1664
  qos_data: 1433
  qos_null: 1364
  probe_request: 1224
  block_ack_request: 427
  action: 425
  authentication: 164
  association_request: 74
  association_response: 70
  cf_end: 22
  reassociation_request: 8
  reassociation_response: 7

unique SSIDs: 5
unique BSSIDs: 20
================================================================================

================================================================================
STATISTICS after 2873.2s
--------------------------------------------------------------------------------
total frames: 119792

by frame type:
  management: 82175
  control: 27349
  data: 10268

by frame subtype:
  deauthentication: 46799
  beacon: 25934
  ack: 21107
  null_data: 5507
  disassociation: 5382
  rts: 2132
  probe_response: 2084
  cts: 1996
  data: 1959
  block_ack: 1665
  qos_data: 1438
  qos_null: 1364
  probe_request: 1226
  action: 427
  block_ack_request: 427
  authentication: 164
  association_request: 74
  association_response: 70
  cf_end: 22
  reassociation_request: 8
  reassociation_response: 7

unique SSIDs: 5
unique BSSIDs: 20
================================================================================

================================================================================
STATISTICS after 2883.2s
--------------------------------------------------------------------------------
total frames: 119901

by frame type:
  management: 82261
  control: 27367
  data: 10273

by frame subtype:
  deauthentication: 46799
  beacon: 26020
  ack: 21125
  null_data: 5510
  disassociation: 5382
  rts: 2132
  probe_response: 2084
  cts: 1996
  data: 1960
  block_ack: 1665
  qos_data: 1439
  qos_null: 1364
  probe_request: 1226
  action: 427
  block_ack_request: 427
  authentication: 164
  association_request: 74
  association_response: 70
  cf_end: 22
  reassociation_request: 8
  reassociation_response: 7

unique SSIDs: 5
unique BSSIDs: 20
================================================================================:52  Sending 64 directed DeAuth (code 7). STMAC: [FF:FF:FF:FF:FF:FF] [ 0|43 ACKs]13:12:52  Sending 64 directed DeAuth (code 7). STMAC: [FF:FF:FF:FF:FF:FF] [ 0|44 ACKs]13:12:52  Sending 64 directed DeAuth (code 7). STMAC: [FF:FF:FF:FF:FF:FF] [ 0|45 ACKs]13:12:52  Sending 64 directed DeAuth (code 7). STMAC: [FF:FF:FF:FF:FF:FF] [ 0|46 ACKs]13:12:52  Sending 64 directed DeAuth (code 7). STMAC: [FF:FF:FF:FF:FF:FF] [ 0|47 ACKs]13:12:52  Sending 64 directed DeAuth (code 7). STMAC: [FF:FF:FF:FF:FF:FF] [ 0|48 ACKs]13:12:52  Sending 64 directed DeAuth (code 7). STMAC: [FF:FF:FF:FF:FF:FF] [ 0|49 ACKs]13:12:52  Sending 64 directed DeAuth (code 7). STMAC: [FF:FF:FF:FF:FF:FF] [ 0|50 ACKs]13:12:52  Sending 64 directed DeAuth (code 7). STMAC: [FF:FF:FF:FF:FF:FF] [ 0|51 ACKs]13:12:52  Sending 64 directed DeAuth (code 7). STMAC: [FF:FF:FF:FF:FF:FF] [ 0|52 ACKs]13:12:52  Sending 64 directed DeAuth (code 7). STMAC: [FF:FF:FF:FF:FF:FF] [ 0|53 ACKs]13:12:52  Sending 64 directed DeAuth (code 7). STMAC: [FF:FF:FF:FF:FF:FF] [ 0|54 ACKs]13:12:52  Sending 64 directed DeAuth (code 7). STMAC: [FF:FF:FF:FF:FF:FF] [ 0|55 ACKs]13:12:52  Sending 64 directed DeAuth (code 7). STMAC: [FF:FF:FF:FF:FF:FF] [ 0|56 ACKs]13:12:52  Sending 64 directed DeAuth (code 7). STMAC: [FF:FF:FF:FF:FF:FF] [ 0|57 ACKs]13:12:52  Sending 64 directed DeAuth (code 7). STMAC: [FF:FF:FF:FF:FF:FF] [ 0|58 ACKs]13:12:52  Sending 64 directed DeAuth (code 7). STMAC: [FF:FF:FF:FF:FF:FF] [ 1|58 ACKs]13:12:52  Sending 64 directed DeAuth (code 7). STMAC: [FF:FF:FF:FF:FF:FF] [ 1|59 ACKs]13:12:52  Sending 64 directed DeAuth (code 7). STMAC: [FF:FF:FF:FF:FF:FF] [ 2|59 ACKs]13:12:52  Sending 64 directed DeAuth (code 7). STMAC: [FF:FF:FF:FF:FF:FF] [ 2|60 ACKs]13:12:52  Sending 64 directed DeAuth (code 7). STMAC: [FF:FF:FF:FF:FF:FF] [ 2|61 ACKs]13:12:52  Sending 64 directed DeAuth (code 7). STMAC: [FF:FF:FF:FF:FF:FF] [ 2|62 ACKs]13:12:52  Sending 64 directed DeAuth (code 7). STMAC: [FF:FF:FF:FF:FF:FF] [ 2|63 ACKs]13:12:52  Sending 64 directed DeAuth (code 7). STMAC: [FF:FF:FF:FF:FF:FF] [ 2|64 ACKs]
13:12:52  Sending 64 directed DeAuth (code 7). STMAC: [FF:FF:FF:FF:FF:FF] [ 0| 0 ACKs]13:12:52  Sending 64 directed DeAuth (code 7). STMAC: [FF:FF:FF:FF:FF:FF] [ 0| 1 ACKs]13:12:52  Sending 64 directed DeAuth (code 7). STMAC: [FF:FF:FF:FF:FF:FF] [ 0| 2 ACKs]13:12:52  Sending 64 directed DeAuth (code 7). STMAC: [FF:FF:FF:FF:FF:FF] [ 0| 3 ACKs]13:12:52  Sending 64 directed DeAuth (code 7). STMAC: [FF:FF:FF:FF:FF:FF] [ 0| 4 ACKs]13:12:52  Sending 64 directed DeAuth (code 7). STMAC: [FF:FF:FF:FF:FF:FF] [ 0| 5 ACKs]13:12:52  Sending 64 directed DeAuth (code 7). STMAC: [FF:FF:FF:FF:FF:FF] [ 0| 6 ACKs]13:12:52  Sending 64 directed DeAuth (code 7). STMAC: [FF:FF:FF:FF:FF:FF] [ 0| 7 ACKs]13:12:52  Sending 64 directed DeAuth (code 7). STMAC: [FF:FF:FF:FF:FF:FF] [ 0| 8 ACKs]13:12:52  Sending 64 directed DeAuth (code 7). STMAC: [FF:FF:FF:FF:FF:FF] [ 0| 9 ACKs]13:12:52  Sending 64 directed DeAuth (code 7). STMAC: [FF:FF:FF:FF:FF:FF] [ 0|10 ACKs]13:12:52  Sending 64 directed DeAuth (code 7). STMAC: [FF:FF:FF:FF:FF:FF] [ 0|11 ACKs]13:12:52  Sending 64 directed DeAuth (code 7). STMAC: [FF:FF:FF:FF:FF:FF] [ 0|12 ACKs]13:12:52  Sending 64 directed DeAuth (code 7). STMAC: [FF:FF:FF:FF:FF:FF] [ 0|13 ACKs]13:12:52  Sending 64 directed DeAuth (code 7). STMAC: [FF:FF:FF:FF:FF:FF] [ 0|14 ACKs]13:12:52  Sending 64 directed DeAuth (code 7). STMAC: [FF:FF:FF:FF:FF:FF] [ 0|15 ACKs]13:12:52  Sending 64 directed DeAuth (code 7). STMAC: [FF:FF:FF:FF:FF:FF] [ 0|16 ACKs]13:12:52  Sending 64 directed DeAuth (code 7). STMAC: [FF:FF:FF:FF:FF:FF] [ 0|17 ACKs]13:12:52  Sending 64 directed DeAuth (code 7). STMAC: [FF:FF:FF:FF:FF:FF] [ 0|18 ACKs]13:12:52  Sending 64 directed DeAuth (code 7). STMAC: [FF:FF:FF:FF:FF:FF] [ 0|19 ACKs]13:12:52  Sending 64 directed DeAuth (code 7). STMAC: [FF:FF:FF:FF:FF:FF] [ 0|20 ACKs]13:12:52  Sending 64 directed DeAuth (code 7). STMAC: [FF:FF:FF:FF:FF:FF] [ 0|21 ACKs]13:12:52  Sending 64 directed DeAuth (code 7). STMAC: [FF:FF:FF:FF:FF:FF] [ 0|22 ACKs]13:12:52  Sending 64 directed DeAuth (code 7). STMAC: [FF:FF:FF:FF:FF:FF] [ 0|23 ACKs]13:12:52  Sending 64 directed DeAuth (code 7). STMAC: [FF:FF:FF:FF:FF:FF] [ 0|24 ACKs]13:12:52  Sending 64 directed DeAuth (code 7). STMAC: [FF:FF:FF:FF:FF:FF] [ 0|25 ACKs]13:12:52  Sending 64 directed DeAuth (code 7). STMAC: [FF:FF:FF:FF:FF:FF] [ 1|25 ACKs]13:12:52  Sending 64 directed DeAuth (code 7). STMAC: [FF:FF:FF:FF:FF:FF] [ 1|26 ACKs]13:12:52  Sending 64 directed DeAuth (code 7). STMAC: [FF:FF:FF:FF:FF:FF] [ 1|27 ACKs]13:12:52  Sending 64 directed DeAuth (code 7). STMAC: [FF:FF:FF:FF:FF:FF] [ 1|28 ACKs]13:12:52  Sending 64 directed DeAuth (code 7). STMAC: [FF:FF:FF:FF:FF:FF] [ 2|28 ACKs]13:12:52  Sending 64 directed DeAuth (code 7). STMAC: [FF:FF:FF:FF:FF:FF] [ 2|29 ACKs]13:12:52  Sending 64 directed DeAuth (code 7). STMAC: [FF:FF:FF:FF:FF:FF] [ 2|30 ACKs]13:12:52  Sending 64 directed DeAuth (code 7). STMAC: [FF:FF:FF:FF:FF:FF] [ 2|31 ACKs]13:12:52  Sending 64 directed DeAuth (code 7). STMAC: [FF:FF:FF:FF:FF:FF] [ 2|32 ACKs]13:12:52  Sending 64 directed DeAuth (code 7). STMAC: [FF:FF:FF:FF:FF:FF] [ 2|33 ACKs]13:12:52  Sending 64 directed DeAuth (code 7). STMAC: [FF:FF:FF:FF:FF:FF] [ 2|34 ACKs]13:12:52  Sending 64 directed DeAuth (code 7). STMAC: [FF:FF:FF:FF:FF:FF] [ 2|35 ACKs]13:12:52  Sending 64 directed DeAuth (code 7). STMAC: [FF:FF:FF:FF:FF:FF] [ 2|36 ACKs]13:12:53  Sending 64 directed DeAuth (code 7). STMAC: [FF:FF:FF:FF:FF:FF] [ 2|37 ACKs]13:12:53  Sending 64 directed DeAuth (code 7). STMAC: [FF:FF:FF:FF:FF:FF] [ 2|38 ACKs]13:12:53  Sending 64 directed DeAuth (code 7). STMAC: [FF:FF:FF:FF:FF:FF] [ 2|39 ACKs]13:12:53  Sending 64 directed DeAuth (code 7). STMAC: [FF:FF:FF:FF:FF:FF] [ 2|40 ACKs]13:12:53  Sending 64 directed DeAuth (code 7). STMAC: [FF:FF:FF:FF:FF:FF] [ 2|41 ACKs]13:12:53  Sending 64 directed DeAuth (code 7). STMAC: [FF:FF:FF:FF:FF:FF] [ 2|42 ACKs]13:12:53  Sending 64 directed DeAuth (code 7). STMAC: [FF:FF:FF:FF:FF:FF] [ 2|43 ACKs]13:12:53  Sending 64 directed DeAuth (code 7). STMAC: [FF:FF:FF:FF:FF:FF] [ 2|44 ACKs]13:12:53  Sending 64 directed DeAuth (code 7). STMAC: [FF:FF:FF:FF:FF:FF] [ 2|45 ACKs]13:12:53  Sending 64 directed DeAuth (code 7). STMAC: [FF:FF:FF:FF:FF:FF] [ 2|46 ACKs]13:12:53  Sending 64 directed DeAuth (code 7). STMAC: [FF:FF:FF:FF:FF:FF] [ 2|47 ACKs]13:12:53  Sending 64 directed DeAuth (code 7). STMAC: [FF:FF:FF:FF:FF:FF] [ 2|48 ACKs]13:12:53  Sending 64 directed DeAuth (code 7). STMAC: [FF:FF:FF:FF:FF:FF] [ 2|49 ACKs]13:12:53  Sending 64 directed DeAuth (code 7). STMAC: [FF:FF:FF:FF:FF:FF] [ 2|50 ACKs]13:12:53  Sending 64 directed DeAuth (code 7). STMAC: [FF:FF:FF:FF:FF:FF] [ 2|51 ACKs]13:12:53  Sending 64 directed DeAuth (code 7). STMAC: [FF:FF:FF:FF:FF:FF] [ 2|52 ACKs]13:12:53  Sending 64 directed DeAuth (code 7). STMAC: [FF:FF:FF:FF:FF:FF] [ 2|53 ACKs]13:12:53  Sending 64 directed DeAuth (code 7). STMAC: [FF:FF:FF:FF:FF:FF] [ 2|54 ACKs]13:12:53  Sending 64 directed DeAuth (code 7). STMAC: [FF:FF:FF:FF:FF:FF] [ 2|55 ACKs]13:12:53  Sending 64 directed DeAuth (code 7). STMAC: [FF:FF:FF:FF:FF:FF] [ 2|56 ACKs]13:12:53  Sending 64 directed DeAuth (code 7). STMAC: [FF:FF:FF:FF:FF:FF] [ 2|57 ACKs]13:12:53  Sending 64 directed DeAuth (code 7). STMAC: [FF:FF:FF:FF:FF:FF] [ 2|58 ACKs]13:12:53  Sending 64 directed DeAuth (code 7). STMAC: [FF:FF:FF:FF:FF:FF] [ 2|59 ACKs]13:12:53  Sending 64 directed DeAuth (code 7). STMAC: [FF:FF:FF:FF:FF:FF] [ 2|60 ACKs]13:12:53  Sending 64 directed DeAuth (code 7). STMAC: [FF:FF:FF:FF:FF:FF] [ 2|61 ACKs]13:12:53  Sending 64 directed DeAuth (code 7). STMAC: [FF:FF:FF:FF:FF:FF] [ 2|62 ACKs]13:12:53  Sending 64 directed DeAuth (code 7). STMAC: [FF:FF:FF:FF:FF:FF] [ 2|63 ACKs]13:12:53  Sending 64 directed DeAuth (code 7). STMAC: [FF:FF:FF:FF:FF:FF] [ 2|64 ACKs]
13:12:53  Sending 64 directed DeAuth (code 7). STMAC: [FF:FF:FF:FF:FF:FF] [ 0| 0 ACKs]13:12:53  Sending 64 directed DeAuth (code 7). STMAC: [FF:FF:FF:FF:FF:FF] [ 0| 0 ACKs]13:12:53  Sending 64 directed DeAuth (code 7). STMAC: [FF:FF:FF:FF:FF:FF] [ 1| 0 ACKs]13:12:53  Sending 64 directed DeAuth (code 7). STMAC: [FF:FF:FF:FF:FF:FF] [ 1| 1 ACKs]13:12:53  Sending 64 directed DeAuth (code 7). STMAC: [FF:FF:FF:FF:FF:FF] [ 2| 1 ACKs]13:12:53  Sending 64 directed DeAuth (code 7). STMAC: [FF:FF:FF:FF:FF:FF] [ 2| 2 ACKs]13:12:53  Sending 64 directed DeAuth (code 7). STMAC: [FF:FF:FF:FF:FF:FF] [ 2| 2 ACKs]13:12:53  Sending 64 directed DeAuth (code 7). STMAC: [FF:FF:FF:FF:FF:FF] [ 2| 3 ACKs]13:12:53  Sending 64 directed DeAuth (code 7). STMAC: [FF:FF:FF:FF:FF:FF] [ 2| 4 ACKs]13:12:53  Sending 64 directed DeAuth (code 7). STMAC: [FF:FF:FF:FF:FF:FF] [ 2| 5 ACKs]13:12:53  Sending 64 directed DeAuth (code 7). STMAC: [FF:FF:FF:FF:FF:FF] [ 2| 6 ACKs]13:12:53  Sending 64 directed DeAuth (code 7). STMAC: [FF:FF:FF:FF:FF:FF] [ 2| 7 ACKs]13:12:53  Sending 64 directed DeAuth (code 7). STMAC: [FF:FF:FF:FF:FF:FF] [ 2| 8 ACKs]13:12:53  Sending 64 directed DeAuth (code 7). STMAC: [FF:FF:FF:FF:FF:FF] [ 2| 9 ACKs]13:12:53  Sending 64 directed DeAuth (code 7). STMAC: [FF:FF:FF:FF:FF:FF] [ 2|10 ACKs]13:12:53  Sending 64 directed DeAuth (code 7). STMAC: [FF:FF:FF:FF:FF:FF] [ 2|11 ACKs]13:12:53  Sending 64 directed DeAuth (code 7). STMAC: [FF:FF:FF:FF:FF:FF] [ 2|12 ACKs]13:12:53  Sending 64 directed DeAuth (code 7). STMAC: [FF:FF:FF:FF:FF:FF] [ 2|13 ACKs]13:12:53  Sending 64 directed DeAuth (code 7). STMAC: [FF:FF:FF:FF:FF:FF] [ 2|14 ACKs]13:12:53  Sending 64 directed DeAuth (code 7). STMAC: [FF:FF:FF:FF:FF:FF] [ 2|15 ACKs]13:12:53  Sending 64 directed DeAuth (code 7). STMAC: [FF:FF:FF:FF:FF:FF] [ 2|16 ACKs]13:12:53  Sending 64 directed DeAuth (code 7). STMAC: [FF:FF:FF:FF:FF:FF] [ 2|16 ACKs]13:12:53  Sending 64 directed DeAuth (code 7). STMAC: [FF:FF:FF:FF:FF:FF] [ 2|17 ACKs]13:12:53  Sending 64 directed DeAuth (code 7). STMAC: [FF:FF:FF:FF:FF:FF] [ 3|17 ACKs]13:12:53  Sending 64 directed DeAuth (code 7). STMAC: [FF:FF:FF:FF:FF:FF] [ 3|18 ACKs]13:12:53  Sending 64 directed DeAuth (code 7). STMAC: [FF:FF:FF:FF:FF:FF] [ 3|19 ACKs]13:12:53  Sending 64 directed DeAuth (code 7). STMAC: [FF:FF:FF:FF:FF:FF] [ 3|19 ACKs]13:12:53  Sending 64 directed DeAuth (code 7). STMAC: [FF:FF:FF:FF:FF:FF] [ 4|19 ACKs]13:12:53  Sending 64 directed DeAuth (code 7). STMAC: [FF:FF:FF:FF:FF:FF] [ 4|20 ACKs]13:12:53  Sending 64 directed DeAuth (code 7). STMAC: [FF:FF:FF:FF:FF:FF] [ 4|21 ACKs]13:12:53  Sending 64 directed DeAuth (code 7). STMAC: [FF:FF:FF:FF:FF:FF] [ 4|22 ACKs]13:12:53  Sending 64 directed DeAuth (code 7). STMAC: [FF:FF:FF:FF:FF:FF] [ 5|22 ACKs]13:12:53  Sending 64 directed DeAuth (code 7). STMAC: [FF:FF:FF:FF:FF:FF] [ 5|23 ACKs]13:12:53  Sending 64 directed DeAuth (code 7). STMAC: [FF:FF:FF:FF:FF:FF] [ 6|23 ACKs]13:12:53  Sending 64 directed DeAuth (code 7). STMAC: [FF:FF:FF:FF:FF:FF] [ 6|23 ACKs]13:12:53  Sending 64 directed DeAuth (code 7). STMAC: [FF:FF:FF:FF:FF:FF] [ 7|23 ACKs]13:12:53  Sending 64 directed DeAuth (code 7). STMAC: [FF:FF:FF:FF:FF:FF] [ 7|24 ACKs]13:12:53  Sending 64 directed DeAuth (code 7). STMAC: [FF:FF:FF:FF:FF:FF] [ 7|25 ACKs]13:12:53  Sending 64 directed DeAuth (code 7). STMAC: [FF:FF:FF:FF:FF:FF] [ 7|26 ACKs]13:12:53  Sending 64 directed DeAuth (code 7). STMAC: [FF:FF:FF:FF:FF:FF] [ 7|27 ACKs]13:12:53  Sending 64 directed DeAuth (code 7). STMAC: [FF:FF:FF:FF:FF:FF] [ 7|28 ACKs]13:12:53  Sending 64 directed DeAuth (code 7). STMAC: [FF:FF:FF:FF:FF:FF] [ 7|29 ACKs]13:12:53  Sending 64 directed DeAuth (code 7). STMAC: [FF:FF:FF:FF:FF:FF] [ 7|30 ACKs]13:12:53  Sending 64 directed DeAuth (code 7). STMAC: [FF:FF:FF:FF:FF:FF] [ 7|31 ACKs]13:12:53  Sending 64 directed DeAuth (code 7). STMAC: [FF:FF:FF:FF:FF:FF] [ 8|31 ACKs]13:12:53  Sending 64 directed DeAuth (code 7). STMAC: [FF:FF:FF:FF:FF:FF] [ 8|32 ACKs]13:12:53  Sending 64 directed DeAuth (code 7). STMAC: [FF:FF:FF:FF:FF:FF] [ 8|33 ACKs]13:12:53  Sending 64 directed DeAuth (code 7). STMAC: [FF:FF:FF:FF:FF:FF] [ 8|34 ACKs]13:12:53  Sending 64 directed DeAuth (code 7). STMAC: [FF:FF:FF:FF:FF:FF] [ 8|35 ACKs]13:12:53  Sending 64 directed DeAuth (code 7). STMAC: [FF:FF:FF:FF:FF:FF] [ 8|36 ACKs]13:12:53  Sending 64 directed DeAuth (code 7). STMAC: [FF:FF:FF:FF:FF:FF] [ 8|37 ACKs]13:12:53  Sending 64 directed DeAuth (code 7). STMAC: [FF:FF:FF:FF:FF:FF] [ 8|38 ACKs]13:12:53  Sending 64 directed DeAuth (code 7). STMAC: [FF:FF:FF:FF:FF:FF] [ 8|39 ACKs]13:12:53  Sending 64 directed DeAuth (code 7). STMAC: [FF:FF:FF:FF:FF:FF] [ 8|40 ACKs]13:12:53  Sending 64 directed DeAuth (code 7). STMAC: [FF:FF:FF:FF:FF:FF] [ 8|41 ACKs]13:12:53  Sending 64 directed DeAuth (code 7). STMAC: [FF:FF:FF:FF:FF:FF] [ 8|42 ACKs]13:12:53  Sending 64 directed DeAuth (code 7). STMAC: [FF:FF:FF:FF:FF:FF] [ 8|43 ACKs]13:12:53  Sending 64 directed DeAuth (code 7). STMAC: [FF:FF:FF:FF:FF:FF] [ 8|44 ACKs]13:12:53  Sending 64 directed DeAuth (code 7). STMAC: [FF:FF:FF:FF:FF:FF] [ 8|45 ACKs]13:12:53  Sending 64 directed DeAuth (code 7). STMAC: [FF:FF:FF:FF:FF:FF] [ 8|46 ACKs]13:12:53  Sending 64 directed DeAuth (code 7). STMAC: [FF:FF:FF:FF:FF:FF] [ 8|47 ACKs]13:12:53  Sending 64 directed DeAuth (code 7). STMAC: [FF:FF:FF:FF:FF:FF] [ 8|48 ACKs]13:12:53  Sending 64 directed DeAuth (code 7). STMAC: [FF:FF:FF:FF:FF:FF] [ 9|48 ACKs]13:12:53  Sending 64 directed DeAuth (code 7). STMAC: [FF:FF:FF:FF:FF:FF] [ 9|49 ACKs]13:12:53  Sending 64 directed DeAuth (code 7). STMAC: [FF:FF:FF:FF:FF:FF] [ 9|50 ACKs]13:12:53  Sending 64 directed DeAuth (code 7). STMAC: [FF:FF:FF:FF:FF:FF] [10|50 ACKs]13:12:53  Sending 64 directed DeAuth (code 7). STMAC: [FF:FF:FF:FF:FF:FF] [10|51 ACKs]13:12:53  Sending 64 directed DeAuth (code 7). STMAC: [FF:FF:FF:FF:FF:FF] [10|52 ACKs]13:12:53  Sending 64 directed DeAuth (code 7). STMAC: [FF:FF:FF:FF:FF:FF] [10|53 ACKs]13:12:53  Sending 64 directed DeAuth (code 7). STMAC: [FF:FF:FF:FF:FF:FF] [10|54 ACKs]13:12:53  Sending 64 directed DeAuth (code 7). STMAC: [FF:FF:FF:FF:FF:FF] [10|55 ACKs]13:12:53  Sending 64 directed DeAuth (code 7). STMAC: [FF:FF:FF:FF:FF:FF] [10|56 ACKs]13:12:53  Sending 64 directed DeAuth (code 7). STMAC: [FF:FF:FF:FF:FF:FF] [10|57 ACKs]13:12:53  Sending 64 directed DeAuth (code 7). STMAC: [FF:FF:FF:FF:FF:FF] [10|58 ACKs]13:12:53  Sending 64 directed DeAuth (code 7). STMAC: [FF:FF:FF:FF:FF:FF] [10|59 ACKs]13:12:53  Sending 64 directed DeAuth (code 7). STMAC: [FF:FF:FF:FF:FF:FF] [10|60 ACKs]13:12:53  Sending 64 directed DeAuth (code 7). STMAC: [FF:FF:FF:FF:FF:FF] [10|61 ACKs]13:12:53  Sending 64 directed DeAuth (code 7). STMAC: [FF:FF:FF:FF:FF:FF] [10|62 ACKs]13:12:53  Sending 64 directed DeAuth (code 7). STMAC: [FF:FF:FF:FF:FF:FF] [10|63 ACKs]13:12:53  Sending 64 directed DeAuth (code 7). STMAC: [FF:FF:FF:FF:FF:FF] [10|64 ACKs]
13:12:53  Sending 64 directed DeAuth (code 7). STMAC: [FF:FF:FF:FF:FF:FF] [ 0| 0 ACKs]13:12:53  Sending 64 directed DeAuth (code 7). STMAC: [FF:FF:FF:FF:FF:FF] [ 0| 1 ACKs]13:12:53  Sending 64 directed DeAuth (code 7). STMAC: [FF:FF:FF:FF:FF:FF] [ 0| 2 ACKs]13:12:53  Sending 64 directed DeAuth (code 7). STMAC: [FF:FF:FF:FF:FF:FF] [ 0| 3 ACKs]13:12:53  Sending 64 directed DeAuth (code 7). STMAC: [FF:FF:FF:FF:FF:FF] [ 0| 4 ACKs]13:12:53  Sending 64 directed DeAuth (code 7). STMAC: [FF:FF:FF:FF:FF:FF] [ 0| 5 ACKs]13:12:53  Sending 64 directed DeAuth (code 7). STMAC: [FF:FF:FF:FF:FF:FF] [ 0| 6 ACKs]13:12:53  Sending 64 directed DeAuth (code 7). STMAC: [FF:FF:FF:FF:FF:FF] [ 0| 7 ACKs]13:12:53  Sending 64 directed DeAuth (code 7). STMAC: [FF:FF:FF:FF:FF:FF] [ 0| 8 ACKs]13:12:53  Sending 64 directed DeAuth (code 7). STMAC: [FF:FF:FF:FF:FF:FF] [ 0| 9 ACKs]13:12:53  Sending 64 directed DeAuth (code 7). STMAC: [FF:FF:FF:FF:FF:FF] [ 0|10 ACKs]13:12:53  Sending 64 directed DeAuth (code 7). STMAC: [FF:FF:FF:FF:FF:FF] [ 0|11 ACKs]13:12:53  Sending 64 directed DeAuth (code 7). STMAC: [FF:FF:FF:FF:FF:FF] [ 0|12 ACKs]13:12:53  Sending 64 directed DeAuth (code 7). STMAC: [FF:FF:FF:FF:FF:FF] [ 0|13 ACKs]13:12:53  Sending 64 directed DeAuth (code 7). STMAC: [FF:FF:FF:FF:FF:FF] [ 0|14 ACKs]13:12:54  Sending 64 directed DeAuth (code 7). STMAC: [FF:FF:FF:FF:FF:FF] [ 0|15 ACKs]13:12:54  Sending 64 directed DeAuth (code 7). STMAC: [FF:FF:FF:FF:FF:FF] [ 0|16 ACKs]13:12:54  Sending 64 directed DeAuth (code 7). STMAC: [FF:FF:FF:FF:FF:FF] [ 0|17 ACKs]13:12:54  Sending 64 directed DeAuth (code 7). STMAC: [FF:FF:FF:FF:FF:FF] [ 0|18 ACKs]13:12:54  Sending 64 directed DeAuth (code 7). STMAC: [FF:FF:FF:FF:FF:FF] [ 0|19 ACKs]13:12:54  Sending 64 directed DeAuth (code 7). STMAC: [FF:FF:FF:FF:FF:FF] [ 0|20 ACKs]13:12:54  Sending 64 directed DeAuth (code 7). STMAC: [FF:FF:FF:FF:FF:FF] [ 0|21 ACKs]13:12:54  Sending 64 directed DeAuth (code 7). STMAC: [FF:FF:FF:FF:FF:FF] [ 0|22 ACKs]13:12:54  Sending 64 directed DeAuth (code 7). STMAC: [FF:FF:FF:FF:FF:FF] [ 0|23 ACKs]13:12:54  Sending 64 directed DeAuth (code 7). STMAC: [FF:FF:FF:FF:FF:FF] [ 0|24 ACKs]13:12:54  Sending 64 directed DeAuth (code 7). STMAC: [FF:FF:FF:FF:FF:FF] [ 0|25 ACKs]13:12:54  Sending 64 directed DeAuth (code 7). STMAC: [FF:FF:FF:FF:FF:FF] [ 0|26 ACKs]13:12:54  Sending 64 directed DeAuth (code 7). STMAC: [FF:FF:FF:FF:FF:FF] [ 0|27 ACKs]13:12:54  Sending 64 directed DeAuth (code 7). STMAC: [FF:FF:FF:FF:FF:FF] [ 0|28 ACKs]13:12:54  Sending 64 directed DeAuth (code 7). STMAC: [FF:FF:FF:FF:FF:FF] [ 0|29 ACKs]13:12:54  Sending 64 directed DeAuth (code 7). STMAC: [FF:FF:FF:FF:FF:FF] [ 0|30 ACKs]13:12:54  Sending 64 directed DeAuth (code 7). STMAC: [FF:FF:FF:FF:FF:FF] [ 0|31 ACKs]13:12:54  Sending 64 directed DeAuth (code 7). STMAC: [FF:FF:FF:FF:FF:FF] [ 0|32 ACKs]13:12:54  Sending 64 directed DeAuth (code 7). STMAC: [FF:FF:FF:FF:FF:FF] [ 0|33 ACKs]13:12:54  Sending 64 directed DeAuth (code 7). STMAC: [FF:FF:FF:FF:FF:FF] [ 0|34 ACKs]13:12:54  Sending 64 directed DeAuth (code 7). STMAC: [FF:FF:FF:FF:FF:FF] [ 0|35 ACKs]13:12:54  Sending 64 directed DeAuth (code 7). STMAC: [FF:FF:FF:FF:FF:FF] [ 0|36 ACKs]13:12:54  Sending 64 directed DeAuth (code 7). STMAC: [FF:FF:FF:FF:FF:FF] [ 0|37 ACKs]13:12:54  Sending 64 directed DeAuth (code 7). STMAC: [FF:FF:FF:FF:FF:FF] [ 0|38 ACKs]13:12:54  Sending 64 directed DeAuth (code 7). STMAC: [FF:FF:FF:FF:FF:FF] [ 0|39 ACKs]13:12:54  Sending 64 directed DeAuth (code 7). STMAC: [FF:FF:FF:FF:FF:FF] [ 0|40 ACKs]13:12:54  Sending 64 directed DeAuth (code 7). STMAC: [FF:FF:FF:FF:FF:FF] [ 0|41 ACKs]13:12:54  Sending 64 directed DeAuth (code 7). STMAC: [FF:FF:FF:FF:FF:FF] [ 0|42 ACKs]13:12:54  Sending 64 directed DeAuth (code 7). STMAC: [FF:FF:FF:FF:FF:FF] [ 0|43 ACKs]13:12:54  Sending 64 directed DeAuth (code 7). STMAC: [FF:FF:FF:FF:FF:FF] [ 0|44 ACKs]13:12:54  Sending 64 directed DeAuth (code 7). STMAC: [FF:FF:FF:FF:FF:FF] [ 0|45 ACKs]13:12:54  Sending 64 directed DeAuth (code 7). STMAC: [FF:FF:FF:FF:FF:FF] [ 0|46 ACKs]13:12:54  Sending 64 directed DeAuth (code 7). STMAC: [FF:FF:FF:FF:FF:FF] [ 0|47 ACKs]13:12:54  Sending 64 directed DeAuth (code 7). STMAC: [FF:FF:FF:FF:FF:FF] [ 0|48 ACKs]13:12:54  Sending 64 directed DeAuth (code 7). STMAC: [FF:FF:FF:FF:FF:FF] [ 0|49 ACKs]13:12:54  Sending 64 directed DeAuth (code 7). STMAC: [FF:FF:FF:FF:FF:FF] [ 0|50 ACKs]13:12:54  Sending 64 directed DeAuth (code 7). STMAC: [FF:FF:FF:FF:FF:FF] [ 0|51 ACKs]13:12:54  Sending 64 directed DeAuth (code 7). STMAC: [FF:FF:FF:FF:FF:FF] [ 0|52 ACKs]13:12:54  Sending 64 directed DeAuth (code 7). STMAC: [FF:FF:FF:FF:FF:FF] [ 0|53 ACKs]13:12:54  Sending 64 directed DeAuth (code 7). STMAC: [FF:FF:FF:FF:FF:FF] [ 0|54 ACKs]13:12:54  Sending 64 directed DeAuth (code 7). STMAC: [FF:FF:FF:FF:FF:FF] [ 0|55 ACKs]13:12:54  Sending 64 directed DeAuth (code 7). STMAC: [FF:FF:FF:FF:FF:FF] [ 0|56 ACKs]13:12:54  Sending 64 directed DeAuth (code 7). STMAC: [FF:FF:FF:FF:FF:FF] [ 0|57 ACKs]13:12:54  Sending 64 directed DeAuth (code 7). STMAC: [FF:FF:FF:FF:FF:FF] [ 0|58 ACKs]13:12:54  Sending 64 directed DeAuth (code 7). STMAC: [FF:FF:FF:FF:FF:FF] [ 0|59 ACKs]13:12:54  Sending 64 directed DeAuth (code 7). STMAC: [FF:FF:FF:FF:FF:FF] [ 0|60 ACKs]13:12:54  Sending 64 directed DeAuth (code 7). STMAC: [FF:FF:FF:FF:FF:FF] [ 0|61 ACKs]13:12:54  Sending 64 directed DeAuth (code 7). STMAC: [FF:FF:FF:FF:FF:FF] [ 0|62 ACKs]13:12:54  Sending 64 directed DeAuth (code 7). STMAC: [FF:FF:FF:FF:FF:FF] [ 0|63 ACKs]13:12:54  Sending 64 directed DeAuth (code 7). STMAC: [FF:FF:FF:FF:FF:FF] [ 0|64 ACKs]
13:12:54  Sending 64 directed DeAuth (code 7). STMAC: [FF:FF:FF:FF:FF:FF] [ 0| 0 ACKs]13:12:54  Sending 64 directed DeAuth (code 7). STMAC: [FF:FF:FF:FF:FF:FF] [ 0| 1 ACKs]13:12:54  Sending 64 directed DeAuth (code 7). STMAC: [FF:FF:FF:FF:FF:FF] [ 0| 2 ACKs]13:12:54  Sending 64 directed DeAuth (code 7). STMAC: [FF:FF:FF:FF:FF:FF] [ 0| 3 ACKs]13:12:54  Sending 64 directed DeAuth (code 7). STMAC: [FF:FF:FF:FF:FF:FF] [ 0| 4 ACKs]13:12:54  Sending 64 directed DeAuth (code 7). STMAC: [FF:FF:FF:FF:FF:FF] [ 0| 5 ACKs]13:12:54  Sending 64 directed DeAuth (code 7). STMAC: [FF:FF:FF:FF:FF:FF] [ 0| 6 ACKs]13:12:54  Sending 64 directed DeAuth (code 7). STMAC: [FF:FF:FF:FF:FF:FF] [ 0| 7 ACKs]13:12:54  Sending 64 directed DeAuth (code 7). STMAC: [FF:FF:FF:FF:FF:FF] [ 0| 8 ACKs]13:12:54  Sending 64 directed DeAuth (code 7). STMAC: [FF:FF:FF:FF:FF:FF] [ 0| 9 ACKs]13:12:54  Sending 64 directed DeAuth (code 7). STMAC: [FF:FF:FF:FF:FF:FF] [ 0|10 ACKs]13:12:54  Sending 64 directed DeAuth (code 7). STMAC: [FF:FF:FF:FF:FF:FF] [ 0|11 ACKs]13:12:54  Sending 64 directed DeAuth (code 7). STMAC: [FF:FF:FF:FF:FF:FF] [ 0|12 ACKs]13:12:54  Sending 64 directed DeAuth (code 7). STMAC: [FF:FF:FF:FF:FF:FF] [ 0|13 ACKs]13:12:54  Sending 64 directed DeAuth (code 7). STMAC: [FF:FF:FF:FF:FF:FF] [ 0|14 ACKs]13:12:54  Sending 64 directed DeAuth (code 7). STMAC: [FF:FF:FF:FF:FF:FF] [ 0|15 ACKs]13:12:54  Sending 64 directed DeAuth (code 7). STMAC: [FF:FF:FF:FF:FF:FF] [ 0|16 ACKs]13:12:54  Sending 64 directed DeAuth (code 7). STMAC: [FF:FF:FF:FF:FF:FF] [ 0|17 ACKs]13:12:54  Sending 64 directed DeAuth (code 7). STMAC: [FF:FF:FF:FF:FF:FF] [ 0|18 ACKs]13:12:54  Sending 64 directed DeAuth (code 7). STMAC: [FF:FF:FF:FF:FF:FF] [ 0|19 ACKs]13:12:54  Sending 64 directed DeAuth (code 7). STMAC: [FF:FF:FF:FF:FF:FF] [ 0|20 ACKs]13:12:54  Sending 64 directed DeAuth (code 7). STMAC: [FF:FF:FF:FF:FF:FF] [ 0|21 ACKs]13:12:54  Sending 64 directed DeAuth (code 7). STMAC: [FF:FF:FF:FF:FF:FF] [ 0|22 ACKs]13:12:54  Sending 64 directed DeAuth (code 7). STMAC: [FF:FF:FF:FF:FF:FF] [ 0|23 ACKs]13:12:54  Sending 64 directed DeAuth (code 7). STMAC: [FF:FF:FF:FF:FF:FF] [ 0|24 ACKs]13:12:54  Sending 64 directed DeAuth (code 7). STMAC: [FF:FF:FF:FF:FF:FF] [ 0|25 ACKs]13:12:54  Sending 64 directed DeAuth (code 7). STMAC: [FF:FF:FF:FF:FF:FF] [ 0|26 ACKs]13:12:54  Sending 64 directed DeAuth (code 7). STMAC: [FF:FF:FF:FF:FF:FF] [ 0|27 ACKs]13:12:54  Sending 64 directed DeAuth (code 7). STMAC: [FF:FF:FF:FF:FF:FF] [ 0|28 ACKs]13:12:54  Sending 64 directed DeAuth (code 7). STMAC: [FF:FF:FF:FF:FF:FF] [ 0|29 ACKs]13:12:54  Sending 64 directed DeAuth (code 7). STMAC: [FF:FF:FF:FF:FF:FF] [ 0|30 ACKs]13:12:54  Sending 64 directed DeAuth (code 7). STMAC: [FF:FF:FF:FF:FF:FF] [ 0|31 ACKs]13:12:54  Sending 64 directed DeAuth (code 7). STMAC: [FF:FF:FF:FF:FF:FF] [ 0|32 ACKs]13:12:54  Sending 64 directed DeAuth (code 7). STMAC: [FF:FF:FF:FF:FF:FF] [ 0|33 ACKs]13:12:54  Sending 64 directed DeAuth (code 7). STMAC: [FF:FF:FF:FF:FF:FF] [ 0|34 ACKs]13:12:54  Sending 64 directed DeAuth (code 7). STMAC: [FF:FF:FF:FF:FF:FF] [ 0|35 ACKs]13:12:54  Sending 64 directed DeAuth (code 7). STMAC: [FF:FF:FF:FF:FF:FF] [ 0|36 ACKs]13:12:54  Sending 64 directed DeAuth (code 7). STMAC: [FF:FF:FF:FF:FF:FF] [ 0|37 ACKs]13:12:54  Sending 64 directed DeAuth (code 7). STMAC: [FF:FF:FF:FF:FF:FF] [ 0|38 ACKs]13:12:54  Sending 64 directed DeAuth (code 7). STMAC: [FF:FF:FF:FF:FF:FF] [ 0|39 ACKs]13:12:54  Sending 64 directed DeAuth (code 7). STMAC: [FF:FF:FF:FF:FF:FF] [ 0|40 ACKs]13:12:54  Sending 64 directed DeAuth (code 7). STMAC: [FF:FF:FF:FF:FF:FF] [ 0|41 ACKs]13:12:54  Sending 64 directed DeAuth (code 7). STMAC: [FF:FF:FF:FF:FF:FF] [ 0|42 ACKs]13:12:54  Sending 64 directed DeAuth (code 7). STMAC: [FF:FF:FF:FF:FF:FF] [ 0|43 ACKs]13:12:54  Sending 64 directed DeAuth (code 7). STMAC: [FF:FF:FF:FF:FF:FF] [ 0|44 ACKs]13:12:54  Sending 64 directed DeAuth (code 7). STMAC: [FF:FF:FF:FF:FF:FF] [ 0|45 ACKs]13:12:54  Sending 64 directed DeAuth (code 7). STMAC: [FF:FF:FF:FF:FF:FF] [ 0|46 ACKs]13:12:54  Sending 64 directed DeAuth (code 7). STMAC: [FF:FF:FF:FF:FF:FF] [ 0|47 ACKs]13:12:54  Sending 64 directed DeAuth (code 7). STMAC: [FF:FF:FF:FF:FF:FF] [ 0|48 ACKs]13:12:54  Sending 64 directed DeAuth (code 7). STMAC: [FF:FF:FF:FF:FF:FF] [ 0|49 ACKs]13:12:54  Sending 64 directed DeAuth (code 7). STMAC: [FF:FF:FF:FF:FF:FF] [ 0|50 ACKs]13:12:54  Sending 64 directed DeAuth (code 7). STMAC: [FF:FF:FF:FF:FF:FF] [ 0|51 ACKs]13:12:54  Sending 64 directed DeAuth (code 7). STMAC: [FF:FF:FF:FF:FF:FF] [ 0|52 ACKs]13:12:54  Sending 64 directed DeAuth (code 7). STMAC: [FF:FF:FF:FF:FF:FF] [ 0|53 ACKs]13:12:54  Sending 64 directed DeAuth (code 7). STMAC: [FF:FF:FF:FF:FF:FF] [ 0|54 ACKs]13:12:54  Sending 64 directed DeAuth (code 7). STMAC: [FF:FF:FF:FF:FF:FF] [ 0|55 ACKs]13:12:54  Sending 64 directed DeAuth (code 7). STMAC: [FF:FF:FF:FF:FF:FF] [ 0|56 ACKs]13:12:54  Sending 64 directed DeAuth (code 7). STMAC: [FF:FF:FF:FF:FF:FF] [ 0|57 ACKs]13:12:54  Sending 64 directed DeAuth (code 7). STMAC: [FF:FF:FF:FF:FF:FF] [ 0|58 ACKs]13:12:54  Sending 64 directed DeAuth (code 7). STMAC: [FF:FF:FF:FF:FF:FF] [ 0|59 ACKs]13:12:54  Sending 64 directed DeAuth (code 7). STMAC: [FF:FF:FF:FF:FF:FF] [ 0|60 ACKs]13:12:54  Sending 64 directed DeAuth (code 7). STMAC: [FF:FF:FF:FF:FF:FF] [ 0|61 ACKs]13:12:54  Sending 64 directed DeAuth (code 7). STMAC: [FF:FF:FF:FF:FF:FF] [ 0|62 ACKs]13:12:54  Sending 64 directed DeAuth (code 7). STMAC: [FF:FF:FF:FF:FF:FF] [ 0|63 ACKs]13:12:54  Sending 64 directed DeAuth (code 7). STMAC: [FF:FF:FF:FF:FF:FF] [ 0|64 ACKs]
13:12:55  Sending 64 directed DeAuth (code 7). STMAC: [FF:FF:FF:FF:FF:FF] [ 0| 0 ACKs]13:12:55  Sending 64 directed DeAuth (code 7). STMAC: [FF:FF:FF:FF:FF:FF] [ 0| 1 ACKs]13:12:55  Sending 64 directed DeAuth (code 7). STMAC: [FF:FF:FF:FF:FF:FF] [ 0| 2 ACKs]13:12:55  Sending 64 directed DeAuth (code 7). STMAC: [FF:FF:FF:FF:FF:FF] [ 0| 3 ACKs]13:12:55  Sending 64 directed DeAuth (code 7). STMAC: [FF:FF:FF:FF:FF:FF] [ 0| 4 ACKs]13:12:55  Sending 64 directed DeAuth (code 7). STMAC: [FF:FF:FF:FF:FF:FF] [ 0| 5 ACKs]13:12:55  Sending 64 directed DeAuth (code 7). STMAC: [FF:FF:FF:FF:FF:FF] [ 1| 5 ACKs]13:12:55  Sending 64 directed DeAuth (code 7). STMAC: [FF:FF:FF:FF:FF:FF] [ 1| 6 ACKs]13:12:55  Sending 64 directed DeAuth (code 7). STMAC: [FF:FF:FF:FF:FF:FF] [ 2| 6 ACKs]13:12:55  Sending 64 directed DeAuth (code 7). STMAC: [FF:FF:FF:FF:FF:FF] [ 2| 7 ACKs]13:12:55  Sending 64 directed DeAuth (code 7). STMAC: [FF:FF:FF:FF:FF:FF] [ 2| 8 ACKs]13:12:55  Sending 64 directed DeAuth (code 7). STMAC: [FF:FF:FF:FF:FF:FF] [ 3| 8 ACKs]13:12:55  Sending 64 directed DeAuth (code 7). STMAC: [FF:FF:FF:FF:FF:FF] [ 3| 9 ACKs]13:12:55  Sending 64 directed DeAuth (code 7). STMAC: [FF:FF:FF:FF:FF:FF] [ 4| 9 ACKs]13:12:55  Sending 64 directed DeAuth (code 7). STMAC: [FF:FF:FF:FF:FF:FF] [ 4|10 ACKs]13:12:55  Sending 64 directed DeAuth (code 7). STMAC: [FF:FF:FF:FF:FF:FF] [ 4|11 ACKs]13:12:55  Sending 64 directed DeAuth (code 7). STMAC: [FF:FF:FF:FF:FF:FF] [ 5|11 ACKs]13:12:55  Sending 64 directed DeAuth (code 7). STMAC: [FF:FF:FF:FF:FF:FF] [ 5|12 ACKs]13:12:55  Sending 64 directed DeAuth (code 7). STMAC: [FF:FF:FF:FF:FF:FF] [ 6|12 ACKs]13:12:55  Sending 64 directed DeAuth (code 7). STMAC: [FF:FF:FF:FF:FF:FF] [ 6|13 ACKs]13:12:55  Sending 64 directed DeAuth (code 7). STMAC: [FF:FF:FF:FF:FF:FF] [ 6|14 ACKs]13:12:55  Sending 64 directed DeAuth (code 7). STMAC: [FF:FF:FF:FF:FF:FF] [ 7|14 ACKs]13:12:55  Sending 64 directed DeAuth (code 7). STMAC: [FF:FF:FF:FF:FF:FF] [ 7|15 ACKs]13:12:55  Sending 64 directed DeAuth (code 7). STMAC: [FF:FF:FF:FF:FF:FF] [ 8|15 ACKs]13:12:55  Sending 64 directed DeAuth (code 7). STMAC: [FF:FF:FF:FF:FF:FF] [ 8|16 ACKs]13:12:55  Sending 64 directed DeAuth (code 7). STMAC: [FF:FF:FF:FF:FF:FF] [ 8|17 ACKs]13:12:55  Sending 64 directed DeAuth (code 7). STMAC: [FF:FF:FF:FF:FF:FF] [ 9|17 ACKs]13:12:55  Sending 64 directed DeAuth (code 7). STMAC: [FF:FF:FF:FF:FF:FF] [ 9|18 ACKs]13:12:55  Sending 64 directed DeAuth (code 7). STMAC: [FF:FF:FF:FF:FF:FF] [10|18 ACKs]13:12:55  Sending 64 directed DeAuth (code 7). STMAC: [FF:FF:FF:FF:FF:FF] [10|19 ACKs]13:12:55  Sending 64 directed DeAuth (code 7). STMAC: [FF:FF:FF:FF:FF:FF] [10|20 ACKs]13:12:55  Sending 64 directed DeAuth (code 7). STMAC: [FF:FF:FF:FF:FF:FF] [10|21 ACKs]13:12:55  Sending 64 directed DeAuth (code 7). STMAC: [FF:FF:FF:FF:FF:FF] [11|21 ACKs]13:12:55  Sending 64 directed DeAuth (code 7). STMAC: [FF:FF:FF:FF:FF:FF] [11|22 ACKs]13:12:55  Sending 64 directed DeAuth (code 7). STMAC: [FF:FF:FF:FF:FF:FF] [12|22 ACKs]13:12:55  Sending 64 directed DeAuth (code 7). STMAC: [FF:FF:FF:FF:FF:FF] [12|23 ACKs]13:12:55  Sending 64 directed DeAuth (code 7). STMAC: [FF:FF:FF:FF:FF:FF] [13|23 ACKs]13:12:55  Sending 64 directed DeAuth (code 7). STMAC: [FF:FF:FF:FF:FF:FF] [13|24 ACKs]13:12:55  Sending 64 directed DeAuth (code 7). STMAC: [FF:FF:FF:FF:FF:FF] [13|25 ACKs]13:12:55  Sending 64 directed DeAuth (code 7). STMAC: [FF:FF:FF:FF:FF:FF] [13|25 ACKs]13:12:55  Sending 64 directed DeAuth (code 7). STMAC: [FF:FF:FF:FF:FF:FF] [14|25 ACKs]13:12:55  Sending 64 directed DeAuth (code 7). STMAC: [FF:FF:FF:FF:FF:FF] [14|26 ACKs]13:12:55  Sending 64 directed DeAuth (code 7). STMAC: [FF:FF:FF:FF:FF:FF] [15|26 ACKs]13:12:55  Sending 64 directed DeAuth (code 7). STMAC: [FF:FF:FF:FF:FF:FF] [15|27 ACKs]13:12:55  Sending 64 directed DeAuth (code 7). STMAC: [FF:FF:FF:FF:FF:FF] [16|27 ACKs]13:12:55  Sending 64 directed DeAuth (code 7). STMAC: [FF:FF:FF:FF:FF:FF] [16|28 ACKs]13:12:55  Sending 64 directed DeAuth (code 7). STMAC: [FF:FF:FF:FF:FF:FF] [17|28 ACKs]13:12:55  Sending 64 directed DeAuth (code 7). STMAC: [FF:FF:FF:FF:FF:FF] [17|29 ACKs]13:12:55  Sending 64 directed DeAuth (code 7). STMAC: [FF:FF:FF:FF:FF:FF] [18|29 ACKs]13:12:55  Sending 64 directed DeAuth (code 7). STMAC: [FF:FF:FF:FF:FF:FF] [18|30 ACKs]13:12:55  Sending 64 directed DeAuth (code 7). STMAC: [FF:FF:FF:FF:FF:FF] [19|30 ACKs]13:12:55  Sending 64 directed DeAuth (code 7). STMAC: [FF:FF:FF:FF:FF:FF] [19|31 ACKs]13:12:55  Sending 64 directed DeAuth (code 7). STMAC: [FF:FF:FF:FF:FF:FF] [19|32 ACKs]13:12:55  Sending 64 directed DeAuth (code 7). STMAC: [FF:FF:FF:FF:FF:FF] [20|32 ACKs]13:12:55  Sending 64 directed DeAuth (code 7). STMAC: [FF:FF:FF:FF:FF:FF] [20|33 ACKs]13:12:55  Sending 64 directed DeAuth (code 7). STMAC: [FF:FF:FF:FF:FF:FF] [21|33 ACKs]13:12:55  Sending 64 directed DeAuth (code 7). STMAC: [FF:FF:FF:FF:FF:FF] [21|34 ACKs]13:12:55  Sending 64 directed DeAuth (code 7). STMAC: [FF:FF:FF:FF:FF:FF] [22|34 ACKs]13:12:55  Sending 64 directed DeAuth (code 7). STMAC: [FF:FF:FF:FF:FF:FF] [22|35 ACKs]13:12:55  Sending 64 directed DeAuth (code 7). STMAC: [FF:FF:FF:FF:FF:FF] [23|35 ACKs]13:12:55  Sending 64 directed DeAuth (code 7). STMAC: [FF:FF:FF:FF:FF:FF] [23|36 ACKs]13:12:55  Sending 64 directed DeAuth (code 7). STMAC: [FF:FF:FF:FF:FF:FF] [24|36 ACKs]13:12:55  Sending 64 directed DeAuth (code 7). STMAC: [FF:FF:FF:FF:FF:FF] [24|37 ACKs]13:12:55  Sending 64 directed DeAuth (code 7). STMAC: [FF:FF:FF:FF:FF:FF] [25|37 ACKs]13:12:55  Sending 64 directed DeAuth (code 7). STMAC: [FF:FF:FF:FF:FF:FF] [25|38 ACKs]13:12:55  Sending 64 directed DeAuth (code 7). STMAC: [FF:FF:FF:FF:FF:FF] [26|38 ACKs]13:12:55  Sending 64 directed DeAuth (code 7). STMAC: [FF:FF:FF:FF:FF:FF] [26|39 ACKs]13:12:55  Sending 64 directed DeAuth (code 7). STMAC: [FF:FF:FF:FF:FF:FF] [27|39 ACKs]13:12:55  Sending 64 directed DeAuth (code 7). STMAC: [FF:FF:FF:FF:FF:FF] [27|40 ACKs]13:12:55  Sending 64 directed DeAuth (code 7). STMAC: [FF:FF:FF:FF:FF:FF] [28|40 ACKs]13:12:55  Sending 64 directed DeAuth (code 7). STMAC: [FF:FF:FF:FF:FF:FF] [28|41 ACKs]13:12:55  Sending 64 directed DeAuth (code 7). STMAC: [FF:FF:FF:FF:FF:FF] [29|41 ACKs]13:12:55  Sending 64 directed DeAuth (code 7). STMAC: [FF:FF:FF:FF:FF:FF] [29|42 ACKs]13:12:55  Sending 64 directed DeAuth (code 7). STMAC: [FF:FF:FF:FF:FF:FF] [29|43 ACKs]13:12:55  Sending 64 directed DeAuth (code 7). STMAC: [FF:FF:FF:FF:FF:FF] [30|43 ACKs]13:12:55  Sending 64 directed DeAuth (code 7). STMAC: [FF:FF:FF:FF:FF:FF] [30|44 ACKs]13:12:55  Sending 64 directed DeAuth (code 7). STMAC: [FF:FF:FF:FF:FF:FF] [31|44 ACKs]13:12:55  Sending 64 directed DeAuth (code 7). STMAC: [FF:FF:FF:FF:FF:FF] [31|45 ACKs]13:12:55  Sending 64 directed DeAuth (code 7). STMAC: [FF:FF:FF:FF:FF:FF] [31|46 ACKs]13:12:55  Sending 64 directed DeAuth (code 7). STMAC: [FF:FF:FF:FF:FF:FF] [32|46 ACKs]13:12:55  Sending 64 directed DeAuth (code 7). STMAC: [FF:FF:FF:FF:FF:FF] [32|47 ACKs]13:12:55  Sending 64 directed DeAuth (code 7). STMAC: [FF:FF:FF:FF:FF:FF] [33|47 ACKs]13:12:55  Sending 64 directed DeAuth (code 7). STMAC: [FF:FF:FF:FF:FF:FF] [33|48 ACKs]13:12:55  Sending 64 directed DeAuth (code 7). STMAC: [FF:FF:FF:FF:FF:FF] [34|48 ACKs]13:12:55  Sending 64 directed DeAuth (code 7). STMAC: [FF:FF:FF:FF:FF:FF] [34|49 ACKs]13:12:55  Sending 64 directed DeAuth (code 7). STMAC: [FF:FF:FF:FF:FF:FF] [35|49 ACKs]13:12:55  Sending 64 directed DeAuth (code 7). STMAC: [FF:FF:FF:FF:FF:FF] [35|50 ACKs]13:12:55  Sending 64 directed DeAuth (code 7). STMAC: [FF:FF:FF:FF:FF:FF] [36|50 ACKs]13:12:55  Sending 64 directed DeAuth (code 7). STMAC: [FF:FF:FF:FF:FF:FF] [36|51 ACKs]13:12:55  Sending 64 directed DeAuth (code 7). STMAC: [FF:FF:FF:FF:FF:FF] [37|51 ACKs]13:12:55  Sending 64 directed DeAuth (code 7). STMAC: [FF:FF:FF:FF:FF:FF] [37|52 ACKs]13:12:55  Sending 64 directed DeAuth (code 7). STMAC: [FF:FF:FF:FF:FF:FF] [38|52 ACKs]13:12:55  Sending 64 directed DeAuth (code 7). STMAC: [FF:FF:FF:FF:FF:FF] [38|53 ACKs]13:12:55  Sending 64 directed DeAuth (code 7). STMAC: [FF:FF:FF:FF:FF:FF] [38|53 ACKs]13:12:55  Sending 64 directed DeAuth (code 7). STMAC: [FF:FF:FF:FF:FF:FF] [38|54 ACKs]13:12:55  Sending 64 directed DeAuth (code 7). STMAC: [FF:FF:FF:FF:FF:FF] [38|55 ACKs]13:12:55  Sending 64 directed DeAuth (code 7). STMAC: [FF:FF:FF:FF:FF:FF] [38|56 ACKs]13:12:55  Sending 64 directed DeAuth (code 7). STMAC: [FF:FF:FF:FF:FF:FF] [38|57 ACKs]13:12:55  Sending 64 directed DeAuth (code 7). STMAC: [FF:FF:FF:FF:FF:FF] [38|58 ACKs]13:12:55  Sending 64 directed DeAuth (code 7). STMAC: [FF:FF:FF:FF:FF:FF] [38|59 ACKs]13:12:55  Sending 64 directed DeAuth (code 7). STMAC: [FF:FF:FF:FF:FF:FF] [38|60 ACKs]13:12:55  Sending 64 directed DeAuth (code 7). STMAC: [FF:FF:FF:FF:FF:FF] [38|61 ACKs]13:12:55  Sending 64 directed DeAuth (code 7). STMAC: [FF:FF:FF:FF:FF:FF] [38|62 ACKs]13:12:55  Sending 64 directed DeAuth (code 7). STMAC: [FF:FF:FF:FF:FF:FF] [38|63 ACKs]13:12:55  Sending 64 directed DeAuth (code 7). STMAC: [FF:FF:FF:FF:FF:FF] [38|64 ACKs]
13:12:55  Sending 64 directed DeAuth (code 7). STMAC: [FF:FF:FF:FF:FF:FF] [ 0| 0 ACKs]13:12:55  Sending 64 directed DeAuth (code 7). STMAC: [FF:FF:FF:FF:FF:FF] [ 0| 1 ACKs]13:12:55  Sending 64 directed DeAuth (code 7). STMAC: [FF:FF:FF:FF:FF:FF] [ 0| 2 ACKs]13:12:55  Sending 64 directed DeAuth (code 7). STMAC: [FF:FF:FF:FF:FF:FF] [ 0| 3 ACKs]13:12:55  Sending 64 directed DeAuth (code 7). STMAC: [FF:FF:FF:FF:FF:FF] [ 0| 4 ACKs]13:12:55  Sending 64 directed DeAuth (code 7). STMAC: [FF:FF:FF:FF:FF:FF] [ 0| 5 ACKs]13:12:55  Sending 64 directed DeAuth (code 7). STMAC: [FF:FF:FF:FF:FF:FF] [ 0| 6 ACKs]13:12:55  Sending 64 directed DeAuth (code 7). STMAC: [FF:FF:FF:FF:FF:FF] [ 0| 7 ACKs]13:12:55  Sending 64 directed DeAuth (code 7). STMAC: [FF:FF:FF:FF:FF:FF] [ 0| 8 ACKs]13:12:55  Sending 64 directed DeAuth (code 7). STMAC: [FF:FF:FF:FF:FF:FF] [ 0| 9 ACKs]13:12:55  Sending 64 directed DeAuth (code 7). STMAC: [FF:FF:FF:FF:FF:FF] [ 0|10 ACKs]13:12:55  Sending 64 directed DeAuth (code 7). STMAC: [FF:FF:FF:FF:FF:FF] [ 0|11 ACKs]13:12:55  Sending 64 directed DeAuth (code 7). STMAC: [FF:FF:FF:FF:FF:FF] [ 0|12 ACKs]13:12:55  Sending 64 directed DeAuth (code 7). STMAC: [FF:FF:FF:FF:FF:FF] [ 0|13 ACKs]13:12:55  Sending 64 directed DeAuth (code 7). STMAC: [FF:FF:FF:FF:FF:FF] [ 0|14 ACKs]13:12:55  Sending 64 directed DeAuth (code 7). STMAC: [FF:FF:FF:FF:FF:FF] [ 0|15 ACKs]13:12:55  Sending 64 directed DeAuth (code 7). STMAC: [FF:FF:FF:FF:FF:FF] [ 0|16 ACKs]13:12:55  Sending 64 directed DeAuth (code 7). STMAC: [FF:FF:FF:FF:FF:FF] [ 0|17 ACKs]13:12:55  Sending 64 directed DeAuth (code 7). STMAC: [FF:FF:FF:FF:FF:FF] [ 0|18 ACKs]13:12:55  Sending 64 directed DeAuth (code 7). STMAC: [FF:FF:FF:FF:FF:FF] [ 1|18 ACKs]13:12:55  Sending 64 directed DeAuth (code 7). STMAC: [FF:FF:FF:FF:FF:FF] [ 1|19 ACKs]13:12:55  Sending 64 directed DeAuth (code 7). STMAC: [FF:FF:FF:FF:FF:FF] [ 1|20 ACKs]13:12:55  Sending 64 directed DeAuth (code 7). STMAC: [FF:FF:FF:FF:FF:FF] [ 1|21 ACKs]13:12:55  Sending 64 directed DeAuth (code 7). STMAC: [FF:FF:FF:FF:FF:FF] [ 1|22 ACKs]13:12:55  Sending 64 directed DeAuth (code 7). STMAC: [FF:FF:FF:FF:FF:FF] [ 1|23 ACKs]13:12:55  Sending 64 directed DeAuth (code 7). STMAC: [FF:FF:FF:FF:FF:FF] [ 1|24 ACKs]13:12:55  Sending 64 directed DeAuth (code 7). STMAC: [FF:FF:FF:FF:FF:FF] [ 1|25 ACKs]13:12:55  Sending 64 directed DeAuth (code 7). STMAC: [FF:FF:FF:FF:FF:FF] [ 1|26 ACKs]13:12:55  Sending 64 directed DeAuth (code 7). STMAC: [FF:FF:FF:FF:FF:FF] [ 1|27 ACKs]13:12:55  Sending 64 directed DeAuth (code 7). STMAC: [FF:FF:FF:FF:FF:FF] [ 1|28 ACKs]13:12:55  Sending 64 directed DeAuth (code 7). STMAC: [FF:FF:FF:FF:FF:FF] [ 1|29 ACKs]13:12:55  Sending 64 directed DeAuth (code 7). STMAC: [FF:FF:FF:FF:FF:FF] [ 1|30 ACKs]13:12:55  Sending 64 directed DeAuth (code 7). STMAC: [FF:FF:FF:FF:FF:FF] [ 1|31 ACKs]13:12:55  Sending 64 directed DeAuth (code 7). STMAC: [FF:FF:FF:FF:FF:FF] [ 1|32 ACKs]13:12:55  Sending 64 directed DeAuth (code 7). STMAC: [FF:FF:FF:FF:FF:FF] [ 1|33 ACKs]13:12:55  Sending 64 directed DeAuth (code 7). STMAC: [FF:FF:FF:FF:FF:FF] [ 1|34 ACKs]13:12:55  Sending 64 directed DeAuth (code 7). STMAC: [FF:FF:FF:FF:FF:FF] [ 1|35 ACKs]13:12:55  Sending 64 directed DeAuth (code 7). STMAC: [FF:FF:FF:FF:FF:FF] [ 1|36 ACKs]13:12:55  Sending 64 directed DeAuth (code 7). STMAC: [FF:FF:FF:FF:FF:FF] [ 1|37 ACKs]13:12:55  Sending 64 directed DeAuth (code 7). STMAC: [FF:FF:FF:FF:FF:FF] [ 1|38 ACKs]13:12:55  Sending 64 directed DeAuth (code 7). STMAC: [FF:FF:FF:FF:FF:FF] [ 1|39 ACKs]13:12:55  Sending 64 directed DeAuth (code 7). STMAC: [FF:FF:FF:FF:FF:FF] [ 1|40 ACKs]13:12:55  Sending 64 directed DeAuth (code 7). STMAC: [FF:FF:FF:FF:FF:FF] [ 1|41 ACKs]13:12:55  Sending 64 directed DeAuth (code 7). STMAC: [FF:FF:FF:FF:FF:FF] [ 1|42 ACKs]13:12:55  Sending 64 directed DeAuth (code 7). STMAC: [FF:FF:FF:FF:FF:FF] [ 1|43 ACKs]13:12:55  Sending 64 directed DeAuth (code 7). STMAC: [FF:FF:FF:FF:FF:FF] [ 1|44 ACKs]13:12:55  Sending 64 directed DeAuth (code 7). STMAC: [FF:FF:FF:FF:FF:FF] [ 1|45 ACKs]13:12:55  Sending 64 directed DeAuth (code 7). STMAC: [FF:FF:FF:FF:FF:FF] [ 1|46 ACKs]13:12:55  Sending 64 directed DeAuth (code 7). STMAC: [FF:FF:FF:FF:FF:FF] [ 1|47 ACKs]13:12:55  Sending 64 directed DeAuth (code 7). STMAC: [FF:FF:FF:FF:FF:FF] [ 1|48 ACKs]13:12:55  Sending 64 directed DeAuth (code 7). STMAC: [FF:FF:FF:FF:FF:FF] [ 1|49 ACKs]13:12:55  Sending 64 directed DeAuth (code 7). STMAC: [FF:FF:FF:FF:FF:FF] [ 1|50 ACKs]13:12:55  Sending 64 directed DeAuth (code 7). STMAC: [FF:FF:FF:FF:FF:FF] [ 1|51 ACKs]13:12:55  Sending 64 directed DeAuth (code 7). STMAC: [FF:FF:FF:FF:FF:FF] [ 1|52 ACKs]13:12:55  Sending 64 directed DeAuth (code 7). STMAC: [FF:FF:FF:FF:FF:FF] [ 1|53 ACKs]13:12:55  Sending 64 directed DeAuth (code 7). STMAC: [FF:FF:FF:FF:FF:FF] [ 1|54 ACKs]13:12:55  Sending 64 directed DeAuth (code 7). STMAC: [FF:FF:FF:FF:FF:FF] [ 1|55 ACKs]13:12:55  Sending 64 directed DeAuth (code 7). STMAC: [FF:FF:FF:FF:FF:FF] [ 1|56 ACKs]13:12:55  Sending 64 directed DeAuth (code 7). STMAC: [FF:FF:FF:FF:FF:FF] [ 1|57 ACKs]13:12:55  Sending 64 directed DeAuth (code 7). STMAC: [FF:FF:FF:FF:FF:FF] [ 1|58 ACKs]13:12:55  Sending 64 directed DeAuth (code 7). STMAC: [FF:FF:FF:FF:FF:FF] [ 1|59 ACKs]13:12:55  Sending 64 directed DeAuth (code 7). STMAC: [FF:FF:FF:FF:FF:FF] [ 1|60 ACKs]13:12:55  Sending 64 directed DeAuth (code 7). STMAC: [FF:FF:FF:FF:FF:FF] [ 1|61 ACKs]13:12:55  Sending 64 directed DeAuth (code 7). STMAC: [FF:FF:FF:FF:FF:FF] [ 1|62 ACKs]13:12:55  Sending 64 directed DeAuth (code 7). STMAC: [FF:FF:FF:FF:FF:FF] [ 1|63 ACKs]13:12:55  Sending 64 directed DeAuth (code 7). STMAC: [FF:FF:FF:FF:FF:FF] [ 1|64 ACKs]
13:12:56  Sending 64 directed DeAuth (code 7). STMAC: [FF:FF:FF:FF:FF:FF] [ 0| 0 ACKs]13:12:56  Sending 64 directed DeAuth (code 7). STMAC: [FF:FF:FF:FF:FF:FF] [ 0| 1 ACKs]13:12:56  Sending 64 directed DeAuth (code 7). STMAC: [FF:FF:FF:FF:FF:FF] [ 0| 2 ACKs]13:12:56  Sending 64 directed DeAuth (code 7). STMAC: [FF:FF:FF:FF:FF:FF] [ 0| 3 ACKs]13:12:56  Sending 64 directed DeAuth (code 7). STMAC: [FF:FF:FF:FF:FF:FF] [ 0| 4 ACKs]13:12:56  Sending 64 directed DeAuth (code 7). STMAC: [FF:FF:FF:FF:FF:FF] [ 0| 5 ACKs]13:12:56  Sending 64 directed DeAuth (code 7). STMAC: [FF:FF:FF:FF:FF:FF] [ 0| 6 ACKs]13:12:56  Sending 64 directed DeAuth (code 7). STMAC: [FF:FF:FF:FF:FF:FF] [ 0| 7 ACKs]13:12:56  Sending 64 directed DeAuth (code 7). STMAC: [FF:FF:FF:FF:FF:FF] [ 0| 8 ACKs]13:12:56  Sending 64 directed DeAuth (code 7). STMAC: [FF:FF:FF:FF:FF:FF] [ 0| 9 ACKs]13:12:56  Sending 64 directed DeAuth (code 7). STMAC: [FF:FF:FF:FF:FF:FF] [ 0|10 ACKs]13:12:56  Sending 64 directed DeAuth (code 7). STMAC: [FF:FF:FF:FF:FF:FF] [ 0|11 ACKs]13:12:56  Sending 64 directed DeAuth (code 7). STMAC: [FF:FF:FF:FF:FF:FF] [ 0|12 ACKs]13:12:56  Sending 64 directed DeAuth (code 7). STMAC: [FF:FF:FF:FF:FF:FF] [ 0|13 ACKs]13:12:56  Sending 64 directed DeAuth (code 7). STMAC: [FF:FF:FF:FF:FF:FF] [ 0|14 ACKs]13:12:56  Sending 64 directed DeAuth (code 7). STMAC: [FF:FF:FF:FF:FF:FF] [ 0|15 ACKs]13:12:56  Sending 64 directed DeAuth (code 7). STMAC: [FF:FF:FF:FF:FF:FF] [ 0|16 ACKs]13:12:56  Sending 64 directed DeAuth (code 7). STMAC: [FF:FF:FF:FF:FF:FF] [ 0|17 ACKs]13:12:56  Sending 64 directed DeAuth (code 7). STMAC: [FF:FF:FF:FF:FF:FF] [ 0|18 ACKs]13:12:56  Sending 64 directed DeAuth (code 7). STMAC: [FF:FF:FF:FF:FF:FF] [ 0|19 ACKs]13:12:56  Sending 64 directed DeAuth (code 7). STMAC: [FF:FF:FF:FF:FF:FF] [ 0|20 ACKs]13:12:56  Sending 64 directed DeAuth (code 7). STMAC: [FF:FF:FF:FF:FF:FF] [ 0|21 ACKs]13:12:56  Sending 64 directed DeAuth (code 7). STMAC: [FF:FF:FF:FF:FF:FF] [ 0|22 ACKs]13:12:56  Sending 64 directed DeAuth (code 7). STMAC: [FF:FF:FF:FF:FF:FF] [ 0|23 ACKs]13:12:56  Sending 64 directed DeAuth (code 7). STMAC: [FF:FF:FF:FF:FF:FF] [ 0|24 ACKs]13:12:56  Sending 64 directed DeAuth (code 7). STMAC: [FF:FF:FF:FF:FF:FF] [ 0|25 ACKs]13:12:56  Sending 64 directed DeAuth (code 7). STMAC: [FF:FF:FF:FF:FF:FF] [ 0|26 ACKs]13:12:56  Sending 64 directed DeAuth (code 7). STMAC: [FF:FF:FF:FF:FF:FF] [ 0|27 ACKs]13:12:56  Sending 64 directed DeAuth (code 7). STMAC: [FF:FF:FF:FF:FF:FF] [ 0|28 ACKs]13:12:56  Sending 64 directed DeAuth (code 7). STMAC: [FF:FF:FF:FF:FF:FF] [ 0|29 ACKs]13:12:56  Sending 64 directed DeAuth (code 7). STMAC: [FF:FF:FF:FF:FF:FF] [ 0|30 ACKs]13:12:56  Sending 64 directed DeAuth (code 7). STMAC: [FF:FF:FF:FF:FF:FF] [ 0|31 ACKs]13:12:56  Sending 64 directed DeAuth (code 7). STMAC: [FF:FF:FF:FF:FF:FF] [ 0|32 ACKs]13:12:56  Sending 64 directed DeAuth (code 7). STMAC: [FF:FF:FF:FF:FF:FF] [ 0|33 ACKs]13:12:56  Sending 64 directed DeAuth (code 7). STMAC: [FF:FF:FF:FF:FF:FF] [ 0|34 ACKs]13:12:56  Sending 64 directed DeAuth (code 7). STMAC: [FF:FF:FF:FF:FF:FF] [ 0|35 ACKs]13:12:56  Sending 64 directed DeAuth (code 7). STMAC: [FF:FF:FF:FF:FF:FF] [ 0|36 ACKs]13:12:56  Sending 64 directed DeAuth (code 7). STMAC: [FF:FF:FF:FF:FF:FF] [ 0|37 ACKs]13:12:56  Sending 64 directed DeAuth (code 7). STMAC: [FF:FF:FF:FF:FF:FF] [ 0|38 ACKs]13:12:56  Sending 64 directed DeAuth (code 7). STMAC: [FF:FF:FF:FF:FF:FF] [ 0|39 ACKs]13:12:56  Sending 64 directed DeAuth (code 7). STMAC: [FF:FF:FF:FF:FF:FF] [ 0|40 ACKs]13:12:56  Sending 64 directed DeAuth (code 7). STMAC: [FF:FF:FF:FF:FF:FF] [ 0|41 ACKs]13:12:56  Sending 64 directed DeAuth (code 7). STMAC: [FF:FF:FF:FF:FF:FF] [ 0|42 ACKs]13:12:56  Sending 64 directed DeAuth (code 7). STMAC: [FF:FF:FF:FF:FF:FF] [ 0|43 ACKs]13:12:56  Sending 64 directed DeAuth (code 7). STMAC: [FF:FF:FF:FF:FF:FF] [ 0|44 ACKs]13:12:56  Sending 64 directed DeAuth (code 7). STMAC: [FF:FF:FF:FF:FF:FF] [ 0|45 ACKs]13:12:56  Sending 64 directed DeAuth (code 7). STMAC: [FF:FF:FF:FF:FF:FF] [ 0|46 ACKs]13:12:56  Sending 64 directed DeAuth (code 7). STMAC: [FF:FF:FF:FF:FF:FF] [ 0|47 ACKs]13:12:56  Sending 64 directed DeAuth (code 7). STMAC: [FF:FF:FF:FF:FF:FF] [ 0|48 ACKs]13:12:56  Sending 64 directed DeAuth (code 7). STMAC: [FF:FF:FF:FF:FF:FF] [ 0|49 ACKs]13:12:56  Sending 64 directed DeAuth (code 7). STMAC: [FF:FF:FF:FF:FF:FF] [ 0|50 ACKs]13:12:56  Sending 64 directed DeAuth (code 7). STMAC: [FF:FF:FF:FF:FF:FF] [ 0|51 ACKs]13:12:56  Sending 64 directed DeAuth (code 7). STMAC: [FF:FF:FF:FF:FF:FF] [ 0|52 ACKs]13:12:56  Sending 64 directed DeAuth (code 7). STMAC: [FF:FF:FF:FF:FF:FF] [ 0|53 ACKs]13:12:56  Sending 64 directed DeAuth (code 7). STMAC: [FF:FF:FF:FF:FF:FF] [ 0|54 ACKs]13:12:56  Sending 64 directed DeAuth (code 7). STMAC: [FF:FF:FF:FF:FF:FF] [ 0|55 ACKs]13:12:56  Sending 64 directed DeAuth (code 7). STMAC: [FF:FF:FF:FF:FF:FF] [ 0|56 ACKs]13:12:56  Sending 64 directed DeAuth (code 7). STMAC: [FF:FF:FF:FF:FF:FF] [ 0|57 ACKs]13:12:56  Sending 64 directed DeAuth (code 7). STMAC: [FF:FF:FF:FF:FF:FF] [ 0|58 ACKs]13:12:56  Sending 64 directed DeAuth (code 7). STMAC: [FF:FF:FF:FF:FF:FF] [ 0|59 ACKs]13:12:56  Sending 64 directed DeAuth (code 7). STMAC: [FF:FF:FF:FF:FF:FF] [ 0|60 ACKs]13:12:56  Sending 64 directed DeAuth (code 7). STMAC: [FF:FF:FF:FF:FF:FF] [ 0|61 ACKs]13:12:56  Sending 64 directed DeAuth (code 7). STMAC: [FF:FF:FF:FF:FF:FF] [ 0|62 ACKs]13:12:56  Sending 64 directed DeAuth (code 7). STMAC: [FF:FF:FF:FF:FF:FF] [ 0|63 ACKs]13:12:56  Sending 64 directed DeAuth (code 7). STMAC: [FF:FF:FF:FF:FF:FF] [ 0|64 ACKs]
13:12:56  Sending 64 directed DeAuth (code 7). STMAC: [FF:FF:FF:FF:FF:FF] [ 0| 0 ACKs]13:12:56  Sending 64 directed DeAuth (code 7). STMAC: [FF:FF:FF:FF:FF:FF] [ 0| 0 ACKs]13:12:56  Sending 64 directed DeAuth (code 7). STMAC: [FF:FF:FF:FF:FF:FF] [ 1| 0 ACKs]13:12:56  Sending 64 directed DeAuth (code 7). STMAC: [FF:FF:FF:FF:FF:FF] [ 1| 1 ACKs]13:12:56  Sending 64 directed DeAuth (code 7). STMAC: [FF:FF:FF:FF:FF:FF] [ 2| 1 ACKs]13:12:56  Sending 64 directed DeAuth (code 7). STMAC: [FF:FF:FF:FF:FF:FF] [ 2| 2 ACKs]13:12:56  Sending 64 directed DeAuth (code 7). STMAC: [FF:FF:FF:FF:FF:FF] [ 3| 2 ACKs]13:12:56  Sending 64 directed DeAuth (code 7). STMAC: [FF:FF:FF:FF:FF:FF] [ 3| 3 ACKs]13:12:56  Sending 64 directed DeAuth (code 7). STMAC: [FF:FF:FF:FF:FF:FF] [ 4| 3 ACKs]13:12:56  Sending 64 directed DeAuth (code 7). STMAC: [FF:FF:FF:FF:FF:FF] [ 4| 4 ACKs]13:12:56  Sending 64 directed DeAuth (code 7). STMAC: [FF:FF:FF:FF:FF:FF] [ 5| 4 ACKs]13:12:56  Sending 64 directed DeAuth (code 7). STMAC: [FF:FF:FF:FF:FF:FF] [ 5| 5 ACKs]13:12:56  Sending 64 directed DeAuth (code 7). STMAC: [FF:FF:FF:FF:FF:FF] [ 5| 6 ACKs]13:12:56  Sending 64 directed DeAuth (code 7). STMAC: [FF:FF:FF:FF:FF:FF] [ 6| 6 ACKs]13:12:56  Sending 64 directed DeAuth (code 7). STMAC: [FF:FF:FF:FF:FF:FF] [ 6| 7 ACKs]13:12:56  Sending 64 directed DeAuth (code 7). STMAC: [FF:FF:FF:FF:FF:FF] [ 7| 7 ACKs]13:12:56  Sending 64 directed DeAuth (code 7). STMAC: [FF:FF:FF:FF:FF:FF] [ 7| 8 ACKs]13:12:56  Sending 64 directed DeAuth (code 7). STMAC: [FF:FF:FF:FF:FF:FF] [ 8| 8 ACKs]13:12:56  Sending 64 directed DeAuth (code 7). STMAC: [FF:FF:FF:FF:FF:FF] [ 8| 9 ACKs]13:12:56  Sending 64 directed DeAuth (code 7). STMAC: [FF:FF:FF:FF:FF:FF] [ 9| 9 ACKs]13:12:56  Sending 64 directed DeAuth (code 7). STMAC: [FF:FF:FF:FF:FF:FF] [ 9|10 ACKs]13:12:56  Sending 64 directed DeAuth (code 7). STMAC: [FF:FF:FF:FF:FF:FF] [10|10 ACKs]13:12:56  Sending 64 directed DeAuth (code 7). STMAC: [FF:FF:FF:FF:FF:FF] [10|11 ACKs]13:12:56  Sending 64 directed DeAuth (code 7). STMAC: [FF:FF:FF:FF:FF:FF] [11|11 ACKs]13:12:56  Sending 64 directed DeAuth (code 7). STMAC: [FF:FF:FF:FF:FF:FF] [11|12 ACKs]13:12:56  Sending 64 directed DeAuth (code 7). STMAC: [FF:FF:FF:FF:FF:FF] [12|12 ACKs]13:12:56  Sending 64 directed DeAuth (code 7). STMAC: [FF:FF:FF:FF:FF:FF] [12|13 ACKs]13:12:56  Sending 64 directed DeAuth (code 7). STMAC: [FF:FF:FF:FF:FF:FF] [13|13 ACKs]13:12:56  Sending 64 directed DeAuth (code 7). STMAC: [FF:FF:FF:FF:FF:FF] [13|14 ACKs]13:12:56  Sending 64 directed DeAuth (code 7). STMAC: [FF:FF:FF:FF:FF:FF] [14|14 ACKs]13:12:56  Sending 64 directed DeAuth (code 7). STMAC: [FF:FF:FF:FF:FF:FF] [14|15 ACKs]13:12:56  Sending 64 directed DeAuth (code 7). STMAC: [FF:FF:FF:FF:FF:FF] [15|15 ACKs]13:12:56  Sending 64 directed DeAuth (code 7). STMAC: [FF:FF:FF:FF:FF:FF] [15|16 ACKs]13:12:56  Sending 64 directed DeAuth (code 7). STMAC: [FF:FF:FF:FF:FF:FF] [16|16 ACKs]13:12:56  Sending 64 directed DeAuth (code 7). STMAC: [FF:FF:FF:FF:FF:FF] [16|17 ACKs]13:12:56  Sending 64 directed DeAuth (code 7). STMAC: [FF:FF:FF:FF:FF:FF] [17|17 ACKs]13:12:56  Sending 64 directed DeAuth (code 7). STMAC: [FF:FF:FF:FF:FF:FF] [17|18 ACKs]13:12:56  Sending 64 directed DeAuth (code 7). STMAC: [FF:FF:FF:FF:FF:FF] [18|18 ACKs]13:12:56  Sending 64 directed DeAuth (code 7). STMAC: [FF:FF:FF:FF:FF:FF] [18|19 ACKs]13:12:56  Sending 64 directed DeAuth (code 7). STMAC: [FF:FF:FF:FF:FF:FF] [19|19 ACKs]13:12:56  Sending 64 directed DeAuth (code 7). STMAC: [FF:FF:FF:FF:FF:FF] [19|20 ACKs]13:12:56  Sending 64 directed DeAuth (code 7). STMAC: [FF:FF:FF:FF:FF:FF] [19|20 ACKs]13:12:56  Sending 64 directed DeAuth (code 7). STMAC: [FF:FF:FF:FF:FF:FF] [19|21 ACKs]13:12:56  Sending 64 directed DeAuth (code 7). STMAC: [FF:FF:FF:FF:FF:FF] [19|22 ACKs]13:12:56  Sending 64 directed DeAuth (code 7). STMAC: [FF:FF:FF:FF:FF:FF] [19|23 ACKs]13:12:56  Sending 64 directed DeAuth (code 7). STMAC: [FF:FF:FF:FF:FF:FF] [19|24 ACKs]13:12:56  Sending 64 directed DeAuth (code 7). STMAC: [FF:FF:FF:FF:FF:FF] [19|25 ACKs]13:12:56  Sending 64 directed DeAuth (code 7). STMAC: [FF:FF:FF:FF:FF:FF] [19|26 ACKs]13:12:56  Sending 64 directed DeAuth (code 7). STMAC: [FF:FF:FF:FF:FF:FF] [19|27 ACKs]13:12:56  Sending 64 directed DeAuth (code 7). STMAC: [FF:FF:FF:FF:FF:FF] [19|28 ACKs]13:12:56  Sending 64 directed DeAuth (code 7). STMAC: [FF:FF:FF:FF:FF:FF] [19|29 ACKs]13:12:56  Sending 64 directed DeAuth (code 7). STMAC: [FF:FF:FF:FF:FF:FF] [19|30 ACKs]13:12:56  Sending 64 directed DeAuth (code 7). STMAC: [FF:FF:FF:FF:FF:FF] [19|31 ACKs]13:12:56  Sending 64 directed DeAuth (code 7). STMAC: [FF:FF:FF:FF:FF:FF] [19|32 ACKs]13:12:56  Sending 64 directed DeAuth (code 7). STMAC: [FF:FF:FF:FF:FF:FF] [19|33 ACKs]13:12:56  Sending 64 directed DeAuth (code 7). STMAC: [FF:FF:FF:FF:FF:FF] [19|34 ACKs]13:12:56  Sending 64 directed DeAuth (code 7). STMAC: [FF:FF:FF:FF:FF:FF] [19|35 ACKs]13:12:56  Sending 64 directed DeAuth (code 7). STMAC: [FF:FF:FF:FF:FF:FF] [19|36 ACKs]13:12:56  Sending 64 directed DeAuth (code 7). STMAC: [FF:FF:FF:FF:FF:FF] [19|37 ACKs]13:12:56  Sending 64 directed DeAuth (code 7). STMAC: [FF:FF:FF:FF:FF:FF] [19|38 ACKs]13:12:56  Sending 64 directed DeAuth (code 7). STMAC: [FF:FF:FF:FF:FF:FF] [19|39 ACKs]13:12:56  Sending 64 directed DeAuth (code 7). STMAC: [FF:FF:FF:FF:FF:FF] [19|40 ACKs]13:12:56  Sending 64 directed DeAuth (code 7). STMAC: [FF:FF:FF:FF:FF:FF] [19|41 ACKs]13:12:56  Sending 64 directed DeAuth (code 7). STMAC: [FF:FF:FF:FF:FF:FF] [19|42 ACKs]13:12:56  Sending 64 directed DeAuth (code 7). STMAC: [FF:FF:FF:FF:FF:FF] [19|43 ACKs]13:12:56  Sending 64 directed DeAuth (code 7). STMAC: [FF:FF:FF:FF:FF:FF] [19|44 ACKs]13:12:56  Sending 64 directed DeAuth (code 7). STMAC: [FF:FF:FF:FF:FF:FF] [20|44 ACKs]13:12:56  Sending 64 directed DeAuth (code 7). STMAC: [FF:FF:FF:FF:FF:FF] [20|45 ACKs]13:12:56  Sending 64 directed DeAuth (code 7). STMAC: [FF:FF:FF:FF:FF:FF] [21|45 ACKs]13:12:56  Sending 64 directed DeAuth (code 7). STMAC: [FF:FF:FF:FF:FF:FF] [21|46 ACKs]13:12:56  Sending 64 directed DeAuth (code 7). STMAC: [FF:FF:FF:FF:FF:FF] [21|47 ACKs]13:12:56  Sending 64 directed DeAuth (code 7). STMAC: [FF:FF:FF:FF:FF:FF] [22|47 ACKs]13:12:56  Sending 64 directed DeAuth (code 7). STMAC: [FF:FF:FF:FF:FF:FF] [22|48 ACKs]13:12:56  Sending 64 directed DeAuth (code 7). STMAC: [FF:FF:FF:FF:FF:FF] [22|49 ACKs]13:12:56  Sending 64 directed DeAuth (code 7). STMAC: [FF:FF:FF:FF:FF:FF] [22|50 ACKs]13:12:56  Sending 64 directed DeAuth (code 7). STMAC: [FF:FF:FF:FF:FF:FF] [22|51 ACKs]13:12:56  Sending 64 directed DeAuth (code 7). STMAC: [FF:FF:FF:FF:FF:FF] [22|52 ACKs]13:12:56  Sending 64 directed DeAuth (code 7). STMAC: [FF:FF:FF:FF:FF:FF] [22|53 ACKs]13:12:56  Sending 64 directed DeAuth (code 7). STMAC: [FF:FF:FF:FF:FF:FF] [22|54 ACKs]13:12:56  Sending 64 directed DeAuth (code 7). STMAC: [FF:FF:FF:FF:FF:FF] [22|55 ACKs]13:12:56  Sending 64 directed DeAuth (code 7). STMAC: [FF:FF:FF:FF:FF:FF] [22|56 ACKs]13:12:56  Sending 64 directed DeAuth (code 7). STMAC: [FF:FF:FF:FF:FF:FF] [22|57 ACKs]13:12:56  Sending 64 directed DeAuth (code 7). STMAC: [FF:FF:FF:FF:FF:FF] [22|58 ACKs]13:12:56  Sending 64 directed DeAuth (code 7). STMAC: [FF:FF:FF:FF:FF:FF] [22|59 ACKs]13:12:56  Sending 64 directed DeAuth (code 7). STMAC: [FF:FF:FF:FF:FF:FF] [22|60 ACKs]13:12:56  Sending 64 directed DeAuth (code 7). STMAC: [FF:FF:FF:FF:FF:FF] [22|61 ACKs]13:12:56  Sending 64 directed DeAuth (code 7). STMAC: [FF:FF:FF:FF:FF:FF] [22|62 ACKs]13:12:56  Sending 64 directed DeAuth (code 7). STMAC: [FF:FF:FF:FF:FF:FF] [22|63 ACKs]13:12:56  Sending 64 directed DeAuth (code 7). STMAC: [FF:FF:FF:FF:FF:FF] [22|64 ACKs]
13:12:57  Sending 64 directed DeAuth (code 7). STMAC: [FF:FF:FF:FF:FF:FF] [ 0| 0 ACKs]13:12:57  Sending 64 directed DeAuth (code 7). STMAC: [FF:FF:FF:FF:FF:FF] [ 0| 1 ACKs]13:12:57  Sending 64 directed DeAuth (code 7). STMAC: [FF:FF:FF:FF:FF:FF] [ 0| 2 ACKs]13:12:57  Sending 64 directed DeAuth (code 7). STMAC: [FF:FF:FF:FF:FF:FF] [ 0| 3 ACKs]13:12:57  Sending 64 directed DeAuth (code 7). STMAC: [FF:FF:FF:FF:FF:FF] [ 0| 4 ACKs]13:12:57  Sending 64 directed DeAuth (code 7). STMAC: [FF:FF:FF:FF:FF:FF] [ 0| 5 ACKs]13:12:57  Sending 64 directed DeAuth (code 7). STMAC: [FF:FF:FF:FF:FF:FF] [ 0| 6 ACKs]13:12:57  Sending 64 directed DeAuth (code 7). STMAC: [FF:FF:FF:FF:FF:FF] [ 0| 7 ACKs]13:12:57  Sending 64 directed DeAuth (code 7). STMAC: [FF:FF:FF:FF:FF:FF] [ 0| 8 ACKs]13:12:57  Sending 64 directed DeAuth (code 7). STMAC: [FF:FF:FF:FF:FF:FF] [ 0| 9 ACKs]13:12:57  Sending 64 directed DeAuth (code 7). STMAC: [FF:FF:FF:FF:FF:FF] [ 0|10 ACKs]13:12:57  Sending 64 directed DeAuth (code 7). STMAC: [FF:FF:FF:FF:FF:FF] [ 0|11 ACKs]13:12:57  Sending 64 directed DeAuth (code 7). STMAC: [FF:FF:FF:FF:FF:FF] [ 0|12 ACKs]13:12:57  Sending 64 directed DeAuth (code 7). STMAC: [FF:FF:FF:FF:FF:FF] [ 0|13 ACKs]13:12:57  Sending 64 directed DeAuth (code 7). STMAC: [FF:FF:FF:FF:FF:FF] [ 0|14 ACKs]13:12:57  Sending 64 directed DeAuth (code 7). STMAC: [FF:FF:FF:FF:FF:FF] [ 0|15 ACKs]13:12:57  Sending 64 directed DeAuth (code 7). STMAC: [FF:FF:FF:FF:FF:FF] [ 0|16 ACKs]13:12:57  Sending 64 directed DeAuth (code 7). STMAC: [FF:FF:FF:FF:FF:FF] [ 0|17 ACKs]13:12:57  Sending 64 directed DeAuth (code 7). STMAC: [FF:FF:FF:FF:FF:FF] [ 0|18 ACKs]13:12:57  Sending 64 directed DeAuth (code 7). STMAC: [FF:FF:FF:FF:FF:FF] [ 0|19 ACKs]13:12:57  Sending 64 directed DeAuth (code 7). STMAC: [FF:FF:FF:FF:FF:FF] [ 0|20 ACKs]13:12:57  Sending 64 directed DeAuth (code 7). STMAC: [FF:FF:FF:FF:FF:FF] [ 0|21 ACKs]13:12:57  Sending 64 directed DeAuth (code 7). STMAC: [FF:FF:FF:FF:FF:FF] [ 0|22 ACKs]13:12:57  Sending 64 directed DeAuth (code 7). STMAC: [FF:FF:FF:FF:FF:FF] [ 0|23 ACKs]13:12:57  Sending 64 directed DeAuth (code 7). STMAC: [FF:FF:FF:FF:FF:FF] [ 0|24 ACKs]13:12:57  Sending 64 directed DeAuth (code 7). STMAC: [FF:FF:FF:FF:FF:FF] [ 0|25 ACKs]13:12:57  Sending 64 directed DeAuth (code 7). STMAC: [FF:FF:FF:FF:FF:FF] [ 0|26 ACKs]13:12:57  Sending 64 directed DeAuth (code 7). STMAC: [FF:FF:FF:FF:FF:FF] [ 0|27 ACKs]13:12:57  Sending 64 directed DeAuth (code 7). STMAC: [FF:FF:FF:FF:FF:FF] [ 0|28 ACKs]13:12:57  Sending 64 directed DeAuth (code 7). STMAC: [FF:FF:FF:FF:FF:FF] [ 0|29 ACKs]13:12:57  Sending 64 directed DeAuth (code 7). STMAC: [FF:FF:FF:FF:FF:FF] [ 0|30 ACKs]13:12:57  Sending 64 directed DeAuth (code 7). STMAC: [FF:FF:FF:FF:FF:FF] [ 0|31 ACKs]13:12:57  Sending 64 directed DeAuth (code 7). STMAC: [FF:FF:FF:FF:FF:FF] [ 0|32 ACKs]13:12:57  Sending 64 directed DeAuth (code 7). STMAC: [FF:FF:FF:FF:FF:FF] [ 0|33 ACKs]13:12:57  Sending 64 directed DeAuth (code 7). STMAC: [FF:FF:FF:FF:FF:FF] [ 0|34 ACKs]13:12:57  Sending 64 directed DeAuth (code 7). STMAC: [FF:FF:FF:FF:FF:FF] [ 0|35 ACKs]13:12:57  Sending 64 directed DeAuth (code 7). STMAC: [FF:FF:FF:FF:FF:FF] [ 0|36 ACKs]13:12:57  Sending 64 directed DeAuth (code 7). STMAC: [FF:FF:FF:FF:FF:FF] [ 0|36 ACKs]13:12:57  Sending 64 directed DeAuth (code 7). STMAC: [FF:FF:FF:FF:FF:FF] [ 1|36 ACKs]13:12:57  Sending 64 directed DeAuth (code 7). STMAC: [FF:FF:FF:FF:FF:FF] [ 1|36 ACKs]13:12:57  Sending 64 directed DeAuth (code 7). STMAC: [FF:FF:FF:FF:FF:FF] [ 1|37 ACKs]13:12:57  Sending 64 directed DeAuth (code 7). STMAC: [FF:FF:FF:FF:FF:FF] [ 2|37 ACKs]13:12:57  Sending 64 directed DeAuth (code 7). STMAC: [FF:FF:FF:FF:FF:FF] [ 2|38 ACKs]13:12:57  Sending 64 directed DeAuth (code 7). STMAC: [FF:FF:FF:FF:FF:FF] [ 2|39 ACKs]13:12:57  Sending 64 directed DeAuth (code 7). STMAC: [FF:FF:FF:FF:FF:FF] [ 2|40 ACKs]13:12:57  Sending 64 directed DeAuth (code 7). STMAC: [FF:FF:FF:FF:FF:FF] [ 2|41 ACKs]13:12:57  Sending 64 directed DeAuth (code 7). STMAC: [FF:FF:FF:FF:FF:FF] [ 3|41 ACKs]13:12:57  Sending 64 directed DeAuth (code 7). STMAC: [FF:FF:FF:FF:FF:FF] [ 4|41 ACKs]13:12:57  Sending 64 directed DeAuth (code 7). STMAC: [FF:FF:FF:FF:FF:FF] [ 4|42 ACKs]13:12:57  Sending 64 directed DeAuth (code 7). STMAC: [FF:FF:FF:FF:FF:FF] [ 4|43 ACKs]13:12:57  Sending 64 directed DeAuth (code 7). STMAC: [FF:FF:FF:FF:FF:FF] [ 4|43 ACKs]13:12:57  Sending 64 directed DeAuth (code 7). STMAC: [FF:FF:FF:FF:FF:FF] [ 4|44 ACKs]13:12:57  Sending 64 directed DeAuth (code 7). STMAC: [FF:FF:FF:FF:FF:FF] [ 4|45 ACKs]13:12:57  Sending 64 directed DeAuth (code 7). STMAC: [FF:FF:FF:FF:FF:FF] [ 4|46 ACKs]13:12:57  Sending 64 directed DeAuth (code 7). STMAC: [FF:FF:FF:FF:FF:FF] [ 4|47 ACKs]13:12:57  Sending 64 directed DeAuth (code 7). STMAC: [FF:FF:FF:FF:FF:FF] [ 4|48 ACKs]13:12:57  Sending 64 directed DeAuth (code 7). STMAC: [FF:FF:FF:FF:FF:FF] [ 4|49 ACKs]13:12:57  Sending 64 directed DeAuth (code 7). STMAC: [FF:FF:FF:FF:FF:FF] [ 4|50 ACKs]13:12:57  Sending 64 directed DeAuth (code 7). STMAC: [FF:FF:FF:FF:FF:FF] [ 4|51 ACKs]13:12:57  Sending 64 directed DeAuth (code 7). STMAC: [FF:FF:FF:FF:FF:FF] [ 4|52 ACKs]13:12:57  Sending 64 directed DeAuth (code 7). STMAC: [FF:FF:FF:FF:FF:FF] [ 4|53 ACKs]13:12:57  Sending 64 directed DeAuth (code 7). STMAC: [FF:FF:FF:FF:FF:FF] [ 5|53 ACKs]13:12:57  Sending 64 directed DeAuth (code 7). STMAC: [FF:FF:FF:FF:FF:FF] [ 5|54 ACKs]13:12:57  Sending 64 directed DeAuth (code 7). STMAC: [FF:FF:FF:FF:FF:FF] [ 5|55 ACKs]13:12:57  Sending 64 directed DeAuth (code 7). STMAC: [FF:FF:FF:FF:FF:FF] [ 5|56 ACKs]13:12:57  Sending 64 directed DeAuth (code 7). STMAC: [FF:FF:FF:FF:FF:FF] [ 5|57 ACKs]13:12:57  Sending 64 directed DeAuth (code 7). STMAC: [FF:FF:FF:FF:FF:FF] [ 5|58 ACKs]13:12:57  Sending 64 directed DeAuth (code 7). STMAC: [FF:FF:FF:FF:FF:FF] [ 5|59 ACKs]13:12:57  Sending 64 directed DeAuth (code 7). STMAC: [FF:FF:FF:FF:FF:FF] [ 5|60 ACKs]13:12:57  Sending 64 directed DeAuth (code 7). STMAC: [FF:FF:FF:FF:FF:FF] [ 5|61 ACKs]13:12:57  Sending 64 directed DeAuth (code 7). STMAC: [FF:FF:FF:FF:FF:FF] [ 5|62 ACKs]13:12:57  Sending 64 directed DeAuth (code 7). STMAC: [FF:FF:FF:FF:FF:FF] [ 5|63 ACKs]13:12:57  Sending 64 directed DeAuth (code 7). STMAC: [FF:FF:FF:FF:FF:FF] [ 5|64 ACKs]
13:12:57  Sending 64 directed DeAuth (code 7). STMAC: [FF:FF:FF:FF:FF:FF] [ 0| 0 ACKs]13:12:57  Sending 64 directed DeAuth (code 7). STMAC: [FF:FF:FF:FF:FF:FF] [ 1| 0 ACKs]13:12:57  Sending 64 directed DeAuth (code 7). STMAC: [FF:FF:FF:FF:FF:FF] [ 2| 0 ACKs]13:12:57  Sending 64 directed DeAuth (code 7). STMAC: [FF:FF:FF:FF:FF:FF] [ 2| 0 ACKs]13:12:57  Sending 64 directed DeAuth (code 7). STMAC: [FF:FF:FF:FF:FF:FF] [ 2| 1 ACKs]13:12:57  Sending 64 directed DeAuth (code 7). STMAC: [FF:FF:FF:FF:FF:FF] [ 2| 2 ACKs]13:12:57  Sending 64 directed DeAuth (code 7). STMAC: [FF:FF:FF:FF:FF:FF] [ 2| 3 ACKs]13:12:57  Sending 64 directed DeAuth (code 7). STMAC: [FF:FF:FF:FF:FF:FF] [ 2| 4 ACKs]13:12:57  Sending 64 directed DeAuth (code 7). STMAC: [FF:FF:FF:FF:FF:FF] [ 2| 5 ACKs]13:12:57  Sending 64 directed DeAuth (code 7). STMAC: [FF:FF:FF:FF:FF:FF] [ 2| 6 ACKs]13:12:57  Sending 64 directed DeAuth (code 7). STMAC: [FF:FF:FF:FF:FF:FF] [ 2| 7 ACKs]13:12:57  Sending 64 directed DeAuth (code 7). STMAC: [FF:FF:FF:FF:FF:FF] [ 2| 8 ACKs]13:12:57  Sending 64 directed DeAuth (code 7). STMAC: [FF:FF:FF:FF:FF:FF] [ 2| 9 ACKs]13:12:57  Sending 64 directed DeAuth (code 7). STMAC: [FF:FF:FF:FF:FF:FF] [ 2|10 ACKs]13:12:57  Sending 64 directed DeAuth (code 7). STMAC: [FF:FF:FF:FF:FF:FF] [ 2|11 ACKs]13:12:57  Sending 64 directed DeAuth (code 7). STMAC: [FF:FF:FF:FF:FF:FF] [ 2|12 ACKs]13:12:57  Sending 64 directed DeAuth (code 7). STMAC: [FF:FF:FF:FF:FF:FF] [ 2|13 ACKs]13:12:57  Sending 64 directed DeAuth (code 7). STMAC: [FF:FF:FF:FF:FF:FF] [ 2|14 ACKs]13:12:57  Sending 64 directed DeAuth (code 7). STMAC: [FF:FF:FF:FF:FF:FF] [ 2|15 ACKs]13:12:57  Sending 64 directed DeAuth (code 7). STMAC: [FF:FF:FF:FF:FF:FF] [ 2|16 ACKs]13:12:57  Sending 64 directed DeAuth (code 7). STMAC: [FF:FF:FF:FF:FF:FF] [ 2|17 ACKs]13:12:57  Sending 64 directed DeAuth (code 7). STMAC: [FF:FF:FF:FF:FF:FF] [ 2|18 ACKs]13:12:57  Sending 64 directed DeAuth (code 7). STMAC: [FF:FF:FF:FF:FF:FF] [ 2|19 ACKs]13:12:57  Sending 64 directed DeAuth (code 7). STMAC: [FF:FF:FF:FF:FF:FF] [ 2|20 ACKs]13:12:57  Sending 64 directed DeAuth (code 7). STMAC: [FF:FF:FF:FF:FF:FF] [ 2|21 ACKs]13:12:57  Sending 64 directed DeAuth (code 7). STMAC: [FF:FF:FF:FF:FF:FF] [ 2|22 ACKs]13:12:57  Sending 64 directed DeAuth (code 7). STMAC: [FF:FF:FF:FF:FF:FF] [ 2|23 ACKs]13:12:57  Sending 64 directed DeAuth (code 7). STMAC: [FF:FF:FF:FF:FF:FF] [ 2|24 ACKs]13:12:57  Sending 64 directed DeAuth (code 7). STMAC: [FF:FF:FF:FF:FF:FF] [ 2|25 ACKs]13:12:57  Sending 64 directed DeAuth (code 7). STMAC: [FF:FF:FF:FF:FF:FF] [ 2|26 ACKs]13:12:57  Sending 64 directed DeAuth (code 7). STMAC: [FF:FF:FF:FF:FF:FF] [ 2|27 ACKs]13:12:57  Sending 64 directed DeAuth (code 7). STMAC: [FF:FF:FF:FF:FF:FF] [ 2|28 ACKs]13:12:57  Sending 64 directed DeAuth (code 7). STMAC: [FF:FF:FF:FF:FF:FF] [ 2|29 ACKs]13:12:57  Sending 64 directed DeAuth (code 7). STMAC: [FF:FF:FF:FF:FF:FF] [ 2|30 ACKs]13:12:57  Sending 64 directed DeAuth (code 7). STMAC: [FF:FF:FF:FF:FF:FF] [ 2|31 ACKs]13:12:57  Sending 64 directed DeAuth (code 7). STMAC: [FF:FF:FF:FF:FF:FF] [ 2|32 ACKs]13:12:57  Sending 64 directed DeAuth (code 7). STMAC: [FF:FF:FF:FF:FF:FF] [ 2|33 ACKs]13:12:57  Sending 64 directed DeAuth (code 7). STMAC: [FF:FF:FF:FF:FF:FF] [ 2|34 ACKs]13:12:57  Sending 64 directed DeAuth (code 7). STMAC: [FF:FF:FF:FF:FF:FF] [ 2|35 ACKs]13:12:57  Sending 64 directed DeAuth (code 7). STMAC: [FF:FF:FF:FF:FF:FF] [ 2|36 ACKs]13:12:57  Sending 64 directed DeAuth (code 7). STMAC: [FF:FF:FF:FF:FF:FF] [ 2|37 ACKs]13:12:57  Sending 64 directed DeAuth (code 7). STMAC: [FF:FF:FF:FF:FF:FF] [ 2|38 ACKs]13:12:57  Sending 64 directed DeAuth (code 7). STMAC: [FF:FF:FF:FF:FF:FF] [ 2|39 ACKs]13:12:57  Sending 64 directed DeAuth (code 7). STMAC: [FF:FF:FF:FF:FF:FF] [ 2|40 ACKs]13:12:57  Sending 64 directed DeAuth (code 7). STMAC: [FF:FF:FF:FF:FF:FF] [ 2|41 ACKs]13:12:57  Sending 64 directed DeAuth (code 7). STMAC: [FF:FF:FF:FF:FF:FF] [ 2|42 ACKs]13:12:57  Sending 64 directed DeAuth (code 7). STMAC: [FF:FF:FF:FF:FF:FF] [ 2|43 ACKs]13:12:57  Sending 64 directed DeAuth (code 7). STMAC: [FF:FF:FF:FF:FF:FF] [ 2|44 ACKs]13:12:57  Sending 64 directed DeAuth (code 7). STMAC: [FF:FF:FF:FF:FF:FF] [ 2|45 ACKs]13:12:57  Sending 64 directed DeAuth (code 7). STMAC: [FF:FF:FF:FF:FF:FF] [ 2|46 ACKs]13:12:57  Sending 64 directed DeAuth (code 7). STMAC: [FF:FF:FF:FF:FF:FF] [ 2|47 ACKs]13:12:57  Sending 64 directed DeAuth (code 7). STMAC: [FF:FF:FF:FF:FF:FF] [ 2|48 ACKs]13:12:57  Sending 64 directed DeAuth (code 7). STMAC: [FF:FF:FF:FF:FF:FF] [ 2|49 ACKs]13:12:58  Sending 64 directed DeAuth (code 7). STMAC: [FF:FF:FF:FF:FF:FF] [ 2|50 ACKs]13:12:58  Sending 64 directed DeAuth (code 7). STMAC: [FF:FF:FF:FF:FF:FF] [ 2|51 ACKs]13:12:58  Sending 64 directed DeAuth (code 7). STMAC: [FF:FF:FF:FF:FF:FF] [ 2|52 ACKs]13:12:58  Sending 64 directed DeAuth (code 7). STMAC: [FF:FF:FF:FF:FF:FF] [ 2|53 ACKs]13:12:58  Sending 64 directed DeAuth (code 7). STMAC: [FF:FF:FF:FF:FF:FF] [ 2|54 ACKs]13:12:58  Sending 64 directed DeAuth (code 7). STMAC: [FF:FF:FF:FF:FF:FF] [ 2|55 ACKs]13:12:58  Sending 64 directed DeAuth (code 7). STMAC: [FF:FF:FF:FF:FF:FF] [ 2|56 ACKs]13:12:58  Sending 64 directed DeAuth (code 7). STMAC: [FF:FF:FF:FF:FF:FF] [ 2|57 ACKs]13:12:58  Sending 64 directed DeAuth (code 7). STMAC: [FF:FF:FF:FF:FF:FF] [ 2|58 ACKs]13:12:58  Sending 64 directed DeAuth (code 7). STMAC: [FF:FF:FF:FF:FF:FF] [ 2|59 ACKs]13:12:58  Sending 64 directed DeAuth (code 7). STMAC: [FF:FF:FF:FF:FF:FF] [ 2|60 ACKs]13:12:58  Sending 64 directed DeAuth (code 7). STMAC: [FF:FF:FF:FF:FF:FF] [ 2|61 ACKs]13:12:58  Sending 64 directed DeAuth (code 7). STMAC: [FF:FF:FF:FF:FF:FF] [ 2|62 ACKs]13:12:58  Sending 64 directed DeAuth (code 7). STMAC: [FF:FF:FF:FF:FF:FF] [ 2|63 ACKs]13:12:58  Sending 64 directed DeAuth (code 7). STMAC: [FF:FF:FF:FF:FF:FF] [ 2|64 ACKs]
13:12:58  Sending 64 directed DeAuth (code 7). STMAC: [FF:FF:FF:FF:FF:FF] [ 0| 0 ACKs]13:12:58  Sending 64 directed DeAuth (code 7). STMAC: [FF:FF:FF:FF:FF:FF] [ 0| 0 ACKs]13:12:58  Sending 64 directed DeAuth (code 7). STMAC: [FF:FF:FF:FF:FF:FF] [ 0| 0 ACKs]13:12:58  Sending 64 directed DeAuth (code 7). STMAC: [FF:FF:FF:FF:FF:FF] [ 0| 1 ACKs]13:12:58  Sending 64 directed DeAuth (code 7). STMAC: [FF:FF:FF:FF:FF:FF] [ 0| 2 ACKs]13:12:58  Sending 64 directed DeAuth (code 7). STMAC: [FF:FF:FF:FF:FF:FF] [ 0| 3 ACKs]13:12:58  Sending 64 directed DeAuth (code 7). STMAC: [FF:FF:FF:FF:FF:FF] [ 0| 4 ACKs]13:12:58  Sending 64 directed DeAuth (code 7). STMAC: [FF:FF:FF:FF:FF:FF] [ 0| 5 ACKs]13:12:58  Sending 64 directed DeAuth (code 7). STMAC: [FF:FF:FF:FF:FF:FF] [ 0| 6 ACKs]13:12:58  Sending 64 directed DeAuth (code 7). STMAC: [FF:FF:FF:FF:FF:FF] [ 0| 7 ACKs]13:12:58  Sending 64 directed DeAuth (code 7). STMAC: [FF:FF:FF:FF:FF:FF] [ 0| 8 ACKs]13:12:58  Sending 64 directed DeAuth (code 7). STMAC: [FF:FF:FF:FF:FF:FF] [ 0| 9 ACKs]13:12:58  Sending 64 directed DeAuth (code 7). STMAC: [FF:FF:FF:FF:FF:FF] [ 0|10 ACKs]13:12:58  Sending 64 directed DeAuth (code 7). STMAC: [FF:FF:FF:FF:FF:FF] [ 0|11 ACKs]13:12:58  Sending 64 directed DeAuth (code 7). STMAC: [FF:FF:FF:FF:FF:FF] [ 0|12 ACKs]13:12:58  Sending 64 directed DeAuth (code 7). STMAC: [FF:FF:FF:FF:FF:FF] [ 0|13 ACKs]13:12:58  Sending 64 directed DeAuth (code 7). STMAC: [FF:FF:FF:FF:FF:FF] [ 0|14 ACKs]13:12:58  Sending 64 directed DeAuth (code 7). STMAC: [FF:FF:FF:FF:FF:FF] [ 0|15 ACKs]13:12:58  Sending 64 directed DeAuth (code 7). STMAC: [FF:FF:FF:FF:FF:FF] [ 0|16 ACKs]13:12:58  Sending 64 directed DeAuth (code 7). STMAC: [FF:FF:FF:FF:FF:FF] [ 0|17 ACKs]13:12:58  Sending 64 directed DeAuth (code 7). STMAC: [FF:FF:FF:FF:FF:FF] [ 0|18 ACKs]13:12:58  Sending 64 directed DeAuth (code 7). STMAC: [FF:FF:FF:FF:FF:FF] [ 0|19 ACKs]13:12:58  Sending 64 directed DeAuth (code 7). STMAC: [FF:FF:FF:FF:FF:FF] [ 0|20 ACKs]13:12:58  Sending 64 directed DeAuth (code 7). STMAC: [FF:FF:FF:FF:FF:FF] [ 0|21 ACKs]13:12:58  Sending 64 directed DeAuth (code 7). STMAC: [FF:FF:FF:FF:FF:FF] [ 0|22 ACKs]13:12:58  Sending 64 directed DeAuth (code 7). STMAC: [FF:FF:FF:FF:FF:FF] [ 0|23 ACKs]13:12:58  Sending 64 directed DeAuth (code 7). STMAC: [FF:FF:FF:FF:FF:FF] [ 0|24 ACKs]13:12:58  Sending 64 directed DeAuth (code 7). STMAC: [FF:FF:FF:FF:FF:FF] [ 1|24 ACKs]13:12:58  Sending 64 directed DeAuth (code 7). STMAC: [FF:FF:FF:FF:FF:FF] [ 1|25 ACKs]13:12:58  Sending 64 directed DeAuth (code 7). STMAC: [FF:FF:FF:FF:FF:FF] [ 2|25 ACKs]13:12:58  Sending 64 directed DeAuth (code 7). STMAC: [FF:FF:FF:FF:FF:FF] [ 2|26 ACKs]13:12:58  Sending 64 directed DeAuth (code 7). STMAC: [FF:FF:FF:FF:FF:FF] [ 3|26 ACKs]13:12:58  Sending 64 directed DeAuth (code 7). STMAC: [FF:FF:FF:FF:FF:FF] [ 3|27 ACKs]13:12:58  Sending 64 directed DeAuth (code 7). STMAC: [FF:FF:FF:FF:FF:FF] [ 4|27 ACKs]13:12:58  Sending 64 directed DeAuth (code 7). STMAC: [FF:FF:FF:FF:FF:FF] [ 4|28 ACKs]13:12:58  Sending 64 directed DeAuth (code 7). STMAC: [FF:FF:FF:FF:FF:FF] [ 5|28 ACKs]13:12:58  Sending 64 directed DeAuth (code 7). STMAC: [FF:FF:FF:FF:FF:FF] [ 5|29 ACKs]13:12:58  Sending 64 directed DeAuth (code 7). STMAC: [FF:FF:FF:FF:FF:FF] [ 6|29 ACKs]13:12:58  Sending 64 directed DeAuth (code 7). STMAC: [FF:FF:FF:FF:FF:FF] [ 6|30 ACKs]13:12:58  Sending 64 directed DeAuth (code 7). STMAC: [FF:FF:FF:FF:FF:FF] [ 7|30 ACKs]13:12:58  Sending 64 directed DeAuth (code 7). STMAC: [FF:FF:FF:FF:FF:FF] [ 7|31 ACKs]13:12:58  Sending 64 directed DeAuth (code 7). STMAC: [FF:FF:FF:FF:FF:FF] [ 8|31 ACKs]13:12:58  Sending 64 directed DeAuth (code 7). STMAC: [FF:FF:FF:FF:FF:FF] [ 8|32 ACKs]13:12:58  Sending 64 directed DeAuth (code 7). STMAC: [FF:FF:FF:FF:FF:FF] [ 9|32 ACKs]13:12:58  Sending 64 directed DeAuth (code 7). STMAC: [FF:FF:FF:FF:FF:FF] [ 9|33 ACKs]13:12:58  Sending 64 directed DeAuth (code 7). STMAC: [FF:FF:FF:FF:FF:FF] [10|33 ACKs]13:12:58  Sending 64 directed DeAuth (code 7). STMAC: [FF:FF:FF:FF:FF:FF] [10|34 ACKs]13:12:58  Sending 64 directed DeAuth (code 7). STMAC: [FF:FF:FF:FF:FF:FF] [11|34 ACKs]13:12:58  Sending 64 directed DeAuth (code 7). STMAC: [FF:FF:FF:FF:FF:FF] [11|35 ACKs]13:12:58  Sending 64 directed DeAuth (code 7). STMAC: [FF:FF:FF:FF:FF:FF] [11|36 ACKs]13:12:58  Sending 64 directed DeAuth (code 7). STMAC: [FF:FF:FF:FF:FF:FF] [12|36 ACKs]13:12:58  Sending 64 directed DeAuth (code 7). STMAC: [FF:FF:FF:FF:FF:FF] [12|37 ACKs]13:12:58  Sending 64 directed DeAuth (code 7). STMAC: [FF:FF:FF:FF:FF:FF] [13|37 ACKs]13:12:58  Sending 64 directed DeAuth (code 7). STMAC: [FF:FF:FF:FF:FF:FF] [13|38 ACKs]13:12:58  Sending 64 directed DeAuth (code 7). STMAC: [FF:FF:FF:FF:FF:FF] [14|38 ACKs]13:12:58  Sending 64 directed DeAuth (code 7). STMAC: [FF:FF:FF:FF:FF:FF] [14|39 ACKs]13:12:58  Sending 64 directed DeAuth (code 7). STMAC: [FF:FF:FF:FF:FF:FF] [15|39 ACKs]13:12:58  Sending 64 directed DeAuth (code 7). STMAC: [FF:FF:FF:FF:FF:FF] [15|40 ACKs]13:12:58  Sending 64 directed DeAuth (code 7). STMAC: [FF:FF:FF:FF:FF:FF] [16|40 ACKs]13:12:58  Sending 64 directed DeAuth (code 7). STMAC: [FF:FF:FF:FF:FF:FF] [16|41 ACKs]13:12:58  Sending 64 directed DeAuth (code 7). STMAC: [FF:FF:FF:FF:FF:FF] [17|41 ACKs]13:12:58  Sending 64 directed DeAuth (code 7). STMAC: [FF:FF:FF:FF:FF:FF] [17|42 ACKs]13:12:58  Sending 64 directed DeAuth (code 7). STMAC: [FF:FF:FF:FF:FF:FF] [18|42 ACKs]13:12:58  Sending 64 directed DeAuth (code 7). STMAC: [FF:FF:FF:FF:FF:FF] [18|43 ACKs]13:12:58  Sending 64 directed DeAuth (code 7). STMAC: [FF:FF:FF:FF:FF:FF] [18|44 ACKs]13:12:58  Sending 64 directed DeAuth (code 7). STMAC: [FF:FF:FF:FF:FF:FF] [18|45 ACKs]13:12:58  Sending 64 directed DeAuth (code 7). STMAC: [FF:FF:FF:FF:FF:FF] [18|46 ACKs]13:12:58  Sending 64 directed DeAuth (code 7). STMAC: [FF:FF:FF:FF:FF:FF] [18|47 ACKs]13:12:58  Sending 64 directed DeAuth (code 7). STMAC: [FF:FF:FF:FF:FF:FF] [18|48 ACKs]13:12:58  Sending 64 directed DeAuth (code 7). STMAC: [FF:FF:FF:FF:FF:FF] [18|49 ACKs]13:12:58  Sending 64 directed DeAuth (code 7). STMAC: [FF:FF:FF:FF:FF:FF] [18|50 ACKs]13:12:58  Sending 64 directed DeAuth (code 7). STMAC: [FF:FF:FF:FF:FF:FF] [18|51 ACKs]13:12:58  Sending 64 directed DeAuth (code 7). STMAC: [FF:FF:FF:FF:FF:FF] [18|52 ACKs]13:12:58  Sending 64 directed DeAuth (code 7). STMAC: [FF:FF:FF:FF:FF:FF] [18|53 ACKs]13:12:58  Sending 64 directed DeAuth (code 7). STMAC: [FF:FF:FF:FF:FF:FF] [18|54 ACKs]13:12:58  Sending 64 directed DeAuth (code 7). STMAC: [FF:FF:FF:FF:FF:FF] [18|55 ACKs]13:12:58  Sending 64 directed DeAuth (code 7). STMAC: [FF:FF:FF:FF:FF:FF] [18|56 ACKs]13:12:58  Sending 64 directed DeAuth (code 7). STMAC: [FF:FF:FF:FF:FF:FF] [18|57 ACKs]13:12:58  Sending 64 directed DeAuth (code 7). STMAC: [FF:FF:FF:FF:FF:FF] [18|58 ACKs]13:12:58  Sending 64 directed DeAuth (code 7). STMAC: [FF:FF:FF:FF:FF:FF] [18|59 ACKs]13:12:58  Sending 64 directed DeAuth (code 7). STMAC: [FF:FF:FF:FF:FF:FF] [18|60 ACKs]13:12:58  Sending 64 directed DeAuth (code 7). STMAC: [FF:FF:FF:FF:FF:FF] [18|61 ACKs]13:12:58  Sending 64 directed DeAuth (code 7). STMAC: [FF:FF:FF:FF:FF:FF] [18|62 ACKs]13:12:58  Sending 64 directed DeAuth (code 7). STMAC: [FF:FF:FF:FF:FF:FF] [18|63 ACKs]13:12:58  Sending 64 directed DeAuth (code 7). STMAC: [FF:FF:FF:FF:FF:FF] [18|64 ACKs]
13:12:58  Sending 64 directed DeAuth (code 7). STMAC: [FF:FF:FF:FF:FF:FF] [ 0| 0 ACKs]13:12:58  Sending 64 directed DeAuth (code 7). STMAC: [FF:FF:FF:FF:FF:FF] [ 0| 1 ACKs]13:12:58  Sending 64 directed DeAuth (code 7). STMAC: [FF:FF:FF:FF:FF:FF] [ 0| 2 ACKs]13:12:58  Sending 64 directed DeAuth (code 7). STMAC: [FF:FF:FF:FF:FF:FF] [ 0| 3 ACKs]13:12:58  Sending 64 directed DeAuth (code 7). STMAC: [FF:FF:FF:FF:FF:FF] [ 0| 4 ACKs]13:12:58  Sending 64 directed DeAuth (code 7). STMAC: [FF:FF:FF:FF:FF:FF] [ 0| 5 ACKs]13:12:58  Sending 64 directed DeAuth (code 7). STMAC: [FF:FF:FF:FF:FF:FF] [ 0| 6 ACKs]13:12:58  Sending 64 directed DeAuth (code 7). STMAC: [FF:FF:FF:FF:FF:FF] [ 0| 7 ACKs]13:12:58  Sending 64 directed DeAuth (code 7). STMAC: [FF:FF:FF:FF:FF:FF] [ 0| 8 ACKs]13:12:58  Sending 64 directed DeAuth (code 7). STMAC: [FF:FF:FF:FF:FF:FF] [ 0| 9 ACKs]13:12:58  Sending 64 directed DeAuth (code 7). STMAC: [FF:FF:FF:FF:FF:FF] [ 0|10 ACKs]13:12:58  Sending 64 directed DeAuth (code 7). STMAC: [FF:FF:FF:FF:FF:FF] [ 0|11 ACKs]13:12:58  Sending 64 directed DeAuth (code 7). STMAC: [FF:FF:FF:FF:FF:FF] [ 0|12 ACKs]13:12:58  Sending 64 directed DeAuth (code 7). STMAC: [FF:FF:FF:FF:FF:FF] [ 0|13 ACKs]13:12:58  Sending 64 directed DeAuth (code 7). STMAC: [FF:FF:FF:FF:FF:FF] [ 0|14 ACKs]13:12:58  Sending 64 directed DeAuth (code 7). STMAC: [FF:FF:FF:FF:FF:FF] [ 0|15 ACKs]13:12:58  Sending 64 directed DeAuth (code 7). STMAC: [FF:FF:FF:FF:FF:FF] [ 0|16 ACKs]13:12:58  Sending 64 directed DeAuth (code 7). STMAC: [FF:FF:FF:FF:FF:FF] [ 0|17 ACKs]13:12:58  Sending 64 directed DeAuth (code 7). STMAC: [FF:FF:FF:FF:FF:FF] [ 0|18 ACKs]13:12:58  Sending 64 directed DeAuth (code 7). STMAC: [FF:FF:FF:FF:FF:FF] [ 0|19 ACKs]13:12:58  Sending 64 directed DeAuth (code 7). STMAC: [FF:FF:FF:FF:FF:FF] [ 0|20 ACKs]13:12:58  Sending 64 directed DeAuth (code 7). STMAC: [FF:FF:FF:FF:FF:FF] [ 0|21 ACKs]13:12:58  Sending 64 directed DeAuth (code 7). STMAC: [FF:FF:FF:FF:FF:FF] [ 0|22 ACKs]13:12:58  Sending 64 directed DeAuth (code 7). STMAC: [FF:FF:FF:FF:FF:FF] [ 0|23 ACKs]13:12:58  Sending 64 directed DeAuth (code 7). STMAC: [FF:FF:FF:FF:FF:FF] [ 0|24 ACKs]13:12:58  Sending 64 directed DeAuth (code 7). STMAC: [FF:FF:FF:FF:FF:FF] [ 0|25 ACKs]13:12:58  Sending 64 directed DeAuth (code 7). STMAC: [FF:FF:FF:FF:FF:FF] [ 0|26 ACKs]13:12:58  Sending 64 directed DeAuth (code 7). STMAC: [FF:FF:FF:FF:FF:FF] [ 0|27 ACKs]13:12:58  Sending 64 directed DeAuth (code 7). STMAC: [FF:FF:FF:FF:FF:FF] [ 0|28 ACKs]13:12:58  Sending 64 directed DeAuth (code 7). STMAC: [FF:FF:FF:FF:FF:FF] [ 0|29 ACKs]13:12:58  Sending 64 directed DeAuth (code 7). STMAC: [FF:FF:FF:FF:FF:FF] [ 0|30 ACKs]13:12:58  Sending 64 directed DeAuth (code 7). STMAC: [FF:FF:FF:FF:FF:FF] [ 0|31 ACKs]13:12:59  Sending 64 directed DeAuth (code 7). STMAC: [FF:FF:FF:FF:FF:FF] [ 0|32 ACKs]13:12:59  Sending 64 directed DeAuth (code 7). STMAC: [FF:FF:FF:FF:FF:FF] [ 0|33 ACKs]13:12:59  Sending 64 directed DeAuth (code 7). STMAC: [FF:FF:FF:FF:FF:FF] [ 0|34 ACKs]13:12:59  Sending 64 directed DeAuth (code 7). STMAC: [FF:FF:FF:FF:FF:FF] [ 0|35 ACKs]13:12:59  Sending 64 directed DeAuth (code 7). STMAC: [FF:FF:FF:FF:FF:FF] [ 0|36 ACKs]13:12:59  Sending 64 directed DeAuth (code 7). STMAC: [FF:FF:FF:FF:FF:FF] [ 1|36 ACKs]13:12:59  Sending 64 directed DeAuth (code 7). STMAC: [FF:FF:FF:FF:FF:FF] [ 1|37 ACKs]13:12:59  Sending 64 directed DeAuth (code 7). STMAC: [FF:FF:FF:FF:FF:FF] [ 1|38 ACKs]13:12:59  Sending 64 directed DeAuth (code 7). STMAC: [FF:FF:FF:FF:FF:FF] [ 1|39 ACKs]13:12:59  Sending 64 directed DeAuth (code 7). STMAC: [FF:FF:FF:FF:FF:FF] [ 1|40 ACKs]13:12:59  Sending 64 directed DeAuth (code 7). STMAC: [FF:FF:FF:FF:FF:FF] [ 1|41 ACKs]13:12:59  Sending 64 directed DeAuth (code 7). STMAC: [FF:FF:FF:FF:FF:FF] [ 1|42 ACKs]13:12:59  Sending 64 directed DeAuth (code 7). STMAC: [FF:FF:FF:FF:FF:FF] [ 1|43 ACKs]13:12:59  Sending 64 directed DeAuth (code 7). STMAC: [FF:FF:FF:FF:FF:FF] [ 1|44 ACKs]13:12:59  Sending 64 directed DeAuth (code 7). STMAC: [FF:FF:FF:FF:FF:FF] [ 1|45 ACKs]13:12:59  Sending 64 directed DeAuth (code 7). STMAC: [FF:FF:FF:FF:FF:FF] [ 1|46 ACKs]13:12:59  Sending 64 directed DeAuth (code 7). STMAC: [FF:FF:FF:FF:FF:FF] [ 1|47 ACKs]13:12:59  Sending 64 directed DeAuth (code 7). STMAC: [FF:FF:FF:FF:FF:FF] [ 1|48 ACKs]13:12:59  Sending 64 directed DeAuth (code 7). STMAC: [FF:FF:FF:FF:FF:FF] [ 1|49 ACKs]13:12:59  Sending 64 directed DeAuth (code 7). STMAC: [FF:FF:FF:FF:FF:FF] [ 1|50 ACKs]13:12:59  Sending 64 directed DeAuth (code 7). STMAC: [FF:FF:FF:FF:FF:FF] [ 1|51 ACKs]13:12:59  Sending 64 directed DeAuth (code 7). STMAC: [FF:FF:FF:FF:FF:FF] [ 1|52 ACKs]13:12:59  Sending 64 directed DeAuth (code 7). STMAC: [FF:FF:FF:FF:FF:FF] [ 1|53 ACKs]13:12:59  Sending 64 directed DeAuth (code 7). STMAC: [FF:FF:FF:FF:FF:FF] [ 1|54 ACKs]13:12:59  Sending 64 directed DeAuth (code 7). STMAC: [FF:FF:FF:FF:FF:FF] [ 1|55 ACKs]13:12:59  Sending 64 directed DeAuth (code 7). STMAC: [FF:FF:FF:FF:FF:FF] [ 1|56 ACKs]13:12:59  Sending 64 directed DeAuth (code 7). STMAC: [FF:FF:FF:FF:FF:FF] [ 1|57 ACKs]13:12:59  Sending 64 directed DeAuth (code 7). STMAC: [FF:FF:FF:FF:FF:FF] [ 1|58 ACKs]13:12:59  Sending 64 directed DeAuth (code 7). STMAC: [FF:FF:FF:FF:FF:FF] [ 1|59 ACKs]13:12:59  Sending 64 directed DeAuth (code 7). STMAC: [FF:FF:FF:FF:FF:FF] [ 1|60 ACKs]13:12:59  Sending 64 directed DeAuth (code 7). STMAC: [FF:FF:FF:FF:FF:FF] [ 1|61 ACKs]13:12:59  Sending 64 directed DeAuth (code 7). STMAC: [FF:FF:FF:FF:FF:FF] [ 1|62 ACKs]13:12:59  Sending 64 directed DeAuth (code 7). STMAC: [FF:FF:FF:FF:FF:FF] [ 1|63 ACKs]13:12:59  Sending 64 directed DeAuth (code 7). STMAC: [FF:FF:FF:FF:FF:FF] [ 1|64 ACKs]
13:12:59  Sending 64 directed DeAuth (code 7). STMAC: [FF:FF:FF:FF:FF:FF] [ 0| 0 ACKs]13:12:59  Sending 64 directed DeAuth (code 7). STMAC: [FF:FF:FF:FF:FF:FF] [ 0| 0 ACKs]13:12:59  Sending 64 directed DeAuth (code 7). STMAC: [FF:FF:FF:FF:FF:FF] [ 0| 1 ACKs]13:12:59  Sending 64 directed DeAuth (code 7). STMAC: [FF:FF:FF:FF:FF:FF] [ 1| 1 ACKs]13:12:59  Sending 64 directed DeAuth (code 7). STMAC: [FF:FF:FF:FF:FF:FF] [ 1| 2 ACKs]13:12:59  Sending 64 directed DeAuth (code 7). STMAC: [FF:FF:FF:FF:FF:FF] [ 2| 2 ACKs]13:12:59  Sending 64 directed DeAuth (code 7). STMAC: [FF:FF:FF:FF:FF:FF] [ 2| 3 ACKs]13:12:59  Sending 64 directed DeAuth (code 7). STMAC: [FF:FF:FF:FF:FF:FF] [ 3| 3 ACKs]13:12:59  Sending 64 directed DeAuth (code 7). STMAC: [FF:FF:FF:FF:FF:FF] [ 3| 4 ACKs]13:12:59  Sending 64 directed DeAuth (code 7). STMAC: [FF:FF:FF:FF:FF:FF] [ 4| 4 ACKs]13:12:59  Sending 64 directed DeAuth (code 7). STMAC: [FF:FF:FF:FF:FF:FF] [ 4| 5 ACKs]13:12:59  Sending 64 directed DeAuth (code 7). STMAC: [FF:FF:FF:FF:FF:FF] [ 4| 6 ACKs]13:12:59  Sending 64 directed DeAuth (code 7). STMAC: [FF:FF:FF:FF:FF:FF] [ 5| 6 ACKs]13:12:59  Sending 64 directed DeAuth (code 7). STMAC: [FF:FF:FF:FF:FF:FF] [ 5| 7 ACKs]13:12:59  Sending 64 directed DeAuth (code 7). STMAC: [FF:FF:FF:FF:FF:FF] [ 6| 7 ACKs]13:12:59  Sending 64 directed DeAuth (code 7). STMAC: [FF:FF:FF:FF:FF:FF] [ 6| 8 ACKs]13:12:59  Sending 64 directed DeAuth (code 7). STMAC: [FF:FF:FF:FF:FF:FF] [ 7| 8 ACKs]13:12:59  Sending 64 directed DeAuth (code 7). STMAC: [FF:FF:FF:FF:FF:FF] [ 7| 9 ACKs]13:12:59  Sending 64 directed DeAuth (code 7). STMAC: [FF:FF:FF:FF:FF:FF] [ 8| 9 ACKs]13:12:59  Sending 64 directed DeAuth (code 7). STMAC: [FF:FF:FF:FF:FF:FF] [ 8|10 ACKs]13:12:59  Sending 64 directed DeAuth (code 7). STMAC: [FF:FF:FF:FF:FF:FF] [ 9|10 ACKs]13:12:59  Sending 64 directed DeAuth (code 7). STMAC: [FF:FF:FF:FF:FF:FF] [ 9|11 ACKs]13:12:59  Sending 64 directed DeAuth (code 7). STMAC: [FF:FF:FF:FF:FF:FF] [10|11 ACKs]13:12:59  Sending 64 directed DeAuth (code 7). STMAC: [FF:FF:FF:FF:FF:FF] [10|12 ACKs]13:12:59  Sending 64 directed DeAuth (code 7). STMAC: [FF:FF:FF:FF:FF:FF] [11|12 ACKs]13:12:59  Sending 64 directed DeAuth (code 7). STMAC: [FF:FF:FF:FF:FF:FF] [11|13 ACKs]13:12:59  Sending 64 directed DeAuth (code 7). STMAC: [FF:FF:FF:FF:FF:FF] [11|13 ACKs]13:12:59  Sending 64 directed DeAuth (code 7). STMAC: [FF:FF:FF:FF:FF:FF] [11|14 ACKs]13:12:59  Sending 64 directed DeAuth (code 7). STMAC: [FF:FF:FF:FF:FF:FF] [11|15 ACKs]13:12:59  Sending 64 directed DeAuth (code 7). STMAC: [FF:FF:FF:FF:FF:FF] [11|16 ACKs]13:12:59  Sending 64 directed DeAuth (code 7). STMAC: [FF:FF:FF:FF:FF:FF] [11|17 ACKs]13:12:59  Sending 64 directed DeAuth (code 7). STMAC: [FF:FF:FF:FF:FF:FF] [11|18 ACKs]13:12:59  Sending 64 directed DeAuth (code 7). STMAC: [FF:FF:FF:FF:FF:FF] [11|19 ACKs]13:12:59  Sending 64 directed DeAuth (code 7). STMAC: [FF:FF:FF:FF:FF:FF] [11|20 ACKs]13:12:59  Sending 64 directed DeAuth (code 7). STMAC: [FF:FF:FF:FF:FF:FF] [11|21 ACKs]13:12:59  Sending 64 directed DeAuth (code 7). STMAC: [FF:FF:FF:FF:FF:FF] [11|22 ACKs]13:12:59  Sending 64 directed DeAuth (code 7). STMAC: [FF:FF:FF:FF:FF:FF] [11|23 ACKs]13:12:59  Sending 64 directed DeAuth (code 7). STMAC: [FF:FF:FF:FF:FF:FF] [11|24 ACKs]13:12:59  Sending 64 directed DeAuth (code 7). STMAC: [FF:FF:FF:FF:FF:FF] [11|25 ACKs]13:12:59  Sending 64 directed DeAuth (code 7). STMAC: [FF:FF:FF:FF:FF:FF] [11|26 ACKs]13:12:59  Sending 64 directed DeAuth (code 7). STMAC: [FF:FF:FF:FF:FF:FF] [11|27 ACKs]13:12:59  Sending 64 directed DeAuth (code 7). STMAC: [FF:FF:FF:FF:FF:FF] [11|28 ACKs]13:12:59  Sending 64 directed DeAuth (code 7). STMAC: [FF:FF:FF:FF:FF:FF] [11|29 ACKs]13:12:59  Sending 64 directed DeAuth (code 7). STMAC: [FF:FF:FF:FF:FF:FF] [11|30 ACKs]13:12:59  Sending 64 directed DeAuth (code 7). STMAC: [FF:FF:FF:FF:FF:FF] [11|31 ACKs]13:12:59  Sending 64 directed DeAuth (code 7). STMAC: [FF:FF:FF:FF:FF:FF] [11|32 ACKs]13:12:59  Sending 64 directed DeAuth (code 7). STMAC: [FF:FF:FF:FF:FF:FF] [11|33 ACKs]13:12:59  Sending 64 directed DeAuth (code 7). STMAC: [FF:FF:FF:FF:FF:FF] [11|34 ACKs]13:12:59  Sending 64 directed DeAuth (code 7). STMAC: [FF:FF:FF:FF:FF:FF] [11|35 ACKs]13:12:59  Sending 64 directed DeAuth (code 7). STMAC: [FF:FF:FF:FF:FF:FF] [11|36 ACKs]13:12:59  Sending 64 directed DeAuth (code 7). STMAC: [FF:FF:FF:FF:FF:FF] [11|37 ACKs]13:12:59  Sending 64 directed DeAuth (code 7). STMAC: [FF:FF:FF:FF:FF:FF] [11|38 ACKs]13:12:59  Sending 64 directed DeAuth (code 7). STMAC: [FF:FF:FF:FF:FF:FF] [11|39 ACKs]13:12:59  Sending 64 directed DeAuth (code 7). STMAC: [FF:FF:FF:FF:FF:FF] [11|40 ACKs]13:12:59  Sending 64 directed DeAuth (code 7). STMAC: [FF:FF:FF:FF:FF:FF] [11|41 ACKs]13:12:59  Sending 64 directed DeAuth (code 7). STMAC: [FF:FF:FF:FF:FF:FF] [11|42 ACKs]13:12:59  Sending 64 directed DeAuth (code 7). STMAC: [FF:FF:FF:FF:FF:FF] [11|43 ACKs]13:12:59  Sending 64 directed DeAuth (code 7). STMAC: [FF:FF:FF:FF:FF:FF] [11|44 ACKs]13:12:59  Sending 64 directed DeAuth (code 7). STMAC: [FF:FF:FF:FF:FF:FF] [11|45 ACKs]13:12:59  Sending 64 directed DeAuth (code 7). STMAC: [FF:FF:FF:FF:FF:FF] [11|46 ACKs]13:12:59  Sending 64 directed DeAuth (code 7). STMAC: [FF:FF:FF:FF:FF:FF] [11|47 ACKs]13:12:59  Sending 64 directed DeAuth (code 7). STMAC: [FF:FF:FF:FF:FF:FF] [11|48 ACKs]13:12:59  Sending 64 directed DeAuth (code 7). STMAC: [FF:FF:FF:FF:FF:FF] [11|49 ACKs]13:12:59  Sending 64 directed DeAuth (code 7). STMAC: [FF:FF:FF:FF:FF:FF] [11|50 ACKs]13:12:59  Sending 64 directed DeAuth (code 7). STMAC: [FF:FF:FF:FF:FF:FF] [11|50 ACKs]13:12:59  Sending 64 directed DeAuth (code 7). STMAC: [FF:FF:FF:FF:FF:FF] [12|50 ACKs]13:12:59  Sending 64 directed DeAuth (code 7). STMAC: [FF:FF:FF:FF:FF:FF] [12|51 ACKs]13:12:59  Sending 64 directed DeAuth (code 7). STMAC: [FF:FF:FF:FF:FF:FF] [13|51 ACKs]13:12:59  Sending 64 directed DeAuth (code 7). STMAC: [FF:FF:FF:FF:FF:FF] [13|52 ACKs]13:12:59  Sending 64 directed DeAuth (code 7). STMAC: [FF:FF:FF:FF:FF:FF] [14|52 ACKs]13:12:59  Sending 64 directed DeAuth (code 7). STMAC: [FF:FF:FF:FF:FF:FF] [14|53 ACKs]13:12:59  Sending 64 directed DeAuth (code 7). STMAC: [FF:FF:FF:FF:FF:FF] [15|53 ACKs]13:12:59  Sending 64 directed DeAuth (code 7). STMAC: [FF:FF:FF:FF:FF:FF] [15|54 ACKs]13:12:59  Sending 64 directed DeAuth (code 7). STMAC: [FF:FF:FF:FF:FF:FF] [16|54 ACKs]13:12:59  Sending 64 directed DeAuth (code 7). STMAC: [FF:FF:FF:FF:FF:FF] [16|55 ACKs]13:12:59  Sending 64 directed DeAuth (code 7). STMAC: [FF:FF:FF:FF:FF:FF] [17|55 ACKs]13:12:59  Sending 64 directed DeAuth (code 7). STMAC: [FF:FF:FF:FF:FF:FF] [17|56 ACKs]13:12:59  Sending 64 directed DeAuth (code 7). STMAC: [FF:FF:FF:FF:FF:FF] [18|56 ACKs]13:12:59  Sending 64 directed DeAuth (code 7). STMAC: [FF:FF:FF:FF:FF:FF] [18|57 ACKs]13:12:59  Sending 64 directed DeAuth (code 7). STMAC: [FF:FF:FF:FF:FF:FF] [19|57 ACKs]13:12:59  Sending 64 directed DeAuth (code 7). STMAC: [FF:FF:FF:FF:FF:FF] [19|58 ACKs]13:12:59  Sending 64 directed DeAuth (code 7). STMAC: [FF:FF:FF:FF:FF:FF] [20|58 ACKs]13:12:59  Sending 64 directed DeAuth (code 7). STMAC: [FF:FF:FF:FF:FF:FF] [20|59 ACKs]13:12:59  Sending 64 directed DeAuth (code 7). STMAC: [FF:FF:FF:FF:FF:FF] [21|59 ACKs]13:12:59  Sending 64 directed DeAuth (code 7). STMAC: [FF:FF:FF:FF:FF:FF] [21|60 ACKs]13:12:59  Sending 64 directed DeAuth (code 7). STMAC: [FF:FF:FF:FF:FF:FF] [21|61 ACKs]13:12:59  Sending 64 directed DeAuth (code 7). STMAC: [FF:FF:FF:FF:FF:FF] [22|61 ACKs]13:12:59  Sending 64 directed DeAuth (code 7). STMAC: [FF:FF:FF:FF:FF:FF] [22|62 ACKs]13:12:59  Sending 64 directed DeAuth (code 7). STMAC: [FF:FF:FF:FF:FF:FF] [22|63 ACKs]13:12:59  Sending 64 directed DeAuth (code 7). STMAC: [FF:FF:FF:FF:FF:FF] [23|63 ACKs]13:12:59  Sending 64 directed DeAuth (code 7). STMAC: [FF:FF:FF:FF:FF:FF] [23|64 ACKs]
13:12:59  Sending 64 directed DeAuth (code 7). STMAC: [FF:FF:FF:FF:FF:FF] [ 0| 0 ACKs]13:12:59  Sending 64 directed DeAuth (code 7). STMAC: [FF:FF:FF:FF:FF:FF] [ 0| 0 ACKs]13:12:59  Sending 64 directed DeAuth (code 7). STMAC: [FF:FF:FF:FF:FF:FF] [ 0| 1 ACKs]13:12:59  Sending 64 directed DeAuth (code 7). STMAC: [FF:FF:FF:FF:FF:FF] [ 0| 2 ACKs]13:12:59  Sending 64 directed DeAuth (code 7). STMAC: [FF:FF:FF:FF:FF:FF] [ 0| 3 ACKs]13:12:59  Sending 64 directed DeAuth (code 7). STMAC: [FF:FF:FF:FF:FF:FF] [ 0| 4 ACKs]13:12:59  Sending 64 directed DeAuth (code 7). STMAC: [FF:FF:FF:FF:FF:FF] [ 0| 5 ACKs]13:12:59  Sending 64 directed DeAuth (code 7). STMAC: [FF:FF:FF:FF:FF:FF] [ 0| 6 ACKs]13:12:59  Sending 64 directed DeAuth (code 7). STMAC: [FF:FF:FF:FF:FF:FF] [ 0| 7 ACKs]13:12:59  Sending 64 directed DeAuth (code 7). STMAC: [FF:FF:FF:FF:FF:FF] [ 1| 7 ACKs]13:12:59  Sending 64 directed DeAuth (code 7). STMAC: [FF:FF:FF:FF:FF:FF] [ 1| 8 ACKs]13:12:59  Sending 64 directed DeAuth (code 7). STMAC: [FF:FF:FF:FF:FF:FF] [ 1| 9 ACKs]13:12:59  Sending 64 directed DeAuth (code 7). STMAC: [FF:FF:FF:FF:FF:FF] [ 1|10 ACKs]13:12:59  Sending 64 directed DeAuth (code 7). STMAC: [FF:FF:FF:FF:FF:FF] [ 1|11 ACKs]13:12:59  Sending 64 directed DeAuth (code 7). STMAC: [FF:FF:FF:FF:FF:FF] [ 1|12 ACKs]13:12:59  Sending 64 directed DeAuth (code 7). STMAC: [FF:FF:FF:FF:FF:FF] [ 1|13 ACKs]13:12:59  Sending 64 directed DeAuth (code 7). STMAC: [FF:FF:FF:FF:FF:FF] [ 1|14 ACKs]13:12:59  Sending 64 directed DeAuth (code 7). STMAC: [FF:FF:FF:FF:FF:FF] [ 1|15 ACKs]13:12:59  Sending 64 directed DeAuth (code 7). STMAC: [FF:FF:FF:FF:FF:FF] [ 1|16 ACKs]13:13:00  Sending 64 directed DeAuth (code 7). STMAC: [FF:FF:FF:FF:FF:FF] [ 1|17 ACKs]13:13:00  Sending 64 directed DeAuth (code 7). STMAC: [FF:FF:FF:FF:FF:FF] [ 1|18 ACKs]13:13:00  Sending 64 directed DeAuth (code 7). STMAC: [FF:FF:FF:FF:FF:FF] [ 1|19 ACKs]13:13:00  Sending 64 directed DeAuth (code 7). STMAC: [FF:FF:FF:FF:FF:FF] [ 1|20 ACKs]13:13:00  Sending 64 directed DeAuth (code 7). STMAC: [FF:FF:FF:FF:FF:FF] [ 1|21 ACKs]13:13:00  Sending 64 directed DeAuth (code 7). STMAC: [FF:FF:FF:FF:FF:FF] [ 1|22 ACKs]13:13:00  Sending 64 directed DeAuth (code 7). STMAC: [FF:FF:FF:FF:FF:FF] [ 1|23 ACKs]13:13:00  Sending 64 directed DeAuth (code 7). STMAC: [FF:FF:FF:FF:FF:FF] [ 1|24 ACKs]13:13:00  Sending 64 directed DeAuth (code 7). STMAC: [FF:FF:FF:FF:FF:FF] [ 1|25 ACKs]13:13:00  Sending 64 directed DeAuth (code 7). STMAC: [FF:FF:FF:FF:FF:FF] [ 1|26 ACKs]13:13:00  Sending 64 directed DeAuth (code 7). STMAC: [FF:FF:FF:FF:FF:FF] [ 1|27 ACKs]13:13:00  Sending 64 directed DeAuth (code 7). STMAC: [FF:FF:FF:FF:FF:FF] [ 1|28 ACKs]13:13:00  Sending 64 directed DeAuth (code 7). STMAC: [FF:FF:FF:FF:FF:FF] [ 1|29 ACKs]13:13:00  Sending 64 directed DeAuth (code 7). STMAC: [FF:FF:FF:FF:FF:FF] [ 1|30 ACKs]13:13:00  Sending 64 directed DeAuth (code 7). STMAC: [FF:FF:FF:FF:FF:FF] [ 1|31 ACKs]13:13:00  Sending 64 directed DeAuth (code 7). STMAC: [FF:FF:FF:FF:FF:FF] [ 1|32 ACKs]13:13:00  Sending 64 directed DeAuth (code 7). STMAC: [FF:FF:FF:FF:FF:FF] [ 1|33 ACKs]13:13:00  Sending 64 directed DeAuth (code 7). STMAC: [FF:FF:FF:FF:FF:FF] [ 1|34 ACKs]13:13:00  Sending 64 directed DeAuth (code 7). STMAC: [FF:FF:FF:FF:FF:FF] [ 1|35 ACKs]13:13:00  Sending 64 directed DeAuth (code 7). STMAC: [FF:FF:FF:FF:FF:FF] [ 1|36 ACKs]13:13:00  Sending 64 directed DeAuth (code 7). STMAC: [FF:FF:FF:FF:FF:FF] [ 1|37 ACKs]13:13:00  Sending 64 directed DeAuth (code 7). STMAC: [FF:FF:FF:FF:FF:FF] [ 1|38 ACKs]13:13:00  Sending 64 directed DeAuth (code 7). STMAC: [FF:FF:FF:FF:FF:FF] [ 1|39 ACKs]13:13:00  Sending 64 directed DeAuth (code 7). STMAC: [FF:FF:FF:FF:FF:FF] [ 1|40 ACKs]13:13:00  Sending 64 directed DeAuth (code 7). STMAC: [FF:FF:FF:FF:FF:FF] [ 1|41 ACKs]13:13:00  Sending 64 directed DeAuth (code 7). STMAC: [FF:FF:FF:FF:FF:FF] [ 1|42 ACKs]13:13:00  Sending 64 directed DeAuth (code 7). STMAC: [FF:FF:FF:FF:FF:FF] [ 1|43 ACKs]13:13:00  Sending 64 directed DeAuth (code 7). STMAC: [FF:FF:FF:FF:FF:FF] [ 1|44 ACKs]13:13:00  Sending 64 directed DeAuth (code 7). STMAC: [FF:FF:FF:FF:FF:FF] [ 1|45 ACKs]13:13:00  Sending 64 directed DeAuth (code 7). STMAC: [FF:FF:FF:FF:FF:FF] [ 1|46 ACKs]13:13:00  Sending 64 directed DeAuth (code 7). STMAC: [FF:FF:FF:FF:FF:FF] [ 1|47 ACKs]13:13:00  Sending 64 directed DeAuth (code 7). STMAC: [FF:FF:FF:FF:FF:FF] [ 1|48 ACKs]13:13:00  Sending 64 directed DeAuth (code 7). STMAC: [FF:FF:FF:FF:FF:FF] [ 1|49 ACKs]13:13:00  Sending 64 directed DeAuth (code 7). STMAC: [FF:FF:FF:FF:FF:FF] [ 1|50 ACKs]13:13:00  Sending 64 directed DeAuth (code 7). STMAC: [FF:FF:FF:FF:FF:FF] [ 1|51 ACKs]13:13:00  Sending 64 directed DeAuth (code 7). STMAC: [FF:FF:FF:FF:FF:FF] [ 1|52 ACKs]13:13:00  Sending 64 directed DeAuth (code 7). STMAC: [FF:FF:FF:FF:FF:FF] [ 1|53 ACKs]13:13:00  Sending 64 directed DeAuth (code 7). STMAC: [FF:FF:FF:FF:FF:FF] [ 1|54 ACKs]13:13:00  Sending 64 directed DeAuth (code 7). STMAC: [FF:FF:FF:FF:FF:FF] [ 1|55 ACKs]13:13:00  Sending 64 directed DeAuth (code 7). STMAC: [FF:FF:FF:FF:FF:FF] [ 1|56 ACKs]13:13:00  Sending 64 directed DeAuth (code 7). STMAC: [FF:FF:FF:FF:FF:FF] [ 1|57 ACKs]13:13:00  Sending 64 directed DeAuth (code 7). STMAC: [FF:FF:FF:FF:FF:FF] [ 1|58 ACKs]13:13:00  Sending 64 directed DeAuth (code 7). STMAC: [FF:FF:FF:FF:FF:FF] [ 1|59 ACKs]13:13:00  Sending 64 directed DeAuth (code 7). STMAC: [FF:FF:FF:FF:FF:FF] [ 1|60 ACKs]13:13:00  Sending 64 directed DeAuth (code 7). STMAC: [FF:FF:FF:FF:FF:FF] [ 1|61 ACKs]13:13:00  Sending 64 directed DeAuth (code 7). STMAC: [FF:FF:FF:FF:FF:FF] [ 1|62 ACKs]13:13:00  Sending 64 directed DeAuth (code 7). STMAC: [FF:FF:FF:FF:FF:FF] [ 1|63 ACKs]13:13:00  Sending 64 directed DeAuth (code 7). STMAC: [FF:FF:FF:FF:FF:FF] [ 1|64 ACKs]
13:13:00  Sending 64 directed DeAuth (code 7). STMAC: [FF:FF:FF:FF:FF:FF] [ 0| 0 ACKs]13:13:00  Sending 64 directed DeAuth (code 7). STMAC: [FF:FF:FF:FF:FF:FF] [ 0| 1 ACKs]13:13:00  Sending 64 directed DeAuth (code 7). STMAC: [FF:FF:FF:FF:FF:FF] [ 0| 2 ACKs]13:13:00  Sending 64 directed DeAuth (code 7). STMAC: [FF:FF:FF:FF:FF:FF] [ 0| 3 ACKs]13:13:00  Sending 64 directed DeAuth (code 7). STMAC: [FF:FF:FF:FF:FF:FF] [ 0| 4 ACKs]13:13:00  Sending 64 directed DeAuth (code 7). STMAC: [FF:FF:FF:FF:FF:FF] [ 0| 5 ACKs]13:13:00  Sending 64 directed DeAuth (code 7). STMAC: [FF:FF:FF:FF:FF:FF] [ 0| 6 ACKs]13:13:00  Sending 64 directed DeAuth (code 7). STMAC: [FF:FF:FF:FF:FF:FF] [ 0| 7 ACKs]13:13:00  Sending 64 directed DeAuth (code 7). STMAC: [FF:FF:FF:FF:FF:FF] [ 0| 8 ACKs]13:13:00  Sending 64 directed DeAuth (code 7). STMAC: [FF:FF:FF:FF:FF:FF] [ 0| 9 ACKs]13:13:00  Sending 64 directed DeAuth (code 7). STMAC: [FF:FF:FF:FF:FF:FF] [ 0|10 ACKs]13:13:00  Sending 64 directed DeAuth (code 7). STMAC: [FF:FF:FF:FF:FF:FF] [ 0|11 ACKs]13:13:00  Sending 64 directed DeAuth (code 7). STMAC: [FF:FF:FF:FF:FF:FF] [ 0|12 ACKs]13:13:00  Sending 64 directed DeAuth (code 7). STMAC: [FF:FF:FF:FF:FF:FF] [ 0|13 ACKs]13:13:00  Sending 64 directed DeAuth (code 7). STMAC: [FF:FF:FF:FF:FF:FF] [ 0|14 ACKs]13:13:00  Sending 64 directed DeAuth (code 7). STMAC: [FF:FF:FF:FF:FF:FF] [ 0|15 ACKs]13:13:00  Sending 64 directed DeAuth (code 7). STMAC: [FF:FF:FF:FF:FF:FF] [ 0|16 ACKs]13:13:00  Sending 64 directed DeAuth (code 7). STMAC: [FF:FF:FF:FF:FF:FF] [ 0|17 ACKs]13:13:00  Sending 64 directed DeAuth (code 7). STMAC: [FF:FF:FF:FF:FF:FF] [ 0|18 ACKs]13:13:00  Sending 64 directed DeAuth (code 7). STMAC: [FF:FF:FF:FF:FF:FF] [ 0|19 ACKs]13:13:00  Sending 64 directed DeAuth (code 7). STMAC: [FF:FF:FF:FF:FF:FF] [ 1|19 ACKs]13:13:00  Sending 64 directed DeAuth (code 7). STMAC: [FF:FF:FF:FF:FF:FF] [ 1|20 ACKs]13:13:00  Sending 64 directed DeAuth (code 7). STMAC: [FF:FF:FF:FF:FF:FF] [ 1|21 ACKs]13:13:00  Sending 64 directed DeAuth (code 7). STMAC: [FF:FF:FF:FF:FF:FF] [ 1|22 ACKs]13:13:00  Sending 64 directed DeAuth (code 7). STMAC: [FF:FF:FF:FF:FF:FF] [ 1|23 ACKs]13:13:00  Sending 64 directed DeAuth (code 7). STMAC: [FF:FF:FF:FF:FF:FF] [ 1|24 ACKs]13:13:00  Sending 64 directed DeAuth (code 7). STMAC: [FF:FF:FF:FF:FF:FF] [ 1|25 ACKs]13:13:00  Sending 64 directed DeAuth (code 7). STMAC: [FF:FF:FF:FF:FF:FF] [ 1|26 ACKs]13:13:00  Sending 64 directed DeAuth (code 7). STMAC: [FF:FF:FF:FF:FF:FF] [ 1|27 ACKs]13:13:00  Sending 64 directed DeAuth (code 7). STMAC: [FF:FF:FF:FF:FF:FF] [ 1|28 ACKs]13:13:00  Sending 64 directed DeAuth (code 7). STMAC: [FF:FF:FF:FF:FF:FF] [ 1|29 ACKs]13:13:00  Sending 64 directed DeAuth (code 7). STMAC: [FF:FF:FF:FF:FF:FF] [ 1|30 ACKs]13:13:00  Sending 64 directed DeAuth (code 7). STMAC: [FF:FF:FF:FF:FF:FF] [ 1|31 ACKs]13:13:00  Sending 64 directed DeAuth (code 7). STMAC: [FF:FF:FF:FF:FF:FF] [ 1|32 ACKs]13:13:00  Sending 64 directed DeAuth (code 7). STMAC: [FF:FF:FF:FF:FF:FF] [ 1|33 ACKs]13:13:00  Sending 64 directed DeAuth (code 7). STMAC: [FF:FF:FF:FF:FF:FF] [ 1|34 ACKs]13:13:00  Sending 64 directed DeAuth (code 7). STMAC: [FF:FF:FF:FF:FF:FF] [ 1|35 ACKs]13:13:00  Sending 64 directed DeAuth (code 7). STMAC: [FF:FF:FF:FF:FF:FF] [ 1|36 ACKs]13:13:00  Sending 64 directed DeAuth (code 7). STMAC: [FF:FF:FF:FF:FF:FF] [ 1|37 ACKs]13:13:00  Sending 64 directed DeAuth (code 7). STMAC: [FF:FF:FF:FF:FF:FF] [ 1|38 ACKs]13:13:00  Sending 64 directed DeAuth (code 7). STMAC: [FF:FF:FF:FF:FF:FF] [ 1|39 ACKs]13:13:00  Sending 64 directed DeAuth (code 7). STMAC: [FF:FF:FF:FF:FF:FF] [ 1|40 ACKs]13:13:00  Sending 64 directed DeAuth (code 7). STMAC: [FF:FF:FF:FF:FF:FF] [ 1|41 ACKs]13:13:00  Sending 64 directed DeAuth (code 7). STMAC: [FF:FF:FF:FF:FF:FF] [ 1|42 ACKs]13:13:00  Sending 64 directed DeAuth (code 7). STMAC: [FF:FF:FF:FF:FF:FF] [ 1|43 ACKs]13:13:00  Sending 64 directed DeAuth (code 7). STMAC: [FF:FF:FF:FF:FF:FF] [ 1|44 ACKs]13:13:00  Sending 64 directed DeAuth (code 7). STMAC: [FF:FF:FF:FF:FF:FF] [ 1|45 ACKs]13:13:00  Sending 64 directed DeAuth (code 7). STMAC: [FF:FF:FF:FF:FF:FF] [ 1|46 ACKs]13:13:00  Sending 64 directed DeAuth (code 7). STMAC: [FF:FF:FF:FF:FF:FF] [ 1|47 ACKs]13:13:00  Sending 64 directed DeAuth (code 7). STMAC: [FF:FF:FF:FF:FF:FF] [ 1|48 ACKs]13:13:00  Sending 64 directed DeAuth (code 7). STMAC: [FF:FF:FF:FF:FF:FF] [ 1|49 ACKs]13:13:00  Sending 64 directed DeAuth (code 7). STMAC: [FF:FF:FF:FF:FF:FF] [ 1|50 ACKs]13:13:00  Sending 64 directed DeAuth (code 7). STMAC: [FF:FF:FF:FF:FF:FF] [ 1|51 ACKs]13:13:00  Sending 64 directed DeAuth (code 7). STMAC: [FF:FF:FF:FF:FF:FF] [ 1|52 ACKs]13:13:00  Sending 64 directed DeAuth (code 7). STMAC: [FF:FF:FF:FF:FF:FF] [ 1|53 ACKs]13:13:00  Sending 64 directed DeAuth (code 7). STMAC: [FF:FF:FF:FF:FF:FF] [ 1|54 ACKs]13:13:00  Sending 64 directed DeAuth (code 7). STMAC: [FF:FF:FF:FF:FF:FF] [ 1|55 ACKs]13:13:00  Sending 64 directed DeAuth (code 7). STMAC: [FF:FF:FF:FF:FF:FF] [ 1|56 ACKs]13:13:00  Sending 64 directed DeAuth (code 7). STMAC: [FF:FF:FF:FF:FF:FF] [ 1|57 ACKs]13:13:00  Sending 64 directed DeAuth (code 7). STMAC: [FF:FF:FF:FF:FF:FF] [ 1|58 ACKs]13:13:00  Sending 64 directed DeAuth (code 7). STMAC: [FF:FF:FF:FF:FF:FF] [ 1|59 ACKs]13:13:00  Sending 64 directed DeAuth (code 7). STMAC: [FF:FF:FF:FF:FF:FF] [ 1|60 ACKs]13:13:00  Sending 64 directed DeAuth (code 7). STMAC: [FF:FF:FF:FF:FF:FF] [ 1|61 ACKs]13:13:00  Sending 64 directed DeAuth (code 7). STMAC: [FF:FF:FF:FF:FF:FF] [ 1|62 ACKs]13:13:00  Sending 64 directed DeAuth (code 7). STMAC: [FF:FF:FF:FF:FF:FF] [ 1|63 ACKs]13:13:00  Sending 64 directed DeAuth (code 7). STMAC: [FF:FF:FF:FF:FF:FF] [ 1|64 ACKs]
13:13:00  Sending 64 directed DeAuth (code 7). STMAC: [FF:FF:FF:FF:FF:FF] [ 0| 0 ACKs]13:13:01  Sending 64 directed DeAuth (code 7). STMAC: [FF:FF:FF:FF:FF:FF] [ 1| 0 ACKs]13:13:01  Sending 64 directed DeAuth (code 7). STMAC: [FF:FF:FF:FF:FF:FF] [ 2| 0 ACKs]13:13:01  Sending 64 directed DeAuth (code 7). STMAC: [FF:FF:FF:FF:FF:FF] [ 2| 1 ACKs]13:13:01  Sending 64 directed DeAuth (code 7). STMAC: [FF:FF:FF:FF:FF:FF] [ 2| 2 ACKs]13:13:01  Sending 64 directed DeAuth (code 7). STMAC: [FF:FF:FF:FF:FF:FF] [ 2| 3 ACKs]13:13:01  Sending 64 directed DeAuth (code 7). STMAC: [FF:FF:FF:FF:FF:FF] [ 2| 4 ACKs]13:13:01  Sending 64 directed DeAuth (code 7). STMAC: [FF:FF:FF:FF:FF:FF] [ 2| 5 ACKs]13:13:01  Sending 64 directed DeAuth (code 7). STMAC: [FF:FF:FF:FF:FF:FF] [ 2| 6 ACKs]13:13:01  Sending 64 directed DeAuth (code 7). STMAC: [FF:FF:FF:FF:FF:FF] [ 2| 7 ACKs]13:13:01  Sending 64 directed DeAuth (code 7). STMAC: [FF:FF:FF:FF:FF:FF] [ 2| 8 ACKs]13:13:01  Sending 64 directed DeAuth (code 7). STMAC: [FF:FF:FF:FF:FF:FF] [ 2| 9 ACKs]13:13:01  Sending 64 directed DeAuth (code 7). STMAC: [FF:FF:FF:FF:FF:FF] [ 2|10 ACKs]13:13:01  Sending 64 directed DeAuth (code 7). STMAC: [FF:FF:FF:FF:FF:FF] [ 2|11 ACKs]13:13:01  Sending 64 directed DeAuth (code 7). STMAC: [FF:FF:FF:FF:FF:FF] [ 2|12 ACKs]13:13:01  Sending 64 directed DeAuth (code 7). STMAC: [FF:FF:FF:FF:FF:FF] [ 2|13 ACKs]13:13:01  Sending 64 directed DeAuth (code 7). STMAC: [FF:FF:FF:FF:FF:FF] [ 2|14 ACKs]13:13:01  Sending 64 directed DeAuth (code 7). STMAC: [FF:FF:FF:FF:FF:FF] [ 2|15 ACKs]13:13:01  Sending 64 directed DeAuth (code 7). STMAC: [FF:FF:FF:FF:FF:FF] [ 2|16 ACKs]13:13:01  Sending 64 directed DeAuth (code 7). STMAC: [FF:FF:FF:FF:FF:FF] [ 2|17 ACKs]13:13:01  Sending 64 directed DeAuth (code 7). STMAC: [FF:FF:FF:FF:FF:FF] [ 2|18 ACKs]13:13:01  Sending 64 directed DeAuth (code 7). STMAC: [FF:FF:FF:FF:FF:FF] [ 2|19 ACKs]13:13:01  Sending 64 directed DeAuth (code 7). STMAC: [FF:FF:FF:FF:FF:FF] [ 2|20 ACKs]13:13:01  Sending 64 directed DeAuth (code 7). STMAC: [FF:FF:FF:FF:FF:FF] [ 2|21 ACKs]13:13:01  Sending 64 directed DeAuth (code 7). STMAC: [FF:FF:FF:FF:FF:FF] [ 2|22 ACKs]13:13:01  Sending 64 directed DeAuth (code 7). STMAC: [FF:FF:FF:FF:FF:FF] [ 2|23 ACKs]13:13:01  Sending 64 directed DeAuth (code 7). STMAC: [FF:FF:FF:FF:FF:FF] [ 2|24 ACKs]13:13:01  Sending 64 directed DeAuth (code 7). STMAC: [FF:FF:FF:FF:FF:FF] [ 2|25 ACKs]13:13:01  Sending 64 directed DeAuth (code 7). STMAC: [FF:FF:FF:FF:FF:FF] [ 2|26 ACKs]13:13:01  Sending 64 directed DeAuth (code 7). STMAC: [FF:FF:FF:FF:FF:FF] [ 2|27 ACKs]13:13:01  Sending 64 directed DeAuth (code 7). STMAC: [FF:FF:FF:FF:FF:FF] [ 2|28 ACKs]13:13:01  Sending 64 directed DeAuth (code 7). STMAC: [FF:FF:FF:FF:FF:FF] [ 2|29 ACKs]13:13:01  Sending 64 directed DeAuth (code 7). STMAC: [FF:FF:FF:FF:FF:FF] [ 2|30 ACKs]13:13:01  Sending 64 directed DeAuth (code 7). STMAC: [FF:FF:FF:FF:FF:FF] [ 2|31 ACKs]13:13:01  Sending 64 directed DeAuth (code 7). STMAC: [FF:FF:FF:FF:FF:FF] [ 2|32 ACKs]13:13:01  Sending 64 directed DeAuth (code 7). STMAC: [FF:FF:FF:FF:FF:FF] [ 2|32 ACKs]13:13:01  Sending 64 directed DeAuth (code 7). STMAC: [FF:FF:FF:FF:FF:FF] [ 2|32 ACKs]13:13:01  Sending 64 directed DeAuth (code 7). STMAC: [FF:FF:FF:FF:FF:FF] [ 2|33 ACKs]13:13:01  Sending 64 directed DeAuth (code 7). STMAC: [FF:FF:FF:FF:FF:FF] [ 3|33 ACKs]13:13:01  Sending 64 directed DeAuth (code 7). STMAC: [FF:FF:FF:FF:FF:FF] [ 3|34 ACKs]13:13:01  Sending 64 directed DeAuth (code 7). STMAC: [FF:FF:FF:FF:FF:FF] [ 4|34 ACKs]13:13:01  Sending 64 directed DeAuth (code 7). STMAC: [FF:FF:FF:FF:FF:FF] [ 4|35 ACKs]13:13:01  Sending 64 directed DeAuth (code 7). STMAC: [FF:FF:FF:FF:FF:FF] [ 5|35 ACKs]13:13:01  Sending 64 directed DeAuth (code 7). STMAC: [FF:FF:FF:FF:FF:FF] [ 5|36 ACKs]13:13:01  Sending 64 directed DeAuth (code 7). STMAC: [FF:FF:FF:FF:FF:FF] [ 6|36 ACKs]13:13:01  Sending 64 directed DeAuth (code 7). STMAC: [FF:FF:FF:FF:FF:FF] [ 6|37 ACKs]13:13:01  Sending 64 directed DeAuth (code 7). STMAC: [FF:FF:FF:FF:FF:FF] [ 7|37 ACKs]13:13:01  Sending 64 directed DeAuth (code 7). STMAC: [FF:FF:FF:FF:FF:FF] [ 7|38 ACKs]13:13:01  Sending 64 directed DeAuth (code 7). STMAC: [FF:FF:FF:FF:FF:FF] [ 8|38 ACKs]13:13:01  Sending 64 directed DeAuth (code 7). STMAC: [FF:FF:FF:FF:FF:FF] [ 8|39 ACKs]13:13:01  Sending 64 directed DeAuth (code 7). STMAC: [FF:FF:FF:FF:FF:FF] [ 9|39 ACKs]13:13:01  Sending 64 directed DeAuth (code 7). STMAC: [FF:FF:FF:FF:FF:FF] [ 9|40 ACKs]13:13:01  Sending 64 directed DeAuth (code 7). STMAC: [FF:FF:FF:FF:FF:FF] [ 9|41 ACKs]13:13:01  Sending 64 directed DeAuth (code 7). STMAC: [FF:FF:FF:FF:FF:FF] [10|41 ACKs]13:13:01  Sending 64 directed DeAuth (code 7). STMAC: [FF:FF:FF:FF:FF:FF] [10|42 ACKs]13:13:01  Sending 64 directed DeAuth (code 7). STMAC: [FF:FF:FF:FF:FF:FF] [11|42 ACKs]13:13:01  Sending 64 directed DeAuth (code 7). STMAC: [FF:FF:FF:FF:FF:FF] [11|43 ACKs]13:13:01  Sending 64 directed DeAuth (code 7). STMAC: [FF:FF:FF:FF:FF:FF] [12|43 ACKs]13:13:01  Sending 64 directed DeAuth (code 7). STMAC: [FF:FF:FF:FF:FF:FF] [12|44 ACKs]13:13:01  Sending 64 directed DeAuth (code 7). STMAC: [FF:FF:FF:FF:FF:FF] [12|45 ACKs]13:13:01  Sending 64 directed DeAuth (code 7). STMAC: [FF:FF:FF:FF:FF:FF] [13|45 ACKs]13:13:01  Sending 64 directed DeAuth (code 7). STMAC: [FF:FF:FF:FF:FF:FF] [13|46 ACKs]13:13:01  Sending 64 directed DeAuth (code 7). STMAC: [FF:FF:FF:FF:FF:FF] [14|46 ACKs]13:13:01  Sending 64 directed DeAuth (code 7). STMAC: [FF:FF:FF:FF:FF:FF] [14|47 ACKs]13:13:01  Sending 64 directed DeAuth (code 7). STMAC: [FF:FF:FF:FF:FF:FF] [15|47 ACKs]13:13:01  Sending 64 directed DeAuth (code 7). STMAC: [FF:FF:FF:FF:FF:FF] [15|48 ACKs]13:13:01  Sending 64 directed DeAuth (code 7). STMAC: [FF:FF:FF:FF:FF:FF] [15|49 ACKs]13:13:01  Sending 64 directed DeAuth (code 7). STMAC: [FF:FF:FF:FF:FF:FF] [16|49 ACKs]13:13:01  Sending 64 directed DeAuth (code 7). STMAC: [FF:FF:FF:FF:FF:FF] [16|50 ACKs]13:13:01  Sending 64 directed DeAuth (code 7). STMAC: [FF:FF:FF:FF:FF:FF] [16|51 ACKs]13:13:01  Sending 64 directed DeAuth (code 7). STMAC: [FF:FF:FF:FF:FF:FF] [16|52 ACKs]13:13:01  Sending 64 directed DeAuth (code 7). STMAC: [FF:FF:FF:FF:FF:FF] [16|53 ACKs]13:13:01  Sending 64 directed DeAuth (code 7). STMAC: [FF:FF:FF:FF:FF:FF] [17|53 ACKs]13:13:01  Sending 64 directed DeAuth (code 7). STMAC: [FF:FF:FF:FF:FF:FF] [17|54 ACKs]13:13:01  Sending 64 directed DeAuth (code 7). STMAC: [FF:FF:FF:FF:FF:FF] [18|54 ACKs]13:13:01  Sending 64 directed DeAuth (code 7). STMAC: [FF:FF:FF:FF:FF:FF] [18|55 ACKs]13:13:01  Sending 64 directed DeAuth (code 7). STMAC: [FF:FF:FF:FF:FF:FF] [18|56 ACKs]13:13:01  Sending 64 directed DeAuth (code 7). STMAC: [FF:FF:FF:FF:FF:FF] [18|57 ACKs]13:13:01  Sending 64 directed DeAuth (code 7). STMAC: [FF:FF:FF:FF:FF:FF] [18|57 ACKs]13:13:01  Sending 64 directed DeAuth (code 7). STMAC: [FF:FF:FF:FF:FF:FF] [18|58 ACKs]13:13:01  Sending 64 directed DeAuth (code 7). STMAC: [FF:FF:FF:FF:FF:FF] [18|59 ACKs]13:13:01  Sending 64 directed DeAuth (code 7). STMAC: [FF:FF:FF:FF:FF:FF] [18|60 ACKs]
13:13:01  Sending 64 directed DeAuth (code 7). STMAC: [FF:FF:FF:FF:FF:FF] [ 0| 0 ACKs]13:13:01  Sending 64 directed DeAuth (code 7). STMAC: [FF:FF:FF:FF:FF:FF] [ 0| 1 ACKs]13:13:01  Sending 64 directed DeAuth (code 7). STMAC: [FF:FF:FF:FF:FF:FF] [ 0| 2 ACKs]13:13:01  Sending 64 directed DeAuth (code 7). STMAC: [FF:FF:FF:FF:FF:FF] [ 0| 2 ACKs]13:13:01  Sending 64 directed DeAuth (code 7). STMAC: [FF:FF:FF:FF:FF:FF] [ 1| 2 ACKs]13:13:01  Sending 64 directed DeAuth (code 7). STMAC: [FF:FF:FF:FF:FF:FF] [ 1| 3 ACKs]13:13:01  Sending 64 directed DeAuth (code 7). STMAC: [FF:FF:FF:FF:FF:FF] [ 1| 3 ACKs]13:13:01  Sending 64 directed DeAuth (code 7). STMAC: [FF:FF:FF:FF:FF:FF] [ 2| 3 ACKs]13:13:01  Sending 64 directed DeAuth (code 7). STMAC: [FF:FF:FF:FF:FF:FF] [ 2| 4 ACKs]13:13:01  Sending 64 directed DeAuth (code 7). STMAC: [FF:FF:FF:FF:FF:FF] [ 3| 4 ACKs]13:13:01  Sending 64 directed DeAuth (code 7). STMAC: [FF:FF:FF:FF:FF:FF] [ 3| 4 ACKs]13:13:01  Sending 64 directed DeAuth (code 7). STMAC: [FF:FF:FF:FF:FF:FF] [ 4| 4 ACKs]13:13:01  Sending 64 directed DeAuth (code 7). STMAC: [FF:FF:FF:FF:FF:FF] [ 4| 4 ACKs]13:13:01  Sending 64 directed DeAuth (code 7). STMAC: [FF:FF:FF:FF:FF:FF] [ 5| 4 ACKs]13:13:01  Sending 64 directed DeAuth (code 7). STMAC: [FF:FF:FF:FF:FF:FF] [ 5| 4 ACKs]13:13:01  Sending 64 directed DeAuth (code 7). STMAC: [FF:FF:FF:FF:FF:FF] [ 6| 4 ACKs]13:13:01  Sending 64 directed DeAuth (code 7). STMAC: [FF:FF:FF:FF:FF:FF] [ 6| 4 ACKs]13:13:01  Sending 64 directed DeAuth (code 7). STMAC: [FF:FF:FF:FF:FF:FF] [ 6| 5 ACKs]13:13:01  Sending 64 directed DeAuth (code 7). STMAC: [FF:FF:FF:FF:FF:FF] [ 7| 5 ACKs]13:13:01  Sending 64 directed DeAuth (code 7). STMAC: [FF:FF:FF:FF:FF:FF] [ 7| 6 ACKs]13:13:01  Sending 64 directed DeAuth (code 7). STMAC: [FF:FF:FF:FF:FF:FF] [ 7| 7 ACKs]13:13:01  Sending 64 directed DeAuth (code 7). STMAC: [FF:FF:FF:FF:FF:FF] [ 8| 7 ACKs]13:13:01  Sending 64 directed DeAuth (code 7). STMAC: [FF:FF:FF:FF:FF:FF] [ 8| 8 ACKs]13:13:01  Sending 64 directed DeAuth (code 7). STMAC: [FF:FF:FF:FF:FF:FF] [ 8| 9 ACKs]13:13:01  Sending 64 directed DeAuth (code 7). STMAC: [FF:FF:FF:FF:FF:FF] [ 8|10 ACKs]13:13:01  Sending 64 directed DeAuth (code 7). STMAC: [FF:FF:FF:FF:FF:FF] [ 8|11 ACKs]13:13:01  Sending 64 directed DeAuth (code 7). STMAC: [FF:FF:FF:FF:FF:FF] [ 8|12 ACKs]13:13:01  Sending 64 directed DeAuth (code 7). STMAC: [FF:FF:FF:FF:FF:FF] [ 8|13 ACKs]13:13:01  Sending 64 directed DeAuth (code 7). STMAC: [FF:FF:FF:FF:FF:FF] [ 8|14 ACKs]13:13:01  Sending 64 directed DeAuth (code 7). STMAC: [FF:FF:FF:FF:FF:FF] [ 8|15 ACKs]13:13:01  Sending 64 directed DeAuth (code 7). STMAC: [FF:FF:FF:FF:FF:FF] [ 8|16 ACKs]13:13:01  Sending 64 directed DeAuth (code 7). STMAC: [FF:FF:FF:FF:FF:FF] [ 8|17 ACKs]13:13:01  Sending 64 directed DeAuth (code 7). STMAC: [FF:FF:FF:FF:FF:FF] [ 8|18 ACKs]13:13:01  Sending 64 directed DeAuth (code 7). STMAC: [FF:FF:FF:FF:FF:FF] [ 8|19 ACKs]13:13:01  Sending 64 directed DeAuth (code 7). STMAC: [FF:FF:FF:FF:FF:FF] [ 8|20 ACKs]13:13:01  Sending 64 directed DeAuth (code 7). STMAC: [FF:FF:FF:FF:FF:FF] [ 8|21 ACKs]13:13:01  Sending 64 directed DeAuth (code 7). STMAC: [FF:FF:FF:FF:FF:FF] [ 8|22 ACKs]13:13:01  Sending 64 directed DeAuth (code 7). STMAC: [FF:FF:FF:FF:FF:FF] [ 8|23 ACKs]13:13:01  Sending 64 directed DeAuth (code 7). STMAC: [FF:FF:FF:FF:FF:FF] [ 8|24 ACKs]13:13:01  Sending 64 directed DeAuth (code 7). STMAC: [FF:FF:FF:FF:FF:FF] [ 8|25 ACKs]13:13:01  Sending 64 directed DeAuth (code 7). STMAC: [FF:FF:FF:FF:FF:FF] [ 8|26 ACKs]13:13:01  Sending 64 directed DeAuth (code 7). STMAC: [FF:FF:FF:FF:FF:FF] [ 8|27 ACKs]13:13:01  Sending 64 directed DeAuth (code 7). STMAC: [FF:FF:FF:FF:FF:FF] [ 8|28 ACKs]13:13:01  Sending 64 directed DeAuth (code 7). STMAC: [FF:FF:FF:FF:FF:FF] [ 8|29 ACKs]13:13:01  Sending 64 directed DeAuth (code 7). STMAC: [FF:FF:FF:FF:FF:FF] [ 8|30 ACKs]13:13:01  Sending 64 directed DeAuth (code 7). STMAC: [FF:FF:FF:FF:FF:FF] [ 8|31 ACKs]13:13:01  Sending 64 directed DeAuth (code 7). STMAC: [FF:FF:FF:FF:FF:FF] [ 8|32 ACKs]13:13:01  Sending 64 directed DeAuth (code 7). STMAC: [FF:FF:FF:FF:FF:FF] [ 8|33 ACKs]13:13:01  Sending 64 directed DeAuth (code 7). STMAC: [FF:FF:FF:FF:FF:FF] [ 8|34 ACKs]13:13:01  Sending 64 directed DeAuth (code 7). STMAC: [FF:FF:FF:FF:FF:FF] [ 8|35 ACKs]13:13:01  Sending 64 directed DeAuth (code 7). STMAC: [FF:FF:FF:FF:FF:FF] [ 9|35 ACKs]13:13:01  Sending 64 directed DeAuth (code 7). STMAC: [FF:FF:FF:FF:FF:FF] [ 9|36 ACKs]13:13:01  Sending 64 directed DeAuth (code 7). STMAC: [FF:FF:FF:FF:FF:FF] [10|36 ACKs]13:13:01  Sending 64 directed DeAuth (code 7). STMAC: [FF:FF:FF:FF:FF:FF] [10|37 ACKs]13:13:01  Sending 64 directed DeAuth (code 7). STMAC: [FF:FF:FF:FF:FF:FF] [10|38 ACKs]13:13:01  Sending 64 directed DeAuth (code 7). STMAC: [FF:FF:FF:FF:FF:FF] [10|39 ACKs]13:13:01  Sending 64 directed DeAuth (code 7). STMAC: [FF:FF:FF:FF:FF:FF] [10|40 ACKs]13:13:01  Sending 64 directed DeAuth (code 7). STMAC: [FF:FF:FF:FF:FF:FF] [10|41 ACKs]13:13:01  Sending 64 directed DeAuth (code 7). STMAC: [FF:FF:FF:FF:FF:FF] [10|42 ACKs]13:13:01  Sending 64 directed DeAuth (code 7). STMAC: [FF:FF:FF:FF:FF:FF] [10|43 ACKs]13:13:01  Sending 64 directed DeAuth (code 7). STMAC: [FF:FF:FF:FF:FF:FF] [10|44 ACKs]13:13:01  Sending 64 directed DeAuth (code 7). STMAC: [FF:FF:FF:FF:FF:FF] [10|45 ACKs]13:13:01  Sending 64 directed DeAuth (code 7). STMAC: [FF:FF:FF:FF:FF:FF] [10|46 ACKs]13:13:01  Sending 64 directed DeAuth (code 7). STMAC: [FF:FF:FF:FF:FF:FF] [11|46 ACKs]13:13:01  Sending 64 directed DeAuth (code 7). STMAC: [FF:FF:FF:FF:FF:FF] [11|47 ACKs]13:13:01  Sending 64 directed DeAuth (code 7). STMAC: [FF:FF:FF:FF:FF:FF] [11|47 ACKs]13:13:01  Sending 64 directed DeAuth (code 7). STMAC: [FF:FF:FF:FF:FF:FF] [11|48 ACKs]13:13:01  Sending 64 directed DeAuth (code 7). STMAC: [FF:FF:FF:FF:FF:FF] [11|49 ACKs]13:13:01  Sending 64 directed DeAuth (code 7). STMAC: [FF:FF:FF:FF:FF:FF] [12|49 ACKs]13:13:01  Sending 64 directed DeAuth (code 7). STMAC: [FF:FF:FF:FF:FF:FF] [12|50 ACKs]13:13:01  Sending 64 directed DeAuth (code 7). STMAC: [FF:FF:FF:FF:FF:FF] [13|50 ACKs]13:13:01  Sending 64 directed DeAuth (code 7). STMAC: [FF:FF:FF:FF:FF:FF] [13|51 ACKs]13:13:01  Sending 64 directed DeAuth (code 7). STMAC: [FF:FF:FF:FF:FF:FF] [14|51 ACKs]13:13:01  Sending 64 directed DeAuth (code 7). STMAC: [FF:FF:FF:FF:FF:FF] [14|52 ACKs]13:13:01  Sending 64 directed DeAuth (code 7). STMAC: [FF:FF:FF:FF:FF:FF] [14|53 ACKs]13:13:01  Sending 64 directed DeAuth (code 7). STMAC: [FF:FF:FF:FF:FF:FF] [15|53 ACKs]13:13:01  Sending 64 directed DeAuth (code 7). STMAC: [FF:FF:FF:FF:FF:FF] [15|54 ACKs]13:13:01  Sending 64 directed DeAuth (code 7). STMAC: [FF:FF:FF:FF:FF:FF] [16|54 ACKs]13:13:01  Sending 64 directed DeAuth (code 7). STMAC: [FF:FF:FF:FF:FF:FF] [16|55 ACKs]13:13:01  Sending 64 directed DeAuth (code 7). STMAC: [FF:FF:FF:FF:FF:FF] [17|55 ACKs]13:13:01  Sending 64 directed DeAuth (code 7). STMAC: [FF:FF:FF:FF:FF:FF] [17|56 ACKs]13:13:01  Sending 64 directed DeAuth (code 7). STMAC: [FF:FF:FF:FF:FF:FF] [18|56 ACKs]13:13:01  Sending 64 directed DeAuth (code 7). STMAC: [FF:FF:FF:FF:FF:FF] [18|57 ACKs]13:13:01  Sending 64 directed DeAuth (code 7). STMAC: [FF:FF:FF:FF:FF:FF] [19|57 ACKs]13:13:01  Sending 64 directed DeAuth (code 7). STMAC: [FF:FF:FF:FF:FF:FF] [19|58 ACKs]13:13:01  Sending 64 directed DeAuth (code 7). STMAC: [FF:FF:FF:FF:FF:FF] [20|58 ACKs]13:13:01  Sending 64 directed DeAuth (code 7). STMAC: [FF:FF:FF:FF:FF:FF] [20|59 ACKs]13:13:01  Sending 64 directed DeAuth (code 7). STMAC: [FF:FF:FF:FF:FF:FF] [21|59 ACKs]13:13:01  Sending 64 directed DeAuth (code 7). STMAC: [FF:FF:FF:FF:FF:FF] [21|60 ACKs]13:13:01  Sending 64 directed DeAuth (code 7). STMAC: [FF:FF:FF:FF:FF:FF] [22|60 ACKs]13:13:01  Sending 64 directed DeAuth (code 7). STMAC: [FF:FF:FF:FF:FF:FF] [22|61 ACKs]13:13:01  Sending 64 directed DeAuth (code 7). STMAC: [FF:FF:FF:FF:FF:FF] [23|61 ACKs]13:13:01  Sending 64 directed DeAuth (code 7). STMAC: [FF:FF:FF:FF:FF:FF] [23|62 ACKs]13:13:01  Sending 64 directed DeAuth (code 7). STMAC: [FF:FF:FF:FF:FF:FF] [23|63 ACKs]13:13:01  Sending 64 directed DeAuth (code 7). STMAC: [FF:FF:FF:FF:FF:FF] [24|63 ACKs]13:13:01  Sending 64 directed DeAuth (code 7). STMAC: [FF:FF:FF:FF:FF:FF] [24|64 ACKs]13:13:01  Sending 64 directed DeAuth (code 7). STMAC: [FF:FF:FF:FF:FF:FF] [24|65 ACKs]13:13:01  Sending 64 directed DeAuth (code 7). STMAC: [FF:FF:FF:FF:FF:FF] [25|65 ACKs]13:13:01  Sending 64 directed DeAuth (code 7). STMAC: [FF:FF:FF:FF:FF:FF] [25|66 ACKs]13:13:01  Sending 64 directed DeAuth (code 7). STMAC: [FF:FF:FF:FF:FF:FF] [26|66 ACKs]13:13:01  Sending 64 directed DeAuth (code 7). STMAC: [FF:FF:FF:FF:FF:FF] [26|67 ACKs]13:13:01  Sending 64 directed DeAuth (code 7). STMAC: [FF:FF:FF:FF:FF:FF] [27|67 ACKs]13:13:01  Sending 64 directed DeAuth (code 7). STMAC: [FF:FF:FF:FF:FF:FF] [27|68 ACKs]
13:13:02  Sending 64 directed DeAuth (code 7). STMAC: [FF:FF:FF:FF:FF:FF] [ 0| 0 ACKs]13:13:02  Sending 64 directed DeAuth (code 7). STMAC: [FF:FF:FF:FF:FF:FF] [ 0| 0 ACKs]13:13:02  Sending 64 directed DeAuth (code 7). STMAC: [FF:FF:FF:FF:FF:FF] [ 0| 1 ACKs]13:13:02  Sending 64 directed DeAuth (code 7). STMAC: [FF:FF:FF:FF:FF:FF] [ 0| 2 ACKs]13:13:02  Sending 64 directed DeAuth (code 7). STMAC: [FF:FF:FF:FF:FF:FF] [ 0| 3 ACKs]13:13:02  Sending 64 directed DeAuth (code 7). STMAC: [FF:FF:FF:FF:FF:FF] [ 0| 4 ACKs]13:13:02  Sending 64 directed DeAuth (code 7). STMAC: [FF:FF:FF:FF:FF:FF] [ 0| 5 ACKs]13:13:02  Sending 64 directed DeAuth (code 7). STMAC: [FF:FF:FF:FF:FF:FF] [ 0| 6 ACKs]13:13:02  Sending 64 directed DeAuth (code 7). STMAC: [FF:FF:FF:FF:FF:FF] [ 0| 7 ACKs]13:13:02  Sending 64 directed DeAuth (code 7). STMAC: [FF:FF:FF:FF:FF:FF] [ 0| 8 ACKs]13:13:02  Sending 64 directed DeAuth (code 7). STMAC: [FF:FF:FF:FF:FF:FF] [ 0| 9 ACKs]13:13:02  Sending 64 directed DeAuth (code 7). STMAC: [FF:FF:FF:FF:FF:FF] [ 0|10 ACKs]13:13:02  Sending 64 directed DeAuth (code 7). STMAC: [FF:FF:FF:FF:FF:FF] [ 0|11 ACKs]13:13:02  Sending 64 directed DeAuth (code 7). STMAC: [FF:FF:FF:FF:FF:FF] [ 0|12 ACKs]13:13:02  Sending 64 directed DeAuth (code 7). STMAC: [FF:FF:FF:FF:FF:FF] [ 0|13 ACKs]13:13:02  Sending 64 directed DeAuth (code 7). STMAC: [FF:FF:FF:FF:FF:FF] [ 0|14 ACKs]13:13:02  Sending 64 directed DeAuth (code 7). STMAC: [FF:FF:FF:FF:FF:FF] [ 0|15 ACKs]13:13:02  Sending 64 directed DeAuth (code 7). STMAC: [FF:FF:FF:FF:FF:FF] [ 0|16 ACKs]13:13:02  Sending 64 directed DeAuth (code 7). STMAC: [FF:FF:FF:FF:FF:FF] [ 0|17 ACKs]13:13:02  Sending 64 directed DeAuth (code 7). STMAC: [FF:FF:FF:FF:FF:FF] [ 0|18 ACKs]13:13:02  Sending 64 directed DeAuth (code 7). STMAC: [FF:FF:FF:FF:FF:FF] [ 0|19 ACKs]13:13:02  Sending 64 directed DeAuth (code 7). STMAC: [FF:FF:FF:FF:FF:FF] [ 0|20 ACKs]13:13:02  Sending 64 directed DeAuth (code 7). STMAC: [FF:FF:FF:FF:FF:FF] [ 0|21 ACKs]13:13:02  Sending 64 directed DeAuth (code 7). STMAC: [FF:FF:FF:FF:FF:FF] [ 0|22 ACKs]13:13:02  Sending 64 directed DeAuth (code 7). STMAC: [FF:FF:FF:FF:FF:FF] [ 0|23 ACKs]13:13:02  Sending 64 directed DeAuth (code 7). STMAC: [FF:FF:FF:FF:FF:FF] [ 0|24 ACKs]13:13:02  Sending 64 directed DeAuth (code 7). STMAC: [FF:FF:FF:FF:FF:FF] [ 0|25 ACKs]13:13:02  Sending 64 directed DeAuth (code 7). STMAC: [FF:FF:FF:FF:FF:FF] [ 0|26 ACKs]13:13:02  Sending 64 directed DeAuth (code 7). STMAC: [FF:FF:FF:FF:FF:FF] [ 0|27 ACKs]13:13:02  Sending 64 directed DeAuth (code 7). STMAC: [FF:FF:FF:FF:FF:FF] [ 0|28 ACKs]13:13:02  Sending 64 directed DeAuth (code 7). STMAC: [FF:FF:FF:FF:FF:FF] [ 0|29 ACKs]13:13:02  Sending 64 directed DeAuth (code 7). STMAC: [FF:FF:FF:FF:FF:FF] [ 0|30 ACKs]13:13:02  Sending 64 directed DeAuth (code 7). STMAC: [FF:FF:FF:FF:FF:FF] [ 0|31 ACKs]13:13:02  Sending 64 directed DeAuth (code 7). STMAC: [FF:FF:FF:FF:FF:FF] [ 0|32 ACKs]13:13:02  Sending 64 directed DeAuth (code 7). STMAC: [FF:FF:FF:FF:FF:FF] [ 0|33 ACKs]13:13:02  Sending 64 directed DeAuth (code 7). STMAC: [FF:FF:FF:FF:FF:FF] [ 0|34 ACKs]13:13:02  Sending 64 directed DeAuth (code 7). STMAC: [FF:FF:FF:FF:FF:FF] [ 0|35 ACKs]13:13:02  Sending 64 directed DeAuth (code 7). STMAC: [FF:FF:FF:FF:FF:FF] [ 0|36 ACKs]13:13:02  Sending 64 directed DeAuth (code 7). STMAC: [FF:FF:FF:FF:FF:FF] [ 0|37 ACKs]13:13:02  Sending 64 directed DeAuth (code 7). STMAC: [FF:FF:FF:FF:FF:FF] [ 0|38 ACKs]13:13:02  Sending 64 directed DeAuth (code 7). STMAC: [FF:FF:FF:FF:FF:FF] [ 0|39 ACKs]13:13:02  Sending 64 directed DeAuth (code 7). STMAC: [FF:FF:FF:FF:FF:FF] [ 0|40 ACKs]13:13:02  Sending 64 directed DeAuth (code 7). STMAC: [FF:FF:FF:FF:FF:FF] [ 0|41 ACKs]13:13:02  Sending 64 directed DeAuth (code 7). STMAC: [FF:FF:FF:FF:FF:FF] [ 0|42 ACKs]13:13:02  Sending 64 directed DeAuth (code 7). STMAC: [FF:FF:FF:FF:FF:FF] [ 0|43 ACKs]13:13:02  Sending 64 directed DeAuth (code 7). STMAC: [FF:FF:FF:FF:FF:FF] [ 0|44 ACKs]13:13:02  Sending 64 directed DeAuth (code 7). STMAC: [FF:FF:FF:FF:FF:FF] [ 0|45 ACKs]13:13:02  Sending 64 directed DeAuth (code 7). STMAC: [FF:FF:FF:FF:FF:FF] [ 0|46 ACKs]13:13:02  Sending 64 directed DeAuth (code 7). STMAC: [FF:FF:FF:FF:FF:FF] [ 0|47 ACKs]13:13:02  Sending 64 directed DeAuth (code 7). STMAC: [FF:FF:FF:FF:FF:FF] [ 0|48 ACKs]13:13:02  Sending 64 directed DeAuth (code 7). STMAC: [FF:FF:FF:FF:FF:FF] [ 0|49 ACKs]13:13:02  Sending 64 directed DeAuth (code 7). STMAC: [FF:FF:FF:FF:FF:FF] [ 0|50 ACKs]13:13:02  Sending 64 directed DeAuth (code 7). STMAC: [FF:FF:FF:FF:FF:FF] [ 0|51 ACKs]13:13:02  Sending 64 directed DeAuth (code 7). STMAC: [FF:FF:FF:FF:FF:FF] [ 0|52 ACKs]13:13:02  Sending 64 directed DeAuth (code 7). STMAC: [FF:FF:FF:FF:FF:FF] [ 0|53 ACKs]13:13:02  Sending 64 directed DeAuth (code 7). STMAC: [FF:FF:FF:FF:FF:FF] [ 0|54 ACKs]13:13:02  Sending 64 directed DeAuth (code 7). STMAC: [FF:FF:FF:FF:FF:FF] [ 0|55 ACKs]13:13:02  Sending 64 directed DeAuth (code 7). STMAC: [FF:FF:FF:FF:FF:FF] [ 0|56 ACKs]13:13:02  Sending 64 directed DeAuth (code 7). STMAC: [FF:FF:FF:FF:FF:FF] [ 0|57 ACKs]13:13:02  Sending 64 directed DeAuth (code 7). STMAC: [FF:FF:FF:FF:FF:FF] [ 0|58 ACKs]13:13:02  Sending 64 directed DeAuth (code 7). STMAC: [FF:FF:FF:FF:FF:FF] [ 0|59 ACKs]13:13:02  Sending 64 directed DeAuth (code 7). STMAC: [FF:FF:FF:FF:FF:FF] [ 0|60 ACKs]13:13:02  Sending 64 directed DeAuth (code 7). STMAC: [FF:FF:FF:FF:FF:FF] [ 0|61 ACKs]13:13:02  Sending 64 directed DeAuth (code 7). STMAC: [FF:FF:FF:FF:FF:FF] [ 0|62 ACKs]13:13:02  Sending 64 directed DeAuth (code 7). STMAC: [FF:FF:FF:FF:FF:FF] [ 0|63 ACKs]13:13:02  Sending 64 directed DeAuth (code 7). STMAC: [FF:FF:FF:FF:FF:FF] [ 0|64 ACKs]
13:13:02  Sending 64 directed DeAuth (code 7). STMAC: [FF:FF:FF:FF:FF:FF] [ 0| 0 ACKs]13:13:02  Sending 64 directed DeAuth (code 7). STMAC: [FF:FF:FF:FF:FF:FF] [ 0| 1 ACKs]13:13:02  Sending 64 directed DeAuth (code 7). STMAC: [FF:FF:FF:FF:FF:FF] [ 0| 2 ACKs]13:13:02  Sending 64 directed DeAuth (code 7). STMAC: [FF:FF:FF:FF:FF:FF] [ 0| 3 ACKs]13:13:02  Sending 64 directed DeAuth (code 7). STMAC: [FF:FF:FF:FF:FF:FF] [ 0| 4 ACKs]13:13:02  Sending 64 directed DeAuth (code 7). STMAC: [FF:FF:FF:FF:FF:FF] [ 0| 5 ACKs]13:13:02  Sending 64 directed DeAuth (code 7). STMAC: [FF:FF:FF:FF:FF:FF] [ 0| 6 ACKs]13:13:02  Sending 64 directed DeAuth (code 7). STMAC: [FF:FF:FF:FF:FF:FF] [ 0| 7 ACKs]13:13:02  Sending 64 directed DeAuth (code 7). STMAC: [FF:FF:FF:FF:FF:FF] [ 0| 8 ACKs]13:13:02  Sending 64 directed DeAuth (code 7). STMAC: [FF:FF:FF:FF:FF:FF] [ 0| 9 ACKs]13:13:02  Sending 64 directed DeAuth (code 7). STMAC: [FF:FF:FF:FF:FF:FF] [ 0|10 ACKs]13:13:02  Sending 64 directed DeAuth (code 7). STMAC: [FF:FF:FF:FF:FF:FF] [ 0|11 ACKs]13:13:02  Sending 64 directed DeAuth (code 7). STMAC: [FF:FF:FF:FF:FF:FF] [ 0|12 ACKs]13:13:02  Sending 64 directed DeAuth (code 7). STMAC: [FF:FF:FF:FF:FF:FF] [ 0|13 ACKs]13:13:02  Sending 64 directed DeAuth (code 7). STMAC: [FF:FF:FF:FF:FF:FF] [ 1|13 ACKs]13:13:02  Sending 64 directed DeAuth (code 7). STMAC: [FF:FF:FF:FF:FF:FF] [ 1|14 ACKs]13:13:02  Sending 64 directed DeAuth (code 7). STMAC: [FF:FF:FF:FF:FF:FF] [ 2|14 ACKs]13:13:02  Sending 64 directed DeAuth (code 7). STMAC: [FF:FF:FF:FF:FF:FF] [ 2|15 ACKs]13:13:02  Sending 64 directed DeAuth (code 7). STMAC: [FF:FF:FF:FF:FF:FF] [ 3|15 ACKs]13:13:02  Sending 64 directed DeAuth (code 7). STMAC: [FF:FF:FF:FF:FF:FF] [ 3|16 ACKs]13:13:02  Sending 64 directed DeAuth (code 7). STMAC: [FF:FF:FF:FF:FF:FF] [ 3|17 ACKs]13:13:02  Sending 64 directed DeAuth (code 7). STMAC: [FF:FF:FF:FF:FF:FF] [ 3|18 ACKs]13:13:02  Sending 64 directed DeAuth (code 7). STMAC: [FF:FF:FF:FF:FF:FF] [ 4|18 ACKs]13:13:02  Sending 64 directed DeAuth (code 7). STMAC: [FF:FF:FF:FF:FF:FF] [ 4|19 ACKs]13:13:02  Sending 64 directed DeAuth (code 7). STMAC: [FF:FF:FF:FF:FF:FF] [ 4|20 ACKs]13:13:02  Sending 64 directed DeAuth (code 7). STMAC: [FF:FF:FF:FF:FF:FF] [ 5|20 ACKs]13:13:02  Sending 64 directed DeAuth (code 7). STMAC: [FF:FF:FF:FF:FF:FF] [ 5|21 ACKs]13:13:02  Sending 64 directed DeAuth (code 7). STMAC: [FF:FF:FF:FF:FF:FF] [ 6|21 ACKs]13:13:02  Sending 64 directed DeAuth (code 7). STMAC: [FF:FF:FF:FF:FF:FF] [ 6|22 ACKs]13:13:02  Sending 64 directed DeAuth (code 7). STMAC: [FF:FF:FF:FF:FF:FF] [ 6|23 ACKs]13:13:02  Sending 64 directed DeAuth (code 7). STMAC: [FF:FF:FF:FF:FF:FF] [ 7|23 ACKs]13:13:02  Sending 64 directed DeAuth (code 7). STMAC: [FF:FF:FF:FF:FF:FF] [ 7|24 ACKs]13:13:02  Sending 64 directed DeAuth (code 7). STMAC: [FF:FF:FF:FF:FF:FF] [ 8|24 ACKs]13:13:02  Sending 64 directed DeAuth (code 7). STMAC: [FF:FF:FF:FF:FF:FF] [ 8|25 ACKs]13:13:02  Sending 64 directed DeAuth (code 7). STMAC: [FF:FF:FF:FF:FF:FF] [ 9|25 ACKs]13:13:02  Sending 64 directed DeAuth (code 7). STMAC: [FF:FF:FF:FF:FF:FF] [ 9|26 ACKs]13:13:02  Sending 64 directed DeAuth (code 7). STMAC: [FF:FF:FF:FF:FF:FF] [10|26 ACKs]13:13:02  Sending 64 directed DeAuth (code 7). STMAC: [FF:FF:FF:FF:FF:FF] [10|27 ACKs]13:13:02  Sending 64 directed DeAuth (code 7). STMAC: [FF:FF:FF:FF:FF:FF] [11|27 ACKs]13:13:02  Sending 64 directed DeAuth (code 7). STMAC: [FF:FF:FF:FF:FF:FF] [11|28 ACKs]13:13:02  Sending 64 directed DeAuth (code 7). STMAC: [FF:FF:FF:FF:FF:FF] [12|28 ACKs]13:13:02  Sending 64 directed DeAuth (code 7). STMAC: [FF:FF:FF:FF:FF:FF] [12|29 ACKs]13:13:02  Sending 64 directed DeAuth (code 7). STMAC: [FF:FF:FF:FF:FF:FF] [13|29 ACKs]13:13:02  Sending 64 directed DeAuth (code 7). STMAC: [FF:FF:FF:FF:FF:FF] [13|30 ACKs]13:13:02  Sending 64 directed DeAuth (code 7). STMAC: [FF:FF:FF:FF:FF:FF] [14|30 ACKs]13:13:02  Sending 64 directed DeAuth (code 7). STMAC: [FF:FF:FF:FF:FF:FF] [14|31 ACKs]13:13:02  Sending 64 directed DeAuth (code 7). STMAC: [FF:FF:FF:FF:FF:FF] [14|32 ACKs]13:13:02  Sending 64 directed DeAuth (code 7). STMAC: [FF:FF:FF:FF:FF:FF] [14|33 ACKs]13:13:02  Sending 64 directed DeAuth (code 7). STMAC: [FF:FF:FF:FF:FF:FF] [14|34 ACKs]13:13:02  Sending 64 directed DeAuth (code 7). STMAC: [FF:FF:FF:FF:FF:FF] [14|35 ACKs]13:13:02  Sending 64 directed DeAuth (code 7). STMAC: [FF:FF:FF:FF:FF:FF] [14|36 ACKs]13:13:02  Sending 64 directed DeAuth (code 7). STMAC: [FF:FF:FF:FF:FF:FF] [14|37 ACKs]13:13:02  Sending 64 directed DeAuth (code 7). STMAC: [FF:FF:FF:FF:FF:FF] [14|38 ACKs]13:13:02  Sending 64 directed DeAuth (code 7). STMAC: [FF:FF:FF:FF:FF:FF] [14|39 ACKs]13:13:02  Sending 64 directed DeAuth (code 7). STMAC: [FF:FF:FF:FF:FF:FF] [14|40 ACKs]13:13:02  Sending 64 directed DeAuth (code 7). STMAC: [FF:FF:FF:FF:FF:FF] [14|41 ACKs]13:13:02  Sending 64 directed DeAuth (code 7). STMAC: [FF:FF:FF:FF:FF:FF] [14|42 ACKs]13:13:02  Sending 64 directed DeAuth (code 7). STMAC: [FF:FF:FF:FF:FF:FF] [14|43 ACKs]13:13:02  Sending 64 directed DeAuth (code 7). STMAC: [FF:FF:FF:FF:FF:FF] [14|44 ACKs]13:13:02  Sending 64 directed DeAuth (code 7). STMAC: [FF:FF:FF:FF:FF:FF] [14|45 ACKs]13:13:02  Sending 64 directed DeAuth (code 7). STMAC: [FF:FF:FF:FF:FF:FF] [14|46 ACKs]13:13:02  Sending 64 directed DeAuth (code 7). STMAC: [FF:FF:FF:FF:FF:FF] [14|47 ACKs]13:13:02  Sending 64 directed DeAuth (code 7). STMAC: [FF:FF:FF:FF:FF:FF] [14|48 ACKs]13:13:02  Sending 64 directed DeAuth (code 7). STMAC: [FF:FF:FF:FF:FF:FF] [14|49 ACKs]13:13:02  Sending 64 directed DeAuth (code 7). STMAC: [FF:FF:FF:FF:FF:FF] [14|50 ACKs]13:13:02  Sending 64 directed DeAuth (code 7). STMAC: [FF:FF:FF:FF:FF:FF] [14|51 ACKs]13:13:02  Sending 64 directed DeAuth (code 7). STMAC: [FF:FF:FF:FF:FF:FF] [14|52 ACKs]13:13:02  Sending 64 directed DeAuth (code 7). STMAC: [FF:FF:FF:FF:FF:FF] [14|53 ACKs]13:13:02  Sending 64 directed DeAuth (code 7). STMAC: [FF:FF:FF:FF:FF:FF] [14|54 ACKs]13:13:02  Sending 64 directed DeAuth (code 7). STMAC: [FF:FF:FF:FF:FF:FF] [14|55 ACKs]13:13:02  Sending 64 directed DeAuth (code 7). STMAC: [FF:FF:FF:FF:FF:FF] [14|56 ACKs]13:13:02  Sending 64 directed DeAuth (code 7). STMAC: [FF:FF:FF:FF:FF:FF] [14|57 ACKs]13:13:02  Sending 64 directed DeAuth (code 7). STMAC: [FF:FF:FF:FF:FF:FF] [14|58 ACKs]13:13:02  Sending 64 directed DeAuth (code 7). STMAC: [FF:FF:FF:FF:FF:FF] [14|59 ACKs]13:13:02  Sending 64 directed DeAuth (code 7). STMAC: [FF:FF:FF:FF:FF:FF] [14|60 ACKs]13:13:02  Sending 64 directed DeAuth (code 7). STMAC: [FF:FF:FF:FF:FF:FF] [14|61 ACKs]13:13:02  Sending 64 directed DeAuth (code 7). STMAC: [FF:FF:FF:FF:FF:FF] [14|62 ACKs]13:13:02  Sending 64 directed DeAuth (code 7). STMAC: [FF:FF:FF:FF:FF:FF] [14|63 ACKs]13:13:02  Sending 64 directed DeAuth (code 7). STMAC: [FF:FF:FF:FF:FF:FF] [14|64 ACKs]
13:13:03  Sending 64 directed DeAuth (code 7). STMAC: [FF:FF:FF:FF:FF:FF] [ 0| 0 ACKs]13:13:03  Sending 64 directed DeAuth (code 7). STMAC: [FF:FF:FF:FF:FF:FF] [ 0| 1 ACKs]13:13:03  Sending 64 directed DeAuth (code 7). STMAC: [FF:FF:FF:FF:FF:FF] [ 0| 2 ACKs]13:13:03  Sending 64 directed DeAuth (code 7). STMAC: [FF:FF:FF:FF:FF:FF] [ 0| 3 ACKs]13:13:03  Sending 64 directed DeAuth (code 7). STMAC: [FF:FF:FF:FF:FF:FF] [ 0| 4 ACKs]13:13:03  Sending 64 directed DeAuth (code 7). STMAC: [FF:FF:FF:FF:FF:FF] [ 0| 5 ACKs]13:13:03  Sending 64 directed DeAuth (code 7). STMAC: [FF:FF:FF:FF:FF:FF] [ 0| 6 ACKs]13:13:03  Sending 64 directed DeAuth (code 7). STMAC: [FF:FF:FF:FF:FF:FF] [ 0| 7 ACKs]13:13:03  Sending 64 directed DeAuth (code 7). STMAC: [FF:FF:FF:FF:FF:FF] [ 0| 8 ACKs]13:13:03  Sending 64 directed DeAuth (code 7). STMAC: [FF:FF:FF:FF:FF:FF] [ 0| 9 ACKs]13:13:03  Sending 64 directed DeAuth (code 7). STMAC: [FF:FF:FF:FF:FF:FF] [ 0|10 ACKs]13:13:03  Sending 64 directed DeAuth (code 7). STMAC: [FF:FF:FF:FF:FF:FF] [ 0|11 ACKs]13:13:03  Sending 64 directed DeAuth (code 7). STMAC: [FF:FF:FF:FF:FF:FF] [ 0|12 ACKs]13:13:03  Sending 64 directed DeAuth (code 7). STMAC: [FF:FF:FF:FF:FF:FF] [ 0|13 ACKs]13:13:03  Sending 64 directed DeAuth (code 7). STMAC: [FF:FF:FF:FF:FF:FF] [ 0|14 ACKs]13:13:03  Sending 64 directed DeAuth (code 7). STMAC: [FF:FF:FF:FF:FF:FF] [ 0|15 ACKs]13:13:03  Sending 64 directed DeAuth (code 7). STMAC: [FF:FF:FF:FF:FF:FF] [ 0|16 ACKs]13:13:03  Sending 64 directed DeAuth (code 7). STMAC: [FF:FF:FF:FF:FF:FF] [ 0|17 ACKs]13:13:03  Sending 64 directed DeAuth (code 7). STMAC: [FF:FF:FF:FF:FF:FF] [ 0|18 ACKs]13:13:03  Sending 64 directed DeAuth (code 7). STMAC: [FF:FF:FF:FF:FF:FF] [ 0|19 ACKs]13:13:03  Sending 64 directed DeAuth (code 7). STMAC: [FF:FF:FF:FF:FF:FF] [ 0|20 ACKs]13:13:03  Sending 64 directed DeAuth (code 7). STMAC: [FF:FF:FF:FF:FF:FF] [ 0|21 ACKs]13:13:03  Sending 64 directed DeAuth (code 7). STMAC: [FF:FF:FF:FF:FF:FF] [ 0|22 ACKs]13:13:03  Sending 64 directed DeAuth (code 7). STMAC: [FF:FF:FF:FF:FF:FF] [ 0|23 ACKs]13:13:03  Sending 64 directed DeAuth (code 7). STMAC: [FF:FF:FF:FF:FF:FF] [ 0|24 ACKs]13:13:03  Sending 64 directed DeAuth (code 7). STMAC: [FF:FF:FF:FF:FF:FF] [ 0|25 ACKs]13:13:03  Sending 64 directed DeAuth (code 7). STMAC: [FF:FF:FF:FF:FF:FF] [ 0|26 ACKs]13:13:03  Sending 64 directed DeAuth (code 7). STMAC: [FF:FF:FF:FF:FF:FF] [ 0|27 ACKs]13:13:03  Sending 64 directed DeAuth (code 7). STMAC: [FF:FF:FF:FF:FF:FF] [ 1|27 ACKs]13:13:03  Sending 64 directed DeAuth (code 7). STMAC: [FF:FF:FF:FF:FF:FF] [ 1|27 ACKs]13:13:03  Sending 64 directed DeAuth (code 7). STMAC: [FF:FF:FF:FF:FF:FF] [ 1|28 ACKs]13:13:03  Sending 64 directed DeAuth (code 7). STMAC: [FF:FF:FF:FF:FF:FF] [ 2|28 ACKs]13:13:03  Sending 64 directed DeAuth (code 7). STMAC: [FF:FF:FF:FF:FF:FF] [ 3|28 ACKs]13:13:03  Sending 64 directed DeAuth (code 7). STMAC: [FF:FF:FF:FF:FF:FF] [ 3|29 ACKs]13:13:03  Sending 64 directed DeAuth (code 7). STMAC: [FF:FF:FF:FF:FF:FF] [ 4|29 ACKs]13:13:03  Sending 64 directed DeAuth (code 7). STMAC: [FF:FF:FF:FF:FF:FF] [ 5|29 ACKs]13:13:03  Sending 64 directed DeAuth (code 7). STMAC: [FF:FF:FF:FF:FF:FF] [ 5|30 ACKs]13:13:03  Sending 64 directed DeAuth (code 7). STMAC: [FF:FF:FF:FF:FF:FF] [ 6|30 ACKs]13:13:03  Sending 64 directed DeAuth (code 7). STMAC: [FF:FF:FF:FF:FF:FF] [ 6|31 ACKs]13:13:03  Sending 64 directed DeAuth (code 7). STMAC: [FF:FF:FF:FF:FF:FF] [ 7|31 ACKs]13:13:03  Sending 64 directed DeAuth (code 7). STMAC: [FF:FF:FF:FF:FF:FF] [ 7|32 ACKs]13:13:03  Sending 64 directed DeAuth (code 7). STMAC: [FF:FF:FF:FF:FF:FF] [ 8|32 ACKs]13:13:03  Sending 64 directed DeAuth (code 7). STMAC: [FF:FF:FF:FF:FF:FF] [ 8|33 ACKs]13:13:03  Sending 64 directed DeAuth (code 7). STMAC: [FF:FF:FF:FF:FF:FF] [ 9|33 ACKs]13:13:03  Sending 64 directed DeAuth (code 7). STMAC: [FF:FF:FF:FF:FF:FF] [ 9|34 ACKs]13:13:03  Sending 64 directed DeAuth (code 7). STMAC: [FF:FF:FF:FF:FF:FF] [10|34 ACKs]13:13:03  Sending 64 directed DeAuth (code 7). STMAC: [FF:FF:FF:FF:FF:FF] [10|35 ACKs]13:13:03  Sending 64 directed DeAuth (code 7). STMAC: [FF:FF:FF:FF:FF:FF] [11|35 ACKs]13:13:03  Sending 64 directed DeAuth (code 7). STMAC: [FF:FF:FF:FF:FF:FF] [11|36 ACKs]13:13:03  Sending 64 directed DeAuth (code 7). STMAC: [FF:FF:FF:FF:FF:FF] [12|36 ACKs]13:13:03  Sending 64 directed DeAuth (code 7). STMAC: [FF:FF:FF:FF:FF:FF] [12|37 ACKs]13:13:03  Sending 64 directed DeAuth (code 7). STMAC: [FF:FF:FF:FF:FF:FF] [13|37 ACKs]13:13:03  Sending 64 directed DeAuth (code 7). STMAC: [FF:FF:FF:FF:FF:FF] [13|38 ACKs]13:13:03  Sending 64 directed DeAuth (code 7). STMAC: [FF:FF:FF:FF:FF:FF] [14|38 ACKs]13:13:03  Sending 64 directed DeAuth (code 7). STMAC: [FF:FF:FF:FF:FF:FF] [14|39 ACKs]13:13:03  Sending 64 directed DeAuth (code 7). STMAC: [FF:FF:FF:FF:FF:FF] [14|40 ACKs]13:13:03  Sending 64 directed DeAuth (code 7). STMAC: [FF:FF:FF:FF:FF:FF] [15|40 ACKs]13:13:03  Sending 64 directed DeAuth (code 7). STMAC: [FF:FF:FF:FF:FF:FF] [15|41 ACKs]13:13:03  Sending 64 directed DeAuth (code 7). STMAC: [FF:FF:FF:FF:FF:FF] [16|41 ACKs]13:13:03  Sending 64 directed DeAuth (code 7). STMAC: [FF:FF:FF:FF:FF:FF] [16|42 ACKs]13:13:03  Sending 64 directed DeAuth (code 7). STMAC: [FF:FF:FF:FF:FF:FF] [17|42 ACKs]13:13:03  Sending 64 directed DeAuth (code 7). STMAC: [FF:FF:FF:FF:FF:FF] [17|43 ACKs]13:13:03  Sending 64 directed DeAuth (code 7). STMAC: [FF:FF:FF:FF:FF:FF] [18|43 ACKs]13:13:03  Sending 64 directed DeAuth (code 7). STMAC: [FF:FF:FF:FF:FF:FF] [18|44 ACKs]13:13:03  Sending 64 directed DeAuth (code 7). STMAC: [FF:FF:FF:FF:FF:FF] [18|45 ACKs]13:13:03  Sending 64 directed DeAuth (code 7). STMAC: [FF:FF:FF:FF:FF:FF] [19|45 ACKs]13:13:03  Sending 64 directed DeAuth (code 7). STMAC: [FF:FF:FF:FF:FF:FF] [19|46 ACKs]13:13:03  Sending 64 directed DeAuth (code 7). STMAC: [FF:FF:FF:FF:FF:FF] [20|46 ACKs]13:13:03  Sending 64 directed DeAuth (code 7). STMAC: [FF:FF:FF:FF:FF:FF] [20|47 ACKs]13:13:03  Sending 64 directed DeAuth (code 7). STMAC: [FF:FF:FF:FF:FF:FF] [21|47 ACKs]13:13:03  Sending 64 directed DeAuth (code 7). STMAC: [FF:FF:FF:FF:FF:FF] [21|48 ACKs]13:13:03  Sending 64 directed DeAuth (code 7). STMAC: [FF:FF:FF:FF:FF:FF] [22|48 ACKs]13:13:03  Sending 64 directed DeAuth (code 7). STMAC: [FF:FF:FF:FF:FF:FF] [22|49 ACKs]13:13:03  Sending 64 directed DeAuth (code 7). STMAC: [FF:FF:FF:FF:FF:FF] [23|49 ACKs]13:13:03  Sending 64 directed DeAuth (code 7). STMAC: [FF:FF:FF:FF:FF:FF] [23|50 ACKs]13:13:03  Sending 64 directed DeAuth (code 7). STMAC: [FF:FF:FF:FF:FF:FF] [24|50 ACKs]13:13:03  Sending 64 directed DeAuth (code 7). STMAC: [FF:FF:FF:FF:FF:FF] [24|51 ACKs]13:13:03  Sending 64 directed DeAuth (code 7). STMAC: [FF:FF:FF:FF:FF:FF] [24|52 ACKs]13:13:03  Sending 64 directed DeAuth (code 7). STMAC: [FF:FF:FF:FF:FF:FF] [25|52 ACKs]13:13:03  Sending 64 directed DeAuth (code 7). STMAC: [FF:FF:FF:FF:FF:FF] [25|53 ACKs]13:13:03  Sending 64 directed DeAuth (code 7). STMAC: [FF:FF:FF:FF:FF:FF] [26|53 ACKs]13:13:03  Sending 64 directed DeAuth (code 7). STMAC: [FF:FF:FF:FF:FF:FF] [26|54 ACKs]13:13:03  Sending 64 directed DeAuth (code 7). STMAC: [FF:FF:FF:FF:FF:FF] [27|54 ACKs]13:13:03  Sending 64 directed DeAuth (code 7). STMAC: [FF:FF:FF:FF:FF:FF] [27|55 ACKs]13:13:03  Sending 64 directed DeAuth (code 7). STMAC: [FF:FF:FF:FF:FF:FF] [28|55 ACKs]13:13:03  Sending 64 directed DeAuth (code 7). STMAC: [FF:FF:FF:FF:FF:FF] [28|56 ACKs]13:13:03  Sending 64 directed DeAuth (code 7). STMAC: [FF:FF:FF:FF:FF:FF] [29|56 ACKs]13:13:03  Sending 64 directed DeAuth (code 7). STMAC: [FF:FF:FF:FF:FF:FF] [29|57 ACKs]13:13:03  Sending 64 directed DeAuth (code 7). STMAC: [FF:FF:FF:FF:FF:FF] [30|57 ACKs]13:13:03  Sending 64 directed DeAuth (code 7). STMAC: [FF:FF:FF:FF:FF:FF] [30|58 ACKs]13:13:03  Sending 64 directed DeAuth (code 7). STMAC: [FF:FF:FF:FF:FF:FF] [31|58 ACKs]13:13:03  Sending 64 directed DeAuth (code 7). STMAC: [FF:FF:FF:FF:FF:FF] [31|59 ACKs]13:13:03  Sending 64 directed DeAuth (code 7). STMAC: [FF:FF:FF:FF:FF:FF] [32|59 ACKs]13:13:03  Sending 64 directed DeAuth (code 7). STMAC: [FF:FF:FF:FF:FF:FF] [32|60 ACKs]13:13:03  Sending 64 directed DeAuth (code 7). STMAC: [FF:FF:FF:FF:FF:FF] [33|60 ACKs]13:13:03  Sending 64 directed DeAuth (code 7). STMAC: [FF:FF:FF:FF:FF:FF] [33|61 ACKs]13:13:03  Sending 64 directed DeAuth (code 7). STMAC: [FF:FF:FF:FF:FF:FF] [34|61 ACKs]13:13:03  Sending 64 directed DeAuth (code 7). STMAC: [FF:FF:FF:FF:FF:FF] [34|62 ACKs]13:13:03  Sending 64 directed DeAuth (code 7). STMAC: [FF:FF:FF:FF:FF:FF] [35|62 ACKs]13:13:03  Sending 64 directed DeAuth (code 7). STMAC: [FF:FF:FF:FF:FF:FF] [36|62 ACKs]13:13:03  Sending 64 directed DeAuth (code 7). STMAC: [FF:FF:FF:FF:FF:FF] [36|63 ACKs]13:13:03  Sending 64 directed DeAuth (code 7). STMAC: [FF:FF:FF:FF:FF:FF] [37|63 ACKs]13:13:03  Sending 64 directed DeAuth (code 7). STMAC: [FF:FF:FF:FF:FF:FF] [37|64 ACKs]
13:13:03  Sending 64 directed DeAuth (code 7). STMAC: [FF:FF:FF:FF:FF:FF] [ 0| 0 ACKs]13:13:03  Sending 64 directed DeAuth (code 7). STMAC: [FF:FF:FF:FF:FF:FF] [ 0| 0 ACKs]13:13:03  Sending 64 directed DeAuth (code 7). STMAC: [FF:FF:FF:FF:FF:FF] [ 0| 0 ACKs]13:13:03  Sending 64 directed DeAuth (code 7). STMAC: [FF:FF:FF:FF:FF:FF] [ 1| 0 ACKs]13:13:03  Sending 64 directed DeAuth (code 7). STMAC: [FF:FF:FF:FF:FF:FF] [ 1| 1 ACKs]13:13:03  Sending 64 directed DeAuth (code 7). STMAC: [FF:FF:FF:FF:FF:FF] [ 2| 1 ACKs]13:13:03  Sending 64 directed DeAuth (code 7). STMAC: [FF:FF:FF:FF:FF:FF] [ 2| 2 ACKs]13:13:03  Sending 64 directed DeAuth (code 7). STMAC: [FF:FF:FF:FF:FF:FF] [ 3| 2 ACKs]13:13:03  Sending 64 directed DeAuth (code 7). STMAC: [FF:FF:FF:FF:FF:FF] [ 3| 3 ACKs]13:13:03  Sending 64 directed DeAuth (code 7). STMAC: [FF:FF:FF:FF:FF:FF] [ 3| 4 ACKs]13:13:03  Sending 64 directed DeAuth (code 7). STMAC: [FF:FF:FF:FF:FF:FF] [ 3| 5 ACKs]13:13:03  Sending 64 directed DeAuth (code 7). STMAC: [FF:FF:FF:FF:FF:FF] [ 3| 6 ACKs]13:13:03  Sending 64 directed DeAuth (code 7). STMAC: [FF:FF:FF:FF:FF:FF] [ 3| 7 ACKs]13:13:03  Sending 64 directed DeAuth (code 7). STMAC: [FF:FF:FF:FF:FF:FF] [ 3| 8 ACKs]13:13:03  Sending 64 directed DeAuth (code 7). STMAC: [FF:FF:FF:FF:FF:FF] [ 3| 9 ACKs]13:13:03  Sending 64 directed DeAuth (code 7). STMAC: [FF:FF:FF:FF:FF:FF] [ 3|10 ACKs]13:13:03  Sending 64 directed DeAuth (code 7). STMAC: [FF:FF:FF:FF:FF:FF] [ 3|11 ACKs]13:13:03  Sending 64 directed DeAuth (code 7). STMAC: [FF:FF:FF:FF:FF:FF] [ 3|12 ACKs]13:13:03  Sending 64 directed DeAuth (code 7). STMAC: [FF:FF:FF:FF:FF:FF] [ 3|13 ACKs]13:13:03  Sending 64 directed DeAuth (code 7). STMAC: [FF:FF:FF:FF:FF:FF] [ 3|14 ACKs]13:13:03  Sending 64 directed DeAuth (code 7). STMAC: [FF:FF:FF:FF:FF:FF] [ 3|15 ACKs]13:13:03  Sending 64 directed DeAuth (code 7). STMAC: [FF:FF:FF:FF:FF:FF] [ 3|16 ACKs]13:13:03  Sending 64 directed DeAuth (code 7). STMAC: [FF:FF:FF:FF:FF:FF] [ 3|17 ACKs]13:13:03  Sending 64 directed DeAuth (code 7). STMAC: [FF:FF:FF:FF:FF:FF] [ 3|18 ACKs]13:13:03  Sending 64 directed DeAuth (code 7). STMAC: [FF:FF:FF:FF:FF:FF] [ 3|19 ACKs]13:13:03  Sending 64 directed DeAuth (code 7). STMAC: [FF:FF:FF:FF:FF:FF] [ 3|20 ACKs]13:13:03  Sending 64 directed DeAuth (code 7). STMAC: [FF:FF:FF:FF:FF:FF] [ 3|21 ACKs]13:13:03  Sending 64 directed DeAuth (code 7). STMAC: [FF:FF:FF:FF:FF:FF] [ 3|22 ACKs]13:13:03  Sending 64 directed DeAuth (code 7). STMAC: [FF:FF:FF:FF:FF:FF] [ 3|23 ACKs]13:13:03  Sending 64 directed DeAuth (code 7). STMAC: [FF:FF:FF:FF:FF:FF] [ 3|24 ACKs]13:13:03  Sending 64 directed DeAuth (code 7). STMAC: [FF:FF:FF:FF:FF:FF] [ 3|25 ACKs]13:13:03  Sending 64 directed DeAuth (code 7). STMAC: [FF:FF:FF:FF:FF:FF] [ 3|26 ACKs]13:13:03  Sending 64 directed DeAuth (code 7). STMAC: [FF:FF:FF:FF:FF:FF] [ 3|27 ACKs]13:13:03  Sending 64 directed DeAuth (code 7). STMAC: [FF:FF:FF:FF:FF:FF] [ 3|28 ACKs]13:13:03  Sending 64 directed DeAuth (code 7). STMAC: [FF:FF:FF:FF:FF:FF] [ 3|29 ACKs]13:13:03  Sending 64 directed DeAuth (code 7). STMAC: [FF:FF:FF:FF:FF:FF] [ 3|30 ACKs]13:13:03  Sending 64 directed DeAuth (code 7). STMAC: [FF:FF:FF:FF:FF:FF] [ 3|31 ACKs]13:13:03  Sending 64 directed DeAuth (code 7). STMAC: [FF:FF:FF:FF:FF:FF] [ 3|32 ACKs]13:13:03  Sending 64 directed DeAuth (code 7). STMAC: [FF:FF:FF:FF:FF:FF] [ 3|33 ACKs]13:13:03  Sending 64 directed DeAuth (code 7). STMAC: [FF:FF:FF:FF:FF:FF] [ 3|34 ACKs]13:13:03  Sending 64 directed DeAuth (code 7). STMAC: [FF:FF:FF:FF:FF:FF] [ 3|35 ACKs]13:13:03  Sending 64 directed DeAuth (code 7). STMAC: [FF:FF:FF:FF:FF:FF] [ 3|36 ACKs]13:13:03  Sending 64 directed DeAuth (code 7). STMAC: [FF:FF:FF:FF:FF:FF] [ 3|37 ACKs]13:13:03  Sending 64 directed DeAuth (code 7). STMAC: [FF:FF:FF:FF:FF:FF] [ 3|38 ACKs]13:13:03  Sending 64 directed DeAuth (code 7). STMAC: [FF:FF:FF:FF:FF:FF] [ 3|39 ACKs]13:13:03  Sending 64 directed DeAuth (code 7). STMAC: [FF:FF:FF:FF:FF:FF] [ 4|39 ACKs]13:13:03  Sending 64 directed DeAuth (code 7). STMAC: [FF:FF:FF:FF:FF:FF] [ 4|40 ACKs]13:13:03  Sending 64 directed DeAuth (code 7). STMAC: [FF:FF:FF:FF:FF:FF] [ 4|41 ACKs]13:13:03  Sending 64 directed DeAuth (code 7). STMAC: [FF:FF:FF:FF:FF:FF] [ 4|42 ACKs]13:13:03  Sending 64 directed DeAuth (code 7). STMAC: [FF:FF:FF:FF:FF:FF] [ 4|43 ACKs]13:13:03  Sending 64 directed DeAuth (code 7). STMAC: [FF:FF:FF:FF:FF:FF] [ 4|44 ACKs]13:13:03  Sending 64 directed DeAuth (code 7). STMAC: [FF:FF:FF:FF:FF:FF] [ 4|45 ACKs]13:13:03  Sending 64 directed DeAuth (code 7). STMAC: [FF:FF:FF:FF:FF:FF] [ 4|46 ACKs]13:13:03  Sending 64 directed DeAuth (code 7). STMAC: [FF:FF:FF:FF:FF:FF] [ 4|47 ACKs]13:13:03  Sending 64 directed DeAuth (code 7). STMAC: [FF:FF:FF:FF:FF:FF] [ 4|48 ACKs]13:13:03  Sending 64 directed DeAuth (code 7). STMAC: [FF:FF:FF:FF:FF:FF] [ 4|49 ACKs]13:13:04  Sending 64 directed DeAuth (code 7). STMAC: [FF:FF:FF:FF:FF:FF] [ 4|50 ACKs]13:13:04  Sending 64 directed DeAuth (code 7). STMAC: [FF:FF:FF:FF:FF:FF] [ 4|51 ACKs]13:13:04  Sending 64 directed DeAuth (code 7). STMAC: [FF:FF:FF:FF:FF:FF] [ 4|52 ACKs]13:13:04  Sending 64 directed DeAuth (code 7). STMAC: [FF:FF:FF:FF:FF:FF] [ 4|53 ACKs]13:13:04  Sending 64 directed DeAuth (code 7). STMAC: [FF:FF:FF:FF:FF:FF] [ 4|54 ACKs]13:13:04  Sending 64 directed DeAuth (code 7). STMAC: [FF:FF:FF:FF:FF:FF] [ 4|55 ACKs]13:13:04  Sending 64 directed DeAuth (code 7). STMAC: [FF:FF:FF:FF:FF:FF] [ 4|56 ACKs]13:13:04  Sending 64 directed DeAuth (code 7). STMAC: [FF:FF:FF:FF:FF:FF] [ 4|57 ACKs]13:13:04  Sending 64 directed DeAuth (code 7). STMAC: [FF:FF:FF:FF:FF:FF] [ 4|58 ACKs]13:13:04  Sending 64 directed DeAuth (code 7). STMAC: [FF:FF:FF:FF:FF:FF] [ 4|59 ACKs]13:13:04  Sending 64 directed DeAuth (code 7). STMAC: [FF:FF:FF:FF:FF:FF] [ 4|60 ACKs]13:13:04  Sending 64 directed DeAuth (code 7). STMAC: [FF:FF:FF:FF:FF:FF] [ 4|61 ACKs]13:13:04  Sending 64 directed DeAuth (code 7). STMAC: [FF:FF:FF:FF:FF:FF] [ 4|62 ACKs]13:13:04  Sending 64 directed DeAuth (code 7). STMAC: [FF:FF:FF:FF:FF:FF] [ 4|63 ACKs]13:13:04  Sending 64 directed DeAuth (code 7). STMAC: [FF:FF:FF:FF:FF:FF] [ 4|64 ACKs]
13:13:04  Sending 64 directed DeAuth (code 7). STMAC: [FF:FF:FF:FF:FF:FF] [ 0| 0 ACKs]13:13:04  Sending 64 directed DeAuth (code 7). STMAC: [FF:FF:FF:FF:FF:FF] [ 1| 0 ACKs]13:13:04  Sending 64 directed DeAuth (code 7). STMAC: [FF:FF:FF:FF:FF:FF] [ 1| 0 ACKs]13:13:04  Sending 64 directed DeAuth (code 7). STMAC: [FF:FF:FF:FF:FF:FF] [ 2| 0 ACKs]13:13:04  Sending 64 directed DeAuth (code 7). STMAC: [FF:FF:FF:FF:FF:FF] [ 2| 1 ACKs]13:13:04  Sending 64 directed DeAuth (code 7). STMAC: [FF:FF:FF:FF:FF:FF] [ 3| 1 ACKs]13:13:04  Sending 64 directed DeAuth (code 7). STMAC: [FF:FF:FF:FF:FF:FF] [ 3| 2 ACKs]13:13:04  Sending 64 directed DeAuth (code 7). STMAC: [FF:FF:FF:FF:FF:FF] [ 4| 2 ACKs]13:13:04  Sending 64 directed DeAuth (code 7). STMAC: [FF:FF:FF:FF:FF:FF] [ 4| 3 ACKs]13:13:04  Sending 64 directed DeAuth (code 7). STMAC: [FF:FF:FF:FF:FF:FF] [ 5| 3 ACKs]13:13:04  Sending 64 directed DeAuth (code 7). STMAC: [FF:FF:FF:FF:FF:FF] [ 5| 4 ACKs]13:13:04  Sending 64 directed DeAuth (code 7). STMAC: [FF:FF:FF:FF:FF:FF] [ 6| 4 ACKs]13:13:04  Sending 64 directed DeAuth (code 7). STMAC: [FF:FF:FF:FF:FF:FF] [ 6| 5 ACKs]13:13:04  Sending 64 directed DeAuth (code 7). STMAC: [FF:FF:FF:FF:FF:FF] [ 7| 5 ACKs]13:13:04  Sending 64 directed DeAuth (code 7). STMAC: [FF:FF:FF:FF:FF:FF] [ 7| 6 ACKs]13:13:04  Sending 64 directed DeAuth (code 7). STMAC: [FF:FF:FF:FF:FF:FF] [ 8| 6 ACKs]13:13:04  Sending 64 directed DeAuth (code 7). STMAC: [FF:FF:FF:FF:FF:FF] [ 8| 7 ACKs]13:13:04  Sending 64 directed DeAuth (code 7). STMAC: [FF:FF:FF:FF:FF:FF] [ 9| 7 ACKs]13:13:04  Sending 64 directed DeAuth (code 7). STMAC: [FF:FF:FF:FF:FF:FF] [ 9| 8 ACKs]13:13:04  Sending 64 directed DeAuth (code 7). STMAC: [FF:FF:FF:FF:FF:FF] [10| 8 ACKs]13:13:04  Sending 64 directed DeAuth (code 7). STMAC: [FF:FF:FF:FF:FF:FF] [10| 9 ACKs]13:13:04  Sending 64 directed DeAuth (code 7). STMAC: [FF:FF:FF:FF:FF:FF] [11| 9 ACKs]13:13:04  Sending 64 directed DeAuth (code 7). STMAC: [FF:FF:FF:FF:FF:FF] [11|10 ACKs]13:13:04  Sending 64 directed DeAuth (code 7). STMAC: [FF:FF:FF:FF:FF:FF] [12|10 ACKs]13:13:04  Sending 64 directed DeAuth (code 7). STMAC: [FF:FF:FF:FF:FF:FF] [12|11 ACKs]13:13:04  Sending 64 directed DeAuth (code 7). STMAC: [FF:FF:FF:FF:FF:FF] [13|11 ACKs]13:13:04  Sending 64 directed DeAuth (code 7). STMAC: [FF:FF:FF:FF:FF:FF] [13|12 ACKs]13:13:04  Sending 64 directed DeAuth (code 7). STMAC: [FF:FF:FF:FF:FF:FF] [13|13 ACKs]13:13:04  Sending 64 directed DeAuth (code 7). STMAC: [FF:FF:FF:FF:FF:FF] [14|13 ACKs]13:13:04  Sending 64 directed DeAuth (code 7). STMAC: [FF:FF:FF:FF:FF:FF] [14|14 ACKs]13:13:04  Sending 64 directed DeAuth (code 7). STMAC: [FF:FF:FF:FF:FF:FF] [14|15 ACKs]13:13:04  Sending 64 directed DeAuth (code 7). STMAC: [FF:FF:FF:FF:FF:FF] [15|15 ACKs]13:13:04  Sending 64 directed DeAuth (code 7). STMAC: [FF:FF:FF:FF:FF:FF] [15|16 ACKs]13:13:04  Sending 64 directed DeAuth (code 7). STMAC: [FF:FF:FF:FF:FF:FF] [16|16 ACKs]13:13:04  Sending 64 directed DeAuth (code 7). STMAC: [FF:FF:FF:FF:FF:FF] [16|17 ACKs]13:13:04  Sending 64 directed DeAuth (code 7). STMAC: [FF:FF:FF:FF:FF:FF] [17|17 ACKs]13:13:04  Sending 64 directed DeAuth (code 7). STMAC: [FF:FF:FF:FF:FF:FF] [17|18 ACKs]13:13:04  Sending 64 directed DeAuth (code 7). STMAC: [FF:FF:FF:FF:FF:FF] [18|18 ACKs]13:13:04  Sending 64 directed DeAuth (code 7). STMAC: [FF:FF:FF:FF:FF:FF] [18|19 ACKs]13:13:04  Sending 64 directed DeAuth (code 7). STMAC: [FF:FF:FF:FF:FF:FF] [19|19 ACKs]13:13:04  Sending 64 directed DeAuth (code 7). STMAC: [FF:FF:FF:FF:FF:FF] [19|20 ACKs]13:13:04  Sending 64 directed DeAuth (code 7). STMAC: [FF:FF:FF:FF:FF:FF] [20|20 ACKs]13:13:04  Sending 64 directed DeAuth (code 7). STMAC: [FF:FF:FF:FF:FF:FF] [20|21 ACKs]13:13:04  Sending 64 directed DeAuth (code 7). STMAC: [FF:FF:FF:FF:FF:FF] [21|21 ACKs]13:13:04  Sending 64 directed DeAuth (code 7). STMAC: [FF:FF:FF:FF:FF:FF] [21|22 ACKs]13:13:04  Sending 64 directed DeAuth (code 7). STMAC: [FF:FF:FF:FF:FF:FF] [22|22 ACKs]13:13:04  Sending 64 directed DeAuth (code 7). STMAC: [FF:FF:FF:FF:FF:FF] [22|23 ACKs]13:13:04  Sending 64 directed DeAuth (code 7). STMAC: [FF:FF:FF:FF:FF:FF] [22|24 ACKs]13:13:04  Sending 64 directed DeAuth (code 7). STMAC: [FF:FF:FF:FF:FF:FF] [23|24 ACKs]13:13:04  Sending 64 directed DeAuth (code 7). STMAC: [FF:FF:FF:FF:FF:FF] [23|25 ACKs]13:13:04  Sending 64 directed DeAuth (code 7). STMAC: [FF:FF:FF:FF:FF:FF] [24|25 ACKs]13:13:04  Sending 64 directed DeAuth (code 7). STMAC: [FF:FF:FF:FF:FF:FF] [24|26 ACKs]13:13:04  Sending 64 directed DeAuth (code 7). STMAC: [FF:FF:FF:FF:FF:FF] [25|26 ACKs]13:13:04  Sending 64 directed DeAuth (code 7). STMAC: [FF:FF:FF:FF:FF:FF] [25|27 ACKs]13:13:04  Sending 64 directed DeAuth (code 7). STMAC: [FF:FF:FF:FF:FF:FF] [25|27 ACKs]13:13:04  Sending 64 directed DeAuth (code 7). STMAC: [FF:FF:FF:FF:FF:FF] [25|27 ACKs]13:13:04  Sending 64 directed DeAuth (code 7). STMAC: [FF:FF:FF:FF:FF:FF] [25|28 ACKs]13:13:04  Sending 64 directed DeAuth (code 7). STMAC: [FF:FF:FF:FF:FF:FF] [25|29 ACKs]13:13:04  Sending 64 directed DeAuth (code 7). STMAC: [FF:FF:FF:FF:FF:FF] [25|30 ACKs]13:13:04  Sending 64 directed DeAuth (code 7). STMAC: [FF:FF:FF:FF:FF:FF] [25|31 ACKs]13:13:04  Sending 64 directed DeAuth (code 7). STMAC: [FF:FF:FF:FF:FF:FF] [25|32 ACKs]13:13:04  Sending 64 directed DeAuth (code 7). STMAC: [FF:FF:FF:FF:FF:FF] [25|33 ACKs]13:13:04  Sending 64 directed DeAuth (code 7). STMAC: [FF:FF:FF:FF:FF:FF] [25|34 ACKs]13:13:04  Sending 64 directed DeAuth (code 7). STMAC: [FF:FF:FF:FF:FF:FF] [25|35 ACKs]13:13:04  Sending 64 directed DeAuth (code 7). STMAC: [FF:FF:FF:FF:FF:FF] [25|36 ACKs]13:13:04  Sending 64 directed DeAuth (code 7). STMAC: [FF:FF:FF:FF:FF:FF] [25|37 ACKs]13:13:04  Sending 64 directed DeAuth (code 7). STMAC: [FF:FF:FF:FF:FF:FF] [25|38 ACKs]13:13:04  Sending 64 directed DeAuth (code 7). STMAC: [FF:FF:FF:FF:FF:FF] [25|39 ACKs]13:13:04  Sending 64 directed DeAuth (code 7). STMAC: [FF:FF:FF:FF:FF:FF] [25|40 ACKs]13:13:04  Sending 64 directed DeAuth (code 7). STMAC: [FF:FF:FF:FF:FF:FF] [25|41 ACKs]13:13:04  Sending 64 directed DeAuth (code 7). STMAC: [FF:FF:FF:FF:FF:FF] [25|42 ACKs]13:13:04  Sending 64 directed DeAuth (code 7). STMAC: [FF:FF:FF:FF:FF:FF] [25|43 ACKs]13:13:04  Sending 64 directed DeAuth (code 7). STMAC: [FF:FF:FF:FF:FF:FF] [25|44 ACKs]13:13:04  Sending 64 directed DeAuth (code 7). STMAC: [FF:FF:FF:FF:FF:FF] [25|45 ACKs]13:13:04  Sending 64 directed DeAuth (code 7). STMAC: [FF:FF:FF:FF:FF:FF] [25|46 ACKs]13:13:04  Sending 64 directed DeAuth (code 7). STMAC: [FF:FF:FF:FF:FF:FF] [25|47 ACKs]13:13:04  Sending 64 directed DeAuth (code 7). STMAC: [FF:FF:FF:FF:FF:FF] [25|48 ACKs]13:13:04  Sending 64 directed DeAuth (code 7). STMAC: [FF:FF:FF:FF:FF:FF] [25|49 ACKs]13:13:04  Sending 64 directed DeAuth (code 7). STMAC: [FF:FF:FF:FF:FF:FF] [25|50 ACKs]13:13:04  Sending 64 directed DeAuth (code 7). STMAC: [FF:FF:FF:FF:FF:FF] [25|51 ACKs]13:13:04  Sending 64 directed DeAuth (code 7). STMAC: [FF:FF:FF:FF:FF:FF] [26|51 ACKs]13:13:04  Sending 64 directed DeAuth (code 7). STMAC: [FF:FF:FF:FF:FF:FF] [26|51 ACKs]13:13:04  Sending 64 directed DeAuth (code 7). STMAC: [FF:FF:FF:FF:FF:FF] [26|52 ACKs]13:13:04  Sending 64 directed DeAuth (code 7). STMAC: [FF:FF:FF:FF:FF:FF] [27|52 ACKs]13:13:04  Sending 64 directed DeAuth (code 7). STMAC: [FF:FF:FF:FF:FF:FF] [28|52 ACKs]13:13:04  Sending 64 directed DeAuth (code 7). STMAC: [FF:FF:FF:FF:FF:FF] [28|53 ACKs]13:13:04  Sending 64 directed DeAuth (code 7). STMAC: [FF:FF:FF:FF:FF:FF] [28|53 ACKs]13:13:04  Sending 64 directed DeAuth (code 7). STMAC: [FF:FF:FF:FF:FF:FF] [29|53 ACKs]13:13:04  Sending 64 directed DeAuth (code 7). STMAC: [FF:FF:FF:FF:FF:FF] [29|54 ACKs]13:13:04  Sending 64 directed DeAuth (code 7). STMAC: [FF:FF:FF:FF:FF:FF] [29|55 ACKs]13:13:04  Sending 64 directed DeAuth (code 7). STMAC: [FF:FF:FF:FF:FF:FF] [30|55 ACKs]13:13:04  Sending 64 directed DeAuth (code 7). STMAC: [FF:FF:FF:FF:FF:FF] [30|56 ACKs]13:13:04  Sending 64 directed DeAuth (code 7). STMAC: [FF:FF:FF:FF:FF:FF] [30|57 ACKs]13:13:04  Sending 64 directed DeAuth (code 7). STMAC: [FF:FF:FF:FF:FF:FF] [31|57 ACKs]13:13:04  Sending 64 directed DeAuth (code 7). STMAC: [FF:FF:FF:FF:FF:FF] [31|58 ACKs]13:13:04  Sending 64 directed DeAuth (code 7). STMAC: [FF:FF:FF:FF:FF:FF] [32|58 ACKs]13:13:04  Sending 64 directed DeAuth (code 7). STMAC: [FF:FF:FF:FF:FF:FF] [32|59 ACKs]13:13:04  Sending 64 directed DeAuth (code 7). STMAC: [FF:FF:FF:FF:FF:FF] [33|59 ACKs]13:13:04  Sending 64 directed DeAuth (code 7). STMAC: [FF:FF:FF:FF:FF:FF] [33|60 ACKs]13:13:04  Sending 64 directed DeAuth (code 7). STMAC: [FF:FF:FF:FF:FF:FF] [34|60 ACKs]13:13:04  Sending 64 directed DeAuth (code 7). STMAC: [FF:FF:FF:FF:FF:FF] [34|61 ACKs]13:13:04  Sending 64 directed DeAuth (code 7). STMAC: [FF:FF:FF:FF:FF:FF] [35|61 ACKs]13:13:04  Sending 64 directed DeAuth (code 7). STMAC: [FF:FF:FF:FF:FF:FF] [35|62 ACKs]13:13:04  Sending 64 directed DeAuth (code 7). STMAC: [FF:FF:FF:FF:FF:FF] [36|62 ACKs]13:13:04  Sending 64 directed DeAuth (code 7). STMAC: [FF:FF:FF:FF:FF:FF] [36|63 ACKs]13:13:04  Sending 64 directed DeAuth (code 7). STMAC: [FF:FF:FF:FF:FF:FF] [36|64 ACKs]
13:13:04  Sending 64 directed DeAuth (code 7). STMAC: [FF:FF:FF:FF:FF:FF] [ 0| 0 ACKs]13:13:04  Sending 64 directed DeAuth (code 7). STMAC: [FF:FF:FF:FF:FF:FF] [ 0| 0 ACKs]13:13:04  Sending 64 directed DeAuth (code 7). STMAC: [FF:FF:FF:FF:FF:FF] [ 0| 1 ACKs]13:13:04  Sending 64 directed DeAuth (code 7). STMAC: [FF:FF:FF:FF:FF:FF] [ 0| 2 ACKs]13:13:04  Sending 64 directed DeAuth (code 7). STMAC: [FF:FF:FF:FF:FF:FF] [ 0| 3 ACKs]13:13:04  Sending 64 directed DeAuth (code 7). STMAC: [FF:FF:FF:FF:FF:FF] [ 0| 4 ACKs]13:13:04  Sending 64 directed DeAuth (code 7). STMAC: [FF:FF:FF:FF:FF:FF] [ 0| 5 ACKs]13:13:04  Sending 64 directed DeAuth (code 7). STMAC: [FF:FF:FF:FF:FF:FF] [ 0| 6 ACKs]13:13:04  Sending 64 directed DeAuth (code 7). STMAC: [FF:FF:FF:FF:FF:FF] [ 0| 7 ACKs]13:13:04  Sending 64 directed DeAuth (code 7). STMAC: [FF:FF:FF:FF:FF:FF] [ 0| 8 ACKs]13:13:04  Sending 64 directed DeAuth (code 7). STMAC: [FF:FF:FF:FF:FF:FF] [ 0| 9 ACKs]13:13:04  Sending 64 directed DeAuth (code 7). STMAC: [FF:FF:FF:FF:FF:FF] [ 0|10 ACKs]13:13:04  Sending 64 directed DeAuth (code 7). STMAC: [FF:FF:FF:FF:FF:FF] [ 0|11 ACKs]13:13:04  Sending 64 directed DeAuth (code 7). STMAC: [FF:FF:FF:FF:FF:FF] [ 0|12 ACKs]13:13:04  Sending 64 directed DeAuth (code 7). STMAC: [FF:FF:FF:FF:FF:FF] [ 0|13 ACKs]13:13:04  Sending 64 directed DeAuth (code 7). STMAC: [FF:FF:FF:FF:FF:FF] [ 0|14 ACKs]13:13:04  Sending 64 directed DeAuth (code 7). STMAC: [FF:FF:FF:FF:FF:FF] [ 0|15 ACKs]13:13:04  Sending 64 directed DeAuth (code 7). STMAC: [FF:FF:FF:FF:FF:FF] [ 0|16 ACKs]13:13:04  Sending 64 directed DeAuth (code 7). STMAC: [FF:FF:FF:FF:FF:FF] [ 0|17 ACKs]13:13:04  Sending 64 directed DeAuth (code 7). STMAC: [FF:FF:FF:FF:FF:FF] [ 0|18 ACKs]13:13:04  Sending 64 directed DeAuth (code 7). STMAC: [FF:FF:FF:FF:FF:FF] [ 0|19 ACKs]13:13:04  Sending 64 directed DeAuth (code 7). STMAC: [FF:FF:FF:FF:FF:FF] [ 0|20 ACKs]13:13:04  Sending 64 directed DeAuth (code 7). STMAC: [FF:FF:FF:FF:FF:FF] [ 0|21 ACKs]13:13:04  Sending 64 directed DeAuth (code 7). STMAC: [FF:FF:FF:FF:FF:FF] [ 1|21 ACKs]13:13:04  Sending 64 directed DeAuth (code 7). STMAC: [FF:FF:FF:FF:FF:FF] [ 1|22 ACKs]13:13:04  Sending 64 directed DeAuth (code 7). STMAC: [FF:FF:FF:FF:FF:FF] [ 1|23 ACKs]13:13:04  Sending 64 directed DeAuth (code 7). STMAC: [FF:FF:FF:FF:FF:FF] [ 1|24 ACKs]13:13:04  Sending 64 directed DeAuth (code 7). STMAC: [FF:FF:FF:FF:FF:FF] [ 2|24 ACKs]13:13:04  Sending 64 directed DeAuth (code 7). STMAC: [FF:FF:FF:FF:FF:FF] [ 2|25 ACKs]13:13:04  Sending 64 directed DeAuth (code 7). STMAC: [FF:FF:FF:FF:FF:FF] [ 2|26 ACKs]13:13:04  Sending 64 directed DeAuth (code 7). STMAC: [FF:FF:FF:FF:FF:FF] [ 2|27 ACKs]13:13:04  Sending 64 directed DeAuth (code 7). STMAC: [FF:FF:FF:FF:FF:FF] [ 2|28 ACKs]13:13:04  Sending 64 directed DeAuth (code 7). STMAC: [FF:FF:FF:FF:FF:FF] [ 2|29 ACKs]13:13:04  Sending 64 directed DeAuth (code 7). STMAC: [FF:FF:FF:FF:FF:FF] [ 2|30 ACKs]13:13:04  Sending 64 directed DeAuth (code 7). STMAC: [FF:FF:FF:FF:FF:FF] [ 2|31 ACKs]13:13:05  Sending 64 directed DeAuth (code 7). STMAC: [FF:FF:FF:FF:FF:FF] [ 2|32 ACKs]13:13:05  Sending 64 directed DeAuth (code 7). STMAC: [FF:FF:FF:FF:FF:FF] [ 2|33 ACKs]13:13:05  Sending 64 directed DeAuth (code 7). STMAC: [FF:FF:FF:FF:FF:FF] [ 2|34 ACKs]13:13:05  Sending 64 directed DeAuth (code 7). STMAC: [FF:FF:FF:FF:FF:FF] [ 2|35 ACKs]13:13:05  Sending 64 directed DeAuth (code 7). STMAC: [FF:FF:FF:FF:FF:FF] [ 2|36 ACKs]13:13:05  Sending 64 directed DeAuth (code 7). STMAC: [FF:FF:FF:FF:FF:FF] [ 2|37 ACKs]13:13:05  Sending 64 directed DeAuth (code 7). STMAC: [FF:FF:FF:FF:FF:FF] [ 2|38 ACKs]13:13:05  Sending 64 directed DeAuth (code 7). STMAC: [FF:FF:FF:FF:FF:FF] [ 2|39 ACKs]13:13:05  Sending 64 directed DeAuth (code 7). STMAC: [FF:FF:FF:FF:FF:FF] [ 2|40 ACKs]13:13:05  Sending 64 directed DeAuth (code 7). STMAC: [FF:FF:FF:FF:FF:FF] [ 2|41 ACKs]13:13:05  Sending 64 directed DeAuth (code 7). STMAC: [FF:FF:FF:FF:FF:FF] [ 2|42 ACKs]13:13:05  Sending 64 directed DeAuth (code 7). STMAC: [FF:FF:FF:FF:FF:FF] [ 2|43 ACKs]13:13:05  Sending 64 directed DeAuth (code 7). STMAC: [FF:FF:FF:FF:FF:FF] [ 2|44 ACKs]13:13:05  Sending 64 directed DeAuth (code 7). STMAC: [FF:FF:FF:FF:FF:FF] [ 2|45 ACKs]13:13:05  Sending 64 directed DeAuth (code 7). STMAC: [FF:FF:FF:FF:FF:FF] [ 2|46 ACKs]13:13:05  Sending 64 directed DeAuth (code 7). STMAC: [FF:FF:FF:FF:FF:FF] [ 2|47 ACKs]13:13:05  Sending 64 directed DeAuth (code 7). STMAC: [FF:FF:FF:FF:FF:FF] [ 2|48 ACKs]13:13:05  Sending 64 directed DeAuth (code 7). STMAC: [FF:FF:FF:FF:FF:FF] [ 2|49 ACKs]13:13:05  Sending 64 directed DeAuth (code 7). STMAC: [FF:FF:FF:FF:FF:FF] [ 2|50 ACKs]13:13:05  Sending 64 directed DeAuth (code 7). STMAC: [FF:FF:FF:FF:FF:FF] [ 2|51 ACKs]13:13:05  Sending 64 directed DeAuth (code 7). STMAC: [FF:FF:FF:FF:FF:FF] [ 2|52 ACKs]13:13:05  Sending 64 directed DeAuth (code 7). STMAC: [FF:FF:FF:FF:FF:FF] [ 2|53 ACKs]13:13:05  Sending 64 directed DeAuth (code 7). STMAC: [FF:FF:FF:FF:FF:FF] [ 2|54 ACKs]13:13:05  Sending 64 directed DeAuth (code 7). STMAC: [FF:FF:FF:FF:FF:FF] [ 2|55 ACKs]13:13:05  Sending 64 directed DeAuth (code 7). STMAC: [FF:FF:FF:FF:FF:FF] [ 2|56 ACKs]13:13:05  Sending 64 directed DeAuth (code 7). STMAC: [FF:FF:FF:FF:FF:FF] [ 2|57 ACKs]13:13:05  Sending 64 directed DeAuth (code 7). STMAC: [FF:FF:FF:FF:FF:FF] [ 2|58 ACKs]13:13:05  Sending 64 directed DeAuth (code 7). STMAC: [FF:FF:FF:FF:FF:FF] [ 2|59 ACKs]13:13:05  Sending 64 directed DeAuth (code 7). STMAC: [FF:FF:FF:FF:FF:FF] [ 2|60 ACKs]13:13:05  Sending 64 directed DeAuth (code 7). STMAC: [FF:FF:FF:FF:FF:FF] [ 2|61 ACKs]13:13:05  Sending 64 directed DeAuth (code 7). STMAC: [FF:FF:FF:FF:FF:FF] [ 2|62 ACKs]13:13:05  Sending 64 directed DeAuth (code 7). STMAC: [FF:FF:FF:FF:FF:FF] [ 2|63 ACKs]13:13:05  Sending 64 directed DeAuth (code 7). STMAC: [FF:FF:FF:FF:FF:FF] [ 2|64 ACKs]
13:13:05  Sending 64 directed DeAuth (code 7). STMAC: [FF:FF:FF:FF:FF:FF] [ 0| 0 ACKs]13:13:05  Sending 64 directed DeAuth (code 7). STMAC: [FF:FF:FF:FF:FF:FF] [ 0| 1 ACKs]13:13:05  Sending 64 directed DeAuth (code 7). STMAC: [FF:FF:FF:FF:FF:FF] [ 0| 2 ACKs]13:13:05  Sending 64 directed DeAuth (code 7). STMAC: [FF:FF:FF:FF:FF:FF] [ 0| 3 ACKs]13:13:05  Sending 64 directed DeAuth (code 7). STMAC: [FF:FF:FF:FF:FF:FF] [ 0| 4 ACKs]13:13:05  Sending 64 directed DeAuth (code 7). STMAC: [FF:FF:FF:FF:FF:FF] [ 0| 5 ACKs]13:13:05  Sending 64 directed DeAuth (code 7). STMAC: [FF:FF:FF:FF:FF:FF] [ 0| 6 ACKs]13:13:05  Sending 64 directed DeAuth (code 7). STMAC: [FF:FF:FF:FF:FF:FF] [ 0| 7 ACKs]13:13:05  Sending 64 directed DeAuth (code 7). STMAC: [FF:FF:FF:FF:FF:FF] [ 0| 8 ACKs]13:13:05  Sending 64 directed DeAuth (code 7). STMAC: [FF:FF:FF:FF:FF:FF] [ 0| 9 ACKs]13:13:05  Sending 64 directed DeAuth (code 7). STMAC: [FF:FF:FF:FF:FF:FF] [ 0|10 ACKs]13:13:05  Sending 64 directed DeAuth (code 7). STMAC: [FF:FF:FF:FF:FF:FF] [ 0|11 ACKs]13:13:05  Sending 64 directed DeAuth (code 7). STMAC: [FF:FF:FF:FF:FF:FF] [ 0|12 ACKs]13:13:05  Sending 64 directed DeAuth (code 7). STMAC: [FF:FF:FF:FF:FF:FF] [ 0|13 ACKs]13:13:05  Sending 64 directed DeAuth (code 7). STMAC: [FF:FF:FF:FF:FF:FF] [ 0|14 ACKs]13:13:05  Sending 64 directed DeAuth (code 7). STMAC: [FF:FF:FF:FF:FF:FF] [ 0|15 ACKs]13:13:05  Sending 64 directed DeAuth (code 7). STMAC: [FF:FF:FF:FF:FF:FF] [ 0|16 ACKs]13:13:05  Sending 64 directed DeAuth (code 7). STMAC: [FF:FF:FF:FF:FF:FF] [ 0|16 ACKs]13:13:05  Sending 64 directed DeAuth (code 7). STMAC: [FF:FF:FF:FF:FF:FF] [ 1|16 ACKs]13:13:05  Sending 64 directed DeAuth (code 7). STMAC: [FF:FF:FF:FF:FF:FF] [ 1|16 ACKs]13:13:05  Sending 64 directed DeAuth (code 7). STMAC: [FF:FF:FF:FF:FF:FF] [ 1|17 ACKs]13:13:05  Sending 64 directed DeAuth (code 7). STMAC: [FF:FF:FF:FF:FF:FF] [ 2|17 ACKs]13:13:05  Sending 64 directed DeAuth (code 7). STMAC: [FF:FF:FF:FF:FF:FF] [ 3|17 ACKs]13:13:05  Sending 64 directed DeAuth (code 7). STMAC: [FF:FF:FF:FF:FF:FF] [ 3|18 ACKs]13:13:05  Sending 64 directed DeAuth (code 7). STMAC: [FF:FF:FF:FF:FF:FF] [ 4|18 ACKs]13:13:05  Sending 64 directed DeAuth (code 7). STMAC: [FF:FF:FF:FF:FF:FF] [ 4|19 ACKs]13:13:05  Sending 64 directed DeAuth (code 7). STMAC: [FF:FF:FF:FF:FF:FF] [ 5|19 ACKs]13:13:05  Sending 64 directed DeAuth (code 7). STMAC: [FF:FF:FF:FF:FF:FF] [ 5|20 ACKs]13:13:05  Sending 64 directed DeAuth (code 7). STMAC: [FF:FF:FF:FF:FF:FF] [ 5|21 ACKs]13:13:05  Sending 64 directed DeAuth (code 7). STMAC: [FF:FF:FF:FF:FF:FF] [ 6|21 ACKs]13:13:05  Sending 64 directed DeAuth (code 7). STMAC: [FF:FF:FF:FF:FF:FF] [ 6|21 ACKs]13:13:05  Sending 64 directed DeAuth (code 7). STMAC: [FF:FF:FF:FF:FF:FF] [ 7|21 ACKs]13:13:05  Sending 64 directed DeAuth (code 7). STMAC: [FF:FF:FF:FF:FF:FF] [ 7|22 ACKs]13:13:05  Sending 64 directed DeAuth (code 7). STMAC: [FF:FF:FF:FF:FF:FF] [ 7|23 ACKs]13:13:05  Sending 64 directed DeAuth (code 7). STMAC: [FF:FF:FF:FF:FF:FF] [ 7|24 ACKs]13:13:05  Sending 64 directed DeAuth (code 7). STMAC: [FF:FF:FF:FF:FF:FF] [ 7|25 ACKs]13:13:05  Sending 64 directed DeAuth (code 7). STMAC: [FF:FF:FF:FF:FF:FF] [ 7|26 ACKs]13:13:05  Sending 64 directed DeAuth (code 7). STMAC: [FF:FF:FF:FF:FF:FF] [ 7|27 ACKs]13:13:05  Sending 64 directed DeAuth (code 7). STMAC: [FF:FF:FF:FF:FF:FF] [ 7|28 ACKs]13:13:05  Sending 64 directed DeAuth (code 7). STMAC: [FF:FF:FF:FF:FF:FF] [ 7|29 ACKs]13:13:05  Sending 64 directed DeAuth (code 7). STMAC: [FF:FF:FF:FF:FF:FF] [ 7|30 ACKs]13:13:05  Sending 64 directed DeAuth (code 7). STMAC: [FF:FF:FF:FF:FF:FF] [ 7|31 ACKs]13:13:05  Sending 64 directed DeAuth (code 7). STMAC: [FF:FF:FF:FF:FF:FF] [ 7|32 ACKs]13:13:05  Sending 64 directed DeAuth (code 7). STMAC: [FF:FF:FF:FF:FF:FF] [ 7|33 ACKs]13:13:05  Sending 64 directed DeAuth (code 7). STMAC: [FF:FF:FF:FF:FF:FF] [ 7|34 ACKs]13:13:05  Sending 64 directed DeAuth (code 7). STMAC: [FF:FF:FF:FF:FF:FF] [ 7|35 ACKs]13:13:05  Sending 64 directed DeAuth (code 7). STMAC: [FF:FF:FF:FF:FF:FF] [ 7|36 ACKs]13:13:05  Sending 64 directed DeAuth (code 7). STMAC: [FF:FF:FF:FF:FF:FF] [ 7|37 ACKs]13:13:05  Sending 64 directed DeAuth (code 7). STMAC: [FF:FF:FF:FF:FF:FF] [ 7|38 ACKs]13:13:05  Sending 64 directed DeAuth (code 7). STMAC: [FF:FF:FF:FF:FF:FF] [ 7|39 ACKs]13:13:05  Sending 64 directed DeAuth (code 7). STMAC: [FF:FF:FF:FF:FF:FF] [ 7|40 ACKs]13:13:05  Sending 64 directed DeAuth (code 7). STMAC: [FF:FF:FF:FF:FF:FF] [ 7|41 ACKs]13:13:05  Sending 64 directed DeAuth (code 7). STMAC: [FF:FF:FF:FF:FF:FF] [ 7|42 ACKs]13:13:05  Sending 64 directed DeAuth (code 7). STMAC: [FF:FF:FF:FF:FF:FF] [ 7|43 ACKs]13:13:05  Sending 64 directed DeAuth (code 7). STMAC: [FF:FF:FF:FF:FF:FF] [ 7|44 ACKs]13:13:05  Sending 64 directed DeAuth (code 7). STMAC: [FF:FF:FF:FF:FF:FF] [ 7|45 ACKs]13:13:05  Sending 64 directed DeAuth (code 7). STMAC: [FF:FF:FF:FF:FF:FF] [ 7|46 ACKs]13:13:05  Sending 64 directed DeAuth (code 7). STMAC: [FF:FF:FF:FF:FF:FF] [ 7|47 ACKs]13:13:05  Sending 64 directed DeAuth (code 7). STMAC: [FF:FF:FF:FF:FF:FF] [ 7|48 ACKs]13:13:05  Sending 64 directed DeAuth (code 7). STMAC: [FF:FF:FF:FF:FF:FF] [ 7|49 ACKs]13:13:05  Sending 64 directed DeAuth (code 7). STMAC: [FF:FF:FF:FF:FF:FF] [ 8|49 ACKs]13:13:05  Sending 64 directed DeAuth (code 7). STMAC: [FF:FF:FF:FF:FF:FF] [ 8|50 ACKs]13:13:05  Sending 64 directed DeAuth (code 7). STMAC: [FF:FF:FF:FF:FF:FF] [ 9|50 ACKs]13:13:05  Sending 64 directed DeAuth (code 7). STMAC: [FF:FF:FF:FF:FF:FF] [ 9|51 ACKs]13:13:05  Sending 64 directed DeAuth (code 7). STMAC: [FF:FF:FF:FF:FF:FF] [ 9|52 ACKs]13:13:05  Sending 64 directed DeAuth (code 7). STMAC: [FF:FF:FF:FF:FF:FF] [ 9|53 ACKs]13:13:05  Sending 64 directed DeAuth (code 7). STMAC: [FF:FF:FF:FF:FF:FF] [ 9|54 ACKs]13:13:05  Sending 64 directed DeAuth (code 7). STMAC: [FF:FF:FF:FF:FF:FF] [ 9|55 ACKs]13:13:05  Sending 64 directed DeAuth (code 7). STMAC: [FF:FF:FF:FF:FF:FF] [ 9|56 ACKs]13:13:05  Sending 64 directed DeAuth (code 7). STMAC: [FF:FF:FF:FF:FF:FF] [ 9|57 ACKs]13:13:05  Sending 64 directed DeAuth (code 7). STMAC: [FF:FF:FF:FF:FF:FF] [ 9|58 ACKs]13:13:05  Sending 64 directed DeAuth (code 7). STMAC: [FF:FF:FF:FF:FF:FF] [ 9|59 ACKs]13:13:05  Sending 64 directed DeAuth (code 7). STMAC: [FF:FF:FF:FF:FF:FF] [ 9|60 ACKs]13:13:05  Sending 64 directed DeAuth (code 7). STMAC: [FF:FF:FF:FF:FF:FF] [ 9|61 ACKs]13:13:05  Sending 64 directed DeAuth (code 7). STMAC: [FF:FF:FF:FF:FF:FF] [ 9|62 ACKs]13:13:05  Sending 64 directed DeAuth (code 7). STMAC: [FF:FF:FF:FF:FF:FF] [ 9|63 ACKs]13:13:05  Sending 64 directed DeAuth (code 7). STMAC: [FF:FF:FF:FF:FF:FF] [ 9|64 ACKs]
13:13:05  Sending 64 directed DeAuth (code 7). STMAC: [FF:FF:FF:FF:FF:FF] [ 0| 0 ACKs]13:13:05  Sending 64 directed DeAuth (code 7). STMAC: [FF:FF:FF:FF:FF:FF] [ 0| 1 ACKs]13:13:05  Sending 64 directed DeAuth (code 7). STMAC: [FF:FF:FF:FF:FF:FF] [ 0| 2 ACKs]13:13:05  Sending 64 directed DeAuth (code 7). STMAC: [FF:FF:FF:FF:FF:FF] [ 0| 3 ACKs]13:13:05  Sending 64 directed DeAuth (code 7). STMAC: [FF:FF:FF:FF:FF:FF] [ 0| 4 ACKs]13:13:05  Sending 64 directed DeAuth (code 7). STMAC: [FF:FF:FF:FF:FF:FF] [ 0| 5 ACKs]13:13:05  Sending 64 directed DeAuth (code 7). STMAC: [FF:FF:FF:FF:FF:FF] [ 0| 6 ACKs]13:13:05  Sending 64 directed DeAuth (code 7). STMAC: [FF:FF:FF:FF:FF:FF] [ 0| 7 ACKs]13:13:05  Sending 64 directed DeAuth (code 7). STMAC: [FF:FF:FF:FF:FF:FF] [ 0| 8 ACKs]13:13:05  Sending 64 directed DeAuth (code 7). STMAC: [FF:FF:FF:FF:FF:FF] [ 0| 9 ACKs]13:13:05  Sending 64 directed DeAuth (code 7). STMAC: [FF:FF:FF:FF:FF:FF] [ 0|10 ACKs]13:13:05  Sending 64 directed DeAuth (code 7). STMAC: [FF:FF:FF:FF:FF:FF] [ 0|11 ACKs]13:13:05  Sending 64 directed DeAuth (code 7). STMAC: [FF:FF:FF:FF:FF:FF] [ 0|12 ACKs]13:13:05  Sending 64 directed DeAuth (code 7). STMAC: [FF:FF:FF:FF:FF:FF] [ 0|13 ACKs]13:13:05  Sending 64 directed DeAuth (code 7). STMAC: [FF:FF:FF:FF:FF:FF] [ 0|14 ACKs]13:13:06  Sending 64 directed DeAuth (code 7). STMAC: [FF:FF:FF:FF:FF:FF] [ 0|15 ACKs]13:13:06  Sending 64 directed DeAuth (code 7). STMAC: [FF:FF:FF:FF:FF:FF] [ 0|16 ACKs]13:13:06  Sending 64 directed DeAuth (code 7). STMAC: [FF:FF:FF:FF:FF:FF] [ 0|17 ACKs]13:13:06  Sending 64 directed DeAuth (code 7). STMAC: [FF:FF:FF:FF:FF:FF] [ 0|18 ACKs]13:13:06  Sending 64 directed DeAuth (code 7). STMAC: [FF:FF:FF:FF:FF:FF] [ 0|19 ACKs]13:13:06  Sending 64 directed DeAuth (code 7). STMAC: [FF:FF:FF:FF:FF:FF] [ 0|20 ACKs]13:13:06  Sending 64 directed DeAuth (code 7). STMAC: [FF:FF:FF:FF:FF:FF] [ 0|21 ACKs]13:13:06  Sending 64 directed DeAuth (code 7). STMAC: [FF:FF:FF:FF:FF:FF] [ 0|22 ACKs]13:13:06  Sending 64 directed DeAuth (code 7). STMAC: [FF:FF:FF:FF:FF:FF] [ 0|23 ACKs]13:13:06  Sending 64 directed DeAuth (code 7). STMAC: [FF:FF:FF:FF:FF:FF] [ 0|24 ACKs]13:13:06  Sending 64 directed DeAuth (code 7). STMAC: [FF:FF:FF:FF:FF:FF] [ 0|25 ACKs]13:13:06  Sending 64 directed DeAuth (code 7). STMAC: [FF:FF:FF:FF:FF:FF] [ 0|26 ACKs]13:13:06  Sending 64 directed DeAuth (code 7). STMAC: [FF:FF:FF:FF:FF:FF] [ 0|27 ACKs]13:13:06  Sending 64 directed DeAuth (code 7). STMAC: [FF:FF:FF:FF:FF:FF] [ 0|28 ACKs]13:13:06  Sending 64 directed DeAuth (code 7). STMAC: [FF:FF:FF:FF:FF:FF] [ 0|29 ACKs]13:13:06  Sending 64 directed DeAuth (code 7). STMAC: [FF:FF:FF:FF:FF:FF] [ 0|30 ACKs]13:13:06  Sending 64 directed DeAuth (code 7). STMAC: [FF:FF:FF:FF:FF:FF] [ 1|30 ACKs]13:13:06  Sending 64 directed DeAuth (code 7). STMAC: [FF:FF:FF:FF:FF:FF] [ 1|31 ACKs]13:13:06  Sending 64 directed DeAuth (code 7). STMAC: [FF:FF:FF:FF:FF:FF] [ 2|31 ACKs]13:13:06  Sending 64 directed DeAuth (code 7). STMAC: [FF:FF:FF:FF:FF:FF] [ 2|32 ACKs]13:13:06  Sending 64 directed DeAuth (code 7). STMAC: [FF:FF:FF:FF:FF:FF] [ 3|32 ACKs]13:13:06  Sending 64 directed DeAuth (code 7). STMAC: [FF:FF:FF:FF:FF:FF] [ 3|33 ACKs]13:13:06  Sending 64 directed DeAuth (code 7). STMAC: [FF:FF:FF:FF:FF:FF] [ 4|33 ACKs]13:13:06  Sending 64 directed DeAuth (code 7). STMAC: [FF:FF:FF:FF:FF:FF] [ 4|34 ACKs]13:13:06  Sending 64 directed DeAuth (code 7). STMAC: [FF:FF:FF:FF:FF:FF] [ 4|35 ACKs]13:13:06  Sending 64 directed DeAuth (code 7). STMAC: [FF:FF:FF:FF:FF:FF] [ 5|35 ACKs]13:13:06  Sending 64 directed DeAuth (code 7). STMAC: [FF:FF:FF:FF:FF:FF] [ 5|36 ACKs]13:13:06  Sending 64 directed DeAuth (code 7). STMAC: [FF:FF:FF:FF:FF:FF] [ 6|36 ACKs]13:13:06  Sending 64 directed DeAuth (code 7). STMAC: [FF:FF:FF:FF:FF:FF] [ 6|37 ACKs]13:13:06  Sending 64 directed DeAuth (code 7). STMAC: [FF:FF:FF:FF:FF:FF] [ 7|37 ACKs]13:13:06  Sending 64 directed DeAuth (code 7). STMAC: [FF:FF:FF:FF:FF:FF] [ 7|38 ACKs]13:13:06  Sending 64 directed DeAuth (code 7). STMAC: [FF:FF:FF:FF:FF:FF] [ 8|38 ACKs]13:13:06  Sending 64 directed DeAuth (code 7). STMAC: [FF:FF:FF:FF:FF:FF] [ 8|39 ACKs]13:13:06  Sending 64 directed DeAuth (code 7). STMAC: [FF:FF:FF:FF:FF:FF] [ 9|39 ACKs]13:13:06  Sending 64 directed DeAuth (code 7). STMAC: [FF:FF:FF:FF:FF:FF] [ 9|40 ACKs]13:13:06  Sending 64 directed DeAuth (code 7). STMAC: [FF:FF:FF:FF:FF:FF] [10|40 ACKs]13:13:06  Sending 64 directed DeAuth (code 7). STMAC: [FF:FF:FF:FF:FF:FF] [10|41 ACKs]13:13:06  Sending 64 directed DeAuth (code 7). STMAC: [FF:FF:FF:FF:FF:FF] [11|41 ACKs]13:13:06  Sending 64 directed DeAuth (code 7). STMAC: [FF:FF:FF:FF:FF:FF] [11|42 ACKs]13:13:06  Sending 64 directed DeAuth (code 7). STMAC: [FF:FF:FF:FF:FF:FF] [12|42 ACKs]13:13:06  Sending 64 directed DeAuth (code 7). STMAC: [FF:FF:FF:FF:FF:FF] [12|43 ACKs]13:13:06  Sending 64 directed DeAuth (code 7). STMAC: [FF:FF:FF:FF:FF:FF] [13|43 ACKs]13:13:06  Sending 64 directed DeAuth (code 7). STMAC: [FF:FF:FF:FF:FF:FF] [13|44 ACKs]13:13:06  Sending 64 directed DeAuth (code 7). STMAC: [FF:FF:FF:FF:FF:FF] [14|44 ACKs]13:13:06  Sending 64 directed DeAuth (code 7). STMAC: [FF:FF:FF:FF:FF:FF] [14|45 ACKs]13:13:06  Sending 64 directed DeAuth (code 7). STMAC: [FF:FF:FF:FF:FF:FF] [15|45 ACKs]13:13:06  Sending 64 directed DeAuth (code 7). STMAC: [FF:FF:FF:FF:FF:FF] [15|46 ACKs]13:13:06  Sending 64 directed DeAuth (code 7). STMAC: [FF:FF:FF:FF:FF:FF] [15|47 ACKs]13:13:06  Sending 64 directed DeAuth (code 7). STMAC: [FF:FF:FF:FF:FF:FF] [16|47 ACKs]13:13:06  Sending 64 directed DeAuth (code 7). STMAC: [FF:FF:FF:FF:FF:FF] [16|48 ACKs]13:13:06  Sending 64 directed DeAuth (code 7). STMAC: [FF:FF:FF:FF:FF:FF] [17|48 ACKs]13:13:06  Sending 64 directed DeAuth (code 7). STMAC: [FF:FF:FF:FF:FF:FF] [17|49 ACKs]13:13:06  Sending 64 directed DeAuth (code 7). STMAC: [FF:FF:FF:FF:FF:FF] [18|49 ACKs]13:13:06  Sending 64 directed DeAuth (code 7). STMAC: [FF:FF:FF:FF:FF:FF] [18|50 ACKs]13:13:06  Sending 64 directed DeAuth (code 7). STMAC: [FF:FF:FF:FF:FF:FF] [19|50 ACKs]13:13:06  Sending 64 directed DeAuth (code 7). STMAC: [FF:FF:FF:FF:FF:FF] [19|51 ACKs]13:13:06  Sending 64 directed DeAuth (code 7). STMAC: [FF:FF:FF:FF:FF:FF] [19|51 ACKs]13:13:06  Sending 64 directed DeAuth (code 7). STMAC: [FF:FF:FF:FF:FF:FF] [20|51 ACKs]13:13:06  Sending 64 directed DeAuth (code 7). STMAC: [FF:FF:FF:FF:FF:FF] [20|52 ACKs]13:13:06  Sending 64 directed DeAuth (code 7). STMAC: [FF:FF:FF:FF:FF:FF] [21|52 ACKs]13:13:06  Sending 64 directed DeAuth (code 7). STMAC: [FF:FF:FF:FF:FF:FF] [21|53 ACKs]13:13:06  Sending 64 directed DeAuth (code 7). STMAC: [FF:FF:FF:FF:FF:FF] [22|53 ACKs]13:13:06  Sending 64 directed DeAuth (code 7). STMAC: [FF:FF:FF:FF:FF:FF] [22|54 ACKs]13:13:06  Sending 64 directed DeAuth (code 7). STMAC: [FF:FF:FF:FF:FF:FF] [23|54 ACKs]13:13:06  Sending 64 directed DeAuth (code 7). STMAC: [FF:FF:FF:FF:FF:FF] [23|55 ACKs]13:13:06  Sending 64 directed DeAuth (code 7). STMAC: [FF:FF:FF:FF:FF:FF] [24|55 ACKs]13:13:06  Sending 64 directed DeAuth (code 7). STMAC: [FF:FF:FF:FF:FF:FF] [24|56 ACKs]13:13:06  Sending 64 directed DeAuth (code 7). STMAC: [FF:FF:FF:FF:FF:FF] [25|56 ACKs]13:13:06  Sending 64 directed DeAuth (code 7). STMAC: [FF:FF:FF:FF:FF:FF] [25|57 ACKs]13:13:06  Sending 64 directed DeAuth (code 7). STMAC: [FF:FF:FF:FF:FF:FF] [25|58 ACKs]13:13:06  Sending 64 directed DeAuth (code 7). STMAC: [FF:FF:FF:FF:FF:FF] [26|58 ACKs]13:13:06  Sending 64 directed DeAuth (code 7). STMAC: [FF:FF:FF:FF:FF:FF] [26|59 ACKs]13:13:06  Sending 64 directed DeAuth (code 7). STMAC: [FF:FF:FF:FF:FF:FF] [27|59 ACKs]13:13:06  Sending 64 directed DeAuth (code 7). STMAC: [FF:FF:FF:FF:FF:FF] [27|60 ACKs]13:13:06  Sending 64 directed DeAuth (code 7). STMAC: [FF:FF:FF:FF:FF:FF] [28|60 ACKs]13:13:06  Sending 64 directed DeAuth (code 7). STMAC: [FF:FF:FF:FF:FF:FF] [28|61 ACKs]13:13:06  Sending 64 directed DeAuth (code 7). STMAC: [FF:FF:FF:FF:FF:FF] [29|61 ACKs]13:13:06  Sending 64 directed DeAuth (code 7). STMAC: [FF:FF:FF:FF:FF:FF] [29|62 ACKs]13:13:06  Sending 64 directed DeAuth (code 7). STMAC: [FF:FF:FF:FF:FF:FF] [30|62 ACKs]13:13:06  Sending 64 directed DeAuth (code 7). STMAC: [FF:FF:FF:FF:FF:FF] [30|63 ACKs]13:13:06  Sending 64 directed DeAuth (code 7). STMAC: [FF:FF:FF:FF:FF:FF] [31|63 ACKs]13:13:06  Sending 64 directed DeAuth (code 7). STMAC: [FF:FF:FF:FF:FF:FF] [31|64 ACKs]
13:13:06  Sending 64 directed DeAuth (code 7). STMAC: [FF:FF:FF:FF:FF:FF] [ 0| 0 ACKs]13:13:06  Sending 64 directed DeAuth (code 7). STMAC: [FF:FF:FF:FF:FF:FF] [ 0| 0 ACKs]13:13:06  Sending 64 directed DeAuth (code 7). STMAC: [FF:FF:FF:FF:FF:FF] [ 0| 0 ACKs]13:13:06  Sending 64 directed DeAuth (code 7). STMAC: [FF:FF:FF:FF:FF:FF] [ 1| 0 ACKs]13:13:06  Sending 64 directed DeAuth (code 7). STMAC: [FF:FF:FF:FF:FF:FF] [ 1| 1 ACKs]13:13:06  Sending 64 directed DeAuth (code 7). STMAC: [FF:FF:FF:FF:FF:FF] [ 2| 1 ACKs]13:13:06  Sending 64 directed DeAuth (code 7). STMAC: [FF:FF:FF:FF:FF:FF] [ 2| 2 ACKs]13:13:06  Sending 64 directed DeAuth (code 7). STMAC: [FF:FF:FF:FF:FF:FF] [ 2| 3 ACKs]13:13:06  Sending 64 directed DeAuth (code 7). STMAC: [FF:FF:FF:FF:FF:FF] [ 2| 4 ACKs]13:13:06  Sending 64 directed DeAuth (code 7). STMAC: [FF:FF:FF:FF:FF:FF] [ 3| 4 ACKs]13:13:06  Sending 64 directed DeAuth (code 7). STMAC: [FF:FF:FF:FF:FF:FF] [ 3| 5 ACKs]13:13:06  Sending 64 directed DeAuth (code 7). STMAC: [FF:FF:FF:FF:FF:FF] [ 4| 5 ACKs]13:13:06  Sending 64 directed DeAuth (code 7). STMAC: [FF:FF:FF:FF:FF:FF] [ 4| 6 ACKs]13:13:06  Sending 64 directed DeAuth (code 7). STMAC: [FF:FF:FF:FF:FF:FF] [ 5| 6 ACKs]13:13:06  Sending 64 directed DeAuth (code 7). STMAC: [FF:FF:FF:FF:FF:FF] [ 5| 7 ACKs]13:13:06  Sending 64 directed DeAuth (code 7). STMAC: [FF:FF:FF:FF:FF:FF] [ 5| 8 ACKs]13:13:06  Sending 64 directed DeAuth (code 7). STMAC: [FF:FF:FF:FF:FF:FF] [ 6| 8 ACKs]13:13:06  Sending 64 directed DeAuth (code 7). STMAC: [FF:FF:FF:FF:FF:FF] [ 6| 9 ACKs]13:13:06  Sending 64 directed DeAuth (code 7). STMAC: [FF:FF:FF:FF:FF:FF] [ 7| 9 ACKs]13:13:06  Sending 64 directed DeAuth (code 7). STMAC: [FF:FF:FF:FF:FF:FF] [ 7|10 ACKs]13:13:06  Sending 64 directed DeAuth (code 7). STMAC: [FF:FF:FF:FF:FF:FF] [ 7|11 ACKs]13:13:06  Sending 64 directed DeAuth (code 7). STMAC: [FF:FF:FF:FF:FF:FF] [ 8|11 ACKs]13:13:06  Sending 64 directed DeAuth (code 7). STMAC: [FF:FF:FF:FF:FF:FF] [ 8|12 ACKs]13:13:06  Sending 64 directed DeAuth (code 7). STMAC: [FF:FF:FF:FF:FF:FF] [ 9|12 ACKs]13:13:06  Sending 64 directed DeAuth (code 7). STMAC: [FF:FF:FF:FF:FF:FF] [ 9|13 ACKs]13:13:06  Sending 64 directed DeAuth (code 7). STMAC: [FF:FF:FF:FF:FF:FF] [10|13 ACKs]13:13:06  Sending 64 directed DeAuth (code 7). STMAC: [FF:FF:FF:FF:FF:FF] [10|14 ACKs]13:13:06  Sending 64 directed DeAuth (code 7). STMAC: [FF:FF:FF:FF:FF:FF] [11|14 ACKs]13:13:06  Sending 64 directed DeAuth (code 7). STMAC: [FF:FF:FF:FF:FF:FF] [11|15 ACKs]13:13:06  Sending 64 directed DeAuth (code 7). STMAC: [FF:FF:FF:FF:FF:FF] [11|16 ACKs]13:13:06  Sending 64 directed DeAuth (code 7). STMAC: [FF:FF:FF:FF:FF:FF] [12|16 ACKs]13:13:06  Sending 64 directed DeAuth (code 7). STMAC: [FF:FF:FF:FF:FF:FF] [12|17 ACKs]13:13:06  Sending 64 directed DeAuth (code 7). STMAC: [FF:FF:FF:FF:FF:FF] [13|17 ACKs]13:13:06  Sending 64 directed DeAuth (code 7). STMAC: [FF:FF:FF:FF:FF:FF] [13|18 ACKs]13:13:06  Sending 64 directed DeAuth (code 7). STMAC: [FF:FF:FF:FF:FF:FF] [13|18 ACKs]13:13:06  Sending 64 directed DeAuth (code 7). STMAC: [FF:FF:FF:FF:FF:FF] [13|19 ACKs]13:13:06  Sending 64 directed DeAuth (code 7). STMAC: [FF:FF:FF:FF:FF:FF] [13|20 ACKs]13:13:06  Sending 64 directed DeAuth (code 7). STMAC: [FF:FF:FF:FF:FF:FF] [13|21 ACKs]13:13:06  Sending 64 directed DeAuth (code 7). STMAC: [FF:FF:FF:FF:FF:FF] [13|22 ACKs]13:13:06  Sending 64 directed DeAuth (code 7). STMAC: [FF:FF:FF:FF:FF:FF] [13|23 ACKs]13:13:06  Sending 64 directed DeAuth (code 7). STMAC: [FF:FF:FF:FF:FF:FF] [13|24 ACKs]13:13:06  Sending 64 directed DeAuth (code 7). STMAC: [FF:FF:FF:FF:FF:FF] [13|25 ACKs]13:13:06  Sending 64 directed DeAuth (code 7). STMAC: [FF:FF:FF:FF:FF:FF] [13|26 ACKs]13:13:06  Sending 64 directed DeAuth (code 7). STMAC: [FF:FF:FF:FF:FF:FF] [13|27 ACKs]13:13:06  Sending 64 directed DeAuth (code 7). STMAC: [FF:FF:FF:FF:FF:FF] [13|28 ACKs]13:13:06  Sending 64 directed DeAuth (code 7). STMAC: [FF:FF:FF:FF:FF:FF] [13|29 ACKs]13:13:06  Sending 64 directed DeAuth (code 7). STMAC: [FF:FF:FF:FF:FF:FF] [13|30 ACKs]13:13:06  Sending 64 directed DeAuth (code 7). STMAC: [FF:FF:FF:FF:FF:FF] [13|31 ACKs]13:13:06  Sending 64 directed DeAuth (code 7). STMAC: [FF:FF:FF:FF:FF:FF] [13|32 ACKs]13:13:06  Sending 64 directed DeAuth (code 7). STMAC: [FF:FF:FF:FF:FF:FF] [13|33 ACKs]13:13:06  Sending 64 directed DeAuth (code 7). STMAC: [FF:FF:FF:FF:FF:FF] [13|34 ACKs]13:13:06  Sending 64 directed DeAuth (code 7). STMAC: [FF:FF:FF:FF:FF:FF] [13|35 ACKs]13:13:06  Sending 64 directed DeAuth (code 7). STMAC: [FF:FF:FF:FF:FF:FF] [13|36 ACKs]13:13:06  Sending 64 directed DeAuth (code 7). STMAC: [FF:FF:FF:FF:FF:FF] [13|37 ACKs]13:13:06  Sending 64 directed DeAuth (code 7). STMAC: [FF:FF:FF:FF:FF:FF] [13|38 ACKs]13:13:06  Sending 64 directed DeAuth (code 7). STMAC: [FF:FF:FF:FF:FF:FF] [13|39 ACKs]13:13:06  Sending 64 directed DeAuth (code 7). STMAC: [FF:FF:FF:FF:FF:FF] [13|40 ACKs]13:13:06  Sending 64 directed DeAuth (code 7). STMAC: [FF:FF:FF:FF:FF:FF] [13|41 ACKs]13:13:06  Sending 64 directed DeAuth (code 7). STMAC: [FF:FF:FF:FF:FF:FF] [13|42 ACKs]13:13:06  Sending 64 directed DeAuth (code 7). STMAC: [FF:FF:FF:FF:FF:FF] [13|43 ACKs]13:13:06  Sending 64 directed DeAuth (code 7). STMAC: [FF:FF:FF:FF:FF:FF] [13|44 ACKs]13:13:06  Sending 64 directed DeAuth (code 7). STMAC: [FF:FF:FF:FF:FF:FF] [13|45 ACKs]13:13:06  Sending 64 directed DeAuth (code 7). STMAC: [FF:FF:FF:FF:FF:FF] [13|46 ACKs]13:13:06  Sending 64 directed DeAuth (code 7). STMAC: [FF:FF:FF:FF:FF:FF] [13|47 ACKs]13:13:06  Sending 64 directed DeAuth (code 7). STMAC: [FF:FF:FF:FF:FF:FF] [13|48 ACKs]13:13:06  Sending 64 directed DeAuth (code 7). STMAC: [FF:FF:FF:FF:FF:FF] [13|49 ACKs]13:13:06  Sending 64 directed DeAuth (code 7). STMAC: [FF:FF:FF:FF:FF:FF] [13|50 ACKs]13:13:06  Sending 64 directed DeAuth (code 7). STMAC: [FF:FF:FF:FF:FF:FF] [13|51 ACKs]13:13:06  Sending 64 directed DeAuth (code 7). STMAC: [FF:FF:FF:FF:FF:FF] [13|52 ACKs]13:13:06  Sending 64 directed DeAuth (code 7). STMAC: [FF:FF:FF:FF:FF:FF] [13|53 ACKs]13:13:06  Sending 64 directed DeAuth (code 7). STMAC: [FF:FF:FF:FF:FF:FF] [13|54 ACKs]13:13:06  Sending 64 directed DeAuth (code 7). STMAC: [FF:FF:FF:FF:FF:FF] [13|55 ACKs]13:13:06  Sending 64 directed DeAuth (code 7). STMAC: [FF:FF:FF:FF:FF:FF] [13|56 ACKs]13:13:06  Sending 64 directed DeAuth (code 7). STMAC: [FF:FF:FF:FF:FF:FF] [13|57 ACKs]13:13:06  Sending 64 directed DeAuth (code 7). STMAC: [FF:FF:FF:FF:FF:FF] [13|58 ACKs]13:13:06  Sending 64 directed DeAuth (code 7). STMAC: [FF:FF:FF:FF:FF:FF] [13|59 ACKs]13:13:06  Sending 64 directed DeAuth (code 7). STMAC: [FF:FF:FF:FF:FF:FF] [13|60 ACKs]13:13:06  Sending 64 directed DeAuth (code 7). STMAC: [FF:FF:FF:FF:FF:FF] [13|61 ACKs]13:13:06  Sending 64 directed DeAuth (code 7). STMAC: [FF:FF:FF:FF:FF:FF] [13|62 ACKs]13:13:06  Sending 64 directed DeAuth (code 7). STMAC: [FF:FF:FF:FF:FF:FF] [13|63 ACKs]13:13:06  Sending 64 directed DeAuth (code 7). STMAC: [FF:FF:FF:FF:FF:FF] [13|64 ACKs]
13:13:07  Sending 64 directed DeAuth (code 7). STMAC: [FF:FF:FF:FF:FF:FF] [ 0| 0 ACKs]13:13:07  Sending 64 directed DeAuth (code 7). STMAC: [FF:FF:FF:FF:FF:FF] [ 0| 1 ACKs]13:13:07  Sending 64 directed DeAuth (code 7). STMAC: [FF:FF:FF:FF:FF:FF] [ 1| 1 ACKs]13:13:07  Sending 64 directed DeAuth (code 7). STMAC: [FF:FF:FF:FF:FF:FF] [ 1| 2 ACKs]13:13:07  Sending 64 directed DeAuth (code 7). STMAC: [FF:FF:FF:FF:FF:FF] [ 2| 2 ACKs]13:13:07  Sending 64 directed DeAuth (code 7). STMAC: [FF:FF:FF:FF:FF:FF] [ 2| 3 ACKs]13:13:07  Sending 64 directed DeAuth (code 7). STMAC: [FF:FF:FF:FF:FF:FF] [ 3| 3 ACKs]13:13:07  Sending 64 directed DeAuth (code 7). STMAC: [FF:FF:FF:FF:FF:FF] [ 3| 4 ACKs]13:13:07  Sending 64 directed DeAuth (code 7). STMAC: [FF:FF:FF:FF:FF:FF] [ 4| 4 ACKs]13:13:07  Sending 64 directed DeAuth (code 7). STMAC: [FF:FF:FF:FF:FF:FF] [ 4| 5 ACKs]13:13:07  Sending 64 directed DeAuth (code 7). STMAC: [FF:FF:FF:FF:FF:FF] [ 5| 5 ACKs]13:13:07  Sending 64 directed DeAuth (code 7). STMAC: [FF:FF:FF:FF:FF:FF] [ 5| 6 ACKs]13:13:07  Sending 64 directed DeAuth (code 7). STMAC: [FF:FF:FF:FF:FF:FF] [ 5| 7 ACKs]13:13:07  Sending 64 directed DeAuth (code 7). STMAC: [FF:FF:FF:FF:FF:FF] [ 6| 7 ACKs]13:13:07  Sending 64 directed DeAuth (code 7). STMAC: [FF:FF:FF:FF:FF:FF] [ 6| 8 ACKs]13:13:07  Sending 64 directed DeAuth (code 7). STMAC: [FF:FF:FF:FF:FF:FF] [ 7| 8 ACKs]13:13:07  Sending 64 directed DeAuth (code 7). STMAC: [FF:FF:FF:FF:FF:FF] [ 7| 9 ACKs]13:13:07  Sending 64 directed DeAuth (code 7). STMAC: [FF:FF:FF:FF:FF:FF] [ 8| 9 ACKs]13:13:07  Sending 64 directed DeAuth (code 7). STMAC: [FF:FF:FF:FF:FF:FF] [ 8|10 ACKs]13:13:07  Sending 64 directed DeAuth (code 7). STMAC: [FF:FF:FF:FF:FF:FF] [ 9|10 ACKs]13:13:07  Sending 64 directed DeAuth (code 7). STMAC: [FF:FF:FF:FF:FF:FF] [ 9|11 ACKs]13:13:07  Sending 64 directed DeAuth (code 7). STMAC: [FF:FF:FF:FF:FF:FF] [ 9|12 ACKs]13:13:07  Sending 64 directed DeAuth (code 7). STMAC: [FF:FF:FF:FF:FF:FF] [10|12 ACKs]13:13:07  Sending 64 directed DeAuth (code 7). STMAC: [FF:FF:FF:FF:FF:FF] [10|13 ACKs]13:13:07  Sending 64 directed DeAuth (code 7). STMAC: [FF:FF:FF:FF:FF:FF] [11|13 ACKs]13:13:07  Sending 64 directed DeAuth (code 7). STMAC: [FF:FF:FF:FF:FF:FF] [11|14 ACKs]13:13:07  Sending 64 directed DeAuth (code 7). STMAC: [FF:FF:FF:FF:FF:FF] [12|14 ACKs]13:13:07  Sending 64 directed DeAuth (code 7). STMAC: [FF:FF:FF:FF:FF:FF] [12|15 ACKs]13:13:07  Sending 64 directed DeAuth (code 7). STMAC: [FF:FF:FF:FF:FF:FF] [12|16 ACKs]13:13:07  Sending 64 directed DeAuth (code 7). STMAC: [FF:FF:FF:FF:FF:FF] [12|17 ACKs]13:13:07  Sending 64 directed DeAuth (code 7). STMAC: [FF:FF:FF:FF:FF:FF] [13|17 ACKs]13:13:07  Sending 64 directed DeAuth (code 7). STMAC: [FF:FF:FF:FF:FF:FF] [13|18 ACKs]13:13:07  Sending 64 directed DeAuth (code 7). STMAC: [FF:FF:FF:FF:FF:FF] [14|18 ACKs]13:13:07  Sending 64 directed DeAuth (code 7). STMAC: [FF:FF:FF:FF:FF:FF] [14|19 ACKs]13:13:07  Sending 64 directed DeAuth (code 7). STMAC: [FF:FF:FF:FF:FF:FF] [14|20 ACKs]13:13:07  Sending 64 directed DeAuth (code 7). STMAC: [FF:FF:FF:FF:FF:FF] [14|21 ACKs]13:13:07  Sending 64 directed DeAuth (code 7). STMAC: [FF:FF:FF:FF:FF:FF] [14|22 ACKs]13:13:07  Sending 64 directed DeAuth (code 7). STMAC: [FF:FF:FF:FF:FF:FF] [14|23 ACKs]13:13:07  Sending 64 directed DeAuth (code 7). STMAC: [FF:FF:FF:FF:FF:FF] [14|24 ACKs]13:13:07  Sending 64 directed DeAuth (code 7). STMAC: [FF:FF:FF:FF:FF:FF] [14|25 ACKs]13:13:07  Sending 64 directed DeAuth (code 7). STMAC: [FF:FF:FF:FF:FF:FF] [14|26 ACKs]13:13:07  Sending 64 directed DeAuth (code 7). STMAC: [FF:FF:FF:FF:FF:FF] [14|27 ACKs]13:13:07  Sending 64 directed DeAuth (code 7). STMAC: [FF:FF:FF:FF:FF:FF] [14|28 ACKs]13:13:07  Sending 64 directed DeAuth (code 7). STMAC: [FF:FF:FF:FF:FF:FF] [14|29 ACKs]13:13:07  Sending 64 directed DeAuth (code 7). STMAC: [FF:FF:FF:FF:FF:FF] [14|30 ACKs]13:13:07  Sending 64 directed DeAuth (code 7). STMAC: [FF:FF:FF:FF:FF:FF] [14|31 ACKs]13:13:07  Sending 64 directed DeAuth (code 7). STMAC: [FF:FF:FF:FF:FF:FF] [14|32 ACKs]13:13:07  Sending 64 directed DeAuth (code 7). STMAC: [FF:FF:FF:FF:FF:FF] [14|33 ACKs]13:13:07  Sending 64 directed DeAuth (code 7). STMAC: [FF:FF:FF:FF:FF:FF] [14|34 ACKs]13:13:07  Sending 64 directed DeAuth (code 7). STMAC: [FF:FF:FF:FF:FF:FF] [14|35 ACKs]13:13:07  Sending 64 directed DeAuth (code 7). STMAC: [FF:FF:FF:FF:FF:FF] [14|36 ACKs]13:13:07  Sending 64 directed DeAuth (code 7). STMAC: [FF:FF:FF:FF:FF:FF] [14|37 ACKs]13:13:07  Sending 64 directed DeAuth (code 7). STMAC: [FF:FF:FF:FF:FF:FF] [14|38 ACKs]13:13:07  Sending 64 directed DeAuth (code 7). STMAC: [FF:FF:FF:FF:FF:FF] [14|39 ACKs]13:13:07  Sending 64 directed DeAuth (code 7). STMAC: [FF:FF:FF:FF:FF:FF] [14|40 ACKs]13:13:07  Sending 64 directed DeAuth (code 7). STMAC: [FF:FF:FF:FF:FF:FF] [14|41 ACKs]13:13:07  Sending 64 directed DeAuth (code 7). STMAC: [FF:FF:FF:FF:FF:FF] [14|42 ACKs]13:13:07  Sending 64 directed DeAuth (code 7). STMAC: [FF:FF:FF:FF:FF:FF] [14|43 ACKs]13:13:07  Sending 64 directed DeAuth (code 7). STMAC: [FF:FF:FF:FF:FF:FF] [14|44 ACKs]13:13:07  Sending 64 directed DeAuth (code 7). STMAC: [FF:FF:FF:FF:FF:FF] [14|45 ACKs]13:13:07  Sending 64 directed DeAuth (code 7). STMAC: [FF:FF:FF:FF:FF:FF] [14|46 ACKs]13:13:07  Sending 64 directed DeAuth (code 7). STMAC: [FF:FF:FF:FF:FF:FF] [14|47 ACKs]13:13:07  Sending 64 directed DeAuth (code 7). STMAC: [FF:FF:FF:FF:FF:FF] [14|48 ACKs]13:13:07  Sending 64 directed DeAuth (code 7). STMAC: [FF:FF:FF:FF:FF:FF] [14|49 ACKs]13:13:07  Sending 64 directed DeAuth (code 7). STMAC: [FF:FF:FF:FF:FF:FF] [14|50 ACKs]13:13:07  Sending 64 directed DeAuth (code 7). STMAC: [FF:FF:FF:FF:FF:FF] [14|51 ACKs]13:13:07  Sending 64 directed DeAuth (code 7). STMAC: [FF:FF:FF:FF:FF:FF] [14|52 ACKs]13:13:07  Sending 64 directed DeAuth (code 7). STMAC: [FF:FF:FF:FF:FF:FF] [14|53 ACKs]13:13:07  Sending 64 directed DeAuth (code 7). STMAC: [FF:FF:FF:FF:FF:FF] [14|54 ACKs]13:13:07  Sending 64 directed DeAuth (code 7). STMAC: [FF:FF:FF:FF:FF:FF] [14|55 ACKs]13:13:07  Sending 64 directed DeAuth (code 7). STMAC: [FF:FF:FF:FF:FF:FF] [15|55 ACKs]13:13:07  Sending 64 directed DeAuth (code 7). STMAC: [FF:FF:FF:FF:FF:FF] [15|55 ACKs]13:13:07  Sending 64 directed DeAuth (code 7). STMAC: [FF:FF:FF:FF:FF:FF] [15|56 ACKs]13:13:07  Sending 64 directed DeAuth (code 7). STMAC: [FF:FF:FF:FF:FF:FF] [16|56 ACKs]13:13:07  Sending 64 directed DeAuth (code 7). STMAC: [FF:FF:FF:FF:FF:FF] [17|56 ACKs]13:13:07  Sending 64 directed DeAuth (code 7). STMAC: [FF:FF:FF:FF:FF:FF] [17|57 ACKs]13:13:07  Sending 64 directed DeAuth (code 7). STMAC: [FF:FF:FF:FF:FF:FF] [17|58 ACKs]13:13:07  Sending 64 directed DeAuth (code 7). STMAC: [FF:FF:FF:FF:FF:FF] [18|58 ACKs]13:13:07  Sending 64 directed DeAuth (code 7). STMAC: [FF:FF:FF:FF:FF:FF] [18|59 ACKs]13:13:07  Sending 64 directed DeAuth (code 7). STMAC: [FF:FF:FF:FF:FF:FF] [19|59 ACKs]13:13:07  Sending 64 directed DeAuth (code 7). STMAC: [FF:FF:FF:FF:FF:FF] [19|60 ACKs]13:13:07  Sending 64 directed DeAuth (code 7). STMAC: [FF:FF:FF:FF:FF:FF] [20|60 ACKs]13:13:07  Sending 64 directed DeAuth (code 7). STMAC: [FF:FF:FF:FF:FF:FF] [20|61 ACKs]13:13:07  Sending 64 directed DeAuth (code 7). STMAC: [FF:FF:FF:FF:FF:FF] [21|61 ACKs]13:13:07  Sending 64 directed DeAuth (code 7). STMAC: [FF:FF:FF:FF:FF:FF] [21|62 ACKs]13:13:07  Sending 64 directed DeAuth (code 7). STMAC: [FF:FF:FF:FF:FF:FF] [22|62 ACKs]13:13:07  Sending 64 directed DeAuth (code 7). STMAC: [FF:FF:FF:FF:FF:FF] [22|63 ACKs]13:13:07  Sending 64 directed DeAuth (code 7). STMAC: [FF:FF:FF:FF:FF:FF] [23|63 ACKs]13:13:07  Sending 64 directed DeAuth (code 7). STMAC: [FF:FF:FF:FF:FF:FF] [23|64 ACKs]
13:13:07  Sending 64 directed DeAuth (code 7). STMAC: [FF:FF:FF:FF:FF:FF] [ 0| 0 ACKs]13:13:07  Sending 64 directed DeAuth (code 7). STMAC: [FF:FF:FF:FF:FF:FF] [ 0| 0 ACKs]13:13:07  Sending 64 directed DeAuth (code 7). STMAC: [FF:FF:FF:FF:FF:FF] [ 0| 1 ACKs]13:13:07  Sending 64 directed DeAuth (code 7). STMAC: [FF:FF:FF:FF:FF:FF] [ 0| 2 ACKs]13:13:07  Sending 64 directed DeAuth (code 7). STMAC: [FF:FF:FF:FF:FF:FF] [ 0| 3 ACKs]13:13:07  Sending 64 directed DeAuth (code 7). STMAC: [FF:FF:FF:FF:FF:FF] [ 0| 4 ACKs]13:13:07  Sending 64 directed DeAuth (code 7). STMAC: [FF:FF:FF:FF:FF:FF] [ 0| 5 ACKs]13:13:07  Sending 64 directed DeAuth (code 7). STMAC: [FF:FF:FF:FF:FF:FF] [ 0| 6 ACKs]13:13:07  Sending 64 directed DeAuth (code 7). STMAC: [FF:FF:FF:FF:FF:FF] [ 0| 7 ACKs]13:13:07  Sending 64 directed DeAuth (code 7). STMAC: [FF:FF:FF:FF:FF:FF] [ 0| 8 ACKs]13:13:07  Sending 64 directed DeAuth (code 7). STMAC: [FF:FF:FF:FF:FF:FF] [ 0| 9 ACKs]13:13:07  Sending 64 directed DeAuth (code 7). STMAC: [FF:FF:FF:FF:FF:FF] [ 0|10 ACKs]13:13:07  Sending 64 directed DeAuth (code 7). STMAC: [FF:FF:FF:FF:FF:FF] [ 0|11 ACKs]13:13:07  Sending 64 directed DeAuth (code 7). STMAC: [FF:FF:FF:FF:FF:FF] [ 0|12 ACKs]13:13:07  Sending 64 directed DeAuth (code 7). STMAC: [FF:FF:FF:FF:FF:FF] [ 0|13 ACKs]13:13:07  Sending 64 directed DeAuth (code 7). STMAC: [FF:FF:FF:FF:FF:FF] [ 0|14 ACKs]13:13:07  Sending 64 directed DeAuth (code 7). STMAC: [FF:FF:FF:FF:FF:FF] [ 0|15 ACKs]13:13:07  Sending 64 directed DeAuth (code 7). STMAC: [FF:FF:FF:FF:FF:FF] [ 0|16 ACKs]13:13:07  Sending 64 directed DeAuth (code 7). STMAC: [FF:FF:FF:FF:FF:FF] [ 0|17 ACKs]13:13:07  Sending 64 directed DeAuth (code 7). STMAC: [FF:FF:FF:FF:FF:FF] [ 0|18 ACKs]13:13:07  Sending 64 directed DeAuth (code 7). STMAC: [FF:FF:FF:FF:FF:FF] [ 0|19 ACKs]13:13:07  Sending 64 directed DeAuth (code 7). STMAC: [FF:FF:FF:FF:FF:FF] [ 0|20 ACKs]13:13:07  Sending 64 directed DeAuth (code 7). STMAC: [FF:FF:FF:FF:FF:FF] [ 0|21 ACKs]13:13:07  Sending 64 directed DeAuth (code 7). STMAC: [FF:FF:FF:FF:FF:FF] [ 0|22 ACKs]13:13:07  Sending 64 directed DeAuth (code 7). STMAC: [FF:FF:FF:FF:FF:FF] [ 0|23 ACKs]13:13:07  Sending 64 directed DeAuth (code 7). STMAC: [FF:FF:FF:FF:FF:FF] [ 0|24 ACKs]13:13:07  Sending 64 directed DeAuth (code 7). STMAC: [FF:FF:FF:FF:FF:FF] [ 0|25 ACKs]13:13:07  Sending 64 directed DeAuth (code 7). STMAC: [FF:FF:FF:FF:FF:FF] [ 0|26 ACKs]13:13:07  Sending 64 directed DeAuth (code 7). STMAC: [FF:FF:FF:FF:FF:FF] [ 0|27 ACKs]13:13:07  Sending 64 directed DeAuth (code 7). STMAC: [FF:FF:FF:FF:FF:FF] [ 0|28 ACKs]13:13:07  Sending 64 directed DeAuth (code 7). STMAC: [FF:FF:FF:FF:FF:FF] [ 0|29 ACKs]13:13:07  Sending 64 directed DeAuth (code 7). STMAC: [FF:FF:FF:FF:FF:FF] [ 0|30 ACKs]13:13:07  Sending 64 directed DeAuth (code 7). STMAC: [FF:FF:FF:FF:FF:FF] [ 0|31 ACKs]13:13:07  Sending 64 directed DeAuth (code 7). STMAC: [FF:FF:FF:FF:FF:FF] [ 0|32 ACKs]13:13:07  Sending 64 directed DeAuth (code 7). STMAC: [FF:FF:FF:FF:FF:FF] [ 0|33 ACKs]13:13:07  Sending 64 directed DeAuth (code 7). STMAC: [FF:FF:FF:FF:FF:FF] [ 0|34 ACKs]13:13:07  Sending 64 directed DeAuth (code 7). STMAC: [FF:FF:FF:FF:FF:FF] [ 0|35 ACKs]13:13:07  Sending 64 directed DeAuth (code 7). STMAC: [FF:FF:FF:FF:FF:FF] [ 0|36 ACKs]13:13:07  Sending 64 directed DeAuth (code 7). STMAC: [FF:FF:FF:FF:FF:FF] [ 0|37 ACKs]13:13:07  Sending 64 directed DeAuth (code 7). STMAC: [FF:FF:FF:FF:FF:FF] [ 0|38 ACKs]13:13:07  Sending 64 directed DeAuth (code 7). STMAC: [FF:FF:FF:FF:FF:FF] [ 0|39 ACKs]13:13:07  Sending 64 directed DeAuth (code 7). STMAC: [FF:FF:FF:FF:FF:FF] [ 0|40 ACKs]13:13:07  Sending 64 directed DeAuth (code 7). STMAC: [FF:FF:FF:FF:FF:FF] [ 0|41 ACKs]13:13:07  Sending 64 directed DeAuth (code 7). STMAC: [FF:FF:FF:FF:FF:FF] [ 0|42 ACKs]13:13:07  Sending 64 directed DeAuth (code 7). STMAC: [FF:FF:FF:FF:FF:FF] [ 0|43 ACKs]13:13:07  Sending 64 directed DeAuth (code 7). STMAC: [FF:FF:FF:FF:FF:FF] [ 0|44 ACKs]13:13:07  Sending 64 directed DeAuth (code 7). STMAC: [FF:FF:FF:FF:FF:FF] [ 0|45 ACKs]13:13:07  Sending 64 directed DeAuth (code 7). STMAC: [FF:FF:FF:FF:FF:FF] [ 0|46 ACKs]13:13:07  Sending 64 directed DeAuth (code 7). STMAC: [FF:FF:FF:FF:FF:FF] [ 0|47 ACKs]13:13:07  Sending 64 directed DeAuth (code 7). STMAC: [FF:FF:FF:FF:FF:FF] [ 0|48 ACKs]13:13:07  Sending 64 directed DeAuth (code 7). STMAC: [FF:FF:FF:FF:FF:FF] [ 0|49 ACKs]13:13:07  Sending 64 directed DeAuth (code 7). STMAC: [FF:FF:FF:FF:FF:FF] [ 0|50 ACKs]13:13:07  Sending 64 directed DeAuth (code 7). STMAC: [FF:FF:FF:FF:FF:FF] [ 0|51 ACKs]13:13:07  Sending 64 directed DeAuth (code 7). STMAC: [FF:FF:FF:FF:FF:FF] [ 0|52 ACKs]13:13:07  Sending 64 directed DeAuth (code 7). STMAC: [FF:FF:FF:FF:FF:FF] [ 0|53 ACKs]13:13:07  Sending 64 directed DeAuth (code 7). STMAC: [FF:FF:FF:FF:FF:FF] [ 0|54 ACKs]13:13:07  Sending 64 directed DeAuth (code 7). STMAC: [FF:FF:FF:FF:FF:FF] [ 0|55 ACKs]13:13:07  Sending 64 directed DeAuth (code 7). STMAC: [FF:FF:FF:FF:FF:FF] [ 0|56 ACKs]13:13:07  Sending 64 directed DeAuth (code 7). STMAC: [FF:FF:FF:FF:FF:FF] [ 0|57 ACKs]13:13:07  Sending 64 directed DeAuth (code 7). STMAC: [FF:FF:FF:FF:FF:FF] [ 0|58 ACKs]13:13:07  Sending 64 directed DeAuth (code 7). STMAC: [FF:FF:FF:FF:FF:FF] [ 0|59 ACKs]13:13:07  Sending 64 directed DeAuth (code 7). STMAC: [FF:FF:FF:FF:FF:FF] [ 0|60 ACKs]13:13:07  Sending 64 directed DeAuth (code 7). STMAC: [FF:FF:FF:FF:FF:FF] [ 0|61 ACKs]13:13:07  Sending 64 directed DeAuth (code 7). STMAC: [FF:FF:FF:FF:FF:FF] [ 0|62 ACKs]13:13:07  Sending 64 directed DeAuth (code 7). STMAC: [FF:FF:FF:FF:FF:FF] [ 0|63 ACKs]13:13:07  Sending 64 directed DeAuth (code 7). STMAC: [FF:FF:FF:FF:FF:FF] [ 0|64 ACKs]
13:13:08  Sending 64 directed DeAuth (code 7). STMAC: [FF:FF:FF:FF:FF:FF] [ 0| 0 ACKs]13:13:08  Sending 64 directed DeAuth (code 7). STMAC: [FF:FF:FF:FF:FF:FF] [ 1| 0 ACKs]13:13:08  Sending 64 directed DeAuth (code 7). STMAC: [FF:FF:FF:FF:FF:FF] [ 2| 0 ACKs]13:13:08  Sending 64 directed DeAuth (code 7). STMAC: [FF:FF:FF:FF:FF:FF] [ 2| 0 ACKs]13:13:08  Sending 64 directed DeAuth (code 7). STMAC: [FF:FF:FF:FF:FF:FF] [ 2| 1 ACKs]13:13:08  Sending 64 directed DeAuth (code 7). STMAC: [FF:FF:FF:FF:FF:FF] [ 2| 2 ACKs]13:13:08  Sending 64 directed DeAuth (code 7). STMAC: [FF:FF:FF:FF:FF:FF] [ 2| 3 ACKs]13:13:08  Sending 64 directed DeAuth (code 7). STMAC: [FF:FF:FF:FF:FF:FF] [ 2| 4 ACKs]13:13:08  Sending 64 directed DeAuth (code 7). STMAC: [FF:FF:FF:FF:FF:FF] [ 2| 5 ACKs]13:13:08  Sending 64 directed DeAuth (code 7). STMAC: [FF:FF:FF:FF:FF:FF] [ 2| 6 ACKs]13:13:08  Sending 64 directed DeAuth (code 7). STMAC: [FF:FF:FF:FF:FF:FF] [ 2| 7 ACKs]13:13:08  Sending 64 directed DeAuth (code 7). STMAC: [FF:FF:FF:FF:FF:FF] [ 2| 8 ACKs]13:13:08  Sending 64 directed DeAuth (code 7). STMAC: [FF:FF:FF:FF:FF:FF] [ 2| 9 ACKs]13:13:08  Sending 64 directed DeAuth (code 7). STMAC: [FF:FF:FF:FF:FF:FF] [ 2|10 ACKs]13:13:08  Sending 64 directed DeAuth (code 7). STMAC: [FF:FF:FF:FF:FF:FF] [ 2|11 ACKs]13:13:08  Sending 64 directed DeAuth (code 7). STMAC: [FF:FF:FF:FF:FF:FF] [ 2|12 ACKs]13:13:08  Sending 64 directed DeAuth (code 7). STMAC: [FF:FF:FF:FF:FF:FF] [ 2|13 ACKs]13:13:08  Sending 64 directed DeAuth (code 7). STMAC: [FF:FF:FF:FF:FF:FF] [ 2|14 ACKs]13:13:08  Sending 64 directed DeAuth (code 7). STMAC: [FF:FF:FF:FF:FF:FF] [ 2|15 ACKs]13:13:08  Sending 64 directed DeAuth (code 7). STMAC: [FF:FF:FF:FF:FF:FF] [ 2|16 ACKs]13:13:08  Sending 64 directed DeAuth (code 7). STMAC: [FF:FF:FF:FF:FF:FF] [ 2|17 ACKs]13:13:08  Sending 64 directed DeAuth (code 7). STMAC: [FF:FF:FF:FF:FF:FF] [ 2|18 ACKs]13:13:08  Sending 64 directed DeAuth (code 7). STMAC: [FF:FF:FF:FF:FF:FF] [ 2|19 ACKs]13:13:08  Sending 64 directed DeAuth (code 7). STMAC: [FF:FF:FF:FF:FF:FF] [ 2|20 ACKs]13:13:08  Sending 64 directed DeAuth (code 7). STMAC: [FF:FF:FF:FF:FF:FF] [ 2|21 ACKs]13:13:08  Sending 64 directed DeAuth (code 7). STMAC: [FF:FF:FF:FF:FF:FF] [ 2|22 ACKs]13:13:08  Sending 64 directed DeAuth (code 7). STMAC: [FF:FF:FF:FF:FF:FF] [ 2|23 ACKs]13:13:08  Sending 64 directed DeAuth (code 7). STMAC: [FF:FF:FF:FF:FF:FF] [ 2|24 ACKs]13:13:08  Sending 64 directed DeAuth (code 7). STMAC: [FF:FF:FF:FF:FF:FF] [ 2|25 ACKs]13:13:08  Sending 64 directed DeAuth (code 7). STMAC: [FF:FF:FF:FF:FF:FF] [ 2|26 ACKs]13:13:08  Sending 64 directed DeAuth (code 7). STMAC: [FF:FF:FF:FF:FF:FF] [ 2|27 ACKs]13:13:08  Sending 64 directed DeAuth (code 7). STMAC: [FF:FF:FF:FF:FF:FF] [ 2|28 ACKs]13:13:08  Sending 64 directed DeAuth (code 7). STMAC: [FF:FF:FF:FF:FF:FF] [ 2|29 ACKs]13:13:08  Sending 64 directed DeAuth (code 7). STMAC: [FF:FF:FF:FF:FF:FF] [ 2|30 ACKs]13:13:08  Sending 64 directed DeAuth (code 7). STMAC: [FF:FF:FF:FF:FF:FF] [ 2|31 ACKs]13:13:08  Sending 64 directed DeAuth (code 7). STMAC: [FF:FF:FF:FF:FF:FF] [ 2|32 ACKs]13:13:08  Sending 64 directed DeAuth (code 7). STMAC: [FF:FF:FF:FF:FF:FF] [ 2|33 ACKs]13:13:08  Sending 64 directed DeAuth (code 7). STMAC: [FF:FF:FF:FF:FF:FF] [ 2|34 ACKs]13:13:08  Sending 64 directed DeAuth (code 7). STMAC: [FF:FF:FF:FF:FF:FF] [ 2|35 ACKs]13:13:08  Sending 64 directed DeAuth (code 7). STMAC: [FF:FF:FF:FF:FF:FF] [ 2|36 ACKs]13:13:08  Sending 64 directed DeAuth (code 7). STMAC: [FF:FF:FF:FF:FF:FF] [ 2|37 ACKs]13:13:08  Sending 64 directed DeAuth (code 7). STMAC: [FF:FF:FF:FF:FF:FF] [ 2|38 ACKs]13:13:08  Sending 64 directed DeAuth (code 7). STMAC: [FF:FF:FF:FF:FF:FF] [ 2|39 ACKs]13:13:08  Sending 64 directed DeAuth (code 7). STMAC: [FF:FF:FF:FF:FF:FF] [ 2|40 ACKs]13:13:08  Sending 64 directed DeAuth (code 7). STMAC: [FF:FF:FF:FF:FF:FF] [ 2|41 ACKs]13:13:08  Sending 64 directed DeAuth (code 7). STMAC: [FF:FF:FF:FF:FF:FF] [ 2|42 ACKs]13:13:08  Sending 64 directed DeAuth (code 7). STMAC: [FF:FF:FF:FF:FF:FF] [ 2|43 ACKs]13:13:08  Sending 64 directed DeAuth (code 7). STMAC: [FF:FF:FF:FF:FF:FF] [ 2|44 ACKs]13:13:08  Sending 64 directed DeAuth (code 7). STMAC: [FF:FF:FF:FF:FF:FF] [ 2|45 ACKs]13:13:08  Sending 64 directed DeAuth (code 7). STMAC: [FF:FF:FF:FF:FF:FF] [ 2|46 ACKs]13:13:08  Sending 64 directed DeAuth (code 7). STMAC: [FF:FF:FF:FF:FF:FF] [ 2|47 ACKs]13:13:08  Sending 64 directed DeAuth (code 7). STMAC: [FF:FF:FF:FF:FF:FF] [ 2|48 ACKs]13:13:08  Sending 64 directed DeAuth (code 7). STMAC: [FF:FF:FF:FF:FF:FF] [ 2|49 ACKs]13:13:08  Sending 64 directed DeAuth (code 7). STMAC: [FF:FF:FF:FF:FF:FF] [ 2|50 ACKs]13:13:08  Sending 64 directed DeAuth (code 7). STMAC: [FF:FF:FF:FF:FF:FF] [ 2|51 ACKs]13:13:08  Sending 64 directed DeAuth (code 7). STMAC: [FF:FF:FF:FF:FF:FF] [ 2|52 ACKs]13:13:08  Sending 64 directed DeAuth (code 7). STMAC: [FF:FF:FF:FF:FF:FF] [ 2|53 ACKs]13:13:08  Sending 64 directed DeAuth (code 7). STMAC: [FF:FF:FF:FF:FF:FF] [ 2|54 ACKs]13:13:08  Sending 64 directed DeAuth (code 7). STMAC: [FF:FF:FF:FF:FF:FF] [ 2|55 ACKs]13:13:08  Sending 64 directed DeAuth (code 7). STMAC: [FF:FF:FF:FF:FF:FF] [ 2|56 ACKs]13:13:08  Sending 64 directed DeAuth (code 7). STMAC: [FF:FF:FF:FF:FF:FF] [ 2|57 ACKs]13:13:08  Sending 64 directed DeAuth (code 7). STMAC: [FF:FF:FF:FF:FF:FF] [ 2|58 ACKs]13:13:08  Sending 64 directed DeAuth (code 7). STMAC: [FF:FF:FF:FF:FF:FF] [ 2|59 ACKs]13:13:08  Sending 64 directed DeAuth (code 7). STMAC: [FF:FF:FF:FF:FF:FF] [ 2|60 ACKs]13:13:08  Sending 64 directed DeAuth (code 7). STMAC: [FF:FF:FF:FF:FF:FF] [ 2|61 ACKs]13:13:08  Sending 64 directed DeAuth (code 7). STMAC: [FF:FF:FF:FF:FF:FF] [ 2|62 ACKs]13:13:08  Sending 64 directed DeAuth (code 7). STMAC: [FF:FF:FF:FF:FF:FF] [ 2|63 ACKs]13:13:08  Sending 64 directed DeAuth (code 7). STMAC: [FF:FF:FF:FF:FF:FF] [ 2|64 ACKs]
13:13:08  Sending 64 directed DeAuth (code 7). STMAC: [FF:FF:FF:FF:FF:FF] [ 0| 0 ACKs]13:13:08  Sending 64 directed DeAuth (code 7). STMAC: [FF:FF:FF:FF:FF:FF] [ 0| 1 ACKs]13:13:08  Sending 64 directed DeAuth (code 7). STMAC: [FF:FF:FF:FF:FF:FF] [ 0| 2 ACKs]13:13:08  Sending 64 directed DeAuth (code 7). STMAC: [FF:FF:FF:FF:FF:FF] [ 0| 3 ACKs]13:13:08  Sending 64 directed DeAuth (code 7). STMAC: [FF:FF:FF:FF:FF:FF] [ 0| 4 ACKs]13:13:08  Sending 64 directed DeAuth (code 7). STMAC: [FF:FF:FF:FF:FF:FF] [ 0| 5 ACKs]13:13:08  Sending 64 directed DeAuth (code 7). STMAC: [FF:FF:FF:FF:FF:FF] [ 0| 6 ACKs]13:13:08  Sending 64 directed DeAuth (code 7). STMAC: [FF:FF:FF:FF:FF:FF] [ 0| 7 ACKs]13:13:08  Sending 64 directed DeAuth (code 7). STMAC: [FF:FF:FF:FF:FF:FF] [ 0| 8 ACKs]13:13:08  Sending 64 directed DeAuth (code 7). STMAC: [FF:FF:FF:FF:FF:FF] [ 0| 9 ACKs]13:13:08  Sending 64 directed DeAuth (code 7). STMAC: [FF:FF:FF:FF:FF:FF] [ 0|10 ACKs]13:13:08  Sending 64 directed DeAuth (code 7). STMAC: [FF:FF:FF:FF:FF:FF] [ 0|11 ACKs]13:13:08  Sending 64 directed DeAuth (code 7). STMAC: [FF:FF:FF:FF:FF:FF] [ 0|12 ACKs]13:13:08  Sending 64 directed DeAuth (code 7). STMAC: [FF:FF:FF:FF:FF:FF] [ 0|13 ACKs]13:13:08  Sending 64 directed DeAuth (code 7). STMAC: [FF:FF:FF:FF:FF:FF] [ 0|14 ACKs]13:13:08  Sending 64 directed DeAuth (code 7). STMAC: [FF:FF:FF:FF:FF:FF] [ 0|15 ACKs]13:13:08  Sending 64 directed DeAuth (code 7). STMAC: [FF:FF:FF:FF:FF:FF] [ 0|16 ACKs]13:13:08  Sending 64 directed DeAuth (code 7). STMAC: [FF:FF:FF:FF:FF:FF] [ 0|17 ACKs]13:13:08  Sending 64 directed DeAuth (code 7). STMAC: [FF:FF:FF:FF:FF:FF] [ 0|18 ACKs]13:13:08  Sending 64 directed DeAuth (code 7). STMAC: [FF:FF:FF:FF:FF:FF] [ 0|19 ACKs]13:13:08  Sending 64 directed DeAuth (code 7). STMAC: [FF:FF:FF:FF:FF:FF] [ 0|20 ACKs]13:13:08  Sending 64 directed DeAuth (code 7). STMAC: [FF:FF:FF:FF:FF:FF] [ 0|21 ACKs]13:13:08  Sending 64 directed DeAuth (code 7). STMAC: [FF:FF:FF:FF:FF:FF] [ 0|22 ACKs]13:13:08  Sending 64 directed DeAuth (code 7). STMAC: [FF:FF:FF:FF:FF:FF] [ 0|23 ACKs]13:13:08  Sending 64 directed DeAuth (code 7). STMAC: [FF:FF:FF:FF:FF:FF] [ 0|24 ACKs]13:13:08  Sending 64 directed DeAuth (code 7). STMAC: [FF:FF:FF:FF:FF:FF] [ 0|25 ACKs]13:13:08  Sending 64 directed DeAuth (code 7). STMAC: [FF:FF:FF:FF:FF:FF] [ 0|26 ACKs]13:13:08  Sending 64 directed DeAuth (code 7). STMAC: [FF:FF:FF:FF:FF:FF] [ 0|27 ACKs]13:13:08  Sending 64 directed DeAuth (code 7). STMAC: [FF:FF:FF:FF:FF:FF] [ 0|28 ACKs]13:13:08  Sending 64 directed DeAuth (code 7). STMAC: [FF:FF:FF:FF:FF:FF] [ 0|29 ACKs]13:13:08  Sending 64 directed DeAuth (code 7). STMAC: [FF:FF:FF:FF:FF:FF] [ 0|30 ACKs]13:13:08  Sending 64 directed DeAuth (code 7). STMAC: [FF:FF:FF:FF:FF:FF] [ 0|31 ACKs]13:13:08  Sending 64 directed DeAuth (code 7). STMAC: [FF:FF:FF:FF:FF:FF] [ 0|32 ACKs]13:13:08  Sending 64 directed DeAuth (code 7). STMAC: [FF:FF:FF:FF:FF:FF] [ 0|33 ACKs]13:13:08  Sending 64 directed DeAuth (code 7). STMAC: [FF:FF:FF:FF:FF:FF] [ 0|34 ACKs]13:13:08  Sending 64 directed DeAuth (code 7). STMAC: [FF:FF:FF:FF:FF:FF] [ 0|35 ACKs]13:13:08  Sending 64 directed DeAuth (code 7). STMAC: [FF:FF:FF:FF:FF:FF] [ 0|36 ACKs]13:13:08  Sending 64 directed DeAuth (code 7). STMAC: [FF:FF:FF:FF:FF:FF] [ 0|37 ACKs]13:13:08  Sending 64 directed DeAuth (code 7). STMAC: [FF:FF:FF:FF:FF:FF] [ 0|38 ACKs]13:13:08  Sending 64 directed DeAuth (code 7). STMAC: [FF:FF:FF:FF:FF:FF] [ 0|39 ACKs]13:13:08  Sending 64 directed DeAuth (code 7). STMAC: [FF:FF:FF:FF:FF:FF] [ 1|39 ACKs]13:13:08  Sending 64 directed DeAuth (code 7). STMAC: [FF:FF:FF:FF:FF:FF] [ 1|40 ACKs]13:13:08  Sending 64 directed DeAuth (code 7). STMAC: [FF:FF:FF:FF:FF:FF] [ 1|41 ACKs]13:13:08  Sending 64 directed DeAuth (code 7). STMAC: [FF:FF:FF:FF:FF:FF] [ 1|42 ACKs]13:13:08  Sending 64 directed DeAuth (code 7). STMAC: [FF:FF:FF:FF:FF:FF] [ 1|43 ACKs]13:13:08  Sending 64 directed DeAuth (code 7). STMAC: [FF:FF:FF:FF:FF:FF] [ 1|44 ACKs]13:13:08  Sending 64 directed DeAuth (code 7). STMAC: [FF:FF:FF:FF:FF:FF] [ 2|44 ACKs]13:13:08  Sending 64 directed DeAuth (code 7). STMAC: [FF:FF:FF:FF:FF:FF] [ 2|45 ACKs]13:13:08  Sending 64 directed DeAuth (code 7). STMAC: [FF:FF:FF:FF:FF:FF] [ 2|46 ACKs]13:13:08  Sending 64 directed DeAuth (code 7). STMAC: [FF:FF:FF:FF:FF:FF] [ 2|47 ACKs]13:13:08  Sending 64 directed DeAuth (code 7). STMAC: [FF:FF:FF:FF:FF:FF] [ 3|47 ACKs]13:13:08  Sending 64 directed DeAuth (code 7). STMAC: [FF:FF:FF:FF:FF:FF] [ 3|48 ACKs]13:13:08  Sending 64 directed DeAuth (code 7). STMAC: [FF:FF:FF:FF:FF:FF] [ 3|49 ACKs]13:13:08  Sending 64 directed DeAuth (code 7). STMAC: [FF:FF:FF:FF:FF:FF] [ 3|50 ACKs]13:13:08  Sending 64 directed DeAuth (code 7). STMAC: [FF:FF:FF:FF:FF:FF] [ 3|51 ACKs]13:13:08  Sending 64 directed DeAuth (code 7). STMAC: [FF:FF:FF:FF:FF:FF] [ 3|52 ACKs]13:13:08  Sending 64 directed DeAuth (code 7). STMAC: [FF:FF:FF:FF:FF:FF] [ 3|53 ACKs]13:13:08  Sending 64 directed DeAuth (code 7). STMAC: [FF:FF:FF:FF:FF:FF] [ 3|54 ACKs]13:13:08  Sending 64 directed DeAuth (code 7). STMAC: [FF:FF:FF:FF:FF:FF] [ 3|55 ACKs]13:13:08  Sending 64 directed DeAuth (code 7). STMAC: [FF:FF:FF:FF:FF:FF] [ 3|56 ACKs]13:13:08  Sending 64 directed DeAuth (code 7). STMAC: [FF:FF:FF:FF:FF:FF] [ 3|57 ACKs]13:13:08  Sending 64 directed DeAuth (code 7). STMAC: [FF:FF:FF:FF:FF:FF] [ 3|58 ACKs]13:13:08  Sending 64 directed DeAuth (code 7). STMAC: [FF:FF:FF:FF:FF:FF] [ 3|59 ACKs]13:13:08  Sending 64 directed DeAuth (code 7). STMAC: [FF:FF:FF:FF:FF:FF] [ 3|60 ACKs]13:13:08  Sending 64 directed DeAuth (code 7). STMAC: [FF:FF:FF:FF:FF:FF] [ 3|61 ACKs]13:13:08  Sending 64 directed DeAuth (code 7). STMAC: [FF:FF:FF:FF:FF:FF] [ 3|62 ACKs]13:13:09  Sending 64 directed DeAuth (code 7). STMAC: [FF:FF:FF:FF:FF:FF] [ 3|63 ACKs]13:13:09  Sending 64 directed DeAuth (code 7). STMAC: [FF:FF:FF:FF:FF:FF] [ 3|64 ACKs]
13:13:09  Sending 64 directed DeAuth (code 7). STMAC: [FF:FF:FF:FF:FF:FF] [ 0| 0 ACKs]13:13:09  Sending 64 directed DeAuth (code 7). STMAC: [FF:FF:FF:FF:FF:FF] [ 0| 1 ACKs]13:13:09  Sending 64 directed DeAuth (code 7). STMAC: [FF:FF:FF:FF:FF:FF] [ 0| 2 ACKs]13:13:09  Sending 64 directed DeAuth (code 7). STMAC: [FF:FF:FF:FF:FF:FF] [ 0| 3 ACKs]13:13:09  Sending 64 directed DeAuth (code 7). STMAC: [FF:FF:FF:FF:FF:FF] [ 0| 4 ACKs]13:13:09  Sending 64 directed DeAuth (code 7). STMAC: [FF:FF:FF:FF:FF:FF] [ 0| 5 ACKs]13:13:09  Sending 64 directed DeAuth (code 7). STMAC: [FF:FF:FF:FF:FF:FF] [ 0| 6 ACKs]13:13:09  Sending 64 directed DeAuth (code 7). STMAC: [FF:FF:FF:FF:FF:FF] [ 0| 7 ACKs]13:13:09  Sending 64 directed DeAuth (code 7). STMAC: [FF:FF:FF:FF:FF:FF] [ 0| 8 ACKs]13:13:09  Sending 64 directed DeAuth (code 7). STMAC: [FF:FF:FF:FF:FF:FF] [ 0| 9 ACKs]13:13:09  Sending 64 directed DeAuth (code 7). STMAC: [FF:FF:FF:FF:FF:FF] [ 0|10 ACKs]13:13:09  Sending 64 directed DeAuth (code 7). STMAC: [FF:FF:FF:FF:FF:FF] [ 0|11 ACKs]13:13:09  Sending 64 directed DeAuth (code 7). STMAC: [FF:FF:FF:FF:FF:FF] [ 0|12 ACKs]13:13:09  Sending 64 directed DeAuth (code 7). STMAC: [FF:FF:FF:FF:FF:FF] [ 0|13 ACKs]13:13:09  Sending 64 directed DeAuth (code 7). STMAC: [FF:FF:FF:FF:FF:FF] [ 0|14 ACKs]13:13:09  Sending 64 directed DeAuth (code 7). STMAC: [FF:FF:FF:FF:FF:FF] [ 0|15 ACKs]13:13:09  Sending 64 directed DeAuth (code 7). STMAC: [FF:FF:FF:FF:FF:FF] [ 1|15 ACKs]13:13:09  Sending 64 directed DeAuth (code 7). STMAC: [FF:FF:FF:FF:FF:FF] [ 1|15 ACKs]13:13:09  Sending 64 directed DeAuth (code 7). STMAC: [FF:FF:FF:FF:FF:FF] [ 1|16 ACKs]13:13:09  Sending 64 directed DeAuth (code 7). STMAC: [FF:FF:FF:FF:FF:FF] [ 2|16 ACKs]13:13:09  Sending 64 directed DeAuth (code 7). STMAC: [FF:FF:FF:FF:FF:FF] [ 2|17 ACKs]13:13:09  Sending 64 directed DeAuth (code 7). STMAC: [FF:FF:FF:FF:FF:FF] [ 3|17 ACKs]13:13:09  Sending 64 directed DeAuth (code 7). STMAC: [FF:FF:FF:FF:FF:FF] [ 3|18 ACKs]13:13:09  Sending 64 directed DeAuth (code 7). STMAC: [FF:FF:FF:FF:FF:FF] [ 4|18 ACKs]13:13:09  Sending 64 directed DeAuth (code 7). STMAC: [FF:FF:FF:FF:FF:FF] [ 4|19 ACKs]13:13:09  Sending 64 directed DeAuth (code 7). STMAC: [FF:FF:FF:FF:FF:FF] [ 5|19 ACKs]13:13:09  Sending 64 directed DeAuth (code 7). STMAC: [FF:FF:FF:FF:FF:FF] [ 5|20 ACKs]13:13:09  Sending 64 directed DeAuth (code 7). STMAC: [FF:FF:FF:FF:FF:FF] [ 6|20 ACKs]13:13:09  Sending 64 directed DeAuth (code 7). STMAC: [FF:FF:FF:FF:FF:FF] [ 6|21 ACKs]13:13:09  Sending 64 directed DeAuth (code 7). STMAC: [FF:FF:FF:FF:FF:FF] [ 7|21 ACKs]13:13:09  Sending 64 directed DeAuth (code 7). STMAC: [FF:FF:FF:FF:FF:FF] [ 7|22 ACKs]13:13:09  Sending 64 directed DeAuth (code 7). STMAC: [FF:FF:FF:FF:FF:FF] [ 8|22 ACKs]13:13:09  Sending 64 directed DeAuth (code 7). STMAC: [FF:FF:FF:FF:FF:FF] [ 8|23 ACKs]13:13:09  Sending 64 directed DeAuth (code 7). STMAC: [FF:FF:FF:FF:FF:FF] [ 9|23 ACKs]13:13:09  Sending 64 directed DeAuth (code 7). STMAC: [FF:FF:FF:FF:FF:FF] [ 9|24 ACKs]13:13:09  Sending 64 directed DeAuth (code 7). STMAC: [FF:FF:FF:FF:FF:FF] [10|24 ACKs]13:13:09  Sending 64 directed DeAuth (code 7). STMAC: [FF:FF:FF:FF:FF:FF] [10|25 ACKs]13:13:09  Sending 64 directed DeAuth (code 7). STMAC: [FF:FF:FF:FF:FF:FF] [10|26 ACKs]13:13:09  Sending 64 directed DeAuth (code 7). STMAC: [FF:FF:FF:FF:FF:FF] [10|27 ACKs]13:13:09  Sending 64 directed DeAuth (code 7). STMAC: [FF:FF:FF:FF:FF:FF] [11|27 ACKs]13:13:09  Sending 64 directed DeAuth (code 7). STMAC: [FF:FF:FF:FF:FF:FF] [11|28 ACKs]13:13:09  Sending 64 directed DeAuth (code 7). STMAC: [FF:FF:FF:FF:FF:FF] [12|28 ACKs]13:13:09  Sending 64 directed DeAuth (code 7). STMAC: [FF:FF:FF:FF:FF:FF] [12|29 ACKs]13:13:09  Sending 64 directed DeAuth (code 7). STMAC: [FF:FF:FF:FF:FF:FF] [12|30 ACKs]13:13:09  Sending 64 directed DeAuth (code 7). STMAC: [FF:FF:FF:FF:FF:FF] [12|31 ACKs]13:13:09  Sending 64 directed DeAuth (code 7). STMAC: [FF:FF:FF:FF:FF:FF] [12|32 ACKs]13:13:09  Sending 64 directed DeAuth (code 7). STMAC: [FF:FF:FF:FF:FF:FF] [12|33 ACKs]13:13:09  Sending 64 directed DeAuth (code 7). STMAC: [FF:FF:FF:FF:FF:FF] [12|34 ACKs]13:13:09  Sending 64 directed DeAuth (code 7). STMAC: [FF:FF:FF:FF:FF:FF] [12|35 ACKs]13:13:09  Sending 64 directed DeAuth (code 7). STMAC: [FF:FF:FF:FF:FF:FF] [12|36 ACKs]13:13:09  Sending 64 directed DeAuth (code 7). STMAC: [FF:FF:FF:FF:FF:FF] [13|36 ACKs]13:13:09  Sending 64 directed DeAuth (code 7). STMAC: [FF:FF:FF:FF:FF:FF] [13|37 ACKs]13:13:09  Sending 64 directed DeAuth (code 7). STMAC: [FF:FF:FF:FF:FF:FF] [13|37 ACKs]13:13:09  Sending 64 directed DeAuth (code 7). STMAC: [FF:FF:FF:FF:FF:FF] [14|37 ACKs]13:13:09  Sending 64 directed DeAuth (code 7). STMAC: [FF:FF:FF:FF:FF:FF] [14|38 ACKs]13:13:09  Sending 64 directed DeAuth (code 7). STMAC: [FF:FF:FF:FF:FF:FF] [14|39 ACKs]13:13:09  Sending 64 directed DeAuth (code 7). STMAC: [FF:FF:FF:FF:FF:FF] [15|39 ACKs]13:13:09  Sending 64 directed DeAuth (code 7). STMAC: [FF:FF:FF:FF:FF:FF] [16|39 ACKs]13:13:09  Sending 64 directed DeAuth (code 7). STMAC: [FF:FF:FF:FF:FF:FF] [16|40 ACKs]13:13:09  Sending 64 directed DeAuth (code 7). STMAC: [FF:FF:FF:FF:FF:FF] [16|40 ACKs]13:13:09  Sending 64 directed DeAuth (code 7). STMAC: [FF:FF:FF:FF:FF:FF] [16|41 ACKs]13:13:09  Sending 64 directed DeAuth (code 7). STMAC: [FF:FF:FF:FF:FF:FF] [17|41 ACKs]13:13:09  Sending 64 directed DeAuth (code 7). STMAC: [FF:FF:FF:FF:FF:FF] [18|41 ACKs]13:13:09  Sending 64 directed DeAuth (code 7). STMAC: [FF:FF:FF:FF:FF:FF] [18|42 ACKs]13:13:09  Sending 64 directed DeAuth (code 7). STMAC: [FF:FF:FF:FF:FF:FF] [19|42 ACKs]13:13:09  Sending 64 directed DeAuth (code 7). STMAC: [FF:FF:FF:FF:FF:FF] [19|42 ACKs]13:13:09  Sending 64 directed DeAuth (code 7). STMAC: [FF:FF:FF:FF:FF:FF] [20|42 ACKs]13:13:09  Sending 64 directed DeAuth (code 7). STMAC: [FF:FF:FF:FF:FF:FF] [20|43 ACKs]13:13:09  Sending 64 directed DeAuth (code 7). STMAC: [FF:FF:FF:FF:FF:FF] [21|43 ACKs]13:13:09  Sending 64 directed DeAuth (code 7). STMAC: [FF:FF:FF:FF:FF:FF] [22|43 ACKs]13:13:09  Sending 64 directed DeAuth (code 7). STMAC: [FF:FF:FF:FF:FF:FF] [22|43 ACKs]13:13:09  Sending 64 directed DeAuth (code 7). STMAC: [FF:FF:FF:FF:FF:FF] [22|44 ACKs]13:13:09  Sending 64 directed DeAuth (code 7). STMAC: [FF:FF:FF:FF:FF:FF] [22|44 ACKs]13:13:09  Sending 64 directed DeAuth (code 7). STMAC: [FF:FF:FF:FF:FF:FF] [23|44 ACKs]13:13:09  Sending 64 directed DeAuth (code 7). STMAC: [FF:FF:FF:FF:FF:FF] [23|45 ACKs]13:13:09  Sending 64 directed DeAuth (code 7). STMAC: [FF:FF:FF:FF:FF:FF] [24|45 ACKs]13:13:09  Sending 64 directed DeAuth (code 7). STMAC: [FF:FF:FF:FF:FF:FF] [24|46 ACKs]13:13:09  Sending 64 directed DeAuth (code 7). STMAC: [FF:FF:FF:FF:FF:FF] [24|47 ACKs]13:13:09  Sending 64 directed DeAuth (code 7). STMAC: [FF:FF:FF:FF:FF:FF] [24|48 ACKs]13:13:09  Sending 64 directed DeAuth (code 7). STMAC: [FF:FF:FF:FF:FF:FF] [24|49 ACKs]13:13:09  Sending 64 directed DeAuth (code 7). STMAC: [FF:FF:FF:FF:FF:FF] [25|49 ACKs]13:13:09  Sending 64 directed DeAuth (code 7). STMAC: [FF:FF:FF:FF:FF:FF] [25|50 ACKs]13:13:09  Sending 64 directed DeAuth (code 7). STMAC: [FF:FF:FF:FF:FF:FF] [25|51 ACKs]13:13:09  Sending 64 directed DeAuth (code 7). STMAC: [FF:FF:FF:FF:FF:FF] [26|51 ACKs]13:13:09  Sending 64 directed DeAuth (code 7). STMAC: [FF:FF:FF:FF:FF:FF] [26|52 ACKs]13:13:09  Sending 64 directed DeAuth (code 7). STMAC: [FF:FF:FF:FF:FF:FF] [27|52 ACKs]13:13:09  Sending 64 directed DeAuth (code 7). STMAC: [FF:FF:FF:FF:FF:FF] [27|53 ACKs]13:13:09  Sending 64 directed DeAuth (code 7). STMAC: [FF:FF:FF:FF:FF:FF] [28|53 ACKs]13:13:09  Sending 64 directed DeAuth (code 7). STMAC: [FF:FF:FF:FF:FF:FF] [28|54 ACKs]13:13:09  Sending 64 directed DeAuth (code 7). STMAC: [FF:FF:FF:FF:FF:FF] [29|54 ACKs]13:13:09  Sending 64 directed DeAuth (code 7). STMAC: [FF:FF:FF:FF:FF:FF] [29|55 ACKs]13:13:09  Sending 64 directed DeAuth (code 7). STMAC: [FF:FF:FF:FF:FF:FF] [30|55 ACKs]13:13:09  Sending 64 directed DeAuth (code 7). STMAC: [FF:FF:FF:FF:FF:FF] [30|56 ACKs]13:13:09  Sending 64 directed DeAuth (code 7). STMAC: [FF:FF:FF:FF:FF:FF] [31|56 ACKs]13:13:09  Sending 64 directed DeAuth (code 7). STMAC: [FF:FF:FF:FF:FF:FF] [31|57 ACKs]13:13:09  Sending 64 directed DeAuth (code 7). STMAC: [FF:FF:FF:FF:FF:FF] [32|57 ACKs]13:13:09  Sending 64 directed DeAuth (code 7). STMAC: [FF:FF:FF:FF:FF:FF] [32|58 ACKs]13:13:09  Sending 64 directed DeAuth (code 7). STMAC: [FF:FF:FF:FF:FF:FF] [33|58 ACKs]13:13:09  Sending 64 directed DeAuth (code 7). STMAC: [FF:FF:FF:FF:FF:FF] [33|59 ACKs]13:13:09  Sending 64 directed DeAuth (code 7). STMAC: [FF:FF:FF:FF:FF:FF] [34|59 ACKs]13:13:09  Sending 64 directed DeAuth (code 7). STMAC: [FF:FF:FF:FF:FF:FF] [34|60 ACKs]13:13:09  Sending 64 directed DeAuth (code 7). STMAC: [FF:FF:FF:FF:FF:FF] [35|60 ACKs]13:13:09  Sending 64 directed DeAuth (code 7). STMAC: [FF:FF:FF:FF:FF:FF] [35|61 ACKs]13:13:09  Sending 64 directed DeAuth (code 7). STMAC: [FF:FF:FF:FF:FF:FF] [36|61 ACKs]13:13:09  Sending 64 directed DeAuth (code 7). STMAC: [FF:FF:FF:FF:FF:FF] [36|62 ACKs]13:13:09  Sending 64 directed DeAuth (code 7). STMAC: [FF:FF:FF:FF:FF:FF] [37|62 ACKs]13:13:09  Sending 64 directed DeAuth (code 7). STMAC: [FF:FF:FF:FF:FF:FF] [37|63 ACKs]13:13:09  Sending 64 directed DeAuth (code 7). STMAC: [FF:FF:FF:FF:FF:FF] [37|64 ACKs]
13:13:09  Sending 64 directed DeAuth (code 7). STMAC: [FF:FF:FF:FF:FF:FF] [ 0| 0 ACKs]13:13:09  Sending 64 directed DeAuth (code 7). STMAC: [FF:FF:FF:FF:FF:FF] [ 0| 0 ACKs]13:13:09  Sending 64 directed DeAuth (code 7). STMAC: [FF:FF:FF:FF:FF:FF] [ 0| 0 ACKs]13:13:09  Sending 64 directed DeAuth (code 7). STMAC: [FF:FF:FF:FF:FF:FF] [ 1| 0 ACKs]13:13:09  Sending 64 directed DeAuth (code 7). STMAC: [FF:FF:FF:FF:FF:FF] [ 1| 0 ACKs]13:13:09  Sending 64 directed DeAuth (code 7). STMAC: [FF:FF:FF:FF:FF:FF] [ 2| 0 ACKs]13:13:09  Sending 64 directed DeAuth (code 7). STMAC: [FF:FF:FF:FF:FF:FF] [ 2| 0 ACKs]13:13:09  Sending 64 directed DeAuth (code 7). STMAC: [FF:FF:FF:FF:FF:FF] [ 2| 1 ACKs]13:13:09  Sending 64 directed DeAuth (code 7). STMAC: [FF:FF:FF:FF:FF:FF] [ 2| 2 ACKs]13:13:09  Sending 64 directed DeAuth (code 7). STMAC: [FF:FF:FF:FF:FF:FF] [ 2| 3 ACKs]13:13:09  Sending 64 directed DeAuth (code 7). STMAC: [FF:FF:FF:FF:FF:FF] [ 2| 4 ACKs]13:13:09  Sending 64 directed DeAuth (code 7). STMAC: [FF:FF:FF:FF:FF:FF] [ 2| 5 ACKs]13:13:09  Sending 64 directed DeAuth (code 7). STMAC: [FF:FF:FF:FF:FF:FF] [ 2| 6 ACKs]13:13:09  Sending 64 directed DeAuth (code 7). STMAC: [FF:FF:FF:FF:FF:FF] [ 2| 7 ACKs]13:13:09  Sending 64 directed DeAuth (code 7). STMAC: [FF:FF:FF:FF:FF:FF] [ 2| 8 ACKs]13:13:09  Sending 64 directed DeAuth (code 7). STMAC: [FF:FF:FF:FF:FF:FF] [ 2| 9 ACKs]13:13:09  Sending 64 directed DeAuth (code 7). STMAC: [FF:FF:FF:FF:FF:FF] [ 2|10 ACKs]13:13:09  Sending 64 directed DeAuth (code 7). STMAC: [FF:FF:FF:FF:FF:FF] [ 2|11 ACKs]13:13:09  Sending 64 directed DeAuth (code 7). STMAC: [FF:FF:FF:FF:FF:FF] [ 2|12 ACKs]13:13:09  Sending 64 directed DeAuth (code 7). STMAC: [FF:FF:FF:FF:FF:FF] [ 2|13 ACKs]13:13:09  Sending 64 directed DeAuth (code 7). STMAC: [FF:FF:FF:FF:FF:FF] [ 2|14 ACKs]13:13:09  Sending 64 directed DeAuth (code 7). STMAC: [FF:FF:FF:FF:FF:FF] [ 2|15 ACKs]13:13:09  Sending 64 directed DeAuth (code 7). STMAC: [FF:FF:FF:FF:FF:FF] [ 2|16 ACKs]13:13:09  Sending 64 directed DeAuth (code 7). STMAC: [FF:FF:FF:FF:FF:FF] [ 2|17 ACKs]13:13:09  Sending 64 directed DeAuth (code 7). STMAC: [FF:FF:FF:FF:FF:FF] [ 2|18 ACKs]13:13:09  Sending 64 directed DeAuth (code 7). STMAC: [FF:FF:FF:FF:FF:FF] [ 2|19 ACKs]13:13:09  Sending 64 directed DeAuth (code 7). STMAC: [FF:FF:FF:FF:FF:FF] [ 2|20 ACKs]13:13:09  Sending 64 directed DeAuth (code 7). STMAC: [FF:FF:FF:FF:FF:FF] [ 2|21 ACKs]13:13:09  Sending 64 directed DeAuth (code 7). STMAC: [FF:FF:FF:FF:FF:FF] [ 2|22 ACKs]13:13:09  Sending 64 directed DeAuth (code 7). STMAC: [FF:FF:FF:FF:FF:FF] [ 2|23 ACKs]13:13:09  Sending 64 directed DeAuth (code 7). STMAC: [FF:FF:FF:FF:FF:FF] [ 2|24 ACKs]13:13:09  Sending 64 directed DeAuth (code 7). STMAC: [FF:FF:FF:FF:FF:FF] [ 2|25 ACKs]13:13:09  Sending 64 directed DeAuth (code 7). STMAC: [FF:FF:FF:FF:FF:FF] [ 2|26 ACKs]13:13:09  Sending 64 directed DeAuth (code 7). STMAC: [FF:FF:FF:FF:FF:FF] [ 2|27 ACKs]13:13:09  Sending 64 directed DeAuth (code 7). STMAC: [FF:FF:FF:FF:FF:FF] [ 2|28 ACKs]13:13:09  Sending 64 directed DeAuth (code 7). STMAC: [FF:FF:FF:FF:FF:FF] [ 2|29 ACKs]13:13:09  Sending 64 directed DeAuth (code 7). STMAC: [FF:FF:FF:FF:FF:FF] [ 2|30 ACKs]13:13:09  Sending 64 directed DeAuth (code 7). STMAC: [FF:FF:FF:FF:FF:FF] [ 2|31 ACKs]13:13:09  Sending 64 directed DeAuth (code 7). STMAC: [FF:FF:FF:FF:FF:FF] [ 2|32 ACKs]13:13:09  Sending 64 directed DeAuth (code 7). STMAC: [FF:FF:FF:FF:FF:FF] [ 2|33 ACKs]13:13:09  Sending 64 directed DeAuth (code 7). STMAC: [FF:FF:FF:FF:FF:FF] [ 2|34 ACKs]13:13:09  Sending 64 directed DeAuth (code 7). STMAC: [FF:FF:FF:FF:FF:FF] [ 2|35 ACKs]13:13:09  Sending 64 directed DeAuth (code 7). STMAC: [FF:FF:FF:FF:FF:FF] [ 2|36 ACKs]13:13:09  Sending 64 directed DeAuth (code 7). STMAC: [FF:FF:FF:FF:FF:FF] [ 2|37 ACKs]13:13:09  Sending 64 directed DeAuth (code 7). STMAC: [FF:FF:FF:FF:FF:FF] [ 2|38 ACKs]13:13:09  Sending 64 directed DeAuth (code 7). STMAC: [FF:FF:FF:FF:FF:FF] [ 2|39 ACKs]13:13:09  Sending 64 directed DeAuth (code 7). STMAC: [FF:FF:FF:FF:FF:FF] [ 2|40 ACKs]13:13:09  Sending 64 directed DeAuth (code 7). STMAC: [FF:FF:FF:FF:FF:FF] [ 2|41 ACKs]13:13:09  Sending 64 directed DeAuth (code 7). STMAC: [FF:FF:FF:FF:FF:FF] [ 2|42 ACKs]13:13:09  Sending 64 directed DeAuth (code 7). STMAC: [FF:FF:FF:FF:FF:FF] [ 2|43 ACKs]13:13:09  Sending 64 directed DeAuth (code 7). STMAC: [FF:FF:FF:FF:FF:FF] [ 2|44 ACKs]13:13:09  Sending 64 directed DeAuth (code 7). STMAC: [FF:FF:FF:FF:FF:FF] [ 2|45 ACKs]13:13:09  Sending 64 directed DeAuth (code 7). STMAC: [FF:FF:FF:FF:FF:FF] [ 2|46 ACKs]13:13:10  Sending 64 directed DeAuth (code 7). STMAC: [FF:FF:FF:FF:FF:FF] [ 2|47 ACKs]13:13:10  Sending 64 directed DeAuth (code 7). STMAC: [FF:FF:FF:FF:FF:FF] [ 2|48 ACKs]13:13:10  Sending 64 directed DeAuth (code 7). STMAC: [FF:FF:FF:FF:FF:FF] [ 2|49 ACKs]13:13:10  Sending 64 directed DeAuth (code 7). STMAC: [FF:FF:FF:FF:FF:FF] [ 2|50 ACKs]13:13:10  Sending 64 directed DeAuth (code 7). STMAC: [FF:FF:FF:FF:FF:FF] [ 2|51 ACKs]13:13:10  Sending 64 directed DeAuth (code 7). STMAC: [FF:FF:FF:FF:FF:FF] [ 2|52 ACKs]13:13:10  Sending 64 directed DeAuth (code 7). STMAC: [FF:FF:FF:FF:FF:FF] [ 2|53 ACKs]13:13:10  Sending 64 directed DeAuth (code 7). STMAC: [FF:FF:FF:FF:FF:FF] [ 2|54 ACKs]13:13:10  Sending 64 directed DeAuth (code 7). STMAC: [FF:FF:FF:FF:FF:FF] [ 2|55 ACKs]13:13:10  Sending 64 directed DeAuth (code 7). STMAC: [FF:FF:FF:FF:FF:FF] [ 2|56 ACKs]13:13:10  Sending 64 directed DeAuth (code 7). STMAC: [FF:FF:FF:FF:FF:FF] [ 2|57 ACKs]13:13:10  Sending 64 directed DeAuth (code 7). STMAC: [FF:FF:FF:FF:FF:FF] [ 2|58 ACKs]13:13:10  Sending 64 directed DeAuth (code 7). STMAC: [FF:FF:FF:FF:FF:FF] [ 2|59 ACKs]13:13:10  Sending 64 directed DeAuth (code 7). STMAC: [FF:FF:FF:FF:FF:FF] [ 2|60 ACKs]13:13:10  Sending 64 directed DeAuth (code 7). STMAC: [FF:FF:FF:FF:FF:FF] [ 2|61 ACKs]13:13:10  Sending 64 directed DeAuth (code 7). STMAC: [FF:FF:FF:FF:FF:FF] [ 2|62 ACKs]13:13:10  Sending 64 directed DeAuth (code 7). STMAC: [FF:FF:FF:FF:FF:FF] [ 2|63 ACKs]13:13:10  Sending 64 directed DeAuth (code 7). STMAC: [FF:FF:FF:FF:FF:FF] [ 2|64 ACKs]
13:13:10  Sending 64 directed DeAuth (code 7). STMAC: [FF:FF:FF:FF:FF:FF] [ 0| 0 ACKs]13:13:10  Sending 64 directed DeAuth (code 7). STMAC: [FF:FF:FF:FF:FF:FF] [ 0| 1 ACKs]13:13:10  Sending 64 directed DeAuth (code 7). STMAC: [FF:FF:FF:FF:FF:FF] [ 0| 2 ACKs]13:13:10  Sending 64 directed DeAuth (code 7). STMAC: [FF:FF:FF:FF:FF:FF] [ 0| 3 ACKs]13:13:10  Sending 64 directed DeAuth (code 7). STMAC: [FF:FF:FF:FF:FF:FF] [ 0| 4 ACKs]13:13:10  Sending 64 directed DeAuth (code 7). STMAC: [FF:FF:FF:FF:FF:FF] [ 0| 5 ACKs]13:13:10  Sending 64 directed DeAuth (code 7). STMAC: [FF:FF:FF:FF:FF:FF] [ 0| 6 ACKs]13:13:10  Sending 64 directed DeAuth (code 7). STMAC: [FF:FF:FF:FF:FF:FF] [ 0| 7 ACKs]13:13:10  Sending 64 directed DeAuth (code 7). STMAC: [FF:FF:FF:FF:FF:FF] [ 0| 8 ACKs]13:13:10  Sending 64 directed DeAuth (code 7). STMAC: [FF:FF:FF:FF:FF:FF] [ 0| 9 ACKs]13:13:10  Sending 64 directed DeAuth (code 7). STMAC: [FF:FF:FF:FF:FF:FF] [ 0|10 ACKs]13:13:10  Sending 64 directed DeAuth (code 7). STMAC: [FF:FF:FF:FF:FF:FF] [ 0|11 ACKs]13:13:10  Sending 64 directed DeAuth (code 7). STMAC: [FF:FF:FF:FF:FF:FF] [ 0|12 ACKs]13:13:10  Sending 64 directed DeAuth (code 7). STMAC: [FF:FF:FF:FF:FF:FF] [ 0|13 ACKs]13:13:10  Sending 64 directed DeAuth (code 7). STMAC: [FF:FF:FF:FF:FF:FF] [ 0|14 ACKs]13:13:10  Sending 64 directed DeAuth (code 7). STMAC: [FF:FF:FF:FF:FF:FF] [ 0|15 ACKs]13:13:10  Sending 64 directed DeAuth (code 7). STMAC: [FF:FF:FF:FF:FF:FF] [ 0|16 ACKs]13:13:10  Sending 64 directed DeAuth (code 7). STMAC: [FF:FF:FF:FF:FF:FF] [ 0|17 ACKs]13:13:10  Sending 64 directed DeAuth (code 7). STMAC: [FF:FF:FF:FF:FF:FF] [ 0|18 ACKs]13:13:10  Sending 64 directed DeAuth (code 7). STMAC: [FF:FF:FF:FF:FF:FF] [ 0|19 ACKs]13:13:10  Sending 64 directed DeAuth (code 7). STMAC: [FF:FF:FF:FF:FF:FF] [ 0|20 ACKs]13:13:10  Sending 64 directed DeAuth (code 7). STMAC: [FF:FF:FF:FF:FF:FF] [ 1|20 ACKs]13:13:10  Sending 64 directed DeAuth (code 7). STMAC: [FF:FF:FF:FF:FF:FF] [ 1|21 ACKs]13:13:10  Sending 64 directed DeAuth (code 7). STMAC: [FF:FF:FF:FF:FF:FF] [ 2|21 ACKs]13:13:10  Sending 64 directed DeAuth (code 7). STMAC: [FF:FF:FF:FF:FF:FF] [ 2|22 ACKs]13:13:10  Sending 64 directed DeAuth (code 7). STMAC: [FF:FF:FF:FF:FF:FF] [ 2|23 ACKs]13:13:10  Sending 64 directed DeAuth (code 7). STMAC: [FF:FF:FF:FF:FF:FF] [ 3|23 ACKs]13:13:10  Sending 64 directed DeAuth (code 7). STMAC: [FF:FF:FF:FF:FF:FF] [ 3|24 ACKs]13:13:10  Sending 64 directed DeAuth (code 7). STMAC: [FF:FF:FF:FF:FF:FF] [ 4|24 ACKs]13:13:10  Sending 64 directed DeAuth (code 7). STMAC: [FF:FF:FF:FF:FF:FF] [ 4|25 ACKs]13:13:10  Sending 64 directed DeAuth (code 7). STMAC: [FF:FF:FF:FF:FF:FF] [ 5|25 ACKs]13:13:10  Sending 64 directed DeAuth (code 7). STMAC: [FF:FF:FF:FF:FF:FF] [ 5|26 ACKs]13:13:10  Sending 64 directed DeAuth (code 7). STMAC: [FF:FF:FF:FF:FF:FF] [ 6|26 ACKs]13:13:10  Sending 64 directed DeAuth (code 7). STMAC: [FF:FF:FF:FF:FF:FF] [ 6|27 ACKs]13:13:10  Sending 64 directed DeAuth (code 7). STMAC: [FF:FF:FF:FF:FF:FF] [ 7|27 ACKs]13:13:10  Sending 64 directed DeAuth (code 7). STMAC: [FF:FF:FF:FF:FF:FF] [ 7|28 ACKs]13:13:10  Sending 64 directed DeAuth (code 7). STMAC: [FF:FF:FF:FF:FF:FF] [ 8|28 ACKs]13:13:10  Sending 64 directed DeAuth (code 7). STMAC: [FF:FF:FF:FF:FF:FF] [ 8|29 ACKs]13:13:10  Sending 64 directed DeAuth (code 7). STMAC: [FF:FF:FF:FF:FF:FF] [ 9|29 ACKs]13:13:10  Sending 64 directed DeAuth (code 7). STMAC: [FF:FF:FF:FF:FF:FF] [ 9|30 ACKs]13:13:10  Sending 64 directed DeAuth (code 7). STMAC: [FF:FF:FF:FF:FF:FF] [10|30 ACKs]13:13:10  Sending 64 directed DeAuth (code 7). STMAC: [FF:FF:FF:FF:FF:FF] [10|31 ACKs]13:13:10  Sending 64 directed DeAuth (code 7). STMAC: [FF:FF:FF:FF:FF:FF] [10|32 ACKs]13:13:10  Sending 64 directed DeAuth (code 7). STMAC: [FF:FF:FF:FF:FF:FF] [11|32 ACKs]13:13:10  Sending 64 directed DeAuth (code 7). STMAC: [FF:FF:FF:FF:FF:FF] [11|33 ACKs]13:13:10  Sending 64 directed DeAuth (code 7). STMAC: [FF:FF:FF:FF:FF:FF] [12|33 ACKs]13:13:10  Sending 64 directed DeAuth (code 7). STMAC: [FF:FF:FF:FF:FF:FF] [12|34 ACKs]13:13:10  Sending 64 directed DeAuth (code 7). STMAC: [FF:FF:FF:FF:FF:FF] [13|34 ACKs]13:13:10  Sending 64 directed DeAuth (code 7). STMAC: [FF:FF:FF:FF:FF:FF] [13|35 ACKs]13:13:10  Sending 64 directed DeAuth (code 7). STMAC: [FF:FF:FF:FF:FF:FF] [14|35 ACKs]13:13:10  Sending 64 directed DeAuth (code 7). STMAC: [FF:FF:FF:FF:FF:FF] [14|36 ACKs]13:13:10  Sending 64 directed DeAuth (code 7). STMAC: [FF:FF:FF:FF:FF:FF] [15|36 ACKs]13:13:10  Sending 64 directed DeAuth (code 7). STMAC: [FF:FF:FF:FF:FF:FF] [15|37 ACKs]13:13:10  Sending 64 directed DeAuth (code 7). STMAC: [FF:FF:FF:FF:FF:FF] [16|37 ACKs]13:13:10  Sending 64 directed DeAuth (code 7). STMAC: [FF:FF:FF:FF:FF:FF] [16|38 ACKs]13:13:10  Sending 64 directed DeAuth (code 7). STMAC: [FF:FF:FF:FF:FF:FF] [17|38 ACKs]13:13:10  Sending 64 directed DeAuth (code 7). STMAC: [FF:FF:FF:FF:FF:FF] [17|39 ACKs]13:13:10  Sending 64 directed DeAuth (code 7). STMAC: [FF:FF:FF:FF:FF:FF] [17|40 ACKs]13:13:10  Sending 64 directed DeAuth (code 7). STMAC: [FF:FF:FF:FF:FF:FF] [17|41 ACKs]13:13:10  Sending 64 directed DeAuth (code 7). STMAC: [FF:FF:FF:FF:FF:FF] [17|42 ACKs]13:13:10  Sending 64 directed DeAuth (code 7). STMAC: [FF:FF:FF:FF:FF:FF] [17|43 ACKs]13:13:10  Sending 64 directed DeAuth (code 7). STMAC: [FF:FF:FF:FF:FF:FF] [17|44 ACKs]13:13:10  Sending 64 directed DeAuth (code 7). STMAC: [FF:FF:FF:FF:FF:FF] [17|45 ACKs]13:13:10  Sending 64 directed DeAuth (code 7). STMAC: [FF:FF:FF:FF:FF:FF] [17|46 ACKs]13:13:10  Sending 64 directed DeAuth (code 7). STMAC: [FF:FF:FF:FF:FF:FF] [17|47 ACKs]13:13:10  Sending 64 directed DeAuth (code 7). STMAC: [FF:FF:FF:FF:FF:FF] [17|48 ACKs]13:13:10  Sending 64 directed DeAuth (code 7). STMAC: [FF:FF:FF:FF:FF:FF] [17|49 ACKs]13:13:10  Sending 64 directed DeAuth (code 7). STMAC: [FF:FF:FF:FF:FF:FF] [17|50 ACKs]13:13:10  Sending 64 directed DeAuth (code 7). STMAC: [FF:FF:FF:FF:FF:FF] [17|51 ACKs]13:13:10  Sending 64 directed DeAuth (code 7). STMAC: [FF:FF:FF:FF:FF:FF] [17|52 ACKs]13:13:10  Sending 64 directed DeAuth (code 7). STMAC: [FF:FF:FF:FF:FF:FF] [17|53 ACKs]13:13:10  Sending 64 directed DeAuth (code 7). STMAC: [FF:FF:FF:FF:FF:FF] [17|54 ACKs]13:13:10  Sending 64 directed DeAuth (code 7). STMAC: [FF:FF:FF:FF:FF:FF] [17|55 ACKs]13:13:10  Sending 64 directed DeAuth (code 7). STMAC: [FF:FF:FF:FF:FF:FF] [17|56 ACKs]13:13:10  Sending 64 directed DeAuth (code 7). STMAC: [FF:FF:FF:FF:FF:FF] [17|57 ACKs]13:13:10  Sending 64 directed DeAuth (code 7). STMAC: [FF:FF:FF:FF:FF:FF] [17|58 ACKs]13:13:10  Sending 64 directed DeAuth (code 7). STMAC: [FF:FF:FF:FF:FF:FF] [17|59 ACKs]13:13:10  Sending 64 directed DeAuth (code 7). STMAC: [FF:FF:FF:FF:FF:FF] [17|60 ACKs]13:13:10  Sending 64 directed DeAuth (code 7). STMAC: [FF:FF:FF:FF:FF:FF] [17|61 ACKs]13:13:10  Sending 64 directed DeAuth (code 7). STMAC: [FF:FF:FF:FF:FF:FF] [17|62 ACKs]13:13:10  Sending 64 directed DeAuth (code 7). STMAC: [FF:FF:FF:FF:FF:FF] [17|63 ACKs]13:13:10  Sending 64 directed DeAuth (code 7). STMAC: [FF:FF:FF:FF:FF:FF] [17|64 ACKs]
13:13:10  Sending 64 directed DeAuth (code 7). STMAC: [FF:FF:FF:FF:FF:FF] [ 0| 0 ACKs]13:13:10  Sending 64 directed DeAuth (code 7). STMAC: [FF:FF:FF:FF:FF:FF] [ 0| 1 ACKs]13:13:10  Sending 64 directed DeAuth (code 7). STMAC: [FF:FF:FF:FF:FF:FF] [ 0| 2 ACKs]13:13:10  Sending 64 directed DeAuth (code 7). STMAC: [FF:FF:FF:FF:FF:FF] [ 0| 3 ACKs]13:13:10  Sending 64 directed DeAuth (code 7). STMAC: [FF:FF:FF:FF:FF:FF] [ 0| 4 ACKs]13:13:10  Sending 64 directed DeAuth (code 7). STMAC: [FF:FF:FF:FF:FF:FF] [ 0| 5 ACKs]13:13:10  Sending 64 directed DeAuth (code 7). STMAC: [FF:FF:FF:FF:FF:FF] [ 0| 6 ACKs]13:13:10  Sending 64 directed DeAuth (code 7). STMAC: [FF:FF:FF:FF:FF:FF] [ 0| 7 ACKs]13:13:10  Sending 64 directed DeAuth (code 7). STMAC: [FF:FF:FF:FF:FF:FF] [ 0| 8 ACKs]13:13:10  Sending 64 directed DeAuth (code 7). STMAC: [FF:FF:FF:FF:FF:FF] [ 0| 9 ACKs]13:13:10  Sending 64 directed DeAuth (code 7). STMAC: [FF:FF:FF:FF:FF:FF] [ 0|10 ACKs]13:13:10  Sending 64 directed DeAuth (code 7). STMAC: [FF:FF:FF:FF:FF:FF] [ 0|11 ACKs]13:13:10  Sending 64 directed DeAuth (code 7). STMAC: [FF:FF:FF:FF:FF:FF] [ 0|12 ACKs]13:13:10  Sending 64 directed DeAuth (code 7). STMAC: [FF:FF:FF:FF:FF:FF] [ 0|13 ACKs]13:13:10  Sending 64 directed DeAuth (code 7). STMAC: [FF:FF:FF:FF:FF:FF] [ 0|14 ACKs]13:13:10  Sending 64 directed DeAuth (code 7). STMAC: [FF:FF:FF:FF:FF:FF] [ 0|15 ACKs]13:13:10  Sending 64 directed DeAuth (code 7). STMAC: [FF:FF:FF:FF:FF:FF] [ 0|16 ACKs]13:13:10  Sending 64 directed DeAuth (code 7). STMAC: [FF:FF:FF:FF:FF:FF] [ 0|17 ACKs]13:13:10  Sending 64 directed DeAuth (code 7). STMAC: [FF:FF:FF:FF:FF:FF] [ 0|18 ACKs]13:13:10  Sending 64 directed DeAuth (code 7). STMAC: [FF:FF:FF:FF:FF:FF] [ 0|19 ACKs]13:13:10  Sending 64 directed DeAuth (code 7). STMAC: [FF:FF:FF:FF:FF:FF] [ 0|20 ACKs]13:13:10  Sending 64 directed DeAuth (code 7). STMAC: [FF:FF:FF:FF:FF:FF] [ 0|21 ACKs]13:13:10  Sending 64 directed DeAuth (code 7). STMAC: [FF:FF:FF:FF:FF:FF] [ 0|22 ACKs]13:13:10  Sending 64 directed DeAuth (code 7). STMAC: [FF:FF:FF:FF:FF:FF] [ 0|23 ACKs]13:13:10  Sending 64 directed DeAuth (code 7). STMAC: [FF:FF:FF:FF:FF:FF] [ 0|24 ACKs]13:13:10  Sending 64 directed DeAuth (code 7). STMAC: [FF:FF:FF:FF:FF:FF] [ 0|25 ACKs]13:13:10  Sending 64 directed DeAuth (code 7). STMAC: [FF:FF:FF:FF:FF:FF] [ 0|26 ACKs]13:13:10  Sending 64 directed DeAuth (code 7). STMAC: [FF:FF:FF:FF:FF:FF] [ 0|27 ACKs]13:13:10  Sending 64 directed DeAuth (code 7). STMAC: [FF:FF:FF:FF:FF:FF] [ 0|28 ACKs]13:13:10  Sending 64 directed DeAuth (code 7). STMAC: [FF:FF:FF:FF:FF:FF] [ 0|29 ACKs]13:13:10  Sending 64 directed DeAuth (code 7). STMAC: [FF:FF:FF:FF:FF:FF] [ 0|30 ACKs]13:13:10  Sending 64 directed DeAuth (code 7). STMAC: [FF:FF:FF:FF:FF:FF] [ 0|31 ACKs]13:13:10  Sending 64 directed DeAuth (code 7). STMAC: [FF:FF:FF:FF:FF:FF] [ 0|32 ACKs]13:13:11  Sending 64 directed DeAuth (code 7). STMAC: [FF:FF:FF:FF:FF:FF] [ 0|33 ACKs]13:13:11  Sending 64 directed DeAuth (code 7). STMAC: [FF:FF:FF:FF:FF:FF] [ 1|33 ACKs]13:13:11  Sending 64 directed DeAuth (code 7). STMAC: [FF:FF:FF:FF:FF:FF] [ 1|34 ACKs]13:13:11  Sending 64 directed DeAuth (code 7). STMAC: [FF:FF:FF:FF:FF:FF] [ 1|35 ACKs]13:13:11  Sending 64 directed DeAuth (code 7). STMAC: [FF:FF:FF:FF:FF:FF] [ 1|36 ACKs]13:13:11  Sending 64 directed DeAuth (code 7). STMAC: [FF:FF:FF:FF:FF:FF] [ 1|37 ACKs]13:13:11  Sending 64 directed DeAuth (code 7). STMAC: [FF:FF:FF:FF:FF:FF] [ 1|38 ACKs]13:13:11  Sending 64 directed DeAuth (code 7). STMAC: [FF:FF:FF:FF:FF:FF] [ 1|39 ACKs]13:13:11  Sending 64 directed DeAuth (code 7). STMAC: [FF:FF:FF:FF:FF:FF] [ 1|40 ACKs]13:13:11  Sending 64 directed DeAuth (code 7). STMAC: [FF:FF:FF:FF:FF:FF] [ 1|41 ACKs]13:13:11  Sending 64 directed DeAuth (code 7). STMAC: [FF:FF:FF:FF:FF:FF] [ 1|42 ACKs]13:13:11  Sending 64 directed DeAuth (code 7). STMAC: [FF:FF:FF:FF:FF:FF] [ 1|43 ACKs]13:13:11  Sending 64 directed DeAuth (code 7). STMAC: [FF:FF:FF:FF:FF:FF] [ 1|43 ACKs]13:13:11  Sending 64 directed DeAuth (code 7). STMAC: [FF:FF:FF:FF:FF:FF] [ 1|44 ACKs]13:13:11  Sending 64 directed DeAuth (code 7). STMAC: [FF:FF:FF:FF:FF:FF] [ 1|44 ACKs]13:13:11  Sending 64 directed DeAuth (code 7). STMAC: [FF:FF:FF:FF:FF:FF] [ 1|45 ACKs]13:13:11  Sending 64 directed DeAuth (code 7). STMAC: [FF:FF:FF:FF:FF:FF] [ 1|46 ACKs]13:13:11  Sending 64 directed DeAuth (code 7). STMAC: [FF:FF:FF:FF:FF:FF] [ 1|47 ACKs]13:13:11  Sending 64 directed DeAuth (code 7). STMAC: [FF:FF:FF:FF:FF:FF] [ 1|48 ACKs]13:13:11  Sending 64 directed DeAuth (code 7). STMAC: [FF:FF:FF:FF:FF:FF] [ 1|49 ACKs]13:13:11  Sending 64 directed DeAuth (code 7). STMAC: [FF:FF:FF:FF:FF:FF] [ 1|50 ACKs]13:13:11  Sending 64 directed DeAuth (code 7). STMAC: [FF:FF:FF:FF:FF:FF] [ 1|51 ACKs]13:13:11  Sending 64 directed DeAuth (code 7). STMAC: [FF:FF:FF:FF:FF:FF] [ 1|52 ACKs]13:13:11  Sending 64 directed DeAuth (code 7). STMAC: [FF:FF:FF:FF:FF:FF] [ 1|53 ACKs]13:13:11  Sending 64 directed DeAuth (code 7). STMAC: [FF:FF:FF:FF:FF:FF] [ 1|54 ACKs]13:13:11  Sending 64 directed DeAuth (code 7). STMAC: [FF:FF:FF:FF:FF:FF] [ 1|55 ACKs]13:13:11  Sending 64 directed DeAuth (code 7). STMAC: [FF:FF:FF:FF:FF:FF] [ 1|56 ACKs]13:13:11  Sending 64 directed DeAuth (code 7). STMAC: [FF:FF:FF:FF:FF:FF] [ 1|57 ACKs]13:13:11  Sending 64 directed DeAuth (code 7). STMAC: [FF:FF:FF:FF:FF:FF] [ 1|58 ACKs]13:13:11  Sending 64 directed DeAuth (code 7). STMAC: [FF:FF:FF:FF:FF:FF] [ 1|58 ACKs]13:13:11  Sending 64 directed DeAuth (code 7). STMAC: [FF:FF:FF:FF:FF:FF] [ 1|59 ACKs]13:13:11  Sending 64 directed DeAuth (code 7). STMAC: [FF:FF:FF:FF:FF:FF] [ 1|59 ACKs]13:13:11  Sending 64 directed DeAuth (code 7). STMAC: [FF:FF:FF:FF:FF:FF] [ 1|60 ACKs]13:13:11  Sending 64 directed DeAuth (code 7). STMAC: [FF:FF:FF:FF:FF:FF] [ 1|61 ACKs]13:13:11  Sending 64 directed DeAuth (code 7). STMAC: [FF:FF:FF:FF:FF:FF] [ 1|62 ACKs]13:13:11  Sending 64 directed DeAuth (code 7). STMAC: [FF:FF:FF:FF:FF:FF] [ 1|63 ACKs]
13:13:11  Sending 64 directed DeAuth (code 7). STMAC: [FF:FF:FF:FF:FF:FF] [ 0| 0 ACKs]13:13:11  Sending 64 directed DeAuth (code 7). STMAC: [FF:FF:FF:FF:FF:FF] [ 0| 0 ACKs]13:13:11  Sending 64 directed DeAuth (code 7). STMAC: [FF:FF:FF:FF:FF:FF] [ 0| 1 ACKs]13:13:11  Sending 64 directed DeAuth (code 7). STMAC: [FF:FF:FF:FF:FF:FF] [ 0| 1 ACKs]13:13:11  Sending 64 directed DeAuth (code 7). STMAC: [FF:FF:FF:FF:FF:FF] [ 0| 1 ACKs]13:13:11  Sending 64 directed DeAuth (code 7). STMAC: [FF:FF:FF:FF:FF:FF] [ 0| 1 ACKs]13:13:11  Sending 64 directed DeAuth (code 7). STMAC: [FF:FF:FF:FF:FF:FF] [ 1| 1 ACKs]13:13:11  Sending 64 directed DeAuth (code 7). STMAC: [FF:FF:FF:FF:FF:FF] [ 2| 1 ACKs]13:13:11  Sending 64 directed DeAuth (code 7). STMAC: [FF:FF:FF:FF:FF:FF] [ 3| 1 ACKs]13:13:11  Sending 64 directed DeAuth (code 7). STMAC: [FF:FF:FF:FF:FF:FF] [ 4| 1 ACKs]13:13:11  Sending 64 directed DeAuth (code 7). STMAC: [FF:FF:FF:FF:FF:FF] [ 5| 1 ACKs]13:13:11  Sending 64 directed DeAuth (code 7). STMAC: [FF:FF:FF:FF:FF:FF] [ 5| 2 ACKs]13:13:11  Sending 64 directed DeAuth (code 7). STMAC: [FF:FF:FF:FF:FF:FF] [ 6| 2 ACKs]13:13:11  Sending 64 directed DeAuth (code 7). STMAC: [FF:FF:FF:FF:FF:FF] [ 6| 3 ACKs]13:13:11  Sending 64 directed DeAuth (code 7). STMAC: [FF:FF:FF:FF:FF:FF] [ 6| 3 ACKs]13:13:11  Sending 64 directed DeAuth (code 7). STMAC: [FF:FF:FF:FF:FF:FF] [ 6| 3 ACKs]13:13:11  Sending 64 directed DeAuth (code 7). STMAC: [FF:FF:FF:FF:FF:FF] [ 6| 3 ACKs]13:13:11  Sending 64 directed DeAuth (code 7). STMAC: [FF:FF:FF:FF:FF:FF] [ 6| 4 ACKs]13:13:11  Sending 64 directed DeAuth (code 7). STMAC: [FF:FF:FF:FF:FF:FF] [ 6| 4 ACKs]13:13:11  Sending 64 directed DeAuth (code 7). STMAC: [FF:FF:FF:FF:FF:FF] [ 7| 4 ACKs]13:13:11  Sending 64 directed DeAuth (code 7). STMAC: [FF:FF:FF:FF:FF:FF] [ 7| 5 ACKs]13:13:11  Sending 64 directed DeAuth (code 7). STMAC: [FF:FF:FF:FF:FF:FF] [ 8| 5 ACKs]13:13:11  Sending 64 directed DeAuth (code 7). STMAC: [FF:FF:FF:FF:FF:FF] [ 8| 6 ACKs]13:13:11  Sending 64 directed DeAuth (code 7). STMAC: [FF:FF:FF:FF:FF:FF] [ 9| 6 ACKs]13:13:11  Sending 64 directed DeAuth (code 7). STMAC: [FF:FF:FF:FF:FF:FF] [ 9| 7 ACKs]13:13:11  Sending 64 directed DeAuth (code 7). STMAC: [FF:FF:FF:FF:FF:FF] [10| 7 ACKs]13:13:11  Sending 64 directed DeAuth (code 7). STMAC: [FF:FF:FF:FF:FF:FF] [10| 8 ACKs]13:13:11  Sending 64 directed DeAuth (code 7). STMAC: [FF:FF:FF:FF:FF:FF] [10| 9 ACKs]13:13:11  Sending 64 directed DeAuth (code 7). STMAC: [FF:FF:FF:FF:FF:FF] [10| 9 ACKs]13:13:11  Sending 64 directed DeAuth (code 7). STMAC: [FF:FF:FF:FF:FF:FF] [10|10 ACKs]13:13:11  Sending 64 directed DeAuth (code 7). STMAC: [FF:FF:FF:FF:FF:FF] [11|10 ACKs]13:13:11  Sending 64 directed DeAuth (code 7). STMAC: [FF:FF:FF:FF:FF:FF] [11|11 ACKs]13:13:11  Sending 64 directed DeAuth (code 7). STMAC: [FF:FF:FF:FF:FF:FF] [12|11 ACKs]13:13:11  Sending 64 directed DeAuth (code 7). STMAC: [FF:FF:FF:FF:FF:FF] [12|12 ACKs]13:13:11  Sending 64 directed DeAuth (code 7). STMAC: [FF:FF:FF:FF:FF:FF] [13|12 ACKs]13:13:11  Sending 64 directed DeAuth (code 7). STMAC: [FF:FF:FF:FF:FF:FF] [13|13 ACKs]13:13:11  Sending 64 directed DeAuth (code 7). STMAC: [FF:FF:FF:FF:FF:FF] [14|13 ACKs]13:13:11  Sending 64 directed DeAuth (code 7). STMAC: [FF:FF:FF:FF:FF:FF] [14|14 ACKs]13:13:11  Sending 64 directed DeAuth (code 7). STMAC: [FF:FF:FF:FF:FF:FF] [15|14 ACKs]13:13:11  Sending 64 directed DeAuth (code 7). STMAC: [FF:FF:FF:FF:FF:FF] [15|15 ACKs]13:13:11  Sending 64 directed DeAuth (code 7). STMAC: [FF:FF:FF:FF:FF:FF] [16|15 ACKs]13:13:11  Sending 64 directed DeAuth (code 7). STMAC: [FF:FF:FF:FF:FF:FF] [16|16 ACKs]13:13:11  Sending 64 directed DeAuth (code 7). STMAC: [FF:FF:FF:FF:FF:FF] [17|16 ACKs]13:13:11  Sending 64 directed DeAuth (code 7). STMAC: [FF:FF:FF:FF:FF:FF] [17|17 ACKs]13:13:11  Sending 64 directed DeAuth (code 7). STMAC: [FF:FF:FF:FF:FF:FF] [18|17 ACKs]13:13:11  Sending 64 directed DeAuth (code 7). STMAC: [FF:FF:FF:FF:FF:FF] [18|18 ACKs]13:13:11  Sending 64 directed DeAuth (code 7). STMAC: [FF:FF:FF:FF:FF:FF] [19|18 ACKs]13:13:11  Sending 64 directed DeAuth (code 7). STMAC: [FF:FF:FF:FF:FF:FF] [19|19 ACKs]13:13:11  Sending 64 directed DeAuth (code 7). STMAC: [FF:FF:FF:FF:FF:FF] [19|19 ACKs]13:13:11  Sending 64 directed DeAuth (code 7). STMAC: [FF:FF:FF:FF:FF:FF] [19|20 ACKs]13:13:11  Sending 64 directed DeAuth (code 7). STMAC: [FF:FF:FF:FF:FF:FF] [20|20 ACKs]13:13:11  Sending 64 directed DeAuth (code 7). STMAC: [FF:FF:FF:FF:FF:FF] [20|21 ACKs]13:13:11  Sending 64 directed DeAuth (code 7). STMAC: [FF:FF:FF:FF:FF:FF] [21|21 ACKs]13:13:11  Sending 64 directed DeAuth (code 7). STMAC: [FF:FF:FF:FF:FF:FF] [21|22 ACKs]13:13:11  Sending 64 directed DeAuth (code 7). STMAC: [FF:FF:FF:FF:FF:FF] [22|22 ACKs]13:13:11  Sending 64 directed DeAuth (code 7). STMAC: [FF:FF:FF:FF:FF:FF] [22|23 ACKs]13:13:11  Sending 64 directed DeAuth (code 7). STMAC: [FF:FF:FF:FF:FF:FF] [23|23 ACKs]13:13:11  Sending 64 directed DeAuth (code 7). STMAC: [FF:FF:FF:FF:FF:FF] [23|24 ACKs]13:13:11  Sending 64 directed DeAuth (code 7). STMAC: [FF:FF:FF:FF:FF:FF] [23|25 ACKs]13:13:11  Sending 64 directed DeAuth (code 7). STMAC: [FF:FF:FF:FF:FF:FF] [24|25 ACKs]13:13:11  Sending 64 directed DeAuth (code 7). STMAC: [FF:FF:FF:FF:FF:FF] [24|26 ACKs]13:13:11  Sending 64 directed DeAuth (code 7). STMAC: [FF:FF:FF:FF:FF:FF] [25|26 ACKs]13:13:11  Sending 64 directed DeAuth (code 7). STMAC: [FF:FF:FF:FF:FF:FF] [25|27 ACKs]13:13:11  Sending 64 directed DeAuth (code 7). STMAC: [FF:FF:FF:FF:FF:FF] [26|27 ACKs]13:13:11  Sending 64 directed DeAuth (code 7). STMAC: [FF:FF:FF:FF:FF:FF] [26|28 ACKs]13:13:11  Sending 64 directed DeAuth (code 7). STMAC: [FF:FF:FF:FF:FF:FF] [27|28 ACKs]13:13:11  Sending 64 directed DeAuth (code 7). STMAC: [FF:FF:FF:FF:FF:FF] [27|28 ACKs]13:13:11  Sending 64 directed DeAuth (code 7). STMAC: [FF:FF:FF:FF:FF:FF] [28|28 ACKs]13:13:11  Sending 64 directed DeAuth (code 7). STMAC: [FF:FF:FF:FF:FF:FF] [28|29 ACKs]13:13:11  Sending 64 directed DeAuth (code 7). STMAC: [FF:FF:FF:FF:FF:FF] [29|29 ACKs]13:13:11  Sending 64 directed DeAuth (code 7). STMAC: [FF:FF:FF:FF:FF:FF] [29|29 ACKs]13:13:11  Sending 64 directed DeAuth (code 7). STMAC: [FF:FF:FF:FF:FF:FF] [29|30 ACKs]13:13:11  Sending 64 directed DeAuth (code 7). STMAC: [FF:FF:FF:FF:FF:FF] [30|30 ACKs]13:13:11  Sending 64 directed DeAuth (code 7). STMAC: [FF:FF:FF:FF:FF:FF] [31|30 ACKs]13:13:11  Sending 64 directed DeAuth (code 7). STMAC: [FF:FF:FF:FF:FF:FF] [31|31 ACKs]13:13:11  Sending 64 directed DeAuth (code 7). STMAC: [FF:FF:FF:FF:FF:FF] [32|31 ACKs]13:13:11  Sending 64 directed DeAuth (code 7). STMAC: [FF:FF:FF:FF:FF:FF] [32|32 ACKs]13:13:11  Sending 64 directed DeAuth (code 7). STMAC: [FF:FF:FF:FF:FF:FF] [32|33 ACKs]13:13:11  Sending 64 directed DeAuth (code 7). STMAC: [FF:FF:FF:FF:FF:FF] [33|33 ACKs]13:13:11  Sending 64 directed DeAuth (code 7). STMAC: [FF:FF:FF:FF:FF:FF] [33|34 ACKs]13:13:11  Sending 64 directed DeAuth (code 7). STMAC: [FF:FF:FF:FF:FF:FF] [34|34 ACKs]13:13:11  Sending 64 directed DeAuth (code 7). STMAC: [FF:FF:FF:FF:FF:FF] [34|35 ACKs]13:13:11  Sending 64 directed DeAuth (code 7). STMAC: [FF:FF:FF:FF:FF:FF] [35|35 ACKs]13:13:11  Sending 64 directed DeAuth (code 7). STMAC: [FF:FF:FF:FF:FF:FF] [35|36 ACKs]13:13:11  Sending 64 directed DeAuth (code 7). STMAC: [FF:FF:FF:FF:FF:FF] [36|36 ACKs]13:13:11  Sending 64 directed DeAuth (code 7). STMAC: [FF:FF:FF:FF:FF:FF] [36|37 ACKs]13:13:11  Sending 64 directed DeAuth (code 7). STMAC: [FF:FF:FF:FF:FF:FF] [36|38 ACKs]13:13:11  Sending 64 directed DeAuth (code 7). STMAC: [FF:FF:FF:FF:FF:FF] [36|39 ACKs]13:13:11  Sending 64 directed DeAuth (code 7). STMAC: [FF:FF:FF:FF:FF:FF] [36|40 ACKs]13:13:11  Sending 64 directed DeAuth (code 7). STMAC: [FF:FF:FF:FF:FF:FF] [36|41 ACKs]13:13:11  Sending 64 directed DeAuth (code 7). STMAC: [FF:FF:FF:FF:FF:FF] [36|42 ACKs]13:13:11  Sending 64 directed DeAuth (code 7). STMAC: [FF:FF:FF:FF:FF:FF] [36|43 ACKs]13:13:11  Sending 64 directed DeAuth (code 7). STMAC: [FF:FF:FF:FF:FF:FF] [36|44 ACKs]13:13:11  Sending 64 directed DeAuth (code 7). STMAC: [FF:FF:FF:FF:FF:FF] [36|45 ACKs]13:13:11  Sending 64 directed DeAuth (code 7). STMAC: [FF:FF:FF:FF:FF:FF] [36|46 ACKs]13:13:11  Sending 64 directed DeAuth (code 7). STMAC: [FF:FF:FF:FF:FF:FF] [36|47 ACKs]13:13:11  Sending 64 directed DeAuth (code 7). STMAC: [FF:FF:FF:FF:FF:FF] [36|48 ACKs]13:13:11  Sending 64 directed DeAuth (code 7). STMAC: [FF:FF:FF:FF:FF:FF] [36|49 ACKs]13:13:11  Sending 64 directed DeAuth (code 7). STMAC: [FF:FF:FF:FF:FF:FF] [36|49 ACKs]13:13:11  Sending 64 directed DeAuth (code 7). STMAC: [FF:FF:FF:FF:FF:FF] [37|49 ACKs]13:13:11  Sending 64 directed DeAuth (code 7). STMAC: [FF:FF:FF:FF:FF:FF] [37|50 ACKs]13:13:11  Sending 64 directed DeAuth (code 7). STMAC: [FF:FF:FF:FF:FF:FF] [37|51 ACKs]13:13:11  Sending 64 directed DeAuth (code 7). STMAC: [FF:FF:FF:FF:FF:FF] [37|52 ACKs]13:13:11  Sending 64 directed DeAuth (code 7). STMAC: [FF:FF:FF:FF:FF:FF] [37|52 ACKs]13:13:11  Sending 64 directed DeAuth (code 7). STMAC: [FF:FF:FF:FF:FF:FF] [37|53 ACKs]13:13:11  Sending 64 directed DeAuth (code 7). STMAC: [FF:FF:FF:FF:FF:FF] [38|53 ACKs]13:13:11  Sending 64 directed DeAuth (code 7). STMAC: [FF:FF:FF:FF:FF:FF] [38|54 ACKs]13:13:11  Sending 64 directed DeAuth (code 7). STMAC: [FF:FF:FF:FF:FF:FF] [38|55 ACKs]13:13:11  Sending 64 directed DeAuth (code 7). STMAC: [FF:FF:FF:FF:FF:FF] [38|56 ACKs]13:13:11  Sending 64 directed DeAuth (code 7). STMAC: [FF:FF:FF:FF:FF:FF] [38|57 ACKs]13:13:11  Sending 64 directed DeAuth (code 7). STMAC: [FF:FF:FF:FF:FF:FF] [39|57 ACKs]13:13:11  Sending 64 directed DeAuth (code 7). STMAC: [FF:FF:FF:FF:FF:FF] [40|57 ACKs]13:13:11  Sending 64 directed DeAuth (code 7). STMAC: [FF:FF:FF:FF:FF:FF] [40|58 ACKs]13:13:11  Sending 64 directed DeAuth (code 7). STMAC: [FF:FF:FF:FF:FF:FF] [40|58 ACKs]13:13:11  Sending 64 directed DeAuth (code 7). STMAC: [FF:FF:FF:FF:FF:FF] [40|58 ACKs]13:13:11  Sending 64 directed DeAuth (code 7). STMAC: [FF:FF:FF:FF:FF:FF] [40|59 ACKs]13:13:11  Sending 64 directed DeAuth (code 7). STMAC: [FF:FF:FF:FF:FF:FF] [40|60 ACKs]13:13:11  Sending 64 directed DeAuth (code 7). STMAC: [FF:FF:FF:FF:FF:FF] [40|61 ACKs]13:13:11  Sending 64 directed DeAuth (code 7). STMAC: [FF:FF:FF:FF:FF:FF] [41|61 ACKs]13:13:11  Sending 64 directed DeAuth (code 7). STMAC: [FF:FF:FF:FF:FF:FF] [41|61 ACKs]13:13:11  Sending 64 directed DeAuth (code 7). STMAC: [FF:FF:FF:FF:FF:FF] [41|62 ACKs]13:13:11  Sending 64 directed DeAuth (code 7). STMAC: [FF:FF:FF:FF:FF:FF] [41|63 ACKs]13:13:11  Sending 64 directed DeAuth (code 7). STMAC: [FF:FF:FF:FF:FF:FF] [41|64 ACKs]13:13:11  Sending 64 directed DeAuth (code 7). STMAC: [FF:FF:FF:FF:FF:FF] [41|65 ACKs]
13:13:11  Sending 64 directed DeAuth (code 7). STMAC: [FF:FF:FF:FF:FF:FF] [ 0| 0 ACKs]13:13:11  Sending 64 directed DeAuth (code 7). STMAC: [FF:FF:FF:FF:FF:FF] [ 0| 0 ACKs]13:13:11  Sending 64 directed DeAuth (code 7). STMAC: [FF:FF:FF:FF:FF:FF] [ 0| 1 ACKs]13:13:11  Sending 64 directed DeAuth (code 7). STMAC: [FF:FF:FF:FF:FF:FF] [ 0| 2 ACKs]13:13:11  Sending 64 directed DeAuth (code 7). STMAC: [FF:FF:FF:FF:FF:FF] [ 0| 2 ACKs]13:13:11  Sending 64 directed DeAuth (code 7). STMAC: [FF:FF:FF:FF:FF:FF] [ 1| 2 ACKs]13:13:11  Sending 64 directed DeAuth (code 7). STMAC: [FF:FF:FF:FF:FF:FF] [ 1| 3 ACKs]13:13:11  Sending 64 directed DeAuth (code 7). STMAC: [FF:FF:FF:FF:FF:FF] [ 2| 3 ACKs]13:13:11  Sending 64 directed DeAuth (code 7). STMAC: [FF:FF:FF:FF:FF:FF] [ 2| 4 ACKs]13:13:11  Sending 64 directed DeAuth (code 7). STMAC: [FF:FF:FF:FF:FF:FF] [ 3| 4 ACKs]13:13:11  Sending 64 directed DeAuth (code 7). STMAC: [FF:FF:FF:FF:FF:FF] [ 3| 5 ACKs]13:13:11  Sending 64 directed DeAuth (code 7). STMAC: [FF:FF:FF:FF:FF:FF] [ 4| 5 ACKs]13:13:11  Sending 64 directed DeAuth (code 7). STMAC: [FF:FF:FF:FF:FF:FF] [ 4| 6 ACKs]13:13:11  Sending 64 directed DeAuth (code 7). STMAC: [FF:FF:FF:FF:FF:FF] [ 5| 6 ACKs]13:13:11  Sending 64 directed DeAuth (code 7). STMAC: [FF:FF:FF:FF:FF:FF] [ 5| 7 ACKs]13:13:11  Sending 64 directed DeAuth (code 7). STMAC: [FF:FF:FF:FF:FF:FF] [ 6| 7 ACKs]13:13:11  Sending 64 directed DeAuth (code 7). STMAC: [FF:FF:FF:FF:FF:FF] [ 6| 8 ACKs]13:13:11  Sending 64 directed DeAuth (code 7). STMAC: [FF:FF:FF:FF:FF:FF] [ 7| 8 ACKs]13:13:11  Sending 64 directed DeAuth (code 7). STMAC: [FF:FF:FF:FF:FF:FF] [ 7| 9 ACKs]13:13:11  Sending 64 directed DeAuth (code 7). STMAC: [FF:FF:FF:FF:FF:FF] [ 7|10 ACKs]13:13:11  Sending 64 directed DeAuth (code 7). STMAC: [FF:FF:FF:FF:FF:FF] [ 8|10 ACKs]13:13:11  Sending 64 directed DeAuth (code 7). STMAC: [FF:FF:FF:FF:FF:FF] [ 8|11 ACKs]13:13:11  Sending 64 directed DeAuth (code 7). STMAC: [FF:FF:FF:FF:FF:FF] [ 8|11 ACKs]13:13:11  Sending 64 directed DeAuth (code 7). STMAC: [FF:FF:FF:FF:FF:FF] [ 9|11 ACKs]13:13:11  Sending 64 directed DeAuth (code 7). STMAC: [FF:FF:FF:FF:FF:FF] [10|11 ACKs]13:13:11  Sending 64 directed DeAuth (code 7). STMAC: [FF:FF:FF:FF:FF:FF] [10|12 ACKs]13:13:11  Sending 64 directed DeAuth (code 7). STMAC: [FF:FF:FF:FF:FF:FF] [11|12 ACKs]13:13:11  Sending 64 directed DeAuth (code 7). STMAC: [FF:FF:FF:FF:FF:FF] [11|13 ACKs]13:13:12  Sending 64 directed DeAuth (code 7). STMAC: [FF:FF:FF:FF:FF:FF] [12|13 ACKs]13:13:12  Sending 64 directed DeAuth (code 7). STMAC: [FF:FF:FF:FF:FF:FF] [12|14 ACKs]13:13:12  Sending 64 directed DeAuth (code 7). STMAC: [FF:FF:FF:FF:FF:FF] [12|14 ACKs]13:13:12  Sending 64 directed DeAuth (code 7). STMAC: [FF:FF:FF:FF:FF:FF] [13|14 ACKs]13:13:12  Sending 64 directed DeAuth (code 7). STMAC: [FF:FF:FF:FF:FF:FF] [14|14 ACKs]13:13:12  Sending 64 directed DeAuth (code 7). STMAC: [FF:FF:FF:FF:FF:FF] [14|15 ACKs]13:13:12  Sending 64 directed DeAuth (code 7). STMAC: [FF:FF:FF:FF:FF:FF] [15|15 ACKs]13:13:12  Sending 64 directed DeAuth (code 7). STMAC: [FF:FF:FF:FF:FF:FF] [15|16 ACKs]13:13:12  Sending 64 directed DeAuth (code 7). STMAC: [FF:FF:FF:FF:FF:FF] [16|16 ACKs]13:13:12  Sending 64 directed DeAuth (code 7). STMAC: [FF:FF:FF:FF:FF:FF] [16|17 ACKs]13:13:12  Sending 64 directed DeAuth (code 7). STMAC: [FF:FF:FF:FF:FF:FF] [17|17 ACKs]13:13:12  Sending 64 directed DeAuth (code 7). STMAC: [FF:FF:FF:FF:FF:FF] [17|18 ACKs]13:13:12  Sending 64 directed DeAuth (code 7). STMAC: [FF:FF:FF:FF:FF:FF] [17|19 ACKs]13:13:12  Sending 64 directed DeAuth (code 7). STMAC: [FF:FF:FF:FF:FF:FF] [17|20 ACKs]13:13:12  Sending 64 directed DeAuth (code 7). STMAC: [FF:FF:FF:FF:FF:FF] [18|20 ACKs]13:13:12  Sending 64 directed DeAuth (code 7). STMAC: [FF:FF:FF:FF:FF:FF] [18|21 ACKs]13:13:12  Sending 64 directed DeAuth (code 7). STMAC: [FF:FF:FF:FF:FF:FF] [19|21 ACKs]13:13:12  Sending 64 directed DeAuth (code 7). STMAC: [FF:FF:FF:FF:FF:FF] [19|22 ACKs]13:13:12  Sending 64 directed DeAuth (code 7). STMAC: [FF:FF:FF:FF:FF:FF] [19|23 ACKs]13:13:12  Sending 64 directed DeAuth (code 7). STMAC: [FF:FF:FF:FF:FF:FF] [20|23 ACKs]13:13:12  Sending 64 directed DeAuth (code 7). STMAC: [FF:FF:FF:FF:FF:FF] [20|24 ACKs]13:13:12  Sending 64 directed DeAuth (code 7). STMAC: [FF:FF:FF:FF:FF:FF] [20|25 ACKs]13:13:12  Sending 64 directed DeAuth (code 7). STMAC: [FF:FF:FF:FF:FF:FF] [20|26 ACKs]13:13:12  Sending 64 directed DeAuth (code 7). STMAC: [FF:FF:FF:FF:FF:FF] [21|26 ACKs]13:13:12  Sending 64 directed DeAuth (code 7). STMAC: [FF:FF:FF:FF:FF:FF] [21|27 ACKs]13:13:12  Sending 64 directed DeAuth (code 7). STMAC: [FF:FF:FF:FF:FF:FF] [22|27 ACKs]13:13:12  Sending 64 directed DeAuth (code 7). STMAC: [FF:FF:FF:FF:FF:FF] [22|28 ACKs]13:13:12  Sending 64 directed DeAuth (code 7). STMAC: [FF:FF:FF:FF:FF:FF] [23|28 ACKs]13:13:12  Sending 64 directed DeAuth (code 7). STMAC: [FF:FF:FF:FF:FF:FF] [23|29 ACKs]13:13:12  Sending 64 directed DeAuth (code 7). STMAC: [FF:FF:FF:FF:FF:FF] [23|29 ACKs]13:13:12  Sending 64 directed DeAuth (code 7). STMAC: [FF:FF:FF:FF:FF:FF] [23|29 ACKs]13:13:12  Sending 64 directed DeAuth (code 7). STMAC: [FF:FF:FF:FF:FF:FF] [23|30 ACKs]13:13:12  Sending 64 directed DeAuth (code 7). STMAC: [FF:FF:FF:FF:FF:FF] [23|31 ACKs]13:13:12  Sending 64 directed DeAuth (code 7). STMAC: [FF:FF:FF:FF:FF:FF] [23|32 ACKs]13:13:12  Sending 64 directed DeAuth (code 7). STMAC: [FF:FF:FF:FF:FF:FF] [23|33 ACKs]13:13:12  Sending 64 directed DeAuth (code 7). STMAC: [FF:FF:FF:FF:FF:FF] [23|34 ACKs]13:13:12  Sending 64 directed DeAuth (code 7). STMAC: [FF:FF:FF:FF:FF:FF] [23|35 ACKs]13:13:12  Sending 64 directed DeAuth (code 7). STMAC: [FF:FF:FF:FF:FF:FF] [23|36 ACKs]13:13:12  Sending 64 directed DeAuth (code 7). STMAC: [FF:FF:FF:FF:FF:FF] [23|37 ACKs]13:13:12  Sending 64 directed DeAuth (code 7). STMAC: [FF:FF:FF:FF:FF:FF] [23|38 ACKs]13:13:12  Sending 64 directed DeAuth (code 7). STMAC: [FF:FF:FF:FF:FF:FF] [23|39 ACKs]13:13:12  Sending 64 directed DeAuth (code 7). STMAC: [FF:FF:FF:FF:FF:FF] [23|40 ACKs]13:13:12  Sending 64 directed DeAuth (code 7). STMAC: [FF:FF:FF:FF:FF:FF] [23|41 ACKs]13:13:12  Sending 64 directed DeAuth (code 7). STMAC: [FF:FF:FF:FF:FF:FF] [23|42 ACKs]13:13:12  Sending 64 directed DeAuth (code 7). STMAC: [FF:FF:FF:FF:FF:FF] [23|43 ACKs]13:13:12  Sending 64 directed DeAuth (code 7). STMAC: [FF:FF:FF:FF:FF:FF] [23|44 ACKs]13:13:12  Sending 64 directed DeAuth (code 7). STMAC: [FF:FF:FF:FF:FF:FF] [23|45 ACKs]13:13:12  Sending 64 directed DeAuth (code 7). STMAC: [FF:FF:FF:FF:FF:FF] [23|46 ACKs]13:13:12  Sending 64 directed DeAuth (code 7). STMAC: [FF:FF:FF:FF:FF:FF] [23|47 ACKs]13:13:12  Sending 64 directed DeAuth (code 7). STMAC: [FF:FF:FF:FF:FF:FF] [23|48 ACKs]13:13:12  Sending 64 directed DeAuth (code 7). STMAC: [FF:FF:FF:FF:FF:FF] [23|49 ACKs]13:13:12  Sending 64 directed DeAuth (code 7). STMAC: [FF:FF:FF:FF:FF:FF] [23|50 ACKs]13:13:12  Sending 64 directed DeAuth (code 7). STMAC: [FF:FF:FF:FF:FF:FF] [23|51 ACKs]13:13:12  Sending 64 directed DeAuth (code 7). STMAC: [FF:FF:FF:FF:FF:FF] [23|52 ACKs]13:13:12  Sending 64 directed DeAuth (code 7). STMAC: [FF:FF:FF:FF:FF:FF] [23|53 ACKs]13:13:12  Sending 64 directed DeAuth (code 7). STMAC: [FF:FF:FF:FF:FF:FF] [23|54 ACKs]13:13:12  Sending 64 directed DeAuth (code 7). STMAC: [FF:FF:FF:FF:FF:FF] [24|54 ACKs]13:13:12  Sending 64 directed DeAuth (code 7). STMAC: [FF:FF:FF:FF:FF:FF] [24|55 ACKs]13:13:12  Sending 64 directed DeAuth (code 7). STMAC: [FF:FF:FF:FF:FF:FF] [24|56 ACKs]13:13:12  Sending 64 directed DeAuth (code 7). STMAC: [FF:FF:FF:FF:FF:FF] [24|57 ACKs]13:13:12  Sending 64 directed DeAuth (code 7). STMAC: [FF:FF:FF:FF:FF:FF] [24|58 ACKs]13:13:12  Sending 64 directed DeAuth (code 7). STMAC: [FF:FF:FF:FF:FF:FF] [24|59 ACKs]13:13:12  Sending 64 directed DeAuth (code 7). STMAC: [FF:FF:FF:FF:FF:FF] [24|60 ACKs]13:13:12  Sending 64 directed DeAuth (code 7). STMAC: [FF:FF:FF:FF:FF:FF] [24|61 ACKs]13:13:12  Sending 64 directed DeAuth (code 7). STMAC: [FF:FF:FF:FF:FF:FF] [24|62 ACKs]13:13:12  Sending 64 directed DeAuth (code 7). STMAC: [FF:FF:FF:FF:FF:FF] [24|63 ACKs]13:13:12  Sending 64 directed DeAuth (code 7). STMAC: [FF:FF:FF:FF:FF:FF] [24|64 ACKs]
13:13:12  Sending 64 directed DeAuth (code 7). STMAC: [FF:FF:FF:FF:FF:FF] [ 0| 0 ACKs]13:13:12  Sending 64 directed DeAuth (code 7). STMAC: [FF:FF:FF:FF:FF:FF] [ 0| 1 ACKs]13:13:12  Sending 64 directed DeAuth (code 7). STMAC: [FF:FF:FF:FF:FF:FF] [ 0| 2 ACKs]13:13:12  Sending 64 directed DeAuth (code 7). STMAC: [FF:FF:FF:FF:FF:FF] [ 0| 3 ACKs]13:13:12  Sending 64 directed DeAuth (code 7). STMAC: [FF:FF:FF:FF:FF:FF] [ 0| 4 ACKs]13:13:12  Sending 64 directed DeAuth (code 7). STMAC: [FF:FF:FF:FF:FF:FF] [ 0| 5 ACKs]13:13:12  Sending 64 directed DeAuth (code 7). STMAC: [FF:FF:FF:FF:FF:FF] [ 0| 6 ACKs]13:13:12  Sending 64 directed DeAuth (code 7). STMAC: [FF:FF:FF:FF:FF:FF] [ 0| 7 ACKs]13:13:12  Sending 64 directed DeAuth (code 7). STMAC: [FF:FF:FF:FF:FF:FF] [ 0| 8 ACKs]13:13:12  Sending 64 directed DeAuth (code 7). STMAC: [FF:FF:FF:FF:FF:FF] [ 0| 9 ACKs]13:13:12  Sending 64 directed DeAuth (code 7). STMAC: [FF:FF:FF:FF:FF:FF] [ 0|10 ACKs]13:13:12  Sending 64 directed DeAuth (code 7). STMAC: [FF:FF:FF:FF:FF:FF] [ 0|11 ACKs]13:13:12  Sending 64 directed DeAuth (code 7). STMAC: [FF:FF:FF:FF:FF:FF] [ 0|12 ACKs]13:13:12  Sending 64 directed DeAuth (code 7). STMAC: [FF:FF:FF:FF:FF:FF] [ 0|13 ACKs]13:13:12  Sending 64 directed DeAuth (code 7). STMAC: [FF:FF:FF:FF:FF:FF] [ 1|13 ACKs]13:13:12  Sending 64 directed DeAuth (code 7). STMAC: [FF:FF:FF:FF:FF:FF] [ 1|14 ACKs]13:13:12  Sending 64 directed DeAuth (code 7). STMAC: [FF:FF:FF:FF:FF:FF] [ 1|15 ACKs]13:13:12  Sending 64 directed DeAuth (code 7). STMAC: [FF:FF:FF:FF:FF:FF] [ 1|16 ACKs]13:13:12  Sending 64 directed DeAuth (code 7). STMAC: [FF:FF:FF:FF:FF:FF] [ 1|17 ACKs]13:13:12  Sending 64 directed DeAuth (code 7). STMAC: [FF:FF:FF:FF:FF:FF] [ 1|18 ACKs]13:13:12  Sending 64 directed DeAuth (code 7). STMAC: [FF:FF:FF:FF:FF:FF] [ 1|19 ACKs]13:13:12  Sending 64 directed DeAuth (code 7). STMAC: [FF:FF:FF:FF:FF:FF] [ 1|20 ACKs]13:13:12  Sending 64 directed DeAuth (code 7). STMAC: [FF:FF:FF:FF:FF:FF] [ 1|21 ACKs]13:13:12  Sending 64 directed DeAuth (code 7). STMAC: [FF:FF:FF:FF:FF:FF] [ 1|22 ACKs]13:13:12  Sending 64 directed DeAuth (code 7). STMAC: [FF:FF:FF:FF:FF:FF] [ 1|23 ACKs]13:13:12  Sending 64 directed DeAuth (code 7). STMAC: [FF:FF:FF:FF:FF:FF] [ 1|24 ACKs]13:13:12  Sending 64 directed DeAuth (code 7). STMAC: [FF:FF:FF:FF:FF:FF] [ 1|25 ACKs]13:13:12  Sending 64 directed DeAuth (code 7). STMAC: [FF:FF:FF:FF:FF:FF] [ 1|26 ACKs]13:13:12  Sending 64 directed DeAuth (code 7). STMAC: [FF:FF:FF:FF:FF:FF] [ 1|27 ACKs]13:13:12  Sending 64 directed DeAuth (code 7). STMAC: [FF:FF:FF:FF:FF:FF] [ 1|28 ACKs]13:13:12  Sending 64 directed DeAuth (code 7). STMAC: [FF:FF:FF:FF:FF:FF] [ 1|29 ACKs]13:13:12  Sending 64 directed DeAuth (code 7). STMAC: [FF:FF:FF:FF:FF:FF] [ 1|30 ACKs]13:13:12  Sending 64 directed DeAuth (code 7). STMAC: [FF:FF:FF:FF:FF:FF] [ 1|31 ACKs]13:13:12  Sending 64 directed DeAuth (code 7). STMAC: [FF:FF:FF:FF:FF:FF] [ 1|32 ACKs]13:13:12  Sending 64 directed DeAuth (code 7). STMAC: [FF:FF:FF:FF:FF:FF] [ 1|33 ACKs]13:13:12  Sending 64 directed DeAuth (code 7). STMAC: [FF:FF:FF:FF:FF:FF] [ 1|34 ACKs]13:13:12  Sending 64 directed DeAuth (code 7). STMAC: [FF:FF:FF:FF:FF:FF] [ 1|35 ACKs]13:13:12  Sending 64 directed DeAuth (code 7). STMAC: [FF:FF:FF:FF:FF:FF] [ 1|36 ACKs]13:13:12  Sending 64 directed DeAuth (code 7). STMAC: [FF:FF:FF:FF:FF:FF] [ 1|37 ACKs]13:13:12  Sending 64 directed DeAuth (code 7). STMAC: [FF:FF:FF:FF:FF:FF] [ 1|38 ACKs]13:13:12  Sending 64 directed DeAuth (code 7). STMAC: [FF:FF:FF:FF:FF:FF] [ 1|39 ACKs]13:13:12  Sending 64 directed DeAuth (code 7). STMAC: [FF:FF:FF:FF:FF:FF] [ 1|40 ACKs]13:13:12  Sending 64 directed DeAuth (code 7). STMAC: [FF:FF:FF:FF:FF:FF] [ 1|41 ACKs]13:13:12  Sending 64 directed DeAuth (code 7). STMAC: [FF:FF:FF:FF:FF:FF] [ 1|42 ACKs]13:13:12  Sending 64 directed DeAuth (code 7). STMAC: [FF:FF:FF:FF:FF:FF] [ 1|43 ACKs]13:13:12  Sending 64 directed DeAuth (code 7). STMAC: [FF:FF:FF:FF:FF:FF] [ 1|44 ACKs]13:13:12  Sending 64 directed DeAuth (code 7). STMAC: [FF:FF:FF:FF:FF:FF] [ 1|45 ACKs]13:13:12  Sending 64 directed DeAuth (code 7). STMAC: [FF:FF:FF:FF:FF:FF] [ 1|46 ACKs]13:13:12  Sending 64 directed DeAuth (code 7). STMAC: [FF:FF:FF:FF:FF:FF] [ 1|47 ACKs]13:13:12  Sending 64 directed DeAuth (code 7). STMAC: [FF:FF:FF:FF:FF:FF] [ 1|48 ACKs]13:13:12  Sending 64 directed DeAuth (code 7). STMAC: [FF:FF:FF:FF:FF:FF] [ 1|49 ACKs]13:13:12  Sending 64 directed DeAuth (code 7). STMAC: [FF:FF:FF:FF:FF:FF] [ 1|50 ACKs]13:13:12  Sending 64 directed DeAuth (code 7). STMAC: [FF:FF:FF:FF:FF:FF] [ 1|51 ACKs]13:13:12  Sending 64 directed DeAuth (code 7). STMAC: [FF:FF:FF:FF:FF:FF] [ 1|52 ACKs]13:13:12  Sending 64 directed DeAuth (code 7). STMAC: [FF:FF:FF:FF:FF:FF] [ 1|53 ACKs]13:13:12  Sending 64 directed DeAuth (code 7). STMAC: [FF:FF:FF:FF:FF:FF] [ 1|54 ACKs]13:13:12  Sending 64 directed DeAuth (code 7). STMAC: [FF:FF:FF:FF:FF:FF] [ 1|55 ACKs]13:13:12  Sending 64 directed DeAuth (code 7). STMAC: [FF:FF:FF:FF:FF:FF] [ 1|56 ACKs]13:13:12  Sending 64 directed DeAuth (code 7). STMAC: [FF:FF:FF:FF:FF:FF] [ 1|57 ACKs]13:13:12  Sending 64 directed DeAuth (code 7). STMAC: [FF:FF:FF:FF:FF:FF] [ 1|58 ACKs]13:13:12  Sending 64 directed DeAuth (code 7). STMAC: [FF:FF:FF:FF:FF:FF] [ 1|59 ACKs]13:13:12  Sending 64 directed DeAuth (code 7). STMAC: [FF:FF:FF:FF:FF:FF] [ 1|60 ACKs]13:13:12  Sending 64 directed DeAuth (code 7). STMAC: [FF:FF:FF:FF:FF:FF] [ 2|60 ACKs]13:13:12  Sending 64 directed DeAuth (code 7). STMAC: [FF:FF:FF:FF:FF:FF] [ 2|61 ACKs]13:13:12  Sending 64 directed DeAuth (code 7). STMAC: [FF:FF:FF:FF:FF:FF] [ 2|62 ACKs]13:13:12  Sending 64 directed DeAuth (code 7). STMAC: [FF:FF:FF:FF:FF:FF] [ 2|63 ACKs]13:13:12  Sending 64 directed DeAuth (code 7). STMAC: [FF:FF:FF:FF:FF:FF] [ 2|64 ACKs]
13:13:13  Sending 64 directed DeAuth (code 7). STMAC: [FF:FF:FF:FF:FF:FF] [ 0| 0 ACKs]13:13:13  Sending 64 directed DeAuth (code 7). STMAC: [FF:FF:FF:FF:FF:FF] [ 0| 1 ACKs]13:13:13  Sending 64 directed DeAuth (code 7). STMAC: [FF:FF:FF:FF:FF:FF] [ 0| 2 ACKs]13:13:13  Sending 64 directed DeAuth (code 7). STMAC: [FF:FF:FF:FF:FF:FF] [ 0| 3 ACKs]13:13:13  Sending 64 directed DeAuth (code 7). STMAC: [FF:FF:FF:FF:FF:FF] [ 0| 4 ACKs]13:13:13  Sending 64 directed DeAuth (code 7). STMAC: [FF:FF:FF:FF:FF:FF] [ 0| 5 ACKs]13:13:13  Sending 64 directed DeAuth (code 7). STMAC: [FF:FF:FF:FF:FF:FF] [ 0| 6 ACKs]13:13:13  Sending 64 directed DeAuth (code 7). STMAC: [FF:FF:FF:FF:FF:FF] [ 0| 7 ACKs]13:13:13  Sending 64 directed DeAuth (code 7). STMAC: [FF:FF:FF:FF:FF:FF] [ 0| 8 ACKs]13:13:13  Sending 64 directed DeAuth (code 7). STMAC: [FF:FF:FF:FF:FF:FF] [ 0| 9 ACKs]13:13:13  Sending 64 directed DeAuth (code 7). STMAC: [FF:FF:FF:FF:FF:FF] [ 0|10 ACKs]13:13:13  Sending 64 directed DeAuth (code 7). STMAC: [FF:FF:FF:FF:FF:FF] [ 0|11 ACKs]13:13:13  Sending 64 directed DeAuth (code 7). STMAC: [FF:FF:FF:FF:FF:FF] [ 0|12 ACKs]13:13:13  Sending 64 directed DeAuth (code 7). STMAC: [FF:FF:FF:FF:FF:FF] [ 0|13 ACKs]13:13:13  Sending 64 directed DeAuth (code 7). STMAC: [FF:FF:FF:FF:FF:FF] [ 0|14 ACKs]13:13:13  Sending 64 directed DeAuth (code 7). STMAC: [FF:FF:FF:FF:FF:FF] [ 0|15 ACKs]13:13:13  Sending 64 directed DeAuth (code 7). STMAC: [FF:FF:FF:FF:FF:FF] [ 0|16 ACKs]13:13:13  Sending 64 directed DeAuth (code 7). STMAC: [FF:FF:FF:FF:FF:FF] [ 0|17 ACKs]13:13:13  Sending 64 directed DeAuth (code 7). STMAC: [FF:FF:FF:FF:FF:FF] [ 0|18 ACKs]13:13:13  Sending 64 directed DeAuth (code 7). STMAC: [FF:FF:FF:FF:FF:FF] [ 0|19 ACKs]13:13:13  Sending 64 directed DeAuth (code 7). STMAC: [FF:FF:FF:FF:FF:FF] [ 0|20 ACKs]13:13:13  Sending 64 directed DeAuth (code 7). STMAC: [FF:FF:FF:FF:FF:FF] [ 0|21 ACKs]13:13:13  Sending 64 directed DeAuth (code 7). STMAC: [FF:FF:FF:FF:FF:FF] [ 0|22 ACKs]13:13:13  Sending 64 directed DeAuth (code 7). STMAC: [FF:FF:FF:FF:FF:FF] [ 0|23 ACKs]13:13:13  Sending 64 directed DeAuth (code 7). STMAC: [FF:FF:FF:FF:FF:FF] [ 0|24 ACKs]13:13:13  Sending 64 directed DeAuth (code 7). STMAC: [FF:FF:FF:FF:FF:FF] [ 0|25 ACKs]13:13:13  Sending 64 directed DeAuth (code 7). STMAC: [FF:FF:FF:FF:FF:FF] [ 0|26 ACKs]13:13:13  Sending 64 directed DeAuth (code 7). STMAC: [FF:FF:FF:FF:FF:FF] [ 0|27 ACKs]13:13:13  Sending 64 directed DeAuth (code 7). STMAC: [FF:FF:FF:FF:FF:FF] [ 0|28 ACKs]13:13:13  Sending 64 directed DeAuth (code 7). STMAC: [FF:FF:FF:FF:FF:FF] [ 0|29 ACKs]13:13:13  Sending 64 directed DeAuth (code 7). STMAC: [FF:FF:FF:FF:FF:FF] [ 0|30 ACKs]13:13:13  Sending 64 directed DeAuth (code 7). STMAC: [FF:FF:FF:FF:FF:FF] [ 0|31 ACKs]13:13:13  Sending 64 directed DeAuth (code 7). STMAC: [FF:FF:FF:FF:FF:FF] [ 0|32 ACKs]13:13:13  Sending 64 directed DeAuth (code 7). STMAC: [FF:FF:FF:FF:FF:FF] [ 0|33 ACKs]13:13:13  Sending 64 directed DeAuth (code 7). STMAC: [FF:FF:FF:FF:FF:FF] [ 0|34 ACKs]13:13:13  Sending 64 directed DeAuth (code 7). STMAC: [FF:FF:FF:FF:FF:FF] [ 0|35 ACKs]13:13:13  Sending 64 directed DeAuth (code 7). STMAC: [FF:FF:FF:FF:FF:FF] [ 1|35 ACKs]13:13:13  Sending 64 directed DeAuth (code 7). STMAC: [FF:FF:FF:FF:FF:FF] [ 1|36 ACKs]13:13:13  Sending 64 directed DeAuth (code 7). STMAC: [FF:FF:FF:FF:FF:FF] [ 1|36 ACKs]13:13:13  Sending 64 directed DeAuth (code 7). STMAC: [FF:FF:FF:FF:FF:FF] [ 2|36 ACKs]13:13:13  Sending 64 directed DeAuth (code 7). STMAC: [FF:FF:FF:FF:FF:FF] [ 2|37 ACKs]13:13:13  Sending 64 directed DeAuth (code 7). STMAC: [FF:FF:FF:FF:FF:FF] [ 2|38 ACKs]13:13:13  Sending 64 directed DeAuth (code 7). STMAC: [FF:FF:FF:FF:FF:FF] [ 2|39 ACKs]13:13:13  Sending 64 directed DeAuth (code 7). STMAC: [FF:FF:FF:FF:FF:FF] [ 2|40 ACKs]13:13:13  Sending 64 directed DeAuth (code 7). STMAC: [FF:FF:FF:FF:FF:FF] [ 2|41 ACKs]13:13:13  Sending 64 directed DeAuth (code 7). STMAC: [FF:FF:FF:FF:FF:FF] [ 3|41 ACKs]13:13:13  Sending 64 directed DeAuth (code 7). STMAC: [FF:FF:FF:FF:FF:FF] [ 3|42 ACKs]13:13:13  Sending 64 directed DeAuth (code 7). STMAC: [FF:FF:FF:FF:FF:FF] [ 3|43 ACKs]13:13:13  Sending 64 directed DeAuth (code 7). STMAC: [FF:FF:FF:FF:FF:FF] [ 3|44 ACKs]13:13:13  Sending 64 directed DeAuth (code 7). STMAC: [FF:FF:FF:FF:FF:FF] [ 3|45 ACKs]13:13:13  Sending 64 directed DeAuth (code 7). STMAC: [FF:FF:FF:FF:FF:FF] [ 3|46 ACKs]13:13:13  Sending 64 directed DeAuth (code 7). STMAC: [FF:FF:FF:FF:FF:FF] [ 3|47 ACKs]13:13:13  Sending 64 directed DeAuth (code 7). STMAC: [FF:FF:FF:FF:FF:FF] [ 3|47 ACKs]13:13:13  Sending 64 directed DeAuth (code 7). STMAC: [FF:FF:FF:FF:FF:FF] [ 3|48 ACKs]13:13:13  Sending 64 directed DeAuth (code 7). STMAC: [FF:FF:FF:FF:FF:FF] [ 3|49 ACKs]13:13:13  Sending 64 directed DeAuth (code 7). STMAC: [FF:FF:FF:FF:FF:FF] [ 3|50 ACKs]13:13:13  Sending 64 directed DeAuth (code 7). STMAC: [FF:FF:FF:FF:FF:FF] [ 3|51 ACKs]13:13:13  Sending 64 directed DeAuth (code 7). STMAC: [FF:FF:FF:FF:FF:FF] [ 3|52 ACKs]13:13:13  Sending 64 directed DeAuth (code 7). STMAC: [FF:FF:FF:FF:FF:FF] [ 3|53 ACKs]13:13:13  Sending 64 directed DeAuth (code 7). STMAC: [FF:FF:FF:FF:FF:FF] [ 3|54 ACKs]13:13:13  Sending 64 directed DeAuth (code 7). STMAC: [FF:FF:FF:FF:FF:FF] [ 3|55 ACKs]13:13:13  Sending 64 directed DeAuth (code 7). STMAC: [FF:FF:FF:FF:FF:FF] [ 3|56 ACKs]13:13:13  Sending 64 directed DeAuth (code 7). STMAC: [FF:FF:FF:FF:FF:FF] [ 3|57 ACKs]13:13:13  Sending 64 directed DeAuth (code 7). STMAC: [FF:FF:FF:FF:FF:FF] [ 3|58 ACKs]13:13:13  Sending 64 directed DeAuth (code 7). STMAC: [FF:FF:FF:FF:FF:FF] [ 3|59 ACKs]13:13:13  Sending 64 directed DeAuth (code 7). STMAC: [FF:FF:FF:FF:FF:FF] [ 3|60 ACKs]13:13:13  Sending 64 directed DeAuth (code 7). STMAC: [FF:FF:FF:FF:FF:FF] [ 3|61 ACKs]13:13:13  Sending 64 directed DeAuth (code 7). STMAC: [FF:FF:FF:FF:FF:FF] [ 3|62 ACKs]13:13:13  Sending 64 directed DeAuth (code 7). STMAC: [FF:FF:FF:FF:FF:FF] [ 3|63 ACKs]13:13:13  Sending 64 directed DeAuth (code 7). STMAC: [FF:FF:FF:FF:FF:FF] [ 3|64 ACKs]
13:13:13  Sending 64 directed DeAuth (code 7). STMAC: [FF:FF:FF:FF:FF:FF] [ 0| 0 ACKs]13:13:13  Sending 64 directed DeAuth (code 7). STMAC: [FF:FF:FF:FF:FF:FF] [ 1| 0 ACKs]13:13:13  Sending 64 directed DeAuth (code 7). STMAC: [FF:FF:FF:FF:FF:FF] [ 2| 0 ACKs]13:13:13  Sending 64 directed DeAuth (code 7). STMAC: [FF:FF:FF:FF:FF:FF] [ 2| 1 ACKs]13:13:13  Sending 64 directed DeAuth (code 7). STMAC: [FF:FF:FF:FF:FF:FF] [ 2| 2 ACKs]13:13:13  Sending 64 directed DeAuth (code 7). STMAC: [FF:FF:FF:FF:FF:FF] [ 2| 3 ACKs]13:13:13  Sending 64 directed DeAuth (code 7). STMAC: [FF:FF:FF:FF:FF:FF] [ 2| 4 ACKs]13:13:13  Sending 64 directed DeAuth (code 7). STMAC: [FF:FF:FF:FF:FF:FF] [ 2| 5 ACKs]13:13:13  Sending 64 directed DeAuth (code 7). STMAC: [FF:FF:FF:FF:FF:FF] [ 2| 6 ACKs]13:13:13  Sending 64 directed DeAuth (code 7). STMAC: [FF:FF:FF:FF:FF:FF] [ 2| 7 ACKs]13:13:13  Sending 64 directed DeAuth (code 7). STMAC: [FF:FF:FF:FF:FF:FF] [ 2| 7 ACKs]13:13:13  Sending 64 directed DeAuth (code 7). STMAC: [FF:FF:FF:FF:FF:FF] [ 2| 8 ACKs]13:13:13  Sending 64 directed DeAuth (code 7). STMAC: [FF:FF:FF:FF:FF:FF] [ 3| 8 ACKs]13:13:13  Sending 64 directed DeAuth (code 7). STMAC: [FF:FF:FF:FF:FF:FF] [ 3| 9 ACKs]13:13:13  Sending 64 directed DeAuth (code 7). STMAC: [FF:FF:FF:FF:FF:FF] [ 4| 9 ACKs]13:13:13  Sending 64 directed DeAuth (code 7). STMAC: [FF:FF:FF:FF:FF:FF] [ 4|10 ACKs]13:13:13  Sending 64 directed DeAuth (code 7). STMAC: [FF:FF:FF:FF:FF:FF] [ 5|10 ACKs]13:13:13  Sending 64 directed DeAuth (code 7). STMAC: [FF:FF:FF:FF:FF:FF] [ 5|11 ACKs]13:13:13  Sending 64 directed DeAuth (code 7). STMAC: [FF:FF:FF:FF:FF:FF] [ 5|12 ACKs]13:13:13  Sending 64 directed DeAuth (code 7). STMAC: [FF:FF:FF:FF:FF:FF] [ 6|12 ACKs]13:13:13  Sending 64 directed DeAuth (code 7). STMAC: [FF:FF:FF:FF:FF:FF] [ 6|13 ACKs]13:13:13  Sending 64 directed DeAuth (code 7). STMAC: [FF:FF:FF:FF:FF:FF] [ 7|13 ACKs]13:13:13  Sending 64 directed DeAuth (code 7). STMAC: [FF:FF:FF:FF:FF:FF] [ 7|14 ACKs]13:13:13  Sending 64 directed DeAuth (code 7). STMAC: [FF:FF:FF:FF:FF:FF] [ 8|14 ACKs]13:13:13  Sending 64 directed DeAuth (code 7). STMAC: [FF:FF:FF:FF:FF:FF] [ 8|15 ACKs]13:13:13  Sending 64 directed DeAuth (code 7). STMAC: [FF:FF:FF:FF:FF:FF] [ 9|15 ACKs]13:13:13  Sending 64 directed DeAuth (code 7). STMAC: [FF:FF:FF:FF:FF:FF] [ 9|16 ACKs]13:13:13  Sending 64 directed DeAuth (code 7). STMAC: [FF:FF:FF:FF:FF:FF] [10|16 ACKs]13:13:13  Sending 64 directed DeAuth (code 7). STMAC: [FF:FF:FF:FF:FF:FF] [10|17 ACKs]13:13:13  Sending 64 directed DeAuth (code 7). STMAC: [FF:FF:FF:FF:FF:FF] [10|18 ACKs]13:13:13  Sending 64 directed DeAuth (code 7). STMAC: [FF:FF:FF:FF:FF:FF] [11|18 ACKs]13:13:13  Sending 64 directed DeAuth (code 7). STMAC: [FF:FF:FF:FF:FF:FF] [11|19 ACKs]13:13:13  Sending 64 directed DeAuth (code 7). STMAC: [FF:FF:FF:FF:FF:FF] [12|19 ACKs]13:13:13  Sending 64 directed DeAuth (code 7). STMAC: [FF:FF:FF:FF:FF:FF] [12|20 ACKs]13:13:13  Sending 64 directed DeAuth (code 7). STMAC: [FF:FF:FF:FF:FF:FF] [13|20 ACKs]13:13:13  Sending 64 directed DeAuth (code 7). STMAC: [FF:FF:FF:FF:FF:FF] [13|21 ACKs]13:13:13  Sending 64 directed DeAuth (code 7). STMAC: [FF:FF:FF:FF:FF:FF] [14|21 ACKs]13:13:13  Sending 64 directed DeAuth (code 7). STMAC: [FF:FF:FF:FF:FF:FF] [14|22 ACKs]13:13:13  Sending 64 directed DeAuth (code 7). STMAC: [FF:FF:FF:FF:FF:FF] [15|22 ACKs]13:13:13  Sending 64 directed DeAuth (code 7). STMAC: [FF:FF:FF:FF:FF:FF] [15|23 ACKs]13:13:13  Sending 64 directed DeAuth (code 7). STMAC: [FF:FF:FF:FF:FF:FF] [15|24 ACKs]13:13:13  Sending 64 directed DeAuth (code 7). STMAC: [FF:FF:FF:FF:FF:FF] [16|24 ACKs]13:13:13  Sending 64 directed DeAuth (code 7). STMAC: [FF:FF:FF:FF:FF:FF] [16|25 ACKs]13:13:13  Sending 64 directed DeAuth (code 7). STMAC: [FF:FF:FF:FF:FF:FF] [17|25 ACKs]13:13:13  Sending 64 directed DeAuth (code 7). STMAC: [FF:FF:FF:FF:FF:FF] [17|26 ACKs]13:13:13  Sending 64 directed DeAuth (code 7). STMAC: [FF:FF:FF:FF:FF:FF] [18|26 ACKs]13:13:13  Sending 64 directed DeAuth (code 7). STMAC: [FF:FF:FF:FF:FF:FF] [18|27 ACKs]13:13:13  Sending 64 directed DeAuth (code 7). STMAC: [FF:FF:FF:FF:FF:FF] [19|27 ACKs]13:13:13  Sending 64 directed DeAuth (code 7). STMAC: [FF:FF:FF:FF:FF:FF] [19|28 ACKs]13:13:13  Sending 64 directed DeAuth (code 7). STMAC: [FF:FF:FF:FF:FF:FF] [20|28 ACKs]13:13:13  Sending 64 directed DeAuth (code 7). STMAC: [FF:FF:FF:FF:FF:FF] [20|29 ACKs]13:13:13  Sending 64 directed DeAuth (code 7). STMAC: [FF:FF:FF:FF:FF:FF] [21|29 ACKs]13:13:13  Sending 64 directed DeAuth (code 7). STMAC: [FF:FF:FF:FF:FF:FF] [21|30 ACKs]13:13:13  Sending 64 directed DeAuth (code 7). STMAC: [FF:FF:FF:FF:FF:FF] [21|31 ACKs]13:13:13  Sending 64 directed DeAuth (code 7). STMAC: [FF:FF:FF:FF:FF:FF] [22|31 ACKs]13:13:13  Sending 64 directed DeAuth (code 7). STMAC: [FF:FF:FF:FF:FF:FF] [22|32 ACKs]13:13:13  Sending 64 directed DeAuth (code 7). STMAC: [FF:FF:FF:FF:FF:FF] [22|33 ACKs]13:13:13  Sending 64 directed DeAuth (code 7). STMAC: [FF:FF:FF:FF:FF:FF] [23|33 ACKs]13:13:13  Sending 64 directed DeAuth (code 7). STMAC: [FF:FF:FF:FF:FF:FF] [23|34 ACKs]13:13:13  Sending 64 directed DeAuth (code 7). STMAC: [FF:FF:FF:FF:FF:FF] [24|34 ACKs]13:13:13  Sending 64 directed DeAuth (code 7). STMAC: [FF:FF:FF:FF:FF:FF] [24|34 ACKs]13:13:13  Sending 64 directed DeAuth (code 7). STMAC: [FF:FF:FF:FF:FF:FF] [24|35 ACKs]13:13:13  Sending 64 directed DeAuth (code 7). STMAC: [FF:FF:FF:FF:FF:FF] [24|36 ACKs]13:13:13  Sending 64 directed DeAuth (code 7). STMAC: [FF:FF:FF:FF:FF:FF] [24|37 ACKs]13:13:13  Sending 64 directed DeAuth (code 7). STMAC: [FF:FF:FF:FF:FF:FF] [24|38 ACKs]13:13:13  Sending 64 directed DeAuth (code 7). STMAC: [FF:FF:FF:FF:FF:FF] [24|39 ACKs]13:13:13  Sending 64 directed DeAuth (code 7). STMAC: [FF:FF:FF:FF:FF:FF] [24|40 ACKs]13:13:13  Sending 64 directed DeAuth (code 7). STMAC: [FF:FF:FF:FF:FF:FF] [24|41 ACKs]13:13:14  Sending 64 directed DeAuth (code 7). STMAC: [FF:FF:FF:FF:FF:FF] [24|42 ACKs]13:13:14  Sending 64 directed DeAuth (code 7). STMAC: [FF:FF:FF:FF:FF:FF] [24|43 ACKs]13:13:14  Sending 64 directed DeAuth (code 7). STMAC: [FF:FF:FF:FF:FF:FF] [24|44 ACKs]13:13:14  Sending 64 directed DeAuth (code 7). STMAC: [FF:FF:FF:FF:FF:FF] [24|45 ACKs]13:13:14  Sending 64 directed DeAuth (code 7). STMAC: [FF:FF:FF:FF:FF:FF] [24|46 ACKs]13:13:14  Sending 64 directed DeAuth (code 7). STMAC: [FF:FF:FF:FF:FF:FF] [24|46 ACKs]13:13:14  Sending 64 directed DeAuth (code 7). STMAC: [FF:FF:FF:FF:FF:FF] [24|46 ACKs]13:13:14  Sending 64 directed DeAuth (code 7). STMAC: [FF:FF:FF:FF:FF:FF] [25|46 ACKs]13:13:14  Sending 64 directed DeAuth (code 7). STMAC: [FF:FF:FF:FF:FF:FF] [25|47 ACKs]13:13:14  Sending 64 directed DeAuth (code 7). STMAC: [FF:FF:FF:FF:FF:FF] [26|47 ACKs]13:13:14  Sending 64 directed DeAuth (code 7). STMAC: [FF:FF:FF:FF:FF:FF] [26|48 ACKs]13:13:14  Sending 64 directed DeAuth (code 7). STMAC: [FF:FF:FF:FF:FF:FF] [27|48 ACKs]13:13:14  Sending 64 directed DeAuth (code 7). STMAC: [FF:FF:FF:FF:FF:FF] [27|49 ACKs]13:13:14  Sending 64 directed DeAuth (code 7). STMAC: [FF:FF:FF:FF:FF:FF] [28|49 ACKs]13:13:14  Sending 64 directed DeAuth (code 7). STMAC: [FF:FF:FF:FF:FF:FF] [28|50 ACKs]13:13:14  Sending 64 directed DeAuth (code 7). STMAC: [FF:FF:FF:FF:FF:FF] [29|50 ACKs]13:13:14  Sending 64 directed DeAuth (code 7). STMAC: [FF:FF:FF:FF:FF:FF] [29|51 ACKs]13:13:14  Sending 64 directed DeAuth (code 7). STMAC: [FF:FF:FF:FF:FF:FF] [29|52 ACKs]13:13:14  Sending 64 directed DeAuth (code 7). STMAC: [FF:FF:FF:FF:FF:FF] [30|52 ACKs]13:13:14  Sending 64 directed DeAuth (code 7). STMAC: [FF:FF:FF:FF:FF:FF] [30|53 ACKs]13:13:14  Sending 64 directed DeAuth (code 7). STMAC: [FF:FF:FF:FF:FF:FF] [31|53 ACKs]13:13:14  Sending 64 directed DeAuth (code 7). STMAC: [FF:FF:FF:FF:FF:FF] [31|54 ACKs]13:13:14  Sending 64 directed DeAuth (code 7). STMAC: [FF:FF:FF:FF:FF:FF] [31|55 ACKs]13:13:14  Sending 64 directed DeAuth (code 7). STMAC: [FF:FF:FF:FF:FF:FF] [32|55 ACKs]13:13:14  Sending 64 directed DeAuth (code 7). STMAC: [FF:FF:FF:FF:FF:FF] [32|56 ACKs]13:13:14  Sending 64 directed DeAuth (code 7). STMAC: [FF:FF:FF:FF:FF:FF] [32|57 ACKs]13:13:14  Sending 64 directed DeAuth (code 7). STMAC: [FF:FF:FF:FF:FF:FF] [33|57 ACKs]13:13:14  Sending 64 directed DeAuth (code 7). STMAC: [FF:FF:FF:FF:FF:FF] [34|57 ACKs]13:13:14  Sending 64 directed DeAuth (code 7). STMAC: [FF:FF:FF:FF:FF:FF] [34|58 ACKs]13:13:14  Sending 64 directed DeAuth (code 7). STMAC: [FF:FF:FF:FF:FF:FF] [35|58 ACKs]13:13:14  Sending 64 directed DeAuth (code 7). STMAC: [FF:FF:FF:FF:FF:FF] [35|59 ACKs]13:13:14  Sending 64 directed DeAuth (code 7). STMAC: [FF:FF:FF:FF:FF:FF] [36|59 ACKs]13:13:14  Sending 64 directed DeAuth (code 7). STMAC: [FF:FF:FF:FF:FF:FF] [36|60 ACKs]13:13:14  Sending 64 directed DeAuth (code 7). STMAC: [FF:FF:FF:FF:FF:FF] [36|61 ACKs]13:13:14  Sending 64 directed DeAuth (code 7). STMAC: [FF:FF:FF:FF:FF:FF] [36|62 ACKs]13:13:14  Sending 64 directed DeAuth (code 7). STMAC: [FF:FF:FF:FF:FF:FF] [37|62 ACKs]13:13:14  Sending 64 directed DeAuth (code 7). STMAC: [FF:FF:FF:FF:FF:FF] [37|63 ACKs]13:13:14  Sending 64 directed DeAuth (code 7). STMAC: [FF:FF:FF:FF:FF:FF] [38|63 ACKs]13:13:14  Sending 64 directed DeAuth (code 7). STMAC: [FF:FF:FF:FF:FF:FF] [38|64 ACKs]
13:13:14  Sending 64 directed DeAuth (code 7). STMAC: [FF:FF:FF:FF:FF:FF] [ 0| 0 ACKs]13:13:14  Sending 64 directed DeAuth (code 7). STMAC: [FF:FF:FF:FF:FF:FF] [ 0| 0 ACKs]13:13:14  Sending 64 directed DeAuth (code 7). STMAC: [FF:FF:FF:FF:FF:FF] [ 0| 0 ACKs]13:13:14  Sending 64 directed DeAuth (code 7). STMAC: [FF:FF:FF:FF:FF:FF] [ 0| 0 ACKs]13:13:14  Sending 64 directed DeAuth (code 7). STMAC: [FF:FF:FF:FF:FF:FF] [ 0| 1 ACKs]13:13:14  Sending 64 directed DeAuth (code 7). STMAC: [FF:FF:FF:FF:FF:FF] [ 0| 2 ACKs]13:13:14  Sending 64 directed DeAuth (code 7). STMAC: [FF:FF:FF:FF:FF:FF] [ 1| 2 ACKs]13:13:14  Sending 64 directed DeAuth (code 7). STMAC: [FF:FF:FF:FF:FF:FF] [ 1| 3 ACKs]13:13:14  Sending 64 directed DeAuth (code 7). STMAC: [FF:FF:FF:FF:FF:FF] [ 1| 4 ACKs]13:13:14  Sending 64 directed DeAuth (code 7). STMAC: [FF:FF:FF:FF:FF:FF] [ 2| 4 ACKs]13:13:14  Sending 64 directed DeAuth (code 7). STMAC: [FF:FF:FF:FF:FF:FF] [ 2| 5 ACKs]13:13:14  Sending 64 directed DeAuth (code 7). STMAC: [FF:FF:FF:FF:FF:FF] [ 3| 5 ACKs]13:13:14  Sending 64 directed DeAuth (code 7). STMAC: [FF:FF:FF:FF:FF:FF] [ 3| 6 ACKs]13:13:14  Sending 64 directed DeAuth (code 7). STMAC: [FF:FF:FF:FF:FF:FF] [ 4| 6 ACKs]13:13:14  Sending 64 directed DeAuth (code 7). STMAC: [FF:FF:FF:FF:FF:FF] [ 4| 7 ACKs]13:13:14  Sending 64 directed DeAuth (code 7). STMAC: [FF:FF:FF:FF:FF:FF] [ 5| 7 ACKs]13:13:14  Sending 64 directed DeAuth (code 7). STMAC: [FF:FF:FF:FF:FF:FF] [ 5| 8 ACKs]13:13:14  Sending 64 directed DeAuth (code 7). STMAC: [FF:FF:FF:FF:FF:FF] [ 6| 8 ACKs]13:13:14  Sending 64 directed DeAuth (code 7). STMAC: [FF:FF:FF:FF:FF:FF] [ 6| 9 ACKs]13:13:14  Sending 64 directed DeAuth (code 7). STMAC: [FF:FF:FF:FF:FF:FF] [ 7| 9 ACKs]13:13:14  Sending 64 directed DeAuth (code 7). STMAC: [FF:FF:FF:FF:FF:FF] [ 7|10 ACKs]13:13:14  Sending 64 directed DeAuth (code 7). STMAC: [FF:FF:FF:FF:FF:FF] [ 8|10 ACKs]13:13:14  Sending 64 directed DeAuth (code 7). STMAC: [FF:FF:FF:FF:FF:FF] [ 8|11 ACKs]13:13:14  Sending 64 directed DeAuth (code 7). STMAC: [FF:FF:FF:FF:FF:FF] [ 9|11 ACKs]13:13:14  Sending 64 directed DeAuth (code 7). STMAC: [FF:FF:FF:FF:FF:FF] [ 9|12 ACKs]13:13:14  Sending 64 directed DeAuth (code 7). STMAC: [FF:FF:FF:FF:FF:FF] [10|12 ACKs]13:13:14  Sending 64 directed DeAuth (code 7). STMAC: [FF:FF:FF:FF:FF:FF] [10|13 ACKs]13:13:14  Sending 64 directed DeAuth (code 7). STMAC: [FF:FF:FF:FF:FF:FF] [11|13 ACKs]13:13:14  Sending 64 directed DeAuth (code 7). STMAC: [FF:FF:FF:FF:FF:FF] [11|14 ACKs]13:13:14  Sending 64 directed DeAuth (code 7). STMAC: [FF:FF:FF:FF:FF:FF] [12|14 ACKs]13:13:14  Sending 64 directed DeAuth (code 7). STMAC: [FF:FF:FF:FF:FF:FF] [12|15 ACKs]13:13:14  Sending 64 directed DeAuth (code 7). STMAC: [FF:FF:FF:FF:FF:FF] [12|16 ACKs]13:13:14  Sending 64 directed DeAuth (code 7). STMAC: [FF:FF:FF:FF:FF:FF] [12|17 ACKs]13:13:14  Sending 64 directed DeAuth (code 7). STMAC: [FF:FF:FF:FF:FF:FF] [12|17 ACKs]13:13:14  Sending 64 directed DeAuth (code 7). STMAC: [FF:FF:FF:FF:FF:FF] [12|18 ACKs]13:13:14  Sending 64 directed DeAuth (code 7). STMAC: [FF:FF:FF:FF:FF:FF] [12|19 ACKs]13:13:14  Sending 64 directed DeAuth (code 7). STMAC: [FF:FF:FF:FF:FF:FF] [12|20 ACKs]13:13:14  Sending 64 directed DeAuth (code 7). STMAC: [FF:FF:FF:FF:FF:FF] [12|21 ACKs]13:13:14  Sending 64 directed DeAuth (code 7). STMAC: [FF:FF:FF:FF:FF:FF] [12|22 ACKs]13:13:14  Sending 64 directed DeAuth (code 7). STMAC: [FF:FF:FF:FF:FF:FF] [12|23 ACKs]13:13:14  Sending 64 directed DeAuth (code 7). STMAC: [FF:FF:FF:FF:FF:FF] [12|24 ACKs]13:13:14  Sending 64 directed DeAuth (code 7). STMAC: [FF:FF:FF:FF:FF:FF] [12|25 ACKs]13:13:14  Sending 64 directed DeAuth (code 7). STMAC: [FF:FF:FF:FF:FF:FF] [12|26 ACKs]13:13:14  Sending 64 directed DeAuth (code 7). STMAC: [FF:FF:FF:FF:FF:FF] [12|27 ACKs]13:13:14  Sending 64 directed DeAuth (code 7). STMAC: [FF:FF:FF:FF:FF:FF] [12|28 ACKs]13:13:14  Sending 64 directed DeAuth (code 7). STMAC: [FF:FF:FF:FF:FF:FF] [12|29 ACKs]13:13:14  Sending 64 directed DeAuth (code 7). STMAC: [FF:FF:FF:FF:FF:FF] [12|30 ACKs]13:13:14  Sending 64 directed DeAuth (code 7). STMAC: [FF:FF:FF:FF:FF:FF] [12|31 ACKs]13:13:14  Sending 64 directed DeAuth (code 7). STMAC: [FF:FF:FF:FF:FF:FF] [12|32 ACKs]13:13:14  Sending 64 directed DeAuth (code 7). STMAC: [FF:FF:FF:FF:FF:FF] [12|33 ACKs]13:13:14  Sending 64 directed DeAuth (code 7). STMAC: [FF:FF:FF:FF:FF:FF] [12|34 ACKs]13:13:14  Sending 64 directed DeAuth (code 7). STMAC: [FF:FF:FF:FF:FF:FF] [12|35 ACKs]13:13:14  Sending 64 directed DeAuth (code 7). STMAC: [FF:FF:FF:FF:FF:FF] [12|36 ACKs]13:13:14  Sending 64 directed DeAuth (code 7). STMAC: [FF:FF:FF:FF:FF:FF] [12|37 ACKs]13:13:14  Sending 64 directed DeAuth (code 7). STMAC: [FF:FF:FF:FF:FF:FF] [12|38 ACKs]13:13:14  Sending 64 directed DeAuth (code 7). STMAC: [FF:FF:FF:FF:FF:FF] [12|39 ACKs]13:13:14  Sending 64 directed DeAuth (code 7). STMAC: [FF:FF:FF:FF:FF:FF] [12|40 ACKs]13:13:14  Sending 64 directed DeAuth (code 7). STMAC: [FF:FF:FF:FF:FF:FF] [12|41 ACKs]13:13:14  Sending 64 directed DeAuth (code 7). STMAC: [FF:FF:FF:FF:FF:FF] [12|42 ACKs]13:13:14  Sending 64 directed DeAuth (code 7). STMAC: [FF:FF:FF:FF:FF:FF] [12|43 ACKs]13:13:14  Sending 64 directed DeAuth (code 7). STMAC: [FF:FF:FF:FF:FF:FF] [12|44 ACKs]13:13:14  Sending 64 directed DeAuth (code 7). STMAC: [FF:FF:FF:FF:FF:FF] [12|45 ACKs]13:13:14  Sending 64 directed DeAuth (code 7). STMAC: [FF:FF:FF:FF:FF:FF] [12|46 ACKs]13:13:14  Sending 64 directed DeAuth (code 7). STMAC: [FF:FF:FF:FF:FF:FF] [12|47 ACKs]13:13:14  Sending 64 directed DeAuth (code 7). STMAC: [FF:FF:FF:FF:FF:FF] [12|48 ACKs]13:13:14  Sending 64 directed DeAuth (code 7). STMAC: [FF:FF:FF:FF:FF:FF] [12|49 ACKs]13:13:14  Sending 64 directed DeAuth (code 7). STMAC: [FF:FF:FF:FF:FF:FF] [12|50 ACKs]13:13:14  Sending 64 directed DeAuth (code 7). STMAC: [FF:FF:FF:FF:FF:FF] [12|51 ACKs]13:13:14  Sending 64 directed DeAuth (code 7). STMAC: [FF:FF:FF:FF:FF:FF] [12|52 ACKs]13:13:14  Sending 64 directed DeAuth (code 7). STMAC: [FF:FF:FF:FF:FF:FF] [12|53 ACKs]13:13:14  Sending 64 directed DeAuth (code 7). STMAC: [FF:FF:FF:FF:FF:FF] [13|53 ACKs]13:13:14  Sending 64 directed DeAuth (code 7). STMAC: [FF:FF:FF:FF:FF:FF] [13|54 ACKs]13:13:14  Sending 64 directed DeAuth (code 7). STMAC: [FF:FF:FF:FF:FF:FF] [14|54 ACKs]13:13:14  Sending 64 directed DeAuth (code 7). STMAC: [FF:FF:FF:FF:FF:FF] [14|55 ACKs]13:13:14  Sending 64 directed DeAuth (code 7). STMAC: [FF:FF:FF:FF:FF:FF] [15|55 ACKs]13:13:14  Sending 64 directed DeAuth (code 7). STMAC: [FF:FF:FF:FF:FF:FF] [15|56 ACKs]13:13:14  Sending 64 directed DeAuth (code 7). STMAC: [FF:FF:FF:FF:FF:FF] [16|56 ACKs]13:13:14  Sending 64 directed DeAuth (code 7). STMAC: [FF:FF:FF:FF:FF:FF] [16|57 ACKs]13:13:14  Sending 64 directed DeAuth (code 7). STMAC: [FF:FF:FF:FF:FF:FF] [16|58 ACKs]13:13:14  Sending 64 directed DeAuth (code 7). STMAC: [FF:FF:FF:FF:FF:FF] [17|58 ACKs]13:13:14  Sending 64 directed DeAuth (code 7). STMAC: [FF:FF:FF:FF:FF:FF] [17|59 ACKs]13:13:14  Sending 64 directed DeAuth (code 7). STMAC: [FF:FF:FF:FF:FF:FF] [18|59 ACKs]13:13:14  Sending 64 directed DeAuth (code 7). STMAC: [FF:FF:FF:FF:FF:FF] [18|60 ACKs]13:13:14  Sending 64 directed DeAuth (code 7). STMAC: [FF:FF:FF:FF:FF:FF] [19|60 ACKs]13:13:14  Sending 64 directed DeAuth (code 7). STMAC: [FF:FF:FF:FF:FF:FF] [19|61 ACKs]13:13:14  Sending 64 directed DeAuth (code 7). STMAC: [FF:FF:FF:FF:FF:FF] [20|61 ACKs]13:13:14  Sending 64 directed DeAuth (code 7). STMAC: [FF:FF:FF:FF:FF:FF] [20|62 ACKs]13:13:14  Sending 64 directed DeAuth (code 7). STMAC: [FF:FF:FF:FF:FF:FF] [21|62 ACKs]13:13:14  Sending 64 directed DeAuth (code 7). STMAC: [FF:FF:FF:FF:FF:FF] [21|63 ACKs]13:13:14  Sending 64 directed DeAuth (code 7). STMAC: [FF:FF:FF:FF:FF:FF] [21|64 ACKs]
13:13:14  Sending 64 directed DeAuth (code 7). STMAC: [FF:FF:FF:FF:FF:FF] [ 0| 0 ACKs]13:13:14  Sending 64 directed DeAuth (code 7). STMAC: [FF:FF:FF:FF:FF:FF] [ 0| 0 ACKs]13:13:14  Sending 64 directed DeAuth (code 7). STMAC: [FF:FF:FF:FF:FF:FF] [ 1| 0 ACKs]13:13:14  Sending 64 directed DeAuth (code 7). STMAC: [FF:FF:FF:FF:FF:FF] [ 1| 1 ACKs]13:13:14  Sending 64 directed DeAuth (code 7). STMAC: [FF:FF:FF:FF:FF:FF] [ 1| 2 ACKs]13:13:14  Sending 64 directed DeAuth (code 7). STMAC: [FF:FF:FF:FF:FF:FF] [ 2| 2 ACKs]13:13:14  Sending 64 directed DeAuth (code 7). STMAC: [FF:FF:FF:FF:FF:FF] [ 2| 3 ACKs]13:13:14  Sending 64 directed DeAuth (code 7). STMAC: [FF:FF:FF:FF:FF:FF] [ 3| 3 ACKs]13:13:14  Sending 64 directed DeAuth (code 7). STMAC: [FF:FF:FF:FF:FF:FF] [ 3| 4 ACKs]13:13:14  Sending 64 directed DeAuth (code 7). STMAC: [FF:FF:FF:FF:FF:FF] [ 3| 4 ACKs]13:13:14  Sending 64 directed DeAuth (code 7). STMAC: [FF:FF:FF:FF:FF:FF] [ 3| 5 ACKs]13:13:14  Sending 64 directed DeAuth (code 7). STMAC: [FF:FF:FF:FF:FF:FF] [ 3| 6 ACKs]13:13:14  Sending 64 directed DeAuth (code 7). STMAC: [FF:FF:FF:FF:FF:FF] [ 3| 7 ACKs]13:13:14  Sending 64 directed DeAuth (code 7). STMAC: [FF:FF:FF:FF:FF:FF] [ 3| 8 ACKs]13:13:14  Sending 64 directed DeAuth (code 7). STMAC: [FF:FF:FF:FF:FF:FF] [ 3| 9 ACKs]13:13:14  Sending 64 directed DeAuth (code 7). STMAC: [FF:FF:FF:FF:FF:FF] [ 3|10 ACKs]13:13:15  Sending 64 directed DeAuth (code 7). STMAC: [FF:FF:FF:FF:FF:FF] [ 4|10 ACKs]13:13:15  Sending 64 directed DeAuth (code 7). STMAC: [FF:FF:FF:FF:FF:FF] [ 4|11 ACKs]13:13:15  Sending 64 directed DeAuth (code 7). STMAC: [FF:FF:FF:FF:FF:FF] [ 4|12 ACKs]13:13:15  Sending 64 directed DeAuth (code 7). STMAC: [FF:FF:FF:FF:FF:FF] [ 4|13 ACKs]13:13:15  Sending 64 directed DeAuth (code 7). STMAC: [FF:FF:FF:FF:FF:FF] [ 4|14 ACKs]13:13:15  Sending 64 directed DeAuth (code 7). STMAC: [FF:FF:FF:FF:FF:FF] [ 4|15 ACKs]13:13:15  Sending 64 directed DeAuth (code 7). STMAC: [FF:FF:FF:FF:FF:FF] [ 4|16 ACKs]13:13:15  Sending 64 directed DeAuth (code 7). STMAC: [FF:FF:FF:FF:FF:FF] [ 4|17 ACKs]13:13:15  Sending 64 directed DeAuth (code 7). STMAC: [FF:FF:FF:FF:FF:FF] [ 4|18 ACKs]13:13:15  Sending 64 directed DeAuth (code 7). STMAC: [FF:FF:FF:FF:FF:FF] [ 4|19 ACKs]13:13:15  Sending 64 directed DeAuth (code 7). STMAC: [FF:FF:FF:FF:FF:FF] [ 4|20 ACKs]13:13:15  Sending 64 directed DeAuth (code 7). STMAC: [FF:FF:FF:FF:FF:FF] [ 4|21 ACKs]13:13:15  Sending 64 directed DeAuth (code 7). STMAC: [FF:FF:FF:FF:FF:FF] [ 4|22 ACKs]13:13:15  Sending 64 directed DeAuth (code 7). STMAC: [FF:FF:FF:FF:FF:FF] [ 4|23 ACKs]13:13:15  Sending 64 directed DeAuth (code 7). STMAC: [FF:FF:FF:FF:FF:FF] [ 4|24 ACKs]13:13:15  Sending 64 directed DeAuth (code 7). STMAC: [FF:FF:FF:FF:FF:FF] [ 4|25 ACKs]13:13:15  Sending 64 directed DeAuth (code 7). STMAC: [FF:FF:FF:FF:FF:FF] [ 4|26 ACKs]13:13:15  Sending 64 directed DeAuth (code 7). STMAC: [FF:FF:FF:FF:FF:FF] [ 4|27 ACKs]13:13:15  Sending 64 directed DeAuth (code 7). STMAC: [FF:FF:FF:FF:FF:FF] [ 4|28 ACKs]13:13:15  Sending 64 directed DeAuth (code 7). STMAC: [FF:FF:FF:FF:FF:FF] [ 4|29 ACKs]13:13:15  Sending 64 directed DeAuth (code 7). STMAC: [FF:FF:FF:FF:FF:FF] [ 4|30 ACKs]13:13:15  Sending 64 directed DeAuth (code 7). STMAC: [FF:FF:FF:FF:FF:FF] [ 4|31 ACKs]13:13:15  Sending 64 directed DeAuth (code 7). STMAC: [FF:FF:FF:FF:FF:FF] [ 4|32 ACKs]13:13:15  Sending 64 directed DeAuth (code 7). STMAC: [FF:FF:FF:FF:FF:FF] [ 4|33 ACKs]13:13:15  Sending 64 directed DeAuth (code 7). STMAC: [FF:FF:FF:FF:FF:FF] [ 4|34 ACKs]13:13:15  Sending 64 directed DeAuth (code 7). STMAC: [FF:FF:FF:FF:FF:FF] [ 4|35 ACKs]13:13:15  Sending 64 directed DeAuth (code 7). STMAC: [FF:FF:FF:FF:FF:FF] [ 4|36 ACKs]13:13:15  Sending 64 directed DeAuth (code 7). STMAC: [FF:FF:FF:FF:FF:FF] [ 4|37 ACKs]13:13:15  Sending 64 directed DeAuth (code 7). STMAC: [FF:FF:FF:FF:FF:FF] [ 4|38 ACKs]13:13:15  Sending 64 directed DeAuth (code 7). STMAC: [FF:FF:FF:FF:FF:FF] [ 4|39 ACKs]13:13:15  Sending 64 directed DeAuth (code 7). STMAC: [FF:FF:FF:FF:FF:FF] [ 4|40 ACKs]13:13:15  Sending 64 directed DeAuth (code 7). STMAC: [FF:FF:FF:FF:FF:FF] [ 4|41 ACKs]13:13:15  Sending 64 directed DeAuth (code 7). STMAC: [FF:FF:FF:FF:FF:FF] [ 4|42 ACKs]13:13:15  Sending 64 directed DeAuth (code 7). STMAC: [FF:FF:FF:FF:FF:FF] [ 4|43 ACKs]13:13:15  Sending 64 directed DeAuth (code 7). STMAC: [FF:FF:FF:FF:FF:FF] [ 4|44 ACKs]13:13:15  Sending 64 directed DeAuth (code 7). STMAC: [FF:FF:FF:FF:FF:FF] [ 4|45 ACKs]13:13:15  Sending 64 directed DeAuth (code 7). STMAC: [FF:FF:FF:FF:FF:FF] [ 4|46 ACKs]13:13:15  Sending 64 directed DeAuth (code 7). STMAC: [FF:FF:FF:FF:FF:FF] [ 4|47 ACKs]13:13:15  Sending 64 directed DeAuth (code 7). STMAC: [FF:FF:FF:FF:FF:FF] [ 4|48 ACKs]13:13:15  Sending 64 directed DeAuth (code 7). STMAC: [FF:FF:FF:FF:FF:FF] [ 4|49 ACKs]13:13:15  Sending 64 directed DeAuth (code 7). STMAC: [FF:FF:FF:FF:FF:FF] [ 4|50 ACKs]13:13:15  Sending 64 directed DeAuth (code 7). STMAC: [FF:FF:FF:FF:FF:FF] [ 4|51 ACKs]13:13:15  Sending 64 directed DeAuth (code 7). STMAC: [FF:FF:FF:FF:FF:FF] [ 4|52 ACKs]13:13:15  Sending 64 directed DeAuth (code 7). STMAC: [FF:FF:FF:FF:FF:FF] [ 4|53 ACKs]13:13:15  Sending 64 directed DeAuth (code 7). STMAC: [FF:FF:FF:FF:FF:FF] [ 4|54 ACKs]13:13:15  Sending 64 directed DeAuth (code 7). STMAC: [FF:FF:FF:FF:FF:FF] [ 4|55 ACKs]13:13:15  Sending 64 directed DeAuth (code 7). STMAC: [FF:FF:FF:FF:FF:FF] [ 4|56 ACKs]13:13:15  Sending 64 directed DeAuth (code 7). STMAC: [FF:FF:FF:FF:FF:FF] [ 4|57 ACKs]13:13:15  Sending 64 directed DeAuth (code 7). STMAC: [FF:FF:FF:FF:FF:FF] [ 4|58 ACKs]13:13:15  Sending 64 directed DeAuth (code 7). STMAC: [FF:FF:FF:FF:FF:FF] [ 4|59 ACKs]13:13:15  Sending 64 directed DeAuth (code 7). STMAC: [FF:FF:FF:FF:FF:FF] [ 4|60 ACKs]13:13:15  Sending 64 directed DeAuth (code 7). STMAC: [FF:FF:FF:FF:FF:FF] [ 4|61 ACKs]13:13:15  Sending 64 directed DeAuth (code 7). STMAC: [FF:FF:FF:FF:FF:FF] [ 4|62 ACKs]13:13:15  Sending 64 directed DeAuth (code 7). STMAC: [FF:FF:FF:FF:FF:FF] [ 4|63 ACKs]13:13:15  Sending 64 directed DeAuth (code 7). STMAC: [FF:FF:FF:FF:FF:FF] [ 4|64 ACKs]
13:13:15  Sending 64 directed DeAuth (code 7). STMAC: [FF:FF:FF:FF:FF:FF] [ 0| 0 ACKs]13:13:15  Sending 64 directed DeAuth (code 7). STMAC: [FF:FF:FF:FF:FF:FF] [ 0| 1 ACKs]13:13:15  Sending 64 directed DeAuth (code 7). STMAC: [FF:FF:FF:FF:FF:FF] [ 0| 2 ACKs]13:13:15  Sending 64 directed DeAuth (code 7). STMAC: [FF:FF:FF:FF:FF:FF] [ 0| 3 ACKs]13:13:15  Sending 64 directed DeAuth (code 7). STMAC: [FF:FF:FF:FF:FF:FF] [ 0| 4 ACKs]13:13:15  Sending 64 directed DeAuth (code 7). STMAC: [FF:FF:FF:FF:FF:FF] [ 0| 5 ACKs]13:13:15  Sending 64 directed DeAuth (code 7). STMAC: [FF:FF:FF:FF:FF:FF] [ 0| 6 ACKs]13:13:15  Sending 64 directed DeAuth (code 7). STMAC: [FF:FF:FF:FF:FF:FF] [ 0| 7 ACKs]13:13:15  Sending 64 directed DeAuth (code 7). STMAC: [FF:FF:FF:FF:FF:FF] [ 0| 8 ACKs]13:13:15  Sending 64 directed DeAuth (code 7). STMAC: [FF:FF:FF:FF:FF:FF] [ 0| 9 ACKs]13:13:15  Sending 64 directed DeAuth (code 7). STMAC: [FF:FF:FF:FF:FF:FF] [ 0|10 ACKs]13:13:15  Sending 64 directed DeAuth (code 7). STMAC: [FF:FF:FF:FF:FF:FF] [ 0|11 ACKs]13:13:15  Sending 64 directed DeAuth (code 7). STMAC: [FF:FF:FF:FF:FF:FF] [ 0|12 ACKs]13:13:15  Sending 64 directed DeAuth (code 7). STMAC: [FF:FF:FF:FF:FF:FF] [ 0|13 ACKs]13:13:15  Sending 64 directed DeAuth (code 7). STMAC: [FF:FF:FF:FF:FF:FF] [ 0|14 ACKs]13:13:15  Sending 64 directed DeAuth (code 7). STMAC: [FF:FF:FF:FF:FF:FF] [ 0|15 ACKs]13:13:15  Sending 64 directed DeAuth (code 7). STMAC: [FF:FF:FF:FF:FF:FF] [ 0|16 ACKs]13:13:15  Sending 64 directed DeAuth (code 7). STMAC: [FF:FF:FF:FF:FF:FF] [ 0|17 ACKs]13:13:15  Sending 64 directed DeAuth (code 7). STMAC: [FF:FF:FF:FF:FF:FF] [ 0|18 ACKs]13:13:15  Sending 64 directed DeAuth (code 7). STMAC: [FF:FF:FF:FF:FF:FF] [ 0|19 ACKs]13:13:15  Sending 64 directed DeAuth (code 7). STMAC: [FF:FF:FF:FF:FF:FF] [ 0|20 ACKs]13:13:15  Sending 64 directed DeAuth (code 7). STMAC: [FF:FF:FF:FF:FF:FF] [ 0|21 ACKs]13:13:15  Sending 64 directed DeAuth (code 7). STMAC: [FF:FF:FF:FF:FF:FF] [ 0|22 ACKs]13:13:15  Sending 64 directed DeAuth (code 7). STMAC: [FF:FF:FF:FF:FF:FF] [ 0|23 ACKs]13:13:15  Sending 64 directed DeAuth (code 7). STMAC: [FF:FF:FF:FF:FF:FF] [ 0|24 ACKs]13:13:15  Sending 64 directed DeAuth (code 7). STMAC: [FF:FF:FF:FF:FF:FF] [ 0|25 ACKs]13:13:15  Sending 64 directed DeAuth (code 7). STMAC: [FF:FF:FF:FF:FF:FF] [ 0|26 ACKs]13:13:15  Sending 64 directed DeAuth (code 7). STMAC: [FF:FF:FF:FF:FF:FF] [ 0|27 ACKs]13:13:15  Sending 64 directed DeAuth (code 7). STMAC: [FF:FF:FF:FF:FF:FF] [ 0|28 ACKs]13:13:15  Sending 64 directed DeAuth (code 7). STMAC: [FF:FF:FF:FF:FF:FF] [ 0|29 ACKs]13:13:15  Sending 64 directed DeAuth (code 7). STMAC: [FF:FF:FF:FF:FF:FF] [ 0|30 ACKs]13:13:15  Sending 64 directed DeAuth (code 7). STMAC: [FF:FF:FF:FF:FF:FF] [ 0|31 ACKs]13:13:15  Sending 64 directed DeAuth (code 7). STMAC: [FF:FF:FF:FF:FF:FF] [ 0|32 ACKs]13:13:15  Sending 64 directed DeAuth (code 7). STMAC: [FF:FF:FF:FF:FF:FF] [ 0|33 ACKs]13:13:15  Sending 64 directed DeAuth (code 7). STMAC: [FF:FF:FF:FF:FF:FF] [ 0|34 ACKs]13:13:15  Sending 64 directed DeAuth (code 7). STMAC: [FF:FF:FF:FF:FF:FF] [ 0|35 ACKs]13:13:15  Sending 64 directed DeAuth (code 7). STMAC: [FF:FF:FF:FF:FF:FF] [ 0|36 ACKs]13:13:15  Sending 64 directed DeAuth (code 7). STMAC: [FF:FF:FF:FF:FF:FF] [ 0|37 ACKs]13:13:15  Sending 64 directed DeAuth (code 7). STMAC: [FF:FF:FF:FF:FF:FF] [ 0|38 ACKs]13:13:15  Sending 64 directed DeAuth (code 7). STMAC: [FF:FF:FF:FF:FF:FF] [ 0|39 ACKs]13:13:15  Sending 64 directed DeAuth (code 7). STMAC: [FF:FF:FF:FF:FF:FF] [ 0|40 ACKs]13:13:15  Sending 64 directed DeAuth (code 7). STMAC: [FF:FF:FF:FF:FF:FF] [ 0|41 ACKs]13:13:15  Sending 64 directed DeAuth (code 7). STMAC: [FF:FF:FF:FF:FF:FF] [ 0|42 ACKs]13:13:15  Sending 64 directed DeAuth (code 7). STMAC: [FF:FF:FF:FF:FF:FF] [ 0|43 ACKs]13:13:15  Sending 64 directed DeAuth (code 7). STMAC: [FF:FF:FF:FF:FF:FF] [ 0|44 ACKs]13:13:15  Sending 64 directed DeAuth (code 7). STMAC: [FF:FF:FF:FF:FF:FF] [ 0|45 ACKs]13:13:15  Sending 64 directed DeAuth (code 7). STMAC: [FF:FF:FF:FF:FF:FF] [ 0|46 ACKs]13:13:15  Sending 64 directed DeAuth (code 7). STMAC: [FF:FF:FF:FF:FF:FF] [ 0|47 ACKs]13:13:15  Sending 64 directed DeAuth (code 7). STMAC: [FF:FF:FF:FF:FF:FF] [ 0|48 ACKs]13:13:15  Sending 64 directed DeAuth (code 7). STMAC: [FF:FF:FF:FF:FF:FF] [ 0|49 ACKs]13:13:15  Sending 64 directed DeAuth (code 7). STMAC: [FF:FF:FF:FF:FF:FF] [ 0|50 ACKs]13:13:15  Sending 64 directed DeAuth (code 7). STMAC: [FF:FF:FF:FF:FF:FF] [ 0|51 ACKs]13:13:15  Sending 64 directed DeAuth (code 7). STMAC: [FF:FF:FF:FF:FF:FF] [ 0|52 ACKs]13:13:15  Sending 64 directed DeAuth (code 7). STMAC: [FF:FF:FF:FF:FF:FF] [ 0|53 ACKs]13:13:15  Sending 64 directed DeAuth (code 7). STMAC: [FF:FF:FF:FF:FF:FF] [ 0|54 ACKs]13:13:15  Sending 64 directed DeAuth (code 7). STMAC: [FF:FF:FF:FF:FF:FF] [ 0|55 ACKs]13:13:15  Sending 64 directed DeAuth (code 7). STMAC: [FF:FF:FF:FF:FF:FF] [ 0|56 ACKs]13:13:15  Sending 64 directed DeAuth (code 7). STMAC: [FF:FF:FF:FF:FF:FF] [ 0|57 ACKs]13:13:15  Sending 64 directed DeAuth (code 7). STMAC: [FF:FF:FF:FF:FF:FF] [ 0|58 ACKs]13:13:15  Sending 64 directed DeAuth (code 7). STMAC: [FF:FF:FF:FF:FF:FF] [ 0|59 ACKs]13:13:15  Sending 64 directed DeAuth (code 7). STMAC: [FF:FF:FF:FF:FF:FF] [ 0|60 ACKs]13:13:15  Sending 64 directed DeAuth (code 7). STMAC: [FF:FF:FF:FF:FF:FF] [ 0|61 ACKs]13:13:15  Sending 64 directed DeAuth (code 7). STMAC: [FF:FF:FF:FF:FF:FF] [ 0|62 ACKs]13:13:15  Sending 64 directed DeAuth (code 7). STMAC: [FF:FF:FF:FF:FF:FF] [ 0|63 ACKs]13:13:15  Sending 64 directed DeAuth (code 7). STMAC: [FF:FF:FF:FF:FF:FF] [ 0|64 ACKs]
13:13:16  Sending 64 directed DeAuth (code 7). STMAC: [FF:FF:FF:FF:FF:FF] [ 0| 0 ACKs]13:13:16  Sending 64 directed DeAuth (code 7). STMAC: [FF:FF:FF:FF:FF:FF] [ 0| 1 ACKs]13:13:16  Sending 64 directed DeAuth (code 7). STMAC: [FF:FF:FF:FF:FF:FF] [ 0| 2 ACKs]13:13:16  Sending 64 directed DeAuth (code 7). STMAC: [FF:FF:FF:FF:FF:FF] [ 0| 3 ACKs]13:13:16  Sending 64 directed DeAuth (code 7). STMAC: [FF:FF:FF:FF:FF:FF] [ 0| 4 ACKs]13:13:16  Sending 64 directed DeAuth (code 7). STMAC: [FF:FF:FF:FF:FF:FF] [ 0| 5 ACKs]13:13:16  Sending 64 directed DeAuth (code 7). STMAC: [FF:FF:FF:FF:FF:FF] [ 0| 6 ACKs]13:13:16  Sending 64 directed DeAuth (code 7). STMAC: [FF:FF:FF:FF:FF:FF] [ 0| 7 ACKs]13:13:16  Sending 64 directed DeAuth (code 7). STMAC: [FF:FF:FF:FF:FF:FF] [ 0| 8 ACKs]13:13:16  Sending 64 directed DeAuth (code 7). STMAC: [FF:FF:FF:FF:FF:FF] [ 0| 9 ACKs]13:13:16  Sending 64 directed DeAuth (code 7). STMAC: [FF:FF:FF:FF:FF:FF] [ 0|10 ACKs]13:13:16  Sending 64 directed DeAuth (code 7). STMAC: [FF:FF:FF:FF:FF:FF] [ 0|11 ACKs]13:13:16  Sending 64 directed DeAuth (code 7). STMAC: [FF:FF:FF:FF:FF:FF] [ 0|12 ACKs]13:13:16  Sending 64 directed DeAuth (code 7). STMAC: [FF:FF:FF:FF:FF:FF] [ 0|13 ACKs]13:13:16  Sending 64 directed DeAuth (code 7). STMAC: [FF:FF:FF:FF:FF:FF] [ 0|14 ACKs]13:13:16  Sending 64 directed DeAuth (code 7). STMAC: [FF:FF:FF:FF:FF:FF] [ 0|15 ACKs]13:13:16  Sending 64 directed DeAuth (code 7). STMAC: [FF:FF:FF:FF:FF:FF] [ 0|16 ACKs]13:13:16  Sending 64 directed DeAuth (code 7). STMAC: [FF:FF:FF:FF:FF:FF] [ 0|17 ACKs]13:13:16  Sending 64 directed DeAuth (code 7). STMAC: [FF:FF:FF:FF:FF:FF] [ 0|18 ACKs]13:13:16  Sending 64 directed DeAuth (code 7). STMAC: [FF:FF:FF:FF:FF:FF] [ 0|19 ACKs]13:13:16  Sending 64 directed DeAuth (code 7). STMAC: [FF:FF:FF:FF:FF:FF] [ 0|20 ACKs]13:13:16  Sending 64 directed DeAuth (code 7). STMAC: [FF:FF:FF:FF:FF:FF] [ 0|21 ACKs]13:13:16  Sending 64 directed DeAuth (code 7). STMAC: [FF:FF:FF:FF:FF:FF] [ 0|22 ACKs]13:13:16  Sending 64 directed DeAuth (code 7). STMAC: [FF:FF:FF:FF:FF:FF] [ 0|23 ACKs]13:13:16  Sending 64 directed DeAuth (code 7). STMAC: [FF:FF:FF:FF:FF:FF] [ 0|24 ACKs]13:13:16  Sending 64 directed DeAuth (code 7). STMAC: [FF:FF:FF:FF:FF:FF] [ 0|25 ACKs]13:13:16  Sending 64 directed DeAuth (code 7). STMAC: [FF:FF:FF:FF:FF:FF] [ 0|26 ACKs]13:13:16  Sending 64 directed DeAuth (code 7). STMAC: [FF:FF:FF:FF:FF:FF] [ 0|27 ACKs]13:13:16  Sending 64 directed DeAuth (code 7). STMAC: [FF:FF:FF:FF:FF:FF] [ 0|28 ACKs]13:13:16  Sending 64 directed DeAuth (code 7). STMAC: [FF:FF:FF:FF:FF:FF] [ 0|29 ACKs]13:13:16  Sending 64 directed DeAuth (code 7). STMAC: [FF:FF:FF:FF:FF:FF] [ 0|30 ACKs]13:13:16  Sending 64 directed DeAuth (code 7). STMAC: [FF:FF:FF:FF:FF:FF] [ 0|31 ACKs]13:13:16  Sending 64 directed DeAuth (code 7). STMAC: [FF:FF:FF:FF:FF:FF] [ 0|32 ACKs]13:13:16  Sending 64 directed DeAuth (code 7). STMAC: [FF:FF:FF:FF:FF:FF] [ 0|33 ACKs]13:13:16  Sending 64 directed DeAuth (code 7). STMAC: [FF:FF:FF:FF:FF:FF] [ 0|34 ACKs]13:13:16  Sending 64 directed DeAuth (code 7). STMAC: [FF:FF:FF:FF:FF:FF] [ 0|34 ACKs]13:13:16  Sending 64 directed DeAuth (code 7). STMAC: [FF:FF:FF:FF:FF:FF] [ 1|34 ACKs]13:13:16  Sending 64 directed DeAuth (code 7). STMAC: [FF:FF:FF:FF:FF:FF] [ 1|35 ACKs]13:13:16  Sending 64 directed DeAuth (code 7). STMAC: [FF:FF:FF:FF:FF:FF] [ 2|35 ACKs]13:13:16  Sending 64 directed DeAuth (code 7). STMAC: [FF:FF:FF:FF:FF:FF] [ 2|36 ACKs]13:13:16  Sending 64 directed DeAuth (code 7). STMAC: [FF:FF:FF:FF:FF:FF] [ 2|37 ACKs]13:13:16  Sending 64 directed DeAuth (code 7). STMAC: [FF:FF:FF:FF:FF:FF] [ 3|37 ACKs]13:13:16  Sending 64 directed DeAuth (code 7). STMAC: [FF:FF:FF:FF:FF:FF] [ 3|38 ACKs]13:13:16  Sending 64 directed DeAuth (code 7). STMAC: [FF:FF:FF:FF:FF:FF] [ 4|38 ACKs]13:13:16  Sending 64 directed DeAuth (code 7). STMAC: [FF:FF:FF:FF:FF:FF] [ 4|39 ACKs]13:13:16  Sending 64 directed DeAuth (code 7). STMAC: [FF:FF:FF:FF:FF:FF] [ 5|39 ACKs]13:13:16  Sending 64 directed DeAuth (code 7). STMAC: [FF:FF:FF:FF:FF:FF] [ 5|40 ACKs]13:13:16  Sending 64 directed DeAuth (code 7). STMAC: [FF:FF:FF:FF:FF:FF] [ 6|40 ACKs]13:13:16  Sending 64 directed DeAuth (code 7). STMAC: [FF:FF:FF:FF:FF:FF] [ 6|41 ACKs]13:13:16  Sending 64 directed DeAuth (code 7). STMAC: [FF:FF:FF:FF:FF:FF] [ 6|42 ACKs]13:13:16  Sending 64 directed DeAuth (code 7). STMAC: [FF:FF:FF:FF:FF:FF] [ 6|43 ACKs]13:13:16  Sending 64 directed DeAuth (code 7). STMAC: [FF:FF:FF:FF:FF:FF] [ 7|43 ACKs]13:13:16  Sending 64 directed DeAuth (code 7). STMAC: [FF:FF:FF:FF:FF:FF] [ 7|44 ACKs]13:13:16  Sending 64 directed DeAuth (code 7). STMAC: [FF:FF:FF:FF:FF:FF] [ 8|44 ACKs]13:13:16  Sending 64 directed DeAuth (code 7). STMAC: [FF:FF:FF:FF:FF:FF] [ 8|45 ACKs]13:13:16  Sending 64 directed DeAuth (code 7). STMAC: [FF:FF:FF:FF:FF:FF] [ 8|46 ACKs]13:13:16  Sending 64 directed DeAuth (code 7). STMAC: [FF:FF:FF:FF:FF:FF] [ 9|46 ACKs]13:13:16  Sending 64 directed DeAuth (code 7). STMAC: [FF:FF:FF:FF:FF:FF] [ 9|47 ACKs]13:13:16  Sending 64 directed DeAuth (code 7). STMAC: [FF:FF:FF:FF:FF:FF] [10|47 ACKs]13:13:16  Sending 64 directed DeAuth (code 7). STMAC: [FF:FF:FF:FF:FF:FF] [10|48 ACKs]13:13:16  Sending 64 directed DeAuth (code 7). STMAC: [FF:FF:FF:FF:FF:FF] [11|48 ACKs]13:13:16  Sending 64 directed DeAuth (code 7). STMAC: [FF:FF:FF:FF:FF:FF] [11|49 ACKs]13:13:16  Sending 64 directed DeAuth (code 7). STMAC: [FF:FF:FF:FF:FF:FF] [12|49 ACKs]13:13:16  Sending 64 directed DeAuth (code 7). STMAC: [FF:FF:FF:FF:FF:FF] [12|50 ACKs]13:13:16  Sending 64 directed DeAuth (code 7). STMAC: [FF:FF:FF:FF:FF:FF] [13|50 ACKs]13:13:16  Sending 64 directed DeAuth (code 7). STMAC: [FF:FF:FF:FF:FF:FF] [13|51 ACKs]13:13:16  Sending 64 directed DeAuth (code 7). STMAC: [FF:FF:FF:FF:FF:FF] [13|52 ACKs]13:13:16  Sending 64 directed DeAuth (code 7). STMAC: [FF:FF:FF:FF:FF:FF] [14|52 ACKs]13:13:16  Sending 64 directed DeAuth (code 7). STMAC: [FF:FF:FF:FF:FF:FF] [14|53 ACKs]13:13:16  Sending 64 directed DeAuth (code 7). STMAC: [FF:FF:FF:FF:FF:FF] [15|53 ACKs]13:13:16  Sending 64 directed DeAuth (code 7). STMAC: [FF:FF:FF:FF:FF:FF] [15|54 ACKs]13:13:16  Sending 64 directed DeAuth (code 7). STMAC: [FF:FF:FF:FF:FF:FF] [16|54 ACKs]13:13:16  Sending 64 directed DeAuth (code 7). STMAC: [FF:FF:FF:FF:FF:FF] [16|55 ACKs]13:13:16  Sending 64 directed DeAuth (code 7). STMAC: [FF:FF:FF:FF:FF:FF] [17|55 ACKs]13:13:16  Sending 64 directed DeAuth (code 7). STMAC: [FF:FF:FF:FF:FF:FF] [17|56 ACKs]13:13:16  Sending 64 directed DeAuth (code 7). STMAC: [FF:FF:FF:FF:FF:FF] [18|56 ACKs]13:13:16  Sending 64 directed DeAuth (code 7). STMAC: [FF:FF:FF:FF:FF:FF] [18|57 ACKs]13:13:16  Sending 64 directed DeAuth (code 7). STMAC: [FF:FF:FF:FF:FF:FF] [19|57 ACKs]13:13:16  Sending 64 directed DeAuth (code 7). STMAC: [FF:FF:FF:FF:FF:FF] [19|58 ACKs]13:13:16  Sending 64 directed DeAuth (code 7). STMAC: [FF:FF:FF:FF:FF:FF] [20|58 ACKs]13:13:16  Sending 64 directed DeAuth (code 7). STMAC: [FF:FF:FF:FF:FF:FF] [20|59 ACKs]13:13:16  Sending 64 directed DeAuth (code 7). STMAC: [FF:FF:FF:FF:FF:FF] [21|59 ACKs]13:13:16  Sending 64 directed DeAuth (code 7). STMAC: [FF:FF:FF:FF:FF:FF] [21|60 ACKs]13:13:16  Sending 64 directed DeAuth (code 7). STMAC: [FF:FF:FF:FF:FF:FF] [22|60 ACKs]13:13:16  Sending 64 directed DeAuth (code 7). STMAC: [FF:FF:FF:FF:FF:FF] [22|61 ACKs]13:13:16  Sending 64 directed DeAuth (code 7). STMAC: [FF:FF:FF:FF:FF:FF] [23|61 ACKs]13:13:16  Sending 64 directed DeAuth (code 7). STMAC: [FF:FF:FF:FF:FF:FF] [23|62 ACKs]13:13:16  Sending 64 directed DeAuth (code 7). STMAC: [FF:FF:FF:FF:FF:FF] [23|62 ACKs]13:13:16  Sending 64 directed DeAuth (code 7). STMAC: [FF:FF:FF:FF:FF:FF] [23|63 ACKs]13:13:16  Sending 64 directed DeAuth (code 7). STMAC: [FF:FF:FF:FF:FF:FF] [23|64 ACKs]
13:13:16  Sending 64 directed DeAuth (code 7). STMAC: [FF:FF:FF:FF:FF:FF] [ 0| 0 ACKs]13:13:16  Sending 64 directed DeAuth (code 7). STMAC: [FF:FF:FF:FF:FF:FF] [ 0| 1 ACKs]13:13:16  Sending 64 directed DeAuth (code 7). STMAC: [FF:FF:FF:FF:FF:FF] [ 0| 2 ACKs]13:13:16  Sending 64 directed DeAuth (code 7). STMAC: [FF:FF:FF:FF:FF:FF] [ 0| 3 ACKs]13:13:16  Sending 64 directed DeAuth (code 7). STMAC: [FF:FF:FF:FF:FF:FF] [ 0| 4 ACKs]13:13:16  Sending 64 directed DeAuth (code 7). STMAC: [FF:FF:FF:FF:FF:FF] [ 0| 5 ACKs]13:13:16  Sending 64 directed DeAuth (code 7). STMAC: [FF:FF:FF:FF:FF:FF] [ 0| 6 ACKs]13:13:16  Sending 64 directed DeAuth (code 7). STMAC: [FF:FF:FF:FF:FF:FF] [ 0| 7 ACKs]13:13:16  Sending 64 directed DeAuth (code 7). STMAC: [FF:FF:FF:FF:FF:FF] [ 0| 8 ACKs]13:13:16  Sending 64 directed DeAuth (code 7). STMAC: [FF:FF:FF:FF:FF:FF] [ 0| 9 ACKs]13:13:16  Sending 64 directed DeAuth (code 7). STMAC: [FF:FF:FF:FF:FF:FF] [ 0|10 ACKs]13:13:16  Sending 64 directed DeAuth (code 7). STMAC: [FF:FF:FF:FF:FF:FF] [ 0|11 ACKs]13:13:16  Sending 64 directed DeAuth (code 7). STMAC: [FF:FF:FF:FF:FF:FF] [ 0|12 ACKs]13:13:16  Sending 64 directed DeAuth (code 7). STMAC: [FF:FF:FF:FF:FF:FF] [ 0|13 ACKs]13:13:16  Sending 64 directed DeAuth (code 7). STMAC: [FF:FF:FF:FF:FF:FF] [ 0|14 ACKs]13:13:16  Sending 64 directed DeAuth (code 7). STMAC: [FF:FF:FF:FF:FF:FF] [ 0|15 ACKs]13:13:16  Sending 64 directed DeAuth (code 7). STMAC: [FF:FF:FF:FF:FF:FF] [ 0|16 ACKs]13:13:16  Sending 64 directed DeAuth (code 7). STMAC: [FF:FF:FF:FF:FF:FF] [ 0|17 ACKs]13:13:16  Sending 64 directed DeAuth (code 7). STMAC: [FF:FF:FF:FF:FF:FF] [ 0|18 ACKs]13:13:16  Sending 64 directed DeAuth (code 7). STMAC: [FF:FF:FF:FF:FF:FF] [ 0|19 ACKs]13:13:16  Sending 64 directed DeAuth (code 7). STMAC: [FF:FF:FF:FF:FF:FF] [ 0|20 ACKs]13:13:16  Sending 64 directed DeAuth (code 7). STMAC: [FF:FF:FF:FF:FF:FF] [ 0|21 ACKs]13:13:16  Sending 64 directed DeAuth (code 7). STMAC: [FF:FF:FF:FF:FF:FF] [ 0|22 ACKs]13:13:16  Sending 64 directed DeAuth (code 7). STMAC: [FF:FF:FF:FF:FF:FF] [ 0|23 ACKs]13:13:16  Sending 64 directed DeAuth (code 7). STMAC: [FF:FF:FF:FF:FF:FF] [ 0|24 ACKs]13:13:16  Sending 64 directed DeAuth (code 7). STMAC: [FF:FF:FF:FF:FF:FF] [ 0|25 ACKs]13:13:16  Sending 64 directed DeAuth (code 7). STMAC: [FF:FF:FF:FF:FF:FF] [ 0|26 ACKs]13:13:16  Sending 64 directed DeAuth (code 7). STMAC: [FF:FF:FF:FF:FF:FF] [ 0|27 ACKs]13:13:16  Sending 64 directed DeAuth (code 7). STMAC: [FF:FF:FF:FF:FF:FF] [ 0|28 ACKs]13:13:16  Sending 64 directed DeAuth (code 7). STMAC: [FF:FF:FF:FF:FF:FF] [ 0|29 ACKs]13:13:16  Sending 64 directed DeAuth (code 7). STMAC: [FF:FF:FF:FF:FF:FF] [ 0|30 ACKs]13:13:16  Sending 64 directed DeAuth (code 7). STMAC: [FF:FF:FF:FF:FF:FF] [ 0|31 ACKs]13:13:16  Sending 64 directed DeAuth (code 7). STMAC: [FF:FF:FF:FF:FF:FF] [ 0|32 ACKs]13:13:16  Sending 64 directed DeAuth (code 7). STMAC: [FF:FF:FF:FF:FF:FF] [ 0|33 ACKs]13:13:16  Sending 64 directed DeAuth (code 7). STMAC: [FF:FF:FF:FF:FF:FF] [ 0|34 ACKs]13:13:16  Sending 64 directed DeAuth (code 7). STMAC: [FF:FF:FF:FF:FF:FF] [ 0|35 ACKs]13:13:16  Sending 64 directed DeAuth (code 7). STMAC: [FF:FF:FF:FF:FF:FF] [ 0|36 ACKs]13:13:16  Sending 64 directed DeAuth (code 7). STMAC: [FF:FF:FF:FF:FF:FF] [ 0|37 ACKs]13:13:16  Sending 64 directed DeAuth (code 7). STMAC: [FF:FF:FF:FF:FF:FF] [ 1|37 ACKs]13:13:16  Sending 64 directed DeAuth (code 7). STMAC: [FF:FF:FF:FF:FF:FF] [ 1|38 ACKs]13:13:16  Sending 64 directed DeAuth (code 7). STMAC: [FF:FF:FF:FF:FF:FF] [ 1|39 ACKs]13:13:16  Sending 64 directed DeAuth (code 7). STMAC: [FF:FF:FF:FF:FF:FF] [ 1|40 ACKs]13:13:16  Sending 64 directed DeAuth (code 7). STMAC: [FF:FF:FF:FF:FF:FF] [ 2|40 ACKs]13:13:16  Sending 64 directed DeAuth (code 7). STMAC: [FF:FF:FF:FF:FF:FF] [ 2|41 ACKs]13:13:16  Sending 64 directed DeAuth (code 7). STMAC: [FF:FF:FF:FF:FF:FF] [ 2|42 ACKs]13:13:16  Sending 64 directed DeAuth (code 7). STMAC: [FF:FF:FF:FF:FF:FF] [ 2|43 ACKs]13:13:16  Sending 64 directed DeAuth (code 7). STMAC: [FF:FF:FF:FF:FF:FF] [ 3|43 ACKs]13:13:16  Sending 64 directed DeAuth (code 7). STMAC: [FF:FF:FF:FF:FF:FF] [ 3|44 ACKs]13:13:16  Sending 64 directed DeAuth (code 7). STMAC: [FF:FF:FF:FF:FF:FF] [ 3|45 ACKs]13:13:16  Sending 64 directed DeAuth (code 7). STMAC: [FF:FF:FF:FF:FF:FF] [ 3|46 ACKs]13:13:16  Sending 64 directed DeAuth (code 7). STMAC: [FF:FF:FF:FF:FF:FF] [ 3|47 ACKs]13:13:16  Sending 64 directed DeAuth (code 7). STMAC: [FF:FF:FF:FF:FF:FF] [ 3|48 ACKs]13:13:16  Sending 64 directed DeAuth (code 7). STMAC: [FF:FF:FF:FF:FF:FF] [ 3|49 ACKs]13:13:16  Sending 64 directed DeAuth (code 7). STMAC: [FF:FF:FF:FF:FF:FF] [ 3|50 ACKs]13:13:16  Sending 64 directed DeAuth (code 7). STMAC: [FF:FF:FF:FF:FF:FF] [ 3|51 ACKs]13:13:16  Sending 64 directed DeAuth (code 7). STMAC: [FF:FF:FF:FF:FF:FF] [ 3|52 ACKs]13:13:16  Sending 64 directed DeAuth (code 7). STMAC: [FF:FF:FF:FF:FF:FF] [ 3|53 ACKs]13:13:16  Sending 64 directed DeAuth (code 7). STMAC: [FF:FF:FF:FF:FF:FF] [ 3|54 ACKs]13:13:16  Sending 64 directed DeAuth (code 7). STMAC: [FF:FF:FF:FF:FF:FF] [ 3|55 ACKs]13:13:16  Sending 64 directed DeAuth (code 7). STMAC: [FF:FF:FF:FF:FF:FF] [ 3|56 ACKs]13:13:16  Sending 64 directed DeAuth (code 7). STMAC: [FF:FF:FF:FF:FF:FF] [ 3|57 ACKs]13:13:16  Sending 64 directed DeAuth (code 7). STMAC: [FF:FF:FF:FF:FF:FF] [ 3|58 ACKs]13:13:16  Sending 64 directed DeAuth (code 7). STMAC: [FF:FF:FF:FF:FF:FF] [ 3|59 ACKs]13:13:16  Sending 64 directed DeAuth (code 7). STMAC: [FF:FF:FF:FF:FF:FF] [ 3|60 ACKs]13:13:16  Sending 64 directed DeAuth (code 7). STMAC: [FF:FF:FF:FF:FF:FF] [ 3|61 ACKs]13:13:16  Sending 64 directed DeAuth (code 7). STMAC: [FF:FF:FF:FF:FF:FF] [ 3|62 ACKs]13:13:16  Sending 64 directed DeAuth (code 7). STMAC: [FF:FF:FF:FF:FF:FF] [ 3|63 ACKs]13:13:16  Sending 64 directed DeAuth (code 7). STMAC: [FF:FF:FF:FF:FF:FF] [ 3|64 ACKs]
13:13:17  Sending 64 directed DeAuth (code 7). STMAC: [FF:FF:FF:FF:FF:FF] [ 0| 0 ACKs]13:13:17  Sending 64 directed DeAuth (code 7). STMAC: [FF:FF:FF:FF:FF:FF] [ 0| 1 ACKs]13:13:17  Sending 64 directed DeAuth (code 7). STMAC: [FF:FF:FF:FF:FF:FF] [ 1| 1 ACKs]13:13:17  Sending 64 directed DeAuth (code 7). STMAC: [FF:FF:FF:FF:FF:FF] [ 1| 2 ACKs]13:13:17  Sending 64 directed DeAuth (code 7). STMAC: [FF:FF:FF:FF:FF:FF] [ 1| 3 ACKs]13:13:17  Sending 64 directed DeAuth (code 7). STMAC: [FF:FF:FF:FF:FF:FF] [ 1| 4 ACKs]13:13:17  Sending 64 directed DeAuth (code 7). STMAC: [FF:FF:FF:FF:FF:FF] [ 2| 4 ACKs]13:13:17  Sending 64 directed DeAuth (code 7). STMAC: [FF:FF:FF:FF:FF:FF] [ 2| 5 ACKs]13:13:17  Sending 64 directed DeAuth (code 7). STMAC: [FF:FF:FF:FF:FF:FF] [ 3| 5 ACKs]13:13:17  Sending 64 directed DeAuth (code 7). STMAC: [FF:FF:FF:FF:FF:FF] [ 3| 6 ACKs]13:13:17  Sending 64 directed DeAuth (code 7). STMAC: [FF:FF:FF:FF:FF:FF] [ 4| 6 ACKs]13:13:17  Sending 64 directed DeAuth (code 7). STMAC: [FF:FF:FF:FF:FF:FF] [ 4| 7 ACKs]13:13:17  Sending 64 directed DeAuth (code 7). STMAC: [FF:FF:FF:FF:FF:FF] [ 4| 8 ACKs]13:13:17  Sending 64 directed DeAuth (code 7). STMAC: [FF:FF:FF:FF:FF:FF] [ 5| 8 ACKs]13:13:17  Sending 64 directed DeAuth (code 7). STMAC: [FF:FF:FF:FF:FF:FF] [ 5| 9 ACKs]13:13:17  Sending 64 directed DeAuth (code 7). STMAC: [FF:FF:FF:FF:FF:FF] [ 6| 9 ACKs]13:13:17  Sending 64 directed DeAuth (code 7). STMAC: [FF:FF:FF:FF:FF:FF] [ 6|10 ACKs]13:13:17  Sending 64 directed DeAuth (code 7). STMAC: [FF:FF:FF:FF:FF:FF] [ 7|10 ACKs]13:13:17  Sending 64 directed DeAuth (code 7). STMAC: [FF:FF:FF:FF:FF:FF] [ 7|11 ACKs]13:13:17  Sending 64 directed DeAuth (code 7). STMAC: [FF:FF:FF:FF:FF:FF] [ 8|11 ACKs]13:13:17  Sending 64 directed DeAuth (code 7). STMAC: [FF:FF:FF:FF:FF:FF] [ 8|12 ACKs]13:13:17  Sending 64 directed DeAuth (code 7). STMAC: [FF:FF:FF:FF:FF:FF] [ 9|12 ACKs]13:13:17  Sending 64 directed DeAuth (code 7). STMAC: [FF:FF:FF:FF:FF:FF] [ 9|13 ACKs]13:13:17  Sending 64 directed DeAuth (code 7). STMAC: [FF:FF:FF:FF:FF:FF] [10|13 ACKs]13:13:17  Sending 64 directed DeAuth (code 7). STMAC: [FF:FF:FF:FF:FF:FF] [10|14 ACKs]13:13:17  Sending 64 directed DeAuth (code 7). STMAC: [FF:FF:FF:FF:FF:FF] [11|14 ACKs]13:13:17  Sending 64 directed DeAuth (code 7). STMAC: [FF:FF:FF:FF:FF:FF] [11|15 ACKs]13:13:17  Sending 64 directed DeAuth (code 7). STMAC: [FF:FF:FF:FF:FF:FF] [12|15 ACKs]13:13:17  Sending 64 directed DeAuth (code 7). STMAC: [FF:FF:FF:FF:FF:FF] [12|16 ACKs]13:13:17  Sending 64 directed DeAuth (code 7). STMAC: [FF:FF:FF:FF:FF:FF] [13|16 ACKs]13:13:17  Sending 64 directed DeAuth (code 7). STMAC: [FF:FF:FF:FF:FF:FF] [13|17 ACKs]13:13:17  Sending 64 directed DeAuth (code 7). STMAC: [FF:FF:FF:FF:FF:FF] [13|18 ACKs]13:13:17  Sending 64 directed DeAuth (code 7). STMAC: [FF:FF:FF:FF:FF:FF] [14|18 ACKs]13:13:17  Sending 64 directed DeAuth (code 7). STMAC: [FF:FF:FF:FF:FF:FF] [14|19 ACKs]13:13:17  Sending 64 directed DeAuth (code 7). STMAC: [FF:FF:FF:FF:FF:FF] [14|20 ACKs]13:13:17  Sending 64 directed DeAuth (code 7). STMAC: [FF:FF:FF:FF:FF:FF] [15|20 ACKs]13:13:17  Sending 64 directed DeAuth (code 7). STMAC: [FF:FF:FF:FF:FF:FF] [15|20 ACKs]13:13:17  Sending 64 directed DeAuth (code 7). STMAC: [FF:FF:FF:FF:FF:FF] [15|21 ACKs]13:13:17  Sending 64 directed DeAuth (code 7). STMAC: [FF:FF:FF:FF:FF:FF] [16|21 ACKs]13:13:17  Sending 64 directed DeAuth (code 7). STMAC: [FF:FF:FF:FF:FF:FF] [16|22 ACKs]13:13:17  Sending 64 directed DeAuth (code 7). STMAC: [FF:FF:FF:FF:FF:FF] [17|22 ACKs]13:13:17  Sending 64 directed DeAuth (code 7). STMAC: [FF:FF:FF:FF:FF:FF] [17|23 ACKs]13:13:17  Sending 64 directed DeAuth (code 7). STMAC: [FF:FF:FF:FF:FF:FF] [18|23 ACKs]13:13:17  Sending 64 directed DeAuth (code 7). STMAC: [FF:FF:FF:FF:FF:FF] [18|24 ACKs]13:13:17  Sending 64 directed DeAuth (code 7). STMAC: [FF:FF:FF:FF:FF:FF] [18|25 ACKs]13:13:17  Sending 64 directed DeAuth (code 7). STMAC: [FF:FF:FF:FF:FF:FF] [18|26 ACKs]13:13:17  Sending 64 directed DeAuth (code 7). STMAC: [FF:FF:FF:FF:FF:FF] [19|26 ACKs]13:13:17  Sending 64 directed DeAuth (code 7). STMAC: [FF:FF:FF:FF:FF:FF] [19|27 ACKs]13:13:17  Sending 64 directed DeAuth (code 7). STMAC: [FF:FF:FF:FF:FF:FF] [19|28 ACKs]13:13:17  Sending 64 directed DeAuth (code 7). STMAC: [FF:FF:FF:FF:FF:FF] [19|29 ACKs]13:13:17  Sending 64 directed DeAuth (code 7). STMAC: [FF:FF:FF:FF:FF:FF] [20|29 ACKs]13:13:17  Sending 64 directed DeAuth (code 7). STMAC: [FF:FF:FF:FF:FF:FF] [20|30 ACKs]13:13:17  Sending 64 directed DeAuth (code 7). STMAC: [FF:FF:FF:FF:FF:FF] [20|30 ACKs]13:13:17  Sending 64 directed DeAuth (code 7). STMAC: [FF:FF:FF:FF:FF:FF] [20|31 ACKs]13:13:17  Sending 64 directed DeAuth (code 7). STMAC: [FF:FF:FF:FF:FF:FF] [21|31 ACKs]13:13:17  Sending 64 directed DeAuth (code 7). STMAC: [FF:FF:FF:FF:FF:FF] [22|31 ACKs]13:13:17  Sending 64 directed DeAuth (code 7). STMAC: [FF:FF:FF:FF:FF:FF] [22|31 ACKs]13:13:17  Sending 64 directed DeAuth (code 7). STMAC: [FF:FF:FF:FF:FF:FF] [22|32 ACKs]13:13:17  Sending 64 directed DeAuth (code 7). STMAC: [FF:FF:FF:FF:FF:FF] [23|32 ACKs]13:13:17  Sending 64 directed DeAuth (code 7). STMAC: [FF:FF:FF:FF:FF:FF] [24|32 ACKs]13:13:17  Sending 64 directed DeAuth (code 7). STMAC: [FF:FF:FF:FF:FF:FF] [24|33 ACKs]13:13:17  Sending 64 directed DeAuth (code 7). STMAC: [FF:FF:FF:FF:FF:FF] [25|33 ACKs]13:13:17  Sending 64 directed DeAuth (code 7). STMAC: [FF:FF:FF:FF:FF:FF] [25|34 ACKs]13:13:17  Sending 64 directed DeAuth (code 7). STMAC: [FF:FF:FF:FF:FF:FF] [25|35 ACKs]13:13:17  Sending 64 directed DeAuth (code 7). STMAC: [FF:FF:FF:FF:FF:FF] [26|35 ACKs]13:13:17  Sending 64 directed DeAuth (code 7). STMAC: [FF:FF:FF:FF:FF:FF] [27|35 ACKs]13:13:17  Sending 64 directed DeAuth (code 7). STMAC: [FF:FF:FF:FF:FF:FF] [28|35 ACKs]13:13:17  Sending 64 directed DeAuth (code 7). STMAC: [FF:FF:FF:FF:FF:FF] [28|36 ACKs]13:13:17  Sending 64 directed DeAuth (code 7). STMAC: [FF:FF:FF:FF:FF:FF] [29|36 ACKs]13:13:17  Sending 64 directed DeAuth (code 7). STMAC: [FF:FF:FF:FF:FF:FF] [29|37 ACKs]13:13:17  Sending 64 directed DeAuth (code 7). STMAC: [FF:FF:FF:FF:FF:FF] [30|37 ACKs]13:13:17  Sending 64 directed DeAuth (code 7). STMAC: [FF:FF:FF:FF:FF:FF] [30|38 ACKs]13:13:17  Sending 64 directed DeAuth (code 7). STMAC: [FF:FF:FF:FF:FF:FF] [31|38 ACKs]13:13:17  Sending 64 directed DeAuth (code 7). STMAC: [FF:FF:FF:FF:FF:FF] [31|39 ACKs]13:13:17  Sending 64 directed DeAuth (code 7). STMAC: [FF:FF:FF:FF:FF:FF] [32|39 ACKs]13:13:17  Sending 64 directed DeAuth (code 7). STMAC: [FF:FF:FF:FF:FF:FF] [32|40 ACKs]13:13:17  Sending 64 directed DeAuth (code 7). STMAC: [FF:FF:FF:FF:FF:FF] [33|40 ACKs]13:13:17  Sending 64 directed DeAuth (code 7). STMAC: [FF:FF:FF:FF:FF:FF] [33|41 ACKs]13:13:17  Sending 64 directed DeAuth (code 7). STMAC: [FF:FF:FF:FF:FF:FF] [34|41 ACKs]13:13:17  Sending 64 directed DeAuth (code 7). STMAC: [FF:FF:FF:FF:FF:FF] [34|42 ACKs]13:13:17  Sending 64 directed DeAuth (code 7). STMAC: [FF:FF:FF:FF:FF:FF] [35|42 ACKs]13:13:17  Sending 64 directed DeAuth (code 7). STMAC: [FF:FF:FF:FF:FF:FF] [35|43 ACKs]13:13:17  Sending 64 directed DeAuth (code 7). STMAC: [FF:FF:FF:FF:FF:FF] [35|43 ACKs]13:13:17  Sending 64 directed DeAuth (code 7). STMAC: [FF:FF:FF:FF:FF:FF] [36|43 ACKs]13:13:17  Sending 64 directed DeAuth (code 7). STMAC: [FF:FF:FF:FF:FF:FF] [36|44 ACKs]13:13:17  Sending 64 directed DeAuth (code 7). STMAC: [FF:FF:FF:FF:FF:FF] [37|44 ACKs]13:13:17  Sending 64 directed DeAuth (code 7). STMAC: [FF:FF:FF:FF:FF:FF] [37|45 ACKs]13:13:17  Sending 64 directed DeAuth (code 7). STMAC: [FF:FF:FF:FF:FF:FF] [37|45 ACKs]13:13:17  Sending 64 directed DeAuth (code 7). STMAC: [FF:FF:FF:FF:FF:FF] [38|45 ACKs]13:13:17  Sending 64 directed DeAuth (code 7). STMAC: [FF:FF:FF:FF:FF:FF] [38|46 ACKs]13:13:17  Sending 64 directed DeAuth (code 7). STMAC: [FF:FF:FF:FF:FF:FF] [39|46 ACKs]13:13:17  Sending 64 directed DeAuth (code 7). STMAC: [FF:FF:FF:FF:FF:FF] [39|47 ACKs]13:13:17  Sending 64 directed DeAuth (code 7). STMAC: [FF:FF:FF:FF:FF:FF] [39|47 ACKs]13:13:17  Sending 64 directed DeAuth (code 7). STMAC: [FF:FF:FF:FF:FF:FF] [39|48 ACKs]13:13:17  Sending 64 directed DeAuth (code 7). STMAC: [FF:FF:FF:FF:FF:FF] [39|49 ACKs]13:13:17  Sending 64 directed DeAuth (code 7). STMAC: [FF:FF:FF:FF:FF:FF] [39|50 ACKs]13:13:17  Sending 64 directed DeAuth (code 7). STMAC: [FF:FF:FF:FF:FF:FF] [39|51 ACKs]13:13:17  Sending 64 directed DeAuth (code 7). STMAC: [FF:FF:FF:FF:FF:FF] [39|52 ACKs]13:13:17  Sending 64 directed DeAuth (code 7). STMAC: [FF:FF:FF:FF:FF:FF] [39|53 ACKs]13:13:17  Sending 64 directed DeAuth (code 7). STMAC: [FF:FF:FF:FF:FF:FF] [40|53 ACKs]13:13:17  Sending 64 directed DeAuth (code 7). STMAC: [FF:FF:FF:FF:FF:FF] [40|54 ACKs]13:13:17  Sending 64 directed DeAuth (code 7). STMAC: [FF:FF:FF:FF:FF:FF] [40|55 ACKs]13:13:17  Sending 64 directed DeAuth (code 7). STMAC: [FF:FF:FF:FF:FF:FF] [40|56 ACKs]13:13:17  Sending 64 directed DeAuth (code 7). STMAC: [FF:FF:FF:FF:FF:FF] [40|57 ACKs]13:13:17  Sending 64 directed DeAuth (code 7). STMAC: [FF:FF:FF:FF:FF:FF] [40|58 ACKs]13:13:17  Sending 64 directed DeAuth (code 7). STMAC: [FF:FF:FF:FF:FF:FF] [40|59 ACKs]13:13:17  Sending 64 directed DeAuth (code 7). STMAC: [FF:FF:FF:FF:FF:FF] [40|60 ACKs]13:13:17  Sending 64 directed DeAuth (code 7). STMAC: [FF:FF:FF:FF:FF:FF] [40|61 ACKs]13:13:17  Sending 64 directed DeAuth (code 7). STMAC: [FF:FF:FF:FF:FF:FF] [40|62 ACKs]13:13:17  Sending 64 directed DeAuth (code 7). STMAC: [FF:FF:FF:FF:FF:FF] [40|63 ACKs]
13:13:17  Sending 64 directed DeAuth (code 7). STMAC: [FF:FF:FF:FF:FF:FF] [ 0| 0 ACKs]13:13:17  Sending 64 directed DeAuth (code 7). STMAC: [FF:FF:FF:FF:FF:FF] [ 1| 0 ACKs]13:13:17  Sending 64 directed DeAuth (code 7). STMAC: [FF:FF:FF:FF:FF:FF] [ 1| 1 ACKs]13:13:17  Sending 64 directed DeAuth (code 7). STMAC: [FF:FF:FF:FF:FF:FF] [ 2| 1 ACKs]13:13:17  Sending 64 directed DeAuth (code 7). STMAC: [FF:FF:FF:FF:FF:FF] [ 2| 2 ACKs]13:13:17  Sending 64 directed DeAuth (code 7). STMAC: [FF:FF:FF:FF:FF:FF] [ 2| 3 ACKs]13:13:17  Sending 64 directed DeAuth (code 7). STMAC: [FF:FF:FF:FF:FF:FF] [ 2| 4 ACKs]13:13:17  Sending 64 directed DeAuth (code 7). STMAC: [FF:FF:FF:FF:FF:FF] [ 2| 5 ACKs]13:13:17  Sending 64 directed DeAuth (code 7). STMAC: [FF:FF:FF:FF:FF:FF] [ 2| 6 ACKs]13:13:17  Sending 64 directed DeAuth (code 7). STMAC: [FF:FF:FF:FF:FF:FF] [ 2| 7 ACKs]13:13:17  Sending 64 directed DeAuth (code 7). STMAC: [FF:FF:FF:FF:FF:FF] [ 2| 8 ACKs]13:13:17  Sending 64 directed DeAuth (code 7). STMAC: [FF:FF:FF:FF:FF:FF] [ 2| 9 ACKs]13:13:17  Sending 64 directed DeAuth (code 7). STMAC: [FF:FF:FF:FF:FF:FF] [ 2|10 ACKs]13:13:17  Sending 64 directed DeAuth (code 7). STMAC: [FF:FF:FF:FF:FF:FF] [ 2|11 ACKs]13:13:17  Sending 64 directed DeAuth (code 7). STMAC: [FF:FF:FF:FF:FF:FF] [ 2|12 ACKs]13:13:17  Sending 64 directed DeAuth (code 7). STMAC: [FF:FF:FF:FF:FF:FF] [ 2|13 ACKs]13:13:17  Sending 64 directed DeAuth (code 7). STMAC: [FF:FF:FF:FF:FF:FF] [ 3|13 ACKs]13:13:17  Sending 64 directed DeAuth (code 7). STMAC: [FF:FF:FF:FF:FF:FF] [ 3|14 ACKs]13:13:17  Sending 64 directed DeAuth (code 7). STMAC: [FF:FF:FF:FF:FF:FF] [ 3|15 ACKs]13:13:17  Sending 64 directed DeAuth (code 7). STMAC: [FF:FF:FF:FF:FF:FF] [ 3|16 ACKs]13:13:17  Sending 64 directed DeAuth (code 7). STMAC: [FF:FF:FF:FF:FF:FF] [ 3|17 ACKs]13:13:17  Sending 64 directed DeAuth (code 7). STMAC: [FF:FF:FF:FF:FF:FF] [ 3|18 ACKs]13:13:17  Sending 64 directed DeAuth (code 7). STMAC: [FF:FF:FF:FF:FF:FF] [ 3|19 ACKs]13:13:17  Sending 64 directed DeAuth (code 7). STMAC: [FF:FF:FF:FF:FF:FF] [ 3|20 ACKs]13:13:17  Sending 64 directed DeAuth (code 7). STMAC: [FF:FF:FF:FF:FF:FF] [ 3|21 ACKs]13:13:17  Sending 64 directed DeAuth (code 7). STMAC: [FF:FF:FF:FF:FF:FF] [ 3|22 ACKs]13:13:17  Sending 64 directed DeAuth (code 7). STMAC: [FF:FF:FF:FF:FF:FF] [ 3|23 ACKs]13:13:17  Sending 64 directed DeAuth (code 7). STMAC: [FF:FF:FF:FF:FF:FF] [ 3|24 ACKs]13:13:17  Sending 64 directed DeAuth (code 7). STMAC: [FF:FF:FF:FF:FF:FF] [ 3|25 ACKs]13:13:17  Sending 64 directed DeAuth (code 7). STMAC: [FF:FF:FF:FF:FF:FF] [ 3|26 ACKs]13:13:17  Sending 64 directed DeAuth (code 7). STMAC: [FF:FF:FF:FF:FF:FF] [ 3|27 ACKs]13:13:17  Sending 64 directed DeAuth (code 7). STMAC: [FF:FF:FF:FF:FF:FF] [ 3|28 ACKs]13:13:17  Sending 64 directed DeAuth (code 7). STMAC: [FF:FF:FF:FF:FF:FF] [ 3|29 ACKs]13:13:17  Sending 64 directed DeAuth (code 7). STMAC: [FF:FF:FF:FF:FF:FF] [ 3|30 ACKs]13:13:17  Sending 64 directed DeAuth (code 7). STMAC: [FF:FF:FF:FF:FF:FF] [ 3|31 ACKs]13:13:17  Sending 64 directed DeAuth (code 7). STMAC: [FF:FF:FF:FF:FF:FF] [ 3|32 ACKs]13:13:17  Sending 64 directed DeAuth (code 7). STMAC: [FF:FF:FF:FF:FF:FF] [ 3|33 ACKs]13:13:17  Sending 64 directed DeAuth (code 7). STMAC: [FF:FF:FF:FF:FF:FF] [ 3|34 ACKs]13:13:17  Sending 64 directed DeAuth (code 7). STMAC: [FF:FF:FF:FF:FF:FF] [ 3|35 ACKs]13:13:17  Sending 64 directed DeAuth (code 7). STMAC: [FF:FF:FF:FF:FF:FF] [ 3|36 ACKs]13:13:17  Sending 64 directed DeAuth (code 7). STMAC: [FF:FF:FF:FF:FF:FF] [ 3|37 ACKs]13:13:17  Sending 64 directed DeAuth (code 7). STMAC: [FF:FF:FF:FF:FF:FF] [ 3|38 ACKs]13:13:17  Sending 64 directed DeAuth (code 7). STMAC: [FF:FF:FF:FF:FF:FF] [ 3|39 ACKs]13:13:17  Sending 64 directed DeAuth (code 7). STMAC: [FF:FF:FF:FF:FF:FF] [ 3|40 ACKs]13:13:17  Sending 64 directed DeAuth (code 7). STMAC: [FF:FF:FF:FF:FF:FF] [ 3|41 ACKs]13:13:17  Sending 64 directed DeAuth (code 7). STMAC: [FF:FF:FF:FF:FF:FF] [ 3|42 ACKs]13:13:17  Sending 64 directed DeAuth (code 7). STMAC: [FF:FF:FF:FF:FF:FF] [ 3|43 ACKs]13:13:17  Sending 64 directed DeAuth (code 7). STMAC: [FF:FF:FF:FF:FF:FF] [ 3|44 ACKs]13:13:17  Sending 64 directed DeAuth (code 7). STMAC: [FF:FF:FF:FF:FF:FF] [ 3|45 ACKs]13:13:17  Sending 64 directed DeAuth (code 7). STMAC: [FF:FF:FF:FF:FF:FF] [ 3|46 ACKs]13:13:17  Sending 64 directed DeAuth (code 7). STMAC: [FF:FF:FF:FF:FF:FF] [ 3|47 ACKs]13:13:17  Sending 64 directed DeAuth (code 7). STMAC: [FF:FF:FF:FF:FF:FF] [ 3|48 ACKs]13:13:17  Sending 64 directed DeAuth (code 7). STMAC: [FF:FF:FF:FF:FF:FF] [ 3|49 ACKs]13:13:17  Sending 64 directed DeAuth (code 7). STMAC: [FF:FF:FF:FF:FF:FF] [ 3|50 ACKs]13:13:17  Sending 64 directed DeAuth (code 7). STMAC: [FF:FF:FF:FF:FF:FF] [ 3|51 ACKs]13:13:17  Sending 64 directed DeAuth (code 7). STMAC: [FF:FF:FF:FF:FF:FF] [ 3|52 ACKs]13:13:17  Sending 64 directed DeAuth (code 7). STMAC: [FF:FF:FF:FF:FF:FF] [ 3|53 ACKs]13:13:17  Sending 64 directed DeAuth (code 7). STMAC: [FF:FF:FF:FF:FF:FF] [ 3|54 ACKs]13:13:18  Sending 64 directed DeAuth (code 7). STMAC: [FF:FF:FF:FF:FF:FF] [ 3|55 ACKs]13:13:18  Sending 64 directed DeAuth (code 7). STMAC: [FF:FF:FF:FF:FF:FF] [ 3|56 ACKs]13:13:18  Sending 64 directed DeAuth (code 7). STMAC: [FF:FF:FF:FF:FF:FF] [ 3|57 ACKs]13:13:18  Sending 64 directed DeAuth (code 7). STMAC: [FF:FF:FF:FF:FF:FF] [ 3|58 ACKs]13:13:18  Sending 64 directed DeAuth (code 7). STMAC: [FF:FF:FF:FF:FF:FF] [ 3|59 ACKs]13:13:18  Sending 64 directed DeAuth (code 7). STMAC: [FF:FF:FF:FF:FF:FF] [ 3|60 ACKs]13:13:18  Sending 64 directed DeAuth (code 7). STMAC: [FF:FF:FF:FF:FF:FF] [ 3|61 ACKs]13:13:18  Sending 64 directed DeAuth (code 7). STMAC: [FF:FF:FF:FF:FF:FF] [ 3|62 ACKs]13:13:18  Sending 64 directed DeAuth (code 7). STMAC: [FF:FF:FF:FF:FF:FF] [ 3|63 ACKs]13:13:18  Sending 64 directed DeAuth (code 7). STMAC: [FF:FF:FF:FF:FF:FF] [ 3|64 ACKs]13:13:18  Sending 64 directed DeAuth (code 7). STMAC: [FF:FF:FF:FF:FF:FF] [ 3|65 ACKs]
13:13:18  Sending 64 directed DeAuth (code 7). STMAC: [FF:FF:FF:FF:FF:FF] [ 0| 0 ACKs]13:13:18  Sending 64 directed DeAuth (code 7). STMAC: [FF:FF:FF:FF:FF:FF] [ 0| 0 ACKs]13:13:18  Sending 64 directed DeAuth (code 7). STMAC: [FF:FF:FF:FF:FF:FF] [ 0| 1 ACKs]13:13:18  Sending 64 directed DeAuth (code 7). STMAC: [FF:FF:FF:FF:FF:FF] [ 1| 1 ACKs]13:13:18  Sending 64 directed DeAuth (code 7). STMAC: [FF:FF:FF:FF:FF:FF] [ 1| 2 ACKs]13:13:18  Sending 64 directed DeAuth (code 7). STMAC: [FF:FF:FF:FF:FF:FF] [ 2| 2 ACKs]13:13:18  Sending 64 directed DeAuth (code 7). STMAC: [FF:FF:FF:FF:FF:FF] [ 2| 3 ACKs]13:13:18  Sending 64 directed DeAuth (code 7). STMAC: [FF:FF:FF:FF:FF:FF] [ 3| 3 ACKs]13:13:18  Sending 64 directed DeAuth (code 7). STMAC: [FF:FF:FF:FF:FF:FF] [ 3| 4 ACKs]13:13:18  Sending 64 directed DeAuth (code 7). STMAC: [FF:FF:FF:FF:FF:FF] [ 4| 4 ACKs]13:13:18  Sending 64 directed DeAuth (code 7). STMAC: [FF:FF:FF:FF:FF:FF] [ 4| 5 ACKs]13:13:18  Sending 64 directed DeAuth (code 7). STMAC: [FF:FF:FF:FF:FF:FF] [ 5| 5 ACKs]13:13:18  Sending 64 directed DeAuth (code 7). STMAC: [FF:FF:FF:FF:FF:FF] [ 5| 6 ACKs]13:13:18  Sending 64 directed DeAuth (code 7). STMAC: [FF:FF:FF:FF:FF:FF] [ 5| 7 ACKs]13:13:18  Sending 64 directed DeAuth (code 7). STMAC: [FF:FF:FF:FF:FF:FF] [ 6| 7 ACKs]13:13:18  Sending 64 directed DeAuth (code 7). STMAC: [FF:FF:FF:FF:FF:FF] [ 6| 8 ACKs]13:13:18  Sending 64 directed DeAuth (code 7). STMAC: [FF:FF:FF:FF:FF:FF] [ 7| 8 ACKs]13:13:18  Sending 64 directed DeAuth (code 7). STMAC: [FF:FF:FF:FF:FF:FF] [ 7| 9 ACKs]13:13:18  Sending 64 directed DeAuth (code 7). STMAC: [FF:FF:FF:FF:FF:FF] [ 7|10 ACKs]13:13:18  Sending 64 directed DeAuth (code 7). STMAC: [FF:FF:FF:FF:FF:FF] [ 8|10 ACKs]13:13:18  Sending 64 directed DeAuth (code 7). STMAC: [FF:FF:FF:FF:FF:FF] [ 8|11 ACKs]13:13:18  Sending 64 directed DeAuth (code 7). STMAC: [FF:FF:FF:FF:FF:FF] [ 9|11 ACKs]13:13:18  Sending 64 directed DeAuth (code 7). STMAC: [FF:FF:FF:FF:FF:FF] [ 9|12 ACKs]13:13:18  Sending 64 directed DeAuth (code 7). STMAC: [FF:FF:FF:FF:FF:FF] [ 9|13 ACKs]13:13:18  Sending 64 directed DeAuth (code 7). STMAC: [FF:FF:FF:FF:FF:FF] [10|13 ACKs]13:13:18  Sending 64 directed DeAuth (code 7). STMAC: [FF:FF:FF:FF:FF:FF] [10|14 ACKs]13:13:18  Sending 64 directed DeAuth (code 7). STMAC: [FF:FF:FF:FF:FF:FF] [11|14 ACKs]13:13:18  Sending 64 directed DeAuth (code 7). STMAC: [FF:FF:FF:FF:FF:FF] [11|15 ACKs]13:13:18  Sending 64 directed DeAuth (code 7). STMAC: [FF:FF:FF:FF:FF:FF] [12|15 ACKs]13:13:18  Sending 64 directed DeAuth (code 7). STMAC: [FF:FF:FF:FF:FF:FF] [12|16 ACKs]13:13:18  Sending 64 directed DeAuth (code 7). STMAC: [FF:FF:FF:FF:FF:FF] [12|16 ACKs]13:13:18  Sending 64 directed DeAuth (code 7). STMAC: [FF:FF:FF:FF:FF:FF] [12|17 ACKs]13:13:18  Sending 64 directed DeAuth (code 7). STMAC: [FF:FF:FF:FF:FF:FF] [12|18 ACKs]13:13:18  Sending 64 directed DeAuth (code 7). STMAC: [FF:FF:FF:FF:FF:FF] [12|19 ACKs]13:13:18  Sending 64 directed DeAuth (code 7). STMAC: [FF:FF:FF:FF:FF:FF] [12|20 ACKs]13:13:18  Sending 64 directed DeAuth (code 7). STMAC: [FF:FF:FF:FF:FF:FF] [12|21 ACKs]13:13:18  Sending 64 directed DeAuth (code 7). STMAC: [FF:FF:FF:FF:FF:FF] [12|22 ACKs]13:13:18  Sending 64 directed DeAuth (code 7). STMAC: [FF:FF:FF:FF:FF:FF] [12|23 ACKs]13:13:18  Sending 64 directed DeAuth (code 7). STMAC: [FF:FF:FF:FF:FF:FF] [12|24 ACKs]13:13:18  Sending 64 directed DeAuth (code 7). STMAC: [FF:FF:FF:FF:FF:FF] [12|25 ACKs]13:13:18  Sending 64 directed DeAuth (code 7). STMAC: [FF:FF:FF:FF:FF:FF] [12|26 ACKs]13:13:18  Sending 64 directed DeAuth (code 7). STMAC: [FF:FF:FF:FF:FF:FF] [12|27 ACKs]13:13:18  Sending 64 directed DeAuth (code 7). STMAC: [FF:FF:FF:FF:FF:FF] [12|28 ACKs]13:13:18  Sending 64 directed DeAuth (code 7). STMAC: [FF:FF:FF:FF:FF:FF] [12|29 ACKs]13:13:18  Sending 64 directed DeAuth (code 7). STMAC: [FF:FF:FF:FF:FF:FF] [12|30 ACKs]13:13:18  Sending 64 directed DeAuth (code 7). STMAC: [FF:FF:FF:FF:FF:FF] [12|31 ACKs]13:13:18  Sending 64 directed DeAuth (code 7). STMAC: [FF:FF:FF:FF:FF:FF] [12|32 ACKs]13:13:18  Sending 64 directed DeAuth (code 7). STMAC: [FF:FF:FF:FF:FF:FF] [12|33 ACKs]13:13:18  Sending 64 directed DeAuth (code 7). STMAC: [FF:FF:FF:FF:FF:FF] [12|34 ACKs]13:13:18  Sending 64 directed DeAuth (code 7). STMAC: [FF:FF:FF:FF:FF:FF] [12|35 ACKs]13:13:18  Sending 64 directed DeAuth (code 7). STMAC: [FF:FF:FF:FF:FF:FF] [12|36 ACKs]13:13:18  Sending 64 directed DeAuth (code 7). STMAC: [FF:FF:FF:FF:FF:FF] [12|37 ACKs]13:13:18  Sending 64 directed DeAuth (code 7). STMAC: [FF:FF:FF:FF:FF:FF] [12|38 ACKs]13:13:18  Sending 64 directed DeAuth (code 7). STMAC: [FF:FF:FF:FF:FF:FF] [12|39 ACKs]13:13:18  Sending 64 directed DeAuth (code 7). STMAC: [FF:FF:FF:FF:FF:FF] [12|40 ACKs]13:13:18  Sending 64 directed DeAuth (code 7). STMAC: [FF:FF:FF:FF:FF:FF] [12|41 ACKs]13:13:18  Sending 64 directed DeAuth (code 7). STMAC: [FF:FF:FF:FF:FF:FF] [12|42 ACKs]13:13:18  Sending 64 directed DeAuth (code 7). STMAC: [FF:FF:FF:FF:FF:FF] [12|43 ACKs]13:13:18  Sending 64 directed DeAuth (code 7). STMAC: [FF:FF:FF:FF:FF:FF] [12|44 ACKs]13:13:18  Sending 64 directed DeAuth (code 7). STMAC: [FF:FF:FF:FF:FF:FF] [12|45 ACKs]13:13:18  Sending 64 directed DeAuth (code 7). STMAC: [FF:FF:FF:FF:FF:FF] [12|46 ACKs]13:13:18  Sending 64 directed DeAuth (code 7). STMAC: [FF:FF:FF:FF:FF:FF] [12|47 ACKs]13:13:18  Sending 64 directed DeAuth (code 7). STMAC: [FF:FF:FF:FF:FF:FF] [12|48 ACKs]13:13:18  Sending 64 directed DeAuth (code 7). STMAC: [FF:FF:FF:FF:FF:FF] [12|49 ACKs]13:13:18  Sending 64 directed DeAuth (code 7). STMAC: [FF:FF:FF:FF:FF:FF] [12|50 ACKs]13:13:18  Sending 64 directed DeAuth (code 7). STMAC: [FF:FF:FF:FF:FF:FF] [12|51 ACKs]13:13:18  Sending 64 directed DeAuth (code 7). STMAC: [FF:FF:FF:FF:FF:FF] [12|52 ACKs]13:13:18  Sending 64 directed DeAuth (code 7). STMAC: [FF:FF:FF:FF:FF:FF] [12|53 ACKs]13:13:18  Sending 64 directed DeAuth (code 7). STMAC: [FF:FF:FF:FF:FF:FF] [12|54 ACKs]13:13:18  Sending 64 directed DeAuth (code 7). STMAC: [FF:FF:FF:FF:FF:FF] [12|55 ACKs]13:13:18  Sending 64 directed DeAuth (code 7). STMAC: [FF:FF:FF:FF:FF:FF] [12|56 ACKs]13:13:18  Sending 64 directed DeAuth (code 7). STMAC: [FF:FF:FF:FF:FF:FF] [12|57 ACKs]13:13:18  Sending 64 directed DeAuth (code 7). STMAC: [FF:FF:FF:FF:FF:FF] [12|58 ACKs]13:13:18  Sending 64 directed DeAuth (code 7). STMAC: [FF:FF:FF:FF:FF:FF] [12|59 ACKs]13:13:18  Sending 64 directed DeAuth (code 7). STMAC: [FF:FF:FF:FF:FF:FF] [12|60 ACKs]13:13:18  Sending 64 directed DeAuth (code 7). STMAC: [FF:FF:FF:FF:FF:FF] [12|61 ACKs]13:13:18  Sending 64 directed DeAuth (code 7). STMAC: [FF:FF:FF:FF:FF:FF] [12|62 ACKs]13:13:18  Sending 64 directed DeAuth (code 7). STMAC: [FF:FF:FF:FF:FF:FF] [12|63 ACKs]13:13:18  Sending 64 directed DeAuth (code 7). STMAC: [FF:FF:FF:FF:FF:FF] [12|64 ACKs]
13:13:18  Sending 64 directed DeAuth (code 7). STMAC: [FF:FF:FF:FF:FF:FF] [ 0| 0 ACKs]13:13:18  Sending 64 directed DeAuth (code 7). STMAC: [FF:FF:FF:FF:FF:FF] [ 0| 1 ACKs]13:13:18  Sending 64 directed DeAuth (code 7). STMAC: [FF:FF:FF:FF:FF:FF] [ 0| 2 ACKs]13:13:18  Sending 64 directed DeAuth (code 7). STMAC: [FF:FF:FF:FF:FF:FF] [ 0| 3 ACKs]13:13:18  Sending 64 directed DeAuth (code 7). STMAC: [FF:FF:FF:FF:FF:FF] [ 0| 4 ACKs]13:13:18  Sending 64 directed DeAuth (code 7). STMAC: [FF:FF:FF:FF:FF:FF] [ 0| 5 ACKs]13:13:18  Sending 64 directed DeAuth (code 7). STMAC: [FF:FF:FF:FF:FF:FF] [ 0| 6 ACKs]13:13:18  Sending 64 directed DeAuth (code 7). STMAC: [FF:FF:FF:FF:FF:FF] [ 0| 7 ACKs]13:13:18  Sending 64 directed DeAuth (code 7). STMAC: [FF:FF:FF:FF:FF:FF] [ 0| 8 ACKs]13:13:18  Sending 64 directed DeAuth (code 7). STMAC: [FF:FF:FF:FF:FF:FF] [ 0| 9 ACKs]13:13:18  Sending 64 directed DeAuth (code 7). STMAC: [FF:FF:FF:FF:FF:FF] [ 0|10 ACKs]13:13:18  Sending 64 directed DeAuth (code 7). STMAC: [FF:FF:FF:FF:FF:FF] [ 0|11 ACKs]13:13:18  Sending 64 directed DeAuth (code 7). STMAC: [FF:FF:FF:FF:FF:FF] [ 0|12 ACKs]13:13:18  Sending 64 directed DeAuth (code 7). STMAC: [FF:FF:FF:FF:FF:FF] [ 0|13 ACKs]13:13:18  Sending 64 directed DeAuth (code 7). STMAC: [FF:FF:FF:FF:FF:FF] [ 0|14 ACKs]13:13:18  Sending 64 directed DeAuth (code 7). STMAC: [FF:FF:FF:FF:FF:FF] [ 0|15 ACKs]13:13:18  Sending 64 directed DeAuth (code 7). STMAC: [FF:FF:FF:FF:FF:FF] [ 0|16 ACKs]13:13:18  Sending 64 directed DeAuth (code 7). STMAC: [FF:FF:FF:FF:FF:FF] [ 0|17 ACKs]13:13:18  Sending 64 directed DeAuth (code 7). STMAC: [FF:FF:FF:FF:FF:FF] [ 0|18 ACKs]13:13:18  Sending 64 directed DeAuth (code 7). STMAC: [FF:FF:FF:FF:FF:FF] [ 0|19 ACKs]13:13:18  Sending 64 directed DeAuth (code 7). STMAC: [FF:FF:FF:FF:FF:FF] [ 0|20 ACKs]13:13:18  Sending 64 directed DeAuth (code 7). STMAC: [FF:FF:FF:FF:FF:FF] [ 0|21 ACKs]13:13:18  Sending 64 directed DeAuth (code 7). STMAC: [FF:FF:FF:FF:FF:FF] [ 0|22 ACKs]13:13:18  Sending 64 directed DeAuth (code 7). STMAC: [FF:FF:FF:FF:FF:FF] [ 0|23 ACKs]13:13:18  Sending 64 directed DeAuth (code 7). STMAC: [FF:FF:FF:FF:FF:FF] [ 0|24 ACKs]13:13:18  Sending 64 directed DeAuth (code 7). STMAC: [FF:FF:FF:FF:FF:FF] [ 0|25 ACKs]13:13:18  Sending 64 directed DeAuth (code 7). STMAC: [FF:FF:FF:FF:FF:FF] [ 0|26 ACKs]13:13:18  Sending 64 directed DeAuth (code 7). STMAC: [FF:FF:FF:FF:FF:FF] [ 0|27 ACKs]13:13:18  Sending 64 directed DeAuth (code 7). STMAC: [FF:FF:FF:FF:FF:FF] [ 0|28 ACKs]13:13:18  Sending 64 directed DeAuth (code 7). STMAC: [FF:FF:FF:FF:FF:FF] [ 0|29 ACKs]13:13:18  Sending 64 directed DeAuth (code 7). STMAC: [FF:FF:FF:FF:FF:FF] [ 0|30 ACKs]13:13:18  Sending 64 directed DeAuth (code 7). STMAC: [FF:FF:FF:FF:FF:FF] [ 0|31 ACKs]13:13:18  Sending 64 directed DeAuth (code 7). STMAC: [FF:FF:FF:FF:FF:FF] [ 0|32 ACKs]13:13:18  Sending 64 directed DeAuth (code 7). STMAC: [FF:FF:FF:FF:FF:FF] [ 0|33 ACKs]13:13:18  Sending 64 directed DeAuth (code 7). STMAC: [FF:FF:FF:FF:FF:FF] [ 0|34 ACKs]13:13:19  Sending 64 directed DeAuth (code 7). STMAC: [FF:FF:FF:FF:FF:FF] [ 1|34 ACKs]13:13:19  Sending 64 directed DeAuth (code 7). STMAC: [FF:FF:FF:FF:FF:FF] [ 1|35 ACKs]13:13:19  Sending 64 directed DeAuth (code 7). STMAC: [FF:FF:FF:FF:FF:FF] [ 1|36 ACKs]13:13:19  Sending 64 directed DeAuth (code 7). STMAC: [FF:FF:FF:FF:FF:FF] [ 2|36 ACKs]13:13:19  Sending 64 directed DeAuth (code 7). STMAC: [FF:FF:FF:FF:FF:FF] [ 2|37 ACKs]13:13:19  Sending 64 directed DeAuth (code 7). STMAC: [FF:FF:FF:FF:FF:FF] [ 3|37 ACKs]13:13:19  Sending 64 directed DeAuth (code 7). STMAC: [FF:FF:FF:FF:FF:FF] [ 3|38 ACKs]13:13:19  Sending 64 directed DeAuth (code 7). STMAC: [FF:FF:FF:FF:FF:FF] [ 4|38 ACKs]13:13:19  Sending 64 directed DeAuth (code 7). STMAC: [FF:FF:FF:FF:FF:FF] [ 4|39 ACKs]13:13:19  Sending 64 directed DeAuth (code 7). STMAC: [FF:FF:FF:FF:FF:FF] [ 5|39 ACKs]13:13:19  Sending 64 directed DeAuth (code 7). STMAC: [FF:FF:FF:FF:FF:FF] [ 5|40 ACKs]13:13:19  Sending 64 directed DeAuth (code 7). STMAC: [FF:FF:FF:FF:FF:FF] [ 6|40 ACKs]13:13:19  Sending 64 directed DeAuth (code 7). STMAC: [FF:FF:FF:FF:FF:FF] [ 6|41 ACKs]13:13:19  Sending 64 directed DeAuth (code 7). STMAC: [FF:FF:FF:FF:FF:FF] [ 7|41 ACKs]13:13:19  Sending 64 directed DeAuth (code 7). STMAC: [FF:FF:FF:FF:FF:FF] [ 7|42 ACKs]13:13:19  Sending 64 directed DeAuth (code 7). STMAC: [FF:FF:FF:FF:FF:FF] [ 8|42 ACKs]13:13:19  Sending 64 directed DeAuth (code 7). STMAC: [FF:FF:FF:FF:FF:FF] [ 8|43 ACKs]13:13:19  Sending 64 directed DeAuth (code 7). STMAC: [FF:FF:FF:FF:FF:FF] [ 9|43 ACKs]13:13:19  Sending 64 directed DeAuth (code 7). STMAC: [FF:FF:FF:FF:FF:FF] [ 9|44 ACKs]13:13:19  Sending 64 directed DeAuth (code 7). STMAC: [FF:FF:FF:FF:FF:FF] [10|44 ACKs]13:13:19  Sending 64 directed DeAuth (code 7). STMAC: [FF:FF:FF:FF:FF:FF] [10|45 ACKs]13:13:19  Sending 64 directed DeAuth (code 7). STMAC: [FF:FF:FF:FF:FF:FF] [11|45 ACKs]13:13:19  Sending 64 directed DeAuth (code 7). STMAC: [FF:FF:FF:FF:FF:FF] [11|46 ACKs]13:13:19  Sending 64 directed DeAuth (code 7). STMAC: [FF:FF:FF:FF:FF:FF] [12|46 ACKs]13:13:19  Sending 64 directed DeAuth (code 7). STMAC: [FF:FF:FF:FF:FF:FF] [12|47 ACKs]13:13:19  Sending 64 directed DeAuth (code 7). STMAC: [FF:FF:FF:FF:FF:FF] [13|47 ACKs]13:13:19  Sending 64 directed DeAuth (code 7). STMAC: [FF:FF:FF:FF:FF:FF] [13|48 ACKs]13:13:19  Sending 64 directed DeAuth (code 7). STMAC: [FF:FF:FF:FF:FF:FF] [14|48 ACKs]13:13:19  Sending 64 directed DeAuth (code 7). STMAC: [FF:FF:FF:FF:FF:FF] [14|49 ACKs]13:13:19  Sending 64 directed DeAuth (code 7). STMAC: [FF:FF:FF:FF:FF:FF] [14|50 ACKs]13:13:19  Sending 64 directed DeAuth (code 7). STMAC: [FF:FF:FF:FF:FF:FF] [14|50 ACKs]13:13:19  Sending 64 directed DeAuth (code 7). STMAC: [FF:FF:FF:FF:FF:FF] [14|51 ACKs]13:13:19  Sending 64 directed DeAuth (code 7). STMAC: [FF:FF:FF:FF:FF:FF] [14|51 ACKs]13:13:19  Sending 64 directed DeAuth (code 7). STMAC: [FF:FF:FF:FF:FF:FF] [15|51 ACKs]13:13:19  Sending 64 directed DeAuth (code 7). STMAC: [FF:FF:FF:FF:FF:FF] [15|52 ACKs]13:13:19  Sending 64 directed DeAuth (code 7). STMAC: [FF:FF:FF:FF:FF:FF] [16|52 ACKs]13:13:19  Sending 64 directed DeAuth (code 7). STMAC: [FF:FF:FF:FF:FF:FF] [16|53 ACKs]13:13:19  Sending 64 directed DeAuth (code 7). STMAC: [FF:FF:FF:FF:FF:FF] [17|53 ACKs]13:13:19  Sending 64 directed DeAuth (code 7). STMAC: [FF:FF:FF:FF:FF:FF] [17|54 ACKs]13:13:19  Sending 64 directed DeAuth (code 7). STMAC: [FF:FF:FF:FF:FF:FF] [18|54 ACKs]13:13:19  Sending 64 directed DeAuth (code 7). STMAC: [FF:FF:FF:FF:FF:FF] [18|55 ACKs]13:13:19  Sending 64 directed DeAuth (code 7). STMAC: [FF:FF:FF:FF:FF:FF] [19|55 ACKs]13:13:19  Sending 64 directed DeAuth (code 7). STMAC: [FF:FF:FF:FF:FF:FF] [19|56 ACKs]13:13:19  Sending 64 directed DeAuth (code 7). STMAC: [FF:FF:FF:FF:FF:FF] [20|56 ACKs]13:13:19  Sending 64 directed DeAuth (code 7). STMAC: [FF:FF:FF:FF:FF:FF] [20|57 ACKs]13:13:19  Sending 64 directed DeAuth (code 7). STMAC: [FF:FF:FF:FF:FF:FF] [21|57 ACKs]13:13:19  Sending 64 directed DeAuth (code 7). STMAC: [FF:FF:FF:FF:FF:FF] [21|58 ACKs]13:13:19  Sending 64 directed DeAuth (code 7). STMAC: [FF:FF:FF:FF:FF:FF] [22|58 ACKs]13:13:19  Sending 64 directed DeAuth (code 7). STMAC: [FF:FF:FF:FF:FF:FF] [22|59 ACKs]13:13:19  Sending 64 directed DeAuth (code 7). STMAC: [FF:FF:FF:FF:FF:FF] [23|59 ACKs]13:13:19  Sending 64 directed DeAuth (code 7). STMAC: [FF:FF:FF:FF:FF:FF] [23|60 ACKs]13:13:19  Sending 64 directed DeAuth (code 7). STMAC: [FF:FF:FF:FF:FF:FF] [23|61 ACKs]13:13:19  Sending 64 directed DeAuth (code 7). STMAC: [FF:FF:FF:FF:FF:FF] [24|61 ACKs]13:13:19  Sending 64 directed DeAuth (code 7). STMAC: [FF:FF:FF:FF:FF:FF] [24|62 ACKs]13:13:19  Sending 64 directed DeAuth (code 7). STMAC: [FF:FF:FF:FF:FF:FF] [25|62 ACKs]13:13:19  Sending 64 directed DeAuth (code 7). STMAC: [FF:FF:FF:FF:FF:FF] [25|63 ACKs]13:13:19  Sending 64 directed DeAuth (code 7). STMAC: [FF:FF:FF:FF:FF:FF] [26|63 ACKs]13:13:19  Sending 64 directed DeAuth (code 7). STMAC: [FF:FF:FF:FF:FF:FF] [26|64 ACKs]
13:13:19  Sending 64 directed DeAuth (code 7). STMAC: [FF:FF:FF:FF:FF:FF] [ 0| 0 ACKs]13:13:19  Sending 64 directed DeAuth (code 7). STMAC: [FF:FF:FF:FF:FF:FF] [ 0| 0 ACKs]13:13:19  Sending 64 directed DeAuth (code 7). STMAC: [FF:FF:FF:FF:FF:FF] [ 0| 1 ACKs]13:13:19  Sending 64 directed DeAuth (code 7). STMAC: [FF:FF:FF:FF:FF:FF] [ 0| 2 ACKs]13:13:19  Sending 64 directed DeAuth (code 7). STMAC: [FF:FF:FF:FF:FF:FF] [ 0| 3 ACKs]13:13:19  Sending 64 directed DeAuth (code 7). STMAC: [FF:FF:FF:FF:FF:FF] [ 0| 4 ACKs]13:13:19  Sending 64 directed DeAuth (code 7). STMAC: [FF:FF:FF:FF:FF:FF] [ 0| 5 ACKs]13:13:19  Sending 64 directed DeAuth (code 7). STMAC: [FF:FF:FF:FF:FF:FF] [ 0| 6 ACKs]13:13:19  Sending 64 directed DeAuth (code 7). STMAC: [FF:FF:FF:FF:FF:FF] [ 0| 7 ACKs]13:13:19  Sending 64 directed DeAuth (code 7). STMAC: [FF:FF:FF:FF:FF:FF] [ 0| 8 ACKs]13:13:19  Sending 64 directed DeAuth (code 7). STMAC: [FF:FF:FF:FF:FF:FF] [ 0| 9 ACKs]13:13:19  Sending 64 directed DeAuth (code 7). STMAC: [FF:FF:FF:FF:FF:FF] [ 0|10 ACKs]13:13:19  Sending 64 directed DeAuth (code 7). STMAC: [FF:FF:FF:FF:FF:FF] [ 0|11 ACKs]13:13:19  Sending 64 directed DeAuth (code 7). STMAC: [FF:FF:FF:FF:FF:FF] [ 0|12 ACKs]13:13:19  Sending 64 directed DeAuth (code 7). STMAC: [FF:FF:FF:FF:FF:FF] [ 0|13 ACKs]13:13:19  Sending 64 directed DeAuth (code 7). STMAC: [FF:FF:FF:FF:FF:FF] [ 0|14 ACKs]13:13:19  Sending 64 directed DeAuth (code 7). STMAC: [FF:FF:FF:FF:FF:FF] [ 0|15 ACKs]13:13:19  Sending 64 directed DeAuth (code 7). STMAC: [FF:FF:FF:FF:FF:FF] [ 0|16 ACKs]13:13:19  Sending 64 directed DeAuth (code 7). STMAC: [FF:FF:FF:FF:FF:FF] [ 0|17 ACKs]13:13:19  Sending 64 directed DeAuth (code 7). STMAC: [FF:FF:FF:FF:FF:FF] [ 0|18 ACKs]13:13:19  Sending 64 directed DeAuth (code 7). STMAC: [FF:FF:FF:FF:FF:FF] [ 0|19 ACKs]13:13:19  Sending 64 directed DeAuth (code 7). STMAC: [FF:FF:FF:FF:FF:FF] [ 0|20 ACKs]13:13:19  Sending 64 directed DeAuth (code 7). STMAC: [FF:FF:FF:FF:FF:FF] [ 0|21 ACKs]13:13:19  Sending 64 directed DeAuth (code 7). STMAC: [FF:FF:FF:FF:FF:FF] [ 0|22 ACKs]13:13:19  Sending 64 directed DeAuth (code 7). STMAC: [FF:FF:FF:FF:FF:FF] [ 0|23 ACKs]13:13:19  Sending 64 directed DeAuth (code 7). STMAC: [FF:FF:FF:FF:FF:FF] [ 0|24 ACKs]13:13:19  Sending 64 directed DeAuth (code 7). STMAC: [FF:FF:FF:FF:FF:FF] [ 0|25 ACKs]13:13:19  Sending 64 directed DeAuth (code 7). STMAC: [FF:FF:FF:FF:FF:FF] [ 0|26 ACKs]13:13:19  Sending 64 directed DeAuth (code 7). STMAC: [FF:FF:FF:FF:FF:FF] [ 0|27 ACKs]13:13:19  Sending 64 directed DeAuth (code 7). STMAC: [FF:FF:FF:FF:FF:FF] [ 0|28 ACKs]13:13:19  Sending 64 directed DeAuth (code 7). STMAC: [FF:FF:FF:FF:FF:FF] [ 0|29 ACKs]13:13:19  Sending 64 directed DeAuth (code 7). STMAC: [FF:FF:FF:FF:FF:FF] [ 0|30 ACKs]13:13:19  Sending 64 directed DeAuth (code 7). STMAC: [FF:FF:FF:FF:FF:FF] [ 0|31 ACKs]13:13:19  Sending 64 directed DeAuth (code 7). STMAC: [FF:FF:FF:FF:FF:FF] [ 0|32 ACKs]13:13:19  Sending 64 directed DeAuth (code 7). STMAC: [FF:FF:FF:FF:FF:FF] [ 0|33 ACKs]13:13:19  Sending 64 directed DeAuth (code 7). STMAC: [FF:FF:FF:FF:FF:FF] [ 0|34 ACKs]13:13:19  Sending 64 directed DeAuth (code 7). STMAC: [FF:FF:FF:FF:FF:FF] [ 0|35 ACKs]13:13:19  Sending 64 directed DeAuth (code 7). STMAC: [FF:FF:FF:FF:FF:FF] [ 0|36 ACKs]13:13:19  Sending 64 directed DeAuth (code 7). STMAC: [FF:FF:FF:FF:FF:FF] [ 0|37 ACKs]13:13:19  Sending 64 directed DeAuth (code 7). STMAC: [FF:FF:FF:FF:FF:FF] [ 0|38 ACKs]13:13:19  Sending 64 directed DeAuth (code 7). STMAC: [FF:FF:FF:FF:FF:FF] [ 0|39 ACKs]13:13:19  Sending 64 directed DeAuth (code 7). STMAC: [FF:FF:FF:FF:FF:FF] [ 0|40 ACKs]13:13:19  Sending 64 directed DeAuth (code 7). STMAC: [FF:FF:FF:FF:FF:FF] [ 0|41 ACKs]13:13:19  Sending 64 directed DeAuth (code 7). STMAC: [FF:FF:FF:FF:FF:FF] [ 1|41 ACKs]13:13:19  Sending 64 directed DeAuth (code 7). STMAC: [FF:FF:FF:FF:FF:FF] [ 1|42 ACKs]13:13:19  Sending 64 directed DeAuth (code 7). STMAC: [FF:FF:FF:FF:FF:FF] [ 1|43 ACKs]13:13:19  Sending 64 directed DeAuth (code 7). STMAC: [FF:FF:FF:FF:FF:FF] [ 1|44 ACKs]13:13:19  Sending 64 directed DeAuth (code 7). STMAC: [FF:FF:FF:FF:FF:FF] [ 1|45 ACKs]13:13:19  Sending 64 directed DeAuth (code 7). STMAC: [FF:FF:FF:FF:FF:FF] [ 1|46 ACKs]13:13:19  Sending 64 directed DeAuth (code 7). STMAC: [FF:FF:FF:FF:FF:FF] [ 1|47 ACKs]13:13:19  Sending 64 directed DeAuth (code 7). STMAC: [FF:FF:FF:FF:FF:FF] [ 1|48 ACKs]13:13:19  Sending 64 directed DeAuth (code 7). STMAC: [FF:FF:FF:FF:FF:FF] [ 1|49 ACKs]13:13:19  Sending 64 directed DeAuth (code 7). STMAC: [FF:FF:FF:FF:FF:FF] [ 1|50 ACKs]13:13:19  Sending 64 directed DeAuth (code 7). STMAC: [FF:FF:FF:FF:FF:FF] [ 1|51 ACKs]13:13:19  Sending 64 directed DeAuth (code 7). STMAC: [FF:FF:FF:FF:FF:FF] [ 1|52 ACKs]13:13:19  Sending 64 directed DeAuth (code 7). STMAC: [FF:FF:FF:FF:FF:FF] [ 1|53 ACKs]13:13:19  Sending 64 directed DeAuth (code 7). STMAC: [FF:FF:FF:FF:FF:FF] [ 1|54 ACKs]13:13:19  Sending 64 directed DeAuth (code 7). STMAC: [FF:FF:FF:FF:FF:FF] [ 1|55 ACKs]13:13:19  Sending 64 directed DeAuth (code 7). STMAC: [FF:FF:FF:FF:FF:FF] [ 1|56 ACKs]13:13:19  Sending 64 directed DeAuth (code 7). STMAC: [FF:FF:FF:FF:FF:FF] [ 1|57 ACKs]13:13:19  Sending 64 directed DeAuth (code 7). STMAC: [FF:FF:FF:FF:FF:FF] [ 1|58 ACKs]13:13:19  Sending 64 directed DeAuth (code 7). STMAC: [FF:FF:FF:FF:FF:FF] [ 1|59 ACKs]13:13:19  Sending 64 directed DeAuth (code 7). STMAC: [FF:FF:FF:FF:FF:FF] [ 1|60 ACKs]13:13:19  Sending 64 directed DeAuth (code 7). STMAC: [FF:FF:FF:FF:FF:FF] [ 1|61 ACKs]13:13:19  Sending 64 directed DeAuth (code 7). STMAC: [FF:FF:FF:FF:FF:FF] [ 1|62 ACKs]13:13:19  Sending 64 directed DeAuth (code 7). STMAC: [FF:FF:FF:FF:FF:FF] [ 1|63 ACKs]13:13:19  Sending 64 directed DeAuth (code 7). STMAC: [FF:FF:FF:FF:FF:FF] [ 1|64 ACKs]
13:13:19  Sending 64 directed DeAuth (code 7). STMAC: [FF:FF:FF:FF:FF:FF] [ 0| 0 ACKs]13:13:19  Sending 64 directed DeAuth (code 7). STMAC: [FF:FF:FF:FF:FF:FF] [ 0| 1 ACKs]13:13:19  Sending 64 directed DeAuth (code 7). STMAC: [FF:FF:FF:FF:FF:FF] [ 0| 2 ACKs]13:13:19  Sending 64 directed DeAuth (code 7). STMAC: [FF:FF:FF:FF:FF:FF] [ 0| 3 ACKs]13:13:19  Sending 64 directed DeAuth (code 7). STMAC: [FF:FF:FF:FF:FF:FF] [ 0| 4 ACKs]13:13:19  Sending 64 directed DeAuth (code 7). STMAC: [FF:FF:FF:FF:FF:FF] [ 0| 5 ACKs]13:13:19  Sending 64 directed DeAuth (code 7). STMAC: [FF:FF:FF:FF:FF:FF] [ 0| 6 ACKs]13:13:19  Sending 64 directed DeAuth (code 7). STMAC: [FF:FF:FF:FF:FF:FF] [ 0| 7 ACKs]13:13:19  Sending 64 directed DeAuth (code 7). STMAC: [FF:FF:FF:FF:FF:FF] [ 0| 8 ACKs]13:13:19  Sending 64 directed DeAuth (code 7). STMAC: [FF:FF:FF:FF:FF:FF] [ 1| 8 ACKs]13:13:19  Sending 64 directed DeAuth (code 7). STMAC: [FF:FF:FF:FF:FF:FF] [ 1| 9 ACKs]13:13:19  Sending 64 directed DeAuth (code 7). STMAC: [FF:FF:FF:FF:FF:FF] [ 1|10 ACKs]13:13:19  Sending 64 directed DeAuth (code 7). STMAC: [FF:FF:FF:FF:FF:FF] [ 1|11 ACKs]13:13:19  Sending 64 directed DeAuth (code 7). STMAC: [FF:FF:FF:FF:FF:FF] [ 1|12 ACKs]13:13:19  Sending 64 directed DeAuth (code 7). STMAC: [FF:FF:FF:FF:FF:FF] [ 1|13 ACKs]13:13:19  Sending 64 directed DeAuth (code 7). STMAC: [FF:FF:FF:FF:FF:FF] [ 1|14 ACKs]13:13:20  Sending 64 directed DeAuth (code 7). STMAC: [FF:FF:FF:FF:FF:FF] [ 1|15 ACKs]13:13:20  Sending 64 directed DeAuth (code 7). STMAC: [FF:FF:FF:FF:FF:FF] [ 1|16 ACKs]13:13:20  Sending 64 directed DeAuth (code 7). STMAC: [FF:FF:FF:FF:FF:FF] [ 1|17 ACKs]13:13:20  Sending 64 directed DeAuth (code 7). STMAC: [FF:FF:FF:FF:FF:FF] [ 1|18 ACKs]13:13:20  Sending 64 directed DeAuth (code 7). STMAC: [FF:FF:FF:FF:FF:FF] [ 1|19 ACKs]13:13:20  Sending 64 directed DeAuth (code 7). STMAC: [FF:FF:FF:FF:FF:FF] [ 1|20 ACKs]13:13:20  Sending 64 directed DeAuth (code 7). STMAC: [FF:FF:FF:FF:FF:FF] [ 1|21 ACKs]13:13:20  Sending 64 directed DeAuth (code 7). STMAC: [FF:FF:FF:FF:FF:FF] [ 1|22 ACKs]13:13:20  Sending 64 directed DeAuth (code 7). STMAC: [FF:FF:FF:FF:FF:FF] [ 1|23 ACKs]13:13:20  Sending 64 directed DeAuth (code 7). STMAC: [FF:FF:FF:FF:FF:FF] [ 1|24 ACKs]13:13:20  Sending 64 directed DeAuth (code 7). STMAC: [FF:FF:FF:FF:FF:FF] [ 1|25 ACKs]13:13:20  Sending 64 directed DeAuth (code 7). STMAC: [FF:FF:FF:FF:FF:FF] [ 1|26 ACKs]13:13:20  Sending 64 directed DeAuth (code 7). STMAC: [FF:FF:FF:FF:FF:FF] [ 1|27 ACKs]13:13:20  Sending 64 directed DeAuth (code 7). STMAC: [FF:FF:FF:FF:FF:FF] [ 1|28 ACKs]13:13:20  Sending 64 directed DeAuth (code 7). STMAC: [FF:FF:FF:FF:FF:FF] [ 1|29 ACKs]13:13:20  Sending 64 directed DeAuth (code 7). STMAC: [FF:FF:FF:FF:FF:FF] [ 1|30 ACKs]13:13:20  Sending 64 directed DeAuth (code 7). STMAC: [FF:FF:FF:FF:FF:FF] [ 1|31 ACKs]13:13:20  Sending 64 directed DeAuth (code 7). STMAC: [FF:FF:FF:FF:FF:FF] [ 1|32 ACKs]13:13:20  Sending 64 directed DeAuth (code 7). STMAC: [FF:FF:FF:FF:FF:FF] [ 1|33 ACKs]13:13:20  Sending 64 directed DeAuth (code 7). STMAC: [FF:FF:FF:FF:FF:FF] [ 1|34 ACKs]13:13:20  Sending 64 directed DeAuth (code 7). STMAC: [FF:FF:FF:FF:FF:FF] [ 1|35 ACKs]13:13:20  Sending 64 directed DeAuth (code 7). STMAC: [FF:FF:FF:FF:FF:FF] [ 1|36 ACKs]13:13:20  Sending 64 directed DeAuth (code 7). STMAC: [FF:FF:FF:FF:FF:FF] [ 1|37 ACKs]13:13:20  Sending 64 directed DeAuth (code 7). STMAC: [FF:FF:FF:FF:FF:FF] [ 1|38 ACKs]13:13:20  Sending 64 directed DeAuth (code 7). STMAC: [FF:FF:FF:FF:FF:FF] [ 1|39 ACKs]13:13:20  Sending 64 directed DeAuth (code 7). STMAC: [FF:FF:FF:FF:FF:FF] [ 1|40 ACKs]13:13:20  Sending 64 directed DeAuth (code 7). STMAC: [FF:FF:FF:FF:FF:FF] [ 1|41 ACKs]13:13:20  Sending 64 directed DeAuth (code 7). STMAC: [FF:FF:FF:FF:FF:FF] [ 1|42 ACKs]13:13:20  Sending 64 directed DeAuth (code 7). STMAC: [FF:FF:FF:FF:FF:FF] [ 1|43 ACKs]13:13:20  Sending 64 directed DeAuth (code 7). STMAC: [FF:FF:FF:FF:FF:FF] [ 1|44 ACKs]13:13:20  Sending 64 directed DeAuth (code 7). STMAC: [FF:FF:FF:FF:FF:FF] [ 1|45 ACKs]13:13:20  Sending 64 directed DeAuth (code 7). STMAC: [FF:FF:FF:FF:FF:FF] [ 1|46 ACKs]13:13:20  Sending 64 directed DeAuth (code 7). STMAC: [FF:FF:FF:FF:FF:FF] [ 1|47 ACKs]13:13:20  Sending 64 directed DeAuth (code 7). STMAC: [FF:FF:FF:FF:FF:FF] [ 1|48 ACKs]13:13:20  Sending 64 directed DeAuth (code 7). STMAC: [FF:FF:FF:FF:FF:FF] [ 1|49 ACKs]13:13:20  Sending 64 directed DeAuth (code 7). STMAC: [FF:FF:FF:FF:FF:FF] [ 1|50 ACKs]13:13:20  Sending 64 directed DeAuth (code 7). STMAC: [FF:FF:FF:FF:FF:FF] [ 1|51 ACKs]13:13:20  Sending 64 directed DeAuth (code 7). STMAC: [FF:FF:FF:FF:FF:FF] [ 1|52 ACKs]13:13:20  Sending 64 directed DeAuth (code 7). STMAC: [FF:FF:FF:FF:FF:FF] [ 1|53 ACKs]13:13:20  Sending 64 directed DeAuth (code 7). STMAC: [FF:FF:FF:FF:FF:FF] [ 1|54 ACKs]13:13:20  Sending 64 directed DeAuth (code 7). STMAC: [FF:FF:FF:FF:FF:FF] [ 1|55 ACKs]13:13:20  Sending 64 directed DeAuth (code 7). STMAC: [FF:FF:FF:FF:FF:FF] [ 1|56 ACKs]13:13:20  Sending 64 directed DeAuth (code 7). STMAC: [FF:FF:FF:FF:FF:FF] [ 1|57 ACKs]13:13:20  Sending 64 directed DeAuth (code 7). STMAC: [FF:FF:FF:FF:FF:FF] [ 1|58 ACKs]13:13:20  Sending 64 directed DeAuth (code 7). STMAC: [FF:FF:FF:FF:FF:FF] [ 1|59 ACKs]13:13:20  Sending 64 directed DeAuth (code 7). STMAC: [FF:FF:FF:FF:FF:FF] [ 1|60 ACKs]13:13:20  Sending 64 directed DeAuth (code 7). STMAC: [FF:FF:FF:FF:FF:FF] [ 1|61 ACKs]13:13:20  Sending 64 directed DeAuth (code 7). STMAC: [FF:FF:FF:FF:FF:FF] [ 1|62 ACKs]13:13:20  Sending 64 directed DeAuth (code 7). STMAC: [FF:FF:FF:FF:FF:FF] [ 1|63 ACKs]13:13:20  Sending 64 directed DeAuth (code 7). STMAC: [FF:FF:FF:FF:FF:FF] [ 1|64 ACKs]
13:13:20  Sending 64 directed DeAuth (code 7). STMAC: [FF:FF:FF:FF:FF:FF] [ 0| 0 ACKs]13:13:20  Sending 64 directed DeAuth (code 7). STMAC: [FF:FF:FF:FF:FF:FF] [ 0| 1 ACKs]13:13:20  Sending 64 directed DeAuth (code 7). STMAC: [FF:FF:FF:FF:FF:FF] [ 0| 2 ACKs]13:13:20  Sending 64 directed DeAuth (code 7). STMAC: [FF:FF:FF:FF:FF:FF] [ 0| 3 ACKs]13:13:20  Sending 64 directed DeAuth (code 7). STMAC: [FF:FF:FF:FF:FF:FF] [ 0| 4 ACKs]13:13:20  Sending 64 directed DeAuth (code 7). STMAC: [FF:FF:FF:FF:FF:FF] [ 0| 5 ACKs]13:13:20  Sending 64 directed DeAuth (code 7). STMAC: [FF:FF:FF:FF:FF:FF] [ 0| 6 ACKs]13:13:20  Sending 64 directed DeAuth (code 7). STMAC: [FF:FF:FF:FF:FF:FF] [ 0| 7 ACKs]13:13:20  Sending 64 directed DeAuth (code 7). STMAC: [FF:FF:FF:FF:FF:FF] [ 0| 8 ACKs]13:13:20  Sending 64 directed DeAuth (code 7). STMAC: [FF:FF:FF:FF:FF:FF] [ 0| 9 ACKs]13:13:20  Sending 64 directed DeAuth (code 7). STMAC: [FF:FF:FF:FF:FF:FF] [ 0|10 ACKs]13:13:20  Sending 64 directed DeAuth (code 7). STMAC: [FF:FF:FF:FF:FF:FF] [ 0|11 ACKs]13:13:20  Sending 64 directed DeAuth (code 7). STMAC: [FF:FF:FF:FF:FF:FF] [ 0|12 ACKs]13:13:20  Sending 64 directed DeAuth (code 7). STMAC: [FF:FF:FF:FF:FF:FF] [ 0|13 ACKs]13:13:20  Sending 64 directed DeAuth (code 7). STMAC: [FF:FF:FF:FF:FF:FF] [ 0|14 ACKs]13:13:20  Sending 64 directed DeAuth (code 7). STMAC: [FF:FF:FF:FF:FF:FF] [ 0|15 ACKs]13:13:20  Sending 64 directed DeAuth (code 7). STMAC: [FF:FF:FF:FF:FF:FF] [ 0|16 ACKs]13:13:20  Sending 64 directed DeAuth (code 7). STMAC: [FF:FF:FF:FF:FF:FF] [ 0|17 ACKs]13:13:20  Sending 64 directed DeAuth (code 7). STMAC: [FF:FF:FF:FF:FF:FF] [ 0|18 ACKs]13:13:20  Sending 64 directed DeAuth (code 7). STMAC: [FF:FF:FF:FF:FF:FF] [ 0|19 ACKs]13:13:20  Sending 64 directed DeAuth (code 7). STMAC: [FF:FF:FF:FF:FF:FF] [ 0|20 ACKs]13:13:20  Sending 64 directed DeAuth (code 7). STMAC: [FF:FF:FF:FF:FF:FF] [ 0|21 ACKs]13:13:20  Sending 64 directed DeAuth (code 7). STMAC: [FF:FF:FF:FF:FF:FF] [ 0|22 ACKs]13:13:20  Sending 64 directed DeAuth (code 7). STMAC: [FF:FF:FF:FF:FF:FF] [ 0|23 ACKs]13:13:20  Sending 64 directed DeAuth (code 7). STMAC: [FF:FF:FF:FF:FF:FF] [ 0|24 ACKs]13:13:20  Sending 64 directed DeAuth (code 7). STMAC: [FF:FF:FF:FF:FF:FF] [ 0|25 ACKs]13:13:20  Sending 64 directed DeAuth (code 7). STMAC: [FF:FF:FF:FF:FF:FF] [ 0|26 ACKs]13:13:20  Sending 64 directed DeAuth (code 7). STMAC: [FF:FF:FF:FF:FF:FF] [ 0|27 ACKs]13:13:20  Sending 64 directed DeAuth (code 7). STMAC: [FF:FF:FF:FF:FF:FF] [ 0|28 ACKs]13:13:20  Sending 64 directed DeAuth (code 7). STMAC: [FF:FF:FF:FF:FF:FF] [ 0|29 ACKs]13:13:20  Sending 64 directed DeAuth (code 7). STMAC: [FF:FF:FF:FF:FF:FF] [ 0|30 ACKs]13:13:20  Sending 64 directed DeAuth (code 7). STMAC: [FF:FF:FF:FF:FF:FF] [ 0|31 ACKs]13:13:20  Sending 64 directed DeAuth (code 7). STMAC: [FF:FF:FF:FF:FF:FF] [ 0|32 ACKs]13:13:20  Sending 64 directed DeAuth (code 7). STMAC: [FF:FF:FF:FF:FF:FF] [ 0|33 ACKs]13:13:20  Sending 64 directed DeAuth (code 7). STMAC: [FF:FF:FF:FF:FF:FF] [ 0|34 ACKs]13:13:20  Sending 64 directed DeAuth (code 7). STMAC: [FF:FF:FF:FF:FF:FF] [ 0|35 ACKs]13:13:20  Sending 64 directed DeAuth (code 7). STMAC: [FF:FF:FF:FF:FF:FF] [ 0|36 ACKs]13:13:20  Sending 64 directed DeAuth (code 7). STMAC: [FF:FF:FF:FF:FF:FF] [ 0|37 ACKs]13:13:20  Sending 64 directed DeAuth (code 7). STMAC: [FF:FF:FF:FF:FF:FF] [ 0|38 ACKs]13:13:20  Sending 64 directed DeAuth (code 7). STMAC: [FF:FF:FF:FF:FF:FF] [ 0|39 ACKs]13:13:20  Sending 64 directed DeAuth (code 7). STMAC: [FF:FF:FF:FF:FF:FF] [ 0|40 ACKs]13:13:20  Sending 64 directed DeAuth (code 7). STMAC: [FF:FF:FF:FF:FF:FF] [ 0|41 ACKs]13:13:20  Sending 64 directed DeAuth (code 7). STMAC: [FF:FF:FF:FF:FF:FF] [ 0|42 ACKs]13:13:20  Sending 64 directed DeAuth (code 7). STMAC: [FF:FF:FF:FF:FF:FF] [ 0|43 ACKs]13:13:20  Sending 64 directed DeAuth (code 7). STMAC: [FF:FF:FF:FF:FF:FF] [ 0|44 ACKs]13:13:20  Sending 64 directed DeAuth (code 7). STMAC: [FF:FF:FF:FF:FF:FF] [ 0|45 ACKs]13:13:20  Sending 64 directed DeAuth (code 7). STMAC: [FF:FF:FF:FF:FF:FF] [ 0|46 ACKs]13:13:20  Sending 64 directed DeAuth (code 7). STMAC: [FF:FF:FF:FF:FF:FF] [ 0|47 ACKs]13:13:20  Sending 64 directed DeAuth (code 7). STMAC: [FF:FF:FF:FF:FF:FF] [ 0|48 ACKs]13:13:20  Sending 64 directed DeAuth (code 7). STMAC: [FF:FF:FF:FF:FF:FF] [ 0|49 ACKs]13:13:20  Sending 64 directed DeAuth (code 7). STMAC: [FF:FF:FF:FF:FF:FF] [ 0|50 ACKs]13:13:20  Sending 64 directed DeAuth (code 7). STMAC: [FF:FF:FF:FF:FF:FF] [ 0|51 ACKs]13:13:20  Sending 64 directed DeAuth (code 7). STMAC: [FF:FF:FF:FF:FF:FF] [ 1|51 ACKs]13:13:20  Sending 64 directed DeAuth (code 7). STMAC: [FF:FF:FF:FF:FF:FF] [ 1|52 ACKs]13:13:20  Sending 64 directed DeAuth (code 7). STMAC: [FF:FF:FF:FF:FF:FF] [ 1|53 ACKs]13:13:20  Sending 64 directed DeAuth (code 7). STMAC: [FF:FF:FF:FF:FF:FF] [ 1|54 ACKs]13:13:20  Sending 64 directed DeAuth (code 7). STMAC: [FF:FF:FF:FF:FF:FF] [ 2|54 ACKs]13:13:20  Sending 64 directed DeAuth (code 7). STMAC: [FF:FF:FF:FF:FF:FF] [ 2|55 ACKs]13:13:20  Sending 64 directed DeAuth (code 7). STMAC: [FF:FF:FF:FF:FF:FF] [ 2|56 ACKs]13:13:20  Sending 64 directed DeAuth (code 7). STMAC: [FF:FF:FF:FF:FF:FF] [ 2|57 ACKs]13:13:20  Sending 64 directed DeAuth (code 7). STMAC: [FF:FF:FF:FF:FF:FF] [ 2|58 ACKs]13:13:20  Sending 64 directed DeAuth (code 7). STMAC: [FF:FF:FF:FF:FF:FF] [ 2|59 ACKs]13:13:20  Sending 64 directed DeAuth (code 7). STMAC: [FF:FF:FF:FF:FF:FF] [ 2|60 ACKs]13:13:20  Sending 64 directed DeAuth (code 7). STMAC: [FF:FF:FF:FF:FF:FF] [ 2|61 ACKs]13:13:20  Sending 64 directed DeAuth (code 7). STMAC: [FF:FF:FF:FF:FF:FF] [ 2|62 ACKs]13:13:20  Sending 64 directed DeAuth (code 7). STMAC: [FF:FF:FF:FF:FF:FF] [ 2|63 ACKs]13:13:20  Sending 64 directed DeAuth (code 7). STMAC: [FF:FF:FF:FF:FF:FF] [ 2|64 ACKs]
13:13:21  Sending 64 directed DeAuth (code 7). STMAC: [FF:FF:FF:FF:FF:FF] [ 0| 0 ACKs]13:13:21  Sending 64 directed DeAuth (code 7). STMAC: [FF:FF:FF:FF:FF:FF] [ 0| 0 ACKs]13:13:21  Sending 64 directed DeAuth (code 7). STMAC: [FF:FF:FF:FF:FF:FF] [ 0| 0 ACKs]13:13:21  Sending 64 directed DeAuth (code 7). STMAC: [FF:FF:FF:FF:FF:FF] [ 0| 0 ACKs]13:13:21  Sending 64 directed DeAuth (code 7). STMAC: [FF:FF:FF:FF:FF:FF] [ 0| 1 ACKs]13:13:21  Sending 64 directed DeAuth (code 7). STMAC: [FF:FF:FF:FF:FF:FF] [ 0| 2 ACKs]13:13:21  Sending 64 directed DeAuth (code 7). STMAC: [FF:FF:FF:FF:FF:FF] [ 0| 3 ACKs]13:13:21  Sending 64 directed DeAuth (code 7). STMAC: [FF:FF:FF:FF:FF:FF] [ 0| 4 ACKs]13:13:21  Sending 64 directed DeAuth (code 7). STMAC: [FF:FF:FF:FF:FF:FF] [ 0| 5 ACKs]13:13:21  Sending 64 directed DeAuth (code 7). STMAC: [FF:FF:FF:FF:FF:FF] [ 0| 6 ACKs]13:13:21  Sending 64 directed DeAuth (code 7). STMAC: [FF:FF:FF:FF:FF:FF] [ 0| 7 ACKs]13:13:21  Sending 64 directed DeAuth (code 7). STMAC: [FF:FF:FF:FF:FF:FF] [ 0| 8 ACKs]13:13:21  Sending 64 directed DeAuth (code 7). STMAC: [FF:FF:FF:FF:FF:FF] [ 0| 9 ACKs]13:13:21  Sending 64 directed DeAuth (code 7). STMAC: [FF:FF:FF:FF:FF:FF] [ 0|10 ACKs]13:13:21  Sending 64 directed DeAuth (code 7). STMAC: [FF:FF:FF:FF:FF:FF] [ 0|11 ACKs]13:13:21  Sending 64 directed DeAuth (code 7). STMAC: [FF:FF:FF:FF:FF:FF] [ 0|12 ACKs]13:13:21  Sending 64 directed DeAuth (code 7). STMAC: [FF:FF:FF:FF:FF:FF] [ 0|13 ACKs]13:13:21  Sending 64 directed DeAuth (code 7). STMAC: [FF:FF:FF:FF:FF:FF] [ 0|14 ACKs]13:13:21  Sending 64 directed DeAuth (code 7). STMAC: [FF:FF:FF:FF:FF:FF] [ 0|15 ACKs]13:13:21  Sending 64 directed DeAuth (code 7). STMAC: [FF:FF:FF:FF:FF:FF] [ 0|16 ACKs]13:13:21  Sending 64 directed DeAuth (code 7). STMAC: [FF:FF:FF:FF:FF:FF] [ 0|17 ACKs]13:13:21  Sending 64 directed DeAuth (code 7). STMAC: [FF:FF:FF:FF:FF:FF] [ 0|18 ACKs]13:13:21  Sending 64 directed DeAuth (code 7). STMAC: [FF:FF:FF:FF:FF:FF] [ 0|19 ACKs]13:13:21  Sending 64 directed DeAuth (code 7). STMAC: [FF:FF:FF:FF:FF:FF] [ 0|20 ACKs]13:13:21  Sending 64 directed DeAuth (code 7). STMAC: [FF:FF:FF:FF:FF:FF] [ 0|21 ACKs]13:13:21  Sending 64 directed DeAuth (code 7). STMAC: [FF:FF:FF:FF:FF:FF] [ 0|22 ACKs]13:13:21  Sending 64 directed DeAuth (code 7). STMAC: [FF:FF:FF:FF:FF:FF] [ 0|23 ACKs]13:13:21  Sending 64 directed DeAuth (code 7). STMAC: [FF:FF:FF:FF:FF:FF] [ 0|24 ACKs]13:13:21  Sending 64 directed DeAuth (code 7). STMAC: [FF:FF:FF:FF:FF:FF] [ 0|25 ACKs]13:13:21  Sending 64 directed DeAuth (code 7). STMAC: [FF:FF:FF:FF:FF:FF] [ 0|26 ACKs]13:13:21  Sending 64 directed DeAuth (code 7). STMAC: [FF:FF:FF:FF:FF:FF] [ 0|27 ACKs]13:13:21  Sending 64 directed DeAuth (code 7). STMAC: [FF:FF:FF:FF:FF:FF] [ 0|28 ACKs]13:13:21  Sending 64 directed DeAuth (code 7). STMAC: [FF:FF:FF:FF:FF:FF] [ 0|29 ACKs]13:13:21  Sending 64 directed DeAuth (code 7). STMAC: [FF:FF:FF:FF:FF:FF] [ 0|30 ACKs]13:13:21  Sending 64 directed DeAuth (code 7). STMAC: [FF:FF:FF:FF:FF:FF] [ 0|31 ACKs]13:13:21  Sending 64 directed DeAuth (code 7). STMAC: [FF:FF:FF:FF:FF:FF] [ 0|32 ACKs]13:13:21  Sending 64 directed DeAuth (code 7). STMAC: [FF:FF:FF:FF:FF:FF] [ 0|33 ACKs]13:13:21  Sending 64 directed DeAuth (code 7). STMAC: [FF:FF:FF:FF:FF:FF] [ 0|34 ACKs]13:13:21  Sending 64 directed DeAuth (code 7). STMAC: [FF:FF:FF:FF:FF:FF] [ 0|35 ACKs]13:13:21  Sending 64 directed DeAuth (code 7). STMAC: [FF:FF:FF:FF:FF:FF] [ 0|36 ACKs]13:13:21  Sending 64 directed DeAuth (code 7). STMAC: [FF:FF:FF:FF:FF:FF] [ 0|37 ACKs]13:13:21  Sending 64 directed DeAuth (code 7). STMAC: [FF:FF:FF:FF:FF:FF] [ 0|38 ACKs]13:13:21  Sending 64 directed DeAuth (code 7). STMAC: [FF:FF:FF:FF:FF:FF] [ 0|39 ACKs]13:13:21  Sending 64 directed DeAuth (code 7). STMAC: [FF:FF:FF:FF:FF:FF] [ 0|40 ACKs]13:13:21  Sending 64 directed DeAuth (code 7). STMAC: [FF:FF:FF:FF:FF:FF] [ 0|41 ACKs]13:13:21  Sending 64 directed DeAuth (code 7). STMAC: [FF:FF:FF:FF:FF:FF] [ 0|42 ACKs]13:13:21  Sending 64 directed DeAuth (code 7). STMAC: [FF:FF:FF:FF:FF:FF] [ 0|43 ACKs]13:13:21  Sending 64 directed DeAuth (code 7). STMAC: [FF:FF:FF:FF:FF:FF] [ 0|44 ACKs]13:13:21  Sending 64 directed DeAuth (code 7). STMAC: [FF:FF:FF:FF:FF:FF] [ 0|45 ACKs]13:13:21  Sending 64 directed DeAuth (code 7). STMAC: [FF:FF:FF:FF:FF:FF] [ 0|46 ACKs]13:13:21  Sending 64 directed DeAuth (code 7). STMAC: [FF:FF:FF:FF:FF:FF] [ 0|47 ACKs]13:13:21  Sending 64 directed DeAuth (code 7). STMAC: [FF:FF:FF:FF:FF:FF] [ 0|47 ACKs]13:13:21  Sending 64 directed DeAuth (code 7). STMAC: [FF:FF:FF:FF:FF:FF] [ 1|47 ACKs]13:13:21  Sending 64 directed DeAuth (code 7). STMAC: [FF:FF:FF:FF:FF:FF] [ 1|47 ACKs]13:13:21  Sending 64 directed DeAuth (code 7). STMAC: [FF:FF:FF:FF:FF:FF] [ 1|48 ACKs]13:13:21  Sending 64 directed DeAuth (code 7). STMAC: [FF:FF:FF:FF:FF:FF] [ 1|49 ACKs]13:13:21  Sending 64 directed DeAuth (code 7). STMAC: [FF:FF:FF:FF:FF:FF] [ 2|49 ACKs]13:13:21  Sending 64 directed DeAuth (code 7). STMAC: [FF:FF:FF:FF:FF:FF] [ 2|50 ACKs]13:13:21  Sending 64 directed DeAuth (code 7). STMAC: [FF:FF:FF:FF:FF:FF] [ 3|50 ACKs]13:13:21  Sending 64 directed DeAuth (code 7). STMAC: [FF:FF:FF:FF:FF:FF] [ 3|51 ACKs]13:13:21  Sending 64 directed DeAuth (code 7). STMAC: [FF:FF:FF:FF:FF:FF] [ 3|52 ACKs]13:13:21  Sending 64 directed DeAuth (code 7). STMAC: [FF:FF:FF:FF:FF:FF] [ 4|52 ACKs]13:13:21  Sending 64 directed DeAuth (code 7). STMAC: [FF:FF:FF:FF:FF:FF] [ 4|52 ACKs]13:13:21  Sending 64 directed DeAuth (code 7). STMAC: [FF:FF:FF:FF:FF:FF] [ 5|52 ACKs]13:13:21  Sending 64 directed DeAuth (code 7). STMAC: [FF:FF:FF:FF:FF:FF] [ 5|53 ACKs]13:13:21  Sending 64 directed DeAuth (code 7). STMAC: [FF:FF:FF:FF:FF:FF] [ 5|54 ACKs]13:13:21  Sending 64 directed DeAuth (code 7). STMAC: [FF:FF:FF:FF:FF:FF] [ 5|55 ACKs]13:13:21  Sending 64 directed DeAuth (code 7). STMAC: [FF:FF:FF:FF:FF:FF] [ 5|56 ACKs]13:13:21  Sending 64 directed DeAuth (code 7). STMAC: [FF:FF:FF:FF:FF:FF] [ 5|57 ACKs]13:13:21  Sending 64 directed DeAuth (code 7). STMAC: [FF:FF:FF:FF:FF:FF] [ 5|58 ACKs]13:13:21  Sending 64 directed DeAuth (code 7). STMAC: [FF:FF:FF:FF:FF:FF] [ 5|59 ACKs]13:13:21  Sending 64 directed DeAuth (code 7). STMAC: [FF:FF:FF:FF:FF:FF] [ 5|60 ACKs]13:13:21  Sending 64 directed DeAuth (code 7). STMAC: [FF:FF:FF:FF:FF:FF] [ 5|61 ACKs]13:13:21  Sending 64 directed DeAuth (code 7). STMAC: [FF:FF:FF:FF:FF:FF] [ 5|62 ACKs]13:13:21  Sending 64 directed DeAuth (code 7). STMAC: [FF:FF:FF:FF:FF:FF] [ 5|63 ACKs]13:13:21  Sending 64 directed DeAuth (code 7). STMAC: [FF:FF:FF:FF:FF:FF] [ 5|64 ACKs]
13:13:21  Sending 64 directed DeAuth (code 7). STMAC: [FF:FF:FF:FF:FF:FF] [ 0| 0 ACKs]13:13:21  Sending 64 directed DeAuth (code 7). STMAC: [FF:FF:FF:FF:FF:FF] [ 1| 0 ACKs]13:13:21  Sending 64 directed DeAuth (code 7). STMAC: [FF:FF:FF:FF:FF:FF] [ 2| 0 ACKs]13:13:21  Sending 64 directed DeAuth (code 7). STMAC: [FF:FF:FF:FF:FF:FF] [ 2| 0 ACKs]13:13:21  Sending 64 directed DeAuth (code 7). STMAC: [FF:FF:FF:FF:FF:FF] [ 3| 0 ACKs]13:13:21  Sending 64 directed DeAuth (code 7). STMAC: [FF:FF:FF:FF:FF:FF] [ 4| 0 ACKs]13:13:21  Sending 64 directed DeAuth (code 7). STMAC: [FF:FF:FF:FF:FF:FF] [ 4| 0 ACKs]13:13:21  Sending 64 directed DeAuth (code 7). STMAC: [FF:FF:FF:FF:FF:FF] [ 4| 1 ACKs]13:13:21  Sending 64 directed DeAuth (code 7). STMAC: [FF:FF:FF:FF:FF:FF] [ 5| 1 ACKs]13:13:21  Sending 64 directed DeAuth (code 7). STMAC: [FF:FF:FF:FF:FF:FF] [ 5| 2 ACKs]13:13:21  Sending 64 directed DeAuth (code 7). STMAC: [FF:FF:FF:FF:FF:FF] [ 6| 2 ACKs]13:13:21  Sending 64 directed DeAuth (code 7). STMAC: [FF:FF:FF:FF:FF:FF] [ 6| 3 ACKs]13:13:21  Sending 64 directed DeAuth (code 7). STMAC: [FF:FF:FF:FF:FF:FF] [ 7| 3 ACKs]13:13:21  Sending 64 directed DeAuth (code 7). STMAC: [FF:FF:FF:FF:FF:FF] [ 7| 4 ACKs]13:13:21  Sending 64 directed DeAuth (code 7). STMAC: [FF:FF:FF:FF:FF:FF] [ 8| 4 ACKs]13:13:21  Sending 64 directed DeAuth (code 7). STMAC: [FF:FF:FF:FF:FF:FF] [ 8| 5 ACKs]13:13:21  Sending 64 directed DeAuth (code 7). STMAC: [FF:FF:FF:FF:FF:FF] [ 9| 5 ACKs]13:13:21  Sending 64 directed DeAuth (code 7). STMAC: [FF:FF:FF:FF:FF:FF] [ 9| 6 ACKs]13:13:21  Sending 64 directed DeAuth (code 7). STMAC: [FF:FF:FF:FF:FF:FF] [10| 6 ACKs]13:13:21  Sending 64 directed DeAuth (code 7). STMAC: [FF:FF:FF:FF:FF:FF] [10| 7 ACKs]13:13:21  Sending 64 directed DeAuth (code 7). STMAC: [FF:FF:FF:FF:FF:FF] [11| 7 ACKs]13:13:21  Sending 64 directed DeAuth (code 7). STMAC: [FF:FF:FF:FF:FF:FF] [11| 8 ACKs]13:13:21  Sending 64 directed DeAuth (code 7). STMAC: [FF:FF:FF:FF:FF:FF] [12| 8 ACKs]13:13:21  Sending 64 directed DeAuth (code 7). STMAC: [FF:FF:FF:FF:FF:FF] [12| 9 ACKs]13:13:21  Sending 64 directed DeAuth (code 7). STMAC: [FF:FF:FF:FF:FF:FF] [13| 9 ACKs]13:13:21  Sending 64 directed DeAuth (code 7). STMAC: [FF:FF:FF:FF:FF:FF] [13|10 ACKs]13:13:21  Sending 64 directed DeAuth (code 7). STMAC: [FF:FF:FF:FF:FF:FF] [14|10 ACKs]13:13:21  Sending 64 directed DeAuth (code 7). STMAC: [FF:FF:FF:FF:FF:FF] [14|11 ACKs]13:13:21  Sending 64 directed DeAuth (code 7). STMAC: [FF:FF:FF:FF:FF:FF] [15|11 ACKs]13:13:21  Sending 64 directed DeAuth (code 7). STMAC: [FF:FF:FF:FF:FF:FF] [15|12 ACKs]13:13:21  Sending 64 directed DeAuth (code 7). STMAC: [FF:FF:FF:FF:FF:FF] [16|12 ACKs]13:13:21  Sending 64 directed DeAuth (code 7). STMAC: [FF:FF:FF:FF:FF:FF] [16|13 ACKs]13:13:21  Sending 64 directed DeAuth (code 7). STMAC: [FF:FF:FF:FF:FF:FF] [17|13 ACKs]13:13:21  Sending 64 directed DeAuth (code 7). STMAC: [FF:FF:FF:FF:FF:FF] [17|14 ACKs]13:13:21  Sending 64 directed DeAuth (code 7). STMAC: [FF:FF:FF:FF:FF:FF] [18|14 ACKs]13:13:21  Sending 64 directed DeAuth (code 7). STMAC: [FF:FF:FF:FF:FF:FF] [18|15 ACKs]13:13:21  Sending 64 directed DeAuth (code 7). STMAC: [FF:FF:FF:FF:FF:FF] [19|15 ACKs]13:13:21  Sending 64 directed DeAuth (code 7). STMAC: [FF:FF:FF:FF:FF:FF] [19|16 ACKs]13:13:21  Sending 64 directed DeAuth (code 7). STMAC: [FF:FF:FF:FF:FF:FF] [20|16 ACKs]13:13:21  Sending 64 directed DeAuth (code 7). STMAC: [FF:FF:FF:FF:FF:FF] [20|17 ACKs]13:13:21  Sending 64 directed DeAuth (code 7). STMAC: [FF:FF:FF:FF:FF:FF] [21|17 ACKs]13:13:21  Sending 64 directed DeAuth (code 7). STMAC: [FF:FF:FF:FF:FF:FF] [21|18 ACKs]13:13:21  Sending 64 directed DeAuth (code 7). STMAC: [FF:FF:FF:FF:FF:FF] [22|18 ACKs]13:13:21  Sending 64 directed DeAuth (code 7). STMAC: [FF:FF:FF:FF:FF:FF] [22|19 ACKs]13:13:21  Sending 64 directed DeAuth (code 7). STMAC: [FF:FF:FF:FF:FF:FF] [23|19 ACKs]13:13:21  Sending 64 directed DeAuth (code 7). STMAC: [FF:FF:FF:FF:FF:FF] [23|20 ACKs]13:13:21  Sending 64 directed DeAuth (code 7). STMAC: [FF:FF:FF:FF:FF:FF] [24|20 ACKs]13:13:21  Sending 64 directed DeAuth (code 7). STMAC: [FF:FF:FF:FF:FF:FF] [24|21 ACKs]13:13:21  Sending 64 directed DeAuth (code 7). STMAC: [FF:FF:FF:FF:FF:FF] [25|21 ACKs]13:13:21  Sending 64 directed DeAuth (code 7). STMAC: [FF:FF:FF:FF:FF:FF] [25|22 ACKs]13:13:21  Sending 64 directed DeAuth (code 7). STMAC: [FF:FF:FF:FF:FF:FF] [26|22 ACKs]13:13:21  Sending 64 directed DeAuth (code 7). STMAC: [FF:FF:FF:FF:FF:FF] [26|23 ACKs]13:13:21  Sending 64 directed DeAuth (code 7). STMAC: [FF:FF:FF:FF:FF:FF] [27|23 ACKs]13:13:21  Sending 64 directed DeAuth (code 7). STMAC: [FF:FF:FF:FF:FF:FF] [27|24 ACKs]13:13:21  Sending 64 directed DeAuth (code 7). STMAC: [FF:FF:FF:FF:FF:FF] [28|24 ACKs]13:13:21  Sending 64 directed DeAuth (code 7). STMAC: [FF:FF:FF:FF:FF:FF] [28|25 ACKs]13:13:21  Sending 64 directed DeAuth (code 7). STMAC: [FF:FF:FF:FF:FF:FF] [29|25 ACKs]13:13:21  Sending 64 directed DeAuth (code 7). STMAC: [FF:FF:FF:FF:FF:FF] [29|26 ACKs]13:13:21  Sending 64 directed DeAuth (code 7). STMAC: [FF:FF:FF:FF:FF:FF] [30|26 ACKs]13:13:21  Sending 64 directed DeAuth (code 7). STMAC: [FF:FF:FF:FF:FF:FF] [30|27 ACKs]13:13:21  Sending 64 directed DeAuth (code 7). STMAC: [FF:FF:FF:FF:FF:FF] [30|27 ACKs]13:13:21  Sending 64 directed DeAuth (code 7). STMAC: [FF:FF:FF:FF:FF:FF] [30|28 ACKs]13:13:21  Sending 64 directed DeAuth (code 7). STMAC: [FF:FF:FF:FF:FF:FF] [30|29 ACKs]13:13:21  Sending 64 directed DeAuth (code 7). STMAC: [FF:FF:FF:FF:FF:FF] [30|30 ACKs]13:13:21  Sending 64 directed DeAuth (code 7). STMAC: [FF:FF:FF:FF:FF:FF] [30|31 ACKs]13:13:21  Sending 64 directed DeAuth (code 7). STMAC: [FF:FF:FF:FF:FF:FF] [30|32 ACKs]13:13:21  Sending 64 directed DeAuth (code 7). STMAC: [FF:FF:FF:FF:FF:FF] [30|33 ACKs]13:13:21  Sending 64 directed DeAuth (code 7). STMAC: [FF:FF:FF:FF:FF:FF] [30|34 ACKs]13:13:21  Sending 64 directed DeAuth (code 7). STMAC: [FF:FF:FF:FF:FF:FF] [30|35 ACKs]13:13:21  Sending 64 directed DeAuth (code 7). STMAC: [FF:FF:FF:FF:FF:FF] [30|36 ACKs]13:13:21  Sending 64 directed DeAuth (code 7). STMAC: [FF:FF:FF:FF:FF:FF] [30|37 ACKs]13:13:21  Sending 64 directed DeAuth (code 7). STMAC: [FF:FF:FF:FF:FF:FF] [30|38 ACKs]13:13:21  Sending 64 directed DeAuth (code 7). STMAC: [FF:FF:FF:FF:FF:FF] [30|39 ACKs]13:13:21  Sending 64 directed DeAuth (code 7). STMAC: [FF:FF:FF:FF:FF:FF] [30|40 ACKs]13:13:21  Sending 64 directed DeAuth (code 7). STMAC: [FF:FF:FF:FF:FF:FF] [30|41 ACKs]13:13:21  Sending 64 directed DeAuth (code 7). STMAC: [FF:FF:FF:FF:FF:FF] [30|42 ACKs]13:13:21  Sending 64 directed DeAuth (code 7). STMAC: [FF:FF:FF:FF:FF:FF] [30|43 ACKs]13:13:21  Sending 64 directed DeAuth (code 7). STMAC: [FF:FF:FF:FF:FF:FF] [30|44 ACKs]13:13:21  Sending 64 directed DeAuth (code 7). STMAC: [FF:FF:FF:FF:FF:FF] [30|45 ACKs]13:13:21  Sending 64 directed DeAuth (code 7). STMAC: [FF:FF:FF:FF:FF:FF] [30|46 ACKs]13:13:21  Sending 64 directed DeAuth (code 7). STMAC: [FF:FF:FF:FF:FF:FF] [30|47 ACKs]13:13:21  Sending 64 directed DeAuth (code 7). STMAC: [FF:FF:FF:FF:FF:FF] [30|48 ACKs]13:13:21  Sending 64 directed DeAuth (code 7). STMAC: [FF:FF:FF:FF:FF:FF] [30|49 ACKs]13:13:21  Sending 64 directed DeAuth (code 7). STMAC: [FF:FF:FF:FF:FF:FF] [30|50 ACKs]13:13:21  Sending 64 directed DeAuth (code 7). STMAC: [FF:FF:FF:FF:FF:FF] [30|51 ACKs]13:13:21  Sending 64 directed DeAuth (code 7). STMAC: [FF:FF:FF:FF:FF:FF] [30|52 ACKs]13:13:21  Sending 64 directed DeAuth (code 7). STMAC: [FF:FF:FF:FF:FF:FF] [30|53 ACKs]13:13:21  Sending 64 directed DeAuth (code 7). STMAC: [FF:FF:FF:FF:FF:FF] [30|54 ACKs]13:13:21  Sending 64 directed DeAuth (code 7). STMAC: [FF:FF:FF:FF:FF:FF] [30|55 ACKs]13:13:21  Sending 64 directed DeAuth (code 7). STMAC: [FF:FF:FF:FF:FF:FF] [30|56 ACKs]13:13:21  Sending 64 directed DeAuth (code 7). STMAC: [FF:FF:FF:FF:FF:FF] [30|57 ACKs]13:13:21  Sending 64 directed DeAuth (code 7). STMAC: [FF:FF:FF:FF:FF:FF] [30|58 ACKs]13:13:21  Sending 64 directed DeAuth (code 7). STMAC: [FF:FF:FF:FF:FF:FF] [30|59 ACKs]13:13:21  Sending 64 directed DeAuth (code 7). STMAC: [FF:FF:FF:FF:FF:FF] [30|60 ACKs]13:13:21  Sending 64 directed DeAuth (code 7). STMAC: [FF:FF:FF:FF:FF:FF] [30|61 ACKs]13:13:21  Sending 64 directed DeAuth (code 7). STMAC: [FF:FF:FF:FF:FF:FF] [30|62 ACKs]13:13:21  Sending 64 directed DeAuth (code 7). STMAC: [FF:FF:FF:FF:FF:FF] [30|63 ACKs]13:13:21  Sending 64 directed DeAuth (code 7). STMAC: [FF:FF:FF:FF:FF:FF] [30|64 ACKs]
13:13:22  Sending 64 directed DeAuth (code 7). STMAC: [FF:FF:FF:FF:FF:FF] [ 0| 0 ACKs]13:13:22  Sending 64 directed DeAuth (code 7). STMAC: [FF:FF:FF:FF:FF:FF] [ 0| 1 ACKs]13:13:22  Sending 64 directed DeAuth (code 7). STMAC: [FF:FF:FF:FF:FF:FF] [ 0| 2 ACKs]13:13:22  Sending 64 directed DeAuth (code 7). STMAC: [FF:FF:FF:FF:FF:FF] [ 0| 3 ACKs]13:13:22  Sending 64 directed DeAuth (code 7). STMAC: [FF:FF:FF:FF:FF:FF] [ 0| 4 ACKs]13:13:22  Sending 64 directed DeAuth (code 7). STMAC: [FF:FF:FF:FF:FF:FF] [ 0| 5 ACKs]13:13:22  Sending 64 directed DeAuth (code 7). STMAC: [FF:FF:FF:FF:FF:FF] [ 0| 6 ACKs]13:13:22  Sending 64 directed DeAuth (code 7). STMAC: [FF:FF:FF:FF:FF:FF] [ 0| 7 ACKs]13:13:22  Sending 64 directed DeAuth (code 7). STMAC: [FF:FF:FF:FF:FF:FF] [ 0| 8 ACKs]13:13:22  Sending 64 directed DeAuth (code 7). STMAC: [FF:FF:FF:FF:FF:FF] [ 0| 9 ACKs]13:13:22  Sending 64 directed DeAuth (code 7). STMAC: [FF:FF:FF:FF:FF:FF] [ 0|10 ACKs]13:13:22  Sending 64 directed DeAuth (code 7). STMAC: [FF:FF:FF:FF:FF:FF] [ 0|11 ACKs]13:13:22  Sending 64 directed DeAuth (code 7). STMAC: [FF:FF:FF:FF:FF:FF] [ 0|12 ACKs]13:13:22  Sending 64 directed DeAuth (code 7). STMAC: [FF:FF:FF:FF:FF:FF] [ 0|13 ACKs]13:13:22  Sending 64 directed DeAuth (code 7). STMAC: [FF:FF:FF:FF:FF:FF] [ 0|14 ACKs]13:13:22  Sending 64 directed DeAuth (code 7). STMAC: [FF:FF:FF:FF:FF:FF] [ 0|15 ACKs]13:13:22  Sending 64 directed DeAuth (code 7). STMAC: [FF:FF:FF:FF:FF:FF] [ 0|16 ACKs]13:13:22  Sending 64 directed DeAuth (code 7). STMAC: [FF:FF:FF:FF:FF:FF] [ 0|17 ACKs]13:13:22  Sending 64 directed DeAuth (code 7). STMAC: [FF:FF:FF:FF:FF:FF] [ 0|18 ACKs]13:13:22  Sending 64 directed DeAuth (code 7). STMAC: [FF:FF:FF:FF:FF:FF] [ 0|19 ACKs]13:13:22  Sending 64 directed DeAuth (code 7). STMAC: [FF:FF:FF:FF:FF:FF] [ 0|20 ACKs]13:13:22  Sending 64 directed DeAuth (code 7). STMAC: [FF:FF:FF:FF:FF:FF] [ 0|21 ACKs]13:13:22  Sending 64 directed DeAuth (code 7). STMAC: [FF:FF:FF:FF:FF:FF] [ 0|22 ACKs]13:13:22  Sending 64 directed DeAuth (code 7). STMAC: [FF:FF:FF:FF:FF:FF] [ 0|23 ACKs]13:13:22  Sending 64 directed DeAuth (code 7). STMAC: [FF:FF:FF:FF:FF:FF] [ 0|24 ACKs]13:13:22  Sending 64 directed DeAuth (code 7). STMAC: [FF:FF:FF:FF:FF:FF] [ 0|25 ACKs]13:13:22  Sending 64 directed DeAuth (code 7). STMAC: [FF:FF:FF:FF:FF:FF] [ 0|26 ACKs]13:13:22  Sending 64 directed DeAuth (code 7). STMAC: [FF:FF:FF:FF:FF:FF] [ 0|27 ACKs]13:13:22  Sending 64 directed DeAuth (code 7). STMAC: [FF:FF:FF:FF:FF:FF] [ 0|28 ACKs]13:13:22  Sending 64 directed DeAuth (code 7). STMAC: [FF:FF:FF:FF:FF:FF] [ 0|29 ACKs]13:13:22  Sending 64 directed DeAuth (code 7). STMAC: [FF:FF:FF:FF:FF:FF] [ 0|30 ACKs]13:13:22  Sending 64 directed DeAuth (code 7). STMAC: [FF:FF:FF:FF:FF:FF] [ 0|31 ACKs]13:13:22  Sending 64 directed DeAuth (code 7). STMAC: [FF:FF:FF:FF:FF:FF] [ 0|32 ACKs]13:13:22  Sending 64 directed DeAuth (code 7). STMAC: [FF:FF:FF:FF:FF:FF] [ 0|33 ACKs]13:13:22  Sending 64 directed DeAuth (code 7). STMAC: [FF:FF:FF:FF:FF:FF] [ 0|34 ACKs]13:13:22  Sending 64 directed DeAuth (code 7). STMAC: [FF:FF:FF:FF:FF:FF] [ 0|35 ACKs]13:13:22  Sending 64 directed DeAuth (code 7). STMAC: [FF:FF:FF:FF:FF:FF] [ 0|36 ACKs]13:13:22  Sending 64 directed DeAuth (code 7). STMAC: [FF:FF:FF:FF:FF:FF] [ 0|37 ACKs]13:13:22  Sending 64 directed DeAuth (code 7). STMAC: [FF:FF:FF:FF:FF:FF] [ 0|38 ACKs]13:13:22  Sending 64 directed DeAuth (code 7). STMAC: [FF:FF:FF:FF:FF:FF] [ 0|39 ACKs]13:13:22  Sending 64 directed DeAuth (code 7). STMAC: [FF:FF:FF:FF:FF:FF] [ 0|40 ACKs]13:13:22  Sending 64 directed DeAuth (code 7). STMAC: [FF:FF:FF:FF:FF:FF] [ 0|41 ACKs]13:13:22  Sending 64 directed DeAuth (code 7). STMAC: [FF:FF:FF:FF:FF:FF] [ 0|42 ACKs]13:13:22  Sending 64 directed DeAuth (code 7). STMAC: [FF:FF:FF:FF:FF:FF] [ 0|43 ACKs]13:13:22  Sending 64 directed DeAuth (code 7). STMAC: [FF:FF:FF:FF:FF:FF] [ 0|44 ACKs]13:13:22  Sending 64 directed DeAuth (code 7). STMAC: [FF:FF:FF:FF:FF:FF] [ 0|45 ACKs]13:13:22  Sending 64 directed DeAuth (code 7). STMAC: [FF:FF:FF:FF:FF:FF] [ 0|46 ACKs]13:13:22  Sending 64 directed DeAuth (code 7). STMAC: [FF:FF:FF:FF:FF:FF] [ 1|46 ACKs]13:13:22  Sending 64 directed DeAuth (code 7). STMAC: [FF:FF:FF:FF:FF:FF] [ 1|47 ACKs]13:13:22  Sending 64 directed DeAuth (code 7). STMAC: [FF:FF:FF:FF:FF:FF] [ 2|47 ACKs]13:13:22  Sending 64 directed DeAuth (code 7). STMAC: [FF:FF:FF:FF:FF:FF] [ 2|48 ACKs]13:13:22  Sending 64 directed DeAuth (code 7). STMAC: [FF:FF:FF:FF:FF:FF] [ 3|48 ACKs]13:13:22  Sending 64 directed DeAuth (code 7). STMAC: [FF:FF:FF:FF:FF:FF] [ 3|49 ACKs]13:13:22  Sending 64 directed DeAuth (code 7). STMAC: [FF:FF:FF:FF:FF:FF] [ 4|49 ACKs]13:13:22  Sending 64 directed DeAuth (code 7). STMAC: [FF:FF:FF:FF:FF:FF] [ 4|50 ACKs]13:13:22  Sending 64 directed DeAuth (code 7). STMAC: [FF:FF:FF:FF:FF:FF] [ 5|50 ACKs]13:13:22  Sending 64 directed DeAuth (code 7). STMAC: [FF:FF:FF:FF:FF:FF] [ 5|51 ACKs]13:13:22  Sending 64 directed DeAuth (code 7). STMAC: [FF:FF:FF:FF:FF:FF] [ 6|51 ACKs]13:13:22  Sending 64 directed DeAuth (code 7). STMAC: [FF:FF:FF:FF:FF:FF] [ 6|52 ACKs]13:13:22  Sending 64 directed DeAuth (code 7). STMAC: [FF:FF:FF:FF:FF:FF] [ 7|52 ACKs]13:13:22  Sending 64 directed DeAuth (code 7). STMAC: [FF:FF:FF:FF:FF:FF] [ 7|53 ACKs]13:13:22  Sending 64 directed DeAuth (code 7). STMAC: [FF:FF:FF:FF:FF:FF] [ 8|53 ACKs]13:13:22  Sending 64 directed DeAuth (code 7). STMAC: [FF:FF:FF:FF:FF:FF] [ 8|54 ACKs]13:13:22  Sending 64 directed DeAuth (code 7). STMAC: [FF:FF:FF:FF:FF:FF] [ 9|54 ACKs]13:13:22  Sending 64 directed DeAuth (code 7). STMAC: [FF:FF:FF:FF:FF:FF] [ 9|55 ACKs]13:13:22  Sending 64 directed DeAuth (code 7). STMAC: [FF:FF:FF:FF:FF:FF] [10|55 ACKs]13:13:22  Sending 64 directed DeAuth (code 7). STMAC: [FF:FF:FF:FF:FF:FF] [10|56 ACKs]13:13:22  Sending 64 directed DeAuth (code 7). STMAC: [FF:FF:FF:FF:FF:FF] [11|56 ACKs]13:13:22  Sending 64 directed DeAuth (code 7). STMAC: [FF:FF:FF:FF:FF:FF] [11|57 ACKs]13:13:22  Sending 64 directed DeAuth (code 7). STMAC: [FF:FF:FF:FF:FF:FF] [12|57 ACKs]13:13:22  Sending 64 directed DeAuth (code 7). STMAC: [FF:FF:FF:FF:FF:FF] [12|58 ACKs]13:13:22  Sending 64 directed DeAuth (code 7). STMAC: [FF:FF:FF:FF:FF:FF] [13|58 ACKs]13:13:22  Sending 64 directed DeAuth (code 7). STMAC: [FF:FF:FF:FF:FF:FF] [13|59 ACKs]13:13:22  Sending 64 directed DeAuth (code 7). STMAC: [FF:FF:FF:FF:FF:FF] [14|59 ACKs]13:13:22  Sending 64 directed DeAuth (code 7). STMAC: [FF:FF:FF:FF:FF:FF] [14|60 ACKs]13:13:22  Sending 64 directed DeAuth (code 7). STMAC: [FF:FF:FF:FF:FF:FF] [15|60 ACKs]13:13:22  Sending 64 directed DeAuth (code 7). STMAC: [FF:FF:FF:FF:FF:FF] [15|61 ACKs]13:13:22  Sending 64 directed DeAuth (code 7). STMAC: [FF:FF:FF:FF:FF:FF] [15|62 ACKs]13:13:22  Sending 64 directed DeAuth (code 7). STMAC: [FF:FF:FF:FF:FF:FF] [16|62 ACKs]13:13:22  Sending 64 directed DeAuth (code 7). STMAC: [FF:FF:FF:FF:FF:FF] [16|63 ACKs]13:13:22  Sending 64 directed DeAuth (code 7). STMAC: [FF:FF:FF:FF:FF:FF] [17|63 ACKs]13:13:22  Sending 64 directed DeAuth (code 7). STMAC: [FF:FF:FF:FF:FF:FF] [17|64 ACKs]
13:13:22  Sending 64 directed DeAuth (code 7). STMAC: [FF:FF:FF:FF:FF:FF] [ 0| 0 ACKs]13:13:22  Sending 64 directed DeAuth (code 7). STMAC: [FF:FF:FF:FF:FF:FF] [ 0| 0 ACKs]13:13:22  Sending 64 directed DeAuth (code 7). STMAC: [FF:FF:FF:FF:FF:FF] [ 0| 0 ACKs]13:13:22  Sending 64 directed DeAuth (code 7). STMAC: [FF:FF:FF:FF:FF:FF] [ 0| 1 ACKs]13:13:22  Sending 64 directed DeAuth (code 7). STMAC: [FF:FF:FF:FF:FF:FF] [ 0| 2 ACKs]13:13:22  Sending 64 directed DeAuth (code 7). STMAC: [FF:FF:FF:FF:FF:FF] [ 0| 3 ACKs]13:13:22  Sending 64 directed DeAuth (code 7). STMAC: [FF:FF:FF:FF:FF:FF] [ 0| 4 ACKs]13:13:22  Sending 64 directed DeAuth (code 7). STMAC: [FF:FF:FF:FF:FF:FF] [ 0| 5 ACKs]13:13:22  Sending 64 directed DeAuth (code 7). STMAC: [FF:FF:FF:FF:FF:FF] [ 1| 5 ACKs]13:13:22  Sending 64 directed DeAuth (code 7). STMAC: [FF:FF:FF:FF:FF:FF] [ 1| 6 ACKs]13:13:22  Sending 64 directed DeAuth (code 7). STMAC: [FF:FF:FF:FF:FF:FF] [ 1| 7 ACKs]13:13:22  Sending 64 directed DeAuth (code 7). STMAC: [FF:FF:FF:FF:FF:FF] [ 1| 8 ACKs]13:13:22  Sending 64 directed DeAuth (code 7). STMAC: [FF:FF:FF:FF:FF:FF] [ 1| 9 ACKs]13:13:22  Sending 64 directed DeAuth (code 7). STMAC: [FF:FF:FF:FF:FF:FF] [ 1|10 ACKs]13:13:22  Sending 64 directed DeAuth (code 7). STMAC: [FF:FF:FF:FF:FF:FF] [ 1|11 ACKs]13:13:22  Sending 64 directed DeAuth (code 7). STMAC: [FF:FF:FF:FF:FF:FF] [ 1|12 ACKs]13:13:22  Sending 64 directed DeAuth (code 7). STMAC: [FF:FF:FF:FF:FF:FF] [ 1|13 ACKs]13:13:22  Sending 64 directed DeAuth (code 7). STMAC: [FF:FF:FF:FF:FF:FF] [ 1|14 ACKs]13:13:22  Sending 64 directed DeAuth (code 7). STMAC: [FF:FF:FF:FF:FF:FF] [ 1|15 ACKs]13:13:22  Sending 64 directed DeAuth (code 7). STMAC: [FF:FF:FF:FF:FF:FF] [ 1|16 ACKs]13:13:22  Sending 64 directed DeAuth (code 7). STMAC: [FF:FF:FF:FF:FF:FF] [ 1|17 ACKs]13:13:22  Sending 64 directed DeAuth (code 7). STMAC: [FF:FF:FF:FF:FF:FF] [ 1|18 ACKs]13:13:22  Sending 64 directed DeAuth (code 7). STMAC: [FF:FF:FF:FF:FF:FF] [ 1|19 ACKs]13:13:22  Sending 64 directed DeAuth (code 7). STMAC: [FF:FF:FF:FF:FF:FF] [ 1|20 ACKs]13:13:22  Sending 64 directed DeAuth (code 7). STMAC: [FF:FF:FF:FF:FF:FF] [ 1|21 ACKs]13:13:22  Sending 64 directed DeAuth (code 7). STMAC: [FF:FF:FF:FF:FF:FF] [ 1|22 ACKs]13:13:22  Sending 64 directed DeAuth (code 7). STMAC: [FF:FF:FF:FF:FF:FF] [ 1|23 ACKs]13:13:22  Sending 64 directed DeAuth (code 7). STMAC: [FF:FF:FF:FF:FF:FF] [ 1|24 ACKs]13:13:22  Sending 64 directed DeAuth (code 7). STMAC: [FF:FF:FF:FF:FF:FF] [ 1|25 ACKs]13:13:22  Sending 64 directed DeAuth (code 7). STMAC: [FF:FF:FF:FF:FF:FF] [ 1|26 ACKs]13:13:22  Sending 64 directed DeAuth (code 7). STMAC: [FF:FF:FF:FF:FF:FF] [ 1|27 ACKs]13:13:22  Sending 64 directed DeAuth (code 7). STMAC: [FF:FF:FF:FF:FF:FF] [ 1|28 ACKs]13:13:22  Sending 64 directed DeAuth (code 7). STMAC: [FF:FF:FF:FF:FF:FF] [ 1|29 ACKs]13:13:22  Sending 64 directed DeAuth (code 7). STMAC: [FF:FF:FF:FF:FF:FF] [ 1|30 ACKs]13:13:22  Sending 64 directed DeAuth (code 7). STMAC: [FF:FF:FF:FF:FF:FF] [ 1|31 ACKs]13:13:22  Sending 64 directed DeAuth (code 7). STMAC: [FF:FF:FF:FF:FF:FF] [ 1|32 ACKs]13:13:22  Sending 64 directed DeAuth (code 7). STMAC: [FF:FF:FF:FF:FF:FF] [ 1|33 ACKs]13:13:22  Sending 64 directed DeAuth (code 7). STMAC: [FF:FF:FF:FF:FF:FF] [ 1|34 ACKs]13:13:22  Sending 64 directed DeAuth (code 7). STMAC: [FF:FF:FF:FF:FF:FF] [ 1|35 ACKs]13:13:22  Sending 64 directed DeAuth (code 7). STMAC: [FF:FF:FF:FF:FF:FF] [ 1|36 ACKs]13:13:22  Sending 64 directed DeAuth (code 7). STMAC: [FF:FF:FF:FF:FF:FF] [ 1|37 ACKs]13:13:22  Sending 64 directed DeAuth (code 7). STMAC: [FF:FF:FF:FF:FF:FF] [ 1|38 ACKs]13:13:22  Sending 64 directed DeAuth (code 7). STMAC: [FF:FF:FF:FF:FF:FF] [ 1|39 ACKs]13:13:22  Sending 64 directed DeAuth (code 7). STMAC: [FF:FF:FF:FF:FF:FF] [ 1|40 ACKs]13:13:22  Sending 64 directed DeAuth (code 7). STMAC: [FF:FF:FF:FF:FF:FF] [ 1|41 ACKs]13:13:22  Sending 64 directed DeAuth (code 7). STMAC: [FF:FF:FF:FF:FF:FF] [ 1|42 ACKs]13:13:22  Sending 64 directed DeAuth (code 7). STMAC: [FF:FF:FF:FF:FF:FF] [ 1|43 ACKs]13:13:22  Sending 64 directed DeAuth (code 7). STMAC: [FF:FF:FF:FF:FF:FF] [ 1|44 ACKs]13:13:22  Sending 64 directed DeAuth (code 7). STMAC: [FF:FF:FF:FF:FF:FF] [ 1|45 ACKs]13:13:22  Sending 64 directed DeAuth (code 7). STMAC: [FF:FF:FF:FF:FF:FF] [ 1|46 ACKs]13:13:22  Sending 64 directed DeAuth (code 7). STMAC: [FF:FF:FF:FF:FF:FF] [ 1|47 ACKs]13:13:22  Sending 64 directed DeAuth (code 7). STMAC: [FF:FF:FF:FF:FF:FF] [ 1|48 ACKs]13:13:22  Sending 64 directed DeAuth (code 7). STMAC: [FF:FF:FF:FF:FF:FF] [ 1|49 ACKs]13:13:22  Sending 64 directed DeAuth (code 7). STMAC: [FF:FF:FF:FF:FF:FF] [ 1|50 ACKs]13:13:22  Sending 64 directed DeAuth (code 7). STMAC: [FF:FF:FF:FF:FF:FF] [ 1|51 ACKs]13:13:22  Sending 64 directed DeAuth (code 7). STMAC: [FF:FF:FF:FF:FF:FF] [ 1|52 ACKs]13:13:22  Sending 64 directed DeAuth (code 7). STMAC: [FF:FF:FF:FF:FF:FF] [ 1|53 ACKs]13:13:22  Sending 64 directed DeAuth (code 7). STMAC: [FF:FF:FF:FF:FF:FF] [ 1|54 ACKs]13:13:22  Sending 64 directed DeAuth (code 7). STMAC: [FF:FF:FF:FF:FF:FF] [ 1|55 ACKs]13:13:22  Sending 64 directed DeAuth (code 7). STMAC: [FF:FF:FF:FF:FF:FF] [ 1|56 ACKs]13:13:22  Sending 64 directed DeAuth (code 7). STMAC: [FF:FF:FF:FF:FF:FF] [ 1|57 ACKs]13:13:22  Sending 64 directed DeAuth (code 7). STMAC: [FF:FF:FF:FF:FF:FF] [ 1|58 ACKs]13:13:22  Sending 64 directed DeAuth (code 7). STMAC: [FF:FF:FF:FF:FF:FF] [ 1|59 ACKs]13:13:22  Sending 64 directed DeAuth (code 7). STMAC: [FF:FF:FF:FF:FF:FF] [ 1|60 ACKs]13:13:22  Sending 64 directed DeAuth (code 7). STMAC: [FF:FF:FF:FF:FF:FF] [ 1|61 ACKs]13:13:23  Sending 64 directed DeAuth (code 7). STMAC: [FF:FF:FF:FF:FF:FF] [ 1|62 ACKs]13:13:23  Sending 64 directed DeAuth (code 7). STMAC: [FF:FF:FF:FF:FF:FF] [ 1|63 ACKs]13:13:23  Sending 64 directed DeAuth (code 7). STMAC: [FF:FF:FF:FF:FF:FF] [ 1|64 ACKs]
13:13:23  Sending 64 directed DeAuth (code 7). STMAC: [FF:FF:FF:FF:FF:FF] [ 0| 0 ACKs]13:13:23  Sending 64 directed DeAuth (code 7). STMAC: [FF:FF:FF:FF:FF:FF] [ 0| 1 ACKs]13:13:23  Sending 64 directed DeAuth (code 7). STMAC: [FF:FF:FF:FF:FF:FF] [ 0| 2 ACKs]13:13:23  Sending 64 directed DeAuth (code 7). STMAC: [FF:FF:FF:FF:FF:FF] [ 0| 3 ACKs]13:13:23  Sending 64 directed DeAuth (code 7). STMAC: [FF:FF:FF:FF:FF:FF] [ 0| 4 ACKs]13:13:23  Sending 64 directed DeAuth (code 7). STMAC: [FF:FF:FF:FF:FF:FF] [ 0| 5 ACKs]13:13:23  Sending 64 directed DeAuth (code 7). STMAC: [FF:FF:FF:FF:FF:FF] [ 0| 6 ACKs]13:13:23  Sending 64 directed DeAuth (code 7). STMAC: [FF:FF:FF:FF:FF:FF] [ 0| 7 ACKs]13:13:23  Sending 64 directed DeAuth (code 7). STMAC: [FF:FF:FF:FF:FF:FF] [ 0| 8 ACKs]13:13:23  Sending 64 directed DeAuth (code 7). STMAC: [FF:FF:FF:FF:FF:FF] [ 0| 9 ACKs]13:13:23  Sending 64 directed DeAuth (code 7). STMAC: [FF:FF:FF:FF:FF:FF] [ 0|10 ACKs]13:13:23  Sending 64 directed DeAuth (code 7). STMAC: [FF:FF:FF:FF:FF:FF] [ 0|11 ACKs]13:13:23  Sending 64 directed DeAuth (code 7). STMAC: [FF:FF:FF:FF:FF:FF] [ 0|12 ACKs]13:13:23  Sending 64 directed DeAuth (code 7). STMAC: [FF:FF:FF:FF:FF:FF] [ 0|13 ACKs]13:13:23  Sending 64 directed DeAuth (code 7). STMAC: [FF:FF:FF:FF:FF:FF] [ 0|14 ACKs]13:13:23  Sending 64 directed DeAuth (code 7). STMAC: [FF:FF:FF:FF:FF:FF] [ 0|15 ACKs]13:13:23  Sending 64 directed DeAuth (code 7). STMAC: [FF:FF:FF:FF:FF:FF] [ 0|16 ACKs]13:13:23  Sending 64 directed DeAuth (code 7). STMAC: [FF:FF:FF:FF:FF:FF] [ 0|17 ACKs]13:13:23  Sending 64 directed DeAuth (code 7). STMAC: [FF:FF:FF:FF:FF:FF] [ 0|18 ACKs]13:13:23  Sending 64 directed DeAuth (code 7). STMAC: [FF:FF:FF:FF:FF:FF] [ 0|19 ACKs]13:13:23  Sending 64 directed DeAuth (code 7). STMAC: [FF:FF:FF:FF:FF:FF] [ 0|20 ACKs]13:13:23  Sending 64 directed DeAuth (code 7). STMAC: [FF:FF:FF:FF:FF:FF] [ 0|21 ACKs]13:13:23  Sending 64 directed DeAuth (code 7). STMAC: [FF:FF:FF:FF:FF:FF] [ 0|22 ACKs]13:13:23  Sending 64 directed DeAuth (code 7). STMAC: [FF:FF:FF:FF:FF:FF] [ 0|23 ACKs]13:13:23  Sending 64 directed DeAuth (code 7). STMAC: [FF:FF:FF:FF:FF:FF] [ 0|24 ACKs]13:13:23  Sending 64 directed DeAuth (code 7). STMAC: [FF:FF:FF:FF:FF:FF] [ 0|25 ACKs]13:13:23  Sending 64 directed DeAuth (code 7). STMAC: [FF:FF:FF:FF:FF:FF] [ 0|26 ACKs]13:13:23  Sending 64 directed DeAuth (code 7). STMAC: [FF:FF:FF:FF:FF:FF] [ 0|27 ACKs]13:13:23  Sending 64 directed DeAuth (code 7). STMAC: [FF:FF:FF:FF:FF:FF] [ 0|28 ACKs]13:13:23  Sending 64 directed DeAuth (code 7). STMAC: [FF:FF:FF:FF:FF:FF] [ 0|29 ACKs]13:13:23  Sending 64 directed DeAuth (code 7). STMAC: [FF:FF:FF:FF:FF:FF] [ 0|30 ACKs]13:13:23  Sending 64 directed DeAuth (code 7). STMAC: [FF:FF:FF:FF:FF:FF] [ 0|31 ACKs]13:13:23  Sending 64 directed DeAuth (code 7). STMAC: [FF:FF:FF:FF:FF:FF] [ 0|32 ACKs]13:13:23  Sending 64 directed DeAuth (code 7). STMAC: [FF:FF:FF:FF:FF:FF] [ 0|33 ACKs]13:13:23  Sending 64 directed DeAuth (code 7). STMAC: [FF:FF:FF:FF:FF:FF] [ 0|34 ACKs]13:13:23  Sending 64 directed DeAuth (code 7). STMAC: [FF:FF:FF:FF:FF:FF] [ 0|35 ACKs]13:13:23  Sending 64 directed DeAuth (code 7). STMAC: [FF:FF:FF:FF:FF:FF] [ 0|36 ACKs]13:13:23  Sending 64 directed DeAuth (code 7). STMAC: [FF:FF:FF:FF:FF:FF] [ 0|37 ACKs]13:13:23  Sending 64 directed DeAuth (code 7). STMAC: [FF:FF:FF:FF:FF:FF] [ 0|38 ACKs]13:13:23  Sending 64 directed DeAuth (code 7). STMAC: [FF:FF:FF:FF:FF:FF] [ 0|39 ACKs]13:13:23  Sending 64 directed DeAuth (code 7). STMAC: [FF:FF:FF:FF:FF:FF] [ 0|40 ACKs]13:13:23  Sending 64 directed DeAuth (code 7). STMAC: [FF:FF:FF:FF:FF:FF] [ 0|41 ACKs]13:13:23  Sending 64 directed DeAuth (code 7). STMAC: [FF:FF:FF:FF:FF:FF] [ 0|42 ACKs]13:13:23  Sending 64 directed DeAuth (code 7). STMAC: [FF:FF:FF:FF:FF:FF] [ 0|43 ACKs]13:13:23  Sending 64 directed DeAuth (code 7). STMAC: [FF:FF:FF:FF:FF:FF] [ 0|44 ACKs]13:13:23  Sending 64 directed DeAuth (code 7). STMAC: [FF:FF:FF:FF:FF:FF] [ 0|45 ACKs]13:13:23  Sending 64 directed DeAuth (code 7). STMAC: [FF:FF:FF:FF:FF:FF] [ 0|46 ACKs]13:13:23  Sending 64 directed DeAuth (code 7). STMAC: [FF:FF:FF:FF:FF:FF] [ 0|47 ACKs]13:13:23  Sending 64 directed DeAuth (code 7). STMAC: [FF:FF:FF:FF:FF:FF] [ 0|48 ACKs]13:13:23  Sending 64 directed DeAuth (code 7). STMAC: [FF:FF:FF:FF:FF:FF] [ 0|49 ACKs]13:13:23  Sending 64 directed DeAuth (code 7). STMAC: [FF:FF:FF:FF:FF:FF] [ 0|50 ACKs]13:13:23  Sending 64 directed DeAuth (code 7). STMAC: [FF:FF:FF:FF:FF:FF] [ 0|51 ACKs]13:13:23  Sending 64 directed DeAuth (code 7). STMAC: [FF:FF:FF:FF:FF:FF] [ 0|52 ACKs]13:13:23  Sending 64 directed DeAuth (code 7). STMAC: [FF:FF:FF:FF:FF:FF] [ 0|53 ACKs]13:13:23  Sending 64 directed DeAuth (code 7). STMAC: [FF:FF:FF:FF:FF:FF] [ 0|54 ACKs]13:13:23  Sending 64 directed DeAuth (code 7). STMAC: [FF:FF:FF:FF:FF:FF] [ 0|55 ACKs]13:13:23  Sending 64 directed DeAuth (code 7). STMAC: [FF:FF:FF:FF:FF:FF] [ 0|56 ACKs]13:13:23  Sending 64 directed DeAuth (code 7). STMAC: [FF:FF:FF:FF:FF:FF] [ 0|57 ACKs]13:13:23  Sending 64 directed DeAuth (code 7). STMAC: [FF:FF:FF:FF:FF:FF] [ 0|58 ACKs]13:13:23  Sending 64 directed DeAuth (code 7). STMAC: [FF:FF:FF:FF:FF:FF] [ 0|59 ACKs]13:13:23  Sending 64 directed DeAuth (code 7). STMAC: [FF:FF:FF:FF:FF:FF] [ 0|60 ACKs]13:13:23  Sending 64 directed DeAuth (code 7). STMAC: [FF:FF:FF:FF:FF:FF] [ 0|61 ACKs]13:13:23  Sending 64 directed DeAuth (code 7). STMAC: [FF:FF:FF:FF:FF:FF] [ 0|62 ACKs]13:13:23  Sending 64 directed DeAuth (code 7). STMAC: [FF:FF:FF:FF:FF:FF] [ 0|63 ACKs]13:13:23  Sending 64 directed DeAuth (code 7). STMAC: [FF:FF:FF:FF:FF:FF] [ 0|64 ACKs]
13:13:23  Sending 64 directed DeAuth (code 7). STMAC: [FF:FF:FF:FF:FF:FF] [ 0| 0 ACKs]13:13:23  Sending 64 directed DeAuth (code 7). STMAC: [FF:FF:FF:FF:FF:FF] [ 0| 0 ACKs]13:13:23  Sending 64 directed DeAuth (code 7). STMAC: [FF:FF:FF:FF:FF:FF] [ 1| 0 ACKs]13:13:23  Sending 64 directed DeAuth (code 7). STMAC: [FF:FF:FF:FF:FF:FF] [ 1| 0 ACKs]13:13:23  Sending 64 directed DeAuth (code 7). STMAC: [FF:FF:FF:FF:FF:FF] [ 1| 0 ACKs]13:13:23  Sending 64 directed DeAuth (code 7). STMAC: [FF:FF:FF:FF:FF:FF] [ 1| 1 ACKs]13:13:23  Sending 64 directed DeAuth (code 7). STMAC: [FF:FF:FF:FF:FF:FF] [ 1| 1 ACKs]13:13:23  Sending 64 directed DeAuth (code 7). STMAC: [FF:FF:FF:FF:FF:FF] [ 1| 2 ACKs]13:13:23  Sending 64 directed DeAuth (code 7). STMAC: [FF:FF:FF:FF:FF:FF] [ 1| 3 ACKs]13:13:23  Sending 64 directed DeAuth (code 7). STMAC: [FF:FF:FF:FF:FF:FF] [ 1| 4 ACKs]13:13:23  Sending 64 directed DeAuth (code 7). STMAC: [FF:FF:FF:FF:FF:FF] [ 1| 5 ACKs]13:13:23  Sending 64 directed DeAuth (code 7). STMAC: [FF:FF:FF:FF:FF:FF] [ 1| 6 ACKs]13:13:23  Sending 64 directed DeAuth (code 7). STMAC: [FF:FF:FF:FF:FF:FF] [ 1| 7 ACKs]13:13:23  Sending 64 directed DeAuth (code 7). STMAC: [FF:FF:FF:FF:FF:FF] [ 1| 8 ACKs]13:13:23  Sending 64 directed DeAuth (code 7). STMAC: [FF:FF:FF:FF:FF:FF] [ 1| 9 ACKs]13:13:23  Sending 64 directed DeAuth (code 7). STMAC: [FF:FF:FF:FF:FF:FF] [ 1|10 ACKs]13:13:23  Sending 64 directed DeAuth (code 7). STMAC: [FF:FF:FF:FF:FF:FF] [ 1|11 ACKs]13:13:23  Sending 64 directed DeAuth (code 7). STMAC: [FF:FF:FF:FF:FF:FF] [ 1|12 ACKs]13:13:23  Sending 64 directed DeAuth (code 7). STMAC: [FF:FF:FF:FF:FF:FF] [ 1|13 ACKs]13:13:23  Sending 64 directed DeAuth (code 7). STMAC: [FF:FF:FF:FF:FF:FF] [ 1|14 ACKs]13:13:23  Sending 64 directed DeAuth (code 7). STMAC: [FF:FF:FF:FF:FF:FF] [ 1|15 ACKs]13:13:23  Sending 64 directed DeAuth (code 7). STMAC: [FF:FF:FF:FF:FF:FF] [ 1|16 ACKs]13:13:23  Sending 64 directed DeAuth (code 7). STMAC: [FF:FF:FF:FF:FF:FF] [ 1|17 ACKs]13:13:23  Sending 64 directed DeAuth (code 7). STMAC: [FF:FF:FF:FF:FF:FF] [ 1|18 ACKs]13:13:23  Sending 64 directed DeAuth (code 7). STMAC: [FF:FF:FF:FF:FF:FF] [ 1|19 ACKs]13:13:23  Sending 64 directed DeAuth (code 7). STMAC: [FF:FF:FF:FF:FF:FF] [ 1|20 ACKs]13:13:23  Sending 64 directed DeAuth (code 7). STMAC: [FF:FF:FF:FF:FF:FF] [ 1|21 ACKs]13:13:23  Sending 64 directed DeAuth (code 7). STMAC: [FF:FF:FF:FF:FF:FF] [ 1|22 ACKs]13:13:23  Sending 64 directed DeAuth (code 7). STMAC: [FF:FF:FF:FF:FF:FF] [ 1|23 ACKs]13:13:23  Sending 64 directed DeAuth (code 7). STMAC: [FF:FF:FF:FF:FF:FF] [ 1|24 ACKs]13:13:23  Sending 64 directed DeAuth (code 7). STMAC: [FF:FF:FF:FF:FF:FF] [ 1|25 ACKs]13:13:23  Sending 64 directed DeAuth (code 7). STMAC: [FF:FF:FF:FF:FF:FF] [ 1|26 ACKs]13:13:23  Sending 64 directed DeAuth (code 7). STMAC: [FF:FF:FF:FF:FF:FF] [ 2|26 ACKs]13:13:23  Sending 64 directed DeAuth (code 7). STMAC: [FF:FF:FF:FF:FF:FF] [ 2|27 ACKs]13:13:23  Sending 64 directed DeAuth (code 7). STMAC: [FF:FF:FF:FF:FF:FF] [ 2|28 ACKs]13:13:23  Sending 64 directed DeAuth (code 7). STMAC: [FF:FF:FF:FF:FF:FF] [ 2|29 ACKs]13:13:23  Sending 64 directed DeAuth (code 7). STMAC: [FF:FF:FF:FF:FF:FF] [ 2|30 ACKs]13:13:23  Sending 64 directed DeAuth (code 7). STMAC: [FF:FF:FF:FF:FF:FF] [ 2|31 ACKs]13:13:23  Sending 64 directed DeAuth (code 7). STMAC: [FF:FF:FF:FF:FF:FF] [ 2|32 ACKs]13:13:23  Sending 64 directed DeAuth (code 7). STMAC: [FF:FF:FF:FF:FF:FF] [ 2|33 ACKs]13:13:23  Sending 64 directed DeAuth (code 7). STMAC: [FF:FF:FF:FF:FF:FF] [ 2|34 ACKs]13:13:23  Sending 64 directed DeAuth (code 7). STMAC: [FF:FF:FF:FF:FF:FF] [ 2|35 ACKs]13:13:23  Sending 64 directed DeAuth (code 7). STMAC: [FF:FF:FF:FF:FF:FF] [ 2|36 ACKs]13:13:23  Sending 64 directed DeAuth (code 7). STMAC: [FF:FF:FF:FF:FF:FF] [ 2|37 ACKs]13:13:23  Sending 64 directed DeAuth (code 7). STMAC: [FF:FF:FF:FF:FF:FF] [ 2|38 ACKs]13:13:23  Sending 64 directed DeAuth (code 7). STMAC: [FF:FF:FF:FF:FF:FF] [ 2|39 ACKs]13:13:23  Sending 64 directed DeAuth (code 7). STMAC: [FF:FF:FF:FF:FF:FF] [ 2|40 ACKs]13:13:23  Sending 64 directed DeAuth (code 7). STMAC: [FF:FF:FF:FF:FF:FF] [ 2|41 ACKs]13:13:24  Sending 64 directed DeAuth (code 7). STMAC: [FF:FF:FF:FF:FF:FF] [ 2|42 ACKs]13:13:24  Sending 64 directed DeAuth (code 7). STMAC: [FF:FF:FF:FF:FF:FF] [ 2|43 ACKs]13:13:24  Sending 64 directed DeAuth (code 7). STMAC: [FF:FF:FF:FF:FF:FF] [ 2|44 ACKs]13:13:24  Sending 64 directed DeAuth (code 7). STMAC: [FF:FF:FF:FF:FF:FF] [ 2|45 ACKs]13:13:24  Sending 64 directed DeAuth (code 7). STMAC: [FF:FF:FF:FF:FF:FF] [ 2|46 ACKs]13:13:24  Sending 64 directed DeAuth (code 7). STMAC: [FF:FF:FF:FF:FF:FF] [ 2|47 ACKs]13:13:24  Sending 64 directed DeAuth (code 7). STMAC: [FF:FF:FF:FF:FF:FF] [ 2|48 ACKs]13:13:24  Sending 64 directed DeAuth (code 7). STMAC: [FF:FF:FF:FF:FF:FF] [ 2|49 ACKs]13:13:24  Sending 64 directed DeAuth (code 7). STMAC: [FF:FF:FF:FF:FF:FF] [ 2|50 ACKs]13:13:24  Sending 64 directed DeAuth (code 7). STMAC: [FF:FF:FF:FF:FF:FF] [ 2|51 ACKs]13:13:24  Sending 64 directed DeAuth (code 7). STMAC: [FF:FF:FF:FF:FF:FF] [ 2|52 ACKs]13:13:24  Sending 64 directed DeAuth (code 7). STMAC: [FF:FF:FF:FF:FF:FF] [ 2|53 ACKs]13:13:24  Sending 64 directed DeAuth (code 7). STMAC: [FF:FF:FF:FF:FF:FF] [ 2|54 ACKs]13:13:24  Sending 64 directed DeAuth (code 7). STMAC: [FF:FF:FF:FF:FF:FF] [ 2|55 ACKs]13:13:24  Sending 64 directed DeAuth (code 7). STMAC: [FF:FF:FF:FF:FF:FF] [ 2|56 ACKs]13:13:24  Sending 64 directed DeAuth (code 7). STMAC: [FF:FF:FF:FF:FF:FF] [ 2|57 ACKs]13:13:24  Sending 64 directed DeAuth (code 7). STMAC: [FF:FF:FF:FF:FF:FF] [ 2|58 ACKs]13:13:24  Sending 64 directed DeAuth (code 7). STMAC: [FF:FF:FF:FF:FF:FF] [ 2|59 ACKs]13:13:24  Sending 64 directed DeAuth (code 7). STMAC: [FF:FF:FF:FF:FF:FF] [ 2|60 ACKs]13:13:24  Sending 64 directed DeAuth (code 7). STMAC: [FF:FF:FF:FF:FF:FF] [ 2|61 ACKs]13:13:24  Sending 64 directed DeAuth (code 7). STMAC: [FF:FF:FF:FF:FF:FF] [ 2|62 ACKs]13:13:24  Sending 64 directed DeAuth (code 7). STMAC: [FF:FF:FF:FF:FF:FF] [ 2|63 ACKs]13:13:24  Sending 64 directed DeAuth (code 7). STMAC: [FF:FF:FF:FF:FF:FF] [ 2|64 ACKs]
13:13:24  Sending 64 directed DeAuth (code 7). STMAC: [FF:FF:FF:FF:FF:FF] [ 0| 0 ACKs]13:13:24  Sending 64 directed DeAuth (code 7). STMAC: [FF:FF:FF:FF:FF:FF] [ 0| 1 ACKs]13:13:24  Sending 64 directed DeAuth (code 7). STMAC: [FF:FF:FF:FF:FF:FF] [ 0| 2 ACKs]13:13:24  Sending 64 directed DeAuth (code 7). STMAC: [FF:FF:FF:FF:FF:FF] [ 0| 3 ACKs]13:13:24  Sending 64 directed DeAuth (code 7). STMAC: [FF:FF:FF:FF:FF:FF] [ 0| 4 ACKs]13:13:24  Sending 64 directed DeAuth (code 7). STMAC: [FF:FF:FF:FF:FF:FF] [ 0| 5 ACKs]13:13:24  Sending 64 directed DeAuth (code 7). STMAC: [FF:FF:FF:FF:FF:FF] [ 0| 6 ACKs]13:13:24  Sending 64 directed DeAuth (code 7). STMAC: [FF:FF:FF:FF:FF:FF] [ 0| 7 ACKs]13:13:24  Sending 64 directed DeAuth (code 7). STMAC: [FF:FF:FF:FF:FF:FF] [ 0| 8 ACKs]13:13:24  Sending 64 directed DeAuth (code 7). STMAC: [FF:FF:FF:FF:FF:FF] [ 0| 9 ACKs]13:13:24  Sending 64 directed DeAuth (code 7). STMAC: [FF:FF:FF:FF:FF:FF] [ 0|10 ACKs]13:13:24  Sending 64 directed DeAuth (code 7). STMAC: [FF:FF:FF:FF:FF:FF] [ 0|11 ACKs]13:13:24  Sending 64 directed DeAuth (code 7). STMAC: [FF:FF:FF:FF:FF:FF] [ 0|12 ACKs]13:13:24  Sending 64 directed DeAuth (code 7). STMAC: [FF:FF:FF:FF:FF:FF] [ 0|13 ACKs]13:13:24  Sending 64 directed DeAuth (code 7). STMAC: [FF:FF:FF:FF:FF:FF] [ 0|14 ACKs]13:13:24  Sending 64 directed DeAuth (code 7). STMAC: [FF:FF:FF:FF:FF:FF] [ 0|15 ACKs]13:13:24  Sending 64 directed DeAuth (code 7). STMAC: [FF:FF:FF:FF:FF:FF] [ 0|16 ACKs]13:13:24  Sending 64 directed DeAuth (code 7). STMAC: [FF:FF:FF:FF:FF:FF] [ 0|17 ACKs]13:13:24  Sending 64 directed DeAuth (code 7). STMAC: [FF:FF:FF:FF:FF:FF] [ 0|18 ACKs]13:13:24  Sending 64 directed DeAuth (code 7). STMAC: [FF:FF:FF:FF:FF:FF] [ 0|19 ACKs]13:13:24  Sending 64 directed DeAuth (code 7). STMAC: [FF:FF:FF:FF:FF:FF] [ 0|20 ACKs]13:13:24  Sending 64 directed DeAuth (code 7). STMAC: [FF:FF:FF:FF:FF:FF] [ 0|21 ACKs]13:13:24  Sending 64 directed DeAuth (code 7). STMAC: [FF:FF:FF:FF:FF:FF] [ 0|22 ACKs]13:13:24  Sending 64 directed DeAuth (code 7). STMAC: [FF:FF:FF:FF:FF:FF] [ 0|23 ACKs]13:13:24  Sending 64 directed DeAuth (code 7). STMAC: [FF:FF:FF:FF:FF:FF] [ 0|24 ACKs]13:13:24  Sending 64 directed DeAuth (code 7). STMAC: [FF:FF:FF:FF:FF:FF] [ 0|25 ACKs]13:13:24  Sending 64 directed DeAuth (code 7). STMAC: [FF:FF:FF:FF:FF:FF] [ 0|26 ACKs]13:13:24  Sending 64 directed DeAuth (code 7). STMAC: [FF:FF:FF:FF:FF:FF] [ 0|27 ACKs]13:13:24  Sending 64 directed DeAuth (code 7). 