
================================================================================
STATISTICS after 10.1s
--------------------------------------------------------------------------------
total frames: 336

by frame type:
  control: 190
  management: 77
  data: 69

by frame subtype:
  beacon: 74
  rts: 63
  qos_data: 60
  cts: 55
  block_ack: 55
  ack: 17
  null_data: 8
  probe_response: 2
  probe_request: 1
  data: 1

unique SSIDs: 1
unique BSSIDs: 3
================================================================================

!!!!!!!!!!!!!!!!!!!!!!!!!!!!!!!!!!!!!!!!!!!!!!!!!!!!!!!!!!!!!!!!!!!!!!!!!!!!!!!!
[ALERT] ALERT-000001 | RTS_CTS_FLOOD_GLOBAL
severity: MEDIUM
time: 2026-05-16T13:33:32.837253
message: Wykryto możliwy RTS/CTS Flood: 77 ramek RTS oraz 73 ramek CTS w oknie 5s.
evidence: {'rts_count': 77, 'cts_count': 73, 'combined_count': 150, 'window_seconds': 5, 'rts_count_threshold': 100, 'cts_count_threshold': 100, 'combined_count_threshold': 150, 'triggered_reasons': ['high_combined_rts_cts_rate'], 'unique_source_count': 2, 'unique_destination_count': 2, 'sample_sources': ['54:35:30:cf:ee:1e', 'd8:d7:75:45:81:24'], 'sample_destinations': ['d8:d7:75:45:81:24', '54:35:30:cf:ee:1e']}
!!!!!!!!!!!!!!!!!!!!!!!!!!!!!!!!!!!!!!!!!!!!!!!!!!!!!!!!!!!!!!!!!!!!!!!!!!!!!!!!


!!!!!!!!!!!!!!!!!!!!!!!!!!!!!!!!!!!!!!!!!!!!!!!!!!!!!!!!!!!!!!!!!!!!!!!!!!!!!!!!
[ALERT] ALERT-000002 | RTS_FLOOD_SOURCE
severity: MEDIUM
time: 2026-05-16T13:33:33.273980
message: Wykryto możliwy RTS Flood z pojedynczego źródła: 50 ramek RTS z adresu 54:35:30:cf:ee:1e w oknie 5s.
evidence: {'source_mac': '54:35:30:cf:ee:1e', 'rts_count': 50, 'unique_destination_count': 1, 'rts_per_source_threshold': 50, 'window_seconds': 5, 'sample_destinations': ['d8:d7:75:45:81:24']}
!!!!!!!!!!!!!!!!!!!!!!!!!!!!!!!!!!!!!!!!!!!!!!!!!!!!!!!!!!!!!!!!!!!!!!!!!!!!!!!!


!!!!!!!!!!!!!!!!!!!!!!!!!!!!!!!!!!!!!!!!!!!!!!!!!!!!!!!!!!!!!!!!!!!!!!!!!!!!!!!!
[ALERT] ALERT-000003 | RTS_FLOOD_SOURCE
severity: MEDIUM
time: 2026-05-16T13:33:33.336104
message: Wykryto możliwy RTS Flood z pojedynczego źródła: 50 ramek RTS z adresu d8:d7:75:45:81:24 w oknie 5s.
evidence: {'source_mac': 'd8:d7:75:45:81:24', 'rts_count': 50, 'unique_destination_count': 1, 'rts_per_source_threshold': 50, 'window_seconds': 5, 'sample_destinations': ['54:35:30:cf:ee:1e']}
!!!!!!!!!!!!!!!!!!!!!!!!!!!!!!!!!!!!!!!!!!!!!!!!!!!!!!!!!!!!!!!!!!!!!!!!!!!!!!!!


================================================================================
STATISTICS after 20.1s
--------------------------------------------------------------------------------
total frames: 858

by frame type:
  control: 524
  data: 185
  management: 149

by frame subtype:
  rts: 181
  cts: 163
  qos_data: 152
  beacon: 146
  block_ack: 145
  ack: 35
  null_data: 29
  data: 3
  probe_response: 2
  probe_request: 1
  qos_null: 1

unique SSIDs: 1
unique BSSIDs: 3
================================================================================

================================================================================
STATISTICS after 30.1s
--------------------------------------------------------------------------------
total frames: 1272

by frame type:
  control: 741
  data: 290
  management: 241

by frame subtype:
  rts: 252
  beacon: 232
  cts: 214
  qos_data: 205
  block_ack: 192
  ack: 83
  null_data: 66
  data: 18
  probe_response: 4
  probe_request: 3
  action: 2
  qos_null: 1

unique SSIDs: 1
unique BSSIDs: 5
================================================================================

!!!!!!!!!!!!!!!!!!!!!!!!!!!!!!!!!!!!!!!!!!!!!!!!!!!!!!!!!!!!!!!!!!!!!!!!!!!!!!!!
[ALERT] ALERT-000004 | RTS_CTS_FLOOD_GLOBAL
severity: MEDIUM
time: 2026-05-16T13:33:54.105407
message: Wykryto możliwy RTS/CTS Flood: 76 ramek RTS oraz 74 ramek CTS w oknie 5s.
evidence: {'rts_count': 76, 'cts_count': 74, 'combined_count': 150, 'window_seconds': 5, 'rts_count_threshold': 100, 'cts_count_threshold': 100, 'combined_count_threshold': 150, 'triggered_reasons': ['high_combined_rts_cts_rate'], 'unique_source_count': 2, 'unique_destination_count': 2, 'sample_sources': ['54:35:30:cf:ee:1e', 'd8:d7:75:45:81:24'], 'sample_destinations': ['d8:d7:75:45:81:24', '54:35:30:cf:ee:1e']}
!!!!!!!!!!!!!!!!!!!!!!!!!!!!!!!!!!!!!!!!!!!!!!!!!!!!!!!!!!!!!!!!!!!!!!!!!!!!!!!!


================================================================================
STATISTICS after 40.3s
--------------------------------------------------------------------------------
total frames: 1793

by frame type:
  control: 1042
  data: 428
  management: 323

by frame subtype:
  rts: 340
  beacon: 314
  cts: 300
  qos_data: 287
  block_ack: 271
  ack: 131
  null_data: 100
  data: 40
  probe_response: 4
  probe_request: 3
  action: 2
  qos_null: 1

unique SSIDs: 1
unique BSSIDs: 7
================================================================================

================================================================================
STATISTICS after 50.3s
--------------------------------------------------------------------------------
total frames: 1988

by frame type:
  control: 1112
  data: 468
  management: 408

by frame subtype:
  beacon: 399
  rts: 356
  cts: 315
  qos_data: 302
  block_ack: 286
  ack: 155
  null_data: 118
  data: 47
  probe_response: 4
  probe_request: 3
  action: 2
  qos_null: 1

unique SSIDs: 1
unique BSSIDs: 7
================================================================================

================================================================================
STATISTICS after 60.3s
--------------------------------------------------------------------------------
total frames: 2121

by frame type:
  control: 1138
  management: 495
  data: 488

by frame subtype:
  beacon: 474
  rts: 356
  cts: 315
  qos_data: 302
  block_ack: 286
  ack: 181
  null_data: 135
  data: 50
  probe_request: 10
  probe_response: 9
  action: 2
  qos_null: 1

unique SSIDs: 1
unique BSSIDs: 7
================================================================================

================================================================================
STATISTICS after 70.4s
--------------------------------------------------------------------------------
total frames: 2253

by frame type:
  control: 1168
  management: 571
  data: 514

by frame subtype:
  beacon: 538
  rts: 358
  cts: 316
  qos_data: 304
  block_ack: 288
  ack: 206
  null_data: 154
  data: 55
  probe_response: 19
  probe_request: 12
  action: 2
  qos_null: 1

unique SSIDs: 1
unique BSSIDs: 8
================================================================================

================================================================================
STATISTICS after 80.5s
--------------------------------------------------------------------------------
total frames: 2426

by frame type:
  control: 1204
  management: 669
  data: 553

by frame subtype:
  beacon: 631
  rts: 359
  cts: 317
  qos_data: 305
  block_ack: 289
  ack: 239
  null_data: 183
  data: 63
  probe_response: 22
  probe_request: 14
  qos_null: 2
  action: 2

unique SSIDs: 2
unique BSSIDs: 9
================================================================================

!!!!!!!!!!!!!!!!!!!!!!!!!!!!!!!!!!!!!!!!!!!!!!!!!!!!!!!!!!!!!!!!!!!!!!!!!!!!!!!!
[ALERT] ALERT-000005 | BEACON_FLOOD
severity: MEDIUM
time: 2026-05-16T13:34:42.249027
message: Wykryto możliwy atak Beacon Flood: 100 ramek beacon, 2 unikalnych BSSID, 2 unikalnych SSID w oknie 10s.
evidence: {'beacon_count': 100, 'unique_bssid_count': 2, 'unique_ssid_count': 2, 'window_seconds': 10, 'beacon_count_threshold': 100, 'unique_bssid_threshold': 30, 'unique_ssid_threshold': 20, 'triggered_reasons': ['high_beacon_rate'], 'sample_ssids': ['TP-LINK_7122', 'FunBox2-8124'], 'sample_bssids': ['ac:84:c6:41:71:22', 'd8:d7:75:45:81:24']}
!!!!!!!!!!!!!!!!!!!!!!!!!!!!!!!!!!!!!!!!!!!!!!!!!!!!!!!!!!!!!!!!!!!!!!!!!!!!!!!!


================================================================================
STATISTICS after 90.6s
--------------------------------------------------------------------------------
total frames: 2646

by frame type:
  control: 1260
  management: 781
  data: 605

by frame subtype:
  beacon: 729
  rts: 365
  cts: 324
  qos_data: 312
  block_ack: 291
  ack: 280
  null_data: 219
  data: 72
  probe_response: 30
  probe_request: 20
  qos_null: 2
  action: 2

unique SSIDs: 2
unique BSSIDs: 9
================================================================================

================================================================================
STATISTICS after 100.6s
--------------------------------------------------------------------------------
total frames: 2853

by frame type:
  control: 1304
  management: 891
  data: 658

by frame subtype:
  beacon: 827
  rts: 369
  cts: 328
  qos_data: 315
  ack: 313
  block_ack: 294
  null_data: 260
  data: 81
  probe_response: 38
  probe_request: 22
  action: 4
  qos_null: 2

unique SSIDs: 2
unique BSSIDs: 9
================================================================================

================================================================================
STATISTICS after 110.7s
--------------------------------------------------------------------------------
total frames: 2979

by frame type:
  control: 1323
  management: 971
  data: 685

by frame subtype:
  beacon: 907
  rts: 369
  ack: 332
  cts: 328
  qos_data: 315
  block_ack: 294
  null_data: 286
  data: 82
  probe_response: 38
  probe_request: 22
  action: 4
  qos_null: 2

unique SSIDs: 2
unique BSSIDs: 9
================================================================================

!!!!!!!!!!!!!!!!!!!!!!!!!!!!!!!!!!!!!!!!!!!!!!!!!!!!!!!!!!!!!!!!!!!!!!!!!!!!!!!!
[ALERT] ALERT-000006 | DEAUTH_FLOOD
severity: MEDIUM
time: 2026-05-16T13:35:15.251189
message: Wykryto możliwy atak Deauthentication Flood: 25 ramek deauthentication z adresu d8:d7:75:45:81:24 w oknie 5s.
evidence: {'source_mac': 'd8:d7:75:45:81:24', 'destination_mac': 'ff:ff:ff:ff:ff:ff', 'bssid': 'd8:d7:75:45:81:24', 'count': 25, 'threshold': 25, 'window_seconds': 5}
!!!!!!!!!!!!!!!!!!!!!!!!!!!!!!!!!!!!!!!!!!!!!!!!!!!!!!!!!!!!!!!!!!!!!!!!!!!!!!!!


!!!!!!!!!!!!!!!!!!!!!!!!!!!!!!!!!!!!!!!!!!!!!!!!!!!!!!!!!!!!!!!!!!!!!!!!!!!!!!!!
[ALERT] ALERT-000007 | DEAUTH_FLOOD
severity: MEDIUM
time: 2026-05-16T13:35:15.253297
message: Wykryto możliwy atak Deauthentication Flood: 25 ramek deauthentication z adresu ff:ff:ff:ff:ff:ff w oknie 5s.
evidence: {'source_mac': 'ff:ff:ff:ff:ff:ff', 'destination_mac': 'd8:d7:75:45:81:24', 'bssid': 'd8:d7:75:45:81:24', 'count': 25, 'threshold': 25, 'window_seconds': 5}
!!!!!!!!!!!!!!!!!!!!!!!!!!!!!!!!!!!!!!!!!!!!!!!!!!!!!!!!!!!!!!!!!!!!!!!!!!!!!!!!


================================================================================
STATISTICS after 120.7s
--------------------------------------------------------------------------------
total frames: 3362

by frame type:
  control: 1399
  management: 1243
  data: 720

by frame subtype:
  beacon: 977
  ack: 405
  rts: 370
  cts: 329
  qos_data: 315
  null_data: 313
  block_ack: 295
  deauthentication: 177
  data: 90
  probe_response: 53
  probe_request: 32
  action: 4
  qos_null: 2

unique SSIDs: 2
unique BSSIDs: 9
================================================================================

!!!!!!!!!!!!!!!!!!!!!!!!!!!!!!!!!!!!!!!!!!!!!!!!!!!!!!!!!!!!!!!!!!!!!!!!!!!!!!!!
[ALERT] ALERT-000008 | DEAUTH_FLOOD
severity: CRITICAL
time: 2026-05-16T13:35:20.377402
message: Wykryto możliwy atak Deauthentication Flood: 357 ramek deauthentication z adresu d8:d7:75:45:81:24 w oknie 5s.
evidence: {'source_mac': 'd8:d7:75:45:81:24', 'destination_mac': 'ff:ff:ff:ff:ff:ff', 'bssid': 'd8:d7:75:45:81:24', 'count': 357, 'threshold': 25, 'window_seconds': 5}
!!!!!!!!!!!!!!!!!!!!!!!!!!!!!!!!!!!!!!!!!!!!!!!!!!!!!!!!!!!!!!!!!!!!!!!!!!!!!!!!


!!!!!!!!!!!!!!!!!!!!!!!!!!!!!!!!!!!!!!!!!!!!!!!!!!!!!!!!!!!!!!!!!!!!!!!!!!!!!!!!
[ALERT] ALERT-000009 | DEAUTH_FLOOD
severity: CRITICAL
time: 2026-05-16T13:35:20.379528
message: Wykryto możliwy atak Deauthentication Flood: 322 ramek deauthentication z adresu ff:ff:ff:ff:ff:ff w oknie 5s.
evidence: {'source_mac': 'ff:ff:ff:ff:ff:ff', 'destination_mac': 'd8:d7:75:45:81:24', 'bssid': 'd8:d7:75:45:81:24', 'count': 322, 'threshold': 25, 'window_seconds': 5}
!!!!!!!!!!!!!!!!!!!!!!!!!!!!!!!!!!!!!!!!!!!!!!!!!!!!!!!!!!!!!!!!!!!!!!!!!!!!!!!!


!!!!!!!!!!!!!!!!!!!!!!!!!!!!!!!!!!!!!!!!!!!!!!!!!!!!!!!!!!!!!!!!!!!!!!!!!!!!!!!!
[ALERT] ALERT-000010 | DEAUTH_FLOOD
severity: CRITICAL
time: 2026-05-16T13:35:25.379817
message: Wykryto możliwy atak Deauthentication Flood: 377 ramek deauthentication z adresu d8:d7:75:45:81:24 w oknie 5s.
evidence: {'source_mac': 'd8:d7:75:45:81:24', 'destination_mac': 'ff:ff:ff:ff:ff:ff', 'bssid': 'd8:d7:75:45:81:24', 'count': 377, 'threshold': 25, 'window_seconds': 5}
!!!!!!!!!!!!!!!!!!!!!!!!!!!!!!!!!!!!!!!!!!!!!!!!!!!!!!!!!!!!!!!!!!!!!!!!!!!!!!!!


!!!!!!!!!!!!!!!!!!!!!!!!!!!!!!!!!!!!!!!!!!!!!!!!!!!!!!!!!!!!!!!!!!!!!!!!!!!!!!!!
[ALERT] ALERT-000011 | DEAUTH_FLOOD
severity: CRITICAL
time: 2026-05-16T13:35:25.567485
message: Wykryto możliwy atak Deauthentication Flood: 340 ramek deauthentication z adresu ff:ff:ff:ff:ff:ff w oknie 5s.
evidence: {'source_mac': 'ff:ff:ff:ff:ff:ff', 'destination_mac': 'd8:d7:75:45:81:24', 'bssid': 'd8:d7:75:45:81:24', 'count': 340, 'threshold': 25, 'window_seconds': 5}
!!!!!!!!!!!!!!!!!!!!!!!!!!!!!!!!!!!!!!!!!!!!!!!!!!!!!!!!!!!!!!!!!!!!!!!!!!!!!!!!


================================================================================
STATISTICS after 130.7s
--------------------------------------------------------------------------------
total frames: 5120

by frame type:
  management: 2765
  control: 1614
  data: 741

by frame subtype:
  deauthentication: 1601
  beacon: 1030
  ack: 618
  rts: 370
  cts: 329
  null_data: 321
  qos_data: 320
  block_ack: 296
  data: 98
  probe_response: 75
  probe_request: 41
  action: 10
  authentication: 4
  qos_null: 2
  association_request: 2
  association_response: 2
  block_ack_request: 1

unique SSIDs: 2
unique BSSIDs: 9
================================================================================

!!!!!!!!!!!!!!!!!!!!!!!!!!!!!!!!!!!!!!!!!!!!!!!!!!!!!!!!!!!!!!!!!!!!!!!!!!!!!!!!
[ALERT] ALERT-000012 | DEAUTH_FLOOD
severity: CRITICAL
time: 2026-05-16T13:35:30.394575
message: Wykryto możliwy atak Deauthentication Flood: 359 ramek deauthentication z adresu d8:d7:75:45:81:24 w oknie 5s.
evidence: {'source_mac': 'd8:d7:75:45:81:24', 'destination_mac': 'ff:ff:ff:ff:ff:ff', 'bssid': 'd8:d7:75:45:81:24', 'count': 359, 'threshold': 25, 'window_seconds': 5}
!!!!!!!!!!!!!!!!!!!!!!!!!!!!!!!!!!!!!!!!!!!!!!!!!!!!!!!!!!!!!!!!!!!!!!!!!!!!!!!!


!!!!!!!!!!!!!!!!!!!!!!!!!!!!!!!!!!!!!!!!!!!!!!!!!!!!!!!!!!!!!!!!!!!!!!!!!!!!!!!!
[ALERT] ALERT-000013 | DEAUTH_FLOOD
severity: CRITICAL
time: 2026-05-16T13:35:30.569926
message: Wykryto możliwy atak Deauthentication Flood: 355 ramek deauthentication z adresu ff:ff:ff:ff:ff:ff w oknie 5s.
evidence: {'source_mac': 'ff:ff:ff:ff:ff:ff', 'destination_mac': 'd8:d7:75:45:81:24', 'bssid': 'd8:d7:75:45:81:24', 'count': 355, 'threshold': 25, 'window_seconds': 5}
!!!!!!!!!!!!!!!!!!!!!!!!!!!!!!!!!!!!!!!!!!!!!!!!!!!!!!!!!!!!!!!!!!!!!!!!!!!!!!!!


================================================================================
STATISTICS after 140.7s
--------------------------------------------------------------------------------
total frames: 6790

by frame type:
  management: 4189
  control: 1835
  data: 766

by frame subtype:
  deauthentication: 2910
  beacon: 1074
  ack: 835
  rts: 370
  null_data: 332
  cts: 329
  qos_data: 329
  block_ack: 296
  probe_response: 105
  data: 103
  probe_request: 58
  action: 22
  authentication: 10
  association_request: 5
  association_response: 5
  block_ack_request: 5
  qos_null: 2

unique SSIDs: 2
unique BSSIDs: 9
================================================================================

!!!!!!!!!!!!!!!!!!!!!!!!!!!!!!!!!!!!!!!!!!!!!!!!!!!!!!!!!!!!!!!!!!!!!!!!!!!!!!!!
[ALERT] ALERT-000014 | DEAUTH_FLOOD
severity: CRITICAL
time: 2026-05-16T13:35:35.414587
message: Wykryto możliwy atak Deauthentication Flood: 352 ramek deauthentication z adresu d8:d7:75:45:81:24 w oknie 5s.
evidence: {'source_mac': 'd8:d7:75:45:81:24', 'destination_mac': 'ff:ff:ff:ff:ff:ff', 'bssid': 'd8:d7:75:45:81:24', 'count': 352, 'threshold': 25, 'window_seconds': 5}
!!!!!!!!!!!!!!!!!!!!!!!!!!!!!!!!!!!!!!!!!!!!!!!!!!!!!!!!!!!!!!!!!!!!!!!!!!!!!!!!


!!!!!!!!!!!!!!!!!!!!!!!!!!!!!!!!!!!!!!!!!!!!!!!!!!!!!!!!!!!!!!!!!!!!!!!!!!!!!!!!
[ALERT] ALERT-000015 | DEAUTH_FLOOD
severity: CRITICAL
time: 2026-05-16T13:35:35.574930
message: Wykryto możliwy atak Deauthentication Flood: 304 ramek deauthentication z adresu ff:ff:ff:ff:ff:ff w oknie 5s.
evidence: {'source_mac': 'ff:ff:ff:ff:ff:ff', 'destination_mac': 'd8:d7:75:45:81:24', 'bssid': 'd8:d7:75:45:81:24', 'count': 304, 'threshold': 25, 'window_seconds': 5}
!!!!!!!!!!!!!!!!!!!!!!!!!!!!!!!!!!!!!!!!!!!!!!!!!!!!!!!!!!!!!!!!!!!!!!!!!!!!!!!!


!!!!!!!!!!!!!!!!!!!!!!!!!!!!!!!!!!!!!!!!!!!!!!!!!!!!!!!!!!!!!!!!!!!!!!!!!!!!!!!!
[ALERT] ALERT-000016 | DEAUTH_FLOOD
severity: CRITICAL
time: 2026-05-16T13:35:40.626704
message: Wykryto możliwy atak Deauthentication Flood: 308 ramek deauthentication z adresu d8:d7:75:45:81:24 w oknie 5s.
evidence: {'source_mac': 'd8:d7:75:45:81:24', 'destination_mac': 'ff:ff:ff:ff:ff:ff', 'bssid': 'd8:d7:75:45:81:24', 'count': 308, 'threshold': 25, 'window_seconds': 5}
!!!!!!!!!!!!!!!!!!!!!!!!!!!!!!!!!!!!!!!!!!!!!!!!!!!!!!!!!!!!!!!!!!!!!!!!!!!!!!!!


!!!!!!!!!!!!!!!!!!!!!!!!!!!!!!!!!!!!!!!!!!!!!!!!!!!!!!!!!!!!!!!!!!!!!!!!!!!!!!!!
[ALERT] ALERT-000017 | DEAUTH_FLOOD
severity: CRITICAL
time: 2026-05-16T13:35:40.628825
message: Wykryto możliwy atak Deauthentication Flood: 294 ramek deauthentication z adresu ff:ff:ff:ff:ff:ff w oknie 5s.
evidence: {'source_mac': 'ff:ff:ff:ff:ff:ff', 'destination_mac': 'd8:d7:75:45:81:24', 'bssid': 'd8:d7:75:45:81:24', 'count': 294, 'threshold': 25, 'window_seconds': 5}
!!!!!!!!!!!!!!!!!!!!!!!!!!!!!!!!!!!!!!!!!!!!!!!!!!!!!!!!!!!!!!!!!!!!!!!!!!!!!!!!


!!!!!!!!!!!!!!!!!!!!!!!!!!!!!!!!!!!!!!!!!!!!!!!!!!!!!!!!!!!!!!!!!!!!!!!!!!!!!!!!
[ALERT] ALERT-000018 | DEAUTH_FLOOD
severity: CRITICAL
time: 2026-05-16T13:35:45.635805
message: Wykryto możliwy atak Deauthentication Flood: 343 ramek deauthentication z adresu d8:d7:75:45:81:24 w oknie 5s.
evidence: {'source_mac': 'd8:d7:75:45:81:24', 'destination_mac': 'ff:ff:ff:ff:ff:ff', 'bssid': 'd8:d7:75:45:81:24', 'count': 343, 'threshold': 25, 'window_seconds': 5}
!!!!!!!!!!!!!!!!!!!!!!!!!!!!!!!!!!!!!!!!!!!!!!!!!!!!!!!!!!!!!!!!!!!!!!!!!!!!!!!!


!!!!!!!!!!!!!!!!!!!!!!!!!!!!!!!!!!!!!!!!!!!!!!!!!!!!!!!!!!!!!!!!!!!!!!!!!!!!!!!!
[ALERT] ALERT-000019 | DEAUTH_FLOOD
severity: CRITICAL
time: 2026-05-16T13:35:45.644803
message: Wykryto możliwy atak Deauthentication Flood: 311 ramek deauthentication z adresu ff:ff:ff:ff:ff:ff w oknie 5s.
evidence: {'source_mac': 'ff:ff:ff:ff:ff:ff', 'destination_mac': 'd8:d7:75:45:81:24', 'bssid': 'd8:d7:75:45:81:24', 'count': 311, 'threshold': 25, 'window_seconds': 5}
!!!!!!!!!!!!!!!!!!!!!!!!!!!!!!!!!!!!!!!!!!!!!!!!!!!!!!!!!!!!!!!!!!!!!!!!!!!!!!!!


================================================================================
STATISTICS after 150.8s
--------------------------------------------------------------------------------
total frames: 8393

by frame type:
  management: 5590
  control: 2023
  data: 780

by frame subtype:
  deauthentication: 4196
  beacon: 1130
  ack: 1018
  rts: 370
  null_data: 340
  qos_data: 335
  cts: 329
  block_ack: 298
  probe_response: 132
  data: 103
  probe_request: 75
  action: 28
  authentication: 13
  association_request: 9
  block_ack_request: 8
  association_response: 7
  qos_null: 2

unique SSIDs: 2
unique BSSIDs: 9
================================================================================

!!!!!!!!!!!!!!!!!!!!!!!!!!!!!!!!!!!!!!!!!!!!!!!!!!!!!!!!!!!!!!!!!!!!!!!!!!!!!!!!
[ALERT] ALERT-000020 | DEAUTH_FLOOD
severity: CRITICAL
time: 2026-05-16T13:35:50.646664
message: Wykryto możliwy atak Deauthentication Flood: 363 ramek deauthentication z adresu d8:d7:75:45:81:24 w oknie 5s.
evidence: {'source_mac': 'd8:d7:75:45:81:24', 'destination_mac': 'ff:ff:ff:ff:ff:ff', 'bssid': 'd8:d7:75:45:81:24', 'count': 363, 'threshold': 25, 'window_seconds': 5}
!!!!!!!!!!!!!!!!!!!!!!!!!!!!!!!!!!!!!!!!!!!!!!!!!!!!!!!!!!!!!!!!!!!!!!!!!!!!!!!!


!!!!!!!!!!!!!!!!!!!!!!!!!!!!!!!!!!!!!!!!!!!!!!!!!!!!!!!!!!!!!!!!!!!!!!!!!!!!!!!!
[ALERT] ALERT-000021 | DEAUTH_FLOOD
severity: CRITICAL
time: 2026-05-16T13:35:50.669932
message: Wykryto możliwy atak Deauthentication Flood: 325 ramek deauthentication z adresu ff:ff:ff:ff:ff:ff w oknie 5s.
evidence: {'source_mac': 'ff:ff:ff:ff:ff:ff', 'destination_mac': 'd8:d7:75:45:81:24', 'bssid': 'd8:d7:75:45:81:24', 'count': 325, 'threshold': 25, 'window_seconds': 5}
!!!!!!!!!!!!!!!!!!!!!!!!!!!!!!!!!!!!!!!!!!!!!!!!!!!!!!!!!!!!!!!!!!!!!!!!!!!!!!!!


!!!!!!!!!!!!!!!!!!!!!!!!!!!!!!!!!!!!!!!!!!!!!!!!!!!!!!!!!!!!!!!!!!!!!!!!!!!!!!!!
[ALERT] ALERT-000022 | DEAUTH_FLOOD
severity: CRITICAL
time: 2026-05-16T13:35:55.660187
message: Wykryto możliwy atak Deauthentication Flood: 380 ramek deauthentication z adresu d8:d7:75:45:81:24 w oknie 5s.
evidence: {'source_mac': 'd8:d7:75:45:81:24', 'destination_mac': 'ff:ff:ff:ff:ff:ff', 'bssid': 'd8:d7:75:45:81:24', 'count': 380, 'threshold': 25, 'window_seconds': 5}
!!!!!!!!!!!!!!!!!!!!!!!!!!!!!!!!!!!!!!!!!!!!!!!!!!!!!!!!!!!!!!!!!!!!!!!!!!!!!!!!


!!!!!!!!!!!!!!!!!!!!!!!!!!!!!!!!!!!!!!!!!!!!!!!!!!!!!!!!!!!!!!!!!!!!!!!!!!!!!!!!
[ALERT] ALERT-000023 | DEAUTH_FLOOD
severity: CRITICAL
time: 2026-05-16T13:35:55.675642
message: Wykryto możliwy atak Deauthentication Flood: 341 ramek deauthentication z adresu ff:ff:ff:ff:ff:ff w oknie 5s.
evidence: {'source_mac': 'ff:ff:ff:ff:ff:ff', 'destination_mac': 'd8:d7:75:45:81:24', 'bssid': 'd8:d7:75:45:81:24', 'count': 341, 'threshold': 25, 'window_seconds': 5}
!!!!!!!!!!!!!!!!!!!!!!!!!!!!!!!!!!!!!!!!!!!!!!!!!!!!!!!!!!!!!!!!!!!!!!!!!!!!!!!!


================================================================================
STATISTICS after 160.8s
--------------------------------------------------------------------------------
total frames: 10078

by frame type:
  management: 7070
  control: 2217
  data: 791

by frame subtype:
  deauthentication: 5615
  ack: 1212
  beacon: 1185
  rts: 370
  null_data: 351
  qos_data: 335
  cts: 329
  block_ack: 298
  probe_response: 134
  data: 103
  probe_request: 77
  action: 30
  authentication: 13
  association_request: 9
  block_ack_request: 8
  association_response: 7
  qos_null: 2

unique SSIDs: 2
unique BSSIDs: 9
================================================================================

!!!!!!!!!!!!!!!!!!!!!!!!!!!!!!!!!!!!!!!!!!!!!!!!!!!!!!!!!!!!!!!!!!!!!!!!!!!!!!!!
[ALERT] ALERT-000024 | DEAUTH_FLOOD
severity: CRITICAL
time: 2026-05-16T13:36:00.737900
message: Wykryto możliwy atak Deauthentication Flood: 354 ramek deauthentication z adresu d8:d7:75:45:81:24 w oknie 5s.
evidence: {'source_mac': 'd8:d7:75:45:81:24', 'destination_mac': 'ff:ff:ff:ff:ff:ff', 'bssid': 'd8:d7:75:45:81:24', 'count': 354, 'threshold': 25, 'window_seconds': 5}
!!!!!!!!!!!!!!!!!!!!!!!!!!!!!!!!!!!!!!!!!!!!!!!!!!!!!!!!!!!!!!!!!!!!!!!!!!!!!!!!


!!!!!!!!!!!!!!!!!!!!!!!!!!!!!!!!!!!!!!!!!!!!!!!!!!!!!!!!!!!!!!!!!!!!!!!!!!!!!!!!
[ALERT] ALERT-000025 | DEAUTH_FLOOD
severity: CRITICAL
time: 2026-05-16T13:36:00.740046
message: Wykryto możliwy atak Deauthentication Flood: 339 ramek deauthentication z adresu ff:ff:ff:ff:ff:ff w oknie 5s.
evidence: {'source_mac': 'ff:ff:ff:ff:ff:ff', 'destination_mac': 'd8:d7:75:45:81:24', 'bssid': 'd8:d7:75:45:81:24', 'count': 339, 'threshold': 25, 'window_seconds': 5}
!!!!!!!!!!!!!!!!!!!!!!!!!!!!!!!!!!!!!!!!!!!!!!!!!!!!!!!!!!!!!!!!!!!!!!!!!!!!!!!!


================================================================================
STATISTICS after 170.8s
--------------------------------------------------------------------------------
total frames: 11729

by frame type:
  management: 8509
  control: 2407
  data: 813

by frame subtype:
  deauthentication: 6969
  ack: 1400
  beacon: 1234
  rts: 370
  null_data: 361
  qos_data: 346
  cts: 329
  block_ack: 298
  probe_response: 148
  data: 104
  probe_request: 90
  action: 35
  authentication: 16
  association_request: 10
  block_ack_request: 10
  association_response: 7
  qos_null: 2

unique SSIDs: 2
unique BSSIDs: 9
================================================================================

!!!!!!!!!!!!!!!!!!!!!!!!!!!!!!!!!!!!!!!!!!!!!!!!!!!!!!!!!!!!!!!!!!!!!!!!!!!!!!!!
[ALERT] ALERT-000026 | DEAUTH_FLOOD
severity: CRITICAL
time: 2026-05-16T13:36:05.750812
message: Wykryto możliwy atak Deauthentication Flood: 343 ramek deauthentication z adresu d8:d7:75:45:81:24 w oknie 5s.
evidence: {'source_mac': 'd8:d7:75:45:81:24', 'destination_mac': 'ff:ff:ff:ff:ff:ff', 'bssid': 'd8:d7:75:45:81:24', 'count': 343, 'threshold': 25, 'window_seconds': 5}
!!!!!!!!!!!!!!!!!!!!!!!!!!!!!!!!!!!!!!!!!!!!!!!!!!!!!!!!!!!!!!!!!!!!!!!!!!!!!!!!


!!!!!!!!!!!!!!!!!!!!!!!!!!!!!!!!!!!!!!!!!!!!!!!!!!!!!!!!!!!!!!!!!!!!!!!!!!!!!!!!
[ALERT] ALERT-000027 | DEAUTH_FLOOD
severity: CRITICAL
time: 2026-05-16T13:36:05.943872
message: Wykryto możliwy atak Deauthentication Flood: 305 ramek deauthentication z adresu ff:ff:ff:ff:ff:ff w oknie 5s.
evidence: {'source_mac': 'ff:ff:ff:ff:ff:ff', 'destination_mac': 'd8:d7:75:45:81:24', 'bssid': 'd8:d7:75:45:81:24', 'count': 305, 'threshold': 25, 'window_seconds': 5}
!!!!!!!!!!!!!!!!!!!!!!!!!!!!!!!!!!!!!!!!!!!!!!!!!!!!!!!!!!!!!!!!!!!!!!!!!!!!!!!!


!!!!!!!!!!!!!!!!!!!!!!!!!!!!!!!!!!!!!!!!!!!!!!!!!!!!!!!!!!!!!!!!!!!!!!!!!!!!!!!!
[ALERT] ALERT-000028 | DEAUTH_FLOOD
severity: CRITICAL
time: 2026-05-16T13:36:10.751791
message: Wykryto możliwy atak Deauthentication Flood: 326 ramek deauthentication z adresu d8:d7:75:45:81:24 w oknie 5s.
evidence: {'source_mac': 'd8:d7:75:45:81:24', 'destination_mac': 'ff:ff:ff:ff:ff:ff', 'bssid': 'd8:d7:75:45:81:24', 'count': 326, 'threshold': 25, 'window_seconds': 5}
!!!!!!!!!!!!!!!!!!!!!!!!!!!!!!!!!!!!!!!!!!!!!!!!!!!!!!!!!!!!!!!!!!!!!!!!!!!!!!!!


!!!!!!!!!!!!!!!!!!!!!!!!!!!!!!!!!!!!!!!!!!!!!!!!!!!!!!!!!!!!!!!!!!!!!!!!!!!!!!!!
[ALERT] ALERT-000029 | DEAUTH_FLOOD
severity: CRITICAL
time: 2026-05-16T13:36:11.102011
message: Wykryto możliwy atak Deauthentication Flood: 289 ramek deauthentication z adresu ff:ff:ff:ff:ff:ff w oknie 5s.
evidence: {'source_mac': 'ff:ff:ff:ff:ff:ff', 'destination_mac': 'd8:d7:75:45:81:24', 'bssid': 'd8:d7:75:45:81:24', 'count': 289, 'threshold': 25, 'window_seconds': 5}
!!!!!!!!!!!!!!!!!!!!!!!!!!!!!!!!!!!!!!!!!!!!!!!!!!!!!!!!!!!!!!!!!!!!!!!!!!!!!!!!


================================================================================
STATISTICS after 180.8s
--------------------------------------------------------------------------------
total frames: 13229

by frame type:
  management: 9788
  control: 2597
  data: 844

by frame subtype:
  deauthentication: 8142
  ack: 1587
  beacon: 1311
  null_data: 382
  rts: 370
  qos_data: 352
  cts: 329
  block_ack: 299
  probe_response: 154
  data: 108
  probe_request: 99
  action: 43
  authentication: 20
  block_ack_request: 12
  association_request: 11
  association_response: 8
  qos_null: 2

unique SSIDs: 2
unique BSSIDs: 9
================================================================================

!!!!!!!!!!!!!!!!!!!!!!!!!!!!!!!!!!!!!!!!!!!!!!!!!!!!!!!!!!!!!!!!!!!!!!!!!!!!!!!!
[ALERT] ALERT-000030 | BEACON_FLOOD
severity: MEDIUM
time: 2026-05-16T13:36:21.858202
message: Wykryto możliwy atak Beacon Flood: 100 ramek beacon, 2 unikalnych BSSID, 2 unikalnych SSID w oknie 10s.
evidence: {'beacon_count': 100, 'unique_bssid_count': 2, 'unique_ssid_count': 2, 'window_seconds': 10, 'beacon_count_threshold': 100, 'unique_bssid_threshold': 30, 'unique_ssid_threshold': 20, 'triggered_reasons': ['high_beacon_rate'], 'sample_ssids': ['TP-LINK_7122', 'FunBox2-8124'], 'sample_bssids': ['ac:84:c6:41:71:22', 'd8:d7:75:45:81:24']}
!!!!!!!!!!!!!!!!!!!!!!!!!!!!!!!!!!!!!!!!!!!!!!!!!!!!!!!!!!!!!!!!!!!!!!!!!!!!!!!!


================================================================================
STATISTICS after 190.8s
--------------------------------------------------------------------------------
total frames: 13464

by frame type:
  management: 9945
  control: 2632
  data: 887

by frame subtype:
  deauthentication: 8142
  ack: 1620
  beacon: 1436
  null_data: 423
  rts: 370
  qos_data: 353
  cts: 329
  block_ack: 300
  probe_response: 169
  data: 109
  probe_request: 107
  action: 45
  authentication: 22
  block_ack_request: 13
  association_request: 11
  association_response: 8
  disassociation: 3
  qos_null: 2
  reassociation_request: 1
  reassociation_response: 1

unique SSIDs: 2
unique BSSIDs: 9
================================================================================

!!!!!!!!!!!!!!!!!!!!!!!!!!!!!!!!!!!!!!!!!!!!!!!!!!!!!!!!!!!!!!!!!!!!!!!!!!!!!!!!
[ALERT] ALERT-000031 | BEACON_FLOOD
severity: MEDIUM
time: 2026-05-16T13:36:31.893749
message: Wykryto możliwy atak Beacon Flood: 130 ramek beacon, 2 unikalnych BSSID, 2 unikalnych SSID w oknie 10s.
evidence: {'beacon_count': 130, 'unique_bssid_count': 2, 'unique_ssid_count': 2, 'window_seconds': 10, 'beacon_count_threshold': 100, 'unique_bssid_threshold': 30, 'unique_ssid_threshold': 20, 'triggered_reasons': ['high_beacon_rate'], 'sample_ssids': ['TP-LINK_7122', 'FunBox2-8124'], 'sample_bssids': ['ac:84:c6:41:71:22', 'd8:d7:75:45:81:24']}
!!!!!!!!!!!!!!!!!!!!!!!!!!!!!!!!!!!!!!!!!!!!!!!!!!!!!!!!!!!!!!!!!!!!!!!!!!!!!!!!


================================================================================
STATISTICS after 200.8s
--------------------------------------------------------------------------------
total frames: 13727

by frame type:
  management: 10100
  control: 2699
  data: 928

by frame subtype:
  deauthentication: 8142
  ack: 1669
  beacon: 1566
  null_data: 449
  rts: 375
  qos_data: 357
  cts: 334
  block_ack: 306
  probe_response: 175
  probe_request: 119
  data: 119
  action: 48
  authentication: 24
  block_ack_request: 15
  association_request: 12
  association_response: 9
  qos_null: 3
  disassociation: 3
  reassociation_request: 1
  reassociation_response: 1

unique SSIDs: 2
unique BSSIDs: 9
================================================================================

!!!!!!!!!!!!!!!!!!!!!!!!!!!!!!!!!!!!!!!!!!!!!!!!!!!!!!!!!!!!!!!!!!!!!!!!!!!!!!!!
[ALERT] ALERT-000032 | BEACON_FLOOD
severity: MEDIUM
time: 2026-05-16T13:36:41.929312
message: Wykryto możliwy atak Beacon Flood: 124 ramek beacon, 2 unikalnych BSSID, 2 unikalnych SSID w oknie 10s.
evidence: {'beacon_count': 124, 'unique_bssid_count': 2, 'unique_ssid_count': 2, 'window_seconds': 10, 'beacon_count_threshold': 100, 'unique_bssid_threshold': 30, 'unique_ssid_threshold': 20, 'triggered_reasons': ['high_beacon_rate'], 'sample_ssids': ['TP-LINK_7122', 'FunBox2-8124'], 'sample_bssids': ['ac:84:c6:41:71:22', 'd8:d7:75:45:81:24']}
!!!!!!!!!!!!!!!!!!!!!!!!!!!!!!!!!!!!!!!!!!!!!!!!!!!!!!!!!!!!!!!!!!!!!!!!!!!!!!!!


================================================================================
STATISTICS after 211.0s
--------------------------------------------------------------------------------
total frames: 13999

by frame type:
  management: 10223
  control: 2802
  data: 974

by frame subtype:
  deauthentication: 8142
  ack: 1707
  beacon: 1689
  null_data: 479
  rts: 397
  qos_data: 358
  cts: 356
  block_ack: 327
  probe_response: 175
  data: 134
  probe_request: 119
  action: 48
  authentication: 24
  block_ack_request: 15
  association_request: 12
  association_response: 9
  qos_null: 3
  disassociation: 3
  reassociation_request: 1
  reassociation_response: 1

unique SSIDs: 2
unique BSSIDs: 9
================================================================================

!!!!!!!!!!!!!!!!!!!!!!!!!!!!!!!!!!!!!!!!!!!!!!!!!!!!!!!!!!!!!!!!!!!!!!!!!!!!!!!!
[ALERT] ALERT-000033 | BEACON_FLOOD
severity: MEDIUM
time: 2026-05-16T13:36:51.964865
message: Wykryto możliwy atak Beacon Flood: 127 ramek beacon, 2 unikalnych BSSID, 2 unikalnych SSID w oknie 10s.
evidence: {'beacon_count': 127, 'unique_bssid_count': 2, 'unique_ssid_count': 2, 'window_seconds': 10, 'beacon_count_threshold': 100, 'unique_bssid_threshold': 30, 'unique_ssid_threshold': 20, 'triggered_reasons': ['high_beacon_rate'], 'sample_ssids': ['TP-LINK_7122', 'FunBox2-8124'], 'sample_bssids': ['ac:84:c6:41:71:22', 'd8:d7:75:45:81:24']}
!!!!!!!!!!!!!!!!!!!!!!!!!!!!!!!!!!!!!!!!!!!!!!!!!!!!!!!!!!!!!!!!!!!!!!!!!!!!!!!!


================================================================================
STATISTICS after 221.0s
--------------------------------------------------------------------------------
total frames: 14213

by frame type:
  management: 10348
  control: 2858
  data: 1007

by frame subtype:
  deauthentication: 8142
  beacon: 1811
  ack: 1740
  null_data: 502
  rts: 406
  cts: 363
  qos_data: 358
  block_ack: 334
  probe_response: 177
  data: 144
  probe_request: 119
  action: 49
  authentication: 24
  block_ack_request: 15
  association_request: 12
  association_response: 9
  qos_null: 3
  disassociation: 3
  reassociation_request: 1
  reassociation_response: 1

unique SSIDs: 2
unique BSSIDs: 9
================================================================================

!!!!!!!!!!!!!!!!!!!!!!!!!!!!!!!!!!!!!!!!!!!!!!!!!!!!!!!!!!!!!!!!!!!!!!!!!!!!!!!!
[ALERT] ALERT-000034 | BEACON_FLOOD
severity: MEDIUM
time: 2026-05-16T13:37:02.000470
message: Wykryto możliwy atak Beacon Flood: 119 ramek beacon, 2 unikalnych BSSID, 2 unikalnych SSID w oknie 10s.
evidence: {'beacon_count': 119, 'unique_bssid_count': 2, 'unique_ssid_count': 2, 'window_seconds': 10, 'beacon_count_threshold': 100, 'unique_bssid_threshold': 30, 'unique_ssid_threshold': 20, 'triggered_reasons': ['high_beacon_rate'], 'sample_ssids': ['TP-LINK_7122', 'FunBox2-8124'], 'sample_bssids': ['ac:84:c6:41:71:22', 'd8:d7:75:45:81:24']}
!!!!!!!!!!!!!!!!!!!!!!!!!!!!!!!!!!!!!!!!!!!!!!!!!!!!!!!!!!!!!!!!!!!!!!!!!!!!!!!!


================================================================================
STATISTICS after 231.0s
--------------------------------------------------------------------------------
total frames: 14362

by frame type:
  management: 10462
  control: 2876
  data: 1024

by frame subtype:
  deauthentication: 8142
  beacon: 1925
  ack: 1758
  null_data: 516
  rts: 406
  cts: 363
  qos_data: 358
  block_ack: 334
  probe_response: 177
  data: 147
  probe_request: 119
  action: 49
  authentication: 24
  block_ack_request: 15
  association_request: 12
  association_response: 9
  qos_null: 3
  disassociation: 3
  reassociation_request: 1
  reassociation_response: 1

unique SSIDs: 2
unique BSSIDs: 9
================================================================================

!!!!!!!!!!!!!!!!!!!!!!!!!!!!!!!!!!!!!!!!!!!!!!!!!!!!!!!!!!!!!!!!!!!!!!!!!!!!!!!!
[ALERT] ALERT-000035 | BEACON_FLOOD
severity: MEDIUM
time: 2026-05-16T13:37:12.071129
message: Wykryto możliwy atak Beacon Flood: 113 ramek beacon, 2 unikalnych BSSID, 2 unikalnych SSID w oknie 10s.
evidence: {'beacon_count': 113, 'unique_bssid_count': 2, 'unique_ssid_count': 2, 'window_seconds': 10, 'beacon_count_threshold': 100, 'unique_bssid_threshold': 30, 'unique_ssid_threshold': 20, 'triggered_reasons': ['high_beacon_rate'], 'sample_ssids': ['TP-LINK_7122', 'FunBox2-8124'], 'sample_bssids': ['ac:84:c6:41:71:22', 'd8:d7:75:45:81:24']}
!!!!!!!!!!!!!!!!!!!!!!!!!!!!!!!!!!!!!!!!!!!!!!!!!!!!!!!!!!!!!!!!!!!!!!!!!!!!!!!!


================================================================================
STATISTICS after 241.1s
--------------------------------------------------------------------------------
total frames: 14543

by frame type:
  management: 10588
  control: 2906
  data: 1049

by frame subtype:
  deauthentication: 8142
  beacon: 2051
  ack: 1782
  null_data: 532
  rts: 408
  cts: 365
  qos_data: 358
  block_ack: 336
  probe_response: 177
  data: 156
  probe_request: 119
  action: 49
  authentication: 24
  block_ack_request: 15
  association_request: 12
  association_response: 9
  qos_null: 3
  disassociation: 3
  reassociation_request: 1
  reassociation_response: 1

unique SSIDs: 2
unique BSSIDs: 9
================================================================================

!!!!!!!!!!!!!!!!!!!!!!!!!!!!!!!!!!!!!!!!!!!!!!!!!!!!!!!!!!!!!!!!!!!!!!!!!!!!!!!!
[ALERT] ALERT-000036 | BEACON_FLOOD
severity: MEDIUM
time: 2026-05-16T13:37:22.071601
message: Wykryto możliwy atak Beacon Flood: 132 ramek beacon, 2 unikalnych BSSID, 2 unikalnych SSID w oknie 10s.
evidence: {'beacon_count': 132, 'unique_bssid_count': 2, 'unique_ssid_count': 2, 'window_seconds': 10, 'beacon_count_threshold': 100, 'unique_bssid_threshold': 30, 'unique_ssid_threshold': 20, 'triggered_reasons': ['high_beacon_rate'], 'sample_ssids': ['TP-LINK_7122', 'FunBox2-8124'], 'sample_bssids': ['ac:84:c6:41:71:22', 'd8:d7:75:45:81:24']}
!!!!!!!!!!!!!!!!!!!!!!!!!!!!!!!!!!!!!!!!!!!!!!!!!!!!!!!!!!!!!!!!!!!!!!!!!!!!!!!!


================================================================================
STATISTICS after 251.1s
--------------------------------------------------------------------------------
total frames: 14696

by frame type:
  management: 10708
  control: 2925
  data: 1063

by frame subtype:
  deauthentication: 8142
  beacon: 2171
  ack: 1801
  null_data: 543
  rts: 408
  cts: 365
  qos_data: 358
  block_ack: 336
  probe_response: 177
  data: 159
  probe_request: 119
  action: 49
  authentication: 24
  block_ack_request: 15
  association_request: 12
  association_response: 9
  qos_null: 3
  disassociation: 3
  reassociation_request: 1
  reassociation_response: 1

unique SSIDs: 2
unique BSSIDs: 9
================================================================================

!!!!!!!!!!!!!!!!!!!!!!!!!!!!!!!!!!!!!!!!!!!!!!!!!!!!!!!!!!!!!!!!!!!!!!!!!!!!!!!!
[ALERT] ALERT-000037 | BEACON_FLOOD
severity: MEDIUM
time: 2026-05-16T13:37:32.107134
message: Wykryto możliwy atak Beacon Flood: 113 ramek beacon, 2 unikalnych BSSID, 2 unikalnych SSID w oknie 10s.
evidence: {'beacon_count': 113, 'unique_bssid_count': 2, 'unique_ssid_count': 2, 'window_seconds': 10, 'beacon_count_threshold': 100, 'unique_bssid_threshold': 30, 'unique_ssid_threshold': 20, 'triggered_reasons': ['high_beacon_rate'], 'sample_ssids': ['TP-LINK_7122', 'FunBox2-8124'], 'sample_bssids': ['ac:84:c6:41:71:22', 'd8:d7:75:45:81:24']}
!!!!!!!!!!!!!!!!!!!!!!!!!!!!!!!!!!!!!!!!!!!!!!!!!!!!!!!!!!!!!!!!!!!!!!!!!!!!!!!!


================================================================================
STATISTICS after 261.2s
--------------------------------------------------------------------------------
total frames: 14863

by frame type:
  management: 10837
  control: 2946
  data: 1080

by frame subtype:
  deauthentication: 8142
  beacon: 2289
  ack: 1819
  null_data: 555
  rts: 409
  cts: 366
  qos_data: 359
  block_ack: 337
  probe_response: 185
  data: 161
  probe_request: 122
  action: 49
  authentication: 24
  block_ack_request: 15
  association_request: 12
  association_response: 9
  qos_null: 5
  disassociation: 3
  reassociation_request: 1
  reassociation_response: 1

unique SSIDs: 2
unique BSSIDs: 9
================================================================================

!!!!!!!!!!!!!!!!!!!!!!!!!!!!!!!!!!!!!!!!!!!!!!!!!!!!!!!!!!!!!!!!!!!!!!!!!!!!!!!!
[ALERT] ALERT-000038 | BEACON_FLOOD
severity: MEDIUM
time: 2026-05-16T13:37:42.142691
message: Wykryto możliwy atak Beacon Flood: 116 ramek beacon, 2 unikalnych BSSID, 2 unikalnych SSID w oknie 10s.
evidence: {'beacon_count': 116, 'unique_bssid_count': 2, 'unique_ssid_count': 2, 'window_seconds': 10, 'beacon_count_threshold': 100, 'unique_bssid_threshold': 30, 'unique_ssid_threshold': 20, 'triggered_reasons': ['high_beacon_rate'], 'sample_ssids': ['TP-LINK_7122', 'FunBox2-8124'], 'sample_bssids': ['ac:84:c6:41:71:22', 'd8:d7:75:45:81:24']}
!!!!!!!!!!!!!!!!!!!!!!!!!!!!!!!!!!!!!!!!!!!!!!!!!!!!!!!!!!!!!!!!!!!!!!!!!!!!!!!!


================================================================================
STATISTICS after 271.2s
--------------------------------------------------------------------------------
total frames: 15034

by frame type:
  management: 10942
  control: 2983
  data: 1109

by frame subtype:
  deauthentication: 8142
  beacon: 2394
  ack: 1850
  null_data: 571
  rts: 411
  cts: 368
  qos_data: 364
  block_ack: 339
  probe_response: 185
  data: 169
  probe_request: 122
  action: 49
  authentication: 24
  block_ack_request: 15
  association_request: 12
  association_response: 9
  qos_null: 5
  disassociation: 3
  reassociation_request: 1
  reassociation_response: 1

unique SSIDs: 2
unique BSSIDs: 9
================================================================================

!!!!!!!!!!!!!!!!!!!!!!!!!!!!!!!!!!!!!!!!!!!!!!!!!!!!!!!!!!!!!!!!!!!!!!!!!!!!!!!!
[ALERT] ALERT-000039 | BEACON_FLOOD
severity: MEDIUM
time: 2026-05-16T13:37:52.178303
message: Wykryto możliwy atak Beacon Flood: 100 ramek beacon, 2 unikalnych BSSID, 2 unikalnych SSID w oknie 10s.
evidence: {'beacon_count': 100, 'unique_bssid_count': 2, 'unique_ssid_count': 2, 'window_seconds': 10, 'beacon_count_threshold': 100, 'unique_bssid_threshold': 30, 'unique_ssid_threshold': 20, 'triggered_reasons': ['high_beacon_rate'], 'sample_ssids': ['TP-LINK_7122', 'FunBox2-8124'], 'sample_bssids': ['ac:84:c6:41:71:22', 'd8:d7:75:45:81:24']}
!!!!!!!!!!!!!!!!!!!!!!!!!!!!!!!!!!!!!!!!!!!!!!!!!!!!!!!!!!!!!!!!!!!!!!!!!!!!!!!!


================================================================================
STATISTICS after 281.2s
--------------------------------------------------------------------------------
total frames: 15171

by frame type:
  management: 11045
  control: 3004
  data: 1122

by frame subtype:
  deauthentication: 8142
  beacon: 2495
  ack: 1868
  null_data: 579
  rts: 412
  cts: 369
  qos_data: 366
  block_ack: 340
  probe_response: 185
  data: 172
  probe_request: 122
  action: 51
  authentication: 24
  block_ack_request: 15
  association_request: 12
  association_response: 9
  qos_null: 5
  disassociation: 3
  reassociation_request: 1
  reassociation_response: 1

unique SSIDs: 2
unique BSSIDs: 9
================================================================================

================================================================================
STATISTICS after 291.3s
--------------------------------------------------------------------------------
total frames: 15307

by frame type:
  management: 11141
  control: 3024
  data: 1142

by frame subtype:
  deauthentication: 8142
  beacon: 2586
  ack: 1888
  null_data: 599
  rts: 412
  cts: 369
  qos_data: 366
  block_ack: 340
  probe_response: 190
  data: 172
  probe_request: 122
  action: 51
  authentication: 24
  block_ack_request: 15
  association_request: 12
  association_response: 9
  qos_null: 5
  disassociation: 3
  reassociation_request: 1
  reassociation_response: 1

unique SSIDs: 2
unique BSSIDs: 9
================================================================================

================================================================================
STATISTICS after 301.4s
--------------------------------------------------------------------------------
total frames: 15435

by frame type:
  management: 11224
  control: 3047
  data: 1164

by frame subtype:
  deauthentication: 8142
  beacon: 2665
  ack: 1911
  null_data: 615
  rts: 412
  cts: 369
  qos_data: 368
  block_ack: 340
  probe_response: 192
  data: 176
  probe_request: 124
  action: 51
  authentication: 24
  block_ack_request: 15
  association_request: 12
  association_response: 9
  qos_null: 5
  disassociation: 3
  reassociation_request: 1
  reassociation_response: 1

unique SSIDs: 2
unique BSSIDs: 9
================================================================================

================================================================================
STATISTICS after 311.4s
--------------------------------------------------------------------------------
total frames: 15600

by frame type:
  management: 11323
  control: 3075
  data: 1202

by frame subtype:
  deauthentication: 8142
  beacon: 2755
  ack: 1936
  null_data: 648
  rts: 413
  cts: 370
  qos_data: 369
  block_ack: 341
  probe_response: 197
  data: 180
  probe_request: 128
  action: 51
  authentication: 24
  block_ack_request: 15
  association_request: 12
  association_response: 9
  qos_null: 5
  disassociation: 3
  reassociation_request: 1
  reassociation_response: 1

unique SSIDs: 2
unique BSSIDs: 9
================================================================================

!!!!!!!!!!!!!!!!!!!!!!!!!!!!!!!!!!!!!!!!!!!!!!!!!!!!!!!!!!!!!!!!!!!!!!!!!!!!!!!!
[ALERT] ALERT-000040 | BEACON_FLOOD
severity: MEDIUM
time: 2026-05-16T13:38:33.242165
message: Wykryto możliwy atak Beacon Flood: 100 ramek beacon, 2 unikalnych BSSID, 2 unikalnych SSID w oknie 10s.
evidence: {'beacon_count': 100, 'unique_bssid_count': 2, 'unique_ssid_count': 2, 'window_seconds': 10, 'beacon_count_threshold': 100, 'unique_bssid_threshold': 30, 'unique_ssid_threshold': 20, 'triggered_reasons': ['high_beacon_rate'], 'sample_ssids': ['TP-LINK_7122', 'FunBox2-8124'], 'sample_bssids': ['ac:84:c6:41:71:22', 'd8:d7:75:45:81:24']}
!!!!!!!!!!!!!!!!!!!!!!!!!!!!!!!!!!!!!!!!!!!!!!!!!!!!!!!!!!!!!!!!!!!!!!!!!!!!!!!!


================================================================================
STATISTICS after 321.5s
--------------------------------------------------------------------------------
total frames: 15991

by frame type:
  management: 11438
  control: 3224
  data: 1329

by frame subtype:
  deauthentication: 8142
  beacon: 2860
  ack: 2026
  null_data: 701
  rts: 433
  qos_data: 412
  cts: 391
  block_ack: 359
  data: 211
  probe_response: 203
  probe_request: 132
  action: 51
  authentication: 24
  block_ack_request: 15
  association_request: 12
  association_response: 9
  qos_null: 5
  disassociation: 3
  reassociation_request: 1
  reassociation_response: 1

unique SSIDs: 2
unique BSSIDs: 9
================================================================================

================================================================================
STATISTICS after 331.5s
--------------------------------------------------------------------------------
total frames: 16131

by frame type:
  management: 11531
  control: 3244
  data: 1356

by frame subtype:
  deauthentication: 8142
  beacon: 2952
  ack: 2046
  null_data: 726
  rts: 433
  qos_data: 412
  cts: 391
  block_ack: 359
  data: 213
  probe_response: 203
  probe_request: 133
  action: 51
  authentication: 24
  block_ack_request: 15
  association_request: 12
  association_response: 9
  qos_null: 5
  disassociation: 3
  reassociation_request: 1
  reassociation_response: 1

unique SSIDs: 3
unique BSSIDs: 9
================================================================================

!!!!!!!!!!!!!!!!!!!!!!!!!!!!!!!!!!!!!!!!!!!!!!!!!!!!!!!!!!!!!!!!!!!!!!!!!!!!!!!!
[ALERT] ALERT-000041 | BEACON_FLOOD
severity: MEDIUM
time: 2026-05-16T13:38:49.012390
message: Wykryto możliwy atak Beacon Flood: 100 ramek beacon, 2 unikalnych BSSID, 2 unikalnych SSID w oknie 10s.
evidence: {'beacon_count': 100, 'unique_bssid_count': 2, 'unique_ssid_count': 2, 'window_seconds': 10, 'beacon_count_threshold': 100, 'unique_bssid_threshold': 30, 'unique_ssid_threshold': 20, 'triggered_reasons': ['high_beacon_rate'], 'sample_ssids': ['TP-LINK_7122', 'FunBox2-8124'], 'sample_bssids': ['ac:84:c6:41:71:22', 'd8:d7:75:45:81:24']}
!!!!!!!!!!!!!!!!!!!!!!!!!!!!!!!!!!!!!!!!!!!!!!!!!!!!!!!!!!!!!!!!!!!!!!!!!!!!!!!!


================================================================================
STATISTICS after 341.6s
--------------------------------------------------------------------------------
total frames: 16322

by frame type:
  management: 11646
  control: 3283
  data: 1393

by frame subtype:
  deauthentication: 8142
  beacon: 3065
  ack: 2071
  null_data: 754
  rts: 439
  qos_data: 416
  cts: 395
  block_ack: 363
  data: 218
  probe_response: 203
  probe_request: 133
  action: 53
  authentication: 24
  block_ack_request: 15
  association_request: 12
  association_response: 9
  qos_null: 5
  disassociation: 3
  reassociation_request: 1
  reassociation_response: 1

unique SSIDs: 3
unique BSSIDs: 10
================================================================================

!!!!!!!!!!!!!!!!!!!!!!!!!!!!!!!!!!!!!!!!!!!!!!!!!!!!!!!!!!!!!!!!!!!!!!!!!!!!!!!!
[ALERT] ALERT-000042 | BEACON_FLOOD
severity: MEDIUM
time: 2026-05-16T13:38:59.066192
message: Wykryto możliwy atak Beacon Flood: 110 ramek beacon, 2 unikalnych BSSID, 2 unikalnych SSID w oknie 10s.
evidence: {'beacon_count': 110, 'unique_bssid_count': 2, 'unique_ssid_count': 2, 'window_seconds': 10, 'beacon_count_threshold': 100, 'unique_bssid_threshold': 30, 'unique_ssid_threshold': 20, 'triggered_reasons': ['high_beacon_rate'], 'sample_ssids': ['TP-LINK_7122', 'FunBox2-8124'], 'sample_bssids': ['ac:84:c6:41:71:22', 'd8:d7:75:45:81:24']}
!!!!!!!!!!!!!!!!!!!!!!!!!!!!!!!!!!!!!!!!!!!!!!!!!!!!!!!!!!!!!!!!!!!!!!!!!!!!!!!!


================================================================================
STATISTICS after 351.6s
--------------------------------------------------------------------------------
total frames: 16482

by frame type:
  management: 11752
  control: 3306
  data: 1424

by frame subtype:
  deauthentication: 8142
  beacon: 3163
  ack: 2094
  null_data: 784
  rts: 439
  qos_data: 416
  cts: 395
  block_ack: 363
  data: 218
  probe_response: 209
  probe_request: 135
  action: 53
  authentication: 24
  block_ack_request: 15
  association_request: 12
  association_response: 9
  qos_null: 6
  disassociation: 3
  reassociation_request: 1
  reassociation_response: 1

unique SSIDs: 3
unique BSSIDs: 10
================================================================================

!!!!!!!!!!!!!!!!!!!!!!!!!!!!!!!!!!!!!!!!!!!!!!!!!!!!!!!!!!!!!!!!!!!!!!!!!!!!!!!!
[ALERT] ALERT-000043 | BEACON_FLOOD
severity: MEDIUM
time: 2026-05-16T13:39:09.083516
message: Wykryto możliwy atak Beacon Flood: 100 ramek beacon, 2 unikalnych BSSID, 2 unikalnych SSID w oknie 10s.
evidence: {'beacon_count': 100, 'unique_bssid_count': 2, 'unique_ssid_count': 2, 'window_seconds': 10, 'beacon_count_threshold': 100, 'unique_bssid_threshold': 30, 'unique_ssid_threshold': 20, 'triggered_reasons': ['high_beacon_rate'], 'sample_ssids': ['TP-LINK_7122', 'FunBox2-8124'], 'sample_bssids': ['ac:84:c6:41:71:22', 'd8:d7:75:45:81:24']}
!!!!!!!!!!!!!!!!!!!!!!!!!!!!!!!!!!!!!!!!!!!!!!!!!!!!!!!!!!!!!!!!!!!!!!!!!!!!!!!!


================================================================================
STATISTICS after 361.6s
--------------------------------------------------------------------------------
total frames: 16680

by frame type:
  management: 11878
  control: 3336
  data: 1466

by frame subtype:
  deauthentication: 8142
  beacon: 3277
  ack: 2124
  null_data: 815
  rts: 439
  qos_data: 416
  cts: 395
  block_ack: 363
  data: 229
  probe_response: 221
  probe_request: 135
  action: 53
  authentication: 24
  block_ack_request: 15
  association_request: 12
  association_response: 9
  qos_null: 6
  disassociation: 3
  reassociation_request: 1
  reassociation_response: 1

unique SSIDs: 3
unique BSSIDs: 10
================================================================================

!!!!!!!!!!!!!!!!!!!!!!!!!!!!!!!!!!!!!!!!!!!!!!!!!!!!!!!!!!!!!!!!!!!!!!!!!!!!!!!!
[ALERT] ALERT-000044 | BEACON_FLOOD
severity: MEDIUM
time: 2026-05-16T13:39:19.119073
message: Wykryto możliwy atak Beacon Flood: 114 ramek beacon, 2 unikalnych BSSID, 2 unikalnych SSID w oknie 10s.
evidence: {'beacon_count': 114, 'unique_bssid_count': 2, 'unique_ssid_count': 2, 'window_seconds': 10, 'beacon_count_threshold': 100, 'unique_bssid_threshold': 30, 'unique_ssid_threshold': 20, 'triggered_reasons': ['high_beacon_rate'], 'sample_ssids': ['TP-LINK_7122', 'FunBox2-8124'], 'sample_bssids': ['ac:84:c6:41:71:22', 'd8:d7:75:45:81:24']}
!!!!!!!!!!!!!!!!!!!!!!!!!!!!!!!!!!!!!!!!!!!!!!!!!!!!!!!!!!!!!!!!!!!!!!!!!!!!!!!!


================================================================================
STATISTICS after 371.7s
--------------------------------------------------------------------------------
total frames: 16839

by frame type:
  management: 11983
  control: 3354
  data: 1502

by frame subtype:
  deauthentication: 8142
  beacon: 3379
  ack: 2142
  null_data: 850
  rts: 439
  qos_data: 416
  cts: 395
  block_ack: 363
  data: 230
  probe_response: 222
  probe_request: 137
  action: 53
  authentication: 24
  block_ack_request: 15
  association_request: 12
  association_response: 9
  qos_null: 6
  disassociation: 3
  reassociation_request: 1
  reassociation_response: 1

unique SSIDs: 3
unique BSSIDs: 10
================================================================================

================================================================================
STATISTICS after 381.7s
--------------------------------------------------------------------------------
total frames: 16965

by frame type:
  management: 12056
  control: 3378
  data: 1531

by frame subtype:
  deauthentication: 8142
  beacon: 3452
  ack: 2164
  null_data: 873
  rts: 440
  qos_data: 416
  cts: 396
  block_ack: 363
  data: 235
  probe_response: 222
  probe_request: 137
  action: 53
  authentication: 24
  block_ack_request: 15
  association_request: 12
  association_response: 9
  qos_null: 7
  disassociation: 3
  reassociation_request: 1
  reassociation_response: 1

unique SSIDs: 3
unique BSSIDs: 10
================================================================================

================================================================================
STATISTICS after 391.7s
--------------------------------------------------------------------------------
total frames: 17104

by frame type:
  management: 12154
  control: 3395
  data: 1555

by frame subtype:
  deauthentication: 8142
  beacon: 3549
  ack: 2181
  null_data: 892
  rts: 440
  qos_data: 416
  cts: 396
  block_ack: 363
  data: 239
  probe_response: 223
  probe_request: 137
  action: 53
  authentication: 24
  block_ack_request: 15
  association_request: 12
  association_response: 9
  qos_null: 8
  disassociation: 3
  reassociation_request: 1
  reassociation_response: 1

unique SSIDs: 3
unique BSSIDs: 10
================================================================================

================================================================================
STATISTICS after 401.8s
--------------------------------------------------------------------------------
total frames: 17243

by frame type:
  management: 12250
  control: 3419
  data: 1574

by frame subtype:
  deauthentication: 8142
  beacon: 3640
  ack: 2202
  null_data: 907
  rts: 441
  qos_data: 417
  cts: 397
  block_ack: 364
  data: 242
  probe_response: 225
  probe_request: 138
  action: 55
  authentication: 24
  block_ack_request: 15
  association_request: 12
  association_response: 9
  qos_null: 8
  disassociation: 3
  reassociation_request: 1
  reassociation_response: 1

unique SSIDs: 3
unique BSSIDs: 10
================================================================================

================================================================================
STATISTICS after 411.8s
--------------------------------------------------------------------------------
total frames: 17392

by frame type:
  management: 12340
  control: 3447
  data: 1605

by frame subtype:
  deauthentication: 8142
  beacon: 3728
  ack: 2230
  null_data: 932
  rts: 441
  qos_data: 417
  cts: 397
  block_ack: 364
  data: 248
  probe_response: 227
  probe_request: 138
  action: 55
  authentication: 24
  block_ack_request: 15
  association_request: 12
  association_response: 9
  qos_null: 8
  disassociation: 3
  reassociation_request: 1
  reassociation_response: 1

unique SSIDs: 3
unique BSSIDs: 10
================================================================================

================================================================================
STATISTICS after 421.8s
--------------------------------------------------------------------------------
total frames: 17537

by frame type:
  management: 12433
  control: 3472
  data: 1632

by frame subtype:
  deauthentication: 8142
  beacon: 3821
  ack: 2252
  null_data: 949
  rts: 442
  qos_data: 420
  cts: 398
  block_ack: 365
  data: 252
  probe_response: 227
  probe_request: 138
  action: 55
  authentication: 24
  block_ack_request: 15
  association_request: 12
  qos_null: 11
  association_response: 9
  disassociation: 3
  reassociation_request: 1
  reassociation_response: 1

unique SSIDs: 3
unique BSSIDs: 11
================================================================================

================================================================================
STATISTICS after 432.0s
--------------------------------------------------------------------------------
total frames: 17650

by frame type:
  management: 12511
  control: 3489
  data: 1650

by frame subtype:
  deauthentication: 8142
  beacon: 3899
  ack: 2269
  null_data: 967
  rts: 442
  qos_data: 420
  cts: 398
  block_ack: 365
  data: 252
  probe_response: 227
  probe_request: 138
  action: 55
  authentication: 24
  block_ack_request: 15
  association_request: 12
  qos_null: 11
  association_response: 9
  disassociation: 3
  reassociation_request: 1
  reassociation_response: 1

unique SSIDs: 3
unique BSSIDs: 11
================================================================================

================================================================================
STATISTICS after 442.0s
--------------------------------------------------------------------------------
total frames: 17797

by frame type:
  management: 12591
  control: 3521
  data: 1685

by frame subtype:
  deauthentication: 8142
  beacon: 3979
  ack: 2300
  null_data: 996
  rts: 442
  qos_data: 420
  cts: 399
  block_ack: 365
  data: 256
  probe_response: 227
  probe_request: 138
  action: 55
  authentication: 24
  block_ack_request: 15
  qos_null: 13
  association_request: 12
  association_response: 9
  disassociation: 3
  reassociation_request: 1
  reassociation_response: 1

unique SSIDs: 3
unique BSSIDs: 11
================================================================================

================================================================================
STATISTICS after 452.0s
--------------------------------------------------------------------------------
total frames: 17917

by frame type:
  management: 12663
  control: 3540
  data: 1714

by frame subtype:
  deauthentication: 8142
  beacon: 4051
  ack: 2319
  null_data: 1021
  rts: 442
  qos_data: 422
  cts: 399
  block_ack: 365
  data: 258
  probe_response: 227
  probe_request: 138
  action: 55
  authentication: 24
  block_ack_request: 15
  qos_null: 13
  association_request: 12
  association_response: 9
  disassociation: 3
  reassociation_request: 1
  reassociation_response: 1

unique SSIDs: 3
unique BSSIDs: 11
================================================================================

================================================================================
STATISTICS after 462.1s
--------------------------------------------------------------------------------
total frames: 18086

by frame type:
  management: 12751
  control: 3576
  data: 1759

by frame subtype:
  deauthentication: 8142
  beacon: 4137
  ack: 2346
  null_data: 1058
  rts: 445
  qos_data: 426
  cts: 402
  block_ack: 368
  data: 262
  probe_response: 227
  probe_request: 138
  action: 57
  authentication: 24
  block_ack_request: 15
  qos_null: 13
  association_request: 12
  association_response: 9
  disassociation: 3
  reassociation_request: 1
  reassociation_response: 1

unique SSIDs: 3
unique BSSIDs: 11
================================================================================

================================================================================
STATISTICS after 472.1s
--------------------------------------------------------------------------------
total frames: 18251

by frame type:
  management: 12861
  control: 3603
  data: 1787

by frame subtype:
  deauthentication: 8142
  beacon: 4227
  ack: 2373
  null_data: 1081
  rts: 445
  qos_data: 426
  cts: 402
  block_ack: 368
  data: 267
  probe_response: 241
  probe_request: 144
  action: 57
  authentication: 24
  block_ack_request: 15
  qos_null: 13
  association_request: 12
  association_response: 9
  disassociation: 3
  reassociation_request: 1
  reassociation_response: 1

unique SSIDs: 3
unique BSSIDs: 11
================================================================================

================================================================================
STATISTICS after 482.1s
--------------------------------------------------------------------------------
total frames: 18413

by frame type:
  management: 12962
  control: 3637
  data: 1814

by frame subtype:
  deauthentication: 8142
  beacon: 4306
  ack: 2407
  null_data: 1102
  rts: 445
  qos_data: 426
  cts: 402
  block_ack: 368
  data: 273
  probe_response: 256
  probe_request: 151
  action: 57
  authentication: 24
  block_ack_request: 15
  qos_null: 13
  association_request: 12
  association_response: 9
  disassociation: 3
  reassociation_request: 1
  reassociation_response: 1

unique SSIDs: 3
unique BSSIDs: 11
================================================================================

================================================================================
STATISTICS after 492.2s
--------------------------------------------------------------------------------
total frames: 18546

by frame type:
  management: 13055
  control: 3656
  data: 1835

by frame subtype:
  deauthentication: 8142
  beacon: 4387
  ack: 2426
  null_data: 1122
  rts: 445
  qos_data: 426
  cts: 402
  block_ack: 368
  data: 274
  probe_response: 266
  probe_request: 153
  action: 57
  authentication: 24
  block_ack_request: 15
  qos_null: 13
  association_request: 12
  association_response: 9
  disassociation: 3
  reassociation_request: 1
  reassociation_response: 1

unique SSIDs: 3
unique BSSIDs: 11
================================================================================

================================================================================
STATISTICS after 502.2s
--------------------------------------------------------------------------------
total frames: 18692

by frame type:
  management: 13150
  control: 3684
  data: 1858

by frame subtype:
  deauthentication: 8142
  beacon: 4475
  ack: 2451
  null_data: 1139
  rts: 446
  qos_data: 427
  cts: 403
  block_ack: 369
  data: 277
  probe_response: 271
  probe_request: 155
  action: 57
  authentication: 24
  qos_null: 15
  block_ack_request: 15
  association_request: 12
  association_response: 9
  disassociation: 3
  reassociation_request: 1
  reassociation_response: 1

unique SSIDs: 3
unique BSSIDs: 11
================================================================================

================================================================================
STATISTICS after 512.2s
--------------------------------------------------------------------------------
total frames: 18851

by frame type:
  management: 13244
  control: 3719
  data: 1888

by frame subtype:
  deauthentication: 8142
  beacon: 4559
  ack: 2486
  null_data: 1159
  rts: 446
  qos_data: 427
  cts: 403
  block_ack: 369
  data: 287
  probe_response: 279
  probe_request: 157
  action: 57
  authentication: 24
  qos_null: 15
  block_ack_request: 15
  association_request: 12
  association_response: 9
  disassociation: 3
  reassociation_request: 1
  reassociation_response: 1

unique SSIDs: 3
unique BSSIDs: 11
================================================================================

================================================================================
STATISTICS after 522.3s
--------------------------------------------------------------------------------
total frames: 18997

by frame type:
  management: 13333
  control: 3747
  data: 1917

by frame subtype:
  deauthentication: 8142
  beacon: 4646
  ack: 2511
  null_data: 1185
  rts: 447
  qos_data: 428
  cts: 404
  block_ack: 370
  data: 289
  probe_response: 279
  probe_request: 157
  action: 59
  authentication: 24
  qos_null: 15
  block_ack_request: 15
  association_request: 12
  association_response: 9
  disassociation: 3
  reassociation_request: 1
  reassociation_response: 1

unique SSIDs: 3
unique BSSIDs: 11
================================================================================

================================================================================
STATISTICS after 532.3s
--------------------------------------------------------------------------------
total frames: 19117

by frame type:
  management: 13423
  control: 3766
  data: 1928

by frame subtype:
  deauthentication: 8142
  beacon: 4728
  ack: 2530
  null_data: 1195
  rts: 447
  qos_data: 428
  cts: 404
  block_ack: 370
  data: 290
  probe_response: 285
  probe_request: 159
  action: 59
  authentication: 24
  qos_null: 15
  block_ack_request: 15
  association_request: 12
  association_response: 9
  disassociation: 3
  reassociation_request: 1
  reassociation_response: 1

unique SSIDs: 3
unique BSSIDs: 11
================================================================================

================================================================================
STATISTICS after 542.4s
--------------------------------------------------------------------------------
total frames: 19243

by frame type:
  management: 13504
  control: 3791
  data: 1948

by frame subtype:
  deauthentication: 8142
  beacon: 4808
  ack: 2552
  null_data: 1208
  rts: 448
  qos_data: 430
  cts: 405
  block_ack: 371
  data: 295
  probe_response: 285
  probe_request: 160
  action: 59
  authentication: 24
  qos_null: 15
  block_ack_request: 15
  association_request: 12
  association_response: 9
  disassociation: 3
  reassociation_request: 1
  reassociation_response: 1

unique SSIDs: 4
unique BSSIDs: 11
================================================================================

================================================================================
STATISTICS after 552.4s
--------------------------------------------------------------------------------
total frames: 19371

by frame type:
  management: 13593
  control: 3812
  data: 1966

by frame subtype:
  deauthentication: 8142
  beacon: 4897
  ack: 2572
  null_data: 1225
  rts: 449
  qos_data: 430
  cts: 405
  block_ack: 371
  data: 296
  probe_response: 285
  probe_request: 160
  action: 59
  authentication: 24
  qos_null: 15
  block_ack_request: 15
  association_request: 12
  association_response: 9
  disassociation: 3
  reassociation_request: 1
  reassociation_response: 1

unique SSIDs: 4
unique BSSIDs: 11
================================================================================

================================================================================
STATISTICS after 562.5s
--------------------------------------------------------------------------------
total frames: 19539

by frame type:
  management: 13691
  control: 3851
  data: 1997

by frame subtype:
  deauthentication: 8142
  beacon: 4989
  ack: 2610
  null_data: 1242
  rts: 449
  qos_data: 430
  cts: 406
  block_ack: 371
  data: 305
  probe_response: 288
  probe_request: 163
  action: 59
  authentication: 24
  qos_null: 20
  block_ack_request: 15
  association_request: 12
  association_response: 9
  disassociation: 3
  reassociation_request: 1
  reassociation_response: 1

unique SSIDs: 4
unique BSSIDs: 11
================================================================================

================================================================================
STATISTICS after 572.5s
--------------------------------------------------------------------------------
total frames: 19713

by frame type:
  management: 13796
  control: 3889
  data: 2028

by frame subtype:
  deauthentication: 8142
  beacon: 5086
  ack: 2648
  null_data: 1264
  rts: 449
  qos_data: 430
  cts: 406
  block_ack: 371
  data: 314
  probe_response: 291
  probe_request: 168
  action: 59
  authentication: 24
  qos_null: 20
  block_ack_request: 15
  association_request: 12
  association_response: 9
  disassociation: 3
  reassociation_request: 1
  reassociation_response: 1

unique SSIDs: 4
unique BSSIDs: 11
================================================================================

!!!!!!!!!!!!!!!!!!!!!!!!!!!!!!!!!!!!!!!!!!!!!!!!!!!!!!!!!!!!!!!!!!!!!!!!!!!!!!!!
[ALERT] ALERT-000045 | BEACON_FLOOD
severity: MEDIUM
time: 2026-05-16T13:42:48.761895
message: Wykryto możliwy atak Beacon Flood: 100 ramek beacon, 2 unikalnych BSSID, 2 unikalnych SSID w oknie 10s.
evidence: {'beacon_count': 100, 'unique_bssid_count': 2, 'unique_ssid_count': 2, 'window_seconds': 10, 'beacon_count_threshold': 100, 'unique_bssid_threshold': 30, 'unique_ssid_threshold': 20, 'triggered_reasons': ['high_beacon_rate'], 'sample_ssids': ['TP-LINK_7122', 'FunBox2-8124'], 'sample_bssids': ['ac:84:c6:41:71:22', 'd8:d7:75:45:81:24']}
!!!!!!!!!!!!!!!!!!!!!!!!!!!!!!!!!!!!!!!!!!!!!!!!!!!!!!!!!!!!!!!!!!!!!!!!!!!!!!!!


================================================================================
STATISTICS after 582.6s
--------------------------------------------------------------------------------
total frames: 19885

by frame type:
  management: 13908
  control: 3925
  data: 2052

by frame subtype:
  deauthentication: 8142
  beacon: 5194
  ack: 2677
  null_data: 1280
  rts: 451
  qos_data: 432
  cts: 409
  block_ack: 373
  data: 320
  probe_response: 292
  probe_request: 168
  action: 62
  authentication: 24
  qos_null: 20
  block_ack_request: 15
  association_request: 12
  association_response: 9
  disassociation: 3
  reassociation_request: 1
  reassociation_response: 1

unique SSIDs: 4
unique BSSIDs: 11
================================================================================

!!!!!!!!!!!!!!!!!!!!!!!!!!!!!!!!!!!!!!!!!!!!!!!!!!!!!!!!!!!!!!!!!!!!!!!!!!!!!!!!
[ALERT] ALERT-000046 | BEACON_FLOOD
severity: MEDIUM
time: 2026-05-16T13:42:58.877497
message: Wykryto możliwy atak Beacon Flood: 105 ramek beacon, 2 unikalnych BSSID, 2 unikalnych SSID w oknie 10s.
evidence: {'beacon_count': 105, 'unique_bssid_count': 2, 'unique_ssid_count': 2, 'window_seconds': 10, 'beacon_count_threshold': 100, 'unique_bssid_threshold': 30, 'unique_ssid_threshold': 20, 'triggered_reasons': ['high_beacon_rate'], 'sample_ssids': ['TP-LINK_7122', 'FunBox2-8124'], 'sample_bssids': ['ac:84:c6:41:71:22', 'd8:d7:75:45:81:24']}
!!!!!!!!!!!!!!!!!!!!!!!!!!!!!!!!!!!!!!!!!!!!!!!!!!!!!!!!!!!!!!!!!!!!!!!!!!!!!!!!


================================================================================
STATISTICS after 592.6s
--------------------------------------------------------------------------------
total frames: 20070

by frame type:
  management: 14020
  control: 3976
  data: 2074

by frame subtype:
  deauthentication: 8142
  beacon: 5296
  ack: 2704
  null_data: 1301
  rts: 451
  cts: 433
  qos_data: 432
  block_ack: 373
  data: 321
  probe_response: 301
  probe_request: 168
  action: 63
  authentication: 24
  qos_null: 20
  block_ack_request: 15
  association_request: 12
  association_response: 9
  disassociation: 3
  reassociation_request: 1
  reassociation_response: 1

unique SSIDs: 4
unique BSSIDs: 11
================================================================================

!!!!!!!!!!!!!!!!!!!!!!!!!!!!!!!!!!!!!!!!!!!!!!!!!!!!!!!!!!!!!!!!!!!!!!!!!!!!!!!!
[ALERT] ALERT-000047 | BEACON_FLOOD
severity: MEDIUM
time: 2026-05-16T13:43:08.922400
message: Wykryto możliwy atak Beacon Flood: 101 ramek beacon, 2 unikalnych BSSID, 2 unikalnych SSID w oknie 10s.
evidence: {'beacon_count': 101, 'unique_bssid_count': 2, 'unique_ssid_count': 2, 'window_seconds': 10, 'beacon_count_threshold': 100, 'unique_bssid_threshold': 30, 'unique_ssid_threshold': 20, 'triggered_reasons': ['high_beacon_rate'], 'sample_ssids': ['TP-LINK_7122', 'FunBox2-8124'], 'sample_bssids': ['ac:84:c6:41:71:22', 'd8:d7:75:45:81:24']}
!!!!!!!!!!!!!!!!!!!!!!!!!!!!!!!!!!!!!!!!!!!!!!!!!!!!!!!!!!!!!!!!!!!!!!!!!!!!!!!!


!!!!!!!!!!!!!!!!!!!!!!!!!!!!!!!!!!!!!!!!!!!!!!!!!!!!!!!!!!!!!!!!!!!!!!!!!!!!!!!!
[ALERT] ALERT-000048 | DISASSOC_FLOOD
severity: MEDIUM
time: 2026-05-16T13:43:12.660035
message: Wykryto możliwy atak Disassociation Flood: 20 ramek disassociation z adresu d8:d7:75:45:81:24 w oknie 5s.
evidence: {'source_mac': 'd8:d7:75:45:81:24', 'destination_mac': 'ff:ff:ff:ff:ff:ff', 'bssid': 'd8:d7:75:45:81:24', 'count': 20, 'threshold': 20, 'window_seconds': 5}
!!!!!!!!!!!!!!!!!!!!!!!!!!!!!!!!!!!!!!!!!!!!!!!!!!!!!!!!!!!!!!!!!!!!!!!!!!!!!!!!


!!!!!!!!!!!!!!!!!!!!!!!!!!!!!!!!!!!!!!!!!!!!!!!!!!!!!!!!!!!!!!!!!!!!!!!!!!!!!!!!
[ALERT] ALERT-000049 | DISASSOC_FLOOD
severity: CRITICAL
time: 2026-05-16T13:43:17.711691
message: Wykryto możliwy atak Disassociation Flood: 155 ramek disassociation z adresu d8:d7:75:45:81:24 w oknie 5s.
evidence: {'source_mac': 'd8:d7:75:45:81:24', 'destination_mac': 'ff:ff:ff:ff:ff:ff', 'bssid': 'd8:d7:75:45:81:24', 'count': 155, 'threshold': 20, 'window_seconds': 5}
!!!!!!!!!!!!!!!!!!!!!!!!!!!!!!!!!!!!!!!!!!!!!!!!!!!!!!!!!!!!!!!!!!!!!!!!!!!!!!!!


================================================================================
STATISTICS after 602.7s
--------------------------------------------------------------------------------
total frames: 20601

by frame type:
  management: 14404
  control: 4078
  data: 2119

by frame subtype:
  deauthentication: 8142
  beacon: 5400
  ack: 2802
  null_data: 1328
  rts: 451
  qos_data: 439
  cts: 433
  block_ack: 375
  probe_response: 342
  data: 329
  disassociation: 200
  probe_request: 197
  action: 68
  authentication: 28
  qos_null: 23
  block_ack_request: 17
  association_request: 13
  association_response: 10
  reassociation_request: 2
  reassociation_response: 2

unique SSIDs: 4
unique BSSIDs: 12
================================================================================

!!!!!!!!!!!!!!!!!!!!!!!!!!!!!!!!!!!!!!!!!!!!!!!!!!!!!!!!!!!!!!!!!!!!!!!!!!!!!!!!
[ALERT] ALERT-000050 | BEACON_FLOOD
severity: MEDIUM
time: 2026-05-16T13:43:18.951466
message: Wykryto możliwy atak Beacon Flood: 106 ramek beacon, 2 unikalnych BSSID, 2 unikalnych SSID w oknie 10s.
evidence: {'beacon_count': 106, 'unique_bssid_count': 2, 'unique_ssid_count': 2, 'window_seconds': 10, 'beacon_count_threshold': 100, 'unique_bssid_threshold': 30, 'unique_ssid_threshold': 20, 'triggered_reasons': ['high_beacon_rate'], 'sample_ssids': ['TP-LINK_7122', 'FunBox2-8124'], 'sample_bssids': ['ac:84:c6:41:71:22', 'd8:d7:75:45:81:24']}
!!!!!!!!!!!!!!!!!!!!!!!!!!!!!!!!!!!!!!!!!!!!!!!!!!!!!!!!!!!!!!!!!!!!!!!!!!!!!!!!


!!!!!!!!!!!!!!!!!!!!!!!!!!!!!!!!!!!!!!!!!!!!!!!!!!!!!!!!!!!!!!!!!!!!!!!!!!!!!!!!
[ALERT] ALERT-000051 | DISASSOC_FLOOD
severity: CRITICAL
time: 2026-05-16T13:43:22.763268
message: Wykryto możliwy atak Disassociation Flood: 153 ramek disassociation z adresu d8:d7:75:45:81:24 w oknie 5s.
evidence: {'source_mac': 'd8:d7:75:45:81:24', 'destination_mac': 'ff:ff:ff:ff:ff:ff', 'bssid': 'd8:d7:75:45:81:24', 'count': 153, 'threshold': 20, 'window_seconds': 5}
!!!!!!!!!!!!!!!!!!!!!!!!!!!!!!!!!!!!!!!!!!!!!!!!!!!!!!!!!!!!!!!!!!!!!!!!!!!!!!!!


!!!!!!!!!!!!!!!!!!!!!!!!!!!!!!!!!!!!!!!!!!!!!!!!!!!!!!!!!!!!!!!!!!!!!!!!!!!!!!!!
[ALERT] ALERT-000052 | DISASSOC_FLOOD
severity: CRITICAL
time: 2026-05-16T13:43:27.811199
message: Wykryto możliwy atak Disassociation Flood: 151 ramek disassociation z adresu d8:d7:75:45:81:24 w oknie 5s.
evidence: {'source_mac': 'd8:d7:75:45:81:24', 'destination_mac': 'ff:ff:ff:ff:ff:ff', 'bssid': 'd8:d7:75:45:81:24', 'count': 151, 'threshold': 20, 'window_seconds': 5}
!!!!!!!!!!!!!!!!!!!!!!!!!!!!!!!!!!!!!!!!!!!!!!!!!!!!!!!!!!!!!!!!!!!!!!!!!!!!!!!!


================================================================================
STATISTICS after 612.7s
--------------------------------------------------------------------------------
total frames: 21212

by frame type:
  management: 14886
  control: 4182
  data: 2144

by frame subtype:
  deauthentication: 8142
  beacon: 5492
  ack: 2896
  null_data: 1342
  disassociation: 497
  rts: 452
  qos_data: 449
  cts: 434
  probe_response: 391
  block_ack: 379
  data: 330
  probe_request: 225
  action: 74
  authentication: 32
  qos_null: 23
  block_ack_request: 21
  association_request: 16
  association_response: 13
  reassociation_request: 2
  reassociation_response: 2

unique SSIDs: 4
unique BSSIDs: 12
================================================================================

!!!!!!!!!!!!!!!!!!!!!!!!!!!!!!!!!!!!!!!!!!!!!!!!!!!!!!!!!!!!!!!!!!!!!!!!!!!!!!!!
[ALERT] ALERT-000053 | DISASSOC_FLOOD
severity: CRITICAL
time: 2026-05-16T13:43:32.847996
message: Wykryto możliwy atak Disassociation Flood: 157 ramek disassociation z adresu d8:d7:75:45:81:24 w oknie 5s.
evidence: {'source_mac': 'd8:d7:75:45:81:24', 'destination_mac': 'ff:ff:ff:ff:ff:ff', 'bssid': 'd8:d7:75:45:81:24', 'count': 157, 'threshold': 20, 'window_seconds': 5}
!!!!!!!!!!!!!!!!!!!!!!!!!!!!!!!!!!!!!!!!!!!!!!!!!!!!!!!!!!!!!!!!!!!!!!!!!!!!!!!!


!!!!!!!!!!!!!!!!!!!!!!!!!!!!!!!!!!!!!!!!!!!!!!!!!!!!!!!!!!!!!!!!!!!!!!!!!!!!!!!!
[ALERT] ALERT-000054 | DISASSOC_FLOOD
severity: CRITICAL
time: 2026-05-16T13:43:37.911175
message: Wykryto możliwy atak Disassociation Flood: 153 ramek disassociation z adresu d8:d7:75:45:81:24 w oknie 5s.
evidence: {'source_mac': 'd8:d7:75:45:81:24', 'destination_mac': 'ff:ff:ff:ff:ff:ff', 'bssid': 'd8:d7:75:45:81:24', 'count': 153, 'threshold': 20, 'window_seconds': 5}
!!!!!!!!!!!!!!!!!!!!!!!!!!!!!!!!!!!!!!!!!!!!!!!!!!!!!!!!!!!!!!!!!!!!!!!!!!!!!!!!


================================================================================
STATISTICS after 622.7s
--------------------------------------------------------------------------------
total frames: 21882

by frame type:
  management: 15371
  control: 4310
  data: 2201

by frame subtype:
  deauthentication: 8142
  beacon: 5583
  ack: 3021
  null_data: 1367
  disassociation: 815
  qos_data: 459
  rts: 452
  cts: 434
  probe_response: 429
  block_ack: 380
  data: 351
  probe_request: 252
  action: 78
  authentication: 36
  qos_null: 24
  block_ack_request: 23
  association_request: 18
  association_response: 14
  reassociation_request: 2
  reassociation_response: 2

unique SSIDs: 4
unique BSSIDs: 12
================================================================================

!!!!!!!!!!!!!!!!!!!!!!!!!!!!!!!!!!!!!!!!!!!!!!!!!!!!!!!!!!!!!!!!!!!!!!!!!!!!!!!!
[ALERT] ALERT-000055 | DISASSOC_FLOOD
severity: CRITICAL
time: 2026-05-16T13:43:42.964707
message: Wykryto możliwy atak Disassociation Flood: 155 ramek disassociation z adresu d8:d7:75:45:81:24 w oknie 5s.
evidence: {'source_mac': 'd8:d7:75:45:81:24', 'destination_mac': 'ff:ff:ff:ff:ff:ff', 'bssid': 'd8:d7:75:45:81:24', 'count': 155, 'threshold': 20, 'window_seconds': 5}
!!!!!!!!!!!!!!!!!!!!!!!!!!!!!!!!!!!!!!!!!!!!!!!!!!!!!!!!!!!!!!!!!!!!!!!!!!!!!!!!


!!!!!!!!!!!!!!!!!!!!!!!!!!!!!!!!!!!!!!!!!!!!!!!!!!!!!!!!!!!!!!!!!!!!!!!!!!!!!!!!
[ALERT] ALERT-000056 | DISASSOC_FLOOD
severity: CRITICAL
time: 2026-05-16T13:43:48.023275
message: Wykryto możliwy atak Disassociation Flood: 157 ramek disassociation z adresu d8:d7:75:45:81:24 w oknie 5s.
evidence: {'source_mac': 'd8:d7:75:45:81:24', 'destination_mac': 'ff:ff:ff:ff:ff:ff', 'bssid': 'd8:d7:75:45:81:24', 'count': 157, 'threshold': 20, 'window_seconds': 5}
!!!!!!!!!!!!!!!!!!!!!!!!!!!!!!!!!!!!!!!!!!!!!!!!!!!!!!!!!!!!!!!!!!!!!!!!!!!!!!!!


================================================================================
STATISTICS after 632.7s
--------------------------------------------------------------------------------
total frames: 22518

by frame type:
  management: 15838
  control: 4438
  data: 2242

by frame subtype:
  deauthentication: 8142
  beacon: 5662
  ack: 3142
  null_data: 1385
  disassociation: 1124
  qos_data: 474
  probe_response: 459
  rts: 452
  cts: 434
  block_ack: 383
  data: 359
  probe_request: 279
  action: 89
  authentication: 42
  block_ack_request: 27
  qos_null: 24
  association_request: 20
  association_response: 17
  reassociation_request: 2
  reassociation_response: 2

unique SSIDs: 4
unique BSSIDs: 12
================================================================================

!!!!!!!!!!!!!!!!!!!!!!!!!!!!!!!!!!!!!!!!!!!!!!!!!!!!!!!!!!!!!!!!!!!!!!!!!!!!!!!!
[ALERT] ALERT-000057 | DISASSOC_FLOOD
severity: CRITICAL
time: 2026-05-16T13:43:53.031446
message: Wykryto możliwy atak Disassociation Flood: 151 ramek disassociation z adresu d8:d7:75:45:81:24 w oknie 5s.
evidence: {'source_mac': 'd8:d7:75:45:81:24', 'destination_mac': 'ff:ff:ff:ff:ff:ff', 'bssid': 'd8:d7:75:45:81:24', 'count': 151, 'threshold': 20, 'window_seconds': 5}
!!!!!!!!!!!!!!!!!!!!!!!!!!!!!!!!!!!!!!!!!!!!!!!!!!!!!!!!!!!!!!!!!!!!!!!!!!!!!!!!


!!!!!!!!!!!!!!!!!!!!!!!!!!!!!!!!!!!!!!!!!!!!!!!!!!!!!!!!!!!!!!!!!!!!!!!!!!!!!!!!
[ALERT] ALERT-000058 | DISASSOC_FLOOD
severity: CRITICAL
time: 2026-05-16T13:43:58.091199
message: Wykryto możliwy atak Disassociation Flood: 151 ramek disassociation z adresu d8:d7:75:45:81:24 w oknie 5s.
evidence: {'source_mac': 'd8:d7:75:45:81:24', 'destination_mac': 'ff:ff:ff:ff:ff:ff', 'bssid': 'd8:d7:75:45:81:24', 'count': 151, 'threshold': 20, 'window_seconds': 5}
!!!!!!!!!!!!!!!!!!!!!!!!!!!!!!!!!!!!!!!!!!!!!!!!!!!!!!!!!!!!!!!!!!!!!!!!!!!!!!!!


================================================================================
STATISTICS after 642.7s
--------------------------------------------------------------------------------
total frames: 23153

by frame type:
  management: 16310
  control: 4555
  data: 2288

by frame subtype:
  deauthentication: 8142
  beacon: 5741
  ack: 3250
  disassociation: 1430
  null_data: 1403
  probe_response: 498
  qos_data: 494
  rts: 452
  cts: 434
  block_ack: 387
  data: 367
  probe_request: 309
  action: 99
  authentication: 46
  block_ack_request: 32
  qos_null: 24
  association_request: 22
  association_response: 19
  reassociation_request: 2
  reassociation_response: 2

unique SSIDs: 4
unique BSSIDs: 12
================================================================================

!!!!!!!!!!!!!!!!!!!!!!!!!!!!!!!!!!!!!!!!!!!!!!!!!!!!!!!!!!!!!!!!!!!!!!!!!!!!!!!!
[ALERT] ALERT-000059 | DISASSOC_FLOOD
severity: CRITICAL
time: 2026-05-16T13:44:03.163426
message: Wykryto możliwy atak Disassociation Flood: 151 ramek disassociation z adresu d8:d7:75:45:81:24 w oknie 5s.
evidence: {'source_mac': 'd8:d7:75:45:81:24', 'destination_mac': 'ff:ff:ff:ff:ff:ff', 'bssid': 'd8:d7:75:45:81:24', 'count': 151, 'threshold': 20, 'window_seconds': 5}
!!!!!!!!!!!!!!!!!!!!!!!!!!!!!!!!!!!!!!!!!!!!!!!!!!!!!!!!!!!!!!!!!!!!!!!!!!!!!!!!


!!!!!!!!!!!!!!!!!!!!!!!!!!!!!!!!!!!!!!!!!!!!!!!!!!!!!!!!!!!!!!!!!!!!!!!!!!!!!!!!
[ALERT] ALERT-000060 | BEACON_FLOOD
severity: MEDIUM
time: 2026-05-16T13:44:04.623285
message: Wykryto możliwy atak Beacon Flood: 100 ramek beacon, 2 unikalnych BSSID, 2 unikalnych SSID w oknie 10s.
evidence: {'beacon_count': 100, 'unique_bssid_count': 2, 'unique_ssid_count': 2, 'window_seconds': 10, 'beacon_count_threshold': 100, 'unique_bssid_threshold': 30, 'unique_ssid_threshold': 20, 'triggered_reasons': ['high_beacon_rate'], 'sample_ssids': ['TP-LINK_7122', 'FunBox2-8124'], 'sample_bssids': ['ac:84:c6:41:71:22', 'd8:d7:75:45:81:24']}
!!!!!!!!!!!!!!!!!!!!!!!!!!!!!!!!!!!!!!!!!!!!!!!!!!!!!!!!!!!!!!!!!!!!!!!!!!!!!!!!


!!!!!!!!!!!!!!!!!!!!!!!!!!!!!!!!!!!!!!!!!!!!!!!!!!!!!!!!!!!!!!!!!!!!!!!!!!!!!!!!
[ALERT] ALERT-000061 | DISASSOC_FLOOD
severity: CRITICAL
time: 2026-05-16T13:44:08.183380
message: Wykryto możliwy atak Disassociation Flood: 151 ramek disassociation z adresu d8:d7:75:45:81:24 w oknie 5s.
evidence: {'source_mac': 'd8:d7:75:45:81:24', 'destination_mac': 'ff:ff:ff:ff:ff:ff', 'bssid': 'd8:d7:75:45:81:24', 'count': 151, 'threshold': 20, 'window_seconds': 5}
!!!!!!!!!!!!!!!!!!!!!!!!!!!!!!!!!!!!!!!!!!!!!!!!!!!!!!!!!!!!!!!!!!!!!!!!!!!!!!!!


================================================================================
STATISTICS after 652.7s
--------------------------------------------------------------------------------
total frames: 23800

by frame type:
  management: 16801
  control: 4679
  data: 2320

by frame subtype:
  deauthentication: 8142
  beacon: 5859
  ack: 3366
  disassociation: 1732
  null_data: 1419
  probe_response: 525
  qos_data: 505
  rts: 452
  cts: 434
  block_ack: 391
  data: 372
  probe_request: 334
  action: 106
  authentication: 52
  block_ack_request: 36
  association_request: 25
  qos_null: 24
  association_response: 22
  reassociation_request: 2
  reassociation_response: 2

unique SSIDs: 4
unique BSSIDs: 12
================================================================================

!!!!!!!!!!!!!!!!!!!!!!!!!!!!!!!!!!!!!!!!!!!!!!!!!!!!!!!!!!!!!!!!!!!!!!!!!!!!!!!!
[ALERT] ALERT-000062 | BEACON_FLOOD
severity: MEDIUM
time: 2026-05-16T13:44:14.656277
message: Wykryto możliwy atak Beacon Flood: 116 ramek beacon, 2 unikalnych BSSID, 2 unikalnych SSID w oknie 10s.
evidence: {'beacon_count': 116, 'unique_bssid_count': 2, 'unique_ssid_count': 2, 'window_seconds': 10, 'beacon_count_threshold': 100, 'unique_bssid_threshold': 30, 'unique_ssid_threshold': 20, 'triggered_reasons': ['high_beacon_rate'], 'sample_ssids': ['TP-LINK_7122', 'FunBox2-8124'], 'sample_bssids': ['ac:84:c6:41:71:22', 'd8:d7:75:45:81:24']}
!!!!!!!!!!!!!!!!!!!!!!!!!!!!!!!!!!!!!!!!!!!!!!!!!!!!!!!!!!!!!!!!!!!!!!!!!!!!!!!!


================================================================================
STATISTICS after 662.8s
--------------------------------------------------------------------------------
total frames: 24157

by frame type:
  management: 17025
  control: 4774
  data: 2358

by frame subtype:
  deauthentication: 8143
  beacon: 5965
  ack: 3453
  disassociation: 1802
  null_data: 1444
  probe_response: 539
  qos_data: 513
  rts: 452
  cts: 434
  block_ack: 395
  data: 377
  probe_request: 355
  action: 114
  authentication: 54
  block_ack_request: 40
  association_request: 26
  qos_null: 24
  association_response: 23
  reassociation_request: 2
  reassociation_response: 2

unique SSIDs: 4
unique BSSIDs: 12
================================================================================

!!!!!!!!!!!!!!!!!!!!!!!!!!!!!!!!!!!!!!!!!!!!!!!!!!!!!!!!!!!!!!!!!!!!!!!!!!!!!!!!
[ALERT] ALERT-000063 | BEACON_FLOOD
severity: MEDIUM
time: 2026-05-16T13:44:24.692273
message: Wykryto możliwy atak Beacon Flood: 105 ramek beacon, 2 unikalnych BSSID, 2 unikalnych SSID w oknie 10s.
evidence: {'beacon_count': 105, 'unique_bssid_count': 2, 'unique_ssid_count': 2, 'window_seconds': 10, 'beacon_count_threshold': 100, 'unique_bssid_threshold': 30, 'unique_ssid_threshold': 20, 'triggered_reasons': ['high_beacon_rate'], 'sample_ssids': ['TP-LINK_7122', 'FunBox2-8124'], 'sample_bssids': ['ac:84:c6:41:71:22', 'd8:d7:75:45:81:24']}
!!!!!!!!!!!!!!!!!!!!!!!!!!!!!!!!!!!!!!!!!!!!!!!!!!!!!!!!!!!!!!!!!!!!!!!!!!!!!!!!


================================================================================
STATISTICS after 672.8s
--------------------------------------------------------------------------------
total frames: 24400

by frame type:
  management: 17152
  control: 4848
  data: 2400

by frame subtype:
  deauthentication: 8143
  beacon: 6072
  ack: 3499
  disassociation: 1802
  null_data: 1466
  probe_response: 547
  qos_data: 525
  rts: 460
  cts: 442
  block_ack: 405
  data: 385
  probe_request: 361
  action: 118
  authentication: 56
  block_ack_request: 42
  association_request: 26
  qos_null: 24
  association_response: 23
  reassociation_request: 2
  reassociation_response: 2

unique SSIDs: 4
unique BSSIDs: 13
================================================================================

!!!!!!!!!!!!!!!!!!!!!!!!!!!!!!!!!!!!!!!!!!!!!!!!!!!!!!!!!!!!!!!!!!!!!!!!!!!!!!!!
[ALERT] ALERT-000064 | BEACON_FLOOD
severity: MEDIUM
time: 2026-05-16T13:44:34.727425
message: Wykryto możliwy atak Beacon Flood: 110 ramek beacon, 2 unikalnych BSSID, 2 unikalnych SSID w oknie 10s.
evidence: {'beacon_count': 110, 'unique_bssid_count': 2, 'unique_ssid_count': 2, 'window_seconds': 10, 'beacon_count_threshold': 100, 'unique_bssid_threshold': 30, 'unique_ssid_threshold': 20, 'triggered_reasons': ['high_beacon_rate'], 'sample_ssids': ['TP-LINK_7122', 'FunBox2-8124'], 'sample_bssids': ['ac:84:c6:41:71:22', 'd8:d7:75:45:81:24']}
!!!!!!!!!!!!!!!!!!!!!!!!!!!!!!!!!!!!!!!!!!!!!!!!!!!!!!!!!!!!!!!!!!!!!!!!!!!!!!!!


================================================================================
STATISTICS after 682.9s
--------------------------------------------------------------------------------
total frames: 24718

by frame type:
  management: 17265
  control: 4976
  data: 2477

by frame subtype:
  deauthentication: 8143
  beacon: 6185
  ack: 3558
  disassociation: 1802
  null_data: 1497
  probe_response: 547
  qos_data: 544
  rts: 485
  cts: 465
  block_ack: 426
  data: 411
  probe_request: 361
  action: 118
  authentication: 56
  block_ack_request: 42
  association_request: 26
  qos_null: 25
  association_response: 23
  reassociation_request: 2
  reassociation_response: 2

unique SSIDs: 4
unique BSSIDs: 13
================================================================================

!!!!!!!!!!!!!!!!!!!!!!!!!!!!!!!!!!!!!!!!!!!!!!!!!!!!!!!!!!!!!!!!!!!!!!!!!!!!!!!!
[ALERT] ALERT-000065 | BEACON_FLOOD
severity: MEDIUM
time: 2026-05-16T13:44:44.763021
message: Wykryto możliwy atak Beacon Flood: 111 ramek beacon, 2 unikalnych BSSID, 2 unikalnych SSID w oknie 10s.
evidence: {'beacon_count': 111, 'unique_bssid_count': 2, 'unique_ssid_count': 2, 'window_seconds': 10, 'beacon_count_threshold': 100, 'unique_bssid_threshold': 30, 'unique_ssid_threshold': 20, 'triggered_reasons': ['high_beacon_rate'], 'sample_ssids': ['TP-LINK_7122', 'FunBox2-8124'], 'sample_bssids': ['ac:84:c6:41:71:22', 'd8:d7:75:45:81:24']}
!!!!!!!!!!!!!!!!!!!!!!!!!!!!!!!!!!!!!!!!!!!!!!!!!!!!!!!!!!!!!!!!!!!!!!!!!!!!!!!!


================================================================================
STATISTICS after 692.9s
--------------------------------------------------------------------------------
total frames: 24871

by frame type:
  management: 17369
  control: 5005
  data: 2497

by frame subtype:
  deauthentication: 8143
  beacon: 6289
  ack: 3581
  disassociation: 1802
  null_data: 1515
  probe_response: 547
  qos_data: 545
  rts: 487
  cts: 467
  block_ack: 428
  data: 412
  probe_request: 361
  action: 118
  authentication: 56
  block_ack_request: 42
  association_request: 26
  qos_null: 25
  association_response: 23
  reassociation_request: 2
  reassociation_response: 2

unique SSIDs: 4
unique BSSIDs: 13
================================================================================

!!!!!!!!!!!!!!!!!!!!!!!!!!!!!!!!!!!!!!!!!!!!!!!!!!!!!!!!!!!!!!!!!!!!!!!!!!!!!!!!
[ALERT] ALERT-000066 | BEACON_FLOOD
severity: MEDIUM
time: 2026-05-16T13:44:55.617814
message: Wykryto możliwy atak Beacon Flood: 100 ramek beacon, 2 unikalnych BSSID, 2 unikalnych SSID w oknie 10s.
evidence: {'beacon_count': 100, 'unique_bssid_count': 2, 'unique_ssid_count': 2, 'window_seconds': 10, 'beacon_count_threshold': 100, 'unique_bssid_threshold': 30, 'unique_ssid_threshold': 20, 'triggered_reasons': ['high_beacon_rate'], 'sample_ssids': ['TP-LINK_7122', 'FunBox2-8124'], 'sample_bssids': ['ac:84:c6:41:71:22', 'd8:d7:75:45:81:24']}
!!!!!!!!!!!!!!!!!!!!!!!!!!!!!!!!!!!!!!!!!!!!!!!!!!!!!!!!!!!!!!!!!!!!!!!!!!!!!!!!


================================================================================
STATISTICS after 702.9s
--------------------------------------------------------------------------------
total frames: 25045

by frame type:
  management: 17471
  control: 5044
  data: 2530

by frame subtype:
  deauthentication: 8143
  beacon: 6389
  ack: 3613
  disassociation: 1802
  null_data: 1536
  qos_data: 547
  probe_response: 547
  rts: 490
  cts: 469
  block_ack: 430
  data: 422
  probe_request: 361
  action: 120
  authentication: 56
  block_ack_request: 42
  association_request: 26
  qos_null: 25
  association_response: 23
  reassociation_request: 2
  reassociation_response: 2

unique SSIDs: 4
unique BSSIDs: 13
================================================================================

!!!!!!!!!!!!!!!!!!!!!!!!!!!!!!!!!!!!!!!!!!!!!!!!!!!!!!!!!!!!!!!!!!!!!!!!!!!!!!!!
[ALERT] ALERT-000067 | BEACON_FLOOD
severity: MEDIUM
time: 2026-05-16T13:45:08.657409
message: Wykryto możliwy atak Beacon Flood: 100 ramek beacon, 2 unikalnych BSSID, 2 unikalnych SSID w oknie 10s.
evidence: {'beacon_count': 100, 'unique_bssid_count': 2, 'unique_ssid_count': 2, 'window_seconds': 10, 'beacon_count_threshold': 100, 'unique_bssid_threshold': 30, 'unique_ssid_threshold': 20, 'triggered_reasons': ['high_beacon_rate'], 'sample_ssids': ['TP-LINK_7122', 'FunBox2-8124'], 'sample_bssids': ['ac:84:c6:41:71:22', 'd8:d7:75:45:81:24']}
!!!!!!!!!!!!!!!!!!!!!!!!!!!!!!!!!!!!!!!!!!!!!!!!!!!!!!!!!!!!!!!!!!!!!!!!!!!!!!!!


================================================================================
STATISTICS after 713.0s
--------------------------------------------------------------------------------
total frames: 25206

by frame type:
  management: 17572
  control: 5079
  data: 2555

by frame subtype:
  deauthentication: 8143
  beacon: 6489
  ack: 3642
  disassociation: 1802
  null_data: 1554
  qos_data: 549
  probe_response: 548
  rts: 492
  cts: 471
  block_ack: 432
  data: 427
  probe_request: 361
  action: 120
  authentication: 56
  block_ack_request: 42
  association_request: 26
  qos_null: 25
  association_response: 23
  reassociation_request: 2
  reassociation_response: 2

unique SSIDs: 4
unique BSSIDs: 13
================================================================================

!!!!!!!!!!!!!!!!!!!!!!!!!!!!!!!!!!!!!!!!!!!!!!!!!!!!!!!!!!!!!!!!!!!!!!!!!!!!!!!!
[ALERT] ALERT-000068 | BEACON_FLOOD
severity: MEDIUM
time: 2026-05-16T13:45:18.761019
message: Wykryto możliwy atak Beacon Flood: 103 ramek beacon, 2 unikalnych BSSID, 2 unikalnych SSID w oknie 10s.
evidence: {'beacon_count': 103, 'unique_bssid_count': 2, 'unique_ssid_count': 2, 'window_seconds': 10, 'beacon_count_threshold': 100, 'unique_bssid_threshold': 30, 'unique_ssid_threshold': 20, 'triggered_reasons': ['high_beacon_rate'], 'sample_ssids': ['TP-LINK_7122', 'FunBox2-8124'], 'sample_bssids': ['ac:84:c6:41:71:22', 'd8:d7:75:45:81:24']}
!!!!!!!!!!!!!!!!!!!!!!!!!!!!!!!!!!!!!!!!!!!!!!!!!!!!!!!!!!!!!!!!!!!!!!!!!!!!!!!!


================================================================================
STATISTICS after 723.0s
--------------------------------------------------------------------------------
total frames: 25348

by frame type:
  management: 17675
  control: 5099
  data: 2574

by frame subtype:
  deauthentication: 8143
  beacon: 6592
  ack: 3662
  disassociation: 1802
  null_data: 1569
  qos_data: 549
  probe_response: 548
  rts: 492
  cts: 471
  block_ack: 432
  data: 431
  probe_request: 361
  action: 120
  authentication: 56
  block_ack_request: 42
  association_request: 26
  qos_null: 25
  association_response: 23
  reassociation_request: 2
  reassociation_response: 2

unique SSIDs: 4
unique BSSIDs: 13
================================================================================

!!!!!!!!!!!!!!!!!!!!!!!!!!!!!!!!!!!!!!!!!!!!!!!!!!!!!!!!!!!!!!!!!!!!!!!!!!!!!!!!
[ALERT] ALERT-000069 | BEACON_FLOOD
severity: MEDIUM
time: 2026-05-16T13:45:28.796623
message: Wykryto możliwy atak Beacon Flood: 110 ramek beacon, 2 unikalnych BSSID, 2 unikalnych SSID w oknie 10s.
evidence: {'beacon_count': 110, 'unique_bssid_count': 2, 'unique_ssid_count': 2, 'window_seconds': 10, 'beacon_count_threshold': 100, 'unique_bssid_threshold': 30, 'unique_ssid_threshold': 20, 'triggered_reasons': ['high_beacon_rate'], 'sample_ssids': ['TP-LINK_7122', 'FunBox2-8124'], 'sample_bssids': ['ac:84:c6:41:71:22', 'd8:d7:75:45:81:24']}
!!!!!!!!!!!!!!!!!!!!!!!!!!!!!!!!!!!!!!!!!!!!!!!!!!!!!!!!!!!!!!!!!!!!!!!!!!!!!!!!


================================================================================
STATISTICS after 733.0s
--------------------------------------------------------------------------------
total frames: 25514

by frame type:
  management: 17804
  control: 5122
  data: 2588

by frame subtype:
  deauthentication: 8143
  beacon: 6702
  ack: 3685
  disassociation: 1802
  null_data: 1579
  probe_response: 560
  qos_data: 549
  rts: 492
  cts: 471
  block_ack: 432
  data: 432
  probe_request: 368
  action: 120
  authentication: 56
  block_ack_request: 42
  qos_null: 28
  association_request: 26
  association_response: 23
  reassociation_request: 2
  reassociation_response: 2

unique SSIDs: 4
unique BSSIDs: 13
================================================================================

!!!!!!!!!!!!!!!!!!!!!!!!!!!!!!!!!!!!!!!!!!!!!!!!!!!!!!!!!!!!!!!!!!!!!!!!!!!!!!!!
[ALERT] ALERT-000070 | BEACON_FLOOD
severity: MEDIUM
time: 2026-05-16T13:45:38.832225
message: Wykryto możliwy atak Beacon Flood: 109 ramek beacon, 2 unikalnych BSSID, 2 unikalnych SSID w oknie 10s.
evidence: {'beacon_count': 109, 'unique_bssid_count': 2, 'unique_ssid_count': 2, 'window_seconds': 10, 'beacon_count_threshold': 100, 'unique_bssid_threshold': 30, 'unique_ssid_threshold': 20, 'triggered_reasons': ['high_beacon_rate'], 'sample_ssids': ['TP-LINK_7122', 'FunBox2-8124'], 'sample_bssids': ['ac:84:c6:41:71:22', 'd8:d7:75:45:81:24']}
!!!!!!!!!!!!!!!!!!!!!!!!!!!!!!!!!!!!!!!!!!!!!!!!!!!!!!!!!!!!!!!!!!!!!!!!!!!!!!!!


================================================================================
STATISTICS after 743.1s
--------------------------------------------------------------------------------
total frames: 25728

by frame type:
  management: 17927
  control: 5170
  data: 2631

by frame subtype:
  deauthentication: 8143
  beacon: 6811
  ack: 3721
  disassociation: 1802
  null_data: 1599
  probe_response: 571
  qos_data: 552
  rts: 495
  cts: 477
  data: 438
  block_ack: 435
  probe_request: 371
  action: 120
  authentication: 56
  qos_null: 42
  block_ack_request: 42
  association_request: 26
  association_response: 23
  reassociation_request: 2
  reassociation_response: 2

unique SSIDs: 4
unique BSSIDs: 13
================================================================================

================================================================================
STATISTICS after 753.2s
--------------------------------------------------------------------------------
total frames: 25941

by frame type:
  management: 18024
  control: 5232
  data: 2685

by frame subtype:
  deauthentication: 8143
  beacon: 6892
  ack: 3751
  disassociation: 1802
  null_data: 1618
  probe_response: 582
  qos_data: 552
  rts: 505
  cts: 499
  data: 441
  block_ack: 435
  probe_request: 376
  action: 120
  qos_null: 74
  authentication: 56
  block_ack_request: 42
  association_request: 26
  association_response: 23
  reassociation_request: 2
  reassociation_response: 2

unique SSIDs: 4
unique BSSIDs: 13
================================================================================

================================================================================
STATISTICS after 763.2s
--------------------------------------------------------------------------------
total frames: 26116

by frame type:
  management: 18128
  control: 5267
  data: 2721

by frame subtype:
  deauthentication: 8143
  beacon: 6976
  ack: 3783
  disassociation: 1802
  null_data: 1644
  probe_response: 595
  qos_data: 553
  rts: 506
  cts: 500
  data: 446
  block_ack: 436
  probe_request: 381
  action: 122
  qos_null: 78
  authentication: 56
  block_ack_request: 42
  association_request: 26
  association_response: 23
  reassociation_request: 2
  reassociation_response: 2

unique SSIDs: 4
unique BSSIDs: 13
================================================================================

================================================================================
STATISTICS after 773.3s
--------------------------------------------------------------------------------
total frames: 26298

by frame type:
  management: 18210
  control: 5314
  data: 2774

by frame subtype:
  deauthentication: 8143
  beacon: 7058
  ack: 3805
  disassociation: 1802
  null_data: 1664
  probe_response: 595
  qos_data: 554
  rts: 526
  cts: 505
  data: 453
  block_ack: 436
  probe_request: 381
  action: 122
  qos_null: 103
  authentication: 56
  block_ack_request: 42
  association_request: 26
  association_response: 23
  reassociation_request: 2
  reassociation_response: 2

unique SSIDs: 4
unique BSSIDs: 13
================================================================================

================================================================================
STATISTICS after 783.3s
--------------------------------------------------------------------------------
total frames: 26434

by frame type:
  management: 18293
  control: 5342
  data: 2799

by frame subtype:
  deauthentication: 8143
  beacon: 7141
  ack: 3830
  disassociation: 1802
  null_data: 1678
  probe_response: 595
  qos_data: 555
  rts: 527
  cts: 506
  data: 460
  block_ack: 437
  probe_request: 381
  action: 122
  qos_null: 106
  authentication: 56
  block_ack_request: 42
  association_request: 26
  association_response: 23
  reassociation_request: 2
  reassociation_response: 2

unique SSIDs: 4
unique BSSIDs: 13
================================================================================

================================================================================
STATISTICS after 793.6s
--------------------------------------------------------------------------------
total frames: 26552

by frame type:
  management: 18366
  control: 5365
  data: 2821

by frame subtype:
  deauthentication: 8143
  beacon: 7214
  ack: 3852
  disassociation: 1802
  null_data: 1695
  probe_response: 595
  qos_data: 555
  rts: 527
  cts: 507
  data: 463
  block_ack: 437
  probe_request: 381
  action: 122
  qos_null: 108
  authentication: 56
  block_ack_request: 42
  association_request: 26
  association_response: 23
  reassociation_request: 2
  reassociation_response: 2

unique SSIDs: 4
unique BSSIDs: 13
================================================================================

================================================================================
STATISTICS after 803.8s
--------------------------------------------------------------------------------
total frames: 26698

by frame type:
  management: 18441
  control: 5401
  data: 2856

by frame subtype:
  deauthentication: 8143
  beacon: 7289
  ack: 3882
  disassociation: 1802
  null_data: 1706
  probe_response: 595
  qos_data: 557
  rts: 529
  cts: 509
  data: 473
  block_ack: 439
  probe_request: 381
  action: 122
  qos_null: 120
  authentication: 56
  block_ack_request: 42
  association_request: 26
  association_response: 23
  reassociation_request: 2
  reassociation_response: 2

unique SSIDs: 4
unique BSSIDs: 13
================================================================================

================================================================================
STATISTICS after 813.8s
--------------------------------------------------------------------------------
total frames: 26852

by frame type:
  management: 18526
  control: 5445
  data: 2881

by frame subtype:
  deauthentication: 8143
  beacon: 7370
  ack: 3909
  disassociation: 1802
  null_data: 1719
  probe_response: 597
  qos_data: 560
  rts: 538
  cts: 517
  data: 477
  block_ack: 439
  probe_request: 383
  qos_null: 125
  action: 122
  authentication: 56
  block_ack_request: 42
  association_request: 26
  association_response: 23
  reassociation_request: 2
  reassociation_response: 2

unique SSIDs: 4
unique BSSIDs: 13
================================================================================

================================================================================
STATISTICS after 823.9s
--------------------------------------------------------------------------------
total frames: 27018

by frame type:
  management: 18614
  control: 5489
  data: 2915

by frame subtype:
  deauthentication: 8143
  beacon: 7456
  ack: 3947
  disassociation: 1802
  null_data: 1732
  probe_response: 597
  qos_data: 562
  rts: 540
  cts: 519
  data: 492
  block_ack: 441
  probe_request: 383
  qos_null: 129
  action: 124
  authentication: 56
  block_ack_request: 42
  association_request: 26
  association_response: 23
  reassociation_request: 2
  reassociation_response: 2

unique SSIDs: 4
unique BSSIDs: 13
================================================================================

================================================================================
STATISTICS after 833.9s
--------------------------------------------------------------------------------
total frames: 27147

by frame type:
  management: 18698
  control: 5510
  data: 2939

by frame subtype:
  deauthentication: 8143
  beacon: 7540
  ack: 3968
  disassociation: 1802
  null_data: 1744
  probe_response: 597
  qos_data: 563
  rts: 540
  cts: 519
  data: 496
  block_ack: 441
  probe_request: 383
  qos_null: 136
  action: 124
  authentication: 56
  block_ack_request: 42
  association_request: 26
  association_response: 23
  reassociation_request: 2
  reassociation_response: 2

unique SSIDs: 4
unique BSSIDs: 13
================================================================================

================================================================================
STATISTICS after 844.0s
--------------------------------------------------------------------------------
total frames: 27292

by frame type:
  management: 18783
  control: 5537
  data: 2972

by frame subtype:
  deauthentication: 8143
  beacon: 7625
  ack: 3995
  disassociation: 1802
  null_data: 1772
  probe_response: 597
  qos_data: 563
  rts: 540
  cts: 519
  data: 501
  block_ack: 441
  probe_request: 383
  qos_null: 136
  action: 124
  authentication: 56
  block_ack_request: 42
  association_request: 26
  association_response: 23
  reassociation_request: 2
  reassociation_response: 2

unique SSIDs: 4
unique BSSIDs: 13
================================================================================

================================================================================
STATISTICS after 854.1s
--------------------------------------------------------------------------------
total frames: 27430

by frame type:
  management: 18854
  control: 5586
  data: 2990

by frame subtype:
  deauthentication: 8143
  beacon: 7692
  ack: 4017
  disassociation: 1802
  null_data: 1787
  probe_response: 600
  qos_data: 563
  rts: 540
  cts: 532
  data: 502
  block_ack: 441
  probe_request: 384
  qos_null: 138
  action: 124
  authentication: 56
  block_ack_request: 42
  association_request: 26
  association_response: 23
  cf_end: 14
  reassociation_request: 2
  reassociation_response: 2

unique SSIDs: 4
unique BSSIDs: 13
================================================================================

================================================================================
STATISTICS after 864.1s
--------------------------------------------------------------------------------
total frames: 27595

by frame type:
  management: 18942
  control: 5619
  data: 3034

by frame subtype:
  deauthentication: 8143
  beacon: 7780
  ack: 4047
  null_data: 1820
  disassociation: 1802
  probe_response: 600
  qos_data: 564
  rts: 541
  cts: 533
  data: 510
  block_ack: 442
  probe_request: 384
  qos_null: 140
  action: 124
  authentication: 56
  block_ack_request: 42
  association_request: 26
  association_response: 23
  cf_end: 14
  reassociation_request: 2
  reassociation_response: 2

unique SSIDs: 4
unique BSSIDs: 13
================================================================================

================================================================================
STATISTICS after 874.1s
--------------------------------------------------------------------------------
total frames: 27748

by frame type:
  management: 19030
  control: 5647
  data: 3071

by frame subtype:
  deauthentication: 8143
  beacon: 7868
  ack: 4075
  null_data: 1845
  disassociation: 1802
  probe_response: 600
  qos_data: 564
  rts: 541
  cts: 533
  data: 522
  block_ack: 442
  probe_request: 384
  qos_null: 140
  action: 124
  authentication: 56
  block_ack_request: 42
  association_request: 26
  association_response: 23
  cf_end: 14
  reassociation_request: 2
  reassociation_response: 2

unique SSIDs: 4
unique BSSIDs: 13
================================================================================

================================================================================
STATISTICS after 884.2s
--------------------------------------------------------------------------------
total frames: 27880

by frame type:
  management: 19115
  control: 5673
  data: 3092

by frame subtype:
  deauthentication: 8143
  beacon: 7951
  ack: 4098
  null_data: 1862
  disassociation: 1802
  probe_response: 600
  qos_data: 565
  rts: 542
  cts: 534
  data: 525
  block_ack: 443
  probe_request: 384
  qos_null: 140
  action: 126
  authentication: 56
  block_ack_request: 42
  association_request: 26
  association_response: 23
  cf_end: 14
  reassociation_request: 2
  reassociation_response: 2

unique SSIDs: 4
unique BSSIDs: 13
================================================================================

================================================================================
STATISTICS after 894.2s
--------------------------------------------------------------------------------
total frames: 28093

by frame type:
  management: 19231
  control: 5729
  data: 3133

by frame subtype:
  deauthentication: 8143
  beacon: 8041
  ack: 4151
  null_data: 1888
  disassociation: 1802
  probe_response: 619
  qos_data: 565
  rts: 543
  data: 540
  cts: 536
  block_ack: 443
  probe_request: 391
  qos_null: 140
  action: 126
  authentication: 56
  block_ack_request: 42
  association_request: 26
  association_response: 23
  cf_end: 14
  reassociation_request: 2
  reassociation_response: 2

unique SSIDs: 4
unique BSSIDs: 13
================================================================================

!!!!!!!!!!!!!!!!!!!!!!!!!!!!!!!!!!!!!!!!!!!!!!!!!!!!!!!!!!!!!!!!!!!!!!!!!!!!!!!!
[ALERT] ALERT-000071 | BEACON_FLOOD
severity: MEDIUM
time: 2026-05-16T13:48:15.407591
message: Wykryto możliwy atak Beacon Flood: 100 ramek beacon, 2 unikalnych BSSID, 2 unikalnych SSID w oknie 10s.
evidence: {'beacon_count': 100, 'unique_bssid_count': 2, 'unique_ssid_count': 2, 'window_seconds': 10, 'beacon_count_threshold': 100, 'unique_bssid_threshold': 30, 'unique_ssid_threshold': 20, 'triggered_reasons': ['high_beacon_rate'], 'sample_ssids': ['TP-LINK_7122', 'FunBox2-8124'], 'sample_bssids': ['ac:84:c6:41:71:22', 'd8:d7:75:45:81:24']}
!!!!!!!!!!!!!!!!!!!!!!!!!!!!!!!!!!!!!!!!!!!!!!!!!!!!!!!!!!!!!!!!!!!!!!!!!!!!!!!!


================================================================================
STATISTICS after 904.3s
--------------------------------------------------------------------------------
total frames: 28287

by frame type:
  management: 19352
  control: 5770
  data: 3165

by frame subtype:
  beacon: 8147
  deauthentication: 8143
  ack: 4182
  null_data: 1911
  disassociation: 1802
  probe_response: 628
  qos_data: 569
  rts: 547
  data: 545
  cts: 541
  block_ack: 444
  probe_request: 397
  qos_null: 140
  action: 126
  authentication: 56
  block_ack_request: 42
  association_request: 26
  association_response: 23
  cf_end: 14
  reassociation_request: 2
  reassociation_response: 2

unique SSIDs: 4
unique BSSIDs: 13
================================================================================

!!!!!!!!!!!!!!!!!!!!!!!!!!!!!!!!!!!!!!!!!!!!!!!!!!!!!!!!!!!!!!!!!!!!!!!!!!!!!!!!
[ALERT] ALERT-000072 | BEACON_FLOOD
severity: MEDIUM
time: 2026-05-16T13:48:25.443132
message: Wykryto możliwy atak Beacon Flood: 105 ramek beacon, 2 unikalnych BSSID, 2 unikalnych SSID w oknie 10s.
evidence: {'beacon_count': 105, 'unique_bssid_count': 2, 'unique_ssid_count': 2, 'window_seconds': 10, 'beacon_count_threshold': 100, 'unique_bssid_threshold': 30, 'unique_ssid_threshold': 20, 'triggered_reasons': ['high_beacon_rate'], 'sample_ssids': ['TP-LINK_7122', 'FunBox2-8124'], 'sample_bssids': ['ac:84:c6:41:71:22', 'd8:d7:75:45:81:24']}
!!!!!!!!!!!!!!!!!!!!!!!!!!!!!!!!!!!!!!!!!!!!!!!!!!!!!!!!!!!!!!!!!!!!!!!!!!!!!!!!


================================================================================
STATISTICS after 914.3s
--------------------------------------------------------------------------------
total frames: 28457

by frame type:
  management: 19477
  control: 5795
  data: 3185

by frame subtype:
  beacon: 8259
  deauthentication: 8143
  ack: 4206
  null_data: 1930
  disassociation: 1802
  probe_response: 638
  qos_data: 569
  rts: 547
  data: 546
  cts: 542
  block_ack: 444
  probe_request: 400
  qos_null: 140
  action: 126
  authentication: 56
  block_ack_request: 42
  association_request: 26
  association_response: 23
  cf_end: 14
  reassociation_request: 2
  reassociation_response: 2

unique SSIDs: 4
unique BSSIDs: 13
================================================================================

!!!!!!!!!!!!!!!!!!!!!!!!!!!!!!!!!!!!!!!!!!!!!!!!!!!!!!!!!!!!!!!!!!!!!!!!!!!!!!!!
[ALERT] ALERT-000073 | BEACON_FLOOD
severity: MEDIUM
time: 2026-05-16T13:48:35.478706
message: Wykryto możliwy atak Beacon Flood: 109 ramek beacon, 2 unikalnych BSSID, 2 unikalnych SSID w oknie 10s.
evidence: {'beacon_count': 109, 'unique_bssid_count': 2, 'unique_ssid_count': 2, 'window_seconds': 10, 'beacon_count_threshold': 100, 'unique_bssid_threshold': 30, 'unique_ssid_threshold': 20, 'triggered_reasons': ['high_beacon_rate'], 'sample_ssids': ['TP-LINK_7122', 'FunBox2-8124'], 'sample_bssids': ['ac:84:c6:41:71:22', 'd8:d7:75:45:81:24']}
!!!!!!!!!!!!!!!!!!!!!!!!!!!!!!!!!!!!!!!!!!!!!!!!!!!!!!!!!!!!!!!!!!!!!!!!!!!!!!!!


================================================================================
STATISTICS after 924.3s
--------------------------------------------------------------------------------
total frames: 28628

by frame type:
  management: 19586
  control: 5827
  data: 3215

by frame subtype:
  beacon: 8368
  deauthentication: 8143
  ack: 4238
  null_data: 1948
  disassociation: 1802
  probe_response: 638
  qos_data: 569
  data: 556
  rts: 547
  cts: 542
  block_ack: 444
  probe_request: 400
  qos_null: 142
  action: 126
  authentication: 56
  block_ack_request: 42
  association_request: 26
  association_response: 23
  cf_end: 14
  reassociation_request: 2
  reassociation_response: 2

unique SSIDs: 4
unique BSSIDs: 13
================================================================================

!!!!!!!!!!!!!!!!!!!!!!!!!!!!!!!!!!!!!!!!!!!!!!!!!!!!!!!!!!!!!!!!!!!!!!!!!!!!!!!!
[ALERT] ALERT-000074 | BEACON_FLOOD
severity: MEDIUM
time: 2026-05-16T13:48:45.510837
message: Wykryto możliwy atak Beacon Flood: 117 ramek beacon, 2 unikalnych BSSID, 2 unikalnych SSID w oknie 10s.
evidence: {'beacon_count': 117, 'unique_bssid_count': 2, 'unique_ssid_count': 2, 'window_seconds': 10, 'beacon_count_threshold': 100, 'unique_bssid_threshold': 30, 'unique_ssid_threshold': 20, 'triggered_reasons': ['high_beacon_rate'], 'sample_ssids': ['TP-LINK_7122', 'FunBox2-8124'], 'sample_bssids': ['ac:84:c6:41:71:22', 'd8:d7:75:45:81:24']}
!!!!!!!!!!!!!!!!!!!!!!!!!!!!!!!!!!!!!!!!!!!!!!!!!!!!!!!!!!!!!!!!!!!!!!!!!!!!!!!!


================================================================================
STATISTICS after 934.4s
--------------------------------------------------------------------------------
total frames: 28815

by frame type:
  management: 19714
  control: 5865
  data: 3236

by frame subtype:
  beacon: 8482
  deauthentication: 8143
  ack: 4273
  null_data: 1966
  disassociation: 1802
  probe_response: 648
  qos_data: 570
  data: 558
  rts: 548
  cts: 543
  block_ack: 445
  probe_request: 404
  qos_null: 142
  action: 126
  authentication: 56
  block_ack_request: 42
  association_request: 26
  association_response: 23
  cf_end: 14
  reassociation_request: 2
  reassociation_response: 2

unique SSIDs: 4
unique BSSIDs: 13
================================================================================

!!!!!!!!!!!!!!!!!!!!!!!!!!!!!!!!!!!!!!!!!!!!!!!!!!!!!!!!!!!!!!!!!!!!!!!!!!!!!!!!
[ALERT] ALERT-000075 | BEACON_FLOOD
severity: MEDIUM
time: 2026-05-16T13:48:55.539964
message: Wykryto możliwy atak Beacon Flood: 109 ramek beacon, 2 unikalnych BSSID, 2 unikalnych SSID w oknie 10s.
evidence: {'beacon_count': 109, 'unique_bssid_count': 2, 'unique_ssid_count': 2, 'window_seconds': 10, 'beacon_count_threshold': 100, 'unique_bssid_threshold': 30, 'unique_ssid_threshold': 20, 'triggered_reasons': ['high_beacon_rate'], 'sample_ssids': ['TP-LINK_7122', 'FunBox2-8124'], 'sample_bssids': ['ac:84:c6:41:71:22', 'd8:d7:75:45:81:24']}
!!!!!!!!!!!!!!!!!!!!!!!!!!!!!!!!!!!!!!!!!!!!!!!!!!!!!!!!!!!!!!!!!!!!!!!!!!!!!!!!


================================================================================
STATISTICS after 944.4s
--------------------------------------------------------------------------------
total frames: 29007

by frame type:
  management: 19829
  control: 5906
  data: 3272

by frame subtype:
  beacon: 8597
  deauthentication: 8143
  ack: 4308
  null_data: 1989
  disassociation: 1802
  probe_response: 648
  qos_data: 572
  data: 569
  rts: 550
  cts: 545
  block_ack: 447
  probe_request: 404
  qos_null: 142
  action: 126
  authentication: 56
  block_ack_request: 42
  association_request: 26
  association_response: 23
  cf_end: 14
  reassociation_request: 2
  reassociation_response: 2

unique SSIDs: 4
unique BSSIDs: 13
================================================================================

!!!!!!!!!!!!!!!!!!!!!!!!!!!!!!!!!!!!!!!!!!!!!!!!!!!!!!!!!!!!!!!!!!!!!!!!!!!!!!!!
[ALERT] ALERT-000076 | BEACON_FLOOD
severity: MEDIUM
time: 2026-05-16T13:49:05.569009
message: Wykryto możliwy atak Beacon Flood: 115 ramek beacon, 2 unikalnych BSSID, 2 unikalnych SSID w oknie 10s.
evidence: {'beacon_count': 115, 'unique_bssid_count': 2, 'unique_ssid_count': 2, 'window_seconds': 10, 'beacon_count_threshold': 100, 'unique_bssid_threshold': 30, 'unique_ssid_threshold': 20, 'triggered_reasons': ['high_beacon_rate'], 'sample_ssids': ['TP-LINK_7122', 'FunBox2-8124'], 'sample_bssids': ['ac:84:c6:41:71:22', 'd8:d7:75:45:81:24']}
!!!!!!!!!!!!!!!!!!!!!!!!!!!!!!!!!!!!!!!!!!!!!!!!!!!!!!!!!!!!!!!!!!!!!!!!!!!!!!!!


================================================================================
STATISTICS after 954.4s
--------------------------------------------------------------------------------
total frames: 29179

by frame type:
  management: 19956
  control: 5932
  data: 3291

by frame subtype:
  beacon: 8710
  deauthentication: 8143
  ack: 4334
  null_data: 2006
  disassociation: 1802
  probe_response: 658
  qos_data: 572
  data: 571
  rts: 550
  cts: 545
  block_ack: 447
  probe_request: 406
  qos_null: 142
  action: 128
  authentication: 56
  block_ack_request: 42
  association_request: 26
  association_response: 23
  cf_end: 14
  reassociation_request: 2
  reassociation_response: 2

unique SSIDs: 4
unique BSSIDs: 13
================================================================================

!!!!!!!!!!!!!!!!!!!!!!!!!!!!!!!!!!!!!!!!!!!!!!!!!!!!!!!!!!!!!!!!!!!!!!!!!!!!!!!!
[ALERT] ALERT-000077 | BEACON_FLOOD
severity: MEDIUM
time: 2026-05-16T13:49:17.976275
message: Wykryto możliwy atak Beacon Flood: 100 ramek beacon, 2 unikalnych BSSID, 2 unikalnych SSID w oknie 10s.
evidence: {'beacon_count': 100, 'unique_bssid_count': 2, 'unique_ssid_count': 2, 'window_seconds': 10, 'beacon_count_threshold': 100, 'unique_bssid_threshold': 30, 'unique_ssid_threshold': 20, 'triggered_reasons': ['high_beacon_rate'], 'sample_ssids': ['TP-LINK_7122', 'FunBox2-8124'], 'sample_bssids': ['ac:84:c6:41:71:22', 'd8:d7:75:45:81:24']}
!!!!!!!!!!!!!!!!!!!!!!!!!!!!!!!!!!!!!!!!!!!!!!!!!!!!!!!!!!!!!!!!!!!!!!!!!!!!!!!!


================================================================================
STATISTICS after 964.5s
--------------------------------------------------------------------------------
total frames: 29316

by frame type:
  management: 20056
  control: 5959
  data: 3301

by frame subtype:
  beacon: 8810
  deauthentication: 8143
  ack: 4361
  null_data: 2013
  disassociation: 1802
  probe_response: 658
  data: 574
  qos_data: 572
  rts: 550
  cts: 545
  block_ack: 447
  probe_request: 406
  qos_null: 142
  action: 128
  authentication: 56
  block_ack_request: 42
  association_request: 26
  association_response: 23
  cf_end: 14
  reassociation_request: 2
  reassociation_response: 2

unique SSIDs: 4
unique BSSIDs: 13
================================================================================

!!!!!!!!!!!!!!!!!!!!!!!!!!!!!!!!!!!!!!!!!!!!!!!!!!!!!!!!!!!!!!!!!!!!!!!!!!!!!!!!
[ALERT] ALERT-000078 | DISASSOC_FLOOD
severity: MEDIUM
time: 2026-05-16T13:49:21.287885
message: Wykryto możliwy atak Disassociation Flood: 20 ramek disassociation z adresu d8:d7:75:45:81:24 w oknie 5s.
evidence: {'source_mac': 'd8:d7:75:45:81:24', 'destination_mac': 'ff:ff:ff:ff:ff:ff', 'bssid': 'd8:d7:75:45:81:24', 'count': 20, 'threshold': 20, 'window_seconds': 5}
!!!!!!!!!!!!!!!!!!!!!!!!!!!!!!!!!!!!!!!!!!!!!!!!!!!!!!!!!!!!!!!!!!!!!!!!!!!!!!!!


!!!!!!!!!!!!!!!!!!!!!!!!!!!!!!!!!!!!!!!!!!!!!!!!!!!!!!!!!!!!!!!!!!!!!!!!!!!!!!!!
[ALERT] ALERT-000079 | DISASSOC_FLOOD
severity: CRITICAL
time: 2026-05-16T13:49:26.303524
message: Wykryto możliwy atak Disassociation Flood: 157 ramek disassociation z adresu d8:d7:75:45:81:24 w oknie 5s.
evidence: {'source_mac': 'd8:d7:75:45:81:24', 'destination_mac': 'ff:ff:ff:ff:ff:ff', 'bssid': 'd8:d7:75:45:81:24', 'count': 157, 'threshold': 20, 'window_seconds': 5}
!!!!!!!!!!!!!!!!!!!!!!!!!!!!!!!!!!!!!!!!!!!!!!!!!!!!!!!!!!!!!!!!!!!!!!!!!!!!!!!!


!!!!!!!!!!!!!!!!!!!!!!!!!!!!!!!!!!!!!!!!!!!!!!!!!!!!!!!!!!!!!!!!!!!!!!!!!!!!!!!!
[ALERT] ALERT-000080 | BEACON_FLOOD
severity: MEDIUM
time: 2026-05-16T13:49:27.980954
message: Wykryto możliwy atak Beacon Flood: 120 ramek beacon, 2 unikalnych BSSID, 2 unikalnych SSID w oknie 10s.
evidence: {'beacon_count': 120, 'unique_bssid_count': 2, 'unique_ssid_count': 2, 'window_seconds': 10, 'beacon_count_threshold': 100, 'unique_bssid_threshold': 30, 'unique_ssid_threshold': 20, 'triggered_reasons': ['high_beacon_rate'], 'sample_ssids': ['TP-LINK_7122', 'FunBox2-8124'], 'sample_bssids': ['ac:84:c6:41:71:22', 'd8:d7:75:45:81:24']}
!!!!!!!!!!!!!!!!!!!!!!!!!!!!!!!!!!!!!!!!!!!!!!!!!!!!!!!!!!!!!!!!!!!!!!!!!!!!!!!!


================================================================================
STATISTICS after 974.5s
--------------------------------------------------------------------------------
total frames: 29953

by frame type:
  management: 20578
  control: 6061
  data: 3314

by frame subtype:
  beacon: 8922
  deauthentication: 8143
  ack: 4454
  disassociation: 2089
  null_data: 2013
  probe_response: 733
  qos_data: 583
  data: 576
  rts: 550
  cts: 550
  block_ack: 449
  probe_request: 440
  qos_null: 142
  action: 135
  authentication: 60
  block_ack_request: 44
  association_request: 27
  association_response: 25
  cf_end: 14
  reassociation_request: 2
  reassociation_response: 2

unique SSIDs: 4
unique BSSIDs: 13
================================================================================

!!!!!!!!!!!!!!!!!!!!!!!!!!!!!!!!!!!!!!!!!!!!!!!!!!!!!!!!!!!!!!!!!!!!!!!!!!!!!!!!
[ALERT] ALERT-000081 | DISASSOC_FLOOD
severity: CRITICAL
time: 2026-05-16T13:49:31.371399
message: Wykryto możliwy atak Disassociation Flood: 153 ramek disassociation z adresu d8:d7:75:45:81:24 w oknie 5s.
evidence: {'source_mac': 'd8:d7:75:45:81:24', 'destination_mac': 'ff:ff:ff:ff:ff:ff', 'bssid': 'd8:d7:75:45:81:24', 'count': 153, 'threshold': 20, 'window_seconds': 5}
!!!!!!!!!!!!!!!!!!!!!!!!!!!!!!!!!!!!!!!!!!!!!!!!!!!!!!!!!!!!!!!!!!!!!!!!!!!!!!!!


!!!!!!!!!!!!!!!!!!!!!!!!!!!!!!!!!!!!!!!!!!!!!!!!!!!!!!!!!!!!!!!!!!!!!!!!!!!!!!!!
[ALERT] ALERT-000082 | DISASSOC_FLOOD
severity: CRITICAL
time: 2026-05-16T13:49:36.383178
message: Wykryto możliwy atak Disassociation Flood: 153 ramek disassociation z adresu d8:d7:75:45:81:24 w oknie 5s.
evidence: {'source_mac': 'd8:d7:75:45:81:24', 'destination_mac': 'ff:ff:ff:ff:ff:ff', 'bssid': 'd8:d7:75:45:81:24', 'count': 153, 'threshold': 20, 'window_seconds': 5}
!!!!!!!!!!!!!!!!!!!!!!!!!!!!!!!!!!!!!!!!!!!!!!!!!!!!!!!!!!!!!!!!!!!!!!!!!!!!!!!!


!!!!!!!!!!!!!!!!!!!!!!!!!!!!!!!!!!!!!!!!!!!!!!!!!!!!!!!!!!!!!!!!!!!!!!!!!!!!!!!!
[ALERT] ALERT-000083 | BEACON_FLOOD
severity: MEDIUM
time: 2026-05-16T13:49:38.010441
message: Wykryto możliwy atak Beacon Flood: 117 ramek beacon, 2 unikalnych BSSID, 2 unikalnych SSID w oknie 10s.
evidence: {'beacon_count': 117, 'unique_bssid_count': 2, 'unique_ssid_count': 2, 'window_seconds': 10, 'beacon_count_threshold': 100, 'unique_bssid_threshold': 30, 'unique_ssid_threshold': 20, 'triggered_reasons': ['high_beacon_rate'], 'sample_ssids': ['TP-LINK_7122', 'FunBox2-8124'], 'sample_bssids': ['ac:84:c6:41:71:22', 'd8:d7:75:45:81:24']}
!!!!!!!!!!!!!!!!!!!!!!!!!!!!!!!!!!!!!!!!!!!!!!!!!!!!!!!!!!!!!!!!!!!!!!!!!!!!!!!!


================================================================================
STATISTICS after 984.5s
--------------------------------------------------------------------------------
total frames: 30598

by frame type:
  management: 21103
  control: 6165
  data: 3330

by frame subtype:
  beacon: 9048
  deauthentication: 8143
  ack: 4552
  disassociation: 2408
  null_data: 2017
  probe_response: 777
  qos_data: 589
  data: 582
  rts: 550
  cts: 550
  probe_request: 464
  block_ack: 452
  qos_null: 142
  action: 140
  authentication: 64
  block_ack_request: 47
  association_request: 28
  association_response: 27
  cf_end: 14
  reassociation_request: 2
  reassociation_response: 2

unique SSIDs: 4
unique BSSIDs: 13
================================================================================

!!!!!!!!!!!!!!!!!!!!!!!!!!!!!!!!!!!!!!!!!!!!!!!!!!!!!!!!!!!!!!!!!!!!!!!!!!!!!!!!
[ALERT] ALERT-000084 | DISASSOC_FLOOD
severity: CRITICAL
time: 2026-05-16T13:49:41.439209
message: Wykryto możliwy atak Disassociation Flood: 155 ramek disassociation z adresu d8:d7:75:45:81:24 w oknie 5s.
evidence: {'source_mac': 'd8:d7:75:45:81:24', 'destination_mac': 'ff:ff:ff:ff:ff:ff', 'bssid': 'd8:d7:75:45:81:24', 'count': 155, 'threshold': 20, 'window_seconds': 5}
!!!!!!!!!!!!!!!!!!!!!!!!!!!!!!!!!!!!!!!!!!!!!!!!!!!!!!!!!!!!!!!!!!!!!!!!!!!!!!!!


!!!!!!!!!!!!!!!!!!!!!!!!!!!!!!!!!!!!!!!!!!!!!!!!!!!!!!!!!!!!!!!!!!!!!!!!!!!!!!!!
[ALERT] ALERT-000085 | DISASSOC_FLOOD
severity: CRITICAL
time: 2026-05-16T13:49:46.451189
message: Wykryto możliwy atak Disassociation Flood: 155 ramek disassociation z adresu d8:d7:75:45:81:24 w oknie 5s.
evidence: {'source_mac': 'd8:d7:75:45:81:24', 'destination_mac': 'ff:ff:ff:ff:ff:ff', 'bssid': 'd8:d7:75:45:81:24', 'count': 155, 'threshold': 20, 'window_seconds': 5}
!!!!!!!!!!!!!!!!!!!!!!!!!!!!!!!!!!!!!!!!!!!!!!!!!!!!!!!!!!!!!!!!!!!!!!!!!!!!!!!!


!!!!!!!!!!!!!!!!!!!!!!!!!!!!!!!!!!!!!!!!!!!!!!!!!!!!!!!!!!!!!!!!!!!!!!!!!!!!!!!!
[ALERT] ALERT-000086 | BEACON_FLOOD
severity: MEDIUM
time: 2026-05-16T13:49:48.082945
message: Wykryto możliwy atak Beacon Flood: 128 ramek beacon, 2 unikalnych BSSID, 2 unikalnych SSID w oknie 10s.
evidence: {'beacon_count': 128, 'unique_bssid_count': 2, 'unique_ssid_count': 2, 'window_seconds': 10, 'beacon_count_threshold': 100, 'unique_bssid_threshold': 30, 'unique_ssid_threshold': 20, 'triggered_reasons': ['high_beacon_rate'], 'sample_ssids': ['TP-LINK_7122', 'FunBox2-8124'], 'sample_bssids': ['ac:84:c6:41:71:22', 'd8:d7:75:45:81:24']}
!!!!!!!!!!!!!!!!!!!!!!!!!!!!!!!!!!!!!!!!!!!!!!!!!!!!!!!!!!!!!!!!!!!!!!!!!!!!!!!!


================================================================================
STATISTICS after 994.5s
--------------------------------------------------------------------------------
total frames: 31280

by frame type:
  management: 21636
  control: 6277
  data: 3367

by frame subtype:
  beacon: 9172
  deauthentication: 8143
  ack: 4657
  disassociation: 2713
  null_data: 2020
  probe_response: 825
  qos_data: 620
  data: 585
  rts: 550
  cts: 550
  probe_request: 499
  block_ack: 455
  action: 149
  qos_null: 142
  authentication: 70
  block_ack_request: 51
  association_request: 31
  association_response: 30
  cf_end: 14
  reassociation_request: 2
  reassociation_response: 2

unique SSIDs: 4
unique BSSIDs: 13
================================================================================

!!!!!!!!!!!!!!!!!!!!!!!!!!!!!!!!!!!!!!!!!!!!!!!!!!!!!!!!!!!!!!!!!!!!!!!!!!!!!!!!
[ALERT] ALERT-000087 | DISASSOC_FLOOD
severity: CRITICAL
time: 2026-05-16T13:49:51.491231
message: Wykryto możliwy atak Disassociation Flood: 155 ramek disassociation z adresu d8:d7:75:45:81:24 w oknie 5s.
evidence: {'source_mac': 'd8:d7:75:45:81:24', 'destination_mac': 'ff:ff:ff:ff:ff:ff', 'bssid': 'd8:d7:75:45:81:24', 'count': 155, 'threshold': 20, 'window_seconds': 5}
!!!!!!!!!!!!!!!!!!!!!!!!!!!!!!!!!!!!!!!!!!!!!!!!!!!!!!!!!!!!!!!!!!!!!!!!!!!!!!!!


!!!!!!!!!!!!!!!!!!!!!!!!!!!!!!!!!!!!!!!!!!!!!!!!!!!!!!!!!!!!!!!!!!!!!!!!!!!!!!!!
[ALERT] ALERT-000088 | DISASSOC_FLOOD
severity: CRITICAL
time: 2026-05-16T13:49:56.535162
message: Wykryto możliwy atak Disassociation Flood: 155 ramek disassociation z adresu d8:d7:75:45:81:24 w oknie 5s.
evidence: {'source_mac': 'd8:d7:75:45:81:24', 'destination_mac': 'ff:ff:ff:ff:ff:ff', 'bssid': 'd8:d7:75:45:81:24', 'count': 155, 'threshold': 20, 'window_seconds': 5}
!!!!!!!!!!!!!!!!!!!!!!!!!!!!!!!!!!!!!!!!!!!!!!!!!!!!!!!!!!!!!!!!!!!!!!!!!!!!!!!!


!!!!!!!!!!!!!!!!!!!!!!!!!!!!!!!!!!!!!!!!!!!!!!!!!!!!!!!!!!!!!!!!!!!!!!!!!!!!!!!!
[ALERT] ALERT-000089 | BEACON_FLOOD
severity: MEDIUM
time: 2026-05-16T13:49:58.118536
message: Wykryto możliwy atak Beacon Flood: 115 ramek beacon, 2 unikalnych BSSID, 2 unikalnych SSID w oknie 10s.
evidence: {'beacon_count': 115, 'unique_bssid_count': 2, 'unique_ssid_count': 2, 'window_seconds': 10, 'beacon_count_threshold': 100, 'unique_bssid_threshold': 30, 'unique_ssid_threshold': 20, 'triggered_reasons': ['high_beacon_rate'], 'sample_ssids': ['TP-LINK_7122', 'FunBox2-8124'], 'sample_bssids': ['ac:84:c6:41:71:22', 'd8:d7:75:45:81:24']}
!!!!!!!!!!!!!!!!!!!!!!!!!!!!!!!!!!!!!!!!!!!!!!!!!!!!!!!!!!!!!!!!!!!!!!!!!!!!!!!!


================================================================================
STATISTICS after 1004.5s
--------------------------------------------------------------------------------
total frames: 31925

by frame type:
  management: 22149
  control: 6388
  data: 3388

by frame subtype:
  beacon: 9281
  deauthentication: 8143
  ack: 4762
  disassociation: 3031
  null_data: 2032
  probe_response: 867
  qos_data: 626
  data: 588
  rts: 550
  cts: 550
  probe_request: 529
  block_ack: 458
  action: 155
  qos_null: 142
  authentication: 74
  block_ack_request: 54
  association_request: 33
  association_response: 32
  cf_end: 14
  reassociation_request: 2
  reassociation_response: 2

unique SSIDs: 4
unique BSSIDs: 13
================================================================================

!!!!!!!!!!!!!!!!!!!!!!!!!!!!!!!!!!!!!!!!!!!!!!!!!!!!!!!!!!!!!!!!!!!!!!!!!!!!!!!!
[ALERT] ALERT-000090 | DISASSOC_FLOOD
severity: CRITICAL
time: 2026-05-16T13:50:01.595187
message: Wykryto możliwy atak Disassociation Flood: 159 ramek disassociation z adresu d8:d7:75:45:81:24 w oknie 5s.
evidence: {'source_mac': 'd8:d7:75:45:81:24', 'destination_mac': 'ff:ff:ff:ff:ff:ff', 'bssid': 'd8:d7:75:45:81:24', 'count': 159, 'threshold': 20, 'window_seconds': 5}
!!!!!!!!!!!!!!!!!!!!!!!!!!!!!!!!!!!!!!!!!!!!!!!!!!!!!!!!!!!!!!!!!!!!!!!!!!!!!!!!


!!!!!!!!!!!!!!!!!!!!!!!!!!!!!!!!!!!!!!!!!!!!!!!!!!!!!!!!!!!!!!!!!!!!!!!!!!!!!!!!
[ALERT] ALERT-000091 | DISASSOC_FLOOD
severity: CRITICAL
time: 2026-05-16T13:50:06.651290
message: Wykryto możliwy atak Disassociation Flood: 159 ramek disassociation z adresu d8:d7:75:45:81:24 w oknie 5s.
evidence: {'source_mac': 'd8:d7:75:45:81:24', 'destination_mac': 'ff:ff:ff:ff:ff:ff', 'bssid': 'd8:d7:75:45:81:24', 'count': 159, 'threshold': 20, 'window_seconds': 5}
!!!!!!!!!!!!!!!!!!!!!!!!!!!!!!!!!!!!!!!!!!!!!!!!!!!!!!!!!!!!!!!!!!!!!!!!!!!!!!!!


!!!!!!!!!!!!!!!!!!!!!!!!!!!!!!!!!!!!!!!!!!!!!!!!!!!!!!!!!!!!!!!!!!!!!!!!!!!!!!!!
[ALERT] ALERT-000092 | BEACON_FLOOD
severity: MEDIUM
time: 2026-05-16T13:50:08.154108
message: Wykryto możliwy atak Beacon Flood: 108 ramek beacon, 2 unikalnych BSSID, 2 unikalnych SSID w oknie 10s.
evidence: {'beacon_count': 108, 'unique_bssid_count': 2, 'unique_ssid_count': 2, 'window_seconds': 10, 'beacon_count_threshold': 100, 'unique_bssid_threshold': 30, 'unique_ssid_threshold': 20, 'triggered_reasons': ['high_beacon_rate'], 'sample_ssids': ['TP-LINK_7122', 'FunBox2-8124'], 'sample_bssids': ['ac:84:c6:41:71:22', 'd8:d7:75:45:81:24']}
!!!!!!!!!!!!!!!!!!!!!!!!!!!!!!!!!!!!!!!!!!!!!!!!!!!!!!!!!!!!!!!!!!!!!!!!!!!!!!!!


================================================================================
STATISTICS after 1014.6s
--------------------------------------------------------------------------------
total frames: 32604

by frame type:
  management: 22672
  control: 6525
  data: 3407

by frame subtype:
  beacon: 9389
  deauthentication: 8143
  ack: 4887
  disassociation: 3319
  null_data: 2038
  probe_response: 929
  qos_data: 637
  data: 590
  probe_request: 566
  rts: 550
  cts: 550
  block_ack: 464
  action: 167
  qos_null: 142
  authentication: 82
  block_ack_request: 60
  association_request: 35
  association_response: 34
  cf_end: 14
  reassociation_request: 4
  reassociation_response: 4

unique SSIDs: 4
unique BSSIDs: 13
================================================================================

!!!!!!!!!!!!!!!!!!!!!!!!!!!!!!!!!!!!!!!!!!!!!!!!!!!!!!!!!!!!!!!!!!!!!!!!!!!!!!!!
[ALERT] ALERT-000093 | DISASSOC_FLOOD
severity: CRITICAL
time: 2026-05-16T13:50:11.671160
message: Wykryto możliwy atak Disassociation Flood: 157 ramek disassociation z adresu d8:d7:75:45:81:24 w oknie 5s.
evidence: {'source_mac': 'd8:d7:75:45:81:24', 'destination_mac': 'ff:ff:ff:ff:ff:ff', 'bssid': 'd8:d7:75:45:81:24', 'count': 157, 'threshold': 20, 'window_seconds': 5}
!!!!!!!!!!!!!!!!!!!!!!!!!!!!!!!!!!!!!!!!!!!!!!!!!!!!!!!!!!!!!!!!!!!!!!!!!!!!!!!!


!!!!!!!!!!!!!!!!!!!!!!!!!!!!!!!!!!!!!!!!!!!!!!!!!!!!!!!!!!!!!!!!!!!!!!!!!!!!!!!!
[ALERT] ALERT-000094 | DISASSOC_FLOOD
severity: CRITICAL
time: 2026-05-16T13:50:16.707193
message: Wykryto możliwy atak Disassociation Flood: 157 ramek disassociation z adresu d8:d7:75:45:81:24 w oknie 5s.
evidence: {'source_mac': 'd8:d7:75:45:81:24', 'destination_mac': 'ff:ff:ff:ff:ff:ff', 'bssid': 'd8:d7:75:45:81:24', 'count': 157, 'threshold': 20, 'window_seconds': 5}
!!!!!!!!!!!!!!!!!!!!!!!!!!!!!!!!!!!!!!!!!!!!!!!!!!!!!!!!!!!!!!!!!!!!!!!!!!!!!!!!


!!!!!!!!!!!!!!!!!!!!!!!!!!!!!!!!!!!!!!!!!!!!!!!!!!!!!!!!!!!!!!!!!!!!!!!!!!!!!!!!
[ALERT] ALERT-000095 | BEACON_FLOOD
severity: MEDIUM
time: 2026-05-16T13:50:18.189637
message: Wykryto możliwy atak Beacon Flood: 117 ramek beacon, 2 unikalnych BSSID, 2 unikalnych SSID w oknie 10s.
evidence: {'beacon_count': 117, 'unique_bssid_count': 2, 'unique_ssid_count': 2, 'window_seconds': 10, 'beacon_count_threshold': 100, 'unique_bssid_threshold': 30, 'unique_ssid_threshold': 20, 'triggered_reasons': ['high_beacon_rate'], 'sample_ssids': ['TP-LINK_7122', 'FunBox2-8124'], 'sample_bssids': ['ac:84:c6:41:71:22', 'd8:d7:75:45:81:24']}
!!!!!!!!!!!!!!!!!!!!!!!!!!!!!!!!!!!!!!!!!!!!!!!!!!!!!!!!!!!!!!!!!!!!!!!!!!!!!!!!


================================================================================
STATISTICS after 1024.6s
--------------------------------------------------------------------------------
total frames: 33309

by frame type:
  management: 23190
  control: 6674
  data: 3445

by frame subtype:
  beacon: 9509
  deauthentication: 8143
  ack: 5008
  disassociation: 3630
  null_data: 2050
  probe_response: 977
  qos_data: 656
  data: 597
  probe_request: 593
  cts: 557
  rts: 550
  block_ack: 467
  action: 171
  qos_null: 142
  authentication: 86
  block_ack_request: 78
  association_request: 37
  association_response: 36
  cf_end: 14
  reassociation_request: 4
  reassociation_response: 4

unique SSIDs: 4
unique BSSIDs: 13
================================================================================

!!!!!!!!!!!!!!!!!!!!!!!!!!!!!!!!!!!!!!!!!!!!!!!!!!!!!!!!!!!!!!!!!!!!!!!!!!!!!!!!
[ALERT] ALERT-000096 | BEACON_FLOOD
severity: MEDIUM
time: 2026-05-16T13:50:28.225258
message: Wykryto możliwy atak Beacon Flood: 118 ramek beacon, 2 unikalnych BSSID, 2 unikalnych SSID w oknie 10s.
evidence: {'beacon_count': 118, 'unique_bssid_count': 2, 'unique_ssid_count': 2, 'window_seconds': 10, 'beacon_count_threshold': 100, 'unique_bssid_threshold': 30, 'unique_ssid_threshold': 20, 'triggered_reasons': ['high_beacon_rate'], 'sample_ssids': ['TP-LINK_7122', 'FunBox2-8124'], 'sample_bssids': ['ac:84:c6:41:71:22', 'd8:d7:75:45:81:24']}
!!!!!!!!!!!!!!!!!!!!!!!!!!!!!!!!!!!!!!!!!!!!!!!!!!!!!!!!!!!!!!!!!!!!!!!!!!!!!!!!


================================================================================
STATISTICS after 1034.7s
--------------------------------------------------------------------------------
total frames: 33578

by frame type:
  management: 23340
  control: 6752
  data: 3486

by frame subtype:
  beacon: 9634
  deauthentication: 8143
  ack: 5057
  disassociation: 3630
  null_data: 2071
  probe_response: 987
  qos_data: 668
  data: 605
  probe_request: 600
  cts: 565
  rts: 559
  block_ack: 477
  action: 175
  qos_null: 142
  authentication: 88
  block_ack_request: 80
  association_request: 38
  association_response: 37
  cf_end: 14
  reassociation_request: 4
  reassociation_response: 4

unique SSIDs: 4
unique BSSIDs: 13
================================================================================

!!!!!!!!!!!!!!!!!!!!!!!!!!!!!!!!!!!!!!!!!!!!!!!!!!!!!!!!!!!!!!!!!!!!!!!!!!!!!!!!
[ALERT] ALERT-000097 | BEACON_FLOOD
severity: MEDIUM
time: 2026-05-16T13:50:38.260789
message: Wykryto możliwy atak Beacon Flood: 133 ramek beacon, 2 unikalnych BSSID, 2 unikalnych SSID w oknie 10s.
evidence: {'beacon_count': 133, 'unique_bssid_count': 2, 'unique_ssid_count': 2, 'window_seconds': 10, 'beacon_count_threshold': 100, 'unique_bssid_threshold': 30, 'unique_ssid_threshold': 20, 'triggered_reasons': ['high_beacon_rate'], 'sample_ssids': ['TP-LINK_7122', 'FunBox2-8124'], 'sample_bssids': ['ac:84:c6:41:71:22', 'd8:d7:75:45:81:24']}
!!!!!!!!!!!!!!!!!!!!!!!!!!!!!!!!!!!!!!!!!!!!!!!!!!!!!!!!!!!!!!!!!!!!!!!!!!!!!!!!


================================================================================
STATISTICS after 1044.7s
--------------------------------------------------------------------------------
total frames: 33899

by frame type:
  management: 23475
  control: 6862
  data: 3562

by frame subtype:
  beacon: 9769
  deauthentication: 8143
  ack: 5109
  disassociation: 3630
  null_data: 2100
  probe_response: 987
  qos_data: 688
  data: 631
  probe_request: 600
  cts: 585
  rts: 577
  block_ack: 497
  action: 175
  qos_null: 143
  authentication: 88
  block_ack_request: 80
  association_request: 38
  association_response: 37
  cf_end: 14
  reassociation_request: 4
  reassociation_response: 4

unique SSIDs: 4
unique BSSIDs: 13
================================================================================

!!!!!!!!!!!!!!!!!!!!!!!!!!!!!!!!!!!!!!!!!!!!!!!!!!!!!!!!!!!!!!!!!!!!!!!!!!!!!!!!
[ALERT] ALERT-000098 | BEACON_FLOOD
severity: MEDIUM
time: 2026-05-16T13:50:48.296409
message: Wykryto możliwy atak Beacon Flood: 119 ramek beacon, 2 unikalnych BSSID, 2 unikalnych SSID w oknie 10s.
evidence: {'beacon_count': 119, 'unique_bssid_count': 2, 'unique_ssid_count': 2, 'window_seconds': 10, 'beacon_count_threshold': 100, 'unique_bssid_threshold': 30, 'unique_ssid_threshold': 20, 'triggered_reasons': ['high_beacon_rate'], 'sample_ssids': ['TP-LINK_7122', 'FunBox2-8124'], 'sample_bssids': ['ac:84:c6:41:71:22', 'd8:d7:75:45:81:24']}
!!!!!!!!!!!!!!!!!!!!!!!!!!!!!!!!!!!!!!!!!!!!!!!!!!!!!!!!!!!!!!!!!!!!!!!!!!!!!!!!


================================================================================
STATISTICS after 1054.8s
--------------------------------------------------------------------------------
total frames: 34104

by frame type:
  management: 23594
  control: 6910
  data: 3600

by frame subtype:
  beacon: 9888
  deauthentication: 8143
  ack: 5146
  disassociation: 3630
  null_data: 2123
  probe_response: 987
  qos_data: 693
  data: 637
  probe_request: 600
  cts: 588
  rts: 582
  block_ack: 500
  action: 175
  qos_null: 147
  authentication: 88
  block_ack_request: 80
  association_request: 38
  association_response: 37
  cf_end: 14
  reassociation_request: 4
  reassociation_response: 4

unique SSIDs: 4
unique BSSIDs: 13
================================================================================

!!!!!!!!!!!!!!!!!!!!!!!!!!!!!!!!!!!!!!!!!!!!!!!!!!!!!!!!!!!!!!!!!!!!!!!!!!!!!!!!
[ALERT] ALERT-000099 | BEACON_FLOOD
severity: MEDIUM
time: 2026-05-16T13:50:58.331929
message: Wykryto możliwy atak Beacon Flood: 121 ramek beacon, 2 unikalnych BSSID, 2 unikalnych SSID w oknie 10s.
evidence: {'beacon_count': 121, 'unique_bssid_count': 2, 'unique_ssid_count': 2, 'window_seconds': 10, 'beacon_count_threshold': 100, 'unique_bssid_threshold': 30, 'unique_ssid_threshold': 20, 'triggered_reasons': ['high_beacon_rate'], 'sample_ssids': ['TP-LINK_7122', 'FunBox2-8124'], 'sample_bssids': ['ac:84:c6:41:71:22', 'd8:d7:75:45:81:24']}
!!!!!!!!!!!!!!!!!!!!!!!!!!!!!!!!!!!!!!!!!!!!!!!!!!!!!!!!!!!!!!!!!!!!!!!!!!!!!!!!


================================================================================
STATISTICS after 1064.8s
--------------------------------------------------------------------------------
total frames: 34286

by frame type:
  management: 23714
  control: 6945
  data: 3627

by frame subtype:
  beacon: 10008
  deauthentication: 8143
  ack: 5175
  disassociation: 3630
  null_data: 2144
  probe_response: 987
  qos_data: 695
  data: 641
  probe_request: 600
  cts: 590
  rts: 584
  block_ack: 502
  action: 175
  qos_null: 147
  authentication: 88
  block_ack_request: 80
  association_request: 38
  association_response: 37
  cf_end: 14
  reassociation_request: 4
  reassociation_response: 4

unique SSIDs: 4
unique BSSIDs: 13
================================================================================

!!!!!!!!!!!!!!!!!!!!!!!!!!!!!!!!!!!!!!!!!!!!!!!!!!!!!!!!!!!!!!!!!!!!!!!!!!!!!!!!
[ALERT] ALERT-000100 | BEACON_FLOOD
severity: MEDIUM
time: 2026-05-16T13:51:08.367602
message: Wykryto możliwy atak Beacon Flood: 124 ramek beacon, 2 unikalnych BSSID, 2 unikalnych SSID w oknie 10s.
evidence: {'beacon_count': 124, 'unique_bssid_count': 2, 'unique_ssid_count': 2, 'window_seconds': 10, 'beacon_count_threshold': 100, 'unique_bssid_threshold': 30, 'unique_ssid_threshold': 20, 'triggered_reasons': ['high_beacon_rate'], 'sample_ssids': ['TP-LINK_7122', 'FunBox2-8124'], 'sample_bssids': ['ac:84:c6:41:71:22', 'd8:d7:75:45:81:24']}
!!!!!!!!!!!!!!!!!!!!!!!!!!!!!!!!!!!!!!!!!!!!!!!!!!!!!!!!!!!!!!!!!!!!!!!!!!!!!!!!


================================================================================
STATISTICS after 1074.9s
--------------------------------------------------------------------------------
total frames: 34465

by frame type:
  management: 23834
  control: 6979
  data: 3652

by frame subtype:
  beacon: 10127
  deauthentication: 8143
  ack: 5204
  disassociation: 3630
  null_data: 2162
  probe_response: 987
  qos_data: 697
  data: 646
  probe_request: 600
  cts: 592
  rts: 586
  block_ack: 503
  action: 176
  qos_null: 147
  authentication: 88
  block_ack_request: 80
  association_request: 38
  association_response: 37
  cf_end: 14
  reassociation_request: 4
  reassociation_response: 4

unique SSIDs: 4
unique BSSIDs: 13
================================================================================

!!!!!!!!!!!!!!!!!!!!!!!!!!!!!!!!!!!!!!!!!!!!!!!!!!!!!!!!!!!!!!!!!!!!!!!!!!!!!!!!
[ALERT] ALERT-000101 | BEACON_FLOOD
severity: MEDIUM
time: 2026-05-16T13:51:18.403039
message: Wykryto możliwy atak Beacon Flood: 128 ramek beacon, 2 unikalnych BSSID, 2 unikalnych SSID w oknie 10s.
evidence: {'beacon_count': 128, 'unique_bssid_count': 2, 'unique_ssid_count': 2, 'window_seconds': 10, 'beacon_count_threshold': 100, 'unique_bssid_threshold': 30, 'unique_ssid_threshold': 20, 'triggered_reasons': ['high_beacon_rate'], 'sample_ssids': ['TP-LINK_7122', 'FunBox2-8124'], 'sample_bssids': ['ac:84:c6:41:71:22', 'd8:d7:75:45:81:24']}
!!!!!!!!!!!!!!!!!!!!!!!!!!!!!!!!!!!!!!!!!!!!!!!!!!!!!!!!!!!!!!!!!!!!!!!!!!!!!!!!


================================================================================
STATISTICS after 1085.3s
--------------------------------------------------------------------------------
total frames: 34646

by frame type:
  management: 23962
  control: 7008
  data: 3676

by frame subtype:
  beacon: 10243
  deauthentication: 8143
  ack: 5233
  disassociation: 3630
  null_data: 2182
  probe_response: 997
  qos_data: 697
  data: 650
  probe_request: 602
  cts: 592
  rts: 586
  block_ack: 503
  action: 176
  qos_null: 147
  authentication: 88
  block_ack_request: 80
  association_request: 38
  association_response: 37
  cf_end: 14
  reassociation_request: 4
  reassociation_response: 4

unique SSIDs: 4
unique BSSIDs: 13
================================================================================

!!!!!!!!!!!!!!!!!!!!!!!!!!!!!!!!!!!!!!!!!!!!!!!!!!!!!!!!!!!!!!!!!!!!!!!!!!!!!!!!
[ALERT] ALERT-000102 | BEACON_FLOOD
severity: MEDIUM
time: 2026-05-16T13:51:30.793897
message: Wykryto możliwy atak Beacon Flood: 100 ramek beacon, 2 unikalnych BSSID, 2 unikalnych SSID w oknie 10s.
evidence: {'beacon_count': 100, 'unique_bssid_count': 2, 'unique_ssid_count': 2, 'window_seconds': 10, 'beacon_count_threshold': 100, 'unique_bssid_threshold': 30, 'unique_ssid_threshold': 20, 'triggered_reasons': ['high_beacon_rate'], 'sample_ssids': ['TP-LINK_7122', 'FunBox2-8124'], 'sample_bssids': ['ac:84:c6:41:71:22', 'd8:d7:75:45:81:24']}
!!!!!!!!!!!!!!!!!!!!!!!!!!!!!!!!!!!!!!!!!!!!!!!!!!!!!!!!!!!!!!!!!!!!!!!!!!!!!!!!


================================================================================
STATISTICS after 1095.3s
--------------------------------------------------------------------------------
total frames: 34924

by frame type:
  management: 24065
  control: 7101
  data: 3758

by frame subtype:
  beacon: 10346
  deauthentication: 8143
  ack: 5310
  disassociation: 3630
  null_data: 2211
  probe_response: 997
  qos_data: 701
  data: 699
  probe_request: 602
  cts: 597
  rts: 591
  block_ack: 509
  action: 176
  qos_null: 147
  authentication: 88
  block_ack_request: 80
  association_request: 38
  association_response: 37
  cf_end: 14
  reassociation_request: 4
  reassociation_response: 4

unique SSIDs: 4
unique BSSIDs: 14
================================================================================

!!!!!!!!!!!!!!!!!!!!!!!!!!!!!!!!!!!!!!!!!!!!!!!!!!!!!!!!!!!!!!!!!!!!!!!!!!!!!!!!
[ALERT] ALERT-000103 | BEACON_FLOOD
severity: MEDIUM
time: 2026-05-16T13:51:40.815192
message: Wykryto możliwy atak Beacon Flood: 127 ramek beacon, 2 unikalnych BSSID, 2 unikalnych SSID w oknie 10s.
evidence: {'beacon_count': 127, 'unique_bssid_count': 2, 'unique_ssid_count': 2, 'window_seconds': 10, 'beacon_count_threshold': 100, 'unique_bssid_threshold': 30, 'unique_ssid_threshold': 20, 'triggered_reasons': ['high_beacon_rate'], 'sample_ssids': ['TP-LINK_7122', 'FunBox2-8124'], 'sample_bssids': ['ac:84:c6:41:71:22', 'd8:d7:75:45:81:24']}
!!!!!!!!!!!!!!!!!!!!!!!!!!!!!!!!!!!!!!!!!!!!!!!!!!!!!!!!!!!!!!!!!!!!!!!!!!!!!!!!


================================================================================
STATISTICS after 1105.4s
--------------------------------------------------------------------------------
total frames: 35120

by frame type:
  management: 24193
  control: 7140
  data: 3787

by frame subtype:
  beacon: 10474
  deauthentication: 8143
  ack: 5341
  disassociation: 3630
  null_data: 2232
  probe_response: 997
  qos_data: 703
  data: 702
  probe_request: 602
  cts: 599
  rts: 594
  block_ack: 512
  action: 176
  qos_null: 150
  authentication: 88
  block_ack_request: 80
  association_request: 38
  association_response: 37
  cf_end: 14
  reassociation_request: 4
  reassociation_response: 4

unique SSIDs: 4
unique BSSIDs: 14
================================================================================

!!!!!!!!!!!!!!!!!!!!!!!!!!!!!!!!!!!!!!!!!!!!!!!!!!!!!!!!!!!!!!!!!!!!!!!!!!!!!!!!
[ALERT] ALERT-000104 | BEACON_FLOOD
severity: MEDIUM
time: 2026-05-16T13:51:50.967461
message: Wykryto możliwy atak Beacon Flood: 102 ramek beacon, 2 unikalnych BSSID, 2 unikalnych SSID w oknie 10s.
evidence: {'beacon_count': 102, 'unique_bssid_count': 2, 'unique_ssid_count': 2, 'window_seconds': 10, 'beacon_count_threshold': 100, 'unique_bssid_threshold': 30, 'unique_ssid_threshold': 20, 'triggered_reasons': ['high_beacon_rate'], 'sample_ssids': ['TP-LINK_7122', 'FunBox2-8124'], 'sample_bssids': ['ac:84:c6:41:71:22', 'd8:d7:75:45:81:24']}
!!!!!!!!!!!!!!!!!!!!!!!!!!!!!!!!!!!!!!!!!!!!!!!!!!!!!!!!!!!!!!!!!!!!!!!!!!!!!!!!


================================================================================
STATISTICS after 1115.4s
--------------------------------------------------------------------------------
total frames: 35268

by frame type:
  management: 24296
  control: 7164
  data: 3808

by frame subtype:
  beacon: 10576
  deauthentication: 8143
  ack: 5365
  disassociation: 3630
  null_data: 2249
  probe_response: 998
  data: 705
  qos_data: 703
  probe_request: 602
  cts: 599
  rts: 594
  block_ack: 512
  action: 176
  qos_null: 151
  authentication: 88
  block_ack_request: 80
  association_request: 38
  association_response: 37
  cf_end: 14
  reassociation_request: 4
  reassociation_response: 4

unique SSIDs: 4
unique BSSIDs: 14
================================================================================

!!!!!!!!!!!!!!!!!!!!!!!!!!!!!!!!!!!!!!!!!!!!!!!!!!!!!!!!!!!!!!!!!!!!!!!!!!!!!!!!
[ALERT] ALERT-000105 | BEACON_FLOOD
severity: MEDIUM
time: 2026-05-16T13:52:01.003046
message: Wykryto możliwy atak Beacon Flood: 107 ramek beacon, 2 unikalnych BSSID, 2 unikalnych SSID w oknie 10s.
evidence: {'beacon_count': 107, 'unique_bssid_count': 2, 'unique_ssid_count': 2, 'window_seconds': 10, 'beacon_count_threshold': 100, 'unique_bssid_threshold': 30, 'unique_ssid_threshold': 20, 'triggered_reasons': ['high_beacon_rate'], 'sample_ssids': ['TP-LINK_7122', 'FunBox2-8124'], 'sample_bssids': ['ac:84:c6:41:71:22', 'd8:d7:75:45:81:24']}
!!!!!!!!!!!!!!!!!!!!!!!!!!!!!!!!!!!!!!!!!!!!!!!!!!!!!!!!!!!!!!!!!!!!!!!!!!!!!!!!


================================================================================
STATISTICS after 1125.5s
--------------------------------------------------------------------------------
total frames: 35454

by frame type:
  management: 24407
  control: 7212
  data: 3835

by frame subtype:
  beacon: 10683
  deauthentication: 8143
  ack: 5409
  disassociation: 3630
  null_data: 2265
  probe_response: 1000
  data: 715
  qos_data: 704
  probe_request: 604
  cts: 601
  rts: 595
  block_ack: 513
  action: 176
  qos_null: 151
  authentication: 88
  block_ack_request: 80
  association_request: 38
  association_response: 37
  cf_end: 14
  reassociation_request: 4
  reassociation_response: 4

unique SSIDs: 4
unique BSSIDs: 14
================================================================================

!!!!!!!!!!!!!!!!!!!!!!!!!!!!!!!!!!!!!!!!!!!!!!!!!!!!!!!!!!!!!!!!!!!!!!!!!!!!!!!!
[ALERT] ALERT-000106 | BEACON_FLOOD
severity: MEDIUM
time: 2026-05-16T13:52:11.038576
message: Wykryto możliwy atak Beacon Flood: 104 ramek beacon, 2 unikalnych BSSID, 2 unikalnych SSID w oknie 10s.
evidence: {'beacon_count': 104, 'unique_bssid_count': 2, 'unique_ssid_count': 2, 'window_seconds': 10, 'beacon_count_threshold': 100, 'unique_bssid_threshold': 30, 'unique_ssid_threshold': 20, 'triggered_reasons': ['high_beacon_rate'], 'sample_ssids': ['TP-LINK_7122', 'FunBox2-8124'], 'sample_bssids': ['ac:84:c6:41:71:22', 'd8:d7:75:45:81:24']}
!!!!!!!!!!!!!!!!!!!!!!!!!!!!!!!!!!!!!!!!!!!!!!!!!!!!!!!!!!!!!!!!!!!!!!!!!!!!!!!!


================================================================================
STATISTICS after 1135.5s
--------------------------------------------------------------------------------
total frames: 35624

by frame type:
  management: 24516
  control: 7244
  data: 3864

by frame subtype:
  beacon: 10787
  deauthentication: 8143
  ack: 5441
  disassociation: 3630
  null_data: 2285
  probe_response: 1004
  data: 724
  qos_data: 704
  probe_request: 604
  cts: 601
  rts: 595
  block_ack: 513
  action: 177
  qos_null: 151
  authentication: 88
  block_ack_request: 80
  association_request: 38
  association_response: 37
  cf_end: 14
  reassociation_request: 4
  reassociation_response: 4

unique SSIDs: 4
unique BSSIDs: 14
================================================================================

!!!!!!!!!!!!!!!!!!!!!!!!!!!!!!!!!!!!!!!!!!!!!!!!!!!!!!!!!!!!!!!!!!!!!!!!!!!!!!!!
[ALERT] ALERT-000107 | BEACON_FLOOD
severity: MEDIUM
time: 2026-05-16T13:52:21.074167
message: Wykryto możliwy atak Beacon Flood: 125 ramek beacon, 2 unikalnych BSSID, 2 unikalnych SSID w oknie 10s.
evidence: {'beacon_count': 125, 'unique_bssid_count': 2, 'unique_ssid_count': 2, 'window_seconds': 10, 'beacon_count_threshold': 100, 'unique_bssid_threshold': 30, 'unique_ssid_threshold': 20, 'triggered_reasons': ['high_beacon_rate'], 'sample_ssids': ['TP-LINK_7122', 'FunBox2-8124'], 'sample_bssids': ['ac:84:c6:41:71:22', 'd8:d7:75:45:81:24']}
!!!!!!!!!!!!!!!!!!!!!!!!!!!!!!!!!!!!!!!!!!!!!!!!!!!!!!!!!!!!!!!!!!!!!!!!!!!!!!!!


================================================================================
STATISTICS after 1145.5s
--------------------------------------------------------------------------------
total frames: 35804

by frame type:
  management: 24644
  control: 7275
  data: 3885

by frame subtype:
  beacon: 10913
  deauthentication: 8143
  ack: 5468
  disassociation: 3630
  null_data: 2303
  probe_response: 1006
  data: 726
  qos_data: 705
  probe_request: 604
  cts: 603
  rts: 596
  block_ack: 514
  action: 177
  qos_null: 151
  authentication: 88
  block_ack_request: 80
  association_request: 38
  association_response: 37
  cf_end: 14
  reassociation_request: 4
  reassociation_response: 4

unique SSIDs: 4
unique BSSIDs: 14
================================================================================

!!!!!!!!!!!!!!!!!!!!!!!!!!!!!!!!!!!!!!!!!!!!!!!!!!!!!!!!!!!!!!!!!!!!!!!!!!!!!!!!
[ALERT] ALERT-000108 | BEACON_FLOOD
severity: MEDIUM
time: 2026-05-16T13:52:31.212142
message: Wykryto możliwy atak Beacon Flood: 116 ramek beacon, 2 unikalnych BSSID, 2 unikalnych SSID w oknie 10s.
evidence: {'beacon_count': 116, 'unique_bssid_count': 2, 'unique_ssid_count': 2, 'window_seconds': 10, 'beacon_count_threshold': 100, 'unique_bssid_threshold': 30, 'unique_ssid_threshold': 20, 'triggered_reasons': ['high_beacon_rate'], 'sample_ssids': ['TP-LINK_7122', 'FunBox2-8124'], 'sample_bssids': ['ac:84:c6:41:71:22', 'd8:d7:75:45:81:24']}
!!!!!!!!!!!!!!!!!!!!!!!!!!!!!!!!!!!!!!!!!!!!!!!!!!!!!!!!!!!!!!!!!!!!!!!!!!!!!!!!


================================================================================
STATISTICS after 1155.5s
--------------------------------------------------------------------------------
total frames: 35960

by frame type:
  management: 24759
  control: 7298
  data: 3903

by frame subtype:
  beacon: 11028
  deauthentication: 8143
  ack: 5491
  disassociation: 3630
  null_data: 2320
  probe_response: 1006
  data: 727
  qos_data: 705
  probe_request: 604
  cts: 603
  rts: 596
  block_ack: 514
  action: 177
  qos_null: 151
  authentication: 88
  block_ack_request: 80
  association_request: 38
  association_response: 37
  cf_end: 14
  reassociation_request: 4
  reassociation_response: 4

unique SSIDs: 4
unique BSSIDs: 14
================================================================================

================================================================================
STATISTICS after 1165.6s
--------------------------------------------------------------------------------
total frames: 36131

by frame type:
  management: 24853
  control: 7340
  data: 3938

by frame subtype:
  beacon: 11117
  deauthentication: 8143
  ack: 5527
  disassociation: 3630
  null_data: 2339
  probe_response: 1008
  data: 740
  qos_data: 707
  probe_request: 607
  cts: 605
  rts: 598
  block_ack: 516
  action: 177
  qos_null: 152
  authentication: 88
  block_ack_request: 80
  association_request: 38
  association_response: 37
  cf_end: 14
  reassociation_request: 4
  reassociation_response: 4

unique SSIDs: 4
unique BSSIDs: 14
================================================================================

================================================================================
STATISTICS after 1175.6s
--------------------------------------------------------------------------------
total frames: 36273

by frame type:
  management: 24945
  control: 7372
  data: 3956

by frame subtype:
  beacon: 11203
  deauthentication: 8143
  ack: 5555
  disassociation: 3630
  null_data: 2352
  probe_response: 1010
  data: 742
  qos_data: 710
  probe_request: 611
  cts: 606
  rts: 600
  block_ack: 517
  action: 177
  qos_null: 152
  authentication: 88
  block_ack_request: 80
  association_request: 38
  association_response: 37
  cf_end: 14
  reassociation_request: 4
  reassociation_response: 4

unique SSIDs: 4
unique BSSIDs: 14
================================================================================

================================================================================
STATISTICS after 1185.7s
--------------------------------------------------------------------------------
total frames: 36501

by frame type:
  management: 25022
  control: 7460
  data: 4019

by frame subtype:
  beacon: 11276
  deauthentication: 8143
  ack: 5605
  disassociation: 3630
  null_data: 2363
  probe_response: 1011
  data: 761
  qos_data: 743
  cts: 619
  probe_request: 614
  rts: 613
  block_ack: 529
  action: 177
  qos_null: 152
  authentication: 88
  block_ack_request: 80
  association_request: 38
  association_response: 37
  cf_end: 14
  reassociation_request: 4
  reassociation_response: 4

unique SSIDs: 4
unique BSSIDs: 14
================================================================================

================================================================================
STATISTICS after 1195.7s
--------------------------------------------------------------------------------
total frames: 36681

by frame type:
  management: 25123
  control: 7510
  data: 4048

by frame subtype:
  beacon: 11376
  deauthentication: 8143
  ack: 5643
  disassociation: 3630
  null_data: 2376
  probe_response: 1011
  data: 771
  qos_data: 749
  cts: 623
  rts: 618
  probe_request: 614
  block_ack: 532
  action: 178
  qos_null: 152
  authentication: 88
  block_ack_request: 80
  association_request: 38
  association_response: 37
  cf_end: 14
  reassociation_request: 4
  reassociation_response: 4

unique SSIDs: 4
unique BSSIDs: 14
================================================================================

!!!!!!!!!!!!!!!!!!!!!!!!!!!!!!!!!!!!!!!!!!!!!!!!!!!!!!!!!!!!!!!!!!!!!!!!!!!!!!!!
[ALERT] ALERT-000109 | BEACON_FLOOD
severity: MEDIUM
time: 2026-05-16T13:53:15.272792
message: Wykryto możliwy atak Beacon Flood: 100 ramek beacon, 2 unikalnych BSSID, 2 unikalnych SSID w oknie 10s.
evidence: {'beacon_count': 100, 'unique_bssid_count': 2, 'unique_ssid_count': 2, 'window_seconds': 10, 'beacon_count_threshold': 100, 'unique_bssid_threshold': 30, 'unique_ssid_threshold': 20, 'triggered_reasons': ['high_beacon_rate'], 'sample_ssids': ['TP-LINK_7122', 'FunBox2-8124'], 'sample_bssids': ['ac:84:c6:41:71:22', 'd8:d7:75:45:81:24']}
!!!!!!!!!!!!!!!!!!!!!!!!!!!!!!!!!!!!!!!!!!!!!!!!!!!!!!!!!!!!!!!!!!!!!!!!!!!!!!!!


================================================================================
STATISTICS after 1205.7s
--------------------------------------------------------------------------------
total frames: 36862

by frame type:
  management: 25256
  control: 7545
  data: 4061

by frame subtype:
  beacon: 11502
  deauthentication: 8143
  ack: 5675
  disassociation: 3630
  null_data: 2380
  probe_response: 1016
  data: 776
  qos_data: 753
  cts: 625
  rts: 619
  probe_request: 616
  block_ack: 532
  action: 178
  qos_null: 152
  authentication: 88
  block_ack_request: 80
  association_request: 38
  association_response: 37
  cf_end: 14
  reassociation_request: 4
  reassociation_response: 4

unique SSIDs: 4
unique BSSIDs: 14
================================================================================

!!!!!!!!!!!!!!!!!!!!!!!!!!!!!!!!!!!!!!!!!!!!!!!!!!!!!!!!!!!!!!!!!!!!!!!!!!!!!!!!
[ALERT] ALERT-000110 | BEACON_FLOOD
severity: MEDIUM
time: 2026-05-16T13:53:25.281302
message: Wykryto możliwy atak Beacon Flood: 119 ramek beacon, 2 unikalnych BSSID, 2 unikalnych SSID w oknie 10s.
evidence: {'beacon_count': 119, 'unique_bssid_count': 2, 'unique_ssid_count': 2, 'window_seconds': 10, 'beacon_count_threshold': 100, 'unique_bssid_threshold': 30, 'unique_ssid_threshold': 20, 'triggered_reasons': ['high_beacon_rate'], 'sample_ssids': ['TP-LINK_7122', 'FunBox2-8124'], 'sample_bssids': ['ac:84:c6:41:71:22', 'd8:d7:75:45:81:24']}
!!!!!!!!!!!!!!!!!!!!!!!!!!!!!!!!!!!!!!!!!!!!!!!!!!!!!!!!!!!!!!!!!!!!!!!!!!!!!!!!


================================================================================
STATISTICS after 1215.7s
--------------------------------------------------------------------------------
total frames: 36992

by frame type:
  management: 25353
  control: 7569
  data: 4070

by frame subtype:
  beacon: 11599
  deauthentication: 8143
  ack: 5697
  disassociation: 3630
  null_data: 2387
  probe_response: 1016
  data: 778
  qos_data: 753
  cts: 626
  rts: 620
  probe_request: 616
  block_ack: 532
  action: 178
  qos_null: 152
  authentication: 88
  block_ack_request: 80
  association_request: 38
  association_response: 37
  cf_end: 14
  reassociation_request: 4
  reassociation_response: 4

unique SSIDs: 4
unique BSSIDs: 14
================================================================================

================================================================================
STATISTICS after 1225.9s
--------------------------------------------------------------------------------
total frames: 37130

by frame type:
  management: 25447
  control: 7603
  data: 4080

by frame subtype:
  beacon: 11687
  deauthentication: 8143
  ack: 5730
  disassociation: 3630
  null_data: 2392
  probe_response: 1022
  data: 781
  qos_data: 754
  cts: 626
  rts: 620
  probe_request: 616
  block_ack: 533
  action: 178
  qos_null: 153
  authentication: 88
  block_ack_request: 80
  association_request: 38
  association_response: 37
  cf_end: 14
  reassociation_request: 4
  reassociation_response: 4

unique SSIDs: 4
unique BSSIDs: 14
================================================================================

!!!!!!!!!!!!!!!!!!!!!!!!!!!!!!!!!!!!!!!!!!!!!!!!!!!!!!!!!!!!!!!!!!!!!!!!!!!!!!!!
[ALERT] ALERT-000111 | BEACON_FLOOD
severity: MEDIUM
time: 2026-05-16T13:53:45.352460
message: Wykryto możliwy atak Beacon Flood: 100 ramek beacon, 2 unikalnych BSSID, 2 unikalnych SSID w oknie 10s.
evidence: {'beacon_count': 100, 'unique_bssid_count': 2, 'unique_ssid_count': 2, 'window_seconds': 10, 'beacon_count_threshold': 100, 'unique_bssid_threshold': 30, 'unique_ssid_threshold': 20, 'triggered_reasons': ['high_beacon_rate'], 'sample_ssids': ['TP-LINK_7122', 'FunBox2-8124'], 'sample_bssids': ['ac:84:c6:41:71:22', 'd8:d7:75:45:81:24']}
!!!!!!!!!!!!!!!!!!!!!!!!!!!!!!!!!!!!!!!!!!!!!!!!!!!!!!!!!!!!!!!!!!!!!!!!!!!!!!!!


================================================================================
STATISTICS after 1235.9s
--------------------------------------------------------------------------------
total frames: 37282

by frame type:
  management: 25551
  control: 7628
  data: 4103

by frame subtype:
  beacon: 11791
  deauthentication: 8143
  ack: 5755
  disassociation: 3630
  null_data: 2407
  probe_response: 1022
  data: 787
  qos_data: 754
  cts: 626
  rts: 620
  probe_request: 616
  block_ack: 533
  action: 178
  qos_null: 155
  authentication: 88
  block_ack_request: 80
  association_request: 38
  association_response: 37
  cf_end: 14
  reassociation_request: 4
  reassociation_response: 4

unique SSIDs: 4
unique BSSIDs: 14
================================================================================

!!!!!!!!!!!!!!!!!!!!!!!!!!!!!!!!!!!!!!!!!!!!!!!!!!!!!!!!!!!!!!!!!!!!!!!!!!!!!!!!
[ALERT] ALERT-000112 | BEACON_FLOOD
severity: MEDIUM
time: 2026-05-16T13:53:56.004891
message: Wykryto możliwy atak Beacon Flood: 100 ramek beacon, 2 unikalnych BSSID, 2 unikalnych SSID w oknie 10s.
evidence: {'beacon_count': 100, 'unique_bssid_count': 2, 'unique_ssid_count': 2, 'window_seconds': 10, 'beacon_count_threshold': 100, 'unique_bssid_threshold': 30, 'unique_ssid_threshold': 20, 'triggered_reasons': ['high_beacon_rate'], 'sample_ssids': ['TP-LINK_7122', 'FunBox2-8124'], 'sample_bssids': ['ac:84:c6:41:71:22', 'd8:d7:75:45:81:24']}
!!!!!!!!!!!!!!!!!!!!!!!!!!!!!!!!!!!!!!!!!!!!!!!!!!!!!!!!!!!!!!!!!!!!!!!!!!!!!!!!


================================================================================
STATISTICS after 1246.0s
--------------------------------------------------------------------------------
total frames: 37415

by frame type:
  management: 25649
  control: 7649
  data: 4117

by frame subtype:
  beacon: 11889
  deauthentication: 8143
  ack: 5773
  disassociation: 3630
  null_data: 2417
  probe_response: 1022
  data: 790
  qos_data: 755
  cts: 627
  rts: 621
  probe_request: 616
  block_ack: 534
  action: 178
  qos_null: 155
  authentication: 88
  block_ack_request: 80
  association_request: 38
  association_response: 37
  cf_end: 14
  reassociation_request: 4
  reassociation_response: 4

unique SSIDs: 4
unique BSSIDs: 14
================================================================================

!!!!!!!!!!!!!!!!!!!!!!!!!!!!!!!!!!!!!!!!!!!!!!!!!!!!!!!!!!!!!!!!!!!!!!!!!!!!!!!!
[ALERT] ALERT-000113 | BEACON_FLOOD
severity: MEDIUM
time: 2026-05-16T13:54:06.858609
message: Wykryto możliwy atak Beacon Flood: 100 ramek beacon, 2 unikalnych BSSID, 2 unikalnych SSID w oknie 10s.
evidence: {'beacon_count': 100, 'unique_bssid_count': 2, 'unique_ssid_count': 2, 'window_seconds': 10, 'beacon_count_threshold': 100, 'unique_bssid_threshold': 30, 'unique_ssid_threshold': 20, 'triggered_reasons': ['high_beacon_rate'], 'sample_ssids': ['TP-LINK_7122', 'FunBox2-8124'], 'sample_bssids': ['ac:84:c6:41:71:22', 'd8:d7:75:45:81:24']}
!!!!!!!!!!!!!!!!!!!!!!!!!!!!!!!!!!!!!!!!!!!!!!!!!!!!!!!!!!!!!!!!!!!!!!!!!!!!!!!!


================================================================================
STATISTICS after 1256.1s
--------------------------------------------------------------------------------
total frames: 37581

by frame type:
  management: 25754
  control: 7688
  data: 4139

by frame subtype:
  beacon: 11991
  deauthentication: 8143
  ack: 5809
  disassociation: 3630
  null_data: 2431
  probe_response: 1024
  data: 797
  qos_data: 756
  cts: 628
  rts: 622
  probe_request: 616
  block_ack: 535
  action: 179
  qos_null: 155
  authentication: 88
  block_ack_request: 80
  association_request: 38
  association_response: 37
  cf_end: 14
  reassociation_request: 4
  reassociation_response: 4

unique SSIDs: 4
unique BSSIDs: 14
================================================================================

================================================================================
STATISTICS after 1266.2s
--------------------------------------------------------------------------------
total frames: 37702

by frame type:
  management: 25853
  control: 7705
  data: 4144

by frame subtype:
  beacon: 12090
  deauthentication: 8143
  ack: 5825
  disassociation: 3630
  null_data: 2436
  probe_response: 1024
  data: 797
  qos_data: 756
  cts: 629
  rts: 622
  probe_request: 616
  block_ack: 535
  action: 179
  qos_null: 155
  authentication: 88
  block_ack_request: 80
  association_request: 38
  association_response: 37
  cf_end: 14
  reassociation_request: 4
  reassociation_response: 4

unique SSIDs: 4
unique BSSIDs: 14
================================================================================

!!!!!!!!!!!!!!!!!!!!!!!!!!!!!!!!!!!!!!!!!!!!!!!!!!!!!!!!!!!!!!!!!!!!!!!!!!!!!!!!
[ALERT] ALERT-000114 | BEACON_FLOOD
severity: MEDIUM
time: 2026-05-16T13:54:22.422549
message: Wykryto możliwy atak Beacon Flood: 100 ramek beacon, 2 unikalnych BSSID, 2 unikalnych SSID w oknie 10s.
evidence: {'beacon_count': 100, 'unique_bssid_count': 2, 'unique_ssid_count': 2, 'window_seconds': 10, 'beacon_count_threshold': 100, 'unique_bssid_threshold': 30, 'unique_ssid_threshold': 20, 'triggered_reasons': ['high_beacon_rate'], 'sample_ssids': ['TP-LINK_7122', 'FunBox2-8124'], 'sample_bssids': ['ac:84:c6:41:71:22', 'd8:d7:75:45:81:24']}
!!!!!!!!!!!!!!!!!!!!!!!!!!!!!!!!!!!!!!!!!!!!!!!!!!!!!!!!!!!!!!!!!!!!!!!!!!!!!!!!


================================================================================
STATISTICS after 1276.2s
--------------------------------------------------------------------------------
total frames: 37846

by frame type:
  management: 25950
  control: 7737
  data: 4159

by frame subtype:
  beacon: 12187
  deauthentication: 8143
  ack: 5856
  disassociation: 3630
  null_data: 2449
  probe_response: 1024
  data: 799
  qos_data: 756
  cts: 630
  rts: 622
  probe_request: 616
  block_ack: 535
  action: 179
  qos_null: 155
  authentication: 88
  block_ack_request: 80
  association_request: 38
  association_response: 37
  cf_end: 14
  reassociation_request: 4
  reassociation_response: 4

unique SSIDs: 4
unique BSSIDs: 14
================================================================================

!!!!!!!!!!!!!!!!!!!!!!!!!!!!!!!!!!!!!!!!!!!!!!!!!!!!!!!!!!!!!!!!!!!!!!!!!!!!!!!!
[ALERT] ALERT-000115 | BEACON_FLOOD
severity: MEDIUM
time: 2026-05-16T13:54:32.560554
message: Wykryto możliwy atak Beacon Flood: 100 ramek beacon, 2 unikalnych BSSID, 2 unikalnych SSID w oknie 10s.
evidence: {'beacon_count': 100, 'unique_bssid_count': 2, 'unique_ssid_count': 2, 'window_seconds': 10, 'beacon_count_threshold': 100, 'unique_bssid_threshold': 30, 'unique_ssid_threshold': 20, 'triggered_reasons': ['high_beacon_rate'], 'sample_ssids': ['TP-LINK_7122', 'FunBox2-8124'], 'sample_bssids': ['ac:84:c6:41:71:22', 'd8:d7:75:45:81:24']}
!!!!!!!!!!!!!!!!!!!!!!!!!!!!!!!!!!!!!!!!!!!!!!!!!!!!!!!!!!!!!!!!!!!!!!!!!!!!!!!!


================================================================================
STATISTICS after 1286.2s
--------------------------------------------------------------------------------
total frames: 38003

by frame type:
  management: 26066
  control: 7766
  data: 4171

by frame subtype:
  beacon: 12303
  deauthentication: 8143
  ack: 5885
  disassociation: 3630
  null_data: 2451
  probe_response: 1024
  data: 808
  qos_data: 756
  cts: 630
  rts: 622
  probe_request: 616
  block_ack: 535
  action: 179
  qos_null: 156
  authentication: 88
  block_ack_request: 80
  association_request: 38
  association_response: 37
  cf_end: 14
  reassociation_request: 4
  reassociation_response: 4

unique SSIDs: 4
unique BSSIDs: 14
================================================================================

!!!!!!!!!!!!!!!!!!!!!!!!!!!!!!!!!!!!!!!!!!!!!!!!!!!!!!!!!!!!!!!!!!!!!!!!!!!!!!!!
[ALERT] ALERT-000116 | BEACON_FLOOD
severity: MEDIUM
time: 2026-05-16T13:54:42.596113
message: Wykryto możliwy atak Beacon Flood: 116 ramek beacon, 2 unikalnych BSSID, 2 unikalnych SSID w oknie 10s.
evidence: {'beacon_count': 116, 'unique_bssid_count': 2, 'unique_ssid_count': 2, 'window_seconds': 10, 'beacon_count_threshold': 100, 'unique_bssid_threshold': 30, 'unique_ssid_threshold': 20, 'triggered_reasons': ['high_beacon_rate'], 'sample_ssids': ['TP-LINK_7122', 'FunBox2-8124'], 'sample_bssids': ['ac:84:c6:41:71:22', 'd8:d7:75:45:81:24']}
!!!!!!!!!!!!!!!!!!!!!!!!!!!!!!!!!!!!!!!!!!!!!!!!!!!!!!!!!!!!!!!!!!!!!!!!!!!!!!!!


!!!!!!!!!!!!!!!!!!!!!!!!!!!!!!!!!!!!!!!!!!!!!!!!!!!!!!!!!!!!!!!!!!!!!!!!!!!!!!!!
[ALERT] ALERT-000117 | DISASSOC_FLOOD
severity: MEDIUM
time: 2026-05-16T13:54:47.991935
message: Wykryto możliwy atak Disassociation Flood: 20 ramek disassociation z adresu d8:d7:75:45:81:24 w oknie 5s.
evidence: {'source_mac': 'd8:d7:75:45:81:24', 'destination_mac': 'ff:ff:ff:ff:ff:ff', 'bssid': 'd8:d7:75:45:81:24', 'count': 20, 'threshold': 20, 'window_seconds': 5}
!!!!!!!!!!!!!!!!!!!!!!!!!!!!!!!!!!!!!!!!!!!!!!!!!!!!!!!!!!!!!!!!!!!!!!!!!!!!!!!!


================================================================================
STATISTICS after 1296.2s
--------------------------------------------------------------------------------
total frames: 38356

by frame type:
  management: 26343
  control: 7825
  data: 4188

by frame subtype:
  beacon: 12402
  deauthentication: 8143
  ack: 5941
  disassociation: 3762
  null_data: 2459
  probe_response: 1048
  data: 815
  qos_data: 758
  probe_request: 634
  cts: 631
  rts: 623
  block_ack: 536
  action: 180
  qos_null: 156
  authentication: 89
  block_ack_request: 80
  association_request: 38
  association_response: 37
  cf_end: 14
  reassociation_request: 5
  reassociation_response: 5

unique SSIDs: 4
unique BSSIDs: 14
================================================================================

!!!!!!!!!!!!!!!!!!!!!!!!!!!!!!!!!!!!!!!!!!!!!!!!!!!!!!!!!!!!!!!!!!!!!!!!!!!!!!!!
[ALERT] ALERT-000118 | DISASSOC_FLOOD
severity: CRITICAL
time: 2026-05-16T13:54:53.041265
message: Wykryto możliwy atak Disassociation Flood: 151 ramek disassociation z adresu d8:d7:75:45:81:24 w oknie 5s.
evidence: {'source_mac': 'd8:d7:75:45:81:24', 'destination_mac': 'ff:ff:ff:ff:ff:ff', 'bssid': 'd8:d7:75:45:81:24', 'count': 151, 'threshold': 20, 'window_seconds': 5}
!!!!!!!!!!!!!!!!!!!!!!!!!!!!!!!!!!!!!!!!!!!!!!!!!!!!!!!!!!!!!!!!!!!!!!!!!!!!!!!!


!!!!!!!!!!!!!!!!!!!!!!!!!!!!!!!!!!!!!!!!!!!!!!!!!!!!!!!!!!!!!!!!!!!!!!!!!!!!!!!!
[ALERT] ALERT-000119 | DISASSOC_FLOOD
severity: CRITICAL
time: 2026-05-16T13:54:58.043172
message: Wykryto możliwy atak Disassociation Flood: 137 ramek disassociation z adresu d8:d7:75:45:81:24 w oknie 5s.
evidence: {'source_mac': 'd8:d7:75:45:81:24', 'destination_mac': 'ff:ff:ff:ff:ff:ff', 'bssid': 'd8:d7:75:45:81:24', 'count': 137, 'threshold': 20, 'window_seconds': 5}
!!!!!!!!!!!!!!!!!!!!!!!!!!!!!!!!!!!!!!!!!!!!!!!!!!!!!!!!!!!!!!!!!!!!!!!!!!!!!!!!


================================================================================
STATISTICS after 1306.2s
--------------------------------------------------------------------------------
total frames: 38970

by frame type:
  management: 26792
  control: 7958
  data: 4220

by frame subtype:
  beacon: 12491
  deauthentication: 8143
  ack: 6060
  disassociation: 4039
  null_data: 2473
  probe_response: 1081
  data: 817
  qos_data: 774
  probe_request: 665
  cts: 633
  rts: 623
  block_ack: 542
  action: 189
  qos_null: 156
  authentication: 94
  block_ack_request: 86
  association_request: 40
  association_response: 40
  cf_end: 14
  reassociation_request: 5
  reassociation_response: 5

unique SSIDs: 4
unique BSSIDs: 14
================================================================================

!!!!!!!!!!!!!!!!!!!!!!!!!!!!!!!!!!!!!!!!!!!!!!!!!!!!!!!!!!!!!!!!!!!!!!!!!!!!!!!!
[ALERT] ALERT-000120 | DISASSOC_FLOOD
severity: CRITICAL
time: 2026-05-16T13:55:03.095187
message: Wykryto możliwy atak Disassociation Flood: 151 ramek disassociation z adresu d8:d7:75:45:81:24 w oknie 5s.
evidence: {'source_mac': 'd8:d7:75:45:81:24', 'destination_mac': 'ff:ff:ff:ff:ff:ff', 'bssid': 'd8:d7:75:45:81:24', 'count': 151, 'threshold': 20, 'window_seconds': 5}
!!!!!!!!!!!!!!!!!!!!!!!!!!!!!!!!!!!!!!!!!!!!!!!!!!!!!!!!!!!!!!!!!!!!!!!!!!!!!!!!


!!!!!!!!!!!!!!!!!!!!!!!!!!!!!!!!!!!!!!!!!!!!!!!!!!!!!!!!!!!!!!!!!!!!!!!!!!!!!!!!
[ALERT] ALERT-000121 | DISASSOC_FLOOD
severity: CRITICAL
time: 2026-05-16T13:55:08.099193
message: Wykryto możliwy atak Disassociation Flood: 151 ramek disassociation z adresu d8:d7:75:45:81:24 w oknie 5s.
evidence: {'source_mac': 'd8:d7:75:45:81:24', 'destination_mac': 'ff:ff:ff:ff:ff:ff', 'bssid': 'd8:d7:75:45:81:24', 'count': 151, 'threshold': 20, 'window_seconds': 5}
!!!!!!!!!!!!!!!!!!!!!!!!!!!!!!!!!!!!!!!!!!!!!!!!!!!!!!!!!!!!!!!!!!!!!!!!!!!!!!!!


!!!!!!!!!!!!!!!!!!!!!!!!!!!!!!!!!!!!!!!!!!!!!!!!!!!!!!!!!!!!!!!!!!!!!!!!!!!!!!!!
[ALERT] ALERT-000122 | BEACON_FLOOD
severity: MEDIUM
time: 2026-05-16T13:55:10.095598
message: Wykryto możliwy atak Beacon Flood: 100 ramek beacon, 2 unikalnych BSSID, 2 unikalnych SSID w oknie 10s.
evidence: {'beacon_count': 100, 'unique_bssid_count': 2, 'unique_ssid_count': 2, 'window_seconds': 10, 'beacon_count_threshold': 100, 'unique_bssid_threshold': 30, 'unique_ssid_threshold': 20, 'triggered_reasons': ['high_beacon_rate'], 'sample_ssids': ['TP-LINK_7122', 'FunBox2-8124'], 'sample_bssids': ['ac:84:c6:41:71:22', 'd8:d7:75:45:81:24']}
!!!!!!!!!!!!!!!!!!!!!!!!!!!!!!!!!!!!!!!!!!!!!!!!!!!!!!!!!!!!!!!!!!!!!!!!!!!!!!!!


================================================================================
STATISTICS after 1316.2s
--------------------------------------------------------------------------------
total frames: 39570

by frame type:
  management: 27283
  control: 8036
  data: 4251

by frame subtype:
  beacon: 12592
  deauthentication: 8143
  ack: 6136
  disassociation: 4363
  null_data: 2486
  probe_response: 1106
  data: 825
  qos_data: 784
  probe_request: 694
  cts: 634
  rts: 623
  block_ack: 543
  action: 194
  qos_null: 156
  authentication: 98
  block_ack_request: 86
  association_request: 42
  association_response: 41
  cf_end: 14
  reassociation_request: 5
  reassociation_response: 5

unique SSIDs: 4
unique BSSIDs: 14
================================================================================

!!!!!!!!!!!!!!!!!!!!!!!!!!!!!!!!!!!!!!!!!!!!!!!!!!!!!!!!!!!!!!!!!!!!!!!!!!!!!!!!
[ALERT] ALERT-000123 | DISASSOC_FLOOD
severity: CRITICAL
time: 2026-05-16T13:55:13.119194
message: Wykryto możliwy atak Disassociation Flood: 151 ramek disassociation z adresu d8:d7:75:45:81:24 w oknie 5s.
evidence: {'source_mac': 'd8:d7:75:45:81:24', 'destination_mac': 'ff:ff:ff:ff:ff:ff', 'bssid': 'd8:d7:75:45:81:24', 'count': 151, 'threshold': 20, 'window_seconds': 5}
!!!!!!!!!!!!!!!!!!!!!!!!!!!!!!!!!!!!!!!!!!!!!!!!!!!!!!!!!!!!!!!!!!!!!!!!!!!!!!!!


!!!!!!!!!!!!!!!!!!!!!!!!!!!!!!!!!!!!!!!!!!!!!!!!!!!!!!!!!!!!!!!!!!!!!!!!!!!!!!!!
[ALERT] ALERT-000124 | DISASSOC_FLOOD
severity: CRITICAL
time: 2026-05-16T13:55:18.147180
message: Wykryto możliwy atak Disassociation Flood: 153 ramek disassociation z adresu d8:d7:75:45:81:24 w oknie 5s.
evidence: {'source_mac': 'd8:d7:75:45:81:24', 'destination_mac': 'ff:ff:ff:ff:ff:ff', 'bssid': 'd8:d7:75:45:81:24', 'count': 153, 'threshold': 20, 'window_seconds': 5}
!!!!!!!!!!!!!!!!!!!!!!!!!!!!!!!!!!!!!!!!!!!!!!!!!!!!!!!!!!!!!!!!!!!!!!!!!!!!!!!!


================================================================================
STATISTICS after 1326.3s
--------------------------------------------------------------------------------
total frames: 40149

by frame type:
  management: 27747
  control: 8125
  data: 4277

by frame subtype:
  beacon: 12670
  deauthentication: 8143
  ack: 6219
  disassociation: 4670
  null_data: 2503
  probe_response: 1134
  data: 826
  qos_data: 792
  probe_request: 725
  cts: 634
  rts: 623
  block_ack: 546
  action: 203
  qos_null: 156
  authentication: 104
  block_ack_request: 89
  association_request: 45
  association_response: 43
  cf_end: 14
  reassociation_request: 5
  reassociation_response: 5

unique SSIDs: 4
unique BSSIDs: 14
================================================================================

!!!!!!!!!!!!!!!!!!!!!!!!!!!!!!!!!!!!!!!!!!!!!!!!!!!!!!!!!!!!!!!!!!!!!!!!!!!!!!!!
[ALERT] ALERT-000125 | DISASSOC_FLOOD
severity: CRITICAL
time: 2026-05-16T13:55:23.179254
message: Wykryto możliwy atak Disassociation Flood: 148 ramek disassociation z adresu d8:d7:75:45:81:24 w oknie 5s.
evidence: {'source_mac': 'd8:d7:75:45:81:24', 'destination_mac': 'ff:ff:ff:ff:ff:ff', 'bssid': 'd8:d7:75:45:81:24', 'count': 148, 'threshold': 20, 'window_seconds': 5}
!!!!!!!!!!!!!!!!!!!!!!!!!!!!!!!!!!!!!!!!!!!!!!!!!!!!!!!!!!!!!!!!!!!!!!!!!!!!!!!!


!!!!!!!!!!!!!!!!!!!!!!!!!!!!!!!!!!!!!!!!!!!!!!!!!!!!!!!!!!!!!!!!!!!!!!!!!!!!!!!!
[ALERT] ALERT-000126 | DISASSOC_FLOOD
severity: CRITICAL
time: 2026-05-16T13:55:28.199173
message: Wykryto możliwy atak Disassociation Flood: 149 ramek disassociation z adresu d8:d7:75:45:81:24 w oknie 5s.
evidence: {'source_mac': 'd8:d7:75:45:81:24', 'destination_mac': 'ff:ff:ff:ff:ff:ff', 'bssid': 'd8:d7:75:45:81:24', 'count': 149, 'threshold': 20, 'window_seconds': 5}
!!!!!!!!!!!!!!!!!!!!!!!!!!!!!!!!!!!!!!!!!!!!!!!!!!!!!!!!!!!!!!!!!!!!!!!!!!!!!!!!


================================================================================
STATISTICS after 1336.3s
--------------------------------------------------------------------------------
total frames: 40754

by frame type:
  management: 28207
  control: 8229
  data: 4318

by frame subtype:
  beacon: 12757
  deauthentication: 8143
  ack: 6315
  disassociation: 4968
  null_data: 2529
  probe_response: 1164
  data: 831
  qos_data: 802
  probe_request: 752
  cts: 634
  rts: 623
  block_ack: 550
  action: 210
  qos_null: 156
  authentication: 110
  block_ack_request: 93
  association_request: 48
  association_response: 45
  cf_end: 14
  reassociation_request: 5
  reassociation_response: 5

unique SSIDs: 4
unique BSSIDs: 14
================================================================================

!!!!!!!!!!!!!!!!!!!!!!!!!!!!!!!!!!!!!!!!!!!!!!!!!!!!!!!!!!!!!!!!!!!!!!!!!!!!!!!!
[ALERT] ALERT-000127 | DISASSOC_FLOOD
severity: CRITICAL
time: 2026-05-16T13:55:33.227210
message: Wykryto możliwy atak Disassociation Flood: 153 ramek disassociation z adresu d8:d7:75:45:81:24 w oknie 5s.
evidence: {'source_mac': 'd8:d7:75:45:81:24', 'destination_mac': 'ff:ff:ff:ff:ff:ff', 'bssid': 'd8:d7:75:45:81:24', 'count': 153, 'threshold': 20, 'window_seconds': 5}
!!!!!!!!!!!!!!!!!!!!!!!!!!!!!!!!!!!!!!!!!!!!!!!!!!!!!!!!!!!!!!!!!!!!!!!!!!!!!!!!


!!!!!!!!!!!!!!!!!!!!!!!!!!!!!!!!!!!!!!!!!!!!!!!!!!!!!!!!!!!!!!!!!!!!!!!!!!!!!!!!
[ALERT] ALERT-000128 | DISASSOC_FLOOD
severity: CRITICAL
time: 2026-05-16T13:55:38.243257
message: Wykryto możliwy atak Disassociation Flood: 149 ramek disassociation z adresu d8:d7:75:45:81:24 w oknie 5s.
evidence: {'source_mac': 'd8:d7:75:45:81:24', 'destination_mac': 'ff:ff:ff:ff:ff:ff', 'bssid': 'd8:d7:75:45:81:24', 'count': 149, 'threshold': 20, 'window_seconds': 5}
!!!!!!!!!!!!!!!!!!!!!!!!!!!!!!!!!!!!!!!!!!!!!!!!!!!!!!!!!!!!!!!!!!!!!!!!!!!!!!!!


================================================================================
STATISTICS after 1346.3s
--------------------------------------------------------------------------------
total frames: 41345

by frame type:
  management: 28658
  control: 8320
  data: 4367

by frame subtype:
  beacon: 12842
  deauthentication: 8143
  ack: 6400
  disassociation: 5255
  null_data: 2558
  probe_response: 1197
  data: 833
  qos_data: 819
  probe_request: 783
  cts: 634
  rts: 623
  block_ack: 553
  action: 216
  qos_null: 157
  authentication: 114
  block_ack_request: 96
  association_request: 50
  association_response: 48
  cf_end: 14
  reassociation_request: 5
  reassociation_response: 5

unique SSIDs: 4
unique BSSIDs: 14
================================================================================

!!!!!!!!!!!!!!!!!!!!!!!!!!!!!!!!!!!!!!!!!!!!!!!!!!!!!!!!!!!!!!!!!!!!!!!!!!!!!!!!
[ALERT] ALERT-000129 | DISASSOC_FLOOD
severity: CRITICAL
time: 2026-05-16T13:55:43.251310
message: Wykryto możliwy atak Disassociation Flood: 151 ramek disassociation z adresu d8:d7:75:45:81:24 w oknie 5s.
evidence: {'source_mac': 'd8:d7:75:45:81:24', 'destination_mac': 'ff:ff:ff:ff:ff:ff', 'bssid': 'd8:d7:75:45:81:24', 'count': 151, 'threshold': 20, 'window_seconds': 5}
!!!!!!!!!!!!!!!!!!!!!!!!!!!!!!!!!!!!!!!!!!!!!!!!!!!!!!!!!!!!!!!!!!!!!!!!!!!!!!!!


================================================================================
STATISTICS after 1356.4s
--------------------------------------------------------------------------------
total frames: 41783

by frame type:
  management: 28924
  control: 8422
  data: 4437

by frame subtype:
  beacon: 12939
  deauthentication: 8143
  ack: 6470
  disassociation: 5382
  null_data: 2598
  probe_response: 1211
  data: 846
  qos_data: 836
  probe_request: 798
  cts: 643
  rts: 639
  block_ack: 558
  action: 221
  qos_null: 157
  authentication: 118
  block_ack_request: 98
  association_request: 52
  association_response: 50
  cf_end: 14
  reassociation_request: 5
  reassociation_response: 5

unique SSIDs: 4
unique BSSIDs: 15
================================================================================

================================================================================
STATISTICS after 1366.4s
--------------------------------------------------------------------------------
total frames: 42063

by frame type:
  management: 29018
  control: 8533
  data: 4512

by frame subtype:
  beacon: 13028
  deauthentication: 8143
  ack: 6513
  disassociation: 5382
  null_data: 2633
  probe_response: 1216
  data: 864
  qos_data: 858
  probe_request: 798
  cts: 666
  rts: 661
  block_ack: 581
  action: 221
  qos_null: 157
  authentication: 118
  block_ack_request: 98
  association_request: 52
  association_response: 50
  cf_end: 14
  reassociation_request: 5
  reassociation_response: 5

unique SSIDs: 5
unique BSSIDs: 16
================================================================================

================================================================================
STATISTICS after 1376.4s
--------------------------------------------------------------------------------
total frames: 42193

by frame type:
  management: 29096
  control: 8560
  data: 4537

by frame subtype:
  beacon: 13106
  deauthentication: 8143
  ack: 6534
  disassociation: 5382
  null_data: 2652
  probe_response: 1216
  data: 868
  qos_data: 860
  probe_request: 798
  cts: 668
  rts: 663
  block_ack: 583
  action: 221
  qos_null: 157
  authentication: 118
  block_ack_request: 98
  association_request: 52
  association_response: 50
  cf_end: 14
  reassociation_request: 5
  reassociation_response: 5

unique SSIDs: 5
unique BSSIDs: 16
================================================================================

================================================================================
STATISTICS after 1386.5s
--------------------------------------------------------------------------------
total frames: 42317

by frame type:
  management: 29182
  control: 8585
  data: 4550

by frame subtype:
  beacon: 13192
  deauthentication: 8143
  ack: 6550
  disassociation: 5382
  null_data: 2660
  probe_response: 1216
  data: 871
  qos_data: 862
  probe_request: 798
  cts: 671
  rts: 666
  block_ack: 586
  action: 221
  qos_null: 157
  authentication: 118
  block_ack_request: 98
  association_request: 52
  association_response: 50
  cf_end: 14
  reassociation_request: 5
  reassociation_response: 5

unique SSIDs: 5
unique BSSIDs: 16
================================================================================

================================================================================
STATISTICS after 1396.5s
--------------------------------------------------------------------------------
total frames: 42472

by frame type:
  management: 29284
  control: 8612
  data: 4576

by frame subtype:
  beacon: 13280
  deauthentication: 8143
  ack: 6571
  disassociation: 5382
  null_data: 2684
  probe_response: 1224
  data: 871
  qos_data: 864
  probe_request: 804
  cts: 673
  rts: 668
  block_ack: 588
  action: 221
  qos_null: 157
  authentication: 118
  block_ack_request: 98
  association_request: 52
  association_response: 50
  cf_end: 14
  reassociation_request: 5
  reassociation_response: 5

unique SSIDs: 5
unique BSSIDs: 16
================================================================================

================================================================================
STATISTICS after 1406.6s
--------------------------------------------------------------------------------
total frames: 42649

by frame type:
  management: 29381
  control: 8650
  data: 4618

by frame subtype:
  beacon: 13370
  deauthentication: 8143
  ack: 6609
  disassociation: 5382
  null_data: 2708
  probe_response: 1228
  data: 888
  qos_data: 864
  probe_request: 807
  cts: 673
  rts: 668
  block_ack: 588
  action: 221
  qos_null: 158
  authentication: 118
  block_ack_request: 98
  association_request: 52
  association_response: 50
  cf_end: 14
  reassociation_request: 5
  reassociation_response: 5

unique SSIDs: 5
unique BSSIDs: 16
================================================================================

!!!!!!!!!!!!!!!!!!!!!!!!!!!!!!!!!!!!!!!!!!!!!!!!!!!!!!!!!!!!!!!!!!!!!!!!!!!!!!!!
[ALERT] ALERT-000130 | BEACON_FLOOD
severity: MEDIUM
time: 2026-05-16T13:56:47.119000
message: Wykryto możliwy atak Beacon Flood: 100 ramek beacon, 2 unikalnych BSSID, 2 unikalnych SSID w oknie 10s.
evidence: {'beacon_count': 100, 'unique_bssid_count': 2, 'unique_ssid_count': 2, 'window_seconds': 10, 'beacon_count_threshold': 100, 'unique_bssid_threshold': 30, 'unique_ssid_threshold': 20, 'triggered_reasons': ['high_beacon_rate'], 'sample_ssids': ['TP-LINK_7122', 'FunBox2-8124'], 'sample_bssids': ['ac:84:c6:41:71:22', 'd8:d7:75:45:81:24']}
!!!!!!!!!!!!!!!!!!!!!!!!!!!!!!!!!!!!!!!!!!!!!!!!!!!!!!!!!!!!!!!!!!!!!!!!!!!!!!!!


================================================================================
STATISTICS after 1416.6s
--------------------------------------------------------------------------------
total frames: 42786

by frame type:
  management: 29474
  control: 8666
  data: 4646

by frame subtype:
  beacon: 13463
  deauthentication: 8143
  ack: 6625
  disassociation: 5382
  null_data: 2734
  probe_response: 1228
  data: 890
  qos_data: 864
  probe_request: 807
  cts: 673
  rts: 668
  block_ack: 588
  action: 221
  qos_null: 158
  authentication: 118
  block_ack_request: 98
  association_request: 52
  association_response: 50
  cf_end: 14
  reassociation_request: 5
  reassociation_response: 5

unique SSIDs: 5
unique BSSIDs: 16
================================================================================

================================================================================
STATISTICS after 1426.6s
--------------------------------------------------------------------------------
total frames: 42956

by frame type:
  management: 29559
  control: 8704
  data: 4693

by frame subtype:
  beacon: 13548
  deauthentication: 8143
  ack: 6651
  disassociation: 5382
  null_data: 2768
  probe_response: 1228
  data: 899
  qos_data: 868
  probe_request: 807
  cts: 677
  rts: 672
  block_ack: 592
  action: 221
  qos_null: 158
  authentication: 118
  block_ack_request: 98
  association_request: 52
  association_response: 50
  cf_end: 14
  reassociation_request: 5
  reassociation_response: 5

unique SSIDs: 5
unique BSSIDs: 16
================================================================================

================================================================================
STATISTICS after 1436.7s
--------------------------------------------------------------------------------
total frames: 43106

by frame type:
  management: 29652
  control: 8730
  data: 4724

by frame subtype:
  beacon: 13631
  deauthentication: 8143
  ack: 6677
  disassociation: 5382
  null_data: 2793
  probe_response: 1233
  data: 905
  qos_data: 868
  probe_request: 809
  cts: 677
  rts: 672
  block_ack: 592
  action: 224
  qos_null: 158
  authentication: 118
  block_ack_request: 98
  association_request: 52
  association_response: 50
  cf_end: 14
  reassociation_request: 5
  reassociation_response: 5

unique SSIDs: 5
unique BSSIDs: 16
================================================================================

================================================================================
STATISTICS after 1446.7s
--------------------------------------------------------------------------------
total frames: 43232

by frame type:
  management: 29735
  control: 8748
  data: 4749

by frame subtype:
  beacon: 13714
  deauthentication: 8143
  ack: 6695
  disassociation: 5382
  null_data: 2817
  probe_response: 1233
  data: 906
  qos_data: 868
  probe_request: 809
  cts: 677
  rts: 672
  block_ack: 592
  action: 224
  qos_null: 158
  authentication: 118
  block_ack_request: 98
  association_request: 52
  association_response: 50
  cf_end: 14
  reassociation_request: 5
  reassociation_response: 5

unique SSIDs: 5
unique BSSIDs: 16
================================================================================

================================================================================
STATISTICS after 1456.7s
--------------------------------------------------------------------------------
total frames: 43351

by frame type:
  management: 29827
  control: 8763
  data: 4761

by frame subtype:
  beacon: 13802
  deauthentication: 8143
  ack: 6707
  disassociation: 5382
  null_data: 2827
  probe_response: 1235
  data: 907
  qos_data: 869
  probe_request: 811
  cts: 678
  rts: 673
  block_ack: 593
  action: 224
  qos_null: 158
  authentication: 118
  block_ack_request: 98
  association_request: 52
  association_response: 50
  cf_end: 14
  reassociation_request: 5
  reassociation_response: 5

unique SSIDs: 5
unique BSSIDs: 16
================================================================================

================================================================================
STATISTICS after 1466.8s
--------------------------------------------------------------------------------
total frames: 43556

by frame type:
  management: 29918
  control: 8834
  data: 4804

by frame subtype:
  beacon: 13893
  deauthentication: 8143
  ack: 6732
  disassociation: 5382
  null_data: 2845
  probe_response: 1235
  data: 914
  qos_data: 886
  probe_request: 811
  cts: 694
  rts: 688
  block_ack: 608
  action: 224
  qos_null: 159
  authentication: 118
  block_ack_request: 98
  association_request: 52
  association_response: 50
  cf_end: 14
  reassociation_request: 5
  reassociation_response: 5

unique SSIDs: 5
unique BSSIDs: 16
================================================================================

================================================================================
STATISTICS after 1476.9s
--------------------------------------------------------------------------------
total frames: 43660

by frame type:
  management: 29990
  control: 8847
  data: 4823

by frame subtype:
  beacon: 13965
  deauthentication: 8143
  ack: 6744
  disassociation: 5382
  null_data: 2860
  probe_response: 1235
  data: 918
  qos_data: 886
  probe_request: 811
  cts: 695
  rts: 688
  block_ack: 608
  action: 224
  qos_null: 159
  authentication: 118
  block_ack_request: 98
  association_request: 52
  association_response: 50
  cf_end: 14
  reassociation_request: 5
  reassociation_response: 5

unique SSIDs: 5
unique BSSIDs: 16
================================================================================

================================================================================
STATISTICS after 1487.0s
--------------------------------------------------------------------------------
total frames: 43801

by frame type:
  management: 30074
  control: 8876
  data: 4851

by frame subtype:
  beacon: 14049
  deauthentication: 8143
  ack: 6767
  disassociation: 5382
  null_data: 2885
  probe_response: 1235
  data: 919
  qos_data: 888
  probe_request: 811
  cts: 697
  rts: 690
  block_ack: 610
  action: 224
  qos_null: 159
  authentication: 118
  block_ack_request: 98
  association_request: 52
  association_response: 50
  cf_end: 14
  reassociation_request: 5
  reassociation_response: 5

unique SSIDs: 5
unique BSSIDs: 16
================================================================================

================================================================================
STATISTICS after 1497.1s
--------------------------------------------------------------------------------
total frames: 43945

by frame type:
  management: 30162
  control: 8913
  data: 4870

by frame subtype:
  beacon: 14135
  deauthentication: 8143
  ack: 6794
  disassociation: 5382
  null_data: 2897
  probe_response: 1235
  data: 923
  qos_data: 891
  probe_request: 811
  cts: 700
  rts: 694
  block_ack: 613
  action: 226
  qos_null: 159
  authentication: 118
  block_ack_request: 98
  association_request: 52
  association_response: 50
  cf_end: 14
  reassociation_request: 5
  reassociation_response: 5

unique SSIDs: 5
unique BSSIDs: 16
================================================================================

================================================================================
STATISTICS after 1507.1s
--------------------------------------------------------------------------------
total frames: 44098

by frame type:
  management: 30262
  control: 8946
  data: 4890

by frame subtype:
  beacon: 14224
  deauthentication: 8143
  ack: 6827
  disassociation: 5382
  null_data: 2904
  probe_response: 1244
  data: 931
  qos_data: 896
  probe_request: 813
  cts: 700
  rts: 694
  block_ack: 613
  action: 226
  qos_null: 159
  authentication: 118
  block_ack_request: 98
  association_request: 52
  association_response: 50
  cf_end: 14
  reassociation_request: 5
  reassociation_response: 5

unique SSIDs: 5
unique BSSIDs: 16
================================================================================

================================================================================
STATISTICS after 1517.3s
--------------------------------------------------------------------------------
total frames: 44211

by frame type:
  management: 30353
  control: 8964
  data: 4894

by frame subtype:
  beacon: 14315
  deauthentication: 8143
  ack: 6845
  disassociation: 5382
  null_data: 2907
  probe_response: 1244
  data: 931
  qos_data: 896
  probe_request: 813
  cts: 700
  rts: 694
  block_ack: 613
  action: 226
  qos_null: 160
  authentication: 118
  block_ack_request: 98
  association_request: 52
  association_response: 50
  cf_end: 14
  reassociation_request: 5
  reassociation_response: 5

unique SSIDs: 5
unique BSSIDs: 16
================================================================================

================================================================================
STATISTICS after 1527.3s
--------------------------------------------------------------------------------
total frames: 44340

by frame type:
  management: 30443
  control: 8993
  data: 4904

by frame subtype:
  beacon: 14401
  deauthentication: 8143
  ack: 6874
  disassociation: 5382
  null_data: 2915
  probe_response: 1246
  data: 932
  qos_data: 896
  probe_request: 815
  cts: 700
  rts: 694
  block_ack: 613
  action: 226
  qos_null: 161
  authentication: 118
  block_ack_request: 98
  association_request: 52
  association_response: 50
  cf_end: 14
  reassociation_request: 5
  reassociation_response: 5

unique SSIDs: 5
unique BSSIDs: 16
================================================================================

================================================================================
STATISTICS after 1537.3s
--------------------------------------------------------------------------------
total frames: 44474

by frame type:
  management: 30538
  control: 9019
  data: 4917

by frame subtype:
  beacon: 14491
  deauthentication: 8143
  ack: 6900
  disassociation: 5382
  null_data: 2919
  probe_response: 1248
  data: 937
  qos_data: 900
  probe_request: 818
  cts: 700
  rts: 694
  block_ack: 613
  action: 226
  qos_null: 161
  authentication: 118
  block_ack_request: 98
  association_request: 52
  association_response: 50
  cf_end: 14
  reassociation_request: 5
  reassociation_response: 5

unique SSIDs: 5
unique BSSIDs: 16
================================================================================

!!!!!!!!!!!!!!!!!!!!!!!!!!!!!!!!!!!!!!!!!!!!!!!!!!!!!!!!!!!!!!!!!!!!!!!!!!!!!!!!
[ALERT] ALERT-000131 | BEACON_FLOOD
severity: MEDIUM
time: 2026-05-16T13:58:57.387437
message: Wykryto możliwy atak Beacon Flood: 100 ramek beacon, 2 unikalnych BSSID, 2 unikalnych SSID w oknie 10s.
evidence: {'beacon_count': 100, 'unique_bssid_count': 2, 'unique_ssid_count': 2, 'window_seconds': 10, 'beacon_count_threshold': 100, 'unique_bssid_threshold': 30, 'unique_ssid_threshold': 20, 'triggered_reasons': ['high_beacon_rate'], 'sample_ssids': ['TP-LINK_7122', 'FunBox2-8124'], 'sample_bssids': ['ac:84:c6:41:71:22', 'd8:d7:75:45:81:24']}
!!!!!!!!!!!!!!!!!!!!!!!!!!!!!!!!!!!!!!!!!!!!!!!!!!!!!!!!!!!!!!!!!!!!!!!!!!!!!!!!


================================================================================
STATISTICS after 1547.4s
--------------------------------------------------------------------------------
total frames: 44628

by frame type:
  management: 30638
  control: 9058
  data: 4932

by frame subtype:
  beacon: 14591
  deauthentication: 8143
  ack: 6930
  disassociation: 5382
  null_data: 2926
  probe_response: 1248
  data: 942
  qos_data: 903
  probe_request: 818
  cts: 703
  rts: 697
  block_ack: 616
  action: 226
  qos_null: 161
  authentication: 118
  block_ack_request: 98
  association_request: 52
  association_response: 50
  cf_end: 14
  reassociation_request: 5
  reassociation_response: 5

unique SSIDs: 5
unique BSSIDs: 16
================================================================================

================================================================================
STATISTICS after 1557.4s
--------------------------------------------------------------------------------
total frames: 44764

by frame type:
  management: 30730
  control: 9088
  data: 4946

by frame subtype:
  beacon: 14682
  deauthentication: 8143
  ack: 6958
  disassociation: 5382
  null_data: 2930
  probe_response: 1248
  data: 952
  qos_data: 903
  probe_request: 818
  cts: 705
  rts: 697
  block_ack: 616
  action: 227
  qos_null: 161
  authentication: 118
  block_ack_request: 98
  association_request: 52
  association_response: 50
  cf_end: 14
  reassociation_request: 5
  reassociation_response: 5

unique SSIDs: 5
unique BSSIDs: 16
================================================================================

================================================================================
STATISTICS after 1567.4s
--------------------------------------------------------------------------------
total frames: 44876

by frame type:
  management: 30811
  control: 9113
  data: 4952

by frame subtype:
  beacon: 14763
  deauthentication: 8143
  ack: 6983
  disassociation: 5382
  null_data: 2934
  probe_response: 1248
  data: 954
  qos_data: 903
  probe_request: 818
  cts: 705
  rts: 697
  block_ack: 616
  action: 227
  qos_null: 161
  authentication: 118
  block_ack_request: 98
  association_request: 52
  association_response: 50
  cf_end: 14
  reassociation_request: 5
  reassociation_response: 5

unique SSIDs: 5
unique BSSIDs: 16
================================================================================

================================================================================
STATISTICS after 1577.6s
--------------------------------------------------------------------------------
total frames: 45023

by frame type:
  management: 30898
  control: 9150
  data: 4975

by frame subtype:
  beacon: 14850
  deauthentication: 8143
  ack: 7017
  disassociation: 5382
  null_data: 2949
  probe_response: 1248
  data: 960
  qos_data: 903
  probe_request: 818
  cts: 708
  rts: 697
  block_ack: 616
  action: 227
  qos_null: 163
  authentication: 118
  block_ack_request: 98
  association_request: 52
  association_response: 50
  cf_end: 14
  reassociation_request: 5
  reassociation_response: 5

unique SSIDs: 5
unique BSSIDs: 16
================================================================================35:30  Sending 64 directed DeAuth (code 7). STMAC: [FF:FF:FF:FF:FF:FF] [ 2|55 ACKs]13:35:30  Sending 64 directed DeAuth (code 7). STMAC: [FF:FF:FF:FF:FF:FF] [ 2|56 ACKs]13:35:30  Sending 64 directed DeAuth (code 7). STMAC: [FF:FF:FF:FF:FF:FF] [ 2|57 ACKs]13:35:30  Sending 64 directed DeAuth (code 7). STMAC: [FF:FF:FF:FF:FF:FF] [ 2|58 ACKs]13:35:30  Sending 64 directed DeAuth (code 7). STMAC: [FF:FF:FF:FF:FF:FF] [ 2|59 ACKs]13:35:30  Sending 64 directed DeAuth (code 7). STMAC: [FF:FF:FF:FF:FF:FF] [ 2|60 ACKs]13:35:30  Sending 64 directed DeAuth (code 7). STMAC: [FF:FF:FF:FF:FF:FF] [ 2|61 ACKs]13:35:30  Sending 64 directed DeAuth (code 7). STMAC: [FF:FF:FF:FF:FF:FF] [ 2|62 ACKs]13:35:30  Sending 64 directed DeAuth (code 7). STMAC: [FF:FF:FF:FF:FF:FF] [ 2|63 ACKs]13:35:30  Sending 64 directed DeAuth (code 7). STMAC: [FF:FF:FF:FF:FF:FF] [ 2|64 ACKs]
13:35:30  Sending 64 directed DeAuth (code 7). STMAC: [FF:FF:FF:FF:FF:FF] [ 0| 0 ACKs]13:35:30  Sending 64 directed DeAuth (code 7). STMAC: [FF:FF:FF:FF:FF:FF] [ 1| 0 ACKs]13:35:30  Sending 64 directed DeAuth (code 7). STMAC: [FF:FF:FF:FF:FF:FF] [ 2| 0 ACKs]13:35:30  Sending 64 directed DeAuth (code 7). STMAC: [FF:FF:FF:FF:FF:FF] [ 3| 0 ACKs]13:35:30  Sending 64 directed DeAuth (code 7). STMAC: [FF:FF:FF:FF:FF:FF] [ 3| 0 ACKs]13:35:30  Sending 64 directed DeAuth (code 7). STMAC: [FF:FF:FF:FF:FF:FF] [ 4| 0 ACKs]13:35:30  Sending 64 directed DeAuth (code 7). STMAC: [FF:FF:FF:FF:FF:FF] [ 5| 0 ACKs]13:35:30  Sending 64 directed DeAuth (code 7). STMAC: [FF:FF:FF:FF:FF:FF] [ 6| 0 ACKs]13:35:30  Sending 64 directed DeAuth (code 7). STMAC: [FF:FF:FF:FF:FF:FF] [ 6| 1 ACKs]13:35:30  Sending 64 directed DeAuth (code 7). STMAC: [FF:FF:FF:FF:FF:FF] [ 7| 1 ACKs]13:35:30  Sending 64 directed DeAuth (code 7). STMAC: [FF:FF:FF:FF:FF:FF] [ 7| 2 ACKs]13:35:30  Sending 64 directed DeAuth (code 7). STMAC: [FF:FF:FF:FF:FF:FF] [ 8| 2 ACKs]13:35:30  Sending 64 directed DeAuth (code 7). STMAC: [FF:FF:FF:FF:FF:FF] [ 8| 3 ACKs]13:35:30  Sending 64 directed DeAuth (code 7). STMAC: [FF:FF:FF:FF:FF:FF] [ 9| 3 ACKs]13:35:30  Sending 64 directed DeAuth (code 7). STMAC: [FF:FF:FF:FF:FF:FF] [ 9| 4 ACKs]13:35:30  Sending 64 directed DeAuth (code 7). STMAC: [FF:FF:FF:FF:FF:FF] [10| 4 ACKs]13:35:30  Sending 64 directed DeAuth (code 7). STMAC: [FF:FF:FF:FF:FF:FF] [10| 5 ACKs]13:35:30  Sending 64 directed DeAuth (code 7). STMAC: [FF:FF:FF:FF:FF:FF] [11| 5 ACKs]13:35:30  Sending 64 directed DeAuth (code 7). STMAC: [FF:FF:FF:FF:FF:FF] [11| 6 ACKs]13:35:30  Sending 64 directed DeAuth (code 7). STMAC: [FF:FF:FF:FF:FF:FF] [12| 6 ACKs]13:35:30  Sending 64 directed DeAuth (code 7). STMAC: [FF:FF:FF:FF:FF:FF] [12| 7 ACKs]13:35:30  Sending 64 directed DeAuth (code 7). STMAC: [FF:FF:FF:FF:FF:FF] [13| 7 ACKs]13:35:30  Sending 64 directed DeAuth (code 7). STMAC: [FF:FF:FF:FF:FF:FF] [13| 8 ACKs]13:35:30  Sending 64 directed DeAuth (code 7). STMAC: [FF:FF:FF:FF:FF:FF] [13| 9 ACKs]13:35:30  Sending 64 directed DeAuth (code 7). STMAC: [FF:FF:FF:FF:FF:FF] [14| 9 ACKs]13:35:30  Sending 64 directed DeAuth (code 7). STMAC: [FF:FF:FF:FF:FF:FF] [14|10 ACKs]13:35:30  Sending 64 directed DeAuth (code 7). STMAC: [FF:FF:FF:FF:FF:FF] [15|10 ACKs]13:35:30  Sending 64 directed DeAuth (code 7). STMAC: [FF:FF:FF:FF:FF:FF] [15|11 ACKs]13:35:30  Sending 64 directed DeAuth (code 7). STMAC: [FF:FF:FF:FF:FF:FF] [16|11 ACKs]13:35:30  Sending 64 directed DeAuth (code 7). STMAC: [FF:FF:FF:FF:FF:FF] [16|12 ACKs]13:35:30  Sending 64 directed DeAuth (code 7). STMAC: [FF:FF:FF:FF:FF:FF] [17|12 ACKs]13:35:30  Sending 64 directed DeAuth (code 7). STMAC: [FF:FF:FF:FF:FF:FF] [17|13 ACKs]13:35:30  Sending 64 directed DeAuth (code 7). STMAC: [FF:FF:FF:FF:FF:FF] [18|13 ACKs]13:35:30  Sending 64 directed DeAuth (code 7). STMAC: [FF:FF:FF:FF:FF:FF] [18|14 ACKs]13:35:30  Sending 64 directed DeAuth (code 7). STMAC: [FF:FF:FF:FF:FF:FF] [19|14 ACKs]13:35:30  Sending 64 directed DeAuth (code 7). STMAC: [FF:FF:FF:FF:FF:FF] [19|15 ACKs]13:35:30  Sending 64 directed DeAuth (code 7). STMAC: [FF:FF:FF:FF:FF:FF] [20|15 ACKs]13:35:30  Sending 64 directed DeAuth (code 7). STMAC: [FF:FF:FF:FF:FF:FF] [20|16 ACKs]13:35:30  Sending 64 directed DeAuth (code 7). STMAC: [FF:FF:FF:FF:FF:FF] [21|16 ACKs]13:35:30  Sending 64 directed DeAuth (code 7). STMAC: [FF:FF:FF:FF:FF:FF] [21|17 ACKs]13:35:30  Sending 64 directed DeAuth (code 7). STMAC: [FF:FF:FF:FF:FF:FF] [22|17 ACKs]13:35:30  Sending 64 directed DeAuth (code 7). STMAC: [FF:FF:FF:FF:FF:FF] [22|18 ACKs]13:35:30  Sending 64 directed DeAuth (code 7). STMAC: [FF:FF:FF:FF:FF:FF] [23|18 ACKs]13:35:30  Sending 64 directed DeAuth (code 7). STMAC: [FF:FF:FF:FF:FF:FF] [23|19 ACKs]13:35:30  Sending 64 directed DeAuth (code 7). STMAC: [FF:FF:FF:FF:FF:FF] [23|20 ACKs]13:35:30  Sending 64 directed DeAuth (code 7). STMAC: [FF:FF:FF:FF:FF:FF] [24|20 ACKs]13:35:30  Sending 64 directed DeAuth (code 7). STMAC: [FF:FF:FF:FF:FF:FF] [24|21 ACKs]13:35:30  Sending 64 directed DeAuth (code 7). STMAC: [FF:FF:FF:FF:FF:FF] [25|21 ACKs]13:35:30  Sending 64 directed DeAuth (code 7). STMAC: [FF:FF:FF:FF:FF:FF] [25|22 ACKs]13:35:30  Sending 64 directed DeAuth (code 7). STMAC: [FF:FF:FF:FF:FF:FF] [25|22 ACKs]13:35:30  Sending 64 directed DeAuth (code 7). STMAC: [FF:FF:FF:FF:FF:FF] [25|23 ACKs]13:35:30  Sending 64 directed DeAuth (code 7). STMAC: [FF:FF:FF:FF:FF:FF] [25|24 ACKs]13:35:30  Sending 64 directed DeAuth (code 7). STMAC: [FF:FF:FF:FF:FF:FF] [25|25 ACKs]13:35:30  Sending 64 directed DeAuth (code 7). STMAC: [FF:FF:FF:FF:FF:FF] [25|26 ACKs]13:35:30  Sending 64 directed DeAuth (code 7). STMAC: [FF:FF:FF:FF:FF:FF] [25|27 ACKs]13:35:30  Sending 64 directed DeAuth (code 7). STMAC: [FF:FF:FF:FF:FF:FF] [25|28 ACKs]13:35:30  Sending 64 directed DeAuth (code 7). STMAC: [FF:FF:FF:FF:FF:FF] [25|29 ACKs]13:35:30  Sending 64 directed DeAuth (code 7). STMAC: [FF:FF:FF:FF:FF:FF] [25|30 ACKs]13:35:30  Sending 64 directed DeAuth (code 7). STMAC: [FF:FF:FF:FF:FF:FF] [25|31 ACKs]13:35:30  Sending 64 directed DeAuth (code 7). STMAC: [FF:FF:FF:FF:FF:FF] [25|32 ACKs]13:35:30  Sending 64 directed DeAuth (code 7). STMAC: [FF:FF:FF:FF:FF:FF] [25|33 ACKs]13:35:31  Sending 64 directed DeAuth (code 7). STMAC: [FF:FF:FF:FF:FF:FF] [25|34 ACKs]13:35:31  Sending 64 directed DeAuth (code 7). STMAC: [FF:FF:FF:FF:FF:FF] [25|35 ACKs]13:35:31  Sending 64 directed DeAuth (code 7). STMAC: [FF:FF:FF:FF:FF:FF] [25|36 ACKs]13:35:31  Sending 64 directed DeAuth (code 7). STMAC: [FF:FF:FF:FF:FF:FF] [25|37 ACKs]13:35:31  Sending 64 directed DeAuth (code 7). STMAC: [FF:FF:FF:FF:FF:FF] [25|38 ACKs]13:35:31  Sending 64 directed DeAuth (code 7). STMAC: [FF:FF:FF:FF:FF:FF] [25|39 ACKs]13:35:31  Sending 64 directed DeAuth (code 7). STMAC: [FF:FF:FF:FF:FF:FF] [25|40 ACKs]13:35:31  Sending 64 directed DeAuth (code 7). STMAC: [FF:FF:FF:FF:FF:FF] [25|41 ACKs]13:35:31  Sending 64 directed DeAuth (code 7). STMAC: [FF:FF:FF:FF:FF:FF] [25|42 ACKs]13:35:31  Sending 64 directed DeAuth (code 7). STMAC: [FF:FF:FF:FF:FF:FF] [25|43 ACKs]13:35:31  Sending 64 directed DeAuth (code 7). STMAC: [FF:FF:FF:FF:FF:FF] [26|43 ACKs]13:35:31  Sending 64 directed DeAuth (code 7). STMAC: [FF:FF:FF:FF:FF:FF] [26|44 ACKs]13:35:31  Sending 64 directed DeAuth (code 7). STMAC: [FF:FF:FF:FF:FF:FF] [26|45 ACKs]13:35:31  Sending 64 directed DeAuth (code 7). STMAC: [FF:FF:FF:FF:FF:FF] [26|46 ACKs]13:35:31  Sending 64 directed DeAuth (code 7). STMAC: [FF:FF:FF:FF:FF:FF] [26|47 ACKs]13:35:31  Sending 64 directed DeAuth (code 7). STMAC: [FF:FF:FF:FF:FF:FF] [26|48 ACKs]13:35:31  Sending 64 directed DeAuth (code 7). STMAC: [FF:FF:FF:FF:FF:FF] [26|49 ACKs]13:35:31  Sending 64 directed DeAuth (code 7). STMAC: [FF:FF:FF:FF:FF:FF] [26|50 ACKs]13:35:31  Sending 64 directed DeAuth (code 7). STMAC: [FF:FF:FF:FF:FF:FF] [26|51 ACKs]13:35:31  Sending 64 directed DeAuth (code 7). STMAC: [FF:FF:FF:FF:FF:FF] [26|52 ACKs]13:35:31  Sending 64 directed DeAuth (code 7). STMAC: [FF:FF:FF:FF:FF:FF] [26|53 ACKs]13:35:31  Sending 64 directed DeAuth (code 7). STMAC: [FF:FF:FF:FF:FF:FF] [26|54 ACKs]13:35:31  Sending 64 directed DeAuth (code 7). STMAC: [FF:FF:FF:FF:FF:FF] [26|55 ACKs]13:35:31  Sending 64 directed DeAuth (code 7). STMAC: [FF:FF:FF:FF:FF:FF] [26|56 ACKs]13:35:31  Sending 64 directed DeAuth (code 7). STMAC: [FF:FF:FF:FF:FF:FF] [26|57 ACKs]13:35:31  Sending 64 directed DeAuth (code 7). STMAC: [FF:FF:FF:FF:FF:FF] [26|58 ACKs]13:35:31  Sending 64 directed DeAuth (code 7). STMAC: [FF:FF:FF:FF:FF:FF] [26|59 ACKs]13:35:31  Sending 64 directed DeAuth (code 7). STMAC: [FF:FF:FF:FF:FF:FF] [26|60 ACKs]13:35:31  Sending 64 directed DeAuth (code 7). STMAC: [FF:FF:FF:FF:FF:FF] [26|61 ACKs]13:35:31  Sending 64 directed DeAuth (code 7). STMAC: [FF:FF:FF:FF:FF:FF] [26|62 ACKs]13:35:31  Sending 64 directed DeAuth (code 7). STMAC: [FF:FF:FF:FF:FF:FF] [26|63 ACKs]13:35:31  Sending 64 directed DeAuth (code 7). STMAC: [FF:FF:FF:FF:FF:FF] [26|64 ACKs]
13:35:31  Sending 64 directed DeAuth (code 7). STMAC: [FF:FF:FF:FF:FF:FF] [ 0| 0 ACKs]13:35:31  Sending 64 directed DeAuth (code 7). STMAC: [FF:FF:FF:FF:FF:FF] [ 0| 0 ACKs]13:35:31  Sending 64 directed DeAuth (code 7). STMAC: [FF:FF:FF:FF:FF:FF] [ 1| 0 ACKs]13:35:31  Sending 64 directed DeAuth (code 7). STMAC: [FF:FF:FF:FF:FF:FF] [ 1| 0 ACKs]13:35:31  Sending 64 directed DeAuth (code 7). STMAC: [FF:FF:FF:FF:FF:FF] [ 2| 0 ACKs]13:35:31  Sending 64 directed DeAuth (code 7). STMAC: [FF:FF:FF:FF:FF:FF] [ 3| 0 ACKs]13:35:31  Sending 64 directed DeAuth (code 7). STMAC: [FF:FF:FF:FF:FF:FF] [ 3| 0 ACKs]13:35:31  Sending 64 directed DeAuth (code 7). STMAC: [FF:FF:FF:FF:FF:FF] [ 4| 0 ACKs]13:35:31  Sending 64 directed DeAuth (code 7). STMAC: [FF:FF:FF:FF:FF:FF] [ 4| 0 ACKs]13:35:31  Sending 64 directed DeAuth (code 7). STMAC: [FF:FF:FF:FF:FF:FF] [ 5| 0 ACKs]13:35:31  Sending 64 directed DeAuth (code 7). STMAC: [FF:FF:FF:FF:FF:FF] [ 5| 0 ACKs]13:35:31  Sending 64 directed DeAuth (code 7). STMAC: [FF:FF:FF:FF:FF:FF] [ 6| 0 ACKs]13:35:31  Sending 64 directed DeAuth (code 7). STMAC: [FF:FF:FF:FF:FF:FF] [ 6| 0 ACKs]13:35:31  Sending 64 directed DeAuth (code 7). STMAC: [FF:FF:FF:FF:FF:FF] [ 6| 1 ACKs]13:35:31  Sending 64 directed DeAuth (code 7). STMAC: [FF:FF:FF:FF:FF:FF] [ 7| 1 ACKs]13:35:31  Sending 64 directed DeAuth (code 7). STMAC: [FF:FF:FF:FF:FF:FF] [ 7| 2 ACKs]13:35:31  Sending 64 directed DeAuth (code 7). STMAC: [FF:FF:FF:FF:FF:FF] [ 7| 3 ACKs]13:35:31  Sending 64 directed DeAuth (code 7). STMAC: [FF:FF:FF:FF:FF:FF] [ 8| 3 ACKs]13:35:31  Sending 64 directed DeAuth (code 7). STMAC: [FF:FF:FF:FF:FF:FF] [ 8| 4 ACKs]13:35:31  Sending 64 directed DeAuth (code 7). STMAC: [FF:FF:FF:FF:FF:FF] [ 8| 5 ACKs]13:35:31  Sending 64 directed DeAuth (code 7). STMAC: [FF:FF:FF:FF:FF:FF] [ 8| 6 ACKs]13:35:31  Sending 64 directed DeAuth (code 7). STMAC: [FF:FF:FF:FF:FF:FF] [ 8| 7 ACKs]13:35:31  Sending 64 directed DeAuth (code 7). STMAC: [FF:FF:FF:FF:FF:FF] [ 8| 8 ACKs]13:35:31  Sending 64 directed DeAuth (code 7). STMAC: [FF:FF:FF:FF:FF:FF] [ 8| 9 ACKs]13:35:31  Sending 64 directed DeAuth (code 7). STMAC: [FF:FF:FF:FF:FF:FF] [ 8|10 ACKs]13:35:31  Sending 64 directed DeAuth (code 7). STMAC: [FF:FF:FF:FF:FF:FF] [ 8|11 ACKs]13:35:31  Sending 64 directed DeAuth (code 7). STMAC: [FF:FF:FF:FF:FF:FF] [ 8|12 ACKs]13:35:31  Sending 64 directed DeAuth (code 7). STMAC: [FF:FF:FF:FF:FF:FF] [ 8|13 ACKs]13:35:31  Sending 64 directed DeAuth (code 7). STMAC: [FF:FF:FF:FF:FF:FF] [ 8|14 ACKs]13:35:31  Sending 64 directed DeAuth (code 7). STMAC: [FF:FF:FF:FF:FF:FF] [ 8|15 ACKs]13:35:31  Sending 64 directed DeAuth (code 7). STMAC: [FF:FF:FF:FF:FF:FF] [ 8|16 ACKs]13:35:31  Sending 64 directed DeAuth (code 7). STMAC: [FF:FF:FF:FF:FF:FF] [ 8|17 ACKs]13:35:31  Sending 64 directed DeAuth (code 7). STMAC: [FF:FF:FF:FF:FF:FF] [ 8|18 ACKs]13:35:31  Sending 64 directed DeAuth (code 7). STMAC: [FF:FF:FF:FF:FF:FF] [ 8|19 ACKs]13:35:31  Sending 64 directed DeAuth (code 7). STMAC: [FF:FF:FF:FF:FF:FF] [ 8|20 ACKs]13:35:31  Sending 64 directed DeAuth (code 7). STMAC: [FF:FF:FF:FF:FF:FF] [ 8|21 ACKs]13:35:31  Sending 64 directed DeAuth (code 7). STMAC: [FF:FF:FF:FF:FF:FF] [ 8|22 ACKs]13:35:31  Sending 64 directed DeAuth (code 7). STMAC: [FF:FF:FF:FF:FF:FF] [ 8|23 ACKs]13:35:31  Sending 64 directed DeAuth (code 7). STMAC: [FF:FF:FF:FF:FF:FF] [ 8|24 ACKs]13:35:31  Sending 64 directed DeAuth (code 7). STMAC: [FF:FF:FF:FF:FF:FF] [ 8|25 ACKs]13:35:31  Sending 64 directed DeAuth (code 7). STMAC: [FF:FF:FF:FF:FF:FF] [ 8|26 ACKs]13:35:31  Sending 64 directed DeAuth (code 7). STMAC: [FF:FF:FF:FF:FF:FF] [ 8|27 ACKs]13:35:31  Sending 64 directed DeAuth (code 7). STMAC: [FF:FF:FF:FF:FF:FF] [ 8|28 ACKs]13:35:31  Sending 64 directed DeAuth (code 7). STMAC: [FF:FF:FF:FF:FF:FF] [ 8|29 ACKs]13:35:31  Sending 64 directed DeAuth (code 7). STMAC: [FF:FF:FF:FF:FF:FF] [ 9|29 ACKs]13:35:31  Sending 64 directed DeAuth (code 7). STMAC: [FF:FF:FF:FF:FF:FF] [10|29 ACKs]13:35:31  Sending 64 directed DeAuth (code 7). STMAC: [FF:FF:FF:FF:FF:FF] [10|30 ACKs]13:35:31  Sending 64 directed DeAuth (code 7). STMAC: [FF:FF:FF:FF:FF:FF] [10|31 ACKs]13:35:31  Sending 64 directed DeAuth (code 7). STMAC: [FF:FF:FF:FF:FF:FF] [10|32 ACKs]13:35:31  Sending 64 directed DeAuth (code 7). STMAC: [FF:FF:FF:FF:FF:FF] [10|33 ACKs]13:35:31  Sending 64 directed DeAuth (code 7). STMAC: [FF:FF:FF:FF:FF:FF] [10|34 ACKs]13:35:31  Sending 64 directed DeAuth (code 7). STMAC: [FF:FF:FF:FF:FF:FF] [10|35 ACKs]13:35:31  Sending 64 directed DeAuth (code 7). STMAC: [FF:FF:FF:FF:FF:FF] [10|36 ACKs]13:35:31  Sending 64 directed DeAuth (code 7). STMAC: [FF:FF:FF:FF:FF:FF] [10|37 ACKs]13:35:31  Sending 64 directed DeAuth (code 7). STMAC: [FF:FF:FF:FF:FF:FF] [11|37 ACKs]13:35:31  Sending 64 directed DeAuth (code 7). STMAC: [FF:FF:FF:FF:FF:FF] [11|38 ACKs]13:35:31  Sending 64 directed DeAuth (code 7). STMAC: [FF:FF:FF:FF:FF:FF] [11|39 ACKs]13:35:31  Sending 64 directed DeAuth (code 7). STMAC: [FF:FF:FF:FF:FF:FF] [11|40 ACKs]13:35:31  Sending 64 directed DeAuth (code 7). STMAC: [FF:FF:FF:FF:FF:FF] [11|41 ACKs]13:35:31  Sending 64 directed DeAuth (code 7). STMAC: [FF:FF:FF:FF:FF:FF] [11|42 ACKs]13:35:31  Sending 64 directed DeAuth (code 7). STMAC: [FF:FF:FF:FF:FF:FF] [11|43 ACKs]13:35:31  Sending 64 directed DeAuth (code 7). STMAC: [FF:FF:FF:FF:FF:FF] [11|44 ACKs]13:35:31  Sending 64 directed DeAuth (code 7). STMAC: [FF:FF:FF:FF:FF:FF] [11|45 ACKs]13:35:31  Sending 64 directed DeAuth (code 7). STMAC: [FF:FF:FF:FF:FF:FF] [11|46 ACKs]13:35:31  Sending 64 directed DeAuth (code 7). STMAC: [FF:FF:FF:FF:FF:FF] [11|47 ACKs]13:35:31  Sending 64 directed DeAuth (code 7). STMAC: [FF:FF:FF:FF:FF:FF] [11|48 ACKs]13:35:31  Sending 64 directed DeAuth (code 7). STMAC: [FF:FF:FF:FF:FF:FF] [12|48 ACKs]13:35:31  Sending 64 directed DeAuth (code 7). STMAC: [FF:FF:FF:FF:FF:FF] [12|49 ACKs]13:35:31  Sending 64 directed DeAuth (code 7). STMAC: [FF:FF:FF:FF:FF:FF] [12|49 ACKs]13:35:31  Sending 64 directed DeAuth (code 7). STMAC: [FF:FF:FF:FF:FF:FF] [13|49 ACKs]13:35:31  Sending 64 directed DeAuth (code 7). STMAC: [FF:FF:FF:FF:FF:FF] [14|49 ACKs]13:35:31  Sending 64 directed DeAuth (code 7). STMAC: [FF:FF:FF:FF:FF:FF] [14|50 ACKs]13:35:31  Sending 64 directed DeAuth (code 7). STMAC: [FF:FF:FF:FF:FF:FF] [14|51 ACKs]13:35:31  Sending 64 directed DeAuth (code 7). STMAC: [FF:FF:FF:FF:FF:FF] [15|51 ACKs]13:35:31  Sending 64 directed DeAuth (code 7). STMAC: [FF:FF:FF:FF:FF:FF] [15|52 ACKs]13:35:31  Sending 64 directed DeAuth (code 7). STMAC: [FF:FF:FF:FF:FF:FF] [16|52 ACKs]13:35:31  Sending 64 directed DeAuth (code 7). STMAC: [FF:FF:FF:FF:FF:FF] [16|53 ACKs]13:35:31  Sending 64 directed DeAuth (code 7). STMAC: [FF:FF:FF:FF:FF:FF] [17|53 ACKs]13:35:31  Sending 64 directed DeAuth (code 7). STMAC: [FF:FF:FF:FF:FF:FF] [17|54 ACKs]13:35:31  Sending 64 directed DeAuth (code 7). STMAC: [FF:FF:FF:FF:FF:FF] [18|54 ACKs]13:35:31  Sending 64 directed DeAuth (code 7). STMAC: [FF:FF:FF:FF:FF:FF] [18|55 ACKs]13:35:31  Sending 64 directed DeAuth (code 7). STMAC: [FF:FF:FF:FF:FF:FF] [19|55 ACKs]13:35:31  Sending 64 directed DeAuth (code 7). STMAC: [FF:FF:FF:FF:FF:FF] [19|56 ACKs]13:35:31  Sending 64 directed DeAuth (code 7). STMAC: [FF:FF:FF:FF:FF:FF] [20|56 ACKs]13:35:31  Sending 64 directed DeAuth (code 7). STMAC: [FF:FF:FF:FF:FF:FF] [20|57 ACKs]13:35:31  Sending 64 directed DeAuth (code 7). STMAC: [FF:FF:FF:FF:FF:FF] [21|57 ACKs]13:35:31  Sending 64 directed DeAuth (code 7). STMAC: [FF:FF:FF:FF:FF:FF] [21|58 ACKs]13:35:31  Sending 64 directed DeAuth (code 7). STMAC: [FF:FF:FF:FF:FF:FF] [22|58 ACKs]13:35:31  Sending 64 directed DeAuth (code 7). STMAC: [FF:FF:FF:FF:FF:FF] [22|59 ACKs]13:35:31  Sending 64 directed DeAuth (code 7). STMAC: [FF:FF:FF:FF:FF:FF] [23|59 ACKs]13:35:31  Sending 64 directed DeAuth (code 7). STMAC: [FF:FF:FF:FF:FF:FF] [23|60 ACKs]13:35:31  Sending 64 directed DeAuth (code 7). STMAC: [FF:FF:FF:FF:FF:FF] [24|60 ACKs]13:35:31  Sending 64 directed DeAuth (code 7). STMAC: [FF:FF:FF:FF:FF:FF] [24|61 ACKs]13:35:31  Sending 64 directed DeAuth (code 7). STMAC: [FF:FF:FF:FF:FF:FF] [25|61 ACKs]13:35:31  Sending 64 directed DeAuth (code 7). STMAC: [FF:FF:FF:FF:FF:FF] [25|62 ACKs]13:35:31  Sending 64 directed DeAuth (code 7). STMAC: [FF:FF:FF:FF:FF:FF] [26|62 ACKs]13:35:31  Sending 64 directed DeAuth (code 7). STMAC: [FF:FF:FF:FF:FF:FF] [26|63 ACKs]13:35:31  Sending 64 directed DeAuth (code 7). STMAC: [FF:FF:FF:FF:FF:FF] [27|63 ACKs]13:35:31  Sending 64 directed DeAuth (code 7). STMAC: [FF:FF:FF:FF:FF:FF] [27|64 ACKs]
13:35:31  Sending 64 directed DeAuth (code 7). STMAC: [FF:FF:FF:FF:FF:FF] [ 0| 0 ACKs]13:35:31  Sending 64 directed DeAuth (code 7). STMAC: [FF:FF:FF:FF:FF:FF] [ 0| 0 ACKs]13:35:31  Sending 64 directed DeAuth (code 7). STMAC: [FF:FF:FF:FF:FF:FF] [ 0| 1 ACKs]13:35:31  Sending 64 directed DeAuth (code 7). STMAC: [FF:FF:FF:FF:FF:FF] [ 0| 2 ACKs]13:35:31  Sending 64 directed DeAuth (code 7). STMAC: [FF:FF:FF:FF:FF:FF] [ 0| 3 ACKs]13:35:31  Sending 64 directed DeAuth (code 7). STMAC: [FF:FF:FF:FF:FF:FF] [ 0| 4 ACKs]13:35:31  Sending 64 directed DeAuth (code 7). STMAC: [FF:FF:FF:FF:FF:FF] [ 0| 5 ACKs]13:35:31  Sending 64 directed DeAuth (code 7). STMAC: [FF:FF:FF:FF:FF:FF] [ 1| 5 ACKs]13:35:31  Sending 64 directed DeAuth (code 7). STMAC: [FF:FF:FF:FF:FF:FF] [ 1| 6 ACKs]13:35:31  Sending 64 directed DeAuth (code 7). STMAC: [FF:FF:FF:FF:FF:FF] [ 2| 6 ACKs]13:35:31  Sending 64 directed DeAuth (code 7). STMAC: [FF:FF:FF:FF:FF:FF] [ 2| 7 ACKs]13:35:31  Sending 64 directed DeAuth (code 7). STMAC: [FF:FF:FF:FF:FF:FF] [ 2| 8 ACKs]13:35:32  Sending 64 directed DeAuth (code 7). STMAC: [FF:FF:FF:FF:FF:FF] [ 3| 8 ACKs]13:35:32  Sending 64 directed DeAuth (code 7). STMAC: [FF:FF:FF:FF:FF:FF] [ 3| 9 ACKs]13:35:32  Sending 64 directed DeAuth (code 7). STMAC: [FF:FF:FF:FF:FF:FF] [ 4| 9 ACKs]13:35:32  Sending 64 directed DeAuth (code 7). STMAC: [FF:FF:FF:FF:FF:FF] [ 4|10 ACKs]13:35:32  Sending 64 directed DeAuth (code 7). STMAC: [FF:FF:FF:FF:FF:FF] [ 5|10 ACKs]13:35:32  Sending 64 directed DeAuth (code 7). STMAC: [FF:FF:FF:FF:FF:FF] [ 5|11 ACKs]13:35:32  Sending 64 directed DeAuth (code 7). STMAC: [FF:FF:FF:FF:FF:FF] [ 6|11 ACKs]13:35:32  Sending 64 directed DeAuth (code 7). STMAC: [FF:FF:FF:FF:FF:FF] [ 6|12 ACKs]13:35:32  Sending 64 directed DeAuth (code 7). STMAC: [FF:FF:FF:FF:FF:FF] [ 7|12 ACKs]13:35:32  Sending 64 directed DeAuth (code 7). STMAC: [FF:FF:FF:FF:FF:FF] [ 7|13 ACKs]13:35:32  Sending 64 directed DeAuth (code 7). STMAC: [FF:FF:FF:FF:FF:FF] [ 8|13 ACKs]13:35:32  Sending 64 directed DeAuth (code 7). STMAC: [FF:FF:FF:FF:FF:FF] [ 8|14 ACKs]13:35:32  Sending 64 directed DeAuth (code 7). STMAC: [FF:FF:FF:FF:FF:FF] [ 9|14 ACKs]13:35:32  Sending 64 directed DeAuth (code 7). STMAC: [FF:FF:FF:FF:FF:FF] [ 9|15 ACKs]13:35:32  Sending 64 directed DeAuth (code 7). STMAC: [FF:FF:FF:FF:FF:FF] [10|15 ACKs]13:35:32  Sending 64 directed DeAuth (code 7). STMAC: [FF:FF:FF:FF:FF:FF] [10|16 ACKs]13:35:32  Sending 64 directed DeAuth (code 7). STMAC: [FF:FF:FF:FF:FF:FF] [11|16 ACKs]13:35:32  Sending 64 directed DeAuth (code 7). STMAC: [FF:FF:FF:FF:FF:FF] [11|17 ACKs]13:35:32  Sending 64 directed DeAuth (code 7). STMAC: [FF:FF:FF:FF:FF:FF] [12|17 ACKs]13:35:32  Sending 64 directed DeAuth (code 7). STMAC: [FF:FF:FF:FF:FF:FF] [12|18 ACKs]13:35:32  Sending 64 directed DeAuth (code 7). STMAC: [FF:FF:FF:FF:FF:FF] [13|18 ACKs]13:35:32  Sending 64 directed DeAuth (code 7). STMAC: [FF:FF:FF:FF:FF:FF] [13|19 ACKs]13:35:32  Sending 64 directed DeAuth (code 7). STMAC: [FF:FF:FF:FF:FF:FF] [14|19 ACKs]13:35:32  Sending 64 directed DeAuth (code 7). STMAC: [FF:FF:FF:FF:FF:FF] [14|20 ACKs]13:35:32  Sending 64 directed DeAuth (code 7). STMAC: [FF:FF:FF:FF:FF:FF] [15|20 ACKs]13:35:32  Sending 64 directed DeAuth (code 7). STMAC: [FF:FF:FF:FF:FF:FF] [15|21 ACKs]13:35:32  Sending 64 directed DeAuth (code 7). STMAC: [FF:FF:FF:FF:FF:FF] [15|22 ACKs]13:35:32  Sending 64 directed DeAuth (code 7). STMAC: [FF:FF:FF:FF:FF:FF] [15|23 ACKs]13:35:32  Sending 64 directed DeAuth (code 7). STMAC: [FF:FF:FF:FF:FF:FF] [15|24 ACKs]13:35:32  Sending 64 directed DeAuth (code 7). STMAC: [FF:FF:FF:FF:FF:FF] [15|25 ACKs]13:35:32  Sending 64 directed DeAuth (code 7). STMAC: [FF:FF:FF:FF:FF:FF] [15|26 ACKs]13:35:32  Sending 64 directed DeAuth (code 7). STMAC: [FF:FF:FF:FF:FF:FF] [15|27 ACKs]13:35:32  Sending 64 directed DeAuth (code 7). STMAC: [FF:FF:FF:FF:FF:FF] [15|28 ACKs]13:35:32  Sending 64 directed DeAuth (code 7). STMAC: [FF:FF:FF:FF:FF:FF] [15|29 ACKs]13:35:32  Sending 64 directed DeAuth (code 7). STMAC: [FF:FF:FF:FF:FF:FF] [15|30 ACKs]13:35:32  Sending 64 directed DeAuth (code 7). STMAC: [FF:FF:FF:FF:FF:FF] [15|31 ACKs]13:35:32  Sending 64 directed DeAuth (code 7). STMAC: [FF:FF:FF:FF:FF:FF] [15|32 ACKs]13:35:32  Sending 64 directed DeAuth (code 7). STMAC: [FF:FF:FF:FF:FF:FF] [15|33 ACKs]13:35:32  Sending 64 directed DeAuth (code 7). STMAC: [FF:FF:FF:FF:FF:FF] [15|34 ACKs]13:35:32  Sending 64 directed DeAuth (code 7). STMAC: [FF:FF:FF:FF:FF:FF] [15|35 ACKs]13:35:32  Sending 64 directed DeAuth (code 7). STMAC: [FF:FF:FF:FF:FF:FF] [15|36 ACKs]13:35:32  Sending 64 directed DeAuth (code 7). STMAC: [FF:FF:FF:FF:FF:FF] [15|37 ACKs]13:35:32  Sending 64 directed DeAuth (code 7). STMAC: [FF:FF:FF:FF:FF:FF] [15|38 ACKs]13:35:32  Sending 64 directed DeAuth (code 7). STMAC: [FF:FF:FF:FF:FF:FF] [15|39 ACKs]13:35:32  Sending 64 directed DeAuth (code 7). STMAC: [FF:FF:FF:FF:FF:FF] [15|40 ACKs]13:35:32  Sending 64 directed DeAuth (code 7). STMAC: [FF:FF:FF:FF:FF:FF] [15|41 ACKs]13:35:32  Sending 64 directed DeAuth (code 7). STMAC: [FF:FF:FF:FF:FF:FF] [15|42 ACKs]13:35:32  Sending 64 directed DeAuth (code 7). STMAC: [FF:FF:FF:FF:FF:FF] [15|43 ACKs]13:35:32  Sending 64 directed DeAuth (code 7). STMAC: [FF:FF:FF:FF:FF:FF] [15|44 ACKs]13:35:32  Sending 64 directed DeAuth (code 7). STMAC: [FF:FF:FF:FF:FF:FF] [15|45 ACKs]13:35:32  Sending 64 directed DeAuth (code 7). STMAC: [FF:FF:FF:FF:FF:FF] [15|46 ACKs]13:35:32  Sending 64 directed DeAuth (code 7). STMAC: [FF:FF:FF:FF:FF:FF] [15|47 ACKs]13:35:32  Sending 64 directed DeAuth (code 7). STMAC: [FF:FF:FF:FF:FF:FF] [15|48 ACKs]13:35:32  Sending 64 directed DeAuth (code 7). STMAC: [FF:FF:FF:FF:FF:FF] [15|49 ACKs]13:35:32  Sending 64 directed DeAuth (code 7). STMAC: [FF:FF:FF:FF:FF:FF] [15|50 ACKs]13:35:32  Sending 64 directed DeAuth (code 7). STMAC: [FF:FF:FF:FF:FF:FF] [15|51 ACKs]13:35:32  Sending 64 directed DeAuth (code 7). STMAC: [FF:FF:FF:FF:FF:FF] [15|52 ACKs]13:35:32  Sending 64 directed DeAuth (code 7). STMAC: [FF:FF:FF:FF:FF:FF] [15|53 ACKs]13:35:32  Sending 64 directed DeAuth (code 7). STMAC: [FF:FF:FF:FF:FF:FF] [15|54 ACKs]13:35:32  Sending 64 directed DeAuth (code 7). STMAC: [FF:FF:FF:FF:FF:FF] [15|55 ACKs]13:35:32  Sending 64 directed DeAuth (code 7). STMAC: [FF:FF:FF:FF:FF:FF] [15|56 ACKs]13:35:32  Sending 64 directed DeAuth (code 7). STMAC: [FF:FF:FF:FF:FF:FF] [15|57 ACKs]13:35:32  Sending 64 directed DeAuth (code 7). STMAC: [FF:FF:FF:FF:FF:FF] [15|58 ACKs]13:35:32  Sending 64 directed DeAuth (code 7). STMAC: [FF:FF:FF:FF:FF:FF] [15|59 ACKs]13:35:32  Sending 64 directed DeAuth (code 7). STMAC: [FF:FF:FF:FF:FF:FF] [15|60 ACKs]13:35:32  Sending 64 directed DeAuth (code 7). STMAC: [FF:FF:FF:FF:FF:FF] [15|61 ACKs]13:35:32  Sending 64 directed DeAuth (code 7). STMAC: [FF:FF:FF:FF:FF:FF] [15|62 ACKs]13:35:32  Sending 64 directed DeAuth (code 7). STMAC: [FF:FF:FF:FF:FF:FF] [15|63 ACKs]13:35:32  Sending 64 directed DeAuth (code 7). STMAC: [FF:FF:FF:FF:FF:FF] [15|64 ACKs]
13:35:32  Sending 64 directed DeAuth (code 7). STMAC: [FF:FF:FF:FF:FF:FF] [ 0| 0 ACKs]13:35:32  Sending 64 directed DeAuth (code 7). STMAC: [FF:FF:FF:FF:FF:FF] [ 0| 1 ACKs]13:35:32  Sending 64 directed DeAuth (code 7). STMAC: [FF:FF:FF:FF:FF:FF] [ 0| 2 ACKs]13:35:32  Sending 64 directed DeAuth (code 7). STMAC: [FF:FF:FF:FF:FF:FF] [ 0| 3 ACKs]13:35:32  Sending 64 directed DeAuth (code 7). STMAC: [FF:FF:FF:FF:FF:FF] [ 0| 4 ACKs]13:35:32  Sending 64 directed DeAuth (code 7). STMAC: [FF:FF:FF:FF:FF:FF] [ 0| 5 ACKs]13:35:32  Sending 64 directed DeAuth (code 7). STMAC: [FF:FF:FF:FF:FF:FF] [ 0| 6 ACKs]13:35:32  Sending 64 directed DeAuth (code 7). STMAC: [FF:FF:FF:FF:FF:FF] [ 0| 7 ACKs]13:35:32  Sending 64 directed DeAuth (code 7). STMAC: [FF:FF:FF:FF:FF:FF] [ 0| 8 ACKs]13:35:32  Sending 64 directed DeAuth (code 7). STMAC: [FF:FF:FF:FF:FF:FF] [ 0| 9 ACKs]13:35:32  Sending 64 directed DeAuth (code 7). STMAC: [FF:FF:FF:FF:FF:FF] [ 0|10 ACKs]13:35:32  Sending 64 directed DeAuth (code 7). STMAC: [FF:FF:FF:FF:FF:FF] [ 1|10 ACKs]13:35:32  Sending 64 directed DeAuth (code 7). STMAC: [FF:FF:FF:FF:FF:FF] [ 1|11 ACKs]13:35:32  Sending 64 directed DeAuth (code 7). STMAC: [FF:FF:FF:FF:FF:FF] [ 1|12 ACKs]13:35:32  Sending 64 directed DeAuth (code 7). STMAC: [FF:FF:FF:FF:FF:FF] [ 1|13 ACKs]13:35:32  Sending 64 directed DeAuth (code 7). STMAC: [FF:FF:FF:FF:FF:FF] [ 1|14 ACKs]13:35:32  Sending 64 directed DeAuth (code 7). STMAC: [FF:FF:FF:FF:FF:FF] [ 1|15 ACKs]13:35:32  Sending 64 directed DeAuth (code 7). STMAC: [FF:FF:FF:FF:FF:FF] [ 1|16 ACKs]13:35:32  Sending 64 directed DeAuth (code 7). STMAC: [FF:FF:FF:FF:FF:FF] [ 1|17 ACKs]13:35:32  Sending 64 directed DeAuth (code 7). STMAC: [FF:FF:FF:FF:FF:FF] [ 1|18 ACKs]13:35:32  Sending 64 directed DeAuth (code 7). STMAC: [FF:FF:FF:FF:FF:FF] [ 1|19 ACKs]13:35:32  Sending 64 directed DeAuth (code 7). STMAC: [FF:FF:FF:FF:FF:FF] [ 1|20 ACKs]13:35:32  Sending 64 directed DeAuth (code 7). STMAC: [FF:FF:FF:FF:FF:FF] [ 1|21 ACKs]13:35:32  Sending 64 directed DeAuth (code 7). STMAC: [FF:FF:FF:FF:FF:FF] [ 1|22 ACKs]13:35:32  Sending 64 directed DeAuth (code 7). STMAC: [FF:FF:FF:FF:FF:FF] [ 1|23 ACKs]13:35:32  Sending 64 directed DeAuth (code 7). STMAC: [FF:FF:FF:FF:FF:FF] [ 1|24 ACKs]13:35:32  Sending 64 directed DeAuth (code 7). STMAC: [FF:FF:FF:FF:FF:FF] [ 1|25 ACKs]13:35:32  Sending 64 directed DeAuth (code 7). STMAC: [FF:FF:FF:FF:FF:FF] [ 1|26 ACKs]13:35:32  Sending 64 directed DeAuth (code 7). STMAC: [FF:FF:FF:FF:FF:FF] [ 1|27 ACKs]13:35:32  Sending 64 directed DeAuth (code 7). STMAC: [FF:FF:FF:FF:FF:FF] [ 1|28 ACKs]13:35:32  Sending 64 directed DeAuth (code 7). STMAC: [FF:FF:FF:FF:FF:FF] [ 1|29 ACKs]13:35:32  Sending 64 directed DeAuth (code 7). STMAC: [FF:FF:FF:FF:FF:FF] [ 1|30 ACKs]13:35:32  Sending 64 directed DeAuth (code 7). STMAC: [FF:FF:FF:FF:FF:FF] [ 1|31 ACKs]13:35:32  Sending 64 directed DeAuth (code 7). STMAC: [FF:FF:FF:FF:FF:FF] [ 1|32 ACKs]13:35:32  Sending 64 directed DeAuth (code 7). STMAC: [FF:FF:FF:FF:FF:FF] [ 1|33 ACKs]13:35:32  Sending 64 directed DeAuth (code 7). STMAC: [FF:FF:FF:FF:FF:FF] [ 1|34 ACKs]13:35:32  Sending 64 directed DeAuth (code 7). STMAC: [FF:FF:FF:FF:FF:FF] [ 1|35 ACKs]13:35:32  Sending 64 directed DeAuth (code 7). STMAC: [FF:FF:FF:FF:FF:FF] [ 1|36 ACKs]13:35:32  Sending 64 directed DeAuth (code 7). STMAC: [FF:FF:FF:FF:FF:FF] [ 1|37 ACKs]13:35:32  Sending 64 directed DeAuth (code 7). STMAC: [FF:FF:FF:FF:FF:FF] [ 1|38 ACKs]13:35:32  Sending 64 directed DeAuth (code 7). STMAC: [FF:FF:FF:FF:FF:FF] [ 1|39 ACKs]13:35:32  Sending 64 directed DeAuth (code 7). STMAC: [FF:FF:FF:FF:FF:FF] [ 1|40 ACKs]13:35:32  Sending 64 directed DeAuth (code 7). STMAC: [FF:FF:FF:FF:FF:FF] [ 1|41 ACKs]13:35:32  Sending 64 directed DeAuth (code 7). STMAC: [FF:FF:FF:FF:FF:FF] [ 1|42 ACKs]13:35:32  Sending 64 directed DeAuth (code 7). STMAC: [FF:FF:FF:FF:FF:FF] [ 1|43 ACKs]13:35:32  Sending 64 directed DeAuth (code 7). STMAC: [FF:FF:FF:FF:FF:FF] [ 1|44 ACKs]13:35:32  Sending 64 directed DeAuth (code 7). STMAC: [FF:FF:FF:FF:FF:FF] [ 1|45 ACKs]13:35:32  Sending 64 directed DeAuth (code 7). STMAC: [FF:FF:FF:FF:FF:FF] [ 1|46 ACKs]13:35:32  Sending 64 directed DeAuth (code 7). STMAC: [FF:FF:FF:FF:FF:FF] [ 1|47 ACKs]13:35:32  Sending 64 directed DeAuth (code 7). STMAC: [FF:FF:FF:FF:FF:FF] [ 1|48 ACKs]13:35:32  Sending 64 directed DeAuth (code 7). STMAC: [FF:FF:FF:FF:FF:FF] [ 1|49 ACKs]13:35:32  Sending 64 directed DeAuth (code 7). STMAC: [FF:FF:FF:FF:FF:FF] [ 1|50 ACKs]13:35:32  Sending 64 directed DeAuth (code 7). STMAC: [FF:FF:FF:FF:FF:FF] [ 1|51 ACKs]13:35:32  Sending 64 directed DeAuth (code 7). STMAC: [FF:FF:FF:FF:FF:FF] [ 1|52 ACKs]13:35:32  Sending 64 directed DeAuth (code 7). STMAC: [FF:FF:FF:FF:FF:FF] [ 1|53 ACKs]13:35:32  Sending 64 directed DeAuth (code 7). STMAC: [FF:FF:FF:FF:FF:FF] [ 1|54 ACKs]13:35:32  Sending 64 directed DeAuth (code 7). STMAC: [FF:FF:FF:FF:FF:FF] [ 1|55 ACKs]13:35:32  Sending 64 directed DeAuth (code 7). STMAC: [FF:FF:FF:FF:FF:FF] [ 1|56 ACKs]13:35:32  Sending 64 directed DeAuth (code 7). STMAC: [FF:FF:FF:FF:FF:FF] [ 1|57 ACKs]13:35:32  Sending 64 directed DeAuth (code 7). STMAC: [FF:FF:FF:FF:FF:FF] [ 1|58 ACKs]13:35:32  Sending 64 directed DeAuth (code 7). STMAC: [FF:FF:FF:FF:FF:FF] [ 1|59 ACKs]13:35:32  Sending 64 directed DeAuth (code 7). STMAC: [FF:FF:FF:FF:FF:FF] [ 1|60 ACKs]13:35:32  Sending 64 directed DeAuth (code 7). STMAC: [FF:FF:FF:FF:FF:FF] [ 1|61 ACKs]13:35:32  Sending 64 directed DeAuth (code 7). STMAC: [FF:FF:FF:FF:FF:FF] [ 1|62 ACKs]13:35:32  Sending 64 directed DeAuth (code 7). STMAC: [FF:FF:FF:FF:FF:FF] [ 2|62 ACKs]13:35:32  Sending 64 directed DeAuth (code 7). STMAC: [FF:FF:FF:FF:FF:FF] [ 2|63 ACKs]13:35:32  Sending 64 directed DeAuth (code 7). STMAC: [FF:FF:FF:FF:FF:FF] [ 3|63 ACKs]13:35:32  Sending 64 directed DeAuth (code 7). STMAC: [FF:FF:FF:FF:FF:FF] [ 3|64 ACKs]
13:35:33  Sending 64 directed DeAuth (code 7). STMAC: [FF:FF:FF:FF:FF:FF] [ 0| 0 ACKs]13:35:33  Sending 64 directed DeAuth (code 7). STMAC: [FF:FF:FF:FF:FF:FF] [ 0| 1 ACKs]13:35:33  Sending 64 directed DeAuth (code 7). STMAC: [FF:FF:FF:FF:FF:FF] [ 0| 2 ACKs]13:35:33  Sending 64 directed DeAuth (code 7). STMAC: [FF:FF:FF:FF:FF:FF] [ 0| 3 ACKs]13:35:33  Sending 64 directed DeAuth (code 7). STMAC: [FF:FF:FF:FF:FF:FF] [ 0| 4 ACKs]13:35:33  Sending 64 directed DeAuth (code 7). STMAC: [FF:FF:FF:FF:FF:FF] [ 0| 5 ACKs]13:35:33  Sending 64 directed DeAuth (code 7). STMAC: [FF:FF:FF:FF:FF:FF] [ 0| 6 ACKs]13:35:33  Sending 64 directed DeAuth (code 7). STMAC: [FF:FF:FF:FF:FF:FF] [ 0| 7 ACKs]13:35:33  Sending 64 directed DeAuth (code 7). STMAC: [FF:FF:FF:FF:FF:FF] [ 0| 8 ACKs]13:35:33  Sending 64 directed DeAuth (code 7). STMAC: [FF:FF:FF:FF:FF:FF] [ 0| 9 ACKs]13:35:33  Sending 64 directed DeAuth (code 7). STMAC: [FF:FF:FF:FF:FF:FF] [ 0|10 ACKs]13:35:33  Sending 64 directed DeAuth (code 7). STMAC: [FF:FF:FF:FF:FF:FF] [ 0|11 ACKs]13:35:33  Sending 64 directed DeAuth (code 7). STMAC: [FF:FF:FF:FF:FF:FF] [ 0|12 ACKs]13:35:33  Sending 64 directed DeAuth (code 7). STMAC: [FF:FF:FF:FF:FF:FF] [ 0|13 ACKs]13:35:33  Sending 64 directed DeAuth (code 7). STMAC: [FF:FF:FF:FF:FF:FF] [ 0|14 ACKs]13:35:33  Sending 64 directed DeAuth (code 7). STMAC: [FF:FF:FF:FF:FF:FF] [ 0|15 ACKs]13:35:33  Sending 64 directed DeAuth (code 7). STMAC: [FF:FF:FF:FF:FF:FF] [ 0|16 ACKs]13:35:33  Sending 64 directed DeAuth (code 7). STMAC: [FF:FF:FF:FF:FF:FF] [ 0|17 ACKs]13:35:33  Sending 64 directed DeAuth (code 7). STMAC: [FF:FF:FF:FF:FF:FF] [ 0|18 ACKs]13:35:33  Sending 64 directed DeAuth (code 7). STMAC: [FF:FF:FF:FF:FF:FF] [ 0|19 ACKs]13:35:33  Sending 64 directed DeAuth (code 7). STMAC: [FF:FF:FF:FF:FF:FF] [ 0|20 ACKs]13:35:33  Sending 64 directed DeAuth (code 7). STMAC: [FF:FF:FF:FF:FF:FF] [ 0|21 ACKs]13:35:33  Sending 64 directed DeAuth (code 7). STMAC: [FF:FF:FF:FF:FF:FF] [ 0|22 ACKs]13:35:33  Sending 64 directed DeAuth (code 7). STMAC: [FF:FF:FF:FF:FF:FF] [ 0|23 ACKs]13:35:33  Sending 64 directed DeAuth (code 7). STMAC: [FF:FF:FF:FF:FF:FF] [ 0|24 ACKs]13:35:33  Sending 64 directed DeAuth (code 7). STMAC: [FF:FF:FF:FF:FF:FF] [ 0|25 ACKs]13:35:33  Sending 64 directed DeAuth (code 7). STMAC: [FF:FF:FF:FF:FF:FF] [ 0|26 ACKs]13:35:33  Sending 64 directed DeAuth (code 7). STMAC: [FF:FF:FF:FF:FF:FF] [ 0|27 ACKs]13:35:33  Sending 64 directed DeAuth (code 7). STMAC: [FF:FF:FF:FF:FF:FF] [ 0|28 ACKs]13:35:33  Sending 64 directed DeAuth (code 7). STMAC: [FF:FF:FF:FF:FF:FF] [ 0|29 ACKs]13:35:33  Sending 64 directed DeAuth (code 7). STMAC: [FF:FF:FF:FF:FF:FF] [ 0|30 ACKs]13:35:33  Sending 64 directed DeAuth (code 7). STMAC: [FF:FF:FF:FF:FF:FF] [ 0|31 ACKs]13:35:33  Sending 64 directed DeAuth (code 7). STMAC: [FF:FF:FF:FF:FF:FF] [ 0|32 ACKs]13:35:33  Sending 64 directed DeAuth (code 7). STMAC: [FF:FF:FF:FF:FF:FF] [ 0|33 ACKs]13:35:33  Sending 64 directed DeAuth (code 7). STMAC: [FF:FF:FF:FF:FF:FF] [ 0|34 ACKs]13:35:33  Sending 64 directed DeAuth (code 7). STMAC: [FF:FF:FF:FF:FF:FF] [ 0|35 ACKs]13:35:33  Sending 64 directed DeAuth (code 7). STMAC: [FF:FF:FF:FF:FF:FF] [ 0|36 ACKs]13:35:33  Sending 64 directed DeAuth (code 7). STMAC: [FF:FF:FF:FF:FF:FF] [ 0|37 ACKs]13:35:33  Sending 64 directed DeAuth (code 7). STMAC: [FF:FF:FF:FF:FF:FF] [ 0|38 ACKs]13:35:33  Sending 64 directed DeAuth (code 7). STMAC: [FF:FF:FF:FF:FF:FF] [ 0|39 ACKs]13:35:33  Sending 64 directed DeAuth (code 7). STMAC: [FF:FF:FF:FF:FF:FF] [ 0|40 ACKs]13:35:33  Sending 64 directed DeAuth (code 7). STMAC: [FF:FF:FF:FF:FF:FF] [ 0|41 ACKs]13:35:33  Sending 64 directed DeAuth (code 7). STMAC: [FF:FF:FF:FF:FF:FF] [ 0|42 ACKs]13:35:33  Sending 64 directed DeAuth (code 7). STMAC: [FF:FF:FF:FF:FF:FF] [ 0|43 ACKs]13:35:33  Sending 64 directed DeAuth (code 7). STMAC: [FF:FF:FF:FF:FF:FF] [ 0|44 ACKs]13:35:33  Sending 64 directed DeAuth (code 7). STMAC: [FF:FF:FF:FF:FF:FF] [ 0|45 ACKs]13:35:33  Sending 64 directed DeAuth (code 7). STMAC: [FF:FF:FF:FF:FF:FF] [ 0|46 ACKs]13:35:33  Sending 64 directed DeAuth (code 7). STMAC: [FF:FF:FF:FF:FF:FF] [ 0|47 ACKs]13:35:33  Sending 64 directed DeAuth (code 7). STMAC: [FF:FF:FF:FF:FF:FF] [ 0|48 ACKs]13:35:33  Sending 64 directed DeAuth (code 7). STMAC: [FF:FF:FF:FF:FF:FF] [ 0|49 ACKs]13:35:33  Sending 64 directed DeAuth (code 7). STMAC: [FF:FF:FF:FF:FF:FF] [ 0|50 ACKs]13:35:33  Sending 64 directed DeAuth (code 7). STMAC: [FF:FF:FF:FF:FF:FF] [ 0|51 ACKs]13:35:33  Sending 64 directed DeAuth (code 7). STMAC: [FF:FF:FF:FF:FF:FF] [ 0|52 ACKs]13:35:33  Sending 64 directed DeAuth (code 7). STMAC: [FF:FF:FF:FF:FF:FF] [ 0|53 ACKs]13:35:33  Sending 64 directed DeAuth (code 7). STMAC: [FF:FF:FF:FF:FF:FF] [ 0|54 ACKs]13:35:33  Sending 64 directed DeAuth (code 7). STMAC: [FF:FF:FF:FF:FF:FF] [ 0|55 ACKs]13:35:33  Sending 64 directed DeAuth (code 7). STMAC: [FF:FF:FF:FF:FF:FF] [ 0|56 ACKs]13:35:33  Sending 64 directed DeAuth (code 7). STMAC: [FF:FF:FF:FF:FF:FF] [ 0|57 ACKs]13:35:33  Sending 64 directed DeAuth (code 7). STMAC: [FF:FF:FF:FF:FF:FF] [ 0|58 ACKs]13:35:33  Sending 64 directed DeAuth (code 7). STMAC: [FF:FF:FF:FF:FF:FF] [ 0|59 ACKs]13:35:33  Sending 64 directed DeAuth (code 7). STMAC: [FF:FF:FF:FF:FF:FF] [ 0|60 ACKs]13:35:33  Sending 64 directed DeAuth (code 7). STMAC: [FF:FF:FF:FF:FF:FF] [ 0|61 ACKs]13:35:33  Sending 64 directed DeAuth (code 7). STMAC: [FF:FF:FF:FF:FF:FF] [ 0|62 ACKs]13:35:33  Sending 64 directed DeAuth (code 7). STMAC: [FF:FF:FF:FF:FF:FF] [ 0|63 ACKs]13:35:33  Sending 64 directed DeAuth (code 7). STMAC: [FF:FF:FF:FF:FF:FF] [ 0|64 ACKs]
13:35:33  Sending 64 directed DeAuth (code 7). STMAC: [FF:FF:FF:FF:FF:FF] [ 0| 0 ACKs]13:35:33  Sending 64 directed DeAuth (code 7). STMAC: [FF:FF:FF:FF:FF:FF] [ 0| 0 ACKs]13:35:33  Sending 64 directed DeAuth (code 7). STMAC: [FF:FF:FF:FF:FF:FF] [ 0| 1 ACKs]13:35:33  Sending 64 directed DeAuth (code 7). STMAC: [FF:FF:FF:FF:FF:FF] [ 1| 1 ACKs]13:35:33  Sending 64 directed DeAuth (code 7). STMAC: [FF:FF:FF:FF:FF:FF] [ 1| 2 ACKs]13:35:33  Sending 64 directed DeAuth (code 7). STMAC: [FF:FF:FF:FF:FF:FF] [ 2| 2 ACKs]13:35:33  Sending 64 directed DeAuth (code 7). STMAC: [FF:FF:FF:FF:FF:FF] [ 2| 3 ACKs]13:35:33  Sending 64 directed DeAuth (code 7). STMAC: [FF:FF:FF:FF:FF:FF] [ 2| 3 ACKs]13:35:33  Sending 64 directed DeAuth (code 7). STMAC: [FF:FF:FF:FF:FF:FF] [ 2| 4 ACKs]13:35:33  Sending 64 directed DeAuth (code 7). STMAC: [FF:FF:FF:FF:FF:FF] [ 2| 5 ACKs]13:35:33  Sending 64 directed DeAuth (code 7). STMAC: [FF:FF:FF:FF:FF:FF] [ 2| 6 ACKs]13:35:33  Sending 64 directed DeAuth (code 7). STMAC: [FF:FF:FF:FF:FF:FF] [ 2| 7 ACKs]13:35:33  Sending 64 directed DeAuth (code 7). STMAC: [FF:FF:FF:FF:FF:FF] [ 2| 8 ACKs]13:35:33  Sending 64 directed DeAuth (code 7). STMAC: [FF:FF:FF:FF:FF:FF] [ 2| 9 ACKs]13:35:33  Sending 64 directed DeAuth (code 7). STMAC: [FF:FF:FF:FF:FF:FF] [ 2|10 ACKs]13:35:33  Sending 64 directed DeAuth (code 7). STMAC: [FF:FF:FF:FF:FF:FF] [ 2|11 ACKs]13:35:33  Sending 64 directed DeAuth (code 7). STMAC: [FF:FF:FF:FF:FF:FF] [ 2|12 ACKs]13:35:33  Sending 64 directed DeAuth (code 7). STMAC: [FF:FF:FF:FF:FF:FF] [ 2|13 ACKs]13:35:33  Sending 64 directed DeAuth (code 7). STMAC: [FF:FF:FF:FF:FF:FF] [ 2|14 ACKs]13:35:33  Sending 64 directed DeAuth (code 7). STMAC: [FF:FF:FF:FF:FF:FF] [ 2|15 ACKs]13:35:33  Sending 64 directed DeAuth (code 7). STMAC: [FF:FF:FF:FF:FF:FF] [ 2|16 ACKs]13:35:33  Sending 64 directed DeAuth (code 7). STMAC: [FF:FF:FF:FF:FF:FF] [ 2|17 ACKs]13:35:33  Sending 64 directed DeAuth (code 7). STMAC: [FF:FF:FF:FF:FF:FF] [ 2|18 ACKs]13:35:33  Sending 64 directed DeAuth (code 7). STMAC: [FF:FF:FF:FF:FF:FF] [ 2|19 ACKs]13:35:33  Sending 64 directed DeAuth (code 7). STMAC: [FF:FF:FF:FF:FF:FF] [ 2|20 ACKs]13:35:33  Sending 64 directed DeAuth (code 7). STMAC: [FF:FF:FF:FF:FF:FF] [ 2|21 ACKs]13:35:33  Sending 64 directed DeAuth (code 7). STMAC: [FF:FF:FF:FF:FF:FF] [ 2|22 ACKs]13:35:33  Sending 64 directed DeAuth (code 7). STMAC: [FF:FF:FF:FF:FF:FF] [ 2|23 ACKs]13:35:33  Sending 64 directed DeAuth (code 7). STMAC: [FF:FF:FF:FF:FF:FF] [ 2|24 ACKs]13:35:33  Sending 64 directed DeAuth (code 7). STMAC: [FF:FF:FF:FF:FF:FF] [ 2|25 ACKs]13:35:33  Sending 64 directed DeAuth (code 7). STMAC: [FF:FF:FF:FF:FF:FF] [ 2|26 ACKs]13:35:33  Sending 64 directed DeAuth (code 7). STMAC: [FF:FF:FF:FF:FF:FF] [ 2|27 ACKs]13:35:33  Sending 64 directed DeAuth (code 7). STMAC: [FF:FF:FF:FF:FF:FF] [ 2|28 ACKs]13:35:33  Sending 64 directed DeAuth (code 7). STMAC: [FF:FF:FF:FF:FF:FF] [ 2|29 ACKs]13:35:33  Sending 64 directed DeAuth (code 7). STMAC: [FF:FF:FF:FF:FF:FF] [ 2|30 ACKs]13:35:33  Sending 64 directed DeAuth (code 7). STMAC: [FF:FF:FF:FF:FF:FF] [ 2|31 ACKs]13:35:33  Sending 64 directed DeAuth (code 7). STMAC: [FF:FF:FF:FF:FF:FF] [ 2|32 ACKs]13:35:33  Sending 64 directed DeAuth (code 7). STMAC: [FF:FF:FF:FF:FF:FF] [ 2|33 ACKs]13:35:33  Sending 64 directed DeAuth (code 7). STMAC: [FF:FF:FF:FF:FF:FF] [ 2|34 ACKs]13:35:33  Sending 64 directed DeAuth (code 7). STMAC: [FF:FF:FF:FF:FF:FF] [ 2|35 ACKs]13:35:33  Sending 64 directed DeAuth (code 7). STMAC: [FF:FF:FF:FF:FF:FF] [ 2|36 ACKs]13:35:33  Sending 64 directed DeAuth (code 7). STMAC: [FF:FF:FF:FF:FF:FF] [ 2|37 ACKs]13:35:33  Sending 64 directed DeAuth (code 7). STMAC: [FF:FF:FF:FF:FF:FF] [ 2|38 ACKs]13:35:33  Sending 64 directed DeAuth (code 7). STMAC: [FF:FF:FF:FF:FF:FF] [ 2|39 ACKs]13:35:33  Sending 64 directed DeAuth (code 7). STMAC: [FF:FF:FF:FF:FF:FF] [ 2|40 ACKs]13:35:33  Sending 64 directed DeAuth (code 7). STMAC: [FF:FF:FF:FF:FF:FF] [ 2|41 ACKs]13:35:33  Sending 64 directed DeAuth (code 7). STMAC: [FF:FF:FF:FF:FF:FF] [ 2|42 ACKs]13:35:33  Sending 64 directed DeAuth (code 7). STMAC: [FF:FF:FF:FF:FF:FF] [ 2|43 ACKs]13:35:33  Sending 64 directed DeAuth (code 7). STMAC: [FF:FF:FF:FF:FF:FF] [ 2|44 ACKs]13:35:33  Sending 64 directed DeAuth (code 7). STMAC: [FF:FF:FF:FF:FF:FF] [ 2|45 ACKs]13:35:33  Sending 64 directed DeAuth (code 7). STMAC: [FF:FF:FF:FF:FF:FF] [ 2|46 ACKs]13:35:33  Sending 64 directed DeAuth (code 7). STMAC: [FF:FF:FF:FF:FF:FF] [ 2|47 ACKs]13:35:33  Sending 64 directed DeAuth (code 7). STMAC: [FF:FF:FF:FF:FF:FF] [ 2|48 ACKs]13:35:33  Sending 64 directed DeAuth (code 7). STMAC: [FF:FF:FF:FF:FF:FF] [ 2|49 ACKs]13:35:33  Sending 64 directed DeAuth (code 7). STMAC: [FF:FF:FF:FF:FF:FF] [ 2|50 ACKs]13:35:33  Sending 64 directed DeAuth (code 7). STMAC: [FF:FF:FF:FF:FF:FF] [ 2|51 ACKs]13:35:33  Sending 64 directed DeAuth (code 7). STMAC: [FF:FF:FF:FF:FF:FF] [ 2|52 ACKs]13:35:33  Sending 64 directed DeAuth (code 7). STMAC: [FF:FF:FF:FF:FF:FF] [ 2|53 ACKs]13:35:34  Sending 64 directed DeAuth (code 7). STMAC: [FF:FF:FF:FF:FF:FF] [ 2|54 ACKs]13:35:34  Sending 64 directed DeAuth (code 7). STMAC: [FF:FF:FF:FF:FF:FF] [ 2|55 ACKs]13:35:34  Sending 64 directed DeAuth (code 7). STMAC: [FF:FF:FF:FF:FF:FF] [ 2|56 ACKs]13:35:34  Sending 64 directed DeAuth (code 7). STMAC: [FF:FF:FF:FF:FF:FF] [ 2|57 ACKs]13:35:34  Sending 64 directed DeAuth (code 7). STMAC: [FF:FF:FF:FF:FF:FF] [ 2|58 ACKs]13:35:34  Sending 64 directed DeAuth (code 7). STMAC: [FF:FF:FF:FF:FF:FF] [ 2|59 ACKs]13:35:34  Sending 64 directed DeAuth (code 7). STMAC: [FF:FF:FF:FF:FF:FF] [ 2|60 ACKs]13:35:34  Sending 64 directed DeAuth (code 7). STMAC: [FF:FF:FF:FF:FF:FF] [ 2|61 ACKs]13:35:34  Sending 64 directed DeAuth (code 7). STMAC: [FF:FF:FF:FF:FF:FF] [ 2|62 ACKs]13:35:34  Sending 64 directed DeAuth (code 7). STMAC: [FF:FF:FF:FF:FF:FF] [ 2|63 ACKs]13:35:34  Sending 64 directed DeAuth (code 7). STMAC: [FF:FF:FF:FF:FF:FF] [ 2|64 ACKs]
13:35:34  Sending 64 directed DeAuth (code 7). STMAC: [FF:FF:FF:FF:FF:FF] [ 0| 0 ACKs]13:35:34  Sending 64 directed DeAuth (code 7). STMAC: [FF:FF:FF:FF:FF:FF] [ 1| 0 ACKs]13:35:34  Sending 64 directed DeAuth (code 7). STMAC: [FF:FF:FF:FF:FF:FF] [ 1| 1 ACKs]13:35:34  Sending 64 directed DeAuth (code 7). STMAC: [FF:FF:FF:FF:FF:FF] [ 1| 2 ACKs]13:35:34  Sending 64 directed DeAuth (code 7). STMAC: [FF:FF:FF:FF:FF:FF] [ 1| 3 ACKs]13:35:34  Sending 64 directed DeAuth (code 7). STMAC: [FF:FF:FF:FF:FF:FF] [ 1| 4 ACKs]13:35:34  Sending 64 directed DeAuth (code 7). STMAC: [FF:FF:FF:FF:FF:FF] [ 1| 5 ACKs]13:35:34  Sending 64 directed DeAuth (code 7). STMAC: [FF:FF:FF:FF:FF:FF] [ 1| 6 ACKs]13:35:34  Sending 64 directed DeAuth (code 7). STMAC: [FF:FF:FF:FF:FF:FF] [ 1| 7 ACKs]13:35:34  Sending 64 directed DeAuth (code 7). STMAC: [FF:FF:FF:FF:FF:FF] [ 1| 8 ACKs]13:35:34  Sending 64 directed DeAuth (code 7). STMAC: [FF:FF:FF:FF:FF:FF] [ 1| 9 ACKs]13:35:34  Sending 64 directed DeAuth (code 7). STMAC: [FF:FF:FF:FF:FF:FF] [ 1|10 ACKs]13:35:34  Sending 64 directed DeAuth (code 7). STMAC: [FF:FF:FF:FF:FF:FF] [ 1|11 ACKs]13:35:34  Sending 64 directed DeAuth (code 7). STMAC: [FF:FF:FF:FF:FF:FF] [ 1|12 ACKs]13:35:34  Sending 64 directed DeAuth (code 7). STMAC: [FF:FF:FF:FF:FF:FF] [ 1|13 ACKs]13:35:34  Sending 64 directed DeAuth (code 7). STMAC: [FF:FF:FF:FF:FF:FF] [ 1|14 ACKs]13:35:34  Sending 64 directed DeAuth (code 7). STMAC: [FF:FF:FF:FF:FF:FF] [ 1|15 ACKs]13:35:34  Sending 64 directed DeAuth (code 7). STMAC: [FF:FF:FF:FF:FF:FF] [ 1|16 ACKs]13:35:34  Sending 64 directed DeAuth (code 7). STMAC: [FF:FF:FF:FF:FF:FF] [ 1|17 ACKs]13:35:34  Sending 64 directed DeAuth (code 7). STMAC: [FF:FF:FF:FF:FF:FF] [ 1|18 ACKs]13:35:34  Sending 64 directed DeAuth (code 7). STMAC: [FF:FF:FF:FF:FF:FF] [ 1|19 ACKs]13:35:34  Sending 64 directed DeAuth (code 7). STMAC: [FF:FF:FF:FF:FF:FF] [ 1|20 ACKs]13:35:34  Sending 64 directed DeAuth (code 7). STMAC: [FF:FF:FF:FF:FF:FF] [ 1|21 ACKs]13:35:34  Sending 64 directed DeAuth (code 7). STMAC: [FF:FF:FF:FF:FF:FF] [ 1|22 ACKs]13:35:34  Sending 64 directed DeAuth (code 7). STMAC: [FF:FF:FF:FF:FF:FF] [ 1|23 ACKs]13:35:34  Sending 64 directed DeAuth (code 7). STMAC: [FF:FF:FF:FF:FF:FF] [ 1|24 ACKs]13:35:34  Sending 64 directed DeAuth (code 7). STMAC: [FF:FF:FF:FF:FF:FF] [ 1|25 ACKs]13:35:34  Sending 64 directed DeAuth (code 7). STMAC: [FF:FF:FF:FF:FF:FF] [ 1|26 ACKs]13:35:34  Sending 64 directed DeAuth (code 7). STMAC: [FF:FF:FF:FF:FF:FF] [ 1|27 ACKs]13:35:34  Sending 64 directed DeAuth (code 7). STMAC: [FF:FF:FF:FF:FF:FF] [ 1|28 ACKs]13:35:34  Sending 64 directed DeAuth (code 7). STMAC: [FF:FF:FF:FF:FF:FF] [ 1|29 ACKs]13:35:34  Sending 64 directed DeAuth (code 7). STMAC: [FF:FF:FF:FF:FF:FF] [ 1|30 ACKs]13:35:34  Sending 64 directed DeAuth (code 7). STMAC: [FF:FF:FF:FF:FF:FF] [ 1|31 ACKs]13:35:34  Sending 64 directed DeAuth (code 7). STMAC: [FF:FF:FF:FF:FF:FF] [ 2|31 ACKs]13:35:34  Sending 64 directed DeAuth (code 7). STMAC: [FF:FF:FF:FF:FF:FF] [ 2|32 ACKs]13:35:34  Sending 64 directed DeAuth (code 7). STMAC: [FF:FF:FF:FF:FF:FF] [ 3|32 ACKs]13:35:34  Sending 64 directed DeAuth (code 7). STMAC: [FF:FF:FF:FF:FF:FF] [ 3|33 ACKs]13:35:34  Sending 64 directed DeAuth (code 7). STMAC: [FF:FF:FF:FF:FF:FF] [ 3|34 ACKs]13:35:34  Sending 64 directed DeAuth (code 7). STMAC: [FF:FF:FF:FF:FF:FF] [ 3|35 ACKs]13:35:34  Sending 64 directed DeAuth (code 7). STMAC: [FF:FF:FF:FF:FF:FF] [ 3|36 ACKs]13:35:34  Sending 64 directed DeAuth (code 7). STMAC: [FF:FF:FF:FF:FF:FF] [ 3|37 ACKs]13:35:34  Sending 64 directed DeAuth (code 7). STMAC: [FF:FF:FF:FF:FF:FF] [ 3|38 ACKs]13:35:34  Sending 64 directed DeAuth (code 7). STMAC: [FF:FF:FF:FF:FF:FF] [ 3|39 ACKs]13:35:34  Sending 64 directed DeAuth (code 7). STMAC: [FF:FF:FF:FF:FF:FF] [ 3|40 ACKs]13:35:34  Sending 64 directed DeAuth (code 7). STMAC: [FF:FF:FF:FF:FF:FF] [ 3|41 ACKs]13:35:34  Sending 64 directed DeAuth (code 7). STMAC: [FF:FF:FF:FF:FF:FF] [ 3|42 ACKs]13:35:34  Sending 64 directed DeAuth (code 7). STMAC: [FF:FF:FF:FF:FF:FF] [ 3|43 ACKs]13:35:34  Sending 64 directed DeAuth (code 7). STMAC: [FF:FF:FF:FF:FF:FF] [ 3|44 ACKs]13:35:34  Sending 64 directed DeAuth (code 7). STMAC: [FF:FF:FF:FF:FF:FF] [ 3|45 ACKs]13:35:34  Sending 64 directed DeAuth (code 7). STMAC: [FF:FF:FF:FF:FF:FF] [ 3|46 ACKs]13:35:34  Sending 64 directed DeAuth (code 7). STMAC: [FF:FF:FF:FF:FF:FF] [ 3|47 ACKs]13:35:34  Sending 64 directed DeAuth (code 7). STMAC: [FF:FF:FF:FF:FF:FF] [ 3|48 ACKs]13:35:34  Sending 64 directed DeAuth (code 7). STMAC: [FF:FF:FF:FF:FF:FF] [ 3|49 ACKs]13:35:34  Sending 64 directed DeAuth (code 7). STMAC: [FF:FF:FF:FF:FF:FF] [ 3|50 ACKs]13:35:34  Sending 64 directed DeAuth (code 7). STMAC: [FF:FF:FF:FF:FF:FF] [ 3|51 ACKs]13:35:34  Sending 64 directed DeAuth (code 7). STMAC: [FF:FF:FF:FF:FF:FF] [ 3|52 ACKs]13:35:34  Sending 64 directed DeAuth (code 7). STMAC: [FF:FF:FF:FF:FF:FF] [ 3|53 ACKs]13:35:34  Sending 64 directed DeAuth (code 7). STMAC: [FF:FF:FF:FF:FF:FF] [ 3|54 ACKs]13:35:34  Sending 64 directed DeAuth (code 7). STMAC: [FF:FF:FF:FF:FF:FF] [ 3|55 ACKs]13:35:34  Sending 64 directed DeAuth (code 7). STMAC: [FF:FF:FF:FF:FF:FF] [ 3|56 ACKs]13:35:34  Sending 64 directed DeAuth (code 7). STMAC: [FF:FF:FF:FF:FF:FF] [ 3|57 ACKs]13:35:34  Sending 64 directed DeAuth (code 7). STMAC: [FF:FF:FF:FF:FF:FF] [ 3|58 ACKs]13:35:34  Sending 64 directed DeAuth (code 7). STMAC: [FF:FF:FF:FF:FF:FF] [ 3|59 ACKs]13:35:34  Sending 64 directed DeAuth (code 7). STMAC: [FF:FF:FF:FF:FF:FF] [ 3|60 ACKs]13:35:34  Sending 64 directed DeAuth (code 7). STMAC: [FF:FF:FF:FF:FF:FF] [ 3|61 ACKs]13:35:34  Sending 64 directed DeAuth (code 7). STMAC: [FF:FF:FF:FF:FF:FF] [ 3|62 ACKs]13:35:34  Sending 64 directed DeAuth (code 7). STMAC: [FF:FF:FF:FF:FF:FF] [ 3|63 ACKs]13:35:34  Sending 64 directed DeAuth (code 7). STMAC: [FF:FF:FF:FF:FF:FF] [ 3|64 ACKs]
13:35:34  Sending 64 directed DeAuth (code 7). STMAC: [FF:FF:FF:FF:FF:FF] [ 0| 0 ACKs]13:35:34  Sending 64 directed DeAuth (code 7). STMAC: [FF:FF:FF:FF:FF:FF] [ 1| 0 ACKs]13:35:34  Sending 64 directed DeAuth (code 7). STMAC: [FF:FF:FF:FF:FF:FF] [ 2| 0 ACKs]13:35:34  Sending 64 directed DeAuth (code 7). STMAC: [FF:FF:FF:FF:FF:FF] [ 2| 1 ACKs]13:35:34  Sending 64 directed DeAuth (code 7). STMAC: [FF:FF:FF:FF:FF:FF] [ 2| 2 ACKs]13:35:34  Sending 64 directed DeAuth (code 7). STMAC: [FF:FF:FF:FF:FF:FF] [ 2| 3 ACKs]13:35:34  Sending 64 directed DeAuth (code 7). STMAC: [FF:FF:FF:FF:FF:FF] [ 2| 4 ACKs]13:35:34  Sending 64 directed DeAuth (code 7). STMAC: [FF:FF:FF:FF:FF:FF] [ 2| 5 ACKs]13:35:34  Sending 64 directed DeAuth (code 7). STMAC: [FF:FF:FF:FF:FF:FF] [ 2| 6 ACKs]13:35:34  Sending 64 directed DeAuth (code 7). STMAC: [FF:FF:FF:FF:FF:FF] [ 2| 7 ACKs]13:35:34  Sending 64 directed DeAuth (code 7). STMAC: [FF:FF:FF:FF:FF:FF] [ 2| 8 ACKs]13:35:34  Sending 64 directed DeAuth (code 7). STMAC: [FF:FF:FF:FF:FF:FF] [ 2| 9 ACKs]13:35:34  Sending 64 directed DeAuth (code 7). STMAC: [FF:FF:FF:FF:FF:FF] [ 2|10 ACKs]13:35:34  Sending 64 directed DeAuth (code 7). STMAC: [FF:FF:FF:FF:FF:FF] [ 2|11 ACKs]13:35:34  Sending 64 directed DeAuth (code 7). STMAC: [FF:FF:FF:FF:FF:FF] [ 2|12 ACKs]13:35:34  Sending 64 directed DeAuth (code 7). STMAC: [FF:FF:FF:FF:FF:FF] [ 2|13 ACKs]13:35:34  Sending 64 directed DeAuth (code 7). STMAC: [FF:FF:FF:FF:FF:FF] [ 2|14 ACKs]13:35:34  Sending 64 directed DeAuth (code 7). STMAC: [FF:FF:FF:FF:FF:FF] [ 2|15 ACKs]13:35:34  Sending 64 directed DeAuth (code 7). STMAC: [FF:FF:FF:FF:FF:FF] [ 2|16 ACKs]13:35:34  Sending 64 directed DeAuth (code 7). STMAC: [FF:FF:FF:FF:FF:FF] [ 2|17 ACKs]13:35:34  Sending 64 directed DeAuth (code 7). STMAC: [FF:FF:FF:FF:FF:FF] [ 2|18 ACKs]13:35:34  Sending 64 directed DeAuth (code 7). STMAC: [FF:FF:FF:FF:FF:FF] [ 2|19 ACKs]13:35:34  Sending 64 directed DeAuth (code 7). STMAC: [FF:FF:FF:FF:FF:FF] [ 2|20 ACKs]13:35:34  Sending 64 directed DeAuth (code 7). STMAC: [FF:FF:FF:FF:FF:FF] [ 2|21 ACKs]13:35:34  Sending 64 directed DeAuth (code 7). STMAC: [FF:FF:FF:FF:FF:FF] [ 2|22 ACKs]13:35:34  Sending 64 directed DeAuth (code 7). STMAC: [FF:FF:FF:FF:FF:FF] [ 2|23 ACKs]13:35:34  Sending 64 directed DeAuth (code 7). STMAC: [FF:FF:FF:FF:FF:FF] [ 2|24 ACKs]13:35:34  Sending 64 directed DeAuth (code 7). STMAC: [FF:FF:FF:FF:FF:FF] [ 2|25 ACKs]13:35:34  Sending 64 directed DeAuth (code 7). STMAC: [FF:FF:FF:FF:FF:FF] [ 2|26 ACKs]13:35:35  Sending 64 directed DeAuth (code 7). STMAC: [FF:FF:FF:FF:FF:FF] [ 2|27 ACKs]13:35:35  Sending 64 directed DeAuth (code 7). STMAC: [FF:FF:FF:FF:FF:FF] [ 2|28 ACKs]13:35:35  Sending 64 directed DeAuth (code 7). STMAC: [FF:FF:FF:FF:FF:FF] [ 2|29 ACKs]13:35:35  Sending 64 directed DeAuth (code 7). STMAC: [FF:FF:FF:FF:FF:FF] [ 2|30 ACKs]13:35:35  Sending 64 directed DeAuth (code 7). STMAC: [FF:FF:FF:FF:FF:FF] [ 2|31 ACKs]13:35:35  Sending 64 directed DeAuth (code 7). STMAC: [FF:FF:FF:FF:FF:FF] [ 2|32 ACKs]13:35:35  Sending 64 directed DeAuth (code 7). STMAC: [FF:FF:FF:FF:FF:FF] [ 2|33 ACKs]13:35:35  Sending 64 directed DeAuth (code 7). STMAC: [FF:FF:FF:FF:FF:FF] [ 2|34 ACKs]13:35:35  Sending 64 directed DeAuth (code 7). STMAC: [FF:FF:FF:FF:FF:FF] [ 2|35 ACKs]13:35:35  Sending 64 directed DeAuth (code 7). STMAC: [FF:FF:FF:FF:FF:FF] [ 2|36 ACKs]13:35:35  Sending 64 directed DeAuth (code 7). STMAC: [FF:FF:FF:FF:FF:FF] [ 3|36 ACKs]13:35:35  Sending 64 directed DeAuth (code 7). STMAC: [FF:FF:FF:FF:FF:FF] [ 3|37 ACKs]13:35:35  Sending 64 directed DeAuth (code 7). STMAC: [FF:FF:FF:FF:FF:FF] [ 3|37 ACKs]13:35:35  Sending 64 directed DeAuth (code 7). STMAC: [FF:FF:FF:FF:FF:FF] [ 4|37 ACKs]13:35:35  Sending 64 directed DeAuth (code 7). STMAC: [FF:FF:FF:FF:FF:FF] [ 5|37 ACKs]13:35:35  Sending 64 directed DeAuth (code 7). STMAC: [FF:FF:FF:FF:FF:FF] [ 6|37 ACKs]13:35:35  Sending 64 directed DeAuth (code 7). STMAC: [FF:FF:FF:FF:FF:FF] [ 6|38 ACKs]13:35:35  Sending 64 directed DeAuth (code 7). STMAC: [FF:FF:FF:FF:FF:FF] [ 7|38 ACKs]13:35:35  Sending 64 directed DeAuth (code 7). STMAC: [FF:FF:FF:FF:FF:FF] [ 7|39 ACKs]13:35:35  Sending 64 directed DeAuth (code 7). STMAC: [FF:FF:FF:FF:FF:FF] [ 8|39 ACKs]13:35:35  Sending 64 directed DeAuth (code 7). STMAC: [FF:FF:FF:FF:FF:FF] [ 8|40 ACKs]13:35:35  Sending 64 directed DeAuth (code 7). STMAC: [FF:FF:FF:FF:FF:FF] [ 9|40 ACKs]13:35:35  Sending 64 directed DeAuth (code 7). STMAC: [FF:FF:FF:FF:FF:FF] [ 9|41 ACKs]13:35:35  Sending 64 directed DeAuth (code 7). STMAC: [FF:FF:FF:FF:FF:FF] [10|41 ACKs]13:35:35  Sending 64 directed DeAuth (code 7). STMAC: [FF:FF:FF:FF:FF:FF] [10|42 ACKs]13:35:35  Sending 64 directed DeAuth (code 7). STMAC: [FF:FF:FF:FF:FF:FF] [11|42 ACKs]13:35:35  Sending 64 directed DeAuth (code 7). STMAC: [FF:FF:FF:FF:FF:FF] [11|43 ACKs]13:35:35  Sending 64 directed DeAuth (code 7). STMAC: [FF:FF:FF:FF:FF:FF] [12|43 ACKs]13:35:35  Sending 64 directed DeAuth (code 7). STMAC: [FF:FF:FF:FF:FF:FF] [12|44 ACKs]13:35:35  Sending 64 directed DeAuth (code 7). STMAC: [FF:FF:FF:FF:FF:FF] [13|44 ACKs]13:35:35  Sending 64 directed DeAuth (code 7). STMAC: [FF:FF:FF:FF:FF:FF] [13|45 ACKs]13:35:35  Sending 64 directed DeAuth (code 7). STMAC: [FF:FF:FF:FF:FF:FF] [14|45 ACKs]13:35:35  Sending 64 directed DeAuth (code 7). STMAC: [FF:FF:FF:FF:FF:FF] [14|46 ACKs]13:35:35  Sending 64 directed DeAuth (code 7). STMAC: [FF:FF:FF:FF:FF:FF] [15|46 ACKs]13:35:35  Sending 64 directed DeAuth (code 7). STMAC: [FF:FF:FF:FF:FF:FF] [15|47 ACKs]13:35:35  Sending 64 directed DeAuth (code 7). STMAC: [FF:FF:FF:FF:FF:FF] [16|47 ACKs]13:35:35  Sending 64 directed DeAuth (code 7). STMAC: [FF:FF:FF:FF:FF:FF] [16|48 ACKs]13:35:35  Sending 64 directed DeAuth (code 7). STMAC: [FF:FF:FF:FF:FF:FF] [17|48 ACKs]13:35:35  Sending 64 directed DeAuth (code 7). STMAC: [FF:FF:FF:FF:FF:FF] [17|49 ACKs]13:35:35  Sending 64 directed DeAuth (code 7). STMAC: [FF:FF:FF:FF:FF:FF] [18|49 ACKs]13:35:35  Sending 64 directed DeAuth (code 7). STMAC: [FF:FF:FF:FF:FF:FF] [18|50 ACKs]13:35:35  Sending 64 directed DeAuth (code 7). STMAC: [FF:FF:FF:FF:FF:FF] [19|50 ACKs]13:35:35  Sending 64 directed DeAuth (code 7). STMAC: [FF:FF:FF:FF:FF:FF] [19|51 ACKs]13:35:35  Sending 64 directed DeAuth (code 7). STMAC: [FF:FF:FF:FF:FF:FF] [20|51 ACKs]13:35:35  Sending 64 directed DeAuth (code 7). STMAC: [FF:FF:FF:FF:FF:FF] [20|52 ACKs]13:35:35  Sending 64 directed DeAuth (code 7). STMAC: [FF:FF:FF:FF:FF:FF] [21|52 ACKs]13:35:35  Sending 64 directed DeAuth (code 7). STMAC: [FF:FF:FF:FF:FF:FF] [21|53 ACKs]13:35:35  Sending 64 directed DeAuth (code 7). STMAC: [FF:FF:FF:FF:FF:FF] [22|53 ACKs]13:35:35  Sending 64 directed DeAuth (code 7). STMAC: [FF:FF:FF:FF:FF:FF] [22|54 ACKs]13:35:35  Sending 64 directed DeAuth (code 7). STMAC: [FF:FF:FF:FF:FF:FF] [23|54 ACKs]13:35:35  Sending 64 directed DeAuth (code 7). STMAC: [FF:FF:FF:FF:FF:FF] [23|55 ACKs]13:35:35  Sending 64 directed DeAuth (code 7). STMAC: [FF:FF:FF:FF:FF:FF] [24|55 ACKs]13:35:35  Sending 64 directed DeAuth (code 7). STMAC: [FF:FF:FF:FF:FF:FF] [24|56 ACKs]13:35:35  Sending 64 directed DeAuth (code 7). STMAC: [FF:FF:FF:FF:FF:FF] [25|56 ACKs]13:35:35  Sending 64 directed DeAuth (code 7). STMAC: [FF:FF:FF:FF:FF:FF] [25|57 ACKs]13:35:35  Sending 64 directed DeAuth (code 7). STMAC: [FF:FF:FF:FF:FF:FF] [26|57 ACKs]13:35:35  Sending 64 directed DeAuth (code 7). STMAC: [FF:FF:FF:FF:FF:FF] [26|58 ACKs]13:35:35  Sending 64 directed DeAuth (code 7). STMAC: [FF:FF:FF:FF:FF:FF] [27|58 ACKs]13:35:35  Sending 64 directed DeAuth (code 7). STMAC: [FF:FF:FF:FF:FF:FF] [27|59 ACKs]13:35:35  Sending 64 directed DeAuth (code 7). STMAC: [FF:FF:FF:FF:FF:FF] [27|60 ACKs]13:35:35  Sending 64 directed DeAuth (code 7). STMAC: [FF:FF:FF:FF:FF:FF] [28|60 ACKs]13:35:35  Sending 64 directed DeAuth (code 7). STMAC: [FF:FF:FF:FF:FF:FF] [28|61 ACKs]13:35:35  Sending 64 directed DeAuth (code 7). STMAC: [FF:FF:FF:FF:FF:FF] [29|61 ACKs]13:35:35  Sending 64 directed DeAuth (code 7). STMAC: [FF:FF:FF:FF:FF:FF] [29|62 ACKs]13:35:35  Sending 64 directed DeAuth (code 7). STMAC: [FF:FF:FF:FF:FF:FF] [30|62 ACKs]13:35:35  Sending 64 directed DeAuth (code 7). STMAC: [FF:FF:FF:FF:FF:FF] [30|63 ACKs]13:35:35  Sending 64 directed DeAuth (code 7). STMAC: [FF:FF:FF:FF:FF:FF] [30|63 ACKs]13:35:35  Sending 64 directed DeAuth (code 7). STMAC: [FF:FF:FF:FF:FF:FF] [30|64 ACKs]
13:35:35  Sending 64 directed DeAuth (code 7). STMAC: [FF:FF:FF:FF:FF:FF] [ 0| 0 ACKs]13:35:35  Sending 64 directed DeAuth (code 7). STMAC: [FF:FF:FF:FF:FF:FF] [ 0| 0 ACKs]13:35:35  Sending 64 directed DeAuth (code 7). STMAC: [FF:FF:FF:FF:FF:FF] [ 1| 0 ACKs]13:35:35  Sending 64 directed DeAuth (code 7). STMAC: [FF:FF:FF:FF:FF:FF] [ 1| 0 ACKs]13:35:35  Sending 64 directed DeAuth (code 7). STMAC: [FF:FF:FF:FF:FF:FF] [ 2| 0 ACKs]13:35:35  Sending 64 directed DeAuth (code 7). STMAC: [FF:FF:FF:FF:FF:FF] [ 3| 0 ACKs]13:35:35  Sending 64 directed DeAuth (code 7). STMAC: [FF:FF:FF:FF:FF:FF] [ 3| 0 ACKs]13:35:35  Sending 64 directed DeAuth (code 7). STMAC: [FF:FF:FF:FF:FF:FF] [ 4| 0 ACKs]13:35:35  Sending 64 directed DeAuth (code 7). STMAC: [FF:FF:FF:FF:FF:FF] [ 4| 0 ACKs]13:35:35  Sending 64 directed DeAuth (code 7). STMAC: [FF:FF:FF:FF:FF:FF] [ 5| 0 ACKs]13:35:35  Sending 64 directed DeAuth (code 7). STMAC: [FF:FF:FF:FF:FF:FF] [ 5| 0 ACKs]13:35:35  Sending 64 directed DeAuth (code 7). STMAC: [FF:FF:FF:FF:FF:FF] [ 6| 0 ACKs]13:35:35  Sending 64 directed DeAuth (code 7). STMAC: [FF:FF:FF:FF:FF:FF] [ 6| 0 ACKs]13:35:35  Sending 64 directed DeAuth (code 7). STMAC: [FF:FF:FF:FF:FF:FF] [ 7| 0 ACKs]13:35:35  Sending 64 directed DeAuth (code 7). STMAC: [FF:FF:FF:FF:FF:FF] [ 7| 1 ACKs]13:35:35  Sending 64 directed DeAuth (code 7). STMAC: [FF:FF:FF:FF:FF:FF] [ 7| 2 ACKs]13:35:35  Sending 64 directed DeAuth (code 7). STMAC: [FF:FF:FF:FF:FF:FF] [ 8| 2 ACKs]13:35:35  Sending 64 directed DeAuth (code 7). STMAC: [FF:FF:FF:FF:FF:FF] [ 8| 3 ACKs]13:35:35  Sending 64 directed DeAuth (code 7). STMAC: [FF:FF:FF:FF:FF:FF] [ 8| 4 ACKs]13:35:35  Sending 64 directed DeAuth (code 7). STMAC: [FF:FF:FF:FF:FF:FF] [ 8| 5 ACKs]13:35:35  Sending 64 directed DeAuth (code 7). STMAC: [FF:FF:FF:FF:FF:FF] [ 8| 6 ACKs]13:35:35  Sending 64 directed DeAuth (code 7). STMAC: [FF:FF:FF:FF:FF:FF] [ 8| 7 ACKs]13:35:35  Sending 64 directed DeAuth (code 7). STMAC: [FF:FF:FF:FF:FF:FF] [ 8| 8 ACKs]13:35:35  Sending 64 directed DeAuth (code 7). STMAC: [FF:FF:FF:FF:FF:FF] [ 8| 9 ACKs]13:35:35  Sending 64 directed DeAuth (code 7). STMAC: [FF:FF:FF:FF:FF:FF] [ 9| 9 ACKs]13:35:35  Sending 64 directed DeAuth (code 7). STMAC: [FF:FF:FF:FF:FF:FF] [ 9|10 ACKs]13:35:35  Sending 64 directed DeAuth (code 7). STMAC: [FF:FF:FF:FF:FF:FF] [ 9|11 ACKs]13:35:35  Sending 64 directed DeAuth (code 7). STMAC: [FF:FF:FF:FF:FF:FF] [ 9|12 ACKs]13:35:35  Sending 64 directed DeAuth (code 7). STMAC: [FF:FF:FF:FF:FF:FF] [ 9|13 ACKs]13:35:35  Sending 64 directed DeAuth (code 7). STMAC: [FF:FF:FF:FF:FF:FF] [ 9|14 ACKs]13:35:35  Sending 64 directed DeAuth (code 7). STMAC: [FF:FF:FF:FF:FF:FF] [ 9|15 ACKs]13:35:35  Sending 64 directed DeAuth (code 7). STMAC: [FF:FF:FF:FF:FF:FF] [ 9|16 ACKs]13:35:35  Sending 64 directed DeAuth (code 7). STMAC: [FF:FF:FF:FF:FF:FF] [ 9|17 ACKs]13:35:35  Sending 64 directed DeAuth (code 7). STMAC: [FF:FF:FF:FF:FF:FF] [ 9|18 ACKs]13:35:35  Sending 64 directed DeAuth (code 7). STMAC: [FF:FF:FF:FF:FF:FF] [ 9|19 ACKs]13:35:35  Sending 64 directed DeAuth (code 7). STMAC: [FF:FF:FF:FF:FF:FF] [ 9|20 ACKs]13:35:35  Sending 64 directed DeAuth (code 7). STMAC: [FF:FF:FF:FF:FF:FF] [10|20 ACKs]13:35:35  Sending 64 directed DeAuth (code 7). STMAC: [FF:FF:FF:FF:FF:FF] [10|21 ACKs]13:35:35  Sending 64 directed DeAuth (code 7). STMAC: [FF:FF:FF:FF:FF:FF] [10|22 ACKs]13:35:35  Sending 64 directed DeAuth (code 7). STMAC: [FF:FF:FF:FF:FF:FF] [10|23 ACKs]13:35:35  Sending 64 directed DeAuth (code 7). STMAC: [FF:FF:FF:FF:FF:FF] [10|24 ACKs]13:35:35  Sending 64 directed DeAuth (code 7). STMAC: [FF:FF:FF:FF:FF:FF] [10|25 ACKs]13:35:35  Sending 64 directed DeAuth (code 7). STMAC: [FF:FF:FF:FF:FF:FF] [10|26 ACKs]13:35:35  Sending 64 directed DeAuth (code 7). STMAC: [FF:FF:FF:FF:FF:FF] [10|27 ACKs]13:35:35  Sending 64 directed DeAuth (code 7). STMAC: [FF:FF:FF:FF:FF:FF] [10|28 ACKs]13:35:35  Sending 64 directed DeAuth (code 7). STMAC: [FF:FF:FF:FF:FF:FF] [10|29 ACKs]13:35:35  Sending 64 directed DeAuth (code 7). STMAC: [FF:FF:FF:FF:FF:FF] [10|30 ACKs]13:35:35  Sending 64 directed DeAuth (code 7). STMAC: [FF:FF:FF:FF:FF:FF] [10|31 ACKs]13:35:35  Sending 64 directed DeAuth (code 7). STMAC: [FF:FF:FF:FF:FF:FF] [10|32 ACKs]13:35:35  Sending 64 directed DeAuth (code 7). STMAC: [FF:FF:FF:FF:FF:FF] [10|33 ACKs]13:35:35  Sending 64 directed DeAuth (code 7). STMAC: [FF:FF:FF:FF:FF:FF] [10|34 ACKs]13:35:35  Sending 64 directed DeAuth (code 7). STMAC: [FF:FF:FF:FF:FF:FF] [10|35 ACKs]13:35:35  Sending 64 directed DeAuth (code 7). STMAC: [FF:FF:FF:FF:FF:FF] [10|36 ACKs]13:35:35  Sending 64 directed DeAuth (code 7). STMAC: [FF:FF:FF:FF:FF:FF] [10|37 ACKs]13:35:35  Sending 64 directed DeAuth (code 7). STMAC: [FF:FF:FF:FF:FF:FF] [10|38 ACKs]13:35:35  Sending 64 directed DeAuth (code 7). STMAC: [FF:FF:FF:FF:FF:FF] [11|38 ACKs]13:35:35  Sending 64 directed DeAuth (code 7). STMAC: [FF:FF:FF:FF:FF:FF] [11|39 ACKs]13:35:35  Sending 64 directed DeAuth (code 7). STMAC: [FF:FF:FF:FF:FF:FF] [12|39 ACKs]13:35:35  Sending 64 directed DeAuth (code 7). STMAC: [FF:FF:FF:FF:FF:FF] [12|40 ACKs]13:35:35  Sending 64 directed DeAuth (code 7). STMAC: [FF:FF:FF:FF:FF:FF] [12|41 ACKs]13:35:35  Sending 64 directed DeAuth (code 7). STMAC: [FF:FF:FF:FF:FF:FF] [12|42 ACKs]13:35:35  Sending 64 directed DeAuth (code 7). STMAC: [FF:FF:FF:FF:FF:FF] [12|43 ACKs]13:35:35  Sending 64 directed DeAuth (code 7). STMAC: [FF:FF:FF:FF:FF:FF] [12|44 ACKs]13:35:35  Sending 64 directed DeAuth (code 7). STMAC: [FF:FF:FF:FF:FF:FF] [12|45 ACKs]13:35:35  Sending 64 directed DeAuth (code 7). STMAC: [FF:FF:FF:FF:FF:FF] [12|46 ACKs]13:35:35  Sending 64 directed DeAuth (code 7). STMAC: [FF:FF:FF:FF:FF:FF] [12|47 ACKs]13:35:35  Sending 64 directed DeAuth (code 7). STMAC: [FF:FF:FF:FF:FF:FF] [12|48 ACKs]13:35:35  Sending 64 directed DeAuth (code 7). STMAC: [FF:FF:FF:FF:FF:FF] [12|49 ACKs]13:35:35  Sending 64 directed DeAuth (code 7). STMAC: [FF:FF:FF:FF:FF:FF] [12|50 ACKs]13:35:35  Sending 64 directed DeAuth (code 7). STMAC: [FF:FF:FF:FF:FF:FF] [12|51 ACKs]13:35:35  Sending 64 directed DeAuth (code 7). STMAC: [FF:FF:FF:FF:FF:FF] [12|52 ACKs]13:35:35  Sending 64 directed DeAuth (code 7). STMAC: [FF:FF:FF:FF:FF:FF] [12|53 ACKs]13:35:35  Sending 64 directed DeAuth (code 7). STMAC: [FF:FF:FF:FF:FF:FF] [12|54 ACKs]13:35:35  Sending 64 directed DeAuth (code 7). STMAC: [FF:FF:FF:FF:FF:FF] [12|55 ACKs]13:35:35  Sending 64 directed DeAuth (code 7). STMAC: [FF:FF:FF:FF:FF:FF] [12|56 ACKs]13:35:35  Sending 64 directed DeAuth (code 7). STMAC: [FF:FF:FF:FF:FF:FF] [12|57 ACKs]13:35:35  Sending 64 directed DeAuth (code 7). STMAC: [FF:FF:FF:FF:FF:FF] [12|58 ACKs]13:35:35  Sending 64 directed DeAuth (code 7). STMAC: [FF:FF:FF:FF:FF:FF] [12|59 ACKs]13:35:35  Sending 64 directed DeAuth (code 7). STMAC: [FF:FF:FF:FF:FF:FF] [12|60 ACKs]13:35:35  Sending 64 directed DeAuth (code 7). STMAC: [FF:FF:FF:FF:FF:FF] [12|61 ACKs]
13:35:36  Sending 64 directed DeAuth (code 7). STMAC: [FF:FF:FF:FF:FF:FF] [ 0| 0 ACKs]13:35:36  Sending 64 directed DeAuth (code 7). STMAC: [FF:FF:FF:FF:FF:FF] [ 0| 1 ACKs]13:35:36  Sending 64 directed DeAuth (code 7). STMAC: [FF:FF:FF:FF:FF:FF] [ 0| 2 ACKs]13:35:36  Sending 64 directed DeAuth (code 7). STMAC: [FF:FF:FF:FF:FF:FF] [ 0| 3 ACKs]13:35:36  Sending 64 directed DeAuth (code 7). STMAC: [FF:FF:FF:FF:FF:FF] [ 0| 4 ACKs]13:35:36  Sending 64 directed DeAuth (code 7). STMAC: [FF:FF:FF:FF:FF:FF] [ 0| 5 ACKs]13:35:36  Sending 64 directed DeAuth (code 7). STMAC: [FF:FF:FF:FF:FF:FF] [ 0| 6 ACKs]13:35:36  Sending 64 directed DeAuth (code 7). STMAC: [FF:FF:FF:FF:FF:FF] [ 0| 7 ACKs]13:35:36  Sending 64 directed DeAuth (code 7). STMAC: [FF:FF:FF:FF:FF:FF] [ 0| 8 ACKs]13:35:36  Sending 64 directed DeAuth (code 7). STMAC: [FF:FF:FF:FF:FF:FF] [ 0| 9 ACKs]13:35:36  Sending 64 directed DeAuth (code 7). STMAC: [FF:FF:FF:FF:FF:FF] [ 0|10 ACKs]13:35:36  Sending 64 directed DeAuth (code 7). STMAC: [FF:FF:FF:FF:FF:FF] [ 0|11 ACKs]13:35:36  Sending 64 directed DeAuth (code 7). STMAC: [FF:FF:FF:FF:FF:FF] [ 0|12 ACKs]13:35:36  Sending 64 directed DeAuth (code 7). STMAC: [FF:FF:FF:FF:FF:FF] [ 0|13 ACKs]13:35:36  Sending 64 directed DeAuth (code 7). STMAC: [FF:FF:FF:FF:FF:FF] [ 0|14 ACKs]13:35:36  Sending 64 directed DeAuth (code 7). STMAC: [FF:FF:FF:FF:FF:FF] [ 0|15 ACKs]13:35:36  Sending 64 directed DeAuth (code 7). STMAC: [FF:FF:FF:FF:FF:FF] [ 0|16 ACKs]13:35:36  Sending 64 directed DeAuth (code 7). STMAC: [FF:FF:FF:FF:FF:FF] [ 0|17 ACKs]13:35:36  Sending 64 directed DeAuth (code 7). STMAC: [FF:FF:FF:FF:FF:FF] [ 0|18 ACKs]13:35:36  Sending 64 directed DeAuth (code 7). STMAC: [FF:FF:FF:FF:FF:FF] [ 0|19 ACKs]13:35:36  Sending 64 directed DeAuth (code 7). STMAC: [FF:FF:FF:FF:FF:FF] [ 0|20 ACKs]13:35:36  Sending 64 directed DeAuth (code 7). STMAC: [FF:FF:FF:FF:FF:FF] [ 0|21 ACKs]13:35:36  Sending 64 directed DeAuth (code 7). STMAC: [FF:FF:FF:FF:FF:FF] [ 0|22 ACKs]13:35:36  Sending 64 directed DeAuth (code 7). STMAC: [FF:FF:FF:FF:FF:FF] [ 0|23 ACKs]13:35:36  Sending 64 directed DeAuth (code 7). STMAC: [FF:FF:FF:FF:FF:FF] [ 0|24 ACKs]13:35:36  Sending 64 directed DeAuth (code 7). STMAC: [FF:FF:FF:FF:FF:FF] [ 0|25 ACKs]13:35:36  Sending 64 directed DeAuth (code 7). STMAC: [FF:FF:FF:FF:FF:FF] [ 0|26 ACKs]13:35:36  Sending 64 directed DeAuth (code 7). STMAC: [FF:FF:FF:FF:FF:FF] [ 0|27 ACKs]13:35:36  Sending 64 directed DeAuth (code 7). STMAC: [FF:FF:FF:FF:FF:FF] [ 0|28 ACKs]13:35:36  Sending 64 directed DeAuth (code 7). STMAC: [FF:FF:FF:FF:FF:FF] [ 0|29 ACKs]13:35:36  Sending 64 directed DeAuth (code 7). STMAC: [FF:FF:FF:FF:FF:FF] [ 0|30 ACKs]13:35:36  Sending 64 directed DeAuth (code 7). STMAC: [FF:FF:FF:FF:FF:FF] [ 0|31 ACKs]13:35:36  Sending 64 directed DeAuth (code 7). STMAC: [FF:FF:FF:FF:FF:FF] [ 0|32 ACKs]13:35:36  Sending 64 directed DeAuth (code 7). STMAC: [FF:FF:FF:FF:FF:FF] [ 0|33 ACKs]13:35:36  Sending 64 directed DeAuth (code 7). STMAC: [FF:FF:FF:FF:FF:FF] [ 0|34 ACKs]13:35:36  Sending 64 directed DeAuth (code 7). STMAC: [FF:FF:FF:FF:FF:FF] [ 0|35 ACKs]13:35:36  Sending 64 directed DeAuth (code 7). STMAC: [FF:FF:FF:FF:FF:FF] [ 0|36 ACKs]13:35:36  Sending 64 directed DeAuth (code 7). STMAC: [FF:FF:FF:FF:FF:FF] [ 0|37 ACKs]13:35:36  Sending 64 directed DeAuth (code 7). STMAC: [FF:FF:FF:FF:FF:FF] [ 0|38 ACKs]13:35:36  Sending 64 directed DeAuth (code 7). STMAC: [FF:FF:FF:FF:FF:FF] [ 0|39 ACKs]13:35:36  Sending 64 directed DeAuth (code 7). STMAC: [FF:FF:FF:FF:FF:FF] [ 0|40 ACKs]13:35:36  Sending 64 directed DeAuth (code 7). STMAC: [FF:FF:FF:FF:FF:FF] [ 0|41 ACKs]13:35:36  Sending 64 directed DeAuth (code 7). STMAC: [FF:FF:FF:FF:FF:FF] [ 0|42 ACKs]13:35:36  Sending 64 directed DeAuth (code 7). STMAC: [FF:FF:FF:FF:FF:FF] [ 0|43 ACKs]13:35:36  Sending 64 directed DeAuth (code 7). STMAC: [FF:FF:FF:FF:FF:FF] [ 0|44 ACKs]13:35:36  Sending 64 directed DeAuth (code 7). STMAC: [FF:FF:FF:FF:FF:FF] [ 0|45 ACKs]13:35:36  Sending 64 directed DeAuth (code 7). STMAC: [FF:FF:FF:FF:FF:FF] [ 0|46 ACKs]13:35:36  Sending 64 directed DeAuth (code 7). STMAC: [FF:FF:FF:FF:FF:FF] [ 1|46 ACKs]13:35:36  Sending 64 directed DeAuth (code 7). STMAC: [FF:FF:FF:FF:FF:FF] [ 1|47 ACKs]13:35:36  Sending 64 directed DeAuth (code 7). STMAC: [FF:FF:FF:FF:FF:FF] [ 2|47 ACKs]13:35:36  Sending 64 directed DeAuth (code 7). STMAC: [FF:FF:FF:FF:FF:FF] [ 2|48 ACKs]13:35:36  Sending 64 directed DeAuth (code 7). STMAC: [FF:FF:FF:FF:FF:FF] [ 3|48 ACKs]13:35:36  Sending 64 directed DeAuth (code 7). STMAC: [FF:FF:FF:FF:FF:FF] [ 3|49 ACKs]13:35:36  Sending 64 directed DeAuth (code 7). STMAC: [FF:FF:FF:FF:FF:FF] [ 3|50 ACKs]13:35:36  Sending 64 directed DeAuth (code 7). STMAC: [FF:FF:FF:FF:FF:FF] [ 4|50 ACKs]13:35:36  Sending 64 directed DeAuth (code 7). STMAC: [FF:FF:FF:FF:FF:FF] [ 4|51 ACKs]13:35:36  Sending 64 directed DeAuth (code 7). STMAC: [FF:FF:FF:FF:FF:FF] [ 5|51 ACKs]13:35:36  Sending 64 directed DeAuth (code 7). STMAC: [FF:FF:FF:FF:FF:FF] [ 5|52 ACKs]13:35:36  Sending 64 directed DeAuth (code 7). STMAC: [FF:FF:FF:FF:FF:FF] [ 6|52 ACKs]13:35:36  Sending 64 directed DeAuth (code 7). STMAC: [FF:FF:FF:FF:FF:FF] [ 6|53 ACKs]13:35:36  Sending 64 directed DeAuth (code 7). STMAC: [FF:FF:FF:FF:FF:FF] [ 7|53 ACKs]13:35:36  Sending 64 directed DeAuth (code 7). STMAC: [FF:FF:FF:FF:FF:FF] [ 7|54 ACKs]13:35:36  Sending 64 directed DeAuth (code 7). STMAC: [FF:FF:FF:FF:FF:FF] [ 8|54 ACKs]13:35:36  Sending 64 directed DeAuth (code 7). STMAC: [FF:FF:FF:FF:FF:FF] [ 8|55 ACKs]13:35:36  Sending 64 directed DeAuth (code 7). STMAC: [FF:FF:FF:FF:FF:FF] [ 9|55 ACKs]13:35:36  Sending 64 directed DeAuth (code 7). STMAC: [FF:FF:FF:FF:FF:FF] [ 9|56 ACKs]13:35:36  Sending 64 directed DeAuth (code 7). STMAC: [FF:FF:FF:FF:FF:FF] [10|56 ACKs]13:35:36  Sending 64 directed DeAuth (code 7). STMAC: [FF:FF:FF:FF:FF:FF] [10|57 ACKs]13:35:36  Sending 64 directed DeAuth (code 7). STMAC: [FF:FF:FF:FF:FF:FF] [11|57 ACKs]13:35:36  Sending 64 directed DeAuth (code 7). STMAC: [FF:FF:FF:FF:FF:FF] [11|58 ACKs]13:35:36  Sending 64 directed DeAuth (code 7). STMAC: [FF:FF:FF:FF:FF:FF] [12|58 ACKs]13:35:36  Sending 64 directed DeAuth (code 7). STMAC: [FF:FF:FF:FF:FF:FF] [12|59 ACKs]13:35:36  Sending 64 directed DeAuth (code 7). STMAC: [FF:FF:FF:FF:FF:FF] [13|59 ACKs]13:35:36  Sending 64 directed DeAuth (code 7). STMAC: [FF:FF:FF:FF:FF:FF] [13|60 ACKs]13:35:36  Sending 64 directed DeAuth (code 7). STMAC: [FF:FF:FF:FF:FF:FF] [14|60 ACKs]13:35:36  Sending 64 directed DeAuth (code 7). STMAC: [FF:FF:FF:FF:FF:FF] [14|61 ACKs]13:35:36  Sending 64 directed DeAuth (code 7). STMAC: [FF:FF:FF:FF:FF:FF] [15|61 ACKs]13:35:36  Sending 64 directed DeAuth (code 7). STMAC: [FF:FF:FF:FF:FF:FF] [15|62 ACKs]13:35:36  Sending 64 directed DeAuth (code 7). STMAC: [FF:FF:FF:FF:FF:FF] [15|63 ACKs]13:35:36  Sending 64 directed DeAuth (code 7). STMAC: [FF:FF:FF:FF:FF:FF] [15|64 ACKs]13:35:36  Sending 64 directed DeAuth (code 7). STMAC: [FF:FF:FF:FF:FF:FF] [15|65 ACKs]
13:35:36  Sending 64 directed DeAuth (code 7). STMAC: [FF:FF:FF:FF:FF:FF] [ 0| 0 ACKs]13:35:36  Sending 64 directed DeAuth (code 7). STMAC: [FF:FF:FF:FF:FF:FF] [ 1| 0 ACKs]13:35:36  Sending 64 directed DeAuth (code 7). STMAC: [FF:FF:FF:FF:FF:FF] [ 1| 1 ACKs]13:35:36  Sending 64 directed DeAuth (code 7). STMAC: [FF:FF:FF:FF:FF:FF] [ 2| 1 ACKs]13:35:36  Sending 64 directed DeAuth (code 7). STMAC: [FF:FF:FF:FF:FF:FF] [ 2| 2 ACKs]13:35:36  Sending 64 directed DeAuth (code 7). STMAC: [FF:FF:FF:FF:FF:FF] [ 2| 3 ACKs]13:35:36  Sending 64 directed DeAuth (code 7). STMAC: [FF:FF:FF:FF:FF:FF] [ 2| 4 ACKs]13:35:36  Sending 64 directed DeAuth (code 7). STMAC: [FF:FF:FF:FF:FF:FF] [ 2| 5 ACKs]13:35:36  Sending 64 directed DeAuth (code 7). STMAC: [FF:FF:FF:FF:FF:FF] [ 2| 6 ACKs]13:35:36  Sending 64 directed DeAuth (code 7). STMAC: [FF:FF:FF:FF:FF:FF] [ 2| 7 ACKs]13:35:36  Sending 64 directed DeAuth (code 7). STMAC: [FF:FF:FF:FF:FF:FF] [ 2| 8 ACKs]13:35:36  Sending 64 directed DeAuth (code 7). STMAC: [FF:FF:FF:FF:FF:FF] [ 2| 9 ACKs]13:35:36  Sending 64 directed DeAuth (code 7). STMAC: [FF:FF:FF:FF:FF:FF] [ 2|10 ACKs]13:35:36  Sending 64 directed DeAuth (code 7). STMAC: [FF:FF:FF:FF:FF:FF] [ 2|11 ACKs]13:35:36  Sending 64 directed DeAuth (code 7). STMAC: [FF:FF:FF:FF:FF:FF] [ 2|12 ACKs]13:35:36  Sending 64 directed DeAuth (code 7). STMAC: [FF:FF:FF:FF:FF:FF] [ 2|13 ACKs]13:35:36  Sending 64 directed DeAuth (code 7). STMAC: [FF:FF:FF:FF:FF:FF] [ 2|14 ACKs]13:35:36  Sending 64 directed DeAuth (code 7). STMAC: [FF:FF:FF:FF:FF:FF] [ 2|15 ACKs]13:35:36  Sending 64 directed DeAuth (code 7). STMAC: [FF:FF:FF:FF:FF:FF] [ 2|16 ACKs]13:35:36  Sending 64 directed DeAuth (code 7). STMAC: [FF:FF:FF:FF:FF:FF] [ 2|17 ACKs]13:35:36  Sending 64 directed DeAuth (code 7). STMAC: [FF:FF:FF:FF:FF:FF] [ 2|18 ACKs]13:35:36  Sending 64 directed DeAuth (code 7). STMAC: [FF:FF:FF:FF:FF:FF] [ 2|19 ACKs]13:35:36  Sending 64 directed DeAuth (code 7). STMAC: [FF:FF:FF:FF:FF:FF] [ 2|20 ACKs]13:35:36  Sending 64 directed DeAuth (code 7). STMAC: [FF:FF:FF:FF:FF:FF] [ 2|21 ACKs]13:35:36  Sending 64 directed DeAuth (code 7). STMAC: [FF:FF:FF:FF:FF:FF] [ 2|22 ACKs]13:35:36  Sending 64 directed DeAuth (code 7). STMAC: [FF:FF:FF:FF:FF:FF] [ 2|23 ACKs]13:35:36  Sending 64 directed DeAuth (code 7). STMAC: [FF:FF:FF:FF:FF:FF] [ 2|24 ACKs]13:35:36  Sending 64 directed DeAuth (code 7). STMAC: [FF:FF:FF:FF:FF:FF] [ 2|25 ACKs]13:35:36  Sending 64 directed DeAuth (code 7). STMAC: [FF:FF:FF:FF:FF:FF] [ 2|26 ACKs]13:35:36  Sending 64 directed DeAuth (code 7). STMAC: [FF:FF:FF:FF:FF:FF] [ 2|27 ACKs]13:35:36  Sending 64 directed DeAuth (code 7). STMAC: [FF:FF:FF:FF:FF:FF] [ 2|28 ACKs]13:35:36  Sending 64 directed DeAuth (code 7). STMAC: [FF:FF:FF:FF:FF:FF] [ 2|29 ACKs]13:35:36  Sending 64 directed DeAuth (code 7). STMAC: [FF:FF:FF:FF:FF:FF] [ 2|30 ACKs]13:35:36  Sending 64 directed DeAuth (code 7). STMAC: [FF:FF:FF:FF:FF:FF] [ 2|31 ACKs]13:35:36  Sending 64 directed DeAuth (code 7). STMAC: [FF:FF:FF:FF:FF:FF] [ 2|32 ACKs]13:35:36  Sending 64 directed DeAuth (code 7). STMAC: [FF:FF:FF:FF:FF:FF] [ 2|33 ACKs]13:35:36  Sending 64 directed DeAuth (code 7). STMAC: [FF:FF:FF:FF:FF:FF] [ 2|34 ACKs]13:35:36  Sending 64 directed DeAuth (code 7). STMAC: [FF:FF:FF:FF:FF:FF] [ 2|35 ACKs]13:35:36  Sending 64 directed DeAuth (code 7). STMAC: [FF:FF:FF:FF:FF:FF] [ 2|36 ACKs]13:35:36  Sending 64 directed DeAuth (code 7). STMAC: [FF:FF:FF:FF:FF:FF] [ 2|37 ACKs]13:35:36  Sending 64 directed DeAuth (code 7). STMAC: [FF:FF:FF:FF:FF:FF] [ 2|38 ACKs]13:35:36  Sending 64 directed DeAuth (code 7). STMAC: [FF:FF:FF:FF:FF:FF] [ 2|39 ACKs]13:35:36  Sending 64 directed DeAuth (code 7). STMAC: [FF:FF:FF:FF:FF:FF] [ 2|40 ACKs]13:35:36  Sending 64 directed DeAuth (code 7). STMAC: [FF:FF:FF:FF:FF:FF] [ 2|41 ACKs]13:35:36  Sending 64 directed DeAuth (code 7). STMAC: [FF:FF:FF:FF:FF:FF] [ 2|42 ACKs]13:35:36  Sending 64 directed DeAuth (code 7). STMAC: [FF:FF:FF:FF:FF:FF] [ 2|43 ACKs]13:35:36  Sending 64 directed DeAuth (code 7). STMAC: [FF:FF:FF:FF:FF:FF] [ 2|44 ACKs]13:35:36  Sending 64 directed DeAuth (code 7). STMAC: [FF:FF:FF:FF:FF:FF] [ 2|45 ACKs]13:35:36  Sending 64 directed DeAuth (code 7). STMAC: [FF:FF:FF:FF:FF:FF] [ 2|46 ACKs]13:35:36  Sending 64 directed DeAuth (code 7). STMAC: [FF:FF:FF:FF:FF:FF] [ 2|47 ACKs]13:35:36  Sending 64 directed DeAuth (code 7). STMAC: [FF:FF:FF:FF:FF:FF] [ 2|48 ACKs]13:35:36  Sending 64 directed DeAuth (code 7). STMAC: [FF:FF:FF:FF:FF:FF] [ 2|49 ACKs]13:35:36  Sending 64 directed DeAuth (code 7). STMAC: [FF:FF:FF:FF:FF:FF] [ 2|50 ACKs]13:35:36  Sending 64 directed DeAuth (code 7). STMAC: [FF:FF:FF:FF:FF:FF] [ 2|51 ACKs]13:35:36  Sending 64 directed DeAuth (code 7). STMAC: [FF:FF:FF:FF:FF:FF] [ 3|51 ACKs]13:35:36  Sending 64 directed DeAuth (code 7). STMAC: [FF:FF:FF:FF:FF:FF] [ 3|52 ACKs]13:35:36  Sending 64 directed DeAuth (code 7). STMAC: [FF:FF:FF:FF:FF:FF] [ 3|52 ACKs]13:35:36  Sending 64 directed DeAuth (code 7). STMAC: [FF:FF:FF:FF:FF:FF] [ 4|52 ACKs]13:35:36  Sending 64 directed DeAuth (code 7). STMAC: [FF:FF:FF:FF:FF:FF] [ 4|53 ACKs]13:35:36  Sending 64 directed DeAuth (code 7). STMAC: [FF:FF:FF:FF:FF:FF] [ 5|53 ACKs]13:35:36  Sending 64 directed DeAuth (code 7). STMAC: [FF:FF:FF:FF:FF:FF] [ 5|54 ACKs]13:35:36  Sending 64 directed DeAuth (code 7). STMAC: [FF:FF:FF:FF:FF:FF] [ 6|54 ACKs]13:35:36  Sending 64 directed DeAuth (code 7). STMAC: [FF:FF:FF:FF:FF:FF] [ 6|55 ACKs]13:35:36  Sending 64 directed DeAuth (code 7). STMAC: [FF:FF:FF:FF:FF:FF] [ 7|55 ACKs]13:35:36  Sending 64 directed DeAuth (code 7). STMAC: [FF:FF:FF:FF:FF:FF] [ 7|56 ACKs]13:35:36  Sending 64 directed DeAuth (code 7). STMAC: [FF:FF:FF:FF:FF:FF] [ 8|56 ACKs]13:35:36  Sending 64 directed DeAuth (code 7). STMAC: [FF:FF:FF:FF:FF:FF] [ 8|57 ACKs]13:35:36  Sending 64 directed DeAuth (code 7). STMAC: [FF:FF:FF:FF:FF:FF] [ 9|57 ACKs]13:35:36  Sending 64 directed DeAuth (code 7). STMAC: [FF:FF:FF:FF:FF:FF] [ 9|58 ACKs]13:35:36  Sending 64 directed DeAuth (code 7). STMAC: [FF:FF:FF:FF:FF:FF] [10|58 ACKs]13:35:36  Sending 64 directed DeAuth (code 7). STMAC: [FF:FF:FF:FF:FF:FF] [10|59 ACKs]13:35:36  Sending 64 directed DeAuth (code 7). STMAC: [FF:FF:FF:FF:FF:FF] [11|59 ACKs]13:35:36  Sending 64 directed DeAuth (code 7). STMAC: [FF:FF:FF:FF:FF:FF] [11|60 ACKs]13:35:36  Sending 64 directed DeAuth (code 7). STMAC: [FF:FF:FF:FF:FF:FF] [12|60 ACKs]13:35:36  Sending 64 directed DeAuth (code 7). STMAC: [FF:FF:FF:FF:FF:FF] [12|61 ACKs]13:35:36  Sending 64 directed DeAuth (code 7). STMAC: [FF:FF:FF:FF:FF:FF] [13|61 ACKs]13:35:36  Sending 64 directed DeAuth (code 7). STMAC: [FF:FF:FF:FF:FF:FF] [13|62 ACKs]13:35:36  Sending 64 directed DeAuth (code 7). STMAC: [FF:FF:FF:FF:FF:FF] [14|62 ACKs]13:35:36  Sending 64 directed DeAuth (code 7). STMAC: [FF:FF:FF:FF:FF:FF] [14|63 ACKs]13:35:36  Sending 64 directed DeAuth (code 7). STMAC: [FF:FF:FF:FF:FF:FF] [15|63 ACKs]13:35:36  Sending 64 directed DeAuth (code 7). STMAC: [FF:FF:FF:FF:FF:FF] [15|64 ACKs]
13:35:37  Sending 64 directed DeAuth (code 7). STMAC: [FF:FF:FF:FF:FF:FF] [ 0| 0 ACKs]13:35:37  Sending 64 directed DeAuth (code 7). STMAC: [FF:FF:FF:FF:FF:FF] [ 0| 0 ACKs]13:35:37  Sending 64 directed DeAuth (code 7). STMAC: [FF:FF:FF:FF:FF:FF] [ 0| 0 ACKs]13:35:37  Sending 64 directed DeAuth (code 7). STMAC: [FF:FF:FF:FF:FF:FF] [ 0| 0 ACKs]13:35:37  Sending 64 directed DeAuth (code 7). STMAC: [FF:FF:FF:FF:FF:FF] [ 0| 1 ACKs]13:35:37  Sending 64 directed DeAuth (code 7). STMAC: [FF:FF:FF:FF:FF:FF] [ 0| 2 ACKs]13:35:37  Sending 64 directed DeAuth (code 7). STMAC: [FF:FF:FF:FF:FF:FF] [ 0| 3 ACKs]13:35:37  Sending 64 directed DeAuth (code 7). STMAC: [FF:FF:FF:FF:FF:FF] [ 0| 4 ACKs]13:35:37  Sending 64 directed DeAuth (code 7). STMAC: [FF:FF:FF:FF:FF:FF] [ 0| 5 ACKs]13:35:37  Sending 64 directed DeAuth (code 7). STMAC: [FF:FF:FF:FF:FF:FF] [ 0| 6 ACKs]13:35:37  Sending 64 directed DeAuth (code 7). STMAC: [FF:FF:FF:FF:FF:FF] [ 0| 7 ACKs]13:35:37  Sending 64 directed DeAuth (code 7). STMAC: [FF:FF:FF:FF:FF:FF] [ 1| 7 ACKs]13:35:37  Sending 64 directed DeAuth (code 7). STMAC: [FF:FF:FF:FF:FF:FF] [ 1| 8 ACKs]13:35:37  Sending 64 directed DeAuth (code 7). STMAC: [FF:FF:FF:FF:FF:FF] [ 1| 9 ACKs]13:35:37  Sending 64 directed DeAuth (code 7). STMAC: [FF:FF:FF:FF:FF:FF] [ 1|10 ACKs]13:35:37  Sending 64 directed DeAuth (code 7). STMAC: [FF:FF:FF:FF:FF:FF] [ 1|11 ACKs]13:35:37  Sending 64 directed DeAuth (code 7). STMAC: [FF:FF:FF:FF:FF:FF] [ 1|12 ACKs]13:35:37  Sending 64 directed DeAuth (code 7). STMAC: [FF:FF:FF:FF:FF:FF] [ 1|13 ACKs]13:35:37  Sending 64 directed DeAuth (code 7). STMAC: [FF:FF:FF:FF:FF:FF] [ 1|14 ACKs]13:35:37  Sending 64 directed DeAuth (code 7). STMAC: [FF:FF:FF:FF:FF:FF] [ 1|15 ACKs]13:35:37  Sending 64 directed DeAuth (code 7). STMAC: [FF:FF:FF:FF:FF:FF] [ 1|16 ACKs]13:35:37  Sending 64 directed DeAuth (code 7). STMAC: [FF:FF:FF:FF:FF:FF] [ 1|17 ACKs]13:35:37  Sending 64 directed DeAuth (code 7). STMAC: [FF:FF:FF:FF:FF:FF] [ 1|18 ACKs]13:35:37  Sending 64 directed DeAuth (code 7). STMAC: [FF:FF:FF:FF:FF:FF] [ 1|19 ACKs]13:35:37  Sending 64 directed DeAuth (code 7). STMAC: [FF:FF:FF:FF:FF:FF] [ 1|20 ACKs]13:35:37  Sending 64 directed DeAuth (code 7). STMAC: [FF:FF:FF:FF:FF:FF] [ 1|21 ACKs]13:35:37  Sending 64 directed DeAuth (code 7). STMAC: [FF:FF:FF:FF:FF:FF] [ 1|22 ACKs]13:35:37  Sending 64 directed DeAuth (code 7). STMAC: [FF:FF:FF:FF:FF:FF] [ 1|23 ACKs]13:35:37  Sending 64 directed DeAuth (code 7). STMAC: [FF:FF:FF:FF:FF:FF] [ 1|24 ACKs]13:35:37  Sending 64 directed DeAuth (code 7). STMAC: [FF:FF:FF:FF:FF:FF] [ 1|25 ACKs]13:35:37  Sending 64 directed DeAuth (code 7). STMAC: [FF:FF:FF:FF:FF:FF] [ 1|26 ACKs]13:35:37  Sending 64 directed DeAuth (code 7). STMAC: [FF:FF:FF:FF:FF:FF] [ 1|27 ACKs]13:35:37  Sending 64 directed DeAuth (code 7). STMAC: [FF:FF:FF:FF:FF:FF] [ 1|28 ACKs]13:35:37  Sending 64 directed DeAuth (code 7). STMAC: [FF:FF:FF:FF:FF:FF] [ 1|29 ACKs]13:35:37  Sending 64 directed DeAuth (code 7). STMAC: [FF:FF:FF:FF:FF:FF] [ 1|30 ACKs]13:35:37  Sending 64 directed DeAuth (code 7). STMAC: [FF:FF:FF:FF:FF:FF] [ 1|31 ACKs]13:35:37  Sending 64 directed DeAuth (code 7). STMAC: [FF:FF:FF:FF:FF:FF] [ 1|32 ACKs]13:35:37  Sending 64 directed DeAuth (code 7). STMAC: [FF:FF:FF:FF:FF:FF] [ 1|33 ACKs]13:35:37  Sending 64 directed DeAuth (code 7). STMAC: [FF:FF:FF:FF:FF:FF] [ 1|34 ACKs]13:35:37  Sending 64 directed DeAuth (code 7). STMAC: [FF:FF:FF:FF:FF:FF] [ 1|35 ACKs]13:35:37  Sending 64 directed DeAuth (code 7). STMAC: [FF:FF:FF:FF:FF:FF] [ 1|36 ACKs]13:35:37  Sending 64 directed DeAuth (code 7). STMAC: [FF:FF:FF:FF:FF:FF] [ 1|37 ACKs]13:35:37  Sending 64 directed DeAuth (code 7). STMAC: [FF:FF:FF:FF:FF:FF] [ 1|38 ACKs]13:35:37  Sending 64 directed DeAuth (code 7). STMAC: [FF:FF:FF:FF:FF:FF] [ 1|39 ACKs]13:35:37  Sending 64 directed DeAuth (code 7). STMAC: [FF:FF:FF:FF:FF:FF] [ 1|40 ACKs]13:35:37  Sending 64 directed DeAuth (code 7). STMAC: [FF:FF:FF:FF:FF:FF] [ 1|41 ACKs]13:35:37  Sending 64 directed DeAuth (code 7). STMAC: [FF:FF:FF:FF:FF:FF] [ 1|42 ACKs]13:35:37  Sending 64 directed DeAuth (code 7). STMAC: [FF:FF:FF:FF:FF:FF] [ 1|43 ACKs]13:35:37  Sending 64 directed DeAuth (code 7). STMAC: [FF:FF:FF:FF:FF:FF] [ 1|44 ACKs]13:35:37  Sending 64 directed DeAuth (code 7). STMAC: [FF:FF:FF:FF:FF:FF] [ 1|45 ACKs]13:35:37  Sending 64 directed DeAuth (code 7). STMAC: [FF:FF:FF:FF:FF:FF] [ 1|46 ACKs]13:35:37  Sending 64 directed DeAuth (code 7). STMAC: [FF:FF:FF:FF:FF:FF] [ 1|47 ACKs]13:35:37  Sending 64 directed DeAuth (code 7). STMAC: [FF:FF:FF:FF:FF:FF] [ 1|48 ACKs]13:35:37  Sending 64 directed DeAuth (code 7). STMAC: [FF:FF:FF:FF:FF:FF] [ 1|49 ACKs]13:35:37  Sending 64 directed DeAuth (code 7). STMAC: [FF:FF:FF:FF:FF:FF] [ 1|50 ACKs]13:35:37  Sending 64 directed DeAuth (code 7). STMAC: [FF:FF:FF:FF:FF:FF] [ 1|51 ACKs]13:35:37  Sending 64 directed DeAuth (code 7). STMAC: [FF:FF:FF:FF:FF:FF] [ 1|52 ACKs]13:35:37  Sending 64 directed DeAuth (code 7). STMAC: [FF:FF:FF:FF:FF:FF] [ 1|53 ACKs]13:35:37  Sending 64 directed DeAuth (code 7). STMAC: [FF:FF:FF:FF:FF:FF] [ 1|54 ACKs]13:35:37  Sending 64 directed DeAuth (code 7). STMAC: [FF:FF:FF:FF:FF:FF] [ 1|55 ACKs]13:35:37  Sending 64 directed DeAuth (code 7). STMAC: [FF:FF:FF:FF:FF:FF] [ 1|56 ACKs]13:35:37  Sending 64 directed DeAuth (code 7). STMAC: [FF:FF:FF:FF:FF:FF] [ 1|57 ACKs]13:35:37  Sending 64 directed DeAuth (code 7). STMAC: [FF:FF:FF:FF:FF:FF] [ 1|58 ACKs]13:35:37  Sending 64 directed DeAuth (code 7). STMAC: [FF:FF:FF:FF:FF:FF] [ 1|59 ACKs]13:35:37  Sending 64 directed DeAuth (code 7). STMAC: [FF:FF:FF:FF:FF:FF] [ 1|60 ACKs]13:35:37  Sending 64 directed DeAuth (code 7). STMAC: [FF:FF:FF:FF:FF:FF] [ 1|61 ACKs]13:35:37  Sending 64 directed DeAuth (code 7). STMAC: [FF:FF:FF:FF:FF:FF] [ 1|62 ACKs]13:35:37  Sending 64 directed DeAuth (code 7). STMAC: [FF:FF:FF:FF:FF:FF] [ 1|63 ACKs]
13:35:37  Sending 64 directed DeAuth (code 7). STMAC: [FF:FF:FF:FF:FF:FF] [ 0| 0 ACKs]13:35:37  Sending 64 directed DeAuth (code 7). STMAC: [FF:FF:FF:FF:FF:FF] [ 0| 1 ACKs]13:35:37  Sending 64 directed DeAuth (code 7). STMAC: [FF:FF:FF:FF:FF:FF] [ 0| 2 ACKs]13:35:37  Sending 64 directed DeAuth (code 7). STMAC: [FF:FF:FF:FF:FF:FF] [ 0| 3 ACKs]13:35:37  Sending 64 directed DeAuth (code 7). STMAC: [FF:FF:FF:FF:FF:FF] [ 0| 4 ACKs]13:35:37  Sending 64 directed DeAuth (code 7). STMAC: [FF:FF:FF:FF:FF:FF] [ 0| 5 ACKs]13:35:37  Sending 64 directed DeAuth (code 7). STMAC: [FF:FF:FF:FF:FF:FF] [ 0| 6 ACKs]13:35:37  Sending 64 directed DeAuth (code 7). STMAC: [FF:FF:FF:FF:FF:FF] [ 0| 7 ACKs]13:35:37  Sending 64 directed DeAuth (code 7). STMAC: [FF:FF:FF:FF:FF:FF] [ 0| 8 ACKs]13:35:37  Sending 64 directed DeAuth (code 7). STMAC: [FF:FF:FF:FF:FF:FF] [ 0| 9 ACKs]13:35:37  Sending 64 directed DeAuth (code 7). STMAC: [FF:FF:FF:FF:FF:FF] [ 0|10 ACKs]13:35:37  Sending 64 directed DeAuth (code 7). STMAC: [FF:FF:FF:FF:FF:FF] [ 0|11 ACKs]13:35:37  Sending 64 directed DeAuth (code 7). STMAC: [FF:FF:FF:FF:FF:FF] [ 0|12 ACKs]13:35:37  Sending 64 directed DeAuth (code 7). STMAC: [FF:FF:FF:FF:FF:FF] [ 0|13 ACKs]13:35:37  Sending 64 directed DeAuth (code 7). STMAC: [FF:FF:FF:FF:FF:FF] [ 0|14 ACKs]13:35:37  Sending 64 directed DeAuth (code 7). STMAC: [FF:FF:FF:FF:FF:FF] [ 0|15 ACKs]13:35:37  Sending 64 directed DeAuth (code 7). STMAC: [FF:FF:FF:FF:FF:FF] [ 0|16 ACKs]13:35:37  Sending 64 directed DeAuth (code 7). STMAC: [FF:FF:FF:FF:FF:FF] [ 0|17 ACKs]13:35:37  Sending 64 directed DeAuth (code 7). STMAC: [FF:FF:FF:FF:FF:FF] [ 0|18 ACKs]13:35:37  Sending 64 directed DeAuth (code 7). STMAC: [FF:FF:FF:FF:FF:FF] [ 0|19 ACKs]13:35:37  Sending 64 directed DeAuth (code 7). STMAC: [FF:FF:FF:FF:FF:FF] [ 0|20 ACKs]13:35:37  Sending 64 directed DeAuth (code 7). STMAC: [FF:FF:FF:FF:FF:FF] [ 0|21 ACKs]13:35:37  Sending 64 directed DeAuth (code 7). STMAC: [FF:FF:FF:FF:FF:FF] [ 0|22 ACKs]13:35:37  Sending 64 directed DeAuth (code 7). STMAC: [FF:FF:FF:FF:FF:FF] [ 0|23 ACKs]13:35:37  Sending 64 directed DeAuth (code 7). STMAC: [FF:FF:FF:FF:FF:FF] [ 0|24 ACKs]13:35:37  Sending 64 directed DeAuth (code 7). STMAC: [FF:FF:FF:FF:FF:FF] [ 0|25 ACKs]13:35:37  Sending 64 directed DeAuth (code 7). STMAC: [FF:FF:FF:FF:FF:FF] [ 0|26 ACKs]13:35:37  Sending 64 directed DeAuth (code 7). STMAC: [FF:FF:FF:FF:FF:FF] [ 0|27 ACKs]13:35:37  Sending 64 directed DeAuth (code 7). STMAC: [FF:FF:FF:FF:FF:FF] [ 0|28 ACKs]13:35:37  Sending 64 directed DeAuth (code 7). STMAC: [FF:FF:FF:FF:FF:FF] [ 0|29 ACKs]13:35:37  Sending 64 directed DeAuth (code 7). STMAC: [FF:FF:FF:FF:FF:FF] [ 0|30 ACKs]13:35:37  Sending 64 directed DeAuth (code 7). STMAC: [FF:FF:FF:FF:FF:FF] [ 0|31 ACKs]13:35:37  Sending 64 directed DeAuth (code 7). STMAC: [FF:FF:FF:FF:FF:FF] [ 0|32 ACKs]13:35:37  Sending 64 directed DeAuth (code 7). STMAC: [FF:FF:FF:FF:FF:FF] [ 0|33 ACKs]13:35:37  Sending 64 directed DeAuth (code 7). STMAC: [FF:FF:FF:FF:FF:FF] [ 0|34 ACKs]13:35:37  Sending 64 directed DeAuth (code 7). STMAC: [FF:FF:FF:FF:FF:FF] [ 0|35 ACKs]13:35:37  Sending 64 directed DeAuth (code 7). STMAC: [FF:FF:FF:FF:FF:FF] [ 0|36 ACKs]13:35:37  Sending 64 directed DeAuth (code 7). STMAC: [FF:FF:FF:FF:FF:FF] [ 0|37 ACKs]13:35:37  Sending 64 directed DeAuth (code 7). STMAC: [FF:FF:FF:FF:FF:FF] [ 0|38 ACKs]13:35:37  Sending 64 directed DeAuth (code 7). STMAC: [FF:FF:FF:FF:FF:FF] [ 0|39 ACKs]13:35:37  Sending 64 directed DeAuth (code 7). STMAC: [FF:FF:FF:FF:FF:FF] [ 0|40 ACKs]13:35:37  Sending 64 directed DeAuth (code 7). STMAC: [FF:FF:FF:FF:FF:FF] [ 0|41 ACKs]13:35:37  Sending 64 directed DeAuth (code 7). STMAC: [FF:FF:FF:FF:FF:FF] [ 0|42 ACKs]13:35:37  Sending 64 directed DeAuth (code 7). STMAC: [FF:FF:FF:FF:FF:FF] [ 0|43 ACKs]13:35:37  Sending 64 directed DeAuth (code 7). STMAC: [FF:FF:FF:FF:FF:FF] [ 0|44 ACKs]13:35:38  Sending 64 directed DeAuth (code 7). STMAC: [FF:FF:FF:FF:FF:FF] [ 0|45 ACKs]13:35:38  Sending 64 directed DeAuth (code 7). STMAC: [FF:FF:FF:FF:FF:FF] [ 0|46 ACKs]13:35:38  Sending 64 directed DeAuth (code 7). STMAC: [FF:FF:FF:FF:FF:FF] [ 0|47 ACKs]13:35:38  Sending 64 directed DeAuth (code 7). STMAC: [FF:FF:FF:FF:FF:FF] [ 0|48 ACKs]13:35:38  Sending 64 directed DeAuth (code 7). STMAC: [FF:FF:FF:FF:FF:FF] [ 0|49 ACKs]13:35:38  Sending 64 directed DeAuth (code 7). STMAC: [FF:FF:FF:FF:FF:FF] [ 0|50 ACKs]13:35:38  Sending 64 directed DeAuth (code 7). STMAC: [FF:FF:FF:FF:FF:FF] [ 0|51 ACKs]13:35:38  Sending 64 directed DeAuth (code 7). STMAC: [FF:FF:FF:FF:FF:FF] [ 0|52 ACKs]13:35:38  Sending 64 directed DeAuth (code 7). STMAC: [FF:FF:FF:FF:FF:FF] [ 0|53 ACKs]13:35:38  Sending 64 directed DeAuth (code 7). STMAC: [FF:FF:FF:FF:FF:FF] [ 0|54 ACKs]13:35:38  Sending 64 directed DeAuth (code 7). STMAC: [FF:FF:FF:FF:FF:FF] [ 0|55 ACKs]13:35:38  Sending 64 directed DeAuth (code 7). STMAC: [FF:FF:FF:FF:FF:FF] [ 0|56 ACKs]13:35:38  Sending 64 directed DeAuth (code 7). STMAC: [FF:FF:FF:FF:FF:FF] [ 0|57 ACKs]13:35:38  Sending 64 directed DeAuth (code 7). STMAC: [FF:FF:FF:FF:FF:FF] [ 0|58 ACKs]13:35:38  Sending 64 directed DeAuth (code 7). STMAC: [FF:FF:FF:FF:FF:FF] [ 0|59 ACKs]13:35:38  Sending 64 directed DeAuth (code 7). STMAC: [FF:FF:FF:FF:FF:FF] [ 0|60 ACKs]13:35:38  Sending 64 directed DeAuth (code 7). STMAC: [FF:FF:FF:FF:FF:FF] [ 0|61 ACKs]13:35:38  Sending 64 directed DeAuth (code 7). STMAC: [FF:FF:FF:FF:FF:FF] [ 0|62 ACKs]13:35:38  Sending 64 directed DeAuth (code 7). STMAC: [FF:FF:FF:FF:FF:FF] [ 0|63 ACKs]13:35:38  Sending 64 directed DeAuth (code 7). STMAC: [FF:FF:FF:FF:FF:FF] [ 0|64 ACKs]
13:35:38  Sending 64 directed DeAuth (code 7). STMAC: [FF:FF:FF:FF:FF:FF] [ 0| 0 ACKs]13:35:38  Sending 64 directed DeAuth (code 7). STMAC: [FF:FF:FF:FF:FF:FF] [ 0| 1 ACKs]13:35:38  Sending 64 directed DeAuth (code 7). STMAC: [FF:FF:FF:FF:FF:FF] [ 0| 2 ACKs]13:35:38  Sending 64 directed DeAuth (code 7). STMAC: [FF:FF:FF:FF:FF:FF] [ 0| 3 ACKs]13:35:38  Sending 64 directed DeAuth (code 7). STMAC: [FF:FF:FF:FF:FF:FF] [ 0| 4 ACKs]13:35:38  Sending 64 directed DeAuth (code 7). STMAC: [FF:FF:FF:FF:FF:FF] [ 0| 5 ACKs]13:35:38  Sending 64 directed DeAuth (code 7). STMAC: [FF:FF:FF:FF:FF:FF] [ 0| 6 ACKs]13:35:38  Sending 64 directed DeAuth (code 7). STMAC: [FF:FF:FF:FF:FF:FF] [ 0| 7 ACKs]13:35:38  Sending 64 directed DeAuth (code 7). STMAC: [FF:FF:FF:FF:FF:FF] [ 0| 8 ACKs]13:35:38  Sending 64 directed DeAuth (code 7). STMAC: [FF:FF:FF:FF:FF:FF] [ 0| 9 ACKs]13:35:38  Sending 64 directed DeAuth (code 7). STMAC: [FF:FF:FF:FF:FF:FF] [ 0|10 ACKs]13:35:38  Sending 64 directed DeAuth (code 7). STMAC: [FF:FF:FF:FF:FF:FF] [ 0|11 ACKs]13:35:38  Sending 64 directed DeAuth (code 7). STMAC: [FF:FF:FF:FF:FF:FF] [ 0|12 ACKs]13:35:38  Sending 64 directed DeAuth (code 7). STMAC: [FF:FF:FF:FF:FF:FF] [ 0|13 ACKs]13:35:38  Sending 64 directed DeAuth (code 7). STMAC: [FF:FF:FF:FF:FF:FF] [ 0|14 ACKs]13:35:38  Sending 64 directed DeAuth (code 7). STMAC: [FF:FF:FF:FF:FF:FF] [ 0|15 ACKs]13:35:38  Sending 64 directed DeAuth (code 7). STMAC: [FF:FF:FF:FF:FF:FF] [ 0|16 ACKs]13:35:38  Sending 64 directed DeAuth (code 7). STMAC: [FF:FF:FF:FF:FF:FF] [ 0|17 ACKs]13:35:38  Sending 64 directed DeAuth (code 7). STMAC: [FF:FF:FF:FF:FF:FF] [ 0|18 ACKs]13:35:38  Sending 64 directed DeAuth (code 7). STMAC: [FF:FF:FF:FF:FF:FF] [ 0|19 ACKs]13:35:38  Sending 64 directed DeAuth (code 7). STMAC: [FF:FF:FF:FF:FF:FF] [ 0|20 ACKs]13:35:38  Sending 64 directed DeAuth (code 7). STMAC: [FF:FF:FF:FF:FF:FF] [ 0|21 ACKs]13:35:38  Sending 64 directed DeAuth (code 7). STMAC: [FF:FF:FF:FF:FF:FF] [ 0|22 ACKs]13:35:38  Sending 64 directed DeAuth (code 7). STMAC: [FF:FF:FF:FF:FF:FF] [ 1|22 ACKs]13:35:38  Sending 64 directed DeAuth (code 7). STMAC: [FF:FF:FF:FF:FF:FF] [ 1|22 ACKs]13:35:38  Sending 64 directed DeAuth (code 7). STMAC: [FF:FF:FF:FF:FF:FF] [ 1|23 ACKs]13:35:38  Sending 64 directed DeAuth (code 7). STMAC: [FF:FF:FF:FF:FF:FF] [ 2|23 ACKs]13:35:38  Sending 64 directed DeAuth (code 7). STMAC: [FF:FF:FF:FF:FF:FF] [ 3|23 ACKs]13:35:38  Sending 64 directed DeAuth (code 7). STMAC: [FF:FF:FF:FF:FF:FF] [ 3|24 ACKs]13:35:38  Sending 64 directed DeAuth (code 7). STMAC: [FF:FF:FF:FF:FF:FF] [ 3|25 ACKs]13:35:38  Sending 64 directed DeAuth (code 7). STMAC: [FF:FF:FF:FF:FF:FF] [ 4|25 ACKs]13:35:38  Sending 64 directed DeAuth (code 7). STMAC: [FF:FF:FF:FF:FF:FF] [ 4|26 ACKs]13:35:38  Sending 64 directed DeAuth (code 7). STMAC: [FF:FF:FF:FF:FF:FF] [ 5|26 ACKs]13:35:38  Sending 64 directed DeAuth (code 7). STMAC: [FF:FF:FF:FF:FF:FF] [ 5|27 ACKs]13:35:38  Sending 64 directed DeAuth (code 7). STMAC: [FF:FF:FF:FF:FF:FF] [ 6|27 ACKs]13:35:38  Sending 64 directed DeAuth (code 7). STMAC: [FF:FF:FF:FF:FF:FF] [ 6|28 ACKs]13:35:38  Sending 64 directed DeAuth (code 7). STMAC: [FF:FF:FF:FF:FF:FF] [ 7|28 ACKs]13:35:38  Sending 64 directed DeAuth (code 7). STMAC: [FF:FF:FF:FF:FF:FF] [ 7|29 ACKs]13:35:38  Sending 64 directed DeAuth (code 7). STMAC: [FF:FF:FF:FF:FF:FF] [ 7|30 ACKs]13:35:38  Sending 64 directed DeAuth (code 7). STMAC: [FF:FF:FF:FF:FF:FF] [ 8|30 ACKs]13:35:38  Sending 64 directed DeAuth (code 7). STMAC: [FF:FF:FF:FF:FF:FF] [ 8|31 ACKs]13:35:38  Sending 64 directed DeAuth (code 7). STMAC: [FF:FF:FF:FF:FF:FF] [ 9|31 ACKs]13:35:38  Sending 64 directed DeAuth (code 7). STMAC: [FF:FF:FF:FF:FF:FF] [ 9|32 ACKs]13:35:38  Sending 64 directed DeAuth (code 7). STMAC: [FF:FF:FF:FF:FF:FF] [10|32 ACKs]13:35:38  Sending 64 directed DeAuth (code 7). STMAC: [FF:FF:FF:FF:FF:FF] [10|33 ACKs]13:35:38  Sending 64 directed DeAuth (code 7). STMAC: [FF:FF:FF:FF:FF:FF] [11|33 ACKs]13:35:38  Sending 64 directed DeAuth (code 7). STMAC: [FF:FF:FF:FF:FF:FF] [11|34 ACKs]13:35:38  Sending 64 directed DeAuth (code 7). STMAC: [FF:FF:FF:FF:FF:FF] [11|35 ACKs]13:35:38  Sending 64 directed DeAuth (code 7). STMAC: [FF:FF:FF:FF:FF:FF] [12|35 ACKs]13:35:38  Sending 64 directed DeAuth (code 7). STMAC: [FF:FF:FF:FF:FF:FF] [12|36 ACKs]13:35:38  Sending 64 directed DeAuth (code 7). STMAC: [FF:FF:FF:FF:FF:FF] [13|36 ACKs]13:35:38  Sending 64 directed DeAuth (code 7). STMAC: [FF:FF:FF:FF:FF:FF] [13|37 ACKs]13:35:38  Sending 64 directed DeAuth (code 7). STMAC: [FF:FF:FF:FF:FF:FF] [14|37 ACKs]13:35:38  Sending 64 directed DeAuth (code 7). STMAC: [FF:FF:FF:FF:FF:FF] [14|38 ACKs]13:35:38  Sending 64 directed DeAuth (code 7). STMAC: [FF:FF:FF:FF:FF:FF] [14|38 ACKs]13:35:38  Sending 64 directed DeAuth (code 7). STMAC: [FF:FF:FF:FF:FF:FF] [15|38 ACKs]13:35:38  Sending 64 directed DeAuth (code 7). STMAC: [FF:FF:FF:FF:FF:FF] [15|39 ACKs]13:35:38  Sending 64 directed DeAuth (code 7). STMAC: [FF:FF:FF:FF:FF:FF] [16|39 ACKs]13:35:38  Sending 64 directed DeAuth (code 7). STMAC: [FF:FF:FF:FF:FF:FF] [16|40 ACKs]13:35:38  Sending 64 directed DeAuth (code 7). STMAC: [FF:FF:FF:FF:FF:FF] [17|40 ACKs]13:35:38  Sending 64 directed DeAuth (code 7). STMAC: [FF:FF:FF:FF:FF:FF] [18|40 ACKs]13:35:38  Sending 64 directed DeAuth (code 7). STMAC: [FF:FF:FF:FF:FF:FF] [18|41 ACKs]13:35:38  Sending 64 directed DeAuth (code 7). STMAC: [FF:FF:FF:FF:FF:FF] [19|41 ACKs]13:35:38  Sending 64 directed DeAuth (code 7). STMAC: [FF:FF:FF:FF:FF:FF] [19|42 ACKs]13:35:38  Sending 64 directed DeAuth (code 7). STMAC: [FF:FF:FF:FF:FF:FF] [20|42 ACKs]13:35:38  Sending 64 directed DeAuth (code 7). STMAC: [FF:FF:FF:FF:FF:FF] [20|43 ACKs]13:35:38  Sending 64 directed DeAuth (code 7). STMAC: [FF:FF:FF:FF:FF:FF] [21|43 ACKs]13:35:38  Sending 64 directed DeAuth (code 7). STMAC: [FF:FF:FF:FF:FF:FF] [21|44 ACKs]13:35:38  Sending 64 directed DeAuth (code 7). STMAC: [FF:FF:FF:FF:FF:FF] [22|44 ACKs]13:35:38  Sending 64 directed DeAuth (code 7). STMAC: [FF:FF:FF:FF:FF:FF] [22|45 ACKs]13:35:38  Sending 64 directed DeAuth (code 7). STMAC: [FF:FF:FF:FF:FF:FF] [23|45 ACKs]13:35:38  Sending 64 directed DeAuth (code 7). STMAC: [FF:FF:FF:FF:FF:FF] [23|46 ACKs]13:35:38  Sending 64 directed DeAuth (code 7). STMAC: [FF:FF:FF:FF:FF:FF] [24|46 ACKs]13:35:38  Sending 64 directed DeAuth (code 7). STMAC: [FF:FF:FF:FF:FF:FF] [24|47 ACKs]13:35:38  Sending 64 directed DeAuth (code 7). STMAC: [FF:FF:FF:FF:FF:FF] [25|47 ACKs]13:35:38  Sending 64 directed DeAuth (code 7). STMAC: [FF:FF:FF:FF:FF:FF] [25|48 ACKs]13:35:38  Sending 64 directed DeAuth (code 7). STMAC: [FF:FF:FF:FF:FF:FF] [26|48 ACKs]13:35:38  Sending 64 directed DeAuth (code 7). STMAC: [FF:FF:FF:FF:FF:FF] [26|49 ACKs]13:35:38  Sending 64 directed DeAuth (code 7). STMAC: [FF:FF:FF:FF:FF:FF] [26|49 ACKs]13:35:38  Sending 64 directed DeAuth (code 7). STMAC: [FF:FF:FF:FF:FF:FF] [26|50 ACKs]13:35:38  Sending 64 directed DeAuth (code 7). STMAC: [FF:FF:FF:FF:FF:FF] [26|51 ACKs]13:35:38  Sending 64 directed DeAuth (code 7). STMAC: [FF:FF:FF:FF:FF:FF] [26|52 ACKs]13:35:38  Sending 64 directed DeAuth (code 7). STMAC: [FF:FF:FF:FF:FF:FF] [26|53 ACKs]13:35:38  Sending 64 directed DeAuth (code 7). STMAC: [FF:FF:FF:FF:FF:FF] [26|54 ACKs]13:35:38  Sending 64 directed DeAuth (code 7). STMAC: [FF:FF:FF:FF:FF:FF] [26|55 ACKs]13:35:38  Sending 64 directed DeAuth (code 7). STMAC: [FF:FF:FF:FF:FF:FF] [26|56 ACKs]13:35:38  Sending 64 directed DeAuth (code 7). STMAC: [FF:FF:FF:FF:FF:FF] [26|57 ACKs]13:35:38  Sending 64 directed DeAuth (code 7). STMAC: [FF:FF:FF:FF:FF:FF] [26|58 ACKs]13:35:38  Sending 64 directed DeAuth (code 7). STMAC: [FF:FF:FF:FF:FF:FF] [26|59 ACKs]13:35:38  Sending 64 directed DeAuth (code 7). STMAC: [FF:FF:FF:FF:FF:FF] [26|60 ACKs]13:35:38  Sending 64 directed DeAuth (code 7). STMAC: [FF:FF:FF:FF:FF:FF] [26|61 ACKs]13:35:38  Sending 64 directed DeAuth (code 7). STMAC: [FF:FF:FF:FF:FF:FF] [26|62 ACKs]13:35:38  Sending 64 directed DeAuth (code 7). STMAC: [FF:FF:FF:FF:FF:FF] [26|63 ACKs]13:35:38  Sending 64 directed DeAuth (code 7). STMAC: [FF:FF:FF:FF:FF:FF] [26|64 ACKs]
13:35:38  Sending 64 directed DeAuth (code 7). STMAC: [FF:FF:FF:FF:FF:FF] [ 0| 0 ACKs]13:35:38  Sending 64 directed DeAuth (code 7). STMAC: [FF:FF:FF:FF:FF:FF] [ 1| 0 ACKs]13:35:38  Sending 64 directed DeAuth (code 7). STMAC: [FF:FF:FF:FF:FF:FF] [ 2| 0 ACKs]13:35:38  Sending 64 directed DeAuth (code 7). STMAC: [FF:FF:FF:FF:FF:FF] [ 2| 1 ACKs]13:35:38  Sending 64 directed DeAuth (code 7). STMAC: [FF:FF:FF:FF:FF:FF] [ 2| 2 ACKs]13:35:38  Sending 64 directed DeAuth (code 7). STMAC: [FF:FF:FF:FF:FF:FF] [ 2| 3 ACKs]13:35:38  Sending 64 directed DeAuth (code 7). STMAC: [FF:FF:FF:FF:FF:FF] [ 2| 4 ACKs]13:35:38  Sending 64 directed DeAuth (code 7). STMAC: [FF:FF:FF:FF:FF:FF] [ 2| 5 ACKs]13:35:38  Sending 64 directed DeAuth (code 7). STMAC: [FF:FF:FF:FF:FF:FF] [ 2| 6 ACKs]13:35:38  Sending 64 directed DeAuth (code 7). STMAC: [FF:FF:FF:FF:FF:FF] [ 2| 7 ACKs]13:35:38  Sending 64 directed DeAuth (code 7). STMAC: [FF:FF:FF:FF:FF:FF] [ 2| 8 ACKs]13:35:38  Sending 64 directed DeAuth (code 7). STMAC: [FF:FF:FF:FF:FF:FF] [ 2| 9 ACKs]13:35:38  Sending 64 directed DeAuth (code 7). STMAC: [FF:FF:FF:FF:FF:FF] [ 2|10 ACKs]13:35:38  Sending 64 directed DeAuth (code 7). STMAC: [FF:FF:FF:FF:FF:FF] [ 2|11 ACKs]13:35:38  Sending 64 directed DeAuth (code 7). STMAC: [FF:FF:FF:FF:FF:FF] [ 2|12 ACKs]13:35:38  Sending 64 directed DeAuth (code 7). STMAC: [FF:FF:FF:FF:FF:FF] [ 2|13 ACKs]13:35:38  Sending 64 directed DeAuth (code 7). STMAC: [FF:FF:FF:FF:FF:FF] [ 2|14 ACKs]13:35:38  Sending 64 directed DeAuth (code 7). STMAC: [FF:FF:FF:FF:FF:FF] [ 2|15 ACKs]13:35:38  Sending 64 directed DeAuth (code 7). STMAC: [FF:FF:FF:FF:FF:FF] [ 2|16 ACKs]13:35:38  Sending 64 directed DeAuth (code 7). STMAC: [FF:FF:FF:FF:FF:FF] [ 2|17 ACKs]13:35:38  Sending 64 directed DeAuth (code 7). STMAC: [FF:FF:FF:FF:FF:FF] [ 2|18 ACKs]13:35:38  Sending 64 directed DeAuth (code 7). STMAC: [FF:FF:FF:FF:FF:FF] [ 2|19 ACKs]13:35:39  Sending 64 directed DeAuth (code 7). STMAC: [FF:FF:FF:FF:FF:FF] [ 2|20 ACKs]13:35:39  Sending 64 directed DeAuth (code 7). STMAC: [FF:FF:FF:FF:FF:FF] [ 2|21 ACKs]13:35:39  Sending 64 directed DeAuth (code 7). STMAC: [FF:FF:FF:FF:FF:FF] [ 2|22 ACKs]13:35:39  Sending 64 directed DeAuth (code 7). STMAC: [FF:FF:FF:FF:FF:FF] [ 2|23 ACKs]13:35:39  Sending 64 directed DeAuth (code 7). STMAC: [FF:FF:FF:FF:FF:FF] [ 2|24 ACKs]13:35:39  Sending 64 directed DeAuth (code 7). STMAC: [FF:FF:FF:FF:FF:FF] [ 2|25 ACKs]13:35:39  Sending 64 directed DeAuth (code 7). STMAC: [FF:FF:FF:FF:FF:FF] [ 2|26 ACKs]13:35:39  Sending 64 directed DeAuth (code 7). STMAC: [FF:FF:FF:FF:FF:FF] [ 2|27 ACKs]13:35:39  Sending 64 directed DeAuth (code 7). STMAC: [FF:FF:FF:FF:FF:FF] [ 3|27 ACKs]13:35:39  Sending 64 directed DeAuth (code 7). STMAC: [FF:FF:FF:FF:FF:FF] [ 3|28 ACKs]13:35:39  Sending 64 directed DeAuth (code 7). STMAC: [FF:FF:FF:FF:FF:FF] [ 3|29 ACKs]13:35:39  Sending 64 directed DeAuth (code 7). STMAC: [FF:FF:FF:FF:FF:FF] [ 3|30 ACKs]13:35:39  Sending 64 directed DeAuth (code 7). STMAC: [FF:FF:FF:FF:FF:FF] [ 3|31 ACKs]13:35:39  Sending 64 directed DeAuth (code 7). STMAC: [FF:FF:FF:FF:FF:FF] [ 3|32 ACKs]13:35:39  Sending 64 directed DeAuth (code 7). STMAC: [FF:FF:FF:FF:FF:FF] [ 3|33 ACKs]13:35:39  Sending 64 directed DeAuth (code 7). STMAC: [FF:FF:FF:FF:FF:FF] [ 3|34 ACKs]13:35:39  Sending 64 directed DeAuth (code 7). STMAC: [FF:FF:FF:FF:FF:FF] [ 3|35 ACKs]13:35:39  Sending 64 directed DeAuth (code 7). STMAC: [FF:FF:FF:FF:FF:FF] [ 3|36 ACKs]13:35:39  Sending 64 directed DeAuth (code 7). STMAC: [FF:FF:FF:FF:FF:FF] [ 3|37 ACKs]13:35:39  Sending 64 directed DeAuth (code 7). STMAC: [FF:FF:FF:FF:FF:FF] [ 3|38 ACKs]13:35:39  Sending 64 directed DeAuth (code 7). STMAC: [FF:FF:FF:FF:FF:FF] [ 3|39 ACKs]13:35:39  Sending 64 directed DeAuth (code 7). STMAC: [FF:FF:FF:FF:FF:FF] [ 3|40 ACKs]13:35:39  Sending 64 directed DeAuth (code 7). STMAC: [FF:FF:FF:FF:FF:FF] [ 3|41 ACKs]13:35:39  Sending 64 directed DeAuth (code 7). STMAC: [FF:FF:FF:FF:FF:FF] [ 3|42 ACKs]13:35:39  Sending 64 directed DeAuth (code 7). STMAC: [FF:FF:FF:FF:FF:FF] [ 3|43 ACKs]13:35:39  Sending 64 directed DeAuth (code 7). STMAC: [FF:FF:FF:FF:FF:FF] [ 3|44 ACKs]13:35:39  Sending 64 directed DeAuth (code 7). STMAC: [FF:FF:FF:FF:FF:FF] [ 3|45 ACKs]13:35:39  Sending 64 directed DeAuth (code 7). STMAC: [FF:FF:FF:FF:FF:FF] [ 3|46 ACKs]13:35:39  Sending 64 directed DeAuth (code 7). STMAC: [FF:FF:FF:FF:FF:FF] [ 3|47 ACKs]13:35:39  Sending 64 directed DeAuth (code 7). STMAC: [FF:FF:FF:FF:FF:FF] [ 3|48 ACKs]13:35:39  Sending 64 directed DeAuth (code 7). STMAC: [FF:FF:FF:FF:FF:FF] [ 3|49 ACKs]13:35:39  Sending 64 directed DeAuth (code 7). STMAC: [FF:FF:FF:FF:FF:FF] [ 3|50 ACKs]13:35:39  Sending 64 directed DeAuth (code 7). STMAC: [FF:FF:FF:FF:FF:FF] [ 3|51 ACKs]13:35:39  Sending 64 directed DeAuth (code 7). STMAC: [FF:FF:FF:FF:FF:FF] [ 3|52 ACKs]13:35:39  Sending 64 directed DeAuth (code 7). STMAC: [FF:FF:FF:FF:FF:FF] [ 3|53 ACKs]13:35:39  Sending 64 directed DeAuth (code 7). STMAC: [FF:FF:FF:FF:FF:FF] [ 3|54 ACKs]13:35:39  Sending 64 directed DeAuth (code 7). STMAC: [FF:FF:FF:FF:FF:FF] [ 3|55 ACKs]13:35:39  Sending 64 directed DeAuth (code 7). STMAC: [FF:FF:FF:FF:FF:FF] [ 3|56 ACKs]13:35:39  Sending 64 directed DeAuth (code 7). STMAC: [FF:FF:FF:FF:FF:FF] [ 3|57 ACKs]13:35:39  Sending 64 directed DeAuth (code 7). STMAC: [FF:FF:FF:FF:FF:FF] [ 3|58 ACKs]13:35:39  Sending 64 directed DeAuth (code 7). STMAC: [FF:FF:FF:FF:FF:FF] [ 3|59 ACKs]13:35:39  Sending 64 directed DeAuth (code 7). STMAC: [FF:FF:FF:FF:FF:FF] [ 3|60 ACKs]13:35:39  Sending 64 directed DeAuth (code 7). STMAC: [FF:FF:FF:FF:FF:FF] [ 3|61 ACKs]13:35:39  Sending 64 directed DeAuth (code 7). STMAC: [FF:FF:FF:FF:FF:FF] [ 3|62 ACKs]13:35:39  Sending 64 directed DeAuth (code 7). STMAC: [FF:FF:FF:FF:FF:FF] [ 3|63 ACKs]13:35:39  Sending 64 directed DeAuth (code 7). STMAC: [FF:FF:FF:FF:FF:FF] [ 3|64 ACKs]
13:35:39  Sending 64 directed DeAuth (code 7). STMAC: [FF:FF:FF:FF:FF:FF] [ 0| 0 ACKs]13:35:39  Sending 64 directed DeAuth (code 7). STMAC: [FF:FF:FF:FF:FF:FF] [ 1| 0 ACKs]13:35:39  Sending 64 directed DeAuth (code 7). STMAC: [FF:FF:FF:FF:FF:FF] [ 1| 0 ACKs]13:35:39  Sending 64 directed DeAuth (code 7). STMAC: [FF:FF:FF:FF:FF:FF] [ 2| 0 ACKs]13:35:39  Sending 64 directed DeAuth (code 7). STMAC: [FF:FF:FF:FF:FF:FF] [ 2| 0 ACKs]13:35:39  Sending 64 directed DeAuth (code 7). STMAC: [FF:FF:FF:FF:FF:FF] [ 3| 0 ACKs]13:35:39  Sending 64 directed DeAuth (code 7). STMAC: [FF:FF:FF:FF:FF:FF] [ 4| 0 ACKs]13:35:39  Sending 64 directed DeAuth (code 7). STMAC: [FF:FF:FF:FF:FF:FF] [ 4| 0 ACKs]13:35:39  Sending 64 directed DeAuth (code 7). STMAC: [FF:FF:FF:FF:FF:FF] [ 4| 0 ACKs]13:35:39  Sending 64 directed DeAuth (code 7). STMAC: [FF:FF:FF:FF:FF:FF] [ 5| 0 ACKs]13:35:39  Sending 64 directed DeAuth (code 7). STMAC: [FF:FF:FF:FF:FF:FF] [ 5| 0 ACKs]13:35:39  Sending 64 directed DeAuth (code 7). STMAC: [FF:FF:FF:FF:FF:FF] [ 6| 0 ACKs]13:35:39  Sending 64 directed DeAuth (code 7). STMAC: [FF:FF:FF:FF:FF:FF] [ 6| 0 ACKs]13:35:39  Sending 64 directed DeAuth (code 7). STMAC: [FF:FF:FF:FF:FF:FF] [ 7| 0 ACKs]13:35:39  Sending 64 directed DeAuth (code 7). STMAC: [FF:FF:FF:FF:FF:FF] [ 7| 0 ACKs]13:35:39  Sending 64 directed DeAuth (code 7). STMAC: [FF:FF:FF:FF:FF:FF] [ 8| 0 ACKs]13:35:39  Sending 64 directed DeAuth (code 7). STMAC: [FF:FF:FF:FF:FF:FF] [ 8| 1 ACKs]13:35:39  Sending 64 directed DeAuth (code 7). STMAC: [FF:FF:FF:FF:FF:FF] [ 9| 1 ACKs]13:35:39  Sending 64 directed DeAuth (code 7). STMAC: [FF:FF:FF:FF:FF:FF] [ 9| 2 ACKs]13:35:39  Sending 64 directed DeAuth (code 7). STMAC: [FF:FF:FF:FF:FF:FF] [ 9| 2 ACKs]13:35:39  Sending 64 directed DeAuth (code 7). STMAC: [FF:FF:FF:FF:FF:FF] [10| 2 ACKs]13:35:39  Sending 64 directed DeAuth (code 7). STMAC: [FF:FF:FF:FF:FF:FF] [11| 2 ACKs]13:35:39  Sending 64 directed DeAuth (code 7). STMAC: [FF:FF:FF:FF:FF:FF] [11| 3 ACKs]13:35:39  Sending 64 directed DeAuth (code 7). STMAC: [FF:FF:FF:FF:FF:FF] [12| 3 ACKs]13:35:39  Sending 64 directed DeAuth (code 7). STMAC: [FF:FF:FF:FF:FF:FF] [12| 4 ACKs]13:35:39  Sending 64 directed DeAuth (code 7). STMAC: [FF:FF:FF:FF:FF:FF] [13| 4 ACKs]13:35:39  Sending 64 directed DeAuth (code 7). STMAC: [FF:FF:FF:FF:FF:FF] [13| 5 ACKs]13:35:39  Sending 64 directed DeAuth (code 7). STMAC: [FF:FF:FF:FF:FF:FF] [13| 6 ACKs]13:35:39  Sending 64 directed DeAuth (code 7). STMAC: [FF:FF:FF:FF:FF:FF] [13| 7 ACKs]13:35:39  Sending 64 directed DeAuth (code 7). STMAC: [FF:FF:FF:FF:FF:FF] [14| 7 ACKs]13:35:39  Sending 64 directed DeAuth (code 7). STMAC: [FF:FF:FF:FF:FF:FF] [14| 8 ACKs]13:35:39  Sending 64 directed DeAuth (code 7). STMAC: [FF:FF:FF:FF:FF:FF] [14| 8 ACKs]13:35:39  Sending 64 directed DeAuth (code 7). STMAC: [FF:FF:FF:FF:FF:FF] [14| 9 ACKs]13:35:39  Sending 64 directed DeAuth (code 7). STMAC: [FF:FF:FF:FF:FF:FF] [14|10 ACKs]13:35:39  Sending 64 directed DeAuth (code 7). STMAC: [FF:FF:FF:FF:FF:FF] [14|11 ACKs]13:35:39  Sending 64 directed DeAuth (code 7). STMAC: [FF:FF:FF:FF:FF:FF] [14|12 ACKs]13:35:39  Sending 64 directed DeAuth (code 7). STMAC: [FF:FF:FF:FF:FF:FF] [14|13 ACKs]13:35:39  Sending 64 directed DeAuth (code 7). STMAC: [FF:FF:FF:FF:FF:FF] [14|14 ACKs]13:35:39  Sending 64 directed DeAuth (code 7). STMAC: [FF:FF:FF:FF:FF:FF] [14|15 ACKs]13:35:39  Sending 64 directed DeAuth (code 7). STMAC: [FF:FF:FF:FF:FF:FF] [14|16 ACKs]13:35:39  Sending 64 directed DeAuth (code 7). STMAC: [FF:FF:FF:FF:FF:FF] [14|17 ACKs]13:35:39  Sending 64 directed DeAuth (code 7). STMAC: [FF:FF:FF:FF:FF:FF] [14|18 ACKs]13:35:39  Sending 64 directed DeAuth (code 7). STMAC: [FF:FF:FF:FF:FF:FF] [14|19 ACKs]13:35:39  Sending 64 directed DeAuth (code 7). STMAC: [FF:FF:FF:FF:FF:FF] [15|19 ACKs]13:35:39  Sending 64 directed DeAuth (code 7). STMAC: [FF:FF:FF:FF:FF:FF] [15|20 ACKs]13:35:39  Sending 64 directed DeAuth (code 7). STMAC: [FF:FF:FF:FF:FF:FF] [15|21 ACKs]13:35:39  Sending 64 directed DeAuth (code 7). STMAC: [FF:FF:FF:FF:FF:FF] [15|22 ACKs]13:35:39  Sending 64 directed DeAuth (code 7). STMAC: [FF:FF:FF:FF:FF:FF] [15|23 ACKs]13:35:39  Sending 64 directed DeAuth (code 7). STMAC: [FF:FF:FF:FF:FF:FF] [15|24 ACKs]13:35:39  Sending 64 directed DeAuth (code 7). STMAC: [FF:FF:FF:FF:FF:FF] [15|25 ACKs]13:35:39  Sending 64 directed DeAuth (code 7). STMAC: [FF:FF:FF:FF:FF:FF] [15|26 ACKs]13:35:39  Sending 64 directed DeAuth (code 7). STMAC: [FF:FF:FF:FF:FF:FF] [15|27 ACKs]13:35:39  Sending 64 directed DeAuth (code 7). STMAC: [FF:FF:FF:FF:FF:FF] [15|28 ACKs]13:35:39  Sending 64 directed DeAuth (code 7). STMAC: [FF:FF:FF:FF:FF:FF] [15|29 ACKs]13:35:39  Sending 64 directed DeAuth (code 7). STMAC: [FF:FF:FF:FF:FF:FF] [15|30 ACKs]13:35:39  Sending 64 directed DeAuth (code 7). STMAC: [FF:FF:FF:FF:FF:FF] [15|31 ACKs]13:35:39  Sending 64 directed DeAuth (code 7). STMAC: [FF:FF:FF:FF:FF:FF] [16|31 ACKs]13:35:39  Sending 64 directed DeAuth (code 7). STMAC: [FF:FF:FF:FF:FF:FF] [16|32 ACKs]13:35:39  Sending 64 directed DeAuth (code 7). STMAC: [FF:FF:FF:FF:FF:FF] [17|32 ACKs]13:35:39  Sending 64 directed DeAuth (code 7). STMAC: [FF:FF:FF:FF:FF:FF] [17|33 ACKs]13:35:39  Sending 64 directed DeAuth (code 7). STMAC: [FF:FF:FF:FF:FF:FF] [18|33 ACKs]13:35:39  Sending 64 directed DeAuth (code 7). STMAC: [FF:FF:FF:FF:FF:FF] [18|34 ACKs]13:35:39  Sending 64 directed DeAuth (code 7). STMAC: [FF:FF:FF:FF:FF:FF] [19|34 ACKs]13:35:39  Sending 64 directed DeAuth (code 7). STMAC: [FF:FF:FF:FF:FF:FF] [19|35 ACKs]13:35:39  Sending 64 directed DeAuth (code 7). STMAC: [FF:FF:FF:FF:FF:FF] [20|35 ACKs]13:35:39  Sending 64 directed DeAuth (code 7). STMAC: [FF:FF:FF:FF:FF:FF] [20|36 ACKs]13:35:39  Sending 64 directed DeAuth (code 7). STMAC: [FF:FF:FF:FF:FF:FF] [21|36 ACKs]13:35:39  Sending 64 directed DeAuth (code 7). STMAC: [FF:FF:FF:FF:FF:FF] [21|37 ACKs]13:35:39  Sending 64 directed DeAuth (code 7). STMAC: [FF:FF:FF:FF:FF:FF] [21|38 ACKs]13:35:39  Sending 64 directed DeAuth (code 7). STMAC: [FF:FF:FF:FF:FF:FF] [22|38 ACKs]13:35:39  Sending 64 directed DeAuth (code 7). STMAC: [FF:FF:FF:FF:FF:FF] [22|39 ACKs]13:35:39  Sending 64 directed DeAuth (code 7). STMAC: [FF:FF:FF:FF:FF:FF] [23|39 ACKs]13:35:39  Sending 64 directed DeAuth (code 7). STMAC: [FF:FF:FF:FF:FF:FF] [23|40 ACKs]13:35:39  Sending 64 directed DeAuth (code 7). STMAC: [FF:FF:FF:FF:FF:FF] [23|41 ACKs]13:35:39  Sending 64 directed DeAuth (code 7). STMAC: [FF:FF:FF:FF:FF:FF] [24|41 ACKs]13:35:39  Sending 64 directed DeAuth (code 7). STMAC: [FF:FF:FF:FF:FF:FF] [24|42 ACKs]13:35:39  Sending 64 directed DeAuth (code 7). STMAC: [FF:FF:FF:FF:FF:FF] [25|42 ACKs]13:35:39  Sending 64 directed DeAuth (code 7). STMAC: [FF:FF:FF:FF:FF:FF] [25|43 ACKs]13:35:39  Sending 64 directed DeAuth (code 7). STMAC: [FF:FF:FF:FF:FF:FF] [25|44 ACKs]13:35:39  Sending 64 directed DeAuth (code 7). STMAC: [FF:FF:FF:FF:FF:FF] [26|44 ACKs]13:35:39  Sending 64 directed DeAuth (code 7). STMAC: [FF:FF:FF:FF:FF:FF] [26|45 ACKs]13:35:39  Sending 64 directed DeAuth (code 7). STMAC: [FF:FF:FF:FF:FF:FF] [26|46 ACKs]13:35:39  Sending 64 directed DeAuth (code 7). STMAC: [FF:FF:FF:FF:FF:FF] [27|46 ACKs]13:35:39  Sending 64 directed DeAuth (code 7). STMAC: [FF:FF:FF:FF:FF:FF] [27|47 ACKs]13:35:39  Sending 64 directed DeAuth (code 7). STMAC: [FF:FF:FF:FF:FF:FF] [27|48 ACKs]13:35:39  Sending 64 directed DeAuth (code 7). STMAC: [FF:FF:FF:FF:FF:FF] [27|49 ACKs]13:35:39  Sending 64 directed DeAuth (code 7). STMAC: [FF:FF:FF:FF:FF:FF] [27|50 ACKs]13:35:39  Sending 64 directed DeAuth (code 7). STMAC: [FF:FF:FF:FF:FF:FF] [27|51 ACKs]13:35:39  Sending 64 directed DeAuth (code 7). STMAC: [FF:FF:FF:FF:FF:FF] [27|52 ACKs]13:35:39  Sending 64 directed DeAuth (code 7). STMAC: [FF:FF:FF:FF:FF:FF] [27|53 ACKs]13:35:39  Sending 64 directed DeAuth (code 7). STMAC: [FF:FF:FF:FF:FF:FF] [27|54 ACKs]13:35:39  Sending 64 directed DeAuth (code 7). STMAC: [FF:FF:FF:FF:FF:FF] [27|55 ACKs]13:35:39  Sending 64 directed DeAuth (code 7). STMAC: [FF:FF:FF:FF:FF:FF] [27|56 ACKs]13:35:39  Sending 64 directed DeAuth (code 7). STMAC: [FF:FF:FF:FF:FF:FF] [27|57 ACKs]13:35:39  Sending 64 directed DeAuth (code 7). STMAC: [FF:FF:FF:FF:FF:FF] [27|58 ACKs]13:35:39  Sending 64 directed DeAuth (code 7). STMAC: [FF:FF:FF:FF:FF:FF] [27|59 ACKs]13:35:39  Sending 64 directed DeAuth (code 7). STMAC: [FF:FF:FF:FF:FF:FF] [27|60 ACKs]13:35:39  Sending 64 directed DeAuth (code 7). STMAC: [FF:FF:FF:FF:FF:FF] [27|61 ACKs]13:35:39  Sending 64 directed DeAuth (code 7). STMAC: [FF:FF:FF:FF:FF:FF] [27|62 ACKs]13:35:39  Sending 64 directed DeAuth (code 7). STMAC: [FF:FF:FF:FF:FF:FF] [27|63 ACKs]13:35:39  Sending 64 directed DeAuth (code 7). STMAC: [FF:FF:FF:FF:FF:FF] [27|64 ACKs]
13:35:40  Sending 64 directed DeAuth (code 7). STMAC: [FF:FF:FF:FF:FF:FF] [ 0| 0 ACKs]13:35:40  Sending 64 directed DeAuth (code 7). STMAC: [FF:FF:FF:FF:FF:FF] [ 0| 0 ACKs]13:35:40  Sending 64 directed DeAuth (code 7). STMAC: [FF:FF:FF:FF:FF:FF] [ 0| 0 ACKs]13:35:40  Sending 64 directed DeAuth (code 7). STMAC: [FF:FF:FF:FF:FF:FF] [ 0| 0 ACKs]13:35:40  Sending 64 directed DeAuth (code 7). STMAC: [FF:FF:FF:FF:FF:FF] [ 1| 0 ACKs]13:35:40  Sending 64 directed DeAuth (code 7). STMAC: [FF:FF:FF:FF:FF:FF] [ 1| 1 ACKs]13:35:40  Sending 64 directed DeAuth (code 7). STMAC: [FF:FF:FF:FF:FF:FF] [ 2| 1 ACKs]13:35:40  Sending 64 directed DeAuth (code 7). STMAC: [FF:FF:FF:FF:FF:FF] [ 2| 2 ACKs]13:35:40  Sending 64 directed DeAuth (code 7). STMAC: [FF:FF:FF:FF:FF:FF] [ 2| 3 ACKs]13:35:40  Sending 64 directed DeAuth (code 7). STMAC: [FF:FF:FF:FF:FF:FF] [ 2| 4 ACKs]13:35:40  Sending 64 directed DeAuth (code 7). STMAC: [FF:FF:FF:FF:FF:FF] [ 3| 4 ACKs]13:35:40  Sending 64 directed DeAuth (code 7). STMAC: [FF:FF:FF:FF:FF:FF] [ 3| 5 ACKs]13:35:40  Sending 64 directed DeAuth (code 7). STMAC: [FF:FF:FF:FF:FF:FF] [ 3| 6 ACKs]13:35:40  Sending 64 directed DeAuth (code 7). STMAC: [FF:FF:FF:FF:FF:FF] [ 4| 6 ACKs]13:35:40  Sending 64 directed DeAuth (code 7). STMAC: [FF:FF:FF:FF:FF:FF] [ 4| 7 ACKs]13:35:40  Sending 64 directed DeAuth (code 7). STMAC: [FF:FF:FF:FF:FF:FF] [ 5| 7 ACKs]13:35:40  Sending 64 directed DeAuth (code 7). STMAC: [FF:FF:FF:FF:FF:FF] [ 5| 8 ACKs]13:35:40  Sending 64 directed DeAuth (code 7). STMAC: [FF:FF:FF:FF:FF:FF] [ 6| 8 ACKs]13:35:40  Sending 64 directed DeAuth (code 7). STMAC: [FF:FF:FF:FF:FF:FF] [ 6| 9 ACKs]13:35:40  Sending 64 directed DeAuth (code 7). STMAC: [FF:FF:FF:FF:FF:FF] [ 7| 9 ACKs]13:35:40  Sending 64 directed DeAuth (code 7). STMAC: [FF:FF:FF:FF:FF:FF] [ 7|10 ACKs]13:35:40  Sending 64 directed DeAuth (code 7). STMAC: [FF:FF:FF:FF:FF:FF] [ 8|10 ACKs]13:35:40  Sending 64 directed DeAuth (code 7). STMAC: [FF:FF:FF:FF:FF:FF] [ 8|11 ACKs]13:35:40  Sending 64 directed DeAuth (code 7). STMAC: [FF:FF:FF:FF:FF:FF] [ 9|11 ACKs]13:35:40  Sending 64 directed DeAuth (code 7). STMAC: [FF:FF:FF:FF:FF:FF] [ 9|12 ACKs]13:35:40  Sending 64 directed DeAuth (code 7). STMAC: [FF:FF:FF:FF:FF:FF] [ 9|13 ACKs]13:35:40  Sending 64 directed DeAuth (code 7). STMAC: [FF:FF:FF:FF:FF:FF] [10|13 ACKs]13:35:40  Sending 64 directed DeAuth (code 7). STMAC: [FF:FF:FF:FF:FF:FF] [10|14 ACKs]13:35:40  Sending 64 directed DeAuth (code 7). STMAC: [FF:FF:FF:FF:FF:FF] [10|15 ACKs]13:35:40  Sending 64 directed DeAuth (code 7). STMAC: [FF:FF:FF:FF:FF:FF] [10|16 ACKs]13:35:40  Sending 64 directed DeAuth (code 7). STMAC: [FF:FF:FF:FF:FF:FF] [10|17 ACKs]13:35:40  Sending 64 directed DeAuth (code 7). STMAC: [FF:FF:FF:FF:FF:FF] [10|18 ACKs]13:35:40  Sending 64 directed DeAuth (code 7). STMAC: [FF:FF:FF:FF:FF:FF] [10|19 ACKs]13:35:40  Sending 64 directed DeAuth (code 7). STMAC: [FF:FF:FF:FF:FF:FF] [10|20 ACKs]13:35:40  Sending 64 directed DeAuth (code 7). STMAC: [FF:FF:FF:FF:FF:FF] [10|21 ACKs]13:35:40  Sending 64 directed DeAuth (code 7). STMAC: [FF:FF:FF:FF:FF:FF] [10|22 ACKs]13:35:40  Sending 64 directed DeAuth (code 7). STMAC: [FF:FF:FF:FF:FF:FF] [10|23 ACKs]13:35:40  Sending 64 directed DeAuth (code 7). STMAC: [FF:FF:FF:FF:FF:FF] [10|24 ACKs]13:35:40  Sending 64 directed DeAuth (code 7). STMAC: [FF:FF:FF:FF:FF:FF] [10|25 ACKs]13:35:40  Sending 64 directed DeAuth (code 7). STMAC: [FF:FF:FF:FF:FF:FF] [10|26 ACKs]13:35:40  Sending 64 directed DeAuth (code 7). STMAC: [FF:FF:FF:FF:FF:FF] [10|27 ACKs]13:35:40  Sending 64 directed DeAuth (code 7). STMAC: [FF:FF:FF:FF:FF:FF] [10|28 ACKs]13:35:40  Sending 64 directed DeAuth (code 7). STMAC: [FF:FF:FF:FF:FF:FF] [10|29 ACKs]13:35:40  Sending 64 directed DeAuth (code 7). STMAC: [FF:FF:FF:FF:FF:FF] [10|30 ACKs]13:35:40  Sending 64 directed DeAuth (code 7). STMAC: [FF:FF:FF:FF:FF:FF] [10|31 ACKs]13:35:40  Sending 64 directed DeAuth (code 7). STMAC: [FF:FF:FF:FF:FF:FF] [10|32 ACKs]13:35:40  Sending 64 directed DeAuth (code 7). STMAC: [FF:FF:FF:FF:FF:FF] [10|33 ACKs]13:35:40  Sending 64 directed DeAuth (code 7). STMAC: [FF:FF:FF:FF:FF:FF] [10|34 ACKs]13:35:40  Sending 64 directed DeAuth (code 7). STMAC: [FF:FF:FF:FF:FF:FF] [10|35 ACKs]13:35:40  Sending 64 directed DeAuth (code 7). STMAC: [FF:FF:FF:FF:FF:FF] [10|36 ACKs]13:35:40  Sending 64 directed DeAuth (code 7). STMAC: [FF:FF:FF:FF:FF:FF] [10|37 ACKs]13:35:40  Sending 64 directed DeAuth (code 7). STMAC: [FF:FF:FF:FF:FF:FF] [10|38 ACKs]13:35:40  Sending 64 directed DeAuth (code 7). STMAC: [FF:FF:FF:FF:FF:FF] [10|39 ACKs]13:35:40  Sending 64 directed DeAuth (code 7). STMAC: [FF:FF:FF:FF:FF:FF] [10|40 ACKs]13:35:40  Sending 64 directed DeAuth (code 7). STMAC: [FF:FF:FF:FF:FF:FF] [10|41 ACKs]13:35:40  Sending 64 directed DeAuth (code 7). STMAC: [FF:FF:FF:FF:FF:FF] [10|42 ACKs]13:35:40  Sending 64 directed DeAuth (code 7). STMAC: [FF:FF:FF:FF:FF:FF] [10|43 ACKs]13:35:40  Sending 64 directed DeAuth (code 7). STMAC: [FF:FF:FF:FF:FF:FF] [10|44 ACKs]13:35:40  Sending 64 directed DeAuth (code 7). STMAC: [FF:FF:FF:FF:FF:FF] [10|45 ACKs]13:35:40  Sending 64 directed DeAuth (code 7). STMAC: [FF:FF:FF:FF:FF:FF] [10|46 ACKs]13:35:40  Sending 64 directed DeAuth (code 7). STMAC: [FF:FF:FF:FF:FF:FF] [10|47 ACKs]13:35:40  Sending 64 directed DeAuth (code 7). STMAC: [FF:FF:FF:FF:FF:FF] [10|48 ACKs]13:35:40  Sending 64 directed DeAuth (code 7). STMAC: [FF:FF:FF:FF:FF:FF] [10|49 ACKs]13:35:40  Sending 64 directed DeAuth (code 7). STMAC: [FF:FF:FF:FF:FF:FF] [10|50 ACKs]13:35:40  Sending 64 directed DeAuth (code 7). STMAC: [FF:FF:FF:FF:FF:FF] [10|51 ACKs]13:35:40  Sending 64 directed DeAuth (code 7). STMAC: [FF:FF:FF:FF:FF:FF] [10|52 ACKs]13:35:40  Sending 64 directed DeAuth (code 7). STMAC: [FF:FF:FF:FF:FF:FF] [10|53 ACKs]13:35:40  Sending 64 directed DeAuth (code 7). STMAC: [FF:FF:FF:FF:FF:FF] [10|54 ACKs]13:35:40  Sending 64 directed DeAuth (code 7). STMAC: [FF:FF:FF:FF:FF:FF] [10|55 ACKs]13:35:40  Sending 64 directed DeAuth (code 7). STMAC: [FF:FF:FF:FF:FF:FF] [10|56 ACKs]13:35:40  Sending 64 directed DeAuth (code 7). STMAC: [FF:FF:FF:FF:FF:FF] [10|57 ACKs]13:35:40  Sending 64 directed DeAuth (code 7). STMAC: [FF:FF:FF:FF:FF:FF] [10|58 ACKs]13:35:40  Sending 64 directed DeAuth (code 7). STMAC: [FF:FF:FF:FF:FF:FF] [10|59 ACKs]13:35:40  Sending 64 directed DeAuth (code 7). STMAC: [FF:FF:FF:FF:FF:FF] [10|60 ACKs]13:35:40  Sending 64 directed DeAuth (code 7). STMAC: [FF:FF:FF:FF:FF:FF] [10|61 ACKs]13:35:40  Sending 64 directed DeAuth (code 7). STMAC: [FF:FF:FF:FF:FF:FF] [10|62 ACKs]13:35:40  Sending 64 directed DeAuth (code 7). STMAC: [FF:FF:FF:FF:FF:FF] [10|63 ACKs]13:35:40  Sending 64 directed DeAuth (code 7). STMAC: [FF:FF:FF:FF:FF:FF] [10|64 ACKs]
13:35:40  Sending 64 directed DeAuth (code 7). STMAC: [FF:FF:FF:FF:FF:FF] [ 0| 0 ACKs]13:35:40  Sending 64 directed DeAuth (code 7). STMAC: [FF:FF:FF:FF:FF:FF] [ 1| 0 ACKs]13:35:40  Sending 64 directed DeAuth (code 7). STMAC: [FF:FF:FF:FF:FF:FF] [ 2| 0 ACKs]13:35:40  Sending 64 directed DeAuth (code 7). STMAC: [FF:FF:FF:FF:FF:FF] [ 3| 0 ACKs]13:35:40  Sending 64 directed DeAuth (code 7). STMAC: [FF:FF:FF:FF:FF:FF] [ 3| 1 ACKs]13:35:40  Sending 64 directed DeAuth (code 7). STMAC: [FF:FF:FF:FF:FF:FF] [ 4| 1 ACKs]13:35:40  Sending 64 directed DeAuth (code 7). STMAC: [FF:FF:FF:FF:FF:FF] [ 4| 2 ACKs]13:35:40  Sending 64 directed DeAuth (code 7). STMAC: [FF:FF:FF:FF:FF:FF] [ 4| 3 ACKs]13:35:40  Sending 64 directed DeAuth (code 7). STMAC: [FF:FF:FF:FF:FF:FF] [ 4| 4 ACKs]13:35:40  Sending 64 directed DeAuth (code 7). STMAC: [FF:FF:FF:FF:FF:FF] [ 5| 4 ACKs]13:35:40  Sending 64 directed DeAuth (code 7). STMAC: [FF:FF:FF:FF:FF:FF] [ 5| 5 ACKs]13:35:40  Sending 64 directed DeAuth (code 7). STMAC: [FF:FF:FF:FF:FF:FF] [ 6| 5 ACKs]13:35:40  Sending 64 directed DeAuth (code 7). STMAC: [FF:FF:FF:FF:FF:FF] [ 6| 6 ACKs]13:35:40  Sending 64 directed DeAuth (code 7). STMAC: [FF:FF:FF:FF:FF:FF] [ 7| 6 ACKs]13:35:40  Sending 64 directed DeAuth (code 7). STMAC: [FF:FF:FF:FF:FF:FF] [ 7| 7 ACKs]13:35:40  Sending 64 directed DeAuth (code 7). STMAC: [FF:FF:FF:FF:FF:FF] [ 8| 7 ACKs]13:35:40  Sending 64 directed DeAuth (code 7). STMAC: [FF:FF:FF:FF:FF:FF] [ 8| 8 ACKs]13:35:40  Sending 64 directed DeAuth (code 7). STMAC: [FF:FF:FF:FF:FF:FF] [ 9| 8 ACKs]13:35:40  Sending 64 directed DeAuth (code 7). STMAC: [FF:FF:FF:FF:FF:FF] [ 9| 9 ACKs]13:35:40  Sending 64 directed DeAuth (code 7). STMAC: [FF:FF:FF:FF:FF:FF] [10| 9 ACKs]13:35:40  Sending 64 directed DeAuth (code 7). STMAC: [FF:FF:FF:FF:FF:FF] [10|10 ACKs]13:35:40  Sending 64 directed DeAuth (code 7). STMAC: [FF:FF:FF:FF:FF:FF] [10|11 ACKs]13:35:40  Sending 64 directed DeAuth (code 7). STMAC: [FF:FF:FF:FF:FF:FF] [10|12 ACKs]13:35:40  Sending 64 directed DeAuth (code 7). STMAC: [FF:FF:FF:FF:FF:FF] [10|13 ACKs]13:35:40  Sending 64 directed DeAuth (code 7). STMAC: [FF:FF:FF:FF:FF:FF] [10|14 ACKs]13:35:40  Sending 64 directed DeAuth (code 7). STMAC: [FF:FF:FF:FF:FF:FF] [10|15 ACKs]13:35:40  Sending 64 directed DeAuth (code 7). STMAC: [FF:FF:FF:FF:FF:FF] [10|16 ACKs]13:35:40  Sending 64 directed DeAuth (code 7). STMAC: [FF:FF:FF:FF:FF:FF] [10|17 ACKs]13:35:40  Sending 64 directed DeAuth (code 7). STMAC: [FF:FF:FF:FF:FF:FF] [10|18 ACKs]13:35:40  Sending 64 directed DeAuth (code 7). STMAC: [FF:FF:FF:FF:FF:FF] [10|19 ACKs]13:35:40  Sending 64 directed DeAuth (code 7). STMAC: [FF:FF:FF:FF:FF:FF] [10|20 ACKs]13:35:40  Sending 64 directed DeAuth (code 7). STMAC: [FF:FF:FF:FF:FF:FF] [10|21 ACKs]13:35:40  Sending 64 directed DeAuth (code 7). STMAC: [FF:FF:FF:FF:FF:FF] [10|22 ACKs]13:35:40  Sending 64 directed DeAuth (code 7). STMAC: [FF:FF:FF:FF:FF:FF] [10|23 ACKs]13:35:40  Sending 64 directed DeAuth (code 7). STMAC: [FF:FF:FF:FF:FF:FF] [10|24 ACKs]13:35:40  Sending 64 directed DeAuth (code 7). STMAC: [FF:FF:FF:FF:FF:FF] [10|25 ACKs]13:35:40  Sending 64 directed DeAuth (code 7). STMAC: [FF:FF:FF:FF:FF:FF] [10|26 ACKs]13:35:40  Sending 64 directed DeAuth (code 7). STMAC: [FF:FF:FF:FF:FF:FF] [10|27 ACKs]13:35:40  Sending 64 directed DeAuth (code 7). STMAC: [FF:FF:FF:FF:FF:FF] [10|28 ACKs]13:35:40  Sending 64 directed DeAuth (code 7). STMAC: [FF:FF:FF:FF:FF:FF] [10|29 ACKs]13:35:40  Sending 64 directed DeAuth (code 7). STMAC: [FF:FF:FF:FF:FF:FF] [10|30 ACKs]13:35:40  Sending 64 directed DeAuth (code 7). STMAC: [FF:FF:FF:FF:FF:FF] [10|31 ACKs]13:35:40  Sending 64 directed DeAuth (code 7). STMAC: [FF:FF:FF:FF:FF:FF] [10|32 ACKs]13:35:40  Sending 64 directed DeAuth (code 7). STMAC: [FF:FF:FF:FF:FF:FF] [10|33 ACKs]13:35:40  Sending 64 directed DeAuth (code 7). STMAC: [FF:FF:FF:FF:FF:FF] [10|34 ACKs]13:35:40  Sending 64 directed DeAuth (code 7). STMAC: [FF:FF:FF:FF:FF:FF] [10|35 ACKs]13:35:40  Sending 64 directed DeAuth (code 7). STMAC: [FF:FF:FF:FF:FF:FF] [10|36 ACKs]13:35:40  Sending 64 directed DeAuth (code 7). STMAC: [FF:FF:FF:FF:FF:FF] [10|37 ACKs]13:35:40  Sending 64 directed DeAuth (code 7). STMAC: [FF:FF:FF:FF:FF:FF] [10|38 ACKs]13:35:40  Sending 64 directed DeAuth (code 7). STMAC: [FF:FF:FF:FF:FF:FF] [10|39 ACKs]13:35:40  Sending 64 directed DeAuth (code 7). STMAC: [FF:FF:FF:FF:FF:FF] [10|40 ACKs]13:35:40  Sending 64 directed DeAuth (code 7). STMAC: [FF:FF:FF:FF:FF:FF] [10|41 ACKs]13:35:40  Sending 64 directed DeAuth (code 7). STMAC: [FF:FF:FF:FF:FF:FF] [10|42 ACKs]13:35:40  Sending 64 directed DeAuth (code 7). STMAC: [FF:FF:FF:FF:FF:FF] [10|43 ACKs]13:35:40  Sending 64 directed DeAuth (code 7). STMAC: [FF:FF:FF:FF:FF:FF] [10|44 ACKs]13:35:40  Sending 64 directed DeAuth (code 7). STMAC: [FF:FF:FF:FF:FF:FF] [10|45 ACKs]13:35:40  Sending 64 directed DeAuth (code 7). STMAC: [FF:FF:FF:FF:FF:FF] [10|46 ACKs]13:35:40  Sending 64 directed DeAuth (code 7). STMAC: [FF:FF:FF:FF:FF:FF] [10|47 ACKs]13:35:40  Sending 64 directed DeAuth (code 7). STMAC: [FF:FF:FF:FF:FF:FF] [10|48 ACKs]13:35:40  Sending 64 directed DeAuth (code 7). STMAC: [FF:FF:FF:FF:FF:FF] [10|49 ACKs]13:35:40  Sending 64 directed DeAuth (code 7). STMAC: [FF:FF:FF:FF:FF:FF] [10|50 ACKs]13:35:40  Sending 64 directed DeAuth (code 7). STMAC: [FF:FF:FF:FF:FF:FF] [10|51 ACKs]13:35:40  Sending 64 directed DeAuth (code 7). STMAC: [FF:FF:FF:FF:FF:FF] [10|52 ACKs]13:35:40  Sending 64 directed DeAuth (code 7). STMAC: [FF:FF:FF:FF:FF:FF] [10|53 ACKs]13:35:40  Sending 64 directed DeAuth (code 7). STMAC: [FF:FF:FF:FF:FF:FF] [10|54 ACKs]13:35:40  Sending 64 directed DeAuth (code 7). STMAC: [FF:FF:FF:FF:FF:FF] [10|55 ACKs]13:35:40  Sending 64 directed DeAuth (code 7). STMAC: [FF:FF:FF:FF:FF:FF] [10|56 ACKs]13:35:40  Sending 64 directed DeAuth (code 7). STMAC: [FF:FF:FF:FF:FF:FF] [10|57 ACKs]13:35:40  Sending 64 directed DeAuth (code 7). STMAC: [FF:FF:FF:FF:FF:FF] [10|58 ACKs]13:35:40  Sending 64 directed DeAuth (code 7). STMAC: [FF:FF:FF:FF:FF:FF] [10|59 ACKs]13:35:40  Sending 64 directed DeAuth (code 7). STMAC: [FF:FF:FF:FF:FF:FF] [10|60 ACKs]13:35:40  Sending 64 directed DeAuth (code 7). STMAC: [FF:FF:FF:FF:FF:FF] [10|61 ACKs]13:35:40  Sending 64 directed DeAuth (code 7). STMAC: [FF:FF:FF:FF:FF:FF] [10|62 ACKs]13:35:41  Sending 64 directed DeAuth (code 7). STMAC: [FF:FF:FF:FF:FF:FF] [10|63 ACKs]13:35:41  Sending 64 directed DeAuth (code 7). STMAC: [FF:FF:FF:FF:FF:FF] [10|64 ACKs]
13:35:41  Sending 64 directed DeAuth (code 7). STMAC: [FF:FF:FF:FF:FF:FF] [ 0| 0 ACKs]13:35:41  Sending 64 directed DeAuth (code 7). STMAC: [FF:FF:FF:FF:FF:FF] [ 0| 1 ACKs]13:35:41  Sending 64 directed DeAuth (code 7). STMAC: [FF:FF:FF:FF:FF:FF] [ 1| 1 ACKs]13:35:41  Sending 64 directed DeAuth (code 7). STMAC: [FF:FF:FF:FF:FF:FF] [ 1| 2 ACKs]13:35:41  Sending 64 directed DeAuth (code 7). STMAC: [FF:FF:FF:FF:FF:FF] [ 1| 3 ACKs]13:35:41  Sending 64 directed DeAuth (code 7). STMAC: [FF:FF:FF:FF:FF:FF] [ 1| 4 ACKs]13:35:41  Sending 64 directed DeAuth (code 7). STMAC: [FF:FF:FF:FF:FF:FF] [ 1| 5 ACKs]13:35:41  Sending 64 directed DeAuth (code 7). STMAC: [FF:FF:FF:FF:FF:FF] [ 1| 6 ACKs]13:35:41  Sending 64 directed DeAuth (code 7). STMAC: [FF:FF:FF:FF:FF:FF] [ 1| 7 ACKs]13:35:41  Sending 64 directed DeAuth (code 7). STMAC: [FF:FF:FF:FF:FF:FF] [ 1| 8 ACKs]13:35:41  Sending 64 directed DeAuth (code 7). STMAC: [FF:FF:FF:FF:FF:FF] [ 1| 9 ACKs]13:35:41  Sending 64 directed DeAuth (code 7). STMAC: [FF:FF:FF:FF:FF:FF] [ 1|10 ACKs]13:35:41  Sending 64 directed DeAuth (code 7). STMAC: [FF:FF:FF:FF:FF:FF] [ 1|11 ACKs]13:35:41  Sending 64 directed DeAuth (code 7). STMAC: [FF:FF:FF:FF:FF:FF] [ 1|12 ACKs]13:35:41  Sending 64 directed DeAuth (code 7). STMAC: [FF:FF:FF:FF:FF:FF] [ 1|13 ACKs]13:35:41  Sending 64 directed DeAuth (code 7). STMAC: [FF:FF:FF:FF:FF:FF] [ 1|14 ACKs]13:35:41  Sending 64 directed DeAuth (code 7). STMAC: [FF:FF:FF:FF:FF:FF] [ 1|15 ACKs]13:35:41  Sending 64 directed DeAuth (code 7). STMAC: [FF:FF:FF:FF:FF:FF] [ 1|16 ACKs]13:35:41  Sending 64 directed DeAuth (code 7). STMAC: [FF:FF:FF:FF:FF:FF] [ 1|17 ACKs]13:35:41  Sending 64 directed DeAuth (code 7). STMAC: [FF:FF:FF:FF:FF:FF] [ 1|18 ACKs]13:35:41  Sending 64 directed DeAuth (code 7). STMAC: [FF:FF:FF:FF:FF:FF] [ 1|19 ACKs]13:35:41  Sending 64 directed DeAuth (code 7). STMAC: [FF:FF:FF:FF:FF:FF] [ 1|20 ACKs]13:35:41  Sending 64 directed DeAuth (code 7). STMAC: [FF:FF:FF:FF:FF:FF] [ 1|21 ACKs]13:35:41  Sending 64 directed DeAuth (code 7). STMAC: [FF:FF:FF:FF:FF:FF] [ 1|22 ACKs]13:35:41  Sending 64 directed DeAuth (code 7). STMAC: [FF:FF:FF:FF:FF:FF] [ 1|23 ACKs]13:35:41  Sending 64 directed DeAuth (code 7). STMAC: [FF:FF:FF:FF:FF:FF] [ 1|24 ACKs]13:35:41  Sending 64 directed DeAuth (code 7). STMAC: [FF:FF:FF:FF:FF:FF] [ 1|25 ACKs]13:35:41  Sending 64 directed DeAuth (code 7). STMAC: [FF:FF:FF:FF:FF:FF] [ 1|26 ACKs]13:35:41  Sending 64 directed DeAuth (code 7). STMAC: [FF:FF:FF:FF:FF:FF] [ 1|27 ACKs]13:35:41  Sending 64 directed DeAuth (code 7). STMAC: [FF:FF:FF:FF:FF:FF] [ 1|28 ACKs]13:35:41  Sending 64 directed DeAuth (code 7). STMAC: [FF:FF:FF:FF:FF:FF] [ 1|29 ACKs]13:35:41  Sending 64 directed DeAuth (code 7). STMAC: [FF:FF:FF:FF:FF:FF] [ 1|30 ACKs]13:35:41  Sending 64 directed DeAuth (code 7). STMAC: [FF:FF:FF:FF:FF:FF] [ 1|31 ACKs]13:35:41  Sending 64 directed DeAuth (code 7). STMAC: [FF:FF:FF:FF:FF:FF] [ 1|32 ACKs]13:35:41  Sending 64 directed DeAuth (code 7). STMAC: [FF:FF:FF:FF:FF:FF] [ 1|33 ACKs]13:35:41  Sending 64 directed DeAuth (code 7). STMAC: [FF:FF:FF:FF:FF:FF] [ 1|34 ACKs]13:35:41  Sending 64 directed DeAuth (code 7). STMAC: [FF:FF:FF:FF:FF:FF] [ 1|35 ACKs]13:35:41  Sending 64 directed DeAuth (code 7). STMAC: [FF:FF:FF:FF:FF:FF] [ 1|36 ACKs]13:35:41  Sending 64 directed DeAuth (code 7). STMAC: [FF:FF:FF:FF:FF:FF] [ 1|37 ACKs]13:35:41  Sending 64 directed DeAuth (code 7). STMAC: [FF:FF:FF:FF:FF:FF] [ 1|38 ACKs]13:35:41  Sending 64 directed DeAuth (code 7). STMAC: [FF:FF:FF:FF:FF:FF] [ 1|39 ACKs]13:35:41  Sending 64 directed DeAuth (code 7). STMAC: [FF:FF:FF:FF:FF:FF] [ 1|40 ACKs]13:35:41  Sending 64 directed DeAuth (code 7). STMAC: [FF:FF:FF:FF:FF:FF] [ 1|41 ACKs]13:35:41  Sending 64 directed DeAuth (code 7). STMAC: [FF:FF:FF:FF:FF:FF] [ 1|42 ACKs]13:35:41  Sending 64 directed DeAuth (code 7). STMAC: [FF:FF:FF:FF:FF:FF] [ 1|43 ACKs]13:35:41  Sending 64 directed DeAuth (code 7). STMAC: [FF:FF:FF:FF:FF:FF] [ 1|44 ACKs]13:35:41  Sending 64 directed DeAuth (code 7). STMAC: [FF:FF:FF:FF:FF:FF] [ 1|45 ACKs]13:35:41  Sending 64 directed DeAuth (code 7). STMAC: [FF:FF:FF:FF:FF:FF] [ 1|46 ACKs]13:35:41  Sending 64 directed DeAuth (code 7). STMAC: [FF:FF:FF:FF:FF:FF] [ 1|47 ACKs]13:35:41  Sending 64 directed DeAuth (code 7). STMAC: [FF:FF:FF:FF:FF:FF] [ 1|48 ACKs]13:35:41  Sending 64 directed DeAuth (code 7). STMAC: [FF:FF:FF:FF:FF:FF] [ 1|49 ACKs]13:35:41  Sending 64 directed DeAuth (code 7). STMAC: [FF:FF:FF:FF:FF:FF] [ 1|50 ACKs]13:35:41  Sending 64 directed DeAuth (code 7). STMAC: [FF:FF:FF:FF:FF:FF] [ 1|51 ACKs]13:35:41  Sending 64 directed DeAuth (code 7). STMAC: [FF:FF:FF:FF:FF:FF] [ 2|51 ACKs]13:35:41  Sending 64 directed DeAuth (code 7). STMAC: [FF:FF:FF:FF:FF:FF] [ 2|52 ACKs]13:35:41  Sending 64 directed DeAuth (code 7). STMAC: [FF:FF:FF:FF:FF:FF] [ 2|52 ACKs]13:35:41  Sending 64 directed DeAuth (code 7). STMAC: [FF:FF:FF:FF:FF:FF] [ 3|52 ACKs]13:35:41  Sending 64 directed DeAuth (code 7). STMAC: [FF:FF:FF:FF:FF:FF] [ 3|53 ACKs]13:35:41  Sending 64 directed DeAuth (code 7). STMAC: [FF:FF:FF:FF:FF:FF] [ 4|53 ACKs]13:35:41  Sending 64 directed DeAuth (code 7). STMAC: [FF:FF:FF:FF:FF:FF] [ 4|54 ACKs]13:35:41  Sending 64 directed DeAuth (code 7). STMAC: [FF:FF:FF:FF:FF:FF] [ 5|54 ACKs]13:35:41  Sending 64 directed DeAuth (code 7). STMAC: [FF:FF:FF:FF:FF:FF] [ 5|55 ACKs]13:35:41  Sending 64 directed DeAuth (code 7). STMAC: [FF:FF:FF:FF:FF:FF] [ 6|55 ACKs]13:35:41  Sending 64 directed DeAuth (code 7). STMAC: [FF:FF:FF:FF:FF:FF] [ 6|56 ACKs]13:35:41  Sending 64 directed DeAuth (code 7). STMAC: [FF:FF:FF:FF:FF:FF] [ 6|56 ACKs]13:35:41  Sending 64 directed DeAuth (code 7). STMAC: [FF:FF:FF:FF:FF:FF] [ 6|57 ACKs]13:35:41  Sending 64 directed DeAuth (code 7). STMAC: [FF:FF:FF:FF:FF:FF] [ 7|57 ACKs]13:35:41  Sending 64 directed DeAuth (code 7). STMAC: [FF:FF:FF:FF:FF:FF] [ 7|58 ACKs]13:35:41  Sending 64 directed DeAuth (code 7). STMAC: [FF:FF:FF:FF:FF:FF] [ 7|59 ACKs]13:35:41  Sending 64 directed DeAuth (code 7). STMAC: [FF:FF:FF:FF:FF:FF] [ 7|60 ACKs]13:35:41  Sending 64 directed DeAuth (code 7). STMAC: [FF:FF:FF:FF:FF:FF] [ 7|61 ACKs]13:35:41  Sending 64 directed DeAuth (code 7). STMAC: [FF:FF:FF:FF:FF:FF] [ 7|62 ACKs]13:35:41  Sending 64 directed DeAuth (code 7). STMAC: [FF:FF:FF:FF:FF:FF] [ 7|63 ACKs]13:35:41  Sending 64 directed DeAuth (code 7). STMAC: [FF:FF:FF:FF:FF:FF] [ 7|64 ACKs]
13:35:41  Sending 64 directed DeAuth (code 7). STMAC: [FF:FF:FF:FF:FF:FF] [ 0| 0 ACKs]13:35:41  Sending 64 directed DeAuth (code 7). STMAC: [FF:FF:FF:FF:FF:FF] [ 0| 0 ACKs]13:35:41  Sending 64 directed DeAuth (code 7). STMAC: [FF:FF:FF:FF:FF:FF] [ 0| 1 ACKs]13:35:41  Sending 64 directed DeAuth (code 7). STMAC: [FF:FF:FF:FF:FF:FF] [ 0| 2 ACKs]13:35:41  Sending 64 directed DeAuth (code 7). STMAC: [FF:FF:FF:FF:FF:FF] [ 0| 3 ACKs]13:35:41  Sending 64 directed DeAuth (code 7). STMAC: [FF:FF:FF:FF:FF:FF] [ 0| 4 ACKs]13:35:41  Sending 64 directed DeAuth (code 7). STMAC: [FF:FF:FF:FF:FF:FF] [ 0| 5 ACKs]13:35:41  Sending 64 directed DeAuth (code 7). STMAC: [FF:FF:FF:FF:FF:FF] [ 0| 6 ACKs]13:35:41  Sending 64 directed DeAuth (code 7). STMAC: [FF:FF:FF:FF:FF:FF] [ 0| 7 ACKs]13:35:41  Sending 64 directed DeAuth (code 7). STMAC: [FF:FF:FF:FF:FF:FF] [ 1| 7 ACKs]13:35:41  Sending 64 directed DeAuth (code 7). STMAC: [FF:FF:FF:FF:FF:FF] [ 1| 8 ACKs]13:35:41  Sending 64 directed DeAuth (code 7). STMAC: [FF:FF:FF:FF:FF:FF] [ 1| 9 ACKs]13:35:41  Sending 64 directed DeAuth (code 7). STMAC: [FF:FF:FF:FF:FF:FF] [ 1|10 ACKs]13:35:41  Sending 64 directed DeAuth (code 7). STMAC: [FF:FF:FF:FF:FF:FF] [ 1|11 ACKs]13:35:41  Sending 64 directed DeAuth (code 7). STMAC: [FF:FF:FF:FF:FF:FF] [ 1|12 ACKs]13:35:41  Sending 64 directed DeAuth (code 7). STMAC: [FF:FF:FF:FF:FF:FF] [ 1|13 ACKs]13:35:41  Sending 64 directed DeAuth (code 7). STMAC: [FF:FF:FF:FF:FF:FF] [ 1|14 ACKs]13:35:41  Sending 64 directed DeAuth (code 7). STMAC: [FF:FF:FF:FF:FF:FF] [ 1|15 ACKs]13:35:41  Sending 64 directed DeAuth (code 7). STMAC: [FF:FF:FF:FF:FF:FF] [ 1|16 ACKs]13:35:41  Sending 64 directed DeAuth (code 7). STMAC: [FF:FF:FF:FF:FF:FF] [ 1|17 ACKs]13:35:41  Sending 64 directed DeAuth (code 7). STMAC: [FF:FF:FF:FF:FF:FF] [ 1|18 ACKs]13:35:41  Sending 64 directed DeAuth (code 7). STMAC: [FF:FF:FF:FF:FF:FF] [ 1|19 ACKs]13:35:41  Sending 64 directed DeAuth (code 7). STMAC: [FF:FF:FF:FF:FF:FF] [ 1|20 ACKs]13:35:41  Sending 64 directed DeAuth (code 7). STMAC: [FF:FF:FF:FF:FF:FF] [ 1|21 ACKs]13:35:41  Sending 64 directed DeAuth (code 7). STMAC: [FF:FF:FF:FF:FF:FF] [ 1|22 ACKs]13:35:41  Sending 64 directed DeAuth (code 7). STMAC: [FF:FF:FF:FF:FF:FF] [ 1|23 ACKs]13:35:41  Sending 64 directed DeAuth (code 7). STMAC: [FF:FF:FF:FF:FF:FF] [ 1|24 ACKs]13:35:41  Sending 64 directed DeAuth (code 7). STMAC: [FF:FF:FF:FF:FF:FF] [ 1|25 ACKs]13:35:41  Sending 64 directed DeAuth (code 7). STMAC: [FF:FF:FF:FF:FF:FF] [ 1|26 ACKs]13:35:41  Sending 64 directed DeAuth (code 7). STMAC: [FF:FF:FF:FF:FF:FF] [ 1|27 ACKs]13:35:41  Sending 64 directed DeAuth (code 7). STMAC: [FF:FF:FF:FF:FF:FF] [ 1|28 ACKs]13:35:41  Sending 64 directed DeAuth (code 7). STMAC: [FF:FF:FF:FF:FF:FF] [ 1|29 ACKs]13:35:41  Sending 64 directed DeAuth (code 7). STMAC: [FF:FF:FF:FF:FF:FF] [ 1|30 ACKs]13:35:41  Sending 64 directed DeAuth (code 7). STMAC: [FF:FF:FF:FF:FF:FF] [ 1|31 ACKs]13:35:41  Sending 64 directed DeAuth (code 7). STMAC: [FF:FF:FF:FF:FF:FF] [ 1|32 ACKs]13:35:41  Sending 64 directed DeAuth (code 7). STMAC: [FF:FF:FF:FF:FF:FF] [ 1|33 ACKs]13:35:41  Sending 64 directed DeAuth (code 7). STMAC: [FF:FF:FF:FF:FF:FF] [ 1|34 ACKs]13:35:41  Sending 64 directed DeAuth (code 7). STMAC: [FF:FF:FF:FF:FF:FF] [ 1|35 ACKs]13:35:41  Sending 64 directed DeAuth (code 7). STMAC: [FF:FF:FF:FF:FF:FF] [ 1|36 ACKs]13:35:41  Sending 64 directed DeAuth (code 7). STMAC: [FF:FF:FF:FF:FF:FF] [ 1|37 ACKs]13:35:42  Sending 64 directed DeAuth (code 7). STMAC: [FF:FF:FF:FF:FF:FF] [ 1|38 ACKs]13:35:42  Sending 64 directed DeAuth (code 7). STMAC: [FF:FF:FF:FF:FF:FF] [ 1|39 ACKs]13:35:42  Sending 64 directed DeAuth (code 7). STMAC: [FF:FF:FF:FF:FF:FF] [ 1|40 ACKs]13:35:42  Sending 64 directed DeAuth (code 7). STMAC: [FF:FF:FF:FF:FF:FF] [ 1|41 ACKs]13:35:42  Sending 64 directed DeAuth (code 7). STMAC: [FF:FF:FF:FF:FF:FF] [ 1|42 ACKs]13:35:42  Sending 64 directed DeAuth (code 7). STMAC: [FF:FF:FF:FF:FF:FF] [ 1|43 ACKs]13:35:42  Sending 64 directed DeAuth (code 7). STMAC: [FF:FF:FF:FF:FF:FF] [ 1|44 ACKs]13:35:42  Sending 64 directed DeAuth (code 7). STMAC: [FF:FF:FF:FF:FF:FF] [ 1|45 ACKs]13:35:42  Sending 64 directed DeAuth (code 7). STMAC: [FF:FF:FF:FF:FF:FF] [ 1|46 ACKs]13:35:42  Sending 64 directed DeAuth (code 7). STMAC: [FF:FF:FF:FF:FF:FF] [ 1|47 ACKs]13:35:42  Sending 64 directed DeAuth (code 7). STMAC: [FF:FF:FF:FF:FF:FF] [ 1|48 ACKs]13:35:42  Sending 64 directed DeAuth (code 7). STMAC: [FF:FF:FF:FF:FF:FF] [ 1|49 ACKs]13:35:42  Sending 64 directed DeAuth (code 7). STMAC: [FF:FF:FF:FF:FF:FF] [ 1|50 ACKs]13:35:42  Sending 64 directed DeAuth (code 7). STMAC: [FF:FF:FF:FF:FF:FF] [ 1|51 ACKs]13:35:42  Sending 64 directed DeAuth (code 7). STMAC: [FF:FF:FF:FF:FF:FF] [ 1|52 ACKs]13:35:42  Sending 64 directed DeAuth (code 7). STMAC: [FF:FF:FF:FF:FF:FF] [ 1|53 ACKs]13:35:42  Sending 64 directed DeAuth (code 7). STMAC: [FF:FF:FF:FF:FF:FF] [ 1|54 ACKs]13:35:42  Sending 64 directed DeAuth (code 7). STMAC: [FF:FF:FF:FF:FF:FF] [ 1|55 ACKs]13:35:42  Sending 64 directed DeAuth (code 7). STMAC: [FF:FF:FF:FF:FF:FF] [ 1|56 ACKs]13:35:42  Sending 64 directed DeAuth (code 7). STMAC: [FF:FF:FF:FF:FF:FF] [ 1|57 ACKs]13:35:42  Sending 64 directed DeAuth (code 7). STMAC: [FF:FF:FF:FF:FF:FF] [ 1|58 ACKs]13:35:42  Sending 64 directed DeAuth (code 7). STMAC: [FF:FF:FF:FF:FF:FF] [ 1|59 ACKs]13:35:42  Sending 64 directed DeAuth (code 7). STMAC: [FF:FF:FF:FF:FF:FF] [ 1|60 ACKs]13:35:42  Sending 64 directed DeAuth (code 7). STMAC: [FF:FF:FF:FF:FF:FF] [ 1|61 ACKs]13:35:42  Sending 64 directed DeAuth (code 7). STMAC: [FF:FF:FF:FF:FF:FF] [ 1|62 ACKs]13:35:42  Sending 64 directed DeAuth (code 7). STMAC: [FF:FF:FF:FF:FF:FF] [ 1|63 ACKs]13:35:42  Sending 64 directed DeAuth (code 7). STMAC: [FF:FF:FF:FF:FF:FF] [ 1|64 ACKs]
13:35:42  Sending 64 directed DeAuth (code 7). STMAC: [FF:FF:FF:FF:FF:FF] [ 0| 0 ACKs]13:35:42  Sending 64 directed DeAuth (code 7). STMAC: [FF:FF:FF:FF:FF:FF] [ 0| 1 ACKs]13:35:42  Sending 64 directed DeAuth (code 7). STMAC: [FF:FF:FF:FF:FF:FF] [ 0| 2 ACKs]13:35:42  Sending 64 directed DeAuth (code 7). STMAC: [FF:FF:FF:FF:FF:FF] [ 0| 3 ACKs]13:35:42  Sending 64 directed DeAuth (code 7). STMAC: [FF:FF:FF:FF:FF:FF] [ 0| 4 ACKs]13:35:42  Sending 64 directed DeAuth (code 7). STMAC: [FF:FF:FF:FF:FF:FF] [ 0| 5 ACKs]13:35:42  Sending 64 directed DeAuth (code 7). STMAC: [FF:FF:FF:FF:FF:FF] [ 0| 6 ACKs]13:35:42  Sending 64 directed DeAuth (code 7). STMAC: [FF:FF:FF:FF:FF:FF] [ 0| 7 ACKs]13:35:42  Sending 64 directed DeAuth (code 7). STMAC: [FF:FF:FF:FF:FF:FF] [ 0| 8 ACKs]13:35:42  Sending 64 directed DeAuth (code 7). STMAC: [FF:FF:FF:FF:FF:FF] [ 0| 9 ACKs]13:35:42  Sending 64 directed DeAuth (code 7). STMAC: [FF:FF:FF:FF:FF:FF] [ 0|10 ACKs]13:35:42  Sending 64 directed DeAuth (code 7). STMAC: [FF:FF:FF:FF:FF:FF] [ 0|11 ACKs]13:35:42  Sending 64 directed DeAuth (code 7). STMAC: [FF:FF:FF:FF:FF:FF] [ 0|12 ACKs]13:35:42  Sending 64 directed DeAuth (code 7). STMAC: [FF:FF:FF:FF:FF:FF] [ 0|13 ACKs]13:35:42  Sending 64 directed DeAuth (code 7). STMAC: [FF:FF:FF:FF:FF:FF] [ 0|14 ACKs]13:35:42  Sending 64 directed DeAuth (code 7). STMAC: [FF:FF:FF:FF:FF:FF] [ 1|14 ACKs]13:35:42  Sending 64 directed DeAuth (code 7). STMAC: [FF:FF:FF:FF:FF:FF] [ 2|14 ACKs]13:35:42  Sending 64 directed DeAuth (code 7). STMAC: [FF:FF:FF:FF:FF:FF] [ 2|14 ACKs]13:35:42  Sending 64 directed DeAuth (code 7). STMAC: [FF:FF:FF:FF:FF:FF] [ 2|15 ACKs]13:35:42  Sending 64 directed DeAuth (code 7). STMAC: [FF:FF:FF:FF:FF:FF] [ 3|15 ACKs]13:35:42  Sending 64 directed DeAuth (code 7). STMAC: [FF:FF:FF:FF:FF:FF] [ 4|15 ACKs]13:35:42  Sending 64 directed DeAuth (code 7). STMAC: [FF:FF:FF:FF:FF:FF] [ 4|16 ACKs]13:35:42  Sending 64 directed DeAuth (code 7). STMAC: [FF:FF:FF:FF:FF:FF] [ 5|16 ACKs]13:35:42  Sending 64 directed DeAuth (code 7). STMAC: [FF:FF:FF:FF:FF:FF] [ 5|17 ACKs]13:35:42  Sending 64 directed DeAuth (code 7). STMAC: [FF:FF:FF:FF:FF:FF] [ 6|17 ACKs]13:35:42  Sending 64 directed DeAuth (code 7). STMAC: [FF:FF:FF:FF:FF:FF] [ 6|18 ACKs]13:35:42  Sending 64 directed DeAuth (code 7). STMAC: [FF:FF:FF:FF:FF:FF] [ 7|18 ACKs]13:35:42  Sending 64 directed DeAuth (code 7). STMAC: [FF:FF:FF:FF:FF:FF] [ 7|19 ACKs]13:35:42  Sending 64 directed DeAuth (code 7). STMAC: [FF:FF:FF:FF:FF:FF] [ 8|19 ACKs]13:35:42  Sending 64 directed DeAuth (code 7). STMAC: [FF:FF:FF:FF:FF:FF] [ 8|20 ACKs]13:35:42  Sending 64 directed DeAuth (code 7). STMAC: [FF:FF:FF:FF:FF:FF] [ 9|20 ACKs]13:35:42  Sending 64 directed DeAuth (code 7). STMAC: [FF:FF:FF:FF:FF:FF] [ 9|21 ACKs]13:35:42  Sending 64 directed DeAuth (code 7). STMAC: [FF:FF:FF:FF:FF:FF] [10|21 ACKs]13:35:42  Sending 64 directed DeAuth (code 7). STMAC: [FF:FF:FF:FF:FF:FF] [10|22 ACKs]13:35:42  Sending 64 directed DeAuth (code 7). STMAC: [FF:FF:FF:FF:FF:FF] [10|23 ACKs]13:35:42  Sending 64 directed DeAuth (code 7). STMAC: [FF:FF:FF:FF:FF:FF] [10|24 ACKs]13:35:42  Sending 64 directed DeAuth (code 7). STMAC: [FF:FF:FF:FF:FF:FF] [11|24 ACKs]13:35:42  Sending 64 directed DeAuth (code 7). STMAC: [FF:FF:FF:FF:FF:FF] [11|25 ACKs]13:35:42  Sending 64 directed DeAuth (code 7). STMAC: [FF:FF:FF:FF:FF:FF] [12|25 ACKs]13:35:42  Sending 64 directed DeAuth (code 7). STMAC: [FF:FF:FF:FF:FF:FF] [12|26 ACKs]13:35:42  Sending 64 directed DeAuth (code 7). STMAC: [FF:FF:FF:FF:FF:FF] [13|26 ACKs]13:35:42  Sending 64 directed DeAuth (code 7). STMAC: [FF:FF:FF:FF:FF:FF] [13|27 ACKs]13:35:42  Sending 64 directed DeAuth (code 7). STMAC: [FF:FF:FF:FF:FF:FF] [14|27 ACKs]13:35:42  Sending 64 directed DeAuth (code 7). STMAC: [FF:FF:FF:FF:FF:FF] [14|28 ACKs]13:35:42  Sending 64 directed DeAuth (code 7). STMAC: [FF:FF:FF:FF:FF:FF] [14|29 ACKs]13:35:42  Sending 64 directed DeAuth (code 7). STMAC: [FF:FF:FF:FF:FF:FF] [15|29 ACKs]13:35:42  Sending 64 directed DeAuth (code 7). STMAC: [FF:FF:FF:FF:FF:FF] [15|30 ACKs]13:35:42  Sending 64 directed DeAuth (code 7). STMAC: [FF:FF:FF:FF:FF:FF] [16|30 ACKs]13:35:42  Sending 64 directed DeAuth (code 7). STMAC: [FF:FF:FF:FF:FF:FF] [16|31 ACKs]13:35:42  Sending 64 directed DeAuth (code 7). STMAC: [FF:FF:FF:FF:FF:FF] [17|31 ACKs]13:35:42  Sending 64 directed DeAuth (code 7). STMAC: [FF:FF:FF:FF:FF:FF] [18|31 ACKs]13:35:42  Sending 64 directed DeAuth (code 7). STMAC: [FF:FF:FF:FF:FF:FF] [18|32 ACKs]13:35:42  Sending 64 directed DeAuth (code 7). STMAC: [FF:FF:FF:FF:FF:FF] [19|32 ACKs]13:35:42  Sending 64 directed DeAuth (code 7). STMAC: [FF:FF:FF:FF:FF:FF] [20|32 ACKs]13:35:42  Sending 64 directed DeAuth (code 7). STMAC: [FF:FF:FF:FF:FF:FF] [20|33 ACKs]13:35:42  Sending 64 directed DeAuth (code 7). STMAC: [FF:FF:FF:FF:FF:FF] [21|33 ACKs]13:35:42  Sending 64 directed DeAuth (code 7). STMAC: [FF:FF:FF:FF:FF:FF] [21|34 ACKs]13:35:42  Sending 64 directed DeAuth (code 7). STMAC: [FF:FF:FF:FF:FF:FF] [22|34 ACKs]13:35:42  Sending 64 directed DeAuth (code 7). STMAC: [FF:FF:FF:FF:FF:FF] [22|35 ACKs]13:35:42  Sending 64 directed DeAuth (code 7). STMAC: [FF:FF:FF:FF:FF:FF] [23|35 ACKs]13:35:42  Sending 64 directed DeAuth (code 7). STMAC: [FF:FF:FF:FF:FF:FF] [23|36 ACKs]13:35:42  Sending 64 directed DeAuth (code 7). STMAC: [FF:FF:FF:FF:FF:FF] [24|36 ACKs]13:35:42  Sending 64 directed DeAuth (code 7). STMAC: [FF:FF:FF:FF:FF:FF] [24|37 ACKs]13:35:42  Sending 64 directed DeAuth (code 7). STMAC: [FF:FF:FF:FF:FF:FF] [25|37 ACKs]13:35:42  Sending 64 directed DeAuth (code 7). STMAC: [FF:FF:FF:FF:FF:FF] [25|38 ACKs]13:35:42  Sending 64 directed DeAuth (code 7). STMAC: [FF:FF:FF:FF:FF:FF] [26|38 ACKs]13:35:42  Sending 64 directed DeAuth (code 7). STMAC: [FF:FF:FF:FF:FF:FF] [26|39 ACKs]13:35:42  Sending 64 directed DeAuth (code 7). STMAC: [FF:FF:FF:FF:FF:FF] [27|39 ACKs]13:35:42  Sending 64 directed DeAuth (code 7). STMAC: [FF:FF:FF:FF:FF:FF] [27|40 ACKs]13:35:42  Sending 64 directed DeAuth (code 7). STMAC: [FF:FF:FF:FF:FF:FF] [27|40 ACKs]13:35:42  Sending 64 directed DeAuth (code 7). STMAC: [FF:FF:FF:FF:FF:FF] [27|41 ACKs]13:35:42  Sending 64 directed DeAuth (code 7). STMAC: [FF:FF:FF:FF:FF:FF] [27|42 ACKs]13:35:42  Sending 64 directed DeAuth (code 7). STMAC: [FF:FF:FF:FF:FF:FF] [27|43 ACKs]13:35:42  Sending 64 directed DeAuth (code 7). STMAC: [FF:FF:FF:FF:FF:FF] [27|44 ACKs]13:35:42  Sending 64 directed DeAuth (code 7). STMAC: [FF:FF:FF:FF:FF:FF] [27|45 ACKs]13:35:42  Sending 64 directed DeAuth (code 7). STMAC: [FF:FF:FF:FF:FF:FF] [27|46 ACKs]13:35:42  Sending 64 directed DeAuth (code 7). STMAC: [FF:FF:FF:FF:FF:FF] [27|47 ACKs]13:35:42  Sending 64 directed DeAuth (code 7). STMAC: [FF:FF:FF:FF:FF:FF] [27|48 ACKs]13:35:42  Sending 64 directed DeAuth (code 7). STMAC: [FF:FF:FF:FF:FF:FF] [27|49 ACKs]13:35:42  Sending 64 directed DeAuth (code 7). STMAC: [FF:FF:FF:FF:FF:FF] [27|50 ACKs]13:35:42  Sending 64 directed DeAuth (code 7). STMAC: [FF:FF:FF:FF:FF:FF] [27|51 ACKs]13:35:42  Sending 64 directed DeAuth (code 7). STMAC: [FF:FF:FF:FF:FF:FF] [27|52 ACKs]13:35:42  Sending 64 directed DeAuth (code 7). STMAC: [FF:FF:FF:FF:FF:FF] [27|53 ACKs]13:35:42  Sending 64 directed DeAuth (code 7). STMAC: [FF:FF:FF:FF:FF:FF] [27|54 ACKs]13:35:42  Sending 64 directed DeAuth (code 7). STMAC: [FF:FF:FF:FF:FF:FF] [27|55 ACKs]13:35:42  Sending 64 directed DeAuth (code 7). STMAC: [FF:FF:FF:FF:FF:FF] [27|56 ACKs]13:35:42  Sending 64 directed DeAuth (code 7). STMAC: [FF:FF:FF:FF:FF:FF] [27|57 ACKs]13:35:42  Sending 64 directed DeAuth (code 7). STMAC: [FF:FF:FF:FF:FF:FF] [27|58 ACKs]13:35:42  Sending 64 directed DeAuth (code 7). STMAC: [FF:FF:FF:FF:FF:FF] [27|59 ACKs]13:35:42  Sending 64 directed DeAuth (code 7). STMAC: [FF:FF:FF:FF:FF:FF] [27|60 ACKs]13:35:42  Sending 64 directed DeAuth (code 7). STMAC: [FF:FF:FF:FF:FF:FF] [27|61 ACKs]13:35:42  Sending 64 directed DeAuth (code 7). STMAC: [FF:FF:FF:FF:FF:FF] [27|62 ACKs]13:35:42  Sending 64 directed DeAuth (code 7). STMAC: [FF:FF:FF:FF:FF:FF] [28|62 ACKs]13:35:42  Sending 64 directed DeAuth (code 7). STMAC: [FF:FF:FF:FF:FF:FF] [28|63 ACKs]13:35:42  Sending 64 directed DeAuth (code 7). STMAC: [FF:FF:FF:FF:FF:FF] [28|64 ACKs]
13:35:42  Sending 64 directed DeAuth (code 7). STMAC: [FF:FF:FF:FF:FF:FF] [ 0| 0 ACKs]13:35:42  Sending 64 directed DeAuth (code 7). STMAC: [FF:FF:FF:FF:FF:FF] [ 1| 0 ACKs]13:35:42  Sending 64 directed DeAuth (code 7). STMAC: [FF:FF:FF:FF:FF:FF] [ 2| 0 ACKs]13:35:42  Sending 64 directed DeAuth (code 7). STMAC: [FF:FF:FF:FF:FF:FF] [ 3| 0 ACKs]13:35:42  Sending 64 directed DeAuth (code 7). STMAC: [FF:FF:FF:FF:FF:FF] [ 3| 1 ACKs]13:35:42  Sending 64 directed DeAuth (code 7). STMAC: [FF:FF:FF:FF:FF:FF] [ 3| 2 ACKs]13:35:42  Sending 64 directed DeAuth (code 7). STMAC: [FF:FF:FF:FF:FF:FF] [ 3| 3 ACKs]13:35:42  Sending 64 directed DeAuth (code 7). STMAC: [FF:FF:FF:FF:FF:FF] [ 4| 3 ACKs]13:35:42  Sending 64 directed DeAuth (code 7). STMAC: [FF:FF:FF:FF:FF:FF] [ 4| 4 ACKs]13:35:42  Sending 64 directed DeAuth (code 7). STMAC: [FF:FF:FF:FF:FF:FF] [ 4| 5 ACKs]13:35:42  Sending 64 directed DeAuth (code 7). STMAC: [FF:FF:FF:FF:FF:FF] [ 4| 6 ACKs]13:35:42  Sending 64 directed DeAuth (code 7). STMAC: [FF:FF:FF:FF:FF:FF] [ 4| 7 ACKs]13:35:42  Sending 64 directed DeAuth (code 7). STMAC: [FF:FF:FF:FF:FF:FF] [ 4| 8 ACKs]13:35:42  Sending 64 directed DeAuth (code 7). STMAC: [FF:FF:FF:FF:FF:FF] [ 4| 9 ACKs]13:35:42  Sending 64 directed DeAuth (code 7). STMAC: [FF:FF:FF:FF:FF:FF] [ 4|10 ACKs]13:35:42  Sending 64 directed DeAuth (code 7). STMAC: [FF:FF:FF:FF:FF:FF] [ 4|11 ACKs]13:35:42  Sending 64 directed DeAuth (code 7). STMAC: [FF:FF:FF:FF:FF:FF] [ 4|12 ACKs]13:35:43  Sending 64 directed DeAuth (code 7). STMAC: [FF:FF:FF:FF:FF:FF] [ 4|13 ACKs]13:35:43  Sending 64 directed DeAuth (code 7). STMAC: [FF:FF:FF:FF:FF:FF] [ 4|14 ACKs]13:35:43  Sending 64 directed DeAuth (code 7). STMAC: [FF:FF:FF:FF:FF:FF] [ 4|15 ACKs]13:35:43  Sending 64 directed DeAuth (code 7). STMAC: [FF:FF:FF:FF:FF:FF] [ 4|16 ACKs]13:35:43  Sending 64 directed DeAuth (code 7). STMAC: [FF:FF:FF:FF:FF:FF] [ 4|17 ACKs]13:35:43  Sending 64 directed DeAuth (code 7). STMAC: [FF:FF:FF:FF:FF:FF] [ 4|18 ACKs]13:35:43  Sending 64 directed DeAuth (code 7). STMAC: [FF:FF:FF:FF:FF:FF] [ 4|19 ACKs]13:35:43  Sending 64 directed DeAuth (code 7). STMAC: [FF:FF:FF:FF:FF:FF] [ 5|19 ACKs]13:35:43  Sending 64 directed DeAuth (code 7). STMAC: [FF:FF:FF:FF:FF:FF] [ 5|20 ACKs]13:35:43  Sending 64 directed DeAuth (code 7). STMAC: [FF:FF:FF:FF:FF:FF] [ 5|21 ACKs]13:35:43  Sending 64 directed DeAuth (code 7). STMAC: [FF:FF:FF:FF:FF:FF] [ 5|22 ACKs]13:35:43  Sending 64 directed DeAuth (code 7). STMAC: [FF:FF:FF:FF:FF:FF] [ 5|23 ACKs]13:35:43  Sending 64 directed DeAuth (code 7). STMAC: [FF:FF:FF:FF:FF:FF] [ 5|24 ACKs]13:35:43  Sending 64 directed DeAuth (code 7). STMAC: [FF:FF:FF:FF:FF:FF] [ 5|25 ACKs]13:35:43  Sending 64 directed DeAuth (code 7). STMAC: [FF:FF:FF:FF:FF:FF] [ 5|26 ACKs]13:35:43  Sending 64 directed DeAuth (code 7). STMAC: [FF:FF:FF:FF:FF:FF] [ 5|27 ACKs]13:35:43  Sending 64 directed DeAuth (code 7). STMAC: [FF:FF:FF:FF:FF:FF] [ 5|28 ACKs]13:35:43  Sending 64 directed DeAuth (code 7). STMAC: [FF:FF:FF:FF:FF:FF] [ 5|29 ACKs]13:35:43  Sending 64 directed DeAuth (code 7). STMAC: [FF:FF:FF:FF:FF:FF] [ 5|30 ACKs]13:35:43  Sending 64 directed DeAuth (code 7). STMAC: [FF:FF:FF:FF:FF:FF] [ 5|31 ACKs]13:35:43  Sending 64 directed DeAuth (code 7). STMAC: [FF:FF:FF:FF:FF:FF] [ 5|32 ACKs]13:35:43  Sending 64 directed DeAuth (code 7). STMAC: [FF:FF:FF:FF:FF:FF] [ 5|33 ACKs]13:35:43  Sending 64 directed DeAuth (code 7). STMAC: [FF:FF:FF:FF:FF:FF] [ 5|34 ACKs]13:35:43  Sending 64 directed DeAuth (code 7). STMAC: [FF:FF:FF:FF:FF:FF] [ 5|35 ACKs]13:35:43  Sending 64 directed DeAuth (code 7). STMAC: [FF:FF:FF:FF:FF:FF] [ 5|36 ACKs]13:35:43  Sending 64 directed DeAuth (code 7). STMAC: [FF:FF:FF:FF:FF:FF] [ 5|37 ACKs]13:35:43  Sending 64 directed DeAuth (code 7). STMAC: [FF:FF:FF:FF:FF:FF] [ 5|38 ACKs]13:35:43  Sending 64 directed DeAuth (code 7). STMAC: [FF:FF:FF:FF:FF:FF] [ 5|39 ACKs]13:35:43  Sending 64 directed DeAuth (code 7). STMAC: [FF:FF:FF:FF:FF:FF] [ 5|40 ACKs]13:35:43  Sending 64 directed DeAuth (code 7). STMAC: [FF:FF:FF:FF:FF:FF] [ 5|41 ACKs]13:35:43  Sending 64 directed DeAuth (code 7). STMAC: [FF:FF:FF:FF:FF:FF] [ 5|42 ACKs]13:35:43  Sending 64 directed DeAuth (code 7). STMAC: [FF:FF:FF:FF:FF:FF] [ 5|43 ACKs]13:35:43  Sending 64 directed DeAuth (code 7). STMAC: [FF:FF:FF:FF:FF:FF] [ 5|44 ACKs]13:35:43  Sending 64 directed DeAuth (code 7). STMAC: [FF:FF:FF:FF:FF:FF] [ 5|45 ACKs]13:35:43  Sending 64 directed DeAuth (code 7). STMAC: [FF:FF:FF:FF:FF:FF] [ 5|46 ACKs]13:35:43  Sending 64 directed DeAuth (code 7). STMAC: [FF:FF:FF:FF:FF:FF] [ 5|47 ACKs]13:35:43  Sending 64 directed DeAuth (code 7). STMAC: [FF:FF:FF:FF:FF:FF] [ 5|48 ACKs]13:35:43  Sending 64 directed DeAuth (code 7). STMAC: [FF:FF:FF:FF:FF:FF] [ 5|49 ACKs]13:35:43  Sending 64 directed DeAuth (code 7). STMAC: [FF:FF:FF:FF:FF:FF] [ 5|50 ACKs]13:35:43  Sending 64 directed DeAuth (code 7). STMAC: [FF:FF:FF:FF:FF:FF] [ 5|51 ACKs]13:35:43  Sending 64 directed DeAuth (code 7). STMAC: [FF:FF:FF:FF:FF:FF] [ 5|52 ACKs]13:35:43  Sending 64 directed DeAuth (code 7). STMAC: [FF:FF:FF:FF:FF:FF] [ 5|53 ACKs]13:35:43  Sending 64 directed DeAuth (code 7). STMAC: [FF:FF:FF:FF:FF:FF] [ 5|54 ACKs]13:35:43  Sending 64 directed DeAuth (code 7). STMAC: [FF:FF:FF:FF:FF:FF] [ 5|55 ACKs]13:35:43  Sending 64 directed DeAuth (code 7). STMAC: [FF:FF:FF:FF:FF:FF] [ 5|56 ACKs]13:35:43  Sending 64 directed DeAuth (code 7). STMAC: [FF:FF:FF:FF:FF:FF] [ 5|57 ACKs]13:35:43  Sending 64 directed DeAuth (code 7). STMAC: [FF:FF:FF:FF:FF:FF] [ 5|58 ACKs]13:35:43  Sending 64 directed DeAuth (code 7). STMAC: [FF:FF:FF:FF:FF:FF] [ 5|59 ACKs]13:35:43  Sending 64 directed DeAuth (code 7). STMAC: [FF:FF:FF:FF:FF:FF] [ 5|60 ACKs]13:35:43  Sending 64 directed DeAuth (code 7). STMAC: [FF:FF:FF:FF:FF:FF] [ 5|61 ACKs]13:35:43  Sending 64 directed DeAuth (code 7). STMAC: [FF:FF:FF:FF:FF:FF] [ 5|62 ACKs]13:35:43  Sending 64 directed DeAuth (code 7). STMAC: [FF:FF:FF:FF:FF:FF] [ 5|63 ACKs]13:35:43  Sending 64 directed DeAuth (code 7). STMAC: [FF:FF:FF:FF:FF:FF] [ 5|64 ACKs]
13:35:43  Sending 64 directed DeAuth (code 7). STMAC: [FF:FF:FF:FF:FF:FF] [ 0| 0 ACKs]13:35:43  Sending 64 directed DeAuth (code 7). STMAC: [FF:FF:FF:FF:FF:FF] [ 0| 0 ACKs]13:35:43  Sending 64 directed DeAuth (code 7). STMAC: [FF:FF:FF:FF:FF:FF] [ 1| 0 ACKs]13:35:43  Sending 64 directed DeAuth (code 7). STMAC: [FF:FF:FF:FF:FF:FF] [ 1| 0 ACKs]13:35:43  Sending 64 directed DeAuth (code 7). STMAC: [FF:FF:FF:FF:FF:FF] [ 2| 0 ACKs]13:35:43  Sending 64 directed DeAuth (code 7). STMAC: [FF:FF:FF:FF:FF:FF] [ 3| 0 ACKs]13:35:43  Sending 64 directed DeAuth (code 7). STMAC: [FF:FF:FF:FF:FF:FF] [ 3| 0 ACKs]13:35:43  Sending 64 directed DeAuth (code 7). STMAC: [FF:FF:FF:FF:FF:FF] [ 4| 0 ACKs]13:35:43  Sending 64 directed DeAuth (code 7). STMAC: [FF:FF:FF:FF:FF:FF] [ 4| 0 ACKs]13:35:43  Sending 64 directed DeAuth (code 7). STMAC: [FF:FF:FF:FF:FF:FF] [ 5| 0 ACKs]13:35:43  Sending 64 directed DeAuth (code 7). STMAC: [FF:FF:FF:FF:FF:FF] [ 5| 0 ACKs]13:35:43  Sending 64 directed DeAuth (code 7). STMAC: [FF:FF:FF:FF:FF:FF] [ 6| 0 ACKs]13:35:43  Sending 64 directed DeAuth (code 7). STMAC: [FF:FF:FF:FF:FF:FF] [ 6| 0 ACKs]13:35:43  Sending 64 directed DeAuth (code 7). STMAC: [FF:FF:FF:FF:FF:FF] [ 6| 1 ACKs]13:35:43  Sending 64 directed DeAuth (code 7). STMAC: [FF:FF:FF:FF:FF:FF] [ 6| 2 ACKs]13:35:43  Sending 64 directed DeAuth (code 7). STMAC: [FF:FF:FF:FF:FF:FF] [ 7| 2 ACKs]13:35:43  Sending 64 directed DeAuth (code 7). STMAC: [FF:FF:FF:FF:FF:FF] [ 7| 3 ACKs]13:35:43  Sending 64 directed DeAuth (code 7). STMAC: [FF:FF:FF:FF:FF:FF] [ 7| 4 ACKs]13:35:43  Sending 64 directed DeAuth (code 7). STMAC: [FF:FF:FF:FF:FF:FF] [ 7| 5 ACKs]13:35:43  Sending 64 directed DeAuth (code 7). STMAC: [FF:FF:FF:FF:FF:FF] [ 7| 6 ACKs]13:35:43  Sending 64 directed DeAuth (code 7). STMAC: [FF:FF:FF:FF:FF:FF] [ 7| 7 ACKs]13:35:43  Sending 64 directed DeAuth (code 7). STMAC: [FF:FF:FF:FF:FF:FF] [ 7| 8 ACKs]13:35:43  Sending 64 directed DeAuth (code 7). STMAC: [FF:FF:FF:FF:FF:FF] [ 7| 9 ACKs]13:35:43  Sending 64 directed DeAuth (code 7). STMAC: [FF:FF:FF:FF:FF:FF] [ 7|10 ACKs]13:35:43  Sending 64 directed DeAuth (code 7). STMAC: [FF:FF:FF:FF:FF:FF] [ 7|11 ACKs]13:35:43  Sending 64 directed DeAuth (code 7). STMAC: [FF:FF:FF:FF:FF:FF] [ 7|12 ACKs]13:35:43  Sending 64 directed DeAuth (code 7). STMAC: [FF:FF:FF:FF:FF:FF] [ 7|13 ACKs]13:35:43  Sending 64 directed DeAuth (code 7). STMAC: [FF:FF:FF:FF:FF:FF] [ 7|14 ACKs]13:35:43  Sending 64 directed DeAuth (code 7). STMAC: [FF:FF:FF:FF:FF:FF] [ 7|15 ACKs]13:35:43  Sending 64 directed DeAuth (code 7). STMAC: [FF:FF:FF:FF:FF:FF] [ 7|16 ACKs]13:35:43  Sending 64 directed DeAuth (code 7). STMAC: [FF:FF:FF:FF:FF:FF] [ 7|17 ACKs]13:35:43  Sending 64 directed DeAuth (code 7). STMAC: [FF:FF:FF:FF:FF:FF] [ 7|18 ACKs]13:35:43  Sending 64 directed DeAuth (code 7). STMAC: [FF:FF:FF:FF:FF:FF] [ 7|19 ACKs]13:35:43  Sending 64 directed DeAuth (code 7). STMAC: [FF:FF:FF:FF:FF:FF] [ 7|20 ACKs]13:35:43  Sending 64 directed DeAuth (code 7). STMAC: [FF:FF:FF:FF:FF:FF] [ 7|21 ACKs]13:35:43  Sending 64 directed DeAuth (code 7). STMAC: [FF:FF:FF:FF:FF:FF] [ 8|21 ACKs]13:35:43  Sending 64 directed DeAuth (code 7). STMAC: [FF:FF:FF:FF:FF:FF] [ 8|21 ACKs]13:35:43  Sending 64 directed DeAuth (code 7). STMAC: [FF:FF:FF:FF:FF:FF] [ 8|22 ACKs]13:35:43  Sending 64 directed DeAuth (code 7). STMAC: [FF:FF:FF:FF:FF:FF] [ 9|22 ACKs]13:35:43  Sending 64 directed DeAuth (code 7). STMAC: [FF:FF:FF:FF:FF:FF] [10|22 ACKs]13:35:43  Sending 64 directed DeAuth (code 7). STMAC: [FF:FF:FF:FF:FF:FF] [10|23 ACKs]13:35:43  Sending 64 directed DeAuth (code 7). STMAC: [FF:FF:FF:FF:FF:FF] [10|24 ACKs]13:35:43  Sending 64 directed DeAuth (code 7). STMAC: [FF:FF:FF:FF:FF:FF] [10|25 ACKs]13:35:43  Sending 64 directed DeAuth (code 7). STMAC: [FF:FF:FF:FF:FF:FF] [10|26 ACKs]13:35:43  Sending 64 directed DeAuth (code 7). STMAC: [FF:FF:FF:FF:FF:FF] [10|27 ACKs]13:35:43  Sending 64 directed DeAuth (code 7). STMAC: [FF:FF:FF:FF:FF:FF] [10|28 ACKs]13:35:43  Sending 64 directed DeAuth (code 7). STMAC: [FF:FF:FF:FF:FF:FF] [10|29 ACKs]13:35:43  Sending 64 directed DeAuth (code 7). STMAC: [FF:FF:FF:FF:FF:FF] [10|30 ACKs]13:35:43  Sending 64 directed DeAuth (code 7). STMAC: [FF:FF:FF:FF:FF:FF] [10|31 ACKs]13:35:43  Sending 64 directed DeAuth (code 7). STMAC: [FF:FF:FF:FF:FF:FF] [10|32 ACKs]13:35:43  Sending 64 directed DeAuth (code 7). STMAC: [FF:FF:FF:FF:FF:FF] [10|33 ACKs]13:35:43  Sending 64 directed DeAuth (code 7). STMAC: [FF:FF:FF:FF:FF:FF] [10|34 ACKs]13:35:43  Sending 64 directed DeAuth (code 7). STMAC: [FF:FF:FF:FF:FF:FF] [10|35 ACKs]13:35:43  Sending 64 directed DeAuth (code 7). STMAC: [FF:FF:FF:FF:FF:FF] [10|36 ACKs]13:35:43  Sending 64 directed DeAuth (code 7). STMAC: [FF:FF:FF:FF:FF:FF] [10|37 ACKs]13:35:43  Sending 64 directed DeAuth (code 7). STMAC: [FF:FF:FF:FF:FF:FF] [10|38 ACKs]13:35:43  Sending 64 directed DeAuth (code 7). STMAC: [FF:FF:FF:FF:FF:FF] [10|39 ACKs]13:35:43  Sending 64 directed DeAuth (code 7). STMAC: [FF:FF:FF:FF:FF:FF] [10|40 ACKs]13:35:43  Sending 64 directed DeAuth (code 7). STMAC: [FF:FF:FF:FF:FF:FF] [10|41 ACKs]13:35:43  Sending 64 directed DeAuth (code 7). STMAC: [FF:FF:FF:FF:FF:FF] [10|42 ACKs]13:35:43  Sending 64 directed DeAuth (code 7). STMAC: [FF:FF:FF:FF:FF:FF] [10|43 ACKs]13:35:43  Sending 64 directed DeAuth (code 7). STMAC: [FF:FF:FF:FF:FF:FF] [10|44 ACKs]13:35:43  Sending 64 directed DeAuth (code 7). STMAC: [FF:FF:FF:FF:FF:FF] [10|45 ACKs]13:35:43  Sending 64 directed DeAuth (code 7). STMAC: [FF:FF:FF:FF:FF:FF] [10|46 ACKs]13:35:43  Sending 64 directed DeAuth (code 7). STMAC: [FF:FF:FF:FF:FF:FF] [10|47 ACKs]13:35:43  Sending 64 directed DeAuth (code 7). STMAC: [FF:FF:FF:FF:FF:FF] [10|48 ACKs]13:35:43  Sending 64 directed DeAuth (code 7). STMAC: [FF:FF:FF:FF:FF:FF] [10|49 ACKs]13:35:43  Sending 64 directed DeAuth (code 7). STMAC: [FF:FF:FF:FF:FF:FF] [10|50 ACKs]13:35:43  Sending 64 directed DeAuth (code 7). STMAC: [FF:FF:FF:FF:FF:FF] [10|51 ACKs]13:35:43  Sending 64 directed DeAuth (code 7). STMAC: [FF:FF:FF:FF:FF:FF] [10|52 ACKs]13:35:43  Sending 64 directed DeAuth (code 7). STMAC: [FF:FF:FF:FF:FF:FF] [10|53 ACKs]13:35:43  Sending 64 directed DeAuth (code 7). STMAC: [FF:FF:FF:FF:FF:FF] [10|54 ACKs]13:35:43  Sending 64 directed DeAuth (code 7). STMAC: [FF:FF:FF:FF:FF:FF] [10|55 ACKs]13:35:43  Sending 64 directed DeAuth (code 7). STMAC: [FF:FF:FF:FF:FF:FF] [10|56 ACKs]13:35:43  Sending 64 directed DeAuth (code 7). STMAC: [FF:FF:FF:FF:FF:FF] [10|57 ACKs]13:35:43  Sending 64 directed DeAuth (code 7). STMAC: [FF:FF:FF:FF:FF:FF] [10|58 ACKs]13:35:43  Sending 64 directed DeAuth (code 7). STMAC: [FF:FF:FF:FF:FF:FF] [10|59 ACKs]13:35:43  Sending 64 directed DeAuth (code 7). STMAC: [FF:FF:FF:FF:FF:FF] [10|60 ACKs]13:35:43  Sending 64 directed DeAuth (code 7). STMAC: [FF:FF:FF:FF:FF:FF] [10|61 ACKs]13:35:43  Sending 64 directed DeAuth (code 7). STMAC: [FF:FF:FF:FF:FF:FF] [10|62 ACKs]13:35:43  Sending 64 directed DeAuth (code 7). STMAC: [FF:FF:FF:FF:FF:FF] [10|63 ACKs]13:35:43  Sending 64 directed DeAuth (code 7). STMAC: [FF:FF:FF:FF:FF:FF] [10|64 ACKs]
13:35:44  Sending 64 directed DeAuth (code 7). STMAC: [FF:FF:FF:FF:FF:FF] [ 0| 0 ACKs]13:35:44  Sending 64 directed DeAuth (code 7). STMAC: [FF:FF:FF:FF:FF:FF] [ 0| 1 ACKs]13:35:44  Sending 64 directed DeAuth (code 7). STMAC: [FF:FF:FF:FF:FF:FF] [ 0| 2 ACKs]13:35:44  Sending 64 directed DeAuth (code 7). STMAC: [FF:FF:FF:FF:FF:FF] [ 0| 3 ACKs]13:35:44  Sending 64 directed DeAuth (code 7). STMAC: [FF:FF:FF:FF:FF:FF] [ 0| 4 ACKs]13:35:44  Sending 64 directed DeAuth (code 7). STMAC: [FF:FF:FF:FF:FF:FF] [ 0| 5 ACKs]13:35:44  Sending 64 directed DeAuth (code 7). STMAC: [FF:FF:FF:FF:FF:FF] [ 0| 6 ACKs]13:35:44  Sending 64 directed DeAuth (code 7). STMAC: [FF:FF:FF:FF:FF:FF] [ 0| 7 ACKs]13:35:44  Sending 64 directed DeAuth (code 7). STMAC: [FF:FF:FF:FF:FF:FF] [ 0| 8 ACKs]13:35:44  Sending 64 directed DeAuth (code 7). STMAC: [FF:FF:FF:FF:FF:FF] [ 0| 9 ACKs]13:35:44  Sending 64 directed DeAuth (code 7). STMAC: [FF:FF:FF:FF:FF:FF] [ 0|10 ACKs]13:35:44  Sending 64 directed DeAuth (code 7). STMAC: [FF:FF:FF:FF:FF:FF] [ 0|11 ACKs]13:35:44  Sending 64 directed DeAuth (code 7). STMAC: [FF:FF:FF:FF:FF:FF] [ 0|12 ACKs]13:35:44  Sending 64 directed DeAuth (code 7). STMAC: [FF:FF:FF:FF:FF:FF] [ 0|13 ACKs]13:35:44  Sending 64 directed DeAuth (code 7). STMAC: [FF:FF:FF:FF:FF:FF] [ 0|14 ACKs]13:35:44  Sending 64 directed DeAuth (code 7). STMAC: [FF:FF:FF:FF:FF:FF] [ 0|15 ACKs]13:35:44  Sending 64 directed DeAuth (code 7). STMAC: [FF:FF:FF:FF:FF:FF] [ 0|16 ACKs]13:35:44  Sending 64 directed DeAuth (code 7). STMAC: [FF:FF:FF:FF:FF:FF] [ 0|17 ACKs]13:35:44  Sending 64 directed DeAuth (code 7). STMAC: [FF:FF:FF:FF:FF:FF] [ 0|18 ACKs]13:35:44  Sending 64 directed DeAuth (code 7). STMAC: [FF:FF:FF:FF:FF:FF] [ 0|19 ACKs]13:35:44  Sending 64 directed DeAuth (code 7). STMAC: [FF:FF:FF:FF:FF:FF] [ 0|20 ACKs]13:35:44  Sending 64 directed DeAuth (code 7). STMAC: [FF:FF:FF:FF:FF:FF] [ 0|21 ACKs]13:35:44  Sending 64 directed DeAuth (code 7). STMAC: [FF:FF:FF:FF:FF:FF] [ 0|22 ACKs]13:35:44  Sending 64 directed DeAuth (code 7). STMAC: [FF:FF:FF:FF:FF:FF] [ 0|23 ACKs]13:35:44  Sending 64 directed DeAuth (code 7). STMAC: [FF:FF:FF:FF:FF:FF] [ 0|24 ACKs]13:35:44  Sending 64 directed DeAuth (code 7). STMAC: [FF:FF:FF:FF:FF:FF] [ 0|25 ACKs]13:35:44  Sending 64 directed DeAuth (code 7). STMAC: [FF:FF:FF:FF:FF:FF] [ 0|26 ACKs]13:35:44  Sending 64 directed DeAuth (code 7). STMAC: [FF:FF:FF:FF:FF:FF] [ 0|27 ACKs]13:35:44  Sending 64 directed DeAuth (code 7). STMAC: [FF:FF:FF:FF:FF:FF] [ 0|28 ACKs]13:35:44  Sending 64 directed DeAuth (code 7). STMAC: [FF:FF:FF:FF:FF:FF] [ 0|29 ACKs]13:35:44  Sending 64 directed DeAuth (code 7). STMAC: [FF:FF:FF:FF:FF:FF] [ 0|30 ACKs]13:35:44  Sending 64 directed DeAuth (code 7). STMAC: [FF:FF:FF:FF:FF:FF] [ 1|30 ACKs]13:35:44  Sending 64 directed DeAuth (code 7). STMAC: [FF:FF:FF:FF:FF:FF] [ 1|30 ACKs]13:35:44  Sending 64 directed DeAuth (code 7). STMAC: [FF:FF:FF:FF:FF:FF] [ 1|31 ACKs]13:35:44  Sending 64 directed DeAuth (code 7). STMAC: [FF:FF:FF:FF:FF:FF] [ 2|31 ACKs]13:35:44  Sending 64 directed DeAuth (code 7). STMAC: [FF:FF:FF:FF:FF:FF] [ 2|32 ACKs]13:35:44  Sending 64 directed DeAuth (code 7). STMAC: [FF:FF:FF:FF:FF:FF] [ 3|32 ACKs]13:35:44  Sending 64 directed DeAuth (code 7). STMAC: [FF:FF:FF:FF:FF:FF] [ 3|33 ACKs]13:35:44  Sending 64 directed DeAuth (code 7). STMAC: [FF:FF:FF:FF:FF:FF] [ 3|34 ACKs]13:35:44  Sending 64 directed DeAuth (code 7). STMAC: [FF:FF:FF:FF:FF:FF] [ 4|34 ACKs]13:35:44  Sending 64 directed DeAuth (code 7). STMAC: [FF:FF:FF:FF:FF:FF] [ 4|35 ACKs]13:35:44  Sending 64 directed DeAuth (code 7). STMAC: [FF:FF:FF:FF:FF:FF] [ 4|36 ACKs]13:35:44  Sending 64 directed DeAuth (code 7). STMAC: [FF:FF:FF:FF:FF:FF] [ 5|36 ACKs]13:35:44  Sending 64 directed DeAuth (code 7). STMAC: [FF:FF:FF:FF:FF:FF] [ 5|37 ACKs]13:35:44  Sending 64 directed DeAuth (code 7). STMAC: [FF:FF:FF:FF:FF:FF] [ 6|37 ACKs]13:35:44  Sending 64 directed DeAuth (code 7). STMAC: [FF:FF:FF:FF:FF:FF] [ 6|38 ACKs]13:35:44  Sending 64 directed DeAuth (code 7). STMAC: [FF:FF:FF:FF:FF:FF] [ 7|38 ACKs]13:35:44  Sending 64 directed DeAuth (code 7). STMAC: [FF:FF:FF:FF:FF:FF] [ 7|39 ACKs]13:35:44  Sending 64 directed DeAuth (code 7). STMAC: [FF:FF:FF:FF:FF:FF] [ 8|39 ACKs]13:35:44  Sending 64 directed DeAuth (code 7). STMAC: [FF:FF:FF:FF:FF:FF] [ 8|40 ACKs]13:35:44  Sending 64 directed DeAuth (code 7). STMAC: [FF:FF:FF:FF:FF:FF] [ 9|40 ACKs]13:35:44  Sending 64 directed DeAuth (code 7). STMAC: [FF:FF:FF:FF:FF:FF] [ 9|41 ACKs]13:35:44  Sending 64 directed DeAuth (code 7). STMAC: [FF:FF:FF:FF:FF:FF] [10|41 ACKs]13:35:44  Sending 64 directed DeAuth (code 7). STMAC: [FF:FF:FF:FF:FF:FF] [10|42 ACKs]13:35:44  Sending 64 directed DeAuth (code 7). STMAC: [FF:FF:FF:FF:FF:FF] [11|42 ACKs]13:35:44  Sending 64 directed DeAuth (code 7). STMAC: [FF:FF:FF:FF:FF:FF] [11|43 ACKs]13:35:44  Sending 64 directed DeAuth (code 7). STMAC: [FF:FF:FF:FF:FF:FF] [12|43 ACKs]13:35:44  Sending 64 directed DeAuth (code 7). STMAC: [FF:FF:FF:FF:FF:FF] [12|44 ACKs]13:35:44  Sending 64 directed DeAuth (code 7). STMAC: [FF:FF:FF:FF:FF:FF] [13|44 ACKs]13:35:44  Sending 64 directed DeAuth (code 7). STMAC: [FF:FF:FF:FF:FF:FF] [13|45 ACKs]13:35:44  Sending 64 directed DeAuth (code 7). STMAC: [FF:FF:FF:FF:FF:FF] [14|45 ACKs]13:35:44  Sending 64 directed DeAuth (code 7). STMAC: [FF:FF:FF:FF:FF:FF] [14|46 ACKs]13:35:44  Sending 64 directed DeAuth (code 7). STMAC: [FF:FF:FF:FF:FF:FF] [15|46 ACKs]13:35:44  Sending 64 directed DeAuth (code 7). STMAC: [FF:FF:FF:FF:FF:FF] [15|47 ACKs]13:35:44  Sending 64 directed DeAuth (code 7). STMAC: [FF:FF:FF:FF:FF:FF] [16|47 ACKs]13:35:44  Sending 64 directed DeAuth (code 7). STMAC: [FF:FF:FF:FF:FF:FF] [16|48 ACKs]13:35:44  Sending 64 directed DeAuth (code 7). STMAC: [FF:FF:FF:FF:FF:FF] [17|48 ACKs]13:35:44  Sending 64 directed DeAuth (code 7). STMAC: [FF:FF:FF:FF:FF:FF] [17|49 ACKs]13:35:44  Sending 64 directed DeAuth (code 7). STMAC: [FF:FF:FF:FF:FF:FF] [18|49 ACKs]13:35:44  Sending 64 directed DeAuth (code 7). STMAC: [FF:FF:FF:FF:FF:FF] [18|50 ACKs]13:35:44  Sending 64 directed DeAuth (code 7). STMAC: [FF:FF:FF:FF:FF:FF] [19|50 ACKs]13:35:44  Sending 64 directed DeAuth (code 7). STMAC: [FF:FF:FF:FF:FF:FF] [19|51 ACKs]13:35:44  Sending 64 directed DeAuth (code 7). STMAC: [FF:FF:FF:FF:FF:FF] [20|51 ACKs]13:35:44  Sending 64 directed DeAuth (code 7). STMAC: [FF:FF:FF:FF:FF:FF] [20|52 ACKs]13:35:44  Sending 64 directed DeAuth (code 7). STMAC: [FF:FF:FF:FF:FF:FF] [21|52 ACKs]13:35:44  Sending 64 directed DeAuth (code 7). STMAC: [FF:FF:FF:FF:FF:FF] [21|53 ACKs]13:35:44  Sending 64 directed DeAuth (code 7). STMAC: [FF:FF:FF:FF:FF:FF] [22|53 ACKs]13:35:44  Sending 64 directed DeAuth (code 7). STMAC: [FF:FF:FF:FF:FF:FF] [22|54 ACKs]13:35:44  Sending 64 directed DeAuth (code 7). STMAC: [FF:FF:FF:FF:FF:FF] [23|54 ACKs]13:35:44  Sending 64 directed DeAuth (code 7). STMAC: [FF:FF:FF:FF:FF:FF] [23|55 ACKs]13:35:44  Sending 64 directed DeAuth (code 7). STMAC: [FF:FF:FF:FF:FF:FF] [24|55 ACKs]13:35:44  Sending 64 directed DeAuth (code 7). STMAC: [FF:FF:FF:FF:FF:FF] [24|56 ACKs]13:35:44  Sending 64 directed DeAuth (code 7). STMAC: [FF:FF:FF:FF:FF:FF] [24|56 ACKs]13:35:44  Sending 64 directed DeAuth (code 7). STMAC: [FF:FF:FF:FF:FF:FF] [24|57 ACKs]13:35:44  Sending 64 directed DeAuth (code 7). STMAC: [FF:FF:FF:FF:FF:FF] [24|58 ACKs]13:35:44  Sending 64 directed DeAuth (code 7). STMAC: [FF:FF:FF:FF:FF:FF] [24|59 ACKs]13:35:44  Sending 64 directed DeAuth (code 7). STMAC: [FF:FF:FF:FF:FF:FF] [24|60 ACKs]13:35:44  Sending 64 directed DeAuth (code 7). STMAC: [FF:FF:FF:FF:FF:FF] [24|61 ACKs]13:35:44  Sending 64 directed DeAuth (code 7). STMAC: [FF:FF:FF:FF:FF:FF] [24|62 ACKs]13:35:44  Sending 64 directed DeAuth (code 7). STMAC: [FF:FF:FF:FF:FF:FF] [24|63 ACKs]13:35:44  Sending 64 directed DeAuth (code 7). STMAC: [FF:FF:FF:FF:FF:FF] [24|64 ACKs]
13:35:44  Sending 64 directed DeAuth (code 7). STMAC: [FF:FF:FF:FF:FF:FF] [ 0| 0 ACKs]13:35:44  Sending 64 directed DeAuth (code 7). STMAC: [FF:FF:FF:FF:FF:FF] [ 0| 1 ACKs]13:35:44  Sending 64 directed DeAuth (code 7). STMAC: [FF:FF:FF:FF:FF:FF] [ 0| 2 ACKs]13:35:44  Sending 64 directed DeAuth (code 7). STMAC: [FF:FF:FF:FF:FF:FF] [ 0| 3 ACKs]13:35:44  Sending 64 directed DeAuth (code 7). STMAC: [FF:FF:FF:FF:FF:FF] [ 0| 4 ACKs]13:35:44  Sending 64 directed DeAuth (code 7). STMAC: [FF:FF:FF:FF:FF:FF] [ 0| 5 ACKs]13:35:44  Sending 64 directed DeAuth (code 7). STMAC: [FF:FF:FF:FF:FF:FF] [ 0| 6 ACKs]13:35:44  Sending 64 directed DeAuth (code 7). STMAC: [FF:FF:FF:FF:FF:FF] [ 0| 7 ACKs]13:35:44  Sending 64 directed DeAuth (code 7). STMAC: [FF:FF:FF:FF:FF:FF] [ 0| 8 ACKs]13:35:44  Sending 64 directed DeAuth (code 7). STMAC: [FF:FF:FF:FF:FF:FF] [ 0| 9 ACKs]13:35:44  Sending 64 directed DeAuth (code 7). STMAC: [FF:FF:FF:FF:FF:FF] [ 0|10 ACKs]13:35:44  Sending 64 directed DeAuth (code 7). STMAC: [FF:FF:FF:FF:FF:FF] [ 0|11 ACKs]13:35:44  Sending 64 directed DeAuth (code 7). STMAC: [FF:FF:FF:FF:FF:FF] [ 0|12 ACKs]13:35:44  Sending 64 directed DeAuth (code 7). STMAC: [FF:FF:FF:FF:FF:FF] [ 0|13 ACKs]13:35:44  Sending 64 directed DeAuth (code 7). STMAC: [FF:FF:FF:FF:FF:FF] [ 0|14 ACKs]13:35:44  Sending 64 directed DeAuth (code 7). STMAC: [FF:FF:FF:FF:FF:FF] [ 0|15 ACKs]13:35:44  Sending 64 directed DeAuth (code 7). STMAC: [FF:FF:FF:FF:FF:FF] [ 0|16 ACKs]13:35:44  Sending 64 directed DeAuth (code 7). STMAC: [FF:FF:FF:FF:FF:FF] [ 0|17 ACKs]13:35:44  Sending 64 directed DeAuth (code 7). STMAC: [FF:FF:FF:FF:FF:FF] [ 0|18 ACKs]13:35:44  Sending 64 directed DeAuth (code 7). STMAC: [FF:FF:FF:FF:FF:FF] [ 0|19 ACKs]13:35:44  Sending 64 directed DeAuth (code 7). STMAC: [FF:FF:FF:FF:FF:FF] [ 0|20 ACKs]13:35:44  Sending 64 directed DeAuth (code 7). STMAC: [FF:FF:FF:FF:FF:FF] [ 0|21 ACKs]13:35:44  Sending 64 directed DeAuth (code 7). STMAC: [FF:FF:FF:FF:FF:FF] [ 0|22 ACKs]13:35:44  Sending 64 directed DeAuth (code 7). STMAC: [FF:FF:FF:FF:FF:FF] [ 0|23 ACKs]13:35:44  Sending 64 directed DeAuth (code 7). STMAC: [FF:FF:FF:FF:FF:FF] [ 0|24 ACKs]13:35:44  Sending 64 directed DeAuth (code 7). STMAC: [FF:FF:FF:FF:FF:FF] [ 0|25 ACKs]13:35:44  Sending 64 directed DeAuth (code 7). STMAC: [FF:FF:FF:FF:FF:FF] [ 0|26 ACKs]13:35:44  Sending 64 directed DeAuth (code 7). STMAC: [FF:FF:FF:FF:FF:FF] [ 0|27 ACKs]13:35:44  Sending 64 directed DeAuth (code 7). STMAC: [FF:FF:FF:FF:FF:FF] [ 0|28 ACKs]13:35:44  Sending 64 directed DeAuth (code 7). STMAC: [FF:FF:FF:FF:FF:FF] [ 0|29 ACKs]13:35:44  Sending 64 directed DeAuth (code 7). STMAC: [FF:FF:FF:FF:FF:FF] [ 0|30 ACKs]13:35:44  Sending 64 directed DeAuth (code 7). STMAC: [FF:FF:FF:FF:FF:FF] [ 0|31 ACKs]13:35:44  Sending 64 directed DeAuth (code 7). STMAC: [FF:FF:FF:FF:FF:FF] [ 0|32 ACKs]13:35:44  Sending 64 directed DeAuth (code 7). STMAC: [FF:FF:FF:FF:FF:FF] [ 0|33 ACKs]13:35:44  Sending 64 directed DeAuth (code 7). STMAC: [FF:FF:FF:FF:FF:FF] [ 0|34 ACKs]13:35:44  Sending 64 directed DeAuth (code 7). STMAC: [FF:FF:FF:FF:FF:FF] [ 0|35 ACKs]13:35:44  Sending 64 directed DeAuth (code 7). STMAC: [FF:FF:FF:FF:FF:FF] [ 0|36 ACKs]13:35:44  Sending 64 directed DeAuth (code 7). STMAC: [FF:FF:FF:FF:FF:FF] [ 1|36 ACKs]13:35:44  Sending 64 directed DeAuth (code 7). STMAC: [FF:FF:FF:FF:FF:FF] [ 1|37 ACKs]13:35:44  Sending 64 directed DeAuth (code 7). STMAC: [FF:FF:FF:FF:FF:FF] [ 1|38 ACKs]13:35:44  Sending 64 directed DeAuth (code 7). STMAC: [FF:FF:FF:FF:FF:FF] [ 1|39 ACKs]13:35:44  Sending 64 directed DeAuth (code 7). STMAC: [FF:FF:FF:FF:FF:FF] [ 1|40 ACKs]13:35:44  Sending 64 directed DeAuth (code 7). STMAC: [FF:FF:FF:FF:FF:FF] [ 1|41 ACKs]13:35:44  Sending 64 directed DeAuth (code 7). STMAC: [FF:FF:FF:FF:FF:FF] [ 1|42 ACKs]13:35:44  Sending 64 directed DeAuth (code 7). STMAC: [FF:FF:FF:FF:FF:FF] [ 1|43 ACKs]13:35:44  Sending 64 directed DeAuth (code 7). STMAC: [FF:FF:FF:FF:FF:FF] [ 1|44 ACKs]13:35:44  Sending 64 directed DeAuth (code 7). STMAC: [FF:FF:FF:FF:FF:FF] [ 1|45 ACKs]13:35:44  Sending 64 directed DeAuth (code 7). STMAC: [FF:FF:FF:FF:FF:FF] [ 1|46 ACKs]13:35:44  Sending 64 directed DeAuth (code 7). STMAC: [FF:FF:FF:FF:FF:FF] [ 1|47 ACKs]13:35:44  Sending 64 directed DeAuth (code 7). STMAC: [FF:FF:FF:FF:FF:FF] [ 1|48 ACKs]13:35:44  Sending 64 directed DeAuth (code 7). STMAC: [FF:FF:FF:FF:FF:FF] [ 1|49 ACKs]13:35:44  Sending 64 directed DeAuth (code 7). STMAC: [FF:FF:FF:FF:FF:FF] [ 1|50 ACKs]13:35:44  Sending 64 directed DeAuth (code 7). STMAC: [FF:FF:FF:FF:FF:FF] [ 1|51 ACKs]13:35:44  Sending 64 directed DeAuth (code 7). STMAC: [FF:FF:FF:FF:FF:FF] [ 1|52 ACKs]13:35:44  Sending 64 directed DeAuth (code 7). STMAC: [FF:FF:FF:FF:FF:FF] [ 1|53 ACKs]13:35:44  Sending 64 directed DeAuth (code 7). STMAC: [FF:FF:FF:FF:FF:FF] [ 1|54 ACKs]13:35:45  Sending 64 directed DeAuth (code 7). STMAC: [FF:FF:FF:FF:FF:FF] [ 1|55 ACKs]13:35:45  Sending 64 directed DeAuth (code 7). STMAC: [FF:FF:FF:FF:FF:FF] [ 1|56 ACKs]13:35:45  Sending 64 directed DeAuth (code 7). STMAC: [FF:FF:FF:FF:FF:FF] [ 1|57 ACKs]13:35:45  Sending 64 directed DeAuth (code 7). STMAC: [FF:FF:FF:FF:FF:FF] [ 1|58 ACKs]13:35:45  Sending 64 directed DeAuth (code 7). STMAC: [FF:FF:FF:FF:FF:FF] [ 1|59 ACKs]13:35:45  Sending 64 directed DeAuth (code 7). STMAC: [FF:FF:FF:FF:FF:FF] [ 1|60 ACKs]13:35:45  Sending 64 directed DeAuth (code 7). STMAC: [FF:FF:FF:FF:FF:FF] [ 1|61 ACKs]13:35:45  Sending 64 directed DeAuth (code 7). STMAC: [FF:FF:FF:FF:FF:FF] [ 1|62 ACKs]13:35:45  Sending 64 directed DeAuth (code 7). STMAC: [FF:FF:FF:FF:FF:FF] [ 1|63 ACKs]13:35:45  Sending 64 directed DeAuth (code 7). STMAC: [FF:FF:FF:FF:FF:FF] [ 1|64 ACKs]
13:35:45  Sending 64 directed DeAuth (code 7). STMAC: [FF:FF:FF:FF:FF:FF] [ 0| 0 ACKs]13:35:45  Sending 64 directed DeAuth (code 7). STMAC: [FF:FF:FF:FF:FF:FF] [ 0| 1 ACKs]13:35:45  Sending 64 directed DeAuth (code 7). STMAC: [FF:FF:FF:FF:FF:FF] [ 0| 2 ACKs]13:35:45  Sending 64 directed DeAuth (code 7). STMAC: [FF:FF:FF:FF:FF:FF] [ 0| 3 ACKs]13:35:45  Sending 64 directed DeAuth (code 7). STMAC: [FF:FF:FF:FF:FF:FF] [ 0| 4 ACKs]13:35:45  Sending 64 directed DeAuth (code 7). STMAC: [FF:FF:FF:FF:FF:FF] [ 0| 5 ACKs]13:35:45  Sending 64 directed DeAuth (code 7). STMAC: [FF:FF:FF:FF:FF:FF] [ 0| 6 ACKs]13:35:45  Sending 64 directed DeAuth (code 7). STMAC: [FF:FF:FF:FF:FF:FF] [ 0| 7 ACKs]13:35:45  Sending 64 directed DeAuth (code 7). STMAC: [FF:FF:FF:FF:FF:FF] [ 0| 8 ACKs]13:35:45  Sending 64 directed DeAuth (code 7). STMAC: [FF:FF:FF:FF:FF:FF] [ 0| 9 ACKs]13:35:45  Sending 64 directed DeAuth (code 7). STMAC: [FF:FF:FF:FF:FF:FF] [ 0|10 ACKs]13:35:45  Sending 64 directed DeAuth (code 7). STMAC: [FF:FF:FF:FF:FF:FF] [ 0|11 ACKs]13:35:45  Sending 64 directed DeAuth (code 7). STMAC: [FF:FF:FF:FF:FF:FF] [ 0|12 ACKs]13:35:45  Sending 64 directed DeAuth (code 7). STMAC: [FF:FF:FF:FF:FF:FF] [ 0|13 ACKs]13:35:45  Sending 64 directed DeAuth (code 7). STMAC: [FF:FF:FF:FF:FF:FF] [ 0|14 ACKs]13:35:45  Sending 64 directed DeAuth (code 7). STMAC: [FF:FF:FF:FF:FF:FF] [ 0|15 ACKs]13:35:45  Sending 64 directed DeAuth (code 7). STMAC: [FF:FF:FF:FF:FF:FF] [ 0|16 ACKs]13:35:45  Sending 64 directed DeAuth (code 7). STMAC: [FF:FF:FF:FF:FF:FF] [ 0|17 ACKs]13:35:45  Sending 64 directed DeAuth (code 7). STMAC: [FF:FF:FF:FF:FF:FF] [ 0|18 ACKs]13:35:45  Sending 64 directed DeAuth (code 7). STMAC: [FF:FF:FF:FF:FF:FF] [ 0|19 ACKs]13:35:45  Sending 64 directed DeAuth (code 7). STMAC: [FF:FF:FF:FF:FF:FF] [ 0|20 ACKs]13:35:45  Sending 64 directed DeAuth (code 7). STMAC: [FF:FF:FF:FF:FF:FF] [ 0|21 ACKs]13:35:45  Sending 64 directed DeAuth (code 7). STMAC: [FF:FF:FF:FF:FF:FF] [ 0|22 ACKs]13:35:45  Sending 64 directed DeAuth (code 7). STMAC: [FF:FF:FF:FF:FF:FF] [ 0|23 ACKs]13:35:45  Sending 64 directed DeAuth (code 7). STMAC: [FF:FF:FF:FF:FF:FF] [ 0|24 ACKs]13:35:45  Sending 64 directed DeAuth (code 7). STMAC: [FF:FF:FF:FF:FF:FF] [ 0|25 ACKs]13:35:45  Sending 64 directed DeAuth (code 7). STMAC: [FF:FF:FF:FF:FF:FF] [ 0|26 ACKs]13:35:45  Sending 64 directed DeAuth (code 7). STMAC: [FF:FF:FF:FF:FF:FF] [ 0|27 ACKs]13:35:45  Sending 64 directed DeAuth (code 7). STMAC: [FF:FF:FF:FF:FF:FF] [ 0|28 ACKs]13:35:45  Sending 64 directed DeAuth (code 7). STMAC: [FF:FF:FF:FF:FF:FF] [ 0|29 ACKs]13:35:45  Sending 64 directed DeAuth (code 7). STMAC: [FF:FF:FF:FF:FF:FF] [ 0|30 ACKs]13:35:45  Sending 64 directed DeAuth (code 7). STMAC: [FF:FF:FF:FF:FF:FF] [ 0|31 ACKs]13:35:45  Sending 64 directed DeAuth (code 7). STMAC: [FF:FF:FF:FF:FF:FF] [ 0|32 ACKs]13:35:45  Sending 64 directed DeAuth (code 7). STMAC: [FF:FF:FF:FF:FF:FF] [ 0|33 ACKs]13:35:45  Sending 64 directed DeAuth (code 7). STMAC: [FF:FF:FF:FF:FF:FF] [ 0|34 ACKs]13:35:45  Sending 64 directed DeAuth (code 7). STMAC: [FF:FF:FF:FF:FF:FF] [ 0|35 ACKs]13:35:45  Sending 64 directed DeAuth (code 7). STMAC: [FF:FF:FF:FF:FF:FF] [ 0|36 ACKs]13:35:45  Sending 64 directed DeAuth (code 7). STMAC: [FF:FF:FF:FF:FF:FF] [ 0|37 ACKs]13:35:45  Sending 64 directed DeAuth (code 7). STMAC: [FF:FF:FF:FF:FF:FF] [ 0|38 ACKs]13:35:45  Sending 64 directed DeAuth (code 7). STMAC: [FF:FF:FF:FF:FF:FF] [ 0|39 ACKs]13:35:45  Sending 64 directed DeAuth (code 7). STMAC: [FF:FF:FF:FF:FF:FF] [ 0|40 ACKs]13:35:45  Sending 64 directed DeAuth (code 7). STMAC: [FF:FF:FF:FF:FF:FF] [ 0|41 ACKs]13:35:45  Sending 64 directed DeAuth (code 7). STMAC: [FF:FF:FF:FF:FF:FF] [ 0|42 ACKs]13:35:45  Sending 64 directed DeAuth (code 7). STMAC: [FF:FF:FF:FF:FF:FF] [ 0|43 ACKs]13:35:45  Sending 64 directed DeAuth (code 7). STMAC: [FF:FF:FF:FF:FF:FF] [ 0|44 ACKs]13:35:45  Sending 64 directed DeAuth (code 7). STMAC: [FF:FF:FF:FF:FF:FF] [ 0|45 ACKs]13:35:45  Sending 64 directed DeAuth (code 7). STMAC: [FF:FF:FF:FF:FF:FF] [ 0|46 ACKs]13:35:45  Sending 64 directed DeAuth (code 7). STMAC: [FF:FF:FF:FF:FF:FF] [ 0|47 ACKs]13:35:45  Sending 64 directed DeAuth (code 7). STMAC: [FF:FF:FF:FF:FF:FF] [ 0|48 ACKs]13:35:45  Sending 64 directed DeAuth (code 7). STMAC: [FF:FF:FF:FF:FF:FF] [ 0|49 ACKs]13:35:45  Sending 64 directed DeAuth (code 7). STMAC: [FF:FF:FF:FF:FF:FF] [ 0|50 ACKs]13:35:45  Sending 64 directed DeAuth (code 7). STMAC: [FF:FF:FF:FF:FF:FF] [ 0|51 ACKs]13:35:45  Sending 64 directed DeAuth (code 7). STMAC: [FF:FF:FF:FF:FF:FF] [ 0|52 ACKs]13:35:45  Sending 64 directed DeAuth (code 7). STMAC: [FF:FF:FF:FF:FF:FF] [ 0|53 ACKs]13:35:45  Sending 64 directed DeAuth (code 7). STMAC: [FF:FF:FF:FF:FF:FF] [ 0|54 ACKs]13:35:45  Sending 64 directed DeAuth (code 7). STMAC: [FF:FF:FF:FF:FF:FF] [ 0|55 ACKs]13:35:45  Sending 64 directed DeAuth (code 7). STMAC: [FF:FF:FF:FF:FF:FF] [ 0|56 ACKs]13:35:45  Sending 64 directed DeAuth (code 7). STMAC: [FF:FF:FF:FF:FF:FF] [ 0|57 ACKs]13:35:45  Sending 64 directed DeAuth (code 7). STMAC: [FF:FF:FF:FF:FF:FF] [ 0|58 ACKs]13:35:45  Sending 64 directed DeAuth (code 7). STMAC: [FF:FF:FF:FF:FF:FF] [ 0|59 ACKs]13:35:45  Sending 64 directed DeAuth (code 7). STMAC: [FF:FF:FF:FF:FF:FF] [ 0|60 ACKs]13:35:45  Sending 64 directed DeAuth (code 7). STMAC: [FF:FF:FF:FF:FF:FF] [ 0|61 ACKs]13:35:45  Sending 64 directed DeAuth (code 7). STMAC: [FF:FF:FF:FF:FF:FF] [ 0|62 ACKs]13:35:45  Sending 64 directed DeAuth (code 7). STMAC: [FF:FF:FF:FF:FF:FF] [ 0|63 ACKs]13:35:45  Sending 64 directed DeAuth (code 7). STMAC: [FF:FF:FF:FF:FF:FF] [ 0|64 ACKs]
13:35:45  Sending 64 directed DeAuth (code 7). STMAC: [FF:FF:FF:FF:FF:FF] [ 0| 0 ACKs]13:35:45  Sending 64 directed DeAuth (code 7). STMAC: [FF:FF:FF:FF:FF:FF] [ 0| 0 ACKs]13:35:45  Sending 64 directed DeAuth (code 7). STMAC: [FF:FF:FF:FF:FF:FF] [ 1| 0 ACKs]13:35:45  Sending 64 directed DeAuth (code 7). STMAC: [FF:FF:FF:FF:FF:FF] [ 1| 1 ACKs]13:35:45  Sending 64 directed DeAuth (code 7). STMAC: [FF:FF:FF:FF:FF:FF] [ 2| 1 ACKs]13:35:45  Sending 64 directed DeAuth (code 7). STMAC: [FF:FF:FF:FF:FF:FF] [ 2| 2 ACKs]13:35:45  Sending 64 directed DeAuth (code 7). STMAC: [FF:FF:FF:FF:FF:FF] [ 2| 3 ACKs]13:35:45  Sending 64 directed DeAuth (code 7). STMAC: [FF:FF:FF:FF:FF:FF] [ 2| 4 ACKs]13:35:45  Sending 64 directed DeAuth (code 7). STMAC: [FF:FF:FF:FF:FF:FF] [ 2| 5 ACKs]13:35:45  Sending 64 directed DeAuth (code 7). STMAC: [FF:FF:FF:FF:FF:FF] [ 3| 5 ACKs]13:35:45  Sending 64 directed DeAuth (code 7). STMAC: [FF:FF:FF:FF:FF:FF] [ 3| 6 ACKs]13:35:45  Sending 64 directed DeAuth (code 7). STMAC: [FF:FF:FF:FF:FF:FF] [ 3| 7 ACKs]13:35:45  Sending 64 directed DeAuth (code 7). STMAC: [FF:FF:FF:FF:FF:FF] [ 4| 7 ACKs]13:35:45  Sending 64 directed DeAuth (code 7). STMAC: [FF:FF:FF:FF:FF:FF] [ 4| 8 ACKs]13:35:45  Sending 64 directed DeAuth (code 7). STMAC: [FF:FF:FF:FF:FF:FF] [ 4| 9 ACKs]13:35:45  Sending 64 directed DeAuth (code 7). STMAC: [FF:FF:FF:FF:FF:FF] [ 5| 9 ACKs]13:35:45  Sending 64 directed DeAuth (code 7). STMAC: [FF:FF:FF:FF:FF:FF] [ 5|10 ACKs]13:35:45  Sending 64 directed DeAuth (code 7). STMAC: [FF:FF:FF:FF:FF:FF] [ 6|10 ACKs]13:35:45  Sending 64 directed DeAuth (code 7). STMAC: [FF:FF:FF:FF:FF:FF] [ 6|11 ACKs]13:35:45  Sending 64 directed DeAuth (code 7). STMAC: [FF:FF:FF:FF:FF:FF] [ 7|11 ACKs]13:35:45  Sending 64 directed DeAuth (code 7). STMAC: [FF:FF:FF:FF:FF:FF] [ 7|12 ACKs]13:35:45  Sending 64 directed DeAuth (code 7). STMAC: [FF:FF:FF:FF:FF:FF] [ 8|12 ACKs]13:35:45  Sending 64 directed DeAuth (code 7). STMAC: [FF:FF:FF:FF:FF:FF] [ 8|13 ACKs]13:35:45  Sending 64 directed DeAuth (code 7). STMAC: [FF:FF:FF:FF:FF:FF] [ 9|13 ACKs]13:35:45  Sending 64 directed DeAuth (code 7). STMAC: [FF:FF:FF:FF:FF:FF] [ 9|14 ACKs]13:35:45  Sending 64 directed DeAuth (code 7). STMAC: [FF:FF:FF:FF:FF:FF] [10|14 ACKs]13:35:45  Sending 64 directed DeAuth (code 7). STMAC: [FF:FF:FF:FF:FF:FF] [10|15 ACKs]13:35:45  Sending 64 directed DeAuth (code 7). STMAC: [FF:FF:FF:FF:FF:FF] [11|15 ACKs]13:35:45  Sending 64 directed DeAuth (code 7). STMAC: [FF:FF:FF:FF:FF:FF] [11|16 ACKs]13:35:45  Sending 64 directed DeAuth (code 7). STMAC: [FF:FF:FF:FF:FF:FF] [12|16 ACKs]13:35:45  Sending 64 directed DeAuth (code 7). STMAC: [FF:FF:FF:FF:FF:FF] [12|17 ACKs]13:35:45  Sending 64 directed DeAuth (code 7). STMAC: [FF:FF:FF:FF:FF:FF] [13|17 ACKs]13:35:45  Sending 64 directed DeAuth (code 7). STMAC: [FF:FF:FF:FF:FF:FF] [13|18 ACKs]13:35:45  Sending 64 directed DeAuth (code 7). STMAC: [FF:FF:FF:FF:FF:FF] [14|18 ACKs]13:35:45  Sending 64 directed DeAuth (code 7). STMAC: [FF:FF:FF:FF:FF:FF] [14|19 ACKs]13:35:45  Sending 64 directed DeAuth (code 7). STMAC: [FF:FF:FF:FF:FF:FF] [15|19 ACKs]13:35:45  Sending 64 directed DeAuth (code 7). STMAC: [FF:FF:FF:FF:FF:FF] [15|20 ACKs]13:35:45  Sending 64 directed DeAuth (code 7). STMAC: [FF:FF:FF:FF:FF:FF] [16|20 ACKs]13:35:45  Sending 64 directed DeAuth (code 7). STMAC: [FF:FF:FF:FF:FF:FF] [16|21 ACKs]13:35:45  Sending 64 directed DeAuth (code 7). STMAC: [FF:FF:FF:FF:FF:FF] [17|21 ACKs]13:35:45  Sending 64 directed DeAuth (code 7). STMAC: [FF:FF:FF:FF:FF:FF] [17|22 ACKs]13:35:45  Sending 64 directed DeAuth (code 7). STMAC: [FF:FF:FF:FF:FF:FF] [17|23 ACKs]13:35:45  Sending 64 directed DeAuth (code 7). STMAC: [FF:FF:FF:FF:FF:FF] [17|23 ACKs]13:35:45  Sending 64 directed DeAuth (code 7). STMAC: [FF:FF:FF:FF:FF:FF] [17|24 ACKs]13:35:45  Sending 64 directed DeAuth (code 7). STMAC: [FF:FF:FF:FF:FF:FF] [17|25 ACKs]13:35:45  Sending 64 directed DeAuth (code 7). STMAC: [FF:FF:FF:FF:FF:FF] [17|26 ACKs]13:35:46  Sending 64 directed DeAuth (code 7). STMAC: [FF:FF:FF:FF:FF:FF] [17|27 ACKs]13:35:46  Sending 64 directed DeAuth (code 7). STMAC: [FF:FF:FF:FF:FF:FF] [17|28 ACKs]13:35:46  Sending 64 directed DeAuth (code 7). STMAC: [FF:FF:FF:FF:FF:FF] [17|29 ACKs]13:35:46  Sending 64 directed DeAuth (code 7). STMAC: [FF:FF:FF:FF:FF:FF] [17|30 ACKs]13:35:46  Sending 64 directed DeAuth (code 7). STMAC: [FF:FF:FF:FF:FF:FF] [17|31 ACKs]13:35:46  Sending 64 directed DeAuth (code 7). STMAC: [FF:FF:FF:FF:FF:FF] [17|32 ACKs]13:35:46  Sending 64 directed DeAuth (code 7). STMAC: [FF:FF:FF:FF:FF:FF] [17|33 ACKs]13:35:46  Sending 64 directed DeAuth (code 7). STMAC: [FF:FF:FF:FF:FF:FF] [17|34 ACKs]13:35:46  Sending 64 directed DeAuth (code 7). STMAC: [FF:FF:FF:FF:FF:FF] [17|35 ACKs]13:35:46  Sending 64 directed DeAuth (code 7). STMAC: [FF:FF:FF:FF:FF:FF] [17|36 ACKs]13:35:46  Sending 64 directed DeAuth (code 7). STMAC: [FF:FF:FF:FF:FF:FF] [17|37 ACKs]13:35:46  Sending 64 directed DeAuth (code 7). STMAC: [FF:FF:FF:FF:FF:FF] [17|38 ACKs]13:35:46  Sending 64 directed DeAuth (code 7). STMAC: [FF:FF:FF:FF:FF:FF] [17|39 ACKs]13:35:46  Sending 64 directed DeAuth (code 7). STMAC: [FF:FF:FF:FF:FF:FF] [17|40 ACKs]13:35:46  Sending 64 directed DeAuth (code 7). STMAC: [FF:FF:FF:FF:FF:FF] [17|41 ACKs]13:35:46  Sending 64 directed DeAuth (code 7). STMAC: [FF:FF:FF:FF:FF:FF] [17|42 ACKs]13:35:46  Sending 64 directed DeAuth (code 7). STMAC: [FF:FF:FF:FF:FF:FF] [17|43 ACKs]13:35:46  Sending 64 directed DeAuth (code 7). STMAC: [FF:FF:FF:FF:FF:FF] [17|44 ACKs]13:35:46  Sending 64 directed DeAuth (code 7). STMAC: [FF:FF:FF:FF:FF:FF] [17|45 ACKs]13:35:46  Sending 64 directed DeAuth (code 7). STMAC: [FF:FF:FF:FF:FF:FF] [18|45 ACKs]13:35:46  Sending 64 directed DeAuth (code 7). STMAC: [FF:FF:FF:FF:FF:FF] [18|46 ACKs]13:35:46  Sending 64 directed DeAuth (code 7). STMAC: [FF:FF:FF:FF:FF:FF] [18|47 ACKs]13:35:46  Sending 64 directed DeAuth (code 7). STMAC: [FF:FF:FF:FF:FF:FF] [18|48 ACKs]13:35:46  Sending 64 directed DeAuth (code 7). STMAC: [FF:FF:FF:FF:FF:FF] [18|49 ACKs]13:35:46  Sending 64 directed DeAuth (code 7). STMAC: [FF:FF:FF:FF:FF:FF] [18|50 ACKs]13:35:46  Sending 64 directed DeAuth (code 7). STMAC: [FF:FF:FF:FF:FF:FF] [18|51 ACKs]13:35:46  Sending 64 directed DeAuth (code 7). STMAC: [FF:FF:FF:FF:FF:FF] [18|52 ACKs]13:35:46  Sending 64 directed DeAuth (code 7). STMAC: [FF:FF:FF:FF:FF:FF] [18|53 ACKs]13:35:46  Sending 64 directed DeAuth (code 7). STMAC: [FF:FF:FF:FF:FF:FF] [18|54 ACKs]13:35:46  Sending 64 directed DeAuth (code 7). STMAC: [FF:FF:FF:FF:FF:FF] [18|55 ACKs]13:35:46  Sending 64 directed DeAuth (code 7). STMAC: [FF:FF:FF:FF:FF:FF] [18|56 ACKs]13:35:46  Sending 64 directed DeAuth (code 7). STMAC: [FF:FF:FF:FF:FF:FF] [18|57 ACKs]13:35:46  Sending 64 directed DeAuth (code 7). STMAC: [FF:FF:FF:FF:FF:FF] [18|58 ACKs]13:35:46  Sending 64 directed DeAuth (code 7). STMAC: [FF:FF:FF:FF:FF:FF] [18|59 ACKs]13:35:46  Sending 64 directed DeAuth (code 7). STMAC: [FF:FF:FF:FF:FF:FF] [18|60 ACKs]13:35:46  Sending 64 directed DeAuth (code 7). STMAC: [FF:FF:FF:FF:FF:FF] [18|61 ACKs]13:35:46  Sending 64 directed DeAuth (code 7). STMAC: [FF:FF:FF:FF:FF:FF] [18|62 ACKs]13:35:46  Sending 64 directed DeAuth (code 7). STMAC: [FF:FF:FF:FF:FF:FF] [18|63 ACKs]13:35:46  Sending 64 directed DeAuth (code 7). STMAC: [FF:FF:FF:FF:FF:FF] [18|64 ACKs]
13:35:46  Sending 64 directed DeAuth (code 7). STMAC: [FF:FF:FF:FF:FF:FF] [ 0| 0 ACKs]13:35:46  Sending 64 directed DeAuth (code 7). STMAC: [FF:FF:FF:FF:FF:FF] [ 0| 1 ACKs]13:35:46  Sending 64 directed DeAuth (code 7). STMAC: [FF:FF:FF:FF:FF:FF] [ 0| 2 ACKs]13:35:46  Sending 64 directed DeAuth (code 7). STMAC: [FF:FF:FF:FF:FF:FF] [ 0| 3 ACKs]13:35:46  Sending 64 directed DeAuth (code 7). STMAC: [FF:FF:FF:FF:FF:FF] [ 1| 3 ACKs]13:35:46  Sending 64 directed DeAuth (code 7). STMAC: [FF:FF:FF:FF:FF:FF] [ 1| 4 ACKs]13:35:46  Sending 64 directed DeAuth (code 7). STMAC: [FF:FF:FF:FF:FF:FF] [ 1| 5 ACKs]13:35:46  Sending 64 directed DeAuth (code 7). STMAC: [FF:FF:FF:FF:FF:FF] [ 1| 6 ACKs]13:35:46  Sending 64 directed DeAuth (code 7). STMAC: [FF:FF:FF:FF:FF:FF] [ 1| 7 ACKs]13:35:46  Sending 64 directed DeAuth (code 7). STMAC: [FF:FF:FF:FF:FF:FF] [ 1| 8 ACKs]13:35:46  Sending 64 directed DeAuth (code 7). STMAC: [FF:FF:FF:FF:FF:FF] [ 1| 9 ACKs]13:35:46  Sending 64 directed DeAuth (code 7). STMAC: [FF:FF:FF:FF:FF:FF] [ 1|10 ACKs]13:35:46  Sending 64 directed DeAuth (code 7). STMAC: [FF:FF:FF:FF:FF:FF] [ 1|11 ACKs]13:35:46  Sending 64 directed DeAuth (code 7). STMAC: [FF:FF:FF:FF:FF:FF] [ 1|12 ACKs]13:35:46  Sending 64 directed DeAuth (code 7). STMAC: [FF:FF:FF:FF:FF:FF] [ 1|13 ACKs]13:35:46  Sending 64 directed DeAuth (code 7). STMAC: [FF:FF:FF:FF:FF:FF] [ 1|14 ACKs]13:35:46  Sending 64 directed DeAuth (code 7). STMAC: [FF:FF:FF:FF:FF:FF] [ 1|15 ACKs]13:35:46  Sending 64 directed DeAuth (code 7). STMAC: [FF:FF:FF:FF:FF:FF] [ 1|16 ACKs]13:35:46  Sending 64 directed DeAuth (code 7). STMAC: [FF:FF:FF:FF:FF:FF] [ 1|17 ACKs]13:35:46  Sending 64 directed DeAuth (code 7). STMAC: [FF:FF:FF:FF:FF:FF] [ 1|18 ACKs]13:35:46  Sending 64 directed DeAuth (code 7). STMAC: [FF:FF:FF:FF:FF:FF] [ 1|19 ACKs]13:35:46  Sending 64 directed DeAuth (code 7). STMAC: [FF:FF:FF:FF:FF:FF] [ 1|20 ACKs]13:35:46  Sending 64 directed DeAuth (code 7). STMAC: [FF:FF:FF:FF:FF:FF] [ 1|21 ACKs]13:35:46  Sending 64 directed DeAuth (code 7). STMAC: [FF:FF:FF:FF:FF:FF] [ 1|22 ACKs]13:35:46  Sending 64 directed DeAuth (code 7). STMAC: [FF:FF:FF:FF:FF:FF] [ 1|23 ACKs]13:35:46  Sending 64 directed DeAuth (code 7). STMAC: [FF:FF:FF:FF:FF:FF] [ 1|24 ACKs]13:35:46  Sending 64 directed DeAuth (code 7). STMAC: [FF:FF:FF:FF:FF:FF] [ 1|25 ACKs]13:35:46  Sending 64 directed DeAuth (code 7). STMAC: [FF:FF:FF:FF:FF:FF] [ 1|26 ACKs]13:35:46  Sending 64 directed DeAuth (code 7). STMAC: [FF:FF:FF:FF:FF:FF] [ 1|27 ACKs]13:35:46  Sending 64 directed DeAuth (code 7). STMAC: [FF:FF:FF:FF:FF:FF] [ 1|28 ACKs]13:35:46  Sending 64 directed DeAuth (code 7). STMAC: [FF:FF:FF:FF:FF:FF] [ 1|29 ACKs]13:35:46  Sending 64 directed DeAuth (code 7). STMAC: [FF:FF:FF:FF:FF:FF] [ 1|30 ACKs]13:35:46  Sending 64 directed DeAuth (code 7). STMAC: [FF:FF:FF:FF:FF:FF] [ 1|31 ACKs]13:35:46  Sending 64 directed DeAuth (code 7). STMAC: [FF:FF:FF:FF:FF:FF] [ 1|32 ACKs]13:35:46  Sending 64 directed DeAuth (code 7). STMAC: [FF:FF:FF:FF:FF:FF] [ 1|33 ACKs]13:35:46  Sending 64 directed DeAuth (code 7). STMAC: [FF:FF:FF:FF:FF:FF] [ 1|34 ACKs]13:35:46  Sending 64 directed DeAuth (code 7). STMAC: [FF:FF:FF:FF:FF:FF] [ 1|35 ACKs]13:35:46  Sending 64 directed DeAuth (code 7). STMAC: [FF:FF:FF:FF:FF:FF] [ 1|36 ACKs]13:35:46  Sending 64 directed DeAuth (code 7). STMAC: [FF:FF:FF:FF:FF:FF] [ 1|37 ACKs]13:35:46  Sending 64 directed DeAuth (code 7). STMAC: [FF:FF:FF:FF:FF:FF] [ 2|37 ACKs]13:35:46  Sending 64 directed DeAuth (code 7). STMAC: [FF:FF:FF:FF:FF:FF] [ 2|38 ACKs]13:35:46  Sending 64 directed DeAuth (code 7). STMAC: [FF:FF:FF:FF:FF:FF] [ 3|38 ACKs]13:35:46  Sending 64 directed DeAuth (code 7). STMAC: [FF:FF:FF:FF:FF:FF] [ 3|39 ACKs]13:35:46  Sending 64 directed DeAuth (code 7). STMAC: [FF:FF:FF:FF:FF:FF] [ 3|40 ACKs]13:35:46  Sending 64 directed DeAuth (code 7). STMAC: [FF:FF:FF:FF:FF:FF] [ 3|41 ACKs]13:35:46  Sending 64 directed DeAuth (code 7). STMAC: [FF:FF:FF:FF:FF:FF] [ 3|42 ACKs]13:35:46  Sending 64 directed DeAuth (code 7). STMAC: [FF:FF:FF:FF:FF:FF] [ 3|43 ACKs]13:35:46  Sending 64 directed DeAuth (code 7). STMAC: [FF:FF:FF:FF:FF:FF] [ 3|44 ACKs]13:35:46  Sending 64 directed DeAuth (code 7). STMAC: [FF:FF:FF:FF:FF:FF] [ 4|44 ACKs]13:35:46  Sending 64 directed DeAuth (code 7). STMAC: [FF:FF:FF:FF:FF:FF] [ 4|45 ACKs]13:35:46  Sending 64 directed DeAuth (code 7). STMAC: [FF:FF:FF:FF:FF:FF] [ 4|46 ACKs]13:35:46  Sending 64 directed DeAuth (code 7). STMAC: [FF:FF:FF:FF:FF:FF] [ 4|47 ACKs]13:35:46  Sending 64 directed DeAuth (code 7). STMAC: [FF:FF:FF:FF:FF:FF] [ 4|48 ACKs]13:35:46  Sending 64 directed DeAuth (code 7). STMAC: [FF:FF:FF:FF:FF:FF] [ 4|49 ACKs]13:35:46  Sending 64 directed DeAuth (code 7). STMAC: [FF:FF:FF:FF:FF:FF] [ 4|50 ACKs]13:35:46  Sending 64 directed DeAuth (code 7). STMAC: [FF:FF:FF:FF:FF:FF] [ 4|51 ACKs]13:35:46  Sending 64 directed DeAuth (code 7). STMAC: [FF:FF:FF:FF:FF:FF] [ 4|52 ACKs]13:35:46  Sending 64 directed DeAuth (code 7). STMAC: [FF:FF:FF:FF:FF:FF] [ 5|52 ACKs]13:35:46  Sending 64 directed DeAuth (code 7). STMAC: [FF:FF:FF:FF:FF:FF] [ 5|53 ACKs]13:35:46  Sending 64 directed DeAuth (code 7). STMAC: [FF:FF:FF:FF:FF:FF] [ 5|54 ACKs]13:35:46  Sending 64 directed DeAuth (code 7). STMAC: [FF:FF:FF:FF:FF:FF] [ 5|55 ACKs]13:35:46  Sending 64 directed DeAuth (code 7). STMAC: [FF:FF:FF:FF:FF:FF] [ 5|56 ACKs]13:35:46  Sending 64 directed DeAuth (code 7). STMAC: [FF:FF:FF:FF:FF:FF] [ 5|57 ACKs]13:35:46  Sending 64 directed DeAuth (code 7). STMAC: [FF:FF:FF:FF:FF:FF] [ 5|58 ACKs]13:35:46  Sending 64 directed DeAuth (code 7). STMAC: [FF:FF:FF:FF:FF:FF] [ 5|59 ACKs]13:35:46  Sending 64 directed DeAuth (code 7). STMAC: [FF:FF:FF:FF:FF:FF] [ 5|60 ACKs]13:35:46  Sending 64 directed DeAuth (code 7). STMAC: [FF:FF:FF:FF:FF:FF] [ 5|61 ACKs]13:35:46  Sending 64 directed DeAuth (code 7). STMAC: [FF:FF:FF:FF:FF:FF] [ 5|62 ACKs]13:35:46  Sending 64 directed DeAuth (code 7). STMAC: [FF:FF:FF:FF:FF:FF] [ 5|63 ACKs]13:35:46  Sending 64 directed DeAuth (code 7). STMAC: [FF:FF:FF:FF:FF:FF] [ 5|64 ACKs]
13:35:46  Sending 64 directed DeAuth (code 7). STMAC: [FF:FF:FF:FF:FF:FF] [ 0| 0 ACKs]13:35:46  Sending 64 directed DeAuth (code 7). STMAC: [FF:FF:FF:FF:FF:FF] [ 0| 1 ACKs]13:35:46  Sending 64 directed DeAuth (code 7). STMAC: [FF:FF:FF:FF:FF:FF] [ 0| 2 ACKs]13:35:47  Sending 64 directed DeAuth (code 7). STMAC: [FF:FF:FF:FF:FF:FF] [ 0| 3 ACKs]13:35:47  Sending 64 directed DeAuth (code 7). STMAC: [FF:FF:FF:FF:FF:FF] [ 0| 4 ACKs]13:35:47  Sending 64 directed DeAuth (code 7). STMAC: [FF:FF:FF:FF:FF:FF] [ 0| 5 ACKs]13:35:47  Sending 64 directed DeAuth (code 7). STMAC: [FF:FF:FF:FF:FF:FF] [ 0| 6 ACKs]13:35:47  Sending 64 directed DeAuth (code 7). STMAC: [FF:FF:FF:FF:FF:FF] [ 0| 7 ACKs]13:35:47  Sending 64 directed DeAuth (code 7). STMAC: [FF:FF:FF:FF:FF:FF] [ 0| 8 ACKs]13:35:47  Sending 64 directed DeAuth (code 7). STMAC: [FF:FF:FF:FF:FF:FF] [ 1| 8 ACKs]13:35:47  Sending 64 directed DeAuth (code 7). STMAC: [FF:FF:FF:FF:FF:FF] [ 1| 9 ACKs]13:35:47  Sending 64 directed DeAuth (code 7). STMAC: [FF:FF:FF:FF:FF:FF] [ 1|10 ACKs]13:35:47  Sending 64 directed DeAuth (code 7). STMAC: [FF:FF:FF:FF:FF:FF] [ 1|11 ACKs]13:35:47  Sending 64 directed DeAuth (code 7). STMAC: [FF:FF:FF:FF:FF:FF] [ 1|12 ACKs]13:35:47  Sending 64 directed DeAuth (code 7). STMAC: [FF:FF:FF:FF:FF:FF] [ 1|12 ACKs]13:35:47  Sending 64 directed DeAuth (code 7). STMAC: [FF:FF:FF:FF:FF:FF] [ 2|12 ACKs]13:35:47  Sending 64 directed DeAuth (code 7). STMAC: [FF:FF:FF:FF:FF:FF] [ 2|12 ACKs]13:35:47  Sending 64 directed DeAuth (code 7). STMAC: [FF:FF:FF:FF:FF:FF] [ 2|13 ACKs]13:35:47  Sending 64 directed DeAuth (code 7). STMAC: [FF:FF:FF:FF:FF:FF] [ 3|13 ACKs]13:35:47  Sending 64 directed DeAuth (code 7). STMAC: [FF:FF:FF:FF:FF:FF] [ 3|14 ACKs]13:35:47  Sending 64 directed DeAuth (code 7). STMAC: [FF:FF:FF:FF:FF:FF] [ 3|15 ACKs]13:35:47  Sending 64 directed DeAuth (code 7). STMAC: [FF:FF:FF:FF:FF:FF] [ 4|15 ACKs]13:35:47  Sending 64 directed DeAuth (code 7). STMAC: [FF:FF:FF:FF:FF:FF] [ 4|16 ACKs]13:35:47  Sending 64 directed DeAuth (code 7). STMAC: [FF:FF:FF:FF:FF:FF] [ 4|16 ACKs]13:35:47  Sending 64 directed DeAuth (code 7). STMAC: [FF:FF:FF:FF:FF:FF] [ 5|16 ACKs]13:35:47  Sending 64 directed DeAuth (code 7). STMAC: [FF:FF:FF:FF:FF:FF] [ 5|16 ACKs]13:35:47  Sending 64 directed DeAuth (code 7). STMAC: [FF:FF:FF:FF:FF:FF] [ 5|17 ACKs]13:35:47  Sending 64 directed DeAuth (code 7). STMAC: [FF:FF:FF:FF:FF:FF] [ 5|18 ACKs]13:35:47  Sending 64 directed DeAuth (code 7). STMAC: [FF:FF:FF:FF:FF:FF] [ 5|19 ACKs]13:35:47  Sending 64 directed DeAuth (code 7). STMAC: [FF:FF:FF:FF:FF:FF] [ 5|20 ACKs]13:35:47  Sending 64 directed DeAuth (code 7). STMAC: [FF:FF:FF:FF:FF:FF] [ 5|21 ACKs]13:35:47  Sending 64 directed DeAuth (code 7). STMAC: [FF:FF:FF:FF:FF:FF] [ 5|21 ACKs]13:35:47  Sending 64 directed DeAuth (code 7). STMAC: [FF:FF:FF:FF:FF:FF] [ 5|22 ACKs]13:35:47  Sending 64 directed DeAuth (code 7). STMAC: [FF:FF:FF:FF:FF:FF] [ 6|22 ACKs]13:35:47  Sending 64 directed DeAuth (code 7). STMAC: [FF:FF:FF:FF:FF:FF] [ 6|23 ACKs]13:35:47  Sending 64 directed DeAuth (code 7). STMAC: [FF:FF:FF:FF:FF:FF] [ 6|24 ACKs]13:35:47  Sending 64 directed DeAuth (code 7). STMAC: [FF:FF:FF:FF:FF:FF] [ 6|25 ACKs]13:35:47  Sending 64 directed DeAuth (code 7). STMAC: [FF:FF:FF:FF:FF:FF] [ 6|26 ACKs]13:35:47  Sending 64 directed DeAuth (code 7). STMAC: [FF:FF:FF:FF:FF:FF] [ 6|27 ACKs]13:35:47  Sending 64 directed DeAuth (code 7). STMAC: [FF:FF:FF:FF:FF:FF] [ 6|28 ACKs]13:35:47  Sending 64 directed DeAuth (code 7). STMAC: [FF:FF:FF:FF:FF:FF] [ 6|29 ACKs]13:35:47  Sending 64 directed DeAuth (code 7). STMAC: [FF:FF:FF:FF:FF:FF] [ 6|30 ACKs]13:35:47  Sending 64 directed DeAuth (code 7). STMAC: [FF:FF:FF:FF:FF:FF] [ 6|31 ACKs]13:35:47  Sending 64 directed DeAuth (code 7). STMAC: [FF:FF:FF:FF:FF:FF] [ 6|32 ACKs]13:35:47  Sending 64 directed DeAuth (code 7). STMAC: [FF:FF:FF:FF:FF:FF] [ 6|33 ACKs]13:35:47  Sending 64 directed DeAuth (code 7). STMAC: [FF:FF:FF:FF:FF:FF] [ 6|34 ACKs]13:35:47  Sending 64 directed DeAuth (code 7). STMAC: [FF:FF:FF:FF:FF:FF] [ 6|35 ACKs]13:35:47  Sending 64 directed DeAuth (code 7). STMAC: [FF:FF:FF:FF:FF:FF] [ 6|36 ACKs]13:35:47  Sending 64 directed DeAuth (code 7). STMAC: [FF:FF:FF:FF:FF:FF] [ 6|37 ACKs]13:35:47  Sending 64 directed DeAuth (code 7). STMAC: [FF:FF:FF:FF:FF:FF] [ 6|38 ACKs]13:35:47  Sending 64 directed DeAuth (code 7). STMAC: [FF:FF:FF:FF:FF:FF] [ 6|39 ACKs]13:35:47  Sending 64 directed DeAuth (code 7). STMAC: [FF:FF:FF:FF:FF:FF] [ 6|40 ACKs]13:35:47  Sending 64 directed DeAuth (code 7). STMAC: [FF:FF:FF:FF:FF:FF] [ 6|41 ACKs]13:35:47  Sending 64 directed DeAuth (code 7). STMAC: [FF:FF:FF:FF:FF:FF] [ 6|42 ACKs]13:35:47  Sending 64 directed DeAuth (code 7). STMAC: [FF:FF:FF:FF:FF:FF] [ 6|43 ACKs]13:35:47  Sending 64 directed DeAuth (code 7). STMAC: [FF:FF:FF:FF:FF:FF] [ 6|44 ACKs]13:35:47  Sending 64 directed DeAuth (code 7). STMAC: [FF:FF:FF:FF:FF:FF] [ 6|45 ACKs]13:35:47  Sending 64 directed DeAuth (code 7). STMAC: [FF:FF:FF:FF:FF:FF] [ 6|46 ACKs]13:35:47  Sending 64 directed DeAuth (code 7). STMAC: [FF:FF:FF:FF:FF:FF] [ 6|47 ACKs]13:35:47  Sending 64 directed DeAuth (code 7). STMAC: [FF:FF:FF:FF:FF:FF] [ 6|48 ACKs]13:35:47  Sending 64 directed DeAuth (code 7). STMAC: [FF:FF:FF:FF:FF:FF] [ 6|49 ACKs]13:35:47  Sending 64 directed DeAuth (code 7). STMAC: [FF:FF:FF:FF:FF:FF] [ 6|50 ACKs]13:35:47  Sending 64 directed DeAuth (code 7). STMAC: [FF:FF:FF:FF:FF:FF] [ 6|51 ACKs]13:35:47  Sending 64 directed DeAuth (code 7). STMAC: [FF:FF:FF:FF:FF:FF] [ 6|52 ACKs]13:35:47  Sending 64 directed DeAuth (code 7). STMAC: [FF:FF:FF:FF:FF:FF] [ 6|53 ACKs]13:35:47  Sending 64 directed DeAuth (code 7). STMAC: [FF:FF:FF:FF:FF:FF] [ 6|54 ACKs]13:35:47  Sending 64 directed DeAuth (code 7). STMAC: [FF:FF:FF:FF:FF:FF] [ 6|55 ACKs]13:35:47  Sending 64 directed DeAuth (code 7). STMAC: [FF:FF:FF:FF:FF:FF] [ 6|56 ACKs]13:35:47  Sending 64 directed DeAuth (code 7). STMAC: [FF:FF:FF:FF:FF:FF] [ 6|57 ACKs]13:35:47  Sending 64 directed DeAuth (code 7). STMAC: [FF:FF:FF:FF:FF:FF] [ 6|58 ACKs]13:35:47  Sending 64 directed DeAuth (code 7). STMAC: [FF:FF:FF:FF:FF:FF] [ 6|59 ACKs]13:35:47  Sending 64 directed DeAuth (code 7). STMAC: [FF:FF:FF:FF:FF:FF] [ 7|59 ACKs]13:35:47  Sending 64 directed DeAuth (code 7). STMAC: [FF:FF:FF:FF:FF:FF] [ 8|59 ACKs]13:35:47  Sending 64 directed DeAuth (code 7). STMAC: [FF:FF:FF:FF:FF:FF] [ 8|60 ACKs]13:35:47  Sending 64 directed DeAuth (code 7). STMAC: [FF:FF:FF:FF:FF:FF] [ 9|60 ACKs]13:35:47  Sending 64 directed DeAuth (code 7). STMAC: [FF:FF:FF:FF:FF:FF] [ 9|61 ACKs]13:35:47  Sending 64 directed DeAuth (code 7). STMAC: [FF:FF:FF:FF:FF:FF] [10|61 ACKs]13:35:47  Sending 64 directed DeAuth (code 7). STMAC: [FF:FF:FF:FF:FF:FF] [10|62 ACKs]13:35:47  Sending 64 directed DeAuth (code 7). STMAC: [FF:FF:FF:FF:FF:FF] [11|62 ACKs]13:35:47  Sending 64 directed DeAuth (code 7). STMAC: [FF:FF:FF:FF:FF:FF] [11|63 ACKs]13:35:47  Sending 64 directed DeAuth (code 7). STMAC: [FF:FF:FF:FF:FF:FF] [12|63 ACKs]13:35:47  Sending 64 directed DeAuth (code 7). STMAC: [FF:FF:FF:FF:FF:FF] [12|64 ACKs]
13:35:47  Sending 64 directed DeAuth (code 7). STMAC: [FF:FF:FF:FF:FF:FF] [ 0| 0 ACKs]13:35:47  Sending 64 directed DeAuth (code 7). STMAC: [FF:FF:FF:FF:FF:FF] [ 0| 0 ACKs]13:35:47  Sending 64 directed DeAuth (code 7). STMAC: [FF:FF:FF:FF:FF:FF] [ 1| 0 ACKs]13:35:47  Sending 64 directed DeAuth (code 7). STMAC: [FF:FF:FF:FF:FF:FF] [ 1| 0 ACKs]13:35:47  Sending 64 directed DeAuth (code 7). STMAC: [FF:FF:FF:FF:FF:FF] [ 2| 0 ACKs]13:35:47  Sending 64 directed DeAuth (code 7). STMAC: [FF:FF:FF:FF:FF:FF] [ 2| 0 ACKs]13:35:47  Sending 64 directed DeAuth (code 7). STMAC: [FF:FF:FF:FF:FF:FF] [ 3| 0 ACKs]13:35:47  Sending 64 directed DeAuth (code 7). STMAC: [FF:FF:FF:FF:FF:FF] [ 3| 0 ACKs]13:35:47  Sending 64 directed DeAuth (code 7). STMAC: [FF:FF:FF:FF:FF:FF] [ 4| 0 ACKs]13:35:47  Sending 64 directed DeAuth (code 7). STMAC: [FF:FF:FF:FF:FF:FF] [ 4| 1 ACKs]13:35:47  Sending 64 directed DeAuth (code 7). STMAC: [FF:FF:FF:FF:FF:FF] [ 5| 1 ACKs]13:35:47  Sending 64 directed DeAuth (code 7). STMAC: [FF:FF:FF:FF:FF:FF] [ 5| 2 ACKs]13:35:47  Sending 64 directed DeAuth (code 7). STMAC: [FF:FF:FF:FF:FF:FF] [ 6| 2 ACKs]13:35:47  Sending 64 directed DeAuth (code 7). STMAC: [FF:FF:FF:FF:FF:FF] [ 6| 3 ACKs]13:35:47  Sending 64 directed DeAuth (code 7). STMAC: [FF:FF:FF:FF:FF:FF] [ 6| 4 ACKs]13:35:47  Sending 64 directed DeAuth (code 7). STMAC: [FF:FF:FF:FF:FF:FF] [ 6| 5 ACKs]13:35:47  Sending 64 directed DeAuth (code 7). STMAC: [FF:FF:FF:FF:FF:FF] [ 7| 5 ACKs]13:35:47  Sending 64 directed DeAuth (code 7). STMAC: [FF:FF:FF:FF:FF:FF] [ 7| 6 ACKs]13:35:47  Sending 64 directed DeAuth (code 7). STMAC: [FF:FF:FF:FF:FF:FF] [ 7| 7 ACKs]13:35:47  Sending 64 directed DeAuth (code 7). STMAC: [FF:FF:FF:FF:FF:FF] [ 8| 7 ACKs]13:35:47  Sending 64 directed DeAuth (code 7). STMAC: [FF:FF:FF:FF:FF:FF] [ 8| 8 ACKs]13:35:47  Sending 64 directed DeAuth (code 7). STMAC: [FF:FF:FF:FF:FF:FF] [ 9| 8 ACKs]13:35:47  Sending 64 directed DeAuth (code 7). STMAC: [FF:FF:FF:FF:FF:FF] [ 9| 9 ACKs]13:35:47  Sending 64 directed DeAuth (code 7). STMAC: [FF:FF:FF:FF:FF:FF] [10| 9 ACKs]13:35:47  Sending 64 directed DeAuth (code 7). STMAC: [FF:FF:FF:FF:FF:FF] [10| 9 ACKs]13:35:47  Sending 64 directed DeAuth (code 7). STMAC: [FF:FF:FF:FF:FF:FF] [10|10 ACKs]13:35:47  Sending 64 directed DeAuth (code 7). STMAC: [FF:FF:FF:FF:FF:FF] [10|11 ACKs]13:35:47  Sending 64 directed DeAuth (code 7). STMAC: [FF:FF:FF:FF:FF:FF] [10|12 ACKs]13:35:47  Sending 64 directed DeAuth (code 7). STMAC: [FF:FF:FF:FF:FF:FF] [10|13 ACKs]13:35:47  Sending 64 directed DeAuth (code 7). STMAC: [FF:FF:FF:FF:FF:FF] [10|14 ACKs]13:35:47  Sending 64 directed DeAuth (code 7). STMAC: [FF:FF:FF:FF:FF:FF] [10|15 ACKs]13:35:47  Sending 64 directed DeAuth (code 7). STMAC: [FF:FF:FF:FF:FF:FF] [10|16 ACKs]13:35:47  Sending 64 directed DeAuth (code 7). STMAC: [FF:FF:FF:FF:FF:FF] [11|16 ACKs]13:35:47  Sending 64 directed DeAuth (code 7). STMAC: [FF:FF:FF:FF:FF:FF] [11|17 ACKs]13:35:47  Sending 64 directed DeAuth (code 7). STMAC: [FF:FF:FF:FF:FF:FF] [11|18 ACKs]13:35:47  Sending 64 directed DeAuth (code 7). STMAC: [FF:FF:FF:FF:FF:FF] [11|19 ACKs]13:35:47  Sending 64 directed DeAuth (code 7). STMAC: [FF:FF:FF:FF:FF:FF] [11|20 ACKs]13:35:47  Sending 64 directed DeAuth (code 7). STMAC: [FF:FF:FF:FF:FF:FF] [11|21 ACKs]13:35:47  Sending 64 directed DeAuth (code 7). STMAC: [FF:FF:FF:FF:FF:FF] [11|22 ACKs]13:35:47  Sending 64 directed DeAuth (code 7). STMAC: [FF:FF:FF:FF:FF:FF] [11|23 ACKs]13:35:47  Sending 64 directed DeAuth (code 7). STMAC: [FF:FF:FF:FF:FF:FF] [11|24 ACKs]13:35:47  Sending 64 directed DeAuth (code 7). STMAC: [FF:FF:FF:FF:FF:FF] [11|25 ACKs]13:35:47  Sending 64 directed DeAuth (code 7). STMAC: [FF:FF:FF:FF:FF:FF] [11|26 ACKs]13:35:47  Sending 64 directed DeAuth (code 7). STMAC: [FF:FF:FF:FF:FF:FF] [11|27 ACKs]13:35:47  Sending 64 directed DeAuth (code 7). STMAC: [FF:FF:FF:FF:FF:FF] [11|28 ACKs]13:35:47  Sending 64 directed DeAuth (code 7). STMAC: [FF:FF:FF:FF:FF:FF] [11|29 ACKs]13:35:47  Sending 64 directed DeAuth (code 7). STMAC: [FF:FF:FF:FF:FF:FF] [11|30 ACKs]13:35:47  Sending 64 directed DeAuth (code 7). STMAC: [FF:FF:FF:FF:FF:FF] [11|31 ACKs]13:35:47  Sending 64 directed DeAuth (code 7). STMAC: [FF:FF:FF:FF:FF:FF] [11|32 ACKs]13:35:47  Sending 64 directed DeAuth (code 7). STMAC: [FF:FF:FF:FF:FF:FF] [11|33 ACKs]13:35:47  Sending 64 directed DeAuth (code 7). STMAC: [FF:FF:FF:FF:FF:FF] [11|34 ACKs]13:35:47  Sending 64 directed DeAuth (code 7). STMAC: [FF:FF:FF:FF:FF:FF] [11|35 ACKs]13:35:47  Sending 64 directed DeAuth (code 7). STMAC: [FF:FF:FF:FF:FF:FF] [11|36 ACKs]13:35:47  Sending 64 directed DeAuth (code 7). STMAC: [FF:FF:FF:FF:FF:FF] [11|37 ACKs]13:35:47  Sending 64 directed DeAuth (code 7). STMAC: [FF:FF:FF:FF:FF:FF] [11|38 ACKs]13:35:47  Sending 64 directed DeAuth (code 7). STMAC: [FF:FF:FF:FF:FF:FF] [11|39 ACKs]13:35:47  Sending 64 directed DeAuth (code 7). STMAC: [FF:FF:FF:FF:FF:FF] [11|40 ACKs]13:35:47  Sending 64 directed DeAuth (code 7). STMAC: [FF:FF:FF:FF:FF:FF] [11|41 ACKs]13:35:47  Sending 64 directed DeAuth (code 7). STMAC: [FF:FF:FF:FF:FF:FF] [11|42 ACKs]13:35:47  Sending 64 directed DeAuth (code 7). STMAC: [FF:FF:FF:FF:FF:FF] [11|43 ACKs]13:35:47  Sending 64 directed DeAuth (code 7). STMAC: [FF:FF:FF:FF:FF:FF] [11|44 ACKs]13:35:47  Sending 64 directed DeAuth (code 7). STMAC: [FF:FF:FF:FF:FF:FF] [11|45 ACKs]13:35:47  Sending 64 directed DeAuth (code 7). STMAC: [FF:FF:FF:FF:FF:FF] [11|46 ACKs]13:35:47  Sending 64 directed DeAuth (code 7). STMAC: [FF:FF:FF:FF:FF:FF] [11|47 ACKs]13:35:47  Sending 64 directed DeAuth (code 7). STMAC: [FF:FF:FF:FF:FF:FF] [11|48 ACKs]13:35:47  Sending 64 directed DeAuth (code 7). STMAC: [FF:FF:FF:FF:FF:FF] [11|49 ACKs]13:35:47  Sending 64 directed DeAuth (code 7). STMAC: [FF:FF:FF:FF:FF:FF] [11|50 ACKs]13:35:47  Sending 64 directed DeAuth (code 7). STMAC: [FF:FF:FF:FF:FF:FF] [11|51 ACKs]13:35:47  Sending 64 directed DeAuth (code 7). STMAC: [FF:FF:FF:FF:FF:FF] [11|52 ACKs]13:35:47  Sending 64 directed DeAuth (code 7). STMAC: [FF:FF:FF:FF:FF:FF] [11|53 ACKs]13:35:47  Sending 64 directed DeAuth (code 7). STMAC: [FF:FF:FF:FF:FF:FF] [11|54 ACKs]13:35:47  Sending 64 directed DeAuth (code 7). STMAC: [FF:FF:FF:FF:FF:FF] [11|55 ACKs]13:35:47  Sending 64 directed DeAuth (code 7). STMAC: [FF:FF:FF:FF:FF:FF] [11|56 ACKs]13:35:47  Sending 64 directed DeAuth (code 7). STMAC: [FF:FF:FF:FF:FF:FF] [11|57 ACKs]13:35:47  Sending 64 directed DeAuth (code 7). STMAC: [FF:FF:FF:FF:FF:FF] [11|58 ACKs]13:35:47  Sending 64 directed DeAuth (code 7). STMAC: [FF:FF:FF:FF:FF:FF] [11|59 ACKs]13:35:47  Sending 64 directed DeAuth (code 7). STMAC: [FF:FF:FF:FF:FF:FF] [11|60 ACKs]13:35:47  Sending 64 directed DeAuth (code 7). STMAC: [FF:FF:FF:FF:FF:FF] [11|61 ACKs]13:35:47  Sending 64 directed DeAuth (code 7). STMAC: [FF:FF:FF:FF:FF:FF] [11|62 ACKs]13:35:47  Sending 64 directed DeAuth (code 7). STMAC: [FF:FF:FF:FF:FF:FF] [11|63 ACKs]13:35:47  Sending 64 directed DeAuth (code 7). STMAC: [FF:FF:FF:FF:FF:FF] [11|64 ACKs]
13:35:48  Sending 64 directed DeAuth (code 7). STMAC: [FF:FF:FF:FF:FF:FF] [ 0| 0 ACKs]13:35:48  Sending 64 directed DeAuth (code 7). STMAC: [FF:FF:FF:FF:FF:FF] [ 0| 1 ACKs]13:35:48  Sending 64 directed DeAuth (code 7). STMAC: [FF:FF:FF:FF:FF:FF] [ 0| 2 ACKs]13:35:48  Sending 64 directed DeAuth (code 7). STMAC: [FF:FF:FF:FF:FF:FF] [ 0| 3 ACKs]13:35:48  Sending 64 directed DeAuth (code 7). STMAC: [FF:FF:FF:FF:FF:FF] [ 0| 4 ACKs]13:35:48  Sending 64 directed DeAuth (code 7). STMAC: [FF:FF:FF:FF:FF:FF] [ 0| 5 ACKs]13:35:48  Sending 64 directed DeAuth (code 7). STMAC: [FF:FF:FF:FF:FF:FF] [ 0| 6 ACKs]13:35:48  Sending 64 directed DeAuth (code 7). STMAC: [FF:FF:FF:FF:FF:FF] [ 0| 7 ACKs]13:35:48  Sending 64 directed DeAuth (code 7). STMAC: [FF:FF:FF:FF:FF:FF] [ 0| 8 ACKs]13:35:48  Sending 64 directed DeAuth (code 7). STMAC: [FF:FF:FF:FF:FF:FF] [ 0| 9 ACKs]13:35:48  Sending 64 directed DeAuth (code 7). STMAC: [FF:FF:FF:FF:FF:FF] [ 0|10 ACKs]13:35:48  Sending 64 directed DeAuth (code 7). STMAC: [FF:FF:FF:FF:FF:FF] [ 0|11 ACKs]13:35:48  Sending 64 directed DeAuth (code 7). STMAC: [FF:FF:FF:FF:FF:FF] [ 0|12 ACKs]13:35:48  Sending 64 directed DeAuth (code 7). STMAC: [FF:FF:FF:FF:FF:FF] [ 0|13 ACKs]13:35:48  Sending 64 directed DeAuth (code 7). STMAC: [FF:FF:FF:FF:FF:FF] [ 0|14 ACKs]13:35:48  Sending 64 directed DeAuth (code 7). STMAC: [FF:FF:FF:FF:FF:FF] [ 0|15 ACKs]13:35:48  Sending 64 directed DeAuth (code 7). STMAC: [FF:FF:FF:FF:FF:FF] [ 0|16 ACKs]13:35:48  Sending 64 directed DeAuth (code 7). STMAC: [FF:FF:FF:FF:FF:FF] [ 0|17 ACKs]13:35:48  Sending 64 directed DeAuth (code 7). STMAC: [FF:FF:FF:FF:FF:FF] [ 0|18 ACKs]13:35:48  Sending 64 directed DeAuth (code 7). STMAC: [FF:FF:FF:FF:FF:FF] [ 0|19 ACKs]13:35:48  Sending 64 directed DeAuth (code 7). STMAC: [FF:FF:FF:FF:FF:FF] [ 0|20 ACKs]13:35:48  Sending 64 directed DeAuth (code 7). STMAC: [FF:FF:FF:FF:FF:FF] [ 0|21 ACKs]13:35:48  Sending 64 directed DeAuth (code 7). STMAC: [FF:FF:FF:FF:FF:FF] [ 0|22 ACKs]13:35:48  Sending 64 directed DeAuth (code 7). STMAC: [FF:FF:FF:FF:FF:FF] [ 0|23 ACKs]13:35:48  Sending 64 directed DeAuth (code 7). STMAC: [FF:FF:FF:FF:FF:FF] [ 0|24 ACKs]13:35:48  Sending 64 directed DeAuth (code 7). STMAC: [FF:FF:FF:FF:FF:FF] [ 0|25 ACKs]13:35:48  Sending 64 directed DeAuth (code 7). STMAC: [FF:FF:FF:FF:FF:FF] [ 0|26 ACKs]13:35:48  Sending 64 directed DeAuth (code 7). STMAC: [FF:FF:FF:FF:FF:FF] [ 0|27 ACKs]13:35:48  Sending 64 directed DeAuth (code 7). STMAC: [FF:FF:FF:FF:FF:FF] [ 0|28 ACKs]13:35:48  Sending 64 directed DeAuth (code 7). STMAC: [FF:FF:FF:FF:FF:FF] [ 0|29 ACKs]13:35:48  Sending 64 directed DeAuth (code 7). STMAC: [FF:FF:FF:FF:FF:FF] [ 0|30 ACKs]13:35:48  Sending 64 directed DeAuth (code 7). STMAC: [FF:FF:FF:FF:FF:FF] [ 0|31 ACKs]13:35:48  Sending 64 directed DeAuth (code 7). STMAC: [FF:FF:FF:FF:FF:FF] [ 0|32 ACKs]13:35:48  Sending 64 directed DeAuth (code 7). STMAC: [FF:FF:FF:FF:FF:FF] [ 0|33 ACKs]13:35:48  Sending 64 directed DeAuth (code 7). STMAC: [FF:FF:FF:FF:FF:FF] [ 0|34 ACKs]13:35:48  Sending 64 directed DeAuth (code 7). STMAC: [FF:FF:FF:FF:FF:FF] [ 0|35 ACKs]13:35:48  Sending 64 directed DeAuth (code 7). STMAC: [FF:FF:FF:FF:FF:FF] [ 0|36 ACKs]13:35:48  Sending 64 directed DeAuth (code 7). STMAC: [FF:FF:FF:FF:FF:FF] [ 0|37 ACKs]13:35:48  Sending 64 directed DeAuth (code 7). STMAC: [FF:FF:FF:FF:FF:FF] [ 0|38 ACKs]13:35:48  Sending 64 directed DeAuth (code 7). STMAC: [FF:FF:FF:FF:FF:FF] [ 0|39 ACKs]13:35:48  Sending 64 directed DeAuth (code 7). STMAC: [FF:FF:FF:FF:FF:FF] [ 0|40 ACKs]13:35:48  Sending 64 directed DeAuth (code 7). STMAC: [FF:FF:FF:FF:FF:FF] [ 0|41 ACKs]13:35:48  Sending 64 directed DeAuth (code 7). STMAC: [FF:FF:FF:FF:FF:FF] [ 0|42 ACKs]13:35:48  Sending 64 directed DeAuth (code 7). STMAC: [FF:FF:FF:FF:FF:FF] [ 0|43 ACKs]13:35:48  Sending 64 directed DeAuth (code 7). STMAC: [FF:FF:FF:FF:FF:FF] [ 0|44 ACKs]13:35:48  Sending 64 directed DeAuth (code 7). STMAC: [FF:FF:FF:FF:FF:FF] [ 0|45 ACKs]13:35:48  Sending 64 directed DeAuth (code 7). STMAC: [FF:FF:FF:FF:FF:FF] [ 0|46 ACKs]13:35:48  Sending 64 directed DeAuth (code 7). STMAC: [FF:FF:FF:FF:FF:FF] [ 0|47 ACKs]13:35:48  Sending 64 directed DeAuth (code 7). STMAC: [FF:FF:FF:FF:FF:FF] [ 0|48 ACKs]13:35:48  Sending 64 directed DeAuth (code 7). STMAC: [FF:FF:FF:FF:FF:FF] [ 0|49 ACKs]13:35:48  Sending 64 directed DeAuth (code 7). STMAC: [FF:FF:FF:FF:FF:FF] [ 0|50 ACKs]13:35:48  Sending 64 directed DeAuth (code 7). STMAC: [FF:FF:FF:FF:FF:FF] [ 0|51 ACKs]13:35:48  Sending 64 directed DeAuth (code 7). STMAC: [FF:FF:FF:FF:FF:FF] [ 0|52 ACKs]13:35:48  Sending 64 directed DeAuth (code 7). STMAC: [FF:FF:FF:FF:FF:FF] [ 0|53 ACKs]13:35:48  Sending 64 directed DeAuth (code 7). STMAC: [FF:FF:FF:FF:FF:FF] [ 0|54 ACKs]13:35:48  Sending 64 directed DeAuth (code 7). STMAC: [FF:FF:FF:FF:FF:FF] [ 0|55 ACKs]13:35:48  Sending 64 directed DeAuth (code 7). STMAC: [FF:FF:FF:FF:FF:FF] [ 0|56 ACKs]13:35:48  Sending 64 directed DeAuth (code 7). STMAC: [FF:FF:FF:FF:FF:FF] [ 0|57 ACKs]13:35:48  Sending 64 directed DeAuth (code 7). STMAC: [FF:FF:FF:FF:FF:FF] [ 0|58 ACKs]13:35:48  Sending 64 directed DeAuth (code 7). STMAC: [FF:FF:FF:FF:FF:FF] [ 0|59 ACKs]13:35:48  Sending 64 directed DeAuth (code 7). STMAC: [FF:FF:FF:FF:FF:FF] [ 0|60 ACKs]13:35:48  Sending 64 directed DeAuth (code 7). STMAC: [FF:FF:FF:FF:FF:FF] [ 0|61 ACKs]13:35:48  Sending 64 directed DeAuth (code 7). STMAC: [FF:FF:FF:FF:FF:FF] [ 0|62 ACKs]13:35:48  Sending 64 directed DeAuth (code 7). STMAC: [FF:FF:FF:FF:FF:FF] [ 0|63 ACKs]13:35:48  Sending 64 directed DeAuth (code 7). STMAC: [FF:FF:FF:FF:FF:FF] [ 0|64 ACKs]
13:35:48  Sending 64 directed DeAuth (code 7). STMAC: [FF:FF:FF:FF:FF:FF] [ 0| 0 ACKs]13:35:48  Sending 64 directed DeAuth (code 7). STMAC: [FF:FF:FF:FF:FF:FF] [ 0| 1 ACKs]13:35:48  Sending 64 directed DeAuth (code 7). STMAC: [FF:FF:FF:FF:FF:FF] [ 0| 2 ACKs]13:35:48  Sending 64 directed DeAuth (code 7). STMAC: [FF:FF:FF:FF:FF:FF] [ 0| 3 ACKs]13:35:48  Sending 64 directed DeAuth (code 7). STMAC: [FF:FF:FF:FF:FF:FF] [ 0| 4 ACKs]13:35:48  Sending 64 directed DeAuth (code 7). STMAC: [FF:FF:FF:FF:FF:FF] [ 0| 5 ACKs]13:35:48  Sending 64 directed DeAuth (code 7). STMAC: [FF:FF:FF:FF:FF:FF] [ 0| 6 ACKs]13:35:48  Sending 64 directed DeAuth (code 7). STMAC: [FF:FF:FF:FF:FF:FF] [ 0| 7 ACKs]13:35:48  Sending 64 directed DeAuth (code 7). STMAC: [FF:FF:FF:FF:FF:FF] [ 0| 8 ACKs]13:35:48  Sending 64 directed DeAuth (code 7). STMAC: [FF:FF:FF:FF:FF:FF] [ 0| 9 ACKs]13:35:48  Sending 64 directed DeAuth (code 7). STMAC: [FF:FF:FF:FF:FF:FF] [ 0|10 ACKs]13:35:48  Sending 64 directed DeAuth (code 7). STMAC: [FF:FF:FF:FF:FF:FF] [ 0|11 ACKs]13:35:48  Sending 64 directed DeAuth (code 7). STMAC: [FF:FF:FF:FF:FF:FF] [ 0|12 ACKs]13:35:48  Sending 64 directed DeAuth (code 7). STMAC: [FF:FF:FF:FF:FF:FF] [ 0|13 ACKs]13:35:48  Sending 64 directed DeAuth (code 7). STMAC: [FF:FF:FF:FF:FF:FF] [ 0|14 ACKs]13:35:48  Sending 64 directed DeAuth (code 7). STMAC: [FF:FF:FF:FF:FF:FF] [ 0|15 ACKs]13:35:48  Sending 64 directed DeAuth (code 7). STMAC: [FF:FF:FF:FF:FF:FF] [ 0|16 ACKs]13:35:48  Sending 64 directed DeAuth (code 7). STMAC: [FF:FF:FF:FF:FF:FF] [ 0|17 ACKs]13:35:48  Sending 64 directed DeAuth (code 7). STMAC: [FF:FF:FF:FF:FF:FF] [ 0|18 ACKs]13:35:48  Sending 64 directed DeAuth (code 7). STMAC: [FF:FF:FF:FF:FF:FF] [ 0|19 ACKs]13:35:48  Sending 64 directed DeAuth (code 7). STMAC: [FF:FF:FF:FF:FF:FF] [ 0|20 ACKs]13:35:48  Sending 64 directed DeAuth (code 7). STMAC: [FF:FF:FF:FF:FF:FF] [ 0|21 ACKs]13:35:48  Sending 64 directed DeAuth (code 7). STMAC: [FF:FF:FF:FF:FF:FF] [ 0|22 ACKs]13:35:48  Sending 64 directed DeAuth (code 7). STMAC: [FF:FF:FF:FF:FF:FF] [ 0|23 ACKs]13:35:48  Sending 64 directed DeAuth (code 7). STMAC: [FF:FF:FF:FF:FF:FF] [ 0|24 ACKs]13:35:48  Sending 64 directed DeAuth (code 7). STMAC: [FF:FF:FF:FF:FF:FF] [ 0|25 ACKs]13:35:48  Sending 64 directed DeAuth (code 7). STMAC: [FF:FF:FF:FF:FF:FF] [ 0|26 ACKs]13:35:48  Sending 64 directed DeAuth (code 7). STMAC: [FF:FF:FF:FF:FF:FF] [ 0|27 ACKs]13:35:48  Sending 64 directed DeAuth (code 7). STMAC: [FF:FF:FF:FF:FF:FF] [ 0|28 ACKs]13:35:48  Sending 64 directed DeAuth (code 7). STMAC: [FF:FF:FF:FF:FF:FF] [ 0|29 ACKs]13:35:48  Sending 64 directed DeAuth (code 7). STMAC: [FF:FF:FF:FF:FF:FF] [ 0|30 ACKs]13:35:48  Sending 64 directed DeAuth (code 7). STMAC: [FF:FF:FF:FF:FF:FF] [ 1|30 ACKs]13:35:48  Sending 64 directed DeAuth (code 7). STMAC: [FF:FF:FF:FF:FF:FF] [ 1|31 ACKs]13:35:48  Sending 64 directed DeAuth (code 7). STMAC: [FF:FF:FF:FF:FF:FF] [ 1|32 ACKs]13:35:48  Sending 64 directed DeAuth (code 7). STMAC: [FF:FF:FF:FF:FF:FF] [ 1|33 ACKs]13:35:48  Sending 64 directed DeAuth (code 7). STMAC: [FF:FF:FF:FF:FF:FF] [ 1|34 ACKs]13:35:48  Sending 64 directed DeAuth (code 7). STMAC: [FF:FF:FF:FF:FF:FF] [ 1|35 ACKs]13:35:48  Sending 64 directed DeAuth (code 7). STMAC: [FF:FF:FF:FF:FF:FF] [ 1|36 ACKs]13:35:48  Sending 64 directed DeAuth (code 7). STMAC: [FF:FF:FF:FF:FF:FF] [ 1|37 ACKs]13:35:48  Sending 64 directed DeAuth (code 7). STMAC: [FF:FF:FF:FF:FF:FF] [ 1|38 ACKs]13:35:48  Sending 64 directed DeAuth (code 7). STMAC: [FF:FF:FF:FF:FF:FF] [ 1|39 ACKs]13:35:48  Sending 64 directed DeAuth (code 7). STMAC: [FF:FF:FF:FF:FF:FF] [ 1|40 ACKs]13:35:48  Sending 64 directed DeAuth (code 7). STMAC: [FF:FF:FF:FF:FF:FF] [ 1|41 ACKs]13:35:48  Sending 64 directed DeAuth (code 7). STMAC: [FF:FF:FF:FF:FF:FF] [ 1|42 ACKs]13:35:48  Sending 64 directed DeAuth (code 7). STMAC: [FF:FF:FF:FF:FF:FF] [ 1|43 ACKs]13:35:48  Sending 64 directed DeAuth (code 7). STMAC: [FF:FF:FF:FF:FF:FF] [ 1|44 ACKs]13:35:48  Sending 64 directed DeAuth (code 7). STMAC: [FF:FF:FF:FF:FF:FF] [ 1|45 ACKs]13:35:48  Sending 64 directed DeAuth (code 7). STMAC: [FF:FF:FF:FF:FF:FF] [ 1|46 ACKs]13:35:48  Sending 64 directed DeAuth (code 7). STMAC: [FF:FF:FF:FF:FF:FF] [ 1|47 ACKs]13:35:48  Sending 64 directed DeAuth (code 7). STMAC: [FF:FF:FF:FF:FF:FF] [ 1|48 ACKs]13:35:48  Sending 64 directed DeAuth (code 7). STMAC: [FF:FF:FF:FF:FF:FF] [ 1|49 ACKs]13:35:49  Sending 64 directed DeAuth (code 7). STMAC: [FF:FF:FF:FF:FF:FF] [ 1|50 ACKs]13:35:49  Sending 64 directed DeAuth (code 7). STMAC: [FF:FF:FF:FF:FF:FF] [ 1|51 ACKs]13:35:49  Sending 64 directed DeAuth (code 7). STMAC: [FF:FF:FF:FF:FF:FF] [ 1|52 ACKs]13:35:49  Sending 64 directed DeAuth (code 7). STMAC: [FF:FF:FF:FF:FF:FF] [ 1|53 ACKs]13:35:49  Sending 64 directed DeAuth (code 7). STMAC: [FF:FF:FF:FF:FF:FF] [ 1|54 ACKs]13:35:49  Sending 64 directed DeAuth (code 7). STMAC: [FF:FF:FF:FF:FF:FF] [ 1|55 ACKs]13:35:49  Sending 64 directed DeAuth (code 7). STMAC: [FF:FF:FF:FF:FF:FF] [ 1|56 ACKs]13:35:49  Sending 64 directed DeAuth (code 7). STMAC: [FF:FF:FF:FF:FF:FF] [ 1|57 ACKs]13:35:49  Sending 64 directed DeAuth (code 7). STMAC: [FF:FF:FF:FF:FF:FF] [ 1|58 ACKs]13:35:49  Sending 64 directed DeAuth (code 7). STMAC: [FF:FF:FF:FF:FF:FF] [ 1|59 ACKs]13:35:49  Sending 64 directed DeAuth (code 7). STMAC: [FF:FF:FF:FF:FF:FF] [ 1|60 ACKs]13:35:49  Sending 64 directed DeAuth (code 7). STMAC: [FF:FF:FF:FF:FF:FF] [ 1|61 ACKs]13:35:49  Sending 64 directed DeAuth (code 7). STMAC: [FF:FF:FF:FF:FF:FF] [ 1|62 ACKs]13:35:49  Sending 64 directed DeAuth (code 7). STMAC: [FF:FF:FF:FF:FF:FF] [ 1|63 ACKs]13:35:49  Sending 64 directed DeAuth (code 7). STMAC: [FF:FF:FF:FF:FF:FF] [ 1|64 ACKs]
13:35:49  Sending 64 directed DeAuth (code 7). STMAC: [FF:FF:FF:FF:FF:FF] [ 0| 0 ACKs]13:35:49  Sending 64 directed DeAuth (code 7). STMAC: [FF:FF:FF:FF:FF:FF] [ 0| 0 ACKs]13:35:49  Sending 64 directed DeAuth (code 7). STMAC: [FF:FF:FF:FF:FF:FF] [ 1| 0 ACKs]13:35:49  Sending 64 directed DeAuth (code 7). STMAC: [FF:FF:FF:FF:FF:FF] [ 1| 1 ACKs]13:35:49  Sending 64 directed DeAuth (code 7). STMAC: [FF:FF:FF:FF:FF:FF] [ 2| 1 ACKs]13:35:49  Sending 64 directed DeAuth (code 7). STMAC: [FF:FF:FF:FF:FF:FF] [ 2| 2 ACKs]13:35:49  Sending 64 directed DeAuth (code 7). STMAC: [FF:FF:FF:FF:FF:FF] [ 3| 2 ACKs]13:35:49  Sending 64 directed DeAuth (code 7). STMAC: [FF:FF:FF:FF:FF:FF] [ 3| 3 ACKs]13:35:49  Sending 64 directed DeAuth (code 7). STMAC: [FF:FF:FF:FF:FF:FF] [ 4| 3 ACKs]13:35:49  Sending 64 directed DeAuth (code 7). STMAC: [FF:FF:FF:FF:FF:FF] [ 4| 4 ACKs]13:35:49  Sending 64 directed DeAuth (code 7). STMAC: [FF:FF:FF:FF:FF:FF] [ 5| 4 ACKs]13:35:49  Sending 64 directed DeAuth (code 7). STMAC: [FF:FF:FF:FF:FF:FF] [ 5| 5 ACKs]13:35:49  Sending 64 directed DeAuth (code 7). STMAC: [FF:FF:FF:FF:FF:FF] [ 6| 5 ACKs]13:35:49  Sending 64 directed DeAuth (code 7). STMAC: [FF:FF:FF:FF:FF:FF] [ 6| 6 ACKs]13:35:49  Sending 64 directed DeAuth (code 7). STMAC: [FF:FF:FF:FF:FF:FF] [ 7| 6 ACKs]13:35:49  Sending 64 directed DeAuth (code 7). STMAC: [FF:FF:FF:FF:FF:FF] [ 7| 7 ACKs]13:35:49  Sending 64 directed DeAuth (code 7). STMAC: [FF:FF:FF:FF:FF:FF] [ 8| 7 ACKs]13:35:49  Sending 64 directed DeAuth (code 7). STMAC: [FF:FF:FF:FF:FF:FF] [ 8| 8 ACKs]13:35:49  Sending 64 directed DeAuth (code 7). STMAC: [FF:FF:FF:FF:FF:FF] [ 9| 8 ACKs]13:35:49  Sending 64 directed DeAuth (code 7). STMAC: [FF:FF:FF:FF:FF:FF] [ 9| 9 ACKs]13:35:49  Sending 64 directed DeAuth (code 7). STMAC: [FF:FF:FF:FF:FF:FF] [10| 9 ACKs]13:35:49  Sending 64 directed DeAuth (code 7). STMAC: [FF:FF:FF:FF:FF:FF] [10|10 ACKs]13:35:49  Sending 64 directed DeAuth (code 7). STMAC: [FF:FF:FF:FF:FF:FF] [10|11 ACKs]13:35:49  Sending 64 directed DeAuth (code 7). STMAC: [FF:FF:FF:FF:FF:FF] [11|11 ACKs]13:35:49  Sending 64 directed DeAuth (code 7). STMAC: [FF:FF:FF:FF:FF:FF] [11|12 ACKs]13:35:49  Sending 64 directed DeAuth (code 7). STMAC: [FF:FF:FF:FF:FF:FF] [12|12 ACKs]13:35:49  Sending 64 directed DeAuth (code 7). STMAC: [FF:FF:FF:FF:FF:FF] [12|13 ACKs]13:35:49  Sending 64 directed DeAuth (code 7). STMAC: [FF:FF:FF:FF:FF:FF] [13|13 ACKs]13:35:49  Sending 64 directed DeAuth (code 7). STMAC: [FF:FF:FF:FF:FF:FF] [13|14 ACKs]13:35:49  Sending 64 directed DeAuth (code 7). STMAC: [FF:FF:FF:FF:FF:FF] [14|14 ACKs]13:35:49  Sending 64 directed DeAuth (code 7). STMAC: [FF:FF:FF:FF:FF:FF] [14|15 ACKs]13:35:49  Sending 64 directed DeAuth (code 7). STMAC: [FF:FF:FF:FF:FF:FF] [14|15 ACKs]13:35:49  Sending 64 directed DeAuth (code 7). STMAC: [FF:FF:FF:FF:FF:FF] [14|16 ACKs]13:35:49  Sending 64 directed DeAuth (code 7). STMAC: [FF:FF:FF:FF:FF:FF] [14|17 ACKs]13:35:49  Sending 64 directed DeAuth (code 7). STMAC: [FF:FF:FF:FF:FF:FF] [14|18 ACKs]13:35:49  Sending 64 directed DeAuth (code 7). STMAC: [FF:FF:FF:FF:FF:FF] [14|19 ACKs]13:35:49  Sending 64 directed DeAuth (code 7). STMAC: [FF:FF:FF:FF:FF:FF] [14|20 ACKs]13:35:49  Sending 64 directed DeAuth (code 7). STMAC: [FF:FF:FF:FF:FF:FF] [14|21 ACKs]13:35:49  Sending 64 directed DeAuth (code 7). STMAC: [FF:FF:FF:FF:FF:FF] [14|22 ACKs]13:35:49  Sending 64 directed DeAuth (code 7). STMAC: [FF:FF:FF:FF:FF:FF] [14|23 ACKs]13:35:49  Sending 64 directed DeAuth (code 7). STMAC: [FF:FF:FF:FF:FF:FF] [14|24 ACKs]13:35:49  Sending 64 directed DeAuth (code 7). STMAC: [FF:FF:FF:FF:FF:FF] [14|25 ACKs]13:35:49  Sending 64 directed DeAuth (code 7). STMAC: [FF:FF:FF:FF:FF:FF] [14|26 ACKs]13:35:49  Sending 64 directed DeAuth (code 7). STMAC: [FF:FF:FF:FF:FF:FF] [14|27 ACKs]13:35:49  Sending 64 directed DeAuth (code 7). STMAC: [FF:FF:FF:FF:FF:FF] [14|28 ACKs]13:35:49  Sending 64 directed DeAuth (code 7). STMAC: [FF:FF:FF:FF:FF:FF] [14|29 ACKs]13:35:49  Sending 64 directed DeAuth (code 7). STMAC: [FF:FF:FF:FF:FF:FF] [14|30 ACKs]13:35:49  Sending 64 directed DeAuth (code 7). STMAC: [FF:FF:FF:FF:FF:FF] [14|31 ACKs]13:35:49  Sending 64 directed DeAuth (code 7). STMAC: [FF:FF:FF:FF:FF:FF] [14|32 ACKs]13:35:49  Sending 64 directed DeAuth (code 7). STMAC: [FF:FF:FF:FF:FF:FF] [14|33 ACKs]13:35:49  Sending 64 directed DeAuth (code 7). STMAC: [FF:FF:FF:FF:FF:FF] [14|34 ACKs]13:35:49  Sending 64 directed DeAuth (code 7). STMAC: [FF:FF:FF:FF:FF:FF] [14|35 ACKs]13:35:49  Sending 64 directed DeAuth (code 7). STMAC: [FF:FF:FF:FF:FF:FF] [14|36 ACKs]13:35:49  Sending 64 directed DeAuth (code 7). STMAC: [FF:FF:FF:FF:FF:FF] [15|36 ACKs]13:35:49  Sending 64 directed DeAuth (code 7). STMAC: [FF:FF:FF:FF:FF:FF] [15|37 ACKs]13:35:49  Sending 64 directed DeAuth (code 7). STMAC: [FF:FF:FF:FF:FF:FF] [15|38 ACKs]13:35:49  Sending 64 directed DeAuth (code 7). STMAC: [FF:FF:FF:FF:FF:FF] [15|39 ACKs]13:35:49  Sending 64 directed DeAuth (code 7). STMAC: [FF:FF:FF:FF:FF:FF] [15|40 ACKs]13:35:49  Sending 64 directed DeAuth (code 7). STMAC: [FF:FF:FF:FF:FF:FF] [15|41 ACKs]13:35:49  Sending 64 directed DeAuth (code 7). STMAC: [FF:FF:FF:FF:FF:FF] [15|42 ACKs]13:35:49  Sending 64 directed DeAuth (code 7). STMAC: [FF:FF:FF:FF:FF:FF] [15|43 ACKs]13:35:49  Sending 64 directed DeAuth (code 7). STMAC: [FF:FF:FF:FF:FF:FF] [15|44 ACKs]13:35:49  Sending 64 directed DeAuth (code 7). STMAC: [FF:FF:FF:FF:FF:FF] [15|45 ACKs]13:35:49  Sending 64 directed DeAuth (code 7). STMAC: [FF:FF:FF:FF:FF:FF] [15|46 ACKs]13:35:49  Sending 64 directed DeAuth (code 7). STMAC: [FF:FF:FF:FF:FF:FF] [15|47 ACKs]13:35:49  Sending 64 directed DeAuth (code 7). STMAC: [FF:FF:FF:FF:FF:FF] [15|48 ACKs]13:35:49  Sending 64 directed DeAuth (code 7). STMAC: [FF:FF:FF:FF:FF:FF] [15|49 ACKs]13:35:49  Sending 64 directed DeAuth (code 7). STMAC: [FF:FF:FF:FF:FF:FF] [15|50 ACKs]13:35:49  Sending 64 directed DeAuth (code 7). STMAC: [FF:FF:FF:FF:FF:FF] [15|51 ACKs]13:35:49  Sending 64 directed DeAuth (code 7). STMAC: [FF:FF:FF:FF:FF:FF] [15|52 ACKs]13:35:49  Sending 64 directed DeAuth (code 7). STMAC: [FF:FF:FF:FF:FF:FF] [15|53 ACKs]13:35:49  Sending 64 directed DeAuth (code 7). STMAC: [FF:FF:FF:FF:FF:FF] [15|54 ACKs]13:35:49  Sending 64 directed DeAuth (code 7). STMAC: [FF:FF:FF:FF:FF:FF] [15|55 ACKs]13:35:49  Sending 64 directed DeAuth (code 7). STMAC: [FF:FF:FF:FF:FF:FF] [15|56 ACKs]13:35:49  Sending 64 directed DeAuth (code 7). STMAC: [FF:FF:FF:FF:FF:FF] [15|57 ACKs]13:35:49  Sending 64 directed DeAuth (code 7). STMAC: [FF:FF:FF:FF:FF:FF] [15|58 ACKs]13:35:49  Sending 64 directed DeAuth (code 7). STMAC: [FF:FF:FF:FF:FF:FF] [15|59 ACKs]13:35:49  Sending 64 directed DeAuth (code 7). STMAC: [FF:FF:FF:FF:FF:FF] [15|60 ACKs]13:35:49  Sending 64 directed DeAuth (code 7). STMAC: [FF:FF:FF:FF:FF:FF] [15|61 ACKs]13:35:49  Sending 64 directed DeAuth (code 7). STMAC: [FF:FF:FF:FF:FF:FF] [15|62 ACKs]13:35:49  Sending 64 directed DeAuth (code 7). STMAC: [FF:FF:FF:FF:FF:FF] [15|63 ACKs]13:35:49  Sending 64 directed DeAuth (code 7). STMAC: [FF:FF:FF:FF:FF:FF] [15|64 ACKs]
13:35:49  Sending 64 directed DeAuth (code 7). STMAC: [FF:FF:FF:FF:FF:FF] [ 0| 0 ACKs]13:35:49  Sending 64 directed DeAuth (code 7). STMAC: [FF:FF:FF:FF:FF:FF] [ 0| 1 ACKs]13:35:49  Sending 64 directed DeAuth (code 7). STMAC: [FF:FF:FF:FF:FF:FF] [ 0| 2 ACKs]13:35:49  Sending 64 directed DeAuth (code 7). STMAC: [FF:FF:FF:FF:FF:FF] [ 0| 3 ACKs]13:35:49  Sending 64 directed DeAuth (code 7). STMAC: [FF:FF:FF:FF:FF:FF] [ 0| 4 ACKs]13:35:49  Sending 64 directed DeAuth (code 7). STMAC: [FF:FF:FF:FF:FF:FF] [ 0| 5 ACKs]13:35:49  Sending 64 directed DeAuth (code 7). STMAC: [FF:FF:FF:FF:FF:FF] [ 0| 6 ACKs]13:35:49  Sending 64 directed DeAuth (code 7). STMAC: [FF:FF:FF:FF:FF:FF] [ 0| 7 ACKs]13:35:49  Sending 64 directed DeAuth (code 7). STMAC: [FF:FF:FF:FF:FF:FF] [ 0| 8 ACKs]13:35:49  Sending 64 directed DeAuth (code 7). STMAC: [FF:FF:FF:FF:FF:FF] [ 0| 9 ACKs]13:35:49  Sending 64 directed DeAuth (code 7). STMAC: [FF:FF:FF:FF:FF:FF] [ 0|10 ACKs]13:35:49  Sending 64 directed DeAuth (code 7). STMAC: [FF:FF:FF:FF:FF:FF] [ 0|11 ACKs]13:35:49  Sending 64 directed DeAuth (code 7). STMAC: [FF:FF:FF:FF:FF:FF] [ 0|12 ACKs]13:35:49  Sending 64 directed DeAuth (code 7). STMAC: [FF:FF:FF:FF:FF:FF] [ 0|13 ACKs]13:35:49  Sending 64 directed DeAuth (code 7). STMAC: [FF:FF:FF:FF:FF:FF] [ 0|14 ACKs]13:35:49  Sending 64 directed DeAuth (code 7). STMAC: [FF:FF:FF:FF:FF:FF] [ 0|15 ACKs]13:35:49  Sending 64 directed DeAuth (code 7). STMAC: [FF:FF:FF:FF:FF:FF] [ 0|16 ACKs]13:35:49  Sending 64 directed DeAuth (code 7). STMAC: [FF:FF:FF:FF:FF:FF] [ 0|17 ACKs]13:35:49  Sending 64 directed DeAuth (code 7). STMAC: [FF:FF:FF:FF:FF:FF] [ 0|18 ACKs]13:35:49  Sending 64 directed DeAuth (code 7). STMAC: [FF:FF:FF:FF:FF:FF] [ 0|19 ACKs]13:35:49  Sending 64 directed DeAuth (code 7). STMAC: [FF:FF:FF:FF:FF:FF] [ 0|20 ACKs]13:35:49  Sending 64 directed DeAuth (code 7). STMAC: [FF:FF:FF:FF:FF:FF] [ 0|21 ACKs]13:35:49  Sending 64 directed DeAuth (code 7). STMAC: [FF:FF:FF:FF:FF:FF] [ 0|22 ACKs]13:35:49  Sending 64 directed DeAuth (code 7). STMAC: [FF:FF:FF:FF:FF:FF] [ 0|23 ACKs]13:35:49  Sending 64 directed DeAuth (code 7). STMAC: [FF:FF:FF:FF:FF:FF] [ 0|24 ACKs]13:35:49  Sending 64 directed DeAuth (code 7). STMAC: [FF:FF:FF:FF:FF:FF] [ 0|25 ACKs]13:35:50  Sending 64 directed DeAuth (code 7). STMAC: [FF:FF:FF:FF:FF:FF] [ 0|26 ACKs]13:35:50  Sending 64 directed DeAuth (code 7). STMAC: [FF:FF:FF:FF:FF:FF] [ 0|27 ACKs]13:35:50  Sending 64 directed DeAuth (code 7). STMAC: [FF:FF:FF:FF:FF:FF] [ 0|28 ACKs]13:35:50  Sending 64 directed DeAuth (code 7). STMAC: [FF:FF:FF:FF:FF:FF] [ 0|29 ACKs]13:35:50  Sending 64 directed DeAuth (code 7). STMAC: [FF:FF:FF:FF:FF:FF] [ 0|30 ACKs]13:35:50  Sending 64 directed DeAuth (code 7). STMAC: [FF:FF:FF:FF:FF:FF] [ 0|31 ACKs]13:35:50  Sending 64 directed DeAuth (code 7). STMAC: [FF:FF:FF:FF:FF:FF] [ 0|32 ACKs]13:35:50  Sending 64 directed DeAuth (code 7). STMAC: [FF:FF:FF:FF:FF:FF] [ 0|33 ACKs]13:35:50  Sending 64 directed DeAuth (code 7). STMAC: [FF:FF:FF:FF:FF:FF] [ 0|34 ACKs]13:35:50  Sending 64 directed DeAuth (code 7). STMAC: [FF:FF:FF:FF:FF:FF] [ 0|35 ACKs]13:35:50  Sending 64 directed DeAuth (code 7). STMAC: [FF:FF:FF:FF:FF:FF] [ 0|36 ACKs]13:35:50  Sending 64 directed DeAuth (code 7). STMAC: [FF:FF:FF:FF:FF:FF] [ 0|37 ACKs]13:35:50  Sending 64 directed DeAuth (code 7). STMAC: [FF:FF:FF:FF:FF:FF] [ 0|38 ACKs]13:35:50  Sending 64 directed DeAuth (code 7). STMAC: [FF:FF:FF:FF:FF:FF] [ 0|39 ACKs]13:35:50  Sending 64 directed DeAuth (code 7). STMAC: [FF:FF:FF:FF:FF:FF] [ 0|40 ACKs]13:35:50  Sending 64 directed DeAuth (code 7). STMAC: [FF:FF:FF:FF:FF:FF] [ 0|41 ACKs]13:35:50  Sending 64 directed DeAuth (code 7). STMAC: [FF:FF:FF:FF:FF:FF] [ 0|42 ACKs]13:35:50  Sending 64 directed DeAuth (code 7). STMAC: [FF:FF:FF:FF:FF:FF] [ 0|43 ACKs]13:35:50  Sending 64 directed DeAuth (code 7). STMAC: [FF:FF:FF:FF:FF:FF] [ 0|44 ACKs]13:35:50  Sending 64 directed DeAuth (code 7). STMAC: [FF:FF:FF:FF:FF:FF] [ 1|44 ACKs]13:35:50  Sending 64 directed DeAuth (code 7). STMAC: [FF:FF:FF:FF:FF:FF] [ 1|45 ACKs]13:35:50  Sending 64 directed DeAuth (code 7). STMAC: [FF:FF:FF:FF:FF:FF] [ 1|46 ACKs]13:35:50  Sending 64 directed DeAuth (code 7). STMAC: [FF:FF:FF:FF:FF:FF] [ 1|47 ACKs]13:35:50  Sending 64 directed DeAuth (code 7). STMAC: [FF:FF:FF:FF:FF:FF] [ 1|48 ACKs]13:35:50  Sending 64 directed DeAuth (code 7). STMAC: [FF:FF:FF:FF:FF:FF] [ 1|49 ACKs]13:35:50  Sending 64 directed DeAuth (code 7). STMAC: [FF:FF:FF:FF:FF:FF] [ 1|50 ACKs]13:35:50  Sending 64 directed DeAuth (code 7). STMAC: [FF:FF:FF:FF:FF:FF] [ 1|51 ACKs]13:35:50  Sending 64 directed DeAuth (code 7). STMAC: [FF:FF:FF:FF:FF:FF] [ 1|52 ACKs]13:35:50  Sending 64 directed DeAuth (code 7). STMAC: [FF:FF:FF:FF:FF:FF] [ 1|53 ACKs]13:35:50  Sending 64 directed DeAuth (code 7). STMAC: [FF:FF:FF:FF:FF:FF] [ 1|54 ACKs]13:35:50  Sending 64 directed DeAuth (code 7). STMAC: [FF:FF:FF:FF:FF:FF] [ 1|55 ACKs]13:35:50  Sending 64 directed DeAuth (code 7). STMAC: [FF:FF:FF:FF:FF:FF] [ 1|56 ACKs]13:35:50  Sending 64 directed DeAuth (code 7). STMAC: [FF:FF:FF:FF:FF:FF] [ 1|57 ACKs]13:35:50  Sending 64 directed DeAuth (code 7). STMAC: [FF:FF:FF:FF:FF:FF] [ 1|58 ACKs]13:35:50  Sending 64 directed DeAuth (code 7). STMAC: [FF:FF:FF:FF:FF:FF] [ 1|59 ACKs]13:35:50  Sending 64 directed DeAuth (code 7). STMAC: [FF:FF:FF:FF:FF:FF] [ 1|60 ACKs]13:35:50  Sending 64 directed DeAuth (code 7). STMAC: [FF:FF:FF:FF:FF:FF] [ 1|61 ACKs]13:35:50  Sending 64 directed DeAuth (code 7). STMAC: [FF:FF:FF:FF:FF:FF] [ 1|62 ACKs]13:35:50  Sending 64 directed DeAuth (code 7). STMAC: [FF:FF:FF:FF:FF:FF] [ 1|63 ACKs]13:35:50  Sending 64 directed DeAuth (code 7). STMAC: [FF:FF:FF:FF:FF:FF] [ 1|64 ACKs]
13:35:50  Sending 64 directed DeAuth (code 7). STMAC: [FF:FF:FF:FF:FF:FF] [ 0| 0 ACKs]13:35:50  Sending 64 directed DeAuth (code 7). STMAC: [FF:FF:FF:FF:FF:FF] [ 1| 0 ACKs]13:35:50  Sending 64 directed DeAuth (code 7). STMAC: [FF:FF:FF:FF:FF:FF] [ 1| 1 ACKs]13:35:50  Sending 64 directed DeAuth (code 7). STMAC: [FF:FF:FF:FF:FF:FF] [ 2| 1 ACKs]13:35:50  Sending 64 directed DeAuth (code 7). STMAC: [FF:FF:FF:FF:FF:FF] [ 2| 2 ACKs]13:35:50  Sending 64 directed DeAuth (code 7). STMAC: [FF:FF:FF:FF:FF:FF] [ 3| 2 ACKs]13:35:50  Sending 64 directed DeAuth (code 7). STMAC: [FF:FF:FF:FF:FF:FF] [ 3| 3 ACKs]13:35:50  Sending 64 directed DeAuth (code 7). STMAC: [FF:FF:FF:FF:FF:FF] [ 4| 3 ACKs]13:35:50  Sending 64 directed DeAuth (code 7). STMAC: [FF:FF:FF:FF:FF:FF] [ 4| 4 ACKs]13:35:50  Sending 64 directed DeAuth (code 7). STMAC: [FF:FF:FF:FF:FF:FF] [ 5| 4 ACKs]13:35:50  Sending 64 directed DeAuth (code 7). STMAC: [FF:FF:FF:FF:FF:FF] [ 5| 5 ACKs]13:35:50  Sending 64 directed DeAuth (code 7). STMAC: [FF:FF:FF:FF:FF:FF] [ 5| 6 ACKs]13:35:50  Sending 64 directed DeAuth (code 7). STMAC: [FF:FF:FF:FF:FF:FF] [ 6| 6 ACKs]13:35:50  Sending 64 directed DeAuth (code 7). STMAC: [FF:FF:FF:FF:FF:FF] [ 6| 7 ACKs]13:35:50  Sending 64 directed DeAuth (code 7). STMAC: [FF:FF:FF:FF:FF:FF] [ 7| 7 ACKs]13:35:50  Sending 64 directed DeAuth (code 7). STMAC: [FF:FF:FF:FF:FF:FF] [ 7| 8 ACKs]13:35:50  Sending 64 directed DeAuth (code 7). STMAC: [FF:FF:FF:FF:FF:FF] [ 7| 9 ACKs]13:35:50  Sending 64 directed DeAuth (code 7). STMAC: [FF:FF:FF:FF:FF:FF] [ 8| 9 ACKs]13:35:50  Sending 64 directed DeAuth (code 7). STMAC: [FF:FF:FF:FF:FF:FF] [ 8|10 ACKs]13:35:50  Sending 64 directed DeAuth (code 7). STMAC: [FF:FF:FF:FF:FF:FF] [ 9|10 ACKs]13:35:50  Sending 64 directed DeAuth (code 7). STMAC: [FF:FF:FF:FF:FF:FF] [ 9|11 ACKs]13:35:50  Sending 64 directed DeAuth (code 7). STMAC: [FF:FF:FF:FF:FF:FF] [10|11 ACKs]13:35:50  Sending 64 directed DeAuth (code 7). STMAC: [FF:FF:FF:FF:FF:FF] [10|12 ACKs]13:35:50  Sending 64 directed DeAuth (code 7). STMAC: [FF:FF:FF:FF:FF:FF] [11|12 ACKs]13:35:50  Sending 64 directed DeAuth (code 7). STMAC: [FF:FF:FF:FF:FF:FF] [11|13 ACKs]13:35:50  Sending 64 directed DeAuth (code 7). STMAC: [FF:FF:FF:FF:FF:FF] [12|13 ACKs]13:35:50  Sending 64 directed DeAuth (code 7). STMAC: [FF:FF:FF:FF:FF:FF] [12|14 ACKs]13:35:50  Sending 64 directed DeAuth (code 7). STMAC: [FF:FF:FF:FF:FF:FF] [13|14 ACKs]13:35:50  Sending 64 directed DeAuth (code 7). STMAC: [FF:FF:FF:FF:FF:FF] [13|15 ACKs]13:35:50  Sending 64 directed DeAuth (code 7). STMAC: [FF:FF:FF:FF:FF:FF] [14|15 ACKs]13:35:50  Sending 64 directed DeAuth (code 7). STMAC: [FF:FF:FF:FF:FF:FF] [14|16 ACKs]13:35:50  Sending 64 directed DeAuth (code 7). STMAC: [FF:FF:FF:FF:FF:FF] [15|16 ACKs]13:35:50  Sending 64 directed DeAuth (code 7). STMAC: [FF:FF:FF:FF:FF:FF] [15|17 ACKs]13:35:50  Sending 64 directed DeAuth (code 7). STMAC: [FF:FF:FF:FF:FF:FF] [16|17 ACKs]13:35:50  Sending 64 directed DeAuth (code 7). STMAC: [FF:FF:FF:FF:FF:FF] [16|18 ACKs]13:35:50  Sending 64 directed DeAuth (code 7). STMAC: [FF:FF:FF:FF:FF:FF] [16|19 ACKs]13:35:50  Sending 64 directed DeAuth (code 7). STMAC: [FF:FF:FF:FF:FF:FF] [16|20 ACKs]13:35:50  Sending 64 directed DeAuth (code 7). STMAC: [FF:FF:FF:FF:FF:FF] [16|21 ACKs]13:35:50  Sending 64 directed DeAuth (code 7). STMAC: [FF:FF:FF:FF:FF:FF] [16|22 ACKs]13:35:50  Sending 64 directed DeAuth (code 7). STMAC: [FF:FF:FF:FF:FF:FF] [16|23 ACKs]13:35:50  Sending 64 directed DeAuth (code 7). STMAC: [FF:FF:FF:FF:FF:FF] [16|24 ACKs]13:35:50  Sending 64 directed DeAuth (code 7). STMAC: [FF:FF:FF:FF:FF:FF] [16|25 ACKs]13:35:50  Sending 64 directed DeAuth (code 7). STMAC: [FF:FF:FF:FF:FF:FF] [16|26 ACKs]13:35:50  Sending 64 directed DeAuth (code 7). STMAC: [FF:FF:FF:FF:FF:FF] [16|27 ACKs]13:35:50  Sending 64 directed DeAuth (code 7). STMAC: [FF:FF:FF:FF:FF:FF] [16|28 ACKs]13:35:50  Sending 64 directed DeAuth (code 7). STMAC: [FF:FF:FF:FF:FF:FF] [16|29 ACKs]13:35:50  Sending 64 directed DeAuth (code 7). STMAC: [FF:FF:FF:FF:FF:FF] [16|30 ACKs]13:35:50  Sending 64 directed DeAuth (code 7). STMAC: [FF:FF:FF:FF:FF:FF] [16|31 ACKs]13:35:50  Sending 64 directed DeAuth (code 7). STMAC: [FF:FF:FF:FF:FF:FF] [16|32 ACKs]13:35:50  Sending 64 directed DeAuth (code 7). STMAC: [FF:FF:FF:FF:FF:FF] [16|33 ACKs]13:35:50  Sending 64 directed DeAuth (code 7). STMAC: [FF:FF:FF:FF:FF:FF] [16|34 ACKs]13:35:50  Sending 64 directed DeAuth (code 7). STMAC: [FF:FF:FF:FF:FF:FF] [16|35 ACKs]13:35:50  Sending 64 directed DeAuth (code 7). STMAC: [FF:FF:FF:FF:FF:FF] [16|36 ACKs]13:35:50  Sending 64 directed DeAuth (code 7). STMAC: [FF:FF:FF:FF:FF:FF] [16|37 ACKs]13:35:50  Sending 64 directed DeAuth (code 7). STMAC: [FF:FF:FF:FF:FF:FF] [16|38 ACKs]13:35:50  Sending 64 directed DeAuth (code 7). STMAC: [FF:FF:FF:FF:FF:FF] [16|39 ACKs]13:35:50  Sending 64 directed DeAuth (code 7). STMAC: [FF:FF:FF:FF:FF:FF] [16|40 ACKs]13:35:50  Sending 64 directed DeAuth (code 7). STMAC: [FF:FF:FF:FF:FF:FF] [16|41 ACKs]13:35:50  Sending 64 directed DeAuth (code 7). STMAC: [FF:FF:FF:FF:FF:FF] [16|42 ACKs]13:35:50  Sending 64 directed DeAuth (code 7). STMAC: [FF:FF:FF:FF:FF:FF] [16|43 ACKs]13:35:50  Sending 64 directed DeAuth (code 7). STMAC: [FF:FF:FF:FF:FF:FF] [16|44 ACKs]13:35:50  Sending 64 directed DeAuth (code 7). STMAC: [FF:FF:FF:FF:FF:FF] [16|45 ACKs]13:35:50  Sending 64 directed DeAuth (code 7). STMAC: [FF:FF:FF:FF:FF:FF] [16|46 ACKs]13:35:50  Sending 64 directed DeAuth (code 7). STMAC: [FF:FF:FF:FF:FF:FF] [16|47 ACKs]13:35:50  Sending 64 directed DeAuth (code 7). STMAC: [FF:FF:FF:FF:FF:FF] [16|48 ACKs]13:35:50  Sending 64 directed DeAuth (code 7). STMAC: [FF:FF:FF:FF:FF:FF] [16|49 ACKs]13:35:50  Sending 64 directed DeAuth (code 7). STMAC: [FF:FF:FF:FF:FF:FF] [16|50 ACKs]13:35:50  Sending 64 directed DeAuth (code 7). STMAC: [FF:FF:FF:FF:FF:FF] [16|51 ACKs]13:35:50  Sending 64 directed DeAuth (code 7). STMAC: [FF:FF:FF:FF:FF:FF] [17|51 ACKs]13:35:50  Sending 64 directed DeAuth (code 7). STMAC: [FF:FF:FF:FF:FF:FF] [17|52 ACKs]13:35:50  Sending 64 directed DeAuth (code 7). STMAC: [FF:FF:FF:FF:FF:FF] [18|52 ACKs]13:35:50  Sending 64 directed DeAuth (code 7). STMAC: [FF:FF:FF:FF:FF:FF] [18|53 ACKs]13:35:50  Sending 64 directed DeAuth (code 7). STMAC: [FF:FF:FF:FF:FF:FF] [19|53 ACKs]13:35:50  Sending 64 directed DeAuth (code 7). STMAC: [FF:FF:FF:FF:FF:FF] [19|54 ACKs]13:35:50  Sending 64 directed DeAuth (code 7). STMAC: [FF:FF:FF:FF:FF:FF] [20|54 ACKs]13:35:50  Sending 64 directed DeAuth (code 7). STMAC: [FF:FF:FF:FF:FF:FF] [20|55 ACKs]13:35:50  Sending 64 directed DeAuth (code 7). STMAC: [FF:FF:FF:FF:FF:FF] [20|56 ACKs]13:35:50  Sending 64 directed DeAuth (code 7). STMAC: [FF:FF:FF:FF:FF:FF] [21|56 ACKs]13:35:50  Sending 64 directed DeAuth (code 7). STMAC: [FF:FF:FF:FF:FF:FF] [21|57 ACKs]13:35:50  Sending 64 directed DeAuth (code 7). STMAC: [FF:FF:FF:FF:FF:FF] [22|57 ACKs]13:35:50  Sending 64 directed DeAuth (code 7). STMAC: [FF:FF:FF:FF:FF:FF] [22|58 ACKs]13:35:50  Sending 64 directed DeAuth (code 7). STMAC: [FF:FF:FF:FF:FF:FF] [23|58 ACKs]13:35:50  Sending 64 directed DeAuth (code 7). STMAC: [FF:FF:FF:FF:FF:FF] [23|59 ACKs]13:35:50  Sending 64 directed DeAuth (code 7). STMAC: [FF:FF:FF:FF:FF:FF] [24|59 ACKs]13:35:50  Sending 64 directed DeAuth (code 7). STMAC: [FF:FF:FF:FF:FF:FF] [24|60 ACKs]13:35:50  Sending 64 directed DeAuth (code 7). STMAC: [FF:FF:FF:FF:FF:FF] [25|60 ACKs]13:35:50  Sending 64 directed DeAuth (code 7). STMAC: [FF:FF:FF:FF:FF:FF] [25|61 ACKs]13:35:50  Sending 64 directed DeAuth (code 7). STMAC: [FF:FF:FF:FF:FF:FF] [26|61 ACKs]13:35:50  Sending 64 directed DeAuth (code 7). STMAC: [FF:FF:FF:FF:FF:FF] [26|62 ACKs]13:35:50  Sending 64 directed DeAuth (code 7). STMAC: [FF:FF:FF:FF:FF:FF] [27|62 ACKs]13:35:50  Sending 64 directed DeAuth (code 7). STMAC: [FF:FF:FF:FF:FF:FF] [27|63 ACKs]13:35:50  Sending 64 directed DeAuth (code 7). STMAC: [FF:FF:FF:FF:FF:FF] [28|63 ACKs]13:35:50  Sending 64 directed DeAuth (code 7). STMAC: [FF:FF:FF:FF:FF:FF] [28|64 ACKs]
13:35:50  Sending 64 directed DeAuth (code 7). STMAC: [FF:FF:FF:FF:FF:FF] [ 0| 0 ACKs]13:35:50  Sending 64 directed DeAuth (code 7). STMAC: [FF:FF:FF:FF:FF:FF] [ 0| 0 ACKs]13:35:50  Sending 64 directed DeAuth (code 7). STMAC: [FF:FF:FF:FF:FF:FF] [ 1| 0 ACKs]13:35:50  Sending 64 directed DeAuth (code 7). STMAC: [FF:FF:FF:FF:FF:FF] [ 1| 1 ACKs]13:35:50  Sending 64 directed DeAuth (code 7). STMAC: [FF:FF:FF:FF:FF:FF] [ 2| 1 ACKs]13:35:50  Sending 64 directed DeAuth (code 7). STMAC: [FF:FF:FF:FF:FF:FF] [ 2| 2 ACKs]13:35:50  Sending 64 directed DeAuth (code 7). STMAC: [FF:FF:FF:FF:FF:FF] [ 3| 2 ACKs]13:35:50  Sending 64 directed DeAuth (code 7). STMAC: [FF:FF:FF:FF:FF:FF] [ 3| 2 ACKs]13:35:50  Sending 64 directed DeAuth (code 7). STMAC: [FF:FF:FF:FF:FF:FF] [ 3| 2 ACKs]13:35:50  Sending 64 directed DeAuth (code 7). STMAC: [FF:FF:FF:FF:FF:FF] [ 3| 3 ACKs]13:35:51  Sending 64 directed DeAuth (code 7). STMAC: [FF:FF:FF:FF:FF:FF] [ 3| 4 ACKs]13:35:51  Sending 64 directed DeAuth (code 7). STMAC: [FF:FF:FF:FF:FF:FF] [ 3| 5 ACKs]13:35:51  Sending 64 directed DeAuth (code 7). STMAC: [FF:FF:FF:FF:FF:FF] [ 3| 6 ACKs]13:35:51  Sending 64 directed DeAuth (code 7). STMAC: [FF:FF:FF:FF:FF:FF] [ 3| 7 ACKs]13:35:51  Sending 64 directed DeAuth (code 7). STMAC: [FF:FF:FF:FF:FF:FF] [ 3| 8 ACKs]13:35:51  Sending 64 directed DeAuth (code 7). STMAC: [FF:FF:FF:FF:FF:FF] [ 3| 9 ACKs]13:35:51  Sending 64 directed DeAuth (code 7). STMAC: [FF:FF:FF:FF:FF:FF] [ 3|10 ACKs]13:35:51  Sending 64 directed DeAuth (code 7). STMAC: [FF:FF:FF:FF:FF:FF] [ 3|11 ACKs]13:35:51  Sending 64 directed DeAuth (code 7). STMAC: [FF:FF:FF:FF:FF:FF] [ 3|12 ACKs]13:35:51  Sending 64 directed DeAuth (code 7). STMAC: [FF:FF:FF:FF:FF:FF] [ 3|13 ACKs]13:35:51  Sending 64 directed DeAuth (code 7). STMAC: [FF:FF:FF:FF:FF:FF] [ 3|14 ACKs]13:35:51  Sending 64 directed DeAuth (code 7). STMAC: [FF:FF:FF:FF:FF:FF] [ 3|15 ACKs]13:35:51  Sending 64 directed DeAuth (code 7). STMAC: [FF:FF:FF:FF:FF:FF] [ 3|16 ACKs]13:35:51  Sending 64 directed DeAuth (code 7). STMAC: [FF:FF:FF:FF:FF:FF] [ 3|17 ACKs]13:35:51  Sending 64 directed DeAuth (code 7). STMAC: [FF:FF:FF:FF:FF:FF] [ 3|18 ACKs]13:35:51  Sending 64 directed DeAuth (code 7). STMAC: [FF:FF:FF:FF:FF:FF] [ 3|19 ACKs]13:35:51  Sending 64 directed DeAuth (code 7). STMAC: [FF:FF:FF:FF:FF:FF] [ 3|20 ACKs]13:35:51  Sending 64 directed DeAuth (code 7). STMAC: [FF:FF:FF:FF:FF:FF] [ 3|21 ACKs]13:35:51  Sending 64 directed DeAuth (code 7). STMAC: [FF:FF:FF:FF:FF:FF] [ 3|22 ACKs]13:35:51  Sending 64 directed DeAuth (code 7). STMAC: [FF:FF:FF:FF:FF:FF] [ 3|23 ACKs]13:35:51  Sending 64 directed DeAuth (code 7). STMAC: [FF:FF:FF:FF:FF:FF] [ 3|24 ACKs]13:35:51  Sending 64 directed DeAuth (code 7). STMAC: [FF:FF:FF:FF:FF:FF] [ 3|25 ACKs]13:35:51  Sending 64 directed DeAuth (code 7). STMAC: [FF:FF:FF:FF:FF:FF] [ 3|26 ACKs]13:35:51  Sending 64 directed DeAuth (code 7). STMAC: [FF:FF:FF:FF:FF:FF] [ 3|27 ACKs]13:35:51  Sending 64 directed DeAuth (code 7). STMAC: [FF:FF:FF:FF:FF:FF] [ 3|28 ACKs]13:35:51  Sending 64 directed DeAuth (code 7). STMAC: [FF:FF:FF:FF:FF:FF] [ 3|29 ACKs]13:35:51  Sending 64 directed DeAuth (code 7). STMAC: [FF:FF:FF:FF:FF:FF] [ 3|30 ACKs]13:35:51  Sending 64 directed DeAuth (code 7). STMAC: [FF:FF:FF:FF:FF:FF] [ 3|31 ACKs]13:35:51  Sending 64 directed DeAuth (code 7). STMAC: [FF:FF:FF:FF:FF:FF] [ 3|32 ACKs]13:35:51  Sending 64 directed DeAuth (code 7). STMAC: [FF:FF:FF:FF:FF:FF] [ 3|33 ACKs]13:35:51  Sending 64 directed DeAuth (code 7). STMAC: [FF:FF:FF:FF:FF:FF] [ 3|34 ACKs]13:35:51  Sending 64 directed DeAuth (code 7). STMAC: [FF:FF:FF:FF:FF:FF] [ 3|35 ACKs]13:35:51  Sending 64 directed DeAuth (code 7). STMAC: [FF:FF:FF:FF:FF:FF] [ 3|36 ACKs]13:35:51  Sending 64 directed DeAuth (code 7). STMAC: [FF:FF:FF:FF:FF:FF] [ 3|37 ACKs]13:35:51  Sending 64 directed DeAuth (code 7). STMAC: [FF:FF:FF:FF:FF:FF] [ 3|38 ACKs]13:35:51  Sending 64 directed DeAuth (code 7). STMAC: [FF:FF:FF:FF:FF:FF] [ 3|39 ACKs]13:35:51  Sending 64 directed DeAuth (code 7). STMAC: [FF:FF:FF:FF:FF:FF] [ 3|40 ACKs]13:35:51  Sending 64 directed DeAuth (code 7). STMAC: [FF:FF:FF:FF:FF:FF] [ 3|41 ACKs]13:35:51  Sending 64 directed DeAuth (code 7). STMAC: [FF:FF:FF:FF:FF:FF] [ 3|42 ACKs]13:35:51  Sending 64 directed DeAuth (code 7). STMAC: [FF:FF:FF:FF:FF:FF] [ 3|43 ACKs]13:35:51  Sending 64 directed DeAuth (code 7). STMAC: [FF:FF:FF:FF:FF:FF] [ 3|44 ACKs]13:35:51  Sending 64 directed DeAuth (code 7). STMAC: [FF:FF:FF:FF:FF:FF] [ 3|45 ACKs]13:35:51  Sending 64 directed DeAuth (code 7). STMAC: [FF:FF:FF:FF:FF:FF] [ 3|46 ACKs]13:35:51  Sending 64 directed DeAuth (code 7). STMAC: [FF:FF:FF:FF:FF:FF] [ 3|47 ACKs]13:35:51  Sending 64 directed DeAuth (code 7). STMAC: [FF:FF:FF:FF:FF:FF] [ 3|48 ACKs]13:35:51  Sending 64 directed DeAuth (code 7). STMAC: [FF:FF:FF:FF:FF:FF] [ 3|49 ACKs]13:35:51  Sending 64 directed DeAuth (code 7). STMAC: [FF:FF:FF:FF:FF:FF] [ 3|50 ACKs]13:35:51  Sending 64 directed DeAuth (code 7). STMAC: [FF:FF:FF:FF:FF:FF] [ 3|51 ACKs]13:35:51  Sending 64 directed DeAuth (code 7). STMAC: [FF:FF:FF:FF:FF:FF] [ 3|52 ACKs]13:35:51  Sending 64 directed DeAuth (code 7). STMAC: [FF:FF:FF:FF:FF:FF] [ 3|53 ACKs]13:35:51  Sending 64 directed DeAuth (code 7). STMAC: [FF:FF:FF:FF:FF:FF] [ 3|54 ACKs]13:35:51  Sending 64 directed DeAuth (code 7). STMAC: [FF:FF:FF:FF:FF:FF] [ 3|55 ACKs]13:35:51  Sending 64 directed DeAuth (code 7). STMAC: [FF:FF:FF:FF:FF:FF] [ 3|56 ACKs]13:35:51  Sending 64 directed DeAuth (code 7). STMAC: [FF:FF:FF:FF:FF:FF] [ 3|57 ACKs]13:35:51  Sending 64 directed DeAuth (code 7). STMAC: [FF:FF:FF:FF:FF:FF] [ 3|58 ACKs]13:35:51  Sending 64 directed DeAuth (code 7). STMAC: [FF:FF:FF:FF:FF:FF] [ 3|59 ACKs]13:35:51  Sending 64 directed DeAuth (code 7). STMAC: [FF:FF:FF:FF:FF:FF] [ 4|59 ACKs]13:35:51  Sending 64 directed DeAuth (code 7). STMAC: [FF:FF:FF:FF:FF:FF] [ 4|60 ACKs]13:35:51  Sending 64 directed DeAuth (code 7). STMAC: [FF:FF:FF:FF:FF:FF] [ 5|60 ACKs]13:35:51  Sending 64 directed DeAuth (code 7). STMAC: [FF:FF:FF:FF:FF:FF] [ 5|61 ACKs]13:35:51  Sending 64 directed DeAuth (code 7). STMAC: [FF:FF:FF:FF:FF:FF] [ 5|62 ACKs]13:35:51  Sending 64 directed DeAuth (code 7). STMAC: [FF:FF:FF:FF:FF:FF] [ 5|63 ACKs]13:35:51  Sending 64 directed DeAuth (code 7). STMAC: [FF:FF:FF:FF:FF:FF] [ 5|64 ACKs]
13:35:51  Sending 64 directed DeAuth (code 7). STMAC: [FF:FF:FF:FF:FF:FF] [ 0| 0 ACKs]13:35:51  Sending 64 directed DeAuth (code 7). STMAC: [FF:FF:FF:FF:FF:FF] [ 0| 1 ACKs]13:35:51  Sending 64 directed DeAuth (code 7). STMAC: [FF:FF:FF:FF:FF:FF] [ 0| 2 ACKs]13:35:51  Sending 64 directed DeAuth (code 7). STMAC: [FF:FF:FF:FF:FF:FF] [ 0| 3 ACKs]13:35:51  Sending 64 directed DeAuth (code 7). STMAC: [FF:FF:FF:FF:FF:FF] [ 0| 4 ACKs]13:35:51  Sending 64 directed DeAuth (code 7). STMAC: [FF:FF:FF:FF:FF:FF] [ 0| 5 ACKs]13:35:51  Sending 64 directed DeAuth (code 7). STMAC: [FF:FF:FF:FF:FF:FF] [ 0| 6 ACKs]13:35:51  Sending 64 directed DeAuth (code 7). STMAC: [FF:FF:FF:FF:FF:FF] [ 0| 7 ACKs]13:35:51  Sending 64 directed DeAuth (code 7). STMAC: [FF:FF:FF:FF:FF:FF] [ 0| 8 ACKs]13:35:51  Sending 64 directed DeAuth (code 7). STMAC: [FF:FF:FF:FF:FF:FF] [ 0| 9 ACKs]13:35:51  Sending 64 directed DeAuth (code 7). STMAC: [FF:FF:FF:FF:FF:FF] [ 0|10 ACKs]13:35:51  Sending 64 directed DeAuth (code 7). STMAC: [FF:FF:FF:FF:FF:FF] [ 0|11 ACKs]13:35:51  Sending 64 directed DeAuth (code 7). STMAC: [FF:FF:FF:FF:FF:FF] [ 0|12 ACKs]13:35:51  Sending 64 directed DeAuth (code 7). STMAC: [FF:FF:FF:FF:FF:FF] [ 0|13 ACKs]13:35:51  Sending 64 directed DeAuth (code 7). STMAC: [FF:FF:FF:FF:FF:FF] [ 0|14 ACKs]13:35:51  Sending 64 directed DeAuth (code 7). STMAC: [FF:FF:FF:FF:FF:FF] [ 0|15 ACKs]13:35:51  Sending 64 directed DeAuth (code 7). STMAC: [FF:FF:FF:FF:FF:FF] [ 0|16 ACKs]13:35:51  Sending 64 directed DeAuth (code 7). STMAC: [FF:FF:FF:FF:FF:FF] [ 1|16 ACKs]13:35:51  Sending 64 directed DeAuth (code 7). STMAC: [FF:FF:FF:FF:FF:FF] [ 1|17 ACKs]13:35:51  Sending 64 directed DeAuth (code 7). STMAC: [FF:FF:FF:FF:FF:FF] [ 2|17 ACKs]13:35:51  Sending 64 directed DeAuth (code 7). STMAC: [FF:FF:FF:FF:FF:FF] [ 2|18 ACKs]13:35:51  Sending 64 directed DeAuth (code 7). STMAC: [FF:FF:FF:FF:FF:FF] [ 3|18 ACKs]13:35:51  Sending 64 directed DeAuth (code 7). STMAC: [FF:FF:FF:FF:FF:FF] [ 3|19 ACKs]13:35:51  Sending 64 directed DeAuth (code 7). STMAC: [FF:FF:FF:FF:FF:FF] [ 3|20 ACKs]13:35:51  Sending 64 directed DeAuth (code 7). STMAC: [FF:FF:FF:FF:FF:FF] [ 4|20 ACKs]13:35:51  Sending 64 directed DeAuth (code 7). STMAC: [FF:FF:FF:FF:FF:FF] [ 4|21 ACKs]13:35:51  Sending 64 directed DeAuth (code 7). STMAC: [FF:FF:FF:FF:FF:FF] [ 5|21 ACKs]13:35:51  Sending 64 directed DeAuth (code 7). STMAC: [FF:FF:FF:FF:FF:FF] [ 5|22 ACKs]13:35:51  Sending 64 directed DeAuth (code 7). STMAC: [FF:FF:FF:FF:FF:FF] [ 5|23 ACKs]13:35:51  Sending 64 directed DeAuth (code 7). STMAC: [FF:FF:FF:FF:FF:FF] [ 6|23 ACKs]13:35:51  Sending 64 directed DeAuth (code 7). STMAC: [FF:FF:FF:FF:FF:FF] [ 6|24 ACKs]13:35:51  Sending 64 directed DeAuth (code 7). STMAC: [FF:FF:FF:FF:FF:FF] [ 7|24 ACKs]13:35:51  Sending 64 directed DeAuth (code 7). STMAC: [FF:FF:FF:FF:FF:FF] [ 7|25 ACKs]13:35:51  Sending 64 directed DeAuth (code 7). STMAC: [FF:FF:FF:FF:FF:FF] [ 8|25 ACKs]13:35:51  Sending 64 directed DeAuth (code 7). STMAC: [FF:FF:FF:FF:FF:FF] [ 8|26 ACKs]13:35:51  Sending 64 directed DeAuth (code 7). STMAC: [FF:FF:FF:FF:FF:FF] [ 9|26 ACKs]13:35:51  Sending 64 directed DeAuth (code 7). STMAC: [FF:FF:FF:FF:FF:FF] [ 9|27 ACKs]13:35:51  Sending 64 directed DeAuth (code 7). STMAC: [FF:FF:FF:FF:FF:FF] [10|27 ACKs]13:35:51  Sending 64 directed DeAuth (code 7). STMAC: [FF:FF:FF:FF:FF:FF] [10|28 ACKs]13:35:51  Sending 64 directed DeAuth (code 7). STMAC: [FF:FF:FF:FF:FF:FF] [11|28 ACKs]13:35:51  Sending 64 directed DeAuth (code 7). STMAC: [FF:FF:FF:FF:FF:FF] [11|29 ACKs]13:35:51  Sending 64 directed DeAuth (code 7). STMAC: [FF:FF:FF:FF:FF:FF] [11|30 ACKs]13:35:51  Sending 64 directed DeAuth (code 7). STMAC: [FF:FF:FF:FF:FF:FF] [11|31 ACKs]13:35:51  Sending 64 directed DeAuth (code 7). STMAC: [FF:FF:FF:FF:FF:FF] [12|31 ACKs]13:35:51  Sending 64 directed DeAuth (code 7). STMAC: [FF:FF:FF:FF:FF:FF] [12|32 ACKs]13:35:51  Sending 64 directed DeAuth (code 7). STMAC: [FF:FF:FF:FF:FF:FF] [13|32 ACKs]13:35:51  Sending 64 directed DeAuth (code 7). STMAC: [FF:FF:FF:FF:FF:FF] [13|33 ACKs]13:35:51  Sending 64 directed DeAuth (code 7). STMAC: [FF:FF:FF:FF:FF:FF] [14|33 ACKs]13:35:51  Sending 64 directed DeAuth (code 7). STMAC: [FF:FF:FF:FF:FF:FF] [14|34 ACKs]13:35:51  Sending 64 directed DeAuth (code 7). STMAC: [FF:FF:FF:FF:FF:FF] [14|35 ACKs]13:35:51  Sending 64 directed DeAuth (code 7). STMAC: [FF:FF:FF:FF:FF:FF] [14|36 ACKs]13:35:51  Sending 64 directed DeAuth (code 7). STMAC: [FF:FF:FF:FF:FF:FF] [14|37 ACKs]13:35:51  Sending 64 directed DeAuth (code 7). STMAC: [FF:FF:FF:FF:FF:FF] [14|38 ACKs]13:35:51  Sending 64 directed DeAuth (code 7). STMAC: [FF:FF:FF:FF:FF:FF] [14|39 ACKs]13:35:51  Sending 64 directed DeAuth (code 7). STMAC: [FF:FF:FF:FF:FF:FF] [14|40 ACKs]13:35:51  Sending 64 directed DeAuth (code 7). STMAC: [FF:FF:FF:FF:FF:FF] [14|41 ACKs]13:35:51  Sending 64 directed DeAuth (code 7). STMAC: [FF:FF:FF:FF:FF:FF] [14|42 ACKs]13:35:51  Sending 64 directed DeAuth (code 7). STMAC: [FF:FF:FF:FF:FF:FF] [14|43 ACKs]13:35:51  Sending 64 directed DeAuth (code 7). STMAC: [FF:FF:FF:FF:FF:FF] [14|44 ACKs]13:35:51  Sending 64 directed DeAuth (code 7). STMAC: [FF:FF:FF:FF:FF:FF] [14|45 ACKs]13:35:51  Sending 64 directed DeAuth (code 7). STMAC: [FF:FF:FF:FF:FF:FF] [14|46 ACKs]13:35:51  Sending 64 directed DeAuth (code 7). STMAC: [FF:FF:FF:FF:FF:FF] [14|47 ACKs]13:35:51  Sending 64 directed DeAuth (code 7). STMAC: [FF:FF:FF:FF:FF:FF] [14|48 ACKs]13:35:51  Sending 64 directed DeAuth (code 7). STMAC: [FF:FF:FF:FF:FF:FF] [14|49 ACKs]13:35:51  Sending 64 directed DeAuth (code 7). STMAC: [FF:FF:FF:FF:FF:FF] [14|50 ACKs]13:35:51  Sending 64 directed DeAuth (code 7). STMAC: [FF:FF:FF:FF:FF:FF] [14|51 ACKs]13:35:51  Sending 64 directed DeAuth (code 7). STMAC: [FF:FF:FF:FF:FF:FF] [14|52 ACKs]13:35:51  Sending 64 directed DeAuth (code 7). STMAC: [FF:FF:FF:FF:FF:FF] [14|53 ACKs]13:35:51  Sending 64 directed DeAuth (code 7). STMAC: [FF:FF:FF:FF:FF:FF] [14|54 ACKs]13:35:51  Sending 64 directed DeAuth (code 7). STMAC: [FF:FF:FF:FF:FF:FF] [14|55 ACKs]13:35:51  Sending 64 directed DeAuth (code 7). STMAC: [FF:FF:FF:FF:FF:FF] [14|56 ACKs]13:35:51  Sending 64 directed DeAuth (code 7). STMAC: [FF:FF:FF:FF:FF:FF] [14|57 ACKs]13:35:51  Sending 64 directed DeAuth (code 7). STMAC: [FF:FF:FF:FF:FF:FF] [14|58 ACKs]13:35:51  Sending 64 directed DeAuth (code 7). STMAC: [FF:FF:FF:FF:FF:FF] [14|59 ACKs]13:35:51  Sending 64 directed DeAuth (code 7). STMAC: [FF:FF:FF:FF:FF:FF] [14|60 ACKs]13:35:51  Sending 64 directed DeAuth (code 7). STMAC: [FF:FF:FF:FF:FF:FF] [14|61 ACKs]13:35:51  Sending 64 directed DeAuth (code 7). STMAC: [FF:FF:FF:FF:FF:FF] [14|62 ACKs]13:35:51  Sending 64 directed DeAuth (code 7). STMAC: [FF:FF:FF:FF:FF:FF] [14|63 ACKs]13:35:51  Sending 64 directed DeAuth (code 7). STMAC: [FF:FF:FF:FF:FF:FF] [14|64 ACKs]
13:35:52  Sending 64 directed DeAuth (code 7). STMAC: [FF:FF:FF:FF:FF:FF] [ 0| 0 ACKs]13:35:52  Sending 64 directed DeAuth (code 7). STMAC: [FF:FF:FF:FF:FF:FF] [ 0| 1 ACKs]13:35:52  Sending 64 directed DeAuth (code 7). STMAC: [FF:FF:FF:FF:FF:FF] [ 0| 2 ACKs]13:35:52  Sending 64 directed DeAuth (code 7). STMAC: [FF:FF:FF:FF:FF:FF] [ 0| 3 ACKs]13:35:52  Sending 64 directed DeAuth (code 7). STMAC: [FF:FF:FF:FF:FF:FF] [ 0| 4 ACKs]13:35:52  Sending 64 directed DeAuth (code 7). STMAC: [FF:FF:FF:FF:FF:FF] [ 0| 5 ACKs]13:35:52  Sending 64 directed DeAuth (code 7). STMAC: [FF:FF:FF:FF:FF:FF] [ 0| 6 ACKs]13:35:52  Sending 64 directed DeAuth (code 7). STMAC: [FF:FF:FF:FF:FF:FF] [ 0| 7 ACKs]13:35:52  Sending 64 directed DeAuth (code 7). STMAC: [FF:FF:FF:FF:FF:FF] [ 0| 8 ACKs]13:35:52  Sending 64 directed DeAuth (code 7). STMAC: [FF:FF:FF:FF:FF:FF] [ 0| 9 ACKs]13:35:52  Sending 64 directed DeAuth (code 7). STMAC: [FF:FF:FF:FF:FF:FF] [ 0|10 ACKs]13:35:52  Sending 64 directed DeAuth (code 7). STMAC: [FF:FF:FF:FF:FF:FF] [ 0|11 ACKs]13:35:52  Sending 64 directed DeAuth (code 7). STMAC: [FF:FF:FF:FF:FF:FF] [ 0|12 ACKs]13:35:52  Sending 64 directed DeAuth (code 7). STMAC: [FF:FF:FF:FF:FF:FF] [ 0|13 ACKs]13:35:52  Sending 64 directed DeAuth (code 7). STMAC: [FF:FF:FF:FF:FF:FF] [ 0|14 ACKs]13:35:52  Sending 64 directed DeAuth (code 7). STMAC: [FF:FF:FF:FF:FF:FF] [ 0|15 ACKs]13:35:52  Sending 64 directed DeAuth (code 7). STMAC: [FF:FF:FF:FF:FF:FF] [ 0|16 ACKs]13:35:52  Sending 64 directed DeAuth (code 7). STMAC: [FF:FF:FF:FF:FF:FF] [ 0|17 ACKs]13:35:52  Sending 64 directed DeAuth (code 7). STMAC: [FF:FF:FF:FF:FF:FF] [ 0|18 ACKs]13:35:52  Sending 64 directed DeAuth (code 7). STMAC: [FF:FF:FF:FF:FF:FF] [ 0|19 ACKs]13:35:52  Sending 64 directed DeAuth (code 7). STMAC: [FF:FF:FF:FF:FF:FF] [ 0|20 ACKs]13:35:52  Sending 64 directed DeAuth (code 7). STMAC: [FF:FF:FF:FF:FF:FF] [ 0|21 ACKs]13:35:52  Sending 64 directed DeAuth (code 7). STMAC: [FF:FF:FF:FF:FF:FF] [ 0|22 ACKs]13:35:52  Sending 64 directed DeAuth (code 7). STMAC: [FF:FF:FF:FF:FF:FF] [ 1|22 ACKs]13:35:52  Sending 64 directed DeAuth (code 7). STMAC: [FF:FF:FF:FF:FF:FF] [ 1|23 ACKs]13:35:52  Sending 64 directed DeAuth (code 7). STMAC: [FF:FF:FF:FF:FF:FF] [ 1|24 ACKs]13:35:52  Sending 64 directed DeAuth (code 7). STMAC: [FF:FF:FF:FF:FF:FF] [ 1|25 ACKs]13:35:52  Sending 64 directed DeAuth (code 7). STMAC: [FF:FF:FF:FF:FF:FF] [ 1|26 ACKs]13:35:52  Sending 64 directed DeAuth (code 7). STMAC: [FF:FF:FF:FF:FF:FF] [ 1|27 ACKs]13:35:52  Sending 64 directed DeAuth (code 7). STMAC: [FF:FF:FF:FF:FF:FF] [ 1|28 ACKs]13:35:52  Sending 64 directed DeAuth (code 7). STMAC: [FF:FF:FF:FF:FF:FF] [ 1|29 ACKs]13:35:52  Sending 64 directed DeAuth (code 7). STMAC: [FF:FF:FF:FF:FF:FF] [ 1|30 ACKs]13:35:52  Sending 64 directed DeAuth (code 7). STMAC: [FF:FF:FF:FF:FF:FF] [ 1|31 ACKs]13:35:52  Sending 64 directed DeAuth (code 7). STMAC: [FF:FF:FF:FF:FF:FF] [ 1|32 ACKs]13:35:52  Sending 64 directed DeAuth (code 7). STMAC: [FF:FF:FF:FF:FF:FF] [ 1|33 ACKs]13:35:52  Sending 64 directed DeAuth (code 7). STMAC: [FF:FF:FF:FF:FF:FF] [ 1|34 ACKs]13:35:52  Sending 64 directed DeAuth (code 7). STMAC: [FF:FF:FF:FF:FF:FF] [ 1|35 ACKs]13:35:52  Sending 64 directed DeAuth (code 7). STMAC: [FF:FF:FF:FF:FF:FF] [ 1|36 ACKs]13:35:52  Sending 64 directed DeAuth (code 7). STMAC: [FF:FF:FF:FF:FF:FF] [ 1|37 ACKs]13:35:52  Sending 64 directed DeAuth (code 7). STMAC: [FF:FF:FF:FF:FF:FF] [ 1|38 ACKs]13:35:52  Sending 64 directed DeAuth (code 7). STMAC: [FF:FF:FF:FF:FF:FF] [ 1|39 ACKs]13:35:52  Sending 64 directed DeAuth (code 7). STMAC: [FF:FF:FF:FF:FF:FF] [ 1|40 ACKs]13:35:52  Sending 64 directed DeAuth (code 7). STMAC: [FF:FF:FF:FF:FF:FF] [ 1|41 ACKs]13:35:52  Sending 64 directed DeAuth (code 7). STMAC: [FF:FF:FF:FF:FF:FF] [ 1|42 ACKs]13:35:52  Sending 64 directed DeAuth (code 7). STMAC: [FF:FF:FF:FF:FF:FF] [ 1|43 ACKs]13:35:52  Sending 64 directed DeAuth (code 7). STMAC: [FF:FF:FF:FF:FF:FF] [ 1|44 ACKs]13:35:52  Sending 64 directed DeAuth (code 7). STMAC: [FF:FF:FF:FF:FF:FF] [ 1|45 ACKs]13:35:52  Sending 64 directed DeAuth (code 7). STMAC: [FF:FF:FF:FF:FF:FF] [ 1|46 ACKs]13:35:52  Sending 64 directed DeAuth (code 7). STMAC: [FF:FF:FF:FF:FF:FF] [ 1|47 ACKs]13:35:52  Sending 64 directed DeAuth (code 7). STMAC: [FF:FF:FF:FF:FF:FF] [ 1|48 ACKs]13:35:52  Sending 64 directed DeAuth (code 7). STMAC: [FF:FF:FF:FF:FF:FF] [ 1|49 ACKs]13:35:52  Sending 64 directed DeAuth (code 7). STMAC: [FF:FF:FF:FF:FF:FF] [ 1|50 ACKs]13:35:52  Sending 64 directed DeAuth (code 7). STMAC: [FF:FF:FF:FF:FF:FF] [ 1|51 ACKs]13:35:52  Sending 64 directed DeAuth (code 7). STMAC: [FF:FF:FF:FF:FF:FF] [ 1|52 ACKs]13:35:52  Sending 64 directed DeAuth (code 7). STMAC: [FF:FF:FF:FF:FF:FF] [ 1|53 ACKs]13:35:52  Sending 64 directed DeAuth (code 7). STMAC: [FF:FF:FF:FF:FF:FF] [ 1|54 ACKs]13:35:52  Sending 64 directed DeAuth (code 7). STMAC: [FF:FF:FF:FF:FF:FF] [ 1|55 ACKs]13:35:52  Sending 64 directed DeAuth (code 7). STMAC: [FF:FF:FF:FF:FF:FF] [ 1|56 ACKs]13:35:52  Sending 64 directed DeAuth (code 7). STMAC: [FF:FF:FF:FF:FF:FF] [ 1|57 ACKs]13:35:52  Sending 64 directed DeAuth (code 7). STMAC: [FF:FF:FF:FF:FF:FF] [ 1|58 ACKs]13:35:52  Sending 64 directed DeAuth (code 7). STMAC: [FF:FF:FF:FF:FF:FF] [ 1|59 ACKs]13:35:52  Sending 64 directed DeAuth (code 7). STMAC: [FF:FF:FF:FF:FF:FF] [ 1|60 ACKs]13:35:52  Sending 64 directed DeAuth (code 7). STMAC: [FF:FF:FF:FF:FF:FF] [ 1|61 ACKs]13:35:52  Sending 64 directed DeAuth (code 7). STMAC: [FF:FF:FF:FF:FF:FF] [ 1|62 ACKs]13:35:52  Sending 64 directed DeAuth (code 7). STMAC: [FF:FF:FF:FF:FF:FF] [ 1|63 ACKs]13:35:52  Sending 64 directed DeAuth (code 7). STMAC: [FF:FF:FF:FF:FF:FF] [ 1|64 ACKs]
13:35:52  Sending 64 directed DeAuth (code 7). STMAC: [FF:FF:FF:FF:FF:FF] [ 0| 0 ACKs]13:35:52  Sending 64 directed DeAuth (code 7). STMAC: [FF:FF:FF:FF:FF:FF] [ 0| 0 ACKs]13:35:52  Sending 64 directed DeAuth (code 7). STMAC: [FF:FF:FF:FF:FF:FF] [ 0| 1 ACKs]13:35:52  Sending 64 directed DeAuth (code 7). STMAC: [FF:FF:FF:FF:FF:FF] [ 1| 1 ACKs]13:35:52  Sending 64 directed DeAuth (code 7). STMAC: [FF:FF:FF:FF:FF:FF] [ 1| 2 ACKs]13:35:52  Sending 64 directed DeAuth (code 7). STMAC: [FF:FF:FF:FF:FF:FF] [ 2| 2 ACKs]13:35:52  Sending 64 directed DeAuth (code 7). STMAC: [FF:FF:FF:FF:FF:FF] [ 2| 3 ACKs]13:35:52  Sending 64 directed DeAuth (code 7). STMAC: [FF:FF:FF:FF:FF:FF] [ 3| 3 ACKs]13:35:52  Sending 64 directed DeAuth (code 7). STMAC: [FF:FF:FF:FF:FF:FF] [ 3| 4 ACKs]13:35:52  Sending 64 directed DeAuth (code 7). STMAC: [FF:FF:FF:FF:FF:FF] [ 4| 4 ACKs]13:35:52  Sending 64 directed DeAuth (code 7). STMAC: [FF:FF:FF:FF:FF:FF] [ 4| 5 ACKs]13:35:52  Sending 64 directed DeAuth (code 7). STMAC: [FF:FF:FF:FF:FF:FF] [ 4| 6 ACKs]13:35:52  Sending 64 directed DeAuth (code 7). STMAC: [FF:FF:FF:FF:FF:FF] [ 4| 6 ACKs]13:35:52  Sending 64 directed DeAuth (code 7). STMAC: [FF:FF:FF:FF:FF:FF] [ 4| 7 ACKs]13:35:52  Sending 64 directed DeAuth (code 7). STMAC: [FF:FF:FF:FF:FF:FF] [ 4| 8 ACKs]13:35:52  Sending 64 directed DeAuth (code 7). STMAC: [FF:FF:FF:FF:FF:FF] [ 4| 9 ACKs]13:35:52  Sending 64 directed DeAuth (code 7). STMAC: [FF:FF:FF:FF:FF:FF] [ 4|10 ACKs]13:35:52  Sending 64 directed DeAuth (code 7). STMAC: [FF:FF:FF:FF:FF:FF] [ 4|11 ACKs]13:35:52  Sending 64 directed DeAuth (code 7). STMAC: [FF:FF:FF:FF:FF:FF] [ 4|12 ACKs]13:35:52  Sending 64 directed DeAuth (code 7). STMAC: [FF:FF:FF:FF:FF:FF] [ 4|13 ACKs]13:35:52  Sending 64 directed DeAuth (code 7). STMAC: [FF:FF:FF:FF:FF:FF] [ 4|14 ACKs]13:35:52  Sending 64 directed DeAuth (code 7). STMAC: [FF:FF:FF:FF:FF:FF] [ 4|15 ACKs]13:35:52  Sending 64 directed DeAuth (code 7). STMAC: [FF:FF:FF:FF:FF:FF] [ 4|16 ACKs]13:35:52  Sending 64 directed DeAuth (code 7). STMAC: [FF:FF:FF:FF:FF:FF] [ 4|17 ACKs]13:35:52  Sending 64 directed DeAuth (code 7). STMAC: [FF:FF:FF:FF:FF:FF] [ 4|18 ACKs]13:35:52  Sending 64 directed DeAuth (code 7). STMAC: [FF:FF:FF:FF:FF:FF] [ 4|19 ACKs]13:35:52  Sending 64 directed DeAuth (code 7). STMAC: [FF:FF:FF:FF:FF:FF] [ 4|20 ACKs]13:35:52  Sending 64 directed DeAuth (code 7). STMAC: [FF:FF:FF:FF:FF:FF] [ 4|21 ACKs]13:35:52  Sending 64 directed DeAuth (code 7). STMAC: [FF:FF:FF:FF:FF:FF] [ 4|22 ACKs]13:35:52  Sending 64 directed DeAuth (code 7). STMAC: [FF:FF:FF:FF:FF:FF] [ 4|23 ACKs]13:35:52  Sending 64 directed DeAuth (code 7). STMAC: [FF:FF:FF:FF:FF:FF] [ 4|24 ACKs]13:35:52  Sending 64 directed DeAuth (code 7). STMAC: [FF:FF:FF:FF:FF:FF] [ 4|25 ACKs]13:35:52  Sending 64 directed DeAuth (code 7). STMAC: [FF:FF:FF:FF:FF:FF] [ 4|26 ACKs]13:35:52  Sending 64 directed DeAuth (code 7). STMAC: [FF:FF:FF:FF:FF:FF] [ 4|27 ACKs]13:35:52  Sending 64 directed DeAuth (code 7). STMAC: [FF:FF:FF:FF:FF:FF] [ 5|27 ACKs]13:35:52  Sending 64 directed DeAuth (code 7). STMAC: [FF:FF:FF:FF:FF:FF] [ 5|28 ACKs]13:35:52  Sending 64 directed DeAuth (code 7). STMAC: [FF:FF:FF:FF:FF:FF] [ 6|28 ACKs]13:35:52  Sending 64 directed DeAuth (code 7). STMAC: [FF:FF:FF:FF:FF:FF] [ 6|29 ACKs]13:35:52  Sending 64 directed DeAuth (code 7). STMAC: [FF:FF:FF:FF:FF:FF] [ 6|30 ACKs]13:35:52  Sending 64 directed DeAuth (code 7). STMAC: [FF:FF:FF:FF:FF:FF] [ 6|31 ACKs]13:35:52  Sending 64 directed DeAuth (code 7). STMAC: [FF:FF:FF:FF:FF:FF] [ 6|32 ACKs]13:35:52  Sending 64 directed DeAuth (code 7). STMAC: [FF:FF:FF:FF:FF:FF] [ 6|33 ACKs]13:35:52  Sending 64 directed DeAuth (code 7). STMAC: [FF:FF:FF:FF:FF:FF] [ 6|34 ACKs]13:35:52  Sending 64 directed DeAuth (code 7). STMAC: [FF:FF:FF:FF:FF:FF] [ 6|35 ACKs]13:35:52  Sending 64 directed DeAuth (code 7). STMAC: [FF:FF:FF:FF:FF:FF] [ 6|36 ACKs]13:35:52  Sending 64 directed DeAuth (code 7). STMAC: [FF:FF:FF:FF:FF:FF] [ 6|37 ACKs]13:35:52  Sending 64 directed DeAuth (code 7). STMAC: [FF:FF:FF:FF:FF:FF] [ 6|38 ACKs]13:35:52  Sending 64 directed DeAuth (code 7). STMAC: [FF:FF:FF:FF:FF:FF] [ 6|39 ACKs]13:35:52  Sending 64 directed DeAuth (code 7). STMAC: [FF:FF:FF:FF:FF:FF] [ 6|40 ACKs]13:35:52  Sending 64 directed DeAuth (code 7). STMAC: [FF:FF:FF:FF:FF:FF] [ 6|41 ACKs]13:35:52  Sending 64 directed DeAuth (code 7). STMAC: [FF:FF:FF:FF:FF:FF] [ 6|42 ACKs]13:35:52  Sending 64 directed DeAuth (code 7). STMAC: [FF:FF:FF:FF:FF:FF] [ 6|43 ACKs]13:35:52  Sending 64 directed DeAuth (code 7). STMAC: [FF:FF:FF:FF:FF:FF] [ 6|44 ACKs]13:35:52  Sending 64 directed DeAuth (code 7). STMAC: [FF:FF:FF:FF:FF:FF] [ 6|45 ACKs]13:35:52  Sending 64 directed DeAuth (code 7). STMAC: [FF:FF:FF:FF:FF:FF] [ 6|46 ACKs]13:35:52  Sending 64 directed DeAuth (code 7). STMAC: [FF:FF:FF:FF:FF:FF] [ 6|47 ACKs]13:35:52  Sending 64 directed DeAuth (code 7). STMAC: [FF:FF:FF:FF:FF:FF] [ 6|48 ACKs]13:35:52  Sending 64 directed DeAuth (code 7). STMAC: [FF:FF:FF:FF:FF:FF] [ 6|49 ACKs]13:35:53  Sending 64 directed DeAuth (code 7). STMAC: [FF:FF:FF:FF:FF:FF] [ 6|50 ACKs]13:35:53  Sending 64 directed DeAuth (code 7). STMAC: [FF:FF:FF:FF:FF:FF] [ 6|51 ACKs]13:35:53  Sending 64 directed DeAuth (code 7). STMAC: [FF:FF:FF:FF:FF:FF] [ 6|52 ACKs]13:35:53  Sending 64 directed DeAuth (code 7). STMAC: [FF:FF:FF:FF:FF:FF] [ 6|53 ACKs]13:35:53  Sending 64 directed DeAuth (code 7). STMAC: [FF:FF:FF:FF:FF:FF] [ 6|54 ACKs]13:35:53  Sending 64 directed DeAuth (code 7). STMAC: [FF:FF:FF:FF:FF:FF] [ 6|55 ACKs]13:35:53  Sending 64 directed DeAuth (code 7). STMAC: [FF:FF:FF:FF:FF:FF] [ 6|56 ACKs]13:35:53  Sending 64 directed DeAuth (code 7). STMAC: [FF:FF:FF:FF:FF:FF] [ 6|57 ACKs]13:35:53  Sending 64 directed DeAuth (code 7). STMAC: [FF:FF:FF:FF:FF:FF] [ 6|58 ACKs]13:35:53  Sending 64 directed DeAuth (code 7). STMAC: [FF:FF:FF:FF:FF:FF] [ 6|59 ACKs]13:35:53  Sending 64 directed DeAuth (code 7). STMAC: [FF:FF:FF:FF:FF:FF] [ 6|60 ACKs]13:35:53  Sending 64 directed DeAuth (code 7). STMAC: [FF:FF:FF:FF:FF:FF] [ 6|61 ACKs]13:35:53  Sending 64 directed DeAuth (code 7). STMAC: [FF:FF:FF:FF:FF:FF] [ 6|62 ACKs]13:35:53  Sending 64 directed DeAuth (code 7). STMAC: [FF:FF:FF:FF:FF:FF] [ 6|63 ACKs]13:35:53  Sending 64 directed DeAuth (code 7). STMAC: [FF:FF:FF:FF:FF:FF] [ 6|64 ACKs]
13:35:53  Sending 64 directed DeAuth (code 7). STMAC: [FF:FF:FF:FF:FF:FF] [ 0| 0 ACKs]13:35:53  Sending 64 directed DeAuth (code 7). STMAC: [FF:FF:FF:FF:FF:FF] [ 0| 1 ACKs]13:35:53  Sending 64 directed DeAuth (code 7). STMAC: [FF:FF:FF:FF:FF:FF] [ 0| 2 ACKs]13:35:53  Sending 64 directed DeAuth (code 7). STMAC: [FF:FF:FF:FF:FF:FF] [ 0| 3 ACKs]13:35:53  Sending 64 directed DeAuth (code 7). STMAC: [FF:FF:FF:FF:FF:FF] [ 0| 4 ACKs]13:35:53  Sending 64 directed DeAuth (code 7). STMAC: [FF:FF:FF:FF:FF:FF] [ 0| 5 ACKs]13:35:53  Sending 64 directed DeAuth (code 7). STMAC: [FF:FF:FF:FF:FF:FF] [ 0| 6 ACKs]13:35:53  Sending 64 directed DeAuth (code 7). STMAC: [FF:FF:FF:FF:FF:FF] [ 0| 7 ACKs]13:35:53  Sending 64 directed DeAuth (code 7). STMAC: [FF:FF:FF:FF:FF:FF] [ 0| 8 ACKs]13:35:53  Sending 64 directed DeAuth (code 7). STMAC: [FF:FF:FF:FF:FF:FF] [ 0| 9 ACKs]13:35:53  Sending 64 directed DeAuth (code 7). STMAC: [FF:FF:FF:FF:FF:FF] [ 0|10 ACKs]13:35:53  Sending 64 directed DeAuth (code 7). STMAC: [FF:FF:FF:FF:FF:FF] [ 0|11 ACKs]13:35:53  Sending 64 directed DeAuth (code 7). STMAC: [FF:FF:FF:FF:FF:FF] [ 0|12 ACKs]13:35:53  Sending 64 directed DeAuth (code 7). STMAC: [FF:FF:FF:FF:FF:FF] [ 0|13 ACKs]13:35:53  Sending 64 directed DeAuth (code 7). STMAC: [FF:FF:FF:FF:FF:FF] [ 0|14 ACKs]13:35:53  Sending 64 directed DeAuth (code 7). STMAC: [FF:FF:FF:FF:FF:FF] [ 0|15 ACKs]13:35:53  Sending 64 directed DeAuth (code 7). STMAC: [FF:FF:FF:FF:FF:FF] [ 0|16 ACKs]13:35:53  Sending 64 directed DeAuth (code 7). STMAC: [FF:FF:FF:FF:FF:FF] [ 0|17 ACKs]13:35:53  Sending 64 directed DeAuth (code 7). STMAC: [FF:FF:FF:FF:FF:FF] [ 0|18 ACKs]13:35:53  Sending 64 directed DeAuth (code 7). STMAC: [FF:FF:FF:FF:FF:FF] [ 0|19 ACKs]13:35:53  Sending 64 directed DeAuth (code 7). STMAC: [FF:FF:FF:FF:FF:FF] [ 0|20 ACKs]13:35:53  Sending 64 directed DeAuth (code 7). STMAC: [FF:FF:FF:FF:FF:FF] [ 0|21 ACKs]13:35:53  Sending 64 directed DeAuth (code 7). STMAC: [FF:FF:FF:FF:FF:FF] [ 0|22 ACKs]13:35:53  Sending 64 directed DeAuth (code 7). STMAC: [FF:FF:FF:FF:FF:FF] [ 0|23 ACKs]13:35:53  Sending 64 directed DeAuth (code 7). STMAC: [FF:FF:FF:FF:FF:FF] [ 0|24 ACKs]13:35:53  Sending 64 directed DeAuth (code 7). STMAC: [FF:FF:FF:FF:FF:FF] [ 0|25 ACKs]13:35:53  Sending 64 directed DeAuth (code 7). STMAC: [FF:FF:FF:FF:FF:FF] [ 0|26 ACKs]13:35:53  Sending 64 directed DeAuth (code 7). STMAC: [FF:FF:FF:FF:FF:FF] [ 0|27 ACKs]13:35:53  Sending 64 directed DeAuth (code 7). STMAC: [FF:FF:FF:FF:FF:FF] [ 0|28 ACKs]13:35:53  Sending 64 directed DeAuth (code 7). STMAC: [FF:FF:FF:FF:FF:FF] [ 0|29 ACKs]13:35:53  Sending 64 directed DeAuth (code 7). STMAC: [FF:FF:FF:FF:FF:FF] [ 0|30 ACKs]13:35:53  Sending 64 directed DeAuth (code 7). STMAC: [FF:FF:FF:FF:FF:FF] [ 0|31 ACKs]13:35:53  Sending 64 directed DeAuth (code 7). STMAC: [FF:FF:FF:FF:FF:FF] [ 0|32 ACKs]13:35:53  Sending 64 directed DeAuth (code 7). STMAC: [FF:FF:FF:FF:FF:FF] [ 0|33 ACKs]13:35:53  Sending 64 directed DeAuth (code 7). STMAC: [FF:FF:FF:FF:FF:FF] [ 0|34 ACKs]13:35:53  Sending 64 directed DeAuth (code 7). STMAC: [FF:FF:FF:FF:FF:FF] [ 0|35 ACKs]13:35:53  Sending 64 directed DeAuth (code 7). STMAC: [FF:FF:FF:FF:FF:FF] [ 0|36 ACKs]13:35:53  Sending 64 directed DeAuth (code 7). STMAC: [FF:FF:FF:FF:FF:FF] [ 1|36 ACKs]13:35:53  Sending 64 directed DeAuth (code 7). STMAC: [FF:FF:FF:FF:FF:FF] [ 1|37 ACKs]13:35:53  Sending 64 directed DeAuth (code 7). STMAC: [FF:FF:FF:FF:FF:FF] [ 1|38 ACKs]13:35:53  Sending 64 directed DeAuth (code 7). STMAC: [FF:FF:FF:FF:FF:FF] [ 1|39 ACKs]13:35:53  Sending 64 directed DeAuth (code 7). STMAC: [FF:FF:FF:FF:FF:FF] [ 1|40 ACKs]13:35:53  Sending 64 directed DeAuth (code 7). STMAC: [FF:FF:FF:FF:FF:FF] [ 1|41 ACKs]13:35:53  Sending 64 directed DeAuth (code 7). STMAC: [FF:FF:FF:FF:FF:FF] [ 1|42 ACKs]13:35:53  Sending 64 directed DeAuth (code 7). STMAC: [FF:FF:FF:FF:FF:FF] [ 1|43 ACKs]13:35:53  Sending 64 directed DeAuth (code 7). STMAC: [FF:FF:FF:FF:FF:FF] [ 1|44 ACKs]13:35:53  Sending 64 directed DeAuth (code 7). STMAC: [FF:FF:FF:FF:FF:FF] [ 1|45 ACKs]13:35:53  Sending 64 directed DeAuth (code 7). STMAC: [FF:FF:FF:FF:FF:FF] [ 1|46 ACKs]13:35:53  Sending 64 directed DeAuth (code 7). STMAC: [FF:FF:FF:FF:FF:FF] [ 1|47 ACKs]13:35:53  Sending 64 directed DeAuth (code 7). STMAC: [FF:FF:FF:FF:FF:FF] [ 1|48 ACKs]13:35:53  Sending 64 directed DeAuth (code 7). STMAC: [FF:FF:FF:FF:FF:FF] [ 1|49 ACKs]13:35:53  Sending 64 directed DeAuth (code 7). STMAC: [FF:FF:FF:FF:FF:FF] [ 1|50 ACKs]13:35:53  Sending 64 directed DeAuth (code 7). STMAC: [FF:FF:FF:FF:FF:FF] [ 1|51 ACKs]13:35:53  Sending 64 directed DeAuth (code 7). STMAC: [FF:FF:FF:FF:FF:FF] [ 1|52 ACKs]13:35:53  Sending 64 directed DeAuth (code 7). STMAC: [FF:FF:FF:FF:FF:FF] [ 1|53 ACKs]13:35:53  Sending 64 directed DeAuth (code 7). STMAC: [FF:FF:FF:FF:FF:FF] [ 1|54 ACKs]13:35:53  Sending 64 directed DeAuth (code 7). STMAC: [FF:FF:FF:FF:FF:FF] [ 1|55 ACKs]13:35:53  Sending 64 directed DeAuth (code 7). STMAC: [FF:FF:FF:FF:FF:FF] [ 1|56 ACKs]13:35:53  Sending 64 directed DeAuth (code 7). STMAC: [FF:FF:FF:FF:FF:FF] [ 1|57 ACKs]13:35:53  Sending 64 directed DeAuth (code 7). STMAC: [FF:FF:FF:FF:FF:FF] [ 1|58 ACKs]13:35:53  Sending 64 directed DeAuth (code 7). STMAC: [FF:FF:FF:FF:FF:FF] [ 1|59 ACKs]13:35:53  Sending 64 directed DeAuth (code 7). STMAC: [FF:FF:FF:FF:FF:FF] [ 1|60 ACKs]13:35:53  Sending 64 directed DeAuth (code 7). STMAC: [FF:FF:FF:FF:FF:FF] [ 1|61 ACKs]13:35:53  Sending 64 directed DeAuth (code 7). STMAC: [FF:FF:FF:FF:FF:FF] [ 1|62 ACKs]13:35:53  Sending 64 directed DeAuth (code 7). STMAC: [FF:FF:FF:FF:FF:FF] [ 1|63 ACKs]13:35:53  Sending 64 directed DeAuth (code 7). STMAC: [FF:FF:FF:FF:FF:FF] [ 1|64 ACKs]
13:35:53  Sending 64 directed DeAuth (code 7). STMAC: [FF:FF:FF:FF:FF:FF] [ 0| 0 ACKs]13:35:53  Sending 64 directed DeAuth (code 7). STMAC: [FF:FF:FF:FF:FF:FF] [ 0| 1 ACKs]13:35:53  Sending 64 directed DeAuth (code 7). STMAC: [FF:FF:FF:FF:FF:FF] [ 0| 2 ACKs]13:35:53  Sending 64 directed DeAuth (code 7). STMAC: [FF:FF:FF:FF:FF:FF] [ 0| 3 ACKs]13:35:53  Sending 64 directed DeAuth (code 7). STMAC: [FF:FF:FF:FF:FF:FF] [ 0| 4 ACKs]13:35:53  Sending 64 directed DeAuth (code 7). STMAC: [FF:FF:FF:FF:FF:FF] [ 0| 5 ACKs]13:35:53  Sending 64 directed DeAuth (code 7). STMAC: [FF:FF:FF:FF:FF:FF] [ 0| 6 ACKs]13:35:53  Sending 64 directed DeAuth (code 7). STMAC: [FF:FF:FF:FF:FF:FF] [ 0| 7 ACKs]13:35:53  Sending 64 directed DeAuth (code 7). STMAC: [FF:FF:FF:FF:FF:FF] [ 0| 8 ACKs]13:35:53  Sending 64 directed DeAuth (code 7). STMAC: [FF:FF:FF:FF:FF:FF] [ 0| 9 ACKs]13:35:53  Sending 64 directed DeAuth (code 7). STMAC: [FF:FF:FF:FF:FF:FF] [ 0|10 ACKs]13:35:53  Sending 64 directed DeAuth (code 7). STMAC: [FF:FF:FF:FF:FF:FF] [ 0|11 ACKs]13:35:53  Sending 64 directed DeAuth (code 7). STMAC: [FF:FF:FF:FF:FF:FF] [ 0|12 ACKs]13:35:53  Sending 64 directed DeAuth (code 7). STMAC: [FF:FF:FF:FF:FF:FF] [ 0|13 ACKs]13:35:53  Sending 64 directed DeAuth (code 7). STMAC: [FF:FF:FF:FF:FF:FF] [ 0|14 ACKs]13:35:53  Sending 64 directed DeAuth (code 7). STMAC: [FF:FF:FF:FF:FF:FF] [ 0|15 ACKs]13:35:53  Sending 64 directed DeAuth (code 7). STMAC: [FF:FF:FF:FF:FF:FF] [ 0|16 ACKs]13:35:53  Sending 64 directed DeAuth (code 7). STMAC: [FF:FF:FF:FF:FF:FF] [ 0|17 ACKs]13:35:53  Sending 64 directed DeAuth (code 7). STMAC: [FF:FF:FF:FF:FF:FF] [ 0|18 ACKs]13:35:53  Sending 64 directed DeAuth (code 7). STMAC: [FF:FF:FF:FF:FF:FF] [ 0|19 ACKs]13:35:53  Sending 64 directed DeAuth (code 7). STMAC: [FF:FF:FF:FF:FF:FF] [ 0|20 ACKs]13:35:53  Sending 64 directed DeAuth (code 7). STMAC: [FF:FF:FF:FF:FF:FF] [ 0|21 ACKs]13:35:53  Sending 64 directed DeAuth (code 7). STMAC: [FF:FF:FF:FF:FF:FF] [ 0|22 ACKs]13:35:53  Sending 64 directed DeAuth (code 7). STMAC: [FF:FF:FF:FF:FF:FF] [ 0|23 ACKs]13:35:53  Sending 64 directed DeAuth (code 7). STMAC: [FF:FF:FF:FF:FF:FF] [ 0|24 ACKs]13:35:53  Sending 64 directed DeAuth (code 7). STMAC: [FF:FF:FF:FF:FF:FF] [ 0|25 ACKs]13:35:53  Sending 64 directed DeAuth (code 7). STMAC: [FF:FF:FF:FF:FF:FF] [ 0|26 ACKs]13:35:54  Sending 64 directed DeAuth (code 7). STMAC: [FF:FF:FF:FF:FF:FF] [ 0|27 ACKs]13:35:54  Sending 64 directed DeAuth (code 7). STMAC: [FF:FF:FF:FF:FF:FF] [ 0|28 ACKs]13:35:54  Sending 64 directed DeAuth (code 7). STMAC: [FF:FF:FF:FF:FF:FF] [ 0|29 ACKs]13:35:54  Sending 64 directed DeAuth (code 7). STMAC: [FF:FF:FF:FF:FF:FF] [ 0|30 ACKs]13:35:54  Sending 64 directed DeAuth (code 7). STMAC: [FF:FF:FF:FF:FF:FF] [ 0|31 ACKs]13:35:54  Sending 64 directed DeAuth (code 7). STMAC: [FF:FF:FF:FF:FF:FF] [ 0|32 ACKs]13:35:54  Sending 64 directed DeAuth (code 7). STMAC: [FF:FF:FF:FF:FF:FF] [ 0|33 ACKs]13:35:54  Sending 64 directed DeAuth (code 7). STMAC: [FF:FF:FF:FF:FF:FF] [ 0|34 ACKs]13:35:54  Sending 64 directed DeAuth (code 7). STMAC: [FF:FF:FF:FF:FF:FF] [ 0|35 ACKs]13:35:54  Sending 64 directed DeAuth (code 7). STMAC: [FF:FF:FF:FF:FF:FF] [ 0|36 ACKs]13:35:54  Sending 64 directed DeAuth (code 7). STMAC: [FF:FF:FF:FF:FF:FF] [ 0|37 ACKs]13:35:54  Sending 64 directed DeAuth (code 7). STMAC: [FF:FF:FF:FF:FF:FF] [ 0|38 ACKs]13:35:54  Sending 64 directed DeAuth (code 7). STMAC: [FF:FF:FF:FF:FF:FF] [ 0|39 ACKs]13:35:54  Sending 64 directed DeAuth (code 7). STMAC: [FF:FF:FF:FF:FF:FF] [ 0|40 ACKs]13:35:54  Sending 64 directed DeAuth (code 7). STMAC: [FF:FF:FF:FF:FF:FF] [ 0|41 ACKs]13:35:54  Sending 64 directed DeAuth (code 7). STMAC: [FF:FF:FF:FF:FF:FF] [ 0|42 ACKs]13:35:54  Sending 64 directed DeAuth (code 7). STMAC: [FF:FF:FF:FF:FF:FF] [ 1|42 ACKs]13:35:54  Sending 64 directed DeAuth (code 7). STMAC: [FF:FF:FF:FF:FF:FF] [ 1|43 ACKs]13:35:54  Sending 64 directed DeAuth (code 7). STMAC: [FF:FF:FF:FF:FF:FF] [ 1|43 ACKs]13:35:54  Sending 64 directed DeAuth (code 7). STMAC: [FF:FF:FF:FF:FF:FF] [ 1|43 ACKs]13:35:54  Sending 64 directed DeAuth (code 7). STMAC: [FF:FF:FF:FF:FF:FF] [ 2|43 ACKs]13:35:54  Sending 64 directed DeAuth (code 7). STMAC: [FF:FF:FF:FF:FF:FF] [ 2|44 ACKs]13:35:54  Sending 64 directed DeAuth (code 7). STMAC: [FF:FF:FF:FF:FF:FF] [ 3|44 ACKs]13:35:54  Sending 64 directed DeAuth (code 7). STMAC: [FF:FF:FF:FF:FF:FF] [ 3|45 ACKs]13:35:54  Sending 64 directed DeAuth (code 7). STMAC: [FF:FF:FF:FF:FF:FF] [ 4|45 ACKs]13:35:54  Sending 64 directed DeAuth (code 7). STMAC: [FF:FF:FF:FF:FF:FF] [ 4|46 ACKs]13:35:54  Sending 64 directed DeAuth (code 7). STMAC: [FF:FF:FF:FF:FF:FF] [ 5|46 ACKs]13:35:54  Sending 64 directed DeAuth (code 7). STMAC: [FF:FF:FF:FF:FF:FF] [ 5|47 ACKs]13:35:54  Sending 64 directed DeAuth (code 7). STMAC: [FF:FF:FF:FF:FF:FF] [ 6|47 ACKs]13:35:54  Sending 64 directed DeAuth (code 7). STMAC: [FF:FF:FF:FF:FF:FF] [ 6|48 ACKs]13:35:54  Sending 64 directed DeAuth (code 7). STMAC: [FF:FF:FF:FF:FF:FF] [ 7|48 ACKs]13:35:54  Sending 64 directed DeAuth (code 7). STMAC: [FF:FF:FF:FF:FF:FF] [ 7|49 ACKs]13:35:54  Sending 64 directed DeAuth (code 7). STMAC: [FF:FF:FF:FF:FF:FF] [ 8|49 ACKs]13:35:54  Sending 64 directed DeAuth (code 7). STMAC: [FF:FF:FF:FF:FF:FF] [ 8|50 ACKs]13:35:54  Sending 64 directed DeAuth (code 7). STMAC: [FF:FF:FF:FF:FF:FF] [ 9|50 ACKs]13:35:54  Sending 64 directed DeAuth (code 7). STMAC: [FF:FF:FF:FF:FF:FF] [ 9|51 ACKs]13:35:54  Sending 64 directed DeAuth (code 7). STMAC: [FF:FF:FF:FF:FF:FF] [ 9|52 ACKs]13:35:54  Sending 64 directed DeAuth (code 7). STMAC: [FF:FF:FF:FF:FF:FF] [ 9|53 ACKs]13:35:54  Sending 64 directed DeAuth (code 7). STMAC: [FF:FF:FF:FF:FF:FF] [10|53 ACKs]13:35:54  Sending 64 directed DeAuth (code 7). STMAC: [FF:FF:FF:FF:FF:FF] [10|54 ACKs]13:35:54  Sending 64 directed DeAuth (code 7). STMAC: [FF:FF:FF:FF:FF:FF] [11|54 ACKs]13:35:54  Sending 64 directed DeAuth (code 7). STMAC: [FF:FF:FF:FF:FF:FF] [11|55 ACKs]13:35:54  Sending 64 directed DeAuth (code 7). STMAC: [FF:FF:FF:FF:FF:FF] [12|55 ACKs]13:35:54  Sending 64 directed DeAuth (code 7). STMAC: [FF:FF:FF:FF:FF:FF] [12|56 ACKs]13:35:54  Sending 64 directed DeAuth (code 7). STMAC: [FF:FF:FF:FF:FF:FF] [13|56 ACKs]13:35:54  Sending 64 directed DeAuth (code 7). STMAC: [FF:FF:FF:FF:FF:FF] [13|57 ACKs]13:35:54  Sending 64 directed DeAuth (code 7). STMAC: [FF:FF:FF:FF:FF:FF] [14|57 ACKs]13:35:54  Sending 64 directed DeAuth (code 7). STMAC: [FF:FF:FF:FF:FF:FF] [14|58 ACKs]13:35:54  Sending 64 directed DeAuth (code 7). STMAC: [FF:FF:FF:FF:FF:FF] [15|58 ACKs]13:35:54  Sending 64 directed DeAuth (code 7). STMAC: [FF:FF:FF:FF:FF:FF] [15|59 ACKs]13:35:54  Sending 64 directed DeAuth (code 7). STMAC: [FF:FF:FF:FF:FF:FF] [16|59 ACKs]13:35:54  Sending 64 directed DeAuth (code 7). STMAC: [FF:FF:FF:FF:FF:FF] [16|60 ACKs]13:35:54  Sending 64 directed DeAuth (code 7). STMAC: [FF:FF:FF:FF:FF:FF] [17|60 ACKs]13:35:54  Sending 64 directed DeAuth (code 7). STMAC: [FF:FF:FF:FF:FF:FF] [17|61 ACKs]13:35:54  Sending 64 directed DeAuth (code 7). STMAC: [FF:FF:FF:FF:FF:FF] [18|61 ACKs]13:35:54  Sending 64 directed DeAuth (code 7). STMAC: [FF:FF:FF:FF:FF:FF] [18|62 ACKs]13:35:54  Sending 64 directed DeAuth (code 7). STMAC: [FF:FF:FF:FF:FF:FF] [19|62 ACKs]13:35:54  Sending 64 directed DeAuth (code 7). STMAC: [FF:FF:FF:FF:FF:FF] [19|63 ACKs]13:35:54  Sending 64 directed DeAuth (code 7). STMAC: [FF:FF:FF:FF:FF:FF] [19|64 ACKs]
13:35:54  Sending 64 directed DeAuth (code 7). STMAC: [FF:FF:FF:FF:FF:FF] [ 0| 0 ACKs]13:35:54  Sending 64 directed DeAuth (code 7). STMAC: [FF:FF:FF:FF:FF:FF] [ 0| 0 ACKs]13:35:54  Sending 64 directed DeAuth (code 7). STMAC: [FF:FF:FF:FF:FF:FF] [ 0| 1 ACKs]13:35:54  Sending 64 directed DeAuth (code 7). STMAC: [FF:FF:FF:FF:FF:FF] [ 0| 2 ACKs]13:35:54  Sending 64 directed DeAuth (code 7). STMAC: [FF:FF:FF:FF:FF:FF] [ 0| 3 ACKs]13:35:54  Sending 64 directed DeAuth (code 7). STMAC: [FF:FF:FF:FF:FF:FF] [ 0| 4 ACKs]13:35:54  Sending 64 directed DeAuth (code 7). STMAC: [FF:FF:FF:FF:FF:FF] [ 0| 5 ACKs]13:35:54  Sending 64 directed DeAuth (code 7). STMAC: [FF:FF:FF:FF:FF:FF] [ 0| 6 ACKs]13:35:54  Sending 64 directed DeAuth (code 7). STMAC: [FF:FF:FF:FF:FF:FF] [ 0| 7 ACKs]13:35:54  Sending 64 directed DeAuth (code 7). STMAC: [FF:FF:FF:FF:FF:FF] [ 0| 8 ACKs]13:35:54  Sending 64 directed DeAuth (code 7). STMAC: [FF:FF:FF:FF:FF:FF] [ 0| 9 ACKs]13:35:54  Sending 64 directed DeAuth (code 7). STMAC: [FF:FF:FF:FF:FF:FF] [ 0|10 ACKs]13:35:54  Sending 64 directed DeAuth (code 7). STMAC: [FF:FF:FF:FF:FF:FF] [ 0|11 ACKs]13:35:54  Sending 64 directed DeAuth (code 7). STMAC: [FF:FF:FF:FF:FF:FF] [ 0|12 ACKs]13:35:54  Sending 64 directed DeAuth (code 7). STMAC: [FF:FF:FF:FF:FF:FF] [ 0|13 ACKs]13:35:54  Sending 64 directed DeAuth (code 7). STMAC: [FF:FF:FF:FF:FF:FF] [ 0|14 ACKs]13:35:54  Sending 64 directed DeAuth (code 7). STMAC: [FF:FF:FF:FF:FF:FF] [ 0|15 ACKs]13:35:54  Sending 64 directed DeAuth (code 7). STMAC: [FF:FF:FF:FF:FF:FF] [ 0|16 ACKs]13:35:54  Sending 64 directed DeAuth (code 7). STMAC: [FF:FF:FF:FF:FF:FF] [ 0|17 ACKs]13:35:54  Sending 64 directed DeAuth (code 7). STMAC: [FF:FF:FF:FF:FF:FF] [ 0|18 ACKs]13:35:54  Sending 64 directed DeAuth (code 7). STMAC: [FF:FF:FF:FF:FF:FF] [ 0|19 ACKs]13:35:54  Sending 64 directed DeAuth (code 7). STMAC: [FF:FF:FF:FF:FF:FF] [ 0|20 ACKs]13:35:54  Sending 64 directed DeAuth (code 7). STMAC: [FF:FF:FF:FF:FF:FF] [ 0|21 ACKs]13:35:54  Sending 64 directed DeAuth (code 7). STMAC: [FF:FF:FF:FF:FF:FF] [ 0|22 ACKs]13:35:54  Sending 64 directed DeAuth (code 7). STMAC: [FF:FF:FF:FF:FF:FF] [ 0|23 ACKs]13:35:54  Sending 64 directed DeAuth (code 7). STMAC: [FF:FF:FF:FF:FF:FF] [ 0|24 ACKs]13:35:54  Sending 64 directed DeAuth (code 7). STMAC: [FF:FF:FF:FF:FF:FF] [ 0|25 ACKs]13:35:54  Sending 64 directed DeAuth (code 7). STMAC: [FF:FF:FF:FF:FF:FF] [ 0|26 ACKs]13:35:54  Sending 64 directed DeAuth (code 7). STMAC: [FF:FF:FF:FF:FF:FF] [ 0|27 ACKs]13:35:54  Sending 64 directed DeAuth (code 7). STMAC: [FF:FF:FF:FF:FF:FF] [ 0|28 ACKs]13:35:54  Sending 64 directed DeAuth (code 7). STMAC: [FF:FF:FF:FF:FF:FF] [ 0|29 ACKs]13:35:54  Sending 64 directed DeAuth (code 7). STMAC: [FF:FF:FF:FF:FF:FF] [ 0|30 ACKs]13:35:54  Sending 64 directed DeAuth (code 7). STMAC: [FF:FF:FF:FF:FF:FF] [ 0|31 ACKs]13:35:54  Sending 64 directed DeAuth (code 7). STMAC: [FF:FF:FF:FF:FF:FF] [ 0|32 ACKs]13:35:54  Sending 64 directed DeAuth (code 7). STMAC: [FF:FF:FF:FF:FF:FF] [ 0|33 ACKs]13:35:54  Sending 64 directed DeAuth (code 7). STMAC: [FF:FF:FF:FF:FF:FF] [ 0|34 ACKs]13:35:54  Sending 64 directed DeAuth (code 7). STMAC: [FF:FF:FF:FF:FF:FF] [ 0|35 ACKs]13:35:54  Sending 64 directed DeAuth (code 7). STMAC: [FF:FF:FF:FF:FF:FF] [ 0|36 ACKs]13:35:54  Sending 64 directed DeAuth (code 7). STMAC: [FF:FF:FF:FF:FF:FF] [ 0|37 ACKs]13:35:54  Sending 64 directed DeAuth (code 7). STMAC: [FF:FF:FF:FF:FF:FF] [ 0|38 ACKs]13:35:54  Sending 64 directed DeAuth (code 7). STMAC: [FF:FF:FF:FF:FF:FF] [ 0|39 ACKs]13:35:54  Sending 64 directed DeAuth (code 7). STMAC: [FF:FF:FF:FF:FF:FF] [ 0|40 ACKs]13:35:54  Sending 64 directed DeAuth (code 7). STMAC: [FF:FF:FF:FF:FF:FF] [ 0|41 ACKs]13:35:54  Sending 64 directed DeAuth (code 7). STMAC: [FF:FF:FF:FF:FF:FF] [ 0|42 ACKs]13:35:54  Sending 64 directed DeAuth (code 7). STMAC: [FF:FF:FF:FF:FF:FF] [ 0|43 ACKs]13:35:54  Sending 64 directed DeAuth (code 7). STMAC: [FF:FF:FF:FF:FF:FF] [ 0|44 ACKs]13:35:54  Sending 64 directed DeAuth (code 7). STMAC: [FF:FF:FF:FF:FF:FF] [ 0|45 ACKs]13:35:54  Sending 64 directed DeAuth (code 7). STMAC: [FF:FF:FF:FF:FF:FF] [ 0|46 ACKs]13:35:54  Sending 64 directed DeAuth (code 7). STMAC: [FF:FF:FF:FF:FF:FF] [ 0|47 ACKs]13:35:54  Sending 64 directed DeAuth (code 7). STMAC: [FF:FF:FF:FF:FF:FF] [ 0|48 ACKs]13:35:54  Sending 64 directed DeAuth (code 7). STMAC: [FF:FF:FF:FF:FF:FF] [ 1|48 ACKs]13:35:54  Sending 64 directed DeAuth (code 7). STMAC: [FF:FF:FF:FF:FF:FF] [ 1|49 ACKs]13:35:54  Sending 64 directed DeAuth (code 7). STMAC: [FF:FF:FF:FF:FF:FF] [ 1|50 ACKs]13:35:54  Sending 64 directed DeAuth (code 7). STMAC: [FF:FF:FF:FF:FF:FF] [ 1|51 ACKs]13:35:54  Sending 64 directed DeAuth (code 7). STMAC: [FF:FF:FF:FF:FF:FF] [ 1|52 ACKs]13:35:54  Sending 64 directed DeAuth (code 7). STMAC: [FF:FF:FF:FF:FF:FF] [ 1|53 ACKs]13:35:54  Sending 64 directed DeAuth (code 7). STMAC: [FF:FF:FF:FF:FF:FF] [ 1|54 ACKs]13:35:54  Sending 64 directed DeAuth (code 7). STMAC: [FF:FF:FF:FF:FF:FF] [ 1|55 ACKs]13:35:54  Sending 64 directed DeAuth (code 7). STMAC: [FF:FF:FF:FF:FF:FF] [ 1|56 ACKs]13:35:54  Sending 64 directed DeAuth (code 7). STMAC: [FF:FF:FF:FF:FF:FF] [ 1|57 ACKs]13:35:54  Sending 64 directed DeAuth (code 7). STMAC: [FF:FF:FF:FF:FF:FF] [ 1|58 ACKs]13:35:54  Sending 64 directed DeAuth (code 7). STMAC: [FF:FF:FF:FF:FF:FF] [ 1|59 ACKs]13:35:54  Sending 64 directed DeAuth (code 7). STMAC: [FF:FF:FF:FF:FF:FF] [ 1|60 ACKs]13:35:54  Sending 64 directed DeAuth (code 7). STMAC: [FF:FF:FF:FF:FF:FF] [ 1|61 ACKs]13:35:54  Sending 64 directed DeAuth (code 7). STMAC: [FF:FF:FF:FF:FF:FF] [ 1|62 ACKs]13:35:54  Sending 64 directed DeAuth (code 7). STMAC: [FF:FF:FF:FF:FF:FF] [ 1|63 ACKs]13:35:54  Sending 64 directed DeAuth (code 7). STMAC: [FF:FF:FF:FF:FF:FF] [ 1|64 ACKs]
13:35:54  Sending 64 directed DeAuth (code 7). STMAC: [FF:FF:FF:FF:FF:FF] [ 0| 0 ACKs]13:35:54  Sending 64 directed DeAuth (code 7). STMAC: [FF:FF:FF:FF:FF:FF] [ 0| 1 ACKs]13:35:55  Sending 64 directed DeAuth (code 7). STMAC: [FF:FF:FF:FF:FF:FF] [ 0| 2 ACKs]13:35:55  Sending 64 directed DeAuth (code 7). STMAC: [FF:FF:FF:FF:FF:FF] [ 0| 3 ACKs]13:35:55  Sending 64 directed DeAuth (code 7). STMAC: [FF:FF:FF:FF:FF:FF] [ 0| 4 ACKs]13:35:55  Sending 64 directed DeAuth (code 7). STMAC: [FF:FF:FF:FF:FF:FF] [ 0| 5 ACKs]13:35:55  Sending 64 directed DeAuth (code 7). STMAC: [FF:FF:FF:FF:FF:FF] [ 0| 6 ACKs]13:35:55  Sending 64 directed DeAuth (code 7). STMAC: [FF:FF:FF:FF:FF:FF] [ 1| 6 ACKs]13:35:55  Sending 64 directed DeAuth (code 7). STMAC: [FF:FF:FF:FF:FF:FF] [ 1| 7 ACKs]13:35:55  Sending 64 directed DeAuth (code 7). STMAC: [FF:FF:FF:FF:FF:FF] [ 2| 7 ACKs]13:35:55  Sending 64 directed DeAuth (code 7). STMAC: [FF:FF:FF:FF:FF:FF] [ 2| 8 ACKs]13:35:55  Sending 64 directed DeAuth (code 7). STMAC: [FF:FF:FF:FF:FF:FF] [ 2| 9 ACKs]13:35:55  Sending 64 directed DeAuth (code 7). STMAC: [FF:FF:FF:FF:FF:FF] [ 3| 9 ACKs]13:35:55  Sending 64 directed DeAuth (code 7). STMAC: [FF:FF:FF:FF:FF:FF] [ 3|10 ACKs]13:35:55  Sending 64 directed DeAuth (code 7). STMAC: [FF:FF:FF:FF:FF:FF] [ 3|11 ACKs]13:35:55  Sending 64 directed DeAuth (code 7). STMAC: [FF:FF:FF:FF:FF:FF] [ 3|12 ACKs]13:35:55  Sending 64 directed DeAuth (code 7). STMAC: [FF:FF:FF:FF:FF:FF] [ 4|12 ACKs]13:35:55  Sending 64 directed DeAuth (code 7). STMAC: [FF:FF:FF:FF:FF:FF] [ 4|13 ACKs]13:35:55  Sending 64 directed DeAuth (code 7). STMAC: [FF:FF:FF:FF:FF:FF] [ 5|13 ACKs]13:35:55  Sending 64 directed DeAuth (code 7). STMAC: [FF:FF:FF:FF:FF:FF] [ 5|14 ACKs]13:35:55  Sending 64 directed DeAuth (code 7). STMAC: [FF:FF:FF:FF:FF:FF] [ 6|14 ACKs]13:35:55  Sending 64 directed DeAuth (code 7). STMAC: [FF:FF:FF:FF:FF:FF] [ 6|15 ACKs]13:35:55  Sending 64 directed DeAuth (code 7). STMAC: [FF:FF:FF:FF:FF:FF] [ 7|15 ACKs]13:35:55  Sending 64 directed DeAuth (code 7). STMAC: [FF:FF:FF:FF:FF:FF] [ 7|16 ACKs]13:35:55  Sending 64 directed DeAuth (code 7). STMAC: [FF:FF:FF:FF:FF:FF] [ 8|16 ACKs]13:35:55  Sending 64 directed DeAuth (code 7). STMAC: [FF:FF:FF:FF:FF:FF] [ 8|17 ACKs]13:35:55  Sending 64 directed DeAuth (code 7). STMAC: [FF:FF:FF:FF:FF:FF] [ 9|17 ACKs]13:35:55  Sending 64 directed DeAuth (code 7). STMAC: [FF:FF:FF:FF:FF:FF] [ 9|18 ACKs]13:35:55  Sending 64 directed DeAuth (code 7). STMAC: [FF:FF:FF:FF:FF:FF] [10|18 ACKs]13:35:55  Sending 64 directed DeAuth (code 7). STMAC: [FF:FF:FF:FF:FF:FF] [10|19 ACKs]13:35:55  Sending 64 directed DeAuth (code 7). STMAC: [FF:FF:FF:FF:FF:FF] [11|19 ACKs]13:35:55  Sending 64 directed DeAuth (code 7). STMAC: [FF:FF:FF:FF:FF:FF] [11|20 ACKs]13:35:55  Sending 64 directed DeAuth (code 7). STMAC: [FF:FF:FF:FF:FF:FF] [12|20 ACKs]13:35:55  Sending 64 directed DeAuth (code 7). STMAC: [FF:FF:FF:FF:FF:FF] [12|21 ACKs]13:35:55  Sending 64 directed DeAuth (code 7). STMAC: [FF:FF:FF:FF:FF:FF] [13|21 ACKs]13:35:55  Sending 64 directed DeAuth (code 7). STMAC: [FF:FF:FF:FF:FF:FF] [13|22 ACKs]13:35:55  Sending 64 directed DeAuth (code 7). STMAC: [FF:FF:FF:FF:FF:FF] [14|22 ACKs]13:35:55  Sending 64 directed DeAuth (code 7). STMAC: [FF:FF:FF:FF:FF:FF] [14|23 ACKs]13:35:55  Sending 64 directed DeAuth (code 7). STMAC: [FF:FF:FF:FF:FF:FF] [14|24 ACKs]13:35:55  Sending 64 directed DeAuth (code 7). STMAC: [FF:FF:FF:FF:FF:FF] [14|25 ACKs]13:35:55  Sending 64 directed DeAuth (code 7). STMAC: [FF:FF:FF:FF:FF:FF] [14|26 ACKs]13:35:55  Sending 64 directed DeAuth (code 7). STMAC: [FF:FF:FF:FF:FF:FF] [14|27 ACKs]13:35:55  Sending 64 directed DeAuth (code 7). STMAC: [FF:FF:FF:FF:FF:FF] [14|28 ACKs]13:35:55  Sending 64 directed DeAuth (code 7). STMAC: [FF:FF:FF:FF:FF:FF] [14|29 ACKs]13:35:55  Sending 64 directed DeAuth (code 7). STMAC: [FF:FF:FF:FF:FF:FF] [14|30 ACKs]13:35:55  Sending 64 directed DeAuth (code 7). STMAC: [FF:FF:FF:FF:FF:FF] [14|31 ACKs]13:35:55  Sending 64 directed DeAuth (code 7). STMAC: [FF:FF:FF:FF:FF:FF] [14|32 ACKs]13:35:55  Sending 64 directed DeAuth (code 7). STMAC: [FF:FF:FF:FF:FF:FF] [14|33 ACKs]13:35:55  Sending 64 directed DeAuth (code 7). STMAC: [FF:FF:FF:FF:FF:FF] [14|34 ACKs]13:35:55  Sending 64 directed DeAuth (code 7). STMAC: [FF:FF:FF:FF:FF:FF] [14|35 ACKs]13:35:55  Sending 64 directed DeAuth (code 7). STMAC: [FF:FF:FF:FF:FF:FF] [14|36 ACKs]13:35:55  Sending 64 directed DeAuth (code 7). STMAC: [FF:FF:FF:FF:FF:FF] [14|37 ACKs]13:35:55  Sending 64 directed DeAuth (code 7). STMAC: [FF:FF:FF:FF:FF:FF] [14|38 ACKs]13:35:55  Sending 64 directed DeAuth (code 7). STMAC: [FF:FF:FF:FF:FF:FF] [14|39 ACKs]13:35:55  Sending 64 directed DeAuth (code 7). STMAC: [FF:FF:FF:FF:FF:FF] [14|40 ACKs]13:35:55  Sending 64 directed DeAuth (code 7). STMAC: [FF:FF:FF:FF:FF:FF] [14|41 ACKs]13:35:55  Sending 64 directed DeAuth (code 7). STMAC: [FF:FF:FF:FF:FF:FF] [14|42 ACKs]13:35:55  Sending 64 directed DeAuth (code 7). STMAC: [FF:FF:FF:FF:FF:FF] [14|43 ACKs]13:35:55  Sending 64 directed DeAuth (code 7). STMAC: [FF:FF:FF:FF:FF:FF] [14|44 ACKs]13:35:55  Sending 64 directed DeAuth (code 7). STMAC: [FF:FF:FF:FF:FF:FF] [14|45 ACKs]13:35:55  Sending 64 directed DeAuth (code 7). STMAC: [FF:FF:FF:FF:FF:FF] [14|46 ACKs]13:35:55  Sending 64 directed DeAuth (code 7). STMAC: [FF:FF:FF:FF:FF:FF] [14|47 ACKs]13:35:55  Sending 64 directed DeAuth (code 7). STMAC: [FF:FF:FF:FF:FF:FF] [14|48 ACKs]13:35:55  Sending 64 directed DeAuth (code 7). STMAC: [FF:FF:FF:FF:FF:FF] [14|49 ACKs]13:35:55  Sending 64 directed DeAuth (code 7). STMAC: [FF:FF:FF:FF:FF:FF] [14|50 ACKs]13:35:55  Sending 64 directed DeAuth (code 7). STMAC: [FF:FF:FF:FF:FF:FF] [14|51 ACKs]13:35:55  Sending 64 directed DeAuth (code 7). STMAC: [FF:FF:FF:FF:FF:FF] [14|52 ACKs]13:35:55  Sending 64 directed DeAuth (code 7). STMAC: [FF:FF:FF:FF:FF:FF] [14|53 ACKs]13:35:55  Sending 64 directed DeAuth (code 7). STMAC: [FF:FF:FF:FF:FF:FF] [14|54 ACKs]13:35:55  Sending 64 directed DeAuth (code 7). STMAC: [FF:FF:FF:FF:FF:FF] [14|55 ACKs]13:35:55  Sending 64 directed DeAuth (code 7). STMAC: [FF:FF:FF:FF:FF:FF] [14|56 ACKs]13:35:55  Sending 64 directed DeAuth (code 7). STMAC: [FF:FF:FF:FF:FF:FF] [14|57 ACKs]13:35:55  Sending 64 directed DeAuth (code 7). STMAC: [FF:FF:FF:FF:FF:FF] [15|57 ACKs]13:35:55  Sending 64 directed DeAuth (code 7). STMAC: [FF:FF:FF:FF:FF:FF] [15|58 ACKs]13:35:55  Sending 64 directed DeAuth (code 7). STMAC: [FF:FF:FF:FF:FF:FF] [15|59 ACKs]13:35:55  Sending 64 directed DeAuth (code 7). STMAC: [FF:FF:FF:FF:FF:FF] [15|60 ACKs]13:35:55  Sending 64 directed DeAuth (code 7). STMAC: [FF:FF:FF:FF:FF:FF] [15|61 ACKs]13:35:55  Sending 64 directed DeAuth (code 7). STMAC: [FF:FF:FF:FF:FF:FF] [15|62 ACKs]13:35:55  Sending 64 directed DeAuth (code 7). STMAC: [FF:FF:FF:FF:FF:FF] [15|63 ACKs]13:35:55  Sending 64 directed DeAuth (code 7). STMAC: [FF:FF:FF:FF:FF:FF] [15|64 ACKs]
13:35:55  Sending 64 directed DeAuth (code 7). STMAC: [FF:FF:FF:FF:FF:FF] [ 0| 0 ACKs]13:35:55  Sending 64 directed DeAuth (code 7). STMAC: [FF:FF:FF:FF:FF:FF] [ 0| 1 ACKs]13:35:55  Sending 64 directed DeAuth (code 7). STMAC: [FF:FF:FF:FF:FF:FF] [ 0| 2 ACKs]13:35:55  Sending 64 directed DeAuth (code 7). STMAC: [FF:FF:FF:FF:FF:FF] [ 0| 3 ACKs]13:35:55  Sending 64 directed DeAuth (code 7). STMAC: [FF:FF:FF:FF:FF:FF] [ 0| 4 ACKs]13:35:55  Sending 64 directed DeAuth (code 7). STMAC: [FF:FF:FF:FF:FF:FF] [ 0| 5 ACKs]13:35:55  Sending 64 directed DeAuth (code 7). STMAC: [FF:FF:FF:FF:FF:FF] [ 0| 6 ACKs]13:35:55  Sending 64 directed DeAuth (code 7). STMAC: [FF:FF:FF:FF:FF:FF] [ 0| 7 ACKs]13:35:55  Sending 64 directed DeAuth (code 7). STMAC: [FF:FF:FF:FF:FF:FF] [ 0| 8 ACKs]13:35:55  Sending 64 directed DeAuth (code 7). STMAC: [FF:FF:FF:FF:FF:FF] [ 0| 9 ACKs]13:35:55  Sending 64 directed DeAuth (code 7). STMAC: [FF:FF:FF:FF:FF:FF] [ 0|10 ACKs]13:35:55  Sending 64 directed DeAuth (code 7). STMAC: [FF:FF:FF:FF:FF:FF] [ 0|11 ACKs]13:35:55  Sending 64 directed DeAuth (code 7). STMAC: [FF:FF:FF:FF:FF:FF] [ 0|12 ACKs]13:35:55  Sending 64 directed DeAuth (code 7). STMAC: [FF:FF:FF:FF:FF:FF] [ 0|13 ACKs]13:35:55  Sending 64 directed DeAuth (code 7). STMAC: [FF:FF:FF:FF:FF:FF] [ 0|14 ACKs]13:35:55  Sending 64 directed DeAuth (code 7). STMAC: [FF:FF:FF:FF:FF:FF] [ 0|15 ACKs]13:35:55  Sending 64 directed DeAuth (code 7). STMAC: [FF:FF:FF:FF:FF:FF] [ 1|15 ACKs]13:35:55  Sending 64 directed DeAuth (code 7). STMAC: [FF:FF:FF:FF:FF:FF] [ 1|16 ACKs]13:35:55  Sending 64 directed DeAuth (code 7). STMAC: [FF:FF:FF:FF:FF:FF] [ 1|17 ACKs]13:35:55  Sending 64 directed DeAuth (code 7). STMAC: [FF:FF:FF:FF:FF:FF] [ 1|18 ACKs]13:35:55  Sending 64 directed DeAuth (code 7). STMAC: [FF:FF:FF:FF:FF:FF] [ 1|19 ACKs]13:35:55  Sending 64 directed DeAuth (code 7). STMAC: [FF:FF:FF:FF:FF:FF] [ 1|20 ACKs]13:35:55  Sending 64 directed DeAuth (code 7). STMAC: [FF:FF:FF:FF:FF:FF] [ 1|21 ACKs]13:35:55  Sending 64 directed DeAuth (code 7). STMAC: [FF:FF:FF:FF:FF:FF] [ 1|22 ACKs]13:35:55  Sending 64 directed DeAuth (code 7). STMAC: [FF:FF:FF:FF:FF:FF] [ 1|23 ACKs]13:35:55  Sending 64 directed DeAuth (code 7). STMAC: [FF:FF:FF:FF:FF:FF] [ 1|24 ACKs]13:35:55  Sending 64 directed DeAuth (code 7). STMAC: [FF:FF:FF:FF:FF:FF] [ 1|25 ACKs]13:35:55  Sending 64 directed DeAuth (code 7). STMAC: [FF:FF:FF:FF:FF:FF] [ 1|26 ACKs]13:35:55  Sending 64 directed DeAuth (code 7). STMAC: [FF:FF:FF:FF:FF:FF] [ 1|27 ACKs]13:35:55  Sending 64 directed DeAuth (code 7). STMAC: [FF:FF:FF:FF:FF:FF] [ 1|28 ACKs]13:35:55  Sending 64 directed DeAuth (code 7). STMAC: [FF:FF:FF:FF:FF:FF] [ 1|29 ACKs]13:35:55  Sending 64 directed DeAuth (code 7). STMAC: [FF:FF:FF:FF:FF:FF] [ 1|30 ACKs]13:35:55  Sending 64 directed DeAuth (code 7). STMAC: [FF:FF:FF:FF:FF:FF] [ 1|31 ACKs]13:35:55  Sending 64 directed DeAuth (code 7). STMAC: [FF:FF:FF:FF:FF:FF] [ 1|32 ACKs]13:35:55  Sending 64 directed DeAuth (code 7). STMAC: [FF:FF:FF:FF:FF:FF] [ 1|33 ACKs]13:35:55  Sending 64 directed DeAuth (code 7). STMAC: [FF:FF:FF:FF:FF:FF] [ 1|34 ACKs]13:35:55  Sending 64 directed DeAuth (code 7). STMAC: [FF:FF:FF:FF:FF:FF] [ 1|35 ACKs]13:35:55  Sending 64 directed DeAuth (code 7). STMAC: [FF:FF:FF:FF:FF:FF] [ 1|36 ACKs]13:35:55  Sending 64 directed DeAuth (code 7). STMAC: [FF:FF:FF:FF:FF:FF] [ 1|37 ACKs]13:35:55  Sending 64 directed DeAuth (code 7). STMAC: [FF:FF:FF:FF:FF:FF] [ 1|38 ACKs]13:35:55  Sending 64 directed DeAuth (code 7). STMAC: [FF:FF:FF:FF:FF:FF] [ 1|39 ACKs]13:35:55  Sending 64 directed DeAuth (code 7). STMAC: [FF:FF:FF:FF:FF:FF] [ 1|40 ACKs]13:35:55  Sending 64 directed DeAuth (code 7). STMAC: [FF:FF:FF:FF:FF:FF] [ 1|41 ACKs]13:35:55  Sending 64 directed DeAuth (code 7). STMAC: [FF:FF:FF:FF:FF:FF] [ 1|42 ACKs]13:35:55  Sending 64 directed DeAuth (code 7). STMAC: [FF:FF:FF:FF:FF:FF] [ 1|43 ACKs]13:35:55  Sending 64 directed DeAuth (code 7). STMAC: [FF:FF:FF:FF:FF:FF] [ 1|44 ACKs]13:35:55  Sending 64 directed DeAuth (code 7). STMAC: [FF:FF:FF:FF:FF:FF] [ 1|45 ACKs]13:35:55  Sending 64 directed DeAuth (code 7). STMAC: [FF:FF:FF:FF:FF:FF] [ 1|46 ACKs]13:35:55  Sending 64 directed DeAuth (code 7). STMAC: [FF:FF:FF:FF:FF:FF] [ 1|47 ACKs]13:35:55  Sending 64 directed DeAuth (code 7). STMAC: [FF:FF:FF:FF:FF:FF] [ 1|48 ACKs]13:35:55  Sending 64 directed DeAuth (code 7). STMAC: [FF:FF:FF:FF:FF:FF] [ 1|49 ACKs]13:35:55  Sending 64 directed DeAuth (code 7). STMAC: [FF:FF:FF:FF:FF:FF] [ 1|50 ACKs]13:35:55  Sending 64 directed DeAuth (code 7). STMAC: [FF:FF:FF:FF:FF:FF] [ 1|51 ACKs]13:35:55  Sending 64 directed DeAuth (code 7). STMAC: [FF:FF:FF:FF:FF:FF] [ 1|52 ACKs]13:35:55  Sending 64 directed DeAuth (code 7). STMAC: [FF:FF:FF:FF:FF:FF] [ 1|53 ACKs]13:35:55  Sending 64 directed DeAuth (code 7). STMAC: [FF:FF:FF:FF:FF:FF] [ 1|54 ACKs]13:35:55  Sending 64 directed DeAuth (code 7). STMAC: [FF:FF:FF:FF:FF:FF] [ 1|55 ACKs]13:35:55  Sending 64 directed DeAuth (code 7). STMAC: [FF:FF:FF:FF:FF:FF] [ 1|56 ACKs]13:35:55  Sending 64 directed DeAuth (code 7). STMAC: [FF:FF:FF:FF:FF:FF] [ 1|57 ACKs]13:35:55  Sending 64 directed DeAuth (code 7). STMAC: [FF:FF:FF:FF:FF:FF] [ 1|58 ACKs]13:35:55  Sending 64 directed DeAuth (code 7). STMAC: [FF:FF:FF:FF:FF:FF] [ 1|59 ACKs]13:35:55  Sending 64 directed DeAuth (code 7). STMAC: [FF:FF:FF:FF:FF:FF] [ 1|60 ACKs]13:35:55  Sending 64 directed DeAuth (code 7). STMAC: [FF:FF:FF:FF:FF:FF] [ 1|61 ACKs]13:35:55  Sending 64 directed DeAuth (code 7). STMAC: [FF:FF:FF:FF:FF:FF] [ 1|62 ACKs]13:35:55  Sending 64 directed DeAuth (code 7). STMAC: [FF:FF:FF:FF:FF:FF] [ 1|63 ACKs]13:35:55  Sending 64 directed DeAuth (code 7). STMAC: [FF:FF:FF:FF:FF:FF] [ 1|64 ACKs]13:35:55  Sending 64 directed DeAuth (code 7). STMAC: [FF:FF:FF:FF:FF:FF] [ 1|64 ACKs]
13:35:56  Sending 64 directed DeAuth (code 7). STMAC: [FF:FF:FF:FF:FF:FF] [ 0| 0 ACKs]13:35:56  Sending 64 directed DeAuth (code 7). STMAC: [FF:FF:FF:FF:FF:FF] [ 0| 0 ACKs]13:35:56  Sending 64 directed DeAuth (code 7). STMAC: [FF:FF:FF:FF:FF:FF] [ 0| 1 ACKs]13:35:56  Sending 64 directed DeAuth (code 7). STMAC: [FF:FF:FF:FF:FF:FF] [ 0| 2 ACKs]13:35:56  Sending 64 directed DeAuth (code 7). STMAC: [FF:FF:FF:FF:FF:FF] [ 0| 3 ACKs]13:35:56  Sending 64 directed DeAuth (code 7). STMAC: [FF:FF:FF:FF:FF:FF] [ 0| 4 ACKs]13:35:56  Sending 64 directed DeAuth (code 7). STMAC: [FF:FF:FF:FF:FF:FF] [ 0| 5 ACKs]13:35:56  Sending 64 directed DeAuth (code 7). STMAC: [FF:FF:FF:FF:FF:FF] [ 0| 6 ACKs]13:35:56  Sending 64 directed DeAuth (code 7). STMAC: [FF:FF:FF:FF:FF:FF] [ 0| 7 ACKs]13:35:56  Sending 64 directed DeAuth (code 7). STMAC: [FF:FF:FF:FF:FF:FF] [ 0| 8 ACKs]13:35:56  Sending 64 directed DeAuth (code 7). STMAC: [FF:FF:FF:FF:FF:FF] [ 0| 9 ACKs]13:35:56  Sending 64 directed DeAuth (code 7). STMAC: [FF:FF:FF:FF:FF:FF] [ 0|10 ACKs]13:35:56  Sending 64 directed DeAuth (code 7). STMAC: [FF:FF:FF:FF:FF:FF] [ 0|11 ACKs]13:35:56  Sending 64 directed DeAuth (code 7). STMAC: [FF:FF:FF:FF:FF:FF] [ 0|12 ACKs]13:35:56  Sending 64 directed DeAuth (code 7). STMAC: [FF:FF:FF:FF:FF:FF] [ 0|13 ACKs]13:35:56  Sending 64 directed DeAuth (code 7). STMAC: [FF:FF:FF:FF:FF:FF] [ 0|14 ACKs]13:35:56  Sending 64 directed DeAuth (code 7). STMAC: [FF:FF:FF:FF:FF:FF] [ 0|15 ACKs]13:35:56  Sending 64 directed DeAuth (code 7). STMAC: [FF:FF:FF:FF:FF:FF] [ 0|16 ACKs]13:35:56  Sending 64 directed DeAuth (code 7). STMAC: [FF:FF:FF:FF:FF:FF] [ 0|17 ACKs]13:35:56  Sending 64 directed DeAuth (code 7). STMAC: [FF:FF:FF:FF:FF:FF] [ 0|18 ACKs]13:35:56  Sending 64 directed DeAuth (code 7). STMAC: [FF:FF:FF:FF:FF:FF] [ 0|19 ACKs]13:35:56  Sending 64 directed DeAuth (code 7). STMAC: [FF:FF:FF:FF:FF:FF] [ 0|20 ACKs]13:35:56  Sending 64 directed DeAuth (code 7). STMAC: [FF:FF:FF:FF:FF:FF] [ 0|21 ACKs]13:35:56  Sending 64 directed DeAuth (code 7). STMAC: [FF:FF:FF:FF:FF:FF] [ 1|21 ACKs]13:35:56  Sending 64 directed DeAuth (code 7). STMAC: [FF:FF:FF:FF:FF:FF] [ 1|22 ACKs]13:35:56  Sending 64 directed DeAuth (code 7). STMAC: [FF:FF:FF:FF:FF:FF] [ 1|23 ACKs]13:35:56  Sending 64 directed DeAuth (code 7). STMAC: [FF:FF:FF:FF:FF:FF] [ 1|24 ACKs]13:35:56  Sending 64 directed DeAuth (code 7). STMAC: [FF:FF:FF:FF:FF:FF] [ 1|25 ACKs]13:35:56  Sending 64 directed DeAuth (code 7). STMAC: [FF:FF:FF:FF:FF:FF] [ 1|26 ACKs]13:35:56  Sending 64 directed DeAuth (code 7). STMAC: [FF:FF:FF:FF:FF:FF] [ 1|27 ACKs]13:35:56  Sending 64 directed DeAuth (code 7). STMAC: [FF:FF:FF:FF:FF:FF] [ 1|28 ACKs]13:35:56  Sending 64 directed DeAuth (code 7). STMAC: [FF:FF:FF:FF:FF:FF] [ 1|29 ACKs]13:35:56  Sending 64 directed DeAuth (code 7). STMAC: [FF:FF:FF:FF:FF:FF] [ 1|30 ACKs]13:35:56  Sending 64 directed DeAuth (code 7). STMAC: [FF:FF:FF:FF:FF:FF] [ 1|31 ACKs]13:35:56  Sending 64 directed DeAuth (code 7). STMAC: [FF:FF:FF:FF:FF:FF] [ 1|32 ACKs]13:35:56  Sending 64 directed DeAuth (code 7). STMAC: [FF:FF:FF:FF:FF:FF] [ 1|33 ACKs]13:35:56  Sending 64 directed DeAuth (code 7). STMAC: [FF:FF:FF:FF:FF:FF] [ 1|34 ACKs]13:35:56  Sending 64 directed DeAuth (code 7). STMAC: [FF:FF:FF:FF:FF:FF] [ 1|35 ACKs]13:35:56  Sending 64 directed DeAuth (code 7). STMAC: [FF:FF:FF:FF:FF:FF] [ 1|36 ACKs]13:35:56  Sending 64 directed DeAuth (code 7). STMAC: [FF:FF:FF:FF:FF:FF] [ 1|37 ACKs]13:35:56  Sending 64 directed DeAuth (code 7). STMAC: [FF:FF:FF:FF:FF:FF] [ 1|38 ACKs]13:35:56  Sending 64 directed DeAuth (code 7). STMAC: [FF:FF:FF:FF:FF:FF] [ 1|39 ACKs]13:35:56  Sending 64 directed DeAuth (code 7). STMAC: [FF:FF:FF:FF:FF:FF] [ 1|40 ACKs]13:35:56  Sending 64 directed DeAuth (code 7). STMAC: [FF:FF:FF:FF:FF:FF] [ 1|41 ACKs]13:35:56  Sending 64 directed DeAuth (code 7). STMAC: [FF:FF:FF:FF:FF:FF] [ 1|42 ACKs]13:35:56  Sending 64 directed DeAuth (code 7). STMAC: [FF:FF:FF:FF:FF:FF] [ 1|43 ACKs]13:35:56  Sending 64 directed DeAuth (code 7). STMAC: [FF:FF:FF:FF:FF:FF] [ 1|44 ACKs]13:35:56  Sending 64 directed DeAuth (code 7). STMAC: [FF:FF:FF:FF:FF:FF] [ 1|45 ACKs]13:35:56  Sending 64 directed DeAuth (code 7). STMAC: [FF:FF:FF:FF:FF:FF] [ 1|46 ACKs]13:35:56  Sending 64 directed DeAuth (code 7). STMAC: [FF:FF:FF:FF:FF:FF] [ 1|47 ACKs]13:35:56  Sending 64 directed DeAuth (code 7). STMAC: [FF:FF:FF:FF:FF:FF] [ 1|48 ACKs]13:35:56  Sending 64 directed DeAuth (code 7). STMAC: [FF:FF:FF:FF:FF:FF] [ 1|49 ACKs]13:35:56  Sending 64 directed DeAuth (code 7). STMAC: [FF:FF:FF:FF:FF:FF] [ 1|50 ACKs]13:35:56  Sending 64 directed DeAuth (code 7). STMAC: [FF:FF:FF:FF:FF:FF] [ 1|51 ACKs]13:35:56  Sending 64 directed DeAuth (code 7). STMAC: [FF:FF:FF:FF:FF:FF] [ 1|52 ACKs]13:35:56  Sending 64 directed DeAuth (code 7). STMAC: [FF:FF:FF:FF:FF:FF] [ 1|53 ACKs]13:35:56  Sending 64 directed DeAuth (code 7). STMAC: [FF:FF:FF:FF:FF:FF] [ 1|54 ACKs]13:35:56  Sending 64 directed DeAuth (code 7). STMAC: [FF:FF:FF:FF:FF:FF] [ 1|55 ACKs]13:35:56  Sending 64 directed DeAuth (code 7). STMAC: [FF:FF:FF:FF:FF:FF] [ 1|56 ACKs]13:35:56  Sending 64 directed DeAuth (code 7). STMAC: [FF:FF:FF:FF:FF:FF] [ 1|57 ACKs]13:35:56  Sending 64 directed DeAuth (code 7). STMAC: [FF:FF:FF:FF:FF:FF] [ 1|58 ACKs]13:35:56  Sending 64 directed DeAuth (code 7). STMAC: [FF:FF:FF:FF:FF:FF] [ 1|59 ACKs]13:35:56  Sending 64 directed DeAuth (code 7). STMAC: [FF:FF:FF:FF:FF:FF] [ 1|60 ACKs]13:35:56  Sending 64 directed DeAuth (code 7). STMAC: [FF:FF:FF:FF:FF:FF] [ 1|61 ACKs]13:35:56  Sending 64 directed DeAuth (code 7). STMAC: [FF:FF:FF:FF:FF:FF] [ 1|62 ACKs]13:35:56  Sending 64 directed DeAuth (code 7). STMAC: [FF:FF:FF:FF:FF:FF] [ 1|63 ACKs]13:35:56  Sending 64 directed DeAuth (code 7). STMAC: [FF:FF:FF:FF:FF:FF] [ 1|64 ACKs]
13:35:56  Sending 64 directed DeAuth (code 7). STMAC: [FF:FF:FF:FF:FF:FF] [ 0| 0 ACKs]13:35:56  Sending 64 directed DeAuth (code 7). STMAC: [FF:FF:FF:FF:FF:FF] [ 0| 1 ACKs]13:35:56  Sending 64 directed DeAuth (code 7). STMAC: [FF:FF:FF:FF:FF:FF] [ 0| 2 ACKs]13:35:56  Sending 64 directed DeAuth (code 7). STMAC: [FF:FF:FF:FF:FF:FF] [ 0| 3 ACKs]13:35:56  Sending 64 directed DeAuth (code 7). STMAC: [FF:FF:FF:FF:FF:FF] [ 0| 4 ACKs]13:35:56  Sending 64 directed DeAuth (code 7). STMAC: [FF:FF:FF:FF:FF:FF] [ 0| 5 ACKs]13:35:56  Sending 64 directed DeAuth (code 7). STMAC: [FF:FF:FF:FF:FF:FF] [ 0| 6 ACKs]13:35:56  Sending 64 directed DeAuth (code 7). STMAC: [FF:FF:FF:FF:FF:FF] [ 0| 7 ACKs]13:35:56  Sending 64 directed DeAuth (code 7). STMAC: [FF:FF:FF:FF:FF:FF] [ 0| 8 ACKs]13:35:56  Sending 64 directed DeAuth (code 7). STMAC: [FF:FF:FF:FF:FF:FF] [ 0| 9 ACKs]13:35:56  Sending 64 directed DeAuth (code 7). STMAC: [FF:FF:FF:FF:FF:FF] [ 0|10 ACKs]13:35:56  Sending 64 directed DeAuth (code 7). STMAC: [FF:FF:FF:FF:FF:FF] [ 0|11 ACKs]13:35:56  Sending 64 directed DeAuth (code 7). STMAC: [FF:FF:FF:FF:FF:FF] [ 0|12 ACKs]13:35:56  Sending 64 directed DeAuth (code 7). STMAC: [FF:FF:FF:FF:FF:FF] [ 0|13 ACKs]13:35:56  Sending 64 directed DeAuth (code 7). STMAC: [FF:FF:FF:FF:FF:FF] [ 0|14 ACKs]13:35:56  Sending 64 directed DeAuth (code 7). STMAC: [FF:FF:FF:FF:FF:FF] [ 0|15 ACKs]13:35:56  Sending 64 directed DeAuth (code 7). STMAC: [FF:FF:FF:FF:FF:FF] [ 0|16 ACKs]13:35:56  Sending 64 directed DeAuth (code 7). STMAC: [FF:FF:FF:FF:FF:FF] [ 0|17 ACKs]13:35:56  Sending 64 directed DeAuth (code 7). STMAC: [FF:FF:FF:FF:FF:FF] [ 0|18 ACKs]13:35:56  Sending 64 directed DeAuth (code 7). STMAC: [FF:FF:FF:FF:FF:FF] [ 0|19 ACKs]13:35:56  Sending 64 directed DeAuth (code 7). STMAC: [FF:FF:FF:FF:FF:FF] [ 0|20 ACKs]13:35:56  Sending 64 directed DeAuth (code 7). STMAC: [FF:FF:FF:FF:FF:FF] [ 0|21 ACKs]13:35:56  Sending 64 directed DeAuth (code 7). STMAC: [FF:FF:FF:FF:FF:FF] [ 0|22 ACKs]13:35:56  Sending 64 directed DeAuth (code 7). STMAC: [FF:FF:FF:FF:FF:FF] [ 0|23 ACKs]13:35:56  Sending 64 directed DeAuth (code 7). STMAC: [FF:FF:FF:FF:FF:FF] [ 0|24 ACKs]13:35:56  Sending 64 directed DeAuth (code 7). STMAC: [FF:FF:FF:FF:FF:FF] [ 0|25 ACKs]13:35:56  Sending 64 directed DeAuth (code 7). STMAC: [FF:FF:FF:FF:FF:FF] [ 0|26 ACKs]13:35:56  Sending 64 directed DeAuth (code 7). STMAC: [FF:FF:FF:FF:FF:FF] [ 1|26 ACKs]13:35:56  Sending 64 directed DeAuth (code 7). STMAC: [FF:FF:FF:FF:FF:FF] [ 1|27 ACKs]13:35:56  Sending 64 directed DeAuth (code 7). STMAC: [FF:FF:FF:FF:FF:FF] [ 1|28 ACKs]13:35:56  Sending 64 directed DeAuth (code 7). STMAC: [FF:FF:FF:FF:FF:FF] [ 1|29 ACKs]13:35:56  Sending 64 directed DeAuth (code 7). STMAC: [FF:FF:FF:FF:FF:FF] [ 1|30 ACKs]13:35:56  Sending 64 directed DeAuth (code 7). STMAC: [FF:FF:FF:FF:FF:FF] [ 1|31 ACKs]13:35:56  Sending 64 directed DeAuth (code 7). STMAC: [FF:FF:FF:FF:FF:FF] [ 1|32 ACKs]13:35:56  Sending 64 directed DeAuth (code 7). STMAC: [FF:FF:FF:FF:FF:FF] [ 1|33 ACKs]13:35:56  Sending 64 directed DeAuth (code 7). STMAC: [FF:FF:FF:FF:FF:FF] [ 1|34 ACKs]13:35:56  Sending 64 directed DeAuth (code 7). STMAC: [FF:FF:FF:FF:FF:FF] [ 1|35 ACKs]13:35:56  Sending 64 directed DeAuth (code 7). STMAC: [FF:FF:FF:FF:FF:FF] [ 1|36 ACKs]13:35:56  Sending 64 directed DeAuth (code 7). STMAC: [FF:FF:FF:FF:FF:FF] [ 1|37 ACKs]13:35:56  Sending 64 directed DeAuth (code 7). STMAC: [FF:FF:FF:FF:FF:FF] [ 1|38 ACKs]13:35:56  Sending 64 directed DeAuth (code 7). STMAC: [FF:FF:FF:FF:FF:FF] [ 1|39 ACKs]13:35:56  Sending 64 directed DeAuth (code 7). STMAC: [FF:FF:FF:FF:FF:FF] [ 1|40 ACKs]13:35:56  Sending 64 directed DeAuth (code 7). STMAC: [FF:FF:FF:FF:FF:FF] [ 1|41 ACKs]13:35:56  Sending 64 directed DeAuth (code 7). STMAC: [FF:FF:FF:FF:FF:FF] [ 1|42 ACKs]13:35:56  Sending 64 directed DeAuth (code 7). STMAC: [FF:FF:FF:FF:FF:FF] [ 1|43 ACKs]13:35:56  Sending 64 directed DeAuth (code 7). STMAC: [FF:FF:FF:FF:FF:FF] [ 1|44 ACKs]13:35:56  Sending 64 directed DeAuth (code 7). STMAC: [FF:FF:FF:FF:FF:FF] [ 1|45 ACKs]13:35:56  Sending 64 directed DeAuth (code 7). STMAC: [FF:FF:FF:FF:FF:FF] [ 1|46 ACKs]13:35:56  Sending 64 directed DeAuth (code 7). STMAC: [FF:FF:FF:FF:FF:FF] [ 1|47 ACKs]13:35:56  Sending 64 directed DeAuth (code 7). STMAC: [FF:FF:FF:FF:FF:FF] [ 1|48 ACKs]13:35:57  Sending 64 directed DeAuth (code 7). STMAC: [FF:FF:FF:FF:FF:FF] [ 1|49 ACKs]13:35:57  Sending 64 directed DeAuth (code 7). STMAC: [FF:FF:FF:FF:FF:FF] [ 1|50 ACKs]13:35:57  Sending 64 directed DeAuth (code 7). STMAC: [FF:FF:FF:FF:FF:FF] [ 1|51 ACKs]13:35:57  Sending 64 directed DeAuth (code 7). STMAC: [FF:FF:FF:FF:FF:FF] [ 1|52 ACKs]13:35:57  Sending 64 directed DeAuth (code 7). STMAC: [FF:FF:FF:FF:FF:FF] [ 1|53 ACKs]13:35:57  Sending 64 directed DeAuth (code 7). STMAC: [FF:FF:FF:FF:FF:FF] [ 1|54 ACKs]13:35:57  Sending 64 directed DeAuth (code 7). STMAC: [FF:FF:FF:FF:FF:FF] [ 1|55 ACKs]13:35:57  Sending 64 directed DeAuth (code 7). STMAC: [FF:FF:FF:FF:FF:FF] [ 1|56 ACKs]13:35:57  Sending 64 directed DeAuth (code 7). STMAC: [FF:FF:FF:FF:FF:FF] [ 1|57 ACKs]13:35:57  Sending 64 directed DeAuth (code 7). STMAC: [FF:FF:FF:FF:FF:FF] [ 1|58 ACKs]13:35:57  Sending 64 directed DeAuth (code 7). STMAC: [FF:FF:FF:FF:FF:FF] [ 1|59 ACKs]13:35:57  Sending 64 directed DeAuth (code 7). STMAC: [FF:FF:FF:FF:FF:FF] [ 1|60 ACKs]13:35:57  Sending 64 directed DeAuth (code 7). STMAC: [FF:FF:FF:FF:FF:FF] [ 1|61 ACKs]13:35:57  Sending 64 directed DeAuth (code 7). STMAC: [FF:FF:FF:FF:FF:FF] [ 1|62 ACKs]13:35:57  Sending 64 directed DeAuth (code 7). STMAC: [FF:FF:FF:FF:FF:FF] [ 1|63 ACKs]13:35:57  Sending 64 directed DeAuth (code 7). STMAC: [FF:FF:FF:FF:FF:FF] [ 1|64 ACKs]
13:35:57  Sending 64 directed DeAuth (code 7). STMAC: [FF:FF:FF:FF:FF:FF] [ 0| 0 ACKs]13:35:57  Sending 64 directed DeAuth (code 7). STMAC: [FF:FF:FF:FF:FF:FF] [ 0| 1 ACKs]13:35:57  Sending 64 directed DeAuth (code 7). STMAC: [FF:FF:FF:FF:FF:FF] [ 0| 2 ACKs]13:35:57  Sending 64 directed DeAuth (code 7). STMAC: [FF:FF:FF:FF:FF:FF] [ 0| 3 ACKs]13:35:57  Sending 64 directed DeAuth (code 7). STMAC: [FF:FF:FF:FF:FF:FF] [ 0| 4 ACKs]13:35:57  Sending 64 directed DeAuth (code 7). STMAC: [FF:FF:FF:FF:FF:FF] [ 0| 5 ACKs]13:35:57  Sending 64 directed DeAuth (code 7). STMAC: [FF:FF:FF:FF:FF:FF] [ 0| 6 ACKs]13:35:57  Sending 64 directed DeAuth (code 7). STMAC: [FF:FF:FF:FF:FF:FF] [ 0| 7 ACKs]13:35:57  Sending 64 directed DeAuth (code 7). STMAC: [FF:FF:FF:FF:FF:FF] [ 0| 8 ACKs]13:35:57  Sending 64 directed DeAuth (code 7). STMAC: [FF:FF:FF:FF:FF:FF] [ 0| 9 ACKs]13:35:57  Sending 64 directed DeAuth (code 7). STMAC: [FF:FF:FF:FF:FF:FF] [ 0|10 ACKs]13:35:57  Sending 64 directed DeAuth (code 7). STMAC: [FF:FF:FF:FF:FF:FF] [ 0|11 ACKs]13:35:57  Sending 64 directed DeAuth (code 7). STMAC: [FF:FF:FF:FF:FF:FF] [ 0|12 ACKs]13:35:57  Sending 64 directed DeAuth (code 7). STMAC: [FF:FF:FF:FF:FF:FF] [ 0|13 ACKs]13:35:57  Sending 64 directed DeAuth (code 7). STMAC: [FF:FF:FF:FF:FF:FF] [ 0|14 ACKs]13:35:57  Sending 64 directed DeAuth (code 7). STMAC: [FF:FF:FF:FF:FF:FF] [ 0|15 ACKs]13:35:57  Sending 64 directed DeAuth (code 7). STMAC: [FF:FF:FF:FF:FF:FF] [ 0|16 ACKs]13:35:57  Sending 64 directed DeAuth (code 7). STMAC: [FF:FF:FF:FF:FF:FF] [ 0|17 ACKs]13:35:57  Sending 64 directed DeAuth (code 7). STMAC: [FF:FF:FF:FF:FF:FF] [ 0|18 ACKs]13:35:57  Sending 64 directed DeAuth (code 7). STMAC: [FF:FF:FF:FF:FF:FF] [ 0|19 ACKs]13:35:57  Sending 64 directed DeAuth (code 7). STMAC: [FF:FF:FF:FF:FF:FF] [ 0|20 ACKs]13:35:57  Sending 64 directed DeAuth (code 7). STMAC: [FF:FF:FF:FF:FF:FF] [ 0|21 ACKs]13:35:57  Sending 64 directed DeAuth (code 7). STMAC: [FF:FF:FF:FF:FF:FF] [ 0|22 ACKs]13:35:57  Sending 64 directed DeAuth (code 7). STMAC: [FF:FF:FF:FF:FF:FF] [ 0|23 ACKs]13:35:57  Sending 64 directed DeAuth (code 7). STMAC: [FF:FF:FF:FF:FF:FF] [ 0|24 ACKs]13:35:57  Sending 64 directed DeAuth (code 7). STMAC: [FF:FF:FF:FF:FF:FF] [ 0|25 ACKs]13:35:57  Sending 64 directed DeAuth (code 7). STMAC: [FF:FF:FF:FF:FF:FF] [ 0|26 ACKs]13:35:57  Sending 64 directed DeAuth (code 7). STMAC: [FF:FF:FF:FF:FF:FF] [ 0|27 ACKs]13:35:57  Sending 64 directed DeAuth (code 7). STMAC: [FF:FF:FF:FF:FF:FF] [ 0|28 ACKs]13:35:57  Sending 64 directed DeAuth (code 7). STMAC: [FF:FF:FF:FF:FF:FF] [ 0|29 ACKs]13:35:57  Sending 64 directed DeAuth (code 7). STMAC: [FF:FF:FF:FF:FF:FF] [ 0|30 ACKs]13:35:57  Sending 64 directed DeAuth (code 7). STMAC: [FF:FF:FF:FF:FF:FF] [ 0|31 ACKs]13:35:57  Sending 64 directed DeAuth (code 7). STMAC: [FF:FF:FF:FF:FF:FF] [ 0|32 ACKs]13:35:57  Sending 64 directed DeAuth (code 7). STMAC: [FF:FF:FF:FF:FF:FF] [ 0|33 ACKs]13:35:57  Sending 64 directed DeAuth (code 7). STMAC: [FF:FF:FF:FF:FF:FF] [ 1|33 ACKs]13:35:57  Sending 64 directed DeAuth (code 7). STMAC: [FF:FF:FF:FF:FF:FF] [ 1|34 ACKs]13:35:57  Sending 64 directed DeAuth (code 7). STMAC: [FF:FF:FF:FF:FF:FF] [ 1|34 ACKs]13:35:57  Sending 64 directed DeAuth (code 7). STMAC: [FF:FF:FF:FF:FF:FF] [ 1|35 ACKs]13:35:57  Sending 64 directed DeAuth (code 7). STMAC: [FF:FF:FF:FF:FF:FF] [ 2|35 ACKs]13:35:57  Sending 64 directed DeAuth (code 7). STMAC: [FF:FF:FF:FF:FF:FF] [ 2|36 ACKs]13:35:57  Sending 64 directed DeAuth (code 7). STMAC: [FF:FF:FF:FF:FF:FF] [ 3|36 ACKs]13:35:57  Sending 64 directed DeAuth (code 7). STMAC: [FF:FF:FF:FF:FF:FF] [ 3|37 ACKs]13:35:57  Sending 64 directed DeAuth (code 7). STMAC: [FF:FF:FF:FF:FF:FF] [ 4|37 ACKs]13:35:57  Sending 64 directed DeAuth (code 7). STMAC: [FF:FF:FF:FF:FF:FF] [ 4|38 ACKs]13:35:57  Sending 64 directed DeAuth (code 7). STMAC: [FF:FF:FF:FF:FF:FF] [ 5|38 ACKs]13:35:57  Sending 64 directed DeAuth (code 7). STMAC: [FF:FF:FF:FF:FF:FF] [ 5|39 ACKs]13:35:57  Sending 64 directed DeAuth (code 7). STMAC: [FF:FF:FF:FF:FF:FF] [ 6|39 ACKs]13:35:57  Sending 64 directed DeAuth (code 7). STMAC: [FF:FF:FF:FF:FF:FF] [ 6|40 ACKs]13:35:57  Sending 64 directed DeAuth (code 7). STMAC: [FF:FF:FF:FF:FF:FF] [ 7|40 ACKs]13:35:57  Sending 64 directed DeAuth (code 7). STMAC: [FF:FF:FF:FF:FF:FF] [ 7|41 ACKs]13:35:57  Sending 64 directed DeAuth (code 7). STMAC: [FF:FF:FF:FF:FF:FF] [ 7|42 ACKs]13:35:57  Sending 64 directed DeAuth (code 7). STMAC: [FF:FF:FF:FF:FF:FF] [ 8|42 ACKs]13:35:57  Sending 64 directed DeAuth (code 7). STMAC: [FF:FF:FF:FF:FF:FF] [ 8|43 ACKs]13:35:57  Sending 64 directed DeAuth (code 7). STMAC: [FF:FF:FF:FF:FF:FF] [ 9|43 ACKs]13:35:57  Sending 64 directed DeAuth (code 7). STMAC: [FF:FF:FF:FF:FF:FF] [ 9|44 ACKs]13:35:57  Sending 64 directed DeAuth (code 7). STMAC: [FF:FF:FF:FF:FF:FF] [10|44 ACKs]13:35:57  Sending 64 directed DeAuth (code 7). STMAC: [FF:FF:FF:FF:FF:FF] [10|45 ACKs]13:35:57  Sending 64 directed DeAuth (code 7). STMAC: [FF:FF:FF:FF:FF:FF] [11|45 ACKs]13:35:57  Sending 64 directed DeAuth (code 7). STMAC: [FF:FF:FF:FF:FF:FF] [11|45 ACKs]13:35:57  Sending 64 directed DeAuth (code 7). STMAC: [FF:FF:FF:FF:FF:FF] [12|45 ACKs]13:35:57  Sending 64 directed DeAuth (code 7). STMAC: [FF:FF:FF:FF:FF:FF] [12|46 ACKs]13:35:57  Sending 64 directed DeAuth (code 7). STMAC: [FF:FF:FF:FF:FF:FF] [13|46 ACKs]13:35:57  Sending 64 directed DeAuth (code 7). STMAC: [FF:FF:FF:FF:FF:FF] [13|47 ACKs]13:35:57  Sending 64 directed DeAuth (code 7). STMAC: [FF:FF:FF:FF:FF:FF] [14|47 ACKs]13:35:57  Sending 64 directed DeAuth (code 7). STMAC: [FF:FF:FF:FF:FF:FF] [14|48 ACKs]13:35:57  Sending 64 directed DeAuth (code 7). STMAC: [FF:FF:FF:FF:FF:FF] [15|48 ACKs]13:35:57  Sending 64 directed DeAuth (code 7). STMAC: [FF:FF:FF:FF:FF:FF] [16|48 ACKs]13:35:57  Sending 64 directed DeAuth (code 7). STMAC: [FF:FF:FF:FF:FF:FF] [16|49 ACKs]13:35:57  Sending 64 directed DeAuth (code 7). STMAC: [FF:FF:FF:FF:FF:FF] [17|49 ACKs]13:35:57  Sending 64 directed DeAuth (code 7). STMAC: [FF:FF:FF:FF:FF:FF] [17|50 ACKs]13:35:57  Sending 64 directed DeAuth (code 7). STMAC: [FF:FF:FF:FF:FF:FF] [18|50 ACKs]13:35:57  Sending 64 directed DeAuth (code 7). STMAC: [FF:FF:FF:FF:FF:FF] [18|51 ACKs]13:35:57  Sending 64 directed DeAuth (code 7). STMAC: [FF:FF:FF:FF:FF:FF] [19|51 ACKs]13:35:57  Sending 64 directed DeAuth (code 7). STMAC: [FF:FF:FF:FF:FF:FF] [19|52 ACKs]13:35:57  Sending 64 directed DeAuth (code 7). STMAC: [FF:FF:FF:FF:FF:FF] [20|52 ACKs]13:35:57  Sending 64 directed DeAuth (code 7). STMAC: [FF:FF:FF:FF:FF:FF] [20|53 ACKs]13:35:57  Sending 64 directed DeAuth (code 7). STMAC: [FF:FF:FF:FF:FF:FF] [21|53 ACKs]13:35:57  Sending 64 directed DeAuth (code 7). STMAC: [FF:FF:FF:FF:FF:FF] [21|54 ACKs]13:35:57  Sending 64 directed DeAuth (code 7). STMAC: [FF:FF:FF:FF:FF:FF] [22|54 ACKs]13:35:57  Sending 64 directed DeAuth (code 7). STMAC: [FF:FF:FF:FF:FF:FF] [22|55 ACKs]13:35:57  Sending 64 directed DeAuth (code 7). STMAC: [FF:FF:FF:FF:FF:FF] [23|55 ACKs]13:35:57  Sending 64 directed DeAuth (code 7). STMAC: [FF:FF:FF:FF:FF:FF] [23|56 ACKs]13:35:57  Sending 64 directed DeAuth (code 7). STMAC: [FF:FF:FF:FF:FF:FF] [24|56 ACKs]13:35:57  Sending 64 directed DeAuth (code 7). STMAC: [FF:FF:FF:FF:FF:FF] [24|57 ACKs]13:35:57  Sending 64 directed DeAuth (code 7). STMAC: [FF:FF:FF:FF:FF:FF] [25|57 ACKs]13:35:57  Sending 64 directed DeAuth (code 7). STMAC: [FF:FF:FF:FF:FF:FF] [25|58 ACKs]13:35:57  Sending 64 directed DeAuth (code 7). STMAC: [FF:FF:FF:FF:FF:FF] [26|58 ACKs]13:35:57  Sending 64 directed DeAuth (code 7). STMAC: [FF:FF:FF:FF:FF:FF] [26|58 ACKs]13:35:57  Sending 64 directed DeAuth (code 7). STMAC: [FF:FF:FF:FF:FF:FF] [26|59 ACKs]13:35:57  Sending 64 directed DeAuth (code 7). STMAC: [FF:FF:FF:FF:FF:FF] [26|60 ACKs]13:35:57  Sending 64 directed DeAuth (code 7). STMAC: [FF:FF:FF:FF:FF:FF] [26|61 ACKs]13:35:57  Sending 64 directed DeAuth (code 7). STMAC: [FF:FF:FF:FF:FF:FF] [26|62 ACKs]13:35:57  Sending 64 directed DeAuth (code 7). STMAC: [FF:FF:FF:FF:FF:FF] [26|63 ACKs]13:35:57  Sending 64 directed DeAuth (code 7). STMAC: [FF:FF:FF:FF:FF:FF] [26|64 ACKs]
13:35:57  Sending 64 directed DeAuth (code 7). STMAC: [FF:FF:FF:FF:FF:FF] [ 0| 0 ACKs]13:35:57  Sending 64 directed DeAuth (code 7). STMAC: [FF:FF:FF:FF:FF:FF] [ 0| 1 ACKs]13:35:57  Sending 64 directed DeAuth (code 7). STMAC: [FF:FF:FF:FF:FF:FF] [ 0| 2 ACKs]13:35:57  Sending 64 directed DeAuth (code 7). STMAC: [FF:FF:FF:FF:FF:FF] [ 0| 3 ACKs]13:35:57  Sending 64 directed DeAuth (code 7). STMAC: [FF:FF:FF:FF:FF:FF] [ 0| 4 ACKs]13:35:57  Sending 64 directed DeAuth (code 7). STMAC: [FF:FF:FF:FF:FF:FF] [ 0| 5 ACKs]13:35:57  Sending 64 directed DeAuth (code 7). STMAC: [FF:FF:FF:FF:FF:FF] [ 0| 6 ACKs]13:35:57  Sending 64 directed DeAuth (code 7). STMAC: [FF:FF:FF:FF:FF:FF] [ 0| 7 ACKs]13:35:57  Sending 64 directed DeAuth (code 7). STMAC: [FF:FF:FF:FF:FF:FF] [ 0| 8 ACKs]13:35:57  Sending 64 directed DeAuth (code 7). STMAC: [FF:FF:FF:FF:FF:FF] [ 0| 9 ACKs]13:35:57  Sending 64 directed DeAuth (code 7). STMAC: [FF:FF:FF:FF:FF:FF] [ 0|10 ACKs]13:35:57  Sending 64 directed DeAuth (code 7). STMAC: [FF:FF:FF:FF:FF:FF] [ 0|11 ACKs]13:35:57  Sending 64 directed DeAuth (code 7). STMAC: [FF:FF:FF:FF:FF:FF] [ 0|12 ACKs]13:35:57  Sending 64 directed DeAuth (code 7). STMAC: [FF:FF:FF:FF:FF:FF] [ 0|13 ACKs]13:35:57  Sending 64 directed DeAuth (code 7). STMAC: [FF:FF:FF:FF:FF:FF] [ 0|14 ACKs]13:35:57  Sending 64 directed DeAuth (code 7). STMAC: [FF:FF:FF:FF:FF:FF] [ 0|15 ACKs]13:35:57  Sending 64 directed DeAuth (code 7). STMAC: [FF:FF:FF:FF:FF:FF] [ 0|16 ACKs]13:35:57  Sending 64 directed DeAuth (code 7). STMAC: [FF:FF:FF:FF:FF:FF] [ 0|17 ACKs]13:35:57  Sending 64 directed DeAuth (code 7). STMAC: [FF:FF:FF:FF:FF:FF] [ 0|18 ACKs]13:35:57  Sending 64 directed DeAuth (code 7). STMAC: [FF:FF:FF:FF:FF:FF] [ 0|19 ACKs]13:35:57  Sending 64 directed DeAuth (code 7). STMAC: [FF:FF:FF:FF:FF:FF] [ 0|20 ACKs]13:35:57  Sending 64 directed DeAuth (code 7). STMAC: [FF:FF:FF:FF:FF:FF] [ 0|21 ACKs]13:35:57  Sending 64 directed DeAuth (code 7). STMAC: [FF:FF:FF:FF:FF:FF] [ 0|22 ACKs]13:35:58  Sending 64 directed DeAuth (code 7). STMAC: [FF:FF:FF:FF:FF:FF] [ 0|23 ACKs]13:35:58  Sending 64 directed DeAuth (code 7). STMAC: [FF:FF:FF:FF:FF:FF] [ 0|24 ACKs]13:35:58  Sending 64 directed DeAuth (code 7). STMAC: [FF:FF:FF:FF:FF:FF] [ 0|25 ACKs]13:35:58  Sending 64 directed DeAuth (code 7). STMAC: [FF:FF:FF:FF:FF:FF] [ 0|26 ACKs]13:35:58  Sending 64 directed DeAuth (code 7). STMAC: [FF:FF:FF:FF:FF:FF] [ 0|27 ACKs]13:35:58  Sending 64 directed DeAuth (code 7). STMAC: [FF:FF:FF:FF:FF:FF] [ 0|28 ACKs]13:35:58  Sending 64 directed DeAuth (code 7). STMAC: [FF:FF:FF:FF:FF:FF] [ 0|29 ACKs]13:35:58  Sending 64 directed DeAuth (code 7). STMAC: [FF:FF:FF:FF:FF:FF] [ 0|30 ACKs]13:35:58  Sending 64 directed DeAuth (code 7). STMAC: [FF:FF:FF:FF:FF:FF] [ 0|31 ACKs]13:35:58  Sending 64 directed DeAuth (code 7). STMAC: [FF:FF:FF:FF:FF:FF] [ 0|32 ACKs]13:35:58  Sending 64 directed DeAuth (code 7). STMAC: [FF:FF:FF:FF:FF:FF] [ 0|33 ACKs]13:35:58  Sending 64 directed DeAuth (code 7). STMAC: [FF:FF:FF:FF:FF:FF] [ 0|34 ACKs]13:35:58  Sending 64 directed DeAuth (code 7). STMAC: [FF:FF:FF:FF:FF:FF] [ 0|35 ACKs]13:35:58  Sending 64 directed DeAuth (code 7). STMAC: [FF:FF:FF:FF:FF:FF] [ 0|36 ACKs]13:35:58  Sending 64 directed DeAuth (code 7). STMAC: [FF:FF:FF:FF:FF:FF] [ 0|37 ACKs]13:35:58  Sending 64 directed DeAuth (code 7). STMAC: [FF:FF:FF:FF:FF:FF] [ 0|38 ACKs]13:35:58  Sending 64 directed DeAuth (code 7). STMAC: [FF:FF:FF:FF:FF:FF] [ 1|38 ACKs]13:35:58  Sending 64 directed DeAuth (code 7). STMAC: [FF:FF:FF:FF:FF:FF] [ 1|39 ACKs]13:35:58  Sending 64 directed DeAuth (code 7). STMAC: [FF:FF:FF:FF:FF:FF] [ 1|40 ACKs]13:35:58  Sending 64 directed DeAuth (code 7). STMAC: [FF:FF:FF:FF:FF:FF] [ 1|41 ACKs]13:35:58  Sending 64 directed DeAuth (code 7). STMAC: [FF:FF:FF:FF:FF:FF] [ 1|42 ACKs]13:35:58  Sending 64 directed DeAuth (code 7). STMAC: [FF:FF:FF:FF:FF:FF] [ 1|43 ACKs]13:35:58  Sending 64 directed DeAuth (code 7). STMAC: [FF:FF:FF:FF:FF:FF] [ 1|44 ACKs]13:35:58  Sending 64 directed DeAuth (code 7). STMAC: [FF:FF:FF:FF:FF:FF] [ 1|45 ACKs]13:35:58  Sending 64 directed DeAuth (code 7). STMAC: [FF:FF:FF:FF:FF:FF] [ 1|46 ACKs]13:35:58  Sending 64 directed DeAuth (code 7). STMAC: [FF:FF:FF:FF:FF:FF] [ 1|47 ACKs]13:35:58  Sending 64 directed DeAuth (code 7). STMAC: [FF:FF:FF:FF:FF:FF] [ 1|48 ACKs]13:35:58  Sending 64 directed DeAuth (code 7). STMAC: [FF:FF:FF:FF:FF:FF] [ 1|49 ACKs]13:35:58  Sending 64 directed DeAuth (code 7). STMAC: [FF:FF:FF:FF:FF:FF] [ 1|50 ACKs]13:35:58  Sending 64 directed DeAuth (code 7). STMAC: [FF:FF:FF:FF:FF:FF] [ 1|51 ACKs]13:35:58  Sending 64 directed DeAuth (code 7). STMAC: [FF:FF:FF:FF:FF:FF] [ 1|52 ACKs]13:35:58  Sending 64 directed DeAuth (code 7). STMAC: [FF:FF:FF:FF:FF:FF] [ 1|53 ACKs]13:35:58  Sending 64 directed DeAuth (code 7). STMAC: [FF:FF:FF:FF:FF:FF] [ 1|54 ACKs]13:35:58  Sending 64 directed DeAuth (code 7). STMAC: [FF:FF:FF:FF:FF:FF] [ 1|55 ACKs]13:35:58  Sending 64 directed DeAuth (code 7). STMAC: [FF:FF:FF:FF:FF:FF] [ 1|56 ACKs]13:35:58  Sending 64 directed DeAuth (code 7). STMAC: [FF:FF:FF:FF:FF:FF] [ 1|57 ACKs]13:35:58  Sending 64 directed DeAuth (code 7). STMAC: [FF:FF:FF:FF:FF:FF] [ 1|58 ACKs]13:35:58  Sending 64 directed DeAuth (code 7). STMAC: [FF:FF:FF:FF:FF:FF] [ 1|59 ACKs]13:35:58  Sending 64 directed DeAuth (code 7). STMAC: [FF:FF:FF:FF:FF:FF] [ 1|60 ACKs]13:35:58  Sending 64 directed DeAuth (code 7). STMAC: [FF:FF:FF:FF:FF:FF] [ 1|61 ACKs]13:35:58  Sending 64 directed DeAuth (code 7). STMAC: [FF:FF:FF:FF:FF:FF] [ 1|62 ACKs]13:35:58  Sending 64 directed DeAuth (code 7). STMAC: [FF:FF:FF:FF:FF:FF] [ 1|63 ACKs]13:35:58  Sending 64 directed DeAuth (code 7). STMAC: [FF:FF:FF:FF:FF:FF] [ 1|64 ACKs]
13:35:58  Sending 64 directed DeAuth (code 7). STMAC: [FF:FF:FF:FF:FF:FF] [ 0| 0 ACKs]13:35:58  Sending 64 directed DeAuth (code 7). STMAC: [FF:FF:FF:FF:FF:FF] [ 0| 1 ACKs]13:35:58  Sending 64 directed DeAuth (code 7). STMAC: [FF:FF:FF:FF:FF:FF] [ 0| 2 ACKs]13:35:58  Sending 64 directed DeAuth (code 7). STMAC: [FF:FF:FF:FF:FF:FF] [ 0| 3 ACKs]13:35:58  Sending 64 directed DeAuth (code 7). STMAC: [FF:FF:FF:FF:FF:FF] [ 0| 4 ACKs]13:35:58  Sending 64 directed DeAuth (code 7). STMAC: [FF:FF:FF:FF:FF:FF] [ 0| 5 ACKs]13:35:58  Sending 64 directed DeAuth (code 7). STMAC: [FF:FF:FF:FF:FF:FF] [ 0| 6 ACKs]13:35:58  Sending 64 directed DeAuth (code 7). STMAC: [FF:FF:FF:FF:FF:FF] [ 0| 7 ACKs]13:35:58  Sending 64 directed DeAuth (code 7). STMAC: [FF:FF:FF:FF:FF:FF] [ 0| 8 ACKs]13:35:58  Sending 64 directed DeAuth (code 7). STMAC: [FF:FF:FF:FF:FF:FF] [ 0| 9 ACKs]13:35:58  Sending 64 directed DeAuth (code 7). STMAC: [FF:FF:FF:FF:FF:FF] [ 0|10 ACKs]13:35:58  Sending 64 directed DeAuth (code 7). STMAC: [FF:FF:FF:FF:FF:FF] [ 0|11 ACKs]13:35:58  Sending 64 directed DeAuth (code 7). STMAC: [FF:FF:FF:FF:FF:FF] [ 0|12 ACKs]13:35:58  Sending 64 directed DeAuth (code 7). STMAC: [FF:FF:FF:FF:FF:FF] [ 0|13 ACKs]13:35:58  Sending 64 directed DeAuth (code 7). STMAC: [FF:FF:FF:FF:FF:FF] [ 0|14 ACKs]13:35:58  Sending 64 directed DeAuth (code 7). STMAC: [FF:FF:FF:FF:FF:FF] [ 0|15 ACKs]13:35:58  Sending 64 directed DeAuth (code 7). STMAC: [FF:FF:FF:FF:FF:FF] [ 0|16 ACKs]13:35:58  Sending 64 directed DeAuth (code 7). STMAC: [FF:FF:FF:FF:FF:FF] [ 0|17 ACKs]13:35:58  Sending 64 directed DeAuth (code 7). STMAC: [FF:FF:FF:FF:FF:FF] [ 0|18 ACKs]13:35:58  Sending 64 directed DeAuth (code 7). STMAC: [FF:FF:FF:FF:FF:FF] [ 0|19 ACKs]13:35:58  Sending 64 directed DeAuth (code 7). STMAC: [FF:FF:FF:FF:FF:FF] [ 0|20 ACKs]13:35:58  Sending 64 directed DeAuth (code 7). STMAC: [FF:FF:FF:FF:FF:FF] [ 0|21 ACKs]13:35:58  Sending 64 directed DeAuth (code 7). STMAC: [FF:FF:FF:FF:FF:FF] [ 0|22 ACKs]13:35:58  Sending 64 directed DeAuth (code 7). STMAC: [FF:FF:FF:FF:FF:FF] [ 0|23 ACKs]13:35:58  Sending 64 directed DeAuth (code 7). STMAC: [FF:FF:FF:FF:FF:FF] [ 0|24 ACKs]13:35:58  Sending 64 directed DeAuth (code 7). STMAC: [FF:FF:FF:FF:FF:FF] [ 0|25 ACKs]13:35:58  Sending 64 directed DeAuth (code 7). STMAC: [FF:FF:FF:FF:FF:FF] [ 0|26 ACKs]13:35:58  Sending 64 directed DeAuth (code 7). STMAC: [FF:FF:FF:FF:FF:FF] [ 0|27 ACKs]13:35:58  Sending 64 directed DeAuth (code 7). STMAC: [FF:FF:FF:FF:FF:FF] [ 0|28 ACKs]13:35:58  Sending 64 directed DeAuth (code 7). STMAC: [FF:FF:FF:FF:FF:FF] [ 0|29 ACKs]13:35:58  Sending 64 directed DeAuth (code 7). STMAC: [FF:FF:FF:FF:FF:FF] [ 0|30 ACKs]13:35:58  Sending 64 directed DeAuth (code 7). STMAC: [FF:FF:FF:FF:FF:FF] [ 0|31 ACKs]13:35:58  Sending 64 directed DeAuth (code 7). STMAC: [FF:FF:FF:FF:FF:FF] [ 0|32 ACKs]13:35:58  Sending 64 directed DeAuth (code 7). STMAC: [FF:FF:FF:FF:FF:FF] [ 0|33 ACKs]13:35:58  Sending 64 directed DeAuth (code 7). STMAC: [FF:FF:FF:FF:FF:FF] [ 0|34 ACKs]13:35:58  Sending 64 directed DeAuth (code 7). STMAC: [FF:FF:FF:FF:FF:FF] [ 0|35 ACKs]13:35:58  Sending 64 directed DeAuth (code 7). STMAC: [FF:FF:FF:FF:FF:FF] [ 0|36 ACKs]13:35:58  Sending 64 directed DeAuth (code 7). STMAC: [FF:FF:FF:FF:FF:FF] [ 0|37 ACKs]13:35:58  Sending 64 directed DeAuth (code 7). STMAC: [FF:FF:FF:FF:FF:FF] [ 0|38 ACKs]13:35:58  Sending 64 directed DeAuth (code 7). STMAC: [FF:FF:FF:FF:FF:FF] [ 0|39 ACKs]13:35:58  Sending 64 directed DeAuth (code 7). STMAC: [FF:FF:FF:FF:FF:FF] [ 0|40 ACKs]13:35:58  Sending 64 directed DeAuth (code 7). STMAC: [FF:FF:FF:FF:FF:FF] [ 0|41 ACKs]13:35:58  Sending 64 directed DeAuth (code 7). STMAC: [FF:FF:FF:FF:FF:FF] [ 0|42 ACKs]13:35:58  Sending 64 directed DeAuth (code 7). STMAC: [FF:FF:FF:FF:FF:FF] [ 0|43 ACKs]13:35:58  Sending 64 directed DeAuth (code 7). STMAC: [FF:FF:FF:FF:FF:FF] [ 0|44 ACKs]13:35:58  Sending 64 directed DeAuth (code 7). STMAC: [FF:FF:FF:FF:FF:FF] [ 1|44 ACKs]13:35:58  Sending 64 directed DeAuth (code 7). STMAC: [FF:FF:FF:FF:FF:FF] [ 1|45 ACKs]13:35:58  Sending 64 directed DeAuth (code 7). STMAC: [FF:FF:FF:FF:FF:FF] [ 1|46 ACKs]13:35:58  Sending 64 directed DeAuth (code 7). STMAC: [FF:FF:FF:FF:FF:FF] [ 1|47 ACKs]13:35:58  Sending 64 directed DeAuth (code 7). STMAC: [FF:FF:FF:FF:FF:FF] [ 1|48 ACKs]13:35:58  Sending 64 directed DeAuth (code 7). STMAC: [FF:FF:FF:FF:FF:FF] [ 1|49 ACKs]13:35:58  Sending 64 directed DeAuth (code 7). STMAC: [FF:FF:FF:FF:FF:FF] [ 1|50 ACKs]13:35:58  Sending 64 directed DeAuth (code 7). STMAC: [FF:FF:FF:FF:FF:FF] [ 1|51 ACKs]13:35:58  Sending 64 directed DeAuth (code 7). STMAC: [FF:FF:FF:FF:FF:FF] [ 1|52 ACKs]13:35:58  Sending 64 directed DeAuth (code 7). STMAC: [FF:FF:FF:FF:FF:FF] [ 1|53 ACKs]13:35:58  Sending 64 directed DeAuth (code 7). STMAC: [FF:FF:FF:FF:FF:FF] [ 1|54 ACKs]13:35:58  Sending 64 directed DeAuth (code 7). STMAC: [FF:FF:FF:FF:FF:FF] [ 1|55 ACKs]13:35:58  Sending 64 directed DeAuth (code 7). STMAC: [FF:FF:FF:FF:FF:FF] [ 1|56 ACKs]13:35:58  Sending 64 directed DeAuth (code 7). STMAC: [FF:FF:FF:FF:FF:FF] [ 1|57 ACKs]13:35:58  Sending 64 directed DeAuth (code 7). STMAC: [FF:FF:FF:FF:FF:FF] [ 1|58 ACKs]13:35:58  Sending 64 directed DeAuth (code 7). STMAC: [FF:FF:FF:FF:FF:FF] [ 1|59 ACKs]13:35:58  Sending 64 directed DeAuth (code 7). STMAC: [FF:FF:FF:FF:FF:FF] [ 1|60 ACKs]13:35:58  Sending 64 directed DeAuth (code 7). STMAC: [FF:FF:FF:FF:FF:FF] [ 1|61 ACKs]13:35:58  Sending 64 directed DeAuth (code 7). STMAC: [FF:FF:FF:FF:FF:FF] [ 1|62 ACKs]13:35:58  Sending 64 directed DeAuth (code 7). STMAC: [FF:FF:FF:FF:FF:FF] [ 1|63 ACKs]13:35:58  Sending 64 directed DeAuth (code 7). STMAC: [FF:FF:FF:FF:FF:FF] [ 1|64 ACKs]
13:35:59  Sending 64 directed DeAuth (code 7). STMAC: [FF:FF:FF:FF:FF:FF] [ 0| 0 ACKs]13:35:59  Sending 64 directed DeAuth (code 7). STMAC: [FF:FF:FF:FF:FF:FF] [ 1| 0 ACKs]13:35:59  Sending 64 directed DeAuth (code 7). STMAC: [FF:FF:FF:FF:FF:FF] [ 1| 1 ACKs]13:35:59  Sending 64 directed DeAuth (code 7). STMAC: [FF:FF:FF:FF:FF:FF] [ 1| 2 ACKs]13:35:59  Sending 64 directed DeAuth (code 7). STMAC: [FF:FF:FF:FF:FF:FF] [ 1| 3 ACKs]13:35:59  Sending 64 directed DeAuth (code 7). STMAC: [FF:FF:FF:FF:FF:FF] [ 1| 4 ACKs]13:35:59  Sending 64 directed DeAuth (code 7). STMAC: [FF:FF:FF:FF:FF:FF] [ 1| 5 ACKs]13:35:59  Sending 64 directed DeAuth (code 7). STMAC: [FF:FF:FF:FF:FF:FF] [ 1| 6 ACKs]13:35:59  Sending 64 directed DeAuth (code 7). STMAC: [FF:FF:FF:FF:FF:FF] [ 1| 7 ACKs]13:35:59  Sending 64 directed DeAuth (code 7). STMAC: [FF:FF:FF:FF:FF:FF] [ 1| 8 ACKs]13:35:59  Sending 64 directed DeAuth (code 7). STMAC: [FF:FF:FF:FF:FF:FF] [ 1| 9 ACKs]13:35:59  Sending 64 directed DeAuth (code 7). STMAC: [FF:FF:FF:FF:FF:FF] [ 1|10 ACKs]13:35:59  Sending 64 directed DeAuth (code 7). STMAC: [FF:FF:FF:FF:FF:FF] [ 1|11 ACKs]13:35:59  Sending 64 directed DeAuth (code 7). STMAC: [FF:FF:FF:FF:FF:FF] [ 1|12 ACKs]13:35:59  Sending 64 directed DeAuth (code 7). STMAC: [FF:FF:FF:FF:FF:FF] [ 1|13 ACKs]13:35:59  Sending 64 directed DeAuth (code 7). STMAC: [FF:FF:FF:FF:FF:FF] [ 1|14 ACKs]13:35:59  Sending 64 directed DeAuth (code 7). STMAC: [FF:FF:FF:FF:FF:FF] [ 1|15 ACKs]13:35:59  Sending 64 directed DeAuth (code 7). STMAC: [FF:FF:FF:FF:FF:FF] [ 1|16 ACKs]13:35:59  Sending 64 directed DeAuth (code 7). STMAC: [FF:FF:FF:FF:FF:FF] [ 1|17 ACKs]13:35:59  Sending 64 directed DeAuth (code 7). STMAC: [FF:FF:FF:FF:FF:FF] [ 1|18 ACKs]13:35:59  Sending 64 directed DeAuth (code 7). STMAC: [FF:FF:FF:FF:FF:FF] [ 1|19 ACKs]13:35:59  Sending 64 directed DeAuth (code 7). STMAC: [FF:FF:FF:FF:FF:FF] [ 1|20 ACKs]13:35:59  Sending 64 directed DeAuth (code 7). STMAC: [FF:FF:FF:FF:FF:FF] [ 1|21 ACKs]13:35:59  Sending 64 directed DeAuth (code 7). STMAC: [FF:FF:FF:FF:FF:FF] [ 1|22 ACKs]13:35:59  Sending 64 directed DeAuth (code 7). STMAC: [FF:FF:FF:FF:FF:FF] [ 1|23 ACKs]13:35:59  Sending 64 directed DeAuth (code 7). STMAC: [FF:FF:FF:FF:FF:FF] [ 1|24 ACKs]13:35:59  Sending 64 directed DeAuth (code 7). STMAC: [FF:FF:FF:FF:FF:FF] [ 1|25 ACKs]13:35:59  Sending 64 directed DeAuth (code 7). STMAC: [FF:FF:FF:FF:FF:FF] [ 1|26 ACKs]13:35:59  Sending 64 directed DeAuth (code 7). STMAC: [FF:FF:FF:FF:FF:FF] [ 1|27 ACKs]13:35:59  Sending 64 directed DeAuth (code 7). STMAC: [FF:FF:FF:FF:FF:FF] [ 1|28 ACKs]13:35:59  Sending 64 directed DeAuth (code 7). STMAC: [FF:FF:FF:FF:FF:FF] [ 1|29 ACKs]13:35:59  Sending 64 directed DeAuth (code 7). STMAC: [FF:FF:FF:FF:FF:FF] [ 1|30 ACKs]13:35:59  Sending 64 directed DeAuth (code 7). STMAC: [FF:FF:FF:FF:FF:FF] [ 1|31 ACKs]13:35:59  Sending 64 directed DeAuth (code 7). STMAC: [FF:FF:FF:FF:FF:FF] [ 1|32 ACKs]13:35:59  Sending 64 directed DeAuth (code 7). STMAC: [FF:FF:FF:FF:FF:FF] [ 1|33 ACKs]13:35:59  Sending 64 directed DeAuth (code 7). STMAC: [FF:FF:FF:FF:FF:FF] [ 1|34 ACKs]13:35:59  Sending 64 directed DeAuth (code 7). STMAC: [FF:FF:FF:FF:FF:FF] [ 1|35 ACKs]13:35:59  Sending 64 directed DeAuth (code 7). STMAC: [FF:FF:FF:FF:FF:FF] [ 1|36 ACKs]13:35:59  Sending 64 directed DeAuth (code 7). STMAC: [FF:FF:FF:FF:FF:FF] [ 1|37 ACKs]13:35:59  Sending 64 directed DeAuth (code 7). STMAC: [FF:FF:FF:FF:FF:FF] [ 1|38 ACKs]13:35:59  Sending 64 directed DeAuth (code 7). STMAC: [FF:FF:FF:FF:FF:FF] [ 1|39 ACKs]13:35:59  Sending 64 directed DeAuth (code 7). STMAC: [FF:FF:FF:FF:FF:FF] [ 1|40 ACKs]13:35:59  Sending 64 directed DeAuth (code 7). STMAC: [FF:FF:FF:FF:FF:FF] [ 1|41 ACKs]13:35:59  Sending 64 directed DeAuth (code 7). STMAC: [FF:FF:FF:FF:FF:FF] [ 1|42 ACKs]13:35:59  Sending 64 directed DeAuth (code 7). STMAC: [FF:FF:FF:FF:FF:FF] [ 1|43 ACKs]13:35:59  Sending 64 directed DeAuth (code 7). STMAC: [FF:FF:FF:FF:FF:FF] [ 1|44 ACKs]13:35:59  Sending 64 directed DeAuth (code 7). STMAC: [FF:FF:FF:FF:FF:FF] [ 1|45 ACKs]13:35:59  Sending 64 directed DeAuth (code 7). STMAC: [FF:FF:FF:FF:FF:FF] [ 1|46 ACKs]13:35:59  Sending 64 directed DeAuth (code 7). STMAC: [FF:FF:FF:FF:FF:FF] [ 1|47 ACKs]13:35:59  Sending 64 directed DeAuth (code 7). STMAC: [FF:FF:FF:FF:FF:FF] [ 1|48 ACKs]13:35:59  Sending 64 directed DeAuth (code 7). STMAC: [FF:FF:FF:FF:FF:FF] [ 1|49 ACKs]13:35:59  Sending 64 directed DeAuth (code 7). STMAC: [FF:FF:FF:FF:FF:FF] [ 1|50 ACKs]13:35:59  Sending 64 directed DeAuth (code 7). STMAC: [FF:FF:FF:FF:FF:FF] [ 1|51 ACKs]13:35:59  Sending 64 directed DeAuth (code 7). STMAC: [FF:FF:FF:FF:FF:FF] [ 2|51 ACKs]13:35:59  Sending 64 directed DeAuth (code 7). STMAC: [FF:FF:FF:FF:FF:FF] [ 2|52 ACKs]13:35:59  Sending 64 directed DeAuth (code 7). STMAC: [FF:FF:FF:FF:FF:FF] [ 3|52 ACKs]13:35:59  Sending 64 directed DeAuth (code 7). STMAC: [FF:FF:FF:FF:FF:FF] [ 3|53 ACKs]13:35:59  Sending 64 directed DeAuth (code 7). STMAC: [FF:FF:FF:FF:FF:FF] [ 4|53 ACKs]13:35:59  Sending 64 directed DeAuth (code 7). STMAC: [FF:FF:FF:FF:FF:FF] [ 4|54 ACKs]13:35:59  Sending 64 directed DeAuth (code 7). STMAC: [FF:FF:FF:FF:FF:FF] [ 4|54 ACKs]13:35:59  Sending 64 directed DeAuth (code 7). STMAC: [FF:FF:FF:FF:FF:FF] [ 5|54 ACKs]13:35:59  Sending 64 directed DeAuth (code 7). STMAC: [FF:FF:FF:FF:FF:FF] [ 5|55 ACKs]13:35:59  Sending 64 directed DeAuth (code 7). STMAC: [FF:FF:FF:FF:FF:FF] [ 6|55 ACKs]13:35:59  Sending 64 directed DeAuth (code 7). STMAC: [FF:FF:FF:FF:FF:FF] [ 6|56 ACKs]13:35:59  Sending 64 directed DeAuth (code 7). STMAC: [FF:FF:FF:FF:FF:FF] [ 6|57 ACKs]13:35:59  Sending 64 directed DeAuth (code 7). STMAC: [FF:FF:FF:FF:FF:FF] [ 7|57 ACKs]13:35:59  Sending 64 directed DeAuth (code 7). STMAC: [FF:FF:FF:FF:FF:FF] [ 7|58 ACKs]13:35:59  Sending 64 directed DeAuth (code 7). STMAC: [FF:FF:FF:FF:FF:FF] [ 8|58 ACKs]13:35:59  Sending 64 directed DeAuth (code 7). STMAC: [FF:FF:FF:FF:FF:FF] [ 8|59 ACKs]13:35:59  Sending 64 directed DeAuth (code 7). STMAC: [FF:FF:FF:FF:FF:FF] [ 9|59 ACKs]13:35:59  Sending 64 directed DeAuth (code 7). STMAC: [FF:FF:FF:FF:FF:FF] [ 9|60 ACKs]13:35:59  Sending 64 directed DeAuth (code 7). STMAC: [FF:FF:FF:FF:FF:FF] [10|60 ACKs]13:35:59  Sending 64 directed DeAuth (code 7). STMAC: [FF:FF:FF:FF:FF:FF] [10|61 ACKs]13:35:59  Sending 64 directed DeAuth (code 7). STMAC: [FF:FF:FF:FF:FF:FF] [11|61 ACKs]13:35:59  Sending 64 directed DeAuth (code 7). STMAC: [FF:FF:FF:FF:FF:FF] [11|62 ACKs]13:35:59  Sending 64 directed DeAuth (code 7). STMAC: [FF:FF:FF:FF:FF:FF] [12|62 ACKs]13:35:59  Sending 64 directed DeAuth (code 7). STMAC: [FF:FF:FF:FF:FF:FF] [12|63 ACKs]13:35:59  Sending 64 directed DeAuth (code 7). STMAC: [FF:FF:FF:FF:FF:FF] [13|63 ACKs]13:35:59  Sending 64 directed DeAuth (code 7). STMAC: [FF:FF:FF:FF:FF:FF] [13|64 ACKs]
13:35:59  Sending 64 directed DeAuth (code 7). STMAC: [FF:FF:FF:FF:FF:FF] [ 0| 0 ACKs]13:35:59  Sending 64 directed DeAuth (code 7). STMAC: [FF:FF:FF:FF:FF:FF] [ 0| 0 ACKs]13:35:59  Sending 64 directed DeAuth (code 7). STMAC: [FF:FF:FF:FF:FF:FF] [ 0| 1 ACKs]13:35:59  Sending 64 directed DeAuth (code 7). STMAC: [FF:FF:FF:FF:FF:FF] [ 0| 2 ACKs]13:35:59  Sending 64 directed DeAuth (code 7). STMAC: [FF:FF:FF:FF:FF:FF] [ 0| 3 ACKs]13:35:59  Sending 64 directed DeAuth (code 7). STMAC: [FF:FF:FF:FF:FF:FF] [ 0| 4 ACKs]13:35:59  Sending 64 directed DeAuth (code 7). STMAC: [FF:FF:FF:FF:FF:FF] [ 0| 5 ACKs]13:35:59  Sending 64 directed DeAuth (code 7). STMAC: [FF:FF:FF:FF:FF:FF] [ 0| 6 ACKs]13:35:59  Sending 64 directed DeAuth (code 7). STMAC: [FF:FF:FF:FF:FF:FF] [ 0| 7 ACKs]13:35:59  Sending 64 directed DeAuth (code 7). STMAC: [FF:FF:FF:FF:FF:FF] [ 0| 8 ACKs]13:35:59  Sending 64 directed DeAuth (code 7). STMAC: [FF:FF:FF:FF:FF:FF] [ 0| 9 ACKs]13:35:59  Sending 64 directed DeAuth (code 7). STMAC: [FF:FF:FF:FF:FF:FF] [ 0|10 ACKs]13:35:59  Sending 64 directed DeAuth (code 7). STMAC: [FF:FF:FF:FF:FF:FF] [ 0|11 ACKs]13:35:59  Sending 64 directed DeAuth (code 7). STMAC: [FF:FF:FF:FF:FF:FF] [ 0|12 ACKs]13:35:59  Sending 64 directed DeAuth (code 7). STMAC: [FF:FF:FF:FF:FF:FF] [ 0|13 ACKs]13:35:59  Sending 64 directed DeAuth (code 7). STMAC: [FF:FF:FF:FF:FF:FF] [ 0|14 ACKs]13:35:59  Sending 64 directed DeAuth (code 7). STMAC: [FF:FF:FF:FF:FF:FF] [ 0|15 ACKs]13:35:59  Sending 64 directed DeAuth (code 7). STMAC: [FF:FF:FF:FF:FF:FF] [ 0|16 ACKs]13:35:59  Sending 64 directed DeAuth (code 7). STMAC: [FF:FF:FF:FF:FF:FF] [ 0|17 ACKs]13:35:59  Sending 64 directed DeAuth (code 7). STMAC: [FF:FF:FF:FF:FF:FF] [ 0|18 ACKs]13:35:59  Sending 64 directed DeAuth (code 7). STMAC: [FF:FF:FF:FF:FF:FF] [ 0|19 ACKs]13:35:59  Sending 64 directed DeAuth (code 7). STMAC: [FF:FF:FF:FF:FF:FF] [ 0|20 ACKs]13:35:59  Sending 64 directed DeAuth (code 7). STMAC: [FF:FF:FF:FF:FF:FF] [ 0|21 ACKs]13:35:59  Sending 64 directed DeAuth (code 7). STMAC: [FF:FF:FF:FF:FF:FF] [ 0|22 ACKs]13:35:59  Sending 64 directed DeAuth (code 7). STMAC: [FF:FF:FF:FF:FF:FF] [ 0|23 ACKs]13:35:59  Sending 64 directed DeAuth (code 7). STMAC: [FF:FF:FF:FF:FF:FF] [ 0|24 ACKs]13:35:59  Sending 64 directed DeAuth (code 7). STMAC: [FF:FF:FF:FF:FF:FF] [ 0|25 ACKs]13:35:59  Sending 64 directed DeAuth (code 7). STMAC: [FF:FF:FF:FF:FF:FF] [ 0|26 ACKs]13:35:59  Sending 64 directed DeAuth (code 7). STMAC: [FF:FF:FF:FF:FF:FF] [ 0|27 ACKs]13:35:59  Sending 64 directed DeAuth (code 7). STMAC: [FF:FF:FF:FF:FF:FF] [ 0|28 ACKs]13:35:59  Sending 64 directed DeAuth (code 7). STMAC: [FF:FF:FF:FF:FF:FF] [ 0|29 ACKs]13:35:59  Sending 64 directed DeAuth (code 7). STMAC: [FF:FF:FF:FF:FF:FF] [ 0|30 ACKs]13:35:59  Sending 64 directed DeAuth (code 7). STMAC: [FF:FF:FF:FF:FF:FF] [ 0|31 ACKs]13:35:59  Sending 64 directed DeAuth (code 7). STMAC: [FF:FF:FF:FF:FF:FF] [ 0|32 ACKs]13:35:59  Sending 64 directed DeAuth (code 7). STMAC: [FF:FF:FF:FF:FF:FF] [ 0|33 ACKs]13:35:59  Sending 64 directed DeAuth (code 7). STMAC: [FF:FF:FF:FF:FF:FF] [ 0|34 ACKs]13:35:59  Sending 64 directed DeAuth (code 7). STMAC: [FF:FF:FF:FF:FF:FF] [ 0|35 ACKs]13:35:59  Sending 64 directed DeAuth (code 7). STMAC: [FF:FF:FF:FF:FF:FF] [ 0|36 ACKs]13:35:59  Sending 64 directed DeAuth (code 7). STMAC: [FF:FF:FF:FF:FF:FF] [ 0|37 ACKs]13:35:59  Sending 64 directed DeAuth (code 7). STMAC: [FF:FF:FF:FF:FF:FF] [ 0|38 ACKs]13:35:59  Sending 64 directed DeAuth (code 7). STMAC: [FF:FF:FF:FF:FF:FF] [ 0|39 ACKs]13:35:59  Sending 64 directed DeAuth (code 7). STMAC: [FF:FF:FF:FF:FF:FF] [ 0|40 ACKs]13:35:59  Sending 64 directed DeAuth (code 7). STMAC: [FF:FF:FF:FF:FF:FF] [ 0|41 ACKs]13:35:59  Sending 64 directed DeAuth (code 7). STMAC: [FF:FF:FF:FF:FF:FF] [ 0|42 ACKs]13:35:59  Sending 64 directed DeAuth (code 7). STMAC: [FF:FF:FF:FF:FF:FF] [ 0|43 ACKs]13:35:59  Sending 64 directed DeAuth (code 7). STMAC: [FF:FF:FF:FF:FF:FF] [ 0|44 ACKs]13:35:59  Sending 64 directed DeAuth (code 7). STMAC: [FF:FF:FF:FF:FF:FF] [ 0|45 ACKs]13:35:59  Sending 64 directed DeAuth (code 7). STMAC: [FF:FF:FF:FF:FF:FF] [ 0|46 ACKs]13:35:59  Sending 64 directed DeAuth (code 7). STMAC: [FF:FF:FF:FF:FF:FF] [ 0|47 ACKs]13:35:59  Sending 64 directed DeAuth (code 7). STMAC: [FF:FF:FF:FF:FF:FF] [ 0|48 ACKs]13:35:59  Sending 64 directed DeAuth (code 7). STMAC: [FF:FF:FF:FF:FF:FF] [ 0|49 ACKs]13:35:59  Sending 64 directed DeAuth (code 7). STMAC: [FF:FF:FF:FF:FF:FF] [ 0|50 ACKs]13:35:59  Sending 64 directed DeAuth (code 7). STMAC: [FF:FF:FF:FF:FF:FF] [ 0|51 ACKs]13:35:59  Sending 64 directed DeAuth (code 7). STMAC: [FF:FF:FF:FF:FF:FF] [ 0|52 ACKs]13:35:59  Sending 64 directed DeAuth (code 7). STMAC: [FF:FF:FF:FF:FF:FF] [ 0|53 ACKs]13:35:59  Sending 64 directed DeAuth (code 7). STMAC: [FF:FF:FF:FF:FF:FF] [ 0|54 ACKs]13:35:59  Sending 64 directed DeAuth (code 7). STMAC: [FF:FF:FF:FF:FF:FF] [ 0|55 ACKs]13:35:59  Sending 64 directed DeAuth (code 7). STMAC: [FF:FF:FF:FF:FF:FF] [ 0|56 ACKs]13:35:59  Sending 64 directed DeAuth (code 7). STMAC: [FF:FF:FF:FF:FF:FF] [ 1|56 ACKs]13:35:59  Sending 64 directed DeAuth (code 7). STMAC: [FF:FF:FF:FF:FF:FF] [ 1|57 ACKs]13:35:59  Sending 64 directed DeAuth (code 7). STMAC: [FF:FF:FF:FF:FF:FF] [ 1|58 ACKs]13:35:59  Sending 64 directed DeAuth (code 7). STMAC: [FF:FF:FF:FF:FF:FF] [ 1|59 ACKs]13:35:59  Sending 64 directed DeAuth (code 7). STMAC: [FF:FF:FF:FF:FF:FF] [ 1|60 ACKs]13:35:59  Sending 64 directed DeAuth (code 7). STMAC: [FF:FF:FF:FF:FF:FF] [ 1|61 ACKs]13:35:59  Sending 64 directed DeAuth (code 7). STMAC: [FF:FF:FF:FF:FF:FF] [ 1|62 ACKs]13:35:59  Sending 64 directed DeAuth (code 7). STMAC: [FF:FF:FF:FF:FF:FF] [ 1|63 ACKs]13:35:59  Sending 64 directed DeAuth (code 7). STMAC: [FF:FF:FF:FF:FF:FF] [ 1|64 ACKs]
13:36:00  Sending 64 directed DeAuth (code 7). STMAC: [FF:FF:FF:FF:FF:FF] [ 0| 0 ACKs]13:36:00  Sending 64 directed DeAuth (code 7). STMAC: [FF:FF:FF:FF:FF:FF] [ 0| 1 ACKs]13:36:00  Sending 64 directed DeAuth (code 7). STMAC: [FF:FF:FF:FF:FF:FF] [ 0| 2 ACKs]13:36:00  Sending 64 directed DeAuth (code 7). STMAC: [FF:FF:FF:FF:FF:FF] [ 0| 3 ACKs]13:36:00  Sending 64 directed DeAuth (code 7). STMAC: [FF:FF:FF:FF:FF:FF] [ 0| 4 ACKs]13:36:00  Sending 64 directed DeAuth (code 7). STMAC: [FF:FF:FF:FF:FF:FF] [ 0| 5 ACKs]13:36:00  Sending 64 directed DeAuth (code 7). STMAC: [FF:FF:FF:FF:FF:FF] [ 0| 6 ACKs]13:36:00  Sending 64 directed DeAuth (code 7). STMAC: [FF:FF:FF:FF:FF:FF] [ 0| 7 ACKs]13:36:00  Sending 64 directed DeAuth (code 7). STMAC: [FF:FF:FF:FF:FF:FF] [ 0| 8 ACKs]13:36:00  Sending 64 directed DeAuth (code 7). STMAC: [FF:FF:FF:FF:FF:FF] [ 0| 9 ACKs]13:36:00  Sending 64 directed DeAuth (code 7). STMAC: [FF:FF:FF:FF:FF:FF] [ 0|10 ACKs]13:36:00  Sending 64 directed DeAuth (code 7). STMAC: [FF:FF:FF:FF:FF:FF] [ 0|11 ACKs]13:36:00  Sending 64 directed DeAuth (code 7). STMAC: [FF:FF:FF:FF:FF:FF] [ 0|12 ACKs]13:36:00  Sending 64 directed DeAuth (code 7). STMAC: [FF:FF:FF:FF:FF:FF] [ 0|13 ACKs]13:36:00  Sending 64 directed DeAuth (code 7). STMAC: [FF:FF:FF:FF:FF:FF] [ 0|14 ACKs]13:36:00  Sending 64 directed DeAuth (code 7). STMAC: [FF:FF:FF:FF:FF:FF] [ 0|15 ACKs]13:36:00  Sending 64 directed DeAuth (code 7). STMAC: [FF:FF:FF:FF:FF:FF] [ 0|16 ACKs]13:36:00  Sending 64 directed DeAuth (code 7). STMAC: [FF:FF:FF:FF:FF:FF] [ 0|17 ACKs]13:36:00  Sending 64 directed DeAuth (code 7). STMAC: [FF:FF:FF:FF:FF:FF] [ 0|18 ACKs]13:36:00  Sending 64 directed DeAuth (code 7). STMAC: [FF:FF:FF:FF:FF:FF] [ 0|19 ACKs]13:36:00  Sending 64 directed DeAuth (code 7). STMAC: [FF:FF:FF:FF:FF:FF] [ 0|20 ACKs]13:36:00  Sending 64 directed DeAuth (code 7). STMAC: [FF:FF:FF:FF:FF:FF] [ 0|21 ACKs]13:36:00  Sending 64 directed DeAuth (code 7). STMAC: [FF:FF:FF:FF:FF:FF] [ 0|22 ACKs]13:36:00  Sending 64 directed DeAuth (code 7). STMAC: [FF:FF:FF:FF:FF:FF] [ 0|23 ACKs]13:36:00  Sending 64 directed DeAuth (code 7). STMAC: [FF:FF:FF:FF:FF:FF] [ 0|24 ACKs]13:36:00  Sending 64 directed DeAuth (code 7). STMAC: [FF:FF:FF:FF:FF:FF] [ 0|25 ACKs]13:36:00  Sending 64 directed DeAuth (code 7). STMAC: [FF:FF:FF:FF:FF:FF] [ 0|26 ACKs]13:36:00  Sending 64 directed DeAuth (code 7). STMAC: [FF:FF:FF:FF:FF:FF] [ 0|27 ACKs]13:36:00  Sending 64 directed DeAuth (code 7). STMAC: [FF:FF:FF:FF:FF:FF] [ 0|28 ACKs]13:36:00  Sending 64 directed DeAuth (code 7). STMAC: [FF:FF:FF:FF:FF:FF] [ 0|29 ACKs]13:36:00  Sending 64 directed DeAuth (code 7). STMAC: [FF:FF:FF:FF:FF:FF] [ 0|30 ACKs]13:36:00  Sending 64 directed DeAuth (code 7). STMAC: [FF:FF:FF:FF:FF:FF] [ 0|31 ACKs]13:36:00  Sending 64 directed DeAuth (code 7). STMAC: [FF:FF:FF:FF:FF:FF] [ 0|32 ACKs]13:36:00  Sending 64 directed DeAuth (code 7). STMAC: [FF:FF:FF:FF:FF:FF] [ 0|33 ACKs]13:36:00  Sending 64 directed DeAuth (code 7). STMAC: [FF:FF:FF:FF:FF:FF] [ 0|34 ACKs]13:36:00  Sending 64 directed DeAuth (code 7). STMAC: [FF:FF:FF:FF:FF:FF] [ 0|35 ACKs]13:36:00  Sending 64 directed DeAuth (code 7). STMAC: [FF:FF:FF:FF:FF:FF] [ 0|36 ACKs]13:36:00  Sending 64 directed DeAuth (code 7). STMAC: [FF:FF:FF:FF:FF:FF] [ 0|37 ACKs]13:36:00  Sending 64 directed DeAuth (code 7). STMAC: [FF:FF:FF:FF:FF:FF] [ 0|38 ACKs]13:36:00  Sending 64 directed DeAuth (code 7). STMAC: [FF:FF:FF:FF:FF:FF] [ 0|39 ACKs]13:36:00  Sending 64 directed DeAuth (code 7). STMAC: [FF:FF:FF:FF:FF:FF] [ 0|40 ACKs]13:36:00  Sending 64 directed DeAuth (code 7). STMAC: [FF:FF:FF:FF:FF:FF] [ 0|41 ACKs]13:36:00  Sending 64 directed DeAuth (code 7). STMAC: [FF:FF:FF:FF:FF:FF] [ 0|42 ACKs]13:36:00  Sending 64 directed DeAuth (code 7). STMAC: [FF:FF:FF:FF:FF:FF] [ 0|43 ACKs]13:36:00  Sending 64 directed DeAuth (code 7). STMAC: [FF:FF:FF:FF:FF:FF] [ 0|44 ACKs]13:36:00  Sending 64 directed DeAuth (code 7). STMAC: [FF:FF:FF:FF:FF:FF] [ 0|45 ACKs]13:36:00  Sending 64 directed DeAuth (code 7). STMAC: [FF:FF:FF:FF:FF:FF] [ 0|46 ACKs]13:36:00  Sending 64 directed DeAuth (code 7). STMAC: [FF:FF:FF:FF:FF:FF] [ 0|47 ACKs]13:36:00  Sending 64 directed DeAuth (code 7). STMAC: [FF:FF:FF:FF:FF:FF] [ 0|48 ACKs]13:36:00  Sending 64 directed DeAuth (code 7). STMAC: [FF:FF:FF:FF:FF:FF] [ 0|49 ACKs]13:36:00  Sending 64 directed DeAuth (code 7). STMAC: [FF:FF:FF:FF:FF:FF] [ 0|50 ACKs]13:36:00  Sending 64 directed DeAuth (code 7). STMAC: [FF:FF:FF:FF:FF:FF] [ 0|51 ACKs]13:36:00  Sending 64 directed DeAuth (code 7). STMAC: [FF:FF:FF:FF:FF:FF] [ 0|52 ACKs]13:36:00  Sending 64 directed DeAuth (code 7). STMAC: [FF:FF:FF:FF:FF:FF] [ 0|53 ACKs]13:36:00  Sending 64 directed DeAuth (code 7). STMAC: [FF:FF:FF:FF:FF:FF] [ 0|54 ACKs]13:36:00  Sending 64 directed DeAuth (code 7). STMAC: [FF:FF:FF:FF:FF:FF] [ 0|55 ACKs]13:36:00  Sending 64 directed DeAuth (code 7). STMAC: [FF:FF:FF:FF:FF:FF] [ 0|56 ACKs]13:36:00  Sending 64 directed DeAuth (code 7). STMAC: [FF:FF:FF:FF:FF:FF] [ 0|57 ACKs]13:36:00  Sending 64 directed DeAuth (code 7). STMAC: [FF:FF:FF:FF:FF:FF] [ 0|58 ACKs]13:36:00  Sending 64 directed DeAuth (code 7). STMAC: [FF:FF:FF:FF:FF:FF] [ 0|59 ACKs]13:36:00  Sending 64 directed DeAuth (code 7). STMAC: [FF:FF:FF:FF:FF:FF] [ 0|60 ACKs]13:36:00  Sending 64 directed DeAuth (code 7). STMAC: [FF:FF:FF:FF:FF:FF] [ 0|61 ACKs]13:36:00  Sending 64 directed DeAuth (code 7). STMAC: [FF:FF:FF:FF:FF:FF] [ 0|62 ACKs]13:36:00  Sending 64 directed DeAuth (code 7). STMAC: [FF:FF:FF:FF:FF:FF] [ 0|63 ACKs]13:36:00  Sending 64 directed DeAuth (code 7). STMAC: [FF:FF:FF:FF:FF:FF] [ 0|64 ACKs]
13:36:00  Sending 64 directed DeAuth (code 7). STMAC: [FF:FF:FF:FF:FF:FF] [ 0| 0 ACKs]13:36:00  Sending 64 directed DeAuth (code 7). STMAC: [FF:FF:FF:FF:FF:FF] [ 1| 0 ACKs]13:36:00  Sending 64 directed DeAuth (code 7). STMAC: [FF:FF:FF:FF:FF:FF] [ 2| 0 ACKs]13:36:00  Sending 64 directed DeAuth (code 7). STMAC: [FF:FF:FF:FF:FF:FF] [ 2| 1 ACKs]13:36:00  Sending 64 directed DeAuth (code 7). STMAC: [FF:FF:FF:FF:FF:FF] [ 2| 2 ACKs]13:36:00  Sending 64 directed DeAuth (code 7). STMAC: [FF:FF:FF:FF:FF:FF] [ 2| 3 ACKs]13:36:00  Sending 64 directed DeAuth (code 7). STMAC: [FF:FF:FF:FF:FF:FF] [ 2| 4 ACKs]13:36:00  Sending 64 directed DeAuth (code 7). STMAC: [FF:FF:FF:FF:FF:FF] [ 2| 5 ACKs]13:36:00  Sending 64 directed DeAuth (code 7). STMAC: [FF:FF:FF:FF:FF:FF] [ 2| 6 ACKs]13:36:00  Sending 64 directed DeAuth (code 7). STMAC: [FF:FF:FF:FF:FF:FF] [ 2| 7 ACKs]13:36:00  Sending 64 directed DeAuth (code 7). STMAC: [FF:FF:FF:FF:FF:FF] [ 2| 8 ACKs]13:36:00  Sending 64 directed DeAuth (code 7). STMAC: [FF:FF:FF:FF:FF:FF] [ 2| 9 ACKs]13:36:00  Sending 64 directed DeAuth (code 7). STMAC: [FF:FF:FF:FF:FF:FF] [ 2|10 ACKs]13:36:00  Sending 64 directed DeAuth (code 7). STMAC: [FF:FF:FF:FF:FF:FF] [ 2|11 ACKs]13:36:00  Sending 64 directed DeAuth (code 7). STMAC: [FF:FF:FF:FF:FF:FF] [ 2|12 ACKs]13:36:00  Sending 64 directed DeAuth (code 7). STMAC: [FF:FF:FF:FF:FF:FF] [ 2|13 ACKs]13:36:00  Sending 64 directed DeAuth (code 7). STMAC: [FF:FF:FF:FF:FF:FF] [ 2|14 ACKs]13:36:00  Sending 64 directed DeAuth (code 7). STMAC: [FF:FF:FF:FF:FF:FF] [ 2|15 ACKs]13:36:00  Sending 64 directed DeAuth (code 7). STMAC: [FF:FF:FF:FF:FF:FF] [ 2|16 ACKs]13:36:00  Sending 64 directed DeAuth (code 7). STMAC: [FF:FF:FF:FF:FF:FF] [ 2|17 ACKs]13:36:00  Sending 64 directed DeAuth (code 7). STMAC: [FF:FF:FF:FF:FF:FF] [ 2|18 ACKs]13:36:00  Sending 64 directed DeAuth (code 7). STMAC: [FF:FF:FF:FF:FF:FF] [ 2|19 ACKs]13:36:00  Sending 64 directed DeAuth (code 7). STMAC: [FF:FF:FF:FF:FF:FF] [ 2|20 ACKs]13:36:00  Sending 64 directed DeAuth (code 7). STMAC: [FF:FF:FF:FF:FF:FF] [ 2|21 ACKs]13:36:00  Sending 64 directed DeAuth (code 7). STMAC: [FF:FF:FF:FF:FF:FF] [ 3|21 ACKs]13:36:00  Sending 64 directed DeAuth (code 7). STMAC: [FF:FF:FF:FF:FF:FF] [ 3|22 ACKs]13:36:00  Sending 64 directed DeAuth (code 7). STMAC: [FF:FF:FF:FF:FF:FF] [ 3|23 ACKs]13:36:00  Sending 64 directed DeAuth (code 7). STMAC: [FF:FF:FF:FF:FF:FF] [ 3|24 ACKs]13:36:00  Sending 64 directed DeAuth (code 7). STMAC: [FF:FF:FF:FF:FF:FF] [ 3|25 ACKs]13:36:00  Sending 64 directed DeAuth (code 7). STMAC: [FF:FF:FF:FF:FF:FF] [ 3|26 ACKs]13:36:00  Sending 64 directed DeAuth (code 7). STMAC: [FF:FF:FF:FF:FF:FF] [ 3|27 ACKs]13:36:00  Sending 64 directed DeAuth (code 7). STMAC: [FF:FF:FF:FF:FF:FF] [ 3|28 ACKs]13:36:00  Sending 64 directed DeAuth (code 7). STMAC: [FF:FF:FF:FF:FF:FF] [ 3|29 ACKs]13:36:00  Sending 64 directed DeAuth (code 7). STMAC: [FF:FF:FF:FF:FF:FF] [ 3|30 ACKs]13:36:00  Sending 64 directed DeAuth (code 7). STMAC: [FF:FF:FF:FF:FF:FF] [ 3|31 ACKs]13:36:00  Sending 64 directed DeAuth (code 7). STMAC: [FF:FF:FF:FF:FF:FF] [ 3|32 ACKs]13:36:00  Sending 64 directed DeAuth (code 7). STMAC: [FF:FF:FF:FF:FF:FF] [ 3|33 ACKs]13:36:00  Sending 64 directed DeAuth (code 7). STMAC: [FF:FF:FF:FF:FF:FF] [ 3|34 ACKs]13:36:00  Sending 64 directed DeAuth (code 7). STMAC: [FF:FF:FF:FF:FF:FF] [ 3|35 ACKs]13:36:00  Sending 64 directed DeAuth (code 7). STMAC: [FF:FF:FF:FF:FF:FF] [ 3|36 ACKs]13:36:00  Sending 64 directed DeAuth (code 7). STMAC: [FF:FF:FF:FF:FF:FF] [ 3|37 ACKs]13:36:00  Sending 64 directed DeAuth (code 7). STMAC: [FF:FF:FF:FF:FF:FF] [ 3|38 ACKs]13:36:00  Sending 64 directed DeAuth (code 7). STMAC: [FF:FF:FF:FF:FF:FF] [ 3|39 ACKs]13:36:00  Sending 64 directed DeAuth (code 7). STMAC: [FF:FF:FF:FF:FF:FF] [ 3|40 ACKs]13:36:00  Sending 64 directed DeAuth (code 7). STMAC: [FF:FF:FF:FF:FF:FF] [ 3|41 ACKs]13:36:00  Sending 64 directed DeAuth (code 7). STMAC: [FF:FF:FF:FF:FF:FF] [ 3|42 ACKs]13:36:00  Sending 64 directed DeAuth (code 7). STMAC: [FF:FF:FF:FF:FF:FF] [ 3|43 ACKs]13:36:01  Sending 64 directed DeAuth (code 7). STMAC: [FF:FF:FF:FF:FF:FF] [ 3|44 ACKs]13:36:01  Sending 64 directed DeAuth (code 7). STMAC: [FF:FF:FF:FF:FF:FF] [ 3|45 ACKs]13:36:01  Sending 64 directed DeAuth (code 7). STMAC: [FF:FF:FF:FF:FF:FF] [ 3|46 ACKs]13:36:01  Sending 64 directed DeAuth (code 7). STMAC: [FF:FF:FF:FF:FF:FF] [ 3|47 ACKs]13:36:01  Sending 64 directed DeAuth (code 7). STMAC: [FF:FF:FF:FF:FF:FF] [ 3|48 ACKs]13:36:01  Sending 64 directed DeAuth (code 7). STMAC: [FF:FF:FF:FF:FF:FF] [ 3|49 ACKs]13:36:01  Sending 64 directed DeAuth (code 7). STMAC: [FF:FF:FF:FF:FF:FF] [ 3|50 ACKs]13:36:01  Sending 64 directed DeAuth (code 7). STMAC: [FF:FF:FF:FF:FF:FF] [ 3|51 ACKs]13:36:01  Sending 64 directed DeAuth (code 7). STMAC: [FF:FF:FF:FF:FF:FF] [ 3|52 ACKs]13:36:01  Sending 64 directed DeAuth (code 7). STMAC: [FF:FF:FF:FF:FF:FF] [ 3|53 ACKs]13:36:01  Sending 64 directed DeAuth (code 7). STMAC: [FF:FF:FF:FF:FF:FF] [ 3|54 ACKs]13:36:01  Sending 64 directed DeAuth (code 7). STMAC: [FF:FF:FF:FF:FF:FF] [ 3|55 ACKs]13:36:01  Sending 64 directed DeAuth (code 7). STMAC: [FF:FF:FF:FF:FF:FF] [ 3|56 ACKs]13:36:01  Sending 64 directed DeAuth (code 7). STMAC: [FF:FF:FF:FF:FF:FF] [ 3|57 ACKs]13:36:01  Sending 64 directed DeAuth (code 7). STMAC: [FF:FF:FF:FF:FF:FF] [ 3|58 ACKs]13:36:01  Sending 64 directed DeAuth (code 7). STMAC: [FF:FF:FF:FF:FF:FF] [ 3|59 ACKs]13:36:01  Sending 64 directed DeAuth (code 7). STMAC: [FF:FF:FF:FF:FF:FF] [ 3|60 ACKs]13:36:01  Sending 64 directed DeAuth (code 7). STMAC: [FF:FF:FF:FF:FF:FF] [ 3|61 ACKs]13:36:01  Sending 64 directed DeAuth (code 7). STMAC: [FF:FF:FF:FF:FF:FF] [ 3|62 ACKs]13:36:01  Sending 64 directed DeAuth (code 7). STMAC: [FF:FF:FF:FF:FF:FF] [ 3|63 ACKs]
13:36:01  Sending 64 directed DeAuth (code 7). STMAC: [FF:FF:FF:FF:FF:FF] [ 0| 0 ACKs]13:36:01  Sending 64 directed DeAuth (code 7). STMAC: [FF:FF:FF:FF:FF:FF] [ 0| 1 ACKs]13:36:01  Sending 64 directed DeAuth (code 7). STMAC: [FF:FF:FF:FF:FF:FF] [ 0| 1 ACKs]13:36:01  Sending 64 directed DeAuth (code 7). STMAC: [FF:FF:FF:FF:FF:FF] [ 1| 1 ACKs]13:36:01  Sending 64 directed DeAuth (code 7). STMAC: [FF:FF:FF:FF:FF:FF] [ 2| 1 ACKs]13:36:01  Sending 64 directed DeAuth (code 7). STMAC: [FF:FF:FF:FF:FF:FF] [ 3| 1 ACKs]13:36:01  Sending 64 directed DeAuth (code 7). STMAC: [FF:FF:FF:FF:FF:FF] [ 3| 1 ACKs]13:36:01  Sending 64 directed DeAuth (code 7). STMAC: [FF:FF:FF:FF:FF:FF] [ 4| 1 ACKs]13:36:01  Sending 64 directed DeAuth (code 7). STMAC: [FF:FF:FF:FF:FF:FF] [ 4| 1 ACKs]13:36:01  Sending 64 directed DeAuth (code 7). STMAC: [FF:FF:FF:FF:FF:FF] [ 4| 1 ACKs]13:36:01  Sending 64 directed DeAuth (code 7). STMAC: [FF:FF:FF:FF:FF:FF] [ 5| 1 ACKs]13:36:01  Sending 64 directed DeAuth (code 7). STMAC: [FF:FF:FF:FF:FF:FF] [ 5| 1 ACKs]13:36:01  Sending 64 directed DeAuth (code 7). STMAC: [FF:FF:FF:FF:FF:FF] [ 6| 1 ACKs]13:36:01  Sending 64 directed DeAuth (code 7). STMAC: [FF:FF:FF:FF:FF:FF] [ 7| 1 ACKs]13:36:01  Sending 64 directed DeAuth (code 7). STMAC: [FF:FF:FF:FF:FF:FF] [ 7| 2 ACKs]13:36:01  Sending 64 directed DeAuth (code 7). STMAC: [FF:FF:FF:FF:FF:FF] [ 8| 2 ACKs]13:36:01  Sending 64 directed DeAuth (code 7). STMAC: [FF:FF:FF:FF:FF:FF] [ 8| 3 ACKs]13:36:01  Sending 64 directed DeAuth (code 7). STMAC: [FF:FF:FF:FF:FF:FF] [ 9| 3 ACKs]13:36:01  Sending 64 directed DeAuth (code 7). STMAC: [FF:FF:FF:FF:FF:FF] [10| 3 ACKs]13:36:01  Sending 64 directed DeAuth (code 7). STMAC: [FF:FF:FF:FF:FF:FF] [10| 4 ACKs]13:36:01  Sending 64 directed DeAuth (code 7). STMAC: [FF:FF:FF:FF:FF:FF] [10| 5 ACKs]13:36:01  Sending 64 directed DeAuth (code 7). STMAC: [FF:FF:FF:FF:FF:FF] [11| 5 ACKs]13:36:01  Sending 64 directed DeAuth (code 7). STMAC: [FF:FF:FF:FF:FF:FF] [11| 6 ACKs]13:36:01  Sending 64 directed DeAuth (code 7). STMAC: [FF:FF:FF:FF:FF:FF] [11| 6 ACKs]13:36:01  Sending 64 directed DeAuth (code 7). STMAC: [FF:FF:FF:FF:FF:FF] [11| 7 ACKs]13:36:01  Sending 64 directed DeAuth (code 7). STMAC: [FF:FF:FF:FF:FF:FF] [11| 8 ACKs]13:36:01  Sending 64 directed DeAuth (code 7). STMAC: [FF:FF:FF:FF:FF:FF] [11| 9 ACKs]13:36:01  Sending 64 directed DeAuth (code 7). STMAC: [FF:FF:FF:FF:FF:FF] [11|10 ACKs]13:36:01  Sending 64 directed DeAuth (code 7). STMAC: [FF:FF:FF:FF:FF:FF] [12|10 ACKs]13:36:01  Sending 64 directed DeAuth (code 7). STMAC: [FF:FF:FF:FF:FF:FF] [12|11 ACKs]13:36:01  Sending 64 directed DeAuth (code 7). STMAC: [FF:FF:FF:FF:FF:FF] [12|12 ACKs]13:36:01  Sending 64 directed DeAuth (code 7). STMAC: [FF:FF:FF:FF:FF:FF] [12|13 ACKs]13:36:01  Sending 64 directed DeAuth (code 7). STMAC: [FF:FF:FF:FF:FF:FF] [12|14 ACKs]13:36:01  Sending 64 directed DeAuth (code 7). STMAC: [FF:FF:FF:FF:FF:FF] [12|15 ACKs]13:36:01  Sending 64 directed DeAuth (code 7). STMAC: [FF:FF:FF:FF:FF:FF] [12|16 ACKs]13:36:01  Sending 64 directed DeAuth (code 7). STMAC: [FF:FF:FF:FF:FF:FF] [12|17 ACKs]13:36:01  Sending 64 directed DeAuth (code 7). STMAC: [FF:FF:FF:FF:FF:FF] [12|18 ACKs]13:36:01  Sending 64 directed DeAuth (code 7). STMAC: [FF:FF:FF:FF:FF:FF] [12|19 ACKs]13:36:01  Sending 64 directed DeAuth (code 7). STMAC: [FF:FF:FF:FF:FF:FF] [12|20 ACKs]13:36:01  Sending 64 directed DeAuth (code 7). STMAC: [FF:FF:FF:FF:FF:FF] [12|21 ACKs]13:36:01  Sending 64 directed DeAuth (code 7). STMAC: [FF:FF:FF:FF:FF:FF] [12|22 ACKs]13:36:01  Sending 64 directed DeAuth (code 7). STMAC: [FF:FF:FF:FF:FF:FF] [12|23 ACKs]13:36:01  Sending 64 directed DeAuth (code 7). STMAC: [FF:FF:FF:FF:FF:FF] [12|24 ACKs]13:36:01  Sending 64 directed DeAuth (code 7). STMAC: [FF:FF:FF:FF:FF:FF] [12|25 ACKs]13:36:01  Sending 64 directed DeAuth (code 7). STMAC: [FF:FF:FF:FF:FF:FF] [12|26 ACKs]13:36:01  Sending 64 directed DeAuth (code 7). STMAC: [FF:FF:FF:FF:FF:FF] [12|27 ACKs]13:36:01  Sending 64 directed DeAuth (code 7). STMAC: [FF:FF:FF:FF:FF:FF] [12|28 ACKs]13:36:01  Sending 64 directed DeAuth (code 7). STMAC: [FF:FF:FF:FF:FF:FF] [13|28 ACKs]13:36:01  Sending 64 directed DeAuth (code 7). STMAC: [FF:FF:FF:FF:FF:FF] [13|29 ACKs]13:36:01  Sending 64 directed DeAuth (code 7). STMAC: [FF:FF:FF:FF:FF:FF] [14|29 ACKs]13:36:01  Sending 64 directed DeAuth (code 7). STMAC: [FF:FF:FF:FF:FF:FF] [14|30 ACKs]13:36:01  Sending 64 directed DeAuth (code 7). STMAC: [FF:FF:FF:FF:FF:FF] [15|30 ACKs]13:36:01  Sending 64 directed DeAuth (code 7). STMAC: [FF:FF:FF:FF:FF:FF] [15|31 ACKs]13:36:01  Sending 64 directed DeAuth (code 7). STMAC: [FF:FF:FF:FF:FF:FF] [15|32 ACKs]13:36:01  Sending 64 directed DeAuth (code 7). STMAC: [FF:FF:FF:FF:FF:FF] [15|33 ACKs]13:36:01  Sending 64 directed DeAuth (code 7). STMAC: [FF:FF:FF:FF:FF:FF] [15|34 ACKs]13:36:01  Sending 64 directed DeAuth (code 7). STMAC: [FF:FF:FF:FF:FF:FF] [15|35 ACKs]13:36:01  Sending 64 directed DeAuth (code 7). STMAC: [FF:FF:FF:FF:FF:FF] [15|36 ACKs]13:36:01  Sending 64 directed DeAuth (code 7). STMAC: [FF:FF:FF:FF:FF:FF] [15|37 ACKs]13:36:01  Sending 64 directed DeAuth (code 7). STMAC: [FF:FF:FF:FF:FF:FF] [15|38 ACKs]13:36:01  Sending 64 directed DeAuth (code 7). STMAC: [FF:FF:FF:FF:FF:FF] [15|39 ACKs]13:36:01  Sending 64 directed DeAuth (code 7). STMAC: [FF:FF:FF:FF:FF:FF] [15|40 ACKs]13:36:01  Sending 64 directed DeAuth (code 7). STMAC: [FF:FF:FF:FF:FF:FF] [15|41 ACKs]13:36:01  Sending 64 directed DeAuth (code 7). STMAC: [FF:FF:FF:FF:FF:FF] [15|42 ACKs]13:36:01  Sending 64 directed DeAuth (code 7). STMAC: [FF:FF:FF:FF:FF:FF] [15|43 ACKs]13:36:01  Sending 64 directed DeAuth (code 7). STMAC: [FF:FF:FF:FF:FF:FF] [15|44 ACKs]13:36:01  Sending 64 directed DeAuth (code 7). STMAC: [FF:FF:FF:FF:FF:FF] [15|45 ACKs]13:36:01  Sending 64 directed DeAuth (code 7). STMAC: [FF:FF:FF:FF:FF:FF] [15|46 ACKs]13:36:01  Sending 64 directed DeAuth (code 7). STMAC: [FF:FF:FF:FF:FF:FF] [15|47 ACKs]13:36:01  Sending 64 directed DeAuth (code 7). STMAC: [FF:FF:FF:FF:FF:FF] [15|48 ACKs]13:36:01  Sending 64 directed DeAuth (code 7). STMAC: [FF:FF:FF:FF:FF:FF] [15|49 ACKs]13:36:01  Sending 64 directed DeAuth (code 7). STMAC: [FF:FF:FF:FF:FF:FF] [15|50 ACKs]13:36:01  Sending 64 directed DeAuth (code 7). STMAC: [FF:FF:FF:FF:FF:FF] [15|51 ACKs]13:36:01  Sending 64 directed DeAuth (code 7). STMAC: [FF:FF:FF:FF:FF:FF] [15|52 ACKs]13:36:01  Sending 64 directed DeAuth (code 7). STMAC: [FF:FF:FF:FF:FF:FF] [15|53 ACKs]13:36:01  Sending 64 directed DeAuth (code 7). STMAC: [FF:FF:FF:FF:FF:FF] [15|54 ACKs]13:36:01  Sending 64 directed DeAuth (code 7). STMAC: [FF:FF:FF:FF:FF:FF] [15|55 ACKs]13:36:01  Sending 64 directed DeAuth (code 7). STMAC: [FF:FF:FF:FF:FF:FF] [15|56 ACKs]13:36:01  Sending 64 directed DeAuth (code 7). STMAC: [FF:FF:FF:FF:FF:FF] [15|57 ACKs]13:36:01  Sending 64 directed DeAuth (code 7). STMAC: [FF:FF:FF:FF:FF:FF] [15|58 ACKs]13:36:01  Sending 64 directed DeAuth (code 7). STMAC: [FF:FF:FF:FF:FF:FF] [15|59 ACKs]13:36:01  Sending 64 directed DeAuth (code 7). STMAC: [FF:FF:FF:FF:FF:FF] [15|60 ACKs]13:36:01  Sending 64 directed DeAuth (code 7). STMAC: [FF:FF:FF:FF:FF:FF] [15|61 ACKs]13:36:01  Sending 64 directed DeAuth (code 7). STMAC: [FF:FF:FF:FF:FF:FF] [15|62 ACKs]13:36:01  Sending 64 directed DeAuth (code 7). STMAC: [FF:FF:FF:FF:FF:FF] [15|63 ACKs]13:36:01  Sending 64 directed DeAuth (code 7). STMAC: [FF:FF:FF:FF:FF:FF] [15|64 ACKs]13:36:01  Sending 64 directed DeAuth (code 7). STMAC: [FF:FF:FF:FF:FF:FF] [15|65 ACKs]
13:36:01  Sending 64 directed DeAuth (code 7). STMAC: [FF:FF:FF:FF:FF:FF] [ 0| 0 ACKs]13:36:01  Sending 64 directed DeAuth (code 7). STMAC: [FF:FF:FF:FF:FF:FF] [ 0| 1 ACKs]13:36:01  Sending 64 directed DeAuth (code 7). STMAC: [FF:FF:FF:FF:FF:FF] [ 0| 2 ACKs]13:36:01  Sending 64 directed DeAuth (code 7). STMAC: [FF:FF:FF:FF:FF:FF] [ 0| 3 ACKs]13:36:01  Sending 64 directed DeAuth (code 7). STMAC: [FF:FF:FF:FF:FF:FF] [ 0| 4 ACKs]13:36:01  Sending 64 directed DeAuth (code 7). STMAC: [FF:FF:FF:FF:FF:FF] [ 0| 5 ACKs]13:36:01  Sending 64 directed DeAuth (code 7). STMAC: [FF:FF:FF:FF:FF:FF] [ 0| 6 ACKs]13:36:01  Sending 64 directed DeAuth (code 7). STMAC: [FF:FF:FF:FF:FF:FF] [ 0| 7 ACKs]13:36:01  Sending 64 directed DeAuth (code 7). STMAC: [FF:FF:FF:FF:FF:FF] [ 0| 8 ACKs]13:36:01  Sending 64 directed DeAuth (code 7). STMAC: [FF:FF:FF:FF:FF:FF] [ 0| 9 ACKs]13:36:01  Sending 64 directed DeAuth (code 7). STMAC: [FF:FF:FF:FF:FF:FF] [ 0|10 ACKs]13:36:01  Sending 64 directed DeAuth (code 7). STMAC: [FF:FF:FF:FF:FF:FF] [ 0|11 ACKs]13:36:01  Sending 64 directed DeAuth (code 7). STMAC: [FF:FF:FF:FF:FF:FF] [ 0|12 ACKs]13:36:01  Sending 64 directed DeAuth (code 7). STMAC: [FF:FF:FF:FF:FF:FF] [ 0|13 ACKs]13:36:01  Sending 64 directed DeAuth (code 7). STMAC: [FF:FF:FF:FF:FF:FF] [ 0|14 ACKs]13:36:01  Sending 64 directed DeAuth (code 7). STMAC: [FF:FF:FF:FF:FF:FF] [ 0|15 ACKs]13:36:01  Sending 64 directed DeAuth (code 7). STMAC: [FF:FF:FF:FF:FF:FF] [ 0|16 ACKs]13:36:01  Sending 64 directed DeAuth (code 7). STMAC: [FF:FF:FF:FF:FF:FF] [ 0|17 ACKs]13:36:01  Sending 64 directed DeAuth (code 7). STMAC: [FF:FF:FF:FF:FF:FF] [ 0|18 ACKs]13:36:01  Sending 64 directed DeAuth (code 7). STMAC: [FF:FF:FF:FF:FF:FF] [ 0|19 ACKs]13:36:02  Sending 64 directed DeAuth (code 7). STMAC: [FF:FF:FF:FF:FF:FF] [ 0|20 ACKs]13:36:02  Sending 64 directed DeAuth (code 7). STMAC: [FF:FF:FF:FF:FF:FF] [ 0|21 ACKs]13:36:02  Sending 64 directed DeAuth (code 7). STMAC: [FF:FF:FF:FF:FF:FF] [ 0|22 ACKs]13:36:02  Sending 64 directed DeAuth (code 7). STMAC: [FF:FF:FF:FF:FF:FF] [ 0|23 ACKs]13:36:02  Sending 64 directed DeAuth (code 7). STMAC: [FF:FF:FF:FF:FF:FF] [ 0|24 ACKs]13:36:02  Sending 64 directed DeAuth (code 7). STMAC: [FF:FF:FF:FF:FF:FF] [ 0|25 ACKs]13:36:02  Sending 64 directed DeAuth (code 7). STMAC: [FF:FF:FF:FF:FF:FF] [ 0|26 ACKs]13:36:02  Sending 64 directed DeAuth (code 7). STMAC: [FF:FF:FF:FF:FF:FF] [ 0|27 ACKs]13:36:02  Sending 64 directed DeAuth (code 7). STMAC: [FF:FF:FF:FF:FF:FF] [ 0|28 ACKs]13:36:02  Sending 64 directed DeAuth (code 7). STMAC: [FF:FF:FF:FF:FF:FF] [ 0|29 ACKs]13:36:02  Sending 64 directed DeAuth (code 7). STMAC: [FF:FF:FF:FF:FF:FF] [ 0|30 ACKs]13:36:02  Sending 64 directed DeAuth (code 7). STMAC: [FF:FF:FF:FF:FF:FF] [ 0|31 ACKs]13:36:02  Sending 64 directed DeAuth (code 7). STMAC: [FF:FF:FF:FF:FF:FF] [ 0|32 ACKs]13:36:02  Sending 64 directed DeAuth (code 7). STMAC: [FF:FF:FF:FF:FF:FF] [ 0|33 ACKs]13:36:02  Sending 64 directed DeAuth (code 7). STMAC: [FF:FF:FF:FF:FF:FF] [ 0|34 ACKs]13:36:02  Sending 64 directed DeAuth (code 7). STMAC: [FF:FF:FF:FF:FF:FF] [ 0|35 ACKs]13:36:02  Sending 64 directed DeAuth (code 7). STMAC: [FF:FF:FF:FF:FF:FF] [ 1|35 ACKs]13:36:02  Sending 64 directed DeAuth (code 7). STMAC: [FF:FF:FF:FF:FF:FF] [ 1|35 ACKs]13:36:02  Sending 64 directed DeAuth (code 7). STMAC: [FF:FF:FF:FF:FF:FF] [ 2|35 ACKs]13:36:02  Sending 64 directed DeAuth (code 7). STMAC: [FF:FF:FF:FF:FF:FF] [ 3|35 ACKs]13:36:02  Sending 64 directed DeAuth (code 7). STMAC: [FF:FF:FF:FF:FF:FF] [ 3|36 ACKs]13:36:02  Sending 64 directed DeAuth (code 7). STMAC: [FF:FF:FF:FF:FF:FF] [ 4|36 ACKs]13:36:02  Sending 64 directed DeAuth (code 7). STMAC: [FF:FF:FF:FF:FF:FF] [ 4|37 ACKs]13:36:02  Sending 64 directed DeAuth (code 7). STMAC: [FF:FF:FF:FF:FF:FF] [ 5|37 ACKs]13:36:02  Sending 64 directed DeAuth (code 7). STMAC: [FF:FF:FF:FF:FF:FF] [ 5|38 ACKs]13:36:02  Sending 64 directed DeAuth (code 7). STMAC: [FF:FF:FF:FF:FF:FF] [ 6|38 ACKs]13:36:02  Sending 64 directed DeAuth (code 7). STMAC: [FF:FF:FF:FF:FF:FF] [ 6|39 ACKs]13:36:02  Sending 64 directed DeAuth (code 7). STMAC: [FF:FF:FF:FF:FF:FF] [ 7|39 ACKs]13:36:02  Sending 64 directed DeAuth (code 7). STMAC: [FF:FF:FF:FF:FF:FF] [ 7|40 ACKs]13:36:02  Sending 64 directed DeAuth (code 7). STMAC: [FF:FF:FF:FF:FF:FF] [ 8|40 ACKs]13:36:02  Sending 64 directed DeAuth (code 7). STMAC: [FF:FF:FF:FF:FF:FF] [ 8|41 ACKs]13:36:02  Sending 64 directed DeAuth (code 7). STMAC: [FF:FF:FF:FF:FF:FF] [ 9|41 ACKs]13:36:02  Sending 64 directed DeAuth (code 7). STMAC: [FF:FF:FF:FF:FF:FF] [ 9|42 ACKs]13:36:02  Sending 64 directed DeAuth (code 7). STMAC: [FF:FF:FF:FF:FF:FF] [ 9|43 ACKs]13:36:02  Sending 64 directed DeAuth (code 7). STMAC: [FF:FF:FF:FF:FF:FF] [10|43 ACKs]13:36:02  Sending 64 directed DeAuth (code 7). STMAC: [FF:FF:FF:FF:FF:FF] [10|44 ACKs]13:36:02  Sending 64 directed DeAuth (code 7). STMAC: [FF:FF:FF:FF:FF:FF] [11|44 ACKs]13:36:02  Sending 64 directed DeAuth (code 7). STMAC: [FF:FF:FF:FF:FF:FF] [11|45 ACKs]13:36:02  Sending 64 directed DeAuth (code 7). STMAC: [FF:FF:FF:FF:FF:FF] [12|45 ACKs]13:36:02  Sending 64 directed DeAuth (code 7). STMAC: [FF:FF:FF:FF:FF:FF] [12|46 ACKs]13:36:02  Sending 64 directed DeAuth (code 7). STMAC: [FF:FF:FF:FF:FF:FF] [13|46 ACKs]13:36:02  Sending 64 directed DeAuth (code 7). STMAC: [FF:FF:FF:FF:FF:FF] [13|47 ACKs]13:36:02  Sending 64 directed DeAuth (code 7). STMAC: [FF:FF:FF:FF:FF:FF] [14|47 ACKs]13:36:02  Sending 64 directed DeAuth (code 7). STMAC: [FF:FF:FF:FF:FF:FF] [14|48 ACKs]13:36:02  Sending 64 directed DeAuth (code 7). STMAC: [FF:FF:FF:FF:FF:FF] [15|48 ACKs]13:36:02  Sending 64 directed DeAuth (code 7). STMAC: [FF:FF:FF:FF:FF:FF] [15|49 ACKs]13:36:02  Sending 64 directed DeAuth (code 7). STMAC: [FF:FF:FF:FF:FF:FF] [16|49 ACKs]13:36:02  Sending 64 directed DeAuth (code 7). STMAC: [FF:FF:FF:FF:FF:FF] [17|49 ACKs]13:36:02  Sending 64 directed DeAuth (code 7). STMAC: [FF:FF:FF:FF:FF:FF] [17|50 ACKs]13:36:02  Sending 64 directed DeAuth (code 7). STMAC: [FF:FF:FF:FF:FF:FF] [18|50 ACKs]13:36:02  Sending 64 directed DeAuth (code 7). STMAC: [FF:FF:FF:FF:FF:FF] [18|51 ACKs]13:36:02  Sending 64 directed DeAuth (code 7). STMAC: [FF:FF:FF:FF:FF:FF] [19|51 ACKs]13:36:02  Sending 64 directed DeAuth (code 7). STMAC: [FF:FF:FF:FF:FF:FF] [19|52 ACKs]13:36:02  Sending 64 directed DeAuth (code 7). STMAC: [FF:FF:FF:FF:FF:FF] [20|52 ACKs]13:36:02  Sending 64 directed DeAuth (code 7). STMAC: [FF:FF:FF:FF:FF:FF] [20|53 ACKs]13:36:02  Sending 64 directed DeAuth (code 7). STMAC: [FF:FF:FF:FF:FF:FF] [21|53 ACKs]13:36:02  Sending 64 directed DeAuth (code 7). STMAC: [FF:FF:FF:FF:FF:FF] [21|54 ACKs]13:36:02  Sending 64 directed DeAuth (code 7). STMAC: [FF:FF:FF:FF:FF:FF] [21|55 ACKs]13:36:02  Sending 64 directed DeAuth (code 7). STMAC: [FF:FF:FF:FF:FF:FF] [22|55 ACKs]13:36:02  Sending 64 directed DeAuth (code 7). STMAC: [FF:FF:FF:FF:FF:FF] [22|56 ACKs]13:36:02  Sending 64 directed DeAuth (code 7). STMAC: [FF:FF:FF:FF:FF:FF] [23|56 ACKs]13:36:02  Sending 64 directed DeAuth (code 7). STMAC: [FF:FF:FF:FF:FF:FF] [23|57 ACKs]13:36:02  Sending 64 directed DeAuth (code 7). STMAC: [FF:FF:FF:FF:FF:FF] [24|57 ACKs]13:36:02  Sending 64 directed DeAuth (code 7). STMAC: [FF:FF:FF:FF:FF:FF] [24|58 ACKs]13:36:02  Sending 64 directed DeAuth (code 7). STMAC: [FF:FF:FF:FF:FF:FF] [25|58 ACKs]13:36:02  Sending 64 directed DeAuth (code 7). STMAC: [FF:FF:FF:FF:FF:FF] [25|59 ACKs]13:36:02  Sending 64 directed DeAuth (code 7). STMAC: [FF:FF:FF:FF:FF:FF] [26|59 ACKs]13:36:02  Sending 64 directed DeAuth (code 7). STMAC: [FF:FF:FF:FF:FF:FF] [26|60 ACKs]13:36:02  Sending 64 directed DeAuth (code 7). STMAC: [FF:FF:FF:FF:FF:FF] [27|60 ACKs]13:36:02  Sending 64 directed DeAuth (code 7). STMAC: [FF:FF:FF:FF:FF:FF] [27|61 ACKs]13:36:02  Sending 64 directed DeAuth (code 7). STMAC: [FF:FF:FF:FF:FF:FF] [27|61 ACKs]13:36:02  Sending 64 directed DeAuth (code 7). STMAC: [FF:FF:FF:FF:FF:FF] [27|62 ACKs]13:36:02  Sending 64 directed DeAuth (code 7). STMAC: [FF:FF:FF:FF:FF:FF] [27|63 ACKs]13:36:02  Sending 64 directed DeAuth (code 7). STMAC: [FF:FF:FF:FF:FF:FF] [27|64 ACKs]
13:36:02  Sending 64 directed DeAuth (code 7). STMAC: [FF:FF:FF:FF:FF:FF] [ 0| 0 ACKs]13:36:02  Sending 64 directed DeAuth (code 7). STMAC: [FF:FF:FF:FF:FF:FF] [ 0| 1 ACKs]13:36:02  Sending 64 directed DeAuth (code 7). STMAC: [FF:FF:FF:FF:FF:FF] [ 0| 2 ACKs]13:36:02  Sending 64 directed DeAuth (code 7). STMAC: [FF:FF:FF:FF:FF:FF] [ 0| 3 ACKs]13:36:02  Sending 64 directed DeAuth (code 7). STMAC: [FF:FF:FF:FF:FF:FF] [ 0| 4 ACKs]13:36:02  Sending 64 directed DeAuth (code 7). STMAC: [FF:FF:FF:FF:FF:FF] [ 0| 5 ACKs]13:36:02  Sending 64 directed DeAuth (code 7). STMAC: [FF:FF:FF:FF:FF:FF] [ 0| 6 ACKs]13:36:02  Sending 64 directed DeAuth (code 7). STMAC: [FF:FF:FF:FF:FF:FF] [ 0| 7 ACKs]13:36:02  Sending 64 directed DeAuth (code 7). STMAC: [FF:FF:FF:FF:FF:FF] [ 0| 8 ACKs]13:36:02  Sending 64 directed DeAuth (code 7). STMAC: [FF:FF:FF:FF:FF:FF] [ 0| 9 ACKs]13:36:02  Sending 64 directed DeAuth (code 7). STMAC: [FF:FF:FF:FF:FF:FF] [ 0|10 ACKs]13:36:02  Sending 64 directed DeAuth (code 7). STMAC: [FF:FF:FF:FF:FF:FF] [ 0|11 ACKs]13:36:02  Sending 64 directed DeAuth (code 7). STMAC: [FF:FF:FF:FF:FF:FF] [ 0|12 ACKs]13:36:02  Sending 64 directed DeAuth (code 7). STMAC: [FF:FF:FF:FF:FF:FF] [ 0|13 ACKs]13:36:02  Sending 64 directed DeAuth (code 7). STMAC: [FF:FF:FF:FF:FF:FF] [ 0|14 ACKs]13:36:02  Sending 64 directed DeAuth (code 7). STMAC: [FF:FF:FF:FF:FF:FF] [ 0|15 ACKs]13:36:02  Sending 64 directed DeAuth (code 7). STMAC: [FF:FF:FF:FF:FF:FF] [ 0|16 ACKs]13:36:02  Sending 64 directed DeAuth (code 7). STMAC: [FF:FF:FF:FF:FF:FF] [ 0|17 ACKs]13:36:02  Sending 64 directed DeAuth (code 7). STMAC: [FF:FF:FF:FF:FF:FF] [ 0|18 ACKs]13:36:02  Sending 64 directed DeAuth (code 7). STMAC: [FF:FF:FF:FF:FF:FF] [ 0|19 ACKs]13:36:02  Sending 64 directed DeAuth (code 7). STMAC: [FF:FF:FF:FF:FF:FF] [ 0|20 ACKs]13:36:02  Sending 64 directed DeAuth (code 7). STMAC: [FF:FF:FF:FF:FF:FF] [ 0|21 ACKs]13:36:02  Sending 64 directed DeAuth (code 7). STMAC: [FF:FF:FF:FF:FF:FF] [ 0|22 ACKs]13:36:02  Sending 64 directed DeAuth (code 7). STMAC: [FF:FF:FF:FF:FF:FF] [ 0|23 ACKs]13:36:02  Sending 64 directed DeAuth (code 7). STMAC: [FF:FF:FF:FF:FF:FF] [ 0|24 ACKs]13:36:02  Sending 64 directed DeAuth (code 7). STMAC: [FF:FF:FF:FF:FF:FF] [ 0|25 ACKs]13:36:02  Sending 64 directed DeAuth (code 7). STMAC: [FF:FF:FF:FF:FF:FF] [ 0|26 ACKs]13:36:02  Sending 64 directed DeAuth (code 7). STMAC: [FF:FF:FF:FF:FF:FF] [ 0|27 ACKs]13:36:02  Sending 64 directed DeAuth (code 7). STMAC: [FF:FF:FF:FF:FF:FF] [ 0|28 ACKs]13:36:02  Sending 64 directed DeAuth (code 7). STMAC: [FF:FF:FF:FF:FF:FF] [ 0|29 ACKs]13:36:02  Sending 64 directed DeAuth (code 7). STMAC: [FF:FF:FF:FF:FF:FF] [ 0|30 ACKs]13:36:02  Sending 64 directed DeAuth (code 7). STMAC: [FF:FF:FF:FF:FF:FF] [ 0|31 ACKs]13:36:02  Sending 64 directed DeAuth (code 7). STMAC: [FF:FF:FF:FF:FF:FF] [ 0|32 ACKs]13:36:02  Sending 64 directed DeAuth (code 7). STMAC: [FF:FF:FF:FF:FF:FF] [ 0|33 ACKs]13:36:02  Sending 64 directed DeAuth (code 7). STMAC: [FF:FF:FF:FF:FF:FF] [ 0|34 ACKs]13:36:02  Sending 64 directed DeAuth (code 7). STMAC: [FF:FF:FF:FF:FF:FF] [ 0|35 ACKs]13:36:02  Sending 64 directed DeAuth (code 7). STMAC: [FF:FF:FF:FF:FF:FF] [ 0|36 ACKs]13:36:02  Sending 64 directed DeAuth (code 7). STMAC: [FF:FF:FF:FF:FF:FF] [ 0|37 ACKs]13:36:02  Sending 64 directed DeAuth (code 7). STMAC: [FF:FF:FF:FF:FF:FF] [ 0|38 ACKs]13:36:02  Sending 64 directed DeAuth (code 7). STMAC: [FF:FF:FF:FF:FF:FF] [ 0|39 ACKs]13:36:02  Sending 64 directed DeAuth (code 7). STMAC: [FF:FF:FF:FF:FF:FF] [ 1|39 ACKs]13:36:02  Sending 64 directed DeAuth (code 7). STMAC: [FF:FF:FF:FF:FF:FF] [ 1|40 ACKs]13:36:02  Sending 64 directed DeAuth (code 7). STMAC: [FF:FF:FF:FF:FF:FF] [ 2|40 ACKs]13:36:02  Sending 64 directed DeAuth (code 7). STMAC: [FF:FF:FF:FF:FF:FF] [ 2|41 ACKs]13:36:02  Sending 64 directed DeAuth (code 7). STMAC: [FF:FF:FF:FF:FF:FF] [ 3|41 ACKs]13:36:02  Sending 64 directed DeAuth (code 7). STMAC: [FF:FF:FF:FF:FF:FF] [ 3|42 ACKs]13:36:02  Sending 64 directed DeAuth (code 7). STMAC: [FF:FF:FF:FF:FF:FF] [ 3|43 ACKs]13:36:02  Sending 64 directed DeAuth (code 7). STMAC: [FF:FF:FF:FF:FF:FF] [ 4|43 ACKs]13:36:02  Sending 64 directed DeAuth (code 7). STMAC: [FF:FF:FF:FF:FF:FF] [ 4|44 ACKs]13:36:02  Sending 64 directed DeAuth (code 7). STMAC: [FF:FF:FF:FF:FF:FF] [ 5|44 ACKs]13:36:02  Sending 64 directed DeAuth (code 7). STMAC: [FF:FF:FF:FF:FF:FF] [ 5|45 ACKs]13:36:02  Sending 64 directed DeAuth (code 7). STMAC: [FF:FF:FF:FF:FF:FF] [ 6|45 ACKs]13:36:02  Sending 64 directed DeAuth (code 7). STMAC: [FF:FF:FF:FF:FF:FF] [ 6|46 ACKs]13:36:02  Sending 64 directed DeAuth (code 7). STMAC: [FF:FF:FF:FF:FF:FF] [ 7|46 ACKs]13:36:02  Sending 64 directed DeAuth (code 7). STMAC: [FF:FF:FF:FF:FF:FF] [ 7|47 ACKs]13:36:02  Sending 64 directed DeAuth (code 7). STMAC: [FF:FF:FF:FF:FF:FF] [ 8|47 ACKs]13:36:02  Sending 64 directed DeAuth (code 7). STMAC: [FF:FF:FF:FF:FF:FF] [ 8|48 ACKs]13:36:02  Sending 64 directed DeAuth (code 7). STMAC: [FF:FF:FF:FF:FF:FF] [ 9|48 ACKs]13:36:02  Sending 64 directed DeAuth (code 7). STMAC: [FF:FF:FF:FF:FF:FF] [ 9|49 ACKs]13:36:02  Sending 64 directed DeAuth (code 7). STMAC: [FF:FF:FF:FF:FF:FF] [10|49 ACKs]13:36:02  Sending 64 directed DeAuth (code 7). STMAC: [FF:FF:FF:FF:FF:FF] [10|50 ACKs]13:36:02  Sending 64 directed DeAuth (code 7). STMAC: [FF:FF:FF:FF:FF:FF] [11|50 ACKs]13:36:02  Sending 64 directed DeAuth (code 7). STMAC: [FF:FF:FF:FF:FF:FF] [11|51 ACKs]13:36:02  Sending 64 directed DeAuth (code 7). STMAC: [FF:FF:FF:FF:FF:FF] [12|51 ACKs]13:36:02  Sending 64 directed DeAuth (code 7). STMAC: [FF:FF:FF:FF:FF:FF] [12|52 ACKs]13:36:02  Sending 64 directed DeAuth (code 7). STMAC: [FF:FF:FF:FF:FF:FF] [13|52 ACKs]13:36:02  Sending 64 directed DeAuth (code 7). STMAC: [FF:FF:FF:FF:FF:FF] [13|53 ACKs]13:36:02  Sending 64 directed DeAuth (code 7). STMAC: [FF:FF:FF:FF:FF:FF] [14|53 ACKs]13:36:02  Sending 64 directed DeAuth (code 7). STMAC: [FF:FF:FF:FF:FF:FF] [14|54 ACKs]13:36:02  Sending 64 directed DeAuth (code 7). STMAC: [FF:FF:FF:FF:FF:FF] [15|54 ACKs]13:36:02  Sending 64 directed DeAuth (code 7). STMAC: [FF:FF:FF:FF:FF:FF] [15|55 ACKs]13:36:02  Sending 64 directed DeAuth (code 7). STMAC: [FF:FF:FF:FF:FF:FF] [16|55 ACKs]13:36:02  Sending 64 directed DeAuth (code 7). STMAC: [FF:FF:FF:FF:FF:FF] [16|56 ACKs]13:36:02  Sending 64 directed DeAuth (code 7). STMAC: [FF:FF:FF:FF:FF:FF] [16|57 ACKs]13:36:02  Sending 64 directed DeAuth (code 7). STMAC: [FF:FF:FF:FF:FF:FF] [16|58 ACKs]13:36:02  Sending 64 directed DeAuth (code 7). STMAC: [FF:FF:FF:FF:FF:FF] [16|59 ACKs]13:36:02  Sending 64 directed DeAuth (code 7). STMAC: [FF:FF:FF:FF:FF:FF] [16|60 ACKs]13:36:02  Sending 64 directed DeAuth (code 7). STMAC: [FF:FF:FF:FF:FF:FF] [16|61 ACKs]13:36:02  Sending 64 directed DeAuth (code 7). STMAC: [FF:FF:FF:FF:FF:FF] [16|62 ACKs]13:36:02  Sending 64 directed DeAuth (code 7). STMAC: [FF:FF:FF:FF:FF:FF] [16|63 ACKs]13:36:02  Sending 64 directed DeAuth (code 7). STMAC: [FF:FF:FF:FF:FF:FF] [16|64 ACKs]
13:36:03  Sending 64 directed DeAuth (code 7). STMAC: [FF:FF:FF:FF:FF:FF] [ 0| 0 ACKs]13:36:03  Sending 64 directed DeAuth (code 7). STMAC: [FF:FF:FF:FF:FF:FF] [ 0| 1 ACKs]13:36:03  Sending 64 directed DeAuth (code 7). STMAC: [FF:FF:FF:FF:FF:FF] [ 0| 2 ACKs]13:36:03  Sending 64 directed DeAuth (code 7). STMAC: [FF:FF:FF:FF:FF:FF] [ 0| 3 ACKs]13:36:03  Sending 64 directed DeAuth (code 7). STMAC: [FF:FF:FF:FF:FF:FF] [ 0| 4 ACKs]13:36:03  Sending 64 directed DeAuth (code 7). STMAC: [FF:FF:FF:FF:FF:FF] [ 0| 5 ACKs]13:36:03  Sending 64 directed DeAuth (code 7). STMAC: [FF:FF:FF:FF:FF:FF] [ 0| 6 ACKs]13:36:03  Sending 64 directed DeAuth (code 7). STMAC: [FF:FF:FF:FF:FF:FF] [ 0| 7 ACKs]13:36:03  Sending 64 directed DeAuth (code 7). STMAC: [FF:FF:FF:FF:FF:FF] [ 0| 8 ACKs]13:36:03  Sending 64 directed DeAuth (code 7). STMAC: [FF:FF:FF:FF:FF:FF] [ 0| 9 ACKs]13:36:03  Sending 64 directed DeAuth (code 7). STMAC: [FF:FF:FF:FF:FF:FF] [ 0|10 ACKs]13:36:03  Sending 64 directed DeAuth (code 7). STMAC: [FF:FF:FF:FF:FF:FF] [ 0|11 ACKs]13:36:03  Sending 64 directed DeAuth (code 7). STMAC: [FF:FF:FF:FF:FF:FF] [ 0|12 ACKs]13:36:03  Sending 64 directed DeAuth (code 7). STMAC: [FF:FF:FF:FF:FF:FF] [ 0|13 ACKs]13:36:03  Sending 64 directed DeAuth (code 7). STMAC: [FF:FF:FF:FF:FF:FF] [ 0|14 ACKs]13:36:03  Sending 64 directed DeAuth (code 7). STMAC: [FF:FF:FF:FF:FF:FF] [ 0|15 ACKs]13:36:03  Sending 64 directed DeAuth (code 7). STMAC: [FF:FF:FF:FF:FF:FF] [ 0|16 ACKs]13:36:03  Sending 64 directed DeAuth (code 7). STMAC: [FF:FF:FF:FF:FF:FF] [ 0|17 ACKs]13:36:03  Sending 64 directed DeAuth (code 7). STMAC: [FF:FF:FF:FF:FF:FF] [ 0|18 ACKs]13:36:03  Sending 64 directed DeAuth (code 7). STMAC: [FF:FF:FF:FF:FF:FF] [ 0|19 ACKs]13:36:03  Sending 64 directed DeAuth (code 7). STMAC: [FF:FF:FF:FF:FF:FF] [ 0|20 ACKs]13:36:03  Sending 64 directed DeAuth (code 7). STMAC: [FF:FF:FF:FF:FF:FF] [ 0|21 ACKs]13:36:03  Sending 64 directed DeAuth (code 7). STMAC: [FF:FF:FF:FF:FF:FF] [ 1|21 ACKs]13:36:03  Sending 64 directed DeAuth (code 7). STMAC: [FF:FF:FF:FF:FF:FF] [ 1|22 ACKs]13:36:03  Sending 64 directed DeAuth (code 7). STMAC: [FF:FF:FF:FF:FF:FF] [ 1|23 ACKs]13:36:03  Sending 64 directed DeAuth (code 7). STMAC: [FF:FF:FF:FF:FF:FF] [ 1|24 ACKs]13:36:03  Sending 64 directed DeAuth (code 7). STMAC: [FF:FF:FF:FF:FF:FF] [ 1|25 ACKs]13:36:03  Sending 64 directed DeAuth (code 7). STMAC: [FF:FF:FF:FF:FF:FF] [ 1|26 ACKs]13:36:03  Sending 64 directed DeAuth (code 7). STMAC: [FF:FF:FF:FF:FF:FF] [ 1|27 ACKs]13:36:03  Sending 64 directed DeAuth (code 7). STMAC: [FF:FF:FF:FF:FF:FF] [ 1|28 ACKs]13:36:03  Sending 64 directed DeAuth (code 7). STMAC: [FF:FF:FF:FF:FF:FF] [ 1|29 ACKs]13:36:03  Sending 64 directed DeAuth (code 7). STMAC: [FF:FF:FF:FF:FF:FF] [ 1|30 ACKs]13:36:03  Sending 64 directed DeAuth (code 7). STMAC: [FF:FF:FF:FF:FF:FF] [ 1|31 ACKs]13:36:03  Sending 64 directed DeAuth (code 7). STMAC: [FF:FF:FF:FF:FF:FF] [ 1|32 ACKs]13:36:03  Sending 64 directed DeAuth (code 7). STMAC: [FF:FF:FF:FF:FF:FF] [ 1|33 ACKs]13:36:03  Sending 64 directed DeAuth (code 7). STMAC: [FF:FF:FF:FF:FF:FF] [ 1|34 ACKs]13:36:03  Sending 64 directed DeAuth (code 7). STMAC: [FF:FF:FF:FF:FF:FF] [ 1|35 ACKs]13:36:03  Sending 64 directed DeAuth (code 7). STMAC: [FF:FF:FF:FF:FF:FF] [ 1|36 ACKs]13:36:03  Sending 64 directed DeAuth (code 7). STMAC: [FF:FF:FF:FF:FF:FF] [ 1|37 ACKs]13:36:03  Sending 64 directed DeAuth (code 7). STMAC: [FF:FF:FF:FF:FF:FF] [ 1|38 ACKs]13:36:03  Sending 64 directed DeAuth (code 7). STMAC: [FF:FF:FF:FF:FF:FF] [ 1|39 ACKs]13:36:03  Sending 64 directed DeAuth (code 7). STMAC: [FF:FF:FF:FF:FF:FF] [ 1|40 ACKs]13:36:03  Sending 64 directed DeAuth (code 7). STMAC: [FF:FF:FF:FF:FF:FF] [ 1|41 ACKs]13:36:03  Sending 64 directed DeAuth (code 7). STMAC: [FF:FF:FF:FF:FF:FF] [ 1|42 ACKs]13:36:03  Sending 64 directed DeAuth (code 7). STMAC: [FF:FF:FF:FF:FF:FF] [ 1|43 ACKs]13:36:03  Sending 64 directed DeAuth (code 7). STMAC: [FF:FF:FF:FF:FF:FF] [ 1|44 ACKs]13:36:03  Sending 64 directed DeAuth (code 7). STMAC: [FF:FF:FF:FF:FF:FF] [ 2|44 ACKs]13:36:03  Sending 64 directed DeAuth (code 7). STMAC: [FF:FF:FF:FF:FF:FF] [ 2|45 ACKs]13:36:03  Sending 64 directed DeAuth (code 7). STMAC: [FF:FF:FF:FF:FF:FF] [ 2|46 ACKs]13:36:03  Sending 64 directed DeAuth (code 7). STMAC: [FF:FF:FF:FF:FF:FF] [ 2|47 ACKs]13:36:03  Sending 64 directed DeAuth (code 7). STMAC: [FF:FF:FF:FF:FF:FF] [ 2|48 ACKs]13:36:03  Sending 64 directed DeAuth (code 7). STMAC: [FF:FF:FF:FF:FF:FF] [ 2|49 ACKs]13:36:03  Sending 64 directed DeAuth (code 7). STMAC: [FF:FF:FF:FF:FF:FF] [ 2|50 ACKs]13:36:03  Sending 64 directed DeAuth (code 7). STMAC: [FF:FF:FF:FF:FF:FF] [ 2|51 ACKs]13:36:03  Sending 64 directed DeAuth (code 7). STMAC: [FF:FF:FF:FF:FF:FF] [ 2|52 ACKs]13:36:03  Sending 64 directed DeAuth (code 7). STMAC: [FF:FF:FF:FF:FF:FF] [ 2|53 ACKs]13:36:03  Sending 64 directed DeAuth (code 7). STMAC: [FF:FF:FF:FF:FF:FF] [ 2|54 ACKs]13:36:03  Sending 64 directed DeAuth (code 7). STMAC: [FF:FF:FF:FF:FF:FF] [ 2|55 ACKs]13:36:03  Sending 64 directed DeAuth (code 7). STMAC: [FF:FF:FF:FF:FF:FF] [ 2|56 ACKs]13:36:03  Sending 64 directed DeAuth (code 7). STMAC: [FF:FF:FF:FF:FF:FF] [ 2|57 ACKs]13:36:03  Sending 64 directed DeAuth (code 7). STMAC: [FF:FF:FF:FF:FF:FF] [ 2|58 ACKs]13:36:03  Sending 64 directed DeAuth (code 7). STMAC: [FF:FF:FF:FF:FF:FF] [ 2|59 ACKs]13:36:03  Sending 64 directed DeAuth (code 7). STMAC: [FF:FF:FF:FF:FF:FF] [ 2|60 ACKs]13:36:03  Sending 64 directed DeAuth (code 7). STMAC: [FF:FF:FF:FF:FF:FF] [ 2|61 ACKs]13:36:03  Sending 64 directed DeAuth (code 7). STMAC: [FF:FF:FF:FF:FF:FF] [ 2|62 ACKs]13:36:03  Sending 64 directed DeAuth (code 7). STMAC: [FF:FF:FF:FF:FF:FF] [ 2|63 ACKs]13:36:03  Sending 64 directed DeAuth (code 7). STMAC: [FF:FF:FF:FF:FF:FF] [ 2|64 ACKs]
13:36:03  Sending 64 directed DeAuth (code 7). STMAC: [FF:FF:FF:FF:FF:FF] [ 0| 0 ACKs]13:36:03  Sending 64 directed DeAuth (code 7). STMAC: [FF:FF:FF:FF:FF:FF] [ 0| 1 ACKs]13:36:03  Sending 64 directed DeAuth (code 7). STMAC: [FF:FF:FF:FF:FF:FF] [ 0| 2 ACKs]13:36:03  Sending 64 directed DeAuth (code 7). STMAC: [FF:FF:FF:FF:FF:FF] [ 1| 2 ACKs]13:36:03  Sending 64 directed DeAuth (code 7). STMAC: [FF:FF:FF:FF:FF:FF] [ 1| 3 ACKs]13:36:03  Sending 64 directed DeAuth (code 7). STMAC: [FF:FF:FF:FF:FF:FF] [ 2| 3 ACKs]13:36:03  Sending 64 directed DeAuth (code 7). STMAC: [FF:FF:FF:FF:FF:FF] [ 2| 4 ACKs]13:36:03  Sending 64 directed DeAuth (code 7). STMAC: [FF:FF:FF:FF:FF:FF] [ 3| 4 ACKs]13:36:03  Sending 64 directed DeAuth (code 7). STMAC: [FF:FF:FF:FF:FF:FF] [ 3| 5 ACKs]13:36:03  Sending 64 directed DeAuth (code 7). STMAC: [FF:FF:FF:FF:FF:FF] [ 3| 6 ACKs]13:36:03  Sending 64 directed DeAuth (code 7). STMAC: [FF:FF:FF:FF:FF:FF] [ 4| 6 ACKs]13:36:03  Sending 64 directed DeAuth (code 7). STMAC: [FF:FF:FF:FF:FF:FF] [ 4| 7 ACKs]13:36:03  Sending 64 directed DeAuth (code 7). STMAC: [FF:FF:FF:FF:FF:FF] [ 5| 7 ACKs]13:36:03  Sending 64 directed DeAuth (code 7). STMAC: [FF:FF:FF:FF:FF:FF] [ 5| 8 ACKs]13:36:03  Sending 64 directed DeAuth (code 7). STMAC: [FF:FF:FF:FF:FF:FF] [ 6| 8 ACKs]13:36:03  Sending 64 directed DeAuth (code 7). STMAC: [FF:FF:FF:FF:FF:FF] [ 6| 9 ACKs]13:36:03  Sending 64 directed DeAuth (code 7). STMAC: [FF:FF:FF:FF:FF:FF] [ 7| 9 ACKs]13:36:03  Sending 64 directed DeAuth (code 7). STMAC: [FF:FF:FF:FF:FF:FF] [ 7|10 ACKs]13:36:03  Sending 64 directed DeAuth (code 7). STMAC: [FF:FF:FF:FF:FF:FF] [ 8|10 ACKs]13:36:03  Sending 64 directed DeAuth (code 7). STMAC: [FF:FF:FF:FF:FF:FF] [ 8|11 ACKs]13:36:03  Sending 64 directed DeAuth (code 7). STMAC: [FF:FF:FF:FF:FF:FF] [ 9|11 ACKs]13:36:03  Sending 64 directed DeAuth (code 7). STMAC: [FF:FF:FF:FF:FF:FF] [ 9|12 ACKs]13:36:03  Sending 64 directed DeAuth (code 7). STMAC: [FF:FF:FF:FF:FF:FF] [10|12 ACKs]13:36:03  Sending 64 directed DeAuth (code 7). STMAC: [FF:FF:FF:FF:FF:FF] [10|13 ACKs]13:36:03  Sending 64 directed DeAuth (code 7). STMAC: [FF:FF:FF:FF:FF:FF] [11|13 ACKs]13:36:03  Sending 64 directed DeAuth (code 7). STMAC: [FF:FF:FF:FF:FF:FF] [11|14 ACKs]13:36:03  Sending 64 directed DeAuth (code 7). STMAC: [FF:FF:FF:FF:FF:FF] [12|14 ACKs]13:36:03  Sending 64 directed DeAuth (code 7). STMAC: [FF:FF:FF:FF:FF:FF] [12|15 ACKs]13:36:03  Sending 64 directed DeAuth (code 7). STMAC: [FF:FF:FF:FF:FF:FF] [13|15 ACKs]13:36:03  Sending 64 directed DeAuth (code 7). STMAC: [FF:FF:FF:FF:FF:FF] [13|16 ACKs]13:36:03  Sending 64 directed DeAuth (code 7). STMAC: [FF:FF:FF:FF:FF:FF] [14|16 ACKs]13:36:03  Sending 64 directed DeAuth (code 7). STMAC: [FF:FF:FF:FF:FF:FF] [14|17 ACKs]13:36:03  Sending 64 directed DeAuth (code 7). STMAC: [FF:FF:FF:FF:FF:FF] [15|17 ACKs]13:36:03  Sending 64 directed DeAuth (code 7). STMAC: [FF:FF:FF:FF:FF:FF] [15|18 ACKs]13:36:03  Sending 64 directed DeAuth (code 7). STMAC: [FF:FF:FF:FF:FF:FF] [15|19 ACKs]13:36:03  Sending 64 directed DeAuth (code 7). STMAC: [FF:FF:FF:FF:FF:FF] [15|20 ACKs]13:36:03  Sending 64 directed DeAuth (code 7). STMAC: [FF:FF:FF:FF:FF:FF] [15|21 ACKs]13:36:03  Sending 64 directed DeAuth (code 7). STMAC: [FF:FF:FF:FF:FF:FF] [15|22 ACKs]13:36:03  Sending 64 directed DeAuth (code 7). STMAC: [FF:FF:FF:FF:FF:FF] [15|23 ACKs]13:36:03  Sending 64 directed DeAuth (code 7). STMAC: [FF:FF:FF:FF:FF:FF] [15|24 ACKs]13:36:03  Sending 64 directed DeAuth (code 7). STMAC: [FF:FF:FF:FF:FF:FF] [15|25 ACKs]13:36:03  Sending 64 directed DeAuth (code 7). STMAC: [FF:FF:FF:FF:FF:FF] [15|26 ACKs]13:36:03  Sending 64 directed DeAuth (code 7). STMAC: [FF:FF:FF:FF:FF:FF] [15|27 ACKs]13:36:03  Sending 64 directed DeAuth (code 7). STMAC: [FF:FF:FF:FF:FF:FF] [15|28 ACKs]13:36:03  Sending 64 directed DeAuth (code 7). STMAC: [FF:FF:FF:FF:FF:FF] [15|29 ACKs]13:36:03  Sending 64 directed DeAuth (code 7). STMAC: [FF:FF:FF:FF:FF:FF] [15|30 ACKs]13:36:03  Sending 64 directed DeAuth (code 7). STMAC: [FF:FF:FF:FF:FF:FF] [15|31 ACKs]13:36:03  Sending 64 directed DeAuth (code 7). STMAC: [FF:FF:FF:FF:FF:FF] [15|32 ACKs]13:36:03  Sending 64 directed DeAuth (code 7). STMAC: [FF:FF:FF:FF:FF:FF] [15|33 ACKs]13:36:03  Sending 64 directed DeAuth (code 7). STMAC: [FF:FF:FF:FF:FF:FF] [15|34 ACKs]13:36:03  Sending 64 directed DeAuth (code 7). STMAC: [FF:FF:FF:FF:FF:FF] [15|35 ACKs]13:36:03  Sending 64 directed DeAuth (code 7). STMAC: [FF:FF:FF:FF:FF:FF] [15|36 ACKs]13:36:03  Sending 64 directed DeAuth (code 7). STMAC: [FF:FF:FF:FF:FF:FF] [15|37 ACKs]13:36:03  Sending 64 directed DeAuth (code 7). STMAC: [FF:FF:FF:FF:FF:FF] [15|38 ACKs]13:36:03  Sending 64 directed DeAuth (code 7). STMAC: [FF:FF:FF:FF:FF:FF] [15|39 ACKs]13:36:03  Sending 64 directed DeAuth (code 7). STMAC: [FF:FF:FF:FF:FF:FF] [15|40 ACKs]13:36:03  Sending 64 directed DeAuth (code 7). STMAC: [FF:FF:FF:FF:FF:FF] [15|41 ACKs]13:36:03  Sending 64 directed DeAuth (code 7). STMAC: [FF:FF:FF:FF:FF:FF] [15|42 ACKs]13:36:03  Sending 64 directed DeAuth (code 7). STMAC: [FF:FF:FF:FF:FF:FF] [15|43 ACKs]13:36:03  Sending 64 directed DeAuth (code 7). STMAC: [FF:FF:FF:FF:FF:FF] [15|44 ACKs]13:36:03  Sending 64 directed DeAuth (code 7). STMAC: [FF:FF:FF:FF:FF:FF] [15|45 ACKs]13:36:03  Sending 64 directed DeAuth (code 7). STMAC: [FF:FF:FF:FF:FF:FF] [15|46 ACKs]13:36:03  Sending 64 directed DeAuth (code 7). STMAC: [FF:FF:FF:FF:FF:FF] [15|47 ACKs]13:36:03  Sending 64 directed DeAuth (code 7). STMAC: [FF:FF:FF:FF:FF:FF] [15|48 ACKs]13:36:03  Sending 64 directed DeAuth (code 7). STMAC: [FF:FF:FF:FF:FF:FF] [15|49 ACKs]13:36:03  Sending 64 directed DeAuth (code 7). STMAC: [FF:FF:FF:FF:FF:FF] [16|49 ACKs]13:36:03  Sending 64 directed DeAuth (code 7). STMAC: [FF:FF:FF:FF:FF:FF] [16|50 ACKs]13:36:03  Sending 64 directed DeAuth (code 7). STMAC: [FF:FF:FF:FF:FF:FF] [16|50 ACKs]13:36:03  Sending 64 directed DeAuth (code 7). STMAC: [FF:FF:FF:FF:FF:FF] [17|50 ACKs]13:36:03  Sending 64 directed DeAuth (code 7). STMAC: [FF:FF:FF:FF:FF:FF] [17|51 ACKs]13:36:03  Sending 64 directed DeAuth (code 7). STMAC: [FF:FF:FF:FF:FF:FF] [18|51 ACKs]13:36:03  Sending 64 directed DeAuth (code 7). STMAC: [FF:FF:FF:FF:FF:FF] [18|52 ACKs]13:36:03  Sending 64 directed DeAuth (code 7). STMAC: [FF:FF:FF:FF:FF:FF] [19|52 ACKs]13:36:03  Sending 64 directed DeAuth (code 7). STMAC: [FF:FF:FF:FF:FF:FF] [19|53 ACKs]13:36:03  Sending 64 directed DeAuth (code 7). STMAC: [FF:FF:FF:FF:FF:FF] [19|54 ACKs]13:36:03  Sending 64 directed DeAuth (code 7). STMAC: [FF:FF:FF:FF:FF:FF] [19|55 ACKs]13:36:03  Sending 64 directed DeAuth (code 7). STMAC: [FF:FF:FF:FF:FF:FF] [20|55 ACKs]13:36:03  Sending 64 directed DeAuth (code 7). STMAC: [FF:FF:FF:FF:FF:FF] [20|56 ACKs]13:36:03  Sending 64 directed DeAuth (code 7). STMAC: [FF:FF:FF:FF:FF:FF] [21|56 ACKs]13:36:03  Sending 64 directed DeAuth (code 7). STMAC: [FF:FF:FF:FF:FF:FF] [21|57 ACKs]13:36:03  Sending 64 directed DeAuth (code 7). STMAC: [FF:FF:FF:FF:FF:FF] [21|58 ACKs]13:36:04  Sending 64 directed DeAuth (code 7). STMAC: [FF:FF:FF:FF:FF:FF] [22|58 ACKs]13:36:04  Sending 64 directed DeAuth (code 7). STMAC: [FF:FF:FF:FF:FF:FF] [22|59 ACKs]13:36:04  Sending 64 directed DeAuth (code 7). STMAC: [FF:FF:FF:FF:FF:FF] [23|59 ACKs]13:36:04  Sending 64 directed DeAuth (code 7). STMAC: [FF:FF:FF:FF:FF:FF] [23|60 ACKs]13:36:04  Sending 64 directed DeAuth (code 7). STMAC: [FF:FF:FF:FF:FF:FF] [23|61 ACKs]13:36:04  Sending 64 directed DeAuth (code 7). STMAC: [FF:FF:FF:FF:FF:FF] [24|61 ACKs]13:36:04  Sending 64 directed DeAuth (code 7). STMAC: [FF:FF:FF:FF:FF:FF] [24|62 ACKs]13:36:04  Sending 64 directed DeAuth (code 7). STMAC: [FF:FF:FF:FF:FF:FF] [25|62 ACKs]13:36:04  Sending 64 directed DeAuth (code 7). STMAC: [FF:FF:FF:FF:FF:FF] [25|63 ACKs]13:36:04  Sending 64 directed DeAuth (code 7). STMAC: [FF:FF:FF:FF:FF:FF] [25|64 ACKs]
13:36:04  Sending 64 directed DeAuth (code 7). STMAC: [FF:FF:FF:FF:FF:FF] [ 0| 0 ACKs]13:36:04  Sending 64 directed DeAuth (code 7). STMAC: [FF:FF:FF:FF:FF:FF] [ 0| 0 ACKs]13:36:04  Sending 64 directed DeAuth (code 7). STMAC: [FF:FF:FF:FF:FF:FF] [ 1| 0 ACKs]13:36:04  Sending 64 directed DeAuth (code 7). STMAC: [FF:FF:FF:FF:FF:FF] [ 1| 1 ACKs]13:36:04  Sending 64 directed DeAuth (code 7). STMAC: [FF:FF:FF:FF:FF:FF] [ 1| 2 ACKs]13:36:04  Sending 64 directed DeAuth (code 7). STMAC: [FF:FF:FF:FF:FF:FF] [ 1| 3 ACKs]13:36:04  Sending 64 directed DeAuth (code 7). STMAC: [FF:FF:FF:FF:FF:FF] [ 1| 4 ACKs]13:36:04  Sending 64 directed DeAuth (code 7). STMAC: [FF:FF:FF:FF:FF:FF] [ 1| 5 ACKs]13:36:04  Sending 64 directed DeAuth (code 7). STMAC: [FF:FF:FF:FF:FF:FF] [ 2| 5 ACKs]13:36:04  Sending 64 directed DeAuth (code 7). STMAC: [FF:FF:FF:FF:FF:FF] [ 2| 6 ACKs]13:36:04  Sending 64 directed DeAuth (code 7). STMAC: [FF:FF:FF:FF:FF:FF] [ 2| 7 ACKs]13:36:04  Sending 64 directed DeAuth (code 7). STMAC: [FF:FF:FF:FF:FF:FF] [ 2| 8 ACKs]13:36:04  Sending 64 directed DeAuth (code 7). STMAC: [FF:FF:FF:FF:FF:FF] [ 2| 9 ACKs]13:36:04  Sending 64 directed DeAuth (code 7). STMAC: [FF:FF:FF:FF:FF:FF] [ 2|10 ACKs]13:36:04  Sending 64 directed DeAuth (code 7). STMAC: [FF:FF:FF:FF:FF:FF] [ 2|11 ACKs]13:36:04  Sending 64 directed DeAuth (code 7). STMAC: [FF:FF:FF:FF:FF:FF] [ 2|12 ACKs]13:36:04  Sending 64 directed DeAuth (code 7). STMAC: [FF:FF:FF:FF:FF:FF] [ 2|13 ACKs]13:36:04  Sending 64 directed DeAuth (code 7). STMAC: [FF:FF:FF:FF:FF:FF] [ 2|14 ACKs]13:36:04  Sending 64 directed DeAuth (code 7). STMAC: [FF:FF:FF:FF:FF:FF] [ 2|15 ACKs]13:36:04  Sending 64 directed DeAuth (code 7). STMAC: [FF:FF:FF:FF:FF:FF] [ 2|16 ACKs]13:36:04  Sending 64 directed DeAuth (code 7). STMAC: [FF:FF:FF:FF:FF:FF] [ 2|17 ACKs]13:36:04  Sending 64 directed DeAuth (code 7). STMAC: [FF:FF:FF:FF:FF:FF] [ 2|18 ACKs]13:36:04  Sending 64 directed DeAuth (code 7). STMAC: [FF:FF:FF:FF:FF:FF] [ 2|19 ACKs]13:36:04  Sending 64 directed DeAuth (code 7). STMAC: [FF:FF:FF:FF:FF:FF] [ 2|20 ACKs]13:36:04  Sending 64 directed DeAuth (code 7). STMAC: [FF:FF:FF:FF:FF:FF] [ 2|21 ACKs]13:36:04  Sending 64 directed DeAuth (code 7). STMAC: [FF:FF:FF:FF:FF:FF] [ 2|22 ACKs]13:36:04  Sending 64 directed DeAuth (code 7). STMAC: [FF:FF:FF:FF:FF:FF] [ 2|23 ACKs]13:36:04  Sending 64 directed DeAuth (code 7). STMAC: [FF:FF:FF:FF:FF:FF] [ 2|24 ACKs]13:36:04  Sending 64 directed DeAuth (code 7). STMAC: [FF:FF:FF:FF:FF:FF] [ 2|25 ACKs]13:36:04  Sending 64 directed DeAuth (code 7). STMAC: [FF:FF:FF:FF:FF:FF] [ 2|26 ACKs]13:36:04  Sending 64 directed DeAuth (code 7). STMAC: [FF:FF:FF:FF:FF:FF] [ 2|27 ACKs]13:36:04  Sending 64 directed DeAuth (code 7). STMAC: [FF:FF:FF:FF:FF:FF] [ 2|28 ACKs]13:36:04  Sending 64 directed DeAuth (code 7). STMAC: [FF:FF:FF:FF:FF:FF] [ 2|29 ACKs]13:36:04  Sending 64 directed DeAuth (code 7). STMAC: [FF:FF:FF:FF:FF:FF] [ 2|30 ACKs]13:36:04  Sending 64 directed DeAuth (code 7). STMAC: [FF:FF:FF:FF:FF:FF] [ 2|31 ACKs]13:36:04  Sending 64 directed DeAuth (code 7). STMAC: [FF:FF:FF:FF:FF:FF] [ 2|32 ACKs]13:36:04  Sending 64 directed DeAuth (code 7). STMAC: [FF:FF:FF:FF:FF:FF] [ 2|33 ACKs]13:36:04  Sending 64 directed DeAuth (code 7). STMAC: [FF:FF:FF:FF:FF:FF] [ 2|34 ACKs]13:36:04  Sending 64 directed DeAuth (code 7). STMAC: [FF:FF:FF:FF:FF:FF] [ 2|35 ACKs]13:36:04  Sending 64 directed DeAuth (code 7). STMAC: [FF:FF:FF:FF:FF:FF] [ 2|36 ACKs]13:36:04  Sending 64 directed DeAuth (code 7). STMAC: [FF:FF:FF:FF:FF:FF] [ 2|37 ACKs]13:36:04  Sending 64 directed DeAuth (code 7). STMAC: [FF:FF:FF:FF:FF:FF] [ 2|38 ACKs]13:36:04  Sending 64 directed DeAuth (code 7). STMAC: [FF:FF:FF:FF:FF:FF] [ 2|39 ACKs]13:36:04  Sending 64 directed DeAuth (code 7). STMAC: [FF:FF:FF:FF:FF:FF] [ 2|40 ACKs]13:36:04  Sending 64 directed DeAuth (code 7). STMAC: [FF:FF:FF:FF:FF:FF] [ 2|41 ACKs]13:36:04  Sending 64 directed DeAuth (code 7). STMAC: [FF:FF:FF:FF:FF:FF] [ 2|42 ACKs]13:36:04  Sending 64 directed DeAuth (code 7). STMAC: [FF:FF:FF:FF:FF:FF] [ 2|43 ACKs]13:36:04  Sending 64 directed DeAuth (code 7). STMAC: [FF:FF:FF:FF:FF:FF] [ 2|44 ACKs]13:36:04  Sending 64 directed DeAuth (code 7). STMAC: [FF:FF:FF:FF:FF:FF] [ 2|45 ACKs]13:36:04  Sending 64 directed DeAuth (code 7). STMAC: [FF:FF:FF:FF:FF:FF] [ 2|46 ACKs]13:36:04  Sending 64 directed DeAuth (code 7). STMAC: [FF:FF:FF:FF:FF:FF] [ 2|47 ACKs]13:36:04  Sending 64 directed DeAuth (code 7). STMAC: [FF:FF:FF:FF:FF:FF] [ 2|48 ACKs]13:36:04  Sending 64 directed DeAuth (code 7). STMAC: [FF:FF:FF:FF:FF:FF] [ 2|49 ACKs]13:36:04  Sending 64 directed DeAuth (code 7). STMAC: [FF:FF:FF:FF:FF:FF] [ 2|50 ACKs]13:36:04  Sending 64 directed DeAuth (code 7). STMAC: [FF:FF:FF:FF:FF:FF] [ 2|51 ACKs]13:36:04  Sending 64 directed DeAuth (code 7). STMAC: [FF:FF:FF:FF:FF:FF] [ 2|52 ACKs]13:36:04  Sending 64 directed DeAuth (code 7). STMAC: [FF:FF:FF:FF:FF:FF] [ 2|53 ACKs]13:36:04  Sending 64 directed DeAuth (code 7). STMAC: [FF:FF:FF:FF:FF:FF] [ 2|54 ACKs]13:36:04  Sending 64 directed DeAuth (code 7). STMAC: [FF:FF:FF:FF:FF:FF] [ 2|55 ACKs]13:36:04  Sending 64 directed DeAuth (code 7). STMAC: [FF:FF:FF:FF:FF:FF] [ 2|56 ACKs]13:36:04  Sending 64 directed DeAuth (code 7). STMAC: [FF:FF:FF:FF:FF:FF] [ 2|57 ACKs]13:36:04  Sending 64 directed DeAuth (code 7). STMAC: [FF:FF:FF:FF:FF:FF] [ 2|58 ACKs]13:36:04  Sending 64 directed DeAuth (code 7). STMAC: [FF:FF:FF:FF:FF:FF] [ 2|59 ACKs]13:36:04  Sending 64 directed DeAuth (code 7). STMAC: [FF:FF:FF:FF:FF:FF] [ 2|60 ACKs]13:36:04  Sending 64 directed DeAuth (code 7). STMAC: [FF:FF:FF:FF:FF:FF] [ 2|61 ACKs]13:36:04  Sending 64 directed DeAuth (code 7). STMAC: [FF:FF:FF:FF:FF:FF] [ 2|62 ACKs]13:36:04  Sending 64 directed DeAuth (code 7). STMAC: [FF:FF:FF:FF:FF:FF] [ 2|63 ACKs]13:36:04  Sending 64 directed DeAuth (code 7). STMAC: [FF:FF:FF:FF:FF:FF] [ 2|64 ACKs]
13:36:04  Sending 64 directed DeAuth (code 7). STMAC: [FF:FF:FF:FF:FF:FF] [ 0| 0 ACKs]13:36:04  Sending 64 directed DeAuth (code 7). STMAC: [FF:FF:FF:FF:FF:FF] [ 1| 0 ACKs]13:36:04  Sending 64 directed DeAuth (code 7). STMAC: [FF:FF:FF:FF:FF:FF] [ 2| 0 ACKs]13:36:04  Sending 64 directed DeAuth (code 7). STMAC: [FF:FF:FF:FF:FF:FF] [ 2| 1 ACKs]13:36:04  Sending 64 directed DeAuth (code 7). STMAC: [FF:FF:FF:FF:FF:FF] [ 2| 2 ACKs]13:36:04  Sending 64 directed DeAuth (code 7). STMAC: [FF:FF:FF:FF:FF:FF] [ 2| 3 ACKs]13:36:04  Sending 64 directed DeAuth (code 7). STMAC: [FF:FF:FF:FF:FF:FF] [ 2| 4 ACKs]13:36:04  Sending 64 directed DeAuth (code 7). STMAC: [FF:FF:FF:FF:FF:FF] [ 2| 5 ACKs]13:36:04  Sending 64 directed DeAuth (code 7). STMAC: [FF:FF:FF:FF:FF:FF] [ 2| 6 ACKs]13:36:04  Sending 64 directed DeAuth (code 7). STMAC: [FF:FF:FF:FF:FF:FF] [ 2| 7 ACKs]13:36:04  Sending 64 directed DeAuth (code 7). STMAC: [FF:FF:FF:FF:FF:FF] [ 2| 8 ACKs]13:36:04  Sending 64 directed DeAuth (code 7). STMAC: [FF:FF:FF:FF:FF:FF] [ 2| 9 ACKs]13:36:04  Sending 64 directed DeAuth (code 7). STMAC: [FF:FF:FF:FF:FF:FF] [ 2|10 ACKs]13:36:04  Sending 64 directed DeAuth (code 7). STMAC: [FF:FF:FF:FF:FF:FF] [ 2|11 ACKs]13:36:04  Sending 64 directed DeAuth (code 7). STMAC: [FF:FF:FF:FF:FF:FF] [ 2|12 ACKs]13:36:04  Sending 64 directed DeAuth (code 7). STMAC: [FF:FF:FF:FF:FF:FF] [ 2|13 ACKs]13:36:04  Sending 64 directed DeAuth (code 7). STMAC: [FF:FF:FF:FF:FF:FF] [ 2|14 ACKs]13:36:04  Sending 64 directed DeAuth (code 7). STMAC: [FF:FF:FF:FF:FF:FF] [ 2|15 ACKs]13:36:04  Sending 64 directed DeAuth (code 7). STMAC: [FF:FF:FF:FF:FF:FF] [ 2|16 ACKs]13:36:04  Sending 64 directed DeAuth (code 7). STMAC: [FF:FF:FF:FF:FF:FF] [ 2|17 ACKs]13:36:04  Sending 64 directed DeAuth (code 7). STMAC: [FF:FF:FF:FF:FF:FF] [ 2|18 ACKs]13:36:04  Sending 64 directed DeAuth (code 7). STMAC: [FF:FF:FF:FF:FF:FF] [ 2|19 ACKs]13:36:04  Sending 64 directed DeAuth (code 7). STMAC: [FF:FF:FF:FF:FF:FF] [ 2|20 ACKs]13:36:04  Sending 64 directed DeAuth (code 7). STMAC: [FF:FF:FF:FF:FF:FF] [ 2|21 ACKs]13:36:04  Sending 64 directed DeAuth (code 7). STMAC: [FF:FF:FF:FF:FF:FF] [ 2|22 ACKs]13:36:04  Sending 64 directed DeAuth (code 7). STMAC: [FF:FF:FF:FF:FF:FF] [ 2|23 ACKs]13:36:04  Sending 64 directed DeAuth (code 7). STMAC: [FF:FF:FF:FF:FF:FF] [ 2|24 ACKs]13:36:04  Sending 64 directed DeAuth (code 7). STMAC: [FF:FF:FF:FF:FF:FF] [ 2|25 ACKs]13:36:04  Sending 64 directed DeAuth (code 7). STMAC: [FF:FF:FF:FF:FF:FF] [ 2|26 ACKs]13:36:04  Sending 64 directed DeAuth (code 7). STMAC: [FF:FF:FF:FF:FF:FF] [ 2|27 ACKs]13:36:04  Sending 64 directed DeAuth (code 7). STMAC: [FF:FF:FF:FF:FF:FF] [ 2|28 ACKs]13:36:04  Sending 64 directed DeAuth (code 7). STMAC: [FF:FF:FF:FF:FF:FF] [ 2|29 ACKs]13:36:04  Sending 64 directed DeAuth (code 7). STMAC: [FF:FF:FF:FF:FF:FF] [ 2|30 ACKs]13:36:04  Sending 64 directed DeAuth (code 7). STMAC: [FF:FF:FF:FF:FF:FF] [ 2|31 ACKs]13:36:04  Sending 64 directed DeAuth (code 7). STMAC: [FF:FF:FF:FF:FF:FF] [ 2|32 ACKs]13:36:04  Sending 64 directed DeAuth (code 7). STMAC: [FF:FF:FF:FF:FF:FF] [ 2|33 ACKs]13:36:04  Sending 64 directed DeAuth (code 7). STMAC: [FF:FF:FF:FF:FF:FF] [ 2|34 ACKs]13:36:04  Sending 64 directed DeAuth (code 7). STMAC: [FF:FF:FF:FF:FF:FF] [ 2|35 ACKs]13:36:05  Sending 64 directed DeAuth (code 7). STMAC: [FF:FF:FF:FF:FF:FF] [ 2|36 ACKs]13:36:05  Sending 64 directed DeAuth (code 7). STMAC: [FF:FF:FF:FF:FF:FF] [ 2|37 ACKs]13:36:05  Sending 64 directed DeAuth (code 7). STMAC: [FF:FF:FF:FF:FF:FF] [ 2|38 ACKs]13:36:05  Sending 64 directed DeAuth (code 7). STMAC: [FF:FF:FF:FF:FF:FF] [ 2|39 ACKs]13:36:05  Sending 64 directed DeAuth (code 7). STMAC: [FF:FF:FF:FF:FF:FF] [ 2|40 ACKs]13:36:05  Sending 64 directed DeAuth (code 7). STMAC: [FF:FF:FF:FF:FF:FF] [ 2|41 ACKs]13:36:05  Sending 64 directed DeAuth (code 7). STMAC: [FF:FF:FF:FF:FF:FF] [ 2|42 ACKs]13:36:05  Sending 64 directed DeAuth (code 7). STMAC: [FF:FF:FF:FF:FF:FF] [ 2|43 ACKs]13:36:05  Sending 64 directed DeAuth (code 7). STMAC: [FF:FF:FF:FF:FF:FF] [ 2|44 ACKs]13:36:05  Sending 64 directed DeAuth (code 7). STMAC: [FF:FF:FF:FF:FF:FF] [ 2|45 ACKs]13:36:05  Sending 64 directed DeAuth (code 7). STMAC: [FF:FF:FF:FF:FF:FF] [ 2|46 ACKs]13:36:05  Sending 64 directed DeAuth (code 7). STMAC: [FF:FF:FF:FF:FF:FF] [ 2|47 ACKs]13:36:05  Sending 64 directed DeAuth (code 7). STMAC: [FF:FF:FF:FF:FF:FF] [ 2|48 ACKs]13:36:05  Sending 64 directed DeAuth (code 7). STMAC: [FF:FF:FF:FF:FF:FF] [ 2|49 ACKs]13:36:05  Sending 64 directed DeAuth (code 7). STMAC: [FF:FF:FF:FF:FF:FF] [ 2|50 ACKs]13:36:05  Sending 64 directed DeAuth (code 7). STMAC: [FF:FF:FF:FF:FF:FF] [ 2|51 ACKs]13:36:05  Sending 64 directed DeAuth (code 7). STMAC: [FF:FF:FF:FF:FF:FF] [ 2|52 ACKs]13:36:05  Sending 64 directed DeAuth (code 7). STMAC: [FF:FF:FF:FF:FF:FF] [ 2|53 ACKs]13:36:05  Sending 64 directed DeAuth (code 7). STMAC: [FF:FF:FF:FF:FF:FF] [ 2|54 ACKs]13:36:05  Sending 64 directed DeAuth (code 7). STMAC: [FF:FF:FF:FF:FF:FF] [ 2|55 ACKs]13:36:05  Sending 64 directed DeAuth (code 7). STMAC: [FF:FF:FF:FF:FF:FF] [ 2|56 ACKs]13:36:05  Sending 64 directed DeAuth (code 7). STMAC: [FF:FF:FF:FF:FF:FF] [ 2|57 ACKs]13:36:05  Sending 64 directed DeAuth (code 7). STMAC: [FF:FF:FF:FF:FF:FF] [ 2|58 ACKs]13:36:05  Sending 64 directed DeAuth (code 7). STMAC: [FF:FF:FF:FF:FF:FF] [ 2|59 ACKs]13:36:05  Sending 64 directed DeAuth (code 7). STMAC: [FF:FF:FF:FF:FF:FF] [ 2|60 ACKs]13:36:05  Sending 64 directed DeAuth (code 7). STMAC: [FF:FF:FF:FF:FF:FF] [ 2|61 ACKs]13:36:05  Sending 64 directed DeAuth (code 7). STMAC: [FF:FF:FF:FF:FF:FF] [ 2|62 ACKs]13:36:05  Sending 64 directed DeAuth (code 7). STMAC: [FF:FF:FF:FF:FF:FF] [ 2|63 ACKs]13:36:05  Sending 64 directed DeAuth (code 7). STMAC: [FF:FF:FF:FF:FF:FF] [ 2|64 ACKs]
13:36:05  Sending 64 directed DeAuth (code 7). STMAC: [FF:FF:FF:FF:FF:FF] [ 0| 0 ACKs]13:36:05  Sending 64 directed DeAuth (code 7). STMAC: [FF:FF:FF:FF:FF:FF] [ 0| 0 ACKs]13:36:05  Sending 64 directed DeAuth (code 7). STMAC: [FF:FF:FF:FF:FF:FF] [ 1| 0 ACKs]13:36:05  Sending 64 directed DeAuth (code 7). STMAC: [FF:FF:FF:FF:FF:FF] [ 2| 0 ACKs]13:36:05  Sending 64 directed DeAuth (code 7). STMAC: [FF:FF:FF:FF:FF:FF] [ 3| 0 ACKs]13:36:05  Sending 64 directed DeAuth (code 7). STMAC: [FF:FF:FF:FF:FF:FF] [ 3| 0 ACKs]13:36:05  Sending 64 directed DeAuth (code 7). STMAC: [FF:FF:FF:FF:FF:FF] [ 4| 0 ACKs]13:36:05  Sending 64 directed DeAuth (code 7). STMAC: [FF:FF:FF:FF:FF:FF] [ 4| 0 ACKs]13:36:05  Sending 64 directed DeAuth (code 7). STMAC: [FF:FF:FF:FF:FF:FF] [ 5| 0 ACKs]13:36:05  Sending 64 directed DeAuth (code 7). STMAC: [FF:FF:FF:FF:FF:FF] [ 5| 0 ACKs]13:36:05  Sending 64 directed DeAuth (code 7). STMAC: [FF:FF:FF:FF:FF:FF] [ 5| 0 ACKs]13:36:05  Sending 64 directed DeAuth (code 7). STMAC: [FF:FF:FF:FF:FF:FF] [ 6| 0 ACKs]13:36:05  Sending 64 directed DeAuth (code 7). STMAC: [FF:FF:FF:FF:FF:FF] [ 6| 0 ACKs]13:36:05  Sending 64 directed DeAuth (code 7). STMAC: [FF:FF:FF:FF:FF:FF] [ 7| 0 ACKs]13:36:05  Sending 64 directed DeAuth (code 7). STMAC: [FF:FF:FF:FF:FF:FF] [ 7| 1 ACKs]13:36:05  Sending 64 directed DeAuth (code 7). STMAC: [FF:FF:FF:FF:FF:FF] [ 7| 2 ACKs]13:36:05  Sending 64 directed DeAuth (code 7). STMAC: [FF:FF:FF:FF:FF:FF] [ 8| 2 ACKs]13:36:05  Sending 64 directed DeAuth (code 7). STMAC: [FF:FF:FF:FF:FF:FF] [ 8| 3 ACKs]13:36:05  Sending 64 directed DeAuth (code 7). STMAC: [FF:FF:FF:FF:FF:FF] [ 8| 4 ACKs]13:36:05  Sending 64 directed DeAuth (code 7). STMAC: [FF:FF:FF:FF:FF:FF] [ 8| 5 ACKs]13:36:05  Sending 64 directed DeAuth (code 7). STMAC: [FF:FF:FF:FF:FF:FF] [ 8| 6 ACKs]13:36:05  Sending 64 directed DeAuth (code 7). STMAC: [FF:FF:FF:FF:FF:FF] [ 9| 6 ACKs]13:36:05  Sending 64 directed DeAuth (code 7). STMAC: [FF:FF:FF:FF:FF:FF] [ 9| 7 ACKs]13:36:05  Sending 64 directed DeAuth (code 7). STMAC: [FF:FF:FF:FF:FF:FF] [ 9| 8 ACKs]13:36:05  Sending 64 directed DeAuth (code 7). STMAC: [FF:FF:FF:FF:FF:FF] [ 9| 9 ACKs]13:36:05  Sending 64 directed DeAuth (code 7). STMAC: [FF:FF:FF:FF:FF:FF] [ 9|10 ACKs]13:36:05  Sending 64 directed DeAuth (code 7). STMAC: [FF:FF:FF:FF:FF:FF] [ 9|11 ACKs]13:36:05  Sending 64 directed DeAuth (code 7). STMAC: [FF:FF:FF:FF:FF:FF] [ 9|12 ACKs]13:36:05  Sending 64 directed DeAuth (code 7). STMAC: [FF:FF:FF:FF:FF:FF] [ 9|13 ACKs]13:36:05  Sending 64 directed DeAuth (code 7). STMAC: [FF:FF:FF:FF:FF:FF] [ 9|14 ACKs]13:36:05  Sending 64 directed DeAuth (code 7). STMAC: [FF:FF:FF:FF:FF:FF] [ 9|15 ACKs]13:36:05  Sending 64 directed DeAuth (code 7). STMAC: [FF:FF:FF:FF:FF:FF] [ 9|16 ACKs]13:36:05  Sending 64 directed DeAuth (code 7). STMAC: [FF:FF:FF:FF:FF:FF] [ 9|17 ACKs]13:36:05  Sending 64 directed DeAuth (code 7). STMAC: [FF:FF:FF:FF:FF:FF] [ 9|18 ACKs]13:36:05  Sending 64 directed DeAuth (code 7). STMAC: [FF:FF:FF:FF:FF:FF] [10|18 ACKs]13:36:05  Sending 64 directed DeAuth (code 7). STMAC: [FF:FF:FF:FF:FF:FF] [10|19 ACKs]13:36:05  Sending 64 directed DeAuth (code 7). STMAC: [FF:FF:FF:FF:FF:FF] [10|19 ACKs]13:36:05  Sending 64 directed DeAuth (code 7). STMAC: [FF:FF:FF:FF:FF:FF] [11|19 ACKs]13:36:05  Sending 64 directed DeAuth (code 7). STMAC: [FF:FF:FF:FF:FF:FF] [11|20 ACKs]13:36:05  Sending 64 directed DeAuth (code 7). STMAC: [FF:FF:FF:FF:FF:FF] [12|20 ACKs]13:36:05  Sending 64 directed DeAuth (code 7). STMAC: [FF:FF:FF:FF:FF:FF] [12|20 ACKs]13:36:05  Sending 64 directed DeAuth (code 7). STMAC: [FF:FF:FF:FF:FF:FF] [13|20 ACKs]13:36:05  Sending 64 directed DeAuth (code 7). STMAC: [FF:FF:FF:FF:FF:FF] [13|21 ACKs]13:36:05  Sending 64 directed DeAuth (code 7). STMAC: [FF:FF:FF:FF:FF:FF] [13|22 ACKs]13:36:05  Sending 64 directed DeAuth (code 7). STMAC: [FF:FF:FF:FF:FF:FF] [14|22 ACKs]13:36:05  Sending 64 directed DeAuth (code 7). STMAC: [FF:FF:FF:FF:FF:FF] [14|22 ACKs]13:36:05  Sending 64 directed DeAuth (code 7). STMAC: [FF:FF:FF:FF:FF:FF] [15|22 ACKs]13:36:05  Sending 64 directed DeAuth (code 7). STMAC: [FF:FF:FF:FF:FF:FF] [15|23 ACKs]13:36:05  Sending 64 directed DeAuth (code 7). STMAC: [FF:FF:FF:FF:FF:FF] [15|24 ACKs]13:36:05  Sending 64 directed DeAuth (code 7). STMAC: [FF:FF:FF:FF:FF:FF] [15|25 ACKs]13:36:05  Sending 64 directed DeAuth (code 7). STMAC: [FF:FF:FF:FF:FF:FF] [16|25 ACKs]13:36:05  Sending 64 directed DeAuth (code 7). STMAC: [FF:FF:FF:FF:FF:FF] [16|26 ACKs]13:36:05  Sending 64 directed DeAuth (code 7). STMAC: [FF:FF:FF:FF:FF:FF] [17|26 ACKs]13:36:05  Sending 64 directed DeAuth (code 7). STMAC: [FF:FF:FF:FF:FF:FF] [18|26 ACKs]13:36:05  Sending 64 directed DeAuth (code 7). STMAC: [FF:FF:FF:FF:FF:FF] [18|27 ACKs]13:36:05  Sending 64 directed DeAuth (code 7). STMAC: [FF:FF:FF:FF:FF:FF] [19|27 ACKs]13:36:05  Sending 64 directed DeAuth (code 7). STMAC: [FF:FF:FF:FF:FF:FF] [19|28 ACKs]13:36:05  Sending 64 directed DeAuth (code 7). STMAC: [FF:FF:FF:FF:FF:FF] [20|28 ACKs]13:36:05  Sending 64 directed DeAuth (code 7). STMAC: [FF:FF:FF:FF:FF:FF] [20|29 ACKs]13:36:05  Sending 64 directed DeAuth (code 7). STMAC: [FF:FF:FF:FF:FF:FF] [21|29 ACKs]13:36:05  Sending 64 directed DeAuth (code 7). STMAC: [FF:FF:FF:FF:FF:FF] [21|30 ACKs]13:36:05  Sending 64 directed DeAuth (code 7). STMAC: [FF:FF:FF:FF:FF:FF] [22|30 ACKs]13:36:05  Sending 64 directed DeAuth (code 7). STMAC: [FF:FF:FF:FF:FF:FF] [22|31 ACKs]13:36:05  Sending 64 directed DeAuth (code 7). STMAC: [FF:FF:FF:FF:FF:FF] [23|31 ACKs]13:36:05  Sending 64 directed DeAuth (code 7). STMAC: [FF:FF:FF:FF:FF:FF] [23|32 ACKs]13:36:05  Sending 64 directed DeAuth (code 7). STMAC: [FF:FF:FF:FF:FF:FF] [24|32 ACKs]13:36:05  Sending 64 directed DeAuth (code 7). STMAC: [FF:FF:FF:FF:FF:FF] [24|33 ACKs]13:36:05  Sending 64 directed DeAuth (code 7). STMAC: [FF:FF:FF:FF:FF:FF] [25|33 ACKs]13:36:05  Sending 64 directed DeAuth (code 7). STMAC: [FF:FF:FF:FF:FF:FF] [25|34 ACKs]13:36:05  Sending 64 directed DeAuth (code 7). STMAC: [FF:FF:FF:FF:FF:FF] [26|34 ACKs]13:36:05  Sending 64 directed DeAuth (code 7). STMAC: [FF:FF:FF:FF:FF:FF] [26|35 ACKs]13:36:05  Sending 64 directed DeAuth (code 7). STMAC: [FF:FF:FF:FF:FF:FF] [27|35 ACKs]13:36:05  Sending 64 directed DeAuth (code 7). STMAC: [FF:FF:FF:FF:FF:FF] [27|36 ACKs]13:36:05  Sending 64 directed DeAuth (code 7). STMAC: [FF:FF:FF:FF:FF:FF] [28|36 ACKs]13:36:05  Sending 64 directed DeAuth (code 7). STMAC: [FF:FF:FF:FF:FF:FF] [28|37 ACKs]13:36:05  Sending 64 directed DeAuth (code 7). STMAC: [FF:FF:FF:FF:FF:FF] [29|37 ACKs]13:36:05  Sending 64 directed DeAuth (code 7). STMAC: [FF:FF:FF:FF:FF:FF] [29|38 ACKs]13:36:05  Sending 64 directed DeAuth (code 7). STMAC: [FF:FF:FF:FF:FF:FF] [30|38 ACKs]13:36:05  Sending 64 directed DeAuth (code 7). STMAC: [FF:FF:FF:FF:FF:FF] [30|39 ACKs]13:36:05  Sending 64 directed DeAuth (code 7). STMAC: [FF:FF:FF:FF:FF:FF] [30|40 ACKs]13:36:05  Sending 64 directed DeAuth (code 7). STMAC: [FF:FF:FF:FF:FF:FF] [31|40 ACKs]13:36:05  Sending 64 directed DeAuth (code 7). STMAC: [FF:FF:FF:FF:FF:FF] [31|41 ACKs]13:36:05  Sending 64 directed DeAuth (code 7). STMAC: [FF:FF:FF:FF:FF:FF] [32|41 ACKs]13:36:05  Sending 64 directed DeAuth (code 7). STMAC: [FF:FF:FF:FF:FF:FF] [32|42 ACKs]13:36:05  Sending 64 directed DeAuth (code 7). STMAC: [FF:FF:FF:FF:FF:FF] [33|42 ACKs]13:36:05  Sending 64 directed DeAuth (code 7). STMAC: [FF:FF:FF:FF:FF:FF] [33|43 ACKs]13:36:05  Sending 64 directed DeAuth (code 7). STMAC: [FF:FF:FF:FF:FF:FF] [34|43 ACKs]13:36:05  Sending 64 directed DeAuth (code 7). STMAC: [FF:FF:FF:FF:FF:FF] [34|44 ACKs]13:36:05  Sending 64 directed DeAuth (code 7). STMAC: [FF:FF:FF:FF:FF:FF] [34|44 ACKs]13:36:05  Sending 64 directed DeAuth (code 7). STMAC: [FF:FF:FF:FF:FF:FF] [34|45 ACKs]13:36:05  Sending 64 directed DeAuth (code 7). STMAC: [FF:FF:FF:FF:FF:FF] [34|46 ACKs]13:36:05  Sending 64 directed DeAuth (code 7). STMAC: [FF:FF:FF:FF:FF:FF] [34|47 ACKs]13:36:05  Sending 64 directed DeAuth (code 7). STMAC: [FF:FF:FF:FF:FF:FF] [34|48 ACKs]13:36:05  Sending 64 directed DeAuth (code 7). STMAC: [FF:FF:FF:FF:FF:FF] [34|49 ACKs]13:36:05  Sending 64 directed DeAuth (code 7). STMAC: [FF:FF:FF:FF:FF:FF] [34|50 ACKs]13:36:05  Sending 64 directed DeAuth (code 7). STMAC: [FF:FF:FF:FF:FF:FF] [34|51 ACKs]13:36:05  Sending 64 directed DeAuth (code 7). STMAC: [FF:FF:FF:FF:FF:FF] [34|52 ACKs]13:36:05  Sending 64 directed DeAuth (code 7). STMAC: [FF:FF:FF:FF:FF:FF] [34|53 ACKs]13:36:05  Sending 64 directed DeAuth (code 7). STMAC: [FF:FF:FF:FF:FF:FF] [34|54 ACKs]13:36:05  Sending 64 directed DeAuth (code 7). STMAC: [FF:FF:FF:FF:FF:FF] [34|55 ACKs]13:36:05  Sending 64 directed DeAuth (code 7). STMAC: [FF:FF:FF:FF:FF:FF] [34|56 ACKs]13:36:05  Sending 64 directed DeAuth (code 7). STMAC: [FF:FF:FF:FF:FF:FF] [34|57 ACKs]13:36:05  Sending 64 directed DeAuth (code 7). STMAC: [FF:FF:FF:FF:FF:FF] [34|58 ACKs]13:36:05  Sending 64 directed DeAuth (code 7). STMAC: [FF:FF:FF:FF:FF:FF] [34|59 ACKs]13:36:05  Sending 64 directed DeAuth (code 7). STMAC: [FF:FF:FF:FF:FF:FF] [34|60 ACKs]13:36:05  Sending 64 directed DeAuth (code 7). STMAC: [FF:FF:FF:FF:FF:FF] [34|61 ACKs]13:36:05  Sending 64 directed DeAuth (code 7). STMAC: [FF:FF:FF:FF:FF:FF] [34|62 ACKs]13:36:05  Sending 64 directed DeAuth (code 7). STMAC: [FF:FF:FF:FF:FF:FF] [34|63 ACKs]13:36:05  Sending 64 directed DeAuth (code 7). STMAC: [FF:FF:FF:FF:FF:FF] [34|64 ACKs]
13:36:05  Sending 64 directed DeAuth (code 7). STMAC: [FF:FF:FF:FF:FF:FF] [ 0| 0 ACKs]13:36:05  Sending 64 directed DeAuth (code 7). STMAC: [FF:FF:FF:FF:FF:FF] [ 0| 1 ACKs]13:36:05  Sending 64 directed DeAuth (code 7). STMAC: [FF:FF:FF:FF:FF:FF] [ 0| 2 ACKs]13:36:05  Sending 64 directed DeAuth (code 7). STMAC: [FF:FF:FF:FF:FF:FF] [ 0| 3 ACKs]13:36:05  Sending 64 directed DeAuth (code 7). STMAC: [FF:FF:FF:FF:FF:FF] [ 0| 4 ACKs]13:36:05  Sending 64 directed DeAuth (code 7). STMAC: [FF:FF:FF:FF:FF:FF] [ 0| 5 ACKs]13:36:05  Sending 64 directed DeAuth (code 7). STMAC: [FF:FF:FF:FF:FF:FF] [ 0| 6 ACKs]13:36:05  Sending 64 directed DeAuth (code 7). STMAC: [FF:FF:FF:FF:FF:FF] [ 0| 7 ACKs]13:36:05  Sending 64 directed DeAuth (code 7). STMAC: [FF:FF:FF:FF:FF:FF] [ 0| 8 ACKs]13:36:05  Sending 64 directed DeAuth (code 7). STMAC: [FF:FF:FF:FF:FF:FF] [ 0| 9 ACKs]13:36:06  Sending 64 directed DeAuth (code 7). STMAC: [FF:FF:FF:FF:FF:FF] [ 0|10 ACKs]13:36:06  Sending 64 directed DeAuth (code 7). STMAC: [FF:FF:FF:FF:FF:FF] [ 0|11 ACKs]13:36:06  Sending 64 directed DeAuth (code 7). STMAC: [FF:FF:FF:FF:FF:FF] [ 0|12 ACKs]13:36:06  Sending 64 directed DeAuth (code 7). STMAC: [FF:FF:FF:FF:FF:FF] [ 0|13 ACKs]13:36:06  Sending 64 directed DeAuth (code 7). STMAC: [FF:FF:FF:FF:FF:FF] [ 0|14 ACKs]13:36:06  Sending 64 directed DeAuth (code 7). STMAC: [FF:FF:FF:FF:FF:FF] [ 0|15 ACKs]13:36:06  Sending 64 directed DeAuth (code 7). STMAC: [FF:FF:FF:FF:FF:FF] [ 0|16 ACKs]13:36:06  Sending 64 directed DeAuth (code 7). STMAC: [FF:FF:FF:FF:FF:FF] [ 0|17 ACKs]13:36:06  Sending 64 directed DeAuth (code 7). STMAC: [FF:FF:FF:FF:FF:FF] [ 0|18 ACKs]13:36:06  Sending 64 directed DeAuth (code 7). STMAC: [FF:FF:FF:FF:FF:FF] [ 0|19 ACKs]13:36:06  Sending 64 directed DeAuth (code 7). STMAC: [FF:FF:FF:FF:FF:FF] [ 0|20 ACKs]13:36:06  Sending 64 directed DeAuth (code 7). STMAC: [FF:FF:FF:FF:FF:FF] [ 0|21 ACKs]13:36:06  Sending 64 directed DeAuth (code 7). STMAC: [FF:FF:FF:FF:FF:FF] [ 0|22 ACKs]13:36:06  Sending 64 directed DeAuth (code 7). STMAC: [FF:FF:FF:FF:FF:FF] [ 0|23 ACKs]13:36:06  Sending 64 directed DeAuth (code 7). STMAC: [FF:FF:FF:FF:FF:FF] [ 1|23 ACKs]13:36:06  Sending 64 directed DeAuth (code 7). STMAC: [FF:FF:FF:FF:FF:FF] [ 1|24 ACKs]13:36:06  Sending 64 directed DeAuth (code 7). STMAC: [FF:FF:FF:FF:FF:FF] [ 1|25 ACKs]13:36:06  Sending 64 directed DeAuth (code 7). STMAC: [FF:FF:FF:FF:FF:FF] [ 2|25 ACKs]13:36:06  Sending 64 directed DeAuth (code 7). STMAC: [FF:FF:FF:FF:FF:FF] [ 2|26 ACKs]13:36:06  Sending 64 directed DeAuth (code 7). STMAC: [FF:FF:FF:FF:FF:FF] [ 3|26 ACKs]13:36:06  Sending 64 directed DeAuth (code 7). STMAC: [FF:FF:FF:FF:FF:FF] [ 3|27 ACKs]13:36:06  Sending 64 directed DeAuth (code 7). STMAC: [FF:FF:FF:FF:FF:FF] [ 4|27 ACKs]13:36:06  Sending 64 directed DeAuth (code 7). STMAC: [FF:FF:FF:FF:FF:FF] [ 4|28 ACKs]13:36:06  Sending 64 directed DeAuth (code 7). STMAC: [FF:FF:FF:FF:FF:FF] [ 5|28 ACKs]13:36:06  Sending 64 directed DeAuth (code 7). STMAC: [FF:FF:FF:FF:FF:FF] [ 5|29 ACKs]13:36:06  Sending 64 directed DeAuth (code 7). STMAC: [FF:FF:FF:FF:FF:FF] [ 6|29 ACKs]13:36:06  Sending 64 directed DeAuth (code 7). STMAC: [FF:FF:FF:FF:FF:FF] [ 6|30 ACKs]13:36:06  Sending 64 directed DeAuth (code 7). STMAC: [FF:FF:FF:FF:FF:FF] [ 7|30 ACKs]13:36:06  Sending 64 directed DeAuth (code 7). STMAC: [FF:FF:FF:FF:FF:FF] [ 7|31 ACKs]13:36:06  Sending 64 directed DeAuth (code 7). STMAC: [FF:FF:FF:FF:FF:FF] [ 8|31 ACKs]13:36:06  Sending 64 directed DeAuth (code 7). STMAC: [FF:FF:FF:FF:FF:FF] [ 8|32 ACKs]13:36:06  Sending 64 directed DeAuth (code 7). STMAC: [FF:FF:FF:FF:FF:FF] [ 9|32 ACKs]13:36:06  Sending 64 directed DeAuth (code 7). STMAC: [FF:FF:FF:FF:FF:FF] [ 9|33 ACKs]13:36:06  Sending 64 directed DeAuth (code 7). STMAC: [FF:FF:FF:FF:FF:FF] [10|33 ACKs]13:36:06  Sending 64 directed DeAuth (code 7). STMAC: [FF:FF:FF:FF:FF:FF] [10|34 ACKs]13:36:06  Sending 64 directed DeAuth (code 7). STMAC: [FF:FF:FF:FF:FF:FF] [10|35 ACKs]13:36:06  Sending 64 directed DeAuth (code 7). STMAC: [FF:FF:FF:FF:FF:FF] [11|35 ACKs]13:36:06  Sending 64 directed DeAuth (code 7). STMAC: [FF:FF:FF:FF:FF:FF] [11|36 ACKs]13:36:06  Sending 64 directed DeAuth (code 7). STMAC: [FF:FF:FF:FF:FF:FF] [12|36 ACKs]13:36:06  Sending 64 directed DeAuth (code 7). STMAC: [FF:FF:FF:FF:FF:FF] [12|37 ACKs]13:36:06  Sending 64 directed DeAuth (code 7). STMAC: [FF:FF:FF:FF:FF:FF] [13|37 ACKs]13:36:06  Sending 64 directed DeAuth (code 7). STMAC: [FF:FF:FF:FF:FF:FF] [13|38 ACKs]13:36:06  Sending 64 directed DeAuth (code 7). STMAC: [FF:FF:FF:FF:FF:FF] [14|38 ACKs]13:36:06  Sending 64 directed DeAuth (code 7). STMAC: [FF:FF:FF:FF:FF:FF] [14|39 ACKs]13:36:06  Sending 64 directed DeAuth (code 7). STMAC: [FF:FF:FF:FF:FF:FF] [15|39 ACKs]13:36:06  Sending 64 directed DeAuth (code 7). STMAC: [FF:FF:FF:FF:FF:FF] [15|40 ACKs]13:36:06  Sending 64 directed DeAuth (code 7). STMAC: [FF:FF:FF:FF:FF:FF] [15|40 ACKs]13:36:06  Sending 64 directed DeAuth (code 7). STMAC: [FF:FF:FF:FF:FF:FF] [16|40 ACKs]13:36:06  Sending 64 directed DeAuth (code 7). STMAC: [FF:FF:FF:FF:FF:FF] [16|41 ACKs]13:36:06  Sending 64 directed DeAuth (code 7). STMAC: [FF:FF:FF:FF:FF:FF] [17|41 ACKs]13:36:06  Sending 64 directed DeAuth (code 7). STMAC: [FF:FF:FF:FF:FF:FF] [17|42 ACKs]13:36:06  Sending 64 directed DeAuth (code 7). STMAC: [FF:FF:FF:FF:FF:FF] [18|42 ACKs]13:36:06  Sending 64 directed DeAuth (code 7). STMAC: [FF:FF:FF:FF:FF:FF] [18|43 ACKs]13:36:06  Sending 64 directed DeAuth (code 7). STMAC: [FF:FF:FF:FF:FF:FF] [19|43 ACKs]13:36:06  Sending 64 directed DeAuth (code 7). STMAC: [FF:FF:FF:FF:FF:FF] [19|44 ACKs]13:36:06  Sending 64 directed DeAuth (code 7). STMAC: [FF:FF:FF:FF:FF:FF] [19|45 ACKs]13:36:06  Sending 64 directed DeAuth (code 7). STMAC: [FF:FF:FF:FF:FF:FF] [20|45 ACKs]13:36:06  Sending 64 directed DeAuth (code 7). STMAC: [FF:FF:FF:FF:FF:FF] [20|46 ACKs]13:36:06  Sending 64 directed DeAuth (code 7). STMAC: [FF:FF:FF:FF:FF:FF] [21|46 ACKs]13:36:06  Sending 64 directed DeAuth (code 7). STMAC: [FF:FF:FF:FF:FF:FF] [21|47 ACKs]13:36:06  Sending 64 directed DeAuth (code 7). STMAC: [FF:FF:FF:FF:FF:FF] [22|47 ACKs]13:36:06  Sending 64 directed DeAuth (code 7). STMAC: [FF:FF:FF:FF:FF:FF] [22|48 ACKs]13:36:06  Sending 64 directed DeAuth (code 7). STMAC: [FF:FF:FF:FF:FF:FF] [23|48 ACKs]13:36:06  Sending 64 directed DeAuth (code 7). STMAC: [FF:FF:FF:FF:FF:FF] [23|49 ACKs]13:36:06  Sending 64 directed DeAuth (code 7). STMAC: [FF:FF:FF:FF:FF:FF] [24|49 ACKs]13:36:06  Sending 64 directed DeAuth (code 7). STMAC: [FF:FF:FF:FF:FF:FF] [24|50 ACKs]13:36:06  Sending 64 directed DeAuth (code 7). STMAC: [FF:FF:FF:FF:FF:FF] [25|50 ACKs]13:36:06  Sending 64 directed DeAuth (code 7). STMAC: [FF:FF:FF:FF:FF:FF] [25|51 ACKs]13:36:06  Sending 64 directed DeAuth (code 7). STMAC: [FF:FF:FF:FF:FF:FF] [26|51 ACKs]13:36:06  Sending 64 directed DeAuth (code 7). STMAC: [FF:FF:FF:FF:FF:FF] [26|52 ACKs]13:36:06  Sending 64 directed DeAuth (code 7). STMAC: [FF:FF:FF:FF:FF:FF] [27|52 ACKs]13:36:06  Sending 64 directed DeAuth (code 7). STMAC: [FF:FF:FF:FF:FF:FF] [27|53 ACKs]13:36:06  Sending 64 directed DeAuth (code 7). STMAC: [FF:FF:FF:FF:FF:FF] [28|53 ACKs]13:36:06  Sending 64 directed DeAuth (code 7). STMAC: [FF:FF:FF:FF:FF:FF] [28|54 ACKs]13:36:06  Sending 64 directed DeAuth (code 7). STMAC: [FF:FF:FF:FF:FF:FF] [29|54 ACKs]13:36:06  Sending 64 directed DeAuth (code 7). STMAC: [FF:FF:FF:FF:FF:FF] [29|55 ACKs]13:36:06  Sending 64 directed DeAuth (code 7). STMAC: [FF:FF:FF:FF:FF:FF] [29|56 ACKs]13:36:06  Sending 64 directed DeAuth (code 7). STMAC: [FF:FF:FF:FF:FF:FF] [30|56 ACKs]13:36:06  Sending 64 directed DeAuth (code 7). STMAC: [FF:FF:FF:FF:FF:FF] [30|57 ACKs]13:36:06  Sending 64 directed DeAuth (code 7). STMAC: [FF:FF:FF:FF:FF:FF] [31|57 ACKs]13:36:06  Sending 64 directed DeAuth (code 7). STMAC: [FF:FF:FF:FF:FF:FF] [31|58 ACKs]13:36:06  Sending 64 directed DeAuth (code 7). STMAC: [FF:FF:FF:FF:FF:FF] [32|58 ACKs]13:36:06  Sending 64 directed DeAuth (code 7). STMAC: [FF:FF:FF:FF:FF:FF] [32|59 ACKs]13:36:06  Sending 64 directed DeAuth (code 7). STMAC: [FF:FF:FF:FF:FF:FF] [33|59 ACKs]13:36:06  Sending 64 directed DeAuth (code 7). STMAC: [FF:FF:FF:FF:FF:FF] [33|60 ACKs]13:36:06  Sending 64 directed DeAuth (code 7). STMAC: [FF:FF:FF:FF:FF:FF] [34|60 ACKs]13:36:06  Sending 64 directed DeAuth (code 7). STMAC: [FF:FF:FF:FF:FF:FF] [34|61 ACKs]13:36:06  Sending 64 directed DeAuth (code 7). STMAC: [FF:FF:FF:FF:FF:FF] [35|61 ACKs]13:36:06  Sending 64 directed DeAuth (code 7). STMAC: [FF:FF:FF:FF:FF:FF] [35|62 ACKs]13:36:06  Sending 64 directed DeAuth (code 7). STMAC: [FF:FF:FF:FF:FF:FF] [36|62 ACKs]13:36:06  Sending 64 directed DeAuth (code 7). STMAC: [FF:FF:FF:FF:FF:FF] [36|63 ACKs]13:36:06  Sending 64 directed DeAuth (code 7). STMAC: [FF:FF:FF:FF:FF:FF] [37|63 ACKs]13:36:06  Sending 64 directed DeAuth (code 7). STMAC: [FF:FF:FF:FF:FF:FF] [37|64 ACKs]
13:36:06  Sending 64 directed DeAuth (code 7). STMAC: [FF:FF:FF:FF:FF:FF] [ 0| 0 ACKs]13:36:06  Sending 64 directed DeAuth (code 7). STMAC: [FF:FF:FF:FF:FF:FF] [ 0| 0 ACKs]13:36:06  Sending 64 directed DeAuth (code 7). STMAC: [FF:FF:FF:FF:FF:FF] [ 0| 0 ACKs]13:36:06  Sending 64 directed DeAuth (code 7). STMAC: [FF:FF:FF:FF:FF:FF] [ 0| 1 ACKs]13:36:06  Sending 64 directed DeAuth (code 7). STMAC: [FF:FF:FF:FF:FF:FF] [ 0| 2 ACKs]13:36:06  Sending 64 directed DeAuth (code 7). STMAC: [FF:FF:FF:FF:FF:FF] [ 0| 3 ACKs]13:36:06  Sending 64 directed DeAuth (code 7). STMAC: [FF:FF:FF:FF:FF:FF] [ 0| 4 ACKs]13:36:06  Sending 64 directed DeAuth (code 7). STMAC: [FF:FF:FF:FF:FF:FF] [ 0| 5 ACKs]13:36:06  Sending 64 directed DeAuth (code 7). STMAC: [FF:FF:FF:FF:FF:FF] [ 0| 6 ACKs]13:36:06  Sending 64 directed DeAuth (code 7). STMAC: [FF:FF:FF:FF:FF:FF] [ 0| 7 ACKs]13:36:06  Sending 64 directed DeAuth (code 7). STMAC: [FF:FF:FF:FF:FF:FF] [ 0| 8 ACKs]13:36:06  Sending 64 directed DeAuth (code 7). STMAC: [FF:FF:FF:FF:FF:FF] [ 0| 9 ACKs]13:36:06  Sending 64 directed DeAuth (code 7). STMAC: [FF:FF:FF:FF:FF:FF] [ 0|10 ACKs]13:36:06  Sending 64 directed DeAuth (code 7). STMAC: [FF:FF:FF:FF:FF:FF] [ 0|11 ACKs]13:36:06  Sending 64 directed DeAuth (code 7). STMAC: [FF:FF:FF:FF:FF:FF] [ 0|12 ACKs]13:36:06  Sending 64 directed DeAuth (code 7). STMAC: [FF:FF:FF:FF:FF:FF] [ 0|13 ACKs]13:36:06  Sending 64 directed DeAuth (code 7). STMAC: [FF:FF:FF:FF:FF:FF] [ 0|14 ACKs]13:36:06  Sending 64 directed DeAuth (code 7). STMAC: [FF:FF:FF:FF:FF:FF] [ 0|15 ACKs]13:36:06  Sending 64 directed DeAuth (code 7). STMAC: [FF:FF:FF:FF:FF:FF] [ 0|16 ACKs]13:36:06  Sending 64 directed DeAuth (code 7). STMAC: [FF:FF:FF:FF:FF:FF] [ 0|17 ACKs]13:36:06  Sending 64 directed DeAuth (code 7). STMAC: [FF:FF:FF:FF:FF:FF] [ 0|18 ACKs]13:36:06  Sending 64 directed DeAuth (code 7). STMAC: [FF:FF:FF:FF:FF:FF] [ 0|19 ACKs]13:36:06  Sending 64 directed DeAuth (code 7). STMAC: [FF:FF:FF:FF:FF:FF] [ 0|20 ACKs]13:36:06  Sending 64 directed DeAuth (code 7). STMAC: [FF:FF:FF:FF:FF:FF] [ 0|21 ACKs]13:36:06  Sending 64 directed DeAuth (code 7). STMAC: [FF:FF:FF:FF:FF:FF] [ 0|22 ACKs]13:36:06  Sending 64 directed DeAuth (code 7). STMAC: [FF:FF:FF:FF:FF:FF] [ 0|23 ACKs]13:36:06  Sending 64 directed DeAuth (code 7). STMAC: [FF:FF:FF:FF:FF:FF] [ 0|24 ACKs]13:36:06  Sending 64 directed DeAuth (code 7). STMAC: [FF:FF:FF:FF:FF:FF] [ 0|25 ACKs]13:36:06  Sending 64 directed DeAuth (code 7). STMAC: [FF:FF:FF:FF:FF:FF] [ 0|26 ACKs]13:36:06  Sending 64 directed DeAuth (code 7). STMAC: [FF:FF:FF:FF:FF:FF] [ 0|27 ACKs]13:36:06  Sending 64 directed DeAuth (code 7). STMAC: [FF:FF:FF:FF:FF:FF] [ 0|28 ACKs]13:36:06  Sending 64 directed DeAuth (code 7). STMAC: [FF:FF:FF:FF:FF:FF] [ 0|29 ACKs]13:36:06  Sending 64 directed DeAuth (code 7). STMAC: [FF:FF:FF:FF:FF:FF] [ 1|29 ACKs]13:36:06  Sending 64 directed DeAuth (code 7). STMAC: [FF:FF:FF:FF:FF:FF] [ 1|30 ACKs]13:36:06  Sending 64 directed DeAuth (code 7). STMAC: [FF:FF:FF:FF:FF:FF] [ 1|31 ACKs]13:36:06  Sending 64 directed DeAuth (code 7). STMAC: [FF:FF:FF:FF:FF:FF] [ 1|32 ACKs]13:36:06  Sending 64 directed DeAuth (code 7). STMAC: [FF:FF:FF:FF:FF:FF] [ 1|33 ACKs]13:36:06  Sending 64 directed DeAuth (code 7). STMAC: [FF:FF:FF:FF:FF:FF] [ 1|34 ACKs]13:36:06  Sending 64 directed DeAuth (code 7). STMAC: [FF:FF:FF:FF:FF:FF] [ 1|35 ACKs]13:36:06  Sending 64 directed DeAuth (code 7). STMAC: [FF:FF:FF:FF:FF:FF] [ 1|36 ACKs]13:36:06  Sending 64 directed DeAuth (code 7). STMAC: [FF:FF:FF:FF:FF:FF] [ 1|37 ACKs]13:36:06  Sending 64 directed DeAuth (code 7). STMAC: [FF:FF:FF:FF:FF:FF] [ 1|38 ACKs]13:36:06  Sending 64 directed DeAuth (code 7). STMAC: [FF:FF:FF:FF:FF:FF] [ 1|39 ACKs]13:36:06  Sending 64 directed DeAuth (code 7). STMAC: [FF:FF:FF:FF:FF:FF] [ 1|40 ACKs]13:36:06  Sending 64 directed DeAuth (code 7). STMAC: [FF:FF:FF:FF:FF:FF] [ 1|41 ACKs]13:36:06  Sending 64 directed DeAuth (code 7). STMAC: [FF:FF:FF:FF:FF:FF] [ 1|42 ACKs]13:36:06  Sending 64 directed DeAuth (code 7). STMAC: [FF:FF:FF:FF:FF:FF] [ 1|43 ACKs]13:36:06  Sending 64 directed DeAuth (code 7). STMAC: [FF:FF:FF:FF:FF:FF] [ 1|44 ACKs]13:36:06  Sending 64 directed DeAuth (code 7). STMAC: [FF:FF:FF:FF:FF:FF] [ 1|45 ACKs]13:36:06  Sending 64 directed DeAuth (code 7). STMAC: [FF:FF:FF:FF:FF:FF] [ 1|46 ACKs]13:36:06  Sending 64 directed DeAuth (code 7). STMAC: [FF:FF:FF:FF:FF:FF] [ 1|47 ACKs]13:36:06  Sending 64 directed DeAuth (code 7). STMAC: [FF:FF:FF:FF:FF:FF] [ 1|48 ACKs]13:36:06  Sending 64 directed DeAuth (code 7). STMAC: [FF:FF:FF:FF:FF:FF] [ 1|49 ACKs]13:36:06  Sending 64 directed DeAuth (code 7). STMAC: [FF:FF:FF:FF:FF:FF] [ 1|50 ACKs]13:36:06  Sending 64 directed DeAuth (code 7). STMAC: [FF:FF:FF:FF:FF:FF] [ 1|51 ACKs]13:36:06  Sending 64 directed DeAuth (code 7). STMAC: [FF:FF:FF:FF:FF:FF] [ 1|52 ACKs]13:36:06  Sending 64 directed DeAuth (code 7). STMAC: [FF:FF:FF:FF:FF:FF] [ 1|53 ACKs]13:36:06  Sending 64 directed DeAuth (code 7). STMAC: [FF:FF:FF:FF:FF:FF] [ 1|54 ACKs]13:36:06  Sending 64 directed DeAuth (code 7). STMAC: [FF:FF:FF:FF:FF:FF] [ 1|55 ACKs]13:36:06  Sending 64 directed DeAuth (code 7). STMAC: [FF:FF:FF:FF:FF:FF] [ 1|56 ACKs]13:36:06  Sending 64 directed DeAuth (code 7). STMAC: [FF:FF:FF:FF:FF:FF] [ 1|57 ACKs]13:36:06  Sending 64 directed DeAuth (code 7). STMAC: [FF:FF:FF:FF:FF:FF] [ 1|58 ACKs]13:36:06  Sending 64 directed DeAuth (code 7). STMAC: [FF:FF:FF:FF:FF:FF] [ 1|59 ACKs]13:36:06  Sending 64 directed DeAuth (code 7). STMAC: [FF:FF:FF:FF:FF:FF] [ 1|60 ACKs]13:36:06  Sending 64 directed DeAuth (code 7). STMAC: [FF:FF:FF:FF:FF:FF] [ 1|61 ACKs]13:36:06  Sending 64 directed DeAuth (code 7). STMAC: [FF:FF:FF:FF:FF:FF] [ 1|62 ACKs]13:36:06  Sending 64 directed DeAuth (code 7). STMAC: [FF:FF:FF:FF:FF:FF] [ 1|63 ACKs]13:36:06  Sending 64 directed DeAuth (code 7). STMAC: [FF:FF:FF:FF:FF:FF] [ 1|64 ACKs]
13:36:07  Sending 64 directed DeAuth (code 7). STMAC: [FF:FF:FF:FF:FF:FF] [ 0| 0 ACKs]13:36:07  Sending 64 directed DeAuth (code 7). STMAC: [FF:FF:FF:FF:FF:FF] [ 1| 0 ACKs]13:36:07  Sending 64 directed DeAuth (code 7). STMAC: [FF:FF:FF:FF:FF:FF] [ 1| 1 ACKs]13:36:07  Sending 64 directed DeAuth (code 7). STMAC: [FF:FF:FF:FF:FF:FF] [ 2| 1 ACKs]13:36:07  Sending 64 directed DeAuth (code 7). STMAC: [FF:FF:FF:FF:FF:FF] [ 2| 2 ACKs]13:36:07  Sending 64 directed DeAuth (code 7). STMAC: [FF:FF:FF:FF:FF:FF] [ 3| 2 ACKs]13:36:07  Sending 64 directed DeAuth (code 7). STMAC: [FF:FF:FF:FF:FF:FF] [ 3| 3 ACKs]13:36:07  Sending 64 directed DeAuth (code 7). STMAC: [FF:FF:FF:FF:FF:FF] [ 3| 3 ACKs]13:36:07  Sending 64 directed DeAuth (code 7). STMAC: [FF:FF:FF:FF:FF:FF] [ 4| 3 ACKs]13:36:07  Sending 64 directed DeAuth (code 7). STMAC: [FF:FF:FF:FF:FF:FF] [ 4| 4 ACKs]13:36:07  Sending 64 directed DeAuth (code 7). STMAC: [FF:FF:FF:FF:FF:FF] [ 5| 4 ACKs]13:36:07  Sending 64 directed DeAuth (code 7). STMAC: [FF:FF:FF:FF:FF:FF] [ 5| 5 ACKs]13:36:07  Sending 64 directed DeAuth (code 7). STMAC: [FF:FF:FF:FF:FF:FF] [ 6| 5 ACKs]13:36:07  Sending 64 directed DeAuth (code 7). STMAC: [FF:FF:FF:FF:FF:FF] [ 6| 6 ACKs]13:36:07  Sending 64 directed DeAuth (code 7). STMAC: [FF:FF:FF:FF:FF:FF] [ 7| 6 ACKs]13:36:07  Sending 64 directed DeAuth (code 7). STMAC: [FF:FF:FF:FF:FF:FF] [ 7| 7 ACKs]13:36:07  Sending 64 directed DeAuth (code 7). STMAC: [FF:FF:FF:FF:FF:FF] [ 8| 7 ACKs]13:36:07  Sending 64 directed DeAuth (code 7). STMAC: [FF:FF:FF:FF:FF:FF] [ 8| 8 ACKs]13:36:07  Sending 64 directed DeAuth (code 7). STMAC: [FF:FF:FF:FF:FF:FF] [ 9| 8 ACKs]13:36:07  Sending 64 directed DeAuth (code 7). STMAC: [FF:FF:FF:FF:FF:FF] [ 9| 9 ACKs]13:36:07  Sending 64 directed DeAuth (code 7). STMAC: [FF:FF:FF:FF:FF:FF] [10| 9 ACKs]13:36:07  Sending 64 directed DeAuth (code 7). STMAC: [FF:FF:FF:FF:FF:FF] [10|10 ACKs]13:36:07  Sending 64 directed DeAuth (code 7). STMAC: [FF:FF:FF:FF:FF:FF] [11|10 ACKs]13:36:07  Sending 64 directed DeAuth (code 7). STMAC: [FF:FF:FF:FF:FF:FF] [11|11 ACKs]13:36:07  Sending 64 directed DeAuth (code 7). STMAC: [FF:FF:FF:FF:FF:FF] [12|11 ACKs]13:36:07  Sending 64 directed DeAuth (code 7). STMAC: [FF:FF:FF:FF:FF:FF] [12|12 ACKs]13:36:07  Sending 64 directed DeAuth (code 7). STMAC: [FF:FF:FF:FF:FF:FF] [13|12 ACKs]13:36:07  Sending 64 directed DeAuth (code 7). STMAC: [FF:FF:FF:FF:FF:FF] [13|13 ACKs]13:36:07  Sending 64 directed DeAuth (code 7). STMAC: [FF:FF:FF:FF:FF:FF] [14|13 ACKs]13:36:07  Sending 64 directed DeAuth (code 7). STMAC: [FF:FF:FF:FF:FF:FF] [14|14 ACKs]13:36:07  Sending 64 directed DeAuth (code 7). STMAC: [FF:FF:FF:FF:FF:FF] [15|14 ACKs]13:36:07  Sending 64 directed DeAuth (code 7). STMAC: [FF:FF:FF:FF:FF:FF] [15|15 ACKs]13:36:07  Sending 64 directed DeAuth (code 7). STMAC: [FF:FF:FF:FF:FF:FF] [16|15 ACKs]13:36:07  Sending 64 directed DeAuth (code 7). STMAC: [FF:FF:FF:FF:FF:FF] [16|16 ACKs]13:36:07  Sending 64 directed DeAuth (code 7). STMAC: [FF:FF:FF:FF:FF:FF] [17|16 ACKs]13:36:07  Sending 64 directed DeAuth (code 7). STMAC: [FF:FF:FF:FF:FF:FF] [17|17 ACKs]13:36:07  Sending 64 directed DeAuth (code 7). STMAC: [FF:FF:FF:FF:FF:FF] [17|18 ACKs]13:36:07  Sending 64 directed DeAuth (code 7). STMAC: [FF:FF:FF:FF:FF:FF] [18|18 ACKs]13:36:07  Sending 64 directed DeAuth (code 7). STMAC: [FF:FF:FF:FF:FF:FF] [18|19 ACKs]13:36:07  Sending 64 directed DeAuth (code 7). STMAC: [FF:FF:FF:FF:FF:FF] [19|19 ACKs]13:36:07  Sending 64 directed DeAuth (code 7). STMAC: [FF:FF:FF:FF:FF:FF] [19|20 ACKs]13:36:07  Sending 64 directed DeAuth (code 7). STMAC: [FF:FF:FF:FF:FF:FF] [20|20 ACKs]13:36:07  Sending 64 directed DeAuth (code 7). STMAC: [FF:FF:FF:FF:FF:FF] [20|21 ACKs]13:36:07  Sending 64 directed DeAuth (code 7). STMAC: [FF:FF:FF:FF:FF:FF] [21|21 ACKs]13:36:07  Sending 64 directed DeAuth (code 7). STMAC: [FF:FF:FF:FF:FF:FF] [21|22 ACKs]13:36:07  Sending 64 directed DeAuth (code 7). STMAC: [FF:FF:FF:FF:FF:FF] [22|22 ACKs]13:36:07  Sending 64 directed DeAuth (code 7). STMAC: [FF:FF:FF:FF:FF:FF] [22|23 ACKs]13:36:07  Sending 64 directed DeAuth (code 7). STMAC: [FF:FF:FF:FF:FF:FF] [23|23 ACKs]13:36:07  Sending 64 directed DeAuth (code 7). STMAC: [FF:FF:FF:FF:FF:FF] [23|24 ACKs]13:36:07  Sending 64 directed DeAuth (code 7). STMAC: [FF:FF:FF:FF:FF:FF] [24|24 ACKs]13:36:07  Sending 64 directed DeAuth (code 7). STMAC: [FF:FF:FF:FF:FF:FF] [24|25 ACKs]13:36:07  Sending 64 directed DeAuth (code 7). STMAC: [FF:FF:FF:FF:FF:FF] [25|25 ACKs]13:36:07  Sending 64 directed DeAuth (code 7). STMAC: [FF:FF:FF:FF:FF:FF] [25|26 ACKs]13:36:07  Sending 64 directed DeAuth (code 7). STMAC: [FF:FF:FF:FF:FF:FF] [26|26 ACKs]13:36:07  Sending 64 directed DeAuth (code 7). STMAC: [FF:FF:FF:FF:FF:FF] [26|27 ACKs]13:36:07  Sending 64 directed DeAuth (code 7). STMAC: [FF:FF:FF:FF:FF:FF] [27|27 ACKs]13:36:07  Sending 64 directed DeAuth (code 7). STMAC: [FF:FF:FF:FF:FF:FF] [27|28 ACKs]13:36:07  Sending 64 directed DeAuth (code 7). STMAC: [FF:FF:FF:FF:FF:FF] [28|28 ACKs]13:36:07  Sending 64 directed DeAuth (code 7). STMAC: [FF:FF:FF:FF:FF:FF] [28|29 ACKs]13:36:07  Sending 64 directed DeAuth (code 7). STMAC: [FF:FF:FF:FF:FF:FF] [28|30 ACKs]13:36:07  Sending 64 directed DeAuth (code 7). STMAC: [FF:FF:FF:FF:FF:FF] [29|30 ACKs]13:36:07  Sending 64 directed DeAuth (code 7). STMAC: [FF:FF:FF:FF:FF:FF] [29|30 ACKs]13:36:07  Sending 64 directed DeAuth (code 7). STMAC: [FF:FF:FF:FF:FF:FF] [29|31 ACKs]13:36:07  Sending 64 directed DeAuth (code 7). STMAC: [FF:FF:FF:FF:FF:FF] [29|32 ACKs]13:36:07  Sending 64 directed DeAuth (code 7). STMAC: [FF:FF:FF:FF:FF:FF] [29|33 ACKs]13:36:07  Sending 64 directed DeAuth (code 7). STMAC: [FF:FF:FF:FF:FF:FF] [29|34 ACKs]13:36:07  Sending 64 directed DeAuth (code 7). STMAC: [FF:FF:FF:FF:FF:FF] [29|35 ACKs]13:36:07  Sending 64 directed DeAuth (code 7). STMAC: [FF:FF:FF:FF:FF:FF] [29|36 ACKs]13:36:07  Sending 64 directed DeAuth (code 7). STMAC: [FF:FF:FF:FF:FF:FF] [29|37 ACKs]13:36:07  Sending 64 directed DeAuth (code 7). STMAC: [FF:FF:FF:FF:FF:FF] [30|37 ACKs]13:36:07  Sending 64 directed DeAuth (code 7). STMAC: [FF:FF:FF:FF:FF:FF] [30|38 ACKs]13:36:07  Sending 64 directed DeAuth (code 7). STMAC: [FF:FF:FF:FF:FF:FF] [30|39 ACKs]13:36:07  Sending 64 directed DeAuth (code 7). STMAC: [FF:FF:FF:FF:FF:FF] [30|40 ACKs]13:36:07  Sending 64 directed DeAuth (code 7). STMAC: [FF:FF:FF:FF:FF:FF] [30|41 ACKs]13:36:07  Sending 64 directed DeAuth (code 7). STMAC: [FF:FF:FF:FF:FF:FF] [30|42 ACKs]13:36:07  Sending 64 directed DeAuth (code 7). STMAC: [FF:FF:FF:FF:FF:FF] [30|43 ACKs]13:36:07  Sending 64 directed DeAuth (code 7). STMAC: [FF:FF:FF:FF:FF:FF] [30|44 ACKs]13:36:07  Sending 64 directed DeAuth (code 7). STMAC: [FF:FF:FF:FF:FF:FF] [30|45 ACKs]13:36:07  Sending 64 directed DeAuth (code 7). STMAC: [FF:FF:FF:FF:FF:FF] [30|46 ACKs]13:36:07  Sending 64 directed DeAuth (code 7). STMAC: [FF:FF:FF:FF:FF:FF] [30|47 ACKs]13:36:07  Sending 64 directed DeAuth (code 7). STMAC: [FF:FF:FF:FF:FF:FF] [30|48 ACKs]13:36:07  Sending 64 directed DeAuth (code 7). STMAC: [FF:FF:FF:FF:FF:FF] [30|49 ACKs]13:36:07  Sending 64 directed DeAuth (code 7). STMAC: [FF:FF:FF:FF:FF:FF] [30|50 ACKs]13:36:07  Sending 64 directed DeAuth (code 7). STMAC: [FF:FF:FF:FF:FF:FF] [30|51 ACKs]13:36:07  Sending 64 directed DeAuth (code 7). STMAC: [FF:FF:FF:FF:FF:FF] [30|52 ACKs]13:36:07  Sending 64 directed DeAuth (code 7). STMAC: [FF:FF:FF:FF:FF:FF] [30|53 ACKs]13:36:07  Sending 64 directed DeAuth (code 7). STMAC: [FF:FF:FF:FF:FF:FF] [30|54 ACKs]13:36:07  Sending 64 directed DeAuth (code 7). STMAC: [FF:FF:FF:FF:FF:FF] [30|55 ACKs]13:36:07  Sending 64 directed DeAuth (code 7). STMAC: [FF:FF:FF:FF:FF:FF] [30|56 ACKs]13:36:07  Sending 64 directed DeAuth (code 7). STMAC: [FF:FF:FF:FF:FF:FF] [30|57 ACKs]13:36:07  Sending 64 directed DeAuth (code 7). STMAC: [FF:FF:FF:FF:FF:FF] [30|58 ACKs]13:36:07  Sending 64 directed DeAuth (code 7). STMAC: [FF:FF:FF:FF:FF:FF] [30|59 ACKs]13:36:07  Sending 64 directed DeAuth (code 7). STMAC: [FF:FF:FF:FF:FF:FF] [30|60 ACKs]13:36:07  Sending 64 directed DeAuth (code 7). STMAC: [FF:FF:FF:FF:FF:FF] [30|61 ACKs]13:36:07  Sending 64 directed DeAuth (code 7). STMAC: [FF:FF:FF:FF:FF:FF] [30|62 ACKs]13:36:07  Sending 64 directed DeAuth (code 7). STMAC: [FF:FF:FF:FF:FF:FF] [30|63 ACKs]13:36:07  Sending 64 directed DeAuth (code 7). STMAC: [FF:FF:FF:FF:FF:FF] [30|64 ACKs]
13:36:07  Sending 64 directed DeAuth (code 7). STMAC: [FF:FF:FF:FF:FF:FF] [ 0| 0 ACKs]13:36:07  Sending 64 directed DeAuth (code 7). STMAC: [FF:FF:FF:FF:FF:FF] [ 0| 1 ACKs]13:36:07  Sending 64 directed DeAuth (code 7). STMAC: [FF:FF:FF:FF:FF:FF] [ 0| 2 ACKs]13:36:07  Sending 64 directed DeAuth (code 7). STMAC: [FF:FF:FF:FF:FF:FF] [ 0| 3 ACKs]13:36:07  Sending 64 directed DeAuth (code 7). STMAC: [FF:FF:FF:FF:FF:FF] [ 0| 4 ACKs]13:36:07  Sending 64 directed DeAuth (code 7). STMAC: [FF:FF:FF:FF:FF:FF] [ 0| 5 ACKs]13:36:07  Sending 64 directed DeAuth (code 7). STMAC: [FF:FF:FF:FF:FF:FF] [ 0| 6 ACKs]13:36:07  Sending 64 directed DeAuth (code 7). STMAC: [FF:FF:FF:FF:FF:FF] [ 0| 7 ACKs]13:36:07  Sending 64 directed DeAuth (code 7). STMAC: [FF:FF:FF:FF:FF:FF] [ 0| 8 ACKs]13:36:07  Sending 64 directed DeAuth (code 7). STMAC: [FF:FF:FF:FF:FF:FF] [ 0| 9 ACKs]13:36:07  Sending 64 directed DeAuth (code 7). STMAC: [FF:FF:FF:FF:FF:FF] [ 0|10 ACKs]13:36:07  Sending 64 directed DeAuth (code 7). STMAC: [FF:FF:FF:FF:FF:FF] [ 0|11 ACKs]13:36:07  Sending 64 directed DeAuth (code 7). STMAC: [FF:FF:FF:FF:FF:FF] [ 0|12 ACKs]13:36:07  Sending 64 directed DeAuth (code 7). STMAC: [FF:FF:FF:FF:FF:FF] [ 0|13 ACKs]13:36:07  Sending 64 directed DeAuth (code 7). STMAC: [FF:FF:FF:FF:FF:FF] [ 0|14 ACKs]13:36:07  Sending 64 directed DeAuth (code 7). STMAC: [FF:FF:FF:FF:FF:FF] [ 0|15 ACKs]13:36:07  Sending 64 directed DeAuth (code 7). STMAC: [FF:FF:FF:FF:FF:FF] [ 0|16 ACKs]13:36:07  Sending 64 directed DeAuth (code 7). STMAC: [FF:FF:FF:FF:FF:FF] [ 0|17 ACKs]13:36:07  Sending 64 directed DeAuth (code 7). STMAC: [FF:FF:FF:FF:FF:FF] [ 0|18 ACKs]13:36:07  Sending 64 directed DeAuth (code 7). STMAC: [FF:FF:FF:FF:FF:FF] [ 0|19 ACKs]13:36:07  Sending 64 directed DeAuth (code 7). STMAC: [FF:FF:FF:FF:FF:FF] [ 0|20 ACKs]13:36:07  Sending 64 directed DeAuth (code 7). STMAC: [FF:FF:FF:FF:FF:FF] [ 0|21 ACKs]13:36:07  Sending 64 directed DeAuth (code 7). STMAC: [FF:FF:FF:FF:FF:FF] [ 0|22 ACKs]13:36:07  Sending 64 directed DeAuth (code 7). STMAC: [FF:FF:FF:FF:FF:FF] [ 0|23 ACKs]13:36:07  Sending 64 directed DeAuth (code 7). STMAC: [FF:FF:FF:FF:FF:FF] [ 0|24 ACKs]13:36:07  Sending 64 directed DeAuth (code 7). STMAC: [FF:FF:FF:FF:FF:FF] [ 0|25 ACKs]13:36:07  Sending 64 directed DeAuth (code 7). STMAC: [FF:FF:FF:FF:FF:FF] [ 0|26 ACKs]13:36:07  Sending 64 directed DeAuth (code 7). STMAC: [FF:FF:FF:FF:FF:FF] [ 0|27 ACKs]13:36:07  Sending 64 directed DeAuth (code 7). STMAC: [FF:FF:FF:FF:FF:FF] [ 0|28 ACKs]13:36:07  Sending 64 directed DeAuth (code 7). STMAC: [FF:FF:FF:FF:FF:FF] [ 0|29 ACKs]13:36:07  Sending 64 directed DeAuth (code 7). STMAC: [FF:FF:FF:FF:FF:FF] [ 0|30 ACKs]13:36:07  Sending 64 directed DeAuth (code 7). STMAC: [FF:FF:FF:FF:FF:FF] [ 0|31 ACKs]13:36:07  Sending 64 directed DeAuth (code 7). STMAC: [FF:FF:FF:FF:FF:FF] [ 0|32 ACKs]13:36:07  Sending 64 directed DeAuth (code 7). STMAC: [FF:FF:FF:FF:FF:FF] [ 0|33 ACKs]13:36:07  Sending 64 directed DeAuth (code 7). STMAC: [FF:FF:FF:FF:FF:FF] [ 0|34 ACKs]13:36:07  Sending 64 directed DeAuth (code 7). STMAC: [FF:FF:FF:FF:FF:FF] [ 0|35 ACKs]13:36:07  Sending 64 directed DeAuth (code 7). STMAC: [FF:FF:FF:FF:FF:FF] [ 0|36 ACKs]13:36:07  Sending 64 directed DeAuth (code 7). STMAC: [FF:FF:FF:FF:FF:FF] [ 0|37 ACKs]13:36:07  Sending 64 directed DeAuth (code 7). STMAC: [FF:FF:FF:FF:FF:FF] [ 0|38 ACKs]13:36:07  Sending 64 directed DeAuth (code 7). STMAC: [FF:FF:FF:FF:FF:FF] [ 0|39 ACKs]13:36:07  Sending 64 directed DeAuth (code 7). STMAC: [FF:FF:FF:FF:FF:FF] [ 0|40 ACKs]13:36:07  Sending 64 directed DeAuth (code 7). STMAC: [FF:FF:FF:FF:FF:FF] [ 0|41 ACKs]13:36:07  Sending 64 directed DeAuth (code 7). STMAC: [FF:FF:FF:FF:FF:FF] [ 0|42 ACKs]13:36:07  Sending 64 directed DeAuth (code 7). STMAC: [FF:FF:FF:FF:FF:FF] [ 0|43 ACKs]13:36:07  Sending 64 directed DeAuth (code 7). STMAC: [FF:FF:FF:FF:FF:FF] [ 0|44 ACKs]13:36:07  Sending 64 directed DeAuth (code 7). STMAC: [FF:FF:FF:FF:FF:FF] [ 0|45 ACKs]13:36:07  Sending 64 directed DeAuth (code 7). STMAC: [FF:FF:FF:FF:FF:FF] [ 0|46 ACKs]13:36:07  Sending 64 directed DeAuth (code 7). STMAC: [FF:FF:FF:FF:FF:FF] [ 0|47 ACKs]13:36:07  Sending 64 directed DeAuth (code 7). STMAC: [FF:FF:FF:FF:FF:FF] [ 0|48 ACKs]13:36:07  Sending 64 directed DeAuth (code 7). STMAC: [FF:FF:FF:FF:FF:FF] [ 0|49 ACKs]13:36:07  Sending 64 directed DeAuth (code 7). STMAC: [FF:FF:FF:FF:FF:FF] [ 0|50 ACKs]13:36:07  Sending 64 directed DeAuth (code 7). STMAC: [FF:FF:FF:FF:FF:FF] [ 0|51 ACKs]13:36:07  Sending 64 directed DeAuth (code 7). STMAC: [FF:FF:FF:FF:FF:FF] [ 0|52 ACKs]13:36:07  Sending 64 directed DeAuth (code 7). STMAC: [FF:FF:FF:FF:FF:FF] [ 0|53 ACKs]13:36:07  Sending 64 directed DeAuth (code 7). STMAC: [FF:FF:FF:FF:FF:FF] [ 0|54 ACKs]13:36:07  Sending 64 directed DeAuth (code 7). STMAC: [FF:FF:FF:FF:FF:FF] [ 0|55 ACKs]13:36:07  Sending 64 directed DeAuth (code 7). STMAC: [FF:FF:FF:FF:FF:FF] [ 0|56 ACKs]13:36:07  Sending 64 directed DeAuth (code 7). STMAC: [FF:FF:FF:FF:FF:FF] [ 0|57 ACKs]13:36:08  Sending 64 directed DeAuth (code 7). STMAC: [FF:FF:FF:FF:FF:FF] [ 0|58 ACKs]13:36:08  Sending 64 directed DeAuth (code 7). STMAC: [FF:FF:FF:FF:FF:FF] [ 0|59 ACKs]13:36:08  Sending 64 directed DeAuth (code 7). STMAC: [FF:FF:FF:FF:FF:FF] [ 0|60 ACKs]13:36:08  Sending 64 directed DeAuth (code 7). STMAC: [FF:FF:FF:FF:FF:FF] [ 0|61 ACKs]13:36:08  Sending 64 directed DeAuth (code 7). STMAC: [FF:FF:FF:FF:FF:FF] [ 0|62 ACKs]13:36:08  Sending 64 directed DeAuth (code 7). STMAC: [FF:FF:FF:FF:FF:FF] [ 0|63 ACKs]13:36:08  Sending 64 directed DeAuth (code 7). STMAC: [FF:FF:FF:FF:FF:FF] [ 0|64 ACKs]
13:36:08  Sending 64 directed DeAuth (code 7). STMAC: [FF:FF:FF:FF:FF:FF] [ 0| 0 ACKs]13:36:08  Sending 64 directed DeAuth (code 7). STMAC: [FF:FF:FF:FF:FF:FF] [ 0| 1 ACKs]13:36:08  Sending 64 directed DeAuth (code 7). STMAC: [FF:FF:FF:FF:FF:FF] [ 1| 1 ACKs]13:36:08  Sending 64 directed DeAuth (code 7). STMAC: [FF:FF:FF:FF:FF:FF] [ 1| 2 ACKs]13:36:08  Sending 64 directed DeAuth (code 7). STMAC: [FF:FF:FF:FF:FF:FF] [ 1| 3 ACKs]13:36:08  Sending 64 directed DeAuth (code 7). STMAC: [FF:FF:FF:FF:FF:FF] [ 1| 4 ACKs]13:36:08  Sending 64 directed DeAuth (code 7). STMAC: [FF:FF:FF:FF:FF:FF] [ 1| 5 ACKs]13:36:08  Sending 64 directed DeAuth (code 7). STMAC: [FF:FF:FF:FF:FF:FF] [ 1| 6 ACKs]13:36:08  Sending 64 directed DeAuth (code 7). STMAC: [FF:FF:FF:FF:FF:FF] [ 1| 7 ACKs]13:36:08  Sending 64 directed DeAuth (code 7). STMAC: [FF:FF:FF:FF:FF:FF] [ 1| 8 ACKs]13:36:08  Sending 64 directed DeAuth (code 7). STMAC: [FF:FF:FF:FF:FF:FF] [ 1| 9 ACKs]13:36:08  Sending 64 directed DeAuth (code 7). STMAC: [FF:FF:FF:FF:FF:FF] [ 1|10 ACKs]13:36:08  Sending 64 directed DeAuth (code 7). STMAC: [FF:FF:FF:FF:FF:FF] [ 1|11 ACKs]13:36:08  Sending 64 directed DeAuth (code 7). STMAC: [FF:FF:FF:FF:FF:FF] [ 1|12 ACKs]13:36:08  Sending 64 directed DeAuth (code 7). STMAC: [FF:FF:FF:FF:FF:FF] [ 1|13 ACKs]13:36:08  Sending 64 directed DeAuth (code 7). STMAC: [FF:FF:FF:FF:FF:FF] [ 1|14 ACKs]13:36:08  Sending 64 directed DeAuth (code 7). STMAC: [FF:FF:FF:FF:FF:FF] [ 1|15 ACKs]13:36:08  Sending 64 directed DeAuth (code 7). STMAC: [FF:FF:FF:FF:FF:FF] [ 1|16 ACKs]13:36:08  Sending 64 directed DeAuth (code 7). STMAC: [FF:FF:FF:FF:FF:FF] [ 1|17 ACKs]13:36:08  Sending 64 directed DeAuth (code 7). STMAC: [FF:FF:FF:FF:FF:FF] [ 1|18 ACKs]13:36:08  Sending 64 directed DeAuth (code 7). STMAC: [FF:FF:FF:FF:FF:FF] [ 1|19 ACKs]13:36:08  Sending 64 directed DeAuth (code 7). STMAC: [FF:FF:FF:FF:FF:FF] [ 1|20 ACKs]13:36:08  Sending 64 directed DeAuth (code 7). STMAC: [FF:FF:FF:FF:FF:FF] [ 1|21 ACKs]13:36:08  Sending 64 directed DeAuth (code 7). STMAC: [FF:FF:FF:FF:FF:FF] [ 1|22 ACKs]13:36:08  Sending 64 directed DeAuth (code 7). STMAC: [FF:FF:FF:FF:FF:FF] [ 1|23 ACKs]13:36:08  Sending 64 directed DeAuth (code 7). STMAC: [FF:FF:FF:FF:FF:FF] [ 1|24 ACKs]13:36:08  Sending 64 directed DeAuth (code 7). STMAC: [FF:FF:FF:FF:FF:FF] [ 1|25 ACKs]13:36:08  Sending 64 directed DeAuth (code 7). STMAC: [FF:FF:FF:FF:FF:FF] [ 1|26 ACKs]13:36:08  Sending 64 directed DeAuth (code 7). STMAC: [FF:FF:FF:FF:FF:FF] [ 1|27 ACKs]13:36:08  Sending 64 directed DeAuth (code 7). STMAC: [FF:FF:FF:FF:FF:FF] [ 1|28 ACKs]13:36:08  Sending 64 directed DeAuth (code 7). STMAC: [FF:FF:FF:FF:FF:FF] [ 1|29 ACKs]13:36:08  Sending 64 directed DeAuth (code 7). STMAC: [FF:FF:FF:FF:FF:FF] [ 1|30 ACKs]13:36:08  Sending 64 directed DeAuth (code 7). STMAC: [FF:FF:FF:FF:FF:FF] [ 1|31 ACKs]13:36:08  Sending 64 directed DeAuth (code 7). STMAC: [FF:FF:FF:FF:FF:FF] [ 1|32 ACKs]13:36:08  Sending 64 directed DeAuth (code 7). STMAC: [FF:FF:FF:FF:FF:FF] [ 1|33 ACKs]13:36:08  Sending 64 directed DeAuth (code 7). STMAC: [FF:FF:FF:FF:FF:FF] [ 1|34 ACKs]13:36:08  Sending 64 directed DeAuth (code 7). STMAC: [FF:FF:FF:FF:FF:FF] [ 1|35 ACKs]13:36:08  Sending 64 directed DeAuth (code 7). STMAC: [FF:FF:FF:FF:FF:FF] [ 2|35 ACKs]13:36:08  Sending 64 directed DeAuth (code 7). STMAC: [FF:FF:FF:FF:FF:FF] [ 2|36 ACKs]13:36:08  Sending 64 directed DeAuth (code 7). STMAC: [FF:FF:FF:FF:FF:FF] [ 3|36 ACKs]13:36:08  Sending 64 directed DeAuth (code 7). STMAC: [FF:FF:FF:FF:FF:FF] [ 3|37 ACKs]13:36:08  Sending 64 directed DeAuth (code 7). STMAC: [FF:FF:FF:FF:FF:FF] [ 3|38 ACKs]13:36:08  Sending 64 directed DeAuth (code 7). STMAC: [FF:FF:FF:FF:FF:FF] [ 3|39 ACKs]13:36:08  Sending 64 directed DeAuth (code 7). STMAC: [FF:FF:FF:FF:FF:FF] [ 3|40 ACKs]13:36:08  Sending 64 directed DeAuth (code 7). STMAC: [FF:FF:FF:FF:FF:FF] [ 3|41 ACKs]13:36:08  Sending 64 directed DeAuth (code 7). STMAC: [FF:FF:FF:FF:FF:FF] [ 3|42 ACKs]13:36:08  Sending 64 directed DeAuth (code 7). STMAC: [FF:FF:FF:FF:FF:FF] [ 3|43 ACKs]13:36:08  Sending 64 directed DeAuth (code 7). STMAC: [FF:FF:FF:FF:FF:FF] [ 3|44 ACKs]13:36:08  Sending 64 directed DeAuth (code 7). STMAC: [FF:FF:FF:FF:FF:FF] [ 3|45 ACKs]13:36:08  Sending 64 directed DeAuth (code 7). STMAC: [FF:FF:FF:FF:FF:FF] [ 3|46 ACKs]13:36:08  Sending 64 directed DeAuth (code 7). STMAC: [FF:FF:FF:FF:FF:FF] [ 3|47 ACKs]13:36:08  Sending 64 directed DeAuth (code 7). STMAC: [FF:FF:FF:FF:FF:FF] [ 3|48 ACKs]13:36:08  Sending 64 directed DeAuth (code 7). STMAC: [FF:FF:FF:FF:FF:FF] [ 3|49 ACKs]13:36:08  Sending 64 directed DeAuth (code 7). STMAC: [FF:FF:FF:FF:FF:FF] [ 3|50 ACKs]13:36:08  Sending 64 directed DeAuth (code 7). STMAC: [FF:FF:FF:FF:FF:FF] [ 3|51 ACKs]13:36:08  Sending 64 directed DeAuth (code 7). STMAC: [FF:FF:FF:FF:FF:FF] [ 4|51 ACKs]13:36:08  Sending 64 directed DeAuth (code 7). STMAC: [FF:FF:FF:FF:FF:FF] [ 5|51 ACKs]13:36:08  Sending 64 directed DeAuth (code 7). STMAC: [FF:FF:FF:FF:FF:FF] [ 5|51 ACKs]13:36:08  Sending 64 directed DeAuth (code 7). STMAC: [FF:FF:FF:FF:FF:FF] [ 5|52 ACKs]13:36:08  Sending 64 directed DeAuth (code 7). STMAC: [FF:FF:FF:FF:FF:FF] [ 6|52 ACKs]13:36:08  Sending 64 directed DeAuth (code 7). STMAC: [FF:FF:FF:FF:FF:FF] [ 6|53 ACKs]13:36:08  Sending 64 directed DeAuth (code 7). STMAC: [FF:FF:FF:FF:FF:FF] [ 6|54 ACKs]13:36:08  Sending 64 directed DeAuth (code 7). STMAC: [FF:FF:FF:FF:FF:FF] [ 7|54 ACKs]13:36:08  Sending 64 directed DeAuth (code 7). STMAC: [FF:FF:FF:FF:FF:FF] [ 7|55 ACKs]13:36:08  Sending 64 directed DeAuth (code 7). STMAC: [FF:FF:FF:FF:FF:FF] [ 8|55 ACKs]13:36:08  Sending 64 directed DeAuth (code 7). STMAC: [FF:FF:FF:FF:FF:FF] [ 8|56 ACKs]13:36:08  Sending 64 directed DeAuth (code 7). STMAC: [FF:FF:FF:FF:FF:FF] [ 9|56 ACKs]13:36:08  Sending 64 directed DeAuth (code 7). STMAC: [FF:FF:FF:FF:FF:FF] [ 9|57 ACKs]13:36:08  Sending 64 directed DeAuth (code 7). STMAC: [FF:FF:FF:FF:FF:FF] [10|57 ACKs]13:36:08  Sending 64 directed DeAuth (code 7). STMAC: [FF:FF:FF:FF:FF:FF] [10|58 ACKs]13:36:08  Sending 64 directed DeAuth (code 7). STMAC: [FF:FF:FF:FF:FF:FF] [11|58 ACKs]13:36:08  Sending 64 directed DeAuth (code 7). STMAC: [FF:FF:FF:FF:FF:FF] [11|59 ACKs]13:36:08  Sending 64 directed DeAuth (code 7). STMAC: [FF:FF:FF:FF:FF:FF] [12|59 ACKs]13:36:08  Sending 64 directed DeAuth (code 7). STMAC: [FF:FF:FF:FF:FF:FF] [12|60 ACKs]13:36:08  Sending 64 directed DeAuth (code 7). STMAC: [FF:FF:FF:FF:FF:FF] [12|61 ACKs]13:36:08  Sending 64 directed DeAuth (code 7). STMAC: [FF:FF:FF:FF:FF:FF] [13|61 ACKs]13:36:08  Sending 64 directed DeAuth (code 7). STMAC: [FF:FF:FF:FF:FF:FF] [13|62 ACKs]13:36:08  Sending 64 directed DeAuth (code 7). STMAC: [FF:FF:FF:FF:FF:FF] [14|62 ACKs]13:36:08  Sending 64 directed DeAuth (code 7). STMAC: [FF:FF:FF:FF:FF:FF] [14|63 ACKs]13:36:08  Sending 64 directed DeAuth (code 7). STMAC: [FF:FF:FF:FF:FF:FF] [15|63 ACKs]13:36:08  Sending 64 directed DeAuth (code 7). STMAC: [FF:FF:FF:FF:FF:FF] [15|64 ACKs]
13:36:08  Sending 64 directed DeAuth (code 7). STMAC: [FF:FF:FF:FF:FF:FF] [ 0| 0 ACKs]13:36:08  Sending 64 directed DeAuth (code 7). STMAC: [FF:FF:FF:FF:FF:FF] [ 0| 0 ACKs]13:36:08  Sending 64 directed DeAuth (code 7). STMAC: [FF:FF:FF:FF:FF:FF] [ 1| 0 ACKs]13:36:08  Sending 64 directed DeAuth (code 7). STMAC: [FF:FF:FF:FF:FF:FF] [ 2| 0 ACKs]13:36:08  Sending 64 directed DeAuth (code 7). STMAC: [FF:FF:FF:FF:FF:FF] [ 2| 1 ACKs]13:36:08  Sending 64 directed DeAuth (code 7). STMAC: [FF:FF:FF:FF:FF:FF] [ 2| 2 ACKs]13:36:08  Sending 64 directed DeAuth (code 7). STMAC: [FF:FF:FF:FF:FF:FF] [ 2| 3 ACKs]13:36:08  Sending 64 directed DeAuth (code 7). STMAC: [FF:FF:FF:FF:FF:FF] [ 2| 4 ACKs]13:36:08  Sending 64 directed DeAuth (code 7). STMAC: [FF:FF:FF:FF:FF:FF] [ 2| 5 ACKs]13:36:08  Sending 64 directed DeAuth (code 7). STMAC: [FF:FF:FF:FF:FF:FF] [ 2| 6 ACKs]13:36:08  Sending 64 directed DeAuth (code 7). STMAC: [FF:FF:FF:FF:FF:FF] [ 2| 7 ACKs]13:36:08  Sending 64 directed DeAuth (code 7). STMAC: [FF:FF:FF:FF:FF:FF] [ 2| 8 ACKs]13:36:08  Sending 64 directed DeAuth (code 7). STMAC: [FF:FF:FF:FF:FF:FF] [ 3| 8 ACKs]13:36:08  Sending 64 directed DeAuth (code 7). STMAC: [FF:FF:FF:FF:FF:FF] [ 3| 9 ACKs]13:36:08  Sending 64 directed DeAuth (code 7). STMAC: [FF:FF:FF:FF:FF:FF] [ 3|10 ACKs]13:36:08  Sending 64 directed DeAuth (code 7). STMAC: [FF:FF:FF:FF:FF:FF] [ 3|11 ACKs]13:36:08  Sending 64 directed DeAuth (code 7). STMAC: [FF:FF:FF:FF:FF:FF] [ 3|12 ACKs]13:36:08  Sending 64 directed DeAuth (code 7). STMAC: [FF:FF:FF:FF:FF:FF] [ 3|13 ACKs]13:36:08  Sending 64 directed DeAuth (code 7). STMAC: [FF:FF:FF:FF:FF:FF] [ 3|14 ACKs]13:36:08  Sending 64 directed DeAuth (code 7). STMAC: [FF:FF:FF:FF:FF:FF] [ 3|15 ACKs]13:36:08  Sending 64 directed DeAuth (code 7). STMAC: [FF:FF:FF:FF:FF:FF] [ 3|16 ACKs]13:36:08  Sending 64 directed DeAuth (code 7). STMAC: [FF:FF:FF:FF:FF:FF] [ 3|17 ACKs]13:36:08  Sending 64 directed DeAuth (code 7). STMAC: [FF:FF:FF:FF:FF:FF] [ 3|18 ACKs]13:36:08  Sending 64 directed DeAuth (code 7). STMAC: [FF:FF:FF:FF:FF:FF] [ 3|19 ACKs]13:36:08  Sending 64 directed DeAuth (code 7). STMAC: [FF:FF:FF:FF:FF:FF] [ 3|20 ACKs]13:36:08  Sending 64 directed DeAuth (code 7). STMAC: [FF:FF:FF:FF:FF:FF] [ 3|21 ACKs]13:36:08  Sending 64 directed DeAuth (code 7). STMAC: [FF:FF:FF:FF:FF:FF] [ 3|22 ACKs]13:36:08  Sending 64 directed DeAuth (code 7). STMAC: [FF:FF:FF:FF:FF:FF] [ 3|23 ACKs]13:36:08  Sending 64 directed DeAuth (code 7). STMAC: [FF:FF:FF:FF:FF:FF] [ 3|24 ACKs]13:36:08  Sending 64 directed DeAuth (code 7). STMAC: [FF:FF:FF:FF:FF:FF] [ 3|25 ACKs]13:36:08  Sending 64 directed DeAuth (code 7). STMAC: [FF:FF:FF:FF:FF:FF] [ 3|26 ACKs]13:36:08  Sending 64 directed DeAuth (code 7). STMAC: [FF:FF:FF:FF:FF:FF] [ 3|27 ACKs]13:36:08  Sending 64 directed DeAuth (code 7). STMAC: [FF:FF:FF:FF:FF:FF] [ 3|28 ACKs]13:36:08  Sending 64 directed DeAuth (code 7). STMAC: [FF:FF:FF:FF:FF:FF] [ 3|29 ACKs]13:36:08  Sending 64 directed DeAuth (code 7). STMAC: [FF:FF:FF:FF:FF:FF] [ 3|30 ACKs]13:36:08  Sending 64 directed DeAuth (code 7). STMAC: [FF:FF:FF:FF:FF:FF] [ 3|31 ACKs]13:36:09  Sending 64 directed DeAuth (code 7). STMAC: [FF:FF:FF:FF:FF:FF] [ 3|32 ACKs]13:36:09  Sending 64 directed DeAuth (code 7). STMAC: [FF:FF:FF:FF:FF:FF] [ 3|33 ACKs]13:36:09  Sending 64 directed DeAuth (code 7). STMAC: [FF:FF:FF:FF:FF:FF] [ 3|34 ACKs]13:36:09  Sending 64 directed DeAuth (code 7). STMAC: [FF:FF:FF:FF:FF:FF] [ 3|35 ACKs]13:36:09  Sending 64 directed DeAuth (code 7). STMAC: [FF:FF:FF:FF:FF:FF] [ 3|36 ACKs]13:36:09  Sending 64 directed DeAuth (code 7). STMAC: [FF:FF:FF:FF:FF:FF] [ 3|37 ACKs]13:36:09  Sending 64 directed DeAuth (code 7). STMAC: [FF:FF:FF:FF:FF:FF] [ 3|38 ACKs]13:36:09  Sending 64 directed DeAuth (code 7). STMAC: [FF:FF:FF:FF:FF:FF] [ 3|39 ACKs]13:36:09  Sending 64 directed DeAuth (code 7). STMAC: [FF:FF:FF:FF:FF:FF] [ 3|40 ACKs]13:36:09  Sending 64 directed DeAuth (code 7). STMAC: [FF:FF:FF:FF:FF:FF] [ 3|41 ACKs]13:36:09  Sending 64 directed DeAuth (code 7). STMAC: [FF:FF:FF:FF:FF:FF] [ 3|42 ACKs]13:36:09  Sending 64 directed DeAuth (code 7). STMAC: [FF:FF:FF:FF:FF:FF] [ 3|43 ACKs]13:36:09  Sending 64 directed DeAuth (code 7). STMAC: [FF:FF:FF:FF:FF:FF] [ 3|44 ACKs]13:36:09  Sending 64 directed DeAuth (code 7). STMAC: [FF:FF:FF:FF:FF:FF] [ 3|45 ACKs]13:36:09  Sending 64 directed DeAuth (code 7). STMAC: [FF:FF:FF:FF:FF:FF] [ 3|46 ACKs]13:36:09  Sending 64 directed DeAuth (code 7). STMAC: [FF:FF:FF:FF:FF:FF] [ 3|47 ACKs]13:36:09  Sending 64 directed DeAuth (code 7). STMAC: [FF:FF:FF:FF:FF:FF] [ 3|48 ACKs]13:36:09  Sending 64 directed DeAuth (code 7). STMAC: [FF:FF:FF:FF:FF:FF] [ 3|49 ACKs]13:36:09  Sending 64 directed DeAuth (code 7). STMAC: [FF:FF:FF:FF:FF:FF] [ 3|50 ACKs]13:36:09  Sending 64 directed DeAuth (code 7). STMAC: [FF:FF:FF:FF:FF:FF] [ 3|51 ACKs]13:36:09  Sending 64 directed DeAuth (code 7). STMAC: [FF:FF:FF:FF:FF:FF] [ 3|52 ACKs]13:36:09  Sending 64 directed DeAuth (code 7). STMAC: [FF:FF:FF:FF:FF:FF] [ 3|53 ACKs]13:36:09  Sending 64 directed DeAuth (code 7). STMAC: [FF:FF:FF:FF:FF:FF] [ 3|54 ACKs]13:36:09  Sending 64 directed DeAuth (code 7). STMAC: [FF:FF:FF:FF:FF:FF] [ 3|55 ACKs]13:36:09  Sending 64 directed DeAuth (code 7). STMAC: [FF:FF:FF:FF:FF:FF] [ 3|56 ACKs]13:36:09  Sending 64 directed DeAuth (code 7). STMAC: [FF:FF:FF:FF:FF:FF] [ 3|57 ACKs]13:36:09  Sending 64 directed DeAuth (code 7). STMAC: [FF:FF:FF:FF:FF:FF] [ 4|57 ACKs]13:36:09  Sending 64 directed DeAuth (code 7). STMAC: [FF:FF:FF:FF:FF:FF] [ 4|58 ACKs]13:36:09  Sending 64 directed DeAuth (code 7). STMAC: [FF:FF:FF:FF:FF:FF] [ 4|59 ACKs]13:36:09  Sending 64 directed DeAuth (code 7). STMAC: [FF:FF:FF:FF:FF:FF] [ 4|60 ACKs]13:36:09  Sending 64 directed DeAuth (code 7). STMAC: [FF:FF:FF:FF:FF:FF] [ 4|61 ACKs]13:36:09  Sending 64 directed DeAuth (code 7). STMAC: [FF:FF:FF:FF:FF:FF] [ 4|62 ACKs]13:36:09  Sending 64 directed DeAuth (code 7). STMAC: [FF:FF:FF:FF:FF:FF] [ 4|63 ACKs]13:36:09  Sending 64 directed DeAuth (code 7). STMAC: [FF:FF:FF:FF:FF:FF] [ 4|64 ACKs]
13:36:09  Sending 64 directed DeAuth (code 7). STMAC: [FF:FF:FF:FF:FF:FF] [ 0| 0 ACKs]13:36:09  Sending 64 directed DeAuth (code 7). STMAC: [FF:FF:FF:FF:FF:FF] [ 0| 0 ACKs]13:36:09  Sending 64 directed DeAuth (code 7). STMAC: [FF:FF:FF:FF:FF:FF] [ 1| 0 ACKs]13:36:09  Sending 64 directed DeAuth (code 7). STMAC: [FF:FF:FF:FF:FF:FF] [ 2| 0 ACKs]13:36:09  Sending 64 directed DeAuth (code 7). STMAC: [FF:FF:FF:FF:FF:FF] [ 2| 0 ACKs]13:36:09  Sending 64 directed DeAuth (code 7). STMAC: [FF:FF:FF:FF:FF:FF] [ 3| 0 ACKs]13:36:09  Sending 64 directed DeAuth (code 7). STMAC: [FF:FF:FF:FF:FF:FF] [ 3| 0 ACKs]13:36:09  Sending 64 directed DeAuth (code 7). STMAC: [FF:FF:FF:FF:FF:FF] [ 4| 0 ACKs]13:36:09  Sending 64 directed DeAuth (code 7). STMAC: [FF:FF:FF:FF:FF:FF] [ 4| 0 ACKs]13:36:09  Sending 64 directed DeAuth (code 7). STMAC: [FF:FF:FF:FF:FF:FF] [ 5| 0 ACKs]13:36:09  Sending 64 directed DeAuth (code 7). STMAC: [FF:FF:FF:FF:FF:FF] [ 5| 0 ACKs]13:36:09  Sending 64 directed DeAuth (code 7). STMAC: [FF:FF:FF:FF:FF:FF] [ 5| 0 ACKs]13:36:09  Sending 64 directed DeAuth (code 7). STMAC: [FF:FF:FF:FF:FF:FF] [ 6| 0 ACKs]13:36:09  Sending 64 directed DeAuth (code 7). STMAC: [FF:FF:FF:FF:FF:FF] [ 7| 0 ACKs]13:36:09  Sending 64 directed DeAuth (code 7). STMAC: [FF:FF:FF:FF:FF:FF] [ 7| 1 ACKs]13:36:09  Sending 64 directed DeAuth (code 7). STMAC: [FF:FF:FF:FF:FF:FF] [ 7| 2 ACKs]13:36:09  Sending 64 directed DeAuth (code 7). STMAC: [FF:FF:FF:FF:FF:FF] [ 8| 2 ACKs]13:36:09  Sending 64 directed DeAuth (code 7). STMAC: [FF:FF:FF:FF:FF:FF] [ 9| 2 ACKs]13:36:09  Sending 64 directed DeAuth (code 7). STMAC: [FF:FF:FF:FF:FF:FF] [ 9| 3 ACKs]13:36:09  Sending 64 directed DeAuth (code 7). STMAC: [FF:FF:FF:FF:FF:FF] [10| 3 ACKs]13:36:09  Sending 64 directed DeAuth (code 7). STMAC: [FF:FF:FF:FF:FF:FF] [10| 4 ACKs]13:36:09  Sending 64 directed DeAuth (code 7). STMAC: [FF:FF:FF:FF:FF:FF] [11| 4 ACKs]13:36:09  Sending 64 directed DeAuth (code 7). STMAC: [FF:FF:FF:FF:FF:FF] [11| 5 ACKs]13:36:09  Sending 64 directed DeAuth (code 7). STMAC: [FF:FF:FF:FF:FF:FF] [12| 5 ACKs]13:36:09  Sending 64 directed DeAuth (code 7). STMAC: [FF:FF:FF:FF:FF:FF] [12| 6 ACKs]13:36:09  Sending 64 directed DeAuth (code 7). STMAC: [FF:FF:FF:FF:FF:FF] [13| 6 ACKs]13:36:09  Sending 64 directed DeAuth (code 7). STMAC: [FF:FF:FF:FF:FF:FF] [13| 7 ACKs]13:36:09  Sending 64 directed DeAuth (code 7). STMAC: [FF:FF:FF:FF:FF:FF] [13| 8 ACKs]13:36:09  Sending 64 directed DeAuth (code 7). STMAC: [FF:FF:FF:FF:FF:FF] [14| 8 ACKs]13:36:09  Sending 64 directed DeAuth (code 7). STMAC: [FF:FF:FF:FF:FF:FF] [14| 9 ACKs]13:36:09  Sending 64 directed DeAuth (code 7). STMAC: [FF:FF:FF:FF:FF:FF] [15| 9 ACKs]13:36:09  Sending 64 directed DeAuth (code 7). STMAC: [FF:FF:FF:FF:FF:FF] [16| 9 ACKs]13:36:09  Sending 64 directed DeAuth (code 7). STMAC: [FF:FF:FF:FF:FF:FF] [16|10 ACKs]13:36:09  Sending 64 directed DeAuth (code 7). STMAC: [FF:FF:FF:FF:FF:FF] [17|10 ACKs]13:36:09  Sending 64 directed DeAuth (code 7). STMAC: [FF:FF:FF:FF:FF:FF] [17|11 ACKs]13:36:09  Sending 64 directed DeAuth (code 7). STMAC: [FF:FF:FF:FF:FF:FF] [18|11 ACKs]13:36:09  Sending 64 directed DeAuth (code 7). STMAC: [FF:FF:FF:FF:FF:FF] [18|12 ACKs]13:36:09  Sending 64 directed DeAuth (code 7). STMAC: [FF:FF:FF:FF:FF:FF] [19|12 ACKs]13:36:09  Sending 64 directed DeAuth (code 7). STMAC: [FF:FF:FF:FF:FF:FF] [19|13 ACKs]13:36:09  Sending 64 directed DeAuth (code 7). STMAC: [FF:FF:FF:FF:FF:FF] [20|13 ACKs]13:36:09  Sending 64 directed DeAuth (code 7). STMAC: [FF:FF:FF:FF:FF:FF] [20|14 ACKs]13:36:09  Sending 64 directed DeAuth (code 7). STMAC: [FF:FF:FF:FF:FF:FF] [20|15 ACKs]13:36:09  Sending 64 directed DeAuth (code 7). STMAC: [FF:FF:FF:FF:FF:FF] [21|15 ACKs]13:36:09  Sending 64 directed DeAuth (code 7). STMAC: [FF:FF:FF:FF:FF:FF] [21|16 ACKs]13:36:09  Sending 64 directed DeAuth (code 7). STMAC: [FF:FF:FF:FF:FF:FF] [22|16 ACKs]13:36:09  Sending 64 directed DeAuth (code 7). STMAC: [FF:FF:FF:FF:FF:FF] [22|17 ACKs]13:36:09  Sending 64 directed DeAuth (code 7). STMAC: [FF:FF:FF:FF:FF:FF] [23|17 ACKs]13:36:09  Sending 64 directed DeAuth (code 7). STMAC: [FF:FF:FF:FF:FF:FF] [23|18 ACKs]13:36:09  Sending 64 directed DeAuth (code 7). STMAC: [FF:FF:FF:FF:FF:FF] [24|18 ACKs]13:36:09  Sending 64 directed DeAuth (code 7). STMAC: [FF:FF:FF:FF:FF:FF] [24|19 ACKs]13:36:09  Sending 64 directed DeAuth (code 7). STMAC: [FF:FF:FF:FF:FF:FF] [25|19 ACKs]13:36:09  Sending 64 directed DeAuth (code 7). STMAC: [FF:FF:FF:FF:FF:FF] [25|20 ACKs]13:36:09  Sending 64 directed DeAuth (code 7). STMAC: [FF:FF:FF:FF:FF:FF] [26|20 ACKs]13:36:09  Sending 64 directed DeAuth (code 7). STMAC: [FF:FF:FF:FF:FF:FF] [26|21 ACKs]13:36:09  Sending 64 directed DeAuth (code 7). STMAC: [FF:FF:FF:FF:FF:FF] [26|21 ACKs]13:36:09  Sending 64 directed DeAuth (code 7). STMAC: [FF:FF:FF:FF:FF:FF] [26|22 ACKs]13:36:09  Sending 64 directed DeAuth (code 7). STMAC: [FF:FF:FF:FF:FF:FF] [26|23 ACKs]13:36:09  Sending 64 directed DeAuth (code 7). STMAC: [FF:FF:FF:FF:FF:FF] [26|24 ACKs]13:36:09  Sending 64 directed DeAuth (code 7). STMAC: [FF:FF:FF:FF:FF:FF] [26|25 ACKs]13:36:09  Sending 64 directed DeAuth (code 7). STMAC: [FF:FF:FF:FF:FF:FF] [26|26 ACKs]13:36:09  Sending 64 directed DeAuth (code 7). STMAC: [FF:FF:FF:FF:FF:FF] [26|27 ACKs]13:36:09  Sending 64 directed DeAuth (code 7). STMAC: [FF:FF:FF:FF:FF:FF] [27|27 ACKs]13:36:09  Sending 64 directed DeAuth (code 7). STMAC: [FF:FF:FF:FF:FF:FF] [27|28 ACKs]13:36:09  Sending 64 directed DeAuth (code 7). STMAC: [FF:FF:FF:FF:FF:FF] [27|29 ACKs]13:36:09  Sending 64 directed DeAuth (code 7). STMAC: [FF:FF:FF:FF:FF:FF] [28|29 ACKs]13:36:09  Sending 64 directed DeAuth (code 7). STMAC: [FF:FF:FF:FF:FF:FF] [28|30 ACKs]13:36:09  Sending 64 directed DeAuth (code 7). STMAC: [FF:FF:FF:FF:FF:FF] [28|31 ACKs]13:36:09  Sending 64 directed DeAuth (code 7). STMAC: [FF:FF:FF:FF:FF:FF] [28|32 ACKs]13:36:09  Sending 64 directed DeAuth (code 7). STMAC: [FF:FF:FF:FF:FF:FF] [28|33 ACKs]13:36:09  Sending 64 directed DeAuth (code 7). STMAC: [FF:FF:FF:FF:FF:FF] [28|34 ACKs]13:36:09  Sending 64 directed DeAuth (code 7). STMAC: [FF:FF:FF:FF:FF:FF] [28|35 ACKs]13:36:09  Sending 64 directed DeAuth (code 7). STMAC: [FF:FF:FF:FF:FF:FF] [28|36 ACKs]13:36:09  Sending 64 directed DeAuth (code 7). STMAC: [FF:FF:FF:FF:FF:FF] [28|37 ACKs]13:36:09  Sending 64 directed DeAuth (code 7). STMAC: [FF:FF:FF:FF:FF:FF] [28|38 ACKs]13:36:09  Sending 64 directed DeAuth (code 7). STMAC: [FF:FF:FF:FF:FF:FF] [28|39 ACKs]13:36:09  Sending 64 directed DeAuth (code 7). STMAC: [FF:FF:FF:FF:FF:FF] [28|40 ACKs]13:36:09  Sending 64 directed DeAuth (code 7). STMAC: [FF:FF:FF:FF:FF:FF] [28|41 ACKs]13:36:09  Sending 64 directed DeAuth (code 7). STMAC: [FF:FF:FF:FF:FF:FF] [28|42 ACKs]13:36:09  Sending 64 directed DeAuth (code 7). STMAC: [FF:FF:FF:FF:FF:FF] [28|43 ACKs]13:36:09  Sending 64 directed DeAuth (code 7). STMAC: [FF:FF:FF:FF:FF:FF] [28|44 ACKs]13:36:09  Sending 64 directed DeAuth (code 7). STMAC: [FF:FF:FF:FF:FF:FF] [28|45 ACKs]13:36:09  Sending 64 directed DeAuth (code 7). STMAC: [FF:FF:FF:FF:FF:FF] [28|46 ACKs]13:36:09  Sending 64 directed DeAuth (code 7). STMAC: [FF:FF:FF:FF:FF:FF] [28|47 ACKs]13:36:09  Sending 64 directed DeAuth (code 7). STMAC: [FF:FF:FF:FF:FF:FF] [28|48 ACKs]13:36:09  Sending 64 directed DeAuth (code 7). STMAC: [FF:FF:FF:FF:FF:FF] [28|49 ACKs]13:36:09  Sending 64 directed DeAuth (code 7). STMAC: [FF:FF:FF:FF:FF:FF] [28|50 ACKs]13:36:09  Sending 64 directed DeAuth (code 7). STMAC: [FF:FF:FF:FF:FF:FF] [28|51 ACKs]13:36:09  Sending 64 directed DeAuth (code 7). STMAC: [FF:FF:FF:FF:FF:FF] [28|52 ACKs]13:36:09  Sending 64 directed DeAuth (code 7). STMAC: [FF:FF:FF:FF:FF:FF] [28|53 ACKs]13:36:09  Sending 64 directed DeAuth (code 7). STMAC: [FF:FF:FF:FF:FF:FF] [28|54 ACKs]13:36:09  Sending 64 directed DeAuth (code 7). STMAC: [FF:FF:FF:FF:FF:FF] [28|55 ACKs]13:36:09  Sending 64 directed DeAuth (code 7). STMAC: [FF:FF:FF:FF:FF:FF] [28|56 ACKs]13:36:09  Sending 64 directed DeAuth (code 7). STMAC: [FF:FF:FF:FF:FF:FF] [28|57 ACKs]13:36:09  Sending 64 directed DeAuth (code 7). STMAC: [FF:FF:FF:FF:FF:FF] [28|58 ACKs]13:36:09  Sending 64 directed DeAuth (code 7). STMAC: [FF:FF:FF:FF:FF:FF] [28|59 ACKs]13:36:09  Sending 64 directed DeAuth (code 7). STMAC: [FF:FF:FF:FF:FF:FF] [28|60 ACKs]13:36:09  Sending 64 directed DeAuth (code 7). STMAC: [FF:FF:FF:FF:FF:FF] [28|61 ACKs]13:36:09  Sending 64 directed DeAuth (code 7). STMAC: [FF:FF:FF:FF:FF:FF] [28|62 ACKs]13:36:09  Sending 64 directed DeAuth (code 7). STMAC: [FF:FF:FF:FF:FF:FF] [28|63 ACKs]13:36:09  Sending 64 directed DeAuth (code 7). STMAC: [FF:FF:FF:FF:FF:FF] [29|63 ACKs]13:36:09  Sending 64 directed DeAuth (code 7). STMAC: [FF:FF:FF:FF:FF:FF] [29|63 ACKs]13:36:09  Sending 64 directed DeAuth (code 7). STMAC: [FF:FF:FF:FF:FF:FF] [30|63 ACKs]13:36:09  Sending 64 directed DeAuth (code 7). STMAC: [FF:FF:FF:FF:FF:FF] [30|64 ACKs]
13:36:09  Sending 64 directed DeAuth (code 7). STMAC: [FF:FF:FF:FF:FF:FF] [ 0| 0 ACKs]13:36:09  Sending 64 directed DeAuth (code 7). STMAC: [FF:FF:FF:FF:FF:FF] [ 0| 0 ACKs]13:36:09  Sending 64 directed DeAuth (code 7). STMAC: [FF:FF:FF:FF:FF:FF] [ 0| 1 ACKs]13:36:09  Sending 64 directed DeAuth (code 7). STMAC: [FF:FF:FF:FF:FF:FF] [ 0| 2 ACKs]13:36:09  Sending 64 directed DeAuth (code 7). STMAC: [FF:FF:FF:FF:FF:FF] [ 0| 3 ACKs]13:36:09  Sending 64 directed DeAuth (code 7). STMAC: [FF:FF:FF:FF:FF:FF] [ 0| 4 ACKs]13:36:09  Sending 64 directed DeAuth (code 7). STMAC: [FF:FF:FF:FF:FF:FF] [ 0| 5 ACKs]13:36:09  Sending 64 directed DeAuth (code 7). STMAC: [FF:FF:FF:FF:FF:FF] [ 0| 6 ACKs]13:36:09  Sending 64 directed DeAuth (code 7). STMAC: [FF:FF:FF:FF:FF:FF] [ 0| 7 ACKs]13:36:10  Sending 64 directed DeAuth (code 7). STMAC: [FF:FF:FF:FF:FF:FF] [ 0| 8 ACKs]13:36:10  Sending 64 directed DeAuth (code 7). STMAC: [FF:FF:FF:FF:FF:FF] [ 0| 9 ACKs]13:36:10  Sending 64 directed DeAuth (code 7). STMAC: [FF:FF:FF:FF:FF:FF] [ 0|10 ACKs]13:36:10  Sending 64 directed DeAuth (code 7). STMAC: [FF:FF:FF:FF:FF:FF] [ 0|11 ACKs]13:36:10  Sending 64 directed DeAuth (code 7). STMAC: [FF:FF:FF:FF:FF:FF] [ 0|12 ACKs]13:36:10  Sending 64 directed DeAuth (code 7). STMAC: [FF:FF:FF:FF:FF:FF] [ 0|13 ACKs]13:36:10  Sending 64 directed DeAuth (code 7). STMAC: [FF:FF:FF:FF:FF:FF] [ 0|14 ACKs]13:36:10  Sending 64 directed DeAuth (code 7). STMAC: [FF:FF:FF:FF:FF:FF] [ 0|15 ACKs]13:36:10  Sending 64 directed DeAuth (code 7). STMAC: [FF:FF:FF:FF:FF:FF] [ 0|16 ACKs]13:36:10  Sending 64 directed DeAuth (code 7). STMAC: [FF:FF:FF:FF:FF:FF] [ 0|17 ACKs]13:36:10  Sending 64 directed DeAuth (code 7). STMAC: [FF:FF:FF:FF:FF:FF] [ 0|18 ACKs]13:36:10  Sending 64 directed DeAuth (code 7). STMAC: [FF:FF:FF:FF:FF:FF] [ 0|19 ACKs]13:36:10  Sending 64 directed DeAuth (code 7). STMAC: [FF:FF:FF:FF:FF:FF] [ 0|20 ACKs]13:36:10  Sending 64 directed DeAuth (code 7). STMAC: [FF:FF:FF:FF:FF:FF] [ 1|20 ACKs]13:36:10  Sending 64 directed DeAuth (code 7). STMAC: [FF:FF:FF:FF:FF:FF] [ 1|21 ACKs]13:36:10  Sending 64 directed DeAuth (code 7). STMAC: [FF:FF:FF:FF:FF:FF] [ 1|22 ACKs]13:36:10  Sending 64 directed DeAuth (code 7). STMAC: [FF:FF:FF:FF:FF:FF] [ 1|23 ACKs]13:36:10  Sending 64 directed DeAuth (code 7). STMAC: [FF:FF:FF:FF:FF:FF] [ 1|24 ACKs]13:36:10  Sending 64 directed DeAuth (code 7). STMAC: [FF:FF:FF:FF:FF:FF] [ 1|25 ACKs]13:36:10  Sending 64 directed DeAuth (code 7). STMAC: [FF:FF:FF:FF:FF:FF] [ 1|26 ACKs]13:36:10  Sending 64 directed DeAuth (code 7). STMAC: [FF:FF:FF:FF:FF:FF] [ 1|27 ACKs]13:36:10  Sending 64 directed DeAuth (code 7). STMAC: [FF:FF:FF:FF:FF:FF] [ 1|28 ACKs]13:36:10  Sending 64 directed DeAuth (code 7). STMAC: [FF:FF:FF:FF:FF:FF] [ 1|29 ACKs]13:36:10  Sending 64 directed DeAuth (code 7). STMAC: [FF:FF:FF:FF:FF:FF] [ 1|30 ACKs]13:36:10  Sending 64 directed DeAuth (code 7). STMAC: [FF:FF:FF:FF:FF:FF] [ 1|31 ACKs]13:36:10  Sending 64 directed DeAuth (code 7). STMAC: [FF:FF:FF:FF:FF:FF] [ 1|32 ACKs]13:36:10  Sending 64 directed DeAuth (code 7). STMAC: [FF:FF:FF:FF:FF:FF] [ 1|33 ACKs]13:36:10  Sending 64 directed DeAuth (code 7). STMAC: [FF:FF:FF:FF:FF:FF] [ 1|34 ACKs]13:36:10  Sending 64 directed DeAuth (code 7). STMAC: [FF:FF:FF:FF:FF:FF] [ 1|35 ACKs]13:36:10  Sending 64 directed DeAuth (code 7). STMAC: [FF:FF:FF:FF:FF:FF] [ 1|36 ACKs]13:36:10  Sending 64 directed DeAuth (code 7). STMAC: [FF:FF:FF:FF:FF:FF] [ 1|37 ACKs]13:36:10  Sending 64 directed DeAuth (code 7). STMAC: [FF:FF:FF:FF:FF:FF] [ 1|38 ACKs]13:36:10  Sending 64 directed DeAuth (code 7). STMAC: [FF:FF:FF:FF:FF:FF] [ 1|39 ACKs]13:36:10  Sending 64 directed DeAuth (code 7). STMAC: [FF:FF:FF:FF:FF:FF] [ 1|40 ACKs]13:36:10  Sending 64 directed DeAuth (code 7). STMAC: [FF:FF:FF:FF:FF:FF] [ 1|41 ACKs]13:36:10  Sending 64 directed DeAuth (code 7). STMAC: [FF:FF:FF:FF:FF:FF] [ 1|42 ACKs]13:36:10  Sending 64 directed DeAuth (code 7). STMAC: [FF:FF:FF:FF:FF:FF] [ 1|43 ACKs]13:36:10  Sending 64 directed DeAuth (code 7). STMAC: [FF:FF:FF:FF:FF:FF] [ 1|44 ACKs]13:36:10  Sending 64 directed DeAuth (code 7). STMAC: [FF:FF:FF:FF:FF:FF] [ 1|45 ACKs]13:36:10  Sending 64 directed DeAuth (code 7). STMAC: [FF:FF:FF:FF:FF:FF] [ 1|46 ACKs]13:36:10  Sending 64 directed DeAuth (code 7). STMAC: [FF:FF:FF:FF:FF:FF] [ 1|47 ACKs]13:36:10  Sending 64 directed DeAuth (code 7). STMAC: [FF:FF:FF:FF:FF:FF] [ 1|48 ACKs]13:36:10  Sending 64 directed DeAuth (code 7). STMAC: [FF:FF:FF:FF:FF:FF] [ 1|49 ACKs]13:36:10  Sending 64 directed DeAuth (code 7). STMAC: [FF:FF:FF:FF:FF:FF] [ 1|50 ACKs]13:36:10  Sending 64 directed DeAuth (code 7). STMAC: [FF:FF:FF:FF:FF:FF] [ 1|51 ACKs]13:36:10  Sending 64 directed DeAuth (code 7). STMAC: [FF:FF:FF:FF:FF:FF] [ 1|52 ACKs]13:36:10  Sending 64 directed DeAuth (code 7). STMAC: [FF:FF:FF:FF:FF:FF] [ 1|53 ACKs]13:36:10  Sending 64 directed DeAuth (code 7). STMAC: [FF:FF:FF:FF:FF:FF] [ 1|54 ACKs]13:36:10  Sending 64 directed DeAuth (code 7). STMAC: [FF:FF:FF:FF:FF:FF] [ 1|55 ACKs]13:36:10  Sending 64 directed DeAuth (code 7). STMAC: [FF:FF:FF:FF:FF:FF] [ 1|56 ACKs]13:36:10  Sending 64 directed DeAuth (code 7). STMAC: [FF:FF:FF:FF:FF:FF] [ 1|57 ACKs]13:36:10  Sending 64 directed DeAuth (code 7). STMAC: [FF:FF:FF:FF:FF:FF] [ 1|58 ACKs]13:36:10  Sending 64 directed DeAuth (code 7). STMAC: [FF:FF:FF:FF:FF:FF] [ 1|59 ACKs]13:36:10  Sending 64 directed DeAuth (code 7). STMAC: [FF:FF:FF:FF:FF:FF] [ 1|60 ACKs]13:36:10  Sending 64 directed DeAuth (code 7). STMAC: [FF:FF:FF:FF:FF:FF] [ 1|61 ACKs]13:36:10  Sending 64 directed DeAuth (code 7). STMAC: [FF:FF:FF:FF:FF:FF] [ 1|62 ACKs]13:36:10  Sending 64 directed DeAuth (code 7). STMAC: [FF:FF:FF:FF:FF:FF] [ 1|63 ACKs]13:36:10  Sending 64 directed DeAuth (code 7). STMAC: [FF:FF:FF:FF:FF:FF] [ 1|64 ACKs]
13:36:10  Sending 64 directed DeAuth (code 7). STMAC: [FF:FF:FF:FF:FF:FF] [ 0| 0 ACKs]13:36:10  Sending 64 directed DeAuth (code 7). STMAC: [FF:FF:FF:FF:FF:FF] [ 0| 1 ACKs]13:36:10  Sending 64 directed DeAuth (code 7). STMAC: [FF:FF:FF:FF:FF:FF] [ 0| 2 ACKs]13:36:10  Sending 64 directed DeAuth (code 7). STMAC: [FF:FF:FF:FF:FF:FF] [ 0| 3 ACKs]13:36:10  Sending 64 directed DeAuth (code 7). STMAC: [FF:FF:FF:FF:FF:FF] [ 0| 4 ACKs]13:36:10  Sending 64 directed DeAuth (code 7). STMAC: [FF:FF:FF:FF:FF:FF] [ 0| 5 ACKs]13:36:10  Sending 64 directed DeAuth (code 7). STMAC: [FF:FF:FF:FF:FF:FF] [ 0| 6 ACKs]13:36:10  Sending 64 directed DeAuth (code 7). STMAC: [FF:FF:FF:FF:FF:FF] [ 0| 7 ACKs]13:36:10  Sending 64 directed DeAuth (code 7). STMAC: [FF:FF:FF:FF:FF:FF] [ 0| 8 ACKs]13:36:10  Sending 64 directed DeAuth (code 7). STMAC: [FF:FF:FF:FF:FF:FF] [ 0| 9 ACKs]13:36:10  Sending 64 directed DeAuth (code 7). STMAC: [FF:FF:FF:FF:FF:FF] [ 0|10 ACKs]13:36:10  Sending 64 directed DeAuth (code 7). STMAC: [FF:FF:FF:FF:FF:FF] [ 0|11 ACKs]13:36:10  Sending 64 directed DeAuth (code 7). STMAC: [FF:FF:FF:FF:FF:FF] [ 0|12 ACKs]13:36:10  Sending 64 directed DeAuth (code 7). STMAC: [FF:FF:FF:FF:FF:FF] [ 0|13 ACKs]13:36:10  Sending 64 directed DeAuth (code 7). STMAC: [FF:FF:FF:FF:FF:FF] [ 0|14 ACKs]13:36:10  Sending 64 directed DeAuth (code 7). STMAC: [FF:FF:FF:FF:FF:FF] [ 0|15 ACKs]13:36:10  Sending 64 directed DeAuth (code 7). STMAC: [FF:FF:FF:FF:FF:FF] [ 0|16 ACKs]13:36:10  Sending 64 directed DeAuth (code 7). STMAC: [FF:FF:FF:FF:FF:FF] [ 0|17 ACKs]13:36:10  Sending 64 directed DeAuth (code 7). STMAC: [FF:FF:FF:FF:FF:FF] [ 0|18 ACKs]13:36:10  Sending 64 directed DeAuth (code 7). STMAC: [FF:FF:FF:FF:FF:FF] [ 0|19 ACKs]13:36:10  Sending 64 directed DeAuth (code 7). STMAC: [FF:FF:FF:FF:FF:FF] [ 0|20 ACKs]13:36:10  Sending 64 directed DeAuth (code 7). STMAC: [FF:FF:FF:FF:FF:FF] [ 0|21 ACKs]13:36:10  Sending 64 directed DeAuth (code 7). STMAC: [FF:FF:FF:FF:FF:FF] [ 0|22 ACKs]13:36:10  Sending 64 directed DeAuth (code 7). STMAC: [FF:FF:FF:FF:FF:FF] [ 0|23 ACKs]13:36:10  Sending 64 directed DeAuth (code 7). STMAC: [FF:FF:FF:FF:FF:FF] [ 0|24 ACKs]13:36:10  Sending 64 directed DeAuth (code 7). STMAC: [FF:FF:FF:FF:FF:FF] [ 0|25 ACKs]13:36:10  Sending 64 directed DeAuth (code 7). STMAC: [FF:FF:FF:FF:FF:FF] [ 0|26 ACKs]13:36:10  Sending 64 directed DeAuth (code 7). STMAC: [FF:FF:FF:FF:FF:FF] [ 0|27 ACKs]13:36:10  Sending 64 directed DeAuth (code 7). STMAC: [FF:FF:FF:FF:FF:FF] [ 0|28 ACKs]13:36:10  Sending 64 directed DeAuth (code 7). STMAC: [FF:FF:FF:FF:FF:FF] [ 1|28 ACKs]13:36:10  Sending 64 directed DeAuth (code 7). STMAC: [FF:FF:FF:FF:FF:FF] [ 1|29 ACKs]13:36:10  Sending 64 directed DeAuth (code 7). STMAC: [FF:FF:FF:FF:FF:FF] [ 1|30 ACKs]13:36:10  Sending 64 directed DeAuth (code 7). STMAC: [FF:FF:FF:FF:FF:FF] [ 1|31 ACKs]13:36:10  Sending 64 directed DeAuth (code 7). STMAC: [FF:FF:FF:FF:FF:FF] [ 1|32 ACKs]13:36:10  Sending 64 directed DeAuth (code 7). STMAC: [FF:FF:FF:FF:FF:FF] [ 1|33 ACKs]13:36:10  Sending 64 directed DeAuth (code 7). STMAC: [FF:FF:FF:FF:FF:FF] [ 1|34 ACKs]13:36:10  Sending 64 directed DeAuth (code 7). STMAC: [FF:FF:FF:FF:FF:FF] [ 1|35 ACKs]13:36:10  Sending 64 directed DeAuth (code 7). STMAC: [FF:FF:FF:FF:FF:FF] [ 1|36 ACKs]13:36:10  Sending 64 directed DeAuth (code 7). STMAC: [FF:FF:FF:FF:FF:FF] [ 1|37 ACKs]13:36:10  Sending 64 directed DeAuth (code 7). STMAC: [FF:FF:FF:FF:FF:FF] [ 1|38 ACKs]13:36:10  Sending 64 directed DeAuth (code 7). STMAC: [FF:FF:FF:FF:FF:FF] [ 1|39 ACKs]13:36:10  Sending 64 directed DeAuth (code 7). STMAC: [FF:FF:FF:FF:FF:FF] [ 1|40 ACKs]13:36:10  Sending 64 directed DeAuth (code 7). STMAC: [FF:FF:FF:FF:FF:FF] [ 1|41 ACKs]13:36:10  Sending 64 directed DeAuth (code 7). STMAC: [FF:FF:FF:FF:FF:FF] [ 1|42 ACKs]13:36:10  Sending 64 directed DeAuth (code 7). STMAC: [FF:FF:FF:FF:FF:FF] [ 1|43 ACKs]13:36:10  Sending 64 directed DeAuth (code 7). STMAC: [FF:FF:FF:FF:FF:FF] [ 1|44 ACKs]13:36:10  Sending 64 directed DeAuth (code 7). STMAC: [FF:FF:FF:FF:FF:FF] [ 1|45 ACKs]13:36:10  Sending 64 directed DeAuth (code 7). STMAC: [FF:FF:FF:FF:FF:FF] [ 1|46 ACKs]13:36:10  Sending 64 directed DeAuth (code 7). STMAC: [FF:FF:FF:FF:FF:FF] [ 1|47 ACKs]13:36:10  Sending 64 directed DeAuth (code 7). STMAC: [FF:FF:FF:FF:FF:FF] [ 1|48 ACKs]13:36:10  Sending 64 directed DeAuth (code 7). STMAC: [FF:FF:FF:FF:FF:FF] [ 1|49 ACKs]13:36:10  Sending 64 directed DeAuth (code 7). STMAC: [FF:FF:FF:FF:FF:FF] [ 1|50 ACKs]13:36:10  Sending 64 directed DeAuth (code 7). STMAC: [FF:FF:FF:FF:FF:FF] [ 1|51 ACKs]13:36:10  Sending 64 directed DeAuth (code 7). STMAC: [FF:FF:FF:FF:FF:FF] [ 1|52 ACKs]13:36:10  Sending 64 directed DeAuth (code 7). STMAC: [FF:FF:FF:FF:FF:FF] [ 1|53 ACKs]13:36:10  Sending 64 directed DeAuth (code 7). STMAC: [FF:FF:FF:FF:FF:FF] [ 1|54 ACKs]13:36:10  Sending 64 directed DeAuth (code 7). STMAC: [FF:FF:FF:FF:FF:FF] [ 1|55 ACKs]13:36:10  Sending 64 directed DeAuth (code 7). STMAC: [FF:FF:FF:FF:FF:FF] [ 1|56 ACKs]13:36:10  Sending 64 directed DeAuth (code 7). STMAC: [FF:FF:FF:FF:FF:FF] [ 1|57 ACKs]13:36:10  Sending 64 directed DeAuth (code 7). STMAC: [FF:FF:FF:FF:FF:FF] [ 1|58 ACKs]13:36:10  Sending 64 directed DeAuth (code 7). STMAC: [FF:FF:FF:FF:FF:FF] [ 1|59 ACKs]13:36:10  Sending 64 directed DeAuth (code 7). STMAC: [FF:FF:FF:FF:FF:FF] [ 1|60 ACKs]13:36:10  Sending 64 directed DeAuth (code 7). STMAC: [FF:FF:FF:FF:FF:FF] [ 1|61 ACKs]13:36:10  Sending 64 directed DeAuth (code 7). STMAC: [FF:FF:FF:FF:FF:FF] [ 1|62 ACKs]13:36:10  Sending 64 directed DeAuth (code 7). STMAC: [FF:FF:FF:FF:FF:FF] [ 1|63 ACKs]13:36:10  Sending 64 directed DeAuth (code 7). STMAC: [FF:FF:FF:FF:FF:FF] [ 1|64 ACKs]
13:36:11  Sending 64 directed DeAuth (code 7). STMAC: [FF:FF:FF:FF:FF:FF] [ 0| 0 ACKs]13:36:11  Sending 64 directed DeAuth (code 7). STMAC: [FF:FF:FF:FF:FF:FF] [ 0| 1 ACKs]13:36:11  Sending 64 directed DeAuth (code 7). STMAC: [FF:FF:FF:FF:FF:FF] [ 0| 2 ACKs]13:36:11  Sending 64 directed DeAuth (code 7). STMAC: [FF:FF:FF:FF:FF:FF] [ 0| 3 ACKs]13:36:11  Sending 64 directed DeAuth (code 7). STMAC: [FF:FF:FF:FF:FF:FF] [ 0| 4 ACKs]13:36:11  Sending 64 directed DeAuth (code 7). STMAC: [FF:FF:FF:FF:FF:FF] [ 0| 5 ACKs]13:36:11  Sending 64 directed DeAuth (code 7). STMAC: [FF:FF:FF:FF:FF:FF] [ 0| 6 ACKs]13:36:11  Sending 64 directed DeAuth (code 7). STMAC: [FF:FF:FF:FF:FF:FF] [ 0| 7 ACKs]13:36:11  Sending 64 directed DeAuth (code 7). STMAC: [FF:FF:FF:FF:FF:FF] [ 0| 8 ACKs]13:36:11  Sending 64 directed DeAuth (code 7). STMAC: [FF:FF:FF:FF:FF:FF] [ 0| 9 ACKs]13:36:11  Sending 64 directed DeAuth (code 7). STMAC: [FF:FF:FF:FF:FF:FF] [ 0|10 ACKs]13:36:11  Sending 64 directed DeAuth (code 7). STMAC: [FF:FF:FF:FF:FF:FF] [ 0|11 ACKs]13:36:11  Sending 64 directed DeAuth (code 7). STMAC: [FF:FF:FF:FF:FF:FF] [ 0|12 ACKs]13:36:11  Sending 64 directed DeAuth (code 7). STMAC: [FF:FF:FF:FF:FF:FF] [ 0|13 ACKs]13:36:11  Sending 64 directed DeAuth (code 7). STMAC: [FF:FF:FF:FF:FF:FF] [ 0|14 ACKs]13:36:11  Sending 64 directed DeAuth (code 7). STMAC: [FF:FF:FF:FF:FF:FF] [ 0|15 ACKs]13:36:11  Sending 64 directed DeAuth (code 7). STMAC: [FF:FF:FF:FF:FF:FF] [ 0|16 ACKs]13:36:11  Sending 64 directed DeAuth (code 7). STMAC: [FF:FF:FF:FF:FF:FF] [ 0|17 ACKs]13:36:11  Sending 64 directed DeAuth (code 7). STMAC: [FF:FF:FF:FF:FF:FF] [ 0|18 ACKs]13:36:11  Sending 64 directed DeAuth (code 7). STMAC: [FF:FF:FF:FF:FF:FF] [ 0|19 ACKs]13:36:11  Sending 64 directed DeAuth (code 7). STMAC: [FF:FF:FF:FF:FF:FF] [ 0|20 ACKs]13:36:11  Sending 64 directed DeAuth (code 7). STMAC: [FF:FF:FF:FF:FF:FF] [ 0|21 ACKs]13:36:11  Sending 64 directed DeAuth (code 7). STMAC: [FF:FF:FF:FF:FF:FF] [ 0|22 ACKs]13:36:11  Sending 64 directed DeAuth (code 7). STMAC: [FF:FF:FF:FF:FF:FF] [ 0|23 ACKs]13:36:11  Sending 64 directed DeAuth (code 7). STMAC: [FF:FF:FF:FF:FF:FF] [ 0|24 ACKs]13:36:11  Sending 64 directed DeAuth (code 7). STMAC: [FF:FF:FF:FF:FF:FF] [ 0|25 ACKs]13:36:11  Sending 64 directed DeAuth (code 7). STMAC: [FF:FF:FF:FF:FF:FF] [ 0|26 ACKs]13:36:11  Sending 64 directed DeAuth (code 7). STMAC: [FF:FF:FF:FF:FF:FF] [ 0|27 ACKs]13:36:11  Sending 64 directed DeAuth (code 7). STMAC: [FF:FF:FF:FF:FF:FF] [ 0|28 ACKs]13:36:11  Sending 64 directed DeAuth (code 7). STMAC: [FF:FF:FF:FF:FF:FF] [ 0|29 ACKs]13:36:11  Sending 64 directed DeAuth (code 7). STMAC: [FF:FF:FF:FF:FF:FF] [ 0|30 ACKs]13:36:11  Sending 64 directed DeAuth (code 7). STMAC: [FF:FF:FF:FF:FF:FF] [ 0|31 ACKs]13:36:11  Sending 64 directed DeAuth (code 7). STMAC: [FF:FF:FF:FF:FF:FF] [ 0|32 ACKs]13:36:11  Sending 64 directed DeAuth (code 7). STMAC: [FF:FF:FF:FF:FF:FF] [ 0|33 ACKs]13:36:11  Sending 64 directed DeAuth (code 7). STMAC: [FF:FF:FF:FF:FF:FF] [ 0|34 ACKs]13:36:11  Sending 64 directed DeAuth (code 7). STMAC: [FF:FF:FF:FF:FF:FF] [ 0|35 ACKs]13:36:11  Sending 64 directed DeAuth (code 7). STMAC: [FF:FF:FF:FF:FF:FF] [ 0|36 ACKs]13:36:11  Sending 64 directed DeAuth (code 7). STMAC: [FF:FF:FF:FF:FF:FF] [ 1|36 ACKs]13:36:11  Sending 64 directed DeAuth (code 7). STMAC: [FF:FF:FF:FF:FF:FF] [ 1|37 ACKs]13:36:11  Sending 64 directed DeAuth (code 7). STMAC: [FF:FF:FF:FF:FF:FF] [ 2|37 ACKs]13:36:11  Sending 64 directed DeAuth (code 7). STMAC: [FF:FF:FF:FF:FF:FF] [ 2|38 ACKs]13:36:11  Sending 64 directed DeAuth (code 7). STMAC: [FF:FF:FF:FF:FF:FF] [ 3|38 ACKs]13:36:11  Sending 64 directed DeAuth (code 7). STMAC: [FF:FF:FF:FF:FF:FF] [ 3|39 ACKs]13:36:11  Sending 64 directed DeAuth (code 7). STMAC: [FF:FF:FF:FF:FF:FF] [ 4|39 ACKs]13:36:11  Sending 64 directed DeAuth (code 7). STMAC: [FF:FF:FF:FF:FF:FF] [ 4|40 ACKs]13:36:11  Sending 64 directed DeAuth (code 7). STMAC: [FF:FF:FF:FF:FF:FF] [ 5|40 ACKs]13:36:11  Sending 64 directed DeAuth (code 7). STMAC: [FF:FF:FF:FF:FF:FF] [ 5|41 ACKs]13:36:11  Sending 64 directed DeAuth (code 7). STMAC: [FF:FF:FF:FF:FF:FF] [ 5|42 ACKs]13:36:11  Sending 64 directed DeAuth (code 7). STMAC: [FF:FF:FF:FF:FF:FF] [ 6|42 ACKs]13:36:11  Sending 64 directed DeAuth (code 7). STMAC: [FF:FF:FF:FF:FF:FF] [ 6|43 ACKs]13:36:11  Sending 64 directed DeAuth (code 7). STMAC: [FF:FF:FF:FF:FF:FF] [ 7|43 ACKs]13:36:11  Sending 64 directed DeAuth (code 7). STMAC: [FF:FF:FF:FF:FF:FF] [ 7|44 ACKs]13:36:11  Sending 64 directed DeAuth (code 7). STMAC: [FF:FF:FF:FF:FF:FF] [ 8|44 ACKs]13:36:11  Sending 64 directed DeAuth (code 7). STMAC: [FF:FF:FF:FF:FF:FF] [ 8|45 ACKs]13:36:11  Sending 64 directed DeAuth (code 7). STMAC: [FF:FF:FF:FF:FF:FF] [ 9|45 ACKs]13:36:11  Sending 64 directed DeAuth (code 7). STMAC: [FF:FF:FF:FF:FF:FF] [ 9|46 ACKs]13:36:11  Sending 64 directed DeAuth (code 7). STMAC: [FF:FF:FF:FF:FF:FF] [ 9|47 ACKs]13:36:11  Sending 64 directed DeAuth (code 7). STMAC: [FF:FF:FF:FF:FF:FF] [ 9|48 ACKs]13:36:11  Sending 64 directed DeAuth (code 7). STMAC: [FF:FF:FF:FF:FF:FF] [10|48 ACKs]13:36:11  Sending 64 directed DeAuth (code 7). STMAC: [FF:FF:FF:FF:FF:FF] [10|49 ACKs]13:36:11  Sending 64 directed DeAuth (code 7). STMAC: [FF:FF:FF:FF:FF:FF] [11|49 ACKs]13:36:11  Sending 64 directed DeAuth (code 7). STMAC: [FF:FF:FF:FF:FF:FF] [11|50 ACKs]13:36:11  Sending 64 directed DeAuth (code 7). STMAC: [FF:FF:FF:FF:FF:FF] [12|50 ACKs]13:36:11  Sending 64 directed DeAuth (code 7). STMAC: [FF:FF:FF:FF:FF:FF] [12|51 ACKs]13:36:11  Sending 64 directed DeAuth (code 7). STMAC: [FF:FF:FF:FF:FF:FF] [13|51 ACKs]13:36:11  Sending 64 directed DeAuth (code 7). STMAC: [FF:FF:FF:FF:FF:FF] [13|52 ACKs]13:36:11  Sending 64 directed DeAuth (code 7). STMAC: [FF:FF:FF:FF:FF:FF] [13|53 ACKs]13:36:11  Sending 64 directed DeAuth (code 7). STMAC: [FF:FF:FF:FF:FF:FF] [13|54 ACKs]13:36:11  Sending 64 directed DeAuth (code 7). STMAC: [FF:FF:FF:FF:FF:FF] [13|55 ACKs]13:36:11  Sending 64 directed DeAuth (code 7). STMAC: [FF:FF:FF:FF:FF:FF] [13|56 ACKs]13:36:11  Sending 64 directed DeAuth (code 7). STMAC: [FF:FF:FF:FF:FF:FF] [13|57 ACKs]13:36:11  Sending 64 directed DeAuth (code 7). STMAC: [FF:FF:FF:FF:FF:FF] [13|58 ACKs]13:36:11  Sending 64 directed DeAuth (code 7). STMAC: [FF:FF:FF:FF:FF:FF] [13|59 ACKs]13:36:11  Sending 64 directed DeAuth (code 7). STMAC: [FF:FF:FF:FF:FF:FF] [13|60 ACKs]13:36:11  Sending 64 directed DeAuth (code 7). STMAC: [FF:FF:FF:FF:FF:FF] [13|61 ACKs]13:36:11  Sending 64 directed DeAuth (code 7). STMAC: [FF:FF:FF:FF:FF:FF] [13|62 ACKs]13:36:11  Sending 64 directed DeAuth (code 7). STMAC: [FF:FF:FF:FF:FF:FF] [13|63 ACKs]13:36:11  Sending 64 directed DeAuth (code 7). STMAC: [FF:FF:FF:FF:FF:FF] [13|64 ACKs]
13:36:11  Sending 64 directed DeAuth (code 7). STMAC: [FF:FF:FF:FF:FF:FF] [ 0| 0 ACKs]13:36:11  Sending 64 directed DeAuth (code 7). STMAC: [FF:FF:FF:FF:FF:FF] [ 0| 0 ACKs]13:36:11  Sending 64 directed DeAuth (code 7). STMAC: [FF:FF:FF:FF:FF:FF] [ 1| 0 ACKs]13:36:11  Sending 64 directed DeAuth (code 7). STMAC: [FF:FF:FF:FF:FF:FF] [ 1| 1 ACKs]13:36:11  Sending 64 directed DeAuth (code 7). STMAC: [FF:FF:FF:FF:FF:FF] [ 2| 1 ACKs]13:36:11  Sending 64 directed DeAuth (code 7). STMAC: [FF:FF:FF:FF:FF:FF] [ 2| 2 ACKs]13:36:11  Sending 64 directed DeAuth (code 7). STMAC: [FF:FF:FF:FF:FF:FF] [ 2| 3 ACKs]13:36:11  Sending 64 directed DeAuth (code 7). STMAC: [FF:FF:FF:FF:FF:FF] [ 3| 3 ACKs]13:36:11  Sending 64 directed DeAuth (code 7). STMAC: [FF:FF:FF:FF:FF:FF] [ 3| 4 ACKs]13:36:11  Sending 64 directed DeAuth (code 7). STMAC: [FF:FF:FF:FF:FF:FF] [ 4| 4 ACKs]13:36:11  Sending 64 directed DeAuth (code 7). STMAC: [FF:FF:FF:FF:FF:FF] [ 4| 5 ACKs]13:36:11  Sending 64 directed DeAuth (code 7). STMAC: [FF:FF:FF:FF:FF:FF] [ 5| 5 ACKs]13:36:11  Sending 64 directed DeAuth (code 7). STMAC: [FF:FF:FF:FF:FF:FF] [ 5| 6 ACKs]13:36:11  Sending 64 directed DeAuth (code 7). STMAC: [FF:FF:FF:FF:FF:FF] [ 6| 6 ACKs]13:36:11  Sending 64 directed DeAuth (code 7). STMAC: [FF:FF:FF:FF:FF:FF] [ 6| 7 ACKs]13:36:11  Sending 64 directed DeAuth (code 7). STMAC: [FF:FF:FF:FF:FF:FF] [ 7| 7 ACKs]13:36:11  Sending 64 directed DeAuth (code 7). STMAC: [FF:FF:FF:FF:FF:FF] [ 7| 8 ACKs]13:36:11  Sending 64 directed DeAuth (code 7). STMAC: [FF:FF:FF:FF:FF:FF] [ 8| 8 ACKs]13:36:11  Sending 64 directed DeAuth (code 7). STMAC: [FF:FF:FF:FF:FF:FF] [ 8| 9 ACKs]13:36:11  Sending 64 directed DeAuth (code 7). STMAC: [FF:FF:FF:FF:FF:FF] [ 8|10 ACKs]13:36:11  Sending 64 directed DeAuth (code 7). STMAC: [FF:FF:FF:FF:FF:FF] [ 9|10 ACKs]13:36:11  Sending 64 directed DeAuth (code 7). STMAC: [FF:FF:FF:FF:FF:FF] [ 9|11 ACKs]13:36:11  Sending 64 directed DeAuth (code 7). STMAC: [FF:FF:FF:FF:FF:FF] [10|11 ACKs]13:36:11  Sending 64 directed DeAuth (code 7). STMAC: [FF:FF:FF:FF:FF:FF] [10|12 ACKs]13:36:11  Sending 64 directed DeAuth (code 7). STMAC: [FF:FF:FF:FF:FF:FF] [11|12 ACKs]13:36:11  Sending 64 directed DeAuth (code 7). STMAC: [FF:FF:FF:FF:FF:FF] [11|13 ACKs]13:36:11  Sending 64 directed DeAuth (code 7). STMAC: [FF:FF:FF:FF:FF:FF] [12|13 ACKs]13:36:11  Sending 64 directed DeAuth (code 7). STMAC: [FF:FF:FF:FF:FF:FF] [12|14 ACKs]13:36:11  Sending 64 directed DeAuth (code 7). STMAC: [FF:FF:FF:FF:FF:FF] [13|14 ACKs]13:36:11  Sending 64 directed DeAuth (code 7). STMAC: [FF:FF:FF:FF:FF:FF] [13|15 ACKs]13:36:11  Sending 64 directed DeAuth (code 7). STMAC: [FF:FF:FF:FF:FF:FF] [14|15 ACKs]13:36:11  Sending 64 directed DeAuth (code 7). STMAC: [FF:FF:FF:FF:FF:FF] [14|16 ACKs]13:36:11  Sending 64 directed DeAuth (code 7). STMAC: [FF:FF:FF:FF:FF:FF] [15|16 ACKs]13:36:11  Sending 64 directed DeAuth (code 7). STMAC: [FF:FF:FF:FF:FF:FF] [15|17 ACKs]13:36:11  Sending 64 directed DeAuth (code 7). STMAC: [FF:FF:FF:FF:FF:FF] [16|17 ACKs]13:36:11  Sending 64 directed DeAuth (code 7). STMAC: [FF:FF:FF:FF:FF:FF] [16|18 ACKs]13:36:11  Sending 64 directed DeAuth (code 7). STMAC: [FF:FF:FF:FF:FF:FF] [17|18 ACKs]13:36:11  Sending 64 directed DeAuth (code 7). STMAC: [FF:FF:FF:FF:FF:FF] [17|19 ACKs]13:36:11  Sending 64 directed DeAuth (code 7). STMAC: [FF:FF:FF:FF:FF:FF] [17|19 ACKs]13:36:11  Sending 64 directed DeAuth (code 7). STMAC: [FF:FF:FF:FF:FF:FF] [17|20 ACKs]13:36:11  Sending 64 directed DeAuth (code 7). STMAC: [FF:FF:FF:FF:FF:FF] [17|21 ACKs]13:36:11  Sending 64 directed DeAuth (code 7). STMAC: [FF:FF:FF:FF:FF:FF] [17|22 ACKs]13:36:11  Sending 64 directed DeAuth (code 7). STMAC: [FF:FF:FF:FF:FF:FF] [17|23 ACKs]13:36:11  Sending 64 directed DeAuth (code 7). STMAC: [FF:FF:FF:FF:FF:FF] [17|24 ACKs]13:36:11  Sending 64 directed DeAuth (code 7). STMAC: [FF:FF:FF:FF:FF:FF] [17|25 ACKs]13:36:11  Sending 64 directed DeAuth (code 7). STMAC: [FF:FF:FF:FF:FF:FF] [17|26 ACKs]13:36:11  Sending 64 directed DeAuth (code 7). STMAC: [FF:FF:FF:FF:FF:FF] [17|27 ACKs]13:36:11  Sending 64 directed DeAuth (code 7). STMAC: [FF:FF:FF:FF:FF:FF] [17|28 ACKs]13:36:11  Sending 64 directed DeAuth (code 7). STMAC: [FF:FF:FF:FF:FF:FF] [17|29 ACKs]13:36:11  Sending 64 directed DeAuth (code 7). STMAC: [FF:FF:FF:FF:FF:FF] [17|30 ACKs]13:36:11  Sending 64 directed DeAuth (code 7). STMAC: [FF:FF:FF:FF:FF:FF] [17|31 ACKs]13:36:11  Sending 64 directed DeAuth (code 7). STMAC: [FF:FF:FF:FF:FF:FF] [17|32 ACKs]13:36:11  Sending 64 directed DeAuth (code 7). STMAC: [FF:FF:FF:FF:FF:FF] [17|33 ACKs]13:36:11  Sending 64 directed DeAuth (code 7). STMAC: [FF:FF:FF:FF:FF:FF] [17|34 ACKs]13:36:11  Sending 64 directed DeAuth (code 7). STMAC: [FF:FF:FF:FF:FF:FF] [17|35 ACKs]13:36:11  Sending 64 directed DeAuth (code 7). STMAC: [FF:FF:FF:FF:FF:FF] [17|36 ACKs]13:36:11  Sending 64 directed DeAuth (code 7). STMAC: [FF:FF:FF:FF:FF:FF] [17|37 ACKs]13:36:11  Sending 64 directed DeAuth (code 7). STMAC: [FF:FF:FF:FF:FF:FF] [17|38 ACKs]13:36:11  Sending 64 directed DeAuth (code 7). STMAC: [FF:FF:FF:FF:FF:FF] [17|39 ACKs]13:36:11  Sending 64 directed DeAuth (code 7). STMAC: [FF:FF:FF:FF:FF:FF] [17|40 ACKs]13:36:11  Sending 64 directed DeAuth (code 7). STMAC: [FF:FF:FF:FF:FF:FF] [17|41 ACKs]13:36:11  Sending 64 directed DeAuth (code 7). STMAC: [FF:FF:FF:FF:FF:FF] [17|42 ACKs]13:36:11  Sending 64 directed DeAuth (code 7). STMAC: [FF:FF:FF:FF:FF:FF] [18|42 ACKs]13:36:11  Sending 64 directed DeAuth (code 7). STMAC: [FF:FF:FF:FF:FF:FF] [18|43 ACKs]13:36:11  Sending 64 directed DeAuth (code 7). STMAC: [FF:FF:FF:FF:FF:FF] [18|44 ACKs]13:36:11  Sending 64 directed DeAuth (code 7). STMAC: [FF:FF:FF:FF:FF:FF] [18|45 ACKs]13:36:11  Sending 64 directed DeAuth (code 7). STMAC: [FF:FF:FF:FF:FF:FF] [18|46 ACKs]13:36:11  Sending 64 directed DeAuth (code 7). STMAC: [FF:FF:FF:FF:FF:FF] [18|47 ACKs]13:36:11  Sending 64 directed DeAuth (code 7). STMAC: [FF:FF:FF:FF:FF:FF] [18|48 ACKs]13:36:11  Sending 64 directed DeAuth (code 7). STMAC: [FF:FF:FF:FF:FF:FF] [18|49 ACKs]13:36:11  Sending 64 directed DeAuth (code 7). STMAC: [FF:FF:FF:FF:FF:FF] [18|50 ACKs]13:36:11  Sending 64 directed DeAuth (code 7). STMAC: [FF:FF:FF:FF:FF:FF] [18|51 ACKs]13:36:11  Sending 64 directed DeAuth (code 7). STMAC: [FF:FF:FF:FF:FF:FF] [18|52 ACKs]13:36:11  Sending 64 directed DeAuth (code 7). STMAC: [FF:FF:FF:FF:FF:FF] [18|53 ACKs]13:36:11  Sending 64 directed DeAuth (code 7). STMAC: [FF:FF:FF:FF:FF:FF] [18|54 ACKs]13:36:12  Sending 64 directed DeAuth (code 7). STMAC: [FF:FF:FF:FF:FF:FF] [18|55 ACKs]13:36:12  Sending 64 directed DeAuth (code 7). STMAC: [FF:FF:FF:FF:FF:FF] [18|56 ACKs]13:36:12  Sending 64 directed DeAuth (code 7). STMAC: [FF:FF:FF:FF:FF:FF] [18|57 ACKs]13:36:12  Sending 64 directed DeAuth (code 7). STMAC: [FF:FF:FF:FF:FF:FF] [18|58 ACKs]13:36:12  Sending 64 directed DeAuth (code 7). STMAC: [FF:FF:FF:FF:FF:FF] [18|59 ACKs]13:36:12  Sending 64 directed DeAuth (code 7). STMAC: [FF:FF:FF:FF:FF:FF] [18|60 ACKs]13:36:12  Sending 64 directed DeAuth (code 7). STMAC: [FF:FF:FF:FF:FF:FF] [18|61 ACKs]13:36:12  Sending 64 directed DeAuth (code 7). STMAC: [FF:FF:FF:FF:FF:FF] [18|62 ACKs]13:36:12  Sending 64 directed DeAuth (code 7). STMAC: [FF:FF:FF:FF:FF:FF] [18|63 ACKs]13:36:12  Sending 64 directed DeAuth (code 7). STMAC: [FF:FF:FF:FF:FF:FF] [18|64 ACKs]
13:36:12  Sending 64 directed DeAuth (code 7). STMAC: [FF:FF:FF:FF:FF:FF] [ 0| 0 ACKs]13:36:12  Sending 64 directed DeAuth (code 7). STMAC: [FF:FF:FF:FF:FF:FF] [ 0| 1 ACKs]13:36:12  Sending 64 directed DeAuth (code 7). STMAC: [FF:FF:FF:FF:FF:FF] [ 0| 2 ACKs]13:36:12  Sending 64 directed DeAuth (code 7). STMAC: [FF:FF:FF:FF:FF:FF] [ 0| 3 ACKs]13:36:12  Sending 64 directed DeAuth (code 7). STMAC: [FF:FF:FF:FF:FF:FF] [ 0| 4 ACKs]13:36:12  Sending 64 directed DeAuth (code 7). STMAC: [FF:FF:FF:FF:FF:FF] [ 0| 5 ACKs]13:36:12  Sending 64 directed DeAuth (code 7). STMAC: [FF:FF:FF:FF:FF:FF] [ 0| 6 ACKs]13:36:12  Sending 64 directed DeAuth (code 7). STMAC: [FF:FF:FF:FF:FF:FF] [ 0| 7 ACKs]13:36:12  Sending 64 directed DeAuth (code 7). STMAC: [FF:FF:FF:FF:FF:FF] [ 0| 8 ACKs]13:36:12  Sending 64 directed DeAuth (code 7). STMAC: [FF:FF:FF:FF:FF:FF] [ 0| 9 ACKs]13:36:12  Sending 64 directed DeAuth (code 7). STMAC: [FF:FF:FF:FF:FF:FF] [ 0|10 ACKs]13:36:12  Sending 64 directed DeAuth (code 7). STMAC: [FF:FF:FF:FF:FF:FF] [ 0|11 ACKs]13:36:12  Sending 64 directed DeAuth (code 7). STMAC: [FF:FF:FF:FF:FF:FF] [ 0|12 ACKs]13:36:12  Sending 64 directed DeAuth (code 7). STMAC: [FF:FF:FF:FF:FF:FF] [ 0|13 ACKs]13:36:12  Sending 64 directed DeAuth (code 7). STMAC: [FF:FF:FF:FF:FF:FF] [ 0|14 ACKs]13:36:12  Sending 64 directed DeAuth (code 7). STMAC: [FF:FF:FF:FF:FF:FF] [ 0|15 ACKs]13:36:12  Sending 64 directed DeAuth (code 7). STMAC: [FF:FF:FF:FF:FF:FF] [ 0|16 ACKs]13:36:12  Sending 64 directed DeAuth (code 7). STMAC: [FF:FF:FF:FF:FF:FF] [ 0|17 ACKs]13:36:12  Sending 64 directed DeAuth (code 7). STMAC: [FF:FF:FF:FF:FF:FF] [ 0|18 ACKs]13:36:12  Sending 64 directed DeAuth (code 7). STMAC: [FF:FF:FF:FF:FF:FF] [ 0|19 ACKs]13:36:12  Sending 64 directed DeAuth (code 7). STMAC: [FF:FF:FF:FF:FF:FF] [ 0|20 ACKs]13:36:12  Sending 64 directed DeAuth (code 7). STMAC: [FF:FF:FF:FF:FF:FF] [ 0|21 ACKs]13:36:12  Sending 64 directed DeAuth (code 7). STMAC: [FF:FF:FF:FF:FF:FF] [ 0|22 ACKs]13:36:12  Sending 64 directed DeAuth (code 7). STMAC: [FF:FF:FF:FF:FF:FF] [ 0|23 ACKs]13:36:12  Sending 64 directed DeAuth (code 7). STMAC: [FF:FF:FF:FF:FF:FF] [ 0|24 ACKs]13:36:12  Sending 64 directed DeAuth (code 7). STMAC: [FF:FF:FF:FF:FF:FF] [ 0|25 ACKs]13:36:12  Sending 64 directed DeAuth (code 7). STMAC: [FF:FF:FF:FF:FF:FF] [ 0|26 ACKs]13:36:12  Sending 64 directed DeAuth (code 7). STMAC: [FF:FF:FF:FF:FF:FF] [ 0|27 ACKs]13:36:12  Sending 64 directed DeAuth (code 7). STMAC: [FF:FF:FF:FF:FF:FF] [ 0|28 ACKs]13:36:12  Sending 64 directed DeAuth (code 7). STMAC: [FF:FF:FF:FF:FF:FF] [ 0|29 ACKs]13:36:12  Sending 64 directed DeAuth (code 7). STMAC: [FF:FF:FF:FF:FF:FF] [ 0|30 ACKs]13:36:12  Sending 64 directed DeAuth (code 7). STMAC: [FF:FF:FF:FF:FF:FF] [ 0|31 ACKs]13:36:12  Sending 64 directed DeAuth (code 7). STMAC: [FF:FF:FF:FF:FF:FF] [ 0|32 ACKs]13:36:12  Sending 64 directed DeAuth (code 7). STMAC: [FF:FF:FF:FF:FF:FF] [ 0|33 ACKs]13:36:12  Sending 64 directed DeAuth (code 7). STMAC: [FF:FF:FF:FF:FF:FF] [ 0|34 ACKs]13:36:12  Sending 64 directed DeAuth (code 7). STMAC: [FF:FF:FF:FF:FF:FF] [ 0|35 ACKs]13:36:12  Sending 64 directed DeAuth (code 7). STMAC: [FF:FF:FF:FF:FF:FF] [ 0|36 ACKs]13:36:12  Sending 64 directed DeAuth (code 7). STMAC: [FF:FF:FF:FF:FF:FF] [ 0|37 ACKs]13:36:12  Sending 64 directed DeAuth (code 7). STMAC: [FF:FF:FF:FF:FF:FF] [ 0|38 ACKs]13:36:12  Sending 64 directed DeAuth (code 7). STMAC: [FF:FF:FF:FF:FF:FF] [ 0|39 ACKs]13:36:12  Sending 64 directed DeAuth (code 7). STMAC: [FF:FF:FF:FF:FF:FF] [ 0|40 ACKs]13:36:12  Sending 64 directed DeAuth (code 7). STMAC: [FF:FF:FF:FF:FF:FF] [ 0|41 ACKs]13:36:12  Sending 64 directed DeAuth (code 7). STMAC: [FF:FF:FF:FF:FF:FF] [ 0|42 ACKs]13:36:12  Sending 64 directed DeAuth (code 7). STMAC: [FF:FF:FF:FF:FF:FF] [ 0|43 ACKs]13:36:12  Sending 64 directed DeAuth (code 7). STMAC: [FF:FF:FF:FF:FF:FF] [ 0|44 ACKs]13:36:12  Sending 64 directed DeAuth (code 7). STMAC: [FF:FF:FF:FF:FF:FF] [ 0|45 ACKs]13:36:12  Sending 64 directed DeAuth (code 7). STMAC: [FF:FF:FF:FF:FF:FF] [ 0|46 ACKs]13:36:12  Sending 64 directed DeAuth (code 7). STMAC: [FF:FF:FF:FF:FF:FF] [ 0|47 ACKs]13:36:12  Sending 64 directed DeAuth (code 7). STMAC: [FF:FF:FF:FF:FF:FF] [ 0|48 ACKs]13:36:12  Sending 64 directed DeAuth (code 7). STMAC: [FF:FF:FF:FF:FF:FF] [ 1|48 ACKs]13:36:12  Sending 64 directed DeAuth (code 7). STMAC: [FF:FF:FF:FF:FF:FF] [ 1|49 ACKs]13:36:12  Sending 64 directed DeAuth (code 7). STMAC: [FF:FF:FF:FF:FF:FF] [ 1|50 ACKs]13:36:12  Sending 64 directed DeAuth (code 7). STMAC: [FF:FF:FF:FF:FF:FF] [ 1|51 ACKs]13:36:12  Sending 64 directed DeAuth (code 7). STMAC: [FF:FF:FF:FF:FF:FF] [ 1|52 ACKs]13:36:12  Sending 64 directed DeAuth (code 7). STMAC: [FF:FF:FF:FF:FF:FF] [ 1|53 ACKs]13:36:12  Sending 64 directed DeAuth (code 7). STMAC: [FF:FF:FF:FF:FF:FF] [ 1|54 ACKs]13:36:12  Sending 64 directed DeAuth (code 7). STMAC: [FF:FF:FF:FF:FF:FF] [ 1|55 ACKs]13:36:12  Sending 64 directed DeAuth (code 7). STMAC: [FF:FF:FF:FF:FF:FF] [ 1|56 ACKs]13:36:12  Sending 64 directed DeAuth (code 7). STMAC: [FF:FF:FF:FF:FF:FF] [ 1|57 ACKs]13:36:12  Sending 64 directed DeAuth (code 7). STMAC: [FF:FF:FF:FF:FF:FF] [ 1|58 ACKs]13:36:12  Sending 64 directed DeAuth (code 7). STMAC: [FF:FF:FF:FF:FF:FF] [ 1|59 ACKs]13:36:12  Sending 64 directed DeAuth (code 7). STMAC: [FF:FF:FF:FF:FF:FF] [ 1|60 ACKs]13:36:12  Sending 64 directed DeAuth (code 7). STMAC: [FF:FF:FF:FF:FF:FF] [ 1|61 ACKs]13:36:12  Sending 64 directed DeAuth (code 7). STMAC: [FF:FF:FF:FF:FF:FF] [ 1|62 ACKs]13:36:12  Sending 64 directed DeAuth (code 7). STMAC: [FF:FF:FF:FF:FF:FF] [ 1|63 ACKs]13:36:12  Sending 64 directed DeAuth (code 7). STMAC: [FF:FF:FF:FF:FF:FF] [ 1|64 ACKs]
13:36:12  Sending 64 directed DeAuth (code 7). STMAC: [FF:FF:FF:FF:FF:FF] [ 0| 0 ACKs]13:36:12  Sending 64 directed DeAuth (code 7). STMAC: [FF:FF:FF:FF:FF:FF] [ 1| 0 ACKs]13:36:12  Sending 64 directed DeAuth (code 7). STMAC: [FF:FF:FF:FF:FF:FF] [ 2| 0 ACKs]13:36:12  Sending 64 directed DeAuth (code 7). STMAC: [FF:FF:FF:FF:FF:FF] [ 2| 1 ACKs]13:36:12  Sending 64 directed DeAuth (code 7). STMAC: [FF:FF:FF:FF:FF:FF] [ 2| 2 ACKs]13:36:12  Sending 64 directed DeAuth (code 7). STMAC: [FF:FF:FF:FF:FF:FF] [ 2| 3 ACKs]13:36:12  Sending 64 directed DeAuth (code 7). STMAC: [FF:FF:FF:FF:FF:FF] [ 2| 4 ACKs]13:36:12  Sending 64 directed DeAuth (code 7). STMAC: [FF:FF:FF:FF:FF:FF] [ 3| 4 ACKs]13:36:12  Sending 64 directed DeAuth (code 7). STMAC: [FF:FF:FF:FF:FF:FF] [ 3| 5 ACKs]13:36:12  Sending 64 directed DeAuth (code 7). STMAC: [FF:FF:FF:FF:FF:FF] [ 3| 6 ACKs]13:36:12  Sending 64 directed DeAuth (code 7). STMAC: [FF:FF:FF:FF:FF:FF] [ 3| 7 ACKs]13:36:12  Sending 64 directed DeAuth (code 7). STMAC: [FF:FF:FF:FF:FF:FF] [ 3| 8 ACKs]13:36:12  Sending 64 directed DeAuth (code 7). STMAC: [FF:FF:FF:FF:FF:FF] [ 3| 9 ACKs]13:36:12  Sending 64 directed DeAuth (code 7). STMAC: [FF:FF:FF:FF:FF:FF] [ 3|10 ACKs]13:36:12  Sending 64 directed DeAuth (code 7). STMAC: [FF:FF:FF:FF:FF:FF] [ 3|11 ACKs]13:36:12  Sending 64 directed DeAuth (code 7). STMAC: [FF:FF:FF:FF:FF:FF] [ 3|12 ACKs]13:36:12  Sending 64 directed DeAuth (code 7). STMAC: [FF:FF:FF:FF:FF:FF] [ 3|13 ACKs]13:36:12  Sending 64 directed DeAuth (code 7). STMAC: [FF:FF:FF:FF:FF:FF] [ 3|14 ACKs]13:36:12  Sending 64 directed DeAuth (code 7). STMAC: [FF:FF:FF:FF:FF:FF] [ 3|15 ACKs]13:36:12  Sending 64 directed DeAuth (code 7). STMAC: [FF:FF:FF:FF:FF:FF] [ 3|16 ACKs]13:36:12  Sending 64 directed DeAuth (code 7). STMAC: [FF:FF:FF:FF:FF:FF] [ 3|17 ACKs]13:36:12  Sending 64 directed DeAuth (code 7). STMAC: [FF:FF:FF:FF:FF:FF] [ 3|18 ACKs]13:36:12  Sending 64 directed DeAuth (code 7). STMAC: [FF:FF:FF:FF:FF:FF] [ 3|19 ACKs]13:36:12  Sending 64 directed DeAuth (code 7). STMAC: [FF:FF:FF:FF:FF:FF] [ 3|20 ACKs]13:36:12  Sending 64 directed DeAuth (code 7). STMAC: [FF:FF:FF:FF:FF:FF] [ 3|21 ACKs]13:36:12  Sending 64 directed DeAuth (code 7). STMAC: [FF:FF:FF:FF:FF:FF] [ 3|22 ACKs]13:36:12  Sending 64 directed DeAuth (code 7). STMAC: [FF:FF:FF:FF:FF:FF] [ 3|23 ACKs]13:36:12  Sending 64 directed DeAuth (code 7). STMAC: [FF:FF:FF:FF:FF:FF] [ 3|24 ACKs]13:36:12  Sending 64 directed DeAuth (code 7). STMAC: [FF:FF:FF:FF:FF:FF] [ 3|25 ACKs]13:36:12  Sending 64 directed DeAuth (code 7). STMAC: [FF:FF:FF:FF:FF:FF] [ 3|26 ACKs]13:36:12  Sending 64 directed DeAuth (code 7). STMAC: [FF:FF:FF:FF:FF:FF] [ 3|27 ACKs]13:36:12  Sending 64 directed DeAuth (code 7). STMAC: [FF:FF:FF:FF:FF:FF] [ 3|28 ACKs]13:36:12  Sending 64 directed DeAuth (code 7). STMAC: [FF:FF:FF:FF:FF:FF] [ 3|29 ACKs]13:36:12  Sending 64 directed DeAuth (code 7). STMAC: [FF:FF:FF:FF:FF:FF] [ 3|30 ACKs]13:36:13  Sending 64 directed DeAuth (code 7). STMAC: [FF:FF:FF:FF:FF:FF] [ 3|31 ACKs]13:36:13  Sending 64 directed DeAuth (code 7). STMAC: [FF:FF:FF:FF:FF:FF] [ 3|32 ACKs]13:36:13  Sending 64 directed DeAuth (code 7). STMAC: [FF:FF:FF:FF:FF:FF] [ 3|33 ACKs]13:36:13  Sending 64 directed DeAuth (code 7). STMAC: [FF:FF:FF:FF:FF:FF] [ 3|34 ACKs]13:36:13  Sending 64 directed DeAuth (code 7). STMAC: [FF:FF:FF:FF:FF:FF] [ 3|35 ACKs]13:36:13  Sending 64 directed DeAuth (code 7). STMAC: [FF:FF:FF:FF:FF:FF] [ 3|36 ACKs]13:36:13  Sending 64 directed DeAuth (code 7). STMAC: [FF:FF:FF:FF:FF:FF] [ 3|37 ACKs]13:36:13  Sending 64 directed DeAuth (code 7). STMAC: [FF:FF:FF:FF:FF:FF] [ 3|38 ACKs]13:36:13  Sending 64 directed DeAuth (code 7). STMAC: [FF:FF:FF:FF:FF:FF] [ 3|39 ACKs]13:36:13  Sending 64 directed DeAuth (code 7). STMAC: [FF:FF:FF:FF:FF:FF] [ 3|40 ACKs]13:36:13  Sending 64 directed DeAuth (code 7). STMAC: [FF:FF:FF:FF:FF:FF] [ 3|41 ACKs]13:36:13  Sending 64 directed DeAuth (code 7). STMAC: [FF:FF:FF:FF:FF:FF] [ 3|42 ACKs]13:36:13  Sending 64 directed DeAuth (code 7). STMAC: [FF:FF:FF:FF:FF:FF] [ 3|43 ACKs]13:36:13  Sending 64 directed DeAuth (code 7). STMAC: [FF:FF:FF:FF:FF:FF] [ 3|44 ACKs]13:36:13  Sending 64 directed DeAuth (code 7). STMAC: [FF:FF:FF:FF:FF:FF] [ 3|45 ACKs]13:36:13  Sending 64 directed DeAuth (code 7). STMAC: [FF:FF:FF:FF:FF:FF] [ 3|46 ACKs]13:36:13  Sending 64 directed DeAuth (code 7). STMAC: [FF:FF:FF:FF:FF:FF] [ 3|47 ACKs]13:36:13  Sending 64 directed DeAuth (code 7). STMAC: [FF:FF:FF:FF:FF:FF] [ 3|48 ACKs]13:36:13  Sending 64 directed DeAuth (code 7). STMAC: [FF:FF:FF:FF:FF:FF] [ 3|49 ACKs]13:36:13  Sending 64 directed DeAuth (code 7). STMAC: [FF:FF:FF:FF:FF:FF] [ 3|50 ACKs]13:36:13  Sending 64 directed DeAuth (code 7). STMAC: [FF:FF:FF:FF:FF:FF] [ 3|51 ACKs]13:36:13  Sending 64 directed DeAuth (code 7). STMAC: [FF:FF:FF:FF:FF:FF] [ 3|52 ACKs]13:36:13  Sending 64 directed DeAuth (code 7). STMAC: [FF:FF:FF:FF:FF:FF] [ 3|53 ACKs]13:36:13  Sending 64 directed DeAuth (code 7). STMAC: [FF:FF:FF:FF:FF:FF] [ 3|54 ACKs]13:36:13  Sending 64 directed DeAuth (code 7). STMAC: [FF:FF:FF:FF:FF:FF] [ 3|55 ACKs]13:36:13  Sending 64 directed DeAuth (code 7). STMAC: [FF:FF:FF:FF:FF:FF] [ 4|55 ACKs]13:36:13  Sending 64 directed DeAuth (code 7). STMAC: [FF:FF:FF:FF:FF:FF] [ 4|55 ACKs]13:36:13  Sending 64 directed DeAuth (code 7). STMAC: [FF:FF:FF:FF:FF:FF] [ 4|56 ACKs]13:36:13  Sending 64 directed DeAuth (code 7). STMAC: [FF:FF:FF:FF:FF:FF] [ 5|56 ACKs]13:36:13  Sending 64 directed DeAuth (code 7). STMAC: [FF:FF:FF:FF:FF:FF] [ 5|57 ACKs]13:36:13  Sending 64 directed DeAuth (code 7). STMAC: [FF:FF:FF:FF:FF:FF] [ 6|57 ACKs]13:36:13  Sending 64 directed DeAuth (code 7). STMAC: [FF:FF:FF:FF:FF:FF] [ 6|58 ACKs]13:36:13  Sending 64 directed DeAuth (code 7). STMAC: [FF:FF:FF:FF:FF:FF] [ 7|58 ACKs]13:36:13  Sending 64 directed DeAuth (code 7). STMAC: [FF:FF:FF:FF:FF:FF] [ 7|59 ACKs]13:36:13  Sending 64 directed DeAuth (code 7). STMAC: [FF:FF:FF:FF:FF:FF] [ 8|59 ACKs]13:36:13  Sending 64 directed DeAuth (code 7). STMAC: [FF:FF:FF:FF:FF:FF] [ 8|60 ACKs]13:36:13  Sending 64 directed DeAuth (code 7). STMAC: [FF:FF:FF:FF:FF:FF] [ 8|61 ACKs]13:36:13  Sending 64 directed DeAuth (code 7). STMAC: [FF:FF:FF:FF:FF:FF] [ 9|61 ACKs]13:36:13  Sending 64 directed DeAuth (code 7). STMAC: [FF:FF:FF:FF:FF:FF] [ 9|62 ACKs]13:36:13  Sending 64 directed DeAuth (code 7). STMAC: [FF:FF:FF:FF:FF:FF] [10|62 ACKs]13:36:13  Sending 64 directed DeAuth (code 7). STMAC: [FF:FF:FF:FF:FF:FF] [10|63 ACKs]13:36:13  Sending 64 directed DeAuth (code 7). STMAC: [FF:FF:FF:FF:FF:FF] [11|63 ACKs]13:36:13  Sending 64 directed DeAuth (code 7). STMAC: [FF:FF:FF:FF:FF:FF] [11|64 ACKs]
13:36:13  Sending 64 directed DeAuth (code 7). STMAC: [FF:FF:FF:FF:FF:FF] [ 0| 0 ACKs]13:36:13  Sending 64 directed DeAuth (code 7). STMAC: [FF:FF:FF:FF:FF:FF] [ 0| 0 ACKs]13:36:13  Sending 64 directed DeAuth (code 7). STMAC: [FF:FF:FF:FF:FF:FF] [ 1| 0 ACKs]13:36:13  Sending 64 directed DeAuth (code 7). STMAC: [FF:FF:FF:FF:FF:FF] [ 1| 0 ACKs]13:36:13  Sending 64 directed DeAuth (code 7). STMAC: [FF:FF:FF:FF:FF:FF] [ 2| 0 ACKs]13:36:13  Sending 64 directed DeAuth (code 7). STMAC: [FF:FF:FF:FF:FF:FF] [ 2| 0 ACKs]13:36:13  Sending 64 directed DeAuth (code 7). STMAC: [FF:FF:FF:FF:FF:FF] [ 3| 0 ACKs]13:36:13  Sending 64 directed DeAuth (code 7). STMAC: [FF:FF:FF:FF:FF:FF] [ 3| 0 ACKs]13:36:13  Sending 64 directed DeAuth (code 7). STMAC: [FF:FF:FF:FF:FF:FF] [ 4| 0 ACKs]13:36:13  Sending 64 directed DeAuth (code 7). STMAC: [FF:FF:FF:FF:FF:FF] [ 4| 0 ACKs]13:36:13  Sending 64 directed DeAuth (code 7). STMAC: [FF:FF:FF:FF:FF:FF] [ 5| 0 ACKs]13:36:13  Sending 64 directed DeAuth (code 7). STMAC: [FF:FF:FF:FF:FF:FF] [ 5| 0 ACKs]13:36:13  Sending 64 directed DeAuth (code 7). STMAC: [FF:FF:FF:FF:FF:FF] [ 5| 0 ACKs]13:36:13  Sending 64 directed DeAuth (code 7). STMAC: [FF:FF:FF:FF:FF:FF] [ 5| 1 ACKs]13:36:13  Sending 64 directed DeAuth (code 7). STMAC: [FF:FF:FF:FF:FF:FF] [ 5| 2 ACKs]13:36:13  Sending 64 directed DeAuth (code 7). STMAC: [FF:FF:FF:FF:FF:FF] [ 5| 3 ACKs]13:36:13  Sending 64 directed DeAuth (code 7). STMAC: [FF:FF:FF:FF:FF:FF] [ 6| 3 ACKs]13:36:13  Sending 64 directed DeAuth (code 7). STMAC: [FF:FF:FF:FF:FF:FF] [ 6| 4 ACKs]13:36:13  Sending 64 directed DeAuth (code 7). STMAC: [FF:FF:FF:FF:FF:FF] [ 6| 5 ACKs]13:36:13  Sending 64 directed DeAuth (code 7). STMAC: [FF:FF:FF:FF:FF:FF] [ 6| 6 ACKs]13:36:13  Sending 64 directed DeAuth (code 7). STMAC: [FF:FF:FF:FF:FF:FF] [ 6| 7 ACKs]13:36:13  Sending 64 directed DeAuth (code 7). STMAC: [FF:FF:FF:FF:FF:FF] [ 6| 8 ACKs]13:36:13  Sending 64 directed DeAuth (code 7). STMAC: [FF:FF:FF:FF:FF:FF] [ 6| 9 ACKs]13:36:13  Sending 64 directed DeAuth (code 7). STMAC: [FF:FF:FF:FF:FF:FF] [ 6|10 ACKs]13:36:13  Sending 64 directed DeAuth (code 7). STMAC: [FF:FF:FF:FF:FF:FF] [ 6|11 ACKs]13:36:13  Sending 64 directed DeAuth (code 7). STMAC: [FF:FF:FF:FF:FF:FF] [ 7|11 ACKs]13:36:13  Sending 64 directed DeAuth (code 7). STMAC: [FF:FF:FF:FF:FF:FF] [ 7|12 ACKs]13:36:13  Sending 64 directed DeAuth (code 7). STMAC: [FF:FF:FF:FF:FF:FF] [ 7|13 ACKs]13:36:13  Sending 64 directed DeAuth (code 7). STMAC: [FF:FF:FF:FF:FF:FF] [ 7|14 ACKs]13:36:13  Sending 64 directed DeAuth (code 7). STMAC: [FF:FF:FF:FF:FF:FF] [ 7|15 ACKs]13:36:13  Sending 64 directed DeAuth (code 7). STMAC: [FF:FF:FF:FF:FF:FF] [ 7|16 ACKs]13:36:13  Sending 64 directed DeAuth (code 7). STMAC: [FF:FF:FF:FF:FF:FF] [ 7|17 ACKs]13:36:13  Sending 64 directed DeAuth (code 7). STMAC: [FF:FF:FF:FF:FF:FF] [ 7|18 ACKs]13:36:13  Sending 64 directed DeAuth (code 7). STMAC: [FF:FF:FF:FF:FF:FF] [ 7|19 ACKs]13:36:13  Sending 64 directed DeAuth (code 7). STMAC: [FF:FF:FF:FF:FF:FF] [ 7|20 ACKs]13:36:13  Sending 64 directed DeAuth (code 7). STMAC: [FF:FF:FF:FF:FF:FF] [ 7|21 ACKs]13:36:13  Sending 64 directed DeAuth (code 7). STMAC: [FF:FF:FF:FF:FF:FF] [ 7|22 ACKs]13:36:13  Sending 64 directed DeAuth (code 7). STMAC: [FF:FF:FF:FF:FF:FF] [ 7|22 ACKs]13:36:13  Sending 64 directed DeAuth (code 7). STMAC: [FF:FF:FF:FF:FF:FF] [ 8|22 ACKs]13:36:13  Sending 64 directed DeAuth (code 7). STMAC: [FF:FF:FF:FF:FF:FF] [ 8|23 ACKs]13:36:13  Sending 64 directed DeAuth (code 7). STMAC: [FF:FF:FF:FF:FF:FF] [ 8|24 ACKs]13:36:13  Sending 64 directed DeAuth (code 7). STMAC: [FF:FF:FF:FF:FF:FF] [ 8|25 ACKs]13:36:13  Sending 64 directed DeAuth (code 7). STMAC: [FF:FF:FF:FF:FF:FF] [ 8|26 ACKs]13:36:13  Sending 64 directed DeAuth (code 7). STMAC: [FF:FF:FF:FF:FF:FF] [ 8|27 ACKs]13:36:13  Sending 64 directed DeAuth (code 7). STMAC: [FF:FF:FF:FF:FF:FF] [ 8|28 ACKs]13:36:13  Sending 64 directed DeAuth (code 7). STMAC: [FF:FF:FF:FF:FF:FF] [ 8|29 ACKs]13:36:13  Sending 64 directed DeAuth (code 7). STMAC: [FF:FF:FF:FF:FF:FF] [ 8|30 ACKs]13:36:13  Sending 64 directed DeAuth (code 7). STMAC: [FF:FF:FF:FF:FF:FF] [ 8|31 ACKs]13:36:13  Sending 64 directed DeAuth (code 7). STMAC: [FF:FF:FF:FF:FF:FF] [ 8|32 ACKs]13:36:13  Sending 64 directed DeAuth (code 7). STMAC: [FF:FF:FF:FF:FF:FF] [ 8|33 ACKs]13:36:13  Sending 64 directed DeAuth (code 7). STMAC: [FF:FF:FF:FF:FF:FF] [ 8|34 ACKs]13:36:13  Sending 64 directed DeAuth (code 7). STMAC: [FF:FF:FF:FF:FF:FF] [ 8|35 ACKs]13:36:13  Sending 64 directed DeAuth (code 7). STMAC: [FF:FF:FF:FF:FF:FF] [ 8|36 ACKs]13:36:13  Sending 64 directed DeAuth (code 7). STMAC: [FF:FF:FF:FF:FF:FF] [ 8|37 ACKs]13:36:13  Sending 64 directed DeAuth (code 7). STMAC: [FF:FF:FF:FF:FF:FF] [ 8|38 ACKs]13:36:13  Sending 64 directed DeAuth (code 7). STMAC: [FF:FF:FF:FF:FF:FF] [ 8|39 ACKs]13:36:13  Sending 64 directed DeAuth (code 7). STMAC: [FF:FF:FF:FF:FF:FF] [ 8|40 ACKs]13:36:13  Sending 64 directed DeAuth (code 7). STMAC: [FF:FF:FF:FF:FF:FF] [ 8|41 ACKs]13:36:13  Sending 64 directed DeAuth (code 7). STMAC: [FF:FF:FF:FF:FF:FF] [ 8|42 ACKs]13:36:13  Sending 64 directed DeAuth (code 7). STMAC: [FF:FF:FF:FF:FF:FF] [ 8|43 ACKs]13:36:13  Sending 64 directed DeAuth (code 7). STMAC: [FF:FF:FF:FF:FF:FF] [ 8|44 ACKs]13:36:13  Sending 64 directed DeAuth (code 7). STMAC: [FF:FF:FF:FF:FF:FF] [ 8|45 ACKs]13:36:13  Sending 64 directed DeAuth (code 7). STMAC: [FF:FF:FF:FF:FF:FF] [ 8|46 ACKs]13:36:13  Sending 64 directed DeAuth (code 7). STMAC: [FF:FF:FF:FF:FF:FF] [ 8|47 ACKs]13:36:13  Sending 64 directed DeAuth (code 7). STMAC: [FF:FF:FF:FF:FF:FF] [ 8|48 ACKs]13:36:13  Sending 64 directed DeAuth (code 7). STMAC: [FF:FF:FF:FF:FF:FF] [ 8|49 ACKs]13:36:13  Sending 64 directed DeAuth (code 7). STMAC: [FF:FF:FF:FF:FF:FF] [ 8|50 ACKs]13:36:13  Sending 64 directed DeAuth (code 7). STMAC: [FF:FF:FF:FF:FF:FF] [ 8|51 ACKs]13:36:13  Sending 64 directed DeAuth (code 7). STMAC: [FF:FF:FF:FF:FF:FF] [ 8|52 ACKs]13:36:13  Sending 64 directed DeAuth (code 7). STMAC: [FF:FF:FF:FF:FF:FF] [ 8|53 ACKs]13:36:13  Sending 64 directed DeAuth (code 7). STMAC: [FF:FF:FF:FF:FF:FF] [ 8|54 ACKs]13:36:13  Sending 64 directed DeAuth (code 7). STMAC: [FF:FF:FF:FF:FF:FF] [ 8|55 ACKs]13:36:13  Sending 64 directed DeAuth (code 7). STMAC: [FF:FF:FF:FF:FF:FF] [ 8|56 ACKs]13:36:13  Sending 64 directed DeAuth (code 7). STMAC: [FF:FF:FF:FF:FF:FF] [ 8|57 ACKs]13:36:13  Sending 64 directed DeAuth (code 7). STMAC: [FF:FF:FF:FF:FF:FF] [ 8|58 ACKs]13:36:13  Sending 64 directed DeAuth (code 7). STMAC: [FF:FF:FF:FF:FF:FF] [ 8|59 ACKs]13:36:13  Sending 64 directed DeAuth (code 7). STMAC: [FF:FF:FF:FF:FF:FF] [ 9|59 ACKs]13:36:13  Sending 64 directed DeAuth (code 7). STMAC: [FF:FF:FF:FF:FF:FF] [ 9|60 ACKs]13:36:13  Sending 64 directed DeAuth (code 7). STMAC: [FF:FF:FF:FF:FF:FF] [ 9|61 ACKs]13:36:13  Sending 64 directed DeAuth (code 7). STMAC: [FF:FF:FF:FF:FF:FF] [ 9|62 ACKs]13:36:13  Sending 64 directed DeAuth (code 7). STMAC: [FF:FF:FF:FF:FF:FF] [ 9|63 ACKs]13:36:13  Sending 64 directed DeAuth (code 7). STMAC: [FF:FF:FF:FF:FF:FF] [ 9|64 ACKs]
13:36:13  Sending 64 directed DeAuth (code 7). STMAC: [FF:FF:FF:FF:FF:FF] [ 0| 0 ACKs]13:36:13  Sending 64 directed DeAuth (code 7). STMAC: [FF:FF:FF:FF:FF:FF] [ 0| 1 ACKs]13:36:13  Sending 64 directed DeAuth (code 7). STMAC: [FF:FF:FF:FF:FF:FF] [ 0| 2 ACKs]13:36:13  Sending 64 directed DeAuth (code 7). STMAC: [FF:FF:FF:FF:FF:FF] [ 0| 3 ACKs]13:36:13  Sending 64 directed DeAuth (code 7). STMAC: [FF:FF:FF:FF:FF:FF] [ 0| 4 ACKs]13:36:13  Sending 64 directed DeAuth (code 7). STMAC: [FF:FF:FF:FF:FF:FF] [ 0| 5 ACKs]13:36:14  Sending 64 directed DeAuth (code 7). STMAC: [FF:FF:FF:FF:FF:FF] [ 0| 6 ACKs]13:36:14  Sending 64 directed DeAuth (code 7). STMAC: [FF:FF:FF:FF:FF:FF] [ 0| 7 ACKs]13:36:14  Sending 64 directed DeAuth (code 7). STMAC: [FF:FF:FF:FF:FF:FF] [ 0| 8 ACKs]13:36:14  Sending 64 directed DeAuth (code 7). STMAC: [FF:FF:FF:FF:FF:FF] [ 0| 9 ACKs]13:36:14  Sending 64 directed DeAuth (code 7). STMAC: [FF:FF:FF:FF:FF:FF] [ 0|10 ACKs]13:36:14  Sending 64 directed DeAuth (code 7). STMAC: [FF:FF:FF:FF:FF:FF] [ 0|11 ACKs]13:36:14  Sending 64 directed DeAuth (code 7). STMAC: [FF:FF:FF:FF:FF:FF] [ 0|12 ACKs]13:36:14  Sending 64 directed DeAuth (code 7). STMAC: [FF:FF:FF:FF:FF:FF] [ 0|13 ACKs]13:36:14  Sending 64 directed DeAuth (code 7). STMAC: [FF:FF:FF:FF:FF:FF] [ 0|14 ACKs]13:36:14  Sending 64 directed DeAuth (code 7). STMAC: [FF:FF:FF:FF:FF:FF] [ 0|15 ACKs]13:36:14  Sending 64 directed DeAuth (code 7). STMAC: [FF:FF:FF:FF:FF:FF] [ 0|16 ACKs]13:36:14  Sending 64 directed DeAuth (code 7). STMAC: [FF:FF:FF:FF:FF:FF] [ 0|17 ACKs]13:36:14  Sending 64 directed DeAuth (code 7). STMAC: [FF:FF:FF:FF:FF:FF] [ 0|18 ACKs]13:36:14  Sending 64 directed DeAuth (code 7). STMAC: [FF:FF:FF:FF:FF:FF] [ 1|18 ACKs]13:36:14  Sending 64 directed DeAuth (code 7). STMAC: [FF:FF:FF:FF:FF:FF] [ 1|19 ACKs]13:36:14  Sending 64 directed DeAuth (code 7). STMAC: [FF:FF:FF:FF:FF:FF] [ 1|20 ACKs]13:36:14  Sending 64 directed DeAuth (code 7). STMAC: [FF:FF:FF:FF:FF:FF] [ 1|21 ACKs]13:36:14  Sending 64 directed DeAuth (code 7). STMAC: [FF:FF:FF:FF:FF:FF] [ 1|22 ACKs]13:36:14  Sending 64 directed DeAuth (code 7). STMAC: [FF:FF:FF:FF:FF:FF] [ 1|23 ACKs]13:36:14  Sending 64 directed DeAuth (code 7). STMAC: [FF:FF:FF:FF:FF:FF] [ 1|24 ACKs]13:36:14  Sending 64 directed DeAuth (code 7). STMAC: [FF:FF:FF:FF:FF:FF] [ 1|25 ACKs]13:36:14  Sending 64 directed DeAuth (code 7). STMAC: [FF:FF:FF:FF:FF:FF] [ 1|26 ACKs]13:36:14  Sending 64 directed DeAuth (code 7). STMAC: [FF:FF:FF:FF:FF:FF] [ 1|27 ACKs]13:36:14  Sending 64 directed DeAuth (code 7). STMAC: [FF:FF:FF:FF:FF:FF] [ 1|28 ACKs]13:36:14  Sending 64 directed DeAuth (code 7). STMAC: [FF:FF:FF:FF:FF:FF] [ 1|29 ACKs]13:36:14  Sending 64 directed DeAuth (code 7). STMAC: [FF:FF:FF:FF:FF:FF] [ 1|30 ACKs]13:36:14  Sending 64 directed DeAuth (code 7). STMAC: [FF:FF:FF:FF:FF:FF] [ 1|31 ACKs]13:36:14  Sending 64 directed DeAuth (code 7). STMAC: [FF:FF:FF:FF:FF:FF] [ 1|32 ACKs]13:36:14  Sending 64 directed DeAuth (code 7). STMAC: [FF:FF:FF:FF:FF:FF] [ 1|33 ACKs]13:36:14  Sending 64 directed DeAuth (code 7). STMAC: [FF:FF:FF:FF:FF:FF] [ 1|34 ACKs]13:36:14  Sending 64 directed DeAuth (code 7). STMAC: [FF:FF:FF:FF:FF:FF] [ 1|35 ACKs]13:36:14  Sending 64 directed DeAuth (code 7). STMAC: [FF:FF:FF:FF:FF:FF] [ 1|36 ACKs]13:36:14  Sending 64 directed DeAuth (code 7). STMAC: [FF:FF:FF:FF:FF:FF] [ 1|37 ACKs]13:36:14  Sending 64 directed DeAuth (code 7). STMAC: [FF:FF:FF:FF:FF:FF] [ 1|38 ACKs]13:36:14  Sending 64 directed DeAuth (code 7). STMAC: [FF:FF:FF:FF:FF:FF] [ 1|39 ACKs]13:36:14  Sending 64 directed DeAuth (code 7). STMAC: [FF:FF:FF:FF:FF:FF] [ 1|40 ACKs]13:36:14  Sending 64 directed DeAuth (code 7). STMAC: [FF:FF:FF:FF:FF:FF] [ 1|41 ACKs]13:36:14  Sending 64 directed DeAuth (code 7). STMAC: [FF:FF:FF:FF:FF:FF] [ 1|42 ACKs]13:36:14  Sending 64 directed DeAuth (code 7). STMAC: [FF:FF:FF:FF:FF:FF] [ 1|43 ACKs]13:36:14  Sending 64 directed DeAuth (code 7). STMAC: [FF:FF:FF:FF:FF:FF] [ 1|44 ACKs]13:36:14  Sending 64 directed DeAuth (code 7). STMAC: [FF:FF:FF:FF:FF:FF] [ 1|45 ACKs]13:36:14  Sending 64 directed DeAuth (code 7). STMAC: [FF:FF:FF:FF:FF:FF] [ 1|46 ACKs]13:36:14  Sending 64 directed DeAuth (code 7). STMAC: [FF:FF:FF:FF:FF:FF] [ 1|47 ACKs]13:36:14  Sending 64 directed DeAuth (code 7). STMAC: [FF:FF:FF:FF:FF:FF] [ 1|48 ACKs]13:36:14  Sending 64 directed DeAuth (code 7). STMAC: [FF:FF:FF:FF:FF:FF] [ 1|49 ACKs]13:36:14  Sending 64 directed DeAuth (code 7). STMAC: [FF:FF:FF:FF:FF:FF] [ 1|50 ACKs]13:36:14  Sending 64 directed DeAuth (code 7). STMAC: [FF:FF:FF:FF:FF:FF] [ 1|51 ACKs]13:36:14  Sending 64 directed DeAuth (code 7). STMAC: [FF:FF:FF:FF:FF:FF] [ 1|52 ACKs]13:36:14  Sending 64 directed DeAuth (code 7). STMAC: [FF:FF:FF:FF:FF:FF] [ 1|53 ACKs]13:36:14  Sending 64 directed DeAuth (code 7). STMAC: [FF:FF:FF:FF:FF:FF] [ 1|54 ACKs]13:36:14  Sending 64 directed DeAuth (code 7). STMAC: [FF:FF:FF:FF:FF:FF] [ 1|55 ACKs]13:36:14  Sending 64 directed DeAuth (code 7). STMAC: [FF:FF:FF:FF:FF:FF] [ 1|56 ACKs]13:36:14  Sending 64 directed DeAuth (code 7). STMAC: [FF:FF:FF:FF:FF:FF] [ 1|57 ACKs]13:36:14  Sending 64 directed DeAuth (code 7). STMAC: [FF:FF:FF:FF:FF:FF] [ 1|58 ACKs]13:36:14  Sending 64 directed DeAuth (code 7). STMAC: [FF:FF:FF:FF:FF:FF] [ 1|59 ACKs]13:36:14  Sending 64 directed DeAuth (code 7). STMAC: [FF:FF:FF:FF:FF:FF] [ 1|60 ACKs]13:36:14  Sending 64 directed DeAuth (code 7). STMAC: [FF:FF:FF:FF:FF:FF] [ 1|61 ACKs]13:36:14  Sending 64 directed DeAuth (code 7). STMAC: [FF:FF:FF:FF:FF:FF] [ 1|62 ACKs]13:36:14  Sending 64 directed DeAuth (code 7). STMAC: [FF:FF:FF:FF:FF:FF] [ 1|63 ACKs]13:36:14  Sending 64 directed DeAuth (code 7). STMAC: [FF:FF:FF:FF:FF:FF] [ 1|64 ACKs]
13:36:14  Sending 64 directed DeAuth (code 7). STMAC: [FF:FF:FF:FF:FF:FF] [ 0| 0 ACKs]13:36:14  Sending 64 directed DeAuth (code 7). STMAC: [FF:FF:FF:FF:FF:FF] [ 0| 1 ACKs]13:36:14  Sending 64 directed DeAuth (code 7). STMAC: [FF:FF:FF:FF:FF:FF] [ 0| 2 ACKs]13:36:14  Sending 64 directed DeAuth (code 7). STMAC: [FF:FF:FF:FF:FF:FF] [ 0| 3 ACKs]13:36:14  Sending 64 directed DeAuth (code 7). STMAC: [FF:FF:FF:FF:FF:FF] [ 0| 4 ACKs]13:36:14  Sending 64 directed DeAuth (code 7). STMAC: [FF:FF:FF:FF:FF:FF] [ 0| 5 ACKs]13:36:14  Sending 64 directed DeAuth (code 7). STMAC: [FF:FF:FF:FF:FF:FF] [ 0| 6 ACKs]13:36:14  Sending 64 directed DeAuth (code 7). STMAC: [FF:FF:FF:FF:FF:FF] [ 0| 7 ACKs]13:36:14  Sending 64 directed DeAuth (code 7). STMAC: [FF:FF:FF:FF:FF:FF] [ 0| 8 ACKs]13:36:14  Sending 64 directed DeAuth (code 7). STMAC: [FF:FF:FF:FF:FF:FF] [ 0| 9 ACKs]13:36:14  Sending 64 directed DeAuth (code 7). STMAC: [FF:FF:FF:FF:FF:FF] [ 0|10 ACKs]13:36:14  Sending 64 directed DeAuth (code 7). STMAC: [FF:FF:FF:FF:FF:FF] [ 0|11 ACKs]13:36:14  Sending 64 directed DeAuth (code 7). STMAC: [FF:FF:FF:FF:FF:FF] [ 0|12 ACKs]13:36:14  Sending 64 directed DeAuth (code 7). STMAC: [FF:FF:FF:FF:FF:FF] [ 0|13 ACKs]13:36:14  Sending 64 directed DeAuth (code 7). STMAC: [FF:FF:FF:FF:FF:FF] [ 0|14 ACKs]13:36:14  Sending 64 directed DeAuth (code 7). STMAC: [FF:FF:FF:FF:FF:FF] [ 0|15 ACKs]13:36:14  Sending 64 directed DeAuth (code 7). STMAC: [FF:FF:FF:FF:FF:FF] [ 0|16 ACKs]13:36:14  Sending 64 directed DeAuth (code 7). STMAC: [FF:FF:FF:FF:FF:FF] [ 0|17 ACKs]13:36:14  Sending 64 directed DeAuth (code 7). STMAC: [FF:FF:FF:FF:FF:FF] [ 0|18 ACKs]13:36:14  Sending 64 directed DeAuth (code 7). STMAC: [FF:FF:FF:FF:FF:FF] [ 0|19 ACKs]13:36:14  Sending 64 directed DeAuth (code 7). STMAC: [FF:FF:FF:FF:FF:FF] [ 0|20 ACKs]13:36:14  Sending 64 directed DeAuth (code 7). STMAC: [FF:FF:FF:FF:FF:FF] [ 0|21 ACKs]13:36:14  Sending 64 directed DeAuth (code 7). STMAC: [FF:FF:FF:FF:FF:FF] [ 0|22 ACKs]13:36:14  Sending 64 directed DeAuth (code 7). STMAC: [FF:FF:FF:FF:FF:FF] [ 1|22 ACKs]13:36:14  Sending 64 directed DeAuth (code 7). STMAC: [FF:FF:FF:FF:FF:FF] [ 1|23 ACKs]13:36:14  Sending 64 directed DeAuth (code 7). STMAC: [FF:FF:FF:FF:FF:FF] [ 2|23 ACKs]13:36:14  Sending 64 directed DeAuth (code 7). STMAC: [FF:FF:FF:FF:FF:FF] [ 2|24 ACKs]13:36:14  Sending 64 directed DeAuth (code 7). STMAC: [FF:FF:FF:FF:FF:FF] [ 3|24 ACKs]13:36:14  Sending 64 directed DeAuth (code 7). STMAC: [FF:FF:FF:FF:FF:FF] [ 3|25 ACKs]13:36:14  Sending 64 directed DeAuth (code 7). STMAC: [FF:FF:FF:FF:FF:FF] [ 4|25 ACKs]13:36:14  Sending 64 directed DeAuth (code 7). STMAC: [FF:FF:FF:FF:FF:FF] [ 4|26 ACKs]13:36:14  Sending 64 directed DeAuth (code 7). STMAC: [FF:FF:FF:FF:FF:FF] [ 5|26 ACKs]13:36:14  Sending 64 directed DeAuth (code 7). STMAC: [FF:FF:FF:FF:FF:FF] [ 5|27 ACKs]13:36:14  Sending 64 directed DeAuth (code 7). STMAC: [FF:FF:FF:FF:FF:FF] [ 6|27 ACKs]13:36:14  Sending 64 directed DeAuth (code 7). STMAC: [FF:FF:FF:FF:FF:FF] [ 6|28 ACKs]13:36:14  Sending 64 directed DeAuth (code 7). STMAC: [FF:FF:FF:FF:FF:FF] [ 7|28 ACKs]13:36:14  Sending 64 directed DeAuth (code 7). STMAC: [FF:FF:FF:FF:FF:FF] [ 7|29 ACKs]13:36:14  Sending 64 directed DeAuth (code 7). STMAC: [FF:FF:FF:FF:FF:FF] [ 7|30 ACKs]13:36:14  Sending 64 directed DeAuth (code 7). STMAC: [FF:FF:FF:FF:FF:FF] [ 8|30 ACKs]13:36:14  Sending 64 directed DeAuth (code 7). STMAC: [FF:FF:FF:FF:FF:FF] [ 8|31 ACKs]13:36:14  Sending 64 directed DeAuth (code 7). STMAC: [FF:FF:FF:FF:FF:FF] [ 9|31 ACKs]13:36:14  Sending 64 directed DeAuth (code 7). STMAC: [FF:FF:FF:FF:FF:FF] [ 9|32 ACKs]13:36:14  Sending 64 directed DeAuth (code 7). STMAC: [FF:FF:FF:FF:FF:FF] [10|32 ACKs]13:36:14  Sending 64 directed DeAuth (code 7). STMAC: [FF:FF:FF:FF:FF:FF] [10|33 ACKs]13:36:14  Sending 64 directed DeAuth (code 7). STMAC: [FF:FF:FF:FF:FF:FF] [11|33 ACKs]13:36:14  Sending 64 directed DeAuth (code 7). STMAC: [FF:FF:FF:FF:FF:FF] [11|34 ACKs]13:36:14  Sending 64 directed DeAuth (code 7). STMAC: [FF:FF:FF:FF:FF:FF] [11|35 ACKs]13:36:14  Sending 64 directed DeAuth (code 7). STMAC: [FF:FF:FF:FF:FF:FF] [12|35 ACKs]13:36:14  Sending 64 directed DeAuth (code 7). STMAC: [FF:FF:FF:FF:FF:FF] [12|36 ACKs]13:36:14  Sending 64 directed DeAuth (code 7). STMAC: [FF:FF:FF:FF:FF:FF] [13|36 ACKs]13:36:14  Sending 64 directed DeAuth (code 7). STMAC: [FF:FF:FF:FF:FF:FF] [13|37 ACKs]13:36:14  Sending 64 directed DeAuth (code 7). STMAC: [FF:FF:FF:FF:FF:FF] [14|37 ACKs]13:36:14  Sending 64 directed DeAuth (code 7). STMAC: [FF:FF:FF:FF:FF:FF] [14|38 ACKs]13:36:14  Sending 64 directed DeAuth (code 7). STMAC: [FF:FF:FF:FF:FF:FF] [15|38 ACKs]13:36:14  Sending 64 directed DeAuth (code 7). STMAC: [FF:FF:FF:FF:FF:FF] [15|39 ACKs]13:36:14  Sending 64 directed DeAuth (code 7). STMAC: [FF:FF:FF:FF:FF:FF] [15|39 ACKs]13:36:14  Sending 64 directed DeAuth (code 7). STMAC: [FF:FF:FF:FF:FF:FF] [15|40 ACKs]13:36:14  Sending 64 directed DeAuth (code 7). STMAC: [FF:FF:FF:FF:FF:FF] [16|40 ACKs]13:36:14  Sending 64 directed DeAuth (code 7). STMAC: [FF:FF:FF:FF:FF:FF] [16|41 ACKs]13:36:14  Sending 64 directed DeAuth (code 7). STMAC: [FF:FF:FF:FF:FF:FF] [17|41 ACKs]13:36:14  Sending 64 directed DeAuth (code 7). STMAC: [FF:FF:FF:FF:FF:FF] [17|42 ACKs]13:36:14  Sending 64 directed DeAuth (code 7). STMAC: [FF:FF:FF:FF:FF:FF] [18|42 AC