
!!!!!!!!!!!!!!!!!!!!!!!!!!!!!!!!!!!!!!!!!!!!!!!!!!!!!!!!!!!!!!!!!!!!!!!!!!!!!!!!
[ALERT] ALERT-000001 | RTS_CTS_FLOOD_GLOBAL
severity: MEDIUM
time: 2026-05-16T19:09:02.385705
message: Wykryto możliwy RTS/CTS Flood: 86 ramek RTS oraz 64 ramek CTS w oknie 5s.
evidence: {'rts_count': 86, 'cts_count': 64, 'combined_count': 150, 'window_seconds': 5, 'rts_count_threshold': 100, 'cts_count_threshold': 100, 'combined_count_threshold': 150, 'triggered_reasons': ['high_combined_rts_cts_rate'], 'unique_source_count': 2, 'unique_destination_count': 2, 'sample_sources': ['76:d9:b6:fc:28:ac', 'd8:d7:75:45:81:24'], 'sample_destinations': ['76:d9:b6:fc:28:ac', 'd8:d7:75:45:81:24']}
!!!!!!!!!!!!!!!!!!!!!!!!!!!!!!!!!!!!!!!!!!!!!!!!!!!!!!!!!!!!!!!!!!!!!!!!!!!!!!!!


!!!!!!!!!!!!!!!!!!!!!!!!!!!!!!!!!!!!!!!!!!!!!!!!!!!!!!!!!!!!!!!!!!!!!!!!!!!!!!!!
[ALERT] ALERT-000002 | RTS_FLOOD_SOURCE
severity: MEDIUM
time: 2026-05-16T19:09:02.538911
message: Wykryto możliwy RTS Flood z pojedynczego źródła: 50 ramek RTS z adresu d8:d7:75:45:81:24 w oknie 5s.
evidence: {'source_mac': 'd8:d7:75:45:81:24', 'rts_count': 50, 'unique_destination_count': 1, 'rts_per_source_threshold': 50, 'window_seconds': 5, 'sample_destinations': ['76:d9:b6:fc:28:ac']}
!!!!!!!!!!!!!!!!!!!!!!!!!!!!!!!!!!!!!!!!!!!!!!!!!!!!!!!!!!!!!!!!!!!!!!!!!!!!!!!!


!!!!!!!!!!!!!!!!!!!!!!!!!!!!!!!!!!!!!!!!!!!!!!!!!!!!!!!!!!!!!!!!!!!!!!!!!!!!!!!!
[ALERT] ALERT-000003 | RTS_FLOOD_SOURCE
severity: MEDIUM
time: 2026-05-16T19:09:02.620164
message: Wykryto możliwy RTS Flood z pojedynczego źródła: 50 ramek RTS z adresu 76:d9:b6:fc:28:ac w oknie 5s.
evidence: {'source_mac': '76:d9:b6:fc:28:ac', 'rts_count': 50, 'unique_destination_count': 1, 'rts_per_source_threshold': 50, 'window_seconds': 5, 'sample_destinations': ['d8:d7:75:45:81:24']}
!!!!!!!!!!!!!!!!!!!!!!!!!!!!!!!!!!!!!!!!!!!!!!!!!!!!!!!!!!!!!!!!!!!!!!!!!!!!!!!!


!!!!!!!!!!!!!!!!!!!!!!!!!!!!!!!!!!!!!!!!!!!!!!!!!!!!!!!!!!!!!!!!!!!!!!!!!!!!!!!!
[ALERT] ALERT-000004 | RTS_CTS_FLOOD_GLOBAL
severity: CRITICAL
time: 2026-05-16T19:09:07.388301
message: Wykryto możliwy RTS/CTS Flood: 324 ramek RTS oraz 284 ramek CTS w oknie 5s.
evidence: {'rts_count': 324, 'cts_count': 284, 'combined_count': 608, 'window_seconds': 5, 'rts_count_threshold': 100, 'cts_count_threshold': 100, 'combined_count_threshold': 150, 'triggered_reasons': ['high_rts_rate', 'high_cts_rate', 'high_combined_rts_cts_rate'], 'unique_source_count': 3, 'unique_destination_count': 4, 'sample_sources': ['76:d9:b6:fc:28:ac', 'd8:d7:75:45:81:24', '54:35:30:cf:ee:1e'], 'sample_destinations': ['76:d9:b6:fc:28:ac', 'd8:d7:75:45:81:24', '54:35:30:cf:ee:1e', 'e0:3e:44:04:28:ac']}
!!!!!!!!!!!!!!!!!!!!!!!!!!!!!!!!!!!!!!!!!!!!!!!!!!!!!!!!!!!!!!!!!!!!!!!!!!!!!!!!


!!!!!!!!!!!!!!!!!!!!!!!!!!!!!!!!!!!!!!!!!!!!!!!!!!!!!!!!!!!!!!!!!!!!!!!!!!!!!!!!
[ALERT] ALERT-000005 | RTS_FLOOD_SOURCE
severity: HIGH
time: 2026-05-16T19:09:07.816997
message: Wykryto możliwy RTS Flood z pojedynczego źródła: 147 ramek RTS z adresu d8:d7:75:45:81:24 w oknie 5s.
evidence: {'source_mac': 'd8:d7:75:45:81:24', 'rts_count': 147, 'unique_destination_count': 1, 'rts_per_source_threshold': 50, 'window_seconds': 5, 'sample_destinations': ['76:d9:b6:fc:28:ac']}
!!!!!!!!!!!!!!!!!!!!!!!!!!!!!!!!!!!!!!!!!!!!!!!!!!!!!!!!!!!!!!!!!!!!!!!!!!!!!!!!


!!!!!!!!!!!!!!!!!!!!!!!!!!!!!!!!!!!!!!!!!!!!!!!!!!!!!!!!!!!!!!!!!!!!!!!!!!!!!!!!
[ALERT] ALERT-000006 | RTS_FLOOD_SOURCE
severity: CRITICAL
time: 2026-05-16T19:09:07.897075
message: Wykryto możliwy RTS Flood z pojedynczego źródła: 166 ramek RTS z adresu 76:d9:b6:fc:28:ac w oknie 5s.
evidence: {'source_mac': '76:d9:b6:fc:28:ac', 'rts_count': 166, 'unique_destination_count': 1, 'rts_per_source_threshold': 50, 'window_seconds': 5, 'sample_destinations': ['d8:d7:75:45:81:24']}
!!!!!!!!!!!!!!!!!!!!!!!!!!!!!!!!!!!!!!!!!!!!!!!!!!!!!!!!!!!!!!!!!!!!!!!!!!!!!!!!


!!!!!!!!!!!!!!!!!!!!!!!!!!!!!!!!!!!!!!!!!!!!!!!!!!!!!!!!!!!!!!!!!!!!!!!!!!!!!!!!
[ALERT] ALERT-000007 | RTS_FLOOD_SOURCE
severity: MEDIUM
time: 2026-05-16T19:09:32.537717
message: Wykryto możliwy RTS Flood z pojedynczego źródła: 50 ramek RTS z adresu d8:d7:75:45:81:24 w oknie 5s.
evidence: {'source_mac': 'd8:d7:75:45:81:24', 'rts_count': 50, 'unique_destination_count': 2, 'rts_per_source_threshold': 50, 'window_seconds': 5, 'sample_destinations': ['36:0b:67:ef:6b:92', '76:d9:b6:fc:28:ac']}
!!!!!!!!!!!!!!!!!!!!!!!!!!!!!!!!!!!!!!!!!!!!!!!!!!!!!!!!!!!!!!!!!!!!!!!!!!!!!!!!


!!!!!!!!!!!!!!!!!!!!!!!!!!!!!!!!!!!!!!!!!!!!!!!!!!!!!!!!!!!!!!!!!!!!!!!!!!!!!!!!
[ALERT] ALERT-000008 | RTS_CTS_FLOOD_GLOBAL
severity: MEDIUM
time: 2026-05-16T19:09:32.577411
message: Wykryto możliwy RTS/CTS Flood: 100 ramek RTS oraz 11 ramek CTS w oknie 5s.
evidence: {'rts_count': 100, 'cts_count': 11, 'combined_count': 111, 'window_seconds': 5, 'rts_count_threshold': 100, 'cts_count_threshold': 100, 'combined_count_threshold': 150, 'triggered_reasons': ['high_rts_rate'], 'unique_source_count': 3, 'unique_destination_count': 4, 'sample_sources': ['36:0b:67:ef:6b:92', 'd8:d7:75:45:81:24', '54:35:30:cf:ee:1e'], 'sample_destinations': ['76:d9:b6:fc:28:ac', '36:0b:67:ef:6b:92', 'd8:d7:75:45:81:24', '54:35:30:cf:ee:1e']}
!!!!!!!!!!!!!!!!!!!!!!!!!!!!!!!!!!!!!!!!!!!!!!!!!!!!!!!!!!!!!!!!!!!!!!!!!!!!!!!!


!!!!!!!!!!!!!!!!!!!!!!!!!!!!!!!!!!!!!!!!!!!!!!!!!!!!!!!!!!!!!!!!!!!!!!!!!!!!!!!!
[ALERT] ALERT-000009 | RTS_FLOOD_SOURCE
severity: MEDIUM
time: 2026-05-16T19:09:34.922082
message: Wykryto możliwy RTS Flood z pojedynczego źródła: 50 ramek RTS z adresu 36:0b:67:ef:6b:92 w oknie 5s.
evidence: {'source_mac': '36:0b:67:ef:6b:92', 'rts_count': 50, 'unique_destination_count': 1, 'rts_per_source_threshold': 50, 'window_seconds': 5, 'sample_destinations': ['d8:d7:75:45:81:24']}
!!!!!!!!!!!!!!!!!!!!!!!!!!!!!!!!!!!!!!!!!!!!!!!!!!!!!!!!!!!!!!!!!!!!!!!!!!!!!!!!


!!!!!!!!!!!!!!!!!!!!!!!!!!!!!!!!!!!!!!!!!!!!!!!!!!!!!!!!!!!!!!!!!!!!!!!!!!!!!!!!
[ALERT] ALERT-000010 | RTS_FLOOD_SOURCE
severity: CRITICAL
time: 2026-05-16T19:09:37.561797
message: Wykryto możliwy RTS Flood z pojedynczego źródła: 427 ramek RTS z adresu d8:d7:75:45:81:24 w oknie 5s.
evidence: {'source_mac': 'd8:d7:75:45:81:24', 'rts_count': 427, 'unique_destination_count': 3, 'rts_per_source_threshold': 50, 'window_seconds': 5, 'sample_destinations': ['36:0b:67:ef:6b:92', '76:d9:b6:fc:28:ac', '54:35:30:cf:ee:1e']}
!!!!!!!!!!!!!!!!!!!!!!!!!!!!!!!!!!!!!!!!!!!!!!!!!!!!!!!!!!!!!!!!!!!!!!!!!!!!!!!!


!!!!!!!!!!!!!!!!!!!!!!!!!!!!!!!!!!!!!!!!!!!!!!!!!!!!!!!!!!!!!!!!!!!!!!!!!!!!!!!!
[ALERT] ALERT-000011 | RTS_CTS_FLOOD_GLOBAL
severity: CRITICAL
time: 2026-05-16T19:09:37.600673
message: Wykryto możliwy RTS/CTS Flood: 446 ramek RTS oraz 144 ramek CTS w oknie 5s.
evidence: {'rts_count': 446, 'cts_count': 144, 'combined_count': 590, 'window_seconds': 5, 'rts_count_threshold': 100, 'cts_count_threshold': 100, 'combined_count_threshold': 150, 'triggered_reasons': ['high_rts_rate', 'high_cts_rate', 'high_combined_rts_cts_rate'], 'unique_source_count': 3, 'unique_destination_count': 5, 'sample_sources': ['36:0b:67:ef:6b:92', 'd8:d7:75:45:81:24', '54:35:30:cf:ee:1e'], 'sample_destinations': ['e6:12:a8:93:5a:78', '54:35:30:cf:ee:1e', '36:0b:67:ef:6b:92', 'd8:d7:75:45:81:24', '76:d9:b6:fc:28:ac']}
!!!!!!!!!!!!!!!!!!!!!!!!!!!!!!!!!!!!!!!!!!!!!!!!!!!!!!!!!!!!!!!!!!!!!!!!!!!!!!!!


!!!!!!!!!!!!!!!!!!!!!!!!!!!!!!!!!!!!!!!!!!!!!!!!!!!!!!!!!!!!!!!!!!!!!!!!!!!!!!!!
[ALERT] ALERT-000012 | RTS_FLOOD_SOURCE
severity: MEDIUM
time: 2026-05-16T19:09:41.300797
message: Wykryto możliwy RTS Flood z pojedynczego źródła: 50 ramek RTS z adresu 36:0b:67:ef:6b:92 w oknie 5s.
evidence: {'source_mac': '36:0b:67:ef:6b:92', 'rts_count': 50, 'unique_destination_count': 1, 'rts_per_source_threshold': 50, 'window_seconds': 5, 'sample_destinations': ['d8:d7:75:45:81:24']}
!!!!!!!!!!!!!!!!!!!!!!!!!!!!!!!!!!!!!!!!!!!!!!!!!!!!!!!!!!!!!!!!!!!!!!!!!!!!!!!!


!!!!!!!!!!!!!!!!!!!!!!!!!!!!!!!!!!!!!!!!!!!!!!!!!!!!!!!!!!!!!!!!!!!!!!!!!!!!!!!!
[ALERT] ALERT-000013 | RTS_FLOOD_SOURCE
severity: CRITICAL
time: 2026-05-16T19:09:42.587628
message: Wykryto możliwy RTS Flood z pojedynczego źródła: 189 ramek RTS z adresu d8:d7:75:45:81:24 w oknie 5s.
evidence: {'source_mac': 'd8:d7:75:45:81:24', 'rts_count': 189, 'unique_destination_count': 1, 'rts_per_source_threshold': 50, 'window_seconds': 5, 'sample_destinations': ['36:0b:67:ef:6b:92']}
!!!!!!!!!!!!!!!!!!!!!!!!!!!!!!!!!!!!!!!!!!!!!!!!!!!!!!!!!!!!!!!!!!!!!!!!!!!!!!!!


!!!!!!!!!!!!!!!!!!!!!!!!!!!!!!!!!!!!!!!!!!!!!!!!!!!!!!!!!!!!!!!!!!!!!!!!!!!!!!!!
[ALERT] ALERT-000014 | RTS_CTS_FLOOD_GLOBAL
severity: CRITICAL
time: 2026-05-16T19:09:42.657891
message: Wykryto możliwy RTS/CTS Flood: 227 ramek RTS oraz 93 ramek CTS w oknie 5s.
evidence: {'rts_count': 227, 'cts_count': 93, 'combined_count': 320, 'window_seconds': 5, 'rts_count_threshold': 100, 'cts_count_threshold': 100, 'combined_count_threshold': 150, 'triggered_reasons': ['high_rts_rate', 'high_combined_rts_cts_rate'], 'unique_source_count': 2, 'unique_destination_count': 2, 'sample_sources': ['36:0b:67:ef:6b:92', 'd8:d7:75:45:81:24'], 'sample_destinations': ['36:0b:67:ef:6b:92', 'd8:d7:75:45:81:24']}
!!!!!!!!!!!!!!!!!!!!!!!!!!!!!!!!!!!!!!!!!!!!!!!!!!!!!!!!!!!!!!!!!!!!!!!!!!!!!!!!


!!!!!!!!!!!!!!!!!!!!!!!!!!!!!!!!!!!!!!!!!!!!!!!!!!!!!!!!!!!!!!!!!!!!!!!!!!!!!!!!
[ALERT] ALERT-000015 | RTS_FLOOD_SOURCE
severity: MEDIUM
time: 2026-05-16T19:09:46.322741
message: Wykryto możliwy RTS Flood z pojedynczego źródła: 52 ramek RTS z adresu 36:0b:67:ef:6b:92 w oknie 5s.
evidence: {'source_mac': '36:0b:67:ef:6b:92', 'rts_count': 52, 'unique_destination_count': 1, 'rts_per_source_threshold': 50, 'window_seconds': 5, 'sample_destinations': ['d8:d7:75:45:81:24']}
!!!!!!!!!!!!!!!!!!!!!!!!!!!!!!!!!!!!!!!!!!!!!!!!!!!!!!!!!!!!!!!!!!!!!!!!!!!!!!!!


!!!!!!!!!!!!!!!!!!!!!!!!!!!!!!!!!!!!!!!!!!!!!!!!!!!!!!!!!!!!!!!!!!!!!!!!!!!!!!!!
[ALERT] ALERT-000016 | RTS_CTS_FLOOD_GLOBAL
severity: HIGH
time: 2026-05-16T19:09:47.764390
message: Wykryto możliwy RTS/CTS Flood: 172 ramek RTS oraz 37 ramek CTS w oknie 5s.
evidence: {'rts_count': 172, 'cts_count': 37, 'combined_count': 209, 'window_seconds': 5, 'rts_count_threshold': 100, 'cts_count_threshold': 100, 'combined_count_threshold': 150, 'triggered_reasons': ['high_rts_rate', 'high_combined_rts_cts_rate'], 'unique_source_count': 2, 'unique_destination_count': 3, 'sample_sources': ['36:0b:67:ef:6b:92', 'd8:d7:75:45:81:24'], 'sample_destinations': ['36:0b:67:ef:6b:92', 'd8:d7:75:45:81:24', 'e6:12:a8:93:5a:78']}
!!!!!!!!!!!!!!!!!!!!!!!!!!!!!!!!!!!!!!!!!!!!!!!!!!!!!!!!!!!!!!!!!!!!!!!!!!!!!!!!


!!!!!!!!!!!!!!!!!!!!!!!!!!!!!!!!!!!!!!!!!!!!!!!!!!!!!!!!!!!!!!!!!!!!!!!!!!!!!!!!
[ALERT] ALERT-000017 | RTS_FLOOD_SOURCE
severity: HIGH
time: 2026-05-16T19:09:47.764390
message: Wykryto możliwy RTS Flood z pojedynczego źródła: 126 ramek RTS z adresu d8:d7:75:45:81:24 w oknie 5s.
evidence: {'source_mac': 'd8:d7:75:45:81:24', 'rts_count': 126, 'unique_destination_count': 2, 'rts_per_source_threshold': 50, 'window_seconds': 5, 'sample_destinations': ['36:0b:67:ef:6b:92', 'e6:12:a8:93:5a:78']}
!!!!!!!!!!!!!!!!!!!!!!!!!!!!!!!!!!!!!!!!!!!!!!!!!!!!!!!!!!!!!!!!!!!!!!!!!!!!!!!!


!!!!!!!!!!!!!!!!!!!!!!!!!!!!!!!!!!!!!!!!!!!!!!!!!!!!!!!!!!!!!!!!!!!!!!!!!!!!!!!!
[ALERT] ALERT-000018 | RTS_FLOOD_SOURCE
severity: MEDIUM
time: 2026-05-16T19:09:55.166118
message: Wykryto możliwy RTS Flood z pojedynczego źródła: 50 ramek RTS z adresu d8:d7:75:45:81:24 w oknie 5s.
evidence: {'source_mac': 'd8:d7:75:45:81:24', 'rts_count': 50, 'unique_destination_count': 1, 'rts_per_source_threshold': 50, 'window_seconds': 5, 'sample_destinations': ['36:0b:67:ef:6b:92']}
!!!!!!!!!!!!!!!!!!!!!!!!!!!!!!!!!!!!!!!!!!!!!!!!!!!!!!!!!!!!!!!!!!!!!!!!!!!!!!!!


!!!!!!!!!!!!!!!!!!!!!!!!!!!!!!!!!!!!!!!!!!!!!!!!!!!!!!!!!!!!!!!!!!!!!!!!!!!!!!!!
[ALERT] ALERT-000019 | RTS_CTS_FLOOD_GLOBAL
severity: MEDIUM
time: 2026-05-16T19:09:55.323067
message: Wykryto możliwy RTS/CTS Flood: 100 ramek RTS oraz 22 ramek CTS w oknie 5s.
evidence: {'rts_count': 100, 'cts_count': 22, 'combined_count': 122, 'window_seconds': 5, 'rts_count_threshold': 100, 'cts_count_threshold': 100, 'combined_count_threshold': 150, 'triggered_reasons': ['high_rts_rate'], 'unique_source_count': 2, 'unique_destination_count': 2, 'sample_sources': ['36:0b:67:ef:6b:92', 'd8:d7:75:45:81:24'], 'sample_destinations': ['36:0b:67:ef:6b:92', 'd8:d7:75:45:81:24']}
!!!!!!!!!!!!!!!!!!!!!!!!!!!!!!!!!!!!!!!!!!!!!!!!!!!!!!!!!!!!!!!!!!!!!!!!!!!!!!!!


!!!!!!!!!!!!!!!!!!!!!!!!!!!!!!!!!!!!!!!!!!!!!!!!!!!!!!!!!!!!!!!!!!!!!!!!!!!!!!!!
[ALERT] ALERT-000020 | RTS_FLOOD_SOURCE
severity: MEDIUM
time: 2026-05-16T19:09:56.535053
message: Wykryto możliwy RTS Flood z pojedynczego źródła: 50 ramek RTS z adresu 36:0b:67:ef:6b:92 w oknie 5s.
evidence: {'source_mac': '36:0b:67:ef:6b:92', 'rts_count': 50, 'unique_destination_count': 1, 'rts_per_source_threshold': 50, 'window_seconds': 5, 'sample_destinations': ['d8:d7:75:45:81:24']}
!!!!!!!!!!!!!!!!!!!!!!!!!!!!!!!!!!!!!!!!!!!!!!!!!!!!!!!!!!!!!!!!!!!!!!!!!!!!!!!!


!!!!!!!!!!!!!!!!!!!!!!!!!!!!!!!!!!!!!!!!!!!!!!!!!!!!!!!!!!!!!!!!!!!!!!!!!!!!!!!!
[ALERT] ALERT-000021 | RTS_FLOOD_SOURCE
severity: CRITICAL
time: 2026-05-16T19:10:00.198868
message: Wykryto możliwy RTS Flood z pojedynczego źródła: 236 ramek RTS z adresu d8:d7:75:45:81:24 w oknie 5s.
evidence: {'source_mac': 'd8:d7:75:45:81:24', 'rts_count': 236, 'unique_destination_count': 1, 'rts_per_source_threshold': 50, 'window_seconds': 5, 'sample_destinations': ['36:0b:67:ef:6b:92']}
!!!!!!!!!!!!!!!!!!!!!!!!!!!!!!!!!!!!!!!!!!!!!!!!!!!!!!!!!!!!!!!!!!!!!!!!!!!!!!!!


!!!!!!!!!!!!!!!!!!!!!!!!!!!!!!!!!!!!!!!!!!!!!!!!!!!!!!!!!!!!!!!!!!!!!!!!!!!!!!!!
[ALERT] ALERT-000022 | RTS_CTS_FLOOD_GLOBAL
severity: CRITICAL
time: 2026-05-16T19:10:00.343691
message: Wykryto możliwy RTS/CTS Flood: 294 ramek RTS oraz 83 ramek CTS w oknie 5s.
evidence: {'rts_count': 294, 'cts_count': 83, 'combined_count': 377, 'window_seconds': 5, 'rts_count_threshold': 100, 'cts_count_threshold': 100, 'combined_count_threshold': 150, 'triggered_reasons': ['high_rts_rate', 'high_combined_rts_cts_rate'], 'unique_source_count': 2, 'unique_destination_count': 2, 'sample_sources': ['36:0b:67:ef:6b:92', 'd8:d7:75:45:81:24'], 'sample_destinations': ['36:0b:67:ef:6b:92', 'd8:d7:75:45:81:24']}
!!!!!!!!!!!!!!!!!!!!!!!!!!!!!!!!!!!!!!!!!!!!!!!!!!!!!!!!!!!!!!!!!!!!!!!!!!!!!!!!


!!!!!!!!!!!!!!!!!!!!!!!!!!!!!!!!!!!!!!!!!!!!!!!!!!!!!!!!!!!!!!!!!!!!!!!!!!!!!!!!
[ALERT] ALERT-000023 | RTS_FLOOD_SOURCE
severity: MEDIUM
time: 2026-05-16T19:10:05.546965
message: Wykryto możliwy RTS Flood z pojedynczego źródła: 50 ramek RTS z adresu d8:d7:75:45:81:24 w oknie 5s.
evidence: {'source_mac': 'd8:d7:75:45:81:24', 'rts_count': 50, 'unique_destination_count': 2, 'rts_per_source_threshold': 50, 'window_seconds': 5, 'sample_destinations': ['36:0b:67:ef:6b:92', 'e6:12:a8:93:5a:78']}
!!!!!!!!!!!!!!!!!!!!!!!!!!!!!!!!!!!!!!!!!!!!!!!!!!!!!!!!!!!!!!!!!!!!!!!!!!!!!!!!


!!!!!!!!!!!!!!!!!!!!!!!!!!!!!!!!!!!!!!!!!!!!!!!!!!!!!!!!!!!!!!!!!!!!!!!!!!!!!!!!
[ALERT] ALERT-000024 | RTS_CTS_FLOOD_GLOBAL
severity: MEDIUM
time: 2026-05-16T19:10:06.337829
message: Wykryto możliwy RTS/CTS Flood: 96 ramek RTS oraz 54 ramek CTS w oknie 5s.
evidence: {'rts_count': 96, 'cts_count': 54, 'combined_count': 150, 'window_seconds': 5, 'rts_count_threshold': 100, 'cts_count_threshold': 100, 'combined_count_threshold': 150, 'triggered_reasons': ['high_combined_rts_cts_rate'], 'unique_source_count': 2, 'unique_destination_count': 3, 'sample_sources': ['36:0b:67:ef:6b:92', 'd8:d7:75:45:81:24'], 'sample_destinations': ['36:0b:67:ef:6b:92', 'd8:d7:75:45:81:24', 'e6:12:a8:93:5a:78']}
!!!!!!!!!!!!!!!!!!!!!!!!!!!!!!!!!!!!!!!!!!!!!!!!!!!!!!!!!!!!!!!!!!!!!!!!!!!!!!!!


!!!!!!!!!!!!!!!!!!!!!!!!!!!!!!!!!!!!!!!!!!!!!!!!!!!!!!!!!!!!!!!!!!!!!!!!!!!!!!!!
[ALERT] ALERT-000025 | RTS_FLOOD_SOURCE
severity: MEDIUM
time: 2026-05-16T19:10:09.425616
message: Wykryto możliwy RTS Flood z pojedynczego źródła: 50 ramek RTS z adresu 36:0b:67:ef:6b:92 w oknie 5s.
evidence: {'source_mac': '36:0b:67:ef:6b:92', 'rts_count': 50, 'unique_destination_count': 1, 'rts_per_source_threshold': 50, 'window_seconds': 5, 'sample_destinations': ['d8:d7:75:45:81:24']}
!!!!!!!!!!!!!!!!!!!!!!!!!!!!!!!!!!!!!!!!!!!!!!!!!!!!!!!!!!!!!!!!!!!!!!!!!!!!!!!!


!!!!!!!!!!!!!!!!!!!!!!!!!!!!!!!!!!!!!!!!!!!!!!!!!!!!!!!!!!!!!!!!!!!!!!!!!!!!!!!!
[ALERT] ALERT-000026 | RTS_FLOOD_SOURCE
severity: CRITICAL
time: 2026-05-16T19:10:10.600680
message: Wykryto możliwy RTS Flood z pojedynczego źródła: 170 ramek RTS z adresu d8:d7:75:45:81:24 w oknie 5s.
evidence: {'source_mac': 'd8:d7:75:45:81:24', 'rts_count': 170, 'unique_destination_count': 1, 'rts_per_source_threshold': 50, 'window_seconds': 5, 'sample_destinations': ['36:0b:67:ef:6b:92']}
!!!!!!!!!!!!!!!!!!!!!!!!!!!!!!!!!!!!!!!!!!!!!!!!!!!!!!!!!!!!!!!!!!!!!!!!!!!!!!!!


================================================================================
STATISTICS after 10.1s
--------------------------------------------------------------------------------
total frames: 7146

by frame type:
  control: 5875
  data: 648
  management: 623

by frame subtype:
  rts: 2162
  block_ack: 2035
  cts: 936
  ack: 716
  beacon: 525
  qos_null: 348
  null_data: 180
  data: 90
  probe_response: 44
  qos_data: 30
  block_ack_request: 24
  probe_request: 20
  deauthentication: 17
  action: 14
  authentication: 2
  reassociation_request: 1
  ps_poll: 1
  cf_end: 1

unique SSIDs: 3
unique BSSIDs: 11
================================================================================

!!!!!!!!!!!!!!!!!!!!!!!!!!!!!!!!!!!!!!!!!!!!!!!!!!!!!!!!!!!!!!!!!!!!!!!!!!!!!!!!
[ALERT] ALERT-000027 | RTS_CTS_FLOOD_GLOBAL
severity: CRITICAL
time: 2026-05-16T19:10:11.494508
message: Wykryto możliwy RTS/CTS Flood: 224 ramek RTS oraz 97 ramek CTS w oknie 5s.
evidence: {'rts_count': 224, 'cts_count': 97, 'combined_count': 321, 'window_seconds': 5, 'rts_count_threshold': 100, 'cts_count_threshold': 100, 'combined_count_threshold': 150, 'triggered_reasons': ['high_rts_rate', 'high_combined_rts_cts_rate'], 'unique_source_count': 2, 'unique_destination_count': 2, 'sample_sources': ['36:0b:67:ef:6b:92', 'd8:d7:75:45:81:24'], 'sample_destinations': ['36:0b:67:ef:6b:92', 'd8:d7:75:45:81:24']}
!!!!!!!!!!!!!!!!!!!!!!!!!!!!!!!!!!!!!!!!!!!!!!!!!!!!!!!!!!!!!!!!!!!!!!!!!!!!!!!!


!!!!!!!!!!!!!!!!!!!!!!!!!!!!!!!!!!!!!!!!!!!!!!!!!!!!!!!!!!!!!!!!!!!!!!!!!!!!!!!!
[ALERT] ALERT-000028 | RTS_FLOOD_SOURCE
severity: MEDIUM
time: 2026-05-16T19:10:15.724550
message: Wykryto możliwy RTS Flood z pojedynczego źródła: 78 ramek RTS z adresu d8:d7:75:45:81:24 w oknie 5s.
evidence: {'source_mac': 'd8:d7:75:45:81:24', 'rts_count': 78, 'unique_destination_count': 2, 'rts_per_source_threshold': 50, 'window_seconds': 5, 'sample_destinations': ['36:0b:67:ef:6b:92', '76:d9:b6:fc:28:ac']}
!!!!!!!!!!!!!!!!!!!!!!!!!!!!!!!!!!!!!!!!!!!!!!!!!!!!!!!!!!!!!!!!!!!!!!!!!!!!!!!!


!!!!!!!!!!!!!!!!!!!!!!!!!!!!!!!!!!!!!!!!!!!!!!!!!!!!!!!!!!!!!!!!!!!!!!!!!!!!!!!!
[ALERT] ALERT-000029 | RTS_CTS_FLOOD_GLOBAL
severity: MEDIUM
time: 2026-05-16T19:10:16.546278
message: Wykryto możliwy RTS/CTS Flood: 101 ramek RTS oraz 25 ramek CTS w oknie 5s.
evidence: {'rts_count': 101, 'cts_count': 25, 'combined_count': 126, 'window_seconds': 5, 'rts_count_threshold': 100, 'cts_count_threshold': 100, 'combined_count_threshold': 150, 'triggered_reasons': ['high_rts_rate'], 'unique_source_count': 4, 'unique_destination_count': 4, 'sample_sources': ['36:0b:67:ef:6b:92', '76:d9:b6:fc:28:ac', 'd8:d7:75:45:81:24', '54:35:30:cf:ee:1e'], 'sample_destinations': ['76:d9:b6:fc:28:ac', '36:0b:67:ef:6b:92', 'd8:d7:75:45:81:24', '54:35:30:cf:ee:1e']}
!!!!!!!!!!!!!!!!!!!!!!!!!!!!!!!!!!!!!!!!!!!!!!!!!!!!!!!!!!!!!!!!!!!!!!!!!!!!!!!!


!!!!!!!!!!!!!!!!!!!!!!!!!!!!!!!!!!!!!!!!!!!!!!!!!!!!!!!!!!!!!!!!!!!!!!!!!!!!!!!!
[ALERT] ALERT-000030 | RTS_FLOOD_SOURCE
severity: MEDIUM
time: 2026-05-16T19:10:20.139827
message: Wykryto możliwy RTS Flood z pojedynczego źródła: 50 ramek RTS z adresu 36:0b:67:ef:6b:92 w oknie 5s.
evidence: {'source_mac': '36:0b:67:ef:6b:92', 'rts_count': 50, 'unique_destination_count': 1, 'rts_per_source_threshold': 50, 'window_seconds': 5, 'sample_destinations': ['d8:d7:75:45:81:24']}
!!!!!!!!!!!!!!!!!!!!!!!!!!!!!!!!!!!!!!!!!!!!!!!!!!!!!!!!!!!!!!!!!!!!!!!!!!!!!!!!


!!!!!!!!!!!!!!!!!!!!!!!!!!!!!!!!!!!!!!!!!!!!!!!!!!!!!!!!!!!!!!!!!!!!!!!!!!!!!!!!
[ALERT] ALERT-000031 | RTS_FLOOD_SOURCE
severity: MEDIUM
time: 2026-05-16T19:10:20.930917
message: Wykryto możliwy RTS Flood z pojedynczego źródła: 98 ramek RTS z adresu d8:d7:75:45:81:24 w oknie 5s.
evidence: {'source_mac': 'd8:d7:75:45:81:24', 'rts_count': 98, 'unique_destination_count': 1, 'rts_per_source_threshold': 50, 'window_seconds': 5, 'sample_destinations': ['36:0b:67:ef:6b:92']}
!!!!!!!!!!!!!!!!!!!!!!!!!!!!!!!!!!!!!!!!!!!!!!!!!!!!!!!!!!!!!!!!!!!!!!!!!!!!!!!!


!!!!!!!!!!!!!!!!!!!!!!!!!!!!!!!!!!!!!!!!!!!!!!!!!!!!!!!!!!!!!!!!!!!!!!!!!!!!!!!!
[ALERT] ALERT-000032 | RTS_CTS_FLOOD_GLOBAL
severity: MEDIUM
time: 2026-05-16T19:10:21.711875
message: Wykryto możliwy RTS/CTS Flood: 134 ramek RTS oraz 64 ramek CTS w oknie 5s.
evidence: {'rts_count': 134, 'cts_count': 64, 'combined_count': 198, 'window_seconds': 5, 'rts_count_threshold': 100, 'cts_count_threshold': 100, 'combined_count_threshold': 150, 'triggered_reasons': ['high_rts_rate', 'high_combined_rts_cts_rate'], 'unique_source_count': 2, 'unique_destination_count': 2, 'sample_sources': ['36:0b:67:ef:6b:92', 'd8:d7:75:45:81:24'], 'sample_destinations': ['36:0b:67:ef:6b:92', 'd8:d7:75:45:81:24']}
!!!!!!!!!!!!!!!!!!!!!!!!!!!!!!!!!!!!!!!!!!!!!!!!!!!!!!!!!!!!!!!!!!!!!!!!!!!!!!!!


!!!!!!!!!!!!!!!!!!!!!!!!!!!!!!!!!!!!!!!!!!!!!!!!!!!!!!!!!!!!!!!!!!!!!!!!!!!!!!!!
[ALERT] ALERT-000033 | RTS_FLOOD_SOURCE
severity: MEDIUM
time: 2026-05-16T19:10:26.159183
message: Wykryto możliwy RTS Flood z pojedynczego źródła: 50 ramek RTS z adresu d8:d7:75:45:81:24 w oknie 5s.
evidence: {'source_mac': 'd8:d7:75:45:81:24', 'rts_count': 50, 'unique_destination_count': 1, 'rts_per_source_threshold': 50, 'window_seconds': 5, 'sample_destinations': ['36:0b:67:ef:6b:92']}
!!!!!!!!!!!!!!!!!!!!!!!!!!!!!!!!!!!!!!!!!!!!!!!!!!!!!!!!!!!!!!!!!!!!!!!!!!!!!!!!


!!!!!!!!!!!!!!!!!!!!!!!!!!!!!!!!!!!!!!!!!!!!!!!!!!!!!!!!!!!!!!!!!!!!!!!!!!!!!!!!
[ALERT] ALERT-000034 | RTS_CTS_FLOOD_GLOBAL
severity: MEDIUM
time: 2026-05-16T19:10:26.757643
message: Wykryto możliwy RTS/CTS Flood: 133 ramek RTS oraz 42 ramek CTS w oknie 5s.
evidence: {'rts_count': 133, 'cts_count': 42, 'combined_count': 175, 'window_seconds': 5, 'rts_count_threshold': 100, 'cts_count_threshold': 100, 'combined_count_threshold': 150, 'triggered_reasons': ['high_rts_rate', 'high_combined_rts_cts_rate'], 'unique_source_count': 2, 'unique_destination_count': 2, 'sample_sources': ['36:0b:67:ef:6b:92', 'd8:d7:75:45:81:24'], 'sample_destinations': ['36:0b:67:ef:6b:92', 'd8:d7:75:45:81:24']}
!!!!!!!!!!!!!!!!!!!!!!!!!!!!!!!!!!!!!!!!!!!!!!!!!!!!!!!!!!!!!!!!!!!!!!!!!!!!!!!!


!!!!!!!!!!!!!!!!!!!!!!!!!!!!!!!!!!!!!!!!!!!!!!!!!!!!!!!!!!!!!!!!!!!!!!!!!!!!!!!!
[ALERT] ALERT-000035 | RTS_FLOOD_SOURCE
severity: MEDIUM
time: 2026-05-16T19:10:27.076655
message: Wykryto możliwy RTS Flood z pojedynczego źródła: 50 ramek RTS z adresu 36:0b:67:ef:6b:92 w oknie 5s.
evidence: {'source_mac': '36:0b:67:ef:6b:92', 'rts_count': 50, 'unique_destination_count': 1, 'rts_per_source_threshold': 50, 'window_seconds': 5, 'sample_destinations': ['d8:d7:75:45:81:24']}
!!!!!!!!!!!!!!!!!!!!!!!!!!!!!!!!!!!!!!!!!!!!!!!!!!!!!!!!!!!!!!!!!!!!!!!!!!!!!!!!


!!!!!!!!!!!!!!!!!!!!!!!!!!!!!!!!!!!!!!!!!!!!!!!!!!!!!!!!!!!!!!!!!!!!!!!!!!!!!!!!
[ALERT] ALERT-000036 | RTS_FLOOD_SOURCE
severity: CRITICAL
time: 2026-05-16T19:10:31.592415
message: Wykryto możliwy RTS Flood z pojedynczego źródła: 158 ramek RTS z adresu d8:d7:75:45:81:24 w oknie 5s.
evidence: {'source_mac': 'd8:d7:75:45:81:24', 'rts_count': 158, 'unique_destination_count': 1, 'rts_per_source_threshold': 50, 'window_seconds': 5, 'sample_destinations': ['36:0b:67:ef:6b:92']}
!!!!!!!!!!!!!!!!!!!!!!!!!!!!!!!!!!!!!!!!!!!!!!!!!!!!!!!!!!!!!!!!!!!!!!!!!!!!!!!!


!!!!!!!!!!!!!!!!!!!!!!!!!!!!!!!!!!!!!!!!!!!!!!!!!!!!!!!!!!!!!!!!!!!!!!!!!!!!!!!!
[ALERT] ALERT-000037 | RTS_CTS_FLOOD_GLOBAL
severity: HIGH
time: 2026-05-16T19:10:32.411099
message: Wykryto możliwy RTS/CTS Flood: 161 ramek RTS oraz 60 ramek CTS w oknie 5s.
evidence: {'rts_count': 161, 'cts_count': 60, 'combined_count': 221, 'window_seconds': 5, 'rts_count_threshold': 100, 'cts_count_threshold': 100, 'combined_count_threshold': 150, 'triggered_reasons': ['high_rts_rate', 'high_combined_rts_cts_rate'], 'unique_source_count': 2, 'unique_destination_count': 2, 'sample_sources': ['36:0b:67:ef:6b:92', 'd8:d7:75:45:81:24'], 'sample_destinations': ['36:0b:67:ef:6b:92', 'd8:d7:75:45:81:24']}
!!!!!!!!!!!!!!!!!!!!!!!!!!!!!!!!!!!!!!!!!!!!!!!!!!!!!!!!!!!!!!!!!!!!!!!!!!!!!!!!


!!!!!!!!!!!!!!!!!!!!!!!!!!!!!!!!!!!!!!!!!!!!!!!!!!!!!!!!!!!!!!!!!!!!!!!!!!!!!!!!
[ALERT] ALERT-000038 | PROBE_FLOOD_SOURCE
severity: MEDIUM
time: 2026-05-16T19:10:55.556538
message: Wykryto możliwy Probe Flood z pojedynczego źródła: 15 ramek probe request z adresu 02:12:34:56:78:9a, 8 unikalnych SSID w oknie 10s.
evidence: {'source_mac': '02:12:34:56:78:9a', 'probe_count': 15, 'unique_ssid_count': 8, 'per_source_threshold': 20, 'unique_ssid_per_source_threshold': 8, 'window_seconds': 10, 'triggered_reasons': ['many_unique_ssids_from_single_source'], 'sample_ssids': ['AirportFreeWiFi', 'HomeWiFi', 'TestProbe_001', 'OfficeWiFi', 'HotelWiFi', 'CoffeeShop', 'TestProbe_002', 'GuestWiFi']}
!!!!!!!!!!!!!!!!!!!!!!!!!!!!!!!!!!!!!!!!!!!!!!!!!!!!!!!!!!!!!!!!!!!!!!!!!!!!!!!!


!!!!!!!!!!!!!!!!!!!!!!!!!!!!!!!!!!!!!!!!!!!!!!!!!!!!!!!!!!!!!!!!!!!!!!!!!!!!!!!!
[ALERT] ALERT-000039 | PROBE_FLOOD_GLOBAL
severity: MEDIUM
time: 2026-05-16T19:10:55.839911
message: Wykryto możliwy globalny Probe Flood: 50 ramek probe request w oknie 10s.
evidence: {'probe_count': 50, 'unique_source_count': 4, 'unique_ssid_count': 17, 'threshold': 50, 'window_seconds': 10, 'sample_sources': ['36:0b:67:ef:6b:92', '02:12:34:56:78:9a', '86:67:e0:9b:ee:6a', '3e:48:1c:5a:b2:7a'], 'sample_ssids': ['AirportFreeWiFi', 'HomeWiFi', 'TestProbe_010', 'TestProbe_007', 'TestProbe_001', 'TestProbe_008', 'FunBox2-8124', 'TestProbe_009', 'OfficeWiFi', 'HotelWiFi']}
!!!!!!!!!!!!!!!!!!!!!!!!!!!!!!!!!!!!!!!!!!!!!!!!!!!!!!!!!!!!!!!!!!!!!!!!!!!!!!!!


!!!!!!!!!!!!!!!!!!!!!!!!!!!!!!!!!!!!!!!!!!!!!!!!!!!!!!!!!!!!!!!!!!!!!!!!!!!!!!!!
[ALERT] ALERT-000040 | RTS_FLOOD_SOURCE
severity: MEDIUM
time: 2026-05-16T19:10:58.868316
message: Wykryto możliwy RTS Flood z pojedynczego źródła: 50 ramek RTS z adresu d8:d7:75:45:81:24 w oknie 5s.
evidence: {'source_mac': 'd8:d7:75:45:81:24', 'rts_count': 50, 'unique_destination_count': 1, 'rts_per_source_threshold': 50, 'window_seconds': 5, 'sample_destinations': ['36:0b:67:ef:6b:92']}
!!!!!!!!!!!!!!!!!!!!!!!!!!!!!!!!!!!!!!!!!!!!!!!!!!!!!!!!!!!!!!!!!!!!!!!!!!!!!!!!


!!!!!!!!!!!!!!!!!!!!!!!!!!!!!!!!!!!!!!!!!!!!!!!!!!!!!!!!!!!!!!!!!!!!!!!!!!!!!!!!
[ALERT] ALERT-000041 | RTS_CTS_FLOOD_GLOBAL
severity: MEDIUM
time: 2026-05-16T19:10:58.909315
message: Wykryto możliwy RTS/CTS Flood: 100 ramek RTS oraz 50 ramek CTS w oknie 5s.
evidence: {'rts_count': 100, 'cts_count': 50, 'combined_count': 150, 'window_seconds': 5, 'rts_count_threshold': 100, 'cts_count_threshold': 100, 'combined_count_threshold': 150, 'triggered_reasons': ['high_rts_rate', 'high_combined_rts_cts_rate'], 'unique_source_count': 2, 'unique_destination_count': 2, 'sample_sources': ['36:0b:67:ef:6b:92', 'd8:d7:75:45:81:24'], 'sample_destinations': ['36:0b:67:ef:6b:92', 'd8:d7:75:45:81:24']}
!!!!!!!!!!!!!!!!!!!!!!!!!!!!!!!!!!!!!!!!!!!!!!!!!!!!!!!!!!!!!!!!!!!!!!!!!!!!!!!!


!!!!!!!!!!!!!!!!!!!!!!!!!!!!!!!!!!!!!!!!!!!!!!!!!!!!!!!!!!!!!!!!!!!!!!!!!!!!!!!!
[ALERT] ALERT-000042 | RTS_FLOOD_SOURCE
severity: MEDIUM
time: 2026-05-16T19:10:59.227117
message: Wykryto możliwy RTS Flood z pojedynczego źródła: 50 ramek RTS z adresu 36:0b:67:ef:6b:92 w oknie 5s.
evidence: {'source_mac': '36:0b:67:ef:6b:92', 'rts_count': 50, 'unique_destination_count': 1, 'rts_per_source_threshold': 50, 'window_seconds': 5, 'sample_destinations': ['d8:d7:75:45:81:24']}
!!!!!!!!!!!!!!!!!!!!!!!!!!!!!!!!!!!!!!!!!!!!!!!!!!!!!!!!!!!!!!!!!!!!!!!!!!!!!!!!


!!!!!!!!!!!!!!!!!!!!!!!!!!!!!!!!!!!!!!!!!!!!!!!!!!!!!!!!!!!!!!!!!!!!!!!!!!!!!!!!
[ALERT] ALERT-000043 | RTS_CTS_FLOOD_GLOBAL
severity: MEDIUM
time: 2026-05-16T19:11:04.665628
message: Wykryto możliwy RTS/CTS Flood: 131 ramek RTS oraz 31 ramek CTS w oknie 5s.
evidence: {'rts_count': 131, 'cts_count': 31, 'combined_count': 162, 'window_seconds': 5, 'rts_count_threshold': 100, 'cts_count_threshold': 100, 'combined_count_threshold': 150, 'triggered_reasons': ['high_rts_rate', 'high_combined_rts_cts_rate'], 'unique_source_count': 2, 'unique_destination_count': 4, 'sample_sources': ['36:0b:67:ef:6b:92', 'd8:d7:75:45:81:24'], 'sample_destinations': ['76:d9:b6:fc:28:ac', '36:0b:67:ef:6b:92', 'd8:d7:75:45:81:24', 'e6:12:a8:93:5a:78']}
!!!!!!!!!!!!!!!!!!!!!!!!!!!!!!!!!!!!!!!!!!!!!!!!!!!!!!!!!!!!!!!!!!!!!!!!!!!!!!!!


!!!!!!!!!!!!!!!!!!!!!!!!!!!!!!!!!!!!!!!!!!!!!!!!!!!!!!!!!!!!!!!!!!!!!!!!!!!!!!!!
[ALERT] ALERT-000044 | RTS_FLOOD_SOURCE
severity: HIGH
time: 2026-05-16T19:11:04.665628
message: Wykryto możliwy RTS Flood z pojedynczego źródła: 101 ramek RTS z adresu d8:d7:75:45:81:24 w oknie 5s.
evidence: {'source_mac': 'd8:d7:75:45:81:24', 'rts_count': 101, 'unique_destination_count': 3, 'rts_per_source_threshold': 50, 'window_seconds': 5, 'sample_destinations': ['36:0b:67:ef:6b:92', '76:d9:b6:fc:28:ac', 'e6:12:a8:93:5a:78']}
!!!!!!!!!!!!!!!!!!!!!!!!!!!!!!!!!!!!!!!!!!!!!!!!!!!!!!!!!!!!!!!!!!!!!!!!!!!!!!!!


!!!!!!!!!!!!!!!!!!!!!!!!!!!!!!!!!!!!!!!!!!!!!!!!!!!!!!!!!!!!!!!!!!!!!!!!!!!!!!!!
[ALERT] ALERT-000045 | PROBE_FLOOD_SOURCE
severity: CRITICAL
time: 2026-05-16T19:11:05.571268
message: Wykryto możliwy Probe Flood z pojedynczego źródła: 908 ramek probe request z adresu 02:12:34:56:78:9a, 16 unikalnych SSID w oknie 10s.
evidence: {'source_mac': '02:12:34:56:78:9a', 'probe_count': 908, 'unique_ssid_count': 16, 'per_source_threshold': 20, 'unique_ssid_per_source_threshold': 8, 'window_seconds': 10, 'triggered_reasons': ['high_probe_rate_from_single_source', 'many_unique_ssids_from_single_source'], 'sample_ssids': ['AirportFreeWiFi', 'HomeWiFi', 'TestProbe_010', 'CoffeeShop', 'TestProbe_007', 'TestProbe_008', 'TestProbe_001', 'TestProbe_009', 'HotelWiFi', 'TestProbe_004']}
!!!!!!!!!!!!!!!!!!!!!!!!!!!!!!!!!!!!!!!!!!!!!!!!!!!!!!!!!!!!!!!!!!!!!!!!!!!!!!!!


!!!!!!!!!!!!!!!!!!!!!!!!!!!!!!!!!!!!!!!!!!!!!!!!!!!!!!!!!!!!!!!!!!!!!!!!!!!!!!!!
[ALERT] ALERT-000046 | PROBE_FLOOD_GLOBAL
severity: CRITICAL
time: 2026-05-16T19:11:05.863209
message: Wykryto możliwy globalny Probe Flood: 905 ramek probe request w oknie 10s.
evidence: {'probe_count': 905, 'unique_source_count': 3, 'unique_ssid_count': 16, 'threshold': 50, 'window_seconds': 10, 'sample_sources': ['f2:3f:60:74:aa:c1', '02:12:34:56:78:9a', 'ae:de:c0:ea:32:0d'], 'sample_ssids': ['AirportFreeWiFi', 'HomeWiFi', 'TestProbe_010', 'CoffeeShop', 'TestProbe_007', 'TestProbe_001', 'TestProbe_008', 'TestProbe_009', 'HotelWiFi', 'TestProbe_004']}
!!!!!!!!!!!!!!!!!!!!!!!!!!!!!!!!!!!!!!!!!!!!!!!!!!!!!!!!!!!!!!!!!!!!!!!!!!!!!!!!


================================================================================
STATISTICS after 20.1s
--------------------------------------------------------------------------------
total frames: 12281

by frame type:
  control: 8780
  management: 2308
  data: 1193

by frame subtype:
  rts: 3240
  block_ack: 2840
  ack: 1338
  cts: 1336
  probe_request: 1196
  beacon: 988
  qos_null: 674
  null_data: 322
  data: 158
  probe_response: 88
  qos_data: 39
  block_ack_request: 24
  deauthentication: 17
  action: 16
  authentication: 2
  reassociation_request: 1
  ps_poll: 1
  cf_end: 1

unique SSIDs: 20
unique BSSIDs: 13
================================================================================

!!!!!!!!!!!!!!!!!!!!!!!!!!!!!!!!!!!!!!!!!!!!!!!!!!!!!!!!!!!!!!!!!!!!!!!!!!!!!!!!
[ALERT] ALERT-000047 | PROBE_FLOOD_SOURCE
severity: CRITICAL
time: 2026-05-16T19:11:15.575698
message: Wykryto możliwy Probe Flood z pojedynczego źródła: 841 ramek probe request z adresu 02:12:34:56:78:9a, 16 unikalnych SSID w oknie 10s.
evidence: {'source_mac': '02:12:34:56:78:9a', 'probe_count': 841, 'unique_ssid_count': 16, 'per_source_threshold': 20, 'unique_ssid_per_source_threshold': 8, 'window_seconds': 10, 'triggered_reasons': ['high_probe_rate_from_single_source', 'many_unique_ssids_from_single_source'], 'sample_ssids': ['AirportFreeWiFi', 'HomeWiFi', 'TestProbe_010', 'TestProbe_007', 'TestProbe_001', 'TestProbe_008', 'TestProbe_009', 'OfficeWiFi', 'HotelWiFi', 'TestProbe_004']}
!!!!!!!!!!!!!!!!!!!!!!!!!!!!!!!!!!!!!!!!!!!!!!!!!!!!!!!!!!!!!!!!!!!!!!!!!!!!!!!!


!!!!!!!!!!!!!!!!!!!!!!!!!!!!!!!!!!!!!!!!!!!!!!!!!!!!!!!!!!!!!!!!!!!!!!!!!!!!!!!!
[ALERT] ALERT-000048 | PROBE_FLOOD_GLOBAL
severity: CRITICAL
time: 2026-05-16T19:11:15.867285
message: Wykryto możliwy globalny Probe Flood: 841 ramek probe request w oknie 10s.
evidence: {'probe_count': 841, 'unique_source_count': 1, 'unique_ssid_count': 16, 'threshold': 50, 'window_seconds': 10, 'sample_sources': ['02:12:34:56:78:9a'], 'sample_ssids': ['AirportFreeWiFi', 'HomeWiFi', 'TestProbe_010', 'CoffeeShop', 'TestProbe_008', 'TestProbe_007', 'TestProbe_001', 'TestProbe_009', 'HotelWiFi', 'TestProbe_004']}
!!!!!!!!!!!!!!!!!!!!!!!!!!!!!!!!!!!!!!!!!!!!!!!!!!!!!!!!!!!!!!!!!!!!!!!!!!!!!!!!


!!!!!!!!!!!!!!!!!!!!!!!!!!!!!!!!!!!!!!!!!!!!!!!!!!!!!!!!!!!!!!!!!!!!!!!!!!!!!!!!
[ALERT] ALERT-000049 | PROBE_FLOOD_SOURCE
severity: CRITICAL
time: 2026-05-16T19:11:25.583272
message: Wykryto możliwy Probe Flood z pojedynczego źródła: 829 ramek probe request z adresu 02:12:34:56:78:9a, 16 unikalnych SSID w oknie 10s.
evidence: {'source_mac': '02:12:34:56:78:9a', 'probe_count': 829, 'unique_ssid_count': 16, 'per_source_threshold': 20, 'unique_ssid_per_source_threshold': 8, 'window_seconds': 10, 'triggered_reasons': ['high_probe_rate_from_single_source', 'many_unique_ssids_from_single_source'], 'sample_ssids': ['AirportFreeWiFi', 'HomeWiFi', 'TestProbe_010', 'CoffeeShop', 'TestProbe_007', 'TestProbe_001', 'TestProbe_008', 'TestProbe_009', 'HotelWiFi', 'TestProbe_004']}
!!!!!!!!!!!!!!!!!!!!!!!!!!!!!!!!!!!!!!!!!!!!!!!!!!!!!!!!!!!!!!!!!!!!!!!!!!!!!!!!


!!!!!!!!!!!!!!!!!!!!!!!!!!!!!!!!!!!!!!!!!!!!!!!!!!!!!!!!!!!!!!!!!!!!!!!!!!!!!!!!
[ALERT] ALERT-000050 | PROBE_FLOOD_GLOBAL
severity: CRITICAL
time: 2026-05-16T19:11:25.875218
message: Wykryto możliwy globalny Probe Flood: 834 ramek probe request w oknie 10s.
evidence: {'probe_count': 834, 'unique_source_count': 3, 'unique_ssid_count': 17, 'threshold': 50, 'window_seconds': 10, 'sample_sources': ['36:0b:67:ef:6b:92', '02:12:34:56:78:9a', '96:36:c4:dd:d1:a1'], 'sample_ssids': ['AirportFreeWiFi', 'HomeWiFi', 'TestProbe_010', 'TestProbe_007', 'TestProbe_001', 'TestProbe_008', 'FunBox2-8124', 'TestProbe_009', 'HotelWiFi', 'OfficeWiFi']}
!!!!!!!!!!!!!!!!!!!!!!!!!!!!!!!!!!!!!!!!!!!!!!!!!!!!!!!!!!!!!!!!!!!!!!!!!!!!!!!!


!!!!!!!!!!!!!!!!!!!!!!!!!!!!!!!!!!!!!!!!!!!!!!!!!!!!!!!!!!!!!!!!!!!!!!!!!!!!!!!!
[ALERT] ALERT-000051 | RTS_CTS_FLOOD_GLOBAL
severity: MEDIUM
time: 2026-05-16T19:11:28.809463
message: Wykryto możliwy RTS/CTS Flood: 81 ramek RTS oraz 69 ramek CTS w oknie 5s.
evidence: {'rts_count': 81, 'cts_count': 69, 'combined_count': 150, 'window_seconds': 5, 'rts_count_threshold': 100, 'cts_count_threshold': 100, 'combined_count_threshold': 150, 'triggered_reasons': ['high_combined_rts_cts_rate'], 'unique_source_count': 2, 'unique_destination_count': 2, 'sample_sources': ['36:0b:67:ef:6b:92', 'd8:d7:75:45:81:24'], 'sample_destinations': ['36:0b:67:ef:6b:92', 'd8:d7:75:45:81:24']}
!!!!!!!!!!!!!!!!!!!!!!!!!!!!!!!!!!!!!!!!!!!!!!!!!!!!!!!!!!!!!!!!!!!!!!!!!!!!!!!!


!!!!!!!!!!!!!!!!!!!!!!!!!!!!!!!!!!!!!!!!!!!!!!!!!!!!!!!!!!!!!!!!!!!!!!!!!!!!!!!!
[ALERT] ALERT-000052 | RTS_FLOOD_SOURCE
severity: MEDIUM
time: 2026-05-16T19:11:28.836330
message: Wykryto możliwy RTS Flood z pojedynczego źródła: 50 ramek RTS z adresu d8:d7:75:45:81:24 w oknie 5s.
evidence: {'source_mac': 'd8:d7:75:45:81:24', 'rts_count': 50, 'unique_destination_count': 1, 'rts_per_source_threshold': 50, 'window_seconds': 5, 'sample_destinations': ['36:0b:67:ef:6b:92']}
!!!!!!!!!!!!!!!!!!!!!!!!!!!!!!!!!!!!!!!!!!!!!!!!!!!!!!!!!!!!!!!!!!!!!!!!!!!!!!!!


!!!!!!!!!!!!!!!!!!!!!!!!!!!!!!!!!!!!!!!!!!!!!!!!!!!!!!!!!!!!!!!!!!!!!!!!!!!!!!!!
[ALERT] ALERT-000053 | RTS_FLOOD_SOURCE
severity: MEDIUM
time: 2026-05-16T19:11:28.865370
message: Wykryto możliwy RTS Flood z pojedynczego źródła: 50 ramek RTS z adresu 36:0b:67:ef:6b:92 w oknie 5s.
evidence: {'source_mac': '36:0b:67:ef:6b:92', 'rts_count': 50, 'unique_destination_count': 1, 'rts_per_source_threshold': 50, 'window_seconds': 5, 'sample_destinations': ['d8:d7:75:45:81:24']}
!!!!!!!!!!!!!!!!!!!!!!!!!!!!!!!!!!!!!!!!!!!!!!!!!!!!!!!!!!!!!!!!!!!!!!!!!!!!!!!!


!!!!!!!!!!!!!!!!!!!!!!!!!!!!!!!!!!!!!!!!!!!!!!!!!!!!!!!!!!!!!!!!!!!!!!!!!!!!!!!!
[ALERT] ALERT-000054 | PROBE_FLOOD_SOURCE
severity: CRITICAL
time: 2026-05-16T19:11:35.591636
message: Wykryto możliwy Probe Flood z pojedynczego źródła: 859 ramek probe request z adresu 02:12:34:56:78:9a, 16 unikalnych SSID w oknie 10s.
evidence: {'source_mac': '02:12:34:56:78:9a', 'probe_count': 859, 'unique_ssid_count': 16, 'per_source_threshold': 20, 'unique_ssid_per_source_threshold': 8, 'window_seconds': 10, 'triggered_reasons': ['high_probe_rate_from_single_source', 'many_unique_ssids_from_single_source'], 'sample_ssids': ['AirportFreeWiFi', 'HomeWiFi', 'TestProbe_010', 'CoffeeShop', 'TestProbe_007', 'TestProbe_001', 'TestProbe_008', 'TestProbe_009', 'HotelWiFi', 'TestProbe_004']}
!!!!!!!!!!!!!!!!!!!!!!!!!!!!!!!!!!!!!!!!!!!!!!!!!!!!!!!!!!!!!!!!!!!!!!!!!!!!!!!!


!!!!!!!!!!!!!!!!!!!!!!!!!!!!!!!!!!!!!!!!!!!!!!!!!!!!!!!!!!!!!!!!!!!!!!!!!!!!!!!!
[ALERT] ALERT-000055 | PROBE_FLOOD_GLOBAL
severity: CRITICAL
time: 2026-05-16T19:11:35.883212
message: Wykryto możliwy globalny Probe Flood: 862 ramek probe request w oknie 10s.
evidence: {'probe_count': 862, 'unique_source_count': 2, 'unique_ssid_count': 16, 'threshold': 50, 'window_seconds': 10, 'sample_sources': ['be:20:7e:78:e9:7a', '02:12:34:56:78:9a'], 'sample_ssids': ['AirportFreeWiFi', 'HomeWiFi', 'TestProbe_010', 'TestProbe_007', 'TestProbe_001', 'TestProbe_008', 'TestProbe_009', 'OfficeWiFi', 'HotelWiFi', 'TestProbe_004']}
!!!!!!!!!!!!!!!!!!!!!!!!!!!!!!!!!!!!!!!!!!!!!!!!!!!!!!!!!!!!!!!!!!!!!!!!!!!!!!!!


!!!!!!!!!!!!!!!!!!!!!!!!!!!!!!!!!!!!!!!!!!!!!!!!!!!!!!!!!!!!!!!!!!!!!!!!!!!!!!!!
[ALERT] ALERT-000056 | PROBE_FLOOD_SOURCE
severity: CRITICAL
time: 2026-05-16T19:11:45.599224
message: Wykryto możliwy Probe Flood z pojedynczego źródła: 871 ramek probe request z adresu 02:12:34:56:78:9a, 16 unikalnych SSID w oknie 10s.
evidence: {'source_mac': '02:12:34:56:78:9a', 'probe_count': 871, 'unique_ssid_count': 16, 'per_source_threshold': 20, 'unique_ssid_per_source_threshold': 8, 'window_seconds': 10, 'triggered_reasons': ['high_probe_rate_from_single_source', 'many_unique_ssids_from_single_source'], 'sample_ssids': ['AirportFreeWiFi', 'HomeWiFi', 'TestProbe_010', 'TestProbe_007', 'TestProbe_001', 'TestProbe_008', 'TestProbe_009', 'HotelWiFi', 'OfficeWiFi', 'TestProbe_004']}
!!!!!!!!!!!!!!!!!!!!!!!!!!!!!!!!!!!!!!!!!!!!!!!!!!!!!!!!!!!!!!!!!!!!!!!!!!!!!!!!


!!!!!!!!!!!!!!!!!!!!!!!!!!!!!!!!!!!!!!!!!!!!!!!!!!!!!!!!!!!!!!!!!!!!!!!!!!!!!!!!
[ALERT] ALERT-000057 | PROBE_FLOOD_GLOBAL
severity: CRITICAL
time: 2026-05-16T19:11:45.891402
message: Wykryto możliwy globalny Probe Flood: 872 ramek probe request w oknie 10s.
evidence: {'probe_count': 872, 'unique_source_count': 2, 'unique_ssid_count': 17, 'threshold': 50, 'window_seconds': 10, 'sample_sources': ['76:d9:b6:fc:28:ac', '02:12:34:56:78:9a'], 'sample_ssids': ['AirportFreeWiFi', 'HomeWiFi', 'TestProbe_010', 'TestProbe_007', 'TestProbe_001', 'TestProbe_008', 'FunBox2-8124', 'TestProbe_009', 'OfficeWiFi', 'HotelWiFi']}
!!!!!!!!!!!!!!!!!!!!!!!!!!!!!!!!!!!!!!!!!!!!!!!!!!!!!!!!!!!!!!!!!!!!!!!!!!!!!!!!


!!!!!!!!!!!!!!!!!!!!!!!!!!!!!!!!!!!!!!!!!!!!!!!!!!!!!!!!!!!!!!!!!!!!!!!!!!!!!!!!
[ALERT] ALERT-000058 | RTS_CTS_FLOOD_GLOBAL
severity: MEDIUM
time: 2026-05-16T19:11:52.716531
message: Wykryto możliwy RTS/CTS Flood: 77 ramek RTS oraz 73 ramek CTS w oknie 5s.
evidence: {'rts_count': 77, 'cts_count': 73, 'combined_count': 150, 'window_seconds': 5, 'rts_count_threshold': 100, 'cts_count_threshold': 100, 'combined_count_threshold': 150, 'triggered_reasons': ['high_combined_rts_cts_rate'], 'unique_source_count': 3, 'unique_destination_count': 3, 'sample_sources': ['76:d9:b6:fc:28:ac', '36:0b:67:ef:6b:92', 'd8:d7:75:45:81:24'], 'sample_destinations': ['76:d9:b6:fc:28:ac', '36:0b:67:ef:6b:92', 'd8:d7:75:45:81:24']}
!!!!!!!!!!!!!!!!!!!!!!!!!!!!!!!!!!!!!!!!!!!!!!!!!!!!!!!!!!!!!!!!!!!!!!!!!!!!!!!!


!!!!!!!!!!!!!!!!!!!!!!!!!!!!!!!!!!!!!!!!!!!!!!!!!!!!!!!!!!!!!!!!!!!!!!!!!!!!!!!!
[ALERT] ALERT-000059 | RTS_FLOOD_SOURCE
severity: MEDIUM
time: 2026-05-16T19:11:52.847309
message: Wykryto możliwy RTS Flood z pojedynczego źródła: 50 ramek RTS z adresu d8:d7:75:45:81:24 w oknie 5s.
evidence: {'source_mac': 'd8:d7:75:45:81:24', 'rts_count': 50, 'unique_destination_count': 2, 'rts_per_source_threshold': 50, 'window_seconds': 5, 'sample_destinations': ['36:0b:67:ef:6b:92', '76:d9:b6:fc:28:ac']}
!!!!!!!!!!!!!!!!!!!!!!!!!!!!!!!!!!!!!!!!!!!!!!!!!!!!!!!!!!!!!!!!!!!!!!!!!!!!!!!!


!!!!!!!!!!!!!!!!!!!!!!!!!!!!!!!!!!!!!!!!!!!!!!!!!!!!!!!!!!!!!!!!!!!!!!!!!!!!!!!!
[ALERT] ALERT-000060 | RTS_FLOOD_SOURCE
severity: MEDIUM
time: 2026-05-16T19:11:52.923133
message: Wykryto możliwy RTS Flood z pojedynczego źródła: 50 ramek RTS z adresu 76:d9:b6:fc:28:ac w oknie 5s.
evidence: {'source_mac': '76:d9:b6:fc:28:ac', 'rts_count': 50, 'unique_destination_count': 1, 'rts_per_source_threshold': 50, 'window_seconds': 5, 'sample_destinations': ['d8:d7:75:45:81:24']}
!!!!!!!!!!!!!!!!!!!!!!!!!!!!!!!!!!!!!!!!!!!!!!!!!!!!!!!!!!!!!!!!!!!!!!!!!!!!!!!!


!!!!!!!!!!!!!!!!!!!!!!!!!!!!!!!!!!!!!!!!!!!!!!!!!!!!!!!!!!!!!!!!!!!!!!!!!!!!!!!!
[ALERT] ALERT-000061 | RTS_CTS_FLOOD_GLOBAL
severity: CRITICAL
time: 2026-05-16T19:11:57.719790
message: Wykryto możliwy RTS/CTS Flood: 1045 ramek RTS oraz 625 ramek CTS w oknie 5s.
evidence: {'rts_count': 1045, 'cts_count': 625, 'combined_count': 1670, 'window_seconds': 5, 'rts_count_threshold': 100, 'cts_count_threshold': 100, 'combined_count_threshold': 150, 'triggered_reasons': ['high_rts_rate', 'high_cts_rate', 'high_combined_rts_cts_rate'], 'unique_source_count': 4, 'unique_destination_count': 5, 'sample_sources': ['36:0b:67:ef:6b:92', '76:d9:b6:fc:28:ac', 'd8:d7:75:45:81:24', '54:35:30:cf:ee:1e'], 'sample_destinations': ['e0:3e:44:04:28:ac', '54:35:30:cf:ee:1e', '36:0b:67:ef:6b:92', 'd8:d7:75:45:81:24', '76:d9:b6:fc:28:ac']}
!!!!!!!!!!!!!!!!!!!!!!!!!!!!!!!!!!!!!!!!!!!!!!!!!!!!!!!!!!!!!!!!!!!!!!!!!!!!!!!!


!!!!!!!!!!!!!!!!!!!!!!!!!!!!!!!!!!!!!!!!!!!!!!!!!!!!!!!!!!!!!!!!!!!!!!!!!!!!!!!!
[ALERT] ALERT-000062 | RTS_FLOOD_SOURCE
severity: CRITICAL
time: 2026-05-16T19:11:57.858682
message: Wykryto możliwy RTS Flood z pojedynczego źródła: 495 ramek RTS z adresu d8:d7:75:45:81:24 w oknie 5s.
evidence: {'source_mac': 'd8:d7:75:45:81:24', 'rts_count': 495, 'unique_destination_count': 2, 'rts_per_source_threshold': 50, 'window_seconds': 5, 'sample_destinations': ['36:0b:67:ef:6b:92', '76:d9:b6:fc:28:ac']}
!!!!!!!!!!!!!!!!!!!!!!!!!!!!!!!!!!!!!!!!!!!!!!!!!!!!!!!!!!!!!!!!!!!!!!!!!!!!!!!!


!!!!!!!!!!!!!!!!!!!!!!!!!!!!!!!!!!!!!!!!!!!!!!!!!!!!!!!!!!!!!!!!!!!!!!!!!!!!!!!!
[ALERT] ALERT-000063 | RTS_FLOOD_SOURCE
severity: CRITICAL
time: 2026-05-16T19:11:57.926963
message: Wykryto możliwy RTS Flood z pojedynczego źródła: 560 ramek RTS z adresu 76:d9:b6:fc:28:ac w oknie 5s.
evidence: {'source_mac': '76:d9:b6:fc:28:ac', 'rts_count': 560, 'unique_destination_count': 1, 'rts_per_source_threshold': 50, 'window_seconds': 5, 'sample_destinations': ['d8:d7:75:45:81:24']}
!!!!!!!!!!!!!!!!!!!!!!!!!!!!!!!!!!!!!!!!!!!!!!!!!!!!!!!!!!!!!!!!!!!!!!!!!!!!!!!!


================================================================================
STATISTICS after 30.1s
--------------------------------------------------------------------------------
total frames: 21557

by frame type:
  control: 13327
  management: 6667
  data: 1563

by frame subtype:
  probe_request: 5109
  rts: 4779
  block_ack: 4048
  cts: 2328
  ack: 2139
  beacon: 1399
  qos_null: 849
  null_data: 445
  data: 220
  probe_response: 105
  qos_data: 49
  block_ack_request: 31
  action: 30
  deauthentication: 17
  authentication: 4
  reassociation_request: 2
  ps_poll: 1
  cf_end: 1
  reassociation_response: 1

unique SSIDs: 20
unique BSSIDs: 13
================================================================================

!!!!!!!!!!!!!!!!!!!!!!!!!!!!!!!!!!!!!!!!!!!!!!!!!!!!!!!!!!!!!!!!!!!!!!!!!!!!!!!!
[ALERT] ALERT-000064 | PROBE_FLOOD_GLOBAL
severity: CRITICAL
time: 2026-05-16T19:11:58.775702
message: Wykryto możliwy globalny Probe Flood: 470 ramek probe request w oknie 10s.
evidence: {'probe_count': 470, 'unique_source_count': 2, 'unique_ssid_count': 16, 'threshold': 50, 'window_seconds': 10, 'sample_sources': ['c6:06:ab:e0:b5:a3', '02:12:34:56:78:9a'], 'sample_ssids': ['AirportFreeWiFi', 'HomeWiFi', 'TestProbe_010', 'CoffeeShop', 'TestProbe_008', 'TestProbe_007', 'TestProbe_001', 'TestProbe_009', 'HotelWiFi', 'TestProbe_004']}
!!!!!!!!!!!!!!!!!!!!!!!!!!!!!!!!!!!!!!!!!!!!!!!!!!!!!!!!!!!!!!!!!!!!!!!!!!!!!!!!


!!!!!!!!!!!!!!!!!!!!!!!!!!!!!!!!!!!!!!!!!!!!!!!!!!!!!!!!!!!!!!!!!!!!!!!!!!!!!!!!
[ALERT] ALERT-000065 | RTS_FLOOD_SOURCE
severity: MEDIUM
time: 2026-05-16T19:12:00.107690
message: Wykryto możliwy RTS Flood z pojedynczego źródła: 50 ramek RTS z adresu 36:0b:67:ef:6b:92 w oknie 5s.
evidence: {'source_mac': '36:0b:67:ef:6b:92', 'rts_count': 50, 'unique_destination_count': 1, 'rts_per_source_threshold': 50, 'window_seconds': 5, 'sample_destinations': ['d8:d7:75:45:81:24']}
!!!!!!!!!!!!!!!!!!!!!!!!!!!!!!!!!!!!!!!!!!!!!!!!!!!!!!!!!!!!!!!!!!!!!!!!!!!!!!!!


!!!!!!!!!!!!!!!!!!!!!!!!!!!!!!!!!!!!!!!!!!!!!!!!!!!!!!!!!!!!!!!!!!!!!!!!!!!!!!!!
[ALERT] ALERT-000066 | RTS_CTS_FLOOD_GLOBAL
severity: CRITICAL
time: 2026-05-16T19:12:02.721004
message: Wykryto możliwy RTS/CTS Flood: 1118 ramek RTS oraz 567 ramek CTS w oknie 5s.
evidence: {'rts_count': 1118, 'cts_count': 567, 'combined_count': 1685, 'window_seconds': 5, 'rts_count_threshold': 100, 'cts_count_threshold': 100, 'combined_count_threshold': 150, 'triggered_reasons': ['high_rts_rate', 'high_cts_rate', 'high_combined_rts_cts_rate'], 'unique_source_count': 3, 'unique_destination_count': 3, 'sample_sources': ['36:0b:67:ef:6b:92', '76:d9:b6:fc:28:ac', 'd8:d7:75:45:81:24'], 'sample_destinations': ['36:0b:67:ef:6b:92', '76:d9:b6:fc:28:ac', 'd8:d7:75:45:81:24']}
!!!!!!!!!!!!!!!!!!!!!!!!!!!!!!!!!!!!!!!!!!!!!!!!!!!!!!!!!!!!!!!!!!!!!!!!!!!!!!!!


!!!!!!!!!!!!!!!!!!!!!!!!!!!!!!!!!!!!!!!!!!!!!!!!!!!!!!!!!!!!!!!!!!!!!!!!!!!!!!!!
[ALERT] ALERT-000067 | RTS_FLOOD_SOURCE
severity: CRITICAL
time: 2026-05-16T19:12:02.915252
message: Wykryto możliwy RTS Flood z pojedynczego źródła: 623 ramek RTS z adresu d8:d7:75:45:81:24 w oknie 5s.
evidence: {'source_mac': 'd8:d7:75:45:81:24', 'rts_count': 623, 'unique_destination_count': 2, 'rts_per_source_threshold': 50, 'window_seconds': 5, 'sample_destinations': ['36:0b:67:ef:6b:92', '76:d9:b6:fc:28:ac']}
!!!!!!!!!!!!!!!!!!!!!!!!!!!!!!!!!!!!!!!!!!!!!!!!!!!!!!!!!!!!!!!!!!!!!!!!!!!!!!!!


!!!!!!!!!!!!!!!!!!!!!!!!!!!!!!!!!!!!!!!!!!!!!!!!!!!!!!!!!!!!!!!!!!!!!!!!!!!!!!!!
[ALERT] ALERT-000068 | RTS_FLOOD_SOURCE
severity: CRITICAL
time: 2026-05-16T19:12:02.948392
message: Wykryto możliwy RTS Flood z pojedynczego źródła: 415 ramek RTS z adresu 76:d9:b6:fc:28:ac w oknie 5s.
evidence: {'source_mac': '76:d9:b6:fc:28:ac', 'rts_count': 415, 'unique_destination_count': 1, 'rts_per_source_threshold': 50, 'window_seconds': 5, 'sample_destinations': ['d8:d7:75:45:81:24']}
!!!!!!!!!!!!!!!!!!!!!!!!!!!!!!!!!!!!!!!!!!!!!!!!!!!!!!!!!!!!!!!!!!!!!!!!!!!!!!!!


!!!!!!!!!!!!!!!!!!!!!!!!!!!!!!!!!!!!!!!!!!!!!!!!!!!!!!!!!!!!!!!!!!!!!!!!!!!!!!!!
[ALERT] ALERT-000069 | RTS_CTS_FLOOD_GLOBAL
severity: CRITICAL
time: 2026-05-16T19:12:07.725329
message: Wykryto możliwy RTS/CTS Flood: 1218 ramek RTS oraz 433 ramek CTS w oknie 5s.
evidence: {'rts_count': 1218, 'cts_count': 433, 'combined_count': 1651, 'window_seconds': 5, 'rts_count_threshold': 100, 'cts_count_threshold': 100, 'combined_count_threshold': 150, 'triggered_reasons': ['high_rts_rate', 'high_cts_rate', 'high_combined_rts_cts_rate'], 'unique_source_count': 2, 'unique_destination_count': 4, 'sample_sources': ['76:d9:b6:fc:28:ac', 'd8:d7:75:45:81:24'], 'sample_destinations': ['36:0b:67:ef:6b:92', '76:d9:b6:fc:28:ac', 'd8:d7:75:45:81:24', 'e6:12:a8:93:5a:78']}
!!!!!!!!!!!!!!!!!!!!!!!!!!!!!!!!!!!!!!!!!!!!!!!!!!!!!!!!!!!!!!!!!!!!!!!!!!!!!!!!


!!!!!!!!!!!!!!!!!!!!!!!!!!!!!!!!!!!!!!!!!!!!!!!!!!!!!!!!!!!!!!!!!!!!!!!!!!!!!!!!
[ALERT] ALERT-000070 | RTS_FLOOD_SOURCE
severity: CRITICAL
time: 2026-05-16T19:12:07.918394
message: Wykryto możliwy RTS Flood z pojedynczego źródła: 563 ramek RTS z adresu d8:d7:75:45:81:24 w oknie 5s.
evidence: {'source_mac': 'd8:d7:75:45:81:24', 'rts_count': 563, 'unique_destination_count': 3, 'rts_per_source_threshold': 50, 'window_seconds': 5, 'sample_destinations': ['36:0b:67:ef:6b:92', '76:d9:b6:fc:28:ac', 'e6:12:a8:93:5a:78']}
!!!!!!!!!!!!!!!!!!!!!!!!!!!!!!!!!!!!!!!!!!!!!!!!!!!!!!!!!!!!!!!!!!!!!!!!!!!!!!!!


!!!!!!!!!!!!!!!!!!!!!!!!!!!!!!!!!!!!!!!!!!!!!!!!!!!!!!!!!!!!!!!!!!!!!!!!!!!!!!!!
[ALERT] ALERT-000071 | RTS_FLOOD_SOURCE
severity: CRITICAL
time: 2026-05-16T19:12:07.956088
message: Wykryto możliwy RTS Flood z pojedynczego źródła: 677 ramek RTS z adresu 76:d9:b6:fc:28:ac w oknie 5s.
evidence: {'source_mac': '76:d9:b6:fc:28:ac', 'rts_count': 677, 'unique_destination_count': 1, 'rts_per_source_threshold': 50, 'window_seconds': 5, 'sample_destinations': ['d8:d7:75:45:81:24']}
!!!!!!!!!!!!!!!!!!!!!!!!!!!!!!!!!!!!!!!!!!!!!!!!!!!!!!!!!!!!!!!!!!!!!!!!!!!!!!!!


!!!!!!!!!!!!!!!!!!!!!!!!!!!!!!!!!!!!!!!!!!!!!!!!!!!!!!!!!!!!!!!!!!!!!!!!!!!!!!!!
[ALERT] ALERT-000072 | RTS_CTS_FLOOD_GLOBAL
severity: CRITICAL
time: 2026-05-16T19:12:12.788803
message: Wykryto możliwy RTS/CTS Flood: 687 ramek RTS oraz 342 ramek CTS w oknie 5s.
evidence: {'rts_count': 687, 'cts_count': 342, 'combined_count': 1029, 'window_seconds': 5, 'rts_count_threshold': 100, 'cts_count_threshold': 100, 'combined_count_threshold': 150, 'triggered_reasons': ['high_rts_rate', 'high_cts_rate', 'high_combined_rts_cts_rate'], 'unique_source_count': 2, 'unique_destination_count': 4, 'sample_sources': ['76:d9:b6:fc:28:ac', 'd8:d7:75:45:81:24'], 'sample_destinations': ['36:0b:67:ef:6b:92', '76:d9:b6:fc:28:ac', 'd8:d7:75:45:81:24', 'e6:12:a8:93:5a:78']}
!!!!!!!!!!!!!!!!!!!!!!!!!!!!!!!!!!!!!!!!!!!!!!!!!!!!!!!!!!!!!!!!!!!!!!!!!!!!!!!!


!!!!!!!!!!!!!!!!!!!!!!!!!!!!!!!!!!!!!!!!!!!!!!!!!!!!!!!!!!!!!!!!!!!!!!!!!!!!!!!!
[ALERT] ALERT-000073 | RTS_FLOOD_SOURCE
severity: CRITICAL
time: 2026-05-16T19:12:12.954629
message: Wykryto możliwy RTS Flood z pojedynczego źródła: 288 ramek RTS z adresu d8:d7:75:45:81:24 w oknie 5s.
evidence: {'source_mac': 'd8:d7:75:45:81:24', 'rts_count': 288, 'unique_destination_count': 3, 'rts_per_source_threshold': 50, 'window_seconds': 5, 'sample_destinations': ['36:0b:67:ef:6b:92', '76:d9:b6:fc:28:ac', 'e6:12:a8:93:5a:78']}
!!!!!!!!!!!!!!!!!!!!!!!!!!!!!!!!!!!!!!!!!!!!!!!!!!!!!!!!!!!!!!!!!!!!!!!!!!!!!!!!


!!!!!!!!!!!!!!!!!!!!!!!!!!!!!!!!!!!!!!!!!!!!!!!!!!!!!!!!!!!!!!!!!!!!!!!!!!!!!!!!
[ALERT] ALERT-000074 | RTS_FLOOD_SOURCE
severity: CRITICAL
time: 2026-05-16T19:12:12.983866
message: Wykryto możliwy RTS Flood z pojedynczego źródła: 368 ramek RTS z adresu 76:d9:b6:fc:28:ac w oknie 5s.
evidence: {'source_mac': '76:d9:b6:fc:28:ac', 'rts_count': 368, 'unique_destination_count': 1, 'rts_per_source_threshold': 50, 'window_seconds': 5, 'sample_destinations': ['d8:d7:75:45:81:24']}
!!!!!!!!!!!!!!!!!!!!!!!!!!!!!!!!!!!!!!!!!!!!!!!!!!!!!!!!!!!!!!!!!!!!!!!!!!!!!!!!


!!!!!!!!!!!!!!!!!!!!!!!!!!!!!!!!!!!!!!!!!!!!!!!!!!!!!!!!!!!!!!!!!!!!!!!!!!!!!!!!
[ALERT] ALERT-000075 | RTS_CTS_FLOOD_GLOBAL
severity: HIGH
time: 2026-05-16T19:12:17.790304
message: Wykryto możliwy RTS/CTS Flood: 151 ramek RTS oraz 137 ramek CTS w oknie 5s.
evidence: {'rts_count': 151, 'cts_count': 137, 'combined_count': 288, 'window_seconds': 5, 'rts_count_threshold': 100, 'cts_count_threshold': 100, 'combined_count_threshold': 150, 'triggered_reasons': ['high_rts_rate', 'high_cts_rate', 'high_combined_rts_cts_rate'], 'unique_source_count': 4, 'unique_destination_count': 4, 'sample_sources': ['36:0b:67:ef:6b:92', '76:d9:b6:fc:28:ac', 'd8:d7:75:45:81:24', '54:35:30:cf:ee:1e'], 'sample_destinations': ['36:0b:67:ef:6b:92', '76:d9:b6:fc:28:ac', 'd8:d7:75:45:81:24', '54:35:30:cf:ee:1e']}
!!!!!!!!!!!!!!!!!!!!!!!!!!!!!!!!!!!!!!!!!!!!!!!!!!!!!!!!!!!!!!!!!!!!!!!!!!!!!!!!


!!!!!!!!!!!!!!!!!!!!!!!!!!!!!!!!!!!!!!!!!!!!!!!!!!!!!!!!!!!!!!!!!!!!!!!!!!!!!!!!
[ALERT] ALERT-000076 | RTS_FLOOD_SOURCE
severity: MEDIUM
time: 2026-05-16T19:12:18.049664
message: Wykryto możliwy RTS Flood z pojedynczego źródła: 79 ramek RTS z adresu d8:d7:75:45:81:24 w oknie 5s.
evidence: {'source_mac': 'd8:d7:75:45:81:24', 'rts_count': 79, 'unique_destination_count': 2, 'rts_per_source_threshold': 50, 'window_seconds': 5, 'sample_destinations': ['36:0b:67:ef:6b:92', '76:d9:b6:fc:28:ac']}
!!!!!!!!!!!!!!!!!!!!!!!!!!!!!!!!!!!!!!!!!!!!!!!!!!!!!!!!!!!!!!!!!!!!!!!!!!!!!!!!


!!!!!!!!!!!!!!!!!!!!!!!!!!!!!!!!!!!!!!!!!!!!!!!!!!!!!!!!!!!!!!!!!!!!!!!!!!!!!!!!
[ALERT] ALERT-000077 | RTS_FLOOD_SOURCE
severity: MEDIUM
time: 2026-05-16T19:12:18.053624
message: Wykryto możliwy RTS Flood z pojedynczego źródła: 63 ramek RTS z adresu 76:d9:b6:fc:28:ac w oknie 5s.
evidence: {'source_mac': '76:d9:b6:fc:28:ac', 'rts_count': 63, 'unique_destination_count': 1, 'rts_per_source_threshold': 50, 'window_seconds': 5, 'sample_destinations': ['d8:d7:75:45:81:24']}
!!!!!!!!!!!!!!!!!!!!!!!!!!!!!!!!!!!!!!!!!!!!!!!!!!!!!!!!!!!!!!!!!!!!!!!!!!!!!!!!


================================================================================
STATISTICS after 40.1s
--------------------------------------------------------------------------------
total frames: 29886

by frame type:
  control: 21256
  management: 6864
  data: 1766

by frame subtype:
  rts: 7934
  block_ack: 7100
  probe_request: 5121
  cts: 3834
  ack: 2353
  beacon: 1561
  qos_null: 913
  null_data: 568
  data: 232
  probe_response: 124
  qos_data: 53
  action: 34
  block_ack_request: 33
  deauthentication: 17
  authentication: 4
  reassociation_request: 2
  ps_poll: 1
  cf_end: 1
  reassociation_response: 1

unique SSIDs: 20
unique BSSIDs: 13
================================================================================

!!!!!!!!!!!!!!!!!!!!!!!!!!!!!!!!!!!!!!!!!!!!!!!!!!!!!!!!!!!!!!!!!!!!!!!!!!!!!!!!
[ALERT] ALERT-000078 | RTS_CTS_FLOOD_GLOBAL
severity: CRITICAL
time: 2026-05-16T19:12:22.797616
message: Wykryto możliwy RTS/CTS Flood: 452 ramek RTS oraz 415 ramek CTS w oknie 5s.
evidence: {'rts_count': 452, 'cts_count': 415, 'combined_count': 867, 'window_seconds': 5, 'rts_count_threshold': 100, 'cts_count_threshold': 100, 'combined_count_threshold': 150, 'triggered_reasons': ['high_rts_rate', 'high_cts_rate', 'high_combined_rts_cts_rate'], 'unique_source_count': 3, 'unique_destination_count': 4, 'sample_sources': ['36:0b:67:ef:6b:92', '76:d9:b6:fc:28:ac', 'd8:d7:75:45:81:24'], 'sample_destinations': ['d8:d7:75:45:81:24', '36:0b:67:ef:6b:92', '76:d9:b6:fc:28:ac', 'e0:3e:44:04:28:ac']}
!!!!!!!!!!!!!!!!!!!!!!!!!!!!!!!!!!!!!!!!!!!!!!!!!!!!!!!!!!!!!!!!!!!!!!!!!!!!!!!!


!!!!!!!!!!!!!!!!!!!!!!!!!!!!!!!!!!!!!!!!!!!!!!!!!!!!!!!!!!!!!!!!!!!!!!!!!!!!!!!!
[ALERT] ALERT-000079 | RTS_FLOOD_SOURCE
severity: CRITICAL
time: 2026-05-16T19:12:23.126344
message: Wykryto możliwy RTS Flood z pojedynczego źródła: 281 ramek RTS z adresu d8:d7:75:45:81:24 w oknie 5s.
evidence: {'source_mac': 'd8:d7:75:45:81:24', 'rts_count': 281, 'unique_destination_count': 2, 'rts_per_source_threshold': 50, 'window_seconds': 5, 'sample_destinations': ['36:0b:67:ef:6b:92', '76:d9:b6:fc:28:ac']}
!!!!!!!!!!!!!!!!!!!!!!!!!!!!!!!!!!!!!!!!!!!!!!!!!!!!!!!!!!!!!!!!!!!!!!!!!!!!!!!!


!!!!!!!!!!!!!!!!!!!!!!!!!!!!!!!!!!!!!!!!!!!!!!!!!!!!!!!!!!!!!!!!!!!!!!!!!!!!!!!!
[ALERT] ALERT-000080 | RTS_FLOOD_SOURCE
severity: CRITICAL
time: 2026-05-16T19:12:23.129407
message: Wykryto możliwy RTS Flood z pojedynczego źródła: 196 ramek RTS z adresu 76:d9:b6:fc:28:ac w oknie 5s.
evidence: {'source_mac': '76:d9:b6:fc:28:ac', 'rts_count': 196, 'unique_destination_count': 1, 'rts_per_source_threshold': 50, 'window_seconds': 5, 'sample_destinations': ['d8:d7:75:45:81:24']}
!!!!!!!!!!!!!!!!!!!!!!!!!!!!!!!!!!!!!!!!!!!!!!!!!!!!!!!!!!!!!!!!!!!!!!!!!!!!!!!!


!!!!!!!!!!!!!!!!!!!!!!!!!!!!!!!!!!!!!!!!!!!!!!!!!!!!!!!!!!!!!!!!!!!!!!!!!!!!!!!!
[ALERT] ALERT-000081 | RTS_FLOOD_SOURCE
severity: MEDIUM
time: 2026-05-16T19:12:26.846752
message: Wykryto możliwy RTS Flood z pojedynczego źródła: 50 ramek RTS z adresu 36:0b:67:ef:6b:92 w oknie 5s.
evidence: {'source_mac': '36:0b:67:ef:6b:92', 'rts_count': 50, 'unique_destination_count': 1, 'rts_per_source_threshold': 50, 'window_seconds': 5, 'sample_destinations': ['d8:d7:75:45:81:24']}
!!!!!!!!!!!!!!!!!!!!!!!!!!!!!!!!!!!!!!!!!!!!!!!!!!!!!!!!!!!!!!!!!!!!!!!!!!!!!!!!


================================================================================
STATISTICS after 50.1s
--------------------------------------------------------------------------------
total frames: 33806

by frame type:
  control: 24984
  management: 6946
  data: 1876

by frame subtype:
  rts: 9250
  block_ack: 8274
  probe_request: 5123
  cts: 4952
  ack: 2471
  beacon: 1628
  qos_null: 940
  null_data: 642
  data: 241
  probe_response: 131
  qos_data: 53
  action: 40
  block_ack_request: 35
  deauthentication: 17
  authentication: 4
  reassociation_request: 2
  ps_poll: 1
  cf_end: 1
  reassociation_response: 1

unique SSIDs: 20
unique BSSIDs: 13
================================================================================

!!!!!!!!!!!!!!!!!!!!!!!!!!!!!!!!!!!!!!!!!!!!!!!!!!!!!!!!!!!!!!!!!!!!!!!!!!!!!!!!
[ALERT] ALERT-000082 | RTS_CTS_FLOOD_GLOBAL
severity: CRITICAL
time: 2026-05-16T19:12:27.802591
message: Wykryto możliwy RTS/CTS Flood: 1020 ramek RTS oraz 777 ramek CTS w oknie 5s.
evidence: {'rts_count': 1020, 'cts_count': 777, 'combined_count': 1797, 'window_seconds': 5, 'rts_count_threshold': 100, 'cts_count_threshold': 100, 'combined_count_threshold': 150, 'triggered_reasons': ['high_rts_rate', 'high_cts_rate', 'high_combined_rts_cts_rate'], 'unique_source_count': 3, 'unique_destination_count': 4, 'sample_sources': ['36:0b:67:ef:6b:92', '76:d9:b6:fc:28:ac', 'd8:d7:75:45:81:24'], 'sample_destinations': ['36:0b:67:ef:6b:92', '76:d9:b6:fc:28:ac', 'd8:d7:75:45:81:24', 'e6:12:a8:93:5a:78']}
!!!!!!!!!!!!!!!!!!!!!!!!!!!!!!!!!!!!!!!!!!!!!!!!!!!!!!!!!!!!!!!!!!!!!!!!!!!!!!!!


!!!!!!!!!!!!!!!!!!!!!!!!!!!!!!!!!!!!!!!!!!!!!!!!!!!!!!!!!!!!!!!!!!!!!!!!!!!!!!!!
[ALERT] ALERT-000083 | RTS_FLOOD_SOURCE
severity: CRITICAL
time: 2026-05-16T19:12:28.132615
message: Wykryto możliwy RTS Flood z pojedynczego źródła: 602 ramek RTS z adresu d8:d7:75:45:81:24 w oknie 5s.
evidence: {'source_mac': 'd8:d7:75:45:81:24', 'rts_count': 602, 'unique_destination_count': 3, 'rts_per_source_threshold': 50, 'window_seconds': 5, 'sample_destinations': ['36:0b:67:ef:6b:92', '76:d9:b6:fc:28:ac', 'e6:12:a8:93:5a:78']}
!!!!!!!!!!!!!!!!!!!!!!!!!!!!!!!!!!!!!!!!!!!!!!!!!!!!!!!!!!!!!!!!!!!!!!!!!!!!!!!!


!!!!!!!!!!!!!!!!!!!!!!!!!!!!!!!!!!!!!!!!!!!!!!!!!!!!!!!!!!!!!!!!!!!!!!!!!!!!!!!!
[ALERT] ALERT-000084 | RTS_FLOOD_SOURCE
severity: CRITICAL
time: 2026-05-16T19:12:28.145128
message: Wykryto możliwy RTS Flood z pojedynczego źródła: 344 ramek RTS z adresu 76:d9:b6:fc:28:ac w oknie 5s.
evidence: {'source_mac': '76:d9:b6:fc:28:ac', 'rts_count': 344, 'unique_destination_count': 1, 'rts_per_source_threshold': 50, 'window_seconds': 5, 'sample_destinations': ['d8:d7:75:45:81:24']}
!!!!!!!!!!!!!!!!!!!!!!!!!!!!!!!!!!!!!!!!!!!!!!!!!!!!!!!!!!!!!!!!!!!!!!!!!!!!!!!!


!!!!!!!!!!!!!!!!!!!!!!!!!!!!!!!!!!!!!!!!!!!!!!!!!!!!!!!!!!!!!!!!!!!!!!!!!!!!!!!!
[ALERT] ALERT-000085 | RTS_CTS_FLOOD_GLOBAL
severity: CRITICAL
time: 2026-05-16T19:12:32.806935
message: Wykryto możliwy RTS/CTS Flood: 922 ramek RTS oraz 367 ramek CTS w oknie 5s.
evidence: {'rts_count': 922, 'cts_count': 367, 'combined_count': 1289, 'window_seconds': 5, 'rts_count_threshold': 100, 'cts_count_threshold': 100, 'combined_count_threshold': 150, 'triggered_reasons': ['high_rts_rate', 'high_cts_rate', 'high_combined_rts_cts_rate'], 'unique_source_count': 3, 'unique_destination_count': 3, 'sample_sources': ['76:d9:b6:fc:28:ac', '36:0b:67:ef:6b:92', 'd8:d7:75:45:81:24'], 'sample_destinations': ['d8:d7:75:45:81:24', '36:0b:67:ef:6b:92', '76:d9:b6:fc:28:ac']}
!!!!!!!!!!!!!!!!!!!!!!!!!!!!!!!!!!!!!!!!!!!!!!!!!!!!!!!!!!!!!!!!!!!!!!!!!!!!!!!!


!!!!!!!!!!!!!!!!!!!!!!!!!!!!!!!!!!!!!!!!!!!!!!!!!!!!!!!!!!!!!!!!!!!!!!!!!!!!!!!!
[ALERT] ALERT-000086 | RTS_FLOOD_SOURCE
severity: CRITICAL
time: 2026-05-16T19:12:33.132803
message: Wykryto możliwy RTS Flood z pojedynczego źródła: 463 ramek RTS z adresu d8:d7:75:45:81:24 w oknie 5s.
evidence: {'source_mac': 'd8:d7:75:45:81:24', 'rts_count': 463, 'unique_destination_count': 2, 'rts_per_source_threshold': 50, 'window_seconds': 5, 'sample_destinations': ['36:0b:67:ef:6b:92', '76:d9:b6:fc:28:ac']}
!!!!!!!!!!!!!!!!!!!!!!!!!!!!!!!!!!!!!!!!!!!!!!!!!!!!!!!!!!!!!!!!!!!!!!!!!!!!!!!!


!!!!!!!!!!!!!!!!!!!!!!!!!!!!!!!!!!!!!!!!!!!!!!!!!!!!!!!!!!!!!!!!!!!!!!!!!!!!!!!!
[ALERT] ALERT-000087 | RTS_FLOOD_SOURCE
severity: CRITICAL
time: 2026-05-16T19:12:33.262100
message: Wykryto możliwy RTS Flood z pojedynczego źródła: 316 ramek RTS z adresu 76:d9:b6:fc:28:ac w oknie 5s.
evidence: {'source_mac': '76:d9:b6:fc:28:ac', 'rts_count': 316, 'unique_destination_count': 1, 'rts_per_source_threshold': 50, 'window_seconds': 5, 'sample_destinations': ['d8:d7:75:45:81:24']}
!!!!!!!!!!!!!!!!!!!!!!!!!!!!!!!!!!!!!!!!!!!!!!!!!!!!!!!!!!!!!!!!!!!!!!!!!!!!!!!!


!!!!!!!!!!!!!!!!!!!!!!!!!!!!!!!!!!!!!!!!!!!!!!!!!!!!!!!!!!!!!!!!!!!!!!!!!!!!!!!!
[ALERT] ALERT-000088 | RTS_CTS_FLOOD_GLOBAL
severity: CRITICAL
time: 2026-05-16T19:12:37.807842
message: Wykryto możliwy RTS/CTS Flood: 464 ramek RTS oraz 348 ramek CTS w oknie 5s.
evidence: {'rts_count': 464, 'cts_count': 348, 'combined_count': 812, 'window_seconds': 5, 'rts_count_threshold': 100, 'cts_count_threshold': 100, 'combined_count_threshold': 150, 'triggered_reasons': ['high_rts_rate', 'high_cts_rate', 'high_combined_rts_cts_rate'], 'unique_source_count': 3, 'unique_destination_count': 4, 'sample_sources': ['76:d9:b6:fc:28:ac', 'd8:d7:75:45:81:24', '54:35:30:cf:ee:1e'], 'sample_destinations': ['36:0b:67:ef:6b:92', '76:d9:b6:fc:28:ac', 'd8:d7:75:45:81:24', '54:35:30:cf:ee:1e']}
!!!!!!!!!!!!!!!!!!!!!!!!!!!!!!!!!!!!!!!!!!!!!!!!!!!!!!!!!!!!!!!!!!!!!!!!!!!!!!!!


!!!!!!!!!!!!!!!!!!!!!!!!!!!!!!!!!!!!!!!!!!!!!!!!!!!!!!!!!!!!!!!!!!!!!!!!!!!!!!!!
[ALERT] ALERT-000089 | RTS_FLOOD_SOURCE
severity: CRITICAL
time: 2026-05-16T19:12:38.137146
message: Wykryto możliwy RTS Flood z pojedynczego źródła: 340 ramek RTS z adresu d8:d7:75:45:81:24 w oknie 5s.
evidence: {'source_mac': 'd8:d7:75:45:81:24', 'rts_count': 340, 'unique_destination_count': 3, 'rts_per_source_threshold': 50, 'window_seconds': 5, 'sample_destinations': ['36:0b:67:ef:6b:92', '76:d9:b6:fc:28:ac', '54:35:30:cf:ee:1e']}
!!!!!!!!!!!!!!!!!!!!!!!!!!!!!!!!!!!!!!!!!!!!!!!!!!!!!!!!!!!!!!!!!!!!!!!!!!!!!!!!


!!!!!!!!!!!!!!!!!!!!!!!!!!!!!!!!!!!!!!!!!!!!!!!!!!!!!!!!!!!!!!!!!!!!!!!!!!!!!!!!
[ALERT] ALERT-000090 | RTS_FLOOD_SOURCE
severity: CRITICAL
time: 2026-05-16T19:12:38.270674
message: Wykryto możliwy RTS Flood z pojedynczego źródła: 209 ramek RTS z adresu 76:d9:b6:fc:28:ac w oknie 5s.
evidence: {'source_mac': '76:d9:b6:fc:28:ac', 'rts_count': 209, 'unique_destination_count': 1, 'rts_per_source_threshold': 50, 'window_seconds': 5, 'sample_destinations': ['d8:d7:75:45:81:24']}
!!!!!!!!!!!!!!!!!!!!!!!!!!!!!!!!!!!!!!!!!!!!!!!!!!!!!!!!!!!!!!!!!!!!!!!!!!!!!!!!


!!!!!!!!!!!!!!!!!!!!!!!!!!!!!!!!!!!!!!!!!!!!!!!!!!!!!!!!!!!!!!!!!!!!!!!!!!!!!!!!
[ALERT] ALERT-000091 | RTS_CTS_FLOOD_GLOBAL
severity: CRITICAL
time: 2026-05-16T19:12:42.845280
message: Wykryto możliwy RTS/CTS Flood: 1290 ramek RTS oraz 518 ramek CTS w oknie 5s.
evidence: {'rts_count': 1290, 'cts_count': 518, 'combined_count': 1808, 'window_seconds': 5, 'rts_count_threshold': 100, 'cts_count_threshold': 100, 'combined_count_threshold': 150, 'triggered_reasons': ['high_rts_rate', 'high_cts_rate', 'high_combined_rts_cts_rate'], 'unique_source_count': 3, 'unique_destination_count': 3, 'sample_sources': ['36:0b:67:ef:6b:92', '76:d9:b6:fc:28:ac', 'd8:d7:75:45:81:24'], 'sample_destinations': ['36:0b:67:ef:6b:92', '76:d9:b6:fc:28:ac', 'd8:d7:75:45:81:24']}
!!!!!!!!!!!!!!!!!!!!!!!!!!!!!!!!!!!!!!!!!!!!!!!!!!!!!!!!!!!!!!!!!!!!!!!!!!!!!!!!


!!!!!!!!!!!!!!!!!!!!!!!!!!!!!!!!!!!!!!!!!!!!!!!!!!!!!!!!!!!!!!!!!!!!!!!!!!!!!!!!
[ALERT] ALERT-000092 | RTS_FLOOD_SOURCE
severity: CRITICAL
time: 2026-05-16T19:12:43.195220
message: Wykryto możliwy RTS Flood z pojedynczego źródła: 772 ramek RTS z adresu d8:d7:75:45:81:24 w oknie 5s.
evidence: {'source_mac': 'd8:d7:75:45:81:24', 'rts_count': 772, 'unique_destination_count': 2, 'rts_per_source_threshold': 50, 'window_seconds': 5, 'sample_destinations': ['36:0b:67:ef:6b:92', '76:d9:b6:fc:28:ac']}
!!!!!!!!!!!!!!!!!!!!!!!!!!!!!!!!!!!!!!!!!!!!!!!!!!!!!!!!!!!!!!!!!!!!!!!!!!!!!!!!


!!!!!!!!!!!!!!!!!!!!!!!!!!!!!!!!!!!!!!!!!!!!!!!!!!!!!!!!!!!!!!!!!!!!!!!!!!!!!!!!
[ALERT] ALERT-000093 | RTS_FLOOD_SOURCE
severity: CRITICAL
time: 2026-05-16T19:12:43.333012
message: Wykryto możliwy RTS Flood z pojedynczego źródła: 443 ramek RTS z adresu 76:d9:b6:fc:28:ac w oknie 5s.
evidence: {'source_mac': '76:d9:b6:fc:28:ac', 'rts_count': 443, 'unique_destination_count': 1, 'rts_per_source_threshold': 50, 'window_seconds': 5, 'sample_destinations': ['d8:d7:75:45:81:24']}
!!!!!!!!!!!!!!!!!!!!!!!!!!!!!!!!!!!!!!!!!!!!!!!!!!!!!!!!!!!!!!!!!!!!!!!!!!!!!!!!


================================================================================
STATISTICS after 60.1s
--------------------------------------------------------------------------------
total frames: 41748

by frame type:
  control: 32681
  management: 7114
  data: 1953

by frame subtype:
  rts: 12507
  block_ack: 10913
  cts: 6666
  probe_request: 5125
  ack: 2558
  beacon: 1780
  qos_null: 970
  null_data: 683
  data: 245
  probe_response: 144
  qos_data: 55
  action: 41
  block_ack_request: 35
  deauthentication: 17
  authentication: 4
  reassociation_request: 2
  ps_poll: 1
  cf_end: 1
  reassociation_response: 1

unique SSIDs: 21
unique BSSIDs: 13
================================================================================

!!!!!!!!!!!!!!!!!!!!!!!!!!!!!!!!!!!!!!!!!!!!!!!!!!!!!!!!!!!!!!!!!!!!!!!!!!!!!!!!
[ALERT] ALERT-000094 | RTS_CTS_FLOOD_GLOBAL
severity: CRITICAL
time: 2026-05-16T19:12:47.845317
message: Wykryto możliwy RTS/CTS Flood: 485 ramek RTS oraz 459 ramek CTS w oknie 5s.
evidence: {'rts_count': 485, 'cts_count': 459, 'combined_count': 944, 'window_seconds': 5, 'rts_count_threshold': 100, 'cts_count_threshold': 100, 'combined_count_threshold': 150, 'triggered_reasons': ['high_rts_rate', 'high_cts_rate', 'high_combined_rts_cts_rate'], 'unique_source_count': 2, 'unique_destination_count': 4, 'sample_sources': ['76:d9:b6:fc:28:ac', 'd8:d7:75:45:81:24'], 'sample_destinations': ['76:d9:b6:fc:28:ac', 'd8:d7:75:45:81:24', 'e6:12:a8:93:5a:78', '54:35:30:cf:ee:1e']}
!!!!!!!!!!!!!!!!!!!!!!!!!!!!!!!!!!!!!!!!!!!!!!!!!!!!!!!!!!!!!!!!!!!!!!!!!!!!!!!!


!!!!!!!!!!!!!!!!!!!!!!!!!!!!!!!!!!!!!!!!!!!!!!!!!!!!!!!!!!!!!!!!!!!!!!!!!!!!!!!!
[ALERT] ALERT-000095 | RTS_FLOOD_SOURCE
severity: CRITICAL
time: 2026-05-16T19:12:48.537090
message: Wykryto możliwy RTS Flood z pojedynczego źródła: 214 ramek RTS z adresu 76:d9:b6:fc:28:ac w oknie 5s.
evidence: {'source_mac': '76:d9:b6:fc:28:ac', 'rts_count': 214, 'unique_destination_count': 1, 'rts_per_source_threshold': 50, 'window_seconds': 5, 'sample_destinations': ['d8:d7:75:45:81:24']}
!!!!!!!!!!!!!!!!!!!!!!!!!!!!!!!!!!!!!!!!!!!!!!!!!!!!!!!!!!!!!!!!!!!!!!!!!!!!!!!!


!!!!!!!!!!!!!!!!!!!!!!!!!!!!!!!!!!!!!!!!!!!!!!!!!!!!!!!!!!!!!!!!!!!!!!!!!!!!!!!!
[ALERT] ALERT-000096 | RTS_FLOOD_SOURCE
severity: CRITICAL
time: 2026-05-16T19:12:48.537620
message: Wykryto możliwy RTS Flood z pojedynczego źródła: 297 ramek RTS z adresu d8:d7:75:45:81:24 w oknie 5s.
evidence: {'source_mac': 'd8:d7:75:45:81:24', 'rts_count': 297, 'unique_destination_count': 2, 'rts_per_source_threshold': 50, 'window_seconds': 5, 'sample_destinations': ['76:d9:b6:fc:28:ac', 'e6:12:a8:93:5a:78']}
!!!!!!!!!!!!!!!!!!!!!!!!!!!!!!!!!!!!!!!!!!!!!!!!!!!!!!!!!!!!!!!!!!!!!!!!!!!!!!!!


!!!!!!!!!!!!!!!!!!!!!!!!!!!!!!!!!!!!!!!!!!!!!!!!!!!!!!!!!!!!!!!!!!!!!!!!!!!!!!!!
[ALERT] ALERT-000097 | RTS_CTS_FLOOD_GLOBAL
severity: CRITICAL
time: 2026-05-16T19:12:52.847631
message: Wykryto możliwy RTS/CTS Flood: 331 ramek RTS oraz 304 ramek CTS w oknie 5s.
evidence: {'rts_count': 331, 'cts_count': 304, 'combined_count': 635, 'window_seconds': 5, 'rts_count_threshold': 100, 'cts_count_threshold': 100, 'combined_count_threshold': 150, 'triggered_reasons': ['high_rts_rate', 'high_cts_rate', 'high_combined_rts_cts_rate'], 'unique_source_count': 3, 'unique_destination_count': 3, 'sample_sources': ['36:0b:67:ef:6b:92', '76:d9:b6:fc:28:ac', 'd8:d7:75:45:81:24'], 'sample_destinations': ['36:0b:67:ef:6b:92', '76:d9:b6:fc:28:ac', 'd8:d7:75:45:81:24']}
!!!!!!!!!!!!!!!!!!!!!!!!!!!!!!!!!!!!!!!!!!!!!!!!!!!!!!!!!!!!!!!!!!!!!!!!!!!!!!!!


!!!!!!!!!!!!!!!!!!!!!!!!!!!!!!!!!!!!!!!!!!!!!!!!!!!!!!!!!!!!!!!!!!!!!!!!!!!!!!!!
[ALERT] ALERT-000098 | RTS_FLOOD_SOURCE
severity: CRITICAL
time: 2026-05-16T19:12:53.607275
message: Wykryto możliwy RTS Flood z pojedynczego źródła: 152 ramek RTS z adresu d8:d7:75:45:81:24 w oknie 5s.
evidence: {'source_mac': 'd8:d7:75:45:81:24', 'rts_count': 152, 'unique_destination_count': 2, 'rts_per_source_threshold': 50, 'window_seconds': 5, 'sample_destinations': ['36:0b:67:ef:6b:92', '76:d9:b6:fc:28:ac']}
!!!!!!!!!!!!!!!!!!!!!!!!!!!!!!!!!!!!!!!!!!!!!!!!!!!!!!!!!!!!!!!!!!!!!!!!!!!!!!!!


!!!!!!!!!!!!!!!!!!!!!!!!!!!!!!!!!!!!!!!!!!!!!!!!!!!!!!!!!!!!!!!!!!!!!!!!!!!!!!!!
[ALERT] ALERT-000099 | RTS_FLOOD_SOURCE
severity: HIGH
time: 2026-05-16T19:12:53.610157
message: Wykryto możliwy RTS Flood z pojedynczego źródła: 117 ramek RTS z adresu 76:d9:b6:fc:28:ac w oknie 5s.
evidence: {'source_mac': '76:d9:b6:fc:28:ac', 'rts_count': 117, 'unique_destination_count': 1, 'rts_per_source_threshold': 50, 'window_seconds': 5, 'sample_destinations': ['d8:d7:75:45:81:24']}
!!!!!!!!!!!!!!!!!!!!!!!!!!!!!!!!!!!!!!!!!!!!!!!!!!!!!!!!!!!!!!!!!!!!!!!!!!!!!!!!


!!!!!!!!!!!!!!!!!!!!!!!!!!!!!!!!!!!!!!!!!!!!!!!!!!!!!!!!!!!!!!!!!!!!!!!!!!!!!!!!
[ALERT] ALERT-000100 | RTS_FLOOD_SOURCE
severity: MEDIUM
time: 2026-05-16T19:12:56.864109
message: Wykryto możliwy RTS Flood z pojedynczego źródła: 50 ramek RTS z adresu 36:0b:67:ef:6b:92 w oknie 5s.
evidence: {'source_mac': '36:0b:67:ef:6b:92', 'rts_count': 50, 'unique_destination_count': 1, 'rts_per_source_threshold': 50, 'window_seconds': 5, 'sample_destinations': ['d8:d7:75:45:81:24']}
!!!!!!!!!!!!!!!!!!!!!!!!!!!!!!!!!!!!!!!!!!!!!!!!!!!!!!!!!!!!!!!!!!!!!!!!!!!!!!!!


!!!!!!!!!!!!!!!!!!!!!!!!!!!!!!!!!!!!!!!!!!!!!!!!!!!!!!!!!!!!!!!!!!!!!!!!!!!!!!!!
[ALERT] ALERT-000101 | RTS_CTS_FLOOD_GLOBAL
severity: CRITICAL
time: 2026-05-16T19:12:57.848106
message: Wykryto możliwy RTS/CTS Flood: 573 ramek RTS oraz 301 ramek CTS w oknie 5s.
evidence: {'rts_count': 573, 'cts_count': 301, 'combined_count': 874, 'window_seconds': 5, 'rts_count_threshold': 100, 'cts_count_threshold': 100, 'combined_count_threshold': 150, 'triggered_reasons': ['high_rts_rate', 'high_cts_rate', 'high_combined_rts_cts_rate'], 'unique_source_count': 4, 'unique_destination_count': 5, 'sample_sources': ['36:0b:67:ef:6b:92', '76:d9:b6:fc:28:ac', 'd8:d7:75:45:81:24', '54:35:30:cf:ee:1e'], 'sample_destinations': ['e6:12:a8:93:5a:78', '54:35:30:cf:ee:1e', '36:0b:67:ef:6b:92', 'd8:d7:75:45:81:24', '76:d9:b6:fc:28:ac']}
!!!!!!!!!!!!!!!!!!!!!!!!!!!!!!!!!!!!!!!!!!!!!!!!!!!!!!!!!!!!!!!!!!!!!!!!!!!!!!!!


!!!!!!!!!!!!!!!!!!!!!!!!!!!!!!!!!!!!!!!!!!!!!!!!!!!!!!!!!!!!!!!!!!!!!!!!!!!!!!!!
[ALERT] ALERT-000102 | RTS_FLOOD_SOURCE
severity: CRITICAL
time: 2026-05-16T19:12:58.613855
message: Wykryto możliwy RTS Flood z pojedynczego źródła: 508 ramek RTS z adresu d8:d7:75:45:81:24 w oknie 5s.
evidence: {'source_mac': 'd8:d7:75:45:81:24', 'rts_count': 508, 'unique_destination_count': 3, 'rts_per_source_threshold': 50, 'window_seconds': 5, 'sample_destinations': ['36:0b:67:ef:6b:92', '76:d9:b6:fc:28:ac', 'e6:12:a8:93:5a:78']}
!!!!!!!!!!!!!!!!!!!!!!!!!!!!!!!!!!!!!!!!!!!!!!!!!!!!!!!!!!!!!!!!!!!!!!!!!!!!!!!!


!!!!!!!!!!!!!!!!!!!!!!!!!!!!!!!!!!!!!!!!!!!!!!!!!!!!!!!!!!!!!!!!!!!!!!!!!!!!!!!!
[ALERT] ALERT-000103 | RTS_FLOOD_SOURCE
severity: MEDIUM
time: 2026-05-16T19:12:58.959889
message: Wykryto możliwy RTS Flood z pojedynczego źródła: 78 ramek RTS z adresu 76:d9:b6:fc:28:ac w oknie 5s.
evidence: {'source_mac': '76:d9:b6:fc:28:ac', 'rts_count': 78, 'unique_destination_count': 1, 'rts_per_source_threshold': 50, 'window_seconds': 5, 'sample_destinations': ['d8:d7:75:45:81:24']}
!!!!!!!!!!!!!!!!!!!!!!!!!!!!!!!!!!!!!!!!!!!!!!!!!!!!!!!!!!!!!!!!!!!!!!!!!!!!!!!!


================================================================================
STATISTICS after 70.1s
--------------------------------------------------------------------------------
total frames: 46253

by frame type:
  control: 36926
  management: 7240
  data: 2087

by frame subtype:
  rts: 14101
  block_ack: 12540
  cts: 7566
  probe_request: 5130
  ack: 2681
  beacon: 1893
  qos_null: 1026
  null_data: 746
  data: 255
  probe_response: 152
  qos_data: 60
  action: 41
  block_ack_request: 35
  deauthentication: 17
  authentication: 4
  reassociation_request: 2
  cf_end: 2
  ps_poll: 1
  reassociation_response: 1

unique SSIDs: 21
unique BSSIDs: 13
================================================================================

!!!!!!!!!!!!!!!!!!!!!!!!!!!!!!!!!!!!!!!!!!!!!!!!!!!!!!!!!!!!!!!!!!!!!!!!!!!!!!!!
[ALERT] ALERT-000104 | RTS_CTS_FLOOD_GLOBAL
severity: CRITICAL
time: 2026-05-16T19:13:02.872222
message: Wykryto możliwy RTS/CTS Flood: 728 ramek RTS oraz 327 ramek CTS w oknie 5s.
evidence: {'rts_count': 728, 'cts_count': 327, 'combined_count': 1055, 'window_seconds': 5, 'rts_count_threshold': 100, 'cts_count_threshold': 100, 'combined_count_threshold': 150, 'triggered_reasons': ['high_rts_rate', 'high_cts_rate', 'high_combined_rts_cts_rate'], 'unique_source_count': 3, 'unique_destination_count': 4, 'sample_sources': ['76:d9:b6:fc:28:ac', '36:0b:67:ef:6b:92', 'd8:d7:75:45:81:24'], 'sample_destinations': ['76:d9:b6:fc:28:ac', '36:0b:67:ef:6b:92', 'd8:d7:75:45:81:24', 'e6:12:a8:93:5a:78']}
!!!!!!!!!!!!!!!!!!!!!!!!!!!!!!!!!!!!!!!!!!!!!!!!!!!!!!!!!!!!!!!!!!!!!!!!!!!!!!!!


!!!!!!!!!!!!!!!!!!!!!!!!!!!!!!!!!!!!!!!!!!!!!!!!!!!!!!!!!!!!!!!!!!!!!!!!!!!!!!!!
[ALERT] ALERT-000105 | RTS_FLOOD_SOURCE
severity: CRITICAL
time: 2026-05-16T19:13:03.615963
message: Wykryto możliwy RTS Flood z pojedynczego źródła: 470 ramek RTS z adresu d8:d7:75:45:81:24 w oknie 5s.
evidence: {'source_mac': 'd8:d7:75:45:81:24', 'rts_count': 470, 'unique_destination_count': 3, 'rts_per_source_threshold': 50, 'window_seconds': 5, 'sample_destinations': ['36:0b:67:ef:6b:92', '76:d9:b6:fc:28:ac', 'e6:12:a8:93:5a:78']}
!!!!!!!!!!!!!!!!!!!!!!!!!!!!!!!!!!!!!!!!!!!!!!!!!!!!!!!!!!!!!!!!!!!!!!!!!!!!!!!!


!!!!!!!!!!!!!!!!!!!!!!!!!!!!!!!!!!!!!!!!!!!!!!!!!!!!!!!!!!!!!!!!!!!!!!!!!!!!!!!!
[ALERT] ALERT-000106 | RTS_FLOOD_SOURCE
severity: CRITICAL
time: 2026-05-16T19:13:03.963794
message: Wykryto możliwy RTS Flood z pojedynczego źródła: 188 ramek RTS z adresu 76:d9:b6:fc:28:ac w oknie 5s.
evidence: {'source_mac': '76:d9:b6:fc:28:ac', 'rts_count': 188, 'unique_destination_count': 1, 'rts_per_source_threshold': 50, 'window_seconds': 5, 'sample_destinations': ['d8:d7:75:45:81:24']}
!!!!!!!!!!!!!!!!!!!!!!!!!!!!!!!!!!!!!!!!!!!!!!!!!!!!!!!!!!!!!!!!!!!!!!!!!!!!!!!!


!!!!!!!!!!!!!!!!!!!!!!!!!!!!!!!!!!!!!!!!!!!!!!!!!!!!!!!!!!!!!!!!!!!!!!!!!!!!!!!!
[ALERT] ALERT-000107 | RTS_CTS_FLOOD_GLOBAL
severity: CRITICAL
time: 2026-05-16T19:13:07.876951
message: Wykryto możliwy RTS/CTS Flood: 1055 ramek RTS oraz 590 ramek CTS w oknie 5s.
evidence: {'rts_count': 1055, 'cts_count': 590, 'combined_count': 1645, 'window_seconds': 5, 'rts_count_threshold': 100, 'cts_count_threshold': 100, 'combined_count_threshold': 150, 'triggered_reasons': ['high_rts_rate', 'high_cts_rate', 'high_combined_rts_cts_rate'], 'unique_source_count': 3, 'unique_destination_count': 5, 'sample_sources': ['50:02:91:e8:18:ec', '76:d9:b6:fc:28:ac', 'd8:d7:75:45:81:24'], 'sample_destinations': ['e6:12:a8:93:5a:78', '50:02:91:e8:18:ec', '36:0b:67:ef:6b:92', 'd8:d7:75:45:81:24', '76:d9:b6:fc:28:ac']}
!!!!!!!!!!!!!!!!!!!!!!!!!!!!!!!!!!!!!!!!!!!!!!!!!!!!!!!!!!!!!!!!!!!!!!!!!!!!!!!!


!!!!!!!!!!!!!!!!!!!!!!!!!!!!!!!!!!!!!!!!!!!!!!!!!!!!!!!!!!!!!!!!!!!!!!!!!!!!!!!!
[ALERT] ALERT-000108 | RTS_FLOOD_SOURCE
severity: CRITICAL
time: 2026-05-16T19:13:08.627666
message: Wykryto możliwy RTS Flood z pojedynczego źródła: 631 ramek RTS z adresu d8:d7:75:45:81:24 w oknie 5s.
evidence: {'source_mac': 'd8:d7:75:45:81:24', 'rts_count': 631, 'unique_destination_count': 3, 'rts_per_source_threshold': 50, 'window_seconds': 5, 'sample_destinations': ['36:0b:67:ef:6b:92', '76:d9:b6:fc:28:ac', 'e6:12:a8:93:5a:78']}
!!!!!!!!!!!!!!!!!!!!!!!!!!!!!!!!!!!!!!!!!!!!!!!!!!!!!!!!!!!!!!!!!!!!!!!!!!!!!!!!


!!!!!!!!!!!!!!!!!!!!!!!!!!!!!!!!!!!!!!!!!!!!!!!!!!!!!!!!!!!!!!!!!!!!!!!!!!!!!!!!
[ALERT] ALERT-000109 | RTS_FLOOD_SOURCE
severity: CRITICAL
time: 2026-05-16T19:13:08.967442
message: Wykryto możliwy RTS Flood z pojedynczego źródła: 413 ramek RTS z adresu 76:d9:b6:fc:28:ac w oknie 5s.
evidence: {'source_mac': '76:d9:b6:fc:28:ac', 'rts_count': 413, 'unique_destination_count': 1, 'rts_per_source_threshold': 50, 'window_seconds': 5, 'sample_destinations': ['d8:d7:75:45:81:24']}
!!!!!!!!!!!!!!!!!!!!!!!!!!!!!!!!!!!!!!!!!!!!!!!!!!!!!!!!!!!!!!!!!!!!!!!!!!!!!!!!


!!!!!!!!!!!!!!!!!!!!!!!!!!!!!!!!!!!!!!!!!!!!!!!!!!!!!!!!!!!!!!!!!!!!!!!!!!!!!!!!
[ALERT] ALERT-000110 | RTS_CTS_FLOOD_GLOBAL
severity: CRITICAL
time: 2026-05-16T19:13:12.877979
message: Wykryto możliwy RTS/CTS Flood: 926 ramek RTS oraz 632 ramek CTS w oknie 5s.
evidence: {'rts_count': 926, 'cts_count': 632, 'combined_count': 1558, 'window_seconds': 5, 'rts_count_threshold': 100, 'cts_count_threshold': 100, 'combined_count_threshold': 150, 'triggered_reasons': ['high_rts_rate', 'high_cts_rate', 'high_combined_rts_cts_rate'], 'unique_source_count': 2, 'unique_destination_count': 4, 'sample_sources': ['76:d9:b6:fc:28:ac', 'd8:d7:75:45:81:24'], 'sample_destinations': ['36:0b:67:ef:6b:92', '76:d9:b6:fc:28:ac', 'd8:d7:75:45:81:24', 'e6:12:a8:93:5a:78']}
!!!!!!!!!!!!!!!!!!!!!!!!!!!!!!!!!!!!!!!!!!!!!!!!!!!!!!!!!!!!!!!!!!!!!!!!!!!!!!!!


!!!!!!!!!!!!!!!!!!!!!!!!!!!!!!!!!!!!!!!!!!!!!!!!!!!!!!!!!!!!!!!!!!!!!!!!!!!!!!!!
[ALERT] ALERT-000111 | RTS_FLOOD_SOURCE
severity: CRITICAL
time: 2026-05-16T19:13:13.648939
message: Wykryto możliwy RTS Flood z pojedynczego źródła: 542 ramek RTS z adresu d8:d7:75:45:81:24 w oknie 5s.
evidence: {'source_mac': 'd8:d7:75:45:81:24', 'rts_count': 542, 'unique_destination_count': 3, 'rts_per_source_threshold': 50, 'window_seconds': 5, 'sample_destinations': ['36:0b:67:ef:6b:92', '76:d9:b6:fc:28:ac', 'e6:12:a8:93:5a:78']}
!!!!!!!!!!!!!!!!!!!!!!!!!!!!!!!!!!!!!!!!!!!!!!!!!!!!!!!!!!!!!!!!!!!!!!!!!!!!!!!!


!!!!!!!!!!!!!!!!!!!!!!!!!!!!!!!!!!!!!!!!!!!!!!!!!!!!!!!!!!!!!!!!!!!!!!!!!!!!!!!!
[ALERT] ALERT-000112 | RTS_FLOOD_SOURCE
severity: CRITICAL
time: 2026-05-16T19:13:13.978404
message: Wykryto możliwy RTS Flood z pojedynczego źródła: 257 ramek RTS z adresu 76:d9:b6:fc:28:ac w oknie 5s.
evidence: {'source_mac': '76:d9:b6:fc:28:ac', 'rts_count': 257, 'unique_destination_count': 1, 'rts_per_source_threshold': 50, 'window_seconds': 5, 'sample_destinations': ['d8:d7:75:45:81:24']}
!!!!!!!!!!!!!!!!!!!!!!!!!!!!!!!!!!!!!!!!!!!!!!!!!!!!!!!!!!!!!!!!!!!!!!!!!!!!!!!!


================================================================================
STATISTICS after 80.1s
--------------------------------------------------------------------------------
total frames: 52494

by frame type:
  control: 42972
  management: 7356
  data: 2166

by frame subtype:
  rts: 16582
  block_ack: 14423
  cts: 9179
  probe_request: 5130
  ack: 2750
  beacon: 2000
  qos_null: 1064
  null_data: 778
  data: 262
  probe_response: 161
  qos_data: 62
  action: 41
  block_ack_request: 35
  deauthentication: 17
  authentication: 4
  reassociation_request: 2
  cf_end: 2
  ps_poll: 1
  reassociation_response: 1

unique SSIDs: 21
unique BSSIDs: 13
================================================================================

!!!!!!!!!!!!!!!!!!!!!!!!!!!!!!!!!!!!!!!!!!!!!!!!!!!!!!!!!!!!!!!!!!!!!!!!!!!!!!!!
[ALERT] ALERT-000113 | RTS_CTS_FLOOD_GLOBAL
severity: CRITICAL
time: 2026-05-16T19:13:17.927260
message: Wykryto możliwy RTS/CTS Flood: 1117 ramek RTS oraz 510 ramek CTS w oknie 5s.
evidence: {'rts_count': 1117, 'cts_count': 510, 'combined_count': 1627, 'window_seconds': 5, 'rts_count_threshold': 100, 'cts_count_threshold': 100, 'combined_count_threshold': 150, 'triggered_reasons': ['high_rts_rate', 'high_cts_rate', 'high_combined_rts_cts_rate'], 'unique_source_count': 2, 'unique_destination_count': 3, 'sample_sources': ['76:d9:b6:fc:28:ac', 'd8:d7:75:45:81:24'], 'sample_destinations': ['36:0b:67:ef:6b:92', '76:d9:b6:fc:28:ac', 'd8:d7:75:45:81:24']}
!!!!!!!!!!!!!!!!!!!!!!!!!!!!!!!!!!!!!!!!!!!!!!!!!!!!!!!!!!!!!!!!!!!!!!!!!!!!!!!!


!!!!!!!!!!!!!!!!!!!!!!!!!!!!!!!!!!!!!!!!!!!!!!!!!!!!!!!!!!!!!!!!!!!!!!!!!!!!!!!!
[ALERT] ALERT-000114 | RTS_FLOOD_SOURCE
severity: CRITICAL
time: 2026-05-16T19:13:18.649312
message: Wykryto możliwy RTS Flood z pojedynczego źródła: 776 ramek RTS z adresu d8:d7:75:45:81:24 w oknie 5s.
evidence: {'source_mac': 'd8:d7:75:45:81:24', 'rts_count': 776, 'unique_destination_count': 2, 'rts_per_source_threshold': 50, 'window_seconds': 5, 'sample_destinations': ['36:0b:67:ef:6b:92', '76:d9:b6:fc:28:ac']}
!!!!!!!!!!!!!!!!!!!!!!!!!!!!!!!!!!!!!!!!!!!!!!!!!!!!!!!!!!!!!!!!!!!!!!!!!!!!!!!!


!!!!!!!!!!!!!!!!!!!!!!!!!!!!!!!!!!!!!!!!!!!!!!!!!!!!!!!!!!!!!!!!!!!!!!!!!!!!!!!!
[ALERT] ALERT-000115 | RTS_FLOOD_SOURCE
severity: CRITICAL
time: 2026-05-16T19:13:19.077259
message: Wykryto możliwy RTS Flood z pojedynczego źródła: 345 ramek RTS z adresu 76:d9:b6:fc:28:ac w oknie 5s.
evidence: {'source_mac': '76:d9:b6:fc:28:ac', 'rts_count': 345, 'unique_destination_count': 1, 'rts_per_source_threshold': 50, 'window_seconds': 5, 'sample_destinations': ['d8:d7:75:45:81:24']}
!!!!!!!!!!!!!!!!!!!!!!!!!!!!!!!!!!!!!!!!!!!!!!!!!!!!!!!!!!!!!!!!!!!!!!!!!!!!!!!!


!!!!!!!!!!!!!!!!!!!!!!!!!!!!!!!!!!!!!!!!!!!!!!!!!!!!!!!!!!!!!!!!!!!!!!!!!!!!!!!!
[ALERT] ALERT-000116 | RTS_CTS_FLOOD_GLOBAL
severity: CRITICAL
time: 2026-05-16T19:13:22.929870
message: Wykryto możliwy RTS/CTS Flood: 652 ramek RTS oraz 544 ramek CTS w oknie 5s.
evidence: {'rts_count': 652, 'cts_count': 544, 'combined_count': 1196, 'window_seconds': 5, 'rts_count_threshold': 100, 'cts_count_threshold': 100, 'combined_count_threshold': 150, 'triggered_reasons': ['high_rts_rate', 'high_cts_rate', 'high_combined_rts_cts_rate'], 'unique_source_count': 3, 'unique_destination_count': 3, 'sample_sources': ['36:0b:67:ef:6b:92', '76:d9:b6:fc:28:ac', 'd8:d7:75:45:81:24'], 'sample_destinations': ['36:0b:67:ef:6b:92', '76:d9:b6:fc:28:ac', 'd8:d7:75:45:81:24']}
!!!!!!!!!!!!!!!!!!!!!!!!!!!!!!!!!!!!!!!!!!!!!!!!!!!!!!!!!!!!!!!!!!!!!!!!!!!!!!!!


!!!!!!!!!!!!!!!!!!!!!!!!!!!!!!!!!!!!!!!!!!!!!!!!!!!!!!!!!!!!!!!!!!!!!!!!!!!!!!!!
[ALERT] ALERT-000117 | RTS_FLOOD_SOURCE
severity: CRITICAL
time: 2026-05-16T19:13:23.727977
message: Wykryto możliwy RTS Flood z pojedynczego źródła: 444 ramek RTS z adresu d8:d7:75:45:81:24 w oknie 5s.
evidence: {'source_mac': 'd8:d7:75:45:81:24', 'rts_count': 444, 'unique_destination_count': 2, 'rts_per_source_threshold': 50, 'window_seconds': 5, 'sample_destinations': ['36:0b:67:ef:6b:92', '76:d9:b6:fc:28:ac']}
!!!!!!!!!!!!!!!!!!!!!!!!!!!!!!!!!!!!!!!!!!!!!!!!!!!!!!!!!!!!!!!!!!!!!!!!!!!!!!!!


!!!!!!!!!!!!!!!!!!!!!!!!!!!!!!!!!!!!!!!!!!!!!!!!!!!!!!!!!!!!!!!!!!!!!!!!!!!!!!!!
[ALERT] ALERT-000118 | RTS_FLOOD_SOURCE
severity: CRITICAL
time: 2026-05-16T19:13:24.111447
message: Wykryto możliwy RTS Flood z pojedynczego źródła: 217 ramek RTS z adresu 76:d9:b6:fc:28:ac w oknie 5s.
evidence: {'source_mac': '76:d9:b6:fc:28:ac', 'rts_count': 217, 'unique_destination_count': 1, 'rts_per_source_threshold': 50, 'window_seconds': 5, 'sample_destinations': ['d8:d7:75:45:81:24']}
!!!!!!!!!!!!!!!!!!!!!!!!!!!!!!!!!!!!!!!!!!!!!!!!!!!!!!!!!!!!!!!!!!!!!!!!!!!!!!!!


!!!!!!!!!!!!!!!!!!!!!!!!!!!!!!!!!!!!!!!!!!!!!!!!!!!!!!!!!!!!!!!!!!!!!!!!!!!!!!!!
[ALERT] ALERT-000119 | RTS_FLOOD_SOURCE
severity: MEDIUM
time: 2026-05-16T19:13:27.585269
message: Wykryto możliwy RTS Flood z pojedynczego źródła: 50 ramek RTS z adresu 36:0b:67:ef:6b:92 w oknie 5s.
evidence: {'source_mac': '36:0b:67:ef:6b:92', 'rts_count': 50, 'unique_destination_count': 1, 'rts_per_source_threshold': 50, 'window_seconds': 5, 'sample_destinations': ['d8:d7:75:45:81:24']}
!!!!!!!!!!!!!!!!!!!!!!!!!!!!!!!!!!!!!!!!!!!!!!!!!!!!!!!!!!!!!!!!!!!!!!!!!!!!!!!!


================================================================================
STATISTICS after 90.1s
--------------------------------------------------------------------------------
total frames: 57545

by frame type:
  control: 47846
  management: 7466
  data: 2233

by frame subtype:
  rts: 18586
  block_ack: 16051
  cts: 10348
  probe_request: 5132
  ack: 2822
  beacon: 2102
  qos_null: 1092
  null_data: 808
  data: 269
  probe_response: 162
  qos_data: 64
  action: 46
  block_ack_request: 36
  deauthentication: 17
  authentication: 4
  reassociation_request: 2
  cf_end: 2
  ps_poll: 1
  reassociation_response: 1

unique SSIDs: 21
unique BSSIDs: 13
================================================================================

!!!!!!!!!!!!!!!!!!!!!!!!!!!!!!!!!!!!!!!!!!!!!!!!!!!!!!!!!!!!!!!!!!!!!!!!!!!!!!!!
[ALERT] ALERT-000120 | RTS_CTS_FLOOD_GLOBAL
severity: CRITICAL
time: 2026-05-16T19:13:27.952443
message: Wykryto możliwy RTS/CTS Flood: 649 ramek RTS oraz 428 ramek CTS w oknie 5s.
evidence: {'rts_count': 649, 'cts_count': 428, 'combined_count': 1077, 'window_seconds': 5, 'rts_count_threshold': 100, 'cts_count_threshold': 100, 'combined_count_threshold': 150, 'triggered_reasons': ['high_rts_rate', 'high_cts_rate', 'high_combined_rts_cts_rate'], 'unique_source_count': 4, 'unique_destination_count': 5, 'sample_sources': ['36:0b:67:ef:6b:92', '76:d9:b6:fc:28:ac', 'd8:d7:75:45:81:24', '54:35:30:cf:ee:1e'], 'sample_destinations': ['e6:12:a8:93:5a:78', '54:35:30:cf:ee:1e', '36:0b:67:ef:6b:92', 'd8:d7:75:45:81:24', '76:d9:b6:fc:28:ac']}
!!!!!!!!!!!!!!!!!!!!!!!!!!!!!!!!!!!!!!!!!!!!!!!!!!!!!!!!!!!!!!!!!!!!!!!!!!!!!!!!


!!!!!!!!!!!!!!!!!!!!!!!!!!!!!!!!!!!!!!!!!!!!!!!!!!!!!!!!!!!!!!!!!!!!!!!!!!!!!!!!
[ALERT] ALERT-000121 | RTS_FLOOD_SOURCE
severity: CRITICAL
time: 2026-05-16T19:13:28.737282
message: Wykryto możliwy RTS Flood z pojedynczego źródła: 527 ramek RTS z adresu d8:d7:75:45:81:24 w oknie 5s.
evidence: {'source_mac': 'd8:d7:75:45:81:24', 'rts_count': 527, 'unique_destination_count': 3, 'rts_per_source_threshold': 50, 'window_seconds': 5, 'sample_destinations': ['36:0b:67:ef:6b:92', '76:d9:b6:fc:28:ac', 'e6:12:a8:93:5a:78']}
!!!!!!!!!!!!!!!!!!!!!!!!!!!!!!!!!!!!!!!!!!!!!!!!!!!!!!!!!!!!!!!!!!!!!!!!!!!!!!!!


!!!!!!!!!!!!!!!!!!!!!!!!!!!!!!!!!!!!!!!!!!!!!!!!!!!!!!!!!!!!!!!!!!!!!!!!!!!!!!!!
[ALERT] ALERT-000122 | RTS_FLOOD_SOURCE
severity: HIGH
time: 2026-05-16T19:13:29.136608
message: Wykryto możliwy RTS Flood z pojedynczego źródła: 102 ramek RTS z adresu 76:d9:b6:fc:28:ac w oknie 5s.
evidence: {'source_mac': '76:d9:b6:fc:28:ac', 'rts_count': 102, 'unique_destination_count': 1, 'rts_per_source_threshold': 50, 'window_seconds': 5, 'sample_destinations': ['d8:d7:75:45:81:24']}
!!!!!!!!!!!!!!!!!!!!!!!!!!!!!!!!!!!!!!!!!!!!!!!!!!!!!!!!!!!!!!!!!!!!!!!!!!!!!!!!


!!!!!!!!!!!!!!!!!!!!!!!!!!!!!!!!!!!!!!!!!!!!!!!!!!!!!!!!!!!!!!!!!!!!!!!!!!!!!!!!
[ALERT] ALERT-000123 | RTS_CTS_FLOOD_GLOBAL
severity: CRITICAL
time: 2026-05-16T19:13:32.974416
message: Wykryto możliwy RTS/CTS Flood: 909 ramek RTS oraz 458 ramek CTS w oknie 5s.
evidence: {'rts_count': 909, 'cts_count': 458, 'combined_count': 1367, 'window_seconds': 5, 'rts_count_threshold': 100, 'cts_count_threshold': 100, 'combined_count_threshold': 150, 'triggered_reasons': ['high_rts_rate', 'high_cts_rate', 'high_combined_rts_cts_rate'], 'unique_source_count': 3, 'unique_destination_count': 3, 'sample_sources': ['36:0b:67:ef:6b:92', '76:d9:b6:fc:28:ac', 'd8:d7:75:45:81:24'], 'sample_destinations': ['36:0b:67:ef:6b:92', '76:d9:b6:fc:28:ac', 'd8:d7:75:45:81:24']}
!!!!!!!!!!!!!!!!!!!!!!!!!!!!!!!!!!!!!!!!!!!!!!!!!!!!!!!!!!!!!!!!!!!!!!!!!!!!!!!!


!!!!!!!!!!!!!!!!!!!!!!!!!!!!!!!!!!!!!!!!!!!!!!!!!!!!!!!!!!!!!!!!!!!!!!!!!!!!!!!!
[ALERT] ALERT-000124 | RTS_FLOOD_SOURCE
severity: HIGH
time: 2026-05-16T19:13:33.329549
message: Wykryto możliwy RTS Flood z pojedynczego źródła: 132 ramek RTS z adresu 36:0b:67:ef:6b:92 w oknie 5s.
evidence: {'source_mac': '36:0b:67:ef:6b:92', 'rts_count': 132, 'unique_destination_count': 1, 'rts_per_source_threshold': 50, 'window_seconds': 5, 'sample_destinations': ['d8:d7:75:45:81:24']}
!!!!!!!!!!!!!!!!!!!!!!!!!!!!!!!!!!!!!!!!!!!!!!!!!!!!!!!!!!!!!!!!!!!!!!!!!!!!!!!!


!!!!!!!!!!!!!!!!!!!!!!!!!!!!!!!!!!!!!!!!!!!!!!!!!!!!!!!!!!!!!!!!!!!!!!!!!!!!!!!!
[ALERT] ALERT-000125 | RTS_FLOOD_SOURCE
severity: CRITICAL
time: 2026-05-16T19:13:33.844974
message: Wykryto możliwy RTS Flood z pojedynczego źródła: 503 ramek RTS z adresu d8:d7:75:45:81:24 w oknie 5s.
evidence: {'source_mac': 'd8:d7:75:45:81:24', 'rts_count': 503, 'unique_destination_count': 2, 'rts_per_source_threshold': 50, 'window_seconds': 5, 'sample_destinations': ['36:0b:67:ef:6b:92', '76:d9:b6:fc:28:ac']}
!!!!!!!!!!!!!!!!!!!!!!!!!!!!!!!!!!!!!!!!!!!!!!!!!!!!!!!!!!!!!!!!!!!!!!!!!!!!!!!!


!!!!!!!!!!!!!!!!!!!!!!!!!!!!!!!!!!!!!!!!!!!!!!!!!!!!!!!!!!!!!!!!!!!!!!!!!!!!!!!!
[ALERT] ALERT-000126 | RTS_FLOOD_SOURCE
severity: HIGH
time: 2026-05-16T19:13:34.163460
message: Wykryto możliwy RTS Flood z pojedynczego źródła: 103 ramek RTS z adresu 76:d9:b6:fc:28:ac w oknie 5s.
evidence: {'source_mac': '76:d9:b6:fc:28:ac', 'rts_count': 103, 'unique_destination_count': 1, 'rts_per_source_threshold': 50, 'window_seconds': 5, 'sample_destinations': ['d8:d7:75:45:81:24']}
!!!!!!!!!!!!!!!!!!!!!!!!!!!!!!!!!!!!!!!!!!!!!!!!!!!!!!!!!!!!!!!!!!!!!!!!!!!!!!!!


================================================================================
STATISTICS after 100.2s
--------------------------------------------------------------------------------
total frames: 61037

by frame type:
  control: 51187
  management: 7542
  data: 2308

by frame subtype:
  rts: 19901
  block_ack: 17278
  cts: 11073
  probe_request: 5132
  ack: 2896
  beacon: 2178
  qos_null: 1139
  null_data: 831
  data: 273
  probe_response: 162
  qos_data: 65
  action: 46
  block_ack_request: 36
  deauthentication: 17
  authentication: 4
  reassociation_request: 2
  cf_end: 2
  ps_poll: 1
  reassociation_response: 1

unique SSIDs: 21
unique BSSIDs: 13
================================================================================

!!!!!!!!!!!!!!!!!!!!!!!!!!!!!!!!!!!!!!!!!!!!!!!!!!!!!!!!!!!!!!!!!!!!!!!!!!!!!!!!
[ALERT] ALERT-000127 | RTS_CTS_FLOOD_GLOBAL
severity: CRITICAL
time: 2026-05-16T19:13:37.977159
message: Wykryto możliwy RTS/CTS Flood: 617 ramek RTS oraz 294 ramek CTS w oknie 5s.
evidence: {'rts_count': 617, 'cts_count': 294, 'combined_count': 911, 'window_seconds': 5, 'rts_count_threshold': 100, 'cts_count_threshold': 100, 'combined_count_threshold': 150, 'triggered_reasons': ['high_rts_rate', 'high_cts_rate', 'high_combined_rts_cts_rate'], 'unique_source_count': 4, 'unique_destination_count': 4, 'sample_sources': ['36:0b:67:ef:6b:92', '76:d9:b6:fc:28:ac', 'd8:d7:75:45:81:24', '54:35:30:cf:ee:1e'], 'sample_destinations': ['36:0b:67:ef:6b:92', '76:d9:b6:fc:28:ac', 'd8:d7:75:45:81:24', '54:35:30:cf:ee:1e']}
!!!!!!!!!!!!!!!!!!!!!!!!!!!!!!!!!!!!!!!!!!!!!!!!!!!!!!!!!!!!!!!!!!!!!!!!!!!!!!!!


!!!!!!!!!!!!!!!!!!!!!!!!!!!!!!!!!!!!!!!!!!!!!!!!!!!!!!!!!!!!!!!!!!!!!!!!!!!!!!!!
[ALERT] ALERT-000128 | RTS_FLOOD_SOURCE
severity: CRITICAL
time: 2026-05-16T19:13:38.851232
message: Wykryto możliwy RTS Flood z pojedynczego źródła: 589 ramek RTS z adresu d8:d7:75:45:81:24 w oknie 5s.
evidence: {'source_mac': 'd8:d7:75:45:81:24', 'rts_count': 589, 'unique_destination_count': 2, 'rts_per_source_threshold': 50, 'window_seconds': 5, 'sample_destinations': ['36:0b:67:ef:6b:92', '76:d9:b6:fc:28:ac']}
!!!!!!!!!!!!!!!!!!!!!!!!!!!!!!!!!!!!!!!!!!!!!!!!!!!!!!!!!!!!!!!!!!!!!!!!!!!!!!!!


!!!!!!!!!!!!!!!!!!!!!!!!!!!!!!!!!!!!!!!!!!!!!!!!!!!!!!!!!!!!!!!!!!!!!!!!!!!!!!!!
[ALERT] ALERT-000129 | RTS_FLOOD_SOURCE
severity: CRITICAL
time: 2026-05-16T19:13:39.183585
message: Wykryto możliwy RTS Flood z pojedynczego źródła: 343 ramek RTS z adresu 76:d9:b6:fc:28:ac w oknie 5s.
evidence: {'source_mac': '76:d9:b6:fc:28:ac', 'rts_count': 343, 'unique_destination_count': 1, 'rts_per_source_threshold': 50, 'window_seconds': 5, 'sample_destinations': ['d8:d7:75:45:81:24']}
!!!!!!!!!!!!!!!!!!!!!!!!!!!!!!!!!!!!!!!!!!!!!!!!!!!!!!!!!!!!!!!!!!!!!!!!!!!!!!!!


!!!!!!!!!!!!!!!!!!!!!!!!!!!!!!!!!!!!!!!!!!!!!!!!!!!!!!!!!!!!!!!!!!!!!!!!!!!!!!!!
[ALERT] ALERT-000130 | RTS_CTS_FLOOD_GLOBAL
severity: CRITICAL
time: 2026-05-16T19:13:42.977504
message: Wykryto możliwy RTS/CTS Flood: 968 ramek RTS oraz 505 ramek CTS w oknie 5s.
evidence: {'rts_count': 968, 'cts_count': 505, 'combined_count': 1473, 'window_seconds': 5, 'rts_count_threshold': 100, 'cts_count_threshold': 100, 'combined_count_threshold': 150, 'triggered_reasons': ['high_rts_rate', 'high_cts_rate', 'high_combined_rts_cts_rate'], 'unique_source_count': 3, 'unique_destination_count': 3, 'sample_sources': ['36:0b:67:ef:6b:92', '76:d9:b6:fc:28:ac', 'd8:d7:75:45:81:24'], 'sample_destinations': ['36:0b:67:ef:6b:92', '76:d9:b6:fc:28:ac', 'd8:d7:75:45:81:24']}
!!!!!!!!!!!!!!!!!!!!!!!!!!!!!!!!!!!!!!!!!!!!!!!!!!!!!!!!!!!!!!!!!!!!!!!!!!!!!!!!


!!!!!!!!!!!!!!!!!!!!!!!!!!!!!!!!!!!!!!!!!!!!!!!!!!!!!!!!!!!!!!!!!!!!!!!!!!!!!!!!
[ALERT] ALERT-000131 | RTS_FLOOD_SOURCE
severity: CRITICAL
time: 2026-05-16T19:13:43.858426
message: Wykryto możliwy RTS Flood z pojedynczego źródła: 509 ramek RTS z adresu d8:d7:75:45:81:24 w oknie 5s.
evidence: {'source_mac': 'd8:d7:75:45:81:24', 'rts_count': 509, 'unique_destination_count': 2, 'rts_per_source_threshold': 50, 'window_seconds': 5, 'sample_destinations': ['36:0b:67:ef:6b:92', '76:d9:b6:fc:28:ac']}
!!!!!!!!!!!!!!!!!!!!!!!!!!!!!!!!!!!!!!!!!!!!!!!!!!!!!!!!!!!!!!!!!!!!!!!!!!!!!!!!


!!!!!!!!!!!!!!!!!!!!!!!!!!!!!!!!!!!!!!!!!!!!!!!!!!!!!!!!!!!!!!!!!!!!!!!!!!!!!!!!
[ALERT] ALERT-000132 | RTS_FLOOD_SOURCE
severity: CRITICAL
time: 2026-05-16T19:13:44.226987
message: Wykryto możliwy RTS Flood z pojedynczego źródła: 199 ramek RTS z adresu 76:d9:b6:fc:28:ac w oknie 5s.
evidence: {'source_mac': '76:d9:b6:fc:28:ac', 'rts_count': 199, 'unique_destination_count': 1, 'rts_per_source_threshold': 50, 'window_seconds': 5, 'sample_destinations': ['d8:d7:75:45:81:24']}
!!!!!!!!!!!!!!!!!!!!!!!!!!!!!!!!!!!!!!!!!!!!!!!!!!!!!!!!!!!!!!!!!!!!!!!!!!!!!!!!


!!!!!!!!!!!!!!!!!!!!!!!!!!!!!!!!!!!!!!!!!!!!!!!!!!!!!!!!!!!!!!!!!!!!!!!!!!!!!!!!
[ALERT] ALERT-000133 | RTS_CTS_FLOOD_GLOBAL
severity: CRITICAL
time: 2026-05-16T19:13:47.985642
message: Wykryto możliwy RTS/CTS Flood: 787 ramek RTS oraz 728 ramek CTS w oknie 5s.
evidence: {'rts_count': 787, 'cts_count': 728, 'combined_count': 1515, 'window_seconds': 5, 'rts_count_threshold': 100, 'cts_count_threshold': 100, 'combined_count_threshold': 150, 'triggered_reasons': ['high_rts_rate', 'high_cts_rate', 'high_combined_rts_cts_rate'], 'unique_source_count': 3, 'unique_destination_count': 4, 'sample_sources': ['50:02:91:e8:18:ec', '76:d9:b6:fc:28:ac', 'd8:d7:75:45:81:24'], 'sample_destinations': ['50:02:91:e8:18:ec', '36:0b:67:ef:6b:92', '76:d9:b6:fc:28:ac', 'd8:d7:75:45:81:24']}
!!!!!!!!!!!!!!!!!!!!!!!!!!!!!!!!!!!!!!!!!!!!!!!!!!!!!!!!!!!!!!!!!!!!!!!!!!!!!!!!


!!!!!!!!!!!!!!!!!!!!!!!!!!!!!!!!!!!!!!!!!!!!!!!!!!!!!!!!!!!!!!!!!!!!!!!!!!!!!!!!
[ALERT] ALERT-000134 | RTS_FLOOD_SOURCE
severity: CRITICAL
time: 2026-05-16T19:13:48.874481
message: Wykryto możliwy RTS Flood z pojedynczego źródła: 644 ramek RTS z adresu d8:d7:75:45:81:24 w oknie 5s.
evidence: {'source_mac': 'd8:d7:75:45:81:24', 'rts_count': 644, 'unique_destination_count': 2, 'rts_per_source_threshold': 50, 'window_seconds': 5, 'sample_destinations': ['36:0b:67:ef:6b:92', '76:d9:b6:fc:28:ac']}
!!!!!!!!!!!!!!!!!!!!!!!!!!!!!!!!!!!!!!!!!!!!!!!!!!!!!!!!!!!!!!!!!!!!!!!!!!!!!!!!


!!!!!!!!!!!!!!!!!!!!!!!!!!!!!!!!!!!!!!!!!!!!!!!!!!!!!!!!!!!!!!!!!!!!!!!!!!!!!!!!
[ALERT] ALERT-000135 | RTS_FLOOD_SOURCE
severity: CRITICAL
time: 2026-05-16T19:13:49.238983
message: Wykryto możliwy RTS Flood z pojedynczego źródła: 237 ramek RTS z adresu 76:d9:b6:fc:28:ac w oknie 5s.
evidence: {'source_mac': '76:d9:b6:fc:28:ac', 'rts_count': 237, 'unique_destination_count': 1, 'rts_per_source_threshold': 50, 'window_seconds': 5, 'sample_destinations': ['d8:d7:75:45:81:24']}
!!!!!!!!!!!!!!!!!!!!!!!!!!!!!!!!!!!!!!!!!!!!!!!!!!!!!!!!!!!!!!!!!!!!!!!!!!!!!!!!


================================================================================
STATISTICS after 110.2s
--------------------------------------------------------------------------------
total frames: 67411

by frame type:
  control: 57364
  management: 7651
  data: 2396

by frame subtype:
  rts: 22336
  block_ack: 19243
  cts: 12754
  probe_request: 5132
  ack: 2992
  beacon: 2285
  qos_null: 1190
  null_data: 854
  data: 285
  probe_response: 164
  qos_data: 67
  action: 46
  block_ack_request: 36
  deauthentication: 17
  authentication: 4
  reassociation_request: 2
  cf_end: 2
  ps_poll: 1
  reassociation_response: 1

unique SSIDs: 21
unique BSSIDs: 13
================================================================================

!!!!!!!!!!!!!!!!!!!!!!!!!!!!!!!!!!!!!!!!!!!!!!!!!!!!!!!!!!!!!!!!!!!!!!!!!!!!!!!!
[ALERT] ALERT-000136 | RTS_CTS_FLOOD_GLOBAL
severity: CRITICAL
time: 2026-05-16T19:13:52.999850
message: Wykryto możliwy RTS/CTS Flood: 586 ramek RTS oraz 537 ramek CTS w oknie 5s.
evidence: {'rts_count': 586, 'cts_count': 537, 'combined_count': 1123, 'window_seconds': 5, 'rts_count_threshold': 100, 'cts_count_threshold': 100, 'combined_count_threshold': 150, 'triggered_reasons': ['high_rts_rate', 'high_cts_rate', 'high_combined_rts_cts_rate'], 'unique_source_count': 2, 'unique_destination_count': 5, 'sample_sources': ['76:d9:b6:fc:28:ac', 'd8:d7:75:45:81:24'], 'sample_destinations': ['e6:12:a8:93:5a:78', '54:35:30:cf:ee:1e', '36:0b:67:ef:6b:92', 'd8:d7:75:45:81:24', '76:d9:b6:fc:28:ac']}
!!!!!!!!!!!!!!!!!!!!!!!!!!!!!!!!!!!!!!!!!!!!!!!!!!!!!!!!!!!!!!!!!!!!!!!!!!!!!!!!


!!!!!!!!!!!!!!!!!!!!!!!!!!!!!!!!!!!!!!!!!!!!!!!!!!!!!!!!!!!!!!!!!!!!!!!!!!!!!!!!
[ALERT] ALERT-000137 | RTS_FLOOD_SOURCE
severity: CRITICAL
time: 2026-05-16T19:13:53.880294
message: Wykryto możliwy RTS Flood z pojedynczego źródła: 289 ramek RTS z adresu d8:d7:75:45:81:24 w oknie 5s.
evidence: {'source_mac': 'd8:d7:75:45:81:24', 'rts_count': 289, 'unique_destination_count': 4, 'rts_per_source_threshold': 50, 'window_seconds': 5, 'sample_destinations': ['e6:12:a8:93:5a:78', '36:0b:67:ef:6b:92', '76:d9:b6:fc:28:ac', '54:35:30:cf:ee:1e']}
!!!!!!!!!!!!!!!!!!!!!!!!!!!!!!!!!!!!!!!!!!!!!!!!!!!!!!!!!!!!!!!!!!!!!!!!!!!!!!!!


!!!!!!!!!!!!!!!!!!!!!!!!!!!!!!!!!!!!!!!!!!!!!!!!!!!!!!!!!!!!!!!!!!!!!!!!!!!!!!!!
[ALERT] ALERT-000138 | RTS_FLOOD_SOURCE
severity: HIGH
time: 2026-05-16T19:13:54.243573
message: Wykryto możliwy RTS Flood z pojedynczego źródła: 138 ramek RTS z adresu 76:d9:b6:fc:28:ac w oknie 5s.
evidence: {'source_mac': '76:d9:b6:fc:28:ac', 'rts_count': 138, 'unique_destination_count': 1, 'rts_per_source_threshold': 50, 'window_seconds': 5, 'sample_destinations': ['d8:d7:75:45:81:24']}
!!!!!!!!!!!!!!!!!!!!!!!!!!!!!!!!!!!!!!!!!!!!!!!!!!!!!!!!!!!!!!!!!!!!!!!!!!!!!!!!


!!!!!!!!!!!!!!!!!!!!!!!!!!!!!!!!!!!!!!!!!!!!!!!!!!!!!!!!!!!!!!!!!!!!!!!!!!!!!!!!
[ALERT] ALERT-000139 | RTS_FLOOD_SOURCE
severity: MEDIUM
time: 2026-05-16T19:13:57.043833
message: Wykryto możliwy RTS Flood z pojedynczego źródła: 50 ramek RTS z adresu 36:0b:67:ef:6b:92 w oknie 5s.
evidence: {'source_mac': '36:0b:67:ef:6b:92', 'rts_count': 50, 'unique_destination_count': 1, 'rts_per_source_threshold': 50, 'window_seconds': 5, 'sample_destinations': ['d8:d7:75:45:81:24']}
!!!!!!!!!!!!!!!!!!!!!!!!!!!!!!!!!!!!!!!!!!!!!!!!!!!!!!!!!!!!!!!!!!!!!!!!!!!!!!!!


================================================================================
STATISTICS after 116.3s
--------------------------------------------------------------------------------
total frames: 70386

by frame type:
  control: 60167
  management: 7708
  data: 2511

by frame subtype:
  rts: 23393
  block_ack: 20196
  cts: 13457
  probe_request: 5132
  ack: 3082
  beacon: 2340
  qos_null: 1215
  null_data: 867
  data: 310
  probe_response: 166
  qos_data: 119
  action: 46
  block_ack_request: 36
  deauthentication: 17
  authentication: 4
  reassociation_request: 2
  cf_end: 2
  ps_poll: 1
  reassociation_response: 1

unique SSIDs: 21
unique BSSIDs: 13
================================================================================

================================================================================
DETECTION SUMMARY
--------------------------------------------------------------------------------
total alerts: 139

by attack type:
  RTS_FLOOD_SOURCE: 84
  RTS_CTS_FLOOD_GLOBAL: 42
  PROBE_FLOOD_GLOBAL: 7
  PROBE_FLOOD_SOURCE: 6

by severity:
  CRITICAL: 86
  MEDIUM: 42
  HIGH: 11
================================================================================
