timestamp,frame_type,frame_subtype,source_mac,destination_mac,receiver_mac,transmitter_mac,bssid,ssid,rssi,channel,frequency,is_protected,retry
1778947143.122359,management,beacon,d8:d7:75:45:81:24,ff:ff:ff:ff:ff:ff,ff:ff:ff:ff:ff:ff,d8:d7:75:45:81:24,d8:d7:75:45:81:24,FunBox2-8124,-45,1,2412,False,False
1778947143.1640117,data,null_data,50:02:91:e8:18:ec,d8:d7:75:45:81:24,d8:d7:75:45:81:24,50:02:91:e8:18:ec,d8:d7:75:45:81:24,,-83,1,2412,False,False
1778947143.164023,control,ack,,50:02:91:e8:18:ec,50:02:91:e8:18:ec,,,,-43,1,2412,False,False
1778947143.3271549,management,beacon,d8:d7:75:45:81:24,ff:ff:ff:ff:ff:ff,ff:ff:ff:ff:ff:ff,d8:d7:75:45:81:24,d8:d7:75:45:81:24,FunBox2-8124,-41,1,2412,False,False
1778947143.4295459,management,beacon,d8:d7:75:45:81:24,ff:ff:ff:ff:ff:ff,ff:ff:ff:ff:ff:ff,d8:d7:75:45:81:24,d8:d7:75:45:81:24,FunBox2-8124,-41,1,2412,False,False
1778947143.5319643,management,beacon,d8:d7:75:45:81:24,ff:ff:ff:ff:ff:ff,ff:ff:ff:ff:ff:ff,d8:d7:75:45:81:24,d8:d7:75:45:81:24,FunBox2-8124,-42,1,2412,False,False
1778947143.6343784,management,beacon,d8:d7:75:45:81:24,ff:ff:ff:ff:ff:ff,ff:ff:ff:ff:ff:ff,d8:d7:75:45:81:24,d8:d7:75:45:81:24,FunBox2-8124,-42,1,2412,False,False
1778947143.8391962,management,beacon,d8:d7:75:45:81:24,ff:ff:ff:ff:ff:ff,ff:ff:ff:ff:ff:ff,d8:d7:75:45:81:24,d8:d7:75:45:81:24,FunBox2-8124,-44,1,2412,False,False
1778947143.9415789,management,beacon,d8:d7:75:45:81:24,ff:ff:ff:ff:ff:ff,ff:ff:ff:ff:ff:ff,d8:d7:75:45:81:24,d8:d7:75:45:81:24,FunBox2-8124,-42,1,2412,False,False
1778947144.0440483,management,beacon,d8:d7:75:45:81:24,ff:ff:ff:ff:ff:ff,ff:ff:ff:ff:ff:ff,d8:d7:75:45:81:24,d8:d7:75:45:81:24,FunBox2-8124,-43,1,2412,False,False
1778947144.146415,management,beacon,d8:d7:75:45:81:24,ff:ff:ff:ff:ff:ff,ff:ff:ff:ff:ff:ff,d8:d7:75:45:81:24,d8:d7:75:45:81:24,FunBox2-8124,-43,1,2412,False,False
1778947144.3512087,management,beacon,d8:d7:75:45:81:24,ff:ff:ff:ff:ff:ff,ff:ff:ff:ff:ff:ff,d8:d7:75:45:81:24,d8:d7:75:45:81:24,FunBox2-8124,-43,1,2412,False,False
1778947144.4536037,management,beacon,d8:d7:75:45:81:24,ff:ff:ff:ff:ff:ff,ff:ff:ff:ff:ff:ff,d8:d7:75:45:81:24,d8:d7:75:45:81:24,FunBox2-8124,-44,1,2412,False,False
1778947144.5560544,management,beacon,d8:d7:75:45:81:24,ff:ff:ff:ff:ff:ff,ff:ff:ff:ff:ff:ff,d8:d7:75:45:81:24,d8:d7:75:45:81:24,FunBox2-8124,-42,1,2412,False,False
1778947144.658445,management,beacon,d8:d7:75:45:81:24,ff:ff:ff:ff:ff:ff,ff:ff:ff:ff:ff:ff,d8:d7:75:45:81:24,d8:d7:75:45:81:24,FunBox2-8124,-42,1,2412,False,False
1778947144.6596565,data,null_data,50:02:91:e8:18:ec,d8:d7:75:45:81:24,d8:d7:75:45:81:24,50:02:91:e8:18:ec,d8:d7:75:45:81:24,,-84,1,2412,False,False
1778947144.6596618,control,ack,,50:02:91:e8:18:ec,50:02:91:e8:18:ec,,,,-44,1,2412,False,False
1778947144.8632326,management,beacon,d8:d7:75:45:81:24,ff:ff:ff:ff:ff:ff,ff:ff:ff:ff:ff:ff,d8:d7:75:45:81:24,d8:d7:75:45:81:24,FunBox2-8124,-42,1,2412,False,False
1778947144.9005208,data,null_data,50:02:91:e8:18:ec,d8:d7:75:45:81:24,d8:d7:75:45:81:24,50:02:91:e8:18:ec,d8:d7:75:45:81:24,,-82,1,2412,False,False
1778947144.9005349,control,ack,,50:02:91:e8:18:ec,50:02:91:e8:18:ec,,,,-43,1,2412,False,False
1778947144.965635,management,beacon,d8:d7:75:45:81:24,ff:ff:ff:ff:ff:ff,ff:ff:ff:ff:ff:ff,d8:d7:75:45:81:24,d8:d7:75:45:81:24,FunBox2-8124,-45,1,2412,False,False
1778947145.06803,management,beacon,d8:d7:75:45:81:24,ff:ff:ff:ff:ff:ff,ff:ff:ff:ff:ff:ff,d8:d7:75:45:81:24,d8:d7:75:45:81:24,FunBox2-8124,-41,1,2412,False,False
1778947145.1704543,management,beacon,d8:d7:75:45:81:24,ff:ff:ff:ff:ff:ff,ff:ff:ff:ff:ff:ff,d8:d7:75:45:81:24,d8:d7:75:45:81:24,FunBox2-8124,-42,1,2412,False,False
1778947145.272873,management,beacon,d8:d7:75:45:81:24,ff:ff:ff:ff:ff:ff,ff:ff:ff:ff:ff:ff,d8:d7:75:45:81:24,d8:d7:75:45:81:24,FunBox2-8124,-41,1,2412,False,False
1778947145.3752413,management,beacon,d8:d7:75:45:81:24,ff:ff:ff:ff:ff:ff,ff:ff:ff:ff:ff:ff,d8:d7:75:45:81:24,d8:d7:75:45:81:24,FunBox2-8124,-41,1,2412,False,False
1778947145.4776883,management,beacon,d8:d7:75:45:81:24,ff:ff:ff:ff:ff:ff,ff:ff:ff:ff:ff:ff,d8:d7:75:45:81:24,d8:d7:75:45:81:24,FunBox2-8124,-44,1,2412,False,False
1778947145.5800374,management,beacon,d8:d7:75:45:81:24,ff:ff:ff:ff:ff:ff,ff:ff:ff:ff:ff:ff,d8:d7:75:45:81:24,d8:d7:75:45:81:24,FunBox2-8124,-45,1,2412,False,False
1778947145.6824353,management,beacon,d8:d7:75:45:81:24,ff:ff:ff:ff:ff:ff,ff:ff:ff:ff:ff:ff,d8:d7:75:45:81:24,d8:d7:75:45:81:24,FunBox2-8124,-44,1,2412,False,False
1778947145.7848723,management,beacon,d8:d7:75:45:81:24,ff:ff:ff:ff:ff:ff,ff:ff:ff:ff:ff:ff,d8:d7:75:45:81:24,d8:d7:75:45:81:24,FunBox2-8124,-41,1,2412,False,False
1778947145.8872497,management,beacon,d8:d7:75:45:81:24,ff:ff:ff:ff:ff:ff,ff:ff:ff:ff:ff:ff,d8:d7:75:45:81:24,d8:d7:75:45:81:24,FunBox2-8124,-40,1,2412,False,False
1778947145.8884754,data,null_data,50:02:91:e8:18:ec,d8:d7:75:45:81:24,d8:d7:75:45:81:24,50:02:91:e8:18:ec,d8:d7:75:45:81:24,,-83,1,2412,False,False
1778947145.8884828,control,ack,,50:02:91:e8:18:ec,50:02:91:e8:18:ec,,,,-44,1,2412,False,False
1778947145.989707,management,beacon,d8:d7:75:45:81:24,ff:ff:ff:ff:ff:ff,ff:ff:ff:ff:ff:ff,d8:d7:75:45:81:24,d8:d7:75:45:81:24,FunBox2-8124,-42,1,2412,False,False
1778947146.0920873,management,beacon,d8:d7:75:45:81:24,ff:ff:ff:ff:ff:ff,ff:ff:ff:ff:ff:ff,d8:d7:75:45:81:24,d8:d7:75:45:81:24,FunBox2-8124,-42,1,2412,False,False
1778947146.1293566,data,null_data,50:02:91:e8:18:ec,d8:d7:75:45:81:24,d8:d7:75:45:81:24,50:02:91:e8:18:ec,d8:d7:75:45:81:24,,-82,1,2412,False,False
1778947146.12937,control,ack,,50:02:91:e8:18:ec,50:02:91:e8:18:ec,,,,-43,1,2412,False,False
1778947146.1958477,management,beacon,d8:d7:75:45:81:24,ff:ff:ff:ff:ff:ff,ff:ff:ff:ff:ff:ff,d8:d7:75:45:81:24,d8:d7:75:45:81:24,FunBox2-8124,-46,1,2412,False,False
1778947146.2969,management,beacon,d8:d7:75:45:81:24,ff:ff:ff:ff:ff:ff,ff:ff:ff:ff:ff:ff,d8:d7:75:45:81:24,d8:d7:75:45:81:24,FunBox2-8124,-42,1,2412,False,False
1778947146.3024359,data,null_data,50:02:91:e8:18:ec,d8:d7:75:45:81:24,d8:d7:75:45:81:24,50:02:91:e8:18:ec,d8:d7:75:45:81:24,,-84,1,2412,False,False
1778947146.302442,control,ack,,50:02:91:e8:18:ec,50:02:91:e8:18:ec,,,,-44,1,2412,False,False
1778947146.4008262,management,beacon,d8:d7:75:45:81:24,ff:ff:ff:ff:ff:ff,ff:ff:ff:ff:ff:ff,d8:d7:75:45:81:24,d8:d7:75:45:81:24,FunBox2-8124,-42,1,2412,False,False
1778947146.5017316,management,beacon,d8:d7:75:45:81:24,ff:ff:ff:ff:ff:ff,ff:ff:ff:ff:ff:ff,d8:d7:75:45:81:24,d8:d7:75:45:81:24,FunBox2-8124,-42,1,2412,False,False
1778947146.5432537,data,null_data,50:02:91:e8:18:ec,d8:d7:75:45:81:24,d8:d7:75:45:81:24,50:02:91:e8:18:ec,d8:d7:75:45:81:24,,-84,1,2412,False,False
1778947146.5434585,data,null_data,50:02:91:e8:18:ec,d8:d7:75:45:81:24,d8:d7:75:45:81:24,50:02:91:e8:18:ec,d8:d7:75:45:81:24,,-83,1,2412,False,True
1778947146.543462,control,ack,,50:02:91:e8:18:ec,50:02:91:e8:18:ec,,,,-44,1,2412,False,False
1778947146.6041079,management,beacon,d8:d7:75:45:81:24,ff:ff:ff:ff:ff:ff,ff:ff:ff:ff:ff:ff,d8:d7:75:45:81:24,d8:d7:75:45:81:24,FunBox2-8124,-43,1,2412,False,False
1778947146.706491,management,beacon,d8:d7:75:45:81:24,ff:ff:ff:ff:ff:ff,ff:ff:ff:ff:ff:ff,d8:d7:75:45:81:24,d8:d7:75:45:81:24,FunBox2-8124,-45,1,2412,False,False
1778947146.808905,management,beacon,d8:d7:75:45:81:24,ff:ff:ff:ff:ff:ff,ff:ff:ff:ff:ff:ff,d8:d7:75:45:81:24,d8:d7:75:45:81:24,FunBox2-8124,-43,1,2412,False,False
1778947146.9112983,management,beacon,d8:d7:75:45:81:24,ff:ff:ff:ff:ff:ff,ff:ff:ff:ff:ff:ff,d8:d7:75:45:81:24,d8:d7:75:45:81:24,FunBox2-8124,-41,1,2412,False,False
1778947147.0136817,management,beacon,d8:d7:75:45:81:24,ff:ff:ff:ff:ff:ff,ff:ff:ff:ff:ff:ff,d8:d7:75:45:81:24,d8:d7:75:45:81:24,FunBox2-8124,-44,1,2412,False,False
1778947147.1160893,management,beacon,d8:d7:75:45:81:24,ff:ff:ff:ff:ff:ff,ff:ff:ff:ff:ff:ff,d8:d7:75:45:81:24,d8:d7:75:45:81:24,FunBox2-8124,-45,1,2412,False,False
1778947147.2185426,management,beacon,d8:d7:75:45:81:24,ff:ff:ff:ff:ff:ff,ff:ff:ff:ff:ff:ff,d8:d7:75:45:81:24,d8:d7:75:45:81:24,FunBox2-8124,-41,1,2412,False,False
1778947147.219737,data,null_data,50:02:91:e8:18:ec,d8:d7:75:45:81:24,d8:d7:75:45:81:24,50:02:91:e8:18:ec,d8:d7:75:45:81:24,,-83,1,2412,False,False
1778947147.219744,control,ack,,50:02:91:e8:18:ec,50:02:91:e8:18:ec,,,,-43,1,2412,False,False
1778947147.4233327,management,beacon,d8:d7:75:45:81:24,ff:ff:ff:ff:ff:ff,ff:ff:ff:ff:ff:ff,d8:d7:75:45:81:24,d8:d7:75:45:81:24,FunBox2-8124,-42,1,2412,False,False
1778947147.460617,data,null_data,50:02:91:e8:18:ec,d8:d7:75:45:81:24,d8:d7:75:45:81:24,50:02:91:e8:18:ec,d8:d7:75:45:81:24,,-83,1,2412,False,False
1778947147.4606292,control,ack,,50:02:91:e8:18:ec,50:02:91:e8:18:ec,,,,-43,1,2412,False,False
1778947147.5257394,management,beacon,d8:d7:75:45:81:24,ff:ff:ff:ff:ff:ff,ff:ff:ff:ff:ff:ff,d8:d7:75:45:81:24,d8:d7:75:45:81:24,FunBox2-8124,-41,1,2412,False,False
1778947147.6281526,management,beacon,d8:d7:75:45:81:24,ff:ff:ff:ff:ff:ff,ff:ff:ff:ff:ff:ff,d8:d7:75:45:81:24,d8:d7:75:45:81:24,FunBox2-8124,-41,1,2412,False,False
1778947147.7305293,management,beacon,d8:d7:75:45:81:24,ff:ff:ff:ff:ff:ff,ff:ff:ff:ff:ff:ff,d8:d7:75:45:81:24,d8:d7:75:45:81:24,FunBox2-8124,-44,1,2412,False,False
1778947147.832977,management,beacon,d8:d7:75:45:81:24,ff:ff:ff:ff:ff:ff,ff:ff:ff:ff:ff:ff,d8:d7:75:45:81:24,d8:d7:75:45:81:24,FunBox2-8124,-41,1,2412,False,False
1778947147.9353213,management,beacon,d8:d7:75:45:81:24,ff:ff:ff:ff:ff:ff,ff:ff:ff:ff:ff:ff,d8:d7:75:45:81:24,d8:d7:75:45:81:24,FunBox2-8124,-44,1,2412,False,False
1778947148.037786,management,beacon,d8:d7:75:45:81:24,ff:ff:ff:ff:ff:ff,ff:ff:ff:ff:ff:ff,d8:d7:75:45:81:24,d8:d7:75:45:81:24,FunBox2-8124,-41,1,2412,False,False
1778947148.1401737,management,beacon,d8:d7:75:45:81:24,ff:ff:ff:ff:ff:ff,ff:ff:ff:ff:ff:ff,d8:d7:75:45:81:24,d8:d7:75:45:81:24,FunBox2-8124,-44,1,2412,False,False
1778947148.2425525,management,beacon,d8:d7:75:45:81:24,ff:ff:ff:ff:ff:ff,ff:ff:ff:ff:ff:ff,d8:d7:75:45:81:24,d8:d7:75:45:81:24,FunBox2-8124,-41,1,2412,False,False
1778947148.3450036,management,beacon,d8:d7:75:45:81:24,ff:ff:ff:ff:ff:ff,ff:ff:ff:ff:ff:ff,d8:d7:75:45:81:24,d8:d7:75:45:81:24,FunBox2-8124,-42,1,2412,False,False
1778947148.4473593,management,beacon,d8:d7:75:45:81:24,ff:ff:ff:ff:ff:ff,ff:ff:ff:ff:ff:ff,d8:d7:75:45:81:24,d8:d7:75:45:81:24,FunBox2-8124,-42,1,2412,False,False
1778947148.5497792,management,beacon,d8:d7:75:45:81:24,ff:ff:ff:ff:ff:ff,ff:ff:ff:ff:ff:ff,d8:d7:75:45:81:24,d8:d7:75:45:81:24,FunBox2-8124,-44,1,2412,False,False
1778947148.6521564,management,beacon,d8:d7:75:45:81:24,ff:ff:ff:ff:ff:ff,ff:ff:ff:ff:ff:ff,d8:d7:75:45:81:24,d8:d7:75:45:81:24,FunBox2-8124,-44,1,2412,False,False
1778947148.6532629,data,null_data,50:02:91:e8:18:ec,d8:d7:75:45:81:24,d8:d7:75:45:81:24,50:02:91:e8:18:ec,d8:d7:75:45:81:24,,-82,1,2412,False,False
1778947148.653485,data,null_data,50:02:91:e8:18:ec,d8:d7:75:45:81:24,d8:d7:75:45:81:24,50:02:91:e8:18:ec,d8:d7:75:45:81:24,,-82,1,2412,False,True
1778947148.6537962,data,null_data,50:02:91:e8:18:ec,d8:d7:75:45:81:24,d8:d7:75:45:81:24,50:02:91:e8:18:ec,d8:d7:75:45:81:24,,-84,1,2412,False,True
1778947148.6542766,data,null_data,50:02:91:e8:18:ec,d8:d7:75:45:81:24,d8:d7:75:45:81:24,50:02:91:e8:18:ec,d8:d7:75:45:81:24,,-84,1,2412,False,True
1778947148.6542795,control,ack,,50:02:91:e8:18:ec,50:02:91:e8:18:ec,,,,-43,1,2412,False,False
1778947148.7545583,management,beacon,d8:d7:75:45:81:24,ff:ff:ff:ff:ff:ff,ff:ff:ff:ff:ff:ff,d8:d7:75:45:81:24,d8:d7:75:45:81:24,FunBox2-8124,-41,1,2412,False,False
1778947148.857012,management,beacon,d8:d7:75:45:81:24,ff:ff:ff:ff:ff:ff,ff:ff:ff:ff:ff:ff,d8:d7:75:45:81:24,d8:d7:75:45:81:24,FunBox2-8124,-42,1,2412,False,False
1778947148.895168,data,null_data,50:02:91:e8:18:ec,d8:d7:75:45:81:24,d8:d7:75:45:81:24,50:02:91:e8:18:ec,d8:d7:75:45:81:24,,-83,1,2412,False,False
1778947148.895181,control,ack,,50:02:91:e8:18:ec,50:02:91:e8:18:ec,,,,-43,1,2412,False,False
1778947148.8956296,control,ack,,50:02:91:e8:18:ec,50:02:91:e8:18:ec,,,,-47,1,2412,False,False
1778947148.9593792,management,beacon,d8:d7:75:45:81:24,ff:ff:ff:ff:ff:ff,ff:ff:ff:ff:ff:ff,d8:d7:75:45:81:24,d8:d7:75:45:81:24,FunBox2-8124,-42,1,2412,False,False
1778947149.0618222,management,beacon,d8:d7:75:45:81:24,ff:ff:ff:ff:ff:ff,ff:ff:ff:ff:ff:ff,d8:d7:75:45:81:24,d8:d7:75:45:81:24,FunBox2-8124,-42,1,2412,False,False
1778947149.1642253,management,beacon,d8:d7:75:45:81:24,ff:ff:ff:ff:ff:ff,ff:ff:ff:ff:ff:ff,d8:d7:75:45:81:24,d8:d7:75:45:81:24,FunBox2-8124,-41,1,2412,False,False
1778947149.2666004,management,beacon,d8:d7:75:45:81:24,ff:ff:ff:ff:ff:ff,ff:ff:ff:ff:ff:ff,d8:d7:75:45:81:24,d8:d7:75:45:81:24,FunBox2-8124,-41,1,2412,False,False
1778947149.369051,management,beacon,d8:d7:75:45:81:24,ff:ff:ff:ff:ff:ff,ff:ff:ff:ff:ff:ff,d8:d7:75:45:81:24,d8:d7:75:45:81:24,FunBox2-8124,-41,1,2412,False,False
1778947149.4714055,management,beacon,d8:d7:75:45:81:24,ff:ff:ff:ff:ff:ff,ff:ff:ff:ff:ff:ff,d8:d7:75:45:81:24,d8:d7:75:45:81:24,FunBox2-8124,-41,1,2412,False,False
1778947149.573802,management,beacon,d8:d7:75:45:81:24,ff:ff:ff:ff:ff:ff,ff:ff:ff:ff:ff:ff,d8:d7:75:45:81:24,d8:d7:75:45:81:24,FunBox2-8124,-42,1,2412,False,False
1778947149.6761954,management,beacon,d8:d7:75:45:81:24,ff:ff:ff:ff:ff:ff,ff:ff:ff:ff:ff:ff,d8:d7:75:45:81:24,d8:d7:75:45:81:24,FunBox2-8124,-44,1,2412,False,False
1778947149.7786438,management,beacon,d8:d7:75:45:81:24,ff:ff:ff:ff:ff:ff,ff:ff:ff:ff:ff:ff,d8:d7:75:45:81:24,d8:d7:75:45:81:24,FunBox2-8124,-41,1,2412,False,False
1778947149.8136566,data,null_data,50:02:91:e8:18:ec,d8:d7:75:45:81:24,d8:d7:75:45:81:24,50:02:91:e8:18:ec,d8:d7:75:45:81:24,,-83,1,2412,False,True
1778947149.8136656,control,ack,,50:02:91:e8:18:ec,50:02:91:e8:18:ec,,,,-43,1,2412,False,False
1778947149.8809938,management,beacon,d8:d7:75:45:81:24,ff:ff:ff:ff:ff:ff,ff:ff:ff:ff:ff:ff,d8:d7:75:45:81:24,d8:d7:75:45:81:24,FunBox2-8124,-42,1,2412,False,False
1778947149.9834628,management,beacon,d8:d7:75:45:81:24,ff:ff:ff:ff:ff:ff,ff:ff:ff:ff:ff:ff,d8:d7:75:45:81:24,d8:d7:75:45:81:24,FunBox2-8124,-42,1,2412,False,False
1778947150.0545118,data,null_data,50:02:91:e8:18:ec,d8:d7:75:45:81:24,d8:d7:75:45:81:24,50:02:91:e8:18:ec,d8:d7:75:45:81:24,,-83,1,2412,False,False
1778947150.0545268,control,ack,,50:02:91:e8:18:ec,50:02:91:e8:18:ec,,,,-44,1,2412,False,False
1778947150.0858364,management,beacon,d8:d7:75:45:81:24,ff:ff:ff:ff:ff:ff,ff:ff:ff:ff:ff:ff,d8:d7:75:45:81:24,d8:d7:75:45:81:24,FunBox2-8124,-46,1,2412,False,False
1778947150.1886234,management,beacon,d8:d7:75:45:81:24,ff:ff:ff:ff:ff:ff,ff:ff:ff:ff:ff:ff,d8:d7:75:45:81:24,d8:d7:75:45:81:24,FunBox2-8124,-42,1,2412,False,False
1778947150.1886377,data,null_data,50:02:91:e8:18:ec,d8:d7:75:45:81:24,d8:d7:75:45:81:24,50:02:91:e8:18:ec,d8:d7:75:45:81:24,,-84,1,2412,False,False
1778947150.1886413,control,ack,,50:02:91:e8:18:ec,50:02:91:e8:18:ec,,,,-42,1,2412,False,False
1778947150.1886437,data,null_data,50:02:91:e8:18:ec,d8:d7:75:45:81:24,d8:d7:75:45:81:24,50:02:91:e8:18:ec,d8:d7:75:45:81:24,,-84,1,2412,False,True
1778947150.188646,control,ack,,50:02:91:e8:18:ec,50:02:91:e8:18:ec,,,,-47,1,2412,False,False
1778947150.1890311,data,null_data,50:02:91:e8:18:ec,d8:d7:75:45:81:24,d8:d7:75:45:81:24,50:02:91:e8:18:ec,d8:d7:75:45:81:24,,-86,1,2412,False,True
1778947150.189036,control,ack,,50:02:91:e8:18:ec,50:02:91:e8:18:ec,,,,-45,1,2412,False,False
1778947150.1895144,control,ack,,50:02:91:e8:18:ec,50:02:91:e8:18:ec,,,,-46,1,2412,False,False
1778947150.2772315,data,qos_data,d8:d7:75:45:81:24,50:02:91:e8:18:ec,50:02:91:e8:18:ec,d8:d7:75:45:81:24,d8:d7:75:45:81:24,,-46,1,2412,True,False
1778947150.2772443,control,ack,,d8:d7:75:45:81:24,d8:d7:75:45:81:24,,,,-83,1,2412,False,False
1778947150.2859614,management,action,d8:d7:75:45:81:24,50:02:91:e8:18:ec,50:02:91:e8:18:ec,d8:d7:75:45:81:24,d8:d7:75:45:81:24,,-45,1,2412,False,False
1778947150.2862532,control,ack,,d8:d7:75:45:81:24,d8:d7:75:45:81:24,,,,-87,1,2412,False,False
1778947150.286671,management,action,50:02:91:e8:18:ec,d8:d7:75:45:81:24,d8:d7:75:45:81:24,50:02:91:e8:18:ec,d8:d7:75:45:81:24,,-84,1,2412,False,False
1778947150.2866755,control,ack,,50:02:91:e8:18:ec,50:02:91:e8:18:ec,,,,-48,1,2412,False,False
1778947150.2906551,management,beacon,d8:d7:75:45:81:24,ff:ff:ff:ff:ff:ff,ff:ff:ff:ff:ff:ff,d8:d7:75:45:81:24,d8:d7:75:45:81:24,FunBox2-8124,-45,1,2412,False,False
1778947150.393042,management,beacon,d8:d7:75:45:81:24,ff:ff:ff:ff:ff:ff,ff:ff:ff:ff:ff:ff,d8:d7:75:45:81:24,d8:d7:75:45:81:24,FunBox2-8124,-42,1,2412,False,False
1778947150.4954536,management,beacon,d8:d7:75:45:81:24,ff:ff:ff:ff:ff:ff,ff:ff:ff:ff:ff:ff,d8:d7:75:45:81:24,d8:d7:75:45:81:24,FunBox2-8124,-41,1,2412,False,False
1778947150.513367,data,qos_data,d8:d7:75:45:81:24,50:02:91:e8:18:ec,50:02:91:e8:18:ec,d8:d7:75:45:81:24,d8:d7:75:45:81:24,,-45,1,2412,True,False
1778947150.597861,management,beacon,d8:d7:75:45:81:24,ff:ff:ff:ff:ff:ff,ff:ff:ff:ff:ff:ff,d8:d7:75:45:81:24,d8:d7:75:45:81:24,FunBox2-8124,-41,1,2412,False,False
1778947150.7002604,management,beacon,d8:d7:75:45:81:24,ff:ff:ff:ff:ff:ff,ff:ff:ff:ff:ff:ff,d8:d7:75:45:81:24,d8:d7:75:45:81:24,FunBox2-8124,-41,1,2412,False,False
1778947150.7167423,control,ack,,50:02:91:e8:18:ec,50:02:91:e8:18:ec,,,,-43,1,2412,False,False
1778947150.7170138,control,ack,,50:02:91:e8:18:ec,50:02:91:e8:18:ec,,,,-47,1,2412,False,False
1778947150.802709,management,beacon,d8:d7:75:45:81:24,ff:ff:ff:ff:ff:ff,ff:ff:ff:ff:ff:ff,d8:d7:75:45:81:24,d8:d7:75:45:81:24,FunBox2-8124,-44,1,2412,False,False
1778947150.9050272,management,beacon,d8:d7:75:45:81:24,ff:ff:ff:ff:ff:ff,ff:ff:ff:ff:ff:ff,d8:d7:75:45:81:24,d8:d7:75:45:81:24,FunBox2-8124,-41,1,2412,False,False
1778947150.9579046,control,ack,,50:02:91:e8:18:ec,50:02:91:e8:18:ec,,,,-44,1,2412,False,False
1778947151.007566,management,beacon,d8:d7:75:45:81:24,ff:ff:ff:ff:ff:ff,ff:ff:ff:ff:ff:ff,d8:d7:75:45:81:24,d8:d7:75:45:81:24,FunBox2-8124,-43,1,2412,False,False
1778947151.1098702,management,beacon,d8:d7:75:45:81:24,ff:ff:ff:ff:ff:ff,ff:ff:ff:ff:ff:ff,d8:d7:75:45:81:24,d8:d7:75:45:81:24,FunBox2-8124,-41,1,2412,False,False
1778947151.2122498,management,beacon,d8:d7:75:45:81:24,ff:ff:ff:ff:ff:ff,ff:ff:ff:ff:ff:ff,d8:d7:75:45:81:24,d8:d7:75:45:81:24,FunBox2-8124,-42,1,2412,False,False
1778947151.3146749,management,beacon,d8:d7:75:45:81:24,ff:ff:ff:ff:ff:ff,ff:ff:ff:ff:ff:ff,d8:d7:75:45:81:24,d8:d7:75:45:81:24,FunBox2-8124,-41,1,2412,False,False
1778947151.4170542,management,beacon,d8:d7:75:45:81:24,ff:ff:ff:ff:ff:ff,ff:ff:ff:ff:ff:ff,d8:d7:75:45:81:24,d8:d7:75:45:81:24,FunBox2-8124,-41,1,2412,False,False
1778947151.4180105,data,data,d8:d7:75:45:81:24,ff:ff:ff:ff:ff:ff,ff:ff:ff:ff:ff:ff,d8:d7:75:45:81:24,d8:d7:75:45:81:24,,-41,1,2412,True,False
1778947151.4183292,control,ack,,d8:d7:75:45:81:24,d8:d7:75:45:81:24,,,,-90,1,2412,False,False
1778947151.4196248,data,data,d8:d7:75:45:81:24,ff:ff:ff:ff:ff:ff,ff:ff:ff:ff:ff:ff,d8:d7:75:45:81:24,d8:d7:75:45:81:24,,-45,1,2412,True,False
1778947151.4199321,control,ack,,d8:d7:75:45:81:24,d8:d7:75:45:81:24,,,,-90,1,2412,False,False
1778947151.5195005,management,beacon,d8:d7:75:45:81:24,ff:ff:ff:ff:ff:ff,ff:ff:ff:ff:ff:ff,d8:d7:75:45:81:24,d8:d7:75:45:81:24,FunBox2-8124,-40,1,2412,False,False
1778947151.621942,management,beacon,d8:d7:75:45:81:24,ff:ff:ff:ff:ff:ff,ff:ff:ff:ff:ff:ff,d8:d7:75:45:81:24,d8:d7:75:45:81:24,FunBox2-8124,-41,1,2412,False,False
1778947151.724329,management,beacon,d8:d7:75:45:81:24,ff:ff:ff:ff:ff:ff,ff:ff:ff:ff:ff:ff,d8:d7:75:45:81:24,d8:d7:75:45:81:24,FunBox2-8124,-41,1,2412,False,False
1778947151.7787387,management,probe_response,d8:d7:75:45:81:24,6c:22:1a:55:3a:a6,6c:22:1a:55:3a:a6,d8:d7:75:45:81:24,d8:d7:75:45:81:24,FunBox2-8124,-40,1,2412,False,True
1778947151.7850964,management,probe_response,d8:d7:75:45:81:24,6c:22:1a:55:3a:a6,6c:22:1a:55:3a:a6,d8:d7:75:45:81:24,d8:d7:75:45:81:24,FunBox2-8124,-44,1,2412,False,True
1778947151.789905,management,probe_response,d8:d7:75:45:81:24,6c:22:1a:55:3a:a6,6c:22:1a:55:3a:a6,d8:d7:75:45:81:24,d8:d7:75:45:81:24,FunBox2-8124,-42,1,2412,False,True
1778947151.7946317,management,probe_response,d8:d7:75:45:81:24,6c:22:1a:55:3a:a6,6c:22:1a:55:3a:a6,d8:d7:75:45:81:24,d8:d7:75:45:81:24,FunBox2-8124,-42,1,2412,False,True
1778947151.8008146,management,probe_response,d8:d7:75:45:81:24,6c:22:1a:55:3a:a6,6c:22:1a:55:3a:a6,d8:d7:75:45:81:24,d8:d7:75:45:81:24,FunBox2-8124,-41,1,2412,False,False
1778947151.8076725,management,probe_response,d8:d7:75:45:81:24,6c:22:1a:55:3a:a6,6c:22:1a:55:3a:a6,d8:d7:75:45:81:24,d8:d7:75:45:81:24,FunBox2-8124,-42,1,2412,False,True
1778947151.8123715,management,probe_response,d8:d7:75:45:81:24,6c:22:1a:55:3a:a6,6c:22:1a:55:3a:a6,d8:d7:75:45:81:24,d8:d7:75:45:81:24,FunBox2-8124,-41,1,2412,False,True
1778947151.8169096,management,probe_response,d8:d7:75:45:81:24,6c:22:1a:55:3a:a6,6c:22:1a:55:3a:a6,d8:d7:75:45:81:24,d8:d7:75:45:81:24,FunBox2-8124,-41,1,2412,False,True
1778947151.8207772,management,probe_response,d8:d7:75:45:81:24,6c:22:1a:55:3a:a6,6c:22:1a:55:3a:a6,d8:d7:75:45:81:24,d8:d7:75:45:81:24,FunBox2-8124,-41,1,2412,False,True
1778947151.830737,management,beacon,d8:d7:75:45:81:24,ff:ff:ff:ff:ff:ff,ff:ff:ff:ff:ff:ff,d8:d7:75:45:81:24,d8:d7:75:45:81:24,FunBox2-8124,-42,1,2412,False,False
1778947151.9291136,management,beacon,d8:d7:75:45:81:24,ff:ff:ff:ff:ff:ff,ff:ff:ff:ff:ff:ff,d8:d7:75:45:81:24,d8:d7:75:45:81:24,FunBox2-8124,-44,1,2412,False,False
1778947152.0314763,management,beacon,d8:d7:75:45:81:24,ff:ff:ff:ff:ff:ff,ff:ff:ff:ff:ff:ff,d8:d7:75:45:81:24,d8:d7:75:45:81:24,FunBox2-8124,-42,1,2412,False,False
1778947152.0884671,control,rts,54:35:30:cf:ee:1e,d8:d7:75:45:81:24,d8:d7:75:45:81:24,54:35:30:cf:ee:1e,,,-55,1,2412,False,False
1778947152.088473,control,cts,,54:35:30:cf:ee:1e,54:35:30:cf:ee:1e,,,,-48,1,2412,False,False
1778947152.0884748,data,qos_data,54:35:30:cf:ee:1e,d8:d7:75:45:81:24,d8:d7:75:45:81:24,54:35:30:cf:ee:1e,ff:ff:ff:ff:ff:ff,,-55,1,2412,True,False
1778947152.0884774,control,block_ack,d8:d7:75:45:81:24,54:35:30:cf:ee:1e,54:35:30:cf:ee:1e,d8:d7:75:45:81:24,,,-47,1,2412,False,False
1778947152.133952,management,beacon,d8:d7:75:45:81:24,ff:ff:ff:ff:ff:ff,ff:ff:ff:ff:ff:ff,d8:d7:75:45:81:24,d8:d7:75:45:81:24,FunBox2-8124,-45,1,2412,False,False
1778947152.2362905,management,beacon,d8:d7:75:45:81:24,ff:ff:ff:ff:ff:ff,ff:ff:ff:ff:ff:ff,d8:d7:75:45:81:24,d8:d7:75:45:81:24,FunBox2-8124,-42,1,2412,False,False
1778947152.2684083,control,rts,d8:d7:75:45:81:24,54:35:30:cf:ee:1e,54:35:30:cf:ee:1e,d8:d7:75:45:81:24,,,-43,1,2412,False,False
1778947152.2684174,control,cts,,d8:d7:75:45:81:24,d8:d7:75:45:81:24,,,,-56,1,2412,False,False
1778947152.2684202,data,qos_data,d8:d7:75:45:81:24,54:35:30:cf:ee:1e,54:35:30:cf:ee:1e,d8:d7:75:45:81:24,a0:29:42:95:01:2d,,-45,1,2412,True,False
1778947152.2684247,control,block_ack,54:35:30:cf:ee:1e,d8:d7:75:45:81:24,d8:d7:75:45:81:24,54:35:30:cf:ee:1e,,,-55,1,2412,False,False
1778947152.3387086,management,beacon,d8:d7:75:45:81:24,ff:ff:ff:ff:ff:ff,ff:ff:ff:ff:ff:ff,d8:d7:75:45:81:24,d8:d7:75:45:81:24,FunBox2-8124,-44,1,2412,False,False
1778947152.3398829,data,data,d8:d7:75:45:81:24,ff:ff:ff:ff:ff:ff,ff:ff:ff:ff:ff:ff,d8:d7:75:45:81:24,54:35:30:cf:ee:1e,,-44,1,2412,True,False
1778947152.3403928,control,ack,,d8:d7:75:45:81:24,d8:d7:75:45:81:24,,,,-86,1,2412,False,False
1778947152.3403952,data,null_data,50:02:91:e8:18:ec,d8:d7:75:45:81:24,d8:d7:75:45:81:24,50:02:91:e8:18:ec,d8:d7:75:45:81:24,,-86,1,2412,False,False
1778947152.3403983,control,ack,,50:02:91:e8:18:ec,50:02:91:e8:18:ec,,,,-46,1,2412,False,False
1778947152.4410987,management,beacon,d8:d7:75:45:81:24,ff:ff:ff:ff:ff:ff,ff:ff:ff:ff:ff:ff,d8:d7:75:45:81:24,d8:d7:75:45:81:24,FunBox2-8124,-43,1,2412,False,False
1778947152.5434964,management,beacon,d8:d7:75:45:81:24,ff:ff:ff:ff:ff:ff,ff:ff:ff:ff:ff:ff,d8:d7:75:45:81:24,d8:d7:75:45:81:24,FunBox2-8124,-43,1,2412,False,False
1778947152.5812855,data,null_data,50:02:91:e8:18:ec,d8:d7:75:45:81:24,d8:d7:75:45:81:24,50:02:91:e8:18:ec,d8:d7:75:45:81:24,,-85,1,2412,False,False
1778947152.5812964,control,ack,,50:02:91:e8:18:ec,50:02:91:e8:18:ec,,,,-44,1,2412,False,False
1778947152.6459093,management,beacon,d8:d7:75:45:81:24,ff:ff:ff:ff:ff:ff,ff:ff:ff:ff:ff:ff,d8:d7:75:45:81:24,d8:d7:75:45:81:24,FunBox2-8124,-45,1,2412,False,False
1778947152.7483132,management,beacon,d8:d7:75:45:81:24,ff:ff:ff:ff:ff:ff,ff:ff:ff:ff:ff:ff,d8:d7:75:45:81:24,d8:d7:75:45:81:24,FunBox2-8124,-44,1,2412,False,False
1778947152.8507252,management,beacon,d8:d7:75:45:81:24,ff:ff:ff:ff:ff:ff,ff:ff:ff:ff:ff:ff,d8:d7:75:45:81:24,d8:d7:75:45:81:24,FunBox2-8124,-41,1,2412,False,False
1778947152.9531207,management,beacon,d8:d7:75:45:81:24,ff:ff:ff:ff:ff:ff,ff:ff:ff:ff:ff:ff,d8:d7:75:45:81:24,d8:d7:75:45:81:24,FunBox2-8124,-44,1,2412,False,False
1778947153.1579843,management,beacon,d8:d7:75:45:81:24,ff:ff:ff:ff:ff:ff,ff:ff:ff:ff:ff:ff,d8:d7:75:45:81:24,d8:d7:75:45:81:24,FunBox2-8124,-41,1,2412,False,False
1778947153.2603364,management,beacon,d8:d7:75:45:81:24,ff:ff:ff:ff:ff:ff,ff:ff:ff:ff:ff:ff,d8:d7:75:45:81:24,d8:d7:75:45:81:24,FunBox2-8124,-41,1,2412,False,False
1778947153.3627214,management,beacon,d8:d7:75:45:81:24,ff:ff:ff:ff:ff:ff,ff:ff:ff:ff:ff:ff,d8:d7:75:45:81:24,d8:d7:75:45:81:24,FunBox2-8124,-41,1,2412,False,False
1778947153.4651458,management,beacon,d8:d7:75:45:81:24,ff:ff:ff:ff:ff:ff,ff:ff:ff:ff:ff:ff,d8:d7:75:45:81:24,d8:d7:75:45:81:24,FunBox2-8124,-42,1,2412,False,False
1778947153.6699898,management,beacon,d8:d7:75:45:81:24,ff:ff:ff:ff:ff:ff,ff:ff:ff:ff:ff:ff,d8:d7:75:45:81:24,d8:d7:75:45:81:24,FunBox2-8124,-42,1,2412,False,False
1778947153.772409,management,beacon,d8:d7:75:45:81:24,ff:ff:ff:ff:ff:ff,ff:ff:ff:ff:ff:ff,d8:d7:75:45:81:24,d8:d7:75:45:81:24,FunBox2-8124,-45,1,2412,False,False
1778947153.8747368,management,beacon,d8:d7:75:45:81:24,ff:ff:ff:ff:ff:ff,ff:ff:ff:ff:ff:ff,d8:d7:75:45:81:24,d8:d7:75:45:81:24,FunBox2-8124,-41,1,2412,False,False
1778947153.8760285,data,null_data,50:02:91:e8:18:ec,d8:d7:75:45:81:24,d8:d7:75:45:81:24,50:02:91:e8:18:ec,d8:d7:75:45:81:24,,-85,1,2412,False,False
1778947153.8760316,control,ack,,50:02:91:e8:18:ec,50:02:91:e8:18:ec,,,,-43,1,2412,False,False
1778947153.8764594,data,null_data,50:02:91:e8:18:ec,d8:d7:75:45:81:24,d8:d7:75:45:81:24,50:02:91:e8:18:ec,d8:d7:75:45:81:24,,-84,1,2412,False,True
1778947153.876461,control,ack,,50:02:91:e8:18:ec,50:02:91:e8:18:ec,,,,-47,1,2412,False,False
1778947153.9772258,management,beacon,d8:d7:75:45:81:24,ff:ff:ff:ff:ff:ff,ff:ff:ff:ff:ff:ff,d8:d7:75:45:81:24,d8:d7:75:45:81:24,FunBox2-8124,-43,1,2412,False,False
1778947154.1175876,data,null_data,50:02:91:e8:18:ec,d8:d7:75:45:81:24,d8:d7:75:45:81:24,50:02:91:e8:18:ec,d8:d7:75:45:81:24,,-84,1,2412,False,False
1778947154.1175957,control,ack,,50:02:91:e8:18:ec,50:02:91:e8:18:ec,,,,-42,1,2412,False,False
1778947154.1819613,management,beacon,d8:d7:75:45:81:24,ff:ff:ff:ff:ff:ff,ff:ff:ff:ff:ff:ff,d8:d7:75:45:81:24,d8:d7:75:45:81:24,FunBox2-8124,-43,1,2412,False,False
1778947154.2843945,management,beacon,d8:d7:75:45:81:24,ff:ff:ff:ff:ff:ff,ff:ff:ff:ff:ff:ff,d8:d7:75:45:81:24,d8:d7:75:45:81:24,FunBox2-8124,-43,1,2412,False,False
1778947154.3867683,management,beacon,d8:d7:75:45:81:24,ff:ff:ff:ff:ff:ff,ff:ff:ff:ff:ff:ff,d8:d7:75:45:81:24,d8:d7:75:45:81:24,FunBox2-8124,-41,1,2412,False,False
1778947154.4892647,management,beacon,d8:d7:75:45:81:24,ff:ff:ff:ff:ff:ff,ff:ff:ff:ff:ff:ff,d8:d7:75:45:81:24,d8:d7:75:45:81:24,FunBox2-8124,-44,1,2412,False,False
1778947154.6940358,management,beacon,d8:d7:75:45:81:24,ff:ff:ff:ff:ff:ff,ff:ff:ff:ff:ff:ff,d8:d7:75:45:81:24,d8:d7:75:45:81:24,FunBox2-8124,-41,1,2412,False,False
1778947154.798218,management,beacon,d8:d7:75:45:81:24,ff:ff:ff:ff:ff:ff,ff:ff:ff:ff:ff:ff,d8:d7:75:45:81:24,d8:d7:75:45:81:24,FunBox2-8124,-40,1,2412,False,False
1778947154.8988132,management,beacon,d8:d7:75:45:81:24,ff:ff:ff:ff:ff:ff,ff:ff:ff:ff:ff:ff,d8:d7:75:45:81:24,d8:d7:75:45:81:24,FunBox2-8124,-40,1,2412,False,False
1778947155.0011995,management,beacon,d8:d7:75:45:81:24,ff:ff:ff:ff:ff:ff,ff:ff:ff:ff:ff:ff,d8:d7:75:45:81:24,d8:d7:75:45:81:24,FunBox2-8124,-42,1,2412,False,False
1778947155.2060392,management,beacon,d8:d7:75:45:81:24,ff:ff:ff:ff:ff:ff,ff:ff:ff:ff:ff:ff,d8:d7:75:45:81:24,d8:d7:75:45:81:24,FunBox2-8124,-43,1,2412,False,False
1778947155.3084707,management,beacon,d8:d7:75:45:81:24,ff:ff:ff:ff:ff:ff,ff:ff:ff:ff:ff:ff,d8:d7:75:45:81:24,d8:d7:75:45:81:24,FunBox2-8124,-43,1,2412,False,False
1778947155.410866,management,beacon,d8:d7:75:45:81:24,ff:ff:ff:ff:ff:ff,ff:ff:ff:ff:ff:ff,d8:d7:75:45:81:24,d8:d7:75:45:81:24,FunBox2-8124,-43,1,2412,False,False
1778947155.4120214,data,null_data,50:02:91:e8:18:ec,d8:d7:75:45:81:24,d8:d7:75:45:81:24,50:02:91:e8:18:ec,d8:d7:75:45:81:24,,-83,1,2412,False,False
1778947155.412025,control,ack,,50:02:91:e8:18:ec,50:02:91:e8:18:ec,,,,-43,1,2412,False,False
1778947155.4122996,data,qos_data,d8:d7:75:45:81:24,50:02:91:e8:18:ec,50:02:91:e8:18:ec,d8:d7:75:45:81:24,d8:d7:75:45:81:24,,-44,1,2412,True,False
1778947155.4127736,data,qos_data,d8:d7:75:45:81:24,50:02:91:e8:18:ec,50:02:91:e8:18:ec,d8:d7:75:45:81:24,d8:d7:75:45:81:24,,-45,1,2412,True,True
1778947155.4138515,control,ack,,50:02:91:e8:18:ec,50:02:91:e8:18:ec,,,,-47,1,2412,False,False
1778947155.5132508,management,beacon,d8:d7:75:45:81:24,ff:ff:ff:ff:ff:ff,ff:ff:ff:ff:ff:ff,d8:d7:75:45:81:24,d8:d7:75:45:81:24,FunBox2-8124,-43,1,2412,False,False
1778947155.6546948,control,ack,,50:02:91:e8:18:ec,50:02:91:e8:18:ec,,,,-43,1,2412,False,False
1778947155.7180815,management,beacon,d8:d7:75:45:81:24,ff:ff:ff:ff:ff:ff,ff:ff:ff:ff:ff:ff,d8:d7:75:45:81:24,d8:d7:75:45:81:24,FunBox2-8124,-44,1,2412,False,False
1778947155.8204224,management,beacon,d8:d7:75:45:81:24,ff:ff:ff:ff:ff:ff,ff:ff:ff:ff:ff:ff,d8:d7:75:45:81:24,d8:d7:75:45:81:24,FunBox2-8124,-41,1,2412,False,False
1778947155.9228845,management,beacon,d8:d7:75:45:81:24,ff:ff:ff:ff:ff:ff,ff:ff:ff:ff:ff:ff,d8:d7:75:45:81:24,d8:d7:75:45:81:24,FunBox2-8124,-41,1,2412,False,False
1778947156.0252764,management,beacon,d8:d7:75:45:81:24,ff:ff:ff:ff:ff:ff,ff:ff:ff:ff:ff:ff,d8:d7:75:45:81:24,d8:d7:75:45:81:24,FunBox2-8124,-45,1,2412,False,False
1778947156.230581,management,beacon,d8:d7:75:45:81:24,ff:ff:ff:ff:ff:ff,ff:ff:ff:ff:ff:ff,d8:d7:75:45:81:24,d8:d7:75:45:81:24,FunBox2-8124,-44,1,2412,False,False
1778947156.332523,management,beacon,d8:d7:75:45:81:24,ff:ff:ff:ff:ff:ff,ff:ff:ff:ff:ff:ff,d8:d7:75:45:81:24,d8:d7:75:45:81:24,FunBox2-8124,-43,1,2412,False,False
1778947156.4348402,management,beacon,d8:d7:75:45:81:24,ff:ff:ff:ff:ff:ff,ff:ff:ff:ff:ff:ff,d8:d7:75:45:81:24,d8:d7:75:45:81:24,FunBox2-8124,-41,1,2412,False,False
1778947156.5372825,management,beacon,d8:d7:75:45:81:24,ff:ff:ff:ff:ff:ff,ff:ff:ff:ff:ff:ff,d8:d7:75:45:81:24,d8:d7:75:45:81:24,FunBox2-8124,-42,1,2412,False,False
1778947156.7420485,management,beacon,d8:d7:75:45:81:24,ff:ff:ff:ff:ff:ff,ff:ff:ff:ff:ff:ff,d8:d7:75:45:81:24,d8:d7:75:45:81:24,FunBox2-8124,-41,1,2412,False,False
1778947156.8457208,management,beacon,d8:d7:75:45:81:24,ff:ff:ff:ff:ff:ff,ff:ff:ff:ff:ff:ff,d8:d7:75:45:81:24,d8:d7:75:45:81:24,FunBox2-8124,-41,1,2412,False,False
1778947156.9468539,management,beacon,d8:d7:75:45:81:24,ff:ff:ff:ff:ff:ff,ff:ff:ff:ff:ff:ff,d8:d7:75:45:81:24,d8:d7:75:45:81:24,FunBox2-8124,-41,1,2412,False,False
1778947157.050741,management,beacon,d8:d7:75:45:81:24,ff:ff:ff:ff:ff:ff,ff:ff:ff:ff:ff:ff,d8:d7:75:45:81:24,d8:d7:75:45:81:24,FunBox2-8124,-43,1,2412,False,False
1778947157.254088,management,beacon,d8:d7:75:45:81:24,ff:ff:ff:ff:ff:ff,ff:ff:ff:ff:ff:ff,d8:d7:75:45:81:24,d8:d7:75:45:81:24,FunBox2-8124,-41,1,2412,False,False
1778947157.2552722,data,null_data,50:02:91:e8:18:ec,d8:d7:75:45:81:24,d8:d7:75:45:81:24,50:02:91:e8:18:ec,d8:d7:75:45:81:24,,-85,1,2412,False,False
1778947157.255276,control,ack,,50:02:91:e8:18:ec,50:02:91:e8:18:ec,,,,-43,1,2412,False,False
1778947157.3565254,management,beacon,d8:d7:75:45:81:24,ff:ff:ff:ff:ff:ff,ff:ff:ff:ff:ff:ff,d8:d7:75:45:81:24,d8:d7:75:45:81:24,FunBox2-8124,-40,1,2412,False,False
1778947157.4590518,management,beacon,d8:d7:75:45:81:24,ff:ff:ff:ff:ff:ff,ff:ff:ff:ff:ff:ff,d8:d7:75:45:81:24,d8:d7:75:45:81:24,FunBox2-8124,-43,1,2412,False,False
1778947157.4965227,data,null_data,50:02:91:e8:18:ec,d8:d7:75:45:81:24,d8:d7:75:45:81:24,50:02:91:e8:18:ec,d8:d7:75:45:81:24,,-83,1,2412,False,False
1778947157.4965322,control,ack,,50:02:91:e8:18:ec,50:02:91:e8:18:ec,,,,-47,1,2412,False,False
1778947157.4967086,control,ack,,50:02:91:e8:18:ec,50:02:91:e8:18:ec,,,,-46,1,2412,False,False
1778947157.5613306,management,beacon,d8:d7:75:45:81:24,ff:ff:ff:ff:ff:ff,ff:ff:ff:ff:ff:ff,d8:d7:75:45:81:24,d8:d7:75:45:81:24,FunBox2-8124,-41,1,2412,False,False
1778947157.6637287,management,beacon,d8:d7:75:45:81:24,ff:ff:ff:ff:ff:ff,ff:ff:ff:ff:ff:ff,d8:d7:75:45:81:24,d8:d7:75:45:81:24,FunBox2-8124,-42,1,2412,False,False
1778947157.7661483,management,beacon,d8:d7:75:45:81:24,ff:ff:ff:ff:ff:ff,ff:ff:ff:ff:ff:ff,d8:d7:75:45:81:24,d8:d7:75:45:81:24,FunBox2-8124,-42,1,2412,False,False
1778947157.868483,management,beacon,d8:d7:75:45:81:24,ff:ff:ff:ff:ff:ff,ff:ff:ff:ff:ff:ff,d8:d7:75:45:81:24,d8:d7:75:45:81:24,FunBox2-8124,-43,1,2412,False,False
1778947157.970926,management,beacon,d8:d7:75:45:81:24,ff:ff:ff:ff:ff:ff,ff:ff:ff:ff:ff:ff,d8:d7:75:45:81:24,d8:d7:75:45:81:24,FunBox2-8124,-41,1,2412,False,False
1778947158.073314,management,beacon,d8:d7:75:45:81:24,ff:ff:ff:ff:ff:ff,ff:ff:ff:ff:ff:ff,d8:d7:75:45:81:24,d8:d7:75:45:81:24,FunBox2-8124,-44,1,2412,False,False
1778947158.2782226,management,beacon,d8:d7:75:45:81:24,ff:ff:ff:ff:ff:ff,ff:ff:ff:ff:ff:ff,d8:d7:75:45:81:24,d8:d7:75:45:81:24,FunBox2-8124,-43,1,2412,False,False
1778947158.28369,control,ack,,50:02:91:e8:18:ec,50:02:91:e8:18:ec,,,,-47,1,2412,False,False
1778947158.3805501,management,beacon,d8:d7:75:45:81:24,ff:ff:ff:ff:ff:ff,ff:ff:ff:ff:ff:ff,d8:d7:75:45:81:24,d8:d7:75:45:81:24,FunBox2-8124,-42,1,2412,False,False
1778947158.482982,management,beacon,d8:d7:75:45:81:24,ff:ff:ff:ff:ff:ff,ff:ff:ff:ff:ff:ff,d8:d7:75:45:81:24,d8:d7:75:45:81:24,FunBox2-8124,-41,1,2412,False,False
1778947158.524564,control,ack,,50:02:91:e8:18:ec,50:02:91:e8:18:ec,,,,-43,1,2412,False,False
1778947158.5853448,management,beacon,d8:d7:75:45:81:24,ff:ff:ff:ff:ff:ff,ff:ff:ff:ff:ff:ff,d8:d7:75:45:81:24,d8:d7:75:45:81:24,FunBox2-8124,-44,1,2412,False,False
1778947158.687895,management,beacon,d8:d7:75:45:81:24,ff:ff:ff:ff:ff:ff,ff:ff:ff:ff:ff:ff,d8:d7:75:45:81:24,d8:d7:75:45:81:24,FunBox2-8124,-45,1,2412,False,False
1778947158.7901993,management,beacon,d8:d7:75:45:81:24,ff:ff:ff:ff:ff:ff,ff:ff:ff:ff:ff:ff,d8:d7:75:45:81:24,d8:d7:75:45:81:24,FunBox2-8124,-41,1,2412,False,False
1778947158.7914348,data,null_data,50:02:91:e8:18:ec,d8:d7:75:45:81:24,d8:d7:75:45:81:24,50:02:91:e8:18:ec,d8:d7:75:45:81:24,,-85,1,2412,False,False
1778947158.7914388,control,ack,,50:02:91:e8:18:ec,50:02:91:e8:18:ec,,,,-43,1,2412,False,False
1778947158.892561,management,beacon,d8:d7:75:45:81:24,ff:ff:ff:ff:ff:ff,ff:ff:ff:ff:ff:ff,d8:d7:75:45:81:24,d8:d7:75:45:81:24,FunBox2-8124,-43,1,2412,False,False
1778947158.9951274,management,beacon,d8:d7:75:45:81:24,ff:ff:ff:ff:ff:ff,ff:ff:ff:ff:ff:ff,d8:d7:75:45:81:24,d8:d7:75:45:81:24,FunBox2-8124,-43,1,2412,False,False
1778947159.032317,data,null_data,50:02:91:e8:18:ec,d8:d7:75:45:81:24,d8:d7:75:45:81:24,50:02:91:e8:18:ec,d8:d7:75:45:81:24,,-84,1,2412,False,False
1778947159.0323296,control,ack,,50:02:91:e8:18:ec,50:02:91:e8:18:ec,,,,-46,1,2412,False,False
1778947159.097354,management,beacon,d8:d7:75:45:81:24,ff:ff:ff:ff:ff:ff,ff:ff:ff:ff:ff:ff,d8:d7:75:45:81:24,d8:d7:75:45:81:24,FunBox2-8124,-43,1,2412,False,False
1778947159.1997647,management,beacon,d8:d7:75:45:81:24,ff:ff:ff:ff:ff:ff,ff:ff:ff:ff:ff:ff,d8:d7:75:45:81:24,d8:d7:75:45:81:24,FunBox2-8124,-41,1,2412,False,False
1778947159.3023386,management,beacon,d8:d7:75:45:81:24,ff:ff:ff:ff:ff:ff,ff:ff:ff:ff:ff:ff,d8:d7:75:45:81:24,d8:d7:75:45:81:24,FunBox2-8124,-46,1,2412,False,False
1778947159.4045646,management,beacon,d8:d7:75:45:81:24,ff:ff:ff:ff:ff:ff,ff:ff:ff:ff:ff:ff,d8:d7:75:45:81:24,d8:d7:75:45:81:24,FunBox2-8124,-44,1,2412,False,False
1778947159.5069482,management,beacon,d8:d7:75:45:81:24,ff:ff:ff:ff:ff:ff,ff:ff:ff:ff:ff:ff,d8:d7:75:45:81:24,d8:d7:75:45:81:24,FunBox2-8124,-41,1,2412,False,False
1778947159.6093926,management,beacon,d8:d7:75:45:81:24,ff:ff:ff:ff:ff:ff,ff:ff:ff:ff:ff:ff,d8:d7:75:45:81:24,d8:d7:75:45:81:24,FunBox2-8124,-41,1,2412,False,False
1778947159.7117891,management,beacon,d8:d7:75:45:81:24,ff:ff:ff:ff:ff:ff,ff:ff:ff:ff:ff:ff,d8:d7:75:45:81:24,d8:d7:75:45:81:24,FunBox2-8124,-41,1,2412,False,False
1778947159.8141785,management,beacon,d8:d7:75:45:81:24,ff:ff:ff:ff:ff:ff,ff:ff:ff:ff:ff:ff,d8:d7:75:45:81:24,d8:d7:75:45:81:24,FunBox2-8124,-42,1,2412,False,False
1778947159.9166255,management,beacon,d8:d7:75:45:81:24,ff:ff:ff:ff:ff:ff,ff:ff:ff:ff:ff:ff,d8:d7:75:45:81:24,d8:d7:75:45:81:24,FunBox2-8124,-43,1,2412,False,False
1778947160.0190198,management,beacon,d8:d7:75:45:81:24,ff:ff:ff:ff:ff:ff,ff:ff:ff:ff:ff:ff,d8:d7:75:45:81:24,d8:d7:75:45:81:24,FunBox2-8124,-40,1,2412,False,False
1778947160.0202413,data,null_data,50:02:91:e8:18:ec,d8:d7:75:45:81:24,d8:d7:75:45:81:24,50:02:91:e8:18:ec,d8:d7:75:45:81:24,,-85,1,2412,False,False
1778947160.0202444,control,ack,,50:02:91:e8:18:ec,50:02:91:e8:18:ec,,,,-43,1,2412,False,False
1778947160.1214404,management,beacon,d8:d7:75:45:81:24,ff:ff:ff:ff:ff:ff,ff:ff:ff:ff:ff:ff,d8:d7:75:45:81:24,d8:d7:75:45:81:24,FunBox2-8124,-40,1,2412,False,False
1778947160.223867,management,beacon,d8:d7:75:45:81:24,ff:ff:ff:ff:ff:ff,ff:ff:ff:ff:ff:ff,d8:d7:75:45:81:24,d8:d7:75:45:81:24,FunBox2-8124,-40,1,2412,False,False
1778947160.2611396,data,null_data,50:02:91:e8:18:ec,d8:d7:75:45:81:24,d8:d7:75:45:81:24,50:02:91:e8:18:ec,d8:d7:75:45:81:24,,-84,1,2412,False,False
1778947160.261154,control,ack,,50:02:91:e8:18:ec,50:02:91:e8:18:ec,,,,-43,1,2412,False,False
1778947160.3261967,management,beacon,d8:d7:75:45:81:24,ff:ff:ff:ff:ff:ff,ff:ff:ff:ff:ff:ff,d8:d7:75:45:81:24,d8:d7:75:45:81:24,FunBox2-8124,-43,1,2412,False,False
1778947160.4286077,management,beacon,d8:d7:75:45:81:24,ff:ff:ff:ff:ff:ff,ff:ff:ff:ff:ff:ff,d8:d7:75:45:81:24,d8:d7:75:45:81:24,FunBox2-8124,-42,1,2412,False,False
1778947160.5310602,management,beacon,d8:d7:75:45:81:24,ff:ff:ff:ff:ff:ff,ff:ff:ff:ff:ff:ff,d8:d7:75:45:81:24,d8:d7:75:45:81:24,FunBox2-8124,-41,1,2412,False,False
1778947160.6334143,management,beacon,d8:d7:75:45:81:24,ff:ff:ff:ff:ff:ff,ff:ff:ff:ff:ff:ff,d8:d7:75:45:81:24,d8:d7:75:45:81:24,FunBox2-8124,-43,1,2412,False,False
1778947160.8381948,management,beacon,d8:d7:75:45:81:24,ff:ff:ff:ff:ff:ff,ff:ff:ff:ff:ff:ff,d8:d7:75:45:81:24,d8:d7:75:45:81:24,FunBox2-8124,-42,1,2412,False,False
1778947160.94061,management,beacon,d8:d7:75:45:81:24,ff:ff:ff:ff:ff:ff,ff:ff:ff:ff:ff:ff,d8:d7:75:45:81:24,d8:d7:75:45:81:24,FunBox2-8124,-42,1,2412,False,False
1778947161.0430398,management,beacon,d8:d7:75:45:81:24,ff:ff:ff:ff:ff:ff,ff:ff:ff:ff:ff:ff,d8:d7:75:45:81:24,d8:d7:75:45:81:24,FunBox2-8124,-42,1,2412,False,False
1778947161.1454456,management,beacon,d8:d7:75:45:81:24,ff:ff:ff:ff:ff:ff,ff:ff:ff:ff:ff:ff,d8:d7:75:45:81:24,d8:d7:75:45:81:24,FunBox2-8124,-44,1,2412,False,False
1778947161.2490866,data,null_data,50:02:91:e8:18:ec,d8:d7:75:45:81:24,d8:d7:75:45:81:24,50:02:91:e8:18:ec,d8:d7:75:45:81:24,,-83,1,2412,False,False
1778947161.2490973,control,ack,,50:02:91:e8:18:ec,50:02:91:e8:18:ec,,,,-43,1,2412,False,False
1778947161.350288,management,beacon,d8:d7:75:45:81:24,ff:ff:ff:ff:ff:ff,ff:ff:ff:ff:ff:ff,d8:d7:75:45:81:24,d8:d7:75:45:81:24,FunBox2-8124,-40,1,2412,False,False
1778947161.4526734,management,beacon,d8:d7:75:45:81:24,ff:ff:ff:ff:ff:ff,ff:ff:ff:ff:ff:ff,d8:d7:75:45:81:24,d8:d7:75:45:81:24,FunBox2-8124,-41,1,2412,False,False
1778947161.4899876,data,null_data,50:02:91:e8:18:ec,d8:d7:75:45:81:24,d8:d7:75:45:81:24,50:02:91:e8:18:ec,d8:d7:75:45:81:24,,-85,1,2412,False,False
1778947161.4900007,control,ack,,50:02:91:e8:18:ec,50:02:91:e8:18:ec,,,,-42,1,2412,False,False
1778947161.555048,management,beacon,d8:d7:75:45:81:24,ff:ff:ff:ff:ff:ff,ff:ff:ff:ff:ff:ff,d8:d7:75:45:81:24,d8:d7:75:45:81:24,FunBox2-8124,-44,1,2412,False,False
1778947161.8624284,management,beacon,d8:d7:75:45:81:24,ff:ff:ff:ff:ff:ff,ff:ff:ff:ff:ff:ff,d8:d7:75:45:81:24,d8:d7:75:45:81:24,FunBox2-8124,-44,1,2412,False,False
1778947161.964717,management,beacon,d8:d7:75:45:81:24,ff:ff:ff:ff:ff:ff,ff:ff:ff:ff:ff:ff,d8:d7:75:45:81:24,d8:d7:75:45:81:24,FunBox2-8124,-41,1,2412,False,False
1778947162.0672967,management,beacon,d8:d7:75:45:81:24,ff:ff:ff:ff:ff:ff,ff:ff:ff:ff:ff:ff,d8:d7:75:45:81:24,d8:d7:75:45:81:24,FunBox2-8124,-44,1,2412,False,False
1778947162.169795,management,beacon,d8:d7:75:45:81:24,ff:ff:ff:ff:ff:ff,ff:ff:ff:ff:ff:ff,d8:d7:75:45:81:24,d8:d7:75:45:81:24,FunBox2-8124,-46,1,2412,False,False
1778947162.3743057,management,beacon,d8:d7:75:45:81:24,ff:ff:ff:ff:ff:ff,ff:ff:ff:ff:ff:ff,d8:d7:75:45:81:24,d8:d7:75:45:81:24,FunBox2-8124,-42,1,2412,False,False
1778947162.4766648,management,beacon,d8:d7:75:45:81:24,ff:ff:ff:ff:ff:ff,ff:ff:ff:ff:ff:ff,d8:d7:75:45:81:24,d8:d7:75:45:81:24,FunBox2-8124,-41,1,2412,False,False
1778947162.5790634,management,beacon,d8:d7:75:45:81:24,ff:ff:ff:ff:ff:ff,ff:ff:ff:ff:ff:ff,d8:d7:75:45:81:24,d8:d7:75:45:81:24,FunBox2-8124,-40,1,2412,False,False
1778947162.58025,data,null_data,50:02:91:e8:18:ec,d8:d7:75:45:81:24,d8:d7:75:45:81:24,50:02:91:e8:18:ec,d8:d7:75:45:81:24,,-81,1,2412,False,False
1778947162.5802522,control,ack,,50:02:91:e8:18:ec,50:02:91:e8:18:ec,,,,-42,1,2412,False,False
1778947162.6814964,management,beacon,d8:d7:75:45:81:24,ff:ff:ff:ff:ff:ff,ff:ff:ff:ff:ff:ff,d8:d7:75:45:81:24,d8:d7:75:45:81:24,FunBox2-8124,-39,1,2412,False,False
1778947162.7706852,management,probe_request,56:a9:a4:e3:e0:fc,ff:ff:ff:ff:ff:ff,ff:ff:ff:ff:ff:ff,56:a9:a4:e3:e0:fc,ff:ff:ff:ff:ff:ff,<hidden>,-60,1,2412,False,False
1778947162.770909,control,ack,,56:a9:a4:e3:e0:fc,56:a9:a4:e3:e0:fc,,,,-83,1,2412,False,False
1778947162.7741883,management,probe_response,d8:d7:75:45:81:24,56:a9:a4:e3:e0:fc,56:a9:a4:e3:e0:fc,d8:d7:75:45:81:24,d8:d7:75:45:81:24,FunBox2-8124,-44,1,2412,False,False
1778947162.7744713,control,ack,,d8:d7:75:45:81:24,d8:d7:75:45:81:24,,,,-57,1,2412,False,False
1778947162.7838998,management,beacon,d8:d7:75:45:81:24,ff:ff:ff:ff:ff:ff,ff:ff:ff:ff:ff:ff,d8:d7:75:45:81:24,d8:d7:75:45:81:24,FunBox2-8124,-39,1,2412,False,False
1778947162.7909,management,probe_request,56:a9:a4:e3:e0:fc,ff:ff:ff:ff:ff:ff,ff:ff:ff:ff:ff:ff,56:a9:a4:e3:e0:fc,ff:ff:ff:ff:ff:ff,<hidden>,-52,1,2412,False,False
1778947162.791209,control,ack,,56:a9:a4:e3:e0:fc,56:a9:a4:e3:e0:fc,,,,-87,1,2412,False,False
1778947162.7944963,management,probe_response,d8:d7:75:45:81:24,56:a9:a4:e3:e0:fc,56:a9:a4:e3:e0:fc,d8:d7:75:45:81:24,d8:d7:75:45:81:24,FunBox2-8124,-46,1,2412,False,False
1778947162.7947884,control,ack,,d8:d7:75:45:81:24,d8:d7:75:45:81:24,,,,-54,1,2412,False,False
1778947162.798519,control,ack,,ac:84:c6:41:71:22,ac:84:c6:41:71:22,,,,-52,1,2412,False,False
1778947162.8058476,control,ack,,ac:84:c6:41:71:22,ac:84:c6:41:71:22,,,,-54,1,2412,False,False
1778947162.821068,data,null_data,50:02:91:e8:18:ec,d8:d7:75:45:81:24,d8:d7:75:45:81:24,50:02:91:e8:18:ec,d8:d7:75:45:81:24,,-82,1,2412,False,False
1778947162.821292,data,null_data,50:02:91:e8:18:ec,d8:d7:75:45:81:24,d8:d7:75:45:81:24,50:02:91:e8:18:ec,d8:d7:75:45:81:24,,-84,1,2412,False,True
1778947162.8212953,control,ack,,50:02:91:e8:18:ec,50:02:91:e8:18:ec,,,,-43,1,2412,False,False
1778947162.8862815,management,beacon,d8:d7:75:45:81:24,ff:ff:ff:ff:ff:ff,ff:ff:ff:ff:ff:ff,d8:d7:75:45:81:24,d8:d7:75:45:81:24,FunBox2-8124,-40,1,2412,False,False
1778947162.9886892,management,beacon,d8:d7:75:45:81:24,ff:ff:ff:ff:ff:ff,ff:ff:ff:ff:ff:ff,d8:d7:75:45:81:24,d8:d7:75:45:81:24,FunBox2-8124,-45,1,2412,False,False
1778947163.0910919,management,beacon,d8:d7:75:45:81:24,ff:ff:ff:ff:ff:ff,ff:ff:ff:ff:ff:ff,d8:d7:75:45:81:24,d8:d7:75:45:81:24,FunBox2-8124,-41,1,2412,False,False
1778947163.1935234,management,beacon,d8:d7:75:45:81:24,ff:ff:ff:ff:ff:ff,ff:ff:ff:ff:ff:ff,d8:d7:75:45:81:24,d8:d7:75:45:81:24,FunBox2-8124,-40,1,2412,False,False
1778947163.2959573,management,beacon,d8:d7:75:45:81:24,ff:ff:ff:ff:ff:ff,ff:ff:ff:ff:ff:ff,d8:d7:75:45:81:24,d8:d7:75:45:81:24,FunBox2-8124,-41,1,2412,False,False
1778947163.3996367,management,beacon,d8:d7:75:45:81:24,ff:ff:ff:ff:ff:ff,ff:ff:ff:ff:ff:ff,d8:d7:75:45:81:24,d8:d7:75:45:81:24,FunBox2-8124,-44,1,2412,False,False
1778947163.5007906,management,beacon,d8:d7:75:45:81:24,ff:ff:ff:ff:ff:ff,ff:ff:ff:ff:ff:ff,d8:d7:75:45:81:24,d8:d7:75:45:81:24,FunBox2-8124,-40,1,2412,False,False
1778947163.6031048,management,beacon,d8:d7:75:45:81:24,ff:ff:ff:ff:ff:ff,ff:ff:ff:ff:ff:ff,d8:d7:75:45:81:24,d8:d7:75:45:81:24,FunBox2-8124,-40,1,2412,False,False
1778947163.7055707,management,beacon,d8:d7:75:45:81:24,ff:ff:ff:ff:ff:ff,ff:ff:ff:ff:ff:ff,d8:d7:75:45:81:24,d8:d7:75:45:81:24,FunBox2-8124,-39,1,2412,False,False
1778947163.8079562,management,beacon,d8:d7:75:45:81:24,ff:ff:ff:ff:ff:ff,ff:ff:ff:ff:ff:ff,d8:d7:75:45:81:24,d8:d7:75:45:81:24,FunBox2-8124,-39,1,2412,False,False
1778947163.9103625,management,beacon,d8:d7:75:45:81:24,ff:ff:ff:ff:ff:ff,ff:ff:ff:ff:ff:ff,d8:d7:75:45:81:24,d8:d7:75:45:81:24,FunBox2-8124,-39,1,2412,False,False
1778947164.0127237,management,beacon,d8:d7:75:45:81:24,ff:ff:ff:ff:ff:ff,ff:ff:ff:ff:ff:ff,d8:d7:75:45:81:24,d8:d7:75:45:81:24,FunBox2-8124,-39,1,2412,False,False
1778947164.0139093,data,null_data,50:02:91:e8:18:ec,d8:d7:75:45:81:24,d8:d7:75:45:81:24,50:02:91:e8:18:ec,d8:d7:75:45:81:24,,-80,1,2412,False,False
1778947164.013912,control,ack,,50:02:91:e8:18:ec,50:02:91:e8:18:ec,,,,-41,1,2412,False,False
1778947164.1151755,management,beacon,d8:d7:75:45:81:24,ff:ff:ff:ff:ff:ff,ff:ff:ff:ff:ff:ff,d8:d7:75:45:81:24,d8:d7:75:45:81:24,FunBox2-8124,-39,1,2412,False,False
1778947164.2175956,management,beacon,d8:d7:75:45:81:24,ff:ff:ff:ff:ff:ff,ff:ff:ff:ff:ff:ff,d8:d7:75:45:81:24,d8:d7:75:45:81:24,FunBox2-8124,-39,1,2412,False,False
1778947164.2550287,data,null_data,50:02:91:e8:18:ec,d8:d7:75:45:81:24,d8:d7:75:45:81:24,50:02:91:e8:18:ec,d8:d7:75:45:81:24,,-79,1,2412,False,True
1778947164.2550366,control,ack,,50:02:91:e8:18:ec,50:02:91:e8:18:ec,,,,-42,1,2412,False,False
1778947164.3199792,management,beacon,d8:d7:75:45:81:24,ff:ff:ff:ff:ff:ff,ff:ff:ff:ff:ff:ff,d8:d7:75:45:81:24,d8:d7:75:45:81:24,FunBox2-8124,-40,1,2412,False,False
1778947164.4223876,management,beacon,d8:d7:75:45:81:24,ff:ff:ff:ff:ff:ff,ff:ff:ff:ff:ff:ff,d8:d7:75:45:81:24,d8:d7:75:45:81:24,FunBox2-8124,-40,1,2412,False,False
1778947164.5248485,management,beacon,d8:d7:75:45:81:24,ff:ff:ff:ff:ff:ff,ff:ff:ff:ff:ff:ff,d8:d7:75:45:81:24,d8:d7:75:45:81:24,FunBox2-8124,-40,1,2412,False,False
1778947164.6271791,management,beacon,d8:d7:75:45:81:24,ff:ff:ff:ff:ff:ff,ff:ff:ff:ff:ff:ff,d8:d7:75:45:81:24,d8:d7:75:45:81:24,FunBox2-8124,-40,1,2412,False,False
1778947164.7295616,management,beacon,d8:d7:75:45:81:24,ff:ff:ff:ff:ff:ff,ff:ff:ff:ff:ff:ff,d8:d7:75:45:81:24,d8:d7:75:45:81:24,FunBox2-8124,-40,1,2412,False,False
1778947164.8319645,management,beacon,d8:d7:75:45:81:24,ff:ff:ff:ff:ff:ff,ff:ff:ff:ff:ff:ff,d8:d7:75:45:81:24,d8:d7:75:45:81:24,FunBox2-8124,-40,1,2412,False,False
1778947164.9343877,management,beacon,d8:d7:75:45:81:24,ff:ff:ff:ff:ff:ff,ff:ff:ff:ff:ff:ff,d8:d7:75:45:81:24,d8:d7:75:45:81:24,FunBox2-8124,-40,1,2412,False,False
1778947165.0368168,management,beacon,d8:d7:75:45:81:24,ff:ff:ff:ff:ff:ff,ff:ff:ff:ff:ff:ff,d8:d7:75:45:81:24,d8:d7:75:45:81:24,FunBox2-8124,-39,1,2412,False,False
1778947165.139209,management,beacon,d8:d7:75:45:81:24,ff:ff:ff:ff:ff:ff,ff:ff:ff:ff:ff:ff,d8:d7:75:45:81:24,d8:d7:75:45:81:24,FunBox2-8124,-39,1,2412,False,False
1778947165.2418656,management,beacon,d8:d7:75:45:81:24,ff:ff:ff:ff:ff:ff,ff:ff:ff:ff:ff:ff,d8:d7:75:45:81:24,d8:d7:75:45:81:24,FunBox2-8124,-44,1,2412,False,False
1778947165.4464257,management,beacon,d8:d7:75:45:81:24,ff:ff:ff:ff:ff:ff,ff:ff:ff:ff:ff:ff,d8:d7:75:45:81:24,d8:d7:75:45:81:24,FunBox2-8124,-40,1,2412,False,False
1778947165.5488284,management,beacon,d8:d7:75:45:81:24,ff:ff:ff:ff:ff:ff,ff:ff:ff:ff:ff:ff,d8:d7:75:45:81:24,d8:d7:75:45:81:24,FunBox2-8124,-45,1,2412,False,False
1778947165.5499911,data,null_data,50:02:91:e8:18:ec,d8:d7:75:45:81:24,d8:d7:75:45:81:24,50:02:91:e8:18:ec,d8:d7:75:45:81:24,,-81,1,2412,False,False
1778947165.5499964,control,ack,,50:02:91:e8:18:ec,50:02:91:e8:18:ec,,,,-47,1,2412,False,False
1778947165.6511936,management,beacon,d8:d7:75:45:81:24,ff:ff:ff:ff:ff:ff,ff:ff:ff:ff:ff:ff,d8:d7:75:45:81:24,d8:d7:75:45:81:24,FunBox2-8124,-38,1,2412,False,False
1778947165.75366,management,beacon,d8:d7:75:45:81:24,ff:ff:ff:ff:ff:ff,ff:ff:ff:ff:ff:ff,d8:d7:75:45:81:24,d8:d7:75:45:81:24,FunBox2-8124,-40,1,2412,False,False
1778947165.7908788,data,null_data,50:02:91:e8:18:ec,d8:d7:75:45:81:24,d8:d7:75:45:81:24,50:02:91:e8:18:ec,d8:d7:75:45:81:24,,-81,1,2412,False,False
1778947165.79089,control,ack,,50:02:91:e8:18:ec,50:02:91:e8:18:ec,,,,-41,1,2412,False,False
1778947165.8560166,management,beacon,d8:d7:75:45:81:24,ff:ff:ff:ff:ff:ff,ff:ff:ff:ff:ff:ff,d8:d7:75:45:81:24,d8:d7:75:45:81:24,FunBox2-8124,-39,1,2412,False,False
1778947165.9586766,management,beacon,d8:d7:75:45:81:24,ff:ff:ff:ff:ff:ff,ff:ff:ff:ff:ff:ff,d8:d7:75:45:81:24,d8:d7:75:45:81:24,FunBox2-8124,-44,1,2412,False,False
1778947166.0608385,management,beacon,d8:d7:75:45:81:24,ff:ff:ff:ff:ff:ff,ff:ff:ff:ff:ff:ff,d8:d7:75:45:81:24,d8:d7:75:45:81:24,FunBox2-8124,-38,1,2412,False,False
1778947166.1632457,management,beacon,d8:d7:75:45:81:24,ff:ff:ff:ff:ff:ff,ff:ff:ff:ff:ff:ff,d8:d7:75:45:81:24,d8:d7:75:45:81:24,FunBox2-8124,-44,1,2412,False,False
1778947166.2656314,management,beacon,d8:d7:75:45:81:24,ff:ff:ff:ff:ff:ff,ff:ff:ff:ff:ff:ff,d8:d7:75:45:81:24,d8:d7:75:45:81:24,FunBox2-8124,-39,1,2412,False,False
1778947166.3680289,management,beacon,d8:d7:75:45:81:24,ff:ff:ff:ff:ff:ff,ff:ff:ff:ff:ff:ff,d8:d7:75:45:81:24,d8:d7:75:45:81:24,FunBox2-8124,-39,1,2412,False,False
1778947166.5735245,management,beacon,d8:d7:75:45:81:24,ff:ff:ff:ff:ff:ff,ff:ff:ff:ff:ff:ff,d8:d7:75:45:81:24,d8:d7:75:45:81:24,FunBox2-8124,-40,1,2412,False,False
1778947166.6752112,management,beacon,d8:d7:75:45:81:24,ff:ff:ff:ff:ff:ff,ff:ff:ff:ff:ff:ff,d8:d7:75:45:81:24,d8:d7:75:45:81:24,FunBox2-8124,-40,1,2412,False,False
1778947166.7776203,management,beacon,d8:d7:75:45:81:24,ff:ff:ff:ff:ff:ff,ff:ff:ff:ff:ff:ff,d8:d7:75:45:81:24,d8:d7:75:45:81:24,FunBox2-8124,-39,1,2412,False,False
1778947166.8803163,management,beacon,d8:d7:75:45:81:24,ff:ff:ff:ff:ff:ff,ff:ff:ff:ff:ff:ff,d8:d7:75:45:81:24,d8:d7:75:45:81:24,FunBox2-8124,-45,1,2412,False,False
1778947166.881549,data,null_data,50:02:91:e8:18:ec,d8:d7:75:45:81:24,d8:d7:75:45:81:24,50:02:91:e8:18:ec,d8:d7:75:45:81:24,,-80,1,2412,False,False
1778947166.8815515,control,ack,,50:02:91:e8:18:ec,50:02:91:e8:18:ec,,,,-49,1,2412,False,False
1778947167.0848744,management,beacon,d8:d7:75:45:81:24,ff:ff:ff:ff:ff:ff,ff:ff:ff:ff:ff:ff,d8:d7:75:45:81:24,d8:d7:75:45:81:24,FunBox2-8124,-39,1,2412,False,False
1778947167.1224403,data,null_data,50:02:91:e8:18:ec,d8:d7:75:45:81:24,d8:d7:75:45:81:24,50:02:91:e8:18:ec,d8:d7:75:45:81:24,,-81,1,2412,False,False
1778947167.1224546,control,ack,,50:02:91:e8:18:ec,50:02:91:e8:18:ec,,,,-42,1,2412,False,False
1778947167.3920631,management,beacon,d8:d7:75:45:81:24,ff:ff:ff:ff:ff:ff,ff:ff:ff:ff:ff:ff,d8:d7:75:45:81:24,d8:d7:75:45:81:24,FunBox2-8124,-38,1,2412,False,False
1778947167.5968816,management,beacon,d8:d7:75:45:81:24,ff:ff:ff:ff:ff:ff,ff:ff:ff:ff:ff:ff,d8:d7:75:45:81:24,d8:d7:75:45:81:24,FunBox2-8124,-39,1,2412,False,False
1778947167.699633,management,beacon,d8:d7:75:45:81:24,ff:ff:ff:ff:ff:ff,ff:ff:ff:ff:ff:ff,d8:d7:75:45:81:24,d8:d7:75:45:81:24,FunBox2-8124,-39,1,2412,False,False
1778947167.8016765,management,beacon,d8:d7:75:45:81:24,ff:ff:ff:ff:ff:ff,ff:ff:ff:ff:ff:ff,d8:d7:75:45:81:24,d8:d7:75:45:81:24,FunBox2-8124,-40,1,2412,False,False
1778947167.9041173,management,beacon,d8:d7:75:45:81:24,ff:ff:ff:ff:ff:ff,ff:ff:ff:ff:ff:ff,d8:d7:75:45:81:24,d8:d7:75:45:81:24,FunBox2-8124,-38,1,2412,False,False
1778947168.1088815,management,beacon,d8:d7:75:45:81:24,ff:ff:ff:ff:ff:ff,ff:ff:ff:ff:ff:ff,d8:d7:75:45:81:24,d8:d7:75:45:81:24,FunBox2-8124,-39,1,2412,False,False
1778947168.2112727,management,beacon,d8:d7:75:45:81:24,ff:ff:ff:ff:ff:ff,ff:ff:ff:ff:ff:ff,d8:d7:75:45:81:24,d8:d7:75:45:81:24,FunBox2-8124,-39,1,2412,False,False
1778947168.313745,management,beacon,d8:d7:75:45:81:24,ff:ff:ff:ff:ff:ff,ff:ff:ff:ff:ff:ff,d8:d7:75:45:81:24,d8:d7:75:45:81:24,FunBox2-8124,-39,1,2412,False,False
1778947168.3148918,data,null_data,50:02:91:e8:18:ec,d8:d7:75:45:81:24,d8:d7:75:45:81:24,50:02:91:e8:18:ec,d8:d7:75:45:81:24,,-80,1,2412,False,False
1778947168.3148956,control,ack,,50:02:91:e8:18:ec,50:02:91:e8:18:ec,,,,-43,1,2412,False,False
1778947168.4160972,management,beacon,d8:d7:75:45:81:24,ff:ff:ff:ff:ff:ff,ff:ff:ff:ff:ff:ff,d8:d7:75:45:81:24,d8:d7:75:45:81:24,FunBox2-8124,-41,1,2412,False,False
1778947168.5557349,data,null_data,50:02:91:e8:18:ec,d8:d7:75:45:81:24,d8:d7:75:45:81:24,50:02:91:e8:18:ec,d8:d7:75:45:81:24,,-80,1,2412,False,False
1778947168.555747,control,ack,,50:02:91:e8:18:ec,50:02:91:e8:18:ec,,,,-41,1,2412,False,False
1778947168.6209304,management,beacon,d8:d7:75:45:81:24,ff:ff:ff:ff:ff:ff,ff:ff:ff:ff:ff:ff,d8:d7:75:45:81:24,d8:d7:75:45:81:24,FunBox2-8124,-41,1,2412,False,False
1778947168.7236137,management,beacon,d8:d7:75:45:81:24,ff:ff:ff:ff:ff:ff,ff:ff:ff:ff:ff:ff,d8:d7:75:45:81:24,d8:d7:75:45:81:24,FunBox2-8124,-44,1,2412,False,False
1778947168.8257577,management,beacon,d8:d7:75:45:81:24,ff:ff:ff:ff:ff:ff,ff:ff:ff:ff:ff:ff,d8:d7:75:45:81:24,d8:d7:75:45:81:24,FunBox2-8124,-40,1,2412,False,False
1778947168.928126,management,beacon,d8:d7:75:45:81:24,ff:ff:ff:ff:ff:ff,ff:ff:ff:ff:ff:ff,d8:d7:75:45:81:24,d8:d7:75:45:81:24,FunBox2-8124,-40,1,2412,False,False
1778947169.0305722,management,beacon,d8:d7:75:45:81:24,ff:ff:ff:ff:ff:ff,ff:ff:ff:ff:ff:ff,d8:d7:75:45:81:24,d8:d7:75:45:81:24,FunBox2-8124,-39,1,2412,False,False
1778947169.1332219,management,beacon,d8:d7:75:45:81:24,ff:ff:ff:ff:ff:ff,ff:ff:ff:ff:ff:ff,d8:d7:75:45:81:24,d8:d7:75:45:81:24,FunBox2-8124,-47,1,2412,False,False
1778947169.2353663,management,beacon,d8:d7:75:45:81:24,ff:ff:ff:ff:ff:ff,ff:ff:ff:ff:ff:ff,d8:d7:75:45:81:24,d8:d7:75:45:81:24,FunBox2-8124,-40,1,2412,False,False
1778947169.3380396,management,beacon,d8:d7:75:45:81:24,ff:ff:ff:ff:ff:ff,ff:ff:ff:ff:ff:ff,d8:d7:75:45:81:24,d8:d7:75:45:81:24,FunBox2-8124,-48,1,2412,False,False
1778947169.4404833,management,beacon,d8:d7:75:45:81:24,ff:ff:ff:ff:ff:ff,ff:ff:ff:ff:ff:ff,d8:d7:75:45:81:24,d8:d7:75:45:81:24,FunBox2-8124,-46,1,2412,False,False
1778947169.645,management,beacon,d8:d7:75:45:81:24,ff:ff:ff:ff:ff:ff,ff:ff:ff:ff:ff:ff,d8:d7:75:45:81:24,d8:d7:75:45:81:24,FunBox2-8124,-39,1,2412,False,False
1778947169.7473738,management,beacon,d8:d7:75:45:81:24,ff:ff:ff:ff:ff:ff,ff:ff:ff:ff:ff:ff,d8:d7:75:45:81:24,d8:d7:75:45:81:24,FunBox2-8124,-38,1,2412,False,False
1778947169.8144772,data,null_data,50:02:91:e8:18:ec,d8:d7:75:45:81:24,d8:d7:75:45:81:24,50:02:91:e8:18:ec,d8:d7:75:45:81:24,,-80,1,2412,False,False
1778947169.8144855,control,ack,,50:02:91:e8:18:ec,50:02:91:e8:18:ec,,,,-41,1,2412,False,False
1778947169.8497283,management,beacon,d8:d7:75:45:81:24,ff:ff:ff:ff:ff:ff,ff:ff:ff:ff:ff:ff,d8:d7:75:45:81:24,d8:d7:75:45:81:24,FunBox2-8124,-45,1,2412,False,False
1778947169.9521997,management,beacon,d8:d7:75:45:81:24,ff:ff:ff:ff:ff:ff,ff:ff:ff:ff:ff:ff,d8:d7:75:45:81:24,d8:d7:75:45:81:24,FunBox2-8124,-39,1,2412,False,False
1778947170.0559738,data,null_data,50:02:91:e8:18:ec,d8:d7:75:45:81:24,d8:d7:75:45:81:24,50:02:91:e8:18:ec,d8:d7:75:45:81:24,,-79,1,2412,False,False
1778947170.055986,control,ack,,50:02:91:e8:18:ec,50:02:91:e8:18:ec,,,,-47,1,2412,False,False
1778947170.1569507,management,beacon,d8:d7:75:45:81:24,ff:ff:ff:ff:ff:ff,ff:ff:ff:ff:ff:ff,d8:d7:75:45:81:24,d8:d7:75:45:81:24,FunBox2-8124,-40,1,2412,False,False
1778947170.1593018,data,data,d8:d7:75:45:81:24,01:00:5e:00:00:01,01:00:5e:00:00:01,d8:d7:75:45:81:24,d8:d7:75:45:81:24,,-39,1,2412,True,False
1778947170.159619,control,ack,,d8:d7:75:45:81:24,d8:d7:75:45:81:24,,,,-82,1,2412,False,False
1778947170.2593775,management,beacon,d8:d7:75:45:81:24,ff:ff:ff:ff:ff:ff,ff:ff:ff:ff:ff:ff,d8:d7:75:45:81:24,d8:d7:75:45:81:24,FunBox2-8124,-40,1,2412,False,False
1778947170.3617885,management,beacon,d8:d7:75:45:81:24,ff:ff:ff:ff:ff:ff,ff:ff:ff:ff:ff:ff,d8:d7:75:45:81:24,d8:d7:75:45:81:24,FunBox2-8124,-39,1,2412,False,False
1778947170.464273,management,beacon,d8:d7:75:45:81:24,ff:ff:ff:ff:ff:ff,ff:ff:ff:ff:ff:ff,d8:d7:75:45:81:24,d8:d7:75:45:81:24,FunBox2-8124,-44,1,2412,False,False
1778947170.6690366,management,beacon,d8:d7:75:45:81:24,ff:ff:ff:ff:ff:ff,ff:ff:ff:ff:ff:ff,d8:d7:75:45:81:24,d8:d7:75:45:81:24,FunBox2-8124,-39,1,2412,False,False
1778947170.7714205,management,beacon,d8:d7:75:45:81:24,ff:ff:ff:ff:ff:ff,ff:ff:ff:ff:ff:ff,d8:d7:75:45:81:24,d8:d7:75:45:81:24,FunBox2-8124,-40,1,2412,False,False
1778947170.8749378,management,beacon,d8:d7:75:45:81:24,ff:ff:ff:ff:ff:ff,ff:ff:ff:ff:ff:ff,d8:d7:75:45:81:24,d8:d7:75:45:81:24,FunBox2-8124,-40,1,2412,False,False
1778947170.9762967,management,beacon,d8:d7:75:45:81:24,ff:ff:ff:ff:ff:ff,ff:ff:ff:ff:ff:ff,d8:d7:75:45:81:24,d8:d7:75:45:81:24,FunBox2-8124,-40,1,2412,False,False
1778947171.07859,management,beacon,d8:d7:75:45:81:24,ff:ff:ff:ff:ff:ff,ff:ff:ff:ff:ff:ff,d8:d7:75:45:81:24,d8:d7:75:45:81:24,FunBox2-8124,-40,1,2412,False,False
1778947171.1810427,management,beacon,d8:d7:75:45:81:24,ff:ff:ff:ff:ff:ff,ff:ff:ff:ff:ff:ff,d8:d7:75:45:81:24,d8:d7:75:45:81:24,FunBox2-8124,-39,1,2412,False,False
1778947171.2834003,management,beacon,d8:d7:75:45:81:24,ff:ff:ff:ff:ff:ff,ff:ff:ff:ff:ff:ff,d8:d7:75:45:81:24,d8:d7:75:45:81:24,FunBox2-8124,-41,1,2412,False,False
1778947171.385821,management,beacon,d8:d7:75:45:81:24,ff:ff:ff:ff:ff:ff,ff:ff:ff:ff:ff:ff,d8:d7:75:45:81:24,d8:d7:75:45:81:24,FunBox2-8124,-40,1,2412,False,False
1778947171.387175,data,null_data,50:02:91:e8:18:ec,d8:d7:75:45:81:24,d8:d7:75:45:81:24,50:02:91:e8:18:ec,d8:d7:75:45:81:24,,-82,1,2412,False,False
1778947171.3871808,control,ack,,50:02:91:e8:18:ec,50:02:91:e8:18:ec,,,,-43,1,2412,False,False
1778947171.3871818,data,null_data,50:02:91:e8:18:ec,d8:d7:75:45:81:24,d8:d7:75:45:81:24,50:02:91:e8:18:ec,d8:d7:75:45:81:24,,-81,1,2412,False,True
1778947171.3871827,control,ack,,50:02:91:e8:18:ec,50:02:91:e8:18:ec,,,,-62,1,2412,False,False
1778947171.3876126,data,null_data,50:02:91:e8:18:ec,d8:d7:75:45:81:24,d8:d7:75:45:81:24,50:02:91:e8:18:ec,d8:d7:75:45:81:24,,-84,1,2412,False,True
1778947171.3876154,control,ack,,50:02:91:e8:18:ec,50:02:91:e8:18:ec,,,,-60,1,2412,False,False
1778947171.4882395,management,beacon,d8:d7:75:45:81:24,ff:ff:ff:ff:ff:ff,ff:ff:ff:ff:ff:ff,d8:d7:75:45:81:24,d8:d7:75:45:81:24,FunBox2-8124,-39,1,2412,False,False
1778947171.5169516,management,probe_request,5e:6b:a7:24:43:13,ff:ff:ff:ff:ff:ff,ff:ff:ff:ff:ff:ff,5e:6b:a7:24:43:13,ff:ff:ff:ff:ff:ff,<hidden>,-58,1,2412,False,False
1778947171.5201418,management,probe_response,d8:d7:75:45:81:24,5e:6b:a7:24:43:13,5e:6b:a7:24:43:13,d8:d7:75:45:81:24,d8:d7:75:45:81:24,FunBox2-8124,-39,1,2412,False,False
1778947171.5204382,control,ack,,d8:d7:75:45:81:24,d8:d7:75:45:81:24,,,,-59,1,2412,False,False
1778947171.5242288,control,ack,,ac:84:c6:41:71:22,ac:84:c6:41:71:22,,,,-60,1,2412,False,False
1778947171.5278423,control,ack,,ac:84:c6:41:71:22,ac:84:c6:41:71:22,,,,-60,1,2412,False,False
1778947171.5372622,management,probe_request,5e:6b:a7:24:43:13,ff:ff:ff:ff:ff:ff,ff:ff:ff:ff:ff:ff,5e:6b:a7:24:43:13,ff:ff:ff:ff:ff:ff,<hidden>,-62,1,2412,False,False
1778947171.540474,management,probe_response,d8:d7:75:45:81:24,5e:6b:a7:24:43:13,5e:6b:a7:24:43:13,d8:d7:75:45:81:24,d8:d7:75:45:81:24,FunBox2-8124,-42,1,2412,False,False
1778947171.5407877,control,ack,,d8:d7:75:45:81:24,d8:d7:75:45:81:24,,,,-56,1,2412,False,False
1778947171.5910127,management,beacon,d8:d7:75:45:81:24,ff:ff:ff:ff:ff:ff,ff:ff:ff:ff:ff:ff,d8:d7:75:45:81:24,d8:d7:75:45:81:24,FunBox2-8124,-54,1,2412,False,False
1778947171.6286492,data,null_data,50:02:91:e8:18:ec,d8:d7:75:45:81:24,d8:d7:75:45:81:24,50:02:91:e8:18:ec,d8:d7:75:45:81:24,,-80,1,2412,False,False
1778947171.6286566,control,ack,,50:02:91:e8:18:ec,50:02:91:e8:18:ec,,,,-46,1,2412,False,False
1778947171.6930325,management,beacon,d8:d7:75:45:81:24,ff:ff:ff:ff:ff:ff,ff:ff:ff:ff:ff:ff,d8:d7:75:45:81:24,d8:d7:75:45:81:24,FunBox2-8124,-43,1,2412,False,False
1778947171.7954519,management,beacon,d8:d7:75:45:81:24,ff:ff:ff:ff:ff:ff,ff:ff:ff:ff:ff:ff,d8:d7:75:45:81:24,d8:d7:75:45:81:24,FunBox2-8124,-46,1,2412,False,False
1778947171.897879,management,beacon,d8:d7:75:45:81:24,ff:ff:ff:ff:ff:ff,ff:ff:ff:ff:ff:ff,d8:d7:75:45:81:24,d8:d7:75:45:81:24,FunBox2-8124,-46,1,2412,False,False
1778947172.0002131,management,beacon,d8:d7:75:45:81:24,ff:ff:ff:ff:ff:ff,ff:ff:ff:ff:ff:ff,d8:d7:75:45:81:24,d8:d7:75:45:81:24,FunBox2-8124,-49,1,2412,False,False
1778947172.102667,management,beacon,d8:d7:75:45:81:24,ff:ff:ff:ff:ff:ff,ff:ff:ff:ff:ff:ff,d8:d7:75:45:81:24,d8:d7:75:45:81:24,FunBox2-8124,-55,1,2412,False,False
1778947172.2050855,management,beacon,d8:d7:75:45:81:24,ff:ff:ff:ff:ff:ff,ff:ff:ff:ff:ff:ff,d8:d7:75:45:81:24,d8:d7:75:45:81:24,FunBox2-8124,-54,1,2412,False,False
1778947172.307861,management,beacon,d8:d7:75:45:81:24,ff:ff:ff:ff:ff:ff,ff:ff:ff:ff:ff:ff,d8:d7:75:45:81:24,d8:d7:75:45:81:24,FunBox2-8124,-55,1,2412,False,False
1778947172.4098713,management,beacon,d8:d7:75:45:81:24,ff:ff:ff:ff:ff:ff,ff:ff:ff:ff:ff:ff,d8:d7:75:45:81:24,d8:d7:75:45:81:24,FunBox2-8124,-46,1,2412,False,False
1778947172.5122578,management,beacon,d8:d7:75:45:81:24,ff:ff:ff:ff:ff:ff,ff:ff:ff:ff:ff:ff,d8:d7:75:45:81:24,d8:d7:75:45:81:24,FunBox2-8124,-51,1,2412,False,False
1778947172.6146355,management,beacon,d8:d7:75:45:81:24,ff:ff:ff:ff:ff:ff,ff:ff:ff:ff:ff:ff,d8:d7:75:45:81:24,d8:d7:75:45:81:24,FunBox2-8124,-48,1,2412,False,False
1778947172.6157987,data,null_data,50:02:91:e8:18:ec,d8:d7:75:45:81:24,d8:d7:75:45:81:24,50:02:91:e8:18:ec,d8:d7:75:45:81:24,,-80,1,2412,False,False
1778947172.6158018,control,ack,,50:02:91:e8:18:ec,50:02:91:e8:18:ec,,,,-51,1,2412,False,False
1778947172.7174506,management,beacon,d8:d7:75:45:81:24,ff:ff:ff:ff:ff:ff,ff:ff:ff:ff:ff:ff,d8:d7:75:45:81:24,d8:d7:75:45:81:24,FunBox2-8124,-48,1,2412,False,False
1778947172.819461,management,beacon,d8:d7:75:45:81:24,ff:ff:ff:ff:ff:ff,ff:ff:ff:ff:ff:ff,d8:d7:75:45:81:24,d8:d7:75:45:81:24,FunBox2-8124,-53,1,2412,False,False
1778947172.857275,data,null_data,50:02:91:e8:18:ec,d8:d7:75:45:81:24,d8:d7:75:45:81:24,50:02:91:e8:18:ec,d8:d7:75:45:81:24,,-80,1,2412,False,False
1778947172.8572829,control,ack,,50:02:91:e8:18:ec,50:02:91:e8:18:ec,,,,-52,1,2412,False,False
1778947172.8572838,data,null_data,50:02:91:e8:18:ec,d8:d7:75:45:81:24,d8:d7:75:45:81:24,50:02:91:e8:18:ec,d8:d7:75:45:81:24,,-79,1,2412,False,True
1778947172.8572845,control,ack,,50:02:91:e8:18:ec,50:02:91:e8:18:ec,,,,-51,1,2412,False,False
1778947172.922291,management,beacon,d8:d7:75:45:81:24,ff:ff:ff:ff:ff:ff,ff:ff:ff:ff:ff:ff,d8:d7:75:45:81:24,d8:d7:75:45:81:24,FunBox2-8124,-46,1,2412,False,False
1778947173.0243177,management,beacon,d8:d7:75:45:81:24,ff:ff:ff:ff:ff:ff,ff:ff:ff:ff:ff:ff,d8:d7:75:45:81:24,d8:d7:75:45:81:24,FunBox2-8124,-47,1,2412,False,False
1778947173.1274314,management,beacon,d8:d7:75:45:81:24,ff:ff:ff:ff:ff:ff,ff:ff:ff:ff:ff:ff,d8:d7:75:45:81:24,d8:d7:75:45:81:24,FunBox2-8124,-48,1,2412,False,False
1778947173.2290823,management,beacon,d8:d7:75:45:81:24,ff:ff:ff:ff:ff:ff,ff:ff:ff:ff:ff:ff,d8:d7:75:45:81:24,d8:d7:75:45:81:24,FunBox2-8124,-50,1,2412,False,False
1778947173.2895257,data,qos_null,d8:d7:75:45:81:24,54:35:30:cf:ee:1e,54:35:30:cf:ee:1e,d8:d7:75:45:81:24,d8:d7:75:45:81:24,,-49,1,2412,False,False
1778947173.2898216,control,ack,,d8:d7:75:45:81:24,d8:d7:75:45:81:24,,,,-54,1,2412,False,False
1778947173.3537722,control,cts,,d8:d7:75:45:81:24,d8:d7:75:45:81:24,,,,-49,1,2412,False,False
1778947173.3978,control,cts,,d8:d7:75:45:81:24,d8:d7:75:45:81:24,,,,-47,1,2412,False,False
1778947173.4339125,management,beacon,d8:d7:75:45:81:24,ff:ff:ff:ff:ff:ff,ff:ff:ff:ff:ff:ff,d8:d7:75:45:81:24,d8:d7:75:45:81:24,FunBox2-8124,-47,1,2412,False,False
1778947173.5363004,management,beacon,d8:d7:75:45:81:24,ff:ff:ff:ff:ff:ff,ff:ff:ff:ff:ff:ff,d8:d7:75:45:81:24,d8:d7:75:45:81:24,FunBox2-8124,-55,1,2412,False,False
1778947173.644254,data,null_data,50:02:91:e8:18:ec,d8:d7:75:45:81:24,d8:d7:75:45:81:24,50:02:91:e8:18:ec,d8:d7:75:45:81:24,,-79,1,2412,False,False
1778947173.6442616,control,ack,,50:02:91:e8:18:ec,50:02:91:e8:18:ec,,,,-51,1,2412,False,False
1778947173.6447742,data,qos_null,d8:d7:75:45:81:24,50:02:91:e8:18:ec,50:02:91:e8:18:ec,d8:d7:75:45:81:24,d8:d7:75:45:81:24,,-46,1,2412,False,False
1778947173.6453004,control,ack,,d8:d7:75:45:81:24,d8:d7:75:45:81:24,,,,-81,1,2412,False,False
1778947173.645303,data,null_data,50:02:91:e8:18:ec,d8:d7:75:45:81:24,d8:d7:75:45:81:24,50:02:91:e8:18:ec,d8:d7:75:45:81:24,,-82,1,2412,False,True
1778947173.6453047,control,ack,,50:02:91:e8:18:ec,50:02:91:e8:18:ec,,,,-49,1,2412,False,False
1778947173.7411265,management,beacon,d8:d7:75:45:81:24,ff:ff:ff:ff:ff:ff,ff:ff:ff:ff:ff:ff,d8:d7:75:45:81:24,d8:d7:75:45:81:24,FunBox2-8124,-52,1,2412,False,False
1778947173.843522,management,beacon,d8:d7:75:45:81:24,ff:ff:ff:ff:ff:ff,ff:ff:ff:ff:ff:ff,d8:d7:75:45:81:24,d8:d7:75:45:81:24,FunBox2-8124,-51,1,2412,False,False
1778947173.886388,data,null_data,50:02:91:e8:18:ec,d8:d7:75:45:81:24,d8:d7:75:45:81:24,50:02:91:e8:18:ec,d8:d7:75:45:81:24,,-81,1,2412,False,False
1778947173.886401,control,ack,,50:02:91:e8:18:ec,50:02:91:e8:18:ec,,,,-55,1,2412,False,False
1778947173.8864021,data,null_data,50:02:91:e8:18:ec,d8:d7:75:45:81:24,d8:d7:75:45:81:24,50:02:91:e8:18:ec,d8:d7:75:45:81:24,,-82,1,2412,False,True
1778947173.8864028,control,ack,,50:02:91:e8:18:ec,50:02:91:e8:18:ec,,,,-51,1,2412,False,False
1778947174.048335,management,beacon,d8:d7:75:45:81:24,ff:ff:ff:ff:ff:ff,ff:ff:ff:ff:ff:ff,d8:d7:75:45:81:24,d8:d7:75:45:81:24,FunBox2-8124,-52,1,2412,False,False
1778947174.1507802,management,beacon,d8:d7:75:45:81:24,ff:ff:ff:ff:ff:ff,ff:ff:ff:ff:ff:ff,d8:d7:75:45:81:24,d8:d7:75:45:81:24,FunBox2-8124,-53,1,2412,False,False
1778947174.1519718,data,null_data,50:02:91:e8:18:ec,d8:d7:75:45:81:24,d8:d7:75:45:81:24,50:02:91:e8:18:ec,d8:d7:75:45:81:24,,-81,1,2412,False,False
1778947174.1519754,control,ack,,50:02:91:e8:18:ec,50:02:91:e8:18:ec,,,,-53,1,2412,False,False
1778947174.2531233,management,beacon,d8:d7:75:45:81:24,ff:ff:ff:ff:ff:ff,ff:ff:ff:ff:ff:ff,d8:d7:75:45:81:24,d8:d7:75:45:81:24,FunBox2-8124,-50,1,2412,False,False
1778947174.355543,management,beacon,d8:d7:75:45:81:24,ff:ff:ff:ff:ff:ff,ff:ff:ff:ff:ff:ff,d8:d7:75:45:81:24,d8:d7:75:45:81:24,FunBox2-8124,-50,1,2412,False,False
1778947174.392848,data,null_data,50:02:91:e8:18:ec,d8:d7:75:45:81:24,d8:d7:75:45:81:24,50:02:91:e8:18:ec,d8:d7:75:45:81:24,,-80,1,2412,False,False
1778947174.3928556,control,ack,,50:02:91:e8:18:ec,50:02:91:e8:18:ec,,,,-47,1,2412,False,False
1778947174.4579618,management,beacon,d8:d7:75:45:81:24,ff:ff:ff:ff:ff:ff,ff:ff:ff:ff:ff:ff,d8:d7:75:45:81:24,d8:d7:75:45:81:24,FunBox2-8124,-45,1,2412,False,False
1778947174.5611582,management,beacon,d8:d7:75:45:81:24,ff:ff:ff:ff:ff:ff,ff:ff:ff:ff:ff:ff,d8:d7:75:45:81:24,d8:d7:75:45:81:24,FunBox2-8124,-52,1,2412,False,False
1778947174.6627226,management,beacon,d8:d7:75:45:81:24,ff:ff:ff:ff:ff:ff,ff:ff:ff:ff:ff:ff,d8:d7:75:45:81:24,d8:d7:75:45:81:24,FunBox2-8124,-43,1,2412,False,False
1778947174.7651818,management,beacon,d8:d7:75:45:81:24,ff:ff:ff:ff:ff:ff,ff:ff:ff:ff:ff:ff,d8:d7:75:45:81:24,d8:d7:75:45:81:24,FunBox2-8124,-45,1,2412,False,False
1778947174.867564,management,beacon,d8:d7:75:45:81:24,ff:ff:ff:ff:ff:ff,ff:ff:ff:ff:ff:ff,d8:d7:75:45:81:24,d8:d7:75:45:81:24,FunBox2-8124,-53,1,2412,False,False
1778947174.969959,management,beacon,d8:d7:75:45:81:24,ff:ff:ff:ff:ff:ff,ff:ff:ff:ff:ff:ff,d8:d7:75:45:81:24,d8:d7:75:45:81:24,FunBox2-8124,-43,1,2412,False,False
1778947175.072349,management,beacon,d8:d7:75:45:81:24,ff:ff:ff:ff:ff:ff,ff:ff:ff:ff:ff:ff,d8:d7:75:45:81:24,d8:d7:75:45:81:24,FunBox2-8124,-44,1,2412,False,False
1778947175.1747725,management,beacon,d8:d7:75:45:81:24,ff:ff:ff:ff:ff:ff,ff:ff:ff:ff:ff:ff,d8:d7:75:45:81:24,d8:d7:75:45:81:24,FunBox2-8124,-40,1,2412,False,False
1778947175.2787771,management,beacon,d8:d7:75:45:81:24,ff:ff:ff:ff:ff:ff,ff:ff:ff:ff:ff:ff,d8:d7:75:45:81:24,d8:d7:75:45:81:24,FunBox2-8124,-40,1,2412,False,False
1778947175.3800306,management,beacon,d8:d7:75:45:81:24,ff:ff:ff:ff:ff:ff,ff:ff:ff:ff:ff:ff,d8:d7:75:45:81:24,d8:d7:75:45:81:24,FunBox2-8124,-46,1,2412,False,False
1778947175.3811963,data,null_data,50:02:91:e8:18:ec,d8:d7:75:45:81:24,d8:d7:75:45:81:24,50:02:91:e8:18:ec,d8:d7:75:45:81:24,,-81,1,2412,False,False
1778947175.3811996,control,ack,,50:02:91:e8:18:ec,50:02:91:e8:18:ec,,,,-49,1,2412,False,False
1778947175.4819677,management,beacon,d8:d7:75:45:81:24,ff:ff:ff:ff:ff:ff,ff:ff:ff:ff:ff:ff,d8:d7:75:45:81:24,d8:d7:75:45:81:24,FunBox2-8124,-40,1,2412,False,False
1778947175.5848403,management,beacon,d8:d7:75:45:81:24,ff:ff:ff:ff:ff:ff,ff:ff:ff:ff:ff:ff,d8:d7:75:45:81:24,d8:d7:75:45:81:24,FunBox2-8124,-47,1,2412,False,False
1778947175.6220913,data,null_data,50:02:91:e8:18:ec,d8:d7:75:45:81:24,d8:d7:75:45:81:24,50:02:91:e8:18:ec,d8:d7:75:45:81:24,,-82,1,2412,False,False
1778947175.622099,control,ack,,50:02:91:e8:18:ec,50:02:91:e8:18:ec,,,,-51,1,2412,False,False
1778947175.6869683,management,beacon,d8:d7:75:45:81:24,ff:ff:ff:ff:ff:ff,ff:ff:ff:ff:ff:ff,d8:d7:75:45:81:24,d8:d7:75:45:81:24,FunBox2-8124,-41,1,2412,False,False
1778947175.7891788,management,beacon,d8:d7:75:45:81:24,ff:ff:ff:ff:ff:ff,ff:ff:ff:ff:ff:ff,d8:d7:75:45:81:24,d8:d7:75:45:81:24,FunBox2-8124,-42,1,2412,False,False
1778947175.89156,management,beacon,d8:d7:75:45:81:24,ff:ff:ff:ff:ff:ff,ff:ff:ff:ff:ff:ff,d8:d7:75:45:81:24,d8:d7:75:45:81:24,FunBox2-8124,-42,1,2412,False,False
1778947175.9944158,management,beacon,d8:d7:75:45:81:24,ff:ff:ff:ff:ff:ff,ff:ff:ff:ff:ff:ff,d8:d7:75:45:81:24,d8:d7:75:45:81:24,FunBox2-8124,-43,1,2412,False,False
1778947176.0964413,management,beacon,d8:d7:75:45:81:24,ff:ff:ff:ff:ff:ff,ff:ff:ff:ff:ff:ff,d8:d7:75:45:81:24,d8:d7:75:45:81:24,FunBox2-8124,-41,1,2412,False,False
1778947176.2004402,management,beacon,d8:d7:75:45:81:24,ff:ff:ff:ff:ff:ff,ff:ff:ff:ff:ff:ff,d8:d7:75:45:81:24,d8:d7:75:45:81:24,FunBox2-8124,-43,1,2412,False,False
1778947176.3012223,management,beacon,d8:d7:75:45:81:24,ff:ff:ff:ff:ff:ff,ff:ff:ff:ff:ff:ff,d8:d7:75:45:81:24,d8:d7:75:45:81:24,FunBox2-8124,-44,1,2412,False,False
1778947176.4035945,management,beacon,d8:d7:75:45:81:24,ff:ff:ff:ff:ff:ff,ff:ff:ff:ff:ff:ff,d8:d7:75:45:81:24,d8:d7:75:45:81:24,FunBox2-8124,-41,1,2412,False,False
1778947176.5065057,management,beacon,d8:d7:75:45:81:24,ff:ff:ff:ff:ff:ff,ff:ff:ff:ff:ff:ff,d8:d7:75:45:81:24,d8:d7:75:45:81:24,FunBox2-8124,-44,1,2412,False,False
1778947176.6084127,management,beacon,d8:d7:75:45:81:24,ff:ff:ff:ff:ff:ff,ff:ff:ff:ff:ff:ff,d8:d7:75:45:81:24,d8:d7:75:45:81:24,FunBox2-8124,-41,1,2412,False,False
1778947176.6096566,control,ack,,50:02:91:e8:18:ec,50:02:91:e8:18:ec,,,,-44,1,2412,False,False
1778947176.7112973,management,beacon,d8:d7:75:45:81:24,ff:ff:ff:ff:ff:ff,ff:ff:ff:ff:ff:ff,d8:d7:75:45:81:24,d8:d7:75:45:81:24,FunBox2-8124,-45,1,2412,False,False
1778947176.8132515,management,beacon,d8:d7:75:45:81:24,ff:ff:ff:ff:ff:ff,ff:ff:ff:ff:ff:ff,d8:d7:75:45:81:24,d8:d7:75:45:81:24,FunBox2-8124,-42,1,2412,False,False
1778947176.8505425,data,null_data,50:02:91:e8:18:ec,d8:d7:75:45:81:24,d8:d7:75:45:81:24,50:02:91:e8:18:ec,d8:d7:75:45:81:24,,-80,1,2412,False,False
1778947176.8505547,control,ack,,50:02:91:e8:18:ec,50:02:91:e8:18:ec,,,,-45,1,2412,False,False
1778947176.9156425,management,beacon,d8:d7:75:45:81:24,ff:ff:ff:ff:ff:ff,ff:ff:ff:ff:ff:ff,d8:d7:75:45:81:24,d8:d7:75:45:81:24,FunBox2-8124,-41,1,2412,False,False
1778947177.0180511,management,beacon,d8:d7:75:45:81:24,ff:ff:ff:ff:ff:ff,ff:ff:ff:ff:ff:ff,d8:d7:75:45:81:24,d8:d7:75:45:81:24,FunBox2-8124,-40,1,2412,False,False
1778947177.1204274,management,beacon,d8:d7:75:45:81:24,ff:ff:ff:ff:ff:ff,ff:ff:ff:ff:ff:ff,d8:d7:75:45:81:24,d8:d7:75:45:81:24,FunBox2-8124,-42,1,2412,False,False
1778947177.222831,management,beacon,d8:d7:75:45:81:24,ff:ff:ff:ff:ff:ff,ff:ff:ff:ff:ff:ff,d8:d7:75:45:81:24,d8:d7:75:45:81:24,FunBox2-8124,-42,1,2412,False,False
1778947177.2242835,data,data,d8:d7:75:45:81:24,33:33:00:00:00:01,33:33:00:00:00:01,d8:d7:75:45:81:24,d8:d7:75:45:81:24,,-41,1,2412,True,False
1778947177.2247705,control,ack,,d8:d7:75:45:81:24,d8:d7:75:45:81:24,,,,-81,1,2412,False,False
1778947177.2247744,data,null_data,50:02:91:e8:18:ec,d8:d7:75:45:81:24,d8:d7:75:45:81:24,50:02:91:e8:18:ec,d8:d7:75:45:81:24,,-81,1,2412,False,False
1778947177.224776,control,ack,,50:02:91:e8:18:ec,50:02:91:e8:18:ec,,,,-48,1,2412,False,False
1778947177.3252356,management,beacon,d8:d7:75:45:81:24,ff:ff:ff:ff:ff:ff,ff:ff:ff:ff:ff:ff,d8:d7:75:45:81:24,d8:d7:75:45:81:24,FunBox2-8124,-41,1,2412,False,False
1778947177.4282784,management,beacon,d8:d7:75:45:81:24,ff:ff:ff:ff:ff:ff,ff:ff:ff:ff:ff:ff,d8:d7:75:45:81:24,d8:d7:75:45:81:24,FunBox2-8124,-43,1,2412,False,False
1778947177.4656334,data,null_data,50:02:91:e8:18:ec,d8:d7:75:45:81:24,d8:d7:75:45:81:24,50:02:91:e8:18:ec,d8:d7:75:45:81:24,,-81,1,2412,False,False
1778947177.4657764,data,null_data,50:02:91:e8:18:ec,d8:d7:75:45:81:24,d8:d7:75:45:81:24,50:02:91:e8:18:ec,d8:d7:75:45:81:24,,-79,1,2412,False,True
1778947177.4664712,data,null_data,50:02:91:e8:18:ec,d8:d7:75:45:81:24,d8:d7:75:45:81:24,50:02:91:e8:18:ec,d8:d7:75:45:81:24,,-81,1,2412,False,True
1778947177.46698,data,null_data,50:02:91:e8:18:ec,d8:d7:75:45:81:24,d8:d7:75:45:81:24,50:02:91:e8:18:ec,d8:d7:75:45:81:24,,-81,1,2412,False,True
1778947177.4675393,data,null_data,50:02:91:e8:18:ec,d8:d7:75:45:81:24,d8:d7:75:45:81:24,50:02:91:e8:18:ec,d8:d7:75:45:81:24,,-81,1,2412,False,True
1778947177.4680989,data,null_data,50:02:91:e8:18:ec,d8:d7:75:45:81:24,d8:d7:75:45:81:24,50:02:91:e8:18:ec,d8:d7:75:45:81:24,,-80,1,2412,False,True
1778947177.4683955,control,ack,,50:02:91:e8:18:ec,50:02:91:e8:18:ec,,,,-44,1,2412,False,False
1778947177.5300636,management,beacon,d8:d7:75:45:81:24,ff:ff:ff:ff:ff:ff,ff:ff:ff:ff:ff:ff,d8:d7:75:45:81:24,d8:d7:75:45:81:24,FunBox2-8124,-44,1,2412,False,False
1778947177.6324756,management,beacon,d8:d7:75:45:81:24,ff:ff:ff:ff:ff:ff,ff:ff:ff:ff:ff:ff,d8:d7:75:45:81:24,d8:d7:75:45:81:24,FunBox2-8124,-43,1,2412,False,False
1778947177.7369704,management,beacon,d8:d7:75:45:81:24,ff:ff:ff:ff:ff:ff,ff:ff:ff:ff:ff:ff,d8:d7:75:45:81:24,d8:d7:75:45:81:24,FunBox2-8124,-45,1,2412,False,False
1778947177.837756,management,beacon,d8:d7:75:45:81:24,ff:ff:ff:ff:ff:ff,ff:ff:ff:ff:ff:ff,d8:d7:75:45:81:24,d8:d7:75:45:81:24,FunBox2-8124,-43,1,2412,False,False
1778947177.9396667,management,beacon,d8:d7:75:45:81:24,ff:ff:ff:ff:ff:ff,ff:ff:ff:ff:ff:ff,d8:d7:75:45:81:24,d8:d7:75:45:81:24,FunBox2-8124,-41,1,2412,False,False
1778947178.0420547,management,beacon,d8:d7:75:45:81:24,ff:ff:ff:ff:ff:ff,ff:ff:ff:ff:ff:ff,d8:d7:75:45:81:24,d8:d7:75:45:81:24,FunBox2-8124,-41,1,2412,False,False
1778947178.1444788,management,beacon,d8:d7:75:45:81:24,ff:ff:ff:ff:ff:ff,ff:ff:ff:ff:ff:ff,d8:d7:75:45:81:24,d8:d7:75:45:81:24,FunBox2-8124,-44,1,2412,False,False
1778947178.2468574,management,beacon,d8:d7:75:45:81:24,ff:ff:ff:ff:ff:ff,ff:ff:ff:ff:ff:ff,d8:d7:75:45:81:24,d8:d7:75:45:81:24,FunBox2-8124,-41,1,2412,False,False
1778947178.2882652,data,qos_null,d8:d7:75:45:81:24,54:35:30:cf:ee:1e,54:35:30:cf:ee:1e,d8:d7:75:45:81:24,d8:d7:75:45:81:24,,-41,1,2412,False,False
1778947178.2885444,control,ack,,d8:d7:75:45:81:24,d8:d7:75:45:81:24,,,,-50,1,2412,False,False
1778947178.3496585,management,beacon,d8:d7:75:45:81:24,ff:ff:ff:ff:ff:ff,ff:ff:ff:ff:ff:ff,d8:d7:75:45:81:24,d8:d7:75:45:81:24,FunBox2-8124,-46,1,2412,False,False
1778947178.349672,control,rts,54:35:30:cf:ee:1e,d8:d7:75:45:81:24,d8:d7:75:45:81:24,54:35:30:cf:ee:1e,,,-53,1,2412,False,False
1778947178.349674,control,cts,,54:35:30:cf:ee:1e,54:35:30:cf:ee:1e,,,,-48,1,2412,False,False
1778947178.349677,data,qos_data,54:35:30:cf:ee:1e,d8:d7:75:45:81:24,d8:d7:75:45:81:24,54:35:30:cf:ee:1e,01:00:5e:7f:ff:fa,,-54,1,2412,True,False
1778947178.349681,control,block_ack,d8:d7:75:45:81:24,54:35:30:cf:ee:1e,54:35:30:cf:ee:1e,d8:d7:75:45:81:24,,,-48,1,2412,False,False
1778947178.4517243,management,beacon,d8:d7:75:45:81:24,ff:ff:ff:ff:ff:ff,ff:ff:ff:ff:ff:ff,d8:d7:75:45:81:24,d8:d7:75:45:81:24,FunBox2-8124,-42,1,2412,False,False
1778947178.452787,data,data,d8:d7:75:45:81:24,01:00:5e:7f:ff:fa,01:00:5e:7f:ff:fa,d8:d7:75:45:81:24,54:35:30:cf:ee:1e,,-41,1,2412,True,False
1778947178.4535282,control,ack,,d8:d7:75:45:81:24,d8:d7:75:45:81:24,,,,-81,1,2412,False,False
1778947178.4535308,data,null_data,50:02:91:e8:18:ec,d8:d7:75:45:81:24,d8:d7:75:45:81:24,50:02:91:e8:18:ec,d8:d7:75:45:81:24,,-81,1,2412,False,False
1778947178.4535325,control,ack,,50:02:91:e8:18:ec,50:02:91:e8:18:ec,,,,-47,1,2412,False,False
1778947178.4535334,data,null_data,50:02:91:e8:18:ec,d8:d7:75:45:81:24,d8:d7:75:45:81:24,50:02:91:e8:18:ec,d8:d7:75:45:81:24,,-81,1,2412,False,True
1778947178.4535344,control,ack,,50:02:91:e8:18:ec,50:02:91:e8:18:ec,,,,-48,1,2412,False,False
1778947178.4540355,data,qos_null,d8:d7:75:45:81:24,50:02:91:e8:18:ec,50:02:91:e8:18:ec,d8:d7:75:45:81:24,d8:d7:75:45:81:24,,-45,1,2412,False,False
1778947178.454352,control,ack,,d8:d7:75:45:81:24,d8:d7:75:45:81:24,,,,-80,1,2412,False,False
1778947178.5540617,management,beacon,d8:d7:75:45:81:24,ff:ff:ff:ff:ff:ff,ff:ff:ff:ff:ff:ff,d8:d7:75:45:81:24,d8:d7:75:45:81:24,FunBox2-8124,-41,1,2412,False,False
1778947178.6564877,management,beacon,d8:d7:75:45:81:24,ff:ff:ff:ff:ff:ff,ff:ff:ff:ff:ff:ff,d8:d7:75:45:81:24,d8:d7:75:45:81:24,FunBox2-8124,-48,1,2412,False,False
1778947178.6952674,data,null_data,50:02:91:e8:18:ec,d8:d7:75:45:81:24,d8:d7:75:45:81:24,50:02:91:e8:18:ec,d8:d7:75:45:81:24,,-80,1,2412,False,True
1778947178.6955767,data,null_data,50:02:91:e8:18:ec,d8:d7:75:45:81:24,d8:d7:75:45:81:24,50:02:91:e8:18:ec,d8:d7:75:45:81:24,,-80,1,2412,False,True
1778947178.6961331,data,null_data,50:02:91:e8:18:ec,d8:d7:75:45:81:24,d8:d7:75:45:81:24,50:02:91:e8:18:ec,d8:d7:75:45:81:24,,-80,1,2412,False,True
1778947178.6964455,control,ack,,50:02:91:e8:18:ec,50:02:91:e8:18:ec,,,,-43,1,2412,False,False
1778947178.6970582,data,null_data,50:02:91:e8:18:ec,d8:d7:75:45:81:24,d8:d7:75:45:81:24,50:02:91:e8:18:ec,d8:d7:75:45:81:24,,-81,1,2412,False,True
1778947178.697373,control,ack,,50:02:91:e8:18:ec,50:02:91:e8:18:ec,,,,-45,1,2412,False,False
1778947178.7588887,management,beacon,d8:d7:75:45:81:24,ff:ff:ff:ff:ff:ff,ff:ff:ff:ff:ff:ff,d8:d7:75:45:81:24,d8:d7:75:45:81:24,FunBox2-8124,-45,1,2412,False,False
1778947178.8617883,management,beacon,d8:d7:75:45:81:24,ff:ff:ff:ff:ff:ff,ff:ff:ff:ff:ff:ff,d8:d7:75:45:81:24,d8:d7:75:45:81:24,FunBox2-8124,-47,1,2412,False,False
1778947178.9636924,management,beacon,d8:d7:75:45:81:24,ff:ff:ff:ff:ff:ff,ff:ff:ff:ff:ff:ff,d8:d7:75:45:81:24,d8:d7:75:45:81:24,FunBox2-8124,-41,1,2412,False,False
1778947179.0660822,management,beacon,d8:d7:75:45:81:24,ff:ff:ff:ff:ff:ff,ff:ff:ff:ff:ff:ff,d8:d7:75:45:81:24,d8:d7:75:45:81:24,FunBox2-8124,-41,1,2412,False,False
1778947179.16848,management,beacon,d8:d7:75:45:81:24,ff:ff:ff:ff:ff:ff,ff:ff:ff:ff:ff:ff,d8:d7:75:45:81:24,d8:d7:75:45:81:24,FunBox2-8124,-41,1,2412,False,False
1778947179.27093,management,beacon,d8:d7:75:45:81:24,ff:ff:ff:ff:ff:ff,ff:ff:ff:ff:ff:ff,d8:d7:75:45:81:24,d8:d7:75:45:81:24,FunBox2-8124,-44,1,2412,False,False
1778947179.4757571,management,beacon,d8:d7:75:45:81:24,ff:ff:ff:ff:ff:ff,ff:ff:ff:ff:ff:ff,d8:d7:75:45:81:24,d8:d7:75:45:81:24,FunBox2-8124,-41,1,2412,False,False
1778947179.5781155,management,beacon,d8:d7:75:45:81:24,ff:ff:ff:ff:ff:ff,ff:ff:ff:ff:ff:ff,d8:d7:75:45:81:24,d8:d7:75:45:81:24,FunBox2-8124,-44,1,2412,False,False
1778947179.6805713,management,beacon,d8:d7:75:45:81:24,ff:ff:ff:ff:ff:ff,ff:ff:ff:ff:ff:ff,d8:d7:75:45:81:24,d8:d7:75:45:81:24,FunBox2-8124,-42,1,2412,False,False
1778947179.7829301,management,beacon,d8:d7:75:45:81:24,ff:ff:ff:ff:ff:ff,ff:ff:ff:ff:ff:ff,d8:d7:75:45:81:24,d8:d7:75:45:81:24,FunBox2-8124,-41,1,2412,False,False
1778947179.815033,data,null_data,50:02:91:e8:18:ec,d8:d7:75:45:81:24,d8:d7:75:45:81:24,50:02:91:e8:18:ec,d8:d7:75:45:81:24,,-80,1,2412,False,False
1778947179.8150532,control,ack,,50:02:91:e8:18:ec,50:02:91:e8:18:ec,,,,-44,1,2412,False,False
1778947179.947807,management,probe_request,6a:d0:0f:27:52:3e,ff:ff:ff:ff:ff:ff,ff:ff:ff:ff:ff:ff,6a:d0:0f:27:52:3e,ff:ff:ff:ff:ff:ff,<hidden>,-31,1,2412,False,False
1778947179.948114,control,ack,,6a:d0:0f:27:52:3e,6a:d0:0f:27:52:3e,,,,-81,1,2412,False,False
1778947179.9513998,management,probe_response,d8:d7:75:45:81:24,6a:d0:0f:27:52:3e,6a:d0:0f:27:52:3e,d8:d7:75:45:81:24,d8:d7:75:45:81:24,FunBox2-8124,-46,1,2412,False,False
1778947179.9517236,control,ack,,d8:d7:75:45:81:24,d8:d7:75:45:81:24,,,,-31,1,2412,False,False
1778947179.9877071,management,beacon,d8:d7:75:45:81:24,ff:ff:ff:ff:ff:ff,ff:ff:ff:ff:ff:ff,d8:d7:75:45:81:24,d8:d7:75:45:81:24,FunBox2-8124,-40,1,2412,False,False
1778947180.0152986,management,probe_request,6a:d0:0f:27:52:3e,ff:ff:ff:ff:ff:ff,ff:ff:ff:ff:ff:ff,6a:d0:0f:27:52:3e,ff:ff:ff:ff:ff:ff,<hidden>,-32,1,2412,False,False
1778947180.0156007,control,ack,,6a:d0:0f:27:52:3e,6a:d0:0f:27:52:3e,,,,-81,1,2412,False,False
1778947180.0188506,management,probe_response,d8:d7:75:45:81:24,6a:d0:0f:27:52:3e,6a:d0:0f:27:52:3e,d8:d7:75:45:81:24,d8:d7:75:45:81:24,FunBox2-8124,-45,1,2412,False,False
1778947180.0232425,management,probe_response,d8:d7:75:45:81:24,6a:d0:0f:27:52:3e,6a:d0:0f:27:52:3e,d8:d7:75:45:81:24,d8:d7:75:45:81:24,FunBox2-8124,-44,1,2412,False,True
1778947180.0235488,control,ack,,d8:d7:75:45:81:24,d8:d7:75:45:81:24,,,,-32,1,2412,False,False
1778947180.0277846,management,probe_response,d8:d7:75:45:81:24,6a:d0:0f:27:52:3e,6a:d0:0f:27:52:3e,d8:d7:75:45:81:24,d8:d7:75:45:81:24,FunBox2-8124,-48,1,2412,False,True
1778947180.0281017,control,ack,,d8:d7:75:45:81:24,d8:d7:75:45:81:24,,,,-31,1,2412,False,False
1778947180.0558465,data,null_data,50:02:91:e8:18:ec,d8:d7:75:45:81:24,d8:d7:75:45:81:24,50:02:91:e8:18:ec,d8:d7:75:45:81:24,,-80,1,2412,False,False
1778947180.0558593,control,ack,,50:02:91:e8:18:ec,50:02:91:e8:18:ec,,,,-43,1,2412,False,False
1778947180.1925883,management,beacon,d8:d7:75:45:81:24,ff:ff:ff:ff:ff:ff,ff:ff:ff:ff:ff:ff,d8:d7:75:45:81:24,d8:d7:75:45:81:24,FunBox2-8124,-41,1,2412,False,False
1778947180.2949255,management,beacon,d8:d7:75:45:81:24,ff:ff:ff:ff:ff:ff,ff:ff:ff:ff:ff:ff,d8:d7:75:45:81:24,d8:d7:75:45:81:24,FunBox2-8124,-42,1,2412,False,False
1778947180.500306,management,beacon,d8:d7:75:45:81:24,ff:ff:ff:ff:ff:ff,ff:ff:ff:ff:ff:ff,d8:d7:75:45:81:24,d8:d7:75:45:81:24,FunBox2-8124,-45,1,2412,False,False
1778947180.6021771,management,beacon,d8:d7:75:45:81:24,ff:ff:ff:ff:ff:ff,ff:ff:ff:ff:ff:ff,d8:d7:75:45:81:24,d8:d7:75:45:81:24,FunBox2-8124,-42,1,2412,False,False
1778947180.7045476,management,beacon,d8:d7:75:45:81:24,ff:ff:ff:ff:ff:ff,ff:ff:ff:ff:ff:ff,d8:d7:75:45:81:24,d8:d7:75:45:81:24,FunBox2-8124,-46,1,2412,False,False
1778947180.8111393,management,beacon,d8:d7:75:45:81:24,ff:ff:ff:ff:ff:ff,ff:ff:ff:ff:ff:ff,d8:d7:75:45:81:24,d8:d7:75:45:81:24,FunBox2-8124,-41,1,2412,False,False
1778947181.0117693,management,beacon,d8:d7:75:45:81:24,ff:ff:ff:ff:ff:ff,ff:ff:ff:ff:ff:ff,d8:d7:75:45:81:24,d8:d7:75:45:81:24,FunBox2-8124,-43,1,2412,False,False
1778947181.0517058,management,probe_request,52:a5:4e:1b:e5:1c,ff:ff:ff:ff:ff:ff,ff:ff:ff:ff:ff:ff,52:a5:4e:1b:e5:1c,ff:ff:ff:ff:ff:ff,<hidden>,-64,1,2412,False,False
1778947181.0549476,management,probe_response,d8:d7:75:45:81:24,52:a5:4e:1b:e5:1c,52:a5:4e:1b:e5:1c,d8:d7:75:45:81:24,d8:d7:75:45:81:24,FunBox2-8124,-46,1,2412,False,False
1778947181.0552475,control,ack,,d8:d7:75:45:81:24,d8:d7:75:45:81:24,,,,-64,1,2412,False,False
1778947181.0594254,control,ack,,ac:84:c6:41:71:22,ac:84:c6:41:71:22,,,,-63,1,2412,False,False
1778947181.0662568,control,ack,,ac:84:c6:41:71:22,ac:84:c6:41:71:22,,,,-60,1,2412,False,False
1778947181.0726767,management,probe_request,52:a5:4e:1b:e5:1c,ff:ff:ff:ff:ff:ff,ff:ff:ff:ff:ff:ff,52:a5:4e:1b:e5:1c,ff:ff:ff:ff:ff:ff,<hidden>,-60,1,2412,False,False
1778947181.0759113,management,probe_response,d8:d7:75:45:81:24,52:a5:4e:1b:e5:1c,52:a5:4e:1b:e5:1c,d8:d7:75:45:81:24,d8:d7:75:45:81:24,FunBox2-8124,-45,1,2412,False,False
1778947181.0761945,control,ack,,d8:d7:75:45:81:24,d8:d7:75:45:81:24,,,,-69,1,2412,False,False
1778947181.0798903,control,ack,,ac:84:c6:41:71:22,ac:84:c6:41:71:22,,,,-60,1,2412,False,False
1778947181.1143248,management,beacon,d8:d7:75:45:81:24,ff:ff:ff:ff:ff:ff,ff:ff:ff:ff:ff:ff,d8:d7:75:45:81:24,d8:d7:75:45:81:24,FunBox2-8124,-45,1,2412,False,False
1778947181.1603541,management,probe_request,52:a5:4e:1b:e5:1c,ff:ff:ff:ff:ff:ff,ff:ff:ff:ff:ff:ff,52:a5:4e:1b:e5:1c,ff:ff:ff:ff:ff:ff,<hidden>,-61,1,2412,False,False
1778947181.163618,management,probe_response,d8:d7:75:45:81:24,52:a5:4e:1b:e5:1c,52:a5:4e:1b:e5:1c,d8:d7:75:45:81:24,d8:d7:75:45:81:24,FunBox2-8124,-44,1,2412,False,False
1778947181.167547,management,probe_response,d8:d7:75:45:81:24,52:a5:4e:1b:e5:1c,52:a5:4e:1b:e5:1c,d8:d7:75:45:81:24,d8:d7:75:45:81:24,FunBox2-8124,-45,1,2412,False,True
1778947181.1715293,management,probe_response,d8:d7:75:45:81:24,52:a5:4e:1b:e5:1c,52:a5:4e:1b:e5:1c,d8:d7:75:45:81:24,d8:d7:75:45:81:24,FunBox2-8124,-45,1,2412,False,True
1778947181.1815643,management,probe_response,d8:d7:75:45:81:24,52:a5:4e:1b:e5:1c,52:a5:4e:1b:e5:1c,d8:d7:75:45:81:24,d8:d7:75:45:81:24,FunBox2-8124,-46,1,2412,False,True
1778947181.1861806,management,probe_response,d8:d7:75:45:81:24,52:a5:4e:1b:e5:1c,52:a5:4e:1b:e5:1c,d8:d7:75:45:81:24,d8:d7:75:45:81:24,FunBox2-8124,-46,1,2412,False,True
1778947181.2165813,management,beacon,d8:d7:75:45:81:24,ff:ff:ff:ff:ff:ff,ff:ff:ff:ff:ff:ff,d8:d7:75:45:81:24,d8:d7:75:45:81:24,FunBox2-8124,-44,1,2412,False,False
1778947181.2175655,data,data,d8:d7:75:45:81:24,ff:ff:ff:ff:ff:ff,ff:ff:ff:ff:ff:ff,d8:d7:75:45:81:24,d8:d7:75:45:81:24,,-46,1,2412,True,False
1778947181.2178795,control,ack,,d8:d7:75:45:81:24,d8:d7:75:45:81:24,,,,-80,1,2412,False,False
1778947181.2191494,data,data,d8:d7:75:45:81:24,ff:ff:ff:ff:ff:ff,ff:ff:ff:ff:ff:ff,d8:d7:75:45:81:24,d8:d7:75:45:81:24,,-45,1,2412,True,False
1778947181.2194657,control,ack,,d8:d7:75:45:81:24,d8:d7:75:45:81:24,,,,-80,1,2412,False,False
1778947181.3189797,management,beacon,d8:d7:75:45:81:24,ff:ff:ff:ff:ff:ff,ff:ff:ff:ff:ff:ff,d8:d7:75:45:81:24,d8:d7:75:45:81:24,FunBox2-8124,-50,1,2412,False,False
1778947181.3247776,data,null_data,50:02:91:e8:18:ec,d8:d7:75:45:81:24,d8:d7:75:45:81:24,50:02:91:e8:18:ec,d8:d7:75:45:81:24,,-81,1,2412,False,False
1778947181.3247843,control,ack,,50:02:91:e8:18:ec,50:02:91:e8:18:ec,,,,-47,1,2412,False,False
1778947181.5243926,management,beacon,d8:d7:75:45:81:24,ff:ff:ff:ff:ff:ff,ff:ff:ff:ff:ff:ff,d8:d7:75:45:81:24,d8:d7:75:45:81:24,FunBox2-8124,-44,1,2412,False,False
1778947181.565629,data,null_data,50:02:91:e8:18:ec,d8:d7:75:45:81:24,d8:d7:75:45:81:24,50:02:91:e8:18:ec,d8:d7:75:45:81:24,,-81,1,2412,False,False
1778947181.5656393,control,ack,,50:02:91:e8:18:ec,50:02:91:e8:18:ec,,,,-43,1,2412,False,False
1778947181.6262367,management,beacon,d8:d7:75:45:81:24,ff:ff:ff:ff:ff:ff,ff:ff:ff:ff:ff:ff,d8:d7:75:45:81:24,d8:d7:75:45:81:24,FunBox2-8124,-45,1,2412,False,False
1778947181.7285872,management,beacon,d8:d7:75:45:81:24,ff:ff:ff:ff:ff:ff,ff:ff:ff:ff:ff:ff,d8:d7:75:45:81:24,d8:d7:75:45:81:24,FunBox2-8124,-44,1,2412,False,False
1778947181.8310413,management,beacon,d8:d7:75:45:81:24,ff:ff:ff:ff:ff:ff,ff:ff:ff:ff:ff:ff,d8:d7:75:45:81:24,d8:d7:75:45:81:24,FunBox2-8124,-40,1,2412,False,False
1778947181.8322494,data,null_data,50:02:91:e8:18:ec,d8:d7:75:45:81:24,d8:d7:75:45:81:24,50:02:91:e8:18:ec,d8:d7:75:45:81:24,,-81,1,2412,False,False
1778947181.8322523,control,ack,,50:02:91:e8:18:ec,50:02:91:e8:18:ec,,,,-43,1,2412,False,False
1778947182.0374959,management,beacon,d8:d7:75:45:81:24,ff:ff:ff:ff:ff:ff,ff:ff:ff:ff:ff:ff,d8:d7:75:45:81:24,d8:d7:75:45:81:24,FunBox2-8124,-41,1,2412,False,False
1778947182.0731292,data,null_data,50:02:91:e8:18:ec,d8:d7:75:45:81:24,d8:d7:75:45:81:24,50:02:91:e8:18:ec,d8:d7:75:45:81:24,,-79,1,2412,False,False
1778947182.0731418,control,ack,,50:02:91:e8:18:ec,50:02:91:e8:18:ec,,,,-44,1,2412,False,False
1778947182.138224,management,beacon,d8:d7:75:45:81:24,ff:ff:ff:ff:ff:ff,ff:ff:ff:ff:ff:ff,d8:d7:75:45:81:24,d8:d7:75:45:81:24,FunBox2-8124,-44,1,2412,False,False
1778947182.2406275,management,beacon,d8:d7:75:45:81:24,ff:ff:ff:ff:ff:ff,ff:ff:ff:ff:ff:ff,d8:d7:75:45:81:24,d8:d7:75:45:81:24,FunBox2-8124,-41,1,2412,False,False
1778947182.3430367,management,beacon,d8:d7:75:45:81:24,ff:ff:ff:ff:ff:ff,ff:ff:ff:ff:ff:ff,d8:d7:75:45:81:24,d8:d7:75:45:81:24,FunBox2-8124,-40,1,2412,False,False
1778947182.5478296,management,beacon,d8:d7:75:45:81:24,ff:ff:ff:ff:ff:ff,ff:ff:ff:ff:ff:ff,d8:d7:75:45:81:24,d8:d7:75:45:81:24,FunBox2-8124,-43,1,2412,False,False
1778947182.651081,management,beacon,d8:d7:75:45:81:24,ff:ff:ff:ff:ff:ff,ff:ff:ff:ff:ff:ff,d8:d7:75:45:81:24,d8:d7:75:45:81:24,FunBox2-8124,-44,1,2412,False,False
1778947182.7526286,management,beacon,d8:d7:75:45:81:24,ff:ff:ff:ff:ff:ff,ff:ff:ff:ff:ff:ff,d8:d7:75:45:81:24,d8:d7:75:45:81:24,FunBox2-8124,-43,1,2412,False,False
1778947182.8550453,management,beacon,d8:d7:75:45:81:24,ff:ff:ff:ff:ff:ff,ff:ff:ff:ff:ff:ff,d8:d7:75:45:81:24,d8:d7:75:45:81:24,FunBox2-8124,-41,1,2412,False,False
1778947182.959455,management,beacon,d8:d7:75:45:81:24,ff:ff:ff:ff:ff:ff,ff:ff:ff:ff:ff:ff,d8:d7:75:45:81:24,d8:d7:75:45:81:24,FunBox2-8124,-41,1,2412,False,False
1778947183.0598898,management,beacon,d8:d7:75:45:81:24,ff:ff:ff:ff:ff:ff,ff:ff:ff:ff:ff:ff,d8:d7:75:45:81:24,d8:d7:75:45:81:24,FunBox2-8124,-42,1,2412,False,False
1778947183.16282,management,beacon,d8:d7:75:45:81:24,ff:ff:ff:ff:ff:ff,ff:ff:ff:ff:ff:ff,d8:d7:75:45:81:24,d8:d7:75:45:81:24,FunBox2-8124,-48,1,2412,False,False
1778947183.2646914,management,beacon,d8:d7:75:45:81:24,ff:ff:ff:ff:ff:ff,ff:ff:ff:ff:ff:ff,d8:d7:75:45:81:24,d8:d7:75:45:81:24,FunBox2-8124,-42,1,2412,False,False
1778947183.2901285,data,qos_null,d8:d7:75:45:81:24,54:35:30:cf:ee:1e,54:35:30:cf:ee:1e,d8:d7:75:45:81:24,d8:d7:75:45:81:24,,-40,1,2412,False,False
1778947183.2904267,control,ack,,d8:d7:75:45:81:24,d8:d7:75:45:81:24,,,,-50,1,2412,False,False
1778947183.367096,management,beacon,d8:d7:75:45:81:24,ff:ff:ff:ff:ff:ff,ff:ff:ff:ff:ff:ff,d8:d7:75:45:81:24,d8:d7:75:45:81:24,FunBox2-8124,-41,1,2412,False,False
1778947183.368214,data,null_data,50:02:91:e8:18:ec,d8:d7:75:45:81:24,d8:d7:75:45:81:24,50:02:91:e8:18:ec,d8:d7:75:45:81:24,,-79,1,2412,False,False
1778947183.3684194,data,null_data,50:02:91:e8:18:ec,d8:d7:75:45:81:24,d8:d7:75:45:81:24,50:02:91:e8:18:ec,d8:d7:75:45:81:24,,-79,1,2412,False,True
1778947183.368949,data,null_data,50:02:91:e8:18:ec,d8:d7:75:45:81:24,d8:d7:75:45:81:24,50:02:91:e8:18:ec,d8:d7:75:45:81:24,,-80,1,2412,False,True
1778947183.3689504,control,ack,,50:02:91:e8:18:ec,50:02:91:e8:18:ec,,,,-42,1,2412,False,False
1778947183.3694725,data,qos_null,d8:d7:75:45:81:24,50:02:91:e8:18:ec,50:02:91:e8:18:ec,d8:d7:75:45:81:24,d8:d7:75:45:81:24,,-43,1,2412,False,False
1778947183.3697894,control,ack,,d8:d7:75:45:81:24,d8:d7:75:45:81:24,,,,-80,1,2412,False,False
1778947183.5718365,management,beacon,d8:d7:75:45:81:24,ff:ff:ff:ff:ff:ff,ff:ff:ff:ff:ff:ff,d8:d7:75:45:81:24,d8:d7:75:45:81:24,FunBox2-8124,-41,1,2412,False,False
1778947183.610205,data,null_data,50:02:91:e8:18:ec,d8:d7:75:45:81:24,d8:d7:75:45:81:24,50:02:91:e8:18:ec,d8:d7:75:45:81:24,,-80,1,2412,False,False
1778947183.6102173,control,ack,,50:02:91:e8:18:ec,50:02:91:e8:18:ec,,,,-43,1,2412,False,False
1778947183.6157606,management,probe_request,6a:d0:0f:27:52:3e,ff:ff:ff:ff:ff:ff,ff:ff:ff:ff:ff:ff,6a:d0:0f:27:52:3e,ff:ff:ff:ff:ff:ff,<hidden>,-32,1,2412,False,False
1778947183.6190524,management,probe_response,d8:d7:75:45:81:24,6a:d0:0f:27:52:3e,6a:d0:0f:27:52:3e,d8:d7:75:45:81:24,d8:d7:75:45:81:24,FunBox2-8124,-42,1,2412,False,False
1778947183.619341,control,ack,,d8:d7:75:45:81:24,d8:d7:75:45:81:24,,,,-31,1,2412,False,False
1778947183.6333134,control,ack,,ac:84:c6:41:71:22,ac:84:c6:41:71:22,,,,-32,1,2412,False,False
1778947183.674325,management,beacon,d8:d7:75:45:81:24,ff:ff:ff:ff:ff:ff,ff:ff:ff:ff:ff:ff,d8:d7:75:45:81:24,d8:d7:75:45:81:24,FunBox2-8124,-40,1,2412,False,False
1778947183.6798139,management,probe_request,6a:d0:0f:27:52:3e,ff:ff:ff:ff:ff:ff,ff:ff:ff:ff:ff:ff,6a:d0:0f:27:52:3e,ff:ff:ff:ff:ff:ff,<hidden>,-32,1,2412,False,False
1778947183.7772455,management,beacon,d8:d7:75:45:81:24,ff:ff:ff:ff:ff:ff,ff:ff:ff:ff:ff:ff,d8:d7:75:45:81:24,d8:d7:75:45:81:24,FunBox2-8124,-44,1,2412,False,False
1778947183.879119,management,beacon,d8:d7:75:45:81:24,ff:ff:ff:ff:ff:ff,ff:ff:ff:ff:ff:ff,d8:d7:75:45:81:24,d8:d7:75:45:81:24,FunBox2-8124,-40,1,2412,False,False
1778947184.0838957,management,beacon,d8:d7:75:45:81:24,ff:ff:ff:ff:ff:ff,ff:ff:ff:ff:ff:ff,d8:d7:75:45:81:24,d8:d7:75:45:81:24,FunBox2-8124,-44,1,2412,False,False
1778947184.1863081,management,beacon,d8:d7:75:45:81:24,ff:ff:ff:ff:ff:ff,ff:ff:ff:ff:ff:ff,d8:d7:75:45:81:24,d8:d7:75:45:81:24,FunBox2-8124,-45,1,2412,False,False
1778947184.2887514,management,beacon,d8:d7:75:45:81:24,ff:ff:ff:ff:ff:ff,ff:ff:ff:ff:ff:ff,d8:d7:75:45:81:24,d8:d7:75:45:81:24,FunBox2-8124,-41,1,2412,False,False
1778947184.3911283,management,beacon,d8:d7:75:45:81:24,ff:ff:ff:ff:ff:ff,ff:ff:ff:ff:ff:ff,d8:d7:75:45:81:24,d8:d7:75:45:81:24,FunBox2-8124,-41,1,2412,False,False
1778947184.493521,management,beacon,d8:d7:75:45:81:24,ff:ff:ff:ff:ff:ff,ff:ff:ff:ff:ff:ff,d8:d7:75:45:81:24,d8:d7:75:45:81:24,FunBox2-8124,-40,1,2412,False,False
1778947184.595942,management,beacon,d8:d7:75:45:81:24,ff:ff:ff:ff:ff:ff,ff:ff:ff:ff:ff:ff,d8:d7:75:45:81:24,d8:d7:75:45:81:24,FunBox2-8124,-43,1,2412,False,False
1778947184.6983273,management,beacon,d8:d7:75:45:81:24,ff:ff:ff:ff:ff:ff,ff:ff:ff:ff:ff:ff,d8:d7:75:45:81:24,d8:d7:75:45:81:24,FunBox2-8124,-41,1,2412,False,False
1778947184.8023753,management,beacon,d8:d7:75:45:81:24,ff:ff:ff:ff:ff:ff,ff:ff:ff:ff:ff:ff,d8:d7:75:45:81:24,d8:d7:75:45:81:24,FunBox2-8124,-45,1,2412,False,False
1778947184.8334339,management,probe_request,62:4b:d1:50:fa:f1,ff:ff:ff:ff:ff:ff,ff:ff:ff:ff:ff:ff,62:4b:d1:50:fa:f1,ff:ff:ff:ff:ff:ff,<hidden>,-56,1,2412,False,False
1778947184.8366814,management,probe_response,d8:d7:75:45:81:24,62:4b:d1:50:fa:f1,62:4b:d1:50:fa:f1,d8:d7:75:45:81:24,d8:d7:75:45:81:24,FunBox2-8124,-43,1,2412,False,False
1778947184.836976,control,ack,,d8:d7:75:45:81:24,d8:d7:75:45:81:24,,,,-57,1,2412,False,False
1778947184.903147,management,beacon,d8:d7:75:45:81:24,ff:ff:ff:ff:ff:ff,ff:ff:ff:ff:ff:ff,d8:d7:75:45:81:24,d8:d7:75:45:81:24,FunBox2-8124,-41,1,2412,False,False
1778947184.904506,data,null_data,50:02:91:e8:18:ec,d8:d7:75:45:81:24,d8:d7:75:45:81:24,50:02:91:e8:18:ec,d8:d7:75:45:81:24,,-80,1,2412,False,False
1778947184.9045126,data,null_data,50:02:91:e8:18:ec,d8:d7:75:45:81:24,d8:d7:75:45:81:24,50:02:91:e8:18:ec,d8:d7:75:45:81:24,,-80,1,2412,False,True
1778947184.9045138,control,ack,,50:02:91:e8:18:ec,50:02:91:e8:18:ec,,,,-44,1,2412,False,False
1778947185.1095927,management,beacon,d8:d7:75:45:81:24,ff:ff:ff:ff:ff:ff,ff:ff:ff:ff:ff:ff,d8:d7:75:45:81:24,d8:d7:75:45:81:24,FunBox2-8124,-42,1,2412,False,False
1778947185.1453645,data,null_data,50:02:91:e8:18:ec,d8:d7:75:45:81:24,d8:d7:75:45:81:24,50:02:91:e8:18:ec,d8:d7:75:45:81:24,,-81,1,2412,False,False
1778947185.1453784,control,ack,,50:02:91:e8:18:ec,50:02:91:e8:18:ec,,,,-45,1,2412,False,False
1778947185.210318,management,beacon,d8:d7:75:45:81:24,ff:ff:ff:ff:ff:ff,ff:ff:ff:ff:ff:ff,d8:d7:75:45:81:24,d8:d7:75:45:81:24,FunBox2-8124,-45,1,2412,False,False
1778947185.212289,data,data,d8:d7:75:45:81:24,33:33:00:00:00:01,33:33:00:00:00:01,d8:d7:75:45:81:24,d8:d7:75:45:81:24,,-47,1,2412,True,False
1778947185.2127953,control,ack,,d8:d7:75:45:81:24,d8:d7:75:45:81:24,,,,-81,1,2412,False,False
1778947185.2127988,data,null_data,50:02:91:e8:18:ec,d8:d7:75:45:81:24,d8:d7:75:45:81:24,50:02:91:e8:18:ec,d8:d7:75:45:81:24,,-80,1,2412,False,False
1778947185.2128003,control,ack,,50:02:91:e8:18:ec,50:02:91:e8:18:ec,,,,-47,1,2412,False,False
1778947185.2144222,data,data,d8:d7:75:45:81:24,33:33:00:00:00:01,33:33:00:00:00:01,d8:d7:75:45:81:24,d8:d7:75:45:81:24,,-45,1,2412,True,False
1778947185.2147462,control,ack,,d8:d7:75:45:81:24,d8:d7:75:45:81:24,,,,-81,1,2412,False,False
1778947185.3127525,management,beacon,d8:d7:75:45:81:24,ff:ff:ff:ff:ff:ff,ff:ff:ff:ff:ff:ff,d8:d7:75:45:81:24,d8:d7:75:45:81:24,FunBox2-8124,-45,1,2412,False,False
1778947185.415215,management,beacon,d8:d7:75:45:81:24,ff:ff:ff:ff:ff:ff,ff:ff:ff:ff:ff:ff,d8:d7:75:45:81:24,d8:d7:75:45:81:24,FunBox2-8124,-44,1,2412,False,False
1778947185.455188,data,null_data,50:02:91:e8:18:ec,d8:d7:75:45:81:24,d8:d7:75:45:81:24,50:02:91:e8:18:ec,d8:d7:75:45:81:24,,-81,1,2412,False,False
1778947185.4551957,control,ack,,50:02:91:e8:18:ec,50:02:91:e8:18:ec,,,,-44,1,2412,False,False
1778947185.517583,management,beacon,d8:d7:75:45:81:24,ff:ff:ff:ff:ff:ff,ff:ff:ff:ff:ff:ff,d8:d7:75:45:81:24,d8:d7:75:45:81:24,FunBox2-8124,-44,1,2412,False,False
1778947185.619966,management,beacon,d8:d7:75:45:81:24,ff:ff:ff:ff:ff:ff,ff:ff:ff:ff:ff:ff,d8:d7:75:45:81:24,d8:d7:75:45:81:24,FunBox2-8124,-42,1,2412,False,False
1778947185.7224362,management,beacon,d8:d7:75:45:81:24,ff:ff:ff:ff:ff:ff,ff:ff:ff:ff:ff:ff,d8:d7:75:45:81:24,d8:d7:75:45:81:24,FunBox2-8124,-41,1,2412,False,False
1778947185.825402,management,beacon,d8:d7:75:45:81:24,ff:ff:ff:ff:ff:ff,ff:ff:ff:ff:ff:ff,d8:d7:75:45:81:24,d8:d7:75:45:81:24,FunBox2-8124,-43,1,2412,False,False
1778947185.927155,management,beacon,d8:d7:75:45:81:24,ff:ff:ff:ff:ff:ff,ff:ff:ff:ff:ff:ff,d8:d7:75:45:81:24,d8:d7:75:45:81:24,FunBox2-8124,-43,1,2412,False,False
1778947186.13287,management,beacon,d8:d7:75:45:81:24,ff:ff:ff:ff:ff:ff,ff:ff:ff:ff:ff:ff,d8:d7:75:45:81:24,d8:d7:75:45:81:24,FunBox2-8124,-45,1,2412,False,False
1778947186.1340532,data,null_data,50:02:91:e8:18:ec,d8:d7:75:45:81:24,d8:d7:75:45:81:24,50:02:91:e8:18:ec,d8:d7:75:45:81:24,,-79,1,2412,False,False
1778947186.1340568,control,ack,,50:02:91:e8:18:ec,50:02:91:e8:18:ec,,,,-49,1,2412,False,False
1778947186.1353803,data,data,d8:d7:75:45:81:24,33:33:00:00:00:01,33:33:00:00:00:01,d8:d7:75:45:81:24,d8:d7:75:45:81:24,,-46,1,2412,True,False
1778947186.135697,control,ack,,d8:d7:75:45:81:24,d8:d7:75:45:81:24,,,,-81,1,2412,False,False
1778947186.2344084,management,beacon,d8:d7:75:45:81:24,ff:ff:ff:ff:ff:ff,ff:ff:ff:ff:ff:ff,d8:d7:75:45:81:24,d8:d7:75:45:81:24,FunBox2-8124,-42,1,2412,False,False
1778947186.3384254,management,beacon,d8:d7:75:45:81:24,ff:ff:ff:ff:ff:ff,ff:ff:ff:ff:ff:ff,d8:d7:75:45:81:24,d8:d7:75:45:81:24,FunBox2-8124,-41,1,2412,False,False
1778947186.3761413,data,null_data,50:02:91:e8:18:ec,d8:d7:75:45:81:24,d8:d7:75:45:81:24,50:02:91:e8:18:ec,d8:d7:75:45:81:24,,-81,1,2412,False,False
1778947186.3761494,control,ack,,50:02:91:e8:18:ec,50:02:91:e8:18:ec,,,,-44,1,2412,False,False
1778947186.4392207,management,beacon,d8:d7:75:45:81:24,ff:ff:ff:ff:ff:ff,ff:ff:ff:ff:ff:ff,d8:d7:75:45:81:24,d8:d7:75:45:81:24,FunBox2-8124,-45,1,2412,False,False
1778947186.5422142,management,beacon,d8:d7:75:45:81:24,ff:ff:ff:ff:ff:ff,ff:ff:ff:ff:ff:ff,d8:d7:75:45:81:24,d8:d7:75:45:81:24,FunBox2-8124,-42,1,2412,False,False
1778947186.6460156,management,beacon,d8:d7:75:45:81:24,ff:ff:ff:ff:ff:ff,ff:ff:ff:ff:ff:ff,d8:d7:75:45:81:24,d8:d7:75:45:81:24,FunBox2-8124,-45,1,2412,False,False
1778947186.7464242,management,beacon,d8:d7:75:45:81:24,ff:ff:ff:ff:ff:ff,ff:ff:ff:ff:ff:ff,d8:d7:75:45:81:24,d8:d7:75:45:81:24,FunBox2-8124,-42,1,2412,False,False
1778947186.8488073,management,beacon,d8:d7:75:45:81:24,ff:ff:ff:ff:ff:ff,ff:ff:ff:ff:ff:ff,d8:d7:75:45:81:24,d8:d7:75:45:81:24,FunBox2-8124,-45,1,2412,False,False
1778947186.9512558,management,beacon,d8:d7:75:45:81:24,ff:ff:ff:ff:ff:ff,ff:ff:ff:ff:ff:ff,d8:d7:75:45:81:24,d8:d7:75:45:81:24,FunBox2-8124,-44,1,2412,False,False
1778947187.0536163,management,beacon,d8:d7:75:45:81:24,ff:ff:ff:ff:ff:ff,ff:ff:ff:ff:ff:ff,d8:d7:75:45:81:24,d8:d7:75:45:81:24,FunBox2-8124,-42,1,2412,False,False
1778947187.1559932,management,beacon,d8:d7:75:45:81:24,ff:ff:ff:ff:ff:ff,ff:ff:ff:ff:ff:ff,d8:d7:75:45:81:24,d8:d7:75:45:81:24,FunBox2-8124,-43,1,2412,False,False
1778947187.2604425,management,beacon,d8:d7:75:45:81:24,ff:ff:ff:ff:ff:ff,ff:ff:ff:ff:ff:ff,d8:d7:75:45:81:24,d8:d7:75:45:81:24,FunBox2-8124,-42,1,2412,False,False
1778947187.299785,management,probe_request,6a:d0:0f:27:52:3e,ff:ff:ff:ff:ff:ff,ff:ff:ff:ff:ff:ff,6a:d0:0f:27:52:3e,ff:ff:ff:ff:ff:ff,<hidden>,-32,1,2412,False,False
1778947187.3030543,management,probe_response,d8:d7:75:45:81:24,6a:d0:0f:27:52:3e,6a:d0:0f:27:52:3e,d8:d7:75:45:81:24,d8:d7:75:45:81:24,FunBox2-8124,-43,1,2412,False,False
1778947187.3033607,control,ack,,d8:d7:75:45:81:24,d8:d7:75:45:81:24,,,,-31,1,2412,False,False
1778947187.360807,management,beacon,d8:d7:75:45:81:24,ff:ff:ff:ff:ff:ff,ff:ff:ff:ff:ff:ff,d8:d7:75:45:81:24,d8:d7:75:45:81:24,FunBox2-8124,-45,1,2412,False,False
1778947187.3638725,management,probe_request,6a:d0:0f:27:52:3e,ff:ff:ff:ff:ff:ff,ff:ff:ff:ff:ff:ff,6a:d0:0f:27:52:3e,ff:ff:ff:ff:ff:ff,<hidden>,-33,1,2412,False,False
1778947187.3671713,management,probe_response,d8:d7:75:45:81:24,6a:d0:0f:27:52:3e,6a:d0:0f:27:52:3e,d8:d7:75:45:81:24,d8:d7:75:45:81:24,FunBox2-8124,-42,1,2412,False,False
1778947187.3674824,control,ack,,d8:d7:75:45:81:24,d8:d7:75:45:81:24,,,,-33,1,2412,False,False
1778947187.371145,management,probe_response,d8:d7:75:45:81:24,6a:d0:0f:27:52:3e,6a:d0:0f:27:52:3e,d8:d7:75:45:81:24,d8:d7:75:45:81:24,FunBox2-8124,-42,1,2412,False,True
1778947187.3714464,control,ack,,d8:d7:75:45:81:24,d8:d7:75:45:81:24,,,,-33,1,2412,False,False
1778947187.4632032,management,beacon,d8:d7:75:45:81:24,ff:ff:ff:ff:ff:ff,ff:ff:ff:ff:ff:ff,d8:d7:75:45:81:24,d8:d7:75:45:81:24,FunBox2-8124,-45,1,2412,False,False
1778947187.5656402,management,beacon,d8:d7:75:45:81:24,ff:ff:ff:ff:ff:ff,ff:ff:ff:ff:ff:ff,d8:d7:75:45:81:24,d8:d7:75:45:81:24,FunBox2-8124,-42,1,2412,False,False
1778947187.6680124,management,beacon,d8:d7:75:45:81:24,ff:ff:ff:ff:ff:ff,ff:ff:ff:ff:ff:ff,d8:d7:75:45:81:24,d8:d7:75:45:81:24,FunBox2-8124,-43,1,2412,False,False
1778947187.77043,management,beacon,d8:d7:75:45:81:24,ff:ff:ff:ff:ff:ff,ff:ff:ff:ff:ff:ff,d8:d7:75:45:81:24,d8:d7:75:45:81:24,FunBox2-8124,-42,1,2412,False,False
1778947187.8745515,management,beacon,d8:d7:75:45:81:24,ff:ff:ff:ff:ff:ff,ff:ff:ff:ff:ff:ff,d8:d7:75:45:81:24,d8:d7:75:45:81:24,FunBox2-8124,-45,1,2412,False,False
1778947187.9752657,management,beacon,d8:d7:75:45:81:24,ff:ff:ff:ff:ff:ff,ff:ff:ff:ff:ff:ff,d8:d7:75:45:81:24,d8:d7:75:45:81:24,FunBox2-8124,-42,1,2412,False,False
1778947187.9765687,data,null_data,50:02:91:e8:18:ec,d8:d7:75:45:81:24,d8:d7:75:45:81:24,50:02:91:e8:18:ec,d8:d7:75:45:81:24,,-81,1,2412,False,False
1778947187.9765732,data,null_data,50:02:91:e8:18:ec,d8:d7:75:45:81:24,d8:d7:75:45:81:24,50:02:91:e8:18:ec,d8:d7:75:45:81:24,,-81,1,2412,False,True
1778947187.977306,data,null_data,50:02:91:e8:18:ec,d8:d7:75:45:81:24,d8:d7:75:45:81:24,50:02:91:e8:18:ec,d8:d7:75:45:81:24,,-81,1,2412,False,True
1778947187.9778554,data,null_data,50:02:91:e8:18:ec,d8:d7:75:45:81:24,d8:d7:75:45:81:24,50:02:91:e8:18:ec,d8:d7:75:45:81:24,,-80,1,2412,False,True
1778947187.9783902,data,null_data,50:02:91:e8:18:ec,d8:d7:75:45:81:24,d8:d7:75:45:81:24,50:02:91:e8:18:ec,d8:d7:75:45:81:24,,-81,1,2412,False,True
1778947187.978957,data,null_data,50:02:91:e8:18:ec,d8:d7:75:45:81:24,d8:d7:75:45:81:24,50:02:91:e8:18:ec,d8:d7:75:45:81:24,,-80,1,2412,False,True
1778947187.9792686,control,ack,,50:02:91:e8:18:ec,50:02:91:e8:18:ec,,,,-43,1,2412,False,False
1778947188.1817458,management,beacon,d8:d7:75:45:81:24,ff:ff:ff:ff:ff:ff,ff:ff:ff:ff:ff:ff,d8:d7:75:45:81:24,d8:d7:75:45:81:24,FunBox2-8124,-42,1,2412,False,False
1778947188.2203467,data,null_data,50:02:91:e8:18:ec,d8:d7:75:45:81:24,d8:d7:75:45:81:24,50:02:91:e8:18:ec,d8:d7:75:45:81:24,,-81,1,2412,False,False
1778947188.220356,control,ack,,50:02:91:e8:18:ec,50:02:91:e8:18:ec,,,,-45,1,2412,False,False
1778947188.2824855,management,beacon,d8:d7:75:45:81:24,ff:ff:ff:ff:ff:ff,ff:ff:ff:ff:ff:ff,d8:d7:75:45:81:24,d8:d7:75:45:81:24,FunBox2-8124,-44,1,2412,False,False
1778947188.38485,management,beacon,d8:d7:75:45:81:24,ff:ff:ff:ff:ff:ff,ff:ff:ff:ff:ff:ff,d8:d7:75:45:81:24,d8:d7:75:45:81:24,FunBox2-8124,-43,1,2412,False,False
1778947188.48896,management,beacon,d8:d7:75:45:81:24,ff:ff:ff:ff:ff:ff,ff:ff:ff:ff:ff:ff,d8:d7:75:45:81:24,d8:d7:75:45:81:24,FunBox2-8124,-43,1,2412,False,False
1778947188.5896842,management,beacon,d8:d7:75:45:81:24,ff:ff:ff:ff:ff:ff,ff:ff:ff:ff:ff:ff,d8:d7:75:45:81:24,d8:d7:75:45:81:24,FunBox2-8124,-42,1,2412,False,False
1778947188.6920528,management,beacon,d8:d7:75:45:81:24,ff:ff:ff:ff:ff:ff,ff:ff:ff:ff:ff:ff,d8:d7:75:45:81:24,d8:d7:75:45:81:24,FunBox2-8124,-45,1,2412,False,False
1778947188.7944748,management,beacon,d8:d7:75:45:81:24,ff:ff:ff:ff:ff:ff,ff:ff:ff:ff:ff:ff,d8:d7:75:45:81:24,d8:d7:75:45:81:24,FunBox2-8124,-43,1,2412,False,False
1778947188.8969092,management,beacon,d8:d7:75:45:81:24,ff:ff:ff:ff:ff:ff,ff:ff:ff:ff:ff:ff,d8:d7:75:45:81:24,d8:d7:75:45:81:24,FunBox2-8124,-42,1,2412,False,False
1778947188.9992702,management,beacon,d8:d7:75:45:81:24,ff:ff:ff:ff:ff:ff,ff:ff:ff:ff:ff:ff,d8:d7:75:45:81:24,d8:d7:75:45:81:24,FunBox2-8124,-42,1,2412,False,False
1778947189.0048583,data,null_data,50:02:91:e8:18:ec,d8:d7:75:45:81:24,d8:d7:75:45:81:24,50:02:91:e8:18:ec,d8:d7:75:45:81:24,,-80,1,2412,False,False
1778947189.0048645,control,ack,,50:02:91:e8:18:ec,50:02:91:e8:18:ec,,,,-45,1,2412,False,False
1778947189.1033847,management,beacon,d8:d7:75:45:81:24,ff:ff:ff:ff:ff:ff,ff:ff:ff:ff:ff:ff,d8:d7:75:45:81:24,d8:d7:75:45:81:24,FunBox2-8124,-43,1,2412,False,False
1778947189.204085,management,beacon,d8:d7:75:45:81:24,ff:ff:ff:ff:ff:ff,ff:ff:ff:ff:ff:ff,d8:d7:75:45:81:24,d8:d7:75:45:81:24,FunBox2-8124,-45,1,2412,False,False
1778947189.245732,data,null_data,50:02:91:e8:18:ec,d8:d7:75:45:81:24,d8:d7:75:45:81:24,50:02:91:e8:18:ec,d8:d7:75:45:81:24,,-83,1,2412,False,False
1778947189.2457387,control,ack,,50:02:91:e8:18:ec,50:02:91:e8:18:ec,,,,-45,1,2412,False,False
1778947189.307192,management,beacon,d8:d7:75:45:81:24,ff:ff:ff:ff:ff:ff,ff:ff:ff:ff:ff:ff,d8:d7:75:45:81:24,d8:d7:75:45:81:24,FunBox2-8124,-45,1,2412,False,False
1778947189.4108152,management,beacon,d8:d7:75:45:81:24,ff:ff:ff:ff:ff:ff,ff:ff:ff:ff:ff:ff,d8:d7:75:45:81:24,d8:d7:75:45:81:24,FunBox2-8124,-45,1,2412,False,False
1778947189.511314,management,beacon,d8:d7:75:45:81:24,ff:ff:ff:ff:ff:ff,ff:ff:ff:ff:ff:ff,d8:d7:75:45:81:24,d8:d7:75:45:81:24,FunBox2-8124,-42,1,2412,False,False
1778947189.6144204,management,beacon,d8:d7:75:45:81:24,ff:ff:ff:ff:ff:ff,ff:ff:ff:ff:ff:ff,d8:d7:75:45:81:24,d8:d7:75:45:81:24,FunBox2-8124,-42,1,2412,False,False
1778947189.716081,management,beacon,d8:d7:75:45:81:24,ff:ff:ff:ff:ff:ff,ff:ff:ff:ff:ff:ff,d8:d7:75:45:81:24,d8:d7:75:45:81:24,FunBox2-8124,-42,1,2412,False,False
1778947189.8143961,data,null_data,50:02:91:e8:18:ec,d8:d7:75:45:81:24,d8:d7:75:45:81:24,50:02:91:e8:18:ec,d8:d7:75:45:81:24,,-80,1,2412,False,False
1778947189.81441,control,ack,,50:02:91:e8:18:ec,50:02:91:e8:18:ec,,,,-48,1,2412,False,False
1778947189.8192005,management,beacon,d8:d7:75:45:81:24,ff:ff:ff:ff:ff:ff,ff:ff:ff:ff:ff:ff,d8:d7:75:45:81:24,d8:d7:75:45:81:24,FunBox2-8124,-46,1,2412,False,False
1778947189.9209485,management,beacon,d8:d7:75:45:81:24,ff:ff:ff:ff:ff:ff,ff:ff:ff:ff:ff:ff,d8:d7:75:45:81:24,d8:d7:75:45:81:24,FunBox2-8124,-44,1,2412,False,False
1778947190.024988,management,beacon,d8:d7:75:45:81:24,ff:ff:ff:ff:ff:ff,ff:ff:ff:ff:ff:ff,d8:d7:75:45:81:24,d8:d7:75:45:81:24,FunBox2-8124,-41,1,2412,False,False
1778947190.0451498,data,data,d8:d7:75:45:81:24,33:33:00:00:00:01,33:33:00:00:00:01,d8:d7:75:45:81:24,d8:d7:75:45:81:24,,-42,1,2412,True,False
1778947190.0454268,control,ack,,d8:d7:75:45:81:24,d8:d7:75:45:81:24,,,,-81,1,2412,False,False
1778947190.125705,management,beacon,d8:d7:75:45:81:24,ff:ff:ff:ff:ff:ff,ff:ff:ff:ff:ff:ff,d8:d7:75:45:81:24,d8:d7:75:45:81:24,FunBox2-8124,-42,1,2412,False,False
1778947190.2288136,management,beacon,d8:d7:75:45:81:24,ff:ff:ff:ff:ff:ff,ff:ff:ff:ff:ff:ff,d8:d7:75:45:81:24,d8:d7:75:45:81:24,FunBox2-8124,-46,1,2412,False,False
1778947190.286092,data,null_data,50:02:91:e8:18:ec,d8:d7:75:45:81:24,d8:d7:75:45:81:24,50:02:91:e8:18:ec,d8:d7:75:45:81:24,,-81,1,2412,False,False
1778947190.2861073,data,null_data,50:02:91:e8:18:ec,d8:d7:75:45:81:24,d8:d7:75:45:81:24,50:02:91:e8:18:ec,d8:d7:75:45:81:24,,-80,1,2412,False,True
1778947190.28611,control,ack,,50:02:91:e8:18:ec,50:02:91:e8:18:ec,,,,-43,1,2412,False,False
1778947190.3322897,management,beacon,d8:d7:75:45:81:24,ff:ff:ff:ff:ff:ff,ff:ff:ff:ff:ff:ff,d8:d7:75:45:81:24,d8:d7:75:45:81:24,FunBox2-8124,-43,1,2412,False,False
1778947190.4336472,management,beacon,d8:d7:75:45:81:24,ff:ff:ff:ff:ff:ff,ff:ff:ff:ff:ff:ff,d8:d7:75:45:81:24,d8:d7:75:45:81:24,FunBox2-8124,-45,1,2412,False,False
1778947190.4348426,data,null_data,50:02:91:e8:18:ec,d8:d7:75:45:81:24,d8:d7:75:45:81:24,50:02:91:e8:18:ec,d8:d7:75:45:81:24,,-81,1,2412,False,False
1778947190.4348478,control,ack,,50:02:91:e8:18:ec,50:02:91:e8:18:ec,,,,-49,1,2412,False,False
1778947190.5353541,management,beacon,d8:d7:75:45:81:24,ff:ff:ff:ff:ff:ff,ff:ff:ff:ff:ff:ff,d8:d7:75:45:81:24,d8:d7:75:45:81:24,FunBox2-8124,-42,1,2412,False,False
1778947190.6394372,management,beacon,d8:d7:75:45:81:24,ff:ff:ff:ff:ff:ff,ff:ff:ff:ff:ff:ff,d8:d7:75:45:81:24,d8:d7:75:45:81:24,FunBox2-8124,-41,1,2412,False,False
1778947190.6756356,data,null_data,50:02:91:e8:18:ec,d8:d7:75:45:81:24,d8:d7:75:45:81:24,50:02:91:e8:18:ec,d8:d7:75:45:81:24,,-81,1,2412,False,False
1778947190.6757984,data,null_data,50:02:91:e8:18:ec,d8:d7:75:45:81:24,d8:d7:75:45:81:24,50:02:91:e8:18:ec,d8:d7:75:45:81:24,,-81,1,2412,False,True
1778947190.676322,data,null_data,50:02:91:e8:18:ec,d8:d7:75:45:81:24,d8:d7:75:45:81:24,50:02:91:e8:18:ec,d8:d7:75:45:81:24,,-84,1,2412,False,True
1778947190.6763263,control,ack,,50:02:91:e8:18:ec,50:02:91:e8:18:ec,,,,-41,1,2412,False,False
1778947190.7401292,management,beacon,d8:d7:75:45:81:24,ff:ff:ff:ff:ff:ff,ff:ff:ff:ff:ff:ff,d8:d7:75:45:81:24,d8:d7:75:45:81:24,FunBox2-8124,-45,1,2412,False,False
1778947190.8425403,management,beacon,d8:d7:75:45:81:24,ff:ff:ff:ff:ff:ff,ff:ff:ff:ff:ff:ff,d8:d7:75:45:81:24,d8:d7:75:45:81:24,FunBox2-8124,-44,1,2412,False,False
1778947190.9457014,management,beacon,d8:d7:75:45:81:24,ff:ff:ff:ff:ff:ff,ff:ff:ff:ff:ff:ff,d8:d7:75:45:81:24,d8:d7:75:45:81:24,FunBox2-8124,-44,1,2412,False,False
1778947191.0473814,management,beacon,d8:d7:75:45:81:24,ff:ff:ff:ff:ff:ff,ff:ff:ff:ff:ff:ff,d8:d7:75:45:81:24,d8:d7:75:45:81:24,FunBox2-8124,-44,1,2412,False,False
1778947191.1497638,management,beacon,d8:d7:75:45:81:24,ff:ff:ff:ff:ff:ff,ff:ff:ff:ff:ff:ff,d8:d7:75:45:81:24,d8:d7:75:45:81:24,FunBox2-8124,-42,1,2412,False,False
1778947191.2523437,management,beacon,d8:d7:75:45:81:24,ff:ff:ff:ff:ff:ff,ff:ff:ff:ff:ff:ff,d8:d7:75:45:81:24,d8:d7:75:45:81:24,FunBox2-8124,-43,1,2412,False,False
1778947191.3552752,management,beacon,d8:d7:75:45:81:24,ff:ff:ff:ff:ff:ff,ff:ff:ff:ff:ff:ff,d8:d7:75:45:81:24,d8:d7:75:45:81:24,FunBox2-8124,-47,1,2412,False,False
1778947191.457735,management,beacon,d8:d7:75:45:81:24,ff:ff:ff:ff:ff:ff,ff:ff:ff:ff:ff:ff,d8:d7:75:45:81:24,d8:d7:75:45:81:24,FunBox2-8124,-44,1,2412,False,False
1778947191.5593543,management,beacon,d8:d7:75:45:81:24,ff:ff:ff:ff:ff:ff,ff:ff:ff:ff:ff:ff,d8:d7:75:45:81:24,d8:d7:75:45:81:24,FunBox2-8124,-44,1,2412,False,False
1778947191.6617525,management,beacon,d8:d7:75:45:81:24,ff:ff:ff:ff:ff:ff,ff:ff:ff:ff:ff:ff,d8:d7:75:45:81:24,d8:d7:75:45:81:24,FunBox2-8124,-42,1,2412,False,False
1778947191.8685894,management,beacon,d8:d7:75:45:81:24,ff:ff:ff:ff:ff:ff,ff:ff:ff:ff:ff:ff,d8:d7:75:45:81:24,d8:d7:75:45:81:24,FunBox2-8124,-43,1,2412,False,False
1778947191.969009,management,beacon,d8:d7:75:45:81:24,ff:ff:ff:ff:ff:ff,ff:ff:ff:ff:ff:ff,d8:d7:75:45:81:24,d8:d7:75:45:81:24,FunBox2-8124,-43,1,2412,False,False
1778947191.9700978,data,null_data,50:02:91:e8:18:ec,d8:d7:75:45:81:24,d8:d7:75:45:81:24,50:02:91:e8:18:ec,d8:d7:75:45:81:24,,-81,1,2412,False,False
1778947191.9706655,data,null_data,50:02:91:e8:18:ec,d8:d7:75:45:81:24,d8:d7:75:45:81:24,50:02:91:e8:18:ec,d8:d7:75:45:81:24,,-81,1,2412,False,True
1778947191.9709787,data,null_data,50:02:91:e8:18:ec,d8:d7:75:45:81:24,d8:d7:75:45:81:24,50:02:91:e8:18:ec,d8:d7:75:45:81:24,,-81,1,2412,False,True
1778947191.9715214,data,null_data,50:02:91:e8:18:ec,d8:d7:75:45:81:24,d8:d7:75:45:81:24,50:02:91:e8:18:ec,d8:d7:75:45:81:24,,-80,1,2412,False,True
1778947191.972099,data,null_data,50:02:91:e8:18:ec,d8:d7:75:45:81:24,d8:d7:75:45:81:24,50:02:91:e8:18:ec,d8:d7:75:45:81:24,,-79,1,2412,False,True
1778947191.9726472,data,null_data,50:02:91:e8:18:ec,d8:d7:75:45:81:24,d8:d7:75:45:81:24,50:02:91:e8:18:ec,d8:d7:75:45:81:24,,-81,1,2412,False,True
1778947191.9729695,control,ack,,50:02:91:e8:18:ec,50:02:91:e8:18:ec,,,,-46,1,2412,False,False
1778947192.0714881,management,beacon,d8:d7:75:45:81:24,ff:ff:ff:ff:ff:ff,ff:ff:ff:ff:ff:ff,d8:d7:75:45:81:24,d8:d7:75:45:81:24,FunBox2-8124,-42,1,2412,False,False
1778947192.17551,management,beacon,d8:d7:75:45:81:24,ff:ff:ff:ff:ff:ff,ff:ff:ff:ff:ff:ff,d8:d7:75:45:81:24,d8:d7:75:45:81:24,FunBox2-8124,-43,1,2412,False,False
1778947192.2140133,data,null_data,50:02:91:e8:18:ec,d8:d7:75:45:81:24,d8:d7:75:45:81:24,50:02:91:e8:18:ec,d8:d7:75:45:81:24,,-80,1,2412,False,False
1778947192.2140265,control,ack,,50:02:91:e8:18:ec,50:02:91:e8:18:ec,,,,-44,1,2412,False,False
1778947192.3785825,management,beacon,d8:d7:75:45:81:24,ff:ff:ff:ff:ff:ff,ff:ff:ff:ff:ff:ff,d8:d7:75:45:81:24,d8:d7:75:45:81:24,FunBox2-8124,-42,1,2412,False,False
1778947192.4637828,management,probe_request,6a:d0:0f:27:52:3e,ff:ff:ff:ff:ff:ff,ff:ff:ff:ff:ff:ff,6a:d0:0f:27:52:3e,ff:ff:ff:ff:ff:ff,<hidden>,-31,1,2412,False,False
1778947192.4673066,control,ack,,d8:d7:75:45:81:24,d8:d7:75:45:81:24,,,,-31,1,2412,False,False
1778947192.471,control,ack,,ac:84:c6:41:71:22,ac:84:c6:41:71:22,,,,-32,1,2412,False,False
1778947192.4840727,management,beacon,d8:d7:75:45:81:24,ff:ff:ff:ff:ff:ff,ff:ff:ff:ff:ff:ff,d8:d7:75:45:81:24,d8:d7:75:45:81:24,FunBox2-8124,-42,1,2412,False,False
1778947192.5278347,management,probe_request,6a:d0:0f:27:52:3e,ff:ff:ff:ff:ff:ff,ff:ff:ff:ff:ff:ff,6a:d0:0f:27:52:3e,ff:ff:ff:ff:ff:ff,<hidden>,-31,1,2412,False,False
1778947192.5834208,management,beacon,d8:d7:75:45:81:24,ff:ff:ff:ff:ff:ff,ff:ff:ff:ff:ff:ff,d8:d7:75:45:81:24,d8:d7:75:45:81:24,FunBox2-8124,-41,1,2412,False,False
1778947192.6858356,management,beacon,d8:d7:75:45:81:24,ff:ff:ff:ff:ff:ff,ff:ff:ff:ff:ff:ff,d8:d7:75:45:81:24,d8:d7:75:45:81:24,FunBox2-8124,-42,1,2412,False,False
1778947192.8906584,management,beacon,d8:d7:75:45:81:24,ff:ff:ff:ff:ff:ff,ff:ff:ff:ff:ff:ff,d8:d7:75:45:81:24,d8:d7:75:45:81:24,FunBox2-8124,-44,1,2412,False,False
1778947192.9929965,management,beacon,d8:d7:75:45:81:24,ff:ff:ff:ff:ff:ff,ff:ff:ff:ff:ff:ff,d8:d7:75:45:81:24,d8:d7:75:45:81:24,FunBox2-8124,-47,1,2412,False,False
1778947193.0953991,management,beacon,d8:d7:75:45:81:24,ff:ff:ff:ff:ff:ff,ff:ff:ff:ff:ff:ff,d8:d7:75:45:81:24,d8:d7:75:45:81:24,FunBox2-8124,-45,1,2412,False,False
1778947193.197841,management,beacon,d8:d7:75:45:81:24,ff:ff:ff:ff:ff:ff,ff:ff:ff:ff:ff:ff,d8:d7:75:45:81:24,d8:d7:75:45:81:24,FunBox2-8124,-42,1,2412,False,False
1778947193.3018436,data,null_data,50:02:91:e8:18:ec,d8:d7:75:45:81:24,d8:d7:75:45:81:24,50:02:91:e8:18:ec,d8:d7:75:45:81:24,,-80,1,2412,False,False
1778947193.3018506,control,ack,,50:02:91:e8:18:ec,50:02:91:e8:18:ec,,,,-44,1,2412,False,False
1778947193.4027011,management,beacon,d8:d7:75:45:81:24,ff:ff:ff:ff:ff:ff,ff:ff:ff:ff:ff:ff,d8:d7:75:45:81:24,d8:d7:75:45:81:24,FunBox2-8124,-43,1,2412,False,False
1778947193.5050335,management,beacon,d8:d7:75:45:81:24,ff:ff:ff:ff:ff:ff,ff:ff:ff:ff:ff:ff,d8:d7:75:45:81:24,d8:d7:75:45:81:24,FunBox2-8124,-42,1,2412,False,False
1778947193.5429835,data,null_data,50:02:91:e8:18:ec,d8:d7:75:45:81:24,d8:d7:75:45:81:24,50:02:91:e8:18:ec,d8:d7:75:45:81:24,,-80,1,2412,False,False
1778947193.5429947,control,ack,,50:02:91:e8:18:ec,50:02:91:e8:18:ec,,,,-45,1,2412,False,False
1778947193.6074398,management,beacon,d8:d7:75:45:81:24,ff:ff:ff:ff:ff:ff,ff:ff:ff:ff:ff:ff,d8:d7:75:45:81:24,d8:d7:75:45:81:24,FunBox2-8124,-44,1,2412,False,False
1778947193.711882,management,beacon,d8:d7:75:45:81:24,ff:ff:ff:ff:ff:ff,ff:ff:ff:ff:ff:ff,d8:d7:75:45:81:24,d8:d7:75:45:81:24,FunBox2-8124,-45,1,2412,False,False
1778947193.9154277,management,beacon,d8:d7:75:45:81:24,ff:ff:ff:ff:ff:ff,ff:ff:ff:ff:ff:ff,d8:d7:75:45:81:24,d8:d7:75:45:81:24,FunBox2-8124,-46,1,2412,False,False
1778947194.0170815,management,beacon,d8:d7:75:45:81:24,ff:ff:ff:ff:ff:ff,ff:ff:ff:ff:ff:ff,d8:d7:75:45:81:24,d8:d7:75:45:81:24,FunBox2-8124,-45,1,2412,False,False
1778947194.119457,management,beacon,d8:d7:75:45:81:24,ff:ff:ff:ff:ff:ff,ff:ff:ff:ff:ff:ff,d8:d7:75:45:81:24,d8:d7:75:45:81:24,FunBox2-8124,-42,1,2412,False,False
1778947194.2218616,management,beacon,d8:d7:75:45:81:24,ff:ff:ff:ff:ff:ff,ff:ff:ff:ff:ff:ff,d8:d7:75:45:81:24,d8:d7:75:45:81:24,FunBox2-8124,-41,1,2412,False,False
1778947194.427461,management,beacon,d8:d7:75:45:81:24,ff:ff:ff:ff:ff:ff,ff:ff:ff:ff:ff:ff,d8:d7:75:45:81:24,d8:d7:75:45:81:24,FunBox2-8124,-45,1,2412,False,False
1778947194.529075,management,beacon,d8:d7:75:45:81:24,ff:ff:ff:ff:ff:ff,ff:ff:ff:ff:ff:ff,d8:d7:75:45:81:24,d8:d7:75:45:81:24,FunBox2-8124,-45,1,2412,False,False
1778947194.6318753,management,beacon,d8:d7:75:45:81:24,ff:ff:ff:ff:ff:ff,ff:ff:ff:ff:ff:ff,d8:d7:75:45:81:24,d8:d7:75:45:81:24,FunBox2-8124,-45,1,2412,False,False
1778947194.7347157,management,beacon,d8:d7:75:45:81:24,ff:ff:ff:ff:ff:ff,ff:ff:ff:ff:ff:ff,d8:d7:75:45:81:24,d8:d7:75:45:81:24,FunBox2-8124,-47,1,2412,False,False
1778947194.7359197,data,null_data,50:02:91:e8:18:ec,d8:d7:75:45:81:24,d8:d7:75:45:81:24,50:02:91:e8:18:ec,d8:d7:75:45:81:24,,-81,1,2412,False,False
1778947194.7359254,control,ack,,50:02:91:e8:18:ec,50:02:91:e8:18:ec,,,,-47,1,2412,False,False
1778947194.9392242,management,beacon,d8:d7:75:45:81:24,ff:ff:ff:ff:ff:ff,ff:ff:ff:ff:ff:ff,d8:d7:75:45:81:24,d8:d7:75:45:81:24,FunBox2-8124,-45,1,2412,False,False
1778947194.9767952,data,null_data,50:02:91:e8:18:ec,d8:d7:75:45:81:24,d8:d7:75:45:81:24,50:02:91:e8:18:ec,d8:d7:75:45:81:24,,-82,1,2412,False,False
1778947194.9768088,control,ack,,50:02:91:e8:18:ec,50:02:91:e8:18:ec,,,,-43,1,2412,False,False
1778947195.0411284,management,beacon,d8:d7:75:45:81:24,ff:ff:ff:ff:ff:ff,ff:ff:ff:ff:ff:ff,d8:d7:75:45:81:24,d8:d7:75:45:81:24,FunBox2-8124,-45,1,2412,False,False
1778947195.1434941,management,beacon,d8:d7:75:45:81:24,ff:ff:ff:ff:ff:ff,ff:ff:ff:ff:ff:ff,d8:d7:75:45:81:24,d8:d7:75:45:81:24,FunBox2-8124,-41,1,2412,False,False
1778947195.24766,management,beacon,d8:d7:75:45:81:24,ff:ff:ff:ff:ff:ff,ff:ff:ff:ff:ff:ff,d8:d7:75:45:81:24,d8:d7:75:45:81:24,FunBox2-8124,-42,1,2412,False,False
1778947195.450702,management,beacon,d8:d7:75:45:81:24,ff:ff:ff:ff:ff:ff,ff:ff:ff:ff:ff:ff,d8:d7:75:45:81:24,d8:d7:75:45:81:24,FunBox2-8124,-42,1,2412,False,False
1778947195.554853,management,beacon,d8:d7:75:45:81:24,ff:ff:ff:ff:ff:ff,ff:ff:ff:ff:ff:ff,d8:d7:75:45:81:24,d8:d7:75:45:81:24,FunBox2-8124,-42,1,2412,False,False
1778947195.6555185,management,beacon,d8:d7:75:45:81:24,ff:ff:ff:ff:ff:ff,ff:ff:ff:ff:ff:ff,d8:d7:75:45:81:24,d8:d7:75:45:81:24,FunBox2-8124,-42,1,2412,False,False
1778947195.7579637,management,beacon,d8:d7:75:45:81:24,ff:ff:ff:ff:ff:ff,ff:ff:ff:ff:ff:ff,d8:d7:75:45:81:24,d8:d7:75:45:81:24,FunBox2-8124,-42,1,2412,False,False
1778947195.962748,management,beacon,d8:d7:75:45:81:24,ff:ff:ff:ff:ff:ff,ff:ff:ff:ff:ff:ff,d8:d7:75:45:81:24,d8:d7:75:45:81:24,FunBox2-8124,-42,1,2412,False,False
1778947196.0651126,management,beacon,d8:d7:75:45:81:24,ff:ff:ff:ff:ff:ff,ff:ff:ff:ff:ff:ff,d8:d7:75:45:81:24,d8:d7:75:45:81:24,FunBox2-8124,-45,1,2412,False,False
1778947196.1675384,management,beacon,d8:d7:75:45:81:24,ff:ff:ff:ff:ff:ff,ff:ff:ff:ff:ff:ff,d8:d7:75:45:81:24,d8:d7:75:45:81:24,FunBox2-8124,-44,1,2412,False,False
1778947196.2699873,management,beacon,d8:d7:75:45:81:24,ff:ff:ff:ff:ff:ff,ff:ff:ff:ff:ff:ff,d8:d7:75:45:81:24,d8:d7:75:45:81:24,FunBox2-8124,-42,1,2412,False,False
1778947196.4747806,management,beacon,d8:d7:75:45:81:24,ff:ff:ff:ff:ff:ff,ff:ff:ff:ff:ff:ff,d8:d7:75:45:81:24,d8:d7:75:45:81:24,FunBox2-8124,-45,1,2412,False,False
1778947196.5771668,management,beacon,d8:d7:75:45:81:24,ff:ff:ff:ff:ff:ff,ff:ff:ff:ff:ff:ff,d8:d7:75:45:81:24,d8:d7:75:45:81:24,FunBox2-8124,-42,1,2412,False,False
1778947196.6795485,management,beacon,d8:d7:75:45:81:24,ff:ff:ff:ff:ff:ff,ff:ff:ff:ff:ff:ff,d8:d7:75:45:81:24,d8:d7:75:45:81:24,FunBox2-8124,-42,1,2412,False,False
1778947196.6851482,data,null_data,50:02:91:e8:18:ec,d8:d7:75:45:81:24,d8:d7:75:45:81:24,50:02:91:e8:18:ec,d8:d7:75:45:81:24,,-79,1,2412,False,False
1778947196.6851537,control,ack,,50:02:91:e8:18:ec,50:02:91:e8:18:ec,,,,-44,1,2412,False,False
1778947196.7820652,management,beacon,d8:d7:75:45:81:24,ff:ff:ff:ff:ff:ff,ff:ff:ff:ff:ff:ff,d8:d7:75:45:81:24,d8:d7:75:45:81:24,FunBox2-8124,-44,1,2412,False,False
1778947196.9260306,data,null_data,50:02:91:e8:18:ec,d8:d7:75:45:81:24,d8:d7:75:45:81:24,50:02:91:e8:18:ec,d8:d7:75:45:81:24,,-80,1,2412,False,False
1778947196.926045,control,ack,,50:02:91:e8:18:ec,50:02:91:e8:18:ec,,,,-45,1,2412,False,False
1778947196.986796,management,beacon,d8:d7:75:45:81:24,ff:ff:ff:ff:ff:ff,ff:ff:ff:ff:ff:ff,d8:d7:75:45:81:24,d8:d7:75:45:81:24,FunBox2-8124,-42,1,2412,False,False
1778947197.090907,management,beacon,d8:d7:75:45:81:24,ff:ff:ff:ff:ff:ff,ff:ff:ff:ff:ff:ff,d8:d7:75:45:81:24,d8:d7:75:45:81:24,FunBox2-8124,-43,1,2412,False,False
1778947197.192446,management,beacon,d8:d7:75:45:81:24,ff:ff:ff:ff:ff:ff,ff:ff:ff:ff:ff:ff,d8:d7:75:45:81:24,d8:d7:75:45:81:24,FunBox2-8124,-46,1,2412,False,False
1778947197.293992,management,beacon,d8:d7:75:45:81:24,ff:ff:ff:ff:ff:ff,ff:ff:ff:ff:ff:ff,d8:d7:75:45:81:24,d8:d7:75:45:81:24,FunBox2-8124,-42,1,2412,False,False
1778947197.4988003,management,beacon,d8:d7:75:45:81:24,ff:ff:ff:ff:ff:ff,ff:ff:ff:ff:ff:ff,d8:d7:75:45:81:24,d8:d7:75:45:81:24,FunBox2-8124,-42,1,2412,False,False
1778947197.6012297,management,beacon,d8:d7:75:45:81:24,ff:ff:ff:ff:ff:ff,ff:ff:ff:ff:ff:ff,d8:d7:75:45:81:24,d8:d7:75:45:81:24,FunBox2-8124,-43,1,2412,False,False
1778947197.7053852,management,beacon,d8:d7:75:45:81:24,ff:ff:ff:ff:ff:ff,ff:ff:ff:ff:ff:ff,d8:d7:75:45:81:24,d8:d7:75:45:81:24,FunBox2-8124,-41,1,2412,False,False
1778947197.8085454,management,beacon,d8:d7:75:45:81:24,ff:ff:ff:ff:ff:ff,ff:ff:ff:ff:ff:ff,d8:d7:75:45:81:24,d8:d7:75:45:81:24,FunBox2-8124,-46,1,2412,False,False
1778947197.8104212,data,data,d8:d7:75:45:81:24,33:33:00:00:00:01,33:33:00:00:00:01,d8:d7:75:45:81:24,d8:d7:75:45:81:24,,-45,1,2412,True,False
1778947197.8109117,control,ack,,d8:d7:75:45:81:24,d8:d7:75:45:81:24,,,,-79,1,2412,False,False
1778947197.810914,data,null_data,50:02:91:e8:18:ec,d8:d7:75:45:81:24,d8:d7:75:45:81:24,50:02:91:e8:18:ec,d8:d7:75:45:81:24,,-81,1,2412,False,False
1778947197.8109167,control,ack,,50:02:91:e8:18:ec,50:02:91:e8:18:ec,,,,-48,1,2412,False,False
1778947197.8124933,data,data,d8:d7:75:45:81:24,33:33:00:00:00:16,33:33:00:00:00:16,d8:d7:75:45:81:24,a8:5e:45:c6:9f:b7,,-46,1,2412,True,False
1778947197.908445,management,beacon,d8:d7:75:45:81:24,ff:ff:ff:ff:ff:ff,ff:ff:ff:ff:ff:ff,d8:d7:75:45:81:24,d8:d7:75:45:81:24,FunBox2-8124,-48,1,2412,False,False
1778947197.9421256,control,ack,,46:dc:63:95:75:0a,46:dc:63:95:75:0a,,,,-79,1,2412,False,False
1778947197.945374,management,probe_response,d8:d7:75:45:81:24,46:dc:63:95:75:0a,46:dc:63:95:75:0a,d8:d7:75:45:81:24,d8:d7:75:45:81:24,FunBox2-8124,-45,1,2412,False,False
1778947197.9456677,control,ack,,d8:d7:75:45:81:24,d8:d7:75:45:81:24,,,,-70,1,2412,False,False
1778947197.9621449,management,probe_request,46:dc:63:95:75:0a,ff:ff:ff:ff:ff:ff,ff:ff:ff:ff:ff:ff,46:dc:63:95:75:0a,ff:ff:ff:ff:ff:ff,<hidden>,-70,1,2412,False,False
1778947197.9624496,control,ack,,46:dc:63:95:75:0a,46:dc:63:95:75:0a,,,,-79,1,2412,False,False
1778947197.9657316,management,probe_response,d8:d7:75:45:81:24,46:dc:63:95:75:0a,46:dc:63:95:75:0a,d8:d7:75:45:81:24,d8:d7:75:45:81:24,FunBox2-8124,-46,1,2412,False,False
1778947197.9660318,control,ack,,d8:d7:75:45:81:24,d8:d7:75:45:81:24,,,,-71,1,2412,False,False
1778947197.9696965,control,ack,,ac:84:c6:41:71:22,ac:84:c6:41:71:22,,,,-72,1,2412,False,False
1778947198.010959,management,beacon,d8:d7:75:45:81:24,ff:ff:ff:ff:ff:ff,ff:ff:ff:ff:ff:ff,d8:d7:75:45:81:24,d8:d7:75:45:81:24,FunBox2-8124,-45,1,2412,False,False
1778947198.0532482,data,null_data,50:02:91:e8:18:ec,d8:d7:75:45:81:24,d8:d7:75:45:81:24,50:02:91:e8:18:ec,d8:d7:75:45:81:24,,-80,1,2412,False,False
1778947198.053259,control,ack,,50:02:91:e8:18:ec,50:02:91:e8:18:ec,,,,-48,1,2412,False,False
1778947198.1132467,management,beacon,d8:d7:75:45:81:24,ff:ff:ff:ff:ff:ff,ff:ff:ff:ff:ff:ff,d8:d7:75:45:81:24,d8:d7:75:45:81:24,FunBox2-8124,-46,1,2412,False,False
1778947198.2156003,management,beacon,d8:d7:75:45:81:24,ff:ff:ff:ff:ff:ff,ff:ff:ff:ff:ff:ff,d8:d7:75:45:81:24,d8:d7:75:45:81:24,FunBox2-8124,-41,1,2412,False,False
1778947198.3188891,management,beacon,d8:d7:75:45:81:24,ff:ff:ff:ff:ff:ff,ff:ff:ff:ff:ff:ff,d8:d7:75:45:81:24,d8:d7:75:45:81:24,FunBox2-8124,-46,1,2412,False,False
1778947198.4230702,data,data,d8:d7:75:45:81:24,33:33:00:00:00:16,33:33:00:00:00:16,d8:d7:75:45:81:24,a8:5e:45:c6:9f:b7,,-45,1,2412,True,False
1778947198.423568,control,ack,,d8:d7:75:45:81:24,d8:d7:75:45:81:24,,,,-81,1,2412,False,False
1778947198.4235723,data,null_data,50:02:91:e8:18:ec,d8:d7:75:45:81:24,d8:d7:75:45:81:24,50:02:91:e8:18:ec,d8:d7:75:45:81:24,,-79,1,2412,False,False
1778947198.4235742,control,ack,,50:02:91:e8:18:ec,50:02:91:e8:18:ec,,,,-48,1,2412,False,False
1778947198.5228782,management,beacon,d8:d7:75:45:81:24,ff:ff:ff:ff:ff:ff,ff:ff:ff:ff:ff:ff,d8:d7:75:45:81:24,d8:d7:75:45:81:24,FunBox2-8124,-45,1,2412,False,False
1778947198.6252742,management,beacon,d8:d7:75:45:81:24,ff:ff:ff:ff:ff:ff,ff:ff:ff:ff:ff:ff,d8:d7:75:45:81:24,d8:d7:75:45:81:24,FunBox2-8124,-42,1,2412,False,False
1778947198.6644657,data,null_data,50:02:91:e8:18:ec,d8:d7:75:45:81:24,d8:d7:75:45:81:24,50:02:91:e8:18:ec,d8:d7:75:45:81:24,,-81,1,2412,False,False
1778947198.6644738,control,ack,,50:02:91:e8:18:ec,50:02:91:e8:18:ec,,,,-43,1,2412,False,False
1778947198.7276065,management,beacon,d8:d7:75:45:81:24,ff:ff:ff:ff:ff:ff,ff:ff:ff:ff:ff:ff,d8:d7:75:45:81:24,d8:d7:75:45:81:24,FunBox2-8124,-47,1,2412,False,False
1778947198.830094,management,beacon,d8:d7:75:45:81:24,ff:ff:ff:ff:ff:ff,ff:ff:ff:ff:ff:ff,d8:d7:75:45:81:24,d8:d7:75:45:81:24,FunBox2-8124,-43,1,2412,False,False
1778947199.0348551,management,beacon,d8:d7:75:45:81:24,ff:ff:ff:ff:ff:ff,ff:ff:ff:ff:ff:ff,d8:d7:75:45:81:24,d8:d7:75:45:81:24,FunBox2-8124,-41,1,2412,False,False
1778947199.137255,management,beacon,d8:d7:75:45:81:24,ff:ff:ff:ff:ff:ff,ff:ff:ff:ff:ff:ff,d8:d7:75:45:81:24,d8:d7:75:45:81:24,FunBox2-8124,-43,1,2412,False,False
1778947199.240534,management,beacon,d8:d7:75:45:81:24,ff:ff:ff:ff:ff:ff,ff:ff:ff:ff:ff:ff,d8:d7:75:45:81:24,d8:d7:75:45:81:24,FunBox2-8124,-45,1,2412,False,False
1778947199.3420537,management,beacon,d8:d7:75:45:81:24,ff:ff:ff:ff:ff:ff,ff:ff:ff:ff:ff:ff,d8:d7:75:45:81:24,d8:d7:75:45:81:24,FunBox2-8124,-42,1,2412,False,False
1778947199.4445202,management,beacon,d8:d7:75:45:81:24,ff:ff:ff:ff:ff:ff,ff:ff:ff:ff:ff:ff,d8:d7:75:45:81:24,d8:d7:75:45:81:24,FunBox2-8124,-42,1,2412,False,False
1778947199.4517646,management,probe_request,6a:d0:0f:27:52:3e,ff:ff:ff:ff:ff:ff,ff:ff:ff:ff:ff:ff,6a:d0:0f:27:52:3e,ff:ff:ff:ff:ff:ff,<hidden>,-31,1,2412,False,False
1778947199.4550052,management,probe_response,d8:d7:75:45:81:24,6a:d0:0f:27:52:3e,6a:d0:0f:27:52:3e,d8:d7:75:45:81:24,d8:d7:75:45:81:24,FunBox2-8124,-44,1,2412,False,False
1778947199.4553013,control,ack,,d8:d7:75:45:81:24,d8:d7:75:45:81:24,,,,-32,1,2412,False,False
1778947199.5159557,management,probe_request,6a:d0:0f:27:52:3e,ff:ff:ff:ff:ff:ff,ff:ff:ff:ff:ff:ff,6a:d0:0f:27:52:3e,ff:ff:ff:ff:ff:ff,<hidden>,-34,1,2412,False,False
1778947199.519181,management,probe_response,d8:d7:75:45:81:24,6a:d0:0f:27:52:3e,6a:d0:0f:27:52:3e,d8:d7:75:45:81:24,d8:d7:75:45:81:24,FunBox2-8124,-42,1,2412,False,False
1778947199.5194888,control,ack,,d8:d7:75:45:81:24,d8:d7:75:45:81:24,,,,-33,1,2412,False,False
1778947199.5228953,management,probe_response,d8:d7:75:45:81:24,6a:d0:0f:27:52:3e,6a:d0:0f:27:52:3e,d8:d7:75:45:81:24,d8:d7:75:45:81:24,FunBox2-8124,-42,1,2412,False,True
1778947199.523205,control,ack,,d8:d7:75:45:81:24,d8:d7:75:45:81:24,,,,-33,1,2412,False,False
1778947199.5271535,management,probe_response,d8:d7:75:45:81:24,6a:d0:0f:27:52:3e,6a:d0:0f:27:52:3e,d8:d7:75:45:81:24,d8:d7:75:45:81:24,FunBox2-8124,-42,1,2412,False,True
1778947199.5274603,control,ack,,d8:d7:75:45:81:24,d8:d7:75:45:81:24,,,,-32,1,2412,False,False
1778947199.5318186,management,probe_response,d8:d7:75:45:81:24,6a:d0:0f:27:52:3e,6a:d0:0f:27:52:3e,d8:d7:75:45:81:24,d8:d7:75:45:81:24,FunBox2-8124,-42,1,2412,False,True
1778947199.5321145,control,ack,,d8:d7:75:45:81:24,d8:d7:75:45:81:24,,,,-33,1,2412,False,False
1778947199.5355425,management,probe_response,d8:d7:75:45:81:24,6a:d0:0f:27:52:3e,6a:d0:0f:27:52:3e,d8:d7:75:45:81:24,d8:d7:75:45:81:24,FunBox2-8124,-42,1,2412,False,True
1778947199.535862,control,ack,,d8:d7:75:45:81:24,d8:d7:75:45:81:24,,,,-32,1,2412,False,False
1778947199.5478945,management,beacon,d8:d7:75:45:81:24,ff:ff:ff:ff:ff:ff,ff:ff:ff:ff:ff:ff,d8:d7:75:45:81:24,d8:d7:75:45:81:24,FunBox2-8124,-47,1,2412,False,False
1778947199.6501439,management,beacon,d8:d7:75:45:81:24,ff:ff:ff:ff:ff:ff,ff:ff:ff:ff:ff:ff,d8:d7:75:45:81:24,d8:d7:75:45:81:24,FunBox2-8124,-44,1,2412,False,False
1778947199.751678,management,beacon,d8:d7:75:45:81:24,ff:ff:ff:ff:ff:ff,ff:ff:ff:ff:ff:ff,d8:d7:75:45:81:24,d8:d7:75:45:81:24,FunBox2-8124,-42,1,2412,False,False
1778947199.8171852,data,null_data,50:02:91:e8:18:ec,d8:d7:75:45:81:24,d8:d7:75:45:81:24,50:02:91:e8:18:ec,d8:d7:75:45:81:24,,-80,1,2412,False,False
1778947199.817197,control,ack,,50:02:91:e8:18:ec,50:02:91:e8:18:ec,,,,-44,1,2412,False,False
1778947199.8171983,data,null_data,50:02:91:e8:18:ec,d8:d7:75:45:81:24,d8:d7:75:45:81:24,50:02:91:e8:18:ec,d8:d7:75:45:81:24,,-80,1,2412,False,True
1778947199.8171992,control,ack,,50:02:91:e8:18:ec,50:02:91:e8:18:ec,,,,-48,1,2412,False,False
1778947199.855876,management,beacon,d8:d7:75:45:81:24,ff:ff:ff:ff:ff:ff,ff:ff:ff:ff:ff:ff,d8:d7:75:45:81:24,d8:d7:75:45:81:24,FunBox2-8124,-42,1,2412,False,False
1778947199.9565477,management,beacon,d8:d7:75:45:81:24,ff:ff:ff:ff:ff:ff,ff:ff:ff:ff:ff:ff,d8:d7:75:45:81:24,d8:d7:75:45:81:24,FunBox2-8124,-51,1,2412,False,False
1778947200.05905,management,beacon,d8:d7:75:45:81:24,ff:ff:ff:ff:ff:ff,ff:ff:ff:ff:ff:ff,d8:d7:75:45:81:24,d8:d7:75:45:81:24,FunBox2-8124,-41,1,2412,False,False
1778947200.0590625,data,null_data,50:02:91:e8:18:ec,d8:d7:75:45:81:24,d8:d7:75:45:81:24,50:02:91:e8:18:ec,d8:d7:75:45:81:24,,-81,1,2412,False,False
1778947200.0590646,control,ack,,50:02:91:e8:18:ec,50:02:91:e8:18:ec,,,,-44,1,2412,False,False
1778947200.161408,management,beacon,d8:d7:75:45:81:24,ff:ff:ff:ff:ff:ff,ff:ff:ff:ff:ff:ff,d8:d7:75:45:81:24,d8:d7:75:45:81:24,FunBox2-8124,-42,1,2412,False,False
1778947200.2637355,management,beacon,d8:d7:75:45:81:24,ff:ff:ff:ff:ff:ff,ff:ff:ff:ff:ff:ff,d8:d7:75:45:81:24,d8:d7:75:45:81:24,FunBox2-8124,-44,1,2412,False,False
1778947200.3670058,management,beacon,d8:d7:75:45:81:24,ff:ff:ff:ff:ff:ff,ff:ff:ff:ff:ff:ff,d8:d7:75:45:81:24,d8:d7:75:45:81:24,FunBox2-8124,-44,1,2412,False,False
1778947200.4694145,management,beacon,d8:d7:75:45:81:24,ff:ff:ff:ff:ff:ff,ff:ff:ff:ff:ff:ff,d8:d7:75:45:81:24,d8:d7:75:45:81:24,FunBox2-8124,-44,1,2412,False,False
1778947200.5708807,management,beacon,d8:d7:75:45:81:24,ff:ff:ff:ff:ff:ff,ff:ff:ff:ff:ff:ff,d8:d7:75:45:81:24,d8:d7:75:45:81:24,FunBox2-8124,-42,1,2412,False,False
1778947200.6733313,management,beacon,d8:d7:75:45:81:24,ff:ff:ff:ff:ff:ff,ff:ff:ff:ff:ff:ff,d8:d7:75:45:81:24,d8:d7:75:45:81:24,FunBox2-8124,-40,1,2412,False,False
1778947200.7775424,management,beacon,d8:d7:75:45:81:24,ff:ff:ff:ff:ff:ff,ff:ff:ff:ff:ff:ff,d8:d7:75:45:81:24,d8:d7:75:45:81:24,FunBox2-8124,-41,1,2412,False,False
1778947200.8781524,management,beacon,d8:d7:75:45:81:24,ff:ff:ff:ff:ff:ff,ff:ff:ff:ff:ff:ff,d8:d7:75:45:81:24,d8:d7:75:45:81:24,FunBox2-8124,-42,1,2412,False,False
1778947200.980559,management,beacon,d8:d7:75:45:81:24,ff:ff:ff:ff:ff:ff,ff:ff:ff:ff:ff:ff,d8:d7:75:45:81:24,d8:d7:75:45:81:24,FunBox2-8124,-44,1,2412,False,False
1778947201.0829191,management,beacon,d8:d7:75:45:81:24,ff:ff:ff:ff:ff:ff,ff:ff:ff:ff:ff:ff,d8:d7:75:45:81:24,d8:d7:75:45:81:24,FunBox2-8124,-44,1,2412,False,False
1778947201.1862369,management,beacon,d8:d7:75:45:81:24,ff:ff:ff:ff:ff:ff,ff:ff:ff:ff:ff:ff,d8:d7:75:45:81:24,d8:d7:75:45:81:24,FunBox2-8124,-46,1,2412,False,False
1778947201.2877836,management,beacon,d8:d7:75:45:81:24,ff:ff:ff:ff:ff:ff,ff:ff:ff:ff:ff:ff,d8:d7:75:45:81:24,d8:d7:75:45:81:24,FunBox2-8124,-42,1,2412,False,False
1778947201.3901415,management,beacon,d8:d7:75:45:81:24,ff:ff:ff:ff:ff:ff,ff:ff:ff:ff:ff:ff,d8:d7:75:45:81:24,d8:d7:75:45:81:24,FunBox2-8124,-43,1,2412,False,False
1778947201.4925692,management,beacon,d8:d7:75:45:81:24,ff:ff:ff:ff:ff:ff,ff:ff:ff:ff:ff:ff,d8:d7:75:45:81:24,d8:d7:75:45:81:24,FunBox2-8124,-41,1,2412,False,False
1778947201.4937198,data,null_data,50:02:91:e8:18:ec,d8:d7:75:45:81:24,d8:d7:75:45:81:24,50:02:91:e8:18:ec,d8:d7:75:45:81:24,,-82,1,2412,False,False
1778947201.4939885,data,null_data,50:02:91:e8:18:ec,d8:d7:75:45:81:24,d8:d7:75:45:81:24,50:02:91:e8:18:ec,d8:d7:75:45:81:24,,-80,1,2412,False,True
1778947201.4939904,control,ack,,50:02:91:e8:18:ec,50:02:91:e8:18:ec,,,,-44,1,2412,False,False
1778947201.5949724,management,beacon,d8:d7:75:45:81:24,ff:ff:ff:ff:ff:ff,ff:ff:ff:ff:ff:ff,d8:d7:75:45:81:24,d8:d7:75:45:81:24,FunBox2-8124,-41,1,2412,False,False
1778947201.6991696,management,beacon,d8:d7:75:45:81:24,ff:ff:ff:ff:ff:ff,ff:ff:ff:ff:ff:ff,d8:d7:75:45:81:24,d8:d7:75:45:81:24,FunBox2-8124,-43,1,2412,False,False
1778947201.7350876,data,null_data,50:02:91:e8:18:ec,d8:d7:75:45:81:24,d8:d7:75:45:81:24,50:02:91:e8:18:ec,d8:d7:75:45:81:24,,-81,1,2412,False,True
1778947201.7351007,control,ack,,50:02:91:e8:18:ec,50:02:91:e8:18:ec,,,,-43,1,2412,False,False
1778947201.9030952,management,beacon,d8:d7:75:45:81:24,ff:ff:ff:ff:ff:ff,ff:ff:ff:ff:ff:ff,d8:d7:75:45:81:24,d8:d7:75:45:81:24,FunBox2-8124,-45,1,2412,False,False
1778947202.004588,management,beacon,d8:d7:75:45:81:24,ff:ff:ff:ff:ff:ff,ff:ff:ff:ff:ff:ff,d8:d7:75:45:81:24,d8:d7:75:45:81:24,FunBox2-8124,-42,1,2412,False,False
1778947202.1069818,management,beacon,d8:d7:75:45:81:24,ff:ff:ff:ff:ff:ff,ff:ff:ff:ff:ff:ff,d8:d7:75:45:81:24,d8:d7:75:45:81:24,FunBox2-8124,-42,1,2412,False,False
1778947202.1081395,data,data,d8:d7:75:45:81:24,33:33:00:00:00:02,33:33:00:00:00:02,d8:d7:75:45:81:24,a8:5e:45:c6:9f:b7,,-41,1,2412,True,False
1778947202.1088274,control,ack,,d8:d7:75:45:81:24,d8:d7:75:45:81:24,,,,-81,1,2412,False,False
1778947202.1088314,data,null_data,50:02:91:e8:18:ec,d8:d7:75:45:81:24,d8:d7:75:45:81:24,50:02:91:e8:18:ec,d8:d7:75:45:81:24,,-80,1,2412,False,False
1778947202.1088328,control,ack,,50:02:91:e8:18:ec,50:02:91:e8:18:ec,,,,-48,1,2412,False,False
1778947202.1088345,data,null_data,50:02:91:e8:18:ec,d8:d7:75:45:81:24,d8:d7:75:45:81:24,50:02:91:e8:18:ec,d8:d7:75:45:81:24,,-79,1,2412,False,True
1778947202.1088352,control,ack,,50:02:91:e8:18:ec,50:02:91:e8:18:ec,,,,-48,1,2412,False,False
1778947202.1108174,data,data,d8:d7:75:45:81:24,33:33:00:00:00:01,33:33:00:00:00:01,d8:d7:75:45:81:24,d8:d7:75:45:81:24,,-44,1,2412,True,False
1778947202.112633,data,data,d8:d7:75:45:81:24,33:33:00:00:00:16,33:33:00:00:00:16,d8:d7:75:45:81:24,a8:5e:45:c6:9f:b7,,-45,1,2412,True,False
1778947202.1129413,control,ack,,d8:d7:75:45:81:24,d8:d7:75:45:81:24,,,,-80,1,2412,False,False
1778947202.2094152,management,beacon,d8:d7:75:45:81:24,ff:ff:ff:ff:ff:ff,ff:ff:ff:ff:ff:ff,d8:d7:75:45:81:24,d8:d7:75:45:81:24,FunBox2-8124,-41,1,2412,False,False
1778947202.3135967,management,beacon,d8:d7:75:45:81:24,ff:ff:ff:ff:ff:ff,ff:ff:ff:ff:ff:ff,d8:d7:75:45:81:24,d8:d7:75:45:81:24,FunBox2-8124,-45,1,2412,False,False
1778947202.3249042,data,data,d8:d7:75:45:81:24,33:33:00:00:00:16,33:33:00:00:00:16,d8:d7:75:45:81:24,a8:5e:45:c6:9f:b7,,-42,1,2412,True,False
1778947202.3252068,control,ack,,d8:d7:75:45:81:24,d8:d7:75:45:81:24,,,,-80,1,2412,False,False
1778947202.4141734,management,beacon,d8:d7:75:45:81:24,ff:ff:ff:ff:ff:ff,ff:ff:ff:ff:ff:ff,d8:d7:75:45:81:24,d8:d7:75:45:81:24,FunBox2-8124,-45,1,2412,False,False
1778947202.5174985,management,beacon,d8:d7:75:45:81:24,ff:ff:ff:ff:ff:ff,ff:ff:ff:ff:ff:ff,d8:d7:75:45:81:24,d8:d7:75:45:81:24,FunBox2-8124,-46,1,2412,False,False
1778947202.5657034,data,null_data,50:02:91:e8:18:ec,d8:d7:75:45:81:24,d8:d7:75:45:81:24,50:02:91:e8:18:ec,d8:d7:75:45:81:24,,-80,1,2412,False,False
1778947202.5657134,control,ack,,50:02:91:e8:18:ec,50:02:91:e8:18:ec,,,,-44,1,2412,False,False
1778947202.6189883,management,beacon,d8:d7:75:45:81:24,ff:ff:ff:ff:ff:ff,ff:ff:ff:ff:ff:ff,d8:d7:75:45:81:24,d8:d7:75:45:81:24,FunBox2-8124,-47,1,2412,False,False
1778947202.7223084,management,beacon,d8:d7:75:45:81:24,ff:ff:ff:ff:ff:ff,ff:ff:ff:ff:ff:ff,d8:d7:75:45:81:24,d8:d7:75:45:81:24,FunBox2-8124,-45,1,2412,False,False
1778947202.8247392,management,beacon,d8:d7:75:45:81:24,ff:ff:ff:ff:ff:ff,ff:ff:ff:ff:ff:ff,d8:d7:75:45:81:24,d8:d7:75:45:81:24,FunBox2-8124,-44,1,2412,False,False
1778947202.927126,management,beacon,d8:d7:75:45:81:24,ff:ff:ff:ff:ff:ff,ff:ff:ff:ff:ff:ff,d8:d7:75:45:81:24,d8:d7:75:45:81:24,FunBox2-8124,-45,1,2412,False,False
1778947203.0285704,management,beacon,d8:d7:75:45:81:24,ff:ff:ff:ff:ff:ff,ff:ff:ff:ff:ff:ff,d8:d7:75:45:81:24,d8:d7:75:45:81:24,FunBox2-8124,-41,1,2412,False,False
1778947203.1309793,management,beacon,d8:d7:75:45:81:24,ff:ff:ff:ff:ff:ff,ff:ff:ff:ff:ff:ff,d8:d7:75:45:81:24,d8:d7:75:45:81:24,FunBox2-8124,-42,1,2412,False,False
1778947203.2333803,management,beacon,d8:d7:75:45:81:24,ff:ff:ff:ff:ff:ff,ff:ff:ff:ff:ff:ff,d8:d7:75:45:81:24,d8:d7:75:45:81:24,FunBox2-8124,-44,1,2412,False,False
1778947203.3367286,management,beacon,d8:d7:75:45:81:24,ff:ff:ff:ff:ff:ff,ff:ff:ff:ff:ff:ff,d8:d7:75:45:81:24,d8:d7:75:45:81:24,FunBox2-8124,-47,1,2412,False,False
1778947203.4381864,management,beacon,d8:d7:75:45:81:24,ff:ff:ff:ff:ff:ff,ff:ff:ff:ff:ff:ff,d8:d7:75:45:81:24,d8:d7:75:45:81:24,FunBox2-8124,-41,1,2412,False,False
1778947203.5406144,management,beacon,d8:d7:75:45:81:24,ff:ff:ff:ff:ff:ff,ff:ff:ff:ff:ff:ff,d8:d7:75:45:81:24,d8:d7:75:45:81:24,FunBox2-8124,-44,1,2412,False,False
1778947203.6430428,management,beacon,d8:d7:75:45:81:24,ff:ff:ff:ff:ff:ff,ff:ff:ff:ff:ff:ff,d8:d7:75:45:81:24,d8:d7:75:45:81:24,FunBox2-8124,-45,1,2412,False,False
1778947203.6442108,data,null_data,50:02:91:e8:18:ec,d8:d7:75:45:81:24,d8:d7:75:45:81:24,50:02:91:e8:18:ec,d8:d7:75:45:81:24,,-81,1,2412,False,False
1778947203.644478,data,null_data,50:02:91:e8:18:ec,d8:d7:75:45:81:24,d8:d7:75:45:81:24,50:02:91:e8:18:ec,d8:d7:75:45:81:24,,-80,1,2412,False,True
1778947203.6444795,control,ack,,50:02:91:e8:18:ec,50:02:91:e8:18:ec,,,,-47,1,2412,False,False
1778947203.7471335,management,beacon,d8:d7:75:45:81:24,ff:ff:ff:ff:ff:ff,ff:ff:ff:ff:ff:ff,d8:d7:75:45:81:24,d8:d7:75:45:81:24,FunBox2-8124,-48,1,2412,False,False
1778947203.8479373,management,beacon,d8:d7:75:45:81:24,ff:ff:ff:ff:ff:ff,ff:ff:ff:ff:ff:ff,d8:d7:75:45:81:24,d8:d7:75:45:81:24,FunBox2-8124,-42,1,2412,False,False
1778947203.885503,data,null_data,50:02:91:e8:18:ec,d8:d7:75:45:81:24,d8:d7:75:45:81:24,50:02:91:e8:18:ec,d8:d7:75:45:81:24,,-80,1,2412,False,False
1778947203.8855112,control,ack,,50:02:91:e8:18:ec,50:02:91:e8:18:ec,,,,-43,1,2412,False,False
1778947203.9456067,management,probe_request,1a:4d:ad:94:57:bf,ff:ff:ff:ff:ff:ff,ff:ff:ff:ff:ff:ff,1a:4d:ad:94:57:bf,ff:ff:ff:ff:ff:ff,<hidden>,-87,1,2412,False,False
1778947203.9488237,management,probe_response,d8:d7:75:45:81:24,1a:4d:ad:94:57:bf,1a:4d:ad:94:57:bf,d8:d7:75:45:81:24,d8:d7:75:45:81:24,FunBox2-8124,-46,1,2412,False,False
1778947203.9491146,control,ack,,d8:d7:75:45:81:24,d8:d7:75:45:81:24,,,,-86,1,2412,False,False
1778947203.9527857,control,ack,,ac:84:c6:41:71:22,ac:84:c6:41:71:22,,,,-87,1,2412,False,False
1778947203.955508,management,beacon,d8:d7:75:45:81:24,ff:ff:ff:ff:ff:ff,ff:ff:ff:ff:ff:ff,d8:d7:75:45:81:24,d8:d7:75:45:81:24,FunBox2-8124,-44,1,2412,False,False
1778947203.966535,management,probe_request,1a:4d:ad:94:57:bf,ff:ff:ff:ff:ff:ff,ff:ff:ff:ff:ff:ff,1a:4d:ad:94:57:bf,ff:ff:ff:ff:ff:ff,<hidden>,-88,1,2412,False,False
1778947203.969785,management,probe_response,d8:d7:75:45:81:24,1a:4d:ad:94:57:bf,1a:4d:ad:94:57:bf,d8:d7:75:45:81:24,d8:d7:75:45:81:24,FunBox2-8124,-46,1,2412,False,False
1778947203.970092,control,ack,,d8:d7:75:45:81:24,d8:d7:75:45:81:24,,,,-85,1,2412,False,False
1778947203.980984,control,ack,,ac:84:c6:41:71:22,ac:84:c6:41:71:22,,,,-86,1,2412,False,False
1778947204.0526137,management,beacon,d8:d7:75:45:81:24,ff:ff:ff:ff:ff:ff,ff:ff:ff:ff:ff:ff,d8:d7:75:45:81:24,d8:d7:75:45:81:24,FunBox2-8124,-44,1,2412,False,False
1778947204.0687551,control,ack,,90:9a:4a:b8:f5:43,90:9a:4a:b8:f5:43,,,,-85,1,2412,False,False
1778947204.1559968,management,beacon,d8:d7:75:45:81:24,ff:ff:ff:ff:ff:ff,ff:ff:ff:ff:ff:ff,d8:d7:75:45:81:24,d8:d7:75:45:81:24,FunBox2-8124,-45,1,2412,False,False
1778947204.257437,management,beacon,d8:d7:75:45:81:24,ff:ff:ff:ff:ff:ff,ff:ff:ff:ff:ff:ff,d8:d7:75:45:81:24,d8:d7:75:45:81:24,FunBox2-8124,-44,1,2412,False,False
1778947204.3598816,management,beacon,d8:d7:75:45:81:24,ff:ff:ff:ff:ff:ff,ff:ff:ff:ff:ff:ff,d8:d7:75:45:81:24,d8:d7:75:45:81:24,FunBox2-8124,-41,1,2412,False,False
1778947204.3654134,data,null_data,50:02:91:e8:18:ec,d8:d7:75:45:81:24,d8:d7:75:45:81:24,50:02:91:e8:18:ec,d8:d7:75:45:81:24,,-79,1,2412,False,False
1778947204.3654187,control,ack,,50:02:91:e8:18:ec,50:02:91:e8:18:ec,,,,-44,1,2412,False,False
1778947204.462222,management,beacon,d8:d7:75:45:81:24,ff:ff:ff:ff:ff:ff,ff:ff:ff:ff:ff:ff,d8:d7:75:45:81:24,d8:d7:75:45:81:24,FunBox2-8124,-44,1,2412,False,False
1778947204.5646756,management,beacon,d8:d7:75:45:81:24,ff:ff:ff:ff:ff:ff,ff:ff:ff:ff:ff:ff,d8:d7:75:45:81:24,d8:d7:75:45:81:24,FunBox2-8124,-42,1,2412,False,False
1778947204.6062658,data,null_data,50:02:91:e8:18:ec,d8:d7:75:45:81:24,d8:d7:75:45:81:24,50:02:91:e8:18:ec,d8:d7:75:45:81:24,,-80,1,2412,False,False
1778947204.6062737,control,ack,,50:02:91:e8:18:ec,50:02:91:e8:18:ec,,,,-43,1,2412,False,False
1778947204.6670792,management,beacon,d8:d7:75:45:81:24,ff:ff:ff:ff:ff:ff,ff:ff:ff:ff:ff:ff,d8:d7:75:45:81:24,d8:d7:75:45:81:24,FunBox2-8124,-41,1,2412,False,False
1778947204.7694314,management,beacon,d8:d7:75:45:81:24,ff:ff:ff:ff:ff:ff,ff:ff:ff:ff:ff:ff,d8:d7:75:45:81:24,d8:d7:75:45:81:24,FunBox2-8124,-41,1,2412,False,False
1778947204.8719075,management,beacon,d8:d7:75:45:81:24,ff:ff:ff:ff:ff:ff,ff:ff:ff:ff:ff:ff,d8:d7:75:45:81:24,d8:d7:75:45:81:24,FunBox2-8124,-42,1,2412,False,False
1778947204.8730865,data,null_data,50:02:91:e8:18:ec,d8:d7:75:45:81:24,d8:d7:75:45:81:24,50:02:91:e8:18:ec,d8:d7:75:45:81:24,,-82,1,2412,False,False
1778947204.873089,control,ack,,50:02:91:e8:18:ec,50:02:91:e8:18:ec,,,,-44,1,2412,False,False
1778947204.974243,management,beacon,d8:d7:75:45:81:24,ff:ff:ff:ff:ff:ff,ff:ff:ff:ff:ff:ff,d8:d7:75:45:81:24,d8:d7:75:45:81:24,FunBox2-8124,-44,1,2412,False,False
1778947205.0785131,management,beacon,d8:d7:75:45:81:24,ff:ff:ff:ff:ff:ff,ff:ff:ff:ff:ff:ff,d8:d7:75:45:81:24,d8:d7:75:45:81:24,FunBox2-8124,-42,1,2412,False,False
1778947205.1140819,data,null_data,50:02:91:e8:18:ec,d8:d7:75:45:81:24,d8:d7:75:45:81:24,50:02:91:e8:18:ec,d8:d7:75:45:81:24,,-79,1,2412,False,False
1778947205.114093,control,ack,,50:02:91:e8:18:ec,50:02:91:e8:18:ec,,,,-44,1,2412,False,False
1778947205.2814474,management,beacon,d8:d7:75:45:81:24,ff:ff:ff:ff:ff:ff,ff:ff:ff:ff:ff:ff,d8:d7:75:45:81:24,d8:d7:75:45:81:24,FunBox2-8124,-43,1,2412,False,False
1778947205.3857224,management,beacon,d8:d7:75:45:81:24,ff:ff:ff:ff:ff:ff,ff:ff:ff:ff:ff:ff,d8:d7:75:45:81:24,d8:d7:75:45:81:24,FunBox2-8124,-43,1,2412,False,False
1778947205.486271,management,beacon,d8:d7:75:45:81:24,ff:ff:ff:ff:ff:ff,ff:ff:ff:ff:ff:ff,d8:d7:75:45:81:24,d8:d7:75:45:81:24,FunBox2-8124,-41,1,2412,False,False
1778947205.5886958,management,beacon,d8:d7:75:45:81:24,ff:ff:ff:ff:ff:ff,ff:ff:ff:ff:ff:ff,d8:d7:75:45:81:24,d8:d7:75:45:81:24,FunBox2-8124,-41,1,2412,False,False
1778947205.6929507,management,beacon,d8:d7:75:45:81:24,ff:ff:ff:ff:ff:ff,ff:ff:ff:ff:ff:ff,d8:d7:75:45:81:24,d8:d7:75:45:81:24,FunBox2-8124,-41,1,2412,False,False
1778947205.7934794,management,beacon,d8:d7:75:45:81:24,ff:ff:ff:ff:ff:ff,ff:ff:ff:ff:ff:ff,d8:d7:75:45:81:24,d8:d7:75:45:81:24,FunBox2-8124,-41,1,2412,False,False
1778947205.8959277,management,beacon,d8:d7:75:45:81:24,ff:ff:ff:ff:ff:ff,ff:ff:ff:ff:ff:ff,d8:d7:75:45:81:24,d8:d7:75:45:81:24,FunBox2-8124,-44,1,2412,False,False
1778947205.9983406,management,beacon,d8:d7:75:45:81:24,ff:ff:ff:ff:ff:ff,ff:ff:ff:ff:ff:ff,d8:d7:75:45:81:24,d8:d7:75:45:81:24,FunBox2-8124,-41,1,2412,False,False
1778947206.1006851,management,beacon,d8:d7:75:45:81:24,ff:ff:ff:ff:ff:ff,ff:ff:ff:ff:ff:ff,d8:d7:75:45:81:24,d8:d7:75:45:81:24,FunBox2-8124,-41,1,2412,False,False
1778947206.3073585,management,beacon,d8:d7:75:45:81:24,ff:ff:ff:ff:ff:ff,ff:ff:ff:ff:ff:ff,d8:d7:75:45:81:24,d8:d7:75:45:81:24,FunBox2-8124,-44,1,2412,False,False
1778947206.4079418,management,beacon,d8:d7:75:45:81:24,ff:ff:ff:ff:ff:ff,ff:ff:ff:ff:ff:ff,d8:d7:75:45:81:24,d8:d7:75:45:81:24,FunBox2-8124,-41,1,2412,False,False
1778947206.4091585,data,null_data,50:02:91:e8:18:ec,d8:d7:75:45:81:24,d8:d7:75:45:81:24,50:02:91:e8:18:ec,d8:d7:75:45:81:24,,-79,1,2412,False,False
1778947206.4091606,control,ack,,50:02:91:e8:18:ec,50:02:91:e8:18:ec,,,,-44,1,2412,False,False
1778947206.5113468,management,beacon,d8:d7:75:45:81:24,ff:ff:ff:ff:ff:ff,ff:ff:ff:ff:ff:ff,d8:d7:75:45:81:24,d8:d7:75:45:81:24,FunBox2-8124,-41,1,2412,False,False
1778947206.6127028,management,beacon,d8:d7:75:45:81:24,ff:ff:ff:ff:ff:ff,ff:ff:ff:ff:ff:ff,d8:d7:75:45:81:24,d8:d7:75:45:81:24,FunBox2-8124,-42,1,2412,False,False
1778947206.6499972,data,null_data,50:02:91:e8:18:ec,d8:d7:75:45:81:24,d8:d7:75:45:81:24,50:02:91:e8:18:ec,d8:d7:75:45:81:24,,-82,1,2412,False,False
1778947206.6500049,control,ack,,50:02:91:e8:18:ec,50:02:91:e8:18:ec,,,,-46,1,2412,False,False
1778947206.8177135,management,beacon,d8:d7:75:45:81:24,ff:ff:ff:ff:ff:ff,ff:ff:ff:ff:ff:ff,d8:d7:75:45:81:24,d8:d7:75:45:81:24,FunBox2-8124,-44,1,2412,False,False
1778947206.9199483,management,beacon,d8:d7:75:45:81:24,ff:ff:ff:ff:ff:ff,ff:ff:ff:ff:ff:ff,d8:d7:75:45:81:24,d8:d7:75:45:81:24,FunBox2-8124,-42,1,2412,False,False
1778947207.0223217,management,beacon,d8:d7:75:45:81:24,ff:ff:ff:ff:ff:ff,ff:ff:ff:ff:ff:ff,d8:d7:75:45:81:24,d8:d7:75:45:81:24,FunBox2-8124,-42,1,2412,False,False
1778947207.125764,management,beacon,d8:d7:75:45:81:24,ff:ff:ff:ff:ff:ff,ff:ff:ff:ff:ff:ff,d8:d7:75:45:81:24,d8:d7:75:45:81:24,FunBox2-8124,-41,1,2412,False,False
1778947207.3305578,management,beacon,d8:d7:75:45:81:24,ff:ff:ff:ff:ff:ff,ff:ff:ff:ff:ff:ff,d8:d7:75:45:81:24,d8:d7:75:45:81:24,FunBox2-8124,-47,1,2412,False,False
1778947207.4319773,management,beacon,d8:d7:75:45:81:24,ff:ff:ff:ff:ff:ff,ff:ff:ff:ff:ff:ff,d8:d7:75:45:81:24,d8:d7:75:45:81:24,FunBox2-8124,-46,1,2412,False,False
1778947207.5344572,management,beacon,d8:d7:75:45:81:24,ff:ff:ff:ff:ff:ff,ff:ff:ff:ff:ff:ff,d8:d7:75:45:81:24,d8:d7:75:45:81:24,FunBox2-8124,-42,1,2412,False,False
1778947207.6367812,management,beacon,d8:d7:75:45:81:24,ff:ff:ff:ff:ff:ff,ff:ff:ff:ff:ff:ff,d8:d7:75:45:81:24,d8:d7:75:45:81:24,FunBox2-8124,-47,1,2412,False,False
1778947207.638497,data,null_data,50:02:91:e8:18:ec,d8:d7:75:45:81:24,d8:d7:75:45:81:24,50:02:91:e8:18:ec,d8:d7:75:45:81:24,,-82,1,2412,False,True
1778947207.6385016,control,ack,,50:02:91:e8:18:ec,50:02:91:e8:18:ec,,,,-44,1,2412,False,False
1778947207.6389258,data,null_data,50:02:91:e8:18:ec,d8:d7:75:45:81:24,d8:d7:75:45:81:24,50:02:91:e8:18:ec,d8:d7:75:45:81:24,,-80,1,2412,False,True
1778947207.6389282,control,ack,,50:02:91:e8:18:ec,50:02:91:e8:18:ec,,,,-46,1,2412,False,False
1778947207.8433988,management,beacon,d8:d7:75:45:81:24,ff:ff:ff:ff:ff:ff,ff:ff:ff:ff:ff:ff,d8:d7:75:45:81:24,d8:d7:75:45:81:24,FunBox2-8124,-43,1,2412,False,False
1778947207.8798304,data,null_data,50:02:91:e8:18:ec,d8:d7:75:45:81:24,d8:d7:75:45:81:24,50:02:91:e8:18:ec,d8:d7:75:45:81:24,,-82,1,2412,False,False
1778947207.8798459,control,ack,,50:02:91:e8:18:ec,50:02:91:e8:18:ec,,,,-47,1,2412,False,False
1778947207.9440007,management,beacon,d8:d7:75:45:81:24,ff:ff:ff:ff:ff:ff,ff:ff:ff:ff:ff:ff,d8:d7:75:45:81:24,d8:d7:75:45:81:24,FunBox2-8124,-45,1,2412,False,False
1778947208.0464234,management,beacon,d8:d7:75:45:81:24,ff:ff:ff:ff:ff:ff,ff:ff:ff:ff:ff:ff,d8:d7:75:45:81:24,d8:d7:75:45:81:24,FunBox2-8124,-43,1,2412,False,False
1778947208.1498017,management,beacon,d8:d7:75:45:81:24,ff:ff:ff:ff:ff:ff,ff:ff:ff:ff:ff:ff,d8:d7:75:45:81:24,d8:d7:75:45:81:24,FunBox2-8124,-45,1,2412,False,False
1778947208.3537214,management,beacon,d8:d7:75:45:81:24,ff:ff:ff:ff:ff:ff,ff:ff:ff:ff:ff:ff,d8:d7:75:45:81:24,d8:d7:75:45:81:24,FunBox2-8124,-41,1,2412,False,False
1778947208.4561431,management,beacon,d8:d7:75:45:81:24,ff:ff:ff:ff:ff:ff,ff:ff:ff:ff:ff:ff,d8:d7:75:45:81:24,d8:d7:75:45:81:24,FunBox2-8124,-42,1,2412,False,False
1778947208.5583813,management,beacon,d8:d7:75:45:81:24,ff:ff:ff:ff:ff:ff,ff:ff:ff:ff:ff:ff,d8:d7:75:45:81:24,d8:d7:75:45:81:24,FunBox2-8124,-42,1,2412,False,False
1778947208.6608827,management,beacon,d8:d7:75:45:81:24,ff:ff:ff:ff:ff:ff,ff:ff:ff:ff:ff:ff,d8:d7:75:45:81:24,d8:d7:75:45:81:24,FunBox2-8124,-42,1,2412,False,False
1778947208.8656406,management,beacon,d8:d7:75:45:81:24,ff:ff:ff:ff:ff:ff,ff:ff:ff:ff:ff:ff,d8:d7:75:45:81:24,d8:d7:75:45:81:24,FunBox2-8124,-42,1,2412,False,False
1778947208.9690688,management,beacon,d8:d7:75:45:81:24,ff:ff:ff:ff:ff:ff,ff:ff:ff:ff:ff:ff,d8:d7:75:45:81:24,d8:d7:75:45:81:24,FunBox2-8124,-44,1,2412,False,False
1778947209.07154,management,beacon,d8:d7:75:45:81:24,ff:ff:ff:ff:ff:ff,ff:ff:ff:ff:ff:ff,d8:d7:75:45:81:24,d8:d7:75:45:81:24,FunBox2-8124,-45,1,2412,False,False
1778947209.1728063,management,beacon,d8:d7:75:45:81:24,ff:ff:ff:ff:ff:ff,ff:ff:ff:ff:ff:ff,d8:d7:75:45:81:24,d8:d7:75:45:81:24,FunBox2-8124,-43,1,2412,False,False
1778947209.1740763,data,null_data,50:02:91:e8:18:ec,d8:d7:75:45:81:24,d8:d7:75:45:81:24,50:02:91:e8:18:ec,d8:d7:75:45:81:24,,-81,1,2412,False,True
1778947209.1743999,data,null_data,50:02:91:e8:18:ec,d8:d7:75:45:81:24,d8:d7:75:45:81:24,50:02:91:e8:18:ec,d8:d7:75:45:81:24,,-79,1,2412,False,True
1778947209.1752608,data,null_data,50:02:91:e8:18:ec,d8:d7:75:45:81:24,d8:d7:75:45:81:24,50:02:91:e8:18:ec,d8:d7:75:45:81:24,,-81,1,2412,False,True
1778947209.1758084,data,null_data,50:02:91:e8:18:ec,d8:d7:75:45:81:24,d8:d7:75:45:81:24,50:02:91:e8:18:ec,d8:d7:75:45:81:24,,-81,1,2412,False,True
1778947209.1763859,data,null_data,50:02:91:e8:18:ec,d8:d7:75:45:81:24,d8:d7:75:45:81:24,50:02:91:e8:18:ec,d8:d7:75:45:81:24,,-81,1,2412,False,True
1778947209.1767,control,ack,,50:02:91:e8:18:ec,50:02:91:e8:18:ec,,,,-42,1,2412,False,False
1778947209.379453,management,beacon,d8:d7:75:45:81:24,ff:ff:ff:ff:ff:ff,ff:ff:ff:ff:ff:ff,d8:d7:75:45:81:24,d8:d7:75:45:81:24,FunBox2-8124,-42,1,2412,False,False
1778947209.3816547,management,probe_request,1a:4d:ad:94:57:bf,ff:ff:ff:ff:ff:ff,ff:ff:ff:ff:ff:ff,1a:4d:ad:94:57:bf,ff:ff:ff:ff:ff:ff,Domek,-84,1,2412,False,False
1778947209.4176965,data,null_data,50:02:91:e8:18:ec,d8:d7:75:45:81:24,d8:d7:75:45:81:24,50:02:91:e8:18:ec,d8:d7:75:45:81:24,,-79,1,2412,False,False
1778947209.4185243,data,null_data,50:02:91:e8:18:ec,d8:d7:75:45:81:24,d8:d7:75:45:81:24,50:02:91:e8:18:ec,d8:d7:75:45:81:24,,-80,1,2412,False,True
1778947209.418527,control,ack,,50:02:91:e8:18:ec,50:02:91:e8:18:ec,,,,-43,1,2412,False,False
1778947209.4800556,management,beacon,d8:d7:75:45:81:24,ff:ff:ff:ff:ff:ff,ff:ff:ff:ff:ff:ff,d8:d7:75:45:81:24,d8:d7:75:45:81:24,FunBox2-8124,-43,1,2412,False,False
1778947209.519769,management,probe_request,6a:d0:0f:27:52:3e,ff:ff:ff:ff:ff:ff,ff:ff:ff:ff:ff:ff,6a:d0:0f:27:52:3e,ff:ff:ff:ff:ff:ff,<hidden>,-31,1,2412,False,False
1778947209.5200717,control,ack,,6a:d0:0f:27:52:3e,6a:d0:0f:27:52:3e,,,,-80,1,2412,False,False
1778947209.5233648,management,probe_response,d8:d7:75:45:81:24,6a:d0:0f:27:52:3e,6a:d0:0f:27:52:3e,d8:d7:75:45:81:24,d8:d7:75:45:81:24,FunBox2-8124,-44,1,2412,False,False
1778947209.5410008,management,probe_response,d8:d7:75:45:81:24,6a:d0:0f:27:52:3e,6a:d0:0f:27:52:3e,d8:d7:75:45:81:24,d8:d7:75:45:81:24,FunBox2-8124,-42,1,2412,False,True
1778947209.5413003,control,ack,,d8:d7:75:45:81:24,d8:d7:75:45:81:24,,,,-31,1,2412,False,False
1778947209.5835261,management,beacon,d8:d7:75:45:81:24,ff:ff:ff:ff:ff:ff,ff:ff:ff:ff:ff:ff,d8:d7:75:45:81:24,d8:d7:75:45:81:24,FunBox2-8124,-45,1,2412,False,False
1778947209.584361,management,probe_request,6a:d0:0f:27:52:3e,ff:ff:ff:ff:ff:ff,ff:ff:ff:ff:ff:ff,6a:d0:0f:27:52:3e,ff:ff:ff:ff:ff:ff,<hidden>,-32,1,2412,False,False
1778947209.6848223,management,beacon,d8:d7:75:45:81:24,ff:ff:ff:ff:ff:ff,ff:ff:ff:ff:ff:ff,d8:d7:75:45:81:24,d8:d7:75:45:81:24,FunBox2-8124,-42,1,2412,False,False
1778947209.7150378,management,probe_response,d8:d7:75:45:81:24,6a:d0:0f:27:52:3e,6a:d0:0f:27:52:3e,d8:d7:75:45:81:24,d8:d7:75:45:81:24,FunBox2-8124,-42,1,2412,False,False
1778947209.7187195,management,probe_response,d8:d7:75:45:81:24,6a:d0:0f:27:52:3e,6a:d0:0f:27:52:3e,d8:d7:75:45:81:24,d8:d7:75:45:81:24,FunBox2-8124,-43,1,2412,False,True
1778947209.7270176,management,probe_response,d8:d7:75:45:81:24,6a:d0:0f:27:52:3e,6a:d0:0f:27:52:3e,d8:d7:75:45:81:24,d8:d7:75:45:81:24,FunBox2-8124,-41,1,2412,False,True
1778947209.7315433,management,probe_response,d8:d7:75:45:81:24,6a:d0:0f:27:52:3e,6a:d0:0f:27:52:3e,d8:d7:75:45:81:24,d8:d7:75:45:81:24,FunBox2-8124,-45,1,2412,False,True
1778947209.8174348,data,null_data,50:02:91:e8:18:ec,d8:d7:75:45:81:24,d8:d7:75:45:81:24,50:02:91:e8:18:ec,d8:d7:75:45:81:24,,-80,1,2412,False,False
1778947209.8174446,control,ack,,50:02:91:e8:18:ec,50:02:91:e8:18:ec,,,,-44,1,2412,False,False
1778947209.8896863,management,beacon,d8:d7:75:45:81:24,ff:ff:ff:ff:ff:ff,ff:ff:ff:ff:ff:ff,d8:d7:75:45:81:24,d8:d7:75:45:81:24,FunBox2-8124,-44,1,2412,False,False
1778947209.993879,management,beacon,d8:d7:75:45:81:24,ff:ff:ff:ff:ff:ff,ff:ff:ff:ff:ff:ff,d8:d7:75:45:81:24,d8:d7:75:45:81:24,FunBox2-8124,-44,1,2412,False,False
1778947210.0587502,data,null_data,50:02:91:e8:18:ec,d8:d7:75:45:81:24,d8:d7:75:45:81:24,50:02:91:e8:18:ec,d8:d7:75:45:81:24,,-79,1,2412,False,False
1778947210.0587616,control,ack,,50:02:91:e8:18:ec,50:02:91:e8:18:ec,,,,-44,1,2412,False,False
1778947210.058763,data,null_data,50:02:91:e8:18:ec,d8:d7:75:45:81:24,d8:d7:75:45:81:24,50:02:91:e8:18:ec,d8:d7:75:45:81:24,,-81,1,2412,False,True
1778947210.058764,control,ack,,50:02:91:e8:18:ec,50:02:91:e8:18:ec,,,,-47,1,2412,False,False
1778947210.094495,management,beacon,d8:d7:75:45:81:24,ff:ff:ff:ff:ff:ff,ff:ff:ff:ff:ff:ff,d8:d7:75:45:81:24,d8:d7:75:45:81:24,FunBox2-8124,-44,1,2412,False,False
1778947210.095712,data,null_data,50:02:91:e8:18:ec,d8:d7:75:45:81:24,d8:d7:75:45:81:24,50:02:91:e8:18:ec,d8:d7:75:45:81:24,,-81,1,2412,False,False
1778947210.095715,control,ack,,50:02:91:e8:18:ec,50:02:91:e8:18:ec,,,,-48,1,2412,False,False
1778947210.1027286,data,data,d8:d7:75:45:81:24,01:00:5e:00:00:01,01:00:5e:00:00:01,d8:d7:75:45:81:24,d8:d7:75:45:81:24,,-45,1,2412,True,False
1778947210.1030369,control,ack,,d8:d7:75:45:81:24,d8:d7:75:45:81:24,,,,-80,1,2412,False,False
1778947210.1968753,management,beacon,d8:d7:75:45:81:24,ff:ff:ff:ff:ff:ff,ff:ff:ff:ff:ff:ff,d8:d7:75:45:81:24,d8:d7:75:45:81:24,FunBox2-8124,-46,1,2412,False,False
1778947210.3434944,control,ack,,50:02:91:e8:18:ec,50:02:91:e8:18:ec,,,,-44,1,2412,False,False
1778947210.401658,management,beacon,d8:d7:75:45:81:24,ff:ff:ff:ff:ff:ff,ff:ff:ff:ff:ff:ff,d8:d7:75:45:81:24,d8:d7:75:45:81:24,FunBox2-8124,-44,1,2412,False,False
1778947210.5040987,management,beacon,d8:d7:75:45:81:24,ff:ff:ff:ff:ff:ff,ff:ff:ff:ff:ff:ff,d8:d7:75:45:81:24,d8:d7:75:45:81:24,FunBox2-8124,-43,1,2412,False,False
1778947210.6065593,management,beacon,d8:d7:75:45:81:24,ff:ff:ff:ff:ff:ff,ff:ff:ff:ff:ff:ff,d8:d7:75:45:81:24,d8:d7:75:45:81:24,FunBox2-8124,-43,1,2412,False,False
1778947210.7089021,management,beacon,d8:d7:75:45:81:24,ff:ff:ff:ff:ff:ff,ff:ff:ff:ff:ff:ff,d8:d7:75:45:81:24,d8:d7:75:45:81:24,FunBox2-8124,-42,1,2412,False,False
1778947210.8112867,management,beacon,d8:d7:75:45:81:24,ff:ff:ff:ff:ff:ff,ff:ff:ff:ff:ff:ff,d8:d7:75:45:81:24,d8:d7:75:45:81:24,FunBox2-8124,-42,1,2412,False,False
1778947210.9136746,management,beacon,d8:d7:75:45:81:24,ff:ff:ff:ff:ff:ff,ff:ff:ff:ff:ff:ff,d8:d7:75:45:81:24,d8:d7:75:45:81:24,FunBox2-8124,-43,1,2412,False,False
1778947211.0161219,management,beacon,d8:d7:75:45:81:24,ff:ff:ff:ff:ff:ff,ff:ff:ff:ff:ff:ff,d8:d7:75:45:81:24,d8:d7:75:45:81:24,FunBox2-8124,-41,1,2412,False,False
1778947211.1185367,management,beacon,d8:d7:75:45:81:24,ff:ff:ff:ff:ff:ff,ff:ff:ff:ff:ff:ff,d8:d7:75:45:81:24,d8:d7:75:45:81:24,FunBox2-8124,-41,1,2412,False,False
1778947211.2209046,management,beacon,d8:d7:75:45:81:24,ff:ff:ff:ff:ff:ff,ff:ff:ff:ff:ff:ff,d8:d7:75:45:81:24,d8:d7:75:45:81:24,FunBox2-8124,-42,1,2412,False,False
1778947211.3255727,data,data,d8:d7:75:45:81:24,ff:ff:ff:ff:ff:ff,ff:ff:ff:ff:ff:ff,d8:d7:75:45:81:24,d8:d7:75:45:81:24,,-46,1,2412,True,False
1778947211.3260841,control,ack,,d8:d7:75:45:81:24,d8:d7:75:45:81:24,,,,-80,1,2412,False,False
1778947211.3260863,data,null_data,50:02:91:e8:18:ec,d8:d7:75:45:81:24,d8:d7:75:45:81:24,50:02:91:e8:18:ec,d8:d7:75:45:81:24,,-80,1,2412,False,False
1778947211.3260884,control,ack,,50:02:91:e8:18:ec,50:02:91:e8:18:ec,,,,-47,1,2412,False,False
1778947211.3274035,data,data,d8:d7:75:45:81:24,ff:ff:ff:ff:ff:ff,ff:ff:ff:ff:ff:ff,d8:d7:75:45:81:24,d8:d7:75:45:81:24,,-45,1,2412,True,False
1778947211.327723,control,ack,,d8:d7:75:45:81:24,d8:d7:75:45:81:24,,,,-81,1,2412,False,False
1778947211.3283017,management,action,d8:d7:75:45:81:24,50:02:91:e8:18:ec,50:02:91:e8:18:ec,d8:d7:75:45:81:24,d8:d7:75:45:81:24,,-46,1,2412,False,False
1778947211.328622,control,ack,,d8:d7:75:45:81:24,d8:d7:75:45:81:24,,,,-79,1,2412,False,False
1778947211.3289185,management,action,50:02:91:e8:18:ec,d8:d7:75:45:81:24,d8:d7:75:45:81:24,50:02:91:e8:18:ec,d8:d7:75:45:81:24,,-81,1,2412,False,False
1778947211.3289206,control,ack,,50:02:91:e8:18:ec,50:02:91:e8:18:ec,,,,-47,1,2412,False,False
1778947211.4271903,management,beacon,d8:d7:75:45:81:24,ff:ff:ff:ff:ff:ff,ff:ff:ff:ff:ff:ff,d8:d7:75:45:81:24,d8:d7:75:45:81:24,FunBox2-8124,-42,1,2412,False,False
1778947211.5281026,management,beacon,d8:d7:75:45:81:24,ff:ff:ff:ff:ff:ff,ff:ff:ff:ff:ff:ff,d8:d7:75:45:81:24,d8:d7:75:45:81:24,FunBox2-8124,-42,1,2412,False,False
1778947211.5697157,data,null_data,50:02:91:e8:18:ec,d8:d7:75:45:81:24,d8:d7:75:45:81:24,50:02:91:e8:18:ec,d8:d7:75:45:81:24,,-80,1,2412,False,False
1778947211.569727,control,ack,,50:02:91:e8:18:ec,50:02:91:e8:18:ec,,,,-44,1,2412,False,False
1778947211.6324356,management,beacon,d8:d7:75:45:81:24,ff:ff:ff:ff:ff:ff,ff:ff:ff:ff:ff:ff,d8:d7:75:45:81:24,d8:d7:75:45:81:24,FunBox2-8124,-45,1,2412,False,False
1778947211.7330344,management,beacon,d8:d7:75:45:81:24,ff:ff:ff:ff:ff:ff,ff:ff:ff:ff:ff:ff,d8:d7:75:45:81:24,d8:d7:75:45:81:24,FunBox2-8124,-43,1,2412,False,False
1778947211.8353117,management,beacon,d8:d7:75:45:81:24,ff:ff:ff:ff:ff:ff,ff:ff:ff:ff:ff:ff,d8:d7:75:45:81:24,d8:d7:75:45:81:24,FunBox2-8124,-43,1,2412,False,False
1778947211.9377105,management,beacon,d8:d7:75:45:81:24,ff:ff:ff:ff:ff:ff,ff:ff:ff:ff:ff:ff,d8:d7:75:45:81:24,d8:d7:75:45:81:24,FunBox2-8124,-43,1,2412,False,False
1778947212.0401647,management,beacon,d8:d7:75:45:81:24,ff:ff:ff:ff:ff:ff,ff:ff:ff:ff:ff:ff,d8:d7:75:45:81:24,d8:d7:75:45:81:24,FunBox2-8124,-43,1,2412,False,False
1778947212.0456817,data,null_data,50:02:91:e8:18:ec,d8:d7:75:45:81:24,d8:d7:75:45:81:24,50:02:91:e8:18:ec,d8:d7:75:45:81:24,,-81,1,2412,False,False
1778947212.045688,control,ack,,50:02:91:e8:18:ec,50:02:91:e8:18:ec,,,,-43,1,2412,False,False
1778947212.142555,management,beacon,d8:d7:75:45:81:24,ff:ff:ff:ff:ff:ff,ff:ff:ff:ff:ff:ff,d8:d7:75:45:81:24,d8:d7:75:45:81:24,FunBox2-8124,-43,1,2412,False,False
1778947212.229359,control,rts,54:35:30:cf:ee:1e,d8:d7:75:45:81:24,d8:d7:75:45:81:24,54:35:30:cf:ee:1e,,,-54,1,2412,False,False
1778947212.2293696,control,cts,,54:35:30:cf:ee:1e,54:35:30:cf:ee:1e,,,,-48,1,2412,False,False
1778947212.2293718,data,qos_data,54:35:30:cf:ee:1e,d8:d7:75:45:81:24,d8:d7:75:45:81:24,54:35:30:cf:ee:1e,ff:ff:ff:ff:ff:ff,,-54,1,2412,True,False
1778947212.2293742,control,block_ack,d8:d7:75:45:81:24,54:35:30:cf:ee:1e,54:35:30:cf:ee:1e,d8:d7:75:45:81:24,,,-46,1,2412,False,False
1778947212.2305794,data,data,d8:d7:75:45:81:24,ff:ff:ff:ff:ff:ff,ff:ff:ff:ff:ff:ff,d8:d7:75:45:81:24,54:35:30:cf:ee:1e,,-45,1,2412,True,False
1778947212.2308953,control,ack,,d8:d7:75:45:81:24,d8:d7:75:45:81:24,,,,-80,1,2412,False,False
1778947212.246075,management,beacon,d8:d7:75:45:81:24,ff:ff:ff:ff:ff:ff,ff:ff:ff:ff:ff:ff,d8:d7:75:45:81:24,d8:d7:75:45:81:24,FunBox2-8124,-45,1,2412,False,False
1778947212.3473775,management,beacon,d8:d7:75:45:81:24,ff:ff:ff:ff:ff:ff,ff:ff:ff:ff:ff:ff,d8:d7:75:45:81:24,d8:d7:75:45:81:24,FunBox2-8124,-41,1,2412,False,False
1778947212.4497888,management,beacon,d8:d7:75:45:81:24,ff:ff:ff:ff:ff:ff,ff:ff:ff:ff:ff:ff,d8:d7:75:45:81:24,d8:d7:75:45:81:24,FunBox2-8124,-45,1,2412,False,False
1778947212.471382,data,null_data,50:02:91:e8:18:ec,d8:d7:75:45:81:24,d8:d7:75:45:81:24,50:02:91:e8:18:ec,d8:d7:75:45:81:24,,-80,1,2412,False,False
1778947212.4713905,control,ack,,50:02:91:e8:18:ec,50:02:91:e8:18:ec,,,,-45,1,2412,False,False
1778947212.481886,control,rts,d8:d7:75:45:81:24,54:35:30:cf:ee:1e,54:35:30:cf:ee:1e,d8:d7:75:45:81:24,,,-47,1,2412,False,False
1778947212.481892,control,cts,,d8:d7:75:45:81:24,d8:d7:75:45:81:24,,,,-54,1,2412,False,False
1778947212.481894,data,qos_data,d8:d7:75:45:81:24,54:35:30:cf:ee:1e,54:35:30:cf:ee:1e,d8:d7:75:45:81:24,a0:29:42:95:01:2d,,-46,1,2412,True,False
1778947212.481896,control,block_ack,54:35:30:cf:ee:1e,d8:d7:75:45:81:24,d8:d7:75:45:81:24,54:35:30:cf:ee:1e,,,-51,1,2412,False,False
1778947212.5534387,management,beacon,d8:d7:75:45:81:24,ff:ff:ff:ff:ff:ff,ff:ff:ff:ff:ff:ff,d8:d7:75:45:81:24,d8:d7:75:45:81:24,FunBox2-8124,-45,1,2412,False,False
1778947212.655658,management,beacon,d8:d7:75:45:81:24,ff:ff:ff:ff:ff:ff,ff:ff:ff:ff:ff:ff,d8:d7:75:45:81:24,d8:d7:75:45:81:24,FunBox2-8124,-44,1,2412,False,False
1778947212.7609258,management,beacon,d8:d7:75:45:81:24,ff:ff:ff:ff:ff:ff,ff:ff:ff:ff:ff:ff,d8:d7:75:45:81:24,d8:d7:75:45:81:24,FunBox2-8124,-43,1,2412,False,False
1778947212.8593676,management,beacon,d8:d7:75:45:81:24,ff:ff:ff:ff:ff:ff,ff:ff:ff:ff:ff:ff,d8:d7:75:45:81:24,d8:d7:75:45:81:24,FunBox2-8124,-48,1,2412,False,False
1778947212.9617865,management,beacon,d8:d7:75:45:81:24,ff:ff:ff:ff:ff:ff,ff:ff:ff:ff:ff:ff,d8:d7:75:45:81:24,d8:d7:75:45:81:24,FunBox2-8124,-45,1,2412,False,False
1778947213.06603,management,beacon,d8:d7:75:45:81:24,ff:ff:ff:ff:ff:ff,ff:ff:ff:ff:ff:ff,d8:d7:75:45:81:24,d8:d7:75:45:81:24,FunBox2-8124,-41,1,2412,False,False
1778947213.1666102,management,beacon,d8:d7:75:45:81:24,ff:ff:ff:ff:ff:ff,ff:ff:ff:ff:ff:ff,d8:d7:75:45:81:24,d8:d7:75:45:81:24,FunBox2-8124,-43,1,2412,False,False
1778947213.2689748,management,beacon,d8:d7:75:45:81:24,ff:ff:ff:ff:ff:ff,ff:ff:ff:ff:ff:ff,d8:d7:75:45:81:24,d8:d7:75:45:81:24,FunBox2-8124,-44,1,2412,False,False
1778947213.473792,management,beacon,d8:d7:75:45:81:24,ff:ff:ff:ff:ff:ff,ff:ff:ff:ff:ff:ff,d8:d7:75:45:81:24,d8:d7:75:45:81:24,FunBox2-8124,-43,1,2412,False,False
1778947213.5773427,management,beacon,d8:d7:75:45:81:24,ff:ff:ff:ff:ff:ff,ff:ff:ff:ff:ff:ff,d8:d7:75:45:81:24,d8:d7:75:45:81:24,FunBox2-8124,-46,1,2412,False,False
1778947213.6807733,management,beacon,d8:d7:75:45:81:24,ff:ff:ff:ff:ff:ff,ff:ff:ff:ff:ff:ff,d8:d7:75:45:81:24,d8:d7:75:45:81:24,FunBox2-8124,-44,1,2412,False,False
1778947213.7809772,management,beacon,d8:d7:75:45:81:24,ff:ff:ff:ff:ff:ff,ff:ff:ff:ff:ff:ff,d8:d7:75:45:81:24,d8:d7:75:45:81:24,FunBox2-8124,-42,1,2412,False,False
1778947213.9857929,management,beacon,d8:d7:75:45:81:24,ff:ff:ff:ff:ff:ff,ff:ff:ff:ff:ff:ff,d8:d7:75:45:81:24,d8:d7:75:45:81:24,FunBox2-8124,-41,1,2412,False,False
1778947214.088236,management,beacon,d8:d7:75:45:81:24,ff:ff:ff:ff:ff:ff,ff:ff:ff:ff:ff:ff,d8:d7:75:45:81:24,d8:d7:75:45:81:24,FunBox2-8124,-42,1,2412,False,False
1778947214.0894113,control,ack,,50:02:91:e8:18:ec,50:02:91:e8:18:ec,,,,-43,1,2412,False,False
1778947214.1906633,management,beacon,d8:d7:75:45:81:24,ff:ff:ff:ff:ff:ff,ff:ff:ff:ff:ff:ff,d8:d7:75:45:81:24,d8:d7:75:45:81:24,FunBox2-8124,-44,1,2412,False,False
1778947214.2948637,management,beacon,d8:d7:75:45:81:24,ff:ff:ff:ff:ff:ff,ff:ff:ff:ff:ff:ff,d8:d7:75:45:81:24,d8:d7:75:45:81:24,FunBox2-8124,-41,1,2412,False,False
1778947214.3303037,data,null_data,50:02:91:e8:18:ec,d8:d7:75:45:81:24,d8:d7:75:45:81:24,50:02:91:e8:18:ec,d8:d7:75:45:81:24,,-81,1,2412,False,False
1778947214.3303204,control,ack,,50:02:91:e8:18:ec,50:02:91:e8:18:ec,,,,-43,1,2412,False,False
1778947214.4979992,management,beacon,d8:d7:75:45:81:24,ff:ff:ff:ff:ff:ff,ff:ff:ff:ff:ff:ff,d8:d7:75:45:81:24,d8:d7:75:45:81:24,FunBox2-8124,-44,1,2412,False,False
1778947214.567586,management,probe_request,f6:35:f8:ad:65:26,ff:ff:ff:ff:ff:ff,ff:ff:ff:ff:ff:ff,f6:35:f8:ad:65:26,ff:ff:ff:ff:ff:ff,<hidden>,-66,1,2412,False,False
1778947214.5708146,management,probe_response,d8:d7:75:45:81:24,f6:35:f8:ad:65:26,f6:35:f8:ad:65:26,d8:d7:75:45:81:24,d8:d7:75:45:81:24,FunBox2-8124,-48,1,2412,False,False
1778947214.571106,control,ack,,d8:d7:75:45:81:24,d8:d7:75:45:81:24,,,,-67,1,2412,False,False
1778947214.5878525,management,probe_request,f6:35:f8:ad:65:26,ff:ff:ff:ff:ff:ff,ff:ff:ff:ff:ff:ff,f6:35:f8:ad:65:26,ff:ff:ff:ff:ff:ff,<hidden>,-66,1,2412,False,False
1778947214.5913734,control,ack,,d8:d7:75:45:81:24,d8:d7:75:45:81:24,,,,-67,1,2412,False,False
1778947214.6082215,management,beacon,d8:d7:75:45:81:24,ff:ff:ff:ff:ff:ff,ff:ff:ff:ff:ff:ff,d8:d7:75:45:81:24,d8:d7:75:45:81:24,FunBox2-8124,-41,1,2412,False,False
1778947214.7026432,management,beacon,d8:d7:75:45:81:24,ff:ff:ff:ff:ff:ff,ff:ff:ff:ff:ff:ff,d8:d7:75:45:81:24,d8:d7:75:45:81:24,FunBox2-8124,-42,1,2412,False,False
1778947214.8050528,management,beacon,d8:d7:75:45:81:24,ff:ff:ff:ff:ff:ff,ff:ff:ff:ff:ff:ff,d8:d7:75:45:81:24,d8:d7:75:45:81:24,FunBox2-8124,-41,1,2412,False,False
1778947214.908583,management,beacon,d8:d7:75:45:81:24,ff:ff:ff:ff:ff:ff,ff:ff:ff:ff:ff:ff,d8:d7:75:45:81:24,d8:d7:75:45:81:24,FunBox2-8124,-48,1,2412,False,False
1778947214.9331403,control,rts,54:35:30:cf:ee:1e,d8:d7:75:45:81:24,d8:d7:75:45:81:24,54:35:30:cf:ee:1e,,,-54,1,2412,False,False
1778947214.933149,control,cts,,54:35:30:cf:ee:1e,54:35:30:cf:ee:1e,,,,-48,1,2412,False,False
1778947214.933151,data,qos_data,54:35:30:cf:ee:1e,d8:d7:75:45:81:24,d8:d7:75:45:81:24,54:35:30:cf:ee:1e,01:00:5e:7f:ff:fa,,-54,1,2412,True,False
1778947214.9331534,control,block_ack,d8:d7:75:45:81:24,54:35:30:cf:ee:1e,54:35:30:cf:ee:1e,d8:d7:75:45:81:24,,,-48,1,2412,False,False
1778947215.0098207,management,beacon,d8:d7:75:45:81:24,ff:ff:ff:ff:ff:ff,ff:ff:ff:ff:ff:ff,d8:d7:75:45:81:24,d8:d7:75:45:81:24,FunBox2-8124,-45,1,2412,False,False
1778947215.0110435,data,data,d8:d7:75:45:81:24,01:00:5e:7f:ff:fa,01:00:5e:7f:ff:fa,d8:d7:75:45:81:24,54:35:30:cf:ee:1e,,-45,1,2412,True,False
1778947215.0117373,control,ack,,d8:d7:75:45:81:24,d8:d7:75:45:81:24,,,,-81,1,2412,False,False
1778947215.0117397,data,null_data,50:02:91:e8:18:ec,d8:d7:75:45:81:24,d8:d7:75:45:81:24,50:02:91:e8:18:ec,d8:d7:75:45:81:24,,-79,1,2412,False,False
1778947215.011741,control,ack,,50:02:91:e8:18:ec,50:02:91:e8:18:ec,,,,-48,1,2412,False,False
1778947215.011742,data,null_data,50:02:91:e8:18:ec,d8:d7:75:45:81:24,d8:d7:75:45:81:24,50:02:91:e8:18:ec,d8:d7:75:45:81:24,,-82,1,2412,False,True
1778947215.0117433,control,ack,,50:02:91:e8:18:ec,50:02:91:e8:18:ec,,,,-49,1,2412,False,False
1778947215.0121303,data,null_data,50:02:91:e8:18:ec,d8:d7:75:45:81:24,d8:d7:75:45:81:24,50:02:91:e8:18:ec,d8:d7:75:45:81:24,,-81,1,2412,False,True
1778947215.0121317,control,ack,,50:02:91:e8:18:ec,50:02:91:e8:18:ec,,,,-47,1,2412,False,False
1778947215.112256,management,beacon,d8:d7:75:45:81:24,ff:ff:ff:ff:ff:ff,ff:ff:ff:ff:ff:ff,d8:d7:75:45:81:24,d8:d7:75:45:81:24,FunBox2-8124,-43,1,2412,False,False
1778947215.2147148,management,beacon,d8:d7:75:45:81:24,ff:ff:ff:ff:ff:ff,ff:ff:ff:ff:ff:ff,d8:d7:75:45:81:24,d8:d7:75:45:81:24,FunBox2-8124,-42,1,2412,False,False
1778947215.2531984,data,null_data,50:02:91:e8:18:ec,d8:d7:75:45:81:24,d8:d7:75:45:81:24,50:02:91:e8:18:ec,d8:d7:75:45:81:24,,-81,1,2412,False,False
1778947215.2532141,control,ack,,50:02:91:e8:18:ec,50:02:91:e8:18:ec,,,,-44,1,2412,False,False
1778947215.317041,management,beacon,d8:d7:75:45:81:24,ff:ff:ff:ff:ff:ff,ff:ff:ff:ff:ff:ff,d8:d7:75:45:81:24,d8:d7:75:45:81:24,FunBox2-8124,-43,1,2412,False,False
1778947215.5240958,management,beacon,d8:d7:75:45:81:24,ff:ff:ff:ff:ff:ff,ff:ff:ff:ff:ff:ff,d8:d7:75:45:81:24,d8:d7:75:45:81:24,FunBox2-8124,-43,1,2412,False,False
1778947215.6242697,management,beacon,d8:d7:75:45:81:24,ff:ff:ff:ff:ff:ff,ff:ff:ff:ff:ff:ff,d8:d7:75:45:81:24,d8:d7:75:45:81:24,FunBox2-8124,-40,1,2412,False,False
1778947215.72668,management,beacon,d8:d7:75:45:81:24,ff:ff:ff:ff:ff:ff,ff:ff:ff:ff:ff:ff,d8:d7:75:45:81:24,d8:d7:75:45:81:24,FunBox2-8124,-41,1,2412,False,False
1778947215.8309517,management,beacon,d8:d7:75:45:81:24,ff:ff:ff:ff:ff:ff,ff:ff:ff:ff:ff:ff,d8:d7:75:45:81:24,d8:d7:75:45:81:24,FunBox2-8124,-41,1,2412,False,False
1778947216.0338895,management,beacon,d8:d7:75:45:81:24,ff:ff:ff:ff:ff:ff,ff:ff:ff:ff:ff:ff,d8:d7:75:45:81:24,d8:d7:75:45:81:24,FunBox2-8124,-44,1,2412,False,False
1778947216.1362667,management,beacon,d8:d7:75:45:81:24,ff:ff:ff:ff:ff:ff,ff:ff:ff:ff:ff:ff,d8:d7:75:45:81:24,d8:d7:75:45:81:24,FunBox2-8124,-41,1,2412,False,False
1778947216.2387283,management,beacon,d8:d7:75:45:81:24,ff:ff:ff:ff:ff:ff,ff:ff:ff:ff:ff:ff,d8:d7:75:45:81:24,d8:d7:75:45:81:24,FunBox2-8124,-43,1,2412,False,False
1778947216.3422556,management,beacon,d8:d7:75:45:81:24,ff:ff:ff:ff:ff:ff,ff:ff:ff:ff:ff:ff,d8:d7:75:45:81:24,d8:d7:75:45:81:24,FunBox2-8124,-47,1,2412,False,False
1778947216.5458972,management,beacon,d8:d7:75:45:81:24,ff:ff:ff:ff:ff:ff,ff:ff:ff:ff:ff:ff,d8:d7:75:45:81:24,d8:d7:75:45:81:24,FunBox2-8124,-42,1,2412,False,False
1778947216.5470858,data,null_data,50:02:91:e8:18:ec,d8:d7:75:45:81:24,d8:d7:75:45:81:24,50:02:91:e8:18:ec,d8:d7:75:45:81:24,,-81,1,2412,False,False
1778947216.5473194,data,null_data,50:02:91:e8:18:ec,d8:d7:75:45:81:24,d8:d7:75:45:81:24,50:02:91:e8:18:ec,d8:d7:75:45:81:24,,-81,1,2412,False,True
1778947216.5473208,control,ack,,50:02:91:e8:18:ec,50:02:91:e8:18:ec,,,,-44,1,2412,False,False
1778947216.6482859,management,beacon,d8:d7:75:45:81:24,ff:ff:ff:ff:ff:ff,ff:ff:ff:ff:ff:ff,d8:d7:75:45:81:24,d8:d7:75:45:81:24,FunBox2-8124,-45,1,2412,False,False
1778947216.7526135,management,beacon,d8:d7:75:45:81:24,ff:ff:ff:ff:ff:ff,ff:ff:ff:ff:ff:ff,d8:d7:75:45:81:24,d8:d7:75:45:81:24,FunBox2-8124,-42,1,2412,False,False
1778947216.7882068,data,null_data,50:02:91:e8:18:ec,d8:d7:75:45:81:24,d8:d7:75:45:81:24,50:02:91:e8:18:ec,d8:d7:75:45:81:24,,-80,1,2412,False,False
1778947216.7882185,control,ack,,50:02:91:e8:18:ec,50:02:91:e8:18:ec,,,,-44,1,2412,False,False
1778947216.8530831,management,beacon,d8:d7:75:45:81:24,ff:ff:ff:ff:ff:ff,ff:ff:ff:ff:ff:ff,d8:d7:75:45:81:24,d8:d7:75:45:81:24,FunBox2-8124,-47,1,2412,False,False
1778947217.0579212,management,beacon,d8:d7:75:45:81:24,ff:ff:ff:ff:ff:ff,ff:ff:ff:ff:ff:ff,d8:d7:75:45:81:24,d8:d7:75:45:81:24,FunBox2-8124,-42,1,2412,False,False
1778947217.1603255,management,beacon,d8:d7:75:45:81:24,ff:ff:ff:ff:ff:ff,ff:ff:ff:ff:ff:ff,d8:d7:75:45:81:24,d8:d7:75:45:81:24,FunBox2-8124,-42,1,2412,False,False
1778947217.2632134,management,beacon,d8:d7:75:45:81:24,ff:ff:ff:ff:ff:ff,ff:ff:ff:ff:ff:ff,d8:d7:75:45:81:24,d8:d7:75:45:81:24,FunBox2-8124,-45,1,2412,False,False
1778947217.3651063,management,beacon,d8:d7:75:45:81:24,ff:ff:ff:ff:ff:ff,ff:ff:ff:ff:ff:ff,d8:d7:75:45:81:24,d8:d7:75:45:81:24,FunBox2-8124,-43,1,2412,False,False
1778947217.570076,management,beacon,d8:d7:75:45:81:24,ff:ff:ff:ff:ff:ff,ff:ff:ff:ff:ff:ff,d8:d7:75:45:81:24,d8:d7:75:45:81:24,FunBox2-8124,-42,1,2412,False,False
1778947217.6730437,management,beacon,d8:d7:75:45:81:24,ff:ff:ff:ff:ff:ff,ff:ff:ff:ff:ff:ff,d8:d7:75:45:81:24,d8:d7:75:45:81:24,FunBox2-8124,-44,1,2412,False,False
1778947217.7747238,management,beacon,d8:d7:75:45:81:24,ff:ff:ff:ff:ff:ff,ff:ff:ff:ff:ff:ff,d8:d7:75:45:81:24,d8:d7:75:45:81:24,FunBox2-8124,-44,1,2412,False,False
1778947217.775827,data,null_data,50:02:91:e8:18:ec,d8:d7:75:45:81:24,d8:d7:75:45:81:24,50:02:91:e8:18:ec,d8:d7:75:45:81:24,,-80,1,2412,False,False
1778947217.7760866,data,null_data,50:02:91:e8:18:ec,d8:d7:75:45:81:24,d8:d7:75:45:81:24,50:02:91:e8:18:ec,d8:d7:75:45:81:24,,-80,1,2412,False,True
1778947217.776089,control,ack,,50:02:91:e8:18:ec,50:02:91:e8:18:ec,,,,-44,1,2412,False,False
1778947217.8771303,management,beacon,d8:d7:75:45:81:24,ff:ff:ff:ff:ff:ff,ff:ff:ff:ff:ff:ff,d8:d7:75:45:81:24,d8:d7:75:45:81:24,FunBox2-8124,-42,1,2412,False,False
1778947218.0169675,data,null_data,50:02:91:e8:18:ec,d8:d7:75:45:81:24,d8:d7:75:45:81:24,50:02:91:e8:18:ec,d8:d7:75:45:81:24,,-82,1,2412,False,False
1778947218.0169795,control,ack,,50:02:91:e8:18:ec,50:02:91:e8:18:ec,,,,-44,1,2412,False,False
1778947218.184366,management,beacon,d8:d7:75:45:81:24,ff:ff:ff:ff:ff:ff,ff:ff:ff:ff:ff:ff,d8:d7:75:45:81:24,d8:d7:75:45:81:24,FunBox2-8124,-43,1,2412,False,False
1778947218.286913,management,beacon,d8:d7:75:45:81:24,ff:ff:ff:ff:ff:ff,ff:ff:ff:ff:ff:ff,d8:d7:75:45:81:24,d8:d7:75:45:81:24,FunBox2-8124,-44,1,2412,False,False
1778947218.3891604,management,beacon,d8:d7:75:45:81:24,ff:ff:ff:ff:ff:ff,ff:ff:ff:ff:ff:ff,d8:d7:75:45:81:24,d8:d7:75:45:81:24,FunBox2-8124,-43,1,2412,False,False
1778947218.491549,management,beacon,d8:d7:75:45:81:24,ff:ff:ff:ff:ff:ff,ff:ff:ff:ff:ff:ff,d8:d7:75:45:81:24,d8:d7:75:45:81:24,FunBox2-8124,-42,1,2412,False,False
1778947218.5958533,management,beacon,d8:d7:75:45:81:24,ff:ff:ff:ff:ff:ff,ff:ff:ff:ff:ff:ff,d8:d7:75:45:81:24,d8:d7:75:45:81:24,FunBox2-8124,-41,1,2412,False,False
1778947218.6963592,management,beacon,d8:d7:75:45:81:24,ff:ff:ff:ff:ff:ff,ff:ff:ff:ff:ff:ff,d8:d7:75:45:81:24,d8:d7:75:45:81:24,FunBox2-8124,-41,1,2412,False,False
1778947218.7987764,management,beacon,d8:d7:75:45:81:24,ff:ff:ff:ff:ff:ff,ff:ff:ff:ff:ff:ff,d8:d7:75:45:81:24,d8:d7:75:45:81:24,FunBox2-8124,-42,1,2412,False,False
1778947218.9031057,management,beacon,d8:d7:75:45:81:24,ff:ff:ff:ff:ff:ff,ff:ff:ff:ff:ff:ff,d8:d7:75:45:81:24,d8:d7:75:45:81:24,FunBox2-8124,-42,1,2412,False,False
1778947219.0035722,management,beacon,d8:d7:75:45:81:24,ff:ff:ff:ff:ff:ff,ff:ff:ff:ff:ff:ff,d8:d7:75:45:81:24,d8:d7:75:45:81:24,FunBox2-8124,-42,1,2412,False,False
1778947219.0046897,data,null_data,50:02:91:e8:18:ec,d8:d7:75:45:81:24,d8:d7:75:45:81:24,50:02:91:e8:18:ec,d8:d7:75:45:81:24,,-79,1,2412,False,False
1778947219.0048718,data,null_data,50:02:91:e8:18:ec,d8:d7:75:45:81:24,d8:d7:75:45:81:24,50:02:91:e8:18:ec,d8:d7:75:45:81:24,,-81,1,2412,False,True
1778947219.0051787,data,null_data,50:02:91:e8:18:ec,d8:d7:75:45:81:24,d8:d7:75:45:81:24,50:02:91:e8:18:ec,d8:d7:75:45:81:24,,-80,1,2412,False,True
1778947219.00553,data,null_data,50:02:91:e8:18:ec,d8:d7:75:45:81:24,d8:d7:75:45:81:24,50:02:91:e8:18:ec,d8:d7:75:45:81:24,,-81,1,2412,False,True
1778947219.0061219,data,null_data,50:02:91:e8:18:ec,d8:d7:75:45:81:24,d8:d7:75:45:81:24,50:02:91:e8:18:ec,d8:d7:75:45:81:24,,-81,1,2412,False,True
1778947219.0066628,data,null_data,50:02:91:e8:18:ec,d8:d7:75:45:81:24,d8:d7:75:45:81:24,50:02:91:e8:18:ec,d8:d7:75:45:81:24,,-80,1,2412,False,True
1778947219.0069633,control,ack,,50:02:91:e8:18:ec,50:02:91:e8:18:ec,,,,-44,1,2412,False,False
1778947219.1072154,management,beacon,d8:d7:75:45:81:24,ff:ff:ff:ff:ff:ff,ff:ff:ff:ff:ff:ff,d8:d7:75:45:81:24,d8:d7:75:45:81:24,FunBox2-8124,-43,1,2412,False,False
1778947219.210323,management,beacon,d8:d7:75:45:81:24,ff:ff:ff:ff:ff:ff,ff:ff:ff:ff:ff:ff,d8:d7:75:45:81:24,d8:d7:75:45:81:24,FunBox2-8124,-43,1,2412,False,False
1778947219.2479358,data,null_data,50:02:91:e8:18:ec,d8:d7:75:45:81:24,d8:d7:75:45:81:24,50:02:91:e8:18:ec,d8:d7:75:45:81:24,,-81,1,2412,False,False
1778947219.2481656,data,null_data,50:02:91:e8:18:ec,d8:d7:75:45:81:24,d8:d7:75:45:81:24,50:02:91:e8:18:ec,d8:d7:75:45:81:24,,-82,1,2412,False,True
1778947219.248167,control,ack,,50:02:91:e8:18:ec,50:02:91:e8:18:ec,,,,-48,1,2412,False,False
1778947219.3120391,management,beacon,d8:d7:75:45:81:24,ff:ff:ff:ff:ff:ff,ff:ff:ff:ff:ff:ff,d8:d7:75:45:81:24,d8:d7:75:45:81:24,FunBox2-8124,-44,1,2412,False,False
1778947219.413199,management,beacon,d8:d7:75:45:81:24,ff:ff:ff:ff:ff:ff,ff:ff:ff:ff:ff:ff,d8:d7:75:45:81:24,d8:d7:75:45:81:24,FunBox2-8124,-46,1,2412,False,False
1778947219.7203982,management,beacon,d8:d7:75:45:81:24,ff:ff:ff:ff:ff:ff,ff:ff:ff:ff:ff:ff,d8:d7:75:45:81:24,d8:d7:75:45:81:24,FunBox2-8124,-41,1,2412,False,False
1778947219.7259839,data,null_data,50:02:91:e8:18:ec,d8:d7:75:45:81:24,d8:d7:75:45:81:24,50:02:91:e8:18:ec,d8:d7:75:45:81:24,,-80,1,2412,False,False
1778947219.7259915,control,ack,,50:02:91:e8:18:ec,50:02:91:e8:18:ec,,,,-44,1,2412,False,False
1778947219.8229747,management,beacon,d8:d7:75:45:81:24,ff:ff:ff:ff:ff:ff,ff:ff:ff:ff:ff:ff,d8:d7:75:45:81:24,d8:d7:75:45:81:24,FunBox2-8124,-41,1,2412,False,False
1778947219.9264593,management,beacon,d8:d7:75:45:81:24,ff:ff:ff:ff:ff:ff,ff:ff:ff:ff:ff:ff,d8:d7:75:45:81:24,d8:d7:75:45:81:24,FunBox2-8124,-44,1,2412,False,False
1778947219.966842,data,null_data,50:02:91:e8:18:ec,d8:d7:75:45:81:24,d8:d7:75:45:81:24,50:02:91:e8:18:ec,d8:d7:75:45:81:24,,-81,1,2412,False,False
1778947219.9668555,control,ack,,50:02:91:e8:18:ec,50:02:91:e8:18:ec,,,,-44,1,2412,False,False
1778947220.0279214,management,beacon,d8:d7:75:45:81:24,ff:ff:ff:ff:ff:ff,ff:ff:ff:ff:ff:ff,d8:d7:75:45:81:24,d8:d7:75:45:81:24,FunBox2-8124,-43,1,2412,False,False
1778947220.2324173,management,beacon,d8:d7:75:45:81:24,ff:ff:ff:ff:ff:ff,ff:ff:ff:ff:ff:ff,d8:d7:75:45:81:24,d8:d7:75:45:81:24,FunBox2-8124,-41,1,2412,False,False
1778947220.233662,data,null_data,50:02:91:e8:18:ec,d8:d7:75:45:81:24,d8:d7:75:45:81:24,50:02:91:e8:18:ec,d8:d7:75:45:81:24,,-80,1,2412,False,False
1778947220.2336664,control,ack,,50:02:91:e8:18:ec,50:02:91:e8:18:ec,,,,-45,1,2412,False,False
1778947220.3361456,management,beacon,d8:d7:75:45:81:24,ff:ff:ff:ff:ff:ff,ff:ff:ff:ff:ff:ff,d8:d7:75:45:81:24,d8:d7:75:45:81:24,FunBox2-8124,-44,1,2412,False,False
1778947220.4372191,management,beacon,d8:d7:75:45:81:24,ff:ff:ff:ff:ff:ff,ff:ff:ff:ff:ff:ff,d8:d7:75:45:81:24,d8:d7:75:45:81:24,FunBox2-8124,-43,1,2412,False,False
1778947220.4745347,data,null_data,50:02:91:e8:18:ec,d8:d7:75:45:81:24,d8:d7:75:45:81:24,50:02:91:e8:18:ec,d8:d7:75:45:81:24,,-80,1,2412,False,False
1778947220.4745517,control,ack,,50:02:91:e8:18:ec,50:02:91:e8:18:ec,,,,-44,1,2412,False,False
1778947220.5396273,management,beacon,d8:d7:75:45:81:24,ff:ff:ff:ff:ff:ff,ff:ff:ff:ff:ff:ff,d8:d7:75:45:81:24,d8:d7:75:45:81:24,FunBox2-8124,-43,1,2412,False,False
1778947220.7463691,management,beacon,d8:d7:75:45:81:24,ff:ff:ff:ff:ff:ff,ff:ff:ff:ff:ff:ff,d8:d7:75:45:81:24,d8:d7:75:45:81:24,FunBox2-8124,-43,1,2412,False,False
1778947220.848124,management,beacon,d8:d7:75:45:81:24,ff:ff:ff:ff:ff:ff,ff:ff:ff:ff:ff:ff,d8:d7:75:45:81:24,d8:d7:75:45:81:24,FunBox2-8124,-44,1,2412,False,False
1778947220.9492915,management,beacon,d8:d7:75:45:81:24,ff:ff:ff:ff:ff:ff,ff:ff:ff:ff:ff:ff,d8:d7:75:45:81:24,d8:d7:75:45:81:24,FunBox2-8124,-42,1,2412,False,False
1778947221.052913,management,beacon,d8:d7:75:45:81:24,ff:ff:ff:ff:ff:ff,ff:ff:ff:ff:ff:ff,d8:d7:75:45:81:24,d8:d7:75:45:81:24,FunBox2-8124,-44,1,2412,False,False
1778947221.2564619,management,beacon,d8:d7:75:45:81:24,ff:ff:ff:ff:ff:ff,ff:ff:ff:ff:ff:ff,d8:d7:75:45:81:24,d8:d7:75:45:81:24,FunBox2-8124,-43,1,2412,False,False
1778947221.3590286,management,beacon,d8:d7:75:45:81:24,ff:ff:ff:ff:ff:ff,ff:ff:ff:ff:ff:ff,d8:d7:75:45:81:24,d8:d7:75:45:81:24,FunBox2-8124,-42,1,2412,False,False
1778947221.4612691,management,beacon,d8:d7:75:45:81:24,ff:ff:ff:ff:ff:ff,ff:ff:ff:ff:ff:ff,d8:d7:75:45:81:24,d8:d7:75:45:81:24,FunBox2-8124,-43,1,2412,False,False
1778947221.4624116,data,null_data,50:02:91:e8:18:ec,d8:d7:75:45:81:24,d8:d7:75:45:81:24,50:02:91:e8:18:ec,d8:d7:75:45:81:24,,-81,1,2412,False,False
1778947221.4625967,data,null_data,50:02:91:e8:18:ec,d8:d7:75:45:81:24,d8:d7:75:45:81:24,50:02:91:e8:18:ec,d8:d7:75:45:81:24,,-79,1,2412,False,True
1778947221.4629705,data,null_data,50:02:91:e8:18:ec,d8:d7:75:45:81:24,d8:d7:75:45:81:24,50:02:91:e8:18:ec,d8:d7:75:45:81:24,,-81,1,2412,False,True
1778947221.4632854,data,null_data,50:02:91:e8:18:ec,d8:d7:75:45:81:24,d8:d7:75:45:81:24,50:02:91:e8:18:ec,d8:d7:75:45:81:24,,-82,1,2412,False,True
1778947221.463817,data,null_data,50:02:91:e8:18:ec,d8:d7:75:45:81:24,d8:d7:75:45:81:24,50:02:91:e8:18:ec,d8:d7:75:45:81:24,,-81,1,2412,False,True
1778947221.4643998,data,null_data,50:02:91:e8:18:ec,d8:d7:75:45:81:24,d8:d7:75:45:81:24,50:02:91:e8:18:ec,d8:d7:75:45:81:24,,-81,1,2412,False,True
1778947221.4647188,control,ack,,50:02:91:e8:18:ec,50:02:91:e8:18:ec,,,,-42,1,2412,False,False
1778947221.5637221,management,beacon,d8:d7:75:45:81:24,ff:ff:ff:ff:ff:ff,ff:ff:ff:ff:ff:ff,d8:d7:75:45:81:24,d8:d7:75:45:81:24,FunBox2-8124,-43,1,2412,False,False
1778947221.6683662,management,beacon,d8:d7:75:45:81:24,ff:ff:ff:ff:ff:ff,ff:ff:ff:ff:ff:ff,d8:d7:75:45:81:24,d8:d7:75:45:81:24,FunBox2-8124,-44,1,2412,False,False
1778947221.705736,data,null_data,50:02:91:e8:18:ec,d8:d7:75:45:81:24,d8:d7:75:45:81:24,50:02:91:e8:18:ec,d8:d7:75:45:81:24,,-81,1,2412,False,False
1778947221.705747,control,ack,,50:02:91:e8:18:ec,50:02:91:e8:18:ec,,,,-43,1,2412,False,False
1778947221.7684753,management,beacon,d8:d7:75:45:81:24,ff:ff:ff:ff:ff:ff,ff:ff:ff:ff:ff:ff,d8:d7:75:45:81:24,d8:d7:75:45:81:24,FunBox2-8124,-44,1,2412,False,False
1778947221.8708758,management,beacon,d8:d7:75:45:81:24,ff:ff:ff:ff:ff:ff,ff:ff:ff:ff:ff:ff,d8:d7:75:45:81:24,d8:d7:75:45:81:24,FunBox2-8124,-45,1,2412,False,False
1778947221.9752405,management,beacon,d8:d7:75:45:81:24,ff:ff:ff:ff:ff:ff,ff:ff:ff:ff:ff:ff,d8:d7:75:45:81:24,d8:d7:75:45:81:24,FunBox2-8124,-44,1,2412,False,False
1778947222.075687,management,beacon,d8:d7:75:45:81:24,ff:ff:ff:ff:ff:ff,ff:ff:ff:ff:ff:ff,d8:d7:75:45:81:24,d8:d7:75:45:81:24,FunBox2-8124,-42,1,2412,False,False
1778947222.2833815,management,beacon,d8:d7:75:45:81:24,ff:ff:ff:ff:ff:ff,ff:ff:ff:ff:ff:ff,d8:d7:75:45:81:24,d8:d7:75:45:81:24,FunBox2-8124,-42,1,2412,False,False
1778947222.382908,management,beacon,d8:d7:75:45:81:24,ff:ff:ff:ff:ff:ff,ff:ff:ff:ff:ff:ff,d8:d7:75:45:81:24,d8:d7:75:45:81:24,FunBox2-8124,-44,1,2412,False,False
1778947222.4853246,management,beacon,d8:d7:75:45:81:24,ff:ff:ff:ff:ff:ff,ff:ff:ff:ff:ff:ff,d8:d7:75:45:81:24,d8:d7:75:45:81:24,FunBox2-8124,-43,1,2412,False,False
1778947222.5877168,management,beacon,d8:d7:75:45:81:24,ff:ff:ff:ff:ff:ff,ff:ff:ff:ff:ff:ff,d8:d7:75:45:81:24,d8:d7:75:45:81:24,FunBox2-8124,-43,1,2412,False,False
1778947222.6912827,data,null_data,50:02:91:e8:18:ec,d8:d7:75:45:81:24,d8:d7:75:45:81:24,50:02:91:e8:18:ec,d8:d7:75:45:81:24,,-81,1,2412,False,False
1778947222.6912966,control,ack,,50:02:91:e8:18:ec,50:02:91:e8:18:ec,,,,-46,1,2412,False,False
1778947222.792539,management,beacon,d8:d7:75:45:81:24,ff:ff:ff:ff:ff:ff,ff:ff:ff:ff:ff:ff,d8:d7:75:45:81:24,d8:d7:75:45:81:24,FunBox2-8124,-42,1,2412,False,False
1778947222.8952053,management,beacon,d8:d7:75:45:81:24,ff:ff:ff:ff:ff:ff,ff:ff:ff:ff:ff:ff,d8:d7:75:45:81:24,d8:d7:75:45:81:24,FunBox2-8124,-42,1,2412,False,False
1778947222.932178,data,null_data,50:02:91:e8:18:ec,d8:d7:75:45:81:24,d8:d7:75:45:81:24,50:02:91:e8:18:ec,d8:d7:75:45:81:24,,-80,1,2412,False,False
1778947222.932188,control,ack,,50:02:91:e8:18:ec,50:02:91:e8:18:ec,,,,-44,1,2412,False,False
1778947222.99735,management,beacon,d8:d7:75:45:81:24,ff:ff:ff:ff:ff:ff,ff:ff:ff:ff:ff:ff,d8:d7:75:45:81:24,d8:d7:75:45:81:24,FunBox2-8124,-46,1,2412,False,False
1778947223.1004934,management,beacon,d8:d7:75:45:81:24,ff:ff:ff:ff:ff:ff,ff:ff:ff:ff:ff:ff,d8:d7:75:45:81:24,d8:d7:75:45:81:24,FunBox2-8124,-43,1,2412,False,False
1778947223.304531,management,beacon,d8:d7:75:45:81:24,ff:ff:ff:ff:ff:ff,ff:ff:ff:ff:ff:ff,d8:d7:75:45:81:24,d8:d7:75:45:81:24,FunBox2-8124,-42,1,2412,False,False
1778947223.4083076,management,beacon,d8:d7:75:45:81:24,ff:ff:ff:ff:ff:ff,ff:ff:ff:ff:ff:ff,d8:d7:75:45:81:24,d8:d7:75:45:81:24,FunBox2-8124,-42,1,2412,False,False
1778947223.4921684,management,probe_request,6a:d0:0f:27:52:3e,ff:ff:ff:ff:ff:ff,ff:ff:ff:ff:ff:ff,6a:d0:0f:27:52:3e,ff:ff:ff:ff:ff:ff,<hidden>,-31,1,2412,False,False
1778947223.4954493,management,probe_response,d8:d7:75:45:81:24,6a:d0:0f:27:52:3e,6a:d0:0f:27:52:3e,d8:d7:75:45:81:24,d8:d7:75:45:81:24,FunBox2-8124,-44,1,2412,False,False
1778947223.4957464,control,ack,,d8:d7:75:45:81:24,d8:d7:75:45:81:24,,,,-32,1,2412,False,False
1778947223.5125525,management,beacon,d8:d7:75:45:81:24,ff:ff:ff:ff:ff:ff,ff:ff:ff:ff:ff:ff,d8:d7:75:45:81:24,d8:d7:75:45:81:24,FunBox2-8124,-42,1,2412,False,False
1778947223.5559564,management,probe_request,6a:d0:0f:27:52:3e,ff:ff:ff:ff:ff:ff,ff:ff:ff:ff:ff:ff,6a:d0:0f:27:52:3e,ff:ff:ff:ff:ff:ff,<hidden>,-31,1,2412,False,False
1778947223.611745,management,beacon,d8:d7:75:45:81:24,ff:ff:ff:ff:ff:ff,ff:ff:ff:ff:ff:ff,d8:d7:75:45:81:24,d8:d7:75:45:81:24,FunBox2-8124,-42,1,2412,False,False
1778947223.751071,management,probe_response,d8:d7:75:45:81:24,6a:d0:0f:27:52:3e,6a:d0:0f:27:52:3e,d8:d7:75:45:81:24,d8:d7:75:45:81:24,FunBox2-8124,-43,1,2412,False,False
1778947223.7549634,management,probe_response,d8:d7:75:45:81:24,6a:d0:0f:27:52:3e,6a:d0:0f:27:52:3e,d8:d7:75:45:81:24,d8:d7:75:45:81:24,FunBox2-8124,-44,1,2412,False,True
1778947223.758935,management,probe_response,d8:d7:75:45:81:24,6a:d0:0f:27:52:3e,6a:d0:0f:27:52:3e,d8:d7:75:45:81:24,d8:d7:75:45:81:24,FunBox2-8124,-43,1,2412,False,True
1778947223.76271,management,probe_response,d8:d7:75:45:81:24,6a:d0:0f:27:52:3e,6a:d0:0f:27:52:3e,d8:d7:75:45:81:24,d8:d7:75:45:81:24,FunBox2-8124,-44,1,2412,False,True
1778947223.766674,management,probe_response,d8:d7:75:45:81:24,6a:d0:0f:27:52:3e,6a:d0:0f:27:52:3e,d8:d7:75:45:81:24,d8:d7:75:45:81:24,FunBox2-8124,-44,1,2412,False,True
1778947223.8185232,management,beacon,d8:d7:75:45:81:24,ff:ff:ff:ff:ff:ff,ff:ff:ff:ff:ff:ff,d8:d7:75:45:81:24,d8:d7:75:45:81:24,FunBox2-8124,-42,1,2412,False,False
1778947223.9189548,management,beacon,d8:d7:75:45:81:24,ff:ff:ff:ff:ff:ff,ff:ff:ff:ff:ff:ff,d8:d7:75:45:81:24,d8:d7:75:45:81:24,FunBox2-8124,-45,1,2412,False,False
1778947224.0220904,management,beacon,d8:d7:75:45:81:24,ff:ff:ff:ff:ff:ff,ff:ff:ff:ff:ff:ff,d8:d7:75:45:81:24,d8:d7:75:45:81:24,FunBox2-8124,-44,1,2412,False,False
1778947224.0233133,data,null_data,50:02:91:e8:18:ec,d8:d7:75:45:81:24,d8:d7:75:45:81:24,50:02:91:e8:18:ec,d8:d7:75:45:81:24,,-80,1,2412,False,False
1778947224.023317,control,ack,,50:02:91:e8:18:ec,50:02:91:e8:18:ec,,,,-47,1,2412,False,False
1778947224.1245756,management,beacon,d8:d7:75:45:81:24,ff:ff:ff:ff:ff:ff,ff:ff:ff:ff:ff:ff,d8:d7:75:45:81:24,d8:d7:75:45:81:24,FunBox2-8124,-41,1,2412,False,False
1778947224.2261739,management,beacon,d8:d7:75:45:81:24,ff:ff:ff:ff:ff:ff,ff:ff:ff:ff:ff:ff,d8:d7:75:45:81:24,d8:d7:75:45:81:24,FunBox2-8124,-42,1,2412,False,False
1778947224.2641647,data,null_data,50:02:91:e8:18:ec,d8:d7:75:45:81:24,d8:d7:75:45:81:24,50:02:91:e8:18:ec,d8:d7:75:45:81:24,,-82,1,2412,False,False
1778947224.2641754,control,ack,,50:02:91:e8:18:ec,50:02:91:e8:18:ec,,,,-44,1,2412,False,False
1778947224.328579,management,beacon,d8:d7:75:45:81:24,ff:ff:ff:ff:ff:ff,ff:ff:ff:ff:ff:ff,d8:d7:75:45:81:24,d8:d7:75:45:81:24,FunBox2-8124,-42,1,2412,False,False
1778947224.4323306,management,beacon,d8:d7:75:45:81:24,ff:ff:ff:ff:ff:ff,ff:ff:ff:ff:ff:ff,d8:d7:75:45:81:24,d8:d7:75:45:81:24,FunBox2-8124,-44,1,2412,False,False
1778947224.5345829,management,beacon,d8:d7:75:45:81:24,ff:ff:ff:ff:ff:ff,ff:ff:ff:ff:ff:ff,d8:d7:75:45:81:24,d8:d7:75:45:81:24,FunBox2-8124,-43,1,2412,False,False
1778947224.6358292,management,beacon,d8:d7:75:45:81:24,ff:ff:ff:ff:ff:ff,ff:ff:ff:ff:ff:ff,d8:d7:75:45:81:24,d8:d7:75:45:81:24,FunBox2-8124,-44,1,2412,False,False
1778947224.7420354,management,beacon,d8:d7:75:45:81:24,ff:ff:ff:ff:ff:ff,ff:ff:ff:ff:ff:ff,d8:d7:75:45:81:24,d8:d7:75:45:81:24,FunBox2-8124,-44,1,2412,False,False
1778947224.840586,management,beacon,d8:d7:75:45:81:24,ff:ff:ff:ff:ff:ff,ff:ff:ff:ff:ff:ff,d8:d7:75:45:81:24,d8:d7:75:45:81:24,FunBox2-8124,-45,1,2412,False,False
1778947224.942988,management,beacon,d8:d7:75:45:81:24,ff:ff:ff:ff:ff:ff,ff:ff:ff:ff:ff:ff,d8:d7:75:45:81:24,d8:d7:75:45:81:24,FunBox2-8124,-44,1,2412,False,False
1778947225.0476856,management,beacon,d8:d7:75:45:81:24,ff:ff:ff:ff:ff:ff,ff:ff:ff:ff:ff:ff,d8:d7:75:45:81:24,d8:d7:75:45:81:24,FunBox2-8124,-46,1,2412,False,False
1778947225.1478412,management,beacon,d8:d7:75:45:81:24,ff:ff:ff:ff:ff:ff,ff:ff:ff:ff:ff:ff,d8:d7:75:45:81:24,d8:d7:75:45:81:24,FunBox2-8124,-43,1,2412,False,False
1778947225.2502186,management,beacon,d8:d7:75:45:81:24,ff:ff:ff:ff:ff:ff,ff:ff:ff:ff:ff:ff,d8:d7:75:45:81:24,d8:d7:75:45:81:24,FunBox2-8124,-43,1,2412,False,False
1778947225.3546007,management,beacon,d8:d7:75:45:81:24,ff:ff:ff:ff:ff:ff,ff:ff:ff:ff:ff:ff,d8:d7:75:45:81:24,d8:d7:75:45:81:24,FunBox2-8124,-44,1,2412,False,False
1778947225.4563668,management,beacon,d8:d7:75:45:81:24,ff:ff:ff:ff:ff:ff,ff:ff:ff:ff:ff:ff,d8:d7:75:45:81:24,d8:d7:75:45:81:24,FunBox2-8124,-44,1,2412,False,False
1778947225.457801,data,null_data,50:02:91:e8:18:ec,d8:d7:75:45:81:24,d8:d7:75:45:81:24,50:02:91:e8:18:ec,d8:d7:75:45:81:24,,-80,1,2412,False,False
1778947225.4578044,control,ack,,50:02:91:e8:18:ec,50:02:91:e8:18:ec,,,,-45,1,2412,False,False
1778947225.4578056,data,null_data,50:02:91:e8:18:ec,d8:d7:75:45:81:24,d8:d7:75:45:81:24,50:02:91:e8:18:ec,d8:d7:75:45:81:24,,-80,1,2412,False,True
1778947225.4578063,control,ack,,50:02:91:e8:18:ec,50:02:91:e8:18:ec,,,,-47,1,2412,False,False
1778947225.5587666,management,beacon,d8:d7:75:45:81:24,ff:ff:ff:ff:ff:ff,ff:ff:ff:ff:ff:ff,d8:d7:75:45:81:24,d8:d7:75:45:81:24,FunBox2-8124,-44,1,2412,False,False
1778947225.660007,management,beacon,d8:d7:75:45:81:24,ff:ff:ff:ff:ff:ff,ff:ff:ff:ff:ff:ff,d8:d7:75:45:81:24,d8:d7:75:45:81:24,FunBox2-8124,-42,1,2412,False,False
1778947225.6993227,data,null_data,50:02:91:e8:18:ec,d8:d7:75:45:81:24,d8:d7:75:45:81:24,50:02:91:e8:18:ec,d8:d7:75:45:81:24,,-81,1,2412,False,False
1778947225.6993318,control,ack,,50:02:91:e8:18:ec,50:02:91:e8:18:ec,,,,-45,1,2412,False,False
1778947225.699333,data,null_data,50:02:91:e8:18:ec,d8:d7:75:45:81:24,d8:d7:75:45:81:24,50:02:91:e8:18:ec,d8:d7:75:45:81:24,,-79,1,2412,False,True
1778947225.864675,management,beacon,d8:d7:75:45:81:24,ff:ff:ff:ff:ff:ff,ff:ff:ff:ff:ff:ff,d8:d7:75:45:81:24,d8:d7:75:45:81:24,FunBox2-8124,-41,1,2412,False,False
1778947225.9690373,management,beacon,d8:d7:75:45:81:24,ff:ff:ff:ff:ff:ff,ff:ff:ff:ff:ff:ff,d8:d7:75:45:81:24,d8:d7:75:45:81:24,FunBox2-8124,-42,1,2412,False,False
1778947226.069455,management,beacon,d8:d7:75:45:81:24,ff:ff:ff:ff:ff:ff,ff:ff:ff:ff:ff:ff,d8:d7:75:45:81:24,d8:d7:75:45:81:24,FunBox2-8124,-42,1,2412,False,False
1778947226.1718898,management,beacon,d8:d7:75:45:81:24,ff:ff:ff:ff:ff:ff,ff:ff:ff:ff:ff:ff,d8:d7:75:45:81:24,d8:d7:75:45:81:24,FunBox2-8124,-43,1,2412,False,False
1778947226.274296,management,beacon,d8:d7:75:45:81:24,ff:ff:ff:ff:ff:ff,ff:ff:ff:ff:ff:ff,d8:d7:75:45:81:24,d8:d7:75:45:81:24,FunBox2-8124,-48,1,2412,False,False
1778947226.3766606,management,beacon,d8:d7:75:45:81:24,ff:ff:ff:ff:ff:ff,ff:ff:ff:ff:ff:ff,d8:d7:75:45:81:24,d8:d7:75:45:81:24,FunBox2-8124,-44,1,2412,False,False
1778947226.4790788,management,beacon,d8:d7:75:45:81:24,ff:ff:ff:ff:ff:ff,ff:ff:ff:ff:ff:ff,d8:d7:75:45:81:24,d8:d7:75:45:81:24,FunBox2-8124,-43,1,2412,False,False
1778947226.5814748,management,beacon,d8:d7:75:45:81:24,ff:ff:ff:ff:ff:ff,ff:ff:ff:ff:ff:ff,d8:d7:75:45:81:24,d8:d7:75:45:81:24,FunBox2-8124,-43,1,2412,False,False
1778947226.683857,management,beacon,d8:d7:75:45:81:24,ff:ff:ff:ff:ff:ff,ff:ff:ff:ff:ff:ff,d8:d7:75:45:81:24,d8:d7:75:45:81:24,FunBox2-8124,-46,1,2412,False,False
1778947226.7862587,management,beacon,d8:d7:75:45:81:24,ff:ff:ff:ff:ff:ff,ff:ff:ff:ff:ff:ff,d8:d7:75:45:81:24,d8:d7:75:45:81:24,FunBox2-8124,-43,1,2412,False,False
1778947226.890678,management,beacon,d8:d7:75:45:81:24,ff:ff:ff:ff:ff:ff,ff:ff:ff:ff:ff:ff,d8:d7:75:45:81:24,d8:d7:75:45:81:24,FunBox2-8124,-44,1,2412,False,False
1778947226.991064,management,beacon,d8:d7:75:45:81:24,ff:ff:ff:ff:ff:ff,ff:ff:ff:ff:ff:ff,d8:d7:75:45:81:24,d8:d7:75:45:81:24,FunBox2-8124,-42,1,2412,False,False
1778947226.9977205,management,probe_request,12:5d:c4:35:dd:d4,ff:ff:ff:ff:ff:ff,ff:ff:ff:ff:ff:ff,12:5d:c4:35:dd:d4,ff:ff:ff:ff:ff:ff,<hidden>,-63,1,2412,False,False
1778947227.0009933,management,probe_response,d8:d7:75:45:81:24,12:5d:c4:35:dd:d4,12:5d:c4:35:dd:d4,d8:d7:75:45:81:24,d8:d7:75:45:81:24,FunBox2-8124,-46,1,2412,False,False
1778947227.0012853,control,ack,,d8:d7:75:45:81:24,d8:d7:75:45:81:24,,,,-66,1,2412,False,False
1778947227.018059,management,probe_request,12:5d:c4:35:dd:d4,ff:ff:ff:ff:ff:ff,ff:ff:ff:ff:ff:ff,12:5d:c4:35:dd:d4,ff:ff:ff:ff:ff:ff,<hidden>,-63,1,2412,False,False
1778947227.0213184,management,probe_response,d8:d7:75:45:81:24,12:5d:c4:35:dd:d4,12:5d:c4:35:dd:d4,d8:d7:75:45:81:24,d8:d7:75:45:81:24,FunBox2-8124,-44,1,2412,False,False
1778947227.0216126,control,ack,,d8:d7:75:45:81:24,d8:d7:75:45:81:24,,,,-64,1,2412,False,False
1778947227.0934787,management,beacon,d8:d7:75:45:81:24,ff:ff:ff:ff:ff:ff,ff:ff:ff:ff:ff:ff,d8:d7:75:45:81:24,d8:d7:75:45:81:24,FunBox2-8124,-45,1,2412,False,False
1778947227.1959481,management,beacon,d8:d7:75:45:81:24,ff:ff:ff:ff:ff:ff,ff:ff:ff:ff:ff:ff,d8:d7:75:45:81:24,d8:d7:75:45:81:24,FunBox2-8124,-43,1,2412,False,False
1778947227.2982767,management,beacon,d8:d7:75:45:81:24,ff:ff:ff:ff:ff:ff,ff:ff:ff:ff:ff:ff,d8:d7:75:45:81:24,d8:d7:75:45:81:24,FunBox2-8124,-43,1,2412,False,False
1778947227.400934,management,beacon,d8:d7:75:45:81:24,ff:ff:ff:ff:ff:ff,ff:ff:ff:ff:ff:ff,d8:d7:75:45:81:24,d8:d7:75:45:81:24,FunBox2-8124,-42,1,2412,False,False
1778947227.4062178,data,null_data,50:02:91:e8:18:ec,d8:d7:75:45:81:24,d8:d7:75:45:81:24,50:02:91:e8:18:ec,d8:d7:75:45:81:24,,-82,1,2412,False,False
1778947227.4063795,data,null_data,50:02:91:e8:18:ec,d8:d7:75:45:81:24,d8:d7:75:45:81:24,50:02:91:e8:18:ec,d8:d7:75:45:81:24,,-80,1,2412,False,True
1778947227.40671,data,null_data,50:02:91:e8:18:ec,d8:d7:75:45:81:24,d8:d7:75:45:81:24,50:02:91:e8:18:ec,d8:d7:75:45:81:24,,-81,1,2412,False,True
1778947227.4076076,data,null_data,50:02:91:e8:18:ec,d8:d7:75:45:81:24,d8:d7:75:45:81:24,50:02:91:e8:18:ec,d8:d7:75:45:81:24,,-81,1,2412,False,True
1778947227.408139,data,null_data,50:02:91:e8:18:ec,d8:d7:75:45:81:24,d8:d7:75:45:81:24,50:02:91:e8:18:ec,d8:d7:75:45:81:24,,-81,1,2412,False,True
1778947227.408728,data,null_data,50:02:91:e8:18:ec,d8:d7:75:45:81:24,d8:d7:75:45:81:24,50:02:91:e8:18:ec,d8:d7:75:45:81:24,,-81,1,2412,False,True
1778947227.4090548,control,ack,,50:02:91:e8:18:ec,50:02:91:e8:18:ec,,,,-42,1,2412,False,False
1778947227.5035858,management,beacon,d8:d7:75:45:81:24,ff:ff:ff:ff:ff:ff,ff:ff:ff:ff:ff:ff,d8:d7:75:45:81:24,d8:d7:75:45:81:24,FunBox2-8124,-45,1,2412,False,False
1778947227.6055338,management,beacon,d8:d7:75:45:81:24,ff:ff:ff:ff:ff:ff,ff:ff:ff:ff:ff:ff,d8:d7:75:45:81:24,d8:d7:75:45:81:24,FunBox2-8124,-44,1,2412,False,False
1778947227.6502323,data,null_data,50:02:91:e8:18:ec,d8:d7:75:45:81:24,d8:d7:75:45:81:24,50:02:91:e8:18:ec,d8:d7:75:45:81:24,,-82,1,2412,False,False
1778947227.6502488,control,ack,,50:02:91:e8:18:ec,50:02:91:e8:18:ec,,,,-46,1,2412,False,False
1778947227.6502495,data,null_data,50:02:91:e8:18:ec,d8:d7:75:45:81:24,d8:d7:75:45:81:24,50:02:91:e8:18:ec,d8:d7:75:45:81:24,,-80,1,2412,False,True
1778947227.65025,control,ack,,50:02:91:e8:18:ec,50:02:91:e8:18:ec,,,,-49,1,2412,False,False
1778947227.7079108,management,beacon,d8:d7:75:45:81:24,ff:ff:ff:ff:ff:ff,ff:ff:ff:ff:ff:ff,d8:d7:75:45:81:24,d8:d7:75:45:81:24,FunBox2-8124,-44,1,2412,False,False
1778947227.810298,management,beacon,d8:d7:75:45:81:24,ff:ff:ff:ff:ff:ff,ff:ff:ff:ff:ff:ff,d8:d7:75:45:81:24,d8:d7:75:45:81:24,FunBox2-8124,-47,1,2412,False,False
1778947227.9127305,management,beacon,d8:d7:75:45:81:24,ff:ff:ff:ff:ff:ff,ff:ff:ff:ff:ff:ff,d8:d7:75:45:81:24,d8:d7:75:45:81:24,FunBox2-8124,-41,1,2412,False,False
1778947228.0151148,management,beacon,d8:d7:75:45:81:24,ff:ff:ff:ff:ff:ff,ff:ff:ff:ff:ff:ff,d8:d7:75:45:81:24,d8:d7:75:45:81:24,FunBox2-8124,-41,1,2412,False,False
1778947228.1175592,management,beacon,d8:d7:75:45:81:24,ff:ff:ff:ff:ff:ff,ff:ff:ff:ff:ff:ff,d8:d7:75:45:81:24,d8:d7:75:45:81:24,FunBox2-8124,-40,1,2412,False,False
1778947228.219918,management,beacon,d8:d7:75:45:81:24,ff:ff:ff:ff:ff:ff,ff:ff:ff:ff:ff:ff,d8:d7:75:45:81:24,d8:d7:75:45:81:24,FunBox2-8124,-40,1,2412,False,False
1778947228.3223822,management,beacon,d8:d7:75:45:81:24,ff:ff:ff:ff:ff:ff,ff:ff:ff:ff:ff:ff,d8:d7:75:45:81:24,d8:d7:75:45:81:24,FunBox2-8124,-45,1,2412,False,False
1778947228.4247768,management,beacon,d8:d7:75:45:81:24,ff:ff:ff:ff:ff:ff,ff:ff:ff:ff:ff:ff,d8:d7:75:45:81:24,d8:d7:75:45:81:24,FunBox2-8124,-40,1,2412,False,False
1778947228.5271497,management,beacon,d8:d7:75:45:81:24,ff:ff:ff:ff:ff:ff,ff:ff:ff:ff:ff:ff,d8:d7:75:45:81:24,d8:d7:75:45:81:24,FunBox2-8124,-42,1,2412,False,False
1778947228.6310163,management,beacon,d8:d7:75:45:81:24,ff:ff:ff:ff:ff:ff,ff:ff:ff:ff:ff:ff,d8:d7:75:45:81:24,d8:d7:75:45:81:24,FunBox2-8124,-46,1,2412,False,False
1778947228.7319293,management,beacon,d8:d7:75:45:81:24,ff:ff:ff:ff:ff:ff,ff:ff:ff:ff:ff:ff,d8:d7:75:45:81:24,d8:d7:75:45:81:24,FunBox2-8124,-41,1,2412,False,False
1778947228.8357792,management,beacon,d8:d7:75:45:81:24,ff:ff:ff:ff:ff:ff,ff:ff:ff:ff:ff:ff,d8:d7:75:45:81:24,d8:d7:75:45:81:24,FunBox2-8124,-44,1,2412,False,False
1778947228.9367855,management,beacon,d8:d7:75:45:81:24,ff:ff:ff:ff:ff:ff,ff:ff:ff:ff:ff:ff,d8:d7:75:45:81:24,d8:d7:75:45:81:24,FunBox2-8124,-42,1,2412,False,False
1778947229.0411434,management,beacon,d8:d7:75:45:81:24,ff:ff:ff:ff:ff:ff,ff:ff:ff:ff:ff:ff,d8:d7:75:45:81:24,d8:d7:75:45:81:24,FunBox2-8124,-43,1,2412,False,False
1778947229.1415892,management,beacon,d8:d7:75:45:81:24,ff:ff:ff:ff:ff:ff,ff:ff:ff:ff:ff:ff,d8:d7:75:45:81:24,d8:d7:75:45:81:24,FunBox2-8124,-43,1,2412,False,False
1778947229.1429186,data,null_data,50:02:91:e8:18:ec,d8:d7:75:45:81:24,d8:d7:75:45:81:24,50:02:91:e8:18:ec,d8:d7:75:45:81:24,,-80,1,2412,False,False
1778947229.1429212,data,null_data,50:02:91:e8:18:ec,d8:d7:75:45:81:24,d8:d7:75:45:81:24,50:02:91:e8:18:ec,d8:d7:75:45:81:24,,-81,1,2412,False,True
1778947229.143271,data,null_data,50:02:91:e8:18:ec,d8:d7:75:45:81:24,d8:d7:75:45:81:24,50:02:91:e8:18:ec,d8:d7:75:45:81:24,,-80,1,2412,False,True
1778947229.1436458,data,null_data,50:02:91:e8:18:ec,d8:d7:75:45:81:24,d8:d7:75:45:81:24,50:02:91:e8:18:ec,d8:d7:75:45:81:24,,-80,1,2412,False,True
1778947229.144214,data,null_data,50:02:91:e8:18:ec,d8:d7:75:45:81:24,d8:d7:75:45:81:24,50:02:91:e8:18:ec,d8:d7:75:45:81:24,,-80,1,2412,False,True
1778947229.1447916,data,null_data,50:02:91:e8:18:ec,d8:d7:75:45:81:24,d8:d7:75:45:81:24,50:02:91:e8:18:ec,d8:d7:75:45:81:24,,-81,1,2412,False,True
1778947229.1451092,control,ack,,50:02:91:e8:18:ec,50:02:91:e8:18:ec,,,,-45,1,2412,False,False
1778947229.2453837,management,beacon,d8:d7:75:45:81:24,ff:ff:ff:ff:ff:ff,ff:ff:ff:ff:ff:ff,d8:d7:75:45:81:24,d8:d7:75:45:81:24,FunBox2-8124,-41,1,2412,False,False
1778947229.347811,management,beacon,d8:d7:75:45:81:24,ff:ff:ff:ff:ff:ff,ff:ff:ff:ff:ff:ff,d8:d7:75:45:81:24,d8:d7:75:45:81:24,FunBox2-8124,-44,1,2412,False,False
1778947229.3861597,data,null_data,50:02:91:e8:18:ec,d8:d7:75:45:81:24,d8:d7:75:45:81:24,50:02:91:e8:18:ec,d8:d7:75:45:81:24,,-80,1,2412,False,False
1778947229.3861783,control,ack,,50:02:91:e8:18:ec,50:02:91:e8:18:ec,,,,-44,1,2412,False,False
1778947229.448759,management,beacon,d8:d7:75:45:81:24,ff:ff:ff:ff:ff:ff,ff:ff:ff:ff:ff:ff,d8:d7:75:45:81:24,d8:d7:75:45:81:24,FunBox2-8124,-47,1,2412,False,False
1778947229.5526187,management,beacon,d8:d7:75:45:81:24,ff:ff:ff:ff:ff:ff,ff:ff:ff:ff:ff:ff,d8:d7:75:45:81:24,d8:d7:75:45:81:24,FunBox2-8124,-45,1,2412,False,False
1778947229.653589,management,beacon,d8:d7:75:45:81:24,ff:ff:ff:ff:ff:ff,ff:ff:ff:ff:ff:ff,d8:d7:75:45:81:24,d8:d7:75:45:81:24,FunBox2-8124,-41,1,2412,False,False
1778947229.7560098,management,beacon,d8:d7:75:45:81:24,ff:ff:ff:ff:ff:ff,ff:ff:ff:ff:ff:ff,d8:d7:75:45:81:24,d8:d7:75:45:81:24,FunBox2-8124,-42,1,2412,False,False
1778947229.8186052,data,null_data,50:02:91:e8:18:ec,d8:d7:75:45:81:24,d8:d7:75:45:81:24,50:02:91:e8:18:ec,d8:d7:75:45:81:24,,-79,1,2412,False,False
1778947229.8186634,control,ack,,50:02:91:e8:18:ec,50:02:91:e8:18:ec,,,,-44,1,2412,False,False
1778947229.8586838,management,beacon,d8:d7:75:45:81:24,ff:ff:ff:ff:ff:ff,ff:ff:ff:ff:ff:ff,d8:d7:75:45:81:24,d8:d7:75:45:81:24,FunBox2-8124,-42,1,2412,False,False
1778947229.9627576,management,beacon,d8:d7:75:45:81:24,ff:ff:ff:ff:ff:ff,ff:ff:ff:ff:ff:ff,d8:d7:75:45:81:24,d8:d7:75:45:81:24,FunBox2-8124,-45,1,2412,False,False
1778947230.0599685,data,null_data,50:02:91:e8:18:ec,d8:d7:75:45:81:24,d8:d7:75:45:81:24,50:02:91:e8:18:ec,d8:d7:75:45:81:24,,-81,1,2412,False,False
1778947230.0599792,control,ack,,50:02:91:e8:18:ec,50:02:91:e8:18:ec,,,,-45,1,2412,False,False
1778947230.063213,management,beacon,d8:d7:75:45:81:24,ff:ff:ff:ff:ff:ff,ff:ff:ff:ff:ff:ff,d8:d7:75:45:81:24,d8:d7:75:45:81:24,FunBox2-8124,-46,1,2412,False,False
1778947230.0641258,data,null_data,50:02:91:e8:18:ec,d8:d7:75:45:81:24,d8:d7:75:45:81:24,50:02:91:e8:18:ec,d8:d7:75:45:81:24,,-79,1,2412,False,False
1778947230.0641286,control,ack,,50:02:91:e8:18:ec,50:02:91:e8:18:ec,,,,-49,1,2412,False,False
1778947230.1661017,management,beacon,d8:d7:75:45:81:24,ff:ff:ff:ff:ff:ff,ff:ff:ff:ff:ff:ff,d8:d7:75:45:81:24,d8:d7:75:45:81:24,FunBox2-8124,-43,1,2412,False,False
1778947230.268039,management,beacon,d8:d7:75:45:81:24,ff:ff:ff:ff:ff:ff,ff:ff:ff:ff:ff:ff,d8:d7:75:45:81:24,d8:d7:75:45:81:24,FunBox2-8124,-44,1,2412,False,False
1778947230.3049536,data,null_data,50:02:91:e8:18:ec,d8:d7:75:45:81:24,d8:d7:75:45:81:24,50:02:91:e8:18:ec,d8:d7:75:45:81:24,,-80,1,2412,False,False
1778947230.304965,control,ack,,50:02:91:e8:18:ec,50:02:91:e8:18:ec,,,,-45,1,2412,False,False
1778947230.3718584,management,beacon,d8:d7:75:45:81:24,ff:ff:ff:ff:ff:ff,ff:ff:ff:ff:ff:ff,d8:d7:75:45:81:24,d8:d7:75:45:81:24,FunBox2-8124,-47,1,2412,False,False
1778947230.472834,management,beacon,d8:d7:75:45:81:24,ff:ff:ff:ff:ff:ff,ff:ff:ff:ff:ff:ff,d8:d7:75:45:81:24,d8:d7:75:45:81:24,FunBox2-8124,-41,1,2412,False,False
1778947230.5752215,management,beacon,d8:d7:75:45:81:24,ff:ff:ff:ff:ff:ff,ff:ff:ff:ff:ff:ff,d8:d7:75:45:81:24,d8:d7:75:45:81:24,FunBox2-8124,-42,1,2412,False,False
1778947230.6540089,control,cts,,54:35:30:cf:ee:1e,54:35:30:cf:ee:1e,,,,-56,1,2412,False,False
1778947230.677656,management,beacon,d8:d7:75:45:81:24,ff:ff:ff:ff:ff:ff,ff:ff:ff:ff:ff:ff,d8:d7:75:45:81:24,d8:d7:75:45:81:24,FunBox2-8124,-43,1,2412,False,False
1778947230.7800136,management,beacon,d8:d7:75:45:81:24,ff:ff:ff:ff:ff:ff,ff:ff:ff:ff:ff:ff,d8:d7:75:45:81:24,d8:d7:75:45:81:24,FunBox2-8124,-44,1,2412,False,False
1778947230.8839204,management,beacon,d8:d7:75:45:81:24,ff:ff:ff:ff:ff:ff,ff:ff:ff:ff:ff:ff,d8:d7:75:45:81:24,d8:d7:75:45:81:24,FunBox2-8124,-43,1,2412,False,False
1778947230.9848526,management,beacon,d8:d7:75:45:81:24,ff:ff:ff:ff:ff:ff,ff:ff:ff:ff:ff:ff,d8:d7:75:45:81:24,d8:d7:75:45:81:24,FunBox2-8124,-41,1,2412,False,False
1778947231.0872312,management,beacon,d8:d7:75:45:81:24,ff:ff:ff:ff:ff:ff,ff:ff:ff:ff:ff:ff,d8:d7:75:45:81:24,d8:d7:75:45:81:24,FunBox2-8124,-41,1,2412,False,False
1778947231.189652,management,beacon,d8:d7:75:45:81:24,ff:ff:ff:ff:ff:ff,ff:ff:ff:ff:ff:ff,d8:d7:75:45:81:24,d8:d7:75:45:81:24,FunBox2-8124,-40,1,2412,False,False
1778947231.3947022,management,beacon,d8:d7:75:45:81:24,ff:ff:ff:ff:ff:ff,ff:ff:ff:ff:ff:ff,d8:d7:75:45:81:24,d8:d7:75:45:81:24,FunBox2-8124,-41,1,2412,False,False
1778947231.395901,data,null_data,50:02:91:e8:18:ec,d8:d7:75:45:81:24,d8:d7:75:45:81:24,50:02:91:e8:18:ec,d8:d7:75:45:81:24,,-80,1,2412,False,False
1778947231.395905,control,ack,,50:02:91:e8:18:ec,50:02:91:e8:18:ec,,,,-44,1,2412,False,False
1778947231.4986036,management,beacon,d8:d7:75:45:81:24,ff:ff:ff:ff:ff:ff,ff:ff:ff:ff:ff:ff,d8:d7:75:45:81:24,d8:d7:75:45:81:24,FunBox2-8124,-44,1,2412,False,False
1778947231.5992565,management,beacon,d8:d7:75:45:81:24,ff:ff:ff:ff:ff:ff,ff:ff:ff:ff:ff:ff,d8:d7:75:45:81:24,d8:d7:75:45:81:24,FunBox2-8124,-41,1,2412,False,False
1778947231.6367545,data,null_data,50:02:91:e8:18:ec,d8:d7:75:45:81:24,d8:d7:75:45:81:24,50:02:91:e8:18:ec,d8:d7:75:45:81:24,,-81,1,2412,False,False
1778947231.6367698,control,ack,,50:02:91:e8:18:ec,50:02:91:e8:18:ec,,,,-45,1,2412,False,False
1778947231.7016826,management,beacon,d8:d7:75:45:81:24,ff:ff:ff:ff:ff:ff,ff:ff:ff:ff:ff:ff,d8:d7:75:45:81:24,d8:d7:75:45:81:24,FunBox2-8124,-44,1,2412,False,False
1778947231.8041627,management,beacon,d8:d7:75:45:81:24,ff:ff:ff:ff:ff:ff,ff:ff:ff:ff:ff:ff,d8:d7:75:45:81:24,d8:d7:75:45:81:24,FunBox2-8124,-42,1,2412,False,False
1778947231.906482,management,beacon,d8:d7:75:45:81:24,ff:ff:ff:ff:ff:ff,ff:ff:ff:ff:ff:ff,d8:d7:75:45:81:24,d8:d7:75:45:81:24,FunBox2-8124,-42,1,2412,False,False
1778947232.1112778,management,beacon,d8:d7:75:45:81:24,ff:ff:ff:ff:ff:ff,ff:ff:ff:ff:ff:ff,d8:d7:75:45:81:24,d8:d7:75:45:81:24,FunBox2-8124,-42,1,2412,False,False
1778947232.213713,management,beacon,d8:d7:75:45:81:24,ff:ff:ff:ff:ff:ff,ff:ff:ff:ff:ff:ff,d8:d7:75:45:81:24,d8:d7:75:45:81:24,FunBox2-8124,-43,1,2412,False,False
1778947232.3161094,management,beacon,d8:d7:75:45:81:24,ff:ff:ff:ff:ff:ff,ff:ff:ff:ff:ff:ff,d8:d7:75:45:81:24,d8:d7:75:45:81:24,FunBox2-8124,-42,1,2412,False,False
1778947232.4185927,management,beacon,d8:d7:75:45:81:24,ff:ff:ff:ff:ff:ff,ff:ff:ff:ff:ff:ff,d8:d7:75:45:81:24,d8:d7:75:45:81:24,FunBox2-8124,-47,1,2412,False,False
1778947232.5224078,management,beacon,d8:d7:75:45:81:24,ff:ff:ff:ff:ff:ff,ff:ff:ff:ff:ff:ff,d8:d7:75:45:81:24,d8:d7:75:45:81:24,FunBox2-8124,-44,1,2412,False,False
1778947232.6233327,management,beacon,d8:d7:75:45:81:24,ff:ff:ff:ff:ff:ff,ff:ff:ff:ff:ff:ff,d8:d7:75:45:81:24,d8:d7:75:45:81:24,FunBox2-8124,-44,1,2412,False,False
1778947232.7271745,management,beacon,d8:d7:75:45:81:24,ff:ff:ff:ff:ff:ff,ff:ff:ff:ff:ff:ff,d8:d7:75:45:81:24,d8:d7:75:45:81:24,FunBox2-8124,-44,1,2412,False,False
1778947232.8281097,management,beacon,d8:d7:75:45:81:24,ff:ff:ff:ff:ff:ff,ff:ff:ff:ff:ff:ff,d8:d7:75:45:81:24,d8:d7:75:45:81:24,FunBox2-8124,-41,1,2412,False,False
1778947232.930541,management,beacon,d8:d7:75:45:81:24,ff:ff:ff:ff:ff:ff,ff:ff:ff:ff:ff:ff,d8:d7:75:45:81:24,d8:d7:75:45:81:24,FunBox2-8124,-42,1,2412,False,False
1778947233.13678,management,beacon,d8:d7:75:45:81:24,ff:ff:ff:ff:ff:ff,ff:ff:ff:ff:ff:ff,d8:d7:75:45:81:24,d8:d7:75:45:81:24,FunBox2-8124,-44,1,2412,False,False
1778947233.1379013,data,null_data,50:02:91:e8:18:ec,d8:d7:75:45:81:24,d8:d7:75:45:81:24,50:02:91:e8:18:ec,d8:d7:75:45:81:24,,-80,1,2412,False,False
1778947233.138104,data,null_data,50:02:91:e8:18:ec,d8:d7:75:45:81:24,d8:d7:75:45:81:24,50:02:91:e8:18:ec,d8:d7:75:45:81:24,,-80,1,2412,False,True
1778947233.1384466,data,null_data,50:02:91:e8:18:ec,d8:d7:75:45:81:24,d8:d7:75:45:81:24,50:02:91:e8:18:ec,d8:d7:75:45:81:24,,-80,1,2412,False,True
1778947233.13903,data,null_data,50:02:91:e8:18:ec,d8:d7:75:45:81:24,d8:d7:75:45:81:24,50:02:91:e8:18:ec,d8:d7:75:45:81:24,,-80,1,2412,False,True
1778947233.1401048,data,null_data,50:02:91:e8:18:ec,d8:d7:75:45:81:24,d8:d7:75:45:81:24,50:02:91:e8:18:ec,d8:d7:75:45:81:24,,-79,1,2412,False,True
1778947233.1406515,data,null_data,50:02:91:e8:18:ec,d8:d7:75:45:81:24,d8:d7:75:45:81:24,50:02:91:e8:18:ec,d8:d7:75:45:81:24,,-80,1,2412,False,True
1778947233.1409771,control,ack,,50:02:91:e8:18:ec,50:02:91:e8:18:ec,,,,-42,1,2412,False,False
1778947233.2377012,management,beacon,d8:d7:75:45:81:24,ff:ff:ff:ff:ff:ff,ff:ff:ff:ff:ff:ff,d8:d7:75:45:81:24,d8:d7:75:45:81:24,FunBox2-8124,-45,1,2412,False,False
1778947233.2908807,data,qos_null,d8:d7:75:45:81:24,54:35:30:cf:ee:1e,54:35:30:cf:ee:1e,d8:d7:75:45:81:24,d8:d7:75:45:81:24,,-43,1,2412,False,False
1778947233.291166,control,ack,,d8:d7:75:45:81:24,d8:d7:75:45:81:24,,,,-52,1,2412,False,False
1778947233.2917893,data,qos_null,d8:d7:75:45:81:24,50:02:91:e8:18:ec,50:02:91:e8:18:ec,d8:d7:75:45:81:24,d8:d7:75:45:81:24,,-45,1,2412,False,False
1778947233.292111,control,ack,,d8:d7:75:45:81:24,d8:d7:75:45:81:24,,,,-80,1,2412,False,False
1778947233.3416936,management,beacon,d8:d7:75:45:81:24,ff:ff:ff:ff:ff:ff,ff:ff:ff:ff:ff:ff,d8:d7:75:45:81:24,d8:d7:75:45:81:24,FunBox2-8124,-47,1,2412,False,False
1778947233.4425323,management,beacon,d8:d7:75:45:81:24,ff:ff:ff:ff:ff:ff,ff:ff:ff:ff:ff:ff,d8:d7:75:45:81:24,d8:d7:75:45:81:24,FunBox2-8124,-42,1,2412,False,False
1778947233.532839,data,null_data,50:02:91:e8:18:ec,d8:d7:75:45:81:24,d8:d7:75:45:81:24,50:02:91:e8:18:ec,d8:d7:75:45:81:24,,-80,1,2412,False,True
1778947233.5328553,control,ack,,50:02:91:e8:18:ec,50:02:91:e8:18:ec,,,,-49,1,2412,False,False
1778947233.6493535,management,beacon,d8:d7:75:45:81:24,ff:ff:ff:ff:ff:ff,ff:ff:ff:ff:ff:ff,d8:d7:75:45:81:24,d8:d7:75:45:81:24,FunBox2-8124,-42,1,2412,False,False
1778947233.749731,management,beacon,d8:d7:75:45:81:24,ff:ff:ff:ff:ff:ff,ff:ff:ff:ff:ff:ff,d8:d7:75:45:81:24,d8:d7:75:45:81:24,FunBox2-8124,-41,1,2412,False,False
1778947233.750702,data,data,d8:d7:75:45:81:24,ff:ff:ff:ff:ff:ff,ff:ff:ff:ff:ff:ff,d8:d7:75:45:81:24,d8:d7:75:45:81:24,,-41,1,2412,True,False
1778947233.7511392,control,ack,,d8:d7:75:45:81:24,d8:d7:75:45:81:24,,,,-80,1,2412,False,False
1778947233.7511406,data,null_data,50:02:91:e8:18:ec,d8:d7:75:45:81:24,d8:d7:75:45:81:24,50:02:91:e8:18:ec,d8:d7:75:45:81:24,,-81,1,2412,False,False
1778947233.751316,data,null_data,50:02:91:e8:18:ec,d8:d7:75:45:81:24,d8:d7:75:45:81:24,50:02:91:e8:18:ec,d8:d7:75:45:81:24,,-80,1,2412,False,True
1778947233.7521818,data,null_data,50:02:91:e8:18:ec,d8:d7:75:45:81:24,d8:d7:75:45:81:24,50:02:91:e8:18:ec,d8:d7:75:45:81:24,,-80,1,2412,False,True
1778947233.752183,control,ack,,50:02:91:e8:18:ec,50:02:91:e8:18:ec,,,,-46,1,2412,False,False
1778947233.753185,data,data,50:02:91:e8:18:ec,d8:d7:75:45:81:24,d8:d7:75:45:81:24,50:02:91:e8:18:ec,d8:d7:75:45:81:24,,-79,1,2412,True,True
1778947233.7545166,control,rts,50:02:91:e8:18:ec,d8:d7:75:45:81:24,d8:d7:75:45:81:24,50:02:91:e8:18:ec,,,-80,1,2412,False,False
1778947233.754518,control,cts,,50:02:91:e8:18:ec,50:02:91:e8:18:ec,,,,-47,1,2412,False,False
1778947233.7545192,data,data,50:02:91:e8:18:ec,d8:d7:75:45:81:24,d8:d7:75:45:81:24,50:02:91:e8:18:ec,d8:d7:75:45:81:24,,-80,1,2412,True,True
1778947233.7545202,control,ack,,50:02:91:e8:18:ec,50:02:91:e8:18:ec,,,,-49,1,2412,False,False
1778947233.8521361,management,beacon,d8:d7:75:45:81:24,ff:ff:ff:ff:ff:ff,ff:ff:ff:ff:ff:ff,d8:d7:75:45:81:24,d8:d7:75:45:81:24,FunBox2-8124,-45,1,2412,False,False
1778947233.954589,management,beacon,d8:d7:75:45:81:24,ff:ff:ff:ff:ff:ff,ff:ff:ff:ff:ff:ff,d8:d7:75:45:81:24,d8:d7:75:45:81:24,FunBox2-8124,-45,1,2412,False,False
1778947233.9955492,data,null_data,50:02:91:e8:18:ec,d8:d7:75:45:81:24,d8:d7:75:45:81:24,50:02:91:e8:18:ec,d8:d7:75:45:81:24,,-80,1,2412,False,False
1778947233.99556,control,ack,,50:02:91:e8:18:ec,50:02:91:e8:18:ec,,,,-44,1,2412,False,False
1778947234.1593378,management,beacon,d8:d7:75:45:81:24,ff:ff:ff:ff:ff:ff,ff:ff:ff:ff:ff:ff,d8:d7:75:45:81:24,d8:d7:75:45:81:24,FunBox2-8124,-42,1,2412,False,False
1778947234.2639053,management,beacon,d8:d7:75:45:81:24,ff:ff:ff:ff:ff:ff,ff:ff:ff:ff:ff:ff,d8:d7:75:45:81:24,d8:d7:75:45:81:24,FunBox2-8124,-42,1,2412,False,False
1778947234.3641925,management,beacon,d8:d7:75:45:81:24,ff:ff:ff:ff:ff:ff,ff:ff:ff:ff:ff:ff,d8:d7:75:45:81:24,d8:d7:75:45:81:24,FunBox2-8124,-42,1,2412,False,False
1778947234.4668787,management,beacon,d8:d7:75:45:81:24,ff:ff:ff:ff:ff:ff,ff:ff:ff:ff:ff:ff,d8:d7:75:45:81:24,d8:d7:75:45:81:24,FunBox2-8124,-48,1,2412,False,False
1778947234.671406,management,beacon,d8:d7:75:45:81:24,ff:ff:ff:ff:ff:ff,ff:ff:ff:ff:ff:ff,d8:d7:75:45:81:24,d8:d7:75:45:81:24,FunBox2-8124,-41,1,2412,False,False
1778947234.775338,management,beacon,d8:d7:75:45:81:24,ff:ff:ff:ff:ff:ff,ff:ff:ff:ff:ff:ff,d8:d7:75:45:81:24,d8:d7:75:45:81:24,FunBox2-8124,-42,1,2412,False,False
1778947234.8762248,management,beacon,d8:d7:75:45:81:24,ff:ff:ff:ff:ff:ff,ff:ff:ff:ff:ff:ff,d8:d7:75:45:81:24,d8:d7:75:45:81:24,FunBox2-8124,-42,1,2412,False,False
1778947234.9785626,management,beacon,d8:d7:75:45:81:24,ff:ff:ff:ff:ff:ff,ff:ff:ff:ff:ff:ff,d8:d7:75:45:81:24,d8:d7:75:45:81:24,FunBox2-8124,-42,1,2412,False,False
1778947235.0865471,data,null_data,50:02:91:e8:18:ec,d8:d7:75:45:81:24,d8:d7:75:45:81:24,50:02:91:e8:18:ec,d8:d7:75:45:81:24,,-81,1,2412,False,False
1778947235.0865574,control,ack,,50:02:91:e8:18:ec,50:02:91:e8:18:ec,,,,-44,1,2412,False,False
1778947235.1835601,management,beacon,d8:d7:75:45:81:24,ff:ff:ff:ff:ff:ff,ff:ff:ff:ff:ff:ff,d8:d7:75:45:81:24,d8:d7:75:45:81:24,FunBox2-8124,-43,1,2412,False,False
1778947235.2857766,management,beacon,d8:d7:75:45:81:24,ff:ff:ff:ff:ff:ff,ff:ff:ff:ff:ff:ff,d8:d7:75:45:81:24,d8:d7:75:45:81:24,FunBox2-8124,-44,1,2412,False,False
1778947235.3274312,data,null_data,50:02:91:e8:18:ec,d8:d7:75:45:81:24,d8:d7:75:45:81:24,50:02:91:e8:18:ec,d8:d7:75:45:81:24,,-81,1,2412,False,False
1778947235.3274426,control,ack,,50:02:91:e8:18:ec,50:02:91:e8:18:ec,,,,-43,1,2412,False,False
1778947235.3882174,management,beacon,d8:d7:75:45:81:24,ff:ff:ff:ff:ff:ff,ff:ff:ff:ff:ff:ff,d8:d7:75:45:81:24,d8:d7:75:45:81:24,FunBox2-8124,-44,1,2412,False,False
1778947235.4929128,management,beacon,d8:d7:75:45:81:24,ff:ff:ff:ff:ff:ff,ff:ff:ff:ff:ff:ff,d8:d7:75:45:81:24,d8:d7:75:45:81:24,FunBox2-8124,-41,1,2412,False,False
1778947235.6954694,management,beacon,d8:d7:75:45:81:24,ff:ff:ff:ff:ff:ff,ff:ff:ff:ff:ff:ff,d8:d7:75:45:81:24,d8:d7:75:45:81:24,FunBox2-8124,-41,1,2412,False,False
1778947235.8001382,management,beacon,d8:d7:75:45:81:24,ff:ff:ff:ff:ff:ff,ff:ff:ff:ff:ff:ff,d8:d7:75:45:81:24,d8:d7:75:45:81:24,FunBox2-8124,-40,1,2412,False,False
1778947235.9002392,management,beacon,d8:d7:75:45:81:24,ff:ff:ff:ff:ff:ff,ff:ff:ff:ff:ff:ff,d8:d7:75:45:81:24,d8:d7:75:45:81:24,FunBox2-8124,-44,1,2412,False,False
1778947236.0029116,management,beacon,d8:d7:75:45:81:24,ff:ff:ff:ff:ff:ff,ff:ff:ff:ff:ff:ff,d8:d7:75:45:81:24,d8:d7:75:45:81:24,FunBox2-8124,-43,1,2412,False,False
1778947236.2090015,management,beacon,d8:d7:75:45:81:24,ff:ff:ff:ff:ff:ff,ff:ff:ff:ff:ff:ff,d8:d7:75:45:81:24,d8:d7:75:45:81:24,FunBox2-8124,-44,1,2412,False,False
1778947236.3098502,management,beacon,d8:d7:75:45:81:24,ff:ff:ff:ff:ff:ff,ff:ff:ff:ff:ff:ff,d8:d7:75:45:81:24,d8:d7:75:45:81:24,FunBox2-8124,-43,1,2412,False,False
1778947236.4122179,management,beacon,d8:d7:75:45:81:24,ff:ff:ff:ff:ff:ff,ff:ff:ff:ff:ff:ff,d8:d7:75:45:81:24,d8:d7:75:45:81:24,FunBox2-8124,-43,1,2412,False,False
1778947236.5146618,management,beacon,d8:d7:75:45:81:24,ff:ff:ff:ff:ff:ff,ff:ff:ff:ff:ff:ff,d8:d7:75:45:81:24,d8:d7:75:45:81:24,FunBox2-8124,-43,1,2412,False,False
1778947236.6170247,management,beacon,d8:d7:75:45:81:24,ff:ff:ff:ff:ff:ff,ff:ff:ff:ff:ff:ff,d8:d7:75:45:81:24,d8:d7:75:45:81:24,FunBox2-8124,-44,1,2412,False,False
1778947236.7194417,management,beacon,d8:d7:75:45:81:24,ff:ff:ff:ff:ff:ff,ff:ff:ff:ff:ff:ff,d8:d7:75:45:81:24,d8:d7:75:45:81:24,FunBox2-8124,-45,1,2412,False,False
1778947236.8218353,management,beacon,d8:d7:75:45:81:24,ff:ff:ff:ff:ff:ff,ff:ff:ff:ff:ff:ff,d8:d7:75:45:81:24,d8:d7:75:45:81:24,FunBox2-8124,-42,1,2412,False,False
1778947236.924298,management,beacon,d8:d7:75:45:81:24,ff:ff:ff:ff:ff:ff,ff:ff:ff:ff:ff:ff,d8:d7:75:45:81:24,d8:d7:75:45:81:24,FunBox2-8124,-41,1,2412,False,False
1778947237.026724,management,beacon,d8:d7:75:45:81:24,ff:ff:ff:ff:ff:ff,ff:ff:ff:ff:ff:ff,d8:d7:75:45:81:24,d8:d7:75:45:81:24,FunBox2-8124,-42,1,2412,False,False
1778947237.1290836,management,beacon,d8:d7:75:45:81:24,ff:ff:ff:ff:ff:ff,ff:ff:ff:ff:ff:ff,d8:d7:75:45:81:24,d8:d7:75:45:81:24,FunBox2-8124,-44,1,2412,False,False
1778947237.1304116,data,null_data,50:02:91:e8:18:ec,d8:d7:75:45:81:24,d8:d7:75:45:81:24,50:02:91:e8:18:ec,d8:d7:75:45:81:24,,-80,1,2412,False,True
1778947237.130753,data,null_data,50:02:91:e8:18:ec,d8:d7:75:45:81:24,d8:d7:75:45:81:24,50:02:91:e8:18:ec,d8:d7:75:45:81:24,,-81,1,2412,False,True
1778947237.1311128,data,null_data,50:02:91:e8:18:ec,d8:d7:75:45:81:24,d8:d7:75:45:81:24,50:02:91:e8:18:ec,d8:d7:75:45:81:24,,-81,1,2412,False,True
1778947237.1317008,data,null_data,50:02:91:e8:18:ec,d8:d7:75:45:81:24,d8:d7:75:45:81:24,50:02:91:e8:18:ec,d8:d7:75:45:81:24,,-82,1,2412,False,True
1778947237.1322212,data,null_data,50:02:91:e8:18:ec,d8:d7:75:45:81:24,d8:d7:75:45:81:24,50:02:91:e8:18:ec,d8:d7:75:45:81:24,,-80,1,2412,False,True
1778947237.1325393,control,ack,,50:02:91:e8:18:ec,50:02:91:e8:18:ec,,,,-42,1,2412,False,False
1778947237.2318048,management,beacon,d8:d7:75:45:81:24,ff:ff:ff:ff:ff:ff,ff:ff:ff:ff:ff:ff,d8:d7:75:45:81:24,d8:d7:75:45:81:24,FunBox2-8124,-45,1,2412,False,False
1778947237.3339303,management,beacon,d8:d7:75:45:81:24,ff:ff:ff:ff:ff:ff,ff:ff:ff:ff:ff:ff,d8:d7:75:45:81:24,d8:d7:75:45:81:24,FunBox2-8124,-44,1,2412,False,False
1778947237.3736706,data,null_data,50:02:91:e8:18:ec,d8:d7:75:45:81:24,d8:d7:75:45:81:24,50:02:91:e8:18:ec,d8:d7:75:45:81:24,,-80,1,2412,False,False
1778947237.3736813,control,ack,,50:02:91:e8:18:ec,50:02:91:e8:18:ec,,,,-43,1,2412,False,False
1778947237.4401884,management,beacon,d8:d7:75:45:81:24,ff:ff:ff:ff:ff:ff,ff:ff:ff:ff:ff:ff,d8:d7:75:45:81:24,d8:d7:75:45:81:24,FunBox2-8124,-41,1,2412,False,False
1778947237.538737,management,beacon,d8:d7:75:45:81:24,ff:ff:ff:ff:ff:ff,ff:ff:ff:ff:ff:ff,d8:d7:75:45:81:24,d8:d7:75:45:81:24,FunBox2-8124,-42,1,2412,False,False
1778947237.5442536,data,null_data,50:02:91:e8:18:ec,d8:d7:75:45:81:24,d8:d7:75:45:81:24,50:02:91:e8:18:ec,d8:d7:75:45:81:24,,-80,1,2412,False,False
1778947237.5442612,control,ack,,50:02:91:e8:18:ec,50:02:91:e8:18:ec,,,,-44,1,2412,False,False
1778947237.644288,management,beacon,d8:d7:75:45:81:24,ff:ff:ff:ff:ff:ff,ff:ff:ff:ff:ff:ff,d8:d7:75:45:81:24,d8:d7:75:45:81:24,FunBox2-8124,-42,1,2412,False,False
1778947237.7473063,management,beacon,d8:d7:75:45:81:24,ff:ff:ff:ff:ff:ff,ff:ff:ff:ff:ff:ff,d8:d7:75:45:81:24,d8:d7:75:45:81:24,FunBox2-8124,-41,1,2412,False,False
1778947237.7851214,data,null_data,50:02:91:e8:18:ec,d8:d7:75:45:81:24,d8:d7:75:45:81:24,50:02:91:e8:18:ec,d8:d7:75:45:81:24,,-81,1,2412,False,False
1778947237.7851403,control,ack,,50:02:91:e8:18:ec,50:02:91:e8:18:ec,,,,-44,1,2412,False,False
1778947237.8459036,management,beacon,d8:d7:75:45:81:24,ff:ff:ff:ff:ff:ff,ff:ff:ff:ff:ff:ff,d8:d7:75:45:81:24,d8:d7:75:45:81:24,FunBox2-8124,-44,1,2412,False,False
1778947237.9485567,management,beacon,d8:d7:75:45:81:24,ff:ff:ff:ff:ff:ff,ff:ff:ff:ff:ff:ff,d8:d7:75:45:81:24,d8:d7:75:45:81:24,FunBox2-8124,-42,1,2412,False,False
1778947238.0507193,management,beacon,d8:d7:75:45:81:24,ff:ff:ff:ff:ff:ff,ff:ff:ff:ff:ff:ff,d8:d7:75:45:81:24,d8:d7:75:45:81:24,FunBox2-8124,-41,1,2412,False,False
1778947238.153188,management,beacon,d8:d7:75:45:81:24,ff:ff:ff:ff:ff:ff,ff:ff:ff:ff:ff:ff,d8:d7:75:45:81:24,d8:d7:75:45:81:24,FunBox2-8124,-43,1,2412,False,False
1778947238.2589672,management,beacon,d8:d7:75:45:81:24,ff:ff:ff:ff:ff:ff,ff:ff:ff:ff:ff:ff,d8:d7:75:45:81:24,d8:d7:75:45:81:24,FunBox2-8124,-42,1,2412,False,False
1778947238.357898,management,beacon,d8:d7:75:45:81:24,ff:ff:ff:ff:ff:ff,ff:ff:ff:ff:ff:ff,d8:d7:75:45:81:24,d8:d7:75:45:81:24,FunBox2-8124,-43,1,2412,False,False
1778947238.3590255,data,null_data,50:02:91:e8:18:ec,d8:d7:75:45:81:24,d8:d7:75:45:81:24,50:02:91:e8:18:ec,d8:d7:75:45:81:24,,-81,1,2412,False,False
1778947238.3595269,data,null_data,50:02:91:e8:18:ec,d8:d7:75:45:81:24,d8:d7:75:45:81:24,50:02:91:e8:18:ec,d8:d7:75:45:81:24,,-81,1,2412,False,True
1778947238.3598835,data,null_data,50:02:91:e8:18:ec,d8:d7:75:45:81:24,d8:d7:75:45:81:24,50:02:91:e8:18:ec,d8:d7:75:45:81:24,,-79,1,2412,False,True
1778947238.3602521,data,null_data,50:02:91:e8:18:ec,d8:d7:75:45:81:24,d8:d7:75:45:81:24,50:02:91:e8:18:ec,d8:d7:75:45:81:24,,-79,1,2412,False,True
1778947238.4603379,management,beacon,d8:d7:75:45:81:24,ff:ff:ff:ff:ff:ff,ff:ff:ff:ff:ff:ff,d8:d7:75:45:81:24,d8:d7:75:45:81:24,FunBox2-8124,-44,1,2412,False,False
1778947238.566006,management,beacon,d8:d7:75:45:81:24,ff:ff:ff:ff:ff:ff,ff:ff:ff:ff:ff:ff,d8:d7:75:45:81:24,d8:d7:75:45:81:24,FunBox2-8124,-42,1,2412,False,False
1778947238.6024914,data,null_data,50:02:91:e8:18:ec,d8:d7:75:45:81:24,d8:d7:75:45:81:24,50:02:91:e8:18:ec,d8:d7:75:45:81:24,,-80,1,2412,False,True
1778947238.6025043,control,ack,,50:02:91:e8:18:ec,50:02:91:e8:18:ec,,,,-44,1,2412,False,False
1778947238.7678475,management,beacon,d8:d7:75:45:81:24,ff:ff:ff:ff:ff:ff,ff:ff:ff:ff:ff:ff,d8:d7:75:45:81:24,d8:d7:75:45:81:24,FunBox2-8124,-42,1,2412,False,False
1778947238.8580036,management,probe_request,1a:4d:ad:94:57:bf,ff:ff:ff:ff:ff:ff,ff:ff:ff:ff:ff:ff,1a:4d:ad:94:57:bf,ff:ff:ff:ff:ff:ff,Domek,-87,1,2412,False,False
1778947238.8699293,management,beacon,d8:d7:75:45:81:24,ff:ff:ff:ff:ff:ff,ff:ff:ff:ff:ff:ff,d8:d7:75:45:81:24,d8:d7:75:45:81:24,FunBox2-8124,-45,1,2412,False,False
1778947238.9723504,management,beacon,d8:d7:75:45:81:24,ff:ff:ff:ff:ff:ff,ff:ff:ff:ff:ff:ff,d8:d7:75:45:81:24,d8:d7:75:45:81:24,FunBox2-8124,-42,1,2412,False,False
1778947239.0747478,management,beacon,d8:d7:75:45:81:24,ff:ff:ff:ff:ff:ff,ff:ff:ff:ff:ff:ff,d8:d7:75:45:81:24,d8:d7:75:45:81:24,FunBox2-8124,-41,1,2412,False,False
1778947239.2795682,management,beacon,d8:d7:75:45:81:24,ff:ff:ff:ff:ff:ff,ff:ff:ff:ff:ff:ff,d8:d7:75:45:81:24,d8:d7:75:45:81:24,FunBox2-8124,-45,1,2412,False,False
1778947239.3845792,management,beacon,d8:d7:75:45:81:24,ff:ff:ff:ff:ff:ff,ff:ff:ff:ff:ff:ff,d8:d7:75:45:81:24,d8:d7:75:45:81:24,FunBox2-8124,-41,1,2412,False,False
1778947239.4843867,management,beacon,d8:d7:75:45:81:24,ff:ff:ff:ff:ff:ff,ff:ff:ff:ff:ff:ff,d8:d7:75:45:81:24,d8:d7:75:45:81:24,FunBox2-8124,-41,1,2412,False,False
1778947239.5867612,management,beacon,d8:d7:75:45:81:24,ff:ff:ff:ff:ff:ff,ff:ff:ff:ff:ff:ff,d8:d7:75:45:81:24,d8:d7:75:45:81:24,FunBox2-8124,-44,1,2412,False,False
1778947239.793952,management,beacon,d8:d7:75:45:81:24,ff:ff:ff:ff:ff:ff,ff:ff:ff:ff:ff:ff,d8:d7:75:45:81:24,d8:d7:75:45:81:24,FunBox2-8124,-42,1,2412,False,False
1778947239.8962505,management,beacon,d8:d7:75:45:81:24,ff:ff:ff:ff:ff:ff,ff:ff:ff:ff:ff:ff,d8:d7:75:45:81:24,d8:d7:75:45:81:24,FunBox2-8124,-43,1,2412,False,False
1778947239.8974326,data,null_data,50:02:91:e8:18:ec,d8:d7:75:45:81:24,d8:d7:75:45:81:24,50:02:91:e8:18:ec,d8:d7:75:45:81:24,,-80,1,2412,False,False
1778947239.8974357,control,ack,,50:02:91:e8:18:ec,50:02:91:e8:18:ec,,,,-43,1,2412,False,False
1778947239.9986482,management,beacon,d8:d7:75:45:81:24,ff:ff:ff:ff:ff:ff,ff:ff:ff:ff:ff:ff,d8:d7:75:45:81:24,d8:d7:75:45:81:24,FunBox2-8124,-42,1,2412,False,False
1778947240.100921,management,beacon,d8:d7:75:45:81:24,ff:ff:ff:ff:ff:ff,ff:ff:ff:ff:ff:ff,d8:d7:75:45:81:24,d8:d7:75:45:81:24,FunBox2-8124,-41,1,2412,False,False
1778947240.1383076,data,null_data,50:02:91:e8:18:ec,d8:d7:75:45:81:24,d8:d7:75:45:81:24,50:02:91:e8:18:ec,d8:d7:75:45:81:24,,-80,1,2412,False,False
1778947240.1383245,control,ack,,50:02:91:e8:18:ec,50:02:91:e8:18:ec,,,,-45,1,2412,False,False
1778947240.4079406,management,beacon,d8:d7:75:45:81:24,ff:ff:ff:ff:ff:ff,ff:ff:ff:ff:ff:ff,d8:d7:75:45:81:24,d8:d7:75:45:81:24,FunBox2-8124,-42,1,2412,False,False
1778947240.5102932,management,beacon,d8:d7:75:45:81:24,ff:ff:ff:ff:ff:ff,ff:ff:ff:ff:ff:ff,d8:d7:75:45:81:24,d8:d7:75:45:81:24,FunBox2-8124,-44,1,2412,False,False
1778947240.61264,management,beacon,d8:d7:75:45:81:24,ff:ff:ff:ff:ff:ff,ff:ff:ff:ff:ff:ff,d8:d7:75:45:81:24,d8:d7:75:45:81:24,FunBox2-8124,-42,1,2412,False,False
1778947240.7149472,management,beacon,d8:d7:75:45:81:24,ff:ff:ff:ff:ff:ff,ff:ff:ff:ff:ff:ff,d8:d7:75:45:81:24,d8:d7:75:45:81:24,FunBox2-8124,-42,1,2412,False,False
1778947240.8172839,management,beacon,d8:d7:75:45:81:24,ff:ff:ff:ff:ff:ff,ff:ff:ff:ff:ff:ff,d8:d7:75:45:81:24,d8:d7:75:45:81:24,FunBox2-8124,-43,1,2412,False,False
1778947241.2268662,management,beacon,d8:d7:75:45:81:24,ff:ff:ff:ff:ff:ff,ff:ff:ff:ff:ff:ff,d8:d7:75:45:81:24,d8:d7:75:45:81:24,FunBox2-8124,-44,1,2412,False,False
1778947241.3289957,management,beacon,d8:d7:75:45:81:24,ff:ff:ff:ff:ff:ff,ff:ff:ff:ff:ff:ff,d8:d7:75:45:81:24,d8:d7:75:45:81:24,FunBox2-8124,-43,1,2412,False,False
1778947241.4313104,management,beacon,d8:d7:75:45:81:24,ff:ff:ff:ff:ff:ff,ff:ff:ff:ff:ff:ff,d8:d7:75:45:81:24,d8:d7:75:45:81:24,FunBox2-8124,-42,1,2412,False,False
1778947241.4322305,data,data,d8:d7:75:45:81:24,ff:ff:ff:ff:ff:ff,ff:ff:ff:ff:ff:ff,d8:d7:75:45:81:24,d8:d7:75:45:81:24,,-41,1,2412,True,False
1778947241.4329634,control,ack,,d8:d7:75:45:81:24,d8:d7:75:45:81:24,,,,-80,1,2412,False,False
1778947241.4329655,data,null_data,50:02:91:e8:18:ec,d8:d7:75:45:81:24,d8:d7:75:45:81:24,50:02:91:e8:18:ec,d8:d7:75:45:81:24,,-80,1,2412,False,False
1778947241.432967,control,ack,,50:02:91:e8:18:ec,50:02:91:e8:18:ec,,,,-47,1,2412,False,False
1778947241.4329677,data,null_data,50:02:91:e8:18:ec,d8:d7:75:45:81:24,d8:d7:75:45:81:24,50:02:91:e8:18:ec,d8:d7:75:45:81:24,,-80,1,2412,False,True
1778947241.4329684,control,ack,,50:02:91:e8:18:ec,50:02:91:e8:18:ec,,,,-47,1,2412,False,False
1778947241.4341247,data,data,d8:d7:75:45:81:24,ff:ff:ff:ff:ff:ff,ff:ff:ff:ff:ff:ff,d8:d7:75:45:81:24,d8:d7:75:45:81:24,,-44,1,2412,True,False
1778947241.4344401,control,ack,,d8:d7:75:45:81:24,d8:d7:75:45:81:24,,,,-80,1,2412,False,False
1778947241.53416,management,beacon,d8:d7:75:45:81:24,ff:ff:ff:ff:ff:ff,ff:ff:ff:ff:ff:ff,d8:d7:75:45:81:24,d8:d7:75:45:81:24,FunBox2-8124,-44,1,2412,False,False
1778947241.636027,management,beacon,d8:d7:75:45:81:24,ff:ff:ff:ff:ff:ff,ff:ff:ff:ff:ff:ff,d8:d7:75:45:81:24,d8:d7:75:45:81:24,FunBox2-8124,-41,1,2412,False,False
1778947241.674848,data,null_data,50:02:91:e8:18:ec,d8:d7:75:45:81:24,d8:d7:75:45:81:24,50:02:91:e8:18:ec,d8:d7:75:45:81:24,,-81,1,2412,False,False
1778947241.6748576,control,ack,,50:02:91:e8:18:ec,50:02:91:e8:18:ec,,,,-44,1,2412,False,False
1778947241.738342,management,beacon,d8:d7:75:45:81:24,ff:ff:ff:ff:ff:ff,ff:ff:ff:ff:ff:ff,d8:d7:75:45:81:24,d8:d7:75:45:81:24,FunBox2-8124,-41,1,2412,False,False
1778947241.8407032,management,beacon,d8:d7:75:45:81:24,ff:ff:ff:ff:ff:ff,ff:ff:ff:ff:ff:ff,d8:d7:75:45:81:24,d8:d7:75:45:81:24,FunBox2-8124,-42,1,2412,False,False
1778947241.9430604,management,beacon,d8:d7:75:45:81:24,ff:ff:ff:ff:ff:ff,ff:ff:ff:ff:ff:ff,d8:d7:75:45:81:24,d8:d7:75:45:81:24,FunBox2-8124,-41,1,2412,False,False
1778947242.0460918,management,beacon,d8:d7:75:45:81:24,ff:ff:ff:ff:ff:ff,ff:ff:ff:ff:ff:ff,d8:d7:75:45:81:24,d8:d7:75:45:81:24,FunBox2-8124,-42,1,2412,False,False
1778947242.1479728,management,beacon,d8:d7:75:45:81:24,ff:ff:ff:ff:ff:ff,ff:ff:ff:ff:ff:ff,d8:d7:75:45:81:24,d8:d7:75:45:81:24,FunBox2-8124,-60,1,2412,False,False
1778947242.250038,management,beacon,d8:d7:75:45:81:24,ff:ff:ff:ff:ff:ff,ff:ff:ff:ff:ff:ff,d8:d7:75:45:81:24,d8:d7:75:45:81:24,FunBox2-8124,-43,1,2412,False,False
1778947242.3187516,management,probe_request,5e:d8:7c:ec:8b:f8,ff:ff:ff:ff:ff:ff,ff:ff:ff:ff:ff:ff,5e:d8:7c:ec:8b:f8,ff:ff:ff:ff:ff:ff,<hidden>,-79,1,2412,False,False
1778947242.3220046,management,probe_response,d8:d7:75:45:81:24,5e:d8:7c:ec:8b:f8,5e:d8:7c:ec:8b:f8,d8:d7:75:45:81:24,d8:d7:75:45:81:24,FunBox2-8124,-46,1,2412,False,False
1778947242.3222945,control,ack,,d8:d7:75:45:81:24,d8:d7:75:45:81:24,,,,-79,1,2412,False,False
1778947242.3390756,management,probe_request,5e:d8:7c:ec:8b:f8,ff:ff:ff:ff:ff:ff,ff:ff:ff:ff:ff:ff,5e:d8:7c:ec:8b:f8,ff:ff:ff:ff:ff:ff,<hidden>,-83,1,2412,False,False
1778947242.3423307,management,probe_response,d8:d7:75:45:81:24,5e:d8:7c:ec:8b:f8,5e:d8:7c:ec:8b:f8,d8:d7:75:45:81:24,d8:d7:75:45:81:24,FunBox2-8124,-45,1,2412,False,False
1778947242.3426564,control,ack,,d8:d7:75:45:81:24,d8:d7:75:45:81:24,,,,-83,1,2412,False,False
1778947242.3535614,management,beacon,d8:d7:75:45:81:24,ff:ff:ff:ff:ff:ff,ff:ff:ff:ff:ff:ff,d8:d7:75:45:81:24,d8:d7:75:45:81:24,FunBox2-8124,-44,1,2412,False,False
1778947242.4547112,management,beacon,d8:d7:75:45:81:24,ff:ff:ff:ff:ff:ff,ff:ff:ff:ff:ff:ff,d8:d7:75:45:81:24,d8:d7:75:45:81:24,FunBox2-8124,-41,1,2412,False,False
1778947242.557028,management,beacon,d8:d7:75:45:81:24,ff:ff:ff:ff:ff:ff,ff:ff:ff:ff:ff:ff,d8:d7:75:45:81:24,d8:d7:75:45:81:24,FunBox2-8124,-42,1,2412,False,False
1778947242.6605232,management,beacon,d8:d7:75:45:81:24,ff:ff:ff:ff:ff:ff,ff:ff:ff:ff:ff:ff,d8:d7:75:45:81:24,d8:d7:75:45:81:24,FunBox2-8124,-42,1,2412,False,False
1778947242.7617018,management,beacon,d8:d7:75:45:81:24,ff:ff:ff:ff:ff:ff,ff:ff:ff:ff:ff:ff,d8:d7:75:45:81:24,d8:d7:75:45:81:24,FunBox2-8124,-44,1,2412,False,False
1778947242.8640814,management,beacon,d8:d7:75:45:81:24,ff:ff:ff:ff:ff:ff,ff:ff:ff:ff:ff:ff,d8:d7:75:45:81:24,d8:d7:75:45:81:24,FunBox2-8124,-45,1,2412,False,False
1778947242.9664347,management,beacon,d8:d7:75:45:81:24,ff:ff:ff:ff:ff:ff,ff:ff:ff:ff:ff:ff,d8:d7:75:45:81:24,d8:d7:75:45:81:24,FunBox2-8124,-45,1,2412,False,False
1778947242.9676366,data,null_data,50:02:91:e8:18:ec,d8:d7:75:45:81:24,d8:d7:75:45:81:24,50:02:91:e8:18:ec,d8:d7:75:45:81:24,,-79,1,2412,False,False
1778947242.9676394,control,ack,,50:02:91:e8:18:ec,50:02:91:e8:18:ec,,,,-43,1,2412,False,False
1778947243.068769,management,beacon,d8:d7:75:45:81:24,ff:ff:ff:ff:ff:ff,ff:ff:ff:ff:ff:ff,d8:d7:75:45:81:24,d8:d7:75:45:81:24,FunBox2-8124,-42,1,2412,False,False
1778947243.20852,data,null_data,50:02:91:e8:18:ec,d8:d7:75:45:81:24,d8:d7:75:45:81:24,50:02:91:e8:18:ec,d8:d7:75:45:81:24,,-80,1,2412,False,False
1778947243.2091908,data,null_data,50:02:91:e8:18:ec,d8:d7:75:45:81:24,d8:d7:75:45:81:24,50:02:91:e8:18:ec,d8:d7:75:45:81:24,,-80,1,2412,False,True
1778947243.209195,control,ack,,50:02:91:e8:18:ec,50:02:91:e8:18:ec,,,,-43,1,2412,False,False
1778947243.4780707,management,beacon,d8:d7:75:45:81:24,ff:ff:ff:ff:ff:ff,ff:ff:ff:ff:ff:ff,d8:d7:75:45:81:24,d8:d7:75:45:81:24,FunBox2-8124,-42,1,2412,False,False
1778947243.4880285,management,probe_request,6a:d0:0f:27:52:3e,ff:ff:ff:ff:ff:ff,ff:ff:ff:ff:ff:ff,6a:d0:0f:27:52:3e,ff:ff:ff:ff:ff:ff,<hidden>,-31,1,2412,False,False
1778947243.4912694,management,probe_response,d8:d7:75:45:81:24,6a:d0:0f:27:52:3e,6a:d0:0f:27:52:3e,d8:d7:75:45:81:24,d8:d7:75:45:81:24,FunBox2-8124,-42,1,2412,False,False
1778947243.5090396,management,probe_response,d8:d7:75:45:81:24,6a:d0:0f:27:52:3e,6a:d0:0f:27:52:3e,d8:d7:75:45:81:24,d8:d7:75:45:81:24,FunBox2-8124,-43,1,2412,False,True
1778947243.5093248,control,ack,,d8:d7:75:45:81:24,d8:d7:75:45:81:24,,,,-31,1,2412,False,False
1778947243.5519083,management,probe_request,6a:d0:0f:27:52:3e,ff:ff:ff:ff:ff:ff,ff:ff:ff:ff:ff:ff,6a:d0:0f:27:52:3e,ff:ff:ff:ff:ff:ff,<hidden>,-33,1,2412,False,False
1778947243.5804756,management,beacon,d8:d7:75:45:81:24,ff:ff:ff:ff:ff:ff,ff:ff:ff:ff:ff:ff,d8:d7:75:45:81:24,d8:d7:75:45:81:24,FunBox2-8124,-42,1,2412,False,False
1778947243.6846108,management,beacon,d8:d7:75:45:81:24,ff:ff:ff:ff:ff:ff,ff:ff:ff:ff:ff:ff,d8:d7:75:45:81:24,d8:d7:75:45:81:24,FunBox2-8124,-44,1,2412,False,False
1778947243.7470536,management,probe_response,d8:d7:75:45:81:24,6a:d0:0f:27:52:3e,6a:d0:0f:27:52:3e,d8:d7:75:45:81:24,d8:d7:75:45:81:24,FunBox2-8124,-45,1,2412,False,False
1778947243.7506974,management,probe_response,d8:d7:75:45:81:24,6a:d0:0f:27:52:3e,6a:d0:0f:27:52:3e,d8:d7:75:45:81:24,d8:d7:75:45:81:24,FunBox2-8124,-44,1,2412,False,True
1778947243.7555153,management,probe_response,d8:d7:75:45:81:24,6a:d0:0f:27:52:3e,6a:d0:0f:27:52:3e,d8:d7:75:45:81:24,d8:d7:75:45:81:24,FunBox2-8124,-45,1,2412,False,True
1778947243.7603018,management,probe_response,d8:d7:75:45:81:24,6a:d0:0f:27:52:3e,6a:d0:0f:27:52:3e,d8:d7:75:45:81:24,d8:d7:75:45:81:24,FunBox2-8124,-45,1,2412,False,True
1778947243.764425,management,probe_response,d8:d7:75:45:81:24,6a:d0:0f:27:52:3e,6a:d0:0f:27:52:3e,d8:d7:75:45:81:24,d8:d7:75:45:81:24,FunBox2-8124,-46,1,2412,False,True
1778947243.7853413,management,beacon,d8:d7:75:45:81:24,ff:ff:ff:ff:ff:ff,ff:ff:ff:ff:ff:ff,d8:d7:75:45:81:24,d8:d7:75:45:81:24,FunBox2-8124,-46,1,2412,False,False
1778947243.8877134,management,beacon,d8:d7:75:45:81:24,ff:ff:ff:ff:ff:ff,ff:ff:ff:ff:ff:ff,d8:d7:75:45:81:24,d8:d7:75:45:81:24,FunBox2-8124,-43,1,2412,False,False
1778947243.9901104,management,beacon,d8:d7:75:45:81:24,ff:ff:ff:ff:ff:ff,ff:ff:ff:ff:ff:ff,d8:d7:75:45:81:24,d8:d7:75:45:81:24,FunBox2-8124,-42,1,2412,False,False
1778947244.0925317,management,beacon,d8:d7:75:45:81:24,ff:ff:ff:ff:ff:ff,ff:ff:ff:ff:ff:ff,d8:d7:75:45:81:24,d8:d7:75:45:81:24,FunBox2-8124,-42,1,2412,False,False
1778947244.1966095,management,beacon,d8:d7:75:45:81:24,ff:ff:ff:ff:ff:ff,ff:ff:ff:ff:ff:ff,d8:d7:75:45:81:24,d8:d7:75:45:81:24,FunBox2-8124,-42,1,2412,False,False
1778947244.1978068,data,null_data,50:02:91:e8:18:ec,d8:d7:75:45:81:24,d8:d7:75:45:81:24,50:02:91:e8:18:ec,d8:d7:75:45:81:24,,-81,1,2412,False,False
1778947244.1978102,control,ack,,50:02:91:e8:18:ec,50:02:91:e8:18:ec,,,,-44,1,2412,False,False
1778947244.297345,management,beacon,d8:d7:75:45:81:24,ff:ff:ff:ff:ff:ff,ff:ff:ff:ff:ff:ff,d8:d7:75:45:81:24,d8:d7:75:45:81:24,FunBox2-8124,-43,1,2412,False,False
1778947244.4386709,data,null_data,50:02:91:e8:18:ec,d8:d7:75:45:81:24,d8:d7:75:45:81:24,50:02:91:e8:18:ec,d8:d7:75:45:81:24,,-82,1,2412,False,False
1778947244.4386787,control,ack,,50:02:91:e8:18:ec,50:02:91:e8:18:ec,,,,-45,1,2412,False,False
1778947244.4875116,management,probe_request,1a:4d:ad:94:57:bf,ff:ff:ff:ff:ff:ff,ff:ff:ff:ff:ff:ff,1a:4d:ad:94:57:bf,ff:ff:ff:ff:ff:ff,<hidden>,-73,1,2412,False,False
1778947244.4910672,control,ack,,d8:d7:75:45:81:24,d8:d7:75:45:81:24,,,,-74,1,2412,False,False
1778947244.4952292,control,ack,,ac:84:c6:41:71:22,ac:84:c6:41:71:22,,,,-74,1,2412,False,False
1778947244.5025897,management,beacon,d8:d7:75:45:81:24,ff:ff:ff:ff:ff:ff,ff:ff:ff:ff:ff:ff,d8:d7:75:45:81:24,d8:d7:75:45:81:24,FunBox2-8124,-42,1,2412,False,False
1778947244.606248,management,beacon,d8:d7:75:45:81:24,ff:ff:ff:ff:ff:ff,ff:ff:ff:ff:ff:ff,d8:d7:75:45:81:24,d8:d7:75:45:81:24,FunBox2-8124,-45,1,2412,False,False
1778947244.7069924,management,beacon,d8:d7:75:45:81:24,ff:ff:ff:ff:ff:ff,ff:ff:ff:ff:ff:ff,d8:d7:75:45:81:24,d8:d7:75:45:81:24,FunBox2-8124,-42,1,2412,False,False
1778947244.8093317,management,beacon,d8:d7:75:45:81:24,ff:ff:ff:ff:ff:ff,ff:ff:ff:ff:ff:ff,d8:d7:75:45:81:24,d8:d7:75:45:81:24,FunBox2-8124,-43,1,2412,False,False
1778947245.0141652,management,beacon,d8:d7:75:45:81:24,ff:ff:ff:ff:ff:ff,ff:ff:ff:ff:ff:ff,d8:d7:75:45:81:24,d8:d7:75:45:81:24,FunBox2-8124,-43,1,2412,False,False
1778947245.1165621,management,beacon,d8:d7:75:45:81:24,ff:ff:ff:ff:ff:ff,ff:ff:ff:ff:ff:ff,d8:d7:75:45:81:24,d8:d7:75:45:81:24,FunBox2-8124,-41,1,2412,False,False
1778947245.2189507,management,beacon,d8:d7:75:45:81:24,ff:ff:ff:ff:ff:ff,ff:ff:ff:ff:ff:ff,d8:d7:75:45:81:24,d8:d7:75:45:81:24,FunBox2-8124,-43,1,2412,False,False
1778947245.32136,management,beacon,d8:d7:75:45:81:24,ff:ff:ff:ff:ff:ff,ff:ff:ff:ff:ff:ff,d8:d7:75:45:81:24,d8:d7:75:45:81:24,FunBox2-8124,-43,1,2412,False,False
1778947245.5261753,management,beacon,d8:d7:75:45:81:24,ff:ff:ff:ff:ff:ff,ff:ff:ff:ff:ff:ff,d8:d7:75:45:81:24,d8:d7:75:45:81:24,FunBox2-8124,-41,1,2412,False,False
1778947245.6288388,management,beacon,d8:d7:75:45:81:24,ff:ff:ff:ff:ff:ff,ff:ff:ff:ff:ff:ff,d8:d7:75:45:81:24,d8:d7:75:45:81:24,FunBox2-8124,-42,1,2412,False,False
1778947245.7309632,management,beacon,d8:d7:75:45:81:24,ff:ff:ff:ff:ff:ff,ff:ff:ff:ff:ff:ff,d8:d7:75:45:81:24,d8:d7:75:45:81:24,FunBox2-8124,-41,1,2412,False,False
1778947245.7321453,data,null_data,50:02:91:e8:18:ec,d8:d7:75:45:81:24,d8:d7:75:45:81:24,50:02:91:e8:18:ec,d8:d7:75:45:81:24,,-80,1,2412,False,False
1778947245.7321477,control,ack,,50:02:91:e8:18:ec,50:02:91:e8:18:ec,,,,-44,1,2412,False,False
1778947245.8333673,management,beacon,d8:d7:75:45:81:24,ff:ff:ff:ff:ff:ff,ff:ff:ff:ff:ff:ff,d8:d7:75:45:81:24,d8:d7:75:45:81:24,FunBox2-8124,-41,1,2412,False,False
1778947245.973036,data,null_data,50:02:91:e8:18:ec,d8:d7:75:45:81:24,d8:d7:75:45:81:24,50:02:91:e8:18:ec,d8:d7:75:45:81:24,,-81,1,2412,False,False
1778947245.9730449,control,ack,,50:02:91:e8:18:ec,50:02:91:e8:18:ec,,,,-44,1,2412,False,False
1778947246.0381699,management,beacon,d8:d7:75:45:81:24,ff:ff:ff:ff:ff:ff,ff:ff:ff:ff:ff:ff,d8:d7:75:45:81:24,d8:d7:75:45:81:24,FunBox2-8124,-46,1,2412,False,False
1778947246.1423292,management,beacon,d8:d7:75:45:81:24,ff:ff:ff:ff:ff:ff,ff:ff:ff:ff:ff:ff,d8:d7:75:45:81:24,d8:d7:75:45:81:24,FunBox2-8124,-45,1,2412,False,False
1778947246.2430248,management,beacon,d8:d7:75:45:81:24,ff:ff:ff:ff:ff:ff,ff:ff:ff:ff:ff:ff,d8:d7:75:45:81:24,d8:d7:75:45:81:24,FunBox2-8124,-41,1,2412,False,False
1778947246.3454072,management,beacon,d8:d7:75:45:81:24,ff:ff:ff:ff:ff:ff,ff:ff:ff:ff:ff:ff,d8:d7:75:45:81:24,d8:d7:75:45:81:24,FunBox2-8124,-42,1,2412,False,False
1778947246.5502343,management,beacon,d8:d7:75:45:81:24,ff:ff:ff:ff:ff:ff,ff:ff:ff:ff:ff:ff,d8:d7:75:45:81:24,d8:d7:75:45:81:24,FunBox2-8124,-43,1,2412,False,False
1778947246.6526027,management,beacon,d8:d7:75:45:81:24,ff:ff:ff:ff:ff:ff,ff:ff:ff:ff:ff:ff,d8:d7:75:45:81:24,d8:d7:75:45:81:24,FunBox2-8124,-42,1,2412,False,False
1778947246.7567353,management,beacon,d8:d7:75:45:81:24,ff:ff:ff:ff:ff:ff,ff:ff:ff:ff:ff:ff,d8:d7:75:45:81:24,d8:d7:75:45:81:24,FunBox2-8124,-43,1,2412,False,False
1778947246.8574398,management,beacon,d8:d7:75:45:81:24,ff:ff:ff:ff:ff:ff,ff:ff:ff:ff:ff:ff,d8:d7:75:45:81:24,d8:d7:75:45:81:24,FunBox2-8124,-44,1,2412,False,False
1778947247.0622232,management,beacon,d8:d7:75:45:81:24,ff:ff:ff:ff:ff:ff,ff:ff:ff:ff:ff:ff,d8:d7:75:45:81:24,d8:d7:75:45:81:24,FunBox2-8124,-42,1,2412,False,False
1778947247.063411,data,null_data,50:02:91:e8:18:ec,d8:d7:75:45:81:24,d8:d7:75:45:81:24,50:02:91:e8:18:ec,d8:d7:75:45:81:24,,-80,1,2412,False,False
1778947247.0634146,control,ack,,50:02:91:e8:18:ec,50:02:91:e8:18:ec,,,,-45,1,2412,False,False
1778947247.1646585,management,beacon,d8:d7:75:45:81:24,ff:ff:ff:ff:ff:ff,ff:ff:ff:ff:ff:ff,d8:d7:75:45:81:24,d8:d7:75:45:81:24,FunBox2-8124,-42,1,2412,False,False
1778947247.2670734,management,beacon,d8:d7:75:45:81:24,ff:ff:ff:ff:ff:ff,ff:ff:ff:ff:ff:ff,d8:d7:75:45:81:24,d8:d7:75:45:81:24,FunBox2-8124,-42,1,2412,False,False
1778947247.3042657,data,null_data,50:02:91:e8:18:ec,d8:d7:75:45:81:24,d8:d7:75:45:81:24,50:02:91:e8:18:ec,d8:d7:75:45:81:24,,-79,1,2412,False,False
1778947247.3042815,control,ack,,50:02:91:e8:18:ec,50:02:91:e8:18:ec,,,,-44,1,2412,False,False
1778947247.3698423,management,beacon,d8:d7:75:45:81:24,ff:ff:ff:ff:ff:ff,ff:ff:ff:ff:ff:ff,d8:d7:75:45:81:24,d8:d7:75:45:81:24,FunBox2-8124,-41,1,2412,False,False
1778947247.5742283,management,beacon,d8:d7:75:45:81:24,ff:ff:ff:ff:ff:ff,ff:ff:ff:ff:ff:ff,d8:d7:75:45:81:24,d8:d7:75:45:81:24,FunBox2-8124,-42,1,2412,False,False
1778947247.6766603,management,beacon,d8:d7:75:45:81:24,ff:ff:ff:ff:ff:ff,ff:ff:ff:ff:ff:ff,d8:d7:75:45:81:24,d8:d7:75:45:81:24,FunBox2-8124,-41,1,2412,False,False
1778947247.779097,management,beacon,d8:d7:75:45:81:24,ff:ff:ff:ff:ff:ff,ff:ff:ff:ff:ff:ff,d8:d7:75:45:81:24,d8:d7:75:45:81:24,FunBox2-8124,-42,1,2412,False,False
1778947247.8814673,management,beacon,d8:d7:75:45:81:24,ff:ff:ff:ff:ff:ff,ff:ff:ff:ff:ff:ff,d8:d7:75:45:81:24,d8:d7:75:45:81:24,FunBox2-8124,-42,1,2412,False,False
1778947248.0880358,management,beacon,d8:d7:75:45:81:24,ff:ff:ff:ff:ff:ff,ff:ff:ff:ff:ff:ff,d8:d7:75:45:81:24,d8:d7:75:45:81:24,FunBox2-8124,-44,1,2412,False,False
1778947248.1887202,management,beacon,d8:d7:75:45:81:24,ff:ff:ff:ff:ff:ff,ff:ff:ff:ff:ff:ff,d8:d7:75:45:81:24,d8:d7:75:45:81:24,FunBox2-8124,-41,1,2412,False,False
1778947248.29109,management,beacon,d8:d7:75:45:81:24,ff:ff:ff:ff:ff:ff,ff:ff:ff:ff:ff:ff,d8:d7:75:45:81:24,d8:d7:75:45:81:24,FunBox2-8124,-43,1,2412,False,False
1778947248.3934739,management,beacon,d8:d7:75:45:81:24,ff:ff:ff:ff:ff:ff,ff:ff:ff:ff:ff:ff,d8:d7:75:45:81:24,d8:d7:75:45:81:24,FunBox2-8124,-42,1,2412,False,False
1778947248.4970925,data,null_data,50:02:91:e8:18:ec,d8:d7:75:45:81:24,d8:d7:75:45:81:24,50:02:91:e8:18:ec,d8:d7:75:45:81:24,,-80,1,2412,False,False
1778947248.4971044,control,ack,,50:02:91:e8:18:ec,50:02:91:e8:18:ec,,,,-43,1,2412,False,False
1778947248.5983148,management,beacon,d8:d7:75:45:81:24,ff:ff:ff:ff:ff:ff,ff:ff:ff:ff:ff:ff,d8:d7:75:45:81:24,d8:d7:75:45:81:24,FunBox2-8124,-44,1,2412,False,False
1778947248.6737614,management,probe_request,1a:4d:ad:94:57:bf,ff:ff:ff:ff:ff:ff,ff:ff:ff:ff:ff:ff,1a:4d:ad:94:57:bf,ff:ff:ff:ff:ff:ff,Domek,-81,1,2412,False,False
1778947248.6896338,management,probe_request,1a:4d:ad:94:57:bf,ff:ff:ff:ff:ff:ff,ff:ff:ff:ff:ff:ff,1a:4d:ad:94:57:bf,ff:ff:ff:ff:ff:ff,Domek,-83,1,2412,False,False
1778947248.7006836,management,beacon,d8:d7:75:45:81:24,ff:ff:ff:ff:ff:ff,ff:ff:ff:ff:ff:ff,d8:d7:75:45:81:24,d8:d7:75:45:81:24,FunBox2-8124,-41,1,2412,False,False
1778947248.737979,data,null_data,50:02:91:e8:18:ec,d8:d7:75:45:81:24,d8:d7:75:45:81:24,50:02:91:e8:18:ec,d8:d7:75:45:81:24,,-81,1,2412,False,False
1778947248.737989,control,ack,,50:02:91:e8:18:ec,50:02:91:e8:18:ec,,,,-48,1,2412,False,False
1778947248.803134,management,beacon,d8:d7:75:45:81:24,ff:ff:ff:ff:ff:ff,ff:ff:ff:ff:ff:ff,d8:d7:75:45:81:24,d8:d7:75:45:81:24,FunBox2-8124,-42,1,2412,False,False
1778947248.9072638,management,beacon,d8:d7:75:45:81:24,ff:ff:ff:ff:ff:ff,ff:ff:ff:ff:ff:ff,d8:d7:75:45:81:24,d8:d7:75:45:81:24,FunBox2-8124,-43,1,2412,False,False
1778947249.1120884,management,beacon,d8:d7:75:45:81:24,ff:ff:ff:ff:ff:ff,ff:ff:ff:ff:ff:ff,d8:d7:75:45:81:24,d8:d7:75:45:81:24,FunBox2-8124,-42,1,2412,False,False
1778947249.1981847,management,probe_response,d8:d7:75:45:81:24,66:83:cd:31:30:36,66:83:cd:31:30:36,d8:d7:75:45:81:24,d8:d7:75:45:81:24,FunBox2-8124,-44,1,2412,False,False
1778947249.2028499,management,probe_response,d8:d7:75:45:81:24,66:83:cd:31:30:36,66:83:cd:31:30:36,d8:d7:75:45:81:24,d8:d7:75:45:81:24,FunBox2-8124,-45,1,2412,False,True
1778947249.219399,management,probe_response,d8:d7:75:45:81:24,66:83:cd:31:30:36,66:83:cd:31:30:36,d8:d7:75:45:81:24,d8:d7:75:45:81:24,FunBox2-8124,-45,1,2412,False,True
1778947249.2223794,management,beacon,d8:d7:75:45:81:24,ff:ff:ff:ff:ff:ff,ff:ff:ff:ff:ff:ff,d8:d7:75:45:81:24,d8:d7:75:45:81:24,FunBox2-8124,-48,1,2412,False,False
1778947249.2257204,management,probe_response,d8:d7:75:45:81:24,66:83:cd:31:30:36,66:83:cd:31:30:36,d8:d7:75:45:81:24,d8:d7:75:45:81:24,FunBox2-8124,-45,1,2412,False,True
1778947249.3151443,management,beacon,d8:d7:75:45:81:24,ff:ff:ff:ff:ff:ff,ff:ff:ff:ff:ff:ff,d8:d7:75:45:81:24,d8:d7:75:45:81:24,FunBox2-8124,-42,1,2412,False,False
1778947249.4192986,management,beacon,d8:d7:75:45:81:24,ff:ff:ff:ff:ff:ff,ff:ff:ff:ff:ff:ff,d8:d7:75:45:81:24,d8:d7:75:45:81:24,FunBox2-8124,-42,1,2412,False,False
1778947249.5254946,data,null_data,50:02:91:e8:18:ec,d8:d7:75:45:81:24,d8:d7:75:45:81:24,50:02:91:e8:18:ec,d8:d7:75:45:81:24,,-81,1,2412,False,False
1778947249.5255032,control,ack,,50:02:91:e8:18:ec,50:02:91:e8:18:ec,,,,-44,1,2412,False,False
1778947249.622359,management,beacon,d8:d7:75:45:81:24,ff:ff:ff:ff:ff:ff,ff:ff:ff:ff:ff:ff,d8:d7:75:45:81:24,d8:d7:75:45:81:24,FunBox2-8124,-44,1,2412,False,False
1778947249.7247455,management,beacon,d8:d7:75:45:81:24,ff:ff:ff:ff:ff:ff,ff:ff:ff:ff:ff:ff,d8:d7:75:45:81:24,d8:d7:75:45:81:24,FunBox2-8124,-44,1,2412,False,False
1778947249.7665856,data,null_data,50:02:91:e8:18:ec,d8:d7:75:45:81:24,d8:d7:75:45:81:24,50:02:91:e8:18:ec,d8:d7:75:45:81:24,,-81,1,2412,False,True
1778947249.7665935,control,ack,,50:02:91:e8:18:ec,50:02:91:e8:18:ec,,,,-45,1,2412,False,False
1778947249.8195217,data,null_data,50:02:91:e8:18:ec,d8:d7:75:45:81:24,d8:d7:75:45:81:24,50:02:91:e8:18:ec,d8:d7:75:45:81:24,,-79,1,2412,False,False
1778947249.819684,data,null_data,50:02:91:e8:18:ec,d8:d7:75:45:81:24,d8:d7:75:45:81:24,50:02:91:e8:18:ec,d8:d7:75:45:81:24,,-80,1,2412,False,True
1778947249.8207204,data,null_data,50:02:91:e8:18:ec,d8:d7:75:45:81:24,d8:d7:75:45:81:24,50:02:91:e8:18:ec,d8:d7:75:45:81:24,,-81,1,2412,False,True
1778947249.8207223,control,ack,,50:02:91:e8:18:ec,50:02:91:e8:18:ec,,,,-48,1,2412,False,False
1778947249.827172,management,beacon,d8:d7:75:45:81:24,ff:ff:ff:ff:ff:ff,ff:ff:ff:ff:ff:ff,d8:d7:75:45:81:24,d8:d7:75:45:81:24,FunBox2-8124,-44,1,2412,False,False
1778947249.9261541,management,beacon,ac:84:c6:41:71:22,ff:ff:ff:ff:ff:ff,ff:ff:ff:ff:ff:ff,ac:84:c6:41:71:22,ac:84:c6:41:71:22,TP-LINK_7122,-87,1,2412,False,False
1778947249.929503,management,beacon,d8:d7:75:45:81:24,ff:ff:ff:ff:ff:ff,ff:ff:ff:ff:ff:ff,d8:d7:75:45:81:24,d8:d7:75:45:81:24,FunBox2-8124,-41,1,2412,False,False
1778947250.031956,management,beacon,d8:d7:75:45:81:24,ff:ff:ff:ff:ff:ff,ff:ff:ff:ff:ff:ff,d8:d7:75:45:81:24,d8:d7:75:45:81:24,FunBox2-8124,-42,1,2412,False,False
1778947250.0617628,data,null_data,50:02:91:e8:18:ec,d8:d7:75:45:81:24,d8:d7:75:45:81:24,50:02:91:e8:18:ec,d8:d7:75:45:81:24,,-79,1,2412,False,False
1778947250.0617688,control,ack,,50:02:91:e8:18:ec,50:02:91:e8:18:ec,,,,-48,1,2412,False,False
1778947250.1350074,management,beacon,d8:d7:75:45:81:24,ff:ff:ff:ff:ff:ff,ff:ff:ff:ff:ff:ff,d8:d7:75:45:81:24,d8:d7:75:45:81:24,FunBox2-8124,-43,1,2412,False,False
1778947250.2373388,management,beacon,d8:d7:75:45:81:24,ff:ff:ff:ff:ff:ff,ff:ff:ff:ff:ff:ff,d8:d7:75:45:81:24,d8:d7:75:45:81:24,FunBox2-8124,-41,1,2412,False,False
1778947250.3396957,management,beacon,d8:d7:75:45:81:24,ff:ff:ff:ff:ff:ff,ff:ff:ff:ff:ff:ff,d8:d7:75:45:81:24,d8:d7:75:45:81:24,FunBox2-8124,-45,1,2412,False,False
1778947250.3407967,data,data,d8:d7:75:45:81:24,01:00:5e:00:00:01,01:00:5e:00:00:01,d8:d7:75:45:81:24,d8:d7:75:45:81:24,,-45,1,2412,True,False
1778947250.3411186,control,ack,,d8:d7:75:45:81:24,d8:d7:75:45:81:24,,,,-80,1,2412,False,False
1778947250.442008,management,beacon,d8:d7:75:45:81:24,ff:ff:ff:ff:ff:ff,ff:ff:ff:ff:ff:ff,d8:d7:75:45:81:24,d8:d7:75:45:81:24,FunBox2-8124,-42,1,2412,False,False
1778947250.544342,management,beacon,d8:d7:75:45:81:24,ff:ff:ff:ff:ff:ff,ff:ff:ff:ff:ff:ff,d8:d7:75:45:81:24,d8:d7:75:45:81:24,FunBox2-8124,-43,1,2412,False,False
1778947250.6467123,management,beacon,d8:d7:75:45:81:24,ff:ff:ff:ff:ff:ff,ff:ff:ff:ff:ff:ff,d8:d7:75:45:81:24,d8:d7:75:45:81:24,FunBox2-8124,-43,1,2412,False,False
1778947250.7490392,management,beacon,d8:d7:75:45:81:24,ff:ff:ff:ff:ff:ff,ff:ff:ff:ff:ff:ff,d8:d7:75:45:81:24,d8:d7:75:45:81:24,FunBox2-8124,-42,1,2412,False,False
1778947250.8513575,management,beacon,d8:d7:75:45:81:24,ff:ff:ff:ff:ff:ff,ff:ff:ff:ff:ff:ff,d8:d7:75:45:81:24,d8:d7:75:45:81:24,FunBox2-8124,-42,1,2412,False,False
1778947250.9537547,management,beacon,d8:d7:75:45:81:24,ff:ff:ff:ff:ff:ff,ff:ff:ff:ff:ff:ff,d8:d7:75:45:81:24,d8:d7:75:45:81:24,FunBox2-8124,-42,1,2412,False,False
1778947251.0560617,management,beacon,d8:d7:75:45:81:24,ff:ff:ff:ff:ff:ff,ff:ff:ff:ff:ff:ff,d8:d7:75:45:81:24,d8:d7:75:45:81:24,FunBox2-8124,-42,1,2412,False,False
1778947251.1583655,management,beacon,d8:d7:75:45:81:24,ff:ff:ff:ff:ff:ff,ff:ff:ff:ff:ff:ff,d8:d7:75:45:81:24,d8:d7:75:45:81:24,FunBox2-8124,-43,1,2412,False,False
1778947251.2608266,management,beacon,d8:d7:75:45:81:24,ff:ff:ff:ff:ff:ff,ff:ff:ff:ff:ff:ff,d8:d7:75:45:81:24,d8:d7:75:45:81:24,FunBox2-8124,-46,1,2412,False,False
1778947251.363171,management,beacon,d8:d7:75:45:81:24,ff:ff:ff:ff:ff:ff,ff:ff:ff:ff:ff:ff,d8:d7:75:45:81:24,d8:d7:75:45:81:24,FunBox2-8124,-43,1,2412,False,False
1778947251.3643496,data,null_data,50:02:91:e8:18:ec,d8:d7:75:45:81:24,d8:d7:75:45:81:24,50:02:91:e8:18:ec,d8:d7:75:45:81:24,,-80,1,2412,False,False
1778947251.3643527,control,ack,,50:02:91:e8:18:ec,50:02:91:e8:18:ec,,,,-44,1,2412,False,False
1778947251.4656072,management,beacon,d8:d7:75:45:81:24,ff:ff:ff:ff:ff:ff,ff:ff:ff:ff:ff:ff,d8:d7:75:45:81:24,d8:d7:75:45:81:24,FunBox2-8124,-43,1,2412,False,False
1778947251.5679803,management,beacon,d8:d7:75:45:81:24,ff:ff:ff:ff:ff:ff,ff:ff:ff:ff:ff:ff,d8:d7:75:45:81:24,d8:d7:75:45:81:24,FunBox2-8124,-44,1,2412,False,False
1778947251.6052089,data,null_data,50:02:91:e8:18:ec,d8:d7:75:45:81:24,d8:d7:75:45:81:24,50:02:91:e8:18:ec,d8:d7:75:45:81:24,,-79,1,2412,False,False
1778947251.6052175,control,ack,,50:02:91:e8:18:ec,50:02:91:e8:18:ec,,,,-48,1,2412,False,False
1778947251.6704378,management,beacon,d8:d7:75:45:81:24,ff:ff:ff:ff:ff:ff,ff:ff:ff:ff:ff:ff,d8:d7:75:45:81:24,d8:d7:75:45:81:24,FunBox2-8124,-42,1,2412,False,False
1778947251.7727926,management,beacon,d8:d7:75:45:81:24,ff:ff:ff:ff:ff:ff,ff:ff:ff:ff:ff:ff,d8:d7:75:45:81:24,d8:d7:75:45:81:24,FunBox2-8124,-42,1,2412,False,False
1778947251.8752365,management,beacon,d8:d7:75:45:81:24,ff:ff:ff:ff:ff:ff,ff:ff:ff:ff:ff:ff,d8:d7:75:45:81:24,d8:d7:75:45:81:24,FunBox2-8124,-42,1,2412,False,False
1778947251.9776402,management,beacon,d8:d7:75:45:81:24,ff:ff:ff:ff:ff:ff,ff:ff:ff:ff:ff:ff,d8:d7:75:45:81:24,d8:d7:75:45:81:24,FunBox2-8124,-42,1,2412,False,False
1778947252.18241,management,beacon,d8:d7:75:45:81:24,ff:ff:ff:ff:ff:ff,ff:ff:ff:ff:ff:ff,d8:d7:75:45:81:24,d8:d7:75:45:81:24,FunBox2-8124,-44,1,2412,False,False
1778947252.284872,management,beacon,d8:d7:75:45:81:24,ff:ff:ff:ff:ff:ff,ff:ff:ff:ff:ff:ff,d8:d7:75:45:81:24,d8:d7:75:45:81:24,FunBox2-8124,-44,1,2412,False,False
1778947252.3872488,management,beacon,d8:d7:75:45:81:24,ff:ff:ff:ff:ff:ff,ff:ff:ff:ff:ff:ff,d8:d7:75:45:81:24,d8:d7:75:45:81:24,FunBox2-8124,-44,1,2412,False,False
1778947252.4896307,management,beacon,d8:d7:75:45:81:24,ff:ff:ff:ff:ff:ff,ff:ff:ff:ff:ff:ff,d8:d7:75:45:81:24,d8:d7:75:45:81:24,FunBox2-8124,-42,1,2412,False,False
1778947252.5920382,management,beacon,d8:d7:75:45:81:24,ff:ff:ff:ff:ff:ff,ff:ff:ff:ff:ff:ff,d8:d7:75:45:81:24,d8:d7:75:45:81:24,FunBox2-8124,-42,1,2412,False,False
1778947252.6944728,management,beacon,d8:d7:75:45:81:24,ff:ff:ff:ff:ff:ff,ff:ff:ff:ff:ff:ff,d8:d7:75:45:81:24,d8:d7:75:45:81:24,FunBox2-8124,-41,1,2412,False,False
1778947252.796841,management,beacon,d8:d7:75:45:81:24,ff:ff:ff:ff:ff:ff,ff:ff:ff:ff:ff:ff,d8:d7:75:45:81:24,d8:d7:75:45:81:24,FunBox2-8124,-41,1,2412,False,False
1778947252.7980046,data,null_data,50:02:91:e8:18:ec,d8:d7:75:45:81:24,d8:d7:75:45:81:24,50:02:91:e8:18:ec,d8:d7:75:45:81:24,,-80,1,2412,False,False
1778947252.7980072,control,ack,,50:02:91:e8:18:ec,50:02:91:e8:18:ec,,,,-44,1,2412,False,False
1778947252.899276,management,beacon,d8:d7:75:45:81:24,ff:ff:ff:ff:ff:ff,ff:ff:ff:ff:ff:ff,d8:d7:75:45:81:24,d8:d7:75:45:81:24,FunBox2-8124,-41,1,2412,False,False
1778947253.0016563,management,beacon,d8:d7:75:45:81:24,ff:ff:ff:ff:ff:ff,ff:ff:ff:ff:ff:ff,d8:d7:75:45:81:24,d8:d7:75:45:81:24,FunBox2-8124,-42,1,2412,False,False
1778947253.038872,data,null_data,50:02:91:e8:18:ec,d8:d7:75:45:81:24,d8:d7:75:45:81:24,50:02:91:e8:18:ec,d8:d7:75:45:81:24,,-81,1,2412,False,False
1778947253.0388796,control,ack,,50:02:91:e8:18:ec,50:02:91:e8:18:ec,,,,-45,1,2412,False,False
1778947253.1040385,management,beacon,d8:d7:75:45:81:24,ff:ff:ff:ff:ff:ff,ff:ff:ff:ff:ff:ff,d8:d7:75:45:81:24,d8:d7:75:45:81:24,FunBox2-8124,-42,1,2412,False,False
1778947253.2064898,management,beacon,d8:d7:75:45:81:24,ff:ff:ff:ff:ff:ff,ff:ff:ff:ff:ff:ff,d8:d7:75:45:81:24,d8:d7:75:45:81:24,FunBox2-8124,-42,1,2412,False,False
1778947253.3088422,management,beacon,d8:d7:75:45:81:24,ff:ff:ff:ff:ff:ff,ff:ff:ff:ff:ff:ff,d8:d7:75:45:81:24,d8:d7:75:45:81:24,FunBox2-8124,-42,1,2412,False,False
1778947253.4112842,management,beacon,d8:d7:75:45:81:24,ff:ff:ff:ff:ff:ff,ff:ff:ff:ff:ff:ff,d8:d7:75:45:81:24,d8:d7:75:45:81:24,FunBox2-8124,-42,1,2412,False,False
1778947253.513658,management,beacon,d8:d7:75:45:81:24,ff:ff:ff:ff:ff:ff,ff:ff:ff:ff:ff:ff,d8:d7:75:45:81:24,d8:d7:75:45:81:24,FunBox2-8124,-41,1,2412,False,False
1778947253.6160777,management,beacon,d8:d7:75:45:81:24,ff:ff:ff:ff:ff:ff,ff:ff:ff:ff:ff:ff,d8:d7:75:45:81:24,d8:d7:75:45:81:24,FunBox2-8124,-45,1,2412,False,False
1778947253.7184606,management,beacon,d8:d7:75:45:81:24,ff:ff:ff:ff:ff:ff,ff:ff:ff:ff:ff:ff,d8:d7:75:45:81:24,d8:d7:75:45:81:24,FunBox2-8124,-42,1,2412,False,False
1778947253.8208804,management,beacon,d8:d7:75:45:81:24,ff:ff:ff:ff:ff:ff,ff:ff:ff:ff:ff:ff,d8:d7:75:45:81:24,d8:d7:75:45:81:24,FunBox2-8124,-43,1,2412,False,False
1778947253.923277,management,beacon,d8:d7:75:45:81:24,ff:ff:ff:ff:ff:ff,ff:ff:ff:ff:ff:ff,d8:d7:75:45:81:24,d8:d7:75:45:81:24,FunBox2-8124,-42,1,2412,False,False
1778947254.0257165,management,beacon,d8:d7:75:45:81:24,ff:ff:ff:ff:ff:ff,ff:ff:ff:ff:ff:ff,d8:d7:75:45:81:24,d8:d7:75:45:81:24,FunBox2-8124,-42,1,2412,False,False
1778947254.1281152,management,beacon,d8:d7:75:45:81:24,ff:ff:ff:ff:ff:ff,ff:ff:ff:ff:ff:ff,d8:d7:75:45:81:24,d8:d7:75:45:81:24,FunBox2-8124,-43,1,2412,False,False
1778947254.2336392,management,beacon,d8:d7:75:45:81:24,ff:ff:ff:ff:ff:ff,ff:ff:ff:ff:ff:ff,d8:d7:75:45:81:24,d8:d7:75:45:81:24,FunBox2-8124,-47,1,2412,False,False
1778947254.3329296,management,beacon,d8:d7:75:45:81:24,ff:ff:ff:ff:ff:ff,ff:ff:ff:ff:ff:ff,d8:d7:75:45:81:24,d8:d7:75:45:81:24,FunBox2-8124,-42,1,2412,False,False
1778947254.4387128,management,beacon,d8:d7:75:45:81:24,ff:ff:ff:ff:ff:ff,ff:ff:ff:ff:ff:ff,d8:d7:75:45:81:24,d8:d7:75:45:81:24,FunBox2-8124,-45,1,2412,False,False
1778947254.5376909,management,beacon,d8:d7:75:45:81:24,ff:ff:ff:ff:ff:ff,ff:ff:ff:ff:ff:ff,d8:d7:75:45:81:24,d8:d7:75:45:81:24,FunBox2-8124,-42,1,2412,False,False
1778947254.6419952,management,beacon,d8:d7:75:45:81:24,ff:ff:ff:ff:ff:ff,ff:ff:ff:ff:ff:ff,d8:d7:75:45:81:24,d8:d7:75:45:81:24,FunBox2-8124,-44,1,2412,False,False
1778947254.742529,management,beacon,d8:d7:75:45:81:24,ff:ff:ff:ff:ff:ff,ff:ff:ff:ff:ff:ff,d8:d7:75:45:81:24,d8:d7:75:45:81:24,FunBox2-8124,-44,1,2412,False,False
1778947254.7437272,data,null_data,50:02:91:e8:18:ec,d8:d7:75:45:81:24,d8:d7:75:45:81:24,50:02:91:e8:18:ec,d8:d7:75:45:81:24,,-79,1,2412,False,False
1778947254.7437305,control,ack,,50:02:91:e8:18:ec,50:02:91:e8:18:ec,,,,-44,1,2412,False,False
1778947254.8448977,management,beacon,d8:d7:75:45:81:24,ff:ff:ff:ff:ff:ff,ff:ff:ff:ff:ff:ff,d8:d7:75:45:81:24,d8:d7:75:45:81:24,FunBox2-8124,-45,1,2412,False,False
1778947254.9473608,management,beacon,d8:d7:75:45:81:24,ff:ff:ff:ff:ff:ff,ff:ff:ff:ff:ff:ff,d8:d7:75:45:81:24,d8:d7:75:45:81:24,FunBox2-8124,-42,1,2412,False,False
1778947254.9846005,data,null_data,50:02:91:e8:18:ec,d8:d7:75:45:81:24,d8:d7:75:45:81:24,50:02:91:e8:18:ec,d8:d7:75:45:81:24,,-82,1,2412,False,False
1778947254.9846115,control,ack,,50:02:91:e8:18:ec,50:02:91:e8:18:ec,,,,-45,1,2412,False,False
1778947255.0497105,management,beacon,d8:d7:75:45:81:24,ff:ff:ff:ff:ff:ff,ff:ff:ff:ff:ff:ff,d8:d7:75:45:81:24,d8:d7:75:45:81:24,FunBox2-8124,-42,1,2412,False,False
1778947255.152122,management,beacon,d8:d7:75:45:81:24,ff:ff:ff:ff:ff:ff,ff:ff:ff:ff:ff:ff,d8:d7:75:45:81:24,d8:d7:75:45:81:24,FunBox2-8124,-41,1,2412,False,False
1778947255.254563,management,beacon,d8:d7:75:45:81:24,ff:ff:ff:ff:ff:ff,ff:ff:ff:ff:ff:ff,d8:d7:75:45:81:24,d8:d7:75:45:81:24,FunBox2-8124,-43,1,2412,False,False
1778947255.2981923,management,probe_request,1a:4d:ad:94:57:bf,ff:ff:ff:ff:ff:ff,ff:ff:ff:ff:ff:ff,1a:4d:ad:94:57:bf,ff:ff:ff:ff:ff:ff,<hidden>,-84,1,2412,False,False
1778947255.301451,management,probe_response,d8:d7:75:45:81:24,1a:4d:ad:94:57:bf,1a:4d:ad:94:57:bf,d8:d7:75:45:81:24,d8:d7:75:45:81:24,FunBox2-8124,-45,1,2412,False,False
1778947255.3017457,control,ack,,d8:d7:75:45:81:24,d8:d7:75:45:81:24,,,,-84,1,2412,False,False
1778947255.3569312,management,beacon,d8:d7:75:45:81:24,ff:ff:ff:ff:ff:ff,ff:ff:ff:ff:ff:ff,d8:d7:75:45:81:24,d8:d7:75:45:81:24,FunBox2-8124,-41,1,2412,False,False
1778947255.4612617,management,beacon,d8:d7:75:45:81:24,ff:ff:ff:ff:ff:ff,ff:ff:ff:ff:ff:ff,d8:d7:75:45:81:24,d8:d7:75:45:81:24,FunBox2-8124,-44,1,2412,False,False
1778947255.561726,management,beacon,d8:d7:75:45:81:24,ff:ff:ff:ff:ff:ff,ff:ff:ff:ff:ff:ff,d8:d7:75:45:81:24,d8:d7:75:45:81:24,FunBox2-8124,-43,1,2412,False,False
1778947255.664133,management,beacon,d8:d7:75:45:81:24,ff:ff:ff:ff:ff:ff,ff:ff:ff:ff:ff:ff,d8:d7:75:45:81:24,d8:d7:75:45:81:24,FunBox2-8124,-42,1,2412,False,False
1778947255.7665644,management,beacon,d8:d7:75:45:81:24,ff:ff:ff:ff:ff:ff,ff:ff:ff:ff:ff:ff,d8:d7:75:45:81:24,d8:d7:75:45:81:24,FunBox2-8124,-41,1,2412,False,False
1778947255.8689828,management,beacon,d8:d7:75:45:81:24,ff:ff:ff:ff:ff:ff,ff:ff:ff:ff:ff:ff,d8:d7:75:45:81:24,d8:d7:75:45:81:24,FunBox2-8124,-42,1,2412,False,False
1778947255.9713469,management,beacon,d8:d7:75:45:81:24,ff:ff:ff:ff:ff:ff,ff:ff:ff:ff:ff:ff,d8:d7:75:45:81:24,d8:d7:75:45:81:24,FunBox2-8124,-45,1,2412,False,False
1778947256.0737834,management,beacon,d8:d7:75:45:81:24,ff:ff:ff:ff:ff:ff,ff:ff:ff:ff:ff:ff,d8:d7:75:45:81:24,d8:d7:75:45:81:24,FunBox2-8124,-41,1,2412,False,False
1778947256.1761663,management,beacon,d8:d7:75:45:81:24,ff:ff:ff:ff:ff:ff,ff:ff:ff:ff:ff:ff,d8:d7:75:45:81:24,d8:d7:75:45:81:24,FunBox2-8124,-42,1,2412,False,False
1778947256.1773493,data,null_data,50:02:91:e8:18:ec,d8:d7:75:45:81:24,d8:d7:75:45:81:24,50:02:91:e8:18:ec,d8:d7:75:45:81:24,,-81,1,2412,False,False
1778947256.1773543,control,ack,,50:02:91:e8:18:ec,50:02:91:e8:18:ec,,,,-44,1,2412,False,False
1778947256.2785878,management,beacon,d8:d7:75:45:81:24,ff:ff:ff:ff:ff:ff,ff:ff:ff:ff:ff:ff,d8:d7:75:45:81:24,d8:d7:75:45:81:24,FunBox2-8124,-44,1,2412,False,False
1778947256.3809614,management,beacon,d8:d7:75:45:81:24,ff:ff:ff:ff:ff:ff,ff:ff:ff:ff:ff:ff,d8:d7:75:45:81:24,d8:d7:75:45:81:24,FunBox2-8124,-43,1,2412,False,False
1778947256.4182322,data,null_data,50:02:91:e8:18:ec,d8:d7:75:45:81:24,d8:d7:75:45:81:24,50:02:91:e8:18:ec,d8:d7:75:45:81:24,,-82,1,2412,False,False
1778947256.4182425,control,ack,,50:02:91:e8:18:ec,50:02:91:e8:18:ec,,,,-43,1,2412,False,False
1778947256.4852827,management,beacon,d8:d7:75:45:81:24,ff:ff:ff:ff:ff:ff,ff:ff:ff:ff:ff:ff,d8:d7:75:45:81:24,d8:d7:75:45:81:24,FunBox2-8124,-44,1,2412,False,False
1778947256.5858195,management,beacon,d8:d7:75:45:81:24,ff:ff:ff:ff:ff:ff,ff:ff:ff:ff:ff:ff,d8:d7:75:45:81:24,d8:d7:75:45:81:24,FunBox2-8124,-42,1,2412,False,False
1778947256.688181,management,beacon,d8:d7:75:45:81:24,ff:ff:ff:ff:ff:ff,ff:ff:ff:ff:ff:ff,d8:d7:75:45:81:24,d8:d7:75:45:81:24,FunBox2-8124,-42,1,2412,False,False
1778947256.7924945,management,beacon,d8:d7:75:45:81:24,ff:ff:ff:ff:ff:ff,ff:ff:ff:ff:ff:ff,d8:d7:75:45:81:24,d8:d7:75:45:81:24,FunBox2-8124,-46,1,2412,False,False
1778947256.893154,management,beacon,d8:d7:75:45:81:24,ff:ff:ff:ff:ff:ff,ff:ff:ff:ff:ff:ff,d8:d7:75:45:81:24,d8:d7:75:45:81:24,FunBox2-8124,-42,1,2412,False,False
1778947256.9953861,management,beacon,d8:d7:75:45:81:24,ff:ff:ff:ff:ff:ff,ff:ff:ff:ff:ff:ff,d8:d7:75:45:81:24,d8:d7:75:45:81:24,FunBox2-8124,-42,1,2412,False,False
1778947257.0978658,management,beacon,d8:d7:75:45:81:24,ff:ff:ff:ff:ff:ff,ff:ff:ff:ff:ff:ff,d8:d7:75:45:81:24,d8:d7:75:45:81:24,FunBox2-8124,-42,1,2412,False,False
1778947257.2002075,management,beacon,d8:d7:75:45:81:24,ff:ff:ff:ff:ff:ff,ff:ff:ff:ff:ff:ff,d8:d7:75:45:81:24,d8:d7:75:45:81:24,FunBox2-8124,-42,1,2412,False,False
1778947257.3026795,management,beacon,d8:d7:75:45:81:24,ff:ff:ff:ff:ff:ff,ff:ff:ff:ff:ff:ff,d8:d7:75:45:81:24,d8:d7:75:45:81:24,FunBox2-8124,-42,1,2412,False,False
1778947257.4050105,management,beacon,d8:d7:75:45:81:24,ff:ff:ff:ff:ff:ff,ff:ff:ff:ff:ff:ff,d8:d7:75:45:81:24,d8:d7:75:45:81:24,FunBox2-8124,-43,1,2412,False,False
1778947257.4063337,data,data,d8:d7:75:45:81:24,33:33:00:00:00:01,33:33:00:00:00:01,d8:d7:75:45:81:24,d8:d7:75:45:81:24,,-41,1,2412,True,False
1778947257.4068332,control,ack,,d8:d7:75:45:81:24,d8:d7:75:45:81:24,,,,-81,1,2412,False,False
1778947257.4068358,data,null_data,50:02:91:e8:18:ec,d8:d7:75:45:81:24,d8:d7:75:45:81:24,50:02:91:e8:18:ec,d8:d7:75:45:81:24,,-81,1,2412,False,False
1778947257.4068375,control,ack,,50:02:91:e8:18:ec,50:02:91:e8:18:ec,,,,-47,1,2412,False,False
1778947257.5073993,management,beacon,d8:d7:75:45:81:24,ff:ff:ff:ff:ff:ff,ff:ff:ff:ff:ff:ff,d8:d7:75:45:81:24,d8:d7:75:45:81:24,FunBox2-8124,-44,1,2412,False,False
1778947257.609848,management,beacon,d8:d7:75:45:81:24,ff:ff:ff:ff:ff:ff,ff:ff:ff:ff:ff:ff,d8:d7:75:45:81:24,d8:d7:75:45:81:24,FunBox2-8124,-41,1,2412,False,False
1778947257.6477757,data,null_data,50:02:91:e8:18:ec,d8:d7:75:45:81:24,d8:d7:75:45:81:24,50:02:91:e8:18:ec,d8:d7:75:45:81:24,,-82,1,2412,False,False
1778947257.6477852,control,ack,,50:02:91:e8:18:ec,50:02:91:e8:18:ec,,,,-44,1,2412,False,False
1778947257.7122223,management,beacon,d8:d7:75:45:81:24,ff:ff:ff:ff:ff:ff,ff:ff:ff:ff:ff:ff,d8:d7:75:45:81:24,d8:d7:75:45:81:24,FunBox2-8124,-42,1,2412,False,False
1778947257.8172064,control,rts,54:35:30:cf:ee:1e,d8:d7:75:45:81:24,d8:d7:75:45:81:24,54:35:30:cf:ee:1e,,,-50,1,2412,False,False
1778947257.8172188,control,cts,,54:35:30:cf:ee:1e,54:35:30:cf:ee:1e,,,,-47,1,2412,False,False
1778947257.817221,data,qos_data,54:35:30:cf:ee:1e,d8:d7:75:45:81:24,d8:d7:75:45:81:24,54:35:30:cf:ee:1e,01:00:5e:7f:ff:fa,,-54,1,2412,True,False
1778947257.817223,control,block_ack,d8:d7:75:45:81:24,54:35:30:cf:ee:1e,54:35:30:cf:ee:1e,d8:d7:75:45:81:24,,,-46,1,2412,False,False
1778947257.9170463,management,beacon,d8:d7:75:45:81:24,ff:ff:ff:ff:ff:ff,ff:ff:ff:ff:ff:ff,d8:d7:75:45:81:24,d8:d7:75:45:81:24,FunBox2-8124,-42,1,2412,False,False
1778947258.0214238,management,beacon,d8:d7:75:45:81:24,ff:ff:ff:ff:ff:ff,ff:ff:ff:ff:ff:ff,d8:d7:75:45:81:24,d8:d7:75:45:81:24,FunBox2-8124,-44,1,2412,False,False
1778947258.0245278,data,data,d8:d7:75:45:81:24,01:00:5e:7f:ff:fa,01:00:5e:7f:ff:fa,d8:d7:75:45:81:24,54:35:30:cf:ee:1e,,-45,1,2412,True,False
1778947258.0248284,control,ack,,d8:d7:75:45:81:24,d8:d7:75:45:81:24,,,,-81,1,2412,False,False
1778947258.1218572,management,beacon,d8:d7:75:45:81:24,ff:ff:ff:ff:ff:ff,ff:ff:ff:ff:ff:ff,d8:d7:75:45:81:24,d8:d7:75:45:81:24,FunBox2-8124,-43,1,2412,False,False
1778947258.127418,data,null_data,50:02:91:e8:18:ec,d8:d7:75:45:81:24,d8:d7:75:45:81:24,50:02:91:e8:18:ec,d8:d7:75:45:81:24,,-81,1,2412,False,False
1778947258.1274247,control,ack,,50:02:91:e8:18:ec,50:02:91:e8:18:ec,,,,-44,1,2412,False,False
1778947258.2242527,management,beacon,d8:d7:75:45:81:24,ff:ff:ff:ff:ff:ff,ff:ff:ff:ff:ff:ff,d8:d7:75:45:81:24,d8:d7:75:45:81:24,FunBox2-8124,-41,1,2412,False,False
1778947258.3682733,data,null_data,50:02:91:e8:18:ec,d8:d7:75:45:81:24,d8:d7:75:45:81:24,50:02:91:e8:18:ec,d8:d7:75:45:81:24,,-82,1,2412,False,False
1778947258.3682835,control,ack,,50:02:91:e8:18:ec,50:02:91:e8:18:ec,,,,-45,1,2412,False,False
1778947258.4290333,management,beacon,d8:d7:75:45:81:24,ff:ff:ff:ff:ff:ff,ff:ff:ff:ff:ff:ff,d8:d7:75:45:81:24,d8:d7:75:45:81:24,FunBox2-8124,-41,1,2412,False,False
1778947258.5314693,management,beacon,d8:d7:75:45:81:24,ff:ff:ff:ff:ff:ff,ff:ff:ff:ff:ff:ff,d8:d7:75:45:81:24,d8:d7:75:45:81:24,FunBox2-8124,-43,1,2412,False,False
1778947258.633853,management,beacon,d8:d7:75:45:81:24,ff:ff:ff:ff:ff:ff,ff:ff:ff:ff:ff:ff,d8:d7:75:45:81:24,d8:d7:75:45:81:24,FunBox2-8124,-44,1,2412,False,False
1778947258.736257,management,beacon,d8:d7:75:45:81:24,ff:ff:ff:ff:ff:ff,ff:ff:ff:ff:ff:ff,d8:d7:75:45:81:24,d8:d7:75:45:81:24,FunBox2-8124,-42,1,2412,False,False
1778947258.9410963,management,beacon,d8:d7:75:45:81:24,ff:ff:ff:ff:ff:ff,ff:ff:ff:ff:ff:ff,d8:d7:75:45:81:24,d8:d7:75:45:81:24,FunBox2-8124,-42,1,2412,False,False
1778947259.0435178,management,beacon,d8:d7:75:45:81:24,ff:ff:ff:ff:ff:ff,ff:ff:ff:ff:ff:ff,d8:d7:75:45:81:24,d8:d7:75:45:81:24,FunBox2-8124,-42,1,2412,False,False
1778947259.0458949,control,ack,,c2:b2:9d:91:db:6a,c2:b2:9d:91:db:6a,,,,-81,1,2412,False,False
1778947259.0458992,data,null_data,50:02:91:e8:18:ec,d8:d7:75:45:81:24,d8:d7:75:45:81:24,50:02:91:e8:18:ec,d8:d7:75:45:81:24,,-80,1,2412,False,False
1778947259.0459008,control,ack,,50:02:91:e8:18:ec,50:02:91:e8:18:ec,,,,-47,1,2412,False,False
1778947259.0491734,management,probe_response,d8:d7:75:45:81:24,c2:b2:9d:91:db:6a,c2:b2:9d:91:db:6a,d8:d7:75:45:81:24,d8:d7:75:45:81:24,FunBox2-8124,-44,1,2412,False,False
1778947259.0496328,control,ack,,d8:d7:75:45:81:24,d8:d7:75:45:81:24,,,,-80,1,2412,False,False
1778947259.0496354,data,null_data,50:02:91:e8:18:ec,d8:d7:75:45:81:24,d8:d7:75:45:81:24,50:02:91:e8:18:ec,d8:d7:75:45:81:24,,-83,1,2412,False,True
1778947259.049637,control,ack,,50:02:91:e8:18:ec,50:02:91:e8:18:ec,,,,-47,1,2412,False,False
1778947259.063189,management,probe_request,c2:b2:9d:91:db:6a,ff:ff:ff:ff:ff:ff,ff:ff:ff:ff:ff:ff,c2:b2:9d:91:db:6a,ff:ff:ff:ff:ff:ff,<hidden>,-82,1,2412,False,False
1778947259.0634773,control,ack,,c2:b2:9d:91:db:6a,c2:b2:9d:91:db:6a,,,,-80,1,2412,False,False
1778947259.0667565,management,probe_response,d8:d7:75:45:81:24,c2:b2:9d:91:db:6a,c2:b2:9d:91:db:6a,d8:d7:75:45:81:24,d8:d7:75:45:81:24,FunBox2-8124,-45,1,2412,False,False
1778947259.0670455,control,ack,,d8:d7:75:45:81:24,d8:d7:75:45:81:24,,,,-80,1,2412,False,False
1778947259.1458938,management,beacon,d8:d7:75:45:81:24,ff:ff:ff:ff:ff:ff,ff:ff:ff:ff:ff:ff,d8:d7:75:45:81:24,d8:d7:75:45:81:24,FunBox2-8124,-42,1,2412,False,False
1778947259.2482765,management,beacon,d8:d7:75:45:81:24,ff:ff:ff:ff:ff:ff,ff:ff:ff:ff:ff:ff,d8:d7:75:45:81:24,d8:d7:75:45:81:24,FunBox2-8124,-42,1,2412,False,False
1778947259.290456,data,null_data,50:02:91:e8:18:ec,d8:d7:75:45:81:24,d8:d7:75:45:81:24,50:02:91:e8:18:ec,d8:d7:75:45:81:24,,-80,1,2412,False,False
1778947259.2906668,data,null_data,50:02:91:e8:18:ec,d8:d7:75:45:81:24,d8:d7:75:45:81:24,50:02:91:e8:18:ec,d8:d7:75:45:81:24,,-81,1,2412,False,True
1778947259.2909806,data,null_data,50:02:91:e8:18:ec,d8:d7:75:45:81:24,d8:d7:75:45:81:24,50:02:91:e8:18:ec,d8:d7:75:45:81:24,,-82,1,2412,False,True
1778947259.2913594,data,null_data,50:02:91:e8:18:ec,d8:d7:75:45:81:24,d8:d7:75:45:81:24,50:02:91:e8:18:ec,d8:d7:75:45:81:24,,-81,1,2412,False,True
1778947259.2919576,data,null_data,50:02:91:e8:18:ec,d8:d7:75:45:81:24,d8:d7:75:45:81:24,50:02:91:e8:18:ec,d8:d7:75:45:81:24,,-79,1,2412,False,True
1778947259.2922583,control,ack,,50:02:91:e8:18:ec,50:02:91:e8:18:ec,,,,-42,1,2412,False,False
1778947259.4530714,management,beacon,d8:d7:75:45:81:24,ff:ff:ff:ff:ff:ff,ff:ff:ff:ff:ff:ff,d8:d7:75:45:81:24,d8:d7:75:45:81:24,FunBox2-8124,-43,1,2412,False,False
1778947259.5574772,management,beacon,d8:d7:75:45:81:24,ff:ff:ff:ff:ff:ff,ff:ff:ff:ff:ff:ff,d8:d7:75:45:81:24,d8:d7:75:45:81:24,FunBox2-8124,-46,1,2412,False,False
1778947259.6578846,management,beacon,d8:d7:75:45:81:24,ff:ff:ff:ff:ff:ff,ff:ff:ff:ff:ff:ff,d8:d7:75:45:81:24,d8:d7:75:45:81:24,FunBox2-8124,-42,1,2412,False,False
1778947259.7603128,management,beacon,d8:d7:75:45:81:24,ff:ff:ff:ff:ff:ff,ff:ff:ff:ff:ff:ff,d8:d7:75:45:81:24,d8:d7:75:45:81:24,FunBox2-8124,-42,1,2412,False,False
1778947259.820131,data,null_data,50:02:91:e8:18:ec,d8:d7:75:45:81:24,d8:d7:75:45:81:24,50:02:91:e8:18:ec,d8:d7:75:45:81:24,,-80,1,2412,False,False
1778947259.8201401,control,ack,,50:02:91:e8:18:ec,50:02:91:e8:18:ec,,,,-44,1,2412,False,False
1778947259.8205702,data,null_data,50:02:91:e8:18:ec,d8:d7:75:45:81:24,d8:d7:75:45:81:24,50:02:91:e8:18:ec,d8:d7:75:45:81:24,,-81,1,2412,False,True
1778947259.8205721,control,ack,,50:02:91:e8:18:ec,50:02:91:e8:18:ec,,,,-46,1,2412,False,False
1778947259.8646793,data,data,d8:d7:75:45:81:24,33:33:00:00:00:01,33:33:00:00:00:01,d8:d7:75:45:81:24,d8:d7:75:45:81:24,,-45,1,2412,True,False
1778947259.8649654,control,ack,,d8:d7:75:45:81:24,d8:d7:75:45:81:24,,,,-83,1,2412,False,False
1778947259.8665113,data,data,d8:d7:75:45:81:24,33:33:00:00:00:16,33:33:00:00:00:16,d8:d7:75:45:81:24,a8:5e:45:c6:9f:b7,,-45,1,2412,True,False
1778947259.866827,control,ack,,d8:d7:75:45:81:24,d8:d7:75:45:81:24,,,,-81,1,2412,False,False
1778947259.9651425,management,beacon,d8:d7:75:45:81:24,ff:ff:ff:ff:ff:ff,ff:ff:ff:ff:ff:ff,d8:d7:75:45:81:24,d8:d7:75:45:81:24,FunBox2-8124,-41,1,2412,False,False
1778947260.0675251,management,beacon,d8:d7:75:45:81:24,ff:ff:ff:ff:ff:ff,ff:ff:ff:ff:ff:ff,d8:d7:75:45:81:24,d8:d7:75:45:81:24,FunBox2-8124,-43,1,2412,False,False
1778947260.1072752,data,null_data,50:02:91:e8:18:ec,d8:d7:75:45:81:24,d8:d7:75:45:81:24,50:02:91:e8:18:ec,d8:d7:75:45:81:24,,-80,1,2412,False,False
1778947260.1072838,control,ack,,50:02:91:e8:18:ec,50:02:91:e8:18:ec,,,,-44,1,2412,False,False
1778947260.1699028,management,beacon,d8:d7:75:45:81:24,ff:ff:ff:ff:ff:ff,ff:ff:ff:ff:ff:ff,d8:d7:75:45:81:24,d8:d7:75:45:81:24,FunBox2-8124,-41,1,2412,False,False
1778947260.272319,management,beacon,d8:d7:75:45:81:24,ff:ff:ff:ff:ff:ff,ff:ff:ff:ff:ff:ff,d8:d7:75:45:81:24,d8:d7:75:45:81:24,FunBox2-8124,-44,1,2412,False,False
1778947260.3767114,management,beacon,d8:d7:75:45:81:24,ff:ff:ff:ff:ff:ff,ff:ff:ff:ff:ff:ff,d8:d7:75:45:81:24,d8:d7:75:45:81:24,FunBox2-8124,-44,1,2412,False,False
1778947260.477118,management,beacon,d8:d7:75:45:81:24,ff:ff:ff:ff:ff:ff,ff:ff:ff:ff:ff:ff,d8:d7:75:45:81:24,d8:d7:75:45:81:24,FunBox2-8124,-42,1,2412,False,False
1778947260.5795257,management,beacon,d8:d7:75:45:81:24,ff:ff:ff:ff:ff:ff,ff:ff:ff:ff:ff:ff,d8:d7:75:45:81:24,d8:d7:75:45:81:24,FunBox2-8124,-42,1,2412,False,False
1778947260.681973,management,beacon,d8:d7:75:45:81:24,ff:ff:ff:ff:ff:ff,ff:ff:ff:ff:ff:ff,d8:d7:75:45:81:24,d8:d7:75:45:81:24,FunBox2-8124,-44,1,2412,False,False
1778947260.7859817,management,beacon,d8:d7:75:45:81:24,ff:ff:ff:ff:ff:ff,ff:ff:ff:ff:ff:ff,d8:d7:75:45:81:24,d8:d7:75:45:81:24,FunBox2-8124,-41,1,2412,False,False
1778947260.7876966,data,data,d8:d7:75:45:81:24,33:33:00:00:00:16,33:33:00:00:00:16,d8:d7:75:45:81:24,a8:5e:45:c6:9f:b7,,-43,1,2412,True,False
1778947260.7883966,control,ack,,d8:d7:75:45:81:24,d8:d7:75:45:81:24,,,,-79,1,2412,False,False
1778947260.7883992,data,null_data,50:02:91:e8:18:ec,d8:d7:75:45:81:24,d8:d7:75:45:81:24,50:02:91:e8:18:ec,d8:d7:75:45:81:24,,-79,1,2412,False,False
1778947260.7884007,control,ack,,50:02:91:e8:18:ec,50:02:91:e8:18:ec,,,,-48,1,2412,False,False
1778947260.7884016,data,null_data,50:02:91:e8:18:ec,d8:d7:75:45:81:24,d8:d7:75:45:81:24,50:02:91:e8:18:ec,d8:d7:75:45:81:24,,-80,1,2412,False,True
1778947260.788403,control,ack,,50:02:91:e8:18:ec,50:02:91:e8:18:ec,,,,-80,1,2412,False,False
1778947260.8524568,data,data,d8:d7:75:45:81:24,33:33:00:00:00:01,33:33:00:00:00:01,d8:d7:75:45:81:24,d8:d7:75:45:81:24,,-43,1,2412,True,False
1778947260.8527625,control,ack,,d8:d7:75:45:81:24,d8:d7:75:45:81:24,,,,-80,1,2412,False,False
1778947260.9891524,management,beacon,d8:d7:75:45:81:24,ff:ff:ff:ff:ff:ff,ff:ff:ff:ff:ff:ff,d8:d7:75:45:81:24,d8:d7:75:45:81:24,FunBox2-8124,-44,1,2412,False,False
1778947261.093731,management,beacon,d8:d7:75:45:81:24,ff:ff:ff:ff:ff:ff,ff:ff:ff:ff:ff:ff,d8:d7:75:45:81:24,d8:d7:75:45:81:24,FunBox2-8124,-44,1,2412,False,False
1778947261.0937414,data,null_data,50:02:91:e8:18:ec,d8:d7:75:45:81:24,d8:d7:75:45:81:24,50:02:91:e8:18:ec,d8:d7:75:45:81:24,,-81,1,2412,False,False
1778947261.0937433,control,ack,,50:02:91:e8:18:ec,50:02:91:e8:18:ec,,,,-47,1,2412,False,False
1778947261.1939662,management,beacon,d8:d7:75:45:81:24,ff:ff:ff:ff:ff:ff,ff:ff:ff:ff:ff:ff,d8:d7:75:45:81:24,d8:d7:75:45:81:24,FunBox2-8124,-42,1,2412,False,False
1778947261.296352,management,beacon,d8:d7:75:45:81:24,ff:ff:ff:ff:ff:ff,ff:ff:ff:ff:ff:ff,d8:d7:75:45:81:24,d8:d7:75:45:81:24,FunBox2-8124,-43,1,2412,False,False
1778947261.5011647,management,beacon,d8:d7:75:45:81:24,ff:ff:ff:ff:ff:ff,ff:ff:ff:ff:ff:ff,d8:d7:75:45:81:24,d8:d7:75:45:81:24,FunBox2-8124,-42,1,2412,False,False
1778947261.6035721,management,beacon,d8:d7:75:45:81:24,ff:ff:ff:ff:ff:ff,ff:ff:ff:ff:ff:ff,d8:d7:75:45:81:24,d8:d7:75:45:81:24,FunBox2-8124,-45,1,2412,False,False
1778947261.7060738,management,beacon,d8:d7:75:45:81:24,ff:ff:ff:ff:ff:ff,ff:ff:ff:ff:ff:ff,d8:d7:75:45:81:24,d8:d7:75:45:81:24,FunBox2-8124,-44,1,2412,False,False
1778947261.8104362,management,beacon,d8:d7:75:45:81:24,ff:ff:ff:ff:ff:ff,ff:ff:ff:ff:ff:ff,d8:d7:75:45:81:24,d8:d7:75:45:81:24,FunBox2-8124,-46,1,2412,False,False
1778947262.013216,management,beacon,d8:d7:75:45:81:24,ff:ff:ff:ff:ff:ff,ff:ff:ff:ff:ff:ff,d8:d7:75:45:81:24,d8:d7:75:45:81:24,FunBox2-8124,-45,1,2412,False,False
1778947262.115586,management,beacon,d8:d7:75:45:81:24,ff:ff:ff:ff:ff:ff,ff:ff:ff:ff:ff:ff,d8:d7:75:45:81:24,d8:d7:75:45:81:24,FunBox2-8124,-44,1,2412,False,False
1778947262.2200277,management,beacon,d8:d7:75:45:81:24,ff:ff:ff:ff:ff:ff,ff:ff:ff:ff:ff:ff,d8:d7:75:45:81:24,d8:d7:75:45:81:24,FunBox2-8124,-44,1,2412,False,False
1778947262.3203936,management,beacon,d8:d7:75:45:81:24,ff:ff:ff:ff:ff:ff,ff:ff:ff:ff:ff:ff,d8:d7:75:45:81:24,d8:d7:75:45:81:24,FunBox2-8124,-45,1,2412,False,False
1778947262.4116426,management,probe_request,1a:4d:ad:94:57:bf,ff:ff:ff:ff:ff:ff,ff:ff:ff:ff:ff:ff,1a:4d:ad:94:57:bf,ff:ff:ff:ff:ff:ff,Domek,-86,1,2412,False,False
1778947262.4239585,data,null_data,50:02:91:e8:18:ec,d8:d7:75:45:81:24,d8:d7:75:45:81:24,50:02:91:e8:18:ec,d8:d7:75:45:81:24,,-81,1,2412,False,False
1778947262.4239674,control,ack,,50:02:91:e8:18:ec,50:02:91:e8:18:ec,,,,-49,1,2412,False,False
1778947262.4828925,data,data,d8:d7:75:45:81:24,33:33:00:00:00:01,33:33:00:00:00:01,d8:d7:75:45:81:24,d8:d7:75:45:81:24,,-44,1,2412,True,False
1778947262.483192,control,ack,,d8:d7:75:45:81:24,d8:d7:75:45:81:24,,,,-80,1,2412,False,False
1778947262.5252213,management,beacon,d8:d7:75:45:81:24,ff:ff:ff:ff:ff:ff,ff:ff:ff:ff:ff:ff,d8:d7:75:45:81:24,d8:d7:75:45:81:24,FunBox2-8124,-41,1,2412,False,False
1778947262.6276197,management,beacon,d8:d7:75:45:81:24,ff:ff:ff:ff:ff:ff,ff:ff:ff:ff:ff:ff,d8:d7:75:45:81:24,d8:d7:75:45:81:24,FunBox2-8124,-43,1,2412,False,False
1778947262.683272,management,probe_request,00:80:c6:90:de:ad,ff:ff:ff:ff:ff:ff,ff:ff:ff:ff:ff:ff,00:80:c6:90:de:ad,ff:ff:ff:ff:ff:ff,HomeWiFi,,,,False,False
1778947262.6841416,management,probe_request,00:80:c6:90:de:ad,ff:ff:ff:ff:ff:ff,ff:ff:ff:ff:ff:ff,00:80:c6:90:de:ad,ff:ff:ff:ff:ff:ff,HomeWiFi,,,,False,False
1778947262.6845136,control,ack,,00:80:c6:90:de:ad,00:80:c6:90:de:ad,,,,-80,1,2412,False,False
1778947262.6908677,management,probe_request,00:02:2d:2d:c8:7e,ff:ff:ff:ff:ff:ff,ff:ff:ff:ff:ff:ff,00:02:2d:2d:c8:7e,ff:ff:ff:ff:ff:ff,OfficeWiFi,,,,False,False
1778947262.6916423,management,probe_request,00:02:2d:2d:c8:7e,ff:ff:ff:ff:ff:ff,ff:ff:ff:ff:ff:ff,00:02:2d:2d:c8:7e,ff:ff:ff:ff:ff:ff,OfficeWiFi,,,,False,False
1778947262.6921382,control,ack,,00:02:2d:2d:c8:7e,00:02:2d:2d:c8:7e,,,,-81,1,2412,False,False
1778947262.6947052,management,probe_request,00:a0:c5:c1:00:ac,ff:ff:ff:ff:ff:ff,ff:ff:ff:ff:ff:ff,00:a0:c5:c1:00:ac,ff:ff:ff:ff:ff:ff,GuestWiFi,,,,False,False
1778947262.6955168,management,probe_request,00:a0:c5:c1:00:ac,ff:ff:ff:ff:ff:ff,ff:ff:ff:ff:ff:ff,00:a0:c5:c1:00:ac,ff:ff:ff:ff:ff:ff,GuestWiFi,,,,False,False
1778947262.6959467,control,ack,,00:a0:c5:c1:00:ac,00:a0:c5:c1:00:ac,,,,-80,1,2412,False,False
1778947262.6973186,management,probe_request,00:40:96:96:a3:db,ff:ff:ff:ff:ff:ff,ff:ff:ff:ff:ff:ff,00:40:96:96:a3:db,ff:ff:ff:ff:ff:ff,CoffeeShop,,,,False,False
1778947262.698139,management,probe_request,00:40:96:96:a3:db,ff:ff:ff:ff:ff:ff,ff:ff:ff:ff:ff:ff,00:40:96:96:a3:db,ff:ff:ff:ff:ff:ff,CoffeeShop,,,,False,False
1778947262.698557,control,ack,,00:40:96:96:a3:db,00:40:96:96:a3:db,,,,-80,1,2412,False,False
1778947262.6998982,management,probe_request,00:50:18:66:40:f1,ff:ff:ff:ff:ff:ff,ff:ff:ff:ff:ff:ff,00:50:18:66:40:f1,ff:ff:ff:ff:ff:ff,AirportFreeWiFi,,,,False,False
1778947262.7007601,management,probe_request,00:50:18:66:40:f1,ff:ff:ff:ff:ff:ff,ff:ff:ff:ff:ff:ff,00:50:18:66:40:f1,ff:ff:ff:ff:ff:ff,AirportFreeWiFi,,,,False,False
1778947262.7011974,control,ack,,00:50:18:66:40:f1,00:50:18:66:40:f1,,,,-79,1,2412,False,False
1778947262.7024815,management,probe_request,00:06:25:17:b6:93,ff:ff:ff:ff:ff:ff,ff:ff:ff:ff:ff:ff,00:06:25:17:b6:93,ff:ff:ff:ff:ff:ff,HotelWiFi,,,,False,False
1778947262.7032642,management,probe_request,00:06:25:17:b6:93,ff:ff:ff:ff:ff:ff,ff:ff:ff:ff:ff:ff,00:06:25:17:b6:93,ff:ff:ff:ff:ff:ff,HotelWiFi,,,,False,False
1778947262.7037098,control,ack,,00:06:25:17:b6:93,00:06:25:17:b6:93,,,,-80,1,2412,False,False
1778947262.7050974,management,probe_request,00:0a:e9:bb:ae:bf,ff:ff:ff:ff:ff:ff,ff:ff:ff:ff:ff:ff,00:0a:e9:bb:ae:bf,ff:ff:ff:ff:ff:ff,TestProbe_001,,,,False,False
1778947262.7059157,management,probe_request,00:0a:e9:bb:ae:bf,ff:ff:ff:ff:ff:ff,ff:ff:ff:ff:ff:ff,00:0a:e9:bb:ae:bf,ff:ff:ff:ff:ff:ff,TestProbe_001,,,,False,False
1778947262.7063715,control,ack,,00:0a:e9:bb:ae:bf,00:0a:e9:bb:ae:bf,,,,-81,1,2412,False,False
1778947262.7107909,management,probe_request,00:0c:f1:bf:c4:8a,ff:ff:ff:ff:ff:ff,ff:ff:ff:ff:ff:ff,00:0c:f1:bf:c4:8a,ff:ff:ff:ff:ff:ff,TestProbe_002,,,,False,False
1778947262.7116551,management,probe_request,00:0c:f1:bf:c4:8a,ff:ff:ff:ff:ff:ff,ff:ff:ff:ff:ff:ff,00:0c:f1:bf:c4:8a,ff:ff:ff:ff:ff:ff,TestProbe_002,,,,False,False
1778947262.712061,control,ack,,00:0c:f1:bf:c4:8a,00:0c:f1:bf:c4:8a,,,,-81,1,2412,False,False
1778947262.718274,management,probe_request,00:40:05:05:9b:96,ff:ff:ff:ff:ff:ff,ff:ff:ff:ff:ff:ff,00:40:05:05:9b:96,ff:ff:ff:ff:ff:ff,TestProbe_003,,,,False,False
1778947262.719146,management,probe_request,00:40:05:05:9b:96,ff:ff:ff:ff:ff:ff,ff:ff:ff:ff:ff:ff,00:40:05:05:9b:96,ff:ff:ff:ff:ff:ff,TestProbe_003,,,,False,False
1778947262.7195497,control,ack,,00:40:05:05:9b:96,00:40:05:05:9b:96,,,,-81,1,2412,False,False
1778947262.7228081,management,probe_request,00:30:ab:ab:4a:88,ff:ff:ff:ff:ff:ff,ff:ff:ff:ff:ff:ff,00:30:ab:ab:4a:88,ff:ff:ff:ff:ff:ff,TestProbe_004,,,,False,False
1778947262.723642,management,probe_request,00:30:ab:ab:4a:88,ff:ff:ff:ff:ff:ff,ff:ff:ff:ff:ff:ff,00:30:ab:ab:4a:88,ff:ff:ff:ff:ff:ff,TestProbe_004,,,,False,False
1778947262.7242146,control,ack,,00:30:ab:ab:4a:88,00:30:ab:ab:4a:88,,,,-81,1,2412,False,False
1778947262.7242208,data,null_data,50:02:91:e8:18:ec,d8:d7:75:45:81:24,d8:d7:75:45:81:24,50:02:91:e8:18:ec,d8:d7:75:45:81:24,,-80,1,2412,False,False
1778947262.7244937,data,null_data,50:02:91:e8:18:ec,d8:d7:75:45:81:24,d8:d7:75:45:81:24,50:02:91:e8:18:ec,d8:d7:75:45:81:24,,-82,1,2412,False,True
1778947262.7244973,control,ack,,50:02:91:e8:18:ec,50:02:91:e8:18:ec,,,,-47,1,2412,False,False
1778947262.7266989,management,probe_request,00:09:5b:5b:eb:e5,ff:ff:ff:ff:ff:ff,ff:ff:ff:ff:ff:ff,00:09:5b:5b:eb:e5,ff:ff:ff:ff:ff:ff,TestProbe_005,,,,False,False
1778947262.727513,management,probe_request,00:09:5b:5b:eb:e5,ff:ff:ff:ff:ff:ff,ff:ff:ff:ff:ff:ff,00:09:5b:5b:eb:e5,ff:ff:ff:ff:ff:ff,TestProbe_005,,,,False,False
1778947262.7292855,management,probe_request,00:60:b3:b3:da:66,ff:ff:ff:ff:ff:ff,ff:ff:ff:ff:ff:ff,00:60:b3:b3:da:66,ff:ff:ff:ff:ff:ff,TestProbe_006,,,,False,False
1778947262.7303646,management,beacon,d8:d7:75:45:81:24,ff:ff:ff:ff:ff:ff,ff:ff:ff:ff:ff:ff,d8:d7:75:45:81:24,d8:d7:75:45:81:24,FunBox2-8124,-41,1,2412,False,False
1778947262.7311404,management,probe_request,00:60:b3:b3:da:66,ff:ff:ff:ff:ff:ff,ff:ff:ff:ff:ff:ff,00:60:b3:b3:da:66,ff:ff:ff:ff:ff:ff,TestProbe_006,,,,False,False
1778947262.7347023,management,probe_request,00:0d:28:44:34:cd,ff:ff:ff:ff:ff:ff,ff:ff:ff:ff:ff:ff,00:0d:28:44:34:cd,ff:ff:ff:ff:ff:ff,TestProbe_007,,,,False,False
1778947262.7356493,management,probe_request,00:0d:28:44:34:cd,ff:ff:ff:ff:ff:ff,ff:ff:ff:ff:ff:ff,00:0d:28:44:34:cd,ff:ff:ff:ff:ff:ff,TestProbe_007,,,,False,False
1778947262.7387815,management,probe_request,00:02:6f:6f:14:23,ff:ff:ff:ff:ff:ff,ff:ff:ff:ff:ff:ff,00:02:6f:6f:14:23,ff:ff:ff:ff:ff:ff,TestProbe_008,,,,False,False
1778947262.7396457,management,probe_request,00:02:6f:6f:14:23,ff:ff:ff:ff:ff:ff,ff:ff:ff:ff:ff:ff,00:02:6f:6f:14:23,ff:ff:ff:ff:ff:ff,TestProbe_008,,,,False,False
1778947262.7413666,management,probe_request,00:a0:f8:f8:05:4f,ff:ff:ff:ff:ff:ff,ff:ff:ff:ff:ff:ff,00:a0:f8:f8:05:4f,ff:ff:ff:ff:ff:ff,TestProbe_009,,,,False,False
1778947262.7422667,management,probe_request,00:a0:f8:f8:05:4f,ff:ff:ff:ff:ff:ff,ff:ff:ff:ff:ff:ff,00:a0:f8:f8:05:4f,ff:ff:ff:ff:ff:ff,TestProbe_009,,,,False,False
1778947262.743959,management,probe_request,00:02:2d:2d:e4:e7,ff:ff:ff:ff:ff:ff,ff:ff:ff:ff:ff:ff,00:02:2d:2d:e4:e7,ff:ff:ff:ff:ff:ff,TestProbe_010,,,,False,False
1778947262.7447703,management,probe_request,00:02:2d:2d:e4:e7,ff:ff:ff:ff:ff:ff,ff:ff:ff:ff:ff:ff,00:02:2d:2d:e4:e7,ff:ff:ff:ff:ff:ff,TestProbe_010,,,,False,False
1778947262.8324056,management,beacon,d8:d7:75:45:81:24,ff:ff:ff:ff:ff:ff,ff:ff:ff:ff:ff:ff,d8:d7:75:45:81:24,d8:d7:75:45:81:24,FunBox2-8124,-43,1,2412,False,False
1778947262.9348052,management,beacon,d8:d7:75:45:81:24,ff:ff:ff:ff:ff:ff,ff:ff:ff:ff:ff:ff,d8:d7:75:45:81:24,d8:d7:75:45:81:24,FunBox2-8124,-45,1,2412,False,False
1778947263.0372376,management,beacon,d8:d7:75:45:81:24,ff:ff:ff:ff:ff:ff,ff:ff:ff:ff:ff:ff,d8:d7:75:45:81:24,d8:d7:75:45:81:24,FunBox2-8124,-43,1,2412,False,False
1778947263.1396165,management,beacon,d8:d7:75:45:81:24,ff:ff:ff:ff:ff:ff,ff:ff:ff:ff:ff:ff,d8:d7:75:45:81:24,d8:d7:75:45:81:24,FunBox2-8124,-44,1,2412,False,False
1778947263.2420125,management,beacon,d8:d7:75:45:81:24,ff:ff:ff:ff:ff:ff,ff:ff:ff:ff:ff:ff,d8:d7:75:45:81:24,d8:d7:75:45:81:24,FunBox2-8124,-42,1,2412,False,False
1778947263.3464873,management,beacon,d8:d7:75:45:81:24,ff:ff:ff:ff:ff:ff,ff:ff:ff:ff:ff:ff,d8:d7:75:45:81:24,d8:d7:75:45:81:24,FunBox2-8124,-44,1,2412,False,False
1778947263.4468572,management,beacon,d8:d7:75:45:81:24,ff:ff:ff:ff:ff:ff,ff:ff:ff:ff:ff:ff,d8:d7:75:45:81:24,d8:d7:75:45:81:24,FunBox2-8124,-42,1,2412,False,False
1778947263.54923,management,beacon,d8:d7:75:45:81:24,ff:ff:ff:ff:ff:ff,ff:ff:ff:ff:ff:ff,d8:d7:75:45:81:24,d8:d7:75:45:81:24,FunBox2-8124,-42,1,2412,False,False
1778947263.6516812,management,beacon,d8:d7:75:45:81:24,ff:ff:ff:ff:ff:ff,ff:ff:ff:ff:ff:ff,d8:d7:75:45:81:24,d8:d7:75:45:81:24,FunBox2-8124,-43,1,2412,False,False
1778947263.7561257,management,beacon,d8:d7:75:45:81:24,ff:ff:ff:ff:ff:ff,ff:ff:ff:ff:ff:ff,d8:d7:75:45:81:24,d8:d7:75:45:81:24,FunBox2-8124,-45,1,2412,False,False
1778947263.8564866,management,beacon,d8:d7:75:45:81:24,ff:ff:ff:ff:ff:ff,ff:ff:ff:ff:ff:ff,d8:d7:75:45:81:24,d8:d7:75:45:81:24,FunBox2-8124,-44,1,2412,False,False
1778947263.857696,data,null_data,50:02:91:e8:18:ec,d8:d7:75:45:81:24,d8:d7:75:45:81:24,50:02:91:e8:18:ec,d8:d7:75:45:81:24,,-80,1,2412,False,False
1778947263.8576982,control,ack,,50:02:91:e8:18:ec,50:02:91:e8:18:ec,,,,-47,1,2412,False,False
1778947263.958888,management,beacon,d8:d7:75:45:81:24,ff:ff:ff:ff:ff:ff,ff:ff:ff:ff:ff:ff,d8:d7:75:45:81:24,d8:d7:75:45:81:24,FunBox2-8124,-42,1,2412,False,False
1778947264.0612485,management,beacon,d8:d7:75:45:81:24,ff:ff:ff:ff:ff:ff,ff:ff:ff:ff:ff:ff,d8:d7:75:45:81:24,d8:d7:75:45:81:24,FunBox2-8124,-42,1,2412,False,False
1778947264.0985565,data,null_data,50:02:91:e8:18:ec,d8:d7:75:45:81:24,d8:d7:75:45:81:24,50:02:91:e8:18:ec,d8:d7:75:45:81:24,,-80,1,2412,False,False
1778947264.0985703,control,ack,,50:02:91:e8:18:ec,50:02:91:e8:18:ec,,,,-44,1,2412,False,False
1778947264.1636803,management,beacon,d8:d7:75:45:81:24,ff:ff:ff:ff:ff:ff,ff:ff:ff:ff:ff:ff,d8:d7:75:45:81:24,d8:d7:75:45:81:24,FunBox2-8124,-45,1,2412,False,False
1778947264.266119,management,beacon,d8:d7:75:45:81:24,ff:ff:ff:ff:ff:ff,ff:ff:ff:ff:ff:ff,d8:d7:75:45:81:24,d8:d7:75:45:81:24,FunBox2-8124,-41,1,2412,False,False
1778947264.368482,management,beacon,d8:d7:75:45:81:24,ff:ff:ff:ff:ff:ff,ff:ff:ff:ff:ff:ff,d8:d7:75:45:81:24,d8:d7:75:45:81:24,FunBox2-8124,-41,1,2412,False,False
1778947264.4709044,management,beacon,d8:d7:75:45:81:24,ff:ff:ff:ff:ff:ff,ff:ff:ff:ff:ff:ff,d8:d7:75:45:81:24,d8:d7:75:45:81:24,FunBox2-8124,-46,1,2412,False,False
1778947264.573307,management,beacon,d8:d7:75:45:81:24,ff:ff:ff:ff:ff:ff,ff:ff:ff:ff:ff:ff,d8:d7:75:45:81:24,d8:d7:75:45:81:24,FunBox2-8124,-42,1,2412,False,False
1778947264.675665,management,beacon,d8:d7:75:45:81:24,ff:ff:ff:ff:ff:ff,ff:ff:ff:ff:ff:ff,d8:d7:75:45:81:24,d8:d7:75:45:81:24,FunBox2-8124,-41,1,2412,False,False
1778947264.778094,management,beacon,d8:d7:75:45:81:24,ff:ff:ff:ff:ff:ff,ff:ff:ff:ff:ff:ff,d8:d7:75:45:81:24,d8:d7:75:45:81:24,FunBox2-8124,-41,1,2412,False,False
1778947264.8810682,management,beacon,d8:d7:75:45:81:24,ff:ff:ff:ff:ff:ff,ff:ff:ff:ff:ff:ff,d8:d7:75:45:81:24,d8:d7:75:45:81:24,FunBox2-8124,-43,1,2412,False,False
1778947265.0853374,management,beacon,d8:d7:75:45:81:24,ff:ff:ff:ff:ff:ff,ff:ff:ff:ff:ff:ff,d8:d7:75:45:81:24,d8:d7:75:45:81:24,FunBox2-8124,-42,1,2412,False,False
1778947265.189883,management,beacon,d8:d7:75:45:81:24,ff:ff:ff:ff:ff:ff,ff:ff:ff:ff:ff:ff,d8:d7:75:45:81:24,d8:d7:75:45:81:24,FunBox2-8124,-46,1,2412,False,False
1778947265.2901442,management,beacon,d8:d7:75:45:81:24,ff:ff:ff:ff:ff:ff,ff:ff:ff:ff:ff:ff,d8:d7:75:45:81:24,d8:d7:75:45:81:24,FunBox2-8124,-41,1,2412,False,False
1778947265.3945882,management,beacon,d8:d7:75:45:81:24,ff:ff:ff:ff:ff:ff,ff:ff:ff:ff:ff:ff,d8:d7:75:45:81:24,d8:d7:75:45:81:24,FunBox2-8124,-46,1,2412,False,False
1778947265.3960235,data,null_data,50:02:91:e8:18:ec,d8:d7:75:45:81:24,d8:d7:75:45:81:24,50:02:91:e8:18:ec,d8:d7:75:45:81:24,,-81,1,2412,False,False
1778947265.396029,control,ack,,50:02:91:e8:18:ec,50:02:91:e8:18:ec,,,,-49,1,2412,False,False
1778947265.3960302,data,null_data,50:02:91:e8:18:ec,d8:d7:75:45:81:24,d8:d7:75:45:81:24,50:02:91:e8:18:ec,d8:d7:75:45:81:24,,-81,1,2412,False,True
1778947265.3960314,control,ack,,50:02:91:e8:18:ec,50:02:91:e8:18:ec,,,,-48,1,2412,False,False
1778947265.4949381,management,beacon,d8:d7:75:45:81:24,ff:ff:ff:ff:ff:ff,ff:ff:ff:ff:ff:ff,d8:d7:75:45:81:24,d8:d7:75:45:81:24,FunBox2-8124,-35,1,2412,False,False
1778947265.5973125,management,beacon,d8:d7:75:45:81:24,ff:ff:ff:ff:ff:ff,ff:ff:ff:ff:ff:ff,d8:d7:75:45:81:24,d8:d7:75:45:81:24,FunBox2-8124,-41,1,2412,False,False
1778947265.6368527,data,null_data,50:02:91:e8:18:ec,d8:d7:75:45:81:24,d8:d7:75:45:81:24,50:02:91:e8:18:ec,d8:d7:75:45:81:24,,-81,1,2412,False,False
1778947265.6368678,control,ack,,50:02:91:e8:18:ec,50:02:91:e8:18:ec,,,,-44,1,2412,False,False
1778947265.6996996,management,beacon,d8:d7:75:45:81:24,ff:ff:ff:ff:ff:ff,ff:ff:ff:ff:ff:ff,d8:d7:75:45:81:24,d8:d7:75:45:81:24,FunBox2-8124,-44,1,2412,False,False
1778947265.804198,management,beacon,d8:d7:75:45:81:24,ff:ff:ff:ff:ff:ff,ff:ff:ff:ff:ff:ff,d8:d7:75:45:81:24,d8:d7:75:45:81:24,FunBox2-8124,-44,1,2412,False,False
1778947265.9045825,management,beacon,d8:d7:75:45:81:24,ff:ff:ff:ff:ff:ff,ff:ff:ff:ff:ff:ff,d8:d7:75:45:81:24,d8:d7:75:45:81:24,FunBox2-8124,-41,1,2412,False,False
1778947266.0069277,management,beacon,d8:d7:75:45:81:24,ff:ff:ff:ff:ff:ff,ff:ff:ff:ff:ff:ff,d8:d7:75:45:81:24,d8:d7:75:45:81:24,FunBox2-8124,-41,1,2412,False,False
1778947266.1093369,management,beacon,d8:d7:75:45:81:24,ff:ff:ff:ff:ff:ff,ff:ff:ff:ff:ff:ff,d8:d7:75:45:81:24,d8:d7:75:45:81:24,FunBox2-8124,-41,1,2412,False,False
1778947266.2117198,management,beacon,d8:d7:75:45:81:24,ff:ff:ff:ff:ff:ff,ff:ff:ff:ff:ff:ff,d8:d7:75:45:81:24,d8:d7:75:45:81:24,FunBox2-8124,-41,1,2412,False,False
1778947266.314184,management,beacon,d8:d7:75:45:81:24,ff:ff:ff:ff:ff:ff,ff:ff:ff:ff:ff:ff,d8:d7:75:45:81:24,d8:d7:75:45:81:24,FunBox2-8124,-42,1,2412,False,False
1778947266.4165475,management,beacon,d8:d7:75:45:81:24,ff:ff:ff:ff:ff:ff,ff:ff:ff:ff:ff:ff,d8:d7:75:45:81:24,d8:d7:75:45:81:24,FunBox2-8124,-41,1,2412,False,False
1778947266.621366,management,beacon,d8:d7:75:45:81:24,ff:ff:ff:ff:ff:ff,ff:ff:ff:ff:ff:ff,d8:d7:75:45:81:24,d8:d7:75:45:81:24,FunBox2-8124,-41,1,2412,False,False
1778947266.7237434,management,beacon,d8:d7:75:45:81:24,ff:ff:ff:ff:ff:ff,ff:ff:ff:ff:ff:ff,d8:d7:75:45:81:24,d8:d7:75:45:81:24,FunBox2-8124,-42,1,2412,False,False
1778947266.7249918,control,ack,,50:02:91:e8:18:ec,50:02:91:e8:18:ec,,,,-44,1,2412,False,False
1778947266.826199,management,beacon,d8:d7:75:45:81:24,ff:ff:ff:ff:ff:ff,ff:ff:ff:ff:ff:ff,d8:d7:75:45:81:24,d8:d7:75:45:81:24,FunBox2-8124,-42,1,2412,False,False
1778947266.928581,management,beacon,d8:d7:75:45:81:24,ff:ff:ff:ff:ff:ff,ff:ff:ff:ff:ff:ff,d8:d7:75:45:81:24,d8:d7:75:45:81:24,FunBox2-8124,-43,1,2412,False,False
1778947266.9658782,data,null_data,50:02:91:e8:18:ec,d8:d7:75:45:81:24,d8:d7:75:45:81:24,50:02:91:e8:18:ec,d8:d7:75:45:81:24,,-80,1,2412,False,False
1778947266.965894,control,ack,,50:02:91:e8:18:ec,50:02:91:e8:18:ec,,,,-43,1,2412,False,False
1778947267.1333923,management,beacon,d8:d7:75:45:81:24,ff:ff:ff:ff:ff:ff,ff:ff:ff:ff:ff:ff,d8:d7:75:45:81:24,d8:d7:75:45:81:24,FunBox2-8124,-42,1,2412,False,False
1778947267.237897,management,beacon,d8:d7:75:45:81:24,ff:ff:ff:ff:ff:ff,ff:ff:ff:ff:ff:ff,d8:d7:75:45:81:24,d8:d7:75:45:81:24,FunBox2-8124,-45,1,2412,False,False
1778947267.3381908,management,beacon,d8:d7:75:45:81:24,ff:ff:ff:ff:ff:ff,ff:ff:ff:ff:ff:ff,d8:d7:75:45:81:24,d8:d7:75:45:81:24,FunBox2-8124,-42,1,2412,False,False
1778947267.440597,management,beacon,d8:d7:75:45:81:24,ff:ff:ff:ff:ff:ff,ff:ff:ff:ff:ff:ff,d8:d7:75:45:81:24,d8:d7:75:45:81:24,FunBox2-8124,-44,1,2412,False,False
1778947267.648513,management,beacon,d8:d7:75:45:81:24,ff:ff:ff:ff:ff:ff,ff:ff:ff:ff:ff:ff,d8:d7:75:45:81:24,d8:d7:75:45:81:24,FunBox2-8124,-45,1,2412,False,False
1778947267.7478247,management,beacon,d8:d7:75:45:81:24,ff:ff:ff:ff:ff:ff,ff:ff:ff:ff:ff:ff,d8:d7:75:45:81:24,d8:d7:75:45:81:24,FunBox2-8124,-45,1,2412,False,False
1778947267.8501825,management,beacon,d8:d7:75:45:81:24,ff:ff:ff:ff:ff:ff,ff:ff:ff:ff:ff:ff,d8:d7:75:45:81:24,d8:d7:75:45:81:24,FunBox2-8124,-40,1,2412,False,False
1778947267.9526374,management,beacon,d8:d7:75:45:81:24,ff:ff:ff:ff:ff:ff,ff:ff:ff:ff:ff:ff,d8:d7:75:45:81:24,d8:d7:75:45:81:24,FunBox2-8124,-44,1,2412,False,False
1778947268.157389,management,beacon,d8:d7:75:45:81:24,ff:ff:ff:ff:ff:ff,ff:ff:ff:ff:ff:ff,d8:d7:75:45:81:24,d8:d7:75:45:81:24,FunBox2-8124,-43,1,2412,False,False
1778947268.1585534,data,null_data,50:02:91:e8:18:ec,d8:d7:75:45:81:24,d8:d7:75:45:81:24,50:02:91:e8:18:ec,d8:d7:75:45:81:24,,-78,1,2412,False,False
1778947268.1585565,control,ack,,50:02:91:e8:18:ec,50:02:91:e8:18:ec,,,,-45,1,2412,False,False
1778947268.2598586,management,beacon,d8:d7:75:45:81:24,ff:ff:ff:ff:ff:ff,ff:ff:ff:ff:ff:ff,d8:d7:75:45:81:24,d8:d7:75:45:81:24,FunBox2-8124,-43,1,2412,False,False
1778947268.3622549,management,beacon,d8:d7:75:45:81:24,ff:ff:ff:ff:ff:ff,ff:ff:ff:ff:ff:ff,d8:d7:75:45:81:24,d8:d7:75:45:81:24,FunBox2-8124,-41,1,2412,False,False
1778947268.3994505,data,null_data,50:02:91:e8:18:ec,d8:d7:75:45:81:24,d8:d7:75:45:81:24,50:02:91:e8:18:ec,d8:d7:75:45:81:24,,-80,1,2412,False,False
1778947268.399459,control,ack,,50:02:91:e8:18:ec,50:02:91:e8:18:ec,,,,-47,1,2412,False,False
1778947268.464639,management,beacon,d8:d7:75:45:81:24,ff:ff:ff:ff:ff:ff,ff:ff:ff:ff:ff:ff,d8:d7:75:45:81:24,d8:d7:75:45:81:24,FunBox2-8124,-44,1,2412,False,False
1778947268.5691564,management,beacon,d8:d7:75:45:81:24,ff:ff:ff:ff:ff:ff,ff:ff:ff:ff:ff:ff,d8:d7:75:45:81:24,d8:d7:75:45:81:24,FunBox2-8124,-43,1,2412,False,False
1778947268.669412,management,beacon,d8:d7:75:45:81:24,ff:ff:ff:ff:ff:ff,ff:ff:ff:ff:ff:ff,d8:d7:75:45:81:24,d8:d7:75:45:81:24,FunBox2-8124,-42,1,2412,False,False
1778947268.7718472,management,beacon,d8:d7:75:45:81:24,ff:ff:ff:ff:ff:ff,ff:ff:ff:ff:ff:ff,d8:d7:75:45:81:24,d8:d7:75:45:81:24,FunBox2-8124,-44,1,2412,False,False
1778947268.8742795,management,beacon,d8:d7:75:45:81:24,ff:ff:ff:ff:ff:ff,ff:ff:ff:ff:ff:ff,d8:d7:75:45:81:24,d8:d7:75:45:81:24,FunBox2-8124,-43,1,2412,False,False
1778947268.9766703,management,beacon,d8:d7:75:45:81:24,ff:ff:ff:ff:ff:ff,ff:ff:ff:ff:ff:ff,d8:d7:75:45:81:24,d8:d7:75:45:81:24,FunBox2-8124,-42,1,2412,False,False
1778947269.1814296,management,beacon,d8:d7:75:45:81:24,ff:ff:ff:ff:ff:ff,ff:ff:ff:ff:ff:ff,d8:d7:75:45:81:24,d8:d7:75:45:81:24,FunBox2-8124,-46,1,2412,False,False
1778947269.2838674,management,beacon,d8:d7:75:45:81:24,ff:ff:ff:ff:ff:ff,ff:ff:ff:ff:ff:ff,d8:d7:75:45:81:24,d8:d7:75:45:81:24,FunBox2-8124,-48,1,2412,False,False
1778947269.4886575,management,beacon,d8:d7:75:45:81:24,ff:ff:ff:ff:ff:ff,ff:ff:ff:ff:ff:ff,d8:d7:75:45:81:24,d8:d7:75:45:81:24,FunBox2-8124,-48,1,2412,False,False
1778947269.6935027,management,beacon,d8:d7:75:45:81:24,ff:ff:ff:ff:ff:ff,ff:ff:ff:ff:ff:ff,d8:d7:75:45:81:24,d8:d7:75:45:81:24,FunBox2-8124,-53,1,2412,False,False
1778947269.7980492,management,beacon,d8:d7:75:45:81:24,ff:ff:ff:ff:ff:ff,ff:ff:ff:ff:ff:ff,d8:d7:75:45:81:24,d8:d7:75:45:81:24,FunBox2-8124,-47,1,2412,False,False
1778947269.8206542,data,null_data,50:02:91:e8:18:ec,d8:d7:75:45:81:24,d8:d7:75:45:81:24,50:02:91:e8:18:ec,d8:d7:75:45:81:24,,-81,1,2412,False,False
1778947269.8206713,control,ack,,50:02:91:e8:18:ec,50:02:91:e8:18:ec,,,,-51,1,2412,False,False
1778947269.898308,management,beacon,d8:d7:75:45:81:24,ff:ff:ff:ff:ff:ff,ff:ff:ff:ff:ff:ff,d8:d7:75:45:81:24,d8:d7:75:45:81:24,FunBox2-8124,-48,1,2412,False,False
1778947270.0006926,management,beacon,d8:d7:75:45:81:24,ff:ff:ff:ff:ff:ff,ff:ff:ff:ff:ff:ff,d8:d7:75:45:81:24,d8:d7:75:45:81:24,FunBox2-8124,-46,1,2412,False,False
1778947270.0620122,data,null_data,50:02:91:e8:18:ec,d8:d7:75:45:81:24,d8:d7:75:45:81:24,50:02:91:e8:18:ec,d8:d7:75:45:81:24,,-84,1,2412,False,False
1778947270.062025,control,ack,,50:02:91:e8:18:ec,50:02:91:e8:18:ec,,,,-49,1,2412,False,False
1778947270.2055085,management,beacon,d8:d7:75:45:81:24,ff:ff:ff:ff:ff:ff,ff:ff:ff:ff:ff:ff,d8:d7:75:45:81:24,d8:d7:75:45:81:24,FunBox2-8124,-48,1,2412,False,False
1778947270.3080611,management,beacon,d8:d7:75:45:81:24,ff:ff:ff:ff:ff:ff,ff:ff:ff:ff:ff:ff,d8:d7:75:45:81:24,d8:d7:75:45:81:24,FunBox2-8124,-46,1,2412,False,False
1778947270.5127265,management,beacon,d8:d7:75:45:81:24,ff:ff:ff:ff:ff:ff,ff:ff:ff:ff:ff:ff,d8:d7:75:45:81:24,d8:d7:75:45:81:24,FunBox2-8124,-49,1,2412,False,False
1778947270.6172786,management,beacon,d8:d7:75:45:81:24,ff:ff:ff:ff:ff:ff,ff:ff:ff:ff:ff:ff,d8:d7:75:45:81:24,d8:d7:75:45:81:24,FunBox2-8124,-51,1,2412,False,False
1778947270.7175553,management,beacon,d8:d7:75:45:81:24,ff:ff:ff:ff:ff:ff,ff:ff:ff:ff:ff:ff,d8:d7:75:45:81:24,d8:d7:75:45:81:24,FunBox2-8124,-47,1,2412,False,False
1778947270.8199549,management,beacon,d8:d7:75:45:81:24,ff:ff:ff:ff:ff:ff,ff:ff:ff:ff:ff:ff,d8:d7:75:45:81:24,d8:d7:75:45:81:24,FunBox2-8124,-45,1,2412,False,False
1778947270.9223456,management,beacon,d8:d7:75:45:81:24,ff:ff:ff:ff:ff:ff,ff:ff:ff:ff:ff:ff,d8:d7:75:45:81:24,d8:d7:75:45:81:24,FunBox2-8124,-45,1,2412,False,False
1778947271.026923,management,beacon,d8:d7:75:45:81:24,ff:ff:ff:ff:ff:ff,ff:ff:ff:ff:ff:ff,d8:d7:75:45:81:24,d8:d7:75:45:81:24,FunBox2-8124,-54,1,2412,False,False
1778947271.1270998,management,beacon,d8:d7:75:45:81:24,ff:ff:ff:ff:ff:ff,ff:ff:ff:ff:ff:ff,d8:d7:75:45:81:24,d8:d7:75:45:81:24,FunBox2-8124,-44,1,2412,False,False
1778947271.2305837,data,data,d8:d7:75:45:81:24,ff:ff:ff:ff:ff:ff,ff:ff:ff:ff:ff:ff,d8:d7:75:45:81:24,d8:d7:75:45:81:24,,-44,1,2412,True,False
1778947271.2312899,control,ack,,d8:d7:75:45:81:24,d8:d7:75:45:81:24,,,,-84,1,2412,False,False
1778947271.231292,data,null_data,50:02:91:e8:18:ec,d8:d7:75:45:81:24,d8:d7:75:45:81:24,50:02:91:e8:18:ec,d8:d7:75:45:81:24,,-83,1,2412,False,False
1778947271.231293,control,ack,,50:02:91:e8:18:ec,50:02:91:e8:18:ec,,,,-56,1,2412,False,False
1778947271.2312937,data,null_data,50:02:91:e8:18:ec,d8:d7:75:45:81:24,d8:d7:75:45:81:24,50:02:91:e8:18:ec,d8:d7:75:45:81:24,,-85,1,2412,False,True
1778947271.2312944,control,ack,,50:02:91:e8:18:ec,50:02:91:e8:18:ec,,,,-57,1,2412,False,False
1778947271.2325048,data,data,d8:d7:75:45:81:24,ff:ff:ff:ff:ff:ff,ff:ff:ff:ff:ff:ff,d8:d7:75:45:81:24,d8:d7:75:45:81:24,,-56,1,2412,True,False
1778947271.2328246,control,ack,,d8:d7:75:45:81:24,d8:d7:75:45:81:24,,,,-85,1,2412,False,False
1778947271.33193,management,beacon,d8:d7:75:45:81:24,ff:ff:ff:ff:ff:ff,ff:ff:ff:ff:ff:ff,d8:d7:75:45:81:24,d8:d7:75:45:81:24,FunBox2-8124,-44,1,2412,False,False
1778947271.4343178,management,beacon,d8:d7:75:45:81:24,ff:ff:ff:ff:ff:ff,ff:ff:ff:ff:ff:ff,d8:d7:75:45:81:24,d8:d7:75:45:81:24,FunBox2-8124,-42,1,2412,False,False
1778947271.473243,data,null_data,50:02:91:e8:18:ec,d8:d7:75:45:81:24,d8:d7:75:45:81:24,50:02:91:e8:18:ec,d8:d7:75:45:81:24,,-83,1,2412,False,False
1778947271.4732523,control,ack,,50:02:91:e8:18:ec,50:02:91:e8:18:ec,,,,-44,1,2412,False,False
1778947271.5367274,management,beacon,d8:d7:75:45:81:24,ff:ff:ff:ff:ff:ff,ff:ff:ff:ff:ff:ff,d8:d7:75:45:81:24,d8:d7:75:45:81:24,FunBox2-8124,-42,1,2412,False,False
1778947271.6391275,management,beacon,d8:d7:75:45:81:24,ff:ff:ff:ff:ff:ff,ff:ff:ff:ff:ff:ff,d8:d7:75:45:81:24,d8:d7:75:45:81:24,FunBox2-8124,-39,1,2412,False,False
1778947271.843931,management,beacon,d8:d7:75:45:81:24,ff:ff:ff:ff:ff:ff,ff:ff:ff:ff:ff:ff,d8:d7:75:45:81:24,d8:d7:75:45:81:24,FunBox2-8124,-49,1,2412,False,False
1778947271.946369,management,beacon,d8:d7:75:45:81:24,ff:ff:ff:ff:ff:ff,ff:ff:ff:ff:ff:ff,d8:d7:75:45:81:24,d8:d7:75:45:81:24,FunBox2-8124,-41,1,2412,False,False
1778947272.0487678,management,beacon,d8:d7:75:45:81:24,ff:ff:ff:ff:ff:ff,ff:ff:ff:ff:ff:ff,d8:d7:75:45:81:24,d8:d7:75:45:81:24,FunBox2-8124,-41,1,2412,False,False
1778947272.1511557,management,beacon,d8:d7:75:45:81:24,ff:ff:ff:ff:ff:ff,ff:ff:ff:ff:ff:ff,d8:d7:75:45:81:24,d8:d7:75:45:81:24,FunBox2-8124,-42,1,2412,False,False
1778947272.3429632,control,rts,54:35:30:cf:ee:1e,d8:d7:75:45:81:24,d8:d7:75:45:81:24,54:35:30:cf:ee:1e,,,-59,1,2412,False,False
1778947272.3429701,control,cts,,54:35:30:cf:ee:1e,54:35:30:cf:ee:1e,,,,-48,1,2412,False,False
1778947272.342972,data,qos_data,54:35:30:cf:ee:1e,d8:d7:75:45:81:24,d8:d7:75:45:81:24,54:35:30:cf:ee:1e,ff:ff:ff:ff:ff:ff,,-60,1,2412,True,False
1778947272.342974,control,block_ack,d8:d7:75:45:81:24,54:35:30:cf:ee:1e,54:35:30:cf:ee:1e,d8:d7:75:45:81:24,,,-47,1,2412,False,False
1778947272.358168,management,beacon,d8:d7:75:45:81:24,ff:ff:ff:ff:ff:ff,ff:ff:ff:ff:ff:ff,d8:d7:75:45:81:24,d8:d7:75:45:81:24,FunBox2-8124,-45,1,2412,False,False
1778947272.3889492,control,rts,d8:d7:75:45:81:24,54:35:30:cf:ee:1e,54:35:30:cf:ee:1e,d8:d7:75:45:81:24,,,-46,1,2412,False,False
1778947272.3889549,control,cts,,d8:d7:75:45:81:24,d8:d7:75:45:81:24,,,,-53,1,2412,False,False
1778947272.3889568,data,qos_data,d8:d7:75:45:81:24,54:35:30:cf:ee:1e,54:35:30:cf:ee:1e,d8:d7:75:45:81:24,a0:29:42:95:01:2d,,-43,1,2412,True,False
1778947272.3889587,control,block_ack,54:35:30:cf:ee:1e,d8:d7:75:45:81:24,d8:d7:75:45:81:24,54:35:30:cf:ee:1e,,,-50,1,2412,False,False
1778947272.4584124,management,beacon,d8:d7:75:45:81:24,ff:ff:ff:ff:ff:ff,ff:ff:ff:ff:ff:ff,d8:d7:75:45:81:24,d8:d7:75:45:81:24,FunBox2-8124,-39,1,2412,False,False
1778947272.4596672,data,data,d8:d7:75:45:81:24,ff:ff:ff:ff:ff:ff,ff:ff:ff:ff:ff:ff,d8:d7:75:45:81:24,54:35:30:cf:ee:1e,,-41,1,2412,True,False
1778947272.4601655,control,ack,,50:02:91:e8:18:ec,50:02:91:e8:18:ec,,,,-47,1,2412,False,False
1778947272.4607482,management,action,d8:d7:75:45:81:24,50:02:91:e8:18:ec,50:02:91:e8:18:ec,d8:d7:75:45:81:24,d8:d7:75:45:81:24,,-42,1,2412,False,False
1778947272.4619508,management,action,d8:d7:75:45:81:24,50:02:91:e8:18:ec,50:02:91:e8:18:ec,d8:d7:75:45:81:24,d8:d7:75:45:81:24,,-42,1,2412,False,True
1778947272.4622717,control,ack,,d8:d7:75:45:81:24,d8:d7:75:45:81:24,,,,-83,1,2412,False,False
1778947272.4625802,management,action,50:02:91:e8:18:ec,d8:d7:75:45:81:24,d8:d7:75:45:81:24,50:02:91:e8:18:ec,d8:d7:75:45:81:24,,-81,1,2412,False,False
1778947272.4627979,management,action,50:02:91:e8:18:ec,d8:d7:75:45:81:24,d8:d7:75:45:81:24,50:02:91:e8:18:ec,d8:d7:75:45:81:24,,-83,1,2412,False,True
1778947272.463319,management,action,50:02:91:e8:18:ec,d8:d7:75:45:81:24,d8:d7:75:45:81:24,50:02:91:e8:18:ec,d8:d7:75:45:81:24,,-83,1,2412,False,True
1778947272.4633207,control,ack,,50:02:91:e8:18:ec,50:02:91:e8:18:ec,,,,-43,1,2412,False,False
1778947272.479787,management,probe_request,6a:d0:0f:27:52:3e,ff:ff:ff:ff:ff:ff,ff:ff:ff:ff:ff:ff,6a:d0:0f:27:52:3e,ff:ff:ff:ff:ff:ff,<hidden>,-34,1,2412,False,False
1778947272.4800856,control,ack,,6a:d0:0f:27:52:3e,6a:d0:0f:27:52:3e,,,,-83,1,2412,False,False
1778947272.483374,management,probe_response,d8:d7:75:45:81:24,6a:d0:0f:27:52:3e,6a:d0:0f:27:52:3e,d8:d7:75:45:81:24,d8:d7:75:45:81:24,FunBox2-8124,-43,1,2412,False,False
1778947272.4924185,management,probe_response,d8:d7:75:45:81:24,6a:d0:0f:27:52:3e,6a:d0:0f:27:52:3e,d8:d7:75:45:81:24,d8:d7:75:45:81:24,FunBox2-8124,-42,1,2412,False,True
1778947272.501517,management,probe_response,d8:d7:75:45:81:24,6a:d0:0f:27:52:3e,6a:d0:0f:27:52:3e,d8:d7:75:45:81:24,d8:d7:75:45:81:24,FunBox2-8124,-39,1,2412,False,True
1778947272.5062847,management,probe_response,d8:d7:75:45:81:24,6a:d0:0f:27:52:3e,6a:d0:0f:27:52:3e,d8:d7:75:45:81:24,d8:d7:75:45:81:24,FunBox2-8124,-39,1,2412,False,True
1778947272.506573,control,ack,,d8:d7:75:45:81:24,d8:d7:75:45:81:24,,,,-31,1,2412,False,False
1778947272.5439093,management,probe_request,6a:d0:0f:27:52:3e,ff:ff:ff:ff:ff:ff,ff:ff:ff:ff:ff:ff,6a:d0:0f:27:52:3e,ff:ff:ff:ff:ff:ff,<hidden>,-32,1,2412,False,False
1778947272.5441988,control,ack,,6a:d0:0f:27:52:3e,6a:d0:0f:27:52:3e,,,,-83,1,2412,False,False
1778947272.5607698,management,beacon,d8:d7:75:45:81:24,ff:ff:ff:ff:ff:ff,ff:ff:ff:ff:ff:ff,d8:d7:75:45:81:24,d8:d7:75:45:81:24,FunBox2-8124,-45,1,2412,False,False
1778947272.6110563,management,probe_response,d8:d7:75:45:81:24,6a:d0:0f:27:52:3e,6a:d0:0f:27:52:3e,d8:d7:75:45:81:24,d8:d7:75:45:81:24,FunBox2-8124,-40,1,2412,False,False
1778947272.614609,management,probe_response,d8:d7:75:45:81:24,6a:d0:0f:27:52:3e,6a:d0:0f:27:52:3e,d8:d7:75:45:81:24,d8:d7:75:45:81:24,FunBox2-8124,-41,1,2412,False,True
1778947272.61944,management,probe_response,d8:d7:75:45:81:24,6a:d0:0f:27:52:3e,6a:d0:0f:27:52:3e,d8:d7:75:45:81:24,d8:d7:75:45:81:24,FunBox2-8124,-40,1,2412,False,True
1778947272.6238632,management,probe_response,d8:d7:75:45:81:24,6a:d0:0f:27:52:3e,6a:d0:0f:27:52:3e,d8:d7:75:45:81:24,d8:d7:75:45:81:24,FunBox2-8124,-40,1,2412,False,True
1778947272.6283636,management,probe_response,d8:d7:75:45:81:24,6a:d0:0f:27:52:3e,6a:d0:0f:27:52:3e,d8:d7:75:45:81:24,d8:d7:75:45:81:24,FunBox2-8124,-41,1,2412,False,True
1778947272.6632016,management,beacon,d8:d7:75:45:81:24,ff:ff:ff:ff:ff:ff,ff:ff:ff:ff:ff:ff,d8:d7:75:45:81:24,d8:d7:75:45:81:24,FunBox2-8124,-39,1,2412,False,False
1778947272.7041097,data,null_data,50:02:91:e8:18:ec,d8:d7:75:45:81:24,d8:d7:75:45:81:24,50:02:91:e8:18:ec,d8:d7:75:45:81:24,,-82,1,2412,False,False
1778947272.7041152,control,ack,,50:02:91:e8:18:ec,50:02:91:e8:18:ec,,,,-42,1,2412,False,False
1778947272.7390532,management,probe_response,d8:d7:75:45:81:24,6a:d0:0f:27:52:3e,6a:d0:0f:27:52:3e,d8:d7:75:45:81:24,d8:d7:75:45:81:24,FunBox2-8124,-39,1,2412,False,False
1778947272.7426655,management,probe_response,d8:d7:75:45:81:24,6a:d0:0f:27:52:3e,6a:d0:0f:27:52:3e,d8:d7:75:45:81:24,d8:d7:75:45:81:24,FunBox2-8124,-39,1,2412,False,True
1778947272.7491837,management,probe_response,d8:d7:75:45:81:24,6a:d0:0f:27:52:3e,6a:d0:0f:27:52:3e,d8:d7:75:45:81:24,d8:d7:75:45:81:24,FunBox2-8124,-39,1,2412,False,True
1778947272.7531888,management,probe_response,d8:d7:75:45:81:24,6a:d0:0f:27:52:3e,6a:d0:0f:27:52:3e,d8:d7:75:45:81:24,d8:d7:75:45:81:24,FunBox2-8124,-39,1,2412,False,True
1778947272.757438,management,probe_response,d8:d7:75:45:81:24,6a:d0:0f:27:52:3e,6a:d0:0f:27:52:3e,d8:d7:75:45:81:24,d8:d7:75:45:81:24,FunBox2-8124,-42,1,2412,False,True
1778947272.7998433,management,probe_request,6a:d0:0f:27:52:3e,ff:ff:ff:ff:ff:ff,ff:ff:ff:ff:ff:ff,6a:d0:0f:27:52:3e,ff:ff:ff:ff:ff:ff,<hidden>,-81,1,2412,False,False
1778947272.8679683,management,beacon,d8:d7:75:45:81:24,ff:ff:ff:ff:ff:ff,ff:ff:ff:ff:ff:ff,d8:d7:75:45:81:24,d8:d7:75:45:81:24,FunBox2-8124,-39,1,2412,False,False
1778947272.9703727,management,beacon,d8:d7:75:45:81:24,ff:ff:ff:ff:ff:ff,ff:ff:ff:ff:ff:ff,d8:d7:75:45:81:24,d8:d7:75:45:81:24,FunBox2-8124,-40,1,2412,False,False
1778947273.0728211,management,beacon,d8:d7:75:45:81:24,ff:ff:ff:ff:ff:ff,ff:ff:ff:ff:ff:ff,d8:d7:75:45:81:24,d8:d7:75:45:81:24,FunBox2-8124,-40,1,2412,False,False
1778947273.1751764,management,beacon,d8:d7:75:45:81:24,ff:ff:ff:ff:ff:ff,ff:ff:ff:ff:ff:ff,d8:d7:75:45:81:24,d8:d7:75:45:81:24,FunBox2-8124,-44,1,2412,False,False
1778947273.380035,management,beacon,d8:d7:75:45:81:24,ff:ff:ff:ff:ff:ff,ff:ff:ff:ff:ff:ff,d8:d7:75:45:81:24,d8:d7:75:45:81:24,FunBox2-8124,-39,1,2412,False,False
1778947273.4824224,management,beacon,d8:d7:75:45:81:24,ff:ff:ff:ff:ff:ff,ff:ff:ff:ff:ff:ff,d8:d7:75:45:81:24,d8:d7:75:45:81:24,FunBox2-8124,-38,1,2412,False,False
1778947273.4879978,data,null_data,50:02:91:e8:18:ec,d8:d7:75:45:81:24,d8:d7:75:45:81:24,50:02:91:e8:18:ec,d8:d7:75:45:81:24,,-82,1,2412,False,False
1778947273.4880047,control,ack,,50:02:91:e8:18:ec,50:02:91:e8:18:ec,,,,-41,1,2412,False,False
1778947273.584855,management,beacon,d8:d7:75:45:81:24,ff:ff:ff:ff:ff:ff,ff:ff:ff:ff:ff:ff,d8:d7:75:45:81:24,d8:d7:75:45:81:24,FunBox2-8124,-39,1,2412,False,False
1778947273.687194,management,beacon,d8:d7:75:45:81:24,ff:ff:ff:ff:ff:ff,ff:ff:ff:ff:ff:ff,d8:d7:75:45:81:24,d8:d7:75:45:81:24,FunBox2-8124,-48,1,2412,False,False
1778947273.7288747,data,null_data,50:02:91:e8:18:ec,d8:d7:75:45:81:24,d8:d7:75:45:81:24,50:02:91:e8:18:ec,d8:d7:75:45:81:24,,-81,1,2412,False,False
1778947273.7288914,control,ack,,50:02:91:e8:18:ec,50:02:91:e8:18:ec,,,,-42,1,2412,False,False
1778947273.8920257,management,beacon,d8:d7:75:45:81:24,ff:ff:ff:ff:ff:ff,ff:ff:ff:ff:ff:ff,d8:d7:75:45:81:24,d8:d7:75:45:81:24,FunBox2-8124,-39,1,2412,False,False
1778947273.9713895,management,probe_request,ae:5c:d9:c2:8c:10,ff:ff:ff:ff:ff:ff,ff:ff:ff:ff:ff:ff,ae:5c:d9:c2:8c:10,ff:ff:ff:ff:ff:ff,<hidden>,-58,1,2412,False,False
1778947273.9753282,management,probe_response,d8:d7:75:45:81:24,ae:5c:d9:c2:8c:10,ae:5c:d9:c2:8c:10,d8:d7:75:45:81:24,d8:d7:75:45:81:24,FunBox2-8124,-38,1,2412,False,False
1778947273.9756136,control,ack,,d8:d7:75:45:81:24,d8:d7:75:45:81:24,,,,-58,1,2412,False,False
1778947273.9917383,management,probe_request,ae:5c:d9:c2:8c:10,ff:ff:ff:ff:ff:ff,ff:ff:ff:ff:ff:ff,ae:5c:d9:c2:8c:10,ff:ff:ff:ff:ff:ff,<hidden>,-59,1,2412,False,False
1778947273.992011,control,ack,,ae:5c:d9:c2:8c:10,ae:5c:d9:c2:8c:10,,,,-83,1,2412,False,False
1778947273.9946995,management,beacon,d8:d7:75:45:81:24,ff:ff:ff:ff:ff:ff,ff:ff:ff:ff:ff:ff,d8:d7:75:45:81:24,d8:d7:75:45:81:24,FunBox2-8124,-43,1,2412,False,False
1778947273.9981105,management,probe_response,d8:d7:75:45:81:24,ae:5c:d9:c2:8c:10,ae:5c:d9:c2:8c:10,d8:d7:75:45:81:24,d8:d7:75:45:81:24,FunBox2-8124,-44,1,2412,False,False
1778947273.9983933,control,ack,,d8:d7:75:45:81:24,d8:d7:75:45:81:24,,,,-59,1,2412,False,False
1778947274.096818,management,beacon,d8:d7:75:45:81:24,ff:ff:ff:ff:ff:ff,ff:ff:ff:ff:ff:ff,d8:d7:75:45:81:24,d8:d7:75:45:81:24,FunBox2-8124,-38,1,2412,False,False
1778947274.199231,management,beacon,d8:d7:75:45:81:24,ff:ff:ff:ff:ff:ff,ff:ff:ff:ff:ff:ff,d8:d7:75:45:81:24,d8:d7:75:45:81:24,FunBox2-8124,-39,1,2412,False,False
1778947274.4040241,management,beacon,d8:d7:75:45:81:24,ff:ff:ff:ff:ff:ff,ff:ff:ff:ff:ff:ff,d8:d7:75:45:81:24,d8:d7:75:45:81:24,FunBox2-8124,-38,1,2412,False,False
1778947274.405246,data,null_data,50:02:91:e8:18:ec,d8:d7:75:45:81:24,d8:d7:75:45:81:24,50:02:91:e8:18:ec,d8:d7:75:45:81:24,,-83,1,2412,False,False
1778947274.4052484,control,ack,,50:02:91:e8:18:ec,50:02:91:e8:18:ec,,,,-41,1,2412,False,False
1778947274.508712,management,beacon,d8:d7:75:45:81:24,ff:ff:ff:ff:ff:ff,ff:ff:ff:ff:ff:ff,d8:d7:75:45:81:24,d8:d7:75:45:81:24,FunBox2-8124,-46,1,2412,False,False
1778947274.6088488,management,beacon,d8:d7:75:45:81:24,ff:ff:ff:ff:ff:ff,ff:ff:ff:ff:ff:ff,d8:d7:75:45:81:24,d8:d7:75:45:81:24,FunBox2-8124,-38,1,2412,False,False
1778947274.6460967,data,null_data,50:02:91:e8:18:ec,d8:d7:75:45:81:24,d8:d7:75:45:81:24,50:02:91:e8:18:ec,d8:d7:75:45:81:24,,-83,1,2412,False,False
1778947274.6461096,control,ack,,50:02:91:e8:18:ec,50:02:91:e8:18:ec,,,,-42,1,2412,False,False
1778947274.711234,management,beacon,d8:d7:75:45:81:24,ff:ff:ff:ff:ff:ff,ff:ff:ff:ff:ff:ff,d8:d7:75:45:81:24,d8:d7:75:45:81:24,FunBox2-8124,-39,1,2412,False,False
1778947274.8136692,management,beacon,d8:d7:75:45:81:24,ff:ff:ff:ff:ff:ff,ff:ff:ff:ff:ff:ff,d8:d7:75:45:81:24,d8:d7:75:45:81:24,FunBox2-8124,-39,1,2412,False,False
1778947274.916102,management,beacon,d8:d7:75:45:81:24,ff:ff:ff:ff:ff:ff,ff:ff:ff:ff:ff:ff,d8:d7:75:45:81:24,d8:d7:75:45:81:24,FunBox2-8124,-39,1,2412,False,False
1778947275.018506,management,beacon,d8:d7:75:45:81:24,ff:ff:ff:ff:ff:ff,ff:ff:ff:ff:ff:ff,d8:d7:75:45:81:24,d8:d7:75:45:81:24,FunBox2-8124,-41,1,2412,False,False
1778947275.120876,management,beacon,d8:d7:75:45:81:24,ff:ff:ff:ff:ff:ff,ff:ff:ff:ff:ff:ff,d8:d7:75:45:81:24,d8:d7:75:45:81:24,FunBox2-8124,-41,1,2412,False,False
1778947275.2232559,management,beacon,d8:d7:75:45:81:24,ff:ff:ff:ff:ff:ff,ff:ff:ff:ff:ff:ff,d8:d7:75:45:81:24,d8:d7:75:45:81:24,FunBox2-8124,-39,1,2412,False,False
1778947275.428128,management,beacon,d8:d7:75:45:81:24,ff:ff:ff:ff:ff:ff,ff:ff:ff:ff:ff:ff,d8:d7:75:45:81:24,d8:d7:75:45:81:24,FunBox2-8124,-39,1,2412,False,False
1778947275.532734,management,beacon,d8:d7:75:45:81:24,ff:ff:ff:ff:ff:ff,ff:ff:ff:ff:ff:ff,d8:d7:75:45:81:24,d8:d7:75:45:81:24,FunBox2-8124,-42,1,2412,False,False
1778947275.6328948,management,beacon,d8:d7:75:45:81:24,ff:ff:ff:ff:ff:ff,ff:ff:ff:ff:ff:ff,d8:d7:75:45:81:24,d8:d7:75:45:81:24,FunBox2-8124,-38,1,2412,False,False
1778947275.735337,management,beacon,d8:d7:75:45:81:24,ff:ff:ff:ff:ff:ff,ff:ff:ff:ff:ff:ff,d8:d7:75:45:81:24,d8:d7:75:45:81:24,FunBox2-8124,-39,1,2412,False,False
1778947275.8377037,management,beacon,d8:d7:75:45:81:24,ff:ff:ff:ff:ff:ff,ff:ff:ff:ff:ff:ff,d8:d7:75:45:81:24,d8:d7:75:45:81:24,FunBox2-8124,-39,1,2412,False,False
1778947275.8389285,control,ack,,50:02:91:e8:18:ec,50:02:91:e8:18:ec,,,,-42,1,2412,False,False
1778947275.9400985,management,beacon,d8:d7:75:45:81:24,ff:ff:ff:ff:ff:ff,ff:ff:ff:ff:ff:ff,d8:d7:75:45:81:24,d8:d7:75:45:81:24,FunBox2-8124,-40,1,2412,False,False
1778947276.042497,management,beacon,d8:d7:75:45:81:24,ff:ff:ff:ff:ff:ff,ff:ff:ff:ff:ff:ff,d8:d7:75:45:81:24,d8:d7:75:45:81:24,FunBox2-8124,-39,1,2412,False,False
1778947276.0798843,data,null_data,50:02:91:e8:18:ec,d8:d7:75:45:81:24,d8:d7:75:45:81:24,50:02:91:e8:18:ec,d8:d7:75:45:81:24,,-82,1,2412,False,False
1778947276.0798938,control,ack,,50:02:91:e8:18:ec,50:02:91:e8:18:ec,,,,-42,1,2412,False,False
1778947276.1471777,management,beacon,d8:d7:75:45:81:24,ff:ff:ff:ff:ff:ff,ff:ff:ff:ff:ff:ff,d8:d7:75:45:81:24,d8:d7:75:45:81:24,FunBox2-8124,-42,1,2412,False,False
1778947276.2475345,management,beacon,d8:d7:75:45:81:24,ff:ff:ff:ff:ff:ff,ff:ff:ff:ff:ff:ff,d8:d7:75:45:81:24,d8:d7:75:45:81:24,FunBox2-8124,-39,1,2412,False,False
1778947276.3496993,management,beacon,d8:d7:75:45:81:24,ff:ff:ff:ff:ff:ff,ff:ff:ff:ff:ff:ff,d8:d7:75:45:81:24,d8:d7:75:45:81:24,FunBox2-8124,-38,1,2412,False,False
1778947276.4521208,management,beacon,d8:d7:75:45:81:24,ff:ff:ff:ff:ff:ff,ff:ff:ff:ff:ff:ff,d8:d7:75:45:81:24,d8:d7:75:45:81:24,FunBox2-8124,-39,1,2412,False,False
1778947276.5545037,management,beacon,d8:d7:75:45:81:24,ff:ff:ff:ff:ff:ff,ff:ff:ff:ff:ff:ff,d8:d7:75:45:81:24,d8:d7:75:45:81:24,FunBox2-8124,-38,1,2412,False,False
1778947276.6569097,management,beacon,d8:d7:75:45:81:24,ff:ff:ff:ff:ff:ff,ff:ff:ff:ff:ff:ff,d8:d7:75:45:81:24,d8:d7:75:45:81:24,FunBox2-8124,-39,1,2412,False,False
1778947276.7593145,management,beacon,d8:d7:75:45:81:24,ff:ff:ff:ff:ff:ff,ff:ff:ff:ff:ff:ff,d8:d7:75:45:81:24,d8:d7:75:45:81:24,FunBox2-8124,-39,1,2412,False,False
1778947276.9664419,management,beacon,d8:d7:75:45:81:24,ff:ff:ff:ff:ff:ff,ff:ff:ff:ff:ff:ff,d8:d7:75:45:81:24,d8:d7:75:45:81:24,FunBox2-8124,-41,1,2412,False,False
1778947277.0683074,management,beacon,d8:d7:75:45:81:24,ff:ff:ff:ff:ff:ff,ff:ff:ff:ff:ff:ff,d8:d7:75:45:81:24,d8:d7:75:45:81:24,FunBox2-8124,-39,1,2412,False,False
1778947277.1689663,management,beacon,d8:d7:75:45:81:24,ff:ff:ff:ff:ff:ff,ff:ff:ff:ff:ff:ff,d8:d7:75:45:81:24,d8:d7:75:45:81:24,FunBox2-8124,-39,1,2412,False,False
1778947277.271343,management,beacon,d8:d7:75:45:81:24,ff:ff:ff:ff:ff:ff,ff:ff:ff:ff:ff:ff,d8:d7:75:45:81:24,d8:d7:75:45:81:24,FunBox2-8124,-40,1,2412,False,False
1778947277.3737943,management,beacon,d8:d7:75:45:81:24,ff:ff:ff:ff:ff:ff,ff:ff:ff:ff:ff:ff,d8:d7:75:45:81:24,d8:d7:75:45:81:24,FunBox2-8124,-42,1,2412,False,False
1778947277.3749516,data,null_data,50:02:91:e8:18:ec,d8:d7:75:45:81:24,d8:d7:75:45:81:24,50:02:91:e8:18:ec,d8:d7:75:45:81:24,,-83,1,2412,False,False
1778947277.3749545,control,ack,,50:02:91:e8:18:ec,50:02:91:e8:18:ec,,,,-45,1,2412,False,False
1778947277.4761746,management,beacon,d8:d7:75:45:81:24,ff:ff:ff:ff:ff:ff,ff:ff:ff:ff:ff:ff,d8:d7:75:45:81:24,d8:d7:75:45:81:24,FunBox2-8124,-40,1,2412,False,False
1778947277.5785627,management,beacon,d8:d7:75:45:81:24,ff:ff:ff:ff:ff:ff,ff:ff:ff:ff:ff:ff,d8:d7:75:45:81:24,d8:d7:75:45:81:24,FunBox2-8124,-39,1,2412,False,False
1778947277.6158073,data,null_data,50:02:91:e8:18:ec,d8:d7:75:45:81:24,d8:d7:75:45:81:24,50:02:91:e8:18:ec,d8:d7:75:45:81:24,,-82,1,2412,False,False
1778947277.6158164,control,ack,,50:02:91:e8:18:ec,50:02:91:e8:18:ec,,,,-42,1,2412,False,False
1778947277.6809528,management,beacon,d8:d7:75:45:81:24,ff:ff:ff:ff:ff:ff,ff:ff:ff:ff:ff:ff,d8:d7:75:45:81:24,d8:d7:75:45:81:24,FunBox2-8124,-40,1,2412,False,False
1778947277.783879,management,beacon,d8:d7:75:45:81:24,ff:ff:ff:ff:ff:ff,ff:ff:ff:ff:ff:ff,d8:d7:75:45:81:24,d8:d7:75:45:81:24,FunBox2-8124,-43,1,2412,False,False
1778947277.885827,management,beacon,d8:d7:75:45:81:24,ff:ff:ff:ff:ff:ff,ff:ff:ff:ff:ff:ff,d8:d7:75:45:81:24,d8:d7:75:45:81:24,FunBox2-8124,-39,1,2412,False,False
1778947277.988163,management,beacon,d8:d7:75:45:81:24,ff:ff:ff:ff:ff:ff,ff:ff:ff:ff:ff:ff,d8:d7:75:45:81:24,d8:d7:75:45:81:24,FunBox2-8124,-41,1,2412,False,False
1778947278.092935,management,beacon,d8:d7:75:45:81:24,ff:ff:ff:ff:ff:ff,ff:ff:ff:ff:ff:ff,d8:d7:75:45:81:24,d8:d7:75:45:81:24,FunBox2-8124,-41,1,2412,False,False
1778947278.1930075,management,beacon,d8:d7:75:45:81:24,ff:ff:ff:ff:ff:ff,ff:ff:ff:ff:ff:ff,d8:d7:75:45:81:24,d8:d7:75:45:81:24,FunBox2-8124,-40,1,2412,False,False
1778947278.2953885,management,beacon,d8:d7:75:45:81:24,ff:ff:ff:ff:ff:ff,ff:ff:ff:ff:ff:ff,d8:d7:75:45:81:24,d8:d7:75:45:81:24,FunBox2-8124,-40,1,2412,False,False
1778947278.500198,management,beacon,d8:d7:75:45:81:24,ff:ff:ff:ff:ff:ff,ff:ff:ff:ff:ff:ff,d8:d7:75:45:81:24,d8:d7:75:45:81:24,FunBox2-8124,-40,1,2412,False,False
1778947278.6026561,management,beacon,d8:d7:75:45:81:24,ff:ff:ff:ff:ff:ff,ff:ff:ff:ff:ff:ff,d8:d7:75:45:81:24,d8:d7:75:45:81:24,FunBox2-8124,-40,1,2412,False,False
1778947278.7050047,management,beacon,d8:d7:75:45:81:24,ff:ff:ff:ff:ff:ff,ff:ff:ff:ff:ff:ff,d8:d7:75:45:81:24,d8:d7:75:45:81:24,FunBox2-8124,-39,1,2412,False,False
1778947278.706183,data,null_data,50:02:91:e8:18:ec,d8:d7:75:45:81:24,d8:d7:75:45:81:24,50:02:91:e8:18:ec,d8:d7:75:45:81:24,,-83,1,2412,False,False
1778947278.706185,control,ack,,50:02:91:e8:18:ec,50:02:91:e8:18:ec,,,,-41,1,2412,False,False
1778947278.80979,management,beacon,d8:d7:75:45:81:24,ff:ff:ff:ff:ff:ff,ff:ff:ff:ff:ff:ff,d8:d7:75:45:81:24,d8:d7:75:45:81:24,FunBox2-8124,-41,1,2412,False,False
1778947278.9108937,management,beacon,d8:d7:75:45:81:24,ff:ff:ff:ff:ff:ff,ff:ff:ff:ff:ff:ff,d8:d7:75:45:81:24,d8:d7:75:45:81:24,FunBox2-8124,-39,1,2412,False,False
1778947278.947058,data,null_data,50:02:91:e8:18:ec,d8:d7:75:45:81:24,d8:d7:75:45:81:24,50:02:91:e8:18:ec,d8:d7:75:45:81:24,,-82,1,2412,False,False
1778947278.9470704,control,ack,,50:02:91:e8:18:ec,50:02:91:e8:18:ec,,,,-42,1,2412,False,False
1778947279.0121999,management,beacon,d8:d7:75:45:81:24,ff:ff:ff:ff:ff:ff,ff:ff:ff:ff:ff:ff,d8:d7:75:45:81:24,d8:d7:75:45:81:24,FunBox2-8124,-39,1,2412,False,False
1778947279.1146035,management,beacon,d8:d7:75:45:81:24,ff:ff:ff:ff:ff:ff,ff:ff:ff:ff:ff:ff,d8:d7:75:45:81:24,d8:d7:75:45:81:24,FunBox2-8124,-39,1,2412,False,False
1778947279.2170224,management,beacon,d8:d7:75:45:81:24,ff:ff:ff:ff:ff:ff,ff:ff:ff:ff:ff:ff,d8:d7:75:45:81:24,d8:d7:75:45:81:24,FunBox2-8124,-39,1,2412,False,False
1778947279.2935703,management,beacon,ac:84:c6:41:71:22,ff:ff:ff:ff:ff:ff,ff:ff:ff:ff:ff:ff,ac:84:c6:41:71:22,ac:84:c6:41:71:22,TP-LINK_7122,-88,1,2412,False,False
1778947279.3194613,management,beacon,d8:d7:75:45:81:24,ff:ff:ff:ff:ff:ff,ff:ff:ff:ff:ff:ff,d8:d7:75:45:81:24,d8:d7:75:45:81:24,FunBox2-8124,-39,1,2412,False,False
1778947279.4218516,management,beacon,d8:d7:75:45:81:24,ff:ff:ff:ff:ff:ff,ff:ff:ff:ff:ff:ff,d8:d7:75:45:81:24,d8:d7:75:45:81:24,FunBox2-8124,-40,1,2412,False,False
1778947279.5242136,management,beacon,d8:d7:75:45:81:24,ff:ff:ff:ff:ff:ff,ff:ff:ff:ff:ff:ff,d8:d7:75:45:81:24,d8:d7:75:45:81:24,FunBox2-8124,-39,1,2412,False,False
1778947279.6266744,management,beacon,d8:d7:75:45:81:24,ff:ff:ff:ff:ff:ff,ff:ff:ff:ff:ff:ff,d8:d7:75:45:81:24,d8:d7:75:45:81:24,FunBox2-8124,-40,1,2412,False,False
1778947279.7290313,management,beacon,d8:d7:75:45:81:24,ff:ff:ff:ff:ff:ff,ff:ff:ff:ff:ff:ff,d8:d7:75:45:81:24,d8:d7:75:45:81:24,FunBox2-8124,-38,1,2412,False,False
1778947279.8211706,data,null_data,50:02:91:e8:18:ec,d8:d7:75:45:81:24,d8:d7:75:45:81:24,50:02:91:e8:18:ec,d8:d7:75:45:81:24,,-81,1,2412,False,False
1778947279.8211873,control,ack,,50:02:91:e8:18:ec,50:02:91:e8:18:ec,,,,-42,1,2412,False,False
1778947279.8314283,management,beacon,d8:d7:75:45:81:24,ff:ff:ff:ff:ff:ff,ff:ff:ff:ff:ff:ff,d8:d7:75:45:81:24,d8:d7:75:45:81:24,FunBox2-8124,-43,1,2412,False,False
1778947279.9338589,management,beacon,d8:d7:75:45:81:24,ff:ff:ff:ff:ff:ff,ff:ff:ff:ff:ff:ff,d8:d7:75:45:81:24,d8:d7:75:45:81:24,FunBox2-8124,-38,1,2412,False,False
1778947280.0362718,management,beacon,d8:d7:75:45:81:24,ff:ff:ff:ff:ff:ff,ff:ff:ff:ff:ff:ff,d8:d7:75:45:81:24,d8:d7:75:45:81:24,FunBox2-8124,-38,1,2412,False,False
1778947280.0625033,data,null_data,50:02:91:e8:18:ec,d8:d7:75:45:81:24,d8:d7:75:45:81:24,50:02:91:e8:18:ec,d8:d7:75:45:81:24,,-82,1,2412,False,False
1778947280.062511,control,ack,,50:02:91:e8:18:ec,50:02:91:e8:18:ec,,,,-41,1,2412,False,False
1778947280.1386795,management,beacon,d8:d7:75:45:81:24,ff:ff:ff:ff:ff:ff,ff:ff:ff:ff:ff:ff,d8:d7:75:45:81:24,d8:d7:75:45:81:24,FunBox2-8124,-40,1,2412,False,False
1778947280.2410467,management,beacon,d8:d7:75:45:81:24,ff:ff:ff:ff:ff:ff,ff:ff:ff:ff:ff:ff,d8:d7:75:45:81:24,d8:d7:75:45:81:24,FunBox2-8124,-39,1,2412,False,False
1778947280.3434484,management,beacon,d8:d7:75:45:81:24,ff:ff:ff:ff:ff:ff,ff:ff:ff:ff:ff:ff,d8:d7:75:45:81:24,d8:d7:75:45:81:24,FunBox2-8124,-39,1,2412,False,False
1778947280.4458466,management,beacon,d8:d7:75:45:81:24,ff:ff:ff:ff:ff:ff,ff:ff:ff:ff:ff:ff,d8:d7:75:45:81:24,d8:d7:75:45:81:24,FunBox2-8124,-42,1,2412,False,False
1778947280.548275,management,beacon,d8:d7:75:45:81:24,ff:ff:ff:ff:ff:ff,ff:ff:ff:ff:ff:ff,d8:d7:75:45:81:24,d8:d7:75:45:81:24,FunBox2-8124,-39,1,2412,False,False
1778947280.6507142,management,beacon,d8:d7:75:45:81:24,ff:ff:ff:ff:ff:ff,ff:ff:ff:ff:ff:ff,d8:d7:75:45:81:24,d8:d7:75:45:81:24,FunBox2-8124,-39,1,2412,False,False
1778947280.7530732,management,beacon,d8:d7:75:45:81:24,ff:ff:ff:ff:ff:ff,ff:ff:ff:ff:ff:ff,d8:d7:75:45:81:24,d8:d7:75:45:81:24,FunBox2-8124,-40,1,2412,False,False
1778947280.85547,management,beacon,d8:d7:75:45:81:24,ff:ff:ff:ff:ff:ff,ff:ff:ff:ff:ff:ff,d8:d7:75:45:81:24,d8:d7:75:45:81:24,FunBox2-8124,-41,1,2412,False,False
1778947280.957901,management,beacon,d8:d7:75:45:81:24,ff:ff:ff:ff:ff:ff,ff:ff:ff:ff:ff:ff,d8:d7:75:45:81:24,d8:d7:75:45:81:24,FunBox2-8124,-39,1,2412,False,False
1778947281.0603154,management,beacon,d8:d7:75:45:81:24,ff:ff:ff:ff:ff:ff,ff:ff:ff:ff:ff:ff,d8:d7:75:45:81:24,d8:d7:75:45:81:24,FunBox2-8124,-38,1,2412,False,False
1778947281.1646736,management,beacon,d8:d7:75:45:81:24,ff:ff:ff:ff:ff:ff,ff:ff:ff:ff:ff:ff,d8:d7:75:45:81:24,d8:d7:75:45:81:24,FunBox2-8124,-38,1,2412,False,False
1778947281.2650802,management,beacon,d8:d7:75:45:81:24,ff:ff:ff:ff:ff:ff,ff:ff:ff:ff:ff:ff,d8:d7:75:45:81:24,d8:d7:75:45:81:24,FunBox2-8124,-38,1,2412,False,False
1778947281.369881,management,beacon,d8:d7:75:45:81:24,ff:ff:ff:ff:ff:ff,ff:ff:ff:ff:ff:ff,d8:d7:75:45:81:24,d8:d7:75:45:81:24,FunBox2-8124,-41,1,2412,False,False
1778947281.3713748,data,null_data,50:02:91:e8:18:ec,d8:d7:75:45:81:24,d8:d7:75:45:81:24,50:02:91:e8:18:ec,d8:d7:75:45:81:24,,-80,1,2412,False,False
1778947281.3713782,control,ack,,50:02:91:e8:18:ec,50:02:91:e8:18:ec,,,,-44,1,2412,False,False
1778947281.3713796,data,null_data,50:02:91:e8:18:ec,d8:d7:75:45:81:24,d8:d7:75:45:81:24,50:02:91:e8:18:ec,d8:d7:75:45:81:24,,-82,1,2412,False,True
1778947281.3713806,control,ack,,50:02:91:e8:18:ec,50:02:91:e8:18:ec,,,,-45,1,2412,False,False
1778947281.4722927,management,beacon,d8:d7:75:45:81:24,ff:ff:ff:ff:ff:ff,ff:ff:ff:ff:ff:ff,d8:d7:75:45:81:24,d8:d7:75:45:81:24,FunBox2-8124,-44,1,2412,False,False
1778947281.572339,management,beacon,d8:d7:75:45:81:24,ff:ff:ff:ff:ff:ff,ff:ff:ff:ff:ff:ff,d8:d7:75:45:81:24,d8:d7:75:45:81:24,FunBox2-8124,-38,1,2412,False,False
1778947281.6122367,data,null_data,50:02:91:e8:18:ec,d8:d7:75:45:81:24,d8:d7:75:45:81:24,50:02:91:e8:18:ec,d8:d7:75:45:81:24,,-83,1,2412,False,False
1778947281.6122503,control,ack,,50:02:91:e8:18:ec,50:02:91:e8:18:ec,,,,-42,1,2412,False,False
1778947281.6746938,management,beacon,d8:d7:75:45:81:24,ff:ff:ff:ff:ff:ff,ff:ff:ff:ff:ff:ff,d8:d7:75:45:81:24,d8:d7:75:45:81:24,FunBox2-8124,-41,1,2412,False,False
1778947281.7771132,management,beacon,d8:d7:75:45:81:24,ff:ff:ff:ff:ff:ff,ff:ff:ff:ff:ff:ff,d8:d7:75:45:81:24,d8:d7:75:45:81:24,FunBox2-8124,-39,1,2412,False,False
1778947281.8795044,management,beacon,d8:d7:75:45:81:24,ff:ff:ff:ff:ff:ff,ff:ff:ff:ff:ff:ff,d8:d7:75:45:81:24,d8:d7:75:45:81:24,FunBox2-8124,-45,1,2412,False,False
1778947281.981956,management,beacon,d8:d7:75:45:81:24,ff:ff:ff:ff:ff:ff,ff:ff:ff:ff:ff:ff,d8:d7:75:45:81:24,d8:d7:75:45:81:24,FunBox2-8124,-40,1,2412,False,False
1778947282.0867224,management,beacon,d8:d7:75:45:81:24,ff:ff:ff:ff:ff:ff,ff:ff:ff:ff:ff:ff,d8:d7:75:45:81:24,d8:d7:75:45:81:24,FunBox2-8124,-41,1,2412,False,False
1778947282.1867414,management,beacon,d8:d7:75:45:81:24,ff:ff:ff:ff:ff:ff,ff:ff:ff:ff:ff:ff,d8:d7:75:45:81:24,d8:d7:75:45:81:24,FunBox2-8124,-37,1,2412,False,False
1778947282.289117,management,beacon,d8:d7:75:45:81:24,ff:ff:ff:ff:ff:ff,ff:ff:ff:ff:ff:ff,d8:d7:75:45:81:24,d8:d7:75:45:81:24,FunBox2-8124,-39,1,2412,False,False
1778947282.3915722,management,beacon,d8:d7:75:45:81:24,ff:ff:ff:ff:ff:ff,ff:ff:ff:ff:ff:ff,d8:d7:75:45:81:24,d8:d7:75:45:81:24,FunBox2-8124,-38,1,2412,False,False
1778947282.4939454,management,beacon,d8:d7:75:45:81:24,ff:ff:ff:ff:ff:ff,ff:ff:ff:ff:ff:ff,d8:d7:75:45:81:24,d8:d7:75:45:81:24,FunBox2-8124,-38,1,2412,False,False
1778947282.596379,management,beacon,d8:d7:75:45:81:24,ff:ff:ff:ff:ff:ff,ff:ff:ff:ff:ff:ff,d8:d7:75:45:81:24,d8:d7:75:45:81:24,FunBox2-8124,-38,1,2412,False,False
1778947282.5975456,data,null_data,50:02:91:e8:18:ec,d8:d7:75:45:81:24,d8:d7:75:45:81:24,50:02:91:e8:18:ec,d8:d7:75:45:81:24,,-82,1,2412,False,False
1778947282.5975487,control,ack,,50:02:91:e8:18:ec,50:02:91:e8:18:ec,,,,-42,1,2412,False,False
1778947282.6987855,management,beacon,d8:d7:75:45:81:24,ff:ff:ff:ff:ff:ff,ff:ff:ff:ff:ff:ff,d8:d7:75:45:81:24,d8:d7:75:45:81:24,FunBox2-8124,-39,1,2412,False,False
1778947282.8011606,management,beacon,d8:d7:75:45:81:24,ff:ff:ff:ff:ff:ff,ff:ff:ff:ff:ff:ff,d8:d7:75:45:81:24,d8:d7:75:45:81:24,FunBox2-8124,-38,1,2412,False,False
1778947282.838406,data,null_data,50:02:91:e8:18:ec,d8:d7:75:45:81:24,d8:d7:75:45:81:24,50:02:91:e8:18:ec,d8:d7:75:45:81:24,,-82,1,2412,False,False
1778947282.8384135,control,ack,,50:02:91:e8:18:ec,50:02:91:e8:18:ec,,,,-41,1,2412,False,False
1778947282.9060016,management,beacon,d8:d7:75:45:81:24,ff:ff:ff:ff:ff:ff,ff:ff:ff:ff:ff:ff,d8:d7:75:45:81:24,d8:d7:75:45:81:24,FunBox2-8124,-41,1,2412,False,False
1778947283.0059612,management,beacon,d8:d7:75:45:81:24,ff:ff:ff:ff:ff:ff,ff:ff:ff:ff:ff:ff,d8:d7:75:45:81:24,d8:d7:75:45:81:24,FunBox2-8124,-38,1,2412,False,False
1778947283.1083777,management,beacon,d8:d7:75:45:81:24,ff:ff:ff:ff:ff:ff,ff:ff:ff:ff:ff:ff,d8:d7:75:45:81:24,d8:d7:75:45:81:24,FunBox2-8124,-45,1,2412,False,False
1778947283.210756,management,beacon,d8:d7:75:45:81:24,ff:ff:ff:ff:ff:ff,ff:ff:ff:ff:ff:ff,d8:d7:75:45:81:24,d8:d7:75:45:81:24,FunBox2-8124,-39,1,2412,False,False
1778947283.3131852,management,beacon,d8:d7:75:45:81:24,ff:ff:ff:ff:ff:ff,ff:ff:ff:ff:ff:ff,d8:d7:75:45:81:24,d8:d7:75:45:81:24,FunBox2-8124,-39,1,2412,False,False
1778947283.4155788,management,beacon,d8:d7:75:45:81:24,ff:ff:ff:ff:ff:ff,ff:ff:ff:ff:ff:ff,d8:d7:75:45:81:24,d8:d7:75:45:81:24,FunBox2-8124,-40,1,2412,False,False
1778947283.5180051,management,beacon,d8:d7:75:45:81:24,ff:ff:ff:ff:ff:ff,ff:ff:ff:ff:ff:ff,d8:d7:75:45:81:24,d8:d7:75:45:81:24,FunBox2-8124,-39,1,2412,False,False
1778947283.7227745,management,beacon,d8:d7:75:45:81:24,ff:ff:ff:ff:ff:ff,ff:ff:ff:ff:ff:ff,d8:d7:75:45:81:24,d8:d7:75:45:81:24,FunBox2-8124,-40,1,2412,False,False
1778947283.8276343,management,beacon,d8:d7:75:45:81:24,ff:ff:ff:ff:ff:ff,ff:ff:ff:ff:ff:ff,d8:d7:75:45:81:24,d8:d7:75:45:81:24,FunBox2-8124,-41,1,2412,False,False
1778947283.9276128,management,beacon,d8:d7:75:45:81:24,ff:ff:ff:ff:ff:ff,ff:ff:ff:ff:ff:ff,d8:d7:75:45:81:24,d8:d7:75:45:81:24,FunBox2-8124,-42,1,2412,False,False
1778947284.0300462,management,beacon,d8:d7:75:45:81:24,ff:ff:ff:ff:ff:ff,ff:ff:ff:ff:ff:ff,d8:d7:75:45:81:24,d8:d7:75:45:81:24,FunBox2-8124,-39,1,2412,False,False
1778947284.1348472,management,beacon,d8:d7:75:45:81:24,ff:ff:ff:ff:ff:ff,ff:ff:ff:ff:ff:ff,d8:d7:75:45:81:24,d8:d7:75:45:81:24,FunBox2-8124,-41,1,2412,False,False
1778947284.1360142,data,null_data,50:02:91:e8:18:ec,d8:d7:75:45:81:24,d8:d7:75:45:81:24,50:02:91:e8:18:ec,d8:d7:75:45:81:24,,-82,1,2412,False,False
1778947284.1360173,control,ack,,50:02:91:e8:18:ec,50:02:91:e8:18:ec,,,,-45,1,2412,False,False
1778947284.2348366,management,beacon,d8:d7:75:45:81:24,ff:ff:ff:ff:ff:ff,ff:ff:ff:ff:ff:ff,d8:d7:75:45:81:24,d8:d7:75:45:81:24,FunBox2-8124,-39,1,2412,False,False
1778947284.3372312,management,beacon,d8:d7:75:45:81:24,ff:ff:ff:ff:ff:ff,ff:ff:ff:ff:ff:ff,d8:d7:75:45:81:24,d8:d7:75:45:81:24,FunBox2-8124,-39,1,2412,False,False
1778947284.3768861,data,null_data,50:02:91:e8:18:ec,d8:d7:75:45:81:24,d8:d7:75:45:81:24,50:02:91:e8:18:ec,d8:d7:75:45:81:24,,-83,1,2412,False,False
1778947284.3769014,control,ack,,50:02:91:e8:18:ec,50:02:91:e8:18:ec,,,,-40,1,2412,False,False
1778947284.439666,management,beacon,d8:d7:75:45:81:24,ff:ff:ff:ff:ff:ff,ff:ff:ff:ff:ff:ff,d8:d7:75:45:81:24,d8:d7:75:45:81:24,FunBox2-8124,-39,1,2412,False,False
1778947284.5444462,management,beacon,d8:d7:75:45:81:24,ff:ff:ff:ff:ff:ff,ff:ff:ff:ff:ff:ff,d8:d7:75:45:81:24,d8:d7:75:45:81:24,FunBox2-8124,-42,1,2412,False,False
1778947284.7468095,management,beacon,d8:d7:75:45:81:24,ff:ff:ff:ff:ff:ff,ff:ff:ff:ff:ff:ff,d8:d7:75:45:81:24,d8:d7:75:45:81:24,FunBox2-8124,-38,1,2412,False,False
1778947284.8492637,management,beacon,d8:d7:75:45:81:24,ff:ff:ff:ff:ff:ff,ff:ff:ff:ff:ff:ff,d8:d7:75:45:81:24,d8:d7:75:45:81:24,FunBox2-8124,-38,1,2412,False,False
1778947284.9516468,management,beacon,d8:d7:75:45:81:24,ff:ff:ff:ff:ff:ff,ff:ff:ff:ff:ff:ff,d8:d7:75:45:81:24,d8:d7:75:45:81:24,FunBox2-8124,-37,1,2412,False,False
1778947285.054031,management,beacon,d8:d7:75:45:81:24,ff:ff:ff:ff:ff:ff,ff:ff:ff:ff:ff:ff,d8:d7:75:45:81:24,d8:d7:75:45:81:24,FunBox2-8124,-37,1,2412,False,False
1778947285.2612767,management,beacon,d8:d7:75:45:81:24,ff:ff:ff:ff:ff:ff,ff:ff:ff:ff:ff:ff,d8:d7:75:45:81:24,d8:d7:75:45:81:24,FunBox2-8124,-48,1,2412,False,False
1778947285.3612914,management,beacon,d8:d7:75:45:81:24,ff:ff:ff:ff:ff:ff,ff:ff:ff:ff:ff:ff,d8:d7:75:45:81:24,d8:d7:75:45:81:24,FunBox2-8124,-38,1,2412,False,False
1778947285.463666,management,beacon,d8:d7:75:45:81:24,ff:ff:ff:ff:ff:ff,ff:ff:ff:ff:ff:ff,d8:d7:75:45:81:24,d8:d7:75:45:81:24,FunBox2-8124,-39,1,2412,False,False
1778947285.464858,data,null_data,50:02:91:e8:18:ec,d8:d7:75:45:81:24,d8:d7:75:45:81:24,50:02:91:e8:18:ec,d8:d7:75:45:81:24,,-84,1,2412,False,False
1778947285.4648604,control,ack,,50:02:91:e8:18:ec,50:02:91:e8:18:ec,,,,-42,1,2412,False,False
1778947285.5660555,management,beacon,d8:d7:75:45:81:24,ff:ff:ff:ff:ff:ff,ff:ff:ff:ff:ff:ff,d8:d7:75:45:81:24,d8:d7:75:45:81:24,FunBox2-8124,-42,1,2412,False,False
1778947285.7057235,data,null_data,50:02:91:e8:18:ec,d8:d7:75:45:81:24,d8:d7:75:45:81:24,50:02:91:e8:18:ec,d8:d7:75:45:81:24,,-82,1,2412,False,False
1778947285.7057338,control,ack,,50:02:91:e8:18:ec,50:02:91:e8:18:ec,,,,-44,1,2412,False,False
1778947285.7708738,management,beacon,d8:d7:75:45:81:24,ff:ff:ff:ff:ff:ff,ff:ff:ff:ff:ff:ff,d8:d7:75:45:81:24,d8:d7:75:45:81:24,FunBox2-8124,-42,1,2412,False,False
1778947285.8757331,management,beacon,d8:d7:75:45:81:24,ff:ff:ff:ff:ff:ff,ff:ff:ff:ff:ff:ff,d8:d7:75:45:81:24,d8:d7:75:45:81:24,FunBox2-8124,-49,1,2412,False,False
1778947285.9733598,management,probe_request,0a:99:ff:50:12:19,ff:ff:ff:ff:ff:ff,ff:ff:ff:ff:ff:ff,0a:99:ff:50:12:19,ff:ff:ff:ff:ff:ff,<hidden>,-49,1,2412,False,False
1778947285.97366,control,ack,,0a:99:ff:50:12:19,0a:99:ff:50:12:19,,,,-85,1,2412,False,False
1778947285.9763286,management,beacon,d8:d7:75:45:81:24,ff:ff:ff:ff:ff:ff,ff:ff:ff:ff:ff:ff,d8:d7:75:45:81:24,d8:d7:75:45:81:24,FunBox2-8124,-47,1,2412,False,False
1778947285.9834075,control,ack,,ac:84:c6:41:71:22,ac:84:c6:41:71:22,,,,-49,1,2412,False,False
1778947285.9937408,management,probe_response,d8:d7:75:45:81:24,0a:99:ff:50:12:19,0a:99:ff:50:12:19,d8:d7:75:45:81:24,d8:d7:75:45:81:24,FunBox2-8124,-41,1,2412,False,False
1778947285.9940226,control,ack,,d8:d7:75:45:81:24,d8:d7:75:45:81:24,,,,-51,1,2412,False,False
1778947285.9958093,management,probe_request,0a:99:ff:50:12:19,ff:ff:ff:ff:ff:ff,ff:ff:ff:ff:ff:ff,0a:99:ff:50:12:19,ff:ff:ff:ff:ff:ff,<hidden>,-50,1,2412,False,False
1778947285.9992821,management,probe_response,d8:d7:75:45:81:24,0a:99:ff:50:12:19,0a:99:ff:50:12:19,d8:d7:75:45:81:24,d8:d7:75:45:81:24,FunBox2-8124,-43,1,2412,False,False
1778947285.9995902,control,ack,,d8:d7:75:45:81:24,d8:d7:75:45:81:24,,,,-50,1,2412,False,False
1778947286.2829208,management,beacon,d8:d7:75:45:81:24,ff:ff:ff:ff:ff:ff,ff:ff:ff:ff:ff:ff,d8:d7:75:45:81:24,d8:d7:75:45:81:24,FunBox2-8124,-42,1,2412,False,False
1778947286.3853235,management,beacon,d8:d7:75:45:81:24,ff:ff:ff:ff:ff:ff,ff:ff:ff:ff:ff:ff,d8:d7:75:45:81:24,d8:d7:75:45:81:24,FunBox2-8124,-39,1,2412,False,False
1778947286.4877007,management,beacon,d8:d7:75:45:81:24,ff:ff:ff:ff:ff:ff,ff:ff:ff:ff:ff:ff,d8:d7:75:45:81:24,d8:d7:75:45:81:24,FunBox2-8124,-42,1,2412,False,False
1778947286.5900846,management,beacon,d8:d7:75:45:81:24,ff:ff:ff:ff:ff:ff,ff:ff:ff:ff:ff:ff,d8:d7:75:45:81:24,d8:d7:75:45:81:24,FunBox2-8124,-43,1,2412,False,False
1778947286.794934,management,beacon,d8:d7:75:45:81:24,ff:ff:ff:ff:ff:ff,ff:ff:ff:ff:ff:ff,d8:d7:75:45:81:24,d8:d7:75:45:81:24,FunBox2-8124,-39,1,2412,False,False
1778947286.8973162,management,beacon,d8:d7:75:45:81:24,ff:ff:ff:ff:ff:ff,ff:ff:ff:ff:ff:ff,d8:d7:75:45:81:24,d8:d7:75:45:81:24,FunBox2-8124,-47,1,2412,False,False
1778947286.8985186,data,null_data,50:02:91:e8:18:ec,d8:d7:75:45:81:24,d8:d7:75:45:81:24,50:02:91:e8:18:ec,d8:d7:75:45:81:24,,-82,1,2412,False,False
1778947286.8985214,control,ack,,50:02:91:e8:18:ec,50:02:91:e8:18:ec,,,,-51,1,2412,False,False
1778947287.0021734,management,beacon,d8:d7:75:45:81:24,ff:ff:ff:ff:ff:ff,ff:ff:ff:ff:ff:ff,d8:d7:75:45:81:24,d8:d7:75:45:81:24,FunBox2-8124,-47,1,2412,False,False
1778947287.1021364,management,beacon,d8:d7:75:45:81:24,ff:ff:ff:ff:ff:ff,ff:ff:ff:ff:ff:ff,d8:d7:75:45:81:24,d8:d7:75:45:81:24,FunBox2-8124,-41,1,2412,False,False
1778947287.1395013,data,null_data,50:02:91:e8:18:ec,d8:d7:75:45:81:24,d8:d7:75:45:81:24,50:02:91:e8:18:ec,d8:d7:75:45:81:24,,-82,1,2412,False,True
1778947287.3069115,management,beacon,d8:d7:75:45:81:24,ff:ff:ff:ff:ff:ff,ff:ff:ff:ff:ff:ff,d8:d7:75:45:81:24,d8:d7:75:45:81:24,FunBox2-8124,-41,1,2412,False,False
1778947287.409322,management,beacon,d8:d7:75:45:81:24,ff:ff:ff:ff:ff:ff,ff:ff:ff:ff:ff:ff,d8:d7:75:45:81:24,d8:d7:75:45:81:24,FunBox2-8124,-42,1,2412,False,False
1778947287.5117087,management,beacon,d8:d7:75:45:81:24,ff:ff:ff:ff:ff:ff,ff:ff:ff:ff:ff:ff,d8:d7:75:45:81:24,d8:d7:75:45:81:24,FunBox2-8124,-39,1,2412,False,False
1778947287.6141143,management,beacon,d8:d7:75:45:81:24,ff:ff:ff:ff:ff:ff,ff:ff:ff:ff:ff:ff,d8:d7:75:45:81:24,d8:d7:75:45:81:24,FunBox2-8124,-40,1,2412,False,False
1778947287.8189254,management,beacon,d8:d7:75:45:81:24,ff:ff:ff:ff:ff:ff,ff:ff:ff:ff:ff:ff,d8:d7:75:45:81:24,d8:d7:75:45:81:24,FunBox2-8124,-47,1,2412,False,False
1778947287.921356,management,beacon,d8:d7:75:45:81:24,ff:ff:ff:ff:ff:ff,ff:ff:ff:ff:ff:ff,d8:d7:75:45:81:24,d8:d7:75:45:81:24,FunBox2-8124,-53,1,2412,False,False
1778947288.0237274,management,beacon,d8:d7:75:45:81:24,ff:ff:ff:ff:ff:ff,ff:ff:ff:ff:ff:ff,d8:d7:75:45:81:24,d8:d7:75:45:81:24,FunBox2-8124,-53,1,2412,False,False
1778947288.126156,management,beacon,d8:d7:75:45:81:24,ff:ff:ff:ff:ff:ff,ff:ff:ff:ff:ff:ff,d8:d7:75:45:81:24,d8:d7:75:45:81:24,FunBox2-8124,-54,1,2412,False,False
1778947288.3309426,management,beacon,d8:d7:75:45:81:24,ff:ff:ff:ff:ff:ff,ff:ff:ff:ff:ff:ff,d8:d7:75:45:81:24,d8:d7:75:45:81:24,FunBox2-8124,-43,1,2412,False,False
1778947288.4333446,management,beacon,d8:d7:75:45:81:24,ff:ff:ff:ff:ff:ff,ff:ff:ff:ff:ff:ff,d8:d7:75:45:81:24,d8:d7:75:45:81:24,FunBox2-8124,-43,1,2412,False,False
1778947288.5357637,management,beacon,d8:d7:75:45:81:24,ff:ff:ff:ff:ff:ff,ff:ff:ff:ff:ff:ff,d8:d7:75:45:81:24,d8:d7:75:45:81:24,FunBox2-8124,-45,1,2412,False,False
1778947288.6382067,management,beacon,d8:d7:75:45:81:24,ff:ff:ff:ff:ff:ff,ff:ff:ff:ff:ff:ff,d8:d7:75:45:81:24,d8:d7:75:45:81:24,FunBox2-8124,-46,1,2412,False,False
1778947288.8430183,management,beacon,d8:d7:75:45:81:24,ff:ff:ff:ff:ff:ff,ff:ff:ff:ff:ff:ff,d8:d7:75:45:81:24,d8:d7:75:45:81:24,FunBox2-8124,-49,1,2412,False,False
1778947288.8485243,data,null_data,50:02:91:e8:18:ec,d8:d7:75:45:81:24,d8:d7:75:45:81:24,50:02:91:e8:18:ec,d8:d7:75:45:81:24,,-81,1,2412,False,False
1778947288.848531,control,ack,,50:02:91:e8:18:ec,50:02:91:e8:18:ec,,,,-48,1,2412,False,False
1778947288.9453678,management,beacon,d8:d7:75:45:81:24,ff:ff:ff:ff:ff:ff,ff:ff:ff:ff:ff:ff,d8:d7:75:45:81:24,d8:d7:75:45:81:24,FunBox2-8124,-55,1,2412,False,False
1778947289.0477972,management,beacon,d8:d7:75:45:81:24,ff:ff:ff:ff:ff:ff,ff:ff:ff:ff:ff:ff,d8:d7:75:45:81:24,d8:d7:75:45:81:24,FunBox2-8124,-52,1,2412,False,False
1778947289.0893219,data,null_data,50:02:91:e8:18:ec,d8:d7:75:45:81:24,d8:d7:75:45:81:24,50:02:91:e8:18:ec,d8:d7:75:45:81:24,,-81,1,2412,False,False
1778947289.0895865,data,null_data,50:02:91:e8:18:ec,d8:d7:75:45:81:24,d8:d7:75:45:81:24,50:02:91:e8:18:ec,d8:d7:75:45:81:24,,-83,1,2412,False,True
1778947289.089588,control,ack,,50:02:91:e8:18:ec,50:02:91:e8:18:ec,,,,-54,1,2412,False,False
1778947289.1501682,management,beacon,d8:d7:75:45:81:24,ff:ff:ff:ff:ff:ff,ff:ff:ff:ff:ff:ff,d8:d7:75:45:81:24,d8:d7:75:45:81:24,FunBox2-8124,-51,1,2412,False,False
1778947289.2526062,management,beacon,d8:d7:75:45:81:24,ff:ff:ff:ff:ff:ff,ff:ff:ff:ff:ff:ff,d8:d7:75:45:81:24,d8:d7:75:45:81:24,FunBox2-8124,-53,1,2412,False,False
1778947289.355896,management,beacon,d8:d7:75:45:81:24,ff:ff:ff:ff:ff:ff,ff:ff:ff:ff:ff:ff,d8:d7:75:45:81:24,d8:d7:75:45:81:24,FunBox2-8124,-56,1,2412,False,False
1778947289.457382,management,beacon,d8:d7:75:45:81:24,ff:ff:ff:ff:ff:ff,ff:ff:ff:ff:ff:ff,d8:d7:75:45:81:24,d8:d7:75:45:81:24,FunBox2-8124,-52,1,2412,False,False
1778947289.559818,management,beacon,d8:d7:75:45:81:24,ff:ff:ff:ff:ff:ff,ff:ff:ff:ff:ff:ff,d8:d7:75:45:81:24,d8:d7:75:45:81:24,FunBox2-8124,-46,1,2412,False,False
1778947289.6622307,management,beacon,d8:d7:75:45:81:24,ff:ff:ff:ff:ff:ff,ff:ff:ff:ff:ff:ff,d8:d7:75:45:81:24,d8:d7:75:45:81:24,FunBox2-8124,-52,1,2412,False,False
1778947289.7646174,management,beacon,d8:d7:75:45:81:24,ff:ff:ff:ff:ff:ff,ff:ff:ff:ff:ff:ff,d8:d7:75:45:81:24,d8:d7:75:45:81:24,FunBox2-8124,-53,1,2412,False,False
1778947289.821717,data,null_data,50:02:91:e8:18:ec,d8:d7:75:45:81:24,d8:d7:75:45:81:24,50:02:91:e8:18:ec,d8:d7:75:45:81:24,,-81,1,2412,False,False
1778947289.821726,control,ack,,50:02:91:e8:18:ec,50:02:91:e8:18:ec,,,,-56,1,2412,False,False
1778947289.8670664,management,beacon,d8:d7:75:45:81:24,ff:ff:ff:ff:ff:ff,ff:ff:ff:ff:ff:ff,d8:d7:75:45:81:24,d8:d7:75:45:81:24,FunBox2-8124,-54,1,2412,False,False
1778947289.9959514,management,beacon,d8:d7:75:45:81:24,ff:ff:ff:ff:ff:ff,ff:ff:ff:ff:ff:ff,d8:d7:75:45:81:24,d8:d7:75:45:81:24,FunBox2-8124,-44,1,2412,False,False
1778947290.063039,data,null_data,50:02:91:e8:18:ec,d8:d7:75:45:81:24,d8:d7:75:45:81:24,50:02:91:e8:18:ec,d8:d7:75:45:81:24,,-81,1,2412,False,False
1778947290.0630503,control,ack,,50:02:91:e8:18:ec,50:02:91:e8:18:ec,,,,-54,1,2412,False,False
1778947290.1742105,management,beacon,d8:d7:75:45:81:24,ff:ff:ff:ff:ff:ff,ff:ff:ff:ff:ff:ff,d8:d7:75:45:81:24,d8:d7:75:45:81:24,FunBox2-8124,-50,1,2412,False,False
1778947290.2766764,management,beacon,d8:d7:75:45:81:24,ff:ff:ff:ff:ff:ff,ff:ff:ff:ff:ff:ff,d8:d7:75:45:81:24,d8:d7:75:45:81:24,FunBox2-8124,-44,1,2412,False,False
1778947290.278193,control,ack,,d8:d7:75:45:81:24,d8:d7:75:45:81:24,,,,-78,1,2412,False,False
1778947290.2781963,data,null_data,50:02:91:e8:18:ec,d8:d7:75:45:81:24,d8:d7:75:45:81:24,50:02:91:e8:18:ec,d8:d7:75:45:81:24,,-79,1,2412,False,False
1778947290.278198,control,ack,,50:02:91:e8:18:ec,50:02:91:e8:18:ec,,,,-49,1,2412,False,False
1778947290.379041,management,beacon,d8:d7:75:45:81:24,ff:ff:ff:ff:ff:ff,ff:ff:ff:ff:ff:ff,d8:d7:75:45:81:24,d8:d7:75:45:81:24,FunBox2-8124,-46,1,2412,False,False
1778947290.4814253,management,beacon,d8:d7:75:45:81:24,ff:ff:ff:ff:ff:ff,ff:ff:ff:ff:ff:ff,d8:d7:75:45:81:24,d8:d7:75:45:81:24,FunBox2-8124,-48,1,2412,False,False
1778947290.5190973,data,null_data,50:02:91:e8:18:ec,d8:d7:75:45:81:24,d8:d7:75:45:81:24,50:02:91:e8:18:ec,d8:d7:75:45:81:24,,-79,1,2412,False,False
1778947290.5191052,control,ack,,50:02:91:e8:18:ec,50:02:91:e8:18:ec,,,,-48,1,2412,False,False
1778947290.583875,management,beacon,d8:d7:75:45:81:24,ff:ff:ff:ff:ff:ff,ff:ff:ff:ff:ff:ff,d8:d7:75:45:81:24,d8:d7:75:45:81:24,FunBox2-8124,-46,1,2412,False,False
1778947290.6862512,management,beacon,d8:d7:75:45:81:24,ff:ff:ff:ff:ff:ff,ff:ff:ff:ff:ff:ff,d8:d7:75:45:81:24,d8:d7:75:45:81:24,FunBox2-8124,-46,1,2412,False,False
1778947290.7886527,management,beacon,d8:d7:75:45:81:24,ff:ff:ff:ff:ff:ff,ff:ff:ff:ff:ff:ff,d8:d7:75:45:81:24,d8:d7:75:45:81:24,FunBox2-8124,-45,1,2412,False,False
1778947290.8936336,management,beacon,d8:d7:75:45:81:24,ff:ff:ff:ff:ff:ff,ff:ff:ff:ff:ff:ff,d8:d7:75:45:81:24,d8:d7:75:45:81:24,FunBox2-8124,-49,1,2412,False,False
1778947290.993437,management,beacon,d8:d7:75:45:81:24,ff:ff:ff:ff:ff:ff,ff:ff:ff:ff:ff:ff,d8:d7:75:45:81:24,d8:d7:75:45:81:24,FunBox2-8124,-44,1,2412,False,False
1778947291.095851,management,beacon,d8:d7:75:45:81:24,ff:ff:ff:ff:ff:ff,ff:ff:ff:ff:ff:ff,d8:d7:75:45:81:24,d8:d7:75:45:81:24,FunBox2-8124,-45,1,2412,False,False
1778947291.124477,control,rts,54:35:30:cf:ee:1e,d8:d7:75:45:81:24,d8:d7:75:45:81:24,54:35:30:cf:ee:1e,,,-54,1,2412,False,False
1778947291.124489,control,cts,,54:35:30:cf:ee:1e,54:35:30:cf:ee:1e,,,,-48,1,2412,False,False
1778947291.1244907,data,qos_data,54:35:30:cf:ee:1e,d8:d7:75:45:81:24,d8:d7:75:45:81:24,54:35:30:cf:ee:1e,01:00:5e:7f:ff:fa,,-54,1,2412,True,False
1778947291.1244924,control,block_ack,d8:d7:75:45:81:24,54:35:30:cf:ee:1e,54:35:30:cf:ee:1e,d8:d7:75:45:81:24,,,-48,1,2412,False,False
1778947291.198259,management,beacon,d8:d7:75:45:81:24,ff:ff:ff:ff:ff:ff,ff:ff:ff:ff:ff:ff,d8:d7:75:45:81:24,d8:d7:75:45:81:24,FunBox2-8124,-44,1,2412,False,False
1778947291.1995347,data,data,d8:d7:75:45:81:24,01:00:5e:7f:ff:fa,01:00:5e:7f:ff:fa,d8:d7:75:45:81:24,54:35:30:cf:ee:1e,,-41,1,2412,True,False
1778947291.2000265,control,ack,,d8:d7:75:45:81:24,d8:d7:75:45:81:24,,,,-80,1,2412,False,False
1778947291.2000282,data,null_data,50:02:91:e8:18:ec,d8:d7:75:45:81:24,d8:d7:75:45:81:24,50:02:91:e8:18:ec,d8:d7:75:45:81:24,,-80,1,2412,False,False
1778947291.2000291,control,ack,,50:02:91:e8:18:ec,50:02:91:e8:18:ec,,,,-47,1,2412,False,False
1778947291.30071,management,beacon,d8:d7:75:45:81:24,ff:ff:ff:ff:ff:ff,ff:ff:ff:ff:ff:ff,d8:d7:75:45:81:24,d8:d7:75:45:81:24,FunBox2-8124,-43,1,2412,False,False
1778947291.4030778,management,beacon,d8:d7:75:45:81:24,ff:ff:ff:ff:ff:ff,ff:ff:ff:ff:ff:ff,d8:d7:75:45:81:24,d8:d7:75:45:81:24,FunBox2-8124,-43,1,2412,False,False
1778947291.440876,data,null_data,50:02:91:e8:18:ec,d8:d7:75:45:81:24,d8:d7:75:45:81:24,50:02:91:e8:18:ec,d8:d7:75:45:81:24,,-80,1,2412,False,False
1778947291.4413035,data,null_data,50:02:91:e8:18:ec,d8:d7:75:45:81:24,d8:d7:75:45:81:24,50:02:91:e8:18:ec,d8:d7:75:45:81:24,,-80,1,2412,False,True
1778947291.4416258,data,null_data,50:02:91:e8:18:ec,d8:d7:75:45:81:24,d8:d7:75:45:81:24,50:02:91:e8:18:ec,d8:d7:75:45:81:24,,-79,1,2412,False,True
1778947291.4425004,data,null_data,50:02:91:e8:18:ec,d8:d7:75:45:81:24,d8:d7:75:45:81:24,50:02:91:e8:18:ec,d8:d7:75:45:81:24,,-80,1,2412,False,True
1778947291.442809,control,ack,,50:02:91:e8:18:ec,50:02:91:e8:18:ec,,,,-44,1,2412,False,False
1778947291.505462,management,beacon,d8:d7:75:45:81:24,ff:ff:ff:ff:ff:ff,ff:ff:ff:ff:ff:ff,d8:d7:75:45:81:24,d8:d7:75:45:81:24,FunBox2-8124,-43,1,2412,False,False
1778947291.6078715,management,beacon,d8:d7:75:45:81:24,ff:ff:ff:ff:ff:ff,ff:ff:ff:ff:ff:ff,d8:d7:75:45:81:24,d8:d7:75:45:81:24,FunBox2-8124,-41,1,2412,False,False
1778947291.7102904,management,beacon,d8:d7:75:45:81:24,ff:ff:ff:ff:ff:ff,ff:ff:ff:ff:ff:ff,d8:d7:75:45:81:24,d8:d7:75:45:81:24,FunBox2-8124,-43,1,2412,False,False
1778947291.8126802,management,beacon,d8:d7:75:45:81:24,ff:ff:ff:ff:ff:ff,ff:ff:ff:ff:ff:ff,d8:d7:75:45:81:24,d8:d7:75:45:81:24,FunBox2-8124,-42,1,2412,False,False
1778947291.915108,management,beacon,d8:d7:75:45:81:24,ff:ff:ff:ff:ff:ff,ff:ff:ff:ff:ff:ff,d8:d7:75:45:81:24,d8:d7:75:45:81:24,FunBox2-8124,-43,1,2412,False,False
1778947292.0175083,management,beacon,d8:d7:75:45:81:24,ff:ff:ff:ff:ff:ff,ff:ff:ff:ff:ff:ff,d8:d7:75:45:81:24,d8:d7:75:45:81:24,FunBox2-8124,-42,1,2412,False,False
1778947292.1199334,management,beacon,d8:d7:75:45:81:24,ff:ff:ff:ff:ff:ff,ff:ff:ff:ff:ff:ff,d8:d7:75:45:81:24,d8:d7:75:45:81:24,FunBox2-8124,-41,1,2412,False,False
1778947292.2222943,management,beacon,d8:d7:75:45:81:24,ff:ff:ff:ff:ff:ff,ff:ff:ff:ff:ff:ff,d8:d7:75:45:81:24,d8:d7:75:45:81:24,FunBox2-8124,-43,1,2412,False,False
1778947292.3247206,management,beacon,d8:d7:75:45:81:24,ff:ff:ff:ff:ff:ff,ff:ff:ff:ff:ff:ff,d8:d7:75:45:81:24,d8:d7:75:45:81:24,FunBox2-8124,-42,1,2412,False,False
1778947292.4271028,management,beacon,d8:d7:75:45:81:24,ff:ff:ff:ff:ff:ff,ff:ff:ff:ff:ff:ff,d8:d7:75:45:81:24,d8:d7:75:45:81:24,FunBox2-8124,-44,1,2412,False,False
1778947292.5295045,management,beacon,d8:d7:75:45:81:24,ff:ff:ff:ff:ff:ff,ff:ff:ff:ff:ff:ff,d8:d7:75:45:81:24,d8:d7:75:45:81:24,FunBox2-8124,-43,1,2412,False,False
1778947292.6319268,management,beacon,d8:d7:75:45:81:24,ff:ff:ff:ff:ff:ff,ff:ff:ff:ff:ff:ff,d8:d7:75:45:81:24,d8:d7:75:45:81:24,FunBox2-8124,-42,1,2412,False,False
1778947292.7343435,management,beacon,d8:d7:75:45:81:24,ff:ff:ff:ff:ff:ff,ff:ff:ff:ff:ff:ff,d8:d7:75:45:81:24,d8:d7:75:45:81:24,FunBox2-8124,-42,1,2412,False,False
1778947292.836912,management,beacon,d8:d7:75:45:81:24,ff:ff:ff:ff:ff:ff,ff:ff:ff:ff:ff:ff,d8:d7:75:45:81:24,d8:d7:75:45:81:24,FunBox2-8124,-43,1,2412,False,False
1778947292.9391463,management,beacon,d8:d7:75:45:81:24,ff:ff:ff:ff:ff:ff,ff:ff:ff:ff:ff:ff,d8:d7:75:45:81:24,d8:d7:75:45:81:24,FunBox2-8124,-42,1,2412,False,False
1778947293.04154,management,beacon,d8:d7:75:45:81:24,ff:ff:ff:ff:ff:ff,ff:ff:ff:ff:ff:ff,d8:d7:75:45:81:24,d8:d7:75:45:81:24,FunBox2-8124,-42,1,2412,False,False
1778947293.1439664,management,beacon,d8:d7:75:45:81:24,ff:ff:ff:ff:ff:ff,ff:ff:ff:ff:ff:ff,d8:d7:75:45:81:24,d8:d7:75:45:81:24,FunBox2-8124,-43,1,2412,False,False
1778947293.2489517,management,beacon,d8:d7:75:45:81:24,ff:ff:ff:ff:ff:ff,ff:ff:ff:ff:ff:ff,d8:d7:75:45:81:24,d8:d7:75:45:81:24,FunBox2-8124,-44,1,2412,False,False
1778947293.3487275,management,beacon,d8:d7:75:45:81:24,ff:ff:ff:ff:ff:ff,ff:ff:ff:ff:ff:ff,d8:d7:75:45:81:24,d8:d7:75:45:81:24,FunBox2-8124,-41,1,2412,False,False
1778947293.3499112,data,null_data,50:02:91:e8:18:ec,d8:d7:75:45:81:24,d8:d7:75:45:81:24,50:02:91:e8:18:ec,d8:d7:75:45:81:24,,-82,1,2412,False,False
1778947293.3499138,control,ack,,50:02:91:e8:18:ec,50:02:91:e8:18:ec,,,,-44,1,2412,False,False
1778947293.3504343,data,qos_null,d8:d7:75:45:81:24,50:02:91:e8:18:ec,50:02:91:e8:18:ec,d8:d7:75:45:81:24,d8:d7:75:45:81:24,,-43,1,2412,False,False
1778947293.3507516,control,ack,,d8:d7:75:45:81:24,d8:d7:75:45:81:24,,,,-81,1,2412,False,False
1778947293.451152,management,beacon,d8:d7:75:45:81:24,ff:ff:ff:ff:ff:ff,ff:ff:ff:ff:ff:ff,d8:d7:75:45:81:24,d8:d7:75:45:81:24,FunBox2-8124,-44,1,2412,False,False
1778947293.5535305,management,beacon,d8:d7:75:45:81:24,ff:ff:ff:ff:ff:ff,ff:ff:ff:ff:ff:ff,d8:d7:75:45:81:24,d8:d7:75:45:81:24,FunBox2-8124,-41,1,2412,False,False
1778947293.5913904,data,null_data,50:02:91:e8:18:ec,d8:d7:75:45:81:24,d8:d7:75:45:81:24,50:02:91:e8:18:ec,d8:d7:75:45:81:24,,-80,1,2412,False,False
1778947293.5914042,control,ack,,50:02:91:e8:18:ec,50:02:91:e8:18:ec,,,,-43,1,2412,False,False
1778947293.591405,data,null_data,50:02:91:e8:18:ec,d8:d7:75:45:81:24,d8:d7:75:45:81:24,50:02:91:e8:18:ec,d8:d7:75:45:81:24,,-81,1,2412,False,True
1778947293.5914059,control,ack,,50:02:91:e8:18:ec,50:02:91:e8:18:ec,,,,-47,1,2412,False,False
1778947293.5918264,data,null_data,50:02:91:e8:18:ec,d8:d7:75:45:81:24,d8:d7:75:45:81:24,50:02:91:e8:18:ec,d8:d7:75:45:81:24,,-82,1,2412,False,True
1778947293.591828,control,ack,,50:02:91:e8:18:ec,50:02:91:e8:18:ec,,,,-43,1,2412,False,False
1778947293.6585417,management,beacon,d8:d7:75:45:81:24,ff:ff:ff:ff:ff:ff,ff:ff:ff:ff:ff:ff,d8:d7:75:45:81:24,d8:d7:75:45:81:24,FunBox2-8124,-44,1,2412,False,False
1778947293.7583501,management,beacon,d8:d7:75:45:81:24,ff:ff:ff:ff:ff:ff,ff:ff:ff:ff:ff:ff,d8:d7:75:45:81:24,d8:d7:75:45:81:24,FunBox2-8124,-43,1,2412,False,False
1778947293.8607752,management,beacon,d8:d7:75:45:81:24,ff:ff:ff:ff:ff:ff,ff:ff:ff:ff:ff:ff,d8:d7:75:45:81:24,d8:d7:75:45:81:24,FunBox2-8124,-41,1,2412,False,False
1778947293.9631538,management,beacon,d8:d7:75:45:81:24,ff:ff:ff:ff:ff:ff,ff:ff:ff:ff:ff:ff,d8:d7:75:45:81:24,d8:d7:75:45:81:24,FunBox2-8124,-41,1,2412,False,False
1778947294.0655823,management,beacon,d8:d7:75:45:81:24,ff:ff:ff:ff:ff:ff,ff:ff:ff:ff:ff:ff,d8:d7:75:45:81:24,d8:d7:75:45:81:24,FunBox2-8124,-42,1,2412,False,False
1778947294.1679704,management,beacon,d8:d7:75:45:81:24,ff:ff:ff:ff:ff:ff,ff:ff:ff:ff:ff:ff,d8:d7:75:45:81:24,d8:d7:75:45:81:24,FunBox2-8124,-41,1,2412,False,False
1778947294.2704234,management,beacon,d8:d7:75:45:81:24,ff:ff:ff:ff:ff:ff,ff:ff:ff:ff:ff:ff,d8:d7:75:45:81:24,d8:d7:75:45:81:24,FunBox2-8124,-41,1,2412,False,False
1778947294.3727605,management,beacon,d8:d7:75:45:81:24,ff:ff:ff:ff:ff:ff,ff:ff:ff:ff:ff:ff,d8:d7:75:45:81:24,d8:d7:75:45:81:24,FunBox2-8124,-42,1,2412,False,False
1778947294.475221,management,beacon,d8:d7:75:45:81:24,ff:ff:ff:ff:ff:ff,ff:ff:ff:ff:ff:ff,d8:d7:75:45:81:24,d8:d7:75:45:81:24,FunBox2-8124,-41,1,2412,False,False
1778947294.5775726,management,beacon,d8:d7:75:45:81:24,ff:ff:ff:ff:ff:ff,ff:ff:ff:ff:ff:ff,d8:d7:75:45:81:24,d8:d7:75:45:81:24,FunBox2-8124,-45,1,2412,False,False
1778947294.7825208,management,beacon,d8:d7:75:45:81:24,ff:ff:ff:ff:ff:ff,ff:ff:ff:ff:ff:ff,d8:d7:75:45:81:24,d8:d7:75:45:81:24,FunBox2-8124,-41,1,2412,False,False
1778947294.8847868,management,beacon,d8:d7:75:45:81:24,ff:ff:ff:ff:ff:ff,ff:ff:ff:ff:ff:ff,d8:d7:75:45:81:24,d8:d7:75:45:81:24,FunBox2-8124,-43,1,2412,False,False
1778947294.8863392,data,data,d8:d7:75:45:81:24,33:33:00:00:00:16,33:33:00:00:00:16,d8:d7:75:45:81:24,8a:f4:af:eb:f3:fb,,-41,1,2412,True,False
1778947294.8868473,control,ack,,d8:d7:75:45:81:24,d8:d7:75:45:81:24,,,,-81,1,2412,False,False
1778947294.886849,data,null_data,50:02:91:e8:18:ec,d8:d7:75:45:81:24,d8:d7:75:45:81:24,50:02:91:e8:18:ec,d8:d7:75:45:81:24,,-80,1,2412,False,False
1778947294.8868496,control,ack,,50:02:91:e8:18:ec,50:02:91:e8:18:ec,,,,-47,1,2412,False,False
1778947294.9740112,data,data,d8:d7:75:45:81:24,01:00:5e:00:00:fb,01:00:5e:00:00:fb,d8:d7:75:45:81:24,8a:f4:af:eb:f3:fb,,-42,1,2412,True,False
1778947294.974309,control,ack,,d8:d7:75:45:81:24,d8:d7:75:45:81:24,,,,-81,1,2412,False,False
1778947294.9760058,data,data,d8:d7:75:45:81:24,33:33:00:00:00:fb,33:33:00:00:00:fb,d8:d7:75:45:81:24,8a:f4:af:eb:f3:fb,,-44,1,2412,True,False
1778947294.976312,control,ack,,d8:d7:75:45:81:24,d8:d7:75:45:81:24,,,,-82,1,2412,False,False
1778947294.9872065,management,beacon,d8:d7:75:45:81:24,ff:ff:ff:ff:ff:ff,ff:ff:ff:ff:ff:ff,d8:d7:75:45:81:24,d8:d7:75:45:81:24,FunBox2-8124,-44,1,2412,False,False
1778947295.0896053,management,beacon,d8:d7:75:45:81:24,ff:ff:ff:ff:ff:ff,ff:ff:ff:ff:ff:ff,d8:d7:75:45:81:24,d8:d7:75:45:81:24,FunBox2-8124,-45,1,2412,False,False
1778947295.1920216,management,beacon,d8:d7:75:45:81:24,ff:ff:ff:ff:ff:ff,ff:ff:ff:ff:ff:ff,d8:d7:75:45:81:24,d8:d7:75:45:81:24,FunBox2-8124,-42,1,2412,False,False
1778947295.2167645,data,null_data,50:02:91:e8:18:ec,d8:d7:75:45:81:24,d8:d7:75:45:81:24,50:02:91:e8:18:ec,d8:d7:75:45:81:24,,-80,1,2412,False,False
1778947295.216772,control,ack,,50:02:91:e8:18:ec,50:02:91:e8:18:ec,,,,-43,1,2412,False,False
1778947295.396853,management,beacon,d8:d7:75:45:81:24,ff:ff:ff:ff:ff:ff,ff:ff:ff:ff:ff:ff,d8:d7:75:45:81:24,d8:d7:75:45:81:24,FunBox2-8124,-42,1,2412,False,False
1778947295.4992342,management,beacon,d8:d7:75:45:81:24,ff:ff:ff:ff:ff:ff,ff:ff:ff:ff:ff:ff,d8:d7:75:45:81:24,d8:d7:75:45:81:24,FunBox2-8124,-44,1,2412,False,False
1778947295.6016219,management,beacon,d8:d7:75:45:81:24,ff:ff:ff:ff:ff:ff,ff:ff:ff:ff:ff:ff,d8:d7:75:45:81:24,d8:d7:75:45:81:24,FunBox2-8124,-42,1,2412,False,False
1778947295.704032,management,beacon,d8:d7:75:45:81:24,ff:ff:ff:ff:ff:ff,ff:ff:ff:ff:ff:ff,d8:d7:75:45:81:24,d8:d7:75:45:81:24,FunBox2-8124,-42,1,2412,False,False
1778947295.806433,management,beacon,d8:d7:75:45:81:24,ff:ff:ff:ff:ff:ff,ff:ff:ff:ff:ff:ff,d8:d7:75:45:81:24,d8:d7:75:45:81:24,FunBox2-8124,-45,1,2412,False,False
1778947295.911507,management,beacon,d8:d7:75:45:81:24,ff:ff:ff:ff:ff:ff,ff:ff:ff:ff:ff:ff,d8:d7:75:45:81:24,d8:d7:75:45:81:24,FunBox2-8124,-44,1,2412,False,False
1778947296.0113213,management,beacon,d8:d7:75:45:81:24,ff:ff:ff:ff:ff:ff,ff:ff:ff:ff:ff:ff,d8:d7:75:45:81:24,d8:d7:75:45:81:24,FunBox2-8124,-44,1,2412,False,False
1778947296.1136408,management,beacon,d8:d7:75:45:81:24,ff:ff:ff:ff:ff:ff,ff:ff:ff:ff:ff:ff,d8:d7:75:45:81:24,d8:d7:75:45:81:24,FunBox2-8124,-42,1,2412,False,False
1778947296.1152458,data,data,d8:d7:75:45:81:24,01:00:5e:00:00:fb,01:00:5e:00:00:fb,d8:d7:75:45:81:24,8a:f4:af:eb:f3:fb,,-42,1,2412,True,False
1778947296.1159241,control,ack,,d8:d7:75:45:81:24,d8:d7:75:45:81:24,,,,-81,1,2412,False,False
1778947296.1159272,data,null_data,50:02:91:e8:18:ec,d8:d7:75:45:81:24,d8:d7:75:45:81:24,50:02:91:e8:18:ec,d8:d7:75:45:81:24,,-79,1,2412,False,False
1778947296.1159286,control,ack,,50:02:91:e8:18:ec,50:02:91:e8:18:ec,,,,-46,1,2412,False,False
1778947296.1159296,data,null_data,50:02:91:e8:18:ec,d8:d7:75:45:81:24,d8:d7:75:45:81:24,50:02:91:e8:18:ec,d8:d7:75:45:81:24,,-80,1,2412,False,True
1778947296.1159303,control,ack,,50:02:91:e8:18:ec,50:02:91:e8:18:ec,,,,-47,1,2412,False,False
1778947296.1176448,data,data,d8:d7:75:45:81:24,33:33:00:00:00:fb,33:33:00:00:00:fb,d8:d7:75:45:81:24,8a:f4:af:eb:f3:fb,,-44,1,2412,True,False
1778947296.1179583,control,ack,,d8:d7:75:45:81:24,d8:d7:75:45:81:24,,,,-80,1,2412,False,False
1778947296.2160378,management,beacon,d8:d7:75:45:81:24,ff:ff:ff:ff:ff:ff,ff:ff:ff:ff:ff:ff,d8:d7:75:45:81:24,d8:d7:75:45:81:24,FunBox2-8124,-44,1,2412,False,False
1778947296.3184855,management,beacon,d8:d7:75:45:81:24,ff:ff:ff:ff:ff:ff,ff:ff:ff:ff:ff:ff,d8:d7:75:45:81:24,d8:d7:75:45:81:24,FunBox2-8124,-41,1,2412,False,False
1778947296.3584058,data,null_data,50:02:91:e8:18:ec,d8:d7:75:45:81:24,d8:d7:75:45:81:24,50:02:91:e8:18:ec,d8:d7:75:45:81:24,,-81,1,2412,False,False
1778947296.3584146,control,ack,,50:02:91:e8:18:ec,50:02:91:e8:18:ec,,,,-47,1,2412,False,False
1778947296.4209063,management,beacon,d8:d7:75:45:81:24,ff:ff:ff:ff:ff:ff,ff:ff:ff:ff:ff:ff,d8:d7:75:45:81:24,d8:d7:75:45:81:24,FunBox2-8124,-42,1,2412,False,False
1778947296.5232873,management,beacon,d8:d7:75:45:81:24,ff:ff:ff:ff:ff:ff,ff:ff:ff:ff:ff:ff,d8:d7:75:45:81:24,d8:d7:75:45:81:24,FunBox2-8124,-42,1,2412,False,False
1778947296.528855,data,null_data,50:02:91:e8:18:ec,d8:d7:75:45:81:24,d8:d7:75:45:81:24,50:02:91:e8:18:ec,d8:d7:75:45:81:24,,-82,1,2412,False,False
1778947296.5288622,control,ack,,50:02:91:e8:18:ec,50:02:91:e8:18:ec,,,,-44,1,2412,False,False
1778947296.6256664,management,beacon,d8:d7:75:45:81:24,ff:ff:ff:ff:ff:ff,ff:ff:ff:ff:ff:ff,d8:d7:75:45:81:24,d8:d7:75:45:81:24,FunBox2-8124,-42,1,2412,False,False
1778947296.7280624,management,beacon,d8:d7:75:45:81:24,ff:ff:ff:ff:ff:ff,ff:ff:ff:ff:ff:ff,d8:d7:75:45:81:24,d8:d7:75:45:81:24,FunBox2-8124,-43,1,2412,False,False
1778947296.7697358,data,null_data,50:02:91:e8:18:ec,d8:d7:75:45:81:24,d8:d7:75:45:81:24,50:02:91:e8:18:ec,d8:d7:75:45:81:24,,-81,1,2412,False,False
1778947296.7697535,control,ack,,50:02:91:e8:18:ec,50:02:91:e8:18:ec,,,,-44,1,2412,False,False
1778947296.8304636,management,beacon,d8:d7:75:45:81:24,ff:ff:ff:ff:ff:ff,ff:ff:ff:ff:ff:ff,d8:d7:75:45:81:24,d8:d7:75:45:81:24,FunBox2-8124,-43,1,2412,False,False
1778947296.932858,management,beacon,d8:d7:75:45:81:24,ff:ff:ff:ff:ff:ff,ff:ff:ff:ff:ff:ff,d8:d7:75:45:81:24,d8:d7:75:45:81:24,FunBox2-8124,-42,1,2412,False,False
1778947297.0366445,data,data,d8:d7:75:45:81:24,33:33:00:00:00:01,33:33:00:00:00:01,d8:d7:75:45:81:24,d8:d7:75:45:81:24,,-42,1,2412,True,False
1778947297.0371184,control,ack,,d8:d7:75:45:81:24,d8:d7:75:45:81:24,,,,-81,1,2412,False,False
1778947297.0371206,data,null_data,50:02:91:e8:18:ec,d8:d7:75:45:81:24,d8:d7:75:45:81:24,50:02:91:e8:18:ec,d8:d7:75:45:81:24,,-81,1,2412,False,False
1778947297.0371213,control,ack,,50:02:91:e8:18:ec,50:02:91:e8:18:ec,,,,-45,1,2412,False,False
1778947297.1376646,management,beacon,d8:d7:75:45:81:24,ff:ff:ff:ff:ff:ff,ff:ff:ff:ff:ff:ff,d8:d7:75:45:81:24,d8:d7:75:45:81:24,FunBox2-8124,-41,1,2412,False,False
1778947297.2427945,management,beacon,d8:d7:75:45:81:24,ff:ff:ff:ff:ff:ff,ff:ff:ff:ff:ff:ff,d8:d7:75:45:81:24,d8:d7:75:45:81:24,FunBox2-8124,-43,1,2412,False,False
1778947297.278036,data,null_data,50:02:91:e8:18:ec,d8:d7:75:45:81:24,d8:d7:75:45:81:24,50:02:91:e8:18:ec,d8:d7:75:45:81:24,,-80,1,2412,False,False
1778947297.2780552,control,ack,,50:02:91:e8:18:ec,50:02:91:e8:18:ec,,,,-48,1,2412,False,False
1778947297.3425972,management,beacon,d8:d7:75:45:81:24,ff:ff:ff:ff:ff:ff,ff:ff:ff:ff:ff:ff,d8:d7:75:45:81:24,d8:d7:75:45:81:24,FunBox2-8124,-42,1,2412,False,False
1778947297.4448874,management,beacon,d8:d7:75:45:81:24,ff:ff:ff:ff:ff:ff,ff:ff:ff:ff:ff:ff,d8:d7:75:45:81:24,d8:d7:75:45:81:24,FunBox2-8124,-43,1,2412,False,False
1778947297.6497333,management,beacon,d8:d7:75:45:81:24,ff:ff:ff:ff:ff:ff,ff:ff:ff:ff:ff:ff,d8:d7:75:45:81:24,d8:d7:75:45:81:24,FunBox2-8124,-41,1,2412,False,False
1778947297.7521005,management,beacon,d8:d7:75:45:81:24,ff:ff:ff:ff:ff:ff,ff:ff:ff:ff:ff:ff,d8:d7:75:45:81:24,d8:d7:75:45:81:24,FunBox2-8124,-42,1,2412,False,False
1778947297.8545325,management,beacon,d8:d7:75:45:81:24,ff:ff:ff:ff:ff:ff,ff:ff:ff:ff:ff:ff,d8:d7:75:45:81:24,d8:d7:75:45:81:24,FunBox2-8124,-41,1,2412,False,False
1778947297.9568954,management,beacon,d8:d7:75:45:81:24,ff:ff:ff:ff:ff:ff,ff:ff:ff:ff:ff:ff,d8:d7:75:45:81:24,d8:d7:75:45:81:24,FunBox2-8124,-42,1,2412,False,False
1778947298.0619953,management,beacon,d8:d7:75:45:81:24,ff:ff:ff:ff:ff:ff,ff:ff:ff:ff:ff:ff,d8:d7:75:45:81:24,d8:d7:75:45:81:24,FunBox2-8124,-44,1,2412,False,False
1778947298.1617527,management,beacon,d8:d7:75:45:81:24,ff:ff:ff:ff:ff:ff,ff:ff:ff:ff:ff:ff,d8:d7:75:45:81:24,d8:d7:75:45:81:24,FunBox2-8124,-42,1,2412,False,False
1778947298.264166,management,beacon,d8:d7:75:45:81:24,ff:ff:ff:ff:ff:ff,ff:ff:ff:ff:ff:ff,d8:d7:75:45:81:24,d8:d7:75:45:81:24,FunBox2-8124,-42,1,2412,False,False
1778947298.266042,data,data,d8:d7:75:45:81:24,33:33:00:00:00:01,33:33:00:00:00:01,d8:d7:75:45:81:24,d8:d7:75:45:81:24,,-42,1,2412,True,False
1778947298.2663581,control,ack,,d8:d7:75:45:81:24,d8:d7:75:45:81:24,,,,-82,1,2412,False,False
1778947298.2678692,data,data,d8:d7:75:45:81:24,33:33:00:00:00:16,33:33:00:00:00:16,d8:d7:75:45:81:24,a8:5e:45:c6:9f:b7,,-44,1,2412,True,False
1778947298.268373,control,ack,,d8:d7:75:45:81:24,d8:d7:75:45:81:24,,,,-81,1,2412,False,False
1778947298.2683747,data,null_data,50:02:91:e8:18:ec,d8:d7:75:45:81:24,d8:d7:75:45:81:24,50:02:91:e8:18:ec,d8:d7:75:45:81:24,,-81,1,2412,False,True
1778947298.2683756,control,ack,,50:02:91:e8:18:ec,50:02:91:e8:18:ec,,,,-48,1,2412,False,False
1778947298.2699358,data,data,d8:d7:75:45:81:24,33:33:00:00:00:16,33:33:00:00:00:16,d8:d7:75:45:81:24,a8:5e:45:c6:9f:b7,,-44,1,2412,True,False
1778947298.2702525,control,ack,,d8:d7:75:45:81:24,d8:d7:75:45:81:24,,,,-81,1,2412,False,False
1778947298.3665614,management,beacon,d8:d7:75:45:81:24,ff:ff:ff:ff:ff:ff,ff:ff:ff:ff:ff:ff,d8:d7:75:45:81:24,d8:d7:75:45:81:24,FunBox2-8124,-44,1,2412,False,False
1778947298.4689682,management,beacon,d8:d7:75:45:81:24,ff:ff:ff:ff:ff:ff,ff:ff:ff:ff:ff:ff,d8:d7:75:45:81:24,d8:d7:75:45:81:24,FunBox2-8124,-43,1,2412,False,False
1778947298.5106983,data,null_data,50:02:91:e8:18:ec,d8:d7:75:45:81:24,d8:d7:75:45:81:24,50:02:91:e8:18:ec,d8:d7:75:45:81:24,,-81,1,2412,False,False
1778947298.5107121,control,ack,,50:02:91:e8:18:ec,50:02:91:e8:18:ec,,,,-45,1,2412,False,False
1778947298.6764512,management,beacon,d8:d7:75:45:81:24,ff:ff:ff:ff:ff:ff,ff:ff:ff:ff:ff:ff,d8:d7:75:45:81:24,d8:d7:75:45:81:24,FunBox2-8124,-45,1,2412,False,False
1778947298.7761776,management,beacon,d8:d7:75:45:81:24,ff:ff:ff:ff:ff:ff,ff:ff:ff:ff:ff:ff,d8:d7:75:45:81:24,d8:d7:75:45:81:24,FunBox2-8124,-44,1,2412,False,False
1778947298.878533,management,beacon,d8:d7:75:45:81:24,ff:ff:ff:ff:ff:ff,ff:ff:ff:ff:ff:ff,d8:d7:75:45:81:24,d8:d7:75:45:81:24,FunBox2-8124,-42,1,2412,False,False
1778947298.9809742,management,beacon,d8:d7:75:45:81:24,ff:ff:ff:ff:ff:ff,ff:ff:ff:ff:ff:ff,d8:d7:75:45:81:24,d8:d7:75:45:81:24,FunBox2-8124,-44,1,2412,False,False
1778947299.1857414,management,beacon,d8:d7:75:45:81:24,ff:ff:ff:ff:ff:ff,ff:ff:ff:ff:ff:ff,d8:d7:75:45:81:24,d8:d7:75:45:81:24,FunBox2-8124,-43,1,2412,False,False
1778947299.2881994,management,beacon,d8:d7:75:45:81:24,ff:ff:ff:ff:ff:ff,ff:ff:ff:ff:ff:ff,d8:d7:75:45:81:24,d8:d7:75:45:81:24,FunBox2-8124,-42,1,2412,False,False
1778947299.3906083,management,beacon,d8:d7:75:45:81:24,ff:ff:ff:ff:ff:ff,ff:ff:ff:ff:ff:ff,d8:d7:75:45:81:24,d8:d7:75:45:81:24,FunBox2-8124,-42,1,2412,False,False
1778947299.4929774,management,beacon,d8:d7:75:45:81:24,ff:ff:ff:ff:ff:ff,ff:ff:ff:ff:ff:ff,d8:d7:75:45:81:24,d8:d7:75:45:81:24,FunBox2-8124,-41,1,2412,False,False
1778947299.6977844,management,beacon,d8:d7:75:45:81:24,ff:ff:ff:ff:ff:ff,ff:ff:ff:ff:ff:ff,d8:d7:75:45:81:24,d8:d7:75:45:81:24,FunBox2-8124,-41,1,2412,False,False
1778947299.8002198,management,beacon,d8:d7:75:45:81:24,ff:ff:ff:ff:ff:ff,ff:ff:ff:ff:ff:ff,d8:d7:75:45:81:24,d8:d7:75:45:81:24,FunBox2-8124,-42,1,2412,False,False
1778947299.8014154,data,null_data,50:02:91:e8:18:ec,d8:d7:75:45:81:24,d8:d7:75:45:81:24,50:02:91:e8:18:ec,d8:d7:75:45:81:24,,-80,1,2412,False,False
1778947299.801419,control,ack,,50:02:91:e8:18:ec,50:02:91:e8:18:ec,,,,-44,1,2412,False,False
1778947299.8029904,data,null_data,50:02:91:e8:18:ec,d8:d7:75:45:81:24,d8:d7:75:45:81:24,50:02:91:e8:18:ec,d8:d7:75:45:81:24,,-80,1,2412,False,True
1778947299.8033102,control,ack,,50:02:91:e8:18:ec,50:02:91:e8:18:ec,,,,-45,1,2412,False,False
1778947299.9025896,management,beacon,d8:d7:75:45:81:24,ff:ff:ff:ff:ff:ff,ff:ff:ff:ff:ff:ff,d8:d7:75:45:81:24,d8:d7:75:45:81:24,FunBox2-8124,-42,1,2412,False,False
1778947300.0077307,management,beacon,d8:d7:75:45:81:24,ff:ff:ff:ff:ff:ff,ff:ff:ff:ff:ff:ff,d8:d7:75:45:81:24,d8:d7:75:45:81:24,FunBox2-8124,-46,1,2412,False,False
1778947300.0443432,data,null_data,50:02:91:e8:18:ec,d8:d7:75:45:81:24,d8:d7:75:45:81:24,50:02:91:e8:18:ec,d8:d7:75:45:81:24,,-80,1,2412,False,False
1778947300.0443518,control,ack,,50:02:91:e8:18:ec,50:02:91:e8:18:ec,,,,-49,1,2412,False,False
1778947300.1101005,management,beacon,d8:d7:75:45:81:24,ff:ff:ff:ff:ff:ff,ff:ff:ff:ff:ff:ff,d8:d7:75:45:81:24,d8:d7:75:45:81:24,FunBox2-8124,-44,1,2412,False,False
1778947300.2098157,management,beacon,d8:d7:75:45:81:24,ff:ff:ff:ff:ff:ff,ff:ff:ff:ff:ff:ff,d8:d7:75:45:81:24,d8:d7:75:45:81:24,FunBox2-8124,-40,1,2412,False,False
1778947300.3156092,management,beacon,d8:d7:75:45:81:24,ff:ff:ff:ff:ff:ff,ff:ff:ff:ff:ff:ff,d8:d7:75:45:81:24,d8:d7:75:45:81:24,FunBox2-8124,-42,1,2412,False,False
1778947300.4160008,management,beacon,d8:d7:75:45:81:24,ff:ff:ff:ff:ff:ff,ff:ff:ff:ff:ff:ff,d8:d7:75:45:81:24,d8:d7:75:45:81:24,FunBox2-8124,-43,1,2412,False,False
1778947300.5169964,management,beacon,d8:d7:75:45:81:24,ff:ff:ff:ff:ff:ff,ff:ff:ff:ff:ff:ff,d8:d7:75:45:81:24,d8:d7:75:45:81:24,FunBox2-8124,-41,1,2412,False,False
1778947300.7217972,management,beacon,d8:d7:75:45:81:24,ff:ff:ff:ff:ff:ff,ff:ff:ff:ff:ff:ff,d8:d7:75:45:81:24,d8:d7:75:45:81:24,FunBox2-8124,-43,1,2412,False,False
1778947300.824228,management,beacon,d8:d7:75:45:81:24,ff:ff:ff:ff:ff:ff,ff:ff:ff:ff:ff:ff,d8:d7:75:45:81:24,d8:d7:75:45:81:24,FunBox2-8124,-43,1,2412,False,False
1778947300.926608,management,beacon,d8:d7:75:45:81:24,ff:ff:ff:ff:ff:ff,ff:ff:ff:ff:ff:ff,d8:d7:75:45:81:24,d8:d7:75:45:81:24,FunBox2-8124,-43,1,2412,False,False
1778947301.029056,management,beacon,d8:d7:75:45:81:24,ff:ff:ff:ff:ff:ff,ff:ff:ff:ff:ff:ff,d8:d7:75:45:81:24,d8:d7:75:45:81:24,FunBox2-8124,-44,1,2412,False,False
1778947301.233865,management,beacon,d8:d7:75:45:81:24,ff:ff:ff:ff:ff:ff,ff:ff:ff:ff:ff:ff,d8:d7:75:45:81:24,d8:d7:75:45:81:24,FunBox2-8124,-43,1,2412,False,False
1778947301.3362508,management,beacon,d8:d7:75:45:81:24,ff:ff:ff:ff:ff:ff,ff:ff:ff:ff:ff:ff,d8:d7:75:45:81:24,d8:d7:75:45:81:24,FunBox2-8124,-44,1,2412,False,False
1778947301.3370903,data,data,d8:d7:75:45:81:24,ff:ff:ff:ff:ff:ff,ff:ff:ff:ff:ff:ff,d8:d7:75:45:81:24,d8:d7:75:45:81:24,,-43,1,2412,True,False
1778947301.3374064,control,ack,,d8:d7:75:45:81:24,d8:d7:75:45:81:24,,,,-80,1,2412,False,False
1778947301.3376863,data,null_data,50:02:91:e8:18:ec,d8:d7:75:45:81:24,d8:d7:75:45:81:24,50:02:91:e8:18:ec,d8:d7:75:45:81:24,,-80,1,2412,False,False
1778947301.3376882,control,ack,,50:02:91:e8:18:ec,50:02:91:e8:18:ec,,,,-47,1,2412,False,False
1778947301.3389902,data,data,d8:d7:75:45:81:24,ff:ff:ff:ff:ff:ff,ff:ff:ff:ff:ff:ff,d8:d7:75:45:81:24,d8:d7:75:45:81:24,,-44,1,2412,True,False
1778947301.3393075,control,ack,,d8:d7:75:45:81:24,d8:d7:75:45:81:24,,,,-81,1,2412,False,False
1778947301.4386818,management,beacon,d8:d7:75:45:81:24,ff:ff:ff:ff:ff:ff,ff:ff:ff:ff:ff:ff,d8:d7:75:45:81:24,d8:d7:75:45:81:24,FunBox2-8124,-42,1,2412,False,False
1778947301.5438647,management,beacon,d8:d7:75:45:81:24,ff:ff:ff:ff:ff:ff,ff:ff:ff:ff:ff:ff,d8:d7:75:45:81:24,d8:d7:75:45:81:24,FunBox2-8124,-43,1,2412,False,False
1778947301.5797253,data,null_data,50:02:91:e8:18:ec,d8:d7:75:45:81:24,d8:d7:75:45:81:24,50:02:91:e8:18:ec,d8:d7:75:45:81:24,,-80,1,2412,False,False
1778947301.579737,control,ack,,50:02:91:e8:18:ec,50:02:91:e8:18:ec,,,,-45,1,2412,False,False
1778947301.7458732,management,beacon,d8:d7:75:45:81:24,ff:ff:ff:ff:ff:ff,ff:ff:ff:ff:ff:ff,d8:d7:75:45:81:24,d8:d7:75:45:81:24,FunBox2-8124,-44,1,2412,False,False
1778947301.8482654,management,beacon,d8:d7:75:45:81:24,ff:ff:ff:ff:ff:ff,ff:ff:ff:ff:ff:ff,d8:d7:75:45:81:24,d8:d7:75:45:81:24,FunBox2-8124,-41,1,2412,False,False
1778947301.9506657,management,beacon,d8:d7:75:45:81:24,ff:ff:ff:ff:ff:ff,ff:ff:ff:ff:ff:ff,d8:d7:75:45:81:24,d8:d7:75:45:81:24,FunBox2-8124,-42,1,2412,False,False
1778947302.0531058,management,beacon,d8:d7:75:45:81:24,ff:ff:ff:ff:ff:ff,ff:ff:ff:ff:ff:ff,d8:d7:75:45:81:24,d8:d7:75:45:81:24,FunBox2-8124,-45,1,2412,False,False
1778947302.155493,management,beacon,d8:d7:75:45:81:24,ff:ff:ff:ff:ff:ff,ff:ff:ff:ff:ff:ff,d8:d7:75:45:81:24,d8:d7:75:45:81:24,FunBox2-8124,-42,1,2412,False,False
1778947302.2606225,management,beacon,d8:d7:75:45:81:24,ff:ff:ff:ff:ff:ff,ff:ff:ff:ff:ff:ff,d8:d7:75:45:81:24,d8:d7:75:45:81:24,FunBox2-8124,-43,1,2412,False,False
1778947302.3602755,management,beacon,d8:d7:75:45:81:24,ff:ff:ff:ff:ff:ff,ff:ff:ff:ff:ff:ff,d8:d7:75:45:81:24,d8:d7:75:45:81:24,FunBox2-8124,-42,1,2412,False,False
1778947302.4628267,management,beacon,d8:d7:75:45:81:24,ff:ff:ff:ff:ff:ff,ff:ff:ff:ff:ff:ff,d8:d7:75:45:81:24,d8:d7:75:45:81:24,FunBox2-8124,-43,1,2412,False,False
1778947302.5651138,management,beacon,d8:d7:75:45:81:24,ff:ff:ff:ff:ff:ff,ff:ff:ff:ff:ff:ff,d8:d7:75:45:81:24,d8:d7:75:45:81:24,FunBox2-8124,-42,1,2412,False,False
1778947302.66748,management,beacon,d8:d7:75:45:81:24,ff:ff:ff:ff:ff:ff,ff:ff:ff:ff:ff:ff,d8:d7:75:45:81:24,d8:d7:75:45:81:24,FunBox2-8124,-42,1,2412,False,False
1778947302.769888,management,beacon,d8:d7:75:45:81:24,ff:ff:ff:ff:ff:ff,ff:ff:ff:ff:ff:ff,d8:d7:75:45:81:24,d8:d7:75:45:81:24,FunBox2-8124,-42,1,2412,False,False
1778947302.875096,management,beacon,d8:d7:75:45:81:24,ff:ff:ff:ff:ff:ff,ff:ff:ff:ff:ff:ff,d8:d7:75:45:81:24,d8:d7:75:45:81:24,FunBox2-8124,-44,1,2412,False,False
1778947302.8763218,data,null_data,50:02:91:e8:18:ec,d8:d7:75:45:81:24,d8:d7:75:45:81:24,50:02:91:e8:18:ec,d8:d7:75:45:81:24,,-80,1,2412,False,False
1778947302.8763254,control,ack,,50:02:91:e8:18:ec,50:02:91:e8:18:ec,,,,-48,1,2412,False,False
1778947302.956322,control,ack,,d8:d7:75:45:81:24,d8:d7:75:45:81:24,,,,-80,1,2412,False,False
1778947302.9596856,data,data,d8:d7:75:45:81:24,33:33:00:00:00:01,33:33:00:00:00:01,d8:d7:75:45:81:24,d8:d7:75:45:81:24,,-44,1,2412,True,False
1778947302.9599857,control,ack,,d8:d7:75:45:81:24,d8:d7:75:45:81:24,,,,-81,1,2412,False,False
1778947302.9728656,data,data,d8:d7:75:45:81:24,33:33:00:00:00:16,33:33:00:00:00:16,d8:d7:75:45:81:24,a8:5e:45:c6:9f:b7,,-44,1,2412,True,False
1778947302.973157,control,ack,,d8:d7:75:45:81:24,d8:d7:75:45:81:24,,,,-83,1,2412,False,False
1778947302.9758785,management,beacon,d8:d7:75:45:81:24,ff:ff:ff:ff:ff:ff,ff:ff:ff:ff:ff:ff,d8:d7:75:45:81:24,d8:d7:75:45:81:24,FunBox2-8124,-46,1,2412,False,False
1778947303.0771253,management,beacon,d8:d7:75:45:81:24,ff:ff:ff:ff:ff:ff,ff:ff:ff:ff:ff:ff,d8:d7:75:45:81:24,d8:d7:75:45:81:24,FunBox2-8124,-42,1,2412,False,False
1778947303.179487,management,beacon,d8:d7:75:45:81:24,ff:ff:ff:ff:ff:ff,ff:ff:ff:ff:ff:ff,d8:d7:75:45:81:24,d8:d7:75:45:81:24,FunBox2-8124,-42,1,2412,False,False
1778947303.2136374,data,null_data,50:02:91:e8:18:ec,d8:d7:75:45:81:24,d8:d7:75:45:81:24,50:02:91:e8:18:ec,d8:d7:75:45:81:24,,-81,1,2412,False,False
1778947303.2136445,control,ack,,50:02:91:e8:18:ec,50:02:91:e8:18:ec,,,,-44,1,2412,False,False
1778947303.2819152,management,beacon,d8:d7:75:45:81:24,ff:ff:ff:ff:ff:ff,ff:ff:ff:ff:ff:ff,d8:d7:75:45:81:24,d8:d7:75:45:81:24,FunBox2-8124,-44,1,2412,False,False
1778947303.3843217,management,beacon,d8:d7:75:45:81:24,ff:ff:ff:ff:ff:ff,ff:ff:ff:ff:ff:ff,d8:d7:75:45:81:24,d8:d7:75:45:81:24,FunBox2-8124,-43,1,2412,False,False
1778947303.4867039,management,beacon,d8:d7:75:45:81:24,ff:ff:ff:ff:ff:ff,ff:ff:ff:ff:ff:ff,d8:d7:75:45:81:24,d8:d7:75:45:81:24,FunBox2-8124,-44,1,2412,False,False
1778947303.5942411,management,beacon,d8:d7:75:45:81:24,ff:ff:ff:ff:ff:ff,ff:ff:ff:ff:ff:ff,d8:d7:75:45:81:24,d8:d7:75:45:81:24,FunBox2-8124,-45,1,2412,False,False
1778947303.793923,management,beacon,d8:d7:75:45:81:24,ff:ff:ff:ff:ff:ff,ff:ff:ff:ff:ff:ff,d8:d7:75:45:81:24,d8:d7:75:45:81:24,FunBox2-8124,-43,1,2412,False,False
1778947303.896333,management,beacon,d8:d7:75:45:81:24,ff:ff:ff:ff:ff:ff,ff:ff:ff:ff:ff:ff,d8:d7:75:45:81:24,d8:d7:75:45:81:24,FunBox2-8124,-42,1,2412,False,False
1778947303.9987636,management,beacon,d8:d7:75:45:81:24,ff:ff:ff:ff:ff:ff,ff:ff:ff:ff:ff:ff,d8:d7:75:45:81:24,d8:d7:75:45:81:24,FunBox2-8124,-42,1,2412,False,False
1778947304.103934,management,beacon,d8:d7:75:45:81:24,ff:ff:ff:ff:ff:ff,ff:ff:ff:ff:ff:ff,d8:d7:75:45:81:24,d8:d7:75:45:81:24,FunBox2-8124,-45,1,2412,False,False
1778947304.1054666,data,data,d8:d7:75:45:81:24,33:33:00:00:00:16,33:33:00:00:00:16,d8:d7:75:45:81:24,a8:5e:45:c6:9f:b7,,-44,1,2412,True,False
1778947304.1059594,control,ack,,d8:d7:75:45:81:24,d8:d7:75:45:81:24,,,,-79,1,2412,False,False
1778947304.1059616,data,null_data,50:02:91:e8:18:ec,d8:d7:75:45:81:24,d8:d7:75:45:81:24,50:02:91:e8:18:ec,d8:d7:75:45:81:24,,-80,1,2412,False,False
1778947304.1059628,control,ack,,50:02:91:e8:18:ec,50:02:91:e8:18:ec,,,,-48,1,2412,False,False
1778947304.305942,management,beacon,d8:d7:75:45:81:24,ff:ff:ff:ff:ff:ff,ff:ff:ff:ff:ff:ff,d8:d7:75:45:81:24,d8:d7:75:45:81:24,FunBox2-8124,-42,1,2412,False,False
1778947304.3468432,data,null_data,50:02:91:e8:18:ec,d8:d7:75:45:81:24,d8:d7:75:45:81:24,50:02:91:e8:18:ec,d8:d7:75:45:81:24,,-79,1,2412,False,False
1778947304.3469875,data,null_data,50:02:91:e8:18:ec,d8:d7:75:45:81:24,d8:d7:75:45:81:24,50:02:91:e8:18:ec,d8:d7:75:45:81:24,,-81,1,2412,False,True
1778947304.347359,data,null_data,50:02:91:e8:18:ec,d8:d7:75:45:81:24,d8:d7:75:45:81:24,50:02:91:e8:18:ec,d8:d7:75:45:81:24,,-80,1,2412,False,True
1778947304.3477013,data,null_data,50:02:91:e8:18:ec,d8:d7:75:45:81:24,d8:d7:75:45:81:24,50:02:91:e8:18:ec,d8:d7:75:45:81:24,,-81,1,2412,False,True
1778947304.3482234,data,null_data,50:02:91:e8:18:ec,d8:d7:75:45:81:24,d8:d7:75:45:81:24,50:02:91:e8:18:ec,d8:d7:75:45:81:24,,-80,1,2412,False,True
1778947304.3491066,control,ack,,50:02:91:e8:18:ec,50:02:91:e8:18:ec,,,,-42,1,2412,False,False
1778947304.4083812,management,beacon,d8:d7:75:45:81:24,ff:ff:ff:ff:ff:ff,ff:ff:ff:ff:ff:ff,d8:d7:75:45:81:24,d8:d7:75:45:81:24,FunBox2-8124,-46,1,2412,False,False
1778947304.5107572,management,beacon,d8:d7:75:45:81:24,ff:ff:ff:ff:ff:ff,ff:ff:ff:ff:ff:ff,d8:d7:75:45:81:24,d8:d7:75:45:81:24,FunBox2-8124,-42,1,2412,False,False
1778947304.6131752,management,beacon,d8:d7:75:45:81:24,ff:ff:ff:ff:ff:ff,ff:ff:ff:ff:ff:ff,d8:d7:75:45:81:24,d8:d7:75:45:81:24,FunBox2-8124,-45,1,2412,False,False
1778947304.7155437,management,beacon,d8:d7:75:45:81:24,ff:ff:ff:ff:ff:ff,ff:ff:ff:ff:ff:ff,d8:d7:75:45:81:24,d8:d7:75:45:81:24,FunBox2-8124,-42,1,2412,False,False
1778947304.8180015,management,beacon,d8:d7:75:45:81:24,ff:ff:ff:ff:ff:ff,ff:ff:ff:ff:ff:ff,d8:d7:75:45:81:24,d8:d7:75:45:81:24,FunBox2-8124,-42,1,2412,False,False
1778947304.9203808,management,beacon,d8:d7:75:45:81:24,ff:ff:ff:ff:ff:ff,ff:ff:ff:ff:ff:ff,d8:d7:75:45:81:24,d8:d7:75:45:81:24,FunBox2-8124,-42,1,2412,False,False
1778947305.0228636,management,beacon,d8:d7:75:45:81:24,ff:ff:ff:ff:ff:ff,ff:ff:ff:ff:ff:ff,d8:d7:75:45:81:24,d8:d7:75:45:81:24,FunBox2-8124,-43,1,2412,False,False
1778947305.1299486,management,beacon,d8:d7:75:45:81:24,ff:ff:ff:ff:ff:ff,ff:ff:ff:ff:ff:ff,d8:d7:75:45:81:24,d8:d7:75:45:81:24,FunBox2-8124,-46,1,2412,False,False
1778947305.1525118,management,probe_request,d6:49:33:2f:25:61,ff:ff:ff:ff:ff:ff,ff:ff:ff:ff:ff:ff,d6:49:33:2f:25:61,ff:ff:ff:ff:ff:ff,<hidden>,-70,1,2412,False,False
1778947305.1557357,management,probe_response,d8:d7:75:45:81:24,d6:49:33:2f:25:61,d6:49:33:2f:25:61,d8:d7:75:45:81:24,d8:d7:75:45:81:24,FunBox2-8124,-44,1,2412,False,False
1778947305.156032,control,ack,,d8:d7:75:45:81:24,d8:d7:75:45:81:24,,,,-71,1,2412,False,False
1778947305.1728632,management,probe_request,d6:49:33:2f:25:61,ff:ff:ff:ff:ff:ff,ff:ff:ff:ff:ff:ff,d6:49:33:2f:25:61,ff:ff:ff:ff:ff:ff,<hidden>,-71,1,2412,False,False
1778947305.1761217,management,probe_response,d8:d7:75:45:81:24,d6:49:33:2f:25:61,d6:49:33:2f:25:61,d8:d7:75:45:81:24,d8:d7:75:45:81:24,FunBox2-8124,-44,1,2412,False,False
1778947305.176412,control,ack,,d8:d7:75:45:81:24,d8:d7:75:45:81:24,,,,-70,1,2412,False,False
1778947305.227567,management,beacon,d8:d7:75:45:81:24,ff:ff:ff:ff:ff:ff,ff:ff:ff:ff:ff:ff,d8:d7:75:45:81:24,d8:d7:75:45:81:24,FunBox2-8124,-43,1,2412,False,False
1778947305.3299701,management,beacon,d8:d7:75:45:81:24,ff:ff:ff:ff:ff:ff,ff:ff:ff:ff:ff:ff,d8:d7:75:45:81:24,d8:d7:75:45:81:24,FunBox2-8124,-43,1,2412,False,False
1778947305.3318584,data,data,d8:d7:75:45:81:24,33:33:00:00:00:01,33:33:00:00:00:01,d8:d7:75:45:81:24,d8:d7:75:45:81:24,,-42,1,2412,True,False
1778947305.3323462,control,ack,,d8:d7:75:45:81:24,d8:d7:75:45:81:24,,,,-81,1,2412,False,False
1778947305.3323479,data,null_data,50:02:91:e8:18:ec,d8:d7:75:45:81:24,d8:d7:75:45:81:24,50:02:91:e8:18:ec,d8:d7:75:45:81:24,,-80,1,2412,False,False
1778947305.332349,control,ack,,50:02:91:e8:18:ec,50:02:91:e8:18:ec,,,,-49,1,2412,False,False
1778947305.3343587,data,data,d8:d7:75:45:81:24,33:33:00:00:00:01,33:33:00:00:00:01,d8:d7:75:45:81:24,d8:d7:75:45:81:24,,-44,1,2412,True,False
1778947305.3346655,control,ack,,d8:d7:75:45:81:24,d8:d7:75:45:81:24,,,,-80,1,2412,False,False
1778947305.4323742,management,beacon,d8:d7:75:45:81:24,ff:ff:ff:ff:ff:ff,ff:ff:ff:ff:ff:ff,d8:d7:75:45:81:24,d8:d7:75:45:81:24,FunBox2-8124,-45,1,2412,False,False
1778947305.5348134,management,beacon,d8:d7:75:45:81:24,ff:ff:ff:ff:ff:ff,ff:ff:ff:ff:ff:ff,d8:d7:75:45:81:24,d8:d7:75:45:81:24,FunBox2-8124,-42,1,2412,False,False
1778947305.5752273,data,null_data,50:02:91:e8:18:ec,d8:d7:75:45:81:24,d8:d7:75:45:81:24,50:02:91:e8:18:ec,d8:d7:75:45:81:24,,-79,1,2412,False,True
1778947305.5755367,data,null_data,50:02:91:e8:18:ec,d8:d7:75:45:81:24,d8:d7:75:45:81:24,50:02:91:e8:18:ec,d8:d7:75:45:81:24,,-80,1,2412,False,True
1778947305.575878,data,null_data,50:02:91:e8:18:ec,d8:d7:75:45:81:24,d8:d7:75:45:81:24,50:02:91:e8:18:ec,d8:d7:75:45:81:24,,-80,1,2412,False,True
1778947305.5764706,data,null_data,50:02:91:e8:18:ec,d8:d7:75:45:81:24,d8:d7:75:45:81:24,50:02:91:e8:18:ec,d8:d7:75:45:81:24,,-78,1,2412,False,True
1778947305.577029,data,null_data,50:02:91:e8:18:ec,d8:d7:75:45:81:24,d8:d7:75:45:81:24,50:02:91:e8:18:ec,d8:d7:75:45:81:24,,-80,1,2412,False,True
1778947305.637206,management,beacon,d8:d7:75:45:81:24,ff:ff:ff:ff:ff:ff,ff:ff:ff:ff:ff:ff,d8:d7:75:45:81:24,d8:d7:75:45:81:24,FunBox2-8124,-42,1,2412,False,False
1778947305.7395992,management,beacon,d8:d7:75:45:81:24,ff:ff:ff:ff:ff:ff,ff:ff:ff:ff:ff:ff,d8:d7:75:45:81:24,d8:d7:75:45:81:24,FunBox2-8124,-44,1,2412,False,False
1778947305.8428686,management,beacon,d8:d7:75:45:81:24,ff:ff:ff:ff:ff:ff,ff:ff:ff:ff:ff:ff,d8:d7:75:45:81:24,d8:d7:75:45:81:24,FunBox2-8124,-43,1,2412,False,False
1778947305.9444451,management,beacon,d8:d7:75:45:81:24,ff:ff:ff:ff:ff:ff,ff:ff:ff:ff:ff:ff,d8:d7:75:45:81:24,d8:d7:75:45:81:24,FunBox2-8124,-48,1,2412,False,False
1778947306.0496929,management,beacon,d8:d7:75:45:81:24,ff:ff:ff:ff:ff:ff,ff:ff:ff:ff:ff:ff,d8:d7:75:45:81:24,d8:d7:75:45:81:24,FunBox2-8124,-45,1,2412,False,False
1778947306.1520698,management,beacon,d8:d7:75:45:81:24,ff:ff:ff:ff:ff:ff,ff:ff:ff:ff:ff:ff,d8:d7:75:45:81:24,d8:d7:75:45:81:24,FunBox2-8124,-43,1,2412,False,False
1778947306.2516637,management,beacon,d8:d7:75:45:81:24,ff:ff:ff:ff:ff:ff,ff:ff:ff:ff:ff:ff,d8:d7:75:45:81:24,d8:d7:75:45:81:24,FunBox2-8124,-43,1,2412,False,False
1778947306.354068,management,beacon,d8:d7:75:45:81:24,ff:ff:ff:ff:ff:ff,ff:ff:ff:ff:ff:ff,d8:d7:75:45:81:24,d8:d7:75:45:81:24,FunBox2-8124,-42,1,2412,False,False
1778947306.456426,management,beacon,d8:d7:75:45:81:24,ff:ff:ff:ff:ff:ff,ff:ff:ff:ff:ff:ff,d8:d7:75:45:81:24,d8:d7:75:45:81:24,FunBox2-8124,-43,1,2412,False,False
1778947306.5588198,management,beacon,d8:d7:75:45:81:24,ff:ff:ff:ff:ff:ff,ff:ff:ff:ff:ff:ff,d8:d7:75:45:81:24,d8:d7:75:45:81:24,FunBox2-8124,-42,1,2412,False,False
1778947306.6612675,management,beacon,d8:d7:75:45:81:24,ff:ff:ff:ff:ff:ff,ff:ff:ff:ff:ff:ff,d8:d7:75:45:81:24,d8:d7:75:45:81:24,FunBox2-8124,-41,1,2412,False,False
1778947306.7636907,management,beacon,d8:d7:75:45:81:24,ff:ff:ff:ff:ff:ff,ff:ff:ff:ff:ff:ff,d8:d7:75:45:81:24,d8:d7:75:45:81:24,FunBox2-8124,-41,1,2412,False,False
1778947306.866024,management,beacon,d8:d7:75:45:81:24,ff:ff:ff:ff:ff:ff,ff:ff:ff:ff:ff:ff,d8:d7:75:45:81:24,d8:d7:75:45:81:24,FunBox2-8124,-42,1,2412,False,False
1778947306.8672183,data,null_data,50:02:91:e8:18:ec,d8:d7:75:45:81:24,d8:d7:75:45:81:24,50:02:91:e8:18:ec,d8:d7:75:45:81:24,,-81,1,2412,False,False
1778947306.8672216,control,ack,,50:02:91:e8:18:ec,50:02:91:e8:18:ec,,,,-43,1,2412,False,False
1778947306.968452,management,beacon,d8:d7:75:45:81:24,ff:ff:ff:ff:ff:ff,ff:ff:ff:ff:ff:ff,d8:d7:75:45:81:24,d8:d7:75:45:81:24,FunBox2-8124,-42,1,2412,False,False
1778947307.0708575,management,beacon,d8:d7:75:45:81:24,ff:ff:ff:ff:ff:ff,ff:ff:ff:ff:ff:ff,d8:d7:75:45:81:24,d8:d7:75:45:81:24,FunBox2-8124,-42,1,2412,False,False
1778947307.1080892,data,null_data,50:02:91:e8:18:ec,d8:d7:75:45:81:24,d8:d7:75:45:81:24,50:02:91:e8:18:ec,d8:d7:75:45:81:24,,-82,1,2412,False,False
1778947307.1080973,control,ack,,50:02:91:e8:18:ec,50:02:91:e8:18:ec,,,,-44,1,2412,False,False
1778947307.1732693,management,beacon,d8:d7:75:45:81:24,ff:ff:ff:ff:ff:ff,ff:ff:ff:ff:ff:ff,d8:d7:75:45:81:24,d8:d7:75:45:81:24,FunBox2-8124,-42,1,2412,False,False
1778947307.275667,management,beacon,d8:d7:75:45:81:24,ff:ff:ff:ff:ff:ff,ff:ff:ff:ff:ff:ff,d8:d7:75:45:81:24,d8:d7:75:45:81:24,FunBox2-8124,-42,1,2412,False,False
1778947307.3780422,management,beacon,d8:d7:75:45:81:24,ff:ff:ff:ff:ff:ff,ff:ff:ff:ff:ff:ff,d8:d7:75:45:81:24,d8:d7:75:45:81:24,FunBox2-8124,-43,1,2412,False,False
1778947307.480452,management,beacon,d8:d7:75:45:81:24,ff:ff:ff:ff:ff:ff,ff:ff:ff:ff:ff:ff,d8:d7:75:45:81:24,d8:d7:75:45:81:24,FunBox2-8124,-43,1,2412,False,False
1778947307.5828822,management,beacon,d8:d7:75:45:81:24,ff:ff:ff:ff:ff:ff,ff:ff:ff:ff:ff:ff,d8:d7:75:45:81:24,d8:d7:75:45:81:24,FunBox2-8124,-41,1,2412,False,False
1778947307.688128,management,beacon,d8:d7:75:45:81:24,ff:ff:ff:ff:ff:ff,ff:ff:ff:ff:ff:ff,d8:d7:75:45:81:24,d8:d7:75:45:81:24,FunBox2-8124,-44,1,2412,False,False
1778947307.7876718,management,beacon,d8:d7:75:45:81:24,ff:ff:ff:ff:ff:ff,ff:ff:ff:ff:ff:ff,d8:d7:75:45:81:24,d8:d7:75:45:81:24,FunBox2-8124,-42,1,2412,False,False
1778947307.890102,management,beacon,d8:d7:75:45:81:24,ff:ff:ff:ff:ff:ff,ff:ff:ff:ff:ff:ff,d8:d7:75:45:81:24,d8:d7:75:45:81:24,FunBox2-8124,-41,1,2412,False,False
1778947307.9925117,management,beacon,d8:d7:75:45:81:24,ff:ff:ff:ff:ff:ff,ff:ff:ff:ff:ff:ff,d8:d7:75:45:81:24,d8:d7:75:45:81:24,FunBox2-8124,-46,1,2412,False,False
1778947308.094885,management,beacon,d8:d7:75:45:81:24,ff:ff:ff:ff:ff:ff,ff:ff:ff:ff:ff:ff,d8:d7:75:45:81:24,d8:d7:75:45:81:24,FunBox2-8124,-41,1,2412,False,False
1778947308.0960796,data,null_data,50:02:91:e8:18:ec,d8:d7:75:45:81:24,d8:d7:75:45:81:24,50:02:91:e8:18:ec,d8:d7:75:45:81:24,,-80,1,2412,False,False
1778947308.0960822,control,ack,,50:02:91:e8:18:ec,50:02:91:e8:18:ec,,,,-45,1,2412,False,False
1778947308.197323,management,beacon,d8:d7:75:45:81:24,ff:ff:ff:ff:ff:ff,ff:ff:ff:ff:ff:ff,d8:d7:75:45:81:24,d8:d7:75:45:81:24,FunBox2-8124,-41,1,2412,False,False
1778947308.2997115,management,beacon,d8:d7:75:45:81:24,ff:ff:ff:ff:ff:ff,ff:ff:ff:ff:ff:ff,d8:d7:75:45:81:24,d8:d7:75:45:81:24,FunBox2-8124,-44,1,2412,False,False
1778947308.3369608,data,null_data,50:02:91:e8:18:ec,d8:d7:75:45:81:24,d8:d7:75:45:81:24,50:02:91:e8:18:ec,d8:d7:75:45:81:24,,-81,1,2412,False,False
1778947308.3369746,control,ack,,50:02:91:e8:18:ec,50:02:91:e8:18:ec,,,,-45,1,2412,False,False
1778947308.402151,management,beacon,d8:d7:75:45:81:24,ff:ff:ff:ff:ff:ff,ff:ff:ff:ff:ff:ff,d8:d7:75:45:81:24,d8:d7:75:45:81:24,FunBox2-8124,-44,1,2412,False,False
1778947308.50449,management,beacon,d8:d7:75:45:81:24,ff:ff:ff:ff:ff:ff,ff:ff:ff:ff:ff:ff,d8:d7:75:45:81:24,d8:d7:75:45:81:24,FunBox2-8124,-43,1,2412,False,False
1778947308.6068945,management,beacon,d8:d7:75:45:81:24,ff:ff:ff:ff:ff:ff,ff:ff:ff:ff:ff:ff,d8:d7:75:45:81:24,d8:d7:75:45:81:24,FunBox2-8124,-46,1,2412,False,False
1778947308.7093213,management,beacon,d8:d7:75:45:81:24,ff:ff:ff:ff:ff:ff,ff:ff:ff:ff:ff:ff,d8:d7:75:45:81:24,d8:d7:75:45:81:24,FunBox2-8124,-43,1,2412,False,False
1778947308.8128393,management,beacon,d8:d7:75:45:81:24,ff:ff:ff:ff:ff:ff,ff:ff:ff:ff:ff:ff,d8:d7:75:45:81:24,d8:d7:75:45:81:24,FunBox2-8124,-42,1,2412,False,False
1778947308.9141495,management,beacon,d8:d7:75:45:81:24,ff:ff:ff:ff:ff:ff,ff:ff:ff:ff:ff:ff,d8:d7:75:45:81:24,d8:d7:75:45:81:24,FunBox2-8124,-42,1,2412,False,False
1778947309.0165145,management,beacon,d8:d7:75:45:81:24,ff:ff:ff:ff:ff:ff,ff:ff:ff:ff:ff:ff,d8:d7:75:45:81:24,d8:d7:75:45:81:24,FunBox2-8124,-45,1,2412,False,False
1778947309.1189096,management,beacon,d8:d7:75:45:81:24,ff:ff:ff:ff:ff:ff,ff:ff:ff:ff:ff:ff,d8:d7:75:45:81:24,d8:d7:75:45:81:24,FunBox2-8124,-43,1,2412,False,False
1778947309.2213275,management,beacon,d8:d7:75:45:81:24,ff:ff:ff:ff:ff:ff,ff:ff:ff:ff:ff:ff,d8:d7:75:45:81:24,d8:d7:75:45:81:24,FunBox2-8124,-45,1,2412,False,False
1778947309.3237264,management,beacon,d8:d7:75:45:81:24,ff:ff:ff:ff:ff:ff,ff:ff:ff:ff:ff:ff,d8:d7:75:45:81:24,d8:d7:75:45:81:24,FunBox2-8124,-43,1,2412,False,False
1778947309.426175,management,beacon,d8:d7:75:45:81:24,ff:ff:ff:ff:ff:ff,ff:ff:ff:ff:ff:ff,d8:d7:75:45:81:24,d8:d7:75:45:81:24,FunBox2-8124,-42,1,2412,False,False
1778947309.4273138,data,null_data,50:02:91:e8:18:ec,d8:d7:75:45:81:24,d8:d7:75:45:81:24,50:02:91:e8:18:ec,d8:d7:75:45:81:24,,-81,1,2412,False,False
1778947309.4275084,data,null_data,50:02:91:e8:18:ec,d8:d7:75:45:81:24,d8:d7:75:45:81:24,50:02:91:e8:18:ec,d8:d7:75:45:81:24,,-81,1,2412,False,True
1778947309.427992,data,null_data,50:02:91:e8:18:ec,d8:d7:75:45:81:24,d8:d7:75:45:81:24,50:02:91:e8:18:ec,d8:d7:75:45:81:24,,-81,1,2412,False,True
1778947309.4279938,control,ack,,50:02:91:e8:18:ec,50:02:91:e8:18:ec,,,,-41,1,2412,False,False
1778947309.5285544,management,beacon,d8:d7:75:45:81:24,ff:ff:ff:ff:ff:ff,ff:ff:ff:ff:ff:ff,d8:d7:75:45:81:24,d8:d7:75:45:81:24,FunBox2-8124,-43,1,2412,False,False
1778947309.6309638,management,beacon,d8:d7:75:45:81:24,ff:ff:ff:ff:ff:ff,ff:ff:ff:ff:ff:ff,d8:d7:75:45:81:24,d8:d7:75:45:81:24,FunBox2-8124,-42,1,2412,False,False
1778947309.668863,data,null_data,50:02:91:e8:18:ec,d8:d7:75:45:81:24,d8:d7:75:45:81:24,50:02:91:e8:18:ec,d8:d7:75:45:81:24,,-81,1,2412,False,False
1778947309.6688702,control,ack,,50:02:91:e8:18:ec,50:02:91:e8:18:ec,,,,-45,1,2412,False,False
1778947309.733361,management,beacon,d8:d7:75:45:81:24,ff:ff:ff:ff:ff:ff,ff:ff:ff:ff:ff:ff,d8:d7:75:45:81:24,d8:d7:75:45:81:24,FunBox2-8124,-43,1,2412,False,False
1778947309.8227487,data,null_data,50:02:91:e8:18:ec,d8:d7:75:45:81:24,d8:d7:75:45:81:24,50:02:91:e8:18:ec,d8:d7:75:45:81:24,,-81,1,2412,False,False
1778947309.8227637,control,ack,,50:02:91:e8:18:ec,50:02:91:e8:18:ec,,,,-44,1,2412,False,False
1778947309.8357353,management,beacon,d8:d7:75:45:81:24,ff:ff:ff:ff:ff:ff,ff:ff:ff:ff:ff:ff,d8:d7:75:45:81:24,d8:d7:75:45:81:24,FunBox2-8124,-44,1,2412,False,False
1778947309.938176,management,beacon,d8:d7:75:45:81:24,ff:ff:ff:ff:ff:ff,ff:ff:ff:ff:ff:ff,d8:d7:75:45:81:24,d8:d7:75:45:81:24,FunBox2-8124,-41,1,2412,False,False
1778947310.0434895,management,beacon,d8:d7:75:45:81:24,ff:ff:ff:ff:ff:ff,ff:ff:ff:ff:ff:ff,d8:d7:75:45:81:24,d8:d7:75:45:81:24,FunBox2-8124,-46,1,2412,False,False
1778947310.0641086,data,null_data,50:02:91:e8:18:ec,d8:d7:75:45:81:24,d8:d7:75:45:81:24,50:02:91:e8:18:ec,d8:d7:75:45:81:24,,-81,1,2412,False,False
1778947310.0641155,control,ack,,50:02:91:e8:18:ec,50:02:91:e8:18:ec,,,,-46,1,2412,False,False
1778947310.1429899,management,beacon,d8:d7:75:45:81:24,ff:ff:ff:ff:ff:ff,ff:ff:ff:ff:ff:ff,d8:d7:75:45:81:24,d8:d7:75:45:81:24,FunBox2-8124,-43,1,2412,False,False
1778947310.2453866,management,beacon,d8:d7:75:45:81:24,ff:ff:ff:ff:ff:ff,ff:ff:ff:ff:ff:ff,d8:d7:75:45:81:24,d8:d7:75:45:81:24,FunBox2-8124,-42,1,2412,False,False
1778947310.2469108,data,data,d8:d7:75:45:81:24,33:33:00:00:00:01,33:33:00:00:00:01,d8:d7:75:45:81:24,d8:d7:75:45:81:24,,-41,1,2412,True,False
1778947310.2476306,control,ack,,d8:d7:75:45:81:24,d8:d7:75:45:81:24,,,,-81,1,2412,False,False
1778947310.2476337,data,null_data,50:02:91:e8:18:ec,d8:d7:75:45:81:24,d8:d7:75:45:81:24,50:02:91:e8:18:ec,d8:d7:75:45:81:24,,-80,1,2412,False,False
1778947310.247635,control,ack,,50:02:91:e8:18:ec,50:02:91:e8:18:ec,,,,-46,1,2412,False,False
1778947310.2476358,data,null_data,50:02:91:e8:18:ec,d8:d7:75:45:81:24,d8:d7:75:45:81:24,50:02:91:e8:18:ec,d8:d7:75:45:81:24,,-81,1,2412,False,True
1778947310.2476368,control,ack,,50:02:91:e8:18:ec,50:02:91:e8:18:ec,,,,-48,1,2412,False,False
1778947310.347792,management,beacon,d8:d7:75:45:81:24,ff:ff:ff:ff:ff:ff,ff:ff:ff:ff:ff:ff,d8:d7:75:45:81:24,d8:d7:75:45:81:24,FunBox2-8124,-42,1,2412,False,False
1778947310.4885802,data,null_data,50:02:91:e8:18:ec,d8:d7:75:45:81:24,d8:d7:75:45:81:24,50:02:91:e8:18:ec,d8:d7:75:45:81:24,,-81,1,2412,False,False
1778947310.4885964,control,ack,,50:02:91:e8:18:ec,50:02:91:e8:18:ec,,,,-44,1,2412,False,False
1778947310.5554738,management,beacon,d8:d7:75:45:81:24,ff:ff:ff:ff:ff:ff,ff:ff:ff:ff:ff:ff,d8:d7:75:45:81:24,d8:d7:75:45:81:24,FunBox2-8124,-44,1,2412,False,False
1778947310.6549995,management,beacon,d8:d7:75:45:81:24,ff:ff:ff:ff:ff:ff,ff:ff:ff:ff:ff:ff,d8:d7:75:45:81:24,d8:d7:75:45:81:24,FunBox2-8124,-42,1,2412,False,False
1778947310.7573688,management,beacon,d8:d7:75:45:81:24,ff:ff:ff:ff:ff:ff,ff:ff:ff:ff:ff:ff,d8:d7:75:45:81:24,d8:d7:75:45:81:24,FunBox2-8124,-42,1,2412,False,False
1778947310.85979,management,beacon,d8:d7:75:45:81:24,ff:ff:ff:ff:ff:ff,ff:ff:ff:ff:ff:ff,d8:d7:75:45:81:24,d8:d7:75:45:81:24,FunBox2-8124,-41,1,2412,False,False
1778947311.0673282,management,beacon,d8:d7:75:45:81:24,ff:ff:ff:ff:ff:ff,ff:ff:ff:ff:ff:ff,d8:d7:75:45:81:24,d8:d7:75:45:81:24,FunBox2-8124,-43,1,2412,False,False
1778947311.1670506,management,beacon,d8:d7:75:45:81:24,ff:ff:ff:ff:ff:ff,ff:ff:ff:ff:ff:ff,d8:d7:75:45:81:24,d8:d7:75:45:81:24,FunBox2-8124,-43,1,2412,False,False
1778947311.2697458,management,beacon,d8:d7:75:45:81:24,ff:ff:ff:ff:ff:ff,ff:ff:ff:ff:ff:ff,d8:d7:75:45:81:24,d8:d7:75:45:81:24,FunBox2-8124,-43,1,2412,False,False
1778947311.371806,management,beacon,d8:d7:75:45:81:24,ff:ff:ff:ff:ff:ff,ff:ff:ff:ff:ff:ff,d8:d7:75:45:81:24,d8:d7:75:45:81:24,FunBox2-8124,-43,1,2412,False,False
1778947311.4779005,management,beacon,d8:d7:75:45:81:24,ff:ff:ff:ff:ff:ff,ff:ff:ff:ff:ff:ff,d8:d7:75:45:81:24,d8:d7:75:45:81:24,FunBox2-8124,-46,1,2412,False,False
1778947311.5766394,management,beacon,d8:d7:75:45:81:24,ff:ff:ff:ff:ff:ff,ff:ff:ff:ff:ff:ff,d8:d7:75:45:81:24,d8:d7:75:45:81:24,FunBox2-8124,-44,1,2412,False,False
1778947311.6790247,management,beacon,d8:d7:75:45:81:24,ff:ff:ff:ff:ff:ff,ff:ff:ff:ff:ff:ff,d8:d7:75:45:81:24,d8:d7:75:45:81:24,FunBox2-8124,-41,1,2412,False,False
1778947311.7814112,management,beacon,d8:d7:75:45:81:24,ff:ff:ff:ff:ff:ff,ff:ff:ff:ff:ff:ff,d8:d7:75:45:81:24,d8:d7:75:45:81:24,FunBox2-8124,-43,1,2412,False,False
1778947311.7830834,data,null_data,50:02:91:e8:18:ec,d8:d7:75:45:81:24,d8:d7:75:45:81:24,50:02:91:e8:18:ec,d8:d7:75:45:81:24,,-80,1,2412,False,False
1778947311.7830868,control,ack,,50:02:91:e8:18:ec,50:02:91:e8:18:ec,,,,-44,1,2412,False,False
1778947311.8838315,management,beacon,d8:d7:75:45:81:24,ff:ff:ff:ff:ff:ff,ff:ff:ff:ff:ff:ff,d8:d7:75:45:81:24,d8:d7:75:45:81:24,FunBox2-8124,-44,1,2412,False,False
1778947312.0239706,data,null_data,50:02:91:e8:18:ec,d8:d7:75:45:81:24,d8:d7:75:45:81:24,50:02:91:e8:18:ec,d8:d7:75:45:81:24,,-80,1,2412,False,False
1778947312.0239906,control,ack,,50:02:91:e8:18:ec,50:02:91:e8:18:ec,,,,-45,1,2412,False,False
1778947312.0886512,management,beacon,d8:d7:75:45:81:24,ff:ff:ff:ff:ff:ff,ff:ff:ff:ff:ff:ff,d8:d7:75:45:81:24,d8:d7:75:45:81:24,FunBox2-8124,-41,1,2412,False,False
1778947312.1910546,management,beacon,d8:d7:75:45:81:24,ff:ff:ff:ff:ff:ff,ff:ff:ff:ff:ff:ff,d8:d7:75:45:81:24,d8:d7:75:45:81:24,FunBox2-8124,-42,1,2412,False,False
1778947312.2934442,management,beacon,d8:d7:75:45:81:24,ff:ff:ff:ff:ff:ff,ff:ff:ff:ff:ff:ff,d8:d7:75:45:81:24,d8:d7:75:45:81:24,FunBox2-8124,-42,1,2412,False,False
1778947312.3958287,management,beacon,d8:d7:75:45:81:24,ff:ff:ff:ff:ff:ff,ff:ff:ff:ff:ff:ff,d8:d7:75:45:81:24,d8:d7:75:45:81:24,FunBox2-8124,-44,1,2412,False,False
1778947312.6006372,management,beacon,d8:d7:75:45:81:24,ff:ff:ff:ff:ff:ff,ff:ff:ff:ff:ff:ff,d8:d7:75:45:81:24,d8:d7:75:45:81:24,FunBox2-8124,-42,1,2412,False,False
1778947312.7030745,management,beacon,d8:d7:75:45:81:24,ff:ff:ff:ff:ff:ff,ff:ff:ff:ff:ff:ff,d8:d7:75:45:81:24,d8:d7:75:45:81:24,FunBox2-8124,-42,1,2412,False,False
1778947312.8084006,management,beacon,d8:d7:75:45:81:24,ff:ff:ff:ff:ff:ff,ff:ff:ff:ff:ff:ff,d8:d7:75:45:81:24,d8:d7:75:45:81:24,FunBox2-8124,-46,1,2412,False,False
1778947312.9108086,management,beacon,d8:d7:75:45:81:24,ff:ff:ff:ff:ff:ff,ff:ff:ff:ff:ff:ff,d8:d7:75:45:81:24,d8:d7:75:45:81:24,FunBox2-8124,-47,1,2412,False,False
1778947313.1126535,management,beacon,d8:d7:75:45:81:24,ff:ff:ff:ff:ff:ff,ff:ff:ff:ff:ff:ff,d8:d7:75:45:81:24,d8:d7:75:45:81:24,FunBox2-8124,-42,1,2412,False,False
1778947313.2150927,management,beacon,d8:d7:75:45:81:24,ff:ff:ff:ff:ff:ff,ff:ff:ff:ff:ff:ff,d8:d7:75:45:81:24,d8:d7:75:45:81:24,FunBox2-8124,-43,1,2412,False,False
1778947313.3174636,management,beacon,d8:d7:75:45:81:24,ff:ff:ff:ff:ff:ff,ff:ff:ff:ff:ff:ff,d8:d7:75:45:81:24,d8:d7:75:45:81:24,FunBox2-8124,-44,1,2412,False,False
1778947313.3186584,data,null_data,50:02:91:e8:18:ec,d8:d7:75:45:81:24,d8:d7:75:45:81:24,50:02:91:e8:18:ec,d8:d7:75:45:81:24,,-81,1,2412,False,False
1778947313.318662,control,ack,,50:02:91:e8:18:ec,50:02:91:e8:18:ec,,,,-48,1,2412,False,False
1778947313.4198768,management,beacon,d8:d7:75:45:81:24,ff:ff:ff:ff:ff:ff,ff:ff:ff:ff:ff:ff,d8:d7:75:45:81:24,d8:d7:75:45:81:24,FunBox2-8124,-43,1,2412,False,False
1778947313.559507,data,null_data,50:02:91:e8:18:ec,d8:d7:75:45:81:24,d8:d7:75:45:81:24,50:02:91:e8:18:ec,d8:d7:75:45:81:24,,-81,1,2412,False,False
1778947313.559516,control,ack,,50:02:91:e8:18:ec,50:02:91:e8:18:ec,,,,-44,1,2412,False,False
1778947313.6246774,management,beacon,d8:d7:75:45:81:24,ff:ff:ff:ff:ff:ff,ff:ff:ff:ff:ff:ff,d8:d7:75:45:81:24,d8:d7:75:45:81:24,FunBox2-8124,-44,1,2412,False,False
1778947313.7300546,management,beacon,d8:d7:75:45:81:24,ff:ff:ff:ff:ff:ff,ff:ff:ff:ff:ff:ff,d8:d7:75:45:81:24,d8:d7:75:45:81:24,FunBox2-8124,-46,1,2412,False,False
1778947313.8295245,management,beacon,d8:d7:75:45:81:24,ff:ff:ff:ff:ff:ff,ff:ff:ff:ff:ff:ff,d8:d7:75:45:81:24,d8:d7:75:45:81:24,FunBox2-8124,-43,1,2412,False,False
1778947313.9318905,management,beacon,d8:d7:75:45:81:24,ff:ff:ff:ff:ff:ff,ff:ff:ff:ff:ff:ff,d8:d7:75:45:81:24,d8:d7:75:45:81:24,FunBox2-8124,-43,1,2412,False,False
1778947314.136702,management,beacon,d8:d7:75:45:81:24,ff:ff:ff:ff:ff:ff,ff:ff:ff:ff:ff:ff,d8:d7:75:45:81:24,d8:d7:75:45:81:24,FunBox2-8124,-42,1,2412,False,False
1778947314.2390933,management,beacon,d8:d7:75:45:81:24,ff:ff:ff:ff:ff:ff,ff:ff:ff:ff:ff:ff,d8:d7:75:45:81:24,d8:d7:75:45:81:24,FunBox2-8124,-42,1,2412,False,False
1778947314.3414977,management,beacon,d8:d7:75:45:81:24,ff:ff:ff:ff:ff:ff,ff:ff:ff:ff:ff:ff,d8:d7:75:45:81:24,d8:d7:75:45:81:24,FunBox2-8124,-42,1,2412,False,False
1778947314.4449744,management,beacon,d8:d7:75:45:81:24,ff:ff:ff:ff:ff:ff,ff:ff:ff:ff:ff:ff,d8:d7:75:45:81:24,d8:d7:75:45:81:24,FunBox2-8124,-44,1,2412,False,False
1778947314.6487365,management,beacon,d8:d7:75:45:81:24,ff:ff:ff:ff:ff:ff,ff:ff:ff:ff:ff:ff,d8:d7:75:45:81:24,d8:d7:75:45:81:24,FunBox2-8124,-41,1,2412,False,False
1778947314.7511764,management,beacon,d8:d7:75:45:81:24,ff:ff:ff:ff:ff:ff,ff:ff:ff:ff:ff:ff,d8:d7:75:45:81:24,d8:d7:75:45:81:24,FunBox2-8124,-42,1,2412,False,False
1778947314.853553,management,beacon,d8:d7:75:45:81:24,ff:ff:ff:ff:ff:ff,ff:ff:ff:ff:ff:ff,d8:d7:75:45:81:24,d8:d7:75:45:81:24,FunBox2-8124,-42,1,2412,False,False
1778947314.8547556,data,null_data,50:02:91:e8:18:ec,d8:d7:75:45:81:24,d8:d7:75:45:81:24,50:02:91:e8:18:ec,d8:d7:75:45:81:24,,-81,1,2412,False,False
1778947314.854758,control,ack,,50:02:91:e8:18:ec,50:02:91:e8:18:ec,,,,-44,1,2412,False,False
1778947314.9559906,management,beacon,d8:d7:75:45:81:24,ff:ff:ff:ff:ff:ff,ff:ff:ff:ff:ff:ff,d8:d7:75:45:81:24,d8:d7:75:45:81:24,FunBox2-8124,-42,1,2412,False,False
1778947315.0722585,management,beacon,d8:d7:75:45:81:24,ff:ff:ff:ff:ff:ff,ff:ff:ff:ff:ff:ff,d8:d7:75:45:81:24,d8:d7:75:45:81:24,FunBox2-8124,-44,1,2412,False,False
1778947315.095631,data,null_data,50:02:91:e8:18:ec,d8:d7:75:45:81:24,d8:d7:75:45:81:24,50:02:91:e8:18:ec,d8:d7:75:45:81:24,,-80,1,2412,False,False
1778947315.09564,control,ack,,50:02:91:e8:18:ec,50:02:91:e8:18:ec,,,,-43,1,2412,False,False
1778947315.160749,management,beacon,d8:d7:75:45:81:24,ff:ff:ff:ff:ff:ff,ff:ff:ff:ff:ff:ff,d8:d7:75:45:81:24,d8:d7:75:45:81:24,FunBox2-8124,-42,1,2412,False,False
1778947315.266148,management,beacon,d8:d7:75:45:81:24,ff:ff:ff:ff:ff:ff,ff:ff:ff:ff:ff:ff,d8:d7:75:45:81:24,d8:d7:75:45:81:24,FunBox2-8124,-46,1,2412,False,False
1778947315.3655462,management,beacon,d8:d7:75:45:81:24,ff:ff:ff:ff:ff:ff,ff:ff:ff:ff:ff:ff,d8:d7:75:45:81:24,d8:d7:75:45:81:24,FunBox2-8124,-46,1,2412,False,False
1778947315.4679804,management,beacon,d8:d7:75:45:81:24,ff:ff:ff:ff:ff:ff,ff:ff:ff:ff:ff:ff,d8:d7:75:45:81:24,d8:d7:75:45:81:24,FunBox2-8124,-43,1,2412,False,False
1778947315.509764,management,probe_request,6a:d0:0f:27:52:3e,ff:ff:ff:ff:ff:ff,ff:ff:ff:ff:ff:ff,6a:d0:0f:27:52:3e,ff:ff:ff:ff:ff:ff,<hidden>,-31,1,2412,False,False
1778947315.5129879,management,probe_response,d8:d7:75:45:81:24,6a:d0:0f:27:52:3e,6a:d0:0f:27:52:3e,d8:d7:75:45:81:24,d8:d7:75:45:81:24,FunBox2-8124,-44,1,2412,False,False
1778947315.51329,control,ack,,d8:d7:75:45:81:24,d8:d7:75:45:81:24,,,,-31,1,2412,False,False
1778947315.5704,management,beacon,d8:d7:75:45:81:24,ff:ff:ff:ff:ff:ff,ff:ff:ff:ff:ff:ff,d8:d7:75:45:81:24,d8:d7:75:45:81:24,FunBox2-8124,-43,1,2412,False,False
1778947315.571802,management,probe_request,6a:d0:0f:27:52:3e,ff:ff:ff:ff:ff:ff,ff:ff:ff:ff:ff:ff,6a:d0:0f:27:52:3e,ff:ff:ff:ff:ff:ff,<hidden>,-31,1,2412,False,False
1778947315.6727948,management,beacon,d8:d7:75:45:81:24,ff:ff:ff:ff:ff:ff,ff:ff:ff:ff:ff:ff,d8:d7:75:45:81:24,d8:d7:75:45:81:24,FunBox2-8124,-42,1,2412,False,False
1778947315.7751758,management,beacon,d8:d7:75:45:81:24,ff:ff:ff:ff:ff:ff,ff:ff:ff:ff:ff:ff,d8:d7:75:45:81:24,d8:d7:75:45:81:24,FunBox2-8124,-43,1,2412,False,False
1778947315.8280256,management,probe_request,6a:d0:0f:27:52:3e,ff:ff:ff:ff:ff:ff,ff:ff:ff:ff:ff:ff,6a:d0:0f:27:52:3e,ff:ff:ff:ff:ff:ff,<hidden>,-79,1,2412,False,False
1778947315.8776793,management,beacon,d8:d7:75:45:81:24,ff:ff:ff:ff:ff:ff,ff:ff:ff:ff:ff:ff,d8:d7:75:45:81:24,d8:d7:75:45:81:24,FunBox2-8124,-43,1,2412,False,False
1778947315.9800873,management,beacon,d8:d7:75:45:81:24,ff:ff:ff:ff:ff:ff,ff:ff:ff:ff:ff:ff,d8:d7:75:45:81:24,d8:d7:75:45:81:24,FunBox2-8124,-45,1,2412,False,False
1778947316.0823944,management,beacon,d8:d7:75:45:81:24,ff:ff:ff:ff:ff:ff,ff:ff:ff:ff:ff:ff,d8:d7:75:45:81:24,d8:d7:75:45:81:24,FunBox2-8124,-43,1,2412,False,False
1778947316.1847742,management,beacon,d8:d7:75:45:81:24,ff:ff:ff:ff:ff:ff,ff:ff:ff:ff:ff:ff,d8:d7:75:45:81:24,d8:d7:75:45:81:24,FunBox2-8124,-42,1,2412,False,False
1778947316.1859596,data,null_data,50:02:91:e8:18:ec,d8:d7:75:45:81:24,d8:d7:75:45:81:24,50:02:91:e8:18:ec,d8:d7:75:45:81:24,,-80,1,2412,False,False
1778947316.1859622,control,ack,,50:02:91:e8:18:ec,50:02:91:e8:18:ec,,,,-44,1,2412,False,False
1778947316.2871904,management,beacon,d8:d7:75:45:81:24,ff:ff:ff:ff:ff:ff,ff:ff:ff:ff:ff:ff,d8:d7:75:45:81:24,d8:d7:75:45:81:24,FunBox2-8124,-43,1,2412,False,False
1778947316.3926003,management,beacon,d8:d7:75:45:81:24,ff:ff:ff:ff:ff:ff,ff:ff:ff:ff:ff:ff,d8:d7:75:45:81:24,d8:d7:75:45:81:24,FunBox2-8124,-46,1,2412,False,False
1778947316.4268165,data,null_data,50:02:91:e8:18:ec,d8:d7:75:45:81:24,d8:d7:75:45:81:24,50:02:91:e8:18:ec,d8:d7:75:45:81:24,,-80,1,2412,False,False
1778947316.42683,control,ack,,50:02:91:e8:18:ec,50:02:91:e8:18:ec,,,,-48,1,2412,False,False
1778947316.495008,management,beacon,d8:d7:75:45:81:24,ff:ff:ff:ff:ff:ff,ff:ff:ff:ff:ff:ff,d8:d7:75:45:81:24,d8:d7:75:45:81:24,FunBox2-8124,-43,1,2412,False,False
1778947316.6967883,management,beacon,d8:d7:75:45:81:24,ff:ff:ff:ff:ff:ff,ff:ff:ff:ff:ff:ff,d8:d7:75:45:81:24,d8:d7:75:45:81:24,FunBox2-8124,-42,1,2412,False,False
1778947316.7992494,management,beacon,d8:d7:75:45:81:24,ff:ff:ff:ff:ff:ff,ff:ff:ff:ff:ff:ff,d8:d7:75:45:81:24,d8:d7:75:45:81:24,FunBox2-8124,-45,1,2412,False,False
1778947316.901772,management,beacon,d8:d7:75:45:81:24,ff:ff:ff:ff:ff:ff,ff:ff:ff:ff:ff:ff,d8:d7:75:45:81:24,d8:d7:75:45:81:24,FunBox2-8124,-46,1,2412,False,False
1778947317.0040455,management,beacon,d8:d7:75:45:81:24,ff:ff:ff:ff:ff:ff,ff:ff:ff:ff:ff:ff,d8:d7:75:45:81:24,d8:d7:75:45:81:24,FunBox2-8124,-42,1,2412,False,False
1778947317.1064062,management,beacon,d8:d7:75:45:81:24,ff:ff:ff:ff:ff:ff,ff:ff:ff:ff:ff:ff,d8:d7:75:45:81:24,d8:d7:75:45:81:24,FunBox2-8124,-43,1,2412,False,False
1778947317.2088318,management,beacon,d8:d7:75:45:81:24,ff:ff:ff:ff:ff:ff,ff:ff:ff:ff:ff:ff,d8:d7:75:45:81:24,d8:d7:75:45:81:24,FunBox2-8124,-43,1,2412,False,False
1778947317.3112721,management,beacon,d8:d7:75:45:81:24,ff:ff:ff:ff:ff:ff,ff:ff:ff:ff:ff:ff,d8:d7:75:45:81:24,d8:d7:75:45:81:24,FunBox2-8124,-44,1,2412,False,False
1778947317.4136214,management,beacon,d8:d7:75:45:81:24,ff:ff:ff:ff:ff:ff,ff:ff:ff:ff:ff:ff,d8:d7:75:45:81:24,d8:d7:75:45:81:24,FunBox2-8124,-42,1,2412,False,False
1778947317.5160177,management,beacon,d8:d7:75:45:81:24,ff:ff:ff:ff:ff:ff,ff:ff:ff:ff:ff:ff,d8:d7:75:45:81:24,d8:d7:75:45:81:24,FunBox2-8124,-42,1,2412,False,False
1778947317.62149,data,null_data,50:02:91:e8:18:ec,d8:d7:75:45:81:24,d8:d7:75:45:81:24,50:02:91:e8:18:ec,d8:d7:75:45:81:24,,-81,1,2412,False,False
1778947317.6215048,control,ack,,50:02:91:e8:18:ec,50:02:91:e8:18:ec,,,,-47,1,2412,False,False
1778947317.7208269,management,beacon,d8:d7:75:45:81:24,ff:ff:ff:ff:ff:ff,ff:ff:ff:ff:ff:ff,d8:d7:75:45:81:24,d8:d7:75:45:81:24,FunBox2-8124,-42,1,2412,False,False
1778947317.823284,management,beacon,d8:d7:75:45:81:24,ff:ff:ff:ff:ff:ff,ff:ff:ff:ff:ff:ff,d8:d7:75:45:81:24,d8:d7:75:45:81:24,FunBox2-8124,-42,1,2412,False,False
1778947317.8626757,data,null_data,50:02:91:e8:18:ec,d8:d7:75:45:81:24,d8:d7:75:45:81:24,50:02:91:e8:18:ec,d8:d7:75:45:81:24,,-80,1,2412,False,False
1778947317.8626869,control,ack,,50:02:91:e8:18:ec,50:02:91:e8:18:ec,,,,-45,1,2412,False,False
1778947317.8631306,data,null_data,50:02:91:e8:18:ec,d8:d7:75:45:81:24,d8:d7:75:45:81:24,50:02:91:e8:18:ec,d8:d7:75:45:81:24,,-80,1,2412,False,True
1778947317.863134,control,ack,,50:02:91:e8:18:ec,50:02:91:e8:18:ec,,,,-46,1,2412,False,False
1778947317.8635707,data,null_data,50:02:91:e8:18:ec,d8:d7:75:45:81:24,d8:d7:75:45:81:24,50:02:91:e8:18:ec,d8:d7:75:45:81:24,,-80,1,2412,False,True
1778947317.8635728,control,ack,,50:02:91:e8:18:ec,50:02:91:e8:18:ec,,,,-43,1,2412,False,False
1778947317.925807,management,beacon,d8:d7:75:45:81:24,ff:ff:ff:ff:ff:ff,ff:ff:ff:ff:ff:ff,d8:d7:75:45:81:24,d8:d7:75:45:81:24,FunBox2-8124,-45,1,2412,False,False
1778947318.0280561,management,beacon,d8:d7:75:45:81:24,ff:ff:ff:ff:ff:ff,ff:ff:ff:ff:ff:ff,d8:d7:75:45:81:24,d8:d7:75:45:81:24,FunBox2-8124,-42,1,2412,False,False
1778947318.1304388,management,beacon,d8:d7:75:45:81:24,ff:ff:ff:ff:ff:ff,ff:ff:ff:ff:ff:ff,d8:d7:75:45:81:24,d8:d7:75:45:81:24,FunBox2-8124,-41,1,2412,False,False
1778947318.2328787,management,beacon,d8:d7:75:45:81:24,ff:ff:ff:ff:ff:ff,ff:ff:ff:ff:ff:ff,d8:d7:75:45:81:24,d8:d7:75:45:81:24,FunBox2-8124,-42,1,2412,False,False
1778947318.3352678,management,beacon,d8:d7:75:45:81:24,ff:ff:ff:ff:ff:ff,ff:ff:ff:ff:ff:ff,d8:d7:75:45:81:24,d8:d7:75:45:81:24,FunBox2-8124,-42,1,2412,False,False
1778947318.437657,management,beacon,d8:d7:75:45:81:24,ff:ff:ff:ff:ff:ff,ff:ff:ff:ff:ff:ff,d8:d7:75:45:81:24,d8:d7:75:45:81:24,FunBox2-8124,-43,1,2412,False,False
1778947318.5400653,management,beacon,d8:d7:75:45:81:24,ff:ff:ff:ff:ff:ff,ff:ff:ff:ff:ff:ff,d8:d7:75:45:81:24,d8:d7:75:45:81:24,FunBox2-8124,-45,1,2412,False,False
1778947318.7448912,management,beacon,d8:d7:75:45:81:24,ff:ff:ff:ff:ff:ff,ff:ff:ff:ff:ff:ff,d8:d7:75:45:81:24,d8:d7:75:45:81:24,FunBox2-8124,-45,1,2412,False,False
1778947318.8473198,management,beacon,d8:d7:75:45:81:24,ff:ff:ff:ff:ff:ff,ff:ff:ff:ff:ff:ff,d8:d7:75:45:81:24,d8:d7:75:45:81:24,FunBox2-8124,-46,1,2412,False,False
1778947318.9497185,management,beacon,d8:d7:75:45:81:24,ff:ff:ff:ff:ff:ff,ff:ff:ff:ff:ff:ff,d8:d7:75:45:81:24,d8:d7:75:45:81:24,FunBox2-8124,-45,1,2412,False,False
1778947319.052092,management,beacon,d8:d7:75:45:81:24,ff:ff:ff:ff:ff:ff,ff:ff:ff:ff:ff:ff,d8:d7:75:45:81:24,d8:d7:75:45:81:24,FunBox2-8124,-47,1,2412,False,False
1778947319.1557174,data,null_data,50:02:91:e8:18:ec,d8:d7:75:45:81:24,d8:d7:75:45:81:24,50:02:91:e8:18:ec,d8:d7:75:45:81:24,,-81,1,2412,False,False
1778947319.1557279,control,ack,,50:02:91:e8:18:ec,50:02:91:e8:18:ec,,,,-49,1,2412,False,False
1778947319.256886,management,beacon,d8:d7:75:45:81:24,ff:ff:ff:ff:ff:ff,ff:ff:ff:ff:ff:ff,d8:d7:75:45:81:24,d8:d7:75:45:81:24,FunBox2-8124,-52,1,2412,False,False
1778947319.3593209,management,beacon,d8:d7:75:45:81:24,ff:ff:ff:ff:ff:ff,ff:ff:ff:ff:ff:ff,d8:d7:75:45:81:24,d8:d7:75:45:81:24,FunBox2-8124,-44,1,2412,False,False
1778947319.4617484,management,beacon,d8:d7:75:45:81:24,ff:ff:ff:ff:ff:ff,ff:ff:ff:ff:ff:ff,d8:d7:75:45:81:24,d8:d7:75:45:81:24,FunBox2-8124,-44,1,2412,False,False
1778947319.5641086,management,beacon,d8:d7:75:45:81:24,ff:ff:ff:ff:ff:ff,ff:ff:ff:ff:ff:ff,d8:d7:75:45:81:24,d8:d7:75:45:81:24,FunBox2-8124,-50,1,2412,False,False
1778947319.569688,data,null_data,50:02:91:e8:18:ec,d8:d7:75:45:81:24,d8:d7:75:45:81:24,50:02:91:e8:18:ec,d8:d7:75:45:81:24,,-81,1,2412,False,False
1778947319.5696957,control,ack,,50:02:91:e8:18:ec,50:02:91:e8:18:ec,,,,-49,1,2412,False,False
1778947319.5701437,data,null_data,50:02:91:e8:18:ec,d8:d7:75:45:81:24,d8:d7:75:45:81:24,50:02:91:e8:18:ec,d8:d7:75:45:81:24,,-81,1,2412,False,True
1778947319.570145,control,ack,,50:02:91:e8:18:ec,50:02:91:e8:18:ec,,,,-47,1,2412,False,False
1778947319.5706017,data,null_data,50:02:91:e8:18:ec,d8:d7:75:45:81:24,d8:d7:75:45:81:24,50:02:91:e8:18:ec,d8:d7:75:45:81:24,,-81,1,2412,False,True
1778947319.5706036,control,ack,,50:02:91:e8:18:ec,50:02:91:e8:18:ec,,,,-48,1,2412,False,False
1778947319.768938,management,beacon,d8:d7:75:45:81:24,ff:ff:ff:ff:ff:ff,ff:ff:ff:ff:ff:ff,d8:d7:75:45:81:24,d8:d7:75:45:81:24,FunBox2-8124,-46,1,2412,False,False
1778947319.8114293,data,null_data,50:02:91:e8:18:ec,d8:d7:75:45:81:24,d8:d7:75:45:81:24,50:02:91:e8:18:ec,d8:d7:75:45:81:24,,-81,1,2412,False,False
1778947319.8116264,data,null_data,50:02:91:e8:18:ec,d8:d7:75:45:81:24,d8:d7:75:45:81:24,50:02:91:e8:18:ec,d8:d7:75:45:81:24,,-80,1,2412,False,True
1778947319.8119993,data,null_data,50:02:91:e8:18:ec,d8:d7:75:45:81:24,d8:d7:75:45:81:24,50:02:91:e8:18:ec,d8:d7:75:45:81:24,,-83,1,2412,False,True
1778947319.812313,data,null_data,50:02:91:e8:18:ec,d8:d7:75:45:81:24,d8:d7:75:45:81:24,50:02:91:e8:18:ec,d8:d7:75:45:81:24,,-84,1,2412,False,True
1778947319.813432,data,null_data,50:02:91:e8:18:ec,d8:d7:75:45:81:24,d8:d7:75:45:81:24,50:02:91:e8:18:ec,d8:d7:75:45:81:24,,-85,1,2412,False,True
1778947319.8140154,data,null_data,50:02:91:e8:18:ec,d8:d7:75:45:81:24,d8:d7:75:45:81:24,50:02:91:e8:18:ec,d8:d7:75:45:81:24,,-83,1,2412,False,True
1778947319.8143444,control,ack,,50:02:91:e8:18:ec,50:02:91:e8:18:ec,,,,-49,1,2412,False,False
1778947319.8231738,data,null_data,50:02:91:e8:18:ec,d8:d7:75:45:81:24,d8:d7:75:45:81:24,50:02:91:e8:18:ec,d8:d7:75:45:81:24,,-82,1,2412,False,False
1778947319.8231795,control,ack,,50:02:91:e8:18:ec,50:02:91:e8:18:ec,,,,-50,1,2412,False,False
1778947319.8236463,control,ack,,50:02:91:e8:18:ec,50:02:91:e8:18:ec,,,,-49,1,2412,False,False
1778947319.8713105,management,beacon,d8:d7:75:45:81:24,ff:ff:ff:ff:ff:ff,ff:ff:ff:ff:ff:ff,d8:d7:75:45:81:24,d8:d7:75:45:81:24,FunBox2-8124,-48,1,2412,False,False
1778947319.9737632,management,beacon,d8:d7:75:45:81:24,ff:ff:ff:ff:ff:ff,ff:ff:ff:ff:ff:ff,d8:d7:75:45:81:24,d8:d7:75:45:81:24,FunBox2-8124,-44,1,2412,False,False
1778947320.0645738,data,null_data,50:02:91:e8:18:ec,d8:d7:75:45:81:24,d8:d7:75:45:81:24,50:02:91:e8:18:ec,d8:d7:75:45:81:24,,-83,1,2412,False,False
1778947320.064586,control,ack,,50:02:91:e8:18:ec,50:02:91:e8:18:ec,,,,-45,1,2412,False,False
1778947320.076111,management,beacon,d8:d7:75:45:81:24,ff:ff:ff:ff:ff:ff,ff:ff:ff:ff:ff:ff,d8:d7:75:45:81:24,d8:d7:75:45:81:24,FunBox2-8124,-49,1,2412,False,False
1778947320.2840576,management,beacon,d8:d7:75:45:81:24,ff:ff:ff:ff:ff:ff,ff:ff:ff:ff:ff:ff,d8:d7:75:45:81:24,d8:d7:75:45:81:24,FunBox2-8124,-44,1,2412,False,False
1778947320.3833222,management,beacon,d8:d7:75:45:81:24,ff:ff:ff:ff:ff:ff,ff:ff:ff:ff:ff:ff,d8:d7:75:45:81:24,d8:d7:75:45:81:24,FunBox2-8124,-41,1,2412,False,False
1778947320.4857419,management,beacon,d8:d7:75:45:81:24,ff:ff:ff:ff:ff:ff,ff:ff:ff:ff:ff:ff,d8:d7:75:45:81:24,d8:d7:75:45:81:24,FunBox2-8124,-43,1,2412,False,False
1778947320.5881932,management,beacon,d8:d7:75:45:81:24,ff:ff:ff:ff:ff:ff,ff:ff:ff:ff:ff:ff,d8:d7:75:45:81:24,d8:d7:75:45:81:24,FunBox2-8124,-42,1,2412,False,False
1778947320.7934315,management,beacon,d8:d7:75:45:81:24,ff:ff:ff:ff:ff:ff,ff:ff:ff:ff:ff:ff,d8:d7:75:45:81:24,d8:d7:75:45:81:24,FunBox2-8124,-42,1,2412,False,False
1778947320.8953905,management,beacon,d8:d7:75:45:81:24,ff:ff:ff:ff:ff:ff,ff:ff:ff:ff:ff:ff,d8:d7:75:45:81:24,d8:d7:75:45:81:24,FunBox2-8124,-43,1,2412,False,False
1778947320.9977806,management,beacon,d8:d7:75:45:81:24,ff:ff:ff:ff:ff:ff,ff:ff:ff:ff:ff:ff,d8:d7:75:45:81:24,d8:d7:75:45:81:24,FunBox2-8124,-42,1,2412,False,False
1778947321.10019,management,beacon,d8:d7:75:45:81:24,ff:ff:ff:ff:ff:ff,ff:ff:ff:ff:ff:ff,d8:d7:75:45:81:24,d8:d7:75:45:81:24,FunBox2-8124,-41,1,2412,False,False
1778947321.308131,management,beacon,d8:d7:75:45:81:24,ff:ff:ff:ff:ff:ff,ff:ff:ff:ff:ff:ff,d8:d7:75:45:81:24,d8:d7:75:45:81:24,FunBox2-8124,-46,1,2412,False,False
1778947321.4073746,management,beacon,d8:d7:75:45:81:24,ff:ff:ff:ff:ff:ff,ff:ff:ff:ff:ff:ff,d8:d7:75:45:81:24,d8:d7:75:45:81:24,FunBox2-8124,-41,1,2412,False,False
1778947321.5098042,management,beacon,d8:d7:75:45:81:24,ff:ff:ff:ff:ff:ff,ff:ff:ff:ff:ff:ff,d8:d7:75:45:81:24,d8:d7:75:45:81:24,FunBox2-8124,-44,1,2412,False,False
1778947321.612218,management,beacon,d8:d7:75:45:81:24,ff:ff:ff:ff:ff:ff,ff:ff:ff:ff:ff:ff,d8:d7:75:45:81:24,d8:d7:75:45:81:24,FunBox2-8124,-41,1,2412,False,False
1778947321.6133947,data,null_data,50:02:91:e8:18:ec,d8:d7:75:45:81:24,d8:d7:75:45:81:24,50:02:91:e8:18:ec,d8:d7:75:45:81:24,,-81,1,2412,False,False
1778947321.6133974,control,ack,,50:02:91:e8:18:ec,50:02:91:e8:18:ec,,,,-43,1,2412,False,False
1778947321.8169763,management,beacon,d8:d7:75:45:81:24,ff:ff:ff:ff:ff:ff,ff:ff:ff:ff:ff:ff,d8:d7:75:45:81:24,d8:d7:75:45:81:24,FunBox2-8124,-41,1,2412,False,False
1778947321.8542488,data,null_data,50:02:91:e8:18:ec,d8:d7:75:45:81:24,d8:d7:75:45:81:24,50:02:91:e8:18:ec,d8:d7:75:45:81:24,,-79,1,2412,False,False
1778947321.854259,control,ack,,50:02:91:e8:18:ec,50:02:91:e8:18:ec,,,,-45,1,2412,False,False
1778947321.9193892,management,beacon,d8:d7:75:45:81:24,ff:ff:ff:ff:ff:ff,ff:ff:ff:ff:ff:ff,d8:d7:75:45:81:24,d8:d7:75:45:81:24,FunBox2-8124,-45,1,2412,False,False
1778947322.0219035,management,beacon,d8:d7:75:45:81:24,ff:ff:ff:ff:ff:ff,ff:ff:ff:ff:ff:ff,d8:d7:75:45:81:24,d8:d7:75:45:81:24,FunBox2-8124,-44,1,2412,False,False
1778947322.124187,management,beacon,d8:d7:75:45:81:24,ff:ff:ff:ff:ff:ff,ff:ff:ff:ff:ff:ff,d8:d7:75:45:81:24,d8:d7:75:45:81:24,FunBox2-8124,-43,1,2412,False,False
1778947322.328999,management,beacon,d8:d7:75:45:81:24,ff:ff:ff:ff:ff:ff,ff:ff:ff:ff:ff:ff,d8:d7:75:45:81:24,d8:d7:75:45:81:24,FunBox2-8124,-44,1,2412,False,False
1778947322.4314039,management,beacon,d8:d7:75:45:81:24,ff:ff:ff:ff:ff:ff,ff:ff:ff:ff:ff:ff,d8:d7:75:45:81:24,d8:d7:75:45:81:24,FunBox2-8124,-45,1,2412,False,False
1778947322.5338058,management,beacon,d8:d7:75:45:81:24,ff:ff:ff:ff:ff:ff,ff:ff:ff:ff:ff:ff,d8:d7:75:45:81:24,d8:d7:75:45:81:24,FunBox2-8124,-45,1,2412,False,False
1778947322.6362302,management,beacon,d8:d7:75:45:81:24,ff:ff:ff:ff:ff:ff,ff:ff:ff:ff:ff:ff,d8:d7:75:45:81:24,d8:d7:75:45:81:24,FunBox2-8124,-47,1,2412,False,False
1778947322.8422713,data,null_data,50:02:91:e8:18:ec,d8:d7:75:45:81:24,d8:d7:75:45:81:24,50:02:91:e8:18:ec,d8:d7:75:45:81:24,,-81,1,2412,False,False
1778947322.84228,control,ack,,50:02:91:e8:18:ec,50:02:91:e8:18:ec,,,,-51,1,2412,False,False
1778947322.943424,management,beacon,d8:d7:75:45:81:24,ff:ff:ff:ff:ff:ff,ff:ff:ff:ff:ff:ff,d8:d7:75:45:81:24,d8:d7:75:45:81:24,FunBox2-8124,-49,1,2412,False,False
1778947323.045819,management,beacon,d8:d7:75:45:81:24,ff:ff:ff:ff:ff:ff,ff:ff:ff:ff:ff:ff,d8:d7:75:45:81:24,d8:d7:75:45:81:24,FunBox2-8124,-45,1,2412,False,False
1778947323.0838616,data,null_data,50:02:91:e8:18:ec,d8:d7:75:45:81:24,d8:d7:75:45:81:24,50:02:91:e8:18:ec,d8:d7:75:45:81:24,,-81,1,2412,False,False
1778947323.0838757,control,ack,,50:02:91:e8:18:ec,50:02:91:e8:18:ec,,,,-46,1,2412,False,False
1778947323.0838766,data,null_data,50:02:91:e8:18:ec,d8:d7:75:45:81:24,d8:d7:75:45:81:24,50:02:91:e8:18:ec,d8:d7:75:45:81:24,,-82,1,2412,False,True
1778947323.0838773,control,ack,,50:02:91:e8:18:ec,50:02:91:e8:18:ec,,,,-46,1,2412,False,False
1778947323.1482258,management,beacon,d8:d7:75:45:81:24,ff:ff:ff:ff:ff:ff,ff:ff:ff:ff:ff:ff,d8:d7:75:45:81:24,d8:d7:75:45:81:24,FunBox2-8124,-47,1,2412,False,False
1778947323.455437,management,beacon,d8:d7:75:45:81:24,ff:ff:ff:ff:ff:ff,ff:ff:ff:ff:ff:ff,d8:d7:75:45:81:24,d8:d7:75:45:81:24,FunBox2-8124,-44,1,2412,False,False
1778947323.5578947,management,beacon,d8:d7:75:45:81:24,ff:ff:ff:ff:ff:ff,ff:ff:ff:ff:ff:ff,d8:d7:75:45:81:24,d8:d7:75:45:81:24,FunBox2-8124,-47,1,2412,False,False
1778947323.660274,management,beacon,d8:d7:75:45:81:24,ff:ff:ff:ff:ff:ff,ff:ff:ff:ff:ff:ff,d8:d7:75:45:81:24,d8:d7:75:45:81:24,FunBox2-8124,-47,1,2412,False,False
1778947323.76268,management,beacon,d8:d7:75:45:81:24,ff:ff:ff:ff:ff:ff,ff:ff:ff:ff:ff:ff,d8:d7:75:45:81:24,d8:d7:75:45:81:24,FunBox2-8124,-42,1,2412,False,False
1778947323.7651582,data,null_data,50:02:91:e8:18:ec,d8:d7:75:45:81:24,d8:d7:75:45:81:24,50:02:91:e8:18:ec,d8:d7:75:45:81:24,,-83,1,2412,False,False
1778947323.7651615,control,ack,,50:02:91:e8:18:ec,50:02:91:e8:18:ec,,,,-44,1,2412,False,False
1778947323.7655482,control,ack,,50:02:91:e8:18:ec,50:02:91:e8:18:ec,,,,-46,1,2412,False,False
1778947323.9706461,management,beacon,d8:d7:75:45:81:24,ff:ff:ff:ff:ff:ff,ff:ff:ff:ff:ff:ff,d8:d7:75:45:81:24,d8:d7:75:45:81:24,FunBox2-8124,-44,1,2412,False,False
1778947324.0063496,data,null_data,50:02:91:e8:18:ec,d8:d7:75:45:81:24,d8:d7:75:45:81:24,50:02:91:e8:18:ec,d8:d7:75:45:81:24,,-80,1,2412,False,False
1778947324.0063684,control,ack,,50:02:91:e8:18:ec,50:02:91:e8:18:ec,,,,-47,1,2412,False,False
1778947324.0700397,management,beacon,d8:d7:75:45:81:24,ff:ff:ff:ff:ff:ff,ff:ff:ff:ff:ff:ff,d8:d7:75:45:81:24,d8:d7:75:45:81:24,FunBox2-8124,-45,1,2412,False,False
1778947324.0712085,data,null_data,50:02:91:e8:18:ec,d8:d7:75:45:81:24,d8:d7:75:45:81:24,50:02:91:e8:18:ec,d8:d7:75:45:81:24,,-82,1,2412,False,False
1778947324.0712118,control,ack,,50:02:91:e8:18:ec,50:02:91:e8:18:ec,,,,-45,1,2412,False,False
1778947324.1722922,management,beacon,d8:d7:75:45:81:24,ff:ff:ff:ff:ff:ff,ff:ff:ff:ff:ff:ff,d8:d7:75:45:81:24,d8:d7:75:45:81:24,FunBox2-8124,-49,1,2412,False,False
1778947324.274704,management,beacon,d8:d7:75:45:81:24,ff:ff:ff:ff:ff:ff,ff:ff:ff:ff:ff:ff,d8:d7:75:45:81:24,d8:d7:75:45:81:24,FunBox2-8124,-45,1,2412,False,False
1778947324.3120668,data,null_data,50:02:91:e8:18:ec,d8:d7:75:45:81:24,d8:d7:75:45:81:24,50:02:91:e8:18:ec,d8:d7:75:45:81:24,,-82,1,2412,False,False
1778947324.3120747,control,ack,,50:02:91:e8:18:ec,50:02:91:e8:18:ec,,,,-48,1,2412,False,False
1778947324.479499,management,beacon,d8:d7:75:45:81:24,ff:ff:ff:ff:ff:ff,ff:ff:ff:ff:ff:ff,d8:d7:75:45:81:24,d8:d7:75:45:81:24,FunBox2-8124,-44,1,2412,False,False
1778947324.5818858,management,beacon,d8:d7:75:45:81:24,ff:ff:ff:ff:ff:ff,ff:ff:ff:ff:ff:ff,d8:d7:75:45:81:24,d8:d7:75:45:81:24,FunBox2-8124,-49,1,2412,False,False
1778947324.684304,management,beacon,d8:d7:75:45:81:24,ff:ff:ff:ff:ff:ff,ff:ff:ff:ff:ff:ff,d8:d7:75:45:81:24,d8:d7:75:45:81:24,FunBox2-8124,-50,1,2412,False,False
1778947324.786857,management,beacon,d8:d7:75:45:81:24,ff:ff:ff:ff:ff:ff,ff:ff:ff:ff:ff:ff,d8:d7:75:45:81:24,d8:d7:75:45:81:24,FunBox2-8124,-43,1,2412,False,False
1778947324.8913515,management,beacon,d8:d7:75:45:81:24,ff:ff:ff:ff:ff:ff,ff:ff:ff:ff:ff:ff,d8:d7:75:45:81:24,d8:d7:75:45:81:24,FunBox2-8124,-49,1,2412,False,False
1778947324.9915175,management,beacon,d8:d7:75:45:81:24,ff:ff:ff:ff:ff:ff,ff:ff:ff:ff:ff:ff,d8:d7:75:45:81:24,d8:d7:75:45:81:24,FunBox2-8124,-50,1,2412,False,False
1778947325.0940545,management,beacon,d8:d7:75:45:81:24,ff:ff:ff:ff:ff:ff,ff:ff:ff:ff:ff:ff,d8:d7:75:45:81:24,d8:d7:75:45:81:24,FunBox2-8124,-46,1,2412,False,False
1778947325.196324,management,beacon,d8:d7:75:45:81:24,ff:ff:ff:ff:ff:ff,ff:ff:ff:ff:ff:ff,d8:d7:75:45:81:24,d8:d7:75:45:81:24,FunBox2-8124,-46,1,2412,False,False
1778947325.298703,management,beacon,d8:d7:75:45:81:24,ff:ff:ff:ff:ff:ff,ff:ff:ff:ff:ff:ff,d8:d7:75:45:81:24,d8:d7:75:45:81:24,FunBox2-8124,-46,1,2412,False,False
1778947325.2998822,data,null_data,50:02:91:e8:18:ec,d8:d7:75:45:81:24,d8:d7:75:45:81:24,50:02:91:e8:18:ec,d8:d7:75:45:81:24,,-80,1,2412,False,False
1778947325.2998846,control,ack,,50:02:91:e8:18:ec,50:02:91:e8:18:ec,,,,-47,1,2412,False,False
1778947325.5035388,management,beacon,d8:d7:75:45:81:24,ff:ff:ff:ff:ff:ff,ff:ff:ff:ff:ff:ff,d8:d7:75:45:81:24,d8:d7:75:45:81:24,FunBox2-8124,-42,1,2412,False,False
1778947325.5407517,data,null_data,50:02:91:e8:18:ec,d8:d7:75:45:81:24,d8:d7:75:45:81:24,50:02:91:e8:18:ec,d8:d7:75:45:81:24,,-81,1,2412,False,False
1778947325.5407689,control,ack,,50:02:91:e8:18:ec,50:02:91:e8:18:ec,,,,-46,1,2412,False,False
1778947325.605959,management,beacon,d8:d7:75:45:81:24,ff:ff:ff:ff:ff:ff,ff:ff:ff:ff:ff:ff,d8:d7:75:45:81:24,d8:d7:75:45:81:24,FunBox2-8124,-46,1,2412,False,False
1778947325.708348,management,beacon,d8:d7:75:45:81:24,ff:ff:ff:ff:ff:ff,ff:ff:ff:ff:ff:ff,d8:d7:75:45:81:24,d8:d7:75:45:81:24,FunBox2-8124,-46,1,2412,False,False
1778947325.8107486,management,beacon,d8:d7:75:45:81:24,ff:ff:ff:ff:ff:ff,ff:ff:ff:ff:ff:ff,d8:d7:75:45:81:24,d8:d7:75:45:81:24,FunBox2-8124,-43,1,2412,False,False
1778947326.015534,management,beacon,d8:d7:75:45:81:24,ff:ff:ff:ff:ff:ff,ff:ff:ff:ff:ff:ff,d8:d7:75:45:81:24,d8:d7:75:45:81:24,FunBox2-8124,-52,1,2412,False,False
1778947326.2235434,management,beacon,d8:d7:75:45:81:24,ff:ff:ff:ff:ff:ff,ff:ff:ff:ff:ff:ff,d8:d7:75:45:81:24,d8:d7:75:45:81:24,FunBox2-8124,-51,1,2412,False,False
1778947326.5276024,management,beacon,d8:d7:75:45:81:24,ff:ff:ff:ff:ff:ff,ff:ff:ff:ff:ff:ff,d8:d7:75:45:81:24,d8:d7:75:45:81:24,FunBox2-8124,-57,1,2412,False,False
1778947326.633228,management,beacon,d8:d7:75:45:81:24,ff:ff:ff:ff:ff:ff,ff:ff:ff:ff:ff:ff,d8:d7:75:45:81:24,d8:d7:75:45:81:24,FunBox2-8124,-47,1,2412,False,False
1778947326.7324052,management,beacon,d8:d7:75:45:81:24,ff:ff:ff:ff:ff:ff,ff:ff:ff:ff:ff:ff,d8:d7:75:45:81:24,d8:d7:75:45:81:24,FunBox2-8124,-60,1,2412,False,False
1778947326.8391895,data,null_data,50:02:91:e8:18:ec,d8:d7:75:45:81:24,d8:d7:75:45:81:24,50:02:91:e8:18:ec,d8:d7:75:45:81:24,,-83,1,2412,False,False
1778947326.8392048,control,ack,,50:02:91:e8:18:ec,50:02:91:e8:18:ec,,,,-50,1,2412,False,False
1778947327.0395734,management,beacon,d8:d7:75:45:81:24,ff:ff:ff:ff:ff:ff,ff:ff:ff:ff:ff:ff,d8:d7:75:45:81:24,d8:d7:75:45:81:24,FunBox2-8124,-50,1,2412,False,False
1778947327.08,data,null_data,50:02:91:e8:18:ec,d8:d7:75:45:81:24,d8:d7:75:45:81:24,50:02:91:e8:18:ec,d8:d7:75:45:81:24,,-82,1,2412,False,False
1778947327.0801604,data,null_data,50:02:91:e8:18:ec,d8:d7:75:45:81:24,d8:d7:75:45:81:24,50:02:91:e8:18:ec,d8:d7:75:45:81:24,,-82,1,2412,False,True
1778947327.0804808,data,null_data,50:02:91:e8:18:ec,d8:d7:75:45:81:24,d8:d7:75:45:81:24,50:02:91:e8:18:ec,d8:d7:75:45:81:24,,-84,1,2412,False,True
1778947327.0819142,data,null_data,50:02:91:e8:18:ec,d8:d7:75:45:81:24,d8:d7:75:45:81:24,50:02:91:e8:18:ec,d8:d7:75:45:81:24,,-85,1,2412,False,True
1778947327.0827248,data,null_data,50:02:91:e8:18:ec,d8:d7:75:45:81:24,d8:d7:75:45:81:24,50:02:91:e8:18:ec,d8:d7:75:45:81:24,,-82,1,2412,False,True
1778947327.0830417,control,ack,,50:02:91:e8:18:ec,50:02:91:e8:18:ec,,,,-53,1,2412,False,False
1778947327.1452534,management,beacon,d8:d7:75:45:81:24,ff:ff:ff:ff:ff:ff,ff:ff:ff:ff:ff:ff,d8:d7:75:45:81:24,d8:d7:75:45:81:24,FunBox2-8124,-46,1,2412,False,False
1778947327.2443786,management,beacon,d8:d7:75:45:81:24,ff:ff:ff:ff:ff:ff,ff:ff:ff:ff:ff:ff,d8:d7:75:45:81:24,d8:d7:75:45:81:24,FunBox2-8124,-54,1,2412,False,False
1778947327.5548143,management,beacon,d8:d7:75:45:81:24,ff:ff:ff:ff:ff:ff,ff:ff:ff:ff:ff:ff,d8:d7:75:45:81:24,d8:d7:75:45:81:24,FunBox2-8124,-45,1,2412,False,False
1778947327.7564435,management,beacon,d8:d7:75:45:81:24,ff:ff:ff:ff:ff:ff,ff:ff:ff:ff:ff:ff,d8:d7:75:45:81:24,d8:d7:75:45:81:24,FunBox2-8124,-45,1,2412,False,False
1778947327.8588178,management,beacon,d8:d7:75:45:81:24,ff:ff:ff:ff:ff:ff,ff:ff:ff:ff:ff:ff,d8:d7:75:45:81:24,d8:d7:75:45:81:24,FunBox2-8124,-58,1,2412,False,False
1778947328.0636299,management,beacon,d8:d7:75:45:81:24,ff:ff:ff:ff:ff:ff,ff:ff:ff:ff:ff:ff,d8:d7:75:45:81:24,d8:d7:75:45:81:24,FunBox2-8124,-45,1,2412,False,False
1778947328.1692543,management,beacon,d8:d7:75:45:81:24,ff:ff:ff:ff:ff:ff,ff:ff:ff:ff:ff:ff,d8:d7:75:45:81:24,d8:d7:75:45:81:24,FunBox2-8124,-44,1,2412,False,False
1778947328.1704617,data,null_data,50:02:91:e8:18:ec,d8:d7:75:45:81:24,d8:d7:75:45:81:24,50:02:91:e8:18:ec,d8:d7:75:45:81:24,,-87,1,2412,False,False
1778947328.1704645,control,ack,,50:02:91:e8:18:ec,50:02:91:e8:18:ec,,,,-48,1,2412,False,False
1778947328.268432,management,beacon,d8:d7:75:45:81:24,ff:ff:ff:ff:ff:ff,ff:ff:ff:ff:ff:ff,d8:d7:75:45:81:24,d8:d7:75:45:81:24,FunBox2-8124,-52,1,2412,False,False
1778947328.370855,management,beacon,d8:d7:75:45:81:24,ff:ff:ff:ff:ff:ff,ff:ff:ff:ff:ff:ff,d8:d7:75:45:81:24,d8:d7:75:45:81:24,FunBox2-8124,-46,1,2412,False,False
1778947328.4113283,data,null_data,50:02:91:e8:18:ec,d8:d7:75:45:81:24,d8:d7:75:45:81:24,50:02:91:e8:18:ec,d8:d7:75:45:81:24,,-86,1,2412,False,False
1778947328.4113405,control,ack,,50:02:91:e8:18:ec,50:02:91:e8:18:ec,,,,-49,1,2412,False,False
1778947328.4732745,management,beacon,d8:d7:75:45:81:24,ff:ff:ff:ff:ff:ff,ff:ff:ff:ff:ff:ff,d8:d7:75:45:81:24,d8:d7:75:45:81:24,FunBox2-8124,-47,1,2412,False,False
1778947328.5789201,management,beacon,d8:d7:75:45:81:24,ff:ff:ff:ff:ff:ff,ff:ff:ff:ff:ff:ff,d8:d7:75:45:81:24,d8:d7:75:45:81:24,FunBox2-8124,-46,1,2412,False,False
1778947328.681282,management,beacon,d8:d7:75:45:81:24,ff:ff:ff:ff:ff:ff,ff:ff:ff:ff:ff:ff,d8:d7:75:45:81:24,d8:d7:75:45:81:24,FunBox2-8124,-48,1,2412,False,False
1778947328.7804585,management,beacon,d8:d7:75:45:81:24,ff:ff:ff:ff:ff:ff,ff:ff:ff:ff:ff:ff,d8:d7:75:45:81:24,d8:d7:75:45:81:24,FunBox2-8124,-48,1,2412,False,False
1778947328.8828626,management,beacon,d8:d7:75:45:81:24,ff:ff:ff:ff:ff:ff,ff:ff:ff:ff:ff:ff,d8:d7:75:45:81:24,d8:d7:75:45:81:24,FunBox2-8124,-45,1,2412,False,False
1778947328.9852655,management,beacon,d8:d7:75:45:81:24,ff:ff:ff:ff:ff:ff,ff:ff:ff:ff:ff:ff,d8:d7:75:45:81:24,d8:d7:75:45:81:24,FunBox2-8124,-44,1,2412,False,False
1778947329.0909076,management,beacon,d8:d7:75:45:81:24,ff:ff:ff:ff:ff:ff,ff:ff:ff:ff:ff:ff,d8:d7:75:45:81:24,d8:d7:75:45:81:24,FunBox2-8124,-45,1,2412,False,False
1778947329.1900566,management,beacon,d8:d7:75:45:81:24,ff:ff:ff:ff:ff:ff,ff:ff:ff:ff:ff:ff,d8:d7:75:45:81:24,d8:d7:75:45:81:24,FunBox2-8124,-43,1,2412,False,False
1778947329.2925036,management,beacon,d8:d7:75:45:81:24,ff:ff:ff:ff:ff:ff,ff:ff:ff:ff:ff:ff,d8:d7:75:45:81:24,d8:d7:75:45:81:24,FunBox2-8124,-44,1,2412,False,False
1778947329.3949077,management,beacon,d8:d7:75:45:81:24,ff:ff:ff:ff:ff:ff,ff:ff:ff:ff:ff:ff,d8:d7:75:45:81:24,d8:d7:75:45:81:24,FunBox2-8124,-44,1,2412,False,False
1778947329.4972637,management,beacon,d8:d7:75:45:81:24,ff:ff:ff:ff:ff:ff,ff:ff:ff:ff:ff:ff,d8:d7:75:45:81:24,d8:d7:75:45:81:24,FunBox2-8124,-42,1,2412,False,False
1778947329.599682,management,beacon,d8:d7:75:45:81:24,ff:ff:ff:ff:ff:ff,ff:ff:ff:ff:ff:ff,d8:d7:75:45:81:24,d8:d7:75:45:81:24,FunBox2-8124,-43,1,2412,False,False
1778947329.6009052,data,null_data,50:02:91:e8:18:ec,d8:d7:75:45:81:24,d8:d7:75:45:81:24,50:02:91:e8:18:ec,d8:d7:75:45:81:24,,-84,1,2412,False,False
1778947329.6009076,control,ack,,50:02:91:e8:18:ec,50:02:91:e8:18:ec,,,,-46,1,2412,False,False
1778947329.80776,management,beacon,d8:d7:75:45:81:24,ff:ff:ff:ff:ff:ff,ff:ff:ff:ff:ff:ff,d8:d7:75:45:81:24,d8:d7:75:45:81:24,FunBox2-8124,-49,1,2412,False,False
1778947329.841759,data,null_data,50:02:91:e8:18:ec,d8:d7:75:45:81:24,d8:d7:75:45:81:24,50:02:91:e8:18:ec,d8:d7:75:45:81:24,,-81,1,2412,False,False
1778947329.8417678,control,ack,,50:02:91:e8:18:ec,50:02:91:e8:18:ec,,,,-47,1,2412,False,False
1778947329.90691,management,beacon,d8:d7:75:45:81:24,ff:ff:ff:ff:ff:ff,ff:ff:ff:ff:ff:ff,d8:d7:75:45:81:24,d8:d7:75:45:81:24,FunBox2-8124,-46,1,2412,False,False
1778947330.111739,management,beacon,d8:d7:75:45:81:24,ff:ff:ff:ff:ff:ff,ff:ff:ff:ff:ff:ff,d8:d7:75:45:81:24,d8:d7:75:45:81:24,FunBox2-8124,-43,1,2412,False,False
1778947330.2141016,management,beacon,d8:d7:75:45:81:24,ff:ff:ff:ff:ff:ff,ff:ff:ff:ff:ff:ff,d8:d7:75:45:81:24,d8:d7:75:45:81:24,FunBox2-8124,-44,1,2412,False,False
1778947330.2153006,data,data,d8:d7:75:45:81:24,01:00:5e:00:00:01,01:00:5e:00:00:01,d8:d7:75:45:81:24,d8:d7:75:45:81:24,,-45,1,2412,True,False
1778947330.216016,control,ack,,d8:d7:75:45:81:24,d8:d7:75:45:81:24,,,,-86,1,2412,False,False
1778947330.2160177,data,null_data,50:02:91:e8:18:ec,d8:d7:75:45:81:24,d8:d7:75:45:81:24,50:02:91:e8:18:ec,d8:d7:75:45:81:24,,-89,1,2412,False,False
1778947330.2160192,control,ack,,50:02:91:e8:18:ec,50:02:91:e8:18:ec,,,,-56,1,2412,False,False
1778947330.21602,data,null_data,50:02:91:e8:18:ec,d8:d7:75:45:81:24,d8:d7:75:45:81:24,50:02:91:e8:18:ec,d8:d7:75:45:81:24,,-84,1,2412,False,True
1778947330.2160213,control,ack,,50:02:91:e8:18:ec,50:02:91:e8:18:ec,,,,-56,1,2412,False,False
1778947330.3197856,management,beacon,d8:d7:75:45:81:24,ff:ff:ff:ff:ff:ff,ff:ff:ff:ff:ff:ff,d8:d7:75:45:81:24,d8:d7:75:45:81:24,FunBox2-8124,-48,1,2412,False,False
1778947330.4189475,management,beacon,d8:d7:75:45:81:24,ff:ff:ff:ff:ff:ff,ff:ff:ff:ff:ff:ff,d8:d7:75:45:81:24,d8:d7:75:45:81:24,FunBox2-8124,-44,1,2412,False,False
1778947330.4569147,data,null_data,50:02:91:e8:18:ec,d8:d7:75:45:81:24,d8:d7:75:45:81:24,50:02:91:e8:18:ec,d8:d7:75:45:81:24,,-82,1,2412,False,False
1778947330.4569225,control,ack,,50:02:91:e8:18:ec,50:02:91:e8:18:ec,,,,-44,1,2412,False,False
1778947330.5223372,management,beacon,d8:d7:75:45:81:24,ff:ff:ff:ff:ff:ff,ff:ff:ff:ff:ff:ff,d8:d7:75:45:81:24,d8:d7:75:45:81:24,FunBox2-8124,-45,1,2412,False,False
1778947330.59398,data,null_data,50:02:91:e8:18:ec,d8:d7:75:45:81:24,d8:d7:75:45:81:24,50:02:91:e8:18:ec,d8:d7:75:45:81:24,,-82,1,2412,False,False
1778947330.5939968,control,ack,,50:02:91:e8:18:ec,50:02:91:e8:18:ec,,,,-44,1,2412,False,False
1778947330.623704,management,beacon,d8:d7:75:45:81:24,ff:ff:ff:ff:ff:ff,ff:ff:ff:ff:ff:ff,d8:d7:75:45:81:24,d8:d7:75:45:81:24,FunBox2-8124,-50,1,2412,False,False
1778947330.6412446,data,qos_data,d8:d7:75:45:81:24,50:02:91:e8:18:ec,50:02:91:e8:18:ec,d8:d7:75:45:81:24,d8:d7:75:45:81:24,,-48,1,2412,True,False
1778947330.6417027,data,qos_data,d8:d7:75:45:81:24,50:02:91:e8:18:ec,50:02:91:e8:18:ec,d8:d7:75:45:81:24,d8:d7:75:45:81:24,,-47,1,2412,True,True
1778947330.6424613,data,qos_data,d8:d7:75:45:81:24,50:02:91:e8:18:ec,50:02:91:e8:18:ec,d8:d7:75:45:81:24,d8:d7:75:45:81:24,,-47,1,2412,True,True
1778947330.6436815,data,qos_data,d8:d7:75:45:81:24,50:02:91:e8:18:ec,50:02:91:e8:18:ec,d8:d7:75:45:81:24,d8:d7:75:45:81:24,,-47,1,2412,True,True
1778947330.6436849,control,ack,,d8:d7:75:45:81:24,d8:d7:75:45:81:24,,,,-81,1,2412,False,False
1778947330.726155,management,beacon,d8:d7:75:45:81:24,ff:ff:ff:ff:ff:ff,ff:ff:ff:ff:ff:ff,d8:d7:75:45:81:24,d8:d7:75:45:81:24,FunBox2-8124,-42,1,2412,False,False
1778947330.773632,data,qos_data,d8:d7:75:45:81:24,50:02:91:e8:18:ec,50:02:91:e8:18:ec,d8:d7:75:45:81:24,d8:d7:75:45:81:24,,-47,1,2412,True,False
1778947330.8285148,management,beacon,d8:d7:75:45:81:24,ff:ff:ff:ff:ff:ff,ff:ff:ff:ff:ff:ff,d8:d7:75:45:81:24,d8:d7:75:45:81:24,FunBox2-8124,-43,1,2412,False,False
1778947330.930975,management,beacon,d8:d7:75:45:81:24,ff:ff:ff:ff:ff:ff,ff:ff:ff:ff:ff:ff,d8:d7:75:45:81:24,d8:d7:75:45:81:24,FunBox2-8124,-44,1,2412,False,False
1778947330.9752817,control,rts,50:02:91:e8:18:ec,d8:d7:75:45:81:24,d8:d7:75:45:81:24,50:02:91:e8:18:ec,,,-83,1,2412,False,False
1778947330.9752905,control,cts,,50:02:91:e8:18:ec,50:02:91:e8:18:ec,,,,-57,1,2412,False,False
1778947330.9752913,control,ack,,50:02:91:e8:18:ec,50:02:91:e8:18:ec,,,,-63,1,2412,False,False
1778947331.1357653,management,beacon,d8:d7:75:45:81:24,ff:ff:ff:ff:ff:ff,ff:ff:ff:ff:ff:ff,d8:d7:75:45:81:24,d8:d7:75:45:81:24,FunBox2-8124,-47,1,2412,False,False
1778947331.197986,data,data,d8:d7:75:45:81:24,ff:ff:ff:ff:ff:ff,ff:ff:ff:ff:ff:ff,d8:d7:75:45:81:24,d8:d7:75:45:81:24,,-49,1,2412,True,False
1778947331.1982915,control,ack,,d8:d7:75:45:81:24,d8:d7:75:45:81:24,,,,-87,1,2412,False,False
1778947331.1995733,data,data,d8:d7:75:45:81:24,ff:ff:ff:ff:ff:ff,ff:ff:ff:ff:ff:ff,d8:d7:75:45:81:24,d8:d7:75:45:81:24,,-55,1,2412,True,False
1778947331.199889,control,ack,,d8:d7:75:45:81:24,d8:d7:75:45:81:24,,,,-88,1,2412,False,False
1778947331.238183,management,beacon,d8:d7:75:45:81:24,ff:ff:ff:ff:ff:ff,ff:ff:ff:ff:ff:ff,d8:d7:75:45:81:24,d8:d7:75:45:81:24,FunBox2-8124,-55,1,2412,False,False
1778947331.3438525,management,beacon,d8:d7:75:45:81:24,ff:ff:ff:ff:ff:ff,ff:ff:ff:ff:ff:ff,d8:d7:75:45:81:24,d8:d7:75:45:81:24,FunBox2-8124,-50,1,2412,False,False
1778947331.3790338,management,probe_request,b6:e6:7f:1a:96:32,ff:ff:ff:ff:ff:ff,ff:ff:ff:ff:ff:ff,b6:e6:7f:1a:96:32,ff:ff:ff:ff:ff:ff,<hidden>,-41,1,2412,False,False
1778947331.379331,control,ack,,b6:e6:7f:1a:96:32,b6:e6:7f:1a:96:32,,,,-84,1,2412,False,False
1778947331.3825912,management,probe_response,d8:d7:75:45:81:24,b6:e6:7f:1a:96:32,b6:e6:7f:1a:96:32,d8:d7:75:45:81:24,d8:d7:75:45:81:24,FunBox2-8124,-51,1,2412,False,False
1778947331.3828917,control,ack,,d8:d7:75:45:81:24,d8:d7:75:45:81:24,,,,-41,1,2412,False,False
1778947331.3993714,management,probe_request,b6:e6:7f:1a:96:32,ff:ff:ff:ff:ff:ff,ff:ff:ff:ff:ff:ff,b6:e6:7f:1a:96:32,ff:ff:ff:ff:ff:ff,<hidden>,-42,1,2412,False,False
1778947331.3996656,control,ack,,b6:e6:7f:1a:96:32,b6:e6:7f:1a:96:32,,,,-87,1,2412,False,False
1778947331.4032505,control,ack,,d8:d7:75:45:81:24,d8:d7:75:45:81:24,,,,-41,1,2412,False,False
1778947331.443198,control,ack,,50:02:91:e8:18:ec,50:02:91:e8:18:ec,,,,-51,1,2412,False,False
1778947331.4458582,management,beacon,d8:d7:75:45:81:24,ff:ff:ff:ff:ff:ff,ff:ff:ff:ff:ff:ff,d8:d7:75:45:81:24,d8:d7:75:45:81:24,FunBox2-8124,-53,1,2412,False,False
1778947331.545356,management,beacon,d8:d7:75:45:81:24,ff:ff:ff:ff:ff:ff,ff:ff:ff:ff:ff:ff,d8:d7:75:45:81:24,d8:d7:75:45:81:24,FunBox2-8124,-46,1,2412,False,False
1778947331.647741,management,beacon,d8:d7:75:45:81:24,ff:ff:ff:ff:ff:ff,ff:ff:ff:ff:ff:ff,d8:d7:75:45:81:24,d8:d7:75:45:81:24,FunBox2-8124,-45,1,2412,False,False
1778947331.7423258,control,rts,54:35:30:cf:ee:1e,d8:d7:75:45:81:24,d8:d7:75:45:81:24,54:35:30:cf:ee:1e,,,-56,1,2412,False,False
1778947331.7423353,control,cts,,54:35:30:cf:ee:1e,54:35:30:cf:ee:1e,,,,-61,1,2412,False,False
1778947331.742337,data,qos_data,54:35:30:cf:ee:1e,d8:d7:75:45:81:24,d8:d7:75:45:81:24,54:35:30:cf:ee:1e,01:00:5e:7f:ff:fa,,-57,1,2412,True,False
1778947331.742339,control,block_ack,d8:d7:75:45:81:24,54:35:30:cf:ee:1e,54:35:30:cf:ee:1e,d8:d7:75:45:81:24,,,-56,1,2412,False,False
1778947331.7501438,management,beacon,d8:d7:75:45:81:24,ff:ff:ff:ff:ff:ff,ff:ff:ff:ff:ff:ff,d8:d7:75:45:81:24,d8:d7:75:45:81:24,FunBox2-8124,-56,1,2412,False,False
1778947331.7518022,control,ack,,d8:d7:75:45:81:24,d8:d7:75:45:81:24,,,,-87,1,2412,False,False
1778947331.7518053,control,ack,,50:02:91:e8:18:ec,50:02:91:e8:18:ec,,,,-61,1,2412,False,False
1778947331.852564,management,beacon,d8:d7:75:45:81:24,ff:ff:ff:ff:ff:ff,ff:ff:ff:ff:ff:ff,d8:d7:75:45:81:24,d8:d7:75:45:81:24,FunBox2-8124,-46,1,2412,False,False
1778947331.9549468,management,beacon,d8:d7:75:45:81:24,ff:ff:ff:ff:ff:ff,ff:ff:ff:ff:ff:ff,d8:d7:75:45:81:24,d8:d7:75:45:81:24,FunBox2-8124,-46,1,2412,False,False
1778947331.9927106,data,null_data,50:02:91:e8:18:ec,d8:d7:75:45:81:24,d8:d7:75:45:81:24,50:02:91:e8:18:ec,d8:d7:75:45:81:24,,-81,1,2412,False,False
1778947331.9927256,control,ack,,50:02:91:e8:18:ec,50:02:91:e8:18:ec,,,,-54,1,2412,False,False
1778947332.0573792,management,beacon,d8:d7:75:45:81:24,ff:ff:ff:ff:ff:ff,ff:ff:ff:ff:ff:ff,d8:d7:75:45:81:24,d8:d7:75:45:81:24,FunBox2-8124,-42,1,2412,False,False
1778947332.159763,management,beacon,d8:d7:75:45:81:24,ff:ff:ff:ff:ff:ff,ff:ff:ff:ff:ff:ff,d8:d7:75:45:81:24,d8:d7:75:45:81:24,FunBox2-8124,-42,1,2412,False,False
1778947332.2621984,management,beacon,d8:d7:75:45:81:24,ff:ff:ff:ff:ff:ff,ff:ff:ff:ff:ff:ff,d8:d7:75:45:81:24,d8:d7:75:45:81:24,FunBox2-8124,-43,1,2412,False,False
1778947332.3646152,management,beacon,d8:d7:75:45:81:24,ff:ff:ff:ff:ff:ff,ff:ff:ff:ff:ff:ff,d8:d7:75:45:81:24,d8:d7:75:45:81:24,FunBox2-8124,-44,1,2412,False,False
1778947332.4670322,management,beacon,d8:d7:75:45:81:24,ff:ff:ff:ff:ff:ff,ff:ff:ff:ff:ff:ff,d8:d7:75:45:81:24,d8:d7:75:45:81:24,FunBox2-8124,-43,1,2412,False,False
1778947332.4837494,control,rts,54:35:30:cf:ee:1e,d8:d7:75:45:81:24,d8:d7:75:45:81:24,54:35:30:cf:ee:1e,,,-58,1,2412,False,False
1778947332.4837546,control,cts,,54:35:30:cf:ee:1e,54:35:30:cf:ee:1e,,,,-46,1,2412,False,False
1778947332.4837563,data,qos_data,54:35:30:cf:ee:1e,d8:d7:75:45:81:24,d8:d7:75:45:81:24,54:35:30:cf:ee:1e,ff:ff:ff:ff:ff:ff,,-58,1,2412,True,False
1778947332.483758,control,block_ack,d8:d7:75:45:81:24,54:35:30:cf:ee:1e,54:35:30:cf:ee:1e,d8:d7:75:45:81:24,,,-45,1,2412,False,False
1778947332.5712016,management,beacon,d8:d7:75:45:81:24,ff:ff:ff:ff:ff:ff,ff:ff:ff:ff:ff:ff,d8:d7:75:45:81:24,d8:d7:75:45:81:24,FunBox2-8124,-47,1,2412,False,False
1778947332.6020973,control,rts,d8:d7:75:45:81:24,54:35:30:cf:ee:1e,54:35:30:cf:ee:1e,d8:d7:75:45:81:24,,,-49,1,2412,False,False
1778947332.6021025,control,cts,,d8:d7:75:45:81:24,d8:d7:75:45:81:24,,,,-56,1,2412,False,False
1778947332.6021044,data,qos_data,d8:d7:75:45:81:24,54:35:30:cf:ee:1e,54:35:30:cf:ee:1e,d8:d7:75:45:81:24,a0:29:42:95:01:2d,,-49,1,2412,True,False
1778947332.6021073,control,block_ack,54:35:30:cf:ee:1e,d8:d7:75:45:81:24,d8:d7:75:45:81:24,54:35:30:cf:ee:1e,,,-57,1,2412,False,False
1778947332.6717846,management,beacon,d8:d7:75:45:81:24,ff:ff:ff:ff:ff:ff,ff:ff:ff:ff:ff:ff,d8:d7:75:45:81:24,d8:d7:75:45:81:24,FunBox2-8124,-49,1,2412,False,False
1778947332.6728559,data,data,d8:d7:75:45:81:24,ff:ff:ff:ff:ff:ff,ff:ff:ff:ff:ff:ff,d8:d7:75:45:81:24,54:35:30:cf:ee:1e,,-47,1,2412,True,False
1778947332.673346,control,ack,,d8:d7:75:45:81:24,d8:d7:75:45:81:24,,,,-86,1,2412,False,False
1778947332.6733475,control,ack,,50:02:91:e8:18:ec,50:02:91:e8:18:ec,,,,-49,1,2412,False,False
1778947332.7742121,management,beacon,d8:d7:75:45:81:24,ff:ff:ff:ff:ff:ff,ff:ff:ff:ff:ff:ff,d8:d7:75:45:81:24,d8:d7:75:45:81:24,FunBox2-8124,-45,1,2412,False,False
1778947332.8765905,management,beacon,d8:d7:75:45:81:24,ff:ff:ff:ff:ff:ff,ff:ff:ff:ff:ff:ff,d8:d7:75:45:81:24,d8:d7:75:45:81:24,FunBox2-8124,-45,1,2412,False,False
1778947332.914182,data,null_data,50:02:91:e8:18:ec,d8:d7:75:45:81:24,d8:d7:75:45:81:24,50:02:91:e8:18:ec,d8:d7:75:45:81:24,,-82,1,2412,False,False
1778947332.9144275,data,null_data,50:02:91:e8:18:ec,d8:d7:75:45:81:24,d8:d7:75:45:81:24,50:02:91:e8:18:ec,d8:d7:75:45:81:24,,-82,1,2412,False,True
1778947332.9144297,control,ack,,50:02:91:e8:18:ec,50:02:91:e8:18:ec,,,,-47,1,2412,False,False
1778947332.979009,management,beacon,d8:d7:75:45:81:24,ff:ff:ff:ff:ff:ff,ff:ff:ff:ff:ff:ff,d8:d7:75:45:81:24,d8:d7:75:45:81:24,FunBox2-8124,-48,1,2412,False,False
1778947333.081412,management,beacon,d8:d7:75:45:81:24,ff:ff:ff:ff:ff:ff,ff:ff:ff:ff:ff:ff,d8:d7:75:45:81:24,d8:d7:75:45:81:24,FunBox2-8124,-49,1,2412,False,False
1778947333.1838143,management,beacon,d8:d7:75:45:81:24,ff:ff:ff:ff:ff:ff,ff:ff:ff:ff:ff:ff,d8:d7:75:45:81:24,d8:d7:75:45:81:24,FunBox2-8124,-48,1,2412,False,False
1778947333.2862034,management,beacon,d8:d7:75:45:81:24,ff:ff:ff:ff:ff:ff,ff:ff:ff:ff:ff:ff,d8:d7:75:45:81:24,d8:d7:75:45:81:24,FunBox2-8124,-51,1,2412,False,False
1778947333.3886626,management,beacon,d8:d7:75:45:81:24,ff:ff:ff:ff:ff:ff,ff:ff:ff:ff:ff:ff,d8:d7:75:45:81:24,d8:d7:75:45:81:24,FunBox2-8124,-47,1,2412,False,False
1778947333.4911034,management,beacon,d8:d7:75:45:81:24,ff:ff:ff:ff:ff:ff,ff:ff:ff:ff:ff:ff,d8:d7:75:45:81:24,d8:d7:75:45:81:24,FunBox2-8124,-45,1,2412,False,False
1778947333.5934165,management,beacon,d8:d7:75:45:81:24,ff:ff:ff:ff:ff:ff,ff:ff:ff:ff:ff:ff,d8:d7:75:45:81:24,d8:d7:75:45:81:24,FunBox2-8124,-45,1,2412,False,False
1778947333.5946884,data,null_data,50:02:91:e8:18:ec,d8:d7:75:45:81:24,d8:d7:75:45:81:24,50:02:91:e8:18:ec,d8:d7:75:45:81:24,,-82,1,2412,False,False
1778947333.5946915,control,ack,,50:02:91:e8:18:ec,50:02:91:e8:18:ec,,,,-46,1,2412,False,False
1778947333.5952587,management,action,d8:d7:75:45:81:24,50:02:91:e8:18:ec,50:02:91:e8:18:ec,d8:d7:75:45:81:24,d8:d7:75:45:81:24,,-46,1,2412,False,False
1778947333.5955718,control,ack,,d8:d7:75:45:81:24,d8:d7:75:45:81:24,,,,-83,1,2412,False,False
1778947333.595867,management,action,50:02:91:e8:18:ec,d8:d7:75:45:81:24,d8:d7:75:45:81:24,50:02:91:e8:18:ec,d8:d7:75:45:81:24,,-82,1,2412,False,False
1778947333.595869,control,ack,,50:02:91:e8:18:ec,50:02:91:e8:18:ec,,,,-47,1,2412,False,False
1778947333.695831,management,beacon,d8:d7:75:45:81:24,ff:ff:ff:ff:ff:ff,ff:ff:ff:ff:ff:ff,d8:d7:75:45:81:24,d8:d7:75:45:81:24,FunBox2-8124,-45,1,2412,False,False
1778947333.798237,management,beacon,d8:d7:75:45:81:24,ff:ff:ff:ff:ff:ff,ff:ff:ff:ff:ff:ff,d8:d7:75:45:81:24,d8:d7:75:45:81:24,FunBox2-8124,-45,1,2412,False,False
1778947333.8369105,control,ack,,50:02:91:e8:18:ec,50:02:91:e8:18:ec,,,,-45,1,2412,False,False
1778947333.9006531,management,beacon,d8:d7:75:45:81:24,ff:ff:ff:ff:ff:ff,ff:ff:ff:ff:ff:ff,d8:d7:75:45:81:24,d8:d7:75:45:81:24,FunBox2-8124,-47,1,2412,False,False
1778947334.0030594,management,beacon,d8:d7:75:45:81:24,ff:ff:ff:ff:ff:ff,ff:ff:ff:ff:ff:ff,d8:d7:75:45:81:24,d8:d7:75:45:81:24,FunBox2-8124,-46,1,2412,False,False
1778947334.1054294,management,beacon,d8:d7:75:45:81:24,ff:ff:ff:ff:ff:ff,ff:ff:ff:ff:ff:ff,d8:d7:75:45:81:24,d8:d7:75:45:81:24,FunBox2-8124,-43,1,2412,False,False
1778947334.2078414,management,beacon,d8:d7:75:45:81:24,ff:ff:ff:ff:ff:ff,ff:ff:ff:ff:ff:ff,d8:d7:75:45:81:24,d8:d7:75:45:81:24,FunBox2-8124,-47,1,2412,False,False
1778947334.310276,management,beacon,d8:d7:75:45:81:24,ff:ff:ff:ff:ff:ff,ff:ff:ff:ff:ff:ff,d8:d7:75:45:81:24,d8:d7:75:45:81:24,FunBox2-8124,-44,1,2412,False,False
1778947334.4126806,management,beacon,d8:d7:75:45:81:24,ff:ff:ff:ff:ff:ff,ff:ff:ff:ff:ff:ff,d8:d7:75:45:81:24,d8:d7:75:45:81:24,FunBox2-8124,-46,1,2412,False,False
1778947334.5150888,management,beacon,d8:d7:75:45:81:24,ff:ff:ff:ff:ff:ff,ff:ff:ff:ff:ff:ff,d8:d7:75:45:81:24,d8:d7:75:45:81:24,FunBox2-8124,-46,1,2412,False,False
1778947334.6175153,management,beacon,d8:d7:75:45:81:24,ff:ff:ff:ff:ff:ff,ff:ff:ff:ff:ff:ff,d8:d7:75:45:81:24,d8:d7:75:45:81:24,FunBox2-8124,-47,1,2412,False,False
1778947334.719882,management,beacon,d8:d7:75:45:81:24,ff:ff:ff:ff:ff:ff,ff:ff:ff:ff:ff:ff,d8:d7:75:45:81:24,d8:d7:75:45:81:24,FunBox2-8124,-46,1,2412,False,False
1778947334.8222651,management,beacon,d8:d7:75:45:81:24,ff:ff:ff:ff:ff:ff,ff:ff:ff:ff:ff:ff,d8:d7:75:45:81:24,d8:d7:75:45:81:24,FunBox2-8124,-48,1,2412,False,False
1778947334.9246957,management,beacon,d8:d7:75:45:81:24,ff:ff:ff:ff:ff:ff,ff:ff:ff:ff:ff:ff,d8:d7:75:45:81:24,d8:d7:75:45:81:24,FunBox2-8124,-50,1,2412,False,False
1778947335.0270624,management,beacon,d8:d7:75:45:81:24,ff:ff:ff:ff:ff:ff,ff:ff:ff:ff:ff:ff,d8:d7:75:45:81:24,d8:d7:75:45:81:24,FunBox2-8124,-42,1,2412,False,False
1778947335.129496,management,beacon,d8:d7:75:45:81:24,ff:ff:ff:ff:ff:ff,ff:ff:ff:ff:ff:ff,d8:d7:75:45:81:24,d8:d7:75:45:81:24,FunBox2-8124,-49,1,2412,False,False
1778947335.1306698,data,null_data,50:02:91:e8:18:ec,d8:d7:75:45:81:24,d8:d7:75:45:81:24,50:02:91:e8:18:ec,d8:d7:75:45:81:24,,-82,1,2412,False,False
1778947335.1306732,control,ack,,50:02:91:e8:18:ec,50:02:91:e8:18:ec,,,,-52,1,2412,False,False
1778947335.2319007,management,beacon,d8:d7:75:45:81:24,ff:ff:ff:ff:ff:ff,ff:ff:ff:ff:ff:ff,d8:d7:75:45:81:24,d8:d7:75:45:81:24,FunBox2-8124,-50,1,2412,False,False
1778947335.3343308,management,beacon,d8:d7:75:45:81:24,ff:ff:ff:ff:ff:ff,ff:ff:ff:ff:ff:ff,d8:d7:75:45:81:24,d8:d7:75:45:81:24,FunBox2-8124,-42,1,2412,False,False
1778947335.371547,data,null_data,50:02:91:e8:18:ec,d8:d7:75:45:81:24,d8:d7:75:45:81:24,50:02:91:e8:18:ec,d8:d7:75:45:81:24,,-81,1,2412,False,False
1778947335.371562,control,ack,,50:02:91:e8:18:ec,50:02:91:e8:18:ec,,,,-45,1,2412,False,False
1778947335.4367046,management,beacon,d8:d7:75:45:81:24,ff:ff:ff:ff:ff:ff,ff:ff:ff:ff:ff:ff,d8:d7:75:45:81:24,d8:d7:75:45:81:24,FunBox2-8124,-53,1,2412,False,False
1778947335.5410805,management,beacon,d8:d7:75:45:81:24,ff:ff:ff:ff:ff:ff,ff:ff:ff:ff:ff:ff,d8:d7:75:45:81:24,d8:d7:75:45:81:24,FunBox2-8124,-42,1,2412,False,False
1778947335.641506,management,beacon,d8:d7:75:45:81:24,ff:ff:ff:ff:ff:ff,ff:ff:ff:ff:ff:ff,d8:d7:75:45:81:24,d8:d7:75:45:81:24,FunBox2-8124,-48,1,2412,False,False
1778947335.7443366,management,beacon,d8:d7:75:45:81:24,ff:ff:ff:ff:ff:ff,ff:ff:ff:ff:ff:ff,d8:d7:75:45:81:24,d8:d7:75:45:81:24,FunBox2-8124,-42,1,2412,False,False
1778947335.7459757,data,data,d8:d7:75:45:81:24,01:00:5e:00:00:fb,01:00:5e:00:00:fb,d8:d7:75:45:81:24,8a:f4:af:eb:f3:fb,,-43,1,2412,True,False
1778947335.7462933,control,ack,,d8:d7:75:45:81:24,d8:d7:75:45:81:24,,,,-87,1,2412,False,False
1778947335.7480521,data,data,d8:d7:75:45:81:24,33:33:00:00:00:fb,33:33:00:00:00:fb,d8:d7:75:45:81:24,8a:f4:af:eb:f3:fb,,-44,1,2412,True,False
1778947335.7483506,control,ack,,d8:d7:75:45:81:24,d8:d7:75:45:81:24,,,,-86,1,2412,False,False
1778947335.846339,management,beacon,d8:d7:75:45:81:24,ff:ff:ff:ff:ff:ff,ff:ff:ff:ff:ff:ff,d8:d7:75:45:81:24,d8:d7:75:45:81:24,FunBox2-8124,-47,1,2412,False,False
1778947335.9487097,management,beacon,d8:d7:75:45:81:24,ff:ff:ff:ff:ff:ff,ff:ff:ff:ff:ff:ff,d8:d7:75:45:81:24,d8:d7:75:45:81:24,FunBox2-8124,-49,1,2412,False,False
1778947336.0511286,management,beacon,d8:d7:75:45:81:24,ff:ff:ff:ff:ff:ff,ff:ff:ff:ff:ff:ff,d8:d7:75:45:81:24,d8:d7:75:45:81:24,FunBox2-8124,-46,1,2412,False,False
1778947336.1535325,management,beacon,d8:d7:75:45:81:24,ff:ff:ff:ff:ff:ff,ff:ff:ff:ff:ff:ff,d8:d7:75:45:81:24,d8:d7:75:45:81:24,FunBox2-8124,-49,1,2412,False,False
1778947336.2589195,management,beacon,d8:d7:75:45:81:24,ff:ff:ff:ff:ff:ff,ff:ff:ff:ff:ff:ff,d8:d7:75:45:81:24,d8:d7:75:45:81:24,FunBox2-8124,-42,1,2412,False,False
1778947336.358344,management,beacon,d8:d7:75:45:81:24,ff:ff:ff:ff:ff:ff,ff:ff:ff:ff:ff:ff,d8:d7:75:45:81:24,d8:d7:75:45:81:24,FunBox2-8124,-48,1,2412,False,False
1778947336.3595295,control,ack,,50:02:91:e8:18:ec,50:02:91:e8:18:ec,,,,-51,1,2412,False,False
1778947336.460777,management,beacon,d8:d7:75:45:81:24,ff:ff:ff:ff:ff:ff,ff:ff:ff:ff:ff:ff,d8:d7:75:45:81:24,d8:d7:75:45:81:24,FunBox2-8124,-46,1,2412,False,False
1778947336.5631766,management,beacon,d8:d7:75:45:81:24,ff:ff:ff:ff:ff:ff,ff:ff:ff:ff:ff:ff,d8:d7:75:45:81:24,d8:d7:75:45:81:24,FunBox2-8124,-46,1,2412,False,False
1778947336.600357,data,null_data,50:02:91:e8:18:ec,d8:d7:75:45:81:24,d8:d7:75:45:81:24,50:02:91:e8:18:ec,d8:d7:75:45:81:24,,-80,1,2412,False,False
1778947336.6005156,data,null_data,50:02:91:e8:18:ec,d8:d7:75:45:81:24,d8:d7:75:45:81:24,50:02:91:e8:18:ec,d8:d7:75:45:81:24,,-82,1,2412,False,True
1778947336.60084,data,null_data,50:02:91:e8:18:ec,d8:d7:75:45:81:24,d8:d7:75:45:81:24,50:02:91:e8:18:ec,d8:d7:75:45:81:24,,-83,1,2412,False,True
1778947336.601196,data,null_data,50:02:91:e8:18:ec,d8:d7:75:45:81:24,d8:d7:75:45:81:24,50:02:91:e8:18:ec,d8:d7:75:45:81:24,,-83,1,2412,False,True
1778947336.60228,data,null_data,50:02:91:e8:18:ec,d8:d7:75:45:81:24,d8:d7:75:45:81:24,50:02:91:e8:18:ec,d8:d7:75:45:81:24,,-83,1,2412,False,True
1778947336.603128,data,null_data,50:02:91:e8:18:ec,d8:d7:75:45:81:24,d8:d7:75:45:81:24,50:02:91:e8:18:ec,d8:d7:75:45:81:24,,-83,1,2412,False,True
1778947336.6034422,control,ack,,50:02:91:e8:18:ec,50:02:91:e8:18:ec,,,,-44,1,2412,False,False
1778947336.6655881,management,beacon,d8:d7:75:45:81:24,ff:ff:ff:ff:ff:ff,ff:ff:ff:ff:ff:ff,d8:d7:75:45:81:24,d8:d7:75:45:81:24,FunBox2-8124,-48,1,2412,False,False
1778947336.87035,management,beacon,d8:d7:75:45:81:24,ff:ff:ff:ff:ff:ff,ff:ff:ff:ff:ff:ff,d8:d7:75:45:81:24,d8:d7:75:45:81:24,FunBox2-8124,-44,1,2412,False,False
1778947336.9728863,management,beacon,d8:d7:75:45:81:24,ff:ff:ff:ff:ff:ff,ff:ff:ff:ff:ff:ff,d8:d7:75:45:81:24,d8:d7:75:45:81:24,FunBox2-8124,-47,1,2412,False,False
1778947336.974387,data,data,d8:d7:75:45:81:24,01:00:5e:00:00:fb,01:00:5e:00:00:fb,d8:d7:75:45:81:24,8a:f4:af:eb:f3:fb,,-44,1,2412,True,False
1778947336.9748905,control,ack,,d8:d7:75:45:81:24,d8:d7:75:45:81:24,,,,-82,1,2412,False,False
1778947336.974893,data,null_data,50:02:91:e8:18:ec,d8:d7:75:45:81:24,d8:d7:75:45:81:24,50:02:91:e8:18:ec,d8:d7:75:45:81:24,,-80,1,2412,False,False
1778947336.9748945,control,ack,,50:02:91:e8:18:ec,50:02:91:e8:18:ec,,,,-46,1,2412,False,False
1778947336.9766521,data,data,d8:d7:75:45:81:24,33:33:00:00:00:fb,33:33:00:00:00:fb,d8:d7:75:45:81:24,8a:f4:af:eb:f3:fb,,-44,1,2412,True,False
1778947336.9769638,control,ack,,d8:d7:75:45:81:24,d8:d7:75:45:81:24,,,,-82,1,2412,False,False
1778947337.076073,management,beacon,d8:d7:75:45:81:24,ff:ff:ff:ff:ff:ff,ff:ff:ff:ff:ff:ff,d8:d7:75:45:81:24,d8:d7:75:45:81:24,FunBox2-8124,-44,1,2412,False,False
1778947337.1782815,management,beacon,d8:d7:75:45:81:24,ff:ff:ff:ff:ff:ff,ff:ff:ff:ff:ff:ff,d8:d7:75:45:81:24,d8:d7:75:45:81:24,FunBox2-8124,-46,1,2412,False,False
1778947337.2173944,data,null_data,50:02:91:e8:18:ec,d8:d7:75:45:81:24,d8:d7:75:45:81:24,50:02:91:e8:18:ec,d8:d7:75:45:81:24,,-85,1,2412,False,False
1778947337.217406,control,ack,,50:02:91:e8:18:ec,50:02:91:e8:18:ec,,,,-47,1,2412,False,False
1778947337.3823714,management,beacon,d8:d7:75:45:81:24,ff:ff:ff:ff:ff:ff,ff:ff:ff:ff:ff:ff,d8:d7:75:45:81:24,d8:d7:75:45:81:24,FunBox2-8124,-45,1,2412,False,False
1778947337.4847863,management,beacon,d8:d7:75:45:81:24,ff:ff:ff:ff:ff:ff,ff:ff:ff:ff:ff:ff,d8:d7:75:45:81:24,d8:d7:75:45:81:24,FunBox2-8124,-47,1,2412,False,False
1778947337.5871613,management,beacon,d8:d7:75:45:81:24,ff:ff:ff:ff:ff:ff,ff:ff:ff:ff:ff:ff,d8:d7:75:45:81:24,d8:d7:75:45:81:24,FunBox2-8124,-44,1,2412,False,False
1778947337.689575,management,beacon,d8:d7:75:45:81:24,ff:ff:ff:ff:ff:ff,ff:ff:ff:ff:ff:ff,d8:d7:75:45:81:24,d8:d7:75:45:81:24,FunBox2-8124,-46,1,2412,False,False
1778947337.8943894,management,beacon,d8:d7:75:45:81:24,ff:ff:ff:ff:ff:ff,ff:ff:ff:ff:ff:ff,d8:d7:75:45:81:24,d8:d7:75:45:81:24,FunBox2-8124,-44,1,2412,False,False
1778947337.895878,data,data,d8:d7:75:45:81:24,33:33:ff:bf:3c:3c,33:33:ff:bf:3c:3c,d8:d7:75:45:81:24,d8:d7:75:45:81:24,,-44,1,2412,True,False
1778947337.896354,control,ack,,d8:d7:75:45:81:24,d8:d7:75:45:81:24,,,,-84,1,2412,False,False
1778947337.896357,data,null_data,50:02:91:e8:18:ec,d8:d7:75:45:81:24,d8:d7:75:45:81:24,50:02:91:e8:18:ec,d8:d7:75:45:81:24,,-83,1,2412,False,False
1778947337.8963585,control,ack,,50:02:91:e8:18:ec,50:02:91:e8:18:ec,,,,-49,1,2412,False,False
1778947337.896611,data,null_data,50:02:91:e8:18:ec,d8:d7:75:45:81:24,d8:d7:75:45:81:24,50:02:91:e8:18:ec,d8:d7:75:45:81:24,,-84,1,2412,False,True
1778947337.8966131,control,ack,,50:02:91:e8:18:ec,50:02:91:e8:18:ec,,,,-49,1,2412,False,False
1778947337.9968295,management,beacon,d8:d7:75:45:81:24,ff:ff:ff:ff:ff:ff,ff:ff:ff:ff:ff:ff,d8:d7:75:45:81:24,d8:d7:75:45:81:24,FunBox2-8124,-44,1,2412,False,False
1778947338.0436363,data,data,d8:d7:75:45:81:24,01:00:5e:00:00:fb,01:00:5e:00:00:fb,d8:d7:75:45:81:24,8a:f4:af:eb:f3:fb,,-44,1,2412,True,False
1778947338.0452669,data,data,d8:d7:75:45:81:24,33:33:00:00:00:fb,33:33:00:00:00:fb,d8:d7:75:45:81:24,8a:f4:af:eb:f3:fb,,-44,1,2412,True,False
1778947338.0455773,control,ack,,d8:d7:75:45:81:24,d8:d7:75:45:81:24,,,,-83,1,2412,False,False
1778947338.099194,management,beacon,d8:d7:75:45:81:24,ff:ff:ff:ff:ff:ff,ff:ff:ff:ff:ff:ff,d8:d7:75:45:81:24,d8:d7:75:45:81:24,FunBox2-8124,-46,1,2412,False,False
1778947338.1440792,data,data,d8:d7:75:45:81:24,33:33:00:00:00:01,33:33:00:00:00:01,d8:d7:75:45:81:24,d8:d7:75:45:81:24,,-44,1,2412,True,False
1778947338.1443841,control,ack,,d8:d7:75:45:81:24,d8:d7:75:45:81:24,,,,-84,1,2412,False,False
1778947338.2015755,management,beacon,d8:d7:75:45:81:24,ff:ff:ff:ff:ff:ff,ff:ff:ff:ff:ff:ff,d8:d7:75:45:81:24,d8:d7:75:45:81:24,FunBox2-8124,-47,1,2412,False,False
1778947338.2857168,data,data,d8:d7:75:45:81:24,01:00:5e:00:00:fb,01:00:5e:00:00:fb,d8:d7:75:45:81:24,8a:f4:af:eb:f3:fb,,-46,1,2412,True,False
1778947338.286013,control,ack,,d8:d7:75:45:81:24,d8:d7:75:45:81:24,,,,-85,1,2412,False,False
1778947338.2879496,data,data,d8:d7:75:45:81:24,33:33:00:00:00:fb,33:33:00:00:00:fb,d8:d7:75:45:81:24,8a:f4:af:eb:f3:fb,,-47,1,2412,True,False
1778947338.288255,control,ack,,d8:d7:75:45:81:24,d8:d7:75:45:81:24,,,,-84,1,2412,False,False
1778947338.4064403,management,beacon,d8:d7:75:45:81:24,ff:ff:ff:ff:ff:ff,ff:ff:ff:ff:ff:ff,d8:d7:75:45:81:24,d8:d7:75:45:81:24,FunBox2-8124,-44,1,2412,False,False
1778947338.5088358,management,beacon,d8:d7:75:45:81:24,ff:ff:ff:ff:ff:ff,ff:ff:ff:ff:ff:ff,d8:d7:75:45:81:24,d8:d7:75:45:81:24,FunBox2-8124,-47,1,2412,False,False
1778947338.528755,data,null_data,50:02:91:e8:18:ec,d8:d7:75:45:81:24,d8:d7:75:45:81:24,50:02:91:e8:18:ec,d8:d7:75:45:81:24,,-81,1,2412,False,False
1778947338.5287724,control,ack,,50:02:91:e8:18:ec,50:02:91:e8:18:ec,,,,-50,1,2412,False,False
1778947338.6112187,management,beacon,d8:d7:75:45:81:24,ff:ff:ff:ff:ff:ff,ff:ff:ff:ff:ff:ff,d8:d7:75:45:81:24,d8:d7:75:45:81:24,FunBox2-8124,-43,1,2412,False,False
1778947338.7136352,management,beacon,d8:d7:75:45:81:24,ff:ff:ff:ff:ff:ff,ff:ff:ff:ff:ff:ff,d8:d7:75:45:81:24,d8:d7:75:45:81:24,FunBox2-8124,-46,1,2412,False,False
1778947338.9184566,management,beacon,d8:d7:75:45:81:24,ff:ff:ff:ff:ff:ff,ff:ff:ff:ff:ff:ff,d8:d7:75:45:81:24,d8:d7:75:45:81:24,FunBox2-8124,-44,1,2412,False,False
1778947339.0208755,management,beacon,d8:d7:75:45:81:24,ff:ff:ff:ff:ff:ff,ff:ff:ff:ff:ff:ff,d8:d7:75:45:81:24,d8:d7:75:45:81:24,FunBox2-8124,-45,1,2412,False,False
1778947339.1232631,management,beacon,d8:d7:75:45:81:24,ff:ff:ff:ff:ff:ff,ff:ff:ff:ff:ff:ff,d8:d7:75:45:81:24,d8:d7:75:45:81:24,FunBox2-8124,-44,1,2412,False,False
1778947339.1249208,data,data,d8:d7:75:45:81:24,01:00:5e:00:00:fb,01:00:5e:00:00:fb,d8:d7:75:45:81:24,8a:f4:af:eb:f3:fb,,-44,1,2412,True,False
1778947339.1252358,control,ack,,d8:d7:75:45:81:24,d8:d7:75:45:81:24,,,,-84,1,2412,False,False
1778947339.127207,data,data,d8:d7:75:45:81:24,33:33:00:00:00:fb,33:33:00:00:00:fb,d8:d7:75:45:81:24,8a:f4:af:eb:f3:fb,,-47,1,2412,True,False
1778947339.127521,control,ack,,d8:d7:75:45:81:24,d8:d7:75:45:81:24,,,,-85,1,2412,False,False
1778947339.2256527,management,beacon,d8:d7:75:45:81:24,ff:ff:ff:ff:ff:ff,ff:ff:ff:ff:ff:ff,d8:d7:75:45:81:24,d8:d7:75:45:81:24,FunBox2-8124,-44,1,2412,False,False
1778947339.22681,data,null_data,50:02:91:e8:18:ec,d8:d7:75:45:81:24,d8:d7:75:45:81:24,50:02:91:e8:18:ec,d8:d7:75:45:81:24,,-83,1,2412,False,False
1778947339.2268121,control,ack,,50:02:91:e8:18:ec,50:02:91:e8:18:ec,,,,-47,1,2412,False,False
1778947339.4324949,data,data,d8:d7:75:45:81:24,01:00:5e:7f:ff:fa,01:00:5e:7f:ff:fa,d8:d7:75:45:81:24,8a:f4:af:eb:f3:fb,,-43,1,2412,True,False
1778947339.4327931,control,ack,,d8:d7:75:45:81:24,d8:d7:75:45:81:24,,,,-83,1,2412,False,False
1778947339.4341803,data,data,d8:d7:75:45:81:24,01:00:5e:00:00:fb,01:00:5e:00:00:fb,d8:d7:75:45:81:24,8a:f4:af:eb:f3:fb,,-47,1,2412,True,False
1778947339.434495,control,ack,,d8:d7:75:45:81:24,d8:d7:75:45:81:24,,,,-83,1,2412,False,False
1778947339.4361153,data,data,d8:d7:75:45:81:24,33:33:00:00:00:fb,33:33:00:00:00:fb,d8:d7:75:45:81:24,8a:f4:af:eb:f3:fb,,-46,1,2412,True,False
1778947339.4364142,control,ack,,d8:d7:75:45:81:24,d8:d7:75:45:81:24,,,,-84,1,2412,False,False
1778947339.5328717,management,beacon,d8:d7:75:45:81:24,ff:ff:ff:ff:ff:ff,ff:ff:ff:ff:ff:ff,d8:d7:75:45:81:24,d8:d7:75:45:81:24,FunBox2-8124,-44,1,2412,False,False
1778947339.6352494,management,beacon,d8:d7:75:45:81:24,ff:ff:ff:ff:ff:ff,ff:ff:ff:ff:ff:ff,d8:d7:75:45:81:24,d8:d7:75:45:81:24,FunBox2-8124,-44,1,2412,False,False
1778947339.676819,data,null_data,50:02:91:e8:18:ec,d8:d7:75:45:81:24,d8:d7:75:45:81:24,50:02:91:e8:18:ec,d8:d7:75:45:81:24,,-83,1,2412,False,False
1778947339.677,data,null_data,50:02:91:e8:18:ec,d8:d7:75:45:81:24,d8:d7:75:45:81:24,50:02:91:e8:18:ec,d8:d7:75:45:81:24,,-81,1,2412,False,True
1778947339.6773415,data,null_data,50:02:91:e8:18:ec,d8:d7:75:45:81:24,d8:d7:75:45:81:24,50:02:91:e8:18:ec,d8:d7:75:45:81:24,,-84,1,2412,False,True
1778947339.677718,data,null_data,50:02:91:e8:18:ec,d8:d7:75:45:81:24,d8:d7:75:45:81:24,50:02:91:e8:18:ec,d8:d7:75:45:81:24,,-84,1,2412,False,True
1778947339.6782608,data,null_data,50:02:91:e8:18:ec,d8:d7:75:45:81:24,d8:d7:75:45:81:24,50:02:91:e8:18:ec,d8:d7:75:45:81:24,,-83,1,2412,False,True
1778947339.6787925,data,null_data,50:02:91:e8:18:ec,d8:d7:75:45:81:24,d8:d7:75:45:81:24,50:02:91:e8:18:ec,d8:d7:75:45:81:24,,-84,1,2412,False,True
1778947339.6791217,control,ack,,50:02:91:e8:18:ec,50:02:91:e8:18:ec,,,,-45,1,2412,False,False
1778947339.7376704,management,beacon,d8:d7:75:45:81:24,ff:ff:ff:ff:ff:ff,ff:ff:ff:ff:ff:ff,d8:d7:75:45:81:24,d8:d7:75:45:81:24,FunBox2-8124,-47,1,2412,False,False
1778947339.9424517,management,beacon,d8:d7:75:45:81:24,ff:ff:ff:ff:ff:ff,ff:ff:ff:ff:ff:ff,d8:d7:75:45:81:24,d8:d7:75:45:81:24,FunBox2-8124,-46,1,2412,False,False
1778947340.0448446,management,beacon,d8:d7:75:45:81:24,ff:ff:ff:ff:ff:ff,ff:ff:ff:ff:ff:ff,d8:d7:75:45:81:24,d8:d7:75:45:81:24,FunBox2-8124,-47,1,2412,False,False
1778947340.0464003,data,data,d8:d7:75:45:81:24,01:00:5e:00:00:fb,01:00:5e:00:00:fb,d8:d7:75:45:81:24,8a:f4:af:eb:f3:fb,,-44,1,2412,True,False
1778947340.0467012,control,ack,,d8:d7:75:45:81:24,d8:d7:75:45:81:24,,,,-84,1,2412,False,False
1778947340.048326,data,data,d8:d7:75:45:81:24,33:33:00:00:00:fb,33:33:00:00:00:fb,d8:d7:75:45:81:24,8a:f4:af:eb:f3:fb,,-47,1,2412,True,False
1778947340.0486424,control,ack,,d8:d7:75:45:81:24,d8:d7:75:45:81:24,,,,-84,1,2412,False,False
1778947340.1472752,management,beacon,d8:d7:75:45:81:24,ff:ff:ff:ff:ff:ff,ff:ff:ff:ff:ff:ff,d8:d7:75:45:81:24,d8:d7:75:45:81:24,FunBox2-8124,-45,1,2412,False,False
1778947340.2496705,management,beacon,d8:d7:75:45:81:24,ff:ff:ff:ff:ff:ff,ff:ff:ff:ff:ff:ff,d8:d7:75:45:81:24,d8:d7:75:45:81:24,FunBox2-8124,-45,1,2412,False,False
1778947340.5569384,management,beacon,d8:d7:75:45:81:24,ff:ff:ff:ff:ff:ff,ff:ff:ff:ff:ff:ff,d8:d7:75:45:81:24,d8:d7:75:45:81:24,FunBox2-8124,-44,1,2412,False,False
1778947340.659266,management,beacon,d8:d7:75:45:81:24,ff:ff:ff:ff:ff:ff,ff:ff:ff:ff:ff:ff,d8:d7:75:45:81:24,d8:d7:75:45:81:24,FunBox2-8124,-44,1,2412,False,False
1778947340.761678,management,beacon,d8:d7:75:45:81:24,ff:ff:ff:ff:ff:ff,ff:ff:ff:ff:ff:ff,d8:d7:75:45:81:24,d8:d7:75:45:81:24,FunBox2-8124,-44,1,2412,False,False
1778947340.9665473,management,beacon,d8:d7:75:45:81:24,ff:ff:ff:ff:ff:ff,ff:ff:ff:ff:ff:ff,d8:d7:75:45:81:24,d8:d7:75:45:81:24,FunBox2-8124,-45,1,2412,False,False
1778947340.9677372,data,null_data,50:02:91:e8:18:ec,d8:d7:75:45:81:24,d8:d7:75:45:81:24,50:02:91:e8:18:ec,d8:d7:75:45:81:24,,-82,1,2412,False,False
1778947340.96774,control,ack,,50:02:91:e8:18:ec,50:02:91:e8:18:ec,,,,-45,1,2412,False,False
1778947341.0688884,management,beacon,d8:d7:75:45:81:24,ff:ff:ff:ff:ff:ff,ff:ff:ff:ff:ff:ff,d8:d7:75:45:81:24,d8:d7:75:45:81:24,FunBox2-8124,-46,1,2412,False,False
1778947341.1441298,data,data,d8:d7:75:45:81:24,01:00:5e:00:00:fb,01:00:5e:00:00:fb,d8:d7:75:45:81:24,8a:f4:af:eb:f3:fb,,-43,1,2412,True,False
1778947341.1459699,data,data,d8:d7:75:45:81:24,33:33:00:00:00:fb,33:33:00:00:00:fb,d8:d7:75:45:81:24,8a:f4:af:eb:f3:fb,,-46,1,2412,True,False
1778947341.1462667,control,ack,,d8:d7:75:45:81:24,d8:d7:75:45:81:24,,,,-83,1,2412,False,False
1778947341.1506085,data,data,d8:d7:75:45:81:24,01:00:5e:7f:ff:fa,01:00:5e:7f:ff:fa,d8:d7:75:45:81:24,8a:f4:af:eb:f3:fb,,-46,1,2412,True,False
1778947341.1509094,control,ack,,d8:d7:75:45:81:24,d8:d7:75:45:81:24,,,,-85,1,2412,False,False
1778947341.1712937,management,beacon,d8:d7:75:45:81:24,ff:ff:ff:ff:ff:ff,ff:ff:ff:ff:ff:ff,d8:d7:75:45:81:24,d8:d7:75:45:81:24,FunBox2-8124,-47,1,2412,False,False
1778947341.2737281,management,beacon,d8:d7:75:45:81:24,ff:ff:ff:ff:ff:ff,ff:ff:ff:ff:ff:ff,d8:d7:75:45:81:24,d8:d7:75:45:81:24,FunBox2-8124,-45,1,2412,False,False
1778947341.3913672,data,null_data,50:02:91:e8:18:ec,d8:d7:75:45:81:24,d8:d7:75:45:81:24,50:02:91:e8:18:ec,d8:d7:75:45:81:24,,-82,1,2412,False,False
1778947341.3913782,control,ack,,50:02:91:e8:18:ec,50:02:91:e8:18:ec,,,,-47,1,2412,False,False
1778947341.4785335,management,beacon,d8:d7:75:45:81:24,ff:ff:ff:ff:ff:ff,ff:ff:ff:ff:ff:ff,d8:d7:75:45:81:24,d8:d7:75:45:81:24,FunBox2-8124,-46,1,2412,False,False
1778947341.5809114,management,beacon,d8:d7:75:45:81:24,ff:ff:ff:ff:ff:ff,ff:ff:ff:ff:ff:ff,d8:d7:75:45:81:24,d8:d7:75:45:81:24,FunBox2-8124,-45,1,2412,False,False
1778947341.6833446,management,beacon,d8:d7:75:45:81:24,ff:ff:ff:ff:ff:ff,ff:ff:ff:ff:ff:ff,d8:d7:75:45:81:24,d8:d7:75:45:81:24,FunBox2-8124,-45,1,2412,False,False
1778947341.7857704,management,beacon,d8:d7:75:45:81:24,ff:ff:ff:ff:ff:ff,ff:ff:ff:ff:ff:ff,d8:d7:75:45:81:24,d8:d7:75:45:81:24,FunBox2-8124,-44,1,2412,False,False
1778947341.8881364,management,beacon,d8:d7:75:45:81:24,ff:ff:ff:ff:ff:ff,ff:ff:ff:ff:ff:ff,d8:d7:75:45:81:24,d8:d7:75:45:81:24,FunBox2-8124,-47,1,2412,False,False
1778947341.8893702,data,null_data,50:02:91:e8:18:ec,d8:d7:75:45:81:24,d8:d7:75:45:81:24,50:02:91:e8:18:ec,d8:d7:75:45:81:24,,-82,1,2412,False,False
1778947341.8893733,control,ack,,50:02:91:e8:18:ec,50:02:91:e8:18:ec,,,,-47,1,2412,False,False
1778947342.0575583,data,data,d8:d7:75:45:81:24,01:00:5e:00:00:fb,01:00:5e:00:00:fb,d8:d7:75:45:81:24,8a:f4:af:eb:f3:fb,,-46,1,2412,True,False
1778947342.057869,control,ack,,d8:d7:75:45:81:24,d8:d7:75:45:81:24,,,,-83,1,2412,False,False
1778947342.0597994,data,data,d8:d7:75:45:81:24,33:33:00:00:00:fb,33:33:00:00:00:fb,d8:d7:75:45:81:24,8a:f4:af:eb:f3:fb,,-46,1,2412,True,False
1778947342.06012,control,ack,,d8:d7:75:45:81:24,d8:d7:75:45:81:24,,,,-84,1,2412,False,False
1778947342.0930605,management,beacon,d8:d7:75:45:81:24,ff:ff:ff:ff:ff:ff,ff:ff:ff:ff:ff:ff,d8:d7:75:45:81:24,d8:d7:75:45:81:24,FunBox2-8124,-45,1,2412,False,False
1778947342.1953187,management,beacon,d8:d7:75:45:81:24,ff:ff:ff:ff:ff:ff,ff:ff:ff:ff:ff:ff,d8:d7:75:45:81:24,d8:d7:75:45:81:24,FunBox2-8124,-44,1,2412,False,False
1778947342.2977526,management,beacon,d8:d7:75:45:81:24,ff:ff:ff:ff:ff:ff,ff:ff:ff:ff:ff:ff,d8:d7:75:45:81:24,d8:d7:75:45:81:24,FunBox2-8124,-46,1,2412,False,False
1778947342.3005445,data,null_data,50:02:91:e8:18:ec,d8:d7:75:45:81:24,d8:d7:75:45:81:24,50:02:91:e8:18:ec,d8:d7:75:45:81:24,,-83,1,2412,False,False
1778947342.3005502,control,ack,,50:02:91:e8:18:ec,50:02:91:e8:18:ec,,,,-49,1,2412,False,False
1778947342.4001637,management,beacon,d8:d7:75:45:81:24,ff:ff:ff:ff:ff:ff,ff:ff:ff:ff:ff:ff,d8:d7:75:45:81:24,d8:d7:75:45:81:24,FunBox2-8124,-44,1,2412,False,False
1778947342.6049907,management,beacon,d8:d7:75:45:81:24,ff:ff:ff:ff:ff:ff,ff:ff:ff:ff:ff:ff,d8:d7:75:45:81:24,d8:d7:75:45:81:24,FunBox2-8124,-45,1,2412,False,False
1778947342.6106884,data,null_data,50:02:91:e8:18:ec,d8:d7:75:45:81:24,d8:d7:75:45:81:24,50:02:91:e8:18:ec,d8:d7:75:45:81:24,,-82,1,2412,False,True
1778947342.8098078,management,beacon,d8:d7:75:45:81:24,ff:ff:ff:ff:ff:ff,ff:ff:ff:ff:ff:ff,d8:d7:75:45:81:24,d8:d7:75:45:81:24,FunBox2-8124,-43,1,2412,False,False
1778947342.8515818,data,null_data,50:02:91:e8:18:ec,d8:d7:75:45:81:24,d8:d7:75:45:81:24,50:02:91:e8:18:ec,d8:d7:75:45:81:24,,-83,1,2412,False,False
1778947342.8515966,control,ack,,50:02:91:e8:18:ec,50:02:91:e8:18:ec,,,,-46,1,2412,False,False
1778947342.9122038,management,beacon,d8:d7:75:45:81:24,ff:ff:ff:ff:ff:ff,ff:ff:ff:ff:ff:ff,d8:d7:75:45:81:24,d8:d7:75:45:81:24,FunBox2-8124,-45,1,2412,False,False
1778947343.0145698,management,beacon,d8:d7:75:45:81:24,ff:ff:ff:ff:ff:ff,ff:ff:ff:ff:ff:ff,d8:d7:75:45:81:24,d8:d7:75:45:81:24,FunBox2-8124,-46,1,2412,False,False
1778947343.1170206,management,beacon,d8:d7:75:45:81:24,ff:ff:ff:ff:ff:ff,ff:ff:ff:ff:ff:ff,d8:d7:75:45:81:24,d8:d7:75:45:81:24,FunBox2-8124,-46,1,2412,False,False
1778947343.2194097,management,beacon,d8:d7:75:45:81:24,ff:ff:ff:ff:ff:ff,ff:ff:ff:ff:ff:ff,d8:d7:75:45:81:24,d8:d7:75:45:81:24,FunBox2-8124,-47,1,2412,False,False
1778947343.3217754,management,beacon,d8:d7:75:45:81:24,ff:ff:ff:ff:ff:ff,ff:ff:ff:ff:ff:ff,d8:d7:75:45:81:24,d8:d7:75:45:81:24,FunBox2-8124,-46,1,2412,False,False
1778947343.4241865,management,beacon,d8:d7:75:45:81:24,ff:ff:ff:ff:ff:ff,ff:ff:ff:ff:ff:ff,d8:d7:75:45:81:24,d8:d7:75:45:81:24,FunBox2-8124,-46,1,2412,False,False
1778947343.4258773,control,ack,,d8:d7:75:45:81:24,d8:d7:75:45:81:24,,,,-83,1,2412,False,False
1778947343.4275982,data,data,d8:d7:75:45:81:24,33:33:00:00:00:fb,33:33:00:00:00:fb,d8:d7:75:45:81:24,8a:f4:af:eb:f3:fb,,-48,1,2412,True,False
1778947343.427912,control,ack,,d8:d7:75:45:81:24,d8:d7:75:45:81:24,,,,-84,1,2412,False,False
1778947343.4300792,data,data,d8:d7:75:45:81:24,01:00:5e:7f:ff:fa,01:00:5e:7f:ff:fa,d8:d7:75:45:81:24,8a:f4:af:eb:f3:fb,,-47,1,2412,True,False
1778947343.629032,management,beacon,d8:d7:75:45:81:24,ff:ff:ff:ff:ff:ff,ff:ff:ff:ff:ff:ff,d8:d7:75:45:81:24,d8:d7:75:45:81:24,FunBox2-8124,-43,1,2412,False,False
1778947343.7314441,management,beacon,d8:d7:75:45:81:24,ff:ff:ff:ff:ff:ff,ff:ff:ff:ff:ff:ff,d8:d7:75:45:81:24,d8:d7:75:45:81:24,FunBox2-8124,-44,1,2412,False,False
1778947343.8338447,management,beacon,d8:d7:75:45:81:24,ff:ff:ff:ff:ff:ff,ff:ff:ff:ff:ff:ff,d8:d7:75:45:81:24,d8:d7:75:45:81:24,FunBox2-8124,-45,1,2412,False,False
1778947343.9362402,management,beacon,d8:d7:75:45:81:24,ff:ff:ff:ff:ff:ff,ff:ff:ff:ff:ff:ff,d8:d7:75:45:81:24,d8:d7:75:45:81:24,FunBox2-8124,-43,1,2412,False,False
1778947344.038601,management,beacon,d8:d7:75:45:81:24,ff:ff:ff:ff:ff:ff,ff:ff:ff:ff:ff:ff,d8:d7:75:45:81:24,d8:d7:75:45:81:24,FunBox2-8124,-48,1,2412,False,False
1778947344.141052,management,beacon,d8:d7:75:45:81:24,ff:ff:ff:ff:ff:ff,ff:ff:ff:ff:ff:ff,d8:d7:75:45:81:24,d8:d7:75:45:81:24,FunBox2-8124,-46,1,2412,False,False
1778947344.2437088,management,beacon,d8:d7:75:45:81:24,ff:ff:ff:ff:ff:ff,ff:ff:ff:ff:ff:ff,d8:d7:75:45:81:24,d8:d7:75:45:81:24,FunBox2-8124,-46,1,2412,False,False
1778947344.3458169,management,beacon,d8:d7:75:45:81:24,ff:ff:ff:ff:ff:ff,ff:ff:ff:ff:ff:ff,d8:d7:75:45:81:24,d8:d7:75:45:81:24,FunBox2-8124,-44,1,2412,False,False
1778947344.4482343,management,beacon,d8:d7:75:45:81:24,ff:ff:ff:ff:ff:ff,ff:ff:ff:ff:ff:ff,d8:d7:75:45:81:24,d8:d7:75:45:81:24,FunBox2-8124,-45,1,2412,False,False
1778947344.5506525,management,beacon,d8:d7:75:45:81:24,ff:ff:ff:ff:ff:ff,ff:ff:ff:ff:ff:ff,d8:d7:75:45:81:24,d8:d7:75:45:81:24,FunBox2-8124,-44,1,2412,False,False
1778947344.653043,management,beacon,d8:d7:75:45:81:24,ff:ff:ff:ff:ff:ff,ff:ff:ff:ff:ff:ff,d8:d7:75:45:81:24,d8:d7:75:45:81:24,FunBox2-8124,-44,1,2412,False,False
1778947344.654226,data,null_data,50:02:91:e8:18:ec,d8:d7:75:45:81:24,d8:d7:75:45:81:24,50:02:91:e8:18:ec,d8:d7:75:45:81:24,,-82,1,2412,False,False
1778947344.6542306,control,ack,,50:02:91:e8:18:ec,50:02:91:e8:18:ec,,,,-46,1,2412,False,False
1778947344.7554328,management,beacon,d8:d7:75:45:81:24,ff:ff:ff:ff:ff:ff,ff:ff:ff:ff:ff:ff,d8:d7:75:45:81:24,d8:d7:75:45:81:24,FunBox2-8124,-44,1,2412,False,False
1778947344.8578908,management,beacon,d8:d7:75:45:81:24,ff:ff:ff:ff:ff:ff,ff:ff:ff:ff:ff:ff,d8:d7:75:45:81:24,d8:d7:75:45:81:24,FunBox2-8124,-45,1,2412,False,False
1778947344.8950493,data,null_data,50:02:91:e8:18:ec,d8:d7:75:45:81:24,d8:d7:75:45:81:24,50:02:91:e8:18:ec,d8:d7:75:45:81:24,,-82,1,2412,False,False
1778947344.9602487,management,beacon,d8:d7:75:45:81:24,ff:ff:ff:ff:ff:ff,ff:ff:ff:ff:ff:ff,d8:d7:75:45:81:24,d8:d7:75:45:81:24,FunBox2-8124,-44,1,2412,False,False
1778947345.0626588,management,beacon,d8:d7:75:45:81:24,ff:ff:ff:ff:ff:ff,ff:ff:ff:ff:ff:ff,d8:d7:75:45:81:24,d8:d7:75:45:81:24,FunBox2-8124,-45,1,2412,False,False
1778947345.165066,management,beacon,d8:d7:75:45:81:24,ff:ff:ff:ff:ff:ff,ff:ff:ff:ff:ff:ff,d8:d7:75:45:81:24,d8:d7:75:45:81:24,FunBox2-8124,-44,1,2412,False,False
1778947345.267456,management,beacon,d8:d7:75:45:81:24,ff:ff:ff:ff:ff:ff,ff:ff:ff:ff:ff:ff,d8:d7:75:45:81:24,d8:d7:75:45:81:24,FunBox2-8124,-44,1,2412,False,False
1778947345.2689824,data,data,d8:d7:75:45:81:24,01:00:5e:00:00:fb,01:00:5e:00:00:fb,d8:d7:75:45:81:24,8a:f4:af:eb:f3:fb,,-44,1,2412,True,False
1778947345.2694712,control,ack,,d8:d7:75:45:81:24,d8:d7:75:45:81:24,,,,-84,1,2412,False,False
1778947345.2694733,data,null_data,50:02:91:e8:18:ec,d8:d7:75:45:81:24,d8:d7:75:45:81:24,50:02:91:e8:18:ec,d8:d7:75:45:81:24,,-82,1,2412,False,False
1778947345.2694747,control,ack,,50:02:91:e8:18:ec,50:02:91:e8:18:ec,,,,-48,1,2412,False,False
1778947345.2712357,data,data,d8:d7:75:45:81:24,33:33:00:00:00:fb,33:33:00:00:00:fb,d8:d7:75:45:81:24,8a:f4:af:eb:f3:fb,,-50,1,2412,True,False
1778947345.2715452,control,ack,,d8:d7:75:45:81:24,d8:d7:75:45:81:24,,,,-85,1,2412,False,False
1778947345.2736742,data,data,d8:d7:75:45:81:24,01:00:5e:7f:ff:fa,01:00:5e:7f:ff:fa,d8:d7:75:45:81:24,8a:f4:af:eb:f3:fb,,-47,1,2412,True,False
1778947345.2739823,control,ack,,d8:d7:75:45:81:24,d8:d7:75:45:81:24,,,,-84,1,2412,False,False
1778947345.3698547,management,beacon,d8:d7:75:45:81:24,ff:ff:ff:ff:ff:ff,ff:ff:ff:ff:ff:ff,d8:d7:75:45:81:24,d8:d7:75:45:81:24,FunBox2-8124,-45,1,2412,False,False
1778947345.4723217,management,beacon,d8:d7:75:45:81:24,ff:ff:ff:ff:ff:ff,ff:ff:ff:ff:ff:ff,d8:d7:75:45:81:24,d8:d7:75:45:81:24,FunBox2-8124,-47,1,2412,False,False
1778947345.5143774,data,null_data,50:02:91:e8:18:ec,d8:d7:75:45:81:24,d8:d7:75:45:81:24,50:02:91:e8:18:ec,d8:d7:75:45:81:24,,-81,1,2412,False,False
1778947345.5145512,data,null_data,50:02:91:e8:18:ec,d8:d7:75:45:81:24,d8:d7:75:45:81:24,50:02:91:e8:18:ec,d8:d7:75:45:81:24,,-83,1,2412,False,True
1778947345.514887,data,null_data,50:02:91:e8:18:ec,d8:d7:75:45:81:24,d8:d7:75:45:81:24,50:02:91:e8:18:ec,d8:d7:75:45:81:24,,-84,1,2412,False,True
1778947345.5154035,data,null_data,50:02:91:e8:18:ec,d8:d7:75:45:81:24,d8:d7:75:45:81:24,50:02:91:e8:18:ec,d8:d7:75:45:81:24,,-83,1,2412,False,True
1778947345.5154052,control,ack,,50:02:91:e8:18:ec,50:02:91:e8:18:ec,,,,-45,1,2412,False,False
1778947345.5746777,management,beacon,d8:d7:75:45:81:24,ff:ff:ff:ff:ff:ff,ff:ff:ff:ff:ff:ff,d8:d7:75:45:81:24,d8:d7:75:45:81:24,FunBox2-8124,-49,1,2412,False,False
1778947345.6770754,management,beacon,d8:d7:75:45:81:24,ff:ff:ff:ff:ff:ff,ff:ff:ff:ff:ff:ff,d8:d7:75:45:81:24,d8:d7:75:45:81:24,FunBox2-8124,-45,1,2412,False,False
1778947345.779452,management,beacon,d8:d7:75:45:81:24,ff:ff:ff:ff:ff:ff,ff:ff:ff:ff:ff:ff,d8:d7:75:45:81:24,d8:d7:75:45:81:24,FunBox2-8124,-44,1,2412,False,False
1778947345.8819063,management,beacon,d8:d7:75:45:81:24,ff:ff:ff:ff:ff:ff,ff:ff:ff:ff:ff:ff,d8:d7:75:45:81:24,d8:d7:75:45:81:24,FunBox2-8124,-45,1,2412,False,False
1778947345.9842732,management,beacon,d8:d7:75:45:81:24,ff:ff:ff:ff:ff:ff,ff:ff:ff:ff:ff:ff,d8:d7:75:45:81:24,d8:d7:75:45:81:24,FunBox2-8124,-44,1,2412,False,False
1778947346.0866802,management,beacon,d8:d7:75:45:81:24,ff:ff:ff:ff:ff:ff,ff:ff:ff:ff:ff:ff,d8:d7:75:45:81:24,d8:d7:75:45:81:24,FunBox2-8124,-48,1,2412,False,False
1778947346.1891346,management,beacon,d8:d7:75:45:81:24,ff:ff:ff:ff:ff:ff,ff:ff:ff:ff:ff:ff,d8:d7:75:45:81:24,d8:d7:75:45:81:24,FunBox2-8124,-46,1,2412,False,False
1778947346.291495,management,beacon,d8:d7:75:45:81:24,ff:ff:ff:ff:ff:ff,ff:ff:ff:ff:ff:ff,d8:d7:75:45:81:24,d8:d7:75:45:81:24,FunBox2-8124,-44,1,2412,False,False
1778947346.393938,management,beacon,d8:d7:75:45:81:24,ff:ff:ff:ff:ff:ff,ff:ff:ff:ff:ff:ff,d8:d7:75:45:81:24,d8:d7:75:45:81:24,FunBox2-8124,-45,1,2412,False,False
1778947346.4962895,management,beacon,d8:d7:75:45:81:24,ff:ff:ff:ff:ff:ff,ff:ff:ff:ff:ff:ff,d8:d7:75:45:81:24,d8:d7:75:45:81:24,FunBox2-8124,-48,1,2412,False,False
1778947346.5987022,management,beacon,d8:d7:75:45:81:24,ff:ff:ff:ff:ff:ff,ff:ff:ff:ff:ff:ff,d8:d7:75:45:81:24,d8:d7:75:45:81:24,FunBox2-8124,-44,1,2412,False,False
1778947346.7011323,management,beacon,d8:d7:75:45:81:24,ff:ff:ff:ff:ff:ff,ff:ff:ff:ff:ff:ff,d8:d7:75:45:81:24,d8:d7:75:45:81:24,FunBox2-8124,-46,1,2412,False,False
1778947346.8036535,management,beacon,d8:d7:75:45:81:24,ff:ff:ff:ff:ff:ff,ff:ff:ff:ff:ff:ff,d8:d7:75:45:81:24,d8:d7:75:45:81:24,FunBox2-8124,-47,1,2412,False,False
1778947346.905909,management,beacon,d8:d7:75:45:81:24,ff:ff:ff:ff:ff:ff,ff:ff:ff:ff:ff:ff,d8:d7:75:45:81:24,d8:d7:75:45:81:24,FunBox2-8124,-44,1,2412,False,False
1778947346.9071426,data,null_data,50:02:91:e8:18:ec,d8:d7:75:45:81:24,d8:d7:75:45:81:24,50:02:91:e8:18:ec,d8:d7:75:45:81:24,,-87,1,2412,False,False
1778947346.9071465,control,ack,,50:02:91:e8:18:ec,50:02:91:e8:18:ec,,,,-48,1,2412,False,False
1778947347.0083065,management,beacon,d8:d7:75:45:81:24,ff:ff:ff:ff:ff:ff,ff:ff:ff:ff:ff:ff,d8:d7:75:45:81:24,d8:d7:75:45:81:24,FunBox2-8124,-44,1,2412,False,False
1778947347.110713,management,beacon,d8:d7:75:45:81:24,ff:ff:ff:ff:ff:ff,ff:ff:ff:ff:ff:ff,d8:d7:75:45:81:24,d8:d7:75:45:81:24,FunBox2-8124,-48,1,2412,False,False
1778947347.2131672,management,beacon,d8:d7:75:45:81:24,ff:ff:ff:ff:ff:ff,ff:ff:ff:ff:ff:ff,d8:d7:75:45:81:24,d8:d7:75:45:81:24,FunBox2-8124,-48,1,2412,False,False
1778947347.3155496,management,beacon,d8:d7:75:45:81:24,ff:ff:ff:ff:ff:ff,ff:ff:ff:ff:ff:ff,d8:d7:75:45:81:24,d8:d7:75:45:81:24,FunBox2-8124,-44,1,2412,False,False
1778947347.4193187,data,data,d8:d7:75:45:81:24,01:00:5e:00:00:fb,01:00:5e:00:00:fb,d8:d7:75:45:81:24,8a:f4:af:eb:f3:fb,,-44,1,2412,True,False
1778947347.4197903,control,ack,,50:02:91:e8:18:ec,50:02:91:e8:18:ec,,,,-50,1,2412,False,False
1778947347.4213297,data,data,d8:d7:75:45:81:24,33:33:00:00:00:fb,33:33:00:00:00:fb,d8:d7:75:45:81:24,8a:f4:af:eb:f3:fb,,-46,1,2412,True,False
1778947347.4216492,control,ack,,d8:d7:75:45:81:24,d8:d7:75:45:81:24,,,,-83,1,2412,False,False
1778947347.4236116,data,data,d8:d7:75:45:81:24,01:00:5e:7f:ff:fa,01:00:5e:7f:ff:fa,d8:d7:75:45:81:24,8a:f4:af:eb:f3:fb,,-50,1,2412,True,False
1778947347.5203269,management,beacon,d8:d7:75:45:81:24,ff:ff:ff:ff:ff:ff,ff:ff:ff:ff:ff:ff,d8:d7:75:45:81:24,d8:d7:75:45:81:24,FunBox2-8124,-47,1,2412,False,False
1778947347.6227527,management,beacon,d8:d7:75:45:81:24,ff:ff:ff:ff:ff:ff,ff:ff:ff:ff:ff:ff,d8:d7:75:45:81:24,d8:d7:75:45:81:24,FunBox2-8124,-44,1,2412,False,False
1778947347.6620798,data,null_data,50:02:91:e8:18:ec,d8:d7:75:45:81:24,d8:d7:75:45:81:24,50:02:91:e8:18:ec,d8:d7:75:45:81:24,,-81,1,2412,False,False
1778947347.6620996,control,ack,,50:02:91:e8:18:ec,50:02:91:e8:18:ec,,,,-46,1,2412,False,False
1778947347.7251334,management,beacon,d8:d7:75:45:81:24,ff:ff:ff:ff:ff:ff,ff:ff:ff:ff:ff:ff,d8:d7:75:45:81:24,d8:d7:75:45:81:24,FunBox2-8124,-46,1,2412,False,False
1778947347.8275461,management,beacon,d8:d7:75:45:81:24,ff:ff:ff:ff:ff:ff,ff:ff:ff:ff:ff:ff,d8:d7:75:45:81:24,d8:d7:75:45:81:24,FunBox2-8124,-44,1,2412,False,False
1778947347.9299724,management,beacon,d8:d7:75:45:81:24,ff:ff:ff:ff:ff:ff,ff:ff:ff:ff:ff:ff,d8:d7:75:45:81:24,d8:d7:75:45:81:24,FunBox2-8124,-47,1,2412,False,False
1778947348.032388,management,beacon,d8:d7:75:45:81:24,ff:ff:ff:ff:ff:ff,ff:ff:ff:ff:ff:ff,d8:d7:75:45:81:24,d8:d7:75:45:81:24,FunBox2-8124,-46,1,2412,False,False
1778947348.1347537,management,beacon,d8:d7:75:45:81:24,ff:ff:ff:ff:ff:ff,ff:ff:ff:ff:ff:ff,d8:d7:75:45:81:24,d8:d7:75:45:81:24,FunBox2-8124,-44,1,2412,False,False
1778947348.237176,management,beacon,d8:d7:75:45:81:24,ff:ff:ff:ff:ff:ff,ff:ff:ff:ff:ff:ff,d8:d7:75:45:81:24,d8:d7:75:45:81:24,FunBox2-8124,-46,1,2412,False,False
1778947348.339556,management,beacon,d8:d7:75:45:81:24,ff:ff:ff:ff:ff:ff,ff:ff:ff:ff:ff:ff,d8:d7:75:45:81:24,d8:d7:75:45:81:24,FunBox2-8124,-43,1,2412,False,False
1778947348.4420054,management,beacon,d8:d7:75:45:81:24,ff:ff:ff:ff:ff:ff,ff:ff:ff:ff:ff:ff,d8:d7:75:45:81:24,d8:d7:75:45:81:24,FunBox2-8124,-45,1,2412,False,False
1778947348.5443816,management,beacon,d8:d7:75:45:81:24,ff:ff:ff:ff:ff:ff,ff:ff:ff:ff:ff:ff,d8:d7:75:45:81:24,d8:d7:75:45:81:24,FunBox2-8124,-44,1,2412,False,False
1778947348.6467745,management,beacon,d8:d7:75:45:81:24,ff:ff:ff:ff:ff:ff,ff:ff:ff:ff:ff:ff,d8:d7:75:45:81:24,d8:d7:75:45:81:24,FunBox2-8124,-48,1,2412,False,False
1778947348.7492049,management,beacon,d8:d7:75:45:81:24,ff:ff:ff:ff:ff:ff,ff:ff:ff:ff:ff:ff,d8:d7:75:45:81:24,d8:d7:75:45:81:24,FunBox2-8124,-44,1,2412,False,False
1778947348.8515933,management,beacon,d8:d7:75:45:81:24,ff:ff:ff:ff:ff:ff,ff:ff:ff:ff:ff:ff,d8:d7:75:45:81:24,d8:d7:75:45:81:24,FunBox2-8124,-44,1,2412,False,False
1778947348.9540339,management,beacon,d8:d7:75:45:81:24,ff:ff:ff:ff:ff:ff,ff:ff:ff:ff:ff:ff,d8:d7:75:45:81:24,d8:d7:75:45:81:24,FunBox2-8124,-50,1,2412,False,False
1778947348.9556727,data,data,d8:d7:75:45:81:24,01:00:5e:00:00:fb,01:00:5e:00:00:fb,d8:d7:75:45:81:24,8a:f4:af:eb:f3:fb,,-47,1,2412,True,False
1778947348.9561563,control,ack,,d8:d7:75:45:81:24,d8:d7:75:45:81:24,,,,-85,1,2412,False,False
1778947348.9561577,data,null_data,50:02:91:e8:18:ec,d8:d7:75:45:81:24,d8:d7:75:45:81:24,50:02:91:e8:18:ec,d8:d7:75:45:81:24,,-82,1,2412,False,False
1778947348.9561586,control,ack,,50:02:91:e8:18:ec,50:02:91:e8:18:ec,,,,-51,1,2412,False,False
1778947348.9584205,control,ack,,d8:d7:75:45:81:24,d8:d7:75:45:81:24,,,,-85,1,2412,False,False
1778947349.056414,management,beacon,d8:d7:75:45:81:24,ff:ff:ff:ff:ff:ff,ff:ff:ff:ff:ff:ff,d8:d7:75:45:81:24,d8:d7:75:45:81:24,FunBox2-8124,-45,1,2412,False,False
1778947349.158841,management,beacon,d8:d7:75:45:81:24,ff:ff:ff:ff:ff:ff,ff:ff:ff:ff:ff:ff,d8:d7:75:45:81:24,d8:d7:75:45:81:24,FunBox2-8124,-45,1,2412,False,False
1778947349.1988494,data,null_data,50:02:91:e8:18:ec,d8:d7:75:45:81:24,d8:d7:75:45:81:24,50:02:91:e8:18:ec,d8:d7:75:45:81:24,,-83,1,2412,False,False
1778947349.1988597,control,ack,,50:02:91:e8:18:ec,50:02:91:e8:18:ec,,,,-48,1,2412,False,False
1778947349.261195,management,beacon,d8:d7:75:45:81:24,ff:ff:ff:ff:ff:ff,ff:ff:ff:ff:ff:ff,d8:d7:75:45:81:24,d8:d7:75:45:81:24,FunBox2-8124,-46,1,2412,False,False
1778947349.3636477,management,beacon,d8:d7:75:45:81:24,ff:ff:ff:ff:ff:ff,ff:ff:ff:ff:ff:ff,d8:d7:75:45:81:24,d8:d7:75:45:81:24,FunBox2-8124,-46,1,2412,False,False
1778947349.4660408,management,beacon,d8:d7:75:45:81:24,ff:ff:ff:ff:ff:ff,ff:ff:ff:ff:ff:ff,d8:d7:75:45:81:24,d8:d7:75:45:81:24,FunBox2-8124,-44,1,2412,False,False
1778947349.5684795,management,beacon,d8:d7:75:45:81:24,ff:ff:ff:ff:ff:ff,ff:ff:ff:ff:ff:ff,d8:d7:75:45:81:24,d8:d7:75:45:81:24,FunBox2-8124,-46,1,2412,False,False
1778947349.7732093,management,beacon,d8:d7:75:45:81:24,ff:ff:ff:ff:ff:ff,ff:ff:ff:ff:ff:ff,d8:d7:75:45:81:24,d8:d7:75:45:81:24,FunBox2-8124,-45,1,2412,False,False
1778947349.8246696,control,ack,,50:02:91:e8:18:ec,50:02:91:e8:18:ec,,,,-46,1,2412,False,False
1778947349.8251035,data,null_data,50:02:91:e8:18:ec,d8:d7:75:45:81:24,d8:d7:75:45:81:24,50:02:91:e8:18:ec,d8:d7:75:45:81:24,,-82,1,2412,False,True
1778947349.825106,control,ack,,50:02:91:e8:18:ec,50:02:91:e8:18:ec,,,,-50,1,2412,False,False
1778947349.875675,management,beacon,d8:d7:75:45:81:24,ff:ff:ff:ff:ff:ff,ff:ff:ff:ff:ff:ff,d8:d7:75:45:81:24,d8:d7:75:45:81:24,FunBox2-8124,-48,1,2412,False,False
1778947349.9782436,management,beacon,d8:d7:75:45:81:24,ff:ff:ff:ff:ff:ff,ff:ff:ff:ff:ff:ff,d8:d7:75:45:81:24,d8:d7:75:45:81:24,FunBox2-8124,-44,1,2412,False,False
1778947350.0660691,data,null_data,50:02:91:e8:18:ec,d8:d7:75:45:81:24,d8:d7:75:45:81:24,50:02:91:e8:18:ec,d8:d7:75:45:81:24,,-84,1,2412,False,False
1778947350.066092,control,ack,,50:02:91:e8:18:ec,50:02:91:e8:18:ec,,,,-47,1,2412,False,False
1778947350.080462,management,beacon,d8:d7:75:45:81:24,ff:ff:ff:ff:ff:ff,ff:ff:ff:ff:ff:ff,d8:d7:75:45:81:24,d8:d7:75:45:81:24,FunBox2-8124,-46,1,2412,False,False
1778947350.1840677,control,ack,,50:02:91:e8:18:ec,50:02:91:e8:18:ec,,,,-46,1,2412,False,False
1778947350.1845083,control,ack,,50:02:91:e8:18:ec,50:02:91:e8:18:ec,,,,-49,1,2412,False,False
1778947350.2852836,management,beacon,d8:d7:75:45:81:24,ff:ff:ff:ff:ff:ff,ff:ff:ff:ff:ff:ff,d8:d7:75:45:81:24,d8:d7:75:45:81:24,FunBox2-8124,-45,1,2412,False,False
1778947350.3876443,management,beacon,d8:d7:75:45:81:24,ff:ff:ff:ff:ff:ff,ff:ff:ff:ff:ff:ff,d8:d7:75:45:81:24,d8:d7:75:45:81:24,FunBox2-8124,-44,1,2412,False,False
1778947350.4261346,data,null_data,50:02:91:e8:18:ec,d8:d7:75:45:81:24,d8:d7:75:45:81:24,50:02:91:e8:18:ec,d8:d7:75:45:81:24,,-85,1,2412,False,True
1778947350.4261444,control,ack,,50:02:91:e8:18:ec,50:02:91:e8:18:ec,,,,-44,1,2412,False,False
1778947350.4900873,management,beacon,d8:d7:75:45:81:24,ff:ff:ff:ff:ff:ff,ff:ff:ff:ff:ff:ff,d8:d7:75:45:81:24,d8:d7:75:45:81:24,FunBox2-8124,-42,1,2412,False,False
1778947350.5925083,management,beacon,d8:d7:75:45:81:24,ff:ff:ff:ff:ff:ff,ff:ff:ff:ff:ff:ff,d8:d7:75:45:81:24,d8:d7:75:45:81:24,FunBox2-8124,-43,1,2412,False,False
1778947350.797265,management,beacon,d8:d7:75:45:81:24,ff:ff:ff:ff:ff:ff,ff:ff:ff:ff:ff:ff,d8:d7:75:45:81:24,d8:d7:75:45:81:24,FunBox2-8124,-44,1,2412,False,False
1778947350.8607235,control,cts,,54:35:30:cf:ee:1e,54:35:30:cf:ee:1e,,,,-57,1,2412,False,False
1778947350.9016733,management,beacon,d8:d7:75:45:81:24,ff:ff:ff:ff:ff:ff,ff:ff:ff:ff:ff:ff,d8:d7:75:45:81:24,d8:d7:75:45:81:24,FunBox2-8124,-49,1,2412,False,False
1778947351.002051,management,beacon,d8:d7:75:45:81:24,ff:ff:ff:ff:ff:ff,ff:ff:ff:ff:ff:ff,d8:d7:75:45:81:24,d8:d7:75:45:81:24,FunBox2-8124,-43,1,2412,False,False
1778947351.10446,management,beacon,d8:d7:75:45:81:24,ff:ff:ff:ff:ff:ff,ff:ff:ff:ff:ff:ff,d8:d7:75:45:81:24,d8:d7:75:45:81:24,FunBox2-8124,-42,1,2412,False,False
1778947351.3092763,management,beacon,d8:d7:75:45:81:24,ff:ff:ff:ff:ff:ff,ff:ff:ff:ff:ff:ff,d8:d7:75:45:81:24,d8:d7:75:45:81:24,FunBox2-8124,-41,1,2412,False,False
1778947351.411668,management,beacon,d8:d7:75:45:81:24,ff:ff:ff:ff:ff:ff,ff:ff:ff:ff:ff:ff,d8:d7:75:45:81:24,d8:d7:75:45:81:24,FunBox2-8124,-41,1,2412,False,False
1778947351.5140812,management,beacon,d8:d7:75:45:81:24,ff:ff:ff:ff:ff:ff,ff:ff:ff:ff:ff:ff,d8:d7:75:45:81:24,d8:d7:75:45:81:24,FunBox2-8124,-44,1,2412,False,False
1778947351.6164925,management,beacon,d8:d7:75:45:81:24,ff:ff:ff:ff:ff:ff,ff:ff:ff:ff:ff:ff,d8:d7:75:45:81:24,d8:d7:75:45:81:24,FunBox2-8124,-45,1,2412,False,False
1778947351.7200592,data,null_data,50:02:91:e8:18:ec,d8:d7:75:45:81:24,d8:d7:75:45:81:24,50:02:91:e8:18:ec,d8:d7:75:45:81:24,,-83,1,2412,False,False
1778947351.72007,control,ack,,50:02:91:e8:18:ec,50:02:91:e8:18:ec,,,,-45,1,2412,False,False
1778947351.8212996,management,beacon,d8:d7:75:45:81:24,ff:ff:ff:ff:ff:ff,ff:ff:ff:ff:ff:ff,d8:d7:75:45:81:24,d8:d7:75:45:81:24,FunBox2-8124,-53,1,2412,False,False
1778947351.9237049,management,beacon,d8:d7:75:45:81:24,ff:ff:ff:ff:ff:ff,ff:ff:ff:ff:ff:ff,d8:d7:75:45:81:24,d8:d7:75:45:81:24,FunBox2-8124,-52,1,2412,False,False
1778947351.9610307,data,null_data,50:02:91:e8:18:ec,d8:d7:75:45:81:24,d8:d7:75:45:81:24,50:02:91:e8:18:ec,d8:d7:75:45:81:24,,-83,1,2412,False,False
1778947351.9610388,control,ack,,50:02:91:e8:18:ec,50:02:91:e8:18:ec,,,,-43,1,2412,False,False
1778947352.0261633,management,beacon,d8:d7:75:45:81:24,ff:ff:ff:ff:ff:ff,ff:ff:ff:ff:ff:ff,d8:d7:75:45:81:24,d8:d7:75:45:81:24,FunBox2-8124,-42,1,2412,False,False
1778947352.1285105,management,beacon,d8:d7:75:45:81:24,ff:ff:ff:ff:ff:ff,ff:ff:ff:ff:ff:ff,d8:d7:75:45:81:24,d8:d7:75:45:81:24,FunBox2-8124,-44,1,2412,False,False
1778947352.3333185,management,beacon,d8:d7:75:45:81:24,ff:ff:ff:ff:ff:ff,ff:ff:ff:ff:ff:ff,d8:d7:75:45:81:24,d8:d7:75:45:81:24,FunBox2-8124,-41,1,2412,False,False
1778947352.389497,management,probe_response,d8:d7:75:45:81:24,c8:1c:fe:e9:17:70,c8:1c:fe:e9:17:70,d8:d7:75:45:81:24,d8:d7:75:45:81:24,FunBox2-8124,-47,1,2412,False,False
1778947352.4124713,management,probe_response,d8:d7:75:45:81:24,c8:1c:fe:e9:17:70,c8:1c:fe:e9:17:70,d8:d7:75:45:81:24,d8:d7:75:45:81:24,FunBox2-8124,-47,1,2412,False,False
1778947352.436497,management,beacon,d8:d7:75:45:81:24,ff:ff:ff:ff:ff:ff,ff:ff:ff:ff:ff:ff,d8:d7:75:45:81:24,d8:d7:75:45:81:24,FunBox2-8124,-47,1,2412,False,False
1778947352.4538584,management,probe_response,d8:d7:75:45:81:24,c8:1c:fe:e9:17:70,c8:1c:fe:e9:17:70,d8:d7:75:45:81:24,d8:d7:75:45:81:24,FunBox2-8124,-47,1,2412,False,False
1778947352.457938,management,probe_response,d8:d7:75:45:81:24,c8:1c:fe:e9:17:70,c8:1c:fe:e9:17:70,d8:d7:75:45:81:24,d8:d7:75:45:81:24,FunBox2-8124,-47,1,2412,False,True
1778947352.4616096,management,probe_response,d8:d7:75:45:81:24,c8:1c:fe:e9:17:70,c8:1c:fe:e9:17:70,d8:d7:75:45:81:24,d8:d7:75:45:81:24,FunBox2-8124,-48,1,2412,False,True
1778947352.4799044,management,probe_response,d8:d7:75:45:81:24,c8:1c:fe:e9:17:70,c8:1c:fe:e9:17:70,d8:d7:75:45:81:24,d8:d7:75:45:81:24,FunBox2-8124,-48,1,2412,False,True
1778947352.4845462,management,probe_response,d8:d7:75:45:81:24,c8:1c:fe:e9:17:70,c8:1c:fe:e9:17:70,d8:d7:75:45:81:24,d8:d7:75:45:81:24,FunBox2-8124,-47,1,2412,False,True
1778947352.538117,management,beacon,d8:d7:75:45:81:24,ff:ff:ff:ff:ff:ff,ff:ff:ff:ff:ff:ff,d8:d7:75:45:81:24,d8:d7:75:45:81:24,FunBox2-8124,-46,1,2412,False,False
1778947352.6405272,management,beacon,d8:d7:75:45:81:24,ff:ff:ff:ff:ff:ff,ff:ff:ff:ff:ff:ff,d8:d7:75:45:81:24,d8:d7:75:45:81:24,FunBox2-8124,-43,1,2412,False,False
1778947352.8453708,management,beacon,d8:d7:75:45:81:24,ff:ff:ff:ff:ff:ff,ff:ff:ff:ff:ff:ff,d8:d7:75:45:81:24,d8:d7:75:45:81:24,FunBox2-8124,-44,1,2412,False,False
1778947352.9477282,management,beacon,d8:d7:75:45:81:24,ff:ff:ff:ff:ff:ff,ff:ff:ff:ff:ff:ff,d8:d7:75:45:81:24,d8:d7:75:45:81:24,FunBox2-8124,-43,1,2412,False,False
1778947353.0501425,management,beacon,d8:d7:75:45:81:24,ff:ff:ff:ff:ff:ff,ff:ff:ff:ff:ff:ff,d8:d7:75:45:81:24,d8:d7:75:45:81:24,FunBox2-8124,-43,1,2412,False,False
1778947353.1525936,management,beacon,d8:d7:75:45:81:24,ff:ff:ff:ff:ff:ff,ff:ff:ff:ff:ff:ff,d8:d7:75:45:81:24,d8:d7:75:45:81:24,FunBox2-8124,-44,1,2412,False,False
1778947353.2561858,data,null_data,50:02:91:e8:18:ec,d8:d7:75:45:81:24,d8:d7:75:45:81:24,50:02:91:e8:18:ec,d8:d7:75:45:81:24,,-83,1,2412,False,False
1778947353.2561965,control,ack,,50:02:91:e8:18:ec,50:02:91:e8:18:ec,,,,-46,1,2412,False,False
1778947353.2957323,data,qos_null,d8:d7:75:45:81:24,54:35:30:cf:ee:1e,54:35:30:cf:ee:1e,d8:d7:75:45:81:24,d8:d7:75:45:81:24,,-45,1,2412,False,False
1778947353.2960289,control,ack,,d8:d7:75:45:81:24,d8:d7:75:45:81:24,,,,-53,1,2412,False,False
1778947353.2968495,data,qos_null,d8:d7:75:45:81:24,50:02:91:e8:18:ec,50:02:91:e8:18:ec,d8:d7:75:45:81:24,d8:d7:75:45:81:24,,-47,1,2412,False,False
1778947353.29717,control,ack,,d8:d7:75:45:81:24,d8:d7:75:45:81:24,,,,-82,1,2412,False,False
1778947353.357413,management,beacon,d8:d7:75:45:81:24,ff:ff:ff:ff:ff:ff,ff:ff:ff:ff:ff:ff,d8:d7:75:45:81:24,d8:d7:75:45:81:24,FunBox2-8124,-47,1,2412,False,False
1778947353.4597547,management,beacon,d8:d7:75:45:81:24,ff:ff:ff:ff:ff:ff,ff:ff:ff:ff:ff:ff,d8:d7:75:45:81:24,d8:d7:75:45:81:24,FunBox2-8124,-44,1,2412,False,False
1778947353.5376837,data,null_data,50:02:91:e8:18:ec,d8:d7:75:45:81:24,d8:d7:75:45:81:24,50:02:91:e8:18:ec,d8:d7:75:45:81:24,,-80,1,2412,False,False
1778947353.5376937,control,ack,,50:02:91:e8:18:ec,50:02:91:e8:18:ec,,,,-46,1,2412,False,False
1778947353.56217,management,beacon,d8:d7:75:45:81:24,ff:ff:ff:ff:ff:ff,ff:ff:ff:ff:ff:ff,d8:d7:75:45:81:24,d8:d7:75:45:81:24,FunBox2-8124,-47,1,2412,False,False
1778947353.6645517,management,beacon,d8:d7:75:45:81:24,ff:ff:ff:ff:ff:ff,ff:ff:ff:ff:ff:ff,d8:d7:75:45:81:24,d8:d7:75:45:81:24,FunBox2-8124,-44,1,2412,False,False
1778947353.869366,management,beacon,d8:d7:75:45:81:24,ff:ff:ff:ff:ff:ff,ff:ff:ff:ff:ff:ff,d8:d7:75:45:81:24,d8:d7:75:45:81:24,FunBox2-8124,-46,1,2412,False,False
1778947353.9718163,management,beacon,d8:d7:75:45:81:24,ff:ff:ff:ff:ff:ff,ff:ff:ff:ff:ff:ff,d8:d7:75:45:81:24,d8:d7:75:45:81:24,FunBox2-8124,-43,1,2412,False,False
1778947354.0741625,management,beacon,d8:d7:75:45:81:24,ff:ff:ff:ff:ff:ff,ff:ff:ff:ff:ff:ff,d8:d7:75:45:81:24,d8:d7:75:45:81:24,FunBox2-8124,-45,1,2412,False,False
1778947354.1765835,management,beacon,d8:d7:75:45:81:24,ff:ff:ff:ff:ff:ff,ff:ff:ff:ff:ff:ff,d8:d7:75:45:81:24,d8:d7:75:45:81:24,FunBox2-8124,-47,1,2412,False,False
1778947354.38144,management,beacon,d8:d7:75:45:81:24,ff:ff:ff:ff:ff:ff,ff:ff:ff:ff:ff:ff,d8:d7:75:45:81:24,d8:d7:75:45:81:24,FunBox2-8124,-44,1,2412,False,False
1778947354.4837909,management,beacon,d8:d7:75:45:81:24,ff:ff:ff:ff:ff:ff,ff:ff:ff:ff:ff:ff,d8:d7:75:45:81:24,d8:d7:75:45:81:24,FunBox2-8124,-43,1,2412,False,False
1778947354.586214,management,beacon,d8:d7:75:45:81:24,ff:ff:ff:ff:ff:ff,ff:ff:ff:ff:ff:ff,d8:d7:75:45:81:24,d8:d7:75:45:81:24,FunBox2-8124,-43,1,2412,False,False
1778947354.5873995,data,null_data,50:02:91:e8:18:ec,d8:d7:75:45:81:24,d8:d7:75:45:81:24,50:02:91:e8:18:ec,d8:d7:75:45:81:24,,-83,1,2412,False,False
1778947354.5874028,control,ack,,50:02:91:e8:18:ec,50:02:91:e8:18:ec,,,,-46,1,2412,False,False
1778947354.6885939,management,beacon,d8:d7:75:45:81:24,ff:ff:ff:ff:ff:ff,ff:ff:ff:ff:ff:ff,d8:d7:75:45:81:24,d8:d7:75:45:81:24,FunBox2-8124,-43,1,2412,False,False
1778947354.79102,management,beacon,d8:d7:75:45:81:24,ff:ff:ff:ff:ff:ff,ff:ff:ff:ff:ff:ff,d8:d7:75:45:81:24,d8:d7:75:45:81:24,FunBox2-8124,-43,1,2412,False,False
1778947354.8281994,data,null_data,50:02:91:e8:18:ec,d8:d7:75:45:81:24,d8:d7:75:45:81:24,50:02:91:e8:18:ec,d8:d7:75:45:81:24,,-84,1,2412,False,False
1778947354.8283637,data,null_data,50:02:91:e8:18:ec,d8:d7:75:45:81:24,d8:d7:75:45:81:24,50:02:91:e8:18:ec,d8:d7:75:45:81:24,,-83,1,2412,False,True
1778947354.8289087,data,null_data,50:02:91:e8:18:ec,d8:d7:75:45:81:24,d8:d7:75:45:81:24,50:02:91:e8:18:ec,d8:d7:75:45:81:24,,-84,1,2412,False,True
1778947354.8289099,control,ack,,50:02:91:e8:18:ec,50:02:91:e8:18:ec,,,,-46,1,2412,False,False
1778947354.893441,management,beacon,d8:d7:75:45:81:24,ff:ff:ff:ff:ff:ff,ff:ff:ff:ff:ff:ff,d8:d7:75:45:81:24,d8:d7:75:45:81:24,FunBox2-8124,-43,1,2412,False,False
1778947354.9958394,management,beacon,d8:d7:75:45:81:24,ff:ff:ff:ff:ff:ff,ff:ff:ff:ff:ff:ff,d8:d7:75:45:81:24,d8:d7:75:45:81:24,FunBox2-8124,-44,1,2412,False,False
1778947355.0982068,management,beacon,d8:d7:75:45:81:24,ff:ff:ff:ff:ff:ff,ff:ff:ff:ff:ff:ff,d8:d7:75:45:81:24,d8:d7:75:45:81:24,FunBox2-8124,-46,1,2412,False,False
1778947355.200635,management,beacon,d8:d7:75:45:81:24,ff:ff:ff:ff:ff:ff,ff:ff:ff:ff:ff:ff,d8:d7:75:45:81:24,d8:d7:75:45:81:24,FunBox2-8124,-46,1,2412,False,False
1778947355.3030543,management,beacon,d8:d7:75:45:81:24,ff:ff:ff:ff:ff:ff,ff:ff:ff:ff:ff:ff,d8:d7:75:45:81:24,d8:d7:75:45:81:24,FunBox2-8124,-43,1,2412,False,False
1778947355.4054294,management,beacon,d8:d7:75:45:81:24,ff:ff:ff:ff:ff:ff,ff:ff:ff:ff:ff:ff,d8:d7:75:45:81:24,d8:d7:75:45:81:24,FunBox2-8124,-49,1,2412,False,False
1778947355.5078237,management,beacon,d8:d7:75:45:81:24,ff:ff:ff:ff:ff:ff,ff:ff:ff:ff:ff:ff,d8:d7:75:45:81:24,d8:d7:75:45:81:24,FunBox2-8124,-47,1,2412,False,False
1778947355.6102488,management,beacon,d8:d7:75:45:81:24,ff:ff:ff:ff:ff:ff,ff:ff:ff:ff:ff:ff,d8:d7:75:45:81:24,d8:d7:75:45:81:24,FunBox2-8124,-46,1,2412,False,False
1778947355.7126348,management,beacon,d8:d7:75:45:81:24,ff:ff:ff:ff:ff:ff,ff:ff:ff:ff:ff:ff,d8:d7:75:45:81:24,d8:d7:75:45:81:24,FunBox2-8124,-44,1,2412,False,False
1778947355.815075,management,beacon,d8:d7:75:45:81:24,ff:ff:ff:ff:ff:ff,ff:ff:ff:ff:ff:ff,d8:d7:75:45:81:24,d8:d7:75:45:81:24,FunBox2-8124,-45,1,2412,False,False
1778947355.9195664,management,beacon,d8:d7:75:45:81:24,ff:ff:ff:ff:ff:ff,ff:ff:ff:ff:ff:ff,d8:d7:75:45:81:24,d8:d7:75:45:81:24,FunBox2-8124,-47,1,2412,False,False
1778947356.019843,management,beacon,d8:d7:75:45:81:24,ff:ff:ff:ff:ff:ff,ff:ff:ff:ff:ff:ff,d8:d7:75:45:81:24,d8:d7:75:45:81:24,FunBox2-8124,-44,1,2412,False,False
1778947356.0210195,data,null_data,50:02:91:e8:18:ec,d8:d7:75:45:81:24,d8:d7:75:45:81:24,50:02:91:e8:18:ec,d8:d7:75:45:81:24,,-82,1,2412,False,False
1778947356.0210226,control,ack,,50:02:91:e8:18:ec,50:02:91:e8:18:ec,,,,-47,1,2412,False,False
1778947356.1230617,management,beacon,d8:d7:75:45:81:24,ff:ff:ff:ff:ff:ff,ff:ff:ff:ff:ff:ff,d8:d7:75:45:81:24,d8:d7:75:45:81:24,FunBox2-8124,-44,1,2412,False,False
1778947356.2247038,management,beacon,d8:d7:75:45:81:24,ff:ff:ff:ff:ff:ff,ff:ff:ff:ff:ff:ff,d8:d7:75:45:81:24,d8:d7:75:45:81:24,FunBox2-8124,-44,1,2412,False,False
1778947356.261902,data,null_data,50:02:91:e8:18:ec,d8:d7:75:45:81:24,d8:d7:75:45:81:24,50:02:91:e8:18:ec,d8:d7:75:45:81:24,,-82,1,2412,False,False
1778947356.2619114,control,ack,,50:02:91:e8:18:ec,50:02:91:e8:18:ec,,,,-47,1,2412,False,False
1778947356.3270488,management,beacon,d8:d7:75:45:81:24,ff:ff:ff:ff:ff:ff,ff:ff:ff:ff:ff:ff,d8:d7:75:45:81:24,d8:d7:75:45:81:24,FunBox2-8124,-47,1,2412,False,False
1778947356.4294562,management,beacon,d8:d7:75:45:81:24,ff:ff:ff:ff:ff:ff,ff:ff:ff:ff:ff:ff,d8:d7:75:45:81:24,d8:d7:75:45:81:24,FunBox2-8124,-45,1,2412,False,False
1778947356.5328538,management,beacon,d8:d7:75:45:81:24,ff:ff:ff:ff:ff:ff,ff:ff:ff:ff:ff:ff,d8:d7:75:45:81:24,d8:d7:75:45:81:24,FunBox2-8124,-47,1,2412,False,False
1778947356.634286,management,beacon,d8:d7:75:45:81:24,ff:ff:ff:ff:ff:ff,ff:ff:ff:ff:ff:ff,d8:d7:75:45:81:24,d8:d7:75:45:81:24,FunBox2-8124,-47,1,2412,False,False
1778947356.7366686,management,beacon,d8:d7:75:45:81:24,ff:ff:ff:ff:ff:ff,ff:ff:ff:ff:ff:ff,d8:d7:75:45:81:24,d8:d7:75:45:81:24,FunBox2-8124,-43,1,2412,False,False
1778947356.839111,management,beacon,d8:d7:75:45:81:24,ff:ff:ff:ff:ff:ff,ff:ff:ff:ff:ff:ff,d8:d7:75:45:81:24,d8:d7:75:45:81:24,FunBox2-8124,-44,1,2412,False,False
1778947356.9415214,management,beacon,d8:d7:75:45:81:24,ff:ff:ff:ff:ff:ff,ff:ff:ff:ff:ff:ff,d8:d7:75:45:81:24,d8:d7:75:45:81:24,FunBox2-8124,-48,1,2412,False,False
1778947357.0438797,management,beacon,d8:d7:75:45:81:24,ff:ff:ff:ff:ff:ff,ff:ff:ff:ff:ff:ff,d8:d7:75:45:81:24,d8:d7:75:45:81:24,FunBox2-8124,-43,1,2412,False,False
1778947357.1463275,management,beacon,d8:d7:75:45:81:24,ff:ff:ff:ff:ff:ff,ff:ff:ff:ff:ff:ff,d8:d7:75:45:81:24,d8:d7:75:45:81:24,FunBox2-8124,-44,1,2412,False,False
1778947357.248706,management,beacon,d8:d7:75:45:81:24,ff:ff:ff:ff:ff:ff,ff:ff:ff:ff:ff:ff,d8:d7:75:45:81:24,d8:d7:75:45:81:24,FunBox2-8124,-46,1,2412,False,False
1778947357.2500637,data,data,d8:d7:75:45:81:24,33:33:00:00:00:16,33:33:00:00:00:16,d8:d7:75:45:81:24,8a:f4:af:eb:f3:fb,,-43,1,2412,True,False
1778947357.2505655,control,ack,,50:02:91:e8:18:ec,50:02:91:e8:18:ec,,,,-50,1,2412,False,False
1778947357.3081322,data,data,d8:d7:75:45:81:24,01:00:5e:00:00:fb,01:00:5e:00:00:fb,d8:d7:75:45:81:24,8a:f4:af:eb:f3:fb,,-43,1,2412,True,False
1778947357.3084311,control,ack,,d8:d7:75:45:81:24,d8:d7:75:45:81:24,,,,-82,1,2412,False,False
1778947357.3102994,data,data,d8:d7:75:45:81:24,33:33:00:00:00:fb,33:33:00:00:00:fb,d8:d7:75:45:81:24,8a:f4:af:eb:f3:fb,,-48,1,2412,True,False
1778947357.310605,control,ack,,d8:d7:75:45:81:24,d8:d7:75:45:81:24,,,,-82,1,2412,False,False
1778947357.3510976,management,beacon,d8:d7:75:45:81:24,ff:ff:ff:ff:ff:ff,ff:ff:ff:ff:ff:ff,d8:d7:75:45:81:24,d8:d7:75:45:81:24,FunBox2-8124,-47,1,2412,False,False
1778947357.453508,management,beacon,d8:d7:75:45:81:24,ff:ff:ff:ff:ff:ff,ff:ff:ff:ff:ff:ff,d8:d7:75:45:81:24,d8:d7:75:45:81:24,FunBox2-8124,-48,1,2412,False,False
1778947357.5510178,data,null_data,50:02:91:e8:18:ec,d8:d7:75:45:81:24,d8:d7:75:45:81:24,50:02:91:e8:18:ec,d8:d7:75:45:81:24,,-82,1,2412,False,False
1778947357.551215,data,null_data,50:02:91:e8:18:ec,d8:d7:75:45:81:24,d8:d7:75:45:81:24,50:02:91:e8:18:ec,d8:d7:75:45:81:24,,-82,1,2412,False,True
1778947357.5515695,data,null_data,50:02:91:e8:18:ec,d8:d7:75:45:81:24,d8:d7:75:45:81:24,50:02:91:e8:18:ec,d8:d7:75:45:81:24,,-83,1,2412,False,True
1778947357.5520604,data,null_data,50:02:91:e8:18:ec,d8:d7:75:45:81:24,d8:d7:75:45:81:24,50:02:91:e8:18:ec,d8:d7:75:45:81:24,,-81,1,2412,False,True
1778947357.5520623,control,ack,,50:02:91:e8:18:ec,50:02:91:e8:18:ec,,,,-45,1,2412,False,False
1778947357.555912,management,beacon,d8:d7:75:45:81:24,ff:ff:ff:ff:ff:ff,ff:ff:ff:ff:ff:ff,d8:d7:75:45:81:24,d8:d7:75:45:81:24,FunBox2-8124,-49,1,2412,False,False
1778947357.6583014,management,beacon,d8:d7:75:45:81:24,ff:ff:ff:ff:ff:ff,ff:ff:ff:ff:ff:ff,d8:d7:75:45:81:24,d8:d7:75:45:81:24,FunBox2-8124,-45,1,2412,False,False
1778947357.7607405,management,beacon,d8:d7:75:45:81:24,ff:ff:ff:ff:ff:ff,ff:ff:ff:ff:ff:ff,d8:d7:75:45:81:24,d8:d7:75:45:81:24,FunBox2-8124,-48,1,2412,False,False
1778947357.8631132,management,beacon,d8:d7:75:45:81:24,ff:ff:ff:ff:ff:ff,ff:ff:ff:ff:ff:ff,d8:d7:75:45:81:24,d8:d7:75:45:81:24,FunBox2-8124,-48,1,2412,False,False
1778947357.9655492,management,beacon,d8:d7:75:45:81:24,ff:ff:ff:ff:ff:ff,ff:ff:ff:ff:ff:ff,d8:d7:75:45:81:24,d8:d7:75:45:81:24,FunBox2-8124,-47,1,2412,False,False
1778947358.0679615,management,beacon,d8:d7:75:45:81:24,ff:ff:ff:ff:ff:ff,ff:ff:ff:ff:ff:ff,d8:d7:75:45:81:24,d8:d7:75:45:81:24,FunBox2-8124,-45,1,2412,False,False
1778947358.1703622,management,beacon,d8:d7:75:45:81:24,ff:ff:ff:ff:ff:ff,ff:ff:ff:ff:ff:ff,d8:d7:75:45:81:24,d8:d7:75:45:81:24,FunBox2-8124,-45,1,2412,False,False
1778947358.272765,management,beacon,d8:d7:75:45:81:24,ff:ff:ff:ff:ff:ff,ff:ff:ff:ff:ff:ff,d8:d7:75:45:81:24,d8:d7:75:45:81:24,FunBox2-8124,-47,1,2412,False,False
1778947358.3751495,management,beacon,d8:d7:75:45:81:24,ff:ff:ff:ff:ff:ff,ff:ff:ff:ff:ff:ff,d8:d7:75:45:81:24,d8:d7:75:45:81:24,FunBox2-8124,-44,1,2412,False,False
1778947358.477593,management,beacon,d8:d7:75:45:81:24,ff:ff:ff:ff:ff:ff,ff:ff:ff:ff:ff:ff,d8:d7:75:45:81:24,d8:d7:75:45:81:24,FunBox2-8124,-45,1,2412,False,False
1778947358.4793887,data,data,d8:d7:75:45:81:24,01:00:5e:00:00:fb,01:00:5e:00:00:fb,d8:d7:75:45:81:24,8a:f4:af:eb:f3:fb,,-45,1,2412,True,False
1778947358.4800384,control,ack,,d8:d7:75:45:81:24,d8:d7:75:45:81:24,,,,-83,1,2412,False,False
1778947358.4800398,data,null_data,50:02:91:e8:18:ec,d8:d7:75:45:81:24,d8:d7:75:45:81:24,50:02:91:e8:18:ec,d8:d7:75:45:81:24,,-80,1,2412,False,False
1778947358.4800408,control,ack,,50:02:91:e8:18:ec,50:02:91:e8:18:ec,,,,-51,1,2412,False,False
1778947358.4800417,data,null_data,50:02:91:e8:18:ec,d8:d7:75:45:81:24,d8:d7:75:45:81:24,50:02:91:e8:18:ec,d8:d7:75:45:81:24,,-82,1,2412,False,True
1778947358.480043,control,ack,,50:02:91:e8:18:ec,50:02:91:e8:18:ec,,,,-51,1,2412,False,False
1778947358.481854,data,data,d8:d7:75:45:81:24,33:33:00:00:00:fb,33:33:00:00:00:fb,d8:d7:75:45:81:24,8a:f4:af:eb:f3:fb,,-48,1,2412,True,False
1778947358.482171,control,ack,,d8:d7:75:45:81:24,d8:d7:75:45:81:24,,,,-82,1,2412,False,False
1778947358.579937,management,beacon,d8:d7:75:45:81:24,ff:ff:ff:ff:ff:ff,ff:ff:ff:ff:ff:ff,d8:d7:75:45:81:24,d8:d7:75:45:81:24,FunBox2-8124,-45,1,2412,False,False
1778947358.6823814,management,beacon,d8:d7:75:45:81:24,ff:ff:ff:ff:ff:ff,ff:ff:ff:ff:ff:ff,d8:d7:75:45:81:24,d8:d7:75:45:81:24,FunBox2-8124,-45,1,2412,False,False
1778947358.7225888,data,null_data,50:02:91:e8:18:ec,d8:d7:75:45:81:24,d8:d7:75:45:81:24,50:02:91:e8:18:ec,d8:d7:75:45:81:24,,-82,1,2412,False,False
1778947358.7225966,control,ack,,50:02:91:e8:18:ec,50:02:91:e8:18:ec,,,,-46,1,2412,False,False
1778947358.7847807,management,beacon,d8:d7:75:45:81:24,ff:ff:ff:ff:ff:ff,ff:ff:ff:ff:ff:ff,d8:d7:75:45:81:24,d8:d7:75:45:81:24,FunBox2-8124,-44,1,2412,False,False
1778947358.8872077,management,beacon,d8:d7:75:45:81:24,ff:ff:ff:ff:ff:ff,ff:ff:ff:ff:ff:ff,d8:d7:75:45:81:24,d8:d7:75:45:81:24,FunBox2-8124,-43,1,2412,False,False
1778947358.9895518,management,beacon,d8:d7:75:45:81:24,ff:ff:ff:ff:ff:ff,ff:ff:ff:ff:ff:ff,d8:d7:75:45:81:24,d8:d7:75:45:81:24,FunBox2-8124,-47,1,2412,False,False
1778947359.0919514,management,beacon,d8:d7:75:45:81:24,ff:ff:ff:ff:ff:ff,ff:ff:ff:ff:ff:ff,d8:d7:75:45:81:24,d8:d7:75:45:81:24,FunBox2-8124,-44,1,2412,False,False
1778947359.1943686,management,beacon,d8:d7:75:45:81:24,ff:ff:ff:ff:ff:ff,ff:ff:ff:ff:ff:ff,d8:d7:75:45:81:24,d8:d7:75:45:81:24,FunBox2-8124,-44,1,2412,False,False
1778947359.3991773,management,beacon,d8:d7:75:45:81:24,ff:ff:ff:ff:ff:ff,ff:ff:ff:ff:ff:ff,d8:d7:75:45:81:24,d8:d7:75:45:81:24,FunBox2-8124,-43,1,2412,False,False
1778947359.5016294,management,beacon,d8:d7:75:45:81:24,ff:ff:ff:ff:ff:ff,ff:ff:ff:ff:ff:ff,d8:d7:75:45:81:24,d8:d7:75:45:81:24,FunBox2-8124,-48,1,2412,False,False
1778947359.6040199,management,beacon,d8:d7:75:45:81:24,ff:ff:ff:ff:ff:ff,ff:ff:ff:ff:ff:ff,d8:d7:75:45:81:24,d8:d7:75:45:81:24,FunBox2-8124,-45,1,2412,False,False
1778947359.7063763,management,beacon,d8:d7:75:45:81:24,ff:ff:ff:ff:ff:ff,ff:ff:ff:ff:ff:ff,d8:d7:75:45:81:24,d8:d7:75:45:81:24,FunBox2-8124,-44,1,2412,False,False
1778947359.8087957,management,beacon,d8:d7:75:45:81:24,ff:ff:ff:ff:ff:ff,ff:ff:ff:ff:ff:ff,d8:d7:75:45:81:24,d8:d7:75:45:81:24,FunBox2-8124,-43,1,2412,False,False
1778947359.825549,data,null_data,50:02:91:e8:18:ec,d8:d7:75:45:81:24,d8:d7:75:45:81:24,50:02:91:e8:18:ec,d8:d7:75:45:81:24,,-83,1,2412,False,True
1778947359.8267906,data,null_data,50:02:91:e8:18:ec,d8:d7:75:45:81:24,d8:d7:75:45:81:24,50:02:91:e8:18:ec,d8:d7:75:45:81:24,,-83,1,2412,False,True
1778947359.8273108,data,null_data,50:02:91:e8:18:ec,d8:d7:75:45:81:24,d8:d7:75:45:81:24,50:02:91:e8:18:ec,d8:d7:75:45:81:24,,-83,1,2412,False,True
1778947359.8276248,control,ack,,50:02:91:e8:18:ec,50:02:91:e8:18:ec,,,,-49,1,2412,False,False
1778947359.9111998,management,beacon,d8:d7:75:45:81:24,ff:ff:ff:ff:ff:ff,ff:ff:ff:ff:ff:ff,d8:d7:75:45:81:24,d8:d7:75:45:81:24,FunBox2-8124,-44,1,2412,False,False
1778947359.9327571,data,data,d8:d7:75:45:81:24,33:33:00:00:00:16,33:33:00:00:00:16,d8:d7:75:45:81:24,8a:f4:af:eb:f3:fb,,-47,1,2412,True,False
1778947359.9330566,control,ack,,d8:d7:75:45:81:24,d8:d7:75:45:81:24,,,,-82,1,2412,False,False
1778947360.0136364,management,beacon,d8:d7:75:45:81:24,ff:ff:ff:ff:ff:ff,ff:ff:ff:ff:ff:ff,d8:d7:75:45:81:24,d8:d7:75:45:81:24,FunBox2-8124,-46,1,2412,False,False
1778947360.1160111,management,beacon,d8:d7:75:45:81:24,ff:ff:ff:ff:ff:ff,ff:ff:ff:ff:ff:ff,d8:d7:75:45:81:24,d8:d7:75:45:81:24,FunBox2-8124,-43,1,2412,False,False
1778947360.1735544,data,null_data,50:02:91:e8:18:ec,d8:d7:75:45:81:24,d8:d7:75:45:81:24,50:02:91:e8:18:ec,d8:d7:75:45:81:24,,-83,1,2412,False,False
1778947360.17357,control,ack,,50:02:91:e8:18:ec,50:02:91:e8:18:ec,,,,-47,1,2412,False,False
1778947360.2184198,management,beacon,d8:d7:75:45:81:24,ff:ff:ff:ff:ff:ff,ff:ff:ff:ff:ff:ff,d8:d7:75:45:81:24,d8:d7:75:45:81:24,FunBox2-8124,-47,1,2412,False,False
1778947360.3208542,management,beacon,d8:d7:75:45:81:24,ff:ff:ff:ff:ff:ff,ff:ff:ff:ff:ff:ff,d8:d7:75:45:81:24,d8:d7:75:45:81:24,FunBox2-8124,-45,1,2412,False,False
1778947360.4232016,management,beacon,d8:d7:75:45:81:24,ff:ff:ff:ff:ff:ff,ff:ff:ff:ff:ff:ff,d8:d7:75:45:81:24,d8:d7:75:45:81:24,FunBox2-8124,-46,1,2412,False,False
1778947360.520533,data,qos_data,aa:23:4f:4d:00:cf,74:ea:3a:a1:53:a6,74:ea:3a:a1:53:a6,aa:23:4f:4d:00:cf,74:ea:3a:a1:53:a6,,-91,1,2412,False,False
1778947360.525592,management,beacon,d8:d7:75:45:81:24,ff:ff:ff:ff:ff:ff,ff:ff:ff:ff:ff:ff,d8:d7:75:45:81:24,d8:d7:75:45:81:24,FunBox2-8124,-44,1,2412,False,False
1778947360.628029,management,beacon,d8:d7:75:45:81:24,ff:ff:ff:ff:ff:ff,ff:ff:ff:ff:ff:ff,d8:d7:75:45:81:24,d8:d7:75:45:81:24,FunBox2-8124,-44,1,2412,False,False
1778947360.7304163,management,beacon,d8:d7:75:45:81:24,ff:ff:ff:ff:ff:ff,ff:ff:ff:ff:ff:ff,d8:d7:75:45:81:24,d8:d7:75:45:81:24,FunBox2-8124,-46,1,2412,False,False
1778947360.8328674,management,beacon,d8:d7:75:45:81:24,ff:ff:ff:ff:ff:ff,ff:ff:ff:ff:ff:ff,d8:d7:75:45:81:24,d8:d7:75:45:81:24,FunBox2-8124,-43,1,2412,False,False
1778947360.9360912,management,beacon,d8:d7:75:45:81:24,ff:ff:ff:ff:ff:ff,ff:ff:ff:ff:ff:ff,d8:d7:75:45:81:24,d8:d7:75:45:81:24,FunBox2-8124,-44,1,2412,False,False
1778947361.037631,management,beacon,d8:d7:75:45:81:24,ff:ff:ff:ff:ff:ff,ff:ff:ff:ff:ff:ff,d8:d7:75:45:81:24,d8:d7:75:45:81:24,FunBox2-8124,-48,1,2412,False,False
1778947361.1400626,management,beacon,d8:d7:75:45:81:24,ff:ff:ff:ff:ff:ff,ff:ff:ff:ff:ff:ff,d8:d7:75:45:81:24,d8:d7:75:45:81:24,FunBox2-8124,-44,1,2412,False,False
1778947361.2424395,management,beacon,d8:d7:75:45:81:24,ff:ff:ff:ff:ff:ff,ff:ff:ff:ff:ff:ff,d8:d7:75:45:81:24,d8:d7:75:45:81:24,FunBox2-8124,-47,1,2412,False,False
1778947361.2435613,data,data,d8:d7:75:45:81:24,ff:ff:ff:ff:ff:ff,ff:ff:ff:ff:ff:ff,d8:d7:75:45:81:24,d8:d7:75:45:81:24,,-46,1,2412,True,False
1778947361.2440753,control,ack,,d8:d7:75:45:81:24,d8:d7:75:45:81:24,,,,-82,1,2412,False,False
1778947361.2440774,data,null_data,50:02:91:e8:18:ec,d8:d7:75:45:81:24,d8:d7:75:45:81:24,50:02:91:e8:18:ec,d8:d7:75:45:81:24,,-82,1,2412,False,False
1778947361.2440786,control,ack,,50:02:91:e8:18:ec,50:02:91:e8:18:ec,,,,-50,1,2412,False,False
1778947361.245255,data,data,d8:d7:75:45:81:24,ff:ff:ff:ff:ff:ff,ff:ff:ff:ff:ff:ff,d8:d7:75:45:81:24,d8:d7:75:45:81:24,,-46,1,2412,True,False
1778947361.2457917,control,ack,,d8:d7:75:45:81:24,d8:d7:75:45:81:24,,,,-81,1,2412,False,False
1778947361.2457938,data,null_data,50:02:91:e8:18:ec,d8:d7:75:45:81:24,d8:d7:75:45:81:24,50:02:91:e8:18:ec,d8:d7:75:45:81:24,,-81,1,2412,False,True
1778947361.245795,control,ack,,50:02:91:e8:18:ec,50:02:91:e8:18:ec,,,,-48,1,2412,False,False
1778947361.3448575,management,beacon,d8:d7:75:45:81:24,ff:ff:ff:ff:ff:ff,ff:ff:ff:ff:ff:ff,d8:d7:75:45:81:24,d8:d7:75:45:81:24,FunBox2-8124,-46,1,2412,False,False
1778947361.4472504,management,beacon,d8:d7:75:45:81:24,ff:ff:ff:ff:ff:ff,ff:ff:ff:ff:ff:ff,d8:d7:75:45:81:24,d8:d7:75:45:81:24,FunBox2-8124,-46,1,2412,False,False
1778947361.486685,data,null_data,50:02:91:e8:18:ec,d8:d7:75:45:81:24,d8:d7:75:45:81:24,50:02:91:e8:18:ec,d8:d7:75:45:81:24,,-79,1,2412,False,False
1778947361.486694,control,ack,,50:02:91:e8:18:ec,50:02:91:e8:18:ec,,,,-46,1,2412,False,False
1778947361.5496626,management,beacon,d8:d7:75:45:81:24,ff:ff:ff:ff:ff:ff,ff:ff:ff:ff:ff:ff,d8:d7:75:45:81:24,d8:d7:75:45:81:24,FunBox2-8124,-46,1,2412,False,False
1778947361.652089,management,beacon,d8:d7:75:45:81:24,ff:ff:ff:ff:ff:ff,ff:ff:ff:ff:ff:ff,d8:d7:75:45:81:24,d8:d7:75:45:81:24,FunBox2-8124,-46,1,2412,False,False
1778947361.754513,management,beacon,d8:d7:75:45:81:24,ff:ff:ff:ff:ff:ff,ff:ff:ff:ff:ff:ff,d8:d7:75:45:81:24,d8:d7:75:45:81:24,FunBox2-8124,-45,1,2412,False,False
1778947361.8568978,management,beacon,d8:d7:75:45:81:24,ff:ff:ff:ff:ff:ff,ff:ff:ff:ff:ff:ff,d8:d7:75:45:81:24,d8:d7:75:45:81:24,FunBox2-8124,-47,1,2412,False,False
1778947361.9592679,management,beacon,d8:d7:75:45:81:24,ff:ff:ff:ff:ff:ff,ff:ff:ff:ff:ff:ff,d8:d7:75:45:81:24,d8:d7:75:45:81:24,FunBox2-8124,-46,1,2412,False,False
1778947362.0616853,management,beacon,d8:d7:75:45:81:24,ff:ff:ff:ff:ff:ff,ff:ff:ff:ff:ff:ff,d8:d7:75:45:81:24,d8:d7:75:45:81:24,FunBox2-8124,-47,1,2412,False,False
1778947362.1640985,management,beacon,d8:d7:75:45:81:24,ff:ff:ff:ff:ff:ff,ff:ff:ff:ff:ff:ff,d8:d7:75:45:81:24,d8:d7:75:45:81:24,FunBox2-8124,-47,1,2412,False,False
1778947362.165997,data,data,d8:d7:75:45:81:24,33:33:00:00:00:01,33:33:00:00:00:01,d8:d7:75:45:81:24,d8:d7:75:45:81:24,,-47,1,2412,True,False
1778947362.1662881,control,ack,,d8:d7:75:45:81:24,d8:d7:75:45:81:24,,,,-80,1,2412,False,False
1778947362.1680684,data,data,d8:d7:75:45:81:24,33:33:00:00:00:16,33:33:00:00:00:16,d8:d7:75:45:81:24,a8:5e:45:c6:9f:b7,,-47,1,2412,True,False
1778947362.1683738,control,ack,,d8:d7:75:45:81:24,d8:d7:75:45:81:24,,,,-81,1,2412,False,False
1778947362.2664707,management,beacon,d8:d7:75:45:81:24,ff:ff:ff:ff:ff:ff,ff:ff:ff:ff:ff:ff,d8:d7:75:45:81:24,d8:d7:75:45:81:24,FunBox2-8124,-48,1,2412,False,False
1778947362.3689082,management,beacon,d8:d7:75:45:81:24,ff:ff:ff:ff:ff:ff,ff:ff:ff:ff:ff:ff,d8:d7:75:45:81:24,d8:d7:75:45:81:24,FunBox2-8124,-47,1,2412,False,False
1778947362.4713326,management,beacon,d8:d7:75:45:81:24,ff:ff:ff:ff:ff:ff,ff:ff:ff:ff:ff:ff,d8:d7:75:45:81:24,d8:d7:75:45:81:24,FunBox2-8124,-46,1,2412,False,False
1778947362.472826,data,data,d8:d7:75:45:81:24,33:33:00:00:00:16,33:33:00:00:00:16,d8:d7:75:45:81:24,a8:5e:45:c6:9f:b7,,-46,1,2412,True,False
1778947362.4731288,control,ack,,d8:d7:75:45:81:24,d8:d7:75:45:81:24,,,,-82,1,2412,False,False
1778947362.47356,data,null_data,50:02:91:e8:18:ec,d8:d7:75:45:81:24,d8:d7:75:45:81:24,50:02:91:e8:18:ec,d8:d7:75:45:81:24,,-82,1,2412,False,True
1778947362.4735641,control,ack,,50:02:91:e8:18:ec,50:02:91:e8:18:ec,,,,-49,1,2412,False,False
1778947362.67613,management,beacon,d8:d7:75:45:81:24,ff:ff:ff:ff:ff:ff,ff:ff:ff:ff:ff:ff,d8:d7:75:45:81:24,d8:d7:75:45:81:24,FunBox2-8124,-50,1,2412,False,False
1778947362.71443,data,null_data,50:02:91:e8:18:ec,d8:d7:75:45:81:24,d8:d7:75:45:81:24,50:02:91:e8:18:ec,d8:d7:75:45:81:24,,-80,1,2412,False,False
1778947362.7144372,control,ack,,50:02:91:e8:18:ec,50:02:91:e8:18:ec,,,,-46,1,2412,False,False
1778947362.7784922,management,beacon,d8:d7:75:45:81:24,ff:ff:ff:ff:ff:ff,ff:ff:ff:ff:ff:ff,d8:d7:75:45:81:24,d8:d7:75:45:81:24,FunBox2-8124,-45,1,2412,False,False
1778947362.8808966,management,beacon,d8:d7:75:45:81:24,ff:ff:ff:ff:ff:ff,ff:ff:ff:ff:ff:ff,d8:d7:75:45:81:24,d8:d7:75:45:81:24,FunBox2-8124,-47,1,2412,False,False
1778947362.9834619,management,beacon,d8:d7:75:45:81:24,ff:ff:ff:ff:ff:ff,ff:ff:ff:ff:ff:ff,d8:d7:75:45:81:24,d8:d7:75:45:81:24,FunBox2-8124,-52,1,2412,False,False
1778947363.188132,management,beacon,d8:d7:75:45:81:24,ff:ff:ff:ff:ff:ff,ff:ff:ff:ff:ff:ff,d8:d7:75:45:81:24,d8:d7:75:45:81:24,FunBox2-8124,-44,1,2412,False,False
1778947363.2905123,management,beacon,d8:d7:75:45:81:24,ff:ff:ff:ff:ff:ff,ff:ff:ff:ff:ff:ff,d8:d7:75:45:81:24,d8:d7:75:45:81:24,FunBox2-8124,-46,1,2412,False,False
1778947363.3929024,management,beacon,d8:d7:75:45:81:24,ff:ff:ff:ff:ff:ff,ff:ff:ff:ff:ff:ff,d8:d7:75:45:81:24,d8:d7:75:45:81:24,FunBox2-8124,-45,1,2412,False,False
1778947363.4953828,management,beacon,d8:d7:75:45:81:24,ff:ff:ff:ff:ff:ff,ff:ff:ff:ff:ff:ff,d8:d7:75:45:81:24,d8:d7:75:45:81:24,FunBox2-8124,-45,1,2412,False,False
1778947363.7001412,management,beacon,d8:d7:75:45:81:24,ff:ff:ff:ff:ff:ff,ff:ff:ff:ff:ff:ff,d8:d7:75:45:81:24,d8:d7:75:45:81:24,FunBox2-8124,-46,1,2412,False,False
1778947363.8025315,management,beacon,d8:d7:75:45:81:24,ff:ff:ff:ff:ff:ff,ff:ff:ff:ff:ff:ff,d8:d7:75:45:81:24,d8:d7:75:45:81:24,FunBox2-8124,-49,1,2412,False,False
1778947363.9049447,management,beacon,d8:d7:75:45:81:24,ff:ff:ff:ff:ff:ff,ff:ff:ff:ff:ff:ff,d8:d7:75:45:81:24,d8:d7:75:45:81:24,FunBox2-8124,-45,1,2412,False,False
1778947364.0073662,management,beacon,d8:d7:75:45:81:24,ff:ff:ff:ff:ff:ff,ff:ff:ff:ff:ff:ff,d8:d7:75:45:81:24,d8:d7:75:45:81:24,FunBox2-8124,-45,1,2412,False,False
1778947364.0087242,data,null_data,50:02:91:e8:18:ec,d8:d7:75:45:81:24,d8:d7:75:45:81:24,50:02:91:e8:18:ec,d8:d7:75:45:81:24,,-84,1,2412,False,True
1778947364.0092628,data,null_data,50:02:91:e8:18:ec,d8:d7:75:45:81:24,d8:d7:75:45:81:24,50:02:91:e8:18:ec,d8:d7:75:45:81:24,,-85,1,2412,False,True
1778947364.0092654,control,ack,,50:02:91:e8:18:ec,50:02:91:e8:18:ec,,,,-47,1,2412,False,False
1778947364.2122579,management,beacon,d8:d7:75:45:81:24,ff:ff:ff:ff:ff:ff,ff:ff:ff:ff:ff:ff,d8:d7:75:45:81:24,d8:d7:75:45:81:24,FunBox2-8124,-46,1,2412,False,False
1778947364.250138,control,ack,,50:02:91:e8:18:ec,50:02:91:e8:18:ec,,,,-51,1,2412,False,False
1778947364.3145502,management,beacon,d8:d7:75:45:81:24,ff:ff:ff:ff:ff:ff,ff:ff:ff:ff:ff:ff,d8:d7:75:45:81:24,d8:d7:75:45:81:24,FunBox2-8124,-47,1,2412,False,False
1778947364.4169621,management,beacon,d8:d7:75:45:81:24,ff:ff:ff:ff:ff:ff,ff:ff:ff:ff:ff:ff,d8:d7:75:45:81:24,d8:d7:75:45:81:24,FunBox2-8124,-46,1,2412,False,False
1778947364.5194187,management,beacon,d8:d7:75:45:81:24,ff:ff:ff:ff:ff:ff,ff:ff:ff:ff:ff:ff,d8:d7:75:45:81:24,d8:d7:75:45:81:24,FunBox2-8124,-45,1,2412,False,False
1778947364.7241948,management,beacon,d8:d7:75:45:81:24,ff:ff:ff:ff:ff:ff,ff:ff:ff:ff:ff:ff,d8:d7:75:45:81:24,d8:d7:75:45:81:24,FunBox2-8124,-47,1,2412,False,False
1778947364.8266544,management,beacon,d8:d7:75:45:81:24,ff:ff:ff:ff:ff:ff,ff:ff:ff:ff:ff:ff,d8:d7:75:45:81:24,d8:d7:75:45:81:24,FunBox2-8124,-46,1,2412,False,False
1778947364.9289703,management,beacon,d8:d7:75:45:81:24,ff:ff:ff:ff:ff:ff,ff:ff:ff:ff:ff:ff,d8:d7:75:45:81:24,d8:d7:75:45:81:24,FunBox2-8124,-48,1,2412,False,False
1778947365.236228,management,beacon,d8:d7:75:45:81:24,ff:ff:ff:ff:ff:ff,ff:ff:ff:ff:ff:ff,d8:d7:75:45:81:24,d8:d7:75:45:81:24,FunBox2-8124,-49,1,2412,False,False
1778947365.2373974,data,null_data,50:02:91:e8:18:ec,d8:d7:75:45:81:24,d8:d7:75:45:81:24,50:02:91:e8:18:ec,d8:d7:75:45:81:24,,-85,1,2412,False,False
1778947365.2374005,control,ack,,50:02:91:e8:18:ec,50:02:91:e8:18:ec,,,,-53,1,2412,False,False
1778947365.3386505,management,beacon,d8:d7:75:45:81:24,ff:ff:ff:ff:ff:ff,ff:ff:ff:ff:ff:ff,d8:d7:75:45:81:24,d8:d7:75:45:81:24,FunBox2-8124,-51,1,2412,False,False
1778947365.4409995,management,beacon,d8:d7:75:45:81:24,ff:ff:ff:ff:ff:ff,ff:ff:ff:ff:ff:ff,d8:d7:75:45:81:24,d8:d7:75:45:81:24,FunBox2-8124,-50,1,2412,False,False
1778947365.478257,control,ack,,50:02:91:e8:18:ec,50:02:91:e8:18:ec,,,,-47,1,2412,False,False
1778947365.5433948,management,beacon,d8:d7:75:45:81:24,ff:ff:ff:ff:ff:ff,ff:ff:ff:ff:ff:ff,d8:d7:75:45:81:24,d8:d7:75:45:81:24,FunBox2-8124,-49,1,2412,False,False
1778947365.7482197,management,beacon,d8:d7:75:45:81:24,ff:ff:ff:ff:ff:ff,ff:ff:ff:ff:ff:ff,d8:d7:75:45:81:24,d8:d7:75:45:81:24,FunBox2-8124,-48,1,2412,False,False
1778947365.8506465,management,beacon,d8:d7:75:45:81:24,ff:ff:ff:ff:ff:ff,ff:ff:ff:ff:ff:ff,d8:d7:75:45:81:24,d8:d7:75:45:81:24,FunBox2-8124,-46,1,2412,False,False
1778947365.953042,management,beacon,d8:d7:75:45:81:24,ff:ff:ff:ff:ff:ff,ff:ff:ff:ff:ff:ff,d8:d7:75:45:81:24,d8:d7:75:45:81:24,FunBox2-8124,-44,1,2412,False,False
1778947366.0554266,management,beacon,d8:d7:75:45:81:24,ff:ff:ff:ff:ff:ff,ff:ff:ff:ff:ff:ff,d8:d7:75:45:81:24,d8:d7:75:45:81:24,FunBox2-8124,-49,1,2412,False,False
1778947366.2603984,management,beacon,d8:d7:75:45:81:24,ff:ff:ff:ff:ff:ff,ff:ff:ff:ff:ff:ff,d8:d7:75:45:81:24,d8:d7:75:45:81:24,FunBox2-8124,-45,1,2412,False,False
1778947366.3626924,management,beacon,d8:d7:75:45:81:24,ff:ff:ff:ff:ff:ff,ff:ff:ff:ff:ff:ff,d8:d7:75:45:81:24,d8:d7:75:45:81:24,FunBox2-8124,-46,1,2412,False,False
1778947366.5674586,management,beacon,d8:d7:75:45:81:24,ff:ff:ff:ff:ff:ff,ff:ff:ff:ff:ff:ff,d8:d7:75:45:81:24,d8:d7:75:45:81:24,FunBox2-8124,-51,1,2412,False,False
1778947366.568915,data,null_data,50:02:91:e8:18:ec,d8:d7:75:45:81:24,d8:d7:75:45:81:24,50:02:91:e8:18:ec,d8:d7:75:45:81:24,,-82,1,2412,False,True
1778947366.5689175,control,ack,,50:02:91:e8:18:ec,50:02:91:e8:18:ec,,,,-54,1,2412,False,False
1778947366.7722707,management,beacon,d8:d7:75:45:81:24,ff:ff:ff:ff:ff:ff,ff:ff:ff:ff:ff:ff,d8:d7:75:45:81:24,d8:d7:75:45:81:24,FunBox2-8124,-49,1,2412,False,False
1778947366.8746886,management,beacon,d8:d7:75:45:81:24,ff:ff:ff:ff:ff:ff,ff:ff:ff:ff:ff:ff,d8:d7:75:45:81:24,d8:d7:75:45:81:24,FunBox2-8124,-50,1,2412,False,False
1778947366.9770963,management,beacon,d8:d7:75:45:81:24,ff:ff:ff:ff:ff:ff,ff:ff:ff:ff:ff:ff,d8:d7:75:45:81:24,d8:d7:75:45:81:24,FunBox2-8124,-49,1,2412,False,False
1778947367.079494,management,beacon,d8:d7:75:45:81:24,ff:ff:ff:ff:ff:ff,ff:ff:ff:ff:ff:ff,d8:d7:75:45:81:24,d8:d7:75:45:81:24,FunBox2-8124,-49,1,2412,False,False
1778947367.2842786,management,beacon,d8:d7:75:45:81:24,ff:ff:ff:ff:ff:ff,ff:ff:ff:ff:ff:ff,d8:d7:75:45:81:24,d8:d7:75:45:81:24,FunBox2-8124,-47,1,2412,False,False
1778947367.3866875,management,beacon,d8:d7:75:45:81:24,ff:ff:ff:ff:ff:ff,ff:ff:ff:ff:ff:ff,d8:d7:75:45:81:24,d8:d7:75:45:81:24,FunBox2-8124,-48,1,2412,False,False
1778947367.4890647,management,beacon,d8:d7:75:45:81:24,ff:ff:ff:ff:ff:ff,ff:ff:ff:ff:ff:ff,d8:d7:75:45:81:24,d8:d7:75:45:81:24,FunBox2-8124,-48,1,2412,False,False
1778947367.592665,management,beacon,d8:d7:75:45:81:24,ff:ff:ff:ff:ff:ff,ff:ff:ff:ff:ff:ff,d8:d7:75:45:81:24,d8:d7:75:45:81:24,FunBox2-8124,-56,1,2412,False,False
1778947367.7962873,management,beacon,d8:d7:75:45:81:24,ff:ff:ff:ff:ff:ff,ff:ff:ff:ff:ff:ff,d8:d7:75:45:81:24,d8:d7:75:45:81:24,FunBox2-8124,-51,1,2412,False,False
1778947367.8987038,management,beacon,d8:d7:75:45:81:24,ff:ff:ff:ff:ff:ff,ff:ff:ff:ff:ff:ff,d8:d7:75:45:81:24,d8:d7:75:45:81:24,FunBox2-8124,-49,1,2412,False,False
1778947368.0010865,management,beacon,d8:d7:75:45:81:24,ff:ff:ff:ff:ff:ff,ff:ff:ff:ff:ff:ff,d8:d7:75:45:81:24,d8:d7:75:45:81:24,FunBox2-8124,-48,1,2412,False,False
1778947368.0024407,data,null_data,50:02:91:e8:18:ec,d8:d7:75:45:81:24,d8:d7:75:45:81:24,50:02:91:e8:18:ec,d8:d7:75:45:81:24,,-83,1,2412,False,True
1778947368.10353,management,beacon,d8:d7:75:45:81:24,ff:ff:ff:ff:ff:ff,ff:ff:ff:ff:ff:ff,d8:d7:75:45:81:24,d8:d7:75:45:81:24,FunBox2-8124,-49,1,2412,False,False
1778947368.2058868,management,beacon,d8:d7:75:45:81:24,ff:ff:ff:ff:ff:ff,ff:ff:ff:ff:ff:ff,d8:d7:75:45:81:24,d8:d7:75:45:81:24,FunBox2-8124,-49,1,2412,False,False
1778947368.243546,control,ack,,50:02:91:e8:18:ec,50:02:91:e8:18:ec,,,,-52,1,2412,False,False
1778947368.3083134,management,beacon,d8:d7:75:45:81:24,ff:ff:ff:ff:ff:ff,ff:ff:ff:ff:ff:ff,d8:d7:75:45:81:24,d8:d7:75:45:81:24,FunBox2-8124,-47,1,2412,False,False
1778947368.4107206,management,beacon,d8:d7:75:45:81:24,ff:ff:ff:ff:ff:ff,ff:ff:ff:ff:ff:ff,d8:d7:75:45:81:24,d8:d7:75:45:81:24,FunBox2-8124,-42,1,2412,False,False
1778947368.5131161,management,beacon,d8:d7:75:45:81:24,ff:ff:ff:ff:ff:ff,ff:ff:ff:ff:ff:ff,d8:d7:75:45:81:24,d8:d7:75:45:81:24,FunBox2-8124,-49,1,2412,False,False
1778947368.7179096,management,beacon,d8:d7:75:45:81:24,ff:ff:ff:ff:ff:ff,ff:ff:ff:ff:ff:ff,d8:d7:75:45:81:24,d8:d7:75:45:81:24,FunBox2-8124,-48,1,2412,False,False
1778947368.8203776,management,beacon,d8:d7:75:45:81:24,ff:ff:ff:ff:ff:ff,ff:ff:ff:ff:ff:ff,d8:d7:75:45:81:24,d8:d7:75:45:81:24,FunBox2-8124,-48,1,2412,False,False
1778947368.922722,management,beacon,d8:d7:75:45:81:24,ff:ff:ff:ff:ff:ff,ff:ff:ff:ff:ff:ff,d8:d7:75:45:81:24,d8:d7:75:45:81:24,FunBox2-8124,-49,1,2412,False,False
1778947369.0264509,management,beacon,d8:d7:75:45:81:24,ff:ff:ff:ff:ff:ff,ff:ff:ff:ff:ff:ff,d8:d7:75:45:81:24,d8:d7:75:45:81:24,FunBox2-8124,-42,1,2412,False,False
1778947369.1275673,management,beacon,d8:d7:75:45:81:24,ff:ff:ff:ff:ff:ff,ff:ff:ff:ff:ff:ff,d8:d7:75:45:81:24,d8:d7:75:45:81:24,FunBox2-8124,-49,1,2412,False,False
1778947369.2299602,management,beacon,d8:d7:75:45:81:24,ff:ff:ff:ff:ff:ff,ff:ff:ff:ff:ff:ff,d8:d7:75:45:81:24,d8:d7:75:45:81:24,FunBox2-8124,-48,1,2412,False,False
1778947369.4347813,management,beacon,d8:d7:75:45:81:24,ff:ff:ff:ff:ff:ff,ff:ff:ff:ff:ff:ff,d8:d7:75:45:81:24,d8:d7:75:45:81:24,FunBox2-8124,-48,1,2412,False,False
1778947369.5385587,data,null_data,50:02:91:e8:18:ec,d8:d7:75:45:81:24,d8:d7:75:45:81:24,50:02:91:e8:18:ec,d8:d7:75:45:81:24,,-84,1,2412,False,False
1778947369.5385718,control,ack,,50:02:91:e8:18:ec,50:02:91:e8:18:ec,,,,-50,1,2412,False,False
1778947369.5385728,data,null_data,50:02:91:e8:18:ec,d8:d7:75:45:81:24,d8:d7:75:45:81:24,50:02:91:e8:18:ec,d8:d7:75:45:81:24,,-86,1,2412,False,True
1778947369.5385737,control,ack,,50:02:91:e8:18:ec,50:02:91:e8:18:ec,,,,-50,1,2412,False,False
1778947369.6395562,management,beacon,d8:d7:75:45:81:24,ff:ff:ff:ff:ff:ff,ff:ff:ff:ff:ff:ff,d8:d7:75:45:81:24,d8:d7:75:45:81:24,FunBox2-8124,-44,1,2412,False,False
1778947369.7419558,management,beacon,d8:d7:75:45:81:24,ff:ff:ff:ff:ff:ff,ff:ff:ff:ff:ff:ff,d8:d7:75:45:81:24,d8:d7:75:45:81:24,FunBox2-8124,-48,1,2412,False,False
1778947369.7793987,control,ack,,50:02:91:e8:18:ec,50:02:91:e8:18:ec,,,,-51,1,2412,False,False
1778947369.8257203,data,null_data,50:02:91:e8:18:ec,d8:d7:75:45:81:24,d8:d7:75:45:81:24,50:02:91:e8:18:ec,d8:d7:75:45:81:24,,-81,1,2412,False,False
1778947369.8257377,control,ack,,50:02:91:e8:18:ec,50:02:91:e8:18:ec,,,,-51,1,2412,False,False
1778947369.8261297,data,null_data,50:02:91:e8:18:ec,d8:d7:75:45:81:24,d8:d7:75:45:81:24,50:02:91:e8:18:ec,d8:d7:75:45:81:24,,-85,1,2412,False,True
1778947369.8261309,control,ack,,50:02:91:e8:18:ec,50:02:91:e8:18:ec,,,,-49,1,2412,False,False
1778947369.844341,management,beacon,d8:d7:75:45:81:24,ff:ff:ff:ff:ff:ff,ff:ff:ff:ff:ff:ff,d8:d7:75:45:81:24,d8:d7:75:45:81:24,FunBox2-8124,-47,1,2412,False,False
1778947369.9467618,management,beacon,d8:d7:75:45:81:24,ff:ff:ff:ff:ff:ff,ff:ff:ff:ff:ff:ff,d8:d7:75:45:81:24,d8:d7:75:45:81:24,FunBox2-8124,-41,1,2412,False,False
1778947370.0672839,data,null_data,50:02:91:e8:18:ec,d8:d7:75:45:81:24,d8:d7:75:45:81:24,50:02:91:e8:18:ec,d8:d7:75:45:81:24,,-86,1,2412,False,True
1778947370.067296,control,ack,,50:02:91:e8:18:ec,50:02:91:e8:18:ec,,,,-44,1,2412,False,False
1778947370.1516068,management,beacon,d8:d7:75:45:81:24,ff:ff:ff:ff:ff:ff,ff:ff:ff:ff:ff:ff,d8:d7:75:45:81:24,d8:d7:75:45:81:24,FunBox2-8124,-45,1,2412,False,False
1778947370.152774,data,data,d8:d7:75:45:81:24,01:00:5e:00:00:01,01:00:5e:00:00:01,d8:d7:75:45:81:24,d8:d7:75:45:81:24,,-47,1,2412,True,False
1778947370.1532562,control,ack,,d8:d7:75:45:81:24,d8:d7:75:45:81:24,,,,-85,1,2412,False,False
1778947370.1532586,data,null_data,50:02:91:e8:18:ec,d8:d7:75:45:81:24,d8:d7:75:45:81:24,50:02:91:e8:18:ec,d8:d7:75:45:81:24,,-83,1,2412,False,False
1778947370.1532598,control,ack,,50:02:91:e8:18:ec,50:02:91:e8:18:ec,,,,-49,1,2412,False,False
1778947370.25399,management,beacon,d8:d7:75:45:81:24,ff:ff:ff:ff:ff:ff,ff:ff:ff:ff:ff:ff,d8:d7:75:45:81:24,d8:d7:75:45:81:24,FunBox2-8124,-48,1,2412,False,False
1778947370.3564231,management,beacon,d8:d7:75:45:81:24,ff:ff:ff:ff:ff:ff,ff:ff:ff:ff:ff:ff,d8:d7:75:45:81:24,d8:d7:75:45:81:24,FunBox2-8124,-49,1,2412,False,False
1778947370.394348,data,null_data,50:02:91:e8:18:ec,d8:d7:75:45:81:24,d8:d7:75:45:81:24,50:02:91:e8:18:ec,d8:d7:75:45:81:24,,-83,1,2412,False,False
1778947370.3943548,control,ack,,50:02:91:e8:18:ec,50:02:91:e8:18:ec,,,,-51,1,2412,False,False
1778947370.3943558,data,null_data,50:02:91:e8:18:ec,d8:d7:75:45:81:24,d8:d7:75:45:81:24,50:02:91:e8:18:ec,d8:d7:75:45:81:24,,-83,1,2412,False,True
1778947370.3943567,control,ack,,50:02:91:e8:18:ec,50:02:91:e8:18:ec,,,,-54,1,2412,False,False
1778947370.4588299,management,beacon,d8:d7:75:45:81:24,ff:ff:ff:ff:ff:ff,ff:ff:ff:ff:ff:ff,d8:d7:75:45:81:24,d8:d7:75:45:81:24,FunBox2-8124,-52,1,2412,False,False
1778947370.663584,management,beacon,d8:d7:75:45:81:24,ff:ff:ff:ff:ff:ff,ff:ff:ff:ff:ff:ff,d8:d7:75:45:81:24,d8:d7:75:45:81:24,FunBox2-8124,-52,1,2412,False,False
1778947370.8684342,management,beacon,d8:d7:75:45:81:24,ff:ff:ff:ff:ff:ff,ff:ff:ff:ff:ff:ff,d8:d7:75:45:81:24,d8:d7:75:45:81:24,FunBox2-8124,-47,1,2412,False,False
1778947370.970828,management,beacon,d8:d7:75:45:81:24,ff:ff:ff:ff:ff:ff,ff:ff:ff:ff:ff:ff,d8:d7:75:45:81:24,d8:d7:75:45:81:24,FunBox2-8124,-55,1,2412,False,False
1778947371.3804493,management,beacon,d8:d7:75:45:81:24,ff:ff:ff:ff:ff:ff,ff:ff:ff:ff:ff:ff,d8:d7:75:45:81:24,d8:d7:75:45:81:24,FunBox2-8124,-52,1,2412,False,False
1778947371.4828403,management,beacon,d8:d7:75:45:81:24,ff:ff:ff:ff:ff:ff,ff:ff:ff:ff:ff:ff,d8:d7:75:45:81:24,d8:d7:75:45:81:24,FunBox2-8124,-54,1,2412,False,False
1778947371.6876247,management,beacon,d8:d7:75:45:81:24,ff:ff:ff:ff:ff:ff,ff:ff:ff:ff:ff:ff,d8:d7:75:45:81:24,d8:d7:75:45:81:24,FunBox2-8124,-52,1,2412,False,False
1778947371.688849,data,null_data,50:02:91:e8:18:ec,d8:d7:75:45:81:24,d8:d7:75:45:81:24,50:02:91:e8:18:ec,d8:d7:75:45:81:24,,-86,1,2412,False,False
1778947371.6888568,control,ack,,50:02:91:e8:18:ec,50:02:91:e8:18:ec,,,,-57,1,2412,False,False
1778947371.8924422,management,beacon,d8:d7:75:45:81:24,ff:ff:ff:ff:ff:ff,ff:ff:ff:ff:ff:ff,d8:d7:75:45:81:24,d8:d7:75:45:81:24,FunBox2-8124,-52,1,2412,False,False
1778947371.9297023,data,null_data,50:02:91:e8:18:ec,d8:d7:75:45:81:24,d8:d7:75:45:81:24,50:02:91:e8:18:ec,d8:d7:75:45:81:24,,-82,1,2412,False,False
1778947371.9297106,control,ack,,50:02:91:e8:18:ec,50:02:91:e8:18:ec,,,,-57,1,2412,False,False
1778947371.9948926,management,beacon,d8:d7:75:45:81:24,ff:ff:ff:ff:ff:ff,ff:ff:ff:ff:ff:ff,d8:d7:75:45:81:24,d8:d7:75:45:81:24,FunBox2-8124,-53,1,2412,False,False
1778947372.1996593,management,beacon,d8:d7:75:45:81:24,ff:ff:ff:ff:ff:ff,ff:ff:ff:ff:ff:ff,d8:d7:75:45:81:24,d8:d7:75:45:81:24,FunBox2-8124,-46,1,2412,False,False
1778947372.4044673,management,beacon,d8:d7:75:45:81:24,ff:ff:ff:ff:ff:ff,ff:ff:ff:ff:ff:ff,d8:d7:75:45:81:24,d8:d7:75:45:81:24,FunBox2-8124,-55,1,2412,False,False
1778947372.5068889,management,beacon,d8:d7:75:45:81:24,ff:ff:ff:ff:ff:ff,ff:ff:ff:ff:ff:ff,d8:d7:75:45:81:24,d8:d7:75:45:81:24,FunBox2-8124,-52,1,2412,False,False
1778947372.7116618,management,beacon,d8:d7:75:45:81:24,ff:ff:ff:ff:ff:ff,ff:ff:ff:ff:ff:ff,d8:d7:75:45:81:24,d8:d7:75:45:81:24,FunBox2-8124,-52,1,2412,False,False
1778947372.9165008,management,beacon,d8:d7:75:45:81:24,ff:ff:ff:ff:ff:ff,ff:ff:ff:ff:ff:ff,d8:d7:75:45:81:24,d8:d7:75:45:81:24,FunBox2-8124,-48,1,2412,False,False
1778947372.917697,data,null_data,50:02:91:e8:18:ec,d8:d7:75:45:81:24,d8:d7:75:45:81:24,50:02:91:e8:18:ec,d8:d7:75:45:81:24,,-81,1,2412,False,False
1778947372.9177024,control,ack,,50:02:91:e8:18:ec,50:02:91:e8:18:ec,,,,-46,1,2412,False,False
1778947373.0189276,management,beacon,d8:d7:75:45:81:24,ff:ff:ff:ff:ff:ff,ff:ff:ff:ff:ff:ff,d8:d7:75:45:81:24,d8:d7:75:45:81:24,FunBox2-8124,-53,1,2412,False,False
1778947373.1585658,data,null_data,50:02:91:e8:18:ec,d8:d7:75:45:81:24,d8:d7:75:45:81:24,50:02:91:e8:18:ec,d8:d7:75:45:81:24,,-84,1,2412,False,False
1778947373.1585753,control,ack,,50:02:91:e8:18:ec,50:02:91:e8:18:ec,,,,-57,1,2412,False,False
1778947373.2237282,management,beacon,d8:d7:75:45:81:24,ff:ff:ff:ff:ff:ff,ff:ff:ff:ff:ff:ff,d8:d7:75:45:81:24,d8:d7:75:45:81:24,FunBox2-8124,-46,1,2412,False,False
1778947373.428484,management,beacon,d8:d7:75:45:81:24,ff:ff:ff:ff:ff:ff,ff:ff:ff:ff:ff:ff,d8:d7:75:45:81:24,d8:d7:75:45:81:24,FunBox2-8124,-54,1,2412,False,False
1778947373.530899,management,beacon,d8:d7:75:45:81:24,ff:ff:ff:ff:ff:ff,ff:ff:ff:ff:ff:ff,d8:d7:75:45:81:24,d8:d7:75:45:81:24,FunBox2-8124,-52,1,2412,False,False
1778947373.6333296,management,beacon,d8:d7:75:45:81:24,ff:ff:ff:ff:ff:ff,ff:ff:ff:ff:ff:ff,d8:d7:75:45:81:24,d8:d7:75:45:81:24,FunBox2-8124,-44,1,2412,False,False
1778947373.7357,management,beacon,d8:d7:75:45:81:24,ff:ff:ff:ff:ff:ff,ff:ff:ff:ff:ff:ff,d8:d7:75:45:81:24,d8:d7:75:45:81:24,FunBox2-8124,-47,1,2412,False,False
1778947373.9418125,management,beacon,d8:d7:75:45:81:24,ff:ff:ff:ff:ff:ff,ff:ff:ff:ff:ff:ff,d8:d7:75:45:81:24,d8:d7:75:45:81:24,FunBox2-8124,-46,1,2412,False,False
1778947374.0429192,management,beacon,d8:d7:75:45:81:24,ff:ff:ff:ff:ff:ff,ff:ff:ff:ff:ff:ff,d8:d7:75:45:81:24,d8:d7:75:45:81:24,FunBox2-8124,-53,1,2412,False,False
1778947374.24892,control,ack,,50:02:91:e8:18:ec,50:02:91:e8:18:ec,,,,-58,1,2412,False,False
1778947374.4525318,management,beacon,d8:d7:75:45:81:24,ff:ff:ff:ff:ff:ff,ff:ff:ff:ff:ff:ff,d8:d7:75:45:81:24,d8:d7:75:45:81:24,FunBox2-8124,-54,1,2412,False,False
1778947374.4897535,control,ack,,50:02:91:e8:18:ec,50:02:91:e8:18:ec,,,,-45,1,2412,False,False
1778947374.5549715,management,beacon,d8:d7:75:45:81:24,ff:ff:ff:ff:ff:ff,ff:ff:ff:ff:ff:ff,d8:d7:75:45:81:24,d8:d7:75:45:81:24,FunBox2-8124,-44,1,2412,False,False
1778947374.6573758,management,beacon,d8:d7:75:45:81:24,ff:ff:ff:ff:ff:ff,ff:ff:ff:ff:ff:ff,d8:d7:75:45:81:24,d8:d7:75:45:81:24,FunBox2-8124,-54,1,2412,False,False
1778947374.7597554,management,beacon,d8:d7:75:45:81:24,ff:ff:ff:ff:ff:ff,ff:ff:ff:ff:ff:ff,d8:d7:75:45:81:24,d8:d7:75:45:81:24,FunBox2-8124,-43,1,2412,False,False
1778947374.9645455,management,beacon,d8:d7:75:45:81:24,ff:ff:ff:ff:ff:ff,ff:ff:ff:ff:ff:ff,d8:d7:75:45:81:24,d8:d7:75:45:81:24,FunBox2-8124,-54,1,2412,False,False
1778947375.066979,management,beacon,d8:d7:75:45:81:24,ff:ff:ff:ff:ff:ff,ff:ff:ff:ff:ff:ff,d8:d7:75:45:81:24,d8:d7:75:45:81:24,FunBox2-8124,-53,1,2412,False,False
1778947375.1693783,management,beacon,d8:d7:75:45:81:24,ff:ff:ff:ff:ff:ff,ff:ff:ff:ff:ff:ff,d8:d7:75:45:81:24,d8:d7:75:45:81:24,FunBox2-8124,-53,1,2412,False,False
1778947375.2717934,management,beacon,d8:d7:75:45:81:24,ff:ff:ff:ff:ff:ff,ff:ff:ff:ff:ff:ff,d8:d7:75:45:81:24,d8:d7:75:45:81:24,FunBox2-8124,-54,1,2412,False,False
1778947375.5790129,management,beacon,d8:d7:75:45:81:24,ff:ff:ff:ff:ff:ff,ff:ff:ff:ff:ff:ff,d8:d7:75:45:81:24,d8:d7:75:45:81:24,FunBox2-8124,-54,1,2412,False,False
1778947375.6813931,management,beacon,d8:d7:75:45:81:24,ff:ff:ff:ff:ff:ff,ff:ff:ff:ff:ff:ff,d8:d7:75:45:81:24,d8:d7:75:45:81:24,FunBox2-8124,-54,1,2412,False,False
1778947375.6825597,control,ack,,50:02:91:e8:18:ec,50:02:91:e8:18:ec,,,,-57,1,2412,False,False
1778947375.7225566,control,rts,54:35:30:cf:ee:1e,d8:d7:75:45:81:24,d8:d7:75:45:81:24,54:35:30:cf:ee:1e,,,-57,1,2412,False,False
1778947375.7225614,control,cts,,54:35:30:cf:ee:1e,54:35:30:cf:ee:1e,,,,-61,1,2412,False,False
1778947375.7225637,data,qos_data,54:35:30:cf:ee:1e,d8:d7:75:45:81:24,d8:d7:75:45:81:24,54:35:30:cf:ee:1e,01:00:5e:7f:ff:fa,,-56,1,2412,True,False
1778947375.7225654,control,block_ack,d8:d7:75:45:81:24,54:35:30:cf:ee:1e,54:35:30:cf:ee:1e,d8:d7:75:45:81:24,,,-58,1,2412,False,False
1778947375.7239358,data,data,d8:d7:75:45:81:24,01:00:5e:7f:ff:fa,01:00:5e:7f:ff:fa,d8:d7:75:45:81:24,54:35:30:cf:ee:1e,,-53,1,2412,True,False
1778947375.7838113,management,beacon,d8:d7:75:45:81:24,ff:ff:ff:ff:ff:ff,ff:ff:ff:ff:ff:ff,d8:d7:75:45:81:24,d8:d7:75:45:81:24,FunBox2-8124,-54,1,2412,False,False
1778947375.8861742,management,beacon,d8:d7:75:45:81:24,ff:ff:ff:ff:ff:ff,ff:ff:ff:ff:ff:ff,d8:d7:75:45:81:24,d8:d7:75:45:81:24,FunBox2-8124,-54,1,2412,False,False
1778947375.9245815,data,null_data,50:02:91:e8:18:ec,d8:d7:75:45:81:24,d8:d7:75:45:81:24,50:02:91:e8:18:ec,d8:d7:75:45:81:24,,-85,1,2412,False,True
1778947375.9245927,control,ack,,50:02:91:e8:18:ec,50:02:91:e8:18:ec,,,,-43,1,2412,False,False
1778947376.0909722,management,beacon,d8:d7:75:45:81:24,ff:ff:ff:ff:ff:ff,ff:ff:ff:ff:ff:ff,d8:d7:75:45:81:24,d8:d7:75:45:81:24,FunBox2-8124,-44,1,2412,False,False
1778947376.1934159,management,beacon,d8:d7:75:45:81:24,ff:ff:ff:ff:ff:ff,ff:ff:ff:ff:ff:ff,d8:d7:75:45:81:24,d8:d7:75:45:81:24,FunBox2-8124,-53,1,2412,False,False
1778947376.398193,management,beacon,d8:d7:75:45:81:24,ff:ff:ff:ff:ff:ff,ff:ff:ff:ff:ff:ff,d8:d7:75:45:81:24,d8:d7:75:45:81:24,FunBox2-8124,-44,1,2412,False,False
1778947376.6030529,management,beacon,d8:d7:75:45:81:24,ff:ff:ff:ff:ff:ff,ff:ff:ff:ff:ff:ff,d8:d7:75:45:81:24,d8:d7:75:45:81:24,FunBox2-8124,-54,1,2412,False,False
1778947376.705439,management,beacon,d8:d7:75:45:81:24,ff:ff:ff:ff:ff:ff,ff:ff:ff:ff:ff:ff,d8:d7:75:45:81:24,d8:d7:75:45:81:24,FunBox2-8124,-43,1,2412,False,False
1778947376.8078198,management,beacon,d8:d7:75:45:81:24,ff:ff:ff:ff:ff:ff,ff:ff:ff:ff:ff:ff,d8:d7:75:45:81:24,d8:d7:75:45:81:24,FunBox2-8124,-51,1,2412,False,False
1778947376.910233,management,beacon,d8:d7:75:45:81:24,ff:ff:ff:ff:ff:ff,ff:ff:ff:ff:ff:ff,d8:d7:75:45:81:24,d8:d7:75:45:81:24,FunBox2-8124,-53,1,2412,False,False
1778947377.115018,management,beacon,d8:d7:75:45:81:24,ff:ff:ff:ff:ff:ff,ff:ff:ff:ff:ff:ff,d8:d7:75:45:81:24,d8:d7:75:45:81:24,FunBox2-8124,-54,1,2412,False,False
1778947377.218764,data,data,d8:d7:75:45:81:24,33:33:00:00:00:01,33:33:00:00:00:01,d8:d7:75:45:81:24,d8:d7:75:45:81:24,,-54,1,2412,True,False
1778947377.2192316,control,ack,,50:02:91:e8:18:ec,50:02:91:e8:18:ec,,,,-57,1,2412,False,False
1778947377.3198547,management,beacon,d8:d7:75:45:81:24,ff:ff:ff:ff:ff:ff,ff:ff:ff:ff:ff:ff,d8:d7:75:45:81:24,d8:d7:75:45:81:24,FunBox2-8124,-45,1,2412,False,False
1778947377.3537688,data,data,d8:d7:75:45:81:24,01:00:5e:00:00:fb,01:00:5e:00:00:fb,d8:d7:75:45:81:24,d8:d7:75:45:81:24,,-43,1,2412,True,False
1778947377.354075,control,ack,,d8:d7:75:45:81:24,d8:d7:75:45:81:24,,,,-85,1,2412,False,False
1778947377.5945804,control,ack,,50:02:91:e8:18:ec,50:02:91:e8:18:ec,,,,-46,1,2412,False,False
1778947377.6270936,management,beacon,d8:d7:75:45:81:24,ff:ff:ff:ff:ff:ff,ff:ff:ff:ff:ff:ff,d8:d7:75:45:81:24,d8:d7:75:45:81:24,FunBox2-8124,-52,1,2412,False,False
1778947377.8318443,management,beacon,d8:d7:75:45:81:24,ff:ff:ff:ff:ff:ff,ff:ff:ff:ff:ff:ff,d8:d7:75:45:81:24,d8:d7:75:45:81:24,FunBox2-8124,-55,1,2412,False,False
1778947377.9342968,management,beacon,d8:d7:75:45:81:24,ff:ff:ff:ff:ff:ff,ff:ff:ff:ff:ff:ff,d8:d7:75:45:81:24,d8:d7:75:45:81:24,FunBox2-8124,-43,1,2412,False,False
1778947378.139102,management,beacon,d8:d7:75:45:81:24,ff:ff:ff:ff:ff:ff,ff:ff:ff:ff:ff:ff,d8:d7:75:45:81:24,d8:d7:75:45:81:24,FunBox2-8124,-55,1,2412,False,False
1778947378.3458788,management,beacon,d8:d7:75:45:81:24,ff:ff:ff:ff:ff:ff,ff:ff:ff:ff:ff:ff,d8:d7:75:45:81:24,d8:d7:75:45:81:24,FunBox2-8124,-43,1,2412,False,False
1778947378.446289,management,beacon,d8:d7:75:45:81:24,ff:ff:ff:ff:ff:ff,ff:ff:ff:ff:ff:ff,d8:d7:75:45:81:24,d8:d7:75:45:81:24,FunBox2-8124,-54,1,2412,False,False
1778947378.6511307,management,beacon,d8:d7:75:45:81:24,ff:ff:ff:ff:ff:ff,ff:ff:ff:ff:ff:ff,d8:d7:75:45:81:24,d8:d7:75:45:81:24,FunBox2-8124,-43,1,2412,False,False
1778947378.7550514,management,beacon,d8:d7:75:45:81:24,ff:ff:ff:ff:ff:ff,ff:ff:ff:ff:ff:ff,d8:d7:75:45:81:24,d8:d7:75:45:81:24,FunBox2-8124,-43,1,2412,False,False
1778947378.7562623,control,ack,,50:02:91:e8:18:ec,50:02:91:e8:18:ec,,,,-47,1,2412,False,False
1778947378.8559377,management,beacon,d8:d7:75:45:81:24,ff:ff:ff:ff:ff:ff,ff:ff:ff:ff:ff:ff,d8:d7:75:45:81:24,d8:d7:75:45:81:24,FunBox2-8124,-54,1,2412,False,False
1778947378.9583123,management,beacon,d8:d7:75:45:81:24,ff:ff:ff:ff:ff:ff,ff:ff:ff:ff:ff:ff,d8:d7:75:45:81:24,d8:d7:75:45:81:24,FunBox2-8124,-53,1,2412,False,False
1778947378.9971397,data,null_data,50:02:91:e8:18:ec,d8:d7:75:45:81:24,d8:d7:75:45:81:24,50:02:91:e8:18:ec,d8:d7:75:45:81:24,,-85,1,2412,False,False
1778947378.997146,control,ack,,50:02:91:e8:18:ec,50:02:91:e8:18:ec,,,,-46,1,2412,False,False
1778947379.1631126,management,beacon,d8:d7:75:45:81:24,ff:ff:ff:ff:ff:ff,ff:ff:ff:ff:ff:ff,d8:d7:75:45:81:24,d8:d7:75:45:81:24,FunBox2-8124,-45,1,2412,False,False
1778947379.265549,management,beacon,d8:d7:75:45:81:24,ff:ff:ff:ff:ff:ff,ff:ff:ff:ff:ff:ff,d8:d7:75:45:81:24,d8:d7:75:45:81:24,FunBox2-8124,-44,1,2412,False,False
1778947379.320578,management,probe_response,d8:d7:75:45:81:24,96:6d:00:23:1c:85,96:6d:00:23:1c:85,d8:d7:75:45:81:24,d8:d7:75:45:81:24,FunBox2-8124,-51,1,2412,False,False
1778947379.3242154,management,probe_response,d8:d7:75:45:81:24,96:6d:00:23:1c:85,96:6d:00:23:1c:85,d8:d7:75:45:81:24,d8:d7:75:45:81:24,FunBox2-8124,-52,1,2412,False,True
1778947379.328097,management,probe_response,d8:d7:75:45:81:24,96:6d:00:23:1c:85,96:6d:00:23:1c:85,d8:d7:75:45:81:24,d8:d7:75:45:81:24,FunBox2-8124,-54,1,2412,False,True
1778947379.3361576,management,probe_response,d8:d7:75:45:81:24,96:6d:00:23:1c:85,96:6d:00:23:1c:85,d8:d7:75:45:81:24,d8:d7:75:45:81:24,FunBox2-8124,-54,1,2412,False,True
1778947379.3678987,management,beacon,d8:d7:75:45:81:24,ff:ff:ff:ff:ff:ff,ff:ff:ff:ff:ff:ff,d8:d7:75:45:81:24,d8:d7:75:45:81:24,FunBox2-8124,-52,1,2412,False,False
1778947379.4703424,management,beacon,d8:d7:75:45:81:24,ff:ff:ff:ff:ff:ff,ff:ff:ff:ff:ff:ff,d8:d7:75:45:81:24,d8:d7:75:45:81:24,FunBox2-8124,-46,1,2412,False,False
1778947379.5078268,management,probe_request,6a:d0:0f:27:52:3e,ff:ff:ff:ff:ff:ff,ff:ff:ff:ff:ff:ff,6a:d0:0f:27:52:3e,ff:ff:ff:ff:ff:ff,<hidden>,-28,1,2412,False,False
1778947379.5113597,control,ack,,d8:d7:75:45:81:24,d8:d7:75:45:81:24,,,,-28,1,2412,False,False
1778947379.5736148,management,probe_request,6a:d0:0f:27:52:3e,ff:ff:ff:ff:ff:ff,ff:ff:ff:ff:ff:ff,6a:d0:0f:27:52:3e,ff:ff:ff:ff:ff:ff,<hidden>,-29,1,2412,False,False
1778947379.576903,management,probe_response,d8:d7:75:45:81:24,6a:d0:0f:27:52:3e,6a:d0:0f:27:52:3e,d8:d7:75:45:81:24,d8:d7:75:45:81:24,FunBox2-8124,-51,1,2412,False,False
1778947379.5772023,control,ack,,d8:d7:75:45:81:24,d8:d7:75:45:81:24,,,,-29,1,2412,False,False
1778947379.5972908,management,probe_response,d8:d7:75:45:81:24,6a:d0:0f:27:52:3e,6a:d0:0f:27:52:3e,d8:d7:75:45:81:24,d8:d7:75:45:81:24,FunBox2-8124,-44,1,2412,False,True
1778947379.5975924,control,ack,,d8:d7:75:45:81:24,d8:d7:75:45:81:24,,,,-32,1,2412,False,False
1778947379.6751306,management,beacon,d8:d7:75:45:81:24,ff:ff:ff:ff:ff:ff,ff:ff:ff:ff:ff:ff,d8:d7:75:45:81:24,d8:d7:75:45:81:24,FunBox2-8124,-44,1,2412,False,False
1778947379.7707376,management,probe_response,d8:d7:75:45:81:24,6a:d0:0f:27:52:3e,6a:d0:0f:27:52:3e,d8:d7:75:45:81:24,d8:d7:75:45:81:24,FunBox2-8124,-52,1,2412,False,True
1778947379.7742941,management,probe_response,d8:d7:75:45:81:24,6a:d0:0f:27:52:3e,6a:d0:0f:27:52:3e,d8:d7:75:45:81:24,d8:d7:75:45:81:24,FunBox2-8124,-52,1,2412,False,True
1778947379.7848473,management,probe_response,d8:d7:75:45:81:24,6a:d0:0f:27:52:3e,6a:d0:0f:27:52:3e,d8:d7:75:45:81:24,d8:d7:75:45:81:24,FunBox2-8124,-52,1,2412,False,True
1778947379.826245,control,ack,,50:02:91:e8:18:ec,50:02:91:e8:18:ec,,,,-46,1,2412,False,False
1778947379.8269217,data,null_data,50:02:91:e8:18:ec,d8:d7:75:45:81:24,d8:d7:75:45:81:24,50:02:91:e8:18:ec,d8:d7:75:45:81:24,,-88,1,2412,False,True
1778947379.826925,control,ack,,50:02:91:e8:18:ec,50:02:91:e8:18:ec,,,,-52,1,2412,False,False
1778947379.8799844,management,beacon,d8:d7:75:45:81:24,ff:ff:ff:ff:ff:ff,ff:ff:ff:ff:ff:ff,d8:d7:75:45:81:24,d8:d7:75:45:81:24,FunBox2-8124,-54,1,2412,False,False
1778947379.9823356,management,beacon,d8:d7:75:45:81:24,ff:ff:ff:ff:ff:ff,ff:ff:ff:ff:ff:ff,d8:d7:75:45:81:24,d8:d7:75:45:81:24,FunBox2-8124,-44,1,2412,False,False
1778947380.067982,control,ack,,50:02:91:e8:18:ec,50:02:91:e8:18:ec,,,,-47,1,2412,False,False
1778947380.1871557,management,beacon,d8:d7:75:45:81:24,ff:ff:ff:ff:ff:ff,ff:ff:ff:ff:ff:ff,d8:d7:75:45:81:24,d8:d7:75:45:81:24,FunBox2-8124,-45,1,2412,False,False
1778947380.2895467,management,beacon,d8:d7:75:45:81:24,ff:ff:ff:ff:ff:ff,ff:ff:ff:ff:ff:ff,d8:d7:75:45:81:24,d8:d7:75:45:81:24,FunBox2-8124,-43,1,2412,False,False
1778947380.3919728,management,beacon,d8:d7:75:45:81:24,ff:ff:ff:ff:ff:ff,ff:ff:ff:ff:ff:ff,d8:d7:75:45:81:24,d8:d7:75:45:81:24,FunBox2-8124,-44,1,2412,False,False
1778947380.4943445,management,beacon,d8:d7:75:45:81:24,ff:ff:ff:ff:ff:ff,ff:ff:ff:ff:ff:ff,d8:d7:75:45:81:24,d8:d7:75:45:81:24,FunBox2-8124,-44,1,2412,False,False
1778947380.6991866,management,beacon,d8:d7:75:45:81:24,ff:ff:ff:ff:ff:ff,ff:ff:ff:ff:ff:ff,d8:d7:75:45:81:24,d8:d7:75:45:81:24,FunBox2-8124,-52,1,2412,False,False
1778947380.9040139,management,beacon,d8:d7:75:45:81:24,ff:ff:ff:ff:ff:ff,ff:ff:ff:ff:ff:ff,d8:d7:75:45:81:24,d8:d7:75:45:81:24,FunBox2-8124,-45,1,2412,False,False
1778947380.905434,data,data,d8:d7:75:45:81:24,33:33:00:00:00:01,33:33:00:00:00:01,d8:d7:75:45:81:24,d8:d7:75:45:81:24,,-44,1,2412,True,False
1778947380.905939,control,ack,,50:02:91:e8:18:ec,50:02:91:e8:18:ec,,,,-47,1,2412,False,False
1778947380.9059412,control,ack,,50:02:91:e8:18:ec,50:02:91:e8:18:ec,,,,-57,1,2412,False,False
1778947381.0063858,management,beacon,d8:d7:75:45:81:24,ff:ff:ff:ff:ff:ff,ff:ff:ff:ff:ff:ff,d8:d7:75:45:81:24,d8:d7:75:45:81:24,FunBox2-8124,-43,1,2412,False,False
1778947381.1088235,management,beacon,d8:d7:75:45:81:24,ff:ff:ff:ff:ff:ff,ff:ff:ff:ff:ff:ff,d8:d7:75:45:81:24,d8:d7:75:45:81:24,FunBox2-8124,-43,1,2412,False,False
1778947381.1468282,control,ack,,50:02:91:e8:18:ec,50:02:91:e8:18:ec,,,,-58,1,2412,False,False
1778947381.1474006,control,ack,,50:02:91:e8:18:ec,50:02:91:e8:18:ec,,,,-54,1,2412,False,False
1778947381.2112334,management,beacon,d8:d7:75:45:81:24,ff:ff:ff:ff:ff:ff,ff:ff:ff:ff:ff:ff,d8:d7:75:45:81:24,d8:d7:75:45:81:24,FunBox2-8124,-44,1,2412,False,False
1778947381.3135717,management,beacon,d8:d7:75:45:81:24,ff:ff:ff:ff:ff:ff,ff:ff:ff:ff:ff:ff,d8:d7:75:45:81:24,d8:d7:75:45:81:24,FunBox2-8124,-45,1,2412,False,False
1778947381.4159842,management,beacon,d8:d7:75:45:81:24,ff:ff:ff:ff:ff:ff,ff:ff:ff:ff:ff:ff,d8:d7:75:45:81:24,d8:d7:75:45:81:24,FunBox2-8124,-44,1,2412,False,False
1778947381.518388,management,beacon,d8:d7:75:45:81:24,ff:ff:ff:ff:ff:ff,ff:ff:ff:ff:ff:ff,d8:d7:75:45:81:24,d8:d7:75:45:81:24,FunBox2-8124,-43,1,2412,False,False
1778947381.6207867,management,beacon,d8:d7:75:45:81:24,ff:ff:ff:ff:ff:ff,ff:ff:ff:ff:ff:ff,d8:d7:75:45:81:24,d8:d7:75:45:81:24,FunBox2-8124,-44,1,2412,False,False
1778947381.723204,management,beacon,d8:d7:75:45:81:24,ff:ff:ff:ff:ff:ff,ff:ff:ff:ff:ff:ff,d8:d7:75:45:81:24,d8:d7:75:45:81:24,FunBox2-8124,-45,1,2412,False,False
1778947382.0304074,management,beacon,d8:d7:75:45:81:24,ff:ff:ff:ff:ff:ff,ff:ff:ff:ff:ff:ff,d8:d7:75:45:81:24,d8:d7:75:45:81:24,FunBox2-8124,-45,1,2412,False,False
1778947382.1328237,management,beacon,d8:d7:75:45:81:24,ff:ff:ff:ff:ff:ff,ff:ff:ff:ff:ff:ff,d8:d7:75:45:81:24,d8:d7:75:45:81:24,FunBox2-8124,-44,1,2412,False,False
1778947382.2352781,management,beacon,d8:d7:75:45:81:24,ff:ff:ff:ff:ff:ff,ff:ff:ff:ff:ff:ff,d8:d7:75:45:81:24,d8:d7:75:45:81:24,FunBox2-8124,-55,1,2412,False,False
1778947382.3376734,management,beacon,d8:d7:75:45:81:24,ff:ff:ff:ff:ff:ff,ff:ff:ff:ff:ff:ff,d8:d7:75:45:81:24,d8:d7:75:45:81:24,FunBox2-8124,-43,1,2412,False,False
1778947382.4400444,management,beacon,d8:d7:75:45:81:24,ff:ff:ff:ff:ff:ff,ff:ff:ff:ff:ff:ff,d8:d7:75:45:81:24,d8:d7:75:45:81:24,FunBox2-8124,-44,1,2412,False,False
1778947382.4415555,data,data,d8:d7:75:45:81:24,33:33:00:00:00:01,33:33:00:00:00:01,d8:d7:75:45:81:24,d8:d7:75:45:81:24,,-44,1,2412,True,False
1778947382.4420521,control,ack,,d8:d7:75:45:81:24,d8:d7:75:45:81:24,,,,-86,1,2412,False,False
1778947382.4420538,data,null_data,50:02:91:e8:18:ec,d8:d7:75:45:81:24,d8:d7:75:45:81:24,50:02:91:e8:18:ec,d8:d7:75:45:81:24,,-84,1,2412,False,False
1778947382.442055,control,ack,,50:02:91:e8:18:ec,50:02:91:e8:18:ec,,,,-58,1,2412,False,False
1778947382.5424104,management,beacon,d8:d7:75:45:81:24,ff:ff:ff:ff:ff:ff,ff:ff:ff:ff:ff:ff,d8:d7:75:45:81:24,d8:d7:75:45:81:24,FunBox2-8124,-54,1,2412,False,False
1778947382.644823,management,beacon,d8:d7:75:45:81:24,ff:ff:ff:ff:ff:ff,ff:ff:ff:ff:ff:ff,d8:d7:75:45:81:24,d8:d7:75:45:81:24,FunBox2-8124,-46,1,2412,False,False
1778947382.6834404,data,null_data,50:02:91:e8:18:ec,d8:d7:75:45:81:24,d8:d7:75:45:81:24,50:02:91:e8:18:ec,d8:d7:75:45:81:24,,-85,1,2412,False,True
1778947382.747258,management,beacon,d8:d7:75:45:81:24,ff:ff:ff:ff:ff:ff,ff:ff:ff:ff:ff:ff,d8:d7:75:45:81:24,d8:d7:75:45:81:24,FunBox2-8124,-53,1,2412,False,False
1778947382.8496575,management,beacon,d8:d7:75:45:81:24,ff:ff:ff:ff:ff:ff,ff:ff:ff:ff:ff:ff,d8:d7:75:45:81:24,d8:d7:75:45:81:24,FunBox2-8124,-43,1,2412,False,False
1778947382.952084,management,beacon,d8:d7:75:45:81:24,ff:ff:ff:ff:ff:ff,ff:ff:ff:ff:ff:ff,d8:d7:75:45:81:24,d8:d7:75:45:81:24,FunBox2-8124,-44,1,2412,False,False
1778947383.054442,management,beacon,d8:d7:75:45:81:24,ff:ff:ff:ff:ff:ff,ff:ff:ff:ff:ff:ff,d8:d7:75:45:81:24,d8:d7:75:45:81:24,FunBox2-8124,-53,1,2412,False,False
1778947383.1568983,management,beacon,d8:d7:75:45:81:24,ff:ff:ff:ff:ff:ff,ff:ff:ff:ff:ff:ff,d8:d7:75:45:81:24,d8:d7:75:45:81:24,FunBox2-8124,-45,1,2412,False,False
1778947383.2592795,management,beacon,d8:d7:75:45:81:24,ff:ff:ff:ff:ff:ff,ff:ff:ff:ff:ff:ff,d8:d7:75:45:81:24,d8:d7:75:45:81:24,FunBox2-8124,-47,1,2412,False,False
1778947383.361701,management,beacon,d8:d7:75:45:81:24,ff:ff:ff:ff:ff:ff,ff:ff:ff:ff:ff:ff,d8:d7:75:45:81:24,d8:d7:75:45:81:24,FunBox2-8124,-45,1,2412,False,False
1778947383.4640946,management,beacon,d8:d7:75:45:81:24,ff:ff:ff:ff:ff:ff,ff:ff:ff:ff:ff:ff,d8:d7:75:45:81:24,d8:d7:75:45:81:24,FunBox2-8124,-45,1,2412,False,False
1778947383.5665119,management,beacon,d8:d7:75:45:81:24,ff:ff:ff:ff:ff:ff,ff:ff:ff:ff:ff:ff,d8:d7:75:45:81:24,d8:d7:75:45:81:24,FunBox2-8124,-44,1,2412,False,False
1778947383.6688952,management,beacon,d8:d7:75:45:81:24,ff:ff:ff:ff:ff:ff,ff:ff:ff:ff:ff:ff,d8:d7:75:45:81:24,d8:d7:75:45:81:24,FunBox2-8124,-44,1,2412,False,False
1778947383.7713194,management,beacon,d8:d7:75:45:81:24,ff:ff:ff:ff:ff:ff,ff:ff:ff:ff:ff:ff,d8:d7:75:45:81:24,d8:d7:75:45:81:24,FunBox2-8124,-44,1,2412,False,False
1778947383.8736904,management,beacon,d8:d7:75:45:81:24,ff:ff:ff:ff:ff:ff,ff:ff:ff:ff:ff:ff,d8:d7:75:45:81:24,d8:d7:75:45:81:24,FunBox2-8124,-53,1,2412,False,False
1778947384.0785196,management,beacon,d8:d7:75:45:81:24,ff:ff:ff:ff:ff:ff,ff:ff:ff:ff:ff:ff,d8:d7:75:45:81:24,d8:d7:75:45:81:24,FunBox2-8124,-43,1,2412,False,False
1778947384.1809084,management,beacon,d8:d7:75:45:81:24,ff:ff:ff:ff:ff:ff,ff:ff:ff:ff:ff:ff,d8:d7:75:45:81:24,d8:d7:75:45:81:24,FunBox2-8124,-45,1,2412,False,False
1778947384.2833333,management,beacon,d8:d7:75:45:81:24,ff:ff:ff:ff:ff:ff,ff:ff:ff:ff:ff:ff,d8:d7:75:45:81:24,d8:d7:75:45:81:24,FunBox2-8124,-46,1,2412,False,False
1778947384.2845168,control,ack,,50:02:91:e8:18:ec,50:02:91:e8:18:ec,,,,-45,1,2412,False,False
1778947384.2850356,control,ack,,50:02:91:e8:18:ec,50:02:91:e8:18:ec,,,,-59,1,2412,False,False
1778947384.3856912,management,beacon,d8:d7:75:45:81:24,ff:ff:ff:ff:ff:ff,ff:ff:ff:ff:ff:ff,d8:d7:75:45:81:24,d8:d7:75:45:81:24,FunBox2-8124,-43,1,2412,False,False
1778947384.4881058,management,beacon,d8:d7:75:45:81:24,ff:ff:ff:ff:ff:ff,ff:ff:ff:ff:ff:ff,d8:d7:75:45:81:24,d8:d7:75:45:81:24,FunBox2-8124,-43,1,2412,False,False
1778947384.526171,data,null_data,50:02:91:e8:18:ec,d8:d7:75:45:81:24,d8:d7:75:45:81:24,50:02:91:e8:18:ec,d8:d7:75:45:81:24,,-84,1,2412,False,False
1778947384.5261781,control,ack,,50:02:91:e8:18:ec,50:02:91:e8:18:ec,,,,-46,1,2412,False,False
1778947384.5261788,data,null_data,50:02:91:e8:18:ec,d8:d7:75:45:81:24,d8:d7:75:45:81:24,50:02:91:e8:18:ec,d8:d7:75:45:81:24,,-87,1,2412,False,True
1778947384.5261796,control,ack,,50:02:91:e8:18:ec,50:02:91:e8:18:ec,,,,-57,1,2412,False,False
1778947384.5905492,management,beacon,d8:d7:75:45:81:24,ff:ff:ff:ff:ff:ff,ff:ff:ff:ff:ff:ff,d8:d7:75:45:81:24,d8:d7:75:45:81:24,FunBox2-8124,-43,1,2412,False,False
1778947384.6929293,management,beacon,d8:d7:75:45:81:24,ff:ff:ff:ff:ff:ff,ff:ff:ff:ff:ff:ff,d8:d7:75:45:81:24,d8:d7:75:45:81:24,FunBox2-8124,-46,1,2412,False,False
1778947384.7953591,management,beacon,d8:d7:75:45:81:24,ff:ff:ff:ff:ff:ff,ff:ff:ff:ff:ff:ff,d8:d7:75:45:81:24,d8:d7:75:45:81:24,FunBox2-8124,-43,1,2412,False,False
1778947384.89771,management,beacon,d8:d7:75:45:81:24,ff:ff:ff:ff:ff:ff,ff:ff:ff:ff:ff:ff,d8:d7:75:45:81:24,d8:d7:75:45:81:24,FunBox2-8124,-45,1,2412,False,False
1778947385.1025677,management,beacon,d8:d7:75:45:81:24,ff:ff:ff:ff:ff:ff,ff:ff:ff:ff:ff:ff,d8:d7:75:45:81:24,d8:d7:75:45:81:24,FunBox2-8124,-44,1,2412,False,False
1778947385.2049336,management,beacon,d8:d7:75:45:81:24,ff:ff:ff:ff:ff:ff,ff:ff:ff:ff:ff:ff,d8:d7:75:45:81:24,d8:d7:75:45:81:24,FunBox2-8124,-42,1,2412,False,False
1778947385.3086963,management,beacon,d8:d7:75:45:81:24,ff:ff:ff:ff:ff:ff,ff:ff:ff:ff:ff:ff,d8:d7:75:45:81:24,d8:d7:75:45:81:24,FunBox2-8124,-45,1,2412,False,False
1778947385.409772,management,beacon,d8:d7:75:45:81:24,ff:ff:ff:ff:ff:ff,ff:ff:ff:ff:ff:ff,d8:d7:75:45:81:24,d8:d7:75:45:81:24,FunBox2-8124,-43,1,2412,False,False
1778947385.614576,management,beacon,d8:d7:75:45:81:24,ff:ff:ff:ff:ff:ff,ff:ff:ff:ff:ff:ff,d8:d7:75:45:81:24,d8:d7:75:45:81:24,FunBox2-8124,-45,1,2412,False,False
1778947385.7169728,management,beacon,d8:d7:75:45:81:24,ff:ff:ff:ff:ff:ff,ff:ff:ff:ff:ff:ff,d8:d7:75:45:81:24,d8:d7:75:45:81:24,FunBox2-8124,-43,1,2412,False,False
1778947385.8193398,management,beacon,d8:d7:75:45:81:24,ff:ff:ff:ff:ff:ff,ff:ff:ff:ff:ff:ff,d8:d7:75:45:81:24,d8:d7:75:45:81:24,FunBox2-8124,-54,1,2412,False,False
1778947385.9217565,management,beacon,d8:d7:75:45:81:24,ff:ff:ff:ff:ff:ff,ff:ff:ff:ff:ff:ff,d8:d7:75:45:81:24,d8:d7:75:45:81:24,FunBox2-8124,-42,1,2412,False,False
1778947386.024185,management,beacon,d8:d7:75:45:81:24,ff:ff:ff:ff:ff:ff,ff:ff:ff:ff:ff:ff,d8:d7:75:45:81:24,d8:d7:75:45:81:24,FunBox2-8124,-46,1,2412,False,False
1778947386.0616438,data,null_data,50:02:91:e8:18:ec,d8:d7:75:45:81:24,d8:d7:75:45:81:24,50:02:91:e8:18:ec,d8:d7:75:45:81:24,,-85,1,2412,False,False
1778947386.0616517,control,ack,,50:02:91:e8:18:ec,50:02:91:e8:18:ec,,,,-46,1,2412,False,False
1778947386.126576,management,beacon,d8:d7:75:45:81:24,ff:ff:ff:ff:ff:ff,ff:ff:ff:ff:ff:ff,d8:d7:75:45:81:24,d8:d7:75:45:81:24,FunBox2-8124,-55,1,2412,False,False
1778947386.2289703,management,beacon,d8:d7:75:45:81:24,ff:ff:ff:ff:ff:ff,ff:ff:ff:ff:ff:ff,d8:d7:75:45:81:24,d8:d7:75:45:81:24,FunBox2-8124,-42,1,2412,False,False
1778947386.3314085,management,beacon,d8:d7:75:45:81:24,ff:ff:ff:ff:ff:ff,ff:ff:ff:ff:ff:ff,d8:d7:75:45:81:24,d8:d7:75:45:81:24,FunBox2-8124,-44,1,2412,False,False
1778947386.4337957,management,beacon,d8:d7:75:45:81:24,ff:ff:ff:ff:ff:ff,ff:ff:ff:ff:ff:ff,d8:d7:75:45:81:24,d8:d7:75:45:81:24,FunBox2-8124,-45,1,2412,False,False
1778947386.5361757,management,beacon,d8:d7:75:45:81:24,ff:ff:ff:ff:ff:ff,ff:ff:ff:ff:ff:ff,d8:d7:75:45:81:24,d8:d7:75:45:81:24,FunBox2-8124,-43,1,2412,False,False
1778947386.6385913,management,beacon,d8:d7:75:45:81:24,ff:ff:ff:ff:ff:ff,ff:ff:ff:ff:ff:ff,d8:d7:75:45:81:24,d8:d7:75:45:81:24,FunBox2-8124,-45,1,2412,False,False
1778947386.7409856,management,beacon,d8:d7:75:45:81:24,ff:ff:ff:ff:ff:ff,ff:ff:ff:ff:ff:ff,d8:d7:75:45:81:24,d8:d7:75:45:81:24,FunBox2-8124,-43,1,2412,False,False
1778947386.8433747,management,beacon,d8:d7:75:45:81:24,ff:ff:ff:ff:ff:ff,ff:ff:ff:ff:ff:ff,d8:d7:75:45:81:24,d8:d7:75:45:81:24,FunBox2-8124,-56,1,2412,False,False
1778947386.945776,management,beacon,d8:d7:75:45:81:24,ff:ff:ff:ff:ff:ff,ff:ff:ff:ff:ff:ff,d8:d7:75:45:81:24,d8:d7:75:45:81:24,FunBox2-8124,-43,1,2412,False,False
1778947387.0494123,data,null_data,50:02:91:e8:18:ec,d8:d7:75:45:81:24,d8:d7:75:45:81:24,50:02:91:e8:18:ec,d8:d7:75:45:81:24,,-84,1,2412,False,False
1778947387.049424,control,ack,,50:02:91:e8:18:ec,50:02:91:e8:18:ec,,,,-59,1,2412,False,False
1778947387.150656,management,beacon,d8:d7:75:45:81:24,ff:ff:ff:ff:ff:ff,ff:ff:ff:ff:ff:ff,d8:d7:75:45:81:24,d8:d7:75:45:81:24,FunBox2-8124,-45,1,2412,False,False
1778947387.2530212,management,beacon,d8:d7:75:45:81:24,ff:ff:ff:ff:ff:ff,ff:ff:ff:ff:ff:ff,d8:d7:75:45:81:24,d8:d7:75:45:81:24,FunBox2-8124,-44,1,2412,False,False
1778947387.2902653,data,null_data,50:02:91:e8:18:ec,d8:d7:75:45:81:24,d8:d7:75:45:81:24,50:02:91:e8:18:ec,d8:d7:75:45:81:24,,-84,1,2412,False,False
1778947387.2902765,control,ack,,50:02:91:e8:18:ec,50:02:91:e8:18:ec,,,,-46,1,2412,False,False
1778947387.355447,management,beacon,d8:d7:75:45:81:24,ff:ff:ff:ff:ff:ff,ff:ff:ff:ff:ff:ff,d8:d7:75:45:81:24,d8:d7:75:45:81:24,FunBox2-8124,-58,1,2412,False,False
1778947387.4578245,management,beacon,d8:d7:75:45:81:24,ff:ff:ff:ff:ff:ff,ff:ff:ff:ff:ff:ff,d8:d7:75:45:81:24,d8:d7:75:45:81:24,FunBox2-8124,-45,1,2412,False,False
1778947387.5602536,management,beacon,d8:d7:75:45:81:24,ff:ff:ff:ff:ff:ff,ff:ff:ff:ff:ff:ff,d8:d7:75:45:81:24,d8:d7:75:45:81:24,FunBox2-8124,-45,1,2412,False,False
1778947387.6626656,management,beacon,d8:d7:75:45:81:24,ff:ff:ff:ff:ff:ff,ff:ff:ff:ff:ff:ff,d8:d7:75:45:81:24,d8:d7:75:45:81:24,FunBox2-8124,-45,1,2412,False,False
1778947387.7650654,management,beacon,d8:d7:75:45:81:24,ff:ff:ff:ff:ff:ff,ff:ff:ff:ff:ff:ff,d8:d7:75:45:81:24,d8:d7:75:45:81:24,FunBox2-8124,-44,1,2412,False,False
1778947387.8674185,management,beacon,d8:d7:75:45:81:24,ff:ff:ff:ff:ff:ff,ff:ff:ff:ff:ff:ff,d8:d7:75:45:81:24,d8:d7:75:45:81:24,FunBox2-8124,-53,1,2412,False,False
1778947387.9698274,management,beacon,d8:d7:75:45:81:24,ff:ff:ff:ff:ff:ff,ff:ff:ff:ff:ff:ff,d8:d7:75:45:81:24,d8:d7:75:45:81:24,FunBox2-8124,-45,1,2412,False,False
1778947388.0722575,management,beacon,d8:d7:75:45:81:24,ff:ff:ff:ff:ff:ff,ff:ff:ff:ff:ff:ff,d8:d7:75:45:81:24,d8:d7:75:45:81:24,FunBox2-8124,-43,1,2412,False,False
1778947388.1746843,management,beacon,d8:d7:75:45:81:24,ff:ff:ff:ff:ff:ff,ff:ff:ff:ff:ff:ff,d8:d7:75:45:81:24,d8:d7:75:45:81:24,FunBox2-8124,-43,1,2412,False,False
1778947388.2770762,management,beacon,d8:d7:75:45:81:24,ff:ff:ff:ff:ff:ff,ff:ff:ff:ff:ff:ff,d8:d7:75:45:81:24,d8:d7:75:45:81:24,FunBox2-8124,-55,1,2412,False,False
1778947388.2782474,data,null_data,50:02:91:e8:18:ec,d8:d7:75:45:81:24,d8:d7:75:45:81:24,50:02:91:e8:18:ec,d8:d7:75:45:81:24,,-85,1,2412,False,False
1778947388.27825,control,ack,,50:02:91:e8:18:ec,50:02:91:e8:18:ec,,,,-60,1,2412,False,False
1778947388.3794773,management,beacon,d8:d7:75:45:81:24,ff:ff:ff:ff:ff:ff,ff:ff:ff:ff:ff:ff,d8:d7:75:45:81:24,d8:d7:75:45:81:24,FunBox2-8124,-44,1,2412,False,False
1778947388.4818707,management,beacon,d8:d7:75:45:81:24,ff:ff:ff:ff:ff:ff,ff:ff:ff:ff:ff:ff,d8:d7:75:45:81:24,d8:d7:75:45:81:24,FunBox2-8124,-54,1,2412,False,False
1778947388.5191338,control,ack,,50:02:91:e8:18:ec,50:02:91:e8:18:ec,,,,-45,1,2412,False,False
1778947388.5842574,management,beacon,d8:d7:75:45:81:24,ff:ff:ff:ff:ff:ff,ff:ff:ff:ff:ff:ff,d8:d7:75:45:81:24,d8:d7:75:45:81:24,FunBox2-8124,-54,1,2412,False,False
1778947388.6866932,management,beacon,d8:d7:75:45:81:24,ff:ff:ff:ff:ff:ff,ff:ff:ff:ff:ff:ff,d8:d7:75:45:81:24,d8:d7:75:45:81:24,FunBox2-8124,-53,1,2412,False,False
1778947388.7890742,management,beacon,d8:d7:75:45:81:24,ff:ff:ff:ff:ff:ff,ff:ff:ff:ff:ff:ff,d8:d7:75:45:81:24,d8:d7:75:45:81:24,FunBox2-8124,-42,1,2412,False,False
1778947388.9938607,management,beacon,d8:d7:75:45:81:24,ff:ff:ff:ff:ff:ff,ff:ff:ff:ff:ff:ff,d8:d7:75:45:81:24,d8:d7:75:45:81:24,FunBox2-8124,-42,1,2412,False,False
