
!!!!!!!!!!!!!!!!!!!!!!!!!!!!!!!!!!!!!!!!!!!!!!!!!!!!!!!!!!!!!!!!!!!!!!!!!!!!!!!!
[ALERT] ALERT-000001 | POTENTIAL_EVIL_TWIN
severity: LOW
time: 2026-05-16T15:47:04.790537
message: Wykryto potencjalny Evil Twin / Rogue AP dla SSID 'TestNet_001'. Zaobserwowano 2 różnych BSSID oraz podejrzane różnice parametrów sieci.
evidence: {'ssid': 'TestNet_001', 'bssid_count': 2, 'bssids': ['c9:b4:52:c0:d1:84', '9f:d3:78:df:c3:04'], 'triggered_reasons': ['same_ssid_multiple_bssid'], 'observations': {'c9:b4:52:c0:d1:84': {'first_seen': 1778946424.479043, 'last_seen': 1778946424.480087, 'seen_count': 2, 'channels': [], 'avg_rssi': None}, '9f:d3:78:df:c3:04': {'first_seen': 1778946424.790537, 'last_seen': 1778946424.790537, 'seen_count': 1, 'channels': [], 'avg_rssi': None}}}
!!!!!!!!!!!!!!!!!!!!!!!!!!!!!!!!!!!!!!!!!!!!!!!!!!!!!!!!!!!!!!!!!!!!!!!!!!!!!!!!


!!!!!!!!!!!!!!!!!!!!!!!!!!!!!!!!!!!!!!!!!!!!!!!!!!!!!!!!!!!!!!!!!!!!!!!!!!!!!!!!
[ALERT] ALERT-000002 | POTENTIAL_EVIL_TWIN
severity: LOW
time: 2026-05-16T15:47:04.801852
message: Wykryto potencjalny Evil Twin / Rogue AP dla SSID 'TestNet_002'. Zaobserwowano 2 różnych BSSID oraz podejrzane różnice parametrów sieci.
evidence: {'ssid': 'TestNet_002', 'bssid_count': 2, 'bssids': ['c6:ae:4d:46:1e:da', '42:33:24:12:2e:fc'], 'triggered_reasons': ['same_ssid_multiple_bssid'], 'observations': {'c6:ae:4d:46:1e:da': {'first_seen': 1778946424.489138, 'last_seen': 1778946424.489961, 'seen_count': 2, 'channels': [], 'avg_rssi': None}, '42:33:24:12:2e:fc': {'first_seen': 1778946424.801852, 'last_seen': 1778946424.801852, 'seen_count': 1, 'channels': [], 'avg_rssi': None}}}
!!!!!!!!!!!!!!!!!!!!!!!!!!!!!!!!!!!!!!!!!!!!!!!!!!!!!!!!!!!!!!!!!!!!!!!!!!!!!!!!


!!!!!!!!!!!!!!!!!!!!!!!!!!!!!!!!!!!!!!!!!!!!!!!!!!!!!!!!!!!!!!!!!!!!!!!!!!!!!!!!
[ALERT] ALERT-000003 | POTENTIAL_EVIL_TWIN
severity: LOW
time: 2026-05-16T15:47:04.811954
message: Wykryto potencjalny Evil Twin / Rogue AP dla SSID 'TestNet_003'. Zaobserwowano 2 różnych BSSID oraz podejrzane różnice parametrów sieci.
evidence: {'ssid': 'TestNet_003', 'bssid_count': 2, 'bssids': ['2a:ab:0a:21:4d:af', '08:9e:2a:77:3b:e0'], 'triggered_reasons': ['same_ssid_multiple_bssid'], 'observations': {'2a:ab:0a:21:4d:af': {'first_seen': 1778946424.502746, 'last_seen': 1778946424.503964, 'seen_count': 2, 'channels': [], 'avg_rssi': None}, '08:9e:2a:77:3b:e0': {'first_seen': 1778946424.811954, 'last_seen': 1778946424.811954, 'seen_count': 1, 'channels': [], 'avg_rssi': None}}}
!!!!!!!!!!!!!!!!!!!!!!!!!!!!!!!!!!!!!!!!!!!!!!!!!!!!!!!!!!!!!!!!!!!!!!!!!!!!!!!!


!!!!!!!!!!!!!!!!!!!!!!!!!!!!!!!!!!!!!!!!!!!!!!!!!!!!!!!!!!!!!!!!!!!!!!!!!!!!!!!!
[ALERT] ALERT-000004 | POTENTIAL_EVIL_TWIN
severity: LOW
time: 2026-05-16T15:47:04.822062
message: Wykryto potencjalny Evil Twin / Rogue AP dla SSID 'TestNet_004'. Zaobserwowano 2 różnych BSSID oraz podejrzane różnice parametrów sieci.
evidence: {'ssid': 'TestNet_004', 'bssid_count': 2, 'bssids': ['1b:e0:12:5c:a9:c6', 'aa:a8:7d:bd:47:50'], 'triggered_reasons': ['same_ssid_multiple_bssid'], 'observations': {'1b:e0:12:5c:a9:c6': {'first_seen': 1778946424.512861, 'last_seen': 1778946424.514087, 'seen_count': 2, 'channels': [], 'avg_rssi': None}, 'aa:a8:7d:bd:47:50': {'first_seen': 1778946424.822062, 'last_seen': 1778946424.822062, 'seen_count': 1, 'channels': [], 'avg_rssi': None}}}
!!!!!!!!!!!!!!!!!!!!!!!!!!!!!!!!!!!!!!!!!!!!!!!!!!!!!!!!!!!!!!!!!!!!!!!!!!!!!!!!


!!!!!!!!!!!!!!!!!!!!!!!!!!!!!!!!!!!!!!!!!!!!!!!!!!!!!!!!!!!!!!!!!!!!!!!!!!!!!!!!
[ALERT] ALERT-000005 | POTENTIAL_EVIL_TWIN
severity: LOW
time: 2026-05-16T15:47:04.832184
message: Wykryto potencjalny Evil Twin / Rogue AP dla SSID 'TestNet_005'. Zaobserwowano 2 różnych BSSID oraz podejrzane różnice parametrów sieci.
evidence: {'ssid': 'TestNet_005', 'bssid_count': 2, 'bssids': ['32:a5:7f:71:6b:2d', '39:f1:91:22:34:c4'], 'triggered_reasons': ['same_ssid_multiple_bssid'], 'observations': {'32:a5:7f:71:6b:2d': {'first_seen': 1778946424.522952, 'last_seen': 1778946424.524088, 'seen_count': 2, 'channels': [], 'avg_rssi': None}, '39:f1:91:22:34:c4': {'first_seen': 1778946424.832184, 'last_seen': 1778946424.832184, 'seen_count': 1, 'channels': [], 'avg_rssi': None}}}
!!!!!!!!!!!!!!!!!!!!!!!!!!!!!!!!!!!!!!!!!!!!!!!!!!!!!!!!!!!!!!!!!!!!!!!!!!!!!!!!


!!!!!!!!!!!!!!!!!!!!!!!!!!!!!!!!!!!!!!!!!!!!!!!!!!!!!!!!!!!!!!!!!!!!!!!!!!!!!!!!
[ALERT] ALERT-000006 | POTENTIAL_EVIL_TWIN
severity: LOW
time: 2026-05-16T15:47:04.842313
message: Wykryto potencjalny Evil Twin / Rogue AP dla SSID 'TestNet_006'. Zaobserwowano 2 różnych BSSID oraz podejrzane różnice parametrów sieci.
evidence: {'ssid': 'TestNet_006', 'bssid_count': 2, 'bssids': ['98:6e:33:60:99:de', '42:e2:ad:06:ea:4b'], 'triggered_reasons': ['same_ssid_multiple_bssid'], 'observations': {'98:6e:33:60:99:de': {'first_seen': 1778946424.533049, 'last_seen': 1778946424.534214, 'seen_count': 2, 'channels': [], 'avg_rssi': None}, '42:e2:ad:06:ea:4b': {'first_seen': 1778946424.842313, 'last_seen': 1778946424.842313, 'seen_count': 1, 'channels': [], 'avg_rssi': None}}}
!!!!!!!!!!!!!!!!!!!!!!!!!!!!!!!!!!!!!!!!!!!!!!!!!!!!!!!!!!!!!!!!!!!!!!!!!!!!!!!!


!!!!!!!!!!!!!!!!!!!!!!!!!!!!!!!!!!!!!!!!!!!!!!!!!!!!!!!!!!!!!!!!!!!!!!!!!!!!!!!!
[ALERT] ALERT-000007 | POTENTIAL_EVIL_TWIN
severity: LOW
time: 2026-05-16T15:47:04.852407
message: Wykryto potencjalny Evil Twin / Rogue AP dla SSID 'TestNet_007'. Zaobserwowano 2 różnych BSSID oraz podejrzane różnice parametrów sieci.
evidence: {'ssid': 'TestNet_007', 'bssid_count': 2, 'bssids': ['19:b5:b8:95:d0:98', '10:52:03:e0:fc:ac'], 'triggered_reasons': ['same_ssid_multiple_bssid'], 'observations': {'19:b5:b8:95:d0:98': {'first_seen': 1778946424.543161, 'last_seen': 1778946424.54434, 'seen_count': 2, 'channels': [], 'avg_rssi': None}, '10:52:03:e0:fc:ac': {'first_seen': 1778946424.852407, 'last_seen': 1778946424.852407, 'seen_count': 1, 'channels': [], 'avg_rssi': None}}}
!!!!!!!!!!!!!!!!!!!!!!!!!!!!!!!!!!!!!!!!!!!!!!!!!!!!!!!!!!!!!!!!!!!!!!!!!!!!!!!!


!!!!!!!!!!!!!!!!!!!!!!!!!!!!!!!!!!!!!!!!!!!!!!!!!!!!!!!!!!!!!!!!!!!!!!!!!!!!!!!!
[ALERT] ALERT-000008 | POTENTIAL_EVIL_TWIN
severity: LOW
time: 2026-05-16T15:47:04.866679
message: Wykryto potencjalny Evil Twin / Rogue AP dla SSID 'TestNet_008'. Zaobserwowano 2 różnych BSSID oraz podejrzane różnice parametrów sieci.
evidence: {'ssid': 'TestNet_008', 'bssid_count': 2, 'bssids': ['6e:db:ab:06:0d:51', 'ae:ee:1a:c1:27:0c'], 'triggered_reasons': ['same_ssid_multiple_bssid'], 'observations': {'6e:db:ab:06:0d:51': {'first_seen': 1778946424.553266, 'last_seen': 1778946424.555468, 'seen_count': 2, 'channels': [], 'avg_rssi': None}, 'ae:ee:1a:c1:27:0c': {'first_seen': 1778946424.866679, 'last_seen': 1778946424.866679, 'seen_count': 1, 'channels': [], 'avg_rssi': None}}}
!!!!!!!!!!!!!!!!!!!!!!!!!!!!!!!!!!!!!!!!!!!!!!!!!!!!!!!!!!!!!!!!!!!!!!!!!!!!!!!!


!!!!!!!!!!!!!!!!!!!!!!!!!!!!!!!!!!!!!!!!!!!!!!!!!!!!!!!!!!!!!!!!!!!!!!!!!!!!!!!!
[ALERT] ALERT-000009 | POTENTIAL_EVIL_TWIN
severity: LOW
time: 2026-05-16T15:47:04.876784
message: Wykryto potencjalny Evil Twin / Rogue AP dla SSID 'TestNet_009'. Zaobserwowano 2 różnych BSSID oraz podejrzane różnice parametrów sieci.
evidence: {'ssid': 'TestNet_009', 'bssid_count': 2, 'bssids': ['b2:3c:6e:fe:d4:dc', '17:90:86:0a:d2:68'], 'triggered_reasons': ['same_ssid_multiple_bssid'], 'observations': {'b2:3c:6e:fe:d4:dc': {'first_seen': 1778946424.563356, 'last_seen': 1778946424.564467, 'seen_count': 2, 'channels': [], 'avg_rssi': None}, '17:90:86:0a:d2:68': {'first_seen': 1778946424.876784, 'last_seen': 1778946424.876784, 'seen_count': 1, 'channels': [], 'avg_rssi': None}}}
!!!!!!!!!!!!!!!!!!!!!!!!!!!!!!!!!!!!!!!!!!!!!!!!!!!!!!!!!!!!!!!!!!!!!!!!!!!!!!!!


!!!!!!!!!!!!!!!!!!!!!!!!!!!!!!!!!!!!!!!!!!!!!!!!!!!!!!!!!!!!!!!!!!!!!!!!!!!!!!!!
[ALERT] ALERT-000010 | POTENTIAL_EVIL_TWIN
severity: LOW
time: 2026-05-16T15:47:04.886899
message: Wykryto potencjalny Evil Twin / Rogue AP dla SSID 'TestNet_010'. Zaobserwowano 2 różnych BSSID oraz podejrzane różnice parametrów sieci.
evidence: {'ssid': 'TestNet_010', 'bssid_count': 2, 'bssids': ['10:9e:30:3c:b8:e5', '03:08:b4:8a:19:06'], 'triggered_reasons': ['same_ssid_multiple_bssid'], 'observations': {'10:9e:30:3c:b8:e5': {'first_seen': 1778946424.57348, 'last_seen': 1778946424.574347, 'seen_count': 2, 'channels': [], 'avg_rssi': None}, '03:08:b4:8a:19:06': {'first_seen': 1778946424.886899, 'last_seen': 1778946424.886899, 'seen_count': 1, 'channels': [], 'avg_rssi': None}}}
!!!!!!!!!!!!!!!!!!!!!!!!!!!!!!!!!!!!!!!!!!!!!!!!!!!!!!!!!!!!!!!!!!!!!!!!!!!!!!!!


!!!!!!!!!!!!!!!!!!!!!!!!!!!!!!!!!!!!!!!!!!!!!!!!!!!!!!!!!!!!!!!!!!!!!!!!!!!!!!!!
[ALERT] ALERT-000011 | POTENTIAL_EVIL_TWIN
severity: LOW
time: 2026-05-16T15:47:04.896996
message: Wykryto potencjalny Evil Twin / Rogue AP dla SSID 'TestNet_011'. Zaobserwowano 2 różnych BSSID oraz podejrzane różnice parametrów sieci.
evidence: {'ssid': 'TestNet_011', 'bssid_count': 2, 'bssids': ['8c:f4:e2:cd:62:bd', '39:57:bc:2d:05:ab'], 'triggered_reasons': ['same_ssid_multiple_bssid'], 'observations': {'8c:f4:e2:cd:62:bd': {'first_seen': 1778946424.583569, 'last_seen': 1778946424.584478, 'seen_count': 2, 'channels': [], 'avg_rssi': None}, '39:57:bc:2d:05:ab': {'first_seen': 1778946424.896996, 'last_seen': 1778946424.896996, 'seen_count': 1, 'channels': [], 'avg_rssi': None}}}
!!!!!!!!!!!!!!!!!!!!!!!!!!!!!!!!!!!!!!!!!!!!!!!!!!!!!!!!!!!!!!!!!!!!!!!!!!!!!!!!


!!!!!!!!!!!!!!!!!!!!!!!!!!!!!!!!!!!!!!!!!!!!!!!!!!!!!!!!!!!!!!!!!!!!!!!!!!!!!!!!
[ALERT] ALERT-000012 | POTENTIAL_EVIL_TWIN
severity: LOW
time: 2026-05-16T15:47:04.907093
message: Wykryto potencjalny Evil Twin / Rogue AP dla SSID 'TestNet_012'. Zaobserwowano 2 różnych BSSID oraz podejrzane różnice parametrów sieci.
evidence: {'ssid': 'TestNet_012', 'bssid_count': 2, 'bssids': ['ca:ed:49:86:a0:86', '53:19:1c:93:31:ac'], 'triggered_reasons': ['same_ssid_multiple_bssid'], 'observations': {'ca:ed:49:86:a0:86': {'first_seen': 1778946424.594675, 'last_seen': 1778946424.595592, 'seen_count': 2, 'channels': [], 'avg_rssi': None}, '53:19:1c:93:31:ac': {'first_seen': 1778946424.907093, 'last_seen': 1778946424.907093, 'seen_count': 1, 'channels': [], 'avg_rssi': None}}}
!!!!!!!!!!!!!!!!!!!!!!!!!!!!!!!!!!!!!!!!!!!!!!!!!!!!!!!!!!!!!!!!!!!!!!!!!!!!!!!!


!!!!!!!!!!!!!!!!!!!!!!!!!!!!!!!!!!!!!!!!!!!!!!!!!!!!!!!!!!!!!!!!!!!!!!!!!!!!!!!!
[ALERT] ALERT-000013 | POTENTIAL_EVIL_TWIN
severity: LOW
time: 2026-05-16T15:47:04.917209
message: Wykryto potencjalny Evil Twin / Rogue AP dla SSID 'TestNet_013'. Zaobserwowano 2 różnych BSSID oraz podejrzane różnice parametrów sieci.
evidence: {'ssid': 'TestNet_013', 'bssid_count': 2, 'bssids': ['d1:d0:8f:46:e1:2d', '82:f3:57:d5:f7:5f'], 'triggered_reasons': ['same_ssid_multiple_bssid'], 'observations': {'d1:d0:8f:46:e1:2d': {'first_seen': 1778946424.604786, 'last_seen': 1778946424.605857, 'seen_count': 2, 'channels': [], 'avg_rssi': None}, '82:f3:57:d5:f7:5f': {'first_seen': 1778946424.917209, 'last_seen': 1778946424.917209, 'seen_count': 1, 'channels': [], 'avg_rssi': None}}}
!!!!!!!!!!!!!!!!!!!!!!!!!!!!!!!!!!!!!!!!!!!!!!!!!!!!!!!!!!!!!!!!!!!!!!!!!!!!!!!!


!!!!!!!!!!!!!!!!!!!!!!!!!!!!!!!!!!!!!!!!!!!!!!!!!!!!!!!!!!!!!!!!!!!!!!!!!!!!!!!!
[ALERT] ALERT-000014 | POTENTIAL_EVIL_TWIN
severity: LOW
time: 2026-05-16T15:47:04.927335
message: Wykryto potencjalny Evil Twin / Rogue AP dla SSID 'TestNet_014'. Zaobserwowano 2 różnych BSSID oraz podejrzane różnice parametrów sieci.
evidence: {'ssid': 'TestNet_014', 'bssid_count': 2, 'bssids': ['5c:11:32:12:9d:27', '90:0e:72:93:48:c9'], 'triggered_reasons': ['same_ssid_multiple_bssid'], 'observations': {'5c:11:32:12:9d:27': {'first_seen': 1778946424.615815, 'last_seen': 1778946424.616718, 'seen_count': 2, 'channels': [], 'avg_rssi': None}, '90:0e:72:93:48:c9': {'first_seen': 1778946424.927335, 'last_seen': 1778946424.927335, 'seen_count': 1, 'channels': [], 'avg_rssi': None}}}
!!!!!!!!!!!!!!!!!!!!!!!!!!!!!!!!!!!!!!!!!!!!!!!!!!!!!!!!!!!!!!!!!!!!!!!!!!!!!!!!


!!!!!!!!!!!!!!!!!!!!!!!!!!!!!!!!!!!!!!!!!!!!!!!!!!!!!!!!!!!!!!!!!!!!!!!!!!!!!!!!
[ALERT] ALERT-000015 | POTENTIAL_EVIL_TWIN
severity: LOW
time: 2026-05-16T15:47:04.937445
message: Wykryto potencjalny Evil Twin / Rogue AP dla SSID 'TestNet_015'. Zaobserwowano 2 różnych BSSID oraz podejrzane różnice parametrów sieci.
evidence: {'ssid': 'TestNet_015', 'bssid_count': 2, 'bssids': ['b2:e3:f2:7d:ad:df', 'fb:bc:94:cd:10:ae'], 'triggered_reasons': ['same_ssid_multiple_bssid'], 'observations': {'b2:e3:f2:7d:ad:df': {'first_seen': 1778946424.625924, 'last_seen': 1778946424.627093, 'seen_count': 2, 'channels': [], 'avg_rssi': None}, 'fb:bc:94:cd:10:ae': {'first_seen': 1778946424.937445, 'last_seen': 1778946424.937445, 'seen_count': 1, 'channels': [], 'avg_rssi': None}}}
!!!!!!!!!!!!!!!!!!!!!!!!!!!!!!!!!!!!!!!!!!!!!!!!!!!!!!!!!!!!!!!!!!!!!!!!!!!!!!!!


!!!!!!!!!!!!!!!!!!!!!!!!!!!!!!!!!!!!!!!!!!!!!!!!!!!!!!!!!!!!!!!!!!!!!!!!!!!!!!!!
[ALERT] ALERT-000016 | POTENTIAL_EVIL_TWIN
severity: LOW
time: 2026-05-16T15:47:04.947530
message: Wykryto potencjalny Evil Twin / Rogue AP dla SSID 'TestNet_016'. Zaobserwowano 2 różnych BSSID oraz podejrzane różnice parametrów sieci.
evidence: {'ssid': 'TestNet_016', 'bssid_count': 2, 'bssids': ['4c:28:1e:a7:f9:ee', '95:bd:1a:14:40:0e'], 'triggered_reasons': ['same_ssid_multiple_bssid'], 'observations': {'4c:28:1e:a7:f9:ee': {'first_seen': 1778946424.636038, 'last_seen': 1778946424.637232, 'seen_count': 2, 'channels': [], 'avg_rssi': None}, '95:bd:1a:14:40:0e': {'first_seen': 1778946424.94753, 'last_seen': 1778946424.94753, 'seen_count': 1, 'channels': [], 'avg_rssi': None}}}
!!!!!!!!!!!!!!!!!!!!!!!!!!!!!!!!!!!!!!!!!!!!!!!!!!!!!!!!!!!!!!!!!!!!!!!!!!!!!!!!


!!!!!!!!!!!!!!!!!!!!!!!!!!!!!!!!!!!!!!!!!!!!!!!!!!!!!!!!!!!!!!!!!!!!!!!!!!!!!!!!
[ALERT] ALERT-000017 | POTENTIAL_EVIL_TWIN
severity: LOW
time: 2026-05-16T15:47:04.957812
message: Wykryto potencjalny Evil Twin / Rogue AP dla SSID 'TestNet_017'. Zaobserwowano 2 różnych BSSID oraz podejrzane różnice parametrów sieci.
evidence: {'ssid': 'TestNet_017', 'bssid_count': 2, 'bssids': ['63:b6:ec:49:12:fd', 'ca:9f:86:43:30:94'], 'triggered_reasons': ['same_ssid_multiple_bssid'], 'observations': {'63:b6:ec:49:12:fd': {'first_seen': 1778946424.64617, 'last_seen': 1778946424.647346, 'seen_count': 2, 'channels': [], 'avg_rssi': None}, 'ca:9f:86:43:30:94': {'first_seen': 1778946424.957812, 'last_seen': 1778946424.957812, 'seen_count': 1, 'channels': [], 'avg_rssi': None}}}
!!!!!!!!!!!!!!!!!!!!!!!!!!!!!!!!!!!!!!!!!!!!!!!!!!!!!!!!!!!!!!!!!!!!!!!!!!!!!!!!


!!!!!!!!!!!!!!!!!!!!!!!!!!!!!!!!!!!!!!!!!!!!!!!!!!!!!!!!!!!!!!!!!!!!!!!!!!!!!!!!
[ALERT] ALERT-000018 | POTENTIAL_EVIL_TWIN
severity: LOW
time: 2026-05-16T15:47:04.967903
message: Wykryto potencjalny Evil Twin / Rogue AP dla SSID 'TestNet_018'. Zaobserwowano 2 różnych BSSID oraz podejrzane różnice parametrów sieci.
evidence: {'ssid': 'TestNet_018', 'bssid_count': 2, 'bssids': ['a2:19:05:2c:cb:e8', '7e:13:51:4c:0e:0e'], 'triggered_reasons': ['same_ssid_multiple_bssid'], 'observations': {'a2:19:05:2c:cb:e8': {'first_seen': 1778946424.656279, 'last_seen': 1778946424.658095, 'seen_count': 2, 'channels': [], 'avg_rssi': None}, '7e:13:51:4c:0e:0e': {'first_seen': 1778946424.967903, 'last_seen': 1778946424.967903, 'seen_count': 1, 'channels': [], 'avg_rssi': None}}}
!!!!!!!!!!!!!!!!!!!!!!!!!!!!!!!!!!!!!!!!!!!!!!!!!!!!!!!!!!!!!!!!!!!!!!!!!!!!!!!!


!!!!!!!!!!!!!!!!!!!!!!!!!!!!!!!!!!!!!!!!!!!!!!!!!!!!!!!!!!!!!!!!!!!!!!!!!!!!!!!!
[ALERT] ALERT-000019 | POTENTIAL_EVIL_TWIN
severity: LOW
time: 2026-05-16T15:47:04.978014
message: Wykryto potencjalny Evil Twin / Rogue AP dla SSID 'TestNet_019'. Zaobserwowano 2 różnych BSSID oraz podejrzane różnice parametrów sieci.
evidence: {'ssid': 'TestNet_019', 'bssid_count': 2, 'bssids': ['fd:0e:ca:7d:5b:f2', '8e:c5:c1:6d:5b:7f'], 'triggered_reasons': ['same_ssid_multiple_bssid'], 'observations': {'fd:0e:ca:7d:5b:f2': {'first_seen': 1778946424.666389, 'last_seen': 1778946424.667721, 'seen_count': 2, 'channels': [], 'avg_rssi': None}, '8e:c5:c1:6d:5b:7f': {'first_seen': 1778946424.978014, 'last_seen': 1778946424.978014, 'seen_count': 1, 'channels': [], 'avg_rssi': None}}}
!!!!!!!!!!!!!!!!!!!!!!!!!!!!!!!!!!!!!!!!!!!!!!!!!!!!!!!!!!!!!!!!!!!!!!!!!!!!!!!!


!!!!!!!!!!!!!!!!!!!!!!!!!!!!!!!!!!!!!!!!!!!!!!!!!!!!!!!!!!!!!!!!!!!!!!!!!!!!!!!!
[ALERT] ALERT-000020 | POTENTIAL_EVIL_TWIN
severity: LOW
time: 2026-05-16T15:47:04.988124
message: Wykryto potencjalny Evil Twin / Rogue AP dla SSID 'TestNet_020'. Zaobserwowano 2 różnych BSSID oraz podejrzane różnice parametrów sieci.
evidence: {'ssid': 'TestNet_020', 'bssid_count': 2, 'bssids': ['89:38:2c:59:9b:e2', '96:da:d4:9b:a4:74'], 'triggered_reasons': ['same_ssid_multiple_bssid'], 'observations': {'89:38:2c:59:9b:e2': {'first_seen': 1778946424.676516, 'last_seen': 1778946424.677479, 'seen_count': 2, 'channels': [], 'avg_rssi': None}, '96:da:d4:9b:a4:74': {'first_seen': 1778946424.988124, 'last_seen': 1778946424.988124, 'seen_count': 1, 'channels': [], 'avg_rssi': None}}}
!!!!!!!!!!!!!!!!!!!!!!!!!!!!!!!!!!!!!!!!!!!!!!!!!!!!!!!!!!!!!!!!!!!!!!!!!!!!!!!!


!!!!!!!!!!!!!!!!!!!!!!!!!!!!!!!!!!!!!!!!!!!!!!!!!!!!!!!!!!!!!!!!!!!!!!!!!!!!!!!!
[ALERT] ALERT-000021 | POTENTIAL_EVIL_TWIN
severity: LOW
time: 2026-05-16T15:47:04.998279
message: Wykryto potencjalny Evil Twin / Rogue AP dla SSID 'TestNet_021'. Zaobserwowano 2 różnych BSSID oraz podejrzane różnice parametrów sieci.
evidence: {'ssid': 'TestNet_021', 'bssid_count': 2, 'bssids': ['43:60:19:dd:02:32', 'b5:9c:67:92:1a:7b'], 'triggered_reasons': ['same_ssid_multiple_bssid'], 'observations': {'43:60:19:dd:02:32': {'first_seen': 1778946424.686638, 'last_seen': 1778946424.687846, 'seen_count': 2, 'channels': [], 'avg_rssi': None}, 'b5:9c:67:92:1a:7b': {'first_seen': 1778946424.998279, 'last_seen': 1778946424.998279, 'seen_count': 1, 'channels': [], 'avg_rssi': None}}}
!!!!!!!!!!!!!!!!!!!!!!!!!!!!!!!!!!!!!!!!!!!!!!!!!!!!!!!!!!!!!!!!!!!!!!!!!!!!!!!!


!!!!!!!!!!!!!!!!!!!!!!!!!!!!!!!!!!!!!!!!!!!!!!!!!!!!!!!!!!!!!!!!!!!!!!!!!!!!!!!!
[ALERT] ALERT-000022 | POTENTIAL_EVIL_TWIN
severity: LOW
time: 2026-05-16T15:47:05.012813
message: Wykryto potencjalny Evil Twin / Rogue AP dla SSID 'TestNet_022'. Zaobserwowano 2 różnych BSSID oraz podejrzane różnice parametrów sieci.
evidence: {'ssid': 'TestNet_022', 'bssid_count': 2, 'bssids': ['cb:4c:45:61:4a:54', 'f1:47:65:0f:d5:2b'], 'triggered_reasons': ['same_ssid_multiple_bssid'], 'observations': {'cb:4c:45:61:4a:54': {'first_seen': 1778946424.69673, 'last_seen': 1778946424.698106, 'seen_count': 2, 'channels': [], 'avg_rssi': None}, 'f1:47:65:0f:d5:2b': {'first_seen': 1778946425.012813, 'last_seen': 1778946425.012813, 'seen_count': 1, 'channels': [], 'avg_rssi': None}}}
!!!!!!!!!!!!!!!!!!!!!!!!!!!!!!!!!!!!!!!!!!!!!!!!!!!!!!!!!!!!!!!!!!!!!!!!!!!!!!!!


!!!!!!!!!!!!!!!!!!!!!!!!!!!!!!!!!!!!!!!!!!!!!!!!!!!!!!!!!!!!!!!!!!!!!!!!!!!!!!!!
[ALERT] ALERT-000023 | POTENTIAL_EVIL_TWIN
severity: LOW
time: 2026-05-16T15:47:05.022909
message: Wykryto potencjalny Evil Twin / Rogue AP dla SSID 'TestNet_023'. Zaobserwowano 2 różnych BSSID oraz podejrzane różnice parametrów sieci.
evidence: {'ssid': 'TestNet_023', 'bssid_count': 2, 'bssids': ['1d:62:b1:09:eb:e9', '50:cb:f5:0f:61:cf'], 'triggered_reasons': ['same_ssid_multiple_bssid'], 'observations': {'1d:62:b1:09:eb:e9': {'first_seen': 1778946424.706826, 'last_seen': 1778946424.707732, 'seen_count': 2, 'channels': [], 'avg_rssi': None}, '50:cb:f5:0f:61:cf': {'first_seen': 1778946425.022909, 'last_seen': 1778946425.022909, 'seen_count': 1, 'channels': [], 'avg_rssi': None}}}
!!!!!!!!!!!!!!!!!!!!!!!!!!!!!!!!!!!!!!!!!!!!!!!!!!!!!!!!!!!!!!!!!!!!!!!!!!!!!!!!


!!!!!!!!!!!!!!!!!!!!!!!!!!!!!!!!!!!!!!!!!!!!!!!!!!!!!!!!!!!!!!!!!!!!!!!!!!!!!!!!
[ALERT] ALERT-000024 | POTENTIAL_EVIL_TWIN
severity: LOW
time: 2026-05-16T15:47:05.034692
message: Wykryto potencjalny Evil Twin / Rogue AP dla SSID 'TestNet_024'. Zaobserwowano 2 różnych BSSID oraz podejrzane różnice parametrów sieci.
evidence: {'ssid': 'TestNet_024', 'bssid_count': 2, 'bssids': ['18:8a:69:0d:cd:c9', '57:1d:5b:fb:d2:f7'], 'triggered_reasons': ['same_ssid_multiple_bssid'], 'observations': {'18:8a:69:0d:cd:c9': {'first_seen': 1778946424.716947, 'last_seen': 1778946424.718107, 'seen_count': 2, 'channels': [], 'avg_rssi': None}, '57:1d:5b:fb:d2:f7': {'first_seen': 1778946425.034692, 'last_seen': 1778946425.034692, 'seen_count': 1, 'channels': [], 'avg_rssi': None}}}
!!!!!!!!!!!!!!!!!!!!!!!!!!!!!!!!!!!!!!!!!!!!!!!!!!!!!!!!!!!!!!!!!!!!!!!!!!!!!!!!


!!!!!!!!!!!!!!!!!!!!!!!!!!!!!!!!!!!!!!!!!!!!!!!!!!!!!!!!!!!!!!!!!!!!!!!!!!!!!!!!
[ALERT] ALERT-000025 | POTENTIAL_EVIL_TWIN
severity: LOW
time: 2026-05-16T15:47:05.044784
message: Wykryto potencjalny Evil Twin / Rogue AP dla SSID 'TestNet_025'. Zaobserwowano 2 różnych BSSID oraz podejrzane różnice parametrów sieci.
evidence: {'ssid': 'TestNet_025', 'bssid_count': 2, 'bssids': ['59:8d:fa:56:58:46', 'de:48:78:67:39:bf'], 'triggered_reasons': ['same_ssid_multiple_bssid'], 'observations': {'59:8d:fa:56:58:46': {'first_seen': 1778946424.727053, 'last_seen': 1778946424.727978, 'seen_count': 2, 'channels': [], 'avg_rssi': None}, 'de:48:78:67:39:bf': {'first_seen': 1778946425.044784, 'last_seen': 1778946425.044784, 'seen_count': 1, 'channels': [], 'avg_rssi': None}}}
!!!!!!!!!!!!!!!!!!!!!!!!!!!!!!!!!!!!!!!!!!!!!!!!!!!!!!!!!!!!!!!!!!!!!!!!!!!!!!!!


!!!!!!!!!!!!!!!!!!!!!!!!!!!!!!!!!!!!!!!!!!!!!!!!!!!!!!!!!!!!!!!!!!!!!!!!!!!!!!!!
[ALERT] ALERT-000026 | POTENTIAL_EVIL_TWIN
severity: LOW
time: 2026-05-16T15:47:05.054923
message: Wykryto potencjalny Evil Twin / Rogue AP dla SSID 'TestNet_026'. Zaobserwowano 2 różnych BSSID oraz podejrzane różnice parametrów sieci.
evidence: {'ssid': 'TestNet_026', 'bssid_count': 2, 'bssids': ['f0:e4:57:9f:01:b9', 'f8:1a:d8:7e:6a:a3'], 'triggered_reasons': ['same_ssid_multiple_bssid'], 'observations': {'f0:e4:57:9f:01:b9': {'first_seen': 1778946424.737168, 'last_seen': 1778946424.738099, 'seen_count': 2, 'channels': [], 'avg_rssi': None}, 'f8:1a:d8:7e:6a:a3': {'first_seen': 1778946425.054923, 'last_seen': 1778946425.054923, 'seen_count': 1, 'channels': [], 'avg_rssi': None}}}
!!!!!!!!!!!!!!!!!!!!!!!!!!!!!!!!!!!!!!!!!!!!!!!!!!!!!!!!!!!!!!!!!!!!!!!!!!!!!!!!


!!!!!!!!!!!!!!!!!!!!!!!!!!!!!!!!!!!!!!!!!!!!!!!!!!!!!!!!!!!!!!!!!!!!!!!!!!!!!!!!
[ALERT] ALERT-000027 | POTENTIAL_EVIL_TWIN
severity: LOW
time: 2026-05-16T15:47:05.065044
message: Wykryto potencjalny Evil Twin / Rogue AP dla SSID 'TestNet_027'. Zaobserwowano 2 różnych BSSID oraz podejrzane różnice parametrów sieci.
evidence: {'ssid': 'TestNet_027', 'bssid_count': 2, 'bssids': ['39:40:e9:bd:58:73', '42:5c:00:b5:b4:1d'], 'triggered_reasons': ['same_ssid_multiple_bssid'], 'observations': {'39:40:e9:bd:58:73': {'first_seen': 1778946424.74727, 'last_seen': 1778946424.748358, 'seen_count': 2, 'channels': [], 'avg_rssi': None}, '42:5c:00:b5:b4:1d': {'first_seen': 1778946425.065044, 'last_seen': 1778946425.065044, 'seen_count': 1, 'channels': [], 'avg_rssi': None}}}
!!!!!!!!!!!!!!!!!!!!!!!!!!!!!!!!!!!!!!!!!!!!!!!!!!!!!!!!!!!!!!!!!!!!!!!!!!!!!!!!


!!!!!!!!!!!!!!!!!!!!!!!!!!!!!!!!!!!!!!!!!!!!!!!!!!!!!!!!!!!!!!!!!!!!!!!!!!!!!!!!
[ALERT] ALERT-000028 | POTENTIAL_EVIL_TWIN
severity: LOW
time: 2026-05-16T15:47:05.075133
message: Wykryto potencjalny Evil Twin / Rogue AP dla SSID 'TestNet_028'. Zaobserwowano 2 różnych BSSID oraz podejrzane różnice parametrów sieci.
evidence: {'ssid': 'TestNet_028', 'bssid_count': 2, 'bssids': ['ef:8c:eb:bb:e5:78', '08:12:54:1a:f0:9c'], 'triggered_reasons': ['same_ssid_multiple_bssid'], 'observations': {'ef:8c:eb:bb:e5:78': {'first_seen': 1778946424.757966, 'last_seen': 1778946424.760347, 'seen_count': 2, 'channels': [], 'avg_rssi': None}, '08:12:54:1a:f0:9c': {'first_seen': 1778946425.075133, 'last_seen': 1778946425.075133, 'seen_count': 1, 'channels': [], 'avg_rssi': None}}}
!!!!!!!!!!!!!!!!!!!!!!!!!!!!!!!!!!!!!!!!!!!!!!!!!!!!!!!!!!!!!!!!!!!!!!!!!!!!!!!!


!!!!!!!!!!!!!!!!!!!!!!!!!!!!!!!!!!!!!!!!!!!!!!!!!!!!!!!!!!!!!!!!!!!!!!!!!!!!!!!!
[ALERT] ALERT-000029 | BEACON_FLOOD
severity: MEDIUM
time: 2026-05-16T15:47:05.085240
message: Wykryto możliwy atak Beacon Flood: 199 ramek beacon, 60 unikalnych BSSID, 31 unikalnych SSID w oknie 10s.
evidence: {'beacon_count': 199, 'unique_bssid_count': 60, 'unique_ssid_count': 31, 'window_seconds': 10, 'beacon_count_threshold': 200, 'unique_bssid_threshold': 60, 'unique_ssid_threshold': 40, 'triggered_reasons': ['many_unique_bssids'], 'sample_ssids': ['TestNet_017', 'TestNet_011', 'TestNet_012', 'FunBox2-8124', 'TestNet_001', 'TestNet_023', 'TestNet_006', 'TestNet_003', 'TestNet_008', 'TestNet_021'], 'sample_bssids': ['89:38:2c:59:9b:e2', '9f:d3:78:df:c3:04', '03:08:b4:8a:19:06', 'ca:9f:86:43:30:94', '50:cb:f5:0f:61:cf', '43:60:19:dd:02:32', 'fb:bc:94:cd:10:ae', '1d:62:b1:09:eb:e9', 'd1:d0:8f:46:e1:2d', '4c:28:1e:a7:f9:ee']}
!!!!!!!!!!!!!!!!!!!!!!!!!!!!!!!!!!!!!!!!!!!!!!!!!!!!!!!!!!!!!!!!!!!!!!!!!!!!!!!!


!!!!!!!!!!!!!!!!!!!!!!!!!!!!!!!!!!!!!!!!!!!!!!!!!!!!!!!!!!!!!!!!!!!!!!!!!!!!!!!!
[ALERT] ALERT-000030 | POTENTIAL_EVIL_TWIN
severity: LOW
time: 2026-05-16T15:47:05.085240
message: Wykryto potencjalny Evil Twin / Rogue AP dla SSID 'TestNet_029'. Zaobserwowano 2 różnych BSSID oraz podejrzane różnice parametrów sieci.
evidence: {'ssid': 'TestNet_029', 'bssid_count': 2, 'bssids': ['fb:d7:89:8c:c7:6d', '52:25:1e:e7:1d:38'], 'triggered_reasons': ['same_ssid_multiple_bssid'], 'observations': {'fb:d7:89:8c:c7:6d': {'first_seen': 1778946424.768245, 'last_seen': 1778946424.769349, 'seen_count': 2, 'channels': [], 'avg_rssi': None}, '52:25:1e:e7:1d:38': {'first_seen': 1778946425.08524, 'last_seen': 1778946425.08524, 'seen_count': 1, 'channels': [], 'avg_rssi': None}}}
!!!!!!!!!!!!!!!!!!!!!!!!!!!!!!!!!!!!!!!!!!!!!!!!!!!!!!!!!!!!!!!!!!!!!!!!!!!!!!!!


!!!!!!!!!!!!!!!!!!!!!!!!!!!!!!!!!!!!!!!!!!!!!!!!!!!!!!!!!!!!!!!!!!!!!!!!!!!!!!!!
[ALERT] ALERT-000031 | POTENTIAL_EVIL_TWIN
severity: LOW
time: 2026-05-16T15:47:05.095366
message: Wykryto potencjalny Evil Twin / Rogue AP dla SSID 'TestNet_030'. Zaobserwowano 2 różnych BSSID oraz podejrzane różnice parametrów sieci.
evidence: {'ssid': 'TestNet_030', 'bssid_count': 2, 'bssids': ['9d:b6:79:42:ef:ba', '62:0e:1b:66:50:78'], 'triggered_reasons': ['same_ssid_multiple_bssid'], 'observations': {'9d:b6:79:42:ef:ba': {'first_seen': 1778946424.778366, 'last_seen': 1778946424.779602, 'seen_count': 2, 'channels': [], 'avg_rssi': None}, '62:0e:1b:66:50:78': {'first_seen': 1778946425.095366, 'last_seen': 1778946425.095366, 'seen_count': 1, 'channels': [], 'avg_rssi': None}}}
!!!!!!!!!!!!!!!!!!!!!!!!!!!!!!!!!!!!!!!!!!!!!!!!!!!!!!!!!!!!!!!!!!!!!!!!!!!!!!!!


================================================================================
STATISTICS after 10.0s
--------------------------------------------------------------------------------
total frames: 2500

by frame type:
  management: 1497
  control: 558
  data: 445

by frame subtype:
  beacon: 1405
  ack: 395
  null_data: 279
  data: 104
  cts: 77
  probe_response: 63
  cf_end: 56
  qos_null: 54
  probe_request: 25
  rts: 23
  qos_data: 8
  block_ack: 7
  action: 4

unique SSIDs: 32
unique BSSIDs: 202
================================================================================

!!!!!!!!!!!!!!!!!!!!!!!!!!!!!!!!!!!!!!!!!!!!!!!!!!!!!!!!!!!!!!!!!!!!!!!!!!!!!!!!
[ALERT] ALERT-000032 | BEACON_FLOOD
severity: CRITICAL
time: 2026-05-16T15:47:15.092938
message: Wykryto możliwy atak Beacon Flood: 2018 ramek beacon, 971 unikalnych BSSID, 32 unikalnych SSID w oknie 10s.
evidence: {'beacon_count': 2018, 'unique_bssid_count': 971, 'unique_ssid_count': 32, 'window_seconds': 10, 'beacon_count_threshold': 200, 'unique_bssid_threshold': 60, 'unique_ssid_threshold': 40, 'triggered_reasons': ['high_beacon_rate', 'many_unique_bssids'], 'sample_ssids': ['TestNet_017', 'TestNet_011', 'TestNet_012', 'FunBox2-8124', 'TestNet_001', 'TestNet_023', 'TestNet_006', 'TestNet_003', 'TestNet_008', 'TestNet_021'], 'sample_bssids': ['a4:a6:b2:bf:62:d1', '4a:cc:9c:24:0b:9b', '38:3a:f3:69:c1:b3', '2c:e8:49:be:04:56', '3a:1b:5d:11:19:1f', '46:c5:56:c5:15:c4', 'c3:88:4d:64:a3:9b', '0e:65:41:f4:af:5d', '11:f2:a4:7d:34:73', 'c0:15:8c:7e:1d:05']}
!!!!!!!!!!!!!!!!!!!!!!!!!!!!!!!!!!!!!!!!!!!!!!!!!!!!!!!!!!!!!!!!!!!!!!!!!!!!!!!!


================================================================================
STATISTICS after 20.0s
--------------------------------------------------------------------------------
total frames: 4896

by frame type:
  management: 3779
  control: 616
  data: 501

by frame subtype:
  beacon: 3687
  ack: 444
  null_data: 309
  data: 123
  cts: 81
  probe_response: 63
  qos_null: 57
  cf_end: 56
  rts: 26
  probe_request: 25
  qos_data: 12
  block_ack: 9
  action: 4

unique SSIDs: 32
unique BSSIDs: 1297
================================================================================

================================================================================
STATISTICS after 30.0s
--------------------------------------------------------------------------------
total frames: 5682

by frame type:
  management: 4532
  control: 630
  data: 520

by frame subtype:
  beacon: 4430
  ack: 458
  null_data: 319
  data: 126
  cts: 81
  probe_response: 71
  qos_null: 62
  cf_end: 56
  probe_request: 27
  rts: 26
  qos_data: 13
  block_ack: 9
  action: 4

unique SSIDs: 32
unique BSSIDs: 1651
================================================================================

!!!!!!!!!!!!!!!!!!!!!!!!!!!!!!!!!!!!!!!!!!!!!!!!!!!!!!!!!!!!!!!!!!!!!!!!!!!!!!!!
[ALERT] ALERT-000033 | BEACON_FLOOD
severity: CRITICAL
time: 2026-05-16T15:47:25.094716
message: Wykryto możliwy atak Beacon Flood: 2005 ramek beacon, 959 unikalnych BSSID, 31 unikalnych SSID w oknie 10s.
evidence: {'beacon_count': 2005, 'unique_bssid_count': 959, 'unique_ssid_count': 31, 'window_seconds': 10, 'beacon_count_threshold': 200, 'unique_bssid_threshold': 60, 'unique_ssid_threshold': 40, 'triggered_reasons': ['high_beacon_rate', 'many_unique_bssids'], 'sample_ssids': ['TestNet_017', 'TestNet_011', 'TestNet_012', 'FunBox2-8124', 'TestNet_001', 'TestNet_023', 'TestNet_006', 'TestNet_003', 'TestNet_008', 'TestNet_021'], 'sample_bssids': ['00:77:e0:c8:82:23', '5e:39:49:89:e2:01', 'ab:ba:0f:24:d3:78', 'de:23:39:ab:c6:99', '85:4b:cf:20:7a:e2', '94:e3:19:54:ef:b2', '4f:0b:df:09:e2:ac', 'd4:01:70:13:12:dd', '6f:47:bb:48:01:df', 'dc:a1:35:fa:94:0f']}
!!!!!!!!!!!!!!!!!!!!!!!!!!!!!!!!!!!!!!!!!!!!!!!!!!!!!!!!!!!!!!!!!!!!!!!!!!!!!!!!


================================================================================
STATISTICS after 40.0s
--------------------------------------------------------------------------------
total frames: 6925

by frame type:
  management: 5725
  control: 646
  data: 554

by frame subtype:
  beacon: 5623
  ack: 474
  null_data: 347
  data: 132
  cts: 81
  probe_response: 71
  qos_null: 62
  cf_end: 56
  probe_request: 27
  rts: 26
  qos_data: 13
  block_ack: 9
  action: 4

unique SSIDs: 32
unique BSSIDs: 2222
================================================================================

!!!!!!!!!!!!!!!!!!!!!!!!!!!!!!!!!!!!!!!!!!!!!!!!!!!!!!!!!!!!!!!!!!!!!!!!!!!!!!!!
[ALERT] ALERT-000034 | POTENTIAL_EVIL_TWIN
severity: LOW
time: 2026-05-16T15:47:35.061245
message: Wykryto potencjalny Evil Twin / Rogue AP dla SSID 'TestNet_001'. Zaobserwowano 99 różnych BSSID oraz podejrzane różnice parametrów sieci.
evidence: {'ssid': 'TestNet_001', 'bssid_count': 99, 'bssids': ['c9:b4:52:c0:d1:84', '9f:d3:78:df:c3:04', '83:16:db:72:1e:ee', '44:ed:b0:0b:e2:72', 'c4:a7:9f:8e:14:84', '80:d3:36:d0:5a:bd', '1e:28:14:c1:48:63', '6e:ae:f6:44:66:e6', '3b:ba:8d:1e:39:eb', 'e6:30:7a:db:af:97', '55:20:27:44:9f:bb', '37:f7:ad:8c:5f:94', 'f4:89:5e:14:c1:e5', 'e0:f2:4c:e2:93:ab', '57:79:7c:35:64:bc', 'af:13:f0:d9:bb:94', '9d:9e:0d:63:c1:d4', 'bd:cd:ff:20:61:b6', '69:4f:02:72:d9:5e', 'dc:46:a4:99:57:94', '3c:a1:8a:25:f3:ee', '78:88:59:2a:b6:4f', 'e7:08:8f:4f:d9:0a', 'ee:36:38:02:48:3b', 'e0:cb:d5:3d:1f:94', '98:33:2e:bf:fe:b6', '28:50:7f:32:05:7f', '74:4b:44:60:3c:d6', 'f1:02:eb:8f:7c:2d', 'a3:49:ee:70:46:09', 'b0:02:d4:1d:1f:25', 'e1:bc:48:21:86:df', '5a:5b:aa:ca:57:60', 'c1:60:66:c3:e8:25', '97:e2:f6:3c:55:96', 'cc:2c:82:70:e5:24', '3f:ef:6a:e8:5e:14', 'f9:5c:6c:bb:68:f6', '2a:7b:3c:de:5a:29', 'a1:06:f0:74:ac:88', '1c:72:ec:be:a7:23', 'f5:0a:fd:f2:2c:b7', 'bd:2d:44:a2:8f:81', '8b:a8:42:47:54:9f', '7b:b7:5f:24:0e:40', '66:90:ca:6d:dc:11', '7d:8c:15:03:f7:9f', 'bd:2d:8b:c3:31:a3', 'c7:cb:be:e0:1f:7e', 'f4:68:ac:3f:1b:44', '89:e1:4b:a1:a4:d9', '48:0a:52:88:9a:0a', '9f:c7:bb:da:e3:ba', '17:90:d2:0f:5b:65', '0f:cd:4f:58:8b:fe', '7a:62:56:7d:23:a4', 'dc:a1:35:fa:94:0f', 'dc:03:08:6c:66:32', '06:21:4a:29:dc:23', '1e:57:88:94:e4:e7', '9a:ad:58:d4:7b:09', 'dc:4c:9e:2b:0f:25', '64:68:1c:1d:65:3e', 'b8:72:db:68:f1:7a', '8f:fb:5d:55:e2:24', 'c5:0e:87:60:60:dd', '9d:7b:73:d5:36:6f', 'a6:9d:74:30:a9:af', 'ab:a2:87:48:9c:3a', '96:e6:13:98:ec:19', '3a:95:79:6c:70:f0', 'e2:63:9c:4b:4f:02', '0f:70:b7:3b:74:81', 'ca:c6:af:9b:9c:42', '59:61:56:9a:16:08', 'fb:f7:9c:22:4e:63', '3a:9c:03:00:94:b8', 'ef:4f:ea:ac:bd:d3', '94:4f:50:79:5b:84', 'd7:8f:02:98:3f:21', '5a:c5:ad:94:c7:41', 'd5:ce:7d:ca:a3:78', 'dc:4b:04:87:63:39', 'f8:aa:91:71:56:34', '52:2d:5f:91:c3:10', '75:9b:62:32:d2:07', '29:c3:e7:e9:0c:b1', 'b3:c0:c6:21:eb:a1', '4e:9f:fb:48:b6:5c', '63:6b:8f:c3:8d:f2', 'af:61:30:3d:77:25', '63:23:35:b3:75:9d', 'c8:74:13:c6:83:97', 'b6:e1:6b:ca:58:90', '00:dd:ef:5d:f5:5f', 'ad:7f:b7:ca:eb:2b', '6e:c9:ae:7d:26:bc', '9e:d5:c4:b1:57:bd', '4e:6f:7e:fc:66:ee'], 'triggered_reasons': ['same_ssid_multiple_bssid'], 'observations': {'c9:b4:52:c0:d1:84': {'first_seen': 1778946424.479043, 'last_seen': 1778946424.480087, 'seen_count': 2, 'channels': [], 'avg_rssi': None}, '9f:d3:78:df:c3:04': {'first_seen': 1778946424.790537, 'last_seen': 1778946424.791728, 'seen_count': 2, 'channels': [], 'avg_rssi': None}, '83:16:db:72:1e:ee': {'first_seen': 1778946425.105483, 'last_seen': 1778946425.106665, 'seen_count': 2, 'channels': [], 'avg_rssi': None}, '44:ed:b0:0b:e2:72': {'first_seen': 1778946425.413444, 'last_seen': 1778946425.41451, 'seen_count': 2, 'channels': [], 'avg_rssi': None}, 'c4:a7:9f:8e:14:84': {'first_seen': 1778946425.719748, 'last_seen': 1778946425.720899, 'seen_count': 2, 'channels': [], 'avg_rssi': None}, '80:d3:36:d0:5a:bd': {'first_seen': 1778946426.029529, 'last_seen': 1778946426.030431, 'seen_count': 2, 'channels': [], 'avg_rssi': None}, '1e:28:14:c1:48:63': {'first_seen': 1778946426.338749, 'last_seen': 1778946426.339691, 'seen_count': 2, 'channels': [], 'avg_rssi': None}, '6e:ae:f6:44:66:e6': {'first_seen': 1778946426.647, 'last_seen': 1778946426.650587, 'seen_count': 2, 'channels': [], 'avg_rssi': None}, '3b:ba:8d:1e:39:eb': {'first_seen': 1778946426.953661, 'last_seen': 1778946426.954723, 'seen_count': 2, 'channels': [], 'avg_rssi': None}, 'e6:30:7a:db:af:97': {'first_seen': 1778946427.26715, 'last_seen': 1778946427.268104, 'seen_count': 2, 'channels': [], 'avg_rssi': None}, '55:20:27:44:9f:bb': {'first_seen': 1778946427.575505, 'last_seen': 1778946427.57663, 'seen_count': 2, 'channels': [], 'avg_rssi': None}, '37:f7:ad:8c:5f:94': {'first_seen': 1778946427.88431, 'last_seen': 1778946427.885396, 'seen_count': 2, 'channels': [], 'avg_rssi': None}, 'f4:89:5e:14:c1:e5': {'first_seen': 1778946428.194514, 'last_seen': 1778946428.195654, 'seen_count': 2, 'channels': [], 'avg_rssi': None}, 'e0:f2:4c:e2:93:ab': {'first_seen': 1778946428.505052, 'last_seen': 1778946428.505931, 'seen_count': 2, 'channels': [], 'avg_rssi': None}, '57:79:7c:35:64:bc': {'first_seen': 1778946428.813088, 'last_seen': 1778946428.814312, 'seen_count': 2, 'channels': [], 'avg_rssi': None}, 'af:13:f0:d9:bb:94': {'first_seen': 1778946429.118873, 'last_seen': 1778946429.119826, 'seen_count': 2, 'channels': [], 'avg_rssi': None}, '9d:9e:0d:63:c1:d4': {'first_seen': 1778946429.430053, 'last_seen': 1778946429.431099, 'seen_count': 2, 'channels': [], 'avg_rssi': None}, 'bd:cd:ff:20:61:b6': {'first_seen': 1778946429.742132, 'last_seen': 1778946429.743241, 'seen_count': 2, 'channels': [], 'avg_rssi': None}, '69:4f:02:72:d9:5e': {'first_seen': 1778946430.055231, 'last_seen': 1778946430.056127, 'seen_count': 2, 'channels': [], 'avg_rssi': None}, 'dc:46:a4:99:57:94': {'first_seen': 1778946430.369228, 'last_seen': 1778946430.370391, 'seen_count': 2, 'channels': [], 'avg_rssi': None}, '3c:a1:8a:25:f3:ee': {'first_seen': 1778946430.681816, 'last_seen': 1778946430.682682, 'seen_count': 2, 'channels': [], 'avg_rssi': None}, '78:88:59:2a:b6:4f': {'first_seen': 1778946430.989582, 'last_seen': 1778946430.990676, 'seen_count': 2, 'channels': [], 'avg_rssi': None}, 'e7:08:8f:4f:d9:0a': {'first_seen': 1778946431.30689, 'last_seen': 1778946431.307817, 'seen_count': 2, 'channels': [], 'avg_rssi': None}, 'ee:36:38:02:48:3b': {'first_seen': 1778946431.614717, 'last_seen': 1778946431.615592, 'seen_count': 2, 'channels': [], 'avg_rssi': None}, 'e0:cb:d5:3d:1f:94': {'first_seen': 1778946431.922361, 'last_seen': 1778946431.923472, 'seen_count': 2, 'channels': [], 'avg_rssi': None}, '98:33:2e:bf:fe:b6': {'first_seen': 1778946432.226449, 'last_seen': 1778946432.227622, 'seen_count': 2, 'channels': [], 'avg_rssi': None}, '28:50:7f:32:05:7f': {'first_seen': 1778946432.534684, 'last_seen': 1778946432.535876, 'seen_count': 2, 'channels': [], 'avg_rssi': None}, '74:4b:44:60:3c:d6': {'first_seen': 1778946432.848286, 'last_seen': 1778946432.849647, 'seen_count': 2, 'channels': [], 'avg_rssi': None}, 'f1:02:eb:8f:7c:2d': {'first_seen': 1778946433.154456, 'last_seen': 1778946433.157785, 'seen_count': 2, 'channels': [], 'avg_rssi': None}, 'a3:49:ee:70:46:09': {'first_seen': 1778946433.46218, 'last_seen': 1778946433.464808, 'seen_count': 2, 'channels': [], 'avg_rssi': None}, 'b0:02:d4:1d:1f:25': {'first_seen': 1778946433.778672, 'last_seen': 1778946433.779695, 'seen_count': 2, 'channels': [], 'avg_rssi': None}, 'e1:bc:48:21:86:df': {'first_seen': 1778946434.084539, 'last_seen': 1778946434.085457, 'seen_count': 2, 'channels': [], 'avg_rssi': None}, '5a:5b:aa:ca:57:60': {'first_seen': 1778946434.391755, 'last_seen': 1778946434.392725, 'seen_count': 2, 'channels': [], 'avg_rssi': None}, 'c1:60:66:c3:e8:25': {'first_seen': 1778946434.702142, 'last_seen': 1778946434.703248, 'seen_count': 2, 'channels': [], 'avg_rssi': None}, '97:e2:f6:3c:55:96': {'first_seen': 1778946435.017494, 'last_seen': 1778946435.018395, 'seen_count': 2, 'channels': [], 'avg_rssi': None}, 'cc:2c:82:70:e5:24': {'first_seen': 1778946435.340779, 'last_seen': 1778946435.341922, 'seen_count': 2, 'channels': [], 'avg_rssi': None}, '3f:ef:6a:e8:5e:14': {'first_seen': 1778946435.652793, 'last_seen': 1778946435.653929, 'seen_count': 2, 'channels': [], 'avg_rssi': None}, 'f9:5c:6c:bb:68:f6': {'first_seen': 1778946435.960197, 'last_seen': 1778946435.961084, 'seen_count': 2, 'channels': [], 'avg_rssi': None}, '2a:7b:3c:de:5a:29': {'first_seen': 1778946436.266934, 'last_seen': 1778946436.267827, 'seen_count': 2, 'channels': [], 'avg_rssi': None}, 'a1:06:f0:74:ac:88': {'first_seen': 1778946436.579161, 'last_seen': 1778946436.580233, 'seen_count': 2, 'channels': [], 'avg_rssi': None}, '1c:72:ec:be:a7:23': {'first_seen': 1778946436.89919, 'last_seen': 1778946436.900113, 'seen_count': 2, 'channels': [], 'avg_rssi': None}, 'f5:0a:fd:f2:2c:b7': {'first_seen': 1778946437.212881, 'last_seen': 1778946437.213869, 'seen_count': 2, 'channels': [], 'avg_rssi': None}, 'bd:2d:44:a2:8f:81': {'first_seen': 1778946437.519124, 'last_seen': 1778946437.520147, 'seen_count': 2, 'channels': [], 'avg_rssi': None}, '8b:a8:42:47:54:9f': {'first_seen': 1778946437.830033, 'last_seen': 1778946437.830902, 'seen_count': 2, 'channels': [], 'avg_rssi': None}, '7b:b7:5f:24:0e:40': {'first_seen': 1778946438.136305, 'last_seen': 1778946438.137168, 'seen_count': 2, 'channels': [], 'avg_rssi': None}, '66:90:ca:6d:dc:11': {'first_seen': 1778946438.450699, 'last_seen': 1778946438.451821, 'seen_count': 2, 'channels': [], 'avg_rssi': None}, '7d:8c:15:03:f7:9f': {'first_seen': 1778946438.762365, 'last_seen': 1778946438.763464, 'seen_count': 2, 'channels': [], 'avg_rssi': None}, 'bd:2d:8b:c3:31:a3': {'first_seen': 1778946439.07658, 'last_seen': 1778946439.077591, 'seen_count': 2, 'channels': [], 'avg_rssi': None}, 'c7:cb:be:e0:1f:7e': {'first_seen': 1778946439.388479, 'last_seen': 1778946439.38961, 'seen_count': 2, 'channels': [], 'avg_rssi': None}, 'f4:68:ac:3f:1b:44': {'first_seen': 1778946439.699676, 'last_seen': 1778946439.700876, 'seen_count': 2, 'channels': [], 'avg_rssi': None}, '89:e1:4b:a1:a4:d9': {'first_seen': 1778946440.017539, 'last_seen': 1778946440.018678, 'seen_count': 2, 'channels': [], 'avg_rssi': None}, '48:0a:52:88:9a:0a': {'first_seen': 1778946440.334446, 'last_seen': 1778946440.335282, 'seen_count': 2, 'channels': [], 'avg_rssi': None}, '9f:c7:bb:da:e3:ba': {'first_seen': 1778946440.648331, 'last_seen': 1778946440.64955, 'seen_count': 2, 'channels': [], 'avg_rssi': None}, '17:90:d2:0f:5b:65': {'first_seen': 1778946440.954499, 'last_seen': 1778946440.955572, 'seen_count': 2, 'channels': [], 'avg_rssi': None}, '0f:cd:4f:58:8b:fe': {'first_seen': 1778946441.269262, 'last_seen': 1778946441.270457, 'seen_count': 2, 'channels': [], 'avg_rssi': None}, '7a:62:56:7d:23:a4': {'first_seen': 1778946441.582843, 'last_seen': 1778946441.583973, 'seen_count': 2, 'channels': [], 'avg_rssi': None}, 'dc:a1:35:fa:94:0f': {'first_seen': 1778946441.89873, 'last_seen': 1778946441.899865, 'seen_count': 2, 'channels': [], 'avg_rssi': None}, 'dc:03:08:6c:66:32': {'first_seen': 1778946442.21087, 'last_seen': 1778946442.211881, 'seen_count': 2, 'channels': [], 'avg_rssi': None}, '06:21:4a:29:dc:23': {'first_seen': 1778946442.525331, 'last_seen': 1778946442.526272, 'seen_count': 2, 'channels': [], 'avg_rssi': None}, '1e:57:88:94:e4:e7': {'first_seen': 1778946442.837178, 'last_seen': 1778946442.838036, 'seen_count': 2, 'channels': [], 'avg_rssi': None}, '9a:ad:58:d4:7b:09': {'first_seen': 1778946443.155259, 'last_seen': 1778946443.15643, 'seen_count': 2, 'channels': [], 'avg_rssi': None}, 'dc:4c:9e:2b:0f:25': {'first_seen': 1778946443.471841, 'last_seen': 1778946443.472947, 'seen_count': 2, 'channels': [], 'avg_rssi': None}, '64:68:1c:1d:65:3e': {'first_seen': 1778946443.781618, 'last_seen': 1778946443.782711, 'seen_count': 2, 'channels': [], 'avg_rssi': None}, 'b8:72:db:68:f1:7a': {'first_seen': 1778946444.098279, 'last_seen': 1778946444.099104, 'seen_count': 2, 'channels': [], 'avg_rssi': None}, '8f:fb:5d:55:e2:24': {'first_seen': 1778946444.415347, 'last_seen': 1778946444.416506, 'seen_count': 2, 'channels': [], 'avg_rssi': None}, 'c5:0e:87:60:60:dd': {'first_seen': 1778946444.730885, 'last_seen': 1778946444.731885, 'seen_count': 2, 'channels': [], 'avg_rssi': None}, '9d:7b:73:d5:36:6f': {'first_seen': 1778946445.040823, 'last_seen': 1778946445.0418, 'seen_count': 2, 'channels': [], 'avg_rssi': None}, 'a6:9d:74:30:a9:af': {'first_seen': 1778946445.351699, 'last_seen': 1778946445.352666, 'seen_count': 2, 'channels': [], 'avg_rssi': None}, 'ab:a2:87:48:9c:3a': {'first_seen': 1778946445.663261, 'last_seen': 1778946445.664434, 'seen_count': 2, 'channels': [], 'avg_rssi': None}, '96:e6:13:98:ec:19': {'first_seen': 1778946445.976782, 'last_seen': 1778946445.977702, 'seen_count': 2, 'channels': [], 'avg_rssi': None}, '3a:95:79:6c:70:f0': {'first_seen': 1778946446.29089, 'last_seen': 1778946446.292098, 'seen_count': 2, 'channels': [], 'avg_rssi': None}, 'e2:63:9c:4b:4f:02': {'first_seen': 1778946446.599696, 'last_seen': 1778946446.600606, 'seen_count': 2, 'channels': [], 'avg_rssi': None}, '0f:70:b7:3b:74:81': {'first_seen': 1778946446.908954, 'last_seen': 1778946446.910001, 'seen_count': 2, 'channels': [], 'avg_rssi': None}, 'ca:c6:af:9b:9c:42': {'first_seen': 1778946447.225171, 'last_seen': 1778946447.226264, 'seen_count': 2, 'channels': [], 'avg_rssi': None}, '59:61:56:9a:16:08': {'first_seen': 1778946447.537493, 'last_seen': 1778946447.53841, 'seen_count': 2, 'channels': [], 'avg_rssi': None}, 'fb:f7:9c:22:4e:63': {'first_seen': 1778946447.849109, 'last_seen': 1778946447.850055, 'seen_count': 2, 'channels': [], 'avg_rssi': None}, '3a:9c:03:00:94:b8': {'first_seen': 1778946448.164966, 'last_seen': 1778946448.166063, 'seen_count': 2, 'channels': [], 'avg_rssi': None}, 'ef:4f:ea:ac:bd:d3': {'first_seen': 1778946448.48244, 'last_seen': 1778946448.483464, 'seen_count': 2, 'channels': [], 'avg_rssi': None}, '94:4f:50:79:5b:84': {'first_seen': 1778946448.791609, 'last_seen': 1778946448.792731, 'seen_count': 2, 'channels': [], 'avg_rssi': None}, 'd7:8f:02:98:3f:21': {'first_seen': 1778946449.101582, 'last_seen': 1778946449.102494, 'seen_count': 2, 'channels': [], 'avg_rssi': None}, '5a:c5:ad:94:c7:41': {'first_seen': 1778946449.414862, 'last_seen': 1778946449.415876, 'seen_count': 2, 'channels': [], 'avg_rssi': None}, 'd5:ce:7d:ca:a3:78': {'first_seen': 1778946449.7233, 'last_seen': 1778946449.724529, 'seen_count': 2, 'channels': [], 'avg_rssi': None}, 'dc:4b:04:87:63:39': {'first_seen': 1778946450.040099, 'last_seen': 1778946450.041037, 'seen_count': 2, 'channels': [], 'avg_rssi': None}, 'f8:aa:91:71:56:34': {'first_seen': 1778946450.356889, 'last_seen': 1778946450.358072, 'seen_count': 2, 'channels': [], 'avg_rssi': None}, '52:2d:5f:91:c3:10': {'first_seen': 1778946450.674976, 'last_seen': 1778946450.675943, 'seen_count': 2, 'channels': [], 'avg_rssi': None}, '75:9b:62:32:d2:07': {'first_seen': 1778946450.984806, 'last_seen': 1778946450.98572, 'seen_count': 2, 'channels': [], 'avg_rssi': None}, '29:c3:e7:e9:0c:b1': {'first_seen': 1778946451.297317, 'last_seen': 1778946451.298226, 'seen_count': 2, 'channels': [], 'avg_rssi': None}, 'b3:c0:c6:21:eb:a1': {'first_seen': 1778946451.613759, 'last_seen': 1778946451.614867, 'seen_count': 2, 'channels': [], 'avg_rssi': None}, '4e:9f:fb:48:b6:5c': {'first_seen': 1778946451.920766, 'last_seen': 1778946451.921633, 'seen_count': 2, 'channels': [], 'avg_rssi': None}, '63:6b:8f:c3:8d:f2': {'first_seen': 1778946452.234868, 'last_seen': 1778946452.235772, 'seen_count': 2, 'channels': [], 'avg_rssi': None}, 'af:61:30:3d:77:25': {'first_seen': 1778946452.545952, 'last_seen': 1778946452.547175, 'seen_count': 2, 'channels': [], 'avg_rssi': None}, '63:23:35:b3:75:9d': {'first_seen': 1778946452.859125, 'last_seen': 1778946452.860064, 'seen_count': 2, 'channels': [], 'avg_rssi': None}, 'c8:74:13:c6:83:97': {'first_seen': 1778946453.174595, 'last_seen': 1778946453.175583, 'seen_count': 2, 'channels': [], 'avg_rssi': None}, 'b6:e1:6b:ca:58:90': {'first_seen': 1778946453.49676, 'last_seen': 1778946453.497589, 'seen_count': 2, 'channels': [], 'avg_rssi': None}, '00:dd:ef:5d:f5:5f': {'first_seen': 1778946453.805694, 'last_seen': 1778946453.806873, 'seen_count': 2, 'channels': [], 'avg_rssi': None}, 'ad:7f:b7:ca:eb:2b': {'first_seen': 1778946454.114671, 'last_seen': 1778946454.115871, 'seen_count': 2, 'channels': [], 'avg_rssi': None}, '6e:c9:ae:7d:26:bc': {'first_seen': 1778946454.43468, 'last_seen': 1778946454.435907, 'seen_count': 2, 'channels': [], 'avg_rssi': None}, '9e:d5:c4:b1:57:bd': {'first_seen': 1778946454.747599, 'last_seen': 1778946454.748537, 'seen_count': 2, 'channels': [], 'avg_rssi': None}, '4e:6f:7e:fc:66:ee': {'first_seen': 1778946455.061245, 'last_seen': 1778946455.061245, 'seen_count': 1, 'channels': [], 'avg_rssi': None}}}
!!!!!!!!!!!!!!!!!!!!!!!!!!!!!!!!!!!!!!!!!!!!!!!!!!!!!!!!!!!!!!!!!!!!!!!!!!!!!!!!


!!!!!!!!!!!!!!!!!!!!!!!!!!!!!!!!!!!!!!!!!!!!!!!!!!!!!!!!!!!!!!!!!!!!!!!!!!!!!!!!
[ALERT] ALERT-000035 | POTENTIAL_EVIL_TWIN
severity: LOW
time: 2026-05-16T15:47:35.074000
message: Wykryto potencjalny Evil Twin / Rogue AP dla SSID 'TestNet_002'. Zaobserwowano 99 różnych BSSID oraz podejrzane różnice parametrów sieci.
evidence: {'ssid': 'TestNet_002', 'bssid_count': 99, 'bssids': ['c6:ae:4d:46:1e:da', '42:33:24:12:2e:fc', '62:ca:36:38:1c:5b', '1f:e5:0c:78:4e:e5', '3e:ec:81:20:39:8e', '95:dd:e2:1c:6b:6b', 'de:06:85:b9:7b:86', 'fa:82:3a:60:49:d9', '9a:55:cf:4a:4a:d0', 'bb:ed:6c:59:96:07', 'ed:51:57:5c:e3:32', '12:e3:b4:23:cb:8f', '56:98:cd:a1:e8:5f', '7e:05:6f:95:1b:5c', 'ee:50:8e:49:99:5c', '60:4d:d8:23:c5:c7', 'a8:6c:f9:99:40:11', 'b3:de:71:53:08:06', 'c2:dd:48:fb:79:45', '77:71:11:cf:8c:4f', '5e:37:61:0d:77:5e', '25:4b:9c:62:05:d4', '8b:c1:3c:94:b8:d3', 'e4:b7:63:03:d0:5a', '0a:6d:b7:ae:7f:71', '37:74:83:53:a5:92', 'c9:5e:97:79:f2:bd', 'bd:aa:56:dd:17:d7', '3e:4c:b1:d2:00:0d', 'a9:94:7c:1b:04:35', '60:c5:92:17:13:8d', '6d:5f:7e:a9:cd:6a', '40:d6:68:05:ea:6b', 'c8:27:3f:43:2a:c4', 'bc:02:7c:cb:5f:ad', '17:79:94:70:c3:85', '23:92:c5:5d:fe:20', 'b8:38:2b:3c:c6:ff', 'e9:bc:b8:0b:7f:52', '62:37:35:a3:4a:aa', '45:c6:8f:bb:8f:d9', 'f0:80:90:62:d7:70', '7a:05:58:72:52:2d', 'ea:61:40:a3:eb:08', '3d:74:5a:f2:6f:cb', '38:a0:bf:e5:8d:d0', 'ab:7c:39:7b:b4:86', '9c:b1:5a:df:1f:d6', '43:83:93:11:6d:a8', '4f:e7:6a:04:b5:61', '7b:41:62:99:e3:01', '57:3f:53:09:b8:36', '01:db:ff:34:58:65', '3b:4e:ef:d6:75:f1', '62:29:40:c4:69:2c', '29:8a:81:c6:2b:45', '3e:64:d9:ea:3b:71', '35:5a:4d:27:3d:7b', '25:8a:fc:77:01:15', '7f:9f:db:d0:62:14', 'ad:b5:82:36:de:2f', 'fc:dc:52:20:70:f4', 'd1:8c:ba:68:ac:00', '42:67:1e:26:ea:7f', '80:27:2a:02:1a:92', '5f:72:16:bd:a2:82', '07:d2:89:e0:4a:b7', 'a8:4a:61:cc:ac:ed', 'ae:c4:f1:ff:a2:b2', '7e:f7:48:b2:ba:aa', '52:41:da:96:73:57', '2d:30:40:c8:83:cd', '76:47:59:24:3c:92', '0e:b5:52:76:20:87', '5c:b2:1d:eb:f6:98', 'c5:80:20:96:a1:63', 'd1:64:12:8e:a8:bd', '01:38:41:8a:47:51', '49:31:71:d1:2b:98', '46:31:a4:16:ce:f5', '4d:e2:8b:37:13:45', '3f:37:84:9b:7b:dc', '6a:d9:c3:1f:57:93', 'f3:41:f3:13:5a:74', '68:56:77:70:3e:09', '35:5b:bf:f8:ee:b3', '9b:65:0d:ca:65:16', '32:cd:4f:28:d5:79', '98:ad:87:1c:0d:44', '77:12:b1:0d:c9:9e', '91:e6:30:0e:fc:13', 'd1:dd:60:27:f2:18', '74:b3:df:82:4b:9a', '6f:3a:5a:06:82:ec', '09:54:00:4f:36:9a', '63:4d:a9:74:52:d0', '85:51:d8:df:04:7a', '4e:05:47:8e:88:1a', 'c8:a3:18:98:e2:f1'], 'triggered_reasons': ['same_ssid_multiple_bssid'], 'observations': {'c6:ae:4d:46:1e:da': {'first_seen': 1778946424.489138, 'last_seen': 1778946424.489961, 'seen_count': 2, 'channels': [], 'avg_rssi': None}, '42:33:24:12:2e:fc': {'first_seen': 1778946424.801852, 'last_seen': 1778946424.802989, 'seen_count': 2, 'channels': [], 'avg_rssi': None}, '62:ca:36:38:1c:5b': {'first_seen': 1778946425.1156, 'last_seen': 1778946425.116746, 'seen_count': 2, 'channels': [], 'avg_rssi': None}, '1f:e5:0c:78:4e:e5': {'first_seen': 1778946425.423549, 'last_seen': 1778946425.424638, 'seen_count': 2, 'channels': [], 'avg_rssi': None}, '3e:ec:81:20:39:8e': {'first_seen': 1778946425.729888, 'last_seen': 1778946425.730774, 'seen_count': 2, 'channels': [], 'avg_rssi': None}, '95:dd:e2:1c:6b:6b': {'first_seen': 1778946426.039652, 'last_seen': 1778946426.040681, 'seen_count': 2, 'channels': [], 'avg_rssi': None}, 'de:06:85:b9:7b:86': {'first_seen': 1778946426.348831, 'last_seen': 1778946426.349809, 'seen_count': 2, 'channels': [], 'avg_rssi': None}, 'fa:82:3a:60:49:d9': {'first_seen': 1778946426.657096, 'last_seen': 1778946426.658073, 'seen_count': 2, 'channels': [], 'avg_rssi': None}, '9a:55:cf:4a:4a:d0': {'first_seen': 1778946426.963807, 'last_seen': 1778946426.964848, 'seen_count': 2, 'channels': [], 'avg_rssi': None}, 'bb:ed:6c:59:96:07': {'first_seen': 1778946427.27724, 'last_seen': 1778946427.27823, 'seen_count': 2, 'channels': [], 'avg_rssi': None}, 'ed:51:57:5c:e3:32': {'first_seen': 1778946427.585621, 'last_seen': 1778946427.586507, 'seen_count': 2, 'channels': [], 'avg_rssi': None}, '12:e3:b4:23:cb:8f': {'first_seen': 1778946427.894409, 'last_seen': 1778946427.895272, 'seen_count': 2, 'channels': [], 'avg_rssi': None}, '56:98:cd:a1:e8:5f': {'first_seen': 1778946428.204923, 'last_seen': 1778946428.20603, 'seen_count': 2, 'channels': [], 'avg_rssi': None}, '7e:05:6f:95:1b:5c': {'first_seen': 1778946428.515663, 'last_seen': 1778946428.516795, 'seen_count': 2, 'channels': [], 'avg_rssi': None}, 'ee:50:8e:49:99:5c': {'first_seen': 1778946428.823193, 'last_seen': 1778946428.824094, 'seen_count': 2, 'channels': [], 'avg_rssi': None}, '60:4d:d8:23:c5:c7': {'first_seen': 1778946429.128975, 'last_seen': 1778946429.129827, 'seen_count': 2, 'channels': [], 'avg_rssi': None}, 'a8:6c:f9:99:40:11': {'first_seen': 1778946429.440153, 'last_seen': 1778946429.441093, 'seen_count': 2, 'channels': [], 'avg_rssi': None}, 'b3:de:71:53:08:06': {'first_seen': 1778946429.75224, 'last_seen': 1778946429.753367, 'seen_count': 2, 'channels': [], 'avg_rssi': None}, 'c2:dd:48:fb:79:45': {'first_seen': 1778946430.065328, 'last_seen': 1778946430.066507, 'seen_count': 2, 'channels': [], 'avg_rssi': None}, '77:71:11:cf:8c:4f': {'first_seen': 1778946430.379355, 'last_seen': 1778946430.380548, 'seen_count': 2, 'channels': [], 'avg_rssi': None}, '5e:37:61:0d:77:5e': {'first_seen': 1778946430.691946, 'last_seen': 1778946430.692795, 'seen_count': 2, 'channels': [], 'avg_rssi': None}, '25:4b:9c:62:05:d4': {'first_seen': 1778946430.999686, 'last_seen': 1778946431.000549, 'seen_count': 2, 'channels': [], 'avg_rssi': None}, '8b:c1:3c:94:b8:d3': {'first_seen': 1778946431.316995, 'last_seen': 1778946431.317951, 'seen_count': 2, 'channels': [], 'avg_rssi': None}, 'e4:b7:63:03:d0:5a': {'first_seen': 1778946431.624833, 'last_seen': 1778946431.625965, 'seen_count': 2, 'channels': [], 'avg_rssi': None}, '0a:6d:b7:ae:7f:71': {'first_seen': 1778946431.932718, 'last_seen': 1778946431.933724, 'seen_count': 2, 'channels': [], 'avg_rssi': None}, '37:74:83:53:a5:92': {'first_seen': 1778946432.236537, 'last_seen': 1778946432.237611, 'seen_count': 2, 'channels': [], 'avg_rssi': None}, 'c9:5e:97:79:f2:bd': {'first_seen': 1778946432.54666, 'last_seen': 1778946432.547881, 'seen_count': 2, 'channels': [], 'avg_rssi': None}, 'bd:aa:56:dd:17:d7': {'first_seen': 1778946432.858387, 'last_seen': 1778946432.859642, 'seen_count': 2, 'channels': [], 'avg_rssi': None}, '3e:4c:b1:d2:00:0d': {'first_seen': 1778946433.164631, 'last_seen': 1778946433.165546, 'seen_count': 2, 'channels': [], 'avg_rssi': None}, 'a9:94:7c:1b:04:35': {'first_seen': 1778946433.472304, 'last_seen': 1778946433.473433, 'seen_count': 2, 'channels': [], 'avg_rssi': None}, '60:c5:92:17:13:8d': {'first_seen': 1778946433.788767, 'last_seen': 1778946433.789692, 'seen_count': 2, 'channels': [], 'avg_rssi': None}, '6d:5f:7e:a9:cd:6a': {'first_seen': 1778946434.094677, 'last_seen': 1778946434.095584, 'seen_count': 2, 'channels': [], 'avg_rssi': None}, '40:d6:68:05:ea:6b': {'first_seen': 1778946434.401852, 'last_seen': 1778946434.402975, 'seen_count': 2, 'channels': [], 'avg_rssi': None}, 'c8:27:3f:43:2a:c4': {'first_seen': 1778946434.712225, 'last_seen': 1778946434.713114, 'seen_count': 2, 'channels': [], 'avg_rssi': None}, 'bc:02:7c:cb:5f:ad': {'first_seen': 1778946435.03068, 'last_seen': 1778946435.031646, 'seen_count': 2, 'channels': [], 'avg_rssi': None}, '17:79:94:70:c3:85': {'first_seen': 1778946435.350874, 'last_seen': 1778946435.351914, 'seen_count': 2, 'channels': [], 'avg_rssi': None}, '23:92:c5:5d:fe:20': {'first_seen': 1778946435.66289, 'last_seen': 1778946435.663791, 'seen_count': 2, 'channels': [], 'avg_rssi': None}, 'b8:38:2b:3c:c6:ff': {'first_seen': 1778946435.970507, 'last_seen': 1778946435.971698, 'seen_count': 2, 'channels': [], 'avg_rssi': None}, 'e9:bc:b8:0b:7f:52': {'first_seen': 1778946436.277037, 'last_seen': 1778946436.278072, 'seen_count': 2, 'channels': [], 'avg_rssi': None}, '62:37:35:a3:4a:aa': {'first_seen': 1778946436.589274, 'last_seen': 1778946436.590465, 'seen_count': 2, 'channels': [], 'avg_rssi': None}, '45:c6:8f:bb:8f:d9': {'first_seen': 1778946436.909284, 'last_seen': 1778946436.910242, 'seen_count': 2, 'channels': [], 'avg_rssi': None}, 'f0:80:90:62:d7:70': {'first_seen': 1778946437.222976, 'last_seen': 1778946437.223873, 'seen_count': 2, 'channels': [], 'avg_rssi': None}, '7a:05:58:72:52:2d': {'first_seen': 1778946437.529321, 'last_seen': 1778946437.53027, 'seen_count': 2, 'channels': [], 'avg_rssi': None}, 'ea:61:40:a3:eb:08': {'first_seen': 1778946437.840287, 'last_seen': 1778946437.841153, 'seen_count': 2, 'channels': [], 'avg_rssi': None}, '3d:74:5a:f2:6f:cb': {'first_seen': 1778946438.146412, 'last_seen': 1778946438.147294, 'seen_count': 2, 'channels': [], 'avg_rssi': None}, '38:a0:bf:e5:8d:d0': {'first_seen': 1778946438.460835, 'last_seen': 1778946438.461945, 'seen_count': 2, 'channels': [], 'avg_rssi': None}, 'ab:7c:39:7b:b4:86': {'first_seen': 1778946438.772504, 'last_seen': 1778946438.773711, 'seen_count': 2, 'channels': [], 'avg_rssi': None}, '9c:b1:5a:df:1f:d6': {'first_seen': 1778946439.086662, 'last_seen': 1778946439.087717, 'seen_count': 2, 'channels': [], 'avg_rssi': None}, '43:83:93:11:6d:a8': {'first_seen': 1778946439.398672, 'last_seen': 1778946439.399616, 'seen_count': 2, 'channels': [], 'avg_rssi': None}, '4f:e7:6a:04:b5:61': {'first_seen': 1778946439.709804, 'last_seen': 1778946439.7115, 'seen_count': 2, 'channels': [], 'avg_rssi': None}, '7b:41:62:99:e3:01': {'first_seen': 1778946440.027832, 'last_seen': 1778946440.029031, 'seen_count': 2, 'channels': [], 'avg_rssi': None}, '57:3f:53:09:b8:36': {'first_seen': 1778946440.344547, 'last_seen': 1778946440.345408, 'seen_count': 2, 'channels': [], 'avg_rssi': None}, '01:db:ff:34:58:65': {'first_seen': 1778946440.658437, 'last_seen': 1778946440.6593, 'seen_count': 2, 'channels': [], 'avg_rssi': None}, '3b:4e:ef:d6:75:f1': {'first_seen': 1778946440.964643, 'last_seen': 1778946440.965572, 'seen_count': 2, 'channels': [], 'avg_rssi': None}, '62:29:40:c4:69:2c': {'first_seen': 1778946441.279356, 'last_seen': 1778946441.282715, 'seen_count': 2, 'channels': [], 'avg_rssi': None}, '29:8a:81:c6:2b:45': {'first_seen': 1778946441.592942, 'last_seen': 1778946441.594097, 'seen_count': 2, 'channels': [], 'avg_rssi': None}, '3e:64:d9:ea:3b:71': {'first_seen': 1778946441.909053, 'last_seen': 1778946441.909997, 'seen_count': 2, 'channels': [], 'avg_rssi': None}, '35:5a:4d:27:3d:7b': {'first_seen': 1778946442.220984, 'last_seen': 1778946442.222013, 'seen_count': 2, 'channels': [], 'avg_rssi': None}, '25:8a:fc:77:01:15': {'first_seen': 1778946442.535444, 'last_seen': 1778946442.536405, 'seen_count': 2, 'channels': [], 'avg_rssi': None}, '7f:9f:db:d0:62:14': {'first_seen': 1778946442.847274, 'last_seen': 1778946442.848412, 'seen_count': 2, 'channels': [], 'avg_rssi': None}, 'ad:b5:82:36:de:2f': {'first_seen': 1778946443.16535, 'last_seen': 1778946443.16643, 'seen_count': 2, 'channels': [], 'avg_rssi': None}, 'fc:dc:52:20:70:f4': {'first_seen': 1778946443.481942, 'last_seen': 1778946443.483088, 'seen_count': 2, 'channels': [], 'avg_rssi': None}, 'd1:8c:ba:68:ac:00': {'first_seen': 1778946443.791725, 'last_seen': 1778946443.792845, 'seen_count': 2, 'channels': [], 'avg_rssi': None}, '42:67:1e:26:ea:7f': {'first_seen': 1778946444.108393, 'last_seen': 1778946444.109231, 'seen_count': 2, 'channels': [], 'avg_rssi': None}, '80:27:2a:02:1a:92': {'first_seen': 1778946444.426677, 'last_seen': 1778946444.427619, 'seen_count': 2, 'channels': [], 'avg_rssi': None}, '5f:72:16:bd:a2:82': {'first_seen': 1778946444.740992, 'last_seen': 1778946444.741897, 'seen_count': 2, 'channels': [], 'avg_rssi': None}, '07:d2:89:e0:4a:b7': {'first_seen': 1778946445.050934, 'last_seen': 1778946445.051785, 'seen_count': 2, 'channels': [], 'avg_rssi': None}, 'a8:4a:61:cc:ac:ed': {'first_seen': 1778946445.361792, 'last_seen': 1778946445.362919, 'seen_count': 2, 'channels': [], 'avg_rssi': None}, 'ae:c4:f1:ff:a2:b2': {'first_seen': 1778946445.673378, 'last_seen': 1778946445.67431, 'seen_count': 2, 'channels': [], 'avg_rssi': None}, '7e:f7:48:b2:ba:aa': {'first_seen': 1778946445.98688, 'last_seen': 1778946445.987825, 'seen_count': 2, 'channels': [], 'avg_rssi': None}, '52:41:da:96:73:57': {'first_seen': 1778946446.301027, 'last_seen': 1778946446.302223, 'seen_count': 2, 'channels': [], 'avg_rssi': None}, '2d:30:40:c8:83:cd': {'first_seen': 1778946446.609793, 'last_seen': 1778946446.611107, 'seen_count': 2, 'channels': [], 'avg_rssi': None}, '76:47:59:24:3c:92': {'first_seen': 1778946446.920894, 'last_seen': 1778946446.921752, 'seen_count': 2, 'channels': [], 'avg_rssi': None}, '0e:b5:52:76:20:87': {'first_seen': 1778946447.235267, 'last_seen': 1778946447.23614, 'seen_count': 2, 'channels': [], 'avg_rssi': None}, '5c:b2:1d:eb:f6:98': {'first_seen': 1778946447.548154, 'last_seen': 1778946447.549303, 'seen_count': 2, 'channels': [], 'avg_rssi': None}, 'c5:80:20:96:a1:63': {'first_seen': 1778946447.861222, 'last_seen': 1778946447.862172, 'seen_count': 2, 'channels': [], 'avg_rssi': None}, 'd1:64:12:8e:a8:bd': {'first_seen': 1778946448.178247, 'last_seen': 1778946448.179189, 'seen_count': 2, 'channels': [], 'avg_rssi': None}, '01:38:41:8a:47:51': {'first_seen': 1778946448.492564, 'last_seen': 1778946448.49359, 'seen_count': 2, 'channels': [], 'avg_rssi': None}, '49:31:71:d1:2b:98': {'first_seen': 1778946448.801717, 'last_seen': 1778946448.802729, 'seen_count': 2, 'channels': [], 'avg_rssi': None}, '46:31:a4:16:ce:f5': {'first_seen': 1778946449.111683, 'last_seen': 1778946449.112619, 'seen_count': 2, 'channels': [], 'avg_rssi': None}, '4d:e2:8b:37:13:45': {'first_seen': 1778946449.425463, 'last_seen': 1778946449.426378, 'seen_count': 2, 'channels': [], 'avg_rssi': None}, '3f:37:84:9b:7b:dc': {'first_seen': 1778946449.733405, 'last_seen': 1778946449.734532, 'seen_count': 2, 'channels': [], 'avg_rssi': None}, '6a:d9:c3:1f:57:93': {'first_seen': 1778946450.050198, 'last_seen': 1778946450.051413, 'seen_count': 2, 'channels': [], 'avg_rssi': None}, 'f3:41:f3:13:5a:74': {'first_seen': 1778946450.370672, 'last_seen': 1778946450.371694, 'seen_count': 2, 'channels': [], 'avg_rssi': None}, '68:56:77:70:3e:09': {'first_seen': 1778946450.685089, 'last_seen': 1778946450.686196, 'seen_count': 2, 'channels': [], 'avg_rssi': None}, '35:5b:bf:f8:ee:b3': {'first_seen': 1778946450.994894, 'last_seen': 1778946450.995709, 'seen_count': 2, 'channels': [], 'avg_rssi': None}, '9b:65:0d:ca:65:16': {'first_seen': 1778946451.30742, 'last_seen': 1778946451.30836, 'seen_count': 2, 'channels': [], 'avg_rssi': None}, '32:cd:4f:28:d5:79': {'first_seen': 1778946451.623863, 'last_seen': 1778946451.624994, 'seen_count': 2, 'channels': [], 'avg_rssi': None}, '98:ad:87:1c:0d:44': {'first_seen': 1778946451.931025, 'last_seen': 1778946451.932006, 'seen_count': 2, 'channels': [], 'avg_rssi': None}, '77:12:b1:0d:c9:9e': {'first_seen': 1778946452.244967, 'last_seen': 1778946452.245902, 'seen_count': 2, 'channels': [], 'avg_rssi': None}, '91:e6:30:0e:fc:13': {'first_seen': 1778946452.556062, 'last_seen': 1778946452.557042, 'seen_count': 2, 'channels': [], 'avg_rssi': None}, 'd1:dd:60:27:f2:18': {'first_seen': 1778946452.869229, 'last_seen': 1778946452.870309, 'seen_count': 2, 'channels': [], 'avg_rssi': None}, '74:b3:df:82:4b:9a': {'first_seen': 1778946453.18472, 'last_seen': 1778946453.185833, 'seen_count': 2, 'channels': [], 'avg_rssi': None}, '6f:3a:5a:06:82:ec': {'first_seen': 1778946453.50685, 'last_seen': 1778946453.507965, 'seen_count': 2, 'channels': [], 'avg_rssi': None}, '09:54:00:4f:36:9a': {'first_seen': 1778946453.815838, 'last_seen': 1778946453.816864, 'seen_count': 2, 'channels': [], 'avg_rssi': None}, '63:4d:a9:74:52:d0': {'first_seen': 1778946454.124774, 'last_seen': 1778946454.125872, 'seen_count': 2, 'channels': [], 'avg_rssi': None}, '85:51:d8:df:04:7a': {'first_seen': 1778946454.444783, 'last_seen': 1778946454.445639, 'seen_count': 2, 'channels': [], 'avg_rssi': None}, '4e:05:47:8e:88:1a': {'first_seen': 1778946454.757731, 'last_seen': 1778946454.758913, 'seen_count': 2, 'channels': [], 'avg_rssi': None}, 'c8:a3:18:98:e2:f1': {'first_seen': 1778946455.074, 'last_seen': 1778946455.074, 'seen_count': 1, 'channels': [], 'avg_rssi': None}}}
!!!!!!!!!!!!!!!!!!!!!!!!!!!!!!!!!!!!!!!!!!!!!!!!!!!!!!!!!!!!!!!!!!!!!!!!!!!!!!!!


!!!!!!!!!!!!!!!!!!!!!!!!!!!!!!!!!!!!!!!!!!!!!!!!!!!!!!!!!!!!!!!!!!!!!!!!!!!!!!!!
[ALERT] ALERT-000036 | POTENTIAL_EVIL_TWIN
severity: LOW
time: 2026-05-16T15:47:35.084096
message: Wykryto potencjalny Evil Twin / Rogue AP dla SSID 'TestNet_003'. Zaobserwowano 99 różnych BSSID oraz podejrzane różnice parametrów sieci.
evidence: {'ssid': 'TestNet_003', 'bssid_count': 99, 'bssids': ['2a:ab:0a:21:4d:af', '08:9e:2a:77:3b:e0', '8f:c2:13:31:24:21', '78:a8:c0:ee:96:c8', 'cb:d3:02:2a:3a:e0', 'ad:d2:c6:de:9b:c2', 'bd:1b:c3:ac:de:8e', 'b5:0a:3b:97:0c:81', '3f:3e:98:e1:c3:02', '5c:5c:29:9a:d0:1c', '15:1e:d2:ac:d1:9b', '5f:ec:32:09:1b:3f', '85:35:38:dc:46:2a', '8a:b7:3d:bc:f5:45', 'e1:bb:8b:2f:3d:12', '2e:0f:c0:0d:0d:a1', '9c:fb:b7:f7:69:9d', '8b:13:f6:bf:fa:e2', '43:51:9b:f6:ff:d0', '80:16:1b:eb:67:ad', '44:11:9b:22:ac:f2', 'de:37:43:5d:f9:39', 'b9:df:bf:41:70:0e', '96:eb:19:ff:2e:08', 'ec:a9:eb:20:58:3f', '85:bb:1f:b7:11:e2', '53:4b:db:a8:ef:81', '08:75:f7:ff:25:7a', '56:41:32:e0:0e:9b', '47:0a:e1:49:c6:f7', '1b:46:9a:92:e7:96', '5c:c9:e6:0d:d2:ef', '95:5b:9d:0d:9a:4d', '7b:9c:42:fa:5b:cf', '5c:ee:33:73:10:c5', '7d:ff:ef:27:2d:68', 'fd:ae:7d:18:06:68', 'e1:a7:ad:2f:de:46', 'f8:88:4d:40:06:6f', 'c9:57:a8:2b:5e:91', '9b:27:ee:aa:1b:2d', '4f:3c:17:03:b3:62', 'af:0c:df:94:80:e0', 'ab:ba:0f:24:d3:78', '47:33:d3:1d:fe:ec', 'df:73:a9:32:72:00', 'b4:03:45:6d:07:d4', '15:dd:93:b8:61:a6', '25:e9:0b:8a:f6:98', '0e:d1:ac:52:4d:8b', 'df:da:cb:38:e7:b9', 'cb:64:9f:1f:68:d8', '44:4a:5d:fd:3f:10', '39:78:dc:e1:95:8e', '5a:6d:52:bf:2c:20', '03:53:33:b7:c7:5a', '81:2c:01:1f:38:4f', '0f:a2:d4:8a:f3:29', 'cb:cb:be:7c:f5:0b', 'a7:46:a4:1c:29:e4', 'f5:08:61:57:84:eb', '97:93:97:30:e0:6b', '37:8c:e7:82:a8:01', '18:d2:c7:ca:b4:a1', '11:f8:8a:e7:1a:44', '7b:2b:b6:28:08:bd', '0d:5c:12:50:0d:90', '09:13:e6:15:54:a5', 'c4:ab:92:e3:22:c5', '81:af:05:a3:e9:78', '6a:97:c0:b5:a0:5a', '5a:83:2c:7f:02:5f', 'c9:00:a0:92:18:09', 'ef:df:16:fd:c5:f4', '43:5d:2e:57:00:b3', '01:0b:44:95:af:ee', '85:4f:d5:ed:fd:ae', 'ad:e2:6f:80:61:2d', '5b:54:53:73:5a:87', '6d:61:09:20:d7:b5', '92:e2:d2:5d:61:f6', '75:6f:48:53:6c:9b', 'ca:a0:a7:f4:c5:76', 'ae:a5:31:40:8f:23', '44:25:0b:5e:96:b4', '43:4c:94:06:7e:8b', 'f7:76:87:53:8d:e2', 'eb:97:90:37:50:8d', '22:19:62:ca:fa:d5', '15:29:e3:fa:9b:48', 'fc:4d:50:33:9e:e0', '6b:f5:6d:7e:4a:dc', 'c9:c6:ef:7c:f3:c1', 'a2:de:e7:09:7a:2d', '16:da:d7:b2:47:63', '48:58:f1:ad:f0:78', '0e:b6:c3:04:4b:7b', '80:0a:c2:e8:58:00', '60:7e:d2:d9:07:01'], 'triggered_reasons': ['same_ssid_multiple_bssid'], 'observations': {'2a:ab:0a:21:4d:af': {'first_seen': 1778946424.502746, 'last_seen': 1778946424.503964, 'seen_count': 2, 'channels': [], 'avg_rssi': None}, '08:9e:2a:77:3b:e0': {'first_seen': 1778946424.811954, 'last_seen': 1778946424.812853, 'seen_count': 2, 'channels': [], 'avg_rssi': None}, '8f:c2:13:31:24:21': {'first_seen': 1778946425.125713, 'last_seen': 1778946425.126664, 'seen_count': 2, 'channels': [], 'avg_rssi': None}, '78:a8:c0:ee:96:c8': {'first_seen': 1778946425.434678, 'last_seen': 1778946425.435637, 'seen_count': 2, 'channels': [], 'avg_rssi': None}, 'cb:d3:02:2a:3a:e0': {'first_seen': 1778946425.740008, 'last_seen': 1778946425.74116, 'seen_count': 2, 'channels': [], 'avg_rssi': None}, 'ad:d2:c6:de:9b:c2': {'first_seen': 1778946426.049729, 'last_seen': 1778946426.052306, 'seen_count': 2, 'channels': [], 'avg_rssi': None}, 'bd:1b:c3:ac:de:8e': {'first_seen': 1778946426.358955, 'last_seen': 1778946426.359941, 'seen_count': 2, 'channels': [], 'avg_rssi': None}, 'b5:0a:3b:97:0c:81': {'first_seen': 1778946426.667226, 'last_seen': 1778946426.668082, 'seen_count': 2, 'channels': [], 'avg_rssi': None}, '3f:3e:98:e1:c3:02': {'first_seen': 1778946426.973916, 'last_seen': 1778946426.974847, 'seen_count': 2, 'channels': [], 'avg_rssi': None}, '5c:5c:29:9a:d0:1c': {'first_seen': 1778946427.287378, 'last_seen': 1778946427.288363, 'seen_count': 2, 'channels': [], 'avg_rssi': None}, '15:1e:d2:ac:d1:9b': {'first_seen': 1778946427.595714, 'last_seen': 1778946427.596873, 'seen_count': 2, 'channels': [], 'avg_rssi': None}, '5f:ec:32:09:1b:3f': {'first_seen': 1778946427.904531, 'last_seen': 1778946427.9054, 'seen_count': 2, 'channels': [], 'avg_rssi': None}, '85:35:38:dc:46:2a': {'first_seen': 1778946428.215045, 'last_seen': 1778946428.216033, 'seen_count': 2, 'channels': [], 'avg_rssi': None}, '8a:b7:3d:bc:f5:45': {'first_seen': 1778946428.525739, 'last_seen': 1778946428.526921, 'seen_count': 2, 'channels': [], 'avg_rssi': None}, 'e1:bb:8b:2f:3d:12': {'first_seen': 1778946428.833296, 'last_seen': 1778946428.836691, 'seen_count': 2, 'channels': [], 'avg_rssi': None}, '2e:0f:c0:0d:0d:a1': {'first_seen': 1778946429.139214, 'last_seen': 1778946429.140088, 'seen_count': 2, 'channels': [], 'avg_rssi': None}, '9c:fb:b7:f7:69:9d': {'first_seen': 1778946429.450269, 'last_seen': 1778946429.451224, 'seen_count': 2, 'channels': [], 'avg_rssi': None}, '8b:13:f6:bf:fa:e2': {'first_seen': 1778946429.763115, 'last_seen': 1778946429.764236, 'seen_count': 2, 'channels': [], 'avg_rssi': None}, '43:51:9b:f6:ff:d0': {'first_seen': 1778946430.07542, 'last_seen': 1778946430.076252, 'seen_count': 2, 'channels': [], 'avg_rssi': None}, '80:16:1b:eb:67:ad': {'first_seen': 1778946430.389449, 'last_seen': 1778946430.392766, 'seen_count': 2, 'channels': [], 'avg_rssi': None}, '44:11:9b:22:ac:f2': {'first_seen': 1778946430.702157, 'last_seen': 1778946430.703033, 'seen_count': 2, 'channels': [], 'avg_rssi': None}, 'de:37:43:5d:f9:39': {'first_seen': 1778946431.010597, 'last_seen': 1778946431.012423, 'seen_count': 2, 'channels': [], 'avg_rssi': None}, 'b9:df:bf:41:70:0e': {'first_seen': 1778946431.327089, 'last_seen': 1778946431.32819, 'seen_count': 2, 'channels': [], 'avg_rssi': None}, '96:eb:19:ff:2e:08': {'first_seen': 1778946431.634934, 'last_seen': 1778946431.635841, 'seen_count': 2, 'channels': [], 'avg_rssi': None}, 'ec:a9:eb:20:58:3f': {'first_seen': 1778946431.942842, 'last_seen': 1778946431.943972, 'seen_count': 2, 'channels': [], 'avg_rssi': None}, '85:bb:1f:b7:11:e2': {'first_seen': 1778946432.246669, 'last_seen': 1778946432.247864, 'seen_count': 2, 'channels': [], 'avg_rssi': None}, '53:4b:db:a8:ef:81': {'first_seen': 1778946432.556755, 'last_seen': 1778946432.557879, 'seen_count': 2, 'channels': [], 'avg_rssi': None}, '08:75:f7:ff:25:7a': {'first_seen': 1778946432.86849, 'last_seen': 1778946432.869647, 'seen_count': 2, 'channels': [], 'avg_rssi': None}, '56:41:32:e0:0e:9b': {'first_seen': 1778946433.174858, 'last_seen': 1778946433.175788, 'seen_count': 2, 'channels': [], 'avg_rssi': None}, '47:0a:e1:49:c6:f7': {'first_seen': 1778946433.482439, 'last_seen': 1778946433.48331, 'seen_count': 2, 'channels': [], 'avg_rssi': None}, '1b:46:9a:92:e7:96': {'first_seen': 1778946433.798859, 'last_seen': 1778946433.800068, 'seen_count': 2, 'channels': [], 'avg_rssi': None}, '5c:c9:e6:0d:d2:ef': {'first_seen': 1778946434.104758, 'last_seen': 1778946434.105719, 'seen_count': 2, 'channels': [], 'avg_rssi': None}, '95:5b:9d:0d:9a:4d': {'first_seen': 1778946434.412161, 'last_seen': 1778946434.4131, 'seen_count': 2, 'channels': [], 'avg_rssi': None}, '7b:9c:42:fa:5b:cf': {'first_seen': 1778946434.723483, 'last_seen': 1778946434.724617, 'seen_count': 2, 'channels': [], 'avg_rssi': None}, '5c:ee:33:73:10:c5': {'first_seen': 1778946435.0408, 'last_seen': 1778946435.041636, 'seen_count': 2, 'channels': [], 'avg_rssi': None}, '7d:ff:ef:27:2d:68': {'first_seen': 1778946435.360972, 'last_seen': 1778946435.36216, 'seen_count': 2, 'channels': [], 'avg_rssi': None}, 'fd:ae:7d:18:06:68': {'first_seen': 1778946435.672993, 'last_seen': 1778946435.673916, 'seen_count': 2, 'channels': [], 'avg_rssi': None}, 'e1:a7:ad:2f:de:46': {'first_seen': 1778946435.980612, 'last_seen': 1778946435.981683, 'seen_count': 2, 'channels': [], 'avg_rssi': None}, 'f8:88:4d:40:06:6f': {'first_seen': 1778946436.287618, 'last_seen': 1778946436.288697, 'seen_count': 2, 'channels': [], 'avg_rssi': None}, 'c9:57:a8:2b:5e:91': {'first_seen': 1778946436.601229, 'last_seen': 1778946436.602089, 'seen_count': 2, 'channels': [], 'avg_rssi': None}, '9b:27:ee:aa:1b:2d': {'first_seen': 1778946436.919407, 'last_seen': 1778946436.920355, 'seen_count': 2, 'channels': [], 'avg_rssi': None}, '4f:3c:17:03:b3:62': {'first_seen': 1778946437.233084, 'last_seen': 1778946437.234257, 'seen_count': 2, 'channels': [], 'avg_rssi': None}, 'af:0c:df:94:80:e0': {'first_seen': 1778946437.539424, 'last_seen': 1778946437.540396, 'seen_count': 2, 'channels': [], 'avg_rssi': None}, 'ab:ba:0f:24:d3:78': {'first_seen': 1778946437.850393, 'last_seen': 1778946437.851276, 'seen_count': 2, 'channels': [], 'avg_rssi': None}, '47:33:d3:1d:fe:ec': {'first_seen': 1778946438.156514, 'last_seen': 1778946438.157671, 'seen_count': 2, 'channels': [], 'avg_rssi': None}, 'df:73:a9:32:72:00': {'first_seen': 1778946438.470949, 'last_seen': 1778946438.472699, 'seen_count': 2, 'channels': [], 'avg_rssi': None}, 'b4:03:45:6d:07:d4': {'first_seen': 1778946438.782649, 'last_seen': 1778946438.783835, 'seen_count': 2, 'channels': [], 'avg_rssi': None}, '15:dd:93:b8:61:a6': {'first_seen': 1778946439.096761, 'last_seen': 1778946439.09784, 'seen_count': 2, 'channels': [], 'avg_rssi': None}, '25:e9:0b:8a:f6:98': {'first_seen': 1778946439.408725, 'last_seen': 1778946439.409861, 'seen_count': 2, 'channels': [], 'avg_rssi': None}, '0e:d1:ac:52:4d:8b': {'first_seen': 1778946439.719892, 'last_seen': 1778946439.720877, 'seen_count': 2, 'channels': [], 'avg_rssi': None}, 'df:da:cb:38:e7:b9': {'first_seen': 1778946440.038294, 'last_seen': 1778946440.041269, 'seen_count': 2, 'channels': [], 'avg_rssi': None}, 'cb:64:9f:1f:68:d8': {'first_seen': 1778946440.354673, 'last_seen': 1778946440.355669, 'seen_count': 2, 'channels': [], 'avg_rssi': None}, '44:4a:5d:fd:3f:10': {'first_seen': 1778946440.668538, 'last_seen': 1778946440.67205, 'seen_count': 2, 'channels': [], 'avg_rssi': None}, '39:78:dc:e1:95:8e': {'first_seen': 1778946440.974782, 'last_seen': 1778946440.975699, 'seen_count': 2, 'channels': [], 'avg_rssi': None}, '5a:6d:52:bf:2c:20': {'first_seen': 1778946441.289458, 'last_seen': 1778946441.290457, 'seen_count': 2, 'channels': [], 'avg_rssi': None}, '03:53:33:b7:c7:5a': {'first_seen': 1778946441.603043, 'last_seen': 1778946441.604224, 'seen_count': 2, 'channels': [], 'avg_rssi': None}, '81:2c:01:1f:38:4f': {'first_seen': 1778946441.91916, 'last_seen': 1778946441.920366, 'seen_count': 2, 'channels': [], 'avg_rssi': None}, '0f:a2:d4:8a:f3:29': {'first_seen': 1778946442.231108, 'last_seen': 1778946442.232138, 'seen_count': 2, 'channels': [], 'avg_rssi': None}, 'cb:cb:be:7c:f5:0b': {'first_seen': 1778946442.545527, 'last_seen': 1778946442.546666, 'seen_count': 2, 'channels': [], 'avg_rssi': None}, 'a7:46:a4:1c:29:e4': {'first_seen': 1778946442.85826, 'last_seen': 1778946442.859168, 'seen_count': 2, 'channels': [], 'avg_rssi': None}, 'f5:08:61:57:84:eb': {'first_seen': 1778946443.175462, 'last_seen': 1778946443.176689, 'seen_count': 2, 'channels': [], 'avg_rssi': None}, '97:93:97:30:e0:6b': {'first_seen': 1778946443.492062, 'last_seen': 1778946443.4932, 'seen_count': 2, 'channels': [], 'avg_rssi': None}, '37:8c:e7:82:a8:01': {'first_seen': 1778946443.801828, 'last_seen': 1778946443.802973, 'seen_count': 2, 'channels': [], 'avg_rssi': None}, '18:d2:c7:ca:b4:a1': {'first_seen': 1778946444.122669, 'last_seen': 1778946444.123852, 'seen_count': 2, 'channels': [], 'avg_rssi': None}, '11:f8:8a:e7:1a:44': {'first_seen': 1778946444.436769, 'last_seen': 1778946444.438261, 'seen_count': 2, 'channels': [], 'avg_rssi': None}, '7b:2b:b6:28:08:bd': {'first_seen': 1778946444.751102, 'last_seen': 1778946444.752012, 'seen_count': 2, 'channels': [], 'avg_rssi': None}, '0d:5c:12:50:0d:90': {'first_seen': 1778946445.061055, 'last_seen': 1778946445.062035, 'seen_count': 2, 'channels': [], 'avg_rssi': None}, '09:13:e6:15:54:a5': {'first_seen': 1778946445.371892, 'last_seen': 1778946445.372922, 'seen_count': 2, 'channels': [], 'avg_rssi': None}, 'c4:ab:92:e3:22:c5': {'first_seen': 1778946445.683496, 'last_seen': 1778946445.684694, 'seen_count': 2, 'channels': [], 'avg_rssi': None}, '81:af:05:a3:e9:78': {'first_seen': 1778946445.996994, 'last_seen': 1778946445.997826, 'seen_count': 2, 'channels': [], 'avg_rssi': None}, '6a:97:c0:b5:a0:5a': {'first_seen': 1778946446.311798, 'last_seen': 1778946446.31274, 'seen_count': 2, 'channels': [], 'avg_rssi': None}, '5a:83:2c:7f:02:5f': {'first_seen': 1778946446.619889, 'last_seen': 1778946446.620733, 'seen_count': 2, 'channels': [], 'avg_rssi': None}, 'c9:00:a0:92:18:09': {'first_seen': 1778946446.930987, 'last_seen': 1778946446.931889, 'seen_count': 2, 'channels': [], 'avg_rssi': None}, 'ef:df:16:fd:c5:f4': {'first_seen': 1778946447.245371, 'last_seen': 1778946447.246516, 'seen_count': 2, 'channels': [], 'avg_rssi': None}, '43:5d:2e:57:00:b3': {'first_seen': 1778946447.558326, 'last_seen': 1778946447.559409, 'seen_count': 2, 'channels': [], 'avg_rssi': None}, '01:0b:44:95:af:ee': {'first_seen': 1778946447.871317, 'last_seen': 1778946447.872298, 'seen_count': 2, 'channels': [], 'avg_rssi': None}, '85:4f:d5:ed:fd:ae': {'first_seen': 1778946448.188341, 'last_seen': 1778946448.189437, 'seen_count': 2, 'channels': [], 'avg_rssi': None}, 'ad:e2:6f:80:61:2d': {'first_seen': 1778946448.50269, 'last_seen': 1778946448.503713, 'seen_count': 2, 'channels': [], 'avg_rssi': None}, '5b:54:53:73:5a:87': {'first_seen': 1778946448.811823, 'last_seen': 1778946448.812731, 'seen_count': 2, 'channels': [], 'avg_rssi': None}, '6d:61:09:20:d7:b5': {'first_seen': 1778946449.122661, 'last_seen': 1778946449.123736, 'seen_count': 2, 'channels': [], 'avg_rssi': None}, '92:e2:d2:5d:61:f6': {'first_seen': 1778946449.435562, 'last_seen': 1778946449.436753, 'seen_count': 2, 'channels': [], 'avg_rssi': None}, '75:6f:48:53:6c:9b': {'first_seen': 1778946449.744642, 'last_seen': 1778946449.74577, 'seen_count': 2, 'channels': [], 'avg_rssi': None}, 'ca:a0:a7:f4:c5:76': {'first_seen': 1778946450.0603, 'last_seen': 1778946450.061289, 'seen_count': 2, 'channels': [], 'avg_rssi': None}, 'ae:a5:31:40:8f:23': {'first_seen': 1778946450.380767, 'last_seen': 1778946450.381929, 'seen_count': 2, 'channels': [], 'avg_rssi': None}, '44:25:0b:5e:96:b4': {'first_seen': 1778946450.696726, 'last_seen': 1778946450.69782, 'seen_count': 2, 'channels': [], 'avg_rssi': None}, '43:4c:94:06:7e:8b': {'first_seen': 1778946451.004999, 'last_seen': 1778946451.005837, 'seen_count': 2, 'channels': [], 'avg_rssi': None}, 'f7:76:87:53:8d:e2': {'first_seen': 1778946451.31756, 'last_seen': 1778946451.318485, 'seen_count': 2, 'channels': [], 'avg_rssi': None}, 'eb:97:90:37:50:8d': {'first_seen': 1778946451.633972, 'last_seen': 1778946451.635127, 'seen_count': 2, 'channels': [], 'avg_rssi': None}, '22:19:62:ca:fa:d5': {'first_seen': 1778946451.942457, 'last_seen': 1778946451.943632, 'seen_count': 2, 'channels': [], 'avg_rssi': None}, '15:29:e3:fa:9b:48': {'first_seen': 1778946452.255063, 'last_seen': 1778946452.255899, 'seen_count': 2, 'channels': [], 'avg_rssi': None}, 'fc:4d:50:33:9e:e0': {'first_seen': 1778946452.566195, 'last_seen': 1778946452.567299, 'seen_count': 2, 'channels': [], 'avg_rssi': None}, '6b:f5:6d:7e:4a:dc': {'first_seen': 1778946452.879424, 'last_seen': 1778946452.880441, 'seen_count': 2, 'channels': [], 'avg_rssi': None}, 'c9:c6:ef:7c:f3:c1': {'first_seen': 1778946453.198116, 'last_seen': 1778946453.198949, 'seen_count': 2, 'channels': [], 'avg_rssi': None}, 'a2:de:e7:09:7a:2d': {'first_seen': 1778946453.516949, 'last_seen': 1778946453.517839, 'seen_count': 2, 'channels': [], 'avg_rssi': None}, '16:da:d7:b2:47:63': {'first_seen': 1778946453.825942, 'last_seen': 1778946453.826996, 'seen_count': 2, 'channels': [], 'avg_rssi': None}, '48:58:f1:ad:f0:78': {'first_seen': 1778946454.134875, 'last_seen': 1778946454.135749, 'seen_count': 2, 'channels': [], 'avg_rssi': None}, '0e:b6:c3:04:4b:7b': {'first_seen': 1778946454.454879, 'last_seen': 1778946454.457639, 'seen_count': 2, 'channels': [], 'avg_rssi': None}, '80:0a:c2:e8:58:00': {'first_seen': 1778946454.767818, 'last_seen': 1778946454.768654, 'seen_count': 2, 'channels': [], 'avg_rssi': None}, '60:7e:d2:d9:07:01': {'first_seen': 1778946455.084096, 'last_seen': 1778946455.084096, 'seen_count': 1, 'channels': [], 'avg_rssi': None}}}
!!!!!!!!!!!!!!!!!!!!!!!!!!!!!!!!!!!!!!!!!!!!!!!!!!!!!!!!!!!!!!!!!!!!!!!!!!!!!!!!


!!!!!!!!!!!!!!!!!!!!!!!!!!!!!!!!!!!!!!!!!!!!!!!!!!!!!!!!!!!!!!!!!!!!!!!!!!!!!!!!
[ALERT] ALERT-000037 | POTENTIAL_EVIL_TWIN
severity: LOW
time: 2026-05-16T15:47:35.094198
message: Wykryto potencjalny Evil Twin / Rogue AP dla SSID 'TestNet_004'. Zaobserwowano 99 różnych BSSID oraz podejrzane różnice parametrów sieci.
evidence: {'ssid': 'TestNet_004', 'bssid_count': 99, 'bssids': ['1b:e0:12:5c:a9:c6', 'aa:a8:7d:bd:47:50', 'c5:f0:77:f1:73:8d', 'b9:1a:f3:7c:5e:e0', '59:a2:44:95:67:eb', '42:ea:f7:a2:6b:cb', '03:c0:b5:f8:df:dd', '99:38:8b:98:a6:39', 'd0:96:5e:5c:d2:18', '1e:93:d4:b0:79:04', 'a9:1b:fd:9b:70:1e', '1b:c9:94:a4:00:8b', 'f4:15:b1:89:09:3b', 'b4:34:77:8f:14:6a', '86:7c:ee:fc:d3:67', 'f2:fb:33:6f:aa:46', '2a:d7:c7:a5:74:66', '14:17:09:39:d5:d7', 'e2:86:f9:2c:ef:49', 'fb:b3:79:3a:8f:bf', '5f:7b:19:30:b8:bb', 'dd:54:cc:ae:cd:54', 'f7:74:d7:5b:5c:e0', '2b:a4:47:76:92:7e', 'da:87:b2:f5:67:7d', 'fb:68:40:ef:00:73', '2b:bf:a8:e6:e7:f9', 'fb:94:06:7d:08:52', '95:ba:da:ae:ab:dc', 'f7:bb:71:37:5e:ba', '89:02:cc:e9:b2:ce', '84:6d:7f:28:4f:3c', 'b9:8f:72:23:e9:cd', '48:c5:8c:32:87:ec', '65:b9:dd:c2:51:bf', '52:3a:1a:94:06:46', '82:22:a2:de:62:92', '70:1f:18:75:19:74', 'd2:15:10:df:3f:8b', 'cf:a1:23:e6:42:29', '11:86:73:96:a3:e5', '67:56:1c:5a:4b:27', 'dd:6e:1f:34:2b:4d', '34:1d:10:50:a8:b9', 'c9:96:b0:e5:11:68', '79:2c:43:fd:92:d3', '8b:4d:bb:5d:cb:47', 'e5:9e:a8:a5:5c:d5', '48:bb:d2:9d:83:9d', '1c:bf:6a:13:b3:d3', '6c:56:ae:e2:df:8f', '50:4c:15:7a:94:20', 'c1:ed:30:55:8c:f7', 'f0:22:29:56:39:b9', '85:ae:6a:a1:be:37', '5a:54:e8:b8:ce:4a', 'c9:74:52:2e:50:f3', '85:01:b4:48:dd:b8', '53:fb:07:c7:01:28', '92:b0:15:47:ce:6d', '0e:56:cc:19:f0:79', '3d:42:66:ee:1e:b2', '02:fa:0e:20:5f:76', 'a4:e3:aa:02:9b:1c', '74:1a:a9:75:a9:a4', 'eb:a8:b7:9d:6d:c6', '6b:49:0e:a8:e6:89', 'a3:a8:30:d0:4e:cd', '47:9c:c8:0b:47:6a', '4c:f8:7b:56:8e:61', '94:5e:15:38:98:aa', 'e1:1e:06:1e:00:69', '9c:78:4b:09:87:bc', '25:09:2f:f2:d3:f5', '2a:fd:b6:aa:56:18', '96:c4:6f:e2:bf:66', '40:81:d1:af:bb:6d', 'a1:e0:68:e8:d0:b7', '66:28:03:1c:bd:53', 'e6:65:14:b4:3c:a3', '67:12:a4:88:6c:69', '7b:15:8e:d0:ea:5d', '5e:2d:14:43:09:60', 'd0:0d:76:75:05:21', '7d:69:45:ca:bc:72', '35:cd:75:0c:42:10', '03:39:b1:cd:63:74', 'ba:55:0c:c6:08:cd', '37:d2:31:64:20:d0', '03:44:f2:66:a7:5d', 'fc:62:62:6d:11:c3', '5b:b0:24:55:13:47', '84:09:a7:ab:d1:1b', '9a:16:26:f6:cc:07', '22:8a:f9:22:8a:d6', '42:f9:85:b6:a6:04', 'b3:33:78:ad:a2:41', '9f:95:72:5b:33:47', '0d:e7:c6:c8:35:35'], 'triggered_reasons': ['same_ssid_multiple_bssid'], 'observations': {'1b:e0:12:5c:a9:c6': {'first_seen': 1778946424.512861, 'last_seen': 1778946424.514087, 'seen_count': 2, 'channels': [], 'avg_rssi': None}, 'aa:a8:7d:bd:47:50': {'first_seen': 1778946424.822062, 'last_seen': 1778946424.822978, 'seen_count': 2, 'channels': [], 'avg_rssi': None}, 'c5:f0:77:f1:73:8d': {'first_seen': 1778946425.13583, 'last_seen': 1778946425.136751, 'seen_count': 2, 'channels': [], 'avg_rssi': None}, 'b9:1a:f3:7c:5e:e0': {'first_seen': 1778946425.444787, 'last_seen': 1778946425.445635, 'seen_count': 2, 'channels': [], 'avg_rssi': None}, '59:a2:44:95:67:eb': {'first_seen': 1778946425.750304, 'last_seen': 1778946425.751158, 'seen_count': 2, 'channels': [], 'avg_rssi': None}, '42:ea:f7:a2:6b:cb': {'first_seen': 1778946426.059842, 'last_seen': 1778946426.060719, 'seen_count': 2, 'channels': [], 'avg_rssi': None}, '03:c0:b5:f8:df:dd': {'first_seen': 1778946426.369058, 'last_seen': 1778946426.370192, 'seen_count': 2, 'channels': [], 'avg_rssi': None}, '99:38:8b:98:a6:39': {'first_seen': 1778946426.677341, 'last_seen': 1778946426.678584, 'seen_count': 2, 'channels': [], 'avg_rssi': None}, 'd0:96:5e:5c:d2:18': {'first_seen': 1778946426.984027, 'last_seen': 1778946426.984966, 'seen_count': 2, 'channels': [], 'avg_rssi': None}, '1e:93:d4:b0:79:04': {'first_seen': 1778946427.297488, 'last_seen': 1778946427.298649, 'seen_count': 2, 'channels': [], 'avg_rssi': None}, 'a9:1b:fd:9b:70:1e': {'first_seen': 1778946427.60581, 'last_seen': 1778946427.60701, 'seen_count': 2, 'channels': [], 'avg_rssi': None}, '1b:c9:94:a4:00:8b': {'first_seen': 1778946427.914657, 'last_seen': 1778946427.915647, 'seen_count': 2, 'channels': [], 'avg_rssi': None}, 'f4:15:b1:89:09:3b': {'first_seen': 1778946428.225161, 'last_seen': 1778946428.226288, 'seen_count': 2, 'channels': [], 'avg_rssi': None}, 'b4:34:77:8f:14:6a': {'first_seen': 1778946428.535863, 'last_seen': 1778946428.537046, 'seen_count': 2, 'channels': [], 'avg_rssi': None}, '86:7c:ee:fc:d3:67': {'first_seen': 1778946428.843809, 'last_seen': 1778946428.844813, 'seen_count': 2, 'channels': [], 'avg_rssi': None}, 'f2:fb:33:6f:aa:46': {'first_seen': 1778946429.149347, 'last_seen': 1778946429.150208, 'seen_count': 2, 'channels': [], 'avg_rssi': None}, '2a:d7:c7:a5:74:66': {'first_seen': 1778946429.460361, 'last_seen': 1778946429.461479, 'seen_count': 2, 'channels': [], 'avg_rssi': None}, '14:17:09:39:d5:d7': {'first_seen': 1778946429.775199, 'last_seen': 1778946429.777983, 'seen_count': 2, 'channels': [], 'avg_rssi': None}, 'e2:86:f9:2c:ef:49': {'first_seen': 1778946430.08554, 'last_seen': 1778946430.087895, 'seen_count': 2, 'channels': [], 'avg_rssi': None}, 'fb:b3:79:3a:8f:bf': {'first_seen': 1778946430.399804, 'last_seen': 1778946430.400894, 'seen_count': 2, 'channels': [], 'avg_rssi': None}, '5f:7b:19:30:b8:bb': {'first_seen': 1778946430.71225, 'last_seen': 1778946430.713282, 'seen_count': 2, 'channels': [], 'avg_rssi': None}, 'dd:54:cc:ae:cd:54': {'first_seen': 1778946431.022875, 'last_seen': 1778946431.02395, 'seen_count': 2, 'channels': [], 'avg_rssi': None}, 'f7:74:d7:5b:5c:e0': {'first_seen': 1778946431.337192, 'last_seen': 1778946431.338317, 'seen_count': 2, 'channels': [], 'avg_rssi': None}, '2b:a4:47:76:92:7e': {'first_seen': 1778946431.645026, 'last_seen': 1778946431.646208, 'seen_count': 2, 'channels': [], 'avg_rssi': None}, 'da:87:b2:f5:67:7d': {'first_seen': 1778946431.952931, 'last_seen': 1778946431.9541, 'seen_count': 2, 'channels': [], 'avg_rssi': None}, 'fb:68:40:ef:00:73': {'first_seen': 1778946432.256815, 'last_seen': 1778946432.257747, 'seen_count': 2, 'channels': [], 'avg_rssi': None}, '2b:bf:a8:e6:e7:f9': {'first_seen': 1778946432.56685, 'last_seen': 1778946432.567755, 'seen_count': 2, 'channels': [], 'avg_rssi': None}, 'fb:94:06:7d:08:52': {'first_seen': 1778946432.878668, 'last_seen': 1778946432.879528, 'seen_count': 2, 'channels': [], 'avg_rssi': None}, '95:ba:da:ae:ab:dc': {'first_seen': 1778946433.186205, 'last_seen': 1778946433.187164, 'seen_count': 2, 'channels': [], 'avg_rssi': None}, 'f7:bb:71:37:5e:ba': {'first_seen': 1778946433.492534, 'last_seen': 1778946433.493428, 'seen_count': 2, 'channels': [], 'avg_rssi': None}, '89:02:cc:e9:b2:ce': {'first_seen': 1778946433.808969, 'last_seen': 1778946433.809819, 'seen_count': 2, 'channels': [], 'avg_rssi': None}, '84:6d:7f:28:4f:3c': {'first_seen': 1778946434.117178, 'last_seen': 1778946434.118087, 'seen_count': 2, 'channels': [], 'avg_rssi': None}, 'b9:8f:72:23:e9:cd': {'first_seen': 1778946434.422294, 'last_seen': 1778946434.423485, 'seen_count': 2, 'channels': [], 'avg_rssi': None}, '48:c5:8c:32:87:ec': {'first_seen': 1778946434.735544, 'last_seen': 1778946434.736495, 'seen_count': 2, 'channels': [], 'avg_rssi': None}, '65:b9:dd:c2:51:bf': {'first_seen': 1778946435.052535, 'last_seen': 1778946435.053383, 'seen_count': 2, 'channels': [], 'avg_rssi': None}, '52:3a:1a:94:06:46': {'first_seen': 1778946435.371069, 'last_seen': 1778946435.372151, 'seen_count': 2, 'channels': [], 'avg_rssi': None}, '82:22:a2:de:62:92': {'first_seen': 1778946435.68312, 'last_seen': 1778946435.684048, 'seen_count': 2, 'channels': [], 'avg_rssi': None}, '70:1f:18:75:19:74': {'first_seen': 1778946435.990729, 'last_seen': 1778946435.991692, 'seen_count': 2, 'channels': [], 'avg_rssi': None}, 'd2:15:10:df:3f:8b': {'first_seen': 1778946436.297866, 'last_seen': 1778946436.298951, 'seen_count': 2, 'channels': [], 'avg_rssi': None}, 'cf:a1:23:e6:42:29': {'first_seen': 1778946436.611327, 'last_seen': 1778946436.612466, 'seen_count': 2, 'channels': [], 'avg_rssi': None}, '11:86:73:96:a3:e5': {'first_seen': 1778946436.929525, 'last_seen': 1778946436.930645, 'seen_count': 2, 'channels': [], 'avg_rssi': None}, '67:56:1c:5a:4b:27': {'first_seen': 1778946437.243216, 'last_seen': 1778946437.244135, 'seen_count': 2, 'channels': [], 'avg_rssi': None}, 'dd:6e:1f:34:2b:4d': {'first_seen': 1778946437.549523, 'last_seen': 1778946437.550385, 'seen_count': 2, 'channels': [], 'avg_rssi': None}, '34:1d:10:50:a8:b9': {'first_seen': 1778946437.860493, 'last_seen': 1778946437.861655, 'seen_count': 2, 'channels': [], 'avg_rssi': None}, 'c9:96:b0:e5:11:68': {'first_seen': 1778946438.166611, 'last_seen': 1778946438.16792, 'seen_count': 2, 'channels': [], 'avg_rssi': None}, '79:2c:43:fd:92:d3': {'first_seen': 1778946438.481079, 'last_seen': 1778946438.482691, 'seen_count': 2, 'channels': [], 'avg_rssi': None}, '8b:4d:bb:5d:cb:47': {'first_seen': 1778946438.798505, 'last_seen': 1778946438.799746, 'seen_count': 2, 'channels': [], 'avg_rssi': None}, 'e5:9e:a8:a5:5c:d5': {'first_seen': 1778946439.106857, 'last_seen': 1778946439.107719, 'seen_count': 2, 'channels': [], 'avg_rssi': None}, '48:bb:d2:9d:83:9d': {'first_seen': 1778946439.419119, 'last_seen': 1778946439.419986, 'seen_count': 2, 'channels': [], 'avg_rssi': None}, '1c:bf:6a:13:b3:d3': {'first_seen': 1778946439.730016, 'last_seen': 1778946439.731129, 'seen_count': 2, 'channels': [], 'avg_rssi': None}, '6c:56:ae:e2:df:8f': {'first_seen': 1778946440.049526, 'last_seen': 1778946440.050518, 'seen_count': 2, 'channels': [], 'avg_rssi': None}, '50:4c:15:7a:94:20': {'first_seen': 1778946440.364791, 'last_seen': 1778946440.365793, 'seen_count': 2, 'channels': [], 'avg_rssi': None}, 'c1:ed:30:55:8c:f7': {'first_seen': 1778946440.678656, 'last_seen': 1778946440.681424, 'seen_count': 2, 'channels': [], 'avg_rssi': None}, 'f0:22:29:56:39:b9': {'first_seen': 1778946440.984883, 'last_seen': 1778946440.985815, 'seen_count': 2, 'channels': [], 'avg_rssi': None}, '85:ae:6a:a1:be:37': {'first_seen': 1778946441.299565, 'last_seen': 1778946441.301461, 'seen_count': 2, 'channels': [], 'avg_rssi': None}, '5a:54:e8:b8:ce:4a': {'first_seen': 1778946441.61315, 'last_seen': 1778946441.614354, 'seen_count': 2, 'channels': [], 'avg_rssi': None}, 'c9:74:52:2e:50:f3': {'first_seen': 1778946441.929303, 'last_seen': 1778946441.930247, 'seen_count': 2, 'channels': [], 'avg_rssi': None}, '85:01:b4:48:dd:b8': {'first_seen': 1778946442.241208, 'last_seen': 1778946442.242138, 'seen_count': 2, 'channels': [], 'avg_rssi': None}, '53:fb:07:c7:01:28': {'first_seen': 1778946442.55641, 'last_seen': 1778946442.557272, 'seen_count': 2, 'channels': [], 'avg_rssi': None}, '92:b0:15:47:ce:6d': {'first_seen': 1778946442.868613, 'last_seen': 1778946442.86955, 'seen_count': 2, 'channels': [], 'avg_rssi': None}, '0e:56:cc:19:f0:79': {'first_seen': 1778946443.186917, 'last_seen': 1778946443.187932, 'seen_count': 2, 'channels': [], 'avg_rssi': None}, '3d:42:66:ee:1e:b2': {'first_seen': 1778946443.502167, 'last_seen': 1778946443.503087, 'seen_count': 2, 'channels': [], 'avg_rssi': None}, '02:fa:0e:20:5f:76': {'first_seen': 1778946443.811924, 'last_seen': 1778946443.812838, 'seen_count': 2, 'channels': [], 'avg_rssi': None}, 'a4:e3:aa:02:9b:1c': {'first_seen': 1778946444.132759, 'last_seen': 1778946444.133604, 'seen_count': 2, 'channels': [], 'avg_rssi': None}, '74:1a:a9:75:a9:a4': {'first_seen': 1778946444.446914, 'last_seen': 1778946444.448004, 'seen_count': 2, 'channels': [], 'avg_rssi': None}, 'eb:a8:b7:9d:6d:c6': {'first_seen': 1778946444.761217, 'last_seen': 1778946444.762271, 'seen_count': 2, 'channels': [], 'avg_rssi': None}, '6b:49:0e:a8:e6:89': {'first_seen': 1778946445.071176, 'last_seen': 1778946445.07241, 'seen_count': 2, 'channels': [], 'avg_rssi': None}, 'a3:a8:30:d0:4e:cd': {'first_seen': 1778946445.381989, 'last_seen': 1778946445.383172, 'seen_count': 2, 'channels': [], 'avg_rssi': None}, '47:9c:c8:0b:47:6a': {'first_seen': 1778946445.693598, 'last_seen': 1778946445.694685, 'seen_count': 2, 'channels': [], 'avg_rssi': None}, '4c:f8:7b:56:8e:61': {'first_seen': 1778946446.007089, 'last_seen': 1778946446.008204, 'seen_count': 2, 'channels': [], 'avg_rssi': None}, '94:5e:15:38:98:aa': {'first_seen': 1778946446.321942, 'last_seen': 1778946446.322842, 'seen_count': 2, 'channels': [], 'avg_rssi': None}, 'e1:1e:06:1e:00:69': {'first_seen': 1778946446.630142, 'last_seen': 1778946446.631232, 'seen_count': 2, 'channels': [], 'avg_rssi': None}, '9c:78:4b:09:87:bc': {'first_seen': 1778946446.941089, 'last_seen': 1778946446.942001, 'seen_count': 2, 'channels': [], 'avg_rssi': None}, '25:09:2f:f2:d3:f5': {'first_seen': 1778946447.255493, 'last_seen': 1778946447.25665, 'seen_count': 2, 'channels': [], 'avg_rssi': None}, '2a:fd:b6:aa:56:18': {'first_seen': 1778946447.568417, 'last_seen': 1778946447.569407, 'seen_count': 2, 'channels': [], 'avg_rssi': None}, '96:c4:6f:e2:bf:66': {'first_seen': 1778946447.881409, 'last_seen': 1778946447.882549, 'seen_count': 2, 'channels': [], 'avg_rssi': None}, '40:81:d1:af:bb:6d': {'first_seen': 1778946448.19845, 'last_seen': 1778946448.199567, 'seen_count': 2, 'channels': [], 'avg_rssi': None}, 'a1:e0:68:e8:d0:b7': {'first_seen': 1778946448.512828, 'last_seen': 1778946448.513963, 'seen_count': 2, 'channels': [], 'avg_rssi': None}, '66:28:03:1c:bd:53': {'first_seen': 1778946448.821958, 'last_seen': 1778946448.82298, 'seen_count': 2, 'channels': [], 'avg_rssi': None}, 'e6:65:14:b4:3c:a3': {'first_seen': 1778946449.134667, 'last_seen': 1778946449.135886, 'seen_count': 2, 'channels': [], 'avg_rssi': None}, '67:12:a4:88:6c:69': {'first_seen': 1778946449.445671, 'last_seen': 1778946449.446662, 'seen_count': 2, 'channels': [], 'avg_rssi': None}, '7b:15:8e:d0:ea:5d': {'first_seen': 1778946449.755606, 'last_seen': 1778946449.756526, 'seen_count': 2, 'channels': [], 'avg_rssi': None}, '5e:2d:14:43:09:60': {'first_seen': 1778946450.070398, 'last_seen': 1778946450.071297, 'seen_count': 2, 'channels': [], 'avg_rssi': None}, 'd0:0d:76:75:05:21': {'first_seen': 1778946450.394667, 'last_seen': 1778946450.395802, 'seen_count': 2, 'channels': [], 'avg_rssi': None}, '7d:69:45:ca:bc:72': {'first_seen': 1778946450.706835, 'last_seen': 1778946450.707696, 'seen_count': 2, 'channels': [], 'avg_rssi': None}, '35:cd:75:0c:42:10': {'first_seen': 1778946451.015094, 'last_seen': 1778946451.016212, 'seen_count': 2, 'channels': [], 'avg_rssi': None}, '03:39:b1:cd:63:74': {'first_seen': 1778946451.327679, 'last_seen': 1778946451.328611, 'seen_count': 2, 'channels': [], 'avg_rssi': None}, 'ba:55:0c:c6:08:cd': {'first_seen': 1778946451.644088, 'last_seen': 1778946451.645, 'seen_count': 2, 'channels': [], 'avg_rssi': None}, '37:d2:31:64:20:d0': {'first_seen': 1778946451.952561, 'last_seen': 1778946451.953758, 'seen_count': 2, 'channels': [], 'avg_rssi': None}, '03:44:f2:66:a7:5d': {'first_seen': 1778946452.26516, 'last_seen': 1778946452.266026, 'seen_count': 2, 'channels': [], 'avg_rssi': None}, 'fc:62:62:6d:11:c3': {'first_seen': 1778946452.576321, 'last_seen': 1778946452.577302, 'seen_count': 2, 'channels': [], 'avg_rssi': None}, '5b:b0:24:55:13:47': {'first_seen': 1778946452.889553, 'last_seen': 1778946452.890691, 'seen_count': 2, 'channels': [], 'avg_rssi': None}, '84:09:a7:ab:d1:1b': {'first_seen': 1778946453.209049, 'last_seen': 1778946453.210217, 'seen_count': 2, 'channels': [], 'avg_rssi': None}, '9a:16:26:f6:cc:07': {'first_seen': 1778946453.527044, 'last_seen': 1778946453.528091, 'seen_count': 2, 'channels': [], 'avg_rssi': None}, '22:8a:f9:22:8a:d6': {'first_seen': 1778946453.836038, 'last_seen': 1778946453.836855, 'seen_count': 2, 'channels': [], 'avg_rssi': None}, '42:f9:85:b6:a6:04': {'first_seen': 1778946454.144982, 'last_seen': 1778946454.146132, 'seen_count': 2, 'channels': [], 'avg_rssi': None}, 'b3:33:78:ad:a2:41': {'first_seen': 1778946454.464976, 'last_seen': 1778946454.466014, 'seen_count': 2, 'channels': [], 'avg_rssi': None}, '9f:95:72:5b:33:47': {'first_seen': 1778946454.780844, 'last_seen': 1778946454.783412, 'seen_count': 2, 'channels': [], 'avg_rssi': None}, '0d:e7:c6:c8:35:35': {'first_seen': 1778946455.094198, 'last_seen': 1778946455.094198, 'seen_count': 1, 'channels': [], 'avg_rssi': None}}}
!!!!!!!!!!!!!!!!!!!!!!!!!!!!!!!!!!!!!!!!!!!!!!!!!!!!!!!!!!!!!!!!!!!!!!!!!!!!!!!!


!!!!!!!!!!!!!!!!!!!!!!!!!!!!!!!!!!!!!!!!!!!!!!!!!!!!!!!!!!!!!!!!!!!!!!!!!!!!!!!!
[ALERT] ALERT-000038 | BEACON_FLOOD
severity: CRITICAL
time: 2026-05-16T15:47:35.095296
message: Wykryto możliwy atak Beacon Flood: 2004 ramek beacon, 960 unikalnych BSSID, 31 unikalnych SSID w oknie 10s.
evidence: {'beacon_count': 2004, 'unique_bssid_count': 960, 'unique_ssid_count': 31, 'window_seconds': 10, 'beacon_count_threshold': 200, 'unique_bssid_threshold': 60, 'unique_ssid_threshold': 40, 'triggered_reasons': ['high_beacon_rate', 'many_unique_bssids'], 'sample_ssids': ['TestNet_017', 'TestNet_011', 'TestNet_012', 'FunBox2-8124', 'TestNet_001', 'TestNet_023', 'TestNet_006', 'TestNet_003', 'TestNet_008', 'TestNet_021'], 'sample_bssids': ['22:31:d0:2c:c3:d0', 'ef:54:00:55:3d:d5', '7b:15:8e:d0:ea:5d', 'c7:5d:ca:9b:af:33', '22:19:62:ca:fa:d5', '01:0b:44:95:af:ee', '34:38:64:b6:35:b1', '23:f1:d7:18:cd:a3', 'b2:9a:95:0c:6c:18', 'e2:00:79:9b:bc:55']}
!!!!!!!!!!!!!!!!!!!!!!!!!!!!!!!!!!!!!!!!!!!!!!!!!!!!!!!!!!!!!!!!!!!!!!!!!!!!!!!!


!!!!!!!!!!!!!!!!!!!!!!!!!!!!!!!!!!!!!!!!!!!!!!!!!!!!!!!!!!!!!!!!!!!!!!!!!!!!!!!!
[ALERT] ALERT-000039 | POTENTIAL_EVIL_TWIN
severity: LOW
time: 2026-05-16T15:47:35.104291
message: Wykryto potencjalny Evil Twin / Rogue AP dla SSID 'TestNet_005'. Zaobserwowano 99 różnych BSSID oraz podejrzane różnice parametrów sieci.
evidence: {'ssid': 'TestNet_005', 'bssid_count': 99, 'bssids': ['32:a5:7f:71:6b:2d', '39:f1:91:22:34:c4', 'ba:ac:e3:99:0f:ad', '9e:3c:13:0d:5c:f9', 'b9:c4:86:95:03:72', '96:74:06:b3:09:e4', '70:01:3e:8f:df:44', '74:4e:c6:b2:48:48', 'd4:fe:35:ff:98:8a', 'c1:21:e1:33:dd:cf', '7e:33:cd:40:21:1e', 'e5:6b:c6:a2:7e:a9', 'cc:28:73:b3:7e:0c', '86:3a:7e:f1:b9:84', '34:8c:3a:d8:7a:8a', 'f4:7f:53:03:e0:a0', '87:0a:3a:4f:b2:a6', 'ef:1b:09:1e:cf:e7', '8c:5a:6d:f4:1d:4a', '73:fc:e9:7a:73:5a', 'a9:62:ad:23:c1:e5', '56:06:bb:b9:2b:06', 'f4:11:18:0d:9c:da', 'ea:02:c7:0d:e6:7e', '5e:43:2d:d8:4d:9a', 'd3:4e:8e:f8:86:03', 'e4:84:f2:a3:4d:50', '97:ef:64:bc:ad:0e', 'c6:b7:a3:3a:f5:ef', '2e:a7:d4:76:50:68', 'e2:fa:bc:b1:5a:82', '4f:6c:ea:75:d9:49', '2e:cb:fb:56:0c:d1', 'be:11:61:95:d9:89', '4f:fa:26:ff:b6:28', '3b:42:83:d0:59:fc', '5c:36:4c:25:59:de', 'd7:e5:f0:21:9d:28', '44:f6:f1:66:df:ad', '5f:3a:46:2b:9c:7d', 'a5:c6:b9:2e:0b:7f', '0f:b3:38:34:a3:b8', 'fa:46:e6:f3:c0:eb', '32:95:12:f1:80:73', '84:a6:b5:57:e3:2a', 'd9:cb:02:51:04:a3', '11:6d:0c:cf:18:89', 'd4:69:c1:b6:05:72', 'da:b1:9e:b1:f4:21', '03:fa:7a:00:49:61', '07:4c:ea:61:c7:2b', 'd7:cd:97:76:24:d7', 'cb:4a:d5:f4:4b:b0', '8d:0f:d5:8b:4a:23', 'ef:30:7d:07:92:a6', 'b3:0b:bd:63:34:47', '73:36:7a:39:74:de', '82:fb:e0:f0:30:3b', '34:08:71:4d:2e:fc', 'b7:2e:9e:8b:ae:3d', '7a:cf:1a:7a:7c:cf', 'b1:57:2f:72:54:0c', '7a:9a:20:81:6b:ac', '58:9f:89:0d:e1:f0', 'f6:e9:a6:2e:69:cd', '02:32:12:2b:91:85', '8a:80:e8:6a:88:ba', 'f4:8b:00:a8:33:4a', 'cd:92:e4:07:40:a9', '83:04:f5:dc:83:ec', 'a2:e0:79:d1:32:ba', 'bc:dc:a3:96:09:d3', '42:4e:07:5f:c4:4f', 'e4:35:93:77:43:48', '08:62:33:45:be:e6', 'e2:5b:cf:88:20:50', '6b:e3:95:f3:b4:f9', 'a5:dd:d8:d5:de:10', 'f1:6c:df:79:b5:10', 'd7:e1:51:50:27:82', '77:84:66:21:d2:48', 'c6:02:53:00:41:8a', '81:32:ba:76:9c:94', '3b:2a:d8:a5:1d:19', '39:2e:fa:47:96:50', '76:6e:8d:46:a3:e9', '66:26:ce:0f:c1:33', '2e:c5:49:ed:f7:16', 'bb:ad:8f:f1:45:3d', 'e8:4c:93:f5:c3:a5', 'c2:f8:73:f0:8a:59', '28:7f:bf:dc:50:9c', '56:75:63:2c:e9:16', 'f2:7c:2c:f8:eb:66', '70:6e:ec:63:77:40', '99:53:a5:b0:b6:f3', '18:5e:ee:da:e3:3f', 'dc:9e:78:3c:ec:7d', '35:6a:9f:4c:32:42'], 'triggered_reasons': ['same_ssid_multiple_bssid'], 'observations': {'32:a5:7f:71:6b:2d': {'first_seen': 1778946424.522952, 'last_seen': 1778946424.524088, 'seen_count': 2, 'channels': [], 'avg_rssi': None}, '39:f1:91:22:34:c4': {'first_seen': 1778946424.832184, 'last_seen': 1778946424.833363, 'seen_count': 2, 'channels': [], 'avg_rssi': None}, 'ba:ac:e3:99:0f:ad': {'first_seen': 1778946425.145953, 'last_seen': 1778946425.147002, 'seen_count': 2, 'channels': [], 'avg_rssi': None}, '9e:3c:13:0d:5c:f9': {'first_seen': 1778946425.454885, 'last_seen': 1778946425.455886, 'seen_count': 2, 'channels': [], 'avg_rssi': None}, 'b9:c4:86:95:03:72': {'first_seen': 1778946425.760404, 'last_seen': 1778946425.761529, 'seen_count': 2, 'channels': [], 'avg_rssi': None}, '96:74:06:b3:09:e4': {'first_seen': 1778946426.070679, 'last_seen': 1778946426.07167, 'seen_count': 2, 'channels': [], 'avg_rssi': None}, '70:01:3e:8f:df:44': {'first_seen': 1778946426.379165, 'last_seen': 1778946426.380067, 'seen_count': 2, 'channels': [], 'avg_rssi': None}, '74:4e:c6:b2:48:48': {'first_seen': 1778946426.687429, 'last_seen': 1778946426.688325, 'seen_count': 2, 'channels': [], 'avg_rssi': None}, 'd4:fe:35:ff:98:8a': {'first_seen': 1778946426.994128, 'last_seen': 1778946426.995852, 'seen_count': 2, 'channels': [], 'avg_rssi': None}, 'c1:21:e1:33:dd:cf': {'first_seen': 1778946427.307911, 'last_seen': 1778946427.308857, 'seen_count': 2, 'channels': [], 'avg_rssi': None}, '7e:33:cd:40:21:1e': {'first_seen': 1778946427.615911, 'last_seen': 1778946427.616999, 'seen_count': 2, 'channels': [], 'avg_rssi': None}, 'e5:6b:c6:a2:7e:a9': {'first_seen': 1778946427.924741, 'last_seen': 1778946427.925763, 'seen_count': 2, 'channels': [], 'avg_rssi': None}, 'cc:28:73:b3:7e:0c': {'first_seen': 1778946428.235281, 'last_seen': 1778946428.236163, 'seen_count': 2, 'channels': [], 'avg_rssi': None}, '86:3a:7e:f1:b9:84': {'first_seen': 1778946428.545991, 'last_seen': 1778946428.549296, 'seen_count': 2, 'channels': [], 'avg_rssi': None}, '34:8c:3a:d8:7a:8a': {'first_seen': 1778946428.854314, 'last_seen': 1778946428.856697, 'seen_count': 2, 'channels': [], 'avg_rssi': None}, 'f4:7f:53:03:e0:a0': {'first_seen': 1778946429.159445, 'last_seen': 1778946429.164328, 'seen_count': 2, 'channels': [], 'avg_rssi': None}, '87:0a:3a:4f:b2:a6': {'first_seen': 1778946429.471297, 'last_seen': 1778946429.472726, 'seen_count': 2, 'channels': [], 'avg_rssi': None}, 'ef:1b:09:1e:cf:e7': {'first_seen': 1778946429.7853, 'last_seen': 1778946429.786488, 'seen_count': 2, 'channels': [], 'avg_rssi': None}, '8c:5a:6d:f4:1d:4a': {'first_seen': 1778946430.095658, 'last_seen': 1778946430.09664, 'seen_count': 2, 'channels': [], 'avg_rssi': None}, '73:fc:e9:7a:73:5a': {'first_seen': 1778946430.40991, 'last_seen': 1778946430.411017, 'seen_count': 2, 'channels': [], 'avg_rssi': None}, 'a9:62:ad:23:c1:e5': {'first_seen': 1778946430.722381, 'last_seen': 1778946430.723294, 'seen_count': 2, 'channels': [], 'avg_rssi': None}, '56:06:bb:b9:2b:06': {'first_seen': 1778946431.033206, 'last_seen': 1778946431.03432, 'seen_count': 2, 'channels': [], 'avg_rssi': None}, 'f4:11:18:0d:9c:da': {'first_seen': 1778946431.347247, 'last_seen': 1778946431.348197, 'seen_count': 2, 'channels': [], 'avg_rssi': None}, 'ea:02:c7:0d:e6:7e': {'first_seen': 1778946431.655174, 'last_seen': 1778946431.65609, 'seen_count': 2, 'channels': [], 'avg_rssi': None}, '5e:43:2d:d8:4d:9a': {'first_seen': 1778946431.963056, 'last_seen': 1778946431.965229, 'seen_count': 2, 'channels': [], 'avg_rssi': None}, 'd3:4e:8e:f8:86:03': {'first_seen': 1778946432.2669, 'last_seen': 1778946432.26799, 'seen_count': 2, 'channels': [], 'avg_rssi': None}, 'e4:84:f2:a3:4d:50': {'first_seen': 1778946432.576961, 'last_seen': 1778946432.578005, 'seen_count': 2, 'channels': [], 'avg_rssi': None}, '97:ef:64:bc:ad:0e': {'first_seen': 1778946432.888794, 'last_seen': 1778946432.890031, 'seen_count': 2, 'channels': [], 'avg_rssi': None}, 'c6:b7:a3:3a:f5:ef': {'first_seen': 1778946433.196251, 'last_seen': 1778946433.197163, 'seen_count': 2, 'channels': [], 'avg_rssi': None}, '2e:a7:d4:76:50:68': {'first_seen': 1778946433.502654, 'last_seen': 1778946433.503813, 'seen_count': 2, 'channels': [], 'avg_rssi': None}, 'e2:fa:bc:b1:5a:82': {'first_seen': 1778946433.819076, 'last_seen': 1778946433.820572, 'seen_count': 2, 'channels': [], 'avg_rssi': None}, '4f:6c:ea:75:d9:49': {'first_seen': 1778946434.127288, 'last_seen': 1778946434.128479, 'seen_count': 2, 'channels': [], 'avg_rssi': None}, '2e:cb:fb:56:0c:d1': {'first_seen': 1778946434.432404, 'last_seen': 1778946434.433489, 'seen_count': 2, 'channels': [], 'avg_rssi': None}, 'be:11:61:95:d9:89': {'first_seen': 1778946434.745661, 'last_seen': 1778946434.747748, 'seen_count': 2, 'channels': [], 'avg_rssi': None}, '4f:fa:26:ff:b6:28': {'first_seen': 1778946435.062662, 'last_seen': 1778946435.063883, 'seen_count': 2, 'channels': [], 'avg_rssi': None}, '3b:42:83:d0:59:fc': {'first_seen': 1778946435.38118, 'last_seen': 1778946435.382151, 'seen_count': 2, 'channels': [], 'avg_rssi': None}, '5c:36:4c:25:59:de': {'first_seen': 1778946435.693237, 'last_seen': 1778946435.694425, 'seen_count': 2, 'channels': [], 'avg_rssi': None}, 'd7:e5:f0:21:9d:28': {'first_seen': 1778946436.000864, 'last_seen': 1778946436.001817, 'seen_count': 2, 'channels': [], 'avg_rssi': None}, '44:f6:f1:66:df:ad': {'first_seen': 1778946436.307968, 'last_seen': 1778946436.309073, 'seen_count': 2, 'channels': [], 'avg_rssi': None}, '5f:3a:46:2b:9c:7d': {'first_seen': 1778946436.621437, 'last_seen': 1778946436.622339, 'seen_count': 2, 'channels': [], 'avg_rssi': None}, 'a5:c6:b9:2e:0b:7f': {'first_seen': 1778946436.939656, 'last_seen': 1778946436.940614, 'seen_count': 2, 'channels': [], 'avg_rssi': None}, '0f:b3:38:34:a3:b8': {'first_seen': 1778946437.253331, 'last_seen': 1778946437.254249, 'seen_count': 2, 'channels': [], 'avg_rssi': None}, 'fa:46:e6:f3:c0:eb': {'first_seen': 1778946437.559615, 'last_seen': 1778946437.560887, 'seen_count': 2, 'channels': [], 'avg_rssi': None}, '32:95:12:f1:80:73': {'first_seen': 1778946437.8706, 'last_seen': 1778946437.871529, 'seen_count': 2, 'channels': [], 'avg_rssi': None}, '84:a6:b5:57:e3:2a': {'first_seen': 1778946438.176725, 'last_seen': 1778946438.17767, 'seen_count': 2, 'channels': [], 'avg_rssi': None}, 'd9:cb:02:51:04:a3': {'first_seen': 1778946438.493013, 'last_seen': 1778946438.493938, 'seen_count': 2, 'channels': [], 'avg_rssi': None}, '11:6d:0c:cf:18:89': {'first_seen': 1778946438.808601, 'last_seen': 1778946438.809578, 'seen_count': 2, 'channels': [], 'avg_rssi': None}, 'd4:69:c1:b6:05:72': {'first_seen': 1778946439.116959, 'last_seen': 1778946439.117844, 'seen_count': 2, 'channels': [], 'avg_rssi': None}, 'da:b1:9e:b1:f4:21': {'first_seen': 1778946439.429252, 'last_seen': 1778946439.430124, 'seen_count': 2, 'channels': [], 'avg_rssi': None}, '03:fa:7a:00:49:61': {'first_seen': 1778946439.740129, 'last_seen': 1778946439.741252, 'seen_count': 2, 'channels': [], 'avg_rssi': None}, '07:4c:ea:61:c7:2b': {'first_seen': 1778946440.061304, 'last_seen': 1778946440.06252, 'seen_count': 2, 'channels': [], 'avg_rssi': None}, 'd7:cd:97:76:24:d7': {'first_seen': 1778946440.37491, 'last_seen': 1778946440.37591, 'seen_count': 2, 'channels': [], 'avg_rssi': None}, 'cb:4a:d5:f4:4b:b0': {'first_seen': 1778946440.688756, 'last_seen': 1778946440.689927, 'seen_count': 2, 'channels': [], 'avg_rssi': None}, '8d:0f:d5:8b:4a:23': {'first_seen': 1778946440.994982, 'last_seen': 1778946440.996192, 'seen_count': 2, 'channels': [], 'avg_rssi': None}, 'ef:30:7d:07:92:a6': {'first_seen': 1778946441.310665, 'last_seen': 1778946441.311604, 'seen_count': 2, 'channels': [], 'avg_rssi': None}, 'b3:0b:bd:63:34:47': {'first_seen': 1778946441.623295, 'last_seen': 1778946441.624238, 'seen_count': 2, 'channels': [], 'avg_rssi': None}, '73:36:7a:39:74:de': {'first_seen': 1778946441.939413, 'last_seen': 1778946441.940616, 'seen_count': 2, 'channels': [], 'avg_rssi': None}, '82:fb:e0:f0:30:3b': {'first_seen': 1778946442.252792, 'last_seen': 1778946442.253762, 'seen_count': 2, 'channels': [], 'avg_rssi': None}, '34:08:71:4d:2e:fc': {'first_seen': 1778946442.566504, 'last_seen': 1778946442.567397, 'seen_count': 2, 'channels': [], 'avg_rssi': None}, 'b7:2e:9e:8b:ae:3d': {'first_seen': 1778946442.878724, 'last_seen': 1778946442.87993, 'seen_count': 2, 'channels': [], 'avg_rssi': None}, '7a:cf:1a:7a:7c:cf': {'first_seen': 1778946443.197017, 'last_seen': 1778946443.197931, 'seen_count': 2, 'channels': [], 'avg_rssi': None}, 'b1:57:2f:72:54:0c': {'first_seen': 1778946443.512268, 'last_seen': 1778946443.513196, 'seen_count': 2, 'channels': [], 'avg_rssi': None}, '7a:9a:20:81:6b:ac': {'first_seen': 1778946443.822091, 'last_seen': 1778946443.823211, 'seen_count': 2, 'channels': [], 'avg_rssi': None}, '58:9f:89:0d:e1:f0': {'first_seen': 1778946444.142966, 'last_seen': 1778946444.143856, 'seen_count': 2, 'channels': [], 'avg_rssi': None}, 'f6:e9:a6:2e:69:cd': {'first_seen': 1778946444.457009, 'last_seen': 1778946444.457997, 'seen_count': 2, 'channels': [], 'avg_rssi': None}, '02:32:12:2b:91:85': {'first_seen': 1778946444.771382, 'last_seen': 1778946444.772524, 'seen_count': 2, 'channels': [], 'avg_rssi': None}, '8a:80:e8:6a:88:ba': {'first_seen': 1778946445.081274, 'last_seen': 1778946445.082412, 'seen_count': 2, 'channels': [], 'avg_rssi': None}, 'f4:8b:00:a8:33:4a': {'first_seen': 1778946445.392094, 'last_seen': 1778946445.392919, 'seen_count': 2, 'channels': [], 'avg_rssi': None}, 'cd:92:e4:07:40:a9': {'first_seen': 1778946445.706661, 'last_seen': 1778946445.707565, 'seen_count': 2, 'channels': [], 'avg_rssi': None}, '83:04:f5:dc:83:ec': {'first_seen': 1778946446.017191, 'last_seen': 1778946446.018086, 'seen_count': 2, 'channels': [], 'avg_rssi': None}, 'a2:e0:79:d1:32:ba': {'first_seen': 1778946446.332061, 'last_seen': 1778946446.333221, 'seen_count': 2, 'channels': [], 'avg_rssi': None}, 'bc:dc:a3:96:09:d3': {'first_seen': 1778946446.640367, 'last_seen': 1778946446.641485, 'seen_count': 2, 'channels': [], 'avg_rssi': None}, '42:4e:07:5f:c4:4f': {'first_seen': 1778946446.951187, 'last_seen': 1778946446.952125, 'seen_count': 2, 'channels': [], 'avg_rssi': None}, 'e4:35:93:77:43:48': {'first_seen': 1778946447.265629, 'last_seen': 1778946447.266525, 'seen_count': 2, 'channels': [], 'avg_rssi': None}, '08:62:33:45:be:e6': {'first_seen': 1778946447.578542, 'last_seen': 1778946447.579666, 'seen_count': 2, 'channels': [], 'avg_rssi': None}, 'e2:5b:cf:88:20:50': {'first_seen': 1778946447.891506, 'last_seen': 1778946447.892424, 'seen_count': 2, 'channels': [], 'avg_rssi': None}, '6b:e3:95:f3:b4:f9': {'first_seen': 1778946448.20855, 'last_seen': 1778946448.209567, 'seen_count': 2, 'channels': [], 'avg_rssi': None}, 'a5:dd:d8:d5:de:10': {'first_seen': 1778946448.52626, 'last_seen': 1778946448.527458, 'seen_count': 2, 'channels': [], 'avg_rssi': None}, 'f1:6c:df:79:b5:10': {'first_seen': 1778946448.832045, 'last_seen': 1778946448.833223, 'seen_count': 2, 'channels': [], 'avg_rssi': None}, 'd7:e1:51:50:27:82': {'first_seen': 1778946449.144769, 'last_seen': 1778946449.145739, 'seen_count': 2, 'channels': [], 'avg_rssi': None}, '77:84:66:21:d2:48': {'first_seen': 1778946449.455764, 'last_seen': 1778946449.456629, 'seen_count': 2, 'channels': [], 'avg_rssi': None}, 'c6:02:53:00:41:8a': {'first_seen': 1778946449.76571, 'last_seen': 1778946449.766691, 'seen_count': 2, 'channels': [], 'avg_rssi': None}, '81:32:ba:76:9c:94': {'first_seen': 1778946450.080491, 'last_seen': 1778946450.081413, 'seen_count': 2, 'channels': [], 'avg_rssi': None}, '3b:2a:d8:a5:1d:19': {'first_seen': 1778946450.40476, 'last_seen': 1778946450.405678, 'seen_count': 2, 'channels': [], 'avg_rssi': None}, '39:2e:fa:47:96:50': {'first_seen': 1778946450.716963, 'last_seen': 1778946450.718206, 'seen_count': 2, 'channels': [], 'avg_rssi': None}, '76:6e:8d:46:a3:e9': {'first_seen': 1778946451.025195, 'last_seen': 1778946451.026088, 'seen_count': 2, 'channels': [], 'avg_rssi': None}, '66:26:ce:0f:c1:33': {'first_seen': 1778946451.337805, 'last_seen': 1778946451.338738, 'seen_count': 2, 'channels': [], 'avg_rssi': None}, '2e:c5:49:ed:f7:16': {'first_seen': 1778946451.654186, 'last_seen': 1778946451.655118, 'seen_count': 2, 'channels': [], 'avg_rssi': None}, 'bb:ad:8f:f1:45:3d': {'first_seen': 1778946451.964573, 'last_seen': 1778946451.965515, 'seen_count': 2, 'channels': [], 'avg_rssi': None}, 'e8:4c:93:f5:c3:a5': {'first_seen': 1778946452.27526, 'last_seen': 1778946452.276403, 'seen_count': 2, 'channels': [], 'avg_rssi': None}, 'c2:f8:73:f0:8a:59': {'first_seen': 1778946452.586407, 'last_seen': 1778946452.58742, 'seen_count': 2, 'channels': [], 'avg_rssi': None}, '28:7f:bf:dc:50:9c': {'first_seen': 1778946452.899654, 'last_seen': 1778946452.900558, 'seen_count': 2, 'channels': [], 'avg_rssi': None}, '56:75:63:2c:e9:16': {'first_seen': 1778946453.220964, 'last_seen': 1778946453.222097, 'seen_count': 2, 'channels': [], 'avg_rssi': None}, 'f2:7c:2c:f8:eb:66': {'first_seen': 1778946453.537136, 'last_seen': 1778946453.538217, 'seen_count': 2, 'channels': [], 'avg_rssi': None}, '70:6e:ec:63:77:40': {'first_seen': 1778946453.846148, 'last_seen': 1778946453.847233, 'seen_count': 2, 'channels': [], 'avg_rssi': None}, '99:53:a5:b0:b6:f3': {'first_seen': 1778946454.157543, 'last_seen': 1778946454.158749, 'seen_count': 2, 'channels': [], 'avg_rssi': None}, '18:5e:ee:da:e3:3f': {'first_seen': 1778946454.475085, 'last_seen': 1778946454.476265, 'seen_count': 2, 'channels': [], 'avg_rssi': None}, 'dc:9e:78:3c:ec:7d': {'first_seen': 1778946454.79094, 'last_seen': 1778946454.792155, 'seen_count': 2, 'channels': [], 'avg_rssi': None}, '35:6a:9f:4c:32:42': {'first_seen': 1778946455.104291, 'last_seen': 1778946455.104291, 'seen_count': 1, 'channels': [], 'avg_rssi': None}}}
!!!!!!!!!!!!!!!!!!!!!!!!!!!!!!!!!!!!!!!!!!!!!!!!!!!!!!!!!!!!!!!!!!!!!!!!!!!!!!!!


!!!!!!!!!!!!!!!!!!!!!!!!!!!!!!!!!!!!!!!!!!!!!!!!!!!!!!!!!!!!!!!!!!!!!!!!!!!!!!!!
[ALERT] ALERT-000040 | POTENTIAL_EVIL_TWIN
severity: LOW
time: 2026-05-16T15:47:35.114387
message: Wykryto potencjalny Evil Twin / Rogue AP dla SSID 'TestNet_006'. Zaobserwowano 99 różnych BSSID oraz podejrzane różnice parametrów sieci.
evidence: {'ssid': 'TestNet_006', 'bssid_count': 99, 'bssids': ['98:6e:33:60:99:de', '42:e2:ad:06:ea:4b', '2b:9d:cd:a3:2c:90', 'fe:52:54:c5:cb:fc', 'a4:17:2c:3b:e2:00', '00:07:f4:d7:b4:c6', '9a:cd:d8:ed:8a:f3', 'c6:a9:09:95:5e:14', '9f:1d:a5:f8:5c:e4', 'a7:ef:f9:07:4b:55', 'c9:b1:b5:ac:c7:d3', 'e6:e2:41:1f:41:2e', 'df:3a:6a:e6:c0:9f', 'bc:05:20:6e:90:d8', 'c2:84:52:66:65:0e', 'a2:47:54:44:75:64', '59:51:34:c4:ed:2f', '95:66:82:b6:f1:95', '82:bc:b1:29:ff:03', 'da:ed:a6:29:6d:bd', 'e2:f6:bb:18:3b:cc', '2a:f6:2e:36:d4:66', '1c:0c:2d:78:c6:0c', 'cb:07:1a:d7:9e:06', '01:0c:3d:63:f8:e6', '0e:3b:f7:c2:c1:b2', 'f7:9a:c2:a1:ed:0e', 'e9:9b:7e:1f:a3:f4', 'f9:0b:ee:f9:61:2f', '28:37:1b:82:7e:25', 'd0:05:7b:29:20:c2', '5d:db:2b:43:37:f4', '29:88:e1:47:1e:3c', '98:78:b6:78:f3:53', '29:e7:bd:c3:43:ab', 'ea:c5:93:bd:42:92', '0b:73:79:22:70:27', '4c:84:e2:79:66:8a', '70:69:8f:ad:62:18', '0a:43:96:ef:0c:ed', '97:b7:cf:5b:52:f6', '35:cb:65:52:1b:a1', '79:94:f5:46:44:01', '39:17:c5:38:c3:7f', '7c:63:26:b1:aa:59', 'e1:af:50:6e:8f:c3', '8f:2f:af:60:e3:b2', 'e7:6b:b2:8b:80:90', 'ec:81:e7:c0:a7:d1', 'cc:44:6a:fd:52:3b', 'c4:b7:69:24:96:43', 'ff:3a:35:2c:05:99', '59:2d:5e:fe:72:a8', '6c:15:f2:17:4f:6b', '74:53:85:b3:ad:f2', '29:59:29:9b:5d:7c', '84:9b:fc:96:1c:28', 'b8:ac:ff:b8:bc:a1', '5e:ea:50:65:b5:1b', '7b:ae:47:54:55:8e', '2c:37:c4:7d:2c:cc', 'b8:53:11:47:ea:a5', '3c:97:af:5b:ce:3b', 'ab:13:bc:c7:2b:8e', 'eb:50:a3:70:61:9b', 'c4:cc:f3:a5:47:1e', 'aa:2d:3b:6e:3a:98', 'f6:4b:fe:8b:54:12', 'aa:10:cf:53:d4:7a', 'ce:da:22:6b:5b:d1', '03:17:0b:97:81:a2', 'a4:60:15:a8:ba:98', '4a:9c:b8:51:66:b8', '51:a9:e4:04:98:c3', 'fa:43:02:a8:86:60', '0b:0a:b7:69:0c:c2', 'c2:fb:3a:ad:80:8a', '67:06:3e:10:b3:20', '83:97:b4:54:f2:09', 'e9:06:3e:bb:73:a0', 'f1:2a:2c:cd:bd:0f', '61:ae:1a:d5:23:89', 'cc:ba:03:8f:84:a4', '0d:85:51:a5:33:f7', 'c8:f9:c8:1c:3d:ed', 'b8:eb:ec:00:2e:38', '32:f3:9b:75:ea:11', 'b5:f9:97:e5:e4:2f', 'bc:bb:1c:ab:dd:35', '45:16:d5:6a:2c:fe', '34:38:64:b6:35:b1', '55:e5:78:48:50:6d', 'a5:2e:71:44:f7:37', '3e:53:17:65:f6:f5', 'fd:34:32:64:4a:0d', '2a:19:ee:8f:61:46', '2d:c3:f1:eb:d1:a7', '9e:c1:45:e0:41:50', '55:e8:cf:ac:48:4e'], 'triggered_reasons': ['same_ssid_multiple_bssid'], 'observations': {'98:6e:33:60:99:de': {'first_seen': 1778946424.533049, 'last_seen': 1778946424.534214, 'seen_count': 2, 'channels': [], 'avg_rssi': None}, '42:e2:ad:06:ea:4b': {'first_seen': 1778946424.842313, 'last_seen': 1778946424.843229, 'seen_count': 2, 'channels': [], 'avg_rssi': None}, '2b:9d:cd:a3:2c:90': {'first_seen': 1778946425.156078, 'last_seen': 1778946425.157254, 'seen_count': 2, 'channels': [], 'avg_rssi': None}, 'fe:52:54:c5:cb:fc': {'first_seen': 1778946425.464971, 'last_seen': 1778946425.465887, 'seen_count': 2, 'channels': [], 'avg_rssi': None}, 'a4:17:2c:3b:e2:00': {'first_seen': 1778946425.770735, 'last_seen': 1778946425.771654, 'seen_count': 2, 'channels': [], 'avg_rssi': None}, '00:07:f4:d7:b4:c6': {'first_seen': 1778946426.080775, 'last_seen': 1778946426.081667, 'seen_count': 2, 'channels': [], 'avg_rssi': None}, '9a:cd:d8:ed:8a:f3': {'first_seen': 1778946426.389292, 'last_seen': 1778946426.390317, 'seen_count': 2, 'channels': [], 'avg_rssi': None}, 'c6:a9:09:95:5e:14': {'first_seen': 1778946426.697545, 'last_seen': 1778946426.698457, 'seen_count': 2, 'channels': [], 'avg_rssi': None}, '9f:1d:a5:f8:5c:e4': {'first_seen': 1778946427.004261, 'last_seen': 1778946427.005103, 'seen_count': 2, 'channels': [], 'avg_rssi': None}, 'a7:ef:f9:07:4b:55': {'first_seen': 1778946427.31803, 'last_seen': 1778946427.320482, 'seen_count': 2, 'channels': [], 'avg_rssi': None}, 'c9:b1:b5:ac:c7:d3': {'first_seen': 1778946427.626049, 'last_seen': 1778946427.627872, 'seen_count': 2, 'channels': [], 'avg_rssi': None}, 'e6:e2:41:1f:41:2e': {'first_seen': 1778946427.934919, 'last_seen': 1778946427.93589, 'seen_count': 2, 'channels': [], 'avg_rssi': None}, 'df:3a:6a:e6:c0:9f': {'first_seen': 1778946428.246833, 'last_seen': 1778946428.248036, 'seen_count': 2, 'channels': [], 'avg_rssi': None}, 'bc:05:20:6e:90:d8': {'first_seen': 1778946428.556083, 'last_seen': 1778946428.559303, 'seen_count': 2, 'channels': [], 'avg_rssi': None}, 'c2:84:52:66:65:0e': {'first_seen': 1778946428.864862, 'last_seen': 1778946428.865831, 'seen_count': 2, 'channels': [], 'avg_rssi': None}, 'a2:47:54:44:75:64': {'first_seen': 1778946429.170678, 'last_seen': 1778946429.17158, 'seen_count': 2, 'channels': [], 'avg_rssi': None}, '59:51:34:c4:ed:2f': {'first_seen': 1778946429.481414, 'last_seen': 1778946429.482348, 'seen_count': 2, 'channels': [], 'avg_rssi': None}, '95:66:82:b6:f1:95': {'first_seen': 1778946429.795396, 'last_seen': 1778946429.796236, 'seen_count': 2, 'channels': [], 'avg_rssi': None}, '82:bc:b1:29:ff:03': {'first_seen': 1778946430.105756, 'last_seen': 1778946430.106663, 'seen_count': 2, 'channels': [], 'avg_rssi': None}, 'da:ed:a6:29:6d:bd': {'first_seen': 1778946430.420024, 'last_seen': 1778946430.421019, 'seen_count': 2, 'channels': [], 'avg_rssi': None}, 'e2:f6:bb:18:3b:cc': {'first_seen': 1778946430.732516, 'last_seen': 1778946430.733669, 'seen_count': 2, 'channels': [], 'avg_rssi': None}, '2a:f6:2e:36:d4:66': {'first_seen': 1778946431.046713, 'last_seen': 1778946431.047547, 'seen_count': 2, 'channels': [], 'avg_rssi': None}, '1c:0c:2d:78:c6:0c': {'first_seen': 1778946431.357373, 'last_seen': 1778946431.35845, 'seen_count': 2, 'channels': [], 'avg_rssi': None}, 'cb:07:1a:d7:9e:06': {'first_seen': 1778946431.665258, 'last_seen': 1778946431.666091, 'seen_count': 2, 'channels': [], 'avg_rssi': None}, '01:0c:3d:63:f8:e6': {'first_seen': 1778946431.97315, 'last_seen': 1778946431.974235, 'seen_count': 2, 'channels': [], 'avg_rssi': None}, '0e:3b:f7:c2:c1:b2': {'first_seen': 1778946432.277642, 'last_seen': 1778946432.278648, 'seen_count': 2, 'channels': [], 'avg_rssi': None}, 'f7:9a:c2:a1:ed:0e': {'first_seen': 1778946432.587079, 'last_seen': 1778946432.588006, 'seen_count': 2, 'channels': [], 'avg_rssi': None}, 'e9:9b:7e:1f:a3:f4': {'first_seen': 1778946432.899125, 'last_seen': 1778946432.900273, 'seen_count': 2, 'channels': [], 'avg_rssi': None}, 'f9:0b:ee:f9:61:2f': {'first_seen': 1778946433.206342, 'last_seen': 1778946433.207415, 'seen_count': 2, 'channels': [], 'avg_rssi': None}, '28:37:1b:82:7e:25': {'first_seen': 1778946433.512778, 'last_seen': 1778946433.513938, 'seen_count': 2, 'channels': [], 'avg_rssi': None}, 'd0:05:7b:29:20:c2': {'first_seen': 1778946433.829182, 'last_seen': 1778946433.830322, 'seen_count': 2, 'channels': [], 'avg_rssi': None}, '5d:db:2b:43:37:f4': {'first_seen': 1778946434.137427, 'last_seen': 1778946434.138347, 'seen_count': 2, 'channels': [], 'avg_rssi': None}, '29:88:e1:47:1e:3c': {'first_seen': 1778946434.442528, 'last_seen': 1778946434.443485, 'seen_count': 2, 'channels': [], 'avg_rssi': None}, '98:78:b6:78:f3:53': {'first_seen': 1778946434.755762, 'last_seen': 1778946434.756871, 'seen_count': 2, 'channels': [], 'avg_rssi': None}, '29:e7:bd:c3:43:ab': {'first_seen': 1778946435.072733, 'last_seen': 1778946435.073886, 'seen_count': 2, 'channels': [], 'avg_rssi': None}, 'ea:c5:93:bd:42:92': {'first_seen': 1778946435.391287, 'last_seen': 1778946435.392149, 'seen_count': 2, 'channels': [], 'avg_rssi': None}, '0b:73:79:22:70:27': {'first_seen': 1778946435.703339, 'last_seen': 1778946435.704543, 'seen_count': 2, 'channels': [], 'avg_rssi': None}, '4c:84:e2:79:66:8a': {'first_seen': 1778946436.010955, 'last_seen': 1778946436.012059, 'seen_count': 2, 'channels': [], 'avg_rssi': None}, '70:69:8f:ad:62:18': {'first_seen': 1778946436.318076, 'last_seen': 1778946436.319199, 'seen_count': 2, 'channels': [], 'avg_rssi': None}, '0a:43:96:ef:0c:ed': {'first_seen': 1778946436.631537, 'last_seen': 1778946436.632468, 'seen_count': 2, 'channels': [], 'avg_rssi': None}, '97:b7:cf:5b:52:f6': {'first_seen': 1778946436.949755, 'last_seen': 1778946436.950856, 'seen_count': 2, 'channels': [], 'avg_rssi': None}, '35:cb:65:52:1b:a1': {'first_seen': 1778946437.263453, 'last_seen': 1778946437.264372, 'seen_count': 2, 'channels': [], 'avg_rssi': None}, '79:94:f5:46:44:01': {'first_seen': 1778946437.569863, 'last_seen': 1778946437.571014, 'seen_count': 2, 'channels': [], 'avg_rssi': None}, '39:17:c5:38:c3:7f': {'first_seen': 1778946437.880695, 'last_seen': 1778946437.881781, 'seen_count': 2, 'channels': [], 'avg_rssi': None}, '7c:63:26:b1:aa:59': {'first_seen': 1778946438.189314, 'last_seen': 1778946438.190178, 'seen_count': 2, 'channels': [], 'avg_rssi': None}, 'e1:af:50:6e:8f:c3': {'first_seen': 1778946438.503288, 'last_seen': 1778946438.504437, 'seen_count': 2, 'channels': [], 'avg_rssi': None}, '8f:2f:af:60:e3:b2': {'first_seen': 1778946438.818674, 'last_seen': 1778946438.819578, 'seen_count': 2, 'channels': [], 'avg_rssi': None}, 'e7:6b:b2:8b:80:90': {'first_seen': 1778946439.127049, 'last_seen': 1778946439.128224, 'seen_count': 2, 'channels': [], 'avg_rssi': None}, 'ec:81:e7:c0:a7:d1': {'first_seen': 1778946439.442677, 'last_seen': 1778946439.443752, 'seen_count': 2, 'channels': [], 'avg_rssi': None}, 'cc:44:6a:fd:52:3b': {'first_seen': 1778946439.75025, 'last_seen': 1778946439.751135, 'seen_count': 2, 'channels': [], 'avg_rssi': None}, 'c4:b7:69:24:96:43': {'first_seen': 1778946440.071398, 'last_seen': 1778946440.072409, 'seen_count': 2, 'channels': [], 'avg_rssi': None}, 'ff:3a:35:2c:05:99': {'first_seen': 1778946440.38541, 'last_seen': 1778946440.386537, 'seen_count': 2, 'channels': [], 'avg_rssi': None}, '59:2d:5e:fe:72:a8': {'first_seen': 1778946440.69885, 'last_seen': 1778946440.699677, 'seen_count': 2, 'channels': [], 'avg_rssi': None}, '6c:15:f2:17:4f:6b': {'first_seen': 1778946441.005138, 'last_seen': 1778946441.00633, 'seen_count': 2, 'channels': [], 'avg_rssi': None}, '74:53:85:b3:ad:f2': {'first_seen': 1778946441.322725, 'last_seen': 1778946441.325083, 'seen_count': 2, 'channels': [], 'avg_rssi': None}, '29:59:29:9b:5d:7c': {'first_seen': 1778946441.6334, 'last_seen': 1778946441.634612, 'seen_count': 2, 'channels': [], 'avg_rssi': None}, '84:9b:fc:96:1c:28': {'first_seen': 1778946441.949514, 'last_seen': 1778946441.950749, 'seen_count': 2, 'channels': [], 'avg_rssi': None}, 'b8:ac:ff:b8:bc:a1': {'first_seen': 1778946442.266437, 'last_seen': 1778946442.267394, 'seen_count': 2, 'channels': [], 'avg_rssi': None}, '5e:ea:50:65:b5:1b': {'first_seen': 1778946442.576596, 'last_seen': 1778946442.578521, 'seen_count': 2, 'channels': [], 'avg_rssi': None}, '7b:ae:47:54:55:8e': {'first_seen': 1778946442.888832, 'last_seen': 1778946442.889664, 'seen_count': 2, 'channels': [], 'avg_rssi': None}, '2c:37:c4:7d:2c:cc': {'first_seen': 1778946443.207112, 'last_seen': 1778946443.208182, 'seen_count': 2, 'channels': [], 'avg_rssi': None}, 'b8:53:11:47:ea:a5': {'first_seen': 1778946443.522378, 'last_seen': 1778946443.523576, 'seen_count': 2, 'channels': [], 'avg_rssi': None}, '3c:97:af:5b:ce:3b': {'first_seen': 1778946443.832182, 'last_seen': 1778946443.833712, 'seen_count': 2, 'channels': [], 'avg_rssi': None}, 'ab:13:bc:c7:2b:8e': {'first_seen': 1778946444.153062, 'last_seen': 1778946444.154231, 'seen_count': 2, 'channels': [], 'avg_rssi': None}, 'eb:50:a3:70:61:9b': {'first_seen': 1778946444.467103, 'last_seen': 1778946444.468247, 'seen_count': 2, 'channels': [], 'avg_rssi': None}, 'c4:cc:f3:a5:47:1e': {'first_seen': 1778946444.781484, 'last_seen': 1778946444.782685, 'seen_count': 2, 'channels': [], 'avg_rssi': None}, 'aa:2d:3b:6e:3a:98': {'first_seen': 1778946445.094716, 'last_seen': 1778946445.097532, 'seen_count': 2, 'channels': [], 'avg_rssi': None}, 'f6:4b:fe:8b:54:12': {'first_seen': 1778946445.40221, 'last_seen': 1778946445.403296, 'seen_count': 2, 'channels': [], 'avg_rssi': None}, 'aa:10:cf:53:d4:7a': {'first_seen': 1778946445.716715, 'last_seen': 1778946445.717937, 'seen_count': 2, 'channels': [], 'avg_rssi': None}, 'ce:da:22:6b:5b:d1': {'first_seen': 1778946446.029223, 'last_seen': 1778946446.030232, 'seen_count': 2, 'channels': [], 'avg_rssi': None}, '03:17:0b:97:81:a2': {'first_seen': 1778946446.342673, 'last_seen': 1778946446.343593, 'seen_count': 2, 'channels': [], 'avg_rssi': None}, 'a4:60:15:a8:ba:98': {'first_seen': 1778946446.65048, 'last_seen': 1778946446.651485, 'seen_count': 2, 'channels': [], 'avg_rssi': None}, '4a:9c:b8:51:66:b8': {'first_seen': 1778946446.961296, 'last_seen': 1778946446.962251, 'seen_count': 2, 'channels': [], 'avg_rssi': None}, '51:a9:e4:04:98:c3': {'first_seen': 1778946447.275755, 'last_seen': 1778946447.2769, 'seen_count': 2, 'channels': [], 'avg_rssi': None}, 'fa:43:02:a8:86:60': {'first_seen': 1778946447.588686, 'last_seen': 1778946447.589791, 'seen_count': 2, 'channels': [], 'avg_rssi': None}, '0b:0a:b7:69:0c:c2': {'first_seen': 1778946447.901599, 'last_seen': 1778946447.902672, 'seen_count': 2, 'channels': [], 'avg_rssi': None}, 'c2:fb:3a:ad:80:8a': {'first_seen': 1778946448.218677, 'last_seen': 1778946448.219941, 'seen_count': 2, 'channels': [], 'avg_rssi': None}, '67:06:3e:10:b3:20': {'first_seen': 1778946448.536359, 'last_seen': 1778946448.537351, 'seen_count': 2, 'channels': [], 'avg_rssi': None}, '83:97:b4:54:f2:09': {'first_seen': 1778946448.842163, 'last_seen': 1778946448.84335, 'seen_count': 2, 'channels': [], 'avg_rssi': None}, 'e9:06:3e:bb:73:a0': {'first_seen': 1778946449.154861, 'last_seen': 1778946449.155738, 'seen_count': 2, 'channels': [], 'avg_rssi': None}, 'f1:2a:2c:cd:bd:0f': {'first_seen': 1778946449.465867, 'last_seen': 1778946449.467005, 'seen_count': 2, 'channels': [], 'avg_rssi': None}, '61:ae:1a:d5:23:89': {'first_seen': 1778946449.777621, 'last_seen': 1778946449.778525, 'seen_count': 2, 'channels': [], 'avg_rssi': None}, 'cc:ba:03:8f:84:a4': {'first_seen': 1778946450.090607, 'last_seen': 1778946450.091799, 'seen_count': 2, 'channels': [], 'avg_rssi': None}, '0d:85:51:a5:33:f7': {'first_seen': 1778946450.414856, 'last_seen': 1778946450.41593, 'seen_count': 2, 'channels': [], 'avg_rssi': None}, 'c8:f9:c8:1c:3d:ed': {'first_seen': 1778946450.727056, 'last_seen': 1778946450.727958, 'seen_count': 2, 'channels': [], 'avg_rssi': None}, 'b8:eb:ec:00:2e:38': {'first_seen': 1778946451.03868, 'last_seen': 1778946451.039588, 'seen_count': 2, 'channels': [], 'avg_rssi': None}, '32:f3:9b:75:ea:11': {'first_seen': 1778946451.347916, 'last_seen': 1778946451.34886, 'seen_count': 2, 'channels': [], 'avg_rssi': None}, 'b5:f9:97:e5:e4:2f': {'first_seen': 1778946451.664275, 'last_seen': 1778946451.665497, 'seen_count': 2, 'channels': [], 'avg_rssi': None}, 'bc:bb:1c:ab:dd:35': {'first_seen': 1778946451.974751, 'last_seen': 1778946451.975765, 'seen_count': 2, 'channels': [], 'avg_rssi': None}, '45:16:d5:6a:2c:fe': {'first_seen': 1778946452.285366, 'last_seen': 1778946452.286278, 'seen_count': 2, 'channels': [], 'avg_rssi': None}, '34:38:64:b6:35:b1': {'first_seen': 1778946452.596825, 'last_seen': 1778946452.598045, 'seen_count': 2, 'channels': [], 'avg_rssi': None}, '55:e5:78:48:50:6d': {'first_seen': 1778946452.909775, 'last_seen': 1778946452.910941, 'seen_count': 2, 'channels': [], 'avg_rssi': None}, 'a5:2e:71:44:f7:37': {'first_seen': 1778946453.231061, 'last_seen': 1778946453.232212, 'seen_count': 2, 'channels': [], 'avg_rssi': None}, '3e:53:17:65:f6:f5': {'first_seen': 1778946453.547233, 'last_seen': 1778946453.548093, 'seen_count': 2, 'channels': [], 'avg_rssi': None}, 'fd:34:32:64:4a:0d': {'first_seen': 1778946453.856248, 'last_seen': 1778946453.857108, 'seen_count': 2, 'channels': [], 'avg_rssi': None}, '2a:19:ee:8f:61:46': {'first_seen': 1778946454.167658, 'last_seen': 1778946454.168633, 'seen_count': 2, 'channels': [], 'avg_rssi': None}, '2d:c3:f1:eb:d1:a7': {'first_seen': 1778946454.485213, 'last_seen': 1778946454.486273, 'seen_count': 2, 'channels': [], 'avg_rssi': None}, '9e:c1:45:e0:41:50': {'first_seen': 1778946454.801033, 'last_seen': 1778946454.802155, 'seen_count': 2, 'channels': [], 'avg_rssi': None}, '55:e8:cf:ac:48:4e': {'first_seen': 1778946455.114387, 'last_seen': 1778946455.114387, 'seen_count': 1, 'channels': [], 'avg_rssi': None}}}
!!!!!!!!!!!!!!!!!!!!!!!!!!!!!!!!!!!!!!!!!!!!!!!!!!!!!!!!!!!!!!!!!!!!!!!!!!!!!!!!


!!!!!!!!!!!!!!!!!!!!!!!!!!!!!!!!!!!!!!!!!!!!!!!!!!!!!!!!!!!!!!!!!!!!!!!!!!!!!!!!
[ALERT] ALERT-000041 | POTENTIAL_EVIL_TWIN
severity: LOW
time: 2026-05-16T15:47:35.124483
message: Wykryto potencjalny Evil Twin / Rogue AP dla SSID 'TestNet_007'. Zaobserwowano 99 różnych BSSID oraz podejrzane różnice parametrów sieci.
evidence: {'ssid': 'TestNet_007', 'bssid_count': 99, 'bssids': ['19:b5:b8:95:d0:98', '10:52:03:e0:fc:ac', 'd8:ab:3f:4a:70:2f', '4d:22:93:61:db:ad', '1d:b7:9d:50:10:40', '5f:5e:e1:d4:a1:cc', '3f:a8:3d:68:ab:fe', '51:e2:58:df:7b:90', '92:97:3a:cb:67:d1', '4c:76:a8:05:95:3b', '1a:4a:d2:a2:f3:ed', '90:77:15:a2:92:de', '49:1c:aa:a8:10:bf', 'f1:1b:41:9c:cf:75', '03:a8:35:1b:2e:b1', 'a5:4b:8d:4c:3d:88', '19:b5:67:3f:df:3e', '8f:fb:19:66:10:31', '94:31:0a:cc:14:90', 'f1:1e:62:f1:19:15', 'a5:ff:12:4f:5e:8d', 'b2:5b:2b:71:38:7f', '45:62:ef:c8:59:64', 'f9:11:c9:5c:3c:6d', '8e:37:1a:8b:11:a1', 'c3:2f:5d:88:2a:c5', 'fe:ef:ac:e2:1b:6b', '91:f1:7d:47:ec:12', 'c7:7d:00:41:12:bb', '5b:81:46:2b:78:01', '59:2c:bd:42:b5:bf', '18:72:00:0f:f6:6e', '32:ff:a4:80:b9:33', '89:20:a9:58:69:6e', 'bb:c6:fb:a8:2c:b4', '14:9b:7e:ab:ee:b9', '07:52:ac:b4:d4:cf', '6d:08:eb:6f:78:0a', '69:c0:88:6e:92:9d', '29:00:2f:1a:cf:d0', '77:19:56:e1:2b:dd', 'cb:e2:59:6c:49:b0', '06:e6:62:22:c3:d0', 'c0:6b:52:b0:a0:6f', '70:5b:55:1d:24:ec', '18:f5:eb:73:6e:17', '7a:a7:89:d1:32:d7', 'c4:91:f9:11:76:97', '64:81:3e:a2:ca:f9', '34:79:62:a0:95:21', 'a9:b8:03:1b:24:59', 'a3:74:e2:19:c4:2e', '6c:36:69:d2:f8:56', '82:f5:a3:3c:e5:c5', '25:5d:8e:dc:e2:3c', '29:c3:27:bf:1d:7b', 'e6:af:74:21:78:e8', 'b5:12:c2:da:97:c3', '2f:73:8c:54:c7:87', 'dc:6e:ba:be:01:6a', 'c9:ce:93:3a:dc:e9', '4a:6a:9f:ae:a7:e1', '43:12:97:fa:15:92', '2f:64:e5:ff:08:c8', '3e:7b:58:f7:ef:72', '19:3c:8a:ee:27:32', '10:2f:69:a2:9a:b2', '17:48:60:b2:eb:08', 'ab:be:6e:69:05:0a', 'e8:f3:2f:f6:3f:28', 'b2:30:ec:f6:c4:4a', '33:47:10:73:28:2e', 'fa:d9:57:68:75:cf', '0e:90:a8:0f:b5:b1', '89:85:b8:1e:af:b5', '9c:82:80:e5:18:44', '31:e8:ec:2a:29:6d', 'ad:ec:ae:f7:8d:8e', '2e:c6:85:44:2d:ad', '7a:97:32:04:7d:98', '95:d6:32:54:3e:44', 'b8:b6:56:96:31:6c', 'ac:cd:0f:19:2b:3c', 'f9:62:6c:30:33:79', 'dc:47:65:67:c4:cf', '1f:55:de:01:8a:ab', 'df:85:14:ad:88:4d', '03:fb:df:42:b5:34', 'e2:eb:66:ed:22:38', '96:1a:2b:0f:1d:6f', 'e6:fa:5e:12:f7:c0', '92:67:cc:f7:c2:7c', 'f5:f8:c0:cc:7c:c9', '79:4b:14:ea:e6:2b', '9f:cf:9b:95:f1:25', 'f9:e3:da:eb:25:d3', '2a:37:87:91:eb:bb', 'a3:82:4f:c5:21:e4', '80:e9:bf:20:f6:a6'], 'triggered_reasons': ['same_ssid_multiple_bssid'], 'observations': {'19:b5:b8:95:d0:98': {'first_seen': 1778946424.543161, 'last_seen': 1778946424.54434, 'seen_count': 2, 'channels': [], 'avg_rssi': None}, '10:52:03:e0:fc:ac': {'first_seen': 1778946424.852407, 'last_seen': 1778946424.853237, 'seen_count': 2, 'channels': [], 'avg_rssi': None}, 'd8:ab:3f:4a:70:2f': {'first_seen': 1778946425.167326, 'last_seen': 1778946425.168247, 'seen_count': 2, 'channels': [], 'avg_rssi': None}, '4d:22:93:61:db:ad': {'first_seen': 1778946425.475084, 'last_seen': 1778946425.477136, 'seen_count': 2, 'channels': [], 'avg_rssi': None}, '1d:b7:9d:50:10:40': {'first_seen': 1778946425.780861, 'last_seen': 1778946425.784653, 'seen_count': 2, 'channels': [], 'avg_rssi': None}, '5f:5e:e1:d4:a1:cc': {'first_seen': 1778946426.090908, 'last_seen': 1778946426.092051, 'seen_count': 2, 'channels': [], 'avg_rssi': None}, '3f:a8:3d:68:ab:fe': {'first_seen': 1778946426.399397, 'last_seen': 1778946426.400814, 'seen_count': 2, 'channels': [], 'avg_rssi': None}, '51:e2:58:df:7b:90': {'first_seen': 1778946426.707639, 'last_seen': 1778946426.708701, 'seen_count': 2, 'channels': [], 'avg_rssi': None}, '92:97:3a:cb:67:d1': {'first_seen': 1778946427.014342, 'last_seen': 1778946427.015216, 'seen_count': 2, 'channels': [], 'avg_rssi': None}, '4c:76:a8:05:95:3b': {'first_seen': 1778946427.328125, 'last_seen': 1778946427.329234, 'seen_count': 2, 'channels': [], 'avg_rssi': None}, '1a:4a:d2:a2:f3:ed': {'first_seen': 1778946427.637919, 'last_seen': 1778946427.639002, 'seen_count': 2, 'channels': [], 'avg_rssi': None}, '90:77:15:a2:92:de': {'first_seen': 1778946427.945025, 'last_seen': 1778946427.946141, 'seen_count': 2, 'channels': [], 'avg_rssi': None}, '49:1c:aa:a8:10:bf': {'first_seen': 1778946428.256931, 'last_seen': 1778946428.258037, 'seen_count': 2, 'channels': [], 'avg_rssi': None}, 'f1:1b:41:9c:cf:75': {'first_seen': 1778946428.566216, 'last_seen': 1778946428.567179, 'seen_count': 2, 'channels': [], 'avg_rssi': None}, '03:a8:35:1b:2e:b1': {'first_seen': 1778946428.874959, 'last_seen': 1778946428.875938, 'seen_count': 2, 'channels': [], 'avg_rssi': None}, 'a5:4b:8d:4c:3d:88': {'first_seen': 1778946429.182825, 'last_seen': 1778946429.183705, 'seen_count': 2, 'channels': [], 'avg_rssi': None}, '19:b5:67:3f:df:3e': {'first_seen': 1778946429.491509, 'last_seen': 1778946429.492735, 'seen_count': 2, 'channels': [], 'avg_rssi': None}, '8f:fb:19:66:10:31': {'first_seen': 1778946429.805491, 'last_seen': 1778946429.806613, 'seen_count': 2, 'channels': [], 'avg_rssi': None}, '94:31:0a:cc:14:90': {'first_seen': 1778946430.115851, 'last_seen': 1778946430.116752, 'seen_count': 2, 'channels': [], 'avg_rssi': None}, 'f1:1e:62:f1:19:15': {'first_seen': 1778946430.430153, 'last_seen': 1778946430.431279, 'seen_count': 2, 'channels': [], 'avg_rssi': None}, 'a5:ff:12:4f:5e:8d': {'first_seen': 1778946430.742682, 'last_seen': 1778946430.743667, 'seen_count': 2, 'channels': [], 'avg_rssi': None}, 'b2:5b:2b:71:38:7f': {'first_seen': 1778946431.056806, 'last_seen': 1778946431.057675, 'seen_count': 2, 'channels': [], 'avg_rssi': None}, '45:62:ef:c8:59:64': {'first_seen': 1778946431.36749, 'last_seen': 1778946431.368452, 'seen_count': 2, 'channels': [], 'avg_rssi': None}, 'f9:11:c9:5c:3c:6d': {'first_seen': 1778946431.675382, 'last_seen': 1778946431.676459, 'seen_count': 2, 'channels': [], 'avg_rssi': None}, '8e:37:1a:8b:11:a1': {'first_seen': 1778946431.983313, 'last_seen': 1778946431.984474, 'seen_count': 2, 'channels': [], 'avg_rssi': None}, 'c3:2f:5d:88:2a:c5': {'first_seen': 1778946432.288251, 'last_seen': 1778946432.289118, 'seen_count': 2, 'channels': [], 'avg_rssi': None}, 'fe:ef:ac:e2:1b:6b': {'first_seen': 1778946432.597191, 'last_seen': 1778946432.598267, 'seen_count': 2, 'channels': [], 'avg_rssi': None}, '91:f1:7d:47:ec:12': {'first_seen': 1778946432.909248, 'last_seen': 1778946432.910148, 'seen_count': 2, 'channels': [], 'avg_rssi': None}, 'c7:7d:00:41:12:bb': {'first_seen': 1778946433.21646, 'last_seen': 1778946433.217663, 'seen_count': 2, 'channels': [], 'avg_rssi': None}, '5b:81:46:2b:78:01': {'first_seen': 1778946433.527804, 'last_seen': 1778946433.528809, 'seen_count': 2, 'channels': [], 'avg_rssi': None}, '59:2c:bd:42:b5:bf': {'first_seen': 1778946433.839306, 'last_seen': 1778946433.840457, 'seen_count': 2, 'channels': [], 'avg_rssi': None}, '18:72:00:0f:f6:6e': {'first_seen': 1778946434.147521, 'last_seen': 1778946434.148711, 'seen_count': 2, 'channels': [], 'avg_rssi': None}, '32:ff:a4:80:b9:33': {'first_seen': 1778946434.452633, 'last_seen': 1778946434.453854, 'seen_count': 2, 'channels': [], 'avg_rssi': None}, '89:20:a9:58:69:6e': {'first_seen': 1778946434.765863, 'last_seen': 1778946434.766743, 'seen_count': 2, 'channels': [], 'avg_rssi': None}, 'bb:c6:fb:a8:2c:b4': {'first_seen': 1778946435.082829, 'last_seen': 1778946435.083761, 'seen_count': 2, 'channels': [], 'avg_rssi': None}, '14:9b:7e:ab:ee:b9': {'first_seen': 1778946435.401418, 'last_seen': 1778946435.402403, 'seen_count': 2, 'channels': [], 'avg_rssi': None}, '07:52:ac:b4:d4:cf': {'first_seen': 1778946435.713433, 'last_seen': 1778946435.714544, 'seen_count': 2, 'channels': [], 'avg_rssi': None}, '6d:08:eb:6f:78:0a': {'first_seen': 1778946436.021051, 'last_seen': 1778946436.021935, 'seen_count': 2, 'channels': [], 'avg_rssi': None}, '69:c0:88:6e:92:9d': {'first_seen': 1778946436.328217, 'last_seen': 1778946436.329333, 'seen_count': 2, 'channels': [], 'avg_rssi': None}, '29:00:2f:1a:cf:d0': {'first_seen': 1778946436.641631, 'last_seen': 1778946436.64259, 'seen_count': 2, 'channels': [], 'avg_rssi': None}, '77:19:56:e1:2b:dd': {'first_seen': 1778946436.960883, 'last_seen': 1778946436.962003, 'seen_count': 2, 'channels': [], 'avg_rssi': None}, 'cb:e2:59:6c:49:b0': {'first_seen': 1778946437.273575, 'last_seen': 1778946437.274506, 'seen_count': 2, 'channels': [], 'avg_rssi': None}, '06:e6:62:22:c3:d0': {'first_seen': 1778946437.57996, 'last_seen': 1778946437.581143, 'seen_count': 2, 'channels': [], 'avg_rssi': None}, 'c0:6b:52:b0:a0:6f': {'first_seen': 1778946437.890814, 'last_seen': 1778946437.891781, 'seen_count': 2, 'channels': [], 'avg_rssi': None}, '70:5b:55:1d:24:ec': {'first_seen': 1778946438.199424, 'last_seen': 1778946438.200552, 'seen_count': 2, 'channels': [], 'avg_rssi': None}, '18:f5:eb:73:6e:17': {'first_seen': 1778946438.513427, 'last_seen': 1778946438.514573, 'seen_count': 2, 'channels': [], 'avg_rssi': None}, '7a:a7:89:d1:32:d7': {'first_seen': 1778946438.828779, 'last_seen': 1778946438.829731, 'seen_count': 2, 'channels': [], 'avg_rssi': None}, 'c4:91:f9:11:76:97': {'first_seen': 1778946439.137157, 'last_seen': 1778946439.138096, 'seen_count': 2, 'channels': [], 'avg_rssi': None}, '64:81:3e:a2:ca:f9': {'first_seen': 1778946439.45278, 'last_seen': 1778946439.453611, 'seen_count': 2, 'channels': [], 'avg_rssi': None}, '34:79:62:a0:95:21': {'first_seen': 1778946439.760368, 'last_seen': 1778946439.761509, 'seen_count': 2, 'channels': [], 'avg_rssi': None}, 'a9:b8:03:1b:24:59': {'first_seen': 1778946440.081754, 'last_seen': 1778946440.082664, 'seen_count': 2, 'channels': [], 'avg_rssi': None}, 'a3:74:e2:19:c4:2e': {'first_seen': 1778946440.395522, 'last_seen': 1778946440.396671, 'seen_count': 2, 'channels': [], 'avg_rssi': None}, '6c:36:69:d2:f8:56': {'first_seen': 1778946440.70896, 'last_seen': 1778946440.710054, 'seen_count': 2, 'channels': [], 'avg_rssi': None}, '82:f5:a3:3c:e5:c5': {'first_seen': 1778946441.015218, 'last_seen': 1778946441.01607, 'seen_count': 2, 'channels': [], 'avg_rssi': None}, '25:5d:8e:dc:e2:3c': {'first_seen': 1778946441.332816, 'last_seen': 1778946441.33396, 'seen_count': 2, 'channels': [], 'avg_rssi': None}, '29:c3:27:bf:1d:7b': {'first_seen': 1778946441.643885, 'last_seen': 1778946441.645101, 'seen_count': 2, 'channels': [], 'avg_rssi': None}, 'e6:af:74:21:78:e8': {'first_seen': 1778946441.959619, 'last_seen': 1778946441.960616, 'seen_count': 2, 'channels': [], 'avg_rssi': None}, 'b5:12:c2:da:97:c3': {'first_seen': 1778946442.276534, 'last_seen': 1778946442.277633, 'seen_count': 2, 'channels': [], 'avg_rssi': None}, '2f:73:8c:54:c7:87': {'first_seen': 1778946442.590685, 'last_seen': 1778946442.591898, 'seen_count': 2, 'channels': [], 'avg_rssi': None}, 'dc:6e:ba:be:01:6a': {'first_seen': 1778946442.898952, 'last_seen': 1778946442.899917, 'seen_count': 2, 'channels': [], 'avg_rssi': None}, 'c9:ce:93:3a:dc:e9': {'first_seen': 1778946443.217205, 'last_seen': 1778946443.218308, 'seen_count': 2, 'channels': [], 'avg_rssi': None}, '4a:6a:9f:ae:a7:e1': {'first_seen': 1778946443.532483, 'last_seen': 1778946443.533322, 'seen_count': 2, 'channels': [], 'avg_rssi': None}, '43:12:97:fa:15:92': {'first_seen': 1778946443.842276, 'last_seen': 1778946443.843212, 'seen_count': 2, 'channels': [], 'avg_rssi': None}, '2f:64:e5:ff:08:c8': {'first_seen': 1778946444.163169, 'last_seen': 1778946444.164106, 'seen_count': 2, 'channels': [], 'avg_rssi': None}, '3e:7b:58:f7:ef:72': {'first_seen': 1778946444.477232, 'last_seen': 1778946444.478258, 'seen_count': 2, 'channels': [], 'avg_rssi': None}, '19:3c:8a:ee:27:32': {'first_seen': 1778946444.791595, 'last_seen': 1778946444.792521, 'seen_count': 2, 'channels': [], 'avg_rssi': None}, '10:2f:69:a2:9a:b2': {'first_seen': 1778946445.104814, 'last_seen': 1778946445.105793, 'seen_count': 2, 'channels': [], 'avg_rssi': None}, '17:48:60:b2:eb:08': {'first_seen': 1778946445.412651, 'last_seen': 1778946445.413804, 'seen_count': 2, 'channels': [], 'avg_rssi': None}, 'ab:be:6e:69:05:0a': {'first_seen': 1778946445.729614, 'last_seen': 1778946445.730445, 'seen_count': 2, 'channels': [], 'avg_rssi': None}, 'e8:f3:2f:f6:3f:28': {'first_seen': 1778946446.040175, 'last_seen': 1778946446.041089, 'seen_count': 2, 'channels': [], 'avg_rssi': None}, 'b2:30:ec:f6:c4:4a': {'first_seen': 1778946446.352764, 'last_seen': 1778946446.353971, 'seen_count': 2, 'channels': [], 'avg_rssi': None}, '33:47:10:73:28:2e': {'first_seen': 1778946446.660582, 'last_seen': 1778946446.661486, 'seen_count': 2, 'channels': [], 'avg_rssi': None}, 'fa:d9:57:68:75:cf': {'first_seen': 1778946446.971442, 'last_seen': 1778946446.972502, 'seen_count': 2, 'channels': [], 'avg_rssi': None}, '0e:90:a8:0f:b5:b1': {'first_seen': 1778946447.285884, 'last_seen': 1778946447.289642, 'seen_count': 2, 'channels': [], 'avg_rssi': None}, '89:85:b8:1e:af:b5': {'first_seen': 1778946447.598782, 'last_seen': 1778946447.599783, 'seen_count': 2, 'channels': [], 'avg_rssi': None}, '9c:82:80:e5:18:44': {'first_seen': 1778946447.9117, 'last_seen': 1778946447.912676, 'seen_count': 2, 'channels': [], 'avg_rssi': None}, '31:e8:ec:2a:29:6d': {'first_seen': 1778946448.228781, 'last_seen': 1778946448.229691, 'seen_count': 2, 'channels': [], 'avg_rssi': None}, 'ad:ec:ae:f7:8d:8e': {'first_seen': 1778946448.546465, 'last_seen': 1778946448.547585, 'seen_count': 2, 'channels': [], 'avg_rssi': None}, '2e:c6:85:44:2d:ad': {'first_seen': 1778946448.852273, 'last_seen': 1778946448.853347, 'seen_count': 2, 'channels': [], 'avg_rssi': None}, '7a:97:32:04:7d:98': {'first_seen': 1778946449.164981, 'last_seen': 1778946449.165876, 'seen_count': 2, 'channels': [], 'avg_rssi': None}, '95:d6:32:54:3e:44': {'first_seen': 1778946449.475963, 'last_seen': 1778946449.476882, 'seen_count': 2, 'channels': [], 'avg_rssi': None}, 'b8:b6:56:96:31:6c': {'first_seen': 1778946449.787719, 'last_seen': 1778946449.788775, 'seen_count': 2, 'channels': [], 'avg_rssi': None}, 'ac:cd:0f:19:2b:3c': {'first_seen': 1778946450.100718, 'last_seen': 1778946450.101663, 'seen_count': 2, 'channels': [], 'avg_rssi': None}, 'f9:62:6c:30:33:79': {'first_seen': 1778946450.424932, 'last_seen': 1778946450.426056, 'seen_count': 2, 'channels': [], 'avg_rssi': None}, 'dc:47:65:67:c4:cf': {'first_seen': 1778946450.73717, 'last_seen': 1778946450.738197, 'seen_count': 2, 'channels': [], 'avg_rssi': None}, '1f:55:de:01:8a:ab': {'first_seen': 1778946451.048793, 'last_seen': 1778946451.049838, 'seen_count': 2, 'channels': [], 'avg_rssi': None}, 'df:85:14:ad:88:4d': {'first_seen': 1778946451.358027, 'last_seen': 1778946451.359238, 'seen_count': 2, 'channels': [], 'avg_rssi': None}, '03:fb:df:42:b5:34': {'first_seen': 1778946451.677418, 'last_seen': 1778946451.678498, 'seen_count': 2, 'channels': [], 'avg_rssi': None}, 'e2:eb:66:ed:22:38': {'first_seen': 1778946451.98499, 'last_seen': 1778946451.986137, 'seen_count': 2, 'channels': [], 'avg_rssi': None}, '96:1a:2b:0f:1d:6f': {'first_seen': 1778946452.295458, 'last_seen': 1778946452.296402, 'seen_count': 2, 'channels': [], 'avg_rssi': None}, 'e6:fa:5e:12:f7:c0': {'first_seen': 1778946452.608613, 'last_seen': 1778946452.609562, 'seen_count': 2, 'channels': [], 'avg_rssi': None}, '92:67:cc:f7:c2:7c': {'first_seen': 1778946452.919885, 'last_seen': 1778946452.921559, 'seen_count': 2, 'channels': [], 'avg_rssi': None}, 'f5:f8:c0:cc:7c:c9': {'first_seen': 1778946453.242925, 'last_seen': 1778946453.24395, 'seen_count': 2, 'channels': [], 'avg_rssi': None}, '79:4b:14:ea:e6:2b': {'first_seen': 1778946453.557334, 'last_seen': 1778946453.559474, 'seen_count': 2, 'channels': [], 'avg_rssi': None}, '9f:cf:9b:95:f1:25': {'first_seen': 1778946453.866512, 'last_seen': 1778946453.867609, 'seen_count': 2, 'channels': [], 'avg_rssi': None}, 'f9:e3:da:eb:25:d3': {'first_seen': 1778946454.177779, 'last_seen': 1778946454.178757, 'seen_count': 2, 'channels': [], 'avg_rssi': None}, '2a:37:87:91:eb:bb': {'first_seen': 1778946454.495332, 'last_seen': 1778946454.496274, 'seen_count': 2, 'channels': [], 'avg_rssi': None}, 'a3:82:4f:c5:21:e4': {'first_seen': 1778946454.811129, 'last_seen': 1778946454.812282, 'seen_count': 2, 'channels': [], 'avg_rssi': None}, '80:e9:bf:20:f6:a6': {'first_seen': 1778946455.124483, 'last_seen': 1778946455.124483, 'seen_count': 1, 'channels': [], 'avg_rssi': None}}}
!!!!!!!!!!!!!!!!!!!!!!!!!!!!!!!!!!!!!!!!!!!!!!!!!!!!!!!!!!!!!!!!!!!!!!!!!!!!!!!!


!!!!!!!!!!!!!!!!!!!!!!!!!!!!!!!!!!!!!!!!!!!!!!!!!!!!!!!!!!!!!!!!!!!!!!!!!!!!!!!!
[ALERT] ALERT-000042 | POTENTIAL_EVIL_TWIN
severity: LOW
time: 2026-05-16T15:47:35.134580
message: Wykryto potencjalny Evil Twin / Rogue AP dla SSID 'TestNet_008'. Zaobserwowano 99 różnych BSSID oraz podejrzane różnice parametrów sieci.
evidence: {'ssid': 'TestNet_008', 'bssid_count': 99, 'bssids': ['6e:db:ab:06:0d:51', 'ae:ee:1a:c1:27:0c', '4e:2d:89:f9:e8:35', '34:83:74:f6:22:b1', '80:d9:9c:7f:92:60', '96:1c:72:bc:b3:e6', 'fb:b0:7d:21:21:7e', 'a4:a2:20:43:16:6e', '41:ac:93:93:81:91', 'de:6f:09:92:31:2b', 'bd:52:11:7b:d0:45', 'c2:88:6a:ac:6d:d6', '95:80:e5:91:4d:0d', '7e:39:80:7b:c0:ba', '71:a3:8d:3c:d7:19', 'c6:0d:b6:c8:01:35', '6d:37:8a:94:be:94', '46:81:fb:7e:70:16', '0e:6e:e1:30:fa:3c', '2a:32:ce:41:a5:ca', '24:49:23:d2:f2:85', '91:ee:43:9b:45:49', '80:9e:6b:39:92:7c', '21:62:94:e8:4c:96', 'bb:d0:ad:58:2e:f0', '3b:37:85:ad:0a:d4', '83:66:6c:81:4b:f0', '9f:2a:83:2e:c1:73', 'f7:59:a1:50:1f:58', '57:d4:2e:57:02:d5', 'dc:5b:41:c9:3e:3b', 'cb:8f:2d:8d:de:99', 'bf:aa:cf:e4:d8:9a', 'd1:34:40:a5:f2:51', '45:a7:92:5a:f7:8c', '0c:99:36:37:d5:78', 'e8:fa:7b:d8:56:b1', 'fc:ce:f8:d9:a6:dd', '09:8c:fa:ef:d0:f1', '67:8c:c9:3c:eb:04', '3a:43:e1:c7:e8:a8', 'b0:fc:39:03:0b:ec', '8f:71:c8:6b:6b:0f', '79:82:08:86:b4:9d', '36:4e:33:ac:d2:da', '89:33:a9:39:0c:75', 'd4:01:70:13:12:dd', '8e:4c:13:95:20:7c', '12:c3:df:cf:9d:90', 'dd:68:c7:cb:6b:c1', '59:34:b9:8c:3b:05', '4f:0b:df:09:e2:ac', 'fa:5e:4a:d5:29:94', '1e:63:48:32:f0:57', '7e:74:10:41:63:40', 'f2:e4:95:5f:97:a0', '67:0a:83:ef:7e:b9', '47:30:eb:65:b2:e6', '83:9f:b4:87:d3:bc', '41:18:9b:92:d0:ca', '7f:67:9d:73:e2:6d', 'c6:21:48:87:d3:9f', '7e:72:6d:59:ec:07', 'c5:e8:67:d2:40:06', '45:36:1b:cc:2c:04', '6b:e9:6e:91:eb:a0', '3a:5e:55:fa:e8:d5', 'b0:00:d4:26:f4:5f', '9b:a4:e1:a2:71:73', 'd2:00:dd:1f:83:e2', 'b5:ad:e6:d0:4f:c6', 'e2:00:79:9b:bc:55', '6f:40:19:9f:82:67', '33:4a:f3:c4:2e:28', 'ed:5a:fc:1b:63:5e', 'bb:79:e5:6f:5b:40', '69:8b:e5:6b:f7:c8', '16:48:db:8b:ed:b8', '9a:b5:a0:48:a6:0c', 'bc:e8:a9:9f:bf:8a', '61:fc:b1:92:73:35', '81:4e:0b:82:14:0d', '8d:b7:d7:51:38:09', 'c7:ae:f5:3f:e9:1f', '1f:b7:d8:55:f1:06', '86:06:63:68:7c:d1', 'd2:0b:fd:52:71:23', '1b:08:65:d3:36:2a', 'ee:e6:c1:75:a2:6e', '5e:79:81:49:61:cd', '38:01:20:72:c3:18', '62:a2:56:1e:ca:d5', '8f:e6:33:2d:3c:a8', '17:3e:8e:76:31:0b', '64:25:97:2f:95:06', '74:4a:ea:64:e3:3e', '4b:f4:7c:b2:0c:da', '7f:9b:fc:1d:77:9a', '1c:06:0d:b7:3b:78'], 'triggered_reasons': ['same_ssid_multiple_bssid'], 'observations': {'6e:db:ab:06:0d:51': {'first_seen': 1778946424.553266, 'last_seen': 1778946424.555468, 'seen_count': 2, 'channels': [], 'avg_rssi': None}, 'ae:ee:1a:c1:27:0c': {'first_seen': 1778946424.866679, 'last_seen': 1778946424.867734, 'seen_count': 2, 'channels': [], 'avg_rssi': None}, '4e:2d:89:f9:e8:35': {'first_seen': 1778946425.178344, 'last_seen': 1778946425.179253, 'seen_count': 2, 'channels': [], 'avg_rssi': None}, '34:83:74:f6:22:b1': {'first_seen': 1778946425.48518, 'last_seen': 1778946425.486263, 'seen_count': 2, 'channels': [], 'avg_rssi': None}, '80:d9:9c:7f:92:60': {'first_seen': 1778946425.790947, 'last_seen': 1778946425.791778, 'seen_count': 2, 'channels': [], 'avg_rssi': None}, '96:1c:72:bc:b3:e6': {'first_seen': 1778946426.100993, 'last_seen': 1778946426.102171, 'seen_count': 2, 'channels': [], 'avg_rssi': None}, 'fb:b0:7d:21:21:7e': {'first_seen': 1778946426.4095, 'last_seen': 1778946426.410697, 'seen_count': 2, 'channels': [], 'avg_rssi': None}, 'a4:a2:20:43:16:6e': {'first_seen': 1778946426.717739, 'last_seen': 1778946426.718589, 'seen_count': 2, 'channels': [], 'avg_rssi': None}, '41:ac:93:93:81:91': {'first_seen': 1778946427.026698, 'last_seen': 1778946427.027606, 'seen_count': 2, 'channels': [], 'avg_rssi': None}, 'de:6f:09:92:31:2b': {'first_seen': 1778946427.338254, 'last_seen': 1778946427.345991, 'seen_count': 2, 'channels': [], 'avg_rssi': None}, 'bd:52:11:7b:d0:45': {'first_seen': 1778946427.64823, 'last_seen': 1778946427.649127, 'seen_count': 2, 'channels': [], 'avg_rssi': None}, 'c2:88:6a:ac:6d:d6': {'first_seen': 1778946427.955129, 'last_seen': 1778946427.956274, 'seen_count': 2, 'channels': [], 'avg_rssi': None}, '95:80:e5:91:4d:0d': {'first_seen': 1778946428.267032, 'last_seen': 1778946428.268032, 'seen_count': 2, 'channels': [], 'avg_rssi': None}, '7e:39:80:7b:c0:ba': {'first_seen': 1778946428.576316, 'last_seen': 1778946428.577422, 'seen_count': 2, 'channels': [], 'avg_rssi': None}, '71:a3:8d:3c:d7:19': {'first_seen': 1778946428.885076, 'last_seen': 1778946428.886202, 'seen_count': 2, 'channels': [], 'avg_rssi': None}, 'c6:0d:b6:c8:01:35': {'first_seen': 1778946429.19292, 'last_seen': 1778946429.193955, 'seen_count': 2, 'channels': [], 'avg_rssi': None}, '6d:37:8a:94:be:94': {'first_seen': 1778946429.501614, 'last_seen': 1778946429.502721, 'seen_count': 2, 'channels': [], 'avg_rssi': None}, '46:81:fb:7e:70:16': {'first_seen': 1778946429.815585, 'last_seen': 1778946429.816739, 'seen_count': 2, 'channels': [], 'avg_rssi': None}, '0e:6e:e1:30:fa:3c': {'first_seen': 1778946430.125985, 'last_seen': 1778946430.126883, 'seen_count': 2, 'channels': [], 'avg_rssi': None}, '2a:32:ce:41:a5:ca': {'first_seen': 1778946430.440251, 'last_seen': 1778946430.441404, 'seen_count': 2, 'channels': [], 'avg_rssi': None}, '24:49:23:d2:f2:85': {'first_seen': 1778946430.752782, 'last_seen': 1778946430.753669, 'seen_count': 2, 'channels': [], 'avg_rssi': None}, '91:ee:43:9b:45:49': {'first_seen': 1778946431.067876, 'last_seen': 1778946431.069053, 'seen_count': 2, 'channels': [], 'avg_rssi': None}, '80:9e:6b:39:92:7c': {'first_seen': 1778946431.377607, 'last_seen': 1778946431.378706, 'seen_count': 2, 'channels': [], 'avg_rssi': None}, '21:62:94:e8:4c:96': {'first_seen': 1778946431.68668, 'last_seen': 1778946431.68771, 'seen_count': 2, 'channels': [], 'avg_rssi': None}, 'bb:d0:ad:58:2e:f0': {'first_seen': 1778946431.993439, 'last_seen': 1778946431.994362, 'seen_count': 2, 'channels': [], 'avg_rssi': None}, '3b:37:85:ad:0a:d4': {'first_seen': 1778946432.29838, 'last_seen': 1778946432.299371, 'seen_count': 2, 'channels': [], 'avg_rssi': None}, '83:66:6c:81:4b:f0': {'first_seen': 1778946432.607287, 'last_seen': 1778946432.608258, 'seen_count': 2, 'channels': [], 'avg_rssi': None}, '9f:2a:83:2e:c1:73': {'first_seen': 1778946432.91934, 'last_seen': 1778946432.920414, 'seen_count': 2, 'channels': [], 'avg_rssi': None}, 'f7:59:a1:50:1f:58': {'first_seen': 1778946433.226565, 'last_seen': 1778946433.227801, 'seen_count': 2, 'channels': [], 'avg_rssi': None}, '57:d4:2e:57:02:d5': {'first_seen': 1778946433.538664, 'last_seen': 1778946433.539806, 'seen_count': 2, 'channels': [], 'avg_rssi': None}, 'dc:5b:41:c9:3e:3b': {'first_seen': 1778946433.849442, 'last_seen': 1778946433.850333, 'seen_count': 2, 'channels': [], 'avg_rssi': None}, 'cb:8f:2d:8d:de:99': {'first_seen': 1778946434.157631, 'last_seen': 1778946434.158712, 'seen_count': 2, 'channels': [], 'avg_rssi': None}, 'bf:aa:cf:e4:d8:9a': {'first_seen': 1778946434.462766, 'last_seen': 1778946434.463862, 'seen_count': 2, 'channels': [], 'avg_rssi': None}, 'd1:34:40:a5:f2:51': {'first_seen': 1778946434.777025, 'last_seen': 1778946434.778246, 'seen_count': 2, 'channels': [], 'avg_rssi': None}, '45:a7:92:5a:f7:8c': {'first_seen': 1778946435.092938, 'last_seen': 1778946435.094272, 'seen_count': 2, 'channels': [], 'avg_rssi': None}, '0c:99:36:37:d5:78': {'first_seen': 1778946435.411534, 'last_seen': 1778946435.412654, 'seen_count': 2, 'channels': [], 'avg_rssi': None}, 'e8:fa:7b:d8:56:b1': {'first_seen': 1778946435.723665, 'last_seen': 1778946435.724551, 'seen_count': 2, 'channels': [], 'avg_rssi': None}, 'fc:ce:f8:d9:a6:dd': {'first_seen': 1778946436.031249, 'last_seen': 1778946436.032186, 'seen_count': 2, 'channels': [], 'avg_rssi': None}, '09:8c:fa:ef:d0:f1': {'first_seen': 1778946436.338321, 'last_seen': 1778946436.339326, 'seen_count': 2, 'channels': [], 'avg_rssi': None}, '67:8c:c9:3c:eb:04': {'first_seen': 1778946436.651723, 'last_seen': 1778946436.655348, 'seen_count': 2, 'channels': [], 'avg_rssi': None}, '3a:43:e1:c7:e8:a8': {'first_seen': 1778946436.97105, 'last_seen': 1778946436.971985, 'seen_count': 2, 'channels': [], 'avg_rssi': None}, 'b0:fc:39:03:0b:ec': {'first_seen': 1778946437.283823, 'last_seen': 1778946437.28475, 'seen_count': 2, 'channels': [], 'avg_rssi': None}, '8f:71:c8:6b:6b:0f': {'first_seen': 1778946437.590712, 'last_seen': 1778946437.591896, 'seen_count': 2, 'channels': [], 'avg_rssi': None}, '79:82:08:86:b4:9d': {'first_seen': 1778946437.900916, 'last_seen': 1778946437.901794, 'seen_count': 2, 'channels': [], 'avg_rssi': None}, '36:4e:33:ac:d2:da': {'first_seen': 1778946438.209515, 'last_seen': 1778946438.210733, 'seen_count': 2, 'channels': [], 'avg_rssi': None}, '89:33:a9:39:0c:75': {'first_seen': 1778946438.523533, 'last_seen': 1778946438.524573, 'seen_count': 2, 'channels': [], 'avg_rssi': None}, 'd4:01:70:13:12:dd': {'first_seen': 1778946438.84065, 'last_seen': 1778946438.841835, 'seen_count': 2, 'channels': [], 'avg_rssi': None}, '8e:4c:13:95:20:7c': {'first_seen': 1778946439.147288, 'last_seen': 1778946439.148354, 'seen_count': 2, 'channels': [], 'avg_rssi': None}, '12:c3:df:cf:9d:90': {'first_seen': 1778946439.462887, 'last_seen': 1778946439.463866, 'seen_count': 2, 'channels': [], 'avg_rssi': None}, 'dd:68:c7:cb:6b:c1': {'first_seen': 1778946439.770469, 'last_seen': 1778946439.771388, 'seen_count': 2, 'channels': [], 'avg_rssi': None}, '59:34:b9:8c:3b:05': {'first_seen': 1778946440.091847, 'last_seen': 1778946440.093018, 'seen_count': 2, 'channels': [], 'avg_rssi': None}, '4f:0b:df:09:e2:ac': {'first_seen': 1778946440.405631, 'last_seen': 1778946440.406543, 'seen_count': 2, 'channels': [], 'avg_rssi': None}, 'fa:5e:4a:d5:29:94': {'first_seen': 1778946440.719059, 'last_seen': 1778946440.720178, 'seen_count': 2, 'channels': [], 'avg_rssi': None}, '1e:63:48:32:f0:57': {'first_seen': 1778946441.026693, 'last_seen': 1778946441.02782, 'seen_count': 2, 'channels': [], 'avg_rssi': None}, '7e:74:10:41:63:40': {'first_seen': 1778946441.342911, 'last_seen': 1778946441.34396, 'seen_count': 2, 'channels': [], 'avg_rssi': None}, 'f2:e4:95:5f:97:a0': {'first_seen': 1778946441.654719, 'last_seen': 1778946441.65698, 'seen_count': 2, 'channels': [], 'avg_rssi': None}, '67:0a:83:ef:7e:b9': {'first_seen': 1778946441.969721, 'last_seen': 1778946441.970657, 'seen_count': 2, 'channels': [], 'avg_rssi': None}, '47:30:eb:65:b2:e6': {'first_seen': 1778946442.286658, 'last_seen': 1778946442.287884, 'seen_count': 2, 'channels': [], 'avg_rssi': None}, '83:9f:b4:87:d3:bc': {'first_seen': 1778946442.600777, 'last_seen': 1778946442.601774, 'seen_count': 2, 'channels': [], 'avg_rssi': None}, '41:18:9b:92:d0:ca': {'first_seen': 1778946442.90906, 'last_seen': 1778946442.909916, 'seen_count': 2, 'channels': [], 'avg_rssi': None}, '7f:67:9d:73:e2:6d': {'first_seen': 1778946443.227337, 'last_seen': 1778946443.228565, 'seen_count': 2, 'channels': [], 'avg_rssi': None}, 'c6:21:48:87:d3:9f': {'first_seen': 1778946443.542578, 'last_seen': 1778946443.543698, 'seen_count': 2, 'channels': [], 'avg_rssi': None}, '7e:72:6d:59:ec:07': {'first_seen': 1778946443.852927, 'last_seen': 1778946443.853966, 'seen_count': 2, 'channels': [], 'avg_rssi': None}, 'c5:e8:67:d2:40:06': {'first_seen': 1778946444.17332, 'last_seen': 1778946444.17449, 'seen_count': 2, 'channels': [], 'avg_rssi': None}, '45:36:1b:cc:2c:04': {'first_seen': 1778946444.487344, 'last_seen': 1778946444.488507, 'seen_count': 2, 'channels': [], 'avg_rssi': None}, '6b:e9:6e:91:eb:a0': {'first_seen': 1778946444.801707, 'last_seen': 1778946444.80267, 'seen_count': 2, 'channels': [], 'avg_rssi': None}, '3a:5e:55:fa:e8:d5': {'first_seen': 1778946445.114913, 'last_seen': 1778946445.11603, 'seen_count': 2, 'channels': [], 'avg_rssi': None}, 'b0:00:d4:26:f4:5f': {'first_seen': 1778946445.422764, 'last_seen': 1778946445.42393, 'seen_count': 2, 'channels': [], 'avg_rssi': None}, '9b:a4:e1:a2:71:73': {'first_seen': 1778946445.739723, 'last_seen': 1778946445.740948, 'seen_count': 2, 'channels': [], 'avg_rssi': None}, 'd2:00:dd:1f:83:e2': {'first_seen': 1778946446.050272, 'last_seen': 1778946446.051204, 'seen_count': 2, 'channels': [], 'avg_rssi': None}, 'b5:ad:e6:d0:4f:c6': {'first_seen': 1778946446.364617, 'last_seen': 1778946446.367717, 'seen_count': 2, 'channels': [], 'avg_rssi': None}, 'e2:00:79:9b:bc:55': {'first_seen': 1778946446.670702, 'last_seen': 1778946446.671743, 'seen_count': 2, 'channels': [], 'avg_rssi': None}, '6f:40:19:9f:82:67': {'first_seen': 1778946446.981553, 'last_seen': 1778946446.982667, 'seen_count': 2, 'channels': [], 'avg_rssi': None}, '33:4a:f3:c4:2e:28': {'first_seen': 1778946447.296251, 'last_seen': 1778946447.297395, 'seen_count': 2, 'channels': [], 'avg_rssi': None}, 'ed:5a:fc:1b:63:5e': {'first_seen': 1778946447.610658, 'last_seen': 1778946447.611785, 'seen_count': 2, 'channels': [], 'avg_rssi': None}, 'bb:79:e5:6f:5b:40': {'first_seen': 1778946447.922678, 'last_seen': 1778946447.923802, 'seen_count': 2, 'channels': [], 'avg_rssi': None}, '69:8b:e5:6b:f7:c8': {'first_seen': 1778946448.238875, 'last_seen': 1778946448.239817, 'seen_count': 2, 'channels': [], 'avg_rssi': None}, '16:48:db:8b:ed:b8': {'first_seen': 1778946448.55656, 'last_seen': 1778946448.557725, 'seen_count': 2, 'channels': [], 'avg_rssi': None}, '9a:b5:a0:48:a6:0c': {'first_seen': 1778946448.863508, 'last_seen': 1778946448.864473, 'seen_count': 2, 'channels': [], 'avg_rssi': None}, 'bc:e8:a9:9f:bf:8a': {'first_seen': 1778946449.175073, 'last_seen': 1778946449.175989, 'seen_count': 2, 'channels': [], 'avg_rssi': None}, '61:fc:b1:92:73:35': {'first_seen': 1778946449.486062, 'last_seen': 1778946449.487006, 'seen_count': 2, 'channels': [], 'avg_rssi': None}, '81:4e:0b:82:14:0d': {'first_seen': 1778946449.797825, 'last_seen': 1778946449.798662, 'seen_count': 2, 'channels': [], 'avg_rssi': None}, '8d:b7:d7:51:38:09': {'first_seen': 1778946450.110828, 'last_seen': 1778946450.112049, 'seen_count': 2, 'channels': [], 'avg_rssi': None}, 'c7:ae:f5:3f:e9:1f': {'first_seen': 1778946450.435026, 'last_seen': 1778946450.436055, 'seen_count': 2, 'channels': [], 'avg_rssi': None}, '1f:b7:d8:55:f1:06': {'first_seen': 1778946450.747257, 'last_seen': 1778946450.748448, 'seen_count': 2, 'channels': [], 'avg_rssi': None}, '86:06:63:68:7c:d1': {'first_seen': 1778946451.05889, 'last_seen': 1778946451.060099, 'seen_count': 2, 'channels': [], 'avg_rssi': None}, 'd2:0b:fd:52:71:23': {'first_seen': 1778946451.371282, 'last_seen': 1778946451.372251, 'seen_count': 2, 'channels': [], 'avg_rssi': None}, '1b:08:65:d3:36:2a': {'first_seen': 1778946451.687513, 'last_seen': 1778946451.688368, 'seen_count': 2, 'channels': [], 'avg_rssi': None}, 'ee:e6:c1:75:a2:6e': {'first_seen': 1778946451.996188, 'last_seen': 1778946451.999644, 'seen_count': 2, 'channels': [], 'avg_rssi': None}, '5e:79:81:49:61:cd': {'first_seen': 1778946452.305591, 'last_seen': 1778946452.307151, 'seen_count': 2, 'channels': [], 'avg_rssi': None}, '38:01:20:72:c3:18': {'first_seen': 1778946452.618666, 'last_seen': 1778946452.619544, 'seen_count': 2, 'channels': [], 'avg_rssi': None}, '62:a2:56:1e:ca:d5': {'first_seen': 1778946452.929994, 'last_seen': 1778946452.931062, 'seen_count': 2, 'channels': [], 'avg_rssi': None}, '8f:e6:33:2d:3c:a8': {'first_seen': 1778946453.253022, 'last_seen': 1778946453.253951, 'seen_count': 2, 'channels': [], 'avg_rssi': None}, '17:3e:8e:76:31:0b': {'first_seen': 1778946453.567455, 'last_seen': 1778946453.568604, 'seen_count': 2, 'channels': [], 'avg_rssi': None}, '64:25:97:2f:95:06': {'first_seen': 1778946453.876629, 'last_seen': 1778946453.877735, 'seen_count': 2, 'channels': [], 'avg_rssi': None}, '74:4a:ea:64:e3:3e': {'first_seen': 1778946454.187912, 'last_seen': 1778946454.188759, 'seen_count': 2, 'channels': [], 'avg_rssi': None}, '4b:f4:7c:b2:0c:da': {'first_seen': 1778946454.505433, 'last_seen': 1778946454.506402, 'seen_count': 2, 'channels': [], 'avg_rssi': None}, '7f:9b:fc:1d:77:9a': {'first_seen': 1778946454.821244, 'last_seen': 1778946454.822158, 'seen_count': 2, 'channels': [], 'avg_rssi': None}, '1c:06:0d:b7:3b:78': {'first_seen': 1778946455.13458, 'last_seen': 1778946455.13458, 'seen_count': 1, 'channels': [], 'avg_rssi': None}}}
!!!!!!!!!!!!!!!!!!!!!!!!!!!!!!!!!!!!!!!!!!!!!!!!!!!!!!!!!!!!!!!!!!!!!!!!!!!!!!!!


!!!!!!!!!!!!!!!!!!!!!!!!!!!!!!!!!!!!!!!!!!!!!!!!!!!!!!!!!!!!!!!!!!!!!!!!!!!!!!!!
[ALERT] ALERT-000043 | POTENTIAL_EVIL_TWIN
severity: LOW
time: 2026-05-16T15:47:35.144692
message: Wykryto potencjalny Evil Twin / Rogue AP dla SSID 'TestNet_009'. Zaobserwowano 99 różnych BSSID oraz podejrzane różnice parametrów sieci.
evidence: {'ssid': 'TestNet_009', 'bssid_count': 99, 'bssids': ['b2:3c:6e:fe:d4:dc', '17:90:86:0a:d2:68', '89:50:8b:53:7b:29', '03:48:e1:4a:46:34', '77:3d:86:23:e2:9d', 'a6:fb:16:f6:fb:1d', 'a4:c5:f7:63:5f:c4', '51:b6:60:e2:7c:09', '53:4f:0b:28:ee:28', '42:04:3e:a8:ac:2d', '66:a7:e3:67:70:95', '1b:67:f5:8f:4d:d7', '10:80:aa:04:60:e5', '7e:11:c1:1d:cd:c7', '00:15:57:24:d7:db', 'bc:e0:18:21:83:5f', '74:55:92:5b:af:e3', '6e:1e:08:5e:b3:6e', 'e7:2b:71:ab:ad:2d', '84:aa:7f:6a:85:6c', '65:99:15:c1:7b:0b', '5c:54:02:68:7e:f9', '2c:e8:49:be:04:56', '2e:ca:65:7c:95:6c', '1f:96:3a:39:98:46', '3f:7e:33:e7:8c:6f', 'c4:28:05:07:1f:9f', 'a1:8f:aa:c7:79:45', 'e3:46:14:d2:3f:1f', '93:6b:92:ff:93:c9', '07:33:06:9d:03:0b', 'c1:47:f4:d8:a4:cf', 'b0:ed:b8:6c:17:40', '90:5c:47:43:f5:bf', 'a8:72:c5:2f:9b:ac', 'b7:0a:9c:77:f4:61', '02:66:c1:de:71:35', 'f1:14:54:df:60:d9', '8d:54:bb:ba:c4:24', '00:77:e0:c8:82:23', 'ff:d4:7a:0e:6b:31', 'f4:04:95:84:39:61', '3d:aa:02:7b:23:97', '0b:d7:41:6a:10:58', '8b:db:93:24:58:f7', 'de:6e:62:0f:4f:12', 'a8:eb:8a:e5:7a:b9', 'c8:e8:66:59:cf:d1', '8f:92:8a:1e:7f:0b', 'a7:d6:58:be:a2:9c', 'a2:60:2d:b1:24:e4', '77:21:ff:07:21:39', '5b:11:60:64:6a:8d', '2b:f7:c2:c4:63:d7', '64:b3:2a:73:27:7d', '63:de:cf:d6:08:28', '47:c9:8c:61:4d:28', '81:df:6e:f9:98:1b', 'f5:69:8f:f2:c8:7a', '6e:c2:f6:0e:3e:a4', '5d:58:9c:0b:84:d4', 'c3:09:67:3f:c1:ba', '26:a9:46:7f:e5:dd', '4b:79:ef:26:24:03', '40:b3:d9:27:9e:29', '29:59:80:50:1d:4c', '9d:45:c6:a2:ef:f3', '71:a5:92:68:9b:dd', '2f:70:f3:7a:1b:03', '01:83:9a:a7:51:75', '03:cc:c1:30:cf:d8', '12:2a:30:69:ce:90', 'f6:99:13:81:e4:b0', 'a0:6f:24:09:c0:cd', '34:0a:c5:11:04:08', '8f:8b:16:80:97:21', 'f9:ef:be:9a:b1:b9', '74:d8:fe:cc:40:04', '38:0b:48:74:8e:df', '72:03:f0:c3:ed:f6', '41:41:11:9d:32:3b', '5f:9a:2b:65:fb:da', '9f:e8:60:8a:b4:1b', '30:28:6d:a3:35:f2', '9f:f7:a2:2d:bf:9b', 'df:c8:0f:b6:80:fa', '54:9c:6f:ed:cf:62', '33:5f:41:1f:14:3a', '41:0b:15:8b:c8:d0', '81:fd:62:ef:42:78', '3f:d4:3b:95:08:73', '7a:e4:9d:09:39:82', 'a7:73:fd:09:19:2b', '09:7c:e8:f1:ba:3b', '5b:5c:44:d2:59:79', 'fc:ed:1f:41:18:38', 'e0:99:7f:24:c7:42', '12:36:01:17:d4:c2', '98:eb:75:bc:41:5d'], 'triggered_reasons': ['same_ssid_multiple_bssid'], 'observations': {'b2:3c:6e:fe:d4:dc': {'first_seen': 1778946424.563356, 'last_seen': 1778946424.564467, 'seen_count': 2, 'channels': [], 'avg_rssi': None}, '17:90:86:0a:d2:68': {'first_seen': 1778946424.876784, 'last_seen': 1778946424.877744, 'seen_count': 2, 'channels': [], 'avg_rssi': None}, '89:50:8b:53:7b:29': {'first_seen': 1778946425.188438, 'last_seen': 1778946425.189373, 'seen_count': 2, 'channels': [], 'avg_rssi': None}, '03:48:e1:4a:46:34': {'first_seen': 1778946425.495296, 'last_seen': 1778946425.496515, 'seen_count': 2, 'channels': [], 'avg_rssi': None}, '77:3d:86:23:e2:9d': {'first_seen': 1778946425.801046, 'last_seen': 1778946425.802172, 'seen_count': 2, 'channels': [], 'avg_rssi': None}, 'a6:fb:16:f6:fb:1d': {'first_seen': 1778946426.111101, 'last_seen': 1778946426.112302, 'seen_count': 2, 'channels': [], 'avg_rssi': None}, 'a4:c5:f7:63:5f:c4': {'first_seen': 1778946426.419632, 'last_seen': 1778946426.420686, 'seen_count': 2, 'channels': [], 'avg_rssi': None}, '51:b6:60:e2:7c:09': {'first_seen': 1778946426.727865, 'last_seen': 1778946426.728834, 'seen_count': 2, 'channels': [], 'avg_rssi': None}, '53:4f:0b:28:ee:28': {'first_seen': 1778946427.038699, 'last_seen': 1778946427.0396, 'seen_count': 2, 'channels': [], 'avg_rssi': None}, '42:04:3e:a8:ac:2d': {'first_seen': 1778946427.348386, 'last_seen': 1778946427.349232, 'seen_count': 2, 'channels': [], 'avg_rssi': None}, '66:a7:e3:67:70:95': {'first_seen': 1778946427.659155, 'last_seen': 1778946427.660771, 'seen_count': 2, 'channels': [], 'avg_rssi': None}, '1b:67:f5:8f:4d:d7': {'first_seen': 1778946427.965227, 'last_seen': 1778946427.96615, 'seen_count': 2, 'channels': [], 'avg_rssi': None}, '10:80:aa:04:60:e5': {'first_seen': 1778946428.277146, 'last_seen': 1778946428.278282, 'seen_count': 2, 'channels': [], 'avg_rssi': None}, '7e:11:c1:1d:cd:c7': {'first_seen': 1778946428.586439, 'last_seen': 1778946428.587683, 'seen_count': 2, 'channels': [], 'avg_rssi': None}, '00:15:57:24:d7:db': {'first_seen': 1778946428.895189, 'last_seen': 1778946428.896324, 'seen_count': 2, 'channels': [], 'avg_rssi': None}, 'bc:e0:18:21:83:5f': {'first_seen': 1778946429.203026, 'last_seen': 1778946429.204079, 'seen_count': 2, 'channels': [], 'avg_rssi': None}, '74:55:92:5b:af:e3': {'first_seen': 1778946429.515265, 'last_seen': 1778946429.516355, 'seen_count': 2, 'channels': [], 'avg_rssi': None}, '6e:1e:08:5e:b3:6e': {'first_seen': 1778946429.825694, 'last_seen': 1778946429.82665, 'seen_count': 2, 'channels': [], 'avg_rssi': None}, 'e7:2b:71:ab:ad:2d': {'first_seen': 1778946430.136112, 'last_seen': 1778946430.137011, 'seen_count': 2, 'channels': [], 'avg_rssi': None}, '84:aa:7f:6a:85:6c': {'first_seen': 1778946430.450373, 'last_seen': 1778946430.451394, 'seen_count': 2, 'channels': [], 'avg_rssi': None}, '65:99:15:c1:7b:0b': {'first_seen': 1778946430.762896, 'last_seen': 1778946430.763794, 'seen_count': 2, 'channels': [], 'avg_rssi': None}, '5c:54:02:68:7e:f9': {'first_seen': 1778946431.077976, 'last_seen': 1778946431.07918, 'seen_count': 2, 'channels': [], 'avg_rssi': None}, '2c:e8:49:be:04:56': {'first_seen': 1778946431.387727, 'last_seen': 1778946431.388568, 'seen_count': 2, 'channels': [], 'avg_rssi': None}, '2e:ca:65:7c:95:6c': {'first_seen': 1778946431.696795, 'last_seen': 1778946431.697973, 'seen_count': 2, 'channels': [], 'avg_rssi': None}, '1f:96:3a:39:98:46': {'first_seen': 1778946432.003543, 'last_seen': 1778946432.004611, 'seen_count': 2, 'channels': [], 'avg_rssi': None}, '3f:7e:33:e7:8c:6f': {'first_seen': 1778946432.308481, 'last_seen': 1778946432.309619, 'seen_count': 2, 'channels': [], 'avg_rssi': None}, 'c4:28:05:07:1f:9f': {'first_seen': 1778946432.617569, 'last_seen': 1778946432.618515, 'seen_count': 2, 'channels': [], 'avg_rssi': None}, 'a1:8f:aa:c7:79:45': {'first_seen': 1778946432.929445, 'last_seen': 1778946432.9304, 'seen_count': 2, 'channels': [], 'avg_rssi': None}, 'e3:46:14:d2:3f:1f': {'first_seen': 1778946433.236657, 'last_seen': 1778946433.237665, 'seen_count': 2, 'channels': [], 'avg_rssi': None}, '93:6b:92:ff:93:c9': {'first_seen': 1778946433.548872, 'last_seen': 1778946433.550058, 'seen_count': 2, 'channels': [], 'avg_rssi': None}, '07:33:06:9d:03:0b': {'first_seen': 1778946433.859573, 'last_seen': 1778946433.860455, 'seen_count': 2, 'channels': [], 'avg_rssi': None}, 'c1:47:f4:d8:a4:cf': {'first_seen': 1778946434.167742, 'last_seen': 1778946434.168851, 'seen_count': 2, 'channels': [], 'avg_rssi': None}, 'b0:ed:b8:6c:17:40': {'first_seen': 1778946434.472859, 'last_seen': 1778946434.474241, 'seen_count': 2, 'channels': [], 'avg_rssi': None}, '90:5c:47:43:f5:bf': {'first_seen': 1778946434.788101, 'last_seen': 1778946434.788997, 'seen_count': 2, 'channels': [], 'avg_rssi': None}, 'a8:72:c5:2f:9b:ac': {'first_seen': 1778946435.10417, 'last_seen': 1778946435.105137, 'seen_count': 2, 'channels': [], 'avg_rssi': None}, 'b7:0a:9c:77:f4:61': {'first_seen': 1778946435.421638, 'last_seen': 1778946435.422778, 'seen_count': 2, 'channels': [], 'avg_rssi': None}, '02:66:c1:de:71:35': {'first_seen': 1778946435.733811, 'last_seen': 1778946435.736544, 'seen_count': 2, 'channels': [], 'avg_rssi': None}, 'f1:14:54:df:60:d9': {'first_seen': 1778946436.04136, 'last_seen': 1778946436.042433, 'seen_count': 2, 'channels': [], 'avg_rssi': None}, '8d:54:bb:ba:c4:24': {'first_seen': 1778946436.34844, 'last_seen': 1778946436.349326, 'seen_count': 2, 'channels': [], 'avg_rssi': None}, '00:77:e0:c8:82:23': {'first_seen': 1778946436.66185, 'last_seen': 1778946436.662978, 'seen_count': 2, 'channels': [], 'avg_rssi': None}, 'ff:d4:7a:0e:6b:31': {'first_seen': 1778946436.98269, 'last_seen': 1778946436.983612, 'seen_count': 2, 'channels': [], 'avg_rssi': None}, 'f4:04:95:84:39:61': {'first_seen': 1778946437.294657, 'last_seen': 1778946437.295502, 'seen_count': 2, 'channels': [], 'avg_rssi': None}, '3d:aa:02:7b:23:97': {'first_seen': 1778946437.600836, 'last_seen': 1778946437.601769, 'seen_count': 2, 'channels': [], 'avg_rssi': None}, '0b:d7:41:6a:10:58': {'first_seen': 1778946437.911041, 'last_seen': 1778946437.912163, 'seen_count': 2, 'channels': [], 'avg_rssi': None}, '8b:db:93:24:58:f7': {'first_seen': 1778946438.219606, 'last_seen': 1778946438.220675, 'seen_count': 2, 'channels': [], 'avg_rssi': None}, 'de:6e:62:0f:4f:12': {'first_seen': 1778946438.533659, 'last_seen': 1778946438.534701, 'seen_count': 2, 'channels': [], 'avg_rssi': None}, 'a8:eb:8a:e5:7a:b9': {'first_seen': 1778946438.850745, 'last_seen': 1778946438.851703, 'seen_count': 2, 'channels': [], 'avg_rssi': None}, 'c8:e8:66:59:cf:d1': {'first_seen': 1778946439.157397, 'last_seen': 1778946439.158484, 'seen_count': 2, 'channels': [], 'avg_rssi': None}, '8f:92:8a:1e:7f:0b': {'first_seen': 1778946439.473012, 'last_seen': 1778946439.473872, 'seen_count': 2, 'channels': [], 'avg_rssi': None}, 'a7:d6:58:be:a2:9c': {'first_seen': 1778946439.780601, 'last_seen': 1778946439.784256, 'seen_count': 2, 'channels': [], 'avg_rssi': None}, 'a2:60:2d:b1:24:e4': {'first_seen': 1778946440.101941, 'last_seen': 1778946440.103021, 'seen_count': 2, 'channels': [], 'avg_rssi': None}, '77:21:ff:07:21:39': {'first_seen': 1778946440.41575, 'last_seen': 1778946440.416669, 'seen_count': 2, 'channels': [], 'avg_rssi': None}, '5b:11:60:64:6a:8d': {'first_seen': 1778946440.729162, 'last_seen': 1778946440.730304, 'seen_count': 2, 'channels': [], 'avg_rssi': None}, '2b:f7:c2:c4:63:d7': {'first_seen': 1778946441.038688, 'last_seen': 1778946441.039822, 'seen_count': 2, 'channels': [], 'avg_rssi': None}, '64:b3:2a:73:27:7d': {'first_seen': 1778946441.353014, 'last_seen': 1778946441.353961, 'seen_count': 2, 'channels': [], 'avg_rssi': None}, '63:de:cf:d6:08:28': {'first_seen': 1778946441.66483, 'last_seen': 1778946441.665994, 'seen_count': 2, 'channels': [], 'avg_rssi': None}, '47:c9:8c:61:4d:28': {'first_seen': 1778946441.979854, 'last_seen': 1778946441.980868, 'seen_count': 2, 'channels': [], 'avg_rssi': None}, '81:df:6e:f9:98:1b': {'first_seen': 1778946442.296763, 'last_seen': 1778946442.297759, 'seen_count': 2, 'channels': [], 'avg_rssi': None}, 'f5:69:8f:f2:c8:7a': {'first_seen': 1778946442.610894, 'last_seen': 1778946442.612026, 'seen_count': 2, 'channels': [], 'avg_rssi': None}, '6e:c2:f6:0e:3e:a4': {'first_seen': 1778946442.919193, 'last_seen': 1778946442.920166, 'seen_count': 2, 'channels': [], 'avg_rssi': None}, '5d:58:9c:0b:84:d4': {'first_seen': 1778946443.237422, 'last_seen': 1778946443.238567, 'seen_count': 2, 'channels': [], 'avg_rssi': None}, 'c3:09:67:3f:c1:ba': {'first_seen': 1778946443.552675, 'last_seen': 1778946443.553575, 'seen_count': 2, 'channels': [], 'avg_rssi': None}, '26:a9:46:7f:e5:dd': {'first_seen': 1778946443.86302, 'last_seen': 1778946443.864216, 'seen_count': 2, 'channels': [], 'avg_rssi': None}, '4b:79:ef:26:24:03': {'first_seen': 1778946444.184381, 'last_seen': 1778946444.185483, 'seen_count': 2, 'channels': [], 'avg_rssi': None}, '40:b3:d9:27:9e:29': {'first_seen': 1778946444.498438, 'last_seen': 1778946444.499502, 'seen_count': 2, 'channels': [], 'avg_rssi': None}, '29:59:80:50:1d:4c': {'first_seen': 1778946444.811814, 'last_seen': 1778946444.813023, 'seen_count': 2, 'channels': [], 'avg_rssi': None}, '9d:45:c6:a2:ef:f3': {'first_seen': 1778946445.125023, 'last_seen': 1778946445.125906, 'seen_count': 2, 'channels': [], 'avg_rssi': None}, '71:a5:92:68:9b:dd': {'first_seen': 1778946445.432905, 'last_seen': 1778946445.434058, 'seen_count': 2, 'channels': [], 'avg_rssi': None}, '2f:70:f3:7a:1b:03': {'first_seen': 1778946445.749833, 'last_seen': 1778946445.753321, 'seen_count': 2, 'channels': [], 'avg_rssi': None}, '01:83:9a:a7:51:75': {'first_seen': 1778946446.060389, 'last_seen': 1778946446.061589, 'seen_count': 2, 'channels': [], 'avg_rssi': None}, '03:cc:c1:30:cf:d8': {'first_seen': 1778946446.374671, 'last_seen': 1778946446.375721, 'seen_count': 2, 'channels': [], 'avg_rssi': None}, '12:2a:30:69:ce:90': {'first_seen': 1778946446.680794, 'last_seen': 1778946446.681987, 'seen_count': 2, 'channels': [], 'avg_rssi': None}, 'f6:99:13:81:e4:b0': {'first_seen': 1778946446.991645, 'last_seen': 1778946446.992504, 'seen_count': 2, 'channels': [], 'avg_rssi': None}, 'a0:6f:24:09:c0:cd': {'first_seen': 1778946447.306367, 'last_seen': 1778946447.307278, 'seen_count': 2, 'channels': [], 'avg_rssi': None}, '34:0a:c5:11:04:08': {'first_seen': 1778946447.620814, 'last_seen': 1778946447.62191, 'seen_count': 2, 'channels': [], 'avg_rssi': None}, '8f:8b:16:80:97:21': {'first_seen': 1778946447.932778, 'last_seen': 1778946447.933692, 'seen_count': 2, 'channels': [], 'avg_rssi': None}, 'f9:ef:be:9a:b1:b9': {'first_seen': 1778946448.24898, 'last_seen': 1778946448.249817, 'seen_count': 2, 'channels': [], 'avg_rssi': None}, '74:d8:fe:cc:40:04': {'first_seen': 1778946448.566741, 'last_seen': 1778946448.567964, 'seen_count': 2, 'channels': [], 'avg_rssi': None}, '38:0b:48:74:8e:df': {'first_seen': 1778946448.87361, 'last_seen': 1778946448.874599, 'seen_count': 2, 'channels': [], 'avg_rssi': None}, '72:03:f0:c3:ed:f6': {'first_seen': 1778946449.185176, 'last_seen': 1778946449.186115, 'seen_count': 2, 'channels': [], 'avg_rssi': None}, '41:41:11:9d:32:3b': {'first_seen': 1778946449.496153, 'last_seen': 1778946449.497006, 'seen_count': 2, 'channels': [], 'avg_rssi': None}, '5f:9a:2b:65:fb:da': {'first_seen': 1778946449.807966, 'last_seen': 1778946449.80916, 'seen_count': 2, 'channels': [], 'avg_rssi': None}, '9f:e8:60:8a:b4:1b': {'first_seen': 1778946450.12096, 'last_seen': 1778946450.122048, 'seen_count': 2, 'channels': [], 'avg_rssi': None}, '30:28:6d:a3:35:f2': {'first_seen': 1778946450.445133, 'last_seen': 1778946450.446057, 'seen_count': 2, 'channels': [], 'avg_rssi': None}, '9f:f7:a2:2d:bf:9b': {'first_seen': 1778946450.757373, 'last_seen': 1778946450.758456, 'seen_count': 2, 'channels': [], 'avg_rssi': None}, 'df:c8:0f:b6:80:fa': {'first_seen': 1778946451.069038, 'last_seen': 1778946451.070099, 'seen_count': 2, 'channels': [], 'avg_rssi': None}, '54:9c:6f:ed:cf:62': {'first_seen': 1778946451.381393, 'last_seen': 1778946451.382368, 'seen_count': 2, 'channels': [], 'avg_rssi': None}, '33:5f:41:1f:14:3a': {'first_seen': 1778946451.697605, 'last_seen': 1778946451.698748, 'seen_count': 2, 'channels': [], 'avg_rssi': None}, '41:0b:15:8b:c8:d0': {'first_seen': 1778946452.006292, 'last_seen': 1778946452.00715, 'seen_count': 2, 'channels': [], 'avg_rssi': None}, '81:fd:62:ef:42:78': {'first_seen': 1778946452.315684, 'last_seen': 1778946452.31678, 'seen_count': 2, 'channels': [], 'avg_rssi': None}, '3f:d4:3b:95:08:73': {'first_seen': 1778946452.628769, 'last_seen': 1778946452.629669, 'seen_count': 2, 'channels': [], 'avg_rssi': None}, '7a:e4:9d:09:39:82': {'first_seen': 1778946452.940135, 'last_seen': 1778946452.941068, 'seen_count': 2, 'channels': [], 'avg_rssi': None}, 'a7:73:fd:09:19:2b': {'first_seen': 1778946453.266663, 'last_seen': 1778946453.267703, 'seen_count': 2, 'channels': [], 'avg_rssi': None}, '09:7c:e8:f1:ba:3b': {'first_seen': 1778946453.577623, 'last_seen': 1778946453.578479, 'seen_count': 2, 'channels': [], 'avg_rssi': None}, '5b:5c:44:d2:59:79': {'first_seen': 1778946453.886764, 'last_seen': 1778946453.887743, 'seen_count': 2, 'channels': [], 'avg_rssi': None}, 'fc:ed:1f:41:18:38': {'first_seen': 1778946454.20178, 'last_seen': 1778946454.202694, 'seen_count': 2, 'channels': [], 'avg_rssi': None}, 'e0:99:7f:24:c7:42': {'first_seen': 1778946454.518925, 'last_seen': 1778946454.519891, 'seen_count': 2, 'channels': [], 'avg_rssi': None}, '12:36:01:17:d4:c2': {'first_seen': 1778946454.831835, 'last_seen': 1778946454.832793, 'seen_count': 2, 'channels': [], 'avg_rssi': None}, '98:eb:75:bc:41:5d': {'first_seen': 1778946455.144692, 'last_seen': 1778946455.144692, 'seen_count': 1, 'channels': [], 'avg_rssi': None}}}
!!!!!!!!!!!!!!!!!!!!!!!!!!!!!!!!!!!!!!!!!!!!!!!!!!!!!!!!!!!!!!!!!!!!!!!!!!!!!!!!


!!!!!!!!!!!!!!!!!!!!!!!!!!!!!!!!!!!!!!!!!!!!!!!!!!!!!!!!!!!!!!!!!!!!!!!!!!!!!!!!
[ALERT] ALERT-000044 | POTENTIAL_EVIL_TWIN
severity: LOW
time: 2026-05-16T15:47:35.154788
message: Wykryto potencjalny Evil Twin / Rogue AP dla SSID 'TestNet_010'. Zaobserwowano 99 różnych BSSID oraz podejrzane różnice parametrów sieci.
evidence: {'ssid': 'TestNet_010', 'bssid_count': 99, 'bssids': ['10:9e:30:3c:b8:e5', '03:08:b4:8a:19:06', 'b1:d6:b3:65:ae:5e', '9a:91:b8:2d:df:da', '4f:5a:8d:89:77:44', 'b0:6f:64:11:ce:c3', '2e:fe:84:00:3d:2c', '00:e2:5d:20:34:3f', 'b1:77:c1:59:0a:58', 'f7:e3:5e:1c:2f:d5', 'ef:9c:cf:94:b6:19', 'ff:bd:63:48:4e:da', '0e:65:41:f4:af:5d', '16:e8:a3:e3:d9:be', '84:2e:d5:d0:32:7e', 'da:cb:57:4b:70:a2', 'bf:ef:b5:58:08:6a', '75:17:10:05:a6:0c', '5f:9b:22:62:30:53', 'ce:f2:31:f2:e3:4f', '48:46:a4:c1:eb:a3', 'fc:2d:ff:5b:e0:5a', 'f8:b4:23:75:fa:85', '9d:5d:a8:d1:56:b9', '5d:4a:58:9c:d8:8f', '90:30:a8:53:f3:d7', 'd7:3d:22:d5:3b:12', '39:af:8a:53:41:7b', 'f0:63:c2:2e:2a:40', '3f:79:0e:2a:d4:8f', 'da:f0:dd:84:4a:0a', 'f7:10:4c:be:29:be', '8a:42:89:61:74:89', '4c:27:a0:fa:b0:c1', '98:54:a5:54:0f:6c', '9d:5e:0d:5d:73:a8', '7e:32:2e:ab:3a:80', '4c:00:d4:b4:6d:dc', '61:6b:28:80:d4:e9', '4b:09:66:97:32:66', 'd3:10:81:e5:87:9a', '8a:f5:9a:df:c0:7c', '71:8f:b3:f3:95:99', 'af:90:03:02:50:6e', 'a4:8d:69:fc:fe:c4', '22:d4:62:57:ec:58', '47:80:ec:00:fa:93', '9b:79:8a:8d:3e:1b', 'd6:0b:e3:9e:6f:65', '64:49:94:ec:7e:0d', '5e:39:49:89:e2:01', 'd5:19:62:d7:bc:d6', '6a:c4:6e:52:31:a5', '21:6d:57:21:ef:4c', 'ea:df:97:08:05:f4', '7b:72:99:be:9b:5d', '86:7b:80:e6:62:2f', '9a:dc:1d:2e:92:30', '5d:51:61:6d:80:d4', 'e3:8a:6a:9b:66:d9', '9b:e0:84:ec:aa:52', 'f5:e7:bf:7a:32:29', '69:83:fb:4d:c6:0d', '70:79:24:b3:a8:89', '66:09:d3:1c:48:4f', '61:1d:04:87:36:40', '75:dd:b8:1a:ee:e7', '79:99:9a:df:b0:e2', 'c4:54:8f:60:ff:4e', '9b:2c:cf:56:15:c2', 'de:bf:90:20:71:c0', '17:4a:85:b2:7d:cc', 'f1:26:0e:c1:21:e7', 'b0:de:fc:39:ed:8c', '73:83:6b:d4:0d:f0', 'fa:ae:ce:6c:4a:50', '5f:e2:a7:e6:13:90', '2a:d0:ec:ac:7e:d8', '32:89:38:95:b7:fe', 'a1:6d:fd:19:e7:94', 'd8:9e:12:48:34:e9', '09:ed:74:fe:a5:2a', '32:79:18:9b:26:e5', 'ec:b1:98:72:aa:fa', 'e3:03:74:67:e0:bb', 'da:15:5e:90:35:b3', '99:41:89:37:20:0f', 'e5:6f:3b:65:72:36', 'dd:80:55:0d:63:40', 'c2:fa:ca:5b:90:e5', 'ab:c4:10:fa:aa:0b', 'ef:37:a0:a7:ca:07', 'b2:90:95:dd:85:8d', 'fe:6b:31:6e:e5:7c', '11:fa:c0:66:99:8f', '76:28:a8:ad:21:8c', 'bc:61:e9:ae:8c:20', 'ad:57:2d:55:fa:af', 'da:6c:c7:2f:ec:b0'], 'triggered_reasons': ['same_ssid_multiple_bssid'], 'observations': {'10:9e:30:3c:b8:e5': {'first_seen': 1778946424.57348, 'last_seen': 1778946424.574347, 'seen_count': 2, 'channels': [], 'avg_rssi': None}, '03:08:b4:8a:19:06': {'first_seen': 1778946424.886899, 'last_seen': 1778946424.88774, 'seen_count': 2, 'channels': [], 'avg_rssi': None}, 'b1:d6:b3:65:ae:5e': {'first_seen': 1778946425.198539, 'last_seen': 1778946425.199633, 'seen_count': 2, 'channels': [], 'avg_rssi': None}, '9a:91:b8:2d:df:da': {'first_seen': 1778946425.506661, 'last_seen': 1778946425.50764, 'seen_count': 2, 'channels': [], 'avg_rssi': None}, '4f:5a:8d:89:77:44': {'first_seen': 1778946425.813172, 'last_seen': 1778946425.814408, 'seen_count': 2, 'channels': [], 'avg_rssi': None}, 'b0:6f:64:11:ce:c3': {'first_seen': 1778946426.121219, 'last_seen': 1778946426.122422, 'seen_count': 2, 'channels': [], 'avg_rssi': None}, '2e:fe:84:00:3d:2c': {'first_seen': 1778946426.431916, 'last_seen': 1778946426.432823, 'seen_count': 2, 'channels': [], 'avg_rssi': None}, '00:e2:5d:20:34:3f': {'first_seen': 1778946426.737963, 'last_seen': 1778946426.738827, 'seen_count': 2, 'channels': [], 'avg_rssi': None}, 'b1:77:c1:59:0a:58': {'first_seen': 1778946427.048786, 'last_seen': 1778946427.04986, 'seen_count': 2, 'channels': [], 'avg_rssi': None}, 'f7:e3:5e:1c:2f:d5': {'first_seen': 1778946427.358489, 'last_seen': 1778946427.359364, 'seen_count': 2, 'channels': [], 'avg_rssi': None}, 'ef:9c:cf:94:b6:19': {'first_seen': 1778946427.669268, 'last_seen': 1778946427.670375, 'seen_count': 2, 'channels': [], 'avg_rssi': None}, 'ff:bd:63:48:4e:da': {'first_seen': 1778946427.975342, 'last_seen': 1778946427.976266, 'seen_count': 2, 'channels': [], 'avg_rssi': None}, '0e:65:41:f4:af:5d': {'first_seen': 1778946428.290668, 'last_seen': 1778946428.291781, 'seen_count': 2, 'channels': [], 'avg_rssi': None}, '16:e8:a3:e3:d9:be': {'first_seen': 1778946428.596537, 'last_seen': 1778946428.597423, 'seen_count': 2, 'channels': [], 'avg_rssi': None}, '84:2e:d5:d0:32:7e': {'first_seen': 1778946428.905308, 'last_seen': 1778946428.906323, 'seen_count': 2, 'channels': [], 'avg_rssi': None}, 'da:cb:57:4b:70:a2': {'first_seen': 1778946429.213143, 'last_seen': 1778946429.214088, 'seen_count': 2, 'channels': [], 'avg_rssi': None}, 'bf:ef:b5:58:08:6a': {'first_seen': 1778946429.525352, 'last_seen': 1778946429.526472, 'seen_count': 2, 'channels': [], 'avg_rssi': None}, '75:17:10:05:a6:0c': {'first_seen': 1778946429.835832, 'last_seen': 1778946429.836997, 'seen_count': 2, 'channels': [], 'avg_rssi': None}, '5f:9b:22:62:30:53': {'first_seen': 1778946430.146237, 'last_seen': 1778946430.147263, 'seen_count': 2, 'channels': [], 'avg_rssi': None}, 'ce:f2:31:f2:e3:4f': {'first_seen': 1778946430.460483, 'last_seen': 1778946430.461407, 'seen_count': 2, 'channels': [], 'avg_rssi': None}, '48:46:a4:c1:eb:a3': {'first_seen': 1778946430.774663, 'last_seen': 1778946430.775788, 'seen_count': 2, 'channels': [], 'avg_rssi': None}, 'fc:2d:ff:5b:e0:5a': {'first_seen': 1778946431.088079, 'last_seen': 1778946431.089192, 'seen_count': 2, 'channels': [], 'avg_rssi': None}, 'f8:b4:23:75:fa:85': {'first_seen': 1778946431.397833, 'last_seen': 1778946431.398819, 'seen_count': 2, 'channels': [], 'avg_rssi': None}, '9d:5d:a8:d1:56:b9': {'first_seen': 1778946431.708391, 'last_seen': 1778946431.709606, 'seen_count': 2, 'channels': [], 'avg_rssi': None}, '5d:4a:58:9c:d8:8f': {'first_seen': 1778946432.013643, 'last_seen': 1778946432.014854, 'seen_count': 2, 'channels': [], 'avg_rssi': None}, '90:30:a8:53:f3:d7': {'first_seen': 1778946432.318585, 'last_seen': 1778946432.319757, 'seen_count': 2, 'channels': [], 'avg_rssi': None}, 'd7:3d:22:d5:3b:12': {'first_seen': 1778946432.627677, 'last_seen': 1778946432.630511, 'seen_count': 2, 'channels': [], 'avg_rssi': None}, '39:af:8a:53:41:7b': {'first_seen': 1778946432.939561, 'last_seen': 1778946432.940532, 'seen_count': 2, 'channels': [], 'avg_rssi': None}, 'f0:63:c2:2e:2a:40': {'first_seen': 1778946433.246757, 'last_seen': 1778946433.247926, 'seen_count': 2, 'channels': [], 'avg_rssi': None}, '3f:79:0e:2a:d4:8f': {'first_seen': 1778946433.558979, 'last_seen': 1778946433.55981, 'seen_count': 2, 'channels': [], 'avg_rssi': None}, 'da:f0:dd:84:4a:0a': {'first_seen': 1778946433.869669, 'last_seen': 1778946433.870583, 'seen_count': 2, 'channels': [], 'avg_rssi': None}, 'f7:10:4c:be:29:be': {'first_seen': 1778946434.178686, 'last_seen': 1778946434.181713, 'seen_count': 2, 'channels': [], 'avg_rssi': None}, '8a:42:89:61:74:89': {'first_seen': 1778946434.482967, 'last_seen': 1778946434.483853, 'seen_count': 2, 'channels': [], 'avg_rssi': None}, '4c:27:a0:fa:b0:c1': {'first_seen': 1778946434.80156, 'last_seen': 1778946434.802747, 'seen_count': 2, 'channels': [], 'avg_rssi': None}, '98:54:a5:54:0f:6c': {'first_seen': 1778946435.114263, 'last_seen': 1778946435.115388, 'seen_count': 2, 'channels': [], 'avg_rssi': None}, '9d:5e:0d:5d:73:a8': {'first_seen': 1778946435.431754, 'last_seen': 1778946435.432916, 'seen_count': 2, 'channels': [], 'avg_rssi': None}, '7e:32:2e:ab:3a:80': {'first_seen': 1778946435.74542, 'last_seen': 1778946435.74644, 'seen_count': 2, 'channels': [], 'avg_rssi': None}, '4c:00:d4:b4:6d:dc': {'first_seen': 1778946436.051452, 'last_seen': 1778946436.052559, 'seen_count': 2, 'channels': [], 'avg_rssi': None}, '61:6b:28:80:d4:e9': {'first_seen': 1778946436.358567, 'last_seen': 1778946436.359461, 'seen_count': 2, 'channels': [], 'avg_rssi': None}, '4b:09:66:97:32:66': {'first_seen': 1778946436.672019, 'last_seen': 1778946436.673225, 'seen_count': 2, 'channels': [], 'avg_rssi': None}, 'd3:10:81:e5:87:9a': {'first_seen': 1778946436.992799, 'last_seen': 1778946436.993985, 'seen_count': 2, 'channels': [], 'avg_rssi': None}, '8a:f5:9a:df:c0:7c': {'first_seen': 1778946437.304747, 'last_seen': 1778946437.305625, 'seen_count': 2, 'channels': [], 'avg_rssi': None}, '71:8f:b3:f3:95:99': {'first_seen': 1778946437.610937, 'last_seen': 1778946437.611893, 'seen_count': 2, 'channels': [], 'avg_rssi': None}, 'af:90:03:02:50:6e': {'first_seen': 1778946437.921164, 'last_seen': 1778946437.922164, 'seen_count': 2, 'channels': [], 'avg_rssi': None}, 'a4:8d:69:fc:fe:c4': {'first_seen': 1778946438.229711, 'last_seen': 1778946438.230551, 'seen_count': 2, 'channels': [], 'avg_rssi': None}, '22:d4:62:57:ec:58': {'first_seen': 1778946438.54455, 'last_seen': 1778946438.545689, 'seen_count': 2, 'channels': [], 'avg_rssi': None}, '47:80:ec:00:fa:93': {'first_seen': 1778946438.860844, 'last_seen': 1778946438.861957, 'seen_count': 2, 'channels': [], 'avg_rssi': None}, '9b:79:8a:8d:3e:1b': {'first_seen': 1778946439.167523, 'last_seen': 1778946439.168607, 'seen_count': 2, 'channels': [], 'avg_rssi': None}, 'd6:0b:e3:9e:6f:65': {'first_seen': 1778946439.483128, 'last_seen': 1778946439.484001, 'seen_count': 2, 'channels': [], 'avg_rssi': None}, '64:49:94:ec:7e:0d': {'first_seen': 1778946439.791364, 'last_seen': 1778946439.792503, 'seen_count': 2, 'channels': [], 'avg_rssi': None}, '5e:39:49:89:e2:01': {'first_seen': 1778946440.112039, 'last_seen': 1778946440.112894, 'seen_count': 2, 'channels': [], 'avg_rssi': None}, 'd5:19:62:d7:bc:d6': {'first_seen': 1778946440.426668, 'last_seen': 1778946440.428035, 'seen_count': 2, 'channels': [], 'avg_rssi': None}, '6a:c4:6e:52:31:a5': {'first_seen': 1778946440.739256, 'last_seen': 1778946440.740302, 'seen_count': 2, 'channels': [], 'avg_rssi': None}, '21:6d:57:21:ef:4c': {'first_seen': 1778946441.0502, 'last_seen': 1778946441.051196, 'seen_count': 2, 'channels': [], 'avg_rssi': None}, 'ea:df:97:08:05:f4': {'first_seen': 1778946441.363133, 'last_seen': 1778946441.364212, 'seen_count': 2, 'channels': [], 'avg_rssi': None}, '7b:72:99:be:9b:5d': {'first_seen': 1778946441.678684, 'last_seen': 1778946441.6796, 'seen_count': 2, 'channels': [], 'avg_rssi': None}, '86:7b:80:e6:62:2f': {'first_seen': 1778946441.989986, 'last_seen': 1778946441.991128, 'seen_count': 2, 'channels': [], 'avg_rssi': None}, '9a:dc:1d:2e:92:30': {'first_seen': 1778946442.307888, 'last_seen': 1778946442.308885, 'seen_count': 2, 'channels': [], 'avg_rssi': None}, '5d:51:61:6d:80:d4': {'first_seen': 1778946442.621015, 'last_seen': 1778946442.622161, 'seen_count': 2, 'channels': [], 'avg_rssi': None}, 'e3:8a:6a:9b:66:d9': {'first_seen': 1778946442.930678, 'last_seen': 1778946442.931541, 'seen_count': 2, 'channels': [], 'avg_rssi': None}, '9b:e0:84:ec:aa:52': {'first_seen': 1778946443.247539, 'last_seen': 1778946443.248568, 'seen_count': 2, 'channels': [], 'avg_rssi': None}, 'f5:e7:bf:7a:32:29': {'first_seen': 1778946443.56277, 'last_seen': 1778946443.563706, 'seen_count': 2, 'channels': [], 'avg_rssi': None}, '69:83:fb:4d:c6:0d': {'first_seen': 1778946443.873128, 'last_seen': 1778946443.874102, 'seen_count': 2, 'channels': [], 'avg_rssi': None}, '70:79:24:b3:a8:89': {'first_seen': 1778946444.194475, 'last_seen': 1778946444.195359, 'seen_count': 2, 'channels': [], 'avg_rssi': None}, '66:09:d3:1c:48:4f': {'first_seen': 1778946444.510697, 'last_seen': 1778946444.511627, 'seen_count': 2, 'channels': [], 'avg_rssi': None}, '61:1d:04:87:36:40': {'first_seen': 1778946444.821946, 'last_seen': 1778946444.822897, 'seen_count': 2, 'channels': [], 'avg_rssi': None}, '75:dd:b8:1a:ee:e7': {'first_seen': 1778946445.135117, 'last_seen': 1778946445.13903, 'seen_count': 2, 'channels': [], 'avg_rssi': None}, '79:99:9a:df:b0:e2': {'first_seen': 1778946445.443023, 'last_seen': 1778946445.446044, 'seen_count': 2, 'channels': [], 'avg_rssi': None}, 'c4:54:8f:60:ff:4e': {'first_seen': 1778946445.759956, 'last_seen': 1778946445.761189, 'seen_count': 2, 'channels': [], 'avg_rssi': None}, '9b:2c:cf:56:15:c2': {'first_seen': 1778946446.070516, 'last_seen': 1778946446.071463, 'seen_count': 2, 'channels': [], 'avg_rssi': None}, 'de:bf:90:20:71:c0': {'first_seen': 1778946446.384767, 'last_seen': 1778946446.3876, 'seen_count': 2, 'channels': [], 'avg_rssi': None}, '17:4a:85:b2:7d:cc': {'first_seen': 1778946446.690916, 'last_seen': 1778946446.69212, 'seen_count': 2, 'channels': [], 'avg_rssi': None}, 'f1:26:0e:c1:21:e7': {'first_seen': 1778946447.001743, 'last_seen': 1778946447.00266, 'seen_count': 2, 'channels': [], 'avg_rssi': None}, 'b0:de:fc:39:ed:8c': {'first_seen': 1778946447.316509, 'last_seen': 1778946447.317526, 'seen_count': 2, 'channels': [], 'avg_rssi': None}, '73:83:6b:d4:0d:f0': {'first_seen': 1778946447.631701, 'last_seen': 1778946447.632542, 'seen_count': 2, 'channels': [], 'avg_rssi': None}, 'fa:ae:ce:6c:4a:50': {'first_seen': 1778946447.944445, 'last_seen': 1778946447.945316, 'seen_count': 2, 'channels': [], 'avg_rssi': None}, '5f:e2:a7:e6:13:90': {'first_seen': 1778946448.259096, 'last_seen': 1778946448.260319, 'seen_count': 2, 'channels': [], 'avg_rssi': None}, '2a:d0:ec:ac:7e:d8': {'first_seen': 1778946448.576857, 'last_seen': 1778946448.57796, 'seen_count': 2, 'channels': [], 'avg_rssi': None}, '32:89:38:95:b7:fe': {'first_seen': 1778946448.883702, 'last_seen': 1778946448.884726, 'seen_count': 2, 'channels': [], 'avg_rssi': None}, 'a1:6d:fd:19:e7:94': {'first_seen': 1778946449.1956, 'last_seen': 1778946449.196745, 'seen_count': 2, 'channels': [], 'avg_rssi': None}, 'd8:9e:12:48:34:e9': {'first_seen': 1778946449.506255, 'last_seen': 1778946449.507384, 'seen_count': 2, 'channels': [], 'avg_rssi': None}, '09:ed:74:fe:a5:2a': {'first_seen': 1778946449.818049, 'last_seen': 1778946449.81891, 'seen_count': 2, 'channels': [], 'avg_rssi': None}, '32:79:18:9b:26:e5': {'first_seen': 1778946450.134658, 'last_seen': 1778946450.135801, 'seen_count': 2, 'channels': [], 'avg_rssi': None}, 'ec:b1:98:72:aa:fa': {'first_seen': 1778946450.455232, 'last_seen': 1778946450.456433, 'seen_count': 2, 'channels': [], 'avg_rssi': None}, 'e3:03:74:67:e0:bb': {'first_seen': 1778946450.768054, 'last_seen': 1778946450.771325, 'seen_count': 2, 'channels': [], 'avg_rssi': None}, 'da:15:5e:90:35:b3': {'first_seen': 1778946451.07912, 'last_seen': 1778946451.080346, 'seen_count': 2, 'channels': [], 'avg_rssi': None}, '99:41:89:37:20:0f': {'first_seen': 1778946451.394683, 'last_seen': 1778946451.39573, 'seen_count': 2, 'channels': [], 'avg_rssi': None}, 'e5:6f:3b:65:72:36': {'first_seen': 1778946451.707702, 'last_seen': 1778946451.708619, 'seen_count': 2, 'channels': [], 'avg_rssi': None}, 'dd:80:55:0d:63:40': {'first_seen': 1778946452.016389, 'last_seen': 1778946452.017514, 'seen_count': 2, 'channels': [], 'avg_rssi': None}, 'c2:fa:ca:5b:90:e5': {'first_seen': 1778946452.325793, 'last_seen': 1778946452.326904, 'seen_count': 2, 'channels': [], 'avg_rssi': None}, 'ab:c4:10:fa:aa:0b': {'first_seen': 1778946452.638875, 'last_seen': 1778946452.639796, 'seen_count': 2, 'channels': [], 'avg_rssi': None}, 'ef:37:a0:a7:ca:07': {'first_seen': 1778946452.950228, 'last_seen': 1778946452.951319, 'seen_count': 2, 'channels': [], 'avg_rssi': None}, 'b2:90:95:dd:85:8d': {'first_seen': 1778946453.276769, 'last_seen': 1778946453.277703, 'seen_count': 2, 'channels': [], 'avg_rssi': None}, 'fe:6b:31:6e:e5:7c': {'first_seen': 1778946453.587749, 'last_seen': 1778946453.588854, 'seen_count': 2, 'channels': [], 'avg_rssi': None}, '11:fa:c0:66:99:8f': {'first_seen': 1778946453.89686, 'last_seen': 1778946453.897868, 'seen_count': 2, 'channels': [], 'avg_rssi': None}, '76:28:a8:ad:21:8c': {'first_seen': 1778946454.211883, 'last_seen': 1778946454.213003, 'seen_count': 2, 'channels': [], 'avg_rssi': None}, 'bc:61:e9:ae:8c:20': {'first_seen': 1778946454.530661, 'last_seen': 1778946454.53152, 'seen_count': 2, 'channels': [], 'avg_rssi': None}, 'ad:57:2d:55:fa:af': {'first_seen': 1778946454.841955, 'last_seen': 1778946454.842792, 'seen_count': 2, 'channels': [], 'avg_rssi': None}, 'da:6c:c7:2f:ec:b0': {'first_seen': 1778946455.154788, 'last_seen': 1778946455.154788, 'seen_count': 1, 'channels': [], 'avg_rssi': None}}}
!!!!!!!!!!!!!!!!!!!!!!!!!!!!!!!!!!!!!!!!!!!!!!!!!!!!!!!!!!!!!!!!!!!!!!!!!!!!!!!!


!!!!!!!!!!!!!!!!!!!!!!!!!!!!!!!!!!!!!!!!!!!!!!!!!!!!!!!!!!!!!!!!!!!!!!!!!!!!!!!!
[ALERT] ALERT-000045 | POTENTIAL_EVIL_TWIN
severity: LOW
time: 2026-05-16T15:47:35.164942
message: Wykryto potencjalny Evil Twin / Rogue AP dla SSID 'TestNet_011'. Zaobserwowano 99 różnych BSSID oraz podejrzane różnice parametrów sieci.
evidence: {'ssid': 'TestNet_011', 'bssid_count': 99, 'bssids': ['8c:f4:e2:cd:62:bd', '39:57:bc:2d:05:ab', 'd4:b9:2f:77:07:5d', '6d:95:0c:78:c9:90', '67:5c:f9:0e:dc:d2', 'bf:6e:a7:f6:04:c4', '3b:c3:7b:18:be:2b', '08:7e:ce:3e:22:70', '64:fe:83:07:3f:30', 'ff:0f:af:b4:ed:1e', '54:f8:9b:b1:b5:ed', '3b:27:a3:19:e9:2b', '5d:b1:07:25:46:88', '9a:89:ec:23:07:26', 'b7:57:d7:3c:c8:7a', '60:3c:8d:93:03:9a', 'fd:4f:ce:af:bc:05', '4f:7b:65:55:c2:e6', 'fc:c1:a7:7c:d0:15', '69:3f:bc:0e:69:ef', '61:a3:90:a6:c7:d9', '06:8f:7a:52:20:68', 'c8:62:92:88:e2:30', '07:55:a9:06:77:0b', '58:a2:a6:61:5d:76', '75:43:1a:3a:7f:51', 'ec:a8:2e:3e:2b:94', 'e2:d5:d0:fd:75:fa', 'e9:87:13:50:7f:6c', '72:9c:b7:d2:f3:8c', '01:9a:5e:73:76:b9', '2c:c7:d3:e9:92:62', '38:e7:1e:54:a7:c9', '12:ed:c5:07:be:fa', '03:3d:86:09:82:2e', '94:e3:19:54:ef:b2', '27:44:06:58:2d:00', 'a9:65:41:cd:61:0f', 'a5:c1:ed:82:cb:79', '96:8a:ec:a8:f1:78', '18:be:86:98:f8:c9', 'e9:b6:6a:e4:66:66', '25:fa:55:20:89:c6', 'c4:c1:fe:dc:3a:81', '3d:e9:f2:3b:1f:40', '59:16:32:03:a0:65', '61:57:55:03:2b:56', '1d:08:ae:11:96:fa', 'd5:85:96:52:97:5a', '70:28:4a:45:06:b2', 'e6:c7:2d:1f:20:61', 'e8:05:d9:ab:54:e4', '12:06:ea:f5:01:49', '8a:91:6d:89:b0:d0', 'd3:28:5b:cd:a6:cf', '60:02:50:a9:f4:35', '43:f7:4e:7c:5f:58', 'b4:fb:a7:55:42:d7', '81:2f:29:0a:b2:c8', 'bf:f9:22:f8:3a:3b', '69:eb:25:43:6a:8c', 'fa:f4:66:f9:ba:88', '77:c8:58:68:46:ca', '60:50:9c:c4:15:84', 'e7:e0:a3:03:25:d9', '44:ca:2b:e4:35:15', '36:41:c4:cf:7c:22', '47:45:89:9d:f5:89', 'd9:99:64:2b:35:08', 'ad:7d:98:64:4f:98', '56:73:80:38:28:2d', 'f0:69:3b:1e:4c:3b', 'e7:3c:db:3e:ac:1b', '93:3a:ea:18:6d:34', '41:00:fa:4d:ed:54', '30:84:63:33:3f:dc', '40:3a:91:69:a3:1d', 'e8:d5:db:47:eb:23', 'c8:42:74:32:dd:2a', 'e3:04:43:b8:c0:2b', 'be:80:ed:6f:e1:e9', 'c1:60:5c:17:e1:aa', 'e7:6c:80:2d:fa:37', '57:81:d5:d6:48:84', '9c:f3:0d:27:12:c4', '1a:ad:d4:08:33:da', '98:2b:ed:49:fd:f8', '78:03:67:b4:1e:6f', 'ab:6e:ea:04:5c:d0', 'f5:a1:86:0c:00:ff', '19:31:66:eb:69:67', 'f0:dc:e1:80:3e:83', '66:c5:31:01:54:17', 'ad:df:3f:a5:f6:7d', '27:bc:94:d7:20:b9', '5a:7c:8d:d4:f1:d7', 'f0:26:a4:4d:71:98', '89:f7:4c:a1:76:e7', '95:f3:65:71:0f:6b'], 'triggered_reasons': ['same_ssid_multiple_bssid'], 'observations': {'8c:f4:e2:cd:62:bd': {'first_seen': 1778946424.583569, 'last_seen': 1778946424.584478, 'seen_count': 2, 'channels': [], 'avg_rssi': None}, '39:57:bc:2d:05:ab': {'first_seen': 1778946424.896996, 'last_seen': 1778946424.898108, 'seen_count': 2, 'channels': [], 'avg_rssi': None}, 'd4:b9:2f:77:07:5d': {'first_seen': 1778946425.210501, 'last_seen': 1778946425.211501, 'seen_count': 2, 'channels': [], 'avg_rssi': None}, '6d:95:0c:78:c9:90': {'first_seen': 1778946425.516782, 'last_seen': 1778946425.517764, 'seen_count': 2, 'channels': [], 'avg_rssi': None}, '67:5c:f9:0e:dc:d2': {'first_seen': 1778946425.823271, 'last_seen': 1778946425.82442, 'seen_count': 2, 'channels': [], 'avg_rssi': None}, 'bf:6e:a7:f6:04:c4': {'first_seen': 1778946426.131319, 'last_seen': 1778946426.132296, 'seen_count': 2, 'channels': [], 'avg_rssi': None}, '3b:c3:7b:18:be:2b': {'first_seen': 1778946426.442041, 'last_seen': 1778946426.443202, 'seen_count': 2, 'channels': [], 'avg_rssi': None}, '08:7e:ce:3e:22:70': {'first_seen': 1778946426.74807, 'last_seen': 1778946426.749204, 'seen_count': 2, 'channels': [], 'avg_rssi': None}, '64:fe:83:07:3f:30': {'first_seen': 1778946427.058886, 'last_seen': 1778946427.05997, 'seen_count': 2, 'channels': [], 'avg_rssi': None}, 'ff:0f:af:b4:ed:1e': {'first_seen': 1778946427.368616, 'last_seen': 1778946427.369494, 'seen_count': 2, 'channels': [], 'avg_rssi': None}, '54:f8:9b:b1:b5:ed': {'first_seen': 1778946427.679402, 'last_seen': 1778946427.680637, 'seen_count': 2, 'channels': [], 'avg_rssi': None}, '3b:27:a3:19:e9:2b': {'first_seen': 1778946427.985429, 'last_seen': 1778946427.986267, 'seen_count': 2, 'channels': [], 'avg_rssi': None}, '5d:b1:07:25:46:88': {'first_seen': 1778946428.30076, 'last_seen': 1778946428.301784, 'seen_count': 2, 'channels': [], 'avg_rssi': None}, '9a:89:ec:23:07:26': {'first_seen': 1778946428.606655, 'last_seen': 1778946428.607814, 'seen_count': 2, 'channels': [], 'avg_rssi': None}, 'b7:57:d7:3c:c8:7a': {'first_seen': 1778946428.9154, 'last_seen': 1778946428.916316, 'seen_count': 2, 'channels': [], 'avg_rssi': None}, '60:3c:8d:93:03:9a': {'first_seen': 1778946429.223277, 'last_seen': 1778946429.224213, 'seen_count': 2, 'channels': [], 'avg_rssi': None}, 'fd:4f:ce:af:bc:05': {'first_seen': 1778946429.535461, 'last_seen': 1778946429.536474, 'seen_count': 2, 'channels': [], 'avg_rssi': None}, '4f:7b:65:55:c2:e6': {'first_seen': 1778946429.845965, 'last_seen': 1778946429.846998, 'seen_count': 2, 'channels': [], 'avg_rssi': None}, 'fc:c1:a7:7c:d0:15': {'first_seen': 1778946430.156371, 'last_seen': 1778946430.157515, 'seen_count': 2, 'channels': [], 'avg_rssi': None}, '69:3f:bc:0e:69:ef': {'first_seen': 1778946430.470607, 'last_seen': 1778946430.471664, 'seen_count': 2, 'channels': [], 'avg_rssi': None}, '61:a3:90:a6:c7:d9': {'first_seen': 1778946430.784758, 'last_seen': 1778946430.787919, 'seen_count': 2, 'channels': [], 'avg_rssi': None}, '06:8f:7a:52:20:68': {'first_seen': 1778946431.098182, 'last_seen': 1778946431.099304, 'seen_count': 2, 'channels': [], 'avg_rssi': None}, 'c8:62:92:88:e2:30': {'first_seen': 1778946431.407973, 'last_seen': 1778946431.408952, 'seen_count': 2, 'channels': [], 'avg_rssi': None}, '07:55:a9:06:77:0b': {'first_seen': 1778946431.718818, 'last_seen': 1778946431.719959, 'seen_count': 2, 'channels': [], 'avg_rssi': None}, '58:a2:a6:61:5d:76': {'first_seen': 1778946432.023733, 'last_seen': 1778946432.024855, 'seen_count': 2, 'channels': [], 'avg_rssi': None}, '75:43:1a:3a:7f:51': {'first_seen': 1778946432.328697, 'last_seen': 1778946432.329624, 'seen_count': 2, 'channels': [], 'avg_rssi': None}, 'ec:a8:2e:3e:2b:94': {'first_seen': 1778946432.637811, 'last_seen': 1778946432.638892, 'seen_count': 2, 'channels': [], 'avg_rssi': None}, 'e2:d5:d0:fd:75:fa': {'first_seen': 1778946432.949765, 'last_seen': 1778946432.952649, 'seen_count': 2, 'channels': [], 'avg_rssi': None}, 'e9:87:13:50:7f:6c': {'first_seen': 1778946433.256847, 'last_seen': 1778946433.25979, 'seen_count': 2, 'channels': [], 'avg_rssi': None}, '72:9c:b7:d2:f3:8c': {'first_seen': 1778946433.569065, 'last_seen': 1778946433.570074, 'seen_count': 2, 'channels': [], 'avg_rssi': None}, '01:9a:5e:73:76:b9': {'first_seen': 1778946433.879765, 'last_seen': 1778946433.880949, 'seen_count': 2, 'channels': [], 'avg_rssi': None}, '2c:c7:d3:e9:92:62': {'first_seen': 1778946434.188781, 'last_seen': 1778946434.189966, 'seen_count': 2, 'channels': [], 'avg_rssi': None}, '38:e7:1e:54:a7:c9': {'first_seen': 1778946434.493055, 'last_seen': 1778946434.494105, 'seen_count': 2, 'channels': [], 'avg_rssi': None}, '12:ed:c5:07:be:fa': {'first_seen': 1778946434.811656, 'last_seen': 1778946434.812746, 'seen_count': 2, 'channels': [], 'avg_rssi': None}, '03:3d:86:09:82:2e': {'first_seen': 1778946435.124454, 'last_seen': 1778946435.125636, 'seen_count': 2, 'channels': [], 'avg_rssi': None}, '94:e3:19:54:ef:b2': {'first_seen': 1778946435.44186, 'last_seen': 1778946435.442914, 'seen_count': 2, 'channels': [], 'avg_rssi': None}, '27:44:06:58:2d:00': {'first_seen': 1778946435.755548, 'last_seen': 1778946435.756674, 'seen_count': 2, 'channels': [], 'avg_rssi': None}, 'a9:65:41:cd:61:0f': {'first_seen': 1778946436.062898, 'last_seen': 1778946436.063811, 'seen_count': 2, 'channels': [], 'avg_rssi': None}, 'a5:c1:ed:82:cb:79': {'first_seen': 1778946436.368736, 'last_seen': 1778946436.369717, 'seen_count': 2, 'channels': [], 'avg_rssi': None}, '96:8a:ec:a8:f1:78': {'first_seen': 1778946436.682128, 'last_seen': 1778946436.68323, 'seen_count': 2, 'channels': [], 'avg_rssi': None}, '18:be:86:98:f8:c9': {'first_seen': 1778946437.002944, 'last_seen': 1778946437.003995, 'seen_count': 2, 'channels': [], 'avg_rssi': None}, 'e9:b6:6a:e4:66:66': {'first_seen': 1778946437.314849, 'last_seen': 1778946437.315753, 'seen_count': 2, 'channels': [], 'avg_rssi': None}, '25:fa:55:20:89:c6': {'first_seen': 1778946437.621023, 'last_seen': 1778946437.622017, 'seen_count': 2, 'channels': [], 'avg_rssi': None}, 'c4:c1:fe:dc:3a:81': {'first_seen': 1778946437.931279, 'last_seen': 1778946437.932168, 'seen_count': 2, 'channels': [], 'avg_rssi': None}, '3d:e9:f2:3b:1f:40': {'first_seen': 1778946438.239812, 'last_seen': 1778946438.240924, 'seen_count': 2, 'channels': [], 'avg_rssi': None}, '59:16:32:03:a0:65': {'first_seen': 1778946438.556708, 'last_seen': 1778946438.557566, 'seen_count': 2, 'channels': [], 'avg_rssi': None}, '61:57:55:03:2b:56': {'first_seen': 1778946438.870938, 'last_seen': 1778946438.872083, 'seen_count': 2, 'channels': [], 'avg_rssi': None}, '1d:08:ae:11:96:fa': {'first_seen': 1778946439.177646, 'last_seen': 1778946439.178607, 'seen_count': 2, 'channels': [], 'avg_rssi': None}, 'd5:85:96:52:97:5a': {'first_seen': 1778946439.493248, 'last_seen': 1778946439.494248, 'seen_count': 2, 'channels': [], 'avg_rssi': None}, '70:28:4a:45:06:b2': {'first_seen': 1778946439.802662, 'last_seen': 1778946439.803505, 'seen_count': 2, 'channels': [], 'avg_rssi': None}, 'e6:c7:2d:1f:20:61': {'first_seen': 1778946440.122145, 'last_seen': 1778946440.123148, 'seen_count': 2, 'channels': [], 'avg_rssi': None}, 'e8:05:d9:ab:54:e4': {'first_seen': 1778946440.437487, 'last_seen': 1778946440.438553, 'seen_count': 2, 'channels': [], 'avg_rssi': None}, '12:06:ea:f5:01:49': {'first_seen': 1778946440.749354, 'last_seen': 1778946440.750563, 'seen_count': 2, 'channels': [], 'avg_rssi': None}, '8a:91:6d:89:b0:d0': {'first_seen': 1778946441.06119, 'last_seen': 1778946441.062208, 'seen_count': 2, 'channels': [], 'avg_rssi': None}, 'd3:28:5b:cd:a6:cf': {'first_seen': 1778946441.373415, 'last_seen': 1778946441.374467, 'seen_count': 2, 'channels': [], 'avg_rssi': None}, '60:02:50:a9:f4:35': {'first_seen': 1778946441.688787, 'last_seen': 1778946441.689853, 'seen_count': 2, 'channels': [], 'avg_rssi': None}, '43:f7:4e:7c:5f:58': {'first_seen': 1778946442.000123, 'last_seen': 1778946442.00113, 'seen_count': 2, 'channels': [], 'avg_rssi': None}, 'b4:fb:a7:55:42:d7': {'first_seen': 1778946442.318046, 'last_seen': 1778946442.319008, 'seen_count': 2, 'channels': [], 'avg_rssi': None}, '81:2f:29:0a:b2:c8': {'first_seen': 1778946442.631109, 'last_seen': 1778946442.632313, 'seen_count': 2, 'channels': [], 'avg_rssi': None}, 'bf:f9:22:f8:3a:3b': {'first_seen': 1778946442.940826, 'last_seen': 1778946442.941799, 'seen_count': 2, 'channels': [], 'avg_rssi': None}, '69:eb:25:43:6a:8c': {'first_seen': 1778946443.257662, 'last_seen': 1778946443.258684, 'seen_count': 2, 'channels': [], 'avg_rssi': None}, 'fa:f4:66:f9:ba:88': {'first_seen': 1778946443.574466, 'last_seen': 1778946443.575324, 'seen_count': 2, 'channels': [], 'avg_rssi': None}, '77:c8:58:68:46:ca': {'first_seen': 1778946443.886691, 'last_seen': 1778946443.887594, 'seen_count': 2, 'channels': [], 'avg_rssi': None}, '60:50:9c:c4:15:84': {'first_seen': 1778946444.20457, 'last_seen': 1778946444.205737, 'seen_count': 2, 'channels': [], 'avg_rssi': None}, 'e7:e0:a3:03:25:d9': {'first_seen': 1778946444.52092, 'last_seen': 1778946444.524511, 'seen_count': 2, 'channels': [], 'avg_rssi': None}, '44:ca:2b:e4:35:15': {'first_seen': 1778946444.83283, 'last_seen': 1778946444.833889, 'seen_count': 2, 'channels': [], 'avg_rssi': None}, '36:41:c4:cf:7c:22': {'first_seen': 1778946445.145217, 'last_seen': 1778946445.146155, 'seen_count': 2, 'channels': [], 'avg_rssi': None}, '47:45:89:9d:f5:89': {'first_seen': 1778946445.453128, 'last_seen': 1778946445.454048, 'seen_count': 2, 'channels': [], 'avg_rssi': None}, 'd9:99:64:2b:35:08': {'first_seen': 1778946445.770056, 'last_seen': 1778946445.770946, 'seen_count': 2, 'channels': [], 'avg_rssi': None}, 'ad:7d:98:64:4f:98': {'first_seen': 1778946446.080641, 'last_seen': 1778946446.081589, 'seen_count': 2, 'channels': [], 'avg_rssi': None}, '56:73:80:38:28:2d': {'first_seen': 1778946446.394867, 'last_seen': 1778946446.395972, 'seen_count': 2, 'channels': [], 'avg_rssi': None}, 'f0:69:3b:1e:4c:3b': {'first_seen': 1778946446.701032, 'last_seen': 1778946446.70212, 'seen_count': 2, 'channels': [], 'avg_rssi': None}, 'e7:3c:db:3e:ac:1b': {'first_seen': 1778946447.011838, 'last_seen': 1778946447.012754, 'seen_count': 2, 'channels': [], 'avg_rssi': None}, '93:3a:ea:18:6d:34': {'first_seen': 1778946447.327328, 'last_seen': 1778946447.328443, 'seen_count': 2, 'channels': [], 'avg_rssi': None}, '41:00:fa:4d:ed:54': {'first_seen': 1778946447.642027, 'last_seen': 1778946447.643159, 'seen_count': 2, 'channels': [], 'avg_rssi': None}, '30:84:63:33:3f:dc': {'first_seen': 1778946447.954765, 'last_seen': 1778946447.955676, 'seen_count': 2, 'channels': [], 'avg_rssi': None}, '40:3a:91:69:a3:1d': {'first_seen': 1778946448.269415, 'last_seen': 1778946448.270578, 'seen_count': 2, 'channels': [], 'avg_rssi': None}, 'e8:d5:db:47:eb:23': {'first_seen': 1778946448.58697, 'last_seen': 1778946448.588098, 'seen_count': 2, 'channels': [], 'avg_rssi': None}, 'c8:42:74:32:dd:2a': {'first_seen': 1778946448.893794, 'last_seen': 1778946448.894849, 'seen_count': 2, 'channels': [], 'avg_rssi': None}, 'e3:04:43:b8:c0:2b': {'first_seen': 1778946449.205755, 'last_seen': 1778946449.206652, 'seen_count': 2, 'channels': [], 'avg_rssi': None}, 'be:80:ed:6f:e1:e9': {'first_seen': 1778946449.516348, 'last_seen': 1778946449.517258, 'seen_count': 2, 'channels': [], 'avg_rssi': None}, 'c1:60:5c:17:e1:aa': {'first_seen': 1778946449.828202, 'last_seen': 1778946449.829282, 'seen_count': 2, 'channels': [], 'avg_rssi': None}, 'e7:6c:80:2d:fa:37': {'first_seen': 1778946450.144762, 'last_seen': 1778946450.145669, 'seen_count': 2, 'channels': [], 'avg_rssi': None}, '57:81:d5:d6:48:84': {'first_seen': 1778946450.465328, 'last_seen': 1778946450.466181, 'seen_count': 2, 'channels': [], 'avg_rssi': None}, '9c:f3:0d:27:12:c4': {'first_seen': 1778946450.778681, 'last_seen': 1778946450.779824, 'seen_count': 2, 'channels': [], 'avg_rssi': None}, '1a:ad:d4:08:33:da': {'first_seen': 1778946451.089225, 'last_seen': 1778946451.09034, 'seen_count': 2, 'channels': [], 'avg_rssi': None}, '98:2b:ed:49:fd:f8': {'first_seen': 1778946451.404785, 'last_seen': 1778946451.405986, 'seen_count': 2, 'channels': [], 'avg_rssi': None}, '78:03:67:b4:1e:6f': {'first_seen': 1778946451.717794, 'last_seen': 1778946451.718747, 'seen_count': 2, 'channels': [], 'avg_rssi': None}, 'ab:6e:ea:04:5c:d0': {'first_seen': 1778946452.026905, 'last_seen': 1778946452.027764, 'seen_count': 2, 'channels': [], 'avg_rssi': None}, 'f5:a1:86:0c:00:ff': {'first_seen': 1778946452.335896, 'last_seen': 1778946452.336781, 'seen_count': 2, 'channels': [], 'avg_rssi': None}, '19:31:66:eb:69:67': {'first_seen': 1778946452.649, 'last_seen': 1778946452.650303, 'seen_count': 2, 'channels': [], 'avg_rssi': None}, 'f0:dc:e1:80:3e:83': {'first_seen': 1778946452.961357, 'last_seen': 1778946452.962687, 'seen_count': 2, 'channels': [], 'avg_rssi': None}, '66:c5:31:01:54:17': {'first_seen': 1778946453.286973, 'last_seen': 1778946453.287826, 'seen_count': 2, 'channels': [], 'avg_rssi': None}, 'ad:df:3f:a5:f6:7d': {'first_seen': 1778946453.597843, 'last_seen': 1778946453.598979, 'seen_count': 2, 'channels': [], 'avg_rssi': None}, '27:bc:94:d7:20:b9': {'first_seen': 1778946453.906988, 'last_seen': 1778946453.908113, 'seen_count': 2, 'channels': [], 'avg_rssi': None}, '5a:7c:8d:d4:f1:d7': {'first_seen': 1778946454.222157, 'last_seen': 1778946454.223263, 'seen_count': 2, 'channels': [], 'avg_rssi': None}, 'f0:26:a4:4d:71:98': {'first_seen': 1778946454.540759, 'last_seen': 1778946454.541768, 'seen_count': 2, 'channels': [], 'avg_rssi': None}, '89:f7:4c:a1:76:e7': {'first_seen': 1778946454.852053, 'last_seen': 1778946454.852952, 'seen_count': 2, 'channels': [], 'avg_rssi': None}, '95:f3:65:71:0f:6b': {'first_seen': 1778946455.164942, 'last_seen': 1778946455.164942, 'seen_count': 1, 'channels': [], 'avg_rssi': None}}}
!!!!!!!!!!!!!!!!!!!!!!!!!!!!!!!!!!!!!!!!!!!!!!!!!!!!!!!!!!!!!!!!!!!!!!!!!!!!!!!!


!!!!!!!!!!!!!!!!!!!!!!!!!!!!!!!!!!!!!!!!!!!!!!!!!!!!!!!!!!!!!!!!!!!!!!!!!!!!!!!!
[ALERT] ALERT-000046 | POTENTIAL_EVIL_TWIN
severity: LOW
time: 2026-05-16T15:47:35.175041
message: Wykryto potencjalny Evil Twin / Rogue AP dla SSID 'TestNet_012'. Zaobserwowano 99 różnych BSSID oraz podejrzane różnice parametrów sieci.
evidence: {'ssid': 'TestNet_012', 'bssid_count': 99, 'bssids': ['ca:ed:49:86:a0:86', '53:19:1c:93:31:ac', '35:dc:c6:7a:66:16', '9d:ca:e1:aa:cd:29', '0a:61:8c:6e:d9:ca', '4e:83:dd:3e:29:d8', '14:3e:fd:72:e2:c2', 'cd:6f:50:84:c0:06', '2b:9c:31:54:ef:81', 'e8:f3:b4:f0:35:b8', '08:78:ce:6e:de:76', '5a:08:a9:ae:23:10', '18:dc:d5:a3:ec:55', '5e:7d:97:d1:fb:a8', 'e3:7b:01:77:7b:16', '7e:e6:a0:94:a2:81', 'cd:1e:d0:14:92:26', '67:c8:e5:4c:36:03', '9a:9e:ff:f3:85:2a', 'a6:d4:b4:e3:58:5e', '4f:1a:e0:95:7f:79', 'df:12:ac:54:6f:00', '70:6e:62:89:9a:4a', '30:0e:b0:ac:3c:7a', 'ff:3a:aa:3d:5a:41', '94:68:5e:ee:a7:dc', '9b:21:cd:d9:e5:f5', 'f3:35:38:13:d6:c8', '49:c2:e6:96:a5:2c', 'd6:76:07:fc:09:73', 'f0:c4:e7:85:cc:1a', 'af:97:94:21:58:db', 'bd:6a:d0:64:1a:be', '98:6a:74:c3:fa:d1', '28:5c:1b:6b:04:8d', '03:e2:2d:d5:99:37', '85:2a:d1:90:2c:37', 'a2:04:7d:1c:f6:91', '6e:9a:80:3e:27:d5', '76:b0:7b:16:b1:f2', '22:3f:c8:d5:3f:9c', '09:a5:b1:99:9a:b6', 'f7:46:8f:c7:84:39', '81:59:db:9f:65:b2', '48:2d:3c:06:b8:18', '21:14:ce:9a:f3:3c', '51:5e:4b:47:06:36', 'a0:81:f2:21:49:da', 'c2:d4:46:46:63:d8', 'ce:17:8a:d9:be:60', 'de:23:39:ab:c6:99', '37:fd:1e:08:75:3f', 'd3:81:90:b3:dd:a1', '28:ea:3d:c9:15:34', '1e:a5:9e:f1:09:51', 'df:70:c7:b4:d3:a5', 'b9:b7:8d:e7:fe:57', '26:ee:2c:3d:6f:0b', '7b:33:bc:65:28:26', '5e:fd:66:d6:6c:29', '4d:6c:ca:37:c9:23', 'e1:f8:a0:d4:bb:a9', 'dc:1a:24:4e:40:cd', '31:43:11:19:8f:8b', '22:63:61:90:a3:14', 'f2:6b:17:23:94:70', 'f9:59:5d:57:f7:a2', 'd0:42:19:63:b4:be', '80:5d:f1:34:8d:62', '23:83:7a:88:84:fd', 'e5:41:9e:de:44:6a', 'ed:26:4b:4c:39:75', 'bf:f2:7f:eb:e8:19', '34:89:08:9f:29:77', 'a8:57:5f:c5:8b:69', '58:ed:1b:b8:7c:a7', '16:0f:fe:92:09:ed', 'da:da:d3:70:4e:ac', 'df:4d:f0:a1:86:fb', 'eb:4f:fa:9d:c1:fd', '55:6c:f1:5d:ad:32', '30:38:d4:7f:98:6e', '0d:56:1e:b2:f6:06', 'eb:9e:fc:28:ce:24', '05:b6:ee:a1:55:e5', '3c:92:19:b0:71:e1', '69:70:ea:4d:c4:87', '44:0e:c8:65:41:27', '33:d6:05:e6:17:11', '5b:25:b6:ec:a6:b4', '23:c1:dd:c6:00:b1', 'ac:3a:f5:d2:b5:d9', 'dc:12:bb:6e:b9:2e', '3e:0e:d8:35:17:54', '74:6b:47:f2:c6:a3', 'fc:5e:4e:f1:5b:3b', 'a3:c5:8a:60:a5:24', '38:29:11:bf:3b:48', 'f7:1d:2e:a1:b6:1a'], 'triggered_reasons': ['same_ssid_multiple_bssid'], 'observations': {'ca:ed:49:86:a0:86': {'first_seen': 1778946424.594675, 'last_seen': 1778946424.595592, 'seen_count': 2, 'channels': [], 'avg_rssi': None}, '53:19:1c:93:31:ac': {'first_seen': 1778946424.907093, 'last_seen': 1778946424.908233, 'seen_count': 2, 'channels': [], 'avg_rssi': None}, '35:dc:c6:7a:66:16': {'first_seen': 1778946425.220646, 'last_seen': 1778946425.221501, 'seen_count': 2, 'channels': [], 'avg_rssi': None}, '9d:ca:e1:aa:cd:29': {'first_seen': 1778946425.526903, 'last_seen': 1778946425.527777, 'seen_count': 2, 'channels': [], 'avg_rssi': None}, '0a:61:8c:6e:d9:ca': {'first_seen': 1778946425.833374, 'last_seen': 1778946425.834281, 'seen_count': 2, 'channels': [], 'avg_rssi': None}, '4e:83:dd:3e:29:d8': {'first_seen': 1778946426.141416, 'last_seen': 1778946426.142297, 'seen_count': 2, 'channels': [], 'avg_rssi': None}, '14:3e:fd:72:e2:c2': {'first_seen': 1778946426.45216, 'last_seen': 1778946426.453065, 'seen_count': 2, 'channels': [], 'avg_rssi': None}, 'cd:6f:50:84:c0:06': {'first_seen': 1778946426.758661, 'last_seen': 1778946426.759577, 'seen_count': 2, 'channels': [], 'avg_rssi': None}, '2b:9c:31:54:ef:81': {'first_seen': 1778946427.069003, 'last_seen': 1778946427.070098, 'seen_count': 2, 'channels': [], 'avg_rssi': None}, 'e8:f3:b4:f0:35:b8': {'first_seen': 1778946427.378732, 'last_seen': 1778946427.379868, 'seen_count': 2, 'channels': [], 'avg_rssi': None}, '08:78:ce:6e:de:76': {'first_seen': 1778946427.689538, 'last_seen': 1778946427.690513, 'seen_count': 2, 'channels': [], 'avg_rssi': None}, '5a:08:a9:ae:23:10': {'first_seen': 1778946427.995542, 'last_seen': 1778946427.996643, 'seen_count': 2, 'channels': [], 'avg_rssi': None}, '18:dc:d5:a3:ec:55': {'first_seen': 1778946428.310858, 'last_seen': 1778946428.311909, 'seen_count': 2, 'channels': [], 'avg_rssi': None}, '5e:7d:97:d1:fb:a8': {'first_seen': 1778946428.61676, 'last_seen': 1778946428.617925, 'seen_count': 2, 'channels': [], 'avg_rssi': None}, 'e3:7b:01:77:7b:16': {'first_seen': 1778946428.925546, 'last_seen': 1778946428.926698, 'seen_count': 2, 'channels': [], 'avg_rssi': None}, '7e:e6:a0:94:a2:81': {'first_seen': 1778946429.233396, 'last_seen': 1778946429.234339, 'seen_count': 2, 'channels': [], 'avg_rssi': None}, 'cd:1e:d0:14:92:26': {'first_seen': 1778946429.545566, 'last_seen': 1778946429.546609, 'seen_count': 2, 'channels': [], 'avg_rssi': None}, '67:c8:e5:4c:36:03': {'first_seen': 1778946429.856086, 'last_seen': 1778946429.856989, 'seen_count': 2, 'channels': [], 'avg_rssi': None}, '9a:9e:ff:f3:85:2a': {'first_seen': 1778946430.166474, 'last_seen': 1778946430.167391, 'seen_count': 2, 'channels': [], 'avg_rssi': None}, 'a6:d4:b4:e3:58:5e': {'first_seen': 1778946430.482929, 'last_seen': 1778946430.484152, 'seen_count': 2, 'channels': [], 'avg_rssi': None}, '4f:1a:e0:95:7f:79': {'first_seen': 1778946430.794855, 'last_seen': 1778946430.796038, 'seen_count': 2, 'channels': [], 'avg_rssi': None}, 'df:12:ac:54:6f:00': {'first_seen': 1778946431.10828, 'last_seen': 1778946431.109553, 'seen_count': 2, 'channels': [], 'avg_rssi': None}, '70:6e:62:89:9a:4a': {'first_seen': 1778946431.41807, 'last_seen': 1778946431.419194, 'seen_count': 2, 'channels': [], 'avg_rssi': None}, '30:0e:b0:ac:3c:7a': {'first_seen': 1778946431.728925, 'last_seen': 1778946431.729836, 'seen_count': 2, 'channels': [], 'avg_rssi': None}, 'ff:3a:aa:3d:5a:41': {'first_seen': 1778946432.033854, 'last_seen': 1778946432.034979, 'seen_count': 2, 'channels': [], 'avg_rssi': None}, '94:68:5e:ee:a7:dc': {'first_seen': 1778946432.33879, 'last_seen': 1778946432.339744, 'seen_count': 2, 'channels': [], 'avg_rssi': None}, '9b:21:cd:d9:e5:f5': {'first_seen': 1778946432.647917, 'last_seen': 1778946432.649144, 'seen_count': 2, 'channels': [], 'avg_rssi': None}, 'f3:35:38:13:d6:c8': {'first_seen': 1778946432.959862, 'last_seen': 1778946432.9609, 'seen_count': 2, 'channels': [], 'avg_rssi': None}, '49:c2:e6:96:a5:2c': {'first_seen': 1778946433.266943, 'last_seen': 1778946433.268166, 'seen_count': 2, 'channels': [], 'avg_rssi': None}, 'd6:76:07:fc:09:73': {'first_seen': 1778946433.579158, 'last_seen': 1778946433.580181, 'seen_count': 2, 'channels': [], 'avg_rssi': None}, 'f0:c4:e7:85:cc:1a': {'first_seen': 1778946433.88987, 'last_seen': 1778946433.890705, 'seen_count': 2, 'channels': [], 'avg_rssi': None}, 'af:97:94:21:58:db': {'first_seen': 1778946434.198877, 'last_seen': 1778946434.199839, 'seen_count': 2, 'channels': [], 'avg_rssi': None}, 'bd:6a:d0:64:1a:be': {'first_seen': 1778946434.503224, 'last_seen': 1778946434.504118, 'seen_count': 2, 'channels': [], 'avg_rssi': None}, '98:6a:74:c3:fa:d1': {'first_seen': 1778946434.821767, 'last_seen': 1778946434.82288, 'seen_count': 2, 'channels': [], 'avg_rssi': None}, '28:5c:1b:6b:04:8d': {'first_seen': 1778946435.138382, 'last_seen': 1778946435.141408, 'seen_count': 2, 'channels': [], 'avg_rssi': None}, '03:e2:2d:d5:99:37': {'first_seen': 1778946435.451967, 'last_seen': 1778946435.452905, 'seen_count': 2, 'channels': [], 'avg_rssi': None}, '85:2a:d1:90:2c:37': {'first_seen': 1778946435.766796, 'last_seen': 1778946435.767672, 'seen_count': 2, 'channels': [], 'avg_rssi': None}, 'a2:04:7d:1c:f6:91': {'first_seen': 1778946436.072996, 'last_seen': 1778946436.073937, 'seen_count': 2, 'channels': [], 'avg_rssi': None}, '6e:9a:80:3e:27:d5': {'first_seen': 1778946436.382743, 'last_seen': 1778946436.383577, 'seen_count': 2, 'channels': [], 'avg_rssi': None}, '76:b0:7b:16:b1:f2': {'first_seen': 1778946436.692245, 'last_seen': 1778946436.693355, 'seen_count': 2, 'channels': [], 'avg_rssi': None}, '22:3f:c8:d5:3f:9c': {'first_seen': 1778946437.013023, 'last_seen': 1778946437.014121, 'seen_count': 2, 'channels': [], 'avg_rssi': None}, '09:a5:b1:99:9a:b6': {'first_seen': 1778946437.325001, 'last_seen': 1778946437.326386, 'seen_count': 2, 'channels': [], 'avg_rssi': None}, 'f7:46:8f:c7:84:39': {'first_seen': 1778946437.631131, 'last_seen': 1778946437.632018, 'seen_count': 2, 'channels': [], 'avg_rssi': None}, '81:59:db:9f:65:b2': {'first_seen': 1778946437.941421, 'last_seen': 1778946437.942291, 'seen_count': 2, 'channels': [], 'avg_rssi': None}, '48:2d:3c:06:b8:18': {'first_seen': 1778946438.249924, 'last_seen': 1778946438.250799, 'seen_count': 2, 'channels': [], 'avg_rssi': None}, '21:14:ce:9a:f3:3c': {'first_seen': 1778946438.567139, 'last_seen': 1778946438.568068, 'seen_count': 2, 'channels': [], 'avg_rssi': None}, '51:5e:4b:47:06:36': {'first_seen': 1778946438.881047, 'last_seen': 1778946438.881959, 'seen_count': 2, 'channels': [], 'avg_rssi': None}, 'a0:81:f2:21:49:da': {'first_seen': 1778946439.189614, 'last_seen': 1778946439.1906, 'seen_count': 2, 'channels': [], 'avg_rssi': None}, 'c2:d4:46:46:63:d8': {'first_seen': 1778946439.503386, 'last_seen': 1778946439.507616, 'seen_count': 2, 'channels': [], 'avg_rssi': None}, 'ce:17:8a:d9:be:60': {'first_seen': 1778946439.812792, 'last_seen': 1778946439.813756, 'seen_count': 2, 'channels': [], 'avg_rssi': None}, 'de:23:39:ab:c6:99': {'first_seen': 1778946440.13224, 'last_seen': 1778946440.133148, 'seen_count': 2, 'channels': [], 'avg_rssi': None}, '37:fd:1e:08:75:3f': {'first_seen': 1778946440.449109, 'last_seen': 1778946440.450291, 'seen_count': 2, 'channels': [], 'avg_rssi': None}, 'd3:81:90:b3:dd:a1': {'first_seen': 1778946440.759478, 'last_seen': 1778946440.760555, 'seen_count': 2, 'channels': [], 'avg_rssi': None}, '28:ea:3d:c9:15:34': {'first_seen': 1778946441.071303, 'last_seen': 1778946441.072445, 'seen_count': 2, 'channels': [], 'avg_rssi': None}, '1e:a5:9e:f1:09:51': {'first_seen': 1778946441.383522, 'last_seen': 1778946441.384725, 'seen_count': 2, 'channels': [], 'avg_rssi': None}, 'df:70:c7:b4:d3:a5': {'first_seen': 1778946441.698899, 'last_seen': 1778946441.69998, 'seen_count': 2, 'channels': [], 'avg_rssi': None}, 'b9:b7:8d:e7:fe:57': {'first_seen': 1778946442.010243, 'last_seen': 1778946442.011121, 'seen_count': 2, 'channels': [], 'avg_rssi': None}, '26:ee:2c:3d:6f:0b': {'first_seen': 1778946442.330659, 'last_seen': 1778946442.334016, 'seen_count': 2, 'channels': [], 'avg_rssi': None}, '7b:33:bc:65:28:26': {'first_seen': 1778946442.641259, 'last_seen': 1778946442.642286, 'seen_count': 2, 'channels': [], 'avg_rssi': None}, '5e:fd:66:d6:6c:29': {'first_seen': 1778946442.950939, 'last_seen': 1778946442.951925, 'seen_count': 2, 'channels': [], 'avg_rssi': None}, '4d:6c:ca:37:c9:23': {'first_seen': 1778946443.26778, 'last_seen': 1778946443.268935, 'seen_count': 2, 'channels': [], 'avg_rssi': None}, 'e1:f8:a0:d4:bb:a9': {'first_seen': 1778946443.586662, 'last_seen': 1778946443.587576, 'seen_count': 2, 'channels': [], 'avg_rssi': None}, 'dc:1a:24:4e:40:cd': {'first_seen': 1778946443.896799, 'last_seen': 1778946443.897717, 'seen_count': 2, 'channels': [], 'avg_rssi': None}, '31:43:11:19:8f:8b': {'first_seen': 1778946444.21468, 'last_seen': 1778946444.216982, 'seen_count': 2, 'channels': [], 'avg_rssi': None}, '22:63:61:90:a3:14': {'first_seen': 1778946444.531017, 'last_seen': 1778946444.531877, 'seen_count': 2, 'channels': [], 'avg_rssi': None}, 'f2:6b:17:23:94:70': {'first_seen': 1778946444.843047, 'last_seen': 1778946444.846515, 'seen_count': 2, 'channels': [], 'avg_rssi': None}, 'f9:59:5d:57:f7:a2': {'first_seen': 1778946445.155312, 'last_seen': 1778946445.156156, 'seen_count': 2, 'channels': [], 'avg_rssi': None}, 'd0:42:19:63:b4:be': {'first_seen': 1778946445.464406, 'last_seen': 1778946445.465296, 'seen_count': 2, 'channels': [], 'avg_rssi': None}, '80:5d:f1:34:8d:62': {'first_seen': 1778946445.780155, 'last_seen': 1778946445.781316, 'seen_count': 2, 'channels': [], 'avg_rssi': None}, '23:83:7a:88:84:fd': {'first_seen': 1778946446.091954, 'last_seen': 1778946446.093084, 'seen_count': 2, 'channels': [], 'avg_rssi': None}, 'e5:41:9e:de:44:6a': {'first_seen': 1778946446.404977, 'last_seen': 1778946446.406099, 'seen_count': 2, 'channels': [], 'avg_rssi': None}, 'ed:26:4b:4c:39:75': {'first_seen': 1778946446.711142, 'last_seen': 1778946446.712116, 'seen_count': 2, 'channels': [], 'avg_rssi': None}, 'bf:f2:7f:eb:e8:19': {'first_seen': 1778946447.025615, 'last_seen': 1778946447.02676, 'seen_count': 2, 'channels': [], 'avg_rssi': None}, '34:89:08:9f:29:77': {'first_seen': 1778946447.337671, 'last_seen': 1778946447.338692, 'seen_count': 2, 'channels': [], 'avg_rssi': None}, 'a8:57:5f:c5:8b:69': {'first_seen': 1778946447.652121, 'last_seen': 1778946447.653286, 'seen_count': 2, 'channels': [], 'avg_rssi': None}, '58:ed:1b:b8:7c:a7': {'first_seen': 1778946447.964865, 'last_seen': 1778946447.965929, 'seen_count': 2, 'channels': [], 'avg_rssi': None}, '16:0f:fe:92:09:ed': {'first_seen': 1778946448.279546, 'last_seen': 1778946448.280455, 'seen_count': 2, 'channels': [], 'avg_rssi': None}, 'da:da:d3:70:4e:ac': {'first_seen': 1778946448.597085, 'last_seen': 1778946448.598219, 'seen_count': 2, 'channels': [], 'avg_rssi': None}, 'df:4d:f0:a1:86:fb': {'first_seen': 1778946448.903893, 'last_seen': 1778946448.90485, 'seen_count': 2, 'channels': [], 'avg_rssi': None}, 'eb:4f:fa:9d:c1:fd': {'first_seen': 1778946449.215853, 'last_seen': 1778946449.21687, 'seen_count': 2, 'channels': [], 'avg_rssi': None}, '55:6c:f1:5d:ad:32': {'first_seen': 1778946449.526459, 'last_seen': 1778946449.527637, 'seen_count': 2, 'channels': [], 'avg_rssi': None}, '30:38:d4:7f:98:6e': {'first_seen': 1778946449.838346, 'last_seen': 1778946449.839407, 'seen_count': 2, 'channels': [], 'avg_rssi': None}, '0d:56:1e:b2:f6:06': {'first_seen': 1778946450.15491, 'last_seen': 1778946450.15793, 'seen_count': 2, 'channels': [], 'avg_rssi': None}, 'eb:9e:fc:28:ce:24': {'first_seen': 1778946450.475431, 'last_seen': 1778946450.476434, 'seen_count': 2, 'channels': [], 'avg_rssi': None}, '05:b6:ee:a1:55:e5': {'first_seen': 1778946450.788774, 'last_seen': 1778946450.78984, 'seen_count': 2, 'channels': [], 'avg_rssi': None}, '3c:92:19:b0:71:e1': {'first_seen': 1778946451.099342, 'last_seen': 1778946451.100467, 'seen_count': 2, 'channels': [], 'avg_rssi': None}, '69:70:ea:4d:c4:87': {'first_seen': 1778946451.41704, 'last_seen': 1778946451.417982, 'seen_count': 2, 'channels': [], 'avg_rssi': None}, '44:0e:c8:65:41:27': {'first_seen': 1778946451.72789, 'last_seen': 1778946451.728999, 'seen_count': 2, 'channels': [], 'avg_rssi': None}, '33:d6:05:e6:17:11': {'first_seen': 1778946452.037015, 'last_seen': 1778946452.038156, 'seen_count': 2, 'channels': [], 'avg_rssi': None}, '5b:25:b6:ec:a6:b4': {'first_seen': 1778946452.346035, 'last_seen': 1778946452.347164, 'seen_count': 2, 'channels': [], 'avg_rssi': None}, '23:c1:dd:c6:00:b1': {'first_seen': 1778946452.659146, 'last_seen': 1778946452.660056, 'seen_count': 2, 'channels': [], 'avg_rssi': None}, 'ac:3a:f5:d2:b5:d9': {'first_seen': 1778946452.971715, 'last_seen': 1778946452.972936, 'seen_count': 2, 'channels': [], 'avg_rssi': None}, 'dc:12:bb:6e:b9:2e': {'first_seen': 1778946453.29708, 'last_seen': 1778946453.298205, 'seen_count': 2, 'channels': [], 'avg_rssi': None}, '3e:0e:d8:35:17:54': {'first_seen': 1778946453.607965, 'last_seen': 1778946453.608846, 'seen_count': 2, 'channels': [], 'avg_rssi': None}, '74:6b:47:f2:c6:a3': {'first_seen': 1778946453.917116, 'last_seen': 1778946453.918248, 'seen_count': 2, 'channels': [], 'avg_rssi': None}, 'fc:5e:4e:f1:5b:3b': {'first_seen': 1778946454.232242, 'last_seen': 1778946454.233251, 'seen_count': 2, 'channels': [], 'avg_rssi': None}, 'a3:c5:8a:60:a5:24': {'first_seen': 1778946454.550854, 'last_seen': 1778946454.551769, 'seen_count': 2, 'channels': [], 'avg_rssi': None}, '38:29:11:bf:3b:48': {'first_seen': 1778946454.86216, 'last_seen': 1778946454.863159, 'seen_count': 2, 'channels': [], 'avg_rssi': None}, 'f7:1d:2e:a1:b6:1a': {'first_seen': 1778946455.175041, 'last_seen': 1778946455.175041, 'seen_count': 1, 'channels': [], 'avg_rssi': None}}}
!!!!!!!!!!!!!!!!!!!!!!!!!!!!!!!!!!!!!!!!!!!!!!!!!!!!!!!!!!!!!!!!!!!!!!!!!!!!!!!!


!!!!!!!!!!!!!!!!!!!!!!!!!!!!!!!!!!!!!!!!!!!!!!!!!!!!!!!!!!!!!!!!!!!!!!!!!!!!!!!!
[ALERT] ALERT-000047 | POTENTIAL_EVIL_TWIN
severity: LOW
time: 2026-05-16T15:47:35.185153
message: Wykryto potencjalny Evil Twin / Rogue AP dla SSID 'TestNet_013'. Zaobserwowano 99 różnych BSSID oraz podejrzane różnice parametrów sieci.
evidence: {'ssid': 'TestNet_013', 'bssid_count': 99, 'bssids': ['d1:d0:8f:46:e1:2d', '82:f3:57:d5:f7:5f', '2e:da:b1:84:8b:87', 'c0:b5:7b:bf:4f:0d', '92:4b:c9:12:9b:23', '71:09:a5:43:b9:14', '2d:81:6e:7b:b0:6c', 'ed:8f:94:55:8f:77', '87:e5:56:0b:96:ce', '5b:7f:17:d4:76:fa', 'e6:62:03:42:52:9f', '7a:84:ca:93:83:87', '33:5f:fc:d8:6d:61', '5a:56:b1:b1:6c:99', 'aa:16:2b:eb:9a:5a', '0c:3a:cb:e1:14:96', '8a:7d:48:5b:3c:38', 'c2:74:21:22:ea:38', '92:8d:af:be:ec:4a', 'ce:d3:91:a7:a1:83', 'b6:bc:87:fc:04:cd', '50:6d:33:1d:6a:61', '29:44:cc:45:3d:80', '7e:50:7c:88:ed:d9', 'bd:09:d4:fc:66:1f', '90:6c:b7:c0:fc:e7', '7e:b6:d6:0b:8d:13', '02:e3:d9:ea:1c:89', 'c9:38:a3:4a:28:06', '57:23:1c:9e:63:96', '97:81:4a:c3:5c:3b', 'e5:33:67:ec:2b:78', '5c:d4:33:bb:5e:75', 'c9:37:33:7c:83:5a', 'dc:20:86:cb:b9:da', 'd2:1b:de:75:b8:3c', '86:62:3b:2c:e1:6e', '4a:97:ca:89:e3:cb', '1e:2b:0b:a4:8c:76', '1a:d7:e6:4a:22:ef', '81:2b:ce:05:fe:de', '8f:07:7b:0b:91:70', '60:70:c6:3b:e1:55', '38:fe:0b:54:ad:9c', '90:28:79:32:cc:06', '0f:61:48:b0:83:1d', '8a:80:8a:26:c7:0a', '59:ae:04:ab:49:7e', 'dc:86:97:8e:5d:a2', 'cd:a4:a3:bc:08:ec', 'bd:92:07:38:f1:40', '40:b8:ae:7e:8d:c7', 'a1:03:73:a0:6d:38', '63:8f:11:89:b1:7e', '98:75:53:c3:5f:32', 'ab:a8:51:31:23:c3', '9c:bd:88:e0:43:04', 'c6:61:f3:9d:fb:d0', '6f:5c:1b:9e:b9:6d', '71:cf:f9:6a:b3:83', 'a7:a3:a9:a8:3f:8a', 'f6:4b:72:9b:40:5a', '71:ed:f2:1c:57:75', '0c:97:9b:3a:07:14', '93:96:c2:1e:fc:cb', 'f0:28:4f:84:89:6d', '10:76:ef:3d:ec:cd', 'd2:83:80:03:fc:19', '2a:51:eb:01:15:40', '98:f6:0a:68:91:36', '77:b0:a1:d0:8e:60', '0d:21:b9:58:39:03', 'ae:a2:32:c4:93:58', '91:1f:fb:f7:cf:d9', '93:b0:1b:21:23:9e', 'f0:35:3e:1d:2f:ed', '0a:78:fd:44:d7:df', '73:24:3c:2b:4e:0d', 'c8:23:6b:9a:55:f4', '83:86:93:ed:27:00', 'a9:13:64:a2:ec:02', '84:7d:39:82:86:26', '2d:0e:fe:cd:40:77', '87:67:34:ac:53:e5', 'df:79:7f:b7:5c:83', 'b9:c9:e2:e2:a3:f8', '1e:39:9a:6a:d2:dc', 'e1:17:34:00:fc:a4', 'cb:4b:4c:79:28:cc', 'c6:59:a3:6b:1b:9e', '74:8e:77:1d:39:3b', 'f2:40:93:c4:2f:cb', '96:3c:a4:b8:ee:35', '58:11:2e:8a:0f:99', 'af:9d:ba:73:ae:b4', '48:cc:fb:e2:43:23', '22:de:9d:36:9a:ff', '83:b0:d1:87:5d:28', '74:fe:48:1a:d8:b5'], 'triggered_reasons': ['same_ssid_multiple_bssid'], 'observations': {'d1:d0:8f:46:e1:2d': {'first_seen': 1778946424.604786, 'last_seen': 1778946424.605857, 'seen_count': 2, 'channels': [], 'avg_rssi': None}, '82:f3:57:d5:f7:5f': {'first_seen': 1778946424.917209, 'last_seen': 1778946424.918368, 'seen_count': 2, 'channels': [], 'avg_rssi': None}, '2e:da:b1:84:8b:87': {'first_seen': 1778946425.23073, 'last_seen': 1778946425.231749, 'seen_count': 2, 'channels': [], 'avg_rssi': None}, 'c0:b5:7b:bf:4f:0d': {'first_seen': 1778946425.537026, 'last_seen': 1778946425.538149, 'seen_count': 2, 'channels': [], 'avg_rssi': None}, '92:4b:c9:12:9b:23': {'first_seen': 1778946425.84348, 'last_seen': 1778946425.844666, 'seen_count': 2, 'channels': [], 'avg_rssi': None}, '71:09:a5:43:b9:14': {'first_seen': 1778946426.151522, 'last_seen': 1778946426.152559, 'seen_count': 2, 'channels': [], 'avg_rssi': None}, '2d:81:6e:7b:b0:6c': {'first_seen': 1778946426.462261, 'last_seen': 1778946426.463203, 'seen_count': 2, 'channels': [], 'avg_rssi': None}, 'ed:8f:94:55:8f:77': {'first_seen': 1778946426.768753, 'last_seen': 1778946426.76983, 'seen_count': 2, 'channels': [], 'avg_rssi': None}, '87:e5:56:0b:96:ce': {'first_seen': 1778946427.082667, 'last_seen': 1778946427.083596, 'seen_count': 2, 'channels': [], 'avg_rssi': None}, '5b:7f:17:d4:76:fa': {'first_seen': 1778946427.38886, 'last_seen': 1778946427.389994, 'seen_count': 2, 'channels': [], 'avg_rssi': None}, 'e6:62:03:42:52:9f': {'first_seen': 1778946427.699651, 'last_seen': 1778946427.700628, 'seen_count': 2, 'channels': [], 'avg_rssi': None}, '7a:84:ca:93:83:87': {'first_seen': 1778946428.005669, 'last_seen': 1778946428.006778, 'seen_count': 2, 'channels': [], 'avg_rssi': None}, '33:5f:fc:d8:6d:61': {'first_seen': 1778946428.32095, 'last_seen': 1778946428.321785, 'seen_count': 2, 'channels': [], 'avg_rssi': None}, '5a:56:b1:b1:6c:99': {'first_seen': 1778946428.626894, 'last_seen': 1778946428.627809, 'seen_count': 2, 'channels': [], 'avg_rssi': None}, 'aa:16:2b:eb:9a:5a': {'first_seen': 1778946428.935651, 'last_seen': 1778946428.936576, 'seen_count': 2, 'channels': [], 'avg_rssi': None}, '0c:3a:cb:e1:14:96': {'first_seen': 1778946429.243795, 'last_seen': 1778946429.244707, 'seen_count': 2, 'channels': [], 'avg_rssi': None}, '8a:7d:48:5b:3c:38': {'first_seen': 1778946429.555662, 'last_seen': 1778946429.5566, 'seen_count': 2, 'channels': [], 'avg_rssi': None}, 'c2:74:21:22:ea:38': {'first_seen': 1778946429.866533, 'last_seen': 1778946429.867632, 'seen_count': 2, 'channels': [], 'avg_rssi': None}, '92:8d:af:be:ec:4a': {'first_seen': 1778946430.177916, 'last_seen': 1778946430.178884, 'seen_count': 2, 'channels': [], 'avg_rssi': None}, 'ce:d3:91:a7:a1:83': {'first_seen': 1778946430.493049, 'last_seen': 1778946430.495288, 'seen_count': 2, 'channels': [], 'avg_rssi': None}, 'b6:bc:87:fc:04:cd': {'first_seen': 1778946430.804964, 'last_seen': 1778946430.805914, 'seen_count': 2, 'channels': [], 'avg_rssi': None}, '50:6d:33:1d:6a:61': {'first_seen': 1778946431.118385, 'last_seen': 1778946431.119306, 'seen_count': 2, 'channels': [], 'avg_rssi': None}, '29:44:cc:45:3d:80': {'first_seen': 1778946431.428168, 'last_seen': 1778946431.429071, 'seen_count': 2, 'channels': [], 'avg_rssi': None}, '7e:50:7c:88:ed:d9': {'first_seen': 1778946431.739043, 'last_seen': 1778946431.739961, 'seen_count': 2, 'channels': [], 'avg_rssi': None}, 'bd:09:d4:fc:66:1f': {'first_seen': 1778946432.043946, 'last_seen': 1778946432.044851, 'seen_count': 2, 'channels': [], 'avg_rssi': None}, '90:6c:b7:c0:fc:e7': {'first_seen': 1778946432.348894, 'last_seen': 1778946432.349743, 'seen_count': 2, 'channels': [], 'avg_rssi': None}, '7e:b6:d6:0b:8d:13': {'first_seen': 1778946432.658057, 'last_seen': 1778946432.659016, 'seen_count': 2, 'channels': [], 'avg_rssi': None}, '02:e3:d9:ea:1c:89': {'first_seen': 1778946432.969983, 'last_seen': 1778946432.970909, 'seen_count': 2, 'channels': [], 'avg_rssi': None}, 'c9:38:a3:4a:28:06': {'first_seen': 1778946433.27793, 'last_seen': 1778946433.279042, 'seen_count': 2, 'channels': [], 'avg_rssi': None}, '57:23:1c:9e:63:96': {'first_seen': 1778946433.589252, 'last_seen': 1778946433.590182, 'seen_count': 2, 'channels': [], 'avg_rssi': None}, '97:81:4a:c3:5c:3b': {'first_seen': 1778946433.900006, 'last_seen': 1778946433.900958, 'seen_count': 2, 'channels': [], 'avg_rssi': None}, 'e5:33:67:ec:2b:78': {'first_seen': 1778946434.208971, 'last_seen': 1778946434.209841, 'seen_count': 2, 'channels': [], 'avg_rssi': None}, '5c:d4:33:bb:5e:75': {'first_seen': 1778946434.513328, 'last_seen': 1778946434.514239, 'seen_count': 2, 'channels': [], 'avg_rssi': None}, 'c9:37:33:7c:83:5a': {'first_seen': 1778946434.831917, 'last_seen': 1778946434.83288, 'seen_count': 2, 'channels': [], 'avg_rssi': None}, 'dc:20:86:cb:b9:da': {'first_seen': 1778946435.150675, 'last_seen': 1778946435.151528, 'seen_count': 2, 'channels': [], 'avg_rssi': None}, 'd2:1b:de:75:b8:3c': {'first_seen': 1778946435.46207, 'last_seen': 1778946435.463162, 'seen_count': 2, 'channels': [], 'avg_rssi': None}, '86:62:3b:2c:e1:6e': {'first_seen': 1778946435.776888, 'last_seen': 1778946435.778046, 'seen_count': 2, 'channels': [], 'avg_rssi': None}, '4a:97:ca:89:e3:cb': {'first_seen': 1778946436.083093, 'last_seen': 1778946436.083937, 'seen_count': 2, 'channels': [], 'avg_rssi': None}, '1e:2b:0b:a4:8c:76': {'first_seen': 1778946436.392837, 'last_seen': 1778946436.39383, 'seen_count': 2, 'channels': [], 'avg_rssi': None}, '1a:d7:e6:4a:22:ef': {'first_seen': 1778946436.702378, 'last_seen': 1778946436.703227, 'seen_count': 2, 'channels': [], 'avg_rssi': None}, '81:2b:ce:05:fe:de': {'first_seen': 1778946437.024957, 'last_seen': 1778946437.025991, 'seen_count': 2, 'channels': [], 'avg_rssi': None}, '8f:07:7b:0b:91:70': {'first_seen': 1778946437.335103, 'last_seen': 1778946437.336128, 'seen_count': 2, 'channels': [], 'avg_rssi': None}, '60:70:c6:3b:e1:55': {'first_seen': 1778946437.641262, 'last_seen': 1778946437.642403, 'seen_count': 2, 'channels': [], 'avg_rssi': None}, '38:fe:0b:54:ad:9c': {'first_seen': 1778946437.951542, 'last_seen': 1778946437.952668, 'seen_count': 2, 'channels': [], 'avg_rssi': None}, '90:28:79:32:cc:06': {'first_seen': 1778946438.260058, 'last_seen': 1778946438.261183, 'seen_count': 2, 'channels': [], 'avg_rssi': None}, '0f:61:48:b0:83:1d': {'first_seen': 1778946438.577238, 'last_seen': 1778946438.578443, 'seen_count': 2, 'channels': [], 'avg_rssi': None}, '8a:80:8a:26:c7:0a': {'first_seen': 1778946438.891161, 'last_seen': 1778946438.892339, 'seen_count': 2, 'channels': [], 'avg_rssi': None}, '59:ae:04:ab:49:7e': {'first_seen': 1778946439.19971, 'last_seen': 1778946439.20085, 'seen_count': 2, 'channels': [], 'avg_rssi': None}, 'dc:86:97:8e:5d:a2': {'first_seen': 1778946439.513488, 'last_seen': 1778946439.514645, 'seen_count': 2, 'channels': [], 'avg_rssi': None}, 'cd:a4:a3:bc:08:ec': {'first_seen': 1778946439.824259, 'last_seen': 1778946439.82514, 'seen_count': 2, 'channels': [], 'avg_rssi': None}, 'bd:92:07:38:f1:40': {'first_seen': 1778946440.142341, 'last_seen': 1778946440.143272, 'seen_count': 2, 'channels': [], 'avg_rssi': None}, '40:b8:ae:7e:8d:c7': {'first_seen': 1778946440.459203, 'last_seen': 1778946440.460048, 'seen_count': 2, 'channels': [], 'avg_rssi': None}, 'a1:03:73:a0:6d:38': {'first_seen': 1778946440.769625, 'last_seen': 1778946440.770688, 'seen_count': 2, 'channels': [], 'avg_rssi': None}, '63:8f:11:89:b1:7e': {'first_seen': 1778946441.081402, 'last_seen': 1778946441.082321, 'seen_count': 2, 'channels': [], 'avg_rssi': None}, '98:75:53:c3:5f:32': {'first_seen': 1778946441.393619, 'last_seen': 1778946441.394851, 'seen_count': 2, 'channels': [], 'avg_rssi': None}, 'ab:a8:51:31:23:c3': {'first_seen': 1778946441.709026, 'last_seen': 1778946441.710139, 'seen_count': 2, 'channels': [], 'avg_rssi': None}, '9c:bd:88:e0:43:04': {'first_seen': 1778946442.020339, 'last_seen': 1778946442.02126, 'seen_count': 2, 'channels': [], 'avg_rssi': None}, 'c6:61:f3:9d:fb:d0': {'first_seen': 1778946442.340768, 'last_seen': 1778946442.341887, 'seen_count': 2, 'channels': [], 'avg_rssi': None}, '6f:5c:1b:9e:b9:6d': {'first_seen': 1778946442.651355, 'last_seen': 1778946442.652538, 'seen_count': 2, 'channels': [], 'avg_rssi': None}, '71:cf:f9:6a:b3:83': {'first_seen': 1778946442.961053, 'last_seen': 1778946442.962044, 'seen_count': 2, 'channels': [], 'avg_rssi': None}, 'a7:a3:a9:a8:3f:8a': {'first_seen': 1778946443.278735, 'last_seen': 1778946443.279698, 'seen_count': 2, 'channels': [], 'avg_rssi': None}, 'f6:4b:72:9b:40:5a': {'first_seen': 1778946443.596763, 'last_seen': 1778946443.59783, 'seen_count': 2, 'channels': [], 'avg_rssi': None}, '71:ed:f2:1c:57:75': {'first_seen': 1778946443.906893, 'last_seen': 1778946443.91009, 'seen_count': 2, 'channels': [], 'avg_rssi': None}, '0c:97:9b:3a:07:14': {'first_seen': 1778946444.224787, 'last_seen': 1778946444.226739, 'seen_count': 2, 'channels': [], 'avg_rssi': None}, '93:96:c2:1e:fc:cb': {'first_seen': 1778946444.541143, 'last_seen': 1778946444.542007, 'seen_count': 2, 'channels': [], 'avg_rssi': None}, 'f0:28:4f:84:89:6d': {'first_seen': 1778946444.854662, 'last_seen': 1778946444.855517, 'seen_count': 2, 'channels': [], 'avg_rssi': None}, '10:76:ef:3d:ec:cd': {'first_seen': 1778946445.165406, 'last_seen': 1778946445.166534, 'seen_count': 2, 'channels': [], 'avg_rssi': None}, 'd2:83:80:03:fc:19': {'first_seen': 1778946445.474516, 'last_seen': 1778946445.475424, 'seen_count': 2, 'channels': [], 'avg_rssi': None}, '2a:51:eb:01:15:40': {'first_seen': 1778946445.790255, 'last_seen': 1778946445.791191, 'seen_count': 2, 'channels': [], 'avg_rssi': None}, '98:f6:0a:68:91:36': {'first_seen': 1778946446.102065, 'last_seen': 1778946446.103205, 'seen_count': 2, 'channels': [], 'avg_rssi': None}, '77:b0:a1:d0:8e:60': {'first_seen': 1778946446.415075, 'last_seen': 1778946446.415974, 'seen_count': 2, 'channels': [], 'avg_rssi': None}, '0d:21:b9:58:39:03': {'first_seen': 1778946446.722761, 'last_seen': 1778946446.723614, 'seen_count': 2, 'channels': [], 'avg_rssi': None}, 'ae:a2:32:c4:93:58': {'first_seen': 1778946447.035904, 'last_seen': 1778946447.037148, 'seen_count': 2, 'channels': [], 'avg_rssi': None}, '91:1f:fb:f7:cf:d9': {'first_seen': 1778946447.348113, 'last_seen': 1778946447.349164, 'seen_count': 2, 'channels': [], 'avg_rssi': None}, '93:b0:1b:21:23:9e': {'first_seen': 1778946447.662228, 'last_seen': 1778946447.663162, 'seen_count': 2, 'channels': [], 'avg_rssi': None}, 'f0:35:3e:1d:2f:ed': {'first_seen': 1778946447.975098, 'last_seen': 1778946447.976188, 'seen_count': 2, 'channels': [], 'avg_rssi': None}, '0a:78:fd:44:d7:df': {'first_seen': 1778946448.289672, 'last_seen': 1778946448.290828, 'seen_count': 2, 'channels': [], 'avg_rssi': None}, '73:24:3c:2b:4e:0d': {'first_seen': 1778946448.607193, 'last_seen': 1778946448.608346, 'seen_count': 2, 'channels': [], 'avg_rssi': None}, 'c8:23:6b:9a:55:f4': {'first_seen': 1778946448.914342, 'last_seen': 1778946448.915478, 'seen_count': 2, 'channels': [], 'avg_rssi': None}, '83:86:93:ed:27:00': {'first_seen': 1778946449.225963, 'last_seen': 1778946449.227119, 'seen_count': 2, 'channels': [], 'avg_rssi': None}, 'a9:13:64:a2:ec:02': {'first_seen': 1778946449.536564, 'last_seen': 1778946449.53751, 'seen_count': 2, 'channels': [], 'avg_rssi': None}, '84:7d:39:82:86:26': {'first_seen': 1778946449.848485, 'last_seen': 1778946449.850531, 'seen_count': 2, 'channels': [], 'avg_rssi': None}, '2d:0e:fe:cd:40:77': {'first_seen': 1778946450.164963, 'last_seen': 1778946450.165796, 'seen_count': 2, 'channels': [], 'avg_rssi': None}, '87:67:34:ac:53:e5': {'first_seen': 1778946450.485536, 'last_seen': 1778946450.486433, 'seen_count': 2, 'channels': [], 'avg_rssi': None}, 'df:79:7f:b7:5c:83': {'first_seen': 1778946450.79887, 'last_seen': 1778946450.800074, 'seen_count': 2, 'channels': [], 'avg_rssi': None}, 'b9:c9:e2:e2:a3:f8': {'first_seen': 1778946451.109473, 'last_seen': 1778946451.110351, 'seen_count': 2, 'channels': [], 'avg_rssi': None}, '1e:39:9a:6a:d2:dc': {'first_seen': 1778946451.427135, 'last_seen': 1778946451.42823, 'seen_count': 2, 'channels': [], 'avg_rssi': None}, 'e1:17:34:00:fc:a4': {'first_seen': 1778946451.737986, 'last_seen': 1778946451.739125, 'seen_count': 2, 'channels': [], 'avg_rssi': None}, 'cb:4b:4c:79:28:cc': {'first_seen': 1778946452.047112, 'last_seen': 1778946452.048277, 'seen_count': 2, 'channels': [], 'avg_rssi': None}, 'c6:59:a3:6b:1b:9e': {'first_seen': 1778946452.35616, 'last_seen': 1778946452.357163, 'seen_count': 2, 'channels': [], 'avg_rssi': None}, '74:8e:77:1d:39:3b': {'first_seen': 1778946452.669286, 'last_seen': 1778946452.670305, 'seen_count': 2, 'channels': [], 'avg_rssi': None}, 'f2:40:93:c4:2f:cb': {'first_seen': 1778946452.981811, 'last_seen': 1778946452.982813, 'seen_count': 2, 'channels': [], 'avg_rssi': None}, '96:3c:a4:b8:ee:35': {'first_seen': 1778946453.307178, 'last_seen': 1778946453.30808, 'seen_count': 2, 'channels': [], 'avg_rssi': None}, '58:11:2e:8a:0f:99': {'first_seen': 1778946453.619103, 'last_seen': 1778946453.620238, 'seen_count': 2, 'channels': [], 'avg_rssi': None}, 'af:9d:ba:73:ae:b4': {'first_seen': 1778946453.927241, 'last_seen': 1778946453.928369, 'seen_count': 2, 'channels': [], 'avg_rssi': None}, '48:cc:fb:e2:43:23': {'first_seen': 1778946454.24235, 'last_seen': 1778946454.243507, 'seen_count': 2, 'channels': [], 'avg_rssi': None}, '22:de:9d:36:9a:ff': {'first_seen': 1778946454.560946, 'last_seen': 1778946454.562144, 'seen_count': 2, 'channels': [], 'avg_rssi': None}, '83:b0:d1:87:5d:28': {'first_seen': 1778946454.872266, 'last_seen': 1778946454.873161, 'seen_count': 2, 'channels': [], 'avg_rssi': None}, '74:fe:48:1a:d8:b5': {'first_seen': 1778946455.185153, 'last_seen': 1778946455.185153, 'seen_count': 1, 'channels': [], 'avg_rssi': None}}}
!!!!!!!!!!!!!!!!!!!!!!!!!!!!!!!!!!!!!!!!!!!!!!!!!!!!!!!!!!!!!!!!!!!!!!!!!!!!!!!!


!!!!!!!!!!!!!!!!!!!!!!!!!!!!!!!!!!!!!!!!!!!!!!!!!!!!!!!!!!!!!!!!!!!!!!!!!!!!!!!!
[ALERT] ALERT-000048 | POTENTIAL_EVIL_TWIN
severity: LOW
time: 2026-05-16T15:47:35.195248
message: Wykryto potencjalny Evil Twin / Rogue AP dla SSID 'TestNet_014'. Zaobserwowano 99 różnych BSSID oraz podejrzane różnice parametrów sieci.
evidence: {'ssid': 'TestNet_014', 'bssid_count': 99, 'bssids': ['5c:11:32:12:9d:27', '90:0e:72:93:48:c9', '96:95:2e:64:69:e7', '52:3c:2c:07:a9:c1', 'e3:4b:62:37:b2:bf', '6a:be:85:ce:7d:f3', '2c:ed:4f:04:29:12', 'f2:28:be:ad:30:3c', '25:83:ad:e5:e7:ab', '07:57:5f:71:56:6e', '2a:4c:ae:37:a0:a6', 'd1:29:c6:3e:64:ed', '76:ff:68:e4:5c:19', '13:74:e8:a1:0e:71', '3e:70:d9:eb:27:30', 'db:38:c2:bb:98:ff', '7b:53:88:c5:50:d7', '3e:0d:ea:5a:5d:65', '34:ba:76:9b:b7:38', '27:e7:3b:90:51:7a', '43:99:f2:45:fa:96', '77:4c:92:0a:52:21', 'ed:16:3d:cb:df:9f', 'ea:58:e1:e0:5f:36', 'e3:b9:5b:83:11:fd', '3f:ff:56:40:74:99', '3f:e3:6c:6c:cf:14', 'f0:40:52:58:22:27', '4d:85:9d:9f:6e:24', '3c:fe:6a:44:70:06', 'aa:21:11:6a:22:ab', 'f6:a7:d9:ab:d4:a1', 'cd:c4:df:0f:fc:c6', 'de:21:13:08:33:00', 'dc:5c:a1:74:5f:de', '2b:f1:cd:c1:85:b1', 'da:e4:96:2e:0b:da', '39:36:15:8d:e0:7a', 'b6:14:8e:31:ba:4f', '17:7f:6e:4d:15:f8', '20:1f:cf:e6:37:8d', '22:aa:5d:e8:93:13', '88:29:a3:e5:4e:9d', 'c5:04:ed:d4:c8:ae', '5f:1a:20:47:57:09', '6a:1d:69:31:76:80', 'a5:52:cf:6a:b3:27', '51:5c:0b:e3:7a:13', 'd7:d7:22:06:ac:a7', '5d:44:88:ff:b4:b1', '83:07:1f:a9:ed:e6', 'b6:1e:59:50:06:5e', 'b4:7b:6c:51:8d:73', '2c:97:9a:5e:21:2b', '4e:fe:19:25:d1:41', '27:c6:b9:a2:26:bb', '90:84:e9:38:c8:e1', 'eb:1a:ce:b2:cf:ca', 'd4:20:c2:6f:a2:f1', 'ae:a3:0e:88:62:07', '7e:ab:18:ad:15:03', '84:d4:6c:55:cf:60', '25:89:fc:47:00:c5', 'e8:53:64:79:b4:b5', '40:8e:53:7f:75:33', 'c8:22:c8:2f:66:92', 'dd:8a:4b:5f:c0:8d', '7f:1b:2c:4c:63:71', 'df:44:a8:32:1e:41', 'fa:6d:57:fc:1a:d4', '20:bb:38:a4:11:ab', 'a9:ae:71:9d:9e:da', 'b9:6c:02:16:54:3f', '80:ea:c2:c2:7d:fc', '7d:83:d7:1d:c5:d7', '3c:87:67:a4:b7:eb', '7b:90:31:34:d0:6b', 'ef:54:00:55:3d:d5', 'd1:05:a6:fc:cd:e9', '7e:8c:d2:8f:6f:d6', '9d:af:be:c4:6d:3e', '20:d9:07:7b:9a:67', 'ca:86:dc:db:6d:49', '3e:a3:6a:6c:fa:eb', 'e6:91:aa:65:2d:9d', 'f3:a2:63:31:bc:10', '02:54:ca:9a:ed:f5', '71:a5:cb:5c:1d:ce', '0f:a9:7f:72:55:ed', '1a:fd:ce:1d:f2:70', '38:8d:a2:3a:a6:d3', '6c:49:56:36:39:32', 'da:68:0c:e3:cf:d1', '37:00:4d:9a:ad:2c', 'c3:16:7b:43:3d:37', '17:78:51:c8:d2:ce', '3f:7e:a8:4b:6e:ce', '64:56:e1:34:df:d8', '91:f7:ae:37:8c:a2'], 'triggered_reasons': ['same_ssid_multiple_bssid'], 'observations': {'5c:11:32:12:9d:27': {'first_seen': 1778946424.615815, 'last_seen': 1778946424.616718, 'seen_count': 2, 'channels': [], 'avg_rssi': None}, '90:0e:72:93:48:c9': {'first_seen': 1778946424.927335, 'last_seen': 1778946424.928234, 'seen_count': 2, 'channels': [], 'avg_rssi': None}, '96:95:2e:64:69:e7': {'first_seen': 1778946425.240825, 'last_seen': 1778946425.241749, 'seen_count': 2, 'channels': [], 'avg_rssi': None}, '52:3c:2c:07:a9:c1': {'first_seen': 1778946425.547125, 'last_seen': 1778946425.548015, 'seen_count': 2, 'channels': [], 'avg_rssi': None}, 'e3:4b:62:37:b2:bf': {'first_seen': 1778946425.853593, 'last_seen': 1778946425.854541, 'seen_count': 2, 'channels': [], 'avg_rssi': None}, '6a:be:85:ce:7d:f3': {'first_seen': 1778946426.161651, 'last_seen': 1778946426.162805, 'seen_count': 2, 'channels': [], 'avg_rssi': None}, '2c:ed:4f:04:29:12': {'first_seen': 1778946426.472384, 'last_seen': 1778946426.473448, 'seen_count': 2, 'channels': [], 'avg_rssi': None}, 'f2:28:be:ad:30:3c': {'first_seen': 1778946426.77887, 'last_seen': 1778946426.779955, 'seen_count': 2, 'channels': [], 'avg_rssi': None}, '25:83:ad:e5:e7:ab': {'first_seen': 1778946427.092772, 'last_seen': 1778946427.093596, 'seen_count': 2, 'channels': [], 'avg_rssi': None}, '07:57:5f:71:56:6e': {'first_seen': 1778946427.399242, 'last_seen': 1778946427.400245, 'seen_count': 2, 'channels': [], 'avg_rssi': None}, '2a:4c:ae:37:a0:a6': {'first_seen': 1778946427.709768, 'last_seen': 1778946427.711012, 'seen_count': 2, 'channels': [], 'avg_rssi': None}, 'd1:29:c6:3e:64:ed': {'first_seen': 1778946428.015754, 'last_seen': 1778946428.016892, 'seen_count': 2, 'channels': [], 'avg_rssi': None}, '76:ff:68:e4:5c:19': {'first_seen': 1778946428.331064, 'last_seen': 1778946428.331908, 'seen_count': 2, 'channels': [], 'avg_rssi': None}, '13:74:e8:a1:0e:71': {'first_seen': 1778946428.637012, 'last_seen': 1778946428.637935, 'seen_count': 2, 'channels': [], 'avg_rssi': None}, '3e:70:d9:eb:27:30': {'first_seen': 1778946428.945753, 'last_seen': 1778946428.946821, 'seen_count': 2, 'channels': [], 'avg_rssi': None}, 'db:38:c2:bb:98:ff': {'first_seen': 1778946429.253918, 'last_seen': 1778946429.254838, 'seen_count': 2, 'channels': [], 'avg_rssi': None}, '7b:53:88:c5:50:d7': {'first_seen': 1778946429.56578, 'last_seen': 1778946429.566857, 'seen_count': 2, 'channels': [], 'avg_rssi': None}, '3e:0d:ea:5a:5d:65': {'first_seen': 1778946429.878535, 'last_seen': 1778946429.880751, 'seen_count': 2, 'channels': [], 'avg_rssi': None}, '34:ba:76:9b:b7:38': {'first_seen': 1778946430.188011, 'last_seen': 1778946430.189257, 'seen_count': 2, 'channels': [], 'avg_rssi': None}, '27:e7:3b:90:51:7a': {'first_seen': 1778946430.503343, 'last_seen': 1778946430.504276, 'seen_count': 2, 'channels': [], 'avg_rssi': None}, '43:99:f2:45:fa:96': {'first_seen': 1778946430.815405, 'last_seen': 1778946430.816295, 'seen_count': 2, 'channels': [], 'avg_rssi': None}, '77:4c:92:0a:52:21': {'first_seen': 1778946431.128482, 'last_seen': 1778946431.12943, 'seen_count': 2, 'channels': [], 'avg_rssi': None}, 'ed:16:3d:cb:df:9f': {'first_seen': 1778946431.438465, 'last_seen': 1778946431.439329, 'seen_count': 2, 'channels': [], 'avg_rssi': None}, 'ea:58:e1:e0:5f:36': {'first_seen': 1778946431.749153, 'last_seen': 1778946431.750092, 'seen_count': 2, 'channels': [], 'avg_rssi': None}, 'e3:b9:5b:83:11:fd': {'first_seen': 1778946432.054044, 'last_seen': 1778946432.054978, 'seen_count': 2, 'channels': [], 'avg_rssi': None}, '3f:ff:56:40:74:99': {'first_seen': 1778946432.358989, 'last_seen': 1778946432.360119, 'seen_count': 2, 'channels': [], 'avg_rssi': None}, '3f:e3:6c:6c:cf:14': {'first_seen': 1778946432.668184, 'last_seen': 1778946432.669396, 'seen_count': 2, 'channels': [], 'avg_rssi': None}, 'f0:40:52:58:22:27': {'first_seen': 1778946432.98006, 'last_seen': 1778946432.9809, 'seen_count': 2, 'channels': [], 'avg_rssi': None}, '4d:85:9d:9f:6e:24': {'first_seen': 1778946433.288028, 'last_seen': 1778946433.289166, 'seen_count': 2, 'channels': [], 'avg_rssi': None}, '3c:fe:6a:44:70:06': {'first_seen': 1778946433.599367, 'last_seen': 1778946433.600559, 'seen_count': 2, 'channels': [], 'avg_rssi': None}, 'aa:21:11:6a:22:ab': {'first_seen': 1778946433.912036, 'last_seen': 1778946433.912953, 'seen_count': 2, 'channels': [], 'avg_rssi': None}, 'f6:a7:d9:ab:d4:a1': {'first_seen': 1778946434.219088, 'last_seen': 1778946434.220217, 'seen_count': 2, 'channels': [], 'avg_rssi': None}, 'cd:c4:df:0f:fc:c6': {'first_seen': 1778946434.524047, 'last_seen': 1778946434.52523, 'seen_count': 2, 'channels': [], 'avg_rssi': None}, 'de:21:13:08:33:00': {'first_seen': 1778946434.842169, 'last_seen': 1778946434.843122, 'seen_count': 2, 'channels': [], 'avg_rssi': None}, 'dc:5c:a1:74:5f:de': {'first_seen': 1778946435.160818, 'last_seen': 1778946435.162019, 'seen_count': 2, 'channels': [], 'avg_rssi': None}, '2b:f1:cd:c1:85:b1': {'first_seen': 1778946435.472207, 'last_seen': 1778946435.473289, 'seen_count': 2, 'channels': [], 'avg_rssi': None}, 'da:e4:96:2e:0b:da': {'first_seen': 1778946435.786983, 'last_seen': 1778946435.787796, 'seen_count': 2, 'channels': [], 'avg_rssi': None}, '39:36:15:8d:e0:7a': {'first_seen': 1778946436.093191, 'last_seen': 1778946436.094313, 'seen_count': 2, 'channels': [], 'avg_rssi': None}, 'b6:14:8e:31:ba:4f': {'first_seen': 1778946436.402954, 'last_seen': 1778946436.404088, 'seen_count': 2, 'channels': [], 'avg_rssi': None}, '17:7f:6e:4d:15:f8': {'first_seen': 1778946436.712476, 'last_seen': 1778946436.713471, 'seen_count': 2, 'channels': [], 'avg_rssi': None}, '20:1f:cf:e6:37:8d': {'first_seen': 1778946437.035049, 'last_seen': 1778946437.035989, 'seen_count': 2, 'channels': [], 'avg_rssi': None}, '22:aa:5d:e8:93:13': {'first_seen': 1778946437.345237, 'last_seen': 1778946437.346511, 'seen_count': 2, 'channels': [], 'avg_rssi': None}, '88:29:a3:e5:4e:9d': {'first_seen': 1778946437.65136, 'last_seen': 1778946437.652519, 'seen_count': 2, 'channels': [], 'avg_rssi': None}, 'c5:04:ed:d4:c8:ae': {'first_seen': 1778946437.961663, 'last_seen': 1778946437.962792, 'seen_count': 2, 'channels': [], 'avg_rssi': None}, '5f:1a:20:47:57:09': {'first_seen': 1778946438.27016, 'last_seen': 1778946438.271176, 'seen_count': 2, 'channels': [], 'avg_rssi': None}, '6a:1d:69:31:76:80': {'first_seen': 1778946438.587835, 'last_seen': 1778946438.588943, 'seen_count': 2, 'channels': [], 'avg_rssi': None}, 'a5:52:cf:6a:b3:27': {'first_seen': 1778946438.901261, 'last_seen': 1778946438.902458, 'seen_count': 2, 'channels': [], 'avg_rssi': None}, '51:5c:0b:e3:7a:13': {'first_seen': 1778946439.211697, 'last_seen': 1778946439.212608, 'seen_count': 2, 'channels': [], 'avg_rssi': None}, 'd7:d7:22:06:ac:a7': {'first_seen': 1778946439.523595, 'last_seen': 1778946439.524491, 'seen_count': 2, 'channels': [], 'avg_rssi': None}, '5d:44:88:ff:b4:b1': {'first_seen': 1778946439.834363, 'last_seen': 1778946439.835527, 'seen_count': 2, 'channels': [], 'avg_rssi': None}, '83:07:1f:a9:ed:e6': {'first_seen': 1778946440.152433, 'last_seen': 1778946440.153649, 'seen_count': 2, 'channels': [], 'avg_rssi': None}, 'b6:1e:59:50:06:5e': {'first_seen': 1778946440.469392, 'last_seen': 1778946440.470287, 'seen_count': 2, 'channels': [], 'avg_rssi': None}, 'b4:7b:6c:51:8d:73': {'first_seen': 1778946440.779725, 'last_seen': 1778946440.780932, 'seen_count': 2, 'channels': [], 'avg_rssi': None}, '2c:97:9a:5e:21:2b': {'first_seen': 1778946441.091494, 'last_seen': 1778946441.092698, 'seen_count': 2, 'channels': [], 'avg_rssi': None}, '4e:fe:19:25:d1:41': {'first_seen': 1778946441.403709, 'last_seen': 1778946441.40459, 'seen_count': 2, 'channels': [], 'avg_rssi': None}, '27:c6:b9:a2:26:bb': {'first_seen': 1778946441.719146, 'last_seen': 1778946441.720361, 'seen_count': 2, 'channels': [], 'avg_rssi': None}, '90:84:e9:38:c8:e1': {'first_seen': 1778946442.030879, 'last_seen': 1778946442.031999, 'seen_count': 2, 'channels': [], 'avg_rssi': None}, 'eb:1a:ce:b2:cf:ca': {'first_seen': 1778946442.35097, 'last_seen': 1778946442.351887, 'seen_count': 2, 'channels': [], 'avg_rssi': None}, 'd4:20:c2:6f:a2:f1': {'first_seen': 1778946442.662829, 'last_seen': 1778946442.663779, 'seen_count': 2, 'channels': [], 'avg_rssi': None}, 'ae:a3:0e:88:62:07': {'first_seen': 1778946442.971165, 'last_seen': 1778946442.972303, 'seen_count': 2, 'channels': [], 'avg_rssi': None}, '7e:ab:18:ad:15:03': {'first_seen': 1778946443.288862, 'last_seen': 1778946443.290064, 'seen_count': 2, 'channels': [], 'avg_rssi': None}, '84:d4:6c:55:cf:60': {'first_seen': 1778946443.606854, 'last_seen': 1778946443.607833, 'seen_count': 2, 'channels': [], 'avg_rssi': None}, '25:89:fc:47:00:c5': {'first_seen': 1778946443.916995, 'last_seen': 1778946443.918217, 'seen_count': 2, 'channels': [], 'avg_rssi': None}, 'e8:53:64:79:b4:b5': {'first_seen': 1778946444.238456, 'last_seen': 1778946444.23936, 'seen_count': 2, 'channels': [], 'avg_rssi': None}, '40:8e:53:7f:75:33': {'first_seen': 1778946444.551255, 'last_seen': 1778946444.552385, 'seen_count': 2, 'channels': [], 'avg_rssi': None}, 'c8:22:c8:2f:66:92': {'first_seen': 1778946444.86476, 'last_seen': 1778946444.865912, 'seen_count': 2, 'channels': [], 'avg_rssi': None}, 'dd:8a:4b:5f:c0:8d': {'first_seen': 1778946445.175508, 'last_seen': 1778946445.176535, 'seen_count': 2, 'channels': [], 'avg_rssi': None}, '7f:1b:2c:4c:63:71': {'first_seen': 1778946445.484637, 'last_seen': 1778946445.485557, 'seen_count': 2, 'channels': [], 'avg_rssi': None}, 'df:44:a8:32:1e:41': {'first_seen': 1778946445.80038, 'last_seen': 1778946445.801448, 'seen_count': 2, 'channels': [], 'avg_rssi': None}, 'fa:6d:57:fc:1a:d4': {'first_seen': 1778946446.114872, 'last_seen': 1778946446.116083, 'seen_count': 2, 'channels': [], 'avg_rssi': None}, '20:bb:38:a4:11:ab': {'first_seen': 1778946446.425449, 'last_seen': 1778946446.426356, 'seen_count': 2, 'channels': [], 'avg_rssi': None}, 'a9:ae:71:9d:9e:da': {'first_seen': 1778946446.733007, 'last_seen': 1778946446.733867, 'seen_count': 2, 'channels': [], 'avg_rssi': None}, 'b9:6c:02:16:54:3f': {'first_seen': 1778946447.04618, 'last_seen': 1778946447.04713, 'seen_count': 2, 'channels': [], 'avg_rssi': None}, '80:ea:c2:c2:7d:fc': {'first_seen': 1778946447.358212, 'last_seen': 1778946447.359146, 'seen_count': 2, 'channels': [], 'avg_rssi': None}, '7d:83:d7:1d:c5:d7': {'first_seen': 1778946447.672324, 'last_seen': 1778946447.673916, 'seen_count': 2, 'channels': [], 'avg_rssi': None}, '3c:87:67:a4:b7:eb': {'first_seen': 1778946447.985201, 'last_seen': 1778946447.986304, 'seen_count': 2, 'channels': [], 'avg_rssi': None}, '7b:90:31:34:d0:6b': {'first_seen': 1778946448.299814, 'last_seen': 1778946448.300954, 'seen_count': 2, 'channels': [], 'avg_rssi': None}, 'ef:54:00:55:3d:d5': {'first_seen': 1778946448.618082, 'last_seen': 1778946448.61909, 'seen_count': 2, 'channels': [], 'avg_rssi': None}, 'd1:05:a6:fc:cd:e9': {'first_seen': 1778946448.924438, 'last_seen': 1778946448.925352, 'seen_count': 2, 'channels': [], 'avg_rssi': None}, '7e:8c:d2:8f:6f:d6': {'first_seen': 1778946449.236053, 'last_seen': 1778946449.237118, 'seen_count': 2, 'channels': [], 'avg_rssi': None}, '9d:af:be:c4:6d:3e': {'first_seen': 1778946449.546676, 'last_seen': 1778946449.54789, 'seen_count': 2, 'channels': [], 'avg_rssi': None}, '20:d9:07:7b:9a:67': {'first_seen': 1778946449.858587, 'last_seen': 1778946449.85978, 'seen_count': 2, 'channels': [], 'avg_rssi': None}, 'ca:86:dc:db:6d:49': {'first_seen': 1778946450.178234, 'last_seen': 1778946450.179424, 'seen_count': 2, 'channels': [], 'avg_rssi': None}, '3e:a3:6a:6c:fa:eb': {'first_seen': 1778946450.495635, 'last_seen': 1778946450.496559, 'seen_count': 2, 'channels': [], 'avg_rssi': None}, 'e6:91:aa:65:2d:9d': {'first_seen': 1778946450.808976, 'last_seen': 1778946450.810203, 'seen_count': 2, 'channels': [], 'avg_rssi': None}, 'f3:a2:63:31:bc:10': {'first_seen': 1778946451.119605, 'last_seen': 1778946451.120599, 'seen_count': 2, 'channels': [], 'avg_rssi': None}, '02:54:ca:9a:ed:f5': {'first_seen': 1778946451.43724, 'last_seen': 1778946451.438357, 'seen_count': 2, 'channels': [], 'avg_rssi': None}, '71:a5:cb:5c:1d:ce': {'first_seen': 1778946451.748081, 'last_seen': 1778946451.749124, 'seen_count': 2, 'channels': [], 'avg_rssi': None}, '0f:a9:7f:72:55:ed': {'first_seen': 1778946452.057204, 'last_seen': 1778946452.058141, 'seen_count': 2, 'channels': [], 'avg_rssi': None}, '1a:fd:ce:1d:f2:70': {'first_seen': 1778946452.366386, 'last_seen': 1778946452.36754, 'seen_count': 2, 'channels': [], 'avg_rssi': None}, '38:8d:a2:3a:a6:d3': {'first_seen': 1778946452.67942, 'last_seen': 1778946452.680305, 'seen_count': 2, 'channels': [], 'avg_rssi': None}, '6c:49:56:36:39:32': {'first_seen': 1778946452.993436, 'last_seen': 1778946452.994563, 'seen_count': 2, 'channels': [], 'avg_rssi': None}, 'da:68:0c:e3:cf:d1': {'first_seen': 1778946453.317287, 'last_seen': 1778946453.318205, 'seen_count': 2, 'channels': [], 'avg_rssi': None}, '37:00:4d:9a:ad:2c': {'first_seen': 1778946453.629414, 'last_seen': 1778946453.630358, 'seen_count': 2, 'channels': [], 'avg_rssi': None}, 'c3:16:7b:43:3d:37': {'first_seen': 1778946453.937344, 'last_seen': 1778946453.938499, 'seen_count': 2, 'channels': [], 'avg_rssi': None}, '17:78:51:c8:d2:ce': {'first_seen': 1778946454.252443, 'last_seen': 1778946454.253628, 'seen_count': 2, 'channels': [], 'avg_rssi': None}, '3f:7e:a8:4b:6e:ce': {'first_seen': 1778946454.571039, 'last_seen': 1778946454.572144, 'seen_count': 2, 'channels': [], 'avg_rssi': None}, '64:56:e1:34:df:d8': {'first_seen': 1778946454.88237, 'last_seen': 1778946454.883411, 'seen_count': 2, 'channels': [], 'avg_rssi': None}, '91:f7:ae:37:8c:a2': {'first_seen': 1778946455.195248, 'last_seen': 1778946455.195248, 'seen_count': 1, 'channels': [], 'avg_rssi': None}}}
!!!!!!!!!!!!!!!!!!!!!!!!!!!!!!!!!!!!!!!!!!!!!!!!!!!!!!!!!!!!!!!!!!!!!!!!!!!!!!!!


!!!!!!!!!!!!!!!!!!!!!!!!!!!!!!!!!!!!!!!!!!!!!!!!!!!!!!!!!!!!!!!!!!!!!!!!!!!!!!!!
[ALERT] ALERT-000049 | POTENTIAL_EVIL_TWIN
severity: LOW
time: 2026-05-16T15:47:35.205420
message: Wykryto potencjalny Evil Twin / Rogue AP dla SSID 'TestNet_015'. Zaobserwowano 99 różnych BSSID oraz podejrzane różnice parametrów sieci.
evidence: {'ssid': 'TestNet_015', 'bssid_count': 99, 'bssids': ['b2:e3:f2:7d:ad:df', 'fb:bc:94:cd:10:ae', 'f1:e0:ef:36:16:cc', 'a4:0e:4b:56:ab:15', '02:6a:f7:67:75:59', '3a:db:b8:b1:29:3b', 'aa:d7:af:f7:ec:ee', 'ec:ce:c4:73:9b:33', '99:89:bd:4a:b5:59', '3f:c8:db:8e:b0:ce', 'c0:15:8c:7e:1d:05', '0d:02:6b:a6:5c:73', '74:8c:37:49:a4:13', 'b3:d5:fc:99:33:79', '3c:2c:fd:8d:0f:78', 'e2:74:cd:7d:f3:b3', '99:39:e3:5c:06:01', 'a6:03:68:fd:6a:30', '58:91:08:68:2b:a6', '3b:3c:8d:d0:e2:61', 'ae:6a:f7:79:b9:11', 'ec:3a:fe:9a:1a:10', '8d:5b:9e:4f:cc:0c', '94:00:0c:eb:30:1b', '9f:80:10:43:7f:4b', 'ac:6f:45:08:03:ad', '2f:b9:ed:0e:54:0e', '23:a0:3f:de:93:75', '1f:af:72:ab:f8:35', '87:42:43:16:18:b9', '81:4a:60:79:3a:24', 'e1:d4:53:22:83:eb', 'f7:73:f8:98:31:62', 'c7:82:21:b4:1b:8c', '29:04:3c:4e:2c:98', '8d:64:c7:14:67:a9', '34:37:0d:8a:bc:37', 'dd:72:17:93:14:1b', '98:b9:d4:e2:27:6e', 'b1:30:17:15:a6:c7', '36:4a:45:e8:6c:84', 'b8:95:e3:2a:9e:88', '00:57:1a:31:4e:61', '53:88:a9:89:09:03', '79:01:f4:8c:49:21', 'c8:26:f9:39:47:0d', '16:29:91:7f:7a:ef', '8c:af:d5:a7:4f:56', 'f6:30:a5:ee:f2:79', 'fc:07:88:1a:d5:9f', '37:e4:b3:d4:c2:d6', '0d:3c:0f:d3:73:0d', '84:c1:4a:f7:94:cc', '9b:7b:be:5c:a3:a8', '50:7d:ce:83:9b:73', '27:0f:03:f4:ee:73', 'de:44:8e:b5:fe:45', '30:65:b4:ba:8b:a2', '61:6b:de:fd:e6:11', 'e5:ef:0e:f0:4d:0b', '5f:38:4c:cd:86:b8', '44:0a:5b:9f:eb:54', '69:3d:ab:20:19:c5', '99:a3:b2:5d:d4:f6', 'fb:97:49:01:ba:ac', '70:9c:8e:70:8e:f9', '45:b3:7f:4f:ac:d9', '5e:72:82:db:42:c4', '9f:56:4d:19:d7:ab', '2c:c0:92:47:e3:16', '52:69:cc:cf:4e:0e', '14:54:0e:0c:41:34', '0d:ea:36:ab:aa:29', 'e0:a1:9b:42:d5:24', '6c:5c:cd:23:05:24', 'e4:03:d8:1c:5c:c6', 'e3:87:1d:f7:9d:2d', '54:a6:37:65:80:11', '9b:d3:eb:6b:b2:39', 'fd:88:f5:e8:74:44', '9b:fc:93:f8:52:ff', '81:d4:ac:40:04:e4', '92:9e:8e:02:ab:e4', 'c5:9d:bb:33:88:5a', '37:53:17:ec:58:ce', 'e0:2f:e0:36:6b:72', '80:7c:43:ea:e5:b3', '32:eb:de:d7:2f:ed', '2c:1e:1b:9f:51:f1', 'a2:8c:b9:02:e7:de', '07:9c:18:31:c0:d9', '9a:90:cc:e8:3c:07', '2b:05:a6:7e:e1:b8', '56:86:8e:05:c4:9d', '90:82:a7:df:f7:12', '2d:65:14:e8:61:72', '87:85:64:2b:29:29', '68:1e:e2:c7:56:0b', '08:7d:78:af:74:96'], 'triggered_reasons': ['same_ssid_multiple_bssid'], 'observations': {'b2:e3:f2:7d:ad:df': {'first_seen': 1778946424.625924, 'last_seen': 1778946424.627093, 'seen_count': 2, 'channels': [], 'avg_rssi': None}, 'fb:bc:94:cd:10:ae': {'first_seen': 1778946424.937445, 'last_seen': 1778946424.938368, 'seen_count': 2, 'channels': [], 'avg_rssi': None}, 'f1:e0:ef:36:16:cc': {'first_seen': 1778946425.250947, 'last_seen': 1778946425.251882, 'seen_count': 2, 'channels': [], 'avg_rssi': None}, 'a4:0e:4b:56:ab:15': {'first_seen': 1778946425.557231, 'last_seen': 1778946425.558405, 'seen_count': 2, 'channels': [], 'avg_rssi': None}, '02:6a:f7:67:75:59': {'first_seen': 1778946425.863725, 'last_seen': 1778946425.864662, 'seen_count': 2, 'channels': [], 'avg_rssi': None}, '3a:db:b8:b1:29:3b': {'first_seen': 1778946426.173656, 'last_seen': 1778946426.1748, 'seen_count': 2, 'channels': [], 'avg_rssi': None}, 'aa:d7:af:f7:ec:ee': {'first_seen': 1778946426.482506, 'last_seen': 1778946426.483447, 'seen_count': 2, 'channels': [], 'avg_rssi': None}, 'ec:ce:c4:73:9b:33': {'first_seen': 1778946426.789045, 'last_seen': 1778946426.790217, 'seen_count': 2, 'channels': [], 'avg_rssi': None}, '99:89:bd:4a:b5:59': {'first_seen': 1778946427.102877, 'last_seen': 1778946427.103972, 'seen_count': 2, 'channels': [], 'avg_rssi': None}, '3f:c8:db:8e:b0:ce': {'first_seen': 1778946427.409367, 'last_seen': 1778946427.410498, 'seen_count': 2, 'channels': [], 'avg_rssi': None}, 'c0:15:8c:7e:1d:05': {'first_seen': 1778946427.719862, 'last_seen': 1778946427.720879, 'seen_count': 2, 'channels': [], 'avg_rssi': None}, '0d:02:6b:a6:5c:73': {'first_seen': 1778946428.025847, 'last_seen': 1778946428.028027, 'seen_count': 2, 'channels': [], 'avg_rssi': None}, '74:8c:37:49:a4:13': {'first_seen': 1778946428.341188, 'last_seen': 1778946428.34466, 'seen_count': 2, 'channels': [], 'avg_rssi': None}, 'b3:d5:fc:99:33:79': {'first_seen': 1778946428.647816, 'last_seen': 1778946428.648804, 'seen_count': 2, 'channels': [], 'avg_rssi': None}, '3c:2c:fd:8d:0f:78': {'first_seen': 1778946428.955888, 'last_seen': 1778946428.959448, 'seen_count': 2, 'channels': [], 'avg_rssi': None}, 'e2:74:cd:7d:f3:b3': {'first_seen': 1778946429.267023, 'last_seen': 1778946429.268091, 'seen_count': 2, 'channels': [], 'avg_rssi': None}, '99:39:e3:5c:06:01': {'first_seen': 1778946429.575868, 'last_seen': 1778946429.57685, 'seen_count': 2, 'channels': [], 'avg_rssi': None}, 'a6:03:68:fd:6a:30': {'first_seen': 1778946429.888637, 'last_seen': 1778946429.889741, 'seen_count': 2, 'channels': [], 'avg_rssi': None}, '58:91:08:68:2b:a6': {'first_seen': 1778946430.198113, 'last_seen': 1778946430.199634, 'seen_count': 2, 'channels': [], 'avg_rssi': None}, '3b:3c:8d:d0:e2:61': {'first_seen': 1778946430.513488, 'last_seen': 1778946430.514406, 'seen_count': 2, 'channels': [], 'avg_rssi': None}, 'ae:6a:f7:79:b9:11': {'first_seen': 1778946430.825526, 'last_seen': 1778946430.826547, 'seen_count': 2, 'channels': [], 'avg_rssi': None}, 'ec:3a:fe:9a:1a:10': {'first_seen': 1778946431.138581, 'last_seen': 1778946431.13981, 'seen_count': 2, 'channels': [], 'avg_rssi': None}, '8d:5b:9e:4f:cc:0c': {'first_seen': 1778946431.448566, 'last_seen': 1778946431.449453, 'seen_count': 2, 'channels': [], 'avg_rssi': None}, '94:00:0c:eb:30:1b': {'first_seen': 1778946431.759265, 'last_seen': 1778946431.760349, 'seen_count': 2, 'channels': [], 'avg_rssi': None}, '9f:80:10:43:7f:4b': {'first_seen': 1778946432.064141, 'last_seen': 1778946432.065352, 'seen_count': 2, 'channels': [], 'avg_rssi': None}, 'ac:6f:45:08:03:ad': {'first_seen': 1778946432.369133, 'last_seen': 1778946432.370252, 'seen_count': 2, 'channels': [], 'avg_rssi': None}, '2f:b9:ed:0e:54:0e': {'first_seen': 1778946432.678341, 'last_seen': 1778946432.679267, 'seen_count': 2, 'channels': [], 'avg_rssi': None}, '23:a0:3f:de:93:75': {'first_seen': 1778946432.990206, 'last_seen': 1778946432.991285, 'seen_count': 2, 'channels': [], 'avg_rssi': None}, '1f:af:72:ab:f8:35': {'first_seen': 1778946433.298205, 'last_seen': 1778946433.299169, 'seen_count': 2, 'channels': [], 'avg_rssi': None}, '87:42:43:16:18:b9': {'first_seen': 1778946433.60947, 'last_seen': 1778946433.610435, 'seen_count': 2, 'channels': [], 'avg_rssi': None}, '81:4a:60:79:3a:24': {'first_seen': 1778946433.922475, 'last_seen': 1778946433.923327, 'seen_count': 2, 'channels': [], 'avg_rssi': None}, 'e1:d4:53:22:83:eb': {'first_seen': 1778946434.229176, 'last_seen': 1778946434.230227, 'seen_count': 2, 'channels': [], 'avg_rssi': None}, 'f7:73:f8:98:31:62': {'first_seen': 1778946434.538685, 'last_seen': 1778946434.539605, 'seen_count': 2, 'channels': [], 'avg_rssi': None}, 'c7:82:21:b4:1b:8c': {'first_seen': 1778946434.852272, 'last_seen': 1778946434.853255, 'seen_count': 2, 'channels': [], 'avg_rssi': None}, '29:04:3c:4e:2c:98': {'first_seen': 1778946435.170935, 'last_seen': 1778946435.171765, 'seen_count': 2, 'channels': [], 'avg_rssi': None}, '8d:64:c7:14:67:a9': {'first_seen': 1778946435.482329, 'last_seen': 1778946435.483288, 'seen_count': 2, 'channels': [], 'avg_rssi': None}, '34:37:0d:8a:bc:37': {'first_seen': 1778946435.797083, 'last_seen': 1778946435.798296, 'seen_count': 2, 'channels': [], 'avg_rssi': None}, 'dd:72:17:93:14:1b': {'first_seen': 1778946436.103289, 'last_seen': 1778946436.104354, 'seen_count': 2, 'channels': [], 'avg_rssi': None}, '98:b9:d4:e2:27:6e': {'first_seen': 1778946436.413071, 'last_seen': 1778946436.414204, 'seen_count': 2, 'channels': [], 'avg_rssi': None}, 'b1:30:17:15:a6:c7': {'first_seen': 1778946436.722618, 'last_seen': 1778946436.723602, 'seen_count': 2, 'channels': [], 'avg_rssi': None}, '36:4a:45:e8:6c:84': {'first_seen': 1778946437.046664, 'last_seen': 1778946437.048736, 'seen_count': 2, 'channels': [], 'avg_rssi': None}, 'b8:95:e3:2a:9e:88': {'first_seen': 1778946437.355426, 'last_seen': 1778946437.35651, 'seen_count': 2, 'channels': [], 'avg_rssi': None}, '00:57:1a:31:4e:61': {'first_seen': 1778946437.661453, 'last_seen': 1778946437.663149, 'seen_count': 2, 'channels': [], 'avg_rssi': None}, '53:88:a9:89:09:03': {'first_seen': 1778946437.973728, 'last_seen': 1778946437.974668, 'seen_count': 2, 'channels': [], 'avg_rssi': None}, '79:01:f4:8c:49:21': {'first_seen': 1778946438.280255, 'last_seen': 1778946438.281175, 'seen_count': 2, 'channels': [], 'avg_rssi': None}, 'c8:26:f9:39:47:0d': {'first_seen': 1778946438.599138, 'last_seen': 1778946438.600317, 'seen_count': 2, 'channels': [], 'avg_rssi': None}, '16:29:91:7f:7a:ef': {'first_seen': 1778946438.911376, 'last_seen': 1778946438.912459, 'seen_count': 2, 'channels': [], 'avg_rssi': None}, '8c:af:d5:a7:4f:56': {'first_seen': 1778946439.221816, 'last_seen': 1778946439.222726, 'seen_count': 2, 'channels': [], 'avg_rssi': None}, 'f6:30:a5:ee:f2:79': {'first_seen': 1778946439.533737, 'last_seen': 1778946439.534749, 'seen_count': 2, 'channels': [], 'avg_rssi': None}, 'fc:07:88:1a:d5:9f': {'first_seen': 1778946439.844459, 'last_seen': 1778946439.845397, 'seen_count': 2, 'channels': [], 'avg_rssi': None}, '37:e4:b3:d4:c2:d6': {'first_seen': 1778946440.162549, 'last_seen': 1778946440.163901, 'seen_count': 2, 'channels': [], 'avg_rssi': None}, '0d:3c:0f:d3:73:0d': {'first_seen': 1778946440.479489, 'last_seen': 1778946440.480414, 'seen_count': 2, 'channels': [], 'avg_rssi': None}, '84:c1:4a:f7:94:cc': {'first_seen': 1778946440.789837, 'last_seen': 1778946440.791056, 'seen_count': 2, 'channels': [], 'avg_rssi': None}, '9b:7b:be:5c:a3:a8': {'first_seen': 1778946441.101599, 'last_seen': 1778946441.102572, 'seen_count': 2, 'channels': [], 'avg_rssi': None}, '50:7d:ce:83:9b:73': {'first_seen': 1778946441.413811, 'last_seen': 1778946441.414713, 'seen_count': 2, 'channels': [], 'avg_rssi': None}, '27:0f:03:f4:ee:73': {'first_seen': 1778946441.729253, 'last_seen': 1778946441.730491, 'seen_count': 2, 'channels': [], 'avg_rssi': None}, 'de:44:8e:b5:fe:45': {'first_seen': 1778946442.046686, 'last_seen': 1778946442.047748, 'seen_count': 2, 'channels': [], 'avg_rssi': None}, '30:65:b4:ba:8b:a2': {'first_seen': 1778946442.361086, 'last_seen': 1778946442.362262, 'seen_count': 2, 'channels': [], 'avg_rssi': None}, '61:6b:de:fd:e6:11': {'first_seen': 1778946442.674481, 'last_seen': 1778946442.675535, 'seen_count': 2, 'channels': [], 'avg_rssi': None}, 'e5:ef:0e:f0:4d:0b': {'first_seen': 1778946442.98126, 'last_seen': 1778946442.982303, 'seen_count': 2, 'channels': [], 'avg_rssi': None}, '5f:38:4c:cd:86:b8': {'first_seen': 1778946443.302849, 'last_seen': 1778946443.303685, 'seen_count': 2, 'channels': [], 'avg_rssi': None}, '44:0a:5b:9f:eb:54': {'first_seen': 1778946443.616949, 'last_seen': 1778946443.618079, 'seen_count': 2, 'channels': [], 'avg_rssi': None}, '69:3d:ab:20:19:c5': {'first_seen': 1778946443.927097, 'last_seen': 1778946443.928093, 'seen_count': 2, 'channels': [], 'avg_rssi': None}, '99:a3:b2:5d:d4:f6': {'first_seen': 1778946444.248585, 'last_seen': 1778946444.249743, 'seen_count': 2, 'channels': [], 'avg_rssi': None}, 'fb:97:49:01:ba:ac': {'first_seen': 1778946444.561383, 'last_seen': 1778946444.56251, 'seen_count': 2, 'channels': [], 'avg_rssi': None}, '70:9c:8e:70:8e:f9': {'first_seen': 1778946444.874853, 'last_seen': 1778946444.875767, 'seen_count': 2, 'channels': [], 'avg_rssi': None}, '45:b3:7f:4f:ac:d9': {'first_seen': 1778946445.185602, 'last_seen': 1778946445.186537, 'seen_count': 2, 'channels': [], 'avg_rssi': None}, '5e:72:82:db:42:c4': {'first_seen': 1778946445.494745, 'last_seen': 1778946445.495687, 'seen_count': 2, 'channels': [], 'avg_rssi': None}, '9f:56:4d:19:d7:ab': {'first_seen': 1778946445.810497, 'last_seen': 1778946445.811565, 'seen_count': 2, 'channels': [], 'avg_rssi': None}, '2c:c0:92:47:e3:16': {'first_seen': 1778946446.125004, 'last_seen': 1778946446.12596, 'seen_count': 2, 'channels': [], 'avg_rssi': None}, '52:69:cc:cf:4e:0e': {'first_seen': 1778946446.435565, 'last_seen': 1778946446.436482, 'seen_count': 2, 'channels': [], 'avg_rssi': None}, '14:54:0e:0c:41:34': {'first_seen': 1778946446.74311, 'last_seen': 1778946446.744242, 'seen_count': 2, 'channels': [], 'avg_rssi': None}, '0d:ea:36:ab:aa:29': {'first_seen': 1778946447.05628, 'last_seen': 1778946447.057381, 'seen_count': 2, 'channels': [], 'avg_rssi': None}, 'e0:a1:9b:42:d5:24': {'first_seen': 1778946447.368306, 'last_seen': 1778946447.369522, 'seen_count': 2, 'channels': [], 'avg_rssi': None}, '6c:5c:cd:23:05:24': {'first_seen': 1778946447.682462, 'last_seen': 1778946447.683672, 'seen_count': 2, 'channels': [], 'avg_rssi': None}, 'e4:03:d8:1c:5c:c6': {'first_seen': 1778946447.995333, 'last_seen': 1778946447.996565, 'seen_count': 2, 'channels': [], 'avg_rssi': None}, 'e3:87:1d:f7:9d:2d': {'first_seen': 1778946448.309918, 'last_seen': 1778946448.310821, 'seen_count': 2, 'channels': [], 'avg_rssi': None}, '54:a6:37:65:80:11': {'first_seen': 1778946448.628198, 'last_seen': 1778946448.629219, 'seen_count': 2, 'channels': [], 'avg_rssi': None}, '9b:d3:eb:6b:b2:39': {'first_seen': 1778946448.937724, 'last_seen': 1778946448.938605, 'seen_count': 2, 'channels': [], 'avg_rssi': None}, 'fd:88:f5:e8:74:44': {'first_seen': 1778946449.246165, 'last_seen': 1778946449.247245, 'seen_count': 2, 'channels': [], 'avg_rssi': None}, '9b:fc:93:f8:52:ff': {'first_seen': 1778946449.556797, 'last_seen': 1778946449.557645, 'seen_count': 2, 'channels': [], 'avg_rssi': None}, '81:d4:ac:40:04:e4': {'first_seen': 1778946449.868683, 'last_seen': 1778946449.869537, 'seen_count': 2, 'channels': [], 'avg_rssi': None}, '92:9e:8e:02:ab:e4': {'first_seen': 1778946450.188341, 'last_seen': 1778946450.189164, 'seen_count': 2, 'channels': [], 'avg_rssi': None}, 'c5:9d:bb:33:88:5a': {'first_seen': 1778946450.505747, 'last_seen': 1778946450.506934, 'seen_count': 2, 'channels': [], 'avg_rssi': None}, '37:53:17:ec:58:ce': {'first_seen': 1778946450.819081, 'last_seen': 1778946450.820203, 'seen_count': 2, 'channels': [], 'avg_rssi': None}, 'e0:2f:e0:36:6b:72': {'first_seen': 1778946451.12973, 'last_seen': 1778946451.130975, 'seen_count': 2, 'channels': [], 'avg_rssi': None}, '80:7c:43:ea:e5:b3': {'first_seen': 1778946451.447336, 'last_seen': 1778946451.448235, 'seen_count': 2, 'channels': [], 'avg_rssi': None}, '32:eb:de:d7:2f:ed': {'first_seen': 1778946451.758218, 'last_seen': 1778946451.759382, 'seen_count': 2, 'channels': [], 'avg_rssi': None}, '2c:1e:1b:9f:51:f1': {'first_seen': 1778946452.067296, 'last_seen': 1778946452.068141, 'seen_count': 2, 'channels': [], 'avg_rssi': None}, 'a2:8c:b9:02:e7:de': {'first_seen': 1778946452.377006, 'last_seen': 1778946452.378034, 'seen_count': 2, 'channels': [], 'avg_rssi': None}, '07:9c:18:31:c0:d9': {'first_seen': 1778946452.689552, 'last_seen': 1778946452.690687, 'seen_count': 2, 'channels': [], 'avg_rssi': None}, '9a:90:cc:e8:3c:07': {'first_seen': 1778946453.006683, 'last_seen': 1778946453.007708, 'seen_count': 2, 'channels': [], 'avg_rssi': None}, '2b:05:a6:7e:e1:b8': {'first_seen': 1778946453.327388, 'last_seen': 1778946453.333089, 'seen_count': 2, 'channels': [], 'avg_rssi': None}, '56:86:8e:05:c4:9d': {'first_seen': 1778946453.639559, 'last_seen': 1778946453.640475, 'seen_count': 2, 'channels': [], 'avg_rssi': None}, '90:82:a7:df:f7:12': {'first_seen': 1778946453.947438, 'last_seen': 1778946453.948488, 'seen_count': 2, 'channels': [], 'avg_rssi': None}, '2d:65:14:e8:61:72': {'first_seen': 1778946454.266203, 'last_seen': 1778946454.267378, 'seen_count': 2, 'channels': [], 'avg_rssi': None}, '87:85:64:2b:29:29': {'first_seen': 1778946454.581319, 'last_seen': 1778946454.582147, 'seen_count': 2, 'channels': [], 'avg_rssi': None}, '68:1e:e2:c7:56:0b': {'first_seen': 1778946454.892464, 'last_seen': 1778946454.893287, 'seen_count': 2, 'channels': [], 'avg_rssi': None}, '08:7d:78:af:74:96': {'first_seen': 1778946455.20542, 'last_seen': 1778946455.20542, 'seen_count': 1, 'channels': [], 'avg_rssi': None}}}
!!!!!!!!!!!!!!!!!!!!!!!!!!!!!!!!!!!!!!!!!!!!!!!!!!!!!!!!!!!!!!!!!!!!!!!!!!!!!!!!


!!!!!!!!!!!!!!!!!!!!!!!!!!!!!!!!!!!!!!!!!!!!!!!!!!!!!!!!!!!!!!!!!!!!!!!!!!!!!!!!
[ALERT] ALERT-000050 | POTENTIAL_EVIL_TWIN
severity: LOW
time: 2026-05-16T15:47:35.215515
message: Wykryto potencjalny Evil Twin / Rogue AP dla SSID 'TestNet_016'. Zaobserwowano 99 różnych BSSID oraz podejrzane różnice parametrów sieci.
evidence: {'ssid': 'TestNet_016', 'bssid_count': 99, 'bssids': ['4c:28:1e:a7:f9:ee', '95:bd:1a:14:40:0e', '12:95:eb:a4:c4:c6', '60:e2:f9:cf:a2:ae', 'be:d7:2e:6a:69:79', '66:bc:84:39:2e:8d', 'b6:c8:16:d7:f5:98', 'c9:04:96:4b:f2:25', 'fc:69:60:6c:f0:45', 'fb:cf:e1:5f:2b:60', 'c2:dc:29:a9:c3:8c', '5f:ad:4a:bd:27:ce', '73:95:f1:29:c8:50', 'd8:97:8c:4e:f1:e3', 'a5:55:93:93:ff:a9', '9f:33:1a:a3:3f:54', '53:c1:81:28:4b:fe', 'e6:0b:fb:9d:cd:6f', '92:83:5c:6a:15:e9', 'e2:28:7b:c6:f7:4f', 'd2:f9:d0:c6:af:8c', '46:c5:56:c5:15:c4', 'fc:28:fe:4b:51:43', '16:ee:10:25:6c:60', '2f:33:38:08:f1:41', '43:12:e3:ac:a3:50', 'd1:0c:e0:e6:8a:96', 'df:64:e9:20:67:cc', 'bd:38:52:28:02:8b', '90:a2:cc:97:f9:ef', '7a:4b:59:97:e3:db', '92:ba:74:12:9f:a7', '27:b1:04:fc:0d:d8', 'f9:e8:c4:bf:b1:fb', 'f7:c7:d0:1f:a3:f0', '79:ad:54:a5:7f:6f', '93:9d:6e:3b:24:d1', 'a1:a1:e7:92:eb:7e', '37:5f:77:d1:7d:a2', '83:b3:f1:f7:ce:c8', '4d:91:11:54:12:3c', '91:66:40:81:f5:47', 'fa:df:e4:57:3f:54', '16:88:37:d8:c1:35', 'e0:e9:b7:50:79:df', '44:df:02:cf:ee:63', '00:92:e1:b0:1c:62', '73:f8:42:1c:52:f0', '0c:09:5d:64:e5:e4', '05:df:d9:08:ad:7e', 'a7:46:14:65:03:a6', '31:82:fe:91:c2:b6', '28:5b:ea:33:fc:ed', 'cd:f8:96:64:5b:25', '72:a8:f8:ea:41:6d', '60:25:f0:0e:d1:98', '99:59:a3:3e:f5:60', 'f1:74:7a:95:3a:db', 'e0:40:53:ce:af:af', '80:ef:f1:e7:60:c1', 'bb:90:56:62:38:f9', 'e8:fb:0a:52:f2:55', '11:fc:c5:c3:6e:b3', 'fa:f7:3a:a9:03:d1', '77:b3:1b:2a:46:b1', 'f8:56:72:86:46:9a', '4f:20:69:e1:30:df', 'b2:9a:95:0c:6c:18', '6c:32:3f:e9:5c:90', 'be:8f:c6:0c:27:bc', 'd7:cb:c7:11:42:77', 'cc:0a:10:0f:17:31', '43:93:7b:40:42:1d', 'c1:38:7f:f8:ca:9e', 'ec:54:4c:5a:e7:fc', 'de:e3:3f:1c:d3:74', 'e2:7f:d9:80:89:52', 'e5:5e:79:d1:d1:9d', '57:3c:b9:e1:05:dd', 'df:9f:8a:ca:22:10', '1b:1d:f6:7f:c6:0a', '82:2e:7a:eb:b2:f7', '26:6f:5b:e0:9d:69', '54:45:9a:ae:cc:01', 'bf:3c:a6:63:1b:1f', '30:da:0a:92:93:d3', '5b:ee:29:b1:0c:63', 'c6:3b:8f:01:1c:a6', 'b5:33:ac:8e:fe:f7', '6c:21:19:63:e7:72', 'c0:87:6e:7a:fb:fc', 'b6:7d:7a:c8:6f:ba', '68:ba:33:af:50:70', '31:16:bd:3f:6f:cf', 'c9:1f:71:c5:cf:0e', '71:62:6a:c5:ab:36', 'd9:69:98:c4:8c:76', '20:d5:99:3d:58:49', 'f8:2c:be:53:a1:bd'], 'triggered_reasons': ['same_ssid_multiple_bssid'], 'observations': {'4c:28:1e:a7:f9:ee': {'first_seen': 1778946424.636038, 'last_seen': 1778946424.637232, 'seen_count': 2, 'channels': [], 'avg_rssi': None}, '95:bd:1a:14:40:0e': {'first_seen': 1778946424.94753, 'last_seen': 1778946424.949242, 'seen_count': 2, 'channels': [], 'avg_rssi': None}, '12:95:eb:a4:c4:c6': {'first_seen': 1778946425.261144, 'last_seen': 1778946425.262126, 'seen_count': 2, 'channels': [], 'avg_rssi': None}, '60:e2:f9:cf:a2:ae': {'first_seen': 1778946425.567342, 'last_seen': 1778946425.570534, 'seen_count': 2, 'channels': [], 'avg_rssi': None}, 'be:d7:2e:6a:69:79': {'first_seen': 1778946425.873831, 'last_seen': 1778946425.874918, 'seen_count': 2, 'channels': [], 'avg_rssi': None}, '66:bc:84:39:2e:8d': {'first_seen': 1778946426.183774, 'last_seen': 1778946426.184924, 'seen_count': 2, 'channels': [], 'avg_rssi': None}, 'b6:c8:16:d7:f5:98': {'first_seen': 1778946426.492635, 'last_seen': 1778946426.4937, 'seen_count': 2, 'channels': [], 'avg_rssi': None}, 'c9:04:96:4b:f2:25': {'first_seen': 1778946426.799148, 'last_seen': 1778946426.80009, 'seen_count': 2, 'channels': [], 'avg_rssi': None}, 'fc:69:60:6c:f0:45': {'first_seen': 1778946427.113422, 'last_seen': 1778946427.115846, 'seen_count': 2, 'channels': [], 'avg_rssi': None}, 'fb:cf:e1:5f:2b:60': {'first_seen': 1778946427.419483, 'last_seen': 1778946427.423363, 'seen_count': 2, 'channels': [], 'avg_rssi': None}, 'c2:dc:29:a9:c3:8c': {'first_seen': 1778946427.730676, 'last_seen': 1778946427.731503, 'seen_count': 2, 'channels': [], 'avg_rssi': None}, '5f:ad:4a:bd:27:ce': {'first_seen': 1778946428.036529, 'last_seen': 1778946428.037648, 'seen_count': 2, 'channels': [], 'avg_rssi': None}, '73:95:f1:29:c8:50': {'first_seen': 1778946428.35128, 'last_seen': 1778946428.352286, 'seen_count': 2, 'channels': [], 'avg_rssi': None}, 'd8:97:8c:4e:f1:e3': {'first_seen': 1778946428.657923, 'last_seen': 1778946428.659063, 'seen_count': 2, 'channels': [], 'avg_rssi': None}, 'a5:55:93:93:ff:a9': {'first_seen': 1778946428.965982, 'last_seen': 1778946428.967203, 'seen_count': 2, 'channels': [], 'avg_rssi': None}, '9f:33:1a:a3:3f:54': {'first_seen': 1778946429.278026, 'last_seen': 1778946429.27921, 'seen_count': 2, 'channels': [], 'avg_rssi': None}, '53:c1:81:28:4b:fe': {'first_seen': 1778946429.585995, 'last_seen': 1778946429.586985, 'seen_count': 2, 'channels': [], 'avg_rssi': None}, 'e6:0b:fb:9d:cd:6f': {'first_seen': 1778946429.898683, 'last_seen': 1778946429.899743, 'seen_count': 2, 'channels': [], 'avg_rssi': None}, '92:83:5c:6a:15:e9': {'first_seen': 1778946430.208206, 'last_seen': 1778946430.209134, 'seen_count': 2, 'channels': [], 'avg_rssi': None}, 'e2:28:7b:c6:f7:4f': {'first_seen': 1778946430.524272, 'last_seen': 1778946430.525399, 'seen_count': 2, 'channels': [], 'avg_rssi': None}, 'd2:f9:d0:c6:af:8c': {'first_seen': 1778946430.835632, 'last_seen': 1778946430.83655, 'seen_count': 2, 'channels': [], 'avg_rssi': None}, '46:c5:56:c5:15:c4': {'first_seen': 1778946431.148692, 'last_seen': 1778946431.149555, 'seen_count': 2, 'channels': [], 'avg_rssi': None}, 'fc:28:fe:4b:51:43': {'first_seen': 1778946431.458676, 'last_seen': 1778946431.459824, 'seen_count': 2, 'channels': [], 'avg_rssi': None}, '16:ee:10:25:6c:60': {'first_seen': 1778946431.769404, 'last_seen': 1778946431.770338, 'seen_count': 2, 'channels': [], 'avg_rssi': None}, '2f:33:38:08:f1:41': {'first_seen': 1778946432.074233, 'last_seen': 1778946432.075357, 'seen_count': 2, 'channels': [], 'avg_rssi': None}, '43:12:e3:ac:a3:50': {'first_seen': 1778946432.379242, 'last_seen': 1778946432.38037, 'seen_count': 2, 'channels': [], 'avg_rssi': None}, 'd1:0c:e0:e6:8a:96': {'first_seen': 1778946432.688478, 'last_seen': 1778946432.689394, 'seen_count': 2, 'channels': [], 'avg_rssi': None}, 'df:64:e9:20:67:cc': {'first_seen': 1778946433.000307, 'last_seen': 1778946433.001153, 'seen_count': 2, 'channels': [], 'avg_rssi': None}, 'bd:38:52:28:02:8b': {'first_seen': 1778946433.308266, 'last_seen': 1778946433.309426, 'seen_count': 2, 'channels': [], 'avg_rssi': None}, '90:a2:cc:97:f9:ef': {'first_seen': 1778946433.619879, 'last_seen': 1778946433.620943, 'seen_count': 2, 'channels': [], 'avg_rssi': None}, '7a:4b:59:97:e3:db': {'first_seen': 1778946433.932857, 'last_seen': 1778946433.934078, 'seen_count': 2, 'channels': [], 'avg_rssi': None}, '92:ba:74:12:9f:a7': {'first_seen': 1778946434.239292, 'last_seen': 1778946434.240352, 'seen_count': 2, 'channels': [], 'avg_rssi': None}, '27:b1:04:fc:0d:d8': {'first_seen': 1778946434.54881, 'last_seen': 1778946434.549995, 'seen_count': 2, 'channels': [], 'avg_rssi': None}, 'f9:e8:c4:bf:b1:fb': {'first_seen': 1778946434.86242, 'last_seen': 1778946434.86363, 'seen_count': 2, 'channels': [], 'avg_rssi': None}, 'f7:c7:d0:1f:a3:f0': {'first_seen': 1778946435.181949, 'last_seen': 1778946435.183142, 'seen_count': 2, 'channels': [], 'avg_rssi': None}, '79:ad:54:a5:7f:6f': {'first_seen': 1778946435.492427, 'last_seen': 1778946435.493657, 'seen_count': 2, 'channels': [], 'avg_rssi': None}, '93:9d:6e:3b:24:d1': {'first_seen': 1778946435.807177, 'last_seen': 1778946435.808298, 'seen_count': 2, 'channels': [], 'avg_rssi': None}, 'a1:a1:e7:92:eb:7e': {'first_seen': 1778946436.113441, 'last_seen': 1778946436.114456, 'seen_count': 2, 'channels': [], 'avg_rssi': None}, '37:5f:77:d1:7d:a2': {'first_seen': 1778946436.423172, 'last_seen': 1778946436.424079, 'seen_count': 2, 'channels': [], 'avg_rssi': None}, '83:b3:f1:f7:ce:c8': {'first_seen': 1778946436.732736, 'last_seen': 1778946436.73372, 'seen_count': 2, 'channels': [], 'avg_rssi': None}, '4d:91:11:54:12:3c': {'first_seen': 1778946437.056763, 'last_seen': 1778946437.057861, 'seen_count': 2, 'channels': [], 'avg_rssi': None}, '91:66:40:81:f5:47': {'first_seen': 1778946437.365527, 'last_seen': 1778946437.366379, 'seen_count': 2, 'channels': [], 'avg_rssi': None}, 'fa:df:e4:57:3f:54': {'first_seen': 1778946437.671857, 'last_seen': 1778946437.67277, 'seen_count': 2, 'channels': [], 'avg_rssi': None}, '16:88:37:d8:c1:35': {'first_seen': 1778946437.983855, 'last_seen': 1778946437.984789, 'seen_count': 2, 'channels': [], 'avg_rssi': None}, 'e0:e9:b7:50:79:df': {'first_seen': 1778946438.290668, 'last_seen': 1778946438.291551, 'seen_count': 2, 'channels': [], 'avg_rssi': None}, '44:df:02:cf:ee:63': {'first_seen': 1778946438.610687, 'last_seen': 1778946438.611709, 'seen_count': 2, 'channels': [], 'avg_rssi': None}, '00:92:e1:b0:1c:62': {'first_seen': 1778946438.921477, 'last_seen': 1778946438.922594, 'seen_count': 2, 'channels': [], 'avg_rssi': None}, '73:f8:42:1c:52:f0': {'first_seen': 1778946439.234519, 'last_seen': 1778946439.235348, 'seen_count': 2, 'channels': [], 'avg_rssi': None}, '0c:09:5d:64:e5:e4': {'first_seen': 1778946439.546658, 'last_seen': 1778946439.547753, 'seen_count': 2, 'channels': [], 'avg_rssi': None}, '05:df:d9:08:ad:7e': {'first_seen': 1778946439.85455, 'last_seen': 1778946439.855633, 'seen_count': 2, 'channels': [], 'avg_rssi': None}, 'a7:46:14:65:03:a6': {'first_seen': 1778946440.172696, 'last_seen': 1778946440.17366, 'seen_count': 2, 'channels': [], 'avg_rssi': None}, '31:82:fe:91:c2:b6': {'first_seen': 1778946440.489719, 'last_seen': 1778946440.490914, 'seen_count': 2, 'channels': [], 'avg_rssi': None}, '28:5b:ea:33:fc:ed': {'first_seen': 1778946440.801857, 'last_seen': 1778946440.802931, 'seen_count': 2, 'channels': [], 'avg_rssi': None}, 'cd:f8:96:64:5b:25': {'first_seen': 1778946441.111818, 'last_seen': 1778946441.112821, 'seen_count': 2, 'channels': [], 'avg_rssi': None}, '72:a8:f8:ea:41:6d': {'first_seen': 1778946441.423938, 'last_seen': 1778946441.424973, 'seen_count': 2, 'channels': [], 'avg_rssi': None}, '60:25:f0:0e:d1:98': {'first_seen': 1778946441.739372, 'last_seen': 1778946441.740482, 'seen_count': 2, 'channels': [], 'avg_rssi': None}, '99:59:a3:3e:f5:60': {'first_seen': 1778946442.057019, 'last_seen': 1778946442.05812, 'seen_count': 2, 'channels': [], 'avg_rssi': None}, 'f1:74:7a:95:3a:db': {'first_seen': 1778946442.371202, 'last_seen': 1778946442.373764, 'seen_count': 2, 'channels': [], 'avg_rssi': None}, 'e0:40:53:ce:af:af': {'first_seen': 1778946442.684861, 'last_seen': 1778946442.685791, 'seen_count': 2, 'channels': [], 'avg_rssi': None}, '80:ef:f1:e7:60:c1': {'first_seen': 1778946442.99388, 'last_seen': 1778946442.994795, 'seen_count': 2, 'channels': [], 'avg_rssi': None}, 'bb:90:56:62:38:f9': {'first_seen': 1778946443.312943, 'last_seen': 1778946443.313938, 'seen_count': 2, 'channels': [], 'avg_rssi': None}, 'e8:fb:0a:52:f2:55': {'first_seen': 1778946443.627068, 'last_seen': 1778946443.627963, 'seen_count': 2, 'channels': [], 'avg_rssi': None}, '11:fc:c5:c3:6e:b3': {'first_seen': 1778946443.937207, 'last_seen': 1778946443.938221, 'seen_count': 2, 'channels': [], 'avg_rssi': None}, 'fa:f7:3a:a9:03:d1': {'first_seen': 1778946444.25869, 'last_seen': 1778946444.25962, 'seen_count': 2, 'channels': [], 'avg_rssi': None}, '77:b3:1b:2a:46:b1': {'first_seen': 1778946444.571521, 'last_seen': 1778946444.572513, 'seen_count': 2, 'channels': [], 'avg_rssi': None}, 'f8:56:72:86:46:9a': {'first_seen': 1778946444.885002, 'last_seen': 1778946444.885914, 'seen_count': 2, 'channels': [], 'avg_rssi': None}, '4f:20:69:e1:30:df': {'first_seen': 1778946445.1957, 'last_seen': 1778946445.196661, 'seen_count': 2, 'channels': [], 'avg_rssi': None}, 'b2:9a:95:0c:6c:18': {'first_seen': 1778946445.504912, 'last_seen': 1778946445.505801, 'seen_count': 2, 'channels': [], 'avg_rssi': None}, '6c:32:3f:e9:5c:90': {'first_seen': 1778946445.820608, 'last_seen': 1778946445.821573, 'seen_count': 2, 'channels': [], 'avg_rssi': None}, 'be:8f:c6:0c:27:bc': {'first_seen': 1778946446.135257, 'last_seen': 1778946446.136333, 'seen_count': 2, 'channels': [], 'avg_rssi': None}, 'd7:cb:c7:11:42:77': {'first_seen': 1778946446.445696, 'last_seen': 1778946446.446856, 'seen_count': 2, 'channels': [], 'avg_rssi': None}, 'cc:0a:10:0f:17:31': {'first_seen': 1778946446.754471, 'last_seen': 1778946446.755366, 'seen_count': 2, 'channels': [], 'avg_rssi': None}, '43:93:7b:40:42:1d': {'first_seen': 1778946447.066396, 'last_seen': 1778946447.067513, 'seen_count': 2, 'channels': [], 'avg_rssi': None}, 'c1:38:7f:f8:ca:9e': {'first_seen': 1778946447.381907, 'last_seen': 1778946447.383023, 'seen_count': 2, 'channels': [], 'avg_rssi': None}, 'ec:54:4c:5a:e7:fc': {'first_seen': 1778946447.692594, 'last_seen': 1778946447.695167, 'seen_count': 2, 'channels': [], 'avg_rssi': None}, 'de:e3:3f:1c:d3:74': {'first_seen': 1778946448.005445, 'last_seen': 1778946448.008554, 'seen_count': 2, 'channels': [], 'avg_rssi': None}, 'e2:7f:d9:80:89:52': {'first_seen': 1778946448.320015, 'last_seen': 1778946448.32107, 'seen_count': 2, 'channels': [], 'avg_rssi': None}, 'e5:5e:79:d1:d1:9d': {'first_seen': 1778946448.638322, 'last_seen': 1778946448.639212, 'seen_count': 2, 'channels': [], 'avg_rssi': None}, '57:3c:b9:e1:05:dd': {'first_seen': 1778946448.947824, 'last_seen': 1778946448.94873, 'seen_count': 2, 'channels': [], 'avg_rssi': None}, 'df:9f:8a:ca:22:10': {'first_seen': 1778946449.256278, 'last_seen': 1778946449.25712, 'seen_count': 2, 'channels': [], 'avg_rssi': None}, '1b:1d:f6:7f:c6:0a': {'first_seen': 1778946449.566891, 'last_seen': 1778946449.568038, 'seen_count': 2, 'channels': [], 'avg_rssi': None}, '82:2e:7a:eb:b2:f7': {'first_seen': 1778946449.87879, 'last_seen': 1778946449.879776, 'seen_count': 2, 'channels': [], 'avg_rssi': None}, '26:6f:5b:e0:9d:69': {'first_seen': 1778946450.198448, 'last_seen': 1778946450.199671, 'seen_count': 2, 'channels': [], 'avg_rssi': None}, '54:45:9a:ae:cc:01': {'first_seen': 1778946450.515905, 'last_seen': 1778946450.517073, 'seen_count': 2, 'channels': [], 'avg_rssi': None}, 'bf:3c:a6:63:1b:1f': {'first_seen': 1778946450.82918, 'last_seen': 1778946450.830328, 'seen_count': 2, 'channels': [], 'avg_rssi': None}, '30:da:0a:92:93:d3': {'first_seen': 1778946451.139855, 'last_seen': 1778946451.141219, 'seen_count': 2, 'channels': [], 'avg_rssi': None}, '5b:ee:29:b1:0c:63': {'first_seen': 1778946451.457427, 'last_seen': 1778946451.458359, 'seen_count': 2, 'channels': [], 'avg_rssi': None}, 'c6:3b:8f:01:1c:a6': {'first_seen': 1778946451.768331, 'last_seen': 1778946451.769508, 'seen_count': 2, 'channels': [], 'avg_rssi': None}, 'b5:33:ac:8e:fe:f7': {'first_seen': 1778946452.077399, 'last_seen': 1778946452.078517, 'seen_count': 2, 'channels': [], 'avg_rssi': None}, '6c:21:19:63:e7:72': {'first_seen': 1778946452.387965, 'last_seen': 1778946452.389174, 'seen_count': 2, 'channels': [], 'avg_rssi': None}, 'c0:87:6e:7a:fb:fc': {'first_seen': 1778946452.700541, 'last_seen': 1778946452.701546, 'seen_count': 2, 'channels': [], 'avg_rssi': None}, 'b6:7d:7a:c8:6f:ba': {'first_seen': 1778946453.016805, 'last_seen': 1778946453.017817, 'seen_count': 2, 'channels': [], 'avg_rssi': None}, '68:ba:33:af:50:70': {'first_seen': 1778946453.337493, 'last_seen': 1778946453.338455, 'seen_count': 2, 'channels': [], 'avg_rssi': None}, '31:16:bd:3f:6f:cf': {'first_seen': 1778946453.649658, 'last_seen': 1778946453.650597, 'seen_count': 2, 'channels': [], 'avg_rssi': None}, 'c9:1f:71:c5:cf:0e': {'first_seen': 1778946453.957713, 'last_seen': 1778946453.958644, 'seen_count': 2, 'channels': [], 'avg_rssi': None}, '71:62:6a:c5:ab:36': {'first_seen': 1778946454.276293, 'last_seen': 1778946454.27713, 'seen_count': 2, 'channels': [], 'avg_rssi': None}, 'd9:69:98:c4:8c:76': {'first_seen': 1778946454.591418, 'last_seen': 1778946454.592523, 'seen_count': 2, 'channels': [], 'avg_rssi': None}, '20:d5:99:3d:58:49': {'first_seen': 1778946454.902598, 'last_seen': 1778946454.903669, 'seen_count': 2, 'channels': [], 'avg_rssi': None}, 'f8:2c:be:53:a1:bd': {'first_seen': 1778946455.215515, 'last_seen': 1778946455.215515, 'seen_count': 1, 'channels': [], 'avg_rssi': None}}}
!!!!!!!!!!!!!!!!!!!!!!!!!!!!!!!!!!!!!!!!!!!!!!!!!!!!!!!!!!!!!!!!!!!!!!!!!!!!!!!!


!!!!!!!!!!!!!!!!!!!!!!!!!!!!!!!!!!!!!!!!!!!!!!!!!!!!!!!!!!!!!!!!!!!!!!!!!!!!!!!!
[ALERT] ALERT-000051 | POTENTIAL_EVIL_TWIN
severity: LOW
time: 2026-05-16T15:47:35.226711
message: Wykryto potencjalny Evil Twin / Rogue AP dla SSID 'TestNet_017'. Zaobserwowano 99 różnych BSSID oraz podejrzane różnice parametrów sieci.
evidence: {'ssid': 'TestNet_017', 'bssid_count': 99, 'bssids': ['63:b6:ec:49:12:fd', 'ca:9f:86:43:30:94', 'dc:7f:42:12:15:d8', '58:d8:7a:44:2a:b6', '56:1a:39:f0:fd:84', 'f2:18:12:d4:83:d0', 'b2:71:f8:5c:9d:e5', '57:f9:64:02:eb:8c', '90:c9:cb:68:ee:4e', '71:31:68:9b:39:bf', '4c:17:c4:a2:41:10', '0e:b2:1c:e4:83:45', '86:b9:1f:97:30:1f', '99:f7:9f:0b:0a:13', '18:aa:ae:a4:e9:1e', '04:59:c7:0a:34:ff', 'a8:b6:ce:e9:31:21', 'f6:22:48:d4:60:56', '63:b4:24:de:e8:df', 'db:77:84:41:9e:6b', '1a:4c:57:d2:90:f0', '5a:4f:f3:9b:c6:3f', '97:fe:32:12:eb:48', '7a:25:0b:a9:0f:63', 'fb:42:aa:f3:25:63', '4a:cc:9c:24:0b:9b', 'd0:c3:86:1f:02:69', '82:c6:58:4c:b7:98', 'd1:59:0a:02:a6:8f', '49:44:e0:b4:80:de', '1d:46:17:a2:f1:38', 'f2:c3:bb:93:ba:63', 'a4:0d:f6:8e:da:bb', '4c:4b:fc:57:29:1e', '80:de:b6:6a:bb:12', 'bf:77:3d:6f:a2:2e', 'e5:aa:3e:8d:84:23', '27:d1:f9:60:0a:30', '52:ef:3b:9d:a5:50', 'cd:c8:a4:ef:df:24', '01:9d:1e:67:bd:3d', '6c:a7:4a:9c:c9:f4', '72:6a:0a:5d:f2:34', '80:6c:92:6c:31:96', 'd0:46:74:d4:a5:8e', '35:b0:c1:3e:1b:de', '45:54:f1:49:f9:43', '9f:33:10:5b:85:6d', '9d:e5:3c:ae:bc:13', '97:ba:7b:02:17:bf', 'ac:bc:12:ce:3f:19', '06:20:a8:8a:d6:c7', 'de:ac:1a:47:60:95', 'f4:c5:a9:62:f1:40', '70:5e:35:a7:ac:33', '22:cc:9d:81:f4:64', 'ca:37:cc:30:c7:51', '58:93:ff:ba:7e:1a', '56:4d:8e:44:21:af', '63:a0:c2:4c:4e:65', '96:0c:64:ca:8a:0f', '1e:e8:50:aa:6d:25', '2b:a2:ae:67:c7:38', '59:9c:93:16:84:e7', 'b7:56:c6:cb:96:54', '42:53:34:e6:1c:57', '9d:64:d2:58:41:5c', 'a6:0c:f1:70:8b:0c', '15:ee:1b:54:cd:5f', '4c:c7:35:98:c1:a2', '12:73:b3:e3:94:6e', 'cb:4c:56:4b:f5:04', 'cb:d9:05:44:92:72', 'cd:b5:76:93:35:61', '14:96:17:bf:13:9b', '48:dc:3f:7f:18:c7', '5d:b9:e7:50:34:77', '1a:13:e6:a5:03:3b', '41:72:1d:ec:43:23', '5d:f9:78:44:77:04', 'e6:1d:2a:1c:ba:d9', '4a:2a:01:16:4a:db', '56:4f:85:f3:19:0b', 'c8:bc:19:58:fb:bc', '66:fe:40:c9:e5:d1', '6c:b6:a9:99:aa:4b', '28:69:3f:24:6c:93', 'da:57:04:f0:c8:a9', 'a7:46:55:d6:55:ff', 'a4:88:03:d3:a2:00', '2d:46:6a:13:7e:f7', '27:99:bf:bc:05:09', '89:55:2a:43:2f:92', '07:b4:5c:85:eb:5c', '34:75:d1:82:38:e7', 'e3:18:6a:28:2f:e2', '61:e1:59:ec:20:d7', '36:94:58:58:f8:af', '50:9c:9d:f2:2d:94'], 'triggered_reasons': ['same_ssid_multiple_bssid'], 'observations': {'63:b6:ec:49:12:fd': {'first_seen': 1778946424.64617, 'last_seen': 1778946424.647346, 'seen_count': 2, 'channels': [], 'avg_rssi': None}, 'ca:9f:86:43:30:94': {'first_seen': 1778946424.957812, 'last_seen': 1778946424.958742, 'seen_count': 2, 'channels': [], 'avg_rssi': None}, 'dc:7f:42:12:15:d8': {'first_seen': 1778946425.271254, 'last_seen': 1778946425.272375, 'seen_count': 2, 'channels': [], 'avg_rssi': None}, '58:d8:7a:44:2a:b6': {'first_seen': 1778946425.577467, 'last_seen': 1778946425.579641, 'seen_count': 2, 'channels': [], 'avg_rssi': None}, '56:1a:39:f0:fd:84': {'first_seen': 1778946425.883946, 'last_seen': 1778946425.887033, 'seen_count': 2, 'channels': [], 'avg_rssi': None}, 'f2:18:12:d4:83:d0': {'first_seen': 1778946426.194734, 'last_seen': 1778946426.195549, 'seen_count': 2, 'channels': [], 'avg_rssi': None}, 'b2:71:f8:5c:9d:e5': {'first_seen': 1778946426.503036, 'last_seen': 1778946426.503943, 'seen_count': 2, 'channels': [], 'avg_rssi': None}, '57:f9:64:02:eb:8c': {'first_seen': 1778946426.809254, 'last_seen': 1778946426.810205, 'seen_count': 2, 'channels': [], 'avg_rssi': None}, '90:c9:cb:68:ee:4e': {'first_seen': 1778946427.123509, 'last_seen': 1778946427.124473, 'seen_count': 2, 'channels': [], 'avg_rssi': None}, '71:31:68:9b:39:bf': {'first_seen': 1778946427.429614, 'last_seen': 1778946427.430738, 'seen_count': 2, 'channels': [], 'avg_rssi': None}, '4c:17:c4:a2:41:10': {'first_seen': 1778946427.741322, 'last_seen': 1778946427.742256, 'seen_count': 2, 'channels': [], 'avg_rssi': None}, '0e:b2:1c:e4:83:45': {'first_seen': 1778946428.047146, 'last_seen': 1778946428.048274, 'seen_count': 2, 'channels': [], 'avg_rssi': None}, '86:b9:1f:97:30:1f': {'first_seen': 1778946428.361411, 'last_seen': 1778946428.362537, 'seen_count': 2, 'channels': [], 'avg_rssi': None}, '99:f7:9f:0b:0a:13': {'first_seen': 1778946428.668047, 'last_seen': 1778946428.669192, 'seen_count': 2, 'channels': [], 'avg_rssi': None}, '18:aa:ae:a4:e9:1e': {'first_seen': 1778946428.976137, 'last_seen': 1778946428.977319, 'seen_count': 2, 'channels': [], 'avg_rssi': None}, '04:59:c7:0a:34:ff': {'first_seen': 1778946429.28814, 'last_seen': 1778946429.289099, 'seen_count': 2, 'channels': [], 'avg_rssi': None}, 'a8:b6:ce:e9:31:21': {'first_seen': 1778946429.596111, 'last_seen': 1778946429.597102, 'seen_count': 2, 'channels': [], 'avg_rssi': None}, 'f6:22:48:d4:60:56': {'first_seen': 1778946429.908797, 'last_seen': 1778946429.909868, 'seen_count': 2, 'channels': [], 'avg_rssi': None}, '63:b4:24:de:e8:df': {'first_seen': 1778946430.218329, 'last_seen': 1778946430.21926, 'seen_count': 2, 'channels': [], 'avg_rssi': None}, 'db:77:84:41:9e:6b': {'first_seen': 1778946430.535695, 'last_seen': 1778946430.536651, 'seen_count': 2, 'channels': [], 'avg_rssi': None}, '1a:4c:57:d2:90:f0': {'first_seen': 1778946430.84575, 'last_seen': 1778946430.846675, 'seen_count': 2, 'channels': [], 'avg_rssi': None}, '5a:4f:f3:9b:c6:3f': {'first_seen': 1778946431.158812, 'last_seen': 1778946431.159815, 'seen_count': 2, 'channels': [], 'avg_rssi': None}, '97:fe:32:12:eb:48': {'first_seen': 1778946431.468781, 'last_seen': 1778946431.469955, 'seen_count': 2, 'channels': [], 'avg_rssi': None}, '7a:25:0b:a9:0f:63': {'first_seen': 1778946431.779496, 'last_seen': 1778946431.780587, 'seen_count': 2, 'channels': [], 'avg_rssi': None}, 'fb:42:aa:f3:25:63': {'first_seen': 1778946432.084333, 'last_seen': 1778946432.085356, 'seen_count': 2, 'channels': [], 'avg_rssi': None}, '4a:cc:9c:24:0b:9b': {'first_seen': 1778946432.389371, 'last_seen': 1778946432.390502, 'seen_count': 2, 'channels': [], 'avg_rssi': None}, 'd0:c3:86:1f:02:69': {'first_seen': 1778946432.701548, 'last_seen': 1778946432.702672, 'seen_count': 2, 'channels': [], 'avg_rssi': None}, '82:c6:58:4c:b7:98': {'first_seen': 1778946433.010427, 'last_seen': 1778946433.01203, 'seen_count': 2, 'channels': [], 'avg_rssi': None}, 'd1:59:0a:02:a6:8f': {'first_seen': 1778946433.318379, 'last_seen': 1778946433.319548, 'seen_count': 2, 'channels': [], 'avg_rssi': None}, '49:44:e0:b4:80:de': {'first_seen': 1778946433.629971, 'last_seen': 1778946433.631193, 'seen_count': 2, 'channels': [], 'avg_rssi': None}, '1d:46:17:a2:f1:38': {'first_seen': 1778946433.942961, 'last_seen': 1778946433.944077, 'seen_count': 2, 'channels': [], 'avg_rssi': None}, 'f2:c3:bb:93:ba:63': {'first_seen': 1778946434.24942, 'last_seen': 1778946434.250353, 'seen_count': 2, 'channels': [], 'avg_rssi': None}, 'a4:0d:f6:8e:da:bb': {'first_seen': 1778946434.558898, 'last_seen': 1778946434.559874, 'seen_count': 2, 'channels': [], 'avg_rssi': None}, '4c:4b:fc:57:29:1e': {'first_seen': 1778946434.872545, 'last_seen': 1778946434.873639, 'seen_count': 2, 'channels': [], 'avg_rssi': None}, '80:de:b6:6a:bb:12': {'first_seen': 1778946435.192043, 'last_seen': 1778946435.19289, 'seen_count': 2, 'channels': [], 'avg_rssi': None}, 'bf:77:3d:6f:a2:2e': {'first_seen': 1778946435.502544, 'last_seen': 1778946435.503414, 'seen_count': 2, 'channels': [], 'avg_rssi': None}, 'e5:aa:3e:8d:84:23': {'first_seen': 1778946435.81727, 'last_seen': 1778946435.820173, 'seen_count': 2, 'channels': [], 'avg_rssi': None}, '27:d1:f9:60:0a:30': {'first_seen': 1778946436.123561, 'last_seen': 1778946436.127189, 'seen_count': 2, 'channels': [], 'avg_rssi': None}, '52:ef:3b:9d:a5:50': {'first_seen': 1778946436.433263, 'last_seen': 1778946436.434453, 'seen_count': 2, 'channels': [], 'avg_rssi': None}, 'cd:c8:a4:ef:df:24': {'first_seen': 1778946436.746685, 'last_seen': 1778946436.747597, 'seen_count': 2, 'channels': [], 'avg_rssi': None}, '01:9d:1e:67:bd:3d': {'first_seen': 1778946437.066949, 'last_seen': 1778946437.067987, 'seen_count': 2, 'channels': [], 'avg_rssi': None}, '6c:a7:4a:9c:c9:f4': {'first_seen': 1778946437.375769, 'last_seen': 1778946437.376884, 'seen_count': 2, 'channels': [], 'avg_rssi': None}, '72:6a:0a:5d:f2:34': {'first_seen': 1778946437.682029, 'last_seen': 1778946437.683029, 'seen_count': 2, 'channels': [], 'avg_rssi': None}, '80:6c:92:6c:31:96': {'first_seen': 1778946437.993963, 'last_seen': 1778946437.99505, 'seen_count': 2, 'channels': [], 'avg_rssi': None}, 'd0:46:74:d4:a5:8e': {'first_seen': 1778946438.301864, 'last_seen': 1778946438.3028, 'seen_count': 2, 'channels': [], 'avg_rssi': None}, '35:b0:c1:3e:1b:de': {'first_seen': 1778946438.62081, 'last_seen': 1778946438.62182, 'seen_count': 2, 'channels': [], 'avg_rssi': None}, '45:54:f1:49:f9:43': {'first_seen': 1778946438.931902, 'last_seen': 1778946438.932834, 'seen_count': 2, 'channels': [], 'avg_rssi': None}, '9f:33:10:5b:85:6d': {'first_seen': 1778946439.244614, 'last_seen': 1778946439.245727, 'seen_count': 2, 'channels': [], 'avg_rssi': None}, '9d:e5:3c:ae:bc:13': {'first_seen': 1778946439.556764, 'last_seen': 1778946439.557741, 'seen_count': 2, 'channels': [], 'avg_rssi': None}, '97:ba:7b:02:17:bf': {'first_seen': 1778946439.864648, 'last_seen': 1778946439.865757, 'seen_count': 2, 'channels': [], 'avg_rssi': None}, 'ac:bc:12:ce:3f:19': {'first_seen': 1778946440.183253, 'last_seen': 1778946440.184403, 'seen_count': 2, 'channels': [], 'avg_rssi': None}, '06:20:a8:8a:d6:c7': {'first_seen': 1778946440.499823, 'last_seen': 1778946440.50104, 'seen_count': 2, 'channels': [], 'avg_rssi': None}, 'de:ac:1a:47:60:95': {'first_seen': 1778946440.81196, 'last_seen': 1778946440.812805, 'seen_count': 2, 'channels': [], 'avg_rssi': None}, 'f4:c5:a9:62:f1:40': {'first_seen': 1778946441.121927, 'last_seen': 1778946441.122823, 'seen_count': 2, 'channels': [], 'avg_rssi': None}, '70:5e:35:a7:ac:33': {'first_seen': 1778946441.434063, 'last_seen': 1778946441.435098, 'seen_count': 2, 'channels': [], 'avg_rssi': None}, '22:cc:9d:81:f4:64': {'first_seen': 1778946441.749468, 'last_seen': 1778946441.75065, 'seen_count': 2, 'channels': [], 'avg_rssi': None}, 'ca:37:cc:30:c7:51': {'first_seen': 1778946442.069276, 'last_seen': 1778946442.07587, 'seen_count': 2, 'channels': [], 'avg_rssi': None}, '58:93:ff:ba:7e:1a': {'first_seen': 1778946442.381296, 'last_seen': 1778946442.382264, 'seen_count': 2, 'channels': [], 'avg_rssi': None}, '56:4d:8e:44:21:af': {'first_seen': 1778946442.694956, 'last_seen': 1778946442.696033, 'seen_count': 2, 'channels': [], 'avg_rssi': None}, '63:a0:c2:4c:4e:65': {'first_seen': 1778946443.004006, 'last_seen': 1778946443.005181, 'seen_count': 2, 'channels': [], 'avg_rssi': None}, '96:0c:64:ca:8a:0f': {'first_seen': 1778946443.323034, 'last_seen': 1778946443.324188, 'seen_count': 2, 'channels': [], 'avg_rssi': None}, '1e:e8:50:aa:6d:25': {'first_seen': 1778946443.637202, 'last_seen': 1778946443.638338, 'seen_count': 2, 'channels': [], 'avg_rssi': None}, '2b:a2:ae:67:c7:38': {'first_seen': 1778946443.947369, 'last_seen': 1778946443.948604, 'seen_count': 2, 'channels': [], 'avg_rssi': None}, '59:9c:93:16:84:e7': {'first_seen': 1778946444.269152, 'last_seen': 1778946444.270372, 'seen_count': 2, 'channels': [], 'avg_rssi': None}, 'b7:56:c6:cb:96:54': {'first_seen': 1778946444.58669, 'last_seen': 1778946444.58776, 'seen_count': 2, 'channels': [], 'avg_rssi': None}, '42:53:34:e6:1c:57': {'first_seen': 1778946444.895098, 'last_seen': 1778946444.896161, 'seen_count': 2, 'channels': [], 'avg_rssi': None}, '9d:64:d2:58:41:5c': {'first_seen': 1778946445.206213, 'last_seen': 1778946445.20716, 'seen_count': 2, 'channels': [], 'avg_rssi': None}, 'a6:0c:f1:70:8b:0c': {'first_seen': 1778946445.516102, 'last_seen': 1778946445.517068, 'seen_count': 2, 'channels': [], 'avg_rssi': None}, '15:ee:1b:54:cd:5f': {'first_seen': 1778946445.830704, 'last_seen': 1778946445.831701, 'seen_count': 2, 'channels': [], 'avg_rssi': None}, '4c:c7:35:98:c1:a2': {'first_seen': 1778946446.14538, 'last_seen': 1778946446.14646, 'seen_count': 2, 'channels': [], 'avg_rssi': None}, '12:73:b3:e3:94:6e': {'first_seen': 1778946446.455841, 'last_seen': 1778946446.45685, 'seen_count': 2, 'channels': [], 'avg_rssi': None}, 'cb:4c:56:4b:f5:04': {'first_seen': 1778946446.764665, 'last_seen': 1778946446.765616, 'seen_count': 2, 'channels': [], 'avg_rssi': None}, 'cb:d9:05:44:92:72': {'first_seen': 1778946447.076511, 'last_seen': 1778946447.077641, 'seen_count': 2, 'channels': [], 'avg_rssi': None}, 'cd:b5:76:93:35:61': {'first_seen': 1778946447.391999, 'last_seen': 1778946447.393022, 'seen_count': 2, 'channels': [], 'avg_rssi': None}, '14:96:17:bf:13:9b': {'first_seen': 1778946447.702714, 'last_seen': 1778946447.7038, 'seen_count': 2, 'channels': [], 'avg_rssi': None}, '48:dc:3f:7f:18:c7': {'first_seen': 1778946448.015534, 'last_seen': 1778946448.016682, 'seen_count': 2, 'channels': [], 'avg_rssi': None}, '5d:b9:e7:50:34:77': {'first_seen': 1778946448.333162, 'last_seen': 1778946448.334074, 'seen_count': 2, 'channels': [], 'avg_rssi': None}, '1a:13:e6:a5:03:3b': {'first_seen': 1778946448.64842, 'last_seen': 1778946448.649587, 'seen_count': 2, 'channels': [], 'avg_rssi': None}, '41:72:1d:ec:43:23': {'first_seen': 1778946448.95792, 'last_seen': 1778946448.958989, 'seen_count': 2, 'channels': [], 'avg_rssi': None}, '5d:f9:78:44:77:04': {'first_seen': 1778946449.266428, 'last_seen': 1778946449.267507, 'seen_count': 2, 'channels': [], 'avg_rssi': None}, 'e6:1d:2a:1c:ba:d9': {'first_seen': 1778946449.576992, 'last_seen': 1778946449.578135, 'seen_count': 2, 'channels': [], 'avg_rssi': None}, '4a:2a:01:16:4a:db': {'first_seen': 1778946449.888888, 'last_seen': 1778946449.889776, 'seen_count': 2, 'channels': [], 'avg_rssi': None}, '56:4f:85:f3:19:0b': {'first_seen': 1778946450.209189, 'last_seen': 1778946450.210069, 'seen_count': 2, 'channels': [], 'avg_rssi': None}, 'c8:bc:19:58:fb:bc': {'first_seen': 1778946450.526033, 'last_seen': 1778946450.527195, 'seen_count': 2, 'channels': [], 'avg_rssi': None}, '66:fe:40:c9:e5:d1': {'first_seen': 1778946450.839298, 'last_seen': 1778946450.840461, 'seen_count': 2, 'channels': [], 'avg_rssi': None}, '6c:b6:a9:99:aa:4b': {'first_seen': 1778946451.149971, 'last_seen': 1778946451.150851, 'seen_count': 2, 'channels': [], 'avg_rssi': None}, '28:69:3f:24:6c:93': {'first_seen': 1778946451.467522, 'last_seen': 1778946451.468736, 'seen_count': 2, 'channels': [], 'avg_rssi': None}, 'da:57:04:f0:c8:a9': {'first_seen': 1778946451.779184, 'last_seen': 1778946451.780381, 'seen_count': 2, 'channels': [], 'avg_rssi': None}, 'a7:46:55:d6:55:ff': {'first_seen': 1778946452.087541, 'last_seen': 1778946452.088651, 'seen_count': 2, 'channels': [], 'avg_rssi': None}, 'a4:88:03:d3:a2:00': {'first_seen': 1778946452.398096, 'last_seen': 1778946452.399048, 'seen_count': 2, 'channels': [], 'avg_rssi': None}, '2d:46:6a:13:7e:f7': {'first_seen': 1778946452.711692, 'last_seen': 1778946452.712557, 'seen_count': 2, 'channels': [], 'avg_rssi': None}, '27:99:bf:bc:05:09': {'first_seen': 1778946453.026903, 'last_seen': 1778946453.027944, 'seen_count': 2, 'channels': [], 'avg_rssi': None}, '89:55:2a:43:2f:92': {'first_seen': 1778946453.347604, 'last_seen': 1778946453.348707, 'seen_count': 2, 'channels': [], 'avg_rssi': None}, '07:b4:5c:85:eb:5c': {'first_seen': 1778946453.659751, 'last_seen': 1778946453.660849, 'seen_count': 2, 'channels': [], 'avg_rssi': None}, '34:75:d1:82:38:e7': {'first_seen': 1778946453.967807, 'last_seen': 1778946453.968739, 'seen_count': 2, 'channels': [], 'avg_rssi': None}, 'e3:18:6a:28:2f:e2': {'first_seen': 1778946454.286498, 'last_seen': 1778946454.28763, 'seen_count': 2, 'channels': [], 'avg_rssi': None}, '61:e1:59:ec:20:d7': {'first_seen': 1778946454.601519, 'last_seen': 1778946454.602397, 'seen_count': 2, 'channels': [], 'avg_rssi': None}, '36:94:58:58:f8:af': {'first_seen': 1778946454.9127, 'last_seen': 1778946454.913673, 'seen_count': 2, 'channels': [], 'avg_rssi': None}, '50:9c:9d:f2:2d:94': {'first_seen': 1778946455.226711, 'last_seen': 1778946455.226711, 'seen_count': 1, 'channels': [], 'avg_rssi': None}}}
!!!!!!!!!!!!!!!!!!!!!!!!!!!!!!!!!!!!!!!!!!!!!!!!!!!!!!!!!!!!!!!!!!!!!!!!!!!!!!!!


!!!!!!!!!!!!!!!!!!!!!!!!!!!!!!!!!!!!!!!!!!!!!!!!!!!!!!!!!!!!!!!!!!!!!!!!!!!!!!!!
[ALERT] ALERT-000052 | POTENTIAL_EVIL_TWIN
severity: LOW
time: 2026-05-16T15:47:35.236818
message: Wykryto potencjalny Evil Twin / Rogue AP dla SSID 'TestNet_018'. Zaobserwowano 99 różnych BSSID oraz podejrzane różnice parametrów sieci.
evidence: {'ssid': 'TestNet_018', 'bssid_count': 99, 'bssids': ['a2:19:05:2c:cb:e8', '7e:13:51:4c:0e:0e', '27:0e:22:16:ff:02', '32:46:81:bd:ea:8f', '12:64:f7:ad:67:62', '4c:c7:c0:44:01:9b', 'be:20:50:8f:cb:27', 'fd:14:2b:5b:00:f9', 'c0:3d:25:ab:d6:ae', '68:cb:20:c4:0a:e8', 'f7:4b:03:53:0b:18', '97:a4:28:6d:b1:2a', '18:00:fd:78:74:89', '65:38:52:de:ec:27', 'ae:96:a8:a7:d2:d4', 'cb:37:c3:cd:19:38', '49:8a:71:dc:23:aa', '23:7a:65:4b:20:68', '8c:c6:c9:94:1f:5b', 'f6:7b:1c:d9:b6:58', '5a:aa:8c:b8:58:f6', '4f:54:36:91:41:70', 'ee:13:8f:70:a0:ea', 'c1:78:28:6e:0c:28', '4c:d2:e6:a7:72:67', '14:a7:bf:2c:53:2e', 'a0:09:47:e0:38:00', 'c6:37:da:62:5a:7a', 'c4:f8:bc:67:17:6b', '24:bf:90:1d:47:d2', '5e:23:f0:7f:a4:3a', '0d:e4:f4:41:c6:c8', '34:18:08:a1:0f:7b', '6a:fe:8c:28:c6:0f', 'ea:2a:da:4b:53:de', 'ed:3e:8d:8e:cb:f1', 'fd:e6:92:05:1a:c9', 'f0:65:bd:cc:43:2f', '7b:f5:46:95:8d:00', '56:65:f7:3f:17:27', 'c3:10:44:48:46:8e', '0d:04:fe:87:bd:93', '9d:12:f1:c3:13:48', '07:d8:02:f0:2b:8a', 'fe:26:78:27:a0:79', '28:af:ce:48:77:f4', '40:23:ac:92:39:d6', '79:fa:72:22:86:21', '77:5f:be:b6:55:ee', '3b:61:6e:f2:5d:75', 'd4:be:12:db:f6:f6', '42:50:7f:f4:5d:bb', '27:ec:a4:9b:71:65', '27:1a:0b:03:b6:86', '01:52:a4:e8:a2:21', 'f6:88:5a:a6:b0:69', 'fb:85:5d:3b:64:a2', '53:8a:0d:5f:ba:72', 'f7:2a:fd:9b:8b:68', '62:80:22:a4:66:11', 'e6:0a:7c:54:69:b5', '76:7e:bc:90:c2:c6', '28:ae:a1:34:17:de', '2f:13:13:fa:ad:b6', '51:37:43:a9:33:da', '40:a6:08:07:16:a4', '31:c3:ab:3a:08:5e', '0e:ad:70:74:0c:e2', '3e:97:c7:b4:36:1d', 'c3:51:3b:e6:7d:fb', 'c7:5d:ca:9b:af:33', '97:6b:5f:bd:7f:b4', '86:9a:58:71:a7:43', '52:a3:74:bc:83:15', '6e:48:72:33:b4:cf', 'd1:c4:69:fb:a8:6d', 'ec:2f:80:fb:12:07', '7b:89:fc:3c:de:a2', '7c:b0:f0:42:4b:c3', 'ed:d9:9b:83:d7:24', '19:31:23:39:cc:20', '84:9c:27:cc:1e:fc', '19:50:12:5c:e3:b0', 'ae:a8:88:e2:6e:25', '10:bd:52:c0:f4:a5', '0d:e0:cb:51:c0:fa', 'e4:8d:b6:d7:0d:32', '89:e8:98:76:1a:83', '43:23:ad:8d:4f:cb', '11:62:f1:81:04:7d', '89:59:2f:c5:61:cb', '44:52:fc:b4:ed:8c', '20:27:32:45:53:37', 'ff:5e:5c:22:b5:e2', '35:53:38:8c:e4:ba', '48:4e:5b:07:7b:c0', '62:5a:02:a2:e1:87', '12:ad:0f:60:16:2d', '42:01:1f:f4:0a:9c'], 'triggered_reasons': ['same_ssid_multiple_bssid'], 'observations': {'a2:19:05:2c:cb:e8': {'first_seen': 1778946424.656279, 'last_seen': 1778946424.658095, 'seen_count': 2, 'channels': [], 'avg_rssi': None}, '7e:13:51:4c:0e:0e': {'first_seen': 1778946424.967903, 'last_seen': 1778946424.968863, 'seen_count': 2, 'channels': [], 'avg_rssi': None}, '27:0e:22:16:ff:02': {'first_seen': 1778946425.281368, 'last_seen': 1778946425.282512, 'seen_count': 2, 'channels': [], 'avg_rssi': None}, '32:46:81:bd:ea:8f': {'first_seen': 1778946425.587555, 'last_seen': 1778946425.588519, 'seen_count': 2, 'channels': [], 'avg_rssi': None}, '12:64:f7:ad:67:62': {'first_seen': 1778946425.894039, 'last_seen': 1778946425.895034, 'seen_count': 2, 'channels': [], 'avg_rssi': None}, '4c:c7:c0:44:01:9b': {'first_seen': 1778946426.204918, 'last_seen': 1778946426.205926, 'seen_count': 2, 'channels': [], 'avg_rssi': None}, 'be:20:50:8f:cb:27': {'first_seen': 1778946426.513133, 'last_seen': 1778946426.514314, 'seen_count': 2, 'channels': [], 'avg_rssi': None}, 'fd:14:2b:5b:00:f9': {'first_seen': 1778946426.82146, 'last_seen': 1778946426.822587, 'seen_count': 2, 'channels': [], 'avg_rssi': None}, 'c0:3d:25:ab:d6:ae': {'first_seen': 1778946427.133601, 'last_seen': 1778946427.134606, 'seen_count': 2, 'channels': [], 'avg_rssi': None}, '68:cb:20:c4:0a:e8': {'first_seen': 1778946427.439817, 'last_seen': 1778946427.44099, 'seen_count': 2, 'channels': [], 'avg_rssi': None}, 'f7:4b:03:53:0b:18': {'first_seen': 1778946427.751416, 'last_seen': 1778946427.752506, 'seen_count': 2, 'channels': [], 'avg_rssi': None}, '97:a4:28:6d:b1:2a': {'first_seen': 1778946428.057245, 'last_seen': 1778946428.058146, 'seen_count': 2, 'channels': [], 'avg_rssi': None}, '18:00:fd:78:74:89': {'first_seen': 1778946428.371514, 'last_seen': 1778946428.372419, 'seen_count': 2, 'channels': [], 'avg_rssi': None}, '65:38:52:de:ec:27': {'first_seen': 1778946428.679211, 'last_seen': 1778946428.680552, 'seen_count': 2, 'channels': [], 'avg_rssi': None}, 'ae:96:a8:a7:d2:d4': {'first_seen': 1778946428.986257, 'last_seen': 1778946428.987205, 'seen_count': 2, 'channels': [], 'avg_rssi': None}, 'cb:37:c3:cd:19:38': {'first_seen': 1778946429.298536, 'last_seen': 1778946429.29971, 'seen_count': 2, 'channels': [], 'avg_rssi': None}, '49:8a:71:dc:23:aa': {'first_seen': 1778946429.606227, 'last_seen': 1778946429.607112, 'seen_count': 2, 'channels': [], 'avg_rssi': None}, '23:7a:65:4b:20:68': {'first_seen': 1778946429.919068, 'last_seen': 1778946429.920125, 'seen_count': 2, 'channels': [], 'avg_rssi': None}, '8c:c6:c9:94:1f:5b': {'first_seen': 1778946430.228427, 'last_seen': 1778946430.229258, 'seen_count': 2, 'channels': [], 'avg_rssi': None}, 'f6:7b:1c:d9:b6:58': {'first_seen': 1778946430.545793, 'last_seen': 1778946430.546901, 'seen_count': 2, 'channels': [], 'avg_rssi': None}, '5a:aa:8c:b8:58:f6': {'first_seen': 1778946430.855869, 'last_seen': 1778946430.856917, 'seen_count': 2, 'channels': [], 'avg_rssi': None}, '4f:54:36:91:41:70': {'first_seen': 1778946431.16891, 'last_seen': 1778946431.169932, 'seen_count': 2, 'channels': [], 'avg_rssi': None}, 'ee:13:8f:70:a0:ea': {'first_seen': 1778946431.478887, 'last_seen': 1778946431.480085, 'seen_count': 2, 'channels': [], 'avg_rssi': None}, 'c1:78:28:6e:0c:28': {'first_seen': 1778946431.789852, 'last_seen': 1778946431.790965, 'seen_count': 2, 'channels': [], 'avg_rssi': None}, '4c:d2:e6:a7:72:67': {'first_seen': 1778946432.094443, 'last_seen': 1778946432.095623, 'seen_count': 2, 'channels': [], 'avg_rssi': None}, '14:a7:bf:2c:53:2e': {'first_seen': 1778946432.39946, 'last_seen': 1778946432.400373, 'seen_count': 2, 'channels': [], 'avg_rssi': None}, 'a0:09:47:e0:38:00': {'first_seen': 1778946432.711649, 'last_seen': 1778946432.712513, 'seen_count': 2, 'channels': [], 'avg_rssi': None}, 'c6:37:da:62:5a:7a': {'first_seen': 1778946433.020556, 'last_seen': 1778946433.021667, 'seen_count': 2, 'channels': [], 'avg_rssi': None}, 'c4:f8:bc:67:17:6b': {'first_seen': 1778946433.330689, 'last_seen': 1778946433.331923, 'seen_count': 2, 'channels': [], 'avg_rssi': None}, '24:bf:90:1d:47:d2': {'first_seen': 1778946433.640168, 'last_seen': 1778946433.641062, 'seen_count': 2, 'channels': [], 'avg_rssi': None}, '5e:23:f0:7f:a4:3a': {'first_seen': 1778946433.953076, 'last_seen': 1778946433.954214, 'seen_count': 2, 'channels': [], 'avg_rssi': None}, '0d:e4:f4:41:c6:c8': {'first_seen': 1778946434.259512, 'last_seen': 1778946434.260468, 'seen_count': 2, 'channels': [], 'avg_rssi': None}, '34:18:08:a1:0f:7b': {'first_seen': 1778946434.568996, 'last_seen': 1778946434.570111, 'seen_count': 2, 'channels': [], 'avg_rssi': None}, '6a:fe:8c:28:c6:0f': {'first_seen': 1778946434.88267, 'last_seen': 1778946434.883637, 'seen_count': 2, 'channels': [], 'avg_rssi': None}, 'ea:2a:da:4b:53:de': {'first_seen': 1778946435.202164, 'last_seen': 1778946435.206017, 'seen_count': 2, 'channels': [], 'avg_rssi': None}, 'ed:3e:8d:8e:cb:f1': {'first_seen': 1778946435.5144, 'last_seen': 1778946435.515284, 'seen_count': 2, 'channels': [], 'avg_rssi': None}, 'fd:e6:92:05:1a:c9': {'first_seen': 1778946435.82736, 'last_seen': 1778946435.829051, 'seen_count': 2, 'channels': [], 'avg_rssi': None}, 'f0:65:bd:cc:43:2f': {'first_seen': 1778946436.133656, 'last_seen': 1778946436.134816, 'seen_count': 2, 'channels': [], 'avg_rssi': None}, '7b:f5:46:95:8d:00': {'first_seen': 1778946436.444176, 'last_seen': 1778946436.445206, 'seen_count': 2, 'channels': [], 'avg_rssi': None}, '56:65:f7:3f:17:27': {'first_seen': 1778946436.75679, 'last_seen': 1778946436.758233, 'seen_count': 2, 'channels': [], 'avg_rssi': None}, 'c3:10:44:48:46:8e': {'first_seen': 1778946437.077043, 'last_seen': 1778946437.077991, 'seen_count': 2, 'channels': [], 'avg_rssi': None}, '0d:04:fe:87:bd:93': {'first_seen': 1778946437.385964, 'last_seen': 1778946437.38702, 'seen_count': 2, 'channels': [], 'avg_rssi': None}, '9d:12:f1:c3:13:48': {'first_seen': 1778946437.692155, 'last_seen': 1778946437.693404, 'seen_count': 2, 'channels': [], 'avg_rssi': None}, '07:d8:02:f0:2b:8a': {'first_seen': 1778946438.004056, 'last_seen': 1778946438.005038, 'seen_count': 2, 'channels': [], 'avg_rssi': None}, 'fe:26:78:27:a0:79': {'first_seen': 1778946438.31196, 'last_seen': 1778946438.313178, 'seen_count': 2, 'channels': [], 'avg_rssi': None}, '28:af:ce:48:77:f4': {'first_seen': 1778946438.630901, 'last_seen': 1778946438.63182, 'seen_count': 2, 'channels': [], 'avg_rssi': None}, '40:23:ac:92:39:d6': {'first_seen': 1778946438.942047, 'last_seen': 1778946438.943218, 'seen_count': 2, 'channels': [], 'avg_rssi': None}, '79:fa:72:22:86:21': {'first_seen': 1778946439.254714, 'last_seen': 1778946439.255861, 'seen_count': 2, 'channels': [], 'avg_rssi': None}, '77:5f:be:b6:55:ee': {'first_seen': 1778946439.566858, 'last_seen': 1778946439.567741, 'seen_count': 2, 'channels': [], 'avg_rssi': None}, '3b:61:6e:f2:5d:75': {'first_seen': 1778946439.87475, 'last_seen': 1778946439.875884, 'seen_count': 2, 'channels': [], 'avg_rssi': None}, 'd4:be:12:db:f6:f6': {'first_seen': 1778946440.193968, 'last_seen': 1778946440.195151, 'seen_count': 2, 'channels': [], 'avg_rssi': None}, '42:50:7f:f4:5d:bb': {'first_seen': 1778946440.509937, 'last_seen': 1778946440.510791, 'seen_count': 2, 'channels': [], 'avg_rssi': None}, '27:ec:a4:9b:71:65': {'first_seen': 1778946440.822085, 'last_seen': 1778946440.823058, 'seen_count': 2, 'channels': [], 'avg_rssi': None}, '27:1a:0b:03:b6:86': {'first_seen': 1778946441.132026, 'last_seen': 1778946441.132948, 'seen_count': 2, 'channels': [], 'avg_rssi': None}, '01:52:a4:e8:a2:21': {'first_seen': 1778946441.44417, 'last_seen': 1778946441.445222, 'seen_count': 2, 'channels': [], 'avg_rssi': None}, 'f6:88:5a:a6:b0:69': {'first_seen': 1778946441.761993, 'last_seen': 1778946441.762983, 'seen_count': 2, 'channels': [], 'avg_rssi': None}, 'fb:85:5d:3b:64:a2': {'first_seen': 1778946442.079384, 'last_seen': 1778946442.080251, 'seen_count': 2, 'channels': [], 'avg_rssi': None}, '53:8a:0d:5f:ba:72': {'first_seen': 1778946442.391414, 'last_seen': 1778946442.392397, 'seen_count': 2, 'channels': [], 'avg_rssi': None}, 'f7:2a:fd:9b:8b:68': {'first_seen': 1778946442.705062, 'last_seen': 1778946442.705905, 'seen_count': 2, 'channels': [], 'avg_rssi': None}, '62:80:22:a4:66:11': {'first_seen': 1778946443.014098, 'last_seen': 1778946443.01531, 'seen_count': 2, 'channels': [], 'avg_rssi': None}, 'e6:0a:7c:54:69:b5': {'first_seen': 1778946443.333129, 'last_seen': 1778946443.334063, 'seen_count': 2, 'channels': [], 'avg_rssi': None}, '76:7e:bc:90:c2:c6': {'first_seen': 1778946443.647308, 'last_seen': 1778946443.648957, 'seen_count': 2, 'channels': [], 'avg_rssi': None}, '28:ae:a1:34:17:de': {'first_seen': 1778946443.957464, 'last_seen': 1778946443.958596, 'seen_count': 2, 'channels': [], 'avg_rssi': None}, '2f:13:13:fa:ad:b6': {'first_seen': 1778946444.279266, 'last_seen': 1778946444.280246, 'seen_count': 2, 'channels': [], 'avg_rssi': None}, '51:37:43:a9:33:da': {'first_seen': 1778946444.596782, 'last_seen': 1778946444.598003, 'seen_count': 2, 'channels': [], 'avg_rssi': None}, '40:a6:08:07:16:a4': {'first_seen': 1778946444.905202, 'last_seen': 1778946444.906285, 'seen_count': 2, 'channels': [], 'avg_rssi': None}, '31:c3:ab:3a:08:5e': {'first_seen': 1778946445.216309, 'last_seen': 1778946445.217285, 'seen_count': 2, 'channels': [], 'avg_rssi': None}, '0e:ad:70:74:0c:e2': {'first_seen': 1778946445.526241, 'last_seen': 1778946445.527303, 'seen_count': 2, 'channels': [], 'avg_rssi': None}, '3e:97:c7:b4:36:1d': {'first_seen': 1778946445.840909, 'last_seen': 1778946445.844063, 'seen_count': 2, 'channels': [], 'avg_rssi': None}, 'c3:51:3b:e6:7d:fb': {'first_seen': 1778946446.158674, 'last_seen': 1778946446.159709, 'seen_count': 2, 'channels': [], 'avg_rssi': None}, 'c7:5d:ca:9b:af:33': {'first_seen': 1778946446.465929, 'last_seen': 1778946446.46685, 'seen_count': 2, 'channels': [], 'avg_rssi': None}, '97:6b:5f:bd:7f:b4': {'first_seen': 1778946446.774766, 'last_seen': 1778946446.777365, 'seen_count': 2, 'channels': [], 'avg_rssi': None}, '86:9a:58:71:a7:43': {'first_seen': 1778946447.086671, 'last_seen': 1778946447.087888, 'seen_count': 2, 'channels': [], 'avg_rssi': None}, '52:a3:74:bc:83:15': {'first_seen': 1778946447.402663, 'last_seen': 1778946447.403774, 'seen_count': 2, 'channels': [], 'avg_rssi': None}, '6e:48:72:33:b4:cf': {'first_seen': 1778946447.712806, 'last_seen': 1778946447.71379, 'seen_count': 2, 'channels': [], 'avg_rssi': None}, 'd1:c4:69:fb:a8:6d': {'first_seen': 1778946448.025641, 'last_seen': 1778946448.026569, 'seen_count': 2, 'channels': [], 'avg_rssi': None}, 'ec:2f:80:fb:12:07': {'first_seen': 1778946448.34669, 'last_seen': 1778946448.34771, 'seen_count': 2, 'channels': [], 'avg_rssi': None}, '7b:89:fc:3c:de:a2': {'first_seen': 1778946448.658514, 'last_seen': 1778946448.659341, 'seen_count': 2, 'channels': [], 'avg_rssi': None}, '7c:b0:f0:42:4b:c3': {'first_seen': 1778946448.968018, 'last_seen': 1778946448.968856, 'seen_count': 2, 'channels': [], 'avg_rssi': None}, 'ed:d9:9b:83:d7:24': {'first_seen': 1778946449.276532, 'last_seen': 1778946449.277382, 'seen_count': 2, 'channels': [], 'avg_rssi': None}, '19:31:23:39:cc:20': {'first_seen': 1778946449.587086, 'last_seen': 1778946449.588018, 'seen_count': 2, 'channels': [], 'avg_rssi': None}, '84:9c:27:cc:1e:fc': {'first_seen': 1778946449.902658, 'last_seen': 1778946449.903653, 'seen_count': 2, 'channels': [], 'avg_rssi': None}, '19:50:12:5c:e3:b0': {'first_seen': 1778946450.219282, 'last_seen': 1778946450.220422, 'seen_count': 2, 'channels': [], 'avg_rssi': None}, 'ae:a8:88:e2:6e:25': {'first_seen': 1778946450.536134, 'last_seen': 1778946450.537075, 'seen_count': 2, 'channels': [], 'avg_rssi': None}, '10:bd:52:c0:f4:a5': {'first_seen': 1778946450.849394, 'last_seen': 1778946450.850578, 'seen_count': 2, 'channels': [], 'avg_rssi': None}, '0d:e0:cb:51:c0:fa': {'first_seen': 1778946451.161964, 'last_seen': 1778946451.162851, 'seen_count': 2, 'channels': [], 'avg_rssi': None}, 'e4:8d:b6:d7:0d:32': {'first_seen': 1778946451.477617, 'last_seen': 1778946451.478734, 'seen_count': 2, 'channels': [], 'avg_rssi': None}, '89:e8:98:76:1a:83': {'first_seen': 1778946451.789299, 'last_seen': 1778946451.790259, 'seen_count': 2, 'channels': [], 'avg_rssi': None}, '43:23:ad:8d:4f:cb': {'first_seen': 1778946452.097657, 'last_seen': 1778946452.098683, 'seen_count': 2, 'channels': [], 'avg_rssi': None}, '11:62:f1:81:04:7d': {'first_seen': 1778946452.40819, 'last_seen': 1778946452.409657, 'seen_count': 2, 'channels': [], 'avg_rssi': None}, '89:59:2f:c5:61:cb': {'first_seen': 1778946452.722662, 'last_seen': 1778946452.723673, 'seen_count': 2, 'channels': [], 'avg_rssi': None}, '44:52:fc:b4:ed:8c': {'first_seen': 1778946453.037003, 'last_seen': 1778946453.03794, 'seen_count': 2, 'channels': [], 'avg_rssi': None}, '20:27:32:45:53:37': {'first_seen': 1778946453.357729, 'last_seen': 1778946453.35859, 'seen_count': 2, 'channels': [], 'avg_rssi': None}, 'ff:5e:5c:22:b5:e2': {'first_seen': 1778946453.669877, 'last_seen': 1778946453.670849, 'seen_count': 2, 'channels': [], 'avg_rssi': None}, '35:53:38:8c:e4:ba': {'first_seen': 1778946453.977953, 'last_seen': 1778946453.979123, 'seen_count': 2, 'channels': [], 'avg_rssi': None}, '48:4e:5b:07:7b:c0': {'first_seen': 1778946454.296728, 'last_seen': 1778946454.297755, 'seen_count': 2, 'channels': [], 'avg_rssi': None}, '62:5a:02:a2:e1:87': {'first_seen': 1778946454.613637, 'last_seen': 1778946454.614778, 'seen_count': 2, 'channels': [], 'avg_rssi': None}, '12:ad:0f:60:16:2d': {'first_seen': 1778946454.92283, 'last_seen': 1778946454.923923, 'seen_count': 2, 'channels': [], 'avg_rssi': None}, '42:01:1f:f4:0a:9c': {'first_seen': 1778946455.236818, 'last_seen': 1778946455.236818, 'seen_count': 1, 'channels': [], 'avg_rssi': None}}}
!!!!!!!!!!!!!!!!!!!!!!!!!!!!!!!!!!!!!!!!!!!!!!!!!!!!!!!!!!!!!!!!!!!!!!!!!!!!!!!!


!!!!!!!!!!!!!!!!!!!!!!!!!!!!!!!!!!!!!!!!!!!!!!!!!!!!!!!!!!!!!!!!!!!!!!!!!!!!!!!!
[ALERT] ALERT-000053 | POTENTIAL_EVIL_TWIN
severity: LOW
time: 2026-05-16T15:47:35.250679
message: Wykryto potencjalny Evil Twin / Rogue AP dla SSID 'TestNet_019'. Zaobserwowano 99 różnych BSSID oraz podejrzane różnice parametrów sieci.
evidence: {'ssid': 'TestNet_019', 'bssid_count': 99, 'bssids': ['fd:0e:ca:7d:5b:f2', '8e:c5:c1:6d:5b:7f', 'd2:31:a8:04:43:3e', '1d:77:91:ff:d7:73', 'fe:c2:ba:30:80:91', '37:40:2c:9b:a6:e9', '2c:b6:72:fd:6c:3a', '52:36:b5:46:ff:b9', 'c2:9b:6d:0b:98:d6', '6d:db:3a:70:d6:09', 'e4:d5:c0:c8:98:9c', '4c:a7:90:e3:07:3d', 'c3:db:74:c3:4f:0a', '53:b6:5f:c7:8e:f6', '1c:ee:6a:0f:93:bf', '4e:b4:b2:a4:53:e5', 'c1:ac:cb:55:ff:8c', 'e3:00:89:49:e6:94', '43:ef:a5:6f:81:28', 'c7:0a:00:80:ed:29', 'c1:2a:ff:51:fc:f8', '9f:21:f9:1f:67:be', '1a:a1:0c:c0:9d:34', '96:93:35:ed:a9:24', '02:a3:a3:a7:d2:d6', '1f:c3:22:74:06:34', 'db:23:82:ce:f4:8f', '17:50:b4:62:2f:19', '0f:53:f2:e9:10:2b', '1a:7a:ff:dd:0b:a2', '03:7d:34:f4:f7:7f', '7f:9f:f1:c3:32:ab', 'fc:10:41:79:37:f2', 'd5:a2:08:5c:9c:f0', '20:0b:a1:bc:02:68', 'ff:21:94:42:9a:41', '49:ff:d1:ac:92:6e', 'fe:e6:73:10:87:15', 'd8:d1:8d:6e:09:ed', '1e:bd:8a:96:40:3d', '12:de:3c:d5:2b:cd', 'f2:c2:69:15:54:cf', '3f:05:ac:24:00:8b', '9c:18:3c:04:2e:c5', '3d:f4:12:17:d5:fb', '4e:b7:1d:4f:fb:fc', '12:82:12:08:82:a4', '4e:c6:e0:ee:39:d9', 'd5:77:18:b2:84:21', '1a:1c:f9:78:21:d8', '64:d8:26:01:80:6c', '11:22:a9:93:53:2b', 'b1:ef:41:5a:17:9d', '69:ac:95:26:79:8d', '29:46:49:a5:b8:f2', '1c:5f:fa:62:bf:20', '0e:5b:85:51:f5:df', 'b6:5a:c6:c8:4c:3a', '8a:43:9a:c3:23:da', 'bd:ad:81:35:2d:71', '58:cf:f8:d9:8a:88', '40:a0:71:4f:88:6c', 'a5:7b:60:ab:8c:5c', 'a2:79:78:27:73:6f', '9e:97:de:ee:0e:92', '8f:0f:e5:1d:07:3b', '92:04:0e:62:53:2e', 'bb:dc:ca:33:8e:64', 'ad:5a:ff:e5:c6:31', '8f:85:4b:29:43:da', '76:eb:ae:c8:c2:79', '00:e2:83:6d:ae:8d', 'd0:7c:82:e2:c0:15', '7b:10:5e:c8:d1:97', '25:5b:9e:d5:47:f2', '9a:fb:dd:dc:da:c1', '45:fe:d3:7b:e0:52', '85:7c:12:e5:61:70', '66:13:c9:25:6a:06', 'bd:a1:a9:c3:80:48', 'cc:ad:21:79:c8:3e', '5d:73:84:d9:f5:b2', 'ce:05:b8:a9:2b:28', 'f7:d0:5e:20:24:a3', 'a6:bb:f6:c9:7a:32', 'a3:46:80:86:77:5a', 'cd:cc:49:45:27:37', '41:91:47:70:58:82', '9a:93:53:a3:48:86', '18:bf:37:9c:2b:58', 'b6:a1:11:8f:62:98', '87:b3:d6:43:69:53', 'a4:0b:68:16:73:22', '4d:97:a0:02:c8:b6', '45:e9:9a:1e:b2:ba', '8d:99:74:5b:0b:d6', '2f:c2:3a:fe:9b:a3', '4d:b5:98:94:d6:6d', '02:97:25:4e:8f:52'], 'triggered_reasons': ['same_ssid_multiple_bssid'], 'observations': {'fd:0e:ca:7d:5b:f2': {'first_seen': 1778946424.666389, 'last_seen': 1778946424.667721, 'seen_count': 2, 'channels': [], 'avg_rssi': None}, '8e:c5:c1:6d:5b:7f': {'first_seen': 1778946424.978014, 'last_seen': 1778946424.97887, 'seen_count': 2, 'channels': [], 'avg_rssi': None}, 'd2:31:a8:04:43:3e': {'first_seen': 1778946425.291494, 'last_seen': 1778946425.29451, 'seen_count': 2, 'channels': [], 'avg_rssi': None}, '1d:77:91:ff:d7:73': {'first_seen': 1778946425.597674, 'last_seen': 1778946425.598672, 'seen_count': 2, 'channels': [], 'avg_rssi': None}, 'fe:c2:ba:30:80:91': {'first_seen': 1778946425.90413, 'last_seen': 1778946425.905287, 'seen_count': 2, 'channels': [], 'avg_rssi': None}, '37:40:2c:9b:a6:e9': {'first_seen': 1778946426.215032, 'last_seen': 1778946426.216175, 'seen_count': 2, 'channels': [], 'avg_rssi': None}, '2c:b6:72:fd:6c:3a': {'first_seen': 1778946426.524685, 'last_seen': 1778946426.525815, 'seen_count': 2, 'channels': [], 'avg_rssi': None}, '52:36:b5:46:ff:b9': {'first_seen': 1778946426.832271, 'last_seen': 1778946426.833209, 'seen_count': 2, 'channels': [], 'avg_rssi': None}, 'c2:9b:6d:0b:98:d6': {'first_seen': 1778946427.143706, 'last_seen': 1778946427.144851, 'seen_count': 2, 'channels': [], 'avg_rssi': None}, '6d:db:3a:70:d6:09': {'first_seen': 1778946427.450676, 'last_seen': 1778946427.454, 'seen_count': 2, 'channels': [], 'avg_rssi': None}, 'e4:d5:c0:c8:98:9c': {'first_seen': 1778946427.762669, 'last_seen': 1778946427.763526, 'seen_count': 2, 'channels': [], 'avg_rssi': None}, '4c:a7:90:e3:07:3d': {'first_seen': 1778946428.067342, 'last_seen': 1778946428.068273, 'seen_count': 2, 'channels': [], 'avg_rssi': None}, 'c3:db:74:c3:4f:0a': {'first_seen': 1778946428.381651, 'last_seen': 1778946428.382684, 'seen_count': 2, 'channels': [], 'avg_rssi': None}, '53:b6:5f:c7:8e:f6': {'first_seen': 1778946428.689308, 'last_seen': 1778946428.690431, 'seen_count': 2, 'channels': [], 'avg_rssi': None}, '1c:ee:6a:0f:93:bf': {'first_seen': 1778946428.996357, 'last_seen': 1778946428.997944, 'seen_count': 2, 'channels': [], 'avg_rssi': None}, '4e:b4:b2:a4:53:e5': {'first_seen': 1778946429.308659, 'last_seen': 1778946429.309838, 'seen_count': 2, 'channels': [], 'avg_rssi': None}, 'c1:ac:cb:55:ff:8c': {'first_seen': 1778946429.616372, 'last_seen': 1778946429.617476, 'seen_count': 2, 'channels': [], 'avg_rssi': None}, 'e3:00:89:49:e6:94': {'first_seen': 1778946429.929202, 'last_seen': 1778946429.930126, 'seen_count': 2, 'channels': [], 'avg_rssi': None}, '43:ef:a5:6f:81:28': {'first_seen': 1778946430.238556, 'last_seen': 1778946430.239509, 'seen_count': 2, 'channels': [], 'avg_rssi': None}, 'c7:0a:00:80:ed:29': {'first_seen': 1778946430.555915, 'last_seen': 1778946430.557654, 'seen_count': 2, 'channels': [], 'avg_rssi': None}, 'c1:2a:ff:51:fc:f8': {'first_seen': 1778946430.866017, 'last_seen': 1778946430.867179, 'seen_count': 2, 'channels': [], 'avg_rssi': None}, '9f:21:f9:1f:67:be': {'first_seen': 1778946431.181622, 'last_seen': 1778946431.18256, 'seen_count': 2, 'channels': [], 'avg_rssi': None}, '1a:a1:0c:c0:9d:34': {'first_seen': 1778946431.488994, 'last_seen': 1778946431.490206, 'seen_count': 2, 'channels': [], 'avg_rssi': None}, '96:93:35:ed:a9:24': {'first_seen': 1778946431.799977, 'last_seen': 1778946431.80109, 'seen_count': 2, 'channels': [], 'avg_rssi': None}, '02:a3:a3:a7:d2:d6': {'first_seen': 1778946432.104544, 'last_seen': 1778946432.105731, 'seen_count': 2, 'channels': [], 'avg_rssi': None}, '1f:c3:22:74:06:34': {'first_seen': 1778946432.409591, 'last_seen': 1778946432.410755, 'seen_count': 2, 'channels': [], 'avg_rssi': None}, 'db:23:82:ce:f4:8f': {'first_seen': 1778946432.721757, 'last_seen': 1778946432.7229, 'seen_count': 2, 'channels': [], 'avg_rssi': None}, '17:50:b4:62:2f:19': {'first_seen': 1778946433.033349, 'last_seen': 1778946433.034405, 'seen_count': 2, 'channels': [], 'avg_rssi': None}, '0f:53:f2:e9:10:2b': {'first_seen': 1778946433.340789, 'last_seen': 1778946433.344055, 'seen_count': 2, 'channels': [], 'avg_rssi': None}, '1a:7a:ff:dd:0b:a2': {'first_seen': 1778946433.650307, 'last_seen': 1778946433.651318, 'seen_count': 2, 'channels': [], 'avg_rssi': None}, '03:7d:34:f4:f7:7f': {'first_seen': 1778946433.963208, 'last_seen': 1778946433.964089, 'seen_count': 2, 'channels': [], 'avg_rssi': None}, '7f:9f:f1:c3:32:ab': {'first_seen': 1778946434.269685, 'last_seen': 1778946434.270845, 'seen_count': 2, 'channels': [], 'avg_rssi': None}, 'fc:10:41:79:37:f2': {'first_seen': 1778946434.579091, 'last_seen': 1778946434.579996, 'seen_count': 2, 'channels': [], 'avg_rssi': None}, 'd5:a2:08:5c:9c:f0': {'first_seen': 1778946434.893083, 'last_seen': 1778946434.894009, 'seen_count': 2, 'channels': [], 'avg_rssi': None}, '20:0b:a1:bc:02:68': {'first_seen': 1778946435.212241, 'last_seen': 1778946435.213142, 'seen_count': 2, 'channels': [], 'avg_rssi': None}, 'ff:21:94:42:9a:41': {'first_seen': 1778946435.524498, 'last_seen': 1778946435.525544, 'seen_count': 2, 'channels': [], 'avg_rssi': None}, '49:ff:d1:ac:92:6e': {'first_seen': 1778946435.837471, 'last_seen': 1778946435.838675, 'seen_count': 2, 'channels': [], 'avg_rssi': None}, 'fe:e6:73:10:87:15': {'first_seen': 1778946436.143814, 'last_seen': 1778946436.144949, 'seen_count': 2, 'channels': [], 'avg_rssi': None}, 'd8:d1:8d:6e:09:ed': {'first_seen': 1778946436.454302, 'last_seen': 1778946436.455466, 'seen_count': 2, 'channels': [], 'avg_rssi': None}, '1e:bd:8a:96:40:3d': {'first_seen': 1778946436.770201, 'last_seen': 1778946436.77111, 'seen_count': 2, 'channels': [], 'avg_rssi': None}, '12:de:3c:d5:2b:cd': {'first_seen': 1778946437.087139, 'last_seen': 1778946437.08824, 'seen_count': 2, 'channels': [], 'avg_rssi': None}, 'f2:c2:69:15:54:cf': {'first_seen': 1778946437.396088, 'last_seen': 1778946437.397015, 'seen_count': 2, 'channels': [], 'avg_rssi': None}, '3f:05:ac:24:00:8b': {'first_seen': 1778946437.702273, 'last_seen': 1778946437.703157, 'seen_count': 2, 'channels': [], 'avg_rssi': None}, '9c:18:3c:04:2e:c5': {'first_seen': 1778946438.014163, 'last_seen': 1778946438.016543, 'seen_count': 2, 'channels': [], 'avg_rssi': None}, '3d:f4:12:17:d5:fb': {'first_seen': 1778946438.325962, 'last_seen': 1778946438.327054, 'seen_count': 2, 'channels': [], 'avg_rssi': None}, '4e:b7:1d:4f:fb:fc': {'first_seen': 1778946438.641006, 'last_seen': 1778946438.641944, 'seen_count': 2, 'channels': [], 'avg_rssi': None}, '12:82:12:08:82:a4': {'first_seen': 1778946438.952142, 'last_seen': 1778946438.953085, 'seen_count': 2, 'channels': [], 'avg_rssi': None}, '4e:c6:e0:ee:39:d9': {'first_seen': 1778946439.264827, 'last_seen': 1778946439.265727, 'seen_count': 2, 'channels': [], 'avg_rssi': None}, 'd5:77:18:b2:84:21': {'first_seen': 1778946439.576959, 'last_seen': 1778946439.580372, 'seen_count': 2, 'channels': [], 'avg_rssi': None}, '1a:1c:f9:78:21:d8': {'first_seen': 1778946439.884852, 'last_seen': 1778946439.885759, 'seen_count': 2, 'channels': [], 'avg_rssi': None}, '64:d8:26:01:80:6c': {'first_seen': 1778946440.204063, 'last_seen': 1778946440.204901, 'seen_count': 2, 'channels': [], 'avg_rssi': None}, '11:22:a9:93:53:2b': {'first_seen': 1778946440.520054, 'last_seen': 1778946440.520924, 'seen_count': 2, 'channels': [], 'avg_rssi': None}, 'b1:ef:41:5a:17:9d': {'first_seen': 1778946440.832178, 'last_seen': 1778946440.833186, 'seen_count': 2, 'channels': [], 'avg_rssi': None}, '69:ac:95:26:79:8d': {'first_seen': 1778946441.14213, 'last_seen': 1778946441.144948, 'seen_count': 2, 'channels': [], 'avg_rssi': None}, '29:46:49:a5:b8:f2': {'first_seen': 1778946441.45855, 'last_seen': 1778946441.459592, 'seen_count': 2, 'channels': [], 'avg_rssi': None}, '1c:5f:fa:62:bf:20': {'first_seen': 1778946441.772103, 'last_seen': 1778946441.773233, 'seen_count': 2, 'channels': [], 'avg_rssi': None}, '0e:5b:85:51:f5:df': {'first_seen': 1778946442.089486, 'last_seen': 1778946442.090388, 'seen_count': 2, 'channels': [], 'avg_rssi': None}, 'b6:5a:c6:c8:4c:3a': {'first_seen': 1778946442.4015, 'last_seen': 1778946442.402663, 'seen_count': 2, 'channels': [], 'avg_rssi': None}, '8a:43:9a:c3:23:da': {'first_seen': 1778946442.715159, 'last_seen': 1778946442.71628, 'seen_count': 2, 'channels': [], 'avg_rssi': None}, 'bd:ad:81:35:2d:71': {'first_seen': 1778946443.025176, 'last_seen': 1778946443.026303, 'seen_count': 2, 'channels': [], 'avg_rssi': None}, '58:cf:f8:d9:8a:88': {'first_seen': 1778946443.344819, 'last_seen': 1778946443.345939, 'seen_count': 2, 'channels': [], 'avg_rssi': None}, '40:a0:71:4f:88:6c': {'first_seen': 1778946443.6574, 'last_seen': 1778946443.658337, 'seen_count': 2, 'channels': [], 'avg_rssi': None}, 'a5:7b:60:ab:8c:5c': {'first_seen': 1778946443.967572, 'last_seen': 1778946443.96848, 'seen_count': 2, 'channels': [], 'avg_rssi': None}, 'a2:79:78:27:73:6f': {'first_seen': 1778946444.292275, 'last_seen': 1778946444.293116, 'seen_count': 2, 'channels': [], 'avg_rssi': None}, '9e:97:de:ee:0e:92': {'first_seen': 1778946444.606876, 'last_seen': 1778946444.607879, 'seen_count': 2, 'channels': [], 'avg_rssi': None}, '8f:0f:e5:1d:07:3b': {'first_seen': 1778946444.915296, 'last_seen': 1778946444.916394, 'seen_count': 2, 'channels': [], 'avg_rssi': None}, '92:04:0e:62:53:2e': {'first_seen': 1778946445.226431, 'last_seen': 1778946445.227668, 'seen_count': 2, 'channels': [], 'avg_rssi': None}, 'bb:dc:ca:33:8e:64': {'first_seen': 1778946445.538681, 'last_seen': 1778946445.53968, 'seen_count': 2, 'channels': [], 'avg_rssi': None}, 'ad:5a:ff:e5:c6:31': {'first_seen': 1778946445.853939, 'last_seen': 1778946445.855567, 'seen_count': 2, 'channels': [], 'avg_rssi': None}, '8f:85:4b:29:43:da': {'first_seen': 1778946446.168776, 'last_seen': 1778946446.169709, 'seen_count': 2, 'channels': [], 'avg_rssi': None}, '76:eb:ae:c8:c2:79': {'first_seen': 1778946446.476031, 'last_seen': 1778946446.477227, 'seen_count': 2, 'channels': [], 'avg_rssi': None}, '00:e2:83:6d:ae:8d': {'first_seen': 1778946446.784874, 'last_seen': 1778946446.785741, 'seen_count': 2, 'channels': [], 'avg_rssi': None}, 'd0:7c:82:e2:c0:15': {'first_seen': 1778946447.099999, 'last_seen': 1778946447.10101, 'seen_count': 2, 'channels': [], 'avg_rssi': None}, '7b:10:5e:c8:d1:97': {'first_seen': 1778946447.412758, 'last_seen': 1778946447.4139, 'seen_count': 2, 'channels': [], 'avg_rssi': None}, '25:5b:9e:d5:47:f2': {'first_seen': 1778946447.72343, 'last_seen': 1778946447.724426, 'seen_count': 2, 'channels': [], 'avg_rssi': None}, '9a:fb:dd:dc:da:c1': {'first_seen': 1778946448.035756, 'last_seen': 1778946448.037821, 'seen_count': 2, 'channels': [], 'avg_rssi': None}, '45:fe:d3:7b:e0:52': {'first_seen': 1778946448.356792, 'last_seen': 1778946448.357698, 'seen_count': 2, 'channels': [], 'avg_rssi': None}, '85:7c:12:e5:61:70': {'first_seen': 1778946448.668618, 'last_seen': 1778946448.669841, 'seen_count': 2, 'channels': [], 'avg_rssi': None}, '66:13:c9:25:6a:06': {'first_seen': 1778946448.978122, 'last_seen': 1778946448.979232, 'seen_count': 2, 'channels': [], 'avg_rssi': None}, 'bd:a1:a9:c3:80:48': {'first_seen': 1778946449.286659, 'last_seen': 1778946449.287881, 'seen_count': 2, 'channels': [], 'avg_rssi': None}, 'cc:ad:21:79:c8:3e': {'first_seen': 1778946449.597192, 'last_seen': 1778946449.598388, 'seen_count': 2, 'channels': [], 'avg_rssi': None}, '5d:73:84:d9:f5:b2': {'first_seen': 1778946449.912751, 'last_seen': 1778946449.913778, 'seen_count': 2, 'channels': [], 'avg_rssi': None}, 'ce:05:b8:a9:2b:28': {'first_seen': 1778946450.229387, 'last_seen': 1778946450.230298, 'seen_count': 2, 'channels': [], 'avg_rssi': None}, 'f7:d0:5e:20:24:a3': {'first_seen': 1778946450.54624, 'last_seen': 1778946450.547446, 'seen_count': 2, 'channels': [], 'avg_rssi': None}, 'a6:bb:f6:c9:7a:32': {'first_seen': 1778946450.859536, 'last_seen': 1778946450.860461, 'seen_count': 2, 'channels': [], 'avg_rssi': None}, 'a3:46:80:86:77:5a': {'first_seen': 1778946451.172063, 'last_seen': 1778946451.172967, 'seen_count': 2, 'channels': [], 'avg_rssi': None}, 'cd:cc:49:45:27:37': {'first_seen': 1778946451.487709, 'last_seen': 1778946451.488735, 'seen_count': 2, 'channels': [], 'avg_rssi': None}, '41:91:47:70:58:82': {'first_seen': 1778946451.799394, 'last_seen': 1778946451.800517, 'seen_count': 2, 'channels': [], 'avg_rssi': None}, '9a:93:53:a3:48:86': {'first_seen': 1778946452.107758, 'last_seen': 1778946452.108894, 'seen_count': 2, 'channels': [], 'avg_rssi': None}, '18:bf:37:9c:2b:58': {'first_seen': 1778946452.418286, 'last_seen': 1778946452.419283, 'seen_count': 2, 'channels': [], 'avg_rssi': None}, 'b6:a1:11:8f:62:98': {'first_seen': 1778946452.732756, 'last_seen': 1778946452.733674, 'seen_count': 2, 'channels': [], 'avg_rssi': None}, '87:b3:d6:43:69:53': {'first_seen': 1778946453.047803, 'last_seen': 1778946453.048949, 'seen_count': 2, 'channels': [], 'avg_rssi': None}, 'a4:0b:68:16:73:22': {'first_seen': 1778946453.367844, 'last_seen': 1778946453.368843, 'seen_count': 2, 'channels': [], 'avg_rssi': None}, '4d:97:a0:02:c8:b6': {'first_seen': 1778946453.679994, 'last_seen': 1778946453.681099, 'seen_count': 2, 'channels': [], 'avg_rssi': None}, '45:e9:9a:1e:b2:ba': {'first_seen': 1778946453.988082, 'last_seen': 1778946453.989248, 'seen_count': 2, 'channels': [], 'avg_rssi': None}, '8d:99:74:5b:0b:d6': {'first_seen': 1778946454.306823, 'last_seen': 1778946454.307756, 'seen_count': 2, 'channels': [], 'avg_rssi': None}, '2f:c2:3a:fe:9b:a3': {'first_seen': 1778946454.625724, 'last_seen': 1778946454.626913, 'seen_count': 2, 'channels': [], 'avg_rssi': None}, '4d:b5:98:94:d6:6d': {'first_seen': 1778946454.932931, 'last_seen': 1778946454.933789, 'seen_count': 2, 'channels': [], 'avg_rssi': None}, '02:97:25:4e:8f:52': {'first_seen': 1778946455.250679, 'last_seen': 1778946455.250679, 'seen_count': 1, 'channels': [], 'avg_rssi': None}}}
!!!!!!!!!!!!!!!!!!!!!!!!!!!!!!!!!!!!!!!!!!!!!!!!!!!!!!!!!!!!!!!!!!!!!!!!!!!!!!!!


!!!!!!!!!!!!!!!!!!!!!!!!!!!!!!!!!!!!!!!!!!!!!!!!!!!!!!!!!!!!!!!!!!!!!!!!!!!!!!!!
[ALERT] ALERT-000054 | POTENTIAL_EVIL_TWIN
severity: LOW
time: 2026-05-16T15:47:35.260782
message: Wykryto potencjalny Evil Twin / Rogue AP dla SSID 'TestNet_020'. Zaobserwowano 99 różnych BSSID oraz podejrzane różnice parametrów sieci.
evidence: {'ssid': 'TestNet_020', 'bssid_count': 99, 'bssids': ['89:38:2c:59:9b:e2', '96:da:d4:9b:a4:74', 'b5:3d:4a:07:1a:c9', 'a6:f1:76:a3:49:4e', 'd7:1d:76:ec:73:91', 'ad:bd:88:f4:af:a0', 'ab:89:a0:f3:3c:11', '02:2a:f2:b6:81:ec', 'b1:c6:c2:8d:57:8b', 'b1:ac:33:87:1e:65', '7d:ed:65:5b:39:7c', 'fb:4b:1f:4c:59:d1', '05:9d:73:c3:23:2c', '36:dc:8a:86:75:81', '4b:e4:a8:8f:fd:53', '12:64:45:7a:68:9e', 'd5:98:7d:10:40:33', 'b4:41:51:0d:37:73', 'b5:04:10:8b:67:c4', '4b:0a:be:3b:e5:35', 'ae:0f:54:3f:29:a0', '39:26:07:67:80:56', '02:ff:1c:82:97:1b', '5e:70:85:ac:ea:ab', '21:b7:b5:c9:b2:f7', 'a7:15:3b:f4:5f:07', '44:97:af:68:67:72', '17:48:d1:00:cb:98', 'c7:03:79:7a:d5:d3', '98:55:33:eb:9f:77', '28:71:08:5f:8e:4f', 'de:be:d6:b1:b0:9a', '56:62:c8:8d:07:d5', '1b:4e:cf:99:9a:1a', '7d:c7:79:26:48:58', '05:c2:b5:2d:81:2c', 'ec:45:e2:9e:2a:8c', '75:75:75:d7:9d:46', '88:b6:8c:b7:08:7b', '50:15:23:3b:e2:ec', '22:a2:f6:5d:a3:93', '9d:d1:c6:76:3d:6d', '5d:74:45:93:e6:af', '71:eb:9b:54:6b:07', 'ad:ef:20:58:bf:66', 'b5:e3:88:9b:18:39', '4b:6d:03:75:b2:58', '21:76:28:5b:15:5c', 'f3:e3:7a:34:80:5f', 'cf:d4:ef:56:6c:a9', 'bb:52:aa:53:fe:67', '47:24:2d:8a:2b:4d', '31:f0:36:8c:cf:e2', 'e1:53:cd:b8:47:92', '0b:e0:37:d8:50:95', 'eb:2c:f3:a7:4f:bf', '54:f9:aa:f7:c4:e1', '1d:69:4d:f3:c2:e0', 'c5:da:d8:2d:31:25', 'e7:f4:9c:5b:57:3c', '29:f8:a0:61:8e:ac', 'ae:9f:ec:44:bd:d4', '23:05:55:2d:30:f7', '32:61:b0:0b:ba:4c', 'ba:24:3d:68:db:93', '29:63:4c:4c:a5:a0', 'ab:05:cd:76:a2:31', 'e1:27:40:f6:cd:4d', 'b5:85:eb:5a:9a:d9', 'ac:65:90:fa:b1:57', '06:86:cf:0b:99:42', 'af:85:13:19:50:5f', '7a:73:5e:2b:3e:37', 'e5:bd:22:52:8a:d7', '1e:17:e3:3e:2b:79', '90:51:85:34:99:61', 'a7:de:a9:d0:3c:62', 'fc:40:3e:e8:5a:52', 'bc:98:aa:ee:d9:1c', '5e:a7:7a:96:04:74', '79:2b:6d:6f:11:8a', '4a:05:99:c7:50:c3', '6d:ea:2f:17:40:7e', 'bc:b5:e8:10:7d:a5', '8f:c1:21:0b:27:1f', '63:7d:64:d9:ea:1a', 'd2:25:b9:07:4d:23', 'a5:8f:ba:47:69:11', '46:b1:fc:66:58:42', '27:95:92:b4:39:1a', 'fa:cd:ac:30:fa:f2', '78:8e:f7:62:b5:90', 'b9:76:7b:18:ff:d1', '8e:75:1e:6d:7c:d2', '9d:f7:cb:59:2c:40', 'fb:90:0f:75:73:27', '0c:c2:f1:1d:23:d2', '77:21:a5:1d:57:39', 'ca:7e:ae:5f:ce:4a'], 'triggered_reasons': ['same_ssid_multiple_bssid'], 'observations': {'89:38:2c:59:9b:e2': {'first_seen': 1778946424.676516, 'last_seen': 1778946424.677479, 'seen_count': 2, 'channels': [], 'avg_rssi': None}, '96:da:d4:9b:a4:74': {'first_seen': 1778946424.988124, 'last_seen': 1778946424.988994, 'seen_count': 2, 'channels': [], 'avg_rssi': None}, 'b5:3d:4a:07:1a:c9': {'first_seen': 1778946425.301593, 'last_seen': 1778946425.30251, 'seen_count': 2, 'channels': [], 'avg_rssi': None}, 'a6:f1:76:a3:49:4e': {'first_seen': 1778946425.607802, 'last_seen': 1778946425.608651, 'seen_count': 2, 'channels': [], 'avg_rssi': None}, 'd7:1d:76:ec:73:91': {'first_seen': 1778946425.914262, 'last_seen': 1778946425.915293, 'seen_count': 2, 'channels': [], 'avg_rssi': None}, 'ad:bd:88:f4:af:a0': {'first_seen': 1778946426.226717, 'last_seen': 1778946426.227932, 'seen_count': 2, 'channels': [], 'avg_rssi': None}, 'ab:89:a0:f3:3c:11': {'first_seen': 1778946426.534806, 'last_seen': 1778946426.535952, 'seen_count': 2, 'channels': [], 'avg_rssi': None}, '02:2a:f2:b6:81:ec': {'first_seen': 1778946426.842381, 'last_seen': 1778946426.843458, 'seen_count': 2, 'channels': [], 'avg_rssi': None}, 'b1:c6:c2:8d:57:8b': {'first_seen': 1778946427.153818, 'last_seen': 1778946427.154723, 'seen_count': 2, 'channels': [], 'avg_rssi': None}, 'b1:ac:33:87:1e:65': {'first_seen': 1778946427.460809, 'last_seen': 1778946427.461744, 'seen_count': 2, 'channels': [], 'avg_rssi': None}, '7d:ed:65:5b:39:7c': {'first_seen': 1778946427.772762, 'last_seen': 1778946427.773882, 'seen_count': 2, 'channels': [], 'avg_rssi': None}, 'fb:4b:1f:4c:59:d1': {'first_seen': 1778946428.077444, 'last_seen': 1778946428.078272, 'seen_count': 2, 'channels': [], 'avg_rssi': None}, '05:9d:73:c3:23:2c': {'first_seen': 1778946428.391772, 'last_seen': 1778946428.392922, 'seen_count': 2, 'channels': [], 'avg_rssi': None}, '36:dc:8a:86:75:81': {'first_seen': 1778946428.699429, 'last_seen': 1778946428.700429, 'seen_count': 2, 'channels': [], 'avg_rssi': None}, '4b:e4:a8:8f:fd:53': {'first_seen': 1778946429.006511, 'last_seen': 1778946429.007452, 'seen_count': 2, 'channels': [], 'avg_rssi': None}, '12:64:45:7a:68:9e': {'first_seen': 1778946429.318754, 'last_seen': 1778946429.319712, 'seen_count': 2, 'channels': [], 'avg_rssi': None}, 'd5:98:7d:10:40:33': {'first_seen': 1778946429.626495, 'last_seen': 1778946429.627611, 'seen_count': 2, 'channels': [], 'avg_rssi': None}, 'b4:41:51:0d:37:73': {'first_seen': 1778946429.939317, 'last_seen': 1778946429.94037, 'seen_count': 2, 'channels': [], 'avg_rssi': None}, 'b5:04:10:8b:67:c4': {'first_seen': 1778946430.248672, 'last_seen': 1778946430.249518, 'seen_count': 2, 'channels': [], 'avg_rssi': None}, '4b:0a:be:3b:e5:35': {'first_seen': 1778946430.566054, 'last_seen': 1778946430.567149, 'seen_count': 2, 'channels': [], 'avg_rssi': None}, 'ae:0f:54:3f:29:a0': {'first_seen': 1778946430.877193, 'last_seen': 1778946430.880434, 'seen_count': 2, 'channels': [], 'avg_rssi': None}, '39:26:07:67:80:56': {'first_seen': 1778946431.191714, 'last_seen': 1778946431.192809, 'seen_count': 2, 'channels': [], 'avg_rssi': None}, '02:ff:1c:82:97:1b': {'first_seen': 1778946431.500386, 'last_seen': 1778946431.50134, 'seen_count': 2, 'channels': [], 'avg_rssi': None}, '5e:70:85:ac:ea:ab': {'first_seen': 1778946431.810101, 'last_seen': 1778946431.811349, 'seen_count': 2, 'channels': [], 'avg_rssi': None}, '21:b7:b5:c9:b2:f7': {'first_seen': 1778946432.114656, 'last_seen': 1778946432.115733, 'seen_count': 2, 'channels': [], 'avg_rssi': None}, 'a7:15:3b:f4:5f:07': {'first_seen': 1778946432.419711, 'last_seen': 1778946432.420631, 'seen_count': 2, 'channels': [], 'avg_rssi': None}, '44:97:af:68:67:72': {'first_seen': 1778946432.731854, 'last_seen': 1778946432.733012, 'seen_count': 2, 'channels': [], 'avg_rssi': None}, '17:48:d1:00:cb:98': {'first_seen': 1778946433.043385, 'last_seen': 1778946433.04428, 'seen_count': 2, 'channels': [], 'avg_rssi': None}, 'c7:03:79:7a:d5:d3': {'first_seen': 1778946433.350883, 'last_seen': 1778946433.351794, 'seen_count': 2, 'channels': [], 'avg_rssi': None}, '98:55:33:eb:9f:77': {'first_seen': 1778946433.660409, 'last_seen': 1778946433.661437, 'seen_count': 2, 'channels': [], 'avg_rssi': None}, '28:71:08:5f:8e:4f': {'first_seen': 1778946433.973298, 'last_seen': 1778946433.976952, 'seen_count': 2, 'channels': [], 'avg_rssi': None}, 'de:be:d6:b1:b0:9a': {'first_seen': 1778946434.279775, 'last_seen': 1778946434.280593, 'seen_count': 2, 'channels': [], 'avg_rssi': None}, '56:62:c8:8d:07:d5': {'first_seen': 1778946434.589202, 'last_seen': 1778946434.591233, 'seen_count': 2, 'channels': [], 'avg_rssi': None}, '1b:4e:cf:99:9a:1a': {'first_seen': 1778946434.903172, 'last_seen': 1778946434.904629, 'seen_count': 2, 'channels': [], 'avg_rssi': None}, '7d:c7:79:26:48:58': {'first_seen': 1778946435.22236, 'last_seen': 1778946435.223271, 'seen_count': 2, 'channels': [], 'avg_rssi': None}, '05:c2:b5:2d:81:2c': {'first_seen': 1778946435.538677, 'last_seen': 1778946435.539784, 'seen_count': 2, 'channels': [], 'avg_rssi': None}, 'ec:45:e2:9e:2a:8c': {'first_seen': 1778946435.847598, 'last_seen': 1778946435.848557, 'seen_count': 2, 'channels': [], 'avg_rssi': None}, '75:75:75:d7:9d:46': {'first_seen': 1778946436.153941, 'last_seen': 1778946436.154816, 'seen_count': 2, 'channels': [], 'avg_rssi': None}, '88:b6:8c:b7:08:7b': {'first_seen': 1778946436.46439, 'last_seen': 1778946436.465592, 'seen_count': 2, 'channels': [], 'avg_rssi': None}, '50:15:23:3b:e2:ec': {'first_seen': 1778946436.782692, 'last_seen': 1778946436.783603, 'seen_count': 2, 'channels': [], 'avg_rssi': None}, '22:a2:f6:5d:a3:93': {'first_seen': 1778946437.097231, 'last_seen': 1778946437.098365, 'seen_count': 2, 'channels': [], 'avg_rssi': None}, '9d:d1:c6:76:3d:6d': {'first_seen': 1778946437.406185, 'last_seen': 1778946437.407004, 'seen_count': 2, 'channels': [], 'avg_rssi': None}, '5d:74:45:93:e6:af': {'first_seen': 1778946437.712383, 'last_seen': 1778946437.713398, 'seen_count': 2, 'channels': [], 'avg_rssi': None}, '71:eb:9b:54:6b:07': {'first_seen': 1778946438.024261, 'last_seen': 1778946438.025308, 'seen_count': 2, 'channels': [], 'avg_rssi': None}, 'ad:ef:20:58:bf:66': {'first_seen': 1778946438.336068, 'last_seen': 1778946438.336928, 'seen_count': 2, 'channels': [], 'avg_rssi': None}, 'b5:e3:88:9b:18:39': {'first_seen': 1778946438.651124, 'last_seen': 1778946438.652071, 'seen_count': 2, 'channels': [], 'avg_rssi': None}, '4b:6d:03:75:b2:58': {'first_seen': 1778946438.96225, 'last_seen': 1778946438.963346, 'seen_count': 2, 'channels': [], 'avg_rssi': None}, '21:76:28:5b:15:5c': {'first_seen': 1778946439.27496, 'last_seen': 1778946439.27611, 'seen_count': 2, 'channels': [], 'avg_rssi': None}, 'f3:e3:7a:34:80:5f': {'first_seen': 1778946439.587059, 'last_seen': 1778946439.587995, 'seen_count': 2, 'channels': [], 'avg_rssi': None}, 'cf:d4:ef:56:6c:a9': {'first_seen': 1778946439.894948, 'last_seen': 1778946439.895884, 'seen_count': 2, 'channels': [], 'avg_rssi': None}, 'bb:52:aa:53:fe:67': {'first_seen': 1778946440.21417, 'last_seen': 1778946440.215033, 'seen_count': 2, 'channels': [], 'avg_rssi': None}, '47:24:2d:8a:2b:4d': {'first_seen': 1778946440.530666, 'last_seen': 1778946440.531791, 'seen_count': 2, 'channels': [], 'avg_rssi': None}, '31:f0:36:8c:cf:e2': {'first_seen': 1778946440.84228, 'last_seen': 1778946440.843444, 'seen_count': 2, 'channels': [], 'avg_rssi': None}, 'e1:53:cd:b8:47:92': {'first_seen': 1778946441.152224, 'last_seen': 1778946441.153075, 'seen_count': 2, 'channels': [], 'avg_rssi': None}, '0b:e0:37:d8:50:95': {'first_seen': 1778946441.470694, 'last_seen': 1778946441.471609, 'seen_count': 2, 'channels': [], 'avg_rssi': None}, 'eb:2c:f3:a7:4f:bf': {'first_seen': 1778946441.782226, 'last_seen': 1778946441.785239, 'seen_count': 2, 'channels': [], 'avg_rssi': None}, '54:f9:aa:f7:c4:e1': {'first_seen': 1778946442.09958, 'last_seen': 1778946442.100498, 'seen_count': 2, 'channels': [], 'avg_rssi': None}, '1d:69:4d:f3:c2:e0': {'first_seen': 1778946442.411892, 'last_seen': 1778946442.413026, 'seen_count': 2, 'channels': [], 'avg_rssi': None}, 'c5:da:d8:2d:31:25': {'first_seen': 1778946442.725252, 'last_seen': 1778946442.726158, 'seen_count': 2, 'channels': [], 'avg_rssi': None}, 'e7:f4:9c:5b:57:3c': {'first_seen': 1778946443.036448, 'last_seen': 1778946443.037439, 'seen_count': 2, 'channels': [], 'avg_rssi': None}, '29:f8:a0:61:8e:ac': {'first_seen': 1778946443.358661, 'last_seen': 1778946443.359564, 'seen_count': 2, 'channels': [], 'avg_rssi': None}, 'ae:9f:ec:44:bd:d4': {'first_seen': 1778946443.667513, 'last_seen': 1778946443.668455, 'seen_count': 2, 'channels': [], 'avg_rssi': None}, '23:05:55:2d:30:f7': {'first_seen': 1778946443.977704, 'last_seen': 1778946443.978604, 'seen_count': 2, 'channels': [], 'avg_rssi': None}, '32:61:b0:0b:ba:4c': {'first_seen': 1778946444.302377, 'last_seen': 1778946444.303505, 'seen_count': 2, 'channels': [], 'avg_rssi': None}, 'ba:24:3d:68:db:93': {'first_seen': 1778946444.616979, 'last_seen': 1778946444.61813, 'seen_count': 2, 'channels': [], 'avg_rssi': None}, '29:63:4c:4c:a5:a0': {'first_seen': 1778946444.9254, 'last_seen': 1778946444.92627, 'seen_count': 2, 'channels': [], 'avg_rssi': None}, 'ab:05:cd:76:a2:31': {'first_seen': 1778946445.236536, 'last_seen': 1778946445.237412, 'seen_count': 2, 'channels': [], 'avg_rssi': None}, 'e1:27:40:f6:cd:4d': {'first_seen': 1778946445.548785, 'last_seen': 1778946445.549801, 'seen_count': 2, 'channels': [], 'avg_rssi': None}, 'b5:85:eb:5a:9a:d9': {'first_seen': 1778946445.864036, 'last_seen': 1778946445.864941, 'seen_count': 2, 'channels': [], 'avg_rssi': None}, 'ac:65:90:fa:b1:57': {'first_seen': 1778946446.178913, 'last_seen': 1778946446.179837, 'seen_count': 2, 'channels': [], 'avg_rssi': None}, '06:86:cf:0b:99:42': {'first_seen': 1778946446.486143, 'last_seen': 1778946446.487363, 'seen_count': 2, 'channels': [], 'avg_rssi': None}, 'af:85:13:19:50:5f': {'first_seen': 1778946446.794967, 'last_seen': 1778946446.795992, 'seen_count': 2, 'channels': [], 'avg_rssi': None}, '7a:73:5e:2b:3e:37': {'first_seen': 1778946447.1101, 'last_seen': 1778946447.111382, 'seen_count': 2, 'channels': [], 'avg_rssi': None}, 'e5:bd:22:52:8a:d7': {'first_seen': 1778946447.422858, 'last_seen': 1778946447.423775, 'seen_count': 2, 'channels': [], 'avg_rssi': None}, '1e:17:e3:3e:2b:79': {'first_seen': 1778946447.734542, 'last_seen': 1778946447.735423, 'seen_count': 2, 'channels': [], 'avg_rssi': None}, '90:51:85:34:99:61': {'first_seen': 1778946448.045861, 'last_seen': 1778946448.046681, 'seen_count': 2, 'channels': [], 'avg_rssi': None}, 'a7:de:a9:d0:3c:62': {'first_seen': 1778946448.367643, 'last_seen': 1778946448.368824, 'seen_count': 2, 'channels': [], 'avg_rssi': None}, 'fc:40:3e:e8:5a:52': {'first_seen': 1778946448.678679, 'last_seen': 1778946448.679842, 'seen_count': 2, 'channels': [], 'avg_rssi': None}, 'bc:98:aa:ee:d9:1c': {'first_seen': 1778946448.988236, 'last_seen': 1778946448.98912, 'seen_count': 2, 'channels': [], 'avg_rssi': None}, '5e:a7:7a:96:04:74': {'first_seen': 1778946449.296758, 'last_seen': 1778946449.297873, 'seen_count': 2, 'channels': [], 'avg_rssi': None}, '79:2b:6d:6f:11:8a': {'first_seen': 1778946449.607299, 'last_seen': 1778946449.608522, 'seen_count': 2, 'channels': [], 'avg_rssi': None}, '4a:05:99:c7:50:c3': {'first_seen': 1778946449.922844, 'last_seen': 1778946449.92378, 'seen_count': 2, 'channels': [], 'avg_rssi': None}, '6d:ea:2f:17:40:7e': {'first_seen': 1778946450.239484, 'last_seen': 1778946450.240421, 'seen_count': 2, 'channels': [], 'avg_rssi': None}, 'bc:b5:e8:10:7d:a5': {'first_seen': 1778946450.561042, 'last_seen': 1778946450.56219, 'seen_count': 2, 'channels': [], 'avg_rssi': None}, '8f:c1:21:0b:27:1f': {'first_seen': 1778946450.869632, 'last_seen': 1778946450.870839, 'seen_count': 2, 'channels': [], 'avg_rssi': None}, '63:7d:64:d9:ea:1a': {'first_seen': 1778946451.18375, 'last_seen': 1778946451.184842, 'seen_count': 2, 'channels': [], 'avg_rssi': None}, 'd2:25:b9:07:4d:23': {'first_seen': 1778946451.497822, 'last_seen': 1778946451.498862, 'seen_count': 2, 'channels': [], 'avg_rssi': None}, 'a5:8f:ba:47:69:11': {'first_seen': 1778946451.809497, 'last_seen': 1778946451.810661, 'seen_count': 2, 'channels': [], 'avg_rssi': None}, '46:b1:fc:66:58:42': {'first_seen': 1778946452.117861, 'last_seen': 1778946452.118894, 'seen_count': 2, 'channels': [], 'avg_rssi': None}, '27:95:92:b4:39:1a': {'first_seen': 1778946452.428395, 'last_seen': 1778946452.42941, 'seen_count': 2, 'channels': [], 'avg_rssi': None}, 'fa:cd:ac:30:fa:f2': {'first_seen': 1778946452.74285, 'last_seen': 1778946452.743926, 'seen_count': 2, 'channels': [], 'avg_rssi': None}, '78:8e:f7:62:b5:90': {'first_seen': 1778946453.057917, 'last_seen': 1778946453.058819, 'seen_count': 2, 'channels': [], 'avg_rssi': None}, 'b9:76:7b:18:ff:d1': {'first_seen': 1778946453.377963, 'last_seen': 1778946453.379092, 'seen_count': 2, 'channels': [], 'avg_rssi': None}, '8e:75:1e:6d:7c:d2': {'first_seen': 1778946453.690115, 'last_seen': 1778946453.690984, 'seen_count': 2, 'channels': [], 'avg_rssi': None}, '9d:f7:cb:59:2c:40': {'first_seen': 1778946453.999564, 'last_seen': 1778946454.000741, 'seen_count': 2, 'channels': [], 'avg_rssi': None}, 'fb:90:0f:75:73:27': {'first_seen': 1778946454.31692, 'last_seen': 1778946454.318131, 'seen_count': 2, 'channels': [], 'avg_rssi': None}, '0c:c2:f1:1d:23:d2': {'first_seen': 1778946454.63583, 'last_seen': 1778946454.636899, 'seen_count': 2, 'channels': [], 'avg_rssi': None}, '77:21:a5:1d:57:39': {'first_seen': 1778946454.943045, 'last_seen': 1778946454.94417, 'seen_count': 2, 'channels': [], 'avg_rssi': None}, 'ca:7e:ae:5f:ce:4a': {'first_seen': 1778946455.260782, 'last_seen': 1778946455.260782, 'seen_count': 1, 'channels': [], 'avg_rssi': None}}}
!!!!!!!!!!!!!!!!!!!!!!!!!!!!!!!!!!!!!!!!!!!!!!!!!!!!!!!!!!!!!!!!!!!!!!!!!!!!!!!!


!!!!!!!!!!!!!!!!!!!!!!!!!!!!!!!!!!!!!!!!!!!!!!!!!!!!!!!!!!!!!!!!!!!!!!!!!!!!!!!!
[ALERT] ALERT-000055 | POTENTIAL_EVIL_TWIN
severity: LOW
time: 2026-05-16T15:47:35.270882
message: Wykryto potencjalny Evil Twin / Rogue AP dla SSID 'TestNet_021'. Zaobserwowano 99 różnych BSSID oraz podejrzane różnice parametrów sieci.
evidence: {'ssid': 'TestNet_021', 'bssid_count': 99, 'bssids': ['43:60:19:dd:02:32', 'b5:9c:67:92:1a:7b', '21:6c:59:63:93:67', 'd4:fe:ab:34:30:f1', 'a9:b7:c3:e0:c9:27', 'd6:dd:75:23:2a:3c', 'd1:44:50:df:03:71', 'a6:44:70:63:41:84', 'a7:d5:4e:dd:95:8b', 'af:b4:48:c5:1c:13', '30:2c:36:e1:23:81', 'ae:e7:17:58:7e:bb', '01:b9:71:7d:d2:71', '38:74:36:59:d9:6f', '5b:1f:10:a0:ce:a6', '41:3f:c1:d9:0a:f8', '00:9b:5b:71:e4:e5', 'ac:c9:8e:5f:ec:09', '8f:9a:30:25:26:f6', '2b:a3:02:e7:9a:7d', '87:bf:05:72:1a:af', '9a:48:ed:2c:97:42', 'fc:f8:bd:24:e6:d0', '1b:1e:aa:dd:df:22', 'd7:f4:c5:4b:40:98', '2b:fe:5e:3b:12:05', '57:12:e3:90:b2:ed', 'f0:b6:5e:aa:7c:95', '13:77:bf:11:3b:b8', 'a9:71:bb:f7:95:7a', 'af:e3:9b:0a:41:be', 'cf:b0:b9:06:bd:9e', '3e:03:9a:f6:37:b2', 'b4:5b:74:05:c5:73', 'ef:be:42:61:a9:6d', '99:2d:31:4d:1a:6f', 'ff:da:c2:2e:d7:a8', '01:72:e8:11:62:4e', '43:d1:f7:4d:4c:ec', '04:2e:f8:3d:84:5d', 'b8:40:f4:2c:03:04', 'b4:d3:e8:3b:e1:ed', 'd1:44:7a:54:e2:8c', '7d:31:3e:db:38:16', '5a:88:f9:40:86:1f', '3a:fe:a0:8f:26:4f', 'aa:14:b5:a0:54:d9', 'd8:d6:49:bf:4f:43', '83:fe:de:43:75:3d', '91:f8:d7:05:34:38', '7e:bb:8f:84:8f:4d', 'fa:98:49:c7:da:99', '3b:ca:f3:5d:f1:e0', 'a1:a5:d3:02:cd:ed', '41:b8:13:46:ba:66', 'a8:0b:49:33:02:d2', '15:0e:a8:2e:09:2e', '0c:05:8e:f5:58:18', '6b:7b:d8:bc:72:02', '82:ff:60:4a:61:e1', 'd5:3b:6f:f9:21:79', 'b9:7e:04:ad:f5:82', '14:fa:cc:4c:23:7a', '85:4b:cf:20:7a:e2', '83:c4:3f:4d:15:76', 'd8:39:07:95:79:ae', 'a4:9f:13:c0:d0:d6', 'f3:d9:b0:63:e7:5e', 'd5:eb:a7:52:29:3e', 'd2:38:d5:8f:fb:26', '2d:98:0f:ad:60:6c', '73:58:e6:16:ef:51', 'a3:c9:72:69:4f:0c', '2a:74:03:08:c6:a6', 'f0:81:bd:50:ef:06', '3b:ff:35:b9:d1:f9', '2e:0e:00:75:fa:2f', '09:a6:ad:81:21:37', '2f:58:9f:1f:d4:4f', '13:5f:f2:87:4c:cc', '73:09:c3:ba:22:f4', 'a4:83:d3:19:07:70', 'a8:03:8c:21:1c:dd', 'e6:97:07:9d:45:af', '1c:63:4f:1a:73:0c', 'ce:80:9f:d6:8e:80', 'da:60:95:5a:44:22', 'f5:15:fd:bc:9f:e5', 'ba:85:5e:0e:c8:81', 'b8:ae:7c:ab:bf:df', '91:c3:2a:2e:4c:83', '2a:83:d1:6d:c7:23', 'd4:92:13:36:b3:3b', '25:d4:43:2e:d4:a2', '11:ab:f5:35:e0:48', 'c1:16:4f:75:5e:9d', '4e:a3:5e:94:05:b9', '25:e8:5e:b3:fa:0b', '91:61:db:b2:a3:dd'], 'triggered_reasons': ['same_ssid_multiple_bssid'], 'observations': {'43:60:19:dd:02:32': {'first_seen': 1778946424.686638, 'last_seen': 1778946424.687846, 'seen_count': 2, 'channels': [], 'avg_rssi': None}, 'b5:9c:67:92:1a:7b': {'first_seen': 1778946424.998279, 'last_seen': 1778946424.999488, 'seen_count': 2, 'channels': [], 'avg_rssi': None}, '21:6c:59:63:93:67': {'first_seen': 1778946425.311712, 'last_seen': 1778946425.312638, 'seen_count': 2, 'channels': [], 'avg_rssi': None}, 'd4:fe:ab:34:30:f1': {'first_seen': 1778946425.618659, 'last_seen': 1778946425.619532, 'seen_count': 2, 'channels': [], 'avg_rssi': None}, 'a9:b7:c3:e0:c9:27': {'first_seen': 1778946425.924439, 'last_seen': 1778946425.925418, 'seen_count': 2, 'channels': [], 'avg_rssi': None}, 'd6:dd:75:23:2a:3c': {'first_seen': 1778946426.236819, 'last_seen': 1778946426.237941, 'seen_count': 2, 'channels': [], 'avg_rssi': None}, 'd1:44:50:df:03:71': {'first_seen': 1778946426.544921, 'last_seen': 1778946426.54608, 'seen_count': 2, 'channels': [], 'avg_rssi': None}, 'a6:44:70:63:41:84': {'first_seen': 1778946426.85251, 'last_seen': 1778946426.853709, 'seen_count': 2, 'channels': [], 'avg_rssi': None}, 'a7:d5:4e:dd:95:8b': {'first_seen': 1778946427.163927, 'last_seen': 1778946427.165109, 'seen_count': 2, 'channels': [], 'avg_rssi': None}, 'af:b4:48:c5:1c:13': {'first_seen': 1778946427.470901, 'last_seen': 1778946427.472116, 'seen_count': 2, 'channels': [], 'avg_rssi': None}, '30:2c:36:e1:23:81': {'first_seen': 1778946427.782877, 'last_seen': 1778946427.783881, 'seen_count': 2, 'channels': [], 'avg_rssi': None}, 'ae:e7:17:58:7e:bb': {'first_seen': 1778946428.087889, 'last_seen': 1778946428.088774, 'seen_count': 2, 'channels': [], 'avg_rssi': None}, '01:b9:71:7d:d2:71': {'first_seen': 1778946428.401889, 'last_seen': 1778946428.40304, 'seen_count': 2, 'channels': [], 'avg_rssi': None}, '38:74:36:59:d9:6f': {'first_seen': 1778946428.709543, 'last_seen': 1778946428.710689, 'seen_count': 2, 'channels': [], 'avg_rssi': None}, '5b:1f:10:a0:ce:a6': {'first_seen': 1778946429.016599, 'last_seen': 1778946429.01757, 'seen_count': 2, 'channels': [], 'avg_rssi': None}, '41:3f:c1:d9:0a:f8': {'first_seen': 1778946429.328898, 'last_seen': 1778946429.329848, 'seen_count': 2, 'channels': [], 'avg_rssi': None}, '00:9b:5b:71:e4:e5': {'first_seen': 1778946429.636599, 'last_seen': 1778946429.637989, 'seen_count': 2, 'channels': [], 'avg_rssi': None}, 'ac:c9:8e:5f:ec:09': {'first_seen': 1778946429.949424, 'last_seen': 1778946429.950244, 'seen_count': 2, 'channels': [], 'avg_rssi': None}, '8f:9a:30:25:26:f6': {'first_seen': 1778946430.258779, 'last_seen': 1778946430.259894, 'seen_count': 2, 'channels': [], 'avg_rssi': None}, '2b:a3:02:e7:9a:7d': {'first_seen': 1778946430.576173, 'last_seen': 1778946430.577284, 'seen_count': 2, 'channels': [], 'avg_rssi': None}, '87:bf:05:72:1a:af': {'first_seen': 1778946430.887289, 'last_seen': 1778946430.888419, 'seen_count': 2, 'channels': [], 'avg_rssi': None}, '9a:48:ed:2c:97:42': {'first_seen': 1778946431.201826, 'last_seen': 1778946431.20306, 'seen_count': 2, 'channels': [], 'avg_rssi': None}, 'fc:f8:bd:24:e6:d0': {'first_seen': 1778946431.510518, 'last_seen': 1778946431.511577, 'seen_count': 2, 'channels': [], 'avg_rssi': None}, '1b:1e:aa:dd:df:22': {'first_seen': 1778946431.820229, 'last_seen': 1778946431.821223, 'seen_count': 2, 'channels': [], 'avg_rssi': None}, 'd7:f4:c5:4b:40:98': {'first_seen': 1778946432.124751, 'last_seen': 1778946432.125857, 'seen_count': 2, 'channels': [], 'avg_rssi': None}, '2b:fe:5e:3b:12:05': {'first_seen': 1778946432.429823, 'last_seen': 1778946432.430874, 'seen_count': 2, 'channels': [], 'avg_rssi': None}, '57:12:e3:90:b2:ed': {'first_seen': 1778946432.741965, 'last_seen': 1778946432.743139, 'seen_count': 2, 'channels': [], 'avg_rssi': None}, 'f0:b6:5e:aa:7c:95': {'first_seen': 1778946433.053483, 'last_seen': 1778946433.055153, 'seen_count': 2, 'channels': [], 'avg_rssi': None}, '13:77:bf:11:3b:b8': {'first_seen': 1778946433.360986, 'last_seen': 1778946433.362294, 'seen_count': 2, 'channels': [], 'avg_rssi': None}, 'a9:71:bb:f7:95:7a': {'first_seen': 1778946433.670545, 'last_seen': 1778946433.671685, 'seen_count': 2, 'channels': [], 'avg_rssi': None}, 'af:e3:9b:0a:41:be': {'first_seen': 1778946433.983394, 'last_seen': 1778946433.98458, 'seen_count': 2, 'channels': [], 'avg_rssi': None}, 'cf:b0:b9:06:bd:9e': {'first_seen': 1778946434.290131, 'last_seen': 1778946434.291342, 'seen_count': 2, 'channels': [], 'avg_rssi': None}, '3e:03:9a:f6:37:b2': {'first_seen': 1778946434.599302, 'last_seen': 1778946434.600486, 'seen_count': 2, 'channels': [], 'avg_rssi': None}, 'b4:5b:74:05:c5:73': {'first_seen': 1778946434.91328, 'last_seen': 1778946434.91439, 'seen_count': 2, 'channels': [], 'avg_rssi': None}, 'ef:be:42:61:a9:6d': {'first_seen': 1778946435.232467, 'last_seen': 1778946435.233392, 'seen_count': 2, 'channels': [], 'avg_rssi': None}, '99:2d:31:4d:1a:6f': {'first_seen': 1778946435.548769, 'last_seen': 1778946435.549929, 'seen_count': 2, 'channels': [], 'avg_rssi': None}, 'ff:da:c2:2e:d7:a8': {'first_seen': 1778946435.857737, 'last_seen': 1778946435.858693, 'seen_count': 2, 'channels': [], 'avg_rssi': None}, '01:72:e8:11:62:4e': {'first_seen': 1778946436.164552, 'last_seen': 1778946436.165707, 'seen_count': 2, 'channels': [], 'avg_rssi': None}, '43:d1:f7:4d:4c:ec': {'first_seen': 1778946436.474495, 'last_seen': 1778946436.475718, 'seen_count': 2, 'channels': [], 'avg_rssi': None}, '04:2e:f8:3d:84:5d': {'first_seen': 1778946436.792798, 'last_seen': 1778946436.793724, 'seen_count': 2, 'channels': [], 'avg_rssi': None}, 'b8:40:f4:2c:03:04': {'first_seen': 1778946437.107334, 'last_seen': 1778946437.108241, 'seen_count': 2, 'channels': [], 'avg_rssi': None}, 'b4:d3:e8:3b:e1:ed': {'first_seen': 1778946437.416283, 'last_seen': 1778946437.417257, 'seen_count': 2, 'channels': [], 'avg_rssi': None}, 'd1:44:7a:54:e2:8c': {'first_seen': 1778946437.722488, 'last_seen': 1778946437.7234, 'seen_count': 2, 'channels': [], 'avg_rssi': None}, '7d:31:3e:db:38:16': {'first_seen': 1778946438.035223, 'last_seen': 1778946438.036677, 'seen_count': 2, 'channels': [], 'avg_rssi': None}, '5a:88:f9:40:86:1f': {'first_seen': 1778946438.346203, 'last_seen': 1778946438.347061, 'seen_count': 2, 'channels': [], 'avg_rssi': None}, '3a:fe:a0:8f:26:4f': {'first_seen': 1778946438.661236, 'last_seen': 1778946438.662206, 'seen_count': 2, 'channels': [], 'avg_rssi': None}, 'aa:14:b5:a0:54:d9': {'first_seen': 1778946438.972367, 'last_seen': 1778946438.973212, 'seen_count': 2, 'channels': [], 'avg_rssi': None}, 'd8:d6:49:bf:4f:43': {'first_seen': 1778946439.285043, 'last_seen': 1778946439.285991, 'seen_count': 2, 'channels': [], 'avg_rssi': None}, '83:fe:de:43:75:3d': {'first_seen': 1778946439.597174, 'last_seen': 1778946439.598121, 'seen_count': 2, 'channels': [], 'avg_rssi': None}, '91:f8:d7:05:34:38': {'first_seen': 1778946439.905049, 'last_seen': 1778946439.906262, 'seen_count': 2, 'channels': [], 'avg_rssi': None}, '7e:bb:8f:84:8f:4d': {'first_seen': 1778946440.225241, 'last_seen': 1778946440.226416, 'seen_count': 2, 'channels': [], 'avg_rssi': None}, 'fa:98:49:c7:da:99': {'first_seen': 1778946440.540769, 'last_seen': 1778946440.541796, 'seen_count': 2, 'channels': [], 'avg_rssi': None}, '3b:ca:f3:5d:f1:e0': {'first_seen': 1778946440.852403, 'last_seen': 1778946440.853314, 'seen_count': 2, 'channels': [], 'avg_rssi': None}, 'a1:a5:d3:02:cd:ed': {'first_seen': 1778946441.16235, 'last_seen': 1778946441.163332, 'seen_count': 2, 'channels': [], 'avg_rssi': None}, '41:b8:13:46:ba:66': {'first_seen': 1778946441.480807, 'last_seen': 1778946441.48197, 'seen_count': 2, 'channels': [], 'avg_rssi': None}, 'a8:0b:49:33:02:d2': {'first_seen': 1778946441.792327, 'last_seen': 1778946441.793246, 'seen_count': 2, 'channels': [], 'avg_rssi': None}, '15:0e:a8:2e:09:2e': {'first_seen': 1778946442.109677, 'last_seen': 1778946442.110873, 'seen_count': 2, 'channels': [], 'avg_rssi': None}, '0c:05:8e:f5:58:18': {'first_seen': 1778946442.421983, 'last_seen': 1778946442.423154, 'seen_count': 2, 'channels': [], 'avg_rssi': None}, '6b:7b:d8:bc:72:02': {'first_seen': 1778946442.735354, 'last_seen': 1778946442.736282, 'seen_count': 2, 'channels': [], 'avg_rssi': None}, '82:ff:60:4a:61:e1': {'first_seen': 1778946443.046541, 'last_seen': 1778946443.04742, 'seen_count': 2, 'channels': [], 'avg_rssi': None}, 'd5:3b:6f:f9:21:79': {'first_seen': 1778946443.36876, 'last_seen': 1778946443.369813, 'seen_count': 2, 'channels': [], 'avg_rssi': None}, 'b9:7e:04:ad:f5:82': {'first_seen': 1778946443.680477, 'last_seen': 1778946443.681587, 'seen_count': 2, 'channels': [], 'avg_rssi': None}, '14:fa:cc:4c:23:7a': {'first_seen': 1778946443.987839, 'last_seen': 1778946443.988731, 'seen_count': 2, 'channels': [], 'avg_rssi': None}, '85:4b:cf:20:7a:e2': {'first_seen': 1778946444.312469, 'last_seen': 1778946444.313614, 'seen_count': 2, 'channels': [], 'avg_rssi': None}, '83:c4:3f:4d:15:76': {'first_seen': 1778946444.627069, 'last_seen': 1778946444.628006, 'seen_count': 2, 'channels': [], 'avg_rssi': None}, 'd8:39:07:95:79:ae': {'first_seen': 1778946444.93549, 'last_seen': 1778946444.936397, 'seen_count': 2, 'channels': [], 'avg_rssi': None}, 'a4:9f:13:c0:d0:d6': {'first_seen': 1778946445.246769, 'last_seen': 1778946445.247913, 'seen_count': 2, 'channels': [], 'avg_rssi': None}, 'f3:d9:b0:63:e7:5e': {'first_seen': 1778946445.558901, 'last_seen': 1778946445.560064, 'seen_count': 2, 'channels': [], 'avg_rssi': None}, 'd5:eb:a7:52:29:3e': {'first_seen': 1778946445.87413, 'last_seen': 1778946445.875069, 'seen_count': 2, 'channels': [], 'avg_rssi': None}, 'd2:38:d5:8f:fb:26': {'first_seen': 1778946446.189022, 'last_seen': 1778946446.190214, 'seen_count': 2, 'channels': [], 'avg_rssi': None}, '2d:98:0f:ad:60:6c': {'first_seen': 1778946446.496242, 'last_seen': 1778946446.497352, 'seen_count': 2, 'channels': [], 'avg_rssi': None}, '73:58:e6:16:ef:51': {'first_seen': 1778946446.805073, 'last_seen': 1778946446.805993, 'seen_count': 2, 'channels': [], 'avg_rssi': None}, 'a3:c9:72:69:4f:0c': {'first_seen': 1778946447.12026, 'last_seen': 1778946447.121258, 'seen_count': 2, 'channels': [], 'avg_rssi': None}, '2a:74:03:08:c6:a6': {'first_seen': 1778946447.432969, 'last_seen': 1778946447.433898, 'seen_count': 2, 'channels': [], 'avg_rssi': None}, 'f0:81:bd:50:ef:06': {'first_seen': 1778946447.746688, 'last_seen': 1778946447.748049, 'seen_count': 2, 'channels': [], 'avg_rssi': None}, '3b:ff:35:b9:d1:f9': {'first_seen': 1778946448.055973, 'last_seen': 1778946448.057184, 'seen_count': 2, 'channels': [], 'avg_rssi': None}, '2e:0e:00:75:fa:2f': {'first_seen': 1778946448.377786, 'last_seen': 1778946448.378698, 'seen_count': 2, 'channels': [], 'avg_rssi': None}, '09:a6:ad:81:21:37': {'first_seen': 1778946448.688823, 'last_seen': 1778946448.689851, 'seen_count': 2, 'channels': [], 'avg_rssi': None}, '2f:58:9f:1f:d4:4f': {'first_seen': 1778946448.998356, 'last_seen': 1778946448.999357, 'seen_count': 2, 'channels': [], 'avg_rssi': None}, '13:5f:f2:87:4c:cc': {'first_seen': 1778946449.306894, 'last_seen': 1778946449.308006, 'seen_count': 2, 'channels': [], 'avg_rssi': None}, '73:09:c3:ba:22:f4': {'first_seen': 1778946449.617446, 'last_seen': 1778946449.618673, 'seen_count': 2, 'channels': [], 'avg_rssi': None}, 'a4:83:d3:19:07:70': {'first_seen': 1778946449.932938, 'last_seen': 1778946449.933779, 'seen_count': 2, 'channels': [], 'avg_rssi': None}, 'a8:03:8c:21:1c:dd': {'first_seen': 1778946450.249597, 'last_seen': 1778946450.250797, 'seen_count': 2, 'channels': [], 'avg_rssi': None}, 'e6:97:07:9d:45:af': {'first_seen': 1778946450.571139, 'last_seen': 1778946450.572074, 'seen_count': 2, 'channels': [], 'avg_rssi': None}, '1c:63:4f:1a:73:0c': {'first_seen': 1778946450.880026, 'last_seen': 1778946450.880953, 'seen_count': 2, 'channels': [], 'avg_rssi': None}, 'ce:80:9f:d6:8e:80': {'first_seen': 1778946451.193845, 'last_seen': 1778946451.194724, 'seen_count': 2, 'channels': [], 'avg_rssi': None}, 'da:60:95:5a:44:22': {'first_seen': 1778946451.507936, 'last_seen': 1778946451.508862, 'seen_count': 2, 'channels': [], 'avg_rssi': None}, 'f5:15:fd:bc:9f:e5': {'first_seen': 1778946451.819598, 'last_seen': 1778946451.820503, 'seen_count': 2, 'channels': [], 'avg_rssi': None}, 'ba:85:5e:0e:c8:81': {'first_seen': 1778946452.127966, 'last_seen': 1778946452.129145, 'seen_count': 2, 'channels': [], 'avg_rssi': None}, 'b8:ae:7c:ab:bf:df': {'first_seen': 1778946452.442657, 'last_seen': 1778946452.443533, 'seen_count': 2, 'channels': [], 'avg_rssi': None}, '91:c3:2a:2e:4c:83': {'first_seen': 1778946452.754313, 'last_seen': 1778946452.755426, 'seen_count': 2, 'channels': [], 'avg_rssi': None}, '2a:83:d1:6d:c7:23': {'first_seen': 1778946453.070735, 'last_seen': 1778946453.071568, 'seen_count': 2, 'channels': [], 'avg_rssi': None}, 'd4:92:13:36:b3:3b': {'first_seen': 1778946453.388069, 'last_seen': 1778946453.389084, 'seen_count': 2, 'channels': [], 'avg_rssi': None}, '25:d4:43:2e:d4:a2': {'first_seen': 1778946453.700228, 'last_seen': 1778946453.701357, 'seen_count': 2, 'channels': [], 'avg_rssi': None}, '11:ab:f5:35:e0:48': {'first_seen': 1778946454.009672, 'last_seen': 1778946454.010493, 'seen_count': 2, 'channels': [], 'avg_rssi': None}, 'c1:16:4f:75:5e:9d': {'first_seen': 1778946454.327017, 'last_seen': 1778946454.327883, 'seen_count': 2, 'channels': [], 'avg_rssi': None}, '4e:a3:5e:94:05:b9': {'first_seen': 1778946454.645892, 'last_seen': 1778946454.647027, 'seen_count': 2, 'channels': [], 'avg_rssi': None}, '25:e8:5e:b3:fa:0b': {'first_seen': 1778946454.953163, 'last_seen': 1778946454.954291, 'seen_count': 2, 'channels': [], 'avg_rssi': None}, '91:61:db:b2:a3:dd': {'first_seen': 1778946455.270882, 'last_seen': 1778946455.270882, 'seen_count': 1, 'channels': [], 'avg_rssi': None}}}
!!!!!!!!!!!!!!!!!!!!!!!!!!!!!!!!!!!!!!!!!!!!!!!!!!!!!!!!!!!!!!!!!!!!!!!!!!!!!!!!


!!!!!!!!!!!!!!!!!!!!!!!!!!!!!!!!!!!!!!!!!!!!!!!!!!!!!!!!!!!!!!!!!!!!!!!!!!!!!!!!
[ALERT] ALERT-000056 | POTENTIAL_EVIL_TWIN
severity: LOW
time: 2026-05-16T15:47:35.280978
message: Wykryto potencjalny Evil Twin / Rogue AP dla SSID 'TestNet_022'. Zaobserwowano 99 różnych BSSID oraz podejrzane różnice parametrów sieci.
evidence: {'ssid': 'TestNet_022', 'bssid_count': 99, 'bssids': ['cb:4c:45:61:4a:54', 'f1:47:65:0f:d5:2b', '87:b0:9b:a0:82:cc', '45:f5:1b:80:12:92', '3a:1b:5d:11:19:1f', '7e:6a:f0:42:a1:31', '57:d0:fe:6a:fd:b4', '88:bc:f7:1d:0e:2d', 'b0:a9:81:14:6b:1c', 'ce:7f:b6:67:ec:91', 'fc:55:15:31:3a:ea', 'aa:c4:c4:30:10:6c', '03:fa:a3:30:be:7f', 'd3:91:e0:2d:e4:96', '1c:19:d7:00:35:c5', 'd4:72:a8:ff:c0:5c', '8c:80:88:3d:42:34', '2d:ea:47:ff:cd:47', '49:58:9d:d0:9b:8c', '5b:da:ba:96:a1:c5', 'f4:81:d8:a4:42:02', 'd2:b7:5e:5d:57:7f', '9d:65:61:54:80:02', '2d:c9:26:86:5f:b9', '99:9e:bf:7f:a1:63', '28:b0:b5:59:cf:78', 'd7:5f:6c:2c:3a:8f', 'fe:80:29:0c:97:79', '38:7c:92:9c:8b:e5', '59:12:1e:44:2c:99', '35:9f:80:a9:a2:fd', 'c3:93:4c:0f:12:ec', '79:72:68:26:6f:79', 'a1:37:b3:cb:0c:55', '1a:7b:62:25:9b:6d', 'cc:fe:1a:25:fd:3b', '89:ee:66:0e:37:66', 'fd:11:67:40:10:4d', '93:4c:e8:bb:24:b9', '5c:1a:a1:2a:38:5e', 'ff:d9:78:fa:eb:56', 'cd:d2:91:ff:c4:53', '8d:83:e4:23:c2:e9', '68:c2:f6:fc:5e:0e', '31:c8:eb:f3:05:e0', '51:af:76:8c:fe:2d', '23:0a:cb:73:1d:4d', '52:69:f6:c2:b7:bc', 'ef:88:d6:cf:5d:4e', 'e8:a1:0e:32:bc:2a', '8c:f8:0e:45:5d:e6', '01:d3:28:2f:e4:4a', '66:72:b9:5f:23:a8', '93:91:b6:bc:fa:62', '0b:59:2e:c7:82:74', 'f7:51:26:4f:6d:85', '2d:0d:ab:cd:1b:06', '75:cc:47:73:82:a2', '22:87:16:70:12:59', '7e:b7:9d:dc:75:4b', '2b:15:1a:66:6d:e9', '30:71:a6:e2:b1:47', 'cc:36:c9:c4:db:45', 'e9:21:9a:74:c3:13', '6a:b0:de:ff:4f:75', '42:17:4b:75:a6:5a', 'c9:c3:37:d4:56:3b', 'b5:52:51:d9:0d:2d', '37:df:c4:2b:8c:1e', 'c6:5b:67:a5:ea:ec', 'aa:63:99:2c:d9:84', '29:78:5b:1f:78:3d', '04:68:05:f1:38:81', '91:d9:ef:7b:54:ff', '92:23:92:66:48:ed', '90:a0:65:59:3a:61', 'fc:0e:4a:a0:53:48', '1f:d2:58:41:57:d5', 'd3:44:52:49:aa:65', '47:48:62:df:06:03', 'fe:29:85:70:f5:33', '3d:4c:ec:3d:a9:5f', 'e4:62:a5:3f:31:aa', '4a:c5:be:f8:bc:8f', '11:0c:e0:0e:b2:9b', '9c:11:37:01:b4:7e', '43:35:27:5b:02:f3', 'd8:69:f2:8a:ab:83', '86:ff:bf:a2:99:52', '1a:7b:ea:7f:94:a9', '29:ef:77:b4:a5:18', 'f5:fb:e6:bd:83:99', '9f:e4:5f:b7:89:6a', '6c:a6:11:13:f4:a8', '28:a0:ef:d9:e6:d8', '90:80:7c:b2:0d:15', '1e:ae:a7:ce:de:69', 'ef:9d:fe:72:eb:b4', '6d:04:a0:7d:06:38'], 'triggered_reasons': ['same_ssid_multiple_bssid'], 'observations': {'cb:4c:45:61:4a:54': {'first_seen': 1778946424.69673, 'last_seen': 1778946424.698106, 'seen_count': 2, 'channels': [], 'avg_rssi': None}, 'f1:47:65:0f:d5:2b': {'first_seen': 1778946425.012813, 'last_seen': 1778946425.013742, 'seen_count': 2, 'channels': [], 'avg_rssi': None}, '87:b0:9b:a0:82:cc': {'first_seen': 1778946425.321824, 'last_seen': 1778946425.322754, 'seen_count': 2, 'channels': [], 'avg_rssi': None}, '45:f5:1b:80:12:92': {'first_seen': 1778946425.628734, 'last_seen': 1778946425.629647, 'seen_count': 2, 'channels': [], 'avg_rssi': None}, '3a:1b:5d:11:19:1f': {'first_seen': 1778946425.934536, 'last_seen': 1778946425.935674, 'seen_count': 2, 'channels': [], 'avg_rssi': None}, '7e:6a:f0:42:a1:31': {'first_seen': 1778946426.247654, 'last_seen': 1778946426.248803, 'seen_count': 2, 'channels': [], 'avg_rssi': None}, '57:d0:fe:6a:fd:b4': {'first_seen': 1778946426.555028, 'last_seen': 1778946426.555943, 'seen_count': 2, 'channels': [], 'avg_rssi': None}, '88:bc:f7:1d:0e:2d': {'first_seen': 1778946426.862675, 'last_seen': 1778946426.863842, 'seen_count': 2, 'channels': [], 'avg_rssi': None}, 'b0:a9:81:14:6b:1c': {'first_seen': 1778946427.174066, 'last_seen': 1778946427.174976, 'seen_count': 2, 'channels': [], 'avg_rssi': None}, 'ce:7f:b6:67:ec:91': {'first_seen': 1778946427.481037, 'last_seen': 1778946427.482, 'seen_count': 2, 'channels': [], 'avg_rssi': None}, 'fc:55:15:31:3a:ea': {'first_seen': 1778946427.792985, 'last_seen': 1778946427.794017, 'seen_count': 2, 'channels': [], 'avg_rssi': None}, 'aa:c4:c4:30:10:6c': {'first_seen': 1778946428.099004, 'last_seen': 1778946428.099898, 'seen_count': 2, 'channels': [], 'avg_rssi': None}, '03:fa:a3:30:be:7f': {'first_seen': 1778946428.412006, 'last_seen': 1778946428.412921, 'seen_count': 2, 'channels': [], 'avg_rssi': None}, 'd3:91:e0:2d:e4:96': {'first_seen': 1778946428.719662, 'last_seen': 1778946428.720564, 'seen_count': 2, 'channels': [], 'avg_rssi': None}, '1c:19:d7:00:35:c5': {'first_seen': 1778946429.02669, 'last_seen': 1778946429.027823, 'seen_count': 2, 'channels': [], 'avg_rssi': None}, 'd4:72:a8:ff:c0:5c': {'first_seen': 1778946429.339018, 'last_seen': 1778946429.339971, 'seen_count': 2, 'channels': [], 'avg_rssi': None}, '8c:80:88:3d:42:34': {'first_seen': 1778946429.646698, 'last_seen': 1778946429.647604, 'seen_count': 2, 'channels': [], 'avg_rssi': None}, '2d:ea:47:ff:cd:47': {'first_seen': 1778946429.959519, 'last_seen': 1778946429.961745, 'seen_count': 2, 'channels': [], 'avg_rssi': None}, '49:58:9d:d0:9b:8c': {'first_seen': 1778946430.268878, 'last_seen': 1778946430.269762, 'seen_count': 2, 'channels': [], 'avg_rssi': None}, '5b:da:ba:96:a1:c5': {'first_seen': 1778946430.586282, 'last_seen': 1778946430.58741, 'seen_count': 2, 'channels': [], 'avg_rssi': None}, 'f4:81:d8:a4:42:02': {'first_seen': 1778946430.898687, 'last_seen': 1778946430.89979, 'seen_count': 2, 'channels': [], 'avg_rssi': None}, 'd2:b7:5e:5d:57:7f': {'first_seen': 1778946431.211934, 'last_seen': 1778946431.213066, 'seen_count': 2, 'channels': [], 'avg_rssi': None}, '9d:65:61:54:80:02': {'first_seen': 1778946431.520631, 'last_seen': 1778946431.521578, 'seen_count': 2, 'channels': [], 'avg_rssi': None}, '2d:c9:26:86:5f:b9': {'first_seen': 1778946431.830328, 'last_seen': 1778946431.831468, 'seen_count': 2, 'channels': [], 'avg_rssi': None}, '99:9e:bf:7f:a1:63': {'first_seen': 1778946432.134848, 'last_seen': 1778946432.136234, 'seen_count': 2, 'channels': [], 'avg_rssi': None}, '28:b0:b5:59:cf:78': {'first_seen': 1778946432.439968, 'last_seen': 1778946432.440998, 'seen_count': 2, 'channels': [], 'avg_rssi': None}, 'd7:5f:6c:2c:3a:8f': {'first_seen': 1778946432.752071, 'last_seen': 1778946432.753265, 'seen_count': 2, 'channels': [], 'avg_rssi': None}, 'fe:80:29:0c:97:79': {'first_seen': 1778946433.063575, 'last_seen': 1778946433.064533, 'seen_count': 2, 'channels': [], 'avg_rssi': None}, '38:7c:92:9c:8b:e5': {'first_seen': 1778946433.371083, 'last_seen': 1778946433.372172, 'seen_count': 2, 'channels': [], 'avg_rssi': None}, '59:12:1e:44:2c:99': {'first_seen': 1778946433.680683, 'last_seen': 1778946433.68157, 'seen_count': 2, 'channels': [], 'avg_rssi': None}, '35:9f:80:a9:a2:fd': {'first_seen': 1778946433.993504, 'last_seen': 1778946433.994454, 'seen_count': 2, 'channels': [], 'avg_rssi': None}, 'c3:93:4c:0f:12:ec': {'first_seen': 1778946434.300223, 'last_seen': 1778946434.301095, 'seen_count': 2, 'channels': [], 'avg_rssi': None}, '79:72:68:26:6f:79': {'first_seen': 1778946434.609407, 'last_seen': 1778946434.610611, 'seen_count': 2, 'channels': [], 'avg_rssi': None}, 'a1:37:b3:cb:0c:55': {'first_seen': 1778946434.923702, 'last_seen': 1778946434.925132, 'seen_count': 2, 'channels': [], 'avg_rssi': None}, '1a:7b:62:25:9b:6d': {'first_seen': 1778946435.242657, 'last_seen': 1778946435.243906, 'seen_count': 2, 'channels': [], 'avg_rssi': None}, 'cc:fe:1a:25:fd:3b': {'first_seen': 1778946435.561789, 'last_seen': 1778946435.562671, 'seen_count': 2, 'channels': [], 'avg_rssi': None}, '89:ee:66:0e:37:66': {'first_seen': 1778946435.867841, 'last_seen': 1778946435.869051, 'seen_count': 2, 'channels': [], 'avg_rssi': None}, 'fd:11:67:40:10:4d': {'first_seen': 1778946436.174664, 'last_seen': 1778946436.17582, 'seen_count': 2, 'channels': [], 'avg_rssi': None}, '93:4c:e8:bb:24:b9': {'first_seen': 1778946436.484629, 'last_seen': 1778946436.485594, 'seen_count': 2, 'channels': [], 'avg_rssi': None}, '5c:1a:a1:2a:38:5e': {'first_seen': 1778946436.802943, 'last_seen': 1778946436.803848, 'seen_count': 2, 'channels': [], 'avg_rssi': None}, 'ff:d9:78:fa:eb:56': {'first_seen': 1778946437.11747, 'last_seen': 1778946437.118664, 'seen_count': 2, 'channels': [], 'avg_rssi': None}, 'cd:d2:91:ff:c4:53': {'first_seen': 1778946437.426374, 'last_seen': 1778946437.427256, 'seen_count': 2, 'channels': [], 'avg_rssi': None}, '8d:83:e4:23:c2:e9': {'first_seen': 1778946437.73262, 'last_seen': 1778946437.733781, 'seen_count': 2, 'channels': [], 'avg_rssi': None}, '68:c2:f6:fc:5e:0e': {'first_seen': 1778946438.045354, 'last_seen': 1778946438.046422, 'seen_count': 2, 'channels': [], 'avg_rssi': None}, '31:c8:eb:f3:05:e0': {'first_seen': 1778946438.356326, 'last_seen': 1778946438.357306, 'seen_count': 2, 'channels': [], 'avg_rssi': None}, '51:af:76:8c:fe:2d': {'first_seen': 1778946438.671348, 'last_seen': 1778946438.672457, 'seen_count': 2, 'channels': [], 'avg_rssi': None}, '23:0a:cb:73:1d:4d': {'first_seen': 1778946438.982498, 'last_seen': 1778946438.983345, 'seen_count': 2, 'channels': [], 'avg_rssi': None}, '52:69:f6:c2:b7:bc': {'first_seen': 1778946439.295624, 'last_seen': 1778946439.296732, 'seen_count': 2, 'channels': [], 'avg_rssi': None}, 'ef:88:d6:cf:5d:4e': {'first_seen': 1778946439.607287, 'last_seen': 1778946439.609124, 'seen_count': 2, 'channels': [], 'avg_rssi': None}, 'e8:a1:0e:32:bc:2a': {'first_seen': 1778946439.915174, 'last_seen': 1778946439.916392, 'seen_count': 2, 'channels': [], 'avg_rssi': None}, '8c:f8:0e:45:5d:e6': {'first_seen': 1778946440.238702, 'last_seen': 1778946440.239666, 'seen_count': 2, 'channels': [], 'avg_rssi': None}, '01:d3:28:2f:e4:4a': {'first_seen': 1778946440.554218, 'last_seen': 1778946440.555043, 'seen_count': 2, 'channels': [], 'avg_rssi': None}, '66:72:b9:5f:23:a8': {'first_seen': 1778946440.862506, 'last_seen': 1778946440.863434, 'seen_count': 2, 'channels': [], 'avg_rssi': None}, '93:91:b6:bc:fa:62': {'first_seen': 1778946441.172492, 'last_seen': 1778946441.173459, 'seen_count': 2, 'channels': [], 'avg_rssi': None}, '0b:59:2e:c7:82:74': {'first_seen': 1778946441.490894, 'last_seen': 1778946441.491841, 'seen_count': 2, 'channels': [], 'avg_rssi': None}, 'f7:51:26:4f:6d:85': {'first_seen': 1778946441.807835, 'last_seen': 1778946441.808735, 'seen_count': 2, 'channels': [], 'avg_rssi': None}, '2d:0d:ab:cd:1b:06': {'first_seen': 1778946442.119763, 'last_seen': 1778946442.120879, 'seen_count': 2, 'channels': [], 'avg_rssi': None}, '75:cc:47:73:82:a2': {'first_seen': 1778946442.432093, 'last_seen': 1778946442.433306, 'seen_count': 2, 'channels': [], 'avg_rssi': None}, '22:87:16:70:12:59': {'first_seen': 1778946442.745483, 'last_seen': 1778946442.74654, 'seen_count': 2, 'channels': [], 'avg_rssi': None}, '7e:b7:9d:dc:75:4b': {'first_seen': 1778946443.056636, 'last_seen': 1778946443.058049, 'seen_count': 2, 'channels': [], 'avg_rssi': None}, '2b:15:1a:66:6d:e9': {'first_seen': 1778946443.378852, 'last_seen': 1778946443.380064, 'seen_count': 2, 'channels': [], 'avg_rssi': None}, '30:71:a6:e2:b1:47': {'first_seen': 1778946443.690595, 'last_seen': 1778946443.69171, 'seen_count': 2, 'channels': [], 'avg_rssi': None}, 'cc:36:c9:c4:db:45': {'first_seen': 1778946443.99794, 'last_seen': 1778946443.999223, 'seen_count': 2, 'channels': [], 'avg_rssi': None}, 'e9:21:9a:74:c3:13': {'first_seen': 1778946444.322569, 'last_seen': 1778946444.323488, 'seen_count': 2, 'channels': [], 'avg_rssi': None}, '6a:b0:de:ff:4f:75': {'first_seen': 1778946444.637179, 'last_seen': 1778946444.638255, 'seen_count': 2, 'channels': [], 'avg_rssi': None}, '42:17:4b:75:a6:5a': {'first_seen': 1778946444.945584, 'last_seen': 1778946444.946667, 'seen_count': 2, 'channels': [], 'avg_rssi': None}, 'c9:c3:37:d4:56:3b': {'first_seen': 1778946445.25687, 'last_seen': 1778946445.258039, 'seen_count': 2, 'channels': [], 'avg_rssi': None}, 'b5:52:51:d9:0d:2d': {'first_seen': 1778946445.56901, 'last_seen': 1778946445.570054, 'seen_count': 2, 'channels': [], 'avg_rssi': None}, '37:df:c4:2b:8c:1e': {'first_seen': 1778946445.884233, 'last_seen': 1778946445.885321, 'seen_count': 2, 'channels': [], 'avg_rssi': None}, 'c6:5b:67:a5:ea:ec': {'first_seen': 1778946446.199116, 'last_seen': 1778946446.199961, 'seen_count': 2, 'channels': [], 'avg_rssi': None}, 'aa:63:99:2c:d9:84': {'first_seen': 1778946446.506374, 'last_seen': 1778946446.507603, 'seen_count': 2, 'channels': [], 'avg_rssi': None}, '29:78:5b:1f:78:3d': {'first_seen': 1778946446.815198, 'last_seen': 1778946446.816243, 'seen_count': 2, 'channels': [], 'avg_rssi': None}, '04:68:05:f1:38:81': {'first_seen': 1778946447.130354, 'last_seen': 1778946447.13151, 'seen_count': 2, 'channels': [], 'avg_rssi': None}, '91:d9:ef:7b:54:ff': {'first_seen': 1778946447.443086, 'last_seen': 1778946447.444285, 'seen_count': 2, 'channels': [], 'avg_rssi': None}, '92:23:92:66:48:ed': {'first_seen': 1778946447.756786, 'last_seen': 1778946447.757667, 'seen_count': 2, 'channels': [], 'avg_rssi': None}, '90:a0:65:59:3a:61': {'first_seen': 1778946448.066112, 'last_seen': 1778946448.067194, 'seen_count': 2, 'channels': [], 'avg_rssi': None}, 'fc:0e:4a:a0:53:48': {'first_seen': 1778946448.38788, 'last_seen': 1778946448.388949, 'seen_count': 2, 'channels': [], 'avg_rssi': None}, '1f:d2:58:41:57:d5': {'first_seen': 1778946448.698943, 'last_seen': 1778946448.700092, 'seen_count': 2, 'channels': [], 'avg_rssi': None}, 'd3:44:52:49:aa:65': {'first_seen': 1778946449.008471, 'last_seen': 1778946449.009616, 'seen_count': 2, 'channels': [], 'avg_rssi': None}, '47:48:62:df:06:03': {'first_seen': 1778946449.316996, 'last_seen': 1778946449.317884, 'seen_count': 2, 'channels': [], 'avg_rssi': None}, 'fe:29:85:70:f5:33': {'first_seen': 1778946449.630706, 'last_seen': 1778946449.63164, 'seen_count': 2, 'channels': [], 'avg_rssi': None}, '3d:4c:ec:3d:a9:5f': {'first_seen': 1778946449.943067, 'last_seen': 1778946449.944038, 'seen_count': 2, 'channels': [], 'avg_rssi': None}, 'e4:62:a5:3f:31:aa': {'first_seen': 1778946450.26268, 'last_seen': 1778946450.263673, 'seen_count': 2, 'channels': [], 'avg_rssi': None}, '4a:c5:be:f8:bc:8f': {'first_seen': 1778946450.581439, 'last_seen': 1778946450.582582, 'seen_count': 2, 'channels': [], 'avg_rssi': None}, '11:0c:e0:0e:b2:9b': {'first_seen': 1778946450.890168, 'last_seen': 1778946450.89109, 'seen_count': 2, 'channels': [], 'avg_rssi': None}, '9c:11:37:01:b4:7e': {'first_seen': 1778946451.204088, 'last_seen': 1778946451.205225, 'seen_count': 2, 'channels': [], 'avg_rssi': None}, '43:35:27:5b:02:f3': {'first_seen': 1778946451.518065, 'last_seen': 1778946451.518986, 'seen_count': 2, 'channels': [], 'avg_rssi': None}, 'd8:69:f2:8a:ab:83': {'first_seen': 1778946451.829701, 'last_seen': 1778946451.830663, 'seen_count': 2, 'channels': [], 'avg_rssi': None}, '86:ff:bf:a2:99:52': {'first_seen': 1778946452.138116, 'last_seen': 1778946452.139278, 'seen_count': 2, 'channels': [], 'avg_rssi': None}, '1a:7b:ea:7f:94:a9': {'first_seen': 1778946452.452754, 'last_seen': 1778946452.453911, 'seen_count': 2, 'channels': [], 'avg_rssi': None}, '29:ef:77:b4:a5:18': {'first_seen': 1778946452.764415, 'last_seen': 1778946452.766935, 'seen_count': 2, 'channels': [], 'avg_rssi': None}, 'f5:fb:e6:bd:83:99': {'first_seen': 1778946453.080844, 'last_seen': 1778946453.082069, 'seen_count': 2, 'channels': [], 'avg_rssi': None}, '9f:e4:5f:b7:89:6a': {'first_seen': 1778946453.398211, 'last_seen': 1778946453.399343, 'seen_count': 2, 'channels': [], 'avg_rssi': None}, '6c:a6:11:13:f4:a8': {'first_seen': 1778946453.710337, 'last_seen': 1778946453.711484, 'seen_count': 2, 'channels': [], 'avg_rssi': None}, '28:a0:ef:d9:e6:d8': {'first_seen': 1778946454.019865, 'last_seen': 1778946454.020867, 'seen_count': 2, 'channels': [], 'avg_rssi': None}, '90:80:7c:b2:0d:15': {'first_seen': 1778946454.337122, 'last_seen': 1778946454.338259, 'seen_count': 2, 'channels': [], 'avg_rssi': None}, '1e:ae:a7:ce:de:69': {'first_seen': 1778946454.656011, 'last_seen': 1778946454.657033, 'seen_count': 2, 'channels': [], 'avg_rssi': None}, 'ef:9d:fe:72:eb:b4': {'first_seen': 1778946454.963302, 'last_seen': 1778946454.964424, 'seen_count': 2, 'channels': [], 'avg_rssi': None}, '6d:04:a0:7d:06:38': {'first_seen': 1778946455.280978, 'last_seen': 1778946455.280978, 'seen_count': 1, 'channels': [], 'avg_rssi': None}}}
!!!!!!!!!!!!!!!!!!!!!!!!!!!!!!!!!!!!!!!!!!!!!!!!!!!!!!!!!!!!!!!!!!!!!!!!!!!!!!!!


!!!!!!!!!!!!!!!!!!!!!!!!!!!!!!!!!!!!!!!!!!!!!!!!!!!!!!!!!!!!!!!!!!!!!!!!!!!!!!!!
[ALERT] ALERT-000057 | POTENTIAL_EVIL_TWIN
severity: LOW
time: 2026-05-16T15:47:35.292964
message: Wykryto potencjalny Evil Twin / Rogue AP dla SSID 'TestNet_023'. Zaobserwowano 99 różnych BSSID oraz podejrzane różnice parametrów sieci.
evidence: {'ssid': 'TestNet_023', 'bssid_count': 99, 'bssids': ['1d:62:b1:09:eb:e9', '50:cb:f5:0f:61:cf', '86:75:f7:88:2b:35', '84:09:0f:99:af:01', '5c:a7:8a:57:7f:a8', '58:5c:b7:6f:09:74', '16:0d:63:46:b9:ed', '8b:31:76:37:33:a1', '57:e1:b8:1d:92:7f', 'ab:ae:9c:df:60:49', '8d:f3:c3:ed:71:b1', 'fd:20:37:61:1b:82', 'ae:36:46:81:3b:e3', '83:fe:01:6b:35:dd', '2a:e7:7e:e9:32:63', '97:22:a6:bc:34:0b', '94:6e:5b:6b:44:f3', '1c:5b:b0:7e:0f:f1', '9d:d7:f8:da:8c:fc', 'bf:1e:65:df:69:6f', '9c:b6:c0:44:64:cf', '14:eb:13:e8:25:39', '94:ff:88:1a:01:88', 'df:4a:31:70:a9:a1', 'f9:28:10:c0:49:c7', 'b0:9b:31:87:42:46', '3d:b7:5f:57:fb:f6', 'd9:45:f7:59:5d:3f', 'ba:b1:2e:e7:78:32', 'e6:b2:46:81:4b:9b', '5d:e4:84:bf:0c:f5', 'ac:0c:62:f7:eb:21', '5a:66:e4:5a:bc:46', 'c3:88:4d:64:a3:9b', '2f:e4:90:3a:61:58', 'fb:d5:14:bb:da:d6', '4d:ff:c6:e0:eb:0b', 'c8:17:ed:c9:8c:62', '35:79:9c:a0:01:52', 'f1:57:d5:fd:a7:ea', '03:a7:02:e2:ca:a4', '38:2f:7c:fd:cc:4d', '5a:ef:40:25:4c:b4', 'fe:9e:44:84:0f:2f', '00:ea:da:75:97:c9', 'a6:9e:f4:91:53:d7', '2a:0e:02:eb:5a:6f', '7c:d6:4b:a7:f7:c1', '09:1f:ba:0f:12:9d', '04:85:75:89:55:4a', 'd8:73:4c:48:2e:9e', '03:08:83:f0:4f:a7', '3e:c2:09:d7:f4:f9', 'df:dc:b9:c7:bd:0d', '03:c6:d0:36:d1:b0', '69:22:12:5a:0d:3e', '32:61:2e:06:b6:28', '74:8c:cf:e9:a9:38', 'e5:ec:6d:6f:b1:48', 'cf:d0:8d:a0:b8:81', 'e6:76:5f:a7:9f:58', 'bf:5a:aa:1e:09:49', '80:f7:21:4b:1a:26', '5c:4c:a4:ce:7f:05', '6f:47:bb:48:01:df', '95:52:ef:16:7b:52', '10:84:c3:6f:2f:c8', '08:09:56:d9:ea:7d', '5c:96:94:ea:4b:19', 'ca:03:7e:cb:b0:e3', '53:31:1a:0f:38:a1', '2f:63:a8:d3:12:2d', '89:77:42:e0:f2:b5', '71:63:9a:d2:48:58', 'f6:3e:d7:d0:5c:ee', 'f7:33:31:8c:c3:83', 'c6:24:88:a2:cb:67', 'c4:9b:69:06:97:a9', '19:af:1b:24:6b:b3', 'd1:17:ce:3c:76:75', 'cf:de:43:d3:57:6f', '73:d6:36:d8:20:3b', '20:de:e0:e5:4b:ca', 'f9:97:86:69:53:3b', '37:eb:f4:85:7b:b5', 'dc:cb:fe:ca:2f:7b', 'dc:b7:f4:1f:89:19', '53:1a:35:f1:bf:c4', '7c:8c:72:01:d3:23', '0f:e6:63:4f:0d:f8', '5e:32:56:f2:2c:24', 'e6:84:34:a9:fd:c2', '42:e8:00:b5:a2:76', '69:b5:77:8f:44:ec', '2e:93:02:b7:30:f9', 'fc:2d:f0:7e:29:80', 'ac:72:64:db:7e:26', '78:ac:9d:3e:23:be', 'f5:62:aa:e8:2c:28'], 'triggered_reasons': ['same_ssid_multiple_bssid'], 'observations': {'1d:62:b1:09:eb:e9': {'first_seen': 1778946424.706826, 'last_seen': 1778946424.707732, 'seen_count': 2, 'channels': [], 'avg_rssi': None}, '50:cb:f5:0f:61:cf': {'first_seen': 1778946425.022909, 'last_seen': 1778946425.024117, 'seen_count': 2, 'channels': [], 'avg_rssi': None}, '86:75:f7:88:2b:35': {'first_seen': 1778946425.331927, 'last_seen': 1778946425.333139, 'seen_count': 2, 'channels': [], 'avg_rssi': None}, '84:09:0f:99:af:01': {'first_seen': 1778946425.638822, 'last_seen': 1778946425.640268, 'seen_count': 2, 'channels': [], 'avg_rssi': None}, '5c:a7:8a:57:7f:a8': {'first_seen': 1778946425.944645, 'last_seen': 1778946425.945786, 'seen_count': 2, 'channels': [], 'avg_rssi': None}, '58:5c:b7:6f:09:74': {'first_seen': 1778946426.257864, 'last_seen': 1778946426.258931, 'seen_count': 2, 'channels': [], 'avg_rssi': None}, '16:0d:63:46:b9:ed': {'first_seen': 1778946426.565136, 'last_seen': 1778946426.56632, 'seen_count': 2, 'channels': [], 'avg_rssi': None}, '8b:31:76:37:33:a1': {'first_seen': 1778946426.872793, 'last_seen': 1778946426.873716, 'seen_count': 2, 'channels': [], 'avg_rssi': None}, '57:e1:b8:1d:92:7f': {'first_seen': 1778946427.184139, 'last_seen': 1778946427.184976, 'seen_count': 2, 'channels': [], 'avg_rssi': None}, 'ab:ae:9c:df:60:49': {'first_seen': 1778946427.491139, 'last_seen': 1778946427.492242, 'seen_count': 2, 'channels': [], 'avg_rssi': None}, '8d:f3:c3:ed:71:b1': {'first_seen': 1778946427.803119, 'last_seen': 1778946427.804259, 'seen_count': 2, 'channels': [], 'avg_rssi': None}, 'fd:20:37:61:1b:82': {'first_seen': 1778946428.109099, 'last_seen': 1778946428.110024, 'seen_count': 2, 'channels': [], 'avg_rssi': None}, 'ae:36:46:81:3b:e3': {'first_seen': 1778946428.422149, 'last_seen': 1778946428.423172, 'seen_count': 2, 'channels': [], 'avg_rssi': None}, '83:fe:01:6b:35:dd': {'first_seen': 1778946428.729759, 'last_seen': 1778946428.730685, 'seen_count': 2, 'channels': [], 'avg_rssi': None}, '2a:e7:7e:e9:32:63': {'first_seen': 1778946429.036783, 'last_seen': 1778946429.037698, 'seen_count': 2, 'channels': [], 'avg_rssi': None}, '97:22:a6:bc:34:0b': {'first_seen': 1778946429.349119, 'last_seen': 1778946429.350088, 'seen_count': 2, 'channels': [], 'avg_rssi': None}, '94:6e:5b:6b:44:f3': {'first_seen': 1778946429.656789, 'last_seen': 1778946429.657729, 'seen_count': 2, 'channels': [], 'avg_rssi': None}, '1c:5b:b0:7e:0f:f1': {'first_seen': 1778946429.969628, 'last_seen': 1778946429.97075, 'seen_count': 2, 'channels': [], 'avg_rssi': None}, '9d:d7:f8:da:8c:fc': {'first_seen': 1778946430.279942, 'last_seen': 1778946430.282899, 'seen_count': 2, 'channels': [], 'avg_rssi': None}, 'bf:1e:65:df:69:6f': {'first_seen': 1778946430.596407, 'last_seen': 1778946430.597535, 'seen_count': 2, 'channels': [], 'avg_rssi': None}, '9c:b6:c0:44:64:cf': {'first_seen': 1778946430.908784, 'last_seen': 1778946430.909795, 'seen_count': 2, 'channels': [], 'avg_rssi': None}, '14:eb:13:e8:25:39': {'first_seen': 1778946431.222036, 'last_seen': 1778946431.223185, 'seen_count': 2, 'channels': [], 'avg_rssi': None}, '94:ff:88:1a:01:88': {'first_seen': 1778946431.533838, 'last_seen': 1778946431.534951, 'seen_count': 2, 'channels': [], 'avg_rssi': None}, 'df:4a:31:70:a9:a1': {'first_seen': 1778946431.840421, 'last_seen': 1778946431.841342, 'seen_count': 2, 'channels': [], 'avg_rssi': None}, 'f9:28:10:c0:49:c7': {'first_seen': 1778946432.144951, 'last_seen': 1778946432.145858, 'seen_count': 2, 'channels': [], 'avg_rssi': None}, 'b0:9b:31:87:42:46': {'first_seen': 1778946432.450072, 'last_seen': 1778946432.451252, 'seen_count': 2, 'channels': [], 'avg_rssi': None}, '3d:b7:5f:57:fb:f6': {'first_seen': 1778946432.762185, 'last_seen': 1778946432.763264, 'seen_count': 2, 'channels': [], 'avg_rssi': None}, 'd9:45:f7:59:5d:3f': {'first_seen': 1778946433.07368, 'last_seen': 1778946433.074783, 'seen_count': 2, 'channels': [], 'avg_rssi': None}, 'ba:b1:2e:e7:78:32': {'first_seen': 1778946433.38119, 'last_seen': 1778946433.38218, 'seen_count': 2, 'channels': [], 'avg_rssi': None}, 'e6:b2:46:81:4b:9b': {'first_seen': 1778946433.690804, 'last_seen': 1778946433.691821, 'seen_count': 2, 'channels': [], 'avg_rssi': None}, '5d:e4:84:bf:0c:f5': {'first_seen': 1778946434.003639, 'last_seen': 1778946434.004589, 'seen_count': 2, 'channels': [], 'avg_rssi': None}, 'ac:0c:62:f7:eb:21': {'first_seen': 1778946434.310328, 'last_seen': 1778946434.311345, 'seen_count': 2, 'channels': [], 'avg_rssi': None}, '5a:66:e4:5a:bc:46': {'first_seen': 1778946434.61951, 'last_seen': 1778946434.620613, 'seen_count': 2, 'channels': [], 'avg_rssi': None}, 'c3:88:4d:64:a3:9b': {'first_seen': 1778946434.934196, 'last_seen': 1778946434.935141, 'seen_count': 2, 'channels': [], 'avg_rssi': None}, '2f:e4:90:3a:61:58': {'first_seen': 1778946435.252711, 'last_seen': 1778946435.253645, 'seen_count': 2, 'channels': [], 'avg_rssi': None}, 'fb:d5:14:bb:da:d6': {'first_seen': 1778946435.571894, 'last_seen': 1778946435.572911, 'seen_count': 2, 'channels': [], 'avg_rssi': None}, '4d:ff:c6:e0:eb:0b': {'first_seen': 1778946435.877988, 'last_seen': 1778946435.879059, 'seen_count': 2, 'channels': [], 'avg_rssi': None}, 'c8:17:ed:c9:8c:62': {'first_seen': 1778946436.18515, 'last_seen': 1778946436.186317, 'seen_count': 2, 'channels': [], 'avg_rssi': None}, '35:79:9c:a0:01:52': {'first_seen': 1778946436.49473, 'last_seen': 1778946436.495584, 'seen_count': 2, 'channels': [], 'avg_rssi': None}, 'f1:57:d5:fd:a7:ea': {'first_seen': 1778946436.814664, 'last_seen': 1778946436.815603, 'seen_count': 2, 'channels': [], 'avg_rssi': None}, '03:a7:02:e2:ca:a4': {'first_seen': 1778946437.127572, 'last_seen': 1778946437.128491, 'seen_count': 2, 'channels': [], 'avg_rssi': None}, '38:2f:7c:fd:cc:4d': {'first_seen': 1778946437.436496, 'last_seen': 1778946437.437639, 'seen_count': 2, 'channels': [], 'avg_rssi': None}, '5a:ef:40:25:4c:b4': {'first_seen': 1778946437.74275, 'last_seen': 1778946437.743905, 'seen_count': 2, 'channels': [], 'avg_rssi': None}, 'fe:9e:44:84:0f:2f': {'first_seen': 1778946438.055451, 'last_seen': 1778946438.05654, 'seen_count': 2, 'channels': [], 'avg_rssi': None}, '00:ea:da:75:97:c9': {'first_seen': 1778946438.366472, 'last_seen': 1778946438.367432, 'seen_count': 2, 'channels': [], 'avg_rssi': None}, 'a6:9e:f4:91:53:d7': {'first_seen': 1778946438.681475, 'last_seen': 1778946438.682329, 'seen_count': 2, 'channels': [], 'avg_rssi': None}, '2a:0e:02:eb:5a:6f': {'first_seen': 1778946438.992625, 'last_seen': 1778946438.994586, 'seen_count': 2, 'channels': [], 'avg_rssi': None}, '7c:d6:4b:a7:f7:c1': {'first_seen': 1778946439.305951, 'last_seen': 1778946439.307103, 'seen_count': 2, 'channels': [], 'avg_rssi': None}, '09:1f:ba:0f:12:9d': {'first_seen': 1778946439.618148, 'last_seen': 1778946439.619373, 'seen_count': 2, 'channels': [], 'avg_rssi': None}, '04:85:75:89:55:4a': {'first_seen': 1778946439.925259, 'last_seen': 1778946439.926137, 'seen_count': 2, 'channels': [], 'avg_rssi': None}, 'd8:73:4c:48:2e:9e': {'first_seen': 1778946440.248801, 'last_seen': 1778946440.249906, 'seen_count': 2, 'channels': [], 'avg_rssi': None}, '03:08:83:f0:4f:a7': {'first_seen': 1778946440.564316, 'last_seen': 1778946440.565167, 'seen_count': 2, 'channels': [], 'avg_rssi': None}, '3e:c2:09:d7:f4:f9': {'first_seen': 1778946440.872617, 'last_seen': 1778946440.873812, 'seen_count': 2, 'channels': [], 'avg_rssi': None}, 'df:dc:b9:c7:bd:0d': {'first_seen': 1778946441.184731, 'last_seen': 1778946441.185577, 'seen_count': 2, 'channels': [], 'avg_rssi': None}, '03:c6:d0:36:d1:b0': {'first_seen': 1778946441.501023, 'last_seen': 1778946441.501979, 'seen_count': 2, 'channels': [], 'avg_rssi': None}, '69:22:12:5a:0d:3e': {'first_seen': 1778946441.817928, 'last_seen': 1778946441.818859, 'seen_count': 2, 'channels': [], 'avg_rssi': None}, '32:61:2e:06:b6:28': {'first_seen': 1778946442.129869, 'last_seen': 1778946442.13075, 'seen_count': 2, 'channels': [], 'avg_rssi': None}, '74:8c:cf:e9:a9:38': {'first_seen': 1778946442.442215, 'last_seen': 1778946442.443394, 'seen_count': 2, 'channels': [], 'avg_rssi': None}, 'e5:ec:6d:6f:b1:48': {'first_seen': 1778946442.755605, 'last_seen': 1778946442.756672, 'seen_count': 2, 'channels': [], 'avg_rssi': None}, 'cf:d0:8d:a0:b8:81': {'first_seen': 1778946443.069111, 'last_seen': 1778946443.070056, 'seen_count': 2, 'channels': [], 'avg_rssi': None}, 'e6:76:5f:a7:9f:58': {'first_seen': 1778946443.38896, 'last_seen': 1778946443.390065, 'seen_count': 2, 'channels': [], 'avg_rssi': None}, 'bf:5a:aa:1e:09:49': {'first_seen': 1778946443.700709, 'last_seen': 1778946443.701833, 'seen_count': 2, 'channels': [], 'avg_rssi': None}, '80:f7:21:4b:1a:26': {'first_seen': 1778946444.008072, 'last_seen': 1778946444.009107, 'seen_count': 2, 'channels': [], 'avg_rssi': None}, '5c:4c:a4:ce:7f:05': {'first_seen': 1778946444.33269, 'last_seen': 1778946444.333865, 'seen_count': 2, 'channels': [], 'avg_rssi': None}, '6f:47:bb:48:01:df': {'first_seen': 1778946444.647289, 'last_seen': 1778946444.648256, 'seen_count': 2, 'channels': [], 'avg_rssi': None}, '95:52:ef:16:7b:52': {'first_seen': 1778946444.955684, 'last_seen': 1778946444.956916, 'seen_count': 2, 'channels': [], 'avg_rssi': None}, '10:84:c3:6f:2f:c8': {'first_seen': 1778946445.266971, 'last_seen': 1778946445.267913, 'seen_count': 2, 'channels': [], 'avg_rssi': None}, '08:09:56:d9:ea:7d': {'first_seen': 1778946445.579141, 'last_seen': 1778946445.580061, 'seen_count': 2, 'channels': [], 'avg_rssi': None}, '5c:96:94:ea:4b:19': {'first_seen': 1778946445.894329, 'last_seen': 1778946445.895199, 'seen_count': 2, 'channels': [], 'avg_rssi': None}, 'ca:03:7e:cb:b0:e3': {'first_seen': 1778946446.209216, 'last_seen': 1778946446.210213, 'seen_count': 2, 'channels': [], 'avg_rssi': None}, '53:31:1a:0f:38:a1': {'first_seen': 1778946446.518689, 'last_seen': 1778946446.519729, 'seen_count': 2, 'channels': [], 'avg_rssi': None}, '2f:63:a8:d3:12:2d': {'first_seen': 1778946446.825334, 'last_seen': 1778946446.826376, 'seen_count': 2, 'channels': [], 'avg_rssi': None}, '89:77:42:e0:f2:b5': {'first_seen': 1778946447.140448, 'last_seen': 1778946447.14151, 'seen_count': 2, 'channels': [], 'avg_rssi': None}, '71:63:9a:d2:48:58': {'first_seen': 1778946447.453192, 'last_seen': 1778946447.454026, 'seen_count': 2, 'channels': [], 'avg_rssi': None}, 'f6:3e:d7:d0:5c:ee': {'first_seen': 1778946447.766882, 'last_seen': 1778946447.768045, 'seen_count': 2, 'channels': [], 'avg_rssi': None}, 'f7:33:31:8c:c3:83': {'first_seen': 1778946448.076216, 'last_seen': 1778946448.077183, 'seen_count': 2, 'channels': [], 'avg_rssi': None}, 'c6:24:88:a2:cb:67': {'first_seen': 1778946448.39798, 'last_seen': 1778946448.399073, 'seen_count': 2, 'channels': [], 'avg_rssi': None}, 'c4:9b:69:06:97:a9': {'first_seen': 1778946448.709044, 'last_seen': 1778946448.709966, 'seen_count': 2, 'channels': [], 'avg_rssi': None}, '19:af:1b:24:6b:b3': {'first_seen': 1778946449.018578, 'last_seen': 1778946449.019609, 'seen_count': 2, 'channels': [], 'avg_rssi': None}, 'd1:17:ce:3c:76:75': {'first_seen': 1778946449.327136, 'last_seen': 1778946449.328381, 'seen_count': 2, 'channels': [], 'avg_rssi': None}, 'cf:de:43:d3:57:6f': {'first_seen': 1778946449.640798, 'last_seen': 1778946449.641638, 'seen_count': 2, 'channels': [], 'avg_rssi': None}, '73:d6:36:d8:20:3b': {'first_seen': 1778946449.955709, 'last_seen': 1778946449.956659, 'seen_count': 2, 'channels': [], 'avg_rssi': None}, '20:de:e0:e5:4b:ca': {'first_seen': 1778946450.272787, 'last_seen': 1778946450.273673, 'seen_count': 2, 'channels': [], 'avg_rssi': None}, 'f9:97:86:69:53:3b': {'first_seen': 1778946450.591535, 'last_seen': 1778946450.592564, 'seen_count': 2, 'channels': [], 'avg_rssi': None}, '37:eb:f4:85:7b:b5': {'first_seen': 1778946450.902658, 'last_seen': 1778946450.903831, 'seen_count': 2, 'channels': [], 'avg_rssi': None}, 'dc:cb:fe:ca:2f:7b': {'first_seen': 1778946451.214547, 'last_seen': 1778946451.215724, 'seen_count': 2, 'channels': [], 'avg_rssi': None}, 'dc:b7:f4:1f:89:19': {'first_seen': 1778946451.528174, 'last_seen': 1778946451.529119, 'seen_count': 2, 'channels': [], 'avg_rssi': None}, '53:1a:35:f1:bf:c4': {'first_seen': 1778946451.839817, 'last_seen': 1778946451.841012, 'seen_count': 2, 'channels': [], 'avg_rssi': None}, '7c:8c:72:01:d3:23': {'first_seen': 1778946452.148205, 'last_seen': 1778946452.14927, 'seen_count': 2, 'channels': [], 'avg_rssi': None}, '0f:e6:63:4f:0d:f8': {'first_seen': 1778946452.464215, 'last_seen': 1778946452.465161, 'seen_count': 2, 'channels': [], 'avg_rssi': None}, '5e:32:56:f2:2c:24': {'first_seen': 1778946452.774532, 'last_seen': 1778946452.775697, 'seen_count': 2, 'channels': [], 'avg_rssi': None}, 'e6:84:34:a9:fd:c2': {'first_seen': 1778946453.090946, 'last_seen': 1778946453.091818, 'seen_count': 2, 'channels': [], 'avg_rssi': None}, '42:e8:00:b5:a2:76': {'first_seen': 1778946453.408348, 'last_seen': 1778946453.409353, 'seen_count': 2, 'channels': [], 'avg_rssi': None}, '69:b5:77:8f:44:ec': {'first_seen': 1778946453.720436, 'last_seen': 1778946453.721351, 'seen_count': 2, 'channels': [], 'avg_rssi': None}, '2e:93:02:b7:30:f9': {'first_seen': 1778946454.032783, 'last_seen': 1778946454.03387, 'seen_count': 2, 'channels': [], 'avg_rssi': None}, 'fc:2d:f0:7e:29:80': {'first_seen': 1778946454.34723, 'last_seen': 1778946454.348138, 'seen_count': 2, 'channels': [], 'avg_rssi': None}, 'ac:72:64:db:7e:26': {'first_seen': 1778946454.666677, 'last_seen': 1778946454.667652, 'seen_count': 2, 'channels': [], 'avg_rssi': None}, '78:ac:9d:3e:23:be': {'first_seen': 1778946454.973407, 'last_seen': 1778946454.97454, 'seen_count': 2, 'channels': [], 'avg_rssi': None}, 'f5:62:aa:e8:2c:28': {'first_seen': 1778946455.292964, 'last_seen': 1778946455.292964, 'seen_count': 1, 'channels': [], 'avg_rssi': None}}}
!!!!!!!!!!!!!!!!!!!!!!!!!!!!!!!!!!!!!!!!!!!!!!!!!!!!!!!!!!!!!!!!!!!!!!!!!!!!!!!!


!!!!!!!!!!!!!!!!!!!!!!!!!!!!!!!!!!!!!!!!!!!!!!!!!!!!!!!!!!!!!!!!!!!!!!!!!!!!!!!!
[ALERT] ALERT-000058 | POTENTIAL_EVIL_TWIN
severity: LOW
time: 2026-05-16T15:47:35.303049
message: Wykryto potencjalny Evil Twin / Rogue AP dla SSID 'TestNet_024'. Zaobserwowano 99 różnych BSSID oraz podejrzane różnice parametrów sieci.
evidence: {'ssid': 'TestNet_024', 'bssid_count': 99, 'bssids': ['18:8a:69:0d:cd:c9', '57:1d:5b:fb:d2:f7', '9c:7b:7b:7b:9d:e7', '5d:70:d8:d6:44:d6', '5f:90:7f:ed:39:36', '97:03:a8:bb:d9:85', 'f8:98:c1:a7:69:06', '15:04:a6:ed:aa:ea', '6b:78:95:e5:1f:6a', '78:d7:20:16:87:d4', 'ce:ec:c6:8b:1c:f2', '52:cf:19:a7:7d:00', '20:e0:c1:7d:e2:7a', '77:e0:d3:02:18:47', 'e4:fe:01:20:59:21', 'a0:f0:e6:72:31:25', '1b:32:5d:80:32:f8', '42:73:33:15:1f:fc', 'af:c8:a9:5b:57:43', 'd3:64:7c:a7:8f:1f', '38:3a:f3:69:c1:b3', '46:e7:d4:63:82:1d', '52:37:c8:58:34:c0', 'a0:0c:1f:5b:27:3e', '6c:85:1f:89:5c:13', 'c9:c6:2a:dc:f2:28', '78:51:e4:ec:a9:f6', 'c3:b5:22:12:a5:d8', '33:77:de:ad:8a:55', '2b:01:8d:22:aa:fe', '17:e2:b3:57:91:96', '67:08:15:bb:d8:c5', 'f8:cc:e3:a8:0b:e6', '4e:d3:27:92:87:82', '0c:65:52:1f:54:11', '9c:73:48:6a:0c:75', '4f:65:ec:5f:65:c6', '84:35:fc:d5:36:6f', 'a8:ac:01:c8:ef:d2', '0c:c3:9d:d8:c7:cc', '6b:a2:52:bb:5a:93', '30:02:64:66:b6:37', '1a:7c:df:bc:4e:23', '26:4a:71:5e:c7:a2', 'fb:bc:1c:07:17:a4', '52:4b:45:a6:86:44', '46:35:1d:98:df:31', '2b:bd:47:0c:96:1e', 'e9:b7:4b:05:3b:49', '21:7c:24:e2:0d:1c', '59:e6:69:00:64:24', '6a:0c:87:8d:06:20', 'f0:26:df:33:61:a9', '26:d6:fe:aa:77:a3', '02:b7:f9:43:f8:b1', '0d:f8:5e:c0:a1:69', '92:71:e0:3b:86:ef', '16:8f:77:74:9b:7c', '6c:9b:ee:b3:06:69', '79:31:7d:04:b3:7c', 'f4:c6:3f:2b:9b:7a', 'de:e1:6e:20:9b:ed', '97:24:ed:55:38:e7', 'cb:28:90:9c:ae:db', '18:98:61:41:1b:25', '03:49:83:bf:21:bd', '6d:ee:66:e0:92:05', '66:c7:87:3f:bb:61', 'ae:1b:a2:55:f0:8d', 'b3:da:de:cc:ad:17', '21:02:b6:f7:30:4f', '45:9b:19:99:0e:71', '75:4e:75:3f:f1:3f', 'cc:64:00:d8:8e:74', '2c:f0:05:b9:e0:86', '72:6c:35:eb:a7:35', 'ae:53:2f:45:81:3d', '96:4d:03:eb:57:a9', 'eb:65:51:4a:94:aa', '2a:1b:c2:16:2f:21', 'ca:61:ae:0f:d4:b7', '34:b1:f1:42:55:74', '92:00:3e:29:a8:41', 'f7:8d:8d:97:74:24', 'c5:d2:cc:ca:ee:2f', '49:8b:e9:0d:5a:69', 'fc:d7:d7:8b:b1:37', 'bc:52:88:95:47:9d', '40:f4:ab:d8:af:30', 'fc:7a:3e:b9:32:ec', '91:f6:2c:02:87:ef', '30:80:e8:c6:ab:6b', '01:fc:b9:02:d0:4b', '80:7a:6a:3e:9f:3e', 'c2:b4:d3:3b:c5:7f', 'b4:7d:90:0b:3e:a6', '9f:13:58:92:61:fb', '1d:b7:c4:4e:dc:ac', 'e0:88:b7:57:1a:18'], 'triggered_reasons': ['same_ssid_multiple_bssid'], 'observations': {'18:8a:69:0d:cd:c9': {'first_seen': 1778946424.716947, 'last_seen': 1778946424.718107, 'seen_count': 2, 'channels': [], 'avg_rssi': None}, '57:1d:5b:fb:d2:f7': {'first_seen': 1778946425.034692, 'last_seen': 1778946425.035869, 'seen_count': 2, 'channels': [], 'avg_rssi': None}, '9c:7b:7b:7b:9d:e7': {'first_seen': 1778946425.342034, 'last_seen': 1778946425.343006, 'seen_count': 2, 'channels': [], 'avg_rssi': None}, '5d:70:d8:d6:44:d6': {'first_seen': 1778946425.648947, 'last_seen': 1778946425.649909, 'seen_count': 2, 'channels': [], 'avg_rssi': None}, '5f:90:7f:ed:39:36': {'first_seen': 1778946425.954769, 'last_seen': 1778946425.955798, 'seen_count': 2, 'channels': [], 'avg_rssi': None}, '97:03:a8:bb:d9:85': {'first_seen': 1778946426.267958, 'last_seen': 1778946426.268928, 'seen_count': 2, 'channels': [], 'avg_rssi': None}, 'f8:98:c1:a7:69:06': {'first_seen': 1778946426.575258, 'last_seen': 1778946426.57658, 'seen_count': 2, 'channels': [], 'avg_rssi': None}, '15:04:a6:ed:aa:ea': {'first_seen': 1778946426.8829, 'last_seen': 1778946426.883722, 'seen_count': 2, 'channels': [], 'avg_rssi': None}, '6b:78:95:e5:1f:6a': {'first_seen': 1778946427.194234, 'last_seen': 1778946427.195366, 'seen_count': 2, 'channels': [], 'avg_rssi': None}, '78:d7:20:16:87:d4': {'first_seen': 1778946427.501252, 'last_seen': 1778946427.502373, 'seen_count': 2, 'channels': [], 'avg_rssi': None}, 'ce:ec:c6:8b:1c:f2': {'first_seen': 1778946427.813242, 'last_seen': 1778946427.814139, 'seen_count': 2, 'channels': [], 'avg_rssi': None}, '52:cf:19:a7:7d:00': {'first_seen': 1778946428.119197, 'last_seen': 1778946428.120275, 'seen_count': 2, 'channels': [], 'avg_rssi': None}, '20:e0:c1:7d:e2:7a': {'first_seen': 1778946428.432275, 'last_seen': 1778946428.43355, 'seen_count': 2, 'channels': [], 'avg_rssi': None}, '77:e0:d3:02:18:47': {'first_seen': 1778946428.739884, 'last_seen': 1778946428.740814, 'seen_count': 2, 'channels': [], 'avg_rssi': None}, 'e4:fe:01:20:59:21': {'first_seen': 1778946429.04689, 'last_seen': 1778946429.047845, 'seen_count': 2, 'channels': [], 'avg_rssi': None}, 'a0:f0:e6:72:31:25': {'first_seen': 1778946429.359222, 'last_seen': 1778946429.36022, 'seen_count': 2, 'channels': [], 'avg_rssi': None}, '1b:32:5d:80:32:f8': {'first_seen': 1778946429.670044, 'last_seen': 1778946429.670982, 'seen_count': 2, 'channels': [], 'avg_rssi': None}, '42:73:33:15:1f:fc': {'first_seen': 1778946429.979761, 'last_seen': 1778946429.983277, 'seen_count': 2, 'channels': [], 'avg_rssi': None}, 'af:c8:a9:5b:57:43': {'first_seen': 1778946430.294659, 'last_seen': 1778946430.295771, 'seen_count': 2, 'channels': [], 'avg_rssi': None}, 'd3:64:7c:a7:8f:1f': {'first_seen': 1778946430.606519, 'last_seen': 1778946430.608402, 'seen_count': 2, 'channels': [], 'avg_rssi': None}, '38:3a:f3:69:c1:b3': {'first_seen': 1778946430.918876, 'last_seen': 1778946430.91992, 'seen_count': 2, 'channels': [], 'avg_rssi': None}, '46:e7:d4:63:82:1d': {'first_seen': 1778946431.23214, 'last_seen': 1778946431.233061, 'seen_count': 2, 'channels': [], 'avg_rssi': None}, '52:37:c8:58:34:c0': {'first_seen': 1778946431.543931, 'last_seen': 1778946431.544827, 'seen_count': 2, 'channels': [], 'avg_rssi': None}, 'a0:0c:1f:5b:27:3e': {'first_seen': 1778946431.85056, 'last_seen': 1778946431.851474, 'seen_count': 2, 'channels': [], 'avg_rssi': None}, '6c:85:1f:89:5c:13': {'first_seen': 1778946432.155078, 'last_seen': 1778946432.156243, 'seen_count': 2, 'channels': [], 'avg_rssi': None}, 'c9:c6:2a:dc:f2:28': {'first_seen': 1778946432.460179, 'last_seen': 1778946432.461262, 'seen_count': 2, 'channels': [], 'avg_rssi': None}, '78:51:e4:ec:a9:f6': {'first_seen': 1778946432.774658, 'last_seen': 1778946432.775521, 'seen_count': 2, 'channels': [], 'avg_rssi': None}, 'c3:b5:22:12:a5:d8': {'first_seen': 1778946433.083771, 'last_seen': 1778946433.084655, 'seen_count': 2, 'channels': [], 'avg_rssi': None}, '33:77:de:ad:8a:55': {'first_seen': 1778946433.391316, 'last_seen': 1778946433.39218, 'seen_count': 2, 'channels': [], 'avg_rssi': None}, '2b:01:8d:22:aa:fe': {'first_seen': 1778946433.70093, 'last_seen': 1778946433.701825, 'seen_count': 2, 'channels': [], 'avg_rssi': None}, '17:e2:b3:57:91:96': {'first_seen': 1778946434.01375, 'last_seen': 1778946434.014841, 'seen_count': 2, 'channels': [], 'avg_rssi': None}, '67:08:15:bb:d8:c5': {'first_seen': 1778946434.320424, 'last_seen': 1778946434.32135, 'seen_count': 2, 'channels': [], 'avg_rssi': None}, 'f8:cc:e3:a8:0b:e6': {'first_seen': 1778946434.630676, 'last_seen': 1778946434.631736, 'seen_count': 2, 'channels': [], 'avg_rssi': None}, '4e:d3:27:92:87:82': {'first_seen': 1778946434.946751, 'last_seen': 1778946434.94789, 'seen_count': 2, 'channels': [], 'avg_rssi': None}, '0c:65:52:1f:54:11': {'first_seen': 1778946435.262833, 'last_seen': 1778946435.263771, 'seen_count': 2, 'channels': [], 'avg_rssi': None}, '9c:73:48:6a:0c:75': {'first_seen': 1778946435.581994, 'last_seen': 1778946435.582912, 'seen_count': 2, 'channels': [], 'avg_rssi': None}, '4f:65:ec:5f:65:c6': {'first_seen': 1778946435.888191, 'last_seen': 1778946435.889308, 'seen_count': 2, 'channels': [], 'avg_rssi': None}, '84:35:fc:d5:36:6f': {'first_seen': 1778946436.196032, 'last_seen': 1778946436.197065, 'seen_count': 2, 'channels': [], 'avg_rssi': None}, 'a8:ac:01:c8:ef:d2': {'first_seen': 1778946436.504838, 'last_seen': 1778946436.50596, 'seen_count': 2, 'channels': [], 'avg_rssi': None}, '0c:c3:9d:d8:c7:cc': {'first_seen': 1778946436.824762, 'last_seen': 1778946436.825724, 'seen_count': 2, 'channels': [], 'avg_rssi': None}, '6b:a2:52:bb:5a:93': {'first_seen': 1778946437.137709, 'last_seen': 1778946437.138876, 'seen_count': 2, 'channels': [], 'avg_rssi': None}, '30:02:64:66:b6:37': {'first_seen': 1778946437.446596, 'last_seen': 1778946437.447634, 'seen_count': 2, 'channels': [], 'avg_rssi': None}, '1a:7c:df:bc:4e:23': {'first_seen': 1778946437.752877, 'last_seen': 1778946437.754034, 'seen_count': 2, 'channels': [], 'avg_rssi': None}, '26:4a:71:5e:c7:a2': {'first_seen': 1778946438.065543, 'last_seen': 1778946438.066539, 'seen_count': 2, 'channels': [], 'avg_rssi': None}, 'fb:bc:1c:07:17:a4': {'first_seen': 1778946438.376594, 'last_seen': 1778946438.380063, 'seen_count': 2, 'channels': [], 'avg_rssi': None}, '52:4b:45:a6:86:44': {'first_seen': 1778946438.691571, 'last_seen': 1778946438.692697, 'seen_count': 2, 'channels': [], 'avg_rssi': None}, '46:35:1d:98:df:31': {'first_seen': 1778946439.003329, 'last_seen': 1778946439.004361, 'seen_count': 2, 'channels': [], 'avg_rssi': None}, '2b:bd:47:0c:96:1e': {'first_seen': 1778946439.316045, 'last_seen': 1778946439.317103, 'seen_count': 2, 'channels': [], 'avg_rssi': None}, 'e9:b7:4b:05:3b:49': {'first_seen': 1778946439.628538, 'last_seen': 1778946439.629751, 'seen_count': 2, 'channels': [], 'avg_rssi': None}, '21:7c:24:e2:0d:1c': {'first_seen': 1778946439.935362, 'last_seen': 1778946439.936261, 'seen_count': 2, 'channels': [], 'avg_rssi': None}, '59:e6:69:00:64:24': {'first_seen': 1778946440.258945, 'last_seen': 1778946440.260155, 'seen_count': 2, 'channels': [], 'avg_rssi': None}, '6a:0c:87:8d:06:20': {'first_seen': 1778946440.574533, 'last_seen': 1778946440.575671, 'seen_count': 2, 'channels': [], 'avg_rssi': None}, 'f0:26:df:33:61:a9': {'first_seen': 1778946440.882766, 'last_seen': 1778946440.883938, 'seen_count': 2, 'channels': [], 'avg_rssi': None}, '26:d6:fe:aa:77:a3': {'first_seen': 1778946441.195189, 'last_seen': 1778946441.196081, 'seen_count': 2, 'channels': [], 'avg_rssi': None}, '02:b7:f9:43:f8:b1': {'first_seen': 1778946441.511145, 'last_seen': 1778946441.512353, 'seen_count': 2, 'channels': [], 'avg_rssi': None}, '0d:f8:5e:c0:a1:69': {'first_seen': 1778946441.82802, 'last_seen': 1778946441.829236, 'seen_count': 2, 'channels': [], 'avg_rssi': None}, '92:71:e0:3b:86:ef': {'first_seen': 1778946442.139954, 'last_seen': 1778946442.140876, 'seen_count': 2, 'channels': [], 'avg_rssi': None}, '16:8f:77:74:9b:7c': {'first_seen': 1778946442.454535, 'last_seen': 1778946442.455646, 'seen_count': 2, 'channels': [], 'avg_rssi': None}, '6c:9b:ee:b3:06:69': {'first_seen': 1778946442.765725, 'last_seen': 1778946442.766919, 'seen_count': 2, 'channels': [], 'avg_rssi': None}, '79:31:7d:04:b3:7c': {'first_seen': 1778946443.080757, 'last_seen': 1778946443.081676, 'seen_count': 2, 'channels': [], 'avg_rssi': None}, 'f4:c6:3f:2b:9b:7a': {'first_seen': 1778946443.399011, 'last_seen': 1778946443.400192, 'seen_count': 2, 'channels': [], 'avg_rssi': None}, 'de:e1:6e:20:9b:ed': {'first_seen': 1778946443.710805, 'last_seen': 1778946443.71171, 'seen_count': 2, 'channels': [], 'avg_rssi': None}, '97:24:ed:55:38:e7': {'first_seen': 1778946444.018164, 'last_seen': 1778946444.0191, 'seen_count': 2, 'channels': [], 'avg_rssi': None}, 'cb:28:90:9c:ae:db': {'first_seen': 1778946444.342811, 'last_seen': 1778946444.343989, 'seen_count': 2, 'channels': [], 'avg_rssi': None}, '18:98:61:41:1b:25': {'first_seen': 1778946444.657386, 'last_seen': 1778946444.660263, 'seen_count': 2, 'channels': [], 'avg_rssi': None}, '03:49:83:bf:21:bd': {'first_seen': 1778946444.965792, 'last_seen': 1778946444.967026, 'seen_count': 2, 'channels': [], 'avg_rssi': None}, '6d:ee:66:e0:92:05': {'first_seen': 1778946445.277095, 'last_seen': 1778946445.279416, 'seen_count': 2, 'channels': [], 'avg_rssi': None}, '66:c7:87:3f:bb:61': {'first_seen': 1778946445.589328, 'last_seen': 1778946445.590555, 'seen_count': 2, 'channels': [], 'avg_rssi': None}, 'ae:1b:a2:55:f0:8d': {'first_seen': 1778946445.904433, 'last_seen': 1778946445.907087, 'seen_count': 2, 'channels': [], 'avg_rssi': None}, 'b3:da:de:cc:ad:17': {'first_seen': 1778946446.219309, 'last_seen': 1778946446.220212, 'seen_count': 2, 'channels': [], 'avg_rssi': None}, '21:02:b6:f7:30:4f': {'first_seen': 1778946446.528794, 'last_seen': 1778946446.52987, 'seen_count': 2, 'channels': [], 'avg_rssi': None}, '45:9b:19:99:0e:71': {'first_seen': 1778946446.835465, 'last_seen': 1778946446.836627, 'seen_count': 2, 'channels': [], 'avg_rssi': None}, '75:4e:75:3f:f1:3f': {'first_seen': 1778946447.150557, 'last_seen': 1778946447.151517, 'seen_count': 2, 'channels': [], 'avg_rssi': None}, 'cc:64:00:d8:8e:74': {'first_seen': 1778946447.463303, 'last_seen': 1778946447.464284, 'seen_count': 2, 'channels': [], 'avg_rssi': None}, '2c:f0:05:b9:e0:86': {'first_seen': 1778946447.777004, 'last_seen': 1778946447.778044, 'seen_count': 2, 'channels': [], 'avg_rssi': None}, '72:6c:35:eb:a7:35': {'first_seen': 1778946448.08635, 'last_seen': 1778946448.087338, 'seen_count': 2, 'channels': [], 'avg_rssi': None}, 'ae:53:2f:45:81:3d': {'first_seen': 1778946448.408073, 'last_seen': 1778946448.408951, 'seen_count': 2, 'channels': [], 'avg_rssi': None}, '96:4d:03:eb:57:a9': {'first_seen': 1778946448.71915, 'last_seen': 1778946448.720102, 'seen_count': 2, 'channels': [], 'avg_rssi': None}, 'eb:65:51:4a:94:aa': {'first_seen': 1778946449.030699, 'last_seen': 1778946449.031608, 'seen_count': 2, 'channels': [], 'avg_rssi': None}, '2a:1b:c2:16:2f:21': {'first_seen': 1778946449.338495, 'last_seen': 1778946449.3395, 'seen_count': 2, 'channels': [], 'avg_rssi': None}, 'ca:61:ae:0f:d4:b7': {'first_seen': 1778946449.650892, 'last_seen': 1778946449.652019, 'seen_count': 2, 'channels': [], 'avg_rssi': None}, '34:b1:f1:42:55:74': {'first_seen': 1778946449.965822, 'last_seen': 1778946449.967049, 'seen_count': 2, 'channels': [], 'avg_rssi': None}, '92:00:3e:29:a8:41': {'first_seen': 1778946450.282887, 'last_seen': 1778946450.283924, 'seen_count': 2, 'channels': [], 'avg_rssi': None}, 'f7:8d:8d:97:74:24': {'first_seen': 1778946450.601645, 'last_seen': 1778946450.602689, 'seen_count': 2, 'channels': [], 'avg_rssi': None}, 'c5:d2:cc:ca:ee:2f': {'first_seen': 1778946450.912753, 'last_seen': 1778946450.913579, 'seen_count': 2, 'channels': [], 'avg_rssi': None}, '49:8b:e9:0d:5a:69': {'first_seen': 1778946451.224638, 'last_seen': 1778946451.225596, 'seen_count': 2, 'channels': [], 'avg_rssi': None}, 'fc:d7:d7:8b:b1:37': {'first_seen': 1778946451.538322, 'last_seen': 1778946451.539247, 'seen_count': 2, 'channels': [], 'avg_rssi': None}, 'bc:52:88:95:47:9d': {'first_seen': 1778946451.84993, 'last_seen': 1778946451.851017, 'seen_count': 2, 'channels': [], 'avg_rssi': None}, '40:f4:ab:d8:af:30': {'first_seen': 1778946452.15835, 'last_seen': 1778946452.159406, 'seen_count': 2, 'channels': [], 'avg_rssi': None}, 'fc:7a:3e:b9:32:ec': {'first_seen': 1778946452.474312, 'last_seen': 1778946452.475287, 'seen_count': 2, 'channels': [], 'avg_rssi': None}, '91:f6:2c:02:87:ef': {'first_seen': 1778946452.784629, 'last_seen': 1778946452.785553, 'seen_count': 2, 'channels': [], 'avg_rssi': None}, '30:80:e8:c6:ab:6b': {'first_seen': 1778946453.101034, 'last_seen': 1778946453.102196, 'seen_count': 2, 'channels': [], 'avg_rssi': None}, '01:fc:b9:02:d0:4b': {'first_seen': 1778946453.422582, 'last_seen': 1778946453.423587, 'seen_count': 2, 'channels': [], 'avg_rssi': None}, '80:7a:6a:3e:9f:3e': {'first_seen': 1778946453.730574, 'last_seen': 1778946453.731485, 'seen_count': 2, 'channels': [], 'avg_rssi': None}, 'c2:b4:d3:3b:c5:7f': {'first_seen': 1778946454.042879, 'last_seen': 1778946454.04376, 'seen_count': 2, 'channels': [], 'avg_rssi': None}, 'b4:7d:90:0b:3e:a6': {'first_seen': 1778946454.357326, 'last_seen': 1778946454.358382, 'seen_count': 2, 'channels': [], 'avg_rssi': None}, '9f:13:58:92:61:fb': {'first_seen': 1778946454.67678, 'last_seen': 1778946454.677784, 'seen_count': 2, 'channels': [], 'avg_rssi': None}, '1d:b7:c4:4e:dc:ac': {'first_seen': 1778946454.983798, 'last_seen': 1778946454.985922, 'seen_count': 2, 'channels': [], 'avg_rssi': None}, 'e0:88:b7:57:1a:18': {'first_seen': 1778946455.303049, 'last_seen': 1778946455.303049, 'seen_count': 1, 'channels': [], 'avg_rssi': None}}}
!!!!!!!!!!!!!!!!!!!!!!!!!!!!!!!!!!!!!!!!!!!!!!!!!!!!!!!!!!!!!!!!!!!!!!!!!!!!!!!!


!!!!!!!!!!!!!!!!!!!!!!!!!!!!!!!!!!!!!!!!!!!!!!!!!!!!!!!!!!!!!!!!!!!!!!!!!!!!!!!!
[ALERT] ALERT-000059 | POTENTIAL_EVIL_TWIN
severity: LOW
time: 2026-05-16T15:47:35.313144
message: Wykryto potencjalny Evil Twin / Rogue AP dla SSID 'TestNet_025'. Zaobserwowano 99 różnych BSSID oraz podejrzane różnice parametrów sieci.
evidence: {'ssid': 'TestNet_025', 'bssid_count': 99, 'bssids': ['59:8d:fa:56:58:46', 'de:48:78:67:39:bf', '3b:85:24:a1:0c:d4', '72:2d:f3:4d:72:e8', 'd8:f2:76:66:2c:91', '6c:df:1d:aa:5d:87', '68:78:9b:a4:cf:6b', 'e1:9c:c7:65:24:83', 'be:fe:40:1f:ae:e9', '72:32:d1:8f:01:51', '42:e1:8b:ce:dd:e0', '79:55:6a:e6:ff:2e', '5f:d9:97:45:dc:91', 'a8:1c:d7:03:ef:68', 'd6:41:64:4e:5e:7d', '2c:a6:07:3e:7b:7a', 'c1:86:9d:ca:13:1d', 'ad:42:20:d6:6f:0a', '82:6a:24:97:b4:7c', '27:7a:2d:5b:d5:07', '1e:31:9f:25:26:20', '92:10:dd:15:e2:94', 'e6:0b:fd:57:a8:63', '27:0a:6b:56:38:34', 'e6:da:3a:f0:73:d8', '40:28:7a:99:50:2a', 'bd:11:3a:e2:e8:99', '05:d4:32:f5:d2:b3', '24:68:33:f4:a1:af', '58:28:45:19:81:58', 'b0:96:97:12:cb:36', '13:d9:81:77:9d:14', 'f4:ff:f5:b5:78:68', '79:1e:35:b2:bf:6c', 'ce:f2:ae:8f:0c:29', '0b:35:38:46:01:36', 'ca:53:7a:8d:dc:69', '0c:15:00:9d:12:11', 'ab:cf:01:24:63:4d', '2d:39:14:a2:96:2f', 'b3:f7:e2:fd:f7:bc', '3c:2a:80:e6:f7:52', 'c2:e7:ab:62:74:2e', 'b2:80:03:f4:e9:c5', '20:0f:d7:df:40:9f', '95:72:d9:5b:c3:88', '26:cd:6d:39:f0:77', '99:87:df:63:d9:49', '21:7f:ea:b4:6e:72', 'f2:85:77:88:6d:18', 'dc:7e:1e:20:0b:17', '70:14:c9:67:16:9c', '06:bf:27:57:25:99', '6a:86:40:0e:19:d1', 'bd:28:0e:c5:33:67', 'dc:61:13:5e:58:64', '12:40:3d:a4:6d:4a', '1b:94:8d:ee:09:59', '8d:7b:e9:1b:9d:71', '45:6a:e3:8c:e8:9a', '13:0a:10:f6:35:25', 'a6:b2:67:eb:e3:d9', '9c:72:61:2e:3e:98', '4d:02:ca:dd:eb:eb', 'f7:f8:f9:a0:62:aa', '74:54:b7:39:96:ce', 'c9:be:df:a8:88:a2', '4d:f1:a4:b7:a6:f7', '3a:5c:93:af:93:73', 'c8:07:f4:6b:ce:4f', '72:55:aa:8d:ff:0e', 'd1:9a:0c:a1:c3:84', 'bd:1c:4f:70:20:b7', '82:13:bd:ac:a4:97', '7c:f4:98:37:86:bb', '1a:83:d2:bb:13:73', '74:ec:2d:b5:e9:3b', 'd0:56:29:e5:75:fb', '39:c4:95:d4:97:d9', 'd4:d9:3d:77:20:85', 'c7:6d:36:88:6b:5f', '86:af:4f:14:ec:9b', '93:fd:d6:53:e1:39', '4d:37:91:6b:81:56', '25:75:d6:25:87:e2', '2d:d1:d7:6d:6d:e8', '42:1c:96:72:60:cb', '78:57:51:78:2f:bb', 'b8:79:4e:89:ff:4d', '14:7b:ec:f8:95:68', 'b0:13:4c:94:3c:3b', 'ba:81:ad:cb:76:a9', '50:6e:f7:de:0d:db', '23:58:08:7a:c4:af', '79:68:cc:a5:90:6d', 'f7:84:69:10:14:e9', 'aa:8c:a9:44:aa:57', 'b8:52:02:d9:41:9f', '0f:9e:53:f6:0b:57'], 'triggered_reasons': ['same_ssid_multiple_bssid'], 'observations': {'59:8d:fa:56:58:46': {'first_seen': 1778946424.727053, 'last_seen': 1778946424.727978, 'seen_count': 2, 'channels': [], 'avg_rssi': None}, 'de:48:78:67:39:bf': {'first_seen': 1778946425.044784, 'last_seen': 1778946425.045617, 'seen_count': 2, 'channels': [], 'avg_rssi': None}, '3b:85:24:a1:0c:d4': {'first_seen': 1778946425.352149, 'last_seen': 1778946425.353137, 'seen_count': 2, 'channels': [], 'avg_rssi': None}, '72:2d:f3:4d:72:e8': {'first_seen': 1778946425.659065, 'last_seen': 1778946425.661897, 'seen_count': 2, 'channels': [], 'avg_rssi': None}, 'd8:f2:76:66:2c:91': {'first_seen': 1778946425.96488, 'last_seen': 1778946425.965921, 'seen_count': 2, 'channels': [], 'avg_rssi': None}, '6c:df:1d:aa:5d:87': {'first_seen': 1778946426.278064, 'last_seen': 1778946426.27918, 'seen_count': 2, 'channels': [], 'avg_rssi': None}, '68:78:9b:a4:cf:6b': {'first_seen': 1778946426.585383, 'last_seen': 1778946426.586454, 'seen_count': 2, 'channels': [], 'avg_rssi': None}, 'e1:9c:c7:65:24:83': {'first_seen': 1778946426.89301, 'last_seen': 1778946426.893836, 'seen_count': 2, 'channels': [], 'avg_rssi': None}, 'be:fe:40:1f:ae:e9': {'first_seen': 1778946427.204325, 'last_seen': 1778946427.205227, 'seen_count': 2, 'channels': [], 'avg_rssi': None}, '72:32:d1:8f:01:51': {'first_seen': 1778946427.514657, 'last_seen': 1778946427.515631, 'seen_count': 2, 'channels': [], 'avg_rssi': None}, '42:e1:8b:ce:dd:e0': {'first_seen': 1778946427.823371, 'last_seen': 1778946427.82451, 'seen_count': 2, 'channels': [], 'avg_rssi': None}, '79:55:6a:e6:ff:2e': {'first_seen': 1778946428.129297, 'last_seen': 1778946428.130402, 'seen_count': 2, 'channels': [], 'avg_rssi': None}, '5f:d9:97:45:dc:91': {'first_seen': 1778946428.442377, 'last_seen': 1778946428.44329, 'seen_count': 2, 'channels': [], 'avg_rssi': None}, 'a8:1c:d7:03:ef:68': {'first_seen': 1778946428.750266, 'last_seen': 1778946428.751313, 'seen_count': 2, 'channels': [], 'avg_rssi': None}, 'd6:41:64:4e:5e:7d': {'first_seen': 1778946429.056987, 'last_seen': 1778946429.058202, 'seen_count': 2, 'channels': [], 'avg_rssi': None}, '2c:a6:07:3e:7b:7a': {'first_seen': 1778946429.369323, 'last_seen': 1778946429.370463, 'seen_count': 2, 'channels': [], 'avg_rssi': None}, 'c1:86:9d:ca:13:1d': {'first_seen': 1778946429.680149, 'last_seen': 1778946429.681355, 'seen_count': 2, 'channels': [], 'avg_rssi': None}, 'ad:42:20:d6:6f:0a': {'first_seen': 1778946429.989904, 'last_seen': 1778946429.990753, 'seen_count': 2, 'channels': [], 'avg_rssi': None}, '82:6a:24:97:b4:7c': {'first_seen': 1778946430.304787, 'last_seen': 1778946430.305764, 'seen_count': 2, 'channels': [], 'avg_rssi': None}, '27:7a:2d:5b:d5:07': {'first_seen': 1778946430.616635, 'last_seen': 1778946430.617779, 'seen_count': 2, 'channels': [], 'avg_rssi': None}, '1e:31:9f:25:26:20': {'first_seen': 1778946430.928998, 'last_seen': 1778946430.930177, 'seen_count': 2, 'channels': [], 'avg_rssi': None}, '92:10:dd:15:e2:94': {'first_seen': 1778946431.242248, 'last_seen': 1778946431.243311, 'seen_count': 2, 'channels': [], 'avg_rssi': None}, 'e6:0b:fd:57:a8:63': {'first_seen': 1778946431.554032, 'last_seen': 1778946431.554953, 'seen_count': 2, 'channels': [], 'avg_rssi': None}, '27:0a:6b:56:38:34': {'first_seen': 1778946431.860655, 'last_seen': 1778946431.861592, 'seen_count': 2, 'channels': [], 'avg_rssi': None}, 'e6:da:3a:f0:73:d8': {'first_seen': 1778946432.165447, 'last_seen': 1778946432.166358, 'seen_count': 2, 'channels': [], 'avg_rssi': None}, '40:28:7a:99:50:2a': {'first_seen': 1778946432.470308, 'last_seen': 1778946432.471501, 'seen_count': 2, 'channels': [], 'avg_rssi': None}, 'bd:11:3a:e2:e8:99': {'first_seen': 1778946432.784753, 'last_seen': 1778946432.785892, 'seen_count': 2, 'channels': [], 'avg_rssi': None}, '05:d4:32:f5:d2:b3': {'first_seen': 1778946433.093877, 'last_seen': 1778946433.095034, 'seen_count': 2, 'channels': [], 'avg_rssi': None}, '24:68:33:f4:a1:af': {'first_seen': 1778946433.401428, 'last_seen': 1778946433.402549, 'seen_count': 2, 'channels': [], 'avg_rssi': None}, '58:28:45:19:81:58': {'first_seen': 1778946433.714916, 'last_seen': 1778946433.715816, 'seen_count': 2, 'channels': [], 'avg_rssi': None}, 'b0:96:97:12:cb:36': {'first_seen': 1778946434.023839, 'last_seen': 1778946434.024973, 'seen_count': 2, 'channels': [], 'avg_rssi': None}, '13:d9:81:77:9d:14': {'first_seen': 1778946434.330792, 'last_seen': 1778946434.331975, 'seen_count': 2, 'channels': [], 'avg_rssi': None}, 'f4:ff:f5:b5:78:68': {'first_seen': 1778946434.640767, 'last_seen': 1778946434.641745, 'seen_count': 2, 'channels': [], 'avg_rssi': None}, '79:1e:35:b2:bf:6c': {'first_seen': 1778946434.956823, 'last_seen': 1778946434.957755, 'seen_count': 2, 'channels': [], 'avg_rssi': None}, 'ce:f2:ae:8f:0c:29': {'first_seen': 1778946435.272946, 'last_seen': 1778946435.273902, 'seen_count': 2, 'channels': [], 'avg_rssi': None}, '0b:35:38:46:01:36': {'first_seen': 1778946435.592088, 'last_seen': 1778946435.593037, 'seen_count': 2, 'channels': [], 'avg_rssi': None}, 'ca:53:7a:8d:dc:69': {'first_seen': 1778946435.898317, 'last_seen': 1778946435.89956, 'seen_count': 2, 'channels': [], 'avg_rssi': None}, '0c:15:00:9d:12:11': {'first_seen': 1778946436.206126, 'last_seen': 1778946436.209693, 'seen_count': 2, 'channels': [], 'avg_rssi': None}, 'ab:cf:01:24:63:4d': {'first_seen': 1778946436.514961, 'last_seen': 1778946436.515967, 'seen_count': 2, 'channels': [], 'avg_rssi': None}, '2d:39:14:a2:96:2f': {'first_seen': 1778946436.834877, 'last_seen': 1778946436.836112, 'seen_count': 2, 'channels': [], 'avg_rssi': None}, 'b3:f7:e2:fd:f7:bc': {'first_seen': 1778946437.147838, 'last_seen': 1778946437.151242, 'seen_count': 2, 'channels': [], 'avg_rssi': None}, '3c:2a:80:e6:f7:52': {'first_seen': 1778946437.456717, 'last_seen': 1778946437.458756, 'seen_count': 2, 'channels': [], 'avg_rssi': None}, 'c2:e7:ab:62:74:2e': {'first_seen': 1778946437.763015, 'last_seen': 1778946437.765648, 'seen_count': 2, 'channels': [], 'avg_rssi': None}, 'b2:80:03:f4:e9:c5': {'first_seen': 1778946438.075636, 'last_seen': 1778946438.078915, 'seen_count': 2, 'channels': [], 'avg_rssi': None}, '20:0f:d7:df:40:9f': {'first_seen': 1778946438.389453, 'last_seen': 1778946438.390681, 'seen_count': 2, 'channels': [], 'avg_rssi': None}, '95:72:d9:5b:c3:88': {'first_seen': 1778946438.701674, 'last_seen': 1778946438.703326, 'seen_count': 2, 'channels': [], 'avg_rssi': None}, '26:cd:6d:39:f0:77': {'first_seen': 1778946439.013479, 'last_seen': 1778946439.014359, 'seen_count': 2, 'channels': [], 'avg_rssi': None}, '99:87:df:63:d9:49': {'first_seen': 1778946439.327806, 'last_seen': 1778946439.328732, 'seen_count': 2, 'channels': [], 'avg_rssi': None}, '21:7f:ea:b4:6e:72': {'first_seen': 1778946439.638891, 'last_seen': 1778946439.640016, 'seen_count': 2, 'channels': [], 'avg_rssi': None}, 'f2:85:77:88:6d:18': {'first_seen': 1778946439.945488, 'last_seen': 1778946439.946692, 'seen_count': 2, 'channels': [], 'avg_rssi': None}, 'dc:7e:1e:20:0b:17': {'first_seen': 1778946440.269053, 'last_seen': 1778946440.27028, 'seen_count': 2, 'channels': [], 'avg_rssi': None}, '70:14:c9:67:16:9c': {'first_seen': 1778946440.584634, 'last_seen': 1778946440.58567, 'seen_count': 2, 'channels': [], 'avg_rssi': None}, '06:bf:27:57:25:99': {'first_seen': 1778946440.892844, 'last_seen': 1778946440.893811, 'seen_count': 2, 'channels': [], 'avg_rssi': None}, '6a:86:40:0e:19:d1': {'first_seen': 1778946441.205292, 'last_seen': 1778946441.206202, 'seen_count': 2, 'channels': [], 'avg_rssi': None}, 'bd:28:0e:c5:33:67': {'first_seen': 1778946441.521292, 'last_seen': 1778946441.522353, 'seen_count': 2, 'channels': [], 'avg_rssi': None}, 'dc:61:13:5e:58:64': {'first_seen': 1778946441.838117, 'last_seen': 1778946441.838984, 'seen_count': 2, 'channels': [], 'avg_rssi': None}, '12:40:3d:a4:6d:4a': {'first_seen': 1778946442.150046, 'last_seen': 1778946442.151127, 'seen_count': 2, 'channels': [], 'avg_rssi': None}, '1b:94:8d:ee:09:59': {'first_seen': 1778946442.464644, 'last_seen': 1778946442.465773, 'seen_count': 2, 'channels': [], 'avg_rssi': None}, '8d:7b:e9:1b:9d:71': {'first_seen': 1778946442.775833, 'last_seen': 1778946442.776793, 'seen_count': 2, 'channels': [], 'avg_rssi': None}, '45:6a:e3:8c:e8:9a': {'first_seen': 1778946443.094673, 'last_seen': 1778946443.095814, 'seen_count': 2, 'channels': [], 'avg_rssi': None}, '13:0a:10:f6:35:25': {'first_seen': 1778946443.409119, 'last_seen': 1778946443.409942, 'seen_count': 2, 'channels': [], 'avg_rssi': None}, 'a6:b2:67:eb:e3:d9': {'first_seen': 1778946443.720912, 'last_seen': 1778946443.721959, 'seen_count': 2, 'channels': [], 'avg_rssi': None}, '9c:72:61:2e:3e:98': {'first_seen': 1778946444.028258, 'last_seen': 1778946444.02949, 'seen_count': 2, 'channels': [], 'avg_rssi': None}, '4d:02:ca:dd:eb:eb': {'first_seen': 1778946444.354659, 'last_seen': 1778946444.355742, 'seen_count': 2, 'channels': [], 'avg_rssi': None}, 'f7:f8:f9:a0:62:aa': {'first_seen': 1778946444.667516, 'last_seen': 1778946444.66864, 'seen_count': 2, 'channels': [], 'avg_rssi': None}, '74:54:b7:39:96:ce': {'first_seen': 1778946444.975938, 'last_seen': 1778946444.976785, 'seen_count': 2, 'channels': [], 'avg_rssi': None}, 'c9:be:df:a8:88:a2': {'first_seen': 1778946445.287218, 'last_seen': 1778946445.288421, 'seen_count': 2, 'channels': [], 'avg_rssi': None}, '4d:f1:a4:b7:a6:f7': {'first_seen': 1778946445.602661, 'last_seen': 1778946445.603554, 'seen_count': 2, 'channels': [], 'avg_rssi': None}, '3a:5c:93:af:93:73': {'first_seen': 1778946445.914534, 'last_seen': 1778946445.9157, 'seen_count': 2, 'channels': [], 'avg_rssi': None}, 'c8:07:f4:6b:ce:4f': {'first_seen': 1778946446.229423, 'last_seen': 1778946446.23047, 'seen_count': 2, 'channels': [], 'avg_rssi': None}, '72:55:aa:8d:ff:0e': {'first_seen': 1778946446.538896, 'last_seen': 1778946446.539982, 'seen_count': 2, 'channels': [], 'avg_rssi': None}, 'd1:9a:0c:a1:c3:84': {'first_seen': 1778946446.846164, 'last_seen': 1778946446.847121, 'seen_count': 2, 'channels': [], 'avg_rssi': None}, 'bd:1c:4f:70:20:b7': {'first_seen': 1778946447.160681, 'last_seen': 1778946447.161638, 'seen_count': 2, 'channels': [], 'avg_rssi': None}, '82:13:bd:ac:a4:97': {'first_seen': 1778946447.473431, 'last_seen': 1778946447.474672, 'seen_count': 2, 'channels': [], 'avg_rssi': None}, '7c:f4:98:37:86:bb': {'first_seen': 1778946447.787131, 'last_seen': 1778946447.788052, 'seen_count': 2, 'channels': [], 'avg_rssi': None}, '1a:83:d2:bb:13:73': {'first_seen': 1778946448.096476, 'last_seen': 1778946448.097444, 'seen_count': 2, 'channels': [], 'avg_rssi': None}, '74:ec:2d:b5:e9:3b': {'first_seen': 1778946448.418177, 'last_seen': 1778946448.4192, 'seen_count': 2, 'channels': [], 'avg_rssi': None}, 'd0:56:29:e5:75:fb': {'first_seen': 1778946448.729252, 'last_seen': 1778946448.730093, 'seen_count': 2, 'channels': [], 'avg_rssi': None}, '39:c4:95:d4:97:d9': {'first_seen': 1778946449.040796, 'last_seen': 1778946449.041859, 'seen_count': 2, 'channels': [], 'avg_rssi': None}, 'd4:d9:3d:77:20:85': {'first_seen': 1778946449.350685, 'last_seen': 1778946449.351627, 'seen_count': 2, 'channels': [], 'avg_rssi': None}, 'c7:6d:36:88:6b:5f': {'first_seen': 1778946449.662659, 'last_seen': 1778946449.663517, 'seen_count': 2, 'channels': [], 'avg_rssi': None}, '86:af:4f:14:ec:9b': {'first_seen': 1778946449.978738, 'last_seen': 1778946449.979658, 'seen_count': 2, 'channels': [], 'avg_rssi': None}, '93:fd:d6:53:e1:39': {'first_seen': 1778946450.293025, 'last_seen': 1778946450.294057, 'seen_count': 2, 'channels': [], 'avg_rssi': None}, '4d:37:91:6b:81:56': {'first_seen': 1778946450.61175, 'last_seen': 1778946450.612689, 'seen_count': 2, 'channels': [], 'avg_rssi': None}, '25:75:d6:25:87:e2': {'first_seen': 1778946450.922846, 'last_seen': 1778946450.923705, 'seen_count': 2, 'channels': [], 'avg_rssi': None}, '2d:d1:d7:6d:6d:e8': {'first_seen': 1778946451.236698, 'last_seen': 1778946451.237596, 'seen_count': 2, 'channels': [], 'avg_rssi': None}, '42:1c:96:72:60:cb': {'first_seen': 1778946451.548461, 'last_seen': 1778946451.549621, 'seen_count': 2, 'channels': [], 'avg_rssi': None}, '78:57:51:78:2f:bb': {'first_seen': 1778946451.860037, 'last_seen': 1778946451.861253, 'seen_count': 2, 'channels': [], 'avg_rssi': None}, 'b8:79:4e:89:ff:4d': {'first_seen': 1778946452.169338, 'last_seen': 1778946452.170285, 'seen_count': 2, 'channels': [], 'avg_rssi': None}, '14:7b:ec:f8:95:68': {'first_seen': 1778946452.484406, 'last_seen': 1778946452.485537, 'seen_count': 2, 'channels': [], 'avg_rssi': None}, 'b0:13:4c:94:3c:3b': {'first_seen': 1778946452.796983, 'last_seen': 1778946452.798058, 'seen_count': 2, 'channels': [], 'avg_rssi': None}, 'ba:81:ad:cb:76:a9': {'first_seen': 1778946453.111135, 'last_seen': 1778946453.11207, 'seen_count': 2, 'channels': [], 'avg_rssi': None}, '50:6e:f7:de:0d:db': {'first_seen': 1778946453.432707, 'last_seen': 1778946453.433835, 'seen_count': 2, 'channels': [], 'avg_rssi': None}, '23:58:08:7a:c4:af': {'first_seen': 1778946453.742222, 'last_seen': 1778946453.743352, 'seen_count': 2, 'channels': [], 'avg_rssi': None}, '79:68:cc:a5:90:6d': {'first_seen': 1778946454.052974, 'last_seen': 1778946454.053868, 'seen_count': 2, 'channels': [], 'avg_rssi': None}, 'f7:84:69:10:14:e9': {'first_seen': 1778946454.367427, 'last_seen': 1778946454.368384, 'seen_count': 2, 'channels': [], 'avg_rssi': None}, 'aa:8c:a9:44:aa:57': {'first_seen': 1778946454.686882, 'last_seen': 1778946454.688026, 'seen_count': 2, 'channels': [], 'avg_rssi': None}, 'b8:52:02:d9:41:9f': {'first_seen': 1778946454.993891, 'last_seen': 1778946454.994795, 'seen_count': 2, 'channels': [], 'avg_rssi': None}, '0f:9e:53:f6:0b:57': {'first_seen': 1778946455.313144, 'last_seen': 1778946455.313144, 'seen_count': 1, 'channels': [], 'avg_rssi': None}}}
!!!!!!!!!!!!!!!!!!!!!!!!!!!!!!!!!!!!!!!!!!!!!!!!!!!!!!!!!!!!!!!!!!!!!!!!!!!!!!!!


!!!!!!!!!!!!!!!!!!!!!!!!!!!!!!!!!!!!!!!!!!!!!!!!!!!!!!!!!!!!!!!!!!!!!!!!!!!!!!!!
[ALERT] ALERT-000060 | POTENTIAL_EVIL_TWIN
severity: LOW
time: 2026-05-16T15:47:35.323238
message: Wykryto potencjalny Evil Twin / Rogue AP dla SSID 'TestNet_026'. Zaobserwowano 99 różnych BSSID oraz podejrzane różnice parametrów sieci.
evidence: {'ssid': 'TestNet_026', 'bssid_count': 99, 'bssids': ['f0:e4:57:9f:01:b9', 'f8:1a:d8:7e:6a:a3', '08:f5:dc:17:7b:52', 'fa:03:0b:63:87:14', 'e3:08:f4:83:64:9c', 'cc:0e:65:a3:66:c1', '56:16:62:76:2c:70', '89:13:e6:b5:9e:17', 'bd:43:ca:71:9a:ac', 'd6:0a:9a:3d:b5:49', 'ce:ff:1c:50:8c:10', '16:ef:31:89:ec:51', '68:b0:d1:36:5f:07', '7a:a9:f7:9f:2c:f5', 'eb:c9:f6:44:f4:dd', '42:2c:9f:f2:c3:c1', '86:58:f7:ba:ec:65', '64:f7:ef:91:14:4a', 'c0:f9:23:cd:96:fa', 'db:02:ca:8d:c1:e8', '00:6e:f7:ff:0a:ad', 'f2:95:61:d9:aa:4d', 'ba:5c:23:5a:f1:23', '36:79:e0:99:59:2a', '13:15:c2:48:0e:ea', 'c6:25:3d:44:d5:d8', 'de:c3:dc:62:00:93', '97:9f:44:3f:78:8a', '6b:cc:b0:61:86:61', 'd1:0a:8e:75:f0:40', '90:52:6f:85:af:53', 'af:ad:fc:cd:59:08', '96:06:bf:47:60:25', 'bb:5d:e1:ac:20:6a', '5e:f8:1d:cd:27:01', '9b:e0:72:70:db:47', '59:c9:84:52:16:83', '51:05:41:25:ce:58', 'c6:66:04:88:9c:7d', 'a1:74:36:3f:65:8d', 'cc:27:68:4e:2a:10', 'ca:5f:f0:72:97:1f', '2f:67:d7:19:c1:c6', 'f8:1e:87:35:1c:25', 'ab:39:c1:60:39:ac', 'ff:f9:d3:28:a0:72', '51:e9:b9:21:13:c8', '16:3f:a6:0b:bb:7c', 'd8:24:df:aa:2d:fe', 'c0:cb:08:0c:cf:8e', '14:bc:d2:7b:95:45', 'da:1e:f7:78:21:ff', 'b8:25:3b:77:63:fd', '26:27:eb:01:06:c7', '68:0c:11:95:0f:d7', '09:f1:a1:4d:5a:c3', '55:8e:d3:51:c0:34', 'd8:b7:26:c6:2b:b2', '8b:18:58:07:fd:44', '75:22:b9:ed:f1:8a', 'f9:f9:d8:6c:e0:4e', 'd9:18:8b:a8:d7:e6', '3c:26:fa:0e:a6:f1', '8a:4c:9a:11:a8:e6', 'f3:3f:36:76:ae:7d', 'df:65:38:41:fa:8b', '1b:3e:b1:aa:4e:35', '36:23:45:f2:2b:4f', '91:e9:71:75:46:07', 'bf:64:4d:ef:2e:50', 'aa:05:89:f1:59:bb', '3a:84:e2:26:b3:45', 'f6:85:0a:38:0e:81', '9a:fa:08:6a:6b:6b', 'b7:f0:20:ec:e6:5f', '82:a3:c4:bd:9a:f7', '47:fd:5e:6f:c3:82', '12:0a:8f:49:ce:2a', '8b:f4:53:5a:0d:02', 'dc:88:55:60:59:6c', '40:6c:c3:3c:3b:a1', '60:eb:c6:b5:5f:9c', 'a2:18:44:77:38:22', 'b8:cf:ef:6c:c9:86', 'a1:9a:10:b7:d1:fb', '23:f1:d7:18:cd:a3', '8d:5f:16:a8:3b:cd', 'ee:8b:81:c9:df:9b', '9b:98:24:36:14:b0', '8b:cb:2c:5f:da:12', '24:b7:16:9e:15:48', '4a:c6:f2:4c:ac:77', 'a8:e4:03:86:26:ec', '33:8a:99:a3:f4:4e', '6d:de:57:f8:0c:ea', 'a1:ec:5f:c2:e9:8c', '54:81:11:59:2d:83', '8c:be:09:16:36:b6', 'cf:2c:b2:96:21:14'], 'triggered_reasons': ['same_ssid_multiple_bssid'], 'observations': {'f0:e4:57:9f:01:b9': {'first_seen': 1778946424.737168, 'last_seen': 1778946424.738099, 'seen_count': 2, 'channels': [], 'avg_rssi': None}, 'f8:1a:d8:7e:6a:a3': {'first_seen': 1778946425.054923, 'last_seen': 1778946425.055991, 'seen_count': 2, 'channels': [], 'avg_rssi': None}, '08:f5:dc:17:7b:52': {'first_seen': 1778946425.362248, 'last_seen': 1778946425.363394, 'seen_count': 2, 'channels': [], 'avg_rssi': None}, 'fa:03:0b:63:87:14': {'first_seen': 1778946425.669179, 'last_seen': 1778946425.670402, 'seen_count': 2, 'channels': [], 'avg_rssi': None}, 'e3:08:f4:83:64:9c': {'first_seen': 1778946425.974988, 'last_seen': 1778946425.975921, 'seen_count': 2, 'channels': [], 'avg_rssi': None}, 'cc:0e:65:a3:66:c1': {'first_seen': 1778946426.288172, 'last_seen': 1778946426.289314, 'seen_count': 2, 'channels': [], 'avg_rssi': None}, '56:16:62:76:2c:70': {'first_seen': 1778946426.595475, 'last_seen': 1778946426.596697, 'seen_count': 2, 'channels': [], 'avg_rssi': None}, '89:13:e6:b5:9e:17': {'first_seen': 1778946426.903125, 'last_seen': 1778946426.904219, 'seen_count': 2, 'channels': [], 'avg_rssi': None}, 'bd:43:ca:71:9a:ac': {'first_seen': 1778946427.214428, 'last_seen': 1778946427.218228, 'seen_count': 2, 'channels': [], 'avg_rssi': None}, 'd6:0a:9a:3d:b5:49': {'first_seen': 1778946427.52475, 'last_seen': 1778946427.525868, 'seen_count': 2, 'channels': [], 'avg_rssi': None}, 'ce:ff:1c:50:8c:10': {'first_seen': 1778946427.833726, 'last_seen': 1778946427.834673, 'seen_count': 2, 'channels': [], 'avg_rssi': None}, '16:ef:31:89:ec:51': {'first_seen': 1778946428.142688, 'last_seen': 1778946428.14365, 'seen_count': 2, 'channels': [], 'avg_rssi': None}, '68:b0:d1:36:5f:07': {'first_seen': 1778946428.452691, 'last_seen': 1778946428.453667, 'seen_count': 2, 'channels': [], 'avg_rssi': None}, '7a:a9:f7:9f:2c:f5': {'first_seen': 1778946428.762559, 'last_seen': 1778946428.763433, 'seen_count': 2, 'channels': [], 'avg_rssi': None}, 'eb:c9:f6:44:f4:dd': {'first_seen': 1778946429.06716, 'last_seen': 1778946429.068205, 'seen_count': 2, 'channels': [], 'avg_rssi': None}, '42:2c:9f:f2:c3:c1': {'first_seen': 1778946429.37943, 'last_seen': 1778946429.38034, 'seen_count': 2, 'channels': [], 'avg_rssi': None}, '86:58:f7:ba:ec:65': {'first_seen': 1778946429.691549, 'last_seen': 1778946429.692605, 'seen_count': 2, 'channels': [], 'avg_rssi': None}, '64:f7:ef:91:14:4a': {'first_seen': 1778946430.000041, 'last_seen': 1778946430.001004, 'seen_count': 2, 'channels': [], 'avg_rssi': None}, 'c0:f9:23:cd:96:fa': {'first_seen': 1778946430.318669, 'last_seen': 1778946430.319642, 'seen_count': 2, 'channels': [], 'avg_rssi': None}, 'db:02:ca:8d:c1:e8': {'first_seen': 1778946430.630183, 'last_seen': 1778946430.63128, 'seen_count': 2, 'channels': [], 'avg_rssi': None}, '00:6e:f7:ff:0a:ad': {'first_seen': 1778946430.939093, 'last_seen': 1778946430.940306, 'seen_count': 2, 'channels': [], 'avg_rssi': None}, 'f2:95:61:d9:aa:4d': {'first_seen': 1778946431.25238, 'last_seen': 1778946431.253321, 'seen_count': 2, 'channels': [], 'avg_rssi': None}, 'ba:5c:23:5a:f1:23': {'first_seen': 1778946431.564141, 'last_seen': 1778946431.565202, 'seen_count': 2, 'channels': [], 'avg_rssi': None}, '36:79:e0:99:59:2a': {'first_seen': 1778946431.87078, 'last_seen': 1778946431.871848, 'seen_count': 2, 'channels': [], 'avg_rssi': None}, '13:15:c2:48:0e:ea': {'first_seen': 1778946432.175707, 'last_seen': 1778946432.176611, 'seen_count': 2, 'channels': [], 'avg_rssi': None}, 'c6:25:3d:44:d5:d8': {'first_seen': 1778946432.48041, 'last_seen': 1778946432.481251, 'seen_count': 2, 'channels': [], 'avg_rssi': None}, 'de:c3:dc:62:00:93': {'first_seen': 1778946432.797722, 'last_seen': 1778946432.79866, 'seen_count': 2, 'channels': [], 'avg_rssi': None}, '97:9f:44:3f:78:8a': {'first_seen': 1778946433.103953, 'last_seen': 1778946433.105165, 'seen_count': 2, 'channels': [], 'avg_rssi': None}, '6b:cc:b0:61:86:61': {'first_seen': 1778946433.411545, 'last_seen': 1778946433.412429, 'seen_count': 2, 'channels': [], 'avg_rssi': None}, 'd1:0a:8e:75:f0:40': {'first_seen': 1778946433.725023, 'last_seen': 1778946433.72608, 'seen_count': 2, 'channels': [], 'avg_rssi': None}, '90:52:6f:85:af:53': {'first_seen': 1778946434.033953, 'last_seen': 1778946434.034962, 'seen_count': 2, 'channels': [], 'avg_rssi': None}, 'af:ad:fc:cd:59:08': {'first_seen': 1778946434.340917, 'last_seen': 1778946434.341851, 'seen_count': 2, 'channels': [], 'avg_rssi': None}, '96:06:bf:47:60:25': {'first_seen': 1778946434.651513, 'last_seen': 1778946434.652866, 'seen_count': 2, 'channels': [], 'avg_rssi': None}, 'bb:5d:e1:ac:20:6a': {'first_seen': 1778946434.966926, 'last_seen': 1778946434.96814, 'seen_count': 2, 'channels': [], 'avg_rssi': None}, '5e:f8:1d:cd:27:01': {'first_seen': 1778946435.286658, 'last_seen': 1778946435.287521, 'seen_count': 2, 'channels': [], 'avg_rssi': None}, '9b:e0:72:70:db:47': {'first_seen': 1778946435.602198, 'last_seen': 1778946435.603162, 'seen_count': 2, 'channels': [], 'avg_rssi': None}, '59:c9:84:52:16:83': {'first_seen': 1778946435.908425, 'last_seen': 1778946435.909441, 'seen_count': 2, 'channels': [], 'avg_rssi': None}, '51:05:41:25:ce:58': {'first_seen': 1778946436.216229, 'last_seen': 1778946436.217325, 'seen_count': 2, 'channels': [], 'avg_rssi': None}, 'c6:66:04:88:9c:7d': {'first_seen': 1778946436.525088, 'last_seen': 1778946436.526096, 'seen_count': 2, 'channels': [], 'avg_rssi': None}, 'a1:74:36:3f:65:8d': {'first_seen': 1778946436.845001, 'last_seen': 1778946436.846598, 'seen_count': 2, 'channels': [], 'avg_rssi': None}, 'cc:27:68:4e:2a:10': {'first_seen': 1778946437.157936, 'last_seen': 1778946437.158867, 'seen_count': 2, 'channels': [], 'avg_rssi': None}, 'ca:5f:f0:72:97:1f': {'first_seen': 1778946437.468559, 'last_seen': 1778946437.469759, 'seen_count': 2, 'channels': [], 'avg_rssi': None}, '2f:67:d7:19:c1:c6': {'first_seen': 1778946437.774114, 'last_seen': 1778946437.775026, 'seen_count': 2, 'channels': [], 'avg_rssi': None}, 'f8:1e:87:35:1c:25': {'first_seen': 1778946438.085733, 'last_seen': 1778946438.086668, 'seen_count': 2, 'channels': [], 'avg_rssi': None}, 'ab:39:c1:60:39:ac': {'first_seen': 1778946438.400112, 'last_seen': 1778946438.401329, 'seen_count': 2, 'channels': [], 'avg_rssi': None}, 'ff:f9:d3:28:a0:72': {'first_seen': 1778946438.711777, 'last_seen': 1778946438.712697, 'seen_count': 2, 'channels': [], 'avg_rssi': None}, '51:e9:b9:21:13:c8': {'first_seen': 1778946439.026107, 'last_seen': 1778946439.027092, 'seen_count': 2, 'channels': [], 'avg_rssi': None}, '16:3f:a6:0b:bb:7c': {'first_seen': 1778946439.337917, 'last_seen': 1778946439.339106, 'seen_count': 2, 'channels': [], 'avg_rssi': None}, 'd8:24:df:aa:2d:fe': {'first_seen': 1778946439.648989, 'last_seen': 1778946439.649884, 'seen_count': 2, 'channels': [], 'avg_rssi': None}, 'c0:cb:08:0c:cf:8e': {'first_seen': 1778946439.961547, 'last_seen': 1778946439.962674, 'seen_count': 2, 'channels': [], 'avg_rssi': None}, '14:bc:d2:7b:95:45': {'first_seen': 1778946440.27915, 'last_seen': 1778946440.280278, 'seen_count': 2, 'channels': [], 'avg_rssi': None}, 'da:1e:f7:78:21:ff': {'first_seen': 1778946440.594758, 'last_seen': 1778946440.596172, 'seen_count': 2, 'channels': [], 'avg_rssi': None}, 'b8:25:3b:77:63:fd': {'first_seen': 1778946440.90295, 'last_seen': 1778946440.903812, 'seen_count': 2, 'channels': [], 'avg_rssi': None}, '26:27:eb:01:06:c7': {'first_seen': 1778946441.215404, 'last_seen': 1778946441.216838, 'seen_count': 2, 'channels': [], 'avg_rssi': None}, '68:0c:11:95:0f:d7': {'first_seen': 1778946441.531377, 'last_seen': 1778946441.533854, 'seen_count': 2, 'channels': [], 'avg_rssi': None}, '09:f1:a1:4d:5a:c3': {'first_seen': 1778946441.848222, 'last_seen': 1778946441.849363, 'seen_count': 2, 'channels': [], 'avg_rssi': None}, '55:8e:d3:51:c0:34': {'first_seen': 1778946442.160149, 'last_seen': 1778946442.161253, 'seen_count': 2, 'channels': [], 'avg_rssi': None}, 'd8:b7:26:c6:2b:b2': {'first_seen': 1778946442.47474, 'last_seen': 1778946442.477775, 'seen_count': 2, 'channels': [], 'avg_rssi': None}, '8b:18:58:07:fd:44': {'first_seen': 1778946442.785927, 'last_seen': 1778946442.78691, 'seen_count': 2, 'channels': [], 'avg_rssi': None}, '75:22:b9:ed:f1:8a': {'first_seen': 1778946443.104772, 'last_seen': 1778946443.105923, 'seen_count': 2, 'channels': [], 'avg_rssi': None}, 'f9:f9:d8:6c:e0:4e': {'first_seen': 1778946443.419219, 'last_seen': 1778946443.420069, 'seen_count': 2, 'channels': [], 'avg_rssi': None}, 'd9:18:8b:a8:d7:e6': {'first_seen': 1778946443.731007, 'last_seen': 1778946443.732085, 'seen_count': 2, 'channels': [], 'avg_rssi': None}, '3c:26:fa:0e:a6:f1': {'first_seen': 1778946444.038737, 'last_seen': 1778946444.03985, 'seen_count': 2, 'channels': [], 'avg_rssi': None}, '8a:4c:9a:11:a8:e6': {'first_seen': 1778946444.364763, 'last_seen': 1778946444.365741, 'seen_count': 2, 'channels': [], 'avg_rssi': None}, 'f3:3f:36:76:ae:7d': {'first_seen': 1778946444.677644, 'last_seen': 1778946444.67868, 'seen_count': 2, 'channels': [], 'avg_rssi': None}, 'df:65:38:41:fa:8b': {'first_seen': 1778946444.986032, 'last_seen': 1778946444.987033, 'seen_count': 2, 'channels': [], 'avg_rssi': None}, '1b:3e:b1:aa:4e:35': {'first_seen': 1778946445.298127, 'last_seen': 1778946445.301933, 'seen_count': 2, 'channels': [], 'avg_rssi': None}, '36:23:45:f2:2b:4f': {'first_seen': 1778946445.612754, 'last_seen': 1778946445.613678, 'seen_count': 2, 'channels': [], 'avg_rssi': None}, '91:e9:71:75:46:07': {'first_seen': 1778946445.924641, 'last_seen': 1778946445.925827, 'seen_count': 2, 'channels': [], 'avg_rssi': None}, 'bf:64:4d:ef:2e:50': {'first_seen': 1778946446.239533, 'last_seen': 1778946446.240602, 'seen_count': 2, 'channels': [], 'avg_rssi': None}, 'aa:05:89:f1:59:bb': {'first_seen': 1778946446.54901, 'last_seen': 1778946446.550233, 'seen_count': 2, 'channels': [], 'avg_rssi': None}, '3a:84:e2:26:b3:45': {'first_seen': 1778946446.856427, 'last_seen': 1778946446.857621, 'seen_count': 2, 'channels': [], 'avg_rssi': None}, 'f6:85:0a:38:0e:81': {'first_seen': 1778946447.174678, 'last_seen': 1778946447.175765, 'seen_count': 2, 'channels': [], 'avg_rssi': None}, '9a:fa:08:6a:6b:6b': {'first_seen': 1778946447.48355, 'last_seen': 1778946447.48441, 'seen_count': 2, 'channels': [], 'avg_rssi': None}, 'b7:f0:20:ec:e6:5f': {'first_seen': 1778946447.79727, 'last_seen': 1778946447.798418, 'seen_count': 2, 'channels': [], 'avg_rssi': None}, '82:a3:c4:bd:9a:f7': {'first_seen': 1778946448.106586, 'last_seen': 1778946448.107819, 'seen_count': 2, 'channels': [], 'avg_rssi': None}, '47:fd:5e:6f:c3:82': {'first_seen': 1778946448.428279, 'last_seen': 1778946448.429325, 'seen_count': 2, 'channels': [], 'avg_rssi': None}, '12:0a:8f:49:ce:2a': {'first_seen': 1778946448.73935, 'last_seen': 1778946448.740474, 'seen_count': 2, 'channels': [], 'avg_rssi': None}, '8b:f4:53:5a:0d:02': {'first_seen': 1778946449.051005, 'last_seen': 1778946449.051859, 'seen_count': 2, 'channels': [], 'avg_rssi': None}, 'dc:88:55:60:59:6c': {'first_seen': 1778946449.360781, 'last_seen': 1778946449.361883, 'seen_count': 2, 'channels': [], 'avg_rssi': None}, '40:6c:c3:3c:3b:a1': {'first_seen': 1778946449.672752, 'last_seen': 1778946449.673894, 'seen_count': 2, 'channels': [], 'avg_rssi': None}, '60:eb:c6:b5:5f:9c': {'first_seen': 1778946449.988844, 'last_seen': 1778946449.989909, 'seen_count': 2, 'channels': [], 'avg_rssi': None}, 'a2:18:44:77:38:22': {'first_seen': 1778946450.303154, 'last_seen': 1778946450.304309, 'seen_count': 2, 'channels': [], 'avg_rssi': None}, 'b8:cf:ef:6c:c9:86': {'first_seen': 1778946450.621853, 'last_seen': 1778946450.623066, 'seen_count': 2, 'channels': [], 'avg_rssi': None}, 'a1:9a:10:b7:d1:fb': {'first_seen': 1778946450.932941, 'last_seen': 1778946450.934084, 'seen_count': 2, 'channels': [], 'avg_rssi': None}, '23:f1:d7:18:cd:a3': {'first_seen': 1778946451.246819, 'last_seen': 1778946451.247974, 'seen_count': 2, 'channels': [], 'avg_rssi': None}, '8d:5f:16:a8:3b:cd': {'first_seen': 1778946451.558592, 'last_seen': 1778946451.559498, 'seen_count': 2, 'channels': [], 'avg_rssi': None}, 'ee:8b:81:c9:df:9b': {'first_seen': 1778946451.870161, 'last_seen': 1778946451.871388, 'seen_count': 2, 'channels': [], 'avg_rssi': None}, '9b:98:24:36:14:b0': {'first_seen': 1778946452.179452, 'last_seen': 1778946452.1804, 'seen_count': 2, 'channels': [], 'avg_rssi': None}, '8b:cb:2c:5f:da:12': {'first_seen': 1778946452.495214, 'last_seen': 1778946452.496288, 'seen_count': 2, 'channels': [], 'avg_rssi': None}, '24:b7:16:9e:15:48': {'first_seen': 1778946452.807081, 'last_seen': 1778946452.808058, 'seen_count': 2, 'channels': [], 'avg_rssi': None}, '4a:c6:f2:4c:ac:77': {'first_seen': 1778946453.121249, 'last_seen': 1778946453.122195, 'seen_count': 2, 'channels': [], 'avg_rssi': None}, 'a8:e4:03:86:26:ec': {'first_seen': 1778946453.442804, 'last_seen': 1778946453.443837, 'seen_count': 2, 'channels': [], 'avg_rssi': None}, '33:8a:99:a3:f4:4e': {'first_seen': 1778946453.75468, 'last_seen': 1778946453.755729, 'seen_count': 2, 'channels': [], 'avg_rssi': None}, '6d:de:57:f8:0c:ea': {'first_seen': 1778946454.063066, 'last_seen': 1778946454.064117, 'seen_count': 2, 'channels': [], 'avg_rssi': None}, 'a1:ec:5f:c2:e9:8c': {'first_seen': 1778946454.377541, 'last_seen': 1778946454.378665, 'seen_count': 2, 'channels': [], 'avg_rssi': None}, '54:81:11:59:2d:83': {'first_seen': 1778946454.697011, 'last_seen': 1778946454.697909, 'seen_count': 2, 'channels': [], 'avg_rssi': None}, '8c:be:09:16:36:b6': {'first_seen': 1778946455.004026, 'last_seen': 1778946455.005178, 'seen_count': 2, 'channels': [], 'avg_rssi': None}, 'cf:2c:b2:96:21:14': {'first_seen': 1778946455.323238, 'last_seen': 1778946455.323238, 'seen_count': 1, 'channels': [], 'avg_rssi': None}}}
!!!!!!!!!!!!!!!!!!!!!!!!!!!!!!!!!!!!!!!!!!!!!!!!!!!!!!!!!!!!!!!!!!!!!!!!!!!!!!!!


!!!!!!!!!!!!!!!!!!!!!!!!!!!!!!!!!!!!!!!!!!!!!!!!!!!!!!!!!!!!!!!!!!!!!!!!!!!!!!!!
[ALERT] ALERT-000061 | POTENTIAL_EVIL_TWIN
severity: LOW
time: 2026-05-16T15:47:35.333352
message: Wykryto potencjalny Evil Twin / Rogue AP dla SSID 'TestNet_027'. Zaobserwowano 99 różnych BSSID oraz podejrzane różnice parametrów sieci.
evidence: {'ssid': 'TestNet_027', 'bssid_count': 99, 'bssids': ['39:40:e9:bd:58:73', '42:5c:00:b5:b4:1d', '44:d6:af:93:72:2a', '74:2f:15:be:8d:85', 'b5:8a:86:d1:e9:16', 'cf:cc:c7:f3:64:ca', 'c7:59:d5:f0:51:6d', 'cc:ff:34:ef:14:38', 'a9:98:5e:7f:03:d6', '23:a7:90:8a:1f:68', 'c5:cb:4d:af:99:39', '42:cf:d3:1e:21:a3', '5f:d4:40:65:f4:20', '7e:8d:e5:d0:04:c5', '25:6e:d1:85:53:d0', 'a4:80:a4:17:20:94', '09:3f:fd:3d:5a:30', '32:61:77:5a:a3:ea', 'c1:5a:9e:25:09:66', '61:3f:f6:b6:12:5a', '8f:e6:b5:87:1e:f0', '26:82:fe:df:c8:e6', '6b:42:a8:8a:94:df', '6b:be:28:f6:5f:35', '1f:44:45:99:b0:ca', 'bc:1f:51:62:e9:18', 'b8:5d:f2:16:d5:43', '76:fd:44:80:c0:f9', 'c2:ce:cb:c9:01:42', '56:26:c1:91:51:c2', 'fe:36:cb:81:4d:ae', '51:1d:8f:22:85:98', '71:dc:2a:bf:d4:f7', '94:b9:4a:ca:07:1d', 'b5:15:eb:55:21:50', '5a:07:29:b1:a3:9c', '24:b9:f7:59:08:5d', '74:d5:49:74:59:7e', '77:68:38:d2:10:e4', 'ff:83:18:cb:8f:db', 'f4:e4:01:3c:4f:a3', '3c:57:2d:c6:87:2f', '0e:51:f1:a9:6b:6e', 'a8:bf:98:42:e5:e2', '04:43:33:8c:3f:f0', 'f3:4a:b4:e2:9d:00', '93:ec:f1:b5:33:26', '18:31:c5:ef:5d:82', '01:c6:58:1e:af:0f', 'cc:d1:8e:82:f3:0a', '65:cf:f5:01:29:db', 'a2:2f:28:75:9a:34', '7a:49:71:42:39:97', 'c8:62:fa:1c:88:d1', '15:b2:53:16:b4:0a', '9e:02:84:2b:0f:7c', 'a7:77:98:93:0a:09', 'cd:4b:f8:c8:62:87', 'bd:b3:d5:36:20:70', 'fc:cf:55:d5:48:86', '24:ce:ee:0a:c2:b4', '9b:ff:3c:a2:de:1d', '55:91:53:ab:28:77', 'bb:f5:ef:7b:c0:18', '10:7b:e8:cb:93:80', '83:73:ce:7b:76:17', '36:fa:09:a1:68:f7', 'c6:1d:1a:11:84:e1', '23:05:f7:d7:b3:12', '51:56:ab:e6:09:85', 'ac:47:36:e6:68:39', 'fc:6c:82:79:b1:1d', '2f:2d:91:22:a3:df', '5d:31:4f:3f:fd:b3', 'b1:6a:56:cb:97:46', '71:37:b3:8e:a9:1f', '5e:b0:e8:01:5e:3b', '5b:19:40:5e:af:8d', '28:ff:c7:b4:ea:2c', 'a3:4b:ef:1d:76:0a', 'ee:4f:bf:6f:19:20', '26:a8:a5:b2:dc:56', '22:31:d0:2c:c3:d0', '2d:84:3d:e5:7b:ca', '60:fc:fd:3c:c1:cf', '91:c6:da:f7:0f:66', 'b5:34:e6:1b:30:bd', 'c3:7c:60:f1:38:b2', 'cb:14:bc:47:54:b1', 'ba:0a:e2:ec:06:5c', '19:a7:d1:37:38:c8', '43:f6:d3:bb:27:53', 'fc:0c:48:72:0d:44', '07:30:43:70:b0:bd', 'f3:45:a3:19:07:57', '33:f4:53:27:a8:d0', 'e4:d6:9e:2d:75:b1', '71:58:1a:86:75:d1', '68:9f:cc:5f:7f:54'], 'triggered_reasons': ['same_ssid_multiple_bssid'], 'observations': {'39:40:e9:bd:58:73': {'first_seen': 1778946424.74727, 'last_seen': 1778946424.748358, 'seen_count': 2, 'channels': [], 'avg_rssi': None}, '42:5c:00:b5:b4:1d': {'first_seen': 1778946425.065044, 'last_seen': 1778946425.067506, 'seen_count': 2, 'channels': [], 'avg_rssi': None}, '44:d6:af:93:72:2a': {'first_seen': 1778946425.372365, 'last_seen': 1778946425.37513, 'seen_count': 2, 'channels': [], 'avg_rssi': None}, '74:2f:15:be:8d:85': {'first_seen': 1778946425.679306, 'last_seen': 1778946425.682147, 'seen_count': 2, 'channels': [], 'avg_rssi': None}, 'b5:8a:86:d1:e9:16': {'first_seen': 1778946425.985092, 'last_seen': 1778946425.98604, 'seen_count': 2, 'channels': [], 'avg_rssi': None}, 'cf:cc:c7:f3:64:ca': {'first_seen': 1778946426.29827, 'last_seen': 1778946426.299304, 'seen_count': 2, 'channels': [], 'avg_rssi': None}, 'c7:59:d5:f0:51:6d': {'first_seen': 1778946426.605576, 'last_seen': 1778946426.606695, 'seen_count': 2, 'channels': [], 'avg_rssi': None}, 'cc:ff:34:ef:14:38': {'first_seen': 1778946426.913228, 'last_seen': 1778946426.914099, 'seen_count': 2, 'channels': [], 'avg_rssi': None}, 'a9:98:5e:7f:03:d6': {'first_seen': 1778946427.224532, 'last_seen': 1778946427.22648, 'seen_count': 2, 'channels': [], 'avg_rssi': None}, '23:a7:90:8a:1f:68': {'first_seen': 1778946427.534846, 'last_seen': 1778946427.535869, 'seen_count': 2, 'channels': [], 'avg_rssi': None}, 'c5:cb:4d:af:99:39': {'first_seen': 1778946427.843835, 'last_seen': 1778946427.844766, 'seen_count': 2, 'channels': [], 'avg_rssi': None}, '42:cf:d3:1e:21:a3': {'first_seen': 1778946428.152781, 'last_seen': 1778946428.153903, 'seen_count': 2, 'channels': [], 'avg_rssi': None}, '5f:d4:40:65:f4:20': {'first_seen': 1778946428.463456, 'last_seen': 1778946428.464543, 'seen_count': 2, 'channels': [], 'avg_rssi': None}, '7e:8d:e5:d0:04:c5': {'first_seen': 1778946428.772652, 'last_seen': 1778946428.77381, 'seen_count': 2, 'channels': [], 'avg_rssi': None}, '25:6e:d1:85:53:d0': {'first_seen': 1778946429.077286, 'last_seen': 1778946429.078328, 'seen_count': 2, 'channels': [], 'avg_rssi': None}, 'a4:80:a4:17:20:94': {'first_seen': 1778946429.389555, 'last_seen': 1778946429.390473, 'seen_count': 2, 'channels': [], 'avg_rssi': None}, '09:3f:fd:3d:5a:30': {'first_seen': 1778946429.701665, 'last_seen': 1778946429.702731, 'seen_count': 2, 'channels': [], 'avg_rssi': None}, '32:61:77:5a:a3:ea': {'first_seen': 1778946430.010554, 'last_seen': 1778946430.011498, 'seen_count': 2, 'channels': [], 'avg_rssi': None}, 'c1:5a:9e:25:09:66': {'first_seen': 1778946430.32877, 'last_seen': 1778946430.32989, 'seen_count': 2, 'channels': [], 'avg_rssi': None}, '61:3f:f6:b6:12:5a': {'first_seen': 1778946430.640289, 'last_seen': 1778946430.641416, 'seen_count': 2, 'channels': [], 'avg_rssi': None}, '8f:e6:b5:87:1e:f0': {'first_seen': 1778946430.949188, 'last_seen': 1778946430.950297, 'seen_count': 2, 'channels': [], 'avg_rssi': None}, '26:82:fe:df:c8:e6': {'first_seen': 1778946431.26251, 'last_seen': 1778946431.263446, 'seen_count': 2, 'channels': [], 'avg_rssi': None}, '6b:42:a8:8a:94:df': {'first_seen': 1778946431.574268, 'last_seen': 1778946431.575336, 'seen_count': 2, 'channels': [], 'avg_rssi': None}, '6b:be:28:f6:5f:35': {'first_seen': 1778946431.880901, 'last_seen': 1778946431.882095, 'seen_count': 2, 'channels': [], 'avg_rssi': None}, '1f:44:45:99:b0:ca': {'first_seen': 1778946432.185811, 'last_seen': 1778946432.186736, 'seen_count': 2, 'channels': [], 'avg_rssi': None}, 'bc:1f:51:62:e9:18': {'first_seen': 1778946432.490531, 'last_seen': 1778946432.491384, 'seen_count': 2, 'channels': [], 'avg_rssi': None}, 'b8:5d:f2:16:d5:43': {'first_seen': 1778946432.807849, 'last_seen': 1778946432.809024, 'seen_count': 2, 'channels': [], 'avg_rssi': None}, '76:fd:44:80:c0:f9': {'first_seen': 1778946433.114053, 'last_seen': 1778946433.115166, 'seen_count': 2, 'channels': [], 'avg_rssi': None}, 'c2:ce:cb:c9:01:42': {'first_seen': 1778946433.421677, 'last_seen': 1778946433.423175, 'seen_count': 2, 'channels': [], 'avg_rssi': None}, '56:26:c1:91:51:c2': {'first_seen': 1778946433.735616, 'last_seen': 1778946433.736828, 'seen_count': 2, 'channels': [], 'avg_rssi': None}, 'fe:36:cb:81:4d:ae': {'first_seen': 1778946434.044039, 'last_seen': 1778946434.044955, 'seen_count': 2, 'channels': [], 'avg_rssi': None}, '51:1d:8f:22:85:98': {'first_seen': 1778946434.351011, 'last_seen': 1778946434.352221, 'seen_count': 2, 'channels': [], 'avg_rssi': None}, '71:dc:2a:bf:d4:f7': {'first_seen': 1778946434.66164, 'last_seen': 1778946434.662873, 'seen_count': 2, 'channels': [], 'avg_rssi': None}, '94:b9:4a:ca:07:1d': {'first_seen': 1778946434.977035, 'last_seen': 1778946434.977878, 'seen_count': 2, 'channels': [], 'avg_rssi': None}, 'b5:15:eb:55:21:50': {'first_seen': 1778946435.296761, 'last_seen': 1778946435.297775, 'seen_count': 2, 'channels': [], 'avg_rssi': None}, '5a:07:29:b1:a3:9c': {'first_seen': 1778946435.612329, 'last_seen': 1778946435.615162, 'seen_count': 2, 'channels': [], 'avg_rssi': None}, '24:b9:f7:59:08:5d': {'first_seen': 1778946435.918598, 'last_seen': 1778946435.92244, 'seen_count': 2, 'channels': [], 'avg_rssi': None}, '74:d5:49:74:59:7e': {'first_seen': 1778946436.226334, 'last_seen': 1778946436.235068, 'seen_count': 2, 'channels': [], 'avg_rssi': None}, '77:68:38:d2:10:e4': {'first_seen': 1778946436.53866, 'last_seen': 1778946436.539709, 'seen_count': 2, 'channels': [], 'avg_rssi': None}, 'ff:83:18:cb:8f:db': {'first_seen': 1778946436.858695, 'last_seen': 1778946436.8596, 'seen_count': 2, 'channels': [], 'avg_rssi': None}, 'f4:e4:01:3c:4f:a3': {'first_seen': 1778946437.16814, 'last_seen': 1778946437.169371, 'seen_count': 2, 'channels': [], 'avg_rssi': None}, '3c:57:2d:c6:87:2f': {'first_seen': 1778946437.478668, 'last_seen': 1778946437.479759, 'seen_count': 2, 'channels': [], 'avg_rssi': None}, '0e:51:f1:a9:6b:6e': {'first_seen': 1778946437.789243, 'last_seen': 1778946437.790164, 'seen_count': 2, 'channels': [], 'avg_rssi': None}, 'a8:bf:98:42:e5:e2': {'first_seen': 1778946438.095828, 'last_seen': 1778946438.09679, 'seen_count': 2, 'channels': [], 'avg_rssi': None}, '04:43:33:8c:3f:f0': {'first_seen': 1778946438.410286, 'last_seen': 1778946438.411433, 'seen_count': 2, 'channels': [], 'avg_rssi': None}, 'f3:4a:b4:e2:9d:00': {'first_seen': 1778946438.721885, 'last_seen': 1778946438.722956, 'seen_count': 2, 'channels': [], 'avg_rssi': None}, '93:ec:f1:b5:33:26': {'first_seen': 1778946439.036197, 'last_seen': 1778946439.037361, 'seen_count': 2, 'channels': [], 'avg_rssi': None}, '18:31:c5:ef:5d:82': {'first_seen': 1778946439.348023, 'last_seen': 1778946439.349107, 'seen_count': 2, 'channels': [], 'avg_rssi': None}, '01:c6:58:1e:af:0f': {'first_seen': 1778946439.659223, 'last_seen': 1778946439.660122, 'seen_count': 2, 'channels': [], 'avg_rssi': None}, 'cc:d1:8e:82:f3:0a': {'first_seen': 1778946439.974704, 'last_seen': 1778946439.975766, 'seen_count': 2, 'channels': [], 'avg_rssi': None}, '65:cf:f5:01:29:db': {'first_seen': 1778946440.289272, 'last_seen': 1778946440.290417, 'seen_count': 2, 'channels': [], 'avg_rssi': None}, 'a2:2f:28:75:9a:34': {'first_seen': 1778946440.604873, 'last_seen': 1778946440.60817, 'seen_count': 2, 'channels': [], 'avg_rssi': None}, '7a:49:71:42:39:97': {'first_seen': 1778946440.913075, 'last_seen': 1778946440.914062, 'seen_count': 2, 'channels': [], 'avg_rssi': None}, 'c8:62:fa:1c:88:d1': {'first_seen': 1778946441.225544, 'last_seen': 1778946441.226712, 'seen_count': 2, 'channels': [], 'avg_rssi': None}, '15:b2:53:16:b4:0a': {'first_seen': 1778946441.541545, 'last_seen': 1778946441.542606, 'seen_count': 2, 'channels': [], 'avg_rssi': None}, '9e:02:84:2b:0f:7c': {'first_seen': 1778946441.858316, 'last_seen': 1778946441.861861, 'seen_count': 2, 'channels': [], 'avg_rssi': None}, 'a7:77:98:93:0a:09': {'first_seen': 1778946442.170258, 'last_seen': 1778946442.171127, 'seen_count': 2, 'channels': [], 'avg_rssi': None}, 'cd:4b:f8:c8:62:87': {'first_seen': 1778946442.484844, 'last_seen': 1778946442.486018, 'seen_count': 2, 'channels': [], 'avg_rssi': None}, 'bd:b3:d5:36:20:70': {'first_seen': 1778946442.796051, 'last_seen': 1778946442.797535, 'seen_count': 2, 'channels': [], 'avg_rssi': None}, 'fc:cf:55:d5:48:86': {'first_seen': 1778946443.114863, 'last_seen': 1778946443.116055, 'seen_count': 2, 'channels': [], 'avg_rssi': None}, '24:ce:ee:0a:c2:b4': {'first_seen': 1778946443.429323, 'last_seen': 1778946443.430195, 'seen_count': 2, 'channels': [], 'avg_rssi': None}, '9b:ff:3c:a2:de:1d': {'first_seen': 1778946443.741141, 'last_seen': 1778946443.742091, 'seen_count': 2, 'channels': [], 'avg_rssi': None}, '55:91:53:ab:28:77': {'first_seen': 1778946444.048829, 'last_seen': 1778946444.049724, 'seen_count': 2, 'channels': [], 'avg_rssi': None}, 'bb:f5:ef:7b:c0:18': {'first_seen': 1778946444.374856, 'last_seen': 1778946444.375991, 'seen_count': 2, 'channels': [], 'avg_rssi': None}, '10:7b:e8:cb:93:80': {'first_seen': 1778946444.687811, 'last_seen': 1778946444.688637, 'seen_count': 2, 'channels': [], 'avg_rssi': None}, '83:73:ce:7b:76:17': {'first_seen': 1778946444.996191, 'last_seen': 1778946444.997286, 'seen_count': 2, 'channels': [], 'avg_rssi': None}, '36:fa:09:a1:68:f7': {'first_seen': 1778946445.308531, 'last_seen': 1778946445.309678, 'seen_count': 2, 'channels': [], 'avg_rssi': None}, 'c6:1d:1a:11:84:e1': {'first_seen': 1778946445.622848, 'last_seen': 1778946445.623681, 'seen_count': 2, 'channels': [], 'avg_rssi': None}, '23:05:f7:d7:b3:12': {'first_seen': 1778946445.934684, 'last_seen': 1778946445.935574, 'seen_count': 2, 'channels': [], 'avg_rssi': None}, '51:56:ab:e6:09:85': {'first_seen': 1778946446.249639, 'last_seen': 1778946446.250596, 'seen_count': 2, 'channels': [], 'avg_rssi': None}, 'ac:47:36:e6:68:39': {'first_seen': 1778946446.559103, 'last_seen': 1778946446.559981, 'seen_count': 2, 'channels': [], 'avg_rssi': None}, 'fc:6c:82:79:b1:1d': {'first_seen': 1778946446.867002, 'last_seen': 1778946446.868116, 'seen_count': 2, 'channels': [], 'avg_rssi': None}, '2f:2d:91:22:a3:df': {'first_seen': 1778946447.18478, 'last_seen': 1778946447.186887, 'seen_count': 2, 'channels': [], 'avg_rssi': None}, '5d:31:4f:3f:fd:b3': {'first_seen': 1778946447.49469, 'last_seen': 1778946447.495675, 'seen_count': 2, 'channels': [], 'avg_rssi': None}, 'b1:6a:56:cb:97:46': {'first_seen': 1778946447.808614, 'last_seen': 1778946447.809545, 'seen_count': 2, 'channels': [], 'avg_rssi': None}, '71:37:b3:8e:a9:1f': {'first_seen': 1778946448.116762, 'last_seen': 1778946448.117945, 'seen_count': 2, 'channels': [], 'avg_rssi': None}, '5e:b0:e8:01:5e:3b': {'first_seen': 1778946448.438373, 'last_seen': 1778946448.439327, 'seen_count': 2, 'channels': [], 'avg_rssi': None}, '5b:19:40:5e:af:8d': {'first_seen': 1778946448.751113, 'last_seen': 1778946448.752234, 'seen_count': 2, 'channels': [], 'avg_rssi': None}, '28:ff:c7:b4:ea:2c': {'first_seen': 1778946449.061097, 'last_seen': 1778946449.062237, 'seen_count': 2, 'channels': [], 'avg_rssi': None}, 'a3:4b:ef:1d:76:0a': {'first_seen': 1778946449.371061, 'last_seen': 1778946449.371999, 'seen_count': 2, 'channels': [], 'avg_rssi': None}, 'ee:4f:bf:6f:19:20': {'first_seen': 1778946449.682843, 'last_seen': 1778946449.684265, 'seen_count': 2, 'channels': [], 'avg_rssi': None}, '26:a8:a5:b2:dc:56': {'first_seen': 1778946449.998975, 'last_seen': 1778946450.000034, 'seen_count': 2, 'channels': [], 'avg_rssi': None}, '22:31:d0:2c:c3:d0': {'first_seen': 1778946450.313272, 'last_seen': 1778946450.314809, 'seen_count': 2, 'channels': [], 'avg_rssi': None}, '2d:84:3d:e5:7b:ca': {'first_seen': 1778946450.631986, 'last_seen': 1778946450.633325, 'seen_count': 2, 'channels': [], 'avg_rssi': None}, '60:fc:fd:3c:c1:cf': {'first_seen': 1778946450.944156, 'last_seen': 1778946450.945083, 'seen_count': 2, 'channels': [], 'avg_rssi': None}, '91:c6:da:f7:0f:66': {'first_seen': 1778946451.256916, 'last_seen': 1778946451.257848, 'seen_count': 2, 'channels': [], 'avg_rssi': None}, 'b5:34:e6:1b:30:bd': {'first_seen': 1778946451.571378, 'last_seen': 1778946451.572495, 'seen_count': 2, 'channels': [], 'avg_rssi': None}, 'c3:7c:60:f1:38:b2': {'first_seen': 1778946451.880263, 'last_seen': 1778946451.881258, 'seen_count': 2, 'channels': [], 'avg_rssi': None}, 'cb:14:bc:47:54:b1': {'first_seen': 1778946452.189564, 'last_seen': 1778946452.190779, 'seen_count': 2, 'channels': [], 'avg_rssi': None}, 'ba:0a:e2:ec:06:5c': {'first_seen': 1778946452.505325, 'last_seen': 1778946452.506414, 'seen_count': 2, 'channels': [], 'avg_rssi': None}, '19:a7:d1:37:38:c8': {'first_seen': 1778946452.818689, 'last_seen': 1778946452.819803, 'seen_count': 2, 'channels': [], 'avg_rssi': None}, '43:f6:d3:bb:27:53': {'first_seen': 1778946453.134104, 'last_seen': 1778946453.135196, 'seen_count': 2, 'channels': [], 'avg_rssi': None}, 'fc:0c:48:72:0d:44': {'first_seen': 1778946453.452899, 'last_seen': 1778946453.453963, 'seen_count': 2, 'channels': [], 'avg_rssi': None}, '07:30:43:70:b0:bd': {'first_seen': 1778946453.764772, 'last_seen': 1778946453.76598, 'seen_count': 2, 'channels': [], 'avg_rssi': None}, 'f3:45:a3:19:07:57': {'first_seen': 1778946454.074323, 'last_seen': 1778946454.075245, 'seen_count': 2, 'channels': [], 'avg_rssi': None}, '33:f4:53:27:a8:d0': {'first_seen': 1778946454.387654, 'last_seen': 1778946454.388762, 'seen_count': 2, 'channels': [], 'avg_rssi': None}, 'e4:d6:9e:2d:75:b1': {'first_seen': 1778946454.707104, 'last_seen': 1778946454.708288, 'seen_count': 2, 'channels': [], 'avg_rssi': None}, '71:58:1a:86:75:d1': {'first_seen': 1778946455.017902, 'last_seen': 1778946455.019049, 'seen_count': 2, 'channels': [], 'avg_rssi': None}, '68:9f:cc:5f:7f:54': {'first_seen': 1778946455.333352, 'last_seen': 1778946455.333352, 'seen_count': 1, 'channels': [], 'avg_rssi': None}}}
!!!!!!!!!!!!!!!!!!!!!!!!!!!!!!!!!!!!!!!!!!!!!!!!!!!!!!!!!!!!!!!!!!!!!!!!!!!!!!!!


!!!!!!!!!!!!!!!!!!!!!!!!!!!!!!!!!!!!!!!!!!!!!!!!!!!!!!!!!!!!!!!!!!!!!!!!!!!!!!!!
[ALERT] ALERT-000062 | POTENTIAL_EVIL_TWIN
severity: LOW
time: 2026-05-16T15:47:35.343400
message: Wykryto potencjalny Evil Twin / Rogue AP dla SSID 'TestNet_028'. Zaobserwowano 99 różnych BSSID oraz podejrzane różnice parametrów sieci.
evidence: {'ssid': 'TestNet_028', 'bssid_count': 99, 'bssids': ['ef:8c:eb:bb:e5:78', '08:12:54:1a:f0:9c', 'f5:c1:c7:6f:fc:4c', '6c:e5:41:72:57:6f', '87:87:69:86:5f:5b', '20:4f:9f:d0:bb:7e', 'b7:ef:1f:c0:58:97', '7f:5e:f0:aa:3f:8c', '7f:1c:f1:7f:db:ef', '7f:94:3b:70:06:6e', '67:e6:52:7c:29:33', '37:87:f6:b6:01:4b', 'a1:5f:61:ed:bf:3a', 'ea:3f:4e:0a:e7:6b', 'a8:a4:23:97:7a:64', '22:c7:cf:52:f3:76', '93:b7:06:70:78:8d', '89:5c:87:72:09:c9', '11:f0:39:7a:72:a4', '52:64:5f:0b:8b:d9', '2e:f6:e5:fb:14:16', 'd1:7b:16:85:0e:26', '12:02:6b:b8:e8:76', '54:bf:61:71:e6:6c', 'cb:88:cf:1e:6e:a9', 'b4:ff:37:ef:3f:5f', 'f1:92:26:99:4f:37', '7a:42:ed:ce:47:c1', 'fd:1b:68:8d:3f:d1', '1d:51:0d:b0:a9:35', 'ca:96:db:a1:46:71', 'fc:b5:4e:7f:c8:28', '88:be:03:a5:b2:02', '73:a0:31:bb:19:4f', 'b9:a2:5a:73:70:4c', '6e:aa:03:fe:b5:38', '0c:89:55:aa:54:a8', 'df:ed:fb:b1:f9:10', 'a6:98:0f:c5:44:de', '35:37:a6:85:65:e0', '22:ba:83:b8:6d:7b', '62:3c:d6:7a:78:01', 'ab:5d:5e:b1:1f:45', '56:e0:4c:31:93:cc', '4c:47:5e:76:67:6d', '6b:8a:9b:d6:1f:0d', '03:18:86:89:3f:53', '54:bf:6e:c2:59:f5', 'b2:98:c8:71:b9:47', 'c2:8e:2a:13:80:b0', '8f:b8:28:43:94:a7', '1c:fe:09:17:6f:1d', 'cb:93:b6:66:99:75', 'be:af:c2:2e:1a:48', 'c1:4e:41:2c:0b:6a', 'f3:da:f1:5e:b6:53', '63:29:44:5b:3b:84', 'bb:d9:b4:90:f5:48', '8d:5f:38:68:ec:b3', 'ce:b1:37:ab:f6:a1', 'c3:87:e3:5e:9b:ee', 'fd:22:01:df:c8:b3', '7f:9f:34:8a:3b:a6', 'e7:c7:94:3d:14:96', '51:55:03:8c:4c:fb', 'bb:fc:ef:f2:70:43', '0c:3b:dd:e1:04:9b', 'f9:b2:ba:42:00:ab', '06:05:45:bc:40:a1', 'db:77:6f:ee:3f:76', 'ec:66:46:9b:d8:9b', '03:ca:50:63:9b:ea', 'd6:93:2b:65:50:47', 'b4:b2:d7:ef:34:ea', '57:c6:57:cd:43:4b', 'f8:b5:26:fe:cf:aa', '6e:e8:b4:a6:5c:a0', '0b:34:bd:d6:04:13', 'b0:1e:75:2e:57:39', '01:94:f0:6f:69:c9', 'd5:fb:84:af:c2:f1', '18:35:19:93:bb:c9', 'ac:a3:42:0a:36:3f', '96:b0:50:00:fe:87', '37:a4:c6:d9:c9:3c', '49:ca:f0:41:f7:c1', '2a:db:7a:a6:1d:96', '16:61:fc:53:d9:54', '22:63:1d:1b:1b:96', '16:f5:6c:c1:09:e7', '52:67:05:8d:17:19', '0f:84:16:41:3e:97', '77:25:1b:75:75:89', '18:70:2a:2b:93:82', '6b:73:18:cb:ec:80', '5d:0e:c2:61:06:46', '81:f9:08:82:a3:95', 'f6:70:3d:9d:28:8f', '2e:08:3b:e9:18:d9'], 'triggered_reasons': ['same_ssid_multiple_bssid'], 'observations': {'ef:8c:eb:bb:e5:78': {'first_seen': 1778946424.757966, 'last_seen': 1778946424.760347, 'seen_count': 2, 'channels': [], 'avg_rssi': None}, '08:12:54:1a:f0:9c': {'first_seen': 1778946425.075133, 'last_seen': 1778946425.076239, 'seen_count': 2, 'channels': [], 'avg_rssi': None}, 'f5:c1:c7:6f:fc:4c': {'first_seen': 1778946425.38246, 'last_seen': 1778946425.385266, 'seen_count': 2, 'channels': [], 'avg_rssi': None}, '6c:e5:41:72:57:6f': {'first_seen': 1778946425.6894, 'last_seen': 1778946425.690274, 'seen_count': 2, 'channels': [], 'avg_rssi': None}, '87:87:69:86:5f:5b': {'first_seen': 1778946425.995187, 'last_seen': 1778946425.996038, 'seen_count': 2, 'channels': [], 'avg_rssi': None}, '20:4f:9f:d0:bb:7e': {'first_seen': 1778946426.308364, 'last_seen': 1778946426.309305, 'seen_count': 2, 'channels': [], 'avg_rssi': None}, 'b7:ef:1f:c0:58:97': {'first_seen': 1778946426.615711, 'last_seen': 1778946426.617325, 'seen_count': 2, 'channels': [], 'avg_rssi': None}, '7f:5e:f0:aa:3f:8c': {'first_seen': 1778946426.923333, 'last_seen': 1778946426.924338, 'seen_count': 2, 'channels': [], 'avg_rssi': None}, '7f:1c:f1:7f:db:ef': {'first_seen': 1778946427.236842, 'last_seen': 1778946427.237982, 'seen_count': 2, 'channels': [], 'avg_rssi': None}, '7f:94:3b:70:06:6e': {'first_seen': 1778946427.544952, 'last_seen': 1778946427.545877, 'seen_count': 2, 'channels': [], 'avg_rssi': None}, '67:e6:52:7c:29:33': {'first_seen': 1778946427.853939, 'last_seen': 1778946427.855018, 'seen_count': 2, 'channels': [], 'avg_rssi': None}, '37:87:f6:b6:01:4b': {'first_seen': 1778946428.162896, 'last_seen': 1778946428.163785, 'seen_count': 2, 'channels': [], 'avg_rssi': None}, 'a1:5f:61:ed:bf:3a': {'first_seen': 1778946428.474699, 'last_seen': 1778946428.475669, 'seen_count': 2, 'channels': [], 'avg_rssi': None}, 'ea:3f:4e:0a:e7:6b': {'first_seen': 1778946428.782777, 'last_seen': 1778946428.783684, 'seen_count': 2, 'channels': [], 'avg_rssi': None}, 'a8:a4:23:97:7a:64': {'first_seen': 1778946429.087838, 'last_seen': 1778946429.08895, 'seen_count': 2, 'channels': [], 'avg_rssi': None}, '22:c7:cf:52:f3:76': {'first_seen': 1778946429.399678, 'last_seen': 1778946429.400598, 'seen_count': 2, 'channels': [], 'avg_rssi': None}, '93:b7:06:70:78:8d': {'first_seen': 1778946429.711795, 'last_seen': 1778946429.712733, 'seen_count': 2, 'channels': [], 'avg_rssi': None}, '89:5c:87:72:09:c9': {'first_seen': 1778946430.02278, 'last_seen': 1778946430.023871, 'seen_count': 2, 'channels': [], 'avg_rssi': None}, '11:f0:39:7a:72:a4': {'first_seen': 1778946430.338903, 'last_seen': 1778946430.34015, 'seen_count': 2, 'channels': [], 'avg_rssi': None}, '52:64:5f:0b:8b:d9': {'first_seen': 1778946430.650394, 'last_seen': 1778946430.651281, 'seen_count': 2, 'channels': [], 'avg_rssi': None}, '2e:f6:e5:fb:14:16': {'first_seen': 1778946430.959291, 'last_seen': 1778946430.960422, 'seen_count': 2, 'channels': [], 'avg_rssi': None}, 'd1:7b:16:85:0e:26': {'first_seen': 1778946431.272586, 'last_seen': 1778946431.273688, 'seen_count': 2, 'channels': [], 'avg_rssi': None}, '12:02:6b:b8:e8:76': {'first_seen': 1778946431.584383, 'last_seen': 1778946431.585463, 'seen_count': 2, 'channels': [], 'avg_rssi': None}, '54:bf:61:71:e6:6c': {'first_seen': 1778946431.89198, 'last_seen': 1778946431.895111, 'seen_count': 2, 'channels': [], 'avg_rssi': None}, 'cb:88:cf:1e:6e:a9': {'first_seen': 1778946432.196164, 'last_seen': 1778946432.197111, 'seen_count': 2, 'channels': [], 'avg_rssi': None}, 'b4:ff:37:ef:3f:5f': {'first_seen': 1778946432.500649, 'last_seen': 1778946432.501627, 'seen_count': 2, 'channels': [], 'avg_rssi': None}, 'f1:92:26:99:4f:37': {'first_seen': 1778946432.817949, 'last_seen': 1778946432.818899, 'seen_count': 2, 'channels': [], 'avg_rssi': None}, '7a:42:ed:ce:47:c1': {'first_seen': 1778946433.124155, 'last_seen': 1778946433.125049, 'seen_count': 2, 'channels': [], 'avg_rssi': None}, 'fd:1b:68:8d:3f:d1': {'first_seen': 1778946433.431795, 'last_seen': 1778946433.435556, 'seen_count': 2, 'channels': [], 'avg_rssi': None}, '1d:51:0d:b0:a9:35': {'first_seen': 1778946433.746669, 'last_seen': 1778946433.747691, 'seen_count': 2, 'channels': [], 'avg_rssi': None}, 'ca:96:db:a1:46:71': {'first_seen': 1778946434.054133, 'last_seen': 1778946434.054957, 'seen_count': 2, 'channels': [], 'avg_rssi': None}, 'fc:b5:4e:7f:c8:28': {'first_seen': 1778946434.361385, 'last_seen': 1778946434.362223, 'seen_count': 2, 'channels': [], 'avg_rssi': None}, '88:be:03:a5:b2:02': {'first_seen': 1778946434.671759, 'last_seen': 1778946434.672877, 'seen_count': 2, 'channels': [], 'avg_rssi': None}, '73:a0:31:bb:19:4f': {'first_seen': 1778946434.987146, 'last_seen': 1778946434.98813, 'seen_count': 2, 'channels': [], 'avg_rssi': None}, 'b9:a2:5a:73:70:4c': {'first_seen': 1778946435.306862, 'last_seen': 1778946435.307896, 'seen_count': 2, 'channels': [], 'avg_rssi': None}, '6e:aa:03:fe:b5:38': {'first_seen': 1778946435.622424, 'last_seen': 1778946435.623538, 'seen_count': 2, 'channels': [], 'avg_rssi': None}, '0c:89:55:aa:54:a8': {'first_seen': 1778946435.928696, 'last_seen': 1778946435.929563, 'seen_count': 2, 'channels': [], 'avg_rssi': None}, 'df:ed:fb:b1:f9:10': {'first_seen': 1778946436.236434, 'last_seen': 1778946436.237443, 'seen_count': 2, 'channels': [], 'avg_rssi': None}, 'a6:98:0f:c5:44:de': {'first_seen': 1778946436.548759, 'last_seen': 1778946436.549962, 'seen_count': 2, 'channels': [], 'avg_rssi': None}, '35:37:a6:85:65:e0': {'first_seen': 1778946436.868814, 'last_seen': 1778946436.869979, 'seen_count': 2, 'channels': [], 'avg_rssi': None}, '22:ba:83:b8:6d:7b': {'first_seen': 1778946437.179102, 'last_seen': 1778946437.180267, 'seen_count': 2, 'channels': [], 'avg_rssi': None}, '62:3c:d6:7a:78:01': {'first_seen': 1778946437.488777, 'last_seen': 1778946437.490017, 'seen_count': 2, 'channels': [], 'avg_rssi': None}, 'ab:5d:5e:b1:1f:45': {'first_seen': 1778946437.799414, 'last_seen': 1778946437.800274, 'seen_count': 2, 'channels': [], 'avg_rssi': None}, '56:e0:4c:31:93:cc': {'first_seen': 1778946438.105927, 'last_seen': 1778946438.106791, 'seen_count': 2, 'channels': [], 'avg_rssi': None}, '4c:47:5e:76:67:6d': {'first_seen': 1778946438.420387, 'last_seen': 1778946438.421309, 'seen_count': 2, 'channels': [], 'avg_rssi': None}, '6b:8a:9b:d6:1f:0d': {'first_seen': 1778946438.73202, 'last_seen': 1778946438.733075, 'seen_count': 2, 'channels': [], 'avg_rssi': None}, '03:18:86:89:3f:53': {'first_seen': 1778946439.046355, 'last_seen': 1778946439.047467, 'seen_count': 2, 'channels': [], 'avg_rssi': None}, '54:bf:6e:c2:59:f5': {'first_seen': 1778946439.358164, 'last_seen': 1778946439.35949, 'seen_count': 2, 'channels': [], 'avg_rssi': None}, 'b2:98:c8:71:b9:47': {'first_seen': 1778946439.669323, 'last_seen': 1778946439.670375, 'seen_count': 2, 'channels': [], 'avg_rssi': None}, 'c2:8e:2a:13:80:b0': {'first_seen': 1778946439.984799, 'last_seen': 1778946439.986015, 'seen_count': 2, 'channels': [], 'avg_rssi': None}, '8f:b8:28:43:94:a7': {'first_seen': 1778946440.300561, 'last_seen': 1778946440.301779, 'seen_count': 2, 'channels': [], 'avg_rssi': None}, '1c:fe:09:17:6f:1d': {'first_seen': 1778946440.61496, 'last_seen': 1778946440.618546, 'seen_count': 2, 'channels': [], 'avg_rssi': None}, 'cb:93:b6:66:99:75': {'first_seen': 1778946440.923198, 'last_seen': 1778946440.92407, 'seen_count': 2, 'channels': [], 'avg_rssi': None}, 'be:af:c2:2e:1a:48': {'first_seen': 1778946441.235655, 'last_seen': 1778946441.236839, 'seen_count': 2, 'channels': [], 'avg_rssi': None}, 'c1:4e:41:2c:0b:6a': {'first_seen': 1778946441.552373, 'last_seen': 1778946441.554717, 'seen_count': 2, 'channels': [], 'avg_rssi': None}, 'f3:da:f1:5e:b6:53': {'first_seen': 1778946441.868415, 'last_seen': 1778946441.869615, 'seen_count': 2, 'channels': [], 'avg_rssi': None}, '63:29:44:5b:3b:84': {'first_seen': 1778946442.180356, 'last_seen': 1778946442.181252, 'seen_count': 2, 'channels': [], 'avg_rssi': None}, 'bb:d9:b4:90:f5:48': {'first_seen': 1778946442.494937, 'last_seen': 1778946442.495768, 'seen_count': 2, 'channels': [], 'avg_rssi': None}, '8d:5f:38:68:ec:b3': {'first_seen': 1778946442.806553, 'last_seen': 1778946442.80791, 'seen_count': 2, 'channels': [], 'avg_rssi': None}, 'ce:b1:37:ab:f6:a1': {'first_seen': 1778946443.124966, 'last_seen': 1778946443.126052, 'seen_count': 2, 'channels': [], 'avg_rssi': None}, 'c3:87:e3:5e:9b:ee': {'first_seen': 1778946443.440311, 'last_seen': 1778946443.441445, 'seen_count': 2, 'channels': [], 'avg_rssi': None}, 'fd:22:01:df:c8:b3': {'first_seen': 1778946443.751236, 'last_seen': 1778946443.752461, 'seen_count': 2, 'channels': [], 'avg_rssi': None}, '7f:9f:34:8a:3b:a6': {'first_seen': 1778946444.058943, 'last_seen': 1778946444.059977, 'seen_count': 2, 'channels': [], 'avg_rssi': None}, 'e7:c7:94:3d:14:96': {'first_seen': 1778946444.384968, 'last_seen': 1778946444.385994, 'seen_count': 2, 'channels': [], 'avg_rssi': None}, '51:55:03:8c:4c:fb': {'first_seen': 1778946444.697904, 'last_seen': 1778946444.699026, 'seen_count': 2, 'channels': [], 'avg_rssi': None}, 'bb:fc:ef:f2:70:43': {'first_seen': 1778946445.006316, 'last_seen': 1778946445.007161, 'seen_count': 2, 'channels': [], 'avg_rssi': None}, '0c:3b:dd:e1:04:9b': {'first_seen': 1778946445.31872, 'last_seen': 1778946445.31955, 'seen_count': 2, 'channels': [], 'avg_rssi': None}, 'f9:b2:ba:42:00:ab': {'first_seen': 1778946445.632941, 'last_seen': 1778946445.634057, 'seen_count': 2, 'channels': [], 'avg_rssi': None}, '06:05:45:bc:40:a1': {'first_seen': 1778946445.945031, 'last_seen': 1778946445.946074, 'seen_count': 2, 'channels': [], 'avg_rssi': None}, 'db:77:6f:ee:3f:76': {'first_seen': 1778946446.259754, 'last_seen': 1778946446.260972, 'seen_count': 2, 'channels': [], 'avg_rssi': None}, 'ec:66:46:9b:d8:9b': {'first_seen': 1778946446.569205, 'last_seen': 1778946446.572729, 'seen_count': 2, 'channels': [], 'avg_rssi': None}, '03:ca:50:63:9b:ea': {'first_seen': 1778946446.878668, 'last_seen': 1778946446.879617, 'seen_count': 2, 'channels': [], 'avg_rssi': None}, 'd6:93:2b:65:50:47': {'first_seen': 1778946447.194872, 'last_seen': 1778946447.195891, 'seen_count': 2, 'channels': [], 'avg_rssi': None}, 'b4:b2:d7:ef:34:ea': {'first_seen': 1778946447.504783, 'last_seen': 1778946447.50578, 'seen_count': 2, 'channels': [], 'avg_rssi': None}, '57:c6:57:cd:43:4b': {'first_seen': 1778946447.818753, 'last_seen': 1778946447.819679, 'seen_count': 2, 'channels': [], 'avg_rssi': None}, 'f8:b5:26:fe:cf:aa': {'first_seen': 1778946448.128325, 'last_seen': 1778946448.129315, 'seen_count': 2, 'channels': [], 'avg_rssi': None}, '6e:e8:b4:a6:5c:a0': {'first_seen': 1778946448.448503, 'last_seen': 1778946448.45146, 'seen_count': 2, 'channels': [], 'avg_rssi': None}, '0b:34:bd:d6:04:13': {'first_seen': 1778946448.761288, 'last_seen': 1778946448.762357, 'seen_count': 2, 'channels': [], 'avg_rssi': None}, 'b0:1e:75:2e:57:39': {'first_seen': 1778946449.071199, 'last_seen': 1778946449.072236, 'seen_count': 2, 'channels': [], 'avg_rssi': None}, '01:94:f0:6f:69:c9': {'first_seen': 1778946449.3812, 'last_seen': 1778946449.382127, 'seen_count': 2, 'channels': [], 'avg_rssi': None}, 'd5:fb:84:af:c2:f1': {'first_seen': 1778946449.692943, 'last_seen': 1778946449.693892, 'seen_count': 2, 'channels': [], 'avg_rssi': None}, '18:35:19:93:bb:c9': {'first_seen': 1778946450.009635, 'last_seen': 1778946450.010784, 'seen_count': 2, 'channels': [], 'avg_rssi': None}, 'ac:a3:42:0a:36:3f': {'first_seen': 1778946450.32338, 'last_seen': 1778946450.3243, 'seen_count': 2, 'channels': [], 'avg_rssi': None}, '96:b0:50:00:fe:87': {'first_seen': 1778946450.642471, 'last_seen': 1778946450.643566, 'seen_count': 2, 'channels': [], 'avg_rssi': None}, '37:a4:c6:d9:c9:3c': {'first_seen': 1778946450.954262, 'last_seen': 1778946450.955208, 'seen_count': 2, 'channels': [], 'avg_rssi': None}, '49:ca:f0:41:f7:c1': {'first_seen': 1778946451.267017, 'last_seen': 1778946451.267974, 'seen_count': 2, 'channels': [], 'avg_rssi': None}, '2a:db:7a:a6:1d:96': {'first_seen': 1778946451.581536, 'last_seen': 1778946451.58251, 'seen_count': 2, 'channels': [], 'avg_rssi': None}, '16:61:fc:53:d9:54': {'first_seen': 1778946451.890435, 'last_seen': 1778946451.891389, 'seen_count': 2, 'channels': [], 'avg_rssi': None}, '22:63:1d:1b:1b:96': {'first_seen': 1778946452.202279, 'last_seen': 1778946452.204647, 'seen_count': 2, 'channels': [], 'avg_rssi': None}, '16:f5:6c:c1:09:e7': {'first_seen': 1778946452.515596, 'last_seen': 1778946452.516664, 'seen_count': 2, 'channels': [], 'avg_rssi': None}, '52:67:05:8d:17:19': {'first_seen': 1778946452.828784, 'last_seen': 1778946452.829929, 'seen_count': 2, 'channels': [], 'avg_rssi': None}, '0f:84:16:41:3e:97': {'first_seen': 1778946453.144263, 'last_seen': 1778946453.145333, 'seen_count': 2, 'channels': [], 'avg_rssi': None}, '77:25:1b:75:75:89': {'first_seen': 1778946453.463029, 'last_seen': 1778946453.463972, 'seen_count': 2, 'channels': [], 'avg_rssi': None}, '18:70:2a:2b:93:82': {'first_seen': 1778946453.775409, 'last_seen': 1778946453.776602, 'seen_count': 2, 'channels': [], 'avg_rssi': None}, '6b:73:18:cb:ec:80': {'first_seen': 1778946454.084419, 'last_seen': 1778946454.085618, 'seen_count': 2, 'channels': [], 'avg_rssi': None}, '5d:0e:c2:61:06:46': {'first_seen': 1778946454.39776, 'last_seen': 1778946454.398896, 'seen_count': 2, 'channels': [], 'avg_rssi': None}, '81:f9:08:82:a3:95': {'first_seen': 1778946454.71724, 'last_seen': 1778946454.718286, 'seen_count': 2, 'channels': [], 'avg_rssi': None}, 'f6:70:3d:9d:28:8f': {'first_seen': 1778946455.029394, 'last_seen': 1778946455.030422, 'seen_count': 2, 'channels': [], 'avg_rssi': None}, '2e:08:3b:e9:18:d9': {'first_seen': 1778946455.3434, 'last_seen': 1778946455.3434, 'seen_count': 1, 'channels': [], 'avg_rssi': None}}}
!!!!!!!!!!!!!!!!!!!!!!!!!!!!!!!!!!!!!!!!!!!!!!!!!!!!!!!!!!!!!!!!!!!!!!!!!!!!!!!!


!!!!!!!!!!!!!!!!!!!!!!!!!!!!!!!!!!!!!!!!!!!!!!!!!!!!!!!!!!!!!!!!!!!!!!!!!!!!!!!!
[ALERT] ALERT-000063 | POTENTIAL_EVIL_TWIN
severity: LOW
time: 2026-05-16T15:47:35.353495
message: Wykryto potencjalny Evil Twin / Rogue AP dla SSID 'TestNet_029'. Zaobserwowano 99 różnych BSSID oraz podejrzane różnice parametrów sieci.
evidence: {'ssid': 'TestNet_029', 'bssid_count': 99, 'bssids': ['fb:d7:89:8c:c7:6d', '52:25:1e:e7:1d:38', '68:d9:05:bf:e1:fa', '4d:0d:d4:47:08:d7', '8e:89:c4:39:6c:cc', '75:01:7a:9d:cd:89', 'c7:9f:9f:2f:f5:b5', 'f5:00:f1:87:89:04', 'a9:9b:60:fd:58:a3', '92:db:d7:d0:b1:e1', 'e8:db:1e:02:a9:1d', '4f:91:7a:8e:a8:6a', '16:ed:22:65:55:d3', '49:ce:77:95:48:21', '78:ef:21:2a:da:ea', 'd3:17:6b:0e:5a:97', '2a:94:f0:8a:1b:48', '9c:fd:a8:74:62:9f', '1b:3e:dc:33:ff:d5', '3f:fd:1a:e8:d8:1c', 'ba:37:07:1d:38:75', 'f7:97:48:e2:89:dd', '19:f7:1b:fc:b2:78', '11:ba:62:a5:f0:db', '30:0f:0e:aa:22:23', '94:26:5a:8e:ec:7f', '6d:80:34:41:5f:f7', 'b4:5b:72:fe:f3:11', '70:b9:af:ab:25:7c', '4e:fb:7d:d2:cc:87', '6e:eb:b0:46:7b:02', '14:03:71:3a:b2:1e', '02:85:19:d9:1b:1f', '5d:31:99:d6:ec:f7', '4a:f0:8a:0f:4e:82', '6c:5b:60:9f:f6:40', '8e:d4:6e:2e:2e:37', 'c2:9a:74:e4:eb:79', '13:75:5f:84:3b:c6', 'c9:4a:36:30:eb:aa', '57:e0:63:fe:ac:8a', '4d:d5:ef:64:a0:4e', '8a:c7:50:7b:f7:b7', 'fa:71:9b:1e:69:b9', 'ed:11:e0:92:bc:19', '37:4c:1f:be:4b:19', '6e:7c:a6:02:cd:8f', 'ea:15:6a:eb:2b:a9', 'ce:f7:f2:9e:d0:17', 'a2:9e:bd:77:5f:89', '79:e2:02:ed:f7:bf', '7d:66:79:fd:40:97', '27:01:1f:e4:ba:44', '40:ec:37:0c:12:5e', 'a1:c4:98:8b:2c:a4', 'd6:98:53:a8:a1:44', 'e3:2e:2d:49:84:bb', '76:19:ce:52:f1:85', 'c3:39:5f:46:c4:77', '29:ad:4e:38:22:70', '93:a2:bf:25:9b:b8', '20:46:5b:aa:1f:73', '83:60:e6:f7:9d:0c', 'f3:68:e1:a2:f3:2d', '30:6b:bf:29:5f:fe', '78:2e:e4:ed:0d:49', '62:8c:7f:5b:a7:bd', 'dd:c0:d1:e2:f7:f4', 'c2:62:f2:c2:f3:dc', '32:7d:b8:6b:3d:1c', '53:8c:c6:3b:37:cc', 'f4:39:90:f1:74:15', '6b:35:7a:5a:2b:ff', '44:7b:af:2f:15:a9', '21:43:bd:24:fa:ad', '44:ab:2a:f1:2d:cd', '0f:10:13:9e:57:10', 'fa:26:3f:4d:39:4a', '9c:51:b1:20:dc:a5', '31:ba:e9:bd:96:71', '44:57:37:98:98:a3', '7d:cf:df:c1:2f:cb', '19:81:41:83:23:59', 'e8:92:82:fb:4b:51', '92:f4:58:27:95:f2', '00:09:9e:9c:2c:8f', '08:2a:b1:d6:b7:11', '5f:bc:3d:c5:aa:c9', 'b7:ec:38:9e:87:d0', '16:e3:91:12:6e:5c', '15:b7:46:f6:db:fd', '98:ba:40:c4:04:06', '48:92:5c:ac:3a:40', 'e2:99:1e:85:cd:a8', '04:27:7b:57:94:59', 'b3:a2:21:a9:43:0d', '83:d3:b8:b8:27:3a', '3f:d9:84:c9:65:43', '93:a5:6d:f1:74:99'], 'triggered_reasons': ['same_ssid_multiple_bssid'], 'observations': {'fb:d7:89:8c:c7:6d': {'first_seen': 1778946424.768245, 'last_seen': 1778946424.769349, 'seen_count': 2, 'channels': [], 'avg_rssi': None}, '52:25:1e:e7:1d:38': {'first_seen': 1778946425.08524, 'last_seen': 1778946425.088371, 'seen_count': 2, 'channels': [], 'avg_rssi': None}, '68:d9:05:bf:e1:fa': {'first_seen': 1778946425.392574, 'last_seen': 1778946425.393645, 'seen_count': 2, 'channels': [], 'avg_rssi': None}, '4d:0d:d4:47:08:d7': {'first_seen': 1778946425.6995, 'last_seen': 1778946425.700525, 'seen_count': 2, 'channels': [], 'avg_rssi': None}, '8e:89:c4:39:6c:cc': {'first_seen': 1778946426.00564, 'last_seen': 1778946426.006553, 'seen_count': 2, 'channels': [], 'avg_rssi': None}, '75:01:7a:9d:cd:89': {'first_seen': 1778946426.3185, 'last_seen': 1778946426.31969, 'seen_count': 2, 'channels': [], 'avg_rssi': None}, 'c7:9f:9f:2f:f5:b5': {'first_seen': 1778946426.626765, 'last_seen': 1778946426.627948, 'seen_count': 2, 'channels': [], 'avg_rssi': None}, 'f5:00:f1:87:89:04': {'first_seen': 1778946426.933442, 'last_seen': 1778946426.934339, 'seen_count': 2, 'channels': [], 'avg_rssi': None}, 'a9:9b:60:fd:58:a3': {'first_seen': 1778946427.246961, 'last_seen': 1778946427.247865, 'seen_count': 2, 'channels': [], 'avg_rssi': None}, '92:db:d7:d0:b1:e1': {'first_seen': 1778946427.555269, 'last_seen': 1778946427.55638, 'seen_count': 2, 'channels': [], 'avg_rssi': None}, 'e8:db:1e:02:a9:1d': {'first_seen': 1778946427.864034, 'last_seen': 1778946427.865387, 'seen_count': 2, 'channels': [], 'avg_rssi': None}, '4f:91:7a:8e:a8:6a': {'first_seen': 1778946428.174296, 'last_seen': 1778946428.175406, 'seen_count': 2, 'channels': [], 'avg_rssi': None}, '16:ed:22:65:55:d3': {'first_seen': 1778946428.484806, 'last_seen': 1778946428.485918, 'seen_count': 2, 'channels': [], 'avg_rssi': None}, '49:ce:77:95:48:21': {'first_seen': 1778946428.792892, 'last_seen': 1778946428.793844, 'seen_count': 2, 'channels': [], 'avg_rssi': None}, '78:ef:21:2a:da:ea': {'first_seen': 1778946429.098672, 'last_seen': 1778946429.099571, 'seen_count': 2, 'channels': [], 'avg_rssi': None}, 'd3:17:6b:0e:5a:97': {'first_seen': 1778946429.409811, 'last_seen': 1778946429.410849, 'seen_count': 2, 'channels': [], 'avg_rssi': None}, '2a:94:f0:8a:1b:48': {'first_seen': 1778946429.721884, 'last_seen': 1778946429.722744, 'seen_count': 2, 'channels': [], 'avg_rssi': None}, '9c:fd:a8:74:62:9f': {'first_seen': 1778946430.034995, 'last_seen': 1778946430.036128, 'seen_count': 2, 'channels': [], 'avg_rssi': None}, '1b:3e:dc:33:ff:d5': {'first_seen': 1778946430.349, 'last_seen': 1778946430.350141, 'seen_count': 2, 'channels': [], 'avg_rssi': None}, '3f:fd:1a:e8:d8:1c': {'first_seen': 1778946430.660515, 'last_seen': 1778946430.661656, 'seen_count': 2, 'channels': [], 'avg_rssi': None}, 'ba:37:07:1d:38:75': {'first_seen': 1778946430.969381, 'last_seen': 1778946430.970304, 'seen_count': 2, 'channels': [], 'avg_rssi': None}, 'f7:97:48:e2:89:dd': {'first_seen': 1778946431.286659, 'last_seen': 1778946431.287589, 'seen_count': 2, 'channels': [], 'avg_rssi': None}, '19:f7:1b:fc:b2:78': {'first_seen': 1778946431.594499, 'last_seen': 1778946431.595706, 'seen_count': 2, 'channels': [], 'avg_rssi': None}, '11:ba:62:a5:f0:db': {'first_seen': 1778946431.902121, 'last_seen': 1778946431.903224, 'seen_count': 2, 'channels': [], 'avg_rssi': None}, '30:0f:0e:aa:22:23': {'first_seen': 1778946432.20625, 'last_seen': 1778946432.20737, 'seen_count': 2, 'channels': [], 'avg_rssi': None}, '94:26:5a:8e:ec:7f': {'first_seen': 1778946432.513698, 'last_seen': 1778946432.51477, 'seen_count': 2, 'channels': [], 'avg_rssi': None}, '6d:80:34:41:5f:f7': {'first_seen': 1778946432.828054, 'last_seen': 1778946432.828901, 'seen_count': 2, 'channels': [], 'avg_rssi': None}, 'b4:5b:72:fe:f3:11': {'first_seen': 1778946433.134251, 'last_seen': 1778946433.13541, 'seen_count': 2, 'channels': [], 'avg_rssi': None}, '70:b9:af:ab:25:7c': {'first_seen': 1778946433.44191, 'last_seen': 1778946433.443183, 'seen_count': 2, 'channels': [], 'avg_rssi': None}, '4e:fb:7d:d2:cc:87': {'first_seen': 1778946433.756778, 'last_seen': 1778946433.758947, 'seen_count': 2, 'channels': [], 'avg_rssi': None}, '6e:eb:b0:46:7b:02': {'first_seen': 1778946434.064228, 'last_seen': 1778946434.065206, 'seen_count': 2, 'channels': [], 'avg_rssi': None}, '14:03:71:3a:b2:1e': {'first_seen': 1778946434.37152, 'last_seen': 1778946434.372725, 'seen_count': 2, 'channels': [], 'avg_rssi': None}, '02:85:19:d9:1b:1f': {'first_seen': 1778946434.681886, 'last_seen': 1778946434.682872, 'seen_count': 2, 'channels': [], 'avg_rssi': None}, '5d:31:99:d6:ec:f7': {'first_seen': 1778946434.997253, 'last_seen': 1778946435.000755, 'seen_count': 2, 'channels': [], 'avg_rssi': None}, '4a:f0:8a:0f:4e:82': {'first_seen': 1778946435.316972, 'last_seen': 1778946435.319646, 'seen_count': 2, 'channels': [], 'avg_rssi': None}, '6c:5b:60:9f:f6:40': {'first_seen': 1778946435.63257, 'last_seen': 1778946435.63355, 'seen_count': 2, 'channels': [], 'avg_rssi': None}, '8e:d4:6e:2e:2e:37': {'first_seen': 1778946435.938808, 'last_seen': 1778946435.939939, 'seen_count': 2, 'channels': [], 'avg_rssi': None}, 'c2:9a:74:e4:eb:79': {'first_seen': 1778946436.246545, 'last_seen': 1778946436.247445, 'seen_count': 2, 'channels': [], 'avg_rssi': None}, '13:75:5f:84:3b:c6': {'first_seen': 1778946436.558961, 'last_seen': 1778946436.55984, 'seen_count': 2, 'channels': [], 'avg_rssi': None}, 'c9:4a:36:30:eb:aa': {'first_seen': 1778946436.878927, 'last_seen': 1778946436.880113, 'seen_count': 2, 'channels': [], 'avg_rssi': None}, '57:e0:63:fe:ac:8a': {'first_seen': 1778946437.189276, 'last_seen': 1778946437.190512, 'seen_count': 2, 'channels': [], 'avg_rssi': None}, '4d:d5:ef:64:a0:4e': {'first_seen': 1778946437.49891, 'last_seen': 1778946437.499895, 'seen_count': 2, 'channels': [], 'avg_rssi': None}, '8a:c7:50:7b:f7:b7': {'first_seen': 1778946437.809552, 'last_seen': 1778946437.810789, 'seen_count': 2, 'channels': [], 'avg_rssi': None}, 'fa:71:9b:1e:69:b9': {'first_seen': 1778946438.116022, 'last_seen': 1778946438.116917, 'seen_count': 2, 'channels': [], 'avg_rssi': None}, 'ed:11:e0:92:bc:19': {'first_seen': 1778946438.430494, 'last_seen': 1778946438.431684, 'seen_count': 2, 'channels': [], 'avg_rssi': None}, '37:4c:1f:be:4b:19': {'first_seen': 1778946438.742154, 'last_seen': 1778946438.743088, 'seen_count': 2, 'channels': [], 'avg_rssi': None}, '6e:7c:a6:02:cd:8f': {'first_seen': 1778946439.056381, 'last_seen': 1778946439.057233, 'seen_count': 2, 'channels': [], 'avg_rssi': None}, 'ea:15:6a:eb:2b:a9': {'first_seen': 1778946439.368289, 'last_seen': 1778946439.369241, 'seen_count': 2, 'channels': [], 'avg_rssi': None}, 'ce:f7:f2:9e:d0:17': {'first_seen': 1778946439.679422, 'last_seen': 1778946439.680375, 'seen_count': 2, 'channels': [], 'avg_rssi': None}, 'a2:9e:bd:77:5f:89': {'first_seen': 1778946439.99492, 'last_seen': 1778946439.996021, 'seen_count': 2, 'channels': [], 'avg_rssi': None}, '79:e2:02:ed:f7:bf': {'first_seen': 1778946440.31426, 'last_seen': 1778946440.315406, 'seen_count': 2, 'channels': [], 'avg_rssi': None}, '7d:66:79:fd:40:97': {'first_seen': 1778946440.625064, 'last_seen': 1778946440.626047, 'seen_count': 2, 'channels': [], 'avg_rssi': None}, '27:01:1f:e4:ba:44': {'first_seen': 1778946440.933299, 'last_seen': 1778946440.934439, 'seen_count': 2, 'channels': [], 'avg_rssi': None}, '40:ec:37:0c:12:5e': {'first_seen': 1778946441.24676, 'last_seen': 1778946441.247831, 'seen_count': 2, 'channels': [], 'avg_rssi': None}, 'a1:c4:98:8b:2c:a4': {'first_seen': 1778946441.562658, 'last_seen': 1778946441.563599, 'seen_count': 2, 'channels': [], 'avg_rssi': None}, 'd6:98:53:a8:a1:44': {'first_seen': 1778946441.878516, 'last_seen': 1778946441.879491, 'seen_count': 2, 'channels': [], 'avg_rssi': None}, 'e3:2e:2d:49:84:bb': {'first_seen': 1778946442.19068, 'last_seen': 1778946442.191504, 'seen_count': 2, 'channels': [], 'avg_rssi': None}, '76:19:ce:52:f1:85': {'first_seen': 1778946442.50508, 'last_seen': 1778946442.50602, 'seen_count': 2, 'channels': [], 'avg_rssi': None}, 'c3:39:5f:46:c4:77': {'first_seen': 1778946442.816987, 'last_seen': 1778946442.818035, 'seen_count': 2, 'channels': [], 'avg_rssi': None}, '29:ad:4e:38:22:70': {'first_seen': 1778946443.135057, 'last_seen': 1778946443.136179, 'seen_count': 2, 'channels': [], 'avg_rssi': None}, '93:a2:bf:25:9b:b8': {'first_seen': 1778946443.45124, 'last_seen': 1778946443.452445, 'seen_count': 2, 'channels': [], 'avg_rssi': None}, '20:46:5b:aa:1f:73': {'first_seen': 1778946443.76138, 'last_seen': 1778946443.762469, 'seen_count': 2, 'channels': [], 'avg_rssi': None}, '83:60:e6:f7:9d:0c': {'first_seen': 1778946444.069077, 'last_seen': 1778946444.069985, 'seen_count': 2, 'channels': [], 'avg_rssi': None}, 'f3:68:e1:a2:f3:2d': {'first_seen': 1778946444.395085, 'last_seen': 1778946444.395993, 'seen_count': 2, 'channels': [], 'avg_rssi': None}, '30:6b:bf:29:5f:fe': {'first_seen': 1778946444.710686, 'last_seen': 1778946444.711777, 'seen_count': 2, 'channels': [], 'avg_rssi': None}, '78:2e:e4:ed:0d:49': {'first_seen': 1778946445.016408, 'last_seen': 1778946445.017402, 'seen_count': 2, 'channels': [], 'avg_rssi': None}, '62:8c:7f:5b:a7:bd': {'first_seen': 1778946445.328819, 'last_seen': 1778946445.329666, 'seen_count': 2, 'channels': [], 'avg_rssi': None}, 'dd:c0:d1:e2:f7:f4': {'first_seen': 1778946445.643059, 'last_seen': 1778946445.644192, 'seen_count': 2, 'channels': [], 'avg_rssi': None}, 'c2:62:f2:c2:f3:dc': {'first_seen': 1778946445.955165, 'last_seen': 1778946445.958201, 'seen_count': 2, 'channels': [], 'avg_rssi': None}, '32:7d:b8:6b:3d:1c': {'first_seen': 1778946446.270687, 'last_seen': 1778946446.271588, 'seen_count': 2, 'channels': [], 'avg_rssi': None}, '53:8c:c6:3b:37:cc': {'first_seen': 1778946446.579327, 'last_seen': 1778946446.580237, 'seen_count': 2, 'channels': [], 'avg_rssi': None}, 'f4:39:90:f1:74:15': {'first_seen': 1778946446.88876, 'last_seen': 1778946446.889872, 'seen_count': 2, 'channels': [], 'avg_rssi': None}, '6b:35:7a:5a:2b:ff': {'first_seen': 1778946447.204968, 'last_seen': 1778946447.205888, 'seen_count': 2, 'channels': [], 'avg_rssi': None}, '44:7b:af:2f:15:a9': {'first_seen': 1778946447.514917, 'last_seen': 1778946447.516038, 'seen_count': 2, 'channels': [], 'avg_rssi': None}, '21:43:bd:24:fa:ad': {'first_seen': 1778946447.828857, 'last_seen': 1778946447.831925, 'seen_count': 2, 'channels': [], 'avg_rssi': None}, '44:ab:2a:f1:2d:cd': {'first_seen': 1778946448.142861, 'last_seen': 1778946448.144085, 'seen_count': 2, 'channels': [], 'avg_rssi': None}, '0f:10:13:9e:57:10': {'first_seen': 1778946448.462203, 'last_seen': 1778946448.463202, 'seen_count': 2, 'channels': [], 'avg_rssi': None}, 'fa:26:3f:4d:39:4a': {'first_seen': 1778946448.771378, 'last_seen': 1778946448.772345, 'seen_count': 2, 'channels': [], 'avg_rssi': None}, '9c:51:b1:20:dc:a5': {'first_seen': 1778946449.081351, 'last_seen': 1778946449.082495, 'seen_count': 2, 'channels': [], 'avg_rssi': None}, '31:ba:e9:bd:96:71': {'first_seen': 1778946449.394659, 'last_seen': 1778946449.395878, 'seen_count': 2, 'channels': [], 'avg_rssi': None}, '44:57:37:98:98:a3': {'first_seen': 1778946449.703052, 'last_seen': 1778946449.704279, 'seen_count': 2, 'channels': [], 'avg_rssi': None}, '7d:cf:df:c1:2f:cb': {'first_seen': 1778946450.019729, 'last_seen': 1778946450.020913, 'seen_count': 2, 'channels': [], 'avg_rssi': None}, '19:81:41:83:23:59': {'first_seen': 1778946450.3335, 'last_seen': 1778946450.334687, 'seen_count': 2, 'channels': [], 'avg_rssi': None}, 'e8:92:82:fb:4b:51': {'first_seen': 1778946450.654707, 'last_seen': 1778946450.655815, 'seen_count': 2, 'channels': [], 'avg_rssi': None}, '92:f4:58:27:95:f2': {'first_seen': 1778946450.964527, 'last_seen': 1778946450.965714, 'seen_count': 2, 'channels': [], 'avg_rssi': None}, '00:09:9e:9c:2c:8f': {'first_seen': 1778946451.277121, 'last_seen': 1778946451.278099, 'seen_count': 2, 'channels': [], 'avg_rssi': None}, '08:2a:b1:d6:b7:11': {'first_seen': 1778946451.593556, 'last_seen': 1778946451.594494, 'seen_count': 2, 'channels': [], 'avg_rssi': None}, '5f:bc:3d:c5:aa:c9': {'first_seen': 1778946451.900528, 'last_seen': 1778946451.901632, 'seen_count': 2, 'channels': [], 'avg_rssi': None}, 'b7:ec:38:9e:87:d0': {'first_seen': 1778946452.214685, 'last_seen': 1778946452.215775, 'seen_count': 2, 'channels': [], 'avg_rssi': None}, '16:e3:91:12:6e:5c': {'first_seen': 1778946452.525724, 'last_seen': 1778946452.526921, 'seen_count': 2, 'channels': [], 'avg_rssi': None}, '15:b7:46:f6:db:fd': {'first_seen': 1778946452.838889, 'last_seen': 1778946452.839804, 'seen_count': 2, 'channels': [], 'avg_rssi': None}, '98:ba:40:c4:04:06': {'first_seen': 1778946453.154357, 'last_seen': 1778946453.155456, 'seen_count': 2, 'channels': [], 'avg_rssi': None}, '48:92:5c:ac:3a:40': {'first_seen': 1778946453.473156, 'last_seen': 1778946453.474097, 'seen_count': 2, 'channels': [], 'avg_rssi': None}, 'e2:99:1e:85:cd:a8': {'first_seen': 1778946453.785498, 'last_seen': 1778946453.786604, 'seen_count': 2, 'channels': [], 'avg_rssi': None}, '04:27:7b:57:94:59': {'first_seen': 1778946454.094508, 'last_seen': 1778946454.095622, 'seen_count': 2, 'channels': [], 'avg_rssi': None}, 'b3:a2:21:a9:43:0d': {'first_seen': 1778946454.410675, 'last_seen': 1778946454.41177, 'seen_count': 2, 'channels': [], 'avg_rssi': None}, '83:d3:b8:b8:27:3a': {'first_seen': 1778946454.727367, 'last_seen': 1778946454.728535, 'seen_count': 2, 'channels': [], 'avg_rssi': None}, '3f:d9:84:c9:65:43': {'first_seen': 1778946455.041058, 'last_seen': 1778946455.042173, 'seen_count': 2, 'channels': [], 'avg_rssi': None}, '93:a5:6d:f1:74:99': {'first_seen': 1778946455.353495, 'last_seen': 1778946455.353495, 'seen_count': 1, 'channels': [], 'avg_rssi': None}}}
!!!!!!!!!!!!!!!!!!!!!!!!!!!!!!!!!!!!!!!!!!!!!!!!!!!!!!!!!!!!!!!!!!!!!!!!!!!!!!!!


!!!!!!!!!!!!!!!!!!!!!!!!!!!!!!!!!!!!!!!!!!!!!!!!!!!!!!!!!!!!!!!!!!!!!!!!!!!!!!!!
[ALERT] ALERT-000064 | POTENTIAL_EVIL_TWIN
severity: LOW
time: 2026-05-16T15:47:35.363596
message: Wykryto potencjalny Evil Twin / Rogue AP dla SSID 'TestNet_030'. Zaobserwowano 99 różnych BSSID oraz podejrzane różnice parametrów sieci.
evidence: {'ssid': 'TestNet_030', 'bssid_count': 99, 'bssids': ['9d:b6:79:42:ef:ba', '62:0e:1b:66:50:78', 'ed:08:7a:6a:4c:50', '66:de:7f:29:52:af', 'c9:fc:ed:e4:b2:77', 'c3:cb:c5:8d:9a:91', '02:46:54:2b:0d:ad', '85:6a:78:cf:36:77', '74:f3:f6:b2:9c:8e', 'b3:c9:2b:5c:ec:d2', '2f:0d:23:b0:d2:ef', '11:f2:a4:7d:34:73', '3d:07:12:7f:66:e6', '82:87:e5:ac:05:72', 'fe:e1:bb:0e:06:2a', '6e:e5:d9:64:89:5a', 'e6:eb:8b:90:f5:ca', 'ae:35:45:08:67:a6', '50:92:db:d7:53:35', '9b:57:7f:ec:b8:be', 'c1:f6:cd:d3:85:b3', '91:4f:1a:03:75:9c', '42:ef:74:67:5a:b7', 'af:53:fd:83:be:bc', '56:c3:00:89:e2:44', 'a4:a6:b2:bf:62:d1', 'b0:83:4f:3e:3b:ac', 'cd:69:5c:b4:df:59', 'bc:16:70:95:d8:3e', 'a1:fc:e8:2c:52:0e', '08:09:20:68:07:56', '3f:b0:c7:32:01:e5', 'be:8d:39:a0:ff:15', '22:92:9c:2f:27:55', '2e:79:0b:91:2e:20', '58:ea:b1:79:44:b8', '36:98:44:a5:bc:fd', '7e:22:de:63:96:b3', '06:e8:9e:85:60:06', 'f4:3e:72:29:3d:f5', '77:4a:c0:51:3f:a4', '74:00:79:60:3c:d0', '19:69:5f:2c:77:b0', 'cb:18:76:00:c1:36', 'ff:57:01:43:5b:45', '03:8f:ea:c9:82:34', '84:13:a0:a6:a6:8d', '0d:8d:c6:80:a5:f8', '7c:df:81:8d:e0:48', '0d:ed:b1:f0:b9:83', '04:39:31:77:9e:00', 'f4:b3:ca:43:55:fa', '1c:b2:e3:0e:2c:2c', 'bf:ce:32:44:96:94', '74:26:f8:1d:3c:aa', '0c:4e:53:dc:ec:56', '50:54:41:3b:fc:b9', '2a:4c:c6:86:1a:11', 'e3:40:e1:d9:fd:95', '7c:8a:f4:be:86:c3', '4c:d4:1f:3a:f8:ee', '1c:1a:40:0b:b5:40', 'e2:da:a4:ed:2f:35', '22:ba:4c:88:75:41', 'dd:07:a3:5c:17:1f', 'b0:7e:53:b7:01:c7', '41:bf:ca:a5:f5:c4', '76:32:23:b0:f9:40', '3a:72:52:8c:96:57', '09:99:44:09:ea:9a', '7f:33:8d:72:e0:d4', '18:68:4f:6f:64:bb', 'e6:dd:fd:59:0c:2a', 'a3:85:51:57:e2:82', 'a4:a9:4b:5f:5b:b5', 'ad:d9:8e:68:4a:c5', '7e:be:38:cb:1c:e8', '06:34:ed:c7:8f:06', '76:ac:e3:e3:d5:e3', '7e:24:5f:61:c8:ab', 'fc:53:ec:f5:42:3b', '24:cf:61:e1:f6:09', 'e9:f1:af:57:13:e1', '71:a9:4d:4b:d6:d1', '32:f7:19:a9:57:15', '17:5a:f4:e9:ec:bb', 'b9:fc:a7:0f:b2:db', 'e1:72:78:3b:35:f4', '72:65:fa:f6:31:0e', '51:90:5f:71:4b:6a', '55:6f:1b:ca:88:c2', '2d:d2:09:a1:15:ff', '9c:46:42:2a:43:4e', '6d:8b:1f:ff:93:50', '98:86:28:b2:7a:6d', '95:b8:5d:4a:eb:51', '4d:3e:70:4f:22:46', '89:2e:ee:62:9f:46', 'b8:4b:c3:f8:b4:62'], 'triggered_reasons': ['same_ssid_multiple_bssid'], 'observations': {'9d:b6:79:42:ef:ba': {'first_seen': 1778946424.778366, 'last_seen': 1778946424.779602, 'seen_count': 2, 'channels': [], 'avg_rssi': None}, '62:0e:1b:66:50:78': {'first_seen': 1778946425.095366, 'last_seen': 1778946425.096492, 'seen_count': 2, 'channels': [], 'avg_rssi': None}, 'ed:08:7a:6a:4c:50': {'first_seen': 1778946425.402681, 'last_seen': 1778946425.403765, 'seen_count': 2, 'channels': [], 'avg_rssi': None}, '66:de:7f:29:52:af': {'first_seen': 1778946425.709625, 'last_seen': 1778946425.710781, 'seen_count': 2, 'channels': [], 'avg_rssi': None}, 'c9:fc:ed:e4:b2:77': {'first_seen': 1778946426.019426, 'last_seen': 1778946426.020563, 'seen_count': 2, 'channels': [], 'avg_rssi': None}, 'c3:cb:c5:8d:9a:91': {'first_seen': 1778946426.328625, 'last_seen': 1778946426.329557, 'seen_count': 2, 'channels': [], 'avg_rssi': None}, '02:46:54:2b:0d:ad': {'first_seen': 1778946426.636893, 'last_seen': 1778946426.637827, 'seen_count': 2, 'channels': [], 'avg_rssi': None}, '85:6a:78:cf:36:77': {'first_seen': 1778946426.943557, 'last_seen': 1778946426.944603, 'seen_count': 2, 'channels': [], 'avg_rssi': None}, '74:f3:f6:b2:9c:8e': {'first_seen': 1778946427.257055, 'last_seen': 1778946427.25798, 'seen_count': 2, 'channels': [], 'avg_rssi': None}, 'b3:c9:2b:5c:ec:d2': {'first_seen': 1778946427.565392, 'last_seen': 1778946427.566377, 'seen_count': 2, 'channels': [], 'avg_rssi': None}, '2f:0d:23:b0:d2:ef': {'first_seen': 1778946427.874179, 'last_seen': 1778946427.875393, 'seen_count': 2, 'channels': [], 'avg_rssi': None}, '11:f2:a4:7d:34:73': {'first_seen': 1778946428.184395, 'last_seen': 1778946428.185405, 'seen_count': 2, 'channels': [], 'avg_rssi': None}, '3d:07:12:7f:66:e6': {'first_seen': 1778946428.494929, 'last_seen': 1778946428.496053, 'seen_count': 2, 'channels': [], 'avg_rssi': None}, '82:87:e5:ac:05:72': {'first_seen': 1778946428.802992, 'last_seen': 1778946428.804185, 'seen_count': 2, 'channels': [], 'avg_rssi': None}, 'fe:e1:bb:0e:06:2a': {'first_seen': 1778946429.108778, 'last_seen': 1778946429.10995, 'seen_count': 2, 'channels': [], 'avg_rssi': None}, '6e:e5:d9:64:89:5a': {'first_seen': 1778946429.419923, 'last_seen': 1778946429.420842, 'seen_count': 2, 'channels': [], 'avg_rssi': None}, 'e6:eb:8b:90:f5:ca': {'first_seen': 1778946429.732003, 'last_seen': 1778946429.732988, 'seen_count': 2, 'channels': [], 'avg_rssi': None}, 'ae:35:45:08:67:a6': {'first_seen': 1778946430.045098, 'last_seen': 1778946430.046269, 'seen_count': 2, 'channels': [], 'avg_rssi': None}, '50:92:db:d7:53:35': {'first_seen': 1778946430.359125, 'last_seen': 1778946430.360149, 'seen_count': 2, 'channels': [], 'avg_rssi': None}, '9b:57:7f:ec:b8:be': {'first_seen': 1778946430.670675, 'last_seen': 1778946430.671789, 'seen_count': 2, 'channels': [], 'avg_rssi': None}, 'c1:f6:cd:d3:85:b3': {'first_seen': 1778946430.97949, 'last_seen': 1778946430.980433, 'seen_count': 2, 'channels': [], 'avg_rssi': None}, '91:4f:1a:03:75:9c': {'first_seen': 1778946431.296757, 'last_seen': 1778946431.297694, 'seen_count': 2, 'channels': [], 'avg_rssi': None}, '42:ef:74:67:5a:b7': {'first_seen': 1778946431.604628, 'last_seen': 1778946431.60583, 'seen_count': 2, 'channels': [], 'avg_rssi': None}, 'af:53:fd:83:be:bc': {'first_seen': 1778946431.91225, 'last_seen': 1778946431.91335, 'seen_count': 2, 'channels': [], 'avg_rssi': None}, '56:c3:00:89:e2:44': {'first_seen': 1778946432.216343, 'last_seen': 1778946432.21761, 'seen_count': 2, 'channels': [], 'avg_rssi': None}, 'a4:a6:b2:bf:62:d1': {'first_seen': 1778946432.523817, 'last_seen': 1778946432.524755, 'seen_count': 2, 'channels': [], 'avg_rssi': None}, 'b0:83:4f:3e:3b:ac': {'first_seen': 1778946432.838187, 'last_seen': 1778946432.839025, 'seen_count': 2, 'channels': [], 'avg_rssi': None}, 'cd:69:5c:b4:df:59': {'first_seen': 1778946433.144353, 'last_seen': 1778946433.145287, 'seen_count': 2, 'channels': [], 'avg_rssi': None}, 'bc:16:70:95:d8:3e': {'first_seen': 1778946433.452034, 'last_seen': 1778946433.452926, 'seen_count': 2, 'channels': [], 'avg_rssi': None}, 'a1:fc:e8:2c:52:0e': {'first_seen': 1778946433.766904, 'last_seen': 1778946433.76795, 'seen_count': 2, 'channels': [], 'avg_rssi': None}, '08:09:20:68:07:56': {'first_seen': 1778946434.074427, 'last_seen': 1778946434.075584, 'seen_count': 2, 'channels': [], 'avg_rssi': None}, '3f:b0:c7:32:01:e5': {'first_seen': 1778946434.381664, 'last_seen': 1778946434.382735, 'seen_count': 2, 'channels': [], 'avg_rssi': None}, 'be:8d:39:a0:ff:15': {'first_seen': 1778946434.69202, 'last_seen': 1778946434.693989, 'seen_count': 2, 'channels': [], 'avg_rssi': None}, '22:92:9c:2f:27:55': {'first_seen': 1778946435.007358, 'last_seen': 1778946435.008382, 'seen_count': 2, 'channels': [], 'avg_rssi': None}, '2e:79:0b:91:2e:20': {'first_seen': 1778946435.330678, 'last_seen': 1778946435.331649, 'seen_count': 2, 'channels': [], 'avg_rssi': None}, '58:ea:b1:79:44:b8': {'first_seen': 1778946435.642694, 'last_seen': 1778946435.643926, 'seen_count': 2, 'channels': [], 'avg_rssi': None}, '36:98:44:a5:bc:fd': {'first_seen': 1778946435.949357, 'last_seen': 1778946435.950318, 'seen_count': 2, 'channels': [], 'avg_rssi': None}, '7e:22:de:63:96:b3': {'first_seen': 1778946436.256816, 'last_seen': 1778946436.257829, 'seen_count': 2, 'channels': [], 'avg_rssi': None}, '06:e8:9e:85:60:06': {'first_seen': 1778946436.569067, 'last_seen': 1778946436.569968, 'seen_count': 2, 'channels': [], 'avg_rssi': None}, 'f4:3e:72:29:3d:f5': {'first_seen': 1778946436.889065, 'last_seen': 1778946436.88999, 'seen_count': 2, 'channels': [], 'avg_rssi': None}, '77:4a:c0:51:3f:a4': {'first_seen': 1778946437.202786, 'last_seen': 1778946437.203866, 'seen_count': 2, 'channels': [], 'avg_rssi': None}, '74:00:79:60:3c:d0': {'first_seen': 1778946437.508997, 'last_seen': 1778946437.510136, 'seen_count': 2, 'channels': [], 'avg_rssi': None}, '19:69:5f:2c:77:b0': {'first_seen': 1778946437.819639, 'last_seen': 1778946437.820652, 'seen_count': 2, 'channels': [], 'avg_rssi': None}, 'cb:18:76:00:c1:36': {'first_seen': 1778946438.126201, 'last_seen': 1778946438.127546, 'seen_count': 2, 'channels': [], 'avg_rssi': None}, 'ff:57:01:43:5b:45': {'first_seen': 1778946438.44062, 'last_seen': 1778946438.441685, 'seen_count': 2, 'channels': [], 'avg_rssi': None}, '03:8f:ea:c9:82:34': {'first_seen': 1778946438.752259, 'last_seen': 1778946438.753202, 'seen_count': 2, 'channels': [], 'avg_rssi': None}, '84:13:a0:a6:a6:8d': {'first_seen': 1778946439.066492, 'last_seen': 1778946439.067595, 'seen_count': 2, 'channels': [], 'avg_rssi': None}, '0d:8d:c6:80:a5:f8': {'first_seen': 1778946439.378386, 'last_seen': 1778946439.379358, 'seen_count': 2, 'channels': [], 'avg_rssi': None}, '7c:df:81:8d:e0:48': {'first_seen': 1778946439.689554, 'last_seen': 1778946439.690507, 'seen_count': 2, 'channels': [], 'avg_rssi': None}, '0d:ed:b1:f0:b9:83': {'first_seen': 1778946440.005061, 'last_seen': 1778946440.006151, 'seen_count': 2, 'channels': [], 'avg_rssi': None}, '04:39:31:77:9e:00': {'first_seen': 1778946440.32435, 'last_seen': 1778946440.325654, 'seen_count': 2, 'channels': [], 'avg_rssi': None}, 'f4:b3:ca:43:55:fa': {'first_seen': 1778946440.638184, 'last_seen': 1778946440.6393, 'seen_count': 2, 'channels': [], 'avg_rssi': None}, '1c:b2:e3:0e:2c:2c': {'first_seen': 1778946440.944366, 'last_seen': 1778946440.945568, 'seen_count': 2, 'channels': [], 'avg_rssi': None}, 'bf:ce:32:44:96:94': {'first_seen': 1778946441.256906, 'last_seen': 1778946441.259099, 'seen_count': 2, 'channels': [], 'avg_rssi': None}, '74:26:f8:1d:3c:aa': {'first_seen': 1778946441.572751, 'last_seen': 1778946441.573719, 'seen_count': 2, 'channels': [], 'avg_rssi': None}, '0c:4e:53:dc:ec:56': {'first_seen': 1778946441.888611, 'last_seen': 1778946441.889488, 'seen_count': 2, 'channels': [], 'avg_rssi': None}, '50:54:41:3b:fc:b9': {'first_seen': 1778946442.200776, 'last_seen': 1778946442.202884, 'seen_count': 2, 'channels': [], 'avg_rssi': None}, '2a:4c:c6:86:1a:11': {'first_seen': 1778946442.515207, 'last_seen': 1778946442.516404, 'seen_count': 2, 'channels': [], 'avg_rssi': None}, 'e3:40:e1:d9:fd:95': {'first_seen': 1778946442.827086, 'last_seen': 1778946442.828163, 'seen_count': 2, 'channels': [], 'avg_rssi': None}, '7c:8a:f4:be:86:c3': {'first_seen': 1778946443.145165, 'last_seen': 1778946443.146303, 'seen_count': 2, 'channels': [], 'avg_rssi': None}, '4c:d4:1f:3a:f8:ee': {'first_seen': 1778946443.461742, 'last_seen': 1778946443.462697, 'seen_count': 2, 'channels': [], 'avg_rssi': None}, '1c:1a:40:0b:b5:40': {'first_seen': 1778946443.771495, 'last_seen': 1778946443.772594, 'seen_count': 2, 'channels': [], 'avg_rssi': None}, 'e2:da:a4:ed:2f:35': {'first_seen': 1778946444.088171, 'last_seen': 1778946444.089108, 'seen_count': 2, 'channels': [], 'avg_rssi': None}, '22:ba:4c:88:75:41': {'first_seen': 1778946444.405217, 'last_seen': 1778946444.406377, 'seen_count': 2, 'channels': [], 'avg_rssi': None}, 'dd:07:a3:5c:17:1f': {'first_seen': 1778946444.720792, 'last_seen': 1778946444.721761, 'seen_count': 2, 'channels': [], 'avg_rssi': None}, 'b0:7e:53:b7:01:c7': {'first_seen': 1778946445.030723, 'last_seen': 1778946445.031797, 'seen_count': 2, 'channels': [], 'avg_rssi': None}, '41:bf:ca:a5:f5:c4': {'first_seen': 1778946445.341607, 'last_seen': 1778946445.343664, 'seen_count': 2, 'channels': [], 'avg_rssi': None}, '76:32:23:b0:f9:40': {'first_seen': 1778946445.653149, 'last_seen': 1778946445.654309, 'seen_count': 2, 'channels': [], 'avg_rssi': None}, '3a:72:52:8c:96:57': {'first_seen': 1778946445.966687, 'last_seen': 1778946445.967826, 'seen_count': 2, 'channels': [], 'avg_rssi': None}, '09:99:44:09:ea:9a': {'first_seen': 1778946446.280779, 'last_seen': 1778946446.281841, 'seen_count': 2, 'channels': [], 'avg_rssi': None}, '7f:33:8d:72:e0:d4': {'first_seen': 1778946446.589449, 'last_seen': 1778946446.590491, 'seen_count': 2, 'channels': [], 'avg_rssi': None}, '18:68:4f:6f:64:bb': {'first_seen': 1778946446.898856, 'last_seen': 1778946446.899873, 'seen_count': 2, 'channels': [], 'avg_rssi': None}, 'e6:dd:fd:59:0c:2a': {'first_seen': 1778946447.215063, 'last_seen': 1778946447.216264, 'seen_count': 2, 'channels': [], 'avg_rssi': None}, 'a3:85:51:57:e2:82': {'first_seen': 1778946447.525032, 'last_seen': 1778946447.526163, 'seen_count': 2, 'channels': [], 'avg_rssi': None}, 'a4:a9:4b:5f:5b:b5': {'first_seen': 1778946447.838976, 'last_seen': 1778946447.839927, 'seen_count': 2, 'channels': [], 'avg_rssi': None}, 'ad:d9:8e:68:4a:c5': {'first_seen': 1778946448.152962, 'last_seen': 1778946448.154203, 'seen_count': 2, 'channels': [], 'avg_rssi': None}, '7e:be:38:cb:1c:e8': {'first_seen': 1778946448.472306, 'last_seen': 1778946448.473203, 'seen_count': 2, 'channels': [], 'avg_rssi': None}, '06:34:ed:c7:8f:06': {'first_seen': 1778946448.78149, 'last_seen': 1778946448.782596, 'seen_count': 2, 'channels': [], 'avg_rssi': None}, '76:ac:e3:e3:d5:e3': {'first_seen': 1778946449.091463, 'last_seen': 1778946449.092873, 'seen_count': 2, 'channels': [], 'avg_rssi': None}, '7e:24:5f:61:c8:ab': {'first_seen': 1778946449.404765, 'last_seen': 1778946449.405627, 'seen_count': 2, 'channels': [], 'avg_rssi': None}, 'fc:53:ec:f5:42:3b': {'first_seen': 1778946449.713178, 'last_seen': 1778946449.714028, 'seen_count': 2, 'channels': [], 'avg_rssi': None}, '24:cf:61:e1:f6:09': {'first_seen': 1778946450.029976, 'last_seen': 1778946450.031166, 'seen_count': 2, 'channels': [], 'avg_rssi': None}, 'e9:f1:af:57:13:e1': {'first_seen': 1778946450.343611, 'last_seen': 1778946450.344814, 'seen_count': 2, 'channels': [], 'avg_rssi': None}, '71:a9:4d:4b:d6:d1': {'first_seen': 1778946450.664801, 'last_seen': 1778946450.665693, 'seen_count': 2, 'channels': [], 'avg_rssi': None}, '32:f7:19:a9:57:15': {'first_seen': 1778946450.974679, 'last_seen': 1778946450.976218, 'seen_count': 2, 'channels': [], 'avg_rssi': None}, '17:5a:f4:e9:ec:bb': {'first_seen': 1778946451.287218, 'last_seen': 1778946451.288348, 'seen_count': 2, 'channels': [], 'avg_rssi': None}, 'b9:fc:a7:0f:b2:db': {'first_seen': 1778946451.603654, 'last_seen': 1778946451.604491, 'seen_count': 2, 'channels': [], 'avg_rssi': None}, 'e1:72:78:3b:35:f4': {'first_seen': 1778946451.910661, 'last_seen': 1778946451.911632, 'seen_count': 2, 'channels': [], 'avg_rssi': None}, '72:65:fa:f6:31:0e': {'first_seen': 1778946452.224775, 'last_seen': 1778946452.225897, 'seen_count': 2, 'channels': [], 'avg_rssi': None}, '51:90:5f:71:4b:6a': {'first_seen': 1778946452.535825, 'last_seen': 1778946452.536917, 'seen_count': 2, 'channels': [], 'avg_rssi': None}, '55:6f:1b:ca:88:c2': {'first_seen': 1778946452.849004, 'last_seen': 1778946452.850181, 'seen_count': 2, 'channels': [], 'avg_rssi': None}, '2d:d2:09:a1:15:ff': {'first_seen': 1778946453.164487, 'last_seen': 1778946453.165455, 'seen_count': 2, 'channels': [], 'avg_rssi': None}, '9c:46:42:2a:43:4e': {'first_seen': 1778946453.486659, 'last_seen': 1778946453.487715, 'seen_count': 2, 'channels': [], 'avg_rssi': None}, '6d:8b:1f:ff:93:50': {'first_seen': 1778946453.795593, 'last_seen': 1778946453.796732, 'seen_count': 2, 'channels': [], 'avg_rssi': None}, '98:86:28:b2:7a:6d': {'first_seen': 1778946454.104616, 'last_seen': 1778946454.105746, 'seen_count': 2, 'channels': [], 'avg_rssi': None}, '95:b8:5d:4a:eb:51': {'first_seen': 1778946454.421016, 'last_seen': 1778946454.422157, 'seen_count': 2, 'channels': [], 'avg_rssi': None}, '4d:3e:70:4f:22:46': {'first_seen': 1778946454.737479, 'last_seen': 1778946454.738412, 'seen_count': 2, 'channels': [], 'avg_rssi': None}, '89:2e:ee:62:9f:46': {'first_seen': 1778946455.051151, 'last_seen': 1778946455.052045, 'seen_count': 2, 'channels': [], 'avg_rssi': None}, 'b8:4b:c3:f8:b4:62': {'first_seen': 1778946455.363596, 'last_seen': 1778946455.363596, 'seen_count': 1, 'channels': [], 'avg_rssi': None}}}
!!!!!!!!!!!!!!!!!!!!!!!!!!!!!!!!!!!!!!!!!!!!!!!!!!!!!!!!!!!!!!!!!!!!!!!!!!!!!!!!


================================================================================
STATISTICS after 50.0s
--------------------------------------------------------------------------------
total frames: 8784

by frame type:
  management: 7525
  control: 675
  data: 584

by frame subtype:
  beacon: 7423
  ack: 500
  null_data: 370
  data: 134
  cts: 82
  probe_response: 71
  qos_null: 66
  cf_end: 56
  rts: 27
  probe_request: 27
  qos_data: 14
  block_ack: 10
  action: 4

unique SSIDs: 32
unique BSSIDs: 3081
================================================================================

!!!!!!!!!!!!!!!!!!!!!!!!!!!!!!!!!!!!!!!!!!!!!!!!!!!!!!!!!!!!!!!!!!!!!!!!!!!!!!!!
[ALERT] ALERT-000065 | BEACON_FLOOD
severity: CRITICAL
time: 2026-05-16T15:47:45.100229
message: Wykryto możliwy atak Beacon Flood: 2011 ramek beacon, 962 unikalnych BSSID, 31 unikalnych SSID w oknie 10s.
evidence: {'beacon_count': 2011, 'unique_bssid_count': 962, 'unique_ssid_count': 31, 'window_seconds': 10, 'beacon_count_threshold': 200, 'unique_bssid_threshold': 60, 'unique_ssid_threshold': 40, 'triggered_reasons': ['high_beacon_rate', 'many_unique_bssids'], 'sample_ssids': ['TestNet_017', 'TestNet_011', 'TestNet_012', 'FunBox2-8124', 'TestNet_001', 'TestNet_023', 'TestNet_006', 'TestNet_003', 'TestNet_008', 'TestNet_021'], 'sample_bssids': ['55:d9:82:66:fd:16', 'd0:67:dc:f3:8d:b4', 'bf:c7:8c:b3:e3:d3', '5a:ba:1b:d1:24:d1', '22:24:c1:cc:7d:c7', '91:c9:be:87:9b:16', '80:fb:54:3a:c7:ba', 'd9:37:75:1b:32:a8', '3e:dc:b2:15:67:5e', '19:16:c6:86:80:1d']}
!!!!!!!!!!!!!!!!!!!!!!!!!!!!!!!!!!!!!!!!!!!!!!!!!!!!!!!!!!!!!!!!!!!!!!!!!!!!!!!!


================================================================================
STATISTICS after 60.0s
--------------------------------------------------------------------------------
total frames: 10677

by frame type:
  management: 9326
  control: 736
  data: 615

by frame subtype:
  beacon: 9224
  ack: 525
  null_data: 394
  data: 140
  cts: 99
  probe_response: 71
  cf_end: 70
  qos_null: 67
  rts: 32
  probe_request: 27
  qos_data: 14
  block_ack: 10
  action: 4

unique SSIDs: 32
unique BSSIDs: 3942
================================================================================

================================================================================
STATISTICS after 70.0s
--------------------------------------------------------------------------------
total frames: 12469

by frame type:
  management: 11081
  control: 750
  data: 638

by frame subtype:
  beacon: 10979
  ack: 539
  null_data: 406
  data: 144
  cts: 99
  qos_null: 74
  probe_response: 71
  cf_end: 70
  rts: 32
  probe_request: 27
  qos_data: 14
  block_ack: 10
  action: 4

unique SSIDs: 32
unique BSSIDs: 4779
================================================================================

!!!!!!!!!!!!!!!!!!!!!!!!!!!!!!!!!!!!!!!!!!!!!!!!!!!!!!!!!!!!!!!!!!!!!!!!!!!!!!!!
[ALERT] ALERT-000066 | BEACON_FLOOD
severity: CRITICAL
time: 2026-05-16T15:47:55.111143
message: Wykryto możliwy atak Beacon Flood: 2002 ramek beacon, 959 unikalnych BSSID, 31 unikalnych SSID w oknie 10s.
evidence: {'beacon_count': 2002, 'unique_bssid_count': 959, 'unique_ssid_count': 31, 'window_seconds': 10, 'beacon_count_threshold': 200, 'unique_bssid_threshold': 60, 'unique_ssid_threshold': 40, 'triggered_reasons': ['high_beacon_rate', 'many_unique_bssids'], 'sample_ssids': ['TestNet_017', 'TestNet_011', 'TestNet_012', 'FunBox2-8124', 'TestNet_001', 'TestNet_023', 'TestNet_006', 'TestNet_003', 'TestNet_008', 'TestNet_021'], 'sample_bssids': ['26:93:39:9f:87:1a', '6b:3b:46:73:69:f7', '25:7f:ed:bf:e6:61', 'ff:ab:32:d5:62:d8', '80:bb:c3:cc:3e:a3', 'a6:e5:d6:02:a2:e4', '2b:51:ee:dc:e3:5e', 'cc:bf:9a:f0:67:51', '52:ea:f8:2c:5e:c1', '70:b7:60:32:6e:af']}
!!!!!!!!!!!!!!!!!!!!!!!!!!!!!!!!!!!!!!!!!!!!!!!!!!!!!!!!!!!!!!!!!!!!!!!!!!!!!!!!


================================================================================
STATISTICS after 80.1s
--------------------------------------------------------------------------------
total frames: 13220

by frame type:
  management: 11817
  control: 758
  data: 645

by frame subtype:
  beacon: 11715
  ack: 546
  null_data: 413
  data: 144
  cts: 99
  qos_null: 74
  probe_response: 71
  cf_end: 70
  rts: 33
  probe_request: 27
  qos_data: 14
  block_ack: 10
  action: 4

unique SSIDs: 32
unique BSSIDs: 5132
================================================================================

================================================================================
STATISTICS after 90.1s
--------------------------------------------------------------------------------
total frames: 14335

by frame type:
  management: 12896
  control: 778
  data: 661

by frame subtype:
  beacon: 12792
  ack: 566
  null_data: 422
  data: 151
  cts: 99
  qos_null: 74
  probe_response: 71
  cf_end: 70
  rts: 33
  probe_request: 27
  qos_data: 14
  block_ack: 10
  action: 6

unique SSIDs: 32
unique BSSIDs: 5648
================================================================================

!!!!!!!!!!!!!!!!!!!!!!!!!!!!!!!!!!!!!!!!!!!!!!!!!!!!!!!!!!!!!!!!!!!!!!!!!!!!!!!!
[ALERT] ALERT-000067 | BEACON_FLOOD
severity: CRITICAL
time: 2026-05-16T15:48:05.177889
message: Wykryto możliwy atak Beacon Flood: 1841 ramek beacon, 880 unikalnych BSSID, 31 unikalnych SSID w oknie 10s.
evidence: {'beacon_count': 1841, 'unique_bssid_count': 880, 'unique_ssid_count': 31, 'window_seconds': 10, 'beacon_count_threshold': 200, 'unique_bssid_threshold': 60, 'unique_ssid_threshold': 40, 'triggered_reasons': ['high_beacon_rate', 'many_unique_bssids'], 'sample_ssids': ['TestNet_017', 'TestNet_011', 'TestNet_012', 'FunBox2-8124', 'TestNet_001', 'TestNet_023', 'TestNet_006', 'TestNet_003', 'TestNet_008', 'TestNet_021'], 'sample_bssids': ['93:3f:ce:3d:79:24', '5e:b0:55:83:c6:bc', 'b4:89:cc:8f:33:54', 'e5:14:ee:50:d8:9b', 'd7:5f:72:5c:5c:ab', '5f:d0:5f:00:0e:e1', 'd1:72:6f:77:05:ae', 'ee:77:59:c3:04:b8', '8c:49:61:f9:03:65', 'a2:93:f3:15:65:0c']}
!!!!!!!!!!!!!!!!!!!!!!!!!!!!!!!!!!!!!!!!!!!!!!!!!!!!!!!!!!!!!!!!!!!!!!!!!!!!!!!!


================================================================================
STATISTICS after 100.1s
--------------------------------------------------------------------------------
total frames: 16582

by frame type:
  management: 14179
  control: 1290
  data: 1113

by frame subtype:
  beacon: 14011
  ack: 918
  null_data: 689
  data: 223
  cts: 167
  qos_null: 125
  probe_response: 114
  cf_end: 107
  qos_data: 76
  rts: 62
  probe_request: 46
  block_ack: 36
  action: 8

unique SSIDs: 33
unique BSSIDs: 5756
================================================================================

================================================================================
STATISTICS after 100.5s
--------------------------------------------------------------------------------
total frames: 16674

by frame type:
  management: 14232
  control: 1304
  data: 1138

by frame subtype:
  beacon: 14057
  ack: 932
  null_data: 714
  data: 223
  cts: 167
  qos_null: 125
  probe_response: 117
  cf_end: 107
  qos_data: 76
  rts: 62
  probe_request: 48
  block_ack: 36
  action: 10

unique SSIDs: 33
unique BSSIDs: 5756
================================================================================

================================================================================
DETECTION SUMMARY
--------------------------------------------------------------------------------
total alerts: 67

by attack type:
  POTENTIAL_EVIL_TWIN: 60
  BEACON_FLOOD: 7

by severity:
  LOW: 60
  CRITICAL: 6
  MEDIUM: 1
================================================================================
