
!!!!!!!!!!!!!!!!!!!!!!!!!!!!!!!!!!!!!!!!!!!!!!!!!!!!!!!!!!!!!!!!!!!!!!!!!!!!!!!!
[ALERT] ALERT-000001 | RTS_FLOOD_SOURCE
severity: MEDIUM
time: 2026-05-16T15:34:54.562347
message: Wykryto możliwy RTS Flood z pojedynczego źródła: 50 ramek RTS z adresu d8:d7:75:45:81:24 w oknie 5s.
evidence: {'source_mac': 'd8:d7:75:45:81:24', 'rts_count': 50, 'unique_destination_count': 1, 'rts_per_source_threshold': 50, 'window_seconds': 5, 'sample_destinations': ['8a:f4:af:eb:f3:fb']}
!!!!!!!!!!!!!!!!!!!!!!!!!!!!!!!!!!!!!!!!!!!!!!!!!!!!!!!!!!!!!!!!!!!!!!!!!!!!!!!!


!!!!!!!!!!!!!!!!!!!!!!!!!!!!!!!!!!!!!!!!!!!!!!!!!!!!!!!!!!!!!!!!!!!!!!!!!!!!!!!!
[ALERT] ALERT-000002 | RTS_CTS_FLOOD_GLOBAL
severity: MEDIUM
time: 2026-05-16T15:34:54.961611
message: Wykryto możliwy RTS/CTS Flood: 79 ramek RTS oraz 71 ramek CTS w oknie 5s.
evidence: {'rts_count': 79, 'cts_count': 71, 'combined_count': 150, 'window_seconds': 5, 'rts_count_threshold': 100, 'cts_count_threshold': 100, 'combined_count_threshold': 150, 'triggered_reasons': ['high_combined_rts_cts_rate'], 'unique_source_count': 2, 'unique_destination_count': 2, 'sample_sources': ['8a:f4:af:eb:f3:fb', 'd8:d7:75:45:81:24'], 'sample_destinations': ['8a:f4:af:eb:f3:fb', 'd8:d7:75:45:81:24']}
!!!!!!!!!!!!!!!!!!!!!!!!!!!!!!!!!!!!!!!!!!!!!!!!!!!!!!!!!!!!!!!!!!!!!!!!!!!!!!!!


!!!!!!!!!!!!!!!!!!!!!!!!!!!!!!!!!!!!!!!!!!!!!!!!!!!!!!!!!!!!!!!!!!!!!!!!!!!!!!!!
[ALERT] ALERT-000003 | RTS_FLOOD_SOURCE
severity: MEDIUM
time: 2026-05-16T15:34:55.402284
message: Wykryto możliwy RTS Flood z pojedynczego źródła: 50 ramek RTS z adresu 8a:f4:af:eb:f3:fb w oknie 5s.
evidence: {'source_mac': '8a:f4:af:eb:f3:fb', 'rts_count': 50, 'unique_destination_count': 1, 'rts_per_source_threshold': 50, 'window_seconds': 5, 'sample_destinations': ['d8:d7:75:45:81:24']}
!!!!!!!!!!!!!!!!!!!!!!!!!!!!!!!!!!!!!!!!!!!!!!!!!!!!!!!!!!!!!!!!!!!!!!!!!!!!!!!!


!!!!!!!!!!!!!!!!!!!!!!!!!!!!!!!!!!!!!!!!!!!!!!!!!!!!!!!!!!!!!!!!!!!!!!!!!!!!!!!!
[ALERT] ALERT-000004 | RTS_CTS_FLOOD_GLOBAL
severity: CRITICAL
time: 2026-05-16T15:35:00.007276
message: Wykryto możliwy RTS/CTS Flood: 329 ramek RTS oraz 215 ramek CTS w oknie 5s.
evidence: {'rts_count': 329, 'cts_count': 215, 'combined_count': 544, 'window_seconds': 5, 'rts_count_threshold': 100, 'cts_count_threshold': 100, 'combined_count_threshold': 150, 'triggered_reasons': ['high_rts_rate', 'high_cts_rate', 'high_combined_rts_cts_rate'], 'unique_source_count': 3, 'unique_destination_count': 3, 'sample_sources': ['8a:f4:af:eb:f3:fb', '54:35:30:cf:ee:1e', 'd8:d7:75:45:81:24'], 'sample_destinations': ['8a:f4:af:eb:f3:fb', '54:35:30:cf:ee:1e', 'd8:d7:75:45:81:24']}
!!!!!!!!!!!!!!!!!!!!!!!!!!!!!!!!!!!!!!!!!!!!!!!!!!!!!!!!!!!!!!!!!!!!!!!!!!!!!!!!


!!!!!!!!!!!!!!!!!!!!!!!!!!!!!!!!!!!!!!!!!!!!!!!!!!!!!!!!!!!!!!!!!!!!!!!!!!!!!!!!
[ALERT] ALERT-000005 | RTS_FLOOD_SOURCE
severity: CRITICAL
time: 2026-05-16T15:35:00.010557
message: Wykryto możliwy RTS Flood z pojedynczego źródła: 274 ramek RTS z adresu d8:d7:75:45:81:24 w oknie 5s.
evidence: {'source_mac': 'd8:d7:75:45:81:24', 'rts_count': 274, 'unique_destination_count': 1, 'rts_per_source_threshold': 50, 'window_seconds': 5, 'sample_destinations': ['8a:f4:af:eb:f3:fb']}
!!!!!!!!!!!!!!!!!!!!!!!!!!!!!!!!!!!!!!!!!!!!!!!!!!!!!!!!!!!!!!!!!!!!!!!!!!!!!!!!


!!!!!!!!!!!!!!!!!!!!!!!!!!!!!!!!!!!!!!!!!!!!!!!!!!!!!!!!!!!!!!!!!!!!!!!!!!!!!!!!
[ALERT] ALERT-000006 | RTS_FLOOD_SOURCE
severity: MEDIUM
time: 2026-05-16T15:35:03.666571
message: Wykryto możliwy RTS Flood z pojedynczego źródła: 50 ramek RTS z adresu 8a:f4:af:eb:f3:fb w oknie 5s.
evidence: {'source_mac': '8a:f4:af:eb:f3:fb', 'rts_count': 50, 'unique_destination_count': 1, 'rts_per_source_threshold': 50, 'window_seconds': 5, 'sample_destinations': ['d8:d7:75:45:81:24']}
!!!!!!!!!!!!!!!!!!!!!!!!!!!!!!!!!!!!!!!!!!!!!!!!!!!!!!!!!!!!!!!!!!!!!!!!!!!!!!!!


!!!!!!!!!!!!!!!!!!!!!!!!!!!!!!!!!!!!!!!!!!!!!!!!!!!!!!!!!!!!!!!!!!!!!!!!!!!!!!!!
[ALERT] ALERT-000007 | RTS_CTS_FLOOD_GLOBAL
severity: CRITICAL
time: 2026-05-16T15:35:05.037911
message: Wykryto możliwy RTS/CTS Flood: 402 ramek RTS oraz 270 ramek CTS w oknie 5s.
evidence: {'rts_count': 402, 'cts_count': 270, 'combined_count': 672, 'window_seconds': 5, 'rts_count_threshold': 100, 'cts_count_threshold': 100, 'combined_count_threshold': 150, 'triggered_reasons': ['high_rts_rate', 'high_cts_rate', 'high_combined_rts_cts_rate'], 'unique_source_count': 2, 'unique_destination_count': 2, 'sample_sources': ['8a:f4:af:eb:f3:fb', 'd8:d7:75:45:81:24'], 'sample_destinations': ['8a:f4:af:eb:f3:fb', 'd8:d7:75:45:81:24']}
!!!!!!!!!!!!!!!!!!!!!!!!!!!!!!!!!!!!!!!!!!!!!!!!!!!!!!!!!!!!!!!!!!!!!!!!!!!!!!!!


!!!!!!!!!!!!!!!!!!!!!!!!!!!!!!!!!!!!!!!!!!!!!!!!!!!!!!!!!!!!!!!!!!!!!!!!!!!!!!!!
[ALERT] ALERT-000008 | RTS_FLOOD_SOURCE
severity: CRITICAL
time: 2026-05-16T15:35:05.070189
message: Wykryto możliwy RTS Flood z pojedynczego źródła: 349 ramek RTS z adresu d8:d7:75:45:81:24 w oknie 5s.
evidence: {'source_mac': 'd8:d7:75:45:81:24', 'rts_count': 349, 'unique_destination_count': 1, 'rts_per_source_threshold': 50, 'window_seconds': 5, 'sample_destinations': ['8a:f4:af:eb:f3:fb']}
!!!!!!!!!!!!!!!!!!!!!!!!!!!!!!!!!!!!!!!!!!!!!!!!!!!!!!!!!!!!!!!!!!!!!!!!!!!!!!!!


!!!!!!!!!!!!!!!!!!!!!!!!!!!!!!!!!!!!!!!!!!!!!!!!!!!!!!!!!!!!!!!!!!!!!!!!!!!!!!!!
[ALERT] ALERT-000009 | RTS_FLOOD_SOURCE
severity: MEDIUM
time: 2026-05-16T15:35:17.218213
message: Wykryto możliwy RTS Flood z pojedynczego źródła: 50 ramek RTS z adresu d8:d7:75:45:81:24 w oknie 5s.
evidence: {'source_mac': 'd8:d7:75:45:81:24', 'rts_count': 50, 'unique_destination_count': 1, 'rts_per_source_threshold': 50, 'window_seconds': 5, 'sample_destinations': ['8a:f4:af:eb:f3:fb']}
!!!!!!!!!!!!!!!!!!!!!!!!!!!!!!!!!!!!!!!!!!!!!!!!!!!!!!!!!!!!!!!!!!!!!!!!!!!!!!!!


!!!!!!!!!!!!!!!!!!!!!!!!!!!!!!!!!!!!!!!!!!!!!!!!!!!!!!!!!!!!!!!!!!!!!!!!!!!!!!!!
[ALERT] ALERT-000010 | RTS_CTS_FLOOD_GLOBAL
severity: MEDIUM
time: 2026-05-16T15:35:17.340614
message: Wykryto możliwy RTS/CTS Flood: 99 ramek RTS oraz 51 ramek CTS w oknie 5s.
evidence: {'rts_count': 99, 'cts_count': 51, 'combined_count': 150, 'window_seconds': 5, 'rts_count_threshold': 100, 'cts_count_threshold': 100, 'combined_count_threshold': 150, 'triggered_reasons': ['high_combined_rts_cts_rate'], 'unique_source_count': 2, 'unique_destination_count': 2, 'sample_sources': ['8a:f4:af:eb:f3:fb', 'd8:d7:75:45:81:24'], 'sample_destinations': ['8a:f4:af:eb:f3:fb', 'd8:d7:75:45:81:24']}
!!!!!!!!!!!!!!!!!!!!!!!!!!!!!!!!!!!!!!!!!!!!!!!!!!!!!!!!!!!!!!!!!!!!!!!!!!!!!!!!


!!!!!!!!!!!!!!!!!!!!!!!!!!!!!!!!!!!!!!!!!!!!!!!!!!!!!!!!!!!!!!!!!!!!!!!!!!!!!!!!
[ALERT] ALERT-000011 | RTS_CTS_FLOOD_GLOBAL
severity: CRITICAL
time: 2026-05-16T15:35:22.617085
message: Wykryto możliwy RTS/CTS Flood: 267 ramek RTS oraz 203 ramek CTS w oknie 5s.
evidence: {'rts_count': 267, 'cts_count': 203, 'combined_count': 470, 'window_seconds': 5, 'rts_count_threshold': 100, 'cts_count_threshold': 100, 'combined_count_threshold': 150, 'triggered_reasons': ['high_rts_rate', 'high_cts_rate', 'high_combined_rts_cts_rate'], 'unique_source_count': 3, 'unique_destination_count': 3, 'sample_sources': ['8a:f4:af:eb:f3:fb', 'ce:d0:54:70:b1:b3', 'd8:d7:75:45:81:24'], 'sample_destinations': ['8a:f4:af:eb:f3:fb', 'ac:84:c6:41:71:22', 'd8:d7:75:45:81:24']}
!!!!!!!!!!!!!!!!!!!!!!!!!!!!!!!!!!!!!!!!!!!!!!!!!!!!!!!!!!!!!!!!!!!!!!!!!!!!!!!!


!!!!!!!!!!!!!!!!!!!!!!!!!!!!!!!!!!!!!!!!!!!!!!!!!!!!!!!!!!!!!!!!!!!!!!!!!!!!!!!!
[ALERT] ALERT-000012 | RTS_FLOOD_SOURCE
severity: CRITICAL
time: 2026-05-16T15:35:22.670883
message: Wykryto możliwy RTS Flood z pojedynczego źródła: 236 ramek RTS z adresu d8:d7:75:45:81:24 w oknie 5s.
evidence: {'source_mac': 'd8:d7:75:45:81:24', 'rts_count': 236, 'unique_destination_count': 1, 'rts_per_source_threshold': 50, 'window_seconds': 5, 'sample_destinations': ['8a:f4:af:eb:f3:fb']}
!!!!!!!!!!!!!!!!!!!!!!!!!!!!!!!!!!!!!!!!!!!!!!!!!!!!!!!!!!!!!!!!!!!!!!!!!!!!!!!!


!!!!!!!!!!!!!!!!!!!!!!!!!!!!!!!!!!!!!!!!!!!!!!!!!!!!!!!!!!!!!!!!!!!!!!!!!!!!!!!!
[ALERT] ALERT-000013 | RTS_CTS_FLOOD_GLOBAL
severity: MEDIUM
time: 2026-05-16T15:35:27.701083
message: Wykryto możliwy RTS/CTS Flood: 90 ramek RTS oraz 91 ramek CTS w oknie 5s.
evidence: {'rts_count': 90, 'cts_count': 91, 'combined_count': 181, 'window_seconds': 5, 'rts_count_threshold': 100, 'cts_count_threshold': 100, 'combined_count_threshold': 150, 'triggered_reasons': ['high_combined_rts_cts_rate'], 'unique_source_count': 2, 'unique_destination_count': 2, 'sample_sources': ['8a:f4:af:eb:f3:fb', 'd8:d7:75:45:81:24'], 'sample_destinations': ['8a:f4:af:eb:f3:fb', 'd8:d7:75:45:81:24']}
!!!!!!!!!!!!!!!!!!!!!!!!!!!!!!!!!!!!!!!!!!!!!!!!!!!!!!!!!!!!!!!!!!!!!!!!!!!!!!!!


!!!!!!!!!!!!!!!!!!!!!!!!!!!!!!!!!!!!!!!!!!!!!!!!!!!!!!!!!!!!!!!!!!!!!!!!!!!!!!!!
[ALERT] ALERT-000014 | RTS_FLOOD_SOURCE
severity: MEDIUM
time: 2026-05-16T15:35:27.701083
message: Wykryto możliwy RTS Flood z pojedynczego źródła: 87 ramek RTS z adresu d8:d7:75:45:81:24 w oknie 5s.
evidence: {'source_mac': 'd8:d7:75:45:81:24', 'rts_count': 87, 'unique_destination_count': 1, 'rts_per_source_threshold': 50, 'window_seconds': 5, 'sample_destinations': ['8a:f4:af:eb:f3:fb']}
!!!!!!!!!!!!!!!!!!!!!!!!!!!!!!!!!!!!!!!!!!!!!!!!!!!!!!!!!!!!!!!!!!!!!!!!!!!!!!!!


!!!!!!!!!!!!!!!!!!!!!!!!!!!!!!!!!!!!!!!!!!!!!!!!!!!!!!!!!!!!!!!!!!!!!!!!!!!!!!!!
[ALERT] ALERT-000015 | RTS_FLOOD_SOURCE
severity: MEDIUM
time: 2026-05-16T15:35:37.298333
message: Wykryto możliwy RTS Flood z pojedynczego źródła: 50 ramek RTS z adresu d8:d7:75:45:81:24 w oknie 5s.
evidence: {'source_mac': 'd8:d7:75:45:81:24', 'rts_count': 50, 'unique_destination_count': 1, 'rts_per_source_threshold': 50, 'window_seconds': 5, 'sample_destinations': ['8a:f4:af:eb:f3:fb']}
!!!!!!!!!!!!!!!!!!!!!!!!!!!!!!!!!!!!!!!!!!!!!!!!!!!!!!!!!!!!!!!!!!!!!!!!!!!!!!!!


!!!!!!!!!!!!!!!!!!!!!!!!!!!!!!!!!!!!!!!!!!!!!!!!!!!!!!!!!!!!!!!!!!!!!!!!!!!!!!!!
[ALERT] ALERT-000016 | RTS_CTS_FLOOD_GLOBAL
severity: MEDIUM
time: 2026-05-16T15:35:37.382157
message: Wykryto możliwy RTS/CTS Flood: 84 ramek RTS oraz 66 ramek CTS w oknie 5s.
evidence: {'rts_count': 84, 'cts_count': 66, 'combined_count': 150, 'window_seconds': 5, 'rts_count_threshold': 100, 'cts_count_threshold': 100, 'combined_count_threshold': 150, 'triggered_reasons': ['high_combined_rts_cts_rate'], 'unique_source_count': 2, 'unique_destination_count': 2, 'sample_sources': ['8a:f4:af:eb:f3:fb', 'd8:d7:75:45:81:24'], 'sample_destinations': ['8a:f4:af:eb:f3:fb', 'd8:d7:75:45:81:24']}
!!!!!!!!!!!!!!!!!!!!!!!!!!!!!!!!!!!!!!!!!!!!!!!!!!!!!!!!!!!!!!!!!!!!!!!!!!!!!!!!


!!!!!!!!!!!!!!!!!!!!!!!!!!!!!!!!!!!!!!!!!!!!!!!!!!!!!!!!!!!!!!!!!!!!!!!!!!!!!!!!
[ALERT] ALERT-000017 | RTS_FLOOD_SOURCE
severity: MEDIUM
time: 2026-05-16T15:35:49.603871
message: Wykryto możliwy RTS Flood z pojedynczego źródła: 50 ramek RTS z adresu d8:d7:75:45:81:24 w oknie 5s.
evidence: {'source_mac': 'd8:d7:75:45:81:24', 'rts_count': 50, 'unique_destination_count': 1, 'rts_per_source_threshold': 50, 'window_seconds': 5, 'sample_destinations': ['8a:f4:af:eb:f3:fb']}
!!!!!!!!!!!!!!!!!!!!!!!!!!!!!!!!!!!!!!!!!!!!!!!!!!!!!!!!!!!!!!!!!!!!!!!!!!!!!!!!


!!!!!!!!!!!!!!!!!!!!!!!!!!!!!!!!!!!!!!!!!!!!!!!!!!!!!!!!!!!!!!!!!!!!!!!!!!!!!!!!
[ALERT] ALERT-000018 | RTS_CTS_FLOOD_GLOBAL
severity: MEDIUM
time: 2026-05-16T15:35:49.991743
message: Wykryto możliwy RTS/CTS Flood: 88 ramek RTS oraz 62 ramek CTS w oknie 5s.
evidence: {'rts_count': 88, 'cts_count': 62, 'combined_count': 150, 'window_seconds': 5, 'rts_count_threshold': 100, 'cts_count_threshold': 100, 'combined_count_threshold': 150, 'triggered_reasons': ['high_combined_rts_cts_rate'], 'unique_source_count': 1, 'unique_destination_count': 2, 'sample_sources': ['d8:d7:75:45:81:24'], 'sample_destinations': ['8a:f4:af:eb:f3:fb', 'd8:d7:75:45:81:24']}
!!!!!!!!!!!!!!!!!!!!!!!!!!!!!!!!!!!!!!!!!!!!!!!!!!!!!!!!!!!!!!!!!!!!!!!!!!!!!!!!


!!!!!!!!!!!!!!!!!!!!!!!!!!!!!!!!!!!!!!!!!!!!!!!!!!!!!!!!!!!!!!!!!!!!!!!!!!!!!!!!
[ALERT] ALERT-000019 | RTS_FLOOD_SOURCE
severity: CRITICAL
time: 2026-05-16T15:35:54.749484
message: Wykryto możliwy RTS Flood z pojedynczego źródła: 469 ramek RTS z adresu d8:d7:75:45:81:24 w oknie 5s.
evidence: {'source_mac': 'd8:d7:75:45:81:24', 'rts_count': 469, 'unique_destination_count': 1, 'rts_per_source_threshold': 50, 'window_seconds': 5, 'sample_destinations': ['8a:f4:af:eb:f3:fb']}
!!!!!!!!!!!!!!!!!!!!!!!!!!!!!!!!!!!!!!!!!!!!!!!!!!!!!!!!!!!!!!!!!!!!!!!!!!!!!!!!


!!!!!!!!!!!!!!!!!!!!!!!!!!!!!!!!!!!!!!!!!!!!!!!!!!!!!!!!!!!!!!!!!!!!!!!!!!!!!!!!
[ALERT] ALERT-000020 | RTS_CTS_FLOOD_GLOBAL
severity: CRITICAL
time: 2026-05-16T15:35:55.025668
message: Wykryto możliwy RTS/CTS Flood: 463 ramek RTS oraz 305 ramek CTS w oknie 5s.
evidence: {'rts_count': 463, 'cts_count': 305, 'combined_count': 768, 'window_seconds': 5, 'rts_count_threshold': 100, 'cts_count_threshold': 100, 'combined_count_threshold': 150, 'triggered_reasons': ['high_rts_rate', 'high_cts_rate', 'high_combined_rts_cts_rate'], 'unique_source_count': 3, 'unique_destination_count': 3, 'sample_sources': ['8a:f4:af:eb:f3:fb', 'ce:d0:54:70:b1:b3', 'd8:d7:75:45:81:24'], 'sample_destinations': ['8a:f4:af:eb:f3:fb', 'ac:84:c6:41:71:22', 'd8:d7:75:45:81:24']}
!!!!!!!!!!!!!!!!!!!!!!!!!!!!!!!!!!!!!!!!!!!!!!!!!!!!!!!!!!!!!!!!!!!!!!!!!!!!!!!!


!!!!!!!!!!!!!!!!!!!!!!!!!!!!!!!!!!!!!!!!!!!!!!!!!!!!!!!!!!!!!!!!!!!!!!!!!!!!!!!!
[ALERT] ALERT-000021 | RTS_FLOOD_SOURCE
severity: MEDIUM
time: 2026-05-16T15:36:01.231617
message: Wykryto możliwy RTS Flood z pojedynczego źródła: 50 ramek RTS z adresu d8:d7:75:45:81:24 w oknie 5s.
evidence: {'source_mac': 'd8:d7:75:45:81:24', 'rts_count': 50, 'unique_destination_count': 1, 'rts_per_source_threshold': 50, 'window_seconds': 5, 'sample_destinations': ['8a:f4:af:eb:f3:fb']}
!!!!!!!!!!!!!!!!!!!!!!!!!!!!!!!!!!!!!!!!!!!!!!!!!!!!!!!!!!!!!!!!!!!!!!!!!!!!!!!!


!!!!!!!!!!!!!!!!!!!!!!!!!!!!!!!!!!!!!!!!!!!!!!!!!!!!!!!!!!!!!!!!!!!!!!!!!!!!!!!!
[ALERT] ALERT-000022 | RTS_CTS_FLOOD_GLOBAL
severity: MEDIUM
time: 2026-05-16T15:36:01.494985
message: Wykryto możliwy RTS/CTS Flood: 95 ramek RTS oraz 55 ramek CTS w oknie 5s.
evidence: {'rts_count': 95, 'cts_count': 55, 'combined_count': 150, 'window_seconds': 5, 'rts_count_threshold': 100, 'cts_count_threshold': 100, 'combined_count_threshold': 150, 'triggered_reasons': ['high_combined_rts_cts_rate'], 'unique_source_count': 1, 'unique_destination_count': 2, 'sample_sources': ['d8:d7:75:45:81:24'], 'sample_destinations': ['8a:f4:af:eb:f3:fb', 'd8:d7:75:45:81:24']}
!!!!!!!!!!!!!!!!!!!!!!!!!!!!!!!!!!!!!!!!!!!!!!!!!!!!!!!!!!!!!!!!!!!!!!!!!!!!!!!!


================================================================================
STATISTICS after 10.0s
--------------------------------------------------------------------------------
total frames: 8606

by frame type:
  control: 7289
  management: 839
  data: 478

by frame subtype:
  rts: 2489
  cts: 1755
  block_ack: 1710
  ack: 1335
  beacon: 783
  null_data: 357
  data: 84
  probe_response: 30
  qos_null: 25
  probe_request: 21
  qos_data: 12
  action: 5

unique SSIDs: 2
unique BSSIDs: 10
================================================================================

!!!!!!!!!!!!!!!!!!!!!!!!!!!!!!!!!!!!!!!!!!!!!!!!!!!!!!!!!!!!!!!!!!!!!!!!!!!!!!!!
[ALERT] ALERT-000023 | RTS_FLOOD_SOURCE
severity: CRITICAL
time: 2026-05-16T15:36:06.284357
message: Wykryto możliwy RTS Flood z pojedynczego źródła: 411 ramek RTS z adresu d8:d7:75:45:81:24 w oknie 5s.
evidence: {'source_mac': 'd8:d7:75:45:81:24', 'rts_count': 411, 'unique_destination_count': 1, 'rts_per_source_threshold': 50, 'window_seconds': 5, 'sample_destinations': ['8a:f4:af:eb:f3:fb']}
!!!!!!!!!!!!!!!!!!!!!!!!!!!!!!!!!!!!!!!!!!!!!!!!!!!!!!!!!!!!!!!!!!!!!!!!!!!!!!!!


!!!!!!!!!!!!!!!!!!!!!!!!!!!!!!!!!!!!!!!!!!!!!!!!!!!!!!!!!!!!!!!!!!!!!!!!!!!!!!!!
[ALERT] ALERT-000024 | RTS_CTS_FLOOD_GLOBAL
severity: HIGH
time: 2026-05-16T15:36:07.612001
message: Wykryto możliwy RTS/CTS Flood: 168 ramek RTS oraz 111 ramek CTS w oknie 5s.
evidence: {'rts_count': 168, 'cts_count': 111, 'combined_count': 279, 'window_seconds': 5, 'rts_count_threshold': 100, 'cts_count_threshold': 100, 'combined_count_threshold': 150, 'triggered_reasons': ['high_rts_rate', 'high_cts_rate', 'high_combined_rts_cts_rate'], 'unique_source_count': 2, 'unique_destination_count': 2, 'sample_sources': ['8a:f4:af:eb:f3:fb', 'd8:d7:75:45:81:24'], 'sample_destinations': ['8a:f4:af:eb:f3:fb', 'd8:d7:75:45:81:24']}
!!!!!!!!!!!!!!!!!!!!!!!!!!!!!!!!!!!!!!!!!!!!!!!!!!!!!!!!!!!!!!!!!!!!!!!!!!!!!!!!


!!!!!!!!!!!!!!!!!!!!!!!!!!!!!!!!!!!!!!!!!!!!!!!!!!!!!!!!!!!!!!!!!!!!!!!!!!!!!!!!
[ALERT] ALERT-000025 | RTS_FLOOD_SOURCE
severity: MEDIUM
time: 2026-05-16T15:36:16.166492
message: Wykryto możliwy RTS Flood z pojedynczego źródła: 50 ramek RTS z adresu d8:d7:75:45:81:24 w oknie 5s.
evidence: {'source_mac': 'd8:d7:75:45:81:24', 'rts_count': 50, 'unique_destination_count': 1, 'rts_per_source_threshold': 50, 'window_seconds': 5, 'sample_destinations': ['8a:f4:af:eb:f3:fb']}
!!!!!!!!!!!!!!!!!!!!!!!!!!!!!!!!!!!!!!!!!!!!!!!!!!!!!!!!!!!!!!!!!!!!!!!!!!!!!!!!


!!!!!!!!!!!!!!!!!!!!!!!!!!!!!!!!!!!!!!!!!!!!!!!!!!!!!!!!!!!!!!!!!!!!!!!!!!!!!!!!
[ALERT] ALERT-000026 | RTS_CTS_FLOOD_GLOBAL
severity: MEDIUM
time: 2026-05-16T15:36:16.484361
message: Wykryto możliwy RTS/CTS Flood: 100 ramek RTS oraz 47 ramek CTS w oknie 5s.
evidence: {'rts_count': 100, 'cts_count': 47, 'combined_count': 147, 'window_seconds': 5, 'rts_count_threshold': 100, 'cts_count_threshold': 100, 'combined_count_threshold': 150, 'triggered_reasons': ['high_rts_rate'], 'unique_source_count': 1, 'unique_destination_count': 2, 'sample_sources': ['d8:d7:75:45:81:24'], 'sample_destinations': ['8a:f4:af:eb:f3:fb', 'd8:d7:75:45:81:24']}
!!!!!!!!!!!!!!!!!!!!!!!!!!!!!!!!!!!!!!!!!!!!!!!!!!!!!!!!!!!!!!!!!!!!!!!!!!!!!!!!


!!!!!!!!!!!!!!!!!!!!!!!!!!!!!!!!!!!!!!!!!!!!!!!!!!!!!!!!!!!!!!!!!!!!!!!!!!!!!!!!
[ALERT] ALERT-000027 | RTS_FLOOD_SOURCE
severity: MEDIUM
time: 2026-05-16T15:36:25.187679
message: Wykryto możliwy RTS Flood z pojedynczego źródła: 50 ramek RTS z adresu d8:d7:75:45:81:24 w oknie 5s.
evidence: {'source_mac': 'd8:d7:75:45:81:24', 'rts_count': 50, 'unique_destination_count': 1, 'rts_per_source_threshold': 50, 'window_seconds': 5, 'sample_destinations': ['8a:f4:af:eb:f3:fb']}
!!!!!!!!!!!!!!!!!!!!!!!!!!!!!!!!!!!!!!!!!!!!!!!!!!!!!!!!!!!!!!!!!!!!!!!!!!!!!!!!


!!!!!!!!!!!!!!!!!!!!!!!!!!!!!!!!!!!!!!!!!!!!!!!!!!!!!!!!!!!!!!!!!!!!!!!!!!!!!!!!
[ALERT] ALERT-000028 | RTS_CTS_FLOOD_GLOBAL
severity: MEDIUM
time: 2026-05-16T15:36:25.544624
message: Wykryto możliwy RTS/CTS Flood: 100 ramek RTS oraz 50 ramek CTS w oknie 5s.
evidence: {'rts_count': 100, 'cts_count': 50, 'combined_count': 150, 'window_seconds': 5, 'rts_count_threshold': 100, 'cts_count_threshold': 100, 'combined_count_threshold': 150, 'triggered_reasons': ['high_rts_rate', 'high_combined_rts_cts_rate'], 'unique_source_count': 1, 'unique_destination_count': 2, 'sample_sources': ['d8:d7:75:45:81:24'], 'sample_destinations': ['8a:f4:af:eb:f3:fb', 'd8:d7:75:45:81:24']}
!!!!!!!!!!!!!!!!!!!!!!!!!!!!!!!!!!!!!!!!!!!!!!!!!!!!!!!!!!!!!!!!!!!!!!!!!!!!!!!!


!!!!!!!!!!!!!!!!!!!!!!!!!!!!!!!!!!!!!!!!!!!!!!!!!!!!!!!!!!!!!!!!!!!!!!!!!!!!!!!!
[ALERT] ALERT-000029 | POTENTIAL_EVIL_TWIN
severity: LOW
time: 2026-05-16T15:36:30.341713
message: Wykryto potencjalny Evil Twin / Rogue AP dla SSID 'TestNet_001'. Zaobserwowano 2 różnych BSSID oraz podejrzane różnice parametrów sieci.
evidence: {'ssid': 'TestNet_001', 'bssid_count': 2, 'bssids': ['eb:47:8c:c1:f4:b9', 'dd:2f:ed:d3:f8:f9'], 'triggered_reasons': ['same_ssid_multiple_bssid'], 'observations': {'eb:47:8c:c1:f4:b9': {'first_seen': 1778945790.035644, 'last_seen': 1778945790.036597, 'seen_count': 2, 'channels': [], 'avg_rssi': None}, 'dd:2f:ed:d3:f8:f9': {'first_seen': 1778945790.341713, 'last_seen': 1778945790.341713, 'seen_count': 1, 'channels': [], 'avg_rssi': None}}}
!!!!!!!!!!!!!!!!!!!!!!!!!!!!!!!!!!!!!!!!!!!!!!!!!!!!!!!!!!!!!!!!!!!!!!!!!!!!!!!!


!!!!!!!!!!!!!!!!!!!!!!!!!!!!!!!!!!!!!!!!!!!!!!!!!!!!!!!!!!!!!!!!!!!!!!!!!!!!!!!!
[ALERT] ALERT-000030 | POTENTIAL_EVIL_TWIN
severity: LOW
time: 2026-05-16T15:36:30.351827
message: Wykryto potencjalny Evil Twin / Rogue AP dla SSID 'TestNet_002'. Zaobserwowano 2 różnych BSSID oraz podejrzane różnice parametrów sieci.
evidence: {'ssid': 'TestNet_002', 'bssid_count': 2, 'bssids': ['36:b2:06:01:88:d3', '6c:05:02:56:af:6c'], 'triggered_reasons': ['same_ssid_multiple_bssid'], 'observations': {'36:b2:06:01:88:d3': {'first_seen': 1778945790.045738, 'last_seen': 1778945790.046722, 'seen_count': 2, 'channels': [], 'avg_rssi': None}, '6c:05:02:56:af:6c': {'first_seen': 1778945790.351827, 'last_seen': 1778945790.351827, 'seen_count': 1, 'channels': [], 'avg_rssi': None}}}
!!!!!!!!!!!!!!!!!!!!!!!!!!!!!!!!!!!!!!!!!!!!!!!!!!!!!!!!!!!!!!!!!!!!!!!!!!!!!!!!


!!!!!!!!!!!!!!!!!!!!!!!!!!!!!!!!!!!!!!!!!!!!!!!!!!!!!!!!!!!!!!!!!!!!!!!!!!!!!!!!
[ALERT] ALERT-000031 | POTENTIAL_EVIL_TWIN
severity: LOW
time: 2026-05-16T15:36:30.361939
message: Wykryto potencjalny Evil Twin / Rogue AP dla SSID 'TestNet_003'. Zaobserwowano 2 różnych BSSID oraz podejrzane różnice parametrów sieci.
evidence: {'ssid': 'TestNet_003', 'bssid_count': 2, 'bssids': ['7e:28:7f:ce:80:2b', '1c:34:fa:0f:ed:3d'], 'triggered_reasons': ['same_ssid_multiple_bssid'], 'observations': {'7e:28:7f:ce:80:2b': {'first_seen': 1778945790.057751, 'last_seen': 1778945790.058593, 'seen_count': 2, 'channels': [], 'avg_rssi': None}, '1c:34:fa:0f:ed:3d': {'first_seen': 1778945790.361939, 'last_seen': 1778945790.361939, 'seen_count': 1, 'channels': [], 'avg_rssi': None}}}
!!!!!!!!!!!!!!!!!!!!!!!!!!!!!!!!!!!!!!!!!!!!!!!!!!!!!!!!!!!!!!!!!!!!!!!!!!!!!!!!


!!!!!!!!!!!!!!!!!!!!!!!!!!!!!!!!!!!!!!!!!!!!!!!!!!!!!!!!!!!!!!!!!!!!!!!!!!!!!!!!
[ALERT] ALERT-000032 | POTENTIAL_EVIL_TWIN
severity: LOW
time: 2026-05-16T15:36:30.372037
message: Wykryto potencjalny Evil Twin / Rogue AP dla SSID 'TestNet_004'. Zaobserwowano 2 różnych BSSID oraz podejrzane różnice parametrów sieci.
evidence: {'ssid': 'TestNet_004', 'bssid_count': 2, 'bssids': ['71:07:a4:14:f3:eb', '2e:5f:6b:76:3c:9a'], 'triggered_reasons': ['same_ssid_multiple_bssid'], 'observations': {'71:07:a4:14:f3:eb': {'first_seen': 1778945790.067878, 'last_seen': 1778945790.068845, 'seen_count': 2, 'channels': [], 'avg_rssi': None}, '2e:5f:6b:76:3c:9a': {'first_seen': 1778945790.372037, 'last_seen': 1778945790.372037, 'seen_count': 1, 'channels': [], 'avg_rssi': None}}}
!!!!!!!!!!!!!!!!!!!!!!!!!!!!!!!!!!!!!!!!!!!!!!!!!!!!!!!!!!!!!!!!!!!!!!!!!!!!!!!!


!!!!!!!!!!!!!!!!!!!!!!!!!!!!!!!!!!!!!!!!!!!!!!!!!!!!!!!!!!!!!!!!!!!!!!!!!!!!!!!!
[ALERT] ALERT-000033 | POTENTIAL_EVIL_TWIN
severity: LOW
time: 2026-05-16T15:36:30.382130
message: Wykryto potencjalny Evil Twin / Rogue AP dla SSID 'TestNet_005'. Zaobserwowano 2 różnych BSSID oraz podejrzane różnice parametrów sieci.
evidence: {'ssid': 'TestNet_005', 'bssid_count': 2, 'bssids': ['59:c8:b4:da:ff:67', '5c:69:d2:d4:d5:d7'], 'triggered_reasons': ['same_ssid_multiple_bssid'], 'observations': {'59:c8:b4:da:ff:67': {'first_seen': 1778945790.077976, 'last_seen': 1778945790.078969, 'seen_count': 2, 'channels': [], 'avg_rssi': None}, '5c:69:d2:d4:d5:d7': {'first_seen': 1778945790.38213, 'last_seen': 1778945790.38213, 'seen_count': 1, 'channels': [], 'avg_rssi': None}}}
!!!!!!!!!!!!!!!!!!!!!!!!!!!!!!!!!!!!!!!!!!!!!!!!!!!!!!!!!!!!!!!!!!!!!!!!!!!!!!!!


!!!!!!!!!!!!!!!!!!!!!!!!!!!!!!!!!!!!!!!!!!!!!!!!!!!!!!!!!!!!!!!!!!!!!!!!!!!!!!!!
[ALERT] ALERT-000034 | POTENTIAL_EVIL_TWIN
severity: LOW
time: 2026-05-16T15:36:30.392224
message: Wykryto potencjalny Evil Twin / Rogue AP dla SSID 'TestNet_006'. Zaobserwowano 2 różnych BSSID oraz podejrzane różnice parametrów sieci.
evidence: {'ssid': 'TestNet_006', 'bssid_count': 2, 'bssids': ['b3:f8:d4:aa:76:fc', '42:55:8e:c7:71:c3'], 'triggered_reasons': ['same_ssid_multiple_bssid'], 'observations': {'b3:f8:d4:aa:76:fc': {'first_seen': 1778945790.088078, 'last_seen': 1778945790.089091, 'seen_count': 2, 'channels': [], 'avg_rssi': None}, '42:55:8e:c7:71:c3': {'first_seen': 1778945790.392224, 'last_seen': 1778945790.392224, 'seen_count': 1, 'channels': [], 'avg_rssi': None}}}
!!!!!!!!!!!!!!!!!!!!!!!!!!!!!!!!!!!!!!!!!!!!!!!!!!!!!!!!!!!!!!!!!!!!!!!!!!!!!!!!


!!!!!!!!!!!!!!!!!!!!!!!!!!!!!!!!!!!!!!!!!!!!!!!!!!!!!!!!!!!!!!!!!!!!!!!!!!!!!!!!
[ALERT] ALERT-000035 | POTENTIAL_EVIL_TWIN
severity: LOW
time: 2026-05-16T15:36:30.402329
message: Wykryto potencjalny Evil Twin / Rogue AP dla SSID 'TestNet_007'. Zaobserwowano 2 różnych BSSID oraz podejrzane różnice parametrów sieci.
evidence: {'ssid': 'TestNet_007', 'bssid_count': 2, 'bssids': ['54:dd:c4:f0:4e:cb', 'fe:f3:fd:c6:21:5c'], 'triggered_reasons': ['same_ssid_multiple_bssid'], 'observations': {'54:dd:c4:f0:4e:cb': {'first_seen': 1778945790.098318, 'last_seen': 1778945790.09922, 'seen_count': 2, 'channels': [], 'avg_rssi': None}, 'fe:f3:fd:c6:21:5c': {'first_seen': 1778945790.402329, 'last_seen': 1778945790.402329, 'seen_count': 1, 'channels': [], 'avg_rssi': None}}}
!!!!!!!!!!!!!!!!!!!!!!!!!!!!!!!!!!!!!!!!!!!!!!!!!!!!!!!!!!!!!!!!!!!!!!!!!!!!!!!!


!!!!!!!!!!!!!!!!!!!!!!!!!!!!!!!!!!!!!!!!!!!!!!!!!!!!!!!!!!!!!!!!!!!!!!!!!!!!!!!!
[ALERT] ALERT-000036 | POTENTIAL_EVIL_TWIN
severity: LOW
time: 2026-05-16T15:36:30.412428
message: Wykryto potencjalny Evil Twin / Rogue AP dla SSID 'TestNet_008'. Zaobserwowano 2 różnych BSSID oraz podejrzane różnice parametrów sieci.
evidence: {'ssid': 'TestNet_008', 'bssid_count': 2, 'bssids': ['80:03:73:5f:5c:3b', 'cc:fb:a8:5f:58:12'], 'triggered_reasons': ['same_ssid_multiple_bssid'], 'observations': {'80:03:73:5f:5c:3b': {'first_seen': 1778945790.108435, 'last_seen': 1778945790.109348, 'seen_count': 2, 'channels': [], 'avg_rssi': None}, 'cc:fb:a8:5f:58:12': {'first_seen': 1778945790.412428, 'last_seen': 1778945790.412428, 'seen_count': 1, 'channels': [], 'avg_rssi': None}}}
!!!!!!!!!!!!!!!!!!!!!!!!!!!!!!!!!!!!!!!!!!!!!!!!!!!!!!!!!!!!!!!!!!!!!!!!!!!!!!!!


!!!!!!!!!!!!!!!!!!!!!!!!!!!!!!!!!!!!!!!!!!!!!!!!!!!!!!!!!!!!!!!!!!!!!!!!!!!!!!!!
[ALERT] ALERT-000037 | POTENTIAL_EVIL_TWIN
severity: LOW
time: 2026-05-16T15:36:30.422549
message: Wykryto potencjalny Evil Twin / Rogue AP dla SSID 'TestNet_009'. Zaobserwowano 2 różnych BSSID oraz podejrzane różnice parametrów sieci.
evidence: {'ssid': 'TestNet_009', 'bssid_count': 2, 'bssids': ['7b:17:3a:6a:cb:32', '08:02:13:8f:44:68'], 'triggered_reasons': ['same_ssid_multiple_bssid'], 'observations': {'7b:17:3a:6a:cb:32': {'first_seen': 1778945790.118561, 'last_seen': 1778945790.11973, 'seen_count': 2, 'channels': [], 'avg_rssi': None}, '08:02:13:8f:44:68': {'first_seen': 1778945790.422549, 'last_seen': 1778945790.422549, 'seen_count': 1, 'channels': [], 'avg_rssi': None}}}
!!!!!!!!!!!!!!!!!!!!!!!!!!!!!!!!!!!!!!!!!!!!!!!!!!!!!!!!!!!!!!!!!!!!!!!!!!!!!!!!


!!!!!!!!!!!!!!!!!!!!!!!!!!!!!!!!!!!!!!!!!!!!!!!!!!!!!!!!!!!!!!!!!!!!!!!!!!!!!!!!
[ALERT] ALERT-000038 | POTENTIAL_EVIL_TWIN
severity: LOW
time: 2026-05-16T15:36:30.432686
message: Wykryto potencjalny Evil Twin / Rogue AP dla SSID 'TestNet_010'. Zaobserwowano 2 różnych BSSID oraz podejrzane różnice parametrów sieci.
evidence: {'ssid': 'TestNet_010', 'bssid_count': 2, 'bssids': ['3a:9e:ed:b7:f2:cb', 'e0:cc:59:91:cb:4c'], 'triggered_reasons': ['same_ssid_multiple_bssid'], 'observations': {'3a:9e:ed:b7:f2:cb': {'first_seen': 1778945790.128648, 'last_seen': 1778945790.129846, 'seen_count': 2, 'channels': [], 'avg_rssi': None}, 'e0:cc:59:91:cb:4c': {'first_seen': 1778945790.432686, 'last_seen': 1778945790.432686, 'seen_count': 1, 'channels': [], 'avg_rssi': None}}}
!!!!!!!!!!!!!!!!!!!!!!!!!!!!!!!!!!!!!!!!!!!!!!!!!!!!!!!!!!!!!!!!!!!!!!!!!!!!!!!!


!!!!!!!!!!!!!!!!!!!!!!!!!!!!!!!!!!!!!!!!!!!!!!!!!!!!!!!!!!!!!!!!!!!!!!!!!!!!!!!!
[ALERT] ALERT-000039 | POTENTIAL_EVIL_TWIN
severity: LOW
time: 2026-05-16T15:36:30.442806
message: Wykryto potencjalny Evil Twin / Rogue AP dla SSID 'TestNet_011'. Zaobserwowano 2 różnych BSSID oraz podejrzane różnice parametrów sieci.
evidence: {'ssid': 'TestNet_011', 'bssid_count': 2, 'bssids': ['46:76:7c:05:f6:7f', 'ea:c3:05:83:8f:01'], 'triggered_reasons': ['same_ssid_multiple_bssid'], 'observations': {'46:76:7c:05:f6:7f': {'first_seen': 1778945790.13874, 'last_seen': 1778945790.139718, 'seen_count': 2, 'channels': [], 'avg_rssi': None}, 'ea:c3:05:83:8f:01': {'first_seen': 1778945790.442806, 'last_seen': 1778945790.442806, 'seen_count': 1, 'channels': [], 'avg_rssi': None}}}
!!!!!!!!!!!!!!!!!!!!!!!!!!!!!!!!!!!!!!!!!!!!!!!!!!!!!!!!!!!!!!!!!!!!!!!!!!!!!!!!


!!!!!!!!!!!!!!!!!!!!!!!!!!!!!!!!!!!!!!!!!!!!!!!!!!!!!!!!!!!!!!!!!!!!!!!!!!!!!!!!
[ALERT] ALERT-000040 | POTENTIAL_EVIL_TWIN
severity: LOW
time: 2026-05-16T15:36:30.454680
message: Wykryto potencjalny Evil Twin / Rogue AP dla SSID 'TestNet_012'. Zaobserwowano 2 różnych BSSID oraz podejrzane różnice parametrów sieci.
evidence: {'ssid': 'TestNet_012', 'bssid_count': 2, 'bssids': ['b3:6a:12:ee:e5:2a', '3e:1f:85:25:27:87'], 'triggered_reasons': ['same_ssid_multiple_bssid'], 'observations': {'b3:6a:12:ee:e5:2a': {'first_seen': 1778945790.148846, 'last_seen': 1778945790.14972, 'seen_count': 2, 'channels': [], 'avg_rssi': None}, '3e:1f:85:25:27:87': {'first_seen': 1778945790.45468, 'last_seen': 1778945790.45468, 'seen_count': 1, 'channels': [], 'avg_rssi': None}}}
!!!!!!!!!!!!!!!!!!!!!!!!!!!!!!!!!!!!!!!!!!!!!!!!!!!!!!!!!!!!!!!!!!!!!!!!!!!!!!!!


!!!!!!!!!!!!!!!!!!!!!!!!!!!!!!!!!!!!!!!!!!!!!!!!!!!!!!!!!!!!!!!!!!!!!!!!!!!!!!!!
[ALERT] ALERT-000041 | POTENTIAL_EVIL_TWIN
severity: LOW
time: 2026-05-16T15:36:30.465120
message: Wykryto potencjalny Evil Twin / Rogue AP dla SSID 'TestNet_013'. Zaobserwowano 2 różnych BSSID oraz podejrzane różnice parametrów sieci.
evidence: {'ssid': 'TestNet_013', 'bssid_count': 2, 'bssids': ['5b:8e:6a:04:c8:08', 'a0:d4:d7:79:b4:a3'], 'triggered_reasons': ['same_ssid_multiple_bssid'], 'observations': {'5b:8e:6a:04:c8:08': {'first_seen': 1778945790.158943, 'last_seen': 1778945790.159847, 'seen_count': 2, 'channels': [], 'avg_rssi': None}, 'a0:d4:d7:79:b4:a3': {'first_seen': 1778945790.46512, 'last_seen': 1778945790.46512, 'seen_count': 1, 'channels': [], 'avg_rssi': None}}}
!!!!!!!!!!!!!!!!!!!!!!!!!!!!!!!!!!!!!!!!!!!!!!!!!!!!!!!!!!!!!!!!!!!!!!!!!!!!!!!!


!!!!!!!!!!!!!!!!!!!!!!!!!!!!!!!!!!!!!!!!!!!!!!!!!!!!!!!!!!!!!!!!!!!!!!!!!!!!!!!!
[ALERT] ALERT-000042 | POTENTIAL_EVIL_TWIN
severity: LOW
time: 2026-05-16T15:36:30.476677
message: Wykryto potencjalny Evil Twin / Rogue AP dla SSID 'TestNet_014'. Zaobserwowano 2 różnych BSSID oraz podejrzane różnice parametrów sieci.
evidence: {'ssid': 'TestNet_014', 'bssid_count': 2, 'bssids': ['bc:fa:dc:d6:41:52', '1e:d3:00:8c:be:c3'], 'triggered_reasons': ['same_ssid_multiple_bssid'], 'observations': {'bc:fa:dc:d6:41:52': {'first_seen': 1778945790.169063, 'last_seen': 1778945790.170227, 'seen_count': 2, 'channels': [], 'avg_rssi': None}, '1e:d3:00:8c:be:c3': {'first_seen': 1778945790.476677, 'last_seen': 1778945790.476677, 'seen_count': 1, 'channels': [], 'avg_rssi': None}}}
!!!!!!!!!!!!!!!!!!!!!!!!!!!!!!!!!!!!!!!!!!!!!!!!!!!!!!!!!!!!!!!!!!!!!!!!!!!!!!!!


!!!!!!!!!!!!!!!!!!!!!!!!!!!!!!!!!!!!!!!!!!!!!!!!!!!!!!!!!!!!!!!!!!!!!!!!!!!!!!!!
[ALERT] ALERT-000043 | POTENTIAL_EVIL_TWIN
severity: LOW
time: 2026-05-16T15:36:30.487892
message: Wykryto potencjalny Evil Twin / Rogue AP dla SSID 'TestNet_015'. Zaobserwowano 2 różnych BSSID oraz podejrzane różnice parametrów sieci.
evidence: {'ssid': 'TestNet_015', 'bssid_count': 2, 'bssids': ['d1:be:9f:ac:71:09', '92:6d:40:eb:ab:5f'], 'triggered_reasons': ['same_ssid_multiple_bssid'], 'observations': {'d1:be:9f:ac:71:09': {'first_seen': 1778945790.17918, 'last_seen': 1778945790.182479, 'seen_count': 2, 'channels': [], 'avg_rssi': None}, '92:6d:40:eb:ab:5f': {'first_seen': 1778945790.487892, 'last_seen': 1778945790.487892, 'seen_count': 1, 'channels': [], 'avg_rssi': None}}}
!!!!!!!!!!!!!!!!!!!!!!!!!!!!!!!!!!!!!!!!!!!!!!!!!!!!!!!!!!!!!!!!!!!!!!!!!!!!!!!!


!!!!!!!!!!!!!!!!!!!!!!!!!!!!!!!!!!!!!!!!!!!!!!!!!!!!!!!!!!!!!!!!!!!!!!!!!!!!!!!!
[ALERT] ALERT-000044 | POTENTIAL_EVIL_TWIN
severity: LOW
time: 2026-05-16T15:36:30.497999
message: Wykryto potencjalny Evil Twin / Rogue AP dla SSID 'TestNet_016'. Zaobserwowano 2 różnych BSSID oraz podejrzane różnice parametrów sieci.
evidence: {'ssid': 'TestNet_016', 'bssid_count': 2, 'bssids': ['e9:88:3d:de:e3:cb', 'f7:09:3d:c3:aa:11'], 'triggered_reasons': ['same_ssid_multiple_bssid'], 'observations': {'e9:88:3d:de:e3:cb': {'first_seen': 1778945790.189274, 'last_seen': 1778945790.190095, 'seen_count': 2, 'channels': [], 'avg_rssi': None}, 'f7:09:3d:c3:aa:11': {'first_seen': 1778945790.497999, 'last_seen': 1778945790.497999, 'seen_count': 1, 'channels': [], 'avg_rssi': None}}}
!!!!!!!!!!!!!!!!!!!!!!!!!!!!!!!!!!!!!!!!!!!!!!!!!!!!!!!!!!!!!!!!!!!!!!!!!!!!!!!!


!!!!!!!!!!!!!!!!!!!!!!!!!!!!!!!!!!!!!!!!!!!!!!!!!!!!!!!!!!!!!!!!!!!!!!!!!!!!!!!!
[ALERT] ALERT-000045 | POTENTIAL_EVIL_TWIN
severity: LOW
time: 2026-05-16T15:36:30.508125
message: Wykryto potencjalny Evil Twin / Rogue AP dla SSID 'TestNet_017'. Zaobserwowano 2 różnych BSSID oraz podejrzane różnice parametrów sieci.
evidence: {'ssid': 'TestNet_017', 'bssid_count': 2, 'bssids': ['50:d8:13:4a:95:0e', '3d:f6:0b:ac:14:de'], 'triggered_reasons': ['same_ssid_multiple_bssid'], 'observations': {'50:d8:13:4a:95:0e': {'first_seen': 1778945790.19939, 'last_seen': 1778945790.200474, 'seen_count': 2, 'channels': [], 'avg_rssi': None}, '3d:f6:0b:ac:14:de': {'first_seen': 1778945790.508125, 'last_seen': 1778945790.508125, 'seen_count': 1, 'channels': [], 'avg_rssi': None}}}
!!!!!!!!!!!!!!!!!!!!!!!!!!!!!!!!!!!!!!!!!!!!!!!!!!!!!!!!!!!!!!!!!!!!!!!!!!!!!!!!


!!!!!!!!!!!!!!!!!!!!!!!!!!!!!!!!!!!!!!!!!!!!!!!!!!!!!!!!!!!!!!!!!!!!!!!!!!!!!!!!
[ALERT] ALERT-000046 | POTENTIAL_EVIL_TWIN
severity: LOW
time: 2026-05-16T15:36:30.518222
message: Wykryto potencjalny Evil Twin / Rogue AP dla SSID 'TestNet_018'. Zaobserwowano 2 różnych BSSID oraz podejrzane różnice parametrów sieci.
evidence: {'ssid': 'TestNet_018', 'bssid_count': 2, 'bssids': ['78:bd:95:c1:8e:53', '6f:32:de:c1:c4:4b'], 'triggered_reasons': ['same_ssid_multiple_bssid'], 'observations': {'78:bd:95:c1:8e:53': {'first_seen': 1778945790.209514, 'last_seen': 1778945790.210474, 'seen_count': 2, 'channels': [], 'avg_rssi': None}, '6f:32:de:c1:c4:4b': {'first_seen': 1778945790.518222, 'last_seen': 1778945790.518222, 'seen_count': 1, 'channels': [], 'avg_rssi': None}}}
!!!!!!!!!!!!!!!!!!!!!!!!!!!!!!!!!!!!!!!!!!!!!!!!!!!!!!!!!!!!!!!!!!!!!!!!!!!!!!!!


!!!!!!!!!!!!!!!!!!!!!!!!!!!!!!!!!!!!!!!!!!!!!!!!!!!!!!!!!!!!!!!!!!!!!!!!!!!!!!!!
[ALERT] ALERT-000047 | POTENTIAL_EVIL_TWIN
severity: LOW
time: 2026-05-16T15:36:30.528337
message: Wykryto potencjalny Evil Twin / Rogue AP dla SSID 'TestNet_019'. Zaobserwowano 2 różnych BSSID oraz podejrzane różnice parametrów sieci.
evidence: {'ssid': 'TestNet_019', 'bssid_count': 2, 'bssids': ['69:f9:24:57:e2:ac', '60:20:c8:e6:18:d1'], 'triggered_reasons': ['same_ssid_multiple_bssid'], 'observations': {'69:f9:24:57:e2:ac': {'first_seen': 1778945790.220385, 'last_seen': 1778945790.221368, 'seen_count': 2, 'channels': [], 'avg_rssi': None}, '60:20:c8:e6:18:d1': {'first_seen': 1778945790.528337, 'last_seen': 1778945790.528337, 'seen_count': 1, 'channels': [], 'avg_rssi': None}}}
!!!!!!!!!!!!!!!!!!!!!!!!!!!!!!!!!!!!!!!!!!!!!!!!!!!!!!!!!!!!!!!!!!!!!!!!!!!!!!!!


!!!!!!!!!!!!!!!!!!!!!!!!!!!!!!!!!!!!!!!!!!!!!!!!!!!!!!!!!!!!!!!!!!!!!!!!!!!!!!!!
[ALERT] ALERT-000048 | POTENTIAL_EVIL_TWIN
severity: LOW
time: 2026-05-16T15:36:30.538476
message: Wykryto potencjalny Evil Twin / Rogue AP dla SSID 'TestNet_020'. Zaobserwowano 2 różnych BSSID oraz podejrzane różnice parametrów sieci.
evidence: {'ssid': 'TestNet_020', 'bssid_count': 2, 'bssids': ['60:08:76:f4:58:4e', '34:75:9f:fa:b2:95'], 'triggered_reasons': ['same_ssid_multiple_bssid'], 'observations': {'60:08:76:f4:58:4e': {'first_seen': 1778945790.230516, 'last_seen': 1778945790.231478, 'seen_count': 2, 'channels': [], 'avg_rssi': None}, '34:75:9f:fa:b2:95': {'first_seen': 1778945790.538476, 'last_seen': 1778945790.538476, 'seen_count': 1, 'channels': [], 'avg_rssi': None}}}
!!!!!!!!!!!!!!!!!!!!!!!!!!!!!!!!!!!!!!!!!!!!!!!!!!!!!!!!!!!!!!!!!!!!!!!!!!!!!!!!


!!!!!!!!!!!!!!!!!!!!!!!!!!!!!!!!!!!!!!!!!!!!!!!!!!!!!!!!!!!!!!!!!!!!!!!!!!!!!!!!
[ALERT] ALERT-000049 | POTENTIAL_EVIL_TWIN
severity: LOW
time: 2026-05-16T15:36:30.548601
message: Wykryto potencjalny Evil Twin / Rogue AP dla SSID 'TestNet_021'. Zaobserwowano 2 różnych BSSID oraz podejrzane różnice parametrów sieci.
evidence: {'ssid': 'TestNet_021', 'bssid_count': 2, 'bssids': ['16:c8:4e:65:41:0b', 'e3:0a:4a:80:79:7c'], 'triggered_reasons': ['same_ssid_multiple_bssid'], 'observations': {'16:c8:4e:65:41:0b': {'first_seen': 1778945790.240627, 'last_seen': 1778945790.241851, 'seen_count': 2, 'channels': [], 'avg_rssi': None}, 'e3:0a:4a:80:79:7c': {'first_seen': 1778945790.548601, 'last_seen': 1778945790.548601, 'seen_count': 1, 'channels': [], 'avg_rssi': None}}}
!!!!!!!!!!!!!!!!!!!!!!!!!!!!!!!!!!!!!!!!!!!!!!!!!!!!!!!!!!!!!!!!!!!!!!!!!!!!!!!!


!!!!!!!!!!!!!!!!!!!!!!!!!!!!!!!!!!!!!!!!!!!!!!!!!!!!!!!!!!!!!!!!!!!!!!!!!!!!!!!!
[ALERT] ALERT-000050 | POTENTIAL_EVIL_TWIN
severity: LOW
time: 2026-05-16T15:36:30.558706
message: Wykryto potencjalny Evil Twin / Rogue AP dla SSID 'TestNet_022'. Zaobserwowano 2 różnych BSSID oraz podejrzane różnice parametrów sieci.
evidence: {'ssid': 'TestNet_022', 'bssid_count': 2, 'bssids': ['4d:63:d4:11:cc:cd', 'a9:3b:f0:a0:9b:11'], 'triggered_reasons': ['same_ssid_multiple_bssid'], 'observations': {'4d:63:d4:11:cc:cd': {'first_seen': 1778945790.250752, 'last_seen': 1778945790.251734, 'seen_count': 2, 'channels': [], 'avg_rssi': None}, 'a9:3b:f0:a0:9b:11': {'first_seen': 1778945790.558706, 'last_seen': 1778945790.558706, 'seen_count': 1, 'channels': [], 'avg_rssi': None}}}
!!!!!!!!!!!!!!!!!!!!!!!!!!!!!!!!!!!!!!!!!!!!!!!!!!!!!!!!!!!!!!!!!!!!!!!!!!!!!!!!


!!!!!!!!!!!!!!!!!!!!!!!!!!!!!!!!!!!!!!!!!!!!!!!!!!!!!!!!!!!!!!!!!!!!!!!!!!!!!!!!
[ALERT] ALERT-000051 | POTENTIAL_EVIL_TWIN
severity: LOW
time: 2026-05-16T15:36:30.568827
message: Wykryto potencjalny Evil Twin / Rogue AP dla SSID 'TestNet_023'. Zaobserwowano 2 różnych BSSID oraz podejrzane różnice parametrów sieci.
evidence: {'ssid': 'TestNet_023', 'bssid_count': 2, 'bssids': ['e1:b9:70:70:19:79', '3a:a5:04:b5:da:79'], 'triggered_reasons': ['same_ssid_multiple_bssid'], 'observations': {'e1:b9:70:70:19:79': {'first_seen': 1778945790.260855, 'last_seen': 1778945790.261982, 'seen_count': 2, 'channels': [], 'avg_rssi': None}, '3a:a5:04:b5:da:79': {'first_seen': 1778945790.568827, 'last_seen': 1778945790.568827, 'seen_count': 1, 'channels': [], 'avg_rssi': None}}}
!!!!!!!!!!!!!!!!!!!!!!!!!!!!!!!!!!!!!!!!!!!!!!!!!!!!!!!!!!!!!!!!!!!!!!!!!!!!!!!!


!!!!!!!!!!!!!!!!!!!!!!!!!!!!!!!!!!!!!!!!!!!!!!!!!!!!!!!!!!!!!!!!!!!!!!!!!!!!!!!!
[ALERT] ALERT-000052 | BEACON_FLOOD
severity: MEDIUM
time: 2026-05-16T15:36:30.572805
message: Wykryto możliwy atak Beacon Flood: 200 ramek beacon, 55 unikalnych BSSID, 32 unikalnych SSID w oknie 10s.
evidence: {'beacon_count': 200, 'unique_bssid_count': 55, 'unique_ssid_count': 32, 'window_seconds': 10, 'beacon_count_threshold': 200, 'unique_bssid_threshold': 60, 'unique_ssid_threshold': 40, 'triggered_reasons': ['high_beacon_rate'], 'sample_ssids': ['TestNet_018', 'TestNet_011', 'TestNet_013', 'TestNet_003', 'TestNet_012', 'TestNet_028', 'TestNet_025', 'TestNet_001', 'TestNet_002', 'TestNet_027'], 'sample_bssids': ['92:6d:40:eb:ab:5f', '36:b2:06:01:88:d3', '42:55:8e:c7:71:c3', 'e0:cc:59:91:cb:4c', '3a:a5:04:b5:da:79', 'a0:d4:d7:79:b4:a3', 'd1:be:9f:ac:71:09', '35:16:74:18:2c:3c', 'ad:1f:d3:5d:00:8c', '6f:32:de:c1:c4:4b']}
!!!!!!!!!!!!!!!!!!!!!!!!!!!!!!!!!!!!!!!!!!!!!!!!!!!!!!!!!!!!!!!!!!!!!!!!!!!!!!!!


!!!!!!!!!!!!!!!!!!!!!!!!!!!!!!!!!!!!!!!!!!!!!!!!!!!!!!!!!!!!!!!!!!!!!!!!!!!!!!!!
[ALERT] ALERT-000053 | POTENTIAL_EVIL_TWIN
severity: LOW
time: 2026-05-16T15:36:30.578918
message: Wykryto potencjalny Evil Twin / Rogue AP dla SSID 'TestNet_024'. Zaobserwowano 2 różnych BSSID oraz podejrzane różnice parametrów sieci.
evidence: {'ssid': 'TestNet_024', 'bssid_count': 2, 'bssids': ['35:16:74:18:2c:3c', 'e9:d9:8a:93:bc:94'], 'triggered_reasons': ['same_ssid_multiple_bssid'], 'observations': {'35:16:74:18:2c:3c': {'first_seen': 1778945790.270945, 'last_seen': 1778945790.272, 'seen_count': 2, 'channels': [], 'avg_rssi': None}, 'e9:d9:8a:93:bc:94': {'first_seen': 1778945790.578918, 'last_seen': 1778945790.578918, 'seen_count': 1, 'channels': [], 'avg_rssi': None}}}
!!!!!!!!!!!!!!!!!!!!!!!!!!!!!!!!!!!!!!!!!!!!!!!!!!!!!!!!!!!!!!!!!!!!!!!!!!!!!!!!


!!!!!!!!!!!!!!!!!!!!!!!!!!!!!!!!!!!!!!!!!!!!!!!!!!!!!!!!!!!!!!!!!!!!!!!!!!!!!!!!
[ALERT] ALERT-000054 | POTENTIAL_EVIL_TWIN
severity: LOW
time: 2026-05-16T15:36:30.589039
message: Wykryto potencjalny Evil Twin / Rogue AP dla SSID 'TestNet_025'. Zaobserwowano 2 różnych BSSID oraz podejrzane różnice parametrów sieci.
evidence: {'ssid': 'TestNet_025', 'bssid_count': 2, 'bssids': ['72:8b:80:0c:d8:e3', '59:9a:48:99:44:84'], 'triggered_reasons': ['same_ssid_multiple_bssid'], 'observations': {'72:8b:80:0c:d8:e3': {'first_seen': 1778945790.281053, 'last_seen': 1778945790.282226, 'seen_count': 2, 'channels': [], 'avg_rssi': None}, '59:9a:48:99:44:84': {'first_seen': 1778945790.589039, 'last_seen': 1778945790.589039, 'seen_count': 1, 'channels': [], 'avg_rssi': None}}}
!!!!!!!!!!!!!!!!!!!!!!!!!!!!!!!!!!!!!!!!!!!!!!!!!!!!!!!!!!!!!!!!!!!!!!!!!!!!!!!!


!!!!!!!!!!!!!!!!!!!!!!!!!!!!!!!!!!!!!!!!!!!!!!!!!!!!!!!!!!!!!!!!!!!!!!!!!!!!!!!!
[ALERT] ALERT-000055 | POTENTIAL_EVIL_TWIN
severity: LOW
time: 2026-05-16T15:36:30.599153
message: Wykryto potencjalny Evil Twin / Rogue AP dla SSID 'TestNet_026'. Zaobserwowano 2 różnych BSSID oraz podejrzane różnice parametrów sieci.
evidence: {'ssid': 'TestNet_026', 'bssid_count': 2, 'bssids': ['ad:1f:d3:5d:00:8c', '9b:4d:a1:c4:87:47'], 'triggered_reasons': ['same_ssid_multiple_bssid'], 'observations': {'ad:1f:d3:5d:00:8c': {'first_seen': 1778945790.291169, 'last_seen': 1778945790.292235, 'seen_count': 2, 'channels': [], 'avg_rssi': None}, '9b:4d:a1:c4:87:47': {'first_seen': 1778945790.599153, 'last_seen': 1778945790.599153, 'seen_count': 1, 'channels': [], 'avg_rssi': None}}}
!!!!!!!!!!!!!!!!!!!!!!!!!!!!!!!!!!!!!!!!!!!!!!!!!!!!!!!!!!!!!!!!!!!!!!!!!!!!!!!!


!!!!!!!!!!!!!!!!!!!!!!!!!!!!!!!!!!!!!!!!!!!!!!!!!!!!!!!!!!!!!!!!!!!!!!!!!!!!!!!!
[ALERT] ALERT-000056 | POTENTIAL_EVIL_TWIN
severity: LOW
time: 2026-05-16T15:36:30.609265
message: Wykryto potencjalny Evil Twin / Rogue AP dla SSID 'TestNet_027'. Zaobserwowano 2 różnych BSSID oraz podejrzane różnice parametrów sieci.
evidence: {'ssid': 'TestNet_027', 'bssid_count': 2, 'bssids': ['47:57:b4:18:8c:ca', '41:91:f5:6c:7a:ce'], 'triggered_reasons': ['same_ssid_multiple_bssid'], 'observations': {'47:57:b4:18:8c:ca': {'first_seen': 1778945790.30129, 'last_seen': 1778945790.302234, 'seen_count': 2, 'channels': [], 'avg_rssi': None}, '41:91:f5:6c:7a:ce': {'first_seen': 1778945790.609265, 'last_seen': 1778945790.609265, 'seen_count': 1, 'channels': [], 'avg_rssi': None}}}
!!!!!!!!!!!!!!!!!!!!!!!!!!!!!!!!!!!!!!!!!!!!!!!!!!!!!!!!!!!!!!!!!!!!!!!!!!!!!!!!


!!!!!!!!!!!!!!!!!!!!!!!!!!!!!!!!!!!!!!!!!!!!!!!!!!!!!!!!!!!!!!!!!!!!!!!!!!!!!!!!
[ALERT] ALERT-000057 | POTENTIAL_EVIL_TWIN
severity: LOW
time: 2026-05-16T15:36:30.619377
message: Wykryto potencjalny Evil Twin / Rogue AP dla SSID 'TestNet_028'. Zaobserwowano 2 różnych BSSID oraz podejrzane różnice parametrów sieci.
evidence: {'ssid': 'TestNet_028', 'bssid_count': 2, 'bssids': ['c9:0c:87:46:7e:12', '8b:ea:c7:99:43:61'], 'triggered_reasons': ['same_ssid_multiple_bssid'], 'observations': {'c9:0c:87:46:7e:12': {'first_seen': 1778945790.311388, 'last_seen': 1778945790.312615, 'seen_count': 2, 'channels': [], 'avg_rssi': None}, '8b:ea:c7:99:43:61': {'first_seen': 1778945790.619377, 'last_seen': 1778945790.619377, 'seen_count': 1, 'channels': [], 'avg_rssi': None}}}
!!!!!!!!!!!!!!!!!!!!!!!!!!!!!!!!!!!!!!!!!!!!!!!!!!!!!!!!!!!!!!!!!!!!!!!!!!!!!!!!


!!!!!!!!!!!!!!!!!!!!!!!!!!!!!!!!!!!!!!!!!!!!!!!!!!!!!!!!!!!!!!!!!!!!!!!!!!!!!!!!
[ALERT] ALERT-000058 | POTENTIAL_EVIL_TWIN
severity: LOW
time: 2026-05-16T15:36:30.630304
message: Wykryto potencjalny Evil Twin / Rogue AP dla SSID 'TestNet_029'. Zaobserwowano 2 różnych BSSID oraz podejrzane różnice parametrów sieci.
evidence: {'ssid': 'TestNet_029', 'bssid_count': 2, 'bssids': ['a9:6a:d3:59:18:f2', '65:67:8a:85:02:d7'], 'triggered_reasons': ['same_ssid_multiple_bssid'], 'observations': {'a9:6a:d3:59:18:f2': {'first_seen': 1778945790.321491, 'last_seen': 1778945790.32236, 'seen_count': 2, 'channels': [], 'avg_rssi': None}, '65:67:8a:85:02:d7': {'first_seen': 1778945790.630304, 'last_seen': 1778945790.630304, 'seen_count': 1, 'channels': [], 'avg_rssi': None}}}
!!!!!!!!!!!!!!!!!!!!!!!!!!!!!!!!!!!!!!!!!!!!!!!!!!!!!!!!!!!!!!!!!!!!!!!!!!!!!!!!


!!!!!!!!!!!!!!!!!!!!!!!!!!!!!!!!!!!!!!!!!!!!!!!!!!!!!!!!!!!!!!!!!!!!!!!!!!!!!!!!
[ALERT] ALERT-000059 | POTENTIAL_EVIL_TWIN
severity: LOW
time: 2026-05-16T15:36:30.640397
message: Wykryto potencjalny Evil Twin / Rogue AP dla SSID 'TestNet_030'. Zaobserwowano 2 różnych BSSID oraz podejrzane różnice parametrów sieci.
evidence: {'ssid': 'TestNet_030', 'bssid_count': 2, 'bssids': ['b9:43:64:5f:8a:bb', '6d:8e:9a:8e:cf:2b'], 'triggered_reasons': ['same_ssid_multiple_bssid'], 'observations': {'b9:43:64:5f:8a:bb': {'first_seen': 1778945790.331599, 'last_seen': 1778945790.332743, 'seen_count': 2, 'channels': [], 'avg_rssi': None}, '6d:8e:9a:8e:cf:2b': {'first_seen': 1778945790.640397, 'last_seen': 1778945790.640397, 'seen_count': 1, 'channels': [], 'avg_rssi': None}}}
!!!!!!!!!!!!!!!!!!!!!!!!!!!!!!!!!!!!!!!!!!!!!!!!!!!!!!!!!!!!!!!!!!!!!!!!!!!!!!!!


!!!!!!!!!!!!!!!!!!!!!!!!!!!!!!!!!!!!!!!!!!!!!!!!!!!!!!!!!!!!!!!!!!!!!!!!!!!!!!!!
[ALERT] ALERT-000060 | RTS_FLOOD_SOURCE
severity: MEDIUM
time: 2026-05-16T15:36:34.221938
message: Wykryto możliwy RTS Flood z pojedynczego źródła: 50 ramek RTS z adresu d8:d7:75:45:81:24 w oknie 5s.
evidence: {'source_mac': 'd8:d7:75:45:81:24', 'rts_count': 50, 'unique_destination_count': 1, 'rts_per_source_threshold': 50, 'window_seconds': 5, 'sample_destinations': ['8a:f4:af:eb:f3:fb']}
!!!!!!!!!!!!!!!!!!!!!!!!!!!!!!!!!!!!!!!!!!!!!!!!!!!!!!!!!!!!!!!!!!!!!!!!!!!!!!!!


!!!!!!!!!!!!!!!!!!!!!!!!!!!!!!!!!!!!!!!!!!!!!!!!!!!!!!!!!!!!!!!!!!!!!!!!!!!!!!!!
[ALERT] ALERT-000061 | RTS_CTS_FLOOD_GLOBAL
severity: MEDIUM
time: 2026-05-16T15:36:34.380215
message: Wykryto możliwy RTS/CTS Flood: 75 ramek RTS oraz 75 ramek CTS w oknie 5s.
evidence: {'rts_count': 75, 'cts_count': 75, 'combined_count': 150, 'window_seconds': 5, 'rts_count_threshold': 100, 'cts_count_threshold': 100, 'combined_count_threshold': 150, 'triggered_reasons': ['high_combined_rts_cts_rate'], 'unique_source_count': 2, 'unique_destination_count': 3, 'sample_sources': ['8a:f4:af:eb:f3:fb', 'd8:d7:75:45:81:24'], 'sample_destinations': ['8a:f4:af:eb:f3:fb', 'ac:84:c6:41:71:22', 'd8:d7:75:45:81:24']}
!!!!!!!!!!!!!!!!!!!!!!!!!!!!!!!!!!!!!!!!!!!!!!!!!!!!!!!!!!!!!!!!!!!!!!!!!!!!!!!!


!!!!!!!!!!!!!!!!!!!!!!!!!!!!!!!!!!!!!!!!!!!!!!!!!!!!!!!!!!!!!!!!!!!!!!!!!!!!!!!!
[ALERT] ALERT-000062 | RTS_FLOOD_SOURCE
severity: HIGH
time: 2026-05-16T15:36:39.346421
message: Wykryto możliwy RTS Flood z pojedynczego źródła: 101 ramek RTS z adresu d8:d7:75:45:81:24 w oknie 5s.
evidence: {'source_mac': 'd8:d7:75:45:81:24', 'rts_count': 101, 'unique_destination_count': 1, 'rts_per_source_threshold': 50, 'window_seconds': 5, 'sample_destinations': ['8a:f4:af:eb:f3:fb']}
!!!!!!!!!!!!!!!!!!!!!!!!!!!!!!!!!!!!!!!!!!!!!!!!!!!!!!!!!!!!!!!!!!!!!!!!!!!!!!!!


!!!!!!!!!!!!!!!!!!!!!!!!!!!!!!!!!!!!!!!!!!!!!!!!!!!!!!!!!!!!!!!!!!!!!!!!!!!!!!!!
[ALERT] ALERT-000063 | RTS_CTS_FLOOD_GLOBAL
severity: HIGH
time: 2026-05-16T15:36:39.405651
message: Wykryto możliwy RTS/CTS Flood: 149 ramek RTS oraz 135 ramek CTS w oknie 5s.
evidence: {'rts_count': 149, 'cts_count': 135, 'combined_count': 284, 'window_seconds': 5, 'rts_count_threshold': 100, 'cts_count_threshold': 100, 'combined_count_threshold': 150, 'triggered_reasons': ['high_rts_rate', 'high_cts_rate', 'high_combined_rts_cts_rate'], 'unique_source_count': 3, 'unique_destination_count': 3, 'sample_sources': ['8a:f4:af:eb:f3:fb', 'ce:d0:54:70:b1:b3', 'd8:d7:75:45:81:24'], 'sample_destinations': ['8a:f4:af:eb:f3:fb', 'ac:84:c6:41:71:22', 'd8:d7:75:45:81:24']}
!!!!!!!!!!!!!!!!!!!!!!!!!!!!!!!!!!!!!!!!!!!!!!!!!!!!!!!!!!!!!!!!!!!!!!!!!!!!!!!!


!!!!!!!!!!!!!!!!!!!!!!!!!!!!!!!!!!!!!!!!!!!!!!!!!!!!!!!!!!!!!!!!!!!!!!!!!!!!!!!!
[ALERT] ALERT-000064 | BEACON_FLOOD
severity: CRITICAL
time: 2026-05-16T15:36:40.574030
message: Wykryto możliwy atak Beacon Flood: 1998 ramek beacon, 961 unikalnych BSSID, 32 unikalnych SSID w oknie 10s.
evidence: {'beacon_count': 1998, 'unique_bssid_count': 961, 'unique_ssid_count': 32, 'window_seconds': 10, 'beacon_count_threshold': 200, 'unique_bssid_threshold': 60, 'unique_ssid_threshold': 40, 'triggered_reasons': ['high_beacon_rate', 'many_unique_bssids'], 'sample_ssids': ['TestNet_018', 'TestNet_011', 'TestNet_013', 'TestNet_003', 'TestNet_028', 'TestNet_012', 'TestNet_025', 'TestNet_001', 'TestNet_002', 'TestNet_027'], 'sample_bssids': ['ed:95:8b:94:bc:48', 'a0:3d:d7:80:8e:e4', 'b6:42:0a:ad:59:f3', '9b:1f:93:ee:18:53', 'e9:d9:8a:93:bc:94', 'c2:56:b0:23:f9:d3', 'c6:7c:fa:82:4b:71', '4d:bb:7f:9d:8a:79', '0d:ac:8f:03:f0:22', '8a:1a:2c:09:8d:5c']}
!!!!!!!!!!!!!!!!!!!!!!!!!!!!!!!!!!!!!!!!!!!!!!!!!!!!!!!!!!!!!!!!!!!!!!!!!!!!!!!!


================================================================================
STATISTICS after 20.0s
--------------------------------------------------------------------------------
total frames: 15061

by frame type:
  control: 10162
  management: 4203
  data: 696

by frame subtype:
  beacon: 4118
  rts: 3481
  cts: 2454
  block_ack: 2281
  ack: 1946
  null_data: 531
  data: 105
  probe_response: 46
  qos_null: 42
  probe_request: 34
  qos_data: 18
  action: 5

unique SSIDs: 32
unique BSSIDs: 1489
================================================================================

!!!!!!!!!!!!!!!!!!!!!!!!!!!!!!!!!!!!!!!!!!!!!!!!!!!!!!!!!!!!!!!!!!!!!!!!!!!!!!!!
[ALERT] ALERT-000065 | RTS_FLOOD_SOURCE
severity: MEDIUM
time: 2026-05-16T15:36:49.244311
message: Wykryto możliwy RTS Flood z pojedynczego źródła: 50 ramek RTS z adresu d8:d7:75:45:81:24 w oknie 5s.
evidence: {'source_mac': 'd8:d7:75:45:81:24', 'rts_count': 50, 'unique_destination_count': 1, 'rts_per_source_threshold': 50, 'window_seconds': 5, 'sample_destinations': ['8a:f4:af:eb:f3:fb']}
!!!!!!!!!!!!!!!!!!!!!!!!!!!!!!!!!!!!!!!!!!!!!!!!!!!!!!!!!!!!!!!!!!!!!!!!!!!!!!!!


!!!!!!!!!!!!!!!!!!!!!!!!!!!!!!!!!!!!!!!!!!!!!!!!!!!!!!!!!!!!!!!!!!!!!!!!!!!!!!!!
[ALERT] ALERT-000066 | RTS_CTS_FLOOD_GLOBAL
severity: MEDIUM
time: 2026-05-16T15:36:49.281647
message: Wykryto możliwy RTS/CTS Flood: 81 ramek RTS oraz 69 ramek CTS w oknie 5s.
evidence: {'rts_count': 81, 'cts_count': 69, 'combined_count': 150, 'window_seconds': 5, 'rts_count_threshold': 100, 'cts_count_threshold': 100, 'combined_count_threshold': 150, 'triggered_reasons': ['high_combined_rts_cts_rate'], 'unique_source_count': 3, 'unique_destination_count': 4, 'sample_sources': ['8a:f4:af:eb:f3:fb', 'ce:d0:54:70:b1:b3', 'd8:d7:75:45:81:24'], 'sample_destinations': ['8a:f4:af:eb:f3:fb', 'ce:d0:54:70:b1:b3', 'ac:84:c6:41:71:22', 'd8:d7:75:45:81:24']}
!!!!!!!!!!!!!!!!!!!!!!!!!!!!!!!!!!!!!!!!!!!!!!!!!!!!!!!!!!!!!!!!!!!!!!!!!!!!!!!!


!!!!!!!!!!!!!!!!!!!!!!!!!!!!!!!!!!!!!!!!!!!!!!!!!!!!!!!!!!!!!!!!!!!!!!!!!!!!!!!!
[ALERT] ALERT-000067 | BEACON_FLOOD
severity: CRITICAL
time: 2026-05-16T15:36:50.580948
message: Wykryto możliwy atak Beacon Flood: 1948 ramek beacon, 947 unikalnych BSSID, 31 unikalnych SSID w oknie 10s.
evidence: {'beacon_count': 1948, 'unique_bssid_count': 947, 'unique_ssid_count': 31, 'window_seconds': 10, 'beacon_count_threshold': 200, 'unique_bssid_threshold': 60, 'unique_ssid_threshold': 40, 'triggered_reasons': ['high_beacon_rate', 'many_unique_bssids'], 'sample_ssids': ['TestNet_018', 'TestNet_011', 'TestNet_013', 'TestNet_003', 'TestNet_028', 'TestNet_012', 'TestNet_025', 'TestNet_001', 'TestNet_002', 'TestNet_027'], 'sample_bssids': ['66:92:a8:74:cf:9b', '07:9d:c6:2c:03:58', 'b1:99:43:eb:76:d8', '38:c2:70:f6:aa:cc', 'c4:5b:fe:33:05:c7', 'd4:b8:07:d0:45:06', '42:95:85:85:c2:63', '4d:4d:7f:37:0c:b6', '4f:17:d9:c7:ec:85', '47:0f:60:ff:57:ee']}
!!!!!!!!!!!!!!!!!!!!!!!!!!!!!!!!!!!!!!!!!!!!!!!!!!!!!!!!!!!!!!!!!!!!!!!!!!!!!!!!


!!!!!!!!!!!!!!!!!!!!!!!!!!!!!!!!!!!!!!!!!!!!!!!!!!!!!!!!!!!!!!!!!!!!!!!!!!!!!!!!
[ALERT] ALERT-000068 | RTS_FLOOD_SOURCE
severity: MEDIUM
time: 2026-05-16T15:36:51.109339
message: Wykryto możliwy RTS Flood z pojedynczego źródła: 50 ramek RTS z adresu 8a:f4:af:eb:f3:fb w oknie 5s.
evidence: {'source_mac': '8a:f4:af:eb:f3:fb', 'rts_count': 50, 'unique_destination_count': 1, 'rts_per_source_threshold': 50, 'window_seconds': 5, 'sample_destinations': ['d8:d7:75:45:81:24']}
!!!!!!!!!!!!!!!!!!!!!!!!!!!!!!!!!!!!!!!!!!!!!!!!!!!!!!!!!!!!!!!!!!!!!!!!!!!!!!!!


!!!!!!!!!!!!!!!!!!!!!!!!!!!!!!!!!!!!!!!!!!!!!!!!!!!!!!!!!!!!!!!!!!!!!!!!!!!!!!!!
[ALERT] ALERT-000069 | RTS_CTS_FLOOD_GLOBAL
severity: CRITICAL
time: 2026-05-16T15:36:54.451909
message: Wykryto możliwy RTS/CTS Flood: 290 ramek RTS oraz 178 ramek CTS w oknie 5s.
evidence: {'rts_count': 290, 'cts_count': 178, 'combined_count': 468, 'window_seconds': 5, 'rts_count_threshold': 100, 'cts_count_threshold': 100, 'combined_count_threshold': 150, 'triggered_reasons': ['high_rts_rate', 'high_cts_rate', 'high_combined_rts_cts_rate'], 'unique_source_count': 3, 'unique_destination_count': 4, 'sample_sources': ['8a:f4:af:eb:f3:fb', '54:35:30:cf:ee:1e', 'd8:d7:75:45:81:24'], 'sample_destinations': ['8a:f4:af:eb:f3:fb', 'ac:84:c6:41:71:22', 'ce:d0:54:70:b1:b3', 'd8:d7:75:45:81:24']}
!!!!!!!!!!!!!!!!!!!!!!!!!!!!!!!!!!!!!!!!!!!!!!!!!!!!!!!!!!!!!!!!!!!!!!!!!!!!!!!!


!!!!!!!!!!!!!!!!!!!!!!!!!!!!!!!!!!!!!!!!!!!!!!!!!!!!!!!!!!!!!!!!!!!!!!!!!!!!!!!!
[ALERT] ALERT-000070 | RTS_FLOOD_SOURCE
severity: CRITICAL
time: 2026-05-16T15:36:54.796156
message: Wykryto możliwy RTS Flood z pojedynczego źródła: 200 ramek RTS z adresu d8:d7:75:45:81:24 w oknie 5s.
evidence: {'source_mac': 'd8:d7:75:45:81:24', 'rts_count': 200, 'unique_destination_count': 1, 'rts_per_source_threshold': 50, 'window_seconds': 5, 'sample_destinations': ['8a:f4:af:eb:f3:fb']}
!!!!!!!!!!!!!!!!!!!!!!!!!!!!!!!!!!!!!!!!!!!!!!!!!!!!!!!!!!!!!!!!!!!!!!!!!!!!!!!!


!!!!!!!!!!!!!!!!!!!!!!!!!!!!!!!!!!!!!!!!!!!!!!!!!!!!!!!!!!!!!!!!!!!!!!!!!!!!!!!!
[ALERT] ALERT-000071 | RTS_FLOOD_SOURCE
severity: MEDIUM
time: 2026-05-16T15:36:56.116155
message: Wykryto możliwy RTS Flood z pojedynczego źródła: 63 ramek RTS z adresu 8a:f4:af:eb:f3:fb w oknie 5s.
evidence: {'source_mac': '8a:f4:af:eb:f3:fb', 'rts_count': 63, 'unique_destination_count': 1, 'rts_per_source_threshold': 50, 'window_seconds': 5, 'sample_destinations': ['d8:d7:75:45:81:24']}
!!!!!!!!!!!!!!!!!!!!!!!!!!!!!!!!!!!!!!!!!!!!!!!!!!!!!!!!!!!!!!!!!!!!!!!!!!!!!!!!


!!!!!!!!!!!!!!!!!!!!!!!!!!!!!!!!!!!!!!!!!!!!!!!!!!!!!!!!!!!!!!!!!!!!!!!!!!!!!!!!
[ALERT] ALERT-000072 | RTS_CTS_FLOOD_GLOBAL
severity: HIGH
time: 2026-05-16T15:37:00.545658
message: Wykryto możliwy RTS/CTS Flood: 128 ramek RTS oraz 97 ramek CTS w oknie 5s.
evidence: {'rts_count': 128, 'cts_count': 97, 'combined_count': 225, 'window_seconds': 5, 'rts_count_threshold': 100, 'cts_count_threshold': 100, 'combined_count_threshold': 150, 'triggered_reasons': ['high_rts_rate', 'high_combined_rts_cts_rate'], 'unique_source_count': 2, 'unique_destination_count': 3, 'sample_sources': ['8a:f4:af:eb:f3:fb', 'd8:d7:75:45:81:24'], 'sample_destinations': ['8a:f4:af:eb:f3:fb', 'ce:d0:54:70:b1:b3', 'd8:d7:75:45:81:24']}
!!!!!!!!!!!!!!!!!!!!!!!!!!!!!!!!!!!!!!!!!!!!!!!!!!!!!!!!!!!!!!!!!!!!!!!!!!!!!!!!


!!!!!!!!!!!!!!!!!!!!!!!!!!!!!!!!!!!!!!!!!!!!!!!!!!!!!!!!!!!!!!!!!!!!!!!!!!!!!!!!
[ALERT] ALERT-000073 | POTENTIAL_EVIL_TWIN
severity: LOW
time: 2026-05-16T15:37:00.580763
message: Wykryto potencjalny Evil Twin / Rogue AP dla SSID 'TestNet_001'. Zaobserwowano 98 różnych BSSID oraz podejrzane różnice parametrów sieci.
evidence: {'ssid': 'TestNet_001', 'bssid_count': 98, 'bssids': ['eb:47:8c:c1:f4:b9', 'dd:2f:ed:d3:f8:f9', '51:32:b3:dc:bd:9e', '7b:f7:21:13:eb:27', '3b:e7:f9:f2:40:37', '94:db:b8:71:dc:94', '6a:f3:02:e9:f6:ca', 'ba:e6:69:d8:3b:7d', '73:30:bf:72:c1:55', '99:df:cb:5d:1c:93', '26:8b:62:45:43:d9', '97:fa:b9:4d:31:e8', '2e:6c:6a:8f:f6:50', 'a0:c3:5f:48:54:09', '96:0f:50:a6:02:c8', '12:54:0b:7d:83:e1', 'c9:25:6c:00:32:87', 'e5:60:68:fe:e6:b6', 'ab:67:3a:3d:ed:3c', 'cc:81:18:d5:45:ca', 'bf:5e:17:1c:34:37', '2b:17:63:60:3a:a1', '85:96:8f:38:fa:bd', '21:71:fd:0c:a3:64', '1a:a2:27:46:01:33', 'b7:8e:a3:f6:cd:53', 'fa:39:bc:f7:64:af', '8c:eb:7d:73:23:0b', 'c1:55:b5:a1:21:71', '0e:34:02:76:19:2a', '4e:4c:7d:75:58:76', '33:91:46:88:85:83', '3d:d1:45:2a:e2:52', '5a:54:74:54:c4:9d', '33:3b:04:60:35:f3', '8a:d9:8b:d6:fb:3e', '14:14:33:81:8c:78', 'cd:d7:a4:0f:21:99', '56:15:4f:39:d2:58', '44:41:13:78:98:6e', '23:6c:d0:d0:b4:54', '36:6a:38:e2:6c:d9', 'a3:f1:40:52:25:90', '4f:83:31:a2:c8:48', 'e8:93:70:2c:5e:e3', '97:47:71:08:11:63', '8b:3f:57:c5:0b:aa', '98:82:73:8d:c9:43', '28:b9:8b:4c:8f:99', '66:92:a8:74:cf:9b', '1c:1d:cb:31:26:59', 'b8:96:b4:08:1e:78', '98:d0:cb:7a:59:36', '7d:af:17:be:76:94', 'cb:8f:ee:7b:0c:1a', '65:54:b3:e3:d7:9f', 'da:4a:c3:22:37:af', '22:46:20:3c:2b:da', '3e:8e:01:bc:03:38', '40:7d:0e:8c:38:66', '8f:ab:57:08:4a:30', '5f:da:ee:7a:e3:60', '1d:5e:b9:e5:21:c2', '7b:29:45:e0:1c:8f', 'd5:5e:d1:0e:08:ac', 'e3:f1:ca:92:82:45', '04:c7:12:b1:7d:50', 'a8:5e:75:d5:24:d4', 'c3:3c:f1:df:ac:79', '4e:8d:78:f3:a1:93', 'bb:f7:1f:79:46:b0', 'da:0b:a3:cd:bf:39', '87:17:5c:b5:6b:73', '0d:a6:04:9b:c3:d7', '45:91:aa:b0:65:76', '79:52:ac:a5:40:a2', 'cb:67:28:8b:cf:94', '07:89:52:26:81:7d', '50:a5:7d:b0:bd:0a', 'a5:89:31:96:8d:07', 'ff:93:89:46:00:24', 'e1:eb:ef:56:f8:ef', 'c7:18:d3:d8:75:3d', '65:90:d4:98:81:e2', '18:77:93:d2:e1:14', '58:8c:d8:4a:d9:da', '60:52:7f:f7:07:d5', '06:c1:ad:9d:12:c9', '3f:4a:b8:77:a7:d3', '8c:60:2e:6e:d4:c8', 'd7:e9:62:c9:86:b9', '44:4c:97:79:b3:cd', '3b:2a:a7:e5:73:7d', '92:f9:01:99:23:a2', '5b:54:0c:ae:35:fd', 'cb:e7:c3:76:c2:87', '3a:bf:d5:ee:eb:ec', 'd0:ea:2a:ef:ae:7c'], 'triggered_reasons': ['same_ssid_multiple_bssid'], 'observations': {'eb:47:8c:c1:f4:b9': {'first_seen': 1778945790.035644, 'last_seen': 1778945790.036597, 'seen_count': 2, 'channels': [], 'avg_rssi': None}, 'dd:2f:ed:d3:f8:f9': {'first_seen': 1778945790.341713, 'last_seen': 1778945790.342855, 'seen_count': 2, 'channels': [], 'avg_rssi': None}, '51:32:b3:dc:bd:9e': {'first_seen': 1778945790.650738, 'last_seen': 1778945790.651871, 'seen_count': 2, 'channels': [], 'avg_rssi': None}, '7b:f7:21:13:eb:27': {'first_seen': 1778945790.957367, 'last_seen': 1778945790.958264, 'seen_count': 2, 'channels': [], 'avg_rssi': None}, '3b:e7:f9:f2:40:37': {'first_seen': 1778945791.270143, 'last_seen': 1778945791.271159, 'seen_count': 2, 'channels': [], 'avg_rssi': None}, '94:db:b8:71:dc:94': {'first_seen': 1778945791.574338, 'last_seen': 1778945791.575299, 'seen_count': 2, 'channels': [], 'avg_rssi': None}, '6a:f3:02:e9:f6:ca': {'first_seen': 1778945791.882612, 'last_seen': 1778945791.883687, 'seen_count': 2, 'channels': [], 'avg_rssi': None}, 'ba:e6:69:d8:3b:7d': {'first_seen': 1778945792.190521, 'last_seen': 1778945792.191452, 'seen_count': 2, 'channels': [], 'avg_rssi': None}, '73:30:bf:72:c1:55': {'first_seen': 1778945792.509438, 'last_seen': 1778945792.510357, 'seen_count': 2, 'channels': [], 'avg_rssi': None}, '99:df:cb:5d:1c:93': {'first_seen': 1778945792.817156, 'last_seen': 1778945792.818116, 'seen_count': 2, 'channels': [], 'avg_rssi': None}, '26:8b:62:45:43:d9': {'first_seen': 1778945793.133052, 'last_seen': 1778945793.134248, 'seen_count': 2, 'channels': [], 'avg_rssi': None}, '97:fa:b9:4d:31:e8': {'first_seen': 1778945793.455204, 'last_seen': 1778945793.45629, 'seen_count': 2, 'channels': [], 'avg_rssi': None}, '2e:6c:6a:8f:f6:50': {'first_seen': 1778945793.765116, 'last_seen': 1778945793.766041, 'seen_count': 2, 'channels': [], 'avg_rssi': None}, 'a0:c3:5f:48:54:09': {'first_seen': 1778945794.079431, 'last_seen': 1778945794.080429, 'seen_count': 2, 'channels': [], 'avg_rssi': None}, '96:0f:50:a6:02:c8': {'first_seen': 1778945794.391796, 'last_seen': 1778945794.393315, 'seen_count': 2, 'channels': [], 'avg_rssi': None}, '12:54:0b:7d:83:e1': {'first_seen': 1778945794.699863, 'last_seen': 1778945794.700956, 'seen_count': 2, 'channels': [], 'avg_rssi': None}, 'c9:25:6c:00:32:87': {'first_seen': 1778945795.014185, 'last_seen': 1778945795.015106, 'seen_count': 2, 'channels': [], 'avg_rssi': None}, 'e5:60:68:fe:e6:b6': {'first_seen': 1778945795.332968, 'last_seen': 1778945795.333864, 'seen_count': 2, 'channels': [], 'avg_rssi': None}, 'ab:67:3a:3d:ed:3c': {'first_seen': 1778945795.645751, 'last_seen': 1778945795.646765, 'seen_count': 2, 'channels': [], 'avg_rssi': None}, 'cc:81:18:d5:45:ca': {'first_seen': 1778945795.963942, 'last_seen': 1778945795.964896, 'seen_count': 2, 'channels': [], 'avg_rssi': None}, 'bf:5e:17:1c:34:37': {'first_seen': 1778945796.276096, 'last_seen': 1778945796.277045, 'seen_count': 2, 'channels': [], 'avg_rssi': None}, '2b:17:63:60:3a:a1': {'first_seen': 1778945796.586244, 'last_seen': 1778945796.587186, 'seen_count': 2, 'channels': [], 'avg_rssi': None}, '85:96:8f:38:fa:bd': {'first_seen': 1778945796.897576, 'last_seen': 1778945796.899199, 'seen_count': 2, 'channels': [], 'avg_rssi': None}, '21:71:fd:0c:a3:64': {'first_seen': 1778945797.210883, 'last_seen': 1778945797.211845, 'seen_count': 2, 'channels': [], 'avg_rssi': None}, '1a:a2:27:46:01:33': {'first_seen': 1778945797.525088, 'last_seen': 1778945797.525978, 'seen_count': 2, 'channels': [], 'avg_rssi': None}, 'b7:8e:a3:f6:cd:53': {'first_seen': 1778945797.837866, 'last_seen': 1778945797.839002, 'seen_count': 2, 'channels': [], 'avg_rssi': None}, 'fa:39:bc:f7:64:af': {'first_seen': 1778945798.147709, 'last_seen': 1778945798.148633, 'seen_count': 2, 'channels': [], 'avg_rssi': None}, '8c:eb:7d:73:23:0b': {'first_seen': 1778945798.455828, 'last_seen': 1778945798.458777, 'seen_count': 2, 'channels': [], 'avg_rssi': None}, 'c1:55:b5:a1:21:71': {'first_seen': 1778945798.77278, 'last_seen': 1778945798.773919, 'seen_count': 2, 'channels': [], 'avg_rssi': None}, '0e:34:02:76:19:2a': {'first_seen': 1778945799.08345, 'last_seen': 1778945799.086432, 'seen_count': 2, 'channels': [], 'avg_rssi': None}, '4e:4c:7d:75:58:76': {'first_seen': 1778945799.393252, 'last_seen': 1778945799.394199, 'seen_count': 2, 'channels': [], 'avg_rssi': None}, '33:91:46:88:85:83': {'first_seen': 1778945799.700095, 'last_seen': 1778945799.701213, 'seen_count': 2, 'channels': [], 'avg_rssi': None}, '3d:d1:45:2a:e2:52': {'first_seen': 1778945800.009005, 'last_seen': 1778945800.009984, 'seen_count': 2, 'channels': [], 'avg_rssi': None}, '5a:54:74:54:c4:9d': {'first_seen': 1778945800.315293, 'last_seen': 1778945800.316122, 'seen_count': 2, 'channels': [], 'avg_rssi': None}, '33:3b:04:60:35:f3': {'first_seen': 1778945800.632986, 'last_seen': 1778945800.634139, 'seen_count': 2, 'channels': [], 'avg_rssi': None}, '8a:d9:8b:d6:fb:3e': {'first_seen': 1778945800.949786, 'last_seen': 1778945800.950908, 'seen_count': 2, 'channels': [], 'avg_rssi': None}, '14:14:33:81:8c:78': {'first_seen': 1778945801.260508, 'last_seen': 1778945801.261421, 'seen_count': 2, 'channels': [], 'avg_rssi': None}, 'cd:d7:a4:0f:21:99': {'first_seen': 1778945801.566653, 'last_seen': 1778945801.567825, 'seen_count': 2, 'channels': [], 'avg_rssi': None}, '56:15:4f:39:d2:58': {'first_seen': 1778945801.87495, 'last_seen': 1778945801.876079, 'seen_count': 2, 'channels': [], 'avg_rssi': None}, '44:41:13:78:98:6e': {'first_seen': 1778945802.182659, 'last_seen': 1778945802.183595, 'seen_count': 2, 'channels': [], 'avg_rssi': None}, '23:6c:d0:d0:b4:54': {'first_seen': 1778945802.492179, 'last_seen': 1778945802.493233, 'seen_count': 2, 'channels': [], 'avg_rssi': None}, '36:6a:38:e2:6c:d9': {'first_seen': 1778945802.80809, 'last_seen': 1778945802.809125, 'seen_count': 2, 'channels': [], 'avg_rssi': None}, 'a3:f1:40:52:25:90': {'first_seen': 1778945803.127606, 'last_seen': 1778945803.128644, 'seen_count': 2, 'channels': [], 'avg_rssi': None}, '4f:83:31:a2:c8:48': {'first_seen': 1778945803.441873, 'last_seen': 1778945803.442793, 'seen_count': 2, 'channels': [], 'avg_rssi': None}, 'e8:93:70:2c:5e:e3': {'first_seen': 1778945803.753747, 'last_seen': 1778945803.7548, 'seen_count': 2, 'channels': [], 'avg_rssi': None}, '97:47:71:08:11:63': {'first_seen': 1778945804.070669, 'last_seen': 1778945804.071571, 'seen_count': 2, 'channels': [], 'avg_rssi': None}, '8b:3f:57:c5:0b:aa': {'first_seen': 1778945804.381593, 'last_seen': 1778945804.382459, 'seen_count': 2, 'channels': [], 'avg_rssi': None}, '98:82:73:8d:c9:43': {'first_seen': 1778945804.70392, 'last_seen': 1778945804.705608, 'seen_count': 2, 'channels': [], 'avg_rssi': None}, '28:b9:8b:4c:8f:99': {'first_seen': 1778945805.016766, 'last_seen': 1778945805.017868, 'seen_count': 2, 'channels': [], 'avg_rssi': None}, '66:92:a8:74:cf:9b': {'first_seen': 1778945805.328023, 'last_seen': 1778945805.329133, 'seen_count': 2, 'channels': [], 'avg_rssi': None}, '1c:1d:cb:31:26:59': {'first_seen': 1778945805.64301, 'last_seen': 1778945805.644161, 'seen_count': 2, 'channels': [], 'avg_rssi': None}, 'b8:96:b4:08:1e:78': {'first_seen': 1778945805.956051, 'last_seen': 1778945805.957168, 'seen_count': 2, 'channels': [], 'avg_rssi': None}, '98:d0:cb:7a:59:36': {'first_seen': 1778945806.266659, 'last_seen': 1778945806.267556, 'seen_count': 2, 'channels': [], 'avg_rssi': None}, '7d:af:17:be:76:94': {'first_seen': 1778945806.579728, 'last_seen': 1778945806.582206, 'seen_count': 2, 'channels': [], 'avg_rssi': None}, 'cb:8f:ee:7b:0c:1a': {'first_seen': 1778945806.89951, 'last_seen': 1778945806.900338, 'seen_count': 2, 'channels': [], 'avg_rssi': None}, '65:54:b3:e3:d7:9f': {'first_seen': 1778945807.216007, 'last_seen': 1778945807.217229, 'seen_count': 2, 'channels': [], 'avg_rssi': None}, 'da:4a:c3:22:37:af': {'first_seen': 1778945807.530186, 'last_seen': 1778945807.531372, 'seen_count': 2, 'channels': [], 'avg_rssi': None}, '22:46:20:3c:2b:da': {'first_seen': 1778945807.840267, 'last_seen': 1778945807.841142, 'seen_count': 2, 'channels': [], 'avg_rssi': None}, '3e:8e:01:bc:03:38': {'first_seen': 1778945808.15834, 'last_seen': 1778945808.159529, 'seen_count': 2, 'channels': [], 'avg_rssi': None}, '40:7d:0e:8c:38:66': {'first_seen': 1778945808.465171, 'last_seen': 1778945808.466309, 'seen_count': 2, 'channels': [], 'avg_rssi': None}, '8f:ab:57:08:4a:30': {'first_seen': 1778945808.779173, 'last_seen': 1778945808.780187, 'seen_count': 2, 'channels': [], 'avg_rssi': None}, '5f:da:ee:7a:e3:60': {'first_seen': 1778945809.091384, 'last_seen': 1778945809.0932, 'seen_count': 2, 'channels': [], 'avg_rssi': None}, '1d:5e:b9:e5:21:c2': {'first_seen': 1778945809.401867, 'last_seen': 1778945809.403094, 'seen_count': 2, 'channels': [], 'avg_rssi': None}, '7b:29:45:e0:1c:8f': {'first_seen': 1778945809.705388, 'last_seen': 1778945809.706483, 'seen_count': 2, 'channels': [], 'avg_rssi': None}, 'd5:5e:d1:0e:08:ac': {'first_seen': 1778945810.329263, 'last_seen': 1778945810.330669, 'seen_count': 2, 'channels': [], 'avg_rssi': None}, 'e3:f1:ca:92:82:45': {'first_seen': 1778945810.641559, 'last_seen': 1778945810.644779, 'seen_count': 2, 'channels': [], 'avg_rssi': None}, '04:c7:12:b1:7d:50': {'first_seen': 1778945810.952227, 'last_seen': 1778945810.953798, 'seen_count': 2, 'channels': [], 'avg_rssi': None}, 'a8:5e:75:d5:24:d4': {'first_seen': 1778945811.256115, 'last_seen': 1778945811.260435, 'seen_count': 2, 'channels': [], 'avg_rssi': None}, 'c3:3c:f1:df:ac:79': {'first_seen': 1778945811.568933, 'last_seen': 1778945811.569956, 'seen_count': 2, 'channels': [], 'avg_rssi': None}, '4e:8d:78:f3:a1:93': {'first_seen': 1778945811.883019, 'last_seen': 1778945811.883971, 'seen_count': 2, 'channels': [], 'avg_rssi': None}, 'bb:f7:1f:79:46:b0': {'first_seen': 1778945812.194924, 'last_seen': 1778945812.195987, 'seen_count': 2, 'channels': [], 'avg_rssi': None}, 'da:0b:a3:cd:bf:39': {'first_seen': 1778945812.502589, 'last_seen': 1778945812.50351, 'seen_count': 2, 'channels': [], 'avg_rssi': None}, '87:17:5c:b5:6b:73': {'first_seen': 1778945812.811382, 'last_seen': 1778945812.813269, 'seen_count': 2, 'channels': [], 'avg_rssi': None}, '0d:a6:04:9b:c3:d7': {'first_seen': 1778945813.120766, 'last_seen': 1778945813.121661, 'seen_count': 2, 'channels': [], 'avg_rssi': None}, '45:91:aa:b0:65:76': {'first_seen': 1778945813.431409, 'last_seen': 1778945813.432553, 'seen_count': 2, 'channels': [], 'avg_rssi': None}, '79:52:ac:a5:40:a2': {'first_seen': 1778945813.742861, 'last_seen': 1778945813.744067, 'seen_count': 2, 'channels': [], 'avg_rssi': None}, 'cb:67:28:8b:cf:94': {'first_seen': 1778945814.050882, 'last_seen': 1778945814.051957, 'seen_count': 2, 'channels': [], 'avg_rssi': None}, '07:89:52:26:81:7d': {'first_seen': 1778945814.353818, 'last_seen': 1778945814.354849, 'seen_count': 2, 'channels': [], 'avg_rssi': None}, '50:a5:7d:b0:bd:0a': {'first_seen': 1778945814.668843, 'last_seen': 1778945814.66974, 'seen_count': 2, 'channels': [], 'avg_rssi': None}, 'a5:89:31:96:8d:07': {'first_seen': 1778945814.982682, 'last_seen': 1778945814.983901, 'seen_count': 2, 'channels': [], 'avg_rssi': None}, 'ff:93:89:46:00:24': {'first_seen': 1778945815.286451, 'last_seen': 1778945815.288025, 'seen_count': 2, 'channels': [], 'avg_rssi': None}, 'e1:eb:ef:56:f8:ef': {'first_seen': 1778945815.598181, 'last_seen': 1778945815.599289, 'seen_count': 2, 'channels': [], 'avg_rssi': None}, 'c7:18:d3:d8:75:3d': {'first_seen': 1778945815.902188, 'last_seen': 1778945815.903307, 'seen_count': 2, 'channels': [], 'avg_rssi': None}, '65:90:d4:98:81:e2': {'first_seen': 1778945816.218127, 'last_seen': 1778945816.218127, 'seen_count': 1, 'channels': [], 'avg_rssi': None}, '18:77:93:d2:e1:14': {'first_seen': 1778945816.524556, 'last_seen': 1778945816.525586, 'seen_count': 2, 'channels': [], 'avg_rssi': None}, '58:8c:d8:4a:d9:da': {'first_seen': 1778945816.833189, 'last_seen': 1778945816.834107, 'seen_count': 2, 'channels': [], 'avg_rssi': None}, '60:52:7f:f7:07:d5': {'first_seen': 1778945817.138958, 'last_seen': 1778945817.139869, 'seen_count': 2, 'channels': [], 'avg_rssi': None}, '06:c1:ad:9d:12:c9': {'first_seen': 1778945817.447062, 'last_seen': 1778945817.447884, 'seen_count': 2, 'channels': [], 'avg_rssi': None}, '3f:4a:b8:77:a7:d3': {'first_seen': 1778945817.754202, 'last_seen': 1778945817.7554, 'seen_count': 2, 'channels': [], 'avg_rssi': None}, '8c:60:2e:6e:d4:c8': {'first_seen': 1778945818.067639, 'last_seen': 1778945818.068549, 'seen_count': 2, 'channels': [], 'avg_rssi': None}, 'd7:e9:62:c9:86:b9': {'first_seen': 1778945818.378814, 'last_seen': 1778945818.379942, 'seen_count': 2, 'channels': [], 'avg_rssi': None}, '44:4c:97:79:b3:cd': {'first_seen': 1778945818.69211, 'last_seen': 1778945818.693211, 'seen_count': 2, 'channels': [], 'avg_rssi': None}, '3b:2a:a7:e5:73:7d': {'first_seen': 1778945819.00191, 'last_seen': 1778945819.003089, 'seen_count': 2, 'channels': [], 'avg_rssi': None}, '92:f9:01:99:23:a2': {'first_seen': 1778945819.317634, 'last_seen': 1778945819.318613, 'seen_count': 2, 'channels': [], 'avg_rssi': None}, '5b:54:0c:ae:35:fd': {'first_seen': 1778945819.640778, 'last_seen': 1778945819.641872, 'seen_count': 2, 'channels': [], 'avg_rssi': None}, 'cb:e7:c3:76:c2:87': {'first_seen': 1778945819.953273, 'last_seen': 1778945819.95414, 'seen_count': 2, 'channels': [], 'avg_rssi': None}, '3a:bf:d5:ee:eb:ec': {'first_seen': 1778945820.269684, 'last_seen': 1778945820.270925, 'seen_count': 2, 'channels': [], 'avg_rssi': None}, 'd0:ea:2a:ef:ae:7c': {'first_seen': 1778945820.580763, 'last_seen': 1778945820.580763, 'seen_count': 1, 'channels': [], 'avg_rssi': None}}}
!!!!!!!!!!!!!!!!!!!!!!!!!!!!!!!!!!!!!!!!!!!!!!!!!!!!!!!!!!!!!!!!!!!!!!!!!!!!!!!!


!!!!!!!!!!!!!!!!!!!!!!!!!!!!!!!!!!!!!!!!!!!!!!!!!!!!!!!!!!!!!!!!!!!!!!!!!!!!!!!!
[ALERT] ALERT-000074 | BEACON_FLOOD
severity: CRITICAL
time: 2026-05-16T15:37:00.581674
message: Wykryto możliwy atak Beacon Flood: 1955 ramek beacon, 953 unikalnych BSSID, 32 unikalnych SSID w oknie 10s.
evidence: {'beacon_count': 1955, 'unique_bssid_count': 953, 'unique_ssid_count': 32, 'window_seconds': 10, 'beacon_count_threshold': 200, 'unique_bssid_threshold': 60, 'unique_ssid_threshold': 40, 'triggered_reasons': ['high_beacon_rate', 'many_unique_bssids'], 'sample_ssids': ['TestNet_018', 'TestNet_011', 'TestNet_013', 'TestNet_003', 'TestNet_028', 'TestNet_012', 'TestNet_025', 'TestNet_001', 'TestNet_002', 'TestNet_027'], 'sample_bssids': ['27:3f:99:63:24:9c', 'd2:df:90:4a:41:a9', '09:94:fe:8c:7b:e7', '7e:32:21:54:db:c8', '14:60:c3:5a:d3:ef', '11:a0:13:08:a9:bb', 'a6:5c:db:93:3a:53', '43:8b:28:20:51:ca', 'a0:f3:5d:60:9c:c4', '30:ec:b5:2a:78:05']}
!!!!!!!!!!!!!!!!!!!!!!!!!!!!!!!!!!!!!!!!!!!!!!!!!!!!!!!!!!!!!!!!!!!!!!!!!!!!!!!!


!!!!!!!!!!!!!!!!!!!!!!!!!!!!!!!!!!!!!!!!!!!!!!!!!!!!!!!!!!!!!!!!!!!!!!!!!!!!!!!!
[ALERT] ALERT-000075 | POTENTIAL_EVIL_TWIN
severity: LOW
time: 2026-05-16T15:37:00.590859
message: Wykryto potencjalny Evil Twin / Rogue AP dla SSID 'TestNet_002'. Zaobserwowano 96 różnych BSSID oraz podejrzane różnice parametrów sieci.
evidence: {'ssid': 'TestNet_002', 'bssid_count': 96, 'bssids': ['36:b2:06:01:88:d3', '6c:05:02:56:af:6c', '04:37:be:aa:9d:25', '86:50:8f:b7:25:55', '7f:1a:46:c4:90:df', 'c4:33:47:6a:50:0a', '0b:ad:b7:a7:38:1a', '7f:82:d5:5c:27:60', 'fd:da:bd:4a:d6:5d', '79:17:40:26:9d:9a', 'c5:41:27:07:02:ab', '71:22:60:7b:f3:1c', '54:39:a6:a6:6d:98', '5f:24:74:4f:b4:b8', 'e8:d8:bf:4d:7a:2a', 'ce:45:2f:f1:8b:a5', 'ee:2f:b1:fd:92:c5', 'cf:fa:2b:8e:1e:79', '69:6f:bc:24:1d:a8', '90:1c:ec:d3:96:81', 'f4:ad:0b:b9:a0:25', '2f:1f:39:76:3f:bc', 'ff:4b:41:11:39:e0', '09:1f:5b:f4:66:4d', '9f:ba:ce:04:b5:70', 'b9:55:62:16:8f:c6', 'f5:1c:fc:8c:14:92', 'ef:52:22:0e:e7:0a', 'f6:61:ff:36:ef:f1', 'a3:1a:21:8f:eb:52', 'f8:26:dc:c9:48:55', '02:ef:25:ec:47:19', 'ca:15:81:0b:f4:31', '29:bd:9d:68:36:63', '8e:b6:d8:7c:23:c1', '21:5d:74:04:62:35', 'f7:99:5f:db:e3:4e', '4c:8e:c8:37:63:8f', '88:1d:27:bd:fe:d4', '96:9b:9f:11:60:36', 'e9:51:f4:96:5a:7e', 'cb:ca:cb:de:b4:6b', '86:cc:f9:66:21:9f', '3b:ab:74:dc:8d:40', '46:3f:53:73:96:d0', '07:39:5c:4f:b5:7b', '64:be:69:01:98:f9', '40:bd:cc:c8:06:cf', '80:66:8c:da:52:f3', 'c7:8a:c5:f2:4f:1c', '3e:04:e2:52:4a:e6', '20:48:74:b2:1c:f7', '8a:c0:c2:27:20:2a', 'da:bd:d8:47:8e:91', 'f6:89:95:79:4c:3c', '9c:7f:29:0a:ef:a2', '10:f6:5d:3d:75:ea', 'ca:08:12:ab:ff:7b', '25:29:04:a8:90:27', 'dc:5a:8d:2a:84:85', 'b8:a3:5b:21:a2:b1', '9b:f9:43:6a:68:8e', 'bb:f0:f3:ce:67:59', '50:d9:6f:c8:b4:c4', 'f4:cb:a2:bd:17:a1', 'd9:e9:92:f0:7f:54', 'fd:bc:7f:b7:7f:31', '40:4a:89:9b:0a:57', '49:8b:51:b9:c6:da', '8b:c3:a7:86:c8:6e', 'a7:a9:63:90:d8:04', 'da:f5:12:89:70:47', 'a0:f3:5d:60:9c:c4', 'cd:fd:89:a9:f0:d0', 'd3:b1:64:c8:ee:6e', '0b:cc:2e:f9:74:44', '54:68:6e:a9:af:e1', '40:60:ac:4b:91:0f', '64:d3:93:7d:69:12', '23:99:60:f3:7e:31', '2f:ed:03:4b:68:cd', '2b:3a:0f:02:59:d2', '01:50:e3:ca:61:3b', '6a:19:3b:9d:83:b7', '22:10:5b:2d:00:4e', '39:43:c6:f0:7d:2f', '9a:98:15:31:6f:af', 'b7:cb:bb:de:15:6f', 'a9:a7:57:87:39:c1', 'a9:ce:a6:cc:60:a5', '96:d8:23:db:ab:d6', 'df:15:34:17:85:90', '31:fa:56:dc:58:15', '88:3d:e0:b1:d6:d5', 'a3:41:87:be:67:9d', 'eb:25:fc:05:2e:5c'], 'triggered_reasons': ['same_ssid_multiple_bssid'], 'observations': {'36:b2:06:01:88:d3': {'first_seen': 1778945790.045738, 'last_seen': 1778945790.046722, 'seen_count': 2, 'channels': [], 'avg_rssi': None}, '6c:05:02:56:af:6c': {'first_seen': 1778945790.351827, 'last_seen': 1778945790.352738, 'seen_count': 2, 'channels': [], 'avg_rssi': None}, '04:37:be:aa:9d:25': {'first_seen': 1778945790.662697, 'last_seen': 1778945790.666007, 'seen_count': 2, 'channels': [], 'avg_rssi': None}, '86:50:8f:b7:25:55': {'first_seen': 1778945790.967482, 'last_seen': 1778945790.968648, 'seen_count': 2, 'channels': [], 'avg_rssi': None}, '7f:1a:46:c4:90:df': {'first_seen': 1778945791.280242, 'last_seen': 1778945791.281156, 'seen_count': 2, 'channels': [], 'avg_rssi': None}, 'c4:33:47:6a:50:0a': {'first_seen': 1778945791.584441, 'last_seen': 1778945791.585546, 'seen_count': 2, 'channels': [], 'avg_rssi': None}, '0b:ad:b7:a7:38:1a': {'first_seen': 1778945791.89275, 'last_seen': 1778945791.893816, 'seen_count': 2, 'channels': [], 'avg_rssi': None}, '7f:82:d5:5c:27:60': {'first_seen': 1778945792.200621, 'last_seen': 1778945792.201452, 'seen_count': 2, 'channels': [], 'avg_rssi': None}, 'fd:da:bd:4a:d6:5d': {'first_seen': 1778945792.519533, 'last_seen': 1778945792.520467, 'seen_count': 2, 'channels': [], 'avg_rssi': None}, '79:17:40:26:9d:9a': {'first_seen': 1778945792.827257, 'last_seen': 1778945792.828483, 'seen_count': 2, 'channels': [], 'avg_rssi': None}, 'c5:41:27:07:02:ab': {'first_seen': 1778945793.146662, 'last_seen': 1778945793.147627, 'seen_count': 2, 'channels': [], 'avg_rssi': None}, '71:22:60:7b:f3:1c': {'first_seen': 1778945793.465305, 'last_seen': 1778945793.466267, 'seen_count': 2, 'channels': [], 'avg_rssi': None}, '54:39:a6:a6:6d:98': {'first_seen': 1778945793.775232, 'last_seen': 1778945793.776415, 'seen_count': 2, 'channels': [], 'avg_rssi': None}, '5f:24:74:4f:b4:b8': {'first_seen': 1778945794.089542, 'last_seen': 1778945794.090425, 'seen_count': 2, 'channels': [], 'avg_rssi': None}, 'e8:d8:bf:4d:7a:2a': {'first_seen': 1778945794.402176, 'last_seen': 1778945794.403067, 'seen_count': 2, 'channels': [], 'avg_rssi': None}, 'ce:45:2f:f1:8b:a5': {'first_seen': 1778945794.709972, 'last_seen': 1778945794.71285, 'seen_count': 2, 'channels': [], 'avg_rssi': None}, 'ee:2f:b1:fd:92:c5': {'first_seen': 1778945795.025681, 'last_seen': 1778945795.026613, 'seen_count': 2, 'channels': [], 'avg_rssi': None}, 'cf:fa:2b:8e:1e:79': {'first_seen': 1778945795.343066, 'last_seen': 1778945795.343987, 'seen_count': 2, 'channels': [], 'avg_rssi': None}, '69:6f:bc:24:1d:a8': {'first_seen': 1778945795.658665, 'last_seen': 1778945795.659755, 'seen_count': 2, 'channels': [], 'avg_rssi': None}, '90:1c:ec:d3:96:81': {'first_seen': 1778945795.974046, 'last_seen': 1778945795.974898, 'seen_count': 2, 'channels': [], 'avg_rssi': None}, 'f4:ad:0b:b9:a0:25': {'first_seen': 1778945796.288637, 'last_seen': 1778945796.289544, 'seen_count': 2, 'channels': [], 'avg_rssi': None}, '2f:1f:39:76:3f:bc': {'first_seen': 1778945796.596375, 'last_seen': 1778945796.597553, 'seen_count': 2, 'channels': [], 'avg_rssi': None}, 'ff:4b:41:11:39:e0': {'first_seen': 1778945796.908195, 'last_seen': 1778945796.909194, 'seen_count': 2, 'channels': [], 'avg_rssi': None}, '09:1f:5b:f4:66:4d': {'first_seen': 1778945797.221006, 'last_seen': 1778945797.221846, 'seen_count': 2, 'channels': [], 'avg_rssi': None}, '9f:ba:ce:04:b5:70': {'first_seen': 1778945797.53521, 'last_seen': 1778945797.537352, 'seen_count': 2, 'channels': [], 'avg_rssi': None}, 'b9:55:62:16:8f:c6': {'first_seen': 1778945797.847997, 'last_seen': 1778945797.848876, 'seen_count': 2, 'channels': [], 'avg_rssi': None}, 'f5:1c:fc:8c:14:92': {'first_seen': 1778945798.159662, 'last_seen': 1778945798.160884, 'seen_count': 2, 'channels': [], 'avg_rssi': None}, 'ef:52:22:0e:e7:0a': {'first_seen': 1778945798.465931, 'last_seen': 1778945798.466776, 'seen_count': 2, 'channels': [], 'avg_rssi': None}, 'f6:61:ff:36:ef:f1': {'first_seen': 1778945798.782875, 'last_seen': 1778945798.78379, 'seen_count': 2, 'channels': [], 'avg_rssi': None}, 'a3:1a:21:8f:eb:52': {'first_seen': 1778945799.093544, 'last_seen': 1778945799.094685, 'seen_count': 2, 'channels': [], 'avg_rssi': None}, 'f8:26:dc:c9:48:55': {'first_seen': 1778945799.403349, 'last_seen': 1778945799.405203, 'seen_count': 2, 'channels': [], 'avg_rssi': None}, '02:ef:25:ec:47:19': {'first_seen': 1778945799.710319, 'last_seen': 1778945799.711216, 'seen_count': 2, 'channels': [], 'avg_rssi': None}, 'ca:15:81:0b:f4:31': {'first_seen': 1778945800.019265, 'last_seen': 1778945800.020108, 'seen_count': 2, 'channels': [], 'avg_rssi': None}, '29:bd:9d:68:36:63': {'first_seen': 1778945800.325397, 'last_seen': 1778945800.326373, 'seen_count': 2, 'channels': [], 'avg_rssi': None}, '8e:b6:d8:7c:23:c1': {'first_seen': 1778945800.645612, 'last_seen': 1778945800.646765, 'seen_count': 2, 'channels': [], 'avg_rssi': None}, '21:5d:74:04:62:35': {'first_seen': 1778945800.959885, 'last_seen': 1778945800.960905, 'seen_count': 2, 'channels': [], 'avg_rssi': None}, 'f7:99:5f:db:e3:4e': {'first_seen': 1778945801.270604, 'last_seen': 1778945801.271546, 'seen_count': 2, 'channels': [], 'avg_rssi': None}, '4c:8e:c8:37:63:8f': {'first_seen': 1778945801.57672, 'last_seen': 1778945801.577815, 'seen_count': 2, 'channels': [], 'avg_rssi': None}, '88:1d:27:bd:fe:d4': {'first_seen': 1778945801.885051, 'last_seen': 1778945801.885955, 'seen_count': 2, 'channels': [], 'avg_rssi': None}, '96:9b:9f:11:60:36': {'first_seen': 1778945802.193022, 'last_seen': 1778945802.194095, 'seen_count': 2, 'channels': [], 'avg_rssi': None}, 'e9:51:f4:96:5a:7e': {'first_seen': 1778945802.502288, 'last_seen': 1778945802.503363, 'seen_count': 2, 'channels': [], 'avg_rssi': None}, 'cb:ca:cb:de:b4:6b': {'first_seen': 1778945802.818742, 'last_seen': 1778945802.819884, 'seen_count': 2, 'channels': [], 'avg_rssi': None}, '86:cc:f9:66:21:9f': {'first_seen': 1778945803.137714, 'last_seen': 1778945803.138682, 'seen_count': 2, 'channels': [], 'avg_rssi': None}, '3b:ab:74:dc:8d:40': {'first_seen': 1778945803.454656, 'last_seen': 1778945803.45566, 'seen_count': 2, 'channels': [], 'avg_rssi': None}, '46:3f:53:73:96:d0': {'first_seen': 1778945803.763839, 'last_seen': 1778945803.764801, 'seen_count': 2, 'channels': [], 'avg_rssi': None}, '07:39:5c:4f:b5:7b': {'first_seen': 1778945804.08268, 'last_seen': 1778945804.083569, 'seen_count': 2, 'channels': [], 'avg_rssi': None}, '64:be:69:01:98:f9': {'first_seen': 1778945804.391706, 'last_seen': 1778945804.392834, 'seen_count': 2, 'channels': [], 'avg_rssi': None}, '40:bd:cc:c8:06:cf': {'first_seen': 1778945804.718744, 'last_seen': 1778945804.719724, 'seen_count': 2, 'channels': [], 'avg_rssi': None}, '80:66:8c:da:52:f3': {'first_seen': 1778945805.030699, 'last_seen': 1778945805.03162, 'seen_count': 2, 'channels': [], 'avg_rssi': None}, 'c7:8a:c5:f2:4f:1c': {'first_seen': 1778945805.338128, 'last_seen': 1778945805.339018, 'seen_count': 2, 'channels': [], 'avg_rssi': None}, '3e:04:e2:52:4a:e6': {'first_seen': 1778945805.654109, 'last_seen': 1778945805.655275, 'seen_count': 2, 'channels': [], 'avg_rssi': None}, '20:48:74:b2:1c:f7': {'first_seen': 1778945805.966197, 'last_seen': 1778945805.967297, 'seen_count': 2, 'channels': [], 'avg_rssi': None}, '8a:c0:c2:27:20:2a': {'first_seen': 1778945806.27727, 'last_seen': 1778945806.27819, 'seen_count': 2, 'channels': [], 'avg_rssi': None}, 'da:bd:d8:47:8e:91': {'first_seen': 1778945806.589821, 'last_seen': 1778945806.590699, 'seen_count': 2, 'channels': [], 'avg_rssi': None}, 'f6:89:95:79:4c:3c': {'first_seen': 1778945806.909623, 'last_seen': 1778945806.910471, 'seen_count': 2, 'channels': [], 'avg_rssi': None}, '9c:7f:29:0a:ef:a2': {'first_seen': 1778945807.22878, 'last_seen': 1778945807.229606, 'seen_count': 2, 'channels': [], 'avg_rssi': None}, '10:f6:5d:3d:75:ea': {'first_seen': 1778945807.540288, 'last_seen': 1778945807.541122, 'seen_count': 2, 'channels': [], 'avg_rssi': None}, 'ca:08:12:ab:ff:7b': {'first_seen': 1778945807.850402, 'last_seen': 1778945807.851267, 'seen_count': 2, 'channels': [], 'avg_rssi': None}, '25:29:04:a8:90:27': {'first_seen': 1778945808.168434, 'last_seen': 1778945808.169405, 'seen_count': 2, 'channels': [], 'avg_rssi': None}, 'dc:5a:8d:2a:84:85': {'first_seen': 1778945808.477881, 'last_seen': 1778945808.478799, 'seen_count': 2, 'channels': [], 'avg_rssi': None}, 'b8:a3:5b:21:a2:b1': {'first_seen': 1778945808.790661, 'last_seen': 1778945808.791688, 'seen_count': 2, 'channels': [], 'avg_rssi': None}, '9b:f9:43:6a:68:8e': {'first_seen': 1778945809.101496, 'last_seen': 1778945809.10233, 'seen_count': 2, 'channels': [], 'avg_rssi': None}, 'bb:f0:f3:ce:67:59': {'first_seen': 1778945809.411929, 'last_seen': 1778945809.41297, 'seen_count': 2, 'channels': [], 'avg_rssi': None}, '50:d9:6f:c8:b4:c4': {'first_seen': 1778945809.715518, 'last_seen': 1778945809.715518, 'seen_count': 1, 'channels': [], 'avg_rssi': None}, 'f4:cb:a2:bd:17:a1': {'first_seen': 1778945810.339392, 'last_seen': 1778945810.340394, 'seen_count': 2, 'channels': [], 'avg_rssi': None}, 'd9:e9:92:f0:7f:54': {'first_seen': 1778945810.651658, 'last_seen': 1778945810.652531, 'seen_count': 2, 'channels': [], 'avg_rssi': None}, 'fd:bc:7f:b7:7f:31': {'first_seen': 1778945810.962327, 'last_seen': 1778945810.963424, 'seen_count': 2, 'channels': [], 'avg_rssi': None}, '40:4a:89:9b:0a:57': {'first_seen': 1778945811.266229, 'last_seen': 1778945811.27544, 'seen_count': 2, 'channels': [], 'avg_rssi': None}, '49:8b:51:b9:c6:da': {'first_seen': 1778945811.580955, 'last_seen': 1778945811.581957, 'seen_count': 2, 'channels': [], 'avg_rssi': None}, '8b:c3:a7:86:c8:6e': {'first_seen': 1778945811.893111, 'last_seen': 1778945811.89397, 'seen_count': 2, 'channels': [], 'avg_rssi': None}, 'a7:a9:63:90:d8:04': {'first_seen': 1778945812.205019, 'last_seen': 1778945812.205988, 'seen_count': 2, 'channels': [], 'avg_rssi': None}, 'da:f5:12:89:70:47': {'first_seen': 1778945812.512712, 'last_seen': 1778945812.513757, 'seen_count': 2, 'channels': [], 'avg_rssi': None}, 'a0:f3:5d:60:9c:c4': {'first_seen': 1778945813.134672, 'last_seen': 1778945813.135785, 'seen_count': 2, 'channels': [], 'avg_rssi': None}, 'cd:fd:89:a9:f0:d0': {'first_seen': 1778945813.442237, 'last_seen': 1778945813.443178, 'seen_count': 2, 'channels': [], 'avg_rssi': None}, 'd3:b1:64:c8:ee:6e': {'first_seen': 1778945813.752961, 'last_seen': 1778945813.753943, 'seen_count': 2, 'channels': [], 'avg_rssi': None}, '0b:cc:2e:f9:74:44': {'first_seen': 1778945814.060945, 'last_seen': 1778945814.061838, 'seen_count': 2, 'channels': [], 'avg_rssi': None}, '54:68:6e:a9:af:e1': {'first_seen': 1778945814.363921, 'last_seen': 1778945814.365355, 'seen_count': 2, 'channels': [], 'avg_rssi': None}, '40:60:ac:4b:91:0f': {'first_seen': 1778945814.680154, 'last_seen': 1778945814.681368, 'seen_count': 2, 'channels': [], 'avg_rssi': None}, '64:d3:93:7d:69:12': {'first_seen': 1778945814.992785, 'last_seen': 1778945814.994009, 'seen_count': 2, 'channels': [], 'avg_rssi': None}, '23:99:60:f3:7e:31': {'first_seen': 1778945815.296552, 'last_seen': 1778945815.297524, 'seen_count': 2, 'channels': [], 'avg_rssi': None}, '2f:ed:03:4b:68:cd': {'first_seen': 1778945815.608277, 'last_seen': 1778945815.609292, 'seen_count': 2, 'channels': [], 'avg_rssi': None}, '2b:3a:0f:02:59:d2': {'first_seen': 1778945815.913395, 'last_seen': 1778945815.91443, 'seen_count': 2, 'channels': [], 'avg_rssi': None}, '01:50:e3:ca:61:3b': {'first_seen': 1778945816.534667, 'last_seen': 1778945816.535841, 'seen_count': 2, 'channels': [], 'avg_rssi': None}, '6a:19:3b:9d:83:b7': {'first_seen': 1778945816.843277, 'last_seen': 1778945816.844099, 'seen_count': 2, 'channels': [], 'avg_rssi': None}, '22:10:5b:2d:00:4e': {'first_seen': 1778945817.149067, 'last_seen': 1778945817.150121, 'seen_count': 2, 'channels': [], 'avg_rssi': None}, '39:43:c6:f0:7d:2f': {'first_seen': 1778945817.457148, 'last_seen': 1778945817.458136, 'seen_count': 2, 'channels': [], 'avg_rssi': None}, '9a:98:15:31:6f:af': {'first_seen': 1778945817.765285, 'last_seen': 1778945817.766408, 'seen_count': 2, 'channels': [], 'avg_rssi': None}, 'b7:cb:bb:de:15:6f': {'first_seen': 1778945818.078669, 'last_seen': 1778945818.079791, 'seen_count': 2, 'channels': [], 'avg_rssi': None}, 'a9:a7:57:87:39:c1': {'first_seen': 1778945818.388916, 'last_seen': 1778945818.389934, 'seen_count': 2, 'channels': [], 'avg_rssi': None}, 'a9:ce:a6:cc:60:a5': {'first_seen': 1778945818.702214, 'last_seen': 1778945818.703086, 'seen_count': 2, 'channels': [], 'avg_rssi': None}, '96:d8:23:db:ab:d6': {'first_seen': 1778945819.012016, 'last_seen': 1778945819.01284, 'seen_count': 2, 'channels': [], 'avg_rssi': None}, 'df:15:34:17:85:90': {'first_seen': 1778945819.330673, 'last_seen': 1778945819.331614, 'seen_count': 2, 'channels': [], 'avg_rssi': None}, '31:fa:56:dc:58:15': {'first_seen': 1778945819.650868, 'last_seen': 1778945819.651999, 'seen_count': 2, 'channels': [], 'avg_rssi': None}, '88:3d:e0:b1:d6:d5': {'first_seen': 1778945819.963364, 'last_seen': 1778945819.964264, 'seen_count': 2, 'channels': [], 'avg_rssi': None}, 'a3:41:87:be:67:9d': {'first_seen': 1778945820.281337, 'last_seen': 1778945820.282166, 'seen_count': 2, 'channels': [], 'avg_rssi': None}, 'eb:25:fc:05:2e:5c': {'first_seen': 1778945820.590859, 'last_seen': 1778945820.590859, 'seen_count': 1, 'channels': [], 'avg_rssi': None}}}
!!!!!!!!!!!!!!!!!!!!!!!!!!!!!!!!!!!!!!!!!!!!!!!!!!!!!!!!!!!!!!!!!!!!!!!!!!!!!!!!


!!!!!!!!!!!!!!!!!!!!!!!!!!!!!!!!!!!!!!!!!!!!!!!!!!!!!!!!!!!!!!!!!!!!!!!!!!!!!!!!
[ALERT] ALERT-000076 | POTENTIAL_EVIL_TWIN
severity: LOW
time: 2026-05-16T15:37:00.600972
message: Wykryto potencjalny Evil Twin / Rogue AP dla SSID 'TestNet_003'. Zaobserwowano 97 różnych BSSID oraz podejrzane różnice parametrów sieci.
evidence: {'ssid': 'TestNet_003', 'bssid_count': 97, 'bssids': ['7e:28:7f:ce:80:2b', '1c:34:fa:0f:ed:3d', '0b:48:ed:69:b6:7b', '2d:ae:25:7d:00:f9', '4a:e3:d2:3a:5c:6b', '2f:b8:42:13:e0:be', '01:af:23:79:81:24', '25:b2:50:81:60:93', '58:a4:c5:f0:db:f6', '96:89:35:09:02:86', 'e6:0b:13:fb:4e:68', '14:83:f4:04:d4:b1', '14:82:1e:2f:08:61', 'c2:56:b0:23:f9:d3', '8c:8c:f5:f3:9a:28', 'ca:d1:e7:52:97:82', '1f:7b:f7:9c:ce:42', 'bd:71:1e:a9:1b:b4', '47:ba:07:2a:52:dc', '23:8a:0f:3c:62:32', '9d:2f:34:e5:95:7e', 'd0:f6:19:e9:73:39', '0b:7b:5f:c6:68:d5', 'a0:a5:be:63:93:41', '76:0f:9f:19:6c:5c', '51:94:ac:e7:87:99', '90:a2:d4:72:04:fe', '73:8c:2a:94:58:16', '64:6e:22:1c:e9:5c', '79:6a:b3:f2:85:87', '00:42:ce:93:e2:92', '0e:31:aa:b3:fb:61', '04:71:58:9c:30:d8', 'fa:3b:7f:e5:74:8b', '90:2e:0a:cc:ac:b6', 'd8:be:0e:f0:4b:8d', '71:75:e3:97:9c:c2', '4a:3a:b8:76:a4:b9', '18:7e:09:eb:29:b3', '00:6f:f0:26:9e:1d', '18:ac:17:90:a1:df', '5b:49:47:79:b0:4c', 'e2:ec:48:46:07:78', '33:6d:c2:72:57:88', 'a1:d7:fb:05:09:0f', 'c4:5b:fe:33:05:c7', 'd4:96:f5:04:ad:19', '4f:17:d9:c7:ec:85', 'a0:f6:80:0b:04:94', '18:60:b5:8d:7e:8a', 'ca:09:01:63:0e:92', 'a2:63:93:08:5c:26', 'b7:fa:06:0c:0d:9c', 'dc:41:1b:88:b2:59', '22:0c:be:e6:41:fd', '51:79:12:7a:36:39', '0e:13:a9:fb:7d:c5', '38:c2:70:f6:aa:cc', 'c5:2e:a9:23:4c:85', '51:c5:d9:3b:dc:e6', '37:6f:e6:70:0f:9b', '17:02:8e:01:f1:a5', '3a:aa:71:89:48:0f', '95:c1:fd:db:61:8e', 'c9:d0:49:6b:dd:84', 'fb:6e:b4:70:51:18', 'ab:ab:bf:ba:d9:7a', '9a:fc:79:aa:61:f6', '4b:27:b9:05:ef:61', '2b:86:e2:73:c6:0d', '6b:62:c3:7c:5a:8d', '95:72:31:e3:8c:f7', '6d:03:64:58:0e:6f', '4d:b1:5d:19:7a:1f', 'e5:6e:c1:70:99:a6', '48:e7:2d:e1:01:a9', '8a:f0:65:87:6a:c0', '65:c2:26:1a:41:84', '89:95:69:18:4f:1a', '04:07:d7:b6:da:c7', '94:93:0c:30:da:04', '89:1c:00:64:5c:d4', '09:a8:7a:85:2c:9d', '35:93:ce:fb:1d:2f', 'd8:ae:3d:68:7c:20', '40:72:b6:4c:fd:7a', '76:10:f0:0a:c2:73', 'f3:03:42:1b:e6:7e', 'aa:19:1b:66:d7:f3', '53:1e:31:a1:c2:c7', 'af:0a:99:b0:f3:51', 'c8:96:65:da:30:96', 'b1:e6:e0:72:0a:8b', 'a0:ba:a4:b5:e9:6c', '7e:39:e3:01:14:ea', '5e:d4:38:77:b0:be', '24:7d:79:04:1b:f1'], 'triggered_reasons': ['same_ssid_multiple_bssid'], 'observations': {'7e:28:7f:ce:80:2b': {'first_seen': 1778945790.057751, 'last_seen': 1778945790.058593, 'seen_count': 2, 'channels': [], 'avg_rssi': None}, '1c:34:fa:0f:ed:3d': {'first_seen': 1778945790.361939, 'last_seen': 1778945790.36312, 'seen_count': 2, 'channels': [], 'avg_rssi': None}, '0b:48:ed:69:b6:7b': {'first_seen': 1778945790.672801, 'last_seen': 1778945790.676646, 'seen_count': 2, 'channels': [], 'avg_rssi': None}, '2d:ae:25:7d:00:f9': {'first_seen': 1778945790.977636, 'last_seen': 1778945790.978771, 'seen_count': 2, 'channels': [], 'avg_rssi': None}, '4a:e3:d2:3a:5c:6b': {'first_seen': 1778945791.290678, 'last_seen': 1778945791.291784, 'seen_count': 2, 'channels': [], 'avg_rssi': None}, '2f:b8:42:13:e0:be': {'first_seen': 1778945791.594559, 'last_seen': 1778945791.597544, 'seen_count': 2, 'channels': [], 'avg_rssi': None}, '01:af:23:79:81:24': {'first_seen': 1778945791.902844, 'last_seen': 1778945791.904061, 'seen_count': 2, 'channels': [], 'avg_rssi': None}, '25:b2:50:81:60:93': {'first_seen': 1778945792.210672, 'last_seen': 1778945792.212951, 'seen_count': 2, 'channels': [], 'avg_rssi': None}, '58:a4:c5:f0:db:f6': {'first_seen': 1778945792.529626, 'last_seen': 1778945792.530468, 'seen_count': 2, 'channels': [], 'avg_rssi': None}, '96:89:35:09:02:86': {'first_seen': 1778945792.837353, 'last_seen': 1778945792.838485, 'seen_count': 2, 'channels': [], 'avg_rssi': None}, 'e6:0b:13:fb:4e:68': {'first_seen': 1778945793.156759, 'last_seen': 1778945793.157875, 'seen_count': 2, 'channels': [], 'avg_rssi': None}, '14:83:f4:04:d4:b1': {'first_seen': 1778945793.477173, 'last_seen': 1778945793.478398, 'seen_count': 2, 'channels': [], 'avg_rssi': None}, '14:82:1e:2f:08:61': {'first_seen': 1778945793.785357, 'last_seen': 1778945793.78654, 'seen_count': 2, 'channels': [], 'avg_rssi': None}, 'c2:56:b0:23:f9:d3': {'first_seen': 1778945794.099651, 'last_seen': 1778945794.100806, 'seen_count': 2, 'channels': [], 'avg_rssi': None}, '8c:8c:f5:f3:9a:28': {'first_seen': 1778945794.412274, 'last_seen': 1778945794.413192, 'seen_count': 2, 'channels': [], 'avg_rssi': None}, 'ca:d1:e7:52:97:82': {'first_seen': 1778945794.720101, 'last_seen': 1778945794.721225, 'seen_count': 2, 'channels': [], 'avg_rssi': None}, '1f:7b:f7:9c:ce:42': {'first_seen': 1778945795.03878, 'last_seen': 1778945795.039979, 'seen_count': 2, 'channels': [], 'avg_rssi': None}, 'bd:71:1e:a9:1b:b4': {'first_seen': 1778945795.35317, 'last_seen': 1778945795.354365, 'seen_count': 2, 'channels': [], 'avg_rssi': None}, '47:ba:07:2a:52:dc': {'first_seen': 1778945795.668757, 'last_seen': 1778945795.669758, 'seen_count': 2, 'channels': [], 'avg_rssi': None}, '23:8a:0f:3c:62:32': {'first_seen': 1778945795.984173, 'last_seen': 1778945795.985155, 'seen_count': 2, 'channels': [], 'avg_rssi': None}, '9d:2f:34:e5:95:7e': {'first_seen': 1778945796.298705, 'last_seen': 1778945796.299542, 'seen_count': 2, 'channels': [], 'avg_rssi': None}, 'd0:f6:19:e9:73:39': {'first_seen': 1778945796.6065, 'last_seen': 1778945796.607435, 'seen_count': 2, 'channels': [], 'avg_rssi': None}, '0b:7b:5f:c6:68:d5': {'first_seen': 1778945796.91829, 'last_seen': 1778945796.919323, 'seen_count': 2, 'channels': [], 'avg_rssi': None}, 'a0:a5:be:63:93:41': {'first_seen': 1778945797.234745, 'last_seen': 1778945797.235963, 'seen_count': 2, 'channels': [], 'avg_rssi': None}, '76:0f:9f:19:6c:5c': {'first_seen': 1778945797.545583, 'last_seen': 1778945797.547108, 'seen_count': 2, 'channels': [], 'avg_rssi': None}, '51:94:ac:e7:87:99': {'first_seen': 1778945797.858113, 'last_seen': 1778945797.859252, 'seen_count': 2, 'channels': [], 'avg_rssi': None}, '90:a2:d4:72:04:fe': {'first_seen': 1778945798.169773, 'last_seen': 1778945798.1707, 'seen_count': 2, 'channels': [], 'avg_rssi': None}, '73:8c:2a:94:58:16': {'first_seen': 1778945798.476028, 'last_seen': 1778945798.477027, 'seen_count': 2, 'channels': [], 'avg_rssi': None}, '64:6e:22:1c:e9:5c': {'first_seen': 1778945798.792969, 'last_seen': 1778945798.794666, 'seen_count': 2, 'channels': [], 'avg_rssi': None}, '79:6a:b3:f2:85:87': {'first_seen': 1778945799.103642, 'last_seen': 1778945799.104559, 'seen_count': 2, 'channels': [], 'avg_rssi': None}, '00:42:ce:93:e2:92': {'first_seen': 1778945799.413466, 'last_seen': 1778945799.414326, 'seen_count': 2, 'channels': [], 'avg_rssi': None}, '0e:31:aa:b3:fb:61': {'first_seen': 1778945799.720428, 'last_seen': 1778945799.721593, 'seen_count': 2, 'channels': [], 'avg_rssi': None}, '04:71:58:9c:30:d8': {'first_seen': 1778945800.029366, 'last_seen': 1778945800.030499, 'seen_count': 2, 'channels': [], 'avg_rssi': None}, 'fa:3b:7f:e5:74:8b': {'first_seen': 1778945800.335494, 'last_seen': 1778945800.336373, 'seen_count': 2, 'channels': [], 'avg_rssi': None}, '90:2e:0a:cc:ac:b6': {'first_seen': 1778945800.655706, 'last_seen': 1778945800.65664, 'seen_count': 2, 'channels': [], 'avg_rssi': None}, 'd8:be:0e:f0:4b:8d': {'first_seen': 1778945800.969984, 'last_seen': 1778945800.970908, 'seen_count': 2, 'channels': [], 'avg_rssi': None}, '71:75:e3:97:9c:c2': {'first_seen': 1778945801.280709, 'last_seen': 1778945801.281797, 'seen_count': 2, 'channels': [], 'avg_rssi': None}, '4a:3a:b8:76:a4:b9': {'first_seen': 1778945801.586814, 'last_seen': 1778945801.587939, 'seen_count': 2, 'channels': [], 'avg_rssi': None}, '18:7e:09:eb:29:b3': {'first_seen': 1778945801.895144, 'last_seen': 1778945801.896079, 'seen_count': 2, 'channels': [], 'avg_rssi': None}, '00:6f:f0:26:9e:1d': {'first_seen': 1778945802.203875, 'last_seen': 1778945802.204972, 'seen_count': 2, 'channels': [], 'avg_rssi': None}, '18:ac:17:90:a1:df': {'first_seen': 1778945802.512382, 'last_seen': 1778945802.513236, 'seen_count': 2, 'channels': [], 'avg_rssi': None}, '5b:49:47:79:b0:4c': {'first_seen': 1778945802.830742, 'last_seen': 1778945802.83188, 'seen_count': 2, 'channels': [], 'avg_rssi': None}, 'e2:ec:48:46:07:78': {'first_seen': 1778945803.147871, 'last_seen': 1778945803.148894, 'seen_count': 2, 'channels': [], 'avg_rssi': None}, '33:6d:c2:72:57:88': {'first_seen': 1778945803.464755, 'last_seen': 1778945803.465661, 'seen_count': 2, 'channels': [], 'avg_rssi': None}, 'a1:d7:fb:05:09:0f': {'first_seen': 1778945803.773969, 'last_seen': 1778945803.775927, 'seen_count': 2, 'channels': [], 'avg_rssi': None}, 'c4:5b:fe:33:05:c7': {'first_seen': 1778945804.092778, 'last_seen': 1778945804.093944, 'seen_count': 2, 'channels': [], 'avg_rssi': None}, 'd4:96:f5:04:ad:19': {'first_seen': 1778945804.404908, 'last_seen': 1778945804.406089, 'seen_count': 2, 'channels': [], 'avg_rssi': None}, '4f:17:d9:c7:ec:85': {'first_seen': 1778945804.728833, 'last_seen': 1778945804.729848, 'seen_count': 2, 'channels': [], 'avg_rssi': None}, 'a0:f6:80:0b:04:94': {'first_seen': 1778945805.040789, 'last_seen': 1778945805.041744, 'seen_count': 2, 'channels': [], 'avg_rssi': None}, '18:60:b5:8d:7e:8a': {'first_seen': 1778945805.348249, 'last_seen': 1778945805.349257, 'seen_count': 2, 'channels': [], 'avg_rssi': None}, 'ca:09:01:63:0e:92': {'first_seen': 1778945805.666922, 'last_seen': 1778945805.667902, 'seen_count': 2, 'channels': [], 'avg_rssi': None}, 'a2:63:93:08:5c:26': {'first_seen': 1778945805.978669, 'last_seen': 1778945805.979539, 'seen_count': 2, 'channels': [], 'avg_rssi': None}, 'b7:fa:06:0c:0d:9c': {'first_seen': 1778945806.287386, 'last_seen': 1778945806.288308, 'seen_count': 2, 'channels': [], 'avg_rssi': None}, 'dc:41:1b:88:b2:59': {'first_seen': 1778945806.599918, 'last_seen': 1778945806.600821, 'seen_count': 2, 'channels': [], 'avg_rssi': None}, '22:0c:be:e6:41:fd': {'first_seen': 1778945806.919729, 'last_seen': 1778945806.92084, 'seen_count': 2, 'channels': [], 'avg_rssi': None}, '51:79:12:7a:36:39': {'first_seen': 1778945807.238881, 'last_seen': 1778945807.23973, 'seen_count': 2, 'channels': [], 'avg_rssi': None}, '0e:13:a9:fb:7d:c5': {'first_seen': 1778945807.550399, 'last_seen': 1778945807.551498, 'seen_count': 2, 'channels': [], 'avg_rssi': None}, '38:c2:70:f6:aa:cc': {'first_seen': 1778945807.860487, 'last_seen': 1778945807.861387, 'seen_count': 2, 'channels': [], 'avg_rssi': None}, 'c5:2e:a9:23:4c:85': {'first_seen': 1778945808.178574, 'last_seen': 1778945808.179655, 'seen_count': 2, 'channels': [], 'avg_rssi': None}, '51:c5:d9:3b:dc:e6': {'first_seen': 1778945808.48967, 'last_seen': 1778945808.490794, 'seen_count': 2, 'channels': [], 'avg_rssi': None}, '37:6f:e6:70:0f:9b': {'first_seen': 1778945808.800813, 'last_seen': 1778945808.801937, 'seen_count': 2, 'channels': [], 'avg_rssi': None}, '17:02:8e:01:f1:a5': {'first_seen': 1778945809.111601, 'last_seen': 1778945809.113207, 'seen_count': 2, 'channels': [], 'avg_rssi': None}, '3a:aa:71:89:48:0f': {'first_seen': 1778945809.422032, 'last_seen': 1778945809.424346, 'seen_count': 2, 'channels': [], 'avg_rssi': None}, '95:c1:fd:db:61:8e': {'first_seen': 1778945809.726587, 'last_seen': 1778945809.726587, 'seen_count': 1, 'channels': [], 'avg_rssi': None}, 'c9:d0:49:6b:dd:84': {'first_seen': 1778945810.34951, 'last_seen': 1778945810.350405, 'seen_count': 2, 'channels': [], 'avg_rssi': None}, 'fb:6e:b4:70:51:18': {'first_seen': 1778945810.661759, 'last_seen': 1778945810.662783, 'seen_count': 2, 'channels': [], 'avg_rssi': None}, 'ab:ab:bf:ba:d9:7a': {'first_seen': 1778945810.972425, 'last_seen': 1778945810.973296, 'seen_count': 2, 'channels': [], 'avg_rssi': None}, '9a:fc:79:aa:61:f6': {'first_seen': 1778945811.591049, 'last_seen': 1778945811.592081, 'seen_count': 2, 'channels': [], 'avg_rssi': None}, '4b:27:b9:05:ef:61': {'first_seen': 1778945811.903215, 'last_seen': 1778945811.904226, 'seen_count': 2, 'channels': [], 'avg_rssi': None}, '2b:86:e2:73:c6:0d': {'first_seen': 1778945812.215118, 'last_seen': 1778945812.216113, 'seen_count': 2, 'channels': [], 'avg_rssi': None}, '6b:62:c3:7c:5a:8d': {'first_seen': 1778945812.526685, 'last_seen': 1778945812.527629, 'seen_count': 2, 'channels': [], 'avg_rssi': None}, '95:72:31:e3:8c:f7': {'first_seen': 1778945812.833184, 'last_seen': 1778945812.833184, 'seen_count': 1, 'channels': [], 'avg_rssi': None}, '6d:03:64:58:0e:6f': {'first_seen': 1778945813.144769, 'last_seen': 1778945813.145913, 'seen_count': 2, 'channels': [], 'avg_rssi': None}, '4d:b1:5d:19:7a:1f': {'first_seen': 1778945813.452334, 'last_seen': 1778945813.453428, 'seen_count': 2, 'channels': [], 'avg_rssi': None}, 'e5:6e:c1:70:99:a6': {'first_seen': 1778945813.763056, 'last_seen': 1778945813.763946, 'seen_count': 2, 'channels': [], 'avg_rssi': None}, '48:e7:2d:e1:01:a9': {'first_seen': 1778945814.071045, 'last_seen': 1778945814.071959, 'seen_count': 2, 'channels': [], 'avg_rssi': None}, '8a:f0:65:87:6a:c0': {'first_seen': 1778945814.379045, 'last_seen': 1778945814.380227, 'seen_count': 2, 'channels': [], 'avg_rssi': None}, '65:c2:26:1a:41:84': {'first_seen': 1778945814.690252, 'last_seen': 1778945814.691242, 'seen_count': 2, 'channels': [], 'avg_rssi': None}, '89:95:69:18:4f:1a': {'first_seen': 1778945815.002879, 'last_seen': 1778945815.00376, 'seen_count': 2, 'channels': [], 'avg_rssi': None}, '04:07:d7:b6:da:c7': {'first_seen': 1778945815.306669, 'last_seen': 1778945815.307776, 'seen_count': 2, 'channels': [], 'avg_rssi': None}, '94:93:0c:30:da:04': {'first_seen': 1778945815.618407, 'last_seen': 1778945815.619291, 'seen_count': 2, 'channels': [], 'avg_rssi': None}, '89:1c:00:64:5c:d4': {'first_seen': 1778945815.923491, 'last_seen': 1778945815.92443, 'seen_count': 2, 'channels': [], 'avg_rssi': None}, '09:a8:7a:85:2c:9d': {'first_seen': 1778945816.238348, 'last_seen': 1778945816.239321, 'seen_count': 2, 'channels': [], 'avg_rssi': None}, '35:93:ce:fb:1d:2f': {'first_seen': 1778945816.54477, 'last_seen': 1778945816.545969, 'seen_count': 2, 'channels': [], 'avg_rssi': None}, 'd8:ae:3d:68:7c:20': {'first_seen': 1778945816.853369, 'last_seen': 1778945816.85448, 'seen_count': 2, 'channels': [], 'avg_rssi': None}, '40:72:b6:4c:fd:7a': {'first_seen': 1778945817.15916, 'last_seen': 1778945817.16012, 'seen_count': 2, 'channels': [], 'avg_rssi': None}, '76:10:f0:0a:c2:73': {'first_seen': 1778945817.46724, 'last_seen': 1778945817.468263, 'seen_count': 2, 'channels': [], 'avg_rssi': None}, 'f3:03:42:1b:e6:7e': {'first_seen': 1778945817.775754, 'last_seen': 1778945817.776903, 'seen_count': 2, 'channels': [], 'avg_rssi': None}, 'aa:19:1b:66:d7:f3': {'first_seen': 1778945818.088757, 'last_seen': 1778945818.089669, 'seen_count': 2, 'channels': [], 'avg_rssi': None}, '53:1e:31:a1:c2:c7': {'first_seen': 1778945818.399024, 'last_seen': 1778945818.400059, 'seen_count': 2, 'channels': [], 'avg_rssi': None}, 'af:0a:99:b0:f3:51': {'first_seen': 1778945818.712348, 'last_seen': 1778945818.713199, 'seen_count': 2, 'channels': [], 'avg_rssi': None}, 'c8:96:65:da:30:96': {'first_seen': 1778945819.022155, 'last_seen': 1778945819.023354, 'seen_count': 2, 'channels': [], 'avg_rssi': None}, 'b1:e6:e0:72:0a:8b': {'first_seen': 1778945819.342228, 'last_seen': 1778945819.343357, 'seen_count': 2, 'channels': [], 'avg_rssi': None}, 'a0:ba:a4:b5:e9:6c': {'first_seen': 1778945819.660975, 'last_seen': 1778945819.661873, 'seen_count': 2, 'channels': [], 'avg_rssi': None}, '7e:39:e3:01:14:ea': {'first_seen': 1778945819.973475, 'last_seen': 1778945819.974403, 'seen_count': 2, 'channels': [], 'avg_rssi': None}, '5e:d4:38:77:b0:be': {'first_seen': 1778945820.291426, 'last_seen': 1778945820.292282, 'seen_count': 2, 'channels': [], 'avg_rssi': None}, '24:7d:79:04:1b:f1': {'first_seen': 1778945820.600972, 'last_seen': 1778945820.600972, 'seen_count': 1, 'channels': [], 'avg_rssi': None}}}
!!!!!!!!!!!!!!!!!!!!!!!!!!!!!!!!!!!!!!!!!!!!!!!!!!!!!!!!!!!!!!!!!!!!!!!!!!!!!!!!


!!!!!!!!!!!!!!!!!!!!!!!!!!!!!!!!!!!!!!!!!!!!!!!!!!!!!!!!!!!!!!!!!!!!!!!!!!!!!!!!
[ALERT] ALERT-000077 | POTENTIAL_EVIL_TWIN
severity: LOW
time: 2026-05-16T15:37:00.611081
message: Wykryto potencjalny Evil Twin / Rogue AP dla SSID 'TestNet_004'. Zaobserwowano 98 różnych BSSID oraz podejrzane różnice parametrów sieci.
evidence: {'ssid': 'TestNet_004', 'bssid_count': 98, 'bssids': ['71:07:a4:14:f3:eb', '2e:5f:6b:76:3c:9a', '2f:c8:86:d5:19:b8', 'a2:80:a4:66:fb:9c', 'ca:f1:a9:c4:2d:91', '59:a6:d0:0f:3a:ac', '16:e9:0a:f3:53:fd', '8d:94:68:96:4f:4f', '8a:1a:2c:09:8d:5c', 'e6:51:19:78:eb:f8', '54:b5:e4:be:db:6f', '7c:57:65:13:ee:60', 'ab:b1:af:8e:e0:1b', '67:2b:0e:86:cb:d2', 'fe:17:8f:3d:ae:9e', 'd6:6c:a3:fe:7e:f7', 'b5:dd:05:1c:a7:2a', '17:7f:d5:2f:64:35', '6f:c3:dd:ed:6e:44', '4e:cd:3f:50:99:c0', '5f:cc:6e:2a:8b:cc', 'cc:1e:a9:35:49:c1', 'e0:9b:4e:c0:20:e5', 'a3:5b:a5:2d:7c:16', 'cb:f6:f0:ab:10:92', 'd4:d1:7a:87:88:09', 'd5:b5:1b:dd:b0:55', 'e8:ca:84:5e:56:6f', '51:d1:04:6e:92:5a', '6a:d6:48:4c:e4:7c', '27:bd:92:fa:0b:de', 'f4:25:9f:e1:58:30', 'c0:64:53:35:a1:24', '7f:51:14:39:ac:68', '67:8b:d6:f5:be:11', '0d:09:ae:0e:93:88', 'a6:e7:e3:d1:fb:f8', '51:42:4e:e5:10:25', '56:98:94:eb:ee:a9', '3e:9e:12:25:e3:53', '62:5f:d7:78:82:44', 'a8:6d:3b:dd:a3:a5', 'fd:6d:3c:63:11:2d', '9b:99:f1:ed:e9:74', 'de:6b:41:68:54:d4', '72:68:40:23:00:87', 'd4:0e:bb:45:99:fb', 'a9:4c:5c:1a:e5:df', '5e:81:27:86:aa:e0', '07:9d:c6:2c:03:58', '4d:31:28:08:4d:45', '75:54:58:aa:0c:ef', '05:82:dc:9c:1b:ad', 'cc:5c:5b:bf:d9:0b', '24:03:54:26:ce:e3', 'bc:18:4a:1f:7d:9f', '47:ac:32:9d:86:7c', 'fc:3d:98:a4:5f:de', 'f5:d2:df:63:10:6e', 'c6:8c:32:4b:cc:af', '10:d2:a7:74:61:52', 'd1:55:c3:49:b4:9d', '7b:d8:83:f1:f5:e2', '49:90:e5:15:dc:74', '10:a6:73:2e:7b:d2', 'ab:2f:86:41:12:77', 'ea:09:c5:93:0d:8c', '4a:92:ed:9a:3b:4b', '53:63:d8:50:27:14', '46:94:f5:5d:e2:82', '13:bf:e4:c9:7a:dc', '87:9c:5f:40:77:6a', '18:bd:bd:f1:44:d4', '9b:ca:03:45:d7:a9', '14:b8:8d:01:fe:1e', '5a:89:f0:e0:03:42', '3b:ad:67:14:78:ce', '8f:fd:c3:c9:04:4c', 'e8:96:0d:aa:e6:b2', '52:bc:04:de:61:8d', '86:42:fc:2f:42:8f', '0e:35:21:64:16:0c', '86:13:85:1c:da:9d', '04:03:26:29:69:b6', 'd2:e0:f7:47:f8:6e', 'f7:81:aa:44:d9:36', 'cf:57:78:a5:b7:ca', '5a:ed:23:17:f3:e4', '43:8f:37:71:cf:81', '19:9d:f4:93:2a:54', 'af:cf:24:62:a6:0d', '65:4b:c2:a2:8f:0e', 'd1:a3:af:c4:de:d9', 'a7:c4:8b:98:56:84', '45:8d:27:70:e8:7b', '1b:31:4f:d4:fc:36', '09:3f:a7:b2:79:66', '59:0d:19:60:dd:04'], 'triggered_reasons': ['same_ssid_multiple_bssid'], 'observations': {'71:07:a4:14:f3:eb': {'first_seen': 1778945790.067878, 'last_seen': 1778945790.068845, 'seen_count': 2, 'channels': [], 'avg_rssi': None}, '2e:5f:6b:76:3c:9a': {'first_seen': 1778945790.372037, 'last_seen': 1778945790.373111, 'seen_count': 2, 'channels': [], 'avg_rssi': None}, '2f:c8:86:d5:19:b8': {'first_seen': 1778945790.682925, 'last_seen': 1778945790.683749, 'seen_count': 2, 'channels': [], 'avg_rssi': None}, 'a2:80:a4:66:fb:9c': {'first_seen': 1778945790.987733, 'last_seen': 1778945790.988637, 'seen_count': 2, 'channels': [], 'avg_rssi': None}, 'ca:f1:a9:c4:2d:91': {'first_seen': 1778945791.30077, 'last_seen': 1778945791.301655, 'seen_count': 2, 'channels': [], 'avg_rssi': None}, '59:a6:d0:0f:3a:ac': {'first_seen': 1778945791.604654, 'last_seen': 1778945791.605545, 'seen_count': 2, 'channels': [], 'avg_rssi': None}, '16:e9:0a:f3:53:fd': {'first_seen': 1778945791.914659, 'last_seen': 1778945791.91581, 'seen_count': 2, 'channels': [], 'avg_rssi': None}, '8d:94:68:96:4f:4f': {'first_seen': 1778945792.220767, 'last_seen': 1778945792.221827, 'seen_count': 2, 'channels': [], 'avg_rssi': None}, '8a:1a:2c:09:8d:5c': {'first_seen': 1778945792.539726, 'last_seen': 1778945792.540718, 'seen_count': 2, 'channels': [], 'avg_rssi': None}, 'e6:51:19:78:eb:f8': {'first_seen': 1778945792.847445, 'last_seen': 1778945792.848612, 'seen_count': 2, 'channels': [], 'avg_rssi': None}, '54:b5:e4:be:db:6f': {'first_seen': 1778945793.166919, 'last_seen': 1778945793.167751, 'seen_count': 2, 'channels': [], 'avg_rssi': None}, '7c:57:65:13:ee:60': {'first_seen': 1778945793.487264, 'last_seen': 1778945793.488143, 'seen_count': 2, 'channels': [], 'avg_rssi': None}, 'ab:b1:af:8e:e0:1b': {'first_seen': 1778945793.795483, 'last_seen': 1778945793.796417, 'seen_count': 2, 'channels': [], 'avg_rssi': None}, '67:2b:0e:86:cb:d2': {'first_seen': 1778945794.11252, 'last_seen': 1778945794.116325, 'seen_count': 2, 'channels': [], 'avg_rssi': None}, 'fe:17:8f:3d:ae:9e': {'first_seen': 1778945794.422409, 'last_seen': 1778945794.423315, 'seen_count': 2, 'channels': [], 'avg_rssi': None}, 'd6:6c:a3:fe:7e:f7': {'first_seen': 1778945794.733139, 'last_seen': 1778945794.733957, 'seen_count': 2, 'channels': [], 'avg_rssi': None}, 'b5:dd:05:1c:a7:2a': {'first_seen': 1778945795.048903, 'last_seen': 1778945795.049724, 'seen_count': 2, 'channels': [], 'avg_rssi': None}, '17:7f:d5:2f:64:35': {'first_seen': 1778945795.363267, 'last_seen': 1778945795.36449, 'seen_count': 2, 'channels': [], 'avg_rssi': None}, '6f:c3:dd:ed:6e:44': {'first_seen': 1778945795.681817, 'last_seen': 1778945795.682883, 'seen_count': 2, 'channels': [], 'avg_rssi': None}, '4e:cd:3f:50:99:c0': {'first_seen': 1778945795.994272, 'last_seen': 1778945795.995274, 'seen_count': 2, 'channels': [], 'avg_rssi': None}, '5f:cc:6e:2a:8b:cc': {'first_seen': 1778945796.308789, 'last_seen': 1778945796.309664, 'seen_count': 2, 'channels': [], 'avg_rssi': None}, 'cc:1e:a9:35:49:c1': {'first_seen': 1778945796.616609, 'last_seen': 1778945796.61743, 'seen_count': 2, 'channels': [], 'avg_rssi': None}, 'e0:9b:4e:c0:20:e5': {'first_seen': 1778945796.92839, 'last_seen': 1778945796.929443, 'seen_count': 2, 'channels': [], 'avg_rssi': None}, 'a3:5b:a5:2d:7c:16': {'first_seen': 1778945797.244863, 'last_seen': 1778945797.246089, 'seen_count': 2, 'channels': [], 'avg_rssi': None}, 'cb:f6:f0:ab:10:92': {'first_seen': 1778945797.55771, 'last_seen': 1778945797.558856, 'seen_count': 2, 'channels': [], 'avg_rssi': None}, 'd4:d1:7a:87:88:09': {'first_seen': 1778945797.868215, 'last_seen': 1778945797.869372, 'seen_count': 2, 'channels': [], 'avg_rssi': None}, 'd5:b5:1b:dd:b0:55': {'first_seen': 1778945798.180133, 'last_seen': 1778945798.181264, 'seen_count': 2, 'channels': [], 'avg_rssi': None}, 'e8:ca:84:5e:56:6f': {'first_seen': 1778945798.486138, 'last_seen': 1778945798.487285, 'seen_count': 2, 'channels': [], 'avg_rssi': None}, '51:d1:04:6e:92:5a': {'first_seen': 1778945798.803063, 'last_seen': 1778945798.804043, 'seen_count': 2, 'channels': [], 'avg_rssi': None}, '6a:d6:48:4c:e4:7c': {'first_seen': 1778945799.113736, 'last_seen': 1778945799.114935, 'seen_count': 2, 'channels': [], 'avg_rssi': None}, '27:bd:92:fa:0b:de': {'first_seen': 1778945799.423559, 'last_seen': 1778945799.424451, 'seen_count': 2, 'channels': [], 'avg_rssi': None}, 'f4:25:9f:e1:58:30': {'first_seen': 1778945799.730536, 'last_seen': 1778945799.731719, 'seen_count': 2, 'channels': [], 'avg_rssi': None}, 'c0:64:53:35:a1:24': {'first_seen': 1778945800.039606, 'last_seen': 1778945800.040751, 'seen_count': 2, 'channels': [], 'avg_rssi': None}, '7f:51:14:39:ac:68': {'first_seen': 1778945800.345608, 'last_seen': 1778945800.346661, 'seen_count': 2, 'channels': [], 'avg_rssi': None}, '67:8b:d6:f5:be:11': {'first_seen': 1778945800.665797, 'last_seen': 1778945800.666658, 'seen_count': 2, 'channels': [], 'avg_rssi': None}, '0d:09:ae:0e:93:88': {'first_seen': 1778945800.980081, 'last_seen': 1778945800.981033, 'seen_count': 2, 'channels': [], 'avg_rssi': None}, 'a6:e7:e3:d1:fb:f8': {'first_seen': 1778945801.29081, 'last_seen': 1778945801.291671, 'seen_count': 2, 'channels': [], 'avg_rssi': None}, '51:42:4e:e5:10:25': {'first_seen': 1778945801.596911, 'last_seen': 1778945801.597813, 'seen_count': 2, 'channels': [], 'avg_rssi': None}, '56:98:94:eb:ee:a9': {'first_seen': 1778945801.905273, 'last_seen': 1778945801.906456, 'seen_count': 2, 'channels': [], 'avg_rssi': None}, '3e:9e:12:25:e3:53': {'first_seen': 1778945802.213978, 'last_seen': 1778945802.214844, 'seen_count': 2, 'channels': [], 'avg_rssi': None}, '62:5f:d7:78:82:44': {'first_seen': 1778945802.522496, 'last_seen': 1778945802.523487, 'seen_count': 2, 'channels': [], 'avg_rssi': None}, 'a8:6d:3b:dd:a3:a5': {'first_seen': 1778945802.840845, 'last_seen': 1778945802.841879, 'seen_count': 2, 'channels': [], 'avg_rssi': None}, 'fd:6d:3c:63:11:2d': {'first_seen': 1778945803.158164, 'last_seen': 1778945803.159269, 'seen_count': 2, 'channels': [], 'avg_rssi': None}, '9b:99:f1:ed:e9:74': {'first_seen': 1778945803.475018, 'last_seen': 1778945803.476535, 'seen_count': 2, 'channels': [], 'avg_rssi': None}, 'de:6b:41:68:54:d4': {'first_seen': 1778945803.78408, 'last_seen': 1778945803.785051, 'seen_count': 2, 'channels': [], 'avg_rssi': None}, '72:68:40:23:00:87': {'first_seen': 1778945804.102871, 'last_seen': 1778945804.103817, 'seen_count': 2, 'channels': [], 'avg_rssi': None}, 'd4:0e:bb:45:99:fb': {'first_seen': 1778945804.418398, 'last_seen': 1778945804.419598, 'seen_count': 2, 'channels': [], 'avg_rssi': None}, 'a9:4c:5c:1a:e5:df': {'first_seen': 1778945804.738926, 'last_seen': 1778945804.739852, 'seen_count': 2, 'channels': [], 'avg_rssi': None}, '5e:81:27:86:aa:e0': {'first_seen': 1778945805.051449, 'last_seen': 1778945805.052633, 'seen_count': 2, 'channels': [], 'avg_rssi': None}, '07:9d:c6:2c:03:58': {'first_seen': 1778945805.35835, 'last_seen': 1778945805.359257, 'seen_count': 2, 'channels': [], 'avg_rssi': None}, '4d:31:28:08:4d:45': {'first_seen': 1778945805.677052, 'last_seen': 1778945805.678277, 'seen_count': 2, 'channels': [], 'avg_rssi': None}, '75:54:58:aa:0c:ef': {'first_seen': 1778945805.988763, 'last_seen': 1778945805.989916, 'seen_count': 2, 'channels': [], 'avg_rssi': None}, '05:82:dc:9c:1b:ad': {'first_seen': 1778945806.297499, 'last_seen': 1778945806.298444, 'seen_count': 2, 'channels': [], 'avg_rssi': None}, 'cc:5c:5b:bf:d9:0b': {'first_seen': 1778945806.610018, 'last_seen': 1778945806.611078, 'seen_count': 2, 'channels': [], 'avg_rssi': None}, '24:03:54:26:ce:e3': {'first_seen': 1778945806.929873, 'last_seen': 1778945806.930971, 'seen_count': 2, 'channels': [], 'avg_rssi': None}, 'bc:18:4a:1f:7d:9f': {'first_seen': 1778945807.24897, 'last_seen': 1778945807.250108, 'seen_count': 2, 'channels': [], 'avg_rssi': None}, '47:ac:32:9d:86:7c': {'first_seen': 1778945807.560504, 'last_seen': 1778945807.561522, 'seen_count': 2, 'channels': [], 'avg_rssi': None}, 'fc:3d:98:a4:5f:de': {'first_seen': 1778945807.87065, 'last_seen': 1778945807.871523, 'seen_count': 2, 'channels': [], 'avg_rssi': None}, 'f5:d2:df:63:10:6e': {'first_seen': 1778945808.188667, 'last_seen': 1778945808.192162, 'seen_count': 2, 'channels': [], 'avg_rssi': None}, 'c6:8c:32:4b:cc:af': {'first_seen': 1778945808.499761, 'last_seen': 1778945808.50067, 'seen_count': 2, 'channels': [], 'avg_rssi': None}, '10:d2:a7:74:61:52': {'first_seen': 1778945808.810915, 'last_seen': 1778945808.815066, 'seen_count': 2, 'channels': [], 'avg_rssi': None}, 'd1:55:c3:49:b4:9d': {'first_seen': 1778945809.121705, 'last_seen': 1778945809.122718, 'seen_count': 2, 'channels': [], 'avg_rssi': None}, '7b:d8:83:f1:f5:e2': {'first_seen': 1778945809.432136, 'last_seen': 1778945809.433345, 'seen_count': 2, 'channels': [], 'avg_rssi': None}, '49:90:e5:15:dc:74': {'first_seen': 1778945810.054697, 'last_seen': 1778945810.054697, 'seen_count': 1, 'channels': [], 'avg_rssi': None}, '10:a6:73:2e:7b:d2': {'first_seen': 1778945810.359601, 'last_seen': 1778945810.360894, 'seen_count': 2, 'channels': [], 'avg_rssi': None}, 'ab:2f:86:41:12:77': {'first_seen': 1778945810.671872, 'last_seen': 1778945810.673037, 'seen_count': 2, 'channels': [], 'avg_rssi': None}, 'ea:09:c5:93:0d:8c': {'first_seen': 1778945810.982533, 'last_seen': 1778945810.98355, 'seen_count': 2, 'channels': [], 'avg_rssi': None}, '4a:92:ed:9a:3b:4b': {'first_seen': 1778945811.28643, 'last_seen': 1778945811.28643, 'seen_count': 1, 'channels': [], 'avg_rssi': None}, '53:63:d8:50:27:14': {'first_seen': 1778945811.601276, 'last_seen': 1778945811.602208, 'seen_count': 2, 'channels': [], 'avg_rssi': None}, '46:94:f5:5d:e2:82': {'first_seen': 1778945811.913309, 'last_seen': 1778945811.914223, 'seen_count': 2, 'channels': [], 'avg_rssi': None}, '13:bf:e4:c9:7a:dc': {'first_seen': 1778945812.225219, 'last_seen': 1778945812.226114, 'seen_count': 2, 'channels': [], 'avg_rssi': None}, '87:9c:5f:40:77:6a': {'first_seen': 1778945812.536786, 'last_seen': 1778945812.538379, 'seen_count': 2, 'channels': [], 'avg_rssi': None}, '18:bd:bd:f1:44:d4': {'first_seen': 1778945812.84328, 'last_seen': 1778945812.84328, 'seen_count': 1, 'channels': [], 'avg_rssi': None}, '9b:ca:03:45:d7:a9': {'first_seen': 1778945813.15486, 'last_seen': 1778945813.155789, 'seen_count': 2, 'channels': [], 'avg_rssi': None}, '14:b8:8d:01:fe:1e': {'first_seen': 1778945813.463761, 'last_seen': 1778945813.464931, 'seen_count': 2, 'channels': [], 'avg_rssi': None}, '5a:89:f0:e0:03:42': {'first_seen': 1778945813.773152, 'last_seen': 1778945813.77407, 'seen_count': 2, 'channels': [], 'avg_rssi': None}, '3b:ad:67:14:78:ce': {'first_seen': 1778945814.081143, 'last_seen': 1778945814.082084, 'seen_count': 2, 'channels': [], 'avg_rssi': None}, '8f:fd:c3:c9:04:4c': {'first_seen': 1778945814.38914, 'last_seen': 1778945814.390122, 'seen_count': 2, 'channels': [], 'avg_rssi': None}, 'e8:96:0d:aa:e6:b2': {'first_seen': 1778945814.70035, 'last_seen': 1778945814.701242, 'seen_count': 2, 'channels': [], 'avg_rssi': None}, '52:bc:04:de:61:8d': {'first_seen': 1778945815.012985, 'last_seen': 1778945815.013885, 'seen_count': 2, 'channels': [], 'avg_rssi': None}, '86:42:fc:2f:42:8f': {'first_seen': 1778945815.316771, 'last_seen': 1778945815.317775, 'seen_count': 2, 'channels': [], 'avg_rssi': None}, '0e:35:21:64:16:0c': {'first_seen': 1778945815.628505, 'last_seen': 1778945815.629666, 'seen_count': 2, 'channels': [], 'avg_rssi': None}, '86:13:85:1c:da:9d': {'first_seen': 1778945815.933733, 'last_seen': 1778945815.934805, 'seen_count': 2, 'channels': [], 'avg_rssi': None}, '04:03:26:29:69:b6': {'first_seen': 1778945816.24844, 'last_seen': 1778945816.24844, 'seen_count': 1, 'channels': [], 'avg_rssi': None}, 'd2:e0:f7:47:f8:6e': {'first_seen': 1778945816.55481, 'last_seen': 1778945816.555977, 'seen_count': 2, 'channels': [], 'avg_rssi': None}, 'f7:81:aa:44:d9:36': {'first_seen': 1778945816.86347, 'last_seen': 1778945816.864354, 'seen_count': 2, 'channels': [], 'avg_rssi': None}, 'cf:57:78:a5:b7:ca': {'first_seen': 1778945817.169266, 'last_seen': 1778945817.170246, 'seen_count': 2, 'channels': [], 'avg_rssi': None}, '5a:ed:23:17:f3:e4': {'first_seen': 1778945817.477511, 'last_seen': 1778945817.478515, 'seen_count': 2, 'channels': [], 'avg_rssi': None}, '43:8f:37:71:cf:81': {'first_seen': 1778945817.78668, 'last_seen': 1778945817.787922, 'seen_count': 2, 'channels': [], 'avg_rssi': None}, '19:9d:f4:93:2a:54': {'first_seen': 1778945818.099373, 'last_seen': 1778945818.100293, 'seen_count': 2, 'channels': [], 'avg_rssi': None}, 'af:cf:24:62:a6:0d': {'first_seen': 1778945818.409169, 'last_seen': 1778945818.410066, 'seen_count': 2, 'channels': [], 'avg_rssi': None}, '65:4b:c2:a2:8f:0e': {'first_seen': 1778945818.722473, 'last_seen': 1778945818.723581, 'seen_count': 2, 'channels': [], 'avg_rssi': None}, 'd1:a3:af:c4:de:d9': {'first_seen': 1778945819.032824, 'last_seen': 1778945819.033975, 'seen_count': 2, 'channels': [], 'avg_rssi': None}, 'a7:c4:8b:98:56:84': {'first_seen': 1778945819.35232, 'last_seen': 1778945819.353233, 'seen_count': 2, 'channels': [], 'avg_rssi': None}, '45:8d:27:70:e8:7b': {'first_seen': 1778945819.671966, 'last_seen': 1778945819.672875, 'seen_count': 2, 'channels': [], 'avg_rssi': None}, '1b:31:4f:d4:fc:36': {'first_seen': 1778945819.983568, 'last_seen': 1778945819.984514, 'seen_count': 2, 'channels': [], 'avg_rssi': None}, '09:3f:a7:b2:79:66': {'first_seen': 1778945820.301538, 'last_seen': 1778945820.302667, 'seen_count': 2, 'channels': [], 'avg_rssi': None}, '59:0d:19:60:dd:04': {'first_seen': 1778945820.611081, 'last_seen': 1778945820.611081, 'seen_count': 1, 'channels': [], 'avg_rssi': None}}}
!!!!!!!!!!!!!!!!!!!!!!!!!!!!!!!!!!!!!!!!!!!!!!!!!!!!!!!!!!!!!!!!!!!!!!!!!!!!!!!!


!!!!!!!!!!!!!!!!!!!!!!!!!!!!!!!!!!!!!!!!!!!!!!!!!!!!!!!!!!!!!!!!!!!!!!!!!!!!!!!!
[ALERT] ALERT-000078 | POTENTIAL_EVIL_TWIN
severity: LOW
time: 2026-05-16T15:37:00.621212
message: Wykryto potencjalny Evil Twin / Rogue AP dla SSID 'TestNet_005'. Zaobserwowano 97 różnych BSSID oraz podejrzane różnice parametrów sieci.
evidence: {'ssid': 'TestNet_005', 'bssid_count': 97, 'bssids': ['59:c8:b4:da:ff:67', '5c:69:d2:d4:d5:d7', '26:98:cb:08:9d:02', 'af:0b:85:c0:91:d5', 'f5:28:7b:d7:a7:95', '5c:31:ec:51:f5:1f', 'c0:98:1b:92:a3:c9', '7c:13:e3:63:92:66', '1e:0c:18:3f:09:f2', 'd6:e5:14:db:5e:2b', 'f9:10:2f:1d:d5:70', 'b5:cd:66:58:3f:89', '48:08:0b:7b:5c:44', 'ef:b9:5c:34:18:80', '56:1a:6b:cc:03:44', 'eb:15:08:75:e3:4d', '0f:2f:11:44:1d:40', '4d:bb:7f:9d:8a:79', '63:21:d4:32:8a:43', '33:e3:66:c1:73:82', '78:e8:c9:a2:dc:77', '39:ca:fd:b1:fa:1c', '0d:ed:66:14:ec:b1', '8f:7d:0d:7f:86:2c', '06:20:ca:f4:c0:85', '7d:85:1b:69:3e:70', '49:a3:81:a7:99:9e', 'e7:44:24:55:33:76', '95:ab:d6:f2:a1:38', '78:50:bb:7f:f3:d6', 'ee:bc:16:b5:b4:3c', 'aa:22:fb:3c:24:ea', 'cc:31:c3:09:fc:d8', '4b:f9:1f:8e:22:dc', 'ec:ad:5a:b4:3c:10', 'd8:0d:99:c1:2f:f6', '7d:21:ab:ef:18:44', '23:ef:ef:60:3b:7e', '92:d2:50:57:5a:6d', 'a6:fc:5d:bf:92:f9', '9d:d0:f5:d6:b9:46', 'ef:f1:6f:78:bc:39', '33:05:63:a4:8c:30', '66:f0:9f:08:2b:4a', 'bc:db:3e:8a:21:7d', 'f7:48:0a:59:50:44', '46:b8:11:14:1c:d0', 'd1:9e:18:64:de:d5', 'ab:89:5b:fa:09:c1', '70:2b:fd:15:f2:87', '2c:00:24:c1:3e:28', 'd6:23:25:41:43:6e', '9e:c6:11:62:51:d1', '6b:b2:ff:a0:8c:bd', '2f:5a:6b:18:50:f4', '72:97:08:fa:33:88', '10:c2:aa:c6:d3:a0', '9f:04:df:f8:ce:e8', '9c:53:21:15:79:4a', 'bf:97:cd:7a:73:28', 'fb:03:07:b9:bb:aa', '98:9d:34:5c:38:2d', '6d:e1:1c:69:9c:0c', '36:04:40:88:54:19', 'ab:59:a2:f6:4d:6d', '51:63:06:4c:3d:ef', 'f5:54:3c:b1:51:f9', 'ba:c9:0e:47:12:99', '68:e6:22:8c:71:e5', '99:5e:d9:ab:06:82', '1c:c5:3f:18:9f:34', 'c1:c2:8e:11:6d:6e', '20:44:70:e0:e4:63', '21:8c:f0:06:59:ed', '2e:aa:a5:ba:7d:57', 'd1:8b:ce:47:96:9b', '99:dc:26:1d:30:8e', '32:34:6d:8a:74:cd', '17:42:ff:da:a7:d2', 'dd:aa:c7:80:cd:60', '43:5e:91:a1:8d:7f', '2c:4d:ba:8c:78:f4', 'df:a4:d3:e2:f4:e9', 'ee:ce:70:64:cf:c0', 'f6:e7:f0:1d:51:09', 'f9:bf:c7:2c:e1:d8', '8e:d5:39:1e:0e:7c', 'fc:29:3c:d4:c3:d4', '89:64:e8:0c:1b:b3', '7e:32:21:54:db:c8', '07:f7:7b:ae:a0:49', 'e9:26:43:6a:bc:1c', '3c:6c:66:26:4b:7b', '79:5c:2e:b1:8d:28', '1f:7b:8d:f3:04:cb', '73:13:5e:1d:b6:9f', '07:d6:ab:ec:c1:d0'], 'triggered_reasons': ['same_ssid_multiple_bssid'], 'observations': {'59:c8:b4:da:ff:67': {'first_seen': 1778945790.077976, 'last_seen': 1778945790.078969, 'seen_count': 2, 'channels': [], 'avg_rssi': None}, '5c:69:d2:d4:d5:d7': {'first_seen': 1778945790.38213, 'last_seen': 1778945790.38361, 'seen_count': 2, 'channels': [], 'avg_rssi': None}, '26:98:cb:08:9d:02': {'first_seen': 1778945790.693029, 'last_seen': 1778945790.694124, 'seen_count': 2, 'channels': [], 'avg_rssi': None}, 'af:0b:85:c0:91:d5': {'first_seen': 1778945790.997822, 'last_seen': 1778945790.999014, 'seen_count': 2, 'channels': [], 'avg_rssi': None}, 'f5:28:7b:d7:a7:95': {'first_seen': 1778945791.310862, 'last_seen': 1778945791.311904, 'seen_count': 2, 'channels': [], 'avg_rssi': None}, '5c:31:ec:51:f5:1f': {'first_seen': 1778945791.614939, 'last_seen': 1778945791.615928, 'seen_count': 2, 'channels': [], 'avg_rssi': None}, 'c0:98:1b:92:a3:c9': {'first_seen': 1778945791.924756, 'last_seen': 1778945791.925684, 'seen_count': 2, 'channels': [], 'avg_rssi': None}, '7c:13:e3:63:92:66': {'first_seen': 1778945792.232852, 'last_seen': 1778945792.233706, 'seen_count': 2, 'channels': [], 'avg_rssi': None}, '1e:0c:18:3f:09:f2': {'first_seen': 1778945792.549835, 'last_seen': 1778945792.550846, 'seen_count': 2, 'channels': [], 'avg_rssi': None}, 'd6:e5:14:db:5e:2b': {'first_seen': 1778945792.857552, 'last_seen': 1778945792.858744, 'seen_count': 2, 'channels': [], 'avg_rssi': None}, 'f9:10:2f:1d:d5:70': {'first_seen': 1778945793.177012, 'last_seen': 1778945793.178002, 'seen_count': 2, 'channels': [], 'avg_rssi': None}, 'b5:cd:66:58:3f:89': {'first_seen': 1778945793.497368, 'last_seen': 1778945793.498269, 'seen_count': 2, 'channels': [], 'avg_rssi': None}, '48:08:0b:7b:5c:44': {'first_seen': 1778945793.80559, 'last_seen': 1778945793.806785, 'seen_count': 2, 'channels': [], 'avg_rssi': None}, 'ef:b9:5c:34:18:80': {'first_seen': 1778945794.122678, 'last_seen': 1778945794.123553, 'seen_count': 2, 'channels': [], 'avg_rssi': None}, '56:1a:6b:cc:03:44': {'first_seen': 1778945794.432511, 'last_seen': 1778945794.433692, 'seen_count': 2, 'channels': [], 'avg_rssi': None}, 'eb:15:08:75:e3:4d': {'first_seen': 1778945794.743237, 'last_seen': 1778945794.744209, 'seen_count': 2, 'channels': [], 'avg_rssi': None}, '0f:2f:11:44:1d:40': {'first_seen': 1778945795.059008, 'last_seen': 1778945795.06023, 'seen_count': 2, 'channels': [], 'avg_rssi': None}, '4d:bb:7f:9d:8a:79': {'first_seen': 1778945795.373382, 'last_seen': 1778945795.374248, 'seen_count': 2, 'channels': [], 'avg_rssi': None}, '63:21:d4:32:8a:43': {'first_seen': 1778945795.691928, 'last_seen': 1778945795.69401, 'seen_count': 2, 'channels': [], 'avg_rssi': None}, '33:e3:66:c1:73:82': {'first_seen': 1778945796.00437, 'last_seen': 1778945796.005274, 'seen_count': 2, 'channels': [], 'avg_rssi': None}, '78:e8:c9:a2:dc:77': {'first_seen': 1778945796.318887, 'last_seen': 1778945796.319791, 'seen_count': 2, 'channels': [], 'avg_rssi': None}, '39:ca:fd:b1:fa:1c': {'first_seen': 1778945796.626666, 'last_seen': 1778945796.627806, 'seen_count': 2, 'channels': [], 'avg_rssi': None}, '0d:ed:66:14:ec:b1': {'first_seen': 1778945796.938849, 'last_seen': 1778945796.939698, 'seen_count': 2, 'channels': [], 'avg_rssi': None}, '8f:7d:0d:7f:86:2c': {'first_seen': 1778945797.25498, 'last_seen': 1778945797.25622, 'seen_count': 2, 'channels': [], 'avg_rssi': None}, '06:20:ca:f4:c0:85': {'first_seen': 1778945797.567807, 'last_seen': 1778945797.568984, 'seen_count': 2, 'channels': [], 'avg_rssi': None}, '7d:85:1b:69:3e:70': {'first_seen': 1778945797.878351, 'last_seen': 1778945797.879504, 'seen_count': 2, 'channels': [], 'avg_rssi': None}, '49:a3:81:a7:99:9e': {'first_seen': 1778945798.190244, 'last_seen': 1778945798.19139, 'seen_count': 2, 'channels': [], 'avg_rssi': None}, 'e7:44:24:55:33:76': {'first_seen': 1778945798.496229, 'last_seen': 1778945798.497153, 'seen_count': 2, 'channels': [], 'avg_rssi': None}, '95:ab:d6:f2:a1:38': {'first_seen': 1778945798.813166, 'last_seen': 1778945798.81467, 'seen_count': 2, 'channels': [], 'avg_rssi': None}, '78:50:bb:7f:f3:d6': {'first_seen': 1778945799.123835, 'last_seen': 1778945799.124686, 'seen_count': 2, 'channels': [], 'avg_rssi': None}, 'ee:bc:16:b5:b4:3c': {'first_seen': 1778945799.433659, 'last_seen': 1778945799.434576, 'seen_count': 2, 'channels': [], 'avg_rssi': None}, 'aa:22:fb:3c:24:ea': {'first_seen': 1778945799.740657, 'last_seen': 1778945799.741593, 'seen_count': 2, 'channels': [], 'avg_rssi': None}, 'cc:31:c3:09:fc:d8': {'first_seen': 1778945800.049703, 'last_seen': 1778945800.050733, 'seen_count': 2, 'channels': [], 'avg_rssi': None}, '4b:f9:1f:8e:22:dc': {'first_seen': 1778945800.355737, 'last_seen': 1778945800.35689, 'seen_count': 2, 'channels': [], 'avg_rssi': None}, 'ec:ad:5a:b4:3c:10': {'first_seen': 1778945800.677426, 'last_seen': 1778945800.678393, 'seen_count': 2, 'channels': [], 'avg_rssi': None}, 'd8:0d:99:c1:2f:f6': {'first_seen': 1778945800.990193, 'last_seen': 1778945800.991037, 'seen_count': 2, 'channels': [], 'avg_rssi': None}, '7d:21:ab:ef:18:44': {'first_seen': 1778945801.300903, 'last_seen': 1778945801.302049, 'seen_count': 2, 'channels': [], 'avg_rssi': None}, '23:ef:ef:60:3b:7e': {'first_seen': 1778945801.60701, 'last_seen': 1778945801.607945, 'seen_count': 2, 'channels': [], 'avg_rssi': None}, '92:d2:50:57:5a:6d': {'first_seen': 1778945801.915375, 'last_seen': 1778945801.916457, 'seen_count': 2, 'channels': [], 'avg_rssi': None}, 'a6:fc:5d:bf:92:f9': {'first_seen': 1778945802.22408, 'last_seen': 1778945802.225224, 'seen_count': 2, 'channels': [], 'avg_rssi': None}, '9d:d0:f5:d6:b9:46': {'first_seen': 1778945802.53259, 'last_seen': 1778945802.533738, 'seen_count': 2, 'channels': [], 'avg_rssi': None}, 'ef:f1:6f:78:bc:39': {'first_seen': 1778945802.850937, 'last_seen': 1778945802.851878, 'seen_count': 2, 'channels': [], 'avg_rssi': None}, '33:05:63:a4:8c:30': {'first_seen': 1778945803.168293, 'last_seen': 1778945803.169278, 'seen_count': 2, 'channels': [], 'avg_rssi': None}, '66:f0:9f:08:2b:4a': {'first_seen': 1778945803.485123, 'last_seen': 1778945803.486034, 'seen_count': 2, 'channels': [], 'avg_rssi': None}, 'bc:db:3e:8a:21:7d': {'first_seen': 1778945803.794172, 'last_seen': 1778945803.795178, 'seen_count': 2, 'channels': [], 'avg_rssi': None}, 'f7:48:0a:59:50:44': {'first_seen': 1778945804.112976, 'last_seen': 1778945804.113833, 'seen_count': 2, 'channels': [], 'avg_rssi': None}, '46:b8:11:14:1c:d0': {'first_seen': 1778945804.428495, 'last_seen': 1778945804.429333, 'seen_count': 2, 'channels': [], 'avg_rssi': None}, 'd1:9e:18:64:de:d5': {'first_seen': 1778945804.74903, 'last_seen': 1778945804.749977, 'seen_count': 2, 'channels': [], 'avg_rssi': None}, 'ab:89:5b:fa:09:c1': {'first_seen': 1778945805.061548, 'last_seen': 1778945805.06267, 'seen_count': 2, 'channels': [], 'avg_rssi': None}, '70:2b:fd:15:f2:87': {'first_seen': 1778945805.36847, 'last_seen': 1778945805.369656, 'seen_count': 2, 'channels': [], 'avg_rssi': None}, '2c:00:24:c1:3e:28': {'first_seen': 1778945805.687145, 'last_seen': 1778945805.688277, 'seen_count': 2, 'channels': [], 'avg_rssi': None}, 'd6:23:25:41:43:6e': {'first_seen': 1778945806.000264, 'last_seen': 1778945806.001418, 'seen_count': 2, 'channels': [], 'avg_rssi': None}, '9e:c6:11:62:51:d1': {'first_seen': 1778945806.307539, 'last_seen': 1778945806.308433, 'seen_count': 2, 'channels': [], 'avg_rssi': None}, '6b:b2:ff:a0:8c:bd': {'first_seen': 1778945806.622005, 'last_seen': 1778945806.622951, 'seen_count': 2, 'channels': [], 'avg_rssi': None}, '2f:5a:6b:18:50:f4': {'first_seen': 1778945806.94001, 'last_seen': 1778945806.940973, 'seen_count': 2, 'channels': [], 'avg_rssi': None}, '72:97:08:fa:33:88': {'first_seen': 1778945807.259064, 'last_seen': 1778945807.260107, 'seen_count': 2, 'channels': [], 'avg_rssi': None}, '10:c2:aa:c6:d3:a0': {'first_seen': 1778945807.57059, 'last_seen': 1778945807.572747, 'seen_count': 2, 'channels': [], 'avg_rssi': None}, '9f:04:df:f8:ce:e8': {'first_seen': 1778945807.882682, 'last_seen': 1778945807.883765, 'seen_count': 2, 'channels': [], 'avg_rssi': None}, '9c:53:21:15:79:4a': {'first_seen': 1778945808.19879, 'last_seen': 1778945808.199913, 'seen_count': 2, 'channels': [], 'avg_rssi': None}, 'bf:97:cd:7a:73:28': {'first_seen': 1778945808.510671, 'last_seen': 1778945808.511796, 'seen_count': 2, 'channels': [], 'avg_rssi': None}, 'fb:03:07:b9:bb:aa': {'first_seen': 1778945808.821011, 'last_seen': 1778945808.821938, 'seen_count': 2, 'channels': [], 'avg_rssi': None}, '98:9d:34:5c:38:2d': {'first_seen': 1778945809.131808, 'last_seen': 1778945809.132953, 'seen_count': 2, 'channels': [], 'avg_rssi': None}, '6d:e1:1c:69:9c:0c': {'first_seen': 1778945809.442228, 'last_seen': 1778945809.443094, 'seen_count': 2, 'channels': [], 'avg_rssi': None}, '36:04:40:88:54:19': {'first_seen': 1778945809.748474, 'last_seen': 1778945809.748474, 'seen_count': 1, 'channels': [], 'avg_rssi': None}, 'ab:59:a2:f6:4d:6d': {'first_seen': 1778945810.369707, 'last_seen': 1778945810.370665, 'seen_count': 2, 'channels': [], 'avg_rssi': None}, '51:63:06:4c:3d:ef': {'first_seen': 1778945810.681968, 'last_seen': 1778945810.683038, 'seen_count': 2, 'channels': [], 'avg_rssi': None}, 'f5:54:3c:b1:51:f9': {'first_seen': 1778945810.992622, 'last_seen': 1778945810.99368, 'seen_count': 2, 'channels': [], 'avg_rssi': None}, 'ba:c9:0e:47:12:99': {'first_seen': 1778945811.611365, 'last_seen': 1778945811.611365, 'seen_count': 1, 'channels': [], 'avg_rssi': None}, '68:e6:22:8c:71:e5': {'first_seen': 1778945811.923403, 'last_seen': 1778945811.924224, 'seen_count': 2, 'channels': [], 'avg_rssi': None}, '99:5e:d9:ab:06:82': {'first_seen': 1778945812.235315, 'last_seen': 1778945812.23649, 'seen_count': 2, 'channels': [], 'avg_rssi': None}, '1c:c5:3f:18:9f:34': {'first_seen': 1778945812.546882, 'last_seen': 1778945812.548007, 'seen_count': 2, 'channels': [], 'avg_rssi': None}, 'c1:c2:8e:11:6d:6e': {'first_seen': 1778945812.853382, 'last_seen': 1778945812.85427, 'seen_count': 2, 'channels': [], 'avg_rssi': None}, '20:44:70:e0:e4:63': {'first_seen': 1778945813.164967, 'last_seen': 1778945813.166186, 'seen_count': 2, 'channels': [], 'avg_rssi': None}, '21:8c:f0:06:59:ed': {'first_seen': 1778945813.473951, 'last_seen': 1778945813.475058, 'seen_count': 2, 'channels': [], 'avg_rssi': None}, '2e:aa:a5:ba:7d:57': {'first_seen': 1778945813.783247, 'last_seen': 1778945813.784343, 'seen_count': 2, 'channels': [], 'avg_rssi': None}, 'd1:8b:ce:47:96:9b': {'first_seen': 1778945814.091244, 'last_seen': 1778945814.092085, 'seen_count': 2, 'channels': [], 'avg_rssi': None}, '99:dc:26:1d:30:8e': {'first_seen': 1778945814.402213, 'last_seen': 1778945814.403117, 'seen_count': 2, 'channels': [], 'avg_rssi': None}, '32:34:6d:8a:74:cd': {'first_seen': 1778945814.710455, 'last_seen': 1778945814.711628, 'seen_count': 2, 'channels': [], 'avg_rssi': None}, '17:42:ff:da:a7:d2': {'first_seen': 1778945815.023078, 'last_seen': 1778945815.024276, 'seen_count': 2, 'channels': [], 'avg_rssi': None}, 'dd:aa:c7:80:cd:60': {'first_seen': 1778945815.326868, 'last_seen': 1778945815.327776, 'seen_count': 2, 'channels': [], 'avg_rssi': None}, '43:5e:91:a1:8d:7f': {'first_seen': 1778945815.638613, 'last_seen': 1778945815.63954, 'seen_count': 2, 'channels': [], 'avg_rssi': None}, '2c:4d:ba:8c:78:f4': {'first_seen': 1778945815.943828, 'last_seen': 1778945815.944931, 'seen_count': 2, 'channels': [], 'avg_rssi': None}, 'df:a4:d3:e2:f4:e9': {'first_seen': 1778945816.258536, 'last_seen': 1778945816.259446, 'seen_count': 2, 'channels': [], 'avg_rssi': None}, 'ee:ce:70:64:cf:c0': {'first_seen': 1778945816.565066, 'last_seen': 1778945816.565967, 'seen_count': 2, 'channels': [], 'avg_rssi': None}, 'f6:e7:f0:1d:51:09': {'first_seen': 1778945816.873573, 'last_seen': 1778945816.87448, 'seen_count': 2, 'channels': [], 'avg_rssi': None}, 'f9:bf:c7:2c:e1:d8': {'first_seen': 1778945817.179359, 'last_seen': 1778945817.180496, 'seen_count': 2, 'channels': [], 'avg_rssi': None}, '8e:d5:39:1e:0e:7c': {'first_seen': 1778945817.487774, 'last_seen': 1778945817.488636, 'seen_count': 2, 'channels': [], 'avg_rssi': None}, 'fc:29:3c:d4:c3:d4': {'first_seen': 1778945817.796778, 'last_seen': 1778945817.797903, 'seen_count': 2, 'channels': [], 'avg_rssi': None}, '89:64:e8:0c:1b:b3': {'first_seen': 1778945818.109468, 'last_seen': 1778945818.110294, 'seen_count': 2, 'channels': [], 'avg_rssi': None}, '7e:32:21:54:db:c8': {'first_seen': 1778945818.419265, 'last_seen': 1778945818.420186, 'seen_count': 2, 'channels': [], 'avg_rssi': None}, '07:f7:7b:ae:a0:49': {'first_seen': 1778945818.732596, 'last_seen': 1778945818.734576, 'seen_count': 2, 'channels': [], 'avg_rssi': None}, 'e9:26:43:6a:bc:1c': {'first_seen': 1778945819.043566, 'last_seen': 1778945819.044481, 'seen_count': 2, 'channels': [], 'avg_rssi': None}, '3c:6c:66:26:4b:7b': {'first_seen': 1778945819.364205, 'last_seen': 1778945819.365359, 'seen_count': 2, 'channels': [], 'avg_rssi': None}, '79:5c:2e:b1:8d:28': {'first_seen': 1778945819.682064, 'last_seen': 1778945819.683251, 'seen_count': 2, 'channels': [], 'avg_rssi': None}, '1f:7b:8d:f3:04:cb': {'first_seen': 1778945819.99367, 'last_seen': 1778945819.994767, 'seen_count': 2, 'channels': [], 'avg_rssi': None}, '73:13:5e:1d:b6:9f': {'first_seen': 1778945820.31164, 'last_seen': 1778945820.312546, 'seen_count': 2, 'channels': [], 'avg_rssi': None}, '07:d6:ab:ec:c1:d0': {'first_seen': 1778945820.621212, 'last_seen': 1778945820.621212, 'seen_count': 1, 'channels': [], 'avg_rssi': None}}}
!!!!!!!!!!!!!!!!!!!!!!!!!!!!!!!!!!!!!!!!!!!!!!!!!!!!!!!!!!!!!!!!!!!!!!!!!!!!!!!!


!!!!!!!!!!!!!!!!!!!!!!!!!!!!!!!!!!!!!!!!!!!!!!!!!!!!!!!!!!!!!!!!!!!!!!!!!!!!!!!!
[ALERT] ALERT-000079 | POTENTIAL_EVIL_TWIN
severity: LOW
time: 2026-05-16T15:37:00.631315
message: Wykryto potencjalny Evil Twin / Rogue AP dla SSID 'TestNet_006'. Zaobserwowano 98 różnych BSSID oraz podejrzane różnice parametrów sieci.
evidence: {'ssid': 'TestNet_006', 'bssid_count': 98, 'bssids': ['b3:f8:d4:aa:76:fc', '42:55:8e:c7:71:c3', 'ec:7b:c1:13:86:0a', 'a4:bb:cd:67:e8:7b', 'fd:54:74:16:9e:57', 'a3:0b:8b:ef:3b:43', '63:34:8e:6f:36:3d', '99:2c:cc:59:51:7e', '5a:51:29:d8:a9:cd', 'b5:4e:24:b8:e4:ad', 'ef:44:c9:16:2b:d4', 'd5:7b:c2:e0:8f:45', 'ba:76:c3:30:8a:45', '61:b4:e3:a0:77:39', 'b5:49:7f:19:d6:0b', '4a:e3:f1:72:ad:c2', 'bb:ea:6b:3d:09:e6', '42:ca:a4:bb:87:15', '96:02:56:4c:49:10', '2f:23:35:82:46:bf', 'd3:4e:7e:2b:ec:ad', 'a6:1d:c8:b0:ed:be', '35:5a:42:83:65:be', '28:af:e6:1f:50:8b', '32:c3:6c:b1:39:7b', '92:15:67:33:67:fb', '35:28:34:93:b8:d6', '82:3e:e9:87:b1:75', 'e3:e3:26:45:47:94', 'f3:72:77:e8:eb:e1', 'e6:0c:42:8a:0c:85', '7a:60:5f:f0:6e:91', 'bb:24:e5:b8:29:57', '8e:5b:6b:6d:55:a6', '4e:b6:59:fc:47:88', '6a:c7:eb:0a:9f:a9', '9d:58:50:7a:c9:c5', 'b7:35:17:d7:7f:51', '52:93:a1:de:ab:1f', '94:cb:71:71:cc:e0', '48:ce:b4:62:e6:61', 'af:c8:59:1d:23:a3', '3c:b2:f1:9c:94:dd', 'bd:85:71:ea:b8:df', 'ad:1d:af:0f:be:87', '30:bb:74:8b:80:d0', '76:05:f9:a6:d9:90', 'ff:88:bf:4b:d7:d7', '7a:e8:e8:af:88:de', 'f7:e6:55:ef:fe:b5', '8a:2f:dd:b3:f9:e6', 'ad:8c:b5:ec:2e:19', '4f:9d:3c:24:55:36', '09:05:16:f5:e2:57', 'e9:6f:13:c4:91:20', 'c6:51:8a:48:a2:03', '0d:fd:27:f6:0c:3a', '85:ff:a0:4b:37:63', '41:f2:40:fe:b7:6f', '8d:5b:bb:36:ac:81', 'c5:2b:89:5c:62:f8', '2d:5b:7d:90:72:7f', 'b5:b6:c4:be:f0:6f', 'bb:56:4c:b0:eb:0e', '60:4e:91:45:1c:63', '3a:7f:d3:73:49:a3', '32:81:19:18:7c:88', '62:18:ff:9a:c3:ab', '73:db:f3:fe:75:ef', 'a2:90:38:31:dc:5f', '12:27:57:0a:53:dd', '72:f6:0d:be:62:70', '84:7c:0a:be:11:7d', '02:78:79:d9:e5:7c', '60:04:b8:6f:51:69', '8c:a2:36:7c:87:a4', 'b9:60:c2:bc:a8:a9', '6d:75:cd:99:ff:be', '45:96:f5:89:fb:b7', '80:8e:51:f6:17:e7', '11:c5:48:37:c9:4f', '72:d2:c3:56:67:56', '6d:7a:f5:46:03:11', '11:a0:13:08:a9:bb', '83:31:d5:c0:66:68', '10:dc:33:4b:b5:e1', 'd5:15:af:2a:55:22', '14:44:8e:03:ba:9e', '99:b7:76:6b:aa:79', '37:11:98:1d:bb:b1', '6d:d8:09:f8:2b:27', 'fa:b1:f6:4e:60:01', '64:14:28:cd:dc:be', 'ea:76:7e:9d:28:64', '1c:7d:5f:55:1e:1a', 'a8:17:d5:64:95:0e', '41:2d:09:e1:8b:de', '45:f1:9f:98:16:1c'], 'triggered_reasons': ['same_ssid_multiple_bssid'], 'observations': {'b3:f8:d4:aa:76:fc': {'first_seen': 1778945790.088078, 'last_seen': 1778945790.089091, 'seen_count': 2, 'channels': [], 'avg_rssi': None}, '42:55:8e:c7:71:c3': {'first_seen': 1778945790.392224, 'last_seen': 1778945790.393231, 'seen_count': 2, 'channels': [], 'avg_rssi': None}, 'ec:7b:c1:13:86:0a': {'first_seen': 1778945790.70315, 'last_seen': 1778945790.704005, 'seen_count': 2, 'channels': [], 'avg_rssi': None}, 'a4:bb:cd:67:e8:7b': {'first_seen': 1778945791.007938, 'last_seen': 1778945791.008897, 'seen_count': 2, 'channels': [], 'avg_rssi': None}, 'fd:54:74:16:9e:57': {'first_seen': 1778945791.320959, 'last_seen': 1778945791.321909, 'seen_count': 2, 'channels': [], 'avg_rssi': None}, 'a3:0b:8b:ef:3b:43': {'first_seen': 1778945791.625063, 'last_seen': 1778945791.626306, 'seen_count': 2, 'channels': [], 'avg_rssi': None}, '63:34:8e:6f:36:3d': {'first_seen': 1778945791.934847, 'last_seen': 1778945791.935944, 'seen_count': 2, 'channels': [], 'avg_rssi': None}, '99:2c:cc:59:51:7e': {'first_seen': 1778945792.242959, 'last_seen': 1778945792.244093, 'seen_count': 2, 'channels': [], 'avg_rssi': None}, '5a:51:29:d8:a9:cd': {'first_seen': 1778945792.559934, 'last_seen': 1778945792.560844, 'seen_count': 2, 'channels': [], 'avg_rssi': None}, 'b5:4e:24:b8:e4:ad': {'first_seen': 1778945792.867668, 'last_seen': 1778945792.868861, 'seen_count': 2, 'channels': [], 'avg_rssi': None}, 'ef:44:c9:16:2b:d4': {'first_seen': 1778945793.187128, 'last_seen': 1778945793.188135, 'seen_count': 2, 'channels': [], 'avg_rssi': None}, 'd5:7b:c2:e0:8f:45': {'first_seen': 1778945793.507465, 'last_seen': 1778945793.50841, 'seen_count': 2, 'channels': [], 'avg_rssi': None}, 'ba:76:c3:30:8a:45': {'first_seen': 1778945793.815698, 'last_seen': 1778945793.816794, 'seen_count': 2, 'channels': [], 'avg_rssi': None}, '61:b4:e3:a0:77:39': {'first_seen': 1778945794.132779, 'last_seen': 1778945794.133675, 'seen_count': 2, 'channels': [], 'avg_rssi': None}, 'b5:49:7f:19:d6:0b': {'first_seen': 1778945794.442644, 'last_seen': 1778945794.443693, 'seen_count': 2, 'channels': [], 'avg_rssi': None}, '4a:e3:f1:72:ad:c2': {'first_seen': 1778945794.753339, 'last_seen': 1778945794.754334, 'seen_count': 2, 'channels': [], 'avg_rssi': None}, 'bb:ea:6b:3d:09:e6': {'first_seen': 1778945795.069133, 'last_seen': 1778945795.070106, 'seen_count': 2, 'channels': [], 'avg_rssi': None}, '42:ca:a4:bb:87:15': {'first_seen': 1778945795.383497, 'last_seen': 1778945795.384371, 'seen_count': 2, 'channels': [], 'avg_rssi': None}, '96:02:56:4c:49:10': {'first_seen': 1778945795.702028, 'last_seen': 1778945795.703133, 'seen_count': 2, 'channels': [], 'avg_rssi': None}, '2f:23:35:82:46:bf': {'first_seen': 1778945796.014478, 'last_seen': 1778945796.015399, 'seen_count': 2, 'channels': [], 'avg_rssi': None}, 'd3:4e:7e:2b:ec:ad': {'first_seen': 1778945796.329001, 'last_seen': 1778945796.330049, 'seen_count': 2, 'channels': [], 'avg_rssi': None}, 'a6:1d:c8:b0:ed:be': {'first_seen': 1778945796.636793, 'last_seen': 1778945796.637942, 'seen_count': 2, 'channels': [], 'avg_rssi': None}, '35:5a:42:83:65:be': {'first_seen': 1778945796.948986, 'last_seen': 1778945796.950074, 'seen_count': 2, 'channels': [], 'avg_rssi': None}, '28:af:e6:1f:50:8b': {'first_seen': 1778945797.265085, 'last_seen': 1778945797.265966, 'seen_count': 2, 'channels': [], 'avg_rssi': None}, '32:c3:6c:b1:39:7b': {'first_seen': 1778945797.578676, 'last_seen': 1778945797.579607, 'seen_count': 2, 'channels': [], 'avg_rssi': None}, '92:15:67:33:67:fb': {'first_seen': 1778945797.888449, 'last_seen': 1778945797.88937, 'seen_count': 2, 'channels': [], 'avg_rssi': None}, '35:28:34:93:b8:d6': {'first_seen': 1778945798.200337, 'last_seen': 1778945798.201511, 'seen_count': 2, 'channels': [], 'avg_rssi': None}, '82:3e:e9:87:b1:75': {'first_seen': 1778945798.506371, 'last_seen': 1778945798.507279, 'seen_count': 2, 'channels': [], 'avg_rssi': None}, 'e3:e3:26:45:47:94': {'first_seen': 1778945798.823263, 'last_seen': 1778945798.825169, 'seen_count': 2, 'channels': [], 'avg_rssi': None}, 'f3:72:77:e8:eb:e1': {'first_seen': 1778945799.13393, 'last_seen': 1778945799.135061, 'seen_count': 2, 'channels': [], 'avg_rssi': None}, 'e6:0c:42:8a:0c:85': {'first_seen': 1778945799.446663, 'last_seen': 1778945799.447577, 'seen_count': 2, 'channels': [], 'avg_rssi': None}, '7a:60:5f:f0:6e:91': {'first_seen': 1778945799.75075, 'last_seen': 1778945799.751842, 'seen_count': 2, 'channels': [], 'avg_rssi': None}, 'bb:24:e5:b8:29:57': {'first_seen': 1778945800.059803, 'last_seen': 1778945800.060734, 'seen_count': 2, 'channels': [], 'avg_rssi': None}, '8e:5b:6b:6d:55:a6': {'first_seen': 1778945800.365833, 'last_seen': 1778945800.366752, 'seen_count': 2, 'channels': [], 'avg_rssi': None}, '4e:b6:59:fc:47:88': {'first_seen': 1778945800.687517, 'last_seen': 1778945800.68864, 'seen_count': 2, 'channels': [], 'avg_rssi': None}, '6a:c7:eb:0a:9f:a9': {'first_seen': 1778945801.000296, 'last_seen': 1778945801.00116, 'seen_count': 2, 'channels': [], 'avg_rssi': None}, '9d:58:50:7a:c9:c5': {'first_seen': 1778945801.310999, 'last_seen': 1778945801.311924, 'seen_count': 2, 'channels': [], 'avg_rssi': None}, 'b7:35:17:d7:7f:51': {'first_seen': 1778945801.617136, 'last_seen': 1778945801.618193, 'seen_count': 2, 'channels': [], 'avg_rssi': None}, '52:93:a1:de:ab:1f': {'first_seen': 1778945801.926666, 'last_seen': 1778945801.92783, 'seen_count': 2, 'channels': [], 'avg_rssi': None}, '94:cb:71:71:cc:e0': {'first_seen': 1778945802.236542, 'last_seen': 1778945802.237474, 'seen_count': 2, 'channels': [], 'avg_rssi': None}, '48:ce:b4:62:e6:61': {'first_seen': 1778945802.542709, 'last_seen': 1778945802.543612, 'seen_count': 2, 'channels': [], 'avg_rssi': None}, 'af:c8:59:1d:23:a3': {'first_seen': 1778945802.86104, 'last_seen': 1778945802.861877, 'seen_count': 2, 'channels': [], 'avg_rssi': None}, '3c:b2:f1:9c:94:dd': {'first_seen': 1778945803.178404, 'last_seen': 1778945803.179272, 'seen_count': 2, 'channels': [], 'avg_rssi': None}, 'bd:85:71:ea:b8:df': {'first_seen': 1778945803.495218, 'last_seen': 1778945803.49604, 'seen_count': 2, 'channels': [], 'avg_rssi': None}, 'ad:1d:af:0f:be:87': {'first_seen': 1778945803.804261, 'last_seen': 1778945803.805429, 'seen_count': 2, 'channels': [], 'avg_rssi': None}, '30:bb:74:8b:80:d0': {'first_seen': 1778945804.123106, 'last_seen': 1778945804.123953, 'seen_count': 2, 'channels': [], 'avg_rssi': None}, '76:05:f9:a6:d9:90': {'first_seen': 1778945804.438832, 'last_seen': 1778945804.442353, 'seen_count': 2, 'channels': [], 'avg_rssi': None}, 'ff:88:bf:4b:d7:d7': {'first_seen': 1778945804.759127, 'last_seen': 1778945804.760102, 'seen_count': 2, 'channels': [], 'avg_rssi': None}, '7a:e8:e8:af:88:de': {'first_seen': 1778945805.071655, 'last_seen': 1778945805.07287, 'seen_count': 2, 'channels': [], 'avg_rssi': None}, 'f7:e6:55:ef:fe:b5': {'first_seen': 1778945805.381434, 'last_seen': 1778945805.382259, 'seen_count': 2, 'channels': [], 'avg_rssi': None}, '8a:2f:dd:b3:f9:e6': {'first_seen': 1778945805.698673, 'last_seen': 1778945805.699653, 'seen_count': 2, 'channels': [], 'avg_rssi': None}, 'ad:8c:b5:ec:2e:19': {'first_seen': 1778945806.010357, 'last_seen': 1778945806.011543, 'seen_count': 2, 'channels': [], 'avg_rssi': None}, '4f:9d:3c:24:55:36': {'first_seen': 1778945806.317651, 'last_seen': 1778945806.318682, 'seen_count': 2, 'channels': [], 'avg_rssi': None}, '09:05:16:f5:e2:57': {'first_seen': 1778945806.632117, 'last_seen': 1778945806.633079, 'seen_count': 2, 'channels': [], 'avg_rssi': None}, 'e9:6f:13:c4:91:20': {'first_seen': 1778945806.950178, 'last_seen': 1778945806.95134, 'seen_count': 2, 'channels': [], 'avg_rssi': None}, 'c6:51:8a:48:a2:03': {'first_seen': 1778945807.269157, 'last_seen': 1778945807.270357, 'seen_count': 2, 'channels': [], 'avg_rssi': None}, '0d:fd:27:f6:0c:3a': {'first_seen': 1778945807.580685, 'last_seen': 1778945807.581751, 'seen_count': 2, 'channels': [], 'avg_rssi': None}, '85:ff:a0:4b:37:63': {'first_seen': 1778945807.894675, 'last_seen': 1778945807.895785, 'seen_count': 2, 'channels': [], 'avg_rssi': None}, '41:f2:40:fe:b7:6f': {'first_seen': 1778945808.208923, 'last_seen': 1778945808.209793, 'seen_count': 2, 'channels': [], 'avg_rssi': None}, '8d:5b:bb:36:ac:81': {'first_seen': 1778945808.520769, 'last_seen': 1778945808.521796, 'seen_count': 2, 'channels': [], 'avg_rssi': None}, 'c5:2b:89:5c:62:f8': {'first_seen': 1778945808.831107, 'last_seen': 1778945808.832186, 'seen_count': 2, 'channels': [], 'avg_rssi': None}, '2d:5b:7d:90:72:7f': {'first_seen': 1778945809.141898, 'last_seen': 1778945809.143078, 'seen_count': 2, 'channels': [], 'avg_rssi': None}, 'b5:b6:c4:be:f0:6f': {'first_seen': 1778945809.452325, 'last_seen': 1778945809.453227, 'seen_count': 2, 'channels': [], 'avg_rssi': None}, 'bb:56:4c:b0:eb:0e': {'first_seen': 1778945809.763996, 'last_seen': 1778945809.763996, 'seen_count': 1, 'channels': [], 'avg_rssi': None}, '60:4e:91:45:1c:63': {'first_seen': 1778945810.074889, 'last_seen': 1778945810.074889, 'seen_count': 1, 'channels': [], 'avg_rssi': None}, '3a:7f:d3:73:49:a3': {'first_seen': 1778945810.379804, 'last_seen': 1778945810.38327, 'seen_count': 2, 'channels': [], 'avg_rssi': None}, '32:81:19:18:7c:88': {'first_seen': 1778945810.692061, 'last_seen': 1778945810.69291, 'seen_count': 2, 'channels': [], 'avg_rssi': None}, '62:18:ff:9a:c3:ab': {'first_seen': 1778945811.002682, 'last_seen': 1778945811.00368, 'seen_count': 2, 'channels': [], 'avg_rssi': None}, '73:db:f3:fe:75:ef': {'first_seen': 1778945811.621469, 'last_seen': 1778945811.622584, 'seen_count': 2, 'channels': [], 'avg_rssi': None}, 'a2:90:38:31:dc:5f': {'first_seen': 1778945811.933519, 'last_seen': 1778945811.934601, 'seen_count': 2, 'channels': [], 'avg_rssi': None}, '12:27:57:0a:53:dd': {'first_seen': 1778945812.245421, 'last_seen': 1778945812.246366, 'seen_count': 2, 'channels': [], 'avg_rssi': None}, '72:f6:0d:be:62:70': {'first_seen': 1778945812.556978, 'last_seen': 1778945812.557881, 'seen_count': 2, 'channels': [], 'avg_rssi': None}, '84:7c:0a:be:11:7d': {'first_seen': 1778945812.866657, 'last_seen': 1778945812.867773, 'seen_count': 2, 'channels': [], 'avg_rssi': None}, '02:78:79:d9:e5:7c': {'first_seen': 1778945813.175081, 'last_seen': 1778945813.176039, 'seen_count': 2, 'channels': [], 'avg_rssi': None}, '60:04:b8:6f:51:69': {'first_seen': 1778945813.484053, 'last_seen': 1778945813.485056, 'seen_count': 2, 'channels': [], 'avg_rssi': None}, '8c:a2:36:7c:87:a4': {'first_seen': 1778945813.793347, 'last_seen': 1778945813.79421, 'seen_count': 2, 'channels': [], 'avg_rssi': None}, 'b9:60:c2:bc:a8:a9': {'first_seen': 1778945814.101339, 'last_seen': 1778945814.10221, 'seen_count': 2, 'channels': [], 'avg_rssi': None}, '6d:75:cd:99:ff:be': {'first_seen': 1778945814.412321, 'last_seen': 1778945814.413498, 'seen_count': 2, 'channels': [], 'avg_rssi': None}, '45:96:f5:89:fb:b7': {'first_seen': 1778945814.720583, 'last_seen': 1778945814.721759, 'seen_count': 2, 'channels': [], 'avg_rssi': None}, '80:8e:51:f6:17:e7': {'first_seen': 1778945815.033176, 'last_seen': 1778945815.034387, 'seen_count': 2, 'channels': [], 'avg_rssi': None}, '11:c5:48:37:c9:4f': {'first_seen': 1778945815.336968, 'last_seen': 1778945815.338026, 'seen_count': 2, 'channels': [], 'avg_rssi': None}, '72:d2:c3:56:67:56': {'first_seen': 1778945815.648715, 'last_seen': 1778945815.649793, 'seen_count': 2, 'channels': [], 'avg_rssi': None}, '6d:7a:f5:46:03:11': {'first_seen': 1778945815.953923, 'last_seen': 1778945815.95506, 'seen_count': 2, 'channels': [], 'avg_rssi': None}, '11:a0:13:08:a9:bb': {'first_seen': 1778945816.270705, 'last_seen': 1778945816.270705, 'seen_count': 1, 'channels': [], 'avg_rssi': None}, '83:31:d5:c0:66:68': {'first_seen': 1778945816.575161, 'last_seen': 1778945816.576235, 'seen_count': 2, 'channels': [], 'avg_rssi': None}, '10:dc:33:4b:b5:e1': {'first_seen': 1778945816.883672, 'last_seen': 1778945816.884605, 'seen_count': 2, 'channels': [], 'avg_rssi': None}, 'd5:15:af:2a:55:22': {'first_seen': 1778945817.189469, 'last_seen': 1778945817.190371, 'seen_count': 2, 'channels': [], 'avg_rssi': None}, '14:44:8e:03:ba:9e': {'first_seen': 1778945817.497869, 'last_seen': 1778945817.499015, 'seen_count': 2, 'channels': [], 'avg_rssi': None}, '99:b7:76:6b:aa:79': {'first_seen': 1778945817.810722, 'last_seen': 1778945817.813153, 'seen_count': 2, 'channels': [], 'avg_rssi': None}, '37:11:98:1d:bb:b1': {'first_seen': 1778945818.119564, 'last_seen': 1778945818.120419, 'seen_count': 2, 'channels': [], 'avg_rssi': None}, '6d:d8:09:f8:2b:27': {'first_seen': 1778945818.433381, 'last_seen': 1778945818.434317, 'seen_count': 2, 'channels': [], 'avg_rssi': None}, 'fa:b1:f6:4e:60:01': {'first_seen': 1778945818.742692, 'last_seen': 1778945818.743828, 'seen_count': 2, 'channels': [], 'avg_rssi': None}, '64:14:28:cd:dc:be': {'first_seen': 1778945819.053671, 'last_seen': 1778945819.054853, 'seen_count': 2, 'channels': [], 'avg_rssi': None}, 'ea:76:7e:9d:28:64': {'first_seen': 1778945819.374302, 'last_seen': 1778945819.375235, 'seen_count': 2, 'channels': [], 'avg_rssi': None}, '1c:7d:5f:55:1e:1a': {'first_seen': 1778945819.692165, 'last_seen': 1778945819.693001, 'seen_count': 2, 'channels': [], 'avg_rssi': None}, 'a8:17:d5:64:95:0e': {'first_seen': 1778945820.003803, 'last_seen': 1778945820.005023, 'seen_count': 2, 'channels': [], 'avg_rssi': None}, '41:2d:09:e1:8b:de': {'first_seen': 1778945820.321769, 'last_seen': 1778945820.322908, 'seen_count': 2, 'channels': [], 'avg_rssi': None}, '45:f1:9f:98:16:1c': {'first_seen': 1778945820.631315, 'last_seen': 1778945820.631315, 'seen_count': 1, 'channels': [], 'avg_rssi': None}}}
!!!!!!!!!!!!!!!!!!!!!!!!!!!!!!!!!!!!!!!!!!!!!!!!!!!!!!!!!!!!!!!!!!!!!!!!!!!!!!!!


!!!!!!!!!!!!!!!!!!!!!!!!!!!!!!!!!!!!!!!!!!!!!!!!!!!!!!!!!!!!!!!!!!!!!!!!!!!!!!!!
[ALERT] ALERT-000080 | POTENTIAL_EVIL_TWIN
severity: LOW
time: 2026-05-16T15:37:00.641412
message: Wykryto potencjalny Evil Twin / Rogue AP dla SSID 'TestNet_007'. Zaobserwowano 98 różnych BSSID oraz podejrzane różnice parametrów sieci.
evidence: {'ssid': 'TestNet_007', 'bssid_count': 98, 'bssids': ['54:dd:c4:f0:4e:cb', 'fe:f3:fd:c6:21:5c', '7c:f2:04:c7:21:cc', '85:c8:0a:18:6a:8a', '53:9e:40:c6:69:32', 'f0:c7:bc:63:20:62', 'b6:42:0a:ad:59:f3', '3d:1b:ca:2c:a8:5e', '94:d5:e5:e0:5f:ff', '74:8d:13:98:73:64', '91:01:fc:39:55:b1', '85:de:c2:f3:5a:19', 'b0:3c:b9:8c:e7:6b', '24:8e:3e:b8:f5:69', '37:fd:f2:a2:fb:09', 'db:27:34:93:fd:a0', '76:dd:f4:23:93:d2', '8e:f7:28:9c:0f:a7', '2f:71:76:09:e0:39', 'c3:c6:1c:3c:14:ea', 'dd:4a:2b:01:a9:f7', '03:cf:25:1f:9b:43', 'b8:92:66:36:72:01', '1e:e1:68:75:84:c3', 'ac:67:1f:c5:32:15', '79:05:57:ad:d9:28', '66:5f:04:99:34:b9', 'c7:c3:cd:23:ab:98', 'c3:65:47:4b:b7:18', '22:ba:ba:04:24:90', 'eb:b9:be:19:e0:7b', 'fc:6c:df:ea:61:04', 'e8:03:e4:c5:c3:48', '77:13:5c:9d:92:ad', 'bc:2b:f4:e0:92:7f', 'a6:bc:1f:63:ca:28', '1f:c0:61:19:66:48', '48:20:76:62:71:b8', '9a:af:7a:3e:06:12', '7e:64:bb:e9:a2:5a', '59:3c:53:68:9f:b2', 'b0:3b:ae:4b:e3:1b', '5d:c0:b1:5c:bd:1f', '35:94:78:c5:30:12', '19:60:db:92:3e:46', '50:a2:a4:28:14:0c', 'b4:a8:41:e5:7c:50', 'a9:e9:d2:d0:92:1e', 'c3:71:85:49:cf:07', '2e:5f:79:25:67:16', '47:f9:8d:dc:46:be', 'a5:43:86:78:b8:da', 'c6:b6:53:d6:bb:d5', '69:a4:eb:32:70:48', '7f:0a:a9:04:2e:ac', '94:08:f1:97:c4:09', '64:de:07:65:25:b3', '88:a7:75:25:a3:b2', '2d:71:b8:1f:67:8a', 'f6:26:e0:5b:ec:6c', 'dd:45:bd:c0:55:90', 'c3:87:72:9d:58:c7', '3f:17:b8:53:92:90', '79:b1:77:34:fa:07', '40:60:6a:d1:70:10', 'e4:7d:b7:a2:28:e6', 'd3:e6:0e:42:d0:17', '47:f0:cd:b7:3a:60', '6d:7f:e2:de:d2:45', '4c:42:7f:f5:89:13', 'fa:5e:8b:34:71:4b', '0e:e7:8a:0a:6f:27', 'e6:e2:99:61:fa:56', 'ad:58:dc:9d:f3:a7', 'eb:1d:d6:ac:31:8f', 'e4:a8:de:bd:02:68', '93:46:84:4c:81:31', 'bf:01:f2:96:91:ef', '33:ab:84:61:93:1a', '7a:71:87:2b:c4:43', 'd5:ee:0c:4c:74:4e', '66:2c:41:18:3a:76', '1b:50:d3:ed:d7:e6', '20:1b:c5:6a:1f:c9', 'bd:20:bf:f4:f2:a0', 'a8:9b:07:13:92:88', '5a:15:84:52:e4:db', '66:48:e3:92:a2:d0', '2c:ec:99:a8:2f:29', '2c:8a:76:05:a4:13', 'f0:b4:e9:c0:63:b8', '38:ee:35:06:53:81', 'c8:8a:41:14:5b:e4', '08:5c:9a:6d:04:5e', '65:af:46:ca:f4:d3', '31:e7:b8:1b:02:e9', 'd8:07:89:8a:11:c8', '03:5e:25:e9:b7:32'], 'triggered_reasons': ['same_ssid_multiple_bssid'], 'observations': {'54:dd:c4:f0:4e:cb': {'first_seen': 1778945790.098318, 'last_seen': 1778945790.09922, 'seen_count': 2, 'channels': [], 'avg_rssi': None}, 'fe:f3:fd:c6:21:5c': {'first_seen': 1778945790.402329, 'last_seen': 1778945790.403234, 'seen_count': 2, 'channels': [], 'avg_rssi': None}, '7c:f2:04:c7:21:cc': {'first_seen': 1778945790.713279, 'last_seen': 1778945790.71425, 'seen_count': 2, 'channels': [], 'avg_rssi': None}, '85:c8:0a:18:6a:8a': {'first_seen': 1778945791.018059, 'last_seen': 1778945791.018901, 'seen_count': 2, 'channels': [], 'avg_rssi': None}, '53:9e:40:c6:69:32': {'first_seen': 1778945791.331079, 'last_seen': 1778945791.332037, 'seen_count': 2, 'channels': [], 'avg_rssi': None}, 'f0:c7:bc:63:20:62': {'first_seen': 1778945791.638657, 'last_seen': 1778945791.639798, 'seen_count': 2, 'channels': [], 'avg_rssi': None}, 'b6:42:0a:ad:59:f3': {'first_seen': 1778945791.944943, 'last_seen': 1778945791.945938, 'seen_count': 2, 'channels': [], 'avg_rssi': None}, '3d:1b:ca:2c:a8:5e': {'first_seen': 1778945792.253008, 'last_seen': 1778945792.253842, 'seen_count': 2, 'channels': [], 'avg_rssi': None}, '94:d5:e5:e0:5f:ff': {'first_seen': 1778945792.570031, 'last_seen': 1778945792.570971, 'seen_count': 2, 'channels': [], 'avg_rssi': None}, '74:8d:13:98:73:64': {'first_seen': 1778945792.877785, 'last_seen': 1778945792.878869, 'seen_count': 2, 'channels': [], 'avg_rssi': None}, '91:01:fc:39:55:b1': {'first_seen': 1778945793.197244, 'last_seen': 1778945793.198128, 'seen_count': 2, 'channels': [], 'avg_rssi': None}, '85:de:c2:f3:5a:19': {'first_seen': 1778945793.517587, 'last_seen': 1778945793.518523, 'seen_count': 2, 'channels': [], 'avg_rssi': None}, 'b0:3c:b9:8c:e7:6b': {'first_seen': 1778945793.825824, 'last_seen': 1778945793.827043, 'seen_count': 2, 'channels': [], 'avg_rssi': None}, '24:8e:3e:b8:f5:69': {'first_seen': 1778945794.142872, 'last_seen': 1778945794.143924, 'seen_count': 2, 'channels': [], 'avg_rssi': None}, '37:fd:f2:a2:fb:09': {'first_seen': 1778945794.453145, 'last_seen': 1778945794.45407, 'seen_count': 2, 'channels': [], 'avg_rssi': None}, 'db:27:34:93:fd:a0': {'first_seen': 1778945794.763447, 'last_seen': 1778945794.764584, 'seen_count': 2, 'channels': [], 'avg_rssi': None}, '76:dd:f4:23:93:d2': {'first_seen': 1778945795.082796, 'last_seen': 1778945795.084099, 'seen_count': 2, 'channels': [], 'avg_rssi': None}, '8e:f7:28:9c:0f:a7': {'first_seen': 1778945795.393587, 'last_seen': 1778945795.394644, 'seen_count': 2, 'channels': [], 'avg_rssi': None}, '2f:71:76:09:e0:39': {'first_seen': 1778945795.714298, 'last_seen': 1778945795.715511, 'seen_count': 2, 'channels': [], 'avg_rssi': None}, 'c3:c6:1c:3c:14:ea': {'first_seen': 1778945796.025874, 'last_seen': 1778945796.02704, 'seen_count': 2, 'channels': [], 'avg_rssi': None}, 'dd:4a:2b:01:a9:f7': {'first_seen': 1778945796.339113, 'last_seen': 1778945796.340298, 'seen_count': 2, 'channels': [], 'avg_rssi': None}, '03:cf:25:1f:9b:43': {'first_seen': 1778945796.646896, 'last_seen': 1778945796.647814, 'seen_count': 2, 'channels': [], 'avg_rssi': None}, 'b8:92:66:36:72:01': {'first_seen': 1778945796.959072, 'last_seen': 1778945796.960075, 'seen_count': 2, 'channels': [], 'avg_rssi': None}, '1e:e1:68:75:84:c3': {'first_seen': 1778945797.275196, 'last_seen': 1778945797.276471, 'seen_count': 2, 'channels': [], 'avg_rssi': None}, 'ac:67:1f:c5:32:15': {'first_seen': 1778945797.588786, 'last_seen': 1778945797.589741, 'seen_count': 2, 'channels': [], 'avg_rssi': None}, '79:05:57:ad:d9:28': {'first_seen': 1778945797.898577, 'last_seen': 1778945797.899756, 'seen_count': 2, 'channels': [], 'avg_rssi': None}, '66:5f:04:99:34:b9': {'first_seen': 1778945798.210495, 'last_seen': 1778945798.211387, 'seen_count': 2, 'channels': [], 'avg_rssi': None}, 'c7:c3:cd:23:ab:98': {'first_seen': 1778945798.516471, 'last_seen': 1778945798.517545, 'seen_count': 2, 'channels': [], 'avg_rssi': None}, 'c3:65:47:4b:b7:18': {'first_seen': 1778945798.833362, 'last_seen': 1778945798.835169, 'seen_count': 2, 'channels': [], 'avg_rssi': None}, '22:ba:ba:04:24:90': {'first_seen': 1778945799.144028, 'last_seen': 1778945799.144935, 'seen_count': 2, 'channels': [], 'avg_rssi': None}, 'eb:b9:be:19:e0:7b': {'first_seen': 1778945799.456755, 'last_seen': 1778945799.457828, 'seen_count': 2, 'channels': [], 'avg_rssi': None}, 'fc:6c:df:ea:61:04': {'first_seen': 1778945799.760864, 'last_seen': 1778945799.76197, 'seen_count': 2, 'channels': [], 'avg_rssi': None}, 'e8:03:e4:c5:c3:48': {'first_seen': 1778945800.07068, 'last_seen': 1778945800.071608, 'seen_count': 2, 'channels': [], 'avg_rssi': None}, '77:13:5c:9d:92:ad': {'first_seen': 1778945800.375929, 'last_seen': 1778945800.376875, 'seen_count': 2, 'channels': [], 'avg_rssi': None}, 'bc:2b:f4:e0:92:7f': {'first_seen': 1778945800.697619, 'last_seen': 1778945800.69866, 'seen_count': 2, 'channels': [], 'avg_rssi': None}, 'a6:bc:1f:63:ca:28': {'first_seen': 1778945801.010386, 'last_seen': 1778945801.011534, 'seen_count': 2, 'channels': [], 'avg_rssi': None}, '1f:c0:61:19:66:48': {'first_seen': 1778945801.321091, 'last_seen': 1778945801.321924, 'seen_count': 2, 'channels': [], 'avg_rssi': None}, '48:20:76:62:71:b8': {'first_seen': 1778945801.627242, 'last_seen': 1778945801.62819, 'seen_count': 2, 'channels': [], 'avg_rssi': None}, '9a:af:7a:3e:06:12': {'first_seen': 1778945801.936764, 'last_seen': 1778945801.940831, 'seen_count': 2, 'channels': [], 'avg_rssi': None}, '7e:64:bb:e9:a2:5a': {'first_seen': 1778945802.246653, 'last_seen': 1778945802.247722, 'seen_count': 2, 'channels': [], 'avg_rssi': None}, '59:3c:53:68:9f:b2': {'first_seen': 1778945802.552839, 'last_seen': 1778945802.555236, 'seen_count': 2, 'channels': [], 'avg_rssi': None}, 'b0:3b:ae:4b:e3:1b': {'first_seen': 1778945802.871133, 'last_seen': 1778945802.872256, 'seen_count': 2, 'channels': [], 'avg_rssi': None}, '5d:c0:b1:5c:bd:1f': {'first_seen': 1778945803.18853, 'last_seen': 1778945803.189403, 'seen_count': 2, 'channels': [], 'avg_rssi': None}, '35:94:78:c5:30:12': {'first_seen': 1778945803.505316, 'last_seen': 1778945803.506413, 'seen_count': 2, 'channels': [], 'avg_rssi': None}, '19:60:db:92:3e:46': {'first_seen': 1778945803.814376, 'last_seen': 1778945803.815435, 'seen_count': 2, 'channels': [], 'avg_rssi': None}, '50:a2:a4:28:14:0c': {'first_seen': 1778945804.133238, 'last_seen': 1778945804.134078, 'seen_count': 2, 'channels': [], 'avg_rssi': None}, 'b4:a8:41:e5:7c:50': {'first_seen': 1778945804.448946, 'last_seen': 1778945804.449842, 'seen_count': 2, 'channels': [], 'avg_rssi': None}, 'a9:e9:d2:d0:92:1e': {'first_seen': 1778945804.769274, 'last_seen': 1778945804.770241, 'seen_count': 2, 'channels': [], 'avg_rssi': None}, 'c3:71:85:49:cf:07': {'first_seen': 1778945805.081764, 'last_seen': 1778945805.082744, 'seen_count': 2, 'channels': [], 'avg_rssi': None}, '2e:5f:79:25:67:16': {'first_seen': 1778945805.391541, 'last_seen': 1778945805.392635, 'seen_count': 2, 'channels': [], 'avg_rssi': None}, '47:f9:8d:dc:46:be': {'first_seen': 1778945805.708786, 'last_seen': 1778945805.709777, 'seen_count': 2, 'channels': [], 'avg_rssi': None}, 'a5:43:86:78:b8:da': {'first_seen': 1778945806.020452, 'last_seen': 1778945806.021417, 'seen_count': 2, 'channels': [], 'avg_rssi': None}, 'c6:b6:53:d6:bb:d5': {'first_seen': 1778945806.327752, 'last_seen': 1778945806.331066, 'seen_count': 2, 'channels': [], 'avg_rssi': None}, '69:a4:eb:32:70:48': {'first_seen': 1778945806.64222, 'last_seen': 1778945806.643327, 'seen_count': 2, 'channels': [], 'avg_rssi': None}, '7f:0a:a9:04:2e:ac': {'first_seen': 1778945806.960269, 'last_seen': 1778945806.961593, 'seen_count': 2, 'channels': [], 'avg_rssi': None}, '94:08:f1:97:c4:09': {'first_seen': 1778945807.279253, 'last_seen': 1778945807.280358, 'seen_count': 2, 'channels': [], 'avg_rssi': None}, '64:de:07:65:25:b3': {'first_seen': 1778945807.590811, 'last_seen': 1778945807.592007, 'seen_count': 2, 'channels': [], 'avg_rssi': None}, '88:a7:75:25:a3:b2': {'first_seen': 1778945807.90475, 'last_seen': 1778945807.905778, 'seen_count': 2, 'channels': [], 'avg_rssi': None}, '2d:71:b8:1f:67:8a': {'first_seen': 1778945808.219028, 'last_seen': 1778945808.220156, 'seen_count': 2, 'channels': [], 'avg_rssi': None}, 'f6:26:e0:5b:ec:6c': {'first_seen': 1778945808.530971, 'last_seen': 1778945808.531797, 'seen_count': 2, 'channels': [], 'avg_rssi': None}, 'dd:45:bd:c0:55:90': {'first_seen': 1778945808.841202, 'last_seen': 1778945808.84244, 'seen_count': 2, 'channels': [], 'avg_rssi': None}, 'c3:87:72:9d:58:c7': {'first_seen': 1778945809.152002, 'last_seen': 1778945809.152956, 'seen_count': 2, 'channels': [], 'avg_rssi': None}, '3f:17:b8:53:92:90': {'first_seen': 1778945809.462423, 'last_seen': 1778945809.46347, 'seen_count': 2, 'channels': [], 'avg_rssi': None}, '79:b1:77:34:fa:07': {'first_seen': 1778945810.085137, 'last_seen': 1778945810.086254, 'seen_count': 2, 'channels': [], 'avg_rssi': None}, '40:60:6a:d1:70:10': {'first_seen': 1778945810.389917, 'last_seen': 1778945810.390894, 'seen_count': 2, 'channels': [], 'avg_rssi': None}, 'e4:7d:b7:a2:28:e6': {'first_seen': 1778945810.702169, 'last_seen': 1778945810.70316, 'seen_count': 2, 'channels': [], 'avg_rssi': None}, 'd3:e6:0e:42:d0:17': {'first_seen': 1778945811.012778, 'last_seen': 1778945811.013804, 'seen_count': 2, 'channels': [], 'avg_rssi': None}, '47:f0:cd:b7:3a:60': {'first_seen': 1778945811.320526, 'last_seen': 1778945811.321692, 'seen_count': 2, 'channels': [], 'avg_rssi': None}, '6d:7f:e2:de:d2:45': {'first_seen': 1778945811.631571, 'last_seen': 1778945811.63271, 'seen_count': 2, 'channels': [], 'avg_rssi': None}, '4c:42:7f:f5:89:13': {'first_seen': 1778945811.944792, 'last_seen': 1778945811.945984, 'seen_count': 2, 'channels': [], 'avg_rssi': None}, 'fa:5e:8b:34:71:4b': {'first_seen': 1778945812.255523, 'last_seen': 1778945812.256367, 'seen_count': 2, 'channels': [], 'avg_rssi': None}, '0e:e7:8a:0a:6f:27': {'first_seen': 1778945812.56708, 'last_seen': 1778945812.56801, 'seen_count': 2, 'channels': [], 'avg_rssi': None}, 'e6:e2:99:61:fa:56': {'first_seen': 1778945812.876757, 'last_seen': 1778945812.877896, 'seen_count': 2, 'channels': [], 'avg_rssi': None}, 'ad:58:dc:9d:f3:a7': {'first_seen': 1778945813.185179, 'last_seen': 1778945813.186164, 'seen_count': 2, 'channels': [], 'avg_rssi': None}, 'eb:1d:d6:ac:31:8f': {'first_seen': 1778945813.494155, 'last_seen': 1778945813.495054, 'seen_count': 2, 'channels': [], 'avg_rssi': None}, 'e4:a8:de:bd:02:68': {'first_seen': 1778945813.803442, 'last_seen': 1778945813.804445, 'seen_count': 2, 'channels': [], 'avg_rssi': None}, '93:46:84:4c:81:31': {'first_seen': 1778945814.111431, 'last_seen': 1778945814.112586, 'seen_count': 2, 'channels': [], 'avg_rssi': None}, 'bf:01:f2:96:91:ef': {'first_seen': 1778945814.42242, 'last_seen': 1778945814.423352, 'seen_count': 2, 'channels': [], 'avg_rssi': None}, '33:ab:84:61:93:1a': {'first_seen': 1778945814.730683, 'last_seen': 1778945814.731886, 'seen_count': 2, 'channels': [], 'avg_rssi': None}, '7a:71:87:2b:c4:43': {'first_seen': 1778945815.043275, 'last_seen': 1778945815.044511, 'seen_count': 2, 'channels': [], 'avg_rssi': None}, 'd5:ee:0c:4c:74:4e': {'first_seen': 1778945815.347063, 'last_seen': 1778945815.347902, 'seen_count': 2, 'channels': [], 'avg_rssi': None}, '66:2c:41:18:3a:76': {'first_seen': 1778945815.65901, 'last_seen': 1778945815.659917, 'seen_count': 2, 'channels': [], 'avg_rssi': None}, '1b:50:d3:ed:d7:e6': {'first_seen': 1778945815.966679, 'last_seen': 1778945815.968433, 'seen_count': 2, 'channels': [], 'avg_rssi': None}, '20:1b:c5:6a:1f:c9': {'first_seen': 1778945816.278731, 'last_seen': 1778945816.279698, 'seen_count': 2, 'channels': [], 'avg_rssi': None}, 'bd:20:bf:f4:f2:a0': {'first_seen': 1778945816.585259, 'last_seen': 1778945816.586339, 'seen_count': 2, 'channels': [], 'avg_rssi': None}, 'a8:9b:07:13:92:88': {'first_seen': 1778945816.893764, 'last_seen': 1778945816.894733, 'seen_count': 2, 'channels': [], 'avg_rssi': None}, '5a:15:84:52:e4:db': {'first_seen': 1778945817.199561, 'last_seen': 1778945817.20062, 'seen_count': 2, 'channels': [], 'avg_rssi': None}, '66:48:e3:92:a2:d0': {'first_seen': 1778945817.507963, 'last_seen': 1778945817.508887, 'seen_count': 2, 'channels': [], 'avg_rssi': None}, '2c:ec:99:a8:2f:29': {'first_seen': 1778945817.820813, 'last_seen': 1778945817.821906, 'seen_count': 2, 'channels': [], 'avg_rssi': None}, '2c:8a:76:05:a4:13': {'first_seen': 1778945818.129672, 'last_seen': 1778945818.130545, 'seen_count': 2, 'channels': [], 'avg_rssi': None}, 'f0:b4:e9:c0:63:b8': {'first_seen': 1778945818.443486, 'last_seen': 1778945818.44444, 'seen_count': 2, 'channels': [], 'avg_rssi': None}, '38:ee:35:06:53:81': {'first_seen': 1778945818.752804, 'last_seen': 1778945818.753711, 'seen_count': 2, 'channels': [], 'avg_rssi': None}, 'c8:8a:41:14:5b:e4': {'first_seen': 1778945819.063776, 'last_seen': 1778945819.064842, 'seen_count': 2, 'channels': [], 'avg_rssi': None}, '08:5c:9a:6d:04:5e': {'first_seen': 1778945819.384395, 'last_seen': 1778945819.385359, 'seen_count': 2, 'channels': [], 'avg_rssi': None}, '65:af:46:ca:f4:d3': {'first_seen': 1778945819.702271, 'last_seen': 1778945819.703252, 'seen_count': 2, 'channels': [], 'avg_rssi': None}, '31:e7:b8:1b:02:e9': {'first_seen': 1778945820.013898, 'last_seen': 1778945820.015022, 'seen_count': 2, 'channels': [], 'avg_rssi': None}, 'd8:07:89:8a:11:c8': {'first_seen': 1778945820.331904, 'last_seen': 1778945820.333045, 'seen_count': 2, 'channels': [], 'avg_rssi': None}, '03:5e:25:e9:b7:32': {'first_seen': 1778945820.641412, 'last_seen': 1778945820.641412, 'seen_count': 1, 'channels': [], 'avg_rssi': None}}}
!!!!!!!!!!!!!!!!!!!!!!!!!!!!!!!!!!!!!!!!!!!!!!!!!!!!!!!!!!!!!!!!!!!!!!!!!!!!!!!!


!!!!!!!!!!!!!!!!!!!!!!!!!!!!!!!!!!!!!!!!!!!!!!!!!!!!!!!!!!!!!!!!!!!!!!!!!!!!!!!!
[ALERT] ALERT-000081 | POTENTIAL_EVIL_TWIN
severity: LOW
time: 2026-05-16T15:37:00.651510
message: Wykryto potencjalny Evil Twin / Rogue AP dla SSID 'TestNet_008'. Zaobserwowano 99 różnych BSSID oraz podejrzane różnice parametrów sieci.
evidence: {'ssid': 'TestNet_008', 'bssid_count': 99, 'bssids': ['80:03:73:5f:5c:3b', 'cc:fb:a8:5f:58:12', '05:7f:db:7a:a5:74', '59:59:94:e0:08:9f', '01:eb:7e:d2:e0:a6', 'df:f8:47:67:54:78', 'b5:42:83:a9:03:1b', 'e3:3e:d4:6d:bb:e8', '69:31:8d:87:4f:99', 'aa:2f:98:bf:05:7d', '8d:34:ae:40:2d:be', 'b9:3b:42:4a:f0:10', '56:6e:ba:67:b7:c2', '98:61:48:bf:51:01', 'cf:c5:0b:6f:1b:26', '2e:05:19:a9:f0:2e', '53:37:20:b0:46:4f', 'a6:d6:6d:c1:23:29', '2b:f5:53:5d:59:74', '3b:ce:f2:40:01:d5', '3c:15:29:3d:8e:11', '8a:69:36:85:a3:00', '69:82:7a:49:8f:67', '30:dd:c8:e9:6c:46', '47:b1:7d:da:b7:9d', '30:8a:2f:06:07:b4', '09:ac:10:c3:f5:b4', '16:e5:b8:a9:cc:fc', 'aa:49:df:25:df:8a', 'c9:be:ce:5f:37:1e', '89:53:06:bf:41:c2', 'ba:69:3c:70:13:5e', '3d:72:b6:44:3f:e7', '19:79:59:46:c4:53', 'c7:80:5d:0e:6d:0a', '9a:72:25:1d:4a:33', 'f4:3b:c1:78:b8:e2', 'd6:e0:e8:1d:03:d7', '7b:2b:29:f6:bd:fb', '4f:ff:98:3a:a6:94', '83:60:87:7b:fd:57', '2c:d7:44:3d:c6:35', 'c5:c4:93:18:f8:98', '2a:3b:86:66:a1:76', 'a7:80:1b:da:3c:f6', 'f0:cb:15:89:c2:5d', '9c:5d:48:a2:a3:00', '0c:3a:75:b4:0b:13', '51:68:a7:c1:13:31', '43:68:91:6a:d8:bc', '4a:22:8a:b6:4e:8b', 'c0:c1:fb:cd:97:1e', '5f:c0:86:66:5e:4c', '99:06:b9:1a:71:6b', '3b:69:c4:2b:98:1e', '81:b7:e6:f7:29:7d', '13:23:e2:c7:34:a4', '9c:0d:ac:a6:ac:b1', '6d:2e:68:de:cb:bb', '3c:91:92:23:50:29', 'ba:95:5b:57:90:5e', 'fe:da:a9:7f:72:47', 'b8:2d:60:bc:9a:41', '6b:01:48:27:37:4c', '8e:26:2d:40:79:6e', '17:9d:15:f1:48:6e', '9f:75:9c:99:c6:00', '93:08:e2:9c:fd:36', 'ef:e3:ab:5f:c7:56', 'cb:63:72:8c:1e:3b', '6d:bb:ca:91:23:b0', 'f4:24:b9:16:bd:17', 'd4:92:e2:fd:af:a8', 'f3:39:94:32:fa:56', '49:81:f1:b6:a1:35', '58:dd:3b:dc:fe:c8', 'f0:6e:13:73:9c:bd', '82:d3:ae:1f:a4:39', 'a5:76:1d:72:10:f9', '20:66:97:90:98:cb', 'bd:b2:9b:d7:ca:de', 'd7:5c:19:66:39:c3', '45:f2:f9:4a:35:58', '0f:e2:74:21:0e:c1', '47:45:33:7f:24:d7', '59:13:63:a8:01:31', 'f4:f3:84:03:e9:6b', '95:ad:41:67:a7:00', '99:7e:53:8f:0c:29', '60:ca:3e:88:c7:68', '4d:f8:d5:75:81:39', 'f2:8a:ce:85:08:00', 'd7:30:19:99:37:10', '9c:8a:87:e9:73:ad', '7c:36:a3:24:72:0f', '6c:e0:52:1d:5a:ae', 'a0:6f:58:98:8e:d3', '98:4a:aa:ea:be:bd', '06:a3:dc:b8:aa:b2'], 'triggered_reasons': ['same_ssid_multiple_bssid'], 'observations': {'80:03:73:5f:5c:3b': {'first_seen': 1778945790.108435, 'last_seen': 1778945790.109348, 'seen_count': 2, 'channels': [], 'avg_rssi': None}, 'cc:fb:a8:5f:58:12': {'first_seen': 1778945790.412428, 'last_seen': 1778945790.413364, 'seen_count': 2, 'channels': [], 'avg_rssi': None}, '05:7f:db:7a:a5:74': {'first_seen': 1778945790.723375, 'last_seen': 1778945790.724263, 'seen_count': 2, 'channels': [], 'avg_rssi': None}, '59:59:94:e0:08:9f': {'first_seen': 1778945791.028156, 'last_seen': 1778945791.029151, 'seen_count': 2, 'channels': [], 'avg_rssi': None}, '01:eb:7e:d2:e0:a6': {'first_seen': 1778945791.341196, 'last_seen': 1778945791.342163, 'seen_count': 2, 'channels': [], 'avg_rssi': None}, 'df:f8:47:67:54:78': {'first_seen': 1778945791.648752, 'last_seen': 1778945791.649692, 'seen_count': 2, 'channels': [], 'avg_rssi': None}, 'b5:42:83:a9:03:1b': {'first_seen': 1778945791.95504, 'last_seen': 1778945791.955939, 'seen_count': 2, 'channels': [], 'avg_rssi': None}, 'e3:3e:d4:6d:bb:e8': {'first_seen': 1778945792.264886, 'last_seen': 1778945792.265829, 'seen_count': 2, 'channels': [], 'avg_rssi': None}, '69:31:8d:87:4f:99': {'first_seen': 1778945792.580131, 'last_seen': 1778945792.581224, 'seen_count': 2, 'channels': [], 'avg_rssi': None}, 'aa:2f:98:bf:05:7d': {'first_seen': 1778945792.890809, 'last_seen': 1778945792.892007, 'seen_count': 2, 'channels': [], 'avg_rssi': None}, '8d:34:ae:40:2d:be': {'first_seen': 1778945793.207367, 'last_seen': 1778945793.208512, 'seen_count': 2, 'channels': [], 'avg_rssi': None}, 'b9:3b:42:4a:f0:10': {'first_seen': 1778945793.527677, 'last_seen': 1778945793.528644, 'seen_count': 2, 'channels': [], 'avg_rssi': None}, '56:6e:ba:67:b7:c2': {'first_seen': 1778945793.835932, 'last_seen': 1778945793.83717, 'seen_count': 2, 'channels': [], 'avg_rssi': None}, '98:61:48:bf:51:01': {'first_seen': 1778945794.154664, 'last_seen': 1778945794.155801, 'seen_count': 2, 'channels': [], 'avg_rssi': None}, 'cf:c5:0b:6f:1b:26': {'first_seen': 1778945794.464029, 'last_seen': 1778945794.465074, 'seen_count': 2, 'channels': [], 'avg_rssi': None}, '2e:05:19:a9:f0:2e': {'first_seen': 1778945794.773567, 'last_seen': 1778945794.774457, 'seen_count': 2, 'channels': [], 'avg_rssi': None}, '53:37:20:b0:46:4f': {'first_seen': 1778945795.092901, 'last_seen': 1778945795.093727, 'seen_count': 2, 'channels': [], 'avg_rssi': None}, 'a6:d6:6d:c1:23:29': {'first_seen': 1778945795.406668, 'last_seen': 1778945795.407638, 'seen_count': 2, 'channels': [], 'avg_rssi': None}, '2b:f5:53:5d:59:74': {'first_seen': 1778945795.724627, 'last_seen': 1778945795.725512, 'seen_count': 2, 'channels': [], 'avg_rssi': None}, '3b:ce:f2:40:01:d5': {'first_seen': 1778945796.038713, 'last_seen': 1778945796.039899, 'seen_count': 2, 'channels': [], 'avg_rssi': None}, '3c:15:29:3d:8e:11': {'first_seen': 1778945796.349209, 'last_seen': 1778945796.350418, 'seen_count': 2, 'channels': [], 'avg_rssi': None}, '8a:69:36:85:a3:00': {'first_seen': 1778945796.656989, 'last_seen': 1778945796.658181, 'seen_count': 2, 'channels': [], 'avg_rssi': None}, '69:82:7a:49:8f:67': {'first_seen': 1778945796.969483, 'last_seen': 1778945796.970575, 'seen_count': 2, 'channels': [], 'avg_rssi': None}, '30:dd:c8:e9:6c:46': {'first_seen': 1778945797.285296, 'last_seen': 1778945797.286349, 'seen_count': 2, 'channels': [], 'avg_rssi': None}, '47:b1:7d:da:b7:9d': {'first_seen': 1778945797.598922, 'last_seen': 1778945797.599867, 'seen_count': 2, 'channels': [], 'avg_rssi': None}, '30:8a:2f:06:07:b4': {'first_seen': 1778945797.908828, 'last_seen': 1778945797.909873, 'seen_count': 2, 'channels': [], 'avg_rssi': None}, '09:ac:10:c3:f5:b4': {'first_seen': 1778945798.22059, 'last_seen': 1778945798.221514, 'seen_count': 2, 'channels': [], 'avg_rssi': None}, '16:e5:b8:a9:cc:fc': {'first_seen': 1778945798.528648, 'last_seen': 1778945798.529533, 'seen_count': 2, 'channels': [], 'avg_rssi': None}, 'aa:49:df:25:df:8a': {'first_seen': 1778945798.843458, 'last_seen': 1778945798.844295, 'seen_count': 2, 'channels': [], 'avg_rssi': None}, 'c9:be:ce:5f:37:1e': {'first_seen': 1778945799.154127, 'last_seen': 1778945799.155685, 'seen_count': 2, 'channels': [], 'avg_rssi': None}, '89:53:06:bf:41:c2': {'first_seen': 1778945799.466848, 'last_seen': 1778945799.467953, 'seen_count': 2, 'channels': [], 'avg_rssi': None}, 'ba:69:3c:70:13:5e': {'first_seen': 1778945799.771116, 'last_seen': 1778945799.773495, 'seen_count': 2, 'channels': [], 'avg_rssi': None}, '3d:72:b6:44:3f:e7': {'first_seen': 1778945800.080782, 'last_seen': 1778945800.081985, 'seen_count': 2, 'channels': [], 'avg_rssi': None}, '19:79:59:46:c4:53': {'first_seen': 1778945800.386006, 'last_seen': 1778945800.386878, 'seen_count': 2, 'channels': [], 'avg_rssi': None}, 'c7:80:5d:0e:6d:0a': {'first_seen': 1778945800.707715, 'last_seen': 1778945800.708641, 'seen_count': 2, 'channels': [], 'avg_rssi': None}, '9a:72:25:1d:4a:33': {'first_seen': 1778945801.020549, 'last_seen': 1778945801.02166, 'seen_count': 2, 'channels': [], 'avg_rssi': None}, 'f4:3b:c1:78:b8:e2': {'first_seen': 1778945801.331188, 'last_seen': 1778945801.332175, 'seen_count': 2, 'channels': [], 'avg_rssi': None}, 'd6:e0:e8:1d:03:d7': {'first_seen': 1778945801.638696, 'last_seen': 1778945801.63956, 'seen_count': 2, 'channels': [], 'avg_rssi': None}, '7b:2b:29:f6:bd:fb': {'first_seen': 1778945801.946938, 'last_seen': 1778945801.948082, 'seen_count': 2, 'channels': [], 'avg_rssi': None}, '4f:ff:98:3a:a6:94': {'first_seen': 1778945802.256791, 'last_seen': 1778945802.257597, 'seen_count': 2, 'channels': [], 'avg_rssi': None}, '83:60:87:7b:fd:57': {'first_seen': 1778945802.565097, 'last_seen': 1778945802.565993, 'seen_count': 2, 'channels': [], 'avg_rssi': None}, '2c:d7:44:3d:c6:35': {'first_seen': 1778945802.881285, 'last_seen': 1778945802.882255, 'seen_count': 2, 'channels': [], 'avg_rssi': None}, 'c5:c4:93:18:f8:98': {'first_seen': 1778945803.20009, 'last_seen': 1778945803.201271, 'seen_count': 2, 'channels': [], 'avg_rssi': None}, '2a:3b:86:66:a1:76': {'first_seen': 1778945803.515416, 'last_seen': 1778945803.516289, 'seen_count': 2, 'channels': [], 'avg_rssi': None}, 'a7:80:1b:da:3c:f6': {'first_seen': 1778945803.824465, 'last_seen': 1778945803.825679, 'seen_count': 2, 'channels': [], 'avg_rssi': None}, 'f0:cb:15:89:c2:5d': {'first_seen': 1778945804.143372, 'last_seen': 1778945804.144329, 'seen_count': 2, 'channels': [], 'avg_rssi': None}, '9c:5d:48:a2:a3:00': {'first_seen': 1778945804.459501, 'last_seen': 1778945804.460337, 'seen_count': 2, 'channels': [], 'avg_rssi': None}, '0c:3a:75:b4:0b:13': {'first_seen': 1778945804.779398, 'last_seen': 1778945804.780363, 'seen_count': 2, 'channels': [], 'avg_rssi': None}, '51:68:a7:c1:13:31': {'first_seen': 1778945805.091865, 'last_seen': 1778945805.09287, 'seen_count': 2, 'channels': [], 'avg_rssi': None}, '43:68:91:6a:d8:bc': {'first_seen': 1778945805.402297, 'last_seen': 1778945805.403388, 'seen_count': 2, 'channels': [], 'avg_rssi': None}, '4a:22:8a:b6:4e:8b': {'first_seen': 1778945805.720819, 'last_seen': 1778945805.722028, 'seen_count': 2, 'channels': [], 'avg_rssi': None}, 'c0:c1:fb:cd:97:1e': {'first_seen': 1778945806.031137, 'last_seen': 1778945806.032173, 'seen_count': 2, 'channels': [], 'avg_rssi': None}, '5f:c0:86:66:5e:4c': {'first_seen': 1778945806.337855, 'last_seen': 1778945806.339059, 'seen_count': 2, 'channels': [], 'avg_rssi': None}, '99:06:b9:1a:71:6b': {'first_seen': 1778945806.65232, 'last_seen': 1778945806.653327, 'seen_count': 2, 'channels': [], 'avg_rssi': None}, '3b:69:c4:2b:98:1e': {'first_seen': 1778945806.970377, 'last_seen': 1778945806.97385, 'seen_count': 2, 'channels': [], 'avg_rssi': None}, '81:b7:e6:f7:29:7d': {'first_seen': 1778945807.289405, 'last_seen': 1778945807.290485, 'seen_count': 2, 'channels': [], 'avg_rssi': None}, '13:23:e2:c7:34:a4': {'first_seen': 1778945807.600929, 'last_seen': 1778945807.601883, 'seen_count': 2, 'channels': [], 'avg_rssi': None}, '9c:0d:ac:a6:ac:b1': {'first_seen': 1778945807.915807, 'last_seen': 1778945807.916768, 'seen_count': 2, 'channels': [], 'avg_rssi': None}, '6d:2e:68:de:cb:bb': {'first_seen': 1778945808.229155, 'last_seen': 1778945808.230288, 'seen_count': 2, 'channels': [], 'avg_rssi': None}, '3c:91:92:23:50:29': {'first_seen': 1778945808.541067, 'last_seen': 1778945808.541923, 'seen_count': 2, 'channels': [], 'avg_rssi': None}, 'ba:95:5b:57:90:5e': {'first_seen': 1778945808.851311, 'last_seen': 1778945808.852437, 'seen_count': 2, 'channels': [], 'avg_rssi': None}, 'fe:da:a9:7f:72:47': {'first_seen': 1778945809.162108, 'last_seen': 1778945809.16333, 'seen_count': 2, 'channels': [], 'avg_rssi': None}, 'b8:2d:60:bc:9a:41': {'first_seen': 1778945809.47253, 'last_seen': 1778945809.473474, 'seen_count': 2, 'channels': [], 'avg_rssi': None}, '6b:01:48:27:37:4c': {'first_seen': 1778945809.782845, 'last_seen': 1778945809.782845, 'seen_count': 1, 'channels': [], 'avg_rssi': None}, '8e:26:2d:40:79:6e': {'first_seen': 1778945810.097254, 'last_seen': 1778945810.097254, 'seen_count': 1, 'channels': [], 'avg_rssi': None}, '17:9d:15:f1:48:6e': {'first_seen': 1778945810.400003, 'last_seen': 1778945810.401018, 'seen_count': 2, 'channels': [], 'avg_rssi': None}, '9f:75:9c:99:c6:00': {'first_seen': 1778945810.712264, 'last_seen': 1778945810.71341, 'seen_count': 2, 'channels': [], 'avg_rssi': None}, '93:08:e2:9c:fd:36': {'first_seen': 1778945811.022875, 'last_seen': 1778945811.024572, 'seen_count': 2, 'channels': [], 'avg_rssi': None}, 'ef:e3:ab:5f:c7:56': {'first_seen': 1778945811.331566, 'last_seen': 1778945811.331566, 'seen_count': 1, 'channels': [], 'avg_rssi': None}, 'cb:63:72:8c:1e:3b': {'first_seen': 1778945811.641673, 'last_seen': 1778945811.642709, 'seen_count': 2, 'channels': [], 'avg_rssi': None}, '6d:bb:ca:91:23:b0': {'first_seen': 1778945811.954888, 'last_seen': 1778945811.956235, 'seen_count': 2, 'channels': [], 'avg_rssi': None}, 'f4:24:b9:16:bd:17': {'first_seen': 1778945812.265625, 'last_seen': 1778945812.266742, 'seen_count': 2, 'channels': [], 'avg_rssi': None}, 'd4:92:e2:fd:af:a8': {'first_seen': 1778945812.57717, 'last_seen': 1778945812.578019, 'seen_count': 2, 'channels': [], 'avg_rssi': None}, 'f3:39:94:32:fa:56': {'first_seen': 1778945812.886851, 'last_seen': 1778945812.886851, 'seen_count': 1, 'channels': [], 'avg_rssi': None}, '49:81:f1:b6:a1:35': {'first_seen': 1778945813.195274, 'last_seen': 1778945813.196416, 'seen_count': 2, 'channels': [], 'avg_rssi': None}, '58:dd:3b:dc:fe:c8': {'first_seen': 1778945813.504262, 'last_seen': 1778945813.505181, 'seen_count': 2, 'channels': [], 'avg_rssi': None}, 'f0:6e:13:73:9c:bd': {'first_seen': 1778945813.813552, 'last_seen': 1778945813.814951, 'seen_count': 2, 'channels': [], 'avg_rssi': None}, '82:d3:ae:1f:a4:39': {'first_seen': 1778945814.121535, 'last_seen': 1778945814.127218, 'seen_count': 2, 'channels': [], 'avg_rssi': None}, 'a5:76:1d:72:10:f9': {'first_seen': 1778945814.432513, 'last_seen': 1778945814.434226, 'seen_count': 2, 'channels': [], 'avg_rssi': None}, '20:66:97:90:98:cb': {'first_seen': 1778945814.740779, 'last_seen': 1778945814.743119, 'seen_count': 2, 'channels': [], 'avg_rssi': None}, 'bd:b2:9b:d7:ca:de': {'first_seen': 1778945815.053385, 'last_seen': 1778945815.055636, 'seen_count': 2, 'channels': [], 'avg_rssi': None}, 'd7:5c:19:66:39:c3': {'first_seen': 1778945815.357156, 'last_seen': 1778945815.358279, 'seen_count': 2, 'channels': [], 'avg_rssi': None}, '45:f2:f9:4a:35:58': {'first_seen': 1778945815.669105, 'last_seen': 1778945815.670291, 'seen_count': 2, 'channels': [], 'avg_rssi': None}, '0f:e2:74:21:0e:c1': {'first_seen': 1778945815.976773, 'last_seen': 1778945815.977933, 'seen_count': 2, 'channels': [], 'avg_rssi': None}, '47:45:33:7f:24:d7': {'first_seen': 1778945816.288833, 'last_seen': 1778945816.289949, 'seen_count': 2, 'channels': [], 'avg_rssi': None}, '59:13:63:a8:01:31': {'first_seen': 1778945816.595351, 'last_seen': 1778945816.596339, 'seen_count': 2, 'channels': [], 'avg_rssi': None}, 'f4:f3:84:03:e9:6b': {'first_seen': 1778945816.903864, 'last_seen': 1778945816.904983, 'seen_count': 2, 'channels': [], 'avg_rssi': None}, '95:ad:41:67:a7:00': {'first_seen': 1778945817.209682, 'last_seen': 1778945817.210747, 'seen_count': 2, 'channels': [], 'avg_rssi': None}, '99:7e:53:8f:0c:29': {'first_seen': 1778945817.518116, 'last_seen': 1778945817.519014, 'seen_count': 2, 'channels': [], 'avg_rssi': None}, '60:ca:3e:88:c7:68': {'first_seen': 1778945817.830908, 'last_seen': 1778945817.831795, 'seen_count': 2, 'channels': [], 'avg_rssi': None}, '4d:f8:d5:75:81:39': {'first_seen': 1778945818.139764, 'last_seen': 1778945818.141047, 'seen_count': 2, 'channels': [], 'avg_rssi': None}, 'f2:8a:ce:85:08:00': {'first_seen': 1778945818.454829, 'last_seen': 1778945818.455945, 'seen_count': 2, 'channels': [], 'avg_rssi': None}, 'd7:30:19:99:37:10': {'first_seen': 1778945818.765369, 'last_seen': 1778945818.766204, 'seen_count': 2, 'channels': [], 'avg_rssi': None}, '9c:8a:87:e9:73:ad': {'first_seen': 1778945819.073879, 'last_seen': 1778945819.074719, 'seen_count': 2, 'channels': [], 'avg_rssi': None}, '7c:36:a3:24:72:0f': {'first_seen': 1778945819.394487, 'last_seen': 1778945819.395611, 'seen_count': 2, 'channels': [], 'avg_rssi': None}, '6c:e0:52:1d:5a:ae': {'first_seen': 1778945819.712377, 'last_seen': 1778945819.713504, 'seen_count': 2, 'channels': [], 'avg_rssi': None}, 'a0:6f:58:98:8e:d3': {'first_seen': 1778945820.026678, 'last_seen': 1778945820.027524, 'seen_count': 2, 'channels': [], 'avg_rssi': None}, '98:4a:aa:ea:be:bd': {'first_seen': 1778945820.341987, 'last_seen': 1778945820.34292, 'seen_count': 2, 'channels': [], 'avg_rssi': None}, '06:a3:dc:b8:aa:b2': {'first_seen': 1778945820.65151, 'last_seen': 1778945820.65151, 'seen_count': 1, 'channels': [], 'avg_rssi': None}}}
!!!!!!!!!!!!!!!!!!!!!!!!!!!!!!!!!!!!!!!!!!!!!!!!!!!!!!!!!!!!!!!!!!!!!!!!!!!!!!!!


!!!!!!!!!!!!!!!!!!!!!!!!!!!!!!!!!!!!!!!!!!!!!!!!!!!!!!!!!!!!!!!!!!!!!!!!!!!!!!!!
[ALERT] ALERT-000082 | POTENTIAL_EVIL_TWIN
severity: LOW
time: 2026-05-16T15:37:00.661599
message: Wykryto potencjalny Evil Twin / Rogue AP dla SSID 'TestNet_009'. Zaobserwowano 99 różnych BSSID oraz podejrzane różnice parametrów sieci.
evidence: {'ssid': 'TestNet_009', 'bssid_count': 99, 'bssids': ['7b:17:3a:6a:cb:32', '08:02:13:8f:44:68', '47:74:58:e7:60:d3', '3b:17:79:36:bc:34', 'e3:d5:b9:09:d3:0d', '73:3e:ce:e3:e1:d9', '8e:df:08:8f:42:3c', 'b7:56:69:44:ef:96', '92:8c:f5:5b:e6:46', 'fe:fb:5f:c6:b0:ad', 'df:8f:6f:51:7e:b3', '39:01:09:b5:d6:85', 'b6:54:21:68:0e:97', '9c:2e:80:d0:90:35', '1f:72:79:dd:27:c2', 'ff:0a:e6:d8:54:c9', '01:81:87:d4:3c:71', 'b9:89:cc:51:cb:96', '74:79:ad:d4:0f:af', '28:70:8f:40:9f:b3', '7d:de:82:94:b1:d1', '9f:3e:6a:fb:e4:87', '60:f9:51:4a:2e:ab', '22:c6:47:b5:ee:f6', '29:6d:22:63:9f:e5', '92:3c:48:92:ce:5d', 'e2:40:72:94:75:9a', '44:99:71:a2:1b:af', '34:c3:02:5b:a7:e6', 'f0:56:94:b2:49:07', '12:87:f3:97:6d:ff', '56:b0:93:88:2a:f4', 'df:d2:eb:ab:8e:0f', '42:7e:00:54:0d:5b', '78:ae:fe:ab:fd:b5', 'ac:40:95:04:aa:5c', '68:f7:ee:90:94:47', '8a:8c:85:6c:43:ba', 'b4:92:6c:20:e4:ff', '91:c4:cb:ea:58:96', 'b7:9d:61:58:e6:2f', 'e5:82:8c:d3:32:55', 'ab:39:16:fc:76:c8', '50:26:a8:27:e4:2d', '95:a3:ac:a8:50:c9', 'd8:d1:4d:d1:01:08', '84:34:3a:ec:ab:3f', 'a2:a0:98:7d:a0:20', 'dd:95:1e:f1:0f:06', 'ee:c8:93:c4:c0:79', '03:b3:5a:75:3d:89', '61:8f:56:eb:3c:e2', '49:e5:16:3a:34:b3', 'd6:8a:cc:21:94:d1', '8a:5d:38:ca:46:a7', '87:47:ed:fe:0d:3e', '11:1e:87:27:2b:85', '6d:ae:f9:55:34:f8', '49:fa:55:23:3c:48', '19:d2:39:c5:5f:94', '08:5d:f5:54:22:21', 'e0:6d:22:76:9a:7e', 'e4:5f:48:57:15:fe', '81:b7:bd:4f:72:14', '2f:9f:7c:9d:ff:ca', '01:d7:c6:86:11:45', '8f:f1:6a:fd:23:eb', 'd2:df:90:4a:41:a9', 'd4:53:c7:be:35:fa', '33:fe:18:93:71:f3', '99:e4:19:47:86:aa', '72:77:b4:cd:89:db', '70:f1:70:15:63:66', '2f:eb:50:3e:70:cc', '8a:bf:5e:8a:c1:d6', 'ba:94:24:98:f4:28', '6f:74:80:b5:00:23', '89:61:5e:98:1a:be', '26:b9:03:64:27:78', 'ca:59:00:29:9e:96', 'a9:12:a9:e4:92:37', '8e:99:51:6d:aa:16', '5a:7b:be:41:ed:91', 'd0:35:b3:1e:a3:2d', '3b:df:c5:84:f0:65', 'd8:ae:99:f9:31:ca', 'fd:5f:ab:89:6f:88', '07:5a:f0:df:2f:05', '45:0f:36:3e:23:7a', '98:85:20:db:1f:d7', '11:56:4e:d9:8d:5f', '6f:09:3e:70:76:16', '5d:39:1d:06:33:ce', '49:6b:01:10:cf:15', '05:f2:bd:06:dc:34', '73:12:a5:f3:2f:23', 'f0:54:8d:92:fd:a4', 'e7:80:e8:ee:c1:15', '34:80:3a:33:c5:2c'], 'triggered_reasons': ['same_ssid_multiple_bssid'], 'observations': {'7b:17:3a:6a:cb:32': {'first_seen': 1778945790.118561, 'last_seen': 1778945790.11973, 'seen_count': 2, 'channels': [], 'avg_rssi': None}, '08:02:13:8f:44:68': {'first_seen': 1778945790.422549, 'last_seen': 1778945790.42349, 'seen_count': 2, 'channels': [], 'avg_rssi': None}, '47:74:58:e7:60:d3': {'first_seen': 1778945790.733502, 'last_seen': 1778945790.73438, 'seen_count': 2, 'channels': [], 'avg_rssi': None}, '3b:17:79:36:bc:34': {'first_seen': 1778945791.038271, 'last_seen': 1778945791.039391, 'seen_count': 2, 'channels': [], 'avg_rssi': None}, 'e3:d5:b9:09:d3:0d': {'first_seen': 1778945791.351313, 'last_seen': 1778945791.352163, 'seen_count': 2, 'channels': [], 'avg_rssi': None}, '73:3e:ce:e3:e1:d9': {'first_seen': 1778945791.658859, 'last_seen': 1778945791.660057, 'seen_count': 2, 'channels': [], 'avg_rssi': None}, '8e:df:08:8f:42:3c': {'first_seen': 1778945791.965156, 'last_seen': 1778945791.966064, 'seen_count': 2, 'channels': [], 'avg_rssi': None}, 'b7:56:69:44:ef:96': {'first_seen': 1778945792.274983, 'last_seen': 1778945792.27583, 'seen_count': 2, 'channels': [], 'avg_rssi': None}, '92:8c:f5:5b:e6:46': {'first_seen': 1778945792.59027, 'last_seen': 1778945792.591354, 'seen_count': 2, 'channels': [], 'avg_rssi': None}, 'fe:fb:5f:c6:b0:ad': {'first_seen': 1778945792.900912, 'last_seen': 1778945792.901989, 'seen_count': 2, 'channels': [], 'avg_rssi': None}, 'df:8f:6f:51:7e:b3': {'first_seen': 1778945793.217484, 'last_seen': 1778945793.218674, 'seen_count': 2, 'channels': [], 'avg_rssi': None}, '39:01:09:b5:d6:85': {'first_seen': 1778945793.5378, 'last_seen': 1778945793.539031, 'seen_count': 2, 'channels': [], 'avg_rssi': None}, 'b6:54:21:68:0e:97': {'first_seen': 1778945793.84605, 'last_seen': 1778945793.847169, 'seen_count': 2, 'channels': [], 'avg_rssi': None}, '9c:2e:80:d0:90:35': {'first_seen': 1778945794.16476, 'last_seen': 1778945794.16568, 'seen_count': 2, 'channels': [], 'avg_rssi': None}, '1f:72:79:dd:27:c2': {'first_seen': 1778945794.474724, 'last_seen': 1778945794.475583, 'seen_count': 2, 'channels': [], 'avg_rssi': None}, 'ff:0a:e6:d8:54:c9': {'first_seen': 1778945794.783669, 'last_seen': 1778945794.784961, 'seen_count': 2, 'channels': [], 'avg_rssi': None}, '01:81:87:d4:3c:71': {'first_seen': 1778945795.103012, 'last_seen': 1778945795.104112, 'seen_count': 2, 'channels': [], 'avg_rssi': None}, 'b9:89:cc:51:cb:96': {'first_seen': 1778945795.416762, 'last_seen': 1778945795.417869, 'seen_count': 2, 'channels': [], 'avg_rssi': None}, '74:79:ad:d4:0f:af': {'first_seen': 1778945795.734702, 'last_seen': 1778945795.735774, 'seen_count': 2, 'channels': [], 'avg_rssi': None}, '28:70:8f:40:9f:b3': {'first_seen': 1778945796.048813, 'last_seen': 1778945796.049901, 'seen_count': 2, 'channels': [], 'avg_rssi': None}, '7d:de:82:94:b1:d1': {'first_seen': 1778945796.359334, 'last_seen': 1778945796.360548, 'seen_count': 2, 'channels': [], 'avg_rssi': None}, '9f:3e:6a:fb:e4:87': {'first_seen': 1778945796.667759, 'last_seen': 1778945796.669183, 'seen_count': 2, 'channels': [], 'avg_rssi': None}, '60:f9:51:4a:2e:ab': {'first_seen': 1778945796.979575, 'last_seen': 1778945796.980574, 'seen_count': 2, 'channels': [], 'avg_rssi': None}, '22:c6:47:b5:ee:f6': {'first_seen': 1778945797.297986, 'last_seen': 1778945797.299104, 'seen_count': 2, 'channels': [], 'avg_rssi': None}, '29:6d:22:63:9f:e5': {'first_seen': 1778945797.609022, 'last_seen': 1778945797.612364, 'seen_count': 2, 'channels': [], 'avg_rssi': None}, '92:3c:48:92:ce:5d': {'first_seen': 1778945797.918933, 'last_seen': 1778945797.919873, 'seen_count': 2, 'channels': [], 'avg_rssi': None}, 'e2:40:72:94:75:9a': {'first_seen': 1778945798.230668, 'last_seen': 1778945798.231639, 'seen_count': 2, 'channels': [], 'avg_rssi': None}, '44:99:71:a2:1b:af': {'first_seen': 1778945798.538739, 'last_seen': 1778945798.539904, 'seen_count': 2, 'channels': [], 'avg_rssi': None}, '34:c3:02:5b:a7:e6': {'first_seen': 1778945798.854226, 'last_seen': 1778945798.855921, 'seen_count': 2, 'channels': [], 'avg_rssi': None}, 'f0:56:94:b2:49:07': {'first_seen': 1778945799.164288, 'last_seen': 1778945799.165187, 'seen_count': 2, 'channels': [], 'avg_rssi': None}, '12:87:f3:97:6d:ff': {'first_seen': 1778945799.476941, 'last_seen': 1778945799.477829, 'seen_count': 2, 'channels': [], 'avg_rssi': None}, '56:b0:93:88:2a:f4': {'first_seen': 1778945799.781239, 'last_seen': 1778945799.782723, 'seen_count': 2, 'channels': [], 'avg_rssi': None}, 'df:d2:eb:ab:8e:0f': {'first_seen': 1778945800.090874, 'last_seen': 1778945800.09186, 'seen_count': 2, 'channels': [], 'avg_rssi': None}, '42:7e:00:54:0d:5b': {'first_seen': 1778945800.396101, 'last_seen': 1778945800.39727, 'seen_count': 2, 'channels': [], 'avg_rssi': None}, '78:ae:fe:ab:fd:b5': {'first_seen': 1778945800.718662, 'last_seen': 1778945800.719641, 'seen_count': 2, 'channels': [], 'avg_rssi': None}, 'ac:40:95:04:aa:5c': {'first_seen': 1778945801.030654, 'last_seen': 1778945801.031909, 'seen_count': 2, 'channels': [], 'avg_rssi': None}, '68:f7:ee:90:94:47': {'first_seen': 1778945801.341298, 'last_seen': 1778945801.342309, 'seen_count': 2, 'channels': [], 'avg_rssi': None}, '8a:8c:85:6c:43:ba': {'first_seen': 1778945801.648799, 'last_seen': 1778945801.649957, 'seen_count': 2, 'channels': [], 'avg_rssi': None}, 'b4:92:6c:20:e4:ff': {'first_seen': 1778945801.957041, 'last_seen': 1778945801.958207, 'seen_count': 2, 'channels': [], 'avg_rssi': None}, '91:c4:cb:ea:58:96': {'first_seen': 1778945802.266843, 'last_seen': 1778945802.267973, 'seen_count': 2, 'channels': [], 'avg_rssi': None}, 'b7:9d:61:58:e6:2f': {'first_seen': 1778945802.5752, 'last_seen': 1778945802.576126, 'seen_count': 2, 'channels': [], 'avg_rssi': None}, 'e5:82:8c:d3:32:55': {'first_seen': 1778945802.891406, 'last_seen': 1778945802.892262, 'seen_count': 2, 'channels': [], 'avg_rssi': None}, 'ab:39:16:fc:76:c8': {'first_seen': 1778945803.210185, 'last_seen': 1778945803.211148, 'seen_count': 2, 'channels': [], 'avg_rssi': None}, '50:26:a8:27:e4:2d': {'first_seen': 1778945803.525523, 'last_seen': 1778945803.526424, 'seen_count': 2, 'channels': [], 'avg_rssi': None}, '95:a3:ac:a8:50:c9': {'first_seen': 1778945803.837004, 'last_seen': 1778945803.838075, 'seen_count': 2, 'channels': [], 'avg_rssi': None}, 'd8:d1:4d:d1:01:08': {'first_seen': 1778945804.153486, 'last_seen': 1778945804.154446, 'seen_count': 2, 'channels': [], 'avg_rssi': None}, '84:34:3a:ec:ab:3f': {'first_seen': 1778945804.470203, 'last_seen': 1778945804.471338, 'seen_count': 2, 'channels': [], 'avg_rssi': None}, 'a2:a0:98:7d:a0:20': {'first_seen': 1778945804.789517, 'last_seen': 1778945804.790354, 'seen_count': 2, 'channels': [], 'avg_rssi': None}, 'dd:95:1e:f1:0f:06': {'first_seen': 1778945805.101988, 'last_seen': 1778945805.102995, 'seen_count': 2, 'channels': [], 'avg_rssi': None}, 'ee:c8:93:c4:c0:79': {'first_seen': 1778945805.412662, 'last_seen': 1778945805.413529, 'seen_count': 2, 'channels': [], 'avg_rssi': None}, '03:b3:5a:75:3d:89': {'first_seen': 1778945805.730915, 'last_seen': 1778945805.733526, 'seen_count': 2, 'channels': [], 'avg_rssi': None}, '61:8f:56:eb:3c:e2': {'first_seen': 1778945806.04124, 'last_seen': 1778945806.042178, 'seen_count': 2, 'channels': [], 'avg_rssi': None}, '49:e5:16:3a:34:b3': {'first_seen': 1778945806.350713, 'last_seen': 1778945806.352312, 'seen_count': 2, 'channels': [], 'avg_rssi': None}, 'd6:8a:cc:21:94:d1': {'first_seen': 1778945806.662421, 'last_seen': 1778945806.663451, 'seen_count': 2, 'channels': [], 'avg_rssi': None}, '8a:5d:38:ca:46:a7': {'first_seen': 1778945806.982658, 'last_seen': 1778945806.983842, 'seen_count': 2, 'channels': [], 'avg_rssi': None}, '87:47:ed:fe:0d:3e': {'first_seen': 1778945807.299502, 'last_seen': 1778945807.300359, 'seen_count': 2, 'channels': [], 'avg_rssi': None}, '11:1e:87:27:2b:85': {'first_seen': 1778945807.611043, 'last_seen': 1778945807.612133, 'seen_count': 2, 'channels': [], 'avg_rssi': None}, '6d:ae:f9:55:34:f8': {'first_seen': 1778945807.925923, 'last_seen': 1778945807.926766, 'seen_count': 2, 'channels': [], 'avg_rssi': None}, '49:fa:55:23:3c:48': {'first_seen': 1778945808.239254, 'last_seen': 1778945808.240156, 'seen_count': 2, 'channels': [], 'avg_rssi': None}, '19:d2:39:c5:5f:94': {'first_seen': 1778945808.551167, 'last_seen': 1778945808.552049, 'seen_count': 2, 'channels': [], 'avg_rssi': None}, '08:5d:f5:54:22:21': {'first_seen': 1778945808.86146, 'last_seen': 1778945808.862697, 'seen_count': 2, 'channels': [], 'avg_rssi': None}, 'e0:6d:22:76:9a:7e': {'first_seen': 1778945809.172211, 'last_seen': 1778945809.173333, 'seen_count': 2, 'channels': [], 'avg_rssi': None}, 'e4:5f:48:57:15:fe': {'first_seen': 1778945809.482706, 'last_seen': 1778945809.483615, 'seen_count': 2, 'channels': [], 'avg_rssi': None}, '81:b7:bd:4f:72:14': {'first_seen': 1778945809.792942, 'last_seen': 1778945809.794111, 'seen_count': 2, 'channels': [], 'avg_rssi': None}, '2f:9f:7c:9d:ff:ca': {'first_seen': 1778945810.106503, 'last_seen': 1778945810.106503, 'seen_count': 1, 'channels': [], 'avg_rssi': None}, '01:d7:c6:86:11:45': {'first_seen': 1778945810.410104, 'last_seen': 1778945810.42052, 'seen_count': 2, 'channels': [], 'avg_rssi': None}, '8f:f1:6a:fd:23:eb': {'first_seen': 1778945810.722363, 'last_seen': 1778945810.72341, 'seen_count': 2, 'channels': [], 'avg_rssi': None}, 'd2:df:90:4a:41:a9': {'first_seen': 1778945811.032996, 'last_seen': 1778945811.034182, 'seen_count': 2, 'channels': [], 'avg_rssi': None}, 'd4:53:c7:be:35:fa': {'first_seen': 1778945811.340723, 'last_seen': 1778945811.340723, 'seen_count': 1, 'channels': [], 'avg_rssi': None}, '33:fe:18:93:71:f3': {'first_seen': 1778945811.651767, 'last_seen': 1778945811.652835, 'seen_count': 2, 'channels': [], 'avg_rssi': None}, '99:e4:19:47:86:aa': {'first_seen': 1778945811.964993, 'last_seen': 1778945811.966102, 'seen_count': 2, 'channels': [], 'avg_rssi': None}, '72:77:b4:cd:89:db': {'first_seen': 1778945812.275729, 'last_seen': 1778945812.276742, 'seen_count': 2, 'channels': [], 'avg_rssi': None}, '70:f1:70:15:63:66': {'first_seen': 1778945812.587268, 'last_seen': 1778945812.590505, 'seen_count': 2, 'channels': [], 'avg_rssi': None}, '2f:eb:50:3e:70:cc': {'first_seen': 1778945812.89695, 'last_seen': 1778945812.897899, 'seen_count': 2, 'channels': [], 'avg_rssi': None}, '8a:bf:5e:8a:c1:d6': {'first_seen': 1778945813.205365, 'last_seen': 1778945813.206414, 'seen_count': 2, 'channels': [], 'avg_rssi': None}, 'ba:94:24:98:f4:28': {'first_seen': 1778945813.514371, 'last_seen': 1778945813.515308, 'seen_count': 2, 'channels': [], 'avg_rssi': None}, '6f:74:80:b5:00:23': {'first_seen': 1778945813.823647, 'last_seen': 1778945813.824822, 'seen_count': 2, 'channels': [], 'avg_rssi': None}, '89:61:5e:98:1a:be': {'first_seen': 1778945814.131598, 'last_seen': 1778945814.132712, 'seen_count': 2, 'channels': [], 'avg_rssi': None}, '26:b9:03:64:27:78': {'first_seen': 1778945814.446678, 'last_seen': 1778945814.447854, 'seen_count': 2, 'channels': [], 'avg_rssi': None}, 'ca:59:00:29:9e:96': {'first_seen': 1778945814.750869, 'last_seen': 1778945814.751998, 'seen_count': 2, 'channels': [], 'avg_rssi': None}, 'a9:12:a9:e4:92:37': {'first_seen': 1778945815.06348, 'last_seen': 1778945815.064636, 'seen_count': 2, 'channels': [], 'avg_rssi': None}, '8e:99:51:6d:aa:16': {'first_seen': 1778945815.370677, 'last_seen': 1778945815.371527, 'seen_count': 2, 'channels': [], 'avg_rssi': None}, '5a:7b:be:41:ed:91': {'first_seen': 1778945815.679224, 'last_seen': 1778945815.680042, 'seen_count': 2, 'channels': [], 'avg_rssi': None}, 'd0:35:b3:1e:a3:2d': {'first_seen': 1778945815.986983, 'last_seen': 1778945815.988947, 'seen_count': 2, 'channels': [], 'avg_rssi': None}, '3b:df:c5:84:f0:65': {'first_seen': 1778945816.298964, 'last_seen': 1778945816.300076, 'seen_count': 2, 'channels': [], 'avg_rssi': None}, 'd8:ae:99:f9:31:ca': {'first_seen': 1778945816.605453, 'last_seen': 1778945816.606466, 'seen_count': 2, 'channels': [], 'avg_rssi': None}, 'fd:5f:ab:89:6f:88': {'first_seen': 1778945816.913956, 'last_seen': 1778945816.914858, 'seen_count': 2, 'channels': [], 'avg_rssi': None}, '07:5a:f0:df:2f:05': {'first_seen': 1778945817.219948, 'last_seen': 1778945817.220997, 'seen_count': 2, 'channels': [], 'avg_rssi': None}, '45:0f:36:3e:23:7a': {'first_seen': 1778945817.528212, 'last_seen': 1778945817.529137, 'seen_count': 2, 'channels': [], 'avg_rssi': None}, '98:85:20:db:1f:d7': {'first_seen': 1778945817.841011, 'last_seen': 1778945817.842047, 'seen_count': 2, 'channels': [], 'avg_rssi': None}, '11:56:4e:d9:8d:5f': {'first_seen': 1778945818.149876, 'last_seen': 1778945818.150796, 'seen_count': 2, 'channels': [], 'avg_rssi': None}, '6f:09:3e:70:76:16': {'first_seen': 1778945818.464921, 'last_seen': 1778945818.466063, 'seen_count': 2, 'channels': [], 'avg_rssi': None}, '5d:39:1d:06:33:ce': {'first_seen': 1778945818.775755, 'last_seen': 1778945818.776587, 'seen_count': 2, 'channels': [], 'avg_rssi': None}, '49:6b:01:10:cf:15': {'first_seen': 1778945819.083969, 'last_seen': 1778945819.084971, 'seen_count': 2, 'channels': [], 'avg_rssi': None}, '05:f2:bd:06:dc:34': {'first_seen': 1778945819.404592, 'last_seen': 1778945819.405485, 'seen_count': 2, 'channels': [], 'avg_rssi': None}, '73:12:a5:f3:2f:23': {'first_seen': 1778945819.722524, 'last_seen': 1778945819.723761, 'seen_count': 2, 'channels': [], 'avg_rssi': None}, 'f0:54:8d:92:fd:a4': {'first_seen': 1778945820.036816, 'last_seen': 1778945820.037898, 'seen_count': 2, 'channels': [], 'avg_rssi': None}, 'e7:80:e8:ee:c1:15': {'first_seen': 1778945820.352101, 'last_seen': 1778945820.353173, 'seen_count': 2, 'channels': [], 'avg_rssi': None}, '34:80:3a:33:c5:2c': {'first_seen': 1778945820.661599, 'last_seen': 1778945820.661599, 'seen_count': 1, 'channels': [], 'avg_rssi': None}}}
!!!!!!!!!!!!!!!!!!!!!!!!!!!!!!!!!!!!!!!!!!!!!!!!!!!!!!!!!!!!!!!!!!!!!!!!!!!!!!!!


!!!!!!!!!!!!!!!!!!!!!!!!!!!!!!!!!!!!!!!!!!!!!!!!!!!!!!!!!!!!!!!!!!!!!!!!!!!!!!!!
[ALERT] ALERT-000083 | POTENTIAL_EVIL_TWIN
severity: LOW
time: 2026-05-16T15:37:00.671697
message: Wykryto potencjalny Evil Twin / Rogue AP dla SSID 'TestNet_010'. Zaobserwowano 99 różnych BSSID oraz podejrzane różnice parametrów sieci.
evidence: {'ssid': 'TestNet_010', 'bssid_count': 99, 'bssids': ['3a:9e:ed:b7:f2:cb', 'e0:cc:59:91:cb:4c', 'b2:74:48:72:f1:3a', '7f:af:81:fa:34:4a', 'd4:d1:83:87:24:21', 'b1:02:62:d5:f3:29', '5a:44:21:19:fa:64', '8e:f3:ba:6c:30:d5', '52:5b:89:fa:ef:5f', '98:57:7f:48:cb:0d', 'ee:be:04:11:4f:06', 'bd:8a:a8:d7:0f:87', '71:8e:da:be:3e:16', 'ed:80:46:20:a4:d4', '67:4f:61:0d:86:5e', '8b:20:77:e4:fb:9e', '25:ad:21:d9:24:fe', '0b:60:4f:3c:ee:46', '3a:ae:6b:9c:de:dc', '35:b2:7c:57:75:42', 'c0:3b:8e:03:19:d8', '81:5e:4b:b3:62:1b', '4a:95:3b:71:4d:cd', '26:ea:f9:44:08:db', '4a:a1:72:32:4e:d9', 'f4:e2:12:76:5b:18', '9f:70:7d:7a:d6:dd', '01:53:a5:ce:1a:68', '16:53:91:93:16:f7', '0a:cc:d0:70:ee:8a', '5e:50:ab:c5:3b:64', '78:b5:84:05:b1:f0', 'e8:56:fd:6f:3f:01', '65:66:eb:80:de:fe', '8d:ff:0f:c1:bb:3a', '98:cd:8b:8d:74:48', 'a5:6b:71:07:8a:31', 'd4:a9:2e:ca:f1:4e', 'e1:aa:41:2a:44:f1', '3b:2a:55:ba:a8:b9', '6e:c1:8d:70:1a:c9', 'cf:b3:15:22:63:50', 'cb:f7:38:b0:55:f8', '78:7b:11:ae:b0:a5', 'de:6a:4c:6f:83:ac', '15:15:3c:eb:66:de', '76:ec:f6:b3:a0:9e', '14:0f:96:d7:b8:7f', 'b8:ee:22:9b:b1:94', 'ce:54:02:01:82:61', '39:a5:df:2e:ec:d9', 'ba:a7:46:2f:4d:8a', 'ad:83:6a:f1:49:20', '8e:99:1e:97:02:c2', 'fe:8d:b1:5f:0c:bb', '8c:b0:fd:c6:44:05', '89:c0:98:40:25:76', '58:3a:5c:66:c2:03', 'd3:e2:da:8e:0f:4c', '02:a5:27:5f:9b:4e', 'd6:c0:56:de:9e:9b', '73:48:64:e3:0b:eb', '8b:03:68:42:43:7f', 'a9:d1:c6:19:0d:7f', '92:15:67:a9:8e:18', 'fd:41:42:7e:81:a2', '9f:07:54:78:ec:d2', 'f5:35:ea:79:09:d0', '6b:3b:34:49:83:24', '76:e6:88:c6:54:07', 'df:a3:67:2d:ef:aa', '01:81:f4:a5:7b:53', '92:a3:a7:5c:b2:8e', 'c6:1d:d3:cf:03:b5', '7f:d8:f9:09:85:51', 'b9:2f:e4:9c:1b:01', '8f:ba:a2:cc:9e:4a', '03:c0:f0:ad:53:37', 'f0:be:fd:18:7d:fe', 'd5:d7:a8:cd:0a:53', '1d:e8:7f:53:62:f0', '05:f0:5f:2e:c5:4e', '5a:a5:8f:8a:0c:bb', '24:30:98:92:4b:e8', '53:7b:3d:3a:9b:58', '36:80:91:bc:3d:b1', '9e:42:5a:fc:ea:f6', 'b0:39:fc:cf:94:11', '6b:19:f9:cc:7f:42', 'ca:37:48:29:63:34', '22:e3:3c:aa:0f:c7', 'a1:98:0e:8b:88:c2', 'fd:69:40:f1:a1:2e', 'f6:cf:a8:e5:97:32', 'e8:f7:f6:57:ff:53', '6d:7d:14:70:e2:c4', '75:a8:cf:98:da:b7', 'd5:bd:a4:64:95:ab', 'ef:70:5c:27:73:bb'], 'triggered_reasons': ['same_ssid_multiple_bssid'], 'observations': {'3a:9e:ed:b7:f2:cb': {'first_seen': 1778945790.128648, 'last_seen': 1778945790.129846, 'seen_count': 2, 'channels': [], 'avg_rssi': None}, 'e0:cc:59:91:cb:4c': {'first_seen': 1778945790.432686, 'last_seen': 1778945790.433739, 'seen_count': 2, 'channels': [], 'avg_rssi': None}, 'b2:74:48:72:f1:3a': {'first_seen': 1778945790.743609, 'last_seen': 1778945790.744758, 'seen_count': 2, 'channels': [], 'avg_rssi': None}, '7f:af:81:fa:34:4a': {'first_seen': 1778945791.048456, 'last_seen': 1778945791.0494, 'seen_count': 2, 'channels': [], 'avg_rssi': None}, 'd4:d1:83:87:24:21': {'first_seen': 1778945791.361424, 'last_seen': 1778945791.36229, 'seen_count': 2, 'channels': [], 'avg_rssi': None}, 'b1:02:62:d5:f3:29': {'first_seen': 1778945791.668975, 'last_seen': 1778945791.669948, 'seen_count': 2, 'channels': [], 'avg_rssi': None}, '5a:44:21:19:fa:64': {'first_seen': 1778945791.975294, 'last_seen': 1778945791.976449, 'seen_count': 2, 'channels': [], 'avg_rssi': None}, '8e:f3:ba:6c:30:d5': {'first_seen': 1778945792.285081, 'last_seen': 1778945792.286209, 'seen_count': 2, 'channels': [], 'avg_rssi': None}, '52:5b:89:fa:ef:5f': {'first_seen': 1778945792.600383, 'last_seen': 1778945792.601355, 'seen_count': 2, 'channels': [], 'avg_rssi': None}, '98:57:7f:48:cb:0d': {'first_seen': 1778945792.912235, 'last_seen': 1778945792.913364, 'seen_count': 2, 'channels': [], 'avg_rssi': None}, 'ee:be:04:11:4f:06': {'first_seen': 1778945793.227589, 'last_seen': 1778945793.228511, 'seen_count': 2, 'channels': [], 'avg_rssi': None}, 'bd:8a:a8:d7:0f:87': {'first_seen': 1778945793.547883, 'last_seen': 1778945793.54877, 'seen_count': 2, 'channels': [], 'avg_rssi': None}, '71:8e:da:be:3e:16': {'first_seen': 1778945793.856141, 'last_seen': 1778945793.857036, 'seen_count': 2, 'channels': [], 'avg_rssi': None}, 'ed:80:46:20:a4:d4': {'first_seen': 1778945794.175392, 'last_seen': 1778945794.176553, 'seen_count': 2, 'channels': [], 'avg_rssi': None}, '67:4f:61:0d:86:5e': {'first_seen': 1778945794.484832, 'last_seen': 1778945794.485946, 'seen_count': 2, 'channels': [], 'avg_rssi': None}, '8b:20:77:e4:fb:9e': {'first_seen': 1778945794.793762, 'last_seen': 1778945794.794584, 'seen_count': 2, 'channels': [], 'avg_rssi': None}, '25:ad:21:d9:24:fe': {'first_seen': 1778945795.113155, 'last_seen': 1778945795.114246, 'seen_count': 2, 'channels': [], 'avg_rssi': None}, '0b:60:4f:3c:ee:46': {'first_seen': 1778945795.426923, 'last_seen': 1778945795.427868, 'seen_count': 2, 'channels': [], 'avg_rssi': None}, '3a:ae:6b:9c:de:dc': {'first_seen': 1778945795.744798, 'last_seen': 1778945795.745886, 'seen_count': 2, 'channels': [], 'avg_rssi': None}, '35:b2:7c:57:75:42': {'first_seen': 1778945796.058934, 'last_seen': 1778945796.060033, 'seen_count': 2, 'channels': [], 'avg_rssi': None}, 'c0:3b:8e:03:19:d8': {'first_seen': 1778945796.369465, 'last_seen': 1778945796.370676, 'seen_count': 2, 'channels': [], 'avg_rssi': None}, '81:5e:4b:b3:62:1b': {'first_seen': 1778945796.677854, 'last_seen': 1778945796.678683, 'seen_count': 2, 'channels': [], 'avg_rssi': None}, '4a:95:3b:71:4d:cd': {'first_seen': 1778945796.98968, 'last_seen': 1778945796.990703, 'seen_count': 2, 'channels': [], 'avg_rssi': None}, '26:ea:f9:44:08:db': {'first_seen': 1778945797.308396, 'last_seen': 1778945797.309352, 'seen_count': 2, 'channels': [], 'avg_rssi': None}, '4a:a1:72:32:4e:d9': {'first_seen': 1778945797.619139, 'last_seen': 1778945797.619989, 'seen_count': 2, 'channels': [], 'avg_rssi': None}, 'f4:e2:12:76:5b:18': {'first_seen': 1778945797.929029, 'last_seen': 1778945797.929998, 'seen_count': 2, 'channels': [], 'avg_rssi': None}, '9f:70:7d:7a:d6:dd': {'first_seen': 1778945798.240808, 'last_seen': 1778945798.241896, 'seen_count': 2, 'channels': [], 'avg_rssi': None}, '01:53:a5:ce:1a:68': {'first_seen': 1778945798.548845, 'last_seen': 1778945798.549781, 'seen_count': 2, 'channels': [], 'avg_rssi': None}, '16:53:91:93:16:f7': {'first_seen': 1778945798.864328, 'last_seen': 1778945798.868798, 'seen_count': 2, 'channels': [], 'avg_rssi': None}, '0a:cc:d0:70:ee:8a': {'first_seen': 1778945799.175508, 'last_seen': 1778945799.177951, 'seen_count': 2, 'channels': [], 'avg_rssi': None}, '5e:50:ab:c5:3b:64': {'first_seen': 1778945799.487037, 'last_seen': 1778945799.48808, 'seen_count': 2, 'channels': [], 'avg_rssi': None}, '78:b5:84:05:b1:f0': {'first_seen': 1778945799.791341, 'last_seen': 1778945799.792221, 'seen_count': 2, 'channels': [], 'avg_rssi': None}, 'e8:56:fd:6f:3f:01': {'first_seen': 1778945800.100967, 'last_seen': 1778945800.102112, 'seen_count': 2, 'channels': [], 'avg_rssi': None}, '65:66:eb:80:de:fe': {'first_seen': 1778945800.406196, 'last_seen': 1778945800.407126, 'seen_count': 2, 'channels': [], 'avg_rssi': None}, '8d:ff:0f:c1:bb:3a': {'first_seen': 1778945800.728757, 'last_seen': 1778945800.729643, 'seen_count': 2, 'channels': [], 'avg_rssi': None}, '98:cd:8b:8d:74:48': {'first_seen': 1778945801.040747, 'last_seen': 1778945801.041675, 'seen_count': 2, 'channels': [], 'avg_rssi': None}, 'a5:6b:71:07:8a:31': {'first_seen': 1778945801.351629, 'last_seen': 1778945801.352561, 'seen_count': 2, 'channels': [], 'avg_rssi': None}, 'd4:a9:2e:ca:f1:4e': {'first_seen': 1778945801.658945, 'last_seen': 1778945801.659817, 'seen_count': 2, 'channels': [], 'avg_rssi': None}, 'e1:aa:41:2a:44:f1': {'first_seen': 1778945801.967135, 'last_seen': 1778945801.967958, 'seen_count': 2, 'channels': [], 'avg_rssi': None}, '3b:2a:55:ba:a8:b9': {'first_seen': 1778945802.276946, 'last_seen': 1778945802.277849, 'seen_count': 2, 'channels': [], 'avg_rssi': None}, '6e:c1:8d:70:1a:c9': {'first_seen': 1778945802.585513, 'last_seen': 1778945802.586614, 'seen_count': 2, 'channels': [], 'avg_rssi': None}, 'cf:b3:15:22:63:50': {'first_seen': 1778945802.901527, 'last_seen': 1778945802.902516, 'seen_count': 2, 'channels': [], 'avg_rssi': None}, 'cb:f7:38:b0:55:f8': {'first_seen': 1778945803.220279, 'last_seen': 1778945803.221147, 'seen_count': 2, 'channels': [], 'avg_rssi': None}, '78:7b:11:ae:b0:a5': {'first_seen': 1778945803.535655, 'last_seen': 1778945803.536798, 'seen_count': 2, 'channels': [], 'avg_rssi': None}, 'de:6a:4c:6f:83:ac': {'first_seen': 1778945803.847584, 'last_seen': 1778945803.848826, 'seen_count': 2, 'channels': [], 'avg_rssi': None}, '15:15:3c:eb:66:de': {'first_seen': 1778945804.163594, 'last_seen': 1778945804.164821, 'seen_count': 2, 'channels': [], 'avg_rssi': None}, '76:ec:f6:b3:a0:9e': {'first_seen': 1778945804.480914, 'last_seen': 1778945804.481839, 'seen_count': 2, 'channels': [], 'avg_rssi': None}, '14:0f:96:d7:b8:7f': {'first_seen': 1778945804.799617, 'last_seen': 1778945804.800487, 'seen_count': 2, 'channels': [], 'avg_rssi': None}, 'b8:ee:22:9b:b1:94': {'first_seen': 1778945805.112082, 'last_seen': 1778945805.115248, 'seen_count': 2, 'channels': [], 'avg_rssi': None}, 'ce:54:02:01:82:61': {'first_seen': 1778945805.422744, 'last_seen': 1778945805.423887, 'seen_count': 2, 'channels': [], 'avg_rssi': None}, '39:a5:df:2e:ec:d9': {'first_seen': 1778945805.741008, 'last_seen': 1778945805.742155, 'seen_count': 2, 'channels': [], 'avg_rssi': None}, 'ba:a7:46:2f:4d:8a': {'first_seen': 1778945806.051328, 'last_seen': 1778945806.052169, 'seen_count': 2, 'channels': [], 'avg_rssi': None}, 'ad:83:6a:f1:49:20': {'first_seen': 1778945806.360808, 'last_seen': 1778945806.361684, 'seen_count': 2, 'channels': [], 'avg_rssi': None}, '8e:99:1e:97:02:c2': {'first_seen': 1778945806.674684, 'last_seen': 1778945806.675706, 'seen_count': 2, 'channels': [], 'avg_rssi': None}, 'fe:8d:b1:5f:0c:bb': {'first_seen': 1778945806.992752, 'last_seen': 1778945806.993716, 'seen_count': 2, 'channels': [], 'avg_rssi': None}, '8c:b0:fd:c6:44:05': {'first_seen': 1778945807.3096, 'last_seen': 1778945807.310737, 'seen_count': 2, 'channels': [], 'avg_rssi': None}, '89:c0:98:40:25:76': {'first_seen': 1778945807.621272, 'last_seen': 1778945807.622506, 'seen_count': 2, 'channels': [], 'avg_rssi': None}, '58:3a:5c:66:c2:03': {'first_seen': 1778945807.936049, 'last_seen': 1778945807.937268, 'seen_count': 2, 'channels': [], 'avg_rssi': None}, 'd3:e2:da:8e:0f:4c': {'first_seen': 1778945808.249347, 'last_seen': 1778945808.250409, 'seen_count': 2, 'channels': [], 'avg_rssi': None}, '02:a5:27:5f:9b:4e': {'first_seen': 1778945808.561277, 'last_seen': 1778945808.562426, 'seen_count': 2, 'channels': [], 'avg_rssi': None}, 'd6:c0:56:de:9e:9b': {'first_seen': 1778945808.871566, 'last_seen': 1778945808.872566, 'seen_count': 2, 'channels': [], 'avg_rssi': None}, '73:48:64:e3:0b:eb': {'first_seen': 1778945809.182309, 'last_seen': 1778945809.183333, 'seen_count': 2, 'channels': [], 'avg_rssi': None}, '8b:03:68:42:43:7f': {'first_seen': 1778945809.492804, 'last_seen': 1778945809.493993, 'seen_count': 2, 'channels': [], 'avg_rssi': None}, 'a9:d1:c6:19:0d:7f': {'first_seen': 1778945809.803035, 'last_seen': 1778945809.803862, 'seen_count': 2, 'channels': [], 'avg_rssi': None}, '92:15:67:a9:8e:18': {'first_seen': 1778945810.115422, 'last_seen': 1778945810.115422, 'seen_count': 1, 'channels': [], 'avg_rssi': None}, 'fd:41:42:7e:81:a2': {'first_seen': 1778945810.420206, 'last_seen': 1778945810.422519, 'seen_count': 2, 'channels': [], 'avg_rssi': None}, '9f:07:54:78:ec:d2': {'first_seen': 1778945810.732465, 'last_seen': 1778945810.733412, 'seen_count': 2, 'channels': [], 'avg_rssi': None}, 'f5:35:ea:79:09:d0': {'first_seen': 1778945811.043087, 'last_seen': 1778945811.044178, 'seen_count': 2, 'channels': [], 'avg_rssi': None}, '6b:3b:34:49:83:24': {'first_seen': 1778945811.354673, 'last_seen': 1778945811.354673, 'seen_count': 1, 'channels': [], 'avg_rssi': None}, '76:e6:88:c6:54:07': {'first_seen': 1778945811.661871, 'last_seen': 1778945811.662835, 'seen_count': 2, 'channels': [], 'avg_rssi': None}, 'df:a3:67:2d:ef:aa': {'first_seen': 1778945811.975088, 'last_seen': 1778945811.976224, 'seen_count': 2, 'channels': [], 'avg_rssi': None}, '01:81:f4:a5:7b:53': {'first_seen': 1778945812.285833, 'last_seen': 1778945812.286742, 'seen_count': 2, 'channels': [], 'avg_rssi': None}, '92:a3:a7:5c:b2:8e': {'first_seen': 1778945812.59736, 'last_seen': 1778945812.598512, 'seen_count': 2, 'channels': [], 'avg_rssi': None}, 'c6:1d:d3:cf:03:b5': {'first_seen': 1778945812.907044, 'last_seen': 1778945812.908025, 'seen_count': 2, 'channels': [], 'avg_rssi': None}, '7f:d8:f9:09:85:51': {'first_seen': 1778945813.215463, 'last_seen': 1778945813.216667, 'seen_count': 2, 'channels': [], 'avg_rssi': None}, 'b9:2f:e4:9c:1b:01': {'first_seen': 1778945813.524558, 'last_seen': 1778945813.525698, 'seen_count': 2, 'channels': [], 'avg_rssi': None}, '8f:ba:a2:cc:9e:4a': {'first_seen': 1778945813.833749, 'last_seen': 1778945813.834824, 'seen_count': 2, 'channels': [], 'avg_rssi': None}, '03:c0:f0:ad:53:37': {'first_seen': 1778945814.141773, 'last_seen': 1778945814.142712, 'seen_count': 2, 'channels': [], 'avg_rssi': None}, 'f0:be:fd:18:7d:fe': {'first_seen': 1778945814.456782, 'last_seen': 1778945814.457855, 'seen_count': 2, 'channels': [], 'avg_rssi': None}, 'd5:d7:a8:cd:0a:53': {'first_seen': 1778945814.760973, 'last_seen': 1778945814.762121, 'seen_count': 2, 'channels': [], 'avg_rssi': None}, '1d:e8:7f:53:62:f0': {'first_seen': 1778945815.073643, 'last_seen': 1778945815.074764, 'seen_count': 2, 'channels': [], 'avg_rssi': None}, '05:f0:5f:2e:c5:4e': {'first_seen': 1778945815.380787, 'last_seen': 1778945815.381904, 'seen_count': 2, 'channels': [], 'avg_rssi': None}, '5a:a5:8f:8a:0c:bb': {'first_seen': 1778945815.689244, 'last_seen': 1778945815.691044, 'seen_count': 2, 'channels': [], 'avg_rssi': None}, '24:30:98:92:4b:e8': {'first_seen': 1778945815.997985, 'last_seen': 1778945816.000195, 'seen_count': 2, 'channels': [], 'avg_rssi': None}, '53:7b:3d:3a:9b:58': {'first_seen': 1778945816.309058, 'last_seen': 1778945816.309954, 'seen_count': 2, 'channels': [], 'avg_rssi': None}, '36:80:91:bc:3d:b1': {'first_seen': 1778945816.615553, 'last_seen': 1778945816.616718, 'seen_count': 2, 'channels': [], 'avg_rssi': None}, '9e:42:5a:fc:ea:f6': {'first_seen': 1778945816.924062, 'last_seen': 1778945816.925111, 'seen_count': 2, 'channels': [], 'avg_rssi': None}, 'b0:39:fc:cf:94:11': {'first_seen': 1778945817.230152, 'last_seen': 1778945817.231125, 'seen_count': 2, 'channels': [], 'avg_rssi': None}, '6b:19:f9:cc:7f:42': {'first_seen': 1778945817.538306, 'last_seen': 1778945817.539515, 'seen_count': 2, 'channels': [], 'avg_rssi': None}, 'ca:37:48:29:63:34': {'first_seen': 1778945817.851114, 'last_seen': 1778945817.852158, 'seen_count': 2, 'channels': [], 'avg_rssi': None}, '22:e3:3c:aa:0f:c7': {'first_seen': 1778945818.159975, 'last_seen': 1778945818.160922, 'seen_count': 2, 'channels': [], 'avg_rssi': None}, 'a1:98:0e:8b:88:c2': {'first_seen': 1778945818.475028, 'last_seen': 1778945818.475938, 'seen_count': 2, 'channels': [], 'avg_rssi': None}, 'fd:69:40:f1:a1:2e': {'first_seen': 1778945818.785864, 'last_seen': 1778945818.787079, 'seen_count': 2, 'channels': [], 'avg_rssi': None}, 'f6:cf:a8:e5:97:32': {'first_seen': 1778945819.098662, 'last_seen': 1778945819.09972, 'seen_count': 2, 'channels': [], 'avg_rssi': None}, 'e8:f7:f6:57:ff:53': {'first_seen': 1778945819.414661, 'last_seen': 1778945819.415875, 'seen_count': 2, 'channels': [], 'avg_rssi': None}, '6d:7d:14:70:e2:c4': {'first_seen': 1778945819.732645, 'last_seen': 1778945819.733878, 'seen_count': 2, 'channels': [], 'avg_rssi': None}, '75:a8:cf:98:da:b7': {'first_seen': 1778945820.046907, 'last_seen': 1778945820.047769, 'seen_count': 2, 'channels': [], 'avg_rssi': None}, 'd5:bd:a4:64:95:ab': {'first_seen': 1778945820.362211, 'last_seen': 1778945820.363036, 'seen_count': 2, 'channels': [], 'avg_rssi': None}, 'ef:70:5c:27:73:bb': {'first_seen': 1778945820.671697, 'last_seen': 1778945820.671697, 'seen_count': 1, 'channels': [], 'avg_rssi': None}}}
!!!!!!!!!!!!!!!!!!!!!!!!!!!!!!!!!!!!!!!!!!!!!!!!!!!!!!!!!!!!!!!!!!!!!!!!!!!!!!!!


!!!!!!!!!!!!!!!!!!!!!!!!!!!!!!!!!!!!!!!!!!!!!!!!!!!!!!!!!!!!!!!!!!!!!!!!!!!!!!!!
[ALERT] ALERT-000084 | POTENTIAL_EVIL_TWIN
severity: LOW
time: 2026-05-16T15:37:00.681792
message: Wykryto potencjalny Evil Twin / Rogue AP dla SSID 'TestNet_011'. Zaobserwowano 99 różnych BSSID oraz podejrzane różnice parametrów sieci.
evidence: {'ssid': 'TestNet_011', 'bssid_count': 99, 'bssids': ['46:76:7c:05:f6:7f', 'ea:c3:05:83:8f:01', '43:05:52:29:0a:d1', '8f:0a:85:15:63:de', 'fa:5b:b8:59:5c:a3', 'f3:89:7a:8f:69:72', '17:60:09:5d:15:4c', '95:f0:bd:42:d4:fb', 'df:dd:27:6c:46:59', 'bf:15:6c:0f:c0:9b', 'bf:a6:6f:4c:33:a3', 'b3:5c:4f:ba:15:8a', 'e3:05:74:2e:5b:e2', 'c8:23:45:fd:bb:a6', '08:5a:91:c0:2a:57', 'b9:c5:97:d7:f3:9c', 'a0:70:40:19:c3:77', '0c:fb:94:17:a1:6a', '4c:cd:8b:f4:f8:80', '5d:2c:bc:e1:67:8a', '26:8a:56:a8:c6:6b', '1b:4a:87:a8:d4:f1', 'd8:08:72:f9:71:f4', '70:97:11:b0:c7:ee', '67:c8:e9:8d:0f:9a', 'f6:30:52:a6:60:dc', '37:23:23:a1:2d:cf', '34:e4:1d:22:fb:02', 'f3:b1:d3:9e:5b:1d', 'ba:3f:1f:2e:08:dd', 'fe:00:20:84:8a:73', 'e8:25:93:44:e0:fc', '9b:1d:bd:85:5a:2f', '89:2d:5d:e3:46:d6', '35:51:54:73:18:d4', 'd4:e9:ea:90:83:5c', 'b0:a0:ce:f4:94:0a', 'f9:04:15:c1:da:f5', 'b7:55:e8:b8:d1:13', 'cf:8d:23:0c:dc:23', '76:c2:80:aa:45:e0', 'ec:35:f5:ab:61:cc', '80:4a:d6:b0:0f:9b', '39:2c:f2:34:57:2d', '90:e9:92:2b:91:12', '9b:f7:2a:a8:e8:f6', '45:27:db:2e:c3:38', 'c7:b6:bf:cb:c2:f9', '27:6b:b9:d8:bc:21', '91:92:5c:ab:d5:c4', '79:cd:6e:85:17:90', '90:96:a5:76:56:66', '19:d2:33:0a:31:f3', 'cb:c3:61:ec:5c:68', 'b4:68:3d:2f:a4:a7', 'c0:bd:ae:46:3e:65', 'fa:22:5e:34:35:81', '8d:a5:ef:9e:41:fc', 'd1:2e:7d:6c:9b:ab', 'ac:83:72:e5:bf:03', '2c:c5:ba:1d:7f:4f', '1d:09:e5:99:07:bf', '8b:6c:94:10:25:c1', '91:2b:d3:ce:96:d4', '28:dd:22:0c:6b:48', 'f9:98:b0:85:af:4d', '16:b6:64:0f:55:da', '9e:53:04:c2:e6:0d', '77:de:33:12:cd:17', 'ee:e9:fc:5a:b5:60', 'bf:d0:19:b4:3d:d4', '7b:c7:ff:41:bc:23', '0e:26:ac:ac:fa:3f', 'be:83:9b:58:76:d5', '8d:c2:7c:0b:0c:fd', '02:00:64:8f:58:41', '13:08:2f:7e:f8:9d', '63:53:4e:0d:d5:21', 'f9:6c:ea:ec:11:60', '6c:d9:25:6d:fa:8b', '1e:bd:57:c2:7a:09', '89:59:66:19:30:c2', '42:5d:94:cf:a2:87', '4c:aa:b2:0d:b9:94', 'c9:96:bf:fb:de:04', '1b:1d:dc:b4:77:ef', '8b:bb:5f:ec:af:52', '2f:b1:7f:c2:47:2d', '80:c7:9e:43:61:1c', 'ec:ea:05:e4:4a:cf', '34:0d:a2:71:5a:9a', '2c:2d:eb:8b:1f:76', 'a8:71:77:b8:48:a7', '0b:6e:ac:ce:0b:37', '50:64:f3:05:e1:29', '89:9e:1d:44:0a:fd', '39:5f:90:1e:ff:ff', 'b6:51:7f:f8:ea:ca', '7f:5e:8a:8e:65:2d'], 'triggered_reasons': ['same_ssid_multiple_bssid'], 'observations': {'46:76:7c:05:f6:7f': {'first_seen': 1778945790.13874, 'last_seen': 1778945790.139718, 'seen_count': 2, 'channels': [], 'avg_rssi': None}, 'ea:c3:05:83:8f:01': {'first_seen': 1778945790.442806, 'last_seen': 1778945790.443748, 'seen_count': 2, 'channels': [], 'avg_rssi': None}, '43:05:52:29:0a:d1': {'first_seen': 1778945790.753725, 'last_seen': 1778945790.75467, 'seen_count': 2, 'channels': [], 'avg_rssi': None}, '8f:0a:85:15:63:de': {'first_seen': 1778945791.058548, 'last_seen': 1778945791.059652, 'seen_count': 2, 'channels': [], 'avg_rssi': None}, 'fa:5b:b8:59:5c:a3': {'first_seen': 1778945791.371543, 'last_seen': 1778945791.372667, 'seen_count': 2, 'channels': [], 'avg_rssi': None}, 'f3:89:7a:8f:69:72': {'first_seen': 1778945791.679068, 'last_seen': 1778945791.680175, 'seen_count': 2, 'channels': [], 'avg_rssi': None}, '17:60:09:5d:15:4c': {'first_seen': 1778945791.985461, 'last_seen': 1778945791.986316, 'seen_count': 2, 'channels': [], 'avg_rssi': None}, '95:f0:bd:42:d4:fb': {'first_seen': 1778945792.295177, 'last_seen': 1778945792.298714, 'seen_count': 2, 'channels': [], 'avg_rssi': None}, 'df:dd:27:6c:46:59': {'first_seen': 1778945792.610502, 'last_seen': 1778945792.611356, 'seen_count': 2, 'channels': [], 'avg_rssi': None}, 'bf:15:6c:0f:c0:9b': {'first_seen': 1778945792.922331, 'last_seen': 1778945792.923362, 'seen_count': 2, 'channels': [], 'avg_rssi': None}, 'bf:a6:6f:4c:33:a3': {'first_seen': 1778945793.237682, 'last_seen': 1778945793.238754, 'seen_count': 2, 'channels': [], 'avg_rssi': None}, 'b3:5c:4f:ba:15:8a': {'first_seen': 1778945793.557995, 'last_seen': 1778945793.558905, 'seen_count': 2, 'channels': [], 'avg_rssi': None}, 'e3:05:74:2e:5b:e2': {'first_seen': 1778945793.866247, 'last_seen': 1778945793.867162, 'seen_count': 2, 'channels': [], 'avg_rssi': None}, 'c8:23:45:fd:bb:a6': {'first_seen': 1778945794.185495, 'last_seen': 1778945794.186429, 'seen_count': 2, 'channels': [], 'avg_rssi': None}, '08:5a:91:c0:2a:57': {'first_seen': 1778945794.494927, 'last_seen': 1778945794.496071, 'seen_count': 2, 'channels': [], 'avg_rssi': None}, 'b9:c5:97:d7:f3:9c': {'first_seen': 1778945794.803856, 'last_seen': 1778945794.804836, 'seen_count': 2, 'channels': [], 'avg_rssi': None}, 'a0:70:40:19:c3:77': {'first_seen': 1778945795.125535, 'last_seen': 1778945795.126486, 'seen_count': 2, 'channels': [], 'avg_rssi': None}, '0c:fb:94:17:a1:6a': {'first_seen': 1778945795.437034, 'last_seen': 1778945795.438001, 'seen_count': 2, 'channels': [], 'avg_rssi': None}, '4c:cd:8b:f4:f8:80': {'first_seen': 1778945795.754896, 'last_seen': 1778945795.75576, 'seen_count': 2, 'channels': [], 'avg_rssi': None}, '5d:2c:bc:e1:67:8a': {'first_seen': 1778945796.069045, 'last_seen': 1778945796.070277, 'seen_count': 2, 'channels': [], 'avg_rssi': None}, '26:8a:56:a8:c6:6b': {'first_seen': 1778945796.379603, 'last_seen': 1778945796.380676, 'seen_count': 2, 'channels': [], 'avg_rssi': None}, '1b:4a:87:a8:d4:f1': {'first_seen': 1778945796.687965, 'last_seen': 1778945796.689185, 'seen_count': 2, 'channels': [], 'avg_rssi': None}, 'd8:08:72:f9:71:f4': {'first_seen': 1778945796.999793, 'last_seen': 1778945797.00071, 'seen_count': 2, 'channels': [], 'avg_rssi': None}, '70:97:11:b0:c7:ee': {'first_seen': 1778945797.318529, 'last_seen': 1778945797.319469, 'seen_count': 2, 'channels': [], 'avg_rssi': None}, '67:c8:e9:8d:0f:9a': {'first_seen': 1778945797.629269, 'last_seen': 1778945797.630366, 'seen_count': 2, 'channels': [], 'avg_rssi': None}, 'f6:30:52:a6:60:dc': {'first_seen': 1778945797.939123, 'last_seen': 1778945797.939998, 'seen_count': 2, 'channels': [], 'avg_rssi': None}, '37:23:23:a1:2d:cf': {'first_seen': 1778945798.250931, 'last_seen': 1778945798.255643, 'seen_count': 2, 'channels': [], 'avg_rssi': None}, '34:e4:1d:22:fb:02': {'first_seen': 1778945798.561245, 'last_seen': 1778945798.562408, 'seen_count': 2, 'channels': [], 'avg_rssi': None}, 'f3:b1:d3:9e:5b:1d': {'first_seen': 1778945798.874434, 'last_seen': 1778945798.875293, 'seen_count': 2, 'channels': [], 'avg_rssi': None}, 'ba:3f:1f:2e:08:dd': {'first_seen': 1778945799.185796, 'last_seen': 1778945799.186941, 'seen_count': 2, 'channels': [], 'avg_rssi': None}, 'fe:00:20:84:8a:73': {'first_seen': 1778945799.497132, 'last_seen': 1778945799.498207, 'seen_count': 2, 'channels': [], 'avg_rssi': None}, 'e8:25:93:44:e0:fc': {'first_seen': 1778945799.801455, 'last_seen': 1778945799.802472, 'seen_count': 2, 'channels': [], 'avg_rssi': None}, '9b:1d:bd:85:5a:2f': {'first_seen': 1778945800.111063, 'last_seen': 1778945800.112236, 'seen_count': 2, 'channels': [], 'avg_rssi': None}, '89:2d:5d:e3:46:d6': {'first_seen': 1778945800.418659, 'last_seen': 1778945800.419628, 'seen_count': 2, 'channels': [], 'avg_rssi': None}, '35:51:54:73:18:d4': {'first_seen': 1778945800.73885, 'last_seen': 1778945800.739767, 'seen_count': 2, 'channels': [], 'avg_rssi': None}, 'd4:e9:ea:90:83:5c': {'first_seen': 1778945801.051614, 'last_seen': 1778945801.052536, 'seen_count': 2, 'channels': [], 'avg_rssi': None}, 'b0:a0:ce:f4:94:0a': {'first_seen': 1778945801.36174, 'last_seen': 1778945801.362678, 'seen_count': 2, 'channels': [], 'avg_rssi': None}, 'f9:04:15:c1:da:f5': {'first_seen': 1778945801.669041, 'last_seen': 1778945801.669942, 'seen_count': 2, 'channels': [], 'avg_rssi': None}, 'b7:55:e8:b8:d1:13': {'first_seen': 1778945801.977243, 'last_seen': 1778945801.978082, 'seen_count': 2, 'channels': [], 'avg_rssi': None}, 'cf:8d:23:0c:dc:23': {'first_seen': 1778945802.287046, 'last_seen': 1778945802.287975, 'seen_count': 2, 'channels': [], 'avg_rssi': None}, '76:c2:80:aa:45:e0': {'first_seen': 1778945802.595619, 'last_seen': 1778945802.59649, 'seen_count': 2, 'channels': [], 'avg_rssi': None}, 'ec:35:f5:ab:61:cc': {'first_seen': 1778945802.911627, 'last_seen': 1778945802.912631, 'seen_count': 2, 'channels': [], 'avg_rssi': None}, '80:4a:d6:b0:0f:9b': {'first_seen': 1778945803.23264, 'last_seen': 1778945803.233774, 'seen_count': 2, 'channels': [], 'avg_rssi': None}, '39:2c:f2:34:57:2d': {'first_seen': 1778945803.545754, 'last_seen': 1778945803.546791, 'seen_count': 2, 'channels': [], 'avg_rssi': None}, '90:e9:92:2b:91:12': {'first_seen': 1778945803.858691, 'last_seen': 1778945803.859805, 'seen_count': 2, 'channels': [], 'avg_rssi': None}, '9b:f7:2a:a8:e8:f6': {'first_seen': 1778945804.17374, 'last_seen': 1778945804.174706, 'seen_count': 2, 'channels': [], 'avg_rssi': None}, '45:27:db:2e:c3:38': {'first_seen': 1778945804.491711, 'last_seen': 1778945804.492839, 'seen_count': 2, 'channels': [], 'avg_rssi': None}, 'c7:b6:bf:cb:c2:f9': {'first_seen': 1778945804.80972, 'last_seen': 1778945804.810729, 'seen_count': 2, 'channels': [], 'avg_rssi': None}, '27:6b:b9:d8:bc:21': {'first_seen': 1778945805.122216, 'last_seen': 1778945805.123131, 'seen_count': 2, 'channels': [], 'avg_rssi': None}, '91:92:5c:ab:d5:c4': {'first_seen': 1778945805.434705, 'last_seen': 1778945805.435642, 'seen_count': 2, 'channels': [], 'avg_rssi': None}, '79:cd:6e:85:17:90': {'first_seen': 1778945805.751103, 'last_seen': 1778945805.752027, 'seen_count': 2, 'channels': [], 'avg_rssi': None}, '90:96:a5:76:56:66': {'first_seen': 1778945806.062684, 'last_seen': 1778945806.063675, 'seen_count': 2, 'channels': [], 'avg_rssi': None}, '19:d2:33:0a:31:f3': {'first_seen': 1778945806.370927, 'last_seen': 1778945806.371818, 'seen_count': 2, 'channels': [], 'avg_rssi': None}, 'cb:c3:61:ec:5c:68': {'first_seen': 1778945806.684767, 'last_seen': 1778945806.685714, 'seen_count': 2, 'channels': [], 'avg_rssi': None}, 'b4:68:3d:2f:a4:a7': {'first_seen': 1778945807.004253, 'last_seen': 1778945807.005343, 'seen_count': 2, 'channels': [], 'avg_rssi': None}, 'c0:bd:ae:46:3e:65': {'first_seen': 1778945807.319697, 'last_seen': 1778945807.320611, 'seen_count': 2, 'channels': [], 'avg_rssi': None}, 'fa:22:5e:34:35:81': {'first_seen': 1778945807.632083, 'last_seen': 1778945807.633254, 'seen_count': 2, 'channels': [], 'avg_rssi': None}, '8d:a5:ef:9e:41:fc': {'first_seen': 1778945807.94615, 'last_seen': 1778945807.947267, 'seen_count': 2, 'channels': [], 'avg_rssi': None}, 'd1:2e:7d:6c:9b:ab': {'first_seen': 1778945808.259448, 'last_seen': 1778945808.261916, 'seen_count': 2, 'channels': [], 'avg_rssi': None}, 'ac:83:72:e5:bf:03': {'first_seen': 1778945808.571373, 'last_seen': 1778945808.57255, 'seen_count': 2, 'channels': [], 'avg_rssi': None}, '2c:c5:ba:1d:7f:4f': {'first_seen': 1778945808.881672, 'last_seen': 1778945808.883449, 'seen_count': 2, 'channels': [], 'avg_rssi': None}, '1d:09:e5:99:07:bf': {'first_seen': 1778945809.192403, 'last_seen': 1778945809.195582, 'seen_count': 2, 'channels': [], 'avg_rssi': None}, '8b:6c:94:10:25:c1': {'first_seen': 1778945809.502977, 'last_seen': 1778945809.503976, 'seen_count': 2, 'channels': [], 'avg_rssi': None}, '91:2b:d3:ce:96:d4': {'first_seen': 1778945809.813133, 'last_seen': 1778945809.814242, 'seen_count': 2, 'channels': [], 'avg_rssi': None}, '28:dd:22:0c:6b:48': {'first_seen': 1778945810.125747, 'last_seen': 1778945810.126682, 'seen_count': 2, 'channels': [], 'avg_rssi': None}, 'f9:98:b0:85:af:4d': {'first_seen': 1778945810.43066, 'last_seen': 1778945810.43066, 'seen_count': 1, 'channels': [], 'avg_rssi': None}, '16:b6:64:0f:55:da': {'first_seen': 1778945810.742571, 'last_seen': 1778945810.743802, 'seen_count': 2, 'channels': [], 'avg_rssi': None}, '9e:53:04:c2:e6:0d': {'first_seen': 1778945811.053193, 'last_seen': 1778945811.055553, 'seen_count': 2, 'channels': [], 'avg_rssi': None}, '77:de:33:12:cd:17': {'first_seen': 1778945811.364769, 'last_seen': 1778945811.364769, 'seen_count': 1, 'channels': [], 'avg_rssi': None}, 'ee:e9:fc:5a:b5:60': {'first_seen': 1778945811.674431, 'last_seen': 1778945811.675338, 'seen_count': 2, 'channels': [], 'avg_rssi': None}, 'bf:d0:19:b4:3d:d4': {'first_seen': 1778945811.985188, 'last_seen': 1778945811.988483, 'seen_count': 2, 'channels': [], 'avg_rssi': None}, '7b:c7:ff:41:bc:23': {'first_seen': 1778945812.295923, 'last_seen': 1778945812.297118, 'seen_count': 2, 'channels': [], 'avg_rssi': None}, '0e:26:ac:ac:fa:3f': {'first_seen': 1778945812.607453, 'last_seen': 1778945812.607453, 'seen_count': 1, 'channels': [], 'avg_rssi': None}, 'be:83:9b:58:76:d5': {'first_seen': 1778945812.917144, 'last_seen': 1778945812.918774, 'seen_count': 2, 'channels': [], 'avg_rssi': None}, '8d:c2:7c:0b:0c:fd': {'first_seen': 1778945813.22557, 'last_seen': 1778945813.226542, 'seen_count': 2, 'channels': [], 'avg_rssi': None}, '02:00:64:8f:58:41': {'first_seen': 1778945813.534665, 'last_seen': 1778945813.535807, 'seen_count': 2, 'channels': [], 'avg_rssi': None}, '13:08:2f:7e:f8:9d': {'first_seen': 1778945813.843851, 'last_seen': 1778945813.844697, 'seen_count': 2, 'channels': [], 'avg_rssi': None}, '63:53:4e:0d:d5:21': {'first_seen': 1778945814.151812, 'last_seen': 1778945814.152838, 'seen_count': 2, 'channels': [], 'avg_rssi': None}, 'f9:6c:ea:ec:11:60': {'first_seen': 1778945814.466878, 'last_seen': 1778945814.467729, 'seen_count': 2, 'channels': [], 'avg_rssi': None}, '6c:d9:25:6d:fa:8b': {'first_seen': 1778945814.772035, 'last_seen': 1778945814.772998, 'seen_count': 2, 'channels': [], 'avg_rssi': None}, '1e:bd:57:c2:7a:09': {'first_seen': 1778945815.083744, 'last_seen': 1778945815.084888, 'seen_count': 2, 'channels': [], 'avg_rssi': None}, '89:59:66:19:30:c2': {'first_seen': 1778945815.390883, 'last_seen': 1778945815.391921, 'seen_count': 2, 'channels': [], 'avg_rssi': None}, '42:5d:94:cf:a2:87': {'first_seen': 1778945815.699335, 'last_seen': 1778945815.700293, 'seen_count': 2, 'channels': [], 'avg_rssi': None}, '4c:aa:b2:0d:b9:94': {'first_seen': 1778945816.008096, 'last_seen': 1778945816.009064, 'seen_count': 2, 'channels': [], 'avg_rssi': None}, 'c9:96:bf:fb:de:04': {'first_seen': 1778945816.319155, 'last_seen': 1778945816.320577, 'seen_count': 2, 'channels': [], 'avg_rssi': None}, '1b:1d:dc:b4:77:ef': {'first_seen': 1778945816.625651, 'last_seen': 1778945816.626717, 'seen_count': 2, 'channels': [], 'avg_rssi': None}, '8b:bb:5f:ec:af:52': {'first_seen': 1778945816.934165, 'last_seen': 1778945816.935108, 'seen_count': 2, 'channels': [], 'avg_rssi': None}, '2f:b1:7f:c2:47:2d': {'first_seen': 1778945817.240241, 'last_seen': 1778945817.241267, 'seen_count': 2, 'channels': [], 'avg_rssi': None}, '80:c7:9e:43:61:1c': {'first_seen': 1778945817.548401, 'last_seen': 1778945817.549515, 'seen_count': 2, 'channels': [], 'avg_rssi': None}, 'ec:ea:05:e4:4a:cf': {'first_seen': 1778945817.861205, 'last_seen': 1778945817.862406, 'seen_count': 2, 'channels': [], 'avg_rssi': None}, '34:0d:a2:71:5a:9a': {'first_seen': 1778945818.170081, 'last_seen': 1778945818.171297, 'seen_count': 2, 'channels': [], 'avg_rssi': None}, '2c:2d:eb:8b:1f:76': {'first_seen': 1778945818.486693, 'last_seen': 1778945818.48769, 'seen_count': 2, 'channels': [], 'avg_rssi': None}, 'a8:71:77:b8:48:a7': {'first_seen': 1778945818.796962, 'last_seen': 1778945818.798099, 'seen_count': 2, 'channels': [], 'avg_rssi': None}, '0b:6e:ac:ce:0b:37': {'first_seen': 1778945819.108765, 'last_seen': 1778945819.109722, 'seen_count': 2, 'channels': [], 'avg_rssi': None}, '50:64:f3:05:e1:29': {'first_seen': 1778945819.42479, 'last_seen': 1778945819.425745, 'seen_count': 2, 'channels': [], 'avg_rssi': None}, '89:9e:1d:44:0a:fd': {'first_seen': 1778945819.742783, 'last_seen': 1778945819.743889, 'seen_count': 2, 'channels': [], 'avg_rssi': None}, '39:5f:90:1e:ff:ff': {'first_seen': 1778945820.059775, 'last_seen': 1778945820.060921, 'seen_count': 2, 'channels': [], 'avg_rssi': None}, 'b6:51:7f:f8:ea:ca': {'first_seen': 1778945820.372426, 'last_seen': 1778945820.373545, 'seen_count': 2, 'channels': [], 'avg_rssi': None}, '7f:5e:8a:8e:65:2d': {'first_seen': 1778945820.681792, 'last_seen': 1778945820.681792, 'seen_count': 1, 'channels': [], 'avg_rssi': None}}}
!!!!!!!!!!!!!!!!!!!!!!!!!!!!!!!!!!!!!!!!!!!!!!!!!!!!!!!!!!!!!!!!!!!!!!!!!!!!!!!!


!!!!!!!!!!!!!!!!!!!!!!!!!!!!!!!!!!!!!!!!!!!!!!!!!!!!!!!!!!!!!!!!!!!!!!!!!!!!!!!!
[ALERT] ALERT-000085 | POTENTIAL_EVIL_TWIN
severity: LOW
time: 2026-05-16T15:37:00.691889
message: Wykryto potencjalny Evil Twin / Rogue AP dla SSID 'TestNet_012'. Zaobserwowano 98 różnych BSSID oraz podejrzane różnice parametrów sieci.
evidence: {'ssid': 'TestNet_012', 'bssid_count': 98, 'bssids': ['b3:6a:12:ee:e5:2a', '3e:1f:85:25:27:87', '79:c9:24:8a:10:98', '49:a8:af:7a:e3:c7', '7e:7b:3a:cb:5e:10', '4f:24:6c:bd:98:aa', 'fb:84:e4:b9:12:c3', 'ff:92:d4:79:49:2b', '92:6d:37:34:ff:c3', '24:52:81:ff:50:7c', 'b8:e2:1b:4b:c1:aa', '0d:0f:c3:5c:49:c4', 'aa:34:cc:c9:ea:20', '47:96:7d:60:32:ab', 'f1:74:5a:1a:93:cc', '1f:4e:f2:31:4d:fc', '88:34:49:f4:35:ca', 'ae:a2:4e:61:5b:d7', 'bc:86:64:bb:fa:dd', 'a8:4e:4e:f1:77:be', 'e3:09:2a:d1:87:08', 'de:dd:e8:d9:7c:26', 'db:69:26:2f:c9:1f', 'bf:a6:46:8b:c8:0c', 'a7:8d:fc:05:b7:69', '8a:89:55:7d:1b:91', '65:34:61:b2:17:a1', 'd7:71:ef:07:b5:89', '07:7d:cd:32:b1:91', '4c:1f:aa:c2:32:31', 'de:bb:5f:61:11:10', '23:a5:b6:06:84:89', '8f:f2:ee:05:34:6c', 'da:8f:63:21:08:11', 'e8:56:b1:4a:02:f1', '98:31:6a:93:99:61', '80:03:5c:93:8e:e8', 'dc:0e:e4:31:c3:76', '39:af:2e:60:40:f2', '89:32:b0:9a:e9:4d', '25:4b:d0:17:30:53', 'dc:a3:2f:00:4e:68', '30:c3:78:d1:13:9e', '3c:83:14:53:18:b7', '1a:05:d4:c8:dd:a5', '76:19:93:93:9d:c7', '54:43:75:46:e5:15', 'b1:99:43:eb:76:d8', 'f9:a7:89:a8:96:52', '9b:a7:ee:64:aa:a2', '8f:17:d6:f0:78:65', 'dc:0f:12:7a:58:f7', '11:8f:eb:09:66:76', '11:65:f0:80:ef:4d', 'aa:35:b1:5b:bc:f8', 'ba:6d:b0:32:7f:ce', 'fb:6d:4c:7b:da:fa', '90:78:57:c4:c1:51', 'a0:d3:1e:3c:ec:f1', 'd7:34:29:f1:3c:87', '89:39:ff:09:1a:6c', 'b1:b9:5f:8f:9d:bf', '63:26:cb:04:a7:82', 'a7:31:54:c0:61:f4', '09:34:d4:c5:36:ab', 'ab:8e:b3:e8:1d:a4', 'da:5c:b9:62:2e:99', '13:22:a6:54:f6:fa', '08:db:e3:56:0e:e2', '2f:83:a7:51:1c:8b', '11:c2:49:2f:34:c0', '36:34:b5:7e:a4:a6', '43:69:db:07:98:c6', '32:e9:20:4c:74:df', '92:01:43:b4:bb:d7', '4e:84:90:89:f3:05', 'f4:e3:b1:c3:6c:12', '02:1b:9e:2b:42:57', 'd0:87:46:10:51:9f', '3c:28:78:c1:d1:8a', 'f6:c5:b4:87:53:4d', '20:c8:93:06:22:0e', '42:b5:3d:7b:85:73', '06:af:2e:d2:ea:0e', '48:38:57:48:10:05', 'db:a6:42:98:a3:a2', '04:dd:a7:e6:e4:01', 'c0:b9:52:f7:fe:62', '8a:96:32:b6:2e:b7', '80:2d:a9:d5:3e:ff', '59:4b:db:35:ba:e4', 'e2:f5:c3:93:52:fd', '02:21:88:6b:6a:f3', 'b8:90:33:13:95:25', '44:72:62:80:e5:75', '4a:bc:0e:21:ad:63', '5f:1d:63:d3:04:e3', '1c:81:6f:90:b6:ef'], 'triggered_reasons': ['same_ssid_multiple_bssid'], 'observations': {'b3:6a:12:ee:e5:2a': {'first_seen': 1778945790.148846, 'last_seen': 1778945790.14972, 'seen_count': 2, 'channels': [], 'avg_rssi': None}, '3e:1f:85:25:27:87': {'first_seen': 1778945790.45468, 'last_seen': 1778945790.455615, 'seen_count': 2, 'channels': [], 'avg_rssi': None}, '79:c9:24:8a:10:98': {'first_seen': 1778945790.764371, 'last_seen': 1778945790.765512, 'seen_count': 2, 'channels': [], 'avg_rssi': None}, '49:a8:af:7a:e3:c7': {'first_seen': 1778945791.071658, 'last_seen': 1778945791.072523, 'seen_count': 2, 'channels': [], 'avg_rssi': None}, '7e:7b:3a:cb:5e:10': {'first_seen': 1778945791.382292, 'last_seen': 1778945791.38316, 'seen_count': 2, 'channels': [], 'avg_rssi': None}, '4f:24:6c:bd:98:aa': {'first_seen': 1778945791.689179, 'last_seen': 1778945791.690301, 'seen_count': 2, 'channels': [], 'avg_rssi': None}, 'fb:84:e4:b9:12:c3': {'first_seen': 1778945791.995589, 'last_seen': 1778945791.996448, 'seen_count': 2, 'channels': [], 'avg_rssi': None}, 'ff:92:d4:79:49:2b': {'first_seen': 1778945792.305315, 'last_seen': 1778945792.306955, 'seen_count': 2, 'channels': [], 'avg_rssi': None}, '92:6d:37:34:ff:c3': {'first_seen': 1778945792.620604, 'last_seen': 1778945792.621854, 'seen_count': 2, 'channels': [], 'avg_rssi': None}, '24:52:81:ff:50:7c': {'first_seen': 1778945792.932712, 'last_seen': 1778945792.933864, 'seen_count': 2, 'channels': [], 'avg_rssi': None}, 'b8:e2:1b:4b:c1:aa': {'first_seen': 1778945793.252874, 'last_seen': 1778945793.254021, 'seen_count': 2, 'channels': [], 'avg_rssi': None}, '0d:0f:c3:5c:49:c4': {'first_seen': 1778945793.568124, 'last_seen': 1778945793.569155, 'seen_count': 2, 'channels': [], 'avg_rssi': None}, 'aa:34:cc:c9:ea:20': {'first_seen': 1778945793.876354, 'last_seen': 1778945793.877537, 'seen_count': 2, 'channels': [], 'avg_rssi': None}, '47:96:7d:60:32:ab': {'first_seen': 1778945794.195606, 'last_seen': 1778945794.196558, 'seen_count': 2, 'channels': [], 'avg_rssi': None}, 'f1:74:5a:1a:93:cc': {'first_seen': 1778945794.505021, 'last_seen': 1778945794.506573, 'seen_count': 2, 'channels': [], 'avg_rssi': None}, '1f:4e:f2:31:4d:fc': {'first_seen': 1778945794.813968, 'last_seen': 1778945794.814841, 'seen_count': 2, 'channels': [], 'avg_rssi': None}, '88:34:49:f4:35:ca': {'first_seen': 1778945795.135641, 'last_seen': 1778945795.137106, 'seen_count': 2, 'channels': [], 'avg_rssi': None}, 'ae:a2:4e:61:5b:d7': {'first_seen': 1778945795.449704, 'last_seen': 1778945795.450746, 'seen_count': 2, 'channels': [], 'avg_rssi': None}, 'bc:86:64:bb:fa:dd': {'first_seen': 1778945795.764989, 'last_seen': 1778945795.765885, 'seen_count': 2, 'channels': [], 'avg_rssi': None}, 'a8:4e:4e:f1:77:be': {'first_seen': 1778945796.079166, 'last_seen': 1778945796.080034, 'seen_count': 2, 'channels': [], 'avg_rssi': None}, 'e3:09:2a:d1:87:08': {'first_seen': 1778945796.389706, 'last_seen': 1778945796.390801, 'seen_count': 2, 'channels': [], 'avg_rssi': None}, 'de:dd:e8:d9:7c:26': {'first_seen': 1778945796.69899, 'last_seen': 1778945796.700069, 'seen_count': 2, 'channels': [], 'avg_rssi': None}, 'db:69:26:2f:c9:1f': {'first_seen': 1778945797.010329, 'last_seen': 1778945797.011211, 'seen_count': 2, 'channels': [], 'avg_rssi': None}, 'bf:a6:46:8b:c8:0c': {'first_seen': 1778945797.328622, 'last_seen': 1778945797.332718, 'seen_count': 2, 'channels': [], 'avg_rssi': None}, 'a7:8d:fc:05:b7:69': {'first_seen': 1778945797.639402, 'last_seen': 1778945797.640614, 'seen_count': 2, 'channels': [], 'avg_rssi': None}, '8a:89:55:7d:1b:91': {'first_seen': 1778945797.950442, 'last_seen': 1778945797.951378, 'seen_count': 2, 'channels': [], 'avg_rssi': None}, '65:34:61:b2:17:a1': {'first_seen': 1778945798.261015, 'last_seen': 1778945798.261891, 'seen_count': 2, 'channels': [], 'avg_rssi': None}, 'd7:71:ef:07:b5:89': {'first_seen': 1778945798.574689, 'last_seen': 1778945798.575571, 'seen_count': 2, 'channels': [], 'avg_rssi': None}, '07:7d:cd:32:b1:91': {'first_seen': 1778945798.884535, 'last_seen': 1778945798.885548, 'seen_count': 2, 'channels': [], 'avg_rssi': None}, '4c:1f:aa:c2:32:31': {'first_seen': 1778945799.507227, 'last_seen': 1778945799.508333, 'seen_count': 2, 'channels': [], 'avg_rssi': None}, 'de:bb:5f:61:11:10': {'first_seen': 1778945799.811556, 'last_seen': 1778945799.812471, 'seen_count': 2, 'channels': [], 'avg_rssi': None}, '23:a5:b6:06:84:89': {'first_seen': 1778945800.121164, 'last_seen': 1778945800.121988, 'seen_count': 2, 'channels': [], 'avg_rssi': None}, '8f:f2:ee:05:34:6c': {'first_seen': 1778945800.428759, 'last_seen': 1778945800.429751, 'seen_count': 2, 'channels': [], 'avg_rssi': None}, 'da:8f:63:21:08:11': {'first_seen': 1778945800.748951, 'last_seen': 1778945800.75002, 'seen_count': 2, 'channels': [], 'avg_rssi': None}, 'e8:56:b1:4a:02:f1': {'first_seen': 1778945801.061703, 'last_seen': 1778945801.062656, 'seen_count': 2, 'channels': [], 'avg_rssi': None}, '98:31:6a:93:99:61': {'first_seen': 1778945801.371855, 'last_seen': 1778945801.372804, 'seen_count': 2, 'channels': [], 'avg_rssi': None}, '80:03:5c:93:8e:e8': {'first_seen': 1778945801.682712, 'last_seen': 1778945801.683693, 'seen_count': 2, 'channels': [], 'avg_rssi': None}, 'dc:0e:e4:31:c3:76': {'first_seen': 1778945801.987341, 'last_seen': 1778945801.988209, 'seen_count': 2, 'channels': [], 'avg_rssi': None}, '39:af:2e:60:40:f2': {'first_seen': 1778945802.297151, 'last_seen': 1778945802.29835, 'seen_count': 2, 'channels': [], 'avg_rssi': None}, '89:32:b0:9a:e9:4d': {'first_seen': 1778945802.605726, 'last_seen': 1778945802.606868, 'seen_count': 2, 'channels': [], 'avg_rssi': None}, '25:4b:d0:17:30:53': {'first_seen': 1778945802.921768, 'last_seen': 1778945802.924635, 'seen_count': 2, 'channels': [], 'avg_rssi': None}, 'dc:a3:2f:00:4e:68': {'first_seen': 1778945803.242792, 'last_seen': 1778945803.243905, 'seen_count': 2, 'channels': [], 'avg_rssi': None}, '30:c3:78:d1:13:9e': {'first_seen': 1778945803.555885, 'last_seen': 1778945803.556916, 'seen_count': 2, 'channels': [], 'avg_rssi': None}, '3c:83:14:53:18:b7': {'first_seen': 1778945803.86879, 'last_seen': 1778945803.86993, 'seen_count': 2, 'channels': [], 'avg_rssi': None}, '1a:05:d4:c8:dd:a5': {'first_seen': 1778945804.183861, 'last_seen': 1778945804.184831, 'seen_count': 2, 'channels': [], 'avg_rssi': None}, '76:19:93:93:9d:c7': {'first_seen': 1778945804.503202, 'last_seen': 1778945804.504463, 'seen_count': 2, 'channels': [], 'avg_rssi': None}, '54:43:75:46:e5:15': {'first_seen': 1778945804.819818, 'last_seen': 1778945804.820981, 'seen_count': 2, 'channels': [], 'avg_rssi': None}, 'b1:99:43:eb:76:d8': {'first_seen': 1778945805.13234, 'last_seen': 1778945805.133254, 'seen_count': 2, 'channels': [], 'avg_rssi': None}, 'f9:a7:89:a8:96:52': {'first_seen': 1778945805.444804, 'last_seen': 1778945805.446013, 'seen_count': 2, 'channels': [], 'avg_rssi': None}, '9b:a7:ee:64:aa:a2': {'first_seen': 1778945805.761199, 'last_seen': 1778945805.762405, 'seen_count': 2, 'channels': [], 'avg_rssi': None}, '8f:17:d6:f0:78:65': {'first_seen': 1778945806.072808, 'last_seen': 1778945806.073921, 'seen_count': 2, 'channels': [], 'avg_rssi': None}, 'dc:0f:12:7a:58:f7': {'first_seen': 1778945806.381062, 'last_seen': 1778945806.38207, 'seen_count': 2, 'channels': [], 'avg_rssi': None}, '11:8f:eb:09:66:76': {'first_seen': 1778945806.697997, 'last_seen': 1778945806.698967, 'seen_count': 2, 'channels': [], 'avg_rssi': None}, '11:65:f0:80:ef:4d': {'first_seen': 1778945807.019409, 'last_seen': 1778945807.020346, 'seen_count': 2, 'channels': [], 'avg_rssi': None}, 'aa:35:b1:5b:bc:f8': {'first_seen': 1778945807.329805, 'last_seen': 1778945807.330739, 'seen_count': 2, 'channels': [], 'avg_rssi': None}, 'ba:6d:b0:32:7f:ce': {'first_seen': 1778945807.645981, 'last_seen': 1778945807.646888, 'seen_count': 2, 'channels': [], 'avg_rssi': None}, 'fb:6d:4c:7b:da:fa': {'first_seen': 1778945807.956264, 'last_seen': 1778945807.957143, 'seen_count': 2, 'channels': [], 'avg_rssi': None}, '90:78:57:c4:c1:51': {'first_seen': 1778945808.269541, 'last_seen': 1778945808.270661, 'seen_count': 2, 'channels': [], 'avg_rssi': None}, 'a0:d3:1e:3c:ec:f1': {'first_seen': 1778945808.581616, 'last_seen': 1778945808.582558, 'seen_count': 2, 'channels': [], 'avg_rssi': None}, 'd7:34:29:f1:3c:87': {'first_seen': 1778945808.891796, 'last_seen': 1778945808.89294, 'seen_count': 2, 'channels': [], 'avg_rssi': None}, '89:39:ff:09:1a:6c': {'first_seen': 1778945809.202508, 'last_seen': 1778945809.206457, 'seen_count': 2, 'channels': [], 'avg_rssi': None}, 'b1:b9:5f:8f:9d:bf': {'first_seen': 1778945809.513071, 'last_seen': 1778945809.514221, 'seen_count': 2, 'channels': [], 'avg_rssi': None}, '63:26:cb:04:a7:82': {'first_seen': 1778945809.823228, 'last_seen': 1778945809.826988, 'seen_count': 2, 'channels': [], 'avg_rssi': None}, 'a7:31:54:c0:61:f4': {'first_seen': 1778945810.13588, 'last_seen': 1778945810.137505, 'seen_count': 2, 'channels': [], 'avg_rssi': None}, '09:34:d4:c5:36:ab': {'first_seen': 1778945810.44877, 'last_seen': 1778945810.44877, 'seen_count': 1, 'channels': [], 'avg_rssi': None}, 'ab:8e:b3:e8:1d:a4': {'first_seen': 1778945810.752666, 'last_seen': 1778945810.754916, 'seen_count': 2, 'channels': [], 'avg_rssi': None}, 'da:5c:b9:62:2e:99': {'first_seen': 1778945811.063282, 'last_seen': 1778945811.064925, 'seen_count': 2, 'channels': [], 'avg_rssi': None}, '13:22:a6:54:f6:fa': {'first_seen': 1778945811.374864, 'last_seen': 1778945811.376072, 'seen_count': 2, 'channels': [], 'avg_rssi': None}, '08:db:e3:56:0e:e2': {'first_seen': 1778945811.684692, 'last_seen': 1778945811.685851, 'seen_count': 2, 'channels': [], 'avg_rssi': None}, '2f:83:a7:51:1c:8b': {'first_seen': 1778945811.995291, 'last_seen': 1778945811.996353, 'seen_count': 2, 'channels': [], 'avg_rssi': None}, '11:c2:49:2f:34:c0': {'first_seen': 1778945812.306029, 'last_seen': 1778945812.307117, 'seen_count': 2, 'channels': [], 'avg_rssi': None}, '36:34:b5:7e:a4:a6': {'first_seen': 1778945812.617558, 'last_seen': 1778945812.617558, 'seen_count': 1, 'channels': [], 'avg_rssi': None}, '43:69:db:07:98:c6': {'first_seen': 1778945812.927249, 'last_seen': 1778945812.928401, 'seen_count': 2, 'channels': [], 'avg_rssi': None}, '32:e9:20:4c:74:df': {'first_seen': 1778945813.235663, 'last_seen': 1778945813.236794, 'seen_count': 2, 'channels': [], 'avg_rssi': None}, '92:01:43:b4:bb:d7': {'first_seen': 1778945813.544768, 'last_seen': 1778945813.545683, 'seen_count': 2, 'channels': [], 'avg_rssi': None}, '4e:84:90:89:f3:05': {'first_seen': 1778945813.853946, 'last_seen': 1778945813.855074, 'seen_count': 2, 'channels': [], 'avg_rssi': None}, 'f4:e3:b1:c3:6c:12': {'first_seen': 1778945814.161907, 'last_seen': 1778945814.162839, 'seen_count': 2, 'channels': [], 'avg_rssi': None}, '02:1b:9e:2b:42:57': {'first_seen': 1778945814.476947, 'last_seen': 1778945814.47811, 'seen_count': 2, 'channels': [], 'avg_rssi': None}, 'd0:87:46:10:51:9f': {'first_seen': 1778945814.782274, 'last_seen': 1778945814.7835, 'seen_count': 2, 'channels': [], 'avg_rssi': None}, '3c:28:78:c1:d1:8a': {'first_seen': 1778945815.093852, 'last_seen': 1778945815.094891, 'seen_count': 2, 'channels': [], 'avg_rssi': None}, 'f6:c5:b4:87:53:4d': {'first_seen': 1778945815.400977, 'last_seen': 1778945815.401907, 'seen_count': 2, 'channels': [], 'avg_rssi': None}, '20:c8:93:06:22:0e': {'first_seen': 1778945815.709455, 'last_seen': 1778945815.710419, 'seen_count': 2, 'channels': [], 'avg_rssi': None}, '42:b5:3d:7b:85:73': {'first_seen': 1778945816.018193, 'last_seen': 1778945816.0197, 'seen_count': 2, 'channels': [], 'avg_rssi': None}, '06:af:2e:d2:ea:0e': {'first_seen': 1778945816.329262, 'last_seen': 1778945816.330453, 'seen_count': 2, 'channels': [], 'avg_rssi': None}, '48:38:57:48:10:05': {'first_seen': 1778945816.63575, 'last_seen': 1778945816.636717, 'seen_count': 2, 'channels': [], 'avg_rssi': None}, 'db:a6:42:98:a3:a2': {'first_seen': 1778945816.94426, 'last_seen': 1778945816.945484, 'seen_count': 2, 'channels': [], 'avg_rssi': None}, '04:dd:a7:e6:e4:01': {'first_seen': 1778945817.250354, 'last_seen': 1778945817.251502, 'seen_count': 2, 'channels': [], 'avg_rssi': None}, 'c0:b9:52:f7:fe:62': {'first_seen': 1778945817.559255, 'last_seen': 1778945817.560392, 'seen_count': 2, 'channels': [], 'avg_rssi': None}, '8a:96:32:b6:2e:b7': {'first_seen': 1778945817.8713, 'last_seen': 1778945817.872408, 'seen_count': 2, 'channels': [], 'avg_rssi': None}, '80:2d:a9:d5:3e:ff': {'first_seen': 1778945818.18018, 'last_seen': 1778945818.181172, 'seen_count': 2, 'channels': [], 'avg_rssi': None}, '59:4b:db:35:ba:e4': {'first_seen': 1778945818.496789, 'last_seen': 1778945818.497689, 'seen_count': 2, 'channels': [], 'avg_rssi': None}, 'e2:f5:c3:93:52:fd': {'first_seen': 1778945818.808939, 'last_seen': 1778945818.809955, 'seen_count': 2, 'channels': [], 'avg_rssi': None}, '02:21:88:6b:6a:f3': {'first_seen': 1778945819.122687, 'last_seen': 1778945819.123595, 'seen_count': 2, 'channels': [], 'avg_rssi': None}, 'b8:90:33:13:95:25': {'first_seen': 1778945819.434897, 'last_seen': 1778945819.435745, 'seen_count': 2, 'channels': [], 'avg_rssi': None}, '44:72:62:80:e5:75': {'first_seen': 1778945819.752896, 'last_seen': 1778945819.754019, 'seen_count': 2, 'channels': [], 'avg_rssi': None}, '4a:bc:0e:21:ad:63': {'first_seen': 1778945820.069879, 'last_seen': 1778945820.071022, 'seen_count': 2, 'channels': [], 'avg_rssi': None}, '5f:1d:63:d3:04:e3': {'first_seen': 1778945820.382527, 'last_seen': 1778945820.383534, 'seen_count': 2, 'channels': [], 'avg_rssi': None}, '1c:81:6f:90:b6:ef': {'first_seen': 1778945820.691889, 'last_seen': 1778945820.691889, 'seen_count': 1, 'channels': [], 'avg_rssi': None}}}
!!!!!!!!!!!!!!!!!!!!!!!!!!!!!!!!!!!!!!!!!!!!!!!!!!!!!!!!!!!!!!!!!!!!!!!!!!!!!!!!


!!!!!!!!!!!!!!!!!!!!!!!!!!!!!!!!!!!!!!!!!!!!!!!!!!!!!!!!!!!!!!!!!!!!!!!!!!!!!!!!
[ALERT] ALERT-000086 | POTENTIAL_EVIL_TWIN
severity: LOW
time: 2026-05-16T15:37:00.701983
message: Wykryto potencjalny Evil Twin / Rogue AP dla SSID 'TestNet_013'. Zaobserwowano 98 różnych BSSID oraz podejrzane różnice parametrów sieci.
evidence: {'ssid': 'TestNet_013', 'bssid_count': 98, 'bssids': ['5b:8e:6a:04:c8:08', 'a0:d4:d7:79:b4:a3', 'b5:a0:6c:0e:52:e0', '28:1d:a6:45:9c:55', '91:e4:cc:3c:b8:9d', '64:e9:5b:79:9a:5e', 'fe:be:b7:70:18:fb', '79:9d:63:60:2b:56', '70:de:67:60:30:c3', '0b:01:96:9c:9a:ed', '6d:2d:bd:4c:1c:7b', 'ea:76:51:ff:33:dc', '82:7e:6e:a4:ef:fc', '16:b6:6b:c2:a4:ec', '56:cc:35:ee:34:84', 'e1:ee:17:58:79:37', 'ed:49:80:68:6f:2d', 'c4:a3:28:e2:ae:88', '17:f9:47:0f:34:f6', '34:2d:7e:2d:63:30', '24:2e:95:e1:ef:d0', 'cb:3a:9e:40:bc:fd', '2b:a0:00:3b:ea:95', 'c9:19:07:0f:40:f1', '0c:ea:5a:2b:34:fb', '22:a6:62:e7:9a:44', 'bf:74:1f:12:14:8f', '27:e3:47:87:e4:9a', '1b:8d:24:48:a3:77', 'c7:4d:9c:ba:57:68', 'b5:a2:95:c1:01:e6', 'e9:81:55:4b:f9:0a', '01:c0:5d:39:a8:b3', '61:48:f3:11:ad:5a', 'd4:b8:07:d0:45:06', '3c:f5:50:38:8e:1d', 'c8:0a:04:d9:b0:70', 'd2:7d:46:0b:51:ef', '9c:a5:1c:47:87:c6', 'c2:86:14:24:c1:3f', '2a:4f:7b:40:bd:3d', 'f9:30:d4:71:ff:87', 'df:38:f1:3c:03:e8', 'a7:d3:51:8d:4b:cc', 'c9:17:67:51:f6:d1', '1d:f4:33:a6:09:48', '0c:70:c3:24:e6:af', 'ff:9f:a0:f7:b3:af', '0f:41:a5:9e:f9:93', 'b4:74:c1:2b:42:15', '48:72:d0:cb:ab:76', '28:04:c9:38:be:71', '43:09:83:4c:b6:06', 'a6:bf:93:5a:4d:2c', '60:97:9e:99:95:2b', '87:44:5b:67:d0:0b', '3e:f5:1b:cf:7e:db', '6c:25:ad:9b:7d:e8', '62:48:c8:61:1b:aa', '0a:33:e6:4a:35:8b', '07:6f:28:8b:45:e8', 'a9:84:31:9a:f7:7a', 'd6:10:a7:c4:9b:ab', 'd5:92:18:d5:3b:e9', 'd0:16:40:5f:14:81', '3d:32:03:a5:d1:0a', '9b:c2:b6:08:b7:ec', '15:22:4f:dd:8d:8a', '62:28:c3:cb:9e:a9', '14:e3:ca:9a:c2:6d', 'be:25:de:ed:26:5f', '54:dc:2c:1d:6e:cf', '24:1f:64:02:e5:81', '80:01:3c:3b:80:14', '00:a3:2e:79:5c:5e', '2d:93:82:d7:22:3c', 'df:5e:04:46:61:c4', 'a6:d8:3e:1d:c8:fd', 'a7:98:65:39:6d:3c', 'a1:eb:a5:f0:08:8d', 'ef:76:d8:cf:7b:c8', '55:68:3e:4d:c3:e3', '5b:b6:ff:8b:db:2f', 'fd:06:f7:0b:59:72', 'ac:d8:27:dc:0f:a7', 'cb:e9:cc:08:88:0e', 'dc:52:89:37:02:c2', 'a8:09:ac:dd:74:c5', 'ad:5a:60:2f:24:98', '83:89:37:9e:ac:1a', '8a:a4:c9:cc:46:61', '7e:55:b2:ad:52:1b', '82:b2:5e:74:a9:2d', '04:1f:7b:60:08:72', '48:2c:28:89:99:a5', '52:a6:c1:8b:1b:69', 'd1:ea:48:72:bf:05', 'f6:bc:12:38:ac:82'], 'triggered_reasons': ['same_ssid_multiple_bssid'], 'observations': {'5b:8e:6a:04:c8:08': {'first_seen': 1778945790.158943, 'last_seen': 1778945790.159847, 'seen_count': 2, 'channels': [], 'avg_rssi': None}, 'a0:d4:d7:79:b4:a3': {'first_seen': 1778945790.46512, 'last_seen': 1778945790.46641, 'seen_count': 2, 'channels': [], 'avg_rssi': None}, 'b5:a0:6c:0e:52:e0': {'first_seen': 1778945790.774468, 'last_seen': 1778945790.775507, 'seen_count': 2, 'channels': [], 'avg_rssi': None}, '28:1d:a6:45:9c:55': {'first_seen': 1778945791.082686, 'last_seen': 1778945791.085768, 'seen_count': 2, 'channels': [], 'avg_rssi': None}, '91:e4:cc:3c:b8:9d': {'first_seen': 1778945791.392388, 'last_seen': 1778945791.393533, 'seen_count': 2, 'channels': [], 'avg_rssi': None}, '64:e9:5b:79:9a:5e': {'first_seen': 1778945791.699292, 'last_seen': 1778945791.700425, 'seen_count': 2, 'channels': [], 'avg_rssi': None}, 'fe:be:b7:70:18:fb': {'first_seen': 1778945792.005684, 'last_seen': 1778945792.007321, 'seen_count': 2, 'channels': [], 'avg_rssi': None}, '79:9d:63:60:2b:56': {'first_seen': 1778945792.315412, 'last_seen': 1778945792.316582, 'seen_count': 2, 'channels': [], 'avg_rssi': None}, '70:de:67:60:30:c3': {'first_seen': 1778945792.630677, 'last_seen': 1778945792.631723, 'seen_count': 2, 'channels': [], 'avg_rssi': None}, '0b:01:96:9c:9a:ed': {'first_seen': 1778945792.944556, 'last_seen': 1778945792.945493, 'seen_count': 2, 'channels': [], 'avg_rssi': None}, '6d:2d:bd:4c:1c:7b': {'first_seen': 1778945793.262979, 'last_seen': 1778945793.263882, 'seen_count': 2, 'channels': [], 'avg_rssi': None}, 'ea:76:51:ff:33:dc': {'first_seen': 1778945793.578226, 'last_seen': 1778945793.579403, 'seen_count': 2, 'channels': [], 'avg_rssi': None}, '82:7e:6e:a4:ef:fc': {'first_seen': 1778945793.886459, 'last_seen': 1778945793.887549, 'seen_count': 2, 'channels': [], 'avg_rssi': None}, '16:b6:6b:c2:a4:ec': {'first_seen': 1778945794.205727, 'last_seen': 1778945794.206688, 'seen_count': 2, 'channels': [], 'avg_rssi': None}, '56:cc:35:ee:34:84': {'first_seen': 1778945794.515113, 'last_seen': 1778945794.51595, 'seen_count': 2, 'channels': [], 'avg_rssi': None}, 'e1:ee:17:58:79:37': {'first_seen': 1778945794.82406, 'last_seen': 1778945794.825087, 'seen_count': 2, 'channels': [], 'avg_rssi': None}, 'ed:49:80:68:6f:2d': {'first_seen': 1778945795.145731, 'last_seen': 1778945795.146727, 'seen_count': 2, 'channels': [], 'avg_rssi': None}, 'c4:a3:28:e2:ae:88': {'first_seen': 1778945795.459972, 'last_seen': 1778945795.460872, 'seen_count': 2, 'channels': [], 'avg_rssi': None}, '17:f9:47:0f:34:f6': {'first_seen': 1778945795.775113, 'last_seen': 1778945795.776266, 'seen_count': 2, 'channels': [], 'avg_rssi': None}, '34:2d:7e:2d:63:30': {'first_seen': 1778945796.089288, 'last_seen': 1778945796.090285, 'seen_count': 2, 'channels': [], 'avg_rssi': None}, '24:2e:95:e1:ef:d0': {'first_seen': 1778945796.399802, 'last_seen': 1778945796.400795, 'seen_count': 2, 'channels': [], 'avg_rssi': None}, 'cb:3a:9e:40:bc:fd': {'first_seen': 1778945796.709116, 'last_seen': 1778945796.710192, 'seen_count': 2, 'channels': [], 'avg_rssi': None}, '2b:a0:00:3b:ea:95': {'first_seen': 1778945797.020428, 'last_seen': 1778945797.021588, 'seen_count': 2, 'channels': [], 'avg_rssi': None}, 'c9:19:07:0f:40:f1': {'first_seen': 1778945797.338743, 'last_seen': 1778945797.339721, 'seen_count': 2, 'channels': [], 'avg_rssi': None}, '0c:ea:5a:2b:34:fb': {'first_seen': 1778945797.649525, 'last_seen': 1778945797.650491, 'seen_count': 2, 'channels': [], 'avg_rssi': None}, '22:a6:62:e7:9a:44': {'first_seen': 1778945797.960555, 'last_seen': 1778945797.961514, 'seen_count': 2, 'channels': [], 'avg_rssi': None}, 'bf:74:1f:12:14:8f': {'first_seen': 1778945798.271113, 'last_seen': 1778945798.272266, 'seen_count': 2, 'channels': [], 'avg_rssi': None}, '27:e3:47:87:e4:9a': {'first_seen': 1778945798.584797, 'last_seen': 1778945798.58578, 'seen_count': 2, 'channels': [], 'avg_rssi': None}, '1b:8d:24:48:a3:77': {'first_seen': 1778945798.894659, 'last_seen': 1778945798.895798, 'seen_count': 2, 'channels': [], 'avg_rssi': None}, 'c7:4d:9c:ba:57:68': {'first_seen': 1778945799.205988, 'last_seen': 1778945799.207078, 'seen_count': 2, 'channels': [], 'avg_rssi': None}, 'b5:a2:95:c1:01:e6': {'first_seen': 1778945799.517341, 'last_seen': 1778945799.518332, 'seen_count': 2, 'channels': [], 'avg_rssi': None}, 'e9:81:55:4b:f9:0a': {'first_seen': 1778945799.821663, 'last_seen': 1778945799.823098, 'seen_count': 2, 'channels': [], 'avg_rssi': None}, '01:c0:5d:39:a8:b3': {'first_seen': 1778945800.131261, 'last_seen': 1778945800.132363, 'seen_count': 2, 'channels': [], 'avg_rssi': None}, '61:48:f3:11:ad:5a': {'first_seen': 1778945800.438921, 'last_seen': 1778945800.440757, 'seen_count': 2, 'channels': [], 'avg_rssi': None}, 'd4:b8:07:d0:45:06': {'first_seen': 1778945800.759046, 'last_seen': 1778945800.760145, 'seen_count': 2, 'channels': [], 'avg_rssi': None}, '3c:f5:50:38:8e:1d': {'first_seen': 1778945801.0718, 'last_seen': 1778945801.072662, 'seen_count': 2, 'channels': [], 'avg_rssi': None}, 'c8:0a:04:d9:b0:70': {'first_seen': 1778945801.38196, 'last_seen': 1778945801.383052, 'seen_count': 2, 'channels': [], 'avg_rssi': None}, 'd2:7d:46:0b:51:ef': {'first_seen': 1778945801.692804, 'last_seen': 1778945801.693689, 'seen_count': 2, 'channels': [], 'avg_rssi': None}, '9c:a5:1c:47:87:c6': {'first_seen': 1778945801.997433, 'last_seen': 1778945801.998333, 'seen_count': 2, 'channels': [], 'avg_rssi': None}, 'c2:86:14:24:c1:3f': {'first_seen': 1778945802.307283, 'last_seen': 1778945802.308257, 'seen_count': 2, 'channels': [], 'avg_rssi': None}, '2a:4f:7b:40:bd:3d': {'first_seen': 1778945802.61582, 'last_seen': 1778945802.616741, 'seen_count': 2, 'channels': [], 'avg_rssi': None}, 'f9:30:d4:71:ff:87': {'first_seen': 1778945802.931876, 'last_seen': 1778945802.933131, 'seen_count': 2, 'channels': [], 'avg_rssi': None}, 'df:38:f1:3c:03:e8': {'first_seen': 1778945803.252909, 'last_seen': 1778945803.253786, 'seen_count': 2, 'channels': [], 'avg_rssi': None}, 'a7:d3:51:8d:4b:cc': {'first_seen': 1778945803.565982, 'last_seen': 1778945803.567174, 'seen_count': 2, 'channels': [], 'avg_rssi': None}, 'c9:17:67:51:f6:d1': {'first_seen': 1778945803.878887, 'last_seen': 1778945803.879806, 'seen_count': 2, 'channels': [], 'avg_rssi': None}, '1d:f4:33:a6:09:48': {'first_seen': 1778945804.193952, 'last_seen': 1778945804.195071, 'seen_count': 2, 'channels': [], 'avg_rssi': None}, '0c:70:c3:24:e6:af': {'first_seen': 1778945804.513299, 'last_seen': 1778945804.514345, 'seen_count': 2, 'channels': [], 'avg_rssi': None}, 'ff:9f:a0:f7:b3:af': {'first_seen': 1778945804.829909, 'last_seen': 1778945804.830868, 'seen_count': 2, 'channels': [], 'avg_rssi': None}, '0f:41:a5:9e:f9:93': {'first_seen': 1778945805.142459, 'last_seen': 1778945805.14338, 'seen_count': 2, 'channels': [], 'avg_rssi': None}, 'b4:74:c1:2b:42:15': {'first_seen': 1778945805.454912, 'last_seen': 1778945805.455889, 'seen_count': 2, 'channels': [], 'avg_rssi': None}, '48:72:d0:cb:ab:76': {'first_seen': 1778945805.771303, 'last_seen': 1778945805.772405, 'seen_count': 2, 'channels': [], 'avg_rssi': None}, '28:04:c9:38:be:71': {'first_seen': 1778945806.082906, 'last_seen': 1778945806.084054, 'seen_count': 2, 'channels': [], 'avg_rssi': None}, '43:09:83:4c:b6:06': {'first_seen': 1778945806.391161, 'last_seen': 1778945806.392195, 'seen_count': 2, 'channels': [], 'avg_rssi': None}, 'a6:bf:93:5a:4d:2c': {'first_seen': 1778945806.708112, 'last_seen': 1778945806.70895, 'seen_count': 2, 'channels': [], 'avg_rssi': None}, '60:97:9e:99:95:2b': {'first_seen': 1778945807.029509, 'last_seen': 1778945807.030595, 'seen_count': 2, 'channels': [], 'avg_rssi': None}, '87:44:5b:67:d0:0b': {'first_seen': 1778945807.339925, 'last_seen': 1778945807.340868, 'seen_count': 2, 'channels': [], 'avg_rssi': None}, '3e:f5:1b:cf:7e:db': {'first_seen': 1778945807.656081, 'last_seen': 1778945807.657004, 'seen_count': 2, 'channels': [], 'avg_rssi': None}, '6c:25:ad:9b:7d:e8': {'first_seen': 1778945807.966376, 'last_seen': 1778945807.967527, 'seen_count': 2, 'channels': [], 'avg_rssi': None}, '62:48:c8:61:1b:aa': {'first_seen': 1778945808.279636, 'last_seen': 1778945808.280533, 'seen_count': 2, 'channels': [], 'avg_rssi': None}, '0a:33:e6:4a:35:8b': {'first_seen': 1778945808.591736, 'last_seen': 1778945808.592933, 'seen_count': 2, 'channels': [], 'avg_rssi': None}, '07:6f:28:8b:45:e8': {'first_seen': 1778945808.903793, 'last_seen': 1778945808.904703, 'seen_count': 2, 'channels': [], 'avg_rssi': None}, 'a9:84:31:9a:f7:7a': {'first_seen': 1778945809.212609, 'last_seen': 1778945809.213833, 'seen_count': 2, 'channels': [], 'avg_rssi': None}, 'd6:10:a7:c4:9b:ab': {'first_seen': 1778945809.52363, 'last_seen': 1778945809.524848, 'seen_count': 2, 'channels': [], 'avg_rssi': None}, 'd5:92:18:d5:3b:e9': {'first_seen': 1778945809.83332, 'last_seen': 1778945809.834863, 'seen_count': 2, 'channels': [], 'avg_rssi': None}, 'd0:16:40:5f:14:81': {'first_seen': 1778945810.450857, 'last_seen': 1778945810.454902, 'seen_count': 2, 'channels': [], 'avg_rssi': None}, '3d:32:03:a5:d1:0a': {'first_seen': 1778945810.762762, 'last_seen': 1778945810.76429, 'seen_count': 2, 'channels': [], 'avg_rssi': None}, '9b:c2:b6:08:b7:ec': {'first_seen': 1778945811.073379, 'last_seen': 1778945811.074428, 'seen_count': 2, 'channels': [], 'avg_rssi': None}, '15:22:4f:dd:8d:8a': {'first_seen': 1778945811.384959, 'last_seen': 1778945811.386073, 'seen_count': 2, 'channels': [], 'avg_rssi': None}, '62:28:c3:cb:9e:a9': {'first_seen': 1778945811.695641, 'last_seen': 1778945811.696853, 'seen_count': 2, 'channels': [], 'avg_rssi': None}, '14:e3:ca:9a:c2:6d': {'first_seen': 1778945812.005385, 'last_seen': 1778945812.006479, 'seen_count': 2, 'channels': [], 'avg_rssi': None}, 'be:25:de:ed:26:5f': {'first_seen': 1778945812.316131, 'last_seen': 1778945812.316995, 'seen_count': 2, 'channels': [], 'avg_rssi': None}, '54:dc:2c:1d:6e:cf': {'first_seen': 1778945812.627651, 'last_seen': 1778945812.628509, 'seen_count': 2, 'channels': [], 'avg_rssi': None}, '24:1f:64:02:e5:81': {'first_seen': 1778945812.937356, 'last_seen': 1778945812.938276, 'seen_count': 2, 'channels': [], 'avg_rssi': None}, '80:01:3c:3b:80:14': {'first_seen': 1778945813.245766, 'last_seen': 1778945813.246668, 'seen_count': 2, 'channels': [], 'avg_rssi': None}, '00:a3:2e:79:5c:5e': {'first_seen': 1778945813.554866, 'last_seen': 1778945813.55581, 'seen_count': 2, 'channels': [], 'avg_rssi': None}, '2d:93:82:d7:22:3c': {'first_seen': 1778945813.864039, 'last_seen': 1778945813.864965, 'seen_count': 2, 'channels': [], 'avg_rssi': None}, 'df:5e:04:46:61:c4': {'first_seen': 1778945814.172, 'last_seen': 1778945814.173215, 'seen_count': 2, 'channels': [], 'avg_rssi': None}, 'a6:d8:3e:1d:c8:fd': {'first_seen': 1778945814.487094, 'last_seen': 1778945814.488235, 'seen_count': 2, 'channels': [], 'avg_rssi': None}, 'a7:98:65:39:6d:3c': {'first_seen': 1778945814.792382, 'last_seen': 1778945814.79325, 'seen_count': 2, 'channels': [], 'avg_rssi': None}, 'a1:eb:a5:f0:08:8d': {'first_seen': 1778945815.103949, 'last_seen': 1778945815.105016, 'seen_count': 2, 'channels': [], 'avg_rssi': None}, 'ef:76:d8:cf:7b:c8': {'first_seen': 1778945815.412446, 'last_seen': 1778945815.415276, 'seen_count': 2, 'channels': [], 'avg_rssi': None}, '55:68:3e:4d:c3:e3': {'first_seen': 1778945815.719554, 'last_seen': 1778945815.720421, 'seen_count': 2, 'channels': [], 'avg_rssi': None}, '5b:b6:ff:8b:db:2f': {'first_seen': 1778945816.028285, 'last_seen': 1778945816.030072, 'seen_count': 2, 'channels': [], 'avg_rssi': None}, 'fd:06:f7:0b:59:72': {'first_seen': 1778945816.339358, 'last_seen': 1778945816.340202, 'seen_count': 2, 'channels': [], 'avg_rssi': None}, 'ac:d8:27:dc:0f:a7': {'first_seen': 1778945816.645864, 'last_seen': 1778945816.646969, 'seen_count': 2, 'channels': [], 'avg_rssi': None}, 'cb:e9:cc:08:88:0e': {'first_seen': 1778945816.954376, 'last_seen': 1778945816.955483, 'seen_count': 2, 'channels': [], 'avg_rssi': None}, 'dc:52:89:37:02:c2': {'first_seen': 1778945817.262665, 'last_seen': 1778945817.263876, 'seen_count': 2, 'channels': [], 'avg_rssi': None}, 'a8:09:ac:dd:74:c5': {'first_seen': 1778945817.569379, 'last_seen': 1778945817.570531, 'seen_count': 2, 'channels': [], 'avg_rssi': None}, 'ad:5a:60:2f:24:98': {'first_seen': 1778945817.8814, 'last_seen': 1778945817.882532, 'seen_count': 2, 'channels': [], 'avg_rssi': None}, '83:89:37:9e:ac:1a': {'first_seen': 1778945818.190292, 'last_seen': 1778945818.191425, 'seen_count': 2, 'channels': [], 'avg_rssi': None}, '8a:a4:c9:cc:46:61': {'first_seen': 1778945818.506894, 'last_seen': 1778945818.507949, 'seen_count': 2, 'channels': [], 'avg_rssi': None}, '7e:55:b2:ad:52:1b': {'first_seen': 1778945818.81903, 'last_seen': 1778945818.819955, 'seen_count': 2, 'channels': [], 'avg_rssi': None}, '82:b2:5e:74:a9:2d': {'first_seen': 1778945819.132781, 'last_seen': 1778945819.13372, 'seen_count': 2, 'channels': [], 'avg_rssi': None}, '04:1f:7b:60:08:72': {'first_seen': 1778945819.446724, 'last_seen': 1778945819.447865, 'seen_count': 2, 'channels': [], 'avg_rssi': None}, '48:2c:28:89:99:a5': {'first_seen': 1778945819.763773, 'last_seen': 1778945819.76488, 'seen_count': 2, 'channels': [], 'avg_rssi': None}, '52:a6:c1:8b:1b:69': {'first_seen': 1778945820.079974, 'last_seen': 1778945820.082276, 'seen_count': 2, 'channels': [], 'avg_rssi': None}, 'd1:ea:48:72:bf:05': {'first_seen': 1778945820.392686, 'last_seen': 1778945820.394417, 'seen_count': 2, 'channels': [], 'avg_rssi': None}, 'f6:bc:12:38:ac:82': {'first_seen': 1778945820.701983, 'last_seen': 1778945820.701983, 'seen_count': 1, 'channels': [], 'avg_rssi': None}}}
!!!!!!!!!!!!!!!!!!!!!!!!!!!!!!!!!!!!!!!!!!!!!!!!!!!!!!!!!!!!!!!!!!!!!!!!!!!!!!!!


!!!!!!!!!!!!!!!!!!!!!!!!!!!!!!!!!!!!!!!!!!!!!!!!!!!!!!!!!!!!!!!!!!!!!!!!!!!!!!!!
[ALERT] ALERT-000087 | RTS_FLOOD_SOURCE
severity: MEDIUM
time: 2026-05-16T15:37:00.704788
message: Wykryto możliwy RTS Flood z pojedynczego źródła: 89 ramek RTS z adresu d8:d7:75:45:81:24 w oknie 5s.
evidence: {'source_mac': 'd8:d7:75:45:81:24', 'rts_count': 89, 'unique_destination_count': 1, 'rts_per_source_threshold': 50, 'window_seconds': 5, 'sample_destinations': ['8a:f4:af:eb:f3:fb']}
!!!!!!!!!!!!!!!!!!!!!!!!!!!!!!!!!!!!!!!!!!!!!!!!!!!!!!!!!!!!!!!!!!!!!!!!!!!!!!!!


!!!!!!!!!!!!!!!!!!!!!!!!!!!!!!!!!!!!!!!!!!!!!!!!!!!!!!!!!!!!!!!!!!!!!!!!!!!!!!!!
[ALERT] ALERT-000088 | POTENTIAL_EVIL_TWIN
severity: LOW
time: 2026-05-16T15:37:00.712077
message: Wykryto potencjalny Evil Twin / Rogue AP dla SSID 'TestNet_014'. Zaobserwowano 99 różnych BSSID oraz podejrzane różnice parametrów sieci.
evidence: {'ssid': 'TestNet_014', 'bssid_count': 99, 'bssids': ['bc:fa:dc:d6:41:52', '1e:d3:00:8c:be:c3', '90:3c:89:ec:7f:8e', '10:9b:d6:c5:2b:e0', 'e1:08:ac:6b:02:07', '05:00:a7:4f:f3:30', 'f6:55:9e:b3:6c:fe', 'f0:ce:e2:6e:63:d3', '49:0b:82:07:ea:5f', '29:3d:1b:a9:fc:31', '56:3a:53:b2:f9:fa', '2e:a3:ee:10:56:4a', '95:25:04:93:08:09', 'dd:22:ed:a6:ea:10', 'ae:40:34:08:48:8e', '6e:75:c2:0a:2e:87', '87:16:99:19:b6:09', '78:4f:00:cd:5b:fb', '57:e3:bb:14:30:88', 'ec:2d:57:43:8b:83', '48:20:04:ca:46:8e', 'a6:48:e0:5d:63:2b', '44:32:66:83:0a:6e', 'e4:31:76:43:a2:0d', '76:b8:5c:82:1f:24', '11:de:a8:03:d4:d8', '6c:0c:d4:7e:43:f8', '95:4e:f2:a8:82:d7', 'd1:12:ee:7f:05:a0', '14:f2:49:c2:ac:88', 'd1:4a:76:16:48:77', 'c0:e2:56:11:ca:7c', '38:6a:f7:fc:06:14', 'fb:09:b3:8c:93:e0', '19:bc:5c:e6:f1:ad', '0c:c8:69:1e:9c:52', '7c:1f:9e:13:cf:3e', '87:5c:34:46:55:38', '7a:56:8e:71:0d:e3', '33:f1:79:8f:c0:07', '97:f0:da:ff:66:9c', 'd7:f3:99:0b:df:ce', '6c:15:ef:22:95:39', '43:21:f3:19:5a:1f', '49:af:6a:34:3f:54', 'c0:83:3d:b3:1f:34', 'b8:8e:d6:d2:d3:fd', '0d:33:f1:1f:fb:a7', '54:b4:3f:b8:dc:aa', '8e:bf:3f:57:50:d2', '84:94:2b:a3:0e:f8', '09:a3:83:4b:33:1a', 'd6:eb:6f:b1:04:41', '3a:68:63:6c:33:26', '05:fd:48:ee:b2:b1', '6a:4e:2a:34:0f:e8', 'de:06:8b:7a:00:ad', 'fb:be:92:a2:4b:38', '88:f1:e9:3b:c2:17', 'c0:d4:1c:fa:80:9f', '7d:c0:e4:6e:ec:aa', 'e9:30:2e:2c:4e:38', 'ab:d8:84:bc:63:f0', '1a:d2:57:93:63:83', '6c:89:9e:7e:b2:7b', '44:7b:56:56:75:ee', 'cb:79:84:c6:90:3a', 'c3:b8:40:64:57:93', '36:ed:47:95:64:25', '5b:0d:30:35:fb:19', 'ac:9c:41:df:5b:11', '34:fc:89:f9:77:50', '52:b2:3e:50:c0:64', '8a:1c:e9:39:da:6c', '86:6f:bc:cb:fc:7f', '5e:6b:40:90:6d:40', 'c3:9a:35:10:ad:3d', '6e:3f:b8:26:a2:0b', '19:ea:8e:a8:e3:fa', '34:8d:b2:1b:f9:8b', '60:36:7d:14:54:3a', '7c:e4:9f:3f:6d:f9', '97:19:13:8d:5b:70', '0c:d2:b2:cb:1e:5c', 'a0:93:12:17:5c:a9', '1f:46:17:c3:62:34', '59:88:f6:e1:13:b1', '44:26:3d:3a:55:ee', '19:ef:57:fd:6f:1e', 'ac:11:07:10:fd:f1', 'a2:77:3e:0d:ab:4c', '9c:46:32:c1:72:5f', '1b:6b:64:9d:13:d5', '4f:b5:70:dd:c0:df', 'aa:51:de:01:a2:42', '62:bf:33:1a:48:d1', '12:03:38:cb:3c:97', 'c2:11:b9:7e:c7:0b', '50:1f:51:c2:9e:b0'], 'triggered_reasons': ['same_ssid_multiple_bssid'], 'observations': {'bc:fa:dc:d6:41:52': {'first_seen': 1778945790.169063, 'last_seen': 1778945790.170227, 'seen_count': 2, 'channels': [], 'avg_rssi': None}, '1e:d3:00:8c:be:c3': {'first_seen': 1778945790.476677, 'last_seen': 1778945790.477617, 'seen_count': 2, 'channels': [], 'avg_rssi': None}, '90:3c:89:ec:7f:8e': {'first_seen': 1778945790.784567, 'last_seen': 1778945790.785629, 'seen_count': 2, 'channels': [], 'avg_rssi': None}, '10:9b:d6:c5:2b:e0': {'first_seen': 1778945791.092799, 'last_seen': 1778945791.094021, 'seen_count': 2, 'channels': [], 'avg_rssi': None}, 'e1:08:ac:6b:02:07': {'first_seen': 1778945791.402607, 'last_seen': 1778945791.403664, 'seen_count': 2, 'channels': [], 'avg_rssi': None}, '05:00:a7:4f:f3:30': {'first_seen': 1778945791.709405, 'last_seen': 1778945791.710304, 'seen_count': 2, 'channels': [], 'avg_rssi': None}, 'f6:55:9e:b3:6c:fe': {'first_seen': 1778945792.015776, 'last_seen': 1778945792.016694, 'seen_count': 2, 'channels': [], 'avg_rssi': None}, 'f0:ce:e2:6e:63:d3': {'first_seen': 1778945792.325514, 'last_seen': 1778945792.326707, 'seen_count': 2, 'channels': [], 'avg_rssi': None}, '49:0b:82:07:ea:5f': {'first_seen': 1778945792.640769, 'last_seen': 1778945792.641847, 'seen_count': 2, 'channels': [], 'avg_rssi': None}, '29:3d:1b:a9:fc:31': {'first_seen': 1778945792.954682, 'last_seen': 1778945792.955624, 'seen_count': 2, 'channels': [], 'avg_rssi': None}, '56:3a:53:b2:f9:fa': {'first_seen': 1778945793.273082, 'last_seen': 1778945793.274006, 'seen_count': 2, 'channels': [], 'avg_rssi': None}, '2e:a3:ee:10:56:4a': {'first_seen': 1778945793.588351, 'last_seen': 1778945793.589406, 'seen_count': 2, 'channels': [], 'avg_rssi': None}, '95:25:04:93:08:09': {'first_seen': 1778945793.898684, 'last_seen': 1778945793.899915, 'seen_count': 2, 'channels': [], 'avg_rssi': None}, 'dd:22:ed:a6:ea:10': {'first_seen': 1778945794.215837, 'last_seen': 1778945794.216939, 'seen_count': 2, 'channels': [], 'avg_rssi': None}, 'ae:40:34:08:48:8e': {'first_seen': 1778945794.525218, 'last_seen': 1778945794.526198, 'seen_count': 2, 'channels': [], 'avg_rssi': None}, '6e:75:c2:0a:2e:87': {'first_seen': 1778945794.834178, 'last_seen': 1778945794.835088, 'seen_count': 2, 'channels': [], 'avg_rssi': None}, '87:16:99:19:b6:09': {'first_seen': 1778945795.155824, 'last_seen': 1778945795.156728, 'seen_count': 2, 'channels': [], 'avg_rssi': None}, '78:4f:00:cd:5b:fb': {'first_seen': 1778945795.471143, 'last_seen': 1778945795.472125, 'seen_count': 2, 'channels': [], 'avg_rssi': None}, '57:e3:bb:14:30:88': {'first_seen': 1778945795.786674, 'last_seen': 1778945795.787887, 'seen_count': 2, 'channels': [], 'avg_rssi': None}, 'ec:2d:57:43:8b:83': {'first_seen': 1778945796.099397, 'last_seen': 1778945796.103532, 'seen_count': 2, 'channels': [], 'avg_rssi': None}, '48:20:04:ca:46:8e': {'first_seen': 1778945796.410661, 'last_seen': 1778945796.411542, 'seen_count': 2, 'channels': [], 'avg_rssi': None}, 'a6:48:e0:5d:63:2b': {'first_seen': 1778945796.722679, 'last_seen': 1778945796.723815, 'seen_count': 2, 'channels': [], 'avg_rssi': None}, '44:32:66:83:0a:6e': {'first_seen': 1778945797.0319, 'last_seen': 1778945797.034846, 'seen_count': 2, 'channels': [], 'avg_rssi': None}, 'e4:31:76:43:a2:0d': {'first_seen': 1778945797.348856, 'last_seen': 1778945797.349853, 'seen_count': 2, 'channels': [], 'avg_rssi': None}, '76:b8:5c:82:1f:24': {'first_seen': 1778945797.659615, 'last_seen': 1778945797.660734, 'seen_count': 2, 'channels': [], 'avg_rssi': None}, '11:de:a8:03:d4:d8': {'first_seen': 1778945797.970657, 'last_seen': 1778945797.971631, 'seen_count': 2, 'channels': [], 'avg_rssi': None}, '6c:0c:d4:7e:43:f8': {'first_seen': 1778945798.281207, 'last_seen': 1778945798.282142, 'seen_count': 2, 'channels': [], 'avg_rssi': None}, '95:4e:f2:a8:82:d7': {'first_seen': 1778945798.594906, 'last_seen': 1778945798.595782, 'seen_count': 2, 'channels': [], 'avg_rssi': None}, 'd1:12:ee:7f:05:a0': {'first_seen': 1778945798.904733, 'last_seen': 1778945798.905926, 'seen_count': 2, 'channels': [], 'avg_rssi': None}, '14:f2:49:c2:ac:88': {'first_seen': 1778945799.216084, 'last_seen': 1778945799.21694, 'seen_count': 2, 'channels': [], 'avg_rssi': None}, 'd1:4a:76:16:48:77': {'first_seen': 1778945799.527447, 'last_seen': 1778945799.528711, 'seen_count': 2, 'channels': [], 'avg_rssi': None}, 'c0:e2:56:11:ca:7c': {'first_seen': 1778945799.831764, 'last_seen': 1778945799.832722, 'seen_count': 2, 'channels': [], 'avg_rssi': None}, '38:6a:f7:fc:06:14': {'first_seen': 1778945800.141354, 'last_seen': 1778945800.142237, 'seen_count': 2, 'channels': [], 'avg_rssi': None}, 'fb:09:b3:8c:93:e0': {'first_seen': 1778945800.449025, 'last_seen': 1778945800.450003, 'seen_count': 2, 'channels': [], 'avg_rssi': None}, '19:bc:5c:e6:f1:ad': {'first_seen': 1778945800.769145, 'last_seen': 1778945800.770269, 'seen_count': 2, 'channels': [], 'avg_rssi': None}, '0c:c8:69:1e:9c:52': {'first_seen': 1778945801.081891, 'last_seen': 1778945801.082785, 'seen_count': 2, 'channels': [], 'avg_rssi': None}, '7c:1f:9e:13:cf:3e': {'first_seen': 1778945801.392059, 'last_seen': 1778945801.39318, 'seen_count': 2, 'channels': [], 'avg_rssi': None}, '87:5c:34:46:55:38': {'first_seen': 1778945801.702898, 'last_seen': 1778945801.703944, 'seen_count': 2, 'channels': [], 'avg_rssi': None}, '7a:56:8e:71:0d:e3': {'first_seen': 1778945802.007529, 'last_seen': 1778945802.008461, 'seen_count': 2, 'channels': [], 'avg_rssi': None}, '33:f1:79:8f:c0:07': {'first_seen': 1778945802.31741, 'last_seen': 1778945802.318486, 'seen_count': 2, 'channels': [], 'avg_rssi': None}, '97:f0:da:ff:66:9c': {'first_seen': 1778945802.628398, 'last_seen': 1778945802.629502, 'seen_count': 2, 'channels': [], 'avg_rssi': None}, 'd7:f3:99:0b:df:ce': {'first_seen': 1778945802.944705, 'last_seen': 1778945802.945632, 'seen_count': 2, 'channels': [], 'avg_rssi': None}, '6c:15:ef:22:95:39': {'first_seen': 1778945803.266677, 'last_seen': 1778945803.272274, 'seen_count': 2, 'channels': [], 'avg_rssi': None}, '43:21:f3:19:5a:1f': {'first_seen': 1778945803.578872, 'last_seen': 1778945803.580046, 'seen_count': 2, 'channels': [], 'avg_rssi': None}, '49:af:6a:34:3f:54': {'first_seen': 1778945803.888985, 'last_seen': 1778945803.890182, 'seen_count': 2, 'channels': [], 'avg_rssi': None}, 'c0:83:3d:b3:1f:34': {'first_seen': 1778945804.204051, 'last_seen': 1778945804.205074, 'seen_count': 2, 'channels': [], 'avg_rssi': None}, 'b8:8e:d6:d2:d3:fd': {'first_seen': 1778945804.523395, 'last_seen': 1778945804.524341, 'seen_count': 2, 'channels': [], 'avg_rssi': None}, '0d:33:f1:1f:fb:a7': {'first_seen': 1778945804.840028, 'last_seen': 1778945804.841231, 'seen_count': 2, 'channels': [], 'avg_rssi': None}, '54:b4:3f:b8:dc:aa': {'first_seen': 1778945805.152562, 'last_seen': 1778945805.153498, 'seen_count': 2, 'channels': [], 'avg_rssi': None}, '8e:bf:3f:57:50:d2': {'first_seen': 1778945805.469261, 'last_seen': 1778945805.47039, 'seen_count': 2, 'channels': [], 'avg_rssi': None}, '84:94:2b:a3:0e:f8': {'first_seen': 1778945805.781398, 'last_seen': 1778945805.782293, 'seen_count': 2, 'channels': [], 'avg_rssi': None}, '09:a3:83:4b:33:1a': {'first_seen': 1778945806.093004, 'last_seen': 1778945806.093924, 'seen_count': 2, 'channels': [], 'avg_rssi': None}, 'd6:eb:6f:b1:04:41': {'first_seen': 1778945806.401271, 'last_seen': 1778945806.402187, 'seen_count': 2, 'channels': [], 'avg_rssi': None}, '3a:68:63:6c:33:26': {'first_seen': 1778945806.71822, 'last_seen': 1778945806.719079, 'seen_count': 2, 'channels': [], 'avg_rssi': None}, '05:fd:48:ee:b2:b1': {'first_seen': 1778945807.039619, 'last_seen': 1778945807.040474, 'seen_count': 2, 'channels': [], 'avg_rssi': None}, '6a:4e:2a:34:0f:e8': {'first_seen': 1778945807.350012, 'last_seen': 1778945807.351372, 'seen_count': 2, 'channels': [], 'avg_rssi': None}, 'de:06:8b:7a:00:ad': {'first_seen': 1778945807.666194, 'last_seen': 1778945807.667139, 'seen_count': 2, 'channels': [], 'avg_rssi': None}, 'fb:be:92:a2:4b:38': {'first_seen': 1778945807.976511, 'last_seen': 1778945807.977404, 'seen_count': 2, 'channels': [], 'avg_rssi': None}, '88:f1:e9:3b:c2:17': {'first_seen': 1778945808.289732, 'last_seen': 1778945808.290662, 'seen_count': 2, 'channels': [], 'avg_rssi': None}, 'c0:d4:1c:fa:80:9f': {'first_seen': 1778945808.601825, 'last_seen': 1778945808.602677, 'seen_count': 2, 'channels': [], 'avg_rssi': None}, '7d:c0:e4:6e:ec:aa': {'first_seen': 1778945808.913897, 'last_seen': 1778945808.91482, 'seen_count': 2, 'channels': [], 'avg_rssi': None}, 'e9:30:2e:2c:4e:38': {'first_seen': 1778945809.222691, 'last_seen': 1778945809.223835, 'seen_count': 2, 'channels': [], 'avg_rssi': None}, 'ab:d8:84:bc:63:f0': {'first_seen': 1778945809.533724, 'last_seen': 1778945809.534974, 'seen_count': 2, 'channels': [], 'avg_rssi': None}, '1a:d2:57:93:63:83': {'first_seen': 1778945809.843417, 'last_seen': 1778945809.844491, 'seen_count': 2, 'channels': [], 'avg_rssi': None}, '6c:89:9e:7e:b2:7b': {'first_seen': 1778945810.157381, 'last_seen': 1778945810.157381, 'seen_count': 1, 'channels': [], 'avg_rssi': None}, '44:7b:56:56:75:ee': {'first_seen': 1778945810.460961, 'last_seen': 1778945810.462149, 'seen_count': 2, 'channels': [], 'avg_rssi': None}, 'cb:79:84:c6:90:3a': {'first_seen': 1778945810.772853, 'last_seen': 1778945810.780539, 'seen_count': 2, 'channels': [], 'avg_rssi': None}, 'c3:b8:40:64:57:93': {'first_seen': 1778945811.083487, 'last_seen': 1778945811.099804, 'seen_count': 2, 'channels': [], 'avg_rssi': None}, '36:ed:47:95:64:25': {'first_seen': 1778945811.395052, 'last_seen': 1778945811.395946, 'seen_count': 2, 'channels': [], 'avg_rssi': None}, '5b:0d:30:35:fb:19': {'first_seen': 1778945811.705741, 'last_seen': 1778945811.706714, 'seen_count': 2, 'channels': [], 'avg_rssi': None}, 'ac:9c:41:df:5b:11': {'first_seen': 1778945812.015489, 'last_seen': 1778945812.016481, 'seen_count': 2, 'channels': [], 'avg_rssi': None}, '34:fc:89:f9:77:50': {'first_seen': 1778945812.33084, 'last_seen': 1778945812.331744, 'seen_count': 2, 'channels': [], 'avg_rssi': None}, '52:b2:3e:50:c0:64': {'first_seen': 1778945812.637759, 'last_seen': 1778945812.638763, 'seen_count': 2, 'channels': [], 'avg_rssi': None}, '8a:1c:e9:39:da:6c': {'first_seen': 1778945812.947456, 'last_seen': 1778945812.948292, 'seen_count': 2, 'channels': [], 'avg_rssi': None}, '86:6f:bc:cb:fc:7f': {'first_seen': 1778945813.255868, 'last_seen': 1778945813.257045, 'seen_count': 2, 'channels': [], 'avg_rssi': None}, '5e:6b:40:90:6d:40': {'first_seen': 1778945813.564976, 'last_seen': 1778945813.565935, 'seen_count': 2, 'channels': [], 'avg_rssi': None}, 'c3:9a:35:10:ad:3d': {'first_seen': 1778945813.874191, 'last_seen': 1778945813.875324, 'seen_count': 2, 'channels': [], 'avg_rssi': None}, '6e:3f:b8:26:a2:0b': {'first_seen': 1778945814.182103, 'last_seen': 1778945814.182968, 'seen_count': 2, 'channels': [], 'avg_rssi': None}, '19:ea:8e:a8:e3:fa': {'first_seen': 1778945814.497202, 'last_seen': 1778945814.498232, 'seen_count': 2, 'channels': [], 'avg_rssi': None}, '34:8d:b2:1b:f9:8b': {'first_seen': 1778945814.806704, 'last_seen': 1778945814.807639, 'seen_count': 2, 'channels': [], 'avg_rssi': None}, '60:36:7d:14:54:3a': {'first_seen': 1778945815.114043, 'last_seen': 1778945815.115265, 'seen_count': 2, 'channels': [], 'avg_rssi': None}, '7c:e4:9f:3f:6d:f9': {'first_seen': 1778945815.422553, 'last_seen': 1778945815.423545, 'seen_count': 2, 'channels': [], 'avg_rssi': None}, '97:19:13:8d:5b:70': {'first_seen': 1778945815.729661, 'last_seen': 1778945815.730702, 'seen_count': 2, 'channels': [], 'avg_rssi': None}, '0c:d2:b2:cb:1e:5c': {'first_seen': 1778945816.0387, 'last_seen': 1778945816.039823, 'seen_count': 2, 'channels': [], 'avg_rssi': None}, 'a0:93:12:17:5c:a9': {'first_seen': 1778945816.349462, 'last_seen': 1778945816.35058, 'seen_count': 2, 'channels': [], 'avg_rssi': None}, '1f:46:17:c3:62:34': {'first_seen': 1778945816.655966, 'last_seen': 1778945816.657094, 'seen_count': 2, 'channels': [], 'avg_rssi': None}, '59:88:f6:e1:13:b1': {'first_seen': 1778945816.96447, 'last_seen': 1778945816.965357, 'seen_count': 2, 'channels': [], 'avg_rssi': None}, '44:26:3d:3a:55:ee': {'first_seen': 1778945817.272764, 'last_seen': 1778945817.273874, 'seen_count': 2, 'channels': [], 'avg_rssi': None}, '19:ef:57:fd:6f:1e': {'first_seen': 1778945817.579489, 'last_seen': 1778945817.580899, 'seen_count': 2, 'channels': [], 'avg_rssi': None}, 'ac:11:07:10:fd:f1': {'first_seen': 1778945817.891503, 'last_seen': 1778945817.89241, 'seen_count': 2, 'channels': [], 'avg_rssi': None}, 'a2:77:3e:0d:ab:4c': {'first_seen': 1778945818.200401, 'last_seen': 1778945818.201549, 'seen_count': 2, 'channels': [], 'avg_rssi': None}, '9c:46:32:c1:72:5f': {'first_seen': 1778945818.516985, 'last_seen': 1778945818.517816, 'seen_count': 2, 'channels': [], 'avg_rssi': None}, '1b:6b:64:9d:13:d5': {'first_seen': 1778945818.829124, 'last_seen': 1778945818.829961, 'seen_count': 2, 'channels': [], 'avg_rssi': None}, '4f:b5:70:dd:c0:df': {'first_seen': 1778945819.142938, 'last_seen': 1778945819.144221, 'seen_count': 2, 'channels': [], 'avg_rssi': None}, 'aa:51:de:01:a2:42': {'first_seen': 1778945819.457376, 'last_seen': 1778945819.459759, 'seen_count': 2, 'channels': [], 'avg_rssi': None}, '62:bf:33:1a:48:d1': {'first_seen': 1778945819.773885, 'last_seen': 1778945819.775016, 'seen_count': 2, 'channels': [], 'avg_rssi': None}, '12:03:38:cb:3c:97': {'first_seen': 1778945820.090085, 'last_seen': 1778945820.091022, 'seen_count': 2, 'channels': [], 'avg_rssi': None}, 'c2:11:b9:7e:c7:0b': {'first_seen': 1778945820.406658, 'last_seen': 1778945820.407794, 'seen_count': 2, 'channels': [], 'avg_rssi': None}, '50:1f:51:c2:9e:b0': {'first_seen': 1778945820.712077, 'last_seen': 1778945820.712077, 'seen_count': 1, 'channels': [], 'avg_rssi': None}}}
!!!!!!!!!!!!!!!!!!!!!!!!!!!!!!!!!!!!!!!!!!!!!!!!!!!!!!!!!!!!!!!!!!!!!!!!!!!!!!!!


!!!!!!!!!!!!!!!!!!!!!!!!!!!!!!!!!!!!!!!!!!!!!!!!!!!!!!!!!!!!!!!!!!!!!!!!!!!!!!!!
[ALERT] ALERT-000089 | POTENTIAL_EVIL_TWIN
severity: LOW
time: 2026-05-16T15:37:00.722174
message: Wykryto potencjalny Evil Twin / Rogue AP dla SSID 'TestNet_015'. Zaobserwowano 97 różnych BSSID oraz podejrzane różnice parametrów sieci.
evidence: {'ssid': 'TestNet_015', 'bssid_count': 97, 'bssids': ['d1:be:9f:ac:71:09', '92:6d:40:eb:ab:5f', '10:ae:1c:87:27:e5', '29:ea:86:10:34:2f', 'c6:32:91:49:b0:0d', '3b:59:6a:01:a8:8e', '08:aa:d2:57:a5:56', '26:bd:e8:dd:bc:7b', '88:50:73:30:e3:e0', 'b0:b2:70:51:d6:c2', 'c4:3f:a1:94:f7:83', 'ea:0e:be:64:1b:ce', 'e9:1e:26:83:c9:5a', '92:2d:46:89:74:dc', 'f0:d4:52:63:c5:c6', '3e:f7:17:ca:16:65', 'd1:08:3f:8f:90:73', 'cb:f7:fe:59:a5:a0', '1f:6c:d6:f9:29:5d', '89:3f:93:14:e7:e1', '8c:c1:57:85:a4:60', 'd5:e9:59:69:c8:36', 'e9:78:9a:6c:53:03', '43:cb:84:9e:8a:2a', '06:b6:1c:57:5d:aa', '31:50:9f:15:da:28', '71:96:15:36:fb:49', 'c7:80:76:95:57:e7', '6f:21:7c:6b:29:f9', 'bf:d7:f7:d3:f2:79', 'a9:57:4a:5d:a4:6a', 'a1:8e:ac:b1:6d:67', 'e9:c7:0c:57:ea:b1', 'bf:b2:b3:5a:42:a5', '0e:34:ed:50:0f:7c', '65:e2:76:0b:ca:cd', 'ec:79:df:ae:11:10', '51:c0:09:49:41:0d', '6c:a6:7c:3c:82:8a', 'd5:72:fa:9e:ab:a9', '5f:42:a2:3c:cb:d4', 'cc:7b:cd:5e:a0:18', '93:89:70:26:65:13', '39:48:34:07:78:f7', 'd8:b0:50:26:ec:d3', 'd4:84:8e:8c:9e:93', 'e5:78:25:c1:ef:3f', 'd7:06:df:dc:5a:22', '93:34:e3:c8:e5:7c', '77:39:e7:13:32:8f', 'a1:a3:dc:80:3e:83', '56:1b:94:54:aa:ab', 'd8:9e:0a:2a:7b:19', '35:c5:f8:0f:d6:88', 'd3:d4:24:12:e5:89', '47:82:5c:d5:2d:91', '59:4a:df:0f:05:4c', '8d:34:61:35:2f:ce', '63:03:2b:da:93:a3', '6f:dc:40:c3:7c:14', '78:82:00:58:5a:34', 'd1:29:c6:03:b3:ff', '12:e4:f6:6e:95:af', '3a:48:d7:46:ab:fd', 'e8:f7:91:a9:9f:c3', '04:4a:7f:a5:f6:0d', '75:be:fd:80:98:59', 'e0:33:20:be:46:42', '91:22:0f:0f:2b:ea', 'cc:8e:1e:c3:bd:a1', '1c:b2:df:fd:c4:a1', '3b:fa:55:29:31:89', 'aa:20:8a:79:63:f3', '45:05:4d:e3:37:37', '35:c7:cd:74:59:ce', 'dc:bc:a1:16:0a:25', '96:6a:d6:5c:5e:b9', 'f3:d8:8f:63:da:ab', 'cb:6c:0f:ef:3c:96', '75:74:05:48:b0:2d', '67:b9:c0:62:af:85', 'a8:f2:ff:65:13:c7', 'da:86:e4:02:8c:93', '8f:2d:cb:80:75:03', '92:70:13:ce:4c:b9', 'e7:1c:e4:bb:20:c1', 'b7:4a:70:df:0a:29', 'e4:03:0e:7b:8e:a5', '49:63:76:64:e4:a4', '23:56:22:a1:b0:6d', 'bc:9d:ff:9a:80:f5', 'c0:e3:de:6b:e5:00', '1e:4f:29:b9:07:b9', '35:23:03:8c:67:76', '5b:d1:2d:e9:1b:ea', 'c8:61:c9:50:c0:e6', '7a:97:32:52:b4:b4'], 'triggered_reasons': ['same_ssid_multiple_bssid'], 'observations': {'d1:be:9f:ac:71:09': {'first_seen': 1778945790.17918, 'last_seen': 1778945790.182479, 'seen_count': 2, 'channels': [], 'avg_rssi': None}, '92:6d:40:eb:ab:5f': {'first_seen': 1778945790.487892, 'last_seen': 1778945790.488748, 'seen_count': 2, 'channels': [], 'avg_rssi': None}, '10:ae:1c:87:27:e5': {'first_seen': 1778945790.794667, 'last_seen': 1778945790.795501, 'seen_count': 2, 'channels': [], 'avg_rssi': None}, '29:ea:86:10:34:2f': {'first_seen': 1778945791.102915, 'last_seen': 1778945791.10402, 'seen_count': 2, 'channels': [], 'avg_rssi': None}, 'c6:32:91:49:b0:0d': {'first_seen': 1778945791.412714, 'last_seen': 1778945791.413664, 'seen_count': 2, 'channels': [], 'avg_rssi': None}, '3b:59:6a:01:a8:8e': {'first_seen': 1778945791.719535, 'last_seen': 1778945791.720434, 'seen_count': 2, 'channels': [], 'avg_rssi': None}, '08:aa:d2:57:a5:56': {'first_seen': 1778945792.026688, 'last_seen': 1778945792.02757, 'seen_count': 2, 'channels': [], 'avg_rssi': None}, '26:bd:e8:dd:bc:7b': {'first_seen': 1778945792.335607, 'last_seen': 1778945792.336459, 'seen_count': 2, 'channels': [], 'avg_rssi': None}, '88:50:73:30:e3:e0': {'first_seen': 1778945792.654669, 'last_seen': 1778945792.655601, 'seen_count': 2, 'channels': [], 'avg_rssi': None}, 'b0:b2:70:51:d6:c2': {'first_seen': 1778945792.964788, 'last_seen': 1778945792.966124, 'seen_count': 2, 'channels': [], 'avg_rssi': None}, 'c4:3f:a1:94:f7:83': {'first_seen': 1778945793.283201, 'last_seen': 1778945793.284391, 'seen_count': 2, 'channels': [], 'avg_rssi': None}, 'ea:0e:be:64:1b:ce': {'first_seen': 1778945793.598477, 'last_seen': 1778945793.599533, 'seen_count': 2, 'channels': [], 'avg_rssi': None}, 'e9:1e:26:83:c9:5a': {'first_seen': 1778945793.910706, 'last_seen': 1778945793.911924, 'seen_count': 2, 'channels': [], 'avg_rssi': None}, '92:2d:46:89:74:dc': {'first_seen': 1778945794.225934, 'last_seen': 1778945794.227805, 'seen_count': 2, 'channels': [], 'avg_rssi': None}, 'f0:d4:52:63:c5:c6': {'first_seen': 1778945794.535312, 'last_seen': 1778945794.536325, 'seen_count': 2, 'channels': [], 'avg_rssi': None}, '3e:f7:17:ca:16:65': {'first_seen': 1778945794.844745, 'last_seen': 1778945794.845718, 'seen_count': 2, 'channels': [], 'avg_rssi': None}, 'd1:08:3f:8f:90:73': {'first_seen': 1778945795.166663, 'last_seen': 1778945795.167478, 'seen_count': 2, 'channels': [], 'avg_rssi': None}, 'cb:f7:fe:59:a5:a0': {'first_seen': 1778945795.481261, 'last_seen': 1778945795.482391, 'seen_count': 2, 'channels': [], 'avg_rssi': None}, '1f:6c:d6:f9:29:5d': {'first_seen': 1778945795.796792, 'last_seen': 1778945795.797769, 'seen_count': 2, 'channels': [], 'avg_rssi': None}, '89:3f:93:14:e7:e1': {'first_seen': 1778945796.109501, 'last_seen': 1778945796.11053, 'seen_count': 2, 'channels': [], 'avg_rssi': None}, '8c:c1:57:85:a4:60': {'first_seen': 1778945796.420766, 'last_seen': 1778945796.421794, 'seen_count': 2, 'channels': [], 'avg_rssi': None}, 'd5:e9:59:69:c8:36': {'first_seen': 1778945796.732803, 'last_seen': 1778945796.733697, 'seen_count': 2, 'channels': [], 'avg_rssi': None}, 'e9:78:9a:6c:53:03': {'first_seen': 1778945797.042751, 'last_seen': 1778945797.043965, 'seen_count': 2, 'channels': [], 'avg_rssi': None}, '43:cb:84:9e:8a:2a': {'first_seen': 1778945797.358973, 'last_seen': 1778945797.359973, 'seen_count': 2, 'channels': [], 'avg_rssi': None}, '06:b6:1c:57:5d:aa': {'first_seen': 1778945797.670661, 'last_seen': 1778945797.67161, 'seen_count': 2, 'channels': [], 'avg_rssi': None}, '31:50:9f:15:da:28': {'first_seen': 1778945797.981098, 'last_seen': 1778945797.982251, 'seen_count': 2, 'channels': [], 'avg_rssi': None}, '71:96:15:36:fb:49': {'first_seen': 1778945798.29133, 'last_seen': 1778945798.292528, 'seen_count': 2, 'channels': [], 'avg_rssi': None}, 'c7:80:76:95:57:e7': {'first_seen': 1778945798.605025, 'last_seen': 1778945798.60604, 'seen_count': 2, 'channels': [], 'avg_rssi': None}, '6f:21:7c:6b:29:f9': {'first_seen': 1778945798.91813, 'last_seen': 1778945798.91905, 'seen_count': 2, 'channels': [], 'avg_rssi': None}, 'bf:d7:f7:d3:f2:79': {'first_seen': 1778945799.226195, 'last_seen': 1778945799.227314, 'seen_count': 2, 'channels': [], 'avg_rssi': None}, 'a9:57:4a:5d:a4:6a': {'first_seen': 1778945799.537563, 'last_seen': 1778945799.539707, 'seen_count': 2, 'channels': [], 'avg_rssi': None}, 'a1:8e:ac:b1:6d:67': {'first_seen': 1778945799.841858, 'last_seen': 1778945799.84285, 'seen_count': 2, 'channels': [], 'avg_rssi': None}, 'e9:c7:0c:57:ea:b1': {'first_seen': 1778945800.151449, 'last_seen': 1778945800.152615, 'seen_count': 2, 'channels': [], 'avg_rssi': None}, 'bf:b2:b3:5a:42:a5': {'first_seen': 1778945800.459237, 'last_seen': 1778945800.460129, 'seen_count': 2, 'channels': [], 'avg_rssi': None}, '0e:34:ed:50:0f:7c': {'first_seen': 1778945800.779507, 'last_seen': 1778945800.78066, 'seen_count': 2, 'channels': [], 'avg_rssi': None}, '65:e2:76:0b:ca:cd': {'first_seen': 1778945801.091995, 'last_seen': 1778945801.092913, 'seen_count': 2, 'channels': [], 'avg_rssi': None}, 'ec:79:df:ae:11:10': {'first_seen': 1778945801.402157, 'last_seen': 1778945801.403054, 'seen_count': 2, 'channels': [], 'avg_rssi': None}, '51:c0:09:49:41:0d': {'first_seen': 1778945801.712996, 'last_seen': 1778945801.713947, 'seen_count': 2, 'channels': [], 'avg_rssi': None}, '6c:a6:7c:3c:82:8a': {'first_seen': 1778945802.018814, 'last_seen': 1778945802.019718, 'seen_count': 2, 'channels': [], 'avg_rssi': None}, 'd5:72:fa:9e:ab:a9': {'first_seen': 1778945802.327505, 'last_seen': 1778945802.328477, 'seen_count': 2, 'channels': [], 'avg_rssi': None}, '5f:42:a2:3c:cb:d4': {'first_seen': 1778945802.641919, 'last_seen': 1778945802.64287, 'seen_count': 2, 'channels': [], 'avg_rssi': None}, 'cc:7b:cd:5e:a0:18': {'first_seen': 1778945802.954799, 'last_seen': 1778945802.956009, 'seen_count': 2, 'channels': [], 'avg_rssi': None}, '93:89:70:26:65:13': {'first_seen': 1778945803.276773, 'last_seen': 1778945803.277774, 'seen_count': 2, 'channels': [], 'avg_rssi': None}, '39:48:34:07:78:f7': {'first_seen': 1778945803.588965, 'last_seen': 1778945803.59231, 'seen_count': 2, 'channels': [], 'avg_rssi': None}, 'd8:b0:50:26:ec:d3': {'first_seen': 1778945803.899108, 'last_seen': 1778945803.90031, 'seen_count': 2, 'channels': [], 'avg_rssi': None}, 'd4:84:8e:8c:9e:93': {'first_seen': 1778945804.215403, 'last_seen': 1778945804.216324, 'seen_count': 2, 'channels': [], 'avg_rssi': None}, 'e5:78:25:c1:ef:3f': {'first_seen': 1778945804.533508, 'last_seen': 1778945804.534466, 'seen_count': 2, 'channels': [], 'avg_rssi': None}, 'd7:06:df:dc:5a:22': {'first_seen': 1778945804.850369, 'last_seen': 1778945804.851362, 'seen_count': 2, 'channels': [], 'avg_rssi': None}, '93:34:e3:c8:e5:7c': {'first_seen': 1778945805.162686, 'last_seen': 1778945805.163755, 'seen_count': 2, 'channels': [], 'avg_rssi': None}, '77:39:e7:13:32:8f': {'first_seen': 1778945805.479358, 'last_seen': 1778945805.480265, 'seen_count': 2, 'channels': [], 'avg_rssi': None}, 'a1:a3:dc:80:3e:83': {'first_seen': 1778945805.791497, 'last_seen': 1778945805.792539, 'seen_count': 2, 'channels': [], 'avg_rssi': None}, '56:1b:94:54:aa:ab': {'first_seen': 1778945806.103096, 'last_seen': 1778945806.104172, 'seen_count': 2, 'channels': [], 'avg_rssi': None}, 'd8:9e:0a:2a:7b:19': {'first_seen': 1778945806.4114, 'last_seen': 1778945806.412328, 'seen_count': 2, 'channels': [], 'avg_rssi': None}, '35:c5:f8:0f:d6:88': {'first_seen': 1778945806.729674, 'last_seen': 1778945806.730829, 'seen_count': 2, 'channels': [], 'avg_rssi': None}, 'd3:d4:24:12:e5:89': {'first_seen': 1778945807.049712, 'last_seen': 1778945807.050848, 'seen_count': 2, 'channels': [], 'avg_rssi': None}, '47:82:5c:d5:2d:91': {'first_seen': 1778945807.360136, 'last_seen': 1778945807.36274, 'seen_count': 2, 'channels': [], 'avg_rssi': None}, '59:4a:df:0f:05:4c': {'first_seen': 1778945807.676292, 'last_seen': 1778945807.67788, 'seen_count': 2, 'channels': [], 'avg_rssi': None}, '8d:34:61:35:2f:ce': {'first_seen': 1778945807.990719, 'last_seen': 1778945807.991644, 'seen_count': 2, 'channels': [], 'avg_rssi': None}, '63:03:2b:da:93:a3': {'first_seen': 1778945808.301694, 'last_seen': 1778945808.302678, 'seen_count': 2, 'channels': [], 'avg_rssi': None}, '6f:dc:40:c3:7c:14': {'first_seen': 1778945808.611932, 'last_seen': 1778945808.612927, 'seen_count': 2, 'channels': [], 'avg_rssi': None}, '78:82:00:58:5a:34': {'first_seen': 1778945808.923991, 'last_seen': 1778945808.924818, 'seen_count': 2, 'channels': [], 'avg_rssi': None}, 'd1:29:c6:03:b3:ff': {'first_seen': 1778945809.232784, 'last_seen': 1778945809.234208, 'seen_count': 2, 'channels': [], 'avg_rssi': None}, '12:e4:f6:6e:95:af': {'first_seen': 1778945809.54382, 'last_seen': 1778945809.544723, 'seen_count': 2, 'channels': [], 'avg_rssi': None}, '3a:48:d7:46:ab:fd': {'first_seen': 1778945809.853535, 'last_seen': 1778945809.854646, 'seen_count': 2, 'channels': [], 'avg_rssi': None}, 'e8:f7:91:a9:9f:c3': {'first_seen': 1778945810.1662, 'last_seen': 1778945810.167257, 'seen_count': 2, 'channels': [], 'avg_rssi': None}, '04:4a:7f:a5:f6:0d': {'first_seen': 1778945810.786716, 'last_seen': 1778945810.79404, 'seen_count': 2, 'channels': [], 'avg_rssi': None}, '75:be:fd:80:98:59': {'first_seen': 1778945811.094362, 'last_seen': 1778945811.101181, 'seen_count': 2, 'channels': [], 'avg_rssi': None}, 'e0:33:20:be:46:42': {'first_seen': 1778945811.405152, 'last_seen': 1778945811.406445, 'seen_count': 2, 'channels': [], 'avg_rssi': None}, '91:22:0f:0f:2b:ea': {'first_seen': 1778945811.715835, 'last_seen': 1778945811.716963, 'seen_count': 2, 'channels': [], 'avg_rssi': None}, 'cc:8e:1e:c3:bd:a1': {'first_seen': 1778945812.025608, 'last_seen': 1778945812.026731, 'seen_count': 2, 'channels': [], 'avg_rssi': None}, '1c:b2:df:fd:c4:a1': {'first_seen': 1778945812.344248, 'last_seen': 1778945812.344248, 'seen_count': 1, 'channels': [], 'avg_rssi': None}, '3b:fa:55:29:31:89': {'first_seen': 1778945812.647863, 'last_seen': 1778945812.648886, 'seen_count': 2, 'channels': [], 'avg_rssi': None}, 'aa:20:8a:79:63:f3': {'first_seen': 1778945812.957547, 'last_seen': 1778945812.958542, 'seen_count': 2, 'channels': [], 'avg_rssi': None}, '45:05:4d:e3:37:37': {'first_seen': 1778945813.265983, 'last_seen': 1778945813.267045, 'seen_count': 2, 'channels': [], 'avg_rssi': None}, '35:c7:cd:74:59:ce': {'first_seen': 1778945813.575069, 'last_seen': 1778945813.575934, 'seen_count': 2, 'channels': [], 'avg_rssi': None}, 'dc:bc:a1:16:0a:25': {'first_seen': 1778945813.884288, 'last_seen': 1778945813.885449, 'seen_count': 2, 'channels': [], 'avg_rssi': None}, '96:6a:d6:5c:5e:b9': {'first_seen': 1778945814.19224, 'last_seen': 1778945814.193362, 'seen_count': 2, 'channels': [], 'avg_rssi': None}, 'f3:d8:8f:63:da:ab': {'first_seen': 1778945814.507297, 'last_seen': 1778945814.508232, 'seen_count': 2, 'channels': [], 'avg_rssi': None}, 'cb:6c:0f:ef:3c:96': {'first_seen': 1778945814.816805, 'last_seen': 1778945814.817623, 'seen_count': 2, 'channels': [], 'avg_rssi': None}, '75:74:05:48:b0:2d': {'first_seen': 1778945815.124143, 'last_seen': 1778945815.125014, 'seen_count': 2, 'channels': [], 'avg_rssi': None}, '67:b9:c0:62:af:85': {'first_seen': 1778945815.432663, 'last_seen': 1778945815.434155, 'seen_count': 2, 'channels': [], 'avg_rssi': None}, 'a8:f2:ff:65:13:c7': {'first_seen': 1778945815.739773, 'last_seen': 1778945815.740674, 'seen_count': 2, 'channels': [], 'avg_rssi': None}, 'da:86:e4:02:8c:93': {'first_seen': 1778945816.359561, 'last_seen': 1778945816.360456, 'seen_count': 2, 'channels': [], 'avg_rssi': None}, '8f:2d:cb:80:75:03': {'first_seen': 1778945816.666072, 'last_seen': 1778945816.667094, 'seen_count': 2, 'channels': [], 'avg_rssi': None}, '92:70:13:ce:4c:b9': {'first_seen': 1778945816.974597, 'last_seen': 1778945816.975626, 'seen_count': 2, 'channels': [], 'avg_rssi': None}, 'e7:1c:e4:bb:20:c1': {'first_seen': 1778945817.28288, 'last_seen': 1778945817.284004, 'seen_count': 2, 'channels': [], 'avg_rssi': None}, 'b7:4a:70:df:0a:29': {'first_seen': 1778945817.589602, 'last_seen': 1778945817.590688, 'seen_count': 2, 'channels': [], 'avg_rssi': None}, 'e4:03:0e:7b:8e:a5': {'first_seen': 1778945817.901611, 'last_seen': 1778945817.902533, 'seen_count': 2, 'channels': [], 'avg_rssi': None}, '49:63:76:64:e4:a4': {'first_seen': 1778945818.210559, 'last_seen': 1778945818.211683, 'seen_count': 2, 'channels': [], 'avg_rssi': None}, '23:56:22:a1:b0:6d': {'first_seen': 1778945818.527449, 'last_seen': 1778945818.530064, 'seen_count': 2, 'channels': [], 'avg_rssi': None}, 'bc:9d:ff:9a:80:f5': {'first_seen': 1778945818.840123, 'last_seen': 1778945818.841211, 'seen_count': 2, 'channels': [], 'avg_rssi': None}, 'c0:e3:de:6b:e5:00': {'first_seen': 1778945819.153039, 'last_seen': 1778945819.154225, 'seen_count': 2, 'channels': [], 'avg_rssi': None}, '1e:4f:29:b9:07:b9': {'first_seen': 1778945819.467474, 'last_seen': 1778945819.46849, 'seen_count': 2, 'channels': [], 'avg_rssi': None}, '35:23:03:8c:67:76': {'first_seen': 1778945819.784319, 'last_seen': 1778945819.785379, 'seen_count': 2, 'channels': [], 'avg_rssi': None}, '5b:d1:2d:e9:1b:ea': {'first_seen': 1778945820.100209, 'last_seen': 1778945820.102402, 'seen_count': 2, 'channels': [], 'avg_rssi': None}, 'c8:61:c9:50:c0:e6': {'first_seen': 1778945820.416759, 'last_seen': 1778945820.417912, 'seen_count': 2, 'channels': [], 'avg_rssi': None}, '7a:97:32:52:b4:b4': {'first_seen': 1778945820.722174, 'last_seen': 1778945820.722174, 'seen_count': 1, 'channels': [], 'avg_rssi': None}}}
!!!!!!!!!!!!!!!!!!!!!!!!!!!!!!!!!!!!!!!!!!!!!!!!!!!!!!!!!!!!!!!!!!!!!!!!!!!!!!!!


!!!!!!!!!!!!!!!!!!!!!!!!!!!!!!!!!!!!!!!!!!!!!!!!!!!!!!!!!!!!!!!!!!!!!!!!!!!!!!!!
[ALERT] ALERT-000090 | POTENTIAL_EVIL_TWIN
severity: LOW
time: 2026-05-16T15:37:00.732273
message: Wykryto potencjalny Evil Twin / Rogue AP dla SSID 'TestNet_016'. Zaobserwowano 97 różnych BSSID oraz podejrzane różnice parametrów sieci.
evidence: {'ssid': 'TestNet_016', 'bssid_count': 97, 'bssids': ['e9:88:3d:de:e3:cb', 'f7:09:3d:c3:aa:11', '44:93:ed:3d:48:8d', '86:a2:2c:09:cb:49', '94:00:d3:77:92:b7', '17:f0:a1:a2:54:8a', 'ff:20:09:05:1e:c7', 'dc:18:52:f7:91:ef', '2b:41:39:d5:b2:18', '4e:33:28:7b:3e:2a', '59:fc:58:82:6a:85', 'ec:dc:15:87:c7:8b', '6f:7d:97:9e:00:15', 'b2:b5:10:ed:cb:c7', '89:73:ca:7d:c9:97', 'b9:60:d7:0a:41:c5', 'a2:00:b2:a8:ed:fc', '7e:35:a9:20:f9:4c', '3b:4c:26:27:63:20', '20:5a:10:7d:8e:3d', 'b7:c9:03:70:ed:31', '77:e4:2a:81:af:65', 'b2:02:e0:00:2d:80', 'f0:e8:70:ea:b1:8a', 'bd:89:7b:c6:96:65', 'fc:1c:f1:5c:3e:98', '39:d2:0c:50:91:80', '0e:d6:f4:b2:fd:d7', 'ca:90:b6:02:ab:44', 'bf:de:0f:29:a6:5c', '38:1c:65:d6:d2:07', '21:c3:12:5b:ac:93', '97:e2:64:ae:e3:25', 'b5:4c:62:2e:ad:aa', 'c4:4f:38:d3:24:f0', 'ae:f5:d6:4a:31:cb', '7a:26:d4:70:ee:de', '8d:ec:95:b9:be:12', '96:50:31:f0:ec:d6', 'bf:37:14:0a:f9:9a', '3a:60:00:6d:8b:4f', '82:5c:4c:07:55:7c', 'be:7d:ac:9c:5c:e5', '1e:c2:44:a0:69:18', 'f1:3f:ab:f9:08:c2', '05:7b:1f:ac:99:13', '1b:4f:66:8e:5b:d6', '67:7f:6a:1c:7e:09', 'e3:da:5a:ca:ea:9b', 'ee:15:7f:00:c9:f3', '10:62:4e:f0:aa:c0', '90:e1:87:31:0a:8b', '33:85:04:5e:c8:0d', '70:b4:75:7a:5a:34', '50:1f:31:e4:7f:c9', '7f:d0:08:84:57:4c', '8d:f0:72:86:2f:67', '7b:1e:d8:aa:8a:fd', '82:72:48:10:d4:91', 'd2:2d:b2:23:37:e5', '08:31:02:b2:39:71', '6f:e7:aa:76:91:2e', '8c:fc:41:60:d2:51', '94:70:9b:89:46:2d', 'f2:9b:22:e5:a1:4f', '69:ef:64:25:bf:7b', 'fc:31:46:c3:6e:78', 'd2:ed:ff:ad:88:c2', '5e:b5:ed:8e:ca:0f', 'd5:ef:9a:28:51:c2', 'f6:79:21:08:8d:04', '85:9d:e7:8f:f1:c3', '1b:c2:62:51:e6:81', 'e3:2d:a9:84:ad:aa', '8f:e5:dc:5b:e5:7f', 'ac:9e:c1:b1:cb:55', '20:42:29:4d:22:87', '59:34:93:d7:db:6c', 'd4:5d:62:11:04:fb', '4b:db:b4:68:7d:9f', '63:0e:99:5a:fd:0f', '06:dd:4e:01:33:b6', '3f:f5:eb:3d:f2:f1', 'dc:9e:1d:12:4a:f6', 'b2:27:88:c4:f3:72', '63:de:69:93:ba:bb', '94:2f:63:19:d8:6c', '64:1a:dd:3b:c7:37', '0d:dd:fa:9a:61:84', '61:59:52:bc:e4:f6', '5b:c3:a0:8b:41:f5', 'e6:bd:e5:a8:40:97', '12:eb:ea:14:ef:09', '64:0d:34:08:55:60', '5a:eb:d6:ba:3e:7c', '97:50:dd:3c:21:c7', 'b0:0e:53:65:05:10'], 'triggered_reasons': ['same_ssid_multiple_bssid'], 'observations': {'e9:88:3d:de:e3:cb': {'first_seen': 1778945790.189274, 'last_seen': 1778945790.190095, 'seen_count': 2, 'channels': [], 'avg_rssi': None}, 'f7:09:3d:c3:aa:11': {'first_seen': 1778945790.497999, 'last_seen': 1778945790.499123, 'seen_count': 2, 'channels': [], 'avg_rssi': None}, '44:93:ed:3d:48:8d': {'first_seen': 1778945790.804773, 'last_seen': 1778945790.805754, 'seen_count': 2, 'channels': [], 'avg_rssi': None}, '86:a2:2c:09:cb:49': {'first_seen': 1778945791.113306, 'last_seen': 1778945791.114522, 'seen_count': 2, 'channels': [], 'avg_rssi': None}, '94:00:d3:77:92:b7': {'first_seen': 1778945791.422815, 'last_seen': 1778945791.424038, 'seen_count': 2, 'channels': [], 'avg_rssi': None}, '17:f0:a1:a2:54:8a': {'first_seen': 1778945791.729619, 'last_seen': 1778945791.730688, 'seen_count': 2, 'channels': [], 'avg_rssi': None}, 'ff:20:09:05:1e:c7': {'first_seen': 1778945792.036786, 'last_seen': 1778945792.037695, 'seen_count': 2, 'channels': [], 'avg_rssi': None}, 'dc:18:52:f7:91:ef': {'first_seen': 1778945792.345715, 'last_seen': 1778945792.346837, 'seen_count': 2, 'channels': [], 'avg_rssi': None}, '2b:41:39:d5:b2:18': {'first_seen': 1778945792.664778, 'last_seen': 1778945792.665725, 'seen_count': 2, 'channels': [], 'avg_rssi': None}, '4e:33:28:7b:3e:2a': {'first_seen': 1778945792.9749, 'last_seen': 1778945792.975748, 'seen_count': 2, 'channels': [], 'avg_rssi': None}, '59:fc:58:82:6a:85': {'first_seen': 1778945793.293325, 'last_seen': 1778945793.294514, 'seen_count': 2, 'channels': [], 'avg_rssi': None}, 'ec:dc:15:87:c7:8b': {'first_seen': 1778945793.608592, 'last_seen': 1778945793.609525, 'seen_count': 2, 'channels': [], 'avg_rssi': None}, '6f:7d:97:9e:00:15': {'first_seen': 1778945793.920819, 'last_seen': 1778945793.921793, 'seen_count': 2, 'channels': [], 'avg_rssi': None}, 'b2:b5:10:ed:cb:c7': {'first_seen': 1778945794.236035, 'last_seen': 1778945794.23793, 'seen_count': 2, 'channels': [], 'avg_rssi': None}, '89:73:ca:7d:c9:97': {'first_seen': 1778945794.545411, 'last_seen': 1778945794.546573, 'seen_count': 2, 'channels': [], 'avg_rssi': None}, 'b9:60:d7:0a:41:c5': {'first_seen': 1778945794.854852, 'last_seen': 1778945794.855839, 'seen_count': 2, 'channels': [], 'avg_rssi': None}, 'a2:00:b2:a8:ed:fc': {'first_seen': 1778945795.177743, 'last_seen': 1778945795.178608, 'seen_count': 2, 'channels': [], 'avg_rssi': None}, '7e:35:a9:20:f9:4c': {'first_seen': 1778945795.491354, 'last_seen': 1778945795.492264, 'seen_count': 2, 'channels': [], 'avg_rssi': None}, '3b:4c:26:27:63:20': {'first_seen': 1778945795.806882, 'last_seen': 1778945795.808387, 'seen_count': 2, 'channels': [], 'avg_rssi': None}, '20:5a:10:7d:8e:3d': {'first_seen': 1778945796.119601, 'last_seen': 1778945796.120655, 'seen_count': 2, 'channels': [], 'avg_rssi': None}, 'b7:c9:03:70:ed:31': {'first_seen': 1778945796.430892, 'last_seen': 1778945796.431795, 'seen_count': 2, 'channels': [], 'avg_rssi': None}, '77:e4:2a:81:af:65': {'first_seen': 1778945796.745663, 'last_seen': 1778945796.746562, 'seen_count': 2, 'channels': [], 'avg_rssi': None}, 'b2:02:e0:00:2d:80': {'first_seen': 1778945797.052846, 'last_seen': 1778945797.053828, 'seen_count': 2, 'channels': [], 'avg_rssi': None}, 'f0:e8:70:ea:b1:8a': {'first_seen': 1778945797.3691, 'last_seen': 1778945797.369976, 'seen_count': 2, 'channels': [], 'avg_rssi': None}, 'bd:89:7b:c6:96:65': {'first_seen': 1778945797.680752, 'last_seen': 1778945797.68161, 'seen_count': 2, 'channels': [], 'avg_rssi': None}, 'fc:1c:f1:5c:3e:98': {'first_seen': 1778945797.991272, 'last_seen': 1778945797.992384, 'seen_count': 2, 'channels': [], 'avg_rssi': None}, '39:d2:0c:50:91:80': {'first_seen': 1778945798.301455, 'last_seen': 1778945798.302526, 'seen_count': 2, 'channels': [], 'avg_rssi': None}, '0e:d6:f4:b2:fd:d7': {'first_seen': 1778945798.615142, 'last_seen': 1778945798.616166, 'seen_count': 2, 'channels': [], 'avg_rssi': None}, 'ca:90:b6:02:ab:44': {'first_seen': 1778945798.928223, 'last_seen': 1778945798.929421, 'seen_count': 2, 'channels': [], 'avg_rssi': None}, 'bf:de:0f:29:a6:5c': {'first_seen': 1778945799.236344, 'last_seen': 1778945799.237316, 'seen_count': 2, 'channels': [], 'avg_rssi': None}, '38:1c:65:d6:d2:07': {'first_seen': 1778945799.547663, 'last_seen': 1778945799.548586, 'seen_count': 2, 'channels': [], 'avg_rssi': None}, '21:c3:12:5b:ac:93': {'first_seen': 1778945799.851959, 'last_seen': 1778945799.852975, 'seen_count': 2, 'channels': [], 'avg_rssi': None}, '97:e2:64:ae:e3:25': {'first_seen': 1778945800.161549, 'last_seen': 1778945800.16274, 'seen_count': 2, 'channels': [], 'avg_rssi': None}, 'b5:4c:62:2e:ad:aa': {'first_seen': 1778945800.46934, 'last_seen': 1778945800.470379, 'seen_count': 2, 'channels': [], 'avg_rssi': None}, 'c4:4f:38:d3:24:f0': {'first_seen': 1778945800.790668, 'last_seen': 1778945800.791909, 'seen_count': 2, 'channels': [], 'avg_rssi': None}, 'ae:f5:d6:4a:31:cb': {'first_seen': 1778945801.102088, 'last_seen': 1778945801.103289, 'seen_count': 2, 'channels': [], 'avg_rssi': None}, '7a:26:d4:70:ee:de': {'first_seen': 1778945801.412249, 'last_seen': 1778945801.413177, 'seen_count': 2, 'channels': [], 'avg_rssi': None}, '8d:ec:95:b9:be:12': {'first_seen': 1778945801.723092, 'last_seen': 1778945801.724197, 'seen_count': 2, 'channels': [], 'avg_rssi': None}, '96:50:31:f0:ec:d6': {'first_seen': 1778945802.028914, 'last_seen': 1778945802.02985, 'seen_count': 2, 'channels': [], 'avg_rssi': None}, 'bf:37:14:0a:f9:9a': {'first_seen': 1778945802.337637, 'last_seen': 1778945802.338852, 'seen_count': 2, 'channels': [], 'avg_rssi': None}, '3a:60:00:6d:8b:4f': {'first_seen': 1778945802.652011, 'last_seen': 1778945802.65287, 'seen_count': 2, 'channels': [], 'avg_rssi': None}, '82:5c:4c:07:55:7c': {'first_seen': 1778945802.964891, 'last_seen': 1778945802.966006, 'seen_count': 2, 'channels': [], 'avg_rssi': None}, 'be:7d:ac:9c:5c:e5': {'first_seen': 1778945803.286909, 'last_seen': 1778945803.287788, 'seen_count': 2, 'channels': [], 'avg_rssi': None}, '1e:c2:44:a0:69:18': {'first_seen': 1778945803.601827, 'last_seen': 1778945803.602792, 'seen_count': 2, 'channels': [], 'avg_rssi': None}, 'f1:3f:ab:f9:08:c2': {'first_seen': 1778945803.909227, 'last_seen': 1778945803.910194, 'seen_count': 2, 'channels': [], 'avg_rssi': None}, '05:7b:1f:ac:99:13': {'first_seen': 1778945804.226192, 'last_seen': 1778945804.227325, 'seen_count': 2, 'channels': [], 'avg_rssi': None}, '1b:4f:66:8e:5b:d6': {'first_seen': 1778945804.543631, 'last_seen': 1778945804.544467, 'seen_count': 2, 'channels': [], 'avg_rssi': None}, '67:7f:6a:1c:7e:09': {'first_seen': 1778945804.860494, 'last_seen': 1778945804.861362, 'seen_count': 2, 'channels': [], 'avg_rssi': None}, 'e3:da:5a:ca:ea:9b': {'first_seen': 1778945805.172787, 'last_seen': 1778945805.174011, 'seen_count': 2, 'channels': [], 'avg_rssi': None}, 'ee:15:7f:00:c9:f3': {'first_seen': 1778945805.490566, 'last_seen': 1778945805.491763, 'seen_count': 2, 'channels': [], 'avg_rssi': None}, '10:62:4e:f0:aa:c0': {'first_seen': 1778945805.801597, 'last_seen': 1778945805.802533, 'seen_count': 2, 'channels': [], 'avg_rssi': None}, '90:e1:87:31:0a:8b': {'first_seen': 1778945806.113374, 'last_seen': 1778945806.114549, 'seen_count': 2, 'channels': [], 'avg_rssi': None}, '33:85:04:5e:c8:0d': {'first_seen': 1778945806.421503, 'last_seen': 1778945806.422564, 'seen_count': 2, 'channels': [], 'avg_rssi': None}, '70:b4:75:7a:5a:34': {'first_seen': 1778945806.73977, 'last_seen': 1778945806.740704, 'seen_count': 2, 'channels': [], 'avg_rssi': None}, '50:1f:31:e4:7f:c9': {'first_seen': 1778945807.059868, 'last_seen': 1778945807.060971, 'seen_count': 2, 'channels': [], 'avg_rssi': None}, '7f:d0:08:84:57:4c': {'first_seen': 1778945807.370238, 'last_seen': 1778945807.371366, 'seen_count': 2, 'channels': [], 'avg_rssi': None}, '8d:f0:72:86:2f:67': {'first_seen': 1778945807.688726, 'last_seen': 1778945807.689885, 'seen_count': 2, 'channels': [], 'avg_rssi': None}, '7b:1e:d8:aa:8a:fd': {'first_seen': 1778945808.000854, 'last_seen': 1778945808.001894, 'seen_count': 2, 'channels': [], 'avg_rssi': None}, '82:72:48:10:d4:91': {'first_seen': 1778945808.311804, 'last_seen': 1778945808.312664, 'seen_count': 2, 'channels': [], 'avg_rssi': None}, 'd2:2d:b2:23:37:e5': {'first_seen': 1778945808.622041, 'last_seen': 1778945808.623064, 'seen_count': 2, 'channels': [], 'avg_rssi': None}, '08:31:02:b2:39:71': {'first_seen': 1778945808.934086, 'last_seen': 1778945808.935194, 'seen_count': 2, 'channels': [], 'avg_rssi': None}, '6f:e7:aa:76:91:2e': {'first_seen': 1778945809.242883, 'last_seen': 1778945809.243962, 'seen_count': 2, 'channels': [], 'avg_rssi': None}, '8c:fc:41:60:d2:51': {'first_seen': 1778945809.553913, 'last_seen': 1778945809.555349, 'seen_count': 2, 'channels': [], 'avg_rssi': None}, '94:70:9b:89:46:2d': {'first_seen': 1778945809.863637, 'last_seen': 1778945809.868502, 'seen_count': 2, 'channels': [], 'avg_rssi': None}, 'f2:9b:22:e5:a1:4f': {'first_seen': 1778945810.176306, 'last_seen': 1778945810.177258, 'seen_count': 2, 'channels': [], 'avg_rssi': None}, '69:ef:64:25:bf:7b': {'first_seen': 1778945810.481589, 'last_seen': 1778945810.481589, 'seen_count': 1, 'channels': [], 'avg_rssi': None}, 'fc:31:46:c3:6e:78': {'first_seen': 1778945810.796812, 'last_seen': 1778945810.79791, 'seen_count': 2, 'channels': [], 'avg_rssi': None}, 'd2:ed:ff:ad:88:c2': {'first_seen': 1778945811.10593, 'last_seen': 1778945811.10593, 'seen_count': 1, 'channels': [], 'avg_rssi': None}, '5e:b5:ed:8e:ca:0f': {'first_seen': 1778945811.415253, 'last_seen': 1778945811.416197, 'seen_count': 2, 'channels': [], 'avg_rssi': None}, 'd5:ef:9a:28:51:c2': {'first_seen': 1778945811.725941, 'last_seen': 1778945811.727089, 'seen_count': 2, 'channels': [], 'avg_rssi': None}, 'f6:79:21:08:8d:04': {'first_seen': 1778945812.035653, 'last_seen': 1778945812.036856, 'seen_count': 2, 'channels': [], 'avg_rssi': None}, '85:9d:e7:8f:f1:c3': {'first_seen': 1778945812.65797, 'last_seen': 1778945812.659139, 'seen_count': 2, 'channels': [], 'avg_rssi': None}, '1b:c2:62:51:e6:81': {'first_seen': 1778945812.967649, 'last_seen': 1778945812.968781, 'seen_count': 2, 'channels': [], 'avg_rssi': None}, 'e3:2d:a9:84:ad:aa': {'first_seen': 1778945813.276077, 'last_seen': 1778945813.276917, 'seen_count': 2, 'channels': [], 'avg_rssi': None}, '8f:e5:dc:5b:e5:7f': {'first_seen': 1778945813.585176, 'last_seen': 1778945813.58606, 'seen_count': 2, 'channels': [], 'avg_rssi': None}, 'ac:9e:c1:b1:cb:55': {'first_seen': 1778945813.894526, 'last_seen': 1778945813.895703, 'seen_count': 2, 'channels': [], 'avg_rssi': None}, '20:42:29:4d:22:87': {'first_seen': 1778945814.202333, 'last_seen': 1778945814.203342, 'seen_count': 2, 'channels': [], 'avg_rssi': None}, '59:34:93:d7:db:6c': {'first_seen': 1778945814.517402, 'last_seen': 1778945814.518609, 'seen_count': 2, 'channels': [], 'avg_rssi': None}, 'd4:5d:62:11:04:fb': {'first_seen': 1778945814.826899, 'last_seen': 1778945814.828001, 'seen_count': 2, 'channels': [], 'avg_rssi': None}, '4b:db:b4:68:7d:9f': {'first_seen': 1778945815.134256, 'last_seen': 1778945815.135138, 'seen_count': 2, 'channels': [], 'avg_rssi': None}, '63:0e:99:5a:fd:0f': {'first_seen': 1778945815.446672, 'last_seen': 1778945815.44778, 'seen_count': 2, 'channels': [], 'avg_rssi': None}, '06:dd:4e:01:33:b6': {'first_seen': 1778945815.750669, 'last_seen': 1778945815.751797, 'seen_count': 2, 'channels': [], 'avg_rssi': None}, '3f:f5:eb:3d:f2:f1': {'first_seen': 1778945816.369658, 'last_seen': 1778945816.370578, 'seen_count': 2, 'channels': [], 'avg_rssi': None}, 'dc:9e:1d:12:4a:f6': {'first_seen': 1778945816.676176, 'last_seen': 1778945816.677094, 'seen_count': 2, 'channels': [], 'avg_rssi': None}, 'b2:27:88:c4:f3:72': {'first_seen': 1778945816.984793, 'last_seen': 1778945816.985616, 'seen_count': 2, 'channels': [], 'avg_rssi': None}, '63:de:69:93:ba:bb': {'first_seen': 1778945817.292978, 'last_seen': 1778945817.293875, 'seen_count': 2, 'channels': [], 'avg_rssi': None}, '94:2f:63:19:d8:6c': {'first_seen': 1778945817.599699, 'last_seen': 1778945817.600517, 'seen_count': 2, 'channels': [], 'avg_rssi': None}, '64:1a:dd:3b:c7:37': {'first_seen': 1778945817.911705, 'last_seen': 1778945817.915534, 'seen_count': 2, 'channels': [], 'avg_rssi': None}, '0d:dd:fa:9a:61:84': {'first_seen': 1778945818.223686, 'last_seen': 1778945818.224678, 'seen_count': 2, 'channels': [], 'avg_rssi': None}, '61:59:52:bc:e4:f6': {'first_seen': 1778945818.537547, 'last_seen': 1778945818.538438, 'seen_count': 2, 'channels': [], 'avg_rssi': None}, '5b:c3:a0:8b:41:f5': {'first_seen': 1778945818.850256, 'last_seen': 1778945818.851084, 'seen_count': 2, 'channels': [], 'avg_rssi': None}, 'e6:bd:e5:a8:40:97': {'first_seen': 1778945819.163135, 'last_seen': 1778945819.164349, 'seen_count': 2, 'channels': [], 'avg_rssi': None}, '12:eb:ea:14:ef:09': {'first_seen': 1778945819.477835, 'last_seen': 1778945819.47899, 'seen_count': 2, 'channels': [], 'avg_rssi': None}, '64:0d:34:08:55:60': {'first_seen': 1778945819.794431, 'last_seen': 1778945819.795269, 'seen_count': 2, 'channels': [], 'avg_rssi': None}, '5a:eb:d6:ba:3e:7c': {'first_seen': 1778945820.110342, 'last_seen': 1778945820.111407, 'seen_count': 2, 'channels': [], 'avg_rssi': None}, '97:50:dd:3c:21:c7': {'first_seen': 1778945820.426929, 'last_seen': 1778945820.427913, 'seen_count': 2, 'channels': [], 'avg_rssi': None}, 'b0:0e:53:65:05:10': {'first_seen': 1778945820.732273, 'last_seen': 1778945820.732273, 'seen_count': 1, 'channels': [], 'avg_rssi': None}}}
!!!!!!!!!!!!!!!!!!!!!!!!!!!!!!!!!!!!!!!!!!!!!!!!!!!!!!!!!!!!!!!!!!!!!!!!!!!!!!!!


!!!!!!!!!!!!!!!!!!!!!!!!!!!!!!!!!!!!!!!!!!!!!!!!!!!!!!!!!!!!!!!!!!!!!!!!!!!!!!!!
[ALERT] ALERT-000091 | POTENTIAL_EVIL_TWIN
severity: LOW
time: 2026-05-16T15:37:00.742369
message: Wykryto potencjalny Evil Twin / Rogue AP dla SSID 'TestNet_017'. Zaobserwowano 99 różnych BSSID oraz podejrzane różnice parametrów sieci.
evidence: {'ssid': 'TestNet_017', 'bssid_count': 99, 'bssids': ['50:d8:13:4a:95:0e', '3d:f6:0b:ac:14:de', '89:ac:a5:5b:3c:e1', '04:d6:7b:8e:e7:17', 'e0:8e:b0:a1:6f:b8', '5c:a9:94:ad:ae:95', 'b8:21:11:ae:17:66', 'b1:0c:b3:37:fc:81', 'ff:fc:73:b2:45:7e', 'fe:f7:a6:b6:20:e3', 'ba:06:ce:84:5d:09', 'b4:6d:c8:a0:9c:6c', '08:22:b1:42:b7:d7', '45:96:2f:d5:73:51', '37:08:0c:42:b6:4c', '59:69:9b:8c:d7:11', '56:de:b3:a7:66:ca', 'd1:0d:e5:47:85:34', '65:ec:24:39:43:08', '2b:65:5a:d1:51:88', 'd6:3f:12:bf:87:33', '1d:7b:90:7c:21:d8', '95:df:c6:78:23:f9', 'e2:ca:4e:db:ae:80', '1c:5f:00:65:d5:b8', '02:1f:43:a1:30:21', 'ff:33:22:64:9f:2e', '94:b1:6e:49:46:bc', '9d:ce:1e:2a:9f:30', '2e:ea:7a:85:fe:6c', '52:00:cf:73:d2:19', 'ba:c7:8b:75:87:6e', 'be:53:e5:b1:8b:4f', '7c:bb:85:b4:b6:8e', 'e1:d4:3d:a2:ed:f9', 'b7:2e:75:49:3a:3d', 'e5:12:45:df:8e:64', 'ee:02:7f:cf:89:dc', 'd3:bd:0f:de:37:65', '5e:97:d7:45:ca:c8', '26:99:39:7d:30:29', '62:4d:9e:4c:25:91', '76:0d:9c:b3:7a:b1', 'be:94:5d:3b:d8:7e', '31:f6:1d:85:40:cc', '27:21:11:d6:e1:95', '01:9a:56:51:52:e4', '6c:02:47:d4:0f:7b', '03:48:28:48:9d:dd', 'd7:21:7a:6f:b0:39', '36:21:45:99:a5:da', '6c:c1:37:2a:ca:da', 'e8:ca:6a:38:a0:55', '39:2c:67:68:66:cf', 'ae:63:53:e6:69:51', 'ea:23:b4:39:8d:02', '7d:66:a3:7d:45:a9', '3f:1d:5e:ea:18:1c', '82:71:56:3c:f9:47', '94:f4:af:ba:b4:83', 'c2:a5:da:49:22:9a', '21:29:ff:a7:12:30', 'b3:c3:ca:a1:6e:a2', '8a:b6:bd:81:d0:8f', '6a:e2:77:46:4e:00', 'e7:c0:21:ea:04:9d', 'd1:0d:92:c7:d8:0c', '4f:83:aa:44:46:63', '67:ba:72:75:f0:60', '95:70:c5:92:cb:d2', '3f:2a:b5:9c:d6:51', '8e:63:ed:68:97:e9', '8a:d2:fd:0c:25:af', '37:bd:1b:bc:47:38', 'd4:1e:b3:6e:a4:23', 'e7:bc:d4:60:1b:3f', '6f:1c:66:49:df:00', '16:9f:f6:2e:0d:35', '13:13:15:8d:2c:ff', 'b2:1e:a3:f9:53:30', '9b:dd:03:8a:3d:39', 'fb:fb:34:89:77:18', '22:5d:c7:12:f4:e0', 'ab:a1:cc:25:ad:9f', 'a6:46:de:b3:e7:71', 'e1:95:d0:c6:b4:16', '9e:5e:7e:97:b7:06', 'de:24:90:35:69:b6', '8b:8c:20:d0:a5:10', '33:6e:aa:2f:1a:bb', 'eb:da:86:15:7c:fd', 'e6:8a:0e:cf:26:54', '58:dc:8b:15:f8:f6', '34:d1:cf:f9:21:84', '01:a7:71:72:51:c2', 'd5:7d:02:5c:df:c1', 'e5:24:4b:28:36:4e', '89:aa:aa:23:6c:bb', 'fa:d2:8f:ef:22:ae'], 'triggered_reasons': ['same_ssid_multiple_bssid'], 'observations': {'50:d8:13:4a:95:0e': {'first_seen': 1778945790.19939, 'last_seen': 1778945790.200474, 'seen_count': 2, 'channels': [], 'avg_rssi': None}, '3d:f6:0b:ac:14:de': {'first_seen': 1778945790.508125, 'last_seen': 1778945790.509121, 'seen_count': 2, 'channels': [], 'avg_rssi': None}, '89:ac:a5:5b:3c:e1': {'first_seen': 1778945790.815016, 'last_seen': 1778945790.815885, 'seen_count': 2, 'channels': [], 'avg_rssi': None}, '04:d6:7b:8e:e7:17': {'first_seen': 1778945791.123418, 'last_seen': 1778945791.125147, 'seen_count': 2, 'channels': [], 'avg_rssi': None}, 'e0:8e:b0:a1:6f:b8': {'first_seen': 1778945791.432914, 'last_seen': 1778945791.434039, 'seen_count': 2, 'channels': [], 'avg_rssi': None}, '5c:a9:94:ad:ae:95': {'first_seen': 1778945791.739747, 'last_seen': 1778945791.740686, 'seen_count': 2, 'channels': [], 'avg_rssi': None}, 'b8:21:11:ae:17:66': {'first_seen': 1778945792.046876, 'last_seen': 1778945792.047829, 'seen_count': 2, 'channels': [], 'avg_rssi': None}, 'b1:0c:b3:37:fc:81': {'first_seen': 1778945792.355812, 'last_seen': 1778945792.35696, 'seen_count': 2, 'channels': [], 'avg_rssi': None}, 'ff:fc:73:b2:45:7e': {'first_seen': 1778945792.675555, 'last_seen': 1778945792.676478, 'seen_count': 2, 'channels': [], 'avg_rssi': None}, 'fe:f7:a6:b6:20:e3': {'first_seen': 1778945792.985015, 'last_seen': 1778945792.986117, 'seen_count': 2, 'channels': [], 'avg_rssi': None}, 'ba:06:ce:84:5d:09': {'first_seen': 1778945793.303668, 'last_seen': 1778945793.304517, 'seen_count': 2, 'channels': [], 'avg_rssi': None}, 'b4:6d:c8:a0:9c:6c': {'first_seen': 1778945793.618698, 'last_seen': 1778945793.619907, 'seen_count': 2, 'channels': [], 'avg_rssi': None}, '08:22:b1:42:b7:d7': {'first_seen': 1778945793.931905, 'last_seen': 1778945793.933166, 'seen_count': 2, 'channels': [], 'avg_rssi': None}, '45:96:2f:d5:73:51': {'first_seen': 1778945794.246135, 'last_seen': 1778945794.247183, 'seen_count': 2, 'channels': [], 'avg_rssi': None}, '37:08:0c:42:b6:4c': {'first_seen': 1778945794.555508, 'last_seen': 1778945794.556702, 'seen_count': 2, 'channels': [], 'avg_rssi': None}, '59:69:9b:8c:d7:11': {'first_seen': 1778945794.864944, 'last_seen': 1778945794.865965, 'seen_count': 2, 'channels': [], 'avg_rssi': None}, '56:de:b3:a7:66:ca': {'first_seen': 1778945795.187841, 'last_seen': 1778945795.188731, 'seen_count': 2, 'channels': [], 'avg_rssi': None}, 'd1:0d:e5:47:85:34': {'first_seen': 1778945795.501461, 'last_seen': 1778945795.502372, 'seen_count': 2, 'channels': [], 'avg_rssi': None}, '65:ec:24:39:43:08': {'first_seen': 1778945795.81699, 'last_seen': 1778945795.817889, 'seen_count': 2, 'channels': [], 'avg_rssi': None}, '2b:65:5a:d1:51:88': {'first_seen': 1778945796.131012, 'last_seen': 1778945796.131913, 'seen_count': 2, 'channels': [], 'avg_rssi': None}, 'd6:3f:12:bf:87:33': {'first_seen': 1778945796.440986, 'last_seen': 1778945796.442174, 'seen_count': 2, 'channels': [], 'avg_rssi': None}, '1d:7b:90:7c:21:d8': {'first_seen': 1778945796.75578, 'last_seen': 1778945796.756691, 'seen_count': 2, 'channels': [], 'avg_rssi': None}, '95:df:c6:78:23:f9': {'first_seen': 1778945797.062943, 'last_seen': 1778945797.064079, 'seen_count': 2, 'channels': [], 'avg_rssi': None}, 'e2:ca:4e:db:ae:80': {'first_seen': 1778945797.379247, 'last_seen': 1778945797.380103, 'seen_count': 2, 'channels': [], 'avg_rssi': None}, '1c:5f:00:65:d5:b8': {'first_seen': 1778945797.690849, 'last_seen': 1778945797.691987, 'seen_count': 2, 'channels': [], 'avg_rssi': None}, '02:1f:43:a1:30:21': {'first_seen': 1778945798.001412, 'last_seen': 1778945798.00226, 'seen_count': 2, 'channels': [], 'avg_rssi': None}, 'ff:33:22:64:9f:2e': {'first_seen': 1778945798.312496, 'last_seen': 1778945798.313396, 'seen_count': 2, 'channels': [], 'avg_rssi': None}, '94:b1:6e:49:46:bc': {'first_seen': 1778945798.62525, 'last_seen': 1778945798.626418, 'seen_count': 2, 'channels': [], 'avg_rssi': None}, '9d:ce:1e:2a:9f:30': {'first_seen': 1778945798.938322, 'last_seen': 1778945798.939299, 'seen_count': 2, 'channels': [], 'avg_rssi': None}, '2e:ea:7a:85:fe:6c': {'first_seen': 1778945799.246445, 'last_seen': 1778945799.247567, 'seen_count': 2, 'channels': [], 'avg_rssi': None}, '52:00:cf:73:d2:19': {'first_seen': 1778945799.557776, 'last_seen': 1778945799.557776, 'seen_count': 1, 'channels': [], 'avg_rssi': None}, 'ba:c7:8b:75:87:6e': {'first_seen': 1778945799.862071, 'last_seen': 1778945799.863098, 'seen_count': 2, 'channels': [], 'avg_rssi': None}, 'be:53:e5:b1:8b:4f': {'first_seen': 1778945800.173072, 'last_seen': 1778945800.173989, 'seen_count': 2, 'channels': [], 'avg_rssi': None}, '7c:bb:85:b4:b6:8e': {'first_seen': 1778945800.479437, 'last_seen': 1778945800.480629, 'seen_count': 2, 'channels': [], 'avg_rssi': None}, 'e1:d4:3d:a2:ed:f9': {'first_seen': 1778945800.800768, 'last_seen': 1778945800.801912, 'seen_count': 2, 'channels': [], 'avg_rssi': None}, 'b7:2e:75:49:3a:3d': {'first_seen': 1778945801.11219, 'last_seen': 1778945801.113418, 'seen_count': 2, 'channels': [], 'avg_rssi': None}, 'e5:12:45:df:8e:64': {'first_seen': 1778945801.424077, 'last_seen': 1778945801.424928, 'seen_count': 2, 'channels': [], 'avg_rssi': None}, 'ee:02:7f:cf:89:dc': {'first_seen': 1778945801.733197, 'last_seen': 1778945801.735569, 'seen_count': 2, 'channels': [], 'avg_rssi': None}, 'd3:bd:0f:de:37:65': {'first_seen': 1778945802.040094, 'last_seen': 1778945802.042975, 'seen_count': 2, 'channels': [], 'avg_rssi': None}, '5e:97:d7:45:ca:c8': {'first_seen': 1778945802.347735, 'last_seen': 1778945802.350101, 'seen_count': 2, 'channels': [], 'avg_rssi': None}, '26:99:39:7d:30:29': {'first_seen': 1778945802.662109, 'last_seen': 1778945802.663243, 'seen_count': 2, 'channels': [], 'avg_rssi': None}, '62:4d:9e:4c:25:91': {'first_seen': 1778945802.978662, 'last_seen': 1778945802.979634, 'seen_count': 2, 'channels': [], 'avg_rssi': None}, '76:0d:9c:b3:7a:b1': {'first_seen': 1778945803.297005, 'last_seen': 1778945803.298153, 'seen_count': 2, 'channels': [], 'avg_rssi': None}, 'be:94:5d:3b:d8:7e': {'first_seen': 1778945803.61193, 'last_seen': 1778945803.613043, 'seen_count': 2, 'channels': [], 'avg_rssi': None}, '31:f6:1d:85:40:cc': {'first_seen': 1778945803.919348, 'last_seen': 1778945803.92031, 'seen_count': 2, 'channels': [], 'avg_rssi': None}, '27:21:11:d6:e1:95': {'first_seen': 1778945804.23642, 'last_seen': 1778945804.237452, 'seen_count': 2, 'channels': [], 'avg_rssi': None}, '01:9a:56:51:52:e4': {'first_seen': 1778945804.553727, 'last_seen': 1778945804.557221, 'seen_count': 2, 'channels': [], 'avg_rssi': None}, '6c:02:47:d4:0f:7b': {'first_seen': 1778945804.874683, 'last_seen': 1778945804.875607, 'seen_count': 2, 'channels': [], 'avg_rssi': None}, '03:48:28:48:9d:dd': {'first_seen': 1778945805.182901, 'last_seen': 1778945805.184011, 'seen_count': 2, 'channels': [], 'avg_rssi': None}, 'd7:21:7a:6f:b0:39': {'first_seen': 1778945805.500695, 'last_seen': 1778945805.501763, 'seen_count': 2, 'channels': [], 'avg_rssi': None}, '36:21:45:99:a5:da': {'first_seen': 1778945805.811716, 'last_seen': 1778945805.812657, 'seen_count': 2, 'channels': [], 'avg_rssi': None}, '6c:c1:37:2a:ca:da': {'first_seen': 1778945806.123509, 'last_seen': 1778945806.124432, 'seen_count': 2, 'channels': [], 'avg_rssi': None}, 'e8:ca:6a:38:a0:55': {'first_seen': 1778945806.432892, 'last_seen': 1778945806.434471, 'seen_count': 2, 'channels': [], 'avg_rssi': None}, '39:2c:67:68:66:cf': {'first_seen': 1778945806.750661, 'last_seen': 1778945806.754478, 'seen_count': 2, 'channels': [], 'avg_rssi': None}, 'ae:63:53:e6:69:51': {'first_seen': 1778945807.069978, 'last_seen': 1778945807.071097, 'seen_count': 2, 'channels': [], 'avg_rssi': None}, 'ea:23:b4:39:8d:02': {'first_seen': 1778945807.380347, 'last_seen': 1778945807.381239, 'seen_count': 2, 'channels': [], 'avg_rssi': None}, '7d:66:a3:7d:45:a9': {'first_seen': 1778945807.698828, 'last_seen': 1778945807.700129, 'seen_count': 2, 'channels': [], 'avg_rssi': None}, '3f:1d:5e:ea:18:1c': {'first_seen': 1778945808.012943, 'last_seen': 1778945808.013894, 'seen_count': 2, 'channels': [], 'avg_rssi': None}, '82:71:56:3c:f9:47': {'first_seen': 1778945808.322669, 'last_seen': 1778945808.323665, 'seen_count': 2, 'channels': [], 'avg_rssi': None}, '94:f4:af:ba:b4:83': {'first_seen': 1778945808.632174, 'last_seen': 1778945808.63332, 'seen_count': 2, 'channels': [], 'avg_rssi': None}, 'c2:a5:da:49:22:9a': {'first_seen': 1778945808.944186, 'last_seen': 1778945808.945196, 'seen_count': 2, 'channels': [], 'avg_rssi': None}, '21:29:ff:a7:12:30': {'first_seen': 1778945809.252977, 'last_seen': 1778945809.254589, 'seen_count': 2, 'channels': [], 'avg_rssi': None}, 'b3:c3:ca:a1:6e:a2': {'first_seen': 1778945809.564013, 'last_seen': 1778945809.564851, 'seen_count': 2, 'channels': [], 'avg_rssi': None}, '8a:b6:bd:81:d0:8f': {'first_seen': 1778945809.873742, 'last_seen': 1778945809.875493, 'seen_count': 2, 'channels': [], 'avg_rssi': None}, '6a:e2:77:46:4e:00': {'first_seen': 1778945810.186399, 'last_seen': 1778945810.187259, 'seen_count': 2, 'channels': [], 'avg_rssi': None}, 'e7:c0:21:ea:04:9d': {'first_seen': 1778945810.495524, 'last_seen': 1778945810.495524, 'seen_count': 1, 'channels': [], 'avg_rssi': None}, 'd1:0d:92:c7:d8:0c': {'first_seen': 1778945810.807784, 'last_seen': 1778945810.80879, 'seen_count': 2, 'channels': [], 'avg_rssi': None}, '4f:83:aa:44:46:63': {'first_seen': 1778945811.114655, 'last_seen': 1778945811.117932, 'seen_count': 2, 'channels': [], 'avg_rssi': None}, '67:ba:72:75:f0:60': {'first_seen': 1778945811.425345, 'last_seen': 1778945811.428071, 'seen_count': 2, 'channels': [], 'avg_rssi': None}, '95:70:c5:92:cb:d2': {'first_seen': 1778945811.736039, 'last_seen': 1778945811.737217, 'seen_count': 2, 'channels': [], 'avg_rssi': None}, '3f:2a:b5:9c:d6:51': {'first_seen': 1778945812.045746, 'last_seen': 1778945812.046607, 'seen_count': 2, 'channels': [], 'avg_rssi': None}, '8e:63:ed:68:97:e9': {'first_seen': 1778945812.36116, 'last_seen': 1778945812.36116, 'seen_count': 1, 'channels': [], 'avg_rssi': None}, '8a:d2:fd:0c:25:af': {'first_seen': 1778945812.668067, 'last_seen': 1778945812.669138, 'seen_count': 2, 'channels': [], 'avg_rssi': None}, '37:bd:1b:bc:47:38': {'first_seen': 1778945812.977761, 'last_seen': 1778945812.978666, 'seen_count': 2, 'channels': [], 'avg_rssi': None}, 'd4:1e:b3:6e:a4:23': {'first_seen': 1778945813.286186, 'last_seen': 1778945813.287296, 'seen_count': 2, 'channels': [], 'avg_rssi': None}, 'e7:bc:d4:60:1b:3f': {'first_seen': 1778945813.595268, 'last_seen': 1778945813.596184, 'seen_count': 2, 'channels': [], 'avg_rssi': None}, '6f:1c:66:49:df:00': {'first_seen': 1778945813.904625, 'last_seen': 1778945813.905701, 'seen_count': 2, 'channels': [], 'avg_rssi': None}, '16:9f:f6:2e:0d:35': {'first_seen': 1778945814.212434, 'last_seen': 1778945814.213595, 'seen_count': 2, 'channels': [], 'avg_rssi': None}, '13:13:15:8d:2c:ff': {'first_seen': 1778945814.527504, 'last_seen': 1778945814.528609, 'seen_count': 2, 'channels': [], 'avg_rssi': None}, 'b2:1e:a3:f9:53:30': {'first_seen': 1778945814.837, 'last_seen': 1778945814.838124, 'seen_count': 2, 'channels': [], 'avg_rssi': None}, '9b:dd:03:8a:3d:39': {'first_seen': 1778945815.144804, 'last_seen': 1778945815.145891, 'seen_count': 2, 'channels': [], 'avg_rssi': None}, 'fb:fb:34:89:77:18': {'first_seen': 1778945815.456762, 'last_seen': 1778945815.457654, 'seen_count': 2, 'channels': [], 'avg_rssi': None}, '22:5d:c7:12:f4:e0': {'first_seen': 1778945815.760764, 'last_seen': 1778945815.761672, 'seen_count': 2, 'channels': [], 'avg_rssi': None}, 'ab:a1:cc:25:ad:9f': {'first_seen': 1778945816.076066, 'last_seen': 1778945816.076066, 'seen_count': 1, 'channels': [], 'avg_rssi': None}, 'a6:46:de:b3:e7:71': {'first_seen': 1778945816.379752, 'last_seen': 1778945816.38096, 'seen_count': 2, 'channels': [], 'avg_rssi': None}, 'e1:95:d0:c6:b4:16': {'first_seen': 1778945816.686745, 'last_seen': 1778945816.687593, 'seen_count': 2, 'channels': [], 'avg_rssi': None}, '9e:5e:7e:97:b7:06': {'first_seen': 1778945816.994889, 'last_seen': 1778945816.997499, 'seen_count': 2, 'channels': [], 'avg_rssi': None}, 'de:24:90:35:69:b6': {'first_seen': 1778945817.303077, 'last_seen': 1778945817.304127, 'seen_count': 2, 'channels': [], 'avg_rssi': None}, '8b:8c:20:d0:a5:10': {'first_seen': 1778945817.609799, 'last_seen': 1778945817.610894, 'seen_count': 2, 'channels': [], 'avg_rssi': None}, '33:6e:aa:2f:1a:bb': {'first_seen': 1778945817.921813, 'last_seen': 1778945817.923037, 'seen_count': 2, 'channels': [], 'avg_rssi': None}, 'eb:da:86:15:7c:fd': {'first_seen': 1778945818.234718, 'last_seen': 1778945818.235559, 'seen_count': 2, 'channels': [], 'avg_rssi': None}, 'e6:8a:0e:cf:26:54': {'first_seen': 1778945818.55004, 'last_seen': 1778945818.550942, 'seen_count': 2, 'channels': [], 'avg_rssi': None}, '58:dc:8b:15:f8:f6': {'first_seen': 1778945818.860376, 'last_seen': 1778945818.861211, 'seen_count': 2, 'channels': [], 'avg_rssi': None}, '34:d1:cf:f9:21:84': {'first_seen': 1778945819.173242, 'last_seen': 1778945819.174224, 'seen_count': 2, 'channels': [], 'avg_rssi': None}, '01:a7:71:72:51:c2': {'first_seen': 1778945819.488773, 'last_seen': 1778945819.489742, 'seen_count': 2, 'channels': [], 'avg_rssi': None}, 'd5:7d:02:5c:df:c1': {'first_seen': 1778945819.804537, 'last_seen': 1778945819.805631, 'seen_count': 2, 'channels': [], 'avg_rssi': None}, 'e5:24:4b:28:36:4e': {'first_seen': 1778945820.120443, 'last_seen': 1778945820.1214, 'seen_count': 2, 'channels': [], 'avg_rssi': None}, '89:aa:aa:23:6c:bb': {'first_seen': 1778945820.437006, 'last_seen': 1778945820.437914, 'seen_count': 2, 'channels': [], 'avg_rssi': None}, 'fa:d2:8f:ef:22:ae': {'first_seen': 1778945820.742369, 'last_seen': 1778945820.742369, 'seen_count': 1, 'channels': [], 'avg_rssi': None}}}
!!!!!!!!!!!!!!!!!!!!!!!!!!!!!!!!!!!!!!!!!!!!!!!!!!!!!!!!!!!!!!!!!!!!!!!!!!!!!!!!


!!!!!!!!!!!!!!!!!!!!!!!!!!!!!!!!!!!!!!!!!!!!!!!!!!!!!!!!!!!!!!!!!!!!!!!!!!!!!!!!
[ALERT] ALERT-000092 | POTENTIAL_EVIL_TWIN
severity: LOW
time: 2026-05-16T15:37:00.752465
message: Wykryto potencjalny Evil Twin / Rogue AP dla SSID 'TestNet_018'. Zaobserwowano 98 różnych BSSID oraz podejrzane różnice parametrów sieci.
evidence: {'ssid': 'TestNet_018', 'bssid_count': 98, 'bssids': ['78:bd:95:c1:8e:53', '6f:32:de:c1:c4:4b', '73:68:09:0b:78:b7', '45:f6:82:88:1f:6d', '55:fe:15:b9:c4:47', '84:c6:0b:1e:01:64', '4a:86:9c:5e:8f:46', 'ed:95:8b:94:bc:48', '94:7c:c0:3a:04:10', '03:df:eb:f4:8f:9d', 'd2:30:48:ff:f4:87', 'd9:0b:d3:38:f5:e1', '4f:51:16:b3:3b:34', 'd2:05:23:9e:97:50', '04:58:9d:bd:48:71', 'd5:83:45:50:c1:3c', '49:d8:50:15:a9:58', '43:b4:01:e0:80:f9', '7c:f6:5c:fd:16:c9', 'ab:93:7f:96:1c:be', '51:72:68:a5:fe:29', '87:63:47:87:38:31', '4c:9c:07:2b:85:7f', '5e:46:74:32:8a:40', 'e6:c3:83:1a:c9:39', '21:88:6f:5a:ba:bf', '31:bf:56:56:30:ec', '12:b4:e4:e4:7b:64', 'b8:70:da:b4:e0:fb', '57:a2:f4:e7:61:cb', '61:1f:2e:62:c8:86', '48:3e:47:a4:df:d5', 'bc:41:e1:2a:2a:a8', '48:2b:97:6f:eb:4a', 'ac:0d:4f:72:1c:84', '04:60:06:da:c5:e8', 'bb:83:f8:8e:6f:71', '3c:2a:48:4f:7b:09', '4f:01:37:04:6d:dd', 'c6:0c:55:a9:e1:c7', 'f3:af:a1:d5:0e:e3', 'b3:31:fb:e2:fd:76', 'db:94:8c:24:28:16', '4d:fc:66:c4:35:ae', '44:3b:76:29:13:27', '47:73:7b:64:47:ff', '24:d2:ba:e4:b8:32', '6c:0c:3c:d5:e4:42', '32:c6:6d:98:59:a2', '81:ba:85:28:31:be', 'bc:5a:7b:cb:fb:1f', 'c7:06:b7:38:5d:d2', 'e9:37:68:5c:0f:06', 'f2:a0:21:74:d5:e6', 'df:83:e4:34:56:b8', '4c:a3:67:72:ea:e9', 'b5:97:de:98:f0:29', 'b4:4b:51:2e:d8:85', '3c:ec:39:ee:50:3c', '75:1b:68:d3:8a:44', 'd7:b9:90:01:31:12', '0d:50:65:4d:22:8e', '15:7b:79:2b:8d:5d', '5b:c9:24:75:04:6c', '60:6d:70:46:56:68', '2e:61:0c:cb:b6:a2', '86:c9:3b:16:cd:85', '18:12:d3:92:88:91', 'e2:4f:3b:d5:2f:6e', 'dc:31:22:aa:c3:45', 'ef:ad:bd:3e:79:4b', '41:89:19:4e:a5:cb', 'ae:71:db:0c:ad:d5', '11:55:45:f3:ff:65', 'aa:b7:27:35:fc:2c', 'e1:a0:a9:7a:d5:70', 'bc:2e:d8:f2:0b:94', 'f1:a9:87:d2:3f:f2', '16:67:b2:22:5a:8b', '36:af:91:bc:7a:fd', '41:bd:a4:f5:32:18', '21:5b:0b:4b:c2:c4', '96:a3:65:a9:4b:57', '6f:d5:25:f6:af:ab', '11:17:8e:bd:a6:bb', '3f:d9:1a:a0:6c:8a', '60:5d:23:96:44:3f', '45:3e:32:c5:f6:7c', '27:3f:99:63:24:9c', 'a0:38:c5:46:81:28', '60:94:c4:de:b7:1a', '4f:a9:d5:6d:65:72', '48:87:d2:32:48:b5', '93:46:0b:b6:64:5b', '61:31:96:3d:66:b9', 'f8:5e:e6:8f:b9:b7', 'e7:e9:41:dc:b1:a2', 'f1:32:7a:06:ac:11'], 'triggered_reasons': ['same_ssid_multiple_bssid'], 'observations': {'78:bd:95:c1:8e:53': {'first_seen': 1778945790.209514, 'last_seen': 1778945790.210474, 'seen_count': 2, 'channels': [], 'avg_rssi': None}, '6f:32:de:c1:c4:4b': {'first_seen': 1778945790.518222, 'last_seen': 1778945790.519114, 'seen_count': 2, 'channels': [], 'avg_rssi': None}, '73:68:09:0b:78:b7': {'first_seen': 1778945790.825116, 'last_seen': 1778945790.826148, 'seen_count': 2, 'channels': [], 'avg_rssi': None}, '45:f6:82:88:1f:6d': {'first_seen': 1778945791.133499, 'last_seen': 1778945791.134769, 'seen_count': 2, 'channels': [], 'avg_rssi': None}, '55:fe:15:b9:c4:47': {'first_seen': 1778945791.443002, 'last_seen': 1778945791.444166, 'seen_count': 2, 'channels': [], 'avg_rssi': None}, '84:c6:0b:1e:01:64': {'first_seen': 1778945791.749845, 'last_seen': 1778945791.750805, 'seen_count': 2, 'channels': [], 'avg_rssi': None}, '4a:86:9c:5e:8f:46': {'first_seen': 1778945792.056989, 'last_seen': 1778945792.05795, 'seen_count': 2, 'channels': [], 'avg_rssi': None}, 'ed:95:8b:94:bc:48': {'first_seen': 1778945792.365916, 'last_seen': 1778945792.366835, 'seen_count': 2, 'channels': [], 'avg_rssi': None}, '94:7c:c0:3a:04:10': {'first_seen': 1778945792.68566, 'last_seen': 1778945792.686613, 'seen_count': 2, 'channels': [], 'avg_rssi': None}, '03:df:eb:f4:8f:9d': {'first_seen': 1778945792.995123, 'last_seen': 1778945792.996125, 'seen_count': 2, 'channels': [], 'avg_rssi': None}, 'd2:30:48:ff:f4:87': {'first_seen': 1778945793.313765, 'last_seen': 1778945793.314765, 'seen_count': 2, 'channels': [], 'avg_rssi': None}, 'd9:0b:d3:38:f5:e1': {'first_seen': 1778945793.628839, 'last_seen': 1778945793.630033, 'seen_count': 2, 'channels': [], 'avg_rssi': None}, '4f:51:16:b3:3b:34': {'first_seen': 1778945793.942031, 'last_seen': 1778945793.943044, 'seen_count': 2, 'channels': [], 'avg_rssi': None}, 'd2:05:23:9e:97:50': {'first_seen': 1778945794.256232, 'last_seen': 1778945794.257184, 'seen_count': 2, 'channels': [], 'avg_rssi': None}, '04:58:9d:bd:48:71': {'first_seen': 1778945794.565608, 'last_seen': 1778945794.567823, 'seen_count': 2, 'channels': [], 'avg_rssi': None}, 'd5:83:45:50:c1:3c': {'first_seen': 1778945794.878196, 'last_seen': 1778945794.879091, 'seen_count': 2, 'channels': [], 'avg_rssi': None}, '49:d8:50:15:a9:58': {'first_seen': 1778945795.197947, 'last_seen': 1778945795.198856, 'seen_count': 2, 'channels': [], 'avg_rssi': None}, '43:b4:01:e0:80:f9': {'first_seen': 1778945795.512062, 'last_seen': 1778945795.513748, 'seen_count': 2, 'channels': [], 'avg_rssi': None}, '7c:f6:5c:fd:16:c9': {'first_seen': 1778945795.82709, 'last_seen': 1778945795.828013, 'seen_count': 2, 'channels': [], 'avg_rssi': None}, 'ab:93:7f:96:1c:be': {'first_seen': 1778945796.14121, 'last_seen': 1778945796.14216, 'seen_count': 2, 'channels': [], 'avg_rssi': None}, '51:72:68:a5:fe:29': {'first_seen': 1778945796.451932, 'last_seen': 1778945796.452923, 'seen_count': 2, 'channels': [], 'avg_rssi': None}, '87:63:47:87:38:31': {'first_seen': 1778945796.76589, 'last_seen': 1778945796.76682, 'seen_count': 2, 'channels': [], 'avg_rssi': None}, '4c:9c:07:2b:85:7f': {'first_seen': 1778945797.073064, 'last_seen': 1778945797.074086, 'seen_count': 2, 'channels': [], 'avg_rssi': None}, '5e:46:74:32:8a:40': {'first_seen': 1778945797.389368, 'last_seen': 1778945797.390596, 'seen_count': 2, 'channels': [], 'avg_rssi': None}, 'e6:c3:83:1a:c9:39': {'first_seen': 1778945797.700979, 'last_seen': 1778945797.702121, 'seen_count': 2, 'channels': [], 'avg_rssi': None}, '21:88:6f:5a:ba:bf': {'first_seen': 1778945798.011507, 'last_seen': 1778945798.012377, 'seen_count': 2, 'channels': [], 'avg_rssi': None}, '31:bf:56:56:30:ec': {'first_seen': 1778945798.323069, 'last_seen': 1778945798.32427, 'seen_count': 2, 'channels': [], 'avg_rssi': None}, '12:b4:e4:e4:7b:64': {'first_seen': 1778945798.635372, 'last_seen': 1778945798.636417, 'seen_count': 2, 'channels': [], 'avg_rssi': None}, 'b8:70:da:b4:e0:fb': {'first_seen': 1778945798.948475, 'last_seen': 1778945798.949302, 'seen_count': 2, 'channels': [], 'avg_rssi': None}, '57:a2:f4:e7:61:cb': {'first_seen': 1778945799.256706, 'last_seen': 1778945799.257819, 'seen_count': 2, 'channels': [], 'avg_rssi': None}, '61:1f:2e:62:c8:86': {'first_seen': 1778945799.567864, 'last_seen': 1778945799.568839, 'seen_count': 2, 'channels': [], 'avg_rssi': None}, '48:3e:47:a4:df:d5': {'first_seen': 1778945799.872174, 'last_seen': 1778945799.8731, 'seen_count': 2, 'channels': [], 'avg_rssi': None}, 'bc:41:e1:2a:2a:a8': {'first_seen': 1778945800.183585, 'last_seen': 1778945800.184746, 'seen_count': 2, 'channels': [], 'avg_rssi': None}, '48:2b:97:6f:eb:4a': {'first_seen': 1778945800.48961, 'last_seen': 1778945800.490667, 'seen_count': 2, 'channels': [], 'avg_rssi': None}, 'ac:0d:4f:72:1c:84': {'first_seen': 1778945800.814573, 'last_seen': 1778945800.815774, 'seen_count': 2, 'channels': [], 'avg_rssi': None}, '04:60:06:da:c5:e8': {'first_seen': 1778945801.122293, 'last_seen': 1778945801.123163, 'seen_count': 2, 'channels': [], 'avg_rssi': None}, 'bb:83:f8:8e:6f:71': {'first_seen': 1778945801.434174, 'last_seen': 1778945801.43518, 'seen_count': 2, 'channels': [], 'avg_rssi': None}, '3c:2a:48:4f:7b:09': {'first_seen': 1778945801.743298, 'last_seen': 1778945801.744196, 'seen_count': 2, 'channels': [], 'avg_rssi': None}, '4f:01:37:04:6d:dd': {'first_seen': 1778945802.050194, 'last_seen': 1778945802.05109, 'seen_count': 2, 'channels': [], 'avg_rssi': None}, 'c6:0c:55:a9:e1:c7': {'first_seen': 1778945802.357857, 'last_seen': 1778945802.358853, 'seen_count': 2, 'channels': [], 'avg_rssi': None}, 'f3:af:a1:d5:0e:e3': {'first_seen': 1778945802.672215, 'last_seen': 1778945802.673244, 'seen_count': 2, 'channels': [], 'avg_rssi': None}, 'b3:31:fb:e2:fd:76': {'first_seen': 1778945802.98876, 'last_seen': 1778945802.989759, 'seen_count': 2, 'channels': [], 'avg_rssi': None}, 'db:94:8c:24:28:16': {'first_seen': 1778945803.307137, 'last_seen': 1778945803.308151, 'seen_count': 2, 'channels': [], 'avg_rssi': None}, '4d:fc:66:c4:35:ae': {'first_seen': 1778945803.622056, 'last_seen': 1778945803.622925, 'seen_count': 2, 'channels': [], 'avg_rssi': None}, '44:3b:76:29:13:27': {'first_seen': 1778945803.929469, 'last_seen': 1778945803.930442, 'seen_count': 2, 'channels': [], 'avg_rssi': None}, '47:73:7b:64:47:ff': {'first_seen': 1778945804.246785, 'last_seen': 1778945804.247832, 'seen_count': 2, 'channels': [], 'avg_rssi': None}, '24:d2:ba:e4:b8:32': {'first_seen': 1778945804.563822, 'last_seen': 1778945804.564717, 'seen_count': 2, 'channels': [], 'avg_rssi': None}, '6c:0c:3c:d5:e4:42': {'first_seen': 1778945804.884812, 'last_seen': 1778945804.885733, 'seen_count': 2, 'channels': [], 'avg_rssi': None}, '32:c6:6d:98:59:a2': {'first_seen': 1778945805.193003, 'last_seen': 1778945805.193875, 'seen_count': 2, 'channels': [], 'avg_rssi': None}, '81:ba:85:28:31:be': {'first_seen': 1778945805.510846, 'last_seen': 1778945805.511765, 'seen_count': 2, 'channels': [], 'avg_rssi': None}, 'bc:5a:7b:cb:fb:1f': {'first_seen': 1778945805.821939, 'last_seen': 1778945805.823542, 'seen_count': 2, 'channels': [], 'avg_rssi': None}, 'c7:06:b7:38:5d:d2': {'first_seen': 1778945806.133606, 'last_seen': 1778945806.134548, 'seen_count': 2, 'channels': [], 'avg_rssi': None}, 'e9:37:68:5c:0f:06': {'first_seen': 1778945806.446679, 'last_seen': 1778945806.44769, 'seen_count': 2, 'channels': [], 'avg_rssi': None}, 'f2:a0:21:74:d5:e6': {'first_seen': 1778945806.762676, 'last_seen': 1778945806.76358, 'seen_count': 2, 'channels': [], 'avg_rssi': None}, 'df:83:e4:34:56:b8': {'first_seen': 1778945807.0827, 'last_seen': 1778945807.083606, 'seen_count': 2, 'channels': [], 'avg_rssi': None}, '4c:a3:67:72:ea:e9': {'first_seen': 1778945807.390473, 'last_seen': 1778945807.391613, 'seen_count': 2, 'channels': [], 'avg_rssi': None}, 'b5:97:de:98:f0:29': {'first_seen': 1778945807.708929, 'last_seen': 1778945807.710009, 'seen_count': 2, 'channels': [], 'avg_rssi': None}, 'b4:4b:51:2e:d8:85': {'first_seen': 1778945808.023033, 'last_seen': 1778945808.024148, 'seen_count': 2, 'channels': [], 'avg_rssi': None}, '3c:ec:39:ee:50:3c': {'first_seen': 1778945808.332762, 'last_seen': 1778945808.333663, 'seen_count': 2, 'channels': [], 'avg_rssi': None}, '75:1b:68:d3:8a:44': {'first_seen': 1778945808.643306, 'last_seen': 1778945808.644433, 'seen_count': 2, 'channels': [], 'avg_rssi': None}, 'd7:b9:90:01:31:12': {'first_seen': 1778945808.954292, 'last_seen': 1778945808.955193, 'seen_count': 2, 'channels': [], 'avg_rssi': None}, '0d:50:65:4d:22:8e': {'first_seen': 1778945809.266655, 'last_seen': 1778945809.26771, 'seen_count': 2, 'channels': [], 'avg_rssi': None}, '15:7b:79:2b:8d:5d': {'first_seen': 1778945809.574121, 'last_seen': 1778945809.575226, 'seen_count': 2, 'channels': [], 'avg_rssi': None}, '5b:c9:24:75:04:6c': {'first_seen': 1778945809.883842, 'last_seen': 1778945809.884869, 'seen_count': 2, 'channels': [], 'avg_rssi': None}, '60:6d:70:46:56:68': {'first_seen': 1778945810.196499, 'last_seen': 1778945810.201133, 'seen_count': 2, 'channels': [], 'avg_rssi': None}, '2e:61:0c:cb:b6:a2': {'first_seen': 1778945810.501802, 'last_seen': 1778945810.513023, 'seen_count': 2, 'channels': [], 'avg_rssi': None}, '86:c9:3b:16:cd:85': {'first_seen': 1778945810.817891, 'last_seen': 1778945810.818792, 'seen_count': 2, 'channels': [], 'avg_rssi': None}, '18:12:d3:92:88:91': {'first_seen': 1778945811.124757, 'last_seen': 1778945811.124757, 'seen_count': 1, 'channels': [], 'avg_rssi': None}, 'e2:4f:3b:d5:2f:6e': {'first_seen': 1778945811.435448, 'last_seen': 1778945811.437198, 'seen_count': 2, 'channels': [], 'avg_rssi': None}, 'dc:31:22:aa:c3:45': {'first_seen': 1778945811.746144, 'last_seen': 1778945811.74734, 'seen_count': 2, 'channels': [], 'avg_rssi': None}, 'ef:ad:bd:3e:79:4b': {'first_seen': 1778945812.05584, 'last_seen': 1778945812.05673, 'seen_count': 2, 'channels': [], 'avg_rssi': None}, '41:89:19:4e:a5:cb': {'first_seen': 1778945812.371248, 'last_seen': 1778945812.372247, 'seen_count': 2, 'channels': [], 'avg_rssi': None}, 'ae:71:db:0c:ad:d5': {'first_seen': 1778945812.678176, 'last_seen': 1778945812.679139, 'seen_count': 2, 'channels': [], 'avg_rssi': None}, '11:55:45:f3:ff:65': {'first_seen': 1778945812.987856, 'last_seen': 1778945812.988779, 'seen_count': 2, 'channels': [], 'avg_rssi': None}, 'aa:b7:27:35:fc:2c': {'first_seen': 1778945813.296287, 'last_seen': 1778945813.297421, 'seen_count': 2, 'channels': [], 'avg_rssi': None}, 'e1:a0:a9:7a:d5:70': {'first_seen': 1778945813.605364, 'last_seen': 1778945813.60656, 'seen_count': 2, 'channels': [], 'avg_rssi': None}, 'bc:2e:d8:f2:0b:94': {'first_seen': 1778945813.914667, 'last_seen': 1778945813.915702, 'seen_count': 2, 'channels': [], 'avg_rssi': None}, 'f1:a9:87:d2:3f:f2': {'first_seen': 1778945814.222545, 'last_seen': 1778945814.223468, 'seen_count': 2, 'channels': [], 'avg_rssi': None}, '16:67:b2:22:5a:8b': {'first_seen': 1778945814.537601, 'last_seen': 1778945814.538497, 'seen_count': 2, 'channels': [], 'avg_rssi': None}, '36:af:91:bc:7a:fd': {'first_seen': 1778945814.847101, 'last_seen': 1778945814.848125, 'seen_count': 2, 'channels': [], 'avg_rssi': None}, '41:bd:a4:f5:32:18': {'first_seen': 1778945815.154924, 'last_seen': 1778945815.156142, 'seen_count': 2, 'channels': [], 'avg_rssi': None}, '21:5b:0b:4b:c2:c4': {'first_seen': 1778945815.466855, 'last_seen': 1778945815.468031, 'seen_count': 2, 'channels': [], 'avg_rssi': None}, '96:a3:65:a9:4b:57': {'first_seen': 1778945815.770856, 'last_seen': 1778945815.779422, 'seen_count': 2, 'channels': [], 'avg_rssi': None}, '6f:d5:25:f6:af:ab': {'first_seen': 1778945816.38986, 'last_seen': 1778945816.39108, 'seen_count': 2, 'channels': [], 'avg_rssi': None}, '11:17:8e:bd:a6:bb': {'first_seen': 1778945816.696846, 'last_seen': 1778945816.697846, 'seen_count': 2, 'channels': [], 'avg_rssi': None}, '3f:d9:1a:a0:6c:8a': {'first_seen': 1778945817.004986, 'last_seen': 1778945817.006115, 'seen_count': 2, 'channels': [], 'avg_rssi': None}, '60:5d:23:96:44:3f': {'first_seen': 1778945817.313187, 'last_seen': 1778945817.314255, 'seen_count': 2, 'channels': [], 'avg_rssi': None}, '45:3e:32:c5:f6:7c': {'first_seen': 1778945817.6199, 'last_seen': 1778945817.620771, 'seen_count': 2, 'channels': [], 'avg_rssi': None}, '27:3f:99:63:24:9c': {'first_seen': 1778945817.931904, 'last_seen': 1778945817.933035, 'seen_count': 2, 'channels': [], 'avg_rssi': None}, 'a0:38:c5:46:81:28': {'first_seen': 1778945818.244863, 'last_seen': 1778945818.245803, 'seen_count': 2, 'channels': [], 'avg_rssi': None}, '60:94:c4:de:b7:1a': {'first_seen': 1778945818.560131, 'last_seen': 1778945818.561067, 'seen_count': 2, 'channels': [], 'avg_rssi': None}, '4f:a9:d5:6d:65:72': {'first_seen': 1778945818.87047, 'last_seen': 1778945818.871474, 'seen_count': 2, 'channels': [], 'avg_rssi': None}, '48:87:d2:32:48:b5': {'first_seen': 1778945819.183377, 'last_seen': 1778945819.184225, 'seen_count': 2, 'channels': [], 'avg_rssi': None}, '93:46:0b:b6:64:5b': {'first_seen': 1778945819.498863, 'last_seen': 1778945819.499992, 'seen_count': 2, 'channels': [], 'avg_rssi': None}, '61:31:96:3d:66:b9': {'first_seen': 1778945819.814661, 'last_seen': 1778945819.815636, 'seen_count': 2, 'channels': [], 'avg_rssi': None}, 'f8:5e:e6:8f:b9:b7': {'first_seen': 1778945820.130578, 'last_seen': 1778945820.131533, 'seen_count': 2, 'channels': [], 'avg_rssi': None}, 'e7:e9:41:dc:b1:a2': {'first_seen': 1778945820.447102, 'last_seen': 1778945820.448163, 'seen_count': 2, 'channels': [], 'avg_rssi': None}, 'f1:32:7a:06:ac:11': {'first_seen': 1778945820.752465, 'last_seen': 1778945820.752465, 'seen_count': 1, 'channels': [], 'avg_rssi': None}}}
!!!!!!!!!!!!!!!!!!!!!!!!!!!!!!!!!!!!!!!!!!!!!!!!!!!!!!!!!!!!!!!!!!!!!!!!!!!!!!!!


!!!!!!!!!!!!!!!!!!!!!!!!!!!!!!!!!!!!!!!!!!!!!!!!!!!!!!!!!!!!!!!!!!!!!!!!!!!!!!!!
[ALERT] ALERT-000093 | POTENTIAL_EVIL_TWIN
severity: LOW
time: 2026-05-16T15:37:00.762575
message: Wykryto potencjalny Evil Twin / Rogue AP dla SSID 'TestNet_019'. Zaobserwowano 98 różnych BSSID oraz podejrzane różnice parametrów sieci.
evidence: {'ssid': 'TestNet_019', 'bssid_count': 98, 'bssids': ['69:f9:24:57:e2:ac', '60:20:c8:e6:18:d1', '0d:ac:8f:03:f0:22', '3e:ef:4f:50:75:f2', '57:92:74:c3:26:74', '16:70:71:3d:87:61', '87:22:4a:ef:22:6b', 'f7:4a:39:bc:27:52', '8e:9c:0b:6d:c8:4c', '26:b2:49:38:01:7d', '24:38:c1:69:91:be', 'c5:81:73:dc:6d:50', '33:0d:90:78:7c:0d', 'c0:27:99:ce:d9:4e', 'd5:68:16:2f:f2:8a', 'cd:48:9b:80:01:fb', 'c7:10:6e:70:b2:6e', '7f:80:a5:7b:fe:da', '31:6c:d6:88:a7:22', '0b:93:7e:63:b3:d8', '5d:33:43:44:eb:0c', '17:f3:9a:ca:6b:7e', 'c9:85:55:96:37:58', 'e0:0c:e0:d2:fc:c9', 'e0:74:f9:41:32:83', '22:3a:f0:66:36:0c', 'b4:fd:96:15:36:68', '42:96:1a:df:a4:f0', '2a:84:80:d4:4e:10', '58:d2:db:43:91:ba', '16:2d:90:b2:66:ad', 'b7:a2:11:30:c3:d4', 'e7:90:82:1c:27:64', 'c8:8e:d3:a1:43:1f', 'dc:1f:c3:60:e3:12', '1e:8e:c7:ed:3c:bc', '7e:37:27:28:b1:4d', '65:6a:1e:00:f8:0a', '0a:c9:12:58:5f:62', '4d:4d:7f:37:0c:b6', '4c:37:14:0a:71:75', 'c8:8b:cf:11:0d:2b', 'a7:a4:e1:08:62:5e', 'ef:bc:6f:f9:da:32', '4c:74:53:37:66:93', '85:34:04:f6:39:7f', '48:cd:a3:25:e8:f2', 'd7:12:3d:df:79:bc', 'f8:2c:58:eb:0f:33', '9f:e0:cb:c4:cf:e1', '2a:ea:00:58:fa:62', '78:db:17:9b:6b:f9', '80:75:76:f1:a8:fb', 'f5:df:9b:e3:4f:4f', 'e1:6b:03:59:bb:22', '5f:46:9e:ad:c5:6f', 'c3:be:65:8f:4b:55', '5d:8e:5f:05:09:7e', 'bc:5b:28:20:dd:9a', '27:2f:78:28:01:a5', '35:0a:b7:a6:13:e9', '12:27:fd:2c:96:e5', 'd1:c9:17:1d:55:13', '4a:5c:c6:ef:f1:36', '9b:fd:66:bf:ef:01', '7a:5e:a5:22:c7:94', 'a3:ca:5a:ce:c6:8b', '37:51:4f:6f:b0:05', 'a4:c5:f1:9d:9a:e0', 'fd:a7:17:ba:9e:90', 'ce:e8:82:a3:ef:58', 'eb:b5:b5:19:3a:52', '71:cd:33:fc:e8:f5', 'b9:e3:e7:64:c6:15', '16:02:d7:9f:91:bd', 'b9:c8:33:d2:74:d1', '61:aa:72:86:ca:b4', '5c:bf:6b:49:18:a0', '62:9e:86:4a:72:e4', '28:3b:3a:27:86:16', '91:3a:a9:6a:9d:b8', '70:a8:83:5a:ae:61', 'de:b2:ed:09:18:85', '6d:e3:95:ea:22:8b', '8b:fd:ed:9e:d9:8c', '6c:4a:ba:c8:fd:e2', '3b:61:67:e1:c4:45', '5e:07:88:85:9b:b7', '17:4c:6e:ea:b0:88', '61:f4:c6:43:01:a3', '6e:d6:b0:96:37:09', '61:5e:05:a9:b9:c8', '11:a6:ea:7b:8c:a8', '98:0b:7d:e7:1d:68', 'b6:e1:08:12:45:15', 'a6:9a:10:3d:f4:fb', '8c:b4:f7:77:4b:47', 'ec:c0:09:56:71:18'], 'triggered_reasons': ['same_ssid_multiple_bssid'], 'observations': {'69:f9:24:57:e2:ac': {'first_seen': 1778945790.220385, 'last_seen': 1778945790.221368, 'seen_count': 2, 'channels': [], 'avg_rssi': None}, '60:20:c8:e6:18:d1': {'first_seen': 1778945790.528337, 'last_seen': 1778945790.529375, 'seen_count': 2, 'channels': [], 'avg_rssi': None}, '0d:ac:8f:03:f0:22': {'first_seen': 1778945790.835239, 'last_seen': 1778945790.836138, 'seen_count': 2, 'channels': [], 'avg_rssi': None}, '3e:ef:4f:50:75:f2': {'first_seen': 1778945791.146658, 'last_seen': 1778945791.147521, 'seen_count': 2, 'channels': [], 'avg_rssi': None}, '57:92:74:c3:26:74': {'first_seen': 1778945791.453094, 'last_seen': 1778945791.454163, 'seen_count': 2, 'channels': [], 'avg_rssi': None}, '16:70:71:3d:87:61': {'first_seen': 1778945791.759958, 'last_seen': 1778945791.761186, 'seen_count': 2, 'channels': [], 'avg_rssi': None}, '87:22:4a:ef:22:6b': {'first_seen': 1778945792.067098, 'last_seen': 1778945792.068192, 'seen_count': 2, 'channels': [], 'avg_rssi': None}, 'f7:4a:39:bc:27:52': {'first_seen': 1778945792.376014, 'last_seen': 1778945792.37722, 'seen_count': 2, 'channels': [], 'avg_rssi': None}, '8e:9c:0b:6d:c8:4c': {'first_seen': 1778945792.69577, 'last_seen': 1778945792.696853, 'seen_count': 2, 'channels': [], 'avg_rssi': None}, '26:b2:49:38:01:7d': {'first_seen': 1778945793.005235, 'last_seen': 1778945793.006253, 'seen_count': 2, 'channels': [], 'avg_rssi': None}, '24:38:c1:69:91:be': {'first_seen': 1778945793.323881, 'last_seen': 1778945793.32476, 'seen_count': 2, 'channels': [], 'avg_rssi': None}, 'c5:81:73:dc:6d:50': {'first_seen': 1778945793.638951, 'last_seen': 1778945793.63991, 'seen_count': 2, 'channels': [], 'avg_rssi': None}, '33:0d:90:78:7c:0d': {'first_seen': 1778945793.9522, 'last_seen': 1778945793.953294, 'seen_count': 2, 'channels': [], 'avg_rssi': None}, 'c0:27:99:ce:d9:4e': {'first_seen': 1778945794.266716, 'last_seen': 1778945794.267935, 'seen_count': 2, 'channels': [], 'avg_rssi': None}, 'd5:68:16:2f:f2:8a': {'first_seen': 1778945794.575703, 'last_seen': 1778945794.576827, 'seen_count': 2, 'channels': [], 'avg_rssi': None}, 'cd:48:9b:80:01:fb': {'first_seen': 1778945794.888302, 'last_seen': 1778945794.889341, 'seen_count': 2, 'channels': [], 'avg_rssi': None}, 'c7:10:6e:70:b2:6e': {'first_seen': 1778945795.20806, 'last_seen': 1778945795.20912, 'seen_count': 2, 'channels': [], 'avg_rssi': None}, '7f:80:a5:7b:fe:da': {'first_seen': 1778945795.523366, 'last_seen': 1778945795.524378, 'seen_count': 2, 'channels': [], 'avg_rssi': None}, '31:6c:d6:88:a7:22': {'first_seen': 1778945795.837224, 'last_seen': 1778945795.838272, 'seen_count': 2, 'channels': [], 'avg_rssi': None}, '0b:93:7e:63:b3:d8': {'first_seen': 1778945796.153783, 'last_seen': 1778945796.154924, 'seen_count': 2, 'channels': [], 'avg_rssi': None}, '5d:33:43:44:eb:0c': {'first_seen': 1778945796.462025, 'last_seen': 1778945796.463048, 'seen_count': 2, 'channels': [], 'avg_rssi': None}, '17:f3:9a:ca:6b:7e': {'first_seen': 1778945796.776018, 'last_seen': 1778945796.776947, 'seen_count': 2, 'channels': [], 'avg_rssi': None}, 'c9:85:55:96:37:58': {'first_seen': 1778945797.083177, 'last_seen': 1778945797.084339, 'seen_count': 2, 'channels': [], 'avg_rssi': None}, 'e0:0c:e0:d2:fc:c9': {'first_seen': 1778945797.39949, 'last_seen': 1778945797.40073, 'seen_count': 2, 'channels': [], 'avg_rssi': None}, 'e0:74:f9:41:32:83': {'first_seen': 1778945797.711105, 'last_seen': 1778945797.712121, 'seen_count': 2, 'channels': [], 'avg_rssi': None}, '22:3a:f0:66:36:0c': {'first_seen': 1778945798.021618, 'last_seen': 1778945798.022761, 'seen_count': 2, 'channels': [], 'avg_rssi': None}, 'b4:fd:96:15:36:68': {'first_seen': 1778945798.333177, 'last_seen': 1778945798.334153, 'seen_count': 2, 'channels': [], 'avg_rssi': None}, '42:96:1a:df:a4:f0': {'first_seen': 1778945798.64549, 'last_seen': 1778945798.646665, 'seen_count': 2, 'channels': [], 'avg_rssi': None}, '2a:84:80:d4:4e:10': {'first_seen': 1778945798.958589, 'last_seen': 1778945798.959804, 'seen_count': 2, 'channels': [], 'avg_rssi': None}, '58:d2:db:43:91:ba': {'first_seen': 1778945799.266833, 'last_seen': 1778945799.267944, 'seen_count': 2, 'channels': [], 'avg_rssi': None}, '16:2d:90:b2:66:ad': {'first_seen': 1778945799.577969, 'last_seen': 1778945799.579084, 'seen_count': 2, 'channels': [], 'avg_rssi': None}, 'b7:a2:11:30:c3:d4': {'first_seen': 1778945799.882331, 'last_seen': 1778945799.883474, 'seen_count': 2, 'channels': [], 'avg_rssi': None}, 'e7:90:82:1c:27:64': {'first_seen': 1778945800.193755, 'last_seen': 1778945800.194652, 'seen_count': 2, 'channels': [], 'avg_rssi': None}, 'c8:8e:d3:a1:43:1f': {'first_seen': 1778945800.499701, 'last_seen': 1778945800.500756, 'seen_count': 2, 'channels': [], 'avg_rssi': None}, 'dc:1f:c3:60:e3:12': {'first_seen': 1778945800.824672, 'last_seen': 1778945800.825647, 'seen_count': 2, 'channels': [], 'avg_rssi': None}, '1e:8e:c7:ed:3c:bc': {'first_seen': 1778945801.132392, 'last_seen': 1778945801.133541, 'seen_count': 2, 'channels': [], 'avg_rssi': None}, '7e:37:27:28:b1:4d': {'first_seen': 1778945801.444246, 'last_seen': 1778945801.445183, 'seen_count': 2, 'channels': [], 'avg_rssi': None}, '65:6a:1e:00:f8:0a': {'first_seen': 1778945801.7534, 'last_seen': 1778945801.754322, 'seen_count': 2, 'channels': [], 'avg_rssi': None}, '0a:c9:12:58:5f:62': {'first_seen': 1778945802.060367, 'last_seen': 1778945802.061213, 'seen_count': 2, 'channels': [], 'avg_rssi': None}, '4d:4d:7f:37:0c:b6': {'first_seen': 1778945802.368292, 'last_seen': 1778945802.369354, 'seen_count': 2, 'channels': [], 'avg_rssi': None}, '4c:37:14:0a:71:75': {'first_seen': 1778945802.682354, 'last_seen': 1778945802.683502, 'seen_count': 2, 'channels': [], 'avg_rssi': None}, 'c8:8b:cf:11:0d:2b': {'first_seen': 1778945802.998861, 'last_seen': 1778945803.000013, 'seen_count': 2, 'channels': [], 'avg_rssi': None}, 'a7:a4:e1:08:62:5e': {'first_seen': 1778945803.317267, 'last_seen': 1778945803.318286, 'seen_count': 2, 'channels': [], 'avg_rssi': None}, 'ef:bc:6f:f9:da:32': {'first_seen': 1778945803.632156, 'last_seen': 1778945803.633056, 'seen_count': 2, 'channels': [], 'avg_rssi': None}, '4c:74:53:37:66:93': {'first_seen': 1778945803.939603, 'last_seen': 1778945803.940695, 'seen_count': 2, 'channels': [], 'avg_rssi': None}, '85:34:04:f6:39:7f': {'first_seen': 1778945804.257838, 'last_seen': 1778945804.258955, 'seen_count': 2, 'channels': [], 'avg_rssi': None}, '48:cd:a3:25:e8:f2': {'first_seen': 1778945804.573934, 'last_seen': 1778945804.575093, 'seen_count': 2, 'channels': [], 'avg_rssi': None}, 'd7:12:3d:df:79:bc': {'first_seen': 1778945804.894905, 'last_seen': 1778945804.895734, 'seen_count': 2, 'channels': [], 'avg_rssi': None}, 'f8:2c:58:eb:0f:33': {'first_seen': 1778945805.203128, 'last_seen': 1778945805.20426, 'seen_count': 2, 'channels': [], 'avg_rssi': None}, '9f:e0:cb:c4:cf:e1': {'first_seen': 1778945805.520941, 'last_seen': 1778945805.524766, 'seen_count': 2, 'channels': [], 'avg_rssi': None}, '2a:ea:00:58:fa:62': {'first_seen': 1778945805.834678, 'last_seen': 1778945805.836031, 'seen_count': 2, 'channels': [], 'avg_rssi': None}, '78:db:17:9b:6b:f9': {'first_seen': 1778945806.1437, 'last_seen': 1778945806.144799, 'seen_count': 2, 'channels': [], 'avg_rssi': None}, '80:75:76:f1:a8:fb': {'first_seen': 1778945806.456772, 'last_seen': 1778945806.45769, 'seen_count': 2, 'channels': [], 'avg_rssi': None}, 'f5:df:9b:e3:4f:4f': {'first_seen': 1778945806.772771, 'last_seen': 1778945806.773707, 'seen_count': 2, 'channels': [], 'avg_rssi': None}, 'e1:6b:03:59:bb:22': {'first_seen': 1778945807.094691, 'last_seen': 1778945807.095727, 'seen_count': 2, 'channels': [], 'avg_rssi': None}, '5f:46:9e:ad:c5:6f': {'first_seen': 1778945807.400586, 'last_seen': 1778945807.401489, 'seen_count': 2, 'channels': [], 'avg_rssi': None}, 'c3:be:65:8f:4b:55': {'first_seen': 1778945807.719024, 'last_seen': 1778945807.720023, 'seen_count': 2, 'channels': [], 'avg_rssi': None}, '5d:8e:5f:05:09:7e': {'first_seen': 1778945808.033144, 'last_seen': 1778945808.03402, 'seen_count': 2, 'channels': [], 'avg_rssi': None}, 'bc:5b:28:20:dd:9a': {'first_seen': 1778945808.34286, 'last_seen': 1778945808.343789, 'seen_count': 2, 'channels': [], 'avg_rssi': None}, '27:2f:78:28:01:a5': {'first_seen': 1778945808.653415, 'last_seen': 1778945808.654567, 'seen_count': 2, 'channels': [], 'avg_rssi': None}, '35:0a:b7:a6:13:e9': {'first_seen': 1778945808.964391, 'last_seen': 1778945808.965445, 'seen_count': 2, 'channels': [], 'avg_rssi': None}, '12:27:fd:2c:96:e5': {'first_seen': 1778945809.276751, 'last_seen': 1778945809.277962, 'seen_count': 2, 'channels': [], 'avg_rssi': None}, 'd1:c9:17:1d:55:13': {'first_seen': 1778945809.584219, 'last_seen': 1778945809.585353, 'seen_count': 2, 'channels': [], 'avg_rssi': None}, '4a:5c:c6:ef:f1:36': {'first_seen': 1778945809.893938, 'last_seen': 1778945809.895121, 'seen_count': 2, 'channels': [], 'avg_rssi': None}, '9b:fd:66:bf:ef:01': {'first_seen': 1778945810.206599, 'last_seen': 1778945810.207509, 'seen_count': 2, 'channels': [], 'avg_rssi': None}, '7a:5e:a5:22:c7:94': {'first_seen': 1778945810.517401, 'last_seen': 1778945810.517401, 'seen_count': 1, 'channels': [], 'avg_rssi': None}, 'a3:ca:5a:ce:c6:8b': {'first_seen': 1778945810.827985, 'last_seen': 1778945810.829168, 'seen_count': 2, 'channels': [], 'avg_rssi': None}, '37:51:4f:6f:b0:05': {'first_seen': 1778945811.445554, 'last_seen': 1778945811.447699, 'seen_count': 2, 'channels': [], 'avg_rssi': None}, 'a4:c5:f1:9d:9a:e0': {'first_seen': 1778945811.756263, 'last_seen': 1778945811.757094, 'seen_count': 2, 'channels': [], 'avg_rssi': None}, 'fd:a7:17:ba:9e:90': {'first_seen': 1778945812.067405, 'last_seen': 1778945812.068608, 'seen_count': 2, 'channels': [], 'avg_rssi': None}, 'ce:e8:82:a3:ef:58': {'first_seen': 1778945812.381344, 'last_seen': 1778945812.381344, 'seen_count': 1, 'channels': [], 'avg_rssi': None}, 'eb:b5:b5:19:3a:52': {'first_seen': 1778945812.688282, 'last_seen': 1778945812.689142, 'seen_count': 2, 'channels': [], 'avg_rssi': None}, '71:cd:33:fc:e8:f5': {'first_seen': 1778945812.997952, 'last_seen': 1778945813.000407, 'seen_count': 2, 'channels': [], 'avg_rssi': None}, 'b9:e3:e7:64:c6:15': {'first_seen': 1778945813.306399, 'last_seen': 1778945813.307544, 'seen_count': 2, 'channels': [], 'avg_rssi': None}, '16:02:d7:9f:91:bd': {'first_seen': 1778945813.61546, 'last_seen': 1778945813.617308, 'seen_count': 2, 'channels': [], 'avg_rssi': None}, 'b9:c8:33:d2:74:d1': {'first_seen': 1778945813.924767, 'last_seen': 1778945813.925952, 'seen_count': 2, 'channels': [], 'avg_rssi': None}, '61:aa:72:86:ca:b4': {'first_seen': 1778945814.232644, 'last_seen': 1778945814.233844, 'seen_count': 2, 'channels': [], 'avg_rssi': None}, '5c:bf:6b:49:18:a0': {'first_seen': 1778945814.547705, 'last_seen': 1778945814.54862, 'seen_count': 2, 'channels': [], 'avg_rssi': None}, '62:9e:86:4a:72:e4': {'first_seen': 1778945814.857199, 'last_seen': 1778945814.858126, 'seen_count': 2, 'channels': [], 'avg_rssi': None}, '28:3b:3a:27:86:16': {'first_seen': 1778945815.165087, 'last_seen': 1778945815.166265, 'seen_count': 2, 'channels': [], 'avg_rssi': None}, '91:3a:a9:6a:9d:b8': {'first_seen': 1778945815.476965, 'last_seen': 1778945815.484667, 'seen_count': 2, 'channels': [], 'avg_rssi': None}, '70:a8:83:5a:ae:61': {'first_seen': 1778945815.780954, 'last_seen': 1778945815.782546, 'seen_count': 2, 'channels': [], 'avg_rssi': None}, 'de:b2:ed:09:18:85': {'first_seen': 1778945816.091205, 'last_seen': 1778945816.093188, 'seen_count': 2, 'channels': [], 'avg_rssi': None}, '6d:e3:95:ea:22:8b': {'first_seen': 1778945816.399971, 'last_seen': 1778945816.403217, 'seen_count': 2, 'channels': [], 'avg_rssi': None}, '8b:fd:ed:9e:d9:8c': {'first_seen': 1778945816.706888, 'last_seen': 1778945816.707721, 'seen_count': 2, 'channels': [], 'avg_rssi': None}, '6c:4a:ba:c8:fd:e2': {'first_seen': 1778945817.015891, 'last_seen': 1778945817.01674, 'seen_count': 2, 'channels': [], 'avg_rssi': None}, '3b:61:67:e1:c4:45': {'first_seen': 1778945817.323281, 'last_seen': 1778945817.324379, 'seen_count': 2, 'channels': [], 'avg_rssi': None}, '5e:07:88:85:9b:b7': {'first_seen': 1778945817.630016, 'last_seen': 1778945817.630896, 'seen_count': 2, 'channels': [], 'avg_rssi': None}, '17:4c:6e:ea:b0:88': {'first_seen': 1778945817.942013, 'last_seen': 1778945817.943914, 'seen_count': 2, 'channels': [], 'avg_rssi': None}, '61:f4:c6:43:01:a3': {'first_seen': 1778945818.25593, 'last_seen': 1778945818.257053, 'seen_count': 2, 'channels': [], 'avg_rssi': None}, '6e:d6:b0:96:37:09': {'first_seen': 1778945818.570248, 'last_seen': 1778945818.571068, 'seen_count': 2, 'channels': [], 'avg_rssi': None}, '61:5e:05:a9:b9:c8': {'first_seen': 1778945818.880563, 'last_seen': 1778945818.881457, 'seen_count': 2, 'channels': [], 'avg_rssi': None}, '11:a6:ea:7b:8c:a8': {'first_seen': 1778945819.193481, 'last_seen': 1778945819.194474, 'seen_count': 2, 'channels': [], 'avg_rssi': None}, '98:0b:7d:e7:1d:68': {'first_seen': 1778945819.508963, 'last_seen': 1778945819.509868, 'seen_count': 2, 'channels': [], 'avg_rssi': None}, 'b6:e1:08:12:45:15': {'first_seen': 1778945819.824739, 'last_seen': 1778945819.825887, 'seen_count': 2, 'channels': [], 'avg_rssi': None}, 'a6:9a:10:3d:f4:fb': {'first_seen': 1778945820.141325, 'last_seen': 1778945820.1424, 'seen_count': 2, 'channels': [], 'avg_rssi': None}, '8c:b4:f7:77:4b:47': {'first_seen': 1778945820.457194, 'last_seen': 1778945820.458042, 'seen_count': 2, 'channels': [], 'avg_rssi': None}, 'ec:c0:09:56:71:18': {'first_seen': 1778945820.762575, 'last_seen': 1778945820.762575, 'seen_count': 1, 'channels': [], 'avg_rssi': None}}}
!!!!!!!!!!!!!!!!!!!!!!!!!!!!!!!!!!!!!!!!!!!!!!!!!!!!!!!!!!!!!!!!!!!!!!!!!!!!!!!!


!!!!!!!!!!!!!!!!!!!!!!!!!!!!!!!!!!!!!!!!!!!!!!!!!!!!!!!!!!!!!!!!!!!!!!!!!!!!!!!!
[ALERT] ALERT-000094 | POTENTIAL_EVIL_TWIN
severity: LOW
time: 2026-05-16T15:37:00.772667
message: Wykryto potencjalny Evil Twin / Rogue AP dla SSID 'TestNet_020'. Zaobserwowano 98 różnych BSSID oraz podejrzane różnice parametrów sieci.
evidence: {'ssid': 'TestNet_020', 'bssid_count': 98, 'bssids': ['60:08:76:f4:58:4e', '34:75:9f:fa:b2:95', '7e:d6:c0:5e:60:6c', 'c5:2e:cd:aa:33:a3', '4d:e0:d5:bd:c0:63', '69:28:83:8e:84:2c', 'c0:e4:18:a0:9d:39', 'fd:78:d5:18:29:e2', 'bf:d9:11:07:d9:0d', '8a:8e:96:4e:8c:8d', '46:52:de:e8:0c:e4', '7d:cd:dd:3b:81:4a', '24:27:b1:28:30:d4', 'a5:1f:a7:10:64:3d', '91:22:0b:5c:59:13', '1d:2c:d6:5b:85:40', '1e:83:b1:89:d9:90', '70:66:b0:6a:37:bd', 'cf:3e:f7:23:a3:e3', 'b1:2c:22:51:58:87', '79:61:c9:99:37:08', '59:0c:1d:7a:29:98', 'f7:38:ee:62:ce:cd', 'cd:d7:3b:97:b9:05', '22:19:da:bc:35:39', 'ef:50:70:22:52:8f', 'a1:f6:9d:36:f5:d0', 'ab:50:72:66:e4:23', 'cf:76:b0:b6:13:7e', 'ae:80:c0:61:ae:aa', 'd6:cf:79:63:89:40', 'a5:e0:64:73:9e:b7', 'ad:93:8c:05:0f:47', '89:91:2b:bf:72:ff', '8f:20:58:e8:d8:86', 'da:97:03:69:7c:15', 'a7:b0:91:0b:9e:93', '5f:5b:82:bd:2e:3f', 'e5:36:ce:40:94:65', '59:c8:cb:65:ee:64', 'da:ef:46:56:51:94', '9a:8c:54:82:02:61', '55:6c:92:b9:2a:26', 'a4:bf:f5:5d:f0:eb', '29:c4:57:46:ec:78', '62:c8:cd:1e:c9:67', '52:52:af:0f:bf:b2', 'e1:49:a5:76:4c:ed', '37:91:9f:6d:69:c0', '67:ab:83:d3:e1:a4', 'ae:98:45:f8:04:07', '02:e8:d8:c5:d0:a3', '8d:d7:5e:0f:11:8b', '54:22:bb:b2:d0:1e', '02:29:85:1f:13:a9', '68:73:83:4d:f0:e9', 'da:0b:2e:55:4a:4b', 'fa:c5:a3:a6:48:15', 'c0:2d:5f:da:c1:53', '19:9f:e6:d0:61:8b', '04:b4:a1:29:d5:ca', 'b0:be:7b:9d:71:3e', 'b8:1c:97:21:a6:4d', '31:f2:31:3f:5d:13', '02:51:72:91:38:32', '8c:50:0d:d5:21:1a', '31:24:2a:aa:74:ad', '6b:1b:77:07:82:31', 'fa:ae:4e:5b:43:be', 'df:79:46:a5:b8:70', '74:6f:6e:95:fd:d1', 'c4:84:52:f6:0e:25', 'e0:f0:c3:47:27:80', 'b7:0a:ab:e1:de:c9', 'fb:76:01:d7:5d:be', 'e8:59:3e:60:c9:5a', '36:69:3f:1e:7f:de', '49:05:73:7d:18:86', 'a7:fa:26:10:ad:44', '7a:fb:00:22:96:dd', '13:2a:82:9d:25:7d', '5e:ee:14:d8:11:71', '5b:0f:f5:bb:ba:97', 'c7:94:7b:11:3a:c2', 'b2:24:fd:b7:05:92', 'c2:51:d0:bc:ef:2f', '06:73:f1:c4:52:15', '55:7a:45:35:05:d1', 'ff:87:47:5b:ba:b5', 'c2:6c:04:f2:58:de', 'de:78:9d:1b:5e:27', '3e:82:f9:85:da:d5', 'f8:3a:9c:38:6e:6e', 'da:c0:a7:ec:c1:4e', 'a7:7d:49:a0:52:c6', '8f:2a:03:27:0f:27', '1c:0b:fc:a3:94:a7', 'ba:4d:5a:76:47:2d'], 'triggered_reasons': ['same_ssid_multiple_bssid'], 'observations': {'60:08:76:f4:58:4e': {'first_seen': 1778945790.230516, 'last_seen': 1778945790.231478, 'seen_count': 2, 'channels': [], 'avg_rssi': None}, '34:75:9f:fa:b2:95': {'first_seen': 1778945790.538476, 'last_seen': 1778945790.539498, 'seen_count': 2, 'channels': [], 'avg_rssi': None}, '7e:d6:c0:5e:60:6c': {'first_seen': 1778945790.845331, 'last_seen': 1778945790.846669, 'seen_count': 2, 'channels': [], 'avg_rssi': None}, 'c5:2e:cd:aa:33:a3': {'first_seen': 1778945791.156768, 'last_seen': 1778945791.157897, 'seen_count': 2, 'channels': [], 'avg_rssi': None}, '4d:e0:d5:bd:c0:63': {'first_seen': 1778945791.463189, 'last_seen': 1778945791.464039, 'seen_count': 2, 'channels': [], 'avg_rssi': None}, '69:28:83:8e:84:2c': {'first_seen': 1778945791.770086, 'last_seen': 1778945791.771188, 'seen_count': 2, 'channels': [], 'avg_rssi': None}, 'c0:e4:18:a0:9d:39': {'first_seen': 1778945792.078877, 'last_seen': 1778945792.080462, 'seen_count': 2, 'channels': [], 'avg_rssi': None}, 'fd:78:d5:18:29:e2': {'first_seen': 1778945792.390712, 'last_seen': 1778945792.391838, 'seen_count': 2, 'channels': [], 'avg_rssi': None}, 'bf:d9:11:07:d9:0d': {'first_seen': 1778945792.705881, 'last_seen': 1778945792.706978, 'seen_count': 2, 'channels': [], 'avg_rssi': None}, '8a:8e:96:4e:8c:8d': {'first_seen': 1778945793.015327, 'last_seen': 1778945793.016244, 'seen_count': 2, 'channels': [], 'avg_rssi': None}, '46:52:de:e8:0c:e4': {'first_seen': 1778945793.334012, 'last_seen': 1778945793.335148, 'seen_count': 2, 'channels': [], 'avg_rssi': None}, '7d:cd:dd:3b:81:4a': {'first_seen': 1778945793.650674, 'last_seen': 1778945793.651525, 'seen_count': 2, 'channels': [], 'avg_rssi': None}, '24:27:b1:28:30:d4': {'first_seen': 1778945793.962305, 'last_seen': 1778945793.964668, 'seen_count': 2, 'channels': [], 'avg_rssi': None}, 'a5:1f:a7:10:64:3d': {'first_seen': 1778945794.276826, 'last_seen': 1778945794.27795, 'seen_count': 2, 'channels': [], 'avg_rssi': None}, '91:22:0b:5c:59:13': {'first_seen': 1778945794.585809, 'last_seen': 1778945794.586699, 'seen_count': 2, 'channels': [], 'avg_rssi': None}, '1d:2c:d6:5b:85:40': {'first_seen': 1778945794.899008, 'last_seen': 1778945794.900092, 'seen_count': 2, 'channels': [], 'avg_rssi': None}, '1e:83:b1:89:d9:90': {'first_seen': 1778945795.21818, 'last_seen': 1778945795.219115, 'seen_count': 2, 'channels': [], 'avg_rssi': None}, '70:66:b0:6a:37:bd': {'first_seen': 1778945795.53347, 'last_seen': 1778945795.534519, 'seen_count': 2, 'channels': [], 'avg_rssi': None}, 'cf:3e:f7:23:a3:e3': {'first_seen': 1778945795.847337, 'last_seen': 1778945795.848523, 'seen_count': 2, 'channels': [], 'avg_rssi': None}, 'b1:2c:22:51:58:87': {'first_seen': 1778945796.163879, 'last_seen': 1778945796.164781, 'seen_count': 2, 'channels': [], 'avg_rssi': None}, '79:61:c9:99:37:08': {'first_seen': 1778945796.472129, 'last_seen': 1778945796.473056, 'seen_count': 2, 'channels': [], 'avg_rssi': None}, '59:0c:1d:7a:29:98': {'first_seen': 1778945796.786159, 'last_seen': 1778945796.787195, 'seen_count': 2, 'channels': [], 'avg_rssi': None}, 'f7:38:ee:62:ce:cd': {'first_seen': 1778945797.093285, 'last_seen': 1778945797.094205, 'seen_count': 2, 'channels': [], 'avg_rssi': None}, 'cd:d7:3b:97:b9:05': {'first_seen': 1778945797.410659, 'last_seen': 1778945797.411596, 'seen_count': 2, 'channels': [], 'avg_rssi': None}, '22:19:da:bc:35:39': {'first_seen': 1778945797.721191, 'last_seen': 1778945797.722122, 'seen_count': 2, 'channels': [], 'avg_rssi': None}, 'ef:50:70:22:52:8f': {'first_seen': 1778945798.03566, 'last_seen': 1778945798.036506, 'seen_count': 2, 'channels': [], 'avg_rssi': None}, 'a1:f6:9d:36:f5:d0': {'first_seen': 1778945798.343272, 'last_seen': 1778945798.344145, 'seen_count': 2, 'channels': [], 'avg_rssi': None}, 'ab:50:72:66:e4:23': {'first_seen': 1778945798.655621, 'last_seen': 1778945798.656544, 'seen_count': 2, 'channels': [], 'avg_rssi': None}, 'cf:76:b0:b6:13:7e': {'first_seen': 1778945798.968697, 'last_seen': 1778945798.970683, 'seen_count': 2, 'channels': [], 'avg_rssi': None}, 'ae:80:c0:61:ae:aa': {'first_seen': 1778945799.276932, 'last_seen': 1778945799.278067, 'seen_count': 2, 'channels': [], 'avg_rssi': None}, 'd6:cf:79:63:89:40': {'first_seen': 1778945799.892424, 'last_seen': 1778945799.893474, 'seen_count': 2, 'channels': [], 'avg_rssi': None}, 'a5:e0:64:73:9e:b7': {'first_seen': 1778945800.203998, 'last_seen': 1778945800.204865, 'seen_count': 2, 'channels': [], 'avg_rssi': None}, 'ad:93:8c:05:0f:47': {'first_seen': 1778945800.509894, 'last_seen': 1778945800.511006, 'seen_count': 2, 'channels': [], 'avg_rssi': None}, '89:91:2b:bf:72:ff': {'first_seen': 1778945800.838674, 'last_seen': 1778945800.839651, 'seen_count': 2, 'channels': [], 'avg_rssi': None}, '8f:20:58:e8:d8:86': {'first_seen': 1778945801.142484, 'last_seen': 1778945801.143415, 'seen_count': 2, 'channels': [], 'avg_rssi': None}, 'da:97:03:69:7c:15': {'first_seen': 1778945801.454444, 'last_seen': 1778945801.455556, 'seen_count': 2, 'channels': [], 'avg_rssi': None}, 'a7:b0:91:0b:9e:93': {'first_seen': 1778945801.763494, 'last_seen': 1778945801.764701, 'seen_count': 2, 'channels': [], 'avg_rssi': None}, '5f:5b:82:bd:2e:3f': {'first_seen': 1778945802.070462, 'last_seen': 1778945802.071462, 'seen_count': 2, 'channels': [], 'avg_rssi': None}, 'e5:36:ce:40:94:65': {'first_seen': 1778945802.378606, 'last_seen': 1778945802.379732, 'seen_count': 2, 'channels': [], 'avg_rssi': None}, '59:c8:cb:65:ee:64': {'first_seen': 1778945802.692468, 'last_seen': 1778945802.693493, 'seen_count': 2, 'channels': [], 'avg_rssi': None}, 'da:ef:46:56:51:94': {'first_seen': 1778945803.008994, 'last_seen': 1778945803.009894, 'seen_count': 2, 'channels': [], 'avg_rssi': None}, '9a:8c:54:82:02:61': {'first_seen': 1778945803.327397, 'last_seen': 1778945803.328786, 'seen_count': 2, 'channels': [], 'avg_rssi': None}, '55:6c:92:b9:2a:26': {'first_seen': 1778945803.642282, 'last_seen': 1778945803.643421, 'seen_count': 2, 'channels': [], 'avg_rssi': None}, 'a4:bf:f5:5d:f0:eb': {'first_seen': 1778945803.949898, 'last_seen': 1778945803.950936, 'seen_count': 2, 'channels': [], 'avg_rssi': None}, '29:c4:57:46:ec:78': {'first_seen': 1778945804.267937, 'last_seen': 1778945804.268968, 'seen_count': 2, 'channels': [], 'avg_rssi': None}, '62:c8:cd:1e:c9:67': {'first_seen': 1778945804.584317, 'last_seen': 1778945804.585219, 'seen_count': 2, 'channels': [], 'avg_rssi': None}, '52:52:af:0f:bf:b2': {'first_seen': 1778945804.905, 'last_seen': 1778945804.906647, 'seen_count': 2, 'channels': [], 'avg_rssi': None}, 'e1:49:a5:76:4c:ed': {'first_seen': 1778945805.213232, 'last_seen': 1778945805.214375, 'seen_count': 2, 'channels': [], 'avg_rssi': None}, '37:91:9f:6d:69:c0': {'first_seen': 1778945805.531037, 'last_seen': 1778945805.532144, 'seen_count': 2, 'channels': [], 'avg_rssi': None}, '67:ab:83:d3:e1:a4': {'first_seen': 1778945805.844785, 'last_seen': 1778945805.845783, 'seen_count': 2, 'channels': [], 'avg_rssi': None}, 'ae:98:45:f8:04:07': {'first_seen': 1778945806.153822, 'last_seen': 1778945806.15505, 'seen_count': 2, 'channels': [], 'avg_rssi': None}, '02:e8:d8:c5:d0:a3': {'first_seen': 1778945806.466866, 'last_seen': 1778945806.468079, 'seen_count': 2, 'channels': [], 'avg_rssi': None}, '8d:d7:5e:0f:11:8b': {'first_seen': 1778945806.782917, 'last_seen': 1778945806.783967, 'seen_count': 2, 'channels': [], 'avg_rssi': None}, '54:22:bb:b2:d0:1e': {'first_seen': 1778945807.104782, 'last_seen': 1778945807.105978, 'seen_count': 2, 'channels': [], 'avg_rssi': None}, '02:29:85:1f:13:a9': {'first_seen': 1778945807.410706, 'last_seen': 1778945807.411739, 'seen_count': 2, 'channels': [], 'avg_rssi': None}, '68:73:83:4d:f0:e9': {'first_seen': 1778945807.729118, 'last_seen': 1778945807.730132, 'seen_count': 2, 'channels': [], 'avg_rssi': None}, 'da:0b:2e:55:4a:4b': {'first_seen': 1778945808.045254, 'last_seen': 1778945808.046399, 'seen_count': 2, 'channels': [], 'avg_rssi': None}, 'fa:c5:a3:a6:48:15': {'first_seen': 1778945808.352982, 'last_seen': 1778945808.353914, 'seen_count': 2, 'channels': [], 'avg_rssi': None}, 'c0:2d:5f:da:c1:53': {'first_seen': 1778945808.66667, 'last_seen': 1778945808.66781, 'seen_count': 2, 'channels': [], 'avg_rssi': None}, '19:9f:e6:d0:61:8b': {'first_seen': 1778945808.974499, 'last_seen': 1778945808.975697, 'seen_count': 2, 'channels': [], 'avg_rssi': None}, '04:b4:a1:29:d5:ca': {'first_seen': 1778945809.290657, 'last_seen': 1778945809.291592, 'seen_count': 2, 'channels': [], 'avg_rssi': None}, 'b0:be:7b:9d:71:3e': {'first_seen': 1778945809.594311, 'last_seen': 1778945809.595479, 'seen_count': 2, 'channels': [], 'avg_rssi': None}, 'b8:1c:97:21:a6:4d': {'first_seen': 1778945809.904039, 'last_seen': 1778945809.904039, 'seen_count': 1, 'channels': [], 'avg_rssi': None}, '31:f2:31:3f:5d:13': {'first_seen': 1778945810.216702, 'last_seen': 1778945810.217764, 'seen_count': 2, 'channels': [], 'avg_rssi': None}, '02:51:72:91:38:32': {'first_seen': 1778945810.526664, 'last_seen': 1778945810.527775, 'seen_count': 2, 'channels': [], 'avg_rssi': None}, '8c:50:0d:d5:21:1a': {'first_seen': 1778945810.838092, 'last_seen': 1778945810.839166, 'seen_count': 2, 'channels': [], 'avg_rssi': None}, '31:24:2a:aa:74:ad': {'first_seen': 1778945811.152692, 'last_seen': 1778945811.152692, 'seen_count': 1, 'channels': [], 'avg_rssi': None}, '6b:1b:77:07:82:31': {'first_seen': 1778945811.455654, 'last_seen': 1778945811.458699, 'seen_count': 2, 'channels': [], 'avg_rssi': None}, 'fa:ae:4e:5b:43:be': {'first_seen': 1778945811.768317, 'last_seen': 1778945811.771094, 'seen_count': 2, 'channels': [], 'avg_rssi': None}, 'df:79:46:a5:b8:70': {'first_seen': 1778945812.077499, 'last_seen': 1778945812.078856, 'seen_count': 2, 'channels': [], 'avg_rssi': None}, '74:6f:6e:95:fd:d1': {'first_seen': 1778945812.391465, 'last_seen': 1778945812.392514, 'seen_count': 2, 'channels': [], 'avg_rssi': None}, 'c4:84:52:f6:0e:25': {'first_seen': 1778945812.700275, 'last_seen': 1778945812.701393, 'seen_count': 2, 'channels': [], 'avg_rssi': None}, 'e0:f0:c3:47:27:80': {'first_seen': 1778945813.008052, 'last_seen': 1778945813.009156, 'seen_count': 2, 'channels': [], 'avg_rssi': None}, 'b7:0a:ab:e1:de:c9': {'first_seen': 1778945813.316499, 'last_seen': 1778945813.317421, 'seen_count': 2, 'channels': [], 'avg_rssi': None}, 'fb:76:01:d7:5d:be': {'first_seen': 1778945813.625913, 'last_seen': 1778945813.627063, 'seen_count': 2, 'channels': [], 'avg_rssi': None}, 'e8:59:3e:60:c9:5a': {'first_seen': 1778945813.934865, 'last_seen': 1778945813.936079, 'seen_count': 2, 'channels': [], 'avg_rssi': None}, '36:69:3f:1e:7f:de': {'first_seen': 1778945814.242744, 'last_seen': 1778945814.243596, 'seen_count': 2, 'channels': [], 'avg_rssi': None}, '49:05:73:7d:18:86': {'first_seen': 1778945814.557802, 'last_seen': 1778945814.55911, 'seen_count': 2, 'channels': [], 'avg_rssi': None}, 'a7:fa:26:10:ad:44': {'first_seen': 1778945814.867291, 'last_seen': 1778945814.868753, 'seen_count': 2, 'channels': [], 'avg_rssi': None}, '7a:fb:00:22:96:dd': {'first_seen': 1778945815.175182, 'last_seen': 1778945815.176266, 'seen_count': 2, 'channels': [], 'avg_rssi': None}, '13:2a:82:9d:25:7d': {'first_seen': 1778945815.487064, 'last_seen': 1778945815.488034, 'seen_count': 2, 'channels': [], 'avg_rssi': None}, '5e:ee:14:d8:11:71': {'first_seen': 1778945815.791049, 'last_seen': 1778945815.792176, 'seen_count': 2, 'channels': [], 'avg_rssi': None}, '5b:0f:f5:bb:ba:97': {'first_seen': 1778945816.1013, 'last_seen': 1778945816.10582, 'seen_count': 2, 'channels': [], 'avg_rssi': None}, 'c7:94:7b:11:3a:c2': {'first_seen': 1778945816.410068, 'last_seen': 1778945816.411207, 'seen_count': 2, 'channels': [], 'avg_rssi': None}, 'b2:24:fd:b7:05:92': {'first_seen': 1778945816.717093, 'last_seen': 1778945816.718224, 'seen_count': 2, 'channels': [], 'avg_rssi': None}, 'c2:51:d0:bc:ef:2f': {'first_seen': 1778945817.026093, 'last_seen': 1778945817.027238, 'seen_count': 2, 'channels': [], 'avg_rssi': None}, '06:73:f1:c4:52:15': {'first_seen': 1778945817.333385, 'last_seen': 1778945817.334257, 'seen_count': 2, 'channels': [], 'avg_rssi': None}, '55:7a:45:35:05:d1': {'first_seen': 1778945817.640118, 'last_seen': 1778945817.641144, 'seen_count': 2, 'channels': [], 'avg_rssi': None}, 'ff:87:47:5b:ba:b5': {'first_seen': 1778945817.952108, 'last_seen': 1778945817.953037, 'seen_count': 2, 'channels': [], 'avg_rssi': None}, 'c2:6c:04:f2:58:de': {'first_seen': 1778945818.266025, 'last_seen': 1778945818.2673, 'seen_count': 2, 'channels': [], 'avg_rssi': None}, 'de:78:9d:1b:5e:27': {'first_seen': 1778945818.580911, 'last_seen': 1778945818.581822, 'seen_count': 2, 'channels': [], 'avg_rssi': None}, '3e:82:f9:85:da:d5': {'first_seen': 1778945818.890661, 'last_seen': 1778945818.891585, 'seen_count': 2, 'channels': [], 'avg_rssi': None}, 'f8:3a:9c:38:6e:6e': {'first_seen': 1778945819.20361, 'last_seen': 1778945819.204736, 'seen_count': 2, 'channels': [], 'avg_rssi': None}, 'da:c0:a7:ec:c1:4e': {'first_seen': 1778945819.519067, 'last_seen': 1778945819.52, 'seen_count': 2, 'channels': [], 'avg_rssi': None}, 'a7:7d:49:a0:52:c6': {'first_seen': 1778945819.834853, 'last_seen': 1778945819.836018, 'seen_count': 2, 'channels': [], 'avg_rssi': None}, '8f:2a:03:27:0f:27': {'first_seen': 1778945820.154662, 'last_seen': 1778945820.155779, 'seen_count': 2, 'channels': [], 'avg_rssi': None}, '1c:0b:fc:a3:94:a7': {'first_seen': 1778945820.467292, 'last_seen': 1778945820.468416, 'seen_count': 2, 'channels': [], 'avg_rssi': None}, 'ba:4d:5a:76:47:2d': {'first_seen': 1778945820.772667, 'last_seen': 1778945820.772667, 'seen_count': 1, 'channels': [], 'avg_rssi': None}}}
!!!!!!!!!!!!!!!!!!!!!!!!!!!!!!!!!!!!!!!!!!!!!!!!!!!!!!!!!!!!!!!!!!!!!!!!!!!!!!!!


!!!!!!!!!!!!!!!!!!!!!!!!!!!!!!!!!!!!!!!!!!!!!!!!!!!!!!!!!!!!!!!!!!!!!!!!!!!!!!!!
[ALERT] ALERT-000095 | POTENTIAL_EVIL_TWIN
severity: LOW
time: 2026-05-16T15:37:00.782760
message: Wykryto potencjalny Evil Twin / Rogue AP dla SSID 'TestNet_021'. Zaobserwowano 96 różnych BSSID oraz podejrzane różnice parametrów sieci.
evidence: {'ssid': 'TestNet_021', 'bssid_count': 96, 'bssids': ['16:c8:4e:65:41:0b', 'e3:0a:4a:80:79:7c', 'e4:9f:d2:45:12:3a', '3d:25:36:7f:6a:2d', '25:af:ac:df:05:aa', 'b7:85:d7:40:09:9d', '18:98:1a:eb:e2:a1', '4d:7b:49:32:68:de', 'f9:bf:a0:62:53:1c', 'd7:15:77:b7:18:56', 'bf:69:50:c2:3b:80', '70:b0:92:32:89:9e', 'b0:b9:d6:90:08:27', '91:fc:ca:cd:cf:cf', 'b4:11:88:48:15:e0', '08:5f:f9:47:35:7c', '07:c1:75:87:0b:4d', '83:c7:96:12:0a:4a', '4f:d0:7e:87:4c:75', '34:51:6c:47:fc:ff', 'df:ba:e1:58:0b:54', 'e3:02:38:1f:89:9b', '21:24:96:25:70:32', '65:e5:a5:87:43:eb', '75:5c:66:4d:43:29', '86:3d:f3:7b:5e:7c', '87:92:8d:f9:c3:4c', '91:68:58:d0:7b:0c', '05:56:3b:3b:0e:ab', '48:02:68:61:59:0a', '5d:cb:61:95:13:9f', 'a7:f7:cb:fd:b3:0c', '18:2b:40:3a:73:6c', 'f5:13:c0:e0:c0:cd', '9a:d3:18:74:d7:78', '13:d9:45:47:94:c8', '66:72:eb:98:ae:15', '31:78:1e:a3:c8:1f', 'df:98:89:68:5e:95', 'c7:c3:c4:57:b6:73', '85:83:e9:f6:36:1a', 'cf:58:77:16:33:0c', '95:93:ef:6d:e1:ec', '47:65:a0:53:a9:db', 'ed:d5:ef:a1:1c:62', '59:41:de:11:65:b1', 'd2:59:f0:48:c5:fc', '7b:1b:df:34:4d:a6', '20:87:77:a9:08:31', 'f2:3e:91:da:fa:eb', '0a:db:e7:17:a3:ee', '84:af:95:de:98:cc', '45:44:c4:47:36:64', '57:e4:df:5a:c4:62', 'd5:b1:f8:e7:fd:9b', '9a:76:ed:44:2c:84', 'cf:b1:1d:37:65:68', '44:aa:43:4e:e6:2f', '0c:51:b5:0f:c6:d0', '45:d8:3e:cb:af:f7', '58:52:1a:d6:5f:6b', '0a:37:d8:0f:4c:53', 'b7:87:2f:69:e7:9c', '4f:62:90:61:90:f2', '73:35:91:0f:bb:5a', 'b8:3d:9d:72:56:b0', 'f2:98:89:bf:74:bb', 'ac:32:fb:59:21:a8', '6b:56:f9:cc:98:82', 'a2:64:bf:11:12:30', '9a:88:48:ad:99:9d', 'b8:78:dd:d7:22:94', 'ea:5e:84:97:3f:24', 'c7:91:29:74:4d:58', '4a:93:20:22:85:c9', '92:c1:87:75:d7:ee', 'e4:51:06:0e:87:b5', '5f:28:6c:ed:6a:29', 'e9:d6:ab:6e:f8:06', '7f:48:e7:ba:de:8a', '26:b8:bd:e4:ec:b4', '61:b4:a7:2f:23:7c', '9d:a8:be:16:ba:d5', '41:15:7f:5b:54:59', '0a:f9:22:16:59:7f', '66:fc:1a:e5:42:58', 'c0:1f:fa:78:47:3a', '76:c1:e4:1e:61:1d', '7d:2f:35:43:90:c9', '07:69:62:11:b8:0c', '8b:d1:8d:cf:19:14', '1f:84:f1:84:17:38', '64:3e:9f:6e:9f:d0', 'c0:99:60:4b:91:be', '09:94:fe:8c:7b:e7', 'b3:78:34:00:69:66'], 'triggered_reasons': ['same_ssid_multiple_bssid'], 'observations': {'16:c8:4e:65:41:0b': {'first_seen': 1778945790.240627, 'last_seen': 1778945790.241851, 'seen_count': 2, 'channels': [], 'avg_rssi': None}, 'e3:0a:4a:80:79:7c': {'first_seen': 1778945790.548601, 'last_seen': 1778945790.549866, 'seen_count': 2, 'channels': [], 'avg_rssi': None}, 'e4:9f:d2:45:12:3a': {'first_seen': 1778945790.855476, 'last_seen': 1778945790.856633, 'seen_count': 2, 'channels': [], 'avg_rssi': None}, '3d:25:36:7f:6a:2d': {'first_seen': 1778945791.166882, 'last_seen': 1778945791.167773, 'seen_count': 2, 'channels': [], 'avg_rssi': None}, '25:af:ac:df:05:aa': {'first_seen': 1778945791.473286, 'last_seen': 1778945791.47429, 'seen_count': 2, 'channels': [], 'avg_rssi': None}, 'b7:85:d7:40:09:9d': {'first_seen': 1778945791.780197, 'last_seen': 1778945791.781311, 'seen_count': 2, 'channels': [], 'avg_rssi': None}, '18:98:1a:eb:e2:a1': {'first_seen': 1778945792.089361, 'last_seen': 1778945792.091076, 'seen_count': 2, 'channels': [], 'avg_rssi': None}, '4d:7b:49:32:68:de': {'first_seen': 1778945792.400883, 'last_seen': 1778945792.401838, 'seen_count': 2, 'channels': [], 'avg_rssi': None}, 'f9:bf:a0:62:53:1c': {'first_seen': 1778945792.716001, 'last_seen': 1778945792.717111, 'seen_count': 2, 'channels': [], 'avg_rssi': None}, 'd7:15:77:b7:18:56': {'first_seen': 1778945793.026692, 'last_seen': 1778945793.027871, 'seen_count': 2, 'channels': [], 'avg_rssi': None}, 'bf:69:50:c2:3b:80': {'first_seen': 1778945793.344109, 'last_seen': 1778945793.34526, 'seen_count': 2, 'channels': [], 'avg_rssi': None}, '70:b0:92:32:89:9e': {'first_seen': 1778945793.6611, 'last_seen': 1778945793.662152, 'seen_count': 2, 'channels': [], 'avg_rssi': None}, 'b0:b9:d6:90:08:27': {'first_seen': 1778945793.972399, 'last_seen': 1778945793.973542, 'seen_count': 2, 'channels': [], 'avg_rssi': None}, '91:fc:ca:cd:cf:cf': {'first_seen': 1778945794.29067, 'last_seen': 1778945794.291559, 'seen_count': 2, 'channels': [], 'avg_rssi': None}, 'b4:11:88:48:15:e0': {'first_seen': 1778945794.595916, 'last_seen': 1778945794.596825, 'seen_count': 2, 'channels': [], 'avg_rssi': None}, '08:5f:f9:47:35:7c': {'first_seen': 1778945794.909104, 'last_seen': 1778945794.909966, 'seen_count': 2, 'channels': [], 'avg_rssi': None}, '07:c1:75:87:0b:4d': {'first_seen': 1778945795.228281, 'last_seen': 1778945795.229488, 'seen_count': 2, 'channels': [], 'avg_rssi': None}, '83:c7:96:12:0a:4a': {'first_seen': 1778945795.543589, 'last_seen': 1778945795.544503, 'seen_count': 2, 'channels': [], 'avg_rssi': None}, '4f:d0:7e:87:4c:75': {'first_seen': 1778945795.857477, 'last_seen': 1778945795.858399, 'seen_count': 2, 'channels': [], 'avg_rssi': None}, '34:51:6c:47:fc:ff': {'first_seen': 1778945796.173971, 'last_seen': 1778945796.175031, 'seen_count': 2, 'channels': [], 'avg_rssi': None}, 'df:ba:e1:58:0b:54': {'first_seen': 1778945796.483917, 'last_seen': 1778945796.484804, 'seen_count': 2, 'channels': [], 'avg_rssi': None}, 'e3:02:38:1f:89:9b': {'first_seen': 1778945796.796276, 'last_seen': 1778945796.797447, 'seen_count': 2, 'channels': [], 'avg_rssi': None}, '21:24:96:25:70:32': {'first_seen': 1778945797.10339, 'last_seen': 1778945797.10433, 'seen_count': 2, 'channels': [], 'avg_rssi': None}, '65:e5:a5:87:43:eb': {'first_seen': 1778945797.420755, 'last_seen': 1778945797.421597, 'seen_count': 2, 'channels': [], 'avg_rssi': None}, '75:5c:66:4d:43:29': {'first_seen': 1778945797.731324, 'last_seen': 1778945797.732246, 'seen_count': 2, 'channels': [], 'avg_rssi': None}, '86:3d:f3:7b:5e:7c': {'first_seen': 1778945798.045754, 'last_seen': 1778945798.049253, 'seen_count': 2, 'channels': [], 'avg_rssi': None}, '87:92:8d:f9:c3:4c': {'first_seen': 1778945798.353403, 'last_seen': 1778945798.356897, 'seen_count': 2, 'channels': [], 'avg_rssi': None}, '91:68:58:d0:7b:0c': {'first_seen': 1778945798.666662, 'last_seen': 1778945798.667535, 'seen_count': 2, 'channels': [], 'avg_rssi': None}, '05:56:3b:3b:0e:ab': {'first_seen': 1778945798.982422, 'last_seen': 1778945798.983441, 'seen_count': 2, 'channels': [], 'avg_rssi': None}, '48:02:68:61:59:0a': {'first_seen': 1778945799.287026, 'last_seen': 1778945799.287945, 'seen_count': 2, 'channels': [], 'avg_rssi': None}, '5d:cb:61:95:13:9f': {'first_seen': 1778945799.902534, 'last_seen': 1778945799.903475, 'seen_count': 2, 'channels': [], 'avg_rssi': None}, 'a7:f7:cb:fd:b3:0c': {'first_seen': 1778945800.214102, 'last_seen': 1778945800.215258, 'seen_count': 2, 'channels': [], 'avg_rssi': None}, '18:2b:40:3a:73:6c': {'first_seen': 1778945800.519989, 'last_seen': 1778945800.52088, 'seen_count': 2, 'channels': [], 'avg_rssi': None}, 'f5:13:c0:e0:c0:cd': {'first_seen': 1778945800.84877, 'last_seen': 1778945800.849774, 'seen_count': 2, 'channels': [], 'avg_rssi': None}, '9a:d3:18:74:d7:78': {'first_seen': 1778945801.152575, 'last_seen': 1778945801.154042, 'seen_count': 2, 'channels': [], 'avg_rssi': None}, '13:d9:45:47:94:c8': {'first_seen': 1778945801.465006, 'last_seen': 1778945801.466183, 'seen_count': 2, 'channels': [], 'avg_rssi': None}, '66:72:eb:98:ae:15': {'first_seen': 1778945801.773606, 'last_seen': 1778945801.774447, 'seen_count': 2, 'channels': [], 'avg_rssi': None}, '31:78:1e:a3:c8:1f': {'first_seen': 1778945802.08057, 'last_seen': 1778945802.081715, 'seen_count': 2, 'channels': [], 'avg_rssi': None}, 'df:98:89:68:5e:95': {'first_seen': 1778945802.388705, 'last_seen': 1778945802.389617, 'seen_count': 2, 'channels': [], 'avg_rssi': None}, 'c7:c3:c4:57:b6:73': {'first_seen': 1778945802.706678, 'last_seen': 1778945802.707495, 'seen_count': 2, 'channels': [], 'avg_rssi': None}, '85:83:e9:f6:36:1a': {'first_seen': 1778945803.019086, 'last_seen': 1778945803.020013, 'seen_count': 2, 'channels': [], 'avg_rssi': None}, 'cf:58:77:16:33:0c': {'first_seen': 1778945803.337497, 'last_seen': 1778945803.338542, 'seen_count': 2, 'channels': [], 'avg_rssi': None}, '95:93:ef:6d:e1:ec': {'first_seen': 1778945803.652409, 'last_seen': 1778945803.653296, 'seen_count': 2, 'channels': [], 'avg_rssi': None}, '47:65:a0:53:a9:db': {'first_seen': 1778945803.959987, 'last_seen': 1778945803.960935, 'seen_count': 2, 'channels': [], 'avg_rssi': None}, 'ed:d5:ef:a1:1c:62': {'first_seen': 1778945804.278044, 'last_seen': 1778945804.278951, 'seen_count': 2, 'channels': [], 'avg_rssi': None}, '59:41:de:11:65:b1': {'first_seen': 1778945804.601098, 'last_seen': 1778945804.605111, 'seen_count': 2, 'channels': [], 'avg_rssi': None}, 'd2:59:f0:48:c5:fc': {'first_seen': 1778945804.915098, 'last_seen': 1778945804.916862, 'seen_count': 2, 'channels': [], 'avg_rssi': None}, '7b:1b:df:34:4d:a6': {'first_seen': 1778945805.226699, 'last_seen': 1778945805.227879, 'seen_count': 2, 'channels': [], 'avg_rssi': None}, '20:87:77:a9:08:31': {'first_seen': 1778945805.54114, 'last_seen': 1778945805.542273, 'seen_count': 2, 'channels': [], 'avg_rssi': None}, 'f2:3e:91:da:fa:eb': {'first_seen': 1778945805.85488, 'last_seen': 1778945805.85591, 'seen_count': 2, 'channels': [], 'avg_rssi': None}, '0a:db:e7:17:a3:ee': {'first_seen': 1778945806.163934, 'last_seen': 1778945806.165049, 'seen_count': 2, 'channels': [], 'avg_rssi': None}, '84:af:95:de:98:cc': {'first_seen': 1778945806.478755, 'last_seen': 1778945806.479944, 'seen_count': 2, 'channels': [], 'avg_rssi': None}, '45:44:c4:47:36:64': {'first_seen': 1778945806.793519, 'last_seen': 1778945806.794466, 'seen_count': 2, 'channels': [], 'avg_rssi': None}, '57:e4:df:5a:c4:62': {'first_seen': 1778945807.114877, 'last_seen': 1778945807.1161, 'seen_count': 2, 'channels': [], 'avg_rssi': None}, 'd5:b1:f8:e7:fd:9b': {'first_seen': 1778945807.421657, 'last_seen': 1778945807.42274, 'seen_count': 2, 'channels': [], 'avg_rssi': None}, '9a:76:ed:44:2c:84': {'first_seen': 1778945807.73921, 'last_seen': 1778945807.740381, 'seen_count': 2, 'channels': [], 'avg_rssi': None}, 'cf:b1:1d:37:65:68': {'first_seen': 1778945808.055349, 'last_seen': 1778945808.056287, 'seen_count': 2, 'channels': [], 'avg_rssi': None}, '44:aa:43:4e:e6:2f': {'first_seen': 1778945808.363092, 'last_seen': 1778945808.364173, 'seen_count': 2, 'channels': [], 'avg_rssi': None}, '0c:51:b5:0f:c6:d0': {'first_seen': 1778945808.676773, 'last_seen': 1778945808.677805, 'seen_count': 2, 'channels': [], 'avg_rssi': None}, '45:d8:3e:cb:af:f7': {'first_seen': 1778945808.984603, 'last_seen': 1778945808.985821, 'seen_count': 2, 'channels': [], 'avg_rssi': None}, '58:52:1a:d6:5f:6b': {'first_seen': 1778945809.300726, 'last_seen': 1778945809.303962, 'seen_count': 2, 'channels': [], 'avg_rssi': None}, '0a:37:d8:0f:4c:53': {'first_seen': 1778945809.604414, 'last_seen': 1778945809.607479, 'seen_count': 2, 'channels': [], 'avg_rssi': None}, 'b7:87:2f:69:e7:9c': {'first_seen': 1778945810.226799, 'last_seen': 1778945810.236763, 'seen_count': 2, 'channels': [], 'avg_rssi': None}, '4f:62:90:61:90:f2': {'first_seen': 1778945810.536763, 'last_seen': 1778945810.537901, 'seen_count': 2, 'channels': [], 'avg_rssi': None}, '73:35:91:0f:bb:5a': {'first_seen': 1778945810.848189, 'last_seen': 1778945810.850542, 'seen_count': 2, 'channels': [], 'avg_rssi': None}, 'b8:3d:9d:72:56:b0': {'first_seen': 1778945811.155132, 'last_seen': 1778945811.155132, 'seen_count': 1, 'channels': [], 'avg_rssi': None}, 'f2:98:89:bf:74:bb': {'first_seen': 1778945811.778413, 'last_seen': 1778945811.77934, 'seen_count': 2, 'channels': [], 'avg_rssi': None}, 'ac:32:fb:59:21:a8': {'first_seen': 1778945812.087596, 'last_seen': 1778945812.088733, 'seen_count': 2, 'channels': [], 'avg_rssi': None}, '6b:56:f9:cc:98:82': {'first_seen': 1778945812.401561, 'last_seen': 1778945812.402746, 'seen_count': 2, 'channels': [], 'avg_rssi': None}, 'a2:64:bf:11:12:30': {'first_seen': 1778945812.710378, 'last_seen': 1778945812.711398, 'seen_count': 2, 'channels': [], 'avg_rssi': None}, '9a:88:48:ad:99:9d': {'first_seen': 1778945813.018153, 'last_seen': 1778945813.019284, 'seen_count': 2, 'channels': [], 'avg_rssi': None}, 'b8:78:dd:d7:22:94': {'first_seen': 1778945813.326605, 'last_seen': 1778945813.327672, 'seen_count': 2, 'channels': [], 'avg_rssi': None}, 'ea:5e:84:97:3f:24': {'first_seen': 1778945813.636003, 'last_seen': 1778945813.636938, 'seen_count': 2, 'channels': [], 'avg_rssi': None}, 'c7:91:29:74:4d:58': {'first_seen': 1778945813.945031, 'last_seen': 1778945813.945954, 'seen_count': 2, 'channels': [], 'avg_rssi': None}, '4a:93:20:22:85:c9': {'first_seen': 1778945814.252843, 'last_seen': 1778945814.25372, 'seen_count': 2, 'channels': [], 'avg_rssi': None}, '92:c1:87:75:d7:ee': {'first_seen': 1778945814.567906, 'last_seen': 1778945814.568988, 'seen_count': 2, 'channels': [], 'avg_rssi': None}, 'e4:51:06:0e:87:b5': {'first_seen': 1778945814.877398, 'last_seen': 1778945814.878502, 'seen_count': 2, 'channels': [], 'avg_rssi': None}, '5f:28:6c:ed:6a:29': {'first_seen': 1778945815.185319, 'last_seen': 1778945815.186145, 'seen_count': 2, 'channels': [], 'avg_rssi': None}, 'e9:d6:ab:6e:f8:06': {'first_seen': 1778945815.49716, 'last_seen': 1778945815.498285, 'seen_count': 2, 'channels': [], 'avg_rssi': None}, '7f:48:e7:ba:de:8a': {'first_seen': 1778945815.801182, 'last_seen': 1778945815.802319, 'seen_count': 2, 'channels': [], 'avg_rssi': None}, '26:b8:bd:e4:ec:b4': {'first_seen': 1778945816.121592, 'last_seen': 1778945816.121592, 'seen_count': 1, 'channels': [], 'avg_rssi': None}, '61:b4:a7:2f:23:7c': {'first_seen': 1778945816.420183, 'last_seen': 1778945816.421084, 'seen_count': 2, 'channels': [], 'avg_rssi': None}, '9d:a8:be:16:ba:d5': {'first_seen': 1778945816.727189, 'last_seen': 1778945816.728096, 'seen_count': 2, 'channels': [], 'avg_rssi': None}, '41:15:7f:5b:54:59': {'first_seen': 1778945817.036185, 'last_seen': 1778945817.037113, 'seen_count': 2, 'channels': [], 'avg_rssi': None}, '0a:f9:22:16:59:7f': {'first_seen': 1778945817.343488, 'last_seen': 1778945817.344379, 'seen_count': 2, 'channels': [], 'avg_rssi': None}, '66:fc:1a:e5:42:58': {'first_seen': 1778945817.650225, 'last_seen': 1778945817.651146, 'seen_count': 2, 'channels': [], 'avg_rssi': None}, 'c0:1f:fa:78:47:3a': {'first_seen': 1778945817.962209, 'last_seen': 1778945817.963162, 'seen_count': 2, 'channels': [], 'avg_rssi': None}, '76:c1:e4:1e:61:1d': {'first_seen': 1778945818.27612, 'last_seen': 1778945818.277301, 'seen_count': 2, 'channels': [], 'avg_rssi': None}, '7d:2f:35:43:90:c9': {'first_seen': 1778945818.591009, 'last_seen': 1778945818.59221, 'seen_count': 2, 'channels': [], 'avg_rssi': None}, '07:69:62:11:b8:0c': {'first_seen': 1778945818.900844, 'last_seen': 1778945818.90196, 'seen_count': 2, 'channels': [], 'avg_rssi': None}, '8b:d1:8d:cf:19:14': {'first_seen': 1778945819.213753, 'last_seen': 1778945819.214736, 'seen_count': 2, 'channels': [], 'avg_rssi': None}, '1f:84:f1:84:17:38': {'first_seen': 1778945819.529178, 'last_seen': 1778945819.530493, 'seen_count': 2, 'channels': [], 'avg_rssi': None}, '64:3e:9f:6e:9f:d0': {'first_seen': 1778945819.844953, 'last_seen': 1778945819.845885, 'seen_count': 2, 'channels': [], 'avg_rssi': None}, 'c0:99:60:4b:91:be': {'first_seen': 1778945820.164759, 'last_seen': 1778945820.168275, 'seen_count': 2, 'channels': [], 'avg_rssi': None}, '09:94:fe:8c:7b:e7': {'first_seen': 1778945820.478383, 'last_seen': 1778945820.479308, 'seen_count': 2, 'channels': [], 'avg_rssi': None}, 'b3:78:34:00:69:66': {'first_seen': 1778945820.78276, 'last_seen': 1778945820.78276, 'seen_count': 1, 'channels': [], 'avg_rssi': None}}}
!!!!!!!!!!!!!!!!!!!!!!!!!!!!!!!!!!!!!!!!!!!!!!!!!!!!!!!!!!!!!!!!!!!!!!!!!!!!!!!!


!!!!!!!!!!!!!!!!!!!!!!!!!!!!!!!!!!!!!!!!!!!!!!!!!!!!!!!!!!!!!!!!!!!!!!!!!!!!!!!!
[ALERT] ALERT-000096 | POTENTIAL_EVIL_TWIN
severity: LOW
time: 2026-05-16T15:37:00.792865
message: Wykryto potencjalny Evil Twin / Rogue AP dla SSID 'TestNet_022'. Zaobserwowano 95 różnych BSSID oraz podejrzane różnice parametrów sieci.
evidence: {'ssid': 'TestNet_022', 'bssid_count': 95, 'bssids': ['4d:63:d4:11:cc:cd', 'a9:3b:f0:a0:9b:11', '06:46:b2:e4:53:5e', '6e:02:7c:0f:40:6b', '3c:08:7d:34:60:0f', 'af:af:a0:bb:c6:10', 'cd:71:16:b8:f8:39', '05:78:33:09:70:7e', '33:3b:54:26:c9:f1', '3f:70:c6:b3:96:78', '91:db:fd:10:ff:35', 'e7:b8:ed:e4:7d:6f', 'da:95:20:d8:c9:2d', '41:51:86:05:11:ad', '56:e1:d4:8d:b7:3d', 'c9:ed:c8:1c:bb:10', '30:75:2f:19:3c:40', '0d:c9:a3:ab:48:23', 'ad:1e:9a:9f:4f:06', '84:bc:4b:29:c7:de', 'ea:ad:d6:b8:0a:0a', '98:f1:76:91:08:69', 'ac:61:aa:7f:2a:2f', '3c:2b:9d:06:0b:a9', '0a:93:13:a1:74:87', 'aa:b2:05:43:d4:3f', '3c:84:e2:24:39:e0', '18:ba:98:d3:fc:2e', '11:f3:d7:35:1d:5b', '20:1f:a0:de:77:72', 'b2:07:0f:f4:be:b1', '86:13:b9:18:fa:49', '1b:04:9c:a7:cc:2a', 'b4:92:55:47:6e:74', '62:03:0f:14:21:9d', 'b0:90:56:33:0e:8d', 'e9:56:56:33:bb:c0', 'b7:4c:35:16:56:fe', '85:ac:f7:f8:f9:44', 'dc:03:cc:8b:4f:04', '68:c9:74:7f:91:ff', 'b8:eb:82:34:92:26', '82:9d:5e:a9:8c:1b', 'f0:4b:28:04:97:9d', '1b:72:7c:b8:f8:b0', 'fd:52:e2:1f:9b:af', 'c6:50:a1:63:27:b3', '44:62:21:cb:5a:4d', 'ed:41:a6:de:e0:87', '75:6c:62:d2:97:4c', 'a0:a7:fc:1d:1f:d7', '4c:5b:15:ce:db:8b', '4f:18:1e:0b:0d:fd', 'f6:51:22:93:32:8d', '37:3e:45:4e:9d:8b', '4b:3b:74:79:fe:33', '0e:22:4d:c3:7f:db', 'c4:ee:a9:94:ab:04', 'bb:ad:a8:7b:d4:d7', '6e:b1:b1:da:e7:bc', 'ca:bf:b2:0b:d2:d9', 'e5:99:dc:d8:6a:a5', '42:06:f2:49:a1:ef', 'd0:67:9a:4b:0a:64', '48:60:13:fd:97:64', '26:d9:50:96:7d:16', '62:bb:5d:6b:b8:05', 'b0:13:c9:40:e1:b2', 'c1:80:b4:c8:6b:69', '58:0a:16:21:7b:e3', '2b:d9:70:8f:93:53', 'b1:01:44:7b:17:46', 'e1:d2:84:80:8b:4d', '9b:00:a4:ec:61:4e', 'b2:ab:05:18:07:c4', '9c:0f:99:d5:71:37', 'a9:5a:d5:72:83:10', '3e:4e:ed:b2:df:28', '76:30:86:e1:a0:2f', '62:70:7d:e6:4e:2f', '00:f3:de:37:60:c1', '60:ff:a1:90:8a:9e', '00:a7:ff:d6:13:49', '79:69:c3:d9:a5:25', '94:3c:24:1b:9a:2b', 'ad:1c:fd:d8:33:49', '0c:65:84:18:c6:78', '22:6f:da:ec:de:b0', '58:91:71:4b:f3:cf', '56:5d:0f:f0:6e:b5', 'ea:ad:ba:4d:46:c5', 'bd:1c:28:dd:d3:0a', 'e9:dd:1a:bc:83:b4', '70:fe:99:d3:8a:4e', '8c:a7:12:51:94:d2'], 'triggered_reasons': ['same_ssid_multiple_bssid'], 'observations': {'4d:63:d4:11:cc:cd': {'first_seen': 1778945790.250752, 'last_seen': 1778945790.251734, 'seen_count': 2, 'channels': [], 'avg_rssi': None}, 'a9:3b:f0:a0:9b:11': {'first_seen': 1778945790.558706, 'last_seen': 1778945790.559622, 'seen_count': 2, 'channels': [], 'avg_rssi': None}, '06:46:b2:e4:53:5e': {'first_seen': 1778945790.866167, 'last_seen': 1778945790.86713, 'seen_count': 2, 'channels': [], 'avg_rssi': None}, '6e:02:7c:0f:40:6b': {'first_seen': 1778945791.176991, 'last_seen': 1778945791.178151, 'seen_count': 2, 'channels': [], 'avg_rssi': None}, '3c:08:7d:34:60:0f': {'first_seen': 1778945791.483387, 'last_seen': 1778945791.4843, 'seen_count': 2, 'channels': [], 'avg_rssi': None}, 'af:af:a0:bb:c6:10': {'first_seen': 1778945791.790309, 'last_seen': 1778945791.79118, 'seen_count': 2, 'channels': [], 'avg_rssi': None}, 'cd:71:16:b8:f8:39': {'first_seen': 1778945792.099479, 'last_seen': 1778945792.100583, 'seen_count': 2, 'channels': [], 'avg_rssi': None}, '05:78:33:09:70:7e': {'first_seen': 1778945792.411926, 'last_seen': 1778945792.413086, 'seen_count': 2, 'channels': [], 'avg_rssi': None}, '33:3b:54:26:c9:f1': {'first_seen': 1778945792.726116, 'last_seen': 1778945792.727103, 'seen_count': 2, 'channels': [], 'avg_rssi': None}, '3f:70:c6:b3:96:78': {'first_seen': 1778945793.036785, 'last_seen': 1778945793.037754, 'seen_count': 2, 'channels': [], 'avg_rssi': None}, '91:db:fd:10:ff:35': {'first_seen': 1778945793.354214, 'last_seen': 1778945793.355386, 'seen_count': 2, 'channels': [], 'avg_rssi': None}, 'e7:b8:ed:e4:7d:6f': {'first_seen': 1778945793.671892, 'last_seen': 1778945793.673027, 'seen_count': 2, 'channels': [], 'avg_rssi': None}, 'da:95:20:d8:c9:2d': {'first_seen': 1778945793.982503, 'last_seen': 1778945793.98342, 'seen_count': 2, 'channels': [], 'avg_rssi': None}, '41:51:86:05:11:ad': {'first_seen': 1778945794.300824, 'last_seen': 1778945794.301944, 'seen_count': 2, 'channels': [], 'avg_rssi': None}, '56:e1:d4:8d:b7:3d': {'first_seen': 1778945794.606016, 'last_seen': 1778945794.607204, 'seen_count': 2, 'channels': [], 'avg_rssi': None}, 'c9:ed:c8:1c:bb:10': {'first_seen': 1778945794.919532, 'last_seen': 1778945794.921216, 'seen_count': 2, 'channels': [], 'avg_rssi': None}, '30:75:2f:19:3c:40': {'first_seen': 1778945795.238403, 'last_seen': 1778945795.239616, 'seen_count': 2, 'channels': [], 'avg_rssi': None}, '0d:c9:a3:ab:48:23': {'first_seen': 1778945795.554685, 'last_seen': 1778945795.555622, 'seen_count': 2, 'channels': [], 'avg_rssi': None}, 'ad:1e:9a:9f:4f:06': {'first_seen': 1778945795.867583, 'last_seen': 1778945795.868515, 'seen_count': 2, 'channels': [], 'avg_rssi': None}, '84:bc:4b:29:c7:de': {'first_seen': 1778945796.184291, 'last_seen': 1778945796.185158, 'seen_count': 2, 'channels': [], 'avg_rssi': None}, 'ea:ad:d6:b8:0a:0a': {'first_seen': 1778945796.494164, 'last_seen': 1778945796.495052, 'seen_count': 2, 'channels': [], 'avg_rssi': None}, '98:f1:76:91:08:69': {'first_seen': 1778945796.806388, 'last_seen': 1778945796.807575, 'seen_count': 2, 'channels': [], 'avg_rssi': None}, 'ac:61:aa:7f:2a:2f': {'first_seen': 1778945797.113546, 'last_seen': 1778945797.114463, 'seen_count': 2, 'channels': [], 'avg_rssi': None}, '3c:2b:9d:06:0b:a9': {'first_seen': 1778945797.430847, 'last_seen': 1778945797.431973, 'seen_count': 2, 'channels': [], 'avg_rssi': None}, '0a:93:13:a1:74:87': {'first_seen': 1778945797.746696, 'last_seen': 1778945797.747756, 'seen_count': 2, 'channels': [], 'avg_rssi': None}, 'aa:b2:05:43:d4:3f': {'first_seen': 1778945798.055848, 'last_seen': 1778945798.056755, 'seen_count': 2, 'channels': [], 'avg_rssi': None}, '3c:84:e2:24:39:e0': {'first_seen': 1778945798.363524, 'last_seen': 1778945798.364905, 'seen_count': 2, 'channels': [], 'avg_rssi': None}, '18:ba:98:d3:fc:2e': {'first_seen': 1778945798.676766, 'last_seen': 1778945798.677663, 'seen_count': 2, 'channels': [], 'avg_rssi': None}, '11:f3:d7:35:1d:5b': {'first_seen': 1778945798.992513, 'last_seen': 1778945798.993551, 'seen_count': 2, 'channels': [], 'avg_rssi': None}, '20:1f:a0:de:77:72': {'first_seen': 1778945799.297124, 'last_seen': 1778945799.29807, 'seen_count': 2, 'channels': [], 'avg_rssi': None}, 'b2:07:0f:f4:be:b1': {'first_seen': 1778945799.912633, 'last_seen': 1778945799.913475, 'seen_count': 2, 'channels': [], 'avg_rssi': None}, '86:13:b9:18:fa:49': {'first_seen': 1778945800.224283, 'last_seen': 1778945800.225508, 'seen_count': 2, 'channels': [], 'avg_rssi': None}, '1b:04:9c:a7:cc:2a': {'first_seen': 1778945800.53009, 'last_seen': 1778945800.531263, 'seen_count': 2, 'channels': [], 'avg_rssi': None}, 'b4:92:55:47:6e:74': {'first_seen': 1778945800.858895, 'last_seen': 1778945800.860024, 'seen_count': 2, 'channels': [], 'avg_rssi': None}, '62:03:0f:14:21:9d': {'first_seen': 1778945801.162678, 'last_seen': 1778945801.163667, 'seen_count': 2, 'channels': [], 'avg_rssi': None}, 'b0:90:56:33:0e:8d': {'first_seen': 1778945801.475359, 'last_seen': 1778945801.476583, 'seen_count': 2, 'channels': [], 'avg_rssi': None}, 'e9:56:56:33:bb:c0': {'first_seen': 1778945801.783701, 'last_seen': 1778945801.784699, 'seen_count': 2, 'channels': [], 'avg_rssi': None}, 'b7:4c:35:16:56:fe': {'first_seen': 1778945802.090681, 'last_seen': 1778945802.091589, 'seen_count': 2, 'channels': [], 'avg_rssi': None}, '85:ac:f7:f8:f9:44': {'first_seen': 1778945802.398803, 'last_seen': 1778945802.399984, 'seen_count': 2, 'channels': [], 'avg_rssi': None}, 'dc:03:cc:8b:4f:04': {'first_seen': 1778945802.716769, 'last_seen': 1778945802.717871, 'seen_count': 2, 'channels': [], 'avg_rssi': None}, '68:c9:74:7f:91:ff': {'first_seen': 1778945803.033794, 'last_seen': 1778945803.034889, 'seen_count': 2, 'channels': [], 'avg_rssi': None}, 'b8:eb:82:34:92:26': {'first_seen': 1778945803.347592, 'last_seen': 1778945803.34853, 'seen_count': 2, 'channels': [], 'avg_rssi': None}, '82:9d:5e:a9:8c:1b': {'first_seen': 1778945803.662834, 'last_seen': 1778945803.66381, 'seen_count': 2, 'channels': [], 'avg_rssi': None}, 'f0:4b:28:04:97:9d': {'first_seen': 1778945803.970087, 'last_seen': 1778945803.971313, 'seen_count': 2, 'channels': [], 'avg_rssi': None}, '1b:72:7c:b8:f8:b0': {'first_seen': 1778945804.288134, 'last_seen': 1778945804.289078, 'seen_count': 2, 'channels': [], 'avg_rssi': None}, 'fd:52:e2:1f:9b:af': {'first_seen': 1778945804.61119, 'last_seen': 1778945804.612345, 'seen_count': 2, 'channels': [], 'avg_rssi': None}, 'c6:50:a1:63:27:b3': {'first_seen': 1778945804.92521, 'last_seen': 1778945804.927112, 'seen_count': 2, 'channels': [], 'avg_rssi': None}, '44:62:21:cb:5a:4d': {'first_seen': 1778945805.236797, 'last_seen': 1778945805.237752, 'seen_count': 2, 'channels': [], 'avg_rssi': None}, 'ed:41:a6:de:e0:87': {'first_seen': 1778945805.551235, 'last_seen': 1778945805.552396, 'seen_count': 2, 'channels': [], 'avg_rssi': None}, '75:6c:62:d2:97:4c': {'first_seen': 1778945805.865006, 'last_seen': 1778945805.866168, 'seen_count': 2, 'channels': [], 'avg_rssi': None}, 'a0:a7:fc:1d:1f:d7': {'first_seen': 1778945806.174041, 'last_seen': 1778945806.174924, 'seen_count': 2, 'channels': [], 'avg_rssi': None}, '4c:5b:15:ce:db:8b': {'first_seen': 1778945806.488854, 'last_seen': 1778945806.489815, 'seen_count': 2, 'channels': [], 'avg_rssi': None}, '4f:18:1e:0b:0d:fd': {'first_seen': 1778945806.803608, 'last_seen': 1778945806.804834, 'seen_count': 2, 'channels': [], 'avg_rssi': None}, 'f6:51:22:93:32:8d': {'first_seen': 1778945807.125005, 'last_seen': 1778945807.12623, 'seen_count': 2, 'channels': [], 'avg_rssi': None}, '37:3e:45:4e:9d:8b': {'first_seen': 1778945807.431995, 'last_seen': 1778945807.433242, 'seen_count': 2, 'channels': [], 'avg_rssi': None}, '4b:3b:74:79:fe:33': {'first_seen': 1778945807.749319, 'last_seen': 1778945807.750382, 'seen_count': 2, 'channels': [], 'avg_rssi': None}, '0e:22:4d:c3:7f:db': {'first_seen': 1778945808.065443, 'last_seen': 1778945808.066524, 'seen_count': 2, 'channels': [], 'avg_rssi': None}, 'c4:ee:a9:94:ab:04': {'first_seen': 1778945808.373221, 'last_seen': 1778945808.374173, 'seen_count': 2, 'channels': [], 'avg_rssi': None}, 'bb:ad:a8:7b:d4:d7': {'first_seen': 1778945808.686907, 'last_seen': 1778945808.688056, 'seen_count': 2, 'channels': [], 'avg_rssi': None}, '6e:b1:b1:da:e7:bc': {'first_seen': 1778945808.995856, 'last_seen': 1778945808.997328, 'seen_count': 2, 'channels': [], 'avg_rssi': None}, 'ca:bf:b2:0b:d2:d9': {'first_seen': 1778945809.310874, 'last_seen': 1778945809.313589, 'seen_count': 2, 'channels': [], 'avg_rssi': None}, 'e5:99:dc:d8:6a:a5': {'first_seen': 1778945809.614522, 'last_seen': 1778945809.615604, 'seen_count': 2, 'channels': [], 'avg_rssi': None}, '42:06:f2:49:a1:ef': {'first_seen': 1778945810.236894, 'last_seen': 1778945810.238509, 'seen_count': 2, 'channels': [], 'avg_rssi': None}, 'd0:67:9a:4b:0a:64': {'first_seen': 1778945810.858293, 'last_seen': 1778945810.859544, 'seen_count': 2, 'channels': [], 'avg_rssi': None}, '48:60:13:fd:97:64': {'first_seen': 1778945811.47585, 'last_seen': 1778945811.47585, 'seen_count': 1, 'channels': [], 'avg_rssi': None}, '26:d9:50:96:7d:16': {'first_seen': 1778945811.788576, 'last_seen': 1778945811.789718, 'seen_count': 2, 'channels': [], 'avg_rssi': None}, '62:bb:5d:6b:b8:05': {'first_seen': 1778945812.097689, 'last_seen': 1778945812.098857, 'seen_count': 2, 'channels': [], 'avg_rssi': None}, 'b0:13:c9:40:e1:b2': {'first_seen': 1778945812.411659, 'last_seen': 1778945812.412876, 'seen_count': 2, 'channels': [], 'avg_rssi': None}, 'c1:80:b4:c8:6b:69': {'first_seen': 1778945812.720474, 'last_seen': 1778945812.721389, 'seen_count': 2, 'channels': [], 'avg_rssi': None}, '58:0a:16:21:7b:e3': {'first_seen': 1778945813.028251, 'last_seen': 1778945813.029172, 'seen_count': 2, 'channels': [], 'avg_rssi': None}, '2b:d9:70:8f:93:53': {'first_seen': 1778945813.336703, 'last_seen': 1778945813.337797, 'seen_count': 2, 'channels': [], 'avg_rssi': None}, 'b1:01:44:7b:17:46': {'first_seen': 1778945813.646662, 'last_seen': 1778945813.647812, 'seen_count': 2, 'channels': [], 'avg_rssi': None}, 'e1:d2:84:80:8b:4d': {'first_seen': 1778945813.955126, 'last_seen': 1778945813.956204, 'seen_count': 2, 'channels': [], 'avg_rssi': None}, '9b:00:a4:ec:61:4e': {'first_seen': 1778945814.262941, 'last_seen': 1778945814.264096, 'seen_count': 2, 'channels': [], 'avg_rssi': None}, 'b2:ab:05:18:07:c4': {'first_seen': 1778945814.578017, 'last_seen': 1778945814.579112, 'seen_count': 2, 'channels': [], 'avg_rssi': None}, '9c:0f:99:d5:71:37': {'first_seen': 1778945814.887489, 'last_seen': 1778945814.888375, 'seen_count': 2, 'channels': [], 'avg_rssi': None}, 'a9:5a:d5:72:83:10': {'first_seen': 1778945815.195512, 'last_seen': 1778945815.196522, 'seen_count': 2, 'channels': [], 'avg_rssi': None}, '3e:4e:ed:b2:df:28': {'first_seen': 1778945815.507251, 'last_seen': 1778945815.508285, 'seen_count': 2, 'channels': [], 'avg_rssi': None}, '76:30:86:e1:a0:2f': {'first_seen': 1778945815.81126, 'last_seen': 1778945815.812194, 'seen_count': 2, 'channels': [], 'avg_rssi': None}, '62:70:7d:e6:4e:2f': {'first_seen': 1778945816.12149, 'last_seen': 1778945816.122437, 'seen_count': 2, 'channels': [], 'avg_rssi': None}, '00:f3:de:37:60:c1': {'first_seen': 1778945816.430298, 'last_seen': 1778945816.431211, 'seen_count': 2, 'channels': [], 'avg_rssi': None}, '60:ff:a1:90:8a:9e': {'first_seen': 1778945816.738677, 'last_seen': 1778945816.739847, 'seen_count': 2, 'channels': [], 'avg_rssi': None}, '00:a7:ff:d6:13:49': {'first_seen': 1778945817.04805, 'last_seen': 1778945817.048991, 'seen_count': 2, 'channels': [], 'avg_rssi': None}, '79:69:c3:d9:a5:25': {'first_seen': 1778945817.353593, 'last_seen': 1778945817.354505, 'seen_count': 2, 'channels': [], 'avg_rssi': None}, '94:3c:24:1b:9a:2b': {'first_seen': 1778945817.660318, 'last_seen': 1778945817.661394, 'seen_count': 2, 'channels': [], 'avg_rssi': None}, 'ad:1c:fd:d8:33:49': {'first_seen': 1778945817.972305, 'last_seen': 1778945817.973411, 'seen_count': 2, 'channels': [], 'avg_rssi': None}, '0c:65:84:18:c6:78': {'first_seen': 1778945818.287778, 'last_seen': 1778945818.288929, 'seen_count': 2, 'channels': [], 'avg_rssi': None}, '22:6f:da:ec:de:b0': {'first_seen': 1778945818.601103, 'last_seen': 1778945818.602073, 'seen_count': 2, 'channels': [], 'avg_rssi': None}, '58:91:71:4b:f3:cf': {'first_seen': 1778945818.910943, 'last_seen': 1778945818.911835, 'seen_count': 2, 'channels': [], 'avg_rssi': None}, '56:5d:0f:f0:6e:b5': {'first_seen': 1778945819.223875, 'last_seen': 1778945819.224975, 'seen_count': 2, 'channels': [], 'avg_rssi': None}, 'ea:ad:ba:4d:46:c5': {'first_seen': 1778945819.539299, 'last_seen': 1778945819.540377, 'seen_count': 2, 'channels': [], 'avg_rssi': None}, 'bd:1c:28:dd:d3:0a': {'first_seen': 1778945819.858446, 'last_seen': 1778945819.860885, 'seen_count': 2, 'channels': [], 'avg_rssi': None}, 'e9:dd:1a:bc:83:b4': {'first_seen': 1778945820.178025, 'last_seen': 1778945820.178903, 'seen_count': 2, 'channels': [], 'avg_rssi': None}, '70:fe:99:d3:8a:4e': {'first_seen': 1778945820.488506, 'last_seen': 1778945820.489669, 'seen_count': 2, 'channels': [], 'avg_rssi': None}, '8c:a7:12:51:94:d2': {'first_seen': 1778945820.792865, 'last_seen': 1778945820.792865, 'seen_count': 1, 'channels': [], 'avg_rssi': None}}}
!!!!!!!!!!!!!!!!!!!!!!!!!!!!!!!!!!!!!!!!!!!!!!!!!!!!!!!!!!!!!!!!!!!!!!!!!!!!!!!!


!!!!!!!!!!!!!!!!!!!!!!!!!!!!!!!!!!!!!!!!!!!!!!!!!!!!!!!!!!!!!!!!!!!!!!!!!!!!!!!!
[ALERT] ALERT-000097 | POTENTIAL_EVIL_TWIN
severity: LOW
time: 2026-05-16T15:37:00.802960
message: Wykryto potencjalny Evil Twin / Rogue AP dla SSID 'TestNet_023'. Zaobserwowano 98 różnych BSSID oraz podejrzane różnice parametrów sieci.
evidence: {'ssid': 'TestNet_023', 'bssid_count': 98, 'bssids': ['e1:b9:70:70:19:79', '3a:a5:04:b5:da:79', '96:48:7c:01:c6:53', '51:0d:5f:0e:d2:8e', '1c:b9:d2:23:06:b2', '8d:e1:c2:42:4a:ea', '6e:e0:82:f7:a1:67', '94:3a:c3:78:37:3b', '7e:dd:56:7c:9c:2f', '7a:2e:f6:35:b9:84', '90:29:da:b8:6f:2c', 'a7:4b:d1:be:c8:9e', '75:50:c5:83:74:ec', 'ed:bd:4d:07:63:6c', '2d:e0:9e:81:71:c0', 'b2:92:1c:ef:af:49', 'f5:cf:4d:51:ed:d1', '2b:e7:3f:ff:57:a6', '97:86:7d:1c:55:bb', '80:9e:c3:e7:4f:ef', '08:96:50:02:0f:b1', 'a9:c6:c1:d7:20:cd', '2c:36:9e:b2:2d:d7', 'b0:20:8b:2a:ed:62', '1d:72:b2:36:95:cb', '40:91:07:8b:81:57', '22:6f:9d:1c:10:93', 'de:ae:29:cc:59:79', 'c6:7c:fa:82:4b:71', '73:0c:bf:d3:ba:3f', '8d:a8:ab:0c:c7:53', 'da:32:93:5b:08:62', 'ff:97:45:46:3c:25', '9a:71:df:67:1f:72', '1c:67:0e:53:f0:9f', '98:d2:60:86:61:80', 'a8:32:60:e4:0c:f7', '5b:51:69:23:f9:19', '8a:37:ac:d8:97:08', '2d:7b:67:dd:60:9d', '14:63:54:14:bc:1c', '79:01:20:f9:db:0f', '74:50:87:2f:ea:13', '4a:c2:70:e6:18:dd', 'ea:b0:62:86:55:21', '3c:04:cf:54:2e:94', 'b5:4b:0e:02:ad:d6', '5d:4f:c1:98:a2:14', '57:8c:36:74:6d:7f', '8b:e7:25:35:1e:b7', '35:96:31:42:fd:dc', '2d:dd:e0:30:8b:78', '40:c2:3a:04:c4:22', 'f6:48:16:a0:d5:ee', 'b9:17:e8:5b:6b:0a', '5b:00:9a:22:02:c3', '34:8e:50:b8:f6:c4', 'a1:62:98:a9:3d:a3', '56:34:cf:c4:2e:95', '99:d7:fd:76:97:2b', '7b:36:94:9d:4f:33', 'ee:d4:7c:64:d8:30', '02:e6:b1:e7:96:6f', '04:e0:61:80:98:7d', 'b0:41:b4:52:72:a6', '8a:88:59:dd:8a:aa', '30:ec:b5:2a:78:05', '37:3f:56:d1:70:7b', '68:53:73:9a:4d:22', '13:4e:49:31:2d:c2', '1b:fd:e2:08:71:51', 'd0:84:6c:14:48:f0', '4a:d6:06:25:b6:f6', '8c:05:63:4e:bc:6d', '10:32:c4:b2:2e:3a', '84:f1:e7:20:d9:41', '12:97:31:e9:ce:9a', '23:2e:cc:9e:77:d1', '40:67:2e:28:0f:28', 'c3:85:84:56:ff:80', '13:4d:bd:c9:60:e7', 'c5:a2:8d:59:00:7b', '59:2e:db:d0:8a:ea', '58:1f:42:d5:e6:d6', '0a:e4:62:e0:96:87', '73:2c:07:48:ee:58', '85:d1:41:84:d8:b4', '5a:07:7c:ea:5c:f6', 'cf:e5:e5:1f:e4:6c', '82:47:15:86:09:82', 'a6:5c:db:93:3a:53', '19:e5:cd:23:23:4f', '83:4a:75:6b:42:b0', '32:fe:14:89:d8:d5', 'fa:2b:9d:65:d2:1a', 'c7:d4:57:01:64:82', '11:57:21:79:73:2c', '73:94:19:90:4e:67'], 'triggered_reasons': ['same_ssid_multiple_bssid'], 'observations': {'e1:b9:70:70:19:79': {'first_seen': 1778945790.260855, 'last_seen': 1778945790.261982, 'seen_count': 2, 'channels': [], 'avg_rssi': None}, '3a:a5:04:b5:da:79': {'first_seen': 1778945790.568827, 'last_seen': 1778945790.569749, 'seen_count': 2, 'channels': [], 'avg_rssi': None}, '96:48:7c:01:c6:53': {'first_seen': 1778945790.876282, 'last_seen': 1778945790.877137, 'seen_count': 2, 'channels': [], 'avg_rssi': None}, '51:0d:5f:0e:d2:8e': {'first_seen': 1778945791.187125, 'last_seen': 1778945791.188405, 'seen_count': 2, 'channels': [], 'avg_rssi': None}, '1c:b9:d2:23:06:b2': {'first_seen': 1778945791.493463, 'last_seen': 1778945791.495295, 'seen_count': 2, 'channels': [], 'avg_rssi': None}, '8d:e1:c2:42:4a:ea': {'first_seen': 1778945791.800407, 'last_seen': 1778945791.802556, 'seen_count': 2, 'channels': [], 'avg_rssi': None}, '6e:e0:82:f7:a1:67': {'first_seen': 1778945792.109571, 'last_seen': 1778945792.110445, 'seen_count': 2, 'channels': [], 'avg_rssi': None}, '94:3a:c3:78:37:3b': {'first_seen': 1778945792.422027, 'last_seen': 1778945792.422963, 'seen_count': 2, 'channels': [], 'avg_rssi': None}, '7e:dd:56:7c:9c:2f': {'first_seen': 1778945792.736232, 'last_seen': 1778945792.737361, 'seen_count': 2, 'channels': [], 'avg_rssi': None}, '7a:2e:f6:35:b9:84': {'first_seen': 1778945793.046877, 'last_seen': 1778945793.047746, 'seen_count': 2, 'channels': [], 'avg_rssi': None}, '90:29:da:b8:6f:2c': {'first_seen': 1778945793.364338, 'last_seen': 1778945793.365519, 'seen_count': 2, 'channels': [], 'avg_rssi': None}, 'a7:4b:d1:be:c8:9e': {'first_seen': 1778945793.682021, 'last_seen': 1778945793.683164, 'seen_count': 2, 'channels': [], 'avg_rssi': None}, '75:50:c5:83:74:ec': {'first_seen': 1778945793.992606, 'last_seen': 1778945793.993544, 'seen_count': 2, 'channels': [], 'avg_rssi': None}, 'ed:bd:4d:07:63:6c': {'first_seen': 1778945794.310939, 'last_seen': 1778945794.312061, 'seen_count': 2, 'channels': [], 'avg_rssi': None}, '2d:e0:9e:81:71:c0': {'first_seen': 1778945794.616117, 'last_seen': 1778945794.616951, 'seen_count': 2, 'channels': [], 'avg_rssi': None}, 'b2:92:1c:ef:af:49': {'first_seen': 1778945794.92963, 'last_seen': 1778945794.93048, 'seen_count': 2, 'channels': [], 'avg_rssi': None}, 'f5:cf:4d:51:ed:d1': {'first_seen': 1778945795.248497, 'last_seen': 1778945795.24961, 'seen_count': 2, 'channels': [], 'avg_rssi': None}, '2b:e7:3f:ff:57:a6': {'first_seen': 1778945795.564782, 'last_seen': 1778945795.565876, 'seen_count': 2, 'channels': [], 'avg_rssi': None}, '97:86:7d:1c:55:bb': {'first_seen': 1778945795.877687, 'last_seen': 1778945795.878891, 'seen_count': 2, 'channels': [], 'avg_rssi': None}, '80:9e:c3:e7:4f:ef': {'first_seen': 1778945796.194682, 'last_seen': 1778945796.195532, 'seen_count': 2, 'channels': [], 'avg_rssi': None}, '08:96:50:02:0f:b1': {'first_seen': 1778945796.504546, 'last_seen': 1778945796.505674, 'seen_count': 2, 'channels': [], 'avg_rssi': None}, 'a9:c6:c1:d7:20:cd': {'first_seen': 1778945796.816503, 'last_seen': 1778945796.820319, 'seen_count': 2, 'channels': [], 'avg_rssi': None}, '2c:36:9e:b2:2d:d7': {'first_seen': 1778945797.123665, 'last_seen': 1778945797.124588, 'seen_count': 2, 'channels': [], 'avg_rssi': None}, 'b0:20:8b:2a:ed:62': {'first_seen': 1778945797.440945, 'last_seen': 1778945797.442101, 'seen_count': 2, 'channels': [], 'avg_rssi': None}, '1d:72:b2:36:95:cb': {'first_seen': 1778945797.756797, 'last_seen': 1778945797.75774, 'seen_count': 2, 'channels': [], 'avg_rssi': None}, '40:91:07:8b:81:57': {'first_seen': 1778945798.065955, 'last_seen': 1778945798.066888, 'seen_count': 2, 'channels': [], 'avg_rssi': None}, '22:6f:9d:1c:10:93': {'first_seen': 1778945798.373624, 'last_seen': 1778945798.374794, 'seen_count': 2, 'channels': [], 'avg_rssi': None}, 'de:ae:29:cc:59:79': {'first_seen': 1778945798.686864, 'last_seen': 1778945798.688037, 'seen_count': 2, 'channels': [], 'avg_rssi': None}, 'c6:7c:fa:82:4b:71': {'first_seen': 1778945799.00264, 'last_seen': 1778945799.003806, 'seen_count': 2, 'channels': [], 'avg_rssi': None}, '73:0c:bf:d3:ba:3f': {'first_seen': 1778945799.307226, 'last_seen': 1778945799.308332, 'seen_count': 2, 'channels': [], 'avg_rssi': None}, '8d:a8:ab:0c:c7:53': {'first_seen': 1778945799.620339, 'last_seen': 1778945799.620339, 'seen_count': 1, 'channels': [], 'avg_rssi': None}, 'da:32:93:5b:08:62': {'first_seen': 1778945799.92272, 'last_seen': 1778945799.923725, 'seen_count': 2, 'channels': [], 'avg_rssi': None}, 'ff:97:45:46:3c:25': {'first_seen': 1778945800.234529, 'last_seen': 1778945800.235621, 'seen_count': 2, 'channels': [], 'avg_rssi': None}, '9a:71:df:67:1f:72': {'first_seen': 1778945800.541675, 'last_seen': 1778945800.542888, 'seen_count': 2, 'channels': [], 'avg_rssi': None}, '1c:67:0e:53:f0:9f': {'first_seen': 1778945800.869004, 'last_seen': 1778945800.870031, 'seen_count': 2, 'channels': [], 'avg_rssi': None}, '98:d2:60:86:61:80': {'first_seen': 1778945801.172773, 'last_seen': 1778945801.173918, 'seen_count': 2, 'channels': [], 'avg_rssi': None}, 'a8:32:60:e4:0c:f7': {'first_seen': 1778945801.485465, 'last_seen': 1778945801.486307, 'seen_count': 2, 'channels': [], 'avg_rssi': None}, '5b:51:69:23:f9:19': {'first_seen': 1778945801.793796, 'last_seen': 1778945801.7947, 'seen_count': 2, 'channels': [], 'avg_rssi': None}, '8a:37:ac:d8:97:08': {'first_seen': 1778945802.100812, 'last_seen': 1778945802.101972, 'seen_count': 2, 'channels': [], 'avg_rssi': None}, '2d:7b:67:dd:60:9d': {'first_seen': 1778945802.408917, 'last_seen': 1778945802.409993, 'seen_count': 2, 'channels': [], 'avg_rssi': None}, '14:63:54:14:bc:1c': {'first_seen': 1778945802.726862, 'last_seen': 1778945802.727747, 'seen_count': 2, 'channels': [], 'avg_rssi': None}, '79:01:20:f9:db:0f': {'first_seen': 1778945803.046739, 'last_seen': 1778945803.047888, 'seen_count': 2, 'channels': [], 'avg_rssi': None}, '74:50:87:2f:ea:13': {'first_seen': 1778945803.35772, 'last_seen': 1778945803.358915, 'seen_count': 2, 'channels': [], 'avg_rssi': None}, '4a:c2:70:e6:18:dd': {'first_seen': 1778945803.672928, 'last_seen': 1778945803.673794, 'seen_count': 2, 'channels': [], 'avg_rssi': None}, 'ea:b0:62:86:55:21': {'first_seen': 1778945803.980181, 'last_seen': 1778945803.981562, 'seen_count': 2, 'channels': [], 'avg_rssi': None}, '3c:04:cf:54:2e:94': {'first_seen': 1778945804.298243, 'last_seen': 1778945804.299203, 'seen_count': 2, 'channels': [], 'avg_rssi': None}, 'b5:4b:0e:02:ad:d6': {'first_seen': 1778945804.621292, 'last_seen': 1778945804.62247, 'seen_count': 2, 'channels': [], 'avg_rssi': None}, '5d:4f:c1:98:a2:14': {'first_seen': 1778945804.935344, 'last_seen': 1778945804.936488, 'seen_count': 2, 'channels': [], 'avg_rssi': None}, '57:8c:36:74:6d:7f': {'first_seen': 1778945805.246974, 'last_seen': 1778945805.247877, 'seen_count': 2, 'channels': [], 'avg_rssi': None}, '8b:e7:25:35:1e:b7': {'first_seen': 1778945805.561348, 'last_seen': 1778945805.562269, 'seen_count': 2, 'channels': [], 'avg_rssi': None}, '35:96:31:42:fd:dc': {'first_seen': 1778945805.875101, 'last_seen': 1778945805.876047, 'seen_count': 2, 'channels': [], 'avg_rssi': None}, '2d:dd:e0:30:8b:78': {'first_seen': 1778945806.184183, 'last_seen': 1778945806.185309, 'seen_count': 2, 'channels': [], 'avg_rssi': None}, '40:c2:3a:04:c4:22': {'first_seen': 1778945806.498944, 'last_seen': 1778945806.499942, 'seen_count': 2, 'channels': [], 'avg_rssi': None}, 'f6:48:16:a0:d5:ee': {'first_seen': 1778945806.813705, 'last_seen': 1778945806.814835, 'seen_count': 2, 'channels': [], 'avg_rssi': None}, 'b9:17:e8:5b:6b:0a': {'first_seen': 1778945807.135103, 'last_seen': 1778945807.136235, 'seen_count': 2, 'channels': [], 'avg_rssi': None}, '5b:00:9a:22:02:c3': {'first_seen': 1778945807.442113, 'last_seen': 1778945807.443492, 'seen_count': 2, 'channels': [], 'avg_rssi': None}, '34:8e:50:b8:f6:c4': {'first_seen': 1778945807.759413, 'last_seen': 1778945807.760509, 'seen_count': 2, 'channels': [], 'avg_rssi': None}, 'a1:62:98:a9:3d:a3': {'first_seen': 1778945808.075534, 'last_seen': 1778945808.076649, 'seen_count': 2, 'channels': [], 'avg_rssi': None}, '56:34:cf:c4:2e:95': {'first_seen': 1778945808.383343, 'last_seen': 1778945808.384423, 'seen_count': 2, 'channels': [], 'avg_rssi': None}, '99:d7:fd:76:97:2b': {'first_seen': 1778945808.696998, 'last_seen': 1778945808.698937, 'seen_count': 2, 'channels': [], 'avg_rssi': None}, '7b:36:94:9d:4f:33': {'first_seen': 1778945809.005992, 'last_seen': 1778945809.00707, 'seen_count': 2, 'channels': [], 'avg_rssi': None}, 'ee:d4:7c:64:d8:30': {'first_seen': 1778945809.320988, 'last_seen': 1778945809.321849, 'seen_count': 2, 'channels': [], 'avg_rssi': None}, '02:e6:b1:e7:96:6f': {'first_seen': 1778945809.624619, 'last_seen': 1778945809.626854, 'seen_count': 2, 'channels': [], 'avg_rssi': None}, '04:e0:61:80:98:7d': {'first_seen': 1778945809.936833, 'last_seen': 1778945809.937871, 'seen_count': 2, 'channels': [], 'avg_rssi': None}, 'b0:41:b4:52:72:a6': {'first_seen': 1778945810.24699, 'last_seen': 1778945810.248136, 'seen_count': 2, 'channels': [], 'avg_rssi': None}, '8a:88:59:dd:8a:aa': {'first_seen': 1778945810.560752, 'last_seen': 1778945810.560752, 'seen_count': 1, 'channels': [], 'avg_rssi': None}, '30:ec:b5:2a:78:05': {'first_seen': 1778945810.868388, 'last_seen': 1778945810.869419, 'seen_count': 2, 'channels': [], 'avg_rssi': None}, '37:3f:56:d1:70:7b': {'first_seen': 1778945811.175326, 'last_seen': 1778945811.176435, 'seen_count': 2, 'channels': [], 'avg_rssi': None}, '68:53:73:9a:4d:22': {'first_seen': 1778945811.798678, 'last_seen': 1778945811.799592, 'seen_count': 2, 'channels': [], 'avg_rssi': None}, '13:4e:49:31:2d:c2': {'first_seen': 1778945812.107746, 'last_seen': 1778945812.108857, 'seen_count': 2, 'channels': [], 'avg_rssi': None}, '1b:fd:e2:08:71:51': {'first_seen': 1778945812.42177, 'last_seen': 1778945812.422876, 'seen_count': 2, 'channels': [], 'avg_rssi': None}, 'd0:84:6c:14:48:f0': {'first_seen': 1778945812.730596, 'last_seen': 1778945812.731762, 'seen_count': 2, 'channels': [], 'avg_rssi': None}, '4a:d6:06:25:b6:f6': {'first_seen': 1778945813.038366, 'last_seen': 1778945813.039284, 'seen_count': 2, 'channels': [], 'avg_rssi': None}, '8c:05:63:4e:bc:6d': {'first_seen': 1778945813.346798, 'last_seen': 1778945813.347921, 'seen_count': 2, 'channels': [], 'avg_rssi': None}, '10:32:c4:b2:2e:3a': {'first_seen': 1778945813.657007, 'last_seen': 1778945813.657939, 'seen_count': 2, 'channels': [], 'avg_rssi': None}, '84:f1:e7:20:d9:41': {'first_seen': 1778945813.966059, 'last_seen': 1778945813.967204, 'seen_count': 2, 'channels': [], 'avg_rssi': None}, '12:97:31:e9:ce:9a': {'first_seen': 1778945814.273039, 'last_seen': 1778945814.273971, 'seen_count': 2, 'channels': [], 'avg_rssi': None}, '23:2e:cc:9e:77:d1': {'first_seen': 1778945814.58811, 'last_seen': 1778945814.58924, 'seen_count': 2, 'channels': [], 'avg_rssi': None}, '40:67:2e:28:0f:28': {'first_seen': 1778945814.897586, 'last_seen': 1778945814.898659, 'seen_count': 2, 'channels': [], 'avg_rssi': None}, 'c3:85:84:56:ff:80': {'first_seen': 1778945815.205646, 'last_seen': 1778945815.20677, 'seen_count': 2, 'channels': [], 'avg_rssi': None}, '13:4d:bd:c9:60:e7': {'first_seen': 1778945815.517346, 'last_seen': 1778945815.51841, 'seen_count': 2, 'channels': [], 'avg_rssi': None}, 'c5:a2:8d:59:00:7b': {'first_seen': 1778945815.82138, 'last_seen': 1778945815.822552, 'seen_count': 2, 'channels': [], 'avg_rssi': None}, '59:2e:db:d0:8a:ea': {'first_seen': 1778945816.131589, 'last_seen': 1778945816.133691, 'seen_count': 2, 'channels': [], 'avg_rssi': None}, '58:1f:42:d5:e6:d6': {'first_seen': 1778945816.442672, 'last_seen': 1778945816.443581, 'seen_count': 2, 'channels': [], 'avg_rssi': None}, '0a:e4:62:e0:96:87': {'first_seen': 1778945816.74877, 'last_seen': 1778945816.749867, 'seen_count': 2, 'channels': [], 'avg_rssi': None}, '73:2c:07:48:ee:58': {'first_seen': 1778945817.058149, 'last_seen': 1778945817.058993, 'seen_count': 2, 'channels': [], 'avg_rssi': None}, '85:d1:41:84:d8:b4': {'first_seen': 1778945817.363687, 'last_seen': 1778945817.36463, 'seen_count': 2, 'channels': [], 'avg_rssi': None}, '5a:07:7c:ea:5c:f6': {'first_seen': 1778945817.670429, 'last_seen': 1778945817.671651, 'seen_count': 2, 'channels': [], 'avg_rssi': None}, 'cf:e5:e5:1f:e4:6c': {'first_seen': 1778945817.982413, 'last_seen': 1778945817.983545, 'seen_count': 2, 'channels': [], 'avg_rssi': None}, '82:47:15:86:09:82': {'first_seen': 1778945818.297881, 'last_seen': 1778945818.29893, 'seen_count': 2, 'channels': [], 'avg_rssi': None}, 'a6:5c:db:93:3a:53': {'first_seen': 1778945818.611191, 'last_seen': 1778945818.61207, 'seen_count': 2, 'channels': [], 'avg_rssi': None}, '19:e5:cd:23:23:4f': {'first_seen': 1778945818.921045, 'last_seen': 1778945818.921961, 'seen_count': 2, 'channels': [], 'avg_rssi': None}, '83:4a:75:6b:42:b0': {'first_seen': 1778945819.236728, 'last_seen': 1778945819.237857, 'seen_count': 2, 'channels': [], 'avg_rssi': None}, '32:fe:14:89:d8:d5': {'first_seen': 1778945819.549398, 'last_seen': 1778945819.550377, 'seen_count': 2, 'channels': [], 'avg_rssi': None}, 'fa:2b:9d:65:d2:1a': {'first_seen': 1778945819.868553, 'last_seen': 1778945819.869652, 'seen_count': 2, 'channels': [], 'avg_rssi': None}, 'c7:d4:57:01:64:82': {'first_seen': 1778945820.18812, 'last_seen': 1778945820.189026, 'seen_count': 2, 'channels': [], 'avg_rssi': None}, '11:57:21:79:73:2c': {'first_seen': 1778945820.499923, 'last_seen': 1778945820.501045, 'seen_count': 2, 'channels': [], 'avg_rssi': None}, '73:94:19:90:4e:67': {'first_seen': 1778945820.80296, 'last_seen': 1778945820.80296, 'seen_count': 1, 'channels': [], 'avg_rssi': None}}}
!!!!!!!!!!!!!!!!!!!!!!!!!!!!!!!!!!!!!!!!!!!!!!!!!!!!!!!!!!!!!!!!!!!!!!!!!!!!!!!!


!!!!!!!!!!!!!!!!!!!!!!!!!!!!!!!!!!!!!!!!!!!!!!!!!!!!!!!!!!!!!!!!!!!!!!!!!!!!!!!!
[ALERT] ALERT-000098 | POTENTIAL_EVIL_TWIN
severity: LOW
time: 2026-05-16T15:37:00.815501
message: Wykryto potencjalny Evil Twin / Rogue AP dla SSID 'TestNet_024'. Zaobserwowano 98 różnych BSSID oraz podejrzane różnice parametrów sieci.
evidence: {'ssid': 'TestNet_024', 'bssid_count': 98, 'bssids': ['35:16:74:18:2c:3c', 'e9:d9:8a:93:bc:94', '2e:28:6e:d7:0d:0d', '7e:a3:82:09:e0:a7', '5b:31:d3:2d:57:83', 'f1:fb:9f:cb:b2:24', '49:f3:4f:9a:0c:e7', '2f:1b:c6:0e:68:41', '9b:1f:93:ee:18:53', '59:fc:53:07:d3:68', '7a:0e:ca:bc:cd:33', 'e6:07:41:cc:77:f1', '08:75:8f:94:26:48', 'ec:b3:0b:9c:44:07', 'a0:35:b4:6a:e9:c5', '05:02:e0:1d:0a:3f', '93:b4:2b:89:bb:ed', '6d:11:5c:b0:94:23', 'f6:c0:3a:1d:0f:0a', '90:4d:70:68:81:c1', 'd3:55:df:63:34:99', '8d:a5:9c:47:89:9e', '6d:b8:eb:5d:d9:0f', '6b:6a:af:1f:cf:94', '4a:0e:9a:59:84:f7', '8b:08:9d:4b:8e:da', '8a:9f:e1:fa:26:74', '62:94:8a:cb:25:f2', 'b0:d7:c2:cd:dc:18', '3d:f7:21:e5:3f:23', '31:e5:bc:16:f4:14', '14:5b:ea:dc:b8:b5', '62:07:13:a5:af:0a', '3a:ae:45:38:c6:70', '7d:ab:26:69:a0:39', '64:a7:79:24:41:4c', 'fd:24:cf:a1:37:a8', '47:8e:26:63:f5:98', '9a:20:43:11:51:bb', '11:b8:0b:41:98:a3', '44:bf:76:d9:86:39', 'd3:26:fd:8c:ac:80', 'e4:8b:ca:c0:5a:22', '9e:e7:6d:9d:7c:00', '66:2c:86:92:73:ec', '24:cc:42:7e:b9:17', '36:40:b9:f0:99:fa', 'f9:08:66:bb:da:bf', '06:82:5f:91:fd:7b', '95:72:f8:05:92:80', '69:e8:38:b2:db:77', '7d:b3:aa:4e:bd:85', '7f:b9:fa:c3:3e:a9', '8a:5a:78:7b:9f:bc', '35:23:90:bc:7a:75', '50:f4:23:87:c9:d4', '25:34:22:53:ce:99', '22:45:22:85:14:d3', '7c:d2:61:8b:16:0b', '28:fb:68:2f:07:b9', '0e:ca:3f:bc:0f:17', 'cf:29:82:ab:82:d4', 'a1:9a:f2:4e:a4:29', '65:98:4b:83:06:4b', '97:68:a6:f9:1f:2e', '81:cd:05:b7:1d:68', '51:b5:10:43:28:45', 'ca:50:e7:ec:2a:9b', 'a7:c8:3b:30:ba:d4', 'e7:2e:cf:2d:da:01', '48:89:b4:b1:f4:0b', '8b:31:19:d5:d3:7d', '69:5f:01:31:fa:89', 'c3:33:98:31:eb:10', '72:b0:55:4b:9a:b4', 'b9:00:1c:f3:c7:ad', '06:01:c7:f2:4b:5b', '98:87:90:4b:19:51', '93:d2:7b:2a:b6:cc', '34:48:37:4e:a7:60', 'c8:cf:ba:bc:b8:90', 'df:77:af:45:f6:f8', '5d:cc:85:a1:f3:3d', '13:e7:ff:bc:48:b3', '70:d4:58:b7:72:00', '47:e6:cf:2e:27:e4', '8b:f1:8d:09:fb:86', '00:e8:d1:77:4e:ce', '1b:44:10:eb:04:2f', '69:74:47:c4:ea:09', '58:7e:e0:a6:fb:0f', 'f1:b9:19:bf:c1:82', '75:82:86:04:0d:57', '7f:21:ca:1f:41:4f', '75:16:1b:1a:7a:59', '2b:fd:c9:89:bd:62', '1d:65:78:30:6e:0c', '17:c9:e5:67:7d:5d'], 'triggered_reasons': ['same_ssid_multiple_bssid'], 'observations': {'35:16:74:18:2c:3c': {'first_seen': 1778945790.270945, 'last_seen': 1778945790.272, 'seen_count': 2, 'channels': [], 'avg_rssi': None}, 'e9:d9:8a:93:bc:94': {'first_seen': 1778945790.578918, 'last_seen': 1778945790.579867, 'seen_count': 2, 'channels': [], 'avg_rssi': None}, '2e:28:6e:d7:0d:0d': {'first_seen': 1778945790.886594, 'last_seen': 1778945790.887508, 'seen_count': 2, 'channels': [], 'avg_rssi': None}, '7e:a3:82:09:e0:a7': {'first_seen': 1778945791.197232, 'last_seen': 1778945791.198282, 'seen_count': 2, 'channels': [], 'avg_rssi': None}, '5b:31:d3:2d:57:83': {'first_seen': 1778945791.503554, 'last_seen': 1778945791.50454, 'seen_count': 2, 'channels': [], 'avg_rssi': None}, 'f1:fb:9f:cb:b2:24': {'first_seen': 1778945791.810504, 'last_seen': 1778945791.811683, 'seen_count': 2, 'channels': [], 'avg_rssi': None}, '49:f3:4f:9a:0c:e7': {'first_seen': 1778945792.119668, 'last_seen': 1778945792.120572, 'seen_count': 2, 'channels': [], 'avg_rssi': None}, '2f:1b:c6:0e:68:41': {'first_seen': 1778945792.434671, 'last_seen': 1778945792.435857, 'seen_count': 2, 'channels': [], 'avg_rssi': None}, '9b:1f:93:ee:18:53': {'first_seen': 1778945792.746327, 'last_seen': 1778945792.747364, 'seen_count': 2, 'channels': [], 'avg_rssi': None}, '59:fc:53:07:d3:68': {'first_seen': 1778945793.056985, 'last_seen': 1778945793.058128, 'seen_count': 2, 'channels': [], 'avg_rssi': None}, '7a:0e:ca:bc:cd:33': {'first_seen': 1778945793.37445, 'last_seen': 1778945793.375396, 'seen_count': 2, 'channels': [], 'avg_rssi': None}, 'e6:07:41:cc:77:f1': {'first_seen': 1778945793.694309, 'last_seen': 1778945793.695548, 'seen_count': 2, 'channels': [], 'avg_rssi': None}, '08:75:8f:94:26:48': {'first_seen': 1778945794.005407, 'last_seen': 1778945794.006546, 'seen_count': 2, 'channels': [], 'avg_rssi': None}, 'ec:b3:0b:9c:44:07': {'first_seen': 1778945794.321039, 'last_seen': 1778945794.322187, 'seen_count': 2, 'channels': [], 'avg_rssi': None}, 'a0:35:b4:6a:e9:c5': {'first_seen': 1778945794.626234, 'last_seen': 1778945794.627453, 'seen_count': 2, 'channels': [], 'avg_rssi': None}, '05:02:e0:1d:0a:3f': {'first_seen': 1778945794.939752, 'last_seen': 1778945794.940846, 'seen_count': 2, 'channels': [], 'avg_rssi': None}, '93:b4:2b:89:bb:ed': {'first_seen': 1778945795.258651, 'last_seen': 1778945795.259868, 'seen_count': 2, 'channels': [], 'avg_rssi': None}, '6d:11:5c:b0:94:23': {'first_seen': 1778945795.57491, 'last_seen': 1778945795.576009, 'seen_count': 2, 'channels': [], 'avg_rssi': None}, 'f6:c0:3a:1d:0f:0a': {'first_seen': 1778945795.887866, 'last_seen': 1778945795.888776, 'seen_count': 2, 'channels': [], 'avg_rssi': None}, '90:4d:70:68:81:c1': {'first_seen': 1778945796.205248, 'last_seen': 1778945796.206166, 'seen_count': 2, 'channels': [], 'avg_rssi': None}, 'd3:55:df:63:34:99': {'first_seen': 1778945796.514666, 'last_seen': 1778945796.515677, 'seen_count': 2, 'channels': [], 'avg_rssi': None}, '8d:a5:9c:47:89:9e': {'first_seen': 1778945796.826746, 'last_seen': 1778945796.827695, 'seen_count': 2, 'channels': [], 'avg_rssi': None}, '6d:b8:eb:5d:d9:0f': {'first_seen': 1778945797.133762, 'last_seen': 1778945797.134957, 'seen_count': 2, 'channels': [], 'avg_rssi': None}, '6b:6a:af:1f:cf:94': {'first_seen': 1778945797.452193, 'last_seen': 1778945797.4531, 'seen_count': 2, 'channels': [], 'avg_rssi': None}, '4a:0e:9a:59:84:f7': {'first_seen': 1778945797.766964, 'last_seen': 1778945797.767865, 'seen_count': 2, 'channels': [], 'avg_rssi': None}, '8b:08:9d:4b:8e:da': {'first_seen': 1778945798.076074, 'last_seen': 1778945798.077142, 'seen_count': 2, 'channels': [], 'avg_rssi': None}, '8a:9f:e1:fa:26:74': {'first_seen': 1778945798.383749, 'last_seen': 1778945798.384654, 'seen_count': 2, 'channels': [], 'avg_rssi': None}, '62:94:8a:cb:25:f2': {'first_seen': 1778945798.696962, 'last_seen': 1778945798.698038, 'seen_count': 2, 'channels': [], 'avg_rssi': None}, 'b0:d7:c2:cd:dc:18': {'first_seen': 1778945799.012714, 'last_seen': 1778945799.013681, 'seen_count': 2, 'channels': [], 'avg_rssi': None}, '3d:f7:21:e5:3f:23': {'first_seen': 1778945799.318191, 'last_seen': 1778945799.319322, 'seen_count': 2, 'channels': [], 'avg_rssi': None}, '31:e5:bc:16:f4:14': {'first_seen': 1778945799.629277, 'last_seen': 1778945799.630213, 'seen_count': 2, 'channels': [], 'avg_rssi': None}, '14:5b:ea:dc:b8:b5': {'first_seen': 1778945799.932815, 'last_seen': 1778945799.935868, 'seen_count': 2, 'channels': [], 'avg_rssi': None}, '62:07:13:a5:af:0a': {'first_seen': 1778945800.244628, 'last_seen': 1778945800.24562, 'seen_count': 2, 'channels': [], 'avg_rssi': None}, '3a:ae:45:38:c6:70': {'first_seen': 1778945800.551769, 'last_seen': 1778945800.552763, 'seen_count': 2, 'channels': [], 'avg_rssi': None}, '7d:ab:26:69:a0:39': {'first_seen': 1778945800.879098, 'last_seen': 1778945800.880028, 'seen_count': 2, 'channels': [], 'avg_rssi': None}, '64:a7:79:24:41:4c': {'first_seen': 1778945801.186401, 'last_seen': 1778945801.187418, 'seen_count': 2, 'channels': [], 'avg_rssi': None}, 'fd:24:cf:a1:37:a8': {'first_seen': 1778945801.495563, 'last_seen': 1778945801.496684, 'seen_count': 2, 'channels': [], 'avg_rssi': None}, '47:8e:26:63:f5:98': {'first_seen': 1778945801.803888, 'last_seen': 1778945801.804952, 'seen_count': 2, 'channels': [], 'avg_rssi': None}, '9a:20:43:11:51:bb': {'first_seen': 1778945802.110927, 'last_seen': 1778945802.112098, 'seen_count': 2, 'channels': [], 'avg_rssi': None}, '11:b8:0b:41:98:a3': {'first_seen': 1778945802.419033, 'last_seen': 1778945802.420231, 'seen_count': 2, 'channels': [], 'avg_rssi': None}, '44:bf:76:d9:86:39': {'first_seen': 1778945802.736935, 'last_seen': 1778945802.737872, 'seen_count': 2, 'channels': [], 'avg_rssi': None}, 'd3:26:fd:8c:ac:80': {'first_seen': 1778945803.05684, 'last_seen': 1778945803.058027, 'seen_count': 2, 'channels': [], 'avg_rssi': None}, 'e4:8b:ca:c0:5a:22': {'first_seen': 1778945803.367835, 'last_seen': 1778945803.369049, 'seen_count': 2, 'channels': [], 'avg_rssi': None}, '9e:e7:6d:9d:7c:00': {'first_seen': 1778945803.683027, 'last_seen': 1778945803.683919, 'seen_count': 2, 'channels': [], 'avg_rssi': None}, '66:2c:86:92:73:ec': {'first_seen': 1778945803.990285, 'last_seen': 1778945803.991561, 'seen_count': 2, 'channels': [], 'avg_rssi': None}, '24:cc:42:7e:b9:17': {'first_seen': 1778945804.308338, 'last_seen': 1778945804.30933, 'seen_count': 2, 'channels': [], 'avg_rssi': None}, '36:40:b9:f0:99:fa': {'first_seen': 1778945804.631392, 'last_seen': 1778945804.632598, 'seen_count': 2, 'channels': [], 'avg_rssi': None}, 'f9:08:66:bb:da:bf': {'first_seen': 1778945804.945434, 'last_seen': 1778945804.946613, 'seen_count': 2, 'channels': [], 'avg_rssi': None}, '06:82:5f:91:fd:7b': {'first_seen': 1778945805.257085, 'last_seen': 1778945805.258006, 'seen_count': 2, 'channels': [], 'avg_rssi': None}, '95:72:f8:05:92:80': {'first_seen': 1778945805.571471, 'last_seen': 1778945805.572403, 'seen_count': 2, 'channels': [], 'avg_rssi': None}, '69:e8:38:b2:db:77': {'first_seen': 1778945805.885216, 'last_seen': 1778945805.886162, 'seen_count': 2, 'channels': [], 'avg_rssi': None}, '7d:b3:aa:4e:bd:85': {'first_seen': 1778945806.19466, 'last_seen': 1778945806.195803, 'seen_count': 2, 'channels': [], 'avg_rssi': None}, '7f:b9:fa:c3:3e:a9': {'first_seen': 1778945806.509037, 'last_seen': 1778945806.509941, 'seen_count': 2, 'channels': [], 'avg_rssi': None}, '8a:5a:78:7b:9f:bc': {'first_seen': 1778945806.823822, 'last_seen': 1778945806.824959, 'seen_count': 2, 'channels': [], 'avg_rssi': None}, '35:23:90:bc:7a:75': {'first_seen': 1778945807.145234, 'last_seen': 1778945807.146353, 'seen_count': 2, 'channels': [], 'avg_rssi': None}, '50:f4:23:87:c9:d4': {'first_seen': 1778945807.453709, 'last_seen': 1778945807.454881, 'seen_count': 2, 'channels': [], 'avg_rssi': None}, '25:34:22:53:ce:99': {'first_seen': 1778945807.769504, 'last_seen': 1778945807.770508, 'seen_count': 2, 'channels': [], 'avg_rssi': None}, '22:45:22:85:14:d3': {'first_seen': 1778945808.085655, 'last_seen': 1778945808.08778, 'seen_count': 2, 'channels': [], 'avg_rssi': None}, '7c:d2:61:8b:16:0b': {'first_seen': 1778945808.393442, 'last_seen': 1778945808.39454, 'seen_count': 2, 'channels': [], 'avg_rssi': None}, '28:fb:68:2f:07:b9': {'first_seen': 1778945808.707092, 'last_seen': 1778945808.707932, 'seen_count': 2, 'channels': [], 'avg_rssi': None}, '0e:ca:3f:bc:0f:17': {'first_seen': 1778945809.018674, 'last_seen': 1778945809.019845, 'seen_count': 2, 'channels': [], 'avg_rssi': None}, 'cf:29:82:ab:82:d4': {'first_seen': 1778945809.331147, 'last_seen': 1778945809.332341, 'seen_count': 2, 'channels': [], 'avg_rssi': None}, 'a1:9a:f2:4e:a4:29': {'first_seen': 1778945809.63467, 'last_seen': 1778945809.635855, 'seen_count': 2, 'channels': [], 'avg_rssi': None}, '65:98:4b:83:06:4b': {'first_seen': 1778945809.94693, 'last_seen': 1778945809.94693, 'seen_count': 1, 'channels': [], 'avg_rssi': None}, '97:68:a6:f9:1f:2e': {'first_seen': 1778945810.257085, 'last_seen': 1778945810.258012, 'seen_count': 2, 'channels': [], 'avg_rssi': None}, '81:cd:05:b7:1d:68': {'first_seen': 1778945810.570847, 'last_seen': 1778945810.571779, 'seen_count': 2, 'channels': [], 'avg_rssi': None}, '51:b5:10:43:28:45': {'first_seen': 1778945810.878491, 'last_seen': 1778945810.879669, 'seen_count': 2, 'channels': [], 'avg_rssi': None}, 'ca:50:e7:ec:2a:9b': {'first_seen': 1778945811.496237, 'last_seen': 1778945811.496237, 'seen_count': 1, 'channels': [], 'avg_rssi': None}, 'a7:c8:3b:30:ba:d4': {'first_seen': 1778945811.808771, 'last_seen': 1778945811.809844, 'seen_count': 2, 'channels': [], 'avg_rssi': None}, 'e7:2e:cf:2d:da:01': {'first_seen': 1778945812.117847, 'last_seen': 1778945812.118858, 'seen_count': 2, 'channels': [], 'avg_rssi': None}, '48:89:b4:b1:f4:0b': {'first_seen': 1778945812.431865, 'last_seen': 1778945812.43325, 'seen_count': 2, 'channels': [], 'avg_rssi': None}, '8b:31:19:d5:d3:7d': {'first_seen': 1778945812.740699, 'last_seen': 1778945812.741641, 'seen_count': 2, 'channels': [], 'avg_rssi': None}, '69:5f:01:31:fa:89': {'first_seen': 1778945813.048476, 'last_seen': 1778945813.049409, 'seen_count': 2, 'channels': [], 'avg_rssi': None}, 'c3:33:98:31:eb:10': {'first_seen': 1778945813.356892, 'last_seen': 1778945813.358047, 'seen_count': 2, 'channels': [], 'avg_rssi': None}, '72:b0:55:4b:9a:b4': {'first_seen': 1778945813.667102, 'last_seen': 1778945813.668314, 'seen_count': 2, 'channels': [], 'avg_rssi': None}, 'b9:00:1c:f3:c7:ad': {'first_seen': 1778945813.976179, 'last_seen': 1778945813.977083, 'seen_count': 2, 'channels': [], 'avg_rssi': None}, '06:01:c7:f2:4b:5b': {'first_seen': 1778945814.283127, 'last_seen': 1778945814.284221, 'seen_count': 2, 'channels': [], 'avg_rssi': None}, '98:87:90:4b:19:51': {'first_seen': 1778945814.598215, 'last_seen': 1778945814.599363, 'seen_count': 2, 'channels': [], 'avg_rssi': None}, '93:d2:7b:2a:b6:cc': {'first_seen': 1778945814.907678, 'last_seen': 1778945814.908629, 'seen_count': 2, 'channels': [], 'avg_rssi': None}, '34:48:37:4e:a7:60': {'first_seen': 1778945815.215744, 'last_seen': 1778945815.216909, 'seen_count': 2, 'channels': [], 'avg_rssi': None}, 'c8:cf:ba:bc:b8:90': {'first_seen': 1778945815.527446, 'last_seen': 1778945815.528535, 'seen_count': 2, 'channels': [], 'avg_rssi': None}, 'df:77:af:45:f6:f8': {'first_seen': 1778945815.831471, 'last_seen': 1778945815.832425, 'seen_count': 2, 'channels': [], 'avg_rssi': None}, '5d:cc:85:a1:f3:3d': {'first_seen': 1778945816.141693, 'last_seen': 1778945816.141693, 'seen_count': 1, 'channels': [], 'avg_rssi': None}, '13:e7:ff:bc:48:b3': {'first_seen': 1778945816.452765, 'last_seen': 1778945816.453831, 'seen_count': 2, 'channels': [], 'avg_rssi': None}, '70:d4:58:b7:72:00': {'first_seen': 1778945816.758865, 'last_seen': 1778945816.759991, 'seen_count': 2, 'channels': [], 'avg_rssi': None}, '47:e6:cf:2e:27:e4': {'first_seen': 1778945817.068243, 'last_seen': 1778945817.069489, 'seen_count': 2, 'channels': [], 'avg_rssi': None}, '8b:f1:8d:09:fb:86': {'first_seen': 1778945817.37378, 'last_seen': 1778945817.375126, 'seen_count': 2, 'channels': [], 'avg_rssi': None}, '00:e8:d1:77:4e:ce': {'first_seen': 1778945817.680485, 'last_seen': 1778945817.681397, 'seen_count': 2, 'channels': [], 'avg_rssi': None}, '1b:44:10:eb:04:2f': {'first_seen': 1778945817.99467, 'last_seen': 1778945817.995787, 'seen_count': 2, 'channels': [], 'avg_rssi': None}, '69:74:47:c4:ea:09': {'first_seen': 1778945818.307976, 'last_seen': 1778945818.308929, 'seen_count': 2, 'channels': [], 'avg_rssi': None}, '58:7e:e0:a6:fb:0f': {'first_seen': 1778945818.621288, 'last_seen': 1778945818.622321, 'seen_count': 2, 'channels': [], 'avg_rssi': None}, 'f1:b9:19:bf:c1:82': {'first_seen': 1778945818.931145, 'last_seen': 1778945818.932095, 'seen_count': 2, 'channels': [], 'avg_rssi': None}, '75:82:86:04:0d:57': {'first_seen': 1778945819.246899, 'last_seen': 1778945819.24773, 'seen_count': 2, 'channels': [], 'avg_rssi': None}, '7f:21:ca:1f:41:4f': {'first_seen': 1778945819.559503, 'last_seen': 1778945819.560369, 'seen_count': 2, 'channels': [], 'avg_rssi': None}, '75:16:1b:1a:7a:59': {'first_seen': 1778945819.879003, 'last_seen': 1778945819.880054, 'seen_count': 2, 'channels': [], 'avg_rssi': None}, '2b:fd:c9:89:bd:62': {'first_seen': 1778945820.198213, 'last_seen': 1778945820.199152, 'seen_count': 2, 'channels': [], 'avg_rssi': None}, '1d:65:78:30:6e:0c': {'first_seen': 1778945820.510025, 'last_seen': 1778945820.511172, 'seen_count': 2, 'channels': [], 'avg_rssi': None}, '17:c9:e5:67:7d:5d': {'first_seen': 1778945820.815501, 'last_seen': 1778945820.815501, 'seen_count': 1, 'channels': [], 'avg_rssi': None}}}
!!!!!!!!!!!!!!!!!!!!!!!!!!!!!!!!!!!!!!!!!!!!!!!!!!!!!!!!!!!!!!!!!!!!!!!!!!!!!!!!


!!!!!!!!!!!!!!!!!!!!!!!!!!!!!!!!!!!!!!!!!!!!!!!!!!!!!!!!!!!!!!!!!!!!!!!!!!!!!!!!
[ALERT] ALERT-000099 | POTENTIAL_EVIL_TWIN
severity: LOW
time: 2026-05-16T15:37:00.825919
message: Wykryto potencjalny Evil Twin / Rogue AP dla SSID 'TestNet_025'. Zaobserwowano 98 różnych BSSID oraz podejrzane różnice parametrów sieci.
evidence: {'ssid': 'TestNet_025', 'bssid_count': 98, 'bssids': ['72:8b:80:0c:d8:e3', '59:9a:48:99:44:84', 'e3:a0:3e:95:a6:84', '6c:60:05:b9:cf:07', '84:2b:46:f3:67:4e', '3f:3d:55:dd:ec:04', '55:7e:0a:85:4b:7b', '35:57:a5:d0:5c:1d', 'aa:9d:34:ca:d0:6f', 'd4:2c:8c:b9:6c:fc', '8d:99:a8:01:2b:83', 'fd:b0:3b:90:97:f4', '91:5c:0c:f4:36:a2', '35:01:43:9b:42:94', 'd3:17:ad:fc:6e:8f', '92:de:fa:cf:a8:e7', '4b:1a:18:42:4a:8d', '90:bb:18:5b:c8:e1', '11:7b:a0:9c:28:be', 'd3:8e:51:ee:12:0d', '98:4d:55:eb:38:03', '1b:0f:38:ef:a7:29', '26:2b:1a:de:d7:7b', 'af:53:4c:25:8f:77', 'e9:a1:97:dc:ab:2a', 'bb:f3:f1:f1:9d:a3', 'd4:6e:51:51:aa:d5', '2f:a9:cd:b7:c1:87', 'b3:2d:e9:3f:3e:dc', '58:f5:bd:c4:15:dc', 'd0:05:e8:85:2a:af', 'dc:2a:7f:5b:dc:86', '7c:8a:9b:b3:10:af', 'e5:d2:c5:3c:ed:ca', 'f7:b1:2c:e0:65:be', 'b5:2f:d6:f3:91:d9', 'ae:bd:5f:e6:6d:ef', '64:6d:44:f5:57:9a', '4f:ce:4f:db:85:9b', '60:bd:0a:d7:42:b6', '10:d6:7b:91:b2:7e', '90:93:d0:a8:fb:99', '43:13:ad:77:cb:99', '78:be:86:9a:40:23', '0d:90:68:fb:80:b3', 'cf:76:b4:78:91:26', '7f:75:a8:e8:73:fa', 'a7:a6:20:88:6d:70', '16:d4:ae:16:18:10', 'ae:6b:b9:11:58:fa', '2f:0b:37:16:80:a3', '24:a3:03:6f:43:ab', '25:62:36:01:ae:91', 'a3:4f:9e:dd:9e:b6', 'fe:12:31:b7:08:82', '1a:fe:41:a0:36:7f', 'c5:34:89:3a:80:c4', '0a:d5:cc:4a:e3:ee', 'fd:ec:c7:7d:b0:b5', 'b5:8e:19:10:4a:c6', 'f2:36:77:1b:a4:28', '30:94:e0:bd:5e:a0', '79:3c:ed:5a:22:86', 'c4:63:43:b7:a5:49', '3a:ec:54:e2:fc:b8', '2e:82:d2:56:52:3a', 'ea:df:23:22:b6:9b', '8b:a2:9c:b1:ea:fc', '75:5b:67:f3:81:40', 'd0:4a:81:f1:ac:3c', '2d:a5:89:54:56:9c', 'c5:d0:ae:a2:92:2e', '16:99:af:b3:f1:b9', 'a3:c1:89:34:ed:63', 'f4:73:ad:ee:24:ae', '75:88:39:d8:6a:0c', 'db:16:37:e4:b2:37', 'c0:b5:22:08:68:cd', 'e5:63:97:15:ff:a6', 'e3:25:29:3e:cf:84', '6e:a1:cb:37:df:1a', 'b7:cf:5e:8d:46:8e', '13:a4:60:d1:06:d0', 'e0:cc:ef:0c:cc:e2', '4b:2c:31:c7:8c:30', '06:f8:2d:cb:f8:d4', 'ab:4b:cf:6f:c4:39', 'ea:4b:17:38:e0:53', '20:8d:21:7e:3b:3d', 'c5:ec:12:64:f8:77', 'a4:46:0e:25:68:7d', '2d:b8:5f:9f:10:f0', 'a6:7e:bc:02:d5:19', '48:54:34:e5:3f:e2', '89:ec:d4:bf:a9:f1', 'a7:3a:14:1f:23:f1', '16:c8:e0:af:38:de', '02:f8:35:15:84:dd'], 'triggered_reasons': ['same_ssid_multiple_bssid'], 'observations': {'72:8b:80:0c:d8:e3': {'first_seen': 1778945790.281053, 'last_seen': 1778945790.282226, 'seen_count': 2, 'channels': [], 'avg_rssi': None}, '59:9a:48:99:44:84': {'first_seen': 1778945790.589039, 'last_seen': 1778945790.590243, 'seen_count': 2, 'channels': [], 'avg_rssi': None}, 'e3:a0:3e:95:a6:84': {'first_seen': 1778945790.896693, 'last_seen': 1778945790.897634, 'seen_count': 2, 'channels': [], 'avg_rssi': None}, '6c:60:05:b9:cf:07': {'first_seen': 1778945791.207355, 'last_seen': 1778945791.208276, 'seen_count': 2, 'channels': [], 'avg_rssi': None}, '84:2b:46:f3:67:4e': {'first_seen': 1778945791.513644, 'last_seen': 1778945791.514543, 'seen_count': 2, 'channels': [], 'avg_rssi': None}, '3f:3d:55:dd:ec:04': {'first_seen': 1778945791.820633, 'last_seen': 1778945791.821689, 'seen_count': 2, 'channels': [], 'avg_rssi': None}, '55:7e:0a:85:4b:7b': {'first_seen': 1778945792.129765, 'last_seen': 1778945792.131072, 'seen_count': 2, 'channels': [], 'avg_rssi': None}, '35:57:a5:d0:5c:1d': {'first_seen': 1778945792.446666, 'last_seen': 1778945792.447716, 'seen_count': 2, 'channels': [], 'avg_rssi': None}, 'aa:9d:34:ca:d0:6f': {'first_seen': 1778945792.756447, 'last_seen': 1778945792.75748, 'seen_count': 2, 'channels': [], 'avg_rssi': None}, 'd4:2c:8c:b9:6c:fc': {'first_seen': 1778945793.067126, 'last_seen': 1778945793.068254, 'seen_count': 2, 'channels': [], 'avg_rssi': None}, '8d:99:a8:01:2b:83': {'first_seen': 1778945793.384564, 'last_seen': 1778945793.385646, 'seen_count': 2, 'channels': [], 'avg_rssi': None}, 'fd:b0:3b:90:97:f4': {'first_seen': 1778945793.704418, 'last_seen': 1778945793.70553, 'seen_count': 2, 'channels': [], 'avg_rssi': None}, '91:5c:0c:f4:36:a2': {'first_seen': 1778945794.0155, 'last_seen': 1778945794.016678, 'seen_count': 2, 'channels': [], 'avg_rssi': None}, '35:01:43:9b:42:94': {'first_seen': 1778945794.331162, 'last_seen': 1778945794.332446, 'seen_count': 2, 'channels': [], 'avg_rssi': None}, 'd3:17:ad:fc:6e:8f': {'first_seen': 1778945794.636324, 'last_seen': 1778945794.637701, 'seen_count': 2, 'channels': [], 'avg_rssi': None}, '92:de:fa:cf:a8:e7': {'first_seen': 1778945794.953557, 'last_seen': 1778945794.954715, 'seen_count': 2, 'channels': [], 'avg_rssi': None}, '4b:1a:18:42:4a:8d': {'first_seen': 1778945795.268762, 'last_seen': 1778945795.269873, 'seen_count': 2, 'channels': [], 'avg_rssi': None}, '90:bb:18:5b:c8:e1': {'first_seen': 1778945795.584998, 'last_seen': 1778945795.592506, 'seen_count': 2, 'channels': [], 'avg_rssi': None}, '11:7b:a0:9c:28:be': {'first_seen': 1778945795.89943, 'last_seen': 1778945795.900518, 'seen_count': 2, 'channels': [], 'avg_rssi': None}, 'd3:8e:51:ee:12:0d': {'first_seen': 1778945796.215337, 'last_seen': 1778945796.217411, 'seen_count': 2, 'channels': [], 'avg_rssi': None}, '98:4d:55:eb:38:03': {'first_seen': 1778945796.52478, 'last_seen': 1778945796.525677, 'seen_count': 2, 'channels': [], 'avg_rssi': None}, '1b:0f:38:ef:a7:29': {'first_seen': 1778945796.836885, 'last_seen': 1778945796.837825, 'seen_count': 2, 'channels': [], 'avg_rssi': None}, '26:2b:1a:de:d7:7b': {'first_seen': 1778945797.14581, 'last_seen': 1778945797.14684, 'seen_count': 2, 'channels': [], 'avg_rssi': None}, 'af:53:4c:25:8f:77': {'first_seen': 1778945797.462443, 'last_seen': 1778945797.463477, 'seen_count': 2, 'channels': [], 'avg_rssi': None}, 'e9:a1:97:dc:ab:2a': {'first_seen': 1778945797.777059, 'last_seen': 1778945797.77824, 'seen_count': 2, 'channels': [], 'avg_rssi': None}, 'bb:f3:f1:f1:9d:a3': {'first_seen': 1778945798.086209, 'last_seen': 1778945798.087261, 'seen_count': 2, 'channels': [], 'avg_rssi': None}, 'd4:6e:51:51:aa:d5': {'first_seen': 1778945798.393862, 'last_seen': 1778945798.395029, 'seen_count': 2, 'channels': [], 'avg_rssi': None}, '2f:a9:cd:b7:c1:87': {'first_seen': 1778945798.707062, 'last_seen': 1778945798.708162, 'seen_count': 2, 'channels': [], 'avg_rssi': None}, 'b3:2d:e9:3f:3e:dc': {'first_seen': 1778945799.022812, 'last_seen': 1778945799.023937, 'seen_count': 2, 'channels': [], 'avg_rssi': None}, '58:f5:bd:c4:15:dc': {'first_seen': 1778945799.328949, 'last_seen': 1778945799.329827, 'seen_count': 2, 'channels': [], 'avg_rssi': None}, 'd0:05:e8:85:2a:af': {'first_seen': 1778945799.63937, 'last_seen': 1778945799.640338, 'seen_count': 2, 'channels': [], 'avg_rssi': None}, 'dc:2a:7f:5b:dc:86': {'first_seen': 1778945799.944254, 'last_seen': 1778945799.945357, 'seen_count': 2, 'channels': [], 'avg_rssi': None}, '7c:8a:9b:b3:10:af': {'first_seen': 1778945800.254682, 'last_seen': 1778945800.25562, 'seen_count': 2, 'channels': [], 'avg_rssi': None}, 'e5:d2:c5:3c:ed:ca': {'first_seen': 1778945800.562685, 'last_seen': 1778945800.563508, 'seen_count': 2, 'channels': [], 'avg_rssi': None}, 'f7:b1:2c:e0:65:be': {'first_seen': 1778945800.889204, 'last_seen': 1778945800.890402, 'seen_count': 2, 'channels': [], 'avg_rssi': None}, 'b5:2f:d6:f3:91:d9': {'first_seen': 1778945801.196513, 'last_seen': 1778945801.197667, 'seen_count': 2, 'channels': [], 'avg_rssi': None}, 'ae:bd:5f:e6:6d:ef': {'first_seen': 1778945801.505657, 'last_seen': 1778945801.506558, 'seen_count': 2, 'channels': [], 'avg_rssi': None}, '64:6d:44:f5:57:9a': {'first_seen': 1778945801.814045, 'last_seen': 1778945801.815213, 'seen_count': 2, 'channels': [], 'avg_rssi': None}, '4f:ce:4f:db:85:9b': {'first_seen': 1778945802.121032, 'last_seen': 1778945802.121966, 'seen_count': 2, 'channels': [], 'avg_rssi': None}, '60:bd:0a:d7:42:b6': {'first_seen': 1778945802.429141, 'last_seen': 1778945802.430358, 'seen_count': 2, 'channels': [], 'avg_rssi': None}, '10:d6:7b:91:b2:7e': {'first_seen': 1778945802.747069, 'last_seen': 1778945802.748133, 'seen_count': 2, 'channels': [], 'avg_rssi': None}, '90:93:d0:a8:fb:99': {'first_seen': 1778945803.066978, 'last_seen': 1778945803.067907, 'seen_count': 2, 'channels': [], 'avg_rssi': None}, '43:13:ad:77:cb:99': {'first_seen': 1778945803.380168, 'last_seen': 1778945803.381282, 'seen_count': 2, 'channels': [], 'avg_rssi': None}, '78:be:86:9a:40:23': {'first_seen': 1778945803.693126, 'last_seen': 1778945803.694047, 'seen_count': 2, 'channels': [], 'avg_rssi': None}, '0d:90:68:fb:80:b3': {'first_seen': 1778945804.000379, 'last_seen': 1778945804.001312, 'seen_count': 2, 'channels': [], 'avg_rssi': None}, 'cf:76:b4:78:91:26': {'first_seen': 1778945804.31848, 'last_seen': 1778945804.319455, 'seen_count': 2, 'channels': [], 'avg_rssi': None}, '7f:75:a8:e8:73:fa': {'first_seen': 1778945804.641505, 'last_seen': 1778945804.642722, 'seen_count': 2, 'channels': [], 'avg_rssi': None}, 'a7:a6:20:88:6d:70': {'first_seen': 1778945804.955571, 'last_seen': 1778945804.956499, 'seen_count': 2, 'channels': [], 'avg_rssi': None}, '16:d4:ae:16:18:10': {'first_seen': 1778945805.267424, 'last_seen': 1778945805.271023, 'seen_count': 2, 'channels': [], 'avg_rssi': None}, 'ae:6b:b9:11:58:fa': {'first_seen': 1778945805.581596, 'last_seen': 1778945805.582663, 'seen_count': 2, 'channels': [], 'avg_rssi': None}, '2f:0b:37:16:80:a3': {'first_seen': 1778945805.895306, 'last_seen': 1778945805.89616, 'seen_count': 2, 'channels': [], 'avg_rssi': None}, '24:a3:03:6f:43:ab': {'first_seen': 1778945806.204792, 'last_seen': 1778945806.205928, 'seen_count': 2, 'channels': [], 'avg_rssi': None}, '25:62:36:01:ae:91': {'first_seen': 1778945806.519134, 'last_seen': 1778945806.520319, 'seen_count': 2, 'channels': [], 'avg_rssi': None}, 'a3:4f:9e:dd:9e:b6': {'first_seen': 1778945806.833967, 'last_seen': 1778945806.835335, 'seen_count': 2, 'channels': [], 'avg_rssi': None}, 'fe:12:31:b7:08:82': {'first_seen': 1778945807.155352, 'last_seen': 1778945807.15661, 'seen_count': 2, 'channels': [], 'avg_rssi': None}, '1a:fe:41:a0:36:7f': {'first_seen': 1778945807.466888, 'last_seen': 1778945807.470495, 'seen_count': 2, 'channels': [], 'avg_rssi': None}, 'c5:34:89:3a:80:c4': {'first_seen': 1778945807.779598, 'last_seen': 1778945807.780632, 'seen_count': 2, 'channels': [], 'avg_rssi': None}, '0a:d5:cc:4a:e3:ee': {'first_seen': 1778945808.097727, 'last_seen': 1778945808.09878, 'seen_count': 2, 'channels': [], 'avg_rssi': None}, 'fd:ec:c7:7d:b0:b5': {'first_seen': 1778945808.403553, 'last_seen': 1778945808.404666, 'seen_count': 2, 'channels': [], 'avg_rssi': None}, 'b5:8e:19:10:4a:c6': {'first_seen': 1778945808.718263, 'last_seen': 1778945808.719183, 'seen_count': 2, 'channels': [], 'avg_rssi': None}, 'f2:36:77:1b:a4:28': {'first_seen': 1778945809.02877, 'last_seen': 1778945809.0297, 'seen_count': 2, 'channels': [], 'avg_rssi': None}, '30:94:e0:bd:5e:a0': {'first_seen': 1778945809.341257, 'last_seen': 1778945809.342348, 'seen_count': 2, 'channels': [], 'avg_rssi': None}, '79:3c:ed:5a:22:86': {'first_seen': 1778945809.644768, 'last_seen': 1778945809.646736, 'seen_count': 2, 'channels': [], 'avg_rssi': None}, 'c4:63:43:b7:a5:49': {'first_seen': 1778945810.268488, 'last_seen': 1778945810.270261, 'seen_count': 2, 'channels': [], 'avg_rssi': None}, '3a:ec:54:e2:fc:b8': {'first_seen': 1778945810.580948, 'last_seen': 1778945810.582032, 'seen_count': 2, 'channels': [], 'avg_rssi': None}, '2e:82:d2:56:52:3a': {'first_seen': 1778945810.888606, 'last_seen': 1778945810.889675, 'seen_count': 2, 'channels': [], 'avg_rssi': None}, 'ea:df:23:22:b6:9b': {'first_seen': 1778945811.198309, 'last_seen': 1778945811.198309, 'seen_count': 1, 'channels': [], 'avg_rssi': None}, '8b:a2:9c:b1:ea:fc': {'first_seen': 1778945811.506887, 'last_seen': 1778945811.506887, 'seen_count': 1, 'channels': [], 'avg_rssi': None}, '75:5b:67:f3:81:40': {'first_seen': 1778945811.822438, 'last_seen': 1778945811.823595, 'seen_count': 2, 'channels': [], 'avg_rssi': None}, 'd0:4a:81:f1:ac:3c': {'first_seen': 1778945812.127943, 'last_seen': 1778945812.128985, 'seen_count': 2, 'channels': [], 'avg_rssi': None}, '2d:a5:89:54:56:9c': {'first_seen': 1778945812.441973, 'last_seen': 1778945812.444251, 'seen_count': 2, 'channels': [], 'avg_rssi': None}, 'c5:d0:ae:a2:92:2e': {'first_seen': 1778945812.75079, 'last_seen': 1778945812.752017, 'seen_count': 2, 'channels': [], 'avg_rssi': None}, '16:99:af:b3:f1:b9': {'first_seen': 1778945813.058583, 'last_seen': 1778945813.059534, 'seen_count': 2, 'channels': [], 'avg_rssi': None}, 'a3:c1:89:34:ed:63': {'first_seen': 1778945813.370842, 'last_seen': 1778945813.371801, 'seen_count': 2, 'channels': [], 'avg_rssi': None}, 'f4:73:ad:ee:24:ae': {'first_seen': 1778945813.677199, 'last_seen': 1778945813.678315, 'seen_count': 2, 'channels': [], 'avg_rssi': None}, '75:88:39:d8:6a:0c': {'first_seen': 1778945813.986677, 'last_seen': 1778945813.98758, 'seen_count': 2, 'channels': [], 'avg_rssi': None}, 'db:16:37:e4:b2:37': {'first_seen': 1778945814.293228, 'last_seen': 1778945814.294347, 'seen_count': 2, 'channels': [], 'avg_rssi': None}, 'c0:b5:22:08:68:cd': {'first_seen': 1778945814.608311, 'last_seen': 1778945814.609237, 'seen_count': 2, 'channels': [], 'avg_rssi': None}, 'e5:63:97:15:ff:a6': {'first_seen': 1778945814.917919, 'last_seen': 1778945814.919002, 'seen_count': 2, 'channels': [], 'avg_rssi': None}, 'e3:25:29:3e:cf:84': {'first_seen': 1778945815.225854, 'last_seen': 1778945815.226769, 'seen_count': 2, 'channels': [], 'avg_rssi': None}, '6e:a1:cb:37:df:1a': {'first_seen': 1778945815.537544, 'last_seen': 1778945815.53841, 'seen_count': 2, 'channels': [], 'avg_rssi': None}, 'b7:cf:5e:8d:46:8e': {'first_seen': 1778945815.841571, 'last_seen': 1778945815.842427, 'seen_count': 2, 'channels': [], 'avg_rssi': None}, '13:a4:60:d1:06:d0': {'first_seen': 1778945816.151797, 'last_seen': 1778945816.154194, 'seen_count': 2, 'channels': [], 'avg_rssi': None}, 'e0:cc:ef:0c:cc:e2': {'first_seen': 1778945816.463964, 'last_seen': 1778945816.465084, 'seen_count': 2, 'channels': [], 'avg_rssi': None}, '4b:2c:31:c7:8c:30': {'first_seen': 1778945816.768968, 'last_seen': 1778945816.769863, 'seen_count': 2, 'channels': [], 'avg_rssi': None}, '06:f8:2d:cb:f8:d4': {'first_seen': 1778945817.078355, 'last_seen': 1778945817.079495, 'seen_count': 2, 'channels': [], 'avg_rssi': None}, 'ab:4b:cf:6f:c4:39': {'first_seen': 1778945817.383881, 'last_seen': 1778945817.385006, 'seen_count': 2, 'channels': [], 'avg_rssi': None}, 'ea:4b:17:38:e0:53': {'first_seen': 1778945817.690593, 'last_seen': 1778945817.691521, 'seen_count': 2, 'channels': [], 'avg_rssi': None}, '20:8d:21:7e:3b:3d': {'first_seen': 1778945818.004768, 'last_seen': 1778945818.005914, 'seen_count': 2, 'channels': [], 'avg_rssi': None}, 'c5:ec:12:64:f8:77': {'first_seen': 1778945818.318093, 'last_seen': 1778945818.319053, 'seen_count': 2, 'channels': [], 'avg_rssi': None}, 'a4:46:0e:25:68:7d': {'first_seen': 1778945818.631389, 'last_seen': 1778945818.632456, 'seen_count': 2, 'channels': [], 'avg_rssi': None}, '2d:b8:5f:9f:10:f0': {'first_seen': 1778945818.941253, 'last_seen': 1778945818.942086, 'seen_count': 2, 'channels': [], 'avg_rssi': None}, 'a6:7e:bc:02:d5:19': {'first_seen': 1778945819.256994, 'last_seen': 1778945819.258102, 'seen_count': 2, 'channels': [], 'avg_rssi': None}, '48:54:34:e5:3f:e2': {'first_seen': 1778945819.569628, 'last_seen': 1778945819.570744, 'seen_count': 2, 'channels': [], 'avg_rssi': None}, '89:ec:d4:bf:a9:f1': {'first_seen': 1778945819.889112, 'last_seen': 1778945819.890012, 'seen_count': 2, 'channels': [], 'avg_rssi': None}, 'a7:3a:14:1f:23:f1': {'first_seen': 1778945820.208314, 'last_seen': 1778945820.209152, 'seen_count': 2, 'channels': [], 'avg_rssi': None}, '16:c8:e0:af:38:de': {'first_seen': 1778945820.520124, 'last_seen': 1778945820.521043, 'seen_count': 2, 'channels': [], 'avg_rssi': None}, '02:f8:35:15:84:dd': {'first_seen': 1778945820.825919, 'last_seen': 1778945820.825919, 'seen_count': 1, 'channels': [], 'avg_rssi': None}}}
!!!!!!!!!!!!!!!!!!!!!!!!!!!!!!!!!!!!!!!!!!!!!!!!!!!!!!!!!!!!!!!!!!!!!!!!!!!!!!!!


!!!!!!!!!!!!!!!!!!!!!!!!!!!!!!!!!!!!!!!!!!!!!!!!!!!!!!!!!!!!!!!!!!!!!!!!!!!!!!!!
[ALERT] ALERT-000100 | POTENTIAL_EVIL_TWIN
severity: LOW
time: 2026-05-16T15:37:00.836032
message: Wykryto potencjalny Evil Twin / Rogue AP dla SSID 'TestNet_026'. Zaobserwowano 98 różnych BSSID oraz podejrzane różnice parametrów sieci.
evidence: {'ssid': 'TestNet_026', 'bssid_count': 98, 'bssids': ['ad:1f:d3:5d:00:8c', '9b:4d:a1:c4:87:47', 'a6:ff:2e:f5:95:76', 'a0:3d:d7:80:8e:e4', '7f:43:d1:b4:5f:8a', '8e:d3:cd:26:60:af', 'd5:06:5b:30:74:3b', '81:a8:b9:26:3c:f3', '0f:28:6e:c8:a6:4c', 'f8:1c:60:71:96:8f', '33:0d:ea:fa:9d:13', 'ed:d3:cb:c9:7a:16', '42:76:ac:ec:ec:fc', 'cf:e6:84:56:d3:42', '0d:9e:2c:3c:cc:0d', 'a8:7c:dd:b9:2e:70', 'b2:ea:76:a4:df:45', '22:c4:ec:43:f0:d3', '3c:3c:e5:ea:d3:6b', '18:e3:00:aa:64:9e', 'cb:ec:5c:c0:f5:f3', 'cf:63:03:a3:0d:ca', 'b7:2a:65:1d:57:9c', '6c:7c:60:11:2c:80', '76:e7:54:30:04:c6', '36:15:b1:ab:55:42', '13:88:5c:2a:ab:cb', '7e:82:5e:50:60:0c', '71:29:ea:1b:ef:67', 'd6:ad:0e:da:20:1b', '69:5a:1e:d7:e7:c6', '1c:d6:34:90:b0:66', 'b5:c2:c0:25:c1:57', '03:0f:04:70:a9:76', 'aa:b6:fa:02:d2:61', '9f:82:08:78:1a:da', 'c9:fc:33:08:a4:65', '0b:dc:11:c4:37:63', '0f:c3:a0:6d:4d:d8', '12:b1:e0:62:df:5b', '62:dd:26:d7:f1:89', '1b:c8:cd:27:41:ce', '20:15:c6:a9:89:16', '13:02:34:09:4c:f7', 'c1:dc:19:c4:c6:ca', 'a5:06:0d:8f:42:11', '79:54:55:11:09:a1', 'dc:71:9e:08:cf:ed', '84:07:b1:e1:5e:3d', '3e:e1:7e:94:6c:66', 'c5:26:2a:0c:5b:c0', '42:95:85:85:c2:63', 'a1:c1:39:d5:01:fb', 'f8:50:b3:44:47:fb', '66:33:41:af:ec:58', '71:70:67:c2:cc:67', 'e2:d8:50:60:0c:de', '72:ca:f3:57:6b:55', '2b:00:2c:0d:56:60', '90:b9:97:69:52:6e', '88:10:9d:57:8b:d3', '49:72:70:b9:60:44', 'dc:e9:77:d7:eb:5d', '2e:b0:51:15:b4:32', '98:9d:4a:77:4d:8c', 'd0:43:97:3d:cd:1f', '54:43:1d:7f:74:09', '28:33:9a:3d:85:fd', '59:9f:d9:0a:07:2c', '53:9a:67:f6:ad:b5', 'd0:58:01:71:73:fe', 'bf:d7:1d:62:a7:a2', 'ad:67:ac:79:b1:82', 'f7:f3:ed:10:7f:f2', '78:f3:7b:4f:03:ae', 'a9:9e:f5:6b:22:e6', 'd7:fc:81:f0:0e:18', 'd2:03:26:ae:27:54', 'e5:31:d2:8f:71:3a', '24:ee:b1:bb:b1:36', '4c:ed:43:12:00:90', '43:8b:28:20:51:ca', '7d:c1:76:c4:1a:a4', 'ab:d0:8c:8e:28:ab', '07:9b:e3:7e:a5:c7', '14:60:c3:5a:d3:ef', '57:dd:64:41:62:36', '88:9e:0c:4f:f8:13', 'c4:59:8f:bd:28:74', '61:ef:47:db:71:8e', 'af:f1:cf:97:97:2b', 'e0:ac:7f:68:c5:64', 'c7:a0:71:09:23:bb', '65:56:55:48:88:53', 'f2:6c:a9:41:67:d4', 'ed:ab:36:95:73:0a', '96:d5:6a:30:e6:c1', 'f9:30:5b:3d:a3:f0'], 'triggered_reasons': ['same_ssid_multiple_bssid'], 'observations': {'ad:1f:d3:5d:00:8c': {'first_seen': 1778945790.291169, 'last_seen': 1778945790.292235, 'seen_count': 2, 'channels': [], 'avg_rssi': None}, '9b:4d:a1:c4:87:47': {'first_seen': 1778945790.599153, 'last_seen': 1778945790.600119, 'seen_count': 2, 'channels': [], 'avg_rssi': None}, 'a6:ff:2e:f5:95:76': {'first_seen': 1778945790.906783, 'last_seen': 1778945790.908017, 'seen_count': 2, 'channels': [], 'avg_rssi': None}, 'a0:3d:d7:80:8e:e4': {'first_seen': 1778945791.21747, 'last_seen': 1778945791.219042, 'seen_count': 2, 'channels': [], 'avg_rssi': None}, '7f:43:d1:b4:5f:8a': {'first_seen': 1778945791.523757, 'last_seen': 1778945791.524917, 'seen_count': 2, 'channels': [], 'avg_rssi': None}, '8e:d3:cd:26:60:af': {'first_seen': 1778945791.830727, 'last_seen': 1778945791.831559, 'seen_count': 2, 'channels': [], 'avg_rssi': None}, 'd5:06:5b:30:74:3b': {'first_seen': 1778945792.139891, 'last_seen': 1778945792.141074, 'seen_count': 2, 'channels': [], 'avg_rssi': None}, '81:a8:b9:26:3c:f3': {'first_seen': 1778945792.456725, 'last_seen': 1778945792.457719, 'seen_count': 2, 'channels': [], 'avg_rssi': None}, '0f:28:6e:c8:a6:4c': {'first_seen': 1778945792.766544, 'last_seen': 1778945792.767605, 'seen_count': 2, 'channels': [], 'avg_rssi': None}, 'f8:1c:60:71:96:8f': {'first_seen': 1778945793.077234, 'last_seen': 1778945793.078372, 'seen_count': 2, 'channels': [], 'avg_rssi': None}, '33:0d:ea:fa:9d:13': {'first_seen': 1778945793.394656, 'last_seen': 1778945793.395638, 'seen_count': 2, 'channels': [], 'avg_rssi': None}, 'ed:d3:cb:c9:7a:16': {'first_seen': 1778945793.714563, 'last_seen': 1778945793.71566, 'seen_count': 2, 'channels': [], 'avg_rssi': None}, '42:76:ac:ec:ec:fc': {'first_seen': 1778945794.025602, 'last_seen': 1778945794.026421, 'seen_count': 2, 'channels': [], 'avg_rssi': None}, 'cf:e6:84:56:d3:42': {'first_seen': 1778945794.341285, 'last_seen': 1778945794.342445, 'seen_count': 2, 'channels': [], 'avg_rssi': None}, '0d:9e:2c:3c:cc:0d': {'first_seen': 1778945794.649149, 'last_seen': 1778945794.650203, 'seen_count': 2, 'channels': [], 'avg_rssi': None}, 'a8:7c:dd:b9:2e:70': {'first_seen': 1778945794.963649, 'last_seen': 1778945794.964721, 'seen_count': 2, 'channels': [], 'avg_rssi': None}, 'b2:ea:76:a4:df:45': {'first_seen': 1778945795.278884, 'last_seen': 1778945795.279999, 'seen_count': 2, 'channels': [], 'avg_rssi': None}, '22:c4:ec:43:f0:d3': {'first_seen': 1778945795.595092, 'last_seen': 1778945795.596128, 'seen_count': 2, 'channels': [], 'avg_rssi': None}, '3c:3c:e5:ea:d3:6b': {'first_seen': 1778945795.909519, 'last_seen': 1778945795.910663, 'seen_count': 2, 'channels': [], 'avg_rssi': None}, '18:e3:00:aa:64:9e': {'first_seen': 1778945796.225444, 'last_seen': 1778945796.226292, 'seen_count': 2, 'channels': [], 'avg_rssi': None}, 'cb:ec:5c:c0:f5:f3': {'first_seen': 1778945796.534894, 'last_seen': 1778945796.535802, 'seen_count': 2, 'channels': [], 'avg_rssi': None}, 'cf:63:03:a3:0d:ca': {'first_seen': 1778945796.847022, 'last_seen': 1778945796.84795, 'seen_count': 2, 'channels': [], 'avg_rssi': None}, 'b7:2a:65:1d:57:9c': {'first_seen': 1778945797.155896, 'last_seen': 1778945797.156833, 'seen_count': 2, 'channels': [], 'avg_rssi': None}, '6c:7c:60:11:2c:80': {'first_seen': 1778945797.472538, 'last_seen': 1778945797.47598, 'seen_count': 2, 'channels': [], 'avg_rssi': None}, '76:e7:54:30:04:c6': {'first_seen': 1778945797.787207, 'last_seen': 1778945797.78825, 'seen_count': 2, 'channels': [], 'avg_rssi': None}, '36:15:b1:ab:55:42': {'first_seen': 1778945798.096336, 'last_seen': 1778945798.097391, 'seen_count': 2, 'channels': [], 'avg_rssi': None}, '13:88:5c:2a:ab:cb': {'first_seen': 1778945798.403992, 'last_seen': 1778945798.405155, 'seen_count': 2, 'channels': [], 'avg_rssi': None}, '7e:82:5e:50:60:0c': {'first_seen': 1778945798.717172, 'last_seen': 1778945798.718164, 'seen_count': 2, 'channels': [], 'avg_rssi': None}, '71:29:ea:1b:ef:67': {'first_seen': 1778945799.03295, 'last_seen': 1778945799.034071, 'seen_count': 2, 'channels': [], 'avg_rssi': None}, 'd6:ad:0e:da:20:1b': {'first_seen': 1778945799.342695, 'last_seen': 1778945799.343699, 'seen_count': 2, 'channels': [], 'avg_rssi': None}, '69:5a:1e:d7:e7:c6': {'first_seen': 1778945799.649468, 'last_seen': 1778945799.650587, 'seen_count': 2, 'channels': [], 'avg_rssi': None}, '1c:d6:34:90:b0:66': {'first_seen': 1778945799.954294, 'last_seen': 1778945799.955606, 'seen_count': 2, 'channels': [], 'avg_rssi': None}, 'b5:c2:c0:25:c1:57': {'first_seen': 1778945800.264793, 'last_seen': 1778945800.265997, 'seen_count': 2, 'channels': [], 'avg_rssi': None}, '03:0f:04:70:a9:76': {'first_seen': 1778945800.572789, 'last_seen': 1778945800.57403, 'seen_count': 2, 'channels': [], 'avg_rssi': None}, 'aa:b6:fa:02:d2:61': {'first_seen': 1778945800.899298, 'last_seen': 1778945800.900151, 'seen_count': 2, 'channels': [], 'avg_rssi': None}, '9f:82:08:78:1a:da': {'first_seen': 1778945801.206614, 'last_seen': 1778945801.207543, 'seen_count': 2, 'channels': [], 'avg_rssi': None}, 'c9:fc:33:08:a4:65': {'first_seen': 1778945801.515779, 'last_seen': 1778945801.516684, 'seen_count': 2, 'channels': [], 'avg_rssi': None}, '0b:dc:11:c4:37:63': {'first_seen': 1778945801.824163, 'last_seen': 1778945801.825084, 'seen_count': 2, 'channels': [], 'avg_rssi': None}, '0f:c3:a0:6d:4d:d8': {'first_seen': 1778945802.131157, 'last_seen': 1778945802.132099, 'seen_count': 2, 'channels': [], 'avg_rssi': None}, '12:b1:e0:62:df:5b': {'first_seen': 1778945802.441707, 'last_seen': 1778945802.442857, 'seen_count': 2, 'channels': [], 'avg_rssi': None}, '62:dd:26:d7:f1:89': {'first_seen': 1778945802.75722, 'last_seen': 1778945802.759622, 'seen_count': 2, 'channels': [], 'avg_rssi': None}, '1b:c8:cd:27:41:ce': {'first_seen': 1778945803.077079, 'last_seen': 1778945803.078265, 'seen_count': 2, 'channels': [], 'avg_rssi': None}, '20:15:c6:a9:89:16': {'first_seen': 1778945803.390275, 'last_seen': 1778945803.391282, 'seen_count': 2, 'channels': [], 'avg_rssi': None}, '13:02:34:09:4c:f7': {'first_seen': 1778945803.70322, 'last_seen': 1778945803.704172, 'seen_count': 2, 'channels': [], 'avg_rssi': None}, 'c1:dc:19:c4:c6:ca': {'first_seen': 1778945804.010484, 'last_seen': 1778945804.011691, 'seen_count': 2, 'channels': [], 'avg_rssi': None}, 'a5:06:0d:8f:42:11': {'first_seen': 1778945804.328581, 'last_seen': 1778945804.329705, 'seen_count': 2, 'channels': [], 'avg_rssi': None}, '79:54:55:11:09:a1': {'first_seen': 1778945804.651739, 'last_seen': 1778945804.65285, 'seen_count': 2, 'channels': [], 'avg_rssi': None}, 'dc:71:9e:08:cf:ed': {'first_seen': 1778945804.965955, 'last_seen': 1778945804.966862, 'seen_count': 2, 'channels': [], 'avg_rssi': None}, '84:07:b1:e1:5e:3d': {'first_seen': 1778945805.277521, 'last_seen': 1778945805.278516, 'seen_count': 2, 'channels': [], 'avg_rssi': None}, '3e:e1:7e:94:6c:66': {'first_seen': 1778945805.59171, 'last_seen': 1778945805.592782, 'seen_count': 2, 'channels': [], 'avg_rssi': None}, 'c5:26:2a:0c:5b:c0': {'first_seen': 1778945805.905441, 'last_seen': 1778945805.906663, 'seen_count': 2, 'channels': [], 'avg_rssi': None}, '42:95:85:85:c2:63': {'first_seen': 1778945806.216043, 'last_seen': 1778945806.216927, 'seen_count': 2, 'channels': [], 'avg_rssi': None}, 'a1:c1:39:d5:01:fb': {'first_seen': 1778945806.529226, 'last_seen': 1778945806.53032, 'seen_count': 2, 'channels': [], 'avg_rssi': None}, 'f8:50:b3:44:47:fb': {'first_seen': 1778945806.844075, 'last_seen': 1778945806.845222, 'seen_count': 2, 'channels': [], 'avg_rssi': None}, '66:33:41:af:ec:58': {'first_seen': 1778945807.165455, 'last_seen': 1778945807.166477, 'seen_count': 2, 'channels': [], 'avg_rssi': None}, '71:70:67:c2:cc:67': {'first_seen': 1778945807.476947, 'last_seen': 1778945807.477873, 'seen_count': 2, 'channels': [], 'avg_rssi': None}, 'e2:d8:50:60:0c:de': {'first_seen': 1778945807.789694, 'last_seen': 1778945807.790666, 'seen_count': 2, 'channels': [], 'avg_rssi': None}, '72:ca:f3:57:6b:55': {'first_seen': 1778945808.107823, 'last_seen': 1778945808.109028, 'seen_count': 2, 'channels': [], 'avg_rssi': None}, '2b:00:2c:0d:56:60': {'first_seen': 1778945808.413645, 'last_seen': 1778945808.414542, 'seen_count': 2, 'channels': [], 'avg_rssi': None}, '90:b9:97:69:52:6e': {'first_seen': 1778945808.728367, 'last_seen': 1778945808.729559, 'seen_count': 2, 'channels': [], 'avg_rssi': None}, '88:10:9d:57:8b:d3': {'first_seen': 1778945809.040827, 'last_seen': 1778945809.04195, 'seen_count': 2, 'channels': [], 'avg_rssi': None}, '49:72:70:b9:60:44': {'first_seen': 1778945809.351356, 'last_seen': 1778945809.35234, 'seen_count': 2, 'channels': [], 'avg_rssi': None}, 'dc:e9:77:d7:eb:5d': {'first_seen': 1778945809.654886, 'last_seen': 1778945809.655999, 'seen_count': 2, 'channels': [], 'avg_rssi': None}, '2e:b0:51:15:b4:32': {'first_seen': 1778945809.970669, 'last_seen': 1778945809.970669, 'seen_count': 1, 'channels': [], 'avg_rssi': None}, '98:9d:4a:77:4d:8c': {'first_seen': 1778945810.278583, 'last_seen': 1778945810.279638, 'seen_count': 2, 'channels': [], 'avg_rssi': None}, 'd0:43:97:3d:cd:1f': {'first_seen': 1778945810.591042, 'last_seen': 1778945810.592154, 'seen_count': 2, 'channels': [], 'avg_rssi': None}, '54:43:1d:7f:74:09': {'first_seen': 1778945810.898699, 'last_seen': 1778945810.906921, 'seen_count': 2, 'channels': [], 'avg_rssi': None}, '28:33:9a:3d:85:fd': {'first_seen': 1778945811.516995, 'last_seen': 1778945811.518204, 'seen_count': 2, 'channels': [], 'avg_rssi': None}, '59:9f:d9:0a:07:2c': {'first_seen': 1778945811.832529, 'last_seen': 1778945811.834215, 'seen_count': 2, 'channels': [], 'avg_rssi': None}, '53:9a:67:f6:ad:b5': {'first_seen': 1778945812.138034, 'last_seen': 1778945812.139736, 'seen_count': 2, 'channels': [], 'avg_rssi': None}, 'd0:58:01:71:73:fe': {'first_seen': 1778945812.452069, 'last_seen': 1778945812.4535, 'seen_count': 2, 'channels': [], 'avg_rssi': None}, 'bf:d7:1d:62:a7:a2': {'first_seen': 1778945812.760889, 'last_seen': 1778945812.76202, 'seen_count': 2, 'channels': [], 'avg_rssi': None}, 'ad:67:ac:79:b1:82': {'first_seen': 1778945813.068679, 'last_seen': 1778945813.069783, 'seen_count': 2, 'channels': [], 'avg_rssi': None}, 'f7:f3:ed:10:7f:f2': {'first_seen': 1778945813.38094, 'last_seen': 1778945813.382051, 'seen_count': 2, 'channels': [], 'avg_rssi': None}, '78:f3:7b:4f:03:ae': {'first_seen': 1778945813.687291, 'last_seen': 1778945813.688315, 'seen_count': 2, 'channels': [], 'avg_rssi': None}, 'a9:9e:f5:6b:22:e6': {'first_seen': 1778945813.996845, 'last_seen': 1778945813.997959, 'seen_count': 2, 'channels': [], 'avg_rssi': None}, 'd7:fc:81:f0:0e:18': {'first_seen': 1778945814.303329, 'last_seen': 1778945814.304222, 'seen_count': 2, 'channels': [], 'avg_rssi': None}, 'd2:03:26:ae:27:54': {'first_seen': 1778945814.618426, 'last_seen': 1778945814.61974, 'seen_count': 2, 'channels': [], 'avg_rssi': None}, 'e5:31:d2:8f:71:3a': {'first_seen': 1778945814.928011, 'last_seen': 1778945814.929507, 'seen_count': 2, 'channels': [], 'avg_rssi': None}, '24:ee:b1:bb:b1:36': {'first_seen': 1778945815.235945, 'last_seen': 1778945815.237021, 'seen_count': 2, 'channels': [], 'avg_rssi': None}, '4c:ed:43:12:00:90': {'first_seen': 1778945815.547658, 'last_seen': 1778945815.548804, 'seen_count': 2, 'channels': [], 'avg_rssi': None}, '43:8b:28:20:51:ca': {'first_seen': 1778945815.851673, 'last_seen': 1778945815.852677, 'seen_count': 2, 'channels': [], 'avg_rssi': None}, '7d:c1:76:c4:1a:a4': {'first_seen': 1778945816.161896, 'last_seen': 1778945816.161896, 'seen_count': 1, 'channels': [], 'avg_rssi': None}, 'ab:d0:8c:8e:28:ab': {'first_seen': 1778945816.474063, 'last_seen': 1778945816.475457, 'seen_count': 2, 'channels': [], 'avg_rssi': None}, '07:9b:e3:7e:a5:c7': {'first_seen': 1778945816.782672, 'last_seen': 1778945816.783604, 'seen_count': 2, 'channels': [], 'avg_rssi': None}, '14:60:c3:5a:d3:ef': {'first_seen': 1778945817.088446, 'last_seen': 1778945817.090118, 'seen_count': 2, 'channels': [], 'avg_rssi': None}, '57:dd:64:41:62:36': {'first_seen': 1778945817.39399, 'last_seen': 1778945817.395145, 'seen_count': 2, 'channels': [], 'avg_rssi': None}, '88:9e:0c:4f:f8:13': {'first_seen': 1778945817.700684, 'last_seen': 1778945817.7019, 'seen_count': 2, 'channels': [], 'avg_rssi': None}, 'c4:59:8f:bd:28:74': {'first_seen': 1778945818.016976, 'last_seen': 1778945818.018666, 'seen_count': 2, 'channels': [], 'avg_rssi': None}, '61:ef:47:db:71:8e': {'first_seen': 1778945818.328197, 'last_seen': 1778945818.329062, 'seen_count': 2, 'channels': [], 'avg_rssi': None}, 'af:f1:cf:97:97:2b': {'first_seen': 1778945818.641532, 'last_seen': 1778945818.642579, 'seen_count': 2, 'channels': [], 'avg_rssi': None}, 'e0:ac:7f:68:c5:64': {'first_seen': 1778945818.951361, 'last_seen': 1778945818.952338, 'seen_count': 2, 'channels': [], 'avg_rssi': None}, 'c7:a0:71:09:23:bb': {'first_seen': 1778945819.267095, 'last_seen': 1778945819.268231, 'seen_count': 2, 'channels': [], 'avg_rssi': None}, '65:56:55:48:88:53': {'first_seen': 1778945819.580678, 'last_seen': 1778945819.58163, 'seen_count': 2, 'channels': [], 'avg_rssi': None}, 'f2:6c:a9:41:67:d4': {'first_seen': 1778945819.901134, 'last_seen': 1778945819.902259, 'seen_count': 2, 'channels': [], 'avg_rssi': None}, 'ed:ab:36:95:73:0a': {'first_seen': 1778945820.218418, 'last_seen': 1778945820.219403, 'seen_count': 2, 'channels': [], 'avg_rssi': None}, '96:d5:6a:30:e6:c1': {'first_seen': 1778945820.530221, 'last_seen': 1778945820.531046, 'seen_count': 2, 'channels': [], 'avg_rssi': None}, 'f9:30:5b:3d:a3:f0': {'first_seen': 1778945820.836032, 'last_seen': 1778945820.836032, 'seen_count': 1, 'channels': [], 'avg_rssi': None}}}
!!!!!!!!!!!!!!!!!!!!!!!!!!!!!!!!!!!!!!!!!!!!!!!!!!!!!!!!!!!!!!!!!!!!!!!!!!!!!!!!


!!!!!!!!!!!!!!!!!!!!!!!!!!!!!!!!!!!!!!!!!!!!!!!!!!!!!!!!!!!!!!!!!!!!!!!!!!!!!!!!
[ALERT] ALERT-000101 | POTENTIAL_EVIL_TWIN
severity: LOW
time: 2026-05-16T15:37:00.846122
message: Wykryto potencjalny Evil Twin / Rogue AP dla SSID 'TestNet_027'. Zaobserwowano 99 różnych BSSID oraz podejrzane różnice parametrów sieci.
evidence: {'ssid': 'TestNet_027', 'bssid_count': 99, 'bssids': ['47:57:b4:18:8c:ca', '41:91:f5:6c:7a:ce', 'c5:58:62:78:86:8a', '6e:77:34:2f:f6:d7', '38:7a:55:aa:d5:86', 'd2:68:d2:40:5a:cd', '19:7c:1e:1d:c5:11', '25:02:7b:8a:31:96', '4e:b0:8c:56:4b:ab', 'eb:98:4f:fc:f1:4b', '00:eb:da:39:66:e8', '38:d4:e1:58:ba:e9', '9d:a3:0c:ba:ac:81', '0f:89:18:e0:75:cb', '9b:d9:4c:b5:79:81', '1f:e3:2a:ed:e8:2c', 'c3:34:aa:6d:c7:5e', '29:9f:ec:06:0c:fd', '22:02:39:80:f8:f9', '5c:54:8f:a4:e4:dc', 'c2:c3:ab:ab:96:00', '32:d9:84:29:67:2a', '93:a9:59:38:16:11', 'ff:bd:f2:1b:28:5c', 'ad:4c:ad:ad:96:bb', '0a:dd:66:b4:68:6e', '5a:81:22:e2:0c:c1', 'f2:6b:26:4f:cd:ba', '87:a3:b4:0b:53:8b', 'd9:87:f1:c7:c5:e8', 'd6:11:7b:24:43:60', '85:df:da:71:f3:35', '8f:b2:43:53:14:4a', 'c2:03:b9:44:3e:67', 'b0:a3:00:c2:20:ab', '59:7f:85:b1:e4:2c', '60:71:e7:d3:6e:0b', '47:0f:60:ff:57:ee', '21:80:c3:58:1b:e3', '67:68:5d:99:79:15', '48:e6:66:53:2a:25', '56:7a:dc:b6:4d:02', '43:3b:6d:58:1f:f8', '56:aa:e0:5e:49:c7', '47:c7:d1:58:2e:fd', 'f3:43:b4:73:67:80', 'f5:db:1a:94:12:5b', 'dd:ae:41:b0:a8:49', '97:eb:8e:63:f2:10', '71:76:10:91:0b:82', '1a:63:8d:d8:cd:75', 'dd:69:72:59:e6:25', '31:e1:49:23:61:03', '49:e6:b5:48:70:10', 'a2:5e:e0:7d:93:04', '1f:95:8a:f5:e6:7e', '75:00:18:29:25:4c', '92:ec:24:7f:0e:69', '71:82:64:4e:fe:36', '91:9d:77:7e:c5:72', '1e:ab:42:b3:ba:0c', '66:c9:1d:6c:98:46', 'f7:34:26:d7:d5:c1', 'f4:4d:84:18:b2:1c', 'd2:23:b0:d5:ba:19', '40:fa:c4:23:7c:92', '3a:d5:cf:61:26:84', '4a:e0:95:39:89:05', 'fd:3e:a1:ed:08:f1', '9f:8a:22:05:31:ea', '02:55:b5:7d:3c:e3', 'a5:f2:75:f4:3a:fe', 'be:22:29:bd:ad:5a', '75:bf:35:92:29:94', 'e0:c8:4d:2b:8b:80', '4d:69:e1:e5:db:91', '93:a2:f9:9d:5b:f9', 'bb:1f:d3:d5:26:d4', '4c:d7:bf:36:70:46', 'e6:e8:68:bb:7b:3a', 'bf:5e:57:d6:92:9f', 'b6:14:ed:c2:dc:bc', '29:18:a3:b5:f8:1a', '8a:b0:73:2f:0d:40', 'a7:4f:8a:b8:62:71', '68:63:ab:f4:d4:80', 'ba:33:89:02:7b:6f', '36:5c:aa:3d:e7:9b', 'c1:11:02:bd:12:ea', '0e:ad:98:35:c9:dd', '72:82:93:4c:eb:07', 'c5:5c:bb:77:b4:3a', '84:04:30:ae:f5:e9', '2e:96:77:4d:0b:f9', '31:42:f0:c8:c2:11', 'f9:7a:1a:66:ef:30', '6f:78:f9:00:a3:f6', '7d:d5:4c:3e:f2:b1', 'bd:1e:03:6c:35:cc'], 'triggered_reasons': ['same_ssid_multiple_bssid'], 'observations': {'47:57:b4:18:8c:ca': {'first_seen': 1778945790.30129, 'last_seen': 1778945790.302234, 'seen_count': 2, 'channels': [], 'avg_rssi': None}, '41:91:f5:6c:7a:ce': {'first_seen': 1778945790.609265, 'last_seen': 1778945790.61037, 'seen_count': 2, 'channels': [], 'avg_rssi': None}, 'c5:58:62:78:86:8a': {'first_seen': 1778945790.91688, 'last_seen': 1778945790.918259, 'seen_count': 2, 'channels': [], 'avg_rssi': None}, '6e:77:34:2f:f6:d7': {'first_seen': 1778945791.228314, 'last_seen': 1778945791.229152, 'seen_count': 2, 'channels': [], 'avg_rssi': None}, '38:7a:55:aa:d5:86': {'first_seen': 1778945791.53392, 'last_seen': 1778945791.534924, 'seen_count': 2, 'channels': [], 'avg_rssi': None}, 'd2:68:d2:40:5a:cd': {'first_seen': 1778945791.840848, 'last_seen': 1778945791.841941, 'seen_count': 2, 'channels': [], 'avg_rssi': None}, '19:7c:1e:1d:c5:11': {'first_seen': 1778945792.150001, 'last_seen': 1778945792.151073, 'seen_count': 2, 'channels': [], 'avg_rssi': None}, '25:02:7b:8a:31:96': {'first_seen': 1778945792.466815, 'last_seen': 1778945792.467715, 'seen_count': 2, 'channels': [], 'avg_rssi': None}, '4e:b0:8c:56:4b:ab': {'first_seen': 1778945792.776661, 'last_seen': 1778945792.777739, 'seen_count': 2, 'channels': [], 'avg_rssi': None}, 'eb:98:4f:fc:f1:4b': {'first_seen': 1778945793.09069, 'last_seen': 1778945793.091873, 'seen_count': 2, 'channels': [], 'avg_rssi': None}, '00:eb:da:39:66:e8': {'first_seen': 1778945793.404847, 'last_seen': 1778945793.406014, 'seen_count': 2, 'channels': [], 'avg_rssi': None}, '38:d4:e1:58:ba:e9': {'first_seen': 1778945793.72467, 'last_seen': 1778945793.725531, 'seen_count': 2, 'channels': [], 'avg_rssi': None}, '9d:a3:0c:ba:ac:81': {'first_seen': 1778945794.038667, 'last_seen': 1778945794.039679, 'seen_count': 2, 'channels': [], 'avg_rssi': None}, '0f:89:18:e0:75:cb': {'first_seen': 1778945794.351375, 'last_seen': 1778945794.352564, 'seen_count': 2, 'channels': [], 'avg_rssi': None}, '9b:d9:4c:b5:79:81': {'first_seen': 1778945794.659243, 'last_seen': 1778945794.66008, 'seen_count': 2, 'channels': [], 'avg_rssi': None}, '1f:e3:2a:ed:e8:2c': {'first_seen': 1778945794.973751, 'last_seen': 1778945794.976845, 'seen_count': 2, 'channels': [], 'avg_rssi': None}, 'c3:34:aa:6d:c7:5e': {'first_seen': 1778945795.289006, 'last_seen': 1778945795.28999, 'seen_count': 2, 'channels': [], 'avg_rssi': None}, '29:9f:ec:06:0c:fd': {'first_seen': 1778945795.605206, 'last_seen': 1778945795.606386, 'seen_count': 2, 'channels': [], 'avg_rssi': None}, '22:02:39:80:f8:f9': {'first_seen': 1778945795.921824, 'last_seen': 1778945795.923019, 'seen_count': 2, 'channels': [], 'avg_rssi': None}, '5c:54:8f:a4:e4:dc': {'first_seen': 1778945796.235569, 'last_seen': 1778945796.236544, 'seen_count': 2, 'channels': [], 'avg_rssi': None}, 'c2:c3:ab:ab:96:00': {'first_seen': 1778945796.544998, 'last_seen': 1778945796.546053, 'seen_count': 2, 'channels': [], 'avg_rssi': None}, '32:d9:84:29:67:2a': {'first_seen': 1778945796.857144, 'last_seen': 1778945796.858326, 'seen_count': 2, 'channels': [], 'avg_rssi': None}, '93:a9:59:38:16:11': {'first_seen': 1778945797.165991, 'last_seen': 1778945797.167085, 'seen_count': 2, 'channels': [], 'avg_rssi': None}, 'ff:bd:f2:1b:28:5c': {'first_seen': 1778945797.482675, 'last_seen': 1778945797.483732, 'seen_count': 2, 'channels': [], 'avg_rssi': None}, 'ad:4c:ad:ad:96:bb': {'first_seen': 1778945797.797339, 'last_seen': 1778945797.798501, 'seen_count': 2, 'channels': [], 'avg_rssi': None}, '0a:dd:66:b4:68:6e': {'first_seen': 1778945798.106479, 'last_seen': 1778945798.107515, 'seen_count': 2, 'channels': [], 'avg_rssi': None}, '5a:81:22:e2:0c:c1': {'first_seen': 1778945798.414073, 'last_seen': 1778945798.415273, 'seen_count': 2, 'channels': [], 'avg_rssi': None}, 'f2:6b:26:4f:cd:ba': {'first_seen': 1778945798.727301, 'last_seen': 1778945798.728297, 'seen_count': 2, 'channels': [], 'avg_rssi': None}, '87:a3:b4:0b:53:8b': {'first_seen': 1778945799.043045, 'last_seen': 1778945799.04393, 'seen_count': 2, 'channels': [], 'avg_rssi': None}, 'd9:87:f1:c7:c5:e8': {'first_seen': 1778945799.352788, 'last_seen': 1778945799.353696, 'seen_count': 2, 'channels': [], 'avg_rssi': None}, 'd6:11:7b:24:43:60': {'first_seen': 1778945799.659561, 'last_seen': 1778945799.660464, 'seen_count': 2, 'channels': [], 'avg_rssi': None}, '85:df:da:71:f3:35': {'first_seen': 1778945799.964387, 'last_seen': 1778945799.965605, 'seen_count': 2, 'channels': [], 'avg_rssi': None}, '8f:b2:43:53:14:4a': {'first_seen': 1778945800.274888, 'last_seen': 1778945800.275995, 'seen_count': 2, 'channels': [], 'avg_rssi': None}, 'c2:03:b9:44:3e:67': {'first_seen': 1778945800.586679, 'last_seen': 1778945800.587641, 'seen_count': 2, 'channels': [], 'avg_rssi': None}, 'b0:a3:00:c2:20:ab': {'first_seen': 1778945800.909389, 'last_seen': 1778945800.910404, 'seen_count': 2, 'channels': [], 'avg_rssi': None}, '59:7f:85:b1:e4:2c': {'first_seen': 1778945801.216737, 'last_seen': 1778945801.217924, 'seen_count': 2, 'channels': [], 'avg_rssi': None}, '60:71:e7:d3:6e:0b': {'first_seen': 1778945801.525887, 'last_seen': 1778945801.526935, 'seen_count': 2, 'channels': [], 'avg_rssi': None}, '47:0f:60:ff:57:ee': {'first_seen': 1778945801.834553, 'last_seen': 1778945801.835449, 'seen_count': 2, 'channels': [], 'avg_rssi': None}, '21:80:c3:58:1b:e3': {'first_seen': 1778945802.141243, 'last_seen': 1778945802.142468, 'seen_count': 2, 'channels': [], 'avg_rssi': None}, '67:68:5d:99:79:15': {'first_seen': 1778945802.451799, 'last_seen': 1778945802.454606, 'seen_count': 2, 'channels': [], 'avg_rssi': None}, '48:e6:66:53:2a:25': {'first_seen': 1778945802.767635, 'last_seen': 1778945802.768498, 'seen_count': 2, 'channels': [], 'avg_rssi': None}, '56:7a:dc:b6:4d:02': {'first_seen': 1778945803.08718, 'last_seen': 1778945803.088144, 'seen_count': 2, 'channels': [], 'avg_rssi': None}, '43:3b:6d:58:1f:f8': {'first_seen': 1778945803.400742, 'last_seen': 1778945803.401794, 'seen_count': 2, 'channels': [], 'avg_rssi': None}, '56:aa:e0:5e:49:c7': {'first_seen': 1778945803.713381, 'last_seen': 1778945803.714549, 'seen_count': 2, 'channels': [], 'avg_rssi': None}, '47:c7:d1:58:2e:fd': {'first_seen': 1778945804.020591, 'last_seen': 1778945804.021821, 'seen_count': 2, 'channels': [], 'avg_rssi': None}, 'f3:43:b4:73:67:80': {'first_seen': 1778945804.338699, 'last_seen': 1778945804.339705, 'seen_count': 2, 'channels': [], 'avg_rssi': None}, 'f5:db:1a:94:12:5b': {'first_seen': 1778945804.66186, 'last_seen': 1778945804.66285, 'seen_count': 2, 'channels': [], 'avg_rssi': None}, 'dd:ae:41:b0:a8:49': {'first_seen': 1778945804.976177, 'last_seen': 1778945804.977237, 'seen_count': 2, 'channels': [], 'avg_rssi': None}, '97:eb:8e:63:f2:10': {'first_seen': 1778945805.287619, 'last_seen': 1778945805.288756, 'seen_count': 2, 'channels': [], 'avg_rssi': None}, '71:76:10:91:0b:82': {'first_seen': 1778945805.602418, 'last_seen': 1778945805.60341, 'seen_count': 2, 'channels': [], 'avg_rssi': None}, '1a:63:8d:d8:cd:75': {'first_seen': 1778945805.915526, 'last_seen': 1778945805.91641, 'seen_count': 2, 'channels': [], 'avg_rssi': None}, 'dd:69:72:59:e6:25': {'first_seen': 1778945806.226141, 'last_seen': 1778945806.227304, 'seen_count': 2, 'channels': [], 'avg_rssi': None}, '31:e1:49:23:61:03': {'first_seen': 1778945806.539331, 'last_seen': 1778945806.540321, 'seen_count': 2, 'channels': [], 'avg_rssi': None}, '49:e6:b5:48:70:10': {'first_seen': 1778945806.854181, 'last_seen': 1778945806.855834, 'seen_count': 2, 'channels': [], 'avg_rssi': None}, 'a2:5e:e0:7d:93:04': {'first_seen': 1778945807.175582, 'last_seen': 1778945807.176601, 'seen_count': 2, 'channels': [], 'avg_rssi': None}, '1f:95:8a:f5:e6:7e': {'first_seen': 1778945807.487039, 'last_seen': 1778945807.487867, 'seen_count': 2, 'channels': [], 'avg_rssi': None}, '75:00:18:29:25:4c': {'first_seen': 1778945807.799795, 'last_seen': 1778945807.802143, 'seen_count': 2, 'channels': [], 'avg_rssi': None}, '92:ec:24:7f:0e:69': {'first_seen': 1778945808.117924, 'last_seen': 1778945808.118918, 'seen_count': 2, 'channels': [], 'avg_rssi': None}, '71:82:64:4e:fe:36': {'first_seen': 1778945808.423772, 'last_seen': 1778945808.424674, 'seen_count': 2, 'channels': [], 'avg_rssi': None}, '91:9d:77:7e:c5:72': {'first_seen': 1778945808.738791, 'last_seen': 1778945808.740566, 'seen_count': 2, 'channels': [], 'avg_rssi': None}, '1e:ab:42:b3:ba:0c': {'first_seen': 1778945809.050929, 'last_seen': 1778945809.052074, 'seen_count': 2, 'channels': [], 'avg_rssi': None}, '66:c9:1d:6c:98:46': {'first_seen': 1778945809.361454, 'last_seen': 1778945809.362589, 'seen_count': 2, 'channels': [], 'avg_rssi': None}, 'f7:34:26:d7:d5:c1': {'first_seen': 1778945809.664999, 'last_seen': 1778945809.665856, 'seen_count': 2, 'channels': [], 'avg_rssi': None}, 'f4:4d:84:18:b2:1c': {'first_seen': 1778945809.981746, 'last_seen': 1778945809.981746, 'seen_count': 1, 'channels': [], 'avg_rssi': None}, 'd2:23:b0:d5:ba:19': {'first_seen': 1778945810.288722, 'last_seen': 1778945810.296389, 'seen_count': 2, 'channels': [], 'avg_rssi': None}, '40:fa:c4:23:7c:92': {'first_seen': 1778945810.60115, 'last_seen': 1778945810.602029, 'seen_count': 2, 'channels': [], 'avg_rssi': None}, '3a:d5:cf:61:26:84': {'first_seen': 1778945810.908799, 'last_seen': 1778945810.909669, 'seen_count': 2, 'channels': [], 'avg_rssi': None}, '4a:e0:95:39:89:05': {'first_seen': 1778945811.220059, 'last_seen': 1778945811.220059, 'seen_count': 1, 'channels': [], 'avg_rssi': None}, 'fd:3e:a1:ed:08:f1': {'first_seen': 1778945811.52709, 'last_seen': 1778945811.528079, 'seen_count': 2, 'channels': [], 'avg_rssi': None}, '9f:8a:22:05:31:ea': {'first_seen': 1778945811.842646, 'last_seen': 1778945811.843469, 'seen_count': 2, 'channels': [], 'avg_rssi': None}, '02:55:b5:7d:3c:e3': {'first_seen': 1778945812.150056, 'last_seen': 1778945812.150994, 'seen_count': 2, 'channels': [], 'avg_rssi': None}, 'a5:f2:75:f4:3a:fe': {'first_seen': 1778945812.462168, 'last_seen': 1778945812.463001, 'seen_count': 2, 'channels': [], 'avg_rssi': None}, 'be:22:29:bd:ad:5a': {'first_seen': 1778945812.770987, 'last_seen': 1778945812.772159, 'seen_count': 2, 'channels': [], 'avg_rssi': None}, '75:bf:35:92:29:94': {'first_seen': 1778945813.078771, 'last_seen': 1778945813.080281, 'seen_count': 2, 'channels': [], 'avg_rssi': None}, 'e0:c8:4d:2b:8b:80': {'first_seen': 1778945813.391031, 'last_seen': 1778945813.391923, 'seen_count': 2, 'channels': [], 'avg_rssi': None}, '4d:69:e1:e5:db:91': {'first_seen': 1778945813.698699, 'last_seen': 1778945813.699822, 'seen_count': 2, 'channels': [], 'avg_rssi': None}, '93:a2:f9:9d:5b:f9': {'first_seen': 1778945814.006945, 'last_seen': 1778945814.008083, 'seen_count': 2, 'channels': [], 'avg_rssi': None}, 'bb:1f:d3:d5:26:d4': {'first_seen': 1778945814.313421, 'last_seen': 1778945814.314348, 'seen_count': 2, 'channels': [], 'avg_rssi': None}, '4c:d7:bf:36:70:46': {'first_seen': 1778945814.628516, 'last_seen': 1778945814.629612, 'seen_count': 2, 'channels': [], 'avg_rssi': None}, 'e6:e8:68:bb:7b:3a': {'first_seen': 1778945814.938104, 'last_seen': 1778945814.939379, 'seen_count': 2, 'channels': [], 'avg_rssi': None}, 'bf:5e:57:d6:92:9f': {'first_seen': 1778945815.246054, 'last_seen': 1778945815.24702, 'seen_count': 2, 'channels': [], 'avg_rssi': None}, 'b6:14:ed:c2:dc:bc': {'first_seen': 1778945815.55775, 'last_seen': 1778945815.558664, 'seen_count': 2, 'channels': [], 'avg_rssi': None}, '29:18:a3:b5:f8:1a': {'first_seen': 1778945815.861776, 'last_seen': 1778945815.862677, 'seen_count': 2, 'channels': [], 'avg_rssi': None}, '8a:b0:73:2f:0d:40': {'first_seen': 1778945816.17199, 'last_seen': 1778945816.18032, 'seen_count': 2, 'channels': [], 'avg_rssi': None}, 'a7:4f:8a:b8:62:71': {'first_seen': 1778945816.484156, 'last_seen': 1778945816.485337, 'seen_count': 2, 'channels': [], 'avg_rssi': None}, '68:63:ab:f4:d4:80': {'first_seen': 1778945816.792774, 'last_seen': 1778945816.794477, 'seen_count': 2, 'channels': [], 'avg_rssi': None}, 'ba:33:89:02:7b:6f': {'first_seen': 1778945817.098557, 'last_seen': 1778945817.099491, 'seen_count': 2, 'channels': [], 'avg_rssi': None}, '36:5c:aa:3d:e7:9b': {'first_seen': 1778945817.404091, 'last_seen': 1778945817.405257, 'seen_count': 2, 'channels': [], 'avg_rssi': None}, 'c1:11:02:bd:12:ea': {'first_seen': 1778945817.710927, 'last_seen': 1778945817.712023, 'seen_count': 2, 'channels': [], 'avg_rssi': None}, '0e:ad:98:35:c9:dd': {'first_seen': 1778945818.02707, 'last_seen': 1778945818.028046, 'seen_count': 2, 'channels': [], 'avg_rssi': None}, '72:82:93:4c:eb:07': {'first_seen': 1778945818.33829, 'last_seen': 1778945818.339181, 'seen_count': 2, 'channels': [], 'avg_rssi': None}, 'c5:5c:bb:77:b4:3a': {'first_seen': 1778945818.651662, 'last_seen': 1778945818.654449, 'seen_count': 2, 'channels': [], 'avg_rssi': None}, '84:04:30:ae:f5:e9': {'first_seen': 1778945818.961494, 'last_seen': 1778945818.962721, 'seen_count': 2, 'channels': [], 'avg_rssi': None}, '2e:96:77:4d:0b:f9': {'first_seen': 1778945819.277197, 'last_seen': 1778945819.278354, 'seen_count': 2, 'channels': [], 'avg_rssi': None}, '31:42:f0:c8:c2:11': {'first_seen': 1778945819.594553, 'last_seen': 1778945819.597271, 'seen_count': 2, 'channels': [], 'avg_rssi': None}, 'f9:7a:1a:66:ef:30': {'first_seen': 1778945819.912885, 'last_seen': 1778945819.913888, 'seen_count': 2, 'channels': [], 'avg_rssi': None}, '6f:78:f9:00:a3:f6': {'first_seen': 1778945820.228539, 'last_seen': 1778945820.229661, 'seen_count': 2, 'channels': [], 'avg_rssi': None}, '7d:d5:4c:3e:f2:b1': {'first_seen': 1778945820.54032, 'last_seen': 1778945820.541438, 'seen_count': 2, 'channels': [], 'avg_rssi': None}, 'bd:1e:03:6c:35:cc': {'first_seen': 1778945820.846122, 'last_seen': 1778945820.846122, 'seen_count': 1, 'channels': [], 'avg_rssi': None}}}
!!!!!!!!!!!!!!!!!!!!!!!!!!!!!!!!!!!!!!!!!!!!!!!!!!!!!!!!!!!!!!!!!!!!!!!!!!!!!!!!


!!!!!!!!!!!!!!!!!!!!!!!!!!!!!!!!!!!!!!!!!!!!!!!!!!!!!!!!!!!!!!!!!!!!!!!!!!!!!!!!
[ALERT] ALERT-000102 | POTENTIAL_EVIL_TWIN
severity: LOW
time: 2026-05-16T15:37:00.856219
message: Wykryto potencjalny Evil Twin / Rogue AP dla SSID 'TestNet_028'. Zaobserwowano 99 różnych BSSID oraz podejrzane różnice parametrów sieci.
evidence: {'ssid': 'TestNet_028', 'bssid_count': 99, 'bssids': ['c9:0c:87:46:7e:12', '8b:ea:c7:99:43:61', 'f3:06:e9:13:e9:8a', '58:3e:16:6a:ab:76', '00:dc:14:88:60:3f', '03:c8:72:31:07:af', '54:14:14:1e:69:92', '91:96:99:3a:cc:f1', '3d:c7:3f:e3:71:dc', 'b8:76:a9:38:4a:d6', '36:2e:45:a4:bb:df', '8a:e6:0a:04:e3:ba', '91:aa:5d:e1:3b:b9', 'f3:78:20:c9:ad:22', '2f:d6:9d:0a:a9:b4', '0d:1b:88:81:ad:66', '86:4e:5b:7e:99:75', '86:02:38:b4:92:f3', 'c4:b2:a0:1b:c3:1b', 'd6:20:25:94:f3:b3', '23:3e:c1:c7:d6:0e', '64:2e:5b:8c:4a:6b', '32:66:e9:b1:8c:14', '5f:0b:83:36:bb:d6', '3e:b0:10:78:99:b2', '2b:f3:05:63:ae:f9', '37:8e:06:6f:63:75', 'cc:bc:d5:39:eb:7f', 'e5:28:80:0c:dc:ad', '0c:f8:c7:88:51:bc', 'f4:3d:ba:c1:0e:bf', '11:0d:3b:d9:ea:65', '70:29:a5:2e:a6:2f', 'fa:ef:2e:dd:d4:00', '21:b3:cd:1b:aa:7e', '77:45:23:9b:fa:52', '4a:f5:c0:87:a4:7d', 'bd:09:70:03:6d:de', '56:5b:28:da:aa:f6', '47:84:ad:49:e4:6b', '02:a0:89:f1:b0:60', '34:50:50:eb:e0:e4', '45:17:c3:9b:5a:d6', 'cb:72:2e:ad:eb:ec', 'ca:f2:37:60:ff:c7', 'cc:53:94:ff:23:0b', '47:d0:9f:a6:50:14', 'd6:0e:46:5b:b5:ed', '3d:f3:3f:06:0a:13', '09:8d:51:92:3c:bc', '88:c3:06:f9:f3:11', '89:6a:b6:b1:8e:59', 'c6:7c:5d:08:a1:bf', '7c:2b:96:6f:cf:e5', '82:eb:53:bb:e9:65', 'ed:ec:f8:bf:06:f6', 'e5:b9:2c:aa:7f:61', '74:36:ca:ad:41:9f', 'bb:57:b1:ad:55:9e', '9f:d8:90:1f:8d:1f', '09:71:f5:cf:64:2b', 'c3:09:21:f7:39:b5', 'f2:49:19:68:c3:56', 'af:3b:88:56:8b:73', 'aa:db:c1:bf:9f:24', '91:7b:2d:89:b5:1a', 'b6:3e:e5:b6:6c:67', 'c6:5f:c6:01:49:a5', '70:88:e4:a1:13:86', '14:1b:1e:5d:90:79', '4e:91:f2:71:61:3c', 'b3:95:b3:56:c2:59', '53:17:12:e3:dc:e3', '1d:d3:35:40:e9:cf', 'd4:cc:2d:07:6f:ef', 'ee:f6:5d:e2:ea:d0', '67:6c:fb:62:e1:84', 'f8:2b:8c:d8:06:a2', '17:8d:ed:40:4d:a3', '03:d6:b5:57:bb:19', '6d:9b:db:37:7e:01', '0c:00:9c:95:6e:3d', '5d:6a:c1:33:22:91', 'f1:0e:0a:1a:21:ae', '6a:81:31:40:61:fd', '4d:01:7a:07:4d:a6', 'b5:56:19:ee:5d:12', '51:1c:a8:31:c7:f3', '5d:1b:6b:6d:05:b7', '74:9a:5e:eb:ba:eb', '9d:57:fa:07:1d:e6', '67:35:74:06:da:bb', '49:d6:7c:83:03:34', '2a:a1:e4:9a:47:62', 'e1:f1:17:48:3a:6c', 'db:c3:93:d3:4d:7f', '2c:16:bd:20:be:f7', 'c3:52:1a:4b:68:e2', 'af:38:c7:75:3a:bf'], 'triggered_reasons': ['same_ssid_multiple_bssid'], 'observations': {'c9:0c:87:46:7e:12': {'first_seen': 1778945790.311388, 'last_seen': 1778945790.312615, 'seen_count': 2, 'channels': [], 'avg_rssi': None}, '8b:ea:c7:99:43:61': {'first_seen': 1778945790.619377, 'last_seen': 1778945790.620252, 'seen_count': 2, 'channels': [], 'avg_rssi': None}, 'f3:06:e9:13:e9:8a': {'first_seen': 1778945790.927007, 'last_seen': 1778945790.92802, 'seen_count': 2, 'channels': [], 'avg_rssi': None}, '58:3e:16:6a:ab:76': {'first_seen': 1778945791.239765, 'last_seen': 1778945791.240901, 'seen_count': 2, 'channels': [], 'avg_rssi': None}, '00:dc:14:88:60:3f': {'first_seen': 1778945791.544013, 'last_seen': 1778945791.545168, 'seen_count': 2, 'channels': [], 'avg_rssi': None}, '03:c8:72:31:07:af': {'first_seen': 1778945791.850965, 'last_seen': 1778945791.852066, 'seen_count': 2, 'channels': [], 'avg_rssi': None}, '54:14:14:1e:69:92': {'first_seen': 1778945792.160226, 'last_seen': 1778945792.161073, 'seen_count': 2, 'channels': [], 'avg_rssi': None}, '91:96:99:3a:cc:f1': {'first_seen': 1778945792.476907, 'last_seen': 1778945792.478096, 'seen_count': 2, 'channels': [], 'avg_rssi': None}, '3d:c7:3f:e3:71:dc': {'first_seen': 1778945792.78676, 'last_seen': 1778945792.787861, 'seen_count': 2, 'channels': [], 'avg_rssi': None}, 'b8:76:a9:38:4a:d6': {'first_seen': 1778945793.102616, 'last_seen': 1778945793.103626, 'seen_count': 2, 'channels': [], 'avg_rssi': None}, '36:2e:45:a4:bb:df': {'first_seen': 1778945793.418658, 'last_seen': 1778945793.419889, 'seen_count': 2, 'channels': [], 'avg_rssi': None}, '8a:e6:0a:04:e3:ba': {'first_seen': 1778945793.73477, 'last_seen': 1778945793.735779, 'seen_count': 2, 'channels': [], 'avg_rssi': None}, '91:aa:5d:e1:3b:b9': {'first_seen': 1778945794.048771, 'last_seen': 1778945794.049798, 'seen_count': 2, 'channels': [], 'avg_rssi': None}, 'f3:78:20:c9:ad:22': {'first_seen': 1778945794.361502, 'last_seen': 1778945794.362437, 'seen_count': 2, 'channels': [], 'avg_rssi': None}, '2f:d6:9d:0a:a9:b4': {'first_seen': 1778945794.669519, 'last_seen': 1778945794.670577, 'seen_count': 2, 'channels': [], 'avg_rssi': None}, '0d:1b:88:81:ad:66': {'first_seen': 1778945794.983845, 'last_seen': 1778945794.984971, 'seen_count': 2, 'channels': [], 'avg_rssi': None}, '86:4e:5b:7e:99:75': {'first_seen': 1778945795.302679, 'last_seen': 1778945795.303863, 'seen_count': 2, 'channels': [], 'avg_rssi': None}, '86:02:38:b4:92:f3': {'first_seen': 1778945795.61533, 'last_seen': 1778945795.616261, 'seen_count': 2, 'channels': [], 'avg_rssi': None}, 'c4:b2:a0:1b:c3:1b': {'first_seen': 1778945795.93192, 'last_seen': 1778945795.93302, 'seen_count': 2, 'channels': [], 'avg_rssi': None}, 'd6:20:25:94:f3:b3': {'first_seen': 1778945796.245665, 'last_seen': 1778945796.246536, 'seen_count': 2, 'channels': [], 'avg_rssi': None}, '23:3e:c1:c7:d6:0e': {'first_seen': 1778945796.555876, 'last_seen': 1778945796.556803, 'seen_count': 2, 'channels': [], 'avg_rssi': None}, '64:2e:5b:8c:4a:6b': {'first_seen': 1778945796.867245, 'last_seen': 1778945796.868202, 'seen_count': 2, 'channels': [], 'avg_rssi': None}, '32:66:e9:b1:8c:14': {'first_seen': 1778945797.176106, 'last_seen': 1778945797.177336, 'seen_count': 2, 'channels': [], 'avg_rssi': None}, '5f:0b:83:36:bb:d6': {'first_seen': 1778945797.493366, 'last_seen': 1778945797.494478, 'seen_count': 2, 'channels': [], 'avg_rssi': None}, '3e:b0:10:78:99:b2': {'first_seen': 1778945797.807475, 'last_seen': 1778945797.808617, 'seen_count': 2, 'channels': [], 'avg_rssi': None}, '2b:f3:05:63:ae:f9': {'first_seen': 1778945798.116587, 'last_seen': 1778945798.117517, 'seen_count': 2, 'channels': [], 'avg_rssi': None}, '37:8e:06:6f:63:75': {'first_seen': 1778945798.425169, 'last_seen': 1778945798.426149, 'seen_count': 2, 'channels': [], 'avg_rssi': None}, 'cc:bc:d5:39:eb:7f': {'first_seen': 1778945798.737405, 'last_seen': 1778945798.738551, 'seen_count': 2, 'channels': [], 'avg_rssi': None}, 'e5:28:80:0c:dc:ad': {'first_seen': 1778945799.053153, 'last_seen': 1778945799.054056, 'seen_count': 2, 'channels': [], 'avg_rssi': None}, '0c:f8:c7:88:51:bc': {'first_seen': 1778945799.362882, 'last_seen': 1778945799.363823, 'seen_count': 2, 'channels': [], 'avg_rssi': None}, 'f4:3d:ba:c1:0e:bf': {'first_seen': 1778945799.669655, 'last_seen': 1778945799.670587, 'seen_count': 2, 'channels': [], 'avg_rssi': None}, '11:0d:3b:d9:ea:65': {'first_seen': 1778945799.978675, 'last_seen': 1778945799.97961, 'seen_count': 2, 'channels': [], 'avg_rssi': None}, '70:29:a5:2e:a6:2f': {'first_seen': 1778945800.284987, 'last_seen': 1778945800.286121, 'seen_count': 2, 'channels': [], 'avg_rssi': None}, 'fa:ef:2e:dd:d4:00': {'first_seen': 1778945800.596804, 'last_seen': 1778945800.598017, 'seen_count': 2, 'channels': [], 'avg_rssi': None}, '21:b3:cd:1b:aa:7e': {'first_seen': 1778945800.919481, 'last_seen': 1778945800.920526, 'seen_count': 2, 'channels': [], 'avg_rssi': None}, '77:45:23:9b:fa:52': {'first_seen': 1778945801.230197, 'last_seen': 1778945801.23106, 'seen_count': 2, 'channels': [], 'avg_rssi': None}, '4a:f5:c0:87:a4:7d': {'first_seen': 1778945801.535988, 'last_seen': 1778945801.537187, 'seen_count': 2, 'channels': [], 'avg_rssi': None}, 'bd:09:70:03:6d:de': {'first_seen': 1778945801.844652, 'last_seen': 1778945801.845828, 'seen_count': 2, 'channels': [], 'avg_rssi': None}, '56:5b:28:da:aa:f6': {'first_seen': 1778945802.151338, 'last_seen': 1778945802.152342, 'seen_count': 2, 'channels': [], 'avg_rssi': None}, '47:84:ad:49:e4:6b': {'first_seen': 1778945802.461894, 'last_seen': 1778945802.462984, 'seen_count': 2, 'channels': [], 'avg_rssi': None}, '02:a0:89:f1:b0:60': {'first_seen': 1778945802.777746, 'last_seen': 1778945802.778749, 'seen_count': 2, 'channels': [], 'avg_rssi': None}, '34:50:50:eb:e0:e4': {'first_seen': 1778945803.097296, 'last_seen': 1778945803.098392, 'seen_count': 2, 'channels': [], 'avg_rssi': None}, '45:17:c3:9b:5a:d6': {'first_seen': 1778945803.411526, 'last_seen': 1778945803.412534, 'seen_count': 2, 'channels': [], 'avg_rssi': None}, 'cb:72:2e:ad:eb:ec': {'first_seen': 1778945803.723449, 'last_seen': 1778945803.724551, 'seen_count': 2, 'channels': [], 'avg_rssi': None}, 'ca:f2:37:60:ff:c7': {'first_seen': 1778945804.034682, 'last_seen': 1778945804.035693, 'seen_count': 2, 'channels': [], 'avg_rssi': None}, 'cc:53:94:ff:23:0b': {'first_seen': 1778945804.348796, 'last_seen': 1778945804.349832, 'seen_count': 2, 'channels': [], 'avg_rssi': None}, '47:d0:9f:a6:50:14': {'first_seen': 1778945804.672183, 'last_seen': 1778945804.673599, 'seen_count': 2, 'channels': [], 'avg_rssi': None}, 'd6:0e:46:5b:b5:ed': {'first_seen': 1778945804.986403, 'last_seen': 1778945804.98749, 'seen_count': 2, 'channels': [], 'avg_rssi': None}, '3d:f3:3f:06:0a:13': {'first_seen': 1778945805.297715, 'last_seen': 1778945805.298662, 'seen_count': 2, 'channels': [], 'avg_rssi': None}, '09:8d:51:92:3c:bc': {'first_seen': 1778945805.61252, 'last_seen': 1778945805.613663, 'seen_count': 2, 'channels': [], 'avg_rssi': None}, '88:c3:06:f9:f3:11': {'first_seen': 1778945805.92564, 'last_seen': 1778945805.926551, 'seen_count': 2, 'channels': [], 'avg_rssi': None}, '89:6a:b6:b1:8e:59': {'first_seen': 1778945806.236237, 'last_seen': 1778945806.237051, 'seen_count': 2, 'channels': [], 'avg_rssi': None}, 'c6:7c:5d:08:a1:bf': {'first_seen': 1778945806.549435, 'last_seen': 1778945806.550571, 'seen_count': 2, 'channels': [], 'avg_rssi': None}, '7c:2b:96:6f:cf:e5': {'first_seen': 1778945806.864281, 'last_seen': 1778945806.865213, 'seen_count': 2, 'channels': [], 'avg_rssi': None}, '82:eb:53:bb:e9:65': {'first_seen': 1778945807.185686, 'last_seen': 1778945807.186645, 'seen_count': 2, 'channels': [], 'avg_rssi': None}, 'ed:ec:f8:bf:06:f6': {'first_seen': 1778945807.497139, 'last_seen': 1778945807.497992, 'seen_count': 2, 'channels': [], 'avg_rssi': None}, 'e5:b9:2c:aa:7f:61': {'first_seen': 1778945807.809928, 'last_seen': 1778945807.811017, 'seen_count': 2, 'channels': [], 'avg_rssi': None}, '74:36:ca:ad:41:9f': {'first_seen': 1778945808.12802, 'last_seen': 1778945808.128902, 'seen_count': 2, 'channels': [], 'avg_rssi': None}, 'bb:57:b1:ad:55:9e': {'first_seen': 1778945808.433875, 'last_seen': 1778945808.434792, 'seen_count': 2, 'channels': [], 'avg_rssi': None}, '9f:d8:90:1f:8d:1f': {'first_seen': 1778945808.748892, 'last_seen': 1778945808.749808, 'seen_count': 2, 'channels': [], 'avg_rssi': None}, '09:71:f5:cf:64:2b': {'first_seen': 1778945809.061103, 'last_seen': 1778945809.062199, 'seen_count': 2, 'channels': [], 'avg_rssi': None}, 'c3:09:21:f7:39:b5': {'first_seen': 1778945809.371557, 'last_seen': 1778945809.372591, 'seen_count': 2, 'channels': [], 'avg_rssi': None}, 'f2:49:19:68:c3:56': {'first_seen': 1778945809.675088, 'last_seen': 1778945809.679241, 'seen_count': 2, 'channels': [], 'avg_rssi': None}, 'af:3b:88:56:8b:73': {'first_seen': 1778945809.994373, 'last_seen': 1778945809.994373, 'seen_count': 1, 'channels': [], 'avg_rssi': None}, 'aa:db:c1:bf:9f:24': {'first_seen': 1778945810.298968, 'last_seen': 1778945810.300138, 'seen_count': 2, 'channels': [], 'avg_rssi': None}, '91:7b:2d:89:b5:1a': {'first_seen': 1778945810.611244, 'last_seen': 1778945810.612156, 'seen_count': 2, 'channels': [], 'avg_rssi': None}, 'b6:3e:e5:b6:6c:67': {'first_seen': 1778945810.918895, 'last_seen': 1778945810.919799, 'seen_count': 2, 'channels': [], 'avg_rssi': None}, 'c6:5f:c6:01:49:a5': {'first_seen': 1778945811.225827, 'last_seen': 1778945811.226686, 'seen_count': 2, 'channels': [], 'avg_rssi': None}, '70:88:e4:a1:13:86': {'first_seen': 1778945811.537194, 'last_seen': 1778945811.538329, 'seen_count': 2, 'channels': [], 'avg_rssi': None}, '14:1b:1e:5d:90:79': {'first_seen': 1778945811.852722, 'last_seen': 1778945811.853595, 'seen_count': 2, 'channels': [], 'avg_rssi': None}, '4e:91:f2:71:61:3c': {'first_seen': 1778945812.160171, 'last_seen': 1778945812.161361, 'seen_count': 2, 'channels': [], 'avg_rssi': None}, 'b3:95:b3:56:c2:59': {'first_seen': 1778945812.472271, 'last_seen': 1778945812.473378, 'seen_count': 2, 'channels': [], 'avg_rssi': None}, '53:17:12:e3:dc:e3': {'first_seen': 1778945812.781086, 'last_seen': 1778945812.782524, 'seen_count': 2, 'channels': [], 'avg_rssi': None}, '1d:d3:35:40:e9:cf': {'first_seen': 1778945813.088911, 'last_seen': 1778945813.092285, 'seen_count': 2, 'channels': [], 'avg_rssi': None}, 'd4:cc:2d:07:6f:ef': {'first_seen': 1778945813.401129, 'last_seen': 1778945813.402066, 'seen_count': 2, 'channels': [], 'avg_rssi': None}, 'ee:f6:5d:e2:ea:d0': {'first_seen': 1778945813.708805, 'last_seen': 1778945813.709961, 'seen_count': 2, 'channels': [], 'avg_rssi': None}, '67:6c:fb:62:e1:84': {'first_seen': 1778945814.017035, 'last_seen': 1778945814.018084, 'seen_count': 2, 'channels': [], 'avg_rssi': None}, 'f8:2b:8c:d8:06:a2': {'first_seen': 1778945814.323518, 'last_seen': 1778945814.324725, 'seen_count': 2, 'channels': [], 'avg_rssi': None}, '17:8d:ed:40:4d:a3': {'first_seen': 1778945814.63856, 'last_seen': 1778945814.640864, 'seen_count': 2, 'channels': [], 'avg_rssi': None}, '03:d6:b5:57:bb:19': {'first_seen': 1778945814.948237, 'last_seen': 1778945814.949379, 'seen_count': 2, 'channels': [], 'avg_rssi': None}, '6d:9b:db:37:7e:01': {'first_seen': 1778945815.256146, 'last_seen': 1778945815.257023, 'seen_count': 2, 'channels': [], 'avg_rssi': None}, '0c:00:9c:95:6e:3d': {'first_seen': 1778945815.567857, 'last_seen': 1778945815.56879, 'seen_count': 2, 'channels': [], 'avg_rssi': None}, '5d:6a:c1:33:22:91': {'first_seen': 1778945815.871874, 'last_seen': 1778945815.872802, 'seen_count': 2, 'channels': [], 'avg_rssi': None}, 'f1:0e:0a:1a:21:ae': {'first_seen': 1778945816.188067, 'last_seen': 1778945816.188067, 'seen_count': 1, 'channels': [], 'avg_rssi': None}, '6a:81:31:40:61:fd': {'first_seen': 1778945816.494262, 'last_seen': 1778945816.495337, 'seen_count': 2, 'channels': [], 'avg_rssi': None}, '4d:01:7a:07:4d:a6': {'first_seen': 1778945816.802874, 'last_seen': 1778945816.803858, 'seen_count': 2, 'channels': [], 'avg_rssi': None}, 'b5:56:19:ee:5d:12': {'first_seen': 1778945817.10866, 'last_seen': 1778945817.109868, 'seen_count': 2, 'channels': [], 'avg_rssi': None}, '51:1c:a8:31:c7:f3': {'first_seen': 1778945817.414208, 'last_seen': 1778945817.415132, 'seen_count': 2, 'channels': [], 'avg_rssi': None}, '5d:1b:6b:6d:05:b7': {'first_seen': 1778945817.721024, 'last_seen': 1778945817.721898, 'seen_count': 2, 'channels': [], 'avg_rssi': None}, '74:9a:5e:eb:ba:eb': {'first_seen': 1778945818.037215, 'last_seen': 1778945818.038163, 'seen_count': 2, 'channels': [], 'avg_rssi': None}, '9d:57:fa:07:1d:e6': {'first_seen': 1778945818.348401, 'last_seen': 1778945818.349432, 'seen_count': 2, 'channels': [], 'avg_rssi': None}, '67:35:74:06:da:bb': {'first_seen': 1778945818.661748, 'last_seen': 1778945818.66258, 'seen_count': 2, 'channels': [], 'avg_rssi': None}, '49:d6:7c:83:03:34': {'first_seen': 1778945818.971603, 'last_seen': 1778945818.972849, 'seen_count': 2, 'channels': [], 'avg_rssi': None}, '2a:a1:e4:9a:47:62': {'first_seen': 1778945819.287305, 'last_seen': 1778945819.288479, 'seen_count': 2, 'channels': [], 'avg_rssi': None}, 'e1:f1:17:48:3a:6c': {'first_seen': 1778945819.604655, 'last_seen': 1778945819.605498, 'seen_count': 2, 'channels': [], 'avg_rssi': None}, 'db:c3:93:d3:4d:7f': {'first_seen': 1778945819.922977, 'last_seen': 1778945819.923887, 'seen_count': 2, 'channels': [], 'avg_rssi': None}, '2c:16:bd:20:be:f7': {'first_seen': 1778945820.238668, 'last_seen': 1778945820.23954, 'seen_count': 2, 'channels': [], 'avg_rssi': None}, 'c3:52:1a:4b:68:e2': {'first_seen': 1778945820.550424, 'last_seen': 1778945820.551547, 'seen_count': 2, 'channels': [], 'avg_rssi': None}, 'af:38:c7:75:3a:bf': {'first_seen': 1778945820.856219, 'last_seen': 1778945820.856219, 'seen_count': 1, 'channels': [], 'avg_rssi': None}}}
!!!!!!!!!!!!!!!!!!!!!!!!!!!!!!!!!!!!!!!!!!!!!!!!!!!!!!!!!!!!!!!!!!!!!!!!!!!!!!!!


!!!!!!!!!!!!!!!!!!!!!!!!!!!!!!!!!!!!!!!!!!!!!!!!!!!!!!!!!!!!!!!!!!!!!!!!!!!!!!!!
[ALERT] ALERT-000103 | POTENTIAL_EVIL_TWIN
severity: LOW
time: 2026-05-16T15:37:00.866314
message: Wykryto potencjalny Evil Twin / Rogue AP dla SSID 'TestNet_029'. Zaobserwowano 99 różnych BSSID oraz podejrzane różnice parametrów sieci.
evidence: {'ssid': 'TestNet_029', 'bssid_count': 99, 'bssids': ['a9:6a:d3:59:18:f2', '65:67:8a:85:02:d7', 'd5:c6:bb:ad:6d:ba', '76:99:24:bd:39:61', '1d:c3:41:cb:42:84', '8a:63:43:55:f1:17', 'a4:8b:e1:18:60:e7', 'fc:9f:b3:8a:21:5b', '86:5a:a4:be:69:cc', 'c1:83:61:54:7b:7e', 'd0:bb:45:53:ef:53', '33:f1:cd:a5:de:a0', '90:44:fe:fb:86:75', 'a1:6b:ac:47:3a:93', '46:75:1d:8c:83:bc', '63:14:d3:05:bc:4f', '24:4e:22:ee:00:0c', 'ae:ec:2f:d8:0e:f3', '7a:95:0a:87:d1:46', 'f2:1a:00:c7:32:e4', '20:83:37:2d:4e:23', 'ee:9f:4b:1f:6e:ae', '47:f2:41:ec:a9:6b', 'fa:a2:fa:7d:0e:77', '3a:64:aa:d8:db:91', 'f7:95:77:6e:cb:8c', '95:e7:ee:a4:fb:76', '8d:f2:d5:10:70:58', 'd1:31:60:ca:a2:89', '22:79:c5:76:4f:72', '58:f4:64:e6:5d:be', 'df:af:11:24:cb:e7', '79:c6:67:22:7b:2a', '6d:e9:82:03:ec:92', '05:c1:8f:31:6b:45', '4a:ef:8a:44:8e:0c', 'd5:c7:8b:d2:90:87', 'e1:ad:bf:37:b8:9b', 'c5:97:16:b7:a6:d9', '09:89:e8:b9:9b:99', 'ea:a0:50:b7:02:2d', '54:a5:5a:7f:c1:22', 'e1:cc:a1:0d:ec:b6', '57:7d:16:06:91:18', '7b:1e:cc:c6:df:a8', 'da:90:e6:f8:36:ed', '48:03:19:de:7c:6e', 'eb:66:2a:83:42:9c', 'c5:57:0f:30:db:16', '46:04:4b:20:43:2c', 'd4:82:e5:0e:48:0b', '60:68:fd:2a:ab:92', 'd0:b9:ea:3d:5a:ab', 'c3:a7:2c:86:9f:7d', '6f:79:0a:24:e0:3d', '7f:8d:b0:9b:fe:21', 'f7:68:da:b9:4a:b2', '67:23:29:d5:95:f3', '2a:f8:93:8a:23:93', 'ff:56:2e:9a:e6:e7', '6f:4b:4e:7e:d4:5e', '77:66:7c:e9:af:ef', 'db:54:72:cb:31:5b', '62:62:32:5e:91:e2', '4c:ff:b7:37:98:54', '95:c1:64:2c:91:a7', 'c3:b2:58:07:07:9b', 'c0:cd:12:bc:b1:ee', '3a:88:57:ce:b1:8a', '05:c7:13:c3:20:b2', '2f:a0:00:23:f4:9a', '7b:35:45:f8:05:9d', 'c0:d5:cf:5a:95:a6', 'a9:66:d3:dd:13:3a', 'f3:47:58:e9:3e:4c', '3d:0a:95:02:82:88', 'a7:15:d8:3f:bf:76', '47:73:f2:e0:4a:ee', '30:62:8b:05:34:8e', '95:7e:ed:ad:64:1e', 'e5:d1:11:ec:f5:00', '7a:ca:ae:74:16:9b', '1f:c3:fe:4d:06:89', '4a:41:a1:69:bf:62', '11:57:cd:53:02:9d', '69:7c:50:24:83:eb', 'ef:f3:d9:d7:07:39', '39:68:54:17:c0:31', 'd7:9a:92:c4:22:30', '49:b3:39:ba:77:93', '91:69:ee:cf:ca:dd', '92:ff:78:ed:ae:6a', 'd2:b3:a0:b6:93:4c', '70:5c:fd:f8:23:9d', '5e:be:37:86:23:8d', '99:f4:b0:5d:e6:1c', '26:16:fa:9b:03:a6', '09:60:25:72:f6:fa', '88:76:18:f9:6f:49'], 'triggered_reasons': ['same_ssid_multiple_bssid'], 'observations': {'a9:6a:d3:59:18:f2': {'first_seen': 1778945790.321491, 'last_seen': 1778945790.32236, 'seen_count': 2, 'channels': [], 'avg_rssi': None}, '65:67:8a:85:02:d7': {'first_seen': 1778945790.630304, 'last_seen': 1778945790.631495, 'seen_count': 2, 'channels': [], 'avg_rssi': None}, 'd5:c6:bb:ad:6d:ba': {'first_seen': 1778945790.93712, 'last_seen': 1778945790.938276, 'seen_count': 2, 'channels': [], 'avg_rssi': None}, '76:99:24:bd:39:61': {'first_seen': 1778945791.249884, 'last_seen': 1778945791.250776, 'seen_count': 2, 'channels': [], 'avg_rssi': None}, '1d:c3:41:cb:42:84': {'first_seen': 1778945791.554117, 'last_seen': 1778945791.555047, 'seen_count': 2, 'channels': [], 'avg_rssi': None}, '8a:63:43:55:f1:17': {'first_seen': 1778945791.861079, 'last_seen': 1778945791.862808, 'seen_count': 2, 'channels': [], 'avg_rssi': None}, 'a4:8b:e1:18:60:e7': {'first_seen': 1778945792.170332, 'last_seen': 1778945792.172075, 'seen_count': 2, 'channels': [], 'avg_rssi': None}, 'fc:9f:b3:8a:21:5b': {'first_seen': 1778945792.487005, 'last_seen': 1778945792.488091, 'seen_count': 2, 'channels': [], 'avg_rssi': None}, '86:5a:a4:be:69:cc': {'first_seen': 1778945792.796855, 'last_seen': 1778945792.797857, 'seen_count': 2, 'channels': [], 'avg_rssi': None}, 'c1:83:61:54:7b:7e': {'first_seen': 1778945793.11267, 'last_seen': 1778945793.113501, 'seen_count': 2, 'channels': [], 'avg_rssi': None}, 'd0:bb:45:53:ef:53': {'first_seen': 1778945793.428784, 'last_seen': 1778945793.429647, 'seen_count': 2, 'channels': [], 'avg_rssi': None}, '33:f1:cd:a5:de:a0': {'first_seen': 1778945793.744874, 'last_seen': 1778945793.748529, 'seen_count': 2, 'channels': [], 'avg_rssi': None}, '90:44:fe:fb:86:75': {'first_seen': 1778945794.059206, 'last_seen': 1778945794.060423, 'seen_count': 2, 'channels': [], 'avg_rssi': None}, 'a1:6b:ac:47:3a:93': {'first_seen': 1778945794.371596, 'last_seen': 1778945794.372832, 'seen_count': 2, 'channels': [], 'avg_rssi': None}, '46:75:1d:8c:83:bc': {'first_seen': 1778945794.679648, 'last_seen': 1778945794.680714, 'seen_count': 2, 'channels': [], 'avg_rssi': None}, '63:14:d3:05:bc:4f': {'first_seen': 1778945794.993969, 'last_seen': 1778945794.995104, 'seen_count': 2, 'channels': [], 'avg_rssi': None}, '24:4e:22:ee:00:0c': {'first_seen': 1778945795.312773, 'last_seen': 1778945795.313738, 'seen_count': 2, 'channels': [], 'avg_rssi': None}, 'ae:ec:2f:d8:0e:f3': {'first_seen': 1778945795.625437, 'last_seen': 1778945795.626379, 'seen_count': 2, 'channels': [], 'avg_rssi': None}, '7a:95:0a:87:d1:46': {'first_seen': 1778945795.942039, 'last_seen': 1778945795.943019, 'seen_count': 2, 'channels': [], 'avg_rssi': None}, 'f2:1a:00:c7:32:e4': {'first_seen': 1778945796.255784, 'last_seen': 1778945796.257049, 'seen_count': 2, 'channels': [], 'avg_rssi': None}, '20:83:37:2d:4e:23': {'first_seen': 1778945796.565986, 'last_seen': 1778945796.567052, 'seen_count': 2, 'channels': [], 'avg_rssi': None}, 'ee:9f:4b:1f:6e:ae': {'first_seen': 1778945796.877343, 'last_seen': 1778945796.878443, 'seen_count': 2, 'channels': [], 'avg_rssi': None}, '47:f2:41:ec:a9:6b': {'first_seen': 1778945797.190661, 'last_seen': 1778945797.19171, 'seen_count': 2, 'channels': [], 'avg_rssi': None}, 'fa:a2:fa:7d:0e:77': {'first_seen': 1778945797.504892, 'last_seen': 1778945797.505858, 'seen_count': 2, 'channels': [], 'avg_rssi': None}, '3a:64:aa:d8:db:91': {'first_seen': 1778945797.817587, 'last_seen': 1778945797.818501, 'seen_count': 2, 'channels': [], 'avg_rssi': None}, 'f7:95:77:6e:cb:8c': {'first_seen': 1778945798.126877, 'last_seen': 1778945798.128018, 'seen_count': 2, 'channels': [], 'avg_rssi': None}, '95:e7:ee:a4:fb:76': {'first_seen': 1778945798.435271, 'last_seen': 1778945798.436149, 'seen_count': 2, 'channels': [], 'avg_rssi': None}, '8d:f2:d5:10:70:58': {'first_seen': 1778945798.747503, 'last_seen': 1778945798.748666, 'seen_count': 2, 'channels': [], 'avg_rssi': None}, 'd1:31:60:ca:a2:89': {'first_seen': 1778945799.063248, 'last_seen': 1778945799.064182, 'seen_count': 2, 'channels': [], 'avg_rssi': None}, '22:79:c5:76:4f:72': {'first_seen': 1778945799.373057, 'last_seen': 1778945799.375323, 'seen_count': 2, 'channels': [], 'avg_rssi': None}, '58:f4:64:e6:5d:be': {'first_seen': 1778945799.679749, 'last_seen': 1778945799.680714, 'seen_count': 2, 'channels': [], 'avg_rssi': None}, 'df:af:11:24:cb:e7': {'first_seen': 1778945799.988793, 'last_seen': 1778945799.989732, 'seen_count': 2, 'channels': [], 'avg_rssi': None}, '79:c6:67:22:7b:2a': {'first_seen': 1778945800.29509, 'last_seen': 1778945800.296125, 'seen_count': 2, 'channels': [], 'avg_rssi': None}, '6d:e9:82:03:ec:92': {'first_seen': 1778945800.610666, 'last_seen': 1778945800.611648, 'seen_count': 2, 'channels': [], 'avg_rssi': None}, '05:c1:8f:31:6b:45': {'first_seen': 1778945800.929589, 'last_seen': 1778945800.930779, 'seen_count': 2, 'channels': [], 'avg_rssi': None}, '4a:ef:8a:44:8e:0c': {'first_seen': 1778945801.240292, 'last_seen': 1778945801.241297, 'seen_count': 2, 'channels': [], 'avg_rssi': None}, 'd5:c7:8b:d2:90:87': {'first_seen': 1778945801.546384, 'last_seen': 1778945801.547331, 'seen_count': 2, 'channels': [], 'avg_rssi': None}, 'e1:ad:bf:37:b8:9b': {'first_seen': 1778945801.854747, 'last_seen': 1778945801.855704, 'seen_count': 2, 'channels': [], 'avg_rssi': None}, 'c5:97:16:b7:a6:d9': {'first_seen': 1778945802.161466, 'last_seen': 1778945802.162604, 'seen_count': 2, 'channels': [], 'avg_rssi': None}, '09:89:e8:b9:9b:99': {'first_seen': 1778945802.471989, 'last_seen': 1778945802.472985, 'seen_count': 2, 'channels': [], 'avg_rssi': None}, 'ea:a0:50:b7:02:2d': {'first_seen': 1778945802.787858, 'last_seen': 1778945802.78875, 'seen_count': 2, 'channels': [], 'avg_rssi': None}, '54:a5:5a:7f:c1:22': {'first_seen': 1778945803.107394, 'last_seen': 1778945803.108405, 'seen_count': 2, 'channels': [], 'avg_rssi': None}, 'e1:cc:a1:0d:ec:b6': {'first_seen': 1778945803.421626, 'last_seen': 1778945803.422663, 'seen_count': 2, 'channels': [], 'avg_rssi': None}, '57:7d:16:06:91:18': {'first_seen': 1778945803.733553, 'last_seen': 1778945803.734672, 'seen_count': 2, 'channels': [], 'avg_rssi': None}, '7b:1e:cc:c6:df:a8': {'first_seen': 1778945804.046674, 'last_seen': 1778945804.047573, 'seen_count': 2, 'channels': [], 'avg_rssi': None}, 'da:90:e6:f8:36:ed': {'first_seen': 1778945804.358922, 'last_seen': 1778945804.359841, 'seen_count': 2, 'channels': [], 'avg_rssi': None}, '48:03:19:de:7c:6e': {'first_seen': 1778945804.68372, 'last_seen': 1778945804.684854, 'seen_count': 2, 'channels': [], 'avg_rssi': None}, 'eb:66:2a:83:42:9c': {'first_seen': 1778945804.996579, 'last_seen': 1778945804.997489, 'seen_count': 2, 'channels': [], 'avg_rssi': None}, 'c5:57:0f:30:db:16': {'first_seen': 1778945805.307813, 'last_seen': 1778945805.308633, 'seen_count': 2, 'channels': [], 'avg_rssi': None}, '46:04:4b:20:43:2c': {'first_seen': 1778945805.622698, 'last_seen': 1778945805.623773, 'seen_count': 2, 'channels': [], 'avg_rssi': None}, 'd4:82:e5:0e:48:0b': {'first_seen': 1778945805.935859, 'last_seen': 1778945805.936788, 'seen_count': 2, 'channels': [], 'avg_rssi': None}, '60:68:fd:2a:ab:92': {'first_seen': 1778945806.246335, 'last_seen': 1778945806.247302, 'seen_count': 2, 'channels': [], 'avg_rssi': None}, 'd0:b9:ea:3d:5a:ab': {'first_seen': 1778945806.559535, 'last_seen': 1778945806.561073, 'seen_count': 2, 'channels': [], 'avg_rssi': None}, 'c3:a7:2c:86:9f:7d': {'first_seen': 1778945806.876947, 'last_seen': 1778945806.877841, 'seen_count': 2, 'channels': [], 'avg_rssi': None}, '6f:79:0a:24:e0:3d': {'first_seen': 1778945807.195787, 'last_seen': 1778945807.196616, 'seen_count': 2, 'channels': [], 'avg_rssi': None}, '7f:8d:b0:9b:fe:21': {'first_seen': 1778945807.509995, 'last_seen': 1778945807.511129, 'seen_count': 2, 'channels': [], 'avg_rssi': None}, 'f7:68:da:b9:4a:b2': {'first_seen': 1778945807.820049, 'last_seen': 1778945807.820893, 'seen_count': 2, 'channels': [], 'avg_rssi': None}, '67:23:29:d5:95:f3': {'first_seen': 1778945808.138129, 'last_seen': 1778945808.139027, 'seen_count': 2, 'channels': [], 'avg_rssi': None}, '2a:f8:93:8a:23:93': {'first_seen': 1778945808.443981, 'last_seen': 1778945808.445169, 'seen_count': 2, 'channels': [], 'avg_rssi': None}, 'ff:56:2e:9a:e6:e7': {'first_seen': 1778945808.758982, 'last_seen': 1778945808.760058, 'seen_count': 2, 'channels': [], 'avg_rssi': None}, '6f:4b:4e:7e:d4:5e': {'first_seen': 1778945809.071199, 'last_seen': 1778945809.072325, 'seen_count': 2, 'channels': [], 'avg_rssi': None}, '77:66:7c:e9:af:ef': {'first_seen': 1778945809.381665, 'last_seen': 1778945809.382592, 'seen_count': 2, 'channels': [], 'avg_rssi': None}, 'db:54:72:cb:31:5b': {'first_seen': 1778945809.685183, 'last_seen': 1778945809.687359, 'seen_count': 2, 'channels': [], 'avg_rssi': None}, '62:62:32:5e:91:e2': {'first_seen': 1778945810.000965, 'last_seen': 1778945810.002124, 'seen_count': 2, 'channels': [], 'avg_rssi': None}, '4c:ff:b7:37:98:54': {'first_seen': 1778945810.309062, 'last_seen': 1778945810.309889, 'seen_count': 2, 'channels': [], 'avg_rssi': None}, '95:c1:64:2c:91:a7': {'first_seen': 1778945810.621351, 'last_seen': 1778945810.62253, 'seen_count': 2, 'channels': [], 'avg_rssi': None}, 'c3:b2:58:07:07:9b': {'first_seen': 1778945810.929014, 'last_seen': 1778945810.932442, 'seen_count': 2, 'channels': [], 'avg_rssi': None}, 'c0:cd:12:bc:b1:ee': {'first_seen': 1778945811.235919, 'last_seen': 1778945811.241563, 'seen_count': 2, 'channels': [], 'avg_rssi': None}, '3a:88:57:ce:b1:8a': {'first_seen': 1778945811.547287, 'last_seen': 1778945811.548203, 'seen_count': 2, 'channels': [], 'avg_rssi': None}, '05:c7:13:c3:20:b2': {'first_seen': 1778945811.862816, 'last_seen': 1778945811.863719, 'seen_count': 2, 'channels': [], 'avg_rssi': None}, '2f:a0:00:23:f4:9a': {'first_seen': 1778945812.174741, 'last_seen': 1778945812.175862, 'seen_count': 2, 'channels': [], 'avg_rssi': None}, '7b:35:45:f8:05:9d': {'first_seen': 1778945812.482377, 'last_seen': 1778945812.48338, 'seen_count': 2, 'channels': [], 'avg_rssi': None}, 'c0:d5:cf:5a:95:a6': {'first_seen': 1778945812.79117, 'last_seen': 1778945812.792267, 'seen_count': 2, 'channels': [], 'avg_rssi': None}, 'a9:66:d3:dd:13:3a': {'first_seen': 1778945813.100619, 'last_seen': 1778945813.102531, 'seen_count': 2, 'channels': [], 'avg_rssi': None}, 'f3:47:58:e9:3e:4c': {'first_seen': 1778945813.41122, 'last_seen': 1778945813.412428, 'seen_count': 2, 'channels': [], 'avg_rssi': None}, '3d:0a:95:02:82:88': {'first_seen': 1778945813.722669, 'last_seen': 1778945813.72358, 'seen_count': 2, 'channels': [], 'avg_rssi': None}, 'a7:15:d8:3f:bf:76': {'first_seen': 1778945814.030692, 'last_seen': 1778945814.034706, 'seen_count': 2, 'channels': [], 'avg_rssi': None}, '47:73:f2:e0:4a:ee': {'first_seen': 1778945814.333616, 'last_seen': 1778945814.334602, 'seen_count': 2, 'channels': [], 'avg_rssi': None}, '30:62:8b:05:34:8e': {'first_seen': 1778945814.648654, 'last_seen': 1778945814.64974, 'seen_count': 2, 'channels': [], 'avg_rssi': None}, '95:7e:ed:ad:64:1e': {'first_seen': 1778945814.958334, 'last_seen': 1778945814.959384, 'seen_count': 2, 'channels': [], 'avg_rssi': None}, 'e5:d1:11:ec:f5:00': {'first_seen': 1778945815.266243, 'last_seen': 1778945815.267148, 'seen_count': 2, 'channels': [], 'avg_rssi': None}, '7a:ca:ae:74:16:9b': {'first_seen': 1778945815.577969, 'last_seen': 1778945815.579165, 'seen_count': 2, 'channels': [], 'avg_rssi': None}, '1f:c3:fe:4d:06:89': {'first_seen': 1778945815.881979, 'last_seen': 1778945815.882804, 'seen_count': 2, 'channels': [], 'avg_rssi': None}, '4a:41:a1:69:bf:62': {'first_seen': 1778945816.196832, 'last_seen': 1778945816.200192, 'seen_count': 2, 'channels': [], 'avg_rssi': None}, '11:57:cd:53:02:9d': {'first_seen': 1778945816.504363, 'last_seen': 1778945816.505585, 'seen_count': 2, 'channels': [], 'avg_rssi': None}, '69:7c:50:24:83:eb': {'first_seen': 1778945816.812969, 'last_seen': 1778945816.815984, 'seen_count': 2, 'channels': [], 'avg_rssi': None}, 'ef:f3:d9:d7:07:39': {'first_seen': 1778945817.11876, 'last_seen': 1778945817.119871, 'seen_count': 2, 'channels': [], 'avg_rssi': None}, '39:68:54:17:c0:31': {'first_seen': 1778945817.426821, 'last_seen': 1778945817.427761, 'seen_count': 2, 'channels': [], 'avg_rssi': None}, 'd7:9a:92:c4:22:30': {'first_seen': 1778945817.731114, 'last_seen': 1778945817.732024, 'seen_count': 2, 'channels': [], 'avg_rssi': None}, '49:b3:39:ba:77:93': {'first_seen': 1778945818.047311, 'last_seen': 1778945818.048167, 'seen_count': 2, 'channels': [], 'avg_rssi': None}, '91:69:ee:cf:ca:dd': {'first_seen': 1778945818.358542, 'last_seen': 1778945818.359688, 'seen_count': 2, 'channels': [], 'avg_rssi': None}, '92:ff:78:ed:ae:6a': {'first_seen': 1778945818.67187, 'last_seen': 1778945818.672832, 'seen_count': 2, 'channels': [], 'avg_rssi': None}, 'd2:b3:a0:b6:93:4c': {'first_seen': 1778945818.98169, 'last_seen': 1778945818.98259, 'seen_count': 2, 'channels': [], 'avg_rssi': None}, '70:5c:fd:f8:23:9d': {'first_seen': 1778945819.297419, 'last_seen': 1778945819.298356, 'seen_count': 2, 'channels': [], 'avg_rssi': None}, '5e:be:37:86:23:8d': {'first_seen': 1778945819.616004, 'last_seen': 1778945819.617121, 'seen_count': 2, 'channels': [], 'avg_rssi': None}, '99:f4:b0:5d:e6:1c': {'first_seen': 1778945819.93307, 'last_seen': 1778945819.934264, 'seen_count': 2, 'channels': [], 'avg_rssi': None}, '26:16:fa:9b:03:a6': {'first_seen': 1778945820.248792, 'last_seen': 1778945820.249787, 'seen_count': 2, 'channels': [], 'avg_rssi': None}, '09:60:25:72:f6:fa': {'first_seen': 1778945820.56056, 'last_seen': 1778945820.561556, 'seen_count': 2, 'channels': [], 'avg_rssi': None}, '88:76:18:f9:6f:49': {'first_seen': 1778945820.866314, 'last_seen': 1778945820.866314, 'seen_count': 1, 'channels': [], 'avg_rssi': None}}}
!!!!!!!!!!!!!!!!!!!!!!!!!!!!!!!!!!!!!!!!!!!!!!!!!!!!!!!!!!!!!!!!!!!!!!!!!!!!!!!!


!!!!!!!!!!!!!!!!!!!!!!!!!!!!!!!!!!!!!!!!!!!!!!!!!!!!!!!!!!!!!!!!!!!!!!!!!!!!!!!!
[ALERT] ALERT-000104 | POTENTIAL_EVIL_TWIN
severity: LOW
time: 2026-05-16T15:37:00.876409
message: Wykryto potencjalny Evil Twin / Rogue AP dla SSID 'TestNet_030'. Zaobserwowano 97 różnych BSSID oraz podejrzane różnice parametrów sieci.
evidence: {'ssid': 'TestNet_030', 'bssid_count': 97, 'bssids': ['b9:43:64:5f:8a:bb', '6d:8e:9a:8e:cf:2b', '52:d4:e6:8f:99:3e', '79:99:8c:30:07:04', '27:7c:66:b8:b4:e0', 'd1:00:1a:cb:d3:83', 'ae:42:c8:8b:5c:44', '37:31:4c:62:56:4e', '79:50:96:61:9e:46', '43:54:e0:8b:40:78', '51:bd:46:d4:bd:31', '86:42:54:64:7b:28', 'a3:23:d0:13:c0:73', '0d:33:41:b2:43:ca', 'c6:9a:d5:44:36:ae', '53:4b:9b:72:6a:7e', 'aa:96:1d:dd:59:51', '98:d4:d3:c2:fd:72', 'd8:23:08:99:46:0a', '66:49:93:54:a6:e7', '7d:20:10:7f:e2:d3', 'ed:76:a0:d7:a8:79', 'ee:83:cb:b7:16:74', '5d:bd:fa:cb:bc:b7', 'f3:ed:d0:4e:9a:1c', '62:2a:c3:25:34:a0', 'cc:ec:e9:a8:46:6a', '7b:3a:e5:e1:2c:50', '1b:d4:ea:ce:5b:8e', '9f:c3:86:75:9c:0e', 'ca:b7:98:57:8d:a9', 'be:7f:a2:2d:05:81', '39:0b:f3:cd:9b:a6', '7e:ac:4c:13:6e:4f', '8d:7f:3d:de:2f:e0', '27:df:c7:63:38:47', '6a:01:b5:db:61:26', 'ab:aa:2e:07:f1:3d', '2f:2d:4b:9e:4e:cc', 'f4:c8:35:b0:2f:9d', '66:05:24:ab:4e:0a', '1b:30:9e:c5:86:18', 'ea:c5:f7:ea:08:32', '32:13:97:41:6a:41', 'aa:c9:bb:c9:10:83', '17:24:c6:56:17:09', 'd4:ac:83:23:a1:5f', '0e:14:d2:9e:f1:80', '1e:d5:47:c8:6c:33', '05:91:3a:89:02:b0', 'f8:92:04:b5:ad:68', '13:96:48:01:73:b1', '71:3e:b1:30:6f:92', '35:3e:ab:06:87:92', 'bd:27:71:80:ca:d0', '69:1c:db:d2:3b:70', 'e8:5c:83:bd:d1:83', '1e:db:73:b0:6d:5f', '17:0d:04:a6:7e:86', 'a0:b5:01:a6:47:9e', 'ee:17:12:11:35:be', '9d:9e:14:b9:04:dd', 'a0:91:18:93:88:4c', '0d:3b:41:0c:0d:64', 'e3:64:20:8c:a5:1a', '2e:bb:ad:b0:f5:82', '93:f9:e6:0e:44:c6', '65:7d:b5:30:7a:f4', 'c8:a8:5b:41:47:e5', '3f:2a:25:22:2d:7a', 'f7:ca:8c:66:6f:7e', '19:c6:09:04:84:2b', 'c9:c1:99:78:a1:61', '2b:e5:40:07:32:aa', '1a:7c:dc:d9:10:7e', '79:5b:f4:60:16:14', '7f:5d:7b:4a:a9:52', 'b9:b1:29:02:97:11', 'd3:f0:b9:08:af:17', '47:f7:65:37:ad:79', '3f:d4:85:0a:fd:9d', '83:23:67:b2:ad:17', '8a:61:c4:1c:08:13', 'ce:e3:15:2c:4b:79', '8a:c3:27:68:7e:5b', 'b2:83:7a:c0:b9:d6', 'e3:3c:0b:53:fd:1c', 'be:d7:03:17:e6:b0', 'a4:96:46:3c:08:c8', 'e8:b7:2c:4e:7d:88', '9a:31:f9:21:b5:fd', '24:ab:4f:21:d9:e5', '2e:c8:26:5a:f9:69', 'da:06:4f:81:ff:ca', 'dc:85:8d:4a:f4:05', '9e:77:3f:d3:f5:15', '44:03:20:83:c0:3e'], 'triggered_reasons': ['same_ssid_multiple_bssid'], 'observations': {'b9:43:64:5f:8a:bb': {'first_seen': 1778945790.331599, 'last_seen': 1778945790.332743, 'seen_count': 2, 'channels': [], 'avg_rssi': None}, '6d:8e:9a:8e:cf:2b': {'first_seen': 1778945790.640397, 'last_seen': 1778945790.641495, 'seen_count': 2, 'channels': [], 'avg_rssi': None}, '52:d4:e6:8f:99:3e': {'first_seen': 1778945790.947258, 'last_seen': 1778945790.948146, 'seen_count': 2, 'channels': [], 'avg_rssi': None}, '79:99:8c:30:07:04': {'first_seen': 1778945791.260007, 'last_seen': 1778945791.260912, 'seen_count': 2, 'channels': [], 'avg_rssi': None}, '27:7c:66:b8:b4:e0': {'first_seen': 1778945791.564224, 'last_seen': 1778945791.565175, 'seen_count': 2, 'channels': [], 'avg_rssi': None}, 'd1:00:1a:cb:d3:83': {'first_seen': 1778945791.871595, 'last_seen': 1778945791.872436, 'seen_count': 2, 'channels': [], 'avg_rssi': None}, 'ae:42:c8:8b:5c:44': {'first_seen': 1778945792.180426, 'last_seen': 1778945792.181326, 'seen_count': 2, 'channels': [], 'avg_rssi': None}, '37:31:4c:62:56:4e': {'first_seen': 1778945792.497102, 'last_seen': 1778945792.498111, 'seen_count': 2, 'channels': [], 'avg_rssi': None}, '79:50:96:61:9e:46': {'first_seen': 1778945792.806989, 'last_seen': 1778945792.808119, 'seen_count': 2, 'channels': [], 'avg_rssi': None}, '43:54:e0:8b:40:78': {'first_seen': 1778945793.122756, 'last_seen': 1778945793.124876, 'seen_count': 2, 'channels': [], 'avg_rssi': None}, '51:bd:46:d4:bd:31': {'first_seen': 1778945793.440198, 'last_seen': 1778945793.441515, 'seen_count': 2, 'channels': [], 'avg_rssi': None}, '86:42:54:64:7b:28': {'first_seen': 1778945793.754997, 'last_seen': 1778945793.755908, 'seen_count': 2, 'channels': [], 'avg_rssi': None}, 'a3:23:d0:13:c0:73': {'first_seen': 1778945794.069315, 'last_seen': 1778945794.070424, 'seen_count': 2, 'channels': [], 'avg_rssi': None}, '0d:33:41:b2:43:ca': {'first_seen': 1778945794.381698, 'last_seen': 1778945794.38294, 'seen_count': 2, 'channels': [], 'avg_rssi': None}, 'c6:9a:d5:44:36:ae': {'first_seen': 1778945794.689754, 'last_seen': 1778945794.690581, 'seen_count': 2, 'channels': [], 'avg_rssi': None}, '53:4b:9b:72:6a:7e': {'first_seen': 1778945795.004085, 'last_seen': 1778945795.005107, 'seen_count': 2, 'channels': [], 'avg_rssi': None}, 'aa:96:1d:dd:59:51': {'first_seen': 1778945795.322869, 'last_seen': 1778945795.323989, 'seen_count': 2, 'channels': [], 'avg_rssi': None}, '98:d4:d3:c2:fd:72': {'first_seen': 1778945795.635539, 'last_seen': 1778945795.636754, 'seen_count': 2, 'channels': [], 'avg_rssi': None}, 'd8:23:08:99:46:0a': {'first_seen': 1778945795.952161, 'last_seen': 1778945795.953283, 'seen_count': 2, 'channels': [], 'avg_rssi': None}, '66:49:93:54:a6:e7': {'first_seen': 1778945796.265904, 'last_seen': 1778945796.267044, 'seen_count': 2, 'channels': [], 'avg_rssi': None}, '7d:20:10:7f:e2:d3': {'first_seen': 1778945796.576115, 'last_seen': 1778945796.577186, 'seen_count': 2, 'channels': [], 'avg_rssi': None}, 'ed:76:a0:d7:a8:79': {'first_seen': 1778945796.887445, 'last_seen': 1778945796.88857, 'seen_count': 2, 'channels': [], 'avg_rssi': None}, 'ee:83:cb:b7:16:74': {'first_seen': 1778945797.200762, 'last_seen': 1778945797.201731, 'seen_count': 2, 'channels': [], 'avg_rssi': None}, '5d:bd:fa:cb:bc:b7': {'first_seen': 1778945797.514984, 'last_seen': 1778945797.516102, 'seen_count': 2, 'channels': [], 'avg_rssi': None}, 'f3:ed:d0:4e:9a:1c': {'first_seen': 1778945797.827733, 'last_seen': 1778945797.828881, 'seen_count': 2, 'channels': [], 'avg_rssi': None}, '62:2a:c3:25:34:a0': {'first_seen': 1778945798.13701, 'last_seen': 1778945798.138016, 'seen_count': 2, 'channels': [], 'avg_rssi': None}, 'cc:ec:e9:a8:46:6a': {'first_seen': 1778945798.445364, 'last_seen': 1778945798.446525, 'seen_count': 2, 'channels': [], 'avg_rssi': None}, '7b:3a:e5:e1:2c:50': {'first_seen': 1778945798.76267, 'last_seen': 1778945798.766548, 'seen_count': 2, 'channels': [], 'avg_rssi': None}, '1b:d4:ea:ce:5b:8e': {'first_seen': 1778945799.073352, 'last_seen': 1778945799.07456, 'seen_count': 2, 'channels': [], 'avg_rssi': None}, '9f:c3:86:75:9c:0e': {'first_seen': 1778945799.383155, 'last_seen': 1778945799.384198, 'seen_count': 2, 'channels': [], 'avg_rssi': None}, 'ca:b7:98:57:8d:a9': {'first_seen': 1778945799.69, 'last_seen': 1778945799.691088, 'seen_count': 2, 'channels': [], 'avg_rssi': None}, 'be:7f:a2:2d:05:81': {'first_seen': 1778945799.998907, 'last_seen': 1778945800.000109, 'seen_count': 2, 'channels': [], 'avg_rssi': None}, '39:0b:f3:cd:9b:a6': {'first_seen': 1778945800.305193, 'last_seen': 1778945800.306121, 'seen_count': 2, 'channels': [], 'avg_rssi': None}, '7e:ac:4c:13:6e:4f': {'first_seen': 1778945800.620784, 'last_seen': 1778945800.621769, 'seen_count': 2, 'channels': [], 'avg_rssi': None}, '8d:7f:3d:de:2f:e0': {'first_seen': 1778945800.939682, 'last_seen': 1778945800.940778, 'seen_count': 2, 'channels': [], 'avg_rssi': None}, '27:df:c7:63:38:47': {'first_seen': 1778945801.250405, 'last_seen': 1778945801.251296, 'seen_count': 2, 'channels': [], 'avg_rssi': None}, '6a:01:b5:db:61:26': {'first_seen': 1778945801.556507, 'last_seen': 1778945801.55769, 'seen_count': 2, 'channels': [], 'avg_rssi': None}, 'ab:aa:2e:07:f1:3d': {'first_seen': 1778945801.86485, 'last_seen': 1778945801.865952, 'seen_count': 2, 'channels': [], 'avg_rssi': None}, '2f:2d:4b:9e:4e:cc': {'first_seen': 1778945802.171567, 'last_seen': 1778945802.172478, 'seen_count': 2, 'channels': [], 'avg_rssi': None}, 'f4:c8:35:b0:2f:9d': {'first_seen': 1778945802.482083, 'last_seen': 1778945802.482985, 'seen_count': 2, 'channels': [], 'avg_rssi': None}, '66:05:24:ab:4e:0a': {'first_seen': 1778945802.797971, 'last_seen': 1778945802.798883, 'seen_count': 2, 'channels': [], 'avg_rssi': None}, '1b:30:9e:c5:86:18': {'first_seen': 1778945803.117501, 'last_seen': 1778945803.118392, 'seen_count': 2, 'channels': [], 'avg_rssi': None}, 'ea:c5:f7:ea:08:32': {'first_seen': 1778945803.431725, 'last_seen': 1778945803.432911, 'seen_count': 2, 'channels': [], 'avg_rssi': None}, '32:13:97:41:6a:41': {'first_seen': 1778945803.743643, 'last_seen': 1778945803.744549, 'seen_count': 2, 'channels': [], 'avg_rssi': None}, 'aa:c9:bb:c9:10:83': {'first_seen': 1778945804.056794, 'last_seen': 1778945804.057945, 'seen_count': 2, 'channels': [], 'avg_rssi': None}, '17:24:c6:56:17:09': {'first_seen': 1778945804.369052, 'last_seen': 1778945804.370215, 'seen_count': 2, 'channels': [], 'avg_rssi': None}, 'd4:ac:83:23:a1:5f': {'first_seen': 1778945804.693818, 'last_seen': 1778945804.694724, 'seen_count': 2, 'channels': [], 'avg_rssi': None}, '0e:14:d2:9e:f1:80': {'first_seen': 1778945805.006671, 'last_seen': 1778945805.007869, 'seen_count': 2, 'channels': [], 'avg_rssi': None}, '1e:d5:47:c8:6c:33': {'first_seen': 1778945805.317928, 'last_seen': 1778945805.31988, 'seen_count': 2, 'channels': [], 'avg_rssi': None}, '05:91:3a:89:02:b0': {'first_seen': 1778945805.632904, 'last_seen': 1778945805.633773, 'seen_count': 2, 'channels': [], 'avg_rssi': None}, 'f8:92:04:b5:ad:68': {'first_seen': 1778945805.945952, 'last_seen': 1778945805.94704, 'seen_count': 2, 'channels': [], 'avg_rssi': None}, '13:96:48:01:73:b1': {'first_seen': 1778945806.256428, 'last_seen': 1778945806.257802, 'seen_count': 2, 'channels': [], 'avg_rssi': None}, '71:3e:b1:30:6f:92': {'first_seen': 1778945806.569634, 'last_seen': 1778945806.570822, 'seen_count': 2, 'channels': [], 'avg_rssi': None}, '35:3e:ab:06:87:92': {'first_seen': 1778945806.889388, 'last_seen': 1778945806.890463, 'seen_count': 2, 'channels': [], 'avg_rssi': None}, 'bd:27:71:80:ca:d0': {'first_seen': 1778945807.205895, 'last_seen': 1778945807.206729, 'seen_count': 2, 'channels': [], 'avg_rssi': None}, '69:1c:db:d2:3b:70': {'first_seen': 1778945807.520092, 'last_seen': 1778945807.520993, 'seen_count': 2, 'channels': [], 'avg_rssi': None}, 'e8:5c:83:bd:d1:83': {'first_seen': 1778945807.83015, 'last_seen': 1778945807.831138, 'seen_count': 2, 'channels': [], 'avg_rssi': None}, '1e:db:73:b0:6d:5f': {'first_seen': 1778945808.148228, 'last_seen': 1778945808.149153, 'seen_count': 2, 'channels': [], 'avg_rssi': None}, '17:0d:04:a6:7e:86': {'first_seen': 1778945808.455063, 'last_seen': 1778945808.456175, 'seen_count': 2, 'channels': [], 'avg_rssi': None}, 'a0:b5:01:a6:47:9e': {'first_seen': 1778945808.769078, 'last_seen': 1778945808.769933, 'seen_count': 2, 'channels': [], 'avg_rssi': None}, 'ee:17:12:11:35:be': {'first_seen': 1778945809.081291, 'last_seen': 1778945809.082452, 'seen_count': 2, 'channels': [], 'avg_rssi': None}, '9d:9e:14:b9:04:dd': {'first_seen': 1778945809.391759, 'last_seen': 1778945809.392968, 'seen_count': 2, 'channels': [], 'avg_rssi': None}, 'a0:91:18:93:88:4c': {'first_seen': 1778945809.695286, 'last_seen': 1778945809.696484, 'seen_count': 2, 'channels': [], 'avg_rssi': None}, '0d:3b:41:0c:0d:64': {'first_seen': 1778945810.319159, 'last_seen': 1778945810.320141, 'seen_count': 2, 'channels': [], 'avg_rssi': None}, 'e3:64:20:8c:a5:1a': {'first_seen': 1778945810.631448, 'last_seen': 1778945810.632657, 'seen_count': 2, 'channels': [], 'avg_rssi': None}, '2e:bb:ad:b0:f5:82': {'first_seen': 1778945810.942127, 'last_seen': 1778945810.943303, 'seen_count': 2, 'channels': [], 'avg_rssi': None}, '93:f9:e6:0e:44:c6': {'first_seen': 1778945811.246012, 'last_seen': 1778945811.259449, 'seen_count': 2, 'channels': [], 'avg_rssi': None}, '65:7d:b5:30:7a:f4': {'first_seen': 1778945811.558847, 'last_seen': 1778945811.559955, 'seen_count': 2, 'channels': [], 'avg_rssi': None}, 'c8:a8:5b:41:47:e5': {'first_seen': 1778945811.872918, 'last_seen': 1778945811.874969, 'seen_count': 2, 'channels': [], 'avg_rssi': None}, '3f:2a:25:22:2d:7a': {'first_seen': 1778945812.18484, 'last_seen': 1778945812.185988, 'seen_count': 2, 'channels': [], 'avg_rssi': None}, 'f7:ca:8c:66:6f:7e': {'first_seen': 1778945812.492486, 'last_seen': 1778945812.49338, 'seen_count': 2, 'channels': [], 'avg_rssi': None}, '19:c6:09:04:84:2b': {'first_seen': 1778945812.801275, 'last_seen': 1778945812.802145, 'seen_count': 2, 'channels': [], 'avg_rssi': None}, 'c9:c1:99:78:a1:61': {'first_seen': 1778945813.421311, 'last_seen': 1778945813.422176, 'seen_count': 2, 'channels': [], 'avg_rssi': None}, '2b:e5:40:07:32:aa': {'first_seen': 1778945813.732769, 'last_seen': 1778945813.733692, 'seen_count': 2, 'channels': [], 'avg_rssi': None}, '1a:7c:dc:d9:10:7e': {'first_seen': 1778945814.040789, 'last_seen': 1778945814.041835, 'seen_count': 2, 'channels': [], 'avg_rssi': None}, '79:5b:f4:60:16:14': {'first_seen': 1778945814.34371, 'last_seen': 1778945814.344849, 'seen_count': 2, 'channels': [], 'avg_rssi': None}, '7f:5d:7b:4a:a9:52': {'first_seen': 1778945814.658749, 'last_seen': 1778945814.659863, 'seen_count': 2, 'channels': [], 'avg_rssi': None}, 'b9:b1:29:02:97:11': {'first_seen': 1778945814.968436, 'last_seen': 1778945814.96988, 'seen_count': 2, 'channels': [], 'avg_rssi': None}, 'd3:f0:b9:08:af:17': {'first_seen': 1778945815.276344, 'last_seen': 1778945815.277272, 'seen_count': 2, 'channels': [], 'avg_rssi': None}, '47:f7:65:37:ad:79': {'first_seen': 1778945815.588074, 'last_seen': 1778945815.588913, 'seen_count': 2, 'channels': [], 'avg_rssi': None}, '3f:d4:85:0a:fd:9d': {'first_seen': 1778945815.892078, 'last_seen': 1778945815.892932, 'seen_count': 2, 'channels': [], 'avg_rssi': None}, '83:23:67:b2:ad:17': {'first_seen': 1778945816.211839, 'last_seen': 1778945816.211839, 'seen_count': 1, 'channels': [], 'avg_rssi': None}, '8a:61:c4:1c:08:13': {'first_seen': 1778945816.514456, 'last_seen': 1778945816.515585, 'seen_count': 2, 'channels': [], 'avg_rssi': None}, 'ce:e3:15:2c:4b:79': {'first_seen': 1778945816.823067, 'last_seen': 1778945816.82398, 'seen_count': 2, 'channels': [], 'avg_rssi': None}, '8a:c3:27:68:7e:5b': {'first_seen': 1778945817.128859, 'last_seen': 1778945817.129869, 'seen_count': 2, 'channels': [], 'avg_rssi': None}, 'b2:83:7a:c0:b9:d6': {'first_seen': 1778945817.436964, 'last_seen': 1778945817.438146, 'seen_count': 2, 'channels': [], 'avg_rssi': None}, 'e3:3c:0b:53:fd:1c': {'first_seen': 1778945817.74144, 'last_seen': 1778945817.742275, 'seen_count': 2, 'channels': [], 'avg_rssi': None}, 'be:d7:03:17:e6:b0': {'first_seen': 1778945818.05743, 'last_seen': 1778945818.058544, 'seen_count': 2, 'channels': [], 'avg_rssi': None}, 'a4:96:46:3c:08:c8': {'first_seen': 1778945818.368677, 'last_seen': 1778945818.369567, 'seen_count': 2, 'channels': [], 'avg_rssi': None}, 'e8:b7:2c:4e:7d:88': {'first_seen': 1778945818.681983, 'last_seen': 1778945818.683198, 'seen_count': 2, 'channels': [], 'avg_rssi': None}, '9a:31:f9:21:b5:fd': {'first_seen': 1778945818.991795, 'last_seen': 1778945818.992715, 'seen_count': 2, 'channels': [], 'avg_rssi': None}, '24:ab:4f:21:d9:e5': {'first_seen': 1778945819.307513, 'last_seen': 1778945819.308497, 'seen_count': 2, 'channels': [], 'avg_rssi': None}, '2e:c8:26:5a:f9:69': {'first_seen': 1778945819.630676, 'last_seen': 1778945819.631764, 'seen_count': 2, 'channels': [], 'avg_rssi': None}, 'da:06:4f:81:ff:ca': {'first_seen': 1778945819.943168, 'last_seen': 1778945819.944262, 'seen_count': 2, 'channels': [], 'avg_rssi': None}, 'dc:85:8d:4a:f4:05': {'first_seen': 1778945820.259641, 'last_seen': 1778945820.260531, 'seen_count': 2, 'channels': [], 'avg_rssi': None}, '9e:77:3f:d3:f5:15': {'first_seen': 1778945820.570676, 'last_seen': 1778945820.571933, 'seen_count': 2, 'channels': [], 'avg_rssi': None}, '44:03:20:83:c0:3e': {'first_seen': 1778945820.876409, 'last_seen': 1778945820.876409, 'seen_count': 1, 'channels': [], 'avg_rssi': None}}}
!!!!!!!!!!!!!!!!!!!!!!!!!!!!!!!!!!!!!!!!!!!!!!!!!!!!!!!!!!!!!!!!!!!!!!!!!!!!!!!!


================================================================================
STATISTICS after 30.0s
--------------------------------------------------------------------------------
total frames: 20005

by frame type:
  control: 11545
  management: 7634
  data: 826

by frame subtype:
  beacon: 7528
  rts: 4018
  cts: 2841
  block_ack: 2504
  ack: 2179
  null_data: 625
  data: 114
  probe_response: 55
  qos_data: 44
  probe_request: 44
  qos_null: 43
  action: 7
  block_ack_request: 3

unique SSIDs: 33
unique BSSIDs: 3146
================================================================================

!!!!!!!!!!!!!!!!!!!!!!!!!!!!!!!!!!!!!!!!!!!!!!!!!!!!!!!!!!!!!!!!!!!!!!!!!!!!!!!!
[ALERT] ALERT-000105 | BEACON_FLOOD
severity: CRITICAL
time: 2026-05-16T15:37:10.588482
message: Wykryto możliwy atak Beacon Flood: 2015 ramek beacon, 963 unikalnych BSSID, 31 unikalnych SSID w oknie 10s.
evidence: {'beacon_count': 2015, 'unique_bssid_count': 963, 'unique_ssid_count': 31, 'window_seconds': 10, 'beacon_count_threshold': 200, 'unique_bssid_threshold': 60, 'unique_ssid_threshold': 40, 'triggered_reasons': ['high_beacon_rate', 'many_unique_bssids'], 'sample_ssids': ['TestNet_018', 'TestNet_011', 'TestNet_013', 'TestNet_003', 'TestNet_012', 'TestNet_028', 'TestNet_025', 'TestNet_001', 'TestNet_002', 'TestNet_027'], 'sample_bssids': ['ff:4d:0a:98:8f:de', 'b8:f7:59:38:5b:63', 'da:ab:61:56:cd:b2', 'dc:c2:a0:5e:e4:ee', 'aa:12:3b:3b:fe:fe', 'b0:f0:d9:be:65:6d', '5f:25:9c:61:f9:fd', 'b1:82:37:d0:0e:b4', 'cb:06:ae:38:61:bf', '44:2a:9a:b9:15:d2']}
!!!!!!!!!!!!!!!!!!!!!!!!!!!!!!!!!!!!!!!!!!!!!!!!!!!!!!!!!!!!!!!!!!!!!!!!!!!!!!!!


!!!!!!!!!!!!!!!!!!!!!!!!!!!!!!!!!!!!!!!!!!!!!!!!!!!!!!!!!!!!!!!!!!!!!!!!!!!!!!!!
[ALERT] ALERT-000106 | BEACON_FLOOD
severity: CRITICAL
time: 2026-05-16T15:37:20.597210
message: Wykryto możliwy atak Beacon Flood: 2011 ramek beacon, 963 unikalnych BSSID, 31 unikalnych SSID w oknie 10s.
evidence: {'beacon_count': 2011, 'unique_bssid_count': 963, 'unique_ssid_count': 31, 'window_seconds': 10, 'beacon_count_threshold': 200, 'unique_bssid_threshold': 60, 'unique_ssid_threshold': 40, 'triggered_reasons': ['high_beacon_rate', 'many_unique_bssids'], 'sample_ssids': ['TestNet_018', 'TestNet_011', 'TestNet_013', 'TestNet_003', 'TestNet_012', 'TestNet_028', 'TestNet_025', 'TestNet_001', 'TestNet_002', 'TestNet_027'], 'sample_bssids': ['c9:5e:a6:41:9e:56', '79:5c:2b:51:51:33', 'fa:52:b4:cd:90:5d', '8f:88:2a:a8:bc:7b', 'd1:ba:18:99:2e:99', '5b:1c:d8:9f:24:da', '3f:07:8e:e2:dc:60', '0e:5d:22:68:65:55', '4f:6b:e2:94:97:fe', '06:b3:46:50:7c:db']}
!!!!!!!!!!!!!!!!!!!!!!!!!!!!!!!!!!!!!!!!!!!!!!!!!!!!!!!!!!!!!!!!!!!!!!!!!!!!!!!!


================================================================================
STATISTICS after 40.0s
--------------------------------------------------------------------------------
total frames: 24420

by frame type:
  control: 11897
  management: 11635
  data: 888

by frame subtype:
  beacon: 11529
  rts: 4110
  cts: 2910
  block_ack: 2556
  ack: 2318
  null_data: 673
  data: 125
  probe_response: 55
  qos_data: 47
  probe_request: 44
  qos_null: 43
  action: 7
  block_ack_request: 3

unique SSIDs: 33
unique BSSIDs: 5057
================================================================================

!!!!!!!!!!!!!!!!!!!!!!!!!!!!!!!!!!!!!!!!!!!!!!!!!!!!!!!!!!!!!!!!!!!!!!!!!!!!!!!!
[ALERT] ALERT-000107 | RTS_FLOOD_SOURCE
severity: MEDIUM
time: 2026-05-16T15:37:24.131952
message: Wykryto możliwy RTS Flood z pojedynczego źródła: 50 ramek RTS z adresu d8:d7:75:45:81:24 w oknie 5s.
evidence: {'source_mac': 'd8:d7:75:45:81:24', 'rts_count': 50, 'unique_destination_count': 1, 'rts_per_source_threshold': 50, 'window_seconds': 5, 'sample_destinations': ['8a:f4:af:eb:f3:fb']}
!!!!!!!!!!!!!!!!!!!!!!!!!!!!!!!!!!!!!!!!!!!!!!!!!!!!!!!!!!!!!!!!!!!!!!!!!!!!!!!!


================================================================================
STATISTICS after 50.0s
--------------------------------------------------------------------------------
total frames: 24922

by frame type:
  control: 12025
  management: 12000
  data: 897

by frame subtype:
  beacon: 11894
  rts: 4147
  cts: 2941
  block_ack: 2577
  ack: 2357
  null_data: 681
  data: 126
  probe_response: 55
  qos_data: 47
  probe_request: 44
  qos_null: 43
  action: 7
  block_ack_request: 3

unique SSIDs: 33
unique BSSIDs: 5232
================================================================================

!!!!!!!!!!!!!!!!!!!!!!!!!!!!!!!!!!!!!!!!!!!!!!!!!!!!!!!!!!!!!!!!!!!!!!!!!!!!!!!!
[ALERT] ALERT-000108 | RTS_CTS_FLOOD_GLOBAL
severity: MEDIUM
time: 2026-05-16T15:37:26.605390
message: Wykryto możliwy RTS/CTS Flood: 89 ramek RTS oraz 61 ramek CTS w oknie 5s.
evidence: {'rts_count': 89, 'cts_count': 61, 'combined_count': 150, 'window_seconds': 5, 'rts_count_threshold': 100, 'cts_count_threshold': 100, 'combined_count_threshold': 150, 'triggered_reasons': ['high_combined_rts_cts_rate'], 'unique_source_count': 1, 'unique_destination_count': 2, 'sample_sources': ['d8:d7:75:45:81:24'], 'sample_destinations': ['8a:f4:af:eb:f3:fb', 'd8:d7:75:45:81:24']}
!!!!!!!!!!!!!!!!!!!!!!!!!!!!!!!!!!!!!!!!!!!!!!!!!!!!!!!!!!!!!!!!!!!!!!!!!!!!!!!!


!!!!!!!!!!!!!!!!!!!!!!!!!!!!!!!!!!!!!!!!!!!!!!!!!!!!!!!!!!!!!!!!!!!!!!!!!!!!!!!!
[ALERT] ALERT-000109 | RTS_FLOOD_SOURCE
severity: MEDIUM
time: 2026-05-16T15:37:30.093817
message: Wykryto możliwy RTS Flood z pojedynczego źródła: 61 ramek RTS z adresu d8:d7:75:45:81:24 w oknie 5s.
evidence: {'source_mac': 'd8:d7:75:45:81:24', 'rts_count': 61, 'unique_destination_count': 1, 'rts_per_source_threshold': 50, 'window_seconds': 5, 'sample_destinations': ['8a:f4:af:eb:f3:fb']}
!!!!!!!!!!!!!!!!!!!!!!!!!!!!!!!!!!!!!!!!!!!!!!!!!!!!!!!!!!!!!!!!!!!!!!!!!!!!!!!!


!!!!!!!!!!!!!!!!!!!!!!!!!!!!!!!!!!!!!!!!!!!!!!!!!!!!!!!!!!!!!!!!!!!!!!!!!!!!!!!!
[ALERT] ALERT-000110 | BEACON_FLOOD
severity: CRITICAL
time: 2026-05-16T15:37:30.711088
message: Wykryto możliwy atak Beacon Flood: 1867 ramek beacon, 891 unikalnych BSSID, 32 unikalnych SSID w oknie 10s.
evidence: {'beacon_count': 1867, 'unique_bssid_count': 891, 'unique_ssid_count': 32, 'window_seconds': 10, 'beacon_count_threshold': 200, 'unique_bssid_threshold': 60, 'unique_ssid_threshold': 40, 'triggered_reasons': ['high_beacon_rate', 'many_unique_bssids'], 'sample_ssids': ['TestNet_018', 'TestNet_011', 'TestNet_013', 'TestNet_003', 'TestNet_028', 'TestNet_012', 'TestNet_025', 'TestNet_001', 'TestNet_002', 'TestNet_027'], 'sample_bssids': ['e3:89:8a:56:6c:11', '8f:a9:3b:35:68:27', '52:57:7d:d7:48:25', '74:07:08:1c:21:62', '34:34:fc:dd:7c:85', '0e:7f:9b:2f:04:45', '5e:4d:7e:84:0b:98', '84:85:c3:50:7e:0f', '24:20:d1:7b:7a:96', '6f:d4:27:9d:ee:3d']}
!!!!!!!!!!!!!!!!!!!!!!!!!!!!!!!!!!!!!!!!!!!!!!!!!!!!!!!!!!!!!!!!!!!!!!!!!!!!!!!!


================================================================================
STATISTICS after 60.3s
--------------------------------------------------------------------------------
total frames: 26555

by frame type:
  management: 13175
  control: 12416
  data: 964

by frame subtype:
  beacon: 13052
  rts: 4228
  cts: 3007
  block_ack: 2622
  ack: 2556
  null_data: 738
  data: 133
  probe_response: 69
  qos_data: 48
  probe_request: 47
  qos_null: 45
  action: 7
  block_ack_request: 3

unique SSIDs: 33
unique BSSIDs: 5742
================================================================================

!!!!!!!!!!!!!!!!!!!!!!!!!!!!!!!!!!!!!!!!!!!!!!!!!!!!!!!!!!!!!!!!!!!!!!!!!!!!!!!!
[ALERT] ALERT-000111 | RTS_FLOOD_SOURCE
severity: MEDIUM
time: 2026-05-16T15:37:51.441070
message: Wykryto możliwy RTS Flood z pojedynczego źródła: 50 ramek RTS z adresu ce:d0:54:70:b1:b3 w oknie 5s.
evidence: {'source_mac': 'ce:d0:54:70:b1:b3', 'rts_count': 50, 'unique_destination_count': 1, 'rts_per_source_threshold': 50, 'window_seconds': 5, 'sample_destinations': ['ac:84:c6:41:71:22']}
!!!!!!!!!!!!!!!!!!!!!!!!!!!!!!!!!!!!!!!!!!!!!!!!!!!!!!!!!!!!!!!!!!!!!!!!!!!!!!!!


!!!!!!!!!!!!!!!!!!!!!!!!!!!!!!!!!!!!!!!!!!!!!!!!!!!!!!!!!!!!!!!!!!!!!!!!!!!!!!!!
[ALERT] ALERT-000112 | RTS_CTS_FLOOD_GLOBAL
severity: MEDIUM
time: 2026-05-16T15:37:52.707334
message: Wykryto możliwy RTS/CTS Flood: 96 ramek RTS oraz 54 ramek CTS w oknie 5s.
evidence: {'rts_count': 96, 'cts_count': 54, 'combined_count': 150, 'window_seconds': 5, 'rts_count_threshold': 100, 'cts_count_threshold': 100, 'combined_count_threshold': 150, 'triggered_reasons': ['high_combined_rts_cts_rate'], 'unique_source_count': 2, 'unique_destination_count': 3, 'sample_sources': ['ce:d0:54:70:b1:b3', 'd8:d7:75:45:81:24'], 'sample_destinations': ['8a:f4:af:eb:f3:fb', 'ce:d0:54:70:b1:b3', 'ac:84:c6:41:71:22']}
!!!!!!!!!!!!!!!!!!!!!!!!!!!!!!!!!!!!!!!!!!!!!!!!!!!!!!!!!!!!!!!!!!!!!!!!!!!!!!!!


!!!!!!!!!!!!!!!!!!!!!!!!!!!!!!!!!!!!!!!!!!!!!!!!!!!!!!!!!!!!!!!!!!!!!!!!!!!!!!!!
[ALERT] ALERT-000113 | RTS_FLOOD_SOURCE
severity: MEDIUM
time: 2026-05-16T15:37:55.067265
message: Wykryto możliwy RTS Flood z pojedynczego źródła: 50 ramek RTS z adresu d8:d7:75:45:81:24 w oknie 5s.
evidence: {'source_mac': 'd8:d7:75:45:81:24', 'rts_count': 50, 'unique_destination_count': 1, 'rts_per_source_threshold': 50, 'window_seconds': 5, 'sample_destinations': ['8a:f4:af:eb:f3:fb']}
!!!!!!!!!!!!!!!!!!!!!!!!!!!!!!!!!!!!!!!!!!!!!!!!!!!!!!!!!!!!!!!!!!!!!!!!!!!!!!!!


!!!!!!!!!!!!!!!!!!!!!!!!!!!!!!!!!!!!!!!!!!!!!!!!!!!!!!!!!!!!!!!!!!!!!!!!!!!!!!!!
[ALERT] ALERT-000114 | RTS_FLOOD_SOURCE
severity: MEDIUM
time: 2026-05-16T15:38:02.922905
message: Wykryto możliwy RTS Flood z pojedynczego źródła: 50 ramek RTS z adresu d8:d7:75:45:81:24 w oknie 5s.
evidence: {'source_mac': 'd8:d7:75:45:81:24', 'rts_count': 50, 'unique_destination_count': 1, 'rts_per_source_threshold': 50, 'window_seconds': 5, 'sample_destinations': ['8a:f4:af:eb:f3:fb']}
!!!!!!!!!!!!!!!!!!!!!!!!!!!!!!!!!!!!!!!!!!!!!!!!!!!!!!!!!!!!!!!!!!!!!!!!!!!!!!!!


!!!!!!!!!!!!!!!!!!!!!!!!!!!!!!!!!!!!!!!!!!!!!!!!!!!!!!!!!!!!!!!!!!!!!!!!!!!!!!!!
[ALERT] ALERT-000115 | RTS_CTS_FLOOD_GLOBAL
severity: MEDIUM
time: 2026-05-16T15:38:03.031909
message: Wykryto możliwy RTS/CTS Flood: 88 ramek RTS oraz 62 ramek CTS w oknie 5s.
evidence: {'rts_count': 88, 'cts_count': 62, 'combined_count': 150, 'window_seconds': 5, 'rts_count_threshold': 100, 'cts_count_threshold': 100, 'combined_count_threshold': 150, 'triggered_reasons': ['high_combined_rts_cts_rate'], 'unique_source_count': 2, 'unique_destination_count': 3, 'sample_sources': ['ce:d0:54:70:b1:b3', 'd8:d7:75:45:81:24'], 'sample_destinations': ['8a:f4:af:eb:f3:fb', 'ce:d0:54:70:b1:b3', 'ac:84:c6:41:71:22']}
!!!!!!!!!!!!!!!!!!!!!!!!!!!!!!!!!!!!!!!!!!!!!!!!!!!!!!!!!!!!!!!!!!!!!!!!!!!!!!!!


!!!!!!!!!!!!!!!!!!!!!!!!!!!!!!!!!!!!!!!!!!!!!!!!!!!!!!!!!!!!!!!!!!!!!!!!!!!!!!!!
[ALERT] ALERT-000116 | RTS_FLOOD_SOURCE
severity: CRITICAL
time: 2026-05-16T15:38:07.959696
message: Wykryto możliwy RTS Flood z pojedynczego źródła: 303 ramek RTS z adresu d8:d7:75:45:81:24 w oknie 5s.
evidence: {'source_mac': 'd8:d7:75:45:81:24', 'rts_count': 303, 'unique_destination_count': 1, 'rts_per_source_threshold': 50, 'window_seconds': 5, 'sample_destinations': ['8a:f4:af:eb:f3:fb']}
!!!!!!!!!!!!!!!!!!!!!!!!!!!!!!!!!!!!!!!!!!!!!!!!!!!!!!!!!!!!!!!!!!!!!!!!!!!!!!!!


!!!!!!!!!!!!!!!!!!!!!!!!!!!!!!!!!!!!!!!!!!!!!!!!!!!!!!!!!!!!!!!!!!!!!!!!!!!!!!!!
[ALERT] ALERT-000117 | RTS_CTS_FLOOD_GLOBAL
severity: CRITICAL
time: 2026-05-16T15:38:08.166396
message: Wykryto możliwy RTS/CTS Flood: 260 ramek RTS oraz 191 ramek CTS w oknie 5s.
evidence: {'rts_count': 260, 'cts_count': 191, 'combined_count': 451, 'window_seconds': 5, 'rts_count_threshold': 100, 'cts_count_threshold': 100, 'combined_count_threshold': 150, 'triggered_reasons': ['high_rts_rate', 'high_cts_rate', 'high_combined_rts_cts_rate'], 'unique_source_count': 2, 'unique_destination_count': 3, 'sample_sources': ['ce:d0:54:70:b1:b3', 'd8:d7:75:45:81:24'], 'sample_destinations': ['8a:f4:af:eb:f3:fb', 'ac:84:c6:41:71:22', 'ce:d0:54:70:b1:b3']}
!!!!!!!!!!!!!!!!!!!!!!!!!!!!!!!!!!!!!!!!!!!!!!!!!!!!!!!!!!!!!!!!!!!!!!!!!!!!!!!!


!!!!!!!!!!!!!!!!!!!!!!!!!!!!!!!!!!!!!!!!!!!!!!!!!!!!!!!!!!!!!!!!!!!!!!!!!!!!!!!!
[ALERT] ALERT-000118 | RTS_FLOOD_SOURCE
severity: MEDIUM
time: 2026-05-16T15:38:22.803560
message: Wykryto możliwy RTS Flood z pojedynczego źródła: 50 ramek RTS z adresu d8:d7:75:45:81:24 w oknie 5s.
evidence: {'source_mac': 'd8:d7:75:45:81:24', 'rts_count': 50, 'unique_destination_count': 1, 'rts_per_source_threshold': 50, 'window_seconds': 5, 'sample_destinations': ['8a:f4:af:eb:f3:fb']}
!!!!!!!!!!!!!!!!!!!!!!!!!!!!!!!!!!!!!!!!!!!!!!!!!!!!!!!!!!!!!!!!!!!!!!!!!!!!!!!!


!!!!!!!!!!!!!!!!!!!!!!!!!!!!!!!!!!!!!!!!!!!!!!!!!!!!!!!!!!!!!!!!!!!!!!!!!!!!!!!!
[ALERT] ALERT-000119 | RTS_FLOOD_SOURCE
severity: MEDIUM
time: 2026-05-16T15:38:29.000036
message: Wykryto możliwy RTS Flood z pojedynczego źródła: 64 ramek RTS z adresu d8:d7:75:45:81:24 w oknie 5s.
evidence: {'source_mac': 'd8:d7:75:45:81:24', 'rts_count': 64, 'unique_destination_count': 1, 'rts_per_source_threshold': 50, 'window_seconds': 5, 'sample_destinations': ['8a:f4:af:eb:f3:fb']}
!!!!!!!!!!!!!!!!!!!!!!!!!!!!!!!!!!!!!!!!!!!!!!!!!!!!!!!!!!!!!!!!!!!!!!!!!!!!!!!!


!!!!!!!!!!!!!!!!!!!!!!!!!!!!!!!!!!!!!!!!!!!!!!!!!!!!!!!!!!!!!!!!!!!!!!!!!!!!!!!!
[ALERT] ALERT-000120 | RTS_CTS_FLOOD_GLOBAL
severity: MEDIUM
time: 2026-05-16T15:38:29.898696
message: Wykryto możliwy RTS/CTS Flood: 92 ramek RTS oraz 58 ramek CTS w oknie 5s.
evidence: {'rts_count': 92, 'cts_count': 58, 'combined_count': 150, 'window_seconds': 5, 'rts_count_threshold': 100, 'cts_count_threshold': 100, 'combined_count_threshold': 150, 'triggered_reasons': ['high_combined_rts_cts_rate'], 'unique_source_count': 3, 'unique_destination_count': 5, 'sample_sources': ['8a:f4:af:eb:f3:fb', 'ce:d0:54:70:b1:b3', 'd8:d7:75:45:81:24'], 'sample_destinations': ['ce:d0:54:70:b1:b3', '54:35:30:cf:ee:1e', '8a:f4:af:eb:f3:fb', 'ac:84:c6:41:71:22', 'd8:d7:75:45:81:24']}
!!!!!!!!!!!!!!!!!!!!!!!!!!!!!!!!!!!!!!!!!!!!!!!!!!!!!!!!!!!!!!!!!!!!!!!!!!!!!!!!


!!!!!!!!!!!!!!!!!!!!!!!!!!!!!!!!!!!!!!!!!!!!!!!!!!!!!!!!!!!!!!!!!!!!!!!!!!!!!!!!
[ALERT] ALERT-000121 | RTS_FLOOD_SOURCE
severity: MEDIUM
time: 2026-05-16T15:38:30.558089
message: Wykryto możliwy RTS Flood z pojedynczego źródła: 50 ramek RTS z adresu ce:d0:54:70:b1:b3 w oknie 5s.
evidence: {'source_mac': 'ce:d0:54:70:b1:b3', 'rts_count': 50, 'unique_destination_count': 1, 'rts_per_source_threshold': 50, 'window_seconds': 5, 'sample_destinations': ['ac:84:c6:41:71:22']}
!!!!!!!!!!!!!!!!!!!!!!!!!!!!!!!!!!!!!!!!!!!!!!!!!!!!!!!!!!!!!!!!!!!!!!!!!!!!!!!!


!!!!!!!!!!!!!!!!!!!!!!!!!!!!!!!!!!!!!!!!!!!!!!!!!!!!!!!!!!!!!!!!!!!!!!!!!!!!!!!!
[ALERT] ALERT-000122 | RTS_FLOOD_SOURCE
severity: MEDIUM
time: 2026-05-16T15:38:40.687352
message: Wykryto możliwy RTS Flood z pojedynczego źródła: 50 ramek RTS z adresu d8:d7:75:45:81:24 w oknie 5s.
evidence: {'source_mac': 'd8:d7:75:45:81:24', 'rts_count': 50, 'unique_destination_count': 1, 'rts_per_source_threshold': 50, 'window_seconds': 5, 'sample_destinations': ['8a:f4:af:eb:f3:fb']}
!!!!!!!!!!!!!!!!!!!!!!!!!!!!!!!!!!!!!!!!!!!!!!!!!!!!!!!!!!!!!!!!!!!!!!!!!!!!!!!!


!!!!!!!!!!!!!!!!!!!!!!!!!!!!!!!!!!!!!!!!!!!!!!!!!!!!!!!!!!!!!!!!!!!!!!!!!!!!!!!!
[ALERT] ALERT-000123 | RTS_CTS_FLOOD_GLOBAL
severity: MEDIUM
time: 2026-05-16T15:38:41.352774
message: Wykryto możliwy RTS/CTS Flood: 77 ramek RTS oraz 73 ramek CTS w oknie 5s.
evidence: {'rts_count': 77, 'cts_count': 73, 'combined_count': 150, 'window_seconds': 5, 'rts_count_threshold': 100, 'cts_count_threshold': 100, 'combined_count_threshold': 150, 'triggered_reasons': ['high_combined_rts_cts_rate'], 'unique_source_count': 2, 'unique_destination_count': 3, 'sample_sources': ['ce:d0:54:70:b1:b3', 'd8:d7:75:45:81:24'], 'sample_destinations': ['8a:f4:af:eb:f3:fb', 'ce:d0:54:70:b1:b3', 'ac:84:c6:41:71:22']}
!!!!!!!!!!!!!!!!!!!!!!!!!!!!!!!!!!!!!!!!!!!!!!!!!!!!!!!!!!!!!!!!!!!!!!!!!!!!!!!!


!!!!!!!!!!!!!!!!!!!!!!!!!!!!!!!!!!!!!!!!!!!!!!!!!!!!!!!!!!!!!!!!!!!!!!!!!!!!!!!!
[ALERT] ALERT-000124 | RTS_FLOOD_SOURCE
severity: MEDIUM
time: 2026-05-16T15:38:51.555876
message: Wykryto możliwy RTS Flood z pojedynczego źródła: 50 ramek RTS z adresu d8:d7:75:45:81:24 w oknie 5s.
evidence: {'source_mac': 'd8:d7:75:45:81:24', 'rts_count': 50, 'unique_destination_count': 1, 'rts_per_source_threshold': 50, 'window_seconds': 5, 'sample_destinations': ['8a:f4:af:eb:f3:fb']}
!!!!!!!!!!!!!!!!!!!!!!!!!!!!!!!!!!!!!!!!!!!!!!!!!!!!!!!!!!!!!!!!!!!!!!!!!!!!!!!!


!!!!!!!!!!!!!!!!!!!!!!!!!!!!!!!!!!!!!!!!!!!!!!!!!!!!!!!!!!!!!!!!!!!!!!!!!!!!!!!!
[ALERT] ALERT-000125 | RTS_CTS_FLOOD_GLOBAL
severity: MEDIUM
time: 2026-05-16T15:38:51.849794
message: Wykryto możliwy RTS/CTS Flood: 89 ramek RTS oraz 61 ramek CTS w oknie 5s.
evidence: {'rts_count': 89, 'cts_count': 61, 'combined_count': 150, 'window_seconds': 5, 'rts_count_threshold': 100, 'cts_count_threshold': 100, 'combined_count_threshold': 150, 'triggered_reasons': ['high_combined_rts_cts_rate'], 'unique_source_count': 2, 'unique_destination_count': 3, 'sample_sources': ['ce:d0:54:70:b1:b3', 'd8:d7:75:45:81:24'], 'sample_destinations': ['8a:f4:af:eb:f3:fb', 'ac:84:c6:41:71:22', 'ce:d0:54:70:b1:b3']}
!!!!!!!!!!!!!!!!!!!!!!!!!!!!!!!!!!!!!!!!!!!!!!!!!!!!!!!!!!!!!!!!!!!!!!!!!!!!!!!!


!!!!!!!!!!!!!!!!!!!!!!!!!!!!!!!!!!!!!!!!!!!!!!!!!!!!!!!!!!!!!!!!!!!!!!!!!!!!!!!!
[ALERT] ALERT-000126 | RTS_CTS_FLOOD_GLOBAL
severity: CRITICAL
time: 2026-05-16T15:38:57.097399
message: Wykryto możliwy RTS/CTS Flood: 294 ramek RTS oraz 176 ramek CTS w oknie 5s.
evidence: {'rts_count': 294, 'cts_count': 176, 'combined_count': 470, 'window_seconds': 5, 'rts_count_threshold': 100, 'cts_count_threshold': 100, 'combined_count_threshold': 150, 'triggered_reasons': ['high_rts_rate', 'high_cts_rate', 'high_combined_rts_cts_rate'], 'unique_source_count': 2, 'unique_destination_count': 3, 'sample_sources': ['ce:d0:54:70:b1:b3', 'd8:d7:75:45:81:24'], 'sample_destinations': ['8a:f4:af:eb:f3:fb', 'ce:d0:54:70:b1:b3', 'ac:84:c6:41:71:22']}
!!!!!!!!!!!!!!!!!!!!!!!!!!!!!!!!!!!!!!!!!!!!!!!!!!!!!!!!!!!!!!!!!!!!!!!!!!!!!!!!


!!!!!!!!!!!!!!!!!!!!!!!!!!!!!!!!!!!!!!!!!!!!!!!!!!!!!!!!!!!!!!!!!!!!!!!!!!!!!!!!
[ALERT] ALERT-000127 | RTS_FLOOD_SOURCE
severity: CRITICAL
time: 2026-05-16T15:38:57.180469
message: Wykryto możliwy RTS Flood z pojedynczego źródła: 261 ramek RTS z adresu d8:d7:75:45:81:24 w oknie 5s.
evidence: {'source_mac': 'd8:d7:75:45:81:24', 'rts_count': 261, 'unique_destination_count': 1, 'rts_per_source_threshold': 50, 'window_seconds': 5, 'sample_destinations': ['8a:f4:af:eb:f3:fb']}
!!!!!!!!!!!!!!!!!!!!!!!!!!!!!!!!!!!!!!!!!!!!!!!!!!!!!!!!!!!!!!!!!!!!!!!!!!!!!!!!


!!!!!!!!!!!!!!!!!!!!!!!!!!!!!!!!!!!!!!!!!!!!!!!!!!!!!!!!!!!!!!!!!!!!!!!!!!!!!!!!
[ALERT] ALERT-000128 | RTS_CTS_FLOOD_GLOBAL
severity: CRITICAL
time: 2026-05-16T15:39:02.131947
message: Wykryto możliwy RTS/CTS Flood: 352 ramek RTS oraz 81 ramek CTS w oknie 5s.
evidence: {'rts_count': 352, 'cts_count': 81, 'combined_count': 433, 'window_seconds': 5, 'rts_count_threshold': 100, 'cts_count_threshold': 100, 'combined_count_threshold': 150, 'triggered_reasons': ['high_rts_rate', 'high_combined_rts_cts_rate'], 'unique_source_count': 4, 'unique_destination_count': 5, 'sample_sources': ['8a:f4:af:eb:f3:fb', 'ce:d0:54:70:b1:b3', '54:35:30:cf:ee:1e', 'd8:d7:75:45:81:24'], 'sample_destinations': ['ce:d0:54:70:b1:b3', '54:35:30:cf:ee:1e', '8a:f4:af:eb:f3:fb', 'ac:84:c6:41:71:22', 'd8:d7:75:45:81:24']}
!!!!!!!!!!!!!!!!!!!!!!!!!!!!!!!!!!!!!!!!!!!!!!!!!!!!!!!!!!!!!!!!!!!!!!!!!!!!!!!!


!!!!!!!!!!!!!!!!!!!!!!!!!!!!!!!!!!!!!!!!!!!!!!!!!!!!!!!!!!!!!!!!!!!!!!!!!!!!!!!!
[ALERT] ALERT-000129 | RTS_FLOOD_SOURCE
severity: CRITICAL
time: 2026-05-16T15:39:03.769815
message: Wykryto możliwy RTS Flood z pojedynczego źródła: 225 ramek RTS z adresu d8:d7:75:45:81:24 w oknie 5s.
evidence: {'source_mac': 'd8:d7:75:45:81:24', 'rts_count': 225, 'unique_destination_count': 1, 'rts_per_source_threshold': 50, 'window_seconds': 5, 'sample_destinations': ['8a:f4:af:eb:f3:fb']}
!!!!!!!!!!!!!!!!!!!!!!!!!!!!!!!!!!!!!!!!!!!!!!!!!!!!!!!!!!!!!!!!!!!!!!!!!!!!!!!!


!!!!!!!!!!!!!!!!!!!!!!!!!!!!!!!!!!!!!!!!!!!!!!!!!!!!!!!!!!!!!!!!!!!!!!!!!!!!!!!!
[ALERT] ALERT-000130 | RTS_FLOOD_SOURCE
severity: MEDIUM
time: 2026-05-16T15:39:04.166333
message: Wykryto możliwy RTS Flood z pojedynczego źródła: 50 ramek RTS z adresu ce:d0:54:70:b1:b3 w oknie 5s.
evidence: {'source_mac': 'ce:d0:54:70:b1:b3', 'rts_count': 50, 'unique_destination_count': 1, 'rts_per_source_threshold': 50, 'window_seconds': 5, 'sample_destinations': ['ac:84:c6:41:71:22']}
!!!!!!!!!!!!!!!!!!!!!!!!!!!!!!!!!!!!!!!!!!!!!!!!!!!!!!!!!!!!!!!!!!!!!!!!!!!!!!!!


!!!!!!!!!!!!!!!!!!!!!!!!!!!!!!!!!!!!!!!!!!!!!!!!!!!!!!!!!!!!!!!!!!!!!!!!!!!!!!!!
[ALERT] ALERT-000131 | RTS_CTS_FLOOD_GLOBAL
severity: MEDIUM
time: 2026-05-16T15:39:08.066573
message: Wykryto możliwy RTS/CTS Flood: 100 ramek RTS oraz 33 ramek CTS w oknie 5s.
evidence: {'rts_count': 100, 'cts_count': 33, 'combined_count': 133, 'window_seconds': 5, 'rts_count_threshold': 100, 'cts_count_threshold': 100, 'combined_count_threshold': 150, 'triggered_reasons': ['high_rts_rate'], 'unique_source_count': 2, 'unique_destination_count': 3, 'sample_sources': ['ce:d0:54:70:b1:b3', 'd8:d7:75:45:81:24'], 'sample_destinations': ['ce:d0:54:70:b1:b3', 'ac:84:c6:41:71:22', '8a:f4:af:eb:f3:fb']}
!!!!!!!!!!!!!!!!!!!!!!!!!!!!!!!!!!!!!!!!!!!!!!!!!!!!!!!!!!!!!!!!!!!!!!!!!!!!!!!!


!!!!!!!!!!!!!!!!!!!!!!!!!!!!!!!!!!!!!!!!!!!!!!!!!!!!!!!!!!!!!!!!!!!!!!!!!!!!!!!!
[ALERT] ALERT-000132 | RTS_FLOOD_SOURCE
severity: MEDIUM
time: 2026-05-16T15:39:08.787031
message: Wykryto możliwy RTS Flood z pojedynczego źródła: 92 ramek RTS z adresu d8:d7:75:45:81:24 w oknie 5s.
evidence: {'source_mac': 'd8:d7:75:45:81:24', 'rts_count': 92, 'unique_destination_count': 1, 'rts_per_source_threshold': 50, 'window_seconds': 5, 'sample_destinations': ['8a:f4:af:eb:f3:fb']}
!!!!!!!!!!!!!!!!!!!!!!!!!!!!!!!!!!!!!!!!!!!!!!!!!!!!!!!!!!!!!!!!!!!!!!!!!!!!!!!!


!!!!!!!!!!!!!!!!!!!!!!!!!!!!!!!!!!!!!!!!!!!!!!!!!!!!!!!!!!!!!!!!!!!!!!!!!!!!!!!!
[ALERT] ALERT-000133 | RTS_FLOOD_SOURCE
severity: MEDIUM
time: 2026-05-16T15:39:09.623023
message: Wykryto możliwy RTS Flood z pojedynczego źródła: 50 ramek RTS z adresu ce:d0:54:70:b1:b3 w oknie 5s.
evidence: {'source_mac': 'ce:d0:54:70:b1:b3', 'rts_count': 50, 'unique_destination_count': 1, 'rts_per_source_threshold': 50, 'window_seconds': 5, 'sample_destinations': ['ac:84:c6:41:71:22']}
!!!!!!!!!!!!!!!!!!!!!!!!!!!!!!!!!!!!!!!!!!!!!!!!!!!!!!!!!!!!!!!!!!!!!!!!!!!!!!!!


!!!!!!!!!!!!!!!!!!!!!!!!!!!!!!!!!!!!!!!!!!!!!!!!!!!!!!!!!!!!!!!!!!!!!!!!!!!!!!!!
[ALERT] ALERT-000134 | RTS_CTS_FLOOD_GLOBAL
severity: CRITICAL
time: 2026-05-16T15:39:13.204554
message: Wykryto możliwy RTS/CTS Flood: 207 ramek RTS oraz 162 ramek CTS w oknie 5s.
evidence: {'rts_count': 207, 'cts_count': 162, 'combined_count': 369, 'window_seconds': 5, 'rts_count_threshold': 100, 'cts_count_threshold': 100, 'combined_count_threshold': 150, 'triggered_reasons': ['high_rts_rate', 'high_cts_rate', 'high_combined_rts_cts_rate'], 'unique_source_count': 4, 'unique_destination_count': 5, 'sample_sources': ['8a:f4:af:eb:f3:fb', 'ce:d0:54:70:b1:b3', '54:35:30:cf:ee:1e', 'd8:d7:75:45:81:24'], 'sample_destinations': ['ce:d0:54:70:b1:b3', '54:35:30:cf:ee:1e', '8a:f4:af:eb:f3:fb', 'ac:84:c6:41:71:22', 'd8:d7:75:45:81:24']}
!!!!!!!!!!!!!!!!!!!!!!!!!!!!!!!!!!!!!!!!!!!!!!!!!!!!!!!!!!!!!!!!!!!!!!!!!!!!!!!!


!!!!!!!!!!!!!!!!!!!!!!!!!!!!!!!!!!!!!!!!!!!!!!!!!!!!!!!!!!!!!!!!!!!!!!!!!!!!!!!!
[ALERT] ALERT-000135 | RTS_FLOOD_SOURCE
severity: HIGH
time: 2026-05-16T15:39:13.791511
message: Wykryto możliwy RTS Flood z pojedynczego źródła: 141 ramek RTS z adresu d8:d7:75:45:81:24 w oknie 5s.
evidence: {'source_mac': 'd8:d7:75:45:81:24', 'rts_count': 141, 'unique_destination_count': 2, 'rts_per_source_threshold': 50, 'window_seconds': 5, 'sample_destinations': ['8a:f4:af:eb:f3:fb', '54:35:30:cf:ee:1e']}
!!!!!!!!!!!!!!!!!!!!!!!!!!!!!!!!!!!!!!!!!!!!!!!!!!!!!!!!!!!!!!!!!!!!!!!!!!!!!!!!


!!!!!!!!!!!!!!!!!!!!!!!!!!!!!!!!!!!!!!!!!!!!!!!!!!!!!!!!!!!!!!!!!!!!!!!!!!!!!!!!
[ALERT] ALERT-000136 | RTS_FLOOD_SOURCE
severity: MEDIUM
time: 2026-05-16T15:39:14.777874
message: Wykryto możliwy RTS Flood z pojedynczego źródła: 50 ramek RTS z adresu ce:d0:54:70:b1:b3 w oknie 5s.
evidence: {'source_mac': 'ce:d0:54:70:b1:b3', 'rts_count': 50, 'unique_destination_count': 1, 'rts_per_source_threshold': 50, 'window_seconds': 5, 'sample_destinations': ['ac:84:c6:41:71:22']}
!!!!!!!!!!!!!!!!!!!!!!!!!!!!!!!!!!!!!!!!!!!!!!!!!!!!!!!!!!!!!!!!!!!!!!!!!!!!!!!!


!!!!!!!!!!!!!!!!!!!!!!!!!!!!!!!!!!!!!!!!!!!!!!!!!!!!!!!!!!!!!!!!!!!!!!!!!!!!!!!!
[ALERT] ALERT-000137 | RTS_CTS_FLOOD_GLOBAL
severity: CRITICAL
time: 2026-05-16T15:39:18.461725
message: Wykryto możliwy RTS/CTS Flood: 218 ramek RTS oraz 187 ramek CTS w oknie 5s.
evidence: {'rts_count': 218, 'cts_count': 187, 'combined_count': 405, 'window_seconds': 5, 'rts_count_threshold': 100, 'cts_count_threshold': 100, 'combined_count_threshold': 150, 'triggered_reasons': ['high_rts_rate', 'high_cts_rate', 'high_combined_rts_cts_rate'], 'unique_source_count': 2, 'unique_destination_count': 4, 'sample_sources': ['ce:d0:54:70:b1:b3', 'd8:d7:75:45:81:24'], 'sample_destinations': ['8a:f4:af:eb:f3:fb', 'ac:84:c6:41:71:22', 'ce:d0:54:70:b1:b3', 'd8:d7:75:45:81:24']}
!!!!!!!!!!!!!!!!!!!!!!!!!!!!!!!!!!!!!!!!!!!!!!!!!!!!!!!!!!!!!!!!!!!!!!!!!!!!!!!!


================================================================================
STATISTICS after 70.3s
--------------------------------------------------------------------------------
total frames: 34456

by frame type:
  control: 18850
  management: 14234
  data: 1372

by frame subtype:
  beacon: 14000
  rts: 6538
  cts: 4455
  ack: 3949
  block_ack: 3869
  null_data: 999
  data: 180
  probe_response: 138
  qos_null: 120
  probe_request: 83
  qos_data: 73
  cf_end: 35
  action: 13
  block_ack_request: 4

unique SSIDs: 38
unique BSSIDs: 5742
================================================================================

================================================================================
STATISTICS after 70.4s
--------------------------------------------------------------------------------
total frames: 34557

by frame type:
  control: 18873
  management: 14280
  data: 1404

by frame subtype:
  beacon: 14046
  rts: 6543
  cts: 4460
  ack: 3960
  block_ack: 3869
  null_data: 1016
  data: 181
  probe_response: 138
  qos_null: 134
  probe_request: 83
  qos_data: 73
  cf_end: 37
  action: 13
  block_ack_request: 4

unique SSIDs: 38
unique BSSIDs: 5742
================================================================================

================================================================================
DETECTION SUMMARY
--------------------------------------------------------------------------------
total alerts: 137

by attack type:
  POTENTIAL_EVIL_TWIN: 60
  RTS_FLOOD_SOURCE: 40
  RTS_CTS_FLOOD_GLOBAL: 30
  BEACON_FLOOD: 7

by severity:
  LOW: 60
  MEDIUM: 47
  CRITICAL: 25
  HIGH: 5
================================================================================
